"bcr_patient_uuid","sample_id","form_completion_date","histologic_diagnosis","prospective_collection","retrospective_collection","gender","birth_days_to","race","ethnicity","history_other_malignancy","history_neoadjuvant_treatment","initial_pathologic_dx_year","ajcc_tumor_pathologic_pt","ajcc_nodes_pathologic_pn","ajcc_metastasis_pathologic_pm","ajcc_pathologic_tumor_stage","residual_tumor","lymph_nodes_examined","lymph_nodes_examined_count","lymph_nodes_examined_he_count","lymph_nodes_examined_ihc_count","last_contact_days_to","tumor_status","cea_g","cea_level_pretreatment","specimen_non_node_tumor_deposits","vascular_invasion_indicator","lymphovascular_invasion_indicator","kras_gene_analysis_indicator","braf_gene_analysis_indicator","history_other_malignancy_1","history_colon_polyps","colon_polyps_at_procurement_indicator","weight_kg_at_diagnosis","height_cm_at_diagnosis","family_history_colorectal_cancer","age_at_initial_pathologic_diagnosis","anatomic_neoplasm_subdivision","days_to_initial_pathologic_diagnosis","informed_consent_verified","tissue_source_site","age_g","pathologic_t","pathologic_n","pathologic_m","pathologic_stage_12_34","pathologic_stage","apc_expression","apc_group","braf_expression","braf_group","brca1_expression","brca1_group","kras_expression","kras_group","pik3ca_expression","pik3ca_group","timp1_expression","timp1_group","tp53_expression","tp53_group","days","status","rock2_expression","rock2_group","ms4a1_expression","ms4a1_group","os_months","age","stage","neoadjuvant_flag","apc_expression_log2","braf_expression_log2","brca1_expression_log2","kras_expression_log2","pik3ca_expression_log2","timp1_expression_log2","tp53_expression_log2","rock2_expression_log2","ms4a1_expression_log2"
"A94E1279-A975-480A-93E9-7B1FF05CBCBF","TCGA-3L-AA1B","2014-4-22","Colon Adenocarcinoma","Yes","No","Female",-22379,"BLACK OR AFRICAN AMERICAN","NOT HISPANIC OR LATINO","No","No",2013,"T2","N0","M0","Stage I","R0","Yes",28,0,0,154,"Tumor free",,,"No","No","No","No","No","No","Yes","Yes",63.3,173,0,61,"Cecum",0,"Yes","3L","≤65","T2","N0","M0","I–II","I",698.74,"High",150.39,"High",566.25,"High",1386.36,"High",274.18,"High",6759.19,"High",2932.3,"High",475,0,1657.16,"High",168.76,"High",15.6044678055191,61,"I",FALSE,9.45067515413312,7.24212610165794,9.14784089367234,10.438126479551,8.10423180898138,12.7228480797207,11.5183089133359,10.6953675074604,7.40735275114004
"92554413-9EBC-4354-8E1B-9682F3A031D9","TCGA-4N-A93T","2014-10-1","Colon Adenocarcinoma","Yes","No","Male",-24523,"BLACK OR AFRICAN AMERICAN","NOT HISPANIC OR LATINO","No","No",2013,"T4a","N1b","M0","Stage IIIB","R0","Yes",25,,2,8,"With tumor","≤5 ng/mL",2,"Yes","No","No","No","No","Yes","No","Yes",134,167.64,0,67,"Ascending Colon",0,"Yes","4N","≥66","T4","N1","M0","III–IV","III",583.94,"High",40.64,"Low",328.01,"Low",1250.12,"High",206.1,"Low",4101.11,"Low",1828.74,"Low",146,0,772.62,"Low",72.09,"High",4.79632063074901,67,"III",FALSE,9.19214483815997,5.37989816352469,8.36198762398192,10.2890044555424,7.69418374333315,12.0021504635415,10.8374229455432,9.59548128232454,6.19160212846187
"A5E14ADD-1552-4606-9FFE-3A03BCF76640","TCGA-4T-AA8H","2014-6-5","Colon Mucinous Adenocarcinoma","No","Yes","Female",-15494,"BLACK OR AFRICAN AMERICAN","NOT HISPANIC OR LATINO","No","No",2013,"T3","N0","MX","Stage IIA","R0","Yes",24,0,,160,"Tumor free",,,"No","No","No","No","No","No","No","No",107.956,167.6,0,42,"Descending Colon",0,"Yes","4T","≤65","T3","N0",,"I–II","II",701.15,"High",95.05,"Low",641.2,"High",1689.64,"High",299.03,"High",3575.21,"Low",3122.65,"High",385,0,1843.9,"High",8.04,"Low",12.6478318002628,42,"II",FALSE,9.45563545554575,6.58571370877816,9.32687885483841,10.7233537737965,8.22896295278698,11.80421574072,11.6090170955196,10.8493269039754,3.17632277264046
"1136DD50-242A-4659-AAD4-C53F9E759BB3","TCGA-5M-AAT4","2015-1-27","Colon Adenocarcinoma","No","Yes","Male",-27095,"BLACK OR AFRICAN AMERICAN","HISPANIC OR LATINO","No","No",2009,"T3","N0","M1b","Stage IV","R0","Yes",3,0,0,,"With tumor",">5 ng/mL",550,"No","Yes",,"No","No","No","No","Yes",,,0,74,"Ascending Colon",0,"Yes","5M","≥66","T3","N0","M1","III–IV","IV",666.09,"High",132.96,"High",1094.23,"High",885.54,"Low",369.19,"High",5343.37,"Low",3036.57,"High",49,1,2258.18,"High",0.43,"Low",1.60972404730618,74,"IV",FALSE,9.38173760454962,7.06565847093199,10.0970181545028,9.79204191565306,8.53212211376423,12.3838041762104,11.5687019402905,11.1415835065936,0.516015147003665
"CE00896A-F7D2-4123-BB95-24CB6E53FC32","TCGA-5M-AAT6","2015-1-27","Colon Adenocarcinoma","No","Yes","Female",-14852,"BLACK OR AFRICAN AMERICAN","HISPANIC OR LATINO","No","No",2009,"T4a","N2b","M1a","Stage IV","R2","Yes",11,10,0,,"With tumor","≤5 ng/mL",2.61,"No","Yes","Yes","No",,"No","No","Yes",99.1,162,,40,"Transverse Colon",0,"Yes","5M","≤65","T4","N2","M1","III–IV","IV",669.36,"High",136.5,"High",857.7,"High",1797.43,"High",292.02,"High",20097.88,"High",3317.27,"High",290,1,547.3,"Low",103.03,"High",9.526938239159,40,"IV",FALSE,9.3887922565875,7.10328780841202,9.7460103815487,10.8125222914425,8.19485532853859,14.2948274897365,11.6962155645102,9.09882166340944,6.70085582016029
"A54B322B-80D3-435C-8D14-25841B741F6C","TCGA-5M-AATE","2015-1-27","Colon Adenocarcinoma","No","Yes","Male",-27870,"BLACK OR AFRICAN AMERICAN","HISPANIC OR LATINO","No","No",2011,"T3","N0","M0","Stage IIA","R0","Yes",15,0,0,1200,"With tumor","≤5 ng/mL",2.91,"No","No","No","Yes","No","No","No","No",75.4,177,0,76,"Ascending Colon",0,"Yes","5M","≥66","T3","N0","M0","I–II","II",437.97,"High",129.06,"High",801.12,"High",739.34,"Low",241.64,"Low",3392.59,"Low",1939.31,"Low",1200,0,1891.25,"High",13.04,"Low",39.4218134034166,76,"II",FALSE,8.77797853652821,7.02303351866553,9.64767427490171,9.53204416816797,7.92267359284945,11.7285965594139,10.9220714524012,10.8858869916975,3.81147103052984
"65bb7520-f055-43a8-b735-1152fa2c9e04","TCGA-A6-2670","2010-10-14","Colon Adenocarcinoma","Yes","No","Male",-16512,"WHITE","NOT HISPANIC OR LATINO","No","No",2009,"T3","N0","M0","Stage IIA","R0","Yes",22,,,424,,,,"No","No","No","No","No","No","Yes","No",90.9,175.3,0,45,"Sigmoid Colon",0,"Yes","A6","≤65","T3","N0","M0","I–II","II",310.41,"Low",97,"Low",533.6,"Low",1268.08,"High",261.02,"High",6031.75,"High",2753.09,"High",775,0,1550.26,"High",3.53,"Low",25.4599211563732,45,"II",FALSE,8.28267146276832,6.61470984411521,9.06231602735572,10.3095673010164,8.03353312672669,12.5586000823036,11.4273599902614,10.5992247951975,2.17951105027151
,"TCGA-A6-2671",,,,,,,,,,,,,,,,,,,,,,,,,,,,,,,,,,,,,,,,,,,,,,,,,,,,,,,,,,,,,,,,,0,"Low",,,,FALSE,,,,,,,,,0
"b612d491-7442-4119-a53c-5ebcc35c31f4","TCGA-A6-2672","2010-10-4","Colon Adenocarcinoma","Yes","No","Female",-30237,"WHITE","NOT HISPANIC OR LATINO","No","No",2009,"T3","N1","M0","Stage IIIB","R0","Yes",29,1,,503,"Tumor free","≤5 ng/mL",3.4,"No","Yes","Yes","No","No","No","Yes","No",51.5,157,0,82,,0,"Yes","A6","≥66","T3","N1","M0","III–IV","III",498.09,"High",84.08,"Low",505.73,"Low",993.63,"Low",192.36,"Low",8219.11,"High",3593.63,"High",1419,0,1036.94,"Low",19.11,"High",46.6162943495401,82,"III",FALSE,8.96315618739305,6.41074812818595,8.98507343321979,9.95801613609588,7.59514556799086,13.0049419845779,11.8116275644681,10.0195073331707,4.32984117653063
"57cdaa1c-4e94-4a28-ab3b-300c0457555f","TCGA-A6-2674","2010-10-15","Colon Mucinous Adenocarcinoma","Yes","No","Male",-26292,"WHITE","NOT HISPANIC OR LATINO","No","No",2009,"T3","N2","M1","Stage IV","R0","Yes",20,7,0,523,"Tumor free",">5 ng/mL",32.8,"Yes","Yes","No","No","No","No","No","No",85.6,175.2,0,71,"Sigmoid Colon",0,"Yes","A6","≥66","T3","N2","M1","III–IV","IV",292.84,"Low",106.14,"High",196.93,"Low",1566.5,"High",291.56,"High",22838.87,"High",673.91,"Low",1331,0,1098.47,"Low",173.91,"High",43.7253613666229,71,"IV",FALSE,8.19888699095693,6.74335339094491,7.62884648619779,10.6142497276894,8.19258872156664,14.4792668187402,9.39855131977431,10.1025925241968,7.45046896352823
"07dc5a1d-64b7-42ba-928e-9753bd533c1e","TCGA-A6-2675","2011-6-30","Colon Adenocarcinoma","Yes","No","Male",-28813,"WHITE","NOT HISPANIC OR LATINO","No","No",2009,"T3","N0","MX","Stage IIA","R0","Yes",11,0,,515,"Tumor free",,,"No","No","No","No","No","No","No","No",71.3,160,2,78,"Sigmoid Colon",0,"Yes","A6","≥66","T3","N0",,"I–II","II",444.5,"High",100.34,"Low",281.59,"Low",1193.8,"High",347.4,"High",3882.4,"Low",668.91,"Low",1321,0,1820.63,"High",42.08,"High",43.3968462549277,78,"II",FALSE,8.79928162152192,6.66305992374782,8.14256660376339,10.2225534274234,8.4446008137115,11.9231046007921,9.38782347747166,10.8310142408534,5.42894634476948
"89a6384e-1cea-440b-9f17-d57cb0805174","TCGA-A6-2676","2010-10-25","Colon Adenocarcinoma","Yes","No","Female",-27403,"WHITE","NOT HISPANIC OR LATINO","No","No",2009,"T4","N0","M0","Stage IIB","R0","Yes",15,0,,447,"Tumor free",">5 ng/mL",6.3,"No","No","No","No","No","No","No","No",45.9,154.9,0,75,"Cecum",0,"Yes","A6","≥66","T4","N0","M0","I–II","II",454.55,"High",123.97,"High",887.84,"High",970.48,"Low",233.77,"Low",12608.03,"High",3486.42,"High",1305,1,428.57,"Low",2.36,"Low",42.8712220762155,75,"II",FALSE,8.83146559900125,6.96543799629601,9.79577993281037,9.92404048491851,7.87510425573367,13.6221696744054,11.7679444071445,8.74674943271979,1.74846123300404
"d976782c-90c1-421d-b83c-7fc2617e2709","TCGA-A6-2677","2010-10-21","Colon Adenocarcinoma","Yes","No","Female",-25143,"WHITE","NOT HISPANIC OR LATINO","Yes","No",2009,"T3","N2","M0","Stage IIIC","R0","Yes",30,5,,541,"Tumor free",">5 ng/mL",27.4,"No","No","Yes","No","No","No","No","No",55.2,160,2,68,"Cecum",0,"Yes","A6","≥66","T3","N2","M0","III–IV","III",422.32,"Low",168.65,"High",1273.35,"High",1408.69,"High",410.28,"High",2319.95,"Low",255.09,"Low",740,1,3078.14,"High",13.46,"Low",24.3101182654402,68,"III",FALSE,8.72560484100889,7.40641761982361,10.3155458526148,10.4611622241414,8.6839771069756,11.1804997278404,8.0005071083404,11.588311748899,3.85399564717639
"3a785e32-7960-4c72-84c4-fb42c4dd86f1","TCGA-A6-2678","2010-10-25","Colon Adenocarcinoma","Yes","No","Female",-16030,"WHITE","NOT HISPANIC OR LATINO","No","No",2009,"T3","N1","M0","Stage IIIB","R0","Yes",26,2,,437,"Tumor free",">5 ng/mL",13.5,"No","No","Yes","No","No","No","No","No",96.1,171,1,43,"Transverse Colon",0,"Yes","A6","≤65","T3","N1","M0","III–IV","III",863.49,"High",146.57,"High",741.98,"High",1916.09,"High",440.48,"High",4539.23,"Low",401.64,"Low",1286,0,2113.55,"High",9.11,"Low",42.2470433639947,43,"III",FALSE,9.75570546534402,7.20525565066976,9.53717956569449,10.9047023522398,8.78620427191941,12.1485496684017,8.65334669272218,11.0461349589561,3.33771109212829
"0f74d992-00da-4728-9564-086ca1b95921","TCGA-A6-2679","2011-1-14","Colon Adenocarcinoma","Yes","No","Female",-26820,"WHITE","NOT HISPANIC OR LATINO","No","No",2009,"T3","N0",,"Stage IIB","R0","Yes",16,0,0,595,"Tumor free",">5 ng/mL",15.7,"No","No","No","No","No","No","Yes","No",65.9,165.1,0,73,"Ascending Colon",0,"Yes","A6","≥66","T3","N0",,"I–II","II",0,"Low",0,"Low",44.03,"Low",278.85,"Low",0,"Low",8702.99,"High",2362.87,"Low",1366,0,88.06,"Low",0,"Low",44.8751642575558,73,"II",FALSE,0,0,5.49281457256712,8.12850993750829,0,13.0874611837413,11.2069349819743,6.47670570666818,0
"ff1407c6-9174-4bae-a19b-d34ca71b898c","TCGA-A6-2680","2011-1-19","Colon Adenocarcinoma","Yes","No","Female",-26533,"BLACK OR AFRICAN AMERICAN","NOT HISPANIC OR LATINO","No","No",2009,"T3","N0","M0","Stage II","R0","Yes",34,0,,522,"Tumor free","≤5 ng/mL",3.2,"No","No","No","No","No","No",,"No",52.6,151,0,72,"Hepatic Flexure",0,"Yes","A6","≥66","T3","N0","M0","I–II","II",298.21,"Low",133.41,"High",502.24,"Low",912.56,"Low",181.61,"Low",4498.88,"Low",474.22,"Low",1068,0,1230.94,"Low",7.85,"Low",35.0854139290407,72,"II",FALSE,8.22501458261165,7.07049666727919,8.97510278907484,9.83535567381066,7.51262196142425,12.1356708137237,8.89245174412392,10.2667162778618,3.14567745519564
"7d8eab0a-e6c8-4449-9ebf-50c41db94a06","TCGA-A6-2681","2011-1-14","Colon Adenocarcinoma","Yes","No","Female",-26929,"WHITE","NOT HISPANIC OR LATINO","Yes","No",2009,"T3","N0","M0","Stage IIA","R0","Yes",23,0,0,552,"Tumor free","≤5 ng/mL",2.4,"No","No","No","No","No","No","No","No",79.6,170.1,0,73,"Cecum",0,"Yes","A6","≥66","T3","N0","M0","I–II","II",264.22,"Low",99.08,"Low",311.93,"Low",430.28,"Low",147.71,"Low",11522.02,"High",6971.56,"High",1387,0,533.03,"Low",13.76,"Low",45.5650459921156,73,"II",FALSE,8.05104576165384,6.6450098843911,8.28969616339521,8.75248100445637,7.21635785441676,13.4922312532768,12.7674727285919,9.06077697969414,3.88362081628567
"77a44132-af22-4115-9fa2-78f2f74bf687","TCGA-A6-2682","2011-1-28","Colon Adenocarcinoma","Yes","No","Male",-25683,"WHITE","NOT HISPANIC OR LATINO","Yes","No",2009,"T4b","N1","M1","Stage IV","R0","Yes",13,2,,,"With tumor","≤5 ng/mL",2.8,"Yes","Yes","Yes","Yes","No","No","Yes","No",96.5,180,0,70,,0,"Yes","A6","≥66","T4","N1","M1","III–IV","IV",283.4,"Low",108.87,"High",294.8,"Low",1196.36,"High",191.66,"Low",18806.91,"High",3601.37,"High",424,1,1137.39,"Low",1.29,"Low",13.9290407358738,70,"IV",FALSE,8.15177765473205,6.77965370199812,8.20847824221171,10.2256412649549,7.5899132606722,14.1990519200554,11.8147306529554,10.1527791785771,1.19534759832222
"fafd4576-0709-49e1-926f-ad1ee09907ec","TCGA-A6-2683","2010-10-18","Colon Adenocarcinoma","Yes","No","Female",-20871,"WHITE","NOT HISPANIC OR LATINO","No","No",2009,"T4","N0","M1","Stage IV","R0","Yes",25,0,0,472,"With tumor",">5 ng/mL",2614,"No","No","No","Yes","No","No","Yes","No",57.5,166.3,0,57,"Ascending Colon",0,"Yes","A6","≤65","T4","N0","M1","III–IV","IV",63.11,"Low",51.78,"Low",208.74,"Low",228.16,"Low",80.91,"Low",6682.85,"High",3500,"High",504,1,318.77,"Low",3.24,"Low",16.557161629435,57,"IV",FALSE,6.00247750360624,5.72191944555154,7.7124582171534,7.84021143265747,6.355967689241,12.7064636412383,11.7735513464285,8.32089078499881,2.08406426478847
"49929108-023e-4d35-b26d-50ab4d3ae581","TCGA-A6-2684","2011-1-24","Colon Adenocarcinoma","Yes","No","Female",-27708,"WHITE","NOT HISPANIC OR LATINO","No","No",2009,"T2","N0","M0","Stage I","R0","Yes",33,0,,387,"Tumor free",,,"No","No","No","No","No","No","Yes","No",70.1,163,0,75,"Cecum",0,"Yes","A6","≥66","T2","N0","M0","I–II","I",203.3,"Low",78.61,"Low",233.17,"Low",808.98,"Low",247.71,"High",9031.51,"High",2540.17,"High",1127,0,1046.81,"Low",37.88,"High",37.023653088042,75,"I",FALSE,7.67454539384587,6.31487775736821,7.87141245082518,9.66174247523243,7.9583207056141,13.1409112315456,11.3112771771541,10.0331614205177,5.28095631383106
"e5921d6b-51cf-44be-b295-610cf7c3a69a","TCGA-A6-2685","2011-2-2","Colon Adenocarcinoma","Yes","No","Female",-17757,"BLACK OR AFRICAN AMERICAN","NOT HISPANIC OR LATINO","No","No",2009,"T3","N0","M0","Stage IIA","R0","Yes",29,0,,464,"Tumor free",">5 ng/mL",29.5,"No","No","No","No","No","No",,"No",77.3,171,0,48,"Sigmoid Colon",0,"Yes","A6","≤65","T3","N0","M0","I–II","II",526.33,"High",86.49,"Low",315.05,"Low",1295.42,"High",259.46,"High",8549.44,"High",637.16,"Low",1133,0,1020.41,"Low",94.54,"High",37.2207621550591,48,"II",FALSE,9.04256226428513,6.45104622297668,8.3040090046511,10.3403174672017,8.02491801819931,13.0617829467056,9.3177743728041,9.99634637343812,6.57803297169654
"19d1a5fc-3ce9-4e43-a364-a4150bcf911b","TCGA-A6-2686","2011-1-19","Colon Adenocarcinoma","Yes","No","Female",-29623,"WHITE","NOT HISPANIC OR LATINO","No","No",2009,"T3","N0","M0","Stage IIA","R0","Yes",33,0,,488,"Tumor free","≤5 ng/mL",2.2,"No","No","No","No","No","No","No","No",61.4,155,0,81,"Cecum",0,"Yes","A6","≥66","T3","N0","M0","I–II","II",214.04,"Low",230.13,"High",323.74,"Low",974.16,"Low",371.53,"High",10976.6,"High",644.56,"Low",1126,1,1159.92,"Low",117.5,"High",36.9908015768725,81,"II",FALSE,7.74846123300404,7.85256071934332,8.34314128997432,9.92949513916889,8.54121280087561,13.4222750562455,9.33440737931137,10.1810528429294,6.88874324889826
"5116e3b4-2bac-40f5-8046-b9c1783faaa5","TCGA-A6-3807","2010-10-26","Colon Adenocarcinoma","Yes","No","Female",-19624,"WHITE","NOT HISPANIC OR LATINO","No","No",2009,"T3","N2","M0","Stage IIIC","R0","Yes",24,5,,333,"Tumor free",">5 ng/mL",45,"No","Yes","Yes","No","No","No","No","Yes",109.5,163,0,53,"Sigmoid Colon",0,"Yes","A6","≤65","T3","N2","M0","III–IV","III",204.44,"Low",131.54,"High",426.31,"Low",922.35,"Low",370.84,"High",3429.48,"Low",261.49,"Low",1054,0,1443.74,"High",30.11,"High",34.6254927726675,53,"III",FALSE,7.68257329734758,7.05028401430171,8.73913926944668,9.8507338014071,8.5385381636298,11.7441947401184,8.03611865169552,10.4965941687647,4.95930648975966
"4f9775f2-b663-4daf-aa9e-50915cae9407","TCGA-A6-3808","2010-10-11","Colon Adenocarcinoma","Yes","No","Male",-26666,"WHITE","NOT HISPANIC OR LATINO","No","No",2009,"T3","N0","M0","Stage IIA","R0","Yes",24,0,,279,"Tumor free",,,"No","No","No","No","No","No","Yes","No",84.5,180.3,0,73,"Cecum",0,"Yes","A6","≥66","T3","N0","M0","I–II","II",434.21,"High",84.93,"Low",332.66,"Low",1636.36,"High",230.86,"Low",11868.42,"High",3120.81,"High",1014,0,1046.65,"Low",43.06,"High",33.311432325887,73,"II",FALSE,8.76556789614391,6.42508998987406,8.38223493275113,10.6771558411196,7.85711014050826,13.5349618188622,11.6081670191595,10.0329411049717,5.46139758992616
"8632579e-d318-4dab-9994-d3945afc42ab","TCGA-A6-3809","2010-10-29","Colon Mucinous Adenocarcinoma","Yes","No","Female",-26274,"WHITE","NOT HISPANIC OR LATINO","No","No",2009,"T4","N0","M0","Stage IIB","R0","Yes",24,0,,314,"Tumor free",,,"No","No","No","No","No","No","No","Yes",102.1,160,1,71,"Transverse Colon",0,"Yes","A6","≥66","T4","N0","M0","I–II","II",415.97,"Low",109.65,"High",424.31,"Low",2144.22,"High",272.94,"High",5126.34,"Low",2846.25,"High",996,0,1048.87,"Low",59.59,"High",32.7201051248357,71,"II",FALSE,8.70379977870086,6.78985964091365,8.73237096616046,11.0669098935214,8.09771612974375,12.3239948523895,11.4753534577301,10.0359949821092,5.92100780045222
"b728e6e8-a0e4-496b-904c-6f07c12e901f","TCGA-A6-3810","2010-10-19","Colon Adenocarcinoma","Yes","No","Male",-22999,"WHITE","NOT HISPANIC OR LATINO","No","No",2009,"T3","N0","M0","Stage IIA","R0","Yes",30,0,0,247,"Tumor free","≤5 ng/mL",1.7,"No","No","No","No","No","No","Yes","No",122.7,175,0,62,"Sigmoid Colon",0,"Yes","A6","≤65","T3","N0","M0","I–II","II",264.39,"Low",65.32,"Low",332.81,"Low",1326.59,"High",304.82,"High",12869.36,"High",4027.99,"High",1111,0,1153.97,"Low",15.55,"High",36.4980289093298,62,"II",FALSE,8.05197020018814,6.05137210172103,8.3828833641706,10.3745939522094,8.25653894885181,13.6517647876497,11.9762025093672,10.1736396632183,4.04875931191986
"95d4f0c4-5997-4ffb-b876-0ddfeee972bb","TCGA-A6-4105","2011-6-24","Colon Adenocarcinoma","Yes","No","Male",-29097,"WHITE","NOT HISPANIC OR LATINO","Yes","No",2010,"T3","N0","M0","Stage IIA",,"Yes",19,0,,,"Tumor free",,,"No","No","No","No","No","No","No","Yes",83.3,180.3,0,79,"Ascending Colon",0,"Yes","A6","≥66","T3","N0","M0","I–II","II",416.76,"Low",75.36,"Low",765.35,"High",1441.5,"High",169.68,"Low",7915.93,"High",2769.7,"High",442,1,1536.33,"High",9.74,"Low",14.5203679369251,79,"II",FALSE,8.70653055253812,6.25474519762921,9.58185962623349,10.4943556035328,7.41515020542639,12.9507253800667,11.4360347948525,10.586211168794,3.42492208821069
"b079a153-62f9-4026-a2f8-a1390168bbb9","TCGA-A6-4107","2011-2-4","Colon Adenocarcinoma","Yes","No","Female",-21064,"WHITE","NOT HISPANIC OR LATINO","No","No",2010,"T3","N1b","M0","Stage IIIB","R0","Yes",28,2,,231,"Tumor free","≤5 ng/mL",1.6,"No","No","Yes","No","No","No","No","No",91.8,154,0,57,"Ascending Colon",0,"Yes","A6","≤65","T3","N1","M0","III–IV","III",400.45,"Low",99.55,"Low",287.33,"Low",988.69,"Low",144.8,"Low",9899.32,"High",2804.3,"High",987,0,829.19,"Low",59.95,"High",32.4244415243101,57,"III",FALSE,8.64907650318607,6.65176927141799,8.17157714315114,9.9508328912306,7.18784690943957,13.2732594416677,11.4539393461803,9.69729774393102,5.92955431573285
"eb4e4e09-98b3-4e85-8dd2-75676ff2af14","TCGA-A6-5656","2011-8-15","Colon Adenocarcinoma","Yes","No","Male",-27184,"WHITE","NOT HISPANIC OR LATINO","No","No",2010,"T2","N0","M0","Stage I",,"Yes",16,0,,462,"Tumor free",">5 ng/mL",5.1,"No","No","No","No","No","No","Yes","No",76.6,179,0,74,"Sigmoid Colon",0,"Yes","A6","≥66","T2","N0","M0","I–II","I",402.65,"Low",64.16,"Low",565.82,"High",935.84,"Low",138.27,"Low",6182.52,"High",1998.34,"Low",1001,0,1152.1,"Low",0.55,"Low",32.8843626806833,74,"I",FALSE,8.65696108147421,6.02591469875079,9.146746853803,9.87165886528257,7.12174071180267,12.5942126180748,10.9653081167266,10.1713019175548,0.632268215499513
"dbbee8f5-d83d-4195-85cf-f89d327da0a9","TCGA-A6-5657","2011-5-31","Colon Adenocarcinoma","Yes","No","Male",-23920,"BLACK OR AFRICAN AMERICAN","NOT HISPANIC OR LATINO","No","No",2010,"T3","N1","M0","Stage IIIB","R0","Yes",42,1,,367,"Tumor free","≤5 ng/mL",1.5,"No","No","Yes","No","No","No","No","No",99.6,172,0,65,,0,"Yes","A6","≤65","T3","N1","M0","III–IV","III",625.06,"High",118.49,"High",682.33,"High",926.62,"Low",271.41,"High",5643.2,"High",440.16,"Low",962,0,1513.91,"High",740.2,"High",31.6031537450723,65,"III",FALSE,9.29015711778628,6.90074607531062,9.4164386561177,9.85739011539659,8.0896358545256,12.4625533948326,8.78515817739998,10.5650163711586,9.5337190711399
"98d45099-feae-4dad-aa38-ec03fed6d999","TCGA-A6-5659","2011-5-26","Colon Adenocarcinoma","Yes","No","Male",-30028,"WHITE","NOT HISPANIC OR LATINO","No","No",2010,"T2","N0","M0","Stage I","R0","Yes",26,0,,286,"Tumor free","≤5 ng/mL",2.9,"No","No","No","No","No","No","No","Yes",117.1,180,0,82,"Cecum",0,"Yes","A6","≥66","T2","N0","M0","I–II","I",565.64,"High",118.83,"High",527.3,"Low",1092.09,"Low",318.17,"High",7042.79,"High",2477.65,"Low",926,0,1817.88,"High",22.57,"High",30.4204993429698,82,"I",FALSE,9.14628863717507,6.9048453285608,9.045213599665,10.0941964754324,8.31818124332361,12.7821361826906,11.2753388534191,10.8288346494681,4.55887985347544
"0dc41cd5-0672-407c-9b4a-0f5f3970aa54","TCGA-A6-5660","2011-5-31","Colon Adenocarcinoma","Yes","No","Male",-26803,"BLACK OR AFRICAN AMERICAN","NOT HISPANIC OR LATINO","No","No",2010,"T3","N2b","M0","Stage IIIC",,"Yes",23,11,,342,"Tumor free","≤5 ng/mL",0.8,"Yes","Yes","Yes","No","No","No","No","Yes",94.4,170,0,73,"Cecum",0,"Yes","A6","≥66","T3","N2","M0","III–IV","III",133.16,"Low",90.21,"Low",577.75,"High",1069.59,"Low",254.73,"High",4503.87,"Low",4408.51,"High",888,0,1512.46,"High",3.01,"Low",29.1721419185283,73,"III",FALSE,7.06781078378962,6.51112010085101,9.1767964781476,10.0641903667899,7.99847760460717,12.1372697585008,12.1064026320897,10.5636348306143,2.0036022366802
"4beee9d4-ee52-4fed-bcc4-d300f5ddd4d0","TCGA-A6-5661","2011-5-27","Colon Adenocarcinoma","Yes","No","Female",-29446,"BLACK OR AFRICAN AMERICAN","NOT HISPANIC OR LATINO","No","No",2010,"T3","N0","M0","Stage IIA","R0","Yes",21,0,,306,"Tumor free","≤5 ng/mL",4.1,"No","No","No","No","No","No","Yes","Yes",69.1,170,2,80,"Ascending Colon",0,"Yes","A6","≥66","T3","N0","M0","I–II","II",783.78,"High",151.52,"High",1048.32,"High",1769.04,"High",225.23,"Low",4916.46,"Low",1728.91,"Low",1020,0,1539.72,"High",40.13,"High",33.5085413929041,80,"II",FALSE,9.61614446493473,7.25285462595139,10.0352389930937,10.7895662478797,7.82164644528017,12.2636976019272,10.7564812670725,10.5893889847268,5.36211916672566
"960d278c-c87d-42dc-ad28-42e010d8f0f1","TCGA-A6-5662","2011-6-2","Colon Adenocarcinoma","Yes","No","Male",-16873,"WHITE","NOT HISPANIC OR LATINO","No","No",2010,"T3","N2","M1","Stage IVA",,"Yes",13,7,,297,"With tumor",,,"Yes","Yes","Yes","Yes","No","No","No","No",84.4,180,0,46,"Splenic Flexure",0,"Yes","A6","≤65","T3","N2","M1","III–IV","IV",538.1,"High",118.18,"High",309.52,"Low",1450.65,"High",349.35,"High",4941.56,"Low",4865.37,"High",718,0,3305.63,"High",1.73,"Low",23.5873850197109,46,"IV",FALSE,9.07440909934374,6.89699834233891,8.27854238244459,10.5034779390071,8.45265308600623,12.2710427642589,12.2486303001443,11.6911459068379,1.44890095114513
"f88c0259-58ff-4bcc-a777-7705cdbd8213","TCGA-A6-5664","2011-8-31","Colon Adenocarcinoma","Yes","No","Male",-29426,"BLACK OR AFRICAN AMERICAN","NOT HISPANIC OR LATINO","No","No",2010,"T4a","N2a","MX","Stage IIIC",,"Yes",18,5,,362,"With tumor",">5 ng/mL",17.4,"Yes","Yes","Yes","No","No","No","Yes","Yes",70.3,180.3,0,80,"Cecum",0,"Yes","A6","≥66","T4","N2",,"III–IV","III",525.86,"High",148.04,"High",626.74,"High",1624.75,"High",310.57,"High",6806.77,"High",2612.49,"High",672,0,1982.95,"High",92,"High",22.0762155059133,80,"III",FALSE,9.04127584207634,7.21955576916691,9.29402333108859,10.6668897084403,8.28341251773515,12.7329665811653,11.3517619237846,10.9541599516868,6.53915881110803
"4c6c8d3d-e4a3-490a-9211-cfbe7e6ee25b","TCGA-A6-5665","2011-5-20","Colon Adenocarcinoma","Yes","No","Female",-30915,"WHITE","NOT HISPANIC OR LATINO","No","No",2010,"T3","N0","M0","Stage IIA","R0","Yes",25,0,,286,"Tumor free",">5 ng/mL",19,"No","No","Yes","No","Yes","No","No","Yes",90.8,157,0,84,"Ascending Colon",0,"Yes","A6","≥66","T3","N0","M0","I–II","II",540.87,"High",72.71,"Low",731.32,"High",1233.25,"High",227.04,"Low",3711.94,"Low",3443.62,"High",671,0,988.38,"Low",87.25,"High",22.0433639947438,84,"II",FALSE,9.08180296598281,6.2037884533086,9.51633038682594,10.2694189297411,7.83314309635834,11.8583462865227,11.7501291226414,9.95038092594758,6.46352437327118
"25c3201a-3dd5-4edf-ad09-104e5c10663e","TCGA-A6-5666","2011-5-26","Colon Adenocarcinoma","Yes","No","Male",-28514,"WHITE","NOT HISPANIC OR LATINO","No","No",2010,"T4b","N0","M0","Stage IIC",,"Yes",30,0,,244,"Tumor free","≤5 ng/mL",3.5,"Yes","No","No","No","No","No","No","No",95.4,193,0,78,"Sigmoid Colon",0,"Yes","A6","≥66","T4","N0","M0","I–II","II",144.17,"Low",168.11,"High",827.81,"High",1600.61,"High",278.66,"High",6138.56,"High",1640.86,"Low",995,0,2139.07,"High",1.02,"Low",32.6872536136662,78,"II",FALSE,7.18159953482323,7.40181816308764,9.69489759972894,10.6453071717567,8.12753010848538,12.5839195512406,10.6811153996483,11.063442271476,1.01435529297707
"28d03569-8717-40da-8989-70baf2b18f9f","TCGA-A6-5667","2011-6-27","Colon Adenocarcinoma","Yes","No","Female",-14756,"WHITE","NOT HISPANIC OR LATINO","No","No",2010,"T3","N1a","MX","Stage IIIB","R0","Yes",48,1,,320,"Tumor free",">5 ng/mL",36.3,"No","No","Yes","No","No","No",,"No",76,175,0,40,"Sigmoid Colon",0,"Yes","A6","≤65","T3","N1",,"III–IV","III",624.06,"High",136.51,"High",833.07,"High",1011.13,"Low",377.32,"High",6358.03,"High",3047.8,"High",887,0,2311.82,"High",4.24,"Low",29.1392904073587,40,"III",FALSE,9.28785087162586,7.10339272787252,9.70402465787508,9.98317888923001,8.56346323668308,12.6345909997131,11.5740257979248,11.1754372742798,2.38956681176273
"326c1637-ea91-4006-b440-d38420af1ae5","TCGA-A6-6137","2011-6-14","Colon Adenocarcinoma","Yes","No","Male",-20095,"WHITE","NOT HISPANIC OR LATINO","No","No",2010,"T3","N1c","M0","Stage IIIB",,"Yes",21,0,,195,"Tumor free","≤5 ng/mL",2.2,"Yes","No","No","No","No","No","Yes","No",93,180.3,0,55,"Hepatic Flexure",0,"Yes","A6","≤65","T3","N1","M0","III–IV","III",423.21,"Low",152.76,"High",540.44,"High",1344.41,"High",383.52,"High",3316.95,"Low",2467.29,"Low",824,0,2066.69,"High",49.38,"High",27.0696452036794,55,"III",FALSE,8.72863482002641,7.26453643099903,9.08065766334522,10.3938301710723,8.58691482866512,11.6960764303605,11.2692961917033,11.0138041893734,5.65477921695952
"4ad9784e-1edc-4186-9b45-4dfe0003f74b","TCGA-A6-6138","2011-6-2","Colon Adenocarcinoma","Yes","No","Male",-22523,"WHITE","NOT HISPANIC OR LATINO","No","No",2010,"T2","N0","M0","Stage I",,"Yes",24,0,,182,"Tumor free","≤5 ng/mL",2.8,"No","No","No","No","No","No","No","Yes",90.7,185.4,0,61,"Cecum",0,"Yes","A6","≤65","T2","N0","M0","I–II","I",634.96,"High",125.45,"High",557.07,"High",1165.76,"High",432.52,"High",5055.25,"Low",2099.18,"Low",685,0,1709.69,"High",33.06,"High",22.503285151117,61,"I",FALSE,9.31279221689375,6.98242322677588,9.124302283727,10.1882921169854,8.7599547420113,12.3038520822047,11.036297266829,10.7403626324597,5.09000652990382
"21ddbfaa-1b21-4a2b-be2c-237dd69b20ff","TCGA-A6-6140","2011-6-14","Colon Adenocarcinoma","Yes","No","Male",-22835,"WHITE","NOT HISPANIC OR LATINO","No","No",2011,"T3","N0","M0","Stage IIA",,"Yes",46,0,,125,"Tumor free","≤5 ng/mL",1.3,"No","No","No","No","No","No","No","No",78.9,177.8,0,62,"Descending Colon",0,"Yes","A6","≤65","T3","N0","M0","I–II","II",162.82,"Low",116.24,"High",740.53,"High",1043.54,"Low",244.67,"High",2552.02,"Low",288.64,"Low",734,0,1929.04,"High",9.14,"Low",24.1130091984231,62,"II",FALSE,7.355967689241,6.87332106291482,9.5343612505945,10.0286520252209,7.94057788347911,11.3179891243217,8.1781170457064,10.914415032261,3.34198574722862
"58facedb-fcb8-4ecf-8338-2bfa4947acef","TCGA-A6-6141","2011-6-17","Colon Adenocarcinoma","Yes","No","Male",-11391,"BLACK OR AFRICAN AMERICAN","NOT HISPANIC OR LATINO","No","No",2011,"T3","N0","M0","Stage IIA",,"Yes",19,0,,130,"Tumor free","≤5 ng/mL",5,"No","No","No","No","No","No","Yes",,96.8,177.8,0,31,"Cecum",0,"Yes","A6","≤65","T3","N0","M0","I–II","II",531.45,"High",76.27,"Low",363.52,"Low",1419.65,"High",237.43,"Low",2942.64,"Low",4284.79,"High",255,0,1617.1,"High",114.41,"High",8.37713534822602,31,"II",FALSE,9.05650224442989,6.27183649284068,8.50985416237699,10.4723354518679,7.89742196134765,11.5233855287566,12.0653454456003,10.6600850550048,6.85062442524305
"c7c5348f-5708-45bf-b40e-1bf7c9348f60","TCGA-A6-6142","2011-6-21","Colon Adenocarcinoma","Yes","No","Female",-20485,"WHITE","NOT HISPANIC OR LATINO","No","No",2011,"T3","N1a","M1a","Stage IVA",,"Yes",37,1,,134,"Tumor free",">5 ng/mL",5.4,"No","Yes","Yes","Yes","No","No",,"No",88,162.5,1,56,"Sigmoid Colon",0,"Yes","A6","≤65","T3","N1","M1","III–IV","IV",426.46,"Low",72.44,"Low",397.25,"Low",1014.75,"Low",262.3,"High",11926.98,"High",2798.89,"High",763,0,1116.4,"Low",1.17,"Low",25.065703022339,56,"IV",FALSE,8.73964561444792,6.19849415363908,8.63753055152531,9.98832964923109,8.0405637111587,13.5420621232756,11.4511544334138,10.1259300100667,1.11769504266975
"65056295-8fcd-4f82-a3c9-a5acd79521fe","TCGA-A6-6648","2011-6-16","Colon Adenocarcinoma","Yes","No","Male",-20641,"WHITE","NOT HISPANIC OR LATINO","No","No",2010,"T3","N0","M1a","Stage IVA",,"Yes",21,0,,253,"Tumor free","≤5 ng/mL",2.5,"No","No","No","Yes","No","No",,"No",87,182.8,1,56,,0,"Yes","A6","≤65","T3","N0","M1","III–IV","IV",741.55,"High",166.2,"High",1773.06,"High",1723,"High",439.39,"High",1134.43,"Low",281.83,"Low",766,0,3693.27,"High",4.07,"Low",25.1642575558476,56,"IV",FALSE,9.5363443635984,7.38543103719352,10.7928390881222,10.7515440590891,8.7826378995621,10.1490230503583,8.14379134583338,11.8510735958731,2.34198574722862
"39b6ae01-c97b-4234-8a28-208fdf170432","TCGA-A6-6649","2011-6-9","Colon Adenocarcinoma","Yes","No","Male",-24237,"WHITE","NOT HISPANIC OR LATINO","Yes","No",2010,"T3","N1b","M0","Stage IIIB",,"Yes",23,2,,147,"Tumor free",">5 ng/mL",10.9,"Yes","Yes","Yes","No","No","No","Yes","Yes",106,190,0,66,"Hepatic Flexure",0,"Yes","A6","≥66","T3","N1","M0","III–IV","III",766.96,"High",140.96,"High",530.65,"Low",1181.22,"High",327.51,"High",4384.28,"Low",1422.95,"Low",735,0,2650.08,"High",137.77,"High",24.1458607095926,66,"III",FALSE,9.58488735839759,7.14934066928622,9.05433298167232,10.2072828171109,8.35979347731114,12.0984532463093,10.47568277365,11.3723644908393,7.11655190229302
"6cd8d2dd-5545-43b0-b796-ae0506d62eb8","TCGA-A6-6650","2011-6-20","Colon Adenocarcinoma","Yes","No","Female",-25516,"BLACK OR AFRICAN AMERICAN","NOT HISPANIC OR LATINO","No","No",2010,"T3","N0","M0","Stage IIA",,"Yes",19,0,,173,"Tumor free","≤5 ng/mL",2.9,"No","No","No","No","No","No","No","No",94.7,162.6,0,69,"Cecum",0,"Yes","A6","≥66","T3","N0","M0","I–II","II",881.9,"High",172.34,"High",921.49,"High",1420.67,"High",390.88,"High",1239.79,"Low",3097.53,"High",627,0,2188.84,"High",3.11,"Low",20.5978975032852,69,"II",FALSE,9.78610623277419,7.43746079951105,9.84938946189236,10.4733709081184,8.6142681351642,10.2770432489658,11.5973682212278,11.0966097482606,2.03913839390696
"0ec6ed47-db99-4273-9823-ffbde6a77091","TCGA-A6-6651","2011-9-7","Colon Adenocarcinoma","Yes","No","Female",-20110,"WHITE","NOT HISPANIC OR LATINO","No","No",2010,"T3","N1b","MX","Stage IIIB",,"Yes",33,2,,249,"Tumor free","≤5 ng/mL",0.4,"No","No","Yes","No","No","No","Yes","Yes",88.5,162.6,0,55,"Transverse Colon",0,"Yes","A6","≤65","T3","N1",,"III–IV","III",560.36,"High",156.21,"High",410.43,"Low",932.68,"Low",393.68,"High",16417.13,"High",3051.41,"High",662,0,2297.98,"High",247.93,"High",21.7477003942181,55,"III",FALSE,9.13278245729886,7.29654917894603,8.68450318362116,9.86678436977734,8.62453960378183,14.0030021952547,11.5757330427846,11.1667782000325,7.95959629812947
"96ac1f4b-79b0-4517-8caf-fc05abcaaf4f","TCGA-A6-6652","2011-6-15","Colon Adenocarcinoma","Yes","No","Male",-21638,"BLACK OR AFRICAN AMERICAN","NOT HISPANIC OR LATINO","No","No",2011,"T3","N0","M1","Stage IVA",,"Yes",22,0,,135,"With tumor","≤5 ng/mL",4.8,,"No","No","No","No","No",,"Yes",137.6,185,0,59,"Sigmoid Colon",0,"Yes","A6","≤65","T3","N0","M1","III–IV","IV",319,"Low",149.63,"High",609.48,"High",710.84,"Low",217.64,"Low",2801.23,"Low",2968.41,"High",751,0,3298.82,"High",0,"Low",24.6714848883049,59,"IV",FALSE,8.32192809488736,7.2348653206143,9.25380022147642,9.47540919340106,7.77241355474848,11.4523596580759,11.5359605912332,11.6881716145302,0
"68801d41-535f-4b38-989b-ef4fe5f00039","TCGA-A6-6653","2011-6-10","Colon Adenocarcinoma","Yes","No","Male",-29996,"WHITE","NOT HISPANIC OR LATINO","No","No",2011,"T2","N0","M0","Stage I",,"Yes",12,0,,91,"Tumor free","≤5 ng/mL",2.5,"No","No","No","No","Yes","No","Yes","No",98.3,182.8,0,82,"Ascending Colon",0,"Yes","A6","≥66","T2","N0","M0","I–II","I",669.11,"High",68.12,"Low",304.78,"Low",1060.68,"Low",226.57,"Low",4184.18,"Low",4157.44,"High",742,0,1418.44,"High",1.51,"Low",24.3758212877792,82,"I",FALSE,9.38825412628335,6.11103131238874,8.25635023792402,10.0521332749278,7.83016657297324,12.0310739575029,12.0218267009233,10.4711061520182,1.32768736417605
"81e7cca8-2d71-4446-9692-872c2fe68d0a","TCGA-A6-6654","2011-8-16","Colon Adenocarcinoma","Yes","No","Female",-23953,"WHITE","NOT HISPANIC OR LATINO","No","No",2011,"T3","N1","M0","Stage IIIB",,"Yes",65,1,,178,"Tumor free","≤5 ng/mL",2.7,"Yes","No","Yes","No","No","No","Yes",,97.4,173,0,65,"Descending Colon",0,"Yes","A6","≤65","T3","N1","M0","III–IV","III",477.63,"High",109.2,"High",550.13,"High",1010.78,"Low",410.64,"High",14838.72,"High",719.89,"Low",726,0,1821.06,"High",61.02,"High",23.850197109067,65,"III",FALSE,8.90276701601762,6.7839804136838,9.10624885019363,9.98267991124251,8.68523936879413,13.8571762505902,9.49363532640925,10.8313547521869,5.9546616208379
"88832340-46ad-449c-8f81-6a8e5b495510","TCGA-A6-6780","2011-8-11","Colon Mucinous Adenocarcinoma","Yes","No","Male",-27250,"WHITE","NOT HISPANIC OR LATINO","No","No",2011,"T3","N0","MX","Stage IIA",,"Yes",18,0,,87,"Tumor free",,,"No","No","No","No","No","No","Yes","No",64.1,168,0,74,,0,"Yes","A6","≥66","T3","N0",,"I–II","II",398.42,"Low",75.63,"Low",594.66,"High",1544.74,"High",200.69,"Low",4407.32,"Low",3033.12,"High",612,0,861.1,"Low",13.84,"Low",20.1051248357424,74,"II",FALSE,8.6417627638646,6.25983740058951,9.21834527167104,10.594081956929,7.65599574517798,12.1060132376221,11.5670624302277,9.75171141539587,3.89141918684608
"b54865b6-824e-4163-b759-21a6eacc98ce","TCGA-A6-6781","2011-9-1","Colon Mucinous Adenocarcinoma","Yes","No","Male",-15842,"WHITE","NOT HISPANIC OR LATINO","No","No",2011,"T4b","N1b","MX","Stage IIIC","R0","Yes",30,2,,158,"Tumor free",">5 ng/mL",6.5,"No","No","Yes","No","No","No",,"Yes",87.5,190.5,,43,"Transverse Colon",0,"Yes","A6","≤65","T4","N1",,"III–IV","III",583.93,"High",110.95,"High",393.59,"Low",981.83,"Low",340.99,"High",17602.1,"High",2359.16,"Low",598,0,958.39,"Low",5.74,"Low",19.6452036793692,43,"III",FALSE,9.19212017396581,6.80671071796524,8.62421058442409,9.94079808511284,8.41781033020364,14.1035418970939,11.204668950767,9.90597359176399,2.75274859140713
"3eb37b12-b8b4-40a3-bd8b-f89fc39c05fa","TCGA-A6-6782","2011-9-6","Colon Adenocarcinoma","Yes","No","Male",-30012,"WHITE","NOT HISPANIC OR LATINO","No","No",2011,"T4a","N0","MX","Stage IIB",,"Yes",25,0,,164,"Tumor free","≤5 ng/mL",2.7,"Yes",,"No","No","No","No","No","No",63.2,175,,82,"Transverse Colon",0,"Yes","A6","≥66","T4","N0",,"I–II","II",605.82,"High",97.88,"Low",485.01,"Low",1174.16,"High",321.87,"High",10443.56,"High",2049.38,"Low",617,0,1468.69,"High",39.24,"High",20.26938239159,82,"II",FALSE,9.24512482550028,6.62760683812965,8.92484218838353,10.1986414801688,8.33480958655839,13.3504640965415,11.0016755960078,10.521296165828,5.3305584000308
"DD7A53EE-CB08-40C4-9935-51D1CA17E9E8","TCGA-A6-A565","2013-4-12","Colon Mucinous Adenocarcinoma","No","Yes","Female",-12526,"BLACK OR AFRICAN AMERICAN",,"No","No",2008,"T3","N2","MX","Stage IIIC","RX","Yes",41,13,,,"With tumor",">5 ng/mL",71.5,"Yes","Yes","Yes","Yes",,"No","No","Yes",66.7,150,0,34,"Transverse Colon",0,"Yes","A6","≤65","T3","N2",,"III–IV","III",904.25,"High",141.59,"High",492.05,"Low",1995.93,"High",394.08,"High",8101.66,"High",1272.83,"Low",494,1,1825.51,"High",1399.26,"High",16.2286465177398,34,"III",FALSE,9.82217246147618,7.15572899724877,8.9455901469141,10.9635680463759,8.62600100488014,12.9841798888109,10.3149570390838,10.8348739370266,10.4514790160353
"790266BC-C252-43F4-85D1-1B06EE529CF8","TCGA-A6-A566","2013-4-15","Colon Mucinous Adenocarcinoma","No","Yes","Female",-20181,"BLACK OR AFRICAN AMERICAN","NOT HISPANIC OR LATINO","No","No",2007,"T4","N1","M0","Stage IIIB","R0","Yes",13,2,,,"With tumor",,,,,"Yes","Yes",,"No","No","No",66.1,160,0,55,"Descending Colon",0,"Yes","A6","≤65","T4","N1","M0","III–IV","III",543.73,"High",97.9,"Low",592.37,"High",1828.86,"High",307.41,"High",15685.88,"High",1893.08,"Low",758,1,1687.31,"High",9.35,"Low",24.9014454664915,55,"III",FALSE,9.08939751290938,6.62789861587175,9.21278817768943,10.837517558837,8.2687057342641,13.9372708194191,10.88728155167,10.7213641142999,3.37155886261196
"857A5889-19E7-4208-8362-F1377C408037","TCGA-A6-A567","2013-4-18","Colon Adenocarcinoma","No","Yes","Male",-20493,"BLACK OR AFRICAN AMERICAN",,"No","No",2007,"T3","N1","M1","Stage IV",,"Yes",41,3,,,"With tumor",">5 ng/mL",95.8,"Yes","No","Yes","Yes",,"No","No","Yes",84,188,0,56,"Sigmoid Colon",0,"Yes","A6","≤65","T3","N1","M1","III–IV","IV",432.38,"High",140.68,"High",622.7,"High",1104.73,"Low",382.73,"High",3371.09,"Low",2120.51,"Low",1881,1,2850.79,"High",32.07,"High",61.7936925098555,56,"IV",FALSE,8.75948876598759,7.14649230697719,9.28470844869216,10.1107834322464,8.58394774898005,11.7194273265236,11.0508757636284,11.4776520332345,5.04745114041639
"74A0264D-1D31-430D-9A88-E7334C8AA96C","TCGA-A6-A56B","2013-4-10","Colon Adenocarcinoma","No","Yes","Male",-20903,"BLACK OR AFRICAN AMERICAN","NOT HISPANIC OR LATINO","No","No",2008,"T3","N1","M0","Stage IIIB","R0","Yes",25,3,,1595,"Tumor free",">5 ng/mL",13.2,"No","No","Yes","Yes","No","No","No","Yes",77.2,180,0,57,"Sigmoid Colon",0,"Yes","A6","≤65","T3","N1","M0","III–IV","III",535.08,"High",79.67,"Low",725.33,"High",794.29,"Low",368.61,"High",2306.78,"Low",1715.81,"Low",1711,1,1239,"Low",1.19,"Low",56.2089356110381,57,"III",FALSE,9.06630450200819,6.3339603508193,9.50448135947529,9.63533722032495,8.52985997995738,11.1722899834995,10.7455146692408,10.2761244052742,1.13093086982645
"4881A390-C4E4-48B4-AE66-140C64A87614","TCGA-A6-A5ZU","2013-5-15","Colon Adenocarcinoma","Yes","No","Male",-21554,"BLACK OR AFRICAN AMERICAN","NOT HISPANIC OR LATINO","No","No",2013,"T3","N1","M0","Stage IIIB","RX","Yes",60,1,,117,"Tumor free","≤5 ng/mL",1.6,"Yes","No","Yes","No","No","No","No","No",99.1,170,0,59,"Transverse Colon",0,"Yes","A6","≤65","T3","N1","M0","III–IV","III",419.93,"Low",92.28,"Low",254.1,"Low",928.12,"Low",270.14,"High",8088.26,"High",2258.78,"Low",293,0,1476.43,"High",109.66,"High",9.62549277266754,59,"III",FALSE,8.71743652508653,6.54349588342577,7.99491908871511,9.85972112892796,8.08289415261743,12.981792016593,11.1419666111263,10.5288740624116,6.7899900186681
"6e9e0c2f-2ddb-40f1-8e8c-618119e62ec1","TCGA-AA-3488","2010-5-18","Colon Adenocarcinoma","No","Yes","Male",-21519,,,"No","No",2002,"T3","N2","M1","Stage IV","R2","Yes",26,15,,,"With tumor",,,,,,"No","No","No","No",,,,0,58,"Sigmoid Colon",0,"Yes","AA","≤65","T3","N2","M1","III–IV","IV",11.97,"Low",51.28,"Low",435.9,"Low",476.92,"Low",102.56,"Low",2533.33,"Low",4736.75,"High",153,1,459.83,"Low",0,"Low",5.02628120893561,58,"IV",FALSE,3.69710657447697,5.70818723602071,8.77115929555685,8.90062533253607,6.69432306012539,11.3073886774778,12.2099863576016,8.84809082895601,0
"b95720b1-aa00-4c6a-b202-3350d035829f","TCGA-AA-3489","2010-5-18","Colon Adenocarcinoma","No","Yes","Male",-27606,,,"No","No",2002,"T3","N0","M0","Stage II","R0","Yes",28,0,,31,"With tumor","≤5 ng/mL",1.7,,,,"No","No","No","No",,,,0,75,"Sigmoid Colon",0,"Yes","AA","≥66","T3","N0","M0","I–II","II",658.95,"High",150.61,"High",594.08,"High",1209.41,"High",411.99,"High",19246.59,"High",605.08,"Low",214,1,2055.39,"High",1048.18,"High",7.03022339027595,75,"II",FALSE,9.36621291502679,7.24422110472573,9.2169398209599,10.2412800964394,8.68996303891322,14.2323901961252,9.24336442569366,11.0058981862116,10.0350464962569
"85e95dda-6198-464a-9187-fd0832bebb72","TCGA-AA-3492","2010-5-18","Colon Adenocarcinoma","No","Yes","Female",-32871,,,"No","No",2002,"T3","N0","M0","Stage II","R0","Yes",21,0,,0,"With tumor",,,,"No","No","No","No","Yes","No",,,,0,90,"Ascending Colon",0,"Yes","AA","≥66","T3","N0","M0","I–II","II",303.2,"Low",75.18,"Low",514.77,"Low",902.55,"Low",213.39,"Low",5817.05,"High",2273.3,"Low",92,1,1333.47,"Low",6.08,"Low",3.02233902759527,90,"II",FALSE,8.24887634283713,6.25134038278862,9.0105840503196,9.81946062789408,7.74409380412046,12.506319979595,11.1512068554997,10.3820511575172,2.82374936030827
"67ba29e7-f294-4dcd-9630-ad768c22c588","TCGA-AA-3494","2010-5-18","Colon Adenocarcinoma","No","Yes","Male",-20089,,,"No","No",2002,"T3","N0","M1","Stage IV","R2","Yes",39,0,,31,"With tumor",">5 ng/mL",261.3,,,,"No","No","No","No",,,,0,55,"Sigmoid Colon",0,"Yes","AA","≤65","T3","N0","M1","III–IV","IV",208.3,"Low",141.94,"High",588.96,"High",1194.51,"High",191.71,"Low",2740.18,"Low",3006.55,"High",31,0,941.04,"Low",8.3,"Low",1.01839684625493,55,"IV",FALSE,7.70942850136835,7.15926588316068,9.20447333110019,10.2234104823738,7.59028762687844,11.4205813507247,11.554373006819,9.87964450924808,3.21723071622067
"15b987ba-77ab-477b-a54a-65ec5c7c399e","TCGA-AA-3495","2010-5-18","Colon Adenocarcinoma","No","Yes","Male",-28886,,,"No","No",2002,"T2","N0","M0","Stage I","R0","Yes",18,0,,31,"With tumor","≤5 ng/mL",1.9,,,,"No","No","No","Yes",,,,0,79,"Hepatic Flexure",0,"Yes","AA","≥66","T2","N0","M0","I–II","I",419.02,"Low",104.62,"High",795.46,"High",928.98,"Low",227.06,"Low",3410.82,"Low",1846.39,"Low",1127,0,1205.46,"Low",38.3,"High",37.023653088042,79,"I",FALSE,8.71431421579432,6.72273923629671,9.63745809797764,9.86105587996198,7.8332696208084,11.7363258199591,10.8512727485306,10.2365643686714,5.29645740737124
"639e1050-088a-48fe-a0ef-4a01a3468cac","TCGA-AA-3496","2010-5-18","Colon Adenocarcinoma","No","Yes","Female",-30438,,,"Yes","No",2002,"T3","N0","M0","Stage II","R0","Yes",23,0,,31,"With tumor","≤5 ng/mL",0.2,,,,"No","No","No","No",,,,0,83,"Ascending Colon",0,"Yes","AA","≥66","T3","N0","M0","I–II","II",391.2,"Low",168.07,"High",529.06,"Low",1134.69,"High",333.25,"High",5036.37,"Low",402.79,"Low",31,0,2836.12,"High",27.32,"High",1.01839684625493,83,"II",FALSE,8.61544572530479,7.40147687855334,9.0500118641734,10.149353372589,8.38478375009335,12.2984549869825,8.65746137204131,11.4702114573905,4.82374936030827
"8368d745-c74d-4236-ba75-16ca7aaeb3ca","TCGA-AA-3502","2010-5-18","Colon Adenocarcinoma","No","Yes","Male",-26724,,,"No","No",2003,"T2","N0","M0","Stage I","R0","Yes",31,0,,31,"With tumor","≤5 ng/mL",3.7,,,,"No","No","No","Yes",,,,0,73,"Transverse Colon",0,"Yes","AA","≥66","T2","N0","M0","I–II","I",337.38,"Low",127.13,"High",332.11,"Low",1041.54,"Low",233.25,"Low",3173.91,"Low",3333.92,"High",1065,0,1276.12,"Low",41.99,"High",34.9868593955322,73,"I",FALSE,8.40250049004846,7.00146449358857,8.37985485430592,10.0258870224755,7.87190523765919,11.6324999806748,11.7034364382796,10.3186783737365,5.42592920520858
"28033279-cc74-4775-afdf-2497f6ddb55c","TCGA-AA-3506","2010-5-18","Colon Adenocarcinoma","No","Yes","Male",-28275,,,"Yes","No",2004,"T2","N0","M0","Stage I","R0","Yes",46,0,,0,"With tumor","≤5 ng/mL",2.08,,,,"No","No","Yes",,,,,0,77,"Hepatic Flexure",0,"Yes","AA","≥66","T2","N0","M0","I–II","I",184.51,"Low",77.74,"Low",650.44,"High",689.24,"Low",137.36,"Low",9289.15,"High",2747.53,"High",1765,0,1051.14,"Low",26.42,"High",57.9829172141919,77,"I",FALSE,7.53535314784213,6.29902480738432,9.3474884972118,9.43095427138573,7.1122831085982,13.1814861754045,11.4244445110325,10.0391109701548,4.7771566660045
"80e677b1-5ebe-4069-a1a5-1538ffee6642","TCGA-AA-3509","2010-5-18","Colon Adenocarcinoma","No","Yes","Female",-19786,,,"No","No",2005,"T3","N0","M0","Stage II","R0","Yes",27,0,,0,"With tumor","≤5 ng/mL",2.82,,"No","No","No","No","No","No",,,,0,54,"Sigmoid Colon",0,"Yes","AA","≤65","T3","N0","M0","I–II","II",477.09,"High",83.27,"Low",638.64,"High",967.44,"Low",217.38,"Low",7089.16,"High",2724.02,"High",1915,0,1722.83,"High",15.13,"High",62.9106438896189,54,"II",FALSE,8.90113841955301,6.39694722007283,9.32111635060237,9.91951885875413,7.77069692505242,12.7916024690524,11.4120511031003,10.7514017909627,4.01167453338092
"35c295c2-37d1-44b2-87a3-1039645e5bae","TCGA-AA-3510","2010-5-18","Colon Adenocarcinoma","No","Yes","Male",-25902,,,"No","No",2005,"T3","N0","M0","Stage II","R0","Yes",44,0,,31,"With tumor","≤5 ng/mL",3.59,,"No","No","No","No","No","Yes",,,,0,70,"Transverse Colon",0,"Yes","AA","≥66","T3","N0","M0","I–II","II",205.67,"Low",78.01,"Low",589.26,"High",723.4,"Low",129.43,"Low",5946.81,"High",3521.28,"High",1946,0,1271.28,"Low",31.91,"High",63.9290407358738,70,"II",FALSE,7.69118517364028,6.3039633562453,9.20520676812309,9.50064273606281,7.02713192953823,12.5381428465723,11.7822938839377,10.3132004947164,5.04045412134962
"93edb105-5dc9-4a4a-9fca-c91f0161fcc7","TCGA-AA-3511","2010-5-18","Colon Adenocarcinoma","No","Yes","Male",-23407,,,"No","No",2005,"T4","N0","M0","Stage II","R0","Yes",36,0,,0,,">5 ng/mL",35.95,,"No","Yes","No","No","No","No",,,,0,64,"Sigmoid Colon",0,"Yes","AA","≤65","T4","N0","M0","I–II","II",781.99,"High",105.43,"High",468.68,"Low",1097.43,"Low",317.58,"High",5416.28,"Low",1748.8,"Low",212,0,1527.27,"High",17.07,"High",6.96452036793692,64,"II",FALSE,9.61285007194936,6.73376105819606,8.87553435157323,10.1012272182643,8.3155118891348,12.4033529451908,10.772974317864,10.5776837319952,4.17552460108987
"ddf69ed9-4c53-48b8-9f01-495bd60c3425","TCGA-AA-3514","2010-5-18","Colon Adenocarcinoma","No","Yes","Female",-29738,,,"No","No",2006,"T2","N0","M0","Stage I","R0","Yes",12,0,,0,"With tumor","≤5 ng/mL",2.3,,"No","No","No","No","No","Yes",,,,0,81,"Ascending Colon",0,"Yes","AA","≥66","T2","N0","M0","I–II","I",63.99,"Low",38.69,"Low",199.4,"Low",211.31,"Low",68.45,"Low",6474.7,"High",4202.38,"High",31,0,343.75,"Low",1.49,"Low",1.01839684625493,81,"I",FALSE,6.02214584287018,5.31070365722511,7.64673869830785,7.73002851490705,6.11790278909403,12.6608204360627,12.0373341716383,8.42940674151398,1.31614574229336
"c4d74653-d26b-4e51-aee0-82ee3d42f883","TCGA-AA-3517","2010-5-18","Colon Adenocarcinoma","No","Yes","Male",-22099,,,"No","No",2007,"T3","N0","M0","Stage IIA","R0","Yes",54,0,,0,"With tumor","≤5 ng/mL",1.23,,"No","No","No","No","No","Yes",,,,0,60,"Splenic Flexure",0,"Yes","AA","≤65","T3","N0","M0","I–II","II",370.97,"Low",95.53,"Low",570.72,"High",1000,"Low",220.84,"Low",3575.68,"Low",496.28,"Low",1186,0,1320.1,"Low",12.41,"Low",38.9618922470434,60,"II",FALSE,8.53904246004213,6.59290547379686,9.15916494951661,9.96722625883599,7.79337571126475,11.8044053330862,8.95791459863299,10.3675239594556,3.74523733212975
"c5c4a0a5-900d-483d-9282-475654d63265","TCGA-AA-3518","2010-5-18","Colon Adenocarcinoma","No","Yes","Female",-29769,,,"No","No",2007,"T3","N0","M0","Stage IIA","R0","Yes",27,0,,31,"With tumor","≤5 ng/mL",1.48,,"No","No","No","No","No","Yes",,,,0,81,"Cecum",0,"Yes","AA","≥66","T3","N0","M0","I–II","II",426.07,"Low",87.72,"Low",473.68,"Low",1081.45,"Low",177.94,"Low",4560.15,"Low",4813.28,"High",31,0,867.17,"Low",30.08,"High",1.01839684625493,81,"II",FALSE,8.73832874762051,6.47118746038699,8.89081145481768,10.0800846708907,7.48333211126848,12.1551819007463,12.2331043365003,9.76183376025885,4.95791459863299
"09942e9f-c178-44bc-9cd9-f5bfa350b23f","TCGA-AA-3519","2010-5-18","Colon Adenocarcinoma","No","Yes","Male",-23131,,,"No","No",2007,"T3","N1","M0","Stage III","R0","Yes",43,3,,0,,"≤5 ng/mL",1.26,,"No","No","No","No","No","Yes",,,,0,63,"Sigmoid Colon",0,"Yes","AA","≤65","T3","N1","M0","III–IV","III",245.43,"Low",96.21,"Low",635.6,"High",911.03,"Low",109.95,"Low",7082.06,"High",2821.44,"High",276,0,812.86,"Low",3.93,"Low",9.06701708278581,63,"III",FALSE,7.94503408792056,6.60303282649962,9.31424334674856,9.83293747045793,6.79376585730965,12.7901570479488,11.4627271968836,9.66863683355768,2.30158764660319
"5f1399ef-8100-49e7-806f-9f532e55c0ba","TCGA-AA-3520","2010-5-18","Colon Adenocarcinoma","No","Yes","Female",-31531,,,"Yes","No",2007,"T3","N0","M0","Stage II","R0","Yes",20,0,,0,"With tumor",">5 ng/mL",5.8,,"No","No","No","No","No","Yes",,,,0,86,"Ascending Colon",0,"Yes","AA","≥66","T3","N0","M0","I–II","II",516.41,"High",101.75,"Low",328.23,"Low",1397.16,"High",265.86,"High",6240.7,"High",2519.69,"High",731,0,1219.91,"Low",14.22,"High",24.0144546649146,86,"II",FALSE,9.01516412708109,6.68299458368168,8.36295199236067,10.4493137512398,8.05993926398308,12.6077233021382,11.2996029879587,10.2537411399102,3.92789645372882
"d7ba64d7-b4e5-488d-9f28-bcb7bf3c0f35","TCGA-AA-3522","2010-5-18","Colon Adenocarcinoma","No","Yes","Male",-24653,,,"Yes","No",2007,"T3","N0","M0","Stage IIA","R0","Yes",18,0,,0,"With tumor","≤5 ng/mL",0.96,,"No","Yes","No","No","No","Yes",,,,0,67,"Ascending Colon",0,"Yes","AA","≥66","T3","N0","M0","I–II","II",377.47,"Low",138.6,"High",187.75,"Low",1966.95,"High",331.27,"High",4033.19,"Low",2220.56,"Low",1127,0,1638.64,"High",173.01,"High",37.023653088042,67,"II",FALSE,8.56403513710187,7.12515513132229,7.56033283421244,10.9424778510362,8.37621223060774,11.9780633174485,11.1173573909137,10.6791633755865,7.44302640697434
"03efbc94-a43d-4db0-9377-e397348430a6","TCGA-AA-3524","2010-5-18","Colon Adenocarcinoma","No","Yes","Male",-31197,,,"Yes","No",2007,"T3","N0","M0","Stage II","R0","Yes",28,0,,0,"With tumor","≤5 ng/mL",1.3,,"No","No","No","No","No","Yes",,,,0,85,"Sigmoid Colon",0,"Yes","AA","≥66","T3","N0","M0","I–II","II",246.67,"Low",115.56,"High",486.67,"Low",1488.89,"High",242.22,"Low",3533.33,"Low",188.89,"Low",1096,0,1491.11,"High",13.33,"Low",36.0052562417871,85,"II",FALSE,7.95227531684749,6.86492897228979,8.92976141459375,10.5409901037303,7.92611805636237,11.7872210351166,7.56902012195893,10.5431381812504,3.84096670448742
"b107565b-7558-4745-952b-689178367e1c","TCGA-AA-3525","2010-5-18","Colon Adenocarcinoma","No","Yes","Male",-32871,,,"Yes","No",2007,"T3","N1","M0","Stage IIIB","R0","Yes",28,2,,0,"With tumor",">5 ng/mL",11.14,,"No","No","No","No","No","No",,,,0,90,"Hepatic Flexure",0,"Yes","AA","≥66","T3","N1","M0","III–IV","III",405.37,"Low",72.04,"Low",528.69,"Low",1131.87,"High",148.96,"Low",8279.61,"High",3147.74,"High",245,0,733.82,"Low",15.87,"High",8.04862023653088,90,"III",FALSE,8.66665008979628,6.1906148602095,9.04900446207513,10.1457666020289,7.22843392051337,13.015521333976,11.6205589198119,9.5212470833826,4.07638806851284
"88e64f45-adc4-4223-9838-4d7d45b8f0c0","TCGA-AA-3526","2010-5-18","Colon Adenocarcinoma","No","Yes","Male",-21123,,,"No","No",2007,"T2","N0","M0","Stage I","R0","Yes",17,0,,30,"With tumor","≤5 ng/mL",2.06,,"No","No","No","No","No","Yes",,,,2,57,"Sigmoid Colon",0,"Yes","AA","≤65","T2","N0","M0","I–II","I",375.17,"Low",92.53,"Low",537.33,"High",953.28,"Low",202.02,"Low",4159.41,"Low",4279.89,"High",580,0,1294.55,"Low",18.78,"High",19.053876478318,57,"I",FALSE,8.55524098659694,6.54735728244656,9.07234701573625,9.89826882638548,7.66547804762624,12.022509994716,12.063695049771,10.3393489801184,4.30597052098439
"269e8ca8-722d-449b-ace1-6545bd72bdd6","TCGA-AA-3527","2010-5-18","Colon Adenocarcinoma","No","Yes","Female",-32871,,,"Yes","No",2007,"T3","N0","M0","Stage IIA","R0","Yes",15,0,,0,"With tumor","≤5 ng/mL",4.72,,"No","No","No","No","No","Yes",,,,0,90,"Cecum",0,"Yes","AA","≥66","T3","N0","M0","I–II","II",,,,,,,,,,,,,,,,,,,,,,90,"II",FALSE,,,,,,,,,
"bfb07784-693b-4c25-874e-4ad6e04a5d46","TCGA-AA-3529","2010-5-18","Colon Adenocarcinoma","No","Yes","Female",-28609,,,"No","No",2007,"T3","N2","M0","Stage IIIC","R0","Yes",34,10,,,"With tumor",">5 ng/mL",17.3,,"No","Yes","No","No","Yes","No",,,,0,78,"Sigmoid Colon",0,"Yes","AA","≥66","T3","N2","M0","III–IV","III",,,,,,,,,,,,,,,,,,,,,,78,"III",FALSE,,,,,,,,,
"1ad0b9b9-7ded-4281-b114-9dcc6138c037","TCGA-AA-3530","2010-5-18","Colon Adenocarcinoma","No","Yes","Male",-29402,,,"Yes","No",2007,"T2","N0","M0","Stage I","R0","Yes",24,0,,0,"With tumor","≤5 ng/mL",1.88,,"No","No","No","No","No","Yes",,,,0,80,"Cecum",0,"Yes","AA","≥66","T2","N0","M0","I–II","I",413.94,"Low",124.92,"High",533.56,"Low",1498,"High",303.83,"High",4781.96,"Low",3403.58,"High",580,0,2008.27,"High",317.6,"High",19.053876478318,80,"I",FALSE,8.69675892873904,6.97636363573276,9.06220807756025,10.5497846679479,8.25186108316174,12.2236880107463,11.7332611183501,10.972455727025,8.31560245663795
"401a37f3-6630-4400-a811-a262351e37de","TCGA-AA-3531","2010-5-18","Colon Adenocarcinoma","No","Yes","Female",-27514,,,"Yes","No",2007,"T3","N0","M0","Stage IIA","R0","Yes",37,0,,0,"With tumor","≤5 ng/mL",0.65,,"No","No","No","No","No","No",,,,0,75,"Sigmoid Colon",0,"Yes","AA","≥66","T3","N0","M0","I–II","II",225.52,"Low",57.38,"Low",485.73,"Low",533.77,"Low",133.44,"Low",6820.28,"High",5653.99,"High",1035,0,1066.21,"Low",6.67,"Low",34.0013140604468,75,"II",FALSE,7.82349462471286,5.86740230572754,8.92697788881558,9.06277472389483,7.07081863753328,12.735826768249,12.4653087576901,10.0596283747406,2.93922657772821
"aa85d9e8-caa6-422c-95ce-780e4ac2a5e4","TCGA-AA-3532","2010-5-18","Colon Adenocarcinoma","No","Yes","Male",-23133,,,"No","No",2007,"T3","N0","M0","Stage IIA","R0","Yes",35,0,,0,"With tumor","≤5 ng/mL",1.28,,"No","No","No","No","No","No",,,,0,63,"Sigmoid Colon",0,"Yes","AA","≤65","T3","N0","M0","I–II","II",426.67,"Low",145,"High",536.67,"Low",965.83,"Low",270.83,"High",5450.83,"Low",472.5,"Low",882,0,1199.17,"Low",120,"High",28.9750328515112,63,"II",FALSE,8.74035419902495,7.18982455888002,9.07057716657936,9.91711842930327,8.08656087495595,12.4125248611154,8.88722061546838,10.2290230578177,6.91886323727459
"df228c56-89ac-4122-93b3-6c0740c4ec09","TCGA-AA-3534","2010-5-18","Colon Adenocarcinoma","No","Yes","Female",-28489,,,"No","No",2007,"T3","N0","M0","Stage IIA","R0","Yes",36,0,,0,"With tumor","≤5 ng/mL",1.56,,"No","Yes","No","No","No","Yes",,,,1,78,"Ascending Colon",0,"Yes","AA","≥66","T3","N0","M0","I–II","II",439.2,"High",115.52,"High",540.15,"High",1681.86,"High",212.31,"Low",2722.62,"Low",2665.38,"High",882,0,3731.11,"High",24.98,"High",28.9750328515112,78,"II",FALSE,8.78201533500419,6.86443379636562,9.07988473625027,10.7166994460555,7.73680779076608,11.4113097169556,11.3806666858874,11.8657757933908,4.69932952567316
"c594196e-49ef-4195-a6b6-4ef4a1d9ec15","TCGA-AA-3538","2010-5-18","Colon Adenocarcinoma","No","Yes","Female",-19752,,,"No","No",2008,"T2","N0","M0","Stage I","R0","Yes",26,0,,0,"With tumor",">5 ng/mL",5.84,,"No","No","No","No","No","No",,,,0,54,"Descending Colon",0,"Yes","AA","≤65","T2","N0","M0","I–II","I",312.66,"Low",131.78,"High",543.11,"High",871.66,"Low",316.97,"High",5210.16,"Low",1395.35,"Low",791,0,2015.5,"High",47.37,"High",25.9855453350854,54,"I",FALSE,8.29305774866259,7.05289404674744,9.08775453318413,9.7692758598295,8.31274684555824,12.3473888356631,10.4474448880837,10.9776376904059,5.59604063267114
"9dcb4e16-b582-4cd0-87cf-04f480ec2cec","TCGA-AA-3542","2010-5-18","Colon Adenocarcinoma","No","Yes","Male",-25324,,,"No","No",2008,"T3","N2","M0","Stage IIIC","R0","Yes",18,4,,0,"With tumor","≤5 ng/mL",1.93,,"No","Yes","No","No","No","Yes",,,,1,69,"Sigmoid Colon",0,"Yes","AA","≥66","T3","N2","M0","III–IV","III",57.28,"Low",65.46,"Low",513.46,"Low",302.76,"Low",53.19,"Low",5470.09,"Low",2002.7,"Low",395,0,237.3,"Low",0,"Low",12.9763469119579,69,"III",FALSE,5.86492897228979,6.05441438791731,9.00691509965391,8.24678809384436,5.7599547420113,12.4176125730614,10.9684508047165,7.89663514130291,0
"e831369c-78c0-4c75-9cf3-f46ed669312e","TCGA-AA-3544","2010-5-18","Colon Adenocarcinoma","No","Yes","Male",-24959,,,"No","No",2008,"T2","N0","M0","Stage I","R0","Yes",21,0,,0,"With tumor","≤5 ng/mL",0.39,,"No","No","No","No","No","No",,,,0,68,"Sigmoid Colon",0,"Yes","AA","≥66","T2","N0","M0","I–II","I",210.53,"Low",116.03,"High",361.9,"Low",486.84,"Low",96.89,"Low",12450.96,"High",3361.24,"High",426,0,309.81,"Low",44.26,"High",13.9947437582129,68,"I",FALSE,7.72471847620247,6.87073459397099,8.50342824659197,8.93026424523502,6.6130895830383,13.6040852270414,11.7152069939036,8.27988911153296,5.50016467949217
"2dced66c-1f0d-4039-a5e5-54cca77c16e9","TCGA-AA-3548","2010-5-18","Colon Adenocarcinoma","No","Yes","Female",-26175,,,"No","No",2008,"T3","N2","M0","Stage IIIC","R0","Yes",23,4,,0,"With tumor",">5 ng/mL",55.01,,"No","Yes","No","No","No","No",,,,0,71,"Cecum",0,"Yes","AA","≥66","T3","N2","M0","III–IV","III",191.28,"Low",78.69,"Low",380.15,"Low",510.9,"Low",179.18,"Low",5549.64,"Low",696.13,"Low",1034,0,550.85,"Low",84.75,"High",33.9684625492773,71,"III",FALSE,7.58706489836317,6.31632679205715,8.57421506588715,8.99971819610402,7.49329507050358,12.4384384113669,9.44528390306662,9.10813236680677,6.42206476617281
"e6ec5a68-7555-4f26-bd7e-9cdb4c5f7004","TCGA-AA-3549","2010-5-18","Colon Adenocarcinoma","No","Yes","Male",-25415,,,"No","No",2008,"T2","N0","M0","Stage I","R0","Yes",31,0,,0,"With tumor","≤5 ng/mL",0.76,,"No","No","No","No","No","Yes",,,,0,69,"Cecum",0,"Yes","AA","≥66","T2","N0","M0","I–II","I",295.25,"Low",53.98,"Low",272.12,"Low",1085.17,"Low",209.32,"Low",9297.23,"High",4064.16,"High",639,0,1200.85,"Low",33.05,"High",20.9921156373193,69,"I",FALSE,8.21067134378562,5.78083500173823,8.09339115325301,10.0850342063705,7.71644223684332,13.182740397307,11.9890964208895,10.2310411326579,5.08958289312471
"265d7b06-65fe-42c5-ad21-e6b160e94718","TCGA-AA-3552","2010-5-18","Colon Adenocarcinoma","No","Yes","Male",-31290,,,"Yes","No",2008,"T3","N2","M0","Stage IIIC","R0","Yes",20,10,,0,"With tumor","≤5 ng/mL",2.71,,"No","Yes","No","No","Yes","No",,,,0,85,"Cecum",0,"Yes","AA","≥66","T3","N2","M0","III–IV","III",339,"Low",136.03,"High",328.37,"Low",734.33,"Low",225.29,"Low",2127.52,"Low",2258.24,"Low",396,1,1218.92,"Low",80.77,"High",13.0091984231275,85,"III",FALSE,8.4093909361377,7.09834796699804,8.36356534586437,9.52224803498668,7.82202902153298,11.0556349306968,11.1416218216251,10.2525708263949,6.35349973524566
"d181c72b-843c-4b2d-b014-2a6dd1c3c1ec","TCGA-AA-3553","2010-5-18","Colon Adenocarcinoma","No","Yes","Female",-22524,,,"No","No",2008,"T2","N0","M0","Stage I","R0","Yes",21,0,,0,"With tumor",,,,"No","No","No","No","No","Yes",,,,0,61,"Sigmoid Colon",0,"Yes","AA","≤65","T2","N0","M0","I–II","I",193.41,"Low",107.55,"High",632.86,"High",798.79,"Low",230.7,"Low",5221.16,"Low",375.54,"Low",730,0,1498.7,"High",25.15,"High",23.9816031537451,61,"I",FALSE,7.60295861951759,6.76221591572778,9.30802041876821,9.64347743261244,7.85611423397746,12.3504309452371,8.55665932090397,10.5504582175173,4.70873904135958
"36eaf209-c332-4321-b6aa-51a3368ecd79","TCGA-AA-3555","2010-5-18","Colon Mucinous Adenocarcinoma","No","Yes","Female",-29617,,,"No","No",2008,"T3","N0","M0","Stage IIA","R0","Yes",26,0,,30,"With tumor",,,,"No","No","No","No","No","Yes",,,,0,81,"Hepatic Flexure",0,"Yes","AA","≥66","T3","N0","M0","I–II","II",373.25,"Low",138.35,"High",874.21,"High",2252.42,"High",356.53,"High",2704.73,"Low",3325.04,"High",911,0,2196.93,"High",0.76,"Low",29.9277266754271,81,"II",FALSE,8.54785850605842,7.12256919221645,9.77348541198653,11.1379005176521,8.48192049190449,11.4018021671785,11.6995898036946,11.1019297245157,0.815575428862573
"fd16b634-2e04-44a3-862d-fb03cd73c057","TCGA-AA-3556","2010-5-18",,"No","Yes","Male",-28704,,,"Yes","No",2008,"T2","N0","M0","Stage I","R0","Yes",22,0,,0,"With tumor",,,,"No","No","No","No","No","Yes",,,,0,78,"Sigmoid Colon",0,"Yes","AA","≥66","T2","N0","M0","I–II","I",415.66,"Low",121.34,"High",1170.82,"High",1472.46,"High",455.25,"High",5153.18,"Low",1450.06,"Low",700,0,1481.07,"High",30.98,"High",22.9960578186597,78,"I",FALSE,8.70272679552297,6.93475237096303,10.1945352630817,10.5249921808315,8.83368074865474,12.3315272061384,10.5028914594167,10.533397874187,4.99909803370561
"a56d528b-238a-4556-92c8-7645304a2da0","TCGA-AA-3558","2010-5-18","Colon Adenocarcinoma","No","Yes","Male",-25752,,,"No","No",2008,"T2","N0","M0","Stage I","R2","Yes",46,0,,0,"With tumor",,,,"No","No","No","No","No","No",,,,0,70,"Sigmoid Colon",0,"Yes","AA","≥66","T2","N0","M0","I–II","I",,,,,,,,,,,,,,,,,,,,,,70,"I",FALSE,,,,,,,,,
"2d02bd7a-5beb-4e43-9ccb-18d89c9d5ca2","TCGA-AA-3560","2010-5-18","Colon Adenocarcinoma","No","Yes","Female",-26359,,,"Yes","No",2009,"T3","N2","M0","Stage IIIC","R0","Yes",25,5,,0,"With tumor",,,,"No","Yes","No","No","No","Yes",,,,0,72,"Sigmoid Colon",0,"Yes","AA","≥66","T3","N2","M0","III–IV","III",312.08,"Low",102.35,"Low",330.54,"Low",588.93,"Low",213.09,"Low",5322.15,"Low",701.34,"Low",608,0,469.8,"Low",16.78,"High",19.9737187910644,72,"III",FALSE,8.29038753976388,6.69139457853808,8.3730391304604,9.20439996688617,7.74207359975625,12.3780645049189,9.45602579233624,8.87897051015108,4.15218341905505
"01ad5016-f691-4bca-82a0-910429d8d25b","TCGA-AA-3561","2010-5-18","Colon Adenocarcinoma","No","Yes","Male",-26420,,,"No","No",2009,"T3","N0","M0","Stage IIA","R0","Yes",50,,,0,"With tumor",,,,"No","No","No","No","No","Yes",,,,0,72,"Ascending Colon",0,"Yes","AA","≥66","T3","N0","M0","I–II","II",265.23,"Low",113.5,"High",472.17,"Low",1350.06,"High",161.29,"Low",4833.93,"Low",2658.3,"High",424,0,649.94,"Low",2.39,"Low",13.9290407358738,72,"II",FALSE,8.05652933958424,6.83920378809694,8.88621479637033,10.3998760302216,7.34243029628488,12.2392792872114,11.3768308238353,9.34638075975286,1.76128527336162
"127f738d-afa1-42f6-a9a0-f33806667b84","TCGA-AA-3562","2010-5-18","Colon Adenocarcinoma","No","Yes","Male",-30254,,,"Yes","No",2008,"T3","N2","M0","Stage IIIC","R0","Yes",28,7,,31,"With tumor",,,,"No","Yes","No","No","No","Yes",,,,0,82,"Descending Colon",0,"Yes","AA","≥66","T3","N2","M0","III–IV","III",123.36,"Low",67.29,"Low",410.34,"Low",718.69,"Low",211.22,"Low",3821.5,"Low",3697.2,"High",608,0,1043.93,"Low",30.84,"High",19.9737187910644,82,"III",FALSE,6.95837871156634,6.09360242879573,8.68418756065435,9.49123180220443,7.72941681464735,11.9003007862482,11.8526075329861,10.0291905838722,4.99276843076892
"31a3877d-3e82-450e-811f-3448b06f3950","TCGA-AA-3655","2010-5-18","Colon Adenocarcinoma","No","Yes","Male",-24896,,,"No","No",2005,"T3","N0","M0","Stage II","R0","Yes",22,0,,0,"With tumor","≤5 ng/mL",4,,"No","No","No","No","No","Yes",,,,0,68,"Sigmoid Colon",0,"Yes","AA","≥66","T3","N0","M0","I–II","II",328.23,"Low",127.03,"High",824.29,"High",1534.08,"High",280.02,"High",6103.85,"High",2217.43,"Low",1856,0,1509.97,"High",1.85,"Low",60.9724047306176,68,"II",FALSE,8.36295199236067,7.0003380920316,9.68875734918815,10.5840981276164,8.13452899948796,12.5757401323867,11.1153233159603,10.5612593010345,1.51096191927738
"f9b5e6a5-c2da-4a0d-9251-bb6f557b7b58","TCGA-AA-3660","2010-5-18","Colon Adenocarcinoma","No","Yes","Female",-18932,,,"No","No",2005,"T3","N0","M0","Stage II","R0","Yes",33,0,,31,"With tumor","≤5 ng/mL",1.37,,"No","No","No","No","No","No",,,,0,51,"Sigmoid Colon",0,"Yes","AA","≤65","T3","N0","M0","I–II","II",445.41,"High",139.61,"High",706.28,"High",1635.27,"High",341.55,"High",3271.98,"Low",2120.77,"Low",2375,0,1192.75,"Low",23.19,"High",78.0223390275953,51,"II",FALSE,8.80222553501714,7.13555539042546,9.46613765607043,10.6761951108888,8.42017077489094,11.6763890712828,11.0510525611582,10.2212850178105,4.5963388642052
"d9fb85c3-ade1-47bf-8159-170f81eb130f","TCGA-AA-3662","2010-5-18","Colon Adenocarcinoma","No","Yes","Female",-29554,,,"Yes","No",2005,"T4","N2","M1","Stage IV","R2","Yes",15,4,,0,"With tumor",">5 ng/mL",1286,,"No","No","No","No","No","Yes",,,,1,80,"Sigmoid Colon",0,"Yes","AA","≥66","T4","N2","M1","III–IV","IV",582.28,"High",139.75,"High",389.87,"Low",1056.71,"Low",208.61,"Low",4824.3,"Low",767.09,"Low",184,0,1824.3,"High",105.32,"High",6.04467805519054,80,"IV",FALSE,9.1880447964217,7.13699111208023,8.61054504912148,10.0467284121972,7.71156373587845,12.2364029255003,9.58513155664083,10.8339178845138,6.73226919950145
"c21d2c68-920f-4526-b754-286579c049f3","TCGA-AA-3663","2010-5-18","Colon Adenocarcinoma","No","Yes","Male",-15675,,,"No","No",2005,"T3","N0","M0","Stage II","R0","Yes",40,0,,31,"With tumor",">5 ng/mL",18.77,,"No","No","No","No","No","No",,,,0,42,"Cecum",0,"Yes","AA","≤65","T3","N0","M0","I–II","II",314.84,"Low",113.19,"High",454.4,"Low",890.66,"Low",146.7,"Low",3284.07,"Low",1771.98,"Low",212,0,993.41,"Low",4.95,"Low",6.96452036793692,42,"II",FALSE,8.30305008468167,6.83529250438005,8.83099048124926,9.80034988890941,7.20652601587743,11.6817083972422,10.7919605467512,9.95769699428848,2.57288966842058
"a06c09a8-0951-49f4-a765-5147bbcae109","TCGA-AA-3664","2010-5-18","Colon Adenocarcinoma","No","Yes","Female",-27363,,,"No","No",2005,"T3","N0","M0","Stage II","R0","Yes",22,0,,0,"With tumor","≤5 ng/mL",4.22,,"No","No","No","No","No","No",,,,0,74,"Cecum",0,"Yes","AA","≥66","T3","N0","M0","I–II","II",796.41,"High",79.34,"Low",1272.46,"High",1224.55,"High",363.77,"High",2258.98,"Low",3062.87,"High",1643,0,1413.17,"High",17.96,"High",53.9750328515112,74,"II",FALSE,9.63917788748512,6.32804655627074,10.3145379292307,10.2592136291529,8.51084327171443,11.1420942900333,11.5811393696749,10.4657398442824,4.24488705912353
"a512701f-88bb-4b05-8c94-fd285b9dd13e","TCGA-AA-3666","2010-5-18","Colon Adenocarcinoma","No","Yes","Male",-25020,,,"No","No",2005,"T3","N1","M0","Stage III","R0","Yes",41,2,,,"With tumor",">5 ng/mL",41.6,,"No","No","No","No","No","No",,,,0,68,"Cecum",0,"Yes","AA","≥66","T3","N1","M0","III–IV","III",338.14,"Low",109.76,"High",462.16,"Low",692.9,"Low",313.75,"High",6935.7,"High",2605.32,"High",61,1,1302.66,"Low",11.09,"Low",2.00394218134034,68,"III",FALSE,8.40573714340471,6.79129314859221,8.85536685265826,9.43858395646998,8.29806256771902,12.7600337765857,11.3477985113428,10.3483519423655,3.5957423394744
"d651f9ba-8746-46c4-852c-6c2992c7d10e","TCGA-AA-3667","2010-5-18","Colon Adenocarcinoma","No","Yes","Female",-13302,,,"No","No",2005,"T2","N0","M0","Stage I","R0","Yes",22,0,,0,"With tumor","≤5 ng/mL",0.45,,"No","No","No","No","No","No",,,,0,36,"Sigmoid Colon",0,"Yes","AA","≤65","T2","N0","M0","I–II","I",87.58,"Low",48.88,"Low",246.44,"Low",262.73,"Low",95.72,"Low",5085.54,"Low",2995.93,"High",426,0,346.23,"Low",2.04,"Low",13.9947437582129,36,"I",FALSE,6.46890909211059,5.64038956005495,7.95093492831454,8.04291788077043,6.5957423394744,12.3124689149888,11.5492696715392,8.43974778900148,1.60407132366886
"c46971a1-cbac-425d-bac2-f4142c92522e","TCGA-AA-3672","2010-5-18","Colon Adenocarcinoma","No","Yes","Female",-32873,,,"Yes","No",2006,"T3","N1","M0","Stage III","R0","Yes",21,4,,0,"With tumor","≤5 ng/mL",1.27,,"No","No","No","No","No","No",,,,0,90,"Transverse Colon",0,"Yes","AA","≥66","T3","N1","M0","III–IV","III",77.17,"Low",64.31,"Low",347.27,"Low",511.25,"Low",80.39,"Low",7141.48,"High",2691.32,"High",28,0,186.5,"Low",0,"Low",0.919842312746386,90,"III",FALSE,6.28854313265907,6.02923200313464,8.44406239420875,9.00070426901125,6.3467796432283,12.80220937607,11.3946341786282,7.55074678538324,0
"628408ce-0691-4e0b-b4c7-aca9a0d73bb0","TCGA-AA-3673","2010-5-18","Colon Adenocarcinoma","No","Yes","Female",-19509,,,"No","No",2006,"T3","N0","M0","Stage II","R0","No",41,0,,0,"With tumor","≤5 ng/mL",3.89,,"No","No","No","No","No","No",,,,1,53,"Transverse Colon",0,"Yes","AA","≤65","T3","N0","M0","I–II","II",445.28,"High",154.4,"High",383.24,"Low",920.2,"Low",298.46,"High",4468.66,"Low",565.22,"Low",1522,0,1708.06,"High",86.16,"High",50,53,"II",FALSE,8.80180534355842,7.27984269352035,8.58586390346269,9.84737060090548,8.22621949944792,12.1259493767038,9.14521889873443,10.7389873312858,6.44559429134118
"41658cf8-0de1-4a97-bb60-0f0107c84e00","TCGA-AA-3675","2010-5-18","Colon Adenocarcinoma","No","Yes","Male",-30801,,,"No","No",2006,"T3","N0","M0","Stage II","R0","Yes",24,0,,31,"With tumor",">5 ng/mL",5.06,,"No","No","No","No","No","Yes",,,,0,84,"Hepatic Flexure",0,"Yes","AA","≥66","T3","N0","M0","I–II","II",148.83,"Low",80.45,"Low",466.21,"Low",907.48,"Low",211.58,"Low",3786.81,"Low",3891.79,"High",1431,0,1409.09,"High",6.84,"Low",47.0105124835742,84,"II",FALSE,7.22718270888475,6.34784279363816,8.86792734326494,9.82731094394967,7.73186206106474,11.8871482503859,11.9265888039863,10.4615715312648,2.97085365434048
"c616f95f-4ea1-4019-8c17-041878085c88","TCGA-AA-3678","2010-5-18","Colon Adenocarcinoma","No","Yes","Female",-22219,,,"No","No",2006,"T2","N1","M0","Stage III","R0","Yes",26,1,,0,"With tumor","≤5 ng/mL",2,,"No","Yes","No","No","No","No",,,,0,60,"Sigmoid Colon",0,"Yes","AA","≤65","T2","N1","M0","III–IV","III",263.99,"Low",75.65,"Low",653.27,"High",1086.68,"Low",207.25,"Low",4317.57,"Low",2308.12,"Low",1430,0,1652.48,"High",22.06,"High",46.9776609724047,60,"III",FALSE,8.04979410710104,6.26021388677142,9.3537423106297,10.0870384567669,7.70217268536555,12.0763379592179,11.1731274334807,10.6912898798885,4.52732060787705
"d17a2ab0-faef-40de-a87d-1291868b200d","TCGA-AA-3679","2010-5-18","Colon Adenocarcinoma","No","Yes","Male",-21611,,,"No","No",2006,"T3","N2","M1","Stage IV","R2","Yes",12,5,,30,"With tumor",">5 ng/mL",25.78,,"No","Yes","No","No","No","No",,,,0,59,"Descending Colon",0,"Yes","AA","≤65","T3","N2","M1","III–IV","IV",157.91,"Low",90.6,"Low",337.86,"Low",654.92,"Low",245.92,"High",4126.29,"Low",4546.94,"High",457,0,1348.68,"Low",22,"High",15.0131406044678,59,"IV",FALSE,7.31206610424382,6.51727569320958,8.40454553681352,9.35737605546964,7.94789988624827,12.0109790961262,12.1509975058506,10.3984016792439,4.52356195605701
"f3b9defb-88ed-4c95-9feb-7197d869676c","TCGA-AA-3680","2010-5-18","Colon Adenocarcinoma","No","Yes","Female",-24655,,,"No","No",2006,"T4","N2","M1","Stage IV","R2","Yes",35,12,,0,"With tumor",">5 ng/mL",59.94,,"No","Yes","No","No","No","No",,,,0,67,"Cecum",0,"Yes","AA","≥66","T4","N2","M1","III–IV","IV",592.36,"High",154.84,"High",387.09,"Low",1866.24,"High",289.73,"High",3861.5,"Low",3292.59,"High",335,1,1983.54,"High",160.7,"High",11.0052562417871,67,"IV",FALSE,9.21276386390212,7.28392177230762,8.60024744913803,10.8666916565524,8.18353613850414,11.9153192176791,11.685445258129,10.9545889259719,7.3371758685863
"abb0d53f-f74e-45dc-8fbb-40863016f3c6","TCGA-AA-3681","2010-5-18","Colon Adenocarcinoma","No","Yes","Female",-28399,,,"No","No",2006,"T3","N1","M0","Stage III","R0","Yes",16,2,,0,,"≤5 ng/mL",2.36,,"No","No","No","No","No","Yes",,,,0,77,"Cecum",0,"Yes","AA","≥66","T3","N1","M0","III–IV","III",686.6,"High",120.81,"High",690.19,"High",3373.21,"High",214.11,"Low",6802.63,"High",1577.75,"Low",182,0,1546.65,"High",89.71,"High",5.97897503285151,77,"III",FALSE,9.4254257345907,6.92848876602555,9.43293853480103,11.7203340497904,7.74893078387584,12.7320889700961,10.6245670186749,10.5958635285241,6.50318969917099
"d761bc06-dee8-478a-be99-8af9c504e49c","TCGA-AA-3684","2010-5-18","Colon Mucinous Adenocarcinoma","No","Yes","Female",-23741,,,"No","No",2007,"T4","N2","M1","Stage IV","R2","Yes",10,9,,0,"With tumor","≤5 ng/mL",2.28,,"No","Yes","No","No","No","Yes",,,,0,65,"Cecum",0,"Yes","AA","≤65","T4","N2","M1","III–IV","IV",,,,,,,,,,,,,,,,,,,,,,65,"IV",FALSE,,,,,,,,,
"dca004bf-9c14-45a1-b186-ab3759f6c7fe","TCGA-AA-3685","2010-5-18","Colon Adenocarcinoma","No","Yes","Male",-25506,,,"No","No",2007,"T3","N0","M0","Stage II","R0","Yes",24,0,,31,"With tumor",">5 ng/mL",8.76,,"No","Yes","No","No","No","Yes",,,,0,69,"Sigmoid Colon",0,"Yes","AA","≥66","T3","N0","M0","I–II","II",198.74,"Low",106.38,"High",310,"Low",883.95,"Low",174.56,"Low",5917.31,"High",2814.31,"High",1127,0,867.02,"Low",66.73,"High",37.023653088042,69,"II",FALSE,7.64197946608669,6.74658149978581,8.2807707701306,9.78945213447338,7.45582036508492,12.5309695512766,11.4590780740506,9.76158447388273,6.08172309064488
"2c9996bb-af6e-4424-881a-e81b9c9aeb78","TCGA-AA-3688","2010-5-18","Colon Adenocarcinoma","No","Yes","Male",-29220,,,"Yes","No",2007,"T3","N1","M1","Stage IV","R2","Yes",13,2,,0,"With tumor",">5 ng/mL",47.45,,"No","Yes","No","No","No","No",,,,1,80,"Sigmoid Colon",0,"Yes","AA","≥66","T3","N1","M1","III–IV","IV",416.79,"Low",87.79,"Low",592.37,"High",1327.48,"High",277.86,"High",3661.07,"Low",2864.12,"High",578,0,1338.17,"Low",12.21,"Low",18.988173455979,80,"IV",FALSE,8.70663415100917,6.47232529665646,9.21278817768943,10.3755607931695,8.12339719714104,11.8384436529922,11.4843798493962,10.3871233988637,3.7235585614721
"bce3ce45-4fb3-4d8e-9ec7-d24427c2ba4d","TCGA-AA-3692","2010-5-18","Colon Mucinous Adenocarcinoma","No","Yes","Female",-17167,,,"Yes","No",2008,"T3","N2","M1","Stage IV","R2","Yes",30,5,,0,"With tumor",">5 ng/mL",49.21,,"No","No","No","No","No","Yes",,,,0,47,"Splenic Flexure",0,"Yes","AA","≤65","T3","N2","M1","III–IV","IV",354.71,"Low",146.1,"High",483.76,"Low",908.27,"Low",213.47,"Low",5210.2,"Low",2168.01,"Low",1095,1,844.96,"Low",50.32,"High",35.9724047306176,47,"IV",FALSE,8.47455772292517,7.20065343636747,8.92112684943037,9.82856494384411,7.74463204785786,12.3473999095085,11.0828209890864,9.72444563897583,5.68144926531496
"33522271-b2ca-4da4-a942-501ab9117c51","TCGA-AA-3693","2010-5-18","Colon Adenocarcinoma","No","Yes","Female",-28459,,,"No","No",2008,"T4","N1","M1","Stage IV","R2","Yes",17,2,,0,"With tumor","≤5 ng/mL",2.42,,"No","Yes","No","No","No","No",,,,0,77,"Sigmoid Colon",0,"Yes","AA","≥66","T4","N1","M1","III–IV","IV",,,,,,,,,,,,,,,,,,,,,,77,"IV",FALSE,,,,,,,,,
"23d0681a-912a-408f-b19a-0bbcf5ffc2f3","TCGA-AA-3695","2010-5-18","Colon Adenocarcinoma","No","Yes","Female",-23164,,,"No","No",2009,"T3","N2","M1","Stage IV","R2","Yes",33,6,,0,"With tumor",,,,"No","Yes","No","No","No","Yes",,,,0,63,"Cecum",0,"Yes","AA","≤65","T3","N2","M1","III–IV","IV",,,,,,,,,,,,,,,,,,,,,,63,"IV",FALSE,,,,,,,,,
"aa909ffb-03e1-4e3f-8888-2212b23d90b7","TCGA-AA-3696","2010-5-18","Colon Adenocarcinoma","No","Yes","Female",-27667,,,"No","No",2009,"T3","N1","M1","Stage IV","R2","Yes",26,1,,0,"With tumor",,,,"No","No","No","No","No","Yes","Yes",,,0,75,"Sigmoid Colon",0,"Yes","AA","≥66","T3","N1","M1","III–IV","IV",276.5,"Low",221.2,"High",520.74,"Low",995.39,"Low",175.12,"Low",5663.59,"High",2036.87,"Low",153,1,1235.02,"Low",4.61,"Low",5.02628120893561,75,"IV",FALSE,8.11634396123747,7.79571500650173,9.02718723381596,9.96056673220574,7.46041493916217,12.4677558229898,10.9928463065597,10.2714863722955,2.48800077083407
"dde411b2-5d2b-4638-8149-89bc1eb3c7ad","TCGA-AA-3697","2010-5-18","Colon Adenocarcinoma","No","Yes","Male",-28367,,,"No","No",2003,"T3","N0","M0","Stage III","R0","Yes",50,0,,30,"With tumor","≤5 ng/mL",4.6,,,,"No","No","No","No",,,,0,77,"Sigmoid Colon",0,"Yes","AA","≥66","T3","N0","M0","III–IV","III",356.04,"Low",87.93,"Low",733.13,"High",1064.4,"Low",170.9,"Low",2265.02,"Low",2292.26,"Low",2587,0,1635.91,"High",56.97,"High",84.9868593955322,77,"III",FALSE,8.47994190147713,6.47459828053564,9.5198917484135,10.0571794706738,7.4254257345907,11.1459448791716,11.1631842154404,10.6767592869121,5.85723458049979
"f5c3bc61-1018-4351-bb23-aacc1459365f","TCGA-AA-3710","2010-5-18","Colon Adenocarcinoma","No","Yes","Female",-29465,,,"No","No",2008,"T3","N0","M0","Stage IIA","R0","Yes",20,0,,31,"With tumor",">5 ng/mL",5.12,,,"Yes","No","No","No","Yes",,,,0,80,"Hepatic Flexure",0,"Yes","AA","≥66","T3","N0","M0","I–II","II",405.09,"Low",90.52,"Low",540.88,"High",1321.64,"High",274.96,"High",9745.97,"High",1756.15,"Low",821,0,1352.19,"Low",38.47,"High",26.9710906701708,80,"II",FALSE,8.66565569098909,6.51601514700366,9.08182959011275,10.3692047227789,8.10831535538772,13.2507380886159,10.7790216376584,10.4021487055087,5.30268461411838
"2b94070a-21ec-457b-88af-3d2a89b97ac6","TCGA-AA-3712","2010-5-18","Colon Adenocarcinoma","No","Yes","Male",-23831,,,"No","No",2004,"T3","N2","M0","Stage III","R0","Yes",18,12,,0,"With tumor","≤5 ng/mL",0.88,,"Yes","Yes","No","No","No","No",,,,0,65,"Descending Colon",0,"Yes","AA","≤65","T3","N2","M0","III–IV","III",,,,,,,,,,,,,,,,,,,,,,65,"III",FALSE,,,,,,,,,
"57a2044d-20cc-4d02-b268-ce570a0fabe3","TCGA-AA-3713","2010-5-18","Colon Adenocarcinoma","No","Yes","Male",-24927,,,"Yes","No",2005,"T3","N0","M1","Stage IV","R2","Yes",15,0,,30,"With tumor",">5 ng/mL",83.68,,,,"No",,"Yes","Yes",,,,0,68,"Ascending Colon",0,"Yes","AA","≥66","T3","N0","M1","III–IV","IV",743.18,"High",158.67,"High",1248.93,"High",1452.77,"High",337.81,"High",2724.47,"Low",2339.57,"Low",579,0,2721.77,"High",97.67,"High",19.0210249671485,68,"IV",FALSE,9.53950780801516,7.31894946359502,10.2876315863649,10.5055833241352,8.40433264631467,11.4122893249004,11.192644197391,11.4108594037041,6.62453960378183
"e394e9ec-7288-4ede-9ef8-41b631d100dd","TCGA-AA-3715","2010-5-18","Colon Adenocarcinoma","No","Yes","Male",-28428,,,"Yes","No",2006,"T3","N0","M0","Stage II","R0","Yes",12,0,,30,"With tumor",">5 ng/mL",7.05,,,"Yes","No","No","No","Yes",,,,0,77,"Ascending Colon",0,"Yes","AA","≥66","T3","N0","M0","I–II","II",202.11,"Low",81.47,"Low",241.28,"Low",838.22,"Low",112.81,"Low",17110.58,"High",2027.39,"Low",579,1,247.55,"Low",14.1,"Low",19.0210249671485,77,"II",FALSE,7.66611746138935,6.36579750245938,7.9205315062779,9.71290524990749,6.83048351645765,14.0626853569644,10.9861193516837,7.95739229305525,3.91647664443772
"d7ebd11a-1339-4b28-be90-a788d2cfa706","TCGA-AA-3811","2010-5-18","Colon Adenocarcinoma","No","Yes","Female",-30893,,,"No","No",2007,"T3","N2","M0","Stage III","R0","Yes",15,5,,30,"With tumor","≤5 ng/mL",3.4,,"Yes","Yes","No","No","No","No",,,,0,84,"Hepatic Flexure",0,"Yes","AA","≥66","T3","N2","M0","III–IV","III",370.61,"Low",162.28,"High",515.35,"Low",895.83,"Low",260.96,"High",6536.18,"High",512.06,"Low",306,1,604.17,"Low",44.96,"High",10.0525624178712,84,"III",FALSE,8.53764551484377,7.35120427725799,9.0122054959108,9.80869072854175,8.03320272593722,12.6744527067158,9.0029837420023,9.24119666060104,5.52230689287139
"4563e4e0-a661-46de-ad25-9c86a621e147","TCGA-AA-3812","2010-5-18","Colon Adenocarcinoma","No","Yes","Female",-29980,,,"No","No",2007,"T3","N0","M0","Stage IIA","R0","Yes",13,0,,0,"With tumor","≤5 ng/mL",1.52,,,"Yes","No","No","No","No",,,,0,82,"Sigmoid Colon",0,"Yes","AA","≥66","T3","N0","M0","I–II","II",111.69,"Low",40.04,"Low",172.8,"Low",343.49,"Low",50.58,"Low",13311.77,"High",3382.2,"High",1066,0,326.63,"Low",0,"Low",35.0197109067017,82,"II",FALSE,6.81621568762287,5.35895882583233,7.44128427192704,8.42831829415624,5.68873986801449,13.700523164885,11.7241727501414,8.35592365563528,0
"f38d49b7-6cad-4460-abd0-3685a3b2d941","TCGA-AA-3814","2010-5-18","Colon Adenocarcinoma","No","Yes","Female",-31380,,,"Yes","No",2007,"T3","N0","M0","Stage IIA","R0","Yes",23,0,,0,"With tumor","≤5 ng/mL",4.03,,"Yes","Yes","No","No","No","No",,,,0,85,"Ascending Colon",0,"Yes","AA","≥66","T3","N0","M0","I–II","II",,,,,,,,,,,,,,,,,,,,,,85,"II",FALSE,,,,,,,,,
"b16bb717-d1cf-4237-a554-43f3995b82f2","TCGA-AA-3815","2010-5-18","Colon Adenocarcinoma","No","Yes","Female",-23922,,,"No","No",2007,"T3","N0","M0","Stage IIA","R0","Yes",20,0,,0,"With tumor","≤5 ng/mL",0.82,,,"Yes","No","No","No","No",,,,1,65,"Cecum",0,"Yes","AA","≤65","T3","N0","M0","I–II","II",314.57,"Low",67.79,"Low",333.63,"Low",870.62,"Low",176.88,"Low",5346.57,"Low",4233.4,"High",1005,0,507.33,"Low",74.14,"High",33.0157687253614,65,"II",FALSE,8.30181625029583,6.10412695052722,8.38642298037238,9.7675554903701,7.47476049957678,12.3846677471374,12.0479418437475,8.98962156629009,6.23150921086705
"fdffda5f-72b2-4153-b7f1-d7043b7ca898","TCGA-AA-3818","2010-5-18","Colon Adenocarcinoma","No","Yes","Female",-28763,,,"No","No",2007,"T3","N0","M0","Stage IIA","R0","Yes",18,0,,,"With tumor","≤5 ng/mL",3.79,,"No","No","No","No","No","No",,,,0,78,"Hepatic Flexure",0,"Yes","AA","≥66","T3","N0","M0","I–II","II",427.42,"High",144.6,"High",380.41,"Low",1486.79,"High",213.31,"Low",8471.75,"High",2283.31,"Low",30,1,1052.98,"Low",6.39,"Low",0.985545335085414,78,"II",FALSE,8.74288202100041,7.18586654531133,8.57519885922844,10.5389551905843,7.743555359499,13.0486145856766,11.1575427344498,10.04163177576,2.88557436437143
"192da41f-f0a5-494e-8eb9-96bcdae56ff8","TCGA-AA-3819","2010-5-18","Colon Adenocarcinoma","No","Yes","Female",-15280,,,"No","No",2008,"T3","N0","M0","Stage IIA","R0","Yes",14,0,,0,"With tumor","≤5 ng/mL",1.28,,"Yes","Yes","No","No","No","No",,,,0,41,"Sigmoid Colon",0,"Yes","AA","≤65","T3","N0","M0","I–II","II",534.05,"High",92.19,"Low",672.76,"High",1031.56,"Low",297.34,"High",5096.35,"Low",2281.56,"Low",761,0,1615.45,"High",68.11,"High",25,41,"II",FALSE,9.06352990630061,6.54210324585659,9.39609097039437,10.0120099008709,8.22081361006558,12.3155317012619,11.1564370684487,10.6586131674013,6.1108225740478
"0e87e5fd-d5bb-4c0d-952d-711a6abbf336","TCGA-AA-3821","2010-5-18","Colon Mucinous Adenocarcinoma","No","Yes","Female",-29706,,,"No","No",2008,"T2","N0","M0","Stage I","R0","Yes",13,0,,0,"With tumor","≤5 ng/mL",2.14,,,,"No","No","No","Yes",,,,0,81,"Hepatic Flexure",0,"Yes","AA","≥66","T2","N0","M0","I–II","I",605.99,"High",89.9,"Low",1064.37,"High",1102.11,"Low",234.18,"Low",6069.92,"High",2872.36,"High",31,0,1916.76,"High",8.88,"Low",1.01839684625493,81,"I",FALSE,9.24552893843155,6.50620838930675,10.0571388460628,10.1073609455295,7.87762156658306,12.5676994467548,11.4885230424743,10.9052064687957,3.30451104180995
"bce5579c-08c6-48e9-853e-fac85ba8cbea","TCGA-AA-3831","2010-5-18","Colon Adenocarcinoma","No","Yes","Male",-24411,,,"No","No",2008,"T3","N0","M0","Stage IIA","R0","Yes",12,0,,0,"With tumor",,,,"Yes","Yes","No","No","No","No",,,,0,66,"Sigmoid Colon",0,"Yes","AA","≥66","T3","N0","M0","I–II","II",436.66,"High",108.95,"High",645.72,"High",1298.14,"High",196.79,"Low",2804.05,"Low",3780.4,"High",547,0,1803.21,"High",5.91,"Low",17.969776609724,66,"II",FALSE,8.77366672445157,6.78070379396761,9.33699741660501,10.3433411938331,7.62782567696828,11.4538107717561,11.8847047516792,10.8171515547,2.78868571061353
"1a09207e-9184-4f32-bd07-a9f4dc6c825d","TCGA-AA-3833","2010-5-18","Colon Adenocarcinoma","No","Yes","Female",-23011,,,"No","No",2008,"T3","N0","M0","Stage IIA","R0","Yes",12,0,,0,"With tumor",,,,"Yes","Yes","No","No","No","Yes",,,,0,63,"Ascending Colon",0,"Yes","AA","≤65","T3","N0","M0","I–II","II",435.52,"High",115.38,"High",331.97,"Low",1159.5,"High",214.93,"Low",12116.52,"High",2786.2,"High",485,0,592.76,"Low",66.74,"High",15.9329829172142,63,"II",FALSE,8.76990394498066,6.8626993409766,8.37924838869009,10.1805308073445,7.75441988632874,13.5648068432278,11.4446008137115,9.2137360959228,6.08193608171943
"0f940ec0-eb0b-422a-a764-a26c8e5c216d","TCGA-AA-3837","2010-5-18","Colon Mucinous Adenocarcinoma","No","Yes","Male",-24655,,,"No","No",2008,"T3","N0","M0","Stage IIA","R0","Yes",36,0,,31,"With tumor",,,,,"Yes","No","No","No","Yes",,,,2,67,"Hepatic Flexure",0,"Yes","AA","≥66","T3","N0","M0","I–II","II",268.38,"Low",139.71,"High",426.47,"Low",863.97,"Low",169.12,"Low",9007.35,"High",2551.47,"High",1186,0,1419.12,"High",47.79,"High",38.9618922470434,67,"II",FALSE,8.07349893229018,7.1365810516665,8.7396793644635,9.75650628599024,7.41040894985104,13.1370471659718,11.3176782894065,10.4717971271317,5.6085135781513
"7dfbc0ed-e684-4966-8b59-fb6b9e80c129","TCGA-AA-3841","2010-5-18","Colon Adenocarcinoma","No","Yes","Male",-24230,,,"No","No",2009,"T3","N0","M0","Stage IIA","R0","Yes",24,0,,0,"With tumor",,,,"Yes","Yes","No","No","Yes","Yes",,,,0,66,"Sigmoid Colon",0,"Yes","AA","≥66","T3","N0","M0","I–II","II",61.5,"Low",63.78,"Low",357.77,"Low",305.24,"Low",66.06,"Low",12977.22,"High",3861.05,"High",1124,0,394.08,"Low",20.5,"High",36.9250985545335,66,"II",FALSE,5.96578428466209,6.01747656302046,8.48691544831304,8.2585189247113,6.06738057801906,13.6638049067025,11.9151511269116,8.62600100488014,4.4262647547021
"80311cf5-7e18-4545-92ad-c4b7dd5c9677","TCGA-AA-3842","2010-5-18","Colon Adenocarcinoma","No","Yes","Male",-18842,,,"No","No",2009,"T2","N1","M0","Stage IIIA","R0","Yes",12,2,,31,"With tumor",,,,"Yes","Yes","No","No","No","Yes",,,,0,51,"Sigmoid Colon",0,"Yes","AA","≤65","T2","N1","M0","III–IV","III",396.58,"Low",92.72,"Low",435.12,"Low",1403.71,"High",338.09,"High",3885.88,"Low",549.22,"Low",1126,0,967.19,"Low",0,"Low",36.9908015768725,51,"III",FALSE,8.63510137467657,6.55028504908841,8.76858134217361,10.4560566039012,8.40552442868499,11.9243968525714,9.10386477104354,9.91914638310083,0
"4f786107-3cf5-4ab3-bba4-f399dee23f0e","TCGA-AA-3844","2010-5-18","Colon Adenocarcinoma","No","Yes","Female",-28521,,,"Yes","No",2009,"T3","N2","M0","Stage IIIC","R0","Yes",18,7,,28,"With tumor",,,,"Yes","Yes","No","No","No","No",,,,0,78,"Sigmoid Colon",0,"Yes","AA","≥66","T3","N2","M0","III–IV","III",571.74,"High",117.2,"High",600.22,"High",1652.79,"High",196.06,"Low",4956.19,"Low",3562.98,"High",454,0,945.24,"Low",6.57,"Low",14.9145860709593,78,"III",FALSE,9.16173655417093,6.88508622529017,9.23174919207772,10.6915603358622,7.62249115206117,12.2753068403847,11.7992735255674,9.8860623383456,2.92029330021101
"bc02f801-081b-489b-87cb-d275c70299d5","TCGA-AA-3845","2010-5-18","Colon Adenocarcinoma","No","Yes","Female",-31593,,,"No","No",2009,"T3","N0","M0","Stage IIA","R0","Yes",12,0,,,"With tumor",,,,,"Yes","No","No","No","No",,,,0,86,"Ascending Colon",0,"Yes","AA","≥66","T3","N0","M0","I–II","II",,,,,,,,,,,,,,,,,,,,,,86,"II",FALSE,,,,,,,,,
"f2ef5afa-6191-43a1-a023-d53c0d985139","TCGA-AA-3846","2010-5-18","Colon Adenocarcinoma","No","Yes","Female",-27057,,,"No","No",2009,"T3","N0","M0","Stage IIA","R0","Yes",16,0,,31,"With tumor",,,,,"Yes","No","No","No","Yes",,,,0,74,"Sigmoid Colon",0,"Yes","AA","≥66","T3","N0","M0","I–II","II",455.03,"High",91.01,"Low",765.08,"High",1370.37,"High",289.95,"High",2953.45,"Low",562.96,"Low",518,0,1815.88,"High",55.03,"High",17.0170827858081,74,"II",FALSE,8.83298492519013,6.52371876221345,9.58135124716878,10.4214021520218,8.18462743586396,11.5286738681528,9.13944902997307,10.8272474212831,5.80812758745547
"0a815133-0edd-4422-89f2-2f067b6f2156","TCGA-AA-3848","2010-5-18","Colon Adenocarcinoma","No","Yes","Female",-30194,,,"No","No",2009,"T3","N2","M0","Stage IIIC","R0","Yes",12,6,,30,"With tumor",,,,"Yes","Yes","No","No","No","Yes",,,,0,82,"Sigmoid Colon",0,"Yes","AA","≥66","T3","N2","M0","III–IV","III",26.65,"Low",58.29,"Low",469.66,"Low",331.43,"Low",86.6,"Low",4075.38,"Low",702.82,"Low",306,1,434.68,"Low",0,"Low",10.0525624178712,82,"III",FALSE,4.78920757534734,5.88971689161508,8.87854143763135,8.37690677314122,6.45285896471381,11.9930728304156,9.45906270058133,8.76712507726907,0
"21bdad0d-c6a2-428c-b2b4-0de282b34abc","TCGA-AA-3850","2010-5-18","Colon Adenocarcinoma","No","Yes","Male",-27090,,,"No","No",2009,"T2","N0","M0","Stage I","R0","Yes",15,0,,,"With tumor",,,,,"Yes","No","No","No","Yes",,,,0,74,"Transverse Colon",0,"Yes","AA","≥66","T2","N0","M0","I–II","I",,,,,,,,,,,,,,,,,,,,,,74,"I",FALSE,,,,,,,,,
"1add38c2-df6f-47c9-9373-0bec0e40baf8","TCGA-AA-3851","2010-5-18","Colon Adenocarcinoma","No","Yes","Male",-27090,,,"No","No",2009,"T3","N0","M0","Stage IIA","R0","Yes",14,0,,0,"With tumor",">5 ng/mL",7.55,,"Yes","Yes","No","No","No","Yes",,,,1,74,"Ascending Colon",0,"Yes","AA","≥66","T3","N0","M0","I–II","II",267.68,"Low",84.85,"Low",367.68,"Low",1312.12,"High",248.48,"High",9333.33,"High",2753.54,"High",1006,0,1208.08,"Low",64.65,"High",33.0486202365309,74,"II",FALSE,8.06974512379903,6.42374622911477,8.52622534560588,10.3587830481847,7.9627803538048,13.1883307569939,11.4275956977857,10.2396939897825,6.03672310600552
"6fc5e56a-1f5e-4ff1-948e-5ef636ebb48d","TCGA-AA-3852","2010-5-18","Colon Mucinous Adenocarcinoma","No","Yes","Male",-32203,,,"No","No",2009,"T3","N0","M0","Stage IIA","R0","Yes",13,0,,,"With tumor",,,,"Yes","Yes","No","No","No","Yes",,,,0,88,"Transverse Colon",0,"Yes","AA","≥66","T3","N0","M0","I–II","II",,,,,,,,,,,,,,,,,,,,,,88,"II",FALSE,,,,,,,,,
"7a6c54f1-f4e4-426b-b306-2ca3c4de12ca","TCGA-AA-3854","2010-5-18","Colon Mucinous Adenocarcinoma","No","Yes","Female",-26022,,,"No","No",2009,"T2","N0","M0","Stage I","R0","Yes",12,0,,31,"With tumor",,,,"Yes","Yes","No","No","No","Yes",,,,0,71,"Sigmoid Colon",0,"Yes","AA","≥66","T2","N0","M0","I–II","I",400.08,"Low",140.49,"High",392.85,"Low",1644.61,"High",178.66,"Low",6931.17,"High",2887.61,"High",1096,0,1162.07,"Low",9.93,"Low",36.0052562417871,71,"I",FALSE,8.6477462172081,7.14455628198228,8.62150246549624,10.6844067505959,7.48912542875463,12.7590913193029,11.496159719078,10.1837222134713,3.45022149589718
"b4c3cf95-a27c-4bcf-9321-38723473e83b","TCGA-AA-3855","2010-5-18","Colon Adenocarcinoma","No","Yes","Male",-26541,,,"No","No",2009,"T2","N0","M0","Stage I","R0","Yes",36,0,,0,"With tumor",,,,"Yes","Yes","No","No","No","Yes",,,,0,72,"Sigmoid Colon",0,"Yes","AA","≥66","T2","N0","M0","I–II","I",502.74,"High",113.06,"High",527.99,"Low",726.67,"Low",127.33,"Low",4986.83,"Low",2254.67,"Low",975,0,1532.38,"High",30.74,"High",32.0302233902759,72,"I",FALSE,8.97653548402356,6.83364912759498,9.04709663973828,9.50714052302702,7.00371466177598,12.2841965793532,11.1393403044435,10.5824995525524,4.98823022306046
"0b8de222-119a-40f3-8beb-12b9d933225b","TCGA-AA-3856","2010-5-18","Colon Adenocarcinoma","No","Yes","Male",-21670,,,"No","No",2009,"T3","N0","M0","Stage IIA","R0","Yes",13,0,,30,"With tumor",,,,"Yes","Yes","No","No","No","Yes",,,,0,59,"Sigmoid Colon",0,"Yes","AA","≤65","T3","N0","M0","I–II","II",302.25,"Low",103.59,"Low",649.34,"High",722.01,"Low",214.13,"Low",3399.77,"Low",698.04,"Low",30,0,1277.04,"Low",132.96,"High",0.985545335085414,59,"II",FALSE,8.24436383512051,6.70860110981008,9.34505035110003,9.49787179110138,7.74906491320291,11.7316457220281,9.44923120066949,10.3197172750147,7.06565847093199
"44c2854e-3f8c-48e1-b4d5-1b5778d4fce4","TCGA-AA-3858","2010-5-18","Colon Adenocarcinoma","No","Yes","Male",-24806,,,"No","No",2009,"T2","N0","M0","Stage I","R0","Yes",12,0,,0,"With tumor",,,,"Yes","Yes","No","No","No","Yes",,,,1,67,"Sigmoid Colon",0,"Yes","AA","≥66","T2","N0","M0","I–II","I",208.37,"Low",75.17,"Low",481.63,"Low",465.27,"Low",176.97,"Low",4089.44,"Low",774.5,"Low",945,0,810.66,"Low",17.13,"High",31.0446780551905,67,"I",FALSE,7.70991092740223,6.25115099059394,8.91477378520001,8.86502179885731,7.47549025962427,11.9980403238378,9.59898297103609,9.66473170654862,4.18030701996943
"ac6a3df9-41b1-4e5a-a15e-f44481384c23","TCGA-AA-3860","2010-5-18","Colon Adenocarcinoma","No","Yes","Female",-19449,,,"Yes","No",2009,"T3","N1","M0","Stage IIIB","R0","Yes",14,2,,0,"With tumor",,,,"Yes","Yes","No","No","No","Yes",,,,0,53,"Sigmoid Colon",0,"Yes","AA","≤65","T3","N1","M0","III–IV","III",288.4,"Low",89.36,"Low",682.11,"High",931.2,"Low",216.3,"Low",6691.04,"High",671.24,"Low",945,0,1519.17,"High",101.55,"High",31.0446780551905,53,"III",FALSE,8.17692111164436,6.49761236561836,9.41597410163783,9.86449570265158,7.76354436429392,12.7082303534139,9.39283257902094,10.5700169533592,6.68018368159249
"5da56982-6de7-4994-aa9e-3b01200b2959","TCGA-AA-3861","2010-5-18","Colon Adenocarcinoma","No","Yes","Male",-26602,,,"No","No",2009,"T3","N0","M0","Stage IIA","R0","Yes",17,0,,0,"With tumor",,,,"Yes","Yes","No","No","Yes","No",,,,0,72,"Cecum",0,"Yes","AA","≥66","T3","N0","M0","I–II","II",486.73,"High",74.59,"Low",414.67,"Low",1595.45,"High",183.31,"Low",7571.43,"High",2584.07,"High",914,0,1494.31,"High",91.02,"High",30.0262812089356,72,"II",FALSE,8.92993890424428,6.24012348403402,8.69929481838884,10.6406516538046,7.52599053832894,12.8865406213843,11.3359876318505,10.5462288922294,6.52387555132852
"05ff79c5-1127-4cac-8f4c-84089a3f2cde","TCGA-AA-3862","2010-5-18","Colon Adenocarcinoma","No","Yes","Male",-30163,,,"Yes","No",2009,"T3","N0","M0","Stage IIA","R0","Yes",16,0,,31,"With tumor",,,,,"Yes","No","No","No","No",,,,0,82,"Transverse Colon",0,"Yes","AA","≥66","T3","N0","M0","I–II","II",190.68,"Low",125.71,"High",278.97,"Low",1271.19,"High",235.88,"Low",4066.38,"Low",2326.27,"Low",914,0,987.29,"Low",48.02,"High",30.0262812089356,82,"II",FALSE,7.58255600301406,6.98538657677202,8.12912843419493,10.3130984360922,7.88801258540283,11.9898840673248,11.1844228804782,9.9487906325682,5.61529857909211
"c82bbe23-0264-45a7-b1a6-82b4654108c8","TCGA-AA-3864","2010-5-18","Colon Adenocarcinoma","No","Yes","Male",-26237,,,"No","No",2005,"T3","N0","M0","Stage II","R0","Yes",21,0,,0,,"≤5 ng/mL",3.12,,"No","No","No","No","No","No",,,,0,71,"Cecum",0,"Yes","AA","≥66","T3","N0","M0","I–II","II",218.92,"Low",111.32,"High",718,"High",2102.97,"High",229.13,"Low",6080.7,"High",3574.21,"High",1612,0,752.32,"Low",33.4,"High",52.9566360052562,71,"II",FALSE,7.78083500173823,6.81147103052984,9.4898479604393,11.0388984183989,7.84630525690924,12.5702589370737,11.8038122697869,9.55711902192992,5.10433665981474
"02f9668c-71e6-485f-88b1-b37dc8bdd2ab","TCGA-AA-3866","2010-5-18","Colon Adenocarcinoma","No","Yes","Female",-28672,,,"No","No",2006,"T2","N0","M0","Stage I","R0","Yes",23,0,,0,"With tumor",">5 ng/mL",11.36,,"No","No","No","No","No","No",,,,0,78,"Cecum",0,"Yes","AA","≥66","T2","N0","M0","I–II","I",284.31,"Low",122.1,"High",745.99,"High",1313.73,"High",442.07,"High",9255.79,"High",376.11,"Low",518,0,1883.24,"High",36.54,"High",17.0170827858081,78,"I",FALSE,8.15638650345768,6.94368695159709,9.54494511947334,10.3605508350116,8.79139083590246,13.1762962779371,8.55884159737211,10.8797670207156,5.23035674505615
"d655bbf6-c710-411d-aff5-ceb0fb6e6680","TCGA-AA-3867","2010-5-18","Colon Adenocarcinoma","No","Yes","Male",-27028,,,"Yes","No",2007,"T3","N2","M1","Stage IV","R2","Yes",24,4,,0,"With tumor",">5 ng/mL",304.5,,"No","Yes","No","No","No","Yes",,,,0,74,"Sigmoid Colon",0,"Yes","AA","≥66","T3","N2","M1","III–IV","IV",182.95,"Low",162.04,"High",330.35,"Low",647.11,"Low",273.9,"High",5515.6,"Low",1943.42,"Low",731,0,2286.32,"High",46,"High",24.0144546649146,74,"IV",FALSE,7.52316986608561,7.34908214639109,8.37221210918907,9.3400948840365,8.10276309662559,12.4295636613743,10.9251241633131,11.1594425000478,5.55458885167764
"39d3b5b3-d51e-4d77-a8aa-2977fa734fab","TCGA-AA-3869","2010-5-18","Colon Adenocarcinoma","No","Yes","Male",-28062,,,"No","No",2009,"T4","N2","M1","Stage IV","R2","Yes",28,14,,0,"With tumor",,,,"No","Yes","No","No","No","No",,,,0,76,"Cecum",0,"Yes","AA","≥66","T4","N2","M1","III–IV","IV",467.85,"High",135.04,"High",362.43,"Low",1289.43,"High",236.1,"Low",5319.77,"Low",2592.8,"High",822,1,1156.13,"Low",5.23,"Low",27.0039421813403,76,"IV",FALSE,8.872982622388,7.08788710093312,8.50553370418668,10.3336361685257,7.88935185259465,12.377419326403,11.3408515267297,10.1763352405678,2.63923216324928
"beb63625-d9bf-4ccd-bc53-635b53d24240","TCGA-AA-3870","2010-5-18","Colon Adenocarcinoma","No","Yes","Female",-26086,,,"Yes","No",2009,"T3","N2","M1","Stage IV","R0","Yes",23,5,,0,"With tumor",,,,"No","Yes","No","No","No","Yes",,,,1,71,"Ascending Colon",0,"Yes","AA","≥66","T3","N2","M1","III–IV","IV",336.85,"Low",112.68,"High",323.93,"Low",1002.35,"Low",296.95,"High",18650.23,"High",336.85,"Low",912,0,1018.78,"Low",39.91,"High",29.9605781865966,71,"IV",FALSE,8.40023904489449,6.82883464946806,8.34398514013082,9.97060923576077,8.21892643722627,14.1869831551445,8.40023904489449,9.99404223377791,5.35438163211332
"20ccd267-74e5-4574-a8e1-028bcd74aaeb","TCGA-AA-3872","2010-5-18","Colon Adenocarcinoma","No","Yes","Male",-16651,,,"No","No",2009,"T4","N2","M1","Stage IV","R2","Yes",29,23,,0,"With tumor",,,,"Yes","Yes","No","No","No","No",,,,0,45,"Sigmoid Colon",0,"Yes","AA","≤65","T4","N2","M1","III–IV","IV",,,,,,,,,,,,,,,,,,,,,,45,"IV",FALSE,,,,,,,,,
"5498d5ef-ad24-4034-9750-7c996c5355e1","TCGA-AA-3875","2010-5-18","Colon Adenocarcinoma","No","Yes","Female",-28640,,,"No","No",2007,"T1","N0","M0","Stage I","R0","Yes",31,0,,0,"With tumor","≤5 ng/mL",0.87,,"No","No","No","No","No","No",,,,0,78,"Ascending Colon",0,"Yes","AA","≥66","T1","N0","M0","I–II","I",488.07,"High",93.02,"Low",733.31,"High",1112.65,"Low",240.41,"Low",3236.48,"Low",1513.74,"Low",549,0,1640.59,"High",106.31,"High",18.0354796320631,78,"I",FALSE,8.93389716093449,6.55489577541901,9.52024543682932,10.1210801756854,7.91534162830179,11.660655565032,10.5648544658843,10.6808781323459,6.74564071394166
"043a4745-566b-4106-b159-99cb8b394b81","TCGA-AA-3877","2010-5-18","Colon Mucinous Adenocarcinoma","No","Yes","Female",-30377,,,"No","No",2007,"T1","N0","M0","Stage I","R0","Yes",18,0,,30,"With tumor",">5 ng/mL",5.6,,"No","No","No","No","No","Yes",,,,0,83,"Transverse Colon",0,"Yes","AA","≥66","T1","N0","M0","I–II","I",489.53,"High",71.66,"Low",622.76,"High",1123.39,"Low",196.82,"Low",8338.13,"High",2372.95,"Low",943,0,929.6,"Low",28.26,"High",30.9789750328515,83,"I",FALSE,8.93819756174973,6.18308946064076,9.28484722941863,10.1349268126369,7.62804448261682,13.0256811635171,11.2130738340009,9.86201737686988,4.87085786436376
"81f6b141-2195-4091-9cd3-dfb022663949","TCGA-AA-3930","2010-5-18","Colon Adenocarcinoma","No","Yes","Male",-24321,,,"No","No",2008,"T3","N2","M1","Stage IV","R2","Yes",29,24,,0,"With tumor",,,,"Yes","Yes","No","No","No","No",,,,0,66,"Ascending Colon",0,"Yes","AA","≥66","T3","N2","M1","III–IV","IV",360.68,"Low",85.14,"Low",780.19,"High",2182.66,"High",210.53,"Low",5758.51,"High",388.54,"Low",61,1,1331.27,"Low",35.6,"High",2.00394218134034,66,"IV",FALSE,8.49857001254426,6.42861141846713,9.60952967120277,11.092532528054,7.72471847620247,12.4917303618435,8.60562766912371,10.3796707756202,5.19377174339668
"81555ac5-9cc2-49ae-9033-657f56243f20","TCGA-AA-3939","2010-5-18","Colon Adenocarcinoma","No","Yes","Male",-30439,,,"Yes","No",2009,"T3","N0","M0","Stage IIA","R0","Yes",40,0,,30,"With tumor",,,,"No","No","No","No","No","Yes",,,,0,83,"Ascending Colon",0,"Yes","AA","≥66","T3","N0","M0","I–II","II",336.72,"Low",62.26,"Low",364.68,"Low",2415.5,"High",191.87,"Low",9345.62,"High",3379.92,"High",395,0,922.49,"Low",88.95,"High",12.9763469119579,83,"II",FALSE,8.39968380899701,5.98322165074267,8.51443791382931,11.2387032794277,7.59148494634413,13.1902290249739,11.7232001639609,9.85095252886168,6.49105137636412
"835c3e23-ac2b-4bc9-ac65-e3e81adecf77","TCGA-AA-3941","2010-5-18","Colon Adenocarcinoma","No","Yes","Female",-31015,,,"No","No",2010,"T4","N1b","M1a","Stage IVA","R0","Yes",41,3,,31,"With tumor",,,,"No","Yes","No","No","Yes","No",,,,0,84,"Ascending Colon",0,"Yes","AA","≥66","T4","N1","M1","III–IV","IV",357.79,"Low",60.95,"Low",324.05,"Low",2206.55,"High",259.59,"High",7867.95,"High",1742.62,"Low",730,0,1529.35,"High",56.43,"High",23.9816031537451,84,"IV",FALSE,8.48699587057968,5.95303237725324,8.34451784392747,11.1082303992901,8.0256379121028,12.9419554260042,10.7678699418351,10.5796459281148,5.84373265661131
"654c6f5c-3e5c-49f0-b53f-87cd9797d7c9","TCGA-AA-3947","2010-5-18","Colon Mucinous Adenocarcinoma","No","Yes","Female",-22035,,,"No","No",2009,"T4","N0","M0","Stage IIB","R0","Yes",22,0,,30,"With tumor",,,,"No","No","No","No","No","Yes",,,,0,60,"Ascending Colon",0,"Yes","AA","≤65","T4","N0","M0","I–II","II",574.57,"High",72.35,"Low",638.41,"High",2000.36,"High",468.17,"High",2934.57,"Low",2457.89,"Low",1004,0,1210.86,"Low",21.28,"High",32.9829172141919,60,"II",FALSE,9.16884758730958,6.19672506078603,9.32059749697979,10.9667649838899,8.8739669562636,11.5194249434767,11.2637914811641,10.2430073259053,4.47767732756531
"cbdabbcd-d8f1-4d7c-9e18-ebd83d888c51","TCGA-AA-3949","2010-5-18","Colon Mucinous Adenocarcinoma","No","Yes","Female",-32081,,,"No","No",2009,"T3","N1","M0","Stage IIIB","R0","Yes",19,3,,30,"With tumor",,,,"No","No","No","No","No","No",,,,0,87,"Ascending Colon",0,"Yes","AA","≥66","T3","N1","M0","III–IV","III",382.88,"Low",79.16,"Low",368.34,"Low",2150.24,"High",253.63,"High",12100.16,"High",3024.23,"High",791,0,785.14,"Low",132.47,"High",25.9855453350854,87,"III",FALSE,8.5845115880621,6.32481060342048,8.52880570651974,11.0709527706015,7.99225859448727,13.5628577283744,11.5628291153949,9.61864244795843,7.06037169412222
"cc53bf9e-5e27-4305-a08b-552120c10aa5","TCGA-AA-3950","2010-5-18","Colon Mucinous Adenocarcinoma","No","Yes","Female",-29130,,,"Yes","No",2010,"T3","N0","M0","Stage IIA","R0","Yes",17,0,,31,"With tumor",,,,"No","No","No","No","No","No",,,,2,79,"Ascending Colon",0,"Yes","AA","≥66","T3","N0","M0","I–II","II",193.84,"Low",141.21,"High",145.06,"Low",1922.98,"High",250.32,"High",13743.26,"High",2612.32,"High",730,0,473.68,"Low",8.99,"Low",23.9816031537451,79,"II",FALSE,7.60614607806572,7.15187910651233,7.19041732545997,10.9098780868621,7.97338167497138,13.7465416128412,11.3516680775737,8.89081145481768,3.32048467801769
"c1e141af-bdd1-4176-8c0e-cf1ab0c1d9d3","TCGA-AA-3952","2010-5-18","Colon Adenocarcinoma","No","Yes","Male",-24868,,,"Yes","No",2008,"T3","N2","M0","Stage IIIC","R0","Yes",14,6,,,"With tumor",,,,"Yes","Yes","No","No","No","Yes",,,,0,68,"Descending Colon",0,"Yes","AA","≥66","T3","N2","M0","III–IV","III",197.69,"Low",99.89,"Low",411.15,"Low",1013.67,"Low",312.3,"High",9518.4,"High",236.59,"Low",61,1,947.42,"Low",4.21,"Low",2.00394218134034,68,"III",FALSE,7.63437545383964,6.65663937447301,8.68702568463883,9.98679488224583,8.29140095948369,13.2166549291718,7.89233030514735,9.88938227604107,2.38128337250378
"5c24435e-8e50-42c2-80c7-919b1cad0133","TCGA-AA-3955","2010-5-18","Colon Adenocarcinoma","No","Yes","Male",-14186,,,"No","No",2010,"T2","N2a","M0","Stage IIIB","R0","Yes",31,5,,0,"With tumor",,,,"No","Yes","No","No","No","Yes",,,,0,38,"Descending Colon",0,"Yes","AA","≤65","T2","N2","M0","III–IV","III",369.71,"Low",99.43,"Low",581.17,"High",1358.39,"High",222.66,"Low",3348.35,"Low",645.58,"Low",638,0,1053.1,"Low",2.8,"Low",20.9592641261498,38,"III",FALSE,8.53414722253584,6.65004647884679,9.18529668714271,10.4087436998165,7.80516345349566,11.7096654271685,9.33668507251391,10.0417960232317,1.92599941855622
"7b47489f-c3cc-4388-b5d7-c7c02790a5f6","TCGA-AA-3956","2010-5-18","Colon Adenocarcinoma","No","Yes","Male",-24045,,,"No","No",2007,"T3","N0","M0","Stage IIA","R0","Yes",36,0,,0,"With tumor","≤5 ng/mL",3.5,,"No","No","No","No","No","Yes",,,,0,65,"Cecum",0,"Yes","AA","≤65","T3","N0","M0","I–II","II",577.74,"High",54.01,"Low",548.28,"High",1296.24,"High",255.32,"High",4225.86,"Low",1824.88,"Low",1035,0,1350.25,"Low",37.64,"High",34.0013140604468,65,"II",FALSE,9.17677155015615,5.7816219978706,9.10139795218253,10.3412296993162,8.00180224263399,12.045370613579,10.8343762366799,10.400078902622,5.27202318906105
"bc42fe2d-1a33-428d-a601-b1871f4c8d9b","TCGA-AA-3966","2010-5-18","Colon Mucinous Adenocarcinoma","No","Yes","Female",-32537,,,"No","No",2009,"T3","N0","M0","Stage IIA",,"Yes",14,0,,61,"With tumor",,,,"Yes","Yes","No","No","No","Yes",,,,0,89,"Hepatic Flexure",0,"Yes","AA","≥66","T3","N0","M0","I–II","II",440.31,"High",88.24,"Low",345.16,"Low",1433.39,"High",242.21,"Low",26967.99,"High",3661.73,"High",61,0,795.85,"Low",19.9,"High",2.00394218134034,89,"II",FALSE,8.78564862865208,6.47961860846942,8.43529521564717,10.4862216201166,7.9260587386788,14.7190138725996,11.8387036406314,9.6381643649027,4.38543103719352
"86a9e44f-728e-48e4-9e1b-682b023f7c0a","TCGA-AA-3967","2010-5-18","Colon Adenocarcinoma","No","Yes","Male",-28216,,,"No","No",2008,"T3","N1","M0","Stage IIIB","R0","Yes",33,2,,0,"With tumor","≤5 ng/mL",2.27,,"No","No","No","No","No","Yes",,,,0,77,"Sigmoid Colon",0,"Yes","AA","≥66","T3","N1","M0","III–IV","III",,,,,,,,,,,,,,,,,,,,,,77,"III",FALSE,,,,,,,,,
"cab7bdbc-0a11-4901-97c3-26b884f79cb5","TCGA-AA-3968","2010-5-18","Colon Adenocarcinoma","No","Yes","Female",-20089,,,"No","No",2008,"T2","N0","M0","Stage I","R0","Yes",19,0,,0,"With tumor","≤5 ng/mL",1.55,,"No","No","No","No","No","No",,,,1,55,"Sigmoid Colon",0,"Yes","AA","≤65","T2","N0","M0","I–II","I",441.41,"High",119.14,"High",1261.72,"High",1220.7,"High",218.75,"Low",3601.56,"Low",5734.38,"High",669,0,1982.42,"High",77.15,"High",21.9776609724047,55,"I",FALSE,8.78924018562618,6.90857275875175,10.3023190509488,10.2546743458842,7.7797193551434,11.8148067430931,12.485673360433,10.9537744931204,6.2881739681123
"733d8b6a-ca9d-4a69-8c9c-1f88733e8b68","TCGA-AA-3970","2010-5-18","Colon Adenocarcinoma","No","Yes","Male",-23741,,,"No","No",2009,"T3","N0","M0","Stage IIA","R0","Yes",27,0,,0,"With tumor",,,,"No","No","No","No","No","Yes",,,,0,65,"Sigmoid Colon",0,"Yes","AA","≤65","T3","N0","M0","I–II","II",460.22,"High",49.46,"Low",781.72,"High",793.55,"Low",275.27,"High",2863.44,"Low",2137.63,"Low",1096,0,1652.69,"High",96.77,"High",36.0052562417871,65,"II",FALSE,8.84931126407232,5.65706830120158,9.61235249875266,9.63399419913118,8.10993509900778,11.4840374033332,11.0624711910369,10.6914730975393,6.611319947685
"10994156-7c2f-420e-aeb8-11d566b3d5e4","TCGA-AA-3971","2010-5-18","Colon Adenocarcinoma","No","Yes","Male",-21518,,,"No","No",2007,"T3","N1","M0","Stage III","R0","Yes",19,2,,0,"With tumor","≤5 ng/mL",1.48,,"No","No","No","No","No","No",,,,0,58,"Sigmoid Colon",0,"Yes","AA","≤65","T3","N1","M0","III–IV","III",249.2,"Low",129.93,"High",346.11,"Low",1040.47,"Low",314.16,"High",5718.85,"High",665.55,"Low",489,0,1859.42,"High",111.82,"High",16.0643889618922,58,"III",FALSE,7.96693797927846,7.03265188974982,8.43924911859035,10.0244055671759,8.29994062982406,12.4817615982578,9.38056929021493,10.8614126390684,6.81787903183014
"93cd5d07-e0d3-40f8-ae7f-beadb1efb7c1","TCGA-AA-3972","2010-5-18","Colon Adenocarcinoma","No","Yes","Male",-26360,,,"Yes","No",2008,"T3","N1","M1","Stage IV","R2","Yes",12,3,,0,"With tumor",">5 ng/mL",5.15,,"No","No","No","No","No","No",,,,0,72,"Sigmoid Colon",0,"Yes","AA","≥66","T3","N1","M1","III–IV","IV",522.58,"High",68.02,"Low",566.85,"High",875.65,"Low",274.25,"High",5846.66,"High",444.84,"Low",1551,0,2292.24,"High",0,"Low",50.9526938239159,72,"IV",FALSE,9.03226617924294,6.10894256866079,9.14936607577991,9.77585715553541,8.10459875356437,12.5136437158954,8.80038224830338,11.1631716333404,0
"e8841edf-e070-425b-b4d4-bbb2115f9dbd","TCGA-AA-3973","2010-5-18","Colon Adenocarcinoma","No","Yes","Male",-25536,,,"No","No",2007,"T4","N1","M1","Stage IV","R2","Yes",21,3,,0,"With tumor",">5 ng/mL",375.2,,"Yes","Yes","No","No","No","No",,,,1,69,"Sigmoid Colon",0,"Yes","AA","≥66","T4","N1","M1","III–IV","IV",352.09,"Low",132.89,"High",279.4,"Low",1091.47,"Low",288.49,"High",9295.14,"High",4703.22,"High",397,0,1927.4,"High",37.48,"High",13.042049934297,69,"IV",FALSE,8.46389215232026,7.06490440219829,8.13134253912326,10.0933779475042,8.17736970310293,13.1824160805759,12.199739816241,10.9131886195089,5.26603689399532
"a9cb21d1-4c4a-4f30-ad4d-c54bed26f187","TCGA-AA-3975","2010-5-18","Colon Adenocarcinoma","No","Yes","Male",-29310,,,"No","No",2009,"T2","N0","M0","Stage I","R0","Yes",14,0,,30,"With tumor",,,,"No","No","No","No","No","No",,,,0,80,"Sigmoid Colon",0,"Yes","AA","≥66","T2","N0","M0","I–II","I",291.25,"Low",142.86,"High",354.37,"Low",665.56,"Low",211.52,"Low",6161.68,"High",2722.04,"High",1036,0,1302.33,"Low",21.04,"High",34.0341655716163,80,"I",FALSE,8.19105921453166,7.16852169899217,8.47317808532804,9.38059093426592,7.73145480769835,12.5893421651084,11.4110024596173,10.3479867017117,4.46205231879643
"14efca0c-882d-4fba-b15c-64af6e213b80","TCGA-AA-3976","2010-5-18","Colon Adenocarcinoma","No","Yes","Male",-25599,,,"Yes","No",2009,"T2","N1","M0","Stage IIIA","R0","Yes",16,2,,0,"With tumor",,,,"No",,"No","No","No","No",,,,0,70,"Sigmoid Colon",0,"Yes","AA","≥66","T2","N1","M0","III–IV","III",428.77,"High",56.1,"Low",250.45,"Low",997.8,"Low",196.35,"Low",4764.6,"Low",328.59,"Low",791,0,1312.37,"Low",34.06,"High",25.9855453350854,70,"III",FALSE,8.74742096904625,5.83541884047548,7.97412774319142,9.96405201104085,7.62461270900574,12.2184421488562,8.36452866054443,10.3590576913483,5.13175409098481
"33e989b9-fac4-47d8-b429-269044ac772a","TCGA-AA-3977","2010-5-18","Colon Adenocarcinoma","No","Yes","Male",-23832,,,"No","No",2009,"T2","N0",,,,"Yes",15,0,,31,"With tumor",,,,"No","No","No","No","No","Yes",,,,0,65,"Sigmoid Colon",0,"Yes","AA","≤65","T2","N0",,,,357.95,"Low",100.38,"Low",679.92,"High",1846.59,"High",151.52,"Low",2223.48,"Low",1484.85,"Low",761,0,1210.23,"Low",1.89,"Low",25,65,,FALSE,8.48763908737229,6.66362925881475,9.4113414984629,10.851428927459,7.25285462595139,11.1192524121573,10.5370727644827,10.2422571285158,1.53106949272595
"af17788e-a562-43aa-bd36-fd3e031f483c","TCGA-AA-3979","2010-5-18","Colon Adenocarcinoma","No","Yes","Male",-30742,,,"Yes","No",2010,"T3","N0","M0","Stage IIA","R0","Yes",22,0,,0,"With tumor",,,,"No","No","No","No","No","No",,,,0,84,"Sigmoid Colon",0,"Yes","AA","≥66","T3","N0","M0","I–II","II",380.47,"Low",106.05,"High",529.3,"Low",1230.7,"High",219.53,"Low",1203.72,"Low",2040,"Low",730,0,1386.98,"Low",2.79,"Low",23.9816031537451,84,"II",FALSE,8.57542579322233,6.74214098549815,9.05066493825338,10.2664351923048,7.78483111724558,10.2344821601205,10.9950604670327,10.4387710643155,1.92219784839637
"384400c1-98d6-4cc3-8724-de6711f6208b","TCGA-AA-3980","2010-5-18","Colon Adenocarcinoma","No","Yes","Female",-32630,,,"No","No",2009,"T2","N0","M0","Stage I",,"Yes",19,0,,0,"With tumor",,,,"Yes","Yes","No","No","No","Yes",,,,1,89,"Sigmoid Colon",0,"Yes","AA","≥66","T2","N0","M0","I–II","I",237.61,"Low",78.9,"Low",1123.85,"High",1201.83,"High",225.69,"Low",2253.21,"Low",311.01,"Low",822,0,972.48,"Low",41.28,"High",27.0039421813403,89,"I",FALSE,7.89851069654673,6.32012359804061,10.1355169139405,10.2322170406526,7.82457694049783,11.1384062064926,8.2854484583469,9.92700752907241,5.40190347160796
"5a195baa-2d05-4273-a7c4-64cc816b0406","TCGA-AA-3982","2010-5-18","Colon Adenocarcinoma","No","Yes","Male",-27608,,,"No","No",2009,"T3","N1","M0","Stage IIIB",,"Yes",13,3,,0,"With tumor",,,,"Yes","Yes","No","No","No","Yes",,,,0,75,"Sigmoid Colon",0,"Yes","AA","≥66","T3","N1","M0","III–IV","III",331.42,"Low",130.73,"High",633.03,"High",1183.49,"High",254.59,"High",5026.38,"Low",2855.5,"High",822,0,982.8,"Low",57.34,"High",27.0039421813403,75,"III",FALSE,8.3768633740274,7.04144013007297,9.30840729485118,10.210050303408,7.99768758148751,12.2955910254948,11.4800328145839,9.94222124483597,5.86641348112345
"db246424-3979-4f23-b316-8d30c449ee15","TCGA-AA-3984","2010-5-18","Colon Adenocarcinoma","No","Yes","Female",-22585,,,"No","No",2009,"T3","N0","M0","Stage IIA","R0","Yes",12,0,,0,"With tumor",,,,"Yes","Yes","No","No","No","Yes",,,,0,61,"Sigmoid Colon",0,"Yes","AA","≤65","T3","N0","M0","I–II","II",,,,,,,,,,,,,,,,,,,,,,61,"II",FALSE,,,,,,,,,
"04d7a52f-a89b-4114-a608-a6254b4d604f","TCGA-AA-3986","2010-5-18","Colon Adenocarcinoma","No","Yes","Male",-26967,,,"Yes","No",2007,"T2","N0","M0","Stage I","R0","Yes",27,0,,30,"With tumor","≤5 ng/mL",1.89,,"No","No","No","No","No","Yes",,,,0,73,"Transverse Colon",0,"Yes","AA","≥66","T2","N0","M0","I–II","I",322.31,"Low",104.68,"High",402.2,"Low",1303.03,"High",200.18,"Low",4799.82,"Low",3502.29,"High",580,0,2247.02,"High",194.67,"High",19.053876478318,73,"I",FALSE,8.33677432058327,6.7235585614721,8.65535182861255,10.3487613446861,7.65234307874022,12.2290651298493,11.7744947030746,11.134439155529,7.61227876960784
"d5619045-060a-4b60-86e4-6a5774994fd4","TCGA-AA-3989","2010-5-18","Colon Adenocarcinoma","No","Yes","Male",-30712,,,"No","No",2009,"T3","N2","M1","Stage IV","R2","Yes",19,5,,0,"With tumor",,,,"No","Yes","No","No","No","Yes",,,,0,84,"Transverse Colon",0,"Yes","AA","≥66","T3","N2","M1","III–IV","IV",144.55,"Low",53.42,"Low",239.28,"Low",818.05,"Low",119.41,"Low",4407.61,"Low",3813.71,"High",242,1,1033.82,"Low",19.9,"High",7.95006570302234,84,"IV",FALSE,7.1853710292354,5.76606505147495,7.90857275875175,9.6778077155729,6.911811402066,12.1061081417581,11.8973576700405,10.0151641270811,4.38543103719352
"750770db-53cf-4021-a8c2-5e0ddb97fef5","TCGA-AA-3994","2010-5-18","Colon Mucinous Adenocarcinoma","No","Yes","Male",-25323,,,"No","No",2008,"T3","N1","M0","Stage IIIB","R0","Yes",24,2,,0,"With tumor","≤5 ng/mL",3.52,,"No","No","No","No","No","Yes",,,,1,69,"Transverse Colon",0,"Yes","AA","≥66","T3","N1","M0","III–IV","III",426.94,"High",81.73,"Low",279.61,"Low",773.23,"Low",131.2,"Low",8260.34,"High",3583.32,"High",822,0,1056.07,"Low",5.38,"Low",27.0039421813403,69,"III",FALSE,8.74126472525528,6.37033867703977,8.13242261246504,9.59661840028881,7.04657836662033,13.0121600922828,11.8074837283646,10.0458552009371,2.67355642399014
"d2c99bed-3446-4d12-99e0-00611faa37dc","TCGA-AA-A004","2011-6-15","Colon Adenocarcinoma","No","Yes","Male",-27943,,,"No","No",2009,"T3","N0","M0","Stage IIA","R0","Yes",32,0,,31,"With tumor",,,,"No","No","No","No","No","Yes",,,,0,76,"Sigmoid Colon",0,"Yes","AA","≥66","T3","N0","M0","I–II","II",25,"Low",25,"Low",175,"Low",150,"Low",25,"Low",3400,"Low",375,"Low",424,0,75,"Low",25,"High",13.9290407358738,76,"II",FALSE,4.70043971814109,4.70043971814109,7.4594316186373,7.23840473932508,4.70043971814109,11.7317432907078,8.55458885167764,6.24792751344359,4.70043971814109
"10628a61-bd5e-4415-af97-631c5ca320cb","TCGA-AA-A00A","2011-6-15","Colon Adenocarcinoma","No","Yes","Male",-29463,,,"No","No",2009,"T3","N0","M0","Stage IIA","R0","Yes",34,0,,0,"With tumor",,,,"No","No","No","No","No","No",,,,0,80,"Ascending Colon",0,"Yes","AA","≥66","T3","N0","M0","I–II","II",335.81,"Low",73.33,"Low",422.95,"Low",1477.15,"High",311.37,"High",6732.2,"High",3411.26,"High",1157,0,1222.1,"Low",14.88,"High",38.0091984231275,80,"II",FALSE,8.39579116290658,6.21587270290367,8.72775031539903,10.5295769636696,8.28711209354429,12.7170766033039,11.7365118628598,10.2563266473223,3.98913900736823
"081a3dc7-45e1-457d-add0-c4686140a8d0","TCGA-AA-A00D","2011-6-15","Colon Adenocarcinoma","No","Yes","Male",-25689,,,"No","No",2007,"T2","N0","M0","Stage I","R0","Yes",28,0,,31,"With tumor","≤5 ng/mL",1.02,,"No","No","No","No","No","Yes",,,,0,70,"Ascending Colon",0,"Yes","AA","≥66","T2","N0","M0","I–II","I",432.08,"High",132.58,"High",754.39,"High",765.91,"Low",307.78,"High",7765.61,"High",387.1,"Low",578,0,2068.07,"High",123.11,"High",18.988173455979,70,"I",FALSE,8.75848973884366,7.06156020910797,9.56107787500118,9.5829134713202,8.27043550055673,12.9230693075683,8.60028462289809,11.014766739403,6.95547555318157
"124b6856-f581-46da-9068-b0a49b999785","TCGA-AA-A00E","2011-6-15","Colon Adenocarcinoma","No","Yes","Male",-23741,,,"No","No",2007,"T3","N0","M0","Stage IIA","R0","Yes",41,0,,0,"With tumor",">5 ng/mL",10.56,,"No","No","No","No","No","No",,,,0,65,"Ascending Colon",0,"Yes","AA","≤65","T3","N0","M0","I–II","II",649.12,"High",154.97,"High",652.05,"High",941.52,"Low",157.89,"Low",10552.63,"High",3090.64,"High",913,0,1362.57,"Low",175.44,"High",29.9934296977661,65,"II",FALSE,9.34456222703313,7.28512475082776,9.35104964401277,9.88037942204959,7.31188451896467,13.3654516895952,11.5941566218899,10.4131730487661,7.46303385531749
"60ad2c8a-6bbf-43fc-ae73-cc1f6d6c163c","TCGA-AA-A00F","2011-6-15","Colon Adenocarcinoma","No","Yes","Male",-24379,,,"No","No",2007,"T3","N2","M0","Stage IIIC","R0","Yes",25,7,,0,"With tumor","≤5 ng/mL",2.93,,"No","Yes","No","No","Yes","No",,,,0,66,"Sigmoid Colon",0,"Yes","AA","≥66","T3","N2","M0","III–IV","III",392.13,"Low",92.27,"Low",473.54,"Low",848.03,"Low",203.53,"Low",9459.97,"High",3929.44,"High",1035,0,1333.79,"Low",28.49,"High",34.0013140604468,66,"III",FALSE,8.61886265071249,6.5433412122875,8.89038589002303,9.72967172127573,7.67616865972367,13.2077723902615,11.9404751112135,10.3823970679308,4.88215391728701
"56e612e8-2c29-4782-be79-2813cc8dd2e6","TCGA-AA-A00J","2011-6-15","Colon Mucinous Adenocarcinoma","No","Yes","Male",-29371,,,"No","No",2009,"T4","N1","M0","Stage IIIB","R0","Yes",24,2,,0,"With tumor",,,,"No","Yes","No","No","No","Yes",,,,0,80,"Ascending Colon",0,"Yes","AA","≥66","T4","N1","M0","III–IV","III",731.18,"High",89.28,"Low",826.11,"High",952.68,"Low",281.4,"High",11211.78,"High",2795.88,"High",549,0,1015.97,"Low",2.26,"Low",18.0354796320631,80,"III",FALSE,9.51605455574865,6.49633451341711,9.69193540055127,9.89736145196142,8.14159627838382,13.4528563914113,11.4496026410437,9.99006140585396,1.70487196445635
"0cbe9848-8eac-4ea8-a36b-fb74b4a33de7","TCGA-AA-A00K","2011-6-15","Colon Adenocarcinoma","No","Yes","Male",-29189,,,"No","No",2009,"T3","N0","M0","Stage IIA","R0","Yes",55,0,,31,"With tumor",,,,"No","No","No","No","No","No",,,,0,79,"Sigmoid Colon",0,"Yes","AA","≥66","T3","N0","M0","I–II","II",398.24,"Low",99.25,"Low",542.71,"High",1290.2,"High",165.83,"Low",11472.36,"High",2393.22,"Low",549,0,1533.92,"High",15.08,"High",18.0354796320631,79,"II",FALSE,8.6411124618293,6.64745842645492,9.08669355242929,10.3344967683904,7.38223493275113,13.4860003293578,11.2253400093438,10.5839477489801,4.0071955014042
"381cf7f3-cd7b-4660-8175-ff8062f7bf78","TCGA-AA-A00L","2011-6-15","Colon Adenocarcinoma","No","Yes","Male",-24319,,,"Yes","No",2009,"T3","N0","M0","Stage IIA","R0","Yes",32,0,,31,"With tumor",,,,"No","No","No","No","No","Yes",,,,0,66,"Transverse Colon",0,"Yes","AA","≥66","T3","N0","M0","I–II","II",375.16,"Low",79.5,"Low",812.42,"High",715.53,"Low",229.81,"Low",4053.42,"Low",1773.91,"Low",1157,0,1960.25,"High",4.97,"Low",38.0091984231275,66,"II",FALSE,8.5552026338783,6.33091687811462,9.66785665333859,9.4848832989309,7.85056192085464,11.9852798309241,10.7935301566904,10.9375577318555,2.57773093149008
"e457344d-76fb-46bf-b362-61a6e811d131","TCGA-AA-A00N","2011-6-15","Colon Mucinous Adenocarcinoma","No","Yes","Male",-27667,,,"No","No",2008,"T4","N0","M0","Stage IIB","R0","Yes",21,0,,,"With tumor",">5 ng/mL",9.01,,"No","Yes","No","No","No","Yes",,,,0,75,"Cecum",0,"Yes","AA","≥66","T4","N0","M0","I–II","II",581.68,"High",91.58,"Low",352.72,"Low",1287.13,"High",246.29,"High",12107.67,"High",2172.03,"Low",122,1,900.99,"Low",4.95,"Low",4.00788436268068,75,"II",FALSE,9.18655998201821,6.53262865751717,8.46646398383497,10.3310624843965,7.95006009047263,13.5637527896041,11.0854923766007,9.81696762876494,2.57288966842058
"01f493d4-229d-47a6-baa8-32a342c65d01","TCGA-AA-A00O","2011-6-15","Colon Adenocarcinoma","No","Yes","Female",-30316,,,"No","No",2008,"T3","N2","M0","Stage IIIC","R0","Yes",40,32,,0,"With tumor","≤5 ng/mL",3.25,,"No","Yes","No","No","No","No",,,,0,83,"Sigmoid Colon",0,"Yes","AA","≥66","T3","N2","M0","III–IV","III",372.28,"Low",69.75,"Low",253.62,"Low",742.75,"Low",263.59,"High",5565.22,"Low",383.15,"Low",822,0,2265.4,"High",9.06,"Low",27.0039421813403,83,"III",FALSE,8.54411440220948,6.14465824283188,7.99220193488821,9.53867395308267,8.04761472673888,12.4424822157241,8.58552594343126,11.1461867914907,3.3305584000308
"62d39be5-f029-4eb8-8b00-46470e06a755","TCGA-AA-A00Q","2011-6-15","Colon Adenocarcinoma","No","Yes","Female",-24199,,,"No","No",2008,"T4","N1","M0","Stage IIIB","R0","Yes",31,1,,0,"With tumor",">5 ng/mL",89.58,,"No","Yes","No","No","No","No",,,,0,66,"Sigmoid Colon",0,"Yes","AA","≥66","T4","N1","M0","III–IV","III",189.37,"Low",110.37,"High",421.73,"Low",1331.4,"High",260.24,"High",6008.71,"High",4221.9,"High",1278,0,1566.08,"High",9.29,"Low",41.9842312746386,66,"III",FALSE,7.57266233511535,6.79921685261393,8.72359268992538,10.379811543787,8.02923200313464,12.5530796596824,12.0440183685969,10.6138631164555,3.36317107711924
"ca22edd4-eb7c-4677-84aa-6f0354459a19","TCGA-AA-A00R","2011-6-15","Colon Adenocarcinoma","No","Yes","Female",-23528,,,"No","No",2008,"T2","N0","M0","Stage I","R0","Yes",27,0,,30,"With tumor","≤5 ng/mL",0.34,,"No","No","No","No","No","Yes",,,,3,64,"Cecum",0,"Yes","AA","≤65","T2","N0","M0","I–II","I",414.25,"Low",74.61,"Low",770.6,"High",753.9,"Low",281.74,"High",6327.39,"High",2919.82,"High",30,0,690.42,"Low",83.52,"High",0.985545335085414,64,"I",FALSE,8.69783635796238,6.24050514939098,9.59170933316174,9.56014173612078,8.14333218939023,12.6276227962503,11.5121577372801,9.43341852534423,6.40122086216022
"091e3084-04ee-4497-893c-d46226dec78f","TCGA-AA-A00U","2011-6-15","Colon Adenocarcinoma","No","Yes","Male",-18263,,,"No","No",2009,"T3","N1","M0","Stage IIIB","R0","Yes",0,0,,31,"With tumor",,,,"No","No","No","No","Yes","Yes",,,,0,50,"Ascending Colon",0,"Yes","AA","≤65","T3","N1","M0","III–IV","III",544.33,"High",126.8,"High",589.69,"High",744.33,"Low",227.84,"Low",4220.62,"Low",3287.61,"High",518,0,1572.16,"High",4.12,"Low",17.0170827858081,50,"III",FALSE,9.0909857137643,6.99774402605963,9.2062573780473,9.54173551998309,7.83819543925919,12.0435810081154,11.6832622121339,10.6194496937931,2.35614381022528
"fa96d094-0165-401c-8fd5-6d1ee4ef3994","TCGA-AA-A00W","2011-6-15","Colon Adenocarcinoma","No","Yes","Male",-29311,,,"No","No",2008,"T1","N0","M0","Stage I","R0","Yes",17,0,,30,"With tumor","≤5 ng/mL",1.22,,"No","No","No","No","No","Yes",,,,1,80,"Sigmoid Colon",0,"Yes","AA","≥66","T1","N0","M0","I–II","I",604.6,"High",95.29,"Low",526.83,"Low",1005.48,"Low",228.92,"Low",5420.59,"Low",2878.42,"High",456,0,2133.63,"High",17.52,"High",14.9802890932983,80,"I",FALSE,9.24222139509837,6.58931407260798,9.04392954047914,9.97510278907484,7.84498815668261,12.404500300211,11.4915625243184,11.0597703107493,4.21101219348551
"af3a0634-4292-45bd-b948-6b6bd2d58090","TCGA-AA-A00Z","2011-6-15","Colon Adenocarcinoma","No","Yes","Male",-25872,,,"Yes","No",2008,"T3","N0","M0","Stage IIA","R0","Yes",37,0,,31,"With tumor","≤5 ng/mL",1.18,,"No","Yes","No","No","No","Yes",,,,0,70,"Sigmoid Colon",0,"Yes","AA","≥66","T3","N0","M0","I–II","II",251.08,"Low",107.61,"High",1363.28,"High",830.29,"Low",232.48,"Low",3345.07,"Low",1988.71,"Low",669,0,2496.18,"High",21.26,"High",21.9776609724047,70,"II",FALSE,7.97773784924282,6.76301313164836,10.4139240530385,9.6992080465249,7.86715516310751,11.7082519116273,10.9583424581195,11.2860841010215,4.47638168756724
"0712566e-3371-4715-95f1-5b792e72d758","TCGA-AA-A010","2011-6-15","Colon Adenocarcinoma","No","Yes","Female",-16922,,,"No","No",2008,"T4","N0","M0","Stage IIB","R0","Yes",45,0,,0,"With tumor","≤5 ng/mL",0.2,,"No","No","No","No","No","No",,,,0,46,"Transverse Colon",0,"Yes","AA","≤65","T4","N0","M0","I–II","II",342.42,"Low",109.09,"High",851.52,"High",745.45,"Low",330.3,"High",2348.48,"Low",3875.76,"High",1064,0,630.3,"Low",9.09,"Low",34.9540078843627,46,"II",FALSE,8.42383025084048,6.782539617754,9.73558986973249,9.54390181628603,8.37199439319365,11.1981257714802,11.9206357090658,9.30218194087563,3.33485426933163
"af06cde0-c69a-4bb1-a234-8023b95e4835","TCGA-AA-A017","2011-6-15","Colon Adenocarcinoma","No","Yes","Female",-21032,,,"No","No",2009,"T3","N0","M0","Stage IIA","R0","Yes",18,0,,31,"With tumor",,,,"No","Yes","No","No","No","No",,,,0,57,"Sigmoid Colon",0,"Yes","AA","≤65","T3","N0","M0","I–II","II",537.3,"High",95.17,"Low",343,"Low",798.02,"Low",196.28,"Low",6470.38,"High",3889.96,"High",457,0,1213.38,"Low",5.95,"Low",15.0131406044678,57,"II",FALSE,9.07226661513207,6.58751501381819,8.4262647547021,9.64208780499268,7.62410089462811,12.659857679548,11.9259104337988,10.2460042205327,2.79701297783614
"80809d79-92e1-4d6c-ba2e-0a9589997792","TCGA-AA-A01C","2011-6-15","Colon Adenocarcinoma","No","Yes","Male",-27729,,,"No","No",2009,"T2","N1","M0","Stage IIIA","R0","Yes",31,3,,30,"With tumor",,,,"No","Yes","No","No","Yes","Yes",,,,0,75,"Ascending Colon",0,"Yes","AA","≥66","T2","N1","M0","III–IV","III",124.76,"Low",66.28,"Low",613.49,"High",653.02,"Low",175.44,"Low",6670.57,"High",738.79,"Low",457,0,849.9,"Low",0,"Low",15.0131406044678,75,"III",FALSE,6.97452931248388,6.07210580048042,9.26324572263825,9.35319094393789,7.46303385531749,12.7038105910018,9.53097198895532,9.73284578234258,0
"e2edbf3f-25d8-49aa-b656-2a59c3b99aeb","TCGA-AA-A01D","2011-6-15","Colon Mucinous Adenocarcinoma","No","Yes","Female",-17318,,,"No","No",2009,"T3","N2","M0","Stage IIIC","R0","Yes",12,12,,30,"With tumor",,,,"No","Yes","No","No","No","No",,,,0,47,"Sigmoid Colon",0,"Yes","AA","≤65","T3","N2","M0","III–IV","III",366.35,"Low",81.13,"Low",277.54,"Low",730.15,"Low",262.17,"High",8895.82,"High",1970.11,"Low",334,1,1035.01,"Low",3.42,"Low",10.9724047306176,47,"III",FALSE,8.52101146439777,6.35983739296312,8.12174071180267,9.51402360423735,8.03985122855142,13.1190740488267,10.9447925745018,10.0168222132472,2.14404636961671
"132229e5-947d-43e9-a54c-a97d4be7d604","TCGA-AA-A01F","2011-6-15","Colon Adenocarcinoma","No","Yes","Male",-26298,,,"No","No",2009,"T3","N1","M0","Stage IIIB","R0","Yes",30,2,,31,"With tumor",,,,"No","Yes","No","No","No","Yes",,,,0,72,"Sigmoid Colon",0,"Yes","AA","≥66","T3","N1","M0","III–IV","III",556.12,"High",117.97,"High",802.35,"High",947.34,"Low",126.39,"Low",3867.59,"Low",2483.3,"Low",974,0,1582.91,"High",0,"Low",31.9973718791064,72,"III",FALSE,9.12184429787638,6.89445401282296,9.64988486151806,9.88926057840579,6.99310822155539,11.9175921221767,11.2786236862312,10.6292746464416,0
"6f2b5a14-569c-4084-8c67-b1a44d787897","TCGA-AA-A01G","2011-6-15","Colon Mucinous Adenocarcinoma","No","Yes","Male",-23133,,,"No","No",2009,"T3","N0","M0","Stage IIA","R0","Yes",22,0,,31,"With tumor",,,,"No","No","No","No","No","No",,,,0,63,"Cecum",0,"Yes","AA","≤65","T3","N0","M0","I–II","II",494.93,"High",101.55,"Low",923.33,"High",1206.98,"High",157.58,"Low",2123.31,"Low",2032.26,"Low",365,0,1559.5,"High",4.67,"Low",11.9908015768725,63,"II",FALSE,8.95399268986319,6.68018368159249,9.85226419765823,10.2383808534479,7.309067020588,11.0527785982753,10.9895789940537,10.6077926419192,2.5033487351675
"86d18004-9478-4e46-83b4-4fbe445ccb70","TCGA-AA-A01I","2011-6-15","Colon Adenocarcinoma","No","Yes","Male",-27759,,,"No","No",2009,"T2","N0","M0","Stage I","R0","Yes",36,0,,31,"With tumor",,,,"No","No","No","No","Yes","Yes",,,,0,76,"Sigmoid Colon",0,"Yes","AA","≥66","T2","N0","M0","I–II","I",492.36,"High",149.64,"High",557.67,"High",1903.46,"High",421.56,"High",5192.28,"Low",3062.75,"High",943,0,3570.39,"High",8.85,"Low",30.9789750328515,76,"I",FALSE,8.94649694120329,7.2349610948395,9.12585254091815,10.8951662714829,8.72301239639237,12.3424302962849,11.5810828637542,11.8022699711886,3.30012372456901
"a72dd578-3a6f-4807-a843-4a942500944e","TCGA-AA-A01K","2011-6-15","Colon Adenocarcinoma","No","Yes","Female",-27029,,,"No","No",2009,"T3","N2","M0","Stage IIIC","R0","Yes",35,4,,31,"With tumor",,,,"No","Yes","No","No","No","No",,,,0,74,"Sigmoid Colon",0,"Yes","AA","≥66","T3","N2","M0","III–IV","III",709.06,"High",62.5,"Low",648.72,"High",1230.62,"High",198.28,"Low",5933.29,"High",1625.03,"Low",943,0,1101.31,"Low",21.55,"High",30.9789750328515,74,"III",FALSE,9.47179712713165,5.98868468677217,9.34367430538958,10.2663414849478,7.63865311646611,12.5348597155819,10.6671381598192,10.1063142913019,4.49505552836802
"13ae9d83-a22f-451f-88bb-686051725cf3","TCGA-AA-A01P","2011-6-15","Colon Adenocarcinoma","No","Yes","Female",-29554,,,"No","No",2003,"T3","N1","M0","Stage III","R0","Yes",21,1,,0,"With tumor","≤5 ng/mL",1.11,,,"Yes","No","No","No","No",,,,0,80,"Ascending Colon",0,"Yes","AA","≥66","T3","N1","M0","III–IV","III",573.78,"High",70.09,"Low",779.65,"High",920.8,"Low",342.37,"High",10285.68,"High",3913.18,"High",1158,1,1053.6,"Low",65.66,"High",38.042049934297,80,"III",FALSE,9.16686605253934,6.15157472976641,9.60853205895936,9.84830995744929,8.42362018735041,13.3284898107228,11.9344943868548,10.0424801864925,6.05874941233552
"4be66108-e72a-406b-bb4b-f58ff2877336","TCGA-AA-A01Q","2011-6-15","Colon Adenocarcinoma","No","Yes","Female",-17715,,,"No","No",2003,"T3","N0","M0","Stage II","R0","Yes",16,0,,31,"With tumor","≤5 ng/mL",1.88,,,"Yes","No","No","No","No",,,,1,48,"Ascending Colon",0,"Yes","AA","≤65","T3","N0","M0","I–II","II",445.3,"High",90.91,"Low",590.57,"High",2035.44,"High",266.56,"High",4411.4,"Low",4476.12,"High",31,0,1013.87,"Low",3.08,"Low",1.01839684625493,48,"II",FALSE,8.80186999636449,6.52214993317577,9.20840508137897,10.9918335932447,8.06371864015225,12.1073478670371,12.1283552718972,9.98707922156322,2.02856915219677
"97f6c8d3-09a0-4128-8f10-41e736648a5f","TCGA-AA-A01R","2011-6-15","Colon Mucinous Adenocarcinoma","No","Yes","Male",-17289,,,"No","No",2004,"T3","N2","M0","Stage III","R0","Yes",19,9,,29,"With tumor","≤5 ng/mL",1.83,,,"Yes","No","No","No","No",,,,1,47,"Ascending Colon",0,"Yes","AA","≤65","T3","N2","M0","III–IV","III",121.15,"Low",78.82,"Low",607.19,"High",472.91,"Low",122.61,"Low",7785.5,"High",6613.44,"High",1065,0,490.43,"Low",17.52,"High",34.9868593955322,47,"III",FALSE,6.93251005337989,6.31867837373655,9.24837828521444,8.88846929345086,6.94965165119522,12.926759273113,12.6914033030826,8.94084212140669,4.21101219348551
"84e34cf2-b3bb-4a1a-8fb7-6c2c604c4008","TCGA-AA-A01S","2011-6-15","Colon Adenocarcinoma","No","Yes","Female",-17257,,,"No","No",2004,"T3","N1","M0","Stage III","R0","Yes",19,1,,31,"With tumor","≤5 ng/mL",0.82,,,,"No","No","No","No",,,,0,47,"Sigmoid Colon",0,"Yes","AA","≤65","T3","N1","M0","III–IV","III",64.99,"Low",51.72,"Low",725.46,"High",440.32,"Low",111.41,"Low",1588.86,"Low",3112.73,"High",31,0,1212.2,"Low",0,"Low",1.01839684625493,47,"III",FALSE,6.04417551263921,5.72027846523333,9.50473955282163,8.78568131947475,6.81262657327555,10.6346840148269,11.6044281344904,10.2446016877368,0
"f87c6dcc-1a9e-4df5-962c-1f946e2611f8","TCGA-AA-A01T","2011-6-15","Colon Adenocarcinoma","No","Yes","Female",-23192,,,"No","No",2004,"T3","N1","M0","Stage III","R0","Yes",15,1,,31,"With tumor","≤5 ng/mL",0.7,,,"Yes","No","No","No","No",,,,0,63,"Sigmoid Colon",0,"Yes","AA","≤65","T3","N1","M0","III–IV","III",45.38,"Low",29.73,"Low",311.42,"Low",241,"Low",59.47,"Low",10793.43,"High",6114.24,"High",1005,0,211.27,"Low",0,"Low",33.0157687253614,63,"III",FALSE,5.53543091487128,4.94157586181824,8.28734300233668,7.91886323727459,5.91814767387683,13.397999443393,12.57819340484,7.7297566801442,0
"0cb0dac8-4ce2-444a-b1ae-1550e065b4d9","TCGA-AA-A01V","2011-6-15","Colon Adenocarcinoma","No","Yes","Male",-21792,,,"No","No",2004,"T2","N0","M0","Stage I","R0","Yes",15,0,,31,"With tumor","≤5 ng/mL",4.09,,,,"No","No","No","No",,,,0,59,"Cecum",0,"Yes","AA","≤65","T2","N0","M0","I–II","I",422.67,"Low",101.53,"Low",463.99,"Low",651.71,"Low",147.58,"Low",4214.88,"Low",4278.63,"High",31,0,907.91,"Low",2.36,"Low",1.01839684625493,59,"I",FALSE,8.72679716510493,6.67990228993158,8.86105587996198,9.35029833240116,7.21509612097621,12.0416180876266,12.0632703569335,9.82799363602914,1.74846123300404
"2e386e48-b99b-4806-a3e3-081d72a606e7","TCGA-AA-A01X","2011-6-15","Colon Adenocarcinoma","No","Yes","Female",-29281,,,"No","No",2004,"T2","N1","M0","Stage III","RX","Yes",14,2,,30,"With tumor",">5 ng/mL",11.08,,,"Yes","No","No","No","Yes",,,,0,80,"Sigmoid Colon",0,"Yes","AA","≥66","T2","N1","M0","III–IV","III",341.91,"Low",124.64,"High",457.27,"Low",779.96,"Low",213.13,"Low",6922.35,"High",4637.55,"High",791,0,2083.52,"High",52.61,"High",25.9855453350854,80,"III",FALSE,8.42168616678098,6.97315203787724,8.84005403457956,9.60910484661896,7.74234312384108,12.7572545680328,12.1794581773559,11.0254994988628,5.74443022998792
"c9e829d9-cd08-41a9-a5a4-34f2d7d619c7","TCGA-AA-A01Z","2011-6-15","Colon Adenocarcinoma","No","Yes","Male",-24990,,,"No","No",2004,"T3","N0","M0","Stage II","R0","Yes",12,0,,0,"With tumor",">5 ng/mL",18.87,,,"Yes","No","No","No","Yes",,,,0,68,"Ascending Colon",0,"Yes","AA","≥66","T3","N0","M0","I–II","II",510.46,"High",388.07,"High",542.78,"High",993.37,"Low",265.09,"High",3614.67,"Low",623.83,"Low",1126,0,1699.73,"High",8.45,"Low",36.9908015768725,68,"II",FALSE,8.99847760460717,8.60388593256349,9.08687928039553,9.95763896091964,8.0557704828425,11.8200472945255,9.28731991312047,10.7319384082741,3.24031432933371
"7a481097-14a3-4916-9632-d899c25fd284","TCGA-AA-A022","2011-6-15","Colon Adenocarcinoma","No","Yes","Female",-32446,,,"No","No",2005,"T4","N0","M0","Stage II","R0","Yes",18,0,,0,"With tumor","≤5 ng/mL",1.51,,"Yes","Yes","No","No","No","No",,,,0,88,"Cecum",0,"Yes","AA","≥66","T4","N0","M0","I–II","II",,,,,,,,,,,,,,,,,,,,,,88,"II",FALSE,,,,,,,,,
"d4e1472a-7b5f-46f4-acb7-b961f634e28e","TCGA-AA-A024","2011-6-15","Colon Mucinous Adenocarcinoma","No","Yes","Male",-29708,,,"Yes","No",2005,"T3","N0","M0","Stage II","R0","Yes",14,0,,61,"With tumor","≤5 ng/mL",3.77,,,,"No","No","No","No",,,,0,81,"Descending Colon",0,"Yes","AA","≥66","T3","N0","M0","I–II","II",364.19,"Low",79.17,"Low",180.72,"Low",1003.65,"Low",214.37,"Low",6120.58,"High",2314.25,"Low",1188,1,894.03,"Low",2.44,"Low",39.0275952693824,81,"II",FALSE,8.51250345031062,6.32499056912157,7.50557340028202,9.9724772674492,7.75067349320609,12.5796883499937,11.1769522683363,9.80579222983415,1.78240856492737
"93ca8937-97c0-4f6e-bdec-66d32f2a7b3d","TCGA-AA-A029","2011-6-15","Colon Adenocarcinoma","No","Yes","Male",-24686,,,"No","No",2006,"T3","N0","M0","Stage II","R0","Yes",27,0,,120,"With tumor","≤5 ng/mL",1.97,,,,"No","No","No","Yes",,,,0,67,"Cecum",0,"Yes","AA","≥66","T3","N0","M0","I–II","II",447.46,"High",105.08,"High",382.44,"Low",1561.02,"High",169.49,"Low",4267.8,"Low",2138.98,"Low",1581,0,1733.9,"High",0,"Low",51.9382391590013,67,"II",FALSE,8.80883550072716,6.72900887033786,8.58285703484424,10.6091972104314,7.41354331099776,12.0596148562972,11.0633815980943,10.7606367926173,0
"35620be9-3ba5-4be7-9e00-83103e6a92e6","TCGA-AA-A02E","2011-6-15","Colon Adenocarcinoma","No","Yes","Female",-30256,,,"No","No",2007,"T3","N1","M1","Stage IV","R2","Yes",16,4,,,"With tumor",">5 ng/mL",441.9,,"Yes","Yes","No","No","No","No",,,,0,82,"Cecum",0,"Yes","AA","≥66","T3","N1","M1","III–IV","IV",382.21,"Low",93.38,"Low",455.92,"Low",859.96,"Low",243.22,"Low",5707.03,"High",2608.12,"High",90,1,1555.97,"High",3.26,"Low",2.95663600525624,82,"IV",FALSE,8.58199139897556,6.56040926636212,8.8357977823962,9.74980240168005,7.93203754210378,12.4787772019455,11.3493475835218,10.6045254312189,2.09085343045111
"dd4be58e-da22-4bcd-bf4c-2b9e60ffda19","TCGA-AA-A02F","2011-6-15","Colon Adenocarcinoma","No","Yes","Female",-25051,,,"No","No",2007,"T3","N1","M1","Stage IV","R2","Yes",12,1,,31,"With tumor","≤5 ng/mL",2.49,,"Yes","Yes","No","No","No","No",,,,0,68,"Sigmoid Colon",0,"Yes","AA","≥66","T3","N1","M1","III–IV","IV",378.32,"Low",291.58,"High",417.07,"Low",1389.62,"High",264.82,"High",5799.31,"High",2821.68,"High",1216,0,2121.34,"High",0.92,"Low",39.9474375821288,68,"IV",FALSE,8.56727163085093,8.19268734377955,8.7076007115015,10.441512528401,8.05430584523653,12.5019142924042,11.4628498680792,11.0514400799446,0.941106310946431
"69fb431f-0caf-4cdd-9085-eda5b18ed15d","TCGA-AA-A02H","2011-6-15","Colon Adenocarcinoma","No","Yes","Female",-27362,,,"No","No",2007,"T3","N2","M1","Stage IV","R2","Yes",12,6,,,"With tumor",">5 ng/mL",1387,,"Yes","Yes","No","No","No","No",,,,0,74,"Sigmoid Colon",0,"Yes","AA","≥66","T3","N2","M1","III–IV","IV",161.29,"Low",125.81,"High",274.19,"Low",1022.58,"Low",177.42,"Low",4758.06,"Low",1658.06,"Low",61,1,1870.97,"High",6.45,"Low",2.00394218134034,74,"IV",FALSE,7.34243029628488,6.98652470797722,8.10428423535059,9.99940814822799,7.47913353307985,12.2164609280987,10.6961503470482,10.8703415992853,2.8972404255748
"73a142e1-8ac2-4cfe-b8cf-7e9dea64f488","TCGA-AA-A02J","2011-6-15","Colon Adenocarcinoma","No","Yes","Female",-25749,,,"No","No",2008,"T3","N0","M1","Stage IV","R2","Yes",13,0,,,"With tumor",">5 ng/mL",96.57,,"Yes","Yes","No","No","No","No",,,,1,70,"Sigmoid Colon",0,"Yes","AA","≥66","T3","N0","M1","III–IV","IV",295.58,"Low",153.52,"High",885.21,"High",614.83,"Low",177.96,"Low",3796.69,"Low",2421.14,"Low",153,1,1125.79,"Low",0,"Low",5.02628120893561,70,"IV",FALSE,8.2122775020862,7.27164977245721,9.79150479607163,9.26638833938708,7.48349335128439,11.8909064298241,11.2420665400612,10.1380029499604,0
"10881458-55b2-41d1-8358-4ee6ccb8ec85","TCGA-AA-A02K","2011-6-15","Colon Adenocarcinoma","No","Yes","Male",-18506,,,"No","No",2009,"T4","N2","M1","Stage IV","R2","Yes",20,7,,0,"With tumor",,,,"Yes","Yes","No","No","No","No",,,,1,50,"Ascending Colon",0,"Yes","AA","≤65","T4","N2","M1","III–IV","IV",690.68,"High",156.67,"High",1210.78,"High",1185.73,"High",284.7,"High",5649.1,"High",2314.59,"Low",426,1,2250.57,"High",2.39,"Low",13.9947437582129,50,"IV",FALSE,9.43396093112118,7.30076437324806,10.2429120843651,10.212776020847,8.15835722604901,12.4640606863895,11.1771641159988,11.1367156155877,1.76128527336162
"6fa41234-9077-4d05-a295-6820f3bedf5b","TCGA-AA-A02O","2011-6-15","Colon Adenocarcinoma","No","Yes","Male",-30288,,,"No","No",2005,"T3","N0","M0","Stage II","R0","Yes",18,0,,28,"With tumor",">5 ng/mL",5.97,,"No","Yes","No","No","No","No",,,,0,82,"Transverse Colon",0,"Yes","AA","≥66","T3","N0","M0","I–II","II",216.85,"Low",73.35,"Low",415.63,"Low",548.5,"Low",77.6,"Low",15466.38,"High",4549.56,"High",28,0,348.66,"Low",4.25,"Low",0.919842312746386,82,"II",FALSE,7.76719130302781,6.21626083716506,8.70262291607825,9.10197567094923,6.29645740737124,13.916941220737,12.151828381514,8.44980895549207,2.39231742277876
"764c97c9-01d3-45cb-86bd-f8a52b5468da","TCGA-AA-A02R","2011-6-15","Colon Adenocarcinoma","No","Yes","Female",-30834,,,"No","No",2006,"T3","N0","M0","Stage IIA","R0","Yes",18,0,,,"With tumor","≤5 ng/mL",2.67,,"Yes","Yes","No","No","No","No",,,,0,84,"Cecum",0,"Yes","AA","≥66","T3","N0","M0","I–II","II",483.7,"High",106.35,"High",579.76,"High",1189.54,"High",268.44,"High",11556.6,"High",6042.86,"High",670,1,749.57,"Low",11.15,"Low",22.0105124835742,84,"II",FALSE,8.92094827227904,6.74617838097141,9.18179828052418,10.2174003780399,8.07382023329167,13.4965542248298,12.5612545269575,9.55184281717497,3.60288440871842
"73448b56-a6c6-4c98-a153-ab704261e073","TCGA-AA-A02W","2011-6-15","Colon Adenocarcinoma","No","Yes","Female",-26693,,,"No","No",2006,"T2","N0","M0","Stage I","R0","Yes",12,0,,31,"With tumor","≤5 ng/mL",2.96,,,,"No","No","No","Yes",,,,0,73,"Sigmoid Colon",0,"Yes","AA","≥66","T2","N0","M0","I–II","I",399.76,"Low",92.69,"Low",837.4,"High",1258.11,"High",280.48,"High",3866.21,"Low",342.53,"Low",1247,0,1767.48,"High",35.46,"High",40.9658344283837,73,"I",FALSE,8.64659470958165,6.549823164967,9.71149490665009,10.2981886118192,8.13688860790307,11.9170773934667,8.42429228288315,10.7882941881431,5.18824265626441
"a435fdf4-a89a-499e-9006-cbb5693eab26","TCGA-AA-A02Y","2011-6-15","Colon Adenocarcinoma","No","Yes","Male",-26724,,,"No","No",2007,"T2","N0","M0","Stage I","R0","Yes",18,0,,31,"With tumor","≤5 ng/mL",0.98,,"Yes","Yes","No","No","No","No",,,,0,73,"Cecum",0,"Yes","AA","≥66","T2","N0","M0","I–II","I",406.26,"Low",94.38,"Low",383.53,"Low",1169.46,"High",137.71,"Low",7457.74,"High",2554.27,"High",1216,0,837.84,"Low",3,"Low",39.9474375821288,73,"I",FALSE,8.66980631338319,6.57561487761963,8.58695234755313,10.1928599164314,7.11592798919079,12.8647162222093,11.3192600247803,9.71225184761567,2
"2a971e32-b0e7-4a3f-8c40-62d69c0307d8","TCGA-AA-A03F","2011-6-15","Colon Mucinous Adenocarcinoma","No","Yes","Female",-32873,,,"No","No",2004,"T3","N2","M0","Stage III","R0","Yes",29,4,,0,"With tumor","≤5 ng/mL",1.09,,,,"No","No","No","No",,,,0,90,"Cecum",0,"Yes","AA","≥66","T3","N2","M0","III–IV","III",337.12,"Low",28.09,"Low",300.6,"Low",516.92,"Low",44.95,"Low",5989.56,"High",2814.98,"High",549,1,688.29,"Low",5.62,"Low",18.0354796320631,90,"III",FALSE,8.40139154480353,4.86245139132558,8.2364926183813,9.01658546043445,5.52199295640167,12.5484751577028,11.4594213721873,9.42896727508192,2.72683121703249
"e6c8c5fc-158a-4de4-b3f6-3b645584bbc7","TCGA-AA-A03J","2011-6-15","Colon Adenocarcinoma","No","Yes","Female",-23986,,,"No","No",2004,"T2","N0","M0","Stage I","R0","Yes",34,0,,0,"With tumor","≤5 ng/mL",2.09,,,,"No","No","No","Yes",,,,1,65,"Sigmoid Colon",0,"Yes","AA","≤65","T2","N0","M0","I–II","I",185.43,"Low",52.98,"Low",305.27,"Low",473.04,"Low",105.96,"Low",10529.17,"High",4304.01,"High",1246,0,645.85,"Low",5.05,"Low",40.9329829172142,65,"I",FALSE,7.5424902244917,5.75435307169213,8.2586602476326,8.88886499017852,6.74092756031863,13.362241107098,12.0718008734883,9.33728738986652,2.59693514238723
"0f008098-d8aa-46dc-8445-cca59838c582","TCGA-AD-5900","2011-6-22","Colon Mucinous Adenocarcinoma","No","Yes","Male",-24776,"WHITE","NOT HISPANIC OR LATINO","No","No",2010,"T2","N0","MX","Stage I","R0","Yes",11,0,,2,"Tumor free",,,,,"No",,,"No","No","No",,,0,67,"Ascending Colon",0,"Yes","AD","≥66","T2","N0",,"I–II","I",542.53,"High",60.17,"Low",674.79,"High",1046.68,"Low",238.59,"Low",7782.68,"High",2899.38,"High",370,0,1115.66,"Low",142.12,"High",12.1550591327201,67,"I",FALSE,9.0862158564105,5.93475237096303,9.40043119215991,10.0329824166994,7.90442388399708,12.9262366844133,11.5020262153163,10.1249742663809,7.16108148227718
"c113808a-773f-4179-82d6-9083518404b5","TCGA-AD-6548","2011-7-22","Colon Adenocarcinoma","Yes","No","Female",-29758,"WHITE","NOT HISPANIC OR LATINO","No","No",2011,"T2","N0","M0","Stage I","R0","Yes",12,0,,3,,"≤5 ng/mL",2.6,,,"No",,,"No","Yes","Yes",78.6,157.5,0,81,"Splenic Flexure",0,"Yes","AD","≥66","T2","N0","M0","I–II","I",570.73,"High",107.04,"High",801.55,"High",1134.51,"High",303.14,"High",6508.43,"High",1948.32,"Low",650,0,2647.33,"High",60.87,"High",21.353482260184,81,"I",FALSE,9.15919018358965,6.75542173473424,9.64844746675104,10.1491246960234,8.24859175953591,12.668315503602,10.9287552272424,11.3708671876608,5.95116812883891
"13eff2e5-e33a-485f-9ba4-8a7ccb3c7528","TCGA-AD-6888","2011-7-22","Colon Adenocarcinoma","No","Yes","Male",-26816,"WHITE","NOT HISPANIC OR LATINO","Yes","No",2010,"T3","N1b","M0","Stage IIIB","R0","Yes",18,2,0,155,"Tumor free",,,"No","Yes","Yes","No","No","Yes","Yes","Yes",96,183,0,73,"Hepatic Flexure",0,"Yes","AD","≥66","T3","N1","M0","III–IV","III",191.24,"Low",94.69,"Low",538.06,"High",683.62,"Low",173.41,"Low",6487.56,"High",1338.66,"Low",472,1,1005.94,"Low",0,"Low",15.5059132720105,73,"III",FALSE,7.58676474335514,6.58029625988894,9.07430205066513,9.41915962860123,7.4463389508575,12.6636826224599,10.3876511819465,9.97576200546323,0
"955464c8-9c62-430c-87b8-107db5c980a8","TCGA-AD-6889","2011-7-12","Colon Adenocarcinoma","No","Yes","Male",,"ASIAN",,"No","No",2005,"T3","N0","M0","Stage IIA","R0","Yes",16,0,,1720,"Tumor free",">5 ng/mL",7.5,,"No","No","No","No",,,,,,1,76,"Ascending Colon",0,"Yes","AD","≥66","T3","N0","M0","I–II","II",406.04,"Low",45.57,"Low",273.94,"Low",971.84,"Low",171.53,"Low",10626.73,"High",2370.2,"Low",2532,1,626.73,"Low",0.51,"Low",83.1800262812089,76,"II",FALSE,8.66902676550963,5.5413289770456,8.1029730042414,9.9260587386788,7.43070343333574,13.3755458609466,11.2114016374185,9.29400034853957,0.594548549550354
"e8e80df9-e3ba-4dec-b8fc-a5e80d8c6798","TCGA-AD-6890","2011-7-22","Colon Adenocarcinoma","Yes","No","Male",-23769,"WHITE",,"No","No",2010,"T1","N0","MX",,,"Yes",22,0,,24,"Tumor free","≤5 ng/mL",0.8,"No","No","No","No","No",,,"Yes",,,2,65,"Ascending Colon",0,"Yes","AD","≤65","T1","N0",,,,449.76,"High",130.61,"High",806.15,"High",910.76,"Low",227.54,"Low",7185.58,"High",2204.49,"Low",746,0,1882.98,"High",14.18,"High",24.5072273324573,65,,FALSE,8.81621568762287,7.04012530196566,9.65669299728857,9.83251030761145,7.83630288350977,12.8110896588217,11.106883503726,10.8795679342975,3.92409988564074
"4f601d7b-8db1-4c6d-9374-21dcd804980d","TCGA-AD-6895","2011-7-22","Colon Adenocarcinoma","Yes","No","Male",-30879,"WHITE","NOT HISPANIC OR LATINO","Yes","No",2011,"T3","N1a","M0","Stage IIIB","R0","Yes",17,1,,22,"Tumor free",,,"No","Yes","Yes","No","No","No",,"No",68,170,0,84,"Cecum",0,"Yes","AD","≥66","T3","N1","M0","III–IV","III",443.94,"High",57.62,"Low",742.9,"High",1466.91,"High",272.51,"High",9620.37,"High",1560.89,"Low",763,0,1238.32,"Low",27.39,"High",25.065703022339,84,"III",FALSE,8.79746699205916,5.87332106291482,9.53896488745146,10.5195478015258,8.09544977118988,13.2320266205994,10.6090771363221,10.2753330329202,4.82731094394967
"ea923671-3903-4a79-830d-e7e4b1eabab0","TCGA-AD-6899","2011-7-25","Colon Mucinous Adenocarcinoma","Yes","No","Male",-30693,"WHITE",,"No","No",2011,"T4a","N2b","MX","Stage IIIC",,"Yes",20,17,,48,"Tumor free",">5 ng/mL",6.1,"No","Yes","Yes","No",,,"No","No",62,175,0,84,"Cecum",0,"Yes","AD","≥66","T4","N2",,"III–IV","III",694.77,"High",154.04,"High",436.5,"Low",842.76,"Low",393.45,"High",7592.67,"High",3249.38,"High",176,1,1897.19,"High",46.6,"High",5.78186596583443,84,"III",FALSE,9.44246666438602,7.27649666564036,8.77313920671969,9.72068888533212,8.62369862734246,12.8905815894252,11.6663926772856,10.8904086913197,5.57288966842058
"b76d1de7-6447-474d-bf67-77e0bb2da73a","TCGA-AD-6901","2011-7-25","Colon Adenocarcinoma","Yes","No","Male",-28579,"WHITE",,"No","No",2011,"T3","N0","MX",,,"Yes",19,0,,31,"With tumor",">5 ng/mL",5.9,"No","No","No","No","No","No",,"No",69,170,,78,"Cecum",0,"Yes","AD","≥66","T3","N0",,,,445.22,"High",57.43,"Low",170.19,"Low",774.01,"Low",334.05,"High",9748.04,"High",2768.29,"High",682,1,1032.18,"Low",15.28,"High",22.4047306176084,78,,FALSE,8.80161136775431,5.86863738417031,7.4194546194824,9.59807111546138,8.38823259689555,13.2510444465574,11.4353004252772,10.0128759062271,4.02502879449152
"47a8e514-904c-4867-8f43-7eb573be835b","TCGA-AD-6963","2011-8-17","Colon Adenocarcinoma","Yes","No","Male",-21294,"WHITE",,"No","No",2011,"T3","N0","MX",,,"Yes",12,0,,3,"Tumor free",">5 ng/mL",5.5,"No","No","No","No","No",,,,107,193,2,58,"Ascending Colon",0,"Yes","AD","≤65","T3","N0",,,,249.91,"Low",107.41,"High",1111.27,"High",1312.39,"High",244.3,"High",4652.16,"Low",2103.19,"Low",834,0,2274.83,"High",18.6,"High",27.3981603153745,58,,FALSE,7.97102616017471,6.76035403027647,10.1192913248628,10.3590796605429,7.93840342367024,12.1839950800181,11.0390492648065,11.1521770798651,4.29278174922785
"5e7074a6-5011-4dc5-950c-41365dbc6d09","TCGA-AD-6964","2011-8-17","Colon Adenocarcinoma","Yes","No","Male",-21457,"WHITE","NOT HISPANIC OR LATINO","Yes","No",2011,"T4a","N2b",,,,"Yes",16,0,9,23,"With tumor",,,"Yes","Yes","Yes","No","Yes","No","No","No",91,183,1,58,"Cecum",0,"Yes","AD","≤65","T4","N2",,,,359.05,"Low",109.6,"High",357.71,"Low",1354.18,"High",281.06,"High",11524.65,"High",1918.31,"Low",331,1,762.48,"Low",55.14,"High",10.8738501971091,58,,FALSE,8.49205345672731,6.78920757534734,8.48667415461104,10.4042687730386,8.13985827614017,13.4925604946582,10.9063720338936,9.57644655468324,5.8109571587378
"c8de215d-53a4-4e6c-be58-5887a8094815","TCGA-AD-6965","2011-8-17","Colon Adenocarcinoma","Yes","No","Male",-22853,"WHITE","NOT HISPANIC OR LATINO","No","No",2011,"T4a","N2b","M0","Stage IIIC","R1","Yes",17,11,,6,"With tumor",,,"No","Yes","Yes","No","No",,,,95,183,1,62,"Cecum",0,"Yes","AD","≤65","T4","N2","M0","III–IV","III",416.32,"Low",100.21,"Low",865.7,"High",1157.54,"High",363.64,"High",2480.37,"Low",394.63,"Low",805,0,2433.37,"High",47.52,"High",26.4454664914586,62,"III",FALSE,8.70501025298183,6.6612080315625,9.75938889439841,10.1780921405225,8.51032901949057,11.2769211578874,8.62800801731317,11.24933274466,5.60050764534579
"613AA3E8-A70B-45A9-9C08-0C2346C8BF00","TCGA-AD-A5EJ","2013-7-12","Colon Adenocarcinoma","Yes","No","Female",-27180,"BLACK OR AFRICAN AMERICAN","NOT HISPANIC OR LATINO","No","No",2012,"T3","N0","MX","Stage IIA","R0","Yes",32,0,,0,"Tumor free",,,"No","No","No",,,"No",,"Yes",71,163,,74,"Cecum",0,"Yes","AD","≥66","T3","N0",,"I–II","II",,,,,,,,,,,,,,,,,,,,,,74,"II",FALSE,,,,,,,,,
"E8EC26BD-C88D-42B9-AC8A-AB121B8140F8","TCGA-AD-A5EK","2013-7-12","Colon Adenocarcinoma","Yes","No","Male",-18731,"BLACK OR AFRICAN AMERICAN","NOT HISPANIC OR LATINO","No","No",2012,"T2","N0","MX","Stage I","R0","Yes",11,0,,13,"Tumor free","≤5 ng/mL",1.2,"No","No",,"No","No","No","Yes","Yes",100,190,0,51,"Ascending Colon",0,"Yes","AD","≤65","T2","N0",,"I–II","I",750.96,"High",175.1,"High",937.93,"High",1017.62,"Low",240.61,"Low",3286.59,"Low",2219.92,"Low",500,0,1153.64,"Low",0.38,"Low",16.4257555847569,51,"I",FALSE,9.55451211053871,7.46025109894385,9.87487379449374,9.99240023375036,7.91653635740066,11.6828146743602,11.1169417110085,10.1732273950287,0.464668267003444
"26a12266-c6d8-42f9-bd4e-5093d827ac9a","TCGA-AM-5820","2011-7-15","Colon Adenocarcinoma","No","Yes","Female",-21902,"WHITE","NOT HISPANIC OR LATINO","No","No",2010,"T4a","N2","M1","Stage IVA","R0","Yes",4,4,,14,"Tumor free",">5 ng/mL",176.1,"No","No","Yes","No","No","No","No","No",98,164,0,59,"Sigmoid Colon",0,"Yes","AM","≤65","T4","N2","M1","III–IV","IV",629.23,"High",221.71,"High",450.52,"Low",1676.83,"High",284.76,"High",5760.33,"High",1330.27,"Low",14,0,2007.1,"High",0,"Low",0.459921156373193,59,"IV",FALSE,9.29973462045688,7.79902252844155,8.81864608282254,10.7123808320361,8.1586601753465,12.4921861801686,10.3785874841294,10.9716153995244,0
"605baa86-79e3-484d-82d2-4de27d405ba1","TCGA-AM-5821","2011-7-15","Colon Adenocarcinoma","No","Yes","Female",-24903,"WHITE","NOT HISPANIC OR LATINO","No","No",2010,"T3","N0","M0","Stage IIA","R0","No",,,,28,"Tumor free",,,"No","No","No","No","No","No","Yes",,68,148,0,68,"Sigmoid Colon",0,"Yes","AM","≥66","T3","N0","M0","I–II","II",308.79,"Low",103.81,"High",571.73,"High",1530.76,"High",186.01,"Low",11507.31,"High",1009.09,"Low",28,0,1318.93,"Low",30.56,"High",0.919842312746386,68,"II",FALSE,8.27514676455664,6.71163256182322,9.16171136459737,10.580974554553,7.54697160729232,13.490388368221,9.98026812889555,10.366245705662,4.98002530023873
"fb4cc403-694c-421f-b360-3108b6d57ad5","TCGA-AU-3779","2010-12-28","Colon Adenocarcinoma","Yes","No","Female",-29460,"WHITE","NOT HISPANIC OR LATINO","No","No",2010,"T3","N0","M0","Stage IIA","R0","Yes",21,0,0,441,"Tumor free",,,"No","No","No","No","No","No","Yes","No",83,157,0,80,"Rectosigmoid Junction",0,"Yes","AU","≥66","T3","N0","M0","I–II","II",280.95,"Low",51.08,"Low",440.45,"Low",1329.68,"High",273.65,"High",6613.5,"High",2677.61,"High",441,0,2287.72,"High",65.68,"High",14.4875164257556,80,"II",FALSE,8.13929553272601,5.70265754339091,8.78610623277419,10.3779479604058,8.10145048163113,12.6914163898004,11.3872688277594,11.1603252603035,6.05918219921169
"32b77693-18e1-4692-8488-add1940c9e7c","TCGA-AU-6004","2011-6-3","Colon Adenocarcinoma","Yes","No","Female",-25259,"WHITE","NOT HISPANIC OR LATINO","No","No",2010,"T2","N0","M0","Stage I","R0","Yes",16,0,0,203,"Tumor free",,,"No","No","No","No","No","No","Yes","No",55,160,,69,"Cecum",0,"Yes","AU","≥66","T2","N0","M0","I–II","I",826.06,"High",105.39,"High",855.36,"High",1154.91,"High",213.84,"Low",4975.62,"Low",3312.12,"High",824,0,2683.72,"High",228.71,"High",27.0696452036794,69,"I",FALSE,9.69184818490588,6.73321874260246,9.74207359975625,10.1748133575799,7.74711881638081,12.2809505159516,11.6939747429164,11.3905559163827,7.84366985291798
"6baf61b6-ae5b-42f0-adc9-0d26fda231f7","TCGA-AY-4070","2010-11-18","Colon Adenocarcinoma","No","Yes","Female",-18621,"BLACK OR AFRICAN AMERICAN","NOT HISPANIC OR LATINO","No","No",2007,"T3","N2","M0","Stage IIIC","R1","Yes",15,5,0,,"With tumor",">5 ng/mL",67.5,"No","Yes","Yes","Yes","No","No","No","No",100.8,160,0,50,"Cecum",0,"Yes","AY","≤65","T3","N2","M0","III–IV","III",322.97,"Low",200.6,"High",343.03,"Low",724.17,"Low",283.85,"High",9130.39,"High",3087.26,"High",496,1,976.93,"Low",79.24,"High",16.2943495400788,50,"III",FALSE,8.33971641382569,7.65535182861255,8.42639056564422,9.50217543236028,8.15405859598329,13.1566187717577,11.592578502592,9.9335873908754,6.32624970083746
"315ef7f6-ca21-4d87-8f19-40bd455885ec","TCGA-AY-4071","2011-4-7",,"No","Yes","Female",-23320,"WHITE","NOT HISPANIC OR LATINO","No","No",2009,"T1","N0",,"Stage I","R0","Yes",25,0,,,"Tumor free",">5 ng/mL",6,"No","No","No","No","No","No","Yes","Yes",113.7,,0,63,,0,"Yes","AY","≤65","T1","N0",,"I–II","I",333.68,"Low",92.23,"Low",273.56,"Low",702.59,"Low",217.62,"Low",11337.82,"High",2761.66,"High",29,1,826.94,"Low",119.17,"High",0.9526938239159,63,"I",FALSE,8.38663852997474,6.54272236185832,8.10097764772482,9.45859116796133,7.77228157880356,13.4689828903123,11.4318423055542,9.69338241059244,6.90893296724454
"14cc6f5b-5692-471e-98b4-ae200b3d8fed","TCGA-AY-5543","2011-4-7","Colon Adenocarcinoma","Yes","No","Female",-23870,"BLACK OR AFRICAN AMERICAN","NOT HISPANIC OR LATINO","No","No",2010,"T3","N1a","M1","Stage IVA","R0","Yes",24,1,,230,"Tumor free",,,"Yes","No","No","No","No","No","No","No",61.3,,0,65,"Ascending Colon",0,"Yes","AY","≤65","T3","N1","M1","III–IV","IV",584.38,"High",74.92,"Low",627.37,"High",1569.4,"High",247.24,"High",2047.32,"Low",220.03,"Low",1004,0,1139.98,"Low",61.51,"High",32.9829172141919,65,"IV",FALSE,9.19322964547403,6.24640808724638,9.29547049407905,10.6169163625788,7.95559179175399,11.0002254034909,7.78809838705604,10.1560577878104,5.9660150974041
"2c30dc20-18a8-44f9-ab10-558c1e5634dc","TCGA-AY-6196","2011-4-14","Colon Mucinous Adenocarcinoma","Yes","No","Male",-17311,"WHITE","NOT HISPANIC OR LATINO","No","No",2010,"T3","N2b",,"Stage IIIC","R0","Yes",14,12,,6,"Tumor free",">5 ng/mL",5.5,"Yes","No","Yes","No","No","No","No","No",,,1,47,"Cecum",0,"Yes","AY","≤65","T3","N2",,"III–IV","III",680.67,"High",127.85,"High",141.06,"Low",1123.05,"Low",530.01,"High",27324.73,"High",1429.77,"Low",6,0,1006.6,"Low",751.5,"High",0.197109067017083,47,"III",FALSE,9.41292968183418,7.00954872697226,7.15035658020834,10.1344904956192,9.05259521994646,14.7379724171964,10.482576058384,9.97670731184688,9.55554777164707
"f6c674bf-396d-4bfe-8d08-e7266c314be3","TCGA-AY-6197","2011-4-14","Colon Adenocarcinoma","Yes","No","Male",-21957,"WHITE","NOT HISPANIC OR LATINO","No","No",2010,"T3","N0",,"Stage IIA","R0","Yes",16,0,,113,"Tumor free",,,"No","No","No","No","No","No","No","No",158,,0,60,"Cecum",0,"Yes","AY","≤65","T3","N0",,"I–II","II",445.22,"High",104.66,"High",627.96,"High",1146.77,"High",235.49,"Low",2067.46,"Low",2509.81,"High",652,0,1455.85,"High",11.86,"Low",21.419185282523,60,"II",FALSE,8.80161136775431,6.72328550477764,9.29682445864937,10.1646178560279,7.8856353701452,11.0143413435841,11.2939371446419,10.5086366271322,3.68481873755322
"35c9264f-34ec-4d75-ab80-aaac86108fc8","TCGA-AY-6386","2011-6-1","Colon Adenocarcinoma","Yes","No","Female",-24453,"BLACK OR AFRICAN AMERICAN","NOT HISPANIC OR LATINO","No","No",2010,"T3","N1a","M0","Stage IIIB","R0","Yes",19,1,,169,"Tumor free","≤5 ng/mL",1.3,"No","No","No","No","No","No","No","Yes",86,153,0,66,"Cecum",0,"Yes","AY","≥66","T3","N1","M0","III–IV","III",524.1,"High",130.47,"High",640.32,"High",1821.22,"High",200.82,"Low",3684.74,"Low",2435.71,"Low",542,0,2955.36,"High",11.13,"Low",17.8055190538765,66,"III",FALSE,9.03644838544088,7.03858981979453,9.3249005890772,10.8314814335652,7.65692533979425,11.8477385884195,11.2507188465739,11.5296062437914,3.60050764534579
"D8E9EA52-FF28-4626-BAA3-71350FD53DDF","TCGA-AY-A54L","2013-2-26","Colon Adenocarcinoma","Yes","No","Female",-27074,"BLACK OR AFRICAN AMERICAN",,"No","No",2012,"T2","N0","M0","Stage I","R0","Yes",24,0,,158,"Tumor free","≤5 ng/mL",2.5,"No","No","No",,,"No","No","No",68,172,1,74,"Transverse Colon",0,"Yes","AY","≥66","T2","N0","M0","I–II","I",430.87,"High",118.32,"High",652.67,"High",1327.4,"High",310.01,"High",5820.19,"High",572.94,"Low",525,0,1324.85,"Low",2.54,"Low",17.2470433639947,74,"I",FALSE,8.75445329248671,6.89869207256049,9.35241867638768,10.3754739126153,8.28081715829288,12.50709839168,9.1647561144337,10.3727018500846,1.82374936030827
"ACD51808-870C-4684-A2DE-AA0B058729E1","TCGA-AY-A69D","2013-6-18","Colon Adenocarcinoma","Yes","No","Female",-20299,"BLACK OR AFRICAN AMERICAN","NOT HISPANIC OR LATINO","No","No",2012,"T3","N0","M0","Stage IIA","R0","Yes",25,0,,168,"Tumor free","≤5 ng/mL",1,"No","No","No","No","No","No","No","No",103,165,0,55,"Transverse Colon",0,"Yes","AY","≤65","T3","N0","M0","I–II","II",911.66,"High",149.16,"High",924.44,"High",1793.13,"High",420.85,"High",2201.9,"Low",4100.86,"High",543,0,2806.36,"High",126.43,"High",17.838370565046,55,"II",FALSE,9.83393369218532,7.23035674505615,9.85399564717639,10.8090687142506,8.72058629125287,11.1051882904687,12.002062536901,11.454998363444,6.99356115148326
"D4DA3298-3A02-44A6-BDCD-D260F38E520B","TCGA-AY-A71X","2013-12-9","Colon Adenocarcinoma","Yes","No","Female",-19904,"BLACK OR AFRICAN AMERICAN","NOT HISPANIC OR LATINO","No","No",2013,"T2","N0","M0","Stage I","R0","Yes",28,0,,235,"Tumor free","≤5 ng/mL",4.8,"No","No","No","No","No","No","No","Yes",130,164,0,54,"Cecum",0,"Yes","AY","≤65","T2","N0","M0","I–II","I",357.03,"Low",86.86,"Low",343.2,"Low",1243.27,"High",199.46,"Low",6270.18,"High",2680.63,"High",588,0,1555.34,"High",1.15,"Low",19.3166885676741,54,"I",FALSE,8.48393666843153,6.45713459431804,8.42710328715284,10.2810838612844,7.6471705782814,12.614521214129,11.3888944786573,10.6039415523966,1.10433665981474
"C6F6C032-5D4E-4028-AED0-24A587620354","TCGA-AY-A8YK","2014-3-10","Colon Adenocarcinoma","Yes","No","Male",-16140,"BLACK OR AFRICAN AMERICAN","NOT HISPANIC OR LATINO","No","No",2013,"T3","N2a","M1","Stage IVA","R0","Yes",24,6,,209,"Tumor free",">5 ng/mL",5.9,"No","Yes","Yes","No","No","No","No","No",86.1,185,0,44,"Sigmoid Colon",0,"Yes","AY","≤65","T3","N2","M1","III–IV","IV",407.73,"Low",95.66,"Low",1115.46,"High",1418.24,"High",213.62,"Low",6940.27,"High",448.6,"Low",573,0,1967.61,"High",25.54,"High",18.8239159001314,44,"IV",FALSE,8.67500432807536,6.594847089653,10.1247158485539,10.4709028610459,7.74564071394166,12.760983932347,8.81249822533356,10.9429616128668,4.73009646559547
"3d8fd9b2-9aa2-4c81-8843-535ae66d6140","TCGA-AZ-4308","2011-2-11","Colon Adenocarcinoma","No","Yes","Female",-17321,"WHITE","NOT HISPANIC OR LATINO","No","No",2006,"T3","N1","M0","Stage IIIB","R0","Yes",14,3,,1715,"Tumor free","≤5 ng/mL",0.5,,"No","Yes",,,,,,73,,,47,"Sigmoid Colon",0,"Yes","AZ","≤65","T3","N1","M0","III–IV","III",14.34,"Low",12.3,"Low",165.98,"Low",143.44,"Low",45.08,"Low",20387.3,"High",2581.97,"High",3324,0,112.7,"Low",2.05,"Low",109.198423127464,47,"III",FALSE,3.93922657772821,3.73335434061383,7.38353150427804,7.17432651517391,5.52606881166759,14.3154538663401,11.3348151719807,6.82908844400489,1.60880924267552
"1fd75c4d-e74c-410c-a150-814722c6c1cc","TCGA-AZ-4313","2011-2-11","Colon Adenocarcinoma","No","Yes","Female",-18765,"WHITE","NOT HISPANIC OR LATINO","Yes","No",2007,"T1","N0","M0","Stage I",,"Yes",13,0,,957,"Tumor free",">5 ng/mL",5.9,"No","Yes","Yes",,,,,,57,,0,51,"Descending Colon",0,"Yes","AZ","≤65","T1","N0","M0","I–II","I",179.32,"Low",90.3,"Low",474.85,"Low",969.1,"Low",93.32,"Low",5520.98,"Low",3910.21,"High",2310,0,296.49,"Low",0.47,"Low",75.8869908015769,51,"I",FALSE,7.4944156103975,6.51254295509686,8.89436306086969,9.92198966085596,6.55949181320504,12.4309699473159,11.9333992837411,8.21669736342931,0.55581615506164
"de287a25-981d-49f8-81af-fe0300e4cd31","TCGA-AZ-4315","2011-3-21","Colon Adenocarcinoma","No","Yes","Male",-22340,"WHITE","NOT HISPANIC OR LATINO","No","No",2006,"T3","N0","M0","Stage IIA","R0","Yes",0,,,1334,"Tumor free","≤5 ng/mL",1.5,"Yes","No","No",,,,,,84,,0,61,"Cecum",0,"Yes","AZ","≤65","T3","N0","M0","I–II","II",228.42,"Low",153.89,"High",511.75,"Low",823.05,"Low",136.13,"Low",5431.32,"Low",2124.19,"Low",1776,0,406.96,"Low",34.56,"High",58.3442838370565,61,"II",FALSE,7.84184735550986,7.27510019370779,9.00211177647985,9.68658806670213,7.09940041455047,12.40735275114,11.0533761140555,8.67228389434739,5.15218341905505
"c59d90a6-9cda-426d-b8ea-41f0a87033d5","TCGA-AZ-4323","2011-8-31","Colon Adenocarcinoma","No","Yes","Male",-13755,"WHITE","NOT HISPANIC OR LATINO","No","No",2002,"T4","N2","M1","Stage IV",,"Yes",30,5,,,"With tumor",,,,"Yes",,,,,,,,,,37,"Cecum",0,"Yes","AZ","≤65","T4","N2","M1","III–IV","IV",583.11,"High",120.94,"High",541.46,"High",1758.88,"High",449.13,"High",7605.57,"High",2145.28,"Low",43,1,915.82,"Low",2958.22,"High",1.41261498028909,37,"IV",FALSE,9.19009627379551,6.93002764088174,9.08337294958213,10.7812613446002,8.81419790959465,12.8930303363523,11.0676225845499,9.84049470593117,11.5310012407784
"3334201d-a3c0-45ec-a9ed-cf48cc8c38e8","TCGA-AZ-4614","2011-3-21","Colon Adenocarcinoma","No","Yes","Female",-26267,"WHITE","NOT HISPANIC OR LATINO","No","No",2008,"T4a","N1","M1","Stage IVA","R0","Yes",4,2,,,"With tumor",">5 ng/mL",49.7,"No","Yes","Yes",,,,,,70,,,71,,0,"Yes","AZ","≥66","T4","N1","M1","III–IV","IV",222.12,"Low",138.93,"High",431.32,"Low",703.95,"Low",333.81,"High",4979.18,"Low",2502.93,"High",172,1,718.61,"Low",1.28,"Low",5.65045992115637,71,"IV",FALSE,7.80167602925359,7.12856148902751,8.75595576955096,9.46137712486043,8.38719880826918,12.281982171617,11.2899785154372,9.49107142479403,1.18903382439002
"bf69a4ce-ec7e-4752-a86d-dcc80e3c9a57","TCGA-AZ-4615","2011-3-22","Colon Adenocarcinoma","No","Yes","Male",-30908,"WHITE","NOT HISPANIC OR LATINO","No","No",2009,"T3","N1","M0","Stage IIIB","RX","Yes",18,1,,506,,"≤5 ng/mL",2.1,,"Yes","Yes","Yes",,"Yes",,,84,170,1,84,,0,"Yes","AZ","≥66","T3","N1","M0","III–IV","III",373.3,"Low",105.28,"High",438.04,"Low",965.5,"Low",256.24,"High",7031.18,"High",3027.88,"High",1002,0,731.29,"Low",4.04,"Low",32.9172141918528,84,"III",FALSE,8.5480512380126,6.73172632271578,8.77820857639809,9.91662592221124,8.00697118436404,12.7797562837247,11.5645687063628,9.51627128460592,2.33342373372519
"e703af88-c05f-4d7b-b225-d640e4d1a2a5","TCGA-AZ-4616","2011-8-30","Colon Adenocarcinoma","No","Yes","Female",-30043,"WHITE","NOT HISPANIC OR LATINO","No","No",2009,"T3","N2","M1","Stage IV",,"Yes",23,13,,,,,,,"Yes","Yes",,,,,,,,,82,"Cecum",0,"Yes","AZ","≥66","T3","N2","M1","III–IV","IV",368.21,"Low",62.78,"Low",441.45,"Low",1174.89,"High",176.88,"Low",15452.91,"High",2151.97,"Low",156,1,373.19,"Low",6.48,"Low",5.12483574244415,82,"IV",FALSE,8.52829781847626,5.99503219247754,8.7893706193709,10.19953739256,7.47476049957678,13.9156842807174,11.0721125014488,8.54762719372172,2.90303827011291
"6fbc2b46-6762-4778-aa7e-782162c5397c","TCGA-AZ-4681","2011-3-22","Colon Adenocarcinoma","No","Yes","Female",-28906,"WHITE","NOT HISPANIC OR LATINO","No","No",2004,"T3","N0","M0","Stage IIA","R0",,,,,2180,"Tumor free",">5 ng/mL",15.1,"Yes",,,,,"Yes",,"Yes",68,,1,79,"Ascending Colon",0,"Yes","AZ","≥66","T3","N0","M0","I–II","II",17.98,"Low",40.45,"Low",294.38,"Low",395.51,"Low",85.39,"Low",1626.97,"Low",2752.81,"High",3247,0,406.74,"Low",0,"Low",106.668856767411,79,"II",FALSE,4.24640808724638,5.37330019660839,8.2064283351813,8.6312134409965,6.43279241901955,10.6688583987318,11.4272133083638,8.67150568442538,0
"e588714a-7753-4c3c-abb6-eaf1aab53ab3","TCGA-AZ-4682","2011-3-23","Colon Adenocarcinoma","No","Yes","Male",-22409,"WHITE","NOT HISPANIC OR LATINO","No","No",2006,"T3","N0","M1","Stage IVA","R0","Yes",3,0,,,"With tumor",,,"Yes","No","No",,,"Yes",,,98,,,61,"Sigmoid Colon",0,"Yes","AZ","≤65","T3","N0","M1","III–IV","IV",184.29,"Low",112.62,"High",422.76,"Low",931.3,"Low",184.29,"Low",8090.92,"High",2659.98,"High",680,1,777.31,"Low",2.87,"Low",22.3390275952694,61,"IV",FALSE,7.53364121177828,6.82807299786697,8.72710360352266,9.86465045674568,7.53364121177828,12.982266341561,11.3777419517267,9.60420108326917,1.95233356636969
"cac80259-3a26-4a99-b0d3-13454068e6ed","TCGA-AZ-4684","2011-3-23","Colon Adenocarcinoma","No","Yes","Male",-18252,"WHITE","NOT HISPANIC OR LATINO","No","No",2006,"T3","N2","M1","Stage IVA",,"Yes",12,10,10,1705,"With tumor",">5 ng/mL",8.9,"Yes",,"Yes",,,"Yes",,,94,,,49,,0,"Yes","AZ","≤65","T3","N2","M1","III–IV","IV",185.54,"Low",140.13,"High",465.8,"Low",624.01,"Low",223.74,"Low",4882.79,"Low",2217.79,"Low",1977,0,852.86,"Low",36.95,"High",64.9474375821288,49,"IV",FALSE,7.5433412122875,7.14088088395225,8.86666075081999,9.28773546248544,7.81211311298331,12.2537854513117,11.1155574130824,9.73785573284877,5.2460279805281
"85a57cfe-f1c9-44d9-8b50-022c0d3438d1","TCGA-AZ-5403","2011-8-26","Colon Adenocarcinoma","No","Yes","Male",-15983,"WHITE","NOT HISPANIC OR LATINO","No","No",2000,"T3","N0","MX","Stage II",,"Yes",12,0,,,"With tumor","≤5 ng/mL",2.3,"No","No","No",,,,,,,,0,43,"Sigmoid Colon",0,"Yes","AZ","≤65","T3","N0",,"I–II","II",218.42,"Low",110.6,"High",393.34,"Low",1420.64,"High",245.26,"High",7570.57,"High",465.06,"Low",1910,1,828.32,"Low",4.16,"Low",62.7463863337713,43,"II",FALSE,7.7775512222878,6.80219321694183,8.62329624786116,10.4733404641279,7.94403849975484,12.8863767653705,8.86437188742314,9.69578507476896,2.36737106564853
"b718134c-5231-4f29-a423-7bad17c93fc5","TCGA-AZ-5407","2011-8-29","Colon Adenocarcinoma","No","Yes","Female",-18820,"WHITE","NOT HISPANIC OR LATINO","No","No",2007,"T1","N0","M0","Stage I",,"Yes",16,0,,1395,"Tumor free",,,"No","No","No",,,"Yes",,,,,0,51,"Cecum",0,"Yes","AZ","≤65","T1","N0","M0","I–II","I",475.26,"High",110.39,"High",724.51,"High",985.96,"Low",209.16,"Low",2142.16,"Low",2384.44,"Low",2683,0,1408.93,"High",31.37,"High",88.1406044678055,51,"I",FALSE,8.89560557487191,6.79947591080117,9.50285168945748,9.94684780538748,7.71534429535891,11.0655238447045,11.2200396839203,10.4614078223502,5.01658546043445
"a8b4284d-cbbb-43e3-897b-d04af4bfba74","TCGA-AZ-6598","2011-8-29","Colon Adenocarcinoma","No","Yes","Female",-28182,"WHITE","NOT HISPANIC OR LATINO","No","No",2000,"T3","N0","MX","Stage II",,"Yes",24,0,,,,">5 ng/mL",7.5,,"No","No",,,,,,,,,77,,0,"Yes","AZ","≥66","T3","N0",,"I–II","II",827.21,"High",123.11,"High",593.41,"High",1471.38,"High",230.56,"Low",9191.14,"High",1332.61,"Low",1503,1,502.16,"Low",9.18,"Low",49.3758212877792,77,"II",FALSE,9.69385281202286,6.95547555318157,9.21531457689796,10.5239343428539,7.85524225145415,13.1661850556409,10.3811211121077,8.97487342579282,3.34766565630097
"fbb69964-f962-4b89-b59b-dd05f8faf61a","TCGA-AZ-6599","2011-8-29","Colon Adenocarcinoma","No","Yes","Male",-26438,"WHITE","NOT HISPANIC OR LATINO","No","No",2001,"T2","N0","MX","Stage I",,"Yes",25,0,,,,,,,"No","No",,,,,,,,,72,"Cecum",0,"Yes","AZ","≥66","T2","N0",,"I–II","I",261.88,"Low",72.35,"Low",412.69,"Low",1292.06,"High",227.23,"Low",6734.43,"High",2728.31,"High",206,1,1783.21,"High",37.7,"High",6.76741130091984,72,"I",FALSE,8.03826057517535,6.19672506078603,8.69240627394972,10.3365735046626,7.83434463086033,12.717554337115,11.4143205525108,10.8010697138937,5.27426166125705
"aee20b98-df51-4ead-86cc-0d5f60a74b90","TCGA-AZ-6600","2011-8-30","Colon Adenocarcinoma","No","Yes","Male",-23581,"BLACK OR AFRICAN AMERICAN","NOT HISPANIC OR LATINO","No","No",2001,"T4","N1","M1","Stage IV",,"Yes",10,1,,,"With tumor",">5 ng/mL",20.1,,"Yes","Yes",,,,,,,,,64,"Hepatic Flexure",0,"Yes","AZ","≤65","T4","N1","M1","III–IV","IV",677.13,"High",97.16,"Low",510.39,"Low",1396.27,"High",258.8,"High",7915.57,"High",2688.59,"High",368,1,1863.39,"High",165.89,"High",12.0893561103811,64,"IV",FALSE,9.40541805956278,6.61706334388818,8.99828013938154,10.4483951100076,8.02125762056052,12.9506597760986,11.3931705503626,10.8644879645111,7.38275370120004
"7ad0617e-bc4a-4869-8419-744f04d9b7a3","TCGA-AZ-6601","2011-9-15","Colon Adenocarcinoma","No","Yes","Male",-25082,"WHITE","NOT HISPANIC OR LATINO","Yes","No",2001,"T3","N0","M0","Stage II",,"Yes",11,0,,,"With tumor","≤5 ng/mL",1.8,,"Yes","Yes",,,,,,59,162,,68,"Sigmoid Colon",0,"Yes","AZ","≥66","T3","N0","M0","I–II","II",222.78,"Low",73.84,"Low",1105.49,"High",1207.17,"High",309.7,"High",7562.87,"High",1934.6,"Low",3042,1,1454.01,"High",278.48,"High",99.934296977661,68,"II",FALSE,7.8059372931571,6.22573765346606,10.1117746973775,10.2386077533161,8.27937843123448,12.8849088526077,10.9185651289894,10.5068133531914,8.1266012351573
"56d5b0b9-9093-4286-a2c6-7faa9a1680f5","TCGA-AZ-6603","2011-9-2","Colon Adenocarcinoma","No","Yes","Female",-28424,"WHITE","NOT HISPANIC OR LATINO","No","No",2002,"T2","N1","MX",,,"Yes",3,0,,,"Tumor free",,,,"No","No",,,,,,,,,77,"Sigmoid Colon",0,"Yes","AZ","≥66","T2","N1",,,,323.98,"Low",112.26,"High",692.93,"High",1049.46,"Low",362.01,"High",5205.96,"Low",2714.32,"High",899,1,1940.95,"High",29.62,"High",29.5335085413929,77,,FALSE,8.34420712395069,6.82349462471286,9.43864632844816,10.036805511975,8.50386548111337,12.3462256086126,11.4069065140761,10.9232903403725,4.93640237772506
"849031de-ac8a-4012-9362-d192512997f1","TCGA-AZ-6605","2011-9-2","Colon Adenocarcinoma","No","Yes","Male",-28485,"WHITE","NOT HISPANIC OR LATINO","No","No",2008,"T4","N1","M0","Stage IIIB",,"Yes",22,1,,,"Tumor free","≤5 ng/mL",2.5,,"Yes","Yes",,,,,,,,,77,"Ascending Colon",0,"Yes","AZ","≥66","T4","N1","M0","III–IV","III",511.32,"High",93.5,"Low",595.96,"High",1177.17,"High",312.01,"High",9283.96,"High",2370.57,"Low",159,1,1492.13,"High",121.56,"High",5.22339027595269,77,"III",FALSE,9.00090140274153,6.56224242422107,9.22149045504205,10.2023320075841,8.29006493868965,13.180679979645,11.2116267367449,10.5441240644617,6.93734439215023
"c8d6fe73-3504-42a5-9723-e1916fba8208","TCGA-AZ-6606","2011-9-2","Colon Adenocarcinoma","No","Yes","Male",-29704,"WHITE","NOT HISPANIC OR LATINO","No","No",2009,"T4","N2","M1","Stage IV",,"Yes",17,10,,,"With tumor",">5 ng/mL",10.6,,"Yes","Yes",,,,,,,,,81,"Cecum",0,"Yes","AZ","≥66","T4","N2","M1","III–IV","IV",913.19,"High",67.37,"Low",701.53,"High",1917.45,"High",248.67,"High",3409.5,"Low",1964.86,"Low",357,1,1349.83,"Low",26.2,"High",11.7279894875164,81,"IV",FALSE,9.83635022767389,6.09529152021173,9.45641602354545,10.9057254495548,7.96387866922505,11.7357675472666,10.9409448675321,10.3996304096669,4.76553474636298
"64dcf1a5-c78c-4d3f-852c-15865b3b6189","TCGA-AZ-6607","2011-9-2","Colon Adenocarcinoma","No","Yes","Male",-25448,"WHITE","NOT HISPANIC OR LATINO","No","No",2009,"T4","N2","M1","Stage IV",,"No",19,5,,,"With tumor",">5 ng/mL",22.6,,"Yes","Yes",,,,,,,,,69,"Sigmoid Colon",0,"Yes","AZ","≥66","T4","N2","M1","III–IV","IV",553.4,"High",182.47,"High",305.12,"Low",1947.98,"High",512.72,"High",6920.84,"High",1279.11,"Low",97,1,1332.96,"Low",10.17,"Low",3.18659658344284,69,"IV",FALSE,9.11478344724985,7.5194003706113,8.2579534945489,10.9285035707177,9.00483843114335,12.7569398783073,10.3220520711654,10.3814996913144,3.48155728070859
"f1e6ce83-b4a0-4643-8e8e-a1ef8a158a27","TCGA-AZ-6608","2011-9-2","Colon Adenocarcinoma","No","Yes","Female",-20094,"WHITE","NOT HISPANIC OR LATINO","Yes","No",2009,"T2","N1","M0","Stage IIIA",,"Yes",12,2,,,"Tumor free","≤5 ng/mL",3.7,,"Yes","Yes",,,,,,,,,55,"Sigmoid Colon",0,"Yes","AZ","≤65","T2","N1","M0","III–IV","III",291.84,"Low",63.67,"Low",740.41,"High",936.73,"Low",233.47,"Low",3164.08,"Low",199.18,"Low",59,1,1240,"Low",0.82,"Low",1.93823915900131,55,"III",FALSE,8.19396881942197,6.01502470527315,9.53412776386505,9.87302877804428,7.87325953417866,11.6280262500802,7.64515403137037,10.2772874001304,0.863938450423971
"26a41625-4680-47b2-afa9-6a72b148e1c0","TCGA-CA-5254","2011-8-8","Colon Adenocarcinoma","Yes","No","Female",-15415,"ASIAN","NOT HISPANIC OR LATINO","No","No",2010,"T3","N0","M0","Stage IIA","RX","No",,,,5,"Tumor free",,,,,,,,,,,55,154,,42,"Transverse Colon",0,"Yes","CA","≤65","T3","N0","M0","I–II","II",723.55,"High",123.5,"High",617.1,"High",1965.34,"High",317.83,"High",5067.9,"Low",1581.59,"Low",386,0,1999.43,"High",1.14,"Low",12.6806833114323,42,"II",FALSE,9.50094144099659,6.96000193206808,9.27169645481871,10.9412970844199,8.31664357448243,12.3074569871716,10.6280718309897,10.9660944307564,1.09761079662642
"563d67a1-f1ba-4722-aa2d-9b35b1689468","TCGA-CA-5255","2011-8-8","Colon Adenocarcinoma","Yes","No","Male",-16743,"ASIAN","NOT HISPANIC OR LATINO","No","No",2010,"T3","N0","M0","Stage IIA","RX","No",,,,2,"Tumor free",,,,,,,,,,,56,172,,45,"Ascending Colon",0,"Yes","CA","≤65","T3","N0","M0","I–II","II",550.5,"High",93.78,"Low",447.84,"Low",1902.33,"High",191.45,"Low",9309.66,"High",2085.46,"Low",376,0,1588.79,"High",1.11,"Low",12.3521681997372,45,"II",FALSE,9.10721707559138,6.56651075585788,8.81005744243743,10.8943100029156,7.58833986092348,13.1846677236575,11.0268415472932,10.6346204929594,1.07724299893246
"17633a60-e12b-4a7c-bd8a-c16341ddc606","TCGA-CA-5256","2011-4-5","Colon Adenocarcinoma","Yes","No","Female",-19785,"ASIAN",,"No","No",2010,"T3","N0","M0","Stage IIA","R0","No",,,,0,"Tumor free",,,"No",,,"No","No","No","No",,52,160,0,54,"Hepatic Flexure",0,"Yes","CA","≤65","T3","N0","M0","I–II","II",59.84,"Low",94.36,"Low",441.36,"Low",852.5,"Low",151.05,"Low",2824.37,"Low",345.11,"Low",379,0,1239.33,"Low",20.82,"High",12.4507227332457,54,"II",FALSE,5.92694824794977,6.57531233068744,8.78907712686035,9.73724734302774,7.24840200614344,11.4642240945657,8.43508681501686,10.2765082972292,4.44757919654888
"65ab030d-39f2-48ab-80ac-90cb1faa823a","TCGA-CA-5796","2011-6-2","Colon Mucinous Adenocarcinoma","Yes","No","Female",-19353,"ASIAN","NOT HISPANIC OR LATINO","No","No",2010,"T3","N0","M0","Stage IIA","R0","No",,,,12,"Tumor free",,,,,,,,,,,,,,52,"Ascending Colon",0,"Yes","CA","≤65","T3","N0","M0","I–II","II",678.59,"High",127.8,"High",308.63,"Low",1965.5,"High",307.35,"High",2406.39,"Low",2196.81,"Low",377,0,1856.23,"High",7.03,"Low",12.3850197109067,52,"II",FALSE,9.40852081354972,7.00898878322726,8.27440145051552,10.9414144709429,8.26842503609066,11.2332541636944,11.1018509557964,10.8589367748478,3.00539998774259
"3e0c34cb-fca5-4bcf-a5c1-5a7d286dd072","TCGA-CA-5797","2011-6-2","Colon Adenocarcinoma","Yes","No","Male",-20662,"ASIAN","NOT HISPANIC OR LATINO","No","No",2010,"T3","N0","M0","Stage IIA","R0","No",,,,8,"Tumor free",,,,,,,,,,,,,,56,"Sigmoid Colon",0,"Yes","CA","≤65","T3","N0","M0","I–II","II",269.82,"Low",121.32,"High",383.33,"Low",871.98,"Low",222.18,"Low",4121.7,"Low",3052.85,"High",383,0,1410.49,"High",7.07,"Low",12.5821287779238,56,"II",FALSE,8.08119047534703,6.93451650158608,8.58620178434348,9.76980479181806,7.80206393740046,12.0093737678965,11.5764134857717,10.4630031924072,3.01256867350306
"794131b8-f4be-4f15-b3b9-6f0b10a5a38b","TCGA-CA-6715","2011-8-8","Colon Adenocarcinoma","Yes","No","Male",-23075,"ASIAN","NOT HISPANIC OR LATINO","No","No",2010,"T3","N1","M0","Stage IIIB","RX","Yes",2,1,,2,"Tumor free",,,,,,,,,,,57,158,,63,"Sigmoid Colon",0,"Yes","CA","≤65","T3","N1","M0","III–IV","III",273.1,"Low",121.21,"High",1066.15,"High",785.66,"Low",226.16,"Low",4687.36,"Low",1926.46,"Low",383,0,2946.78,"High",0,"Low",12.5821287779238,63,"III",FALSE,8.09855851793841,6.93321853025166,10.05954726218,9.61959641724708,7.82756500665014,12.1948676373305,10.912485205295,11.5254131412685,0
"95a54459-3fac-42d5-8ec1-ed66d971d64d","TCGA-CA-6716","2011-8-8","Colon Adenocarcinoma","Yes","No","Male",-23943,"ASIAN","NOT HISPANIC OR LATINO","No","No",2010,"T3","N0","M0","Stage IIA","RX","No",,,,8,"Tumor free",,,,,,,,,,,58,167,,65,"Ascending Colon",0,"Yes","CA","≤65","T3","N0","M0","I–II","II",215.98,"Low",111.17,"High",221.49,"Low",1238.57,"High",203.25,"Low",6916.3,"High",2999.05,"High",371,0,1992.15,"High",2.97,"Low",12.1879106438896,65,"II",FALSE,7.7614182590317,6.8095430668046,7.79759668417008,10.2756240291011,7.67419226814568,12.7559933114367,11.5507708301002,10.9608345729188,1.98913900736823
"268c01b3-d2ce-44c0-a2fe-ea846a1253cc","TCGA-CA-6717","2011-8-8","Colon Mucinous Adenocarcinoma","Yes","No","Male",-20984,"ASIAN","NOT HISPANIC OR LATINO","No","No",2010,"T3","N0","M0","Stage IIA","RX","No",,,,10,"Tumor free",,,,,,,,,,,58,168,,57,"Ascending Colon",0,"Yes","CA","≤65","T3","N0","M0","I–II","II",853.67,"High",157.59,"High",516.43,"Low",1475.46,"High",402.52,"High",7959.48,"High",2813.6,"High",388,0,1730.3,"High",338.14,"High",12.7463863337714,57,"II",FALSE,9.73922367262234,7.3091579935704,9.01521989203185,10.5279265564178,8.65649637055349,12.958639709494,11.4587141913298,10.757640021505,8.40573714340471
"df5ab6cc-6f68-4b6b-95e2-954c6b57ba9c","TCGA-CA-6718","2011-8-8","Colon Adenocarcinoma","Yes","No","Male",-17109,"ASIAN","NOT HISPANIC OR LATINO","No","No",2010,"T3","N0","M0","Stage IIA","RX","No",,,,3,"Tumor free",,,,,,,,,,,63,168,,46,"Ascending Colon",0,"Yes","CA","≤65","T3","N0","M0","I–II","II",688.87,"High",88.56,"Low",1154.17,"High",1229.62,"High",280.96,"High",5889.11,"High",432.21,"Low",306,1,601.1,"Low",58.39,"High",10.0525624178712,46,"II",FALSE,9.43018071394767,6.48478262307787,10.1738894654025,10.2651696291415,8.13934670028966,12.5240788618371,8.75892273554621,9.23385930719641,5.89214812751382
"9cdca5d8-ea77-4df9-b2ba-0d5e8ec37bcd","TCGA-CA-6719","2011-8-8","Colon Adenocarcinoma","Yes","No","Male",-28343,"ASIAN","NOT HISPANIC OR LATINO","No","No",2011,"T3","N0","M0","Stage IIA","RX","No",,,,41,"Tumor free",,,,,,,,,,,61,172,,77,"Descending Colon",0,"Yes","CA","≥66","T3","N0","M0","I–II","II",224.85,"Low",178.49,"High",436.25,"Low",1000.46,"Low",459.43,"High",6462.22,"High",575.8,"Low",435,0,2064.44,"High",4.64,"Low",14.2904073587385,77,"II",FALSE,7.81922110355015,7.48775965860139,8.77231457392165,9.96788908329239,8.84683802724396,12.6580373846652,9.17192735435346,11.0122334358947,2.49569516262407
"73f9681a-f9ef-4880-bd16-93624fd117c6","TCGA-CK-4947","2011-3-31","Colon Adenocarcinoma",,,"Female",-16980,"WHITE","NOT HISPANIC OR LATINO","No","No",2003,"T4","N1","M0","Stage IIIB","RX","Yes",12,3,0,534,"With tumor","≤5 ng/mL",2.5,"No",,,"No","No","No","No","No",,,,46,"Sigmoid Colon",0,"Yes","CK","≤65","T4","N1","M0","III–IV","III",273.88,"Low",125.11,"High",702.03,"High",1500.85,"High",347,"High",2751.9,"Low",3870.25,"High",534,0,2458.58,"High",68.05,"High",17.5427069645204,46,"III",FALSE,8.10265813136374,6.97853886971045,9.4574424436924,10.5525250129186,8.44294349584873,11.4267364891744,11.918583762562,11.26419626541,6.10956950937069
"5d73b382-3da3-4220-890e-2095228bbe6c","TCGA-CK-4948","2011-3-30","Colon Adenocarcinoma",,,"Female",-16736,"WHITE","NOT HISPANIC OR LATINO","No","No",2002,"T3","N1","M0","Stage III","R0","Yes",20,3,0,3116,"Tumor free","≤5 ng/mL",1.2,"Yes",,,"No","No","No","No","No",,,,45,"Sigmoid Colon",0,"Yes","CK","≤65","T3","N1","M0","III–IV","III",544.74,"High",96.71,"Low",946.71,"High",1253.62,"High",246.38,"High",7044.74,"High",2839.14,"High",4502,0,1456.25,"High",26.97,"High",147.897503285151,45,"III",FALSE,9.09206997965852,6.61043431534234,9.88830185061991,10.2930347507263,7.9505850568345,12.7825355225334,11.4717463314088,10.5090326863065,4.80580834870147
"c293a148-a88c-4fb3-b2f4-e64e918044f9","TCGA-CK-4950","2011-4-1","Colon Mucinous Adenocarcinoma",,,"Female",-24944,"BLACK OR AFRICAN AMERICAN","NOT HISPANIC OR LATINO","No","No",2008,"T3","N1","M0","Stage IIIB","R1","Yes",18,1,0,1227,"Tumor free",,,"No","No","No","No","No","No","No","No",,,,68,"Cecum",0,"Yes","CK","≥66","T3","N1","M0","III–IV","III",542.93,"High",77.37,"Low",507.43,"Low",1523.95,"High",234.45,"Low",6222.76,"High",2898.86,"High",2599,0,1921.19,"High",81.72,"High",85.3810775295664,68,"III",FALSE,9.08727718839951,6.29222959190495,8.98990534909931,10.5745462250854,7.87927691241217,12.6035707129994,11.5017675358743,10.9085352318611,6.37016428054021
"2db3c23d-c591-4ea0-b0a8-ed9c4343c80e","TCGA-CK-4951","2011-3-29","Colon Mucinous Adenocarcinoma",,,"Female",-28982,"WHITE","NOT HISPANIC OR LATINO","No","No",2007,"T3","N0","M0","Stage IIA","R1","Yes",30,0,0,1492,"Tumor free",">5 ng/mL",6.2,"No","Yes","No","No","No","No","Yes","No",,,,79,"Ascending Colon",0,"Yes","CK","≥66","T3","N0","M0","I–II","II",515.14,"High",42.44,"Low",587.21,"High",1060.95,"Low",339.86,"High",16680.52,"High",2537.32,"High",2134,1,1108.98,"Low",6.8,"Low",70.1051248357424,79,"II",FALSE,9.0116186312191,5.44095219802964,9.20018750107854,10.0525001257098,8.41303549858812,14.0259631309551,11.3096582424587,10.116317966498,2.96347412397489
"5342e2e8-1465-4f7b-9450-ef27280f80c7","TCGA-CK-4952","2011-3-31","Colon Mucinous Adenocarcinoma",,,"Female",-17826,"WHITE","NOT HISPANIC OR LATINO","No","No",2007,"T4","N2","M0","Stage IIIC","RX","Yes",31,5,0,475,"Tumor free",,,"No","No","No","No","No","No","No","No",,,,48,"Ascending Colon",0,"Yes","CK","≤65","T4","N2","M0","III–IV","III",278.35,"Low",73.68,"Low",1156.37,"High",1124.44,"Low",228,"Low",3568.97,"Low",4620.14,"High",475,0,1300.86,"Low",1.64,"Low",15.6044678055191,48,"III",FALSE,8.12593001006667,6.22265002245148,10.1766344385035,10.1362734298506,7.83920378809694,11.8016962353778,12.1740330820753,10.3463585963258,1.40053792958373
"c085da47-d634-491a-80ea-514e5a231f70","TCGA-CK-5912","2011-6-00","Colon Adenocarcinoma",,,"Male",-29938,"WHITE","NOT HISPANIC OR LATINO","Yes","No",2006,"T2","N0","MX","Stage I","RX",,,,,1466,"Tumor free","≤5 ng/mL",1.3,"No","No","No","No","No","No","No","Yes",,,,81,"Cecum",0,"Yes","CK","≥66","T2","N0",,"I–II","I",464.57,"High",174.15,"High",513.97,"Low",1150.7,"High",348.3,"High",1800.9,"Low",1979.54,"Low",1493,1,2771.46,"High",2.99,"Low",49.0473061760841,81,"I",FALSE,8.86285428787134,7.4524471779147,9.00834457913489,10.1695492506807,8.4483228325075,10.8153032328239,10.9516781236067,11.4369509305431,1.99638874644762
"3758f4f7-ac2f-4f9d-bee2-526196f8129a","TCGA-CK-5913","2011-6-00","Colon Adenocarcinoma",,,"Female",-21399,"WHITE","NOT HISPANIC OR LATINO","No","No",2008,"T3","N0","MX","Stage IIA","RX",,,,,853,"Tumor free","≤5 ng/mL",0.6,"No","No","No","No","Yes","No","No","No",,,,58,"Cecum",0,"Yes","CK","≤65","T3","N0",,"I–II","II",625.58,"High",102.23,"Low",830.04,"High",1612.54,"High",189.31,"Low",5098.86,"Low",3713.08,"High",1561,0,1610.85,"High",5.47,"Low",51.281208935611,58,"II",FALSE,9.29135491039127,6.68971848768341,9.69877410890368,10.6560136276474,7.57220756101022,12.3162419278094,11.8587891754228,10.6545017764652,2.69376571221778
"57b0f89f-1b75-453e-922c-01cd4d44ca49","TCGA-CK-5914","2011-6-00","Colon Adenocarcinoma",,,"Male",-29586,"WHITE","NOT HISPANIC OR LATINO","No","No",2008,"T3","N1","MX","Stage IIIB","RX",,,,,669,"Tumor free",,,"No","No","No","No","No","No","No","No",,,,81,"Sigmoid Colon",0,"Yes","CK","≥66","T3","N1",,"III–IV","III",383.15,"Low",107.33,"High",724.58,"High",1247.87,"High",198.06,"Low",2466.18,"Low",3396.52,"High",669,0,1826.65,"High",1.22,"Low",21.9776609724047,81,"III",FALSE,8.58552594343126,6.75928901589507,9.50299087951867,10.2864075933802,7.63705953841085,11.2686472599816,11.7302663283158,10.835774101442,1.15055967657538
"c658f35d-ceeb-4189-8e3d-03e3b9706667","TCGA-CK-5915","2011-6-00","Colon Adenocarcinoma",,,"Male",-23040,"WHITE","NOT HISPANIC OR LATINO","No","No",2007,"T2","N0","MX","Stage I","RX",,,,,0,"Tumor free",,,"No","No","No","No","No","No","Yes","Yes",,,,63,"Sigmoid Colon",0,"Yes","CK","≤65","T2","N0",,"I–II","I",,,,,,,,,,,,,,,,,,,,,,63,"I",FALSE,,,,,,,,,
"38d65618-4857-490e-86b3-0a3f772a9f60","TCGA-CK-5916","2011-6-00","Colon Adenocarcinoma",,,"Female",-26024,"WHITE","NOT HISPANIC OR LATINO","No","No",2003,"T1","N0","M0","Stage I","RX",,,,,,"With tumor","≤5 ng/mL",3.2,"No","No","Yes","No","No","No","Yes","No",,,,71,"Cecum",0,"Yes","CK","≥66","T1","N0","M0","I–II","I",910.74,"High",169.66,"High",566.74,"High",1885.49,"High",329.95,"High",6710.84,"High",1663.27,"Low",643,1,1063.22,"Low",17.17,"High",21.1235216819974,71,"I",FALSE,9.83247866088722,7.41498114290309,9.14908657973822,10.8814887373208,8.37046946058112,12.7124926092065,10.7006737902938,10.0555807062722,4.18348651445939
"755d3bde-76c3-45c1-8427-8e4d5d686dc1","TCGA-CK-6747","2011-8-00","Colon Adenocarcinoma",,,"Female",-32052,"WHITE","NOT HISPANIC OR LATINO","No","No",2008,"T3","N0","MX","Stage IIA","RX",,,,,89,"Tumor free","≤5 ng/mL",0.9,"No","No","No","No","No","No","No","No",,,,87,"Cecum",0,"Yes","CK","≥66","T3","N0",,"I–II","II",688.4,"High",118.28,"High",627.42,"High",1176.96,"High",279.18,"High",2576.17,"Low",4224.8,"High",2523,0,2348.42,"High",3.31,"Low",82.8843626806833,87,"II",FALSE,9.42919748847991,6.89820835250872,9.29558528613195,10.2020748350517,8.13021016577676,11.3315719906868,12.0450087732231,11.1980889280903,2.10768786931437
"8a84b03a-e37e-4827-98f0-4d480ec31037","TCGA-CK-6748","2011-8-00","Colon Mucinous Adenocarcinoma",,,"Female",-16529,"WHITE","NOT HISPANIC OR LATINO","No","No",2008,"T3","N1","M1","Stage IV","RX",,,,,61,"With tumor",">5 ng/mL",400.26,"No","No","No","Yes","No","No","No","No",,,,45,"Sigmoid Colon",0,"Yes","CK","≤65","T3","N1","M1","III–IV","IV",623.45,"High",146.72,"High",231.66,"Low",1717.13,"High",310.91,"High",8581.18,"High",3453.36,"High",61,0,2304,"High",0.81,"Low",2.00394218134034,45,"IV",FALSE,9.28644224897401,7.20672135743089,7.86207938692946,10.7466234848519,8.28498599679631,13.0671284447071,11.7542027274451,11.1705510353167,0.855989697308481
"7a70f061-9a6f-408e-a416-7f5295ceba3b","TCGA-CK-6751","2011-8-00","Colon Mucinous Adenocarcinoma",,,"Female",-32354,"WHITE","NOT HISPANIC OR LATINO","No","No",2002,"T2","N0","MX","Stage I","RX",,,,,3136,"Tumor free","≤5 ng/mL",1.3,"No","No","No","No","No","No","No","No",,,,88,"Ascending Colon",0,"Yes","CK","≥66","T2","N0",,"I–II","I",329.03,"Low",74.92,"Low",736.02,"High",1315.11,"High",252.09,"High",4906.61,"Low",3243.74,"High",3780,0,1888.13,"High",3.54,"Low",124.178712220762,88,"I",FALSE,8.36645336237925,6.24640808724638,9.52555995903987,10.3620643587067,7.98350669510787,12.2608048895264,11.6638871648161,10.8835062684964,2.18269229751619
"c8d7eb0f-2502-4277-a8ef-435b08f3c863","TCGA-CM-4743","2011-1-24","Colon Adenocarcinoma","No","Yes","Male",-25291,"WHITE","NOT HISPANIC OR LATINO","No","No",2010,"T3","N0","M0","Stage IIA","R0","Yes",27,0,,184,"Tumor free","≤5 ng/mL",4,"No","No","Yes","No","No","No","No","No",84.4,167,0,69,"Hepatic Flexure",0,"Yes","CM","≥66","T3","N0","M0","I–II","II",342.47,"Low",52.3,"Low",434,"Low",1366.75,"High",138.85,"Low",12321.3,"High",1202.99,"Low",701,0,405.35,"Low",11.21,"Low",23.0289093298292,69,"II",FALSE,8.42404028374873,5.73606362787181,8.76487159073609,10.4175888403826,7.12773644358883,13.5889839447461,10.233607694193,8.66657908403581,3.60999129521268
"cc15469c-7bad-4e86-9da3-ae0c72e9d380","TCGA-CM-4744","2011-1-24","Colon Adenocarcinoma","No","Yes","Male",-25506,"WHITE","NOT HISPANIC OR LATINO","No","No",2010,"T2","N0","M0","Stage I","R0","Yes",28,0,,214,"Tumor free","≤5 ng/mL",0.9,"No","Yes","Yes","No","No","No","Yes","Yes",89.7,183,0,69,"Cecum",0,"Yes","CM","≥66","T2","N0","M0","I–II","I",275.96,"Low",62.23,"Low",489.69,"Low",2615.01,"High",177.4,"Low",6743.13,"High",3493.89,"High",609,0,773.37,"Low",37.1,"High",20.0065703022339,69,"I",FALSE,8.11353381959191,5.98253731439927,8.93866806012642,11.3531523403768,7.47897180503294,12.7194166306318,11.7710313328374,9.59687925177567,5.25171909260596
"c0b8c55c-b993-481d-aeea-9ebfa64ee20e","TCGA-CM-4746","2011-1-10","Colon Adenocarcinoma","No","Yes","Male",-22403,"BLACK OR AFRICAN AMERICAN","NOT HISPANIC OR LATINO","No","No",2009,"T2","N0","M0","Stage I","R0","Yes",17,0,,699,"Tumor free","≤5 ng/mL",2.2,"No","No","No","No","No","No","Yes","Yes",98,175,0,61,"Sigmoid Colon",0,"Yes","CM","≤65","T2","N0","M0","I–II","I",37.65,"Low",134.04,"High",272.59,"Low",510.54,"Low",114.46,"Low",6400.6,"High",3977.41,"High",1126,0,460.84,"Low",0,"Low",36.9908015768725,61,"I",FALSE,5.27239650903748,7.07724299893246,8.09587168895297,8.99870324606075,6.85124932023306,12.6442168184582,11.9579762472306,8.85124932023306,0
"56eb96a4-d2c2-42fb-b26c-1a80012bcb8e","TCGA-CM-4747","2010-12-23","Colon Adenocarcinoma","No","Yes","Male",-17198,"WHITE","NOT HISPANIC OR LATINO","No","No",2010,"T4a","N1b","M1a","Stage IVA","R0","Yes",29,2,,244,"Tumor free","≤5 ng/mL",2.6,"Yes","No","Yes","No","No","No","Yes","Yes",76.7,188,0,47,"Cecum",0,"Yes","CM","≤65","T4","N1","M1","III–IV","IV",219.58,"Low",69.1,"Low",209.13,"Low",1042.85,"Low",174.41,"Low",13509.12,"High",3920.84,"High",761,0,582.79,"Low",18.41,"High",25,47,"IV",FALSE,7.78515817739998,6.13134253912326,7.71513833827546,10.0276986979071,7.45458718692548,13.7217528686199,11.937314963508,9.18930568825798,4.27872821293894
"cd845618-4cc4-49c2-9055-c171d4c24ee1","TCGA-CM-4748","2011-1-10","Colon Mucinous Adenocarcinoma","No","Yes","Male",-19509,"WHITE","NOT HISPANIC OR LATINO","No","No",2010,"T4a","N1a","M0","Stage IIIB","R0","Yes",23,1,,214,"Tumor free","≤5 ng/mL",2,"Yes","Yes","Yes","No","No","Yes","Yes","No",89.8,176,0,53,"Transverse Colon",0,"Yes","CM","≤65","T4","N1","M0","III–IV","III",612.24,"High",61.22,"Low",469.39,"Low",591.84,"Low",61.22,"Low",6897.96,"High",4469.39,"High",792,0,653.06,"Low",0,"Low",26.0183968462549,53,"III",FALSE,9.26030799296765,5.95930648975966,8.87771358008557,9.21149898197779,5.95930648975966,12.7521631804764,12.1261849833016,9.35327917677022,0
"c777a777-373a-4773-9566-6c373261f00a","TCGA-CM-4750","2011-1-24","Colon Adenocarcinoma","No","Yes","Female",-12478,"WHITE","NOT HISPANIC OR LATINO","No","No",2010,"T1","N1b","M0","Stage IIIA","R0","Yes",52,2,,244,"Tumor free","≤5 ng/mL",1,"No","No","Yes","No","No","No","Yes","Yes",84.5,173,0,34,,0,"Yes","CM","≤65","T1","N1","M0","III–IV","III",117.18,"Low",61.57,"Low",556.11,"High",551.14,"Low",173.78,"Low",9405.16,"High",2921.55,"High",244,0,628.6,"Low",17.87,"High",8.01576872536137,34,"III",FALSE,6.88484209379946,5.96739919892461,9.12181840205521,9.1088903113017,7.44939629708678,13.1993901574962,11.5130119917578,9.29829173062012,4.23802251782572
"e3ca9046-9634-4332-b19f-88b18110f941","TCGA-CM-4751","2011-8-8","Colon Adenocarcinoma","No","Yes","Male",-22891,"WHITE","NOT HISPANIC OR LATINO","No","No",2009,"T3","N1b","M0","Stage IIIB","R0","Yes",48,3,,607,"Tumor free","≤5 ng/mL",4.2,"No","Yes","Yes","No","No","No","No","No",115,183,0,62,"Cecum",0,"Yes","CM","≤65","T3","N1","M0","III–IV","III",863.35,"High",151.74,"High",538.39,"High",1384.83,"High",220.29,"Low",5568.1,"Low",1399.45,"Low",822,0,1868.37,"High",154.02,"High",27.0039421813403,62,"III",FALSE,9.75547180889673,7.25493411860649,9.07518496480738,10.436534577347,7.78979444761777,12.4432284828831,10.4516747607273,10.8683364312385,7.27631054746415
"7ea546ce-f48a-4d9c-96b4-a0124c692870","TCGA-CM-4752","2011-1-10","Colon Adenocarcinoma","No","Yes","Male",-21519,"BLACK OR AFRICAN AMERICAN","NOT HISPANIC OR LATINO","No","No",2010,"T3","N0","M0","Stage IIA","R0","Yes",23,0,,123,"Tumor free","≤5 ng/mL",2.2,"No","No","No","No","No","No","Yes","No",71.2,163,0,58,"Ascending Colon",0,"Yes","CM","≤65","T3","N0","M0","I–II","II",190.76,"Low",80.14,"Low",533.92,"Low",610.67,"Low",189.64,"Low",9328.29,"High",2895.34,"High",396,0,696.46,"Low",46.28,"High",13.0091984231275,58,"II",FALSE,7.58315800387441,6.34234139743155,9.06317933505798,9.25660970908631,7.57470704641555,13.1875515744792,11.5000152543215,9.44596666914465,5.56315813040281
"2d3ce817-b269-4662-a92d-392bd3662399","TCGA-CM-5341","2011-1-10","Colon Adenocarcinoma","Yes","No","Female",-30163,"WHITE","NOT HISPANIC OR LATINO","No","No",2010,"T2","N1a","M0","Stage IIIA","R0","Yes",18,1,,183,"Tumor free",">5 ng/mL",16.7,"No","No","Yes","No","No","Yes","Yes","No",80.2,145,0,82,"Sigmoid Colon",0,"Yes","CM","≥66","T2","N1","M0","III–IV","III",120.05,"Low",61.77,"Low",118.88,"Low",1543.12,"High",285.55,"High",14041.96,"High",1665.5,"Low",884,0,488.35,"Low",6.99,"Low",29.0407358738502,82,"III",FALSE,6.91945926911157,5.97200330380836,6.90544717873885,10.5925691594686,8.16264308602844,13.777559441063,10.7026056021102,8.93472288939973,2.99819550315325
"b6202d8d-dd3c-4fa2-9242-6e55759846af","TCGA-CM-5344","2011-5-3","Colon Adenocarcinoma","Yes","No","Female",-14426,"WHITE","HISPANIC OR LATINO","No","No",2010,"T3","N1b","M0","Stage IIIB","R0","Yes",108,3,,304,"Tumor free","≤5 ng/mL",1.9,"No","No","Yes","No","No","No","Yes","Yes",64.9,156,0,39,"Sigmoid Colon",0,"Yes","CM","≤65","T3","N1","M0","III–IV","III",541.49,"High",68.06,"Low",609.05,"High",1547.03,"High",319.07,"High",7844.66,"High",320.06,"Low",670,0,994.7,"Low",7.4,"Low",22.0105124835742,39,"III",FALSE,9.08345273362976,6.10977842907866,9.25278368129593,10.5962177150797,8.32224364991498,12.9376791007115,8.32669912454779,9.95956731991209,3.0703893278914
"b89267a4-0e6b-401e-85b0-e66775858aa6","TCGA-CM-5348","2011-5-3","Colon Adenocarcinoma","No","Yes","Male",-26543,"WHITE","NOT HISPANIC OR LATINO","No","No",2010,"T3","N1a","M0","Stage IIIB","R0","Yes",19,1,,393,"Tumor free","≤5 ng/mL",3.6,"No","No","Yes","No","No","No","Yes","Yes",85.5,163,0,72,"Cecum",0,"Yes","CM","≥66","T3","N1","M0","III–IV","III",644,"High",127.2,"High",316.96,"Low",1099.08,"Low",344.67,"High",10166.67,"High",2168.35,"Low",699,0,2146.1,"High",2.1,"Low",22.9632063074901,72,"III",FALSE,9.33315535031062,7.00225245173138,8.3127014727958,10.1033927278725,8.43325159022404,13.3117014919238,11.0830471189211,11.0681736701505,1.63226821549951
"227f945f-76fd-4a63-9609-d4e730a3d22a","TCGA-CM-5349","2011-5-3","Colon Adenocarcinoma","Yes","No","Female",-24867,"WHITE","NOT HISPANIC OR LATINO","No","No",2010,"T3","N0","M0","Stage IIA","R0","Yes",21,0,,335,"Tumor free","≤5 ng/mL",3,"No","No","No","No","No","No","No","No",54.4,156,0,68,"Cecum",0,"Yes","CM","≥66","T3","N0","M0","I–II","II",492.93,"High",92.71,"Low",468.06,"Low",1732.05,"High",246.47,"High",8414.36,"High",4681.74,"High",915,0,788.02,"Low",148.11,"High",30.0591327201051,68,"II",FALSE,8.94816278662799,6.55013110414446,8.87362866724017,10.7590975627675,7.95110983224164,13.0388092744711,12.1931372220961,9.62391805976647,7.22023320438219
"96e013d9-8e89-46a7-8d07-bae95af36708","TCGA-CM-5860","2011-7-11","Colon Adenocarcinoma","Yes","No","Male",-16344,"WHITE","NOT HISPANIC OR LATINO","No","No",2010,"T3","N0","M0","Stage IIA","R0","Yes",44,0,,304,"Tumor free","≤5 ng/mL",3,"No","Yes","No","No","No","No","No","No",100.7,182,0,44,"Ascending Colon",0,"Yes","CM","≤65","T3","N0","M0","I–II","II",692.17,"High",78.87,"Low",387.88,"Low",1417.89,"High",215.42,"Low",6503.83,"High",606.24,"Low",974,0,995.88,"Low",2.94,"Low",31.9973718791064,44,"II",FALSE,9.43706540661009,6.31958180857156,8.60318122901386,10.4705470329007,7.757690018734,12.6672956380907,9.24612301659684,9.96127603960943,1.97819562968165
"9743d31a-ea8f-4847-87d2-ebf77cc5983d","TCGA-CM-5861","2011-7-18","Colon Adenocarcinoma","Yes","No","Female",-23253,"WHITE","NOT HISPANIC OR LATINO","No","No",2010,"T3","N0","M0","Stage IIA","R0","Yes",28,0,,335,,"≤5 ng/mL",3.2,"No","No","No","No",,"No","No","No",122,164,0,63,"Cecum",0,"Yes","CM","≤65","T3","N0","M0","I–II","II",635.34,"High",58.66,"Low",416.96,"Low",1339.93,"High",277.74,"High",10638.16,"High",3629.68,"High",457,0,513.78,"Low",0,"Low",15.0131406044678,63,"II",FALSE,9.3136540012714,5.89869207256049,8.70722106853315,10.3890182114729,8.12277623800338,13.3770966289155,11.8260240644952,9.00781219348618,0
"a19cd9f8-482b-4b70-b7d7-06d6bb1b0260","TCGA-CM-5862","2011-7-18","Colon Adenocarcinoma","Yes","No","Male",-29493,"WHITE","NOT HISPANIC OR LATINO","No","No",2010,"T3","N1a","M1a","Stage IVA","R0","Yes",24,1,,,"With tumor",">5 ng/mL",10,"Yes","Yes","No","Yes","Yes","No","No","Yes",77.6,162.5,0,80,"Ascending Colon",0,"Yes","CM","≥66","T3","N1","M1","III–IV","IV",393.46,"Low",127.45,"High",223.53,"Low",941.18,"Low",196.08,"Low",5081.05,"Low",3319.61,"High",153,1,1277.12,"Low",1.96,"Low",5.02628120893561,80,"IV",FALSE,8.62373520173095,7.00506308001345,7.81076440961717,9.87985889748947,7.62263756653746,12.3111948541496,11.6972325753721,10.3198075789107,1.56559717585423
"cc1d6ad3-b60d-482e-8fa4-0af26823007d","TCGA-CM-5863","2011-7-26","Colon Mucinous Adenocarcinoma","Yes","No","Female",-22127,"WHITE","NOT HISPANIC OR LATINO","No","No",2010,"T3","N1b","M0","Stage IIIB","R0","Yes",12,3,,304,"Tumor free","≤5 ng/mL",4.7,"Yes","Yes","No","No","No","No","No","No",103.4,150,0,60,"Ascending Colon",0,"Yes","CM","≤65","T3","N1","M0","III–IV","III",608.8,"High",108.2,"High",270.74,"Low",1434.96,"High",291.9,"High",23882.66,"High",1580.67,"Low",457,0,1403.7,"High",8.66,"Low",15.0131406044678,60,"III",FALSE,9.25219234012239,6.77082904603249,8.08608313499654,10.487799846772,8.194264382992,14.5437363157857,10.6272329116373,10.4560463334527,3.27202318906105
"5b259d18-3976-4f44-967f-fe5fa8447c8b","TCGA-CM-5864","2011-7-18","Colon Adenocarcinoma","Yes","No","Male",-22219,"WHITE","NOT HISPANIC OR LATINO","No","No",2010,"T2","N0","M0","Stage I","R0","Yes",33,0,,61,"Tumor free","≤5 ng/mL",2.8,"No","No","No","No","No","No","No","No",103,180,1,60,"Cecum",0,"Yes","CM","≤65","T2","N0","M0","I–II","I",395.1,"Low",111.72,"High",414.85,"Low",818.12,"Low",194.82,"Low",3099.45,"Low",3517.03,"High",457,0,1527.25,"High",32.7,"High",15.0131406044678,60,"I",FALSE,8.62972089101726,6.81659970653491,8.69991942179324,9.6779310100453,7.61338431134185,11.5982619084367,11.780552070106,10.5776648517648,5.0746766862945
"4aadf2a2-ce1e-4f94-b146-59292e83e7fd","TCGA-CM-5868","2011-7-18","Colon Adenocarcinoma","Yes","No","Female",-21672,"WHITE","NOT HISPANIC OR LATINO","No","No",2010,"T4a","N1a","M1a","Stage IVA","R0","Yes",17,1,,304,"With tumor",">5 ng/mL",93,"Yes","Yes","Yes","Yes","Yes","No","No","No",99.8,171,0,59,"Sigmoid Colon",0,"Yes","CM","≤65","T4","N1","M1","III–IV","IV",488.89,"High",62.01,"Low",881.36,"High",969.53,"Low",234.77,"Low",7689.61,"High",2622.58,"High",518,0,1046.95,"Low",5.02,"Low",17.0170827858081,59,"IV",FALSE,8.93631403232904,5.97750890454014,9.78522358053443,9.92262899847079,7.88123634742788,12.9088823183593,11.3573210669598,10.0333541690252,2.58976348698498
"3470b1af-689f-467a-9f9e-de74088f9b94","TCGA-CM-6161","2011-7-19","Colon Adenocarcinoma","Yes","No","Female",-13363,"WHITE","NOT HISPANIC OR LATINO","No","No",2010,"T2","N0","M0","Stage I","R0","Yes",31,0,,212,"Tumor free","≤5 ng/mL",0.4,"No","No","No","No","No","No","No","Yes",65.6,174,0,36,"Sigmoid Colon",0,"Yes","CM","≤65","T2","N0","M0","I–II","I",387.58,"Low",201.71,"High",585.87,"High",812.85,"Low",290.79,"High",2134.9,"Low",2304.07,"Low",457,0,4971.73,"High",29.98,"High",15.0131406044678,36,"I",FALSE,8.60206783788441,7.66327345072828,9.19689715115723,9.66861910687368,8.18878663095506,11.0606283882038,11.170594847516,12.2798223851702,4.95326523901484
"ec3f3f11-75df-4fcc-ba03-f19aca907645","TCGA-CM-6162","2011-7-19","Colon Mucinous Adenocarcinoma","Yes","No","Female",-17624,"WHITE","NOT HISPANIC OR LATINO","No","No",2010,"T3","N1a","M0","Stage IIIB","R0","Yes",46,1,,212,"Tumor free","≤5 ng/mL",1.1,"No","Yes","Yes","No","No","No","No","Yes",109,171,1,48,"Ascending Colon",0,"Yes","CM","≤65","T3","N1","M0","III–IV","III",971.57,"High",117.78,"High",720.22,"High",1843.41,"High",472.47,"High",11114.17,"High",2888.99,"High",365,0,2172.83,"High",60.02,"High",11.9908015768725,48,"III",FALSE,9.92565828050953,6.89214812751382,9.49429559417219,10.8489436775324,8.88712920633981,13.4402423932568,11.496848785355,11.0860234063766,5.93121027480393
"8c043ecd-2265-411f-bc3b-dc341cf56ac2","TCGA-CM-6163","2011-7-19","Colon Adenocarcinoma","Yes","No","Male",-27150,"WHITE","NOT HISPANIC OR LATINO","No","No",2010,"T1","N0","M0","Stage I","R0","Yes",23,0,,90,"Tumor free",">5 ng/mL",8.8,"No","Yes","No","No","No","No","No","Yes",75.8,179,0,74,"Sigmoid Colon",0,"Yes","CM","≥66","T1","N0","M0","I–II","I",309.64,"Low",148.97,"High",907.13,"High",1247.85,"High",373.02,"High",5329.32,"Low",1985.02,"Low",90,0,2149.73,"High",119.9,"High",2.95663600525624,74,"I",FALSE,8.27909980213375,7.22853012262995,9.82675502576078,10.2863844891886,8.54697160729232,12.3800064308839,10.9556644361062,11.0706107066288,6.91767043436176
"6a4031c6-ee88-48be-81a5-a522720edd02","TCGA-CM-6164","2011-7-19","Colon Adenocarcinoma","No","Yes","Female",-16802,"WHITE","NOT HISPANIC OR LATINO","No","No",2009,"T3","N0","M0","Stage IIA","R0","Yes",14,0,,487,"Tumor free",">5 ng/mL",9.6,"No","Yes","No","No","No","No","No","No",59,150,1,46,"Sigmoid Colon",0,"Yes","CM","≤65","T3","N0","M0","I–II","II",170.56,"Low",123.1,"High",715.61,"High",1040.42,"Low",347.05,"High",5609.2,"Low",2365.59,"Low",883,0,2193.18,"High",9.64,"Low",29.0078843626807,46,"II",FALSE,7.42256941086083,6.95535930524299,9.48504436568417,10.0243363030746,8.44315076472932,12.4538364875577,11.2085940726098,11.0994661670374,3.41142624572647
"f4e047a5-bdb2-4bc2-aff0-e0f45bcc9062","TCGA-CM-6165","2011-7-19","Colon Adenocarcinoma","Yes","No","Male",-27302,"WHITE","NOT HISPANIC OR LATINO","No","No",2010,"T3","N0","M0","Stage IIA","R0","Yes",20,0,,212,"Tumor free","≤5 ng/mL",1.9,"No","No","No","No","No","No","No","No",100.7,189,0,74,"Sigmoid Colon",0,"Yes","CM","≥66","T3","N0","M0","I–II","II",849.83,"High",132.45,"High",600.2,"High",1295.42,"High",327.42,"High",5614.48,"Low",1997.54,"Low",488,0,2982.27,"High",30.53,"High",16.0315374507227,74,"II",FALSE,9.73272709294659,7.0601554952546,9.231701199029,10.3403174672017,8.35939817627605,12.4551936312456,10.964730732689,11.5426788389472,4.97865326490861
"aedde4a5-6520-40b9-9721-c9b826490b7a","TCGA-CM-6166","2011-7-19","Colon Adenocarcinoma","No","Yes","Female",-17807,"WHITE","NOT HISPANIC OR LATINO","No","No",2010,"T2","N0","M0","Stage I","R0","Yes",33,0,,424,"Tumor free","≤5 ng/mL",1.3,"No","No","No","No","No","No","No","No",45,153,0,48,"Ascending Colon",0,"Yes","CM","≤65","T2","N0","M0","I–II","I",417.37,"Low",75.45,"Low",527.54,"Low",1550.3,"High",192.81,"Low",6153.89,"High",205.39,"Low",669,0,2259.88,"High",0,"Low",21.9776609724047,48,"I",FALSE,8.70863559393377,6.25644459647344,9.0458688489284,10.5992619953172,7.59849920107575,12.5875173578019,7.68922926082702,11.1426687053233,0
"d42bc7f0-cfb2-4ece-ae47-521308635633","TCGA-CM-6167","2011-7-19","Colon Adenocarcinoma","Yes","No","Female",-21031,"BLACK OR AFRICAN AMERICAN","NOT HISPANIC OR LATINO","No","No",2010,"T3","N2b","M0","Stage IIIC","R0","Yes",40,11,,122,"Tumor free",">5 ng/mL",5.5,"Yes","Yes","Yes","No","No","No","No","Yes",89,174,0,57,"Cecum",0,"Yes","CM","≤65","T3","N2","M0","III–IV","III",783.78,"High",109.17,"High",540.54,"High",1754.64,"High",455.22,"High",11512.98,"High",1276.1,"Low",456,0,1508.74,"High",272.92,"High",14.9802890932983,57,"III",FALSE,9.61614446493473,6.78358761201847,9.0809240939432,10.7777813302982,8.83358588339618,13.4910989909303,10.3186557806155,10.560084401757,8.09761079662642
"75c3004d-1ef4-49f9-86e0-1bb7b9553a3d","TCGA-CM-6168","2011-7-19","Colon Adenocarcinoma","Yes","No","Female",-30834,"BLACK OR AFRICAN AMERICAN","NOT HISPANIC OR LATINO","No","No",2010,"T3","N0","M0","Stage IIA","R0","Yes",31,0,,181,"Tumor free",">5 ng/mL",7.8,"No","Yes","No","No","No","No","No","No",52.5,149,0,84,"Ascending Colon",0,"Yes","CM","≥66","T3","N0","M0","I–II","II",633.24,"High",153.78,"High",618.92,"High",1401.73,"High",375.82,"High",6980.83,"High",2557.83,"High",395,0,1533.6,"High",152.94,"High",12.9763469119579,84,"II",FALSE,9.30888505741176,7.27407525450688,9.27593823906443,10.4540216277987,8.55773172886311,12.7693895139184,11.3212685874502,10.5836469446753,7.26622434219163
"8e87ddca-f43e-4c6f-9d5b-430b666a7f6c","TCGA-CM-6169","2011-7-19","Colon Adenocarcinoma","Yes","No","Male",-24564,"BLACK OR AFRICAN AMERICAN","NOT HISPANIC OR LATINO","No","No",2010,"T3","N0","M0","Stage IIA","R0","Yes",19,0,,243,"Tumor free","≤5 ng/mL",4.6,"No","Yes","Yes","No","No","No","No","No",109.3,176,1,67,"Cecum",0,"Yes","CM","≥66","T3","N0","M0","I–II","II",830.03,"High",140.77,"High",430.66,"Low",1288.84,"High",473.41,"High",9004.17,"High",524.5,"Low",396,0,3132.43,"High",40.67,"High",13.0091984231275,67,"II",FALSE,9.6987567486837,7.14740846543931,8.75375160067621,10.3329764002929,8.88999061027912,13.1365377963119,9.03754695396218,11.6135270487214,5.38093719492782
"9d8c4693-8e36-473b-bb34-a7cdc04dd223","TCGA-CM-6170","2011-7-19","Colon Adenocarcinoma","Yes","No","Female",-26663,"WHITE","NOT HISPANIC OR LATINO","No","No",2010,"T2","N0","M0","Stage I","R0","Yes",12,0,,242,"Tumor free","≤5 ng/mL",0.8,"No","No","No","No","No","No","Yes","Yes",85.8,145,0,73,"Descending Colon",0,"Yes","CM","≥66","T2","N0","M0","I–II","I",285.24,"Low",230.77,"High",664.03,"High",1342.62,"High",386.69,"High",4865.28,"Low",187.94,"Low",457,0,2945.53,"High",42,"High",15.0131406044678,73,"I",FALSE,8.16108148227718,7.85655002767988,9.37727561290734,10.3919094602549,8.59875971275015,12.2486036182943,7.56178435308184,11.5248012396793,5.4262647547021
"eed7405f-f8f3-41a4-a0e7-242f23087f59","TCGA-CM-6171","2011-7-19","Colon Adenocarcinoma","Yes","No","Female",-28307,"WHITE","NOT HISPANIC OR LATINO","No","No",2010,"T2","N0","M0","Stage I","R0","Yes",28,0,,182,"Tumor free","≤5 ng/mL",2,"No","No","No","No","No","No","No","No",71.2,162,0,77,"Ascending Colon",0,"Yes","CM","≥66","T2","N0","M0","I–II","I",797.21,"High",188.06,"High",318.52,"Low",1984.48,"High",340.12,"High",6609.38,"High",1767.63,"Low",427,0,2102.8,"High",8.55,"Low",14.0275952693824,77,"I",FALSE,9.640624542866,7.56270034996397,8.31976242766925,10.9552721131416,8.41413553298445,12.6905174926065,10.7884165503293,11.038781844462,3.25550073314839
"40c217ee-429f-41f4-adc6-db9186622b17","TCGA-CM-6172","2011-7-26","Colon Adenocarcinoma","Yes","No","Female",-25902,"WHITE","NOT HISPANIC OR LATINO","No","No",2010,"T3","N1a","M0","Stage IIIB","R0","Yes",17,1,,212,"Tumor free","≤5 ng/mL",2.8,"No","No","No","No","No","No","No","No",77.6,151,0,70,"Sigmoid Colon",0,"Yes","CM","≥66","T3","N1","M0","III–IV","III",623.45,"High",148.82,"High",642.4,"High",1213.63,"High",312.88,"High",2159.68,"Low",867.94,"Low",335,0,2492.89,"High",2.77,"Low",11.0052562417871,70,"III",FALSE,9.28644224897401,7.22708641687464,9.32957212576538,10.2463011923537,8.29406929508831,11.0772697073464,9.76311275267066,11.2841821171295,1.91456452349394
"55697871-b9aa-4acd-8dbe-dcd5391db8f0","TCGA-CM-6674","2011-8-00","Colon Adenocarcinoma","Yes","No","Male",-14368,"WHITE","NOT HISPANIC OR LATINO","No","No",2011,"T3","N0","M0","Stage IIA","R0","Yes",43,0,,150,"Tumor free","≤5 ng/mL",1.1,"No","No","No","No","No","No","No","No",80.7,167,1,39,"Hepatic Flexure",0,"Yes","CM","≤65","T3","N0","M0","I–II","II",585.21,"High",79.57,"Low",691.87,"High",993.79,"Low",227.99,"Low",10775.96,"High",3556.43,"High",394,0,1081.83,"Low",18.62,"High",12.9434954007884,39,"II",FALSE,9.19527376856191,6.33217085041511,9.43644088131641,9.95824819489396,7.83914078693792,13.3956626549084,11.7966196536004,10.080591048007,4.29425313644451
"fce1fd5a-54d2-4260-b187-4eb7035e96e9","TCGA-CM-6675","2011-8-00","Colon Adenocarcinoma","Yes","No","Male",-12935,"BLACK OR AFRICAN AMERICAN","NOT HISPANIC OR LATINO","No","No",2011,"T3","N2b","M1b","Stage IVB","R0","Yes",72,12,,153,"Tumor free","≤5 ng/mL",2,"Yes","Yes","No","No","No","No","No","No",93.9,187,0,35,"Cecum",0,"Yes","CM","≤65","T3","N2","M1","III–IV","IV",636.24,"High",92.27,"Low",1620.61,"High",993.24,"Low",260.3,"High",4418.99,"Low",314.29,"Low",397,0,1611.34,"High",1.21,"Low",13.042049934297,35,"IV",FALSE,9.31569301845593,6.5433412122875,10.6632111752901,9.95745033634712,8.02956331443266,12.1098273902592,8.30053560280519,10.6549402869596,1.14404636961671
"4138aca8-e085-45fb-b353-74852efe61bf","TCGA-CM-6676","2011-8-26","Colon Adenocarcinoma","Yes","No","Male",-30223,"WHITE","NOT HISPANIC OR LATINO","No","No",2011,"T2","N0","M0","Stage I","R0","Yes",17,0,1,153,"Tumor free","≤5 ng/mL",4.5,"No","No","Yes","No","No","No","No","No",100,165,0,82,"Sigmoid Colon",0,"Yes","CM","≥66","T2","N0","M0","I–II","I",354.08,"Low",96.57,"Low",847.21,"High",1334.76,"High",217.6,"Low",3761.37,"Low",2344.64,"Low",337,0,1938.2,"High",0.86,"Low",11.0709592641261,82,"I",FALSE,8.47200029214035,6.60836572316364,9.72827768151049,10.383445102419,7.77214959078454,11.8774260184027,11.1957658956124,10.9212458885856,0.895302621333307
"a85e8208-a6f5-4e91-8f35-ef574f4273fc","TCGA-CM-6677","2011-8-00","Colon Adenocarcinoma","Yes","No","Female",-27575,"WHITE","NOT HISPANIC OR LATINO","No","No",2011,"T3","N0","M0","Stage IIA","R0","Yes",20,0,,153,"Tumor free","≤5 ng/mL",3.7,"No","No","No","No","No","No","No","Yes",99.5,167,0,75,"Hepatic Flexure",0,"Yes","CM","≥66","T3","N0","M0","I–II","II",502.37,"High",110.36,"High",1063.64,"High",1050.1,"Low",220.72,"Low",4710.22,"Low",4938.39,"High",337,0,1850.37,"High",12.19,"Low",11.0709592641261,75,"II",FALSE,8.97547542665317,6.799087306074,10.0561499611081,10.0376842162277,7.79259510251225,12.2018849878202,12.2701171689186,10.8543775341771,3.72137265947682
"d7048098-09b3-4763-ad54-9c5c6fe14bc0","TCGA-CM-6678","2011-8-00","Colon Adenocarcinoma","Yes","No","Female",-23070,"WHITE","NOT HISPANIC OR LATINO","No","No",2011,"T4a","N1c","M1a","Stage IVA","R0","Yes",19,0,,122,"Tumor free",">5 ng/mL",286.6,"Yes","No","No","Yes","Yes","No","No","No",59,157,1,63,"Sigmoid Colon",0,"Yes","CM","≤65","T4","N1","M1","III–IV","IV",725.41,"High",85.73,"Low",506.09,"Low",1359.01,"High",171.45,"Low",13040.03,"High",4987.38,"High",335,0,969.1,"Low",0.87,"Low",11.0052562417871,63,"IV",FALSE,9.50464025315673,6.43845920442348,8.98609801398669,10.4094015441505,7.43003431857349,13.6707701998246,12.2843556542471,9.92198966085596,0.903038270112912
"76e96b5a-b565-42c7-a651-34d5132e6dde","TCGA-CM-6679","2011-8-00","Colon Adenocarcinoma","Yes","No","Male",-21519,"WHITE","NOT HISPANIC OR LATINO","No","No",2011,"T3","N0","M0","Stage IIA","R0","Yes",21,0,,122,"Tumor free","≤5 ng/mL",2.3,"No","No","No","No","No","No","No","No",106.5,178,0,58,"Sigmoid Colon",0,"Yes","CM","≤65","T3","N0","M0","I–II","II",610.89,"High",112.47,"High",491.71,"Low",720.21,"Low",335.04,"High",9076.56,"High",443.57,"Low",306,0,1503.95,"High",73.8,"High",10.0525624178712,58,"II",FALSE,9.25712851145386,6.82616710780042,8.94459494253707,9.49427559049727,8.39248916196602,13.1480888455087,8.79626678701162,10.5554998407831,6.22496636500027
"fb9e7684-a7f7-4f17-bc5d-1f359e1b0d42","TCGA-CM-6680","2011-8-00","Colon Adenocarcinoma","Yes","No","Female",-28701,"WHITE","NOT HISPANIC OR LATINO","No","No",2011,"T3","N2a","M0","Stage IIIB","R0","Yes",17,4,,91,"Tumor free","≤5 ng/mL",1.4,"No","No","No","No","No","No","No","No",72.4,150,0,78,"Cecum",0,"Yes","CM","≥66","T3","N2","M0","III–IV","III",522.3,"High",118.18,"High",425.91,"Low",1296.72,"High",317.46,"High",4290.58,"Low",3609.78,"High",366,0,2551.27,"High",25.49,"High",12.023653088042,78,"III",FALSE,9.03149444872735,6.89699834233891,8.73778814664802,10.3417634213215,8.3149683646875,12.0672931767942,11.8180948061455,11.3175652419218,4.7273759385949
"ae6b315f-3f78-4695-adfa-48b0bbab2c89","TCGA-D5-5537","2011-11-28","Colon Adenocarcinoma","Yes","No","Male",-30505,"WHITE","NOT HISPANIC OR LATINO","No","No",2010,"T3","N2","MX","Stage IIA","RX","Yes",10,7,,456,"Tumor free",,,,"No","No","No","No","No","No","Yes",75,168,0,83,"Ascending Colon",0,"Yes","D5","≥66","T3","N2",,"I–II","II",573.55,"High",82.64,"Low",226.15,"Low",1278.73,"High",193.99,"Low",8051.47,"High",2486.21,"High",1381,1,1862.18,"High",1.48,"Low",45.3679369250986,83,"II",FALSE,9.16628863810861,6.38612115681485,7.82750149516938,10.3216237443016,7.60725632749144,12.9752156654261,11.2803126069207,10.8635513430334,1.31034012061215
"0dacc5ce-498f-4c60-9f78-7a013ffaa9ce","TCGA-D5-5538","2011-2-16","Colon Adenocarcinoma","Yes","No","Female",-21974,"WHITE","NOT HISPANIC OR LATINO","No","No",2010,"T3","N1b","M0","Stage IIIB","R0","Yes",6,3,,204,"Tumor free","≤5 ng/mL",4.11,"No","No","No","No","No","No","No","No",70,165,0,60,"Cecum",0,"Yes","D5","≤65","T3","N1","M0","III–IV","III",636.44,"High",92.4,"Low",490.18,"Low",1798.64,"High",364.67,"High",7979.74,"High",1756.64,"Low",1661,1,3050.28,"High",29.15,"High",54.5663600525624,60,"III",FALSE,9.31614574229336,6.5453506448223,8.94010800763214,10.8134926233511,8.51439846089868,12.9623068086577,10.7794238924586,11.5751988592284,4.91408609701272
"15d1b0fb-5c5f-4689-94f5-b33120a2bfae","TCGA-D5-5539","2011-2-22","Colon Mucinous Adenocarcinoma","Yes","No","Male",-22097,"WHITE","NOT HISPANIC OR LATINO","No","No",2010,"T3","N1","M0","Stage IIIA","R0","Yes",4,1,0,30,,">5 ng/mL",5.1,"No",,"Yes","No","No","No",,,83,168,,60,"Ascending Colon",0,"Yes","D5","≤65","T3","N1","M0","III–IV","III",564.65,"High",82.68,"Low",536.93,"High",1328.01,"High",330.71,"High",6186.26,"High",2364.77,"Low",596,0,1046.62,"Low",55.43,"High",19.5795006570302,60,"III",FALSE,9.14376584097546,6.38681094647222,9.07127463909319,10.3761362447285,8.37377869521674,12.595084944576,11.2080941064426,10.032899792061,5.81839044446963
"31d960d7-8f5b-4d22-bf5e-fae0849c4efd","TCGA-D5-5540","2011-2-25","Colon Adenocarcinoma","Yes","No","Male",-26972,"WHITE","NOT HISPANIC OR LATINO","No","No",2010,"T3","N0","M0","Stage IIA","R0","Yes",12,0,0,198,"Tumor free","≤5 ng/mL",1.7,"No","No","No","No","No","No","No","No",83,175,0,73,"Cecum",0,"Yes","D5","≥66","T3","N0","M0","I–II","II",374.38,"Low",68.97,"Low",725.37,"High",1514.16,"High",104.68,"Low",3718.6,"Low",2174.88,"Low",1706,0,1513.55,"High",1.85,"Low",56.0446780551905,73,"II",FALSE,8.55220797614633,6.12866458654003,9.50456080850351,10.565254434148,6.7235585614721,11.8609317691555,11.0873832786682,10.5646734914262,1.51096191927738
"94067eb7-98b7-4975-bab1-c09e1b454a25","TCGA-D5-5541","2011-2-25","Colon Adenocarcinoma","Yes","No","Male",-23109,"WHITE","NOT HISPANIC OR LATINO","No","No",2010,"T3","N1a","M0","Stage IIIB","R0","Yes",8,1,0,202,"Tumor free","≤5 ng/mL",2.3,"No","No","No","No","No","No","No","No",81,170,0,63,"Sigmoid Colon",0,"Yes","D5","≤65","T3","N1","M0","III–IV","III",608.15,"High",137.92,"High",942.16,"High",850.79,"Low",302.53,"High",4800.14,"Low",1849.08,"Low",1701,0,2618.75,"High",5.82,"Low",55.880420499343,63,"III",FALSE,9.25065371775812,7.11811050560737,9.88135872379922,9.73435398254734,8.24569530497819,12.229161289886,10.8533719408674,11.355213428116,2.76977173924945
"9c34830b-4d7f-4b41-9659-fbfc36c145c9","TCGA-D5-6529","2011-6-9","Colon Adenocarcinoma","Yes","No","Male",-25394,"WHITE","NOT HISPANIC OR LATINO","No","No",2010,"T3","N0","M0","Stage IIA","R0","Yes",19,0,,260,"Tumor free",">5 ng/mL",8.4,"No","No","No","No","No",,,"No",106,176,0,69,,0,"Yes","D5","≥66","T3","N0","M0","I–II","II",672.34,"High",90.66,"Low",452.37,"Low",1725.72,"High",216.75,"Low",7886.33,"High",3301.43,"High",614,0,1949.38,"High",44.18,"High",20.1708278580815,69,"II",FALSE,9.3951913609566,6.51822038059959,8.82454511926726,10.7538184431735,7.76652890859886,12.9453212898856,11.6893122663543,10.9295395218194,5.49761236561836
"f89bbd17-c732-4847-b71c-a8627a702747","TCGA-D5-6530","2011-6-9","Colon Adenocarcinoma","Yes","No","Male",-19591,"WHITE","NOT HISPANIC OR LATINO","No","No",2010,"T2","N0","M0","Stage I","R0","Yes",15,0,,271,"Tumor free","≤5 ng/mL",3.5,"No","No","No","No","No",,,"No",89,182,,53,,0,"Yes","D5","≤65","T2","N0","M0","I–II","I",533.18,"High",79.28,"Low",414.75,"Low",1542.55,"High",257.17,"High",2121.31,"Low",4036.99,"High",621,0,1134.24,"Low",58.47,"High",20.4007884362681,53,"I",FALSE,9.06118215144418,6.32696871158789,8.69957245328727,10.5920365013914,8.01217755538574,11.0514196868138,11.979421622531,10.148781613198,5.89409017060148
"e4c0d890-a634-48bd-9108-e674532b0d2e","TCGA-D5-6531","2011-5-13","Colon Adenocarcinoma","Yes","No","Male",-27633,"WHITE","NOT HISPANIC OR LATINO","No","No",2010,"T3","N0","M0","Stage IIA","R0","Yes",4,0,0,17,"Tumor free","≤5 ng/mL",1.9,"No","No","No","No",,,"No",,60,167,,75,"Hepatic Flexure",0,"Yes","D5","≥66","T3","N0","M0","I–II","II",563.62,"High",103.64,"High",844.93,"High",1321.25,"High",254.75,"High",9923.17,"High",2118.19,"Low",540,0,948.56,"Low",6.64,"Low",17.7398160315375,75,"II",FALSE,9.14113642268876,6.70929063572336,9.72439447625102,10.3687792600413,7.99859042974533,13.2767307333201,11.049297225732,9.8911153528326,2.93357263826102
"ac13d568-f79e-4ba7-b7bf-18e4354e0920","TCGA-D5-6532","2011-5-13","Colon Adenocarcinoma","Yes","No","Male",-22344,"WHITE","NOT HISPANIC OR LATINO","No","No",2010,"T3","N0","M0","Stage IIA","R0","Yes",10,0,0,107,"Tumor free","≤5 ng/mL",1.7,"No","No","No","No",,,"No",,92,174,,61,"Sigmoid Colon",0,"Yes","D5","≤65","T3","N0","M0","I–II","II",364.67,"Low",98.86,"Low",1062.83,"High",1061.95,"Low",241.21,"Low",3330.84,"Low",2233.74,"Low",555,0,2006.59,"High",4.83,"Low",18.2325886990802,61,"II",FALSE,8.51439846089868,6.64183500155537,10.0550519112982,10.0538580203377,7.92011461984654,11.7021034066294,11.1258912760124,10.9712489496865,2.54349588342577
"fa83dfb5-7386-4a35-9861-aa866478d5f1","TCGA-D5-6533","2011-9-15","Colon Adenocarcinoma","Yes","No","Female",-24971,"WHITE","NOT HISPANIC OR LATINO","No","No",2010,"T4b","N0","M0","Stage IIIB","R0","Yes",8,0,,40,"Tumor free",">5 ng/mL",228.8,"No","No","No","No","No",,"No","No",51,156,0,68,"Transverse Colon",0,"Yes","D5","≥66","T4","N0","M0","III–IV","III",627.91,"High",153.67,"High",926.13,"High",1123.12,"Low",233.47,"Low",2238.03,"Low",2582.31,"High",775,0,2188.78,"High",9.58,"Low",25.4599211563732,68,"III",FALSE,9.29670976515627,7.27304958663691,9.85662783413337,10.1345803363812,7.87325953417866,11.1286581431613,11.335005063475,11.0965702189396,3.4032677223393
"d259eeb2-d15e-436d-9d37-2d0b7658bc91","TCGA-D5-6534","2011-6-9","Colon Mucinous Adenocarcinoma","Yes","No","Female",-22778,"WHITE","NOT HISPANIC OR LATINO","No","No",2010,"T3","N0","M0","Stage IIA","R0","Yes",22,0,,241,"Tumor free","≤5 ng/mL",0.9,"No","No","No","No","No",,"Yes","Yes",94,170,,62,"Ascending Colon",0,"Yes","D5","≤65","T3","N0","M0","I–II","II",765,"High",119.19,"High",161.71,"Low",1039.64,"Low",398.36,"High",15888.68,"High",938.56,"Low",1316,0,1567.99,"High",102.46,"High",43.2325886990802,62,"II",FALSE,9.58120058192496,6.90917305628501,7.34615911015865,10.0232553523003,8.64154602908752,13.9558024502987,9.87584148440408,10.6156204419417,6.69292928642903
"a123dc45-e427-461e-8d60-c51307aa498c","TCGA-D5-6535","2011-6-9","Colon Adenocarcinoma","Yes","No","Female",-29278,"WHITE","NOT HISPANIC OR LATINO","No","No",2010,"T3","N1","MX","Stage IIIB","RX","Yes",6,1,,10,"Tumor free",">5 ng/mL",66.7,"Yes","No","Yes","No","No",,"No","Yes",65,157,,80,"Ascending Colon",0,"Yes","D5","≥66","T3","N1",,"III–IV","III",564.61,"High",135.92,"High",998.17,"High",2062.6,"High",462.31,"High",4036.05,"Low",2612.59,"High",460,0,2743.64,"High",25.82,"High",15.1116951379763,80,"III",FALSE,9.14366381703461,7.09718938723511,9.9645863505667,11.0109476362653,8.85583401135315,11.9790857397751,11.3518171245867,11.4224012155775,4.74523733212975
"e83e5700-f968-4978-bb78-56a83936ce8c","TCGA-D5-6536","2011-6-9","Colon Adenocarcinoma","Yes","No","Male",-26890,"WHITE","NOT HISPANIC OR LATINO","No","No",2010,"T3","N0","M0","Stage IIA","R0","Yes",14,0,,287,"With tumor",,,"No","No","No","No","No","Yes",,"No",83,165,,73,"Sigmoid Colon",0,"Yes","D5","≥66","T3","N0","M0","I–II","II",350.8,"Low",65.05,"Low",428.08,"Low",1092.98,"Low",195.69,"Low",16935.09,"High",3684.78,"High",543,0,1219.74,"Low",1.11,"Low",17.838370565046,73,"II",FALSE,8.4586116725846,6.04548665635946,8.74510284645816,10.0953706478706,7.61977980058311,14.0478132206472,11.8477542453808,10.2535402444851,1.07724299893246
"ebc5a6f8-34fd-48c1-a2b9-7f60f45fbf27","TCGA-D5-6537","2011-6-9","Colon Adenocarcinoma","Yes","No","Male",-23381,"WHITE","NOT HISPANIC OR LATINO","No","No",2010,"T3","N1a","MX","Stage IIIB","R0","Yes",11,1,,137,"Tumor free","≤5 ng/mL",2.7,"No","No","Yes","No","No",,,"Yes",80,176,0,64,"Transverse Colon",0,"Yes","D5","≤65","T3","N1",,"III–IV","III",284.98,"Low",80.32,"Low",1358.26,"High",1368.94,"High",156.38,"Low",5198.88,"Low",2556.29,"High",146,1,1947.02,"High",0,"Low",4.79632063074901,64,"III",FALSE,8.15977044548558,6.34553831007001,10.4086057266641,10.4198969927398,7.29810840321142,12.3442626145692,11.320400058006,10.9277927740704,0
"a117ace8-ac5a-48d8-8aee-3024d6f0f873","TCGA-D5-6538","2011-5-13","Colon Adenocarcinoma","Yes","No","Female",-29194,"WHITE","NOT HISPANIC OR LATINO","No","No",2010,"T3","N2","M0","Stage IIIB","R0","Yes",14,10,0,246,"Tumor free",">5 ng/mL",23.5,"No","Yes","No","No",,"No","No","No",57,152,,79,"Hepatic Flexure",0,"Yes","D5","≥66","T3","N2","M0","III–IV","III",581.37,"High",211.45,"High",824.69,"High",762.74,"Low",217.73,"Low",1285.75,"Low",2314.7,"Low",521,0,2534.68,"High",0,"Low",17.1156373193167,79,"III",FALSE,9.18579222874886,7.73097953342592,9.68945642249934,9.57693777495832,7.77300729714285,10.3295160672065,11.1772326482888,11.3081569751148,0
"ef4bb5bf-4535-4bd1-8a74-aba920123ee2","TCGA-D5-6539","2011-6-9","Colon Adenocarcinoma","Yes","No","Female",-16703,"WHITE","NOT HISPANIC OR LATINO","No","No",2010,"T3","N0","M0",,"R0","Yes",12,0,,145,"Tumor free","≤5 ng/mL",1.1,"No","No","No","No","No",,,,63,165,,45,"Transverse Colon",0,"Yes","D5","≤65","T3","N0","M0",,,769.87,"High",132.58,"High",609.85,"High",2066.33,"High",320.51,"High",2188.67,"Low",1491.36,"Low",380,0,2141.22,"High",26.05,"High",12.4835742444152,45,,FALSE,9.5903437734316,7.06156020910797,9.25467434588417,11.0135529837125,8.32871980050382,11.0964977457046,10.5433798816267,11.0648909331026,4.75755668893945
"b08b5f49-9434-4653-9772-097ec29b2ca3","TCGA-D5-6540","2011-5-16","Colon Mucinous Adenocarcinoma","Yes","No","Male",-24282,"WHITE","NOT HISPANIC OR LATINO","No","No",2010,"T2","N0","M0","Stage I","R0","Yes",13,0,0,186,"Tumor free","≤5 ng/mL",2,"No","No","No","No",,,"No","Yes",86,186,,66,"Cecum",0,"Yes","D5","≥66","T2","N0","M0","I–II","I",477.54,"High",92.88,"Low",1088.78,"High",1185.88,"High",243.93,"High",9326.61,"High",1991.32,"Low",491,0,546.03,"Low",2.35,"Low",16.1300919842313,66,"I",FALSE,8.90249571091182,6.55274593674845,10.0898212041195,10.2129583627283,7.93622568152273,13.187291753429,10.9602336716945,9.09547614466533,1.74416109557041
"39aec099-a33e-47a4-a602-cbf65ddd3830","TCGA-D5-6541","2011-5-16","Colon Adenocarcinoma","Yes","No","Male",-18029,"WHITE","NOT HISPANIC OR LATINO","No","No",2010,"T3","N0","M0","Stage IIA","R0","Yes",13,0,0,108,"Tumor free","≤5 ng/mL",2,"No","No","No","No","No","No",,,85,174,,49,"Splenic Flexure",0,"Yes","D5","≤65","T3","N0","M0","I–II","II",684.22,"High",90.76,"Low",317.66,"Low",908.66,"Low",297.61,"High",4539.76,"Low",1486.28,"Low",474,0,1373.36,"Low",3.52,"Low",15.5716162943495,49,"II",FALSE,9.42042345077008,6.5197934862411,8.31587412503926,9.82918360544688,8.22211866974429,12.1487180703871,10.538460563918,10.4245442380079,2.17632277264046
"27e2438d-bd01-4c50-9102-563276ed9922","TCGA-D5-6898","2011-7-18","Colon Adenocarcinoma","Yes","No","Female",-18874,"WHITE","NOT HISPANIC OR LATINO","No","No",2011,"T2","N0","M0","Stage I","R0","Yes",8,0,,45,"Tumor free",">5 ng/mL",8.1,"No","No","No","No","No","No","No","No",100,164,0,51,"Sigmoid Colon",0,"Yes","D5","≤65","T2","N0","M0","I–II","I",632.56,"High",155.65,"High",774.93,"High",1121.27,"Low",393.18,"High",6571.99,"High",2575.98,"High",229,0,2066.24,"High",28.4,"High",7.52299605781866,51,"I",FALSE,9.30733744308477,7.29140095948369,9.59978269630048,10.1322040914468,8.62271076820381,12.6823340748291,11.3314656251143,11.0134901754622,4.877744249949
"dc22eba5-6fb7-4875-b30a-99fa00758301","TCGA-D5-6920","2011-7-18","Colon Adenocarcinoma","Yes","No","Female",-28124,"WHITE","NOT HISPANIC OR LATINO","No","No",2011,"T3","N0","M0","Stage IIA","R0","Yes",5,0,0,112,"Tumor free","≤5 ng/mL",1.7,"No","No","No","No","No","No","No","No",73,160,0,77,"Sigmoid Colon",0,"Yes","D5","≥66","T3","N0","M0","I–II","II",459.84,"High",114.96,"High",685.43,"High",1364.17,"High",265.35,"High",3032.68,"Low",2597.64,"High",377,0,2086.22,"High",12.99,"Low",12.3850197109067,77,"II",FALSE,8.84812213506429,6.85748342828667,9.42296879608746,10.414864900925,8.05717947067379,11.5668531992645,11.3435410699965,11.0273669580785,3.80632405739003
"0a94eecf-4db2-4846-8383-c83ff02e4a9f","TCGA-D5-6922","2011-7-18","Colon Adenocarcinoma","Yes","No","Male",-27771,"WHITE","NOT HISPANIC OR LATINO","No","No",2011,"T3","N1","M0","Stage IIIA","R0","Yes",8,1,,134,"Tumor free","≤5 ng/mL",4.3,"No","No","Yes","No","No","No","No","No",83,175,0,76,"Sigmoid Colon",0,"Yes","D5","≥66","T3","N1","M0","III–IV","III",379.44,"Low",164.16,"High",727.93,"High",869.41,"Low",376.56,"High",5110.25,"Low",2697.87,"High",308,0,1680.86,"High",9.36,"Low",10.1182654402102,76,"III",FALSE,8.57152513094636,7.36772051340145,9.50963646728752,9.76555132134865,8.56056211851471,12.3194604424137,11.3981397709621,10.715841903625,3.37295209791183
"b3c267aa-345d-40d8-a8da-f9f08c64f9c7","TCGA-D5-6923","2011-7-16","Colon Adenocarcinoma","Yes","No","Male",-21118,"WHITE","NOT HISPANIC OR LATINO","No","No",2011,"T2","N0","M0","Stage I","R0","Yes",11,0,0,43,"Tumor free","≤5 ng/mL",1.8,"No","No","No","No","No","No","No","No",109,187,0,57,"Sigmoid Colon",0,"Yes","D5","≤65","T2","N0","M0","I–II","I",496.32,"High",181.91,"High",740.39,"High",995.26,"Low",346.47,"High",4571.57,"Low",2723.38,"High",378,0,2258.47,"High",2.29,"Low",12.4178712220762,57,"I",FALSE,8.95803064086437,7.5149901416029,9.53408884573608,9.96037849006027,8.44074461302217,12.1587895405584,11.4117122309931,11.1417686864869,1.71808758396052
"be85f845-b281-467c-8b97-bed7b7fdff64","TCGA-D5-6924","2011-7-21","Colon Adenocarcinoma","Yes","No","Male",-24964,"WHITE","NOT HISPANIC OR LATINO","No","No",2011,"T3","N0","M0","Stage IIA","R0","Yes",8,0,,89,"Tumor free","≤5 ng/mL",3.1,"No","No","No","No","No","No","No","No",85,165,0,68,"Sigmoid Colon",0,"Yes","D5","≥66","T3","N0","M0","I–II","II",388.95,"Low",156.11,"High",1190.67,"High",965.77,"Low",374.4,"High",6005.62,"High",1635.85,"Low",435,0,2441.54,"High",59.53,"High",14.2904073587385,68,"II",FALSE,8.60714534098945,7.29563120039578,10.2187690613369,9.91702889506404,8.55228483994351,12.5523376814287,10.6767064047812,11.2541664731932,5.91957844593547
"3a8ca50f-bc9f-4250-8c8d-22893763ea46","TCGA-D5-6926","2011-7-18","Colon Adenocarcinoma","Yes","No","Male",-23768,"WHITE","NOT HISPANIC OR LATINO","No","No",2011,"T4a","N1","M0","Stage IIIB","R0","Yes",34,3,,95,"Tumor free","≤5 ng/mL",2.2,"No","No","No","No","No",,"No","No",82,175,0,65,"Sigmoid Colon",0,"Yes","D5","≤65","T4","N1","M0","III–IV","III",328.08,"Low",106.94,"High",660.42,"High",713.68,"Low",328.5,"High",6911.8,"High",1956.97,"Low",275,0,1760.55,"High",13.21,"Low",9.03416557161629,65,"III",FALSE,8.36229453839559,6.75408578219791,9.36942286013679,9.48115360543779,8.36413465500805,12.7550544710938,10.9351429448117,10.7826297096671,3.82883464946806
"a782f174-241d-42c6-9bc4-61cc39f8b397","TCGA-D5-6927","2011-7-18","Colon Adenocarcinoma","Yes","No","Male",-12737,"WHITE","NOT HISPANIC OR LATINO","No","No",2011,"T3","N0","M0","Stage IIA","R0","Yes",16,0,,67,"Tumor free","≤5 ng/mL",0.9,"No","No","No","No","No","No","No","No",76,177,1,34,"Transverse Colon",0,"Yes","D5","≤65","T3","N0","M0","I–II","II",470.46,"High",84.61,"Low",916.65,"High",915.53,"Low",232.41,"Low",6176.84,"High",2214.64,"Low",287,0,976.45,"Low",5.08,"Low",9.42838370565046,34,"II",FALSE,8.88099156353912,6.41970742081027,9.84180019140179,9.84003829382726,7.86672256162272,12.5928867917242,11.113507774169,9.93287909516455,2.60407132366886
"eecaa5cd-0b69-4af2-a782-035025f207b6","TCGA-D5-6928","2011-7-18","Colon Mucinous Adenocarcinoma","Yes","No","Male",-29411,"WHITE","NOT HISPANIC OR LATINO","No","No",2011,"T3","N0","M0","Stage IIA","R0","Yes",18,0,,20,"Tumor free","≤5 ng/mL",1.8,"No","No","No","No","No","No","No","No",93,174,0,80,"Ascending Colon",0,"Yes","D5","≥66","T3","N0","M0","I–II","II",706.98,"High",137.99,"High",586.03,"High",1057.92,"Low",321.12,"High",8825.38,"High",1718.48,"Low",354,0,802.81,"Low",967.63,"High",11.6294349540079,80,"II",FALSE,9.46756479541016,7.1188372779797,9.19729042351087,10.0483778844145,8.33145442828201,13.1076061453132,10.7477566200274,9.65071071549269,9.91980187594881
"64b0461f-038d-4712-948e-818dc2f10eef","TCGA-D5-6929","2011-7-21","Colon Adenocarcinoma","Yes","No","Female",-17919,"WHITE","NOT HISPANIC OR LATINO","No","No",2011,"T3","N1","M1","Stage IV","R0","Yes",12,1,,146,"With tumor","≤5 ng/mL",4.5,"Yes","No","Yes","No","No","No","No","No",80,167,1,49,"Sigmoid Colon",0,"Yes","D5","≤65","T3","N1","M1","III–IV","IV",396.02,"Low",97.53,"Low",377.7,"Low",1183.33,"High",191.51,"Low",5540.15,"Low",2981.98,"High",408,0,2710.67,"High",8.87,"Low",13.4034165571616,49,"IV",FALSE,8.63306787516322,6.62249115206117,8.56491161099706,10.2098554121061,7.58878957883263,12.4359697062654,11.5425385895234,11.4049659032796,3.30305008468167
"286cbae3-8324-43b7-9b20-0f40dda1588e","TCGA-D5-6930","2011-7-21","Colon Mucinous Adenocarcinoma","Yes","No","Male",-24764,"WHITE","NOT HISPANIC OR LATINO","No","No",2011,"T3","N0","M0","Stage IIA","R0","Yes",20,0,0,46,"Tumor free","≤5 ng/mL",3,"No","No","No","No","No","No","No","Yes",90,184,0,67,"Ascending Colon",0,"Yes","D5","≥66","T3","N0","M0","I–II","II",528.86,"High",45.03,"Low",864.88,"High",857.95,"Low",213.62,"Low",9159.73,"High",3250.51,"High",406,0,893.17,"Low",349.88,"High",13.3377135348226,67,"II",FALSE,9.04946740985307,5.52450253744916,9.75802328932175,9.74643034343007,7.74564071394166,13.1612468530079,11.6668941454472,9.8044053330862,8.45483390689887
"5d66191d-da49-4d7e-89a4-a382db338340","TCGA-D5-6931","2011-7-21","Colon Adenocarcinoma","Yes","No","Male",-28292,"WHITE","NOT HISPANIC OR LATINO","No","No",2011,"T4b","N2","M0","Stage IIIC","R0","Yes",14,4,,43,"Tumor free",">5 ng/mL",6.9,"No","No","Yes","No","No","No","No","No",70,178,,77,"Transverse Colon",0,"Yes","D5","≥66","T4","N2","M0","III–IV","III",724.98,"High",131.9,"High",792.8,"High",1884,"High",317.12,"High",3895.7,"Low",2840.51,"High",365,0,2913.47,"High",66.42,"High",11.9908015768725,77,"III",FALSE,9.50378599378327,7.05419729438881,9.63263175211247,10.880348808156,8.31342726581369,11.92803714992,11.4724420772729,11.5090178360495,6.07510472220949
"131e0571-de86-415f-b3fb-dc9f971258d3","TCGA-D5-6932","2011-7-21","Colon Adenocarcinoma","Yes","No","Male",-25466,"WHITE","NOT HISPANIC OR LATINO","No","No",2011,"T3","N0","M0","Stage IIA","R0","Yes",11,0,,19,"Tumor free","≤5 ng/mL",3.8,"No","No","No","No","No","Yes","No","Yes",75,168,0,69,"Transverse Colon",0,"Yes","D5","≥66","T3","N0","M0","I–II","II",422.69,"Low",70.82,"Low",345.55,"Low",683.88,"Low",235.03,"Low",8534.57,"High",3694.6,"High",346,0,1437.24,"High",3.61,"Low",11.3666228646518,69,"II",FALSE,8.72686526815635,6.16631374788993,8.43691970822096,9.41970742081027,7.88282643114387,13.0592717834002,11.8515928971396,10.4900887239435,2.20476675065461
"d5a296ae-c165-413c-adcc-33c9e99ff873","TCGA-D5-7000","2011-7-18","Colon Mucinous Adenocarcinoma","Yes","No","Female",-28913,"WHITE","NOT HISPANIC OR LATINO","No","No",2011,"T2","N0","M0","Stage I","R0","Yes",14,0,,41,"Tumor free","≤5 ng/mL",2.4,"No","No","No","No","No","No","No","No",60,154,0,79,"Cecum",0,"Yes","D5","≥66","T2","N0","M0","I–II","I",757.03,"High",124.67,"High",721.75,"High",1826.52,"High",303.05,"High",6572.18,"High",2533.76,"High",312,0,2023.72,"High",27.05,"High",10.2496714848883,79,"I",FALSE,9.56611113578952,6.97349647981295,9.49735289347705,10.8356714794816,8.24816477930069,12.6823757770218,11.3076334389119,10.9835066951079,4.80992886572143
"75ea63a9-357b-4566-bd78-eaa67809decd","TCGA-DM-A0X9","2011-3-10","Colon Adenocarcinoma","No","Yes","Female",-26217,"WHITE","NOT HISPANIC OR LATINO","No","No",2001,"T3","N0","M0","Stage IIA",,"Yes",16,0,,3429,,,,,"No","No","Yes","Yes","No","No","Yes",86,170,0,71,,0,"Yes","DM","≥66","T3","N0","M0","I–II","II",341.47,"Low",75.49,"Low",713.14,"High",1296.82,"High",167.04,"Low",5177.96,"Low",3381.3,"High",3641,0,973.02,"Low",4.82,"Low",119.6123521682,71,"II",FALSE,8.41983380486439,6.25719924277855,9.48006311767982,10.3418745885577,7.39266088071179,12.3384467004345,11.7237889128657,9.92780758590635,2.54101915313356
"a56f6562-d2af-47b9-bf81-94b3b4893173","TCGA-DM-A0XD","2011-3-15","Colon Adenocarcinoma","No","Yes","Male",-23966,"WHITE","NOT HISPANIC OR LATINO","No","No",2000,"T3","N0","M0","Stage IIA",,"Yes",11,0,,,,,,,"No","No","Yes","Yes","No","No","Yes",62,160,0,65,,0,"Yes","DM","≤65","T3","N0","M0","I–II","II",467.37,"High",32.68,"Low",1165.87,"High",1372.24,"High",166.22,"Low",13007.59,"High",251.2,"Low",743,1,657.41,"Low",2.33,"Low",24.4086727989487,65,"II",FALSE,8.87150486117895,5.07382023329167,10.1884281252255,10.4233680707818,7.38560359805024,13.6671769764824,7.97842446544086,9.36284243750396,1.73552217729654
"b823d6e5-54b0-43d3-95e2-9be33dc6f734","TCGA-DM-A0XF","2011-3-15",,"No","Yes","Female",-25032,"WHITE","NOT HISPANIC OR LATINO","No","No",1999,"T3","N2","M0","Stage IIIC",,"Yes",22,4,,,,,,,"No","No","Yes","No","No","No",,85,170,0,68,,0,"Yes","DM","≥66","T3","N2","M0","III–IV","III",419.33,"Low",76.04,"Low",1380.29,"High",913.4,"Low",180.22,"Low",5690.38,"High",2993.87,"High",1162,1,1269.96,"Low",0,"Low",38.173455978975,68,"III",FALSE,8.71537861868112,6.26753579806874,10.4318005279651,9.83668159332712,7.50159837423479,12.4745627926888,11.5482776651634,10.3117029108274,0
"1b0b0533-7c4f-4edd-a75e-8b56f49d54ab","TCGA-DM-A1D0","2011-5-00","Colon Adenocarcinoma","No","Yes","Female",-28875,"WHITE","NOT HISPANIC OR LATINO","No","No",2001,"T3","N0","M0","Stage IIA",,"Yes",10,2,,3625,,,,,"No","No","Yes","Yes","No","No",,65,170,0,79,"Sigmoid Colon",0,"Yes","DM","≥66","T3","N0","M0","I–II","II",608.26,"High",93.94,"Low",1215.19,"High",1272.82,"High",284.81,"High",3166.56,"Low",440.37,"Low",3974,0,1598.93,"High",0,"Low",130.551905387648,79,"II",FALSE,9.25091421538196,6.56894414465471,10.2481529169345,10.3149457133912,8.15891258450803,11.6291562318522,8.78584476247767,10.6437930704859,0
"849442d3-eb82-416e-9d36-2fc15dfac67a","TCGA-DM-A1D4","2011-4-00","Colon Adenocarcinoma","No","Yes","Male",-29403,"WHITE","NOT HISPANIC OR LATINO","No","No",1999,"T3","N0","M0","Stage IIA",,"Yes",15,0,,2821,,,,,"No","No","No","Yes","No",,,59,171,0,80,"Cecum",0,"Yes","DM","≥66","T3","N0","M0","I–II","II",159.8,"Low",67.26,"Low",812.88,"High",1421.93,"High",182.23,"Low",2905.83,"Low",2213.62,"Low",2821,1,1112.92,"Low",2.85,"Low",92.6741130091984,80,"II",FALSE,7.32912359629157,6.09296850932414,9.66867228627227,10.4746489759454,7.51751192305606,11.5052309855382,11.1128434569652,10.121429908949,1.94485844580754
"eb191e71-4b6e-4c8d-8348-519be5a1e657","TCGA-DM-A1D6","2011-5-00","Colon Mucinous Adenocarcinoma","No","Yes","Male",-32302,"WHITE","NOT HISPANIC OR LATINO","No","No",2000,"T3","N0","M0","Stage IIA",,"Yes",6,0,,1518,,,,,"No","No","Yes","Yes","No","No",,80,173,0,88,"Splenic Flexure",0,"Yes","DM","≥66","T3","N0","M0","I–II","II",654.52,"High",132.71,"High",1030.07,"High",1703.52,"High",262.6,"High",3594.8,"Low",3619.94,"High",1518,1,1454.47,"High",0.28,"Low",49.8685939553219,88,"II",FALSE,9.35649598770558,7.06296355655909,10.0099265661796,10.7351498121139,8.04220656012069,11.8120970644042,11.8221485558093,10.5072693877454,0.356143810225275
"fac2c617-8149-45bb-b766-fbe13dc3c425","TCGA-DM-A1D7","2011-5-00",,"No","Yes","Male",-30142,"WHITE","NOT HISPANIC OR LATINO","No","No",2000,"T3","N0","M0","Stage IIA",,"Yes",15,0,,,,,,,"No","No","Yes","Yes","No",,,75,175,0,82,"Sigmoid Colon",0,"Yes","DM","≥66","T3","N0","M0","I–II","II",398.74,"Low",62.79,"Low",710.96,"High",783.52,"Low",150.35,"Low",2502.3,"Low",2386.13,"Low",405,1,927.24,"Low",5.58,"Low",13.3048620236531,82,"II",FALSE,8.64291813309669,5.99525837340469,9.47565237840642,9.61566641648757,7.24174486494015,11.2896154812325,11.2210614205197,9.85835405767524,2.71808758396052
"92c043b6-8d53-4c1c-808a-c4be5e2926e6","TCGA-DM-A1D8","2011-5-00","Colon Adenocarcinoma","No","Yes","Female",-18311,"WHITE","NOT HISPANIC OR LATINO","No","No",2000,"T3","N1",,,,"Yes",15,1,,383,,,,,,,"Yes","Yes","No","No",,65,158,0,50,"Ascending Colon",0,"Yes","DM","≤65","T3","N1",,,,616.45,"High",112.98,"High",412.95,"Low",621.08,"Low",198.88,"Low",4483.65,"Low",2504.13,"High",383,1,979.52,"Low",0.66,"Low",12.5821287779238,50,,FALSE,9.27017850433012,6.83263688756687,8.69331270844532,9.28095631383106,7.64299031296116,12.1307796805162,11.2906697565412,9.9374032476338,0.7311832415722
"e3b6018c-ab2c-47c5-b183-a295d0110835","TCGA-DM-A1D9","2011-5-00","Colon Adenocarcinoma","No","Yes","Female",-24514,"WHITE","NOT HISPANIC OR LATINO","No","No",2000,"T3","N0","M0","Stage IIA",,"Yes",28,0,,3920,,,,,"No","No","No","No","No","No","Yes",98,153,1,67,"Cecum",0,"Yes","DM","≥66","T3","N0","M0","I–II","II",292.38,"Low",134.11,"High",423.18,"Low",1578.15,"High",255.63,"High",5226.82,"Low",3076.16,"High",4270,0,1459.6,"High",2.98,"Low",140.275952693824,67,"II",FALSE,8.19662671421379,7.07799064768406,8.72853278947149,10.6249325008114,8.00354602084677,12.3519937529611,11.5873837446499,10.5123454203473,1.99276843076892
"f4a804d3-b5c4-4da5-800f-6e5757ecfa1c","TCGA-DM-A1DA","2011-5-00","Colon Adenocarcinoma","No","Yes","Female",-26169,"WHITE","NOT HISPANIC OR LATINO","No","No",1999,"T3","N2","M0","Stage IIIC",,"Yes",13,5,,228,,,,,,,"Yes","Yes","No",,,62,163,0,71,"Cecum",0,"Yes","DM","≥66","T3","N2","M0","III–IV","III",445.12,"High",79.86,"Low",756.92,"High",668.15,"Low",144.77,"Low",5541.52,"Low",3841.23,"High",228,1,1471.52,"High",1.91,"Low",7.49014454664915,71,"III",FALSE,8.80128801677891,6.33735429849697,9.56590176680667,9.38618583860737,7.18755002806372,12.4363263556814,11.9077281675197,10.5240715137636,1.54101915313356
"d71ae66e-2c8a-4fd8-8b4b-a5a2d456a21d","TCGA-DM-A1DB","2011-5-00","Colon Adenocarcinoma","No","Yes","Male",-24888,"WHITE","NOT HISPANIC OR LATINO","No","No",2000,"T3","N0","M0","Stage IIA",,"Yes",7,0,,1348,,,,,"No","No","Yes","Yes","No",,,75,167,0,68,"Sigmoid Colon",0,"Yes","DM","≥66","T3","N0","M0","I–II","II",144.8,"Low",169.18,"High",1253.33,"High",1233.84,"High",243.44,"Low",3991.68,"Low",3009.32,"High",1348,1,1359.14,"Low",9.18,"Low",44.2838370565046,68,"II",FALSE,7.18784690943957,7.41091768745521,10.2927012394457,10.2701084065041,7.93333657591232,11.9631417340653,11.5557011397117,10.409539441219,3.34766565630097
"56c8b812-ca8e-4eb2-b0fe-f264316789bf","TCGA-DM-A1HA","2011-5-00","Colon Adenocarcinoma","No","Yes","Male",-30272,"WHITE","NOT HISPANIC OR LATINO","No","No",2000,"T3","N2","M0","Stage IIIC",,"Yes",17,4,,3924,,,,,,,"Yes","Yes","No","Yes","Yes",67,163,0,82,"Ascending Colon",0,"Yes","DM","≥66","T3","N2","M0","III–IV","III",491.12,"High",109,"High",414.05,"Low",1379.92,"High",308.64,"High",4237.97,"Low",2855.26,"High",4000,0,1659.01,"High",0.4,"Low",131.406044678055,82,"III",FALSE,8.94286633927365,6.78135971352466,8.69714133444375,10.431414027903,8.27444804392521,12.049498040863,11.479911595835,10.6969762171421,0.485426827170242
"8C0894FB-5E78-40AE-BE0B-329CA30F758A","TCGA-DM-A1HB","2011-5-00",,"No","Yes","Male",-27708,"WHITE","NOT HISPANIC OR LATINO","No","No",2000,"T3","N1","M0","Stage IIIB",,"Yes",11,1,,3786,,,,,"No","No","Yes","Yes","No","No","No",70,168,0,75,"Transverse Colon",0,"Yes","DM","≥66","T3","N1","M0","III–IV","III",595.61,"High",64.48,"Low",593.59,"High",811.2,"Low",171.27,"Low",11394.72,"High",2577.88,"High",4126,0,934.11,"Low",0.81,"Low",135.545335085414,75,"III",FALSE,9.22064434919358,6.03298241669943,9.21575138952932,9.66569121703696,7.42852767474104,13.4762044588358,11.3325289281139,9.86899227362007,0.855989697308481
"6775CE57-B4CF-425C-A898-061BB9A8A1A8","TCGA-DM-A280","2011-7-27","Colon Mucinous Adenocarcinoma","No","Yes","Female",-25649,"WHITE","NOT HISPANIC OR LATINO","No","No",1998,"T3","N0","M0","Stage IIA",,"Yes",10,0,,236,,,,,"No","No","Yes","Yes","No","No","No",63,159,0,70,"Ascending Colon",0,"Yes","DM","≥66","T3","N0","M0","I–II","II",198.55,"Low",66.37,"Low",376.68,"Low",1523.19,"High",157.71,"Low",11988.65,"High",2992.48,"High",236,1,881.01,"Low",0.57,"Low",7.75295663600526,70,"II",FALSE,7.64060646862391,6.07403439421256,8.56102057782927,10.5738270398373,7.31024922214374,13.5495019239868,11.5476079160195,9.78465120255142,0.650764559116902
"E75985CB-357E-4072-B047-EEA37965D70C","TCGA-DM-A282","2011-7-27","Colon Adenocarcinoma","No","Yes","Female",-22265,"WHITE","NOT HISPANIC OR LATINO","No","No",2000,"T3","N0","M0","Stage IIA",,"Yes",16,0,,4122,,,,,"No","No","Yes","Yes","No","No","No",44,153,0,60,"Hepatic Flexure",0,"Yes","DM","≤65","T3","N0","M0","I–II","II",471.62,"High",62.74,"Low",330.77,"Low",924.03,"Low",159.2,"Low",14121.21,"High",2228.77,"Low",4233,0,743.06,"Low",0.85,"Low",139.060446780552,60,"II",FALSE,8.88453687133003,5.99412711400313,8.37403962758151,9.85335634475437,7.32373033752135,13.7856782547416,11.1226791889905,9.53927515279116,0.887525270741587
"99C532B0-6B42-4925-A344-FC7262C415EE","TCGA-DM-A285","2011-7-27","Colon Mucinous Adenocarcinoma","No","Yes","Female",-26021,"WHITE","NOT HISPANIC OR LATINO","Yes","No",2001,"T3","N2","M1","Stage IV",,"Yes",18,11,,,,,,,,,"Yes","Yes","No","Yes","Yes",72,175,0,71,"Ascending Colon",0,"Yes","DM","≥66","T3","N2","M1","III–IV","IV",664.9,"High",195.13,"High",547.1,"High",1089.45,"Low",336.65,"High",3742.14,"Low",234.89,"Low",179,1,1438.5,"High",0,"Low",5.88042049934297,71,"IV",FALSE,9.37916172992979,7.61566641648757,9.09829532446128,10.0907079047959,8.39938474728795,11.8700332932335,7.881970449996,10.4913520735634,0
"143F2DD6-A280-41C5-9242-442EF91B73EC","TCGA-DM-A288","2011-7-27","Colon Mucinous Adenocarcinoma","No","Yes","Male",-25084,"WHITE","NOT HISPANIC OR LATINO","No","No",2001,"T3","N2","M0","Stage IIIC",,"Yes",22,4,,427,,,,,"No","No","Yes","No","No","No",,85,170,0,68,"Cecum",0,"Yes","DM","≥66","T3","N2","M0","III–IV","III",459.75,"High",130.48,"High",677.59,"High",1272.29,"High",345.51,"High",4607.59,"Low",1794.76,"Low",427,1,1324.93,"Low",0.56,"Low",14.0275952693824,68,"III",FALSE,8.84784035563071,7.03869955130559,9.4063963597931,10.3143453244149,8.43675317775693,12.1701097096859,10.8103788341028,10.3727888977306,0.641546029087524
"9B2C325C-1F03-43C7-AD5C-B49C6D205635","TCGA-DM-A28A","2011-7-27","Colon Adenocarcinoma","No","Yes","Male",-28833,"WHITE","NOT HISPANIC OR LATINO","No","No",2001,"T3","N2","M0","Stage IIIC",,"Yes",15,6,,805,,,,,"No","No","Yes","Yes","No","No",,72,172,0,78,"Cecum",0,"Yes","DM","≥66","T3","N2","M0","III–IV","III",292.53,"Low",111.02,"High",1008.86,"High",991.98,"Low",287.04,"High",4536.94,"Low",354.16,"Low",805,1,2388.77,"High",0.42,"Low",26.4454664914586,78,"III",FALSE,8.19736415014381,6.80761252317263,9.97993958624763,9.95562084993382,8.17012536183995,12.1478218186889,8.47232529665646,11.222656059426,0.505890929729957
"F83B909C-DA90-41ED-B532-A2EF9371CFF9","TCGA-DM-A28C","2011-7-27","Colon Adenocarcinoma","No","Yes","Male",-27073,"WHITE","NOT HISPANIC OR LATINO","No","No",2001,"T3","N0","M0","Stage IIA",,"Yes",11,0,,2475,,,,,,,"No","No","No","No","Yes",70,180,1,74,"Sigmoid Colon",0,"Yes","DM","≥66","T3","N0","M0","I–II","II",140.15,"Low",124.48,"High",405.19,"Low",835.94,"Low",163.64,"Low",2277,"Low",3200.33,"High",2475,1,1679.31,"High",4.53,"Low",81.3074901445466,74,"II",FALSE,7.14108531856233,6.97131362406888,8.66601091210698,9.70898038984405,7.36317107711924,11.1535520317081,11.6444556853271,10.7145117046929,2.46727948045998
"85BDC1AC-A1A4-46C2-BC2D-E5FABF5C89E9","TCGA-DM-A28E","2011-8-2","Colon Adenocarcinoma","No","Yes","Female",-26602,"WHITE","NOT HISPANIC OR LATINO","No","No",2001,"T3","N0","M0","Stage IIA",,"Yes",15,0,,3530,,,,,"No","No","Yes","Yes","No","No","Yes",75,150,0,72,"Sigmoid Colon",0,"Yes","DM","≥66","T3","N0","M0","I–II","II",671.31,"High",93.85,"Low",696,"High",1220.48,"High",215.09,"Low",1955.1,"Low",1938.48,"Low",3648,0,2763.36,"High",1.35,"Low",119.842312746386,72,"II",FALSE,9.39298279828084,6.56757586852411,9.44501484586842,10.2544145263786,7.755488499898,10.9337644104821,10.9214541834757,11.4327297934399,1.23266075679027
"022F39E9-57EE-4B2B-8B3A-8929E3D69A37","TCGA-DM-A28F","2011-7-27","Colon Adenocarcinoma","No","Yes","Male",-26856,"WHITE","NOT HISPANIC OR LATINO","No","No",2002,"T3","N1","M0","Stage IIIB",,"Yes",23,1,,1094,,,,,,,"Yes","Yes","No","Yes","Yes",83,182,2,73,"Sigmoid Colon",0,"Yes","DM","≥66","T3","N1","M0","III–IV","III",602.14,"High",87.81,"Low",530.71,"Low",869.07,"Low",269.36,"High",3153.58,"Low",2557.37,"High",1094,1,775.33,"Low",33.8,"High",35.9395532194481,73,"III",FALSE,9.23634910709506,6.47265022797335,9.05449578956908,9.76498766497784,8.07873790918186,11.623232222595,11.321009211338,9.60052622899362,5.12101540096137
"FFA7E03A-4A3C-41F0-937A-4FB862FD2194","TCGA-DM-A28G","2011-7-27","Colon Adenocarcinoma","No","Yes","Male",-27641,"WHITE","NOT HISPANIC OR LATINO","No","No",2001,"T3","N0","M0","Stage IIA",,"Yes",25,0,,1849,,,,,"No","No","Yes","Yes","No","No","Yes",90,170,1,75,"Ascending Colon",0,"Yes","DM","≥66","T3","N0","M0","I–II","II",316.97,"Low",93.58,"Low",459.17,"Low",1111.01,"Low",163.3,"Low",3133.95,"Low",3051.83,"High",1849,1,1492.66,"High",9.63,"Low",60.742444152431,75,"II",FALSE,8.31274684555824,6.56346323668308,8.84602312235453,10.1189540465414,7.36018867006271,11.6142267180156,11.5759315384762,10.5446360712514,3.41006969175638
"AEC0C661-AFAC-4F7A-8C31-154D743F2499","TCGA-DM-A28H","2011-7-27","Colon Adenocarcinoma","No","Yes","Male",-18325,"WHITE","NOT HISPANIC OR LATINO","No","No",2002,"T3","N2","M0","Stage IIIC",,"Yes",12,8,,3423,,,,,"No","No","Yes","Yes","No","No",,87,178,0,50,"Cecum",0,"Yes","DM","≤65","T3","N2","M0","III–IV","III",326.88,"Low",105.14,"High",1238.34,"High",1211.86,"High",269.57,"High",2556.52,"Low",2837.55,"High",3561,0,1278.26,"Low",13.83,"Low",116.984231274639,50,"III",FALSE,8.35702409278409,6.72982464363689,10.2753563147748,10.2441973149537,8.07985807620461,11.3205298066612,11.470938439034,10.321093795629,3.89044669267991
"3E1886A8-2ED2-41EE-8B58-10F5321ADE6F","TCGA-DM-A28K","2011-7-27","Colon Mucinous Adenocarcinoma","No","Yes","Male",-27428,"WHITE","NOT HISPANIC OR LATINO","No","No",2003,"T3","N0","M0","Stage IIA",,"Yes",17,0,,2835,,,,,"No","No","No","No","No","No",,78,174,0,75,"Hepatic Flexure",0,"Yes","DM","≥66","T3","N0","M0","I–II","II",276.45,"Low",98.03,"Low",712.14,"High",1299.79,"High",223.55,"Low",1045.12,"Low",4061.72,"High",2988,0,1126.56,"Low",0.52,"Low",98.1603153745072,75,"II",FALSE,8.11608399276377,6.62979373416897,9.47804151676486,10.345172356316,7.81089291189221,10.0308326367011,11.9882302230605,10.1389884892286,0.604071323668861
"C48E2CE0-3806-4675-92F3-D38FF67C5EFA","TCGA-DM-A28M","2011-7-27","Colon Adenocarcinoma","No","Yes","Male",-23043,"WHITE","NOT HISPANIC OR LATINO","No","No",2003,"T3","N0","M0","Stage IIA",,"Yes",13,0,,2775,,,,,"No","No","Yes","Yes","No","No",,90,172,0,63,"Descending Colon",0,"Yes","DM","≤65","T3","N0","M0","I–II","II",509.45,"High",90.91,"Low",677.09,"High",1499.27,"High",147.27,"Low",5584.73,"Low",7095.27,"High",2895,0,1102.55,"Low",0,"Low",95.1051248357424,63,"II",FALSE,8.9956258417988,6.52214993317577,9.40533295861802,10.5510064471217,7.21208291144106,12.4475301237516,12.7928451872338,10.1079362818536,0
"9fd08502-355b-4f5a-a25c-73ec7184f6d3","TCGA-F4-6459","2011-6-20","Colon Adenocarcinoma","Yes","No","Female",-22574,"WHITE","NOT HISPANIC OR LATINO","No","No",2011,"T3","N2a","M0","Stage IIIB","R0","Yes",6,6,0,0,"Tumor free",,,"No","No","No","No","No","No","No","No",55,162,,61,"Sigmoid Colon",0,"Yes","F4","≤65","T3","N2","M0","III–IV","III",540.37,"High",170.44,"High",306.28,"Low",1982.49,"High",439.56,"High",9006.83,"High",2731.31,"High",262,1,2044.43,"High",14.95,"High",8.60709592641262,61,"III",FALSE,9.08047113264639,7.42155994490182,8.26341005875634,10.9538254086455,8.78319470337615,13.1369638851185,11.4159054615883,10.9981884499101,3.99548451887751
"2a7bbafe-d499-4241-ba3d-a52ba0a5db3c","TCGA-F4-6460","2011-6-20","Colon Adenocarcinoma","Yes","No","Female",-18637,"WHITE","NOT HISPANIC OR LATINO","No","No",2011,"T3","N1","M0","Stage IIIB","R0","Yes",6,1,0,0,,,,"No","No","No","No","No","No","No","No",73,168,,51,"Sigmoid Colon",0,"Yes","F4","≤65","T3","N1","M0","III–IV","III",490.09,"High",115.75,"High",425.96,"Low",1017.73,"Low",229.93,"Low",3704.38,"Low",4006.26,"High",972,1,1972.89,"High",121.48,"High",31.9316688567674,51,"III",FALSE,8.93984363520085,6.86727873970966,8.73795710621359,9.99255602088035,7.85131179484781,11.8554057883277,11.9684004027517,10.9468258788757,6.93640237772506
"2900eadd-7e27-4371-94e5-7d58cdff0138","TCGA-F4-6461","2011-6-20","Colon Adenocarcinoma","Yes","No","Female",-15151,"WHITE","NOT HISPANIC OR LATINO","No","No",2011,"T4b","N2","M0","Stage IIIC","R0","Yes",5,5,0,0,"Tumor free",,,"No","No","No","No","No","No","No","No",57,151,,41,"Hepatic Flexure",0,"Yes","F4","≤65","T4","N2","M0","III–IV","III",734.26,"High",134.26,"High",368.8,"Low",1106.96,"Low",402.23,"High",7977.16,"High",2581.06,"High",338,1,1605.01,"High",949.3,"High",11.1038107752957,41,"III",FALSE,9.52211069058349,7.07959144864819,8.53060141451683,10.1136900822556,8.65545916800034,12.9618403412649,11.3343068099767,10.6492651606465,9.89223921920617
"cbe23011-93b7-4e9f-b934-bd0122f91f54","TCGA-F4-6463","2011-6-20","Colon Mucinous Adenocarcinoma","Yes","No","Male",-18804,"WHITE","NOT HISPANIC OR LATINO","No","No",2011,"T3","N0","M0","Stage IIA","R0","Yes",18,0,0,0,"Tumor free",,,"No","No","No","No","No","No",,,62,174,0,51,"Transverse Colon",0,"Yes","F4","≤65","T3","N0","M0","I–II","II",426,"Low",76.5,"Low",337,"Low",1518.5,"High",301,"High",6418,"High",3579.5,"High",1087,0,1472,"High",23.5,"High",35.7095926412615,51,"II",FALSE,8.73809225962049,6.27612440527424,8.40087943628218,10.5693809595223,8.23840473932508,12.6481328456527,11.8059453518029,10.5245417150358,4.61470984411521
"d3062aac-4c42-41b4-a9f3-90aa72e6fb1e","TCGA-F4-6569","2011-6-20","Colon Adenocarcinoma","Yes","No","Male",-22203,"WHITE","NOT HISPANIC OR LATINO","No","No",2011,"T2","N0","M0","Stage I","R0","Yes",19,0,0,0,"Tumor free",,,"No","No","No","No","No","No",,,60,180,0,60,"Transverse Colon",0,"Yes","F4","≤65","T2","N0","M0","I–II","I",558.22,"High",114.69,"High",482.58,"Low",1152.19,"High",369.54,"High",10465.52,"High",4003.7,"High",1087,0,1430.89,"High",41.52,"High",35.7095926412615,60,"I",FALSE,9.12727214810046,6.85412035608782,8.91761076832065,10.1714145161905,8.53348548044815,13.3534942216947,11.9674784562042,10.4837049514612,5.41006969175638
"eeb42912-0c7a-46bb-bd95-369b2b425727","TCGA-F4-6570","2011-6-20","Colon Adenocarcinoma","Yes","No","Female",-28772,"WHITE","NOT HISPANIC OR LATINO","No","No",2011,"T3","N0","M0","Stage IIA","R0","Yes",16,0,0,0,"Tumor free",,,"No","No","No","No","No","No",,,59,159,0,78,"Transverse Colon",0,"Yes","F4","≥66","T3","N0","M0","I–II","II",540.28,"High",73.36,"Low",310.55,"Low",762.1,"Low",256.52,"High",11655.14,"High",3157.35,"High",188,1,817.89,"Low",21.08,"High",6.17608409986859,78,"II",FALSE,9.08023127201926,6.21645486514476,8.28331990667844,9.57572831636378,8.00854067170295,13.5088024901439,11.624955340371,9.67752586006259,4.46466826700344
"0c53b010-4243-4da3-a059-7f54c9a850ec","TCGA-F4-6703","2011-8-23","Colon Adenocarcinoma","Yes","No","Male",-23644,"WHITE","NOT HISPANIC OR LATINO","No","No",2011,"T3","N0","M0","Stage IIA","R0","Yes",12,0,,56,"Tumor free",,,"No","No","No",,,"No","No","No",84,172,0,64,"Ascending Colon",0,"Yes","F4","≤65","T3","N0","M0","I–II","II",743.04,"High",112.09,"High",430.04,"Low",1507.43,"High",390.39,"High",11560.81,"High",894.01,"Low",1456,0,1287.84,"Low",48.8,"High",47.8318002628121,64,"II",FALSE,9.53923637327255,6.82132755421968,8.75167794568758,10.5588320331878,8.61246308540548,13.4970796488081,9.80575999155923,10.3318574595068,5.63807383718072
"c6ed47f4-358b-4f06-b5cd-cdf1d5c47b43","TCGA-F4-6704","2011-8-25","Colon Mucinous Adenocarcinoma","Yes","No","Male",-21949,"AMERICAN INDIAN OR ALASKA NATIVE","NOT HISPANIC OR LATINO","No","No",2011,"T3","N2b","MX","Stage IIIC","R0","Yes",18,13,,47,"Tumor free",">5 ng/mL",14.9,,"No","No","No","No","No","No","No",163,183,0,60,"Sigmoid Colon",0,"Yes","F4","≤65","T3","N2",,"III–IV","III",391.6,"Low",196.62,"High",324.96,"Low",938.96,"Low",375.42,"High",10180.79,"High",672.69,"Low",47,0,1322.89,"Low",6.86,"Low",1.54402102496715,60,"III",FALSE,8.61691636257881,7.62658515107332,8.34855112557377,9.87645555398043,8.55619947335199,13.3137035949031,9.39594107443837,10.3705675404573,2.97452931248388
"e76258b7-e13a-4b05-855b-d792701ffba1","TCGA-F4-6805","2011-8-25","Colon Adenocarcinoma","Yes","No","Female",-21241,"WHITE","NOT HISPANIC OR LATINO","No","No",2011,"T3","N0","M0","Stage IIA","R0","No",,,,16,"Tumor free",,,"No","No","No","No","No","No","No","No",60,162,,58,"Descending Colon",0,"Yes","F4","≤65","T3","N0","M0","I–II","II",732.28,"High",89.85,"Low",654.22,"High",1698.72,"High",395.34,"High",6550.61,"High",2013.2,"Low",1047,0,1910.43,"High",87.04,"High",34.3955321944809,58,"II",FALSE,9.51822038059959,6.50541460934675,9.35583558439169,10.7310813910945,8.63059476618863,12.6776337643803,10.9759912275313,10.9004366517182,6.46008724011683
"bab21810-f51b-421e-a87f-1f1136cbc77a","TCGA-F4-6806","2011-8-31","Colon Adenocarcinoma","Yes","No","Female",-21625,"WHITE","NOT HISPANIC OR LATINO","No","No",2011,"T2","N0","M0","Stage I","R0","Yes",5,0,0,20,"Tumor free",,,"No","No","No","No","No","No","No","No",70,172,,59,"Sigmoid Colon",0,"Yes","F4","≤65","T2","N0","M0","I–II","I",805.76,"High",80.38,"Low",288.01,"Low",1482.25,"High",253.18,"High",7192.9,"High",3634.96,"High",1260,0,1333.56,"Low",102.48,"High",41.3929040735874,59,"I",FALSE,9.65599574517798,6.34660237529899,8.17497560188066,10.53454606746,7.98970670699421,12.8125583898531,11.8281206128742,10.3821484532042,6.69320814891002
"9382987c-b5b3-48fe-8194-4d83fe340cd0","TCGA-F4-6807","2011-8-25","Colon Adenocarcinoma","Yes","No","Female",-18690,"WHITE","NOT HISPANIC OR LATINO","No","No",2011,"T3","N2b","M0","Stage IIIC","R0","Yes",12,12,12,16,"Tumor free",,,"No","No","No","No","No","No","No","No",57,166,,51,"Hepatic Flexure",0,"Yes","F4","≤65","T3","N2","M0","III–IV","III",731.64,"High",118.92,"High",601.86,"High",1305.07,"High",381.08,"High",7210.96,"High",2413.13,"Low",1309,0,2190.28,"High",117.37,"High",43.0026281208936,51,"III",FALSE,9.51696065989882,6.90592847817314,9.235679198938,10.3510165061609,8.57773093149008,12.8161756797738,11.2372876514367,11.0975581271837,6.88715967669286
"4a785dc7-f5f6-4607-a19d-e6354b2fb5a9","TCGA-F4-6808","2011-8-31","Colon Adenocarcinoma","Yes","No","Female",-19803,"WHITE","NOT HISPANIC OR LATINO","No","No",2011,"T1","N0","M0","Stage I","R0","Yes",3,0,0,14,"Tumor free",,,"No","No","No","No","No","No","No","No",70,166,,54,"Sigmoid Colon",0,"Yes","F4","≤65","T1","N0","M0","I–II","I",239.19,"Low",90.59,"Low",386.62,"Low",660.15,"Low",197.75,"Low",8586.15,"High",402.01,"Low",1024,0,1114.86,"Low",1.78,"Low",33.6399474375821,54,"I",FALSE,7.90803227732648,6.51711818515321,8.59849920107576,9.36883381355861,7.63481105017172,13.0679636775967,8.65467182696821,10.1239403172274,1.47508488294878
"e7af286b-3dec-4cf2-8fbd-fa64b3efdf7f","TCGA-F4-6809","2011-8-25","Colon Adenocarcinoma","Yes","No","Female",-19039,"WHITE","NOT HISPANIC OR LATINO","No","No",2011,"T3","N1","M1","Stage IVA","R0","Yes",12,3,,39,"With tumor",,,"No","No","No","No","No","No",,"No",88,150,0,52,"Sigmoid Colon",0,"Yes","F4","≤65","T3","N1","M1","III–IV","IV",857.63,"High",50.85,"Low",219.07,"Low",1300.85,"High",297.46,"High",9914.41,"High",2490.25,"High",403,1,1037.29,"Low",346.61,"High",13.2391590013141,52,"IV",FALSE,9.74589277031158,5.69627208392586,7.78181867984235,10.3463475144845,8.22139378234186,13.2754567134689,11.2826540897264,10.019993737152,8.44132577579036
"01240896-3f3f-4bf9-9799-55c87bfacf36","TCGA-F4-6854","2011-10-7","Colon Adenocarcinoma","Yes","No","Female",-28272,"WHITE","NOT HISPANIC OR LATINO","No","No",2011,"T3","N0","M0","Stage IIA","R0","Yes",8,0,0,16,"Tumor free",,,"No","No","No","No","No","No","No","No",66,170,,77,"Sigmoid Colon",0,"Yes","F4","≥66","T3","N0","M0","I–II","II",301.97,"Low",126.84,"High",755.1,"High",879.51,"Low",282.51,"High",4360.7,"Low",4605.33,"High",16,0,2275.74,"High",17.37,"High",0.525624178712221,77,"II",FALSE,8.24303113530799,6.99819550315325,9.56243324427834,9.78219557869036,8.14725581275871,12.090674828736,12.1694020549569,11.1527538321192,4.19927972133662
"1c111912-c664-42f5-9802-065b1994a2f4","TCGA-F4-6855","2011-10-7","Colon Adenocarcinoma","Yes","No","Female",-25890,"WHITE","NOT HISPANIC OR LATINO","No","No",2011,"T3","N0","M0","Stage IIA","R0","Yes",12,0,,42,"Tumor free",,,"No","No","No",,,"No",,"No",80,167,0,70,"Sigmoid Colon",0,"Yes","F4","≥66","T3","N0","M0","I–II","II",688.59,"High",113.89,"High",460.15,"Low",910.49,"Low",295.21,"High",7349.37,"High",3499.26,"High",1442,0,1381.12,"Low",5.24,"Low",47.3718791064389,70,"II",FALSE,9.42959504329829,6.84410942136841,8.84909228762457,9.83208301825027,8.21047653636665,12.8436011582478,11.7732463743708,10.4326671651416,2.64154602908752
"64bd568d-0509-48fe-8d0a-aef2a85d5c57","TCGA-F4-6856","2011-10-7","Colon Mucinous Adenocarcinoma","Yes","No","Male",-16519,"WHITE","NOT HISPANIC OR LATINO","No","No",2011,"T2","N0","M0","Stage I","R0","Yes",21,0,0,20,"Tumor free",,,"No","No","No","No","No","No",,,61,160,0,45,"Cecum",0,"Yes","F4","≤65","T2","N0","M0","I–II","I",637.38,"High",85.26,"Low",682.11,"High",1233.53,"High",227.84,"Low",5706.39,"High",1811.51,"Low",1074,0,1406.85,"High",10.48,"Low",35.2825229960578,45,"I",FALSE,9.31827164341393,6.43061981095978,9.41597410163783,10.2697461801346,7.83819543925919,12.4786154339463,10.8237732394645,10.4592779142451,3.52105073690096
"27d9c162-11bb-48fb-a41a-aa05fcb4c1c2","TCGA-G4-6293","2011-6-27","Colon Adenocarcinoma","No","Yes","Female",-18076,"WHITE","NOT HISPANIC OR LATINO","No","No",2002,"T3","N1","M0","Stage III","R0","Yes",26,1,,3203,"Tumor free",,,"No","No","No","No","No","No","No","Yes",64.5,150,1,49,"Transverse Colon",0,"Yes","G4","≤65","T3","N1","M0","III–IV","III",625.13,"High",126.72,"High",327.68,"Low",1376.99,"High",232.77,"Low",2049.31,"Low",2635.21,"High",4051,0,2240.72,"High",68.4,"High",133.0814717477,49,"III",FALSE,9.29031841703475,6.99684064779537,8.36053986165181,10.4283497031812,7.86894598864236,11.0016263415395,11.3642495844053,11.1303903755449,6.1168637576909
"41f8c9fd-ae52-4458-886b-faf37de77dd0","TCGA-G4-6294","2011-6-27","Colon Adenocarcinoma","No","Yes","Male",-27755,"WHITE","NOT HISPANIC OR LATINO","Yes","No",2004,"T3","N1","M1","Stage IV","R0","Yes",10,2,,,"With tumor",,,"No","No","No","No","No","No","No","Yes",47.5,,0,75,"Cecum",0,"Yes","G4","≥66","T3","N1","M1","III–IV","IV",551.5,"High",90.37,"Low",594.14,"High",1161.86,"High",426.37,"High",4980.19,"Low",3787.28,"High",858,1,1718.46,"High",1.85,"Low",28.1865965834428,75,"IV",FALSE,9.10983065427879,6.51364865015139,9.21708527592205,10.1834617017969,8.7393418287732,12.2822747261544,11.8873272521322,10.7477398393329,1.51096191927738
"e17959bd-045d-4540-b43a-c3863e8ff3c0","TCGA-G4-6295","2011-6-28","Colon Adenocarcinoma","No","Yes","Female",-25758,"WHITE","NOT HISPANIC OR LATINO","No","No",2004,"T3","N0","M0","Stage II",,"Yes",23,0,,254,"Tumor free",,,"No","No","No","No","No","No","No","Yes",59,,0,70,"Cecum",0,"Yes","G4","≥66","T3","N0","M0","I–II","II",381,"Low",90.88,"Low",543.31,"High",990.89,"Low",216.74,"Low",1539.06,"Low",304.7,"Low",254,0,2088.2,"High",183.7,"High",8.3442838370565,70,"II",FALSE,8.57742882803575,6.5216789516032,9.08828473110667,9.95403632525195,7.76646265242577,10.588770843385,8.25597274199961,11.0287348934849,7.52904005609508
"622cc1c4-d721-4b5c-a88b-216d6368660b","TCGA-G4-6297","2011-6-30","Colon Adenocarcinoma","No","Yes","Female",-20103,"WHITE","NOT HISPANIC OR LATINO","No","No",2005,"T3","N2","M1","Stage IV","R0","Yes",36,6,,2289,"With tumor",,,"No","Yes","Yes","No","No","No","Yes","Yes",64,,0,55,"Cecum",0,"Yes","G4","≤65","T3","N2","M1","III–IV","IV",472.68,"High",110.74,"High",495.69,"Low",2049.86,"High",356.66,"High",9262.22,"High",2460.21,"Low",2506,0,2164.43,"High",96.84,"High",82.3258869908016,55,"IV",FALSE,8.8877689486479,6.8040019151793,8.9562018906557,11.0020132956415,8.48244496891726,13.1772980624379,11.2651520440563,11.080437821055,6.61235249875266
"ab9cc98a-86ae-4913-bcb2-cc3aeff8abb1","TCGA-G4-6298","2011-6-30","Colon Adenocarcinoma","No","Yes","Male",-32873,"BLACK OR AFRICAN AMERICAN","NOT HISPANIC OR LATINO","Yes","No",2005,"T4a","N1","MX","Stage IIIB","R0","Yes",37,1,,,"With tumor",,,"No","No","No","No","No","No","No","No",59.4,,0,90,"Cecum",0,"Yes","G4","≥66","T4","N1",,"III–IV","III",297.33,"Low",130.85,"High",486.25,"Low",704.34,"Low",144.21,"Low",8078.51,"High",2468.26,"Low",715,1,2057.35,"High",5.57,"Low",23.4888304862024,90,"III",FALSE,8.22076525184275,7.0427537609772,8.92851837525789,9.46217504738742,7.18199699884968,12.9800520848166,11.2698630372877,11.0072726023322,2.7158933705476
"23252dca-e836-47a0-b294-758ad60aa259","TCGA-G4-6299","2011-7-1","Colon Adenocarcinoma","No","Yes","Male",-25318,"WHITE","NOT HISPANIC OR LATINO","No","No",2005,"T3","N2","M0","Stage IIIC","R0","Yes",17,8,,2077,"Tumor free",,,"No","Yes","Yes","No","No","No","No","No",88,130,0,69,"Descending Colon",0,"Yes","G4","≥66","T3","N2","M0","III–IV","III",513.65,"High",70.97,"Low",599.18,"High",931.3,"Low",338.49,"High",7389.44,"High",474.07,"Low",2268,0,1019.56,"Low",20.47,"High",74.5072273324573,69,"III",FALSE,9.00744781639145,6.16932375323987,9.22925143409985,9.86465045674568,8.40722526891959,12.851444544422,8.89199629524426,9.9951452873736,4.42425028608405
"7144a65f-a63f-4b79-8fe2-cfe48696de03","TCGA-G4-6302","2011-7-5","Colon Mucinous Adenocarcinoma","No","Yes","Female",-32872,"WHITE","NOT HISPANIC OR LATINO","No","No",2006,"T3","N0","M0","Stage IIA","R0","Yes",15,0,,1310,,,,"No","Yes","Yes","No","No","No","No","Yes",57,152.5,0,90,"Cecum",0,"Yes","G4","≥66","T3","N0","M0","I–II","II",790.62,"High",61.42,"Low",199.33,"Low",1120.6,"Low",367.39,"High",19062.53,"High",1888.33,"Low",2047,1,1660.52,"High",11.17,"Low",67.2470433639947,90,"II",FALSE,9.62866425180179,5.96393645214449,7.64623467488115,10.1313425391233,8.52509008956929,14.2185276678401,10.8836589968611,10.6982879437631,3.605257262939
"264c0d45-078a-4207-a101-71f99bcd237e","TCGA-G4-6303","2011-7-1","Colon Adenocarcinoma","No","Yes","Female",-19800,"WHITE","NOT HISPANIC OR LATINO","No","No",2006,"T3","N1","M1","Stage IV","R0","Yes",25,1,,1882,"With tumor","≤5 ng/mL",3.8,"Yes","Yes","Yes","Yes","No","No","No","Yes",69,,0,54,"Sigmoid Colon",0,"Yes","G4","≤65","T3","N1","M1","III–IV","IV",817.69,"High",137.66,"High",858.99,"High",1124.67,"Low",471.13,"High",3110.38,"Low",310.42,"Low",2003,1,3887.46,"High",8.6,"Low",65.8015768725361,54,"IV",FALSE,9.67717346322138,7.11540785541406,9.7481760739682,10.1365682354003,8.88304034709944,11.6033388899607,8.28271778985729,11.9249831827373,3.26303440583379
"567ddc8e-2b00-417d-a326-479cb02e08dd","TCGA-G4-6304","2011-8-2","Colon Adenocarcinoma","No","Yes","Female",-24172,"WHITE","NOT HISPANIC OR LATINO","No","No",2006,"T4","N0","M0","Stage IIB","R0","No",25,0,,1631,"Tumor free","≤5 ng/mL",4.4,"No","No","No","No","No","No","No","No",57,,0,66,"Transverse Colon",0,"Yes","G4","≥66","T4","N0","M0","I–II","II",446.29,"High",91.7,"Low",388.65,"Low",634.93,"Low",151.09,"Low",3420.96,"Low",3360.7,"High",1631,0,835.81,"Low",1.75,"Low",53.580814717477,66,"II",FALSE,8.80506669434644,6.53449743373817,8.60603500611611,9.31272415935539,7.24878148797396,11.7406071806265,11.7149752680631,9.70875628187608,1.4594316186373
"303286c2-bc58-4bbb-9171-74cdb1d7f62f","TCGA-G4-6306","2011-7-12","Colon Adenocarcinoma","No","Yes","Male",-26163,"WHITE","NOT HISPANIC OR LATINO","No","No",2007,"T2","N0","M0","Stage IIA","R0","Yes",17,0,,1359,"Tumor free","≤5 ng/mL",2.7,"No",,,"No","No","No","Yes","No",110,170,1,71,"Ascending Colon",0,"Yes","G4","≥66","T2","N0","M0","I–II","II",498.24,"High",50.67,"Low",333.57,"Low",971.85,"Low",139.34,"Low",4915.55,"Low",1983.11,"Low",1359,0,1009.15,"Low",24.63,"High",44.6452036793692,71,"II",FALSE,8.96358971990787,5.69125497865014,8.38616427833208,9.92607356832834,7.13278245729886,12.263430599455,10.9542762963019,9.98035382336995,4.67976157351685
"568dbda7-88b5-4330-881f-dc5d6c7ce4ae","TCGA-G4-6307","2011-7-13","Colon Adenocarcinoma","No","Yes","Female",-13648,"WHITE","NOT HISPANIC OR LATINO","No","No",2007,"T3","N1","M0","Stage IIIB","R0","Yes",17,2,,1485,"Tumor free",">5 ng/mL",10.2,"No","Yes","Yes","No","No","No",,"Yes",71,166,0,37,"Sigmoid Colon",0,"Yes","G4","≤65","T3","N1","M0","III–IV","III",258.48,"Low",92.76,"Low",676.67,"High",691.38,"Low",144.7,"Low",3815.67,"Low",3214.35,"High",1674,0,715.1,"Low",94.57,"High",54.9934296977661,37,"III",FALSE,8.01947953370363,6.55090066464752,9.40443909549098,9.43542024157698,7.18685706717715,11.8980987371456,11.650760072225,9.48401725691557,6.57848591347439
"e4be17c8-0855-432c-bb80-28bb24b62f32","TCGA-G4-6309","2011-8-2","Colon Adenocarcinoma","No","Yes","Female",-14729,"BLACK OR AFRICAN AMERICAN","NOT HISPANIC OR LATINO","No","No",2007,"T3","N1","M0","Stage IIIB","R0","Yes",24,2,,1386,"Tumor free",,,"No","No","No","No","No","No","No","Yes",65.4,176,0,40,"Sigmoid Colon",0,"Yes","G4","≤65","T3","N1","M0","III–IV","III",472.25,"High",87.2,"Low",870.33,"High",1005.66,"Low",168.18,"Low",6424.12,"High",2851.08,"High",2600,0,1318.8,"Low",11.32,"Low",85.4139290407359,40,"III",FALSE,8.88645869570371,6.46270675067016,9.76707540595492,9.97536077918785,7.4024152168244,12.649507683994,11.4777987341804,10.3661036075266,3.62293035092018
"14c13b05-abfe-472e-83a9-b28f60e58ad8","TCGA-G4-6310","2011-7-6","Colon Adenocarcinoma","No","Yes","Male",-25243,"WHITE","NOT HISPANIC OR LATINO","Yes","No",2008,"T3","N1","M0","Stage IIIB","R0","Yes",66,1,,1205,"Tumor free",,,"No","No","No","No","No","Yes","No","No",102.5,173,0,69,"Cecum",0,"Yes","G4","≥66","T3","N1","M0","III–IV","III",502.99,"High",96.56,"Low",367.51,"Low",940.87,"Low",305.39,"High",3853.29,"Low",2691.62,"High",1935,0,1381.74,"Low",0,"Low",63.5676741130092,69,"III",FALSE,8.97725129831433,6.60821785302146,8.52555995903987,9.87938413783159,8.25922540092193,11.9122494099599,11.394794926385,10.4333141931577,0
"79d33c28-a7e2-4fca-8be1-a16fb6d68d49","TCGA-G4-6311","2011-7-12","Colon Adenocarcinoma","No","Yes","Male",-29297,"WHITE","NOT HISPANIC OR LATINO","No","No",2008,"T3","N1","MX","Stage III","R0","Yes",37,1,,1112,"Tumor free","≤5 ng/mL",0.9,"No","Yes","Yes","No","No","No","No","No",69.9,173.5,0,80,"Ascending Colon",0,"Yes","G4","≥66","T3","N1",,"III–IV","III",575.03,"High",109.13,"High",796.96,"High",986.36,"Low",348.9,"High",5122.25,"Low",658.45,"Low",1199,0,1430.22,"High",455.93,"High",39.388961892247,80,"III",FALSE,9.17000013985231,6.78306371004598,9.64017261886897,9.94743238947136,8.45079885435249,12.3228435775789,9.36511946716416,10.4830297376587,8.83582935639721
"abe658e0-33f9-4f57-849b-dec4d20964d6","TCGA-G4-6314","2011-7-13","Colon Adenocarcinoma","No","Yes","Female",-27958,"WHITE","NOT HISPANIC OR LATINO","Yes","No",2008,"T3","N2","M1","Stage IV","R0","Yes",59,50,,1031,"With tumor",,,"Yes","Yes","Yes","Yes","Yes","No","No","Yes",84.1,158.5,0,76,"Cecum",0,"Yes","G4","≥66","T3","N2","M1","III–IV","IV",605.23,"High",91.19,"Low",821.16,"High",1242.28,"High",300.68,"High",6762.02,"High",618.99,"Low",1093,0,1691.36,"High",21.94,"High",35.9067017082786,76,"IV",FALSE,9.24372143711357,6.52653836253939,9.68327537290812,10.2799355280521,8.23687524536694,12.7234519048517,9.27610113581173,10.7248207768613,4.5197934862411
"ca5b878f-8bff-410a-8e6e-b1c133018c8d","TCGA-G4-6315","2011-7-5","Colon Adenocarcinoma","No","Yes","Male",-24174,"WHITE","NOT HISPANIC OR LATINO","No","No",2008,"T3","N1","M1","Stage IV","R0","Yes",82,1,,937,"Tumor free",">5 ng/mL",43.4,"No","No","No","Yes","No","No","No","Yes",58,170,,66,"Descending Colon",0,"Yes","G4","≥66","T3","N1","M1","III–IV","IV",416.45,"Low",132.13,"High",821.59,"High",1170.69,"High",240.62,"Low",2091,"Low",2820.05,"High",1883,0,1975.32,"High",87.92,"High",61.8593955321945,66,"IV",FALSE,8.7054595991654,7.05669189982489,9.68402972327349,10.1943752037216,7.91659606789219,11.0306671362469,11.4620165209907,10.9486008474934,6.47443604325227
"cee553c8-460d-436b-b55d-8f41624816cc","TCGA-G4-6317","2011-7-12","Colon Adenocarcinoma","No","Yes","Female",-18822,"WHITE","NOT HISPANIC OR LATINO","No","No",2008,"T3","N2","MX","Stage IIIC","R0","Yes",109,6,,894,"Tumor free",,,"No",,,"Yes","No","No","No","No",95.3,162,0,51,"Sigmoid Colon",0,"Yes","G4","≤65","T3","N2",,"III–IV","III",247.41,"Low",96.67,"Low",694.16,"High",484.98,"Low",161.66,"Low",3494.27,"Low",3169.31,"High",1095,0,734.57,"Low",0.55,"Low",35.9724047306176,51,"III",FALSE,7.95657944167458,6.60984359159946,9.44120126061824,8.92475313221785,7.34571570878414,11.7711881887938,11.630408201871,9.52271883084348,0.632268215499513
"da21e143-dbf6-4ac7-8872-f1d9ae39512d","TCGA-G4-6320","2011-7-11","Colon Adenocarcinoma","No","Yes","Male",-26840,"WHITE","NOT HISPANIC OR LATINO","No","No",2009,"T3","N1","MX","Stage III","R0","Yes",65,2,,678,"Tumor free","≤5 ng/mL",2.7,"No","Yes","Yes","No","No","No","No","Yes",139.7,193,0,73,"Hepatic Flexure",0,"Yes","G4","≥66","T3","N1",,"III–IV","III",444.58,"High",82.87,"Low",441.56,"Low",1030.1,"Low",206.26,"Low",3000.17,"Low",3224.58,"High",804,0,967.8,"Low",120.97,"High",26.4126149802891,73,"III",FALSE,8.79954066808021,6.39008295095166,8.78972925137577,10.0099685422061,7.69529790115733,11.5513093267607,11.6553428833031,9.92005505480697,6.93038253286194
"e7dbfca1-9657-4952-8e0d-dec6373dda5b","TCGA-G4-6321","2011-7-13","Colon Adenocarcinoma","No","Yes","Female",-21921,"WHITE","NOT HISPANIC OR LATINO","Yes","No",2009,"T2","N1","MX","Stage III","R0","Yes",44,3,,572,"Tumor free","≤5 ng/mL",3.4,"No","No","No","No","No","No","Yes","Yes",100,178.2,0,60,"Cecum",0,"Yes","G4","≤65","T2","N1",,"III–IV","III",971.01,"High",42.16,"Low",150.2,"Low",1859.03,"High",286.56,"High",8220.69,"High",1061.26,"Low",672,0,1881.42,"High",223.32,"High",22.0762155059133,60,"III",FALSE,9.924827346071,5.43162295971329,7.24031432933371,10.8611101750826,8.16771919860108,13.0052192605661,10.0529212097513,10.8783728385071,7.8094144442359
"b3fea9bb-53f9-4ddb-922d-b570562d7a7d","TCGA-G4-6322","2011-7-13","Colon Mucinous Adenocarcinoma","No","Yes","Male",-23825,"WHITE","NOT HISPANIC OR LATINO","No","No",2009,"T3","N1","MX","Stage IIIB","R0","Yes",26,2,,547,"Tumor free","≤5 ng/mL",4.2,"No","Yes","Yes","No","No",,"No","Yes",90.9,182,0,65,"Descending Colon",0,"Yes","G4","≤65","T3","N1",,"III–IV","III",461.85,"High",123.94,"High",562.37,"High",1561.16,"High",217.2,"Low",4632.22,"Low",1914.41,"Low",792,0,1514.74,"High",2.02,"Low",26.0183968462549,65,"III",FALSE,8.85440091173023,6.96509162479079,9.13793893062001,10.6093265098353,7.76950729143624,12.177799472402,10.9034375236298,10.5658065890418,1.59454854955035
"0c463362-7925-4d9a-9d63-098b50af2fb9","TCGA-G4-6323","2011-7-13","Colon Adenocarcinoma","No","Yes","Male",-18334,"BLACK OR AFRICAN AMERICAN","NOT HISPANIC OR LATINO","No","No",2010,"Tis","N0","MX","Stage IA","R0","Yes",24,0,,201,"Tumor free","≤5 ng/mL",0.9,"No","No","No","No","No","No","No","No",88.4,171.5,0,50,"Cecum",0,"Yes","G4","≤65","T1","N0",,,,663.01,"High",71.82,"Low",292.63,"Low",1394.87,"High",257.61,"High",4031.46,"Low",2803.38,"High",419,0,1158.04,"Low",1891.68,"High",13.7647831800263,50,,FALSE,9.37506115851827,6.18626283566979,8.19785556476839,10.4469488715617,8.01463425251559,11.9774445072959,11.4534661357835,10.1787146411754,10.8862147963703
"7570761b-c333-40df-ac8c-9b7f94c58ef9","TCGA-G4-6586","2011-7-14","Colon Adenocarcinoma","No","Yes","Female",-27020,"WHITE","NOT HISPANIC OR LATINO","Yes","No",2008,"T3","N0","M0","Stage IIA","R0","Yes",17,0,,741,"Tumor free",,,"No","Yes","Yes","No","No","No","No","No",63.2,152.1,1,73,"Ascending Colon",0,"Yes","G4","≥66","T3","N0","M0","I–II","II",534.67,"High",60.4,"Low",533.82,"Low",920.03,"Low",134.84,"Low",7332.62,"High",2633.77,"High",1089,0,543.17,"Low",19.57,"High",35.7752956636005,73,"II",FALSE,9.06520069049316,5.94016675048282,9.0629096068913,9.8471043386498,7.08576455377831,12.8403097977367,11.363461313188,9.0879136130212,4.36246988875021
"93690a96-421c-4c59-85ba-fa6dd538c721","TCGA-G4-6588","2011-7-11","Colon Adenocarcinoma","No","Yes","Female",-21532,"WHITE","NOT HISPANIC OR LATINO","Yes","No",2009,"T3","N0","M0","Stage IIA","R0","No",15,0,,644,"Tumor free","≤5 ng/mL",2.8,"No","No","No","No","No","No","Yes","No",57,166,0,58,"Cecum",0,"Yes","G4","≤65","T3","N0","M0","I–II","II",577.37,"High",84.13,"Low",749.12,"High",991.99,"Low",204.81,"Low",5457.19,"Low",4226.84,"High",796,0,459.19,"Low",3.51,"Low",26.149802890933,58,"II",FALSE,9.17584891154215,6.4115957253203,9.55097759812526,9.95563537880425,7.68516927210336,12.41420690047,12.0457050645108,8.84608582369058,2.17312743348066
"5eed7e8a-c219-4497-a99f-bfc48faca4d8","TCGA-G4-6625","2011-7-14","Colon Adenocarcinoma","No","Yes","Female",-28163,"WHITE","NOT HISPANIC OR LATINO","Yes","No",2004,"T3","N0","M0","Stage IIA","R0","Yes",18,0,,2673,"With tumor",">5 ng/mL",5.5,"No","No","No","No","No","No","No","Yes",65.5,149,0,77,"Sigmoid Colon",0,"Yes","G4","≥66","T3","N0","M0","I–II","II",429.02,"High",115.19,"High",549.66,"High",1016.78,"Low",254.42,"High",4646.71,"Low",3965.08,"High",2792,0,1341.5,"Low",292.06,"High",91.7214191852825,77,"II",FALSE,8.74825995012392,6.86034209697478,9.1050180045509,9.99121003152773,7.99672768572814,12.1823043373515,11.9534980631969,10.3907063728728,8.1950522566089
"3aae5316-6a5d-4b83-9020-ad691d4edf99","TCGA-G4-6626","2011-7-1","Colon Adenocarcinoma","No","Yes","Male",-32871,"WHITE","NOT HISPANIC OR LATINO","No","No",2006,"T3","N0","M0","Stage IIA","R0","Yes",16,0,,,,,,"No","No","No","No",,"No","No","No",59,,0,90,"Ascending Colon",0,"Yes","G4","≥66","T3","N0","M0","I–II","II",168.86,"Low",172.81,"High",1253.95,"High",622.81,"Low",373.25,"High",2580.26,"Low",3560.96,"High",1422,1,1131.58,"Low",7.02,"Low",46.7148488830486,90,"II",FALSE,7.40820234485218,7.44136727845972,10.2934141698031,9.28496286982692,8.54785850605842,11.3338597503167,11.7984556000557,10.1453972435667,3.0036022366802
"19089ae0-b590-4649-9d94-a147fa506e32","TCGA-G4-6627","2011-7-14","Colon Adenocarcinoma","No","Yes","Male",-30697,"WHITE","NOT HISPANIC OR LATINO","No","No",2007,"T3","N0","M0","Stage IIA","R0","Yes",16,0,,1434,,"≤5 ng/mL",1.8,"No","No","No","No","No","No","No","Yes",80,176,1,84,"Ascending Colon",0,"Yes","G4","≥66","T3","N0","M0","I–II","II",541.14,"High",119.11,"High",343.47,"Low",1718.91,"High",310.61,"High",8358.36,"High",2163.52,"Low",2275,0,1665.51,"High",228.98,"High",74.7371879106439,84,"II",FALSE,9.08252164508927,6.90821246030054,8.42823453341302,10.7481173577576,8.2835977220155,13.0291767771871,11.0798314156663,10.7026142591202,7.84536459374695
"2c0a725a-e829-4d84-89d9-d0d47f6cfa37","TCGA-G4-6628","2011-8-2","Colon Adenocarcinoma","No","Yes","Male",-28772,"WHITE","NOT HISPANIC OR LATINO","Yes","No",2006,"T2","N0","M0","Stage I","R0","Yes",16,0,,1606,,"≤5 ng/mL",2.1,"No","No","No","No","No","No","No","Yes",91,169,0,78,"Cecum",0,"Yes","G4","≥66","T2","N0","M0","I–II","I",533.58,"High",78.36,"Low",807.63,"High",1257.88,"High",316.75,"High",5294.78,"Low",5552.24,"High",2424,0,657.13,"Low",47.26,"High",79.6320630749014,78,"I",FALSE,9.06226205346765,6.31034012061215,9.65933591805458,10.2979250525038,8.31174831500496,12.3706274748772,12.4391140323525,9.36222877651753,5.59275601044103
"490EABCA-4575-4BD6-9604-6B6E23D069CE","TCGA-NH-A50T","2013-3-8","Colon Adenocarcinoma","Yes","No","Female",-25089,"BLACK OR AFRICAN AMERICAN","NOT HISPANIC OR LATINO","No","No",2012,"T3","N0","MX","Stage IIA","R0","Yes",10,0,0,125,"Tumor free","≤5 ng/mL",1.4,"Yes","No","No","No","No",,"No","No",73.5,160.02,0,68,"Splenic Flexure",0,"Yes","NH","≥66","T3","N0",,"I–II","II",308.28,"Low",104.11,"High",918.11,"High",1273.95,"High",180.84,"Low",2363.92,"Low",4713.48,"High",553,0,1371.33,"Low",1.79,"Low",18.1668856767411,68,"II",FALSE,8.27276973243651,6.71575612134036,9.84409372480116,10.3162249543607,7.50652577904312,11.2075756658778,12.2028829372607,10.4224117283572,1.48026512205446
"9D68516E-7E5C-403E-8ACA-EA1ABE0D6014","TCGA-NH-A50U","2014-1-8","Colon Mucinous Adenocarcinoma","Yes","No","Male",-15450,"BLACK OR AFRICAN AMERICAN","NOT HISPANIC OR LATINO","No","No",2012,"T4a","N0","M1a","Stage IVA","R0","Yes",17,0,,,"With tumor",,,"No","No","No","Yes","No","No",,"Yes",88.5,172.7,0,42,"Cecum",0,"Yes","NH","≤65","T4","N0","M1","III–IV","IV",290.45,"Low",99.71,"Low",658.73,"High",1762.3,"High",286.27,"High",5028.63,"Low",298.17,"Low",334,1,2259.57,"High",0.96,"Low",10.9724047306176,42,"IV",FALSE,8.18710459141914,6.65406313264398,9.36573190006568,10.7840622339045,8.16626352789025,12.2962365580927,8.22482170249626,11.142470876988,0.970853654340484
"D3B7ADA6-5395-4212-A921-8E97C92B605D","TCGA-NH-A50V","2013-3-8","Colon Adenocarcinoma","Yes","No","Male",-25467,"BLACK OR AFRICAN AMERICAN","NOT HISPANIC OR LATINO","No","No",2012,"T3","N2a","M0","Stage IIIB","R0","Yes",35,4,0,154,"Tumor free",,,"No","No","No","No","No","No",,"No",65.9,167.6,0,69,"Cecum",0,"Yes","NH","≥66","T3","N2","M0","III–IV","III",741.62,"High",110.14,"High",203.3,"Low",1317.12,"High",331.34,"High",7618.63,"High",2055.07,"Low",588,0,1865.53,"High",48.19,"High",19.3166885676741,69,"III",FALSE,9.53648035968361,6.79623433517576,7.67454539384587,10.3642660021433,8.37651613410975,12.8955052285585,11.0056736673523,10.8661429813574,5.6202931499486
"CC22913D-2DDA-48BB-82AA-9960B73F3E44","TCGA-NH-A5IV","2013-6-13","Colon Adenocarcinoma","Yes","No","Female",-32872,"BLACK OR AFRICAN AMERICAN","NOT HISPANIC OR LATINO","No","No",2012,"T3","N0","MX","Stage IIA","R0","Yes",12,0,0,85,"Tumor free",">5 ng/mL",11.8,"No","No","No","No","No","No","Yes","No",49.5,158.5,0,90,"Transverse Colon",0,"Yes","NH","≥66","T3","N0",,"I–II","II",559.8,"High",100.25,"Low",551.94,"High",2094.55,"High",302.7,"High",2286,"Low",3728.35,"High",588,0,1415.63,"High",2.75,"Low",19.3166885676741,90,"II",FALSE,9.13134253912326,6.66177809777199,9.11097913063484,11.0331132293668,8.2465030982801,11.1592406504117,11.8647084852515,10.4682472843658,1.90689059560852
"51DCBFAC-6F04-4364-877D-0BF1BD566335","TCGA-NH-A6GA","2013-9-10","Colon Adenocarcinoma","Yes","No","Male",-21313,"BLACK OR AFRICAN AMERICAN","NOT HISPANIC OR LATINO","No","No",2013,"T4a","N2a","MX","Stage IIIC","R0","Yes",33,4,,182,"With tumor",,,"Yes","Yes","Yes","Yes","No","No",,"No",92,162.6,0,58,"Ascending Colon",0,"Yes","NH","≤65","T4","N2",,"III–IV","III",688.58,"High",245.08,"High",932.61,"High",1370.55,"High",354.39,"High",3906.25,"Low",2052.51,"Low",302,1,3187.73,"High",7.31,"Low",9.92115637319317,58,"III",FALSE,9.42957412209147,7.9429835981871,9.86667620376894,10.4215915014069,8.4732592770125,11.9319378519885,11.0038762575039,11.6387662298058,3.05484847699562
"E3B0EE77-C419-4B2B-833F-90A221415489","TCGA-NH-A6GB","2013-9-3","Colon Adenocarcinoma","Yes","No","Female",-26100,"BLACK OR AFRICAN AMERICAN","NOT HISPANIC OR LATINO","No","No",2013,"T3","N2b","MX","Stage IIIC","R0","Yes",13,7,,170,,,,"No","No","No","Yes","No","No",,"No",83,167.6,1,71,"Transverse Colon",0,"Yes","NH","≥66","T3","N2",,"III–IV","III",336.01,"Low",66.71,"Low",1594.19,"High",1049.41,"Low",196.42,"Low",2780.11,"Low",1158.74,"Low",476,0,1222.98,"Low",8.65,"Low",15.6373193166886,71,"III",FALSE,8.39664759048858,6.08129701413827,10.6395125555066,10.0367368406606,7.62512434187511,11.4414450927469,10.179585691089,10.2573642690517,3.27052894238072
"0687BEA4-911A-4EF2-9FA2-531EF6BA7910","TCGA-NH-A6GC","2013-9-3","Colon Mucinous Adenocarcinoma","Yes","No","Female",-24355,"BLACK OR AFRICAN AMERICAN","NOT HISPANIC OR LATINO","No","No",2013,"T4b","N1b","M1b","Stage IVB","R0","Yes",19,3,,40,,,,"No","No","No","Yes","No","No",,"No",107,165.1,0,66,"Descending Colon",0,"Yes","NH","≥66","T4","N1","M1","III–IV","IV",642.07,"High",116.95,"High",299.84,"Low",1052.59,"Low",283.36,"High",6015.7,"High",2317.9,"Low",389,0,1400.31,"High",0.78,"Low",12.7792378449409,66,"IV",FALSE,9.32883197733761,6.8820316083521,8.23285259178037,10.0410978422988,8.15157472976641,12.5547567086889,11.179224891358,10.4525604310018,0.831877241191673
"6454FF0C-26F8-4CC2-B77C-7E5ABDC20ACD","TCGA-NH-A8F7","2014-2-19","Colon Adenocarcinoma","Yes","No","Female",-19535,"BLACK OR AFRICAN AMERICAN","NOT HISPANIC OR LATINO","Yes, History of Synchronous/Bilateral Malignancy","No",2013,"T3","N0","MX","Stage IIA","R0","Yes",18,0,0,158,"With tumor",">5 ng/mL",100.3,"No","No","No","Yes","No","Yes","No","No",175.3,80.3,0,53,"Sigmoid Colon",0,"Yes","NH","≤65","T3","N0",,"I–II","II",849.45,"High",176.33,"High",1062.16,"High",736.56,"Low",242.1,"Low",3026.01,"Low",2324.9,"Low",543,0,2672.89,"High",0.47,"Low",17.838370565046,53,"II",FALSE,9.73208260864694,7.47029281619732,10.054143015902,9.52661660616232,7.92540608314137,11.5636777259083,11.1835733554176,11.3847244009091,0.55581615506164
"1E0789D6-7EFB-4807-8D36-CD9224675A0C","TCGA-NH-A8F8","2014-4-15","Colon Adenocarcinoma","Yes","No","Male",-29185,"BLACK OR AFRICAN AMERICAN","NOT HISPANIC OR LATINO","No","No",2013,"T4a","N2b","M1","Stage IV","R0","Yes",22,15,,167,,">5 ng/mL",24.9,"Yes","Yes","Yes","Yes","No","No","Yes","No",74,172.7,0,79,"Ascending Colon",0,"Yes","NH","≥66","T4","N2","M1","III–IV","IV",708.03,"High",84.78,"Low",464.35,"Low",1131.39,"High",210.56,"Low",5693.99,"High",2180.8,"Low",511,1,1498.6,"High",34.81,"High",16.7871222076216,79,"IV",FALSE,9.46970286087221,6.42256941086083,8.86217239702164,10.1451551988081,7.72492307026661,12.4754775933272,11.0913031442372,10.5503620154007,5.1622906135458
"C83D38FC-E011-4F75-A100-96513611F3E9","TCGA-QG-A5YV","2013-6-20","Colon Adenocarcinoma","No","Yes","Female",-23499,"BLACK OR AFRICAN AMERICAN","NOT HISPANIC OR LATINO","No","No",2011,"T4b","N1a","MX","Stage IIIC","R0","Yes",33,1,,821,"Tumor free",">5 ng/mL",15.04,"No","No","No","No","No","No","No","No",109.226,173,0,64,"Sigmoid Colon",0,"Yes","QG","≤65","T4","N1",,"III–IV","III",402.24,"Low",97.61,"Low",742.69,"High",1547.57,"High",186.95,"Low",3049.49,"Low",2751.16,"High",1301,0,1659.75,"High",3.54,"Low",42.7398160315375,64,"III",FALSE,8.65549494602162,6.62366205202674,9.53855756290558,10.5967208832835,7.55420510515565,11.5748252859575,11.4263486298825,10.6976191990787,2.18269229751619
"9F45A227-1FD5-478C-A194-4A5C61B68CC3","TCGA-QG-A5YW","2013-6-20","Colon Mucinous Adenocarcinoma","No","Yes","Female",-20391,"BLACK OR AFRICAN AMERICAN","NOT HISPANIC OR LATINO","No","No",2011,"T3","N2b","MX","Stage IIIC","R0","Yes",15,11,,399,"Tumor free",">5 ng/mL",11.37,"Yes","No","No","No","No","No","No","No",84.37,170,0,55,"Cecum",0,"Yes","QG","≤65","T3","N2",,"III–IV","III",582.73,"High",106.24,"High",520.02,"Low",1267.3,"High",200.1,"Low",5010.48,"Low",663.01,"Low",896,0,1503.35,"High",40.34,"High",29.4349540078844,55,"III",FALSE,9.18915740522638,6.74469931420784,9.02519494298295,10.3086803214017,7.65176927141799,12.2910210105068,9.37506115851827,10.5549245461724,5.36946648365072
"300FFF5A-0F61-402D-B845-3938BA7B1294","TCGA-QG-A5YX","2013-6-20","Colon Adenocarcinoma","No","Yes","Female",-22617,"BLACK OR AFRICAN AMERICAN","NOT HISPANIC OR LATINO","No","No",2011,"T3","N0","MX","Stage IIA","R0","Yes",13,0,,526,"Tumor free","≤5 ng/mL",2.04,"No","Yes","No","No","No","No","No","Yes",68.49,163,1,61,"Sigmoid Colon",0,"Yes","QG","≤65","T3","N0",,"I–II","II",715.63,"High",104.75,"High",1045.01,"High",1922.26,"High",285.6,"High",3496.32,"Low",1238.13,"Low",1003,0,2116.61,"High",10.23,"Low",32.9500657030223,61,"II",FALSE,9.48508462956296,6.72451385311995,10.0306809286766,10.9093380943264,8.16289479937478,11.7720340913616,10.2751118365609,11.0482211974699,3.48928602262588
"9C45EAEC-D854-4F51-80A3-2D80D6B4AEBC","TCGA-QG-A5Z1","2013-6-20","Colon Adenocarcinoma","No","Yes","Male",-26220,"BLACK OR AFRICAN AMERICAN","NOT HISPANIC OR LATINO","No","No",2011,"T3","N1b","MX","Stage IIIB","R0","Yes",38,3,,202,"Tumor free",">5 ng/mL",5.3,,"Yes","Yes","No","No","No","No","No",91.1,,0,71,"Sigmoid Colon",0,"Yes","QG","≥66","T3","N1",,"III–IV","III",429.04,"High",220.41,"High",563.64,"High",1640.78,"High",399.76,"High",4033.65,"Low",269.54,"Low",256,1,3362.33,"High",1.35,"Low",8.40998685939553,71,"III",FALSE,8.74832704753764,7.79057657280027,9.141187525005,10.6810451022933,8.64659470958165,11.9782278119036,8.07969810558395,11.7156746234453,1.23266075679027
"84959E50-17F5-4F2B-8E0C-5EBB139D2C3A","TCGA-QG-A5Z2","2013-6-20","Colon Adenocarcinoma","No","Yes","Male",-22367,"BLACK OR AFRICAN AMERICAN","NOT HISPANIC OR LATINO","No","No",2012,"T2","N0","M0","Stage I","R0","Yes",23,0,,449,"Tumor free","≤5 ng/mL",1.52,,"No","No","No","No","No","No","Yes",97.5,183,0,61,"Cecum",0,"Yes","QG","≤65","T2","N0","M0","I–II","I",589.3,"High",104.56,"High",750.77,"High",1325.68,"High",266.37,"High",3852.25,"Low",2841.96,"High",952,0,1512.17,"High",1009.6,"High",31.2746386333771,61,"I",FALSE,9.2053045315602,6.72191944555154,9.55414753437248,10.3736047140846,8.06269378804339,11.9118600761772,11.473178085328,10.563358363677,9.98099636973059
"D5A1F43E-25A7-47F5-B63E-43714F9F732A","TCGA-QL-A97D","2014-3-20","Colon Adenocarcinoma","No","Yes","Female",-30914,"BLACK OR AFRICAN AMERICAN",,"No","No",2012,"T2","N0","MX","Stage I",,"Yes",13,0,,295,"Tumor free",,,,,,,,,,,,,,84,"Cecum",0,"Yes","QL","≥66","T2","N0",,"I–II","I",593.29,"High",113.37,"High",491.73,"Low",1213.98,"High",310.82,"High",1048.65,"Low",3049.6,"High",666,0,2204.53,"High",141.24,"High",21.8791064388962,84,"I",FALSE,9.21502329498411,6.83756486315715,8.94465350297874,10.2467168502312,8.28456965461433,10.035692634039,11.5748773082861,11.1069096690128,7.15218341905505
"5F6ED48B-3B5A-4D20-8FBF-C9AA3FEEA186","TCGA-RU-A8FL","2014-1-24","Colon Adenocarcinoma","No","Yes","Male",-18975,"BLACK OR AFRICAN AMERICAN","NOT HISPANIC OR LATINO","No","No",2011,"T3","N2a","MX","Stage IIIB","R0","Yes",21,5,,921,"With tumor",">5 ng/mL",24.6,"No",,,"Yes","No","No","No","No",125,187.96,0,51,"Cecum",0,"Yes","RU","≤65","T3","N2",,"III–IV","III",391.92,"Low",134.88,"High",860.13,"High",855.13,"Low",163.94,"Low",2014.53,"Low",2231.61,"Low",1177,0,1134.88,"Low",2.27,"Low",38.6662286465177,51,"III",FALSE,8.6180917939838,7.08618931310448,9.75008723947337,9.74168607064788,7.36579750245938,10.9769435416934,11.1245155428955,10.1495947140915,1.70929063572336
"8D0FA506-3F51-4108-8427-7DABF270BCD4","TCGA-SS-A7HO","2015-3-31","Colon Adenocarcinoma","No","Yes","Female",-16416,"BLACK OR AFRICAN AMERICAN","NOT HISPANIC OR LATINO","No","No",2010,"T4a","N0","M0","Stage IIB","R0","Yes",25,0,0,1829,"With tumor","≤5 ng/mL",0,"No","Yes","Yes","No","No","No","No","No",97.5,167,0,44,"Cecum",0,"Yes","SS","≤65","T4","N0","M0","I–II","II",345.52,"Low",160.14,"High",1009.15,"High",817.24,"Low",273.72,"High",2433.02,"Low",1191.92,"Low",1829,0,3230.25,"High",2.61,"Low",60.0854139290407,44,"II",FALSE,8.43679481217509,7.33217085041511,9.98035382336995,9.67638025546692,8.10181813422741,11.2491253071847,10.2202815804419,11.6578766600897,1.85199883711245
"81A7184E-F9F5-4E3F-9603-5F5642386C1E","TCGA-T9-A92H","2014-12-30","Colon Adenocarcinoma","Yes","No","Male",-30058,"BLACK OR AFRICAN AMERICAN","NOT HISPANIC OR LATINO","No","No",2013,"T3","N0","M0","Stage IIA","R0","Yes",13,,,0,"Tumor free",,,"No","No","No","No","No","No","No","No",63.9,180,,82,"Sigmoid Colon",0,"Yes","T9","≥66","T3","N0","M0","I–II","II",257.47,"Low",105.6,"High",748.42,"High",1329.41,"High",241.06,"Low",3738.75,"Low",2862.01,"High",362,0,2330.67,"High",7.15,"Low",11.892247043364,82,"II",FALSE,8.01385302983957,6.73606362787181,9.54963066959787,10.3776552024289,7.91922088592516,11.8687261147174,11.483316994093,11.1871479037956,3.02680005934372
"7F6898E2-A840-4AD1-80F7-783F8B766FCC","TCGA-WS-AB45","2014-7-16","Colon Mucinous Adenocarcinoma","No","Yes","Female",,"BLACK OR AFRICAN AMERICAN","NOT HISPANIC OR LATINO","No","No",2008,"T3","N0","MX","Stage IIA","RX","Yes",13,0,0,2038,"Tumor free",,,,"No","No",,,"No","Yes","No",34,152,0,52,"Cecum",0,"Yes","WS","≤65","T3","N0",,"I–II","II",1157.79,"High",220.05,"High",570.04,"High",1271.64,"High",672.63,"High",20162.32,"High",1470.37,"Low",2130,0,2245.18,"High",9.25,"Low",69.9737187910644,52,"II",FALSE,10.1784034244239,7.7882289240667,9.1574479962743,10.3136086570305,9.39581257979343,14.2994455855096,10.5229443660907,11.1332578289198,3.35755200461808
