"bcr_patient_uuid","sample_id","histologic_diagnosis","prospective_collection","retrospective_collection","gender","birth_days_to","race","history_other_malignancy","history_neoadjuvant_treatment","initial_pathologic_dx_year","ajcc_tumor_pathologic_pt","ajcc_nodes_pathologic_pn","ajcc_metastasis_pathologic_pm","ajcc_pathologic_tumor_stage","residual_tumor","lymph_nodes_examined","lymph_nodes_examined_count","lymph_nodes_examined_he_count","last_contact_days_to","tumor_status","cea_g","cea_level_pretreatment","vascular_invasion_indicator","lymphovascular_invasion_indicator","mismatch_rep_proteins_tested_by_ihc","kras_gene_analysis_indicator","braf_gene_analysis_indicator","history_other_malignancy_1","history_colon_polyps","colon_polyps_at_procurement_indicator","weight_kg_at_diagnosis","height_cm_at_diagnosis","family_history_colorectal_cancer","age_g","age_at_initial_pathologic_diagnosis","anatomic_neoplasm_subdivision","tissue_source_site","pathologic_t","pathologic_n","pathologic_m","pathologic_stage_12_34","pathologic_stage","braf_expression","braf_group","brca1_expression","brca1_group","timp1_expression","timp1_group","apc_expression","apc_group","fbxw7_expression","fbxw7_group","kras_expression","kras_group","pik3ca_expression","pik3ca_group","tp53_expression","tp53_group","days","status","rock2_expression","rock2_group","ms4a1_expression","ms4a1_group","os_months","age","stage","neoadjuvant_flag","braf_expression_log2","brca1_expression_log2","timp1_expression_log2","apc_expression_log2","fbxw7_expression_log2","kras_expression_log2","pik3ca_expression_log2","tp53_expression_log2","rock2_expression_log2","ms4a1_expression_log2"
"f9204a59-6877-4d06-a20e-fd7ab0859ed5","TCGA-AF-2687","Rectal Adenocarcinoma","Yes","No","Male",-21098,"WHITE","No","No",2009,"T3","N2","M0","Stage IIIC","R0","Yes",16,6,595,"Tumor free",">5 ng/mL",5.3,"No","Yes",,"No","No","No","No","No",68.2,163,0,"≤65",57,"Rectum","AF","T3","N2","M0","III–IV","III",128.14,"High",647.51,"High",10779.48,"High",326.1,"Low",571.31,"High",1326.52,"High",374.2,"High",3487.44,"High",1427,0,2250.32,"High",48.11,"High",46.8791064388962,57,"III",FALSE,7.01279212197263,9.34098501072691,13.39613379495,8.35358794919542,9.16065300516129,10.3745178810463,8.55151601762801,11.768366304646,11.1365554190203,5.61794491742059
"335d0351-3740-4847-9ff4-be2f078c70f7","TCGA-AF-2689","Rectal Adenocarcinoma","Yes","No","Female",-15082,"WHITE","No","No",2009,"T3","N2","M1","Stage IV","R0","Yes",32,6,482,"With tumor",">5 ng/mL",6,"No","Yes","No","Yes","No","No","No","No",55.5,163,,"≤65",41,"Rectosigmoid Junction","AF","T3","N2","M1","III–IV","IV",,,,,,,,,,,,,,,,,,,,,,,,41,"IV",FALSE,,,,,,,,,,
"368fd5c9-cd4b-4326-a47b-4d72938cfb8f","TCGA-AF-2690","Rectal Adenocarcinoma","Yes","No","Female",-28119,"WHITE","No","No",2009,"T3","N2","M0","Stage IIIC","R0","Yes",24,3,358,"Tumor free","≤5 ng/mL",4.2,"Yes","Yes",,"No","No","No","No","No",54.5,160,1,"≥66",76,"Rectum","AF","T3","N2","M0","III–IV","III",65.26,"Low",377.65,"Low",18707.86,"High",335.53,"Low",342.47,"High",930.23,"Low",312.85,"High",2360.75,"Low",524,1,1397.66,"Low",68.49,"High",17.2141918528252,76,"III",FALSE,6.05006629830629,8.56472111848461,14.1914340320644,8.39459130953463,8.42404028374873,9.8629937258496,8.29393139869572,11.2056405428566,10.4498295853143,6.11873347576784
"830fd359-abd4-4c99-89e4-2d6bb9ce5637","TCGA-AF-2691","Rectal Adenocarcinoma","Yes","No","Female",-17759,"WHITE","No","No",2009,"T1","N0","M0","Stage I","R0","Yes",17,0,323,"Tumor free","≤5 ng/mL",1.3,"No","No","No","No","No","No","No","No",52.4,167.6,0,"≤65",48,"Rectum","AF","T1","N0","M0","I–II","I",69.83,"Low",207.03,"Low",6121.75,"High",250.67,"Low",249.78,"Low",798.57,"Low",186.21,"Low",1808.39,"Low",1309,0,897.94,"Low",61.77,"High",43.0026281208936,48,"I",FALSE,6.14628863717507,7.70064778415221,12.5799640618052,7.97538944190833,7.97027848587579,9.64308053271373,7.54851368968048,10.8212876878805,9.81208101564662,5.97200330380836
"71a32fca-d48f-4ea3-8df7-69f9dda8fa91","TCGA-AF-2692",,"Yes","No","Female",-19830,"WHITE","No","No",2009,"T3","N0","M0","Stage IIA","R0","Yes",12,0,412,"With tumor",">5 ng/mL",10.6,"No","No","No","Yes","No","No","No","Yes",64.4,170,0,"≤65",54,,"AF","T3","N0","M0","I–II","II",129.52,"High",706.83,"High",4262.05,"Low",632.53,"High",377.51,"High",1325.3,"High",285.14,"High",3045.18,"High",412,0,1816.27,"High",16.06,"High",13.5348226018397,54,"II",FALSE,7.02812708231714,9.46725909866139,12.0576702609888,9.30726912773032,8.56418760559955,10.3731914247879,8.16057737834079,11.5727854784357,10.8275570678679,4.09254574154357
"2faf928d-453a-4d07-b058-b5d4e1d13845","TCGA-AF-2693",,"Yes","No","Male",-27443,"WHITE","No","No",2009,"T2","N0","MX","Stage I",,"Yes",30,0,581,"Tumor free","≤5 ng/mL",4,"No","No","No","No","No","No","No","No",107.6,180.3,0,"≥66",75,"Sigmoid Colon","AF","T2","N0",,"I–II","I",106.03,"Low",765.99,"High",5234.23,"Low",499.84,"High",241.05,"Low",13265.82,"High",280,"High",1793.36,"Low",1155,0,1976.41,"High",28.99,"High",37.9434954007884,75,"I",FALSE,6.74187142364368,9.58306395779699,12.3540372053082,8.96820597867691,7.91916128397349,13.6955349838657,8.13442632022093,10.8092536498975,10.9493963179147,4.90640961709402
"cbcb2141-b415-4410-8dd7-2a3cd3980a19","TCGA-AF-3400","Rectal Mucinous Adenocarcinoma","Yes","No","Male",-19826,"WHITE","No","No",2009,"T3","N0","M0","Stage IIA","R0","Yes",32,0,387,"Tumor free","≤5 ng/mL",2.8,"No","No","No","No","No","No","No","Yes",85.4,177.8,1,"≤65",54,"Rectosigmoid Junction","AF","T3","N0","M0","I–II","II",133.89,"High",421.36,"Low",53936.5,"High",352.45,"Low",242.19,"Low",1261.14,"High",241.2,"Low",1499.38,"Low",1049,0,611.37,"Low",12.8,"Low",34.46123521682,54,"II",FALSE,7.0756395885786,8.72232939915342,15.719001033841,8.46536233167222,7.92594009599445,10.3016562315145,7.92005505480697,10.5511122218403,9.25825979672841,3.78659636189081
"17e286b7-7793-446d-b556-1108addb5ba2","TCGA-AF-3911","Rectal Adenocarcinoma","Yes","No","Male",-17609,"WHITE","No","No",2009,"T3","N2","MX","Stage IIIC",,"Yes",18,9,537,"Tumor free","≤5 ng/mL",1.1,"No","Yes","No","No","No","No",,"Yes",94.5,180.3,0,"≤65",48,"Rectum","AF","T3","N2",,"III–IV","III",85.5,"Low",520.63,"High",3696.45,"Low",348.63,"Low",195.2,"Low",1166.2,"High",276.06,"High",2992.55,"High",1148,0,1498.93,"High",17.56,"High",37.7135348226018,48,"III",FALSE,6.43462822763672,9.02688303404966,11.8523149227938,8.44968517036357,7.61618123133188,10.1888360730305,8.11405462933039,11.5476416518294,10.5506794580437,4.21412480535285
"03a9dd9d-62ae-4acd-9272-389274858f3d","TCGA-AF-3913","Rectal Adenocarcinoma","Yes","No","Male",-21970,"BLACK OR AFRICAN AMERICAN","Yes","No",2009,"T3","N1","M1","Stage IV","R0","Yes",26,1,,"With tumor",">5 ng/mL",41.5,"No","Yes","No","Yes","No","Yes","No","Yes",95.5,180,,"≤65",60,"Rectosigmoid Junction","AF","T3","N1","M1","III–IV","IV",191.03,"High",502.96,"Low",5169.84,"Low",251.48,"Low",191.03,"Low",466.69,"Low",391.73,"High",6282.13,"High",316,1,1009.55,"Low",1.21,"Low",10.3810775295664,60,"IV",FALSE,7.58518790421211,8.97716541934962,12.3361829492247,7.98002530023873,7.58518790421211,8.86940877161124,8.61739399709431,12.6172677148838,9.98092498982107,1.14404636961671
"3f2ca278-c74a-4aa7-b029-189d9d0b510c","TCGA-AF-3914","Rectal Adenocarcinoma","Yes","No","Male",-14426,"WHITE","No","No",2010,"T3","N2a","M0","Stage IIIB","R0","Yes",55,5,265,"Tumor free","≤5 ng/mL",1.4,"Yes","Yes","No","No","No","No","No","No",64.2,172.7,0,"≤65",39,"Rectosigmoid Junction","AF","T3","N2","M0","III–IV","III",,,,,,,,,,,,,,,,,,,,,,,,39,"III",FALSE,,,,,,,,,,
"5f10f8e4-a6f9-4643-b210-390bc8fd32bd","TCGA-AF-4110",,"Yes","No","Male",-28289,"WHITE","No","No",2010,"T4a","N2b","MX","Stage IVA","R0","Yes",34,21,441,"Tumor free",">5 ng/mL",28.7,"Yes","Yes","No","No","No","No","No","Yes",92,188,0,"≥66",77,"Rectosigmoid Junction","AF","T4","N2",,"III–IV","IV",119.89,"High",288.06,"Low",6616.3,"High",378.81,"Low",258.51,"Low",1470.29,"High",175.25,"Low",760.12,"Low",912,0,1349.57,"Low",48.29,"High",29.9605781865966,77,"IV",FALSE,6.9175510998118,8.17522517287456,12.6920269713048,8.56913408041349,8.01964632247133,10.5228659230471,7.46147944728616,9.57198012018773,10.3993527012848,5.62322307589651
"5d4b9087-fa7b-47b8-9b12-adc0dd1cf17c","TCGA-AF-5654","Rectal Adenocarcinoma","Yes","No","Female",-26738,"WHITE","No","No",2010,"T2","N0","M0","Stage I","R0","Yes",24,0,257,"Tumor free",,,"No","No","Yes","No","No","No","No","No",96.6,165,0,"≥66",73,"Rectosigmoid Junction","AF","T2","N0","M0","I–II","I",70.73,"Low",373.23,"Low",4980.96,"Low",400.98,"Low",298.15,"High",1599.02,"High",144.18,"Low",2293.25,"Low",512,1,2201.85,"High",2.18,"Low",16.8199737187911,73,"I",FALSE,6.16450472565806,8.5477814060669,12.2824977229343,8.65097991352072,8.22472525276759,10.64387422335,7.18169891109611,11.1638068922794,11.1051555447377,1.66902676550963
"5bc1db25-3e25-44d7-99cb-e31f00cf1d58","TCGA-AF-6136","Rectal Adenocarcinoma","Yes","No","Female",-26490,"WHITE","No","No",2011,"T3","N1b","MX","Stage IIIB",,"Yes",52,2,232,"With tumor",">5 ng/mL",18.3,"Yes","Yes","Yes",,,"No","No","No",67.2,161.3,0,"≥66",72,"Rectosigmoid Junction","AF","T3","N1",,"III–IV","III",119.35,"High",608.67,"High",3515.08,"Low",515.7,"High",246.86,"Low",1140.08,"High",236.18,"Low",523.24,"Low",741,0,1236.81,"Low",119.35,"High",24.3429697766097,72,"III",FALSE,6.91109233158713,9.25188474689578,11.7797521805957,9.0131830735375,7.95338165580255,10.1561842257693,7.88983855076605,9.03408362661542,10.2735741669894,6.91109233158713
"ce2e0f1c-60ff-4f93-8bba-4f4d3ccac37c","TCGA-AF-6655","Rectal Adenocarcinoma","Yes","No","Male",-24417,"WHITE","No","No",2010,"T2","N1","M0","Stage IIIA","R0","Yes",29,2,194,"Tumor free","≤5 ng/mL",1.6,"No","Yes","Yes","No","No","No","Yes","No",53.2,173,0,"≥66",66,"Rectum","AF","T2","N1","M0","III–IV","III",155.63,"High",888.51,"High",5143.75,"Low",438.03,"High",295.98,"High",1119.41,"High",316.92,"High",2062.25,"Low",609,0,1285.8,"Low",1.13,"Low",20.0065703022339,66,"III",FALSE,7.29121675429436,9.79686701434452,12.3288852582783,8.77817571580517,8.21422196634833,10.1298110497366,8.31251996747495,11.0107029250374,10.3295721257654,1.09085343045111
"6221496d-40cc-4071-969f-6fbcba4f573c","TCGA-AF-6672","Rectal Adenocarcinoma","Yes","No","Male",-15965,"WHITE","No","No",2011,"T4a","N2b","MX","Stage IV",,"Yes",37,18,224,"Tumor free",">5 ng/mL",9.6,"No","Yes","No","Yes","No",,"Yes","No",93.8,172.7,0,"≤65",43,"Rectosigmoid Junction","AF","T4","N2",,"III–IV","IV",118.78,"High",457.77,"Low",5204.09,"Low",488.58,"High",380.45,"High",1839.47,"High",402.86,"High",3802.77,"High",748,0,1552.04,"High",157.44,"High",24.5729303547963,43,"IV",FALSE,6.90424322720366,8.84162724314609,12.3457073937067,8.9354008129806,8.5753501525239,10.8458585183808,8.6577114522818,11.893214299028,10.600879272828,7.30779279612989
"BD818AE4-B31A-4616-9303-B8AEE56A848F","TCGA-AF-A56K","Rectal Adenocarcinoma","No","Yes","Male",-20527,"BLACK OR AFRICAN AMERICAN","No","No",2006,"T3","N0","M0","Stage IIA","R0","Yes",44,0,2396,"Tumor free","≤5 ng/mL",0.5,"No","No",,"No","No","No","No","No",145.5,182.5,0,"≤65",56,"Sigmoid Colon","AF","T3","N0","M0","I–II","II",151.04,"High",586.11,"High",6220.02,"High",564.92,"High",448.15,"High",833.18,"Low",355.27,"High",601.89,"Low",2635,0,2378.27,"High",24.35,"High",86.5637319316689,56,"II",FALSE,7.24830712008724,9.19748701949338,12.6029354290529,9.14445431392619,8.81105352364199,9.7042149128785,8.47682719507186,9.23575098969269,11.2163032830155,4.66391384211598
"C8FD1040-82A2-4CDA-AC49-C2F82B20CBAB","TCGA-AF-A56L","Rectal Adenocarcinoma","No","Yes","Female",-17734,"BLACK OR AFRICAN AMERICAN","No","No",2008,"T3","N2","M0","Stage IIIC","RX","Yes",23,10,1760,"Tumor free","≤5 ng/mL",3.2,"No","Yes","Yes",,,"No","No","No",74.3,159,0,"≤65",48,"Sigmoid Colon","AF","T3","N2","M0","III–IV","III",103.77,"Low",604.53,"High",4065.66,"Low",475.85,"High",345.28,"High",1075.47,"Low",235.47,"Low",2540.38,"High",2007,0,1762.64,"High",16.6,"High",65.9329829172142,48,"III",FALSE,6.7110818623067,9.24205462744671,11.9896286615407,8.89739170697177,8.43579525437006,10.0720923984503,7.88551335601785,11.3113963952469,10.7843403879504,4.13750352374993
"811F3FEB-A5A9-48B1-ACDA-FBB23FCBCF16","TCGA-AF-A56N","Rectal Adenocarcinoma","Yes","No","Female",-17480,"BLACK OR AFRICAN AMERICAN","No","No",2012,"T3","N0","M0","Stage IIA","R0","Yes",33,0,138,"Tumor free",">5 ng/mL",9.5,"No","No","Yes",,,"No","No","No",78.1,165.1,0,"≤65",47,"Rectum","AF","T3","N0","M0","I–II","II",86.13,"Low",878.69,"High",7110.8,"High",558.43,"High",476.75,"High",1248.28,"High",230.08,"Low",2188.44,"Low",360,0,2133.85,"High",1.62,"Low",11.826544021025,47,"II",FALSE,6.44509763804318,9.78085140187056,12.7959990375326,9.12781381164517,8.90011206297746,10.2868811477882,7.8522485895654,11.0963461989932,11.0599189906397,1.38956681176273
"0eda7373-8335-455f-b90a-8c3540f28088","TCGA-AG-3574","Rectal Adenocarcinoma","No","Yes","Female",-32781,,"No","No",2005,"T3","N0","M0","Stage II","R0","Yes",18,0,0,"With tumor","≤5 ng/mL",4.59,"No","No","No","No","No","No","Yes","No",,,0,"≥66",89,"Rectum","AG","T3","N0","M0","I–II","II",92.61,"Low",261.8,"Low",9513.8,"High",315.23,"Low",236.87,"Low",756.9,"Low",170.97,"Low",2926.09,"High",1096,1,1395.37,"Low",8.01,"Low",36.0052562417871,89,"II",FALSE,6.54859075054854,8.03782146543497,13.2159576161965,8.30483042906552,7.89402952130916,9.56586369645423,7.42601309989885,11.5152513900116,10.4474655517383,3.17152710603881
"5daa9f6b-eeba-466f-992b-2bd29fa60e93","TCGA-AG-3575","Rectal Adenocarcinoma","No","Yes","Male",-18932,,"No","No",2006,"T3","N0","M0","Stage II","R0","Yes",31,0,365,"With tumor","≤5 ng/mL",0.83,"No","No","No","No","No","No","No",,,,0,"≤65",51,"Rectum","AG","T3","N0","M0","I–II","II",113.98,"High",420.58,"Low",8549.25,"High",419.55,"High",194.55,"Low",2236.31,"High",351.76,"High",1007.12,"Low",365,0,449.03,"Low",18.67,"High",11.9908015768725,51,"II",FALSE,6.84523912563878,8.7196626160828,13.0617508881094,8.71613352524624,7.61139372584558,11.127549453655,8.46254317053042,9.97745166268718,8.81387736768058,4.29792505250381
"04178a4f-14b0-45ba-aa3e-f21638e23765","TCGA-AG-3578","Rectal Mucinous Adenocarcinoma","No","Yes","Female",-27851,,"No","No",2007,"T3","N0","M0","Stage IIA","R0","Yes",25,0,0,"With tumor","≤5 ng/mL",1.39,"No","No","No","No","No","No","Yes",,,,0,"≥66",76,"Rectum","AG","T3","N0","M0","I–II","II",135.58,"High",575.76,"High",4816.53,"Low",435.79,"High",390.01,"High",1052.93,"Low",335.42,"High",2121.7,"Low",974,0,1890.16,"High",27.29,"High",31.9973718791064,76,"II",FALSE,7.09360242879573,9.17182730268444,12.2340779352446,8.77079601692179,8.6110616944069,10.0415633337942,8.39411966541275,11.0516847750316,10.885055711113,4.82222027162153
"594a52b0-c929-4e50-ae27-7542e32667ae","TCGA-AG-3580","Rectal Adenocarcinoma","No","Yes","Male",-24775,,"Yes","No",2007,"T1","N0","M0","Stage I","R0","Yes",22,0,0,"With tumor","≤5 ng/mL",0.87,"No","No","No","No","No","No","Yes",,,,0,"≥66",67,"Rectum","AG","T1","N0","M0","I–II","I",124.49,"High",564.29,"High",2919.39,"Low",346.94,"Low",317.35,"High",714.29,"Low",196.94,"Low",2950,"High",244,0,2110.2,"High",10.2,"Low",8.01576872536137,67,"I",FALSE,6.97142859359047,9.14284736566773,11.5119453296218,8.44269473387882,8.31446995399647,9.4823844620688,7.62891937351136,11.526988205432,11.0438475404389,3.48542682717024
"3124e819-292b-48e7-baac-8c5c4a86dc20","TCGA-AG-3581","Rectal Adenocarcinoma","No","Yes","Male",-23345,,"No","No",2007,"T2","N0","M0","Stage I","R0","Yes",33,0,31,"With tumor","≤5 ng/mL",0.65,"No","No","No","No","No","No","No",,,,0,"≤65",63,"Rectum","AG","T2","N0","M0","I–II","I",100.75,"Low",168.79,"Low",7322.09,"High",321.88,"Low",227.67,"Low",764.14,"Low",205.43,"Low",2509.61,"High",215,0,1053.3,"Low",31.4,"High",7.06307490144547,63,"I",FALSE,6.66888498426625,7.40760768179143,12.8382368111804,8.33485426933163,7.83712329583833,9.57957993604589,7.68950883934462,11.2938222213699,10.042069727471,5.01792190799726
"db1e3104-8bfd-4353-854a-c478ba1f7d07","TCGA-AG-3582","Rectal Adenocarcinoma","No","Yes","Male",-27636,,"No","No",2007,"T3","N1","M1","Stage IV","R2","Yes",28,1,31,"With tumor",">5 ng/mL",612.1,"No","No","No","No","No","No","No",,,,0,"≥66",75,"Rectum","AG","T3","N1","M1","III–IV","IV",130.56,"High",768.55,"High",4507.42,"Low",498.52,"High",210.68,"Low",715.13,"Low",229.97,"Low",4179.53,"High",1096,1,1094.96,"Low",11.87,"Low",36.0052562417871,75,"IV",FALSE,7.03957710306068,9.58787125565061,12.1384062064926,8.96439863220318,7.72574115650395,9.48407769532453,7.85156166625625,12.02947014082,10.097979428896,3.68594014844598
"5af7b4eb-8314-41ce-ab2b-f98054a78a8b","TCGA-AG-3583","Rectal Mucinous Adenocarcinoma","No","Yes","Male",-24107,,"No","No",2008,"T3","N2","M1","Stage IV","R2","Yes",34,9,61,"With tumor",">5 ng/mL",90.73,"No","Yes","No","No","No","No","No",,,,0,"≥66",66,"Rectum","AG","T3","N2","M1","III–IV","IV",101.58,"Low",337.47,"Low",4854.4,"Low",220.09,"Low",221.22,"Low",742.66,"Low",148.98,"Low",5156.88,"High",610,1,1073.36,"Low",10.16,"Low",20.0394218134034,66,"IV",FALSE,6.68060566620259,8.40288415719612,12.2453744380295,7.78848996265988,7.79584485619723,9.53849936429567,7.228626318332,12.332562493342,10.0692617818857,3.48026512205446
"b2c48624-a483-4b1d-9155-c0c80ed2f7a0","TCGA-AG-3584","Rectal Adenocarcinoma","No","Yes","Male",-22189,,"No","No",2008,"T3","N2","M1","Stage IV","R2","Yes",34,20,0,"With tumor",">5 ng/mL",36.7,"Yes","Yes","No","No","No","No","No",,,,0,"≤65",60,"Rectum","AG","T3","N2","M1","III–IV","IV",139.61,"High",675.28,"High",6857.29,"High",488.11,"High",236.81,"Low",856.26,"Low",167.53,"Low",,,730,1,968.98,"Low",12.41,"Low",23.9816031537451,60,"IV",FALSE,7.13555539042546,9.40147687855334,12.7436331939978,8.93401515108287,7.89366557200327,9.74358901817595,7.39686161796992,,9.92181119047832,3.74523733212975
"a8b974f4-aabf-484d-bfa2-a286b39681e0","TCGA-AG-3586",,"No","Yes","Female",-26542,,"No","No",2006,"T3","N2","M0","Stage III","R0","Yes",19,4,31,"With tumor","≤5 ng/mL",1.86,"No","Yes","No","No","No","No","No",,,,0,"≥66",72,"Rectum","AG","T3","N2","M0","III–IV","III",93.08,"Low",402.58,"Low",2179.98,"Low",347.63,"Low",255.68,"Low",1106.81,"High",165.97,"Low",3019.9,"High",31,0,1066.44,"Low",4.49,"Low",1.01839684625493,72,"III",FALSE,6.55581615506164,8.65671087111752,11.0907608249144,8.44555291009601,8.00382707811148,10.1134947512813,7.383445102419,11.5607627123917,10.0599392639831,2.45680614923047
"c9632a8b-dcfe-4480-a8ad-482f55b8cfa2","TCGA-AG-3587","Rectal Adenocarcinoma","No","Yes","Male",-24075,,"No","No",2007,"T2","N0","M0","Stage I","R0","Yes",17,0,31,"With tumor","≤5 ng/mL",1.41,"No","No","No",,"No","No","No",,,,0,"≤65",65,"Rectum","AG","T2","N0","M0","I–II","I",166.46,"High",471.24,"Low",6150.55,"High",381.88,"Low",291.31,"High",522.64,"Low",205.63,"Low",2660.95,"High",1400,0,1105.26,"Low",7.34,"Low",45.9921156373193,65,"I",FALSE,7.3876727200125,8.88337643667284,12.5867342553686,8.58074849176377,8.19135537472995,9.03243149637315,7.6909059198207,11.378267757704,10.1114747811099,3.06004738366994
"a2b6246d-2b80-49c5-968b-694b4e8171dc","TCGA-AG-3591","Rectal Adenocarcinoma","No","Yes","Female",-24167,,"No","No",2007,"T3","N0","M0","Stage IIA","R0","Yes",16,0,0,"With tumor",">5 ng/mL",15.72,"No","No","No","No","No","No","Yes",,,,0,"≥66",66,"Rectum","AG","T3","N0","M0","I–II","II",117.27,"High",306.02,"Low",4113.56,"Low",298.82,"Low",268.99,"Low",1090.88,"High",237.62,"Low",2044.44,"Low",1035,0,1316.67,"Low",18.52,"High",34.0013140604468,66,"II",FALSE,6.88594036032474,8.26218882895647,12.006522445623,8.22795281368232,8.07676216291164,10.0925985942918,7.89857115775164,10.9981955031533,10.3637733887145,4.28688114778816
"12f1d449-4da3-460d-b4f3-9e1232440a8b","TCGA-AG-3592","Rectal Adenocarcinoma","No","Yes","Male",-25141,,"No","No",2007,"T3","N0","M0","Stage IIA","R0","Yes",32,0,0,"With tumor","≤5 ng/mL",0.96,"No","No","No","No",,"No","Yes",,,,0,"≥66",68,"Rectum","AG","T3","N0","M0","I–II","II",123.04,"High",783.4,"High",3832.75,"Low",346.04,"Low",256.65,"Low",907.08,"Low",248.32,"High",4456.26,"High",1035,0,1194.81,"Low",16.02,"High",34.0013140604468,68,"II",FALSE,6.9546616208379,9.61544572530479,11.9045405461544,8.43895814789755,8.00926878226567,9.82667559138693,7.96185480763616,12.1219414030662,10.2237724653075,4.08915913191124
"10290e91-9784-4f94-8daa-b5d9a8b0efb9","TCGA-AG-3593","Rectal Adenocarcinoma","No","Yes","Female",-26480,,"No","No",2007,"T3","N0","M0","Stage IIA","R0","Yes",38,0,0,"With tumor",">5 ng/mL",9.76,"No","No","No","No","No","No","No",,,,0,"≥66",72,"Rectum","AG","T3","N0","M0","I–II","II",121.12,"High",785.71,"High",3342.65,"Low",664.6,"High",327.12,"High",659.42,"Low",299.17,"High",2187.37,"Low",1035,0,1976.19,"High",35.2,"High",34.0013140604468,72,"II",FALSE,6.93215568443206,9.61968811182886,11.7072081243981,9.37851162325373,8.35807972334892,9.36724000091613,8.22963598614048,11.0956409679647,10.9492357995769,5.17791779219584
"ca8374a4-ce94-4091-aa9e-44339a7c4b22","TCGA-AG-3594","Rectal Mucinous Adenocarcinoma","No","Yes","Male",-28277,,"No","No",2007,"T3","N0","M0","Stage IIA","R0","Yes",25,0,0,"With tumor","≤5 ng/mL",2.99,"No","No","No","No","No","No","Yes",,,,0,"≥66",77,"Rectum","AG","T3","N0","M0","I–II","II",78.81,"Low",512.25,"High",4686.9,"Low",439.83,"High",225.77,"Low",1572.95,"High",181.04,"Low",294.99,"Low",61,1,827.48,"Low",8.52,"Low",2.00394218134034,77,"II",FALSE,6.31849761886055,9.0035179121086,12.1947260798824,8.7840785973918,7.82508598475518,10.6201739958393,7.50811168119346,8.2094046251083,9.69432306012539,3.25096157353322
"6bc056f2-f06e-428f-aebc-85b780d880ed","TCGA-AG-3598","Rectal Adenocarcinoma","No","Yes","Male",-25324,,"No","No",2007,"T3","N0","M0","Stage IIA","R0","Yes",65,0,0,"With tumor","≤5 ng/mL",4.76,"No","No","No","No","No","No","No",,,,0,"≥66",69,"Rectum","AG","T3","N0","M0","I–II","II",79.61,"Low",430.17,"Low",4618.72,"Low",89.39,"Low",209.5,"Low",726.26,"Low",175.98,"Low",2678.77,"High",1522,0,909.22,"Low",9.78,"Low",50,69,"II",FALSE,6.3328869169596,8.75211299134174,12.1735896975907,6.49809126854089,7.7176764230664,9.50632741864066,7.46744252448354,11.3878934666516,9.8300714763487,3.43028527297778
"2a7903cc-345d-48f7-9fec-b4a5f09f8002","TCGA-AG-3599",,"No","Yes","Male",-25749,,"No","No",2007,"T2","N0","M0","Stage I","R0","Yes",12,0,30,"With tumor","≤5 ng/mL",3.36,"No","No","No","No","No","No","No",,,,0,"≥66",70,"Rectum","AG","T2","N0","M0","I–II","I",99.91,"Low",363.74,"Low",4200.9,"Low",281.29,"Low",305.54,"High",961.23,"Low",213.39,"Low",3729.5,"High",366,0,976.75,"Low",23.28,"High",12.023653088042,70,"I",FALSE,6.65692533979425,8.51072461439307,12.0368261127319,8.1410342126256,8.25993153134613,9.9102379696319,7.74409380412046,11.8651532929381,9.93332182073295,4.60169651648096
"17a8d208-fcf6-4480-945c-848d4234aafd","TCGA-AG-3600","Rectal Adenocarcinoma","No","Yes","Male",-22767,,"No","No",2007,"T3","N2","M0","Stage IIIC","R0","Yes",45,31,0,"With tumor",">5 ng/mL",48.85,"No","Yes","No","No","No","No","Yes",,,,0,"≤65",62,"Rectum","AG","T3","N2","M0","III–IV","III",69.74,"Low",722.28,"High",9905.64,"High",409.23,"Low",257.44,"Low",1027.69,"Low",142.56,"Low",4646.15,"High",184,0,560,"Low",,,6.04467805519054,62,"III",FALSE,6.14445431392619,9.49841044886098,13.2741801112674,8.68028918931709,8.01368556992865,10.0065925702525,7.16551001804135,12.1821304973531,9.13185696060879,
"ba902e78-752f-4248-9a59-ea08475c961b","TCGA-AG-3601","Rectal Adenocarcinoma","No","Yes","Male",-24837,,"No","No",2007,"T4","N1","M0","Stage IIIB","R2","Yes",17,2,0,"With tumor",">5 ng/mL",47.92,"No","Yes","No","No","No","No","No",,,,0,"≥66",68,"Rectum","AG","T4","N1","M0","III–IV","III",,,,,,,,,,,,,,,,,,,,,,,,68,"III",FALSE,,,,,,,,,,
"c69dec57-7a84-481b-bcfe-61a771d0a9d1","TCGA-AG-3602","Rectal Adenocarcinoma","No","Yes","Female",-24350,,"No","No",2007,"T3","N2","M0","Stage IIIC","R0","Yes",31,5,0,"With tumor",">5 ng/mL",66.9,"No","Yes","No","No","No","No","Yes",,,,0,"≥66",66,"Rectum","AG","T3","N2","M0","III–IV","III",,,,,,,,,,,,,,,,,,,,,,,,66,"III",FALSE,,,,,,,,,,
"a744d4a3-f99a-46ce-9b3f-8ee8835e67ec","TCGA-AG-3605","Rectal Adenocarcinoma","No","Yes","Female",-31078,,"No","No",2008,"T3","N1","M1","Stage IV","R2","Yes",13,3,30,"With tumor",">5 ng/mL",23.09,"Yes","Yes","No","No","No","No","No",,,,0,"≥66",85,"Rectum","AG","T3","N1","M1","III–IV","IV",115.38,"High",539.18,"High",10210.92,"High",143.92,"Low",83.13,"Low",512.41,"Low",115.38,"Low",2941.69,"High",30,0,410.67,"Low",35.98,"High",0.985545335085414,85,"IV",FALSE,6.8626993409766,9.07729641526588,13.317966520404,7.17911290067856,6.39454843916717,9.00396758621378,6.8626993409766,11.5229198530977,8.68534450744481,5.20867331962947
"c3760fb2-3b8a-4251-a189-21d56fba5017","TCGA-AG-3608","Rectal Adenocarcinoma","No","Yes","Female",-29008,,"No","No",2008,"T3","N0","M0","Stage IIA","R0","Yes",16,0,0,"With tumor",,,"No","No","No","No","No","No","Yes",,,,0,"≥66",79,"Rectum","AG","T3","N0","M0","I–II","II",99.08,"Low",656.51,"High",6125.72,"High",242.19,"Low",235.18,"Low",691.53,"Low",150.12,"Low",2372.83,"Low",485,0,1040.8,"Low",40.03,"High",15.9329829172142,79,"II",FALSE,6.6450098843911,9.3608690261427,12.5808992042257,7.92594009599445,7.88374299057045,9.43573275900697,7.23955079661364,11.2130009058514,10.0248626268633,5.35860724911781
"81dac02c-6e5f-4afe-9c90-12b5a4f26594","TCGA-AG-3609","Rectal Adenocarcinoma","No","Yes","Female",-23925,,"No","No",2008,"T3","N2","M0","Stage IIIC","R0","Yes",42,4,0,"With tumor",,,"No","Yes","No","No","No","No","No",,,,0,"≤65",65,"Rectum","AG","T3","N2","M0","III–IV","III",52.39,"Low",398.38,"Low",14478.36,"High",268.79,"Low",177.68,"Low",777.9,"Low",149.2,"Low",4176.54,"High",608,0,610.48,"Low",7.97,"Low",19.9737187910644,65,"III",FALSE,5.73849764388979,8.64161827763104,13.8217102150347,8.0756930643108,7.48123434952853,9.60529430783728,7.23074100262691,12.0284379268385,9.25616150230877,3.16510798514454
"fb632146-92c7-40d9-acc3-6dc4a2d499be","TCGA-AG-3611","Rectal Adenocarcinoma","No","Yes","Male",-26420,,"Yes","No",2009,"T3","N0","M0","Stage IIA","R0","Yes",19,0,0,"With tumor",,,"No","No","No","No","No","No","Yes",,,,0,"≥66",72,"Rectum","AG","T3","N0","M0","I–II","II",89.39,"Low",203.03,"Low",5553.03,"High",92.42,"Low",178.79,"Low",990.91,"Low",215.15,"Low",1445.45,"Low",424,0,627.27,"Low",16.67,"High",13.9290407358738,72,"II",FALSE,6.49809126854089,7.67263748740837,12.439319254533,6.54565954002547,7.49016896951686,9.95406541477793,7.75588902600854,10.4983007385907,9.29524088256836,4.14323013477689
"1543c1da-bde4-41c1-a510-56b62db8cca8","TCGA-AG-3612","Rectal Adenocarcinoma","No","Yes","Female",-20242,,"Yes","No",2009,"T3","N1","M0","Stage IIIB","R0","Yes",32,1,0,"With tumor",,,"No","No","No","No","No","No","No",,,,0,"≤65",55,"Rectum","AG","T3","N1","M0","III–IV","III",106.93,"Low",534.65,"High",5937.62,"High",146.53,"Low",113.86,"Low",544.55,"Low",196.04,"Low",1767.33,"Low",608,0,744.55,"Low",25.74,"High",19.9737187910644,55,"III",FALSE,6.75395211887815,9.06514682441986,12.5359120051729,7.2048645439128,6.84373265661131,9.09156761628941,7.62234472272424,10.7881718155779,9.54216129926956,4.74092756031863
"fd798ddf-7273-49b8-b13c-d9909c8c87ff","TCGA-AG-3725","Rectal Adenocarcinoma","No","Yes","Female",-32872,,"No","No",2005,"T3","N2","M0","Stage III","R0","Yes",18,5,0,"With tumor",">5 ng/mL",6.08,"Yes","Yes","No","No","No","No","Yes",,,,0,"≥66",90,"Rectum","AG","T3","N2","M0","III–IV","III",122.89,"High",362.75,"Low",2026.6,"Low",,,224.66,"Low",1231,"High",343.75,"High",2444.26,"Low",,,1711.99,"High",19.43,"High",,90,"III",FALSE,6.95291593227631,8.50680343779565,10.9855573537021,,7.81800690198674,10.2667865406949,8.42940674151398,11.2557721571067,10.7423010140218,4.3526172989585
"21e8c2b7-3a80-4b7e-acec-6ff863f15324","TCGA-AG-3726","Rectal Adenocarcinoma","No","Yes","Female",-23345,,"No","No",2006,"T2","N0","M0","Stage I","R0","Yes",34,0,243,"With tumor","≤5 ng/mL",3.98,"No","No","No","No","No","No","No",,,,0,"≤65",63,"Rectum","AG","T2","N0","M0","I–II","I",51.72,"Low",176.31,"Low",6575.37,"High",71.7,"Low",109.32,"Low",181.02,"Low",62.3,"Low",3970.61,"High",243,0,287.98,"Low",1.18,"Low",7.98291721419185,63,"I",FALSE,5.72027846523333,7.47013009399538,12.683075754933,6.18388345903223,6.78555055173926,7.50795316940504,5.98413359454098,11.9555082462267,8.17482583855857,1.1243281350022
"e6827400-0d95-46b0-8874-6ce9e9d5011b","TCGA-AG-3727","Rectal Adenocarcinoma","No","Yes","Female",-28641,,"No","No",2006,"T3","N1","M0","Stage III","R0","Yes",25,2,30,"With tumor","≤5 ng/mL",1.1,"No","Yes","No","No","No","No","No",,,,0,"≥66",78,"Rectum","AG","T3","N1","M0","III–IV","III",56.16,"Low",218.41,"Low",6369.73,"High",88.92,"Low",113.88,"Low",117,"Low",18.72,"Low",2815.91,"High",30,0,238.69,"Low",0,"Low",0.985545335085414,78,"III",FALSE,5.83693401132109,7.77748547040023,12.6372429800696,6.4905701304462,6.84398384404833,6.88264304936184,4.30158764660319,11.4598977551453,7.90502590997848,0
"856a490c-c6da-48fe-88b5-9fde0f481365","TCGA-AG-3728","Rectal Adenocarcinoma","No","Yes","Male",-26906,,"No","No",2006,"T3","N1","M0","Stage IIIB","R0","Yes",19,3,0,"With tumor","≤5 ng/mL",1.89,"No","No","No","No","No","Yes","Yes",,,,0,"≥66",73,"Rectum","AG","T3","N1","M0","III–IV","III",65.71,"Low",162.22,"Low",9055.44,"High",71.87,"Low",125.26,"Low",131.42,"Low",94.46,"Low",6728.95,"High",912,0,266.94,"Low",30.8,"High",29.9605781865966,73,"III",FALSE,6.05983113619282,7.35067403711449,13.1447283367362,6.1872530855823,6.98025384598826,7.04897722522605,6.57682443127748,12.7163800710697,8.06576616286955,4.99095486039699
"72756208-a5ed-47d2-8c4c-19a8d39f7b9d","TCGA-AG-3731","Rectal Adenocarcinoma","No","Yes","Male",-23923,,"No","No",2004,"T3","N1","M1","Stage IV","R2","Yes",34,3,31,"With tumor",">5 ng/mL",32.08,,,"No","No","No","No","Yes",,,,0,"≤65",65,"Rectum","AG","T3","N1","M1","III–IV","IV",164.01,"High",902.99,"High",6587.4,"High",448.06,"High",411.74,"High",2722.74,"High",344.45,"High",1700.85,"Low",1126,0,2125.2,"High",158.27,"High",36.9908015768725,65,"IV",FALSE,7.36640964765943,9.82016300331098,12.6857124323945,8.81076440961717,8.68908945124838,11.4113732792701,8.43233310162664,10.7328881690463,11.0540615943425,7.31533073707016
"a83923fd-276c-4526-9922-5ef741f551fd","TCGA-AG-3732","Rectal Adenocarcinoma","No","Yes","Female",-28521,,"No","No",2005,"T2","N0","M0","Stage I","R0","Yes",12,0,0,"With tumor","≤5 ng/mL",1.21,"No","Yes",,"No","No","No","No",,,,1,"≥66",78,"Rectum","AG","T2","N0","M0","I–II","I",108.39,"Low",677.55,"High",755.56,"Low",337.87,"Low",276.19,"High",1233.56,"High",353.29,"High",415.42,"Low",1003,0,1353.29,"Low",1088.44,"High",32.9500657030223,78,"I",FALSE,6.7733370484736,9.40631131653794,9.56331069160856,8.40458811114373,8.11473140103542,10.2697812382744,8.46878693506722,8.70189555045793,10.4033209872114,10.0893710280768
"fbcd7e69-533f-4b6c-9868-162139135b58","TCGA-AG-3742","Rectal Adenocarcinoma","No","Yes","Female",-31078,,"No","No",2004,"T1","N0","M0","Stage I","R0","Yes",18,0,30,"With tumor",">5 ng/mL",13.78,,,"No","No","No","No","No",,,,0,"≥66",85,"Rectum","AG","T1","N0","M0","I–II","I",91.31,"Low",889.65,"High",3963.87,"Low",378.91,"Low",238.77,"Low",1251.95,"High",408.69,"High",1906.74,"Low",30,0,1911.62,"High",0,"Low",0.985545335085414,85,"I",FALSE,6.52841503927998,9.79871479496137,11.9530578483391,8.56951387693042,7.90550734994987,10.2911131285387,8.67838886871332,10.8976488489457,10.9013345516694,0
"fdeeff8e-1328-42a4-aca0-a03b97421f1e","TCGA-AG-3878","Rectal Adenocarcinoma","No","Yes","Male",-23527,,"No","No",2007,"T2","N0","M0","Stage I","R0","Yes",15,0,30,"With tumor","≤5 ng/mL",1.15,"No","No","No","No","No","No","Yes",,,,0,"≤65",64,"Rectum","AG","T2","N0","M0","I–II","I",67.33,"Low",184.21,"Low",14185.71,"High",101.64,"Low",96.55,"Low",287.12,"Low",72.42,"Low",3858.32,"High",30,0,233.76,"Low",15.25,"Low",0.985545335085414,64,"I",FALSE,6.09444722169991,7.5330181855701,13.7922524363889,6.68144926531496,6.60806996772166,8.17052599917685,6.19810120932482,11.9141309562357,7.87504280300259,4.02236781302845
"b6ba7313-8e91-4c39-8629-db3e96f4c556","TCGA-AG-3881",,"No","Yes","Female",-30467,,"No","No",2008,"T3","N0","M0","Stage IIA",,"Yes",30,0,0,"With tumor",">5 ng/mL",16,"Yes","Yes","No","No","No","No","No",,,,0,"≥66",83,"Rectum","AG","T3","N0","M0","I–II","II",51.32,"Low",282.65,"Low",21750,"High",51.32,"Low",86.09,"Low",450.33,"Low",99.34,"Low",930.46,"Low",579,0,129.14,"Low",3.31,"Low",19.0210249671485,83,"II",FALSE,5.70929063572336,8.14796805378356,14.4087941097925,5.70929063572336,6.44443516757309,8.81803886775511,6.64875303298957,9.86335000613358,7.0239206486187,2.10768786931437
"92c65e5a-3f07-49d9-ab69-46a0eb86ae88","TCGA-AG-3882","Rectal Adenocarcinoma","No","Yes","Female",-24198,,"No","No",2008,"T2","N0","M0","Stage I","R0","Yes",18,0,0,"With tumor","≤5 ng/mL",0.33,"Yes","Yes","No","No","No","No","No",,,,0,"≥66",66,"Rectum","AG","T2","N0","M0","I–II","I",40.4,"Low",183.84,"Low",11272.73,"High",38.38,"Low",107.07,"Low",214.14,"Low",68.69,"Low",5416.16,"High",608,0,319.19,"Low",50.51,"High",19.9737187910644,66,"I",FALSE,5.37155886261196,7.53013318439181,13.4606773007552,5.29939120612683,6.75582227937822,7.74913197319041,6.12287974975524,12.4033209872114,8.32278444086533,5.68678063494857
"b6e6e715-ccc5-474f-860a-a10bf1962936","TCGA-AG-3883","Rectal Adenocarcinoma","No","Yes","Male",-25415,,"No","No",2008,"T2","N0","M0","Stage I","R0","Yes",15,0,31,"With tumor","≤5 ng/mL",2.39,"Yes","Yes","No","No","No","No","No",,,,0,"≥66",69,"Rectum","AG","T2","N0","M0","I–II","I",24.29,"Low",188.26,"Low",17530.36,"High",56.68,"Low",74.9,"Low",295.55,"Low",68.83,"Low",651.82,"Low",31,0,188.26,"Low",14.17,"Low",1.01839684625493,69,"I",FALSE,4.66049513188851,7.5642257202064,14.0976502974467,5.8499992594661,6.2460279805281,8.212131561563,6.12577506760952,9.35054144662277,7.5642257202064,3.92314918047231
"e5e4aa9f-6015-4d62-a088-69920d7f2500","TCGA-AG-3885","Rectal Adenocarcinoma","No","Yes","Female",-26145,,"No","No",2008,"T3","N1","M0","Stage IIIB","R0","Yes",19,3,0,"With tumor",,,"Yes","Yes","No","No","No","No","No",,,,0,"≥66",71,"Rectum","AG","T3","N1","M0","III–IV","III",61.87,"Low",235.79,"Low",7801,"High",130.43,"Low",75.25,"Low",334.45,"Low",61.87,"Low",4015.05,"High",546,0,337.79,"Low",5.02,"Low",17.9369250985545,71,"III",FALSE,5.97429985800373,7.88746434483348,12.9296282830246,7.03815081026938,6.25266543245025,8.38995393346472,5.97429985800373,11.9715615156796,8.40424748131814,2.58976348698498
"8c7ccdb0-7653-4a8d-86b6-de39afc40765","TCGA-AG-3887","Rectal Mucinous Adenocarcinoma","No","Yes","Male",-24960,,"No","No",2009,"T3","N0","M0","Stage IIA","R0","Yes",14,0,28,"With tumor",,,"Yes","Yes","No","No","No","No","Yes",,,,1,"≥66",68,"Rectum","AG","T3","N0","M0","I–II","II",87.56,"Low",553.3,"High",8482.23,"High",267.77,"Low",187.82,"Low",837.56,"Low",131.98,"Low",7149.75,"High",1124,0,673.86,"Low",22.84,"High",36.9250985545335,68,"II",FALSE,6.46858331700683,9.11452319739961,13.0503979619196,8.07022830383399,7.56086777424485,9.71177020386319,7.05506547256509,12.8038788502643,9.39844443526498,4.57531233068744
"e2d395f8-bf13-4fe4-8031-683b0eedd875","TCGA-AG-3890","Rectal Adenocarcinoma","No","Yes","Male",-22950,,"Yes","No",2009,"T2","N0","M0","Stage I","R0","Yes",12,0,0,"With tumor",,,"Yes","Yes","No","No","No","No","Yes",,,,1,"≤65",62,"Rectum","AG","T2","N0","M0","I–II","I",120.34,"High",426.74,"Low",4847.2,"Low",276.79,"Low",326.27,"High",825.03,"Low",155.11,"Low",803.63,"Low",518,0,905.26,"Low",127.03,"High",17.0170827858081,62,"I",FALSE,6.92291140625819,8.74059031656645,12.2432334993675,8.11785085529245,8.35433755007097,9.6900503685929,7.28641914533733,9.65218171849687,9.82378119909538,7.0003380920316
"d461e83a-7f09-4e4c-ac49-f05766a6051a","TCGA-AG-3891","Rectal Adenocarcinoma","No","Yes","Female",-24411,,"No","No",2009,"T2","N0","M0","Stage I","R0","Yes",13,0,30,"With tumor",,,,"Yes","No","No","No","No","Yes",,,,0,"≥66",66,"Rectum","AG","T2","N0","M0","I–II","I",,,,,,,,,,,,,,,,,,,,,,,,66,"I",FALSE,,,,,,,,,,
"ded3feb2-1079-4520-a7ca-f5b5fc73d7c5","TCGA-AG-3892","Rectal Adenocarcinoma","No","Yes","Female",-20880,,"No","No",2009,"T1","N0","M0","Stage I","R0","Yes",17,0,31,"With tumor",,,,,"No","No","No","No","No",,,,0,"≤65",57,"Rectum","AG","T1","N0","M0","I–II","I",104.48,"Low",326.06,"Low",4047.08,"Low",236.51,"Low",211.25,"Low",695.75,"Low",154.99,"Low",3401.85,"High",396,0,723.31,"Low",126.29,"High",13.0091984231275,57,"I",FALSE,6.72082566608984,8.3534115159017,11.9830220861723,7.89184444699386,7.72962074355304,9.44449728710381,7.28530973544667,11.7325278423636,9.50046348341204,6.99197527423717
"add567b7-29ef-4122-8a54-57d36f735e78","TCGA-AG-3893","Rectal Adenocarcinoma","No","Yes","Male",-27272,,"No","No",2009,"T3","N1","M0","Stage IIIB","R0","Yes",14,1,30,"With tumor",,,,"Yes","No","No","No","No","No",,,,0,"≥66",74,"Rectum","AG","T3","N1","M0","III–IV","III",107.33,"Low",264.19,"Low",7169.25,"High",498.45,"High",358.1,"High",1048.5,"Low",305.47,"High",2111.46,"Low",1065,0,1049.54,"Low",0,"Low",34.9868593955322,74,"III",FALSE,6.75928901589507,8.05088256393406,12.8078077058867,8.964196446646,8.4882418427773,10.0354864512922,8.2596020468245,11.0447083084957,10.0369153792794,0
"065b26fc-6827-44d5-83d8-1100c63fcda6","TCGA-AG-3894","Rectal Adenocarcinoma","No","Yes","Male",-23954,,"No","No",2009,"T3","N0","M0","Stage IIA","R0","Yes",15,0,30,"With tumor",,,"Yes","Yes","No","No","No","No","Yes",,,,0,"≤65",65,"Rectum","AG","T3","N0","M0","I–II","II",80.91,"Low",345.23,"Low",7606.83,"High",166.14,"Low",247.05,"Low",452.03,"Low",121.91,"Low",4075.82,"High",426,0,1377.67,"Low",1.08,"Low",13.9947437582129,65,"II",FALSE,6.355967689241,8.4355869259642,12.8932692936238,7.38491323074869,7.95448714700532,8.82346277960065,6.94145848842673,11.9932285449371,10.4290614577304,1.05658352836637
"9af35239-ffb9-4d4f-889e-f743da271eef","TCGA-AG-3896","Rectal Adenocarcinoma","No","Yes","Female",-31046,,"No","No",2009,"T2","N0","M0","Stage I","R0","No",12,0,31,"With tumor",,,"Yes","Yes","No","No","No","No","No",,,,0,"≥66",85,"Rectum","AG","T2","N0","M0","I–II","I",109.45,"Low",436.64,"Low",,,344.47,"Low",239.63,"Low",816.82,"Low",218.89,"Low",6352.53,"High",31,0,1014.98,"Low",19.59,"High",1.01839684625493,85,"I",FALSE,6.78724960846791,8.77360079528254,,8.43241662475761,7.91067270823694,9.67563953455145,7.7806381856072,12.6333426558359,9.98865628698396,4.36387192485753
"5a7d19f9-6be2-45ac-9ffc-11e28594eeee","TCGA-AG-3898","Rectal Adenocarcinoma","No","Yes","Male",-22492,,"No","No",2006,"T3","N0","M0","Stage IIA","R0","Yes",21,0,0,"With tumor","≤5 ng/mL",1.98,"No","No","No","No","No","No","Yes",,,,0,"≤65",61,"Rectum","AG","T3","N0","M0","I–II","II",148.72,"High",734.62,"High",8242.31,"High",406.41,"Low",342.31,"High",715.38,"Low",247.44,"Low",376.92,"Low",1461,0,1442.31,"High",3.85,"Low",47.9960578186597,61,"II",FALSE,7.22612314312524,9.52281689397886,13.0090080349008,8.67033758189333,8.42336807078178,9.48458125029292,7.95675366267198,8.56193705962243,10.4951654856899,2.27798474729977
"1586cb0a-081a-4364-9470-46f9d0f0167d","TCGA-AG-3901","Rectal Mucinous Adenocarcinoma","No","Yes","Female",-24502,,"No","No",2007,"T3","N1","M0","Stage IIIB","R0","Yes",20,2,0,"With tumor","≤5 ng/mL",0.6,"No","Yes","No","No","No","No","No",,,,0,"≥66",67,"Rectum","AG","T3","N1","M0","III–IV","III",133.81,"High",315.75,"Low",14160.46,"High",429.6,"High",239.45,"Low",1050.53,"Low",288.75,"High",3844.12,"High",761,0,1297.02,"Low",61.04,"High",25,67,"III",FALSE,7.07478370717959,8.30720080914081,13.7896823897569,8.75020450927987,7.90959311598834,10.0382742952014,8.17866485100647,11.9088129077395,10.3420968973354,5.95512678126137
"bcfe4fe9-d090-49f9-85a7-2b472e0f7453","TCGA-AG-3902","Rectal Adenocarcinoma","No","Yes","Male",-22492,,"No","No",2007,"T3","N0","M0","Stage IIA","R0","Yes",17,0,0,"With tumor",">5 ng/mL",8.14,"No","No","No","No","No","No","Yes",,,,0,"≤65",61,"Rectum","AG","T3","N0","M0","I–II","II",107.52,"Low",585.52,"High",3195.75,"Low",582.93,"High",372.43,"High",813.51,"Low",272.03,"High",2209.95,"Low",974,0,1209.26,"Low",51.82,"High",31.9973718791064,61,"II",FALSE,6.76181714250714,9.19603649395155,11.6423902080539,9.18965162274004,8.54469402283607,9.66978860106308,8.0929156701262,11.1104506840506,10.2411012994482,5.72301239639237
"ec2abe34-6566-4c2f-8d06-ade2e858b301","TCGA-AG-3906","Rectal Adenocarcinoma","No","Yes","Female",-24806,,"No","No",2008,"T2","N0","M0","Stage I","R0","Yes",26,0,0,"With tumor","≤5 ng/mL",2.4,"No","No","No","No","No","No","No",,,,0,"≥66",67,"Rectum","AG","T2","N0","M0","I–II","I",,,,,,,,,,,,,,,,,,,,,,,,67,"I",FALSE,,,,,,,,,,
"769880ae-34d9-405e-8ea7-33ba47cf2dd2","TCGA-AG-3909","Rectal Adenocarcinoma","No","Yes","Female",-25537,,"No","No",2008,"T3","N1","M0","Stage IIIB","R0","Yes",35,3,0,"With tumor",,,"No","Yes","No","No","No","No","No","No",,,2,"≥66",69,"Rectum","AG","T3","N1","M0","III–IV","III",139.52,"High",280.17,"Low",3502.44,"Low",306.94,"Low",195.32,"Low",834.87,"Low",204.25,"Low",3004.62,"High",608,0,1002.29,"Low",52.46,"High",19.9737187910644,69,"III",FALSE,7.13463167144765,8.13529886114067,11.7745564734743,8.2665054688284,7.61706334388818,9.70713477210589,7.68123841177781,11.5534469057693,9.97052296049218,5.74038793246835
"60778da8-d99e-4e51-96a2-3e900b3978d9","TCGA-AG-3999","Rectal Adenocarcinoma","No","Yes","Female",-22311,,"No","No",2008,"T3","N2","M0","Stage IIIC","R0","Yes",32,20,31,"With tumor",">5 ng/mL",9.67,"Yes","Yes","No","No","No","No","No","No",,,0,"≤65",61,"Rectum","AG","T3","N2","M0","III–IV","III",95.46,"Low",218.33,"Low",7742.07,"High",110.69,"Low",148.26,"Low",1686.72,"High",205.13,"Low",428.54,"Low",853,0,870.27,"Low",6.09,"Low",28.0223390275953,61,"III",FALSE,6.59185890498717,7.77695934739093,12.9186899693305,6.80335621179794,7.22168378101097,10.7208598592531,7.68741067864774,8.74664867530515,9.76697605819584,2.82578562746479
"d846228f-67af-4b3b-9796-dbc263c2054c","TCGA-AG-4001","Rectal Adenocarcinoma","No","Yes","Female",-27302,,"No","No",2009,"T3","N0","M0","Stage IIA","R0","Yes",29,0,31,"With tumor",,,"No","No","No","No","No","No","No",,,,0,"≥66",74,"Rectum","AG","T3","N0","M0","I–II","II",135.37,"High",452.81,"Low",8120.11,"High",405.15,"Low",207.82,"Low",794.09,"Low",248.81,"High",543.37,"Low",1096,0,983.79,"Low",8.58,"Low",36.0052562417871,74,"II",FALSE,7.09138249094364,8.82594458986354,12.9874612142955,8.66586883415518,7.70611608424485,9.63497436489456,7.96468741956946,9.08844375249503,9.94367230189801,3.26002565596146
"866de12b-e4df-4f19-b62e-e3fd85d4ec08","TCGA-AG-4005","Rectal Adenocarcinoma","No","Yes","Male",-23407,,"No","No",2007,"T3","N2","M1","Stage IV","R0","Yes",40,7,0,"With tumor",">5 ng/mL",31.52,"Yes","Yes","No","No","No","No","No",,,,0,"≤65",64,"Rectum","AG","T3","N2","M1","III–IV","IV",70.75,"Low",460.38,"Low",4764.15,"Low",322.64,"Low",200,"Low",906.6,"Low",175.47,"Low",463.21,"Low",427,0,1553.77,"High",5.66,"Low",14.0275952693824,64,"IV",FALSE,6.16490692667569,8.84981165689447,12.2183059134563,8.33824611718203,7.65105169117893,9.82591279878497,7.46327913514142,8.85863379129171,10.6024854602581,2.73552217729654
"8e00e7e7-ffaf-44f0-91a7-172671f18e08","TCGA-AG-4007","Rectal Adenocarcinoma","No","Yes","Male",-31776,,"No","No",2007,"T4","N2","M1","Stage IV","R2","Yes",34,5,31,"With tumor","≤5 ng/mL",3.65,"No","Yes","No","No","No","No","No",,,,0,"≥66",87,"Rectum","AG","T4","N2","M1","III–IV","IV",103.61,"Low",433.73,"Low",3886.75,"Low",368.67,"Low",240.96,"Low",612.05,"Low",128.92,"Low",3024.1,"High",31,0,1101.2,"Low",25.3,"High",1.01839684625493,87,"IV",FALSE,6.70887695972314,8.76397584683039,11.9247197347384,8.53009415835432,7.91862475557459,9.25986093385445,7.02147972741045,11.5627671186591,10.1061703169451,4.71699089440494
"72802851-9340-4c5f-a90b-23b7afd7577a","TCGA-AG-4008","Rectal Adenocarcinoma","No","Yes","Male",-23192,,"Yes","No",2008,"T3","N0","M0","Stage IIA","R0","Yes",15,0,31,"With tumor",,,"Yes","Yes","No","No","No","No","No",,,,0,"≤65",63,"Rectum","AG","T3","N0","M0","I–II","II",96.56,"Low",438.4,"Low",9284.13,"High",170.92,"Low",158.71,"Low",1026.64,"Low",270.81,"High",2795.78,"High",518,0,1491.68,"High",28.86,"High",17.0170827858081,63,"II",FALSE,6.60821785302146,8.77939105953591,13.1807063939657,7.42559357765306,7.3193108375191,10.0051192367656,8.08645472419136,11.4495510578212,10.5436891990327,4.90014226035982
"d63a90d4-730f-4916-af02-d06854221d7a","TCGA-AG-4009","Rectal Adenocarcinoma","No","Yes","Male",-30559,,"No","No",2009,"T2","N0","M0","Stage I","R0","Yes",16,0,30,"With tumor",,,"Yes","Yes","No","No","No","No","Yes",,,,0,"≥66",83,"Rectum","AG","T2","N0","M0","I–II","I",,,,,,,,,,,,,,,,,,,,,,,,83,"I",FALSE,,,,,,,,,,
"1388bba1-02ba-40df-93e5-c3d58b7bbae0","TCGA-AG-4015","Rectal Adenocarcinoma","No","Yes","Female",-31291,,"No","No",2009,"T3","N0","M0","Stage IIA","R0","Yes",24,0,0,"With tumor",,,"No","Yes","No","No","No","No","No",,,,0,"≥66",85,"Rectum","AG","T3","N0","M0","I–II","II",,,,,,,,,,,,,,,,,,,,,,,,85,"II",FALSE,,,,,,,,,,
"6dafce6c-b2a9-4b23-b9f8-b71e01616389","TCGA-AG-4021","Rectal Adenocarcinoma","No","Yes","Female",-31015,,"No","No",2005,"T3","N2","M1","Stage IV","R2","Yes",17,5,0,"With tumor",">5 ng/mL",3101,"Yes","Yes","No","No","Yes","No","Yes",,,,0,"≥66",84,"Rectum","AG","T3","N2","M1","III–IV","IV",144.29,"High",719.23,"High",5645.97,"High",439.94,"High",151.73,"Low",2184.83,"High",343.62,"High",2123.09,"Low",121,1,3591.67,"High",0.37,"Low",3.97503285151117,84,"IV",FALSE,7.18279159854806,9.49231388365146,12.4632612515637,8.78443854716401,7.25483966121025,11.0939654863608,8.42886262048307,11.0526291806548,11.8108407092234,0.454175893185802
"9084b672-8e65-4b7f-a256-32fd35aa8ab5","TCGA-AG-4022","Rectal Adenocarcinoma","No","Yes","Female",-21823,,"No","No",2006,"T3","N0","M0","Stage II","R0","Yes",12,0,30,"With tumor","≤5 ng/mL",1.03,"Yes","Yes","No","No","No","No","No",,,,0,"≤65",59,"Rectum","AG","T3","N0","M0","I–II","II",168.95,"High",337.02,"Low",7240.6,"High",463.07,"High",345.42,"High",1447.15,"High",291.02,"High",2564.79,"High",1400,0,2039.81,"High",160.11,"High",45.9921156373193,59,"II",FALSE,7.40896655165431,8.40096480032711,12.8220927743795,8.85819862667057,8.43637841391524,10.499995329796,8.18992337022493,11.3251873809055,10.99492615796,7.3319022338047
"cb005c69-7301-41ce-b534-c9751f1436c5","TCGA-AG-A002","Rectal Adenocarcinoma","No","Yes","Male",-13090,,"No","No",2009,"T2","N0","M0","Stage I","R0","Yes",34,0,31,"With tumor",,,,,"No","No","No","No","No",,,,0,"≤65",35,"Rectum","AG","T2","N0","M0","I–II","I",185.4,"High",563.16,"High",3332.63,"Low",830.84,"High",207.42,"Low",1119.37,"High",333.73,"High",2173.86,"Low",638,0,1456.58,"High",0,"Low",20.9592641261498,35,"I",FALSE,7.54225804976692,9.13996056954546,11.7028782729735,9.7001622501066,7.7033499151664,10.1297595428492,8.38685404737717,11.0867068195056,10.5093593532926,0
"e7503a51-6647-4cc2-80dd-645d0df4db43","TCGA-AG-A008","Rectal Mucinous Adenocarcinoma","No","Yes","Female",-18416,,"No","No",2009,"T2","N0","M0","Stage I","R0","Yes",28,0,0,"With tumor",,,"No","No","No","No","No","No","Yes",,,,0,"≤65",50,"Rectum","AG","T2","N0","M0","I–II","I",104.49,"Low",648.08,"High",4382.3,"Low",629.42,"High",227.64,"Low",945.37,"Low",247.54,"Low",4480.57,"High",424,0,1920.6,"High",0,"Low",13.9290407358738,50,"I",FALSE,6.7209624338807,9.34225249309993,12.0978017072392,9.30016949462472,7.83693401132109,9.88626053063626,7.95733424742805,12.1297885156996,10.9080923408183,0
"ff004403-8cc5-43e6-bd1c-dde4eb1e6193","TCGA-AG-A00C","Rectal Adenocarcinoma","No","Yes","Female",-18201,,"No","No",2007,"T3","N1","M0","Stage IIIB","R0","Yes",24,1,0,"With tumor","≤5 ng/mL",4.31,"No","Yes","No","No","No","No","No",,,,0,"≤65",49,"Rectum","AG","T3","N1","M0","III–IV","III",71.05,"Low",515.13,"High",5099.45,"Low",435.19,"High",420.39,"High",836.34,"Low",210.2,"Low",2170.04,"Low",183,0,1030.25,"Low",35.53,"High",6.01182654402102,49,"III",FALSE,6.17092652528738,9.01159067932588,12.3164088227518,8.7688128852101,8.71901226776101,9.70966973455023,7.72246602447109,11.0841705915778,10.0101784040205,5.19100984858729
"9f4574ec-a58a-4410-8735-c5e5bc4ca7e0","TCGA-AG-A00H","Rectal Adenocarcinoma","No","Yes","Male",-27485,,"Yes","No",2008,"T3","N0","M0","Stage IIA","R0","Yes",32,0,29,"With tumor","≤5 ng/mL",1.5,"No","No","No","No","No","No","No",,,,0,"≥66",75,"Rectum","AG","T3","N0","M0","I–II","II",75.53,"Low",481.25,"Low",6526.03,"High",642.03,"High",155.38,"Low",880.5,"Low",216.89,"Low",258.97,"Low",790,0,844.89,"Low",2.16,"Low",25.9526938239159,75,"II",FALSE,6.2579534945489,8.9136374280491,12.6722109549969,9.32874223656838,7.28891220276619,9.78381675932018,7.76745617566652,8.02220133861157,9.7243262564621,1.65992455840238
"c7e09161-60d6-4dff-a840-7cec3bb7a30a","TCGA-AG-A00Y","Rectal Adenocarcinoma","No","Yes","Male",-24837,,"No","No",2008,"T3","N0","M0","Stage IIA","R0","Yes",31,0,0,"With tumor","≤5 ng/mL",4.21,"No","No","No","No","No","Yes","Yes",,,,0,"≥66",68,"Rectum","AG","T3","N0","M0","I–II","II",115.93,"High",656.91,"High",3175.64,"Low",175.64,"Low",309.13,"High",504.68,"Low",182.67,"Low",3833.72,"High",700,0,1763.47,"High",62.06,"High",22.9960578186597,68,"II",FALSE,6.86950131039368,9.36174643112992,11.633285887259,7.46466826700344,8.27672927960079,8.98208090976374,7.52097219082549,11.9049055248782,10.7850191858938,5.97865326490861
"3be106bc-ba42-4c70-9b50-697d89db617d","TCGA-AG-A011","Rectal Adenocarcinoma","No","Yes","Male",-29463,,"No","No",2009,"T3","N0","M0","Stage IIA","R0","Yes",14,0,0,"With tumor",,,"No","No","No","No","No","No","No",,,,0,"≥66",80,"Rectum","AG","T3","N0","M0","I–II","II",66.42,"Low",519.07,"High",6065.19,"High",817.96,"High",307.5,"High",1119.31,"High",180.81,"Low",2121.77,"Low",1126,0,1011.07,"Low",52.89,"High",36.9908015768725,80,"II",FALSE,6.07510472220949,9.02256200890568,12.5665749701885,9.67764917862403,8.26912667914942,10.1296822790699,7.50628774328718,11.0517323498126,9.98309336240215,5.75194568161502
"51c37449-6a2e-4c3d-a7cc-06f901e1224f","TCGA-AG-A014","Rectal Adenocarcinoma","No","Yes","Male",-31718,,"Yes","No",2009,"T2","N0","M0","Stage I","R0","Yes",15,0,485,"With tumor",,,"No","No","No","No","No","No","No",,,,0,"≥66",86,"Rectum","AG","T2","N0","M0","I–II","I",125.29,"High",600.07,"High",5065.41,"Low",398.95,"Low",240.69,"Low",1088.03,"Low",176.94,"Low",2806.91,"High",485,0,1479.29,"High",0,"Low",15.9329829172142,86,"I",FALSE,6.98059659674202,9.23138920529041,12.3067481167524,8.64367584162262,7.91701397215061,10.0888279818345,7.47524704728784,11.4552809793378,10.5316641230684,0
"09daff79-6493-45c1-8cba-9381259e2bea","TCGA-AG-A015","Rectal Adenocarcinoma","No","Yes","Female",-23496,,"Yes","No",2009,"T1","N0","M0","Stage I","R0","Yes",18,0,0,"With tumor",,,"No","No","No","No","No","No","Yes",,,,1,"≤65",64,"Rectum","AG","T1","N0","M0","I–II","I",115.98,"High",521.89,"High",3295.86,"Low",397.63,"Low",281.66,"High",1485.21,"High",228.4,"Low",3939.64,"High",1096,0,1547.93,"High",15.38,"High",36.0052562417871,64,"I",FALSE,6.87011808396593,9.03036366942905,11.6868769094338,8.63890647803141,8.14292392761435,10.5374222663214,7.84172158112846,11.9442142417152,10.5970562312849,4.03386345186628
"9c7b5e85-5579-4d0f-a7ea-b9d081ac0037","TCGA-AG-A016","Rectal Adenocarcinoma","No","Yes","Male",-20178,,"No","No",2009,"T3","N2","M1","Stage IV","R2","Yes",19,4,31,"With tumor",,,"No","Yes","No","No","No","No","No",,,,0,"≤65",55,"Rectum","AG","T3","N2","M1","III–IV","IV",117.46,"High",742.04,"High",1342.9,"Low",332.05,"Low",282.36,"High",484.53,"Low",146.83,"Low",5684.41,"High",276,0,1021.01,"Low",0,"Low",9.06701708278581,55,"IV",FALSE,6.88825618102027,9.53729606709084,10.3922100754041,8.37959497168707,8.14649230697719,8.92341662962944,7.20779526344899,12.4730486766359,9.99719359725839,0
"a18acb1d-403a-4802-8efb-9085e006f4c5","TCGA-AG-A01J","Rectal Adenocarcinoma","No","Yes","Female",-21581,,"No","No",2009,"T3","N0","M0","Stage IIA","R0","Yes",23,0,31,"With tumor",,,"No","No","No","No","No","No","No",,,,0,"≤65",59,"Rectum","AG","T3","N0","M0","I–II","II",85.38,"Low",394.57,"Low",6411.38,"High",337.65,"Low",203.1,"Low",919.79,"Low",178.53,"Low",2213.45,"Low",31,0,1191.46,"Low",7.76,"Low",1.01839684625493,59,"II",FALSE,6.4326254114323,8.62778920613365,12.6466442073272,8.40365118553224,7.67313237214536,9.84672835531617,7.48808113262442,11.1127327076851,10.2197251577948,3.13093086982645
"848a5838-8a06-45a9-a3d6-e4ed47b824ab","TCGA-AG-A01L","Rectal Adenocarcinoma","No","Yes","Male",-21369,,"No","No",2009,"T3","N1","M0","Stage IIIB","R0","Yes",47,2,0,"With tumor",,,"No","Yes","No","No","No","No","No",,,,0,"≤65",58,"Rectum","AG","T3","N1","M0","III–IV","III",,,,,,,,,,,,,,,,,,,,,,,,58,"III",FALSE,,,,,,,,,,
,"TCGA-AG-A01N",,,,,,,,,,,,,,,,,,,,,,,,,,,,,,,,,,,,,,,,,,,,,,,,,,,,,,,,,,,,,,1.97,"Low",,,,FALSE,,,,,,,,,,1.57046293102604
"74543fa4-ce73-46e4-9c59-224e8242b4a2","TCGA-AG-A01W","Rectal Adenocarcinoma","No","Yes","Female",-24745,,"No","No",2004,"T3","N0","M0","Stage II","R0","Yes",20,0,0,"With tumor","≤5 ng/mL",2.07,"Yes","Yes","No","No","No","No","No",,,,2,"≥66",67,"Rectum","AG","T3","N0","M0","I–II","II",,,,,,,,,,,,,,,,,,,,,,,,67,"II",FALSE,,,,,,,,,,
"a91f7a8c-e0fe-403a-9ef0-f7679b2761cc","TCGA-AG-A01Y","Rectal Adenocarcinoma","No","Yes","Female",-18112,,"No","No",2004,"T3","N0","M0","Stage II","R0","Yes",17,0,0,"With tumor",">5 ng/mL",5.85,,"Yes","No","No","No","No","No",,,,0,"≤65",49,"Rectum","AG","T3","N0","M0","I–II","II",,,,,,,,,,,,,,,,,,,,,,,,49,"II",FALSE,,,,,,,,,,
"19e46a3d-18c5-4927-8501-2265e2d617b8","TCGA-AG-A020","Rectal Mucinous Adenocarcinoma","No","Yes","Female",-20851,,"No","No",2005,"T3","N1","M0","Stage III","R0","Yes",12,1,31,"With tumor","≤5 ng/mL",1.43,,"Yes","No","No","No","No","No",,,,0,"≤65",57,"Rectum","AG","T3","N1","M0","III–IV","III",214.21,"High",1028.39,"High",3367.02,"Low",554.86,"High",260.92,"Low",1230.52,"High",244.82,"Low",4768.27,"High",31,0,1559.9,"High",4.83,"Low",1.01839684625493,57,"III",FALSE,7.74960130584408,10.0075739573391,11.7176849901136,9.11857775844511,8.03298241669943,10.2662243421916,7.94145848842673,12.2195527441892,10.6081623978105,2.54349588342577
"3bc6e336-f58e-4dc4-8414-7318e55016ed","TCGA-AG-A023","Rectal Adenocarcinoma","No","Yes","Female",-22830,,"Yes","No",2005,"T4","N2","M1","Stage IV","R2","Yes",12,6,61,"With tumor","≤5 ng/mL",1.88,"Yes","Yes","No","No","No","No","No",,,,1,"≤65",62,"Rectum","AG","T4","N2","M1","III–IV","IV",86.62,"Low",653.51,"High",9230.26,"High",202.85,"Low",242.32,"Low",811.4,"Low",240.13,"Low",2348.68,"Low",1581,1,1627.19,"High",142.54,"High",51.9382391590013,62,"IV",FALSE,6.45318830954823,9.35427142448183,13.1723118633769,7.67136414660119,7.92671109909728,9.66604642940879,7.91366734365477,11.198248575985,10.6690533479416,7.16530901559716
"9d7e0672-0a9e-4dbf-a583-80f4eb086ec6","TCGA-AG-A025","Rectal Adenocarcinoma","No","Yes","Female",-22952,,"No","No",2006,"T1","N0","M0","Stage I","R0","Yes",11,0,1520,"With tumor","≤5 ng/mL",0.75,,,"No","No","No","No","No",,,,0,"≤65",62,"Rectum","AG","T1","N0","M0","I–II","I",111.03,"High",561.21,"High",2572.86,"Low",315.87,"Low",241.21,"Low",1183.06,"High",201,"Low",4549.41,"High",1520,0,2110.55,"High",6.7,"Low",49.934296977661,62,"I",FALSE,6.80774130648367,9.13496530486278,11.3297178678249,8.30774726729231,7.92011461984654,10.2095264733226,7.65821148275179,12.1517808252082,11.0440866941967,2.94485844580754
"31bd8589-378c-40e5-8b7f-3b4c81f304be","TCGA-AG-A026","Rectal Adenocarcinoma","No","Yes","Male",-24413,,"No","No",2006,"T4","N0","M0","Stage II","R1","Yes",15,0,,"With tumor",">5 ng/mL",9.65,"Yes","Yes","No","No","No","No","No",,,,0,"≥66",66,"Rectum","AG","T4","N0","M0","I–II","II",107.38,"Low",264.24,"Low",6394.02,"High",324,"Low",379.08,"High",609.71,"Low",211.95,"Low",1555.56,"Low",59,1,1417.37,"Low",0.93,"Low",1.93823915900131,66,"II",FALSE,6.7599547420113,8.05115454987851,12.6427331557089,8.34429590791582,8.57015930163612,9.25434365839177,7.73437091966298,10.604145473441,10.4700182118341,0.948600847493356
"17878cb0-a8f9-43a4-911c-0f94c2a5e3df","TCGA-AG-A02G","Rectal Adenocarcinoma","No","Yes","Male",-24259,,"No","No",2007,"T2","N1","M1","Stage IV","R2","Yes",16,3,0,"With tumor","≤5 ng/mL",2.32,"Yes","Yes","No","No","No","No","No",,,,0,"≥66",66,"Rectum","AG","T2","N1","M1","III–IV","IV",114.85,"High",344.54,"Low",3451.07,"Low",90.17,"Low",298.03,"High",543.86,"Low",190.78,"Low",4704.89,"High",1185,1,1531.91,"High",28.47,"High",38.9290407358738,66,"IV",FALSE,6.85611423397746,8.43270891764254,11.7532460039961,6.51048727046873,8.22414641894758,9.0897417714951,7.58330846484768,12.2002518826766,10.5820572808334,4.88117515534928
"8ad1c98b-5395-477e-87a8-19dff3a59c26","TCGA-AG-A02N","Rectal Adenocarcinoma","No","Yes","Male",-24687,,"No","No",2005,"T3","N0","M0","Stage II","R0","Yes",12,0,1885,"With tumor","≤5 ng/mL",2.07,,"Yes","No","No","No","No","No",,,,0,"≥66",67,"Rectum","AG","T3","N0","M0","I–II","II",124.31,"High",491.43,"Low",2625.62,"Low",462.39,"High",398.49,"High",1556.78,"High",266.05,"High",1830.88,"Low",1885,0,1530.06,"High",16.26,"High",61.9250985545335,67,"II",FALSE,6.96935773910922,8.9437748466678,11.3589917817571,8.85608310081804,8.64201557995933,10.605275785507,8.06096607400477,10.8391092853267,10.5803151057142,4.10936055940423
"a424bfe7-5518-4c80-83c8-709a34320bc7","TCGA-AG-A02X","Rectal Adenocarcinoma","No","Yes","Male",-28399,,"No","No",2007,"T2","N0","M0","Stage I","R0","Yes",15,0,1247,"With tumor",">5 ng/mL",8.14,"Yes","Yes","No","No","No","No","No",,,,0,"≥66",77,"Rectum","AG","T2","N0","M0","I–II","I",121.52,"High",557.83,"High",1051.24,"Low",279.65,"Low",158.13,"Low",855.05,"Low",199.12,"Low",263.54,"Low",1247,0,840.41,"Low",16.11,"High",40.9658344283837,77,"I",FALSE,6.93687346182423,9.12626566164857,10.0392480837029,8.13262824907458,7.31406203531928,9.74155125351024,7.64472154721798,8.04734207256218,9.71666515414323,4.09676785471469
"0bb786ee-07cf-4853-9b49-ec95cd14e282","TCGA-AG-A032","Rectal Adenocarcinoma","No","Yes","Male",-24865,,"No","No",2007,"T3","N1","M0","Stage IIIB","R0","Yes",16,2,31,"With tumor",">5 ng/mL",7.77,"Yes","Yes","No","No","No","No","No",,,,0,"≥66",68,"Rectum","AG","T3","N1","M0","III–IV","III",96.84,"Low",540.35,"High",11417.83,"High",464.82,"High",265.45,"Low",1277.13,"High",151.52,"Low",3147.82,"High",1157,0,1015.1,"Low",47.85,"High",38.0091984231275,68,"III",FALSE,6.61235249875266,9.08041783373103,13.4791272159183,8.86362877282154,8.05772102287267,10.3198188665002,7.25285462595139,11.6205955738821,9.98882667732795,5.61028665708102
"f2a8deb2-0e2c-4bbd-8fa1-99b7abb2f3aa","TCGA-AG-A036","Rectal Adenocarcinoma","No","Yes","Male",-26206,,"No","No",2002,"T3","N2","M0","Stage III","R0","Yes",30,18,31,"With tumor","≤5 ng/mL",2.2,,,"No","No","No","No","No",,,,0,"≥66",71,"Rectum","AG","T3","N2","M0","III–IV","III",145.51,"High",1059.86,"High",5221.09,"Low",360.52,"Low",383.33,"High",799.24,"Low",396.36,"High",4896.4,"High",3562,0,1772.22,"High",45.61,"High",117.017082785808,71,"III",FALSE,7.19485532853859,10.0510185633158,12.3504116066244,8.49793165189628,8.58620178434348,9.6442889333787,8.63430284166251,12.2578003190688,10.7921558244063,5.54256760776422
"835cbd02-4dbb-4273-9704-4b5d272493d7","TCGA-AH-6544","Rectal Adenocarcinoma","No","Yes","Male",-21977,"WHITE","No","No",2010,"T3","N1","M1",,,"Yes",20,3,15,"With tumor",">5 ng/mL",2497.4,,,"No","Yes","No",,"Yes",,91,177.8,0,"≤65",60,"Rectosigmoid Junction","AH","T3","N1","M1",,,84.09,"Low",923.08,"High",4473.48,"Low",571.91,"High",285.24,"High",1521.74,"High",245.1,"Low",3288.58,"High",1173,0,840.9,"Low",71.19,"High",38.5348226018397,60,,FALSE,6.41091768745521,9.85187394467062,12.1275043145224,9.1621647096438,8.16108148227718,10.5724539147788,7.9431008475708,11.6836876830308,9.71750507143713,6.17372709890289
"c7162d11-4bdc-41cd-a964-46fc416829db","TCGA-AH-6547","Rectal Adenocarcinoma","No","Yes","Female",-29030,"WHITE","No","No",2010,"T3","N0","MX",,,"Yes",21,0,44,"Tumor free",,,"No","No","No","No","No",,"Yes","Yes",,,0,"≥66",79,"Rectosigmoid Junction","AH","T3","N0",,,,119.09,"High",241.14,"Low",5073.33,"Low",842.03,"High",472.93,"High",2323.82,"High",312.5,"High",1148.62,"Low",76,1,1901.57,"High",991.63,"High",2.49671484888305,79,,FALSE,6.90797221133397,7.91969761291534,12.3090016302134,9.71944016148908,8.88853017693504,11.1829033040397,8.29232163280204,10.1669413504303,10.8937338194921,9.9551122472681
"107cb92b-6231-4e7a-af05-1f5de5981947","TCGA-AH-6549","Rectal Adenocarcinoma","No","Yes","Male",-24337,"WHITE","No","No",2010,"T3","NX","MX",,"RX","No",,,6,,"≤5 ng/mL",1.8,,,,,,,"Yes","Yes",,,0,"≥66",66,"Rectum","AH","T3",,,,,117.75,"High",834.14,"High",4231.35,"Low",665.34,"High",603.43,"High",1600.96,"High",258.48,"High",2536.9,"High",532,0,2652.09,"High",4.47,"Low",17.4770039421813,66,,FALSE,6.89178370321831,9.70587425607445,12.0472432226966,9.38011469011876,9.23943145811519,10.6456224096109,8.01947953370363,11.309419508945,11.3734579011828,2.45154083301783
"bd0ddc1e-ba3b-4719-a2fa-776f0475dd8a","TCGA-AH-6643","Rectal Adenocarcinoma","No","Yes","Male",-18273,"WHITE","No","No",2010,"T3","N2b","M0","Stage IIIC","R0","Yes",15,8,21,"Tumor free",,,"No","No","No","No","No","No","No","No",84.4,180.5,0,"≤65",50,"Rectosigmoid Junction","AH","T3","N2","M0","III–IV","III",119.41,"High",637.73,"High",9389.09,"High",651,"High",256.07,"Low",1555.86,"High",314,"High",2714.57,"High",1314,1,1267.51,"Low",0.88,"Low",43.1668856767411,50,"III",FALSE,6.911811402066,9.3190624026703,13.1969232702229,9.34872815423108,8.0060174476454,10.6044235011492,8.29920801838728,11.4070393371532,10.3089191772555,0.910732661902913
"d9121e5a-88f2-47a6-a0b1-25735c209e54","TCGA-AH-6644","Rectal Adenocarcinoma","No","Yes","Male",-26892,"WHITE","No","No",2010,"T3","NX","MX",,,"Yes",15,0,22,"Tumor free",,,"No","No",,,,,"Yes","No",,,0,"≥66",73,"Rectosigmoid Junction","AH","T3",,,,,177.9,"High",403.86,"Low",7737.65,"High",382.3,"Low",333.33,"High",1628.03,"High",364.78,"High",2104.22,"Low",838,0,1120.84,"Low",54.81,"High",27.5295663600526,73,,FALSE,7.48300957716455,8.66127930215858,12.9178661962285,8.58233018791316,8.38512900602031,10.6697974572503,8.51483238380713,11.0397552905544,10.1316512140253,5.80245174127562
"182fe81e-9c96-4824-8a8a-28f7c498020f","TCGA-AH-6897","Rectal Adenocarcinoma","No","Yes","Male",-17536,"WHITE","No","No",2010,"T2","N0","M0","Stage I","R0","Yes",14,0,140,"Tumor free","≤5 ng/mL",1.23,"No","No","No",,,"No","No","No",86.4,180.5,0,"≤65",48,"Rectosigmoid Junction","AH","T2","N0","M0","I–II","I",124.8,"High",1496.41,"High",2194.23,"Low",254.87,"Low",213.86,"Low",1294.86,"High",281.82,"High",1353.45,"Low",804,0,2587.96,"High",3.52,"Low",26.4126149802891,48,"I",FALSE,6.97498811199193,10.5482535788577,11.1001563872819,7.99926719534511,7.74725311426696,10.3396941477799,8.14374033566664,10.4034914215882,11.3381569601174,2.17632277264046
"1e89c189-7c8a-44c9-9b0f-2f625a285003","TCGA-AH-6903","Rectal Mucinous Adenocarcinoma","Yes","No","Male",-17030,"WHITE","No","No",2010,"T3","N1b","M0","Stage IIIB","R0","Yes",18,3,55,"Tumor free","≤5 ng/mL",3.51,"No","No","No","No","No","No","No","No",74.8,183,0,"≤65",46,"Rectosigmoid Junction","AH","T3","N1","M0","III–IV","III",113.07,"High",470.66,"Low",3918.18,"Low",426.53,"High",246.66,"Low",1579.91,"High",303.44,"High",3574.43,"High",592,0,1921.52,"High",14.79,"Low",19.4480946123522,46,"III",FALSE,6.8337756076758,8.88160344540464,11.9363361191852,8.73988184797834,7.95221706497334,10.6265395231683,8.25001411501037,11.803901043074,10.9087828913021,3.98093926608551
"a46be4e1-260c-4ce9-8b0f-1326d90c697f","TCGA-BM-6198","Rectal Adenocarcinoma","Yes","No","Male",-26837,"WHITE","Yes","No",2010,"T3","N1",,"Stage IIIB","R0","Yes",11,0,310,,">5 ng/mL",81.3,"No","No","No","No","No","No","No","No",119,,0,"≥66",73,"Rectum","BM","T3","N1",,"III–IV","III",84.86,"Low",406.67,"Low",7355.3,"High",439.23,"High",334.09,"High",1672.05,"High",306.87,"High",288.73,"Low",646,0,1012.94,"Low",28.82,"High",21.2220762155059,73,"III",FALSE,6.4239142676731,8.67125798411974,12.8447646006935,8.78211365253368,8.38840482300265,10.7082648464007,8.26617748242578,8.17856526551317,9.98575656790714,4.89820835250872
"3b55aa84-9fdc-4125-8d39-d8949de2a1b3","TCGA-CI-6619","Rectal Adenocarcinoma","No","Yes","Male",-15322,"WHITE","No","No",2010,"T3","N1c","M1","Stage IV",,,,,184,,">5 ng/mL",52.7,,,,,,,,,,,,"≤65",41,"Rectum","CI","T3","N1","M1","III–IV","IV",99.82,"Low",1045.46,"High",3791.07,"Low",513.64,"High",274.8,"High",1284.7,"High",227.52,"Low",2272.38,"Low",184,0,2140.63,"High",30.31,"High",6.04467805519054,41,"IV",FALSE,6.65563804923464,10.0313014515787,11.8887698806812,9.00741978357191,8.10747864662662,10.3283383340128,7.83617662480922,11.1506231383271,11.0644935381987,4.96855160336395
"156cb6c6-b5d4-4ea9-9495-fc972cf9c84a","TCGA-CI-6621","Rectal Adenocarcinoma","No","Yes","Male",-23240,"WHITE","No","No",2010,"T3","N1","MX","Stage IIIB",,"Yes",2,0,0,,,,,,,,,,,,,,,"≤65",63,"Rectum","CI","T3","N1",,"III–IV","III",92.74,"Low",914.77,"High",5998.91,"High",642.87,"High",,,1149.19,"High",327.16,"High",2278.65,"Low",419,0,2540.29,"High",3.95,"Low",13.7647831800263,63,"III",FALSE,6.5505928897043,9.83884149385569,12.5507251447953,9.3306256214568,,10.1676564844545,8.35825558670513,11.1545966257079,11.3113453029849,2.30742852519225
"bd6877a8-06b4-4b95-bed2-15c524068f21","TCGA-CI-6622","Rectal Adenocarcinoma","No","Yes","Male",-27336,"WHITE","No","No",2010,"T4","N0","M0","Stage IIB",,"Yes",24,0,212,"Tumor free",,,"Yes","Yes",,,,,,,,,,"≥66",74,"Rectum","CI","T4","N0","M0","I–II","II",103.43,"Low",438.75,"Low",3648.16,"Low",409.92,"Low",385.33,"High",1487.07,"High",236.54,"Low",1972.45,"Low",1362,0,2394.23,"High",5.93,"Low",44.7437582128778,74,"II",FALSE,6.70639240967011,8.78053976747196,11.8333486929553,8.68271373979509,8.59368990247457,10.53922667823,7.89202666297653,10.9465042517442,11.2259484808856,2.79285535236249
"acccb105-6439-4b30-a0b9-bb94c7873d4a","TCGA-CI-6623","Rectal Adenocarcinoma","No","Yes","Male",-16177,"WHITE","No","No",2011,"T1","N0","M0","Stage I",,,,,285,"Tumor free",">5 ng/mL",5.9,"No","No",,,,,,,,,,"≤65",44,"Rectum","CI","T1","N0","M0","I–II","I",112.64,"High",1413.84,"High",4227.75,"Low",473.16,"High",297.67,"High",1143.36,"High",318.15,"High",6598.16,"High",1443,0,1613.35,"High",3.18,"Low",47.4047306176084,44,"I",FALSE,6.82832692641482,10.4664231969008,12.0460155566814,8.88923015239289,8.22240852275375,10.1603252603035,8.31809083756842,12.6880666817151,10.6567376814458,2.06350294230616
"398da5c2-d9f2-4eb4-9813-21009d3ad048","TCGA-CI-6624","Rectal Adenocarcinoma","No","Yes","Female",-19419,"WHITE","No","No",2011,"T2","N0","M0","Stage I",,,,,144,,">5 ng/mL",7,"No","No",,,,,,,,,,"≤65",53,"Rectosigmoid Junction","CI","T2","N0","M0","I–II","I",121.66,"High",470.97,"Low",9092.17,"High",674.65,"High",301.38,"High",1947,"High",410.6,"High",4046.54,"High",1466,0,2387.1,"High",128.57,"High",48.1603153745072,53,"I",FALSE,6.93852104586597,8.88255134972893,13.150567609447,9.40013228535466,8.24021890983959,10.9277779620823,8.68509917200661,11.9828296227604,11.2216475343651,7.01758791215345
"a2e47568-eb43-4c89-ad7c-dfbaa2ba7e27","TCGA-CL-4957","Rectal Adenocarcinoma",,,"Female",-29081,,"No","No",2008,"T3","N1","M0",,,"Yes",14,2,425,,,,,,,,,,,,,,,"≥66",79,,"CL","T3","N1","M0",,,79.14,"Low",757.6,"High",4410.93,"Low",498.77,"High",363.01,"High",1079.59,"Low",257.37,"High",3760.41,"High",425,0,2025.59,"High",8.35,"Low",13.9618922470434,79,,FALSE,6.32445060465607,9.56719556140687,12.1071941858693,8.96512049225932,8.50783427413342,10.077603520808,8.01329475452849,11.8770578557912,10.9848385309427,3.22496636500027
"7a285463-76f4-447d-bb04-336bb5ec1009","TCGA-CL-5917","Rectal Adenocarcinoma",,,"Female",-26084,"WHITE","No","No",2006,"T3","N2","MX","Stage IIIC","RX",,,,1826,"Tumor free","≤5 ng/mL",0.6,"Yes","Yes",,"No","No","No","Yes","Yes",,,,"≥66",71,"Rectosigmoid Junction","CL","T3","N2",,"III–IV","III",182.5,"High",564.4,"High",4905.02,"Low",692.69,"High",371.46,"High",3066.63,"High",521.13,"High",4129.79,"High",2376,0,3782.7,"High",0.5,"Low",78.0551905387648,71,"III",FALSE,7.51963625284321,9.14312807294381,12.2603373998951,9.43814727710375,8.54094168675821,11.5829087683649,9.02826524370632,12.0122020033748,11.8855819902342,0.584962500721156
"f49a8e1e-d247-4c76-ac3b-ad8e5d6b8d18","TCGA-CL-5918","Rectal Adenocarcinoma",,,"Female",-32873,"WHITE","No","No",2008,"T3","N0","MX","Stage IIA","RX",,,,218,"Tumor free","≤5 ng/mL",2.2,"No","No",,"No","No","No","No","No",,,,"≥66",90,"Rectosigmoid Junction","CL","T3","N0",,"I–II","II",57.64,"Low",464.94,"Low",6561.82,"High",242.62,"Low",351.86,"High",894.2,"Low",187.18,"Low",2083.16,"Low",218,0,1300.95,"Low",0,"Low",7.16162943495401,90,"II",FALSE,5.87381319835909,8.8640003779685,12.6801001491713,7.92848876602555,8.46295208610836,9.80606622608903,7.55596949459953,11.0252503215616,10.3464583290664,0
"644571e9-b8e6-42f3-a2e4-33bad0fac661","TCGA-DC-4745","Rectal Adenocarcinoma","No","Yes","Female",-17958,"WHITE","No","No",2010,"T3","N1a","M0","Stage IIIB","R0","Yes",22,1,334,,"≤5 ng/mL",1.6,"No","No","Yes","No","No","No","Yes","No",93.8,165,1,"≤65",49,"Rectosigmoid Junction","DC","T3","N1","M0","III–IV","III",80.75,"Low",628.19,"High",3164.23,"Low",278.28,"Low",192.52,"Low",947.08,"Low",297.9,"High",296.53,"Low",639,0,1295.16,"Low",8.21,"Low",20.9921156373193,49,"III",FALSE,6.35314682549808,9.29735193130859,11.6280946209044,8.12556845177803,7.5963388642052,9.88886499017852,8.22351908679073,8.21689133271344,10.3400281023899,3.20320115631661
"bf65c2cd-8348-488f-8485-9196ba42d17e","TCGA-DC-4749","Rectal Adenocarcinoma","No","Yes","Male",-21092,"WHITE","No","No",2010,"T2","N0","M0","Stage I","R0","Yes",16,0,335,"Tumor free","≤5 ng/mL",1.3,"Yes","Yes","No","No","No","No","No","No",87.1,179,0,"≤65",57,"Rectosigmoid Junction","DC","T2","N0","M0","I–II","I",65.87,"Low",675.07,"High",3923.96,"Low",205.57,"Low",168.44,"Low",1129.09,"High",185.68,"Low",3000,"High",762,0,750.22,"Low",3.54,"Low",25.0328515111695,57,"I",FALSE,6.06328721220618,9.40102882004627,11.9384622359668,7.69048693771489,7.40463068421761,10.1422219576417,7.54442356218942,11.5512276035983,9.5530916626662,2.18269229751619
"016c9c14-4c88-49f5-a11a-dd4bc282f11e","TCGA-DC-5337","Rectal Adenocarcinoma","Yes","No","Male",-25202,"WHITE","No","No",2010,"T1","N0","M0","Stage I","R0","Yes",18,0,304,"Tumor free","≤5 ng/mL",2,"No","No","No","No","No","No","No","No",69.4,165,0,"≥66",69,"Rectosigmoid Junction","DC","T1","N0","M0","I–II","I",48.24,"Low",402.98,"Low",6251.02,"High",212.03,"Low",290.56,"High",1278.36,"High",167.16,"Low",2966.2,"High",792,0,894.12,"Low",5.61,"Low",26.0183968462549,69,"I",FALSE,5.62175885670973,8.65814006043732,12.6101066781396,7.7349128024022,8.1876489953106,10.3212065669699,7.39369076418745,11.5348864576156,9.8059372931571,2.72465027173297
"cd05d121-f107-4c8e-95a8-153a84f5134a","TCGA-DC-5869","Rectal Adenocarcinoma","Yes","No","Female",-22676,"BLACK OR AFRICAN AMERICAN","No","No",2010,"T3","N1a","M0","Stage IIIB","R0","Yes",19,1,153,"Tumor free","≤5 ng/mL",3.6,"No","No","No","No","No","No","No","No",62.4,170,0,"≤65",62,"Rectum","DC","T3","N1","M0","III–IV","III",94.55,"Low",703.81,"High",4697.06,"Low",373.85,"Low",258.08,"Low",1238.3,"High",293.29,"High",5328.51,"High",943,0,1755.43,"High",21.23,"High",30.9789750328515,62,"III",FALSE,6.57818396809009,9.46109058345425,12.1978494231186,8.5501695919205,8.01725383896894,10.2753097506899,8.20109470998195,12.3797871810487,10.7784303658252,4.47443604325227
"33e91116-8844-4861-843d-784c70b4a6fc","TCGA-DC-6154","Rectal Adenocarcinoma","Yes","No","Female",-21093,"WHITE","No","No",2010,"T4a","N2b","M1","Stage IVA","R0","Yes",39,8,273,"Tumor free",">5 ng/mL",16.3,"Yes","Yes","No","No","No","No","No","No",59.4,162,0,"≤65",57,"Rectosigmoid Junction","DC","T4","N2","M1","III–IV","IV",85.58,"Low",344.86,"Low",15392.44,"High",543.27,"High",264.4,"Low",888.13,"Low",227.35,"Low",412.99,"Low",365,0,1561.68,"High",1.7,"Low",11.9908015768725,57,"IV",FALSE,6.43596189543763,8.43404436006675,13.9100280489263,9.08817870710905,8.05202456048283,9.79625056118494,7.83510297949099,8.69345210937215,10.6098066633332,1.43295940727611
"eb75ca70-e60f-453f-820c-485390abad88","TCGA-DC-6155","Rectal Adenocarcinoma","Yes","No","Female",-11381,"WHITE","No","No",2010,"T2","N1b","M0","Stage IIIA","R0","Yes",31,3,225,"Tumor free","≤5 ng/mL",1.3,"Yes","No","Yes","No","No","No","No","No",55.3,163,1,"≤65",31,"Rectosigmoid Junction","DC","T2","N1","M0","III–IV","III",74.3,"Low",481.6,"Low",23221.19,"High",162.37,"Low",532.51,"High",372.89,"Low",50.91,"Low",217.41,"Low",425,0,203.65,"Low",16.51,"High",13.9618922470434,31,"III",FALSE,6.23457795978457,8.91468410532839,14.5032164134736,7.35199927224937,9.05937150265235,8.54647007540424,5.6979405826171,7.77089510198547,7.67701485655572,4.13010717865883
"261925e3-96e4-440c-8e95-c003d44ab2f2","TCGA-DC-6156","Rectal Adenocarcinoma","Yes","No","Male",-22706,"WHITE","No","No",2010,"T4a","N2b","M1a","Stage IVA","R0","Yes",22,7,212,,">5 ng/mL",129.7,"Yes","Yes","No","Yes","No","No","No","No",86.1,175,1,"≤65",62,"Rectosigmoid Junction","DC","T4","N2","M1","III–IV","IV",143.3,"High",445.19,"Low",9313.59,"High",617.15,"High",298.07,"High",1297.83,"High",625.75,"High",3861,"High",943,0,3249.58,"High",21.5,"High",30.9789750328515,62,"IV",FALSE,7.17292748960384,8.80151437007109,13.1852765521667,9.27181315411429,8.22433938935962,10.3429968977367,9.29174628083394,11.9151324489507,11.6664814454086,4.49185309632967
"634d542b-a72f-408b-9fef-65ef6c45f882","TCGA-DC-6157","Rectal Adenocarcinoma","No","Yes","Male",-17807,"BLACK OR AFRICAN AMERICAN","No","No",2009,"T2","N0","M0","Stage I","R0","Yes",21,0,850,"Tumor free","≤5 ng/mL",2.2,"No","No","No","No","No","No","No","No",116,185,1,"≤65",48,"Rectosigmoid Junction","DC","T2","N0","M0","I–II","I",154.42,"High",658.67,"High",1981.51,"Low",510.74,"High",301.85,"High",1208.9,"High",350.32,"High",5070.46,"High",1581,0,3082.46,"High",15.49,"High",51.9382391590013,48,"I",FALSE,7.28002835661061,9.36560068632836,10.9531124277233,8.99926719534512,8.24245960116527,10.2406720962397,8.45664189864216,12.3081854227268,11.5903344158245,4.04351949366274
"0011a67b-1ba9-4a32-a6b8-7850759a38cf","TCGA-DC-6158","Rectal Adenocarcinoma","Yes","No","Male",-25842,"WHITE","No","No",2010,"T2","N0","M0","Stage I","R0","Yes",1,0,212,"Tumor free","≤5 ng/mL",1.7,"Yes","No","No","No","No","No","No","No",71.7,160,0,"≥66",70,"Rectum","DC","T2","N0","M0","I–II","I",159.8,"High",486.66,"Low",6692.54,"High",623.31,"High",273.75,"High",1013.73,"Low",470.32,"High",2991.71,"High",334,1,2335.72,"High",12.26,"Low",10.9724047306176,70,"I",FALSE,7.32912359629157,8.92973183086228,12.7085536927941,9.28611876438679,8.10197567094923,9.98688018992542,8.88056309177008,11.5472367700359,11.1902691566465,3.72900887033786
"2bd23664-453b-4fbf-823e-6dbcde0c4a2a","TCGA-DC-6160","Rectal Adenocarcinoma","No","Yes","Male",-24990,"WHITE","No","No",2009,"T2","N0","M0","Stage I","R0","Yes",8,0,608,"Tumor free",">5 ng/mL",5.2,"Yes","No","No","No","No","No","No","Yes",100.1,175.4,0,"≥66",68,"Rectosigmoid Junction","DC","T2","N0","M0","I–II","I",135.88,"High",1191.84,"High",2798.68,"Low",665.17,"High",262.8,"Low",1967.08,"High",362.87,"High",336.54,"Low",1339,0,3372.75,"High",27.39,"High",43.988173455979,68,"I",FALSE,7.09676785471469,10.2201848267003,11.4510462229767,9.3797465755706,8.04330075436418,10.9425731502872,8.50727929993928,8.39891466788541,11.7201373563542,4.82731094394967
"3e97286f-8aa8-4b6a-b339-d7a8e30f60c2","TCGA-DC-6681","Rectal Adenocarcinoma","Yes","No","Female",-25659,"WHITE","No","No",2011,"T3","N2a","M1a","Stage IVA","R0","Yes",24,7,181,"Tumor free",">5 ng/mL",7.9,"Yes","Yes","No","Yes","Yes","No","No","No",63.1,151,0,"≥66",70,"Rectosigmoid Junction","DC","T3","N2","M1","III–IV","IV",108.96,"Low",477.53,"Low",5975.35,"High",257.36,"Low",213.03,"Low",1129.39,"High",358.43,"High",4334.61,"High",790,0,2691.99,"High",8.64,"Low",25.9526938239159,70,"IV",FALSE,6.78083500173823,8.90246556275043,12.5450489255065,8.01323891511367,7.74166921919463,10.1426048926951,8.48956701889233,12.0820192728181,11.3949931572877,3.26903314645524
"26964b56-583f-46cc-ab2e-a948bf3e5432","TCGA-DC-6682","Rectal Adenocarcinoma","Yes","No","Male",-21062,"WHITE","No","No",2011,"T3","N0","M0","Stage IIA","R0","Yes",24,0,122,"Tumor free",">5 ng/mL",13.8,"No","No","No","No","No","No","No","No",172.4,184,0,"≤65",57,"Rectosigmoid Junction","DC","T3","N0","M0","I–II","II",113.06,"High",1710.76,"High",3953.35,"Low",437.43,"High",523.05,"High",2267.29,"High",501.65,"High",3342.48,"High",762,0,1968.17,"High",9.33,"Low",25.0328515111695,57,"II",FALSE,6.83364912759498,10.7412647252553,11.9492248544943,8.77620270926483,9.03356065671058,11.1473893847375,8.97341037703826,11.7071347721059,10.9433719502794,3.36876834909033
"16a9e1c5-85c2-4930-a16c-af59114bac9a","TCGA-DC-6683","Rectal Adenocarcinoma","Yes","No","Male",-15918,"WHITE","No","No",2011,"T3","N1b","M0","Stage IIIB","R0","Yes",27,3,153,"Tumor free",">5 ng/mL",11.1,"Yes","No","Yes","No","No","No","No","No",82.6,183,0,"≤65",43,"Rectosigmoid Junction","DC","T3","N1","M0","III–IV","III",116.39,"High",788.46,"High",4742.63,"Low",785.37,"High",389.34,"High",1891.08,"High",363.59,"High",3214.62,"High",762,0,1972.45,"High",40.68,"High",25.0328515111695,43,"III",FALSE,6.87516570584723,9.62472235989625,12.2117757696762,9.61906447371568,8.60858749996316,10.8857573739542,8.51013118135402,11.6508812134094,10.9465042517442,5.38128337250378
"3f10de1e-c8ce-415e-b4e1-e50901686a2f","TCGA-DT-5265","Rectal Mucinous Adenocarcinoma","Yes","No","Male",-18669,"ASIAN","No","No",2010,"T3","N0","M0","Stage II","RX","No",,,8,"Tumor free",,,,,,,,,,,,,,"≤65",51,"Rectum","DT","T3","N0","M0","I–II","II",67.04,"Low",437.5,"Low",20965.22,"High",515.63,"High",304.44,"High",892.14,"Low",170.36,"Low",392.64,"Low",384,0,782.26,"Low",1.51,"Low",12.6149802890933,51,"II",FALSE,6.08831123588866,8.77643303244473,14.3557791609257,9.01298761099791,8.25474519762921,9.80274252578739,7.42088657497553,8.6207330183521,9.61334747359648,1.32768736417605
"9df9af6b-00b0-47af-aac7-b52dac399ba5","TCGA-DY-A0XA","Rectal Adenocarcinoma","No","Yes","Female",-21115,"WHITE","No","No",2001,"T3","N0","M0","Stage IIA",,"Yes",14,0,3635,,,,"No","No",,"Yes","Yes","No","No",,64,159,0,"≤65",57,"Rectosigmoid Junction","DY","T3","N0","M0","I–II","II",124.37,"High",797.27,"High",3918.08,"Low",487.36,"High",341.25,"High",1212.33,"High",285.14,"High",333.16,"Low",3846,0,1597.06,"High",1.01,"Low",126.34691195795,57,"II",FALSE,6.97004835426884,9.64073298356365,11.9362993075704,8.93180122841924,8.4189067312579,10.2447562709115,8.16057737834079,8.38439523838807,10.6421058606861,1.0071955014042
"205f30ff-fb10-44a8-a1c6-c538de100db5","TCGA-DY-A1DC","Rectal Adenocarcinoma","No","Yes","Female",-26436,"WHITE","No","No",2000,"T3","N0","M0","Stage IIA",,"Yes",16,0,,,,,"No","No",,"Yes","Yes","No",,,68,,,"≥66",72,"Rectosigmoid Junction","DY","T3","N0","M0","I–II","II",147.03,"High",480.71,"Low",6202.2,"High",248.52,"Low",378.23,"High",1098.55,"High",323.77,"High",2323.84,"Low",1258,1,1111.92,"Low",31.68,"High",41.3272010512484,72,"II",FALSE,7.20974577417791,8.91202106346225,12.5987969248638,7.96301164759943,8.5669292867621,10.1026974942319,8.34327456229117,11.1829157152271,10.1201341758582,5.03033607837096
"813bb368-9389-4528-9b18-387374bc912f","TCGA-DY-A1DD","Rectal Adenocarcinoma","No","Yes","Female",-28159,"WHITE","No","No",1999,"T3","N1","M0","Stage IIIB",,"Yes",16,1,1741,,,,,,,"Yes","Yes","No",,,42,156,0,"≥66",77,"Rectosigmoid Junction","DY","T3","N1","M0","III–IV","III",134.23,"High",405.18,"Low",5943.99,"High",269.45,"Low",427.22,"High",546.92,"Low",124.21,"Low",2077.49,"Low",1741,1,687.66,"Low",2,"Low",57.1944809461235,77,"III",FALSE,7.07927143052254,8.66597539393075,12.5374586678942,8.07921808726613,8.74220836809272,9.09782145517113,6.96820597867691,11.0213200915683,9.42764807200621,1.58496250072116
"5555fbdd-962f-4d79-b36c-ae3c3cc4aff4","TCGA-DY-A1DE","Rectal Adenocarcinoma","No","Yes","Female",-20504,"WHITE","No","No",2001,"T3","N0","M0","Stage IIA",,"Yes",14,0,3667,,,,"No","No",,"Yes","Yes","No","No",,70,160,0,"≤65",56,"Rectum","DY","T3","N0","M0","I–II","II",80.89,"Low",730.48,"High",4846.18,"Low",575.07,"High",242.68,"Low",1144.26,"High",256.4,"High",566.25,"Low",3932,0,1131.02,"Low",12.26,"Low",129.172141918528,56,"II",FALSE,6.35561538275796,9.51467460875875,12.2429299426328,9.17010031831192,7.92884403671257,10.1614594446692,8.00786824333334,9.14784089367234,10.1446837319184,3.72900887033786
"b1a787b6-8e94-4b1b-b063-3338c80eef78","TCGA-DY-A1DF","Rectal Adenocarcinoma","No","Yes","Female",-26763,"WHITE","No","No",2001,"T3","N2","M0","Stage IIIC",,"Yes",15,5,734,,,,,,,"Yes","Yes","No",,,75,156,0,"≥66",73,"Rectosigmoid Junction","DY","T3","N2","M0","III–IV","III",69.58,"Low",262.32,"Low",7820.2,"High",347.91,"Low",394.7,"High",621.31,"Low",150.25,"Low",1750,"Low",734,1,353.45,"Low",1.23,"Low",24.1130091984231,73,"III",FALSE,6.141187525005,8.04067329264376,12.9331742606386,8.44671113652932,8.62826325508534,9.28148961908613,7.24079133216196,10.7739633684336,8.46943831980764,1.15704371014558
"89e4905e-31bb-4125-9262-93f600aed7e5","TCGA-DY-A1DG","Rectal Adenocarcinoma","No","Yes","Male",-27396,"WHITE","No","No",2000,"T3","N1","M1","Stage IVA",,"Yes",8,2,,,,,,,,"Yes","Yes","No","No","Yes",86,175,0,"≥66",75,"Rectum","DY","T3","N1","M1","III–IV","IV",76.02,"Low",790.58,"High",6282.49,"High",94.16,"Low",564,"High",455.13,"Low",241.29,"Low",2814.12,"High",1566,1,1022.56,"Low",0.49,"Low",51.4454664914586,75,"IV",FALSE,6.26716121802226,9.62859135159759,12.6173503735804,6.57228336665041,9.14210705730255,8.83330125018721,7.92059105164972,11.4589807059782,9.99937995875309,0.575312330687437
"c2395f04-e248-4091-855d-802b1b871f29","TCGA-DY-A1H8","Rectal Adenocarcinoma","No","Yes","Female",-28459,"WHITE","No","No",2000,"T2","N1","M0","Stage IIIA",,"Yes",7,1,992,,,,,,,"Yes","No","No",,,40,160,0,"≥66",77,"Rectum","DY","T2","N1","M0","III–IV","III",50.73,"Low",421.05,"Low",14787.57,"High",332.28,"Low",705.77,"High",1048.19,"Low",127.46,"Low",3585.92,"High",992,1,472.42,"Low",6.34,"Low",32.5886990801577,77,"III",FALSE,5.69292928642903,8.72127011401286,13.8521949354584,8.38059093426592,9.46509699343084,10.0350602468828,7.00517539133194,11.8085298535175,8.88697684492062,2.87578006306849
"0b6b1937-4024-4f2c-aeca-46387277755f","TCGA-EF-5830","Rectal Adenocarcinoma","No","Yes","Male",-19802,"WHITE","No","No",2010,"T4a","N0","M0","Stage IIB","R0","No",,,15,"Tumor free",,,"No","No","No","No","No","No","No","No",93,182,1,"≤65",54,"Rectum","EF","T4","N0","M0","I–II","II",93.43,"Low",242.42,"Low",3011.11,"Low",432.32,"High",408.59,"High",1180.3,"High",178.28,"Low",2775.25,"High",106,0,1380.3,"Low",0,"Low",3.48226018396846,54,"II",FALSE,6.56117336523115,7.9273038981527,11.5565587417758,8.75928901589507,8.67803668263578,10.2061596791602,7.48607074373567,11.4389217724343,10.4318109724758,0
"4d5437b3-b6a0-4d17-a7aa-4f2b790e4532","TCGA-EF-5831","Rectal Adenocarcinoma","No","Yes","Male",-26331,"WHITE","No","No",2010,"T3","N0","M0","Stage IIA","R0","No",,,73,"Tumor free",,,,,,"No","No","No",,,60,162,,"≥66",72,"Rectum","EF","T3","N0","M0","I–II","II",130.41,"High",400.71,"Low",3732.07,"Low",572.38,"High",260.34,"Low",1496.62,"High",442.92,"High",3313.81,"High",127,0,1622.76,"High",12.33,"Low",4.17214191852825,72,"II",FALSE,7.03793125540046,8.65001056544946,11.8661468459969,9.16334777275561,8.02978414636955,10.5484558913281,8.79415589787641,11.6947104642267,10.6651226952658,3.73660487531425
"bcb21cdd-2f57-4df0-bbbe-a74fa5a654d6","TCGA-EI-6506","Rectal Adenocarcinoma","Yes","No","Female",-28587,"WHITE","No","No",2010,"T3","N0","M0","Stage IIA","R0","Yes",19,0,232,"Tumor free","≤5 ng/mL",2.8,"No","No",,"No","No",,"No","No",65,162,0,"≥66",78,"Rectosigmoid Junction","EI","T3","N0","M0","I–II","II",110.84,"High",542.65,"High",3237.37,"Low",495.68,"High",413.68,"High",1327.58,"High",311.09,"High",3783.32,"High",625,0,3619.74,"High",36.67,"High",20.5321944809461,78,"II",FALSE,6.80529245560071,9.08653433799701,11.6610521148577,8.95617284417672,8.69585465757173,10.3756693865051,8.28581832088144,11.8858183719899,11.8220688673922,5.23534412817267
"c3f0608b-d493-4c74-930a-d7998a48a659","TCGA-EI-6507","Rectal Adenocarcinoma","Yes","No","Male",-22176,"WHITE","No","No",2010,"T3","N0","M0","Stage IIA","R0","Yes",25,0,5,"Tumor free",">5 ng/mL",10.7,"No","No","No","No","No","No","No","No",54,176,0,"≤65",60,"Rectum","EI","T3","N0","M0","I–II","II",166.96,"High",820.26,"High",10649.78,"High",158.15,"Low",283.7,"High",2490.31,"High",394.27,"High",1989.43,"Low",607,0,1444.49,"High",3.08,"Low",19.9408672798949,60,"II",FALSE,7.39197388306029,9.68169522216564,13.3786714683034,7.31424334674856,8.1532986828549,11.282688835601,8.62669465215806,10.95886441988,10.4973429128473,2.02856915219677
"d8bfcc67-f5c3-42cd-9fc4-bd483f896da1","TCGA-EI-6508","Rectal Adenocarcinoma","Yes","No","Female",-17827,"WHITE","No","No",2010,"T3","N1a","M0","Stage IIIB","R0","Yes",15,1,66,"Tumor free","≤5 ng/mL",0.6,"No","Yes",,"No","No",,,"No",66,159,1,"≤65",48,"Rectosigmoid Junction","EI","T3","N1","M0","III–IV","III",183.69,"High",1054.84,"High",1492.05,"Low",803.13,"High",351.01,"High",1016.64,"Low",311,"High",272.44,"Low",636,0,3042.66,"High",9.46,"Low",20.8935611038108,48,"III",FALSE,7.5289619437996,10.0441755126392,10.5440467646317,9.65128494390815,8.4594726037097,9.99101156899317,8.28540221886225,8.09508049190141,11.5715914924818,3.38681094647222
"652e503a-1be8-445b-96d6-ff114f911e76","TCGA-EI-6509","Rectal Adenocarcinoma","Yes","No","Male",-19666,"WHITE","No","No",2010,"T3","N2b","M0","Stage IIIC","R0","Yes",10,7,250,"Tumor free","≤5 ng/mL",2.8,"No","Yes","No","No","No","No","No","No",82,178,,"≤65",53,"Rectosigmoid Junction","EI","T3","N2","M0","III–IV","III",93.54,"Low",319.12,"Low",10905.09,"High",332.87,"Low",167.81,"Low",1385.6,"High",317.29,"High",2880.79,"High",517,0,1270.98,"Low",0.46,"Low",16.9842312746386,53,"III",FALSE,6.56285295958392,8.32246900411355,13.4128463456775,8.38314265515636,7.39925655900399,10.4373359503014,8.31419802102742,11.4927494928336,10.3128602712217,0.545968369105292
"093ca3a7-f545-468a-85ed-a35c3da03628","TCGA-EI-6510","Rectal Adenocarcinoma","Yes","No","Female",-28328,"WHITE","No","No",2010,"T2","N0","MX","Stage IVA","R0","Yes",3,0,14,"Tumor free",">5 ng/mL",11.2,"No","No",,"No","No",,,"No",59,150,0,"≥66",77,"Rectosigmoid Junction","EI","T2","N0",,"III–IV","IV",131.83,"High",773.46,"High",3745.73,"Low",114.33,"Low",281.57,"High",1422.78,"High",336.18,"High",2892.49,"High",556,0,1211.18,"Low",45.65,"High",18.2654402102497,77,"IV",FALSE,7.05343720967728,9.59704691711509,11.8714163013748,6.84962402992454,8.1424644949771,10.4755105254683,8.3973751544161,11.4985949427757,10.2433882292037,5.5438051759644
"d004a083-6dc6-4db6-96d0-88a8ca3b1b93","TCGA-EI-6511","Rectal Adenocarcinoma","Yes","No","Male",-19237,"WHITE","No","No",2010,"T3","N1","M0","Stage IIIB","R0","Yes",18,4,121,"Tumor free",">5 ng/mL",14.9,"No","Yes",,"No","No",,"No","Yes",69,165,,"≤65",52,"Rectum","EI","T3","N1","M0","III–IV","III",174.41,"High",858.14,"High",7190.73,"High",463.82,"High",369.46,"High",1644.23,"High",279.73,"High",6679.73,"High",482,0,1748.29,"High",50.97,"High",15.8344283837056,52,"III",FALSE,7.45458718692548,9.74674943271979,12.8121231432546,8.86052833528148,8.53317396734769,10.6840735687226,8.1330394343824,12.7057900385348,10.7725537659628,5.69960715389318
"25b43e40-e1f9-42a0-8052-5138f381eed9","TCGA-EI-6512","Rectal Adenocarcinoma","Yes","No","Female",-23537,"WHITE","No","No",2010,"T3","N1","M0","Stage IIIB","R0","Yes",17,1,20,"Tumor free","≤5 ng/mL",1,"No","No","No","No","No","No","No","No",61,170,0,"≤65",64,"Rectosigmoid Junction","EI","T3","N1","M0","III–IV","III",86.84,"Low",778.98,"High",8951.37,"High",627.44,"High",250.98,"Low",1386.89,"High",259.66,"High",4270.52,"High",538,0,1546.68,"High",2.17,"Low",17.6741130091984,64,"III",FALSE,6.45680614923047,9.60729332109481,13.1280539485606,9.29563120039578,7.97716541934962,10.4386775134261,8.02602539854297,12.0605338220137,10.5958914937822,1.66448284036468
"a8a5553c-bfe1-4d5f-aacc-5549ded3f91f","TCGA-EI-6513","Rectal Adenocarcinoma","Yes","No","Male",-21776,"WHITE","No","No",2010,"T3","N1","M0","Stage IIIB","R0","Yes",13,2,210,"Tumor free","≤5 ng/mL",1,"No","No","No","No","No","No","No","Yes",78,175,0,"≤65",59,"Rectosigmoid Junction","EI","T3","N1","M0","III–IV","III",170.49,"High",971.58,"High",4966.91,"Low",349.55,"Low",206.31,"Low",,,348.38,"High",2799.92,"High",497,0,2325.03,"High",3.5,"Low",16.3272010512484,59,"III",FALSE,7.42198064156036,9.92567311427598,12.278423322204,8.45347642461662,7.69564589909445,,8.44865321438125,11.4516850623439,11.1836539887699,2.16992500144231
"40974ab3-e532-4d6e-9c98-ee640f3976d6","TCGA-EI-6514","Rectal Adenocarcinoma","Yes","No","Female",-21618,"WHITE","No","No",2010,"T3","N0","M0","Stage IIA","R0","Yes",8,0,216,"Tumor free",">5 ng/mL",5.5,"No","No","No","No","No",,"No","No",,,,"≤65",59,"Sigmoid Colon","EI","T3","N0","M0","I–II","II",170.04,"High",376.13,"Low",7474.95,"High",821.7,"High",253.28,"Low",1139.96,"High",417.53,"High",2392.54,"Low",496,0,2254.55,"High",5.34,"Low",16.2943495400788,59,"II",FALSE,7.41818994794577,8.55891810856436,12.8680412048697,9.68422263328295,7.9902741833186,10.1560324988889,8.70918722784309,11.2249302007342,11.1392635520772,2.66448284036468
"3aecf83e-c614-4ffa-8c82-1b5dadf6509e","TCGA-EI-6881","Rectal Adenocarcinoma","Yes","No","Male",-22057,"WHITE","No","No",2010,"T3","N1","M0","Stage IIIA","R0","Yes",18,1,188,"Tumor free",">5 ng/mL",60.3,"No","No","No","No","No",,"No","No",86,176,0,"≤65",60,"Rectosigmoid Junction","EI","T3","N1","M0","III–IV","III",116.28,"High",766.07,"High",2545.49,"Low",546.51,"High",369.7,"High",1182.28,"High",312.93,"High",335.5,"Low",499,0,2735.29,"High",16.76,"High",16.3929040735874,60,"III",FALSE,6.87381319835909,9.58321442857829,11.3142943364828,9.09674150484225,8.53410830493179,10.2085757842178,8.29429909312337,8.39446269461032,11.4180054240198,4.15055967657538
"e3a80e41-2e46-4b04-86c6-fd444d616ab5","TCGA-EI-6882","Rectal Mucinous Adenocarcinoma","Yes","No","Male",-21682,"WHITE","No","No",2011,"T3","N0","M0","Stage IIA","R0","Yes",21,0,108,"Tumor free","≤5 ng/mL",1.3,"No","No","No","No","No","No","No","No",108,178,0,"≤65",59,"Rectosigmoid Junction","EI","T3","N0","M0","I–II","II",93.2,"Low",709.55,"High",2429.39,"Low",909.66,"High",276.73,"High",2371.07,"High",369.93,"High",2462.55,"High",262,0,4017.72,"High",26.3,"High",8.60709592641262,59,"II",FALSE,6.55765515472542,9.47279236241519,11.246972123563,9.83076870607317,8.11753921321731,11.2119308692352,8.53500314432621,11.2665230374244,11.9725203473328,4.77082904603249
"468c2ecb-a21f-49a7-91f3-63d3ef266cf8","TCGA-EI-6883","Rectal Adenocarcinoma","Yes","No","Male",-23268,"WHITE","No","No",2011,"T3","N0","M0","Stage IIC","R0","Yes",16,0,121,"Tumor free","≤5 ng/mL",1.6,"No","No","No","No","No","No","No","No",73,180,0,"≤65",63,"Rectosigmoid Junction","EI","T3","N0","M0","I–II","II",82.7,"Low",,,4389.13,"Low",341.99,"Low",248.9,"Low",688.37,"Low",203.76,"Low",2403.52,"Low",350,0,1150.62,"Low",51.14,"High",11.4980289093298,63,"II",FALSE,6.38715571766298,,12.1000479459668,8.42202270447976,7.96520709119934,9.42913470665084,7.67779010121666,11.2315332107845,10.1694490339472,5.70431867776083
"b2b125c7-8993-4424-b390-048ccccc9d08","TCGA-EI-6884","Rectal Adenocarcinoma","Yes","No","Male",-25995,"WHITE","No","No",2011,"T3","N1","M0","Stage IIIA","R0","Yes",8,3,83,"Tumor free",">5 ng/mL",10.7,"No","No","No","No","No","No","No","No",73,166,0,"≥66",71,"Rectosigmoid Junction","EI","T3","N1","M0","III–IV","III",90.83,"Low",666.67,"High",3807.61,"Low",588.81,"High",293.96,"High",1369.57,"High",438.03,"High",1258.61,"Low",328,0,1565.55,"High",77.85,"High",10.7752956636005,71,"III",FALSE,6.52089364047342,9.38299140774477,11.8950488487848,9.20410647271711,8.20437551131909,10.4205602983959,8.77817571580517,10.2987614007993,10.6133751019937,6.30103884990315
"3165bf70-df19-4043-bcfc-9ae92197ef72","TCGA-EI-6885","Rectal Adenocarcinoma","Yes","No","Female",-21140,"WHITE","No","No",2011,"T3","N1b","M1","Stage IV","R0","Yes",13,2,160,"With tumor",">5 ng/mL",7868,"No","Yes","No","No","No","No","No","No",53,164,0,"≤65",57,"Rectosigmoid Junction","EI","T3","N1","M1","III–IV","IV",143.26,"High",382.55,"Low",5065.69,"Low",295.59,"Low",309.04,"High",756.02,"Low",248.04,"High",498.28,"Low",415,0,2451.36,"High",17.83,"High",13.6333771353482,57,"IV",FALSE,7.1725275187,8.58327085107544,12.3068278464722,8.21232614564677,8.27631054746415,9.56418760559955,7.96023367169445,8.96370530657948,11.2599550630757,4.2349610948395
"0cb21fb0-520f-4105-99ec-697a335115b5","TCGA-EI-6917","Rectal Adenocarcinoma","Yes","No","Male",-12113,"WHITE","No","No",2010,"T3","N1","M0","Stage IIIA","R0","Yes",14,3,237,"Tumor free","≤5 ng/mL",2.1,"No","No","No","No","No","No","No","No",80,176,,"≤65",33,"Rectum","EI","T3","N1","M0","III–IV","III",153.24,"High",1051.33,"High",7844.14,"High",638.44,"High",277.26,"High",865.49,"Low",382.54,"High",1630.95,"Low",531,0,1310.23,"Low",27.35,"High",17.4441524310118,33,"III",FALSE,7.26903314645524,10.0393714747555,12.9375834776175,9.32066518412251,8.12028972528866,9.75903928938099,8.58323323632252,10.6723811410787,10.3567050524154,4.82527683005487
"2b1783da-9ede-4590-b96a-6b0eabc8777f","TCGA-EI-7002","Rectal Adenocarcinoma","Yes","No","Male",-21192,"WHITE","No","No",2011,"T3","N2","M1","Stage IV","R0","Yes",13,7,84,"With tumor",">5 ng/mL",140,"No","Yes","No","No","No","No","No","No",93,185,0,"≤65",58,"Rectum","EI","T3","N2","M1","III–IV","IV",122.17,"High",763.09,"High",4531.75,"Low",473.82,"High",165.61,"Low",1230.23,"High",211.66,"Low",1884.14,"Low",364,0,2286.3,"High",8.91,"Low",11.957950065703,58,"IV",FALSE,6.94450709741739,9.57759876901283,12.1461708774531,8.89123689411665,7.38033118422035,10.2658845744005,7.73240488678496,10.8804559539415,11.1594298852729,3.30888505741176
"b2db7f47-540f-4bd3-81bb-d686b0225201","TCGA-EI-7004","Rectal Mucinous Adenocarcinoma","Yes","No","Female",-13566,"WHITE","No","No",2011,"T4a","N2b","M0","Stage IVA","R0","Yes",30,30,62,"Tumor free","≤5 ng/mL",3.2,"No","Yes","No","No","No",,"No","No",88,172,0,"≤65",37,"Rectosigmoid Junction","EI","T4","N2","M0","III–IV","IV",148.48,"High",484.85,"Low",10845.45,"High",773.16,"High",254.55,"Low",1418.61,"High",450.65,"High",1631.6,"Low",257,0,1535.93,"High",114.72,"High",8.44283837056505,37,"IV",FALSE,7.22380865860602,8.92436715862898,13.4049353111189,9.59648795685669,7.99746178111285,10.4712789268247,8.81906139855847,10.6729556470835,10.5858357431504,6.85449441815488
"8b4383b1-a684-41ea-bfb0-c84e6f5b287d","TCGA-F5-6464","Rectal Adenocarcinoma","Yes","No","Female",-28168,"WHITE","No","No",2011,"T4b","N2a","M0","Stage IIIC","R0","Yes",4,4,0,,,,"No","No","No","No","No","No","No","No",68,159,,"≥66",77,"Rectum","F5","T4","N2","M0","III–IV","III",151.74,"High",228.51,"Low",16016.72,"High",615.12,"High",217.15,"Low",1334.27,"High",406.14,"High",1230.69,"Low",303,1,1356.53,"Low",24.99,"High",9.95400788436268,77,"III",FALSE,7.25493411860649,7.84241320457331,13.9673811852993,9.26706755781248,7.76917666348914,10.3829157780925,8.66938115767061,10.266423479218,10.4067683651028,4.69988472869748
"d7cb062c-898d-4452-8e87-57262162bafa","TCGA-F5-6465","Rectal Adenocarcinoma","Yes","No","Female",-23432,"WHITE","No","No",2010,"T3","N0","M0","Stage IIA","R0","Yes",12,0,103,"Tumor free",,,"No","No",,,,"No",,"No",62,170,0,"≤65",64,"Rectosigmoid Junction","F5","T3","N0","M0","I–II","II",147.24,"High",393.25,"Low",4407.42,"Low",727.98,"High",341.07,"High",1440.69,"High",481.97,"High",497.25,"Low",1506,0,4459.98,"High",52.93,"High",49.4743758212878,64,"II",FALSE,7.21179097625254,8.62296694479051,12.1060459638915,9.50973542367313,8.4181477731291,10.4935452664789,8.91578976766516,8.96072599483906,12.1231449647248,5.75301612873584
"85947797-54b8-44fb-910b-5cd689542994","TCGA-F5-6571","Rectal Adenocarcinoma","Yes","No","Female",-22666,"WHITE","No","No",2011,"T3","N0","M0","Stage IIA","R0","Yes",2,0,26,"Tumor free",,,"No","No","No","No","No","No","No","No",80,166,,"≤65",62,"Rectum","F5","T3","N0","M0","I–II","II",167.4,"High",396.21,"Low",4867.75,"Low",892.78,"High",285.42,"High",1087.88,"Low",419.09,"High",451.61,"Low",1288,0,2216.3,"High",21.68,"High",42.3127463863338,62,"II",FALSE,7.39574832817903,8.63375813381121,12.2493357078364,9.80377595186763,8.16198842571976,10.0886292552972,8.71455463348509,8.82212464974637,11.1145882642636,4.5033487351675
"f1ce4b5f-55d0-4989-a5f3-6b6e591538b2","TCGA-F5-6702","Rectal Adenocarcinoma","Yes","No","Male",-26123,"WHITE","No","No",2010,"T3","N1","M1","Stage IVA","R0","Yes",12,1,66,"With tumor",,,"No","No",,,,"No",,"No",76,172,1,"≥66",71,"Rectosigmoid Junction","F5","T3","N1","M1","III–IV","IV",183.4,"High",250.19,"Low",6273.44,"High",596.45,"High",282.53,"High",1019.41,"Low",486.99,"High",2139.61,"Low",452,0,2145.39,"High",23.54,"High",14.8488830486202,71,"IV",FALSE,7.52669484554198,7.97263522073365,12.6152709875063,9.22267417019798,8.14735758300712,9.99493322717034,8.93070777383701,11.0638062581913,11.0676965228935,4.61706334388818
"cc2a014b-fb3c-4839-a5fb-6c40e745df1b","TCGA-F5-6811","Rectal Adenocarcinoma","Yes","No","Female",-26575,"WHITE","No","No",2011,"T3","N0","M0","Stage IIA",,"Yes",8,0,31,"Tumor free",,,"No","No",,,,,"No",,88,165,0,"≥66",72,"Rectosigmoid Junction","F5","T3","N0","M0","I–II","II",120.3,"High",630.64,"High",5480.73,"High",873.12,"High",283.36,"High",1500.47,"High",378.76,"High",2750.94,"High",979,0,1882.99,"High",20.68,"High",32.161629434954,72,"II",FALSE,6.92243574023315,9.30295872572012,12.4204155553187,9.77168753760253,8.15157472976641,10.5521599341934,8.56894414465471,11.4262333002522,10.8795755919755,4.43829285157915
"e5d7bbd4-4f38-4a5a-9966-f44f8a15a10e","TCGA-F5-6812","Rectal Adenocarcinoma","Yes","No","Male",-24490,"WHITE","No","No",2011,"T3","N0","M0","Stage IIA","R0","Yes",1,0,20,"Tumor free",,,"No","No","No","No","No","No","No","No",90,188,,"≥66",67,"Rectum","F5","T3","N0","M0","I–II","II",84.53,"Low",396.06,"Low",9508.25,"High",614.03,"High",231.27,"Low",894.22,"Low",392.26,"High",4155.29,"High",1110,0,1492.11,"High",170.01,"High",36.4651773981603,67,"II",FALSE,6.41835863488438,8.63321322022086,13.2151158440498,9.26451297387803,7.85965901742044,9.80609845752168,8.61933964140928,12.0210806046803,10.5441047398925,7.41793688055014
"99d2c035-06a2-4bc3-8ff9-db875d232c93","TCGA-F5-6813","Rectal Adenocarcinoma","Yes","No","Male",-25651,"WHITE","No","No",2011,"T4a","N2","M0","Stage IIIC","R0","Yes",12,12,21,,,,"No","No","No","No","No","No","No","No",85,174,,"≥66",70,"Rectum","F5","T4","N2","M0","III–IV","III",83.44,"Low",589.34,"High",9926.61,"High",670.6,"High",378.77,"High",1411.53,"High",,,3406.29,"High",598,1,1627.79,"High",32.77,"High",19.6452036793692,70,"III",FALSE,6.39985467357243,9.20540228837288,13.2772307258639,9.39145842004967,8.56898213380697,10.4640657931751,,11.7344090274462,10.6695848937505,5.07767027423275
"8feb0e8f-d09b-437d-8651-0cdecfe776bf","TCGA-F5-6814","Rectal Adenocarcinoma","Yes","No","Male",-20828,"WHITE","No","No",2011,"T3","N0","M0","Stage IIA","R0","Yes",18,0,16,"Tumor free",,,"No","No",,"No","No","No","No","No",61,175,0,"≤65",57,"Rectum","F5","T3","N0","M0","I–II","II",102.63,"Low",425.78,"Low",6145.95,"High",779.12,"High",370.74,"High",1013.49,"Low",262.78,"High",401.28,"Low",1131,0,678.27,"Low",13.85,"Low",37.1550591327201,57,"II",FALSE,6.69529790115733,8.7373487591496,12.5856550347323,9.60755224976126,8.5381501233249,9.98653892893703,8.0431913722768,8.65205620360686,9.40784132865559,3.8923910259134
"78499f63-fe28-4b99-9f0e-6002203c4596","TCGA-F5-6861","Rectal Adenocarcinoma","Yes","No","Female",-21936,"WHITE","No","No",2011,"T3","N0","M0","Stage IIA","R0","Yes",8,0,34,"Tumor free",,,"No","No","No","No","No","No","No","No",64,162,,"≤65",60,"Rectum","F5","T3","N0","M0","I–II","II",63.6,"Low",736.01,"High",2869.49,"Low",432.92,"High",349.12,"High",804.57,"Low",211.66,"Low",2888.7,"High",1160,0,1628.02,"High",3.97,"Low",38.107752956636,60,"II",FALSE,6.01346225980656,9.52554038420027,11.4870813143261,8.76128527336162,8.4517056653563,9.65386614712995,7.73240488678496,11.4967040088836,10.6697886010631,2.31324585178756
"72e640f2-869f-4aef-8ebe-b127f3e7048a","TCGA-F5-6863","Rectal Adenocarcinoma","Yes","No","Female",-25936,"WHITE","No","No",2011,"T4a","N1","M0","Stage IIIB","R0","Yes",6,3,23,,,,"No","No","No","No","No","No","No","No",77,166,,"≥66",71,"Rectum","F5","T4","N1","M0","III–IV","III",113.38,"High",231.6,"Low",4018.96,"Low",478.07,"High",318.96,"High",776.95,"Low",290.33,"High",2424.91,"Low",361,1,1488.85,"High",0.74,"Low",11.8593955321945,71,"III",FALSE,6.83769100042856,7.86170728658586,11.9729654308203,8.90409266259307,8.32174774673526,9.6035336238164,8.18651046187676,11.2443103128772,10.5409513702826,0.799087306074004
"3546a93b-b279-4615-9d5f-5baa787e487e","TCGA-F5-6864","Rectal Adenocarcinoma","Yes","No","Female",-27058,"WHITE","No","No",2011,"T3","N2a","M0","Stage IIIB","R0","Yes",4,4,14,"Tumor free",,,"No","No",,"No",,,,,78,157,0,"≥66",74,"Rectum","F5","T3","N2","M0","III–IV","III",150.26,"High",418.24,"Low",13205.9,"High",417.49,"High",317.56,"High",1167.68,"High",255.49,"High",437.17,"Low",379,0,1807.72,"High",12.49,"Low",12.4507227332457,74,"III",FALSE,7.24088671380497,8.71163256182322,13.6890042481422,8.70904933913869,8.31542131594578,10.1906642396711,8.00275876908993,8.77534690109319,10.8207533726229,3.75381844317354
"ff427104-0727-483c-8513-243dec80db9d","TCGA-G5-6233","Rectal Adenocarcinoma","No","Yes","Male",-27190,"WHITE","Yes","No",2009,"T3","N2","M0","Stage IIC","R0","Yes",72,27,,"With tumor","≤5 ng/mL",0.5,"Yes","Yes","No","Yes","No","No","No","No",97.7,176.9,0,"≥66",74,"Sigmoid Colon","G5","T3","N2","M0","I–II","II",108.04,"Low",514.04,"High",5398.86,"High",467.4,"High",253.69,"Low",2078.06,"High",218.47,"Low",429.32,"Low",556,1,1492.15,"High",12.85,"Low",18.2654402102497,74,"II",FALSE,6.76871365703049,9.00854067170295,12.3987062882486,8.87159726561385,7.99259850536001,11.0217156784781,7.77787993678281,8.74926608381481,10.5441433887721,3.79181407116183
"c2ea7b58-cabd-407e-98ce-6cbf9e4d93e1","TCGA-G5-6235","Rectal Adenocarcinoma","No","Yes","Male",-26348,"WHITE","Yes","No",2007,"T3","N1","MX","Stage IIIB","R1","Yes",13,1,1451,"With tumor","≤5 ng/mL",1.7,"No","No","No","No","No","No","No","No",77.6,169,0,"≥66",72,"Rectosigmoid Junction","G5","T3","N1",,"III–IV","III",89.68,"Low",719.24,"High",4397.41,"Low",637.31,"High",356.44,"High",1599.64,"High",247.64,"Low",427.9,"Low",1696,0,3224.76,"High",122.45,"High",55.7161629434954,72,"III",FALSE,6.50271248596606,9.49233391454472,12.102766376667,9.31811343953834,8.48155728070859,10.6444331524062,7.95791459863299,8.74449750574819,11.6554233890918,6.94778302625542
"2cf90e4e-b952-4a77-aaa9-39e4e2e5c4b3","TCGA-G5-6572","Rectal Adenocarcinoma","No","Yes","Male",-20475,"WHITE","No","No",2004,,,,,,"Yes",22,0,,"Tumor free","≤5 ng/mL",1.7,"No","No","No","No","No","No","No","No",140,185.4,0,"≤65",56,"Rectosigmoid Junction","G5",,,,,,110.66,"High",308.56,"Low",9901.86,"High",398.63,"Low",278.68,"High",1311.39,"High",373.59,"High",4163.17,"High",1432,1,2847.33,"High",0,"Low",47.0433639947438,56,,FALSE,6.80296865100558,8.27407525450688,13.2736295282319,8.64252107927806,8.12763327972587,10.3579807907894,8.54916857589338,12.0238132517506,11.4759005874914,0
"0a2cb2f9-972c-450c-8b7a-115a4cb93658","TCGA-G5-6641","Rectal Mucinous Adenocarcinoma","No","Yes","Male",-24486,"WHITE","Yes","No",2009,"T1","N1","MX","Stage IIIA","R0","Yes",26,1,636,"Tumor free",,,"No","No","No","No","No","No","No","No",118.6,189.3,0,"≥66",67,"Rectosigmoid Junction","G5","T1","N1",,"III–IV","III",80.1,"Low",230.39,"Low",6368.29,"High",615.19,"High",341.45,"High",2842.69,"High",273.33,"High",3162.26,"High",804,0,1360.86,"Low",9.08,"Low",26.4126149802891,67,"III",FALSE,6.34163000932991,7.85418270650124,12.6369168454375,9.26723145918952,8.4197495500585,11.4735484852597,8.09976858988509,11.6271964258145,10.4113626857455,3.33342373372519
