"pathway","size","ES","NES","pval","padj","leading_edge","NES_no_cov","padj_no_cov","robust_no_covariate","collapsed_main"
"GAO_LARGE_INTESTINE_ADULT_CI_MESENCHYMAL_CELLS",337,0.707751049989036,3.489481291201673,6.211447145222509e-72,4.5219335217219863e-69,"BLK;CD79A;FCRL2;CD19;POU2AF1;TMEM156;CD79B;LAX1;IRF4;LY9;ANKRD36BP2;P2RY10;TNFRSF17;NUGGC;FCRL5;MZB1;MAP4K1;FCMR;KCNA3;IL16;PPP1R16B;IKZF1;TRAF3IP3;CD27;PIK3CG;KLHL6;SLAMF1;C16orf54;ITGAL;HLA-DOB;BTK;SLAMF7;ADAM28;SP140;IGLL5;CD2;PTPRC;FYB1;RGS1;CPNE5;GPR15;GPR183;SPOCK2;CD3E;LINC02362;LINC00996;STAT4;DERL3;RCSD1;TASL;ACAP1;POU2F2;EVI2B;DOCK2;PRKCB;HCLS1;ARHGAP25;ARHGAP15;KCNN3;FGL2;LCP1;IL7R;TBC1D10C;IL10RA;IL12RB1;SASH3;CD37;ANKRD44;GIMAP4;MEI1;CD3D;CYTIP;SEPTIN1;GNG2;ST8SIA4;NR4A3;RASAL3;TP53INP1;PCED1B-AS1;TRG-AS1;APBB1IP;NCKAP1L;IRAG2;CYBB;SLA;CD52;ARHGAP30;ITGA4;DOCK8;ARHGDIB;PRDM1;FGD2;NKG7;DAPP1;NR3C1;ITGA8;CYRIA;TAGAP;CD48;MIAT;SAMSN1;LSP1;GPSM3;RASSF5;SFMBT2;LRRC8C;HLA-DPA1;CLEC2B;RASGRP3;CLIP4;FLI1;ADA2;ARHGAP9;APOBEC3G;LY96;TPSAB1;WAS;TCF4;AIM2;HVCN1;BTN2A2;EVI2A;GMFG;CSF2RB;RHOH;WIPF1;NCF1B;WAKMAR2;CD7;MEF2C;NCF1C;CEP85L;NXPE3;NCF1;SYNE3;STX11;CCDC88A;ZEB2;EAF2;JSRP1;CAV1;CDK14;EMB;GSTM2;GNG7;CD53;MICB;GLCCI1;MSN;LINC-PINT;ZAP70;BASP1;DUSP5;LIMD2;CD69;CTSW;MANEA;LILRB1;TPSB2;NFATC1;C16orf74;ZEB1;PECAM1;SELPLG;TNFRSF18",3.6013635343117874,1.662929137726137e-80,TRUE,
"DESCARTES_FETAL_ADRENAL_LYMPHOID_CELLS",124,0.8376531149350671,3.669169513121616,1.1081200603558085e-52,4.033557019695143e-50,"MS4A1;BLK;FCRLA;FCRL3;LINC00861;CD79A;FCRL2;ZNF831;CD19;CD79B;LAX1;IRF4;LY9;PYHIN1;P2RY10;JCHAIN;FCRL5;SH2D1A;BTLA;IGKC;MZB1;TRAT1;FCMR;CCR7;TRAF3IP3;PAX5;ITK;CD27;SLAMF6;SLAMF1;HLA-DOB;SLAMF7;CD2;LTB;CD247;CD3G;CD96;GPR171;CD3E;THEMIS;TIGIT;IKZF3;GPR18;SPIB;TRBC2;KLRB1;ICOS;UBASH3A;ACAP1;IKZF2;PTPN22;IGHM;RASGRP1;GZMH;IL7R;TBC1D10C;CD3D;CYTIP;SEPTIN1;PLAAT4;TBX21;PCED1B-AS1;SYTL3;BCAS1;BIRC3;CD8A;CD52;SELL;NKG7;GBP5;GZMM;IL2RB;IL2RA;RHOH;GZMA;CD7;LINC00426;IL18RAP;CRIP1;CD244;ZAP70;HSH2D;GALNT3;BACH2",3.6455695752037074,3.383303420976551e-52,TRUE,
"DESCARTES_FETAL_LUNG_LYMPHOID_CELLS",111,0.8573308779113933,3.6823683445835425,2.3425554100506867e-52,5.684601128389666e-50,"MS4A1;BLK;FCRLA;FCRL3;CR2;LINC00861;CD79A;FCRL2;CD19;CD79B;LAX1;LY9;PYHIN1;JCHAIN;FCRL5;SH2D1A;IGKC;MZB1;TRAT1;FCMR;CCR7;PAX5;ITK;CD27;SLAMF6;SLAMF1;IGLL5;CD2;LTB;CD247;CD3G;GPR171;CD3E;THEMIS;TIGIT;STAT4;IKZF3;CHRM3-AS2;TRBC2;KLRB1;SIRPG;ICOS;UBASH3A;CHI3L2;IGHM;LTA;RASGRP1;GZMH;IL7R;TBC1D10C;CD3D;TXK;SEPTIN1;TBX21;CXCR6;PCED1B-AS1;CD8A;CD52;NKG7;GZMM;DGKA;FOXP3;TRGC2;IL2RB;SLC14A1;IL2RA;STK17A;TNFRSF9;RHOH;GZMA;CD7;LINC00426;IL18RAP;S1PR4;MEOX1;PDCD1;IL23R;ZAP70",3.559985049207506,1.1870586313013388e-44,TRUE,
"DESCARTES_FETAL_KIDNEY_LYMPHOID_CELLS",144,0.785859948340616,3.531422340448112,3.788065316449159e-47,6.89427887593747e-45,"MS4A1;BLK;FCRL3;CR2;LINC00861;CD79A;FCRL2;ZNF831;CD19;POU2AF1;CD79B;LAX1;TESPA1;LY9;PYHIN1;P2RY10;FCRL5;SH2D1A;IGKC;TRAT1;FCMR;CCR7;PAX5;ITK;CD27;SLAMF6;SLAMF1;C16orf54;HLA-DOB;CD2;LTB;CD247;CD3G;GPR171;CD3E;THEMIS;TIGIT;IKZF3;GPR18;TRBC2;KLRB1;SIRPG;ICOS;ACAP1;CHI3L2;ATP13A4;PTPN22;LTA;IL21R;RASGRP1;IL7R;SASH3;CD3D;SEPTIN1;PLAAT4;TBX21;CD8A;CD52;NKG7;GZMM;DGKA;FOXP3;IL2RB;IL2RA;APOBEC3G;STK17A;RHOH;GZMA;CD7;SCN3A;LINC01588;LINC00426;CARMIL2;GFI1;CRIP1;S1PR4;TNFSF14;TNIP3;ZAP70;PBXIP1;CD69;CTSW;BACH2",3.54744137996424,2.964467782406495e-47,TRUE,
"DESCARTES_FETAL_CEREBRUM_MICROGLIA",374,0.6083275487162134,3.0294900064379533,2.3744472428102696e-45,3.4571951855317523e-43,"TMEM156;IRF4;CD28;TRAF3IP3;P2RY8;ITGAL;CD180;ADAM28;SP140;RGS1;IPCEF1;GPR183;CYSLTR1;TNFSF8;LINC00996;TASL;WDFY4;EVI2B;GAPT;DOCK2;CDKN2B-AS1;TLR7;HCLS1;ARHGAP15;GAB3;GGTA1;PTPN22;IL7R;SPTLC3;IL12RB1;SASH3;CD37;MILR1;CYTIP;TMEM273;TLR3;ATP8B4;EBI3;PCED1B-AS1;APBB1IP;CD4;MPEG1;AIF1;CYBB;MR1;ARHGAP30;SLC37A2;CTSS;TFEC;DOCK8;SIGLEC10;FGD2;DHRS9;MS4A7;RAP1A;BHLHE41;TAGAP;CD48;VAV1;LY86;TLR5;GBP2;CD83;SIGLEC8;SAMSN1;ITGB2-AS1;NAIP;SFMBT2;P2RY13;PLCG2;XACT;TLR1;CPVL;ADA2;ARHGAP9;ADRB2;LY96;PDK4;PLD4;MS4A6A;HPGDS;CX3CR1;ABCC13;HGF;CSF2RB;TNFSF18;HRH1;GPR34;C1QA;ARHGAP24;TMEM106A;HLA-DMB;TRIM22;EGR2;RNASE6;CD86;LINC00539;NCF1;GNB4;LYVE1;BLNK;EGR3;GCNT2;SLC39A13-AS1;MS4A4A;ELL2;ENTPD1;CCDC200;CHIT1;GNG7;TNFAIP8L2;CD74;PDCD1;SERPINB9P1;PDCD1LG2;SCIN;CLEC7A;LINC-PINT;MRC1;ZC3H12D;IL18;LAIR1;ALOX15B;NLRC4;MAF;HAVCR2;LILRB1;AMPD3;C2;SULT1C2;SNX29;ATG7;SELPLG;CSF1;PRRG4;MGAT4A;CEACAM21;FMNL1;ARHGAP12;NPL;C19orf38;NCF4;LPIN2;GLDN;ALPK1;B3GNT5;CH25H;CD300LF;TNFRSF11A;DENND2D;PLD1;PLA2G7;GAL3ST4;PIK3R5;MYO1G;CYTH4;SOCS6;CSF1R;CD163;CD33;FOLR2;HSPA6;SUCNR1;GPR65;MNDA;KCNK13;NFAM1;PIK3AP1;SIRPB1;TNFSF13;LINC01504;SIGLEC16;PARVG;LPCAT2;ITGB2;MYO1F;LY75;LINC02611;LILRB5;CCR1;CXCL16;FCGR2C;PRAM1",3.2796452228081043,7.214655192483486e-60,TRUE,
"DESCARTES_FETAL_PANCREAS_LYMPHOID_CELLS",102,0.8388597827840892,3.5535515403139377,2.5266003272371663e-44,3.0656083970477614e-42,"MS4A1;BLK;FCRLA;FCRL3;LINC00861;CD22;CD79A;FCRL2;CD19;POU2AF1;CD79B;LAX1;TESPA1;PYHIN1;P2RY10;SH2D1A;BTLA;GPR174;TRAT1;FCMR;CCR7;PAX5;CCR4;ITK;CD27;IGLC2;CD2;CD247;CD3G;CD96;GPR171;CD3E;THEMIS;TIGIT;IKZF3;GPR18;CHRM3-AS2;TRBC2;KLRB1;SIRPG;ICOS;CHI3L2;CCL22;CD40LG;IGLC3;IGHM;GZMH;TBC1D10C;CD3D;SEPTIN1;TBX21;CD8A;NKG7;CD6;GZMM;DGKA;FOXP3;IL1RL1;IL2RB;IL2RA;VSIG1;RHOH;GZMA;LINC00426;PDCD1;ZAP70;CD69;LAIR2;CTSW;LINC01871;BACH2",3.540073637282525,2.9117965814982225e-44,TRUE,
"DESCARTES_MAIN_FETAL_LYMPHOID_CELLS",114,0.8202700592073553,3.5410878526114926,7.369665913481882e-44,7.664452550021156e-42,"BLK;FCRLA;LINC00861;CD22;CD79A;FCRL2;ZNF831;CD19;TMEM156;CD79B;PYHIN1;JCHAIN;GVINP1;IGKC;GPR174;MAP4K1;FCMR;PAX5;CD27;SLAMF6;IGLL5;IGHGP;GPR171;TIGIT;STAT4;IGHG3;GPR18;IGHG1;CHRM3-AS2;KLRB1;GIMAP7;RIPOR2;PARP15;IGLC3;IGHM;LTA;GZMH;IL7R;TBC1D10C;CD37;CYLD;BTN3A2;CYTIP;TXK;TBX21;APOBEC3H;PCED1B-AS1;IGHG4;STK17B;CD52;PSMB8-AS1;ARHGDIB;NKG7;GBP5;GZMM;TAGAP;CD48;TRGC2;GPSM3;SP110;RGL4;IL2RA;ARHGAP9;STK17A;GZMA;GIMAP2;NCF1B;CD7;RNF125;NCF1C;IL18RAP;S1PR4;IL23R;LIMD2;CD69;LINC01871",3.5099311032875598,5.543237382495092e-44,TRUE,
"DESCARTES_FETAL_INTESTINE_LYMPHOID_CELLS",120,0.808917859754042,3.526011825997488,1.76939701433649e-43,1.6101512830462058e-41,"MS4A1;BLK;CD79A;CD79B;LAX1;TESPA1;LY9;PYHIN1;SH2D1A;TRAT1;CCR7;PAX5;CCR4;ITK;SLAMF6;SLAMF1;NLRC3;CD2;LTB;CD247;CD3G;CD96;GPR171;CD3E;THEMIS;STAT4;IKZF3;GPR18;TRBC2;KLRB1;SIRPG;ICOS;UBASH3A;ACAP1;CHI3L2;IKZF2;CD40LG;SLA2;PTPN22;IGHM;LTA;IL21R;IL7R;TBC1D10C;CD3D;TXK;SEPTIN1;TBX21;CXCR6;PCED1B-AS1;CD8A;CD52;NKG7;GBP5;CD6;GZMM;TRGC2;IL1RL1;IL2RB;RGL4;IL2RA;TNFSF11;GZMA;LZTFL1;CD7;LINC00426;KLRD1;IL18RAP;S1PR4;IL23R;ZAP70;CD69;CTSW;LINC01871",3.5077385946013293,2.672507835460134e-42,TRUE,
"DESCARTES_FETAL_HEART_LYMPHOID_CELLS",82,0.8677278721442385,3.5226174438512996,7.875817225557673e-42,6.370661044673318e-40,"MS4A1;BLK;FCRLA;FCRL3;CR2;LINC00861;FCRL2;CD19;POU2AF1;CD79B;LY9;JCHAIN;FCRL5;SH2D1A;GVINP1;IGKC;TRAT1;FCMR;CCR7;PAX5;ITK;CD27;SLAMF6;SLAMF1;CD3G;CD96;GPR171;THEMIS;TIGIT;IKZF3;TRBC2;KLRB1;SIRPG;ICOS;UBASH3A;ACAP1;CHI3L2;LTA;RASGRP1;GZMH;CD3D;SEPTIN1;TBX21;CXCR6;CD52;SELL;NKG7;GZMM;FOXP3;GBP2;IL2RB;TNFSF11;GZMA;CD7;LINC00426;IL18RAP;TNIP3;PDCD1;ZAP70",3.440877972283747,2.8830798388420945e-37,TRUE,
"DESCARTES_FETAL_SPLEEN_LYMPHOID_CELLS",92,0.8469512711962072,3.514866730562832,1.0443025882368375e-41,7.602522842364178e-40,"MS4A1;TLR10;BLK;FCRL3;CR2;LINC00861;CD22;CD79A;FCRL2;POU2AF1;LY9;PYHIN1;P2RY10;FCRL5;SH2D1A;IGKC;MZB1;TNFRSF13C;FCMR;CCR7;PAX5;CD27;SLAMF6;SLAMF1;SP140;IGLL5;CD2;CD247;CD3G;CD96;THEMIS;TIGIT;IKZF3;GPR18;SPIB;SIRPG;ACAP1;AKAP5;PARP15;PTPN22;IGHM;LTA;RASGRP1;CD37;CD3D;PCED1B-AS1;CD8A;CD52;GZMM;TAGAP;RALGPS2;IL2RB;PLCG2;STK17A;DTX1;RHOH;LINC01588;LINC00426;NCF1;BLNK;EMB",3.473006018296083,6.0606251898694806e-40,TRUE,
"DESCARTES_FETAL_PLACENTA_LYMPHOID_CELLS",121,0.7934354461427819,3.465201548823077,8.175714036645292e-41,5.410836198797975e-39,"LINC00861;CD79A;POU2AF1;CD79B;LAX1;IRF4;ANKRD36BP2;NUGGC;JCHAIN;FCRL5;SH2D1A;IGKC;MZB1;TRAT1;TRAF3IP3;ITK;CD27;SLAMF6;CD38;NLRC3;IGLL5;CD2;LTB;CD247;CAMK4;CD3G;IGHGP;CD96;IGHA1;CD3E;THEMIS;LINC02362;TIGIT;IGHG3;IKZF3;IGHG1;TRBC2;KLRB1;SIRPG;PIM2;IGHM;RASGRP1;GZMH;TBC1D10C;CD3D;SEPTIN1;RASAL3;IGHG4;CD8A;CD52;NKG7;ITGA8;CD6;TRGC2;KLRG1;PSTPIP1;RHOH;GZMA;GIPR;CD7;LINC00426;STYK1;AKNA;JSRP1;CARMIL2;SIDT1;CD244;ZAP70;CD69;CTSW;LINC01484",3.417827509967745,5.837893706763285e-39,TRUE,
"DESCARTES_FETAL_LIVER_LYMPHOID_CELLS",83,0.8584684496339499,3.491897773599733,2.7336292689120797e-40,1.6584017564733282e-38,"MS4A1;BLK;FCRLA;LINC00861;CD79A;FCRL2;ZNF831;CD19;POU2AF1;CD79B;LAX1;IRF4;LY9;PYHIN1;JCHAIN;FCRL5;SH2D1A;IGKC;FCMR;CCR7;PAX5;ITK;SLAMF6;IGLL5;CD2;LTB;CD247;CD3G;CD96;CD3E;THEMIS;TIGIT;IKZF3;SPIB;TRBC2;KLRB1;IKZF2;IGHM;RASGRP1;IL7R;CD3D;PCED1B-AS1;CD8A;NKG7;GZMM;FOXP3;IL2RB;DTX1;GZMA;RORC;LZTFL1;LINC00426;BLNK;IL18RAP;IL23R;ZAP70",3.4537227019750154,1.6732628054767776e-37,TRUE,
"HU_FETAL_RETINA_MICROGLIA",376,0.5829728899305937,2.9041271970842155,5.4580137772806e-40,3.056487715277136e-38,"TLR10;IKZF1;ADAM28;PTPRC;FYB1;RGS1;IPCEF1;GPR183;LINC00996;DOCK10;RCSD1;EVI2B;FOSB;DOCK2;TRIM38;NR4A2;HCLS1;ARHGAP25;IFI16;FGL2;LCP1;IL10RA;CD37;GIMAP4;MILR1;C3;ATP8B4;PCED1B-AS1;APBB1IP;CD4;MFSD1;MPEG1;NCKAP1L;AIF1;CYBB;SLA;IL6ST;BIN2;ARHGAP30;CTSS;ATF3;DOCK8;ARHGDIB;SIGLEC10;FGD2;SWAP70;MS4A7;RAP1A;BHLHE41;TAGAP;FOS;MBNL1;VAV1;LY86;CD83;CD84;SAMSN1;LSP1;GPSM3;SFMBT2;ITSN2;TMT1A;HLA-DPA1;P2RY13;CPED1;CPVL;TXNIP;ARHGAP9;HLA-E;LY96;SP100;LPAR6;WAS;PLD4;NFKBIZ;IL6R;HPGDS;SGK1;BTG2;CX3CR1;EVI2A;LIPA;GMFG;PLCB2;GPR34;CD36;C1QA;KCTD12;HLA-DMB;HLA-DRA;RNASE6;MEF2C;CD86;PIP4K2A;KLF6;GNB4;BLNK;HLA-DMA;A2M;ABCG2;ENTPD1;HLA-DRB1;GNA13;CD53;CD74;ITM2B;HLA-C;C3AR1;MSN;CLEC7A;B2M;IGSF6;DUSP1;LAIR1;PLXDC2;HERPUD1;QKI;MAF;TACC1;RHOA;HAVCR2;RAP1B;HLA-B;NEAT1;SELPLG;LIMS1;RB1;CCNL1;MGAT4A;FCER1G;KLF3;ARPC5;NPL;C1QB;ACTR2;LPXN;ALOX5;NCF4;RGS2;CD164;TGFBR2;SH3BGRL;B3GNT5;TBXAS1;PARP14;LCP2;GAL3ST4;CYTH4;CSF1R;FOLR2;GM2A;CMTM6;MNDA;ELF1;PPP1R15A;PLSCR1;MYLIP;ADORA3;SRGN;ZFP36;MOB1A;SKAP2;SPRED1;PARVG;LPCAT2;AKAP13;ITGB2;GLUL;MYO1F;SAMHD1;HCK;NFKBIA;CCR1;PTAFR;CXCL16;JUNB;TUT7",3.0407563700096496,7.654291696713551e-46,TRUE,
"ZHONG_PFC_MAJOR_TYPES_MICROGLIA",426,0.562190683972801,2.8273342087463407,6.2789580481626215e-40,3.2650581850445634e-38,"TLR10;IL16;IKZF1;ADAM28;PTPRC;FYB1;RGS1;IPCEF1;GPR183;LINC00996;RCSD1;FOSB;DOCK2;NR4A2;TLR7;HCLS1;IFI16;GGTA1;LCP1;IL10RA;SASH3;CD37;GIMAP4;MILR1;C3;TMEM273;ATP8B4;APBB1IP;CD4;MFSD1;MPEG1;NCKAP1L;AIF1;IRAG2;CYBB;IL6ST;BIN2;CTSS;TFEC;DOCK8;ARHGDIB;SIGLEC10;FGD2;DHRS9;CREBL2;SWAP70;NR3C1;MS4A7;BHLHE41;TAGAP;FOS;MBNL1;VAV1;NR4A1;LY86;CD83;SIGLEC8;CD84;SAMSN1;GPSM3;NAIP;SFMBT2;SLC9A9;TMT1A;LYST;P2RY13;FLI1;CPED1;CPVL;ADA2;ARHGAP9;HLA-E;ADRB2;LY96;SP100;LPAR6;WAS;PDK4;PLD4;FAM78A;HVCN1;IL6R;HPGDS;SGK1;BTG2;CX3CR1;EVI2A;LIPA;GMFG;PLCB2;GPR34;CD36;C1QA;KCTD12;EGR2;RNASE6;CD86;KLF6;PAG1;GNB4;BLNK;EGR3;A2M;SMIM30;ABCG2;ENTPD1;GNG7;CD53;TAL1;APPL2;H1-2;TNFAIP8L2;CD74;ITM2B;HLA-C;C3AR1;MSN;ATM;B2M;MRC1;IGSF6;DUSP1;LAIR1;PLXDC2;HERPUD1;TM6SF1;MAF;TACC1;ITM2C;HAVCR2;STOM;TSC22D3;HLA-B;NEAT1;SCAF11;C2;NRIP1;SELPLG;LIMS1;LHFPL2;RB1;MGAT4A;FCER1G;ARHGAP12;NPL;C1QB;EGR1;ACTR2;ALOX5;NCF4;RGS2;LPIN2;CD164;B3GNT5;CH25H;TBXAS1;IGF1;PLA2G7;GAL3ST4;CYTH4;SOCS6;SESN3;CSF1R;FOLR2;GM2A;CMTM6;MNDA;RIN2;ELF1;IER3;MYLIP;DAB2;ADORA3;SRGN;ZFP36;SPRED1;PARVG;LPCAT2;GAA;ITGB2;GLUL;MYO1F;HCK;NFKBIA;CCR1;PTAFR;CXCL16;JUNB;IER2;HSPA1B;LAPTM5;SORL1;SERPINB6;PLEK;ATP2B1-AS1;TLR4;STING1;GALNT1;VMP1;MEF2A;RGS10;LILRB4;OLR1;RAB31;SALL1;VSIG4",2.999720281056748,3.2265157813324213e-47,TRUE,
"DESCARTES_FETAL_INTESTINE_MYELOID_CELLS",190,0.7015452070583105,3.259891494942271,1.9869657148500106e-39,9.643406936072052e-38,"TLR10;TNFRSF13C;NAPSB;CD180;SLAMF7;GPR183;CD1C;CCR2;LINC00996;SCIMP;TASL;WDFY4;GAPT;CCL22;TLR7;CR1;FGL2;IL10RA;CLEC10A;MILR1;TLR6;MARCHF1;ADGRE1;EBI3;TIFAB;DNASE1L3;CD4;MPEG1;AIF1;CYBB;HLA-DQA1;CTSS;HLA-DOA;RGS18;SIGLEC10;FGD2;DAPP1;MS4A7;CXCR2P1;CYRIA;CD163L1;CD1D;LY86;CD83;IDO1;CD200R1;HLA-DPA1;TLR8;CXCL10;P2RY13;TLR1;CPVL;CXCL9;CMKLR1;PLD4;MS4A6A;IL6R;HPGDS;CX3CR1;HRH1;GPR34;C1QA;HLA-DMB;HLA-DRA;RNASE6;CD86;MCOLN2;NCF1;STX11;CD209;SLC39A13-AS1;MS4A4A;CIITA;HLA-DMA;NLRP3;HLA-DRB1;TNFAIP8L2;CD74;KYNU;C3AR1;HLA-DQA2;PDCD1LG2;CD207;CLEC7A;IGSF6;C1orf162;NLRC4;HLA-DPB1;LILRB1;HLA-DRB5;SIGLEC12;FCER1G;C1QB;NCF4;TBXAS1;CD300LF;THEMIS2;CSF1R;CD163;F13A1;CD33;FOLR2;MNDA;SCN4B;FPR3;SAMHD1;HCK;LILRB5;CCR1;PTAFR;CD101;HLA-DQB1;MS4A14;CD300LB;PTPRN2-AS1;PLEK;IL1R2;ZMYND15;LILRB4;SECTM1;VSIG4;HRH2;ADAP2;SIRPB2",3.565886411760329,1.0143954302980704e-56,TRUE,
"AIZARANI_LIVER_C1_NK_NKT_CELLS_1",150,0.734990192361972,3.3277332102272217,1.9101253761466865e-37,8.691070461467423e-36,"PYHIN1;SH2D1A;FCMR;IKZF1;SLAMF6;ITGAL;SLAMF7;CD2;PTPRC;FYB1;RGS1;IPCEF1;CD247;TRBC1;CD3G;CLEC2D;CD96;CD3E;TIGIT;IKZF3;TRBC2;GIMAP7;CCR5;TRAC;IKZF2;ETS1;PRKCB;BTN3A1;ARHGAP25;PTPN22;LCP1;GZMH;TBC1D10C;SASH3;CD3D;CYTIP;PLAAT4;TBX21;CXCR6;RASAL3;GCSAM;PCED1B-AS1;SYTL3;CCL5;SLA;CD8A;BIN2;ARHGAP30;ARHGDIB;PRDM1;NKG7;EVL;GZMM;CD48;MIAT;RASSF5;KLRG1;IL2RB;LYST;TXNIP;ARHGAP9;APOBEC3G;STK17A;CBLB;GZMA;WIPF1;CD7;PIP4K2A;AKNA;KLRD1;PARP8;EMB;CD53;HLA-C;CNOT6L;ATM;B2M;PRKCH;CTSW",3.313498877019911,4.197069206498035e-37,TRUE,
"CUI_DEVELOPING_HEART_C9_B_T_CELL",152,0.7291577220882455,3.3023610638769583,7.348883068372057e-37,3.1470511022205044e-35,"LINC00861;SH2D1A;FCMR;IL16;ITK;ITGAL;PTPRC;FYB1;LTB;RGS1;CD247;GPR183;CD3G;SPOCK2;CLEC2D;CD96;CD3E;KLRB1;GIMAP7;ACAP1;ETS1;RIPOR2;PIM2;HCLS1;ARHGAP15;PTPN22;LCP1;IL7R;TBC1D10C;SASH3;CD37;GIMAP4;CD3D;CYTIP;TXK;SEPTIN1;GNG2;PLAAT4;CCL5;STK17B;BIN2;CD52;ARHGDIB;SELL;NKG7;EVL;TAGAP;CD48;SAMSN1;LSP1;GPSM3;CLEC2B;IL2RB;TXNIP;ARHGAP9;HLA-E;GMFG;RHOH;GZMA;WIPF1;TNFAIP3;CD7;PIP4K2A;PDCD4;YPEL5;KLRD1;LITAF;CLK1;CD53;ZNF331;HLA-C;CNOT6L;ZAP70;LIMD2;PRKCH;CD69;CTSW;CDC42SE2;TSC22D3;PTGER4;HLA-B;HLA-F;FCER1G;RAC2;PLAC8;IRF1;LPXN",3.3569578420709782,2.8954103330340465e-39,TRUE,
"DESCARTES_FETAL_STOMACH_LYMPHOID_CELLS",75,0.8592149725715523,3.442500792358681,2.3347116467525125e-36,9.44261154908794e-35,"MS4A1;CD79A;ZNF831;CD79B;PYHIN1;SH2D1A;GVINP1;TRAT1;CD28;CCR7;TRAF3IP3;PAX5;ITK;CD27;CD2;LTB;CD247;CD3G;CD3E;THEMIS;STAT4;TRBC2;KLRB1;SIRPG;ICOS;CHI3L2;IGHM;LTA;IL21R;IL7R;TBC1D10C;SASH3;CD3D;TXK;SEPTIN1;RASAL3;PCED1B-AS1;AGAP2;CD52;SELL;NKG7;CD6;GZMM;GPSM3;ICAM3;IL2RB;FAM78A;GZMA;CD7;MFNG;TAP2;S1PR4;RASGRP2;ZAP70;CD69;CTSW;BACH2",3.4268625407521602,1.4344105789244729e-36,TRUE,
"FAN_EMBRYONIC_CTX_BRAIN_NAIVE_LIKE_T_CELL",153,0.7152948182140784,3.2438408337630475,8.650528757554571e-35,3.3145183871051204e-33,"LINC00861;TESPA1;LY9;SH2D1A;TRAT1;FCMR;IL16;CCR7;TRAF3IP3;ITK;CD27;C16orf54;CD2;PTPRC;LTB;CAMK4;CD3G;CLEC2D;CD96;GPR171;CD3E;THEMIS;ICOS;GIMAP7;ACAP1;CHI3L2;ETS1;RIPOR2;PIM2;CD40LG;ARHGAP15;JAML;IL7R;TBC1D10C;BTN3A2;GIMAP4;CD3D;CYTIP;TXK;SEPTIN1;PLAAT4;STK17B;CD52;ARHGDIB;SELL;CD6;DGKA;CD48;GBP2;LSP1;GPSM3;ICAM3;TXNIP;TNFAIP8;GMFG;RHOH;TNFAIP3;CD7;PDCD4;HPGD;CRIP1;HLA-C;LRRFIP1;ZAP70;TC2N;LIMD2;PRKCH;CD69;CDC42SE2;TSC22D3;HLA-B;HLA-F;RAC2;PLAC8",3.242756792038516,1.7573532241400385e-34,TRUE,
"CUI_DEVELOPING_HEART_C8_MACROPHAGE",273,0.6064540332369205,2.9353417005157905,3.0403801136777224e-33,1.1066983613786909e-31,"IL16;IKZF1;PTPRC;FYB1;RGS1;GPR183;POU2F2;EVI2B;FOSB;DOCK2;NR4A2;HCLS1;MCL1;JAML;FGL2;LCP1;IL10RA;CD37;MARCHF1;APBB1IP;CD4;MFSD1;MPEG1;AIF1;CYBB;SLA;STK17B;ARHGAP30;CTSS;DOCK8;ARHGDIB;MS4A7;LY86;CD83;SAMSN1;LSP1;GPSM3;NAIP;HLA-DPA1;CPVL;ADA2;HLA-E;REL;LY96;LPAR6;WAS;PLD4;MS4A6A;IL6R;HPGDS;SGK1;BTG2;CX3CR1;EVI2A;GMFG;PLCB2;GPR34;CD36;C1QA;WIPF1;HBEGF;HLA-DMB;HLA-DRA;RNASE6;MEF2C;CD86;KLF6;LITAF;MS4A4A;HLA-DMA;A2M;NLRP3;HLA-DRB1;GNA13;CD53;CD74;HLA-C;C3AR1;CLEC7A;MRC1;IGSF6;DUSP1;LAIR1;BASP1;C1orf162;HERPUD1;HLA-DPB1;MAF;SERPINB1;PTGER4;HLA-B;BAZ1A;NEAT1;MSR1;RB1;FCER1G;FMNL1;RAC2;PLAC8;C1QB;ACTR2;SOD2;ALOX5;NCF4;RGS2;MAP3K8;DOK2;B3GNT5;TBXAS1;IQGAP2;THEMIS2;LCP2;ARHGAP18;CYTH4;PNRC1;CSF1R;CD163;F13A1;FOLR2;CALHM6;MNDA;ELF1;IER3;SRGN;ZFP36;SKAP2;PIK3AP1;PARVG;ITGB2;GLUL;MYO1F;HCK;NFKBIA;PTAFR;CXCL16;PRAM1;CARD16;JUNB",3.092194186153329,1.579828938673143e-39,TRUE,
"GAO_LARGE_INTESTINE_24W_C11_PANETH_LIKE_CELL",313,0.5843637962334146,2.8683164044869525,7.095760949678507e-33,2.459863795888549e-31,"IKZF1;BTK;CD180;SLAMF7;PTPRC;FYB1;LINC00996;WDFY4;EVI2B;DOCK2;PRKCB;NR4A2;HCLS1;CR1;GGTA1;FGL2;LCP1;TNFSF13B;CLEC10A;CD37;MARCHF1;NR4A3;EBI3;DNASE1L3;CD4;MFSD1;MPEG1;BIRC3;NCKAP1L;AIF1;CYBB;SLA;HLA-DQA1;SLC37A2;TFEC;ARHGDIB;FGD2;RNF144B;MS4A7;GBP5;CYRIA;CD48;PLXNC1;CD163L1;VAV1;LY86;CD83;CD84;SAMSN1;ITGB2-AS1;LSP1;GPSM3;RASSF5;NAIP;SFMBT2;SLC9A9;HLA-DPA1;CLEC2B;CXCL10;PLCG2;FLI1;CPVL;ADA2;CXCL9;CMKLR1;LPAR6;WAS;ST3GAL5;MS4A6A;HPGDS;SGK1;LIPA;GMFG;CSF2RB;GFRA2;PLCB2;GPR34;EDEM1;C1QA;WIPF1;NCF1B;TNFAIP3;WAKMAR2;ZNF267;HLA-DMB;HLA-DRA;RNASE6;CD86;NCF1;STX11;CD209;LYVE1;MS4A4A;HLA-DMA;SNX20;NLRP3;HLA-DRB1;CD53;ZNF331;CD74;RASGEF1B;KYNU;CLEC7A;SGPP1;MRC1;IGSF6;HLA-DPB1;MAF;HAVCR2;LILRB1;C2;FCER1G;RSAD2;FMNL1;RAC2;NPL;C1QB;SOD2;NCF4;DOK2;TBXAS1;LCP2;PLA2G7;CYTH4;CSF1R;CD163;F13A1;CD33;PDE4B;HSPA6;GM2A;CALHM6;ARL4C;GPR65;DAB2;NFAM1;CNEP1R1;SRGN;PTGS2;PIK3AP1;ITGB2;HCK;SLAMF8;CIMAP1B;LILRB5;PRMT9;CCR1;PTAFR;CXCL16;SLC23A2",3.1960807094938226,9.829942429919076e-49,TRUE,
"TRAVAGLINI_LUNG_B_CELL",144,0.7124971904409529,3.2017517894156966,1.700370592428502e-32,5.62668086949068e-31,"MS4A1;TLR10;BLK;FCRLA;CD22;CD79A;FCRL2;CD19;POU2AF1;TMEM156;CD79B;P2RY10;BTLA;TNFRSF13C;FCMR;NAPSB;CCR7;PAX5;CD180;ADAM28;SP140;BANK1;IKZF3;SPIB;SCIMP;RCSD1;POU2F2;PRKCB;CD37;MARCHF1;AFF3;BIRC3;CD52;SELL;FGD2;SWAP70;DAPP1;LY86;ITSN2;RALGPS2;TMT1A;SP110;RASGRP3;PLCG2;TXNIP;SMCHD1;SP100;TSPAN13;TCF4;HVCN1;SMIM14;ARHGAP24;KIAA0040;MEF2C;NCF1;BLNK;EAF2;MBD4;GNG7;CD74;RASGRP2;STX7;TPD52;PLEKHF2;LIMD2;HSH2D;BACH2;C16orf74;RB1;LINC00926;PPM1K;CD72;FAM3C;PLAC8;DRAM2;EBF1;SYPL1",3.15194156323589,4.947775540636819e-29,TRUE,
"FAN_EMBRYONIC_CTX_BIG_GROUPS_MICROGLIA",361,0.5550137548400871,2.7548089530546096,8.994763841301458e-32,2.8470382941162876e-30,"TLR10;IKZF1;ADAM28;PTPRC;FYB1;RGS1;IPCEF1;GPR183;LINC00996;RCSD1;EVI2B;FOSB;DOCK2;TLR7;HCLS1;IFI16;GGTA1;LCP1;IL10RA;CD37;GIMAP4;MILR1;C3;ATP8B4;APBB1IP;CD4;MFSD1;MPEG1;NCKAP1L;AIF1;IRAG2;CYBB;IL6ST;BIN2;CTSS;TFEC;DOCK8;ARHGDIB;SIGLEC10;FGD2;DHRS9;MS4A7;BHLHE41;TAGAP;FOS;LY86;CD83;SIGLEC8;CD84;SAMSN1;GPSM3;NAIP;SFMBT2;SLC9A9;TMT1A;LYST;P2RY13;CPED1;CPVL;HLA-E;ADRB2;LY96;SP100;LPAR6;PDK4;PLD4;NFKBIZ;HVCN1;IL6R;HPGDS;BTG2;CX3CR1;EVI2A;LIPA;GMFG;GPR34;CD36;C1QA;KCTD12;RNASE6;CD86;GNB4;SERPINB9;BLNK;A2M;ABCG2;ENTPD1;GNG7;CD53;TAL1;APPL2;H1-2;CD74;ITM2B;HLA-C;C3AR1;B2M;MRC1;IGSF6;DUSP1;LAIR1;PLXDC2;HERPUD1;MAF;HAVCR2;STOM;HLA-B;NEAT1;SCAF11;C2;SELPLG;LIMS1;LHFPL2;RB1;MGAT4A;FCER1G;NPL;C1QB;EGR1;NCF4;RGS2;CD164;TGFBR2;B3GNT5;CH25H;TBXAS1;IGF1;DEGS1;GAL3ST4;CYTH4;SOCS6;CSF1R;FOLR2;GM2A;CMTM6;MNDA;RIN2;ELF1;IER3;PPP1R15A;DAB2;ADORA3;SRGN;ZFP36;SKAP2;PARVG;LPCAT2;GAA;ITGB2;GLUL;MYO1F;HCK;NFKBIA;CCR1;PTAFR;CXCL16;JUNB;XAF1;IER2;HSPA1B;LAPTM5;SORL1;SERPINB6;PLEK;TLR4;STING1;VMP1;MEF2A;RGS10;LILRB4;OLR1;SLC1A3;SALL1;MROCKI;VSIG4",2.936555038596855,3.556660424709748e-39,TRUE,
"FAN_EMBRYONIC_CTX_BRAIN_B_CELL",94,0.7793705235238211,3.2450291687276076,2.3188163358622645e-29,7.033742885448869e-28,"MS4A1;FCRLA;CD22;CD79A;FCRL2;CD19;CD79B;LY9;MZB1;FCMR;PAX5;SP140;IGLL5;LTB;BANK1;CLEC2D;IKZF3;GPR18;SPIB;ACAP1;RIPOR2;PIM2;ARHGAP15;CD37;CYTIP;SEPTIN1;AFF3;BIRC3;CD52;SWAP70;CD48;LSP1;RALGPS2;HLA-DPA1;SP110;TXNIP;SMIM14;RHOH;HLA-DMB;HLA-DRA;CD47;KIAA0040;NCF1C;NCF1;HLA-DMA;PLEKHA2;CRIP1;HLA-DRB1;CD74;HLA-C;HLA-DQA2;LIMD2;HLA-DPB1;CD69;PCNP;HLA-B;UTRN;LINC00926;RAC2;CD72;PLAC8;ALOX5;EBF1;TTN;ARID5B;PDE4B",3.3094998725310347,2.3985907000534498e-32,TRUE,
"HE_LIM_SUN_FETAL_LUNG_C5_CD5_POS_CCL22_NEG_MATURE_B_CELL",149,0.6866955936825325,3.0979556312867325,4.071803242816492e-28,1.1857091043081625e-26,"TLR10;FCRL3;CR2;FCRL2;LY9;FCRL5;TNFRSF13C;PPP1R16B;CCR7;CD27;ITGAL;HLA-DOB;ADAM28;SP140;RGS1;GPR183;CD1C;SPOCK2;TRBC2;TENT5C;EVI2B;TRAC;CHI3L2;NR4A2;PTPN22;LTA;IL10RA;BCL2;MARCHF1;NR4A3;MPEG1;BIRC3;CYBB;BIN2;CFLAR;SELL;SIGLEC10;RAB8B;CD1D;SEMA4A;ARHGAP9;APOBEC3G;NEDD9;MS4A6A;NFKBIZ;EVI2A;ARHGAP24;MCOLN2;ENTPD1;ZNF331;RASA4B;ZDHHC21;C1orf162;CEPT1;AHNAK;PTGER4;LINC00926;S100A10;EGR1;LPXN;DOK2;MIR155HG;UGCG;TTN;KLF4;FCGBP;GM2A;ARL4C",3.1785145877777334,2.4725503218276773e-30,TRUE,
"AIZARANI_LIVER_C3_NK_NKT_CELLS_2",158,0.6710803999805389,3.0484074702649306,7.555847277555315e-28,2.1156372377154884e-26,"TRAT1;IKZF1;ITK;SLAMF6;CD2;PTPRC;FYB1;LTB;CAMK4;TRBC1;CD3G;SPOCK2;CLEC2D;CD96;GPR171;CD3E;THEMIS;IKZF3;TRBC2;KLRB1;SIRPG;GIMAP7;TRAC;ETS1;CD40LG;JAML;LCP1;RASGRP1;IL7R;BCL2;CD3D;CYTIP;CXCR6;PCED1B-AS1;SLA;STK17B;CD8A;CD52;ARHGDIB;PRDM1;GBP5;CD6;DGKA;TAGAP;CD48;KLRG1;TXNIP;TNFAIP8;RHOH;GZMA;WIPF1;TNFAIP3;PIP4K2A;PAG1;PDCD4;AKNA;PARP8;EMB;PTGER2;IL18RAP;CD53;CNOT6L;B2M;TC2N;PBXIP1;CD69;TSC22D3;PTGER4;HLA-B;HLA-F",3.0795548344645938,5.602017941386334e-29,TRUE,
"SU_HO_CONV_CENT_CHONDROSARCOMA_C6_LEUKOCYTE",313,0.5552689494492632,2.725506006486728,1.4281256801184446e-27,3.850649981948991e-26,"PTPRC;FYB1;RGS1;GPR183;EVI2B;HCLS1;FGL2;LCP1;TNFSF13B;FRMD4B;IL10RA;CD37;CYTIP;CD4;MFSD1;BIRC3;CCL5;AIF1;STK17B;HLA-DQA1;CTSS;CFLAR;ARHGDIB;PRDM1;RNF144B;MS4A7;RAP1A;CYRIA;TAGAP;CD48;LY86;CD83;CD84;FOXN3;SAMSN1;GPSM3;HLA-DPA1;CLEC2B;RASGRP3;MXD1;TNFAIP8;REL;LY96;TAOK3;LPAR6;WAS;MS4A6A;HPGDS;SGK1;LIPA;GNAQ;GMFG;C1QA;WIPF1;KCTD12;HBEGF;TNFAIP3;ZNF267;HLA-DMB;HLA-DRA;RNASE6;CD86;KLF6;STX11;SERPINB9;ZEB2;MS4A4A;HLA-DMA;SMIM30;TANK;NLRP3;HLA-DRB1;GNA13;CD53;ZNF331;CD74;RASGEF1B;KYNU;STX7;HLA-DQA2;FOSL2;CLEC7A;IGSF6;IL18;LAIR1;C1orf162;HLA-DPB1;QKI;FNIP2;HAVCR2;PTGER4;AMPD3;BAZ1A;MSR1;SDCBP;LHFPL2;RB1;MGAT4A;FCER1G;FMNL1;RAC2;HNMT;NPL;C1QB;NCF4;MAP3K8;DOK2;IQGAP2;THEMIS2;MIR155HG;LCP2;ARHGAP18;CCL2;CSF1R;CD163;PDE4B;FOLR2;CITED2;CPEB4;HSD17B11;CMTM6;CALHM6;ELF1;DAB2;FPR3;CSGALNACT2;RALA;FCGR2B;SRGN;MOB1A;SLC43A3;NFKBIA;CXCL16;FNBP1;CARD16;SEC14L1;USP12;FAM107B;GPNMB;HLA-DQB1;CAPZA1;PLEK;CD93;NCOA4;RGS10;DSE;LILRB4;C1orf54;VSIG4;ATP6V1C1;ADAP2;OTUD1;APOC1;GNS;LST1;C15orf48;GPR137B;TPP1;OSTF1;VAMP8",2.881947393885044,3.708770076389305e-33,TRUE,
"DESCARTES_FETAL_THYMUS_ANTIGEN_PRESENTING_CELLS",159,0.6613346198025014,3.0086565013724917,1.4934300717238161e-27,3.882918186481922e-26,"MS4A1;TLR10;CCL19;P2RY10;FCRL5;IGKC;PAX5;HLA-DOB;SLAMF7;RGS1;LINC00996;TASL;WDFY4;CCL22;FGL2;IGHM;IL10RA;MARCHF1;EBI3;DNASE1L3;MPEG1;BIRC3;CYBB;P2RY14;CTSS;TFEC;SIGLEC10;FGD2;DAPP1;MS4A7;CYRIA;CD163L1;LY86;CD83;CD84;SAMSN1;IDO1;SEMA4A;HLA-DPA1;CXCL10;P2RY13;CPVL;CXCL9;CMKLR1;LY96;TSPAN13;PLD4;MS4A6A;IL6R;CLIC2;GFRA2;PLCB2;C1QA;ACOXL;HLA-DMB;HLA-DRA;CD80;CD86;MCOLN2;S100B;HLA-DQB2;HLA-DRB1;CD74;RASGEF1B;KYNU;CLEC7A;IGSF6;IL18;HLA-DPB1;HLA-DRB5;FCER1G;C1QB;ALOX5;THEMIS2;MIR155HG;F13A1;FUCA1;MNDA;KCNK13;NFAM1;SRGN;LRRK2;ZNF366;MYO1F;HCK;SLAMF8",3.260236676089123,3.273552942109864e-36,TRUE,
"FAN_EMBRYONIC_CTX_BIG_GROUPS_BRAIN_IMMUNE",146,0.6842080264584132,3.0837435115723273,1.662788287098171e-27,4.174171975887822e-26,"LY9;SH2D1A;FCMR;IL16;ITGAL;PTPRC;FYB1;LTB;CLEC2D;CD96;CD3E;RCSD1;GIMAP7;ACAP1;EVI2B;ETS1;RIPOR2;HCLS1;ARHGAP15;LCP1;TBC1D10C;CD37;BTN3A2;GIMAP4;CYTIP;SEPTIN1;PLAAT4;STK17B;BIN2;CD52;ARHGDIB;SELL;TAGAP;FOS;CD48;MBNL1;LSP1;GPSM3;ICAM3;CLEC2B;SP110;TXNIP;ARHGAP9;HLA-E;SP100;GMFG;RHOH;GZMA;CD7;HLA-DRA;PIP4K2A;AKNA;LITAF;CRIP1;HLA-DRB1;CD74;HLA-C;LRRFIP1;MSN;B2M;DUSP1;LIMD2;CD69;RAP1B;TSC22D3;HLA-B;NEAT1;UTRN;HLA-F;FCER1G;RAC2;PLAC8;S100A10;IRF1",3.1065862800410597,2.1882224050067485e-28,TRUE,
"DESCARTES_FETAL_LUNG_MYELOID_CELLS",140,0.6903145722203409,3.093249380570758,4.457464593120361e-27,1.0816780745972076e-25,"PLA2G2D;NAPSB;CPA3;CD1C;LINC00996;SCIMP;WDFY4;FGL2;CLEC10A;MILR1;HDC;ADGRE1;ATP8B4;DNASE1L3;MPEG1;CYBB;HLA-DQA1;SLC37A2;P2RY14;FGD2;MS4A7;CD163L1;CD1D;CD83;NAIP;IDO1;HLA-DPA1;TLR8;CXCL10;P2RY13;TLR1;CPVL;CXCL9;CMKLR1;PLD4;MS4A6A;HPGDS;GPR34;C1QA;TMEM106A;HLA-DRA;EGR2;RNASE6;CD86;CD209;SLC39A13-AS1;MS4A4A;CIITA;HLA-DQB2;HLA-DMA;NLRP3;HLA-DRB1;CD74;KYNU;C3AR1;HLA-DQA2;CD207;CLEC7A;IGSF6;NLRC4;HLA-DPB1;HAVCR2;HLA-DRB5;C1QB;C19orf38;CD300LF;CYTH4;CD163;CD33;FOLR2;MNDA;KCNK13;NFAM1;FPR3;PTGS2;SIRPB1;HCK;SLAMF8;LILRB5;CCR1;PRAM1;ASGR2;HLA-DQB1;MS4A14;CD300LB;IL1R2;LILRB4;VSIG4;HRH2;SIRPB2;SIGLEC7",3.398125540236429,2.8954103330340465e-39,TRUE,
"HAY_BONE_MARROW_FOLLICULAR_B_CELL",120,0.71146156707982,3.1012072103698114,2.0393252720094905e-26,4.78912515491261e-25,"MS4A1;TLR10;BLK;FCRLA;FCRL3;CD22;CD79A;FCRL2;CD19;TMEM156;LY9;BTLA;PKHD1L1;TNFRSF13C;FCMR;HLA-DOB;CD180;ADAM28;SP140;BANK1;CPNE5;CYSLTR1;IKZF3;SPIB;ARHGAP25;CD37;ZBTB32;MARCHF1;EBI3;BIRC3;CD52;HLA-DOA;SWAP70;CD83;RALGPS2;SP110;REL;SP100;AIM2;HVCN1;SMIM14;ARHGAP24;SPON1;MEF2C;PLEKHG1;KLK1;GNG7;STX7;ZDHHC21;TPD52",2.9309898806156327,1.9471735926117702e-20,TRUE,
"DESCARTES_FETAL_ADRENAL_MYELOID_CELLS",153,0.6624587146474613,3.00423066760212,2.377929251515338e-26,5.409789047197394e-25,"ADAM28;RGS1;LINC00996;SCIMP;GGTA1;CLEC10A;MILR1;TMEM273;TLR6;ADGRE1;CD4;MPEG1;CYBB;HLA-DQA1;SLC37A2;HLA-DOA;SIGLEC10;FGD2;MS4A7;CD163L1;TLR5;SIGLEC8;NAIP;HLA-DPA1;CXCL10;P2RY13;TLR1;CPVL;CMKLR1;MS4A6A;HRH1;GPR34;C1QA;TMEM106A;HLA-DMB;HLA-DRA;CD80;RNASE6;CD86;CD209;SLC39A13-AS1;MS4A4A;HLA-DMA;CCDC200;NLRP3;HLA-DRB1;C3AR1;PDCD1LG2;CLEC7A;AGR2;MRC1;IGSF6;NLRC4;HLA-DPB1;LILRB1;MSR1;SIGLEC12;C1QB;CFD;CD300LF;TNFRSF11A;PLA2G7;CYTH4;CSF1R;CD163;CD33;FOLR2;CALHM6;MNDA;KCNK13;IER3;NFAM1;FPR3;SIRPB1;SIGLEC16;HCK;RIPK3;SLAMF8;LILRB5;CCR1;PTAFR;PRAM1;LACC1;HLA-DQB1;MS4A14;ZMYND15;LILRB4;SECTM1;SLC1A3;VSIG4;ADAP2;SIRPB2",3.2381380211686475,2.5788321591872938e-34,TRUE,
"DURANTE_ADULT_OLFACTORY_NEUROEPITHELIUM_CD8_T_CELLS",71,0.808025180156427,3.185875385725781,7.435232719526834e-26,1.6402573999441017e-24,"TRAF3IP3;CD2;PTPRC;FYB1;RGS1;TRBC1;CD3G;CLEC2D;CD96;CD3E;TRBC2;KLRB1;ACAP1;TRAC;JAML;PTPN22;LCP1;IL7R;TBC1D10C;CD3D;CYTIP;CXCR6;SYTL3;CCL5;STK17B;CD8A;CD52;ARHGDIB;NKG7;EVL;GZMM;TAGAP;CD48;TRGC2;SAMSN1;LSP1;STK17A;GMFG;GZMA;TNFAIP3;CD7;CD69;CTSW;LINC01871;TSC22D3;PTGER4",3.17344831100495,1.3802282326102397e-24,TRUE,
"AIZARANI_LIVER_C5_NK_NKT_CELLS_3",113,0.7173686116125546,3.086097853955714,1.4806299107009643e-25,3.1702899264420646e-24,"PYHIN1;SH2D1A;FCMR;IKZF1;SLAMF6;ITGAL;SLAMF7;CD2;PTPRC;FYB1;IPCEF1;CD247;CD96;CD3E;TIGIT;IKZF3;TRBC2;KLRB1;ETS1;BTN3A1;NR4A2;PTPN22;LCP1;SASH3;CYTIP;TXK;GNG2;PLAAT4;CXCR6;SYTL3;CCL5;SLA;BIN2;ARHGDIB;PRDM1;NKG7;TAGAP;RASSF5;IL2RB;RASA2;ARHGAP9;STK17A;CBLB;GZMA;WIPF1;CD7;RNF125;PIP4K2A;AKNA;KLRD1;PARP8;CD53;TOX;CNOT6L;PRKCH;CD69;CTSW;TSC22D3;PTGER4;HLA-F;FCER1G;RAC2;MCTP2;DENND2D;RPS27;SLFN5;PRKACB;NCAM1;SRGN;EOMES",3.202753193194432,2.0646809222383875e-29,TRUE,
"AIZARANI_LIVER_C2_KUPFFER_CELLS_1",200,0.6117631174372229,2.8539705779330613,6.05884446836558e-25,1.2602396494200407e-23,"KLHL6;ADAM28;RGS1;GPR183;CD1C;WDFY4;POU2F2;EVI2B;GAPT;HCLS1;JAML;FGL2;TNFSF13B;CLEC10A;CD37;CPM;MARCHF1;NR4A3;MFSD1;MPEG1;AIF1;CYBB;STK17B;HLA-DQA1;CTSS;HLA-DOA;FGD2;RNF144B;MS4A7;LY86;CD83;CD84;HLA-DPA1;P2RY13;CPVL;ADA2;REL;PLD4;MS4A6A;SGK1;LIPA;GNAQ;GPR34;C1QA;KCTD12;HLA-DMB;HLA-DRA;RNASE6;CD86;CCDC88A;MS4A4A;CIITA;HLA-DMA;AHR;NLRP3;HLA-DRB1;ROCK1;C3AR1;CLEC7A;MRC1;IGSF6;IL18;BASP1;C1orf162;PLXDC2;HERPUD1;HLA-DPB1;FCER1A;HLA-DRB5;MSR1;LIMS1;FCER1G;C1QB;ALOX5;RGS2;MAP3K8;RTN1;TBXAS1;THEMIS2;KLF4;CLEC4E;CSF1R;CD163;F13A1;FCGBP;PTEN;RBPJ;HSPA6;CALHM6;MNDA;IER3;FPR3;FCGR2B;SRGN;PARVG;LPCAT2;ITGB2;SAMHD1;HCK;CCR1;PTAFR;CXCL16;HLA-DQB1;LAPTM5;PLEK;IL1R2;NCOA4;RGS10;LILRB4;RAB31;VSIG4",3.0894300356878563,6.952356310929493e-32,TRUE,
"DESCARTES_FETAL_PANCREAS_MYELOID_CELLS",178,0.6301850491385089,2.8910113741841226,9.35052709029107e-25,1.8908843671477497e-23,"JCHAIN;NAPSB;SLAMF7;ADAM28;CCR2;LINC00996;SCIMP;TASL;CCR5;JAML;FGL2;CLEC10A;MILR1;ATP8B4;TIFAB;MPEG1;GPR82;CYBB;CLEC12A;HLA-DQA1;SLC37A2;TFEC;RGS18;SIGLEC10;FGD2;MS4A7;CXCR2P1;CD163L1;CD1D;XCR1;CD83;IDO1;HLA-DPA1;TLR8;P2RY13;CPVL;PLD4;MS4A6A;HPGDS;CX3CR1;HRH1;GPR34;C1QA;RNASE6;CD86;MCOLN2;NCF1;CD209;SLC39A13-AS1;MS4A4A;HLA-DQB2;NLRP3;HLA-DRB1;KYNU;C3AR1;CLEC7A;AGR2;MRC1;IGSF6;C1orf162;NLRC4;LILRB1;HLA-DRB5;MSR1;FCER1G;C1QB;C19orf38;GNA15;TBXAS1;CD300LF;CSF1R;CD163;F13A1;CD33;FOLR2;MNDA;KCNK13;NFAM1;FPR3;SRGN;SIRPB1;MYO1F;HCK;SLAMF8;LILRB5;CCR1;PTAFR;PRAM1;ASGR2;HLA-DQB1;MS4A14;CD300LB;PADI2;PLEK;RENBP;IL1R2;LILRB4;VSIG4;SIRPB2;SCT;SIGLEC7",3.19375883270918,3.697756785367767e-35,TRUE,
"AIZARANI_LIVER_C34_MHC_II_POS_B_CELLS",128,0.6857731513436404,3.025676927262963,9.904906828788528e-25,1.9488573436102834e-23,"MS4A1;TLR10;FCRLA;CD22;CD79A;FCRL2;CD19;POU2AF1;CD79B;TNFRSF13C;FCMR;CCR7;PAX5;SP140;LTB;BANK1;CD1C;CLEC2D;SPIB;RCSD1;POU2F2;EVI2B;PRKCB;RIPOR2;PARP15;CD37;TLR6;MARCHF1;AFF3;MPEG1;BIRC3;CYBB;HLA-DQA1;CD52;SELL;SWAP70;CD83;RALGPS2;LYST;FOXP1;HLA-DRA;KIAA0040;RNASE6;NCF1;EGR3;CIITA;PLEKHA2;HLA-DRB1;GNG7;STX7;LIMD2;HLA-DPB1;HSH2D;ITM2C;BACH2;HLA-DRB5;LINC00926;PPM1K;PLAC8;MAP3K8;EBF1;TTN;DDX6;RPS27",3.061201897800175,5.287267317497331e-25,TRUE,
"SU_HO_CONV_CENT_CHONDROSARCOMA_LEUKOCYTE_C2_T_CELL",125,0.6849500620417548,3.0095898248191792,2.648251151763304e-24,5.073491680220225e-23,"SH2D1A;CD27;ITM2A;CD2;PTPRC;LTB;CD247;TRBC1;CD3G;SPOCK2;CLEC2D;CD96;CD3E;TIGIT;TRBC2;KLRB1;GIMAP7;TENT5C;ACAP1;TRAC;GZMH;IL7R;CD37;GIMAP4;CD3D;CYTIP;GNG2;PLAAT4;CCL5;CD8A;CD52;ARHGDIB;NKG7;EVL;GZMM;CD48;TRGC2;LYST;APOBEC3G;CLDND1;HLA-E;STK17A;BTG2;RHOH;GZMA;CD7;PTGER2;CRIP1;HLA-C;B2M;PBXIP1;LIMD2;CD69;CTSW;LINC01871;CDC42SE2;HLA-B;EML4;IRF1;DOK2;SRSF5;DENND2D",3.0579974348140264,3.45677641234892e-25,TRUE,
"DESCARTES_FETAL_EYE_MICROGLIA",140,0.6664347746596366,2.9862457448583917,1.0331407689070836e-23,1.9285294352932229e-22,"IKZF1;TRAF3IP3;ITGAL;ADAM28;SP140;PTPRC;FYB1;RGS1;BANK1;IPCEF1;CD247;GPR183;CYSLTR1;WDFY4;DOCK2;ARHGAP25;ARHGAP15;PTPN22;LCP1;IL10RA;CD37;TXK;ATP8B4;APBB1IP;NCKAP1L;IRAG2;CYBB;ARHGAP30;TFEC;DOCK8;SIGLEC10;FGD2;MS4A7;CD163L1;VAV1;LY86;CD83;CD84;NAIP;SLC9A9;HLA-DPA1;XACT;PLD4;MS4A6A;IL6R;HPGDS;CX3CR1;RHOH;GPR34;C1QA;TMEM106A;HLA-DRA;LYVE1;EGR3;HLA-DMA;HLA-DRB1;CD74;SCIN;CLEC7A;JAK2;SPN;FMNL1;C1QB;TBXAS1;DOCK11;GAL3ST4;PIK3R5;CCL2;CYTH4;CSF1R;F13A1;KCNK13;PIK3AP1;LPCAT2;SRGAP2C;ITGB2;MYO1F;HCK;PTAFR;PRAM1",3.2640853021702076,1.868341559429084e-33,TRUE,
"SU_HO_CONV_CENT_CHONDROSARCOMA_C5_CHON2",256,-0.5191370150178457,-2.7446958068402325,2.8020796772172615e-23,5.099785012535416e-22,"MARS1;TIMM44;CCT7;LONP1;PPM1G;SHMT2;KCNG1;TOMM40;UFD1;EMC4;GDF15;PRELID1;NDUFS7;TBCB;ARG2;PSMC4;SARS1;PHB2;CDK4;SGTA;TMEM147;IARS1;LARP6;PSMD14;PSMD8;WDR1;TRMT112;CCND1;IMP3;AARS1;ORMDL2;AP3D1;RRS1;STRAP;HSPA9;STOML2;ADRM1;SNU13;PGK1;TIMM50;MRPS12;EXOSC5;MEA1;SEPHS2;TSSC4;EBNA1BP2;TSPYL2;REXO4;CCDC107;PA2G4;EIF4A3;GTF2F1;CCDC124;FKBP4;ARL6IP4;MIEN1;EMC7;XPOT;HNRNPD;DNAJC1;NUDT2;SEC61A1;NDUFAF3;FIBP;GRPEL1;HNRNPM;PSMC5;SLC25A4;FAM174C;NDUFA6;MAP2K2;NDUFA8;CCT4;CLTA;EIF3K;PSMC3;THAP7;GOT1;POLR2C;C12orf57;PRDX5;MRPL49;RFK;POLR2I;COX5B;RBM42;NARS1;MRPL34;CHCHD5;CCT6A;PSMD7;TRAPPC2L;SRA1;MRPS18C;KRT18;ATP6V1E1;TNFRSF10B;RPS19BP1;PSMD11;SLIRP;ATP5F1D;COPZ1;REX1BD;H2AJ;HNRNPUL1;PITX1;BEX2;NOSIP;SQSTM1;SAFB2;ERCC1;RBCK1;CHLSN;MRPL57;KARS1;SF3B2;RETREG2;GHITM;UBXN6;ATF5;CREB3;NDUFB9;UBXN1;ATP5ME;PRKAG1;DTD1;NDUFA3;CCDC59;COX6B1;XRCC6;BRMS1;SLC25A38;MICOS13;NIFK;AATF;PNO1;SURF1;RPS5;EMG1;PSMA3",-2.8336630290296223,2.2728970974860425e-25,TRUE,
"HE_LIM_SUN_FETAL_LUNG_C3_CYCLING_DEFINITIVE_ERYTHROBLAST",405,-0.4410310889878313,-2.418105258227949,3.7784735143664034e-22,6.709094435265224e-21,"RPS6KB2;STEAP3;SLC7A5;SLC1A5;AEN;FAH;DNAJC9;FAM83D;CDC45;HES6;RCCD1;TYMS;SLC6A9;PLK1;CDCA4;ATG4D;TANGO2;KNSTRN;GTSE1;FOXM1;KIF4A;ATIC;OSBP2;NSD2;MCM2;CDC20;TROAP;CDCA3;TTLL12;SPTB;MTHFD2;CDCA8;PPIF;MCM5;RAD54L;KIF20A;CCNF;CCNB2;ARHGEF39;GRK6;CCNE1;OIP5;KREMEN1;SNRNP25;PKMYT1;ANKRD9;POLD1;PCK2;KPNA2;CENPV;UBE2C;PRC1;FANCA;BOP1;GCDH;NCAPH2;MID1IP1;PPME1;SPINT2;UBE2S;RAB6B;KIF23;CENPM;HIC2;BUB1B;EXOSC3;CENPP;ARHGAP11A;AURKA;RECQL4;PGP;ORC1;PCCB;FEN1;LDB1;PKLR;ABCB8;CKS2;KIF2C;SNHG10;CDC6;NCAPH;CHAF1A;AMMECR1;LIG1;DNAJC6;SLC11A2;KIFC1;MIGA2;UHRF1;KCNH2;SLC43A1;CCNA2;RMDN3;DYNC2I2;CCNB1;TACC3;WDR4;DSCC1;AURKB;SPAG5;CHPT1;NCAPD3;ZWINT;DHRS13;AGO2;PRPS2;SLC6A8;CLSPN;ISOC1;APEH;FHDC1;RNF123;KMT5C;ASF1B;RCL1;ORC6;NCAPG;FANCI;NOP16;CDCA5;MYBL2;CDKN3;CDT1;NMNAT3;TRIP13;C9orf40;FAM72B;TFRC;MCM10;TPX2;NUP37;FN3K;PAICS;TESC;KIF22;KMT5A;CHEK2;ADISSP;RRM2;CENPN;TSPAN17;PLEK2;NFE2;SLC48A1;RACGAP1;POC1A;TIMM8A;DPP7;CRNDE;MINPP1;MST1;H2AC20;CISH;DNAJA4;APOBEC3B;MKI67;MXD3;NCAPD2;BLM;MTHFD1;TK1;SFXN4;FAM178B;PARPBP;GCLM;ALAD;SLC37A4;SKA1;BRI3BP;RFC5;STIL;HJURP;PIGQ;SLC25A38;TOP1MT;BIRC5;PMM1;GINS2;MIS18A;SLC38A5",-2.4646615119830004,7.333561357857038e-23,TRUE,
"DESCARTES_FETAL_KIDNEY_MYELOID_CELLS",162,0.621253680868205,2.8410954222788734,5.121514872279651e-22,8.877292445284728e-21,"TLR10;NAPSB;GPR183;CCR2;LINC00996;SCIMP;CCR5;TLR7;GGTA1;TMEM273;MARCHF1;ATP8B4;TIFAB;VNN1;MPEG1;AIF1;CYBB;SLC37A2;FGD2;DHRS9;MS4A7;CYRIA;CD163L1;CD200R1;TLR8;P2RY13;TLR1;CPVL;LY96;MS4A6A;HPGDS;TNFSF18;HRH1;GPR34;C1QA;HLA-DMB;RNASE6;CD86;NCF1;CD209;MS4A4A;CIITA;HLA-DQB2;C9orf72;NLRP3;KYNU;C3AR1;CLEC7A;IGSF6;C1orf162;HLA-DPB1;HAVCR2;LILRB1;HLA-DRB5;MSR1;C1QB;KCNAB1;RGS2;B3GNT5;CD300LF;TNFRSF11A;CYTH4;CSF1R;CD163;CD33;FOLR2;MNDA;IER3;NFAM1;FPR3;PTGS2;SIRPB1;SIGLEC16;LPCAT2;HCK;SLAMF8;CIMAP1B;LILRB5;CCR1;PTAFR;FCGR2C;ASGR2;AATBC;HLA-DQB1;MS4A14;PTPRN2-AS1;IL1R2;LILRB4;OLR1;VSIG4;ADAP2;SIRPB2",3.015854170784159,6.660588586556116e-26,TRUE,
"TRAVAGLINI_LUNG_CD8_NAIVE_T_CELL",140,0.6526201190060867,2.9243432778342684,5.259078251204464e-22,8.903741783434535e-21,"PYHIN1;SH2D1A;ITK;SLAMF6;ITGAL;CD2;CD3G;SPOCK2;CD96;CD3E;TIGIT;STAT4;IKZF3;ETS1;BTN3A1;SLA2;GZMH;TBC1D10C;IL10RA;IL12RB1;BTN3A2;CD3D;SEPTIN1;GNG2;PLAAT4;TBX21;RASAL3;SYTL3;TRG-AS1;RAB27A;CCL5;CD8A;PRDM1;NKG7;GZMM;CAPN2;MIAT;LSP1;KLRG1;APOBEC3G;C1orf21;LAG3;CX3CR1;GZMA;CD7;SYNE1;RNF125;PIP4K2A;AKNA;KLRD1;EMB;OPTN;GFI1;S1PR4;CNOT6L;B2M;ZAP70;TC2N;PRKCH;CTSW;RAP1B;CDC42SE2;HLA-B;HLA-F;SPN;ZBTB38;F2R;MYO1G;RPS27;SLFN5;ARL4C;PRKACB;SH2D2A;EOMES;TGFBR3;CD8B;ITGB2;CARINH;TOB1",2.901651281720399,2.9937515133616862e-21,TRUE,
"FAN_EMBRYONIC_CTX_BRAIN_EFFECTOR_T_CELL",122,0.6756209272411597,2.9592548598179778,1.2956020652024921e-21,2.143632507880487e-20,"LINC00861;PYHIN1;SH2D1A;ITGAL;SLAMF7;PTPRC;CD247;CD96;CD3E;STAT4;KLRB1;GIMAP7;ACAP1;RIPOR2;LCP1;GZMH;TBC1D10C;BTN3A2;GIMAP4;CYTIP;TXK;SEPTIN1;PLAAT4;STK17B;NKG7;CD48;LSP1;RASSF5;ICAM3;CLEC2B;IL2RB;TXNIP;APOBEC3G;GMFG;GZMA;CD7;SYNE1;PIP4K2A;AKNA;KLRD1;LITAF;IL18RAP;CRIP1;HLA-C;CD244;MSN;ZAP70;LIMD2;PRKCH;CD69;HSH2D;LAIR2;CTSW;RAP1B;CDC42SE2;HLA-B;HLA-F;RAC2;PLAC8;IRF1;DOK2;IQGAP2;DENND2D;GPR65;PRKACB;SRGN;SH2D2A;EOMES",3.0406632455385827,1.8831313064060634e-24,TRUE,
"AIZARANI_LIVER_C25_KUPFFER_CELLS_4",173,0.6079595544286045,2.7824381987714712,2.429723240026763e-21,3.930752263865519e-20,"IRF4;KLHL6;RGS1;GPR183;CD1C;POU2F2;EVI2B;GAPT;NR4A2;HCLS1;JAML;FGL2;TNFSF13B;CLEC10A;MARCHF1;NR4A3;MPEG1;AIF1;CYBB;STK17B;HLA-DQA1;CTSS;HLA-DOA;SELL;RNF144B;MS4A7;CD83;SAMSN1;HLA-DPA1;CPVL;ADA2;REL;PLD4;SGK1;KCTD12;HBEGF;HLA-DMB;FGD4;HLA-DRA;RNASE6;CD86;SERPINB9;CCDC88A;ZEB2;LITAF;CIITA;HLA-DMA;AHR;NLRP3;HLA-DRB1;GNA13;ZNF331;LRRFIP1;CLEC7A;IGSF6;BASP1;C1orf162;HERPUD1;HLA-DPB1;LILRB1;FCER1A;HLA-DRB5;LIMS1;H3-3A;FCER1G;RGS2;MAP3K8;B3GNT5;THEMIS2;KLF4;CLEC4E;CSF1R;CD163;HSPA6;CMTM6;MNDA;IER3;SRGN;ITGB2;SAMHD1;HCK",2.950330792947583,8.513711866802754e-26,TRUE,
"HAY_BONE_MARROW_NAIVE_T_CELL",371,0.481085176448915,2.3953085764108404,1.9430906243601793e-20,3.034576007137938e-19,"LINC00861;TESPA1;P2RY10;TRAT1;CD28;IL16;CCR7;TRAF3IP3;ITK;CD27;P2RY8;ITM2A;CD2;FYB1;LTB;CAMK4;TRBC1;CD3G;SPOCK2;CLEC2D;CD96;GPR171;CD3E;THEMIS;CHRM3-AS2;TRBC2;ADTRP;SIRPG;ICOS;GIMAP7;UBASH3A;ACAP1;TRAC;ETS1;RIPOR2;PIM2;CD40LG;ARHGAP15;RASGRP1;IL7R;CYLD;ANKRD44;GIMAP4;BCL2;CD3D;SEPTIN1;GIMAP1;GPR82;ANXA2R;VAMP2;ANKRD12;EVL;CD6;DGKA;CD48;GPSM3;ICAM3;FOXP1;RGL4;IL2RA;VSIG1;SMCHD1;TNFAIP8;BTG2;RHOH;TNFAIP3;CYTH1;RNF125;PAG1;YPEL5;GALM;ZNF331;CNOT6L;FBXO32;ATM;LINC-PINT;ZC3H12D;SBDS;TC2N;PBXIP1;TCEA3;NBEAL1;CD69;CDC42SE2;TSC22D3;PTGER4;THEM4;N4BP2L2;ZEB1;MAML2;STAT3;MGAT4A;GCC2;EML4;FAM177A1;INPP4B;RBL2;REG4;RPS27;PNRC1;CRBN;SFMBT1;ARID5B;ZBTB25;SLFN5;NMRK1;ELF1;TMEM123;MPHOSPH8;ZC3HAV1",2.4272286039279076,1.9266669928798333e-20,TRUE,
"AIZARANI_LIVER_C28_NK_NKT_CELLS_6",98,0.7030885047991872,2.9448612452896885,1.9591356090038884e-20,3.034576007137938e-19,"CXCL13;ITK;PTPRC;RGS1;SPOCK2;GPR171;TRBC2;KLRB1;TENT5C;TRAC;ETS1;PIM2;CD40LG;LCP1;IL7R;CYTIP;CXCR6;PDE4D;SYTL3;SLA;STK17B;CD52;ARHGDIB;PRDM1;NR3C1;SAMSN1;RASSF5;GPRIN3;TXNIP;SMCHD1;STK17A;EVI2A;WIPF1;TNFAIP3;RNF125;PDCD4;AKNA;PARP8;EMB;CD53;ZNF331;CNOT6L;PBXIP1;MAF;CD69;CDC42SE2;TSC22D3;PTGER4;EML4;FAM177A1;PPP1CB;RPS27;RBPJ;ZC3HAV1;SRGN;SH2D2A",2.9519126301088416,8.243872940374286e-21,TRUE,
"HAY_BONE_MARROW_PLASMA_CELL",112,0.6767578495522792,2.9104845217049973,2.868228105448774e-20,4.35014595993064e-19,"TNFRSF17;JCHAIN;FCRL5;IGKC;IGHV3-7;MZB1;IGKV1D-8;IGLV2-14;PLA2G2D;IGKV1-12;IGKV3D-15;IGHA2;IGKV1-5;IGKV3-15;IGLC2;SLAMF7;IGLL5;IGKV3-20;IGHGP;IGHV3-23;IGHA1;LINC02362;DERL3;IGHG3;IGHG1;IGLV1-44;IGKV4-1;IGLC3;KCNN3;IGHM;IGLV3-21;IGLV6-57;MEI1;IGHG4;IGHG2;ITGA8;BHLHE41;RASGRP3;SCNN1B;PRSS16;UBE2J1;MOXD1;TXNDC11",2.8833837768957955,4.849108463491691e-19,TRUE,
"FAN_OVARY_CL10_PUTATIVE_EARLY_ATRESIA_GRANULOSA_CELL",265,-0.4912842939625983,-2.6051798563771107,7.648750012323745e-20,1.1363857161166708e-18,"SMARCB1;GAPDH;PHB1;PRDX2;PSMB5;CYC1;NME4;SRSF9;TUBA1B;TBCB;ATP5F1B;ALDOA;SNRPF;SLC25A5;NDUFS8;PPP1R14A;TRMT112;PPP1CA;RAN;PSMA7;ANAPC11;ATP5MC3;COPE;STOML2;COX5A;NHP2;RPS14;DMAC1;SLC25A6;PHPT1;RANBP1;FDXR;GSTP1;PKM;ACTG1;RPS17;POLR2F;MDH2;MPST;SPINT2;NDUFA13;NME1;TPI1;NDUFA12;GNG5;ATP5F1A;OST4;RPL3;NDUFA1;SELENOH;SRP14;PRSS23;PEBP1;LSM7;PSMB2;ACTB;TIMM13;H2AZ1;POLR2L;ROMO1;APEX1;PRDX3;PPP4C;CIAO2B;ECH1;NDUFB7;COX8A;ZNF428;ATP5F1C;VDAC1;NDUFB11;PSMB3;NDUFS5;PSMC3;CALM3;MDH1;NDUFA2;DDAH2;PRDX5;ATP5MC2;MACROH2A1;TUBB;POLR2I;COX5B;MZT2A;SMS;GADD45GIP1;PSMD4;LSM4;EIF3L;AP2M1;PLIN3;PLEKHJ1;DNPH1;MRPL16;DBI;MARCKSL1;FSCN1;SERF2;COPS6;DYNLL1;COX4I1;SLIRP;PDCD5;CFL1;IDH1;SNRPC;AURKAIP1;PSMB6;PSMB7;RBX1;RPL36A;HINT1;COX7C;PARK7;ATP5ME;RPS27L;PTRHD1;NDUFA3;COX6B1;ERH;PLA2G12A;CKB;ELOB;PIN1;PFN1;TMEM258;PSMA3;ATP5MC1;MZT2B;ATP5MJ;TSPAN6;ECHS1;LY6E;GABARAP;NEDD8;PSMA4;NDUFA11;TMEM97;FHL2;MAGED2;HDAC2;BANF1;HNRNPA1",-2.828146766772203,8.375939362346859e-26,TRUE,
"FAN_EMBRYONIC_CTX_NSC_2",229,-0.5121425078634337,-2.674112956544409,1.909009337506887e-19,2.7795175954100275e-18,"SAPCD2;TUBG1;PIF1;SMTN;ESPL1;KIF18B;FAM83D;PLK1;KNSTRN;GTSE1;FOXM1;KIF4A;TUBB4B;DDX39A;CDC20;TROAP;CDCA3;CDCA8;APOLD1;KIF20A;RAN;CCNF;CCNB2;ARHGEF39;OIP5;TUBA1C;RUVBL2;PHF19;LMNB1;RANGAP1;KPNA2;UBE2C;PRC1;SNRPA1;UBE2S;TUBB6;KIF23;CENPM;BUB1B;PIMREG;ARHGAP11A;AURKA;RNF26;HMGB3;ACTN1;PPP2R5D;DCXR;CKS2;KIF2C;NCAPH;EMC9;H2AZ1;KIFC1;POLR2D;CCNA2;PSRC1;CCNB1;COX8A;TACC3;H2AX;AURKB;SPAG5;NCAPD3;ZWINT;REEP4;CALM3;ASF1B;GGH;BUB3;ORC6;NCAPG;TRAIP;CDCA5;CDKN3;TRIP13;TPM2;PLIN3;TPX2;KIF22;DTYMK;KMT5A;CHEK2;RRM2;DCTN3;CENPN;CDC25B;RACGAP1;POC1A;LDHA;RNF4;NOSIP;MKI67;TNFAIP8L1;MXD3;NCAPD2;TK1;LGALS1;PARPBP;NEURL1B;RBMX;CDC25C;RASSF1;SKA1;STIL;HJURP;CKAP5;BIRC5;CEP55",-2.785474102383574,7.661220689627209e-22,TRUE,
"DESCARTES_FETAL_PLACENTA_MYELOID_CELLS",134,0.6363232404169163,2.8345407932567235,3.5437116583370593e-19,5.058474680920352e-18,"CD28;PLA2G2D;SCIMP;TLR7;GGTA1;FGL2;MILR1;TMEM273;TLR6;MARCHF1;MPEG1;CYBB;HLA-DQA1;SLC37A2;TFEC;HLA-DOA;SIGLEC10;FGD2;MS4A7;CD163L1;ADAMDEC1;LY86;CD83;HLA-DPA1;CXCL10;CPVL;CXCL9;MS4A6A;HPGDS;C1QA;CCL13;HLA-DRA;EGR2;RNASE6;CD86;CXCL11;CIITA;HLA-DMA;NLRP3;CHIT1;HLA-DRB1;TNFAIP8L2;CD74;C3AR1;CLEC7A;P2RX7;IGSF6;LAIR1;C1orf162;HLA-DPB1;HLA-DRB5;SLC38A6;LGALS2;C1QB;KCNAB1;GNA15;THEMIS2;TPRG1;CCL2;CD163;FOLR2;RBPJ;SUCNR1;CALHM6;MNDA;NFAM1;FPR3;HCK;SLAMF8;LAMP3;CXCL16;PRAM1;LACC1;HLA-DQB1;PADI2;LILRB4;VSIG4;ADAP2;SIRPB2;MAFB;LST1;ANKRD22",3.0752628308264516,6.37432493045259e-26,TRUE,
"DESCARTES_FETAL_HEART_MYELOID_CELLS",114,0.6567402333866112,2.8351331816424206,5.281947076291646e-19,7.394725906808305e-18,"NAPSB;ADAM28;CCR2;LINC00996;SCIMP;CCL22;TLR7;JAML;CD1E;CLEC10A;EBI3;MPEG1;CYBB;HLA-DQA1;SLC37A2;FGD2;MS4A7;CD163L1;CD1D;XCR1;HLA-DPA1;TLR8;P2RY13;PLD4;MS4A6A;GPR34;C1QA;TMEM106A;HLA-DMB;HLA-DRA;EGR2;CD86;CD209;MS4A4A;CIITA;HLA-DRB1;CD74;C3AR1;HLA-DQA2;PDCD1LG2;CLEC7A;IGSF6;NLRC4;LILRB1;HLA-DRB5;SLC38A6;C1QB;C19orf38;CD300LF;PLA2G7;CSF1R;CD163;RBPJ;MNDA;NFAM1;SIRPB1;HCK;SLAMF8;LILRB5;CCR1",3.079817799370963,4.651692618373064e-26,TRUE,
"CUI_DEVELOPING_HEART_C7_MAST_CELL",145,0.6091397280048922,2.7428644801601614,5.599986154002212e-19,7.692056453044547e-18,"TESPA1;BTK;CPA3;RGS1;DOCK10;ARHGEF6;GRAP2;MS4A2;GAPT;FOSB;HCLS1;ARHGAP15;LCP1;CD37;HDC;TNFSF10;BIN2;ARHGDIB;CD83;CD84;SAMSN1;IL1RL1;LYST;ADRB2;TPSAB1;STXBP5;NFKBIZ;VWA5A;HPGDS;BTG2;GMFG;CSF2RB;RHOH;SLC18A2;TNFAIP3;PAG1;HPGD;GNA13;PIK3R6;CD53;CAVIN2;LAIR1;C1orf162;TENT5A;CD69;TPSB2;TSC22D3;SDCBP;CCNL1;FCER1G;RAC2;LPXN;ALOX5;NCF4;RGS2;MLPH;ARHGAP18;PTPN7;GPR65;ELF1;PPP1R15A;SRGN;ZFP36;LPCAT2;GLUL;NFKBIA;DNAJB9;IER2;LAPTM5;ATP2A3;PLEK;P2RX1;STING1;VMP1;GATA2",2.8771533582481883,3.1511856257930664e-21,TRUE,
"SU_HO_CONV_CENT_CHONDROSARCOMA_LEUKOCYTE_C0_M1_MACROPHAGE",257,0.5233197402994623,2.5178639330134347,9.936762731733936e-19,1.339622827537464e-17,"RGS1;GPR183;FOSB;NR4A2;MCL1;FGL2;SELENOP;CPM;NR4A3;MFSD1;MPEG1;CYBB;HLA-DQA1;CTSS;CFLAR;MARCKS;MS4A7;CYRIA;NR4A1;LY86;CD83;HLA-DPA1;MXD1;CPVL;REL;LPAR6;MS4A6A;NFKBIZ;SGK1;GPR34;C1QA;KCTD12;HBEGF;TNFAIP3;ZNF267;HLA-DMB;HLA-DRA;MEF2C;KLF6;STX11;SERPINB9;ZEB2;LITAF;MS4A4A;HLA-DMA;A2M;ELL2;NLRP3;HLA-DRB1;GNA13;CD74;ITM2B;RASGEF1B;KYNU;CLEC7A;TRIB1;IL18;DUSP1;LAIR1;HERPUD1;HLA-DPB1;QKI;TACC1;FNIP2;NEAT1;MSR1;PPP1R15B;SDCBP;C2;H3-3A;C1QB;EGR1;SOD2;MAP3K8;B3GNT5;MIR155HG;LCP2;KLF4;CCL2;PNRC1;CSF1R;CD163;PDE4B;FOLR2;CPEB4;HSPA6;MNDA;MIR22HG;IER3;PPP1R15A;DAB2;SRGN;WSB1;PTGS2;ZFP36;USP53;AKAP13;NFKBIA;CXCL16;WTAP;ARL8B;SEC14L1;HSPA1B;HLA-DQB1;PLEK;CD93;NCOA4;DSE;OLR1;MAFF;RAB31;RAC1;VSIG4;ADAP2;HIF1A;ABL2;OTUD1",2.6975569439128755,7.134739780755212e-23,TRUE,
"TRAVAGLINI_LUNG_CD4_MEMORY_EFFECTOR_T_CELL",69,0.7467363609769152,2.940549043875092,1.4608169695591399e-18,1.9335904615255525e-17,"TRAT1;CD28;TRAF3IP3;ITK;SLAMF1;CD2;GPR183;SPOCK2;CLEC2D;CD96;CD3E;ICOS;GIMAP7;ETS1;CD40LG;ARHGAP15;RASGRP1;IL7R;IL10RA;CD3D;SEPTIN1;PCED1B-AS1;CD52;PRDM1;EVL;CD6;CAPN2;MIAT;ICAM3;TXNIP",2.9044635906082252,1.0126364079918886e-16,TRUE,
"DESCARTES_FETAL_LIVER_MYELOID_CELLS",169,0.5824522333162298,2.6624458172067293,1.6004881025019303e-18,2.0806345332525093e-17,"NAPSB;RGS1;CD1C;SCIMP;FGL2;IL10RA;MARCHF1;ADGRE1;VCAM1;EBI3;MPEG1;CYBB;HLA-DQA1;SLC37A2;CTSS;FGD2;MS4A7;CXCR2P1;CD163L1;TLR5;IDO1;SEMA4A;TLR8;CXCL10;P2RY13;CPVL;CXCL9;CMKLR1;EPB41L3;PDK4;LIPA;KCNJ10;GFRA2;HRH1;C1QA;CD80;RNASE6;CD86;CD209;MS4A4A;C9orf72;TNFAIP8L2;C3AR1;PDCD1LG2;CLEC7A;IFIT2;IGSF6;C1orf162;NLRC4;LILRB1;MSR1;IFIT3;C1QB;KCNAB1;CFD;CD300LF;SLC49A4;THEMIS2;TNFRSF11A;PLA2G7;TPRG1;CSF1R;CD163;FOLR2;FUCA1;SUCNR1;CALHM6;KCNK13;NFAM1;FPR3;DMXL2;SIRPB1;LINC01504;SIGLEC16;GAA;SAMHD1;LILRB5;CCR1;FCGR2C;MS4A14;CETP;LILRB4;RAB31;VSIG4;ADAP2;SIRPB2;SIGLEC7;MAFB;OSBPL11;IFNGR1;GPR137B;CCR3",2.926841603847765,1.8947904166097627e-24,TRUE,
"DESCARTES_FETAL_MUSCLE_MYELOID_CELLS",113,0.6558628072616304,2.8215017624337673,2.847661647816564e-18,3.637013473000805e-17,"NAPSB;CD1C;CR1;JAML;IL10RA;CYTIP;TLR6;ATP8B4;DNASE1L3;AIF1;CYBB;HLA-DQA1;CTSS;FGD2;MS4A7;CD163L1;LY86;CD83;SEMA4A;CD200R1;HLA-DPA1;P2RY13;TLR1;CMKLR1;PLD4;MS4A6A;HPGDS;HRH1;C1QA;HLA-DRA;CD86;MCOLN2;CD209;BLNK;MS4A4A;CIITA;EAF2;HLA-DMA;HLA-DRB1;CD74;KYNU;C3AR1;CLEC7A;AGR2;IGSF6;HLA-DPB1;C2;NCF4;RTN1;GNA15;MIR155HG;PLA2G7;CYTH4;CSF1R;RGL1;CD163;FOLR2;RBPJ;MNDA;NFAM1;LY75;HCK;LILRB5;WWP1;LACC1;HLA-DQB1;RENBP;VSIG4;ADAP2;SIRPB2",3.0216397604512397,1.2012933189566963e-23,TRUE,
"HE_LIM_SUN_FETAL_LUNG_C2_PROMONOCYTE_LIKE_CELL",271,-0.4686723192682351,-2.489239392146747,3.7853468927738214e-18,4.7512629964471414e-17,"SAPCD2;NT5DC2;PHGDH;DNAJC9;KIF18B;CDC45;TYMS;PLK1;CDCA4;KNSTRN;ACOT7;GTSE1;FOXM1;RAB3D;SAC3D1;FASN;NSD2;MCM2;CDC20;TROAP;CDCA3;SAE1;CES1;CDCA8;PDSS1;KIF20A;CCNF;CCNB2;ANAPC15;ARHGEF39;GRK6;C19orf48P;SNRNP25;GCHFR;INCENP;PKMYT1;TUBA4A;PHF19;LMNB1;RANGAP1;UBE2C;PRC1;FANCA;NCAPH2;UBE2S;KIF23;CENPM;BUB1B;ARHGAP11A;AURKA;RECQL4;RNF26;HMGB3;BCL2L12;ORC1;LMNB2;FEN1;KIF2C;NCAPH;CHAF1A;LIG1;MCM7;KIFC1;ACAP3;UHRF1;CCNA2;PSRC1;DYNC2I2;CCNB1;H2AX;TIMELESS;AURKB;SPAG5;NCAPD3;ZWINT;CHTF18;PAQR4;CLSPN;ASF1B;GGH;ORC6;NCAPG;FANCI;DDX11;CDCA5;MYBL2;ALYREF;CDKN3;CDT1;MCEMP1;FAM72B;TPX2;KIF22;DTYMK;RRM2;CENPN;CDC25B;CIT;NFE2;RACGAP1;POC1A;MCM3;IGFBP2;APOBEC3B;MKI67;MXD3;IGFBP7;NCAPD2;OAF;TK1;RFC5;HJURP;CKAP5;TEDC1;BIRC5;GINS2;MIS18A;CEP55;CBX5;TESMIN;CEP78;NDC1;C21orf58;MCM6;NUP210;HIRIP3;CENPA;MELK",-2.4765260434503276,3.6674221877957973e-17,TRUE,
"BUSSLINGER_ESOPHAGEAL_DENDRITIC_CELLS",211,0.5413761498466589,2.5437163354453336,1.78737550492269e-17,2.205439606074099e-16,"PTPRC;LTB;RGS1;GPR183;CD1C;EVI2B;FOSB;PRKCB;NR4A2;JAML;FGL2;LCP1;CD1E;CLEC10A;CD37;ANKRD44;NR4A3;DENND1B;CD4;MPEG1;AIF1;CYBB;RASSF2;SLA;STK17B;HLA-DQA1;CD52;CTSS;HLA-DOA;ARHGDIB;RAP1A;FOS;NR4A1;CD83;LSP1;RASSF5;HLA-DPA1;CPVL;ADA2;TXNIP;MS4A6A;SGK1;CSF2RB;SLC18A2;TNFAIP3;HLA-DMB;PKIB;HLA-DRA;SKIL;CD86;SERPINB9;YPEL5;CCDC88A;S100B;RYBP;LITAF;HLA-DQB2;HLA-DMA;ENTPD1;CRIP1;HLA-DRB1;ZNF331;CD74;CD207;B2M;CHAD;CDYL;BASP1;HLA-DPB1;TACC1;FCER1A;HLA-DRB5;HLA-B;ACTR2;ALOX5;RGS2;GNA15;PNRC1;CSF1R;FCGBP;RBPJ;CMTM6;ARL4C;MAP3K2;PEA15;SRGN;PTGS2;ZFP36;ITGB2;HCK;CXCL16;JUNB;DUSP2;PTK2B;HLA-DQB1;LAPTM5;PLEK;PARM1;RGS10;PTP4A2;MAFF",2.7474955219484953,4.786979457953164e-22,TRUE,
"BUSSLINGER_DUODENAL_DIFFERENTIATING_STEM_CELLS",302,-0.43852186554598044,-2.351094376199413,4.104766439665662e-17,4.980449946794336e-16,"GAPDH;IDH2;AHCY;TOMM40;CYC1;RPL19;TUBA1B;EPHB2;YBX1;ATP5F1B;RPLP0;ALDH2;ILF3;COX7B;PHB2;SNRPF;SLC25A5;EEF2;RPS2;NONO;TKT;SLC25A3;RPL4;PPIF;PLP2;TRIM28;C1QBP;RAN;RCC2;ENO1;ATP5MC3;CCT5;FBL;CCT2;COX5A;RPS14;TUFM;RACK1;GSTP1;PKM;ACTG1;SUCLG1;MDH2;CS;ATP5F1A;CHCHD2;RPS16;RPL3;RPL10;SFPQ;RPL7A;CKS2;RPS23;HNRNPD;MCM7;RPLP1;H2AZ1;FAU;APEX1;PRDX3;ECH1;ZFAS1;HNRNPM;COX8A;RPS3;VDAC1;COX6A1;HNRNPAB;RBM3;NASP;RPL41;NDUFS5;EIF3K;CCND2;SNHG16;HSPD1;ATP5MC2;RPL17;MACROH2A1;TUBB;RPS4X;UQCRFS1;HMGA1;COX5B;EIF2S3;SPINK1;TFRC;CCT6A;LSM4;EIF3L;RPS28;RPS8;KRT18;PAICS;DBI;SERF2;RRM2;LRPPRC;COX4I1;SLIRP;YWHAQ;KRT8;RPL8;ONECUT2;MKI67;SNHG29;DDX21;RPL18A;MTHFD1;RPL23;HINT1;SNRPB;CLDN3;COX7C;HSP90AB1;RPL6;PPIA;NDUFB9;RPL18;RPL29;ALDH1A1;SLC12A2;RPS15;RPS18;RPS11;EEF1A1;KPNB1;RPL10A;HADH;RPL5;PFN1;SF3B5;RPS6;RPS5;RPL13",-2.5886840736805175,1.5230631011344584e-21,TRUE,
"TRAVAGLINI_LUNG_BASOPHIL_MAST_2_CELL",472,0.43022276986958863,2.175501413676028,7.385247632238628e-17,8.813869305360199e-16,"CD22;LAX1;TESPA1;ITM2A;BTK;CPA3;RGS1;CYSLTR1;RARRES1;ARHGEF6;GRAP2;MS4A2;FOSB;NR4A2;MCL1;ZBTB32;LXN;CPM;HDC;NR4A3;TNFSF10;SYTL3;BIRC3;STK17B;TIPARP;P2RY14;ARHGDIB;DHRS9;SWAP70;NR4A1;CD83;SIGLEC8;SAMSN1;RASSF5;IL1RL1;KLRG1;LYST;FOXP1;RAB27B;REL;ADRB2;TPSAB1;NEDD9;NFKBIZ;SLC44A1;VWA5A;TPSG1;BTN2A2;HPGDS;SGK1;SPART;BTG2;CSF2RB;TNFRSF9;RHOH;BHLHE40;SLC18A2;TNFAIP3;KMT2E;SKIL;KLF6;PAG1;PDCD4;STX11;EGR3;HPGD;TANK;ELL2;AHR;SYTL2;PIK3R6;ZNF331;ASRGL1;RASGEF1B;CAVIN2;C21orf91;PLAT;CSRNP1;FOSL2;SCIN;DLC1;SBDS;PLEKHF2;TENT5A;CD69;ITM2C;TPSB2;FCER1A;SERPINB1;RNF145;GIHCG;NFATC1;FER;PPP1R15B;SDCBP;HBP1;CSF1;OSBPL8;ENSA;UBA7;FAM177A1;RPS6KA5;EGR1;PRKAR1A;BMP2K;ALOX5;HEG1;RGS2;MAP3K8;PRDX6;GNA15;PPP1CB;PDLIM5;SYPL1;ARHGAP29;EPAS1;SRSF5;MLPH;ARHGAP18;CCL2;CRBN;CD33;DNAJB14;CPEB4;EIF1B;COL9A2;GPR65;ELF1;MAST4;PPP1R15A;PPP3CA;YWHAZ;SRGN;PTGS2;ZFP36;PBX1;CATSPER1;USP53;CLCN3;ANKRD28;SLC43A3;LPCAT2;PNPLA8;LAPTM4A;GLUL;STXBP6;ABHD17B;NFKBIA;PTAFR;NDFIP2;JUNB;TMEM233;DNAJB9;POLR1F;VAPA;FAM107B;METTL21A;SERPINB6;MLF1;TRAPPC2B;RENBP;P2RX1;VMP1;GATA2;MAFF;PMP22;DUSP10;GPBP1;HIF1A;PALLD",2.1440694861473726,1.1982856237837804e-15,TRUE,
"SU_HO_CONV_CENT_CHONDROSARCOMA_C7_PROLIFERATIVE",226,-0.47959966973532187,-2.5026117815167757,8.803462647299237e-17,1.0336969043925556e-15,"TUBG1;SMTN;CYC1;TUBA1B;TYMS;PLK1;YBX1;CDCA4;KNSTRN;GTSE1;FOXM1;KIF4A;SAC3D1;SNRPF;CDC20;TROAP;CDCA3;NDUFS8;YIF1B;CDCA8;SIVA1;CCNB2;NUTF2;ATP5MC3;CCT5;RABGGTA;RUVBL2;PKMYT1;ARL2;ANKRD9;PHF19;KPNA2;UBE2C;PRC1;CDKN2D;TUBB6;KIF23;NME1;BAX;PIMREG;ARHGAP11A;AURKA;RALY;PGP;HMGB3;PAFAH1B3;BCL2L12;LMNB2;LSM7;EBP;MYO10;BOLA3;MCM7;EMC9;POLR2L;KIFC1;SNRPA;CCNA2;PSRC1;DYNC2I2;CCNB1;COX8A;TACC3;H2AX;RBBP7;AURKB;ZWINT;NAXE;BSG;CLSPN;NDUFB11;HNRNPAB;PSMB3;CALM3;ASF1B;GGH;BUB3;CDCA5;CDKN3;CDT1;PSMB4;TRIP13",-2.6694074026292522,1.4649168778090357e-19,TRUE,
"DESCARTES_FETAL_MUSCLE_LYMPHOID_CELLS",102,0.6470230655886992,2.740898846897226,1.012798773739419e-16,1.1703452496544397e-15,"TESPA1;PYHIN1;SH2D1A;ITK;CD2;LTB;CD247;CD96;CD3E;THEMIS;IKZF3;KLRB1;ACAP1;IKZF2;RIPOR2;PARP15;SLA2;PTPN22;RASGRP1;IL7R;TBC1D10C;SEPTIN1;PCED1B-AS1;CD8A;NKG7;CD6;GALNT12;ICAM3;KLRG1;IL2RB;RHOH;GZMA;RORC;CD7;SNX20;SIDT1;ZNF641;TC2N;CD69;HSH2D",2.7180441480535777,1.1637361195619834e-15,TRUE,
"DURANTE_ADULT_OLFACTORY_NEUROEPITHELIUM_B_CELLS",33,0.8611381402570144,2.941500742912436,1.8165315942758766e-16,2.0663046884888095e-15,"MS4A1;CD79A;CD79B;TNFRSF13C;LTB;BANK1;GPR183;POU2F2;EVI2B;IGHM;CD37;MARCHF1;BIRC3;HLA-DQA1;CD52;TAGAP;CD83;REL;HLA-DMB;HLA-DRA;HLA-DRB1;CD53;CD74;LIMD2;HLA-DPB1;CD69",2.9239942546609967,7.298885703707356e-16,TRUE,
"HAY_BONE_MARROW_CD8_T_CELL",65,0.7337905624395838,2.849105883038146,3.019054560186548e-16,3.3813411074089335e-15,"SH2D1A;SLAMF6;PTPRC;RGS1;TIGIT;TENT5C;CHI3L2;NR4A2;PTPN22;ATP8A1;GZMH;CXCR6;RASAL3;TRG-AS1;CCL5;SLA;CD8A;PRDM1;GBP5;CAPN2;MIAT;TRGC2;KLRG1;CLEC2B;STK17A;RNF19A;LAG3;TNFRSF9;PATL2;PARP8;TNIP3;LINC01871;HLA-B;F2R;TMA7;ARAP2;SON;TPRG1;PTPN7",2.7748110162327615,2.87702643991549e-14,TRUE,
"AIZARANI_LIVER_C6_KUPFFER_CELLS_2",224,0.5159835362802645,2.443969081167441,3.9323792304478195e-16,4.337533454190929e-15,"FYB1;RGS1;SCIMP;POU2F2;EVI2B;HCLS1;FGL2;TNFSF13B;FRMD4B;CPM;MARCHF1;VCAM1;CD4;MFSD1;MPEG1;NCKAP1L;AIF1;CYBB;SLA;HLA-DQA1;CTSS;MARCKS;FGD2;RNF144B;MS4A7;CD83;CD84;HLA-DPA1;P2RY13;CPVL;ADA2;EPB41L3;PDK4;MS4A6A;SGK1;LIPA;GPR34;C1QA;KCTD12;HLA-DMB;HLA-DRA;RNASE6;CD86;LYVE1;CCDC88A;ZEB2;MS4A4A;HLA-DMA;HLA-DRB1;STX7;C3AR1;CLEC7A;MRC1;IGSF6;IL18;LAIR1;BASP1;C1orf162;PLXDC2;HLA-DPB1;MAF;LILRB1;MSR1;SDCBP;LIMS1;FCER1G;IFIT3;C1QB;ALOX5;RGS2;CFD;TBXAS1;THEMIS2;KLF4;CSF1R;RGL1;CD163;F13A1;FCGBP;PTEN;FOLR2;RBPJ;CALHM6;IER3;DAB2;WSB1;SKAP2;ITGB2;GLUL;SAMHD1;HCK;LILRB5;CCR1;PTAFR;CXCL16;GPNMB;LAPTM5;PLEK;ATP2B1-AS1;LILRB4;SECTM1;SLC1A3;RAB31;VSIG4",2.792957967258221,2.308334752832815e-24,TRUE,
"DURANTE_ADULT_OLFACTORY_NEUROEPITHELIUM_CD4_T_CELLS",30,0.874794288254093,2.914244811336196,4.041145392878194e-16,4.390975889575112e-15,"CD2;PTPRC;FYB1;LTB;GPR183;TRBC1;CD3G;CLEC2D;CD3E;TRBC2;KLRB1;ACAP1;TRAC;IL7R;CD3D;CD52;ARHGDIB;TAGAP;CD48;GMFG;TNFAIP3;CD69;TSC22D3",2.9510279728329425,1.9487396168935964e-17,TRUE,
"DESCARTES_FETAL_STOMACH_MYELOID_CELLS",72,0.6992250115018956,2.773398075972545,8.260123625467663e-16,8.843191175500673e-15,"NAPSB;LINC00996;WDFY4;JAML;NR4A3;ATP8B4;DNASE1L3;CD4;MPEG1;CYBB;HLA-DQA1;FGD2;MS4A7;CD163L1;LY86;CD83;CD84;IDO1;HLA-DPA1;CPVL;PLD4;MS4A6A;C1QA;HLA-DMB;HLA-DRA;CD86;HACD4;CIITA;HLA-DMA;HLA-DRB1;CD74;CLEC7A;IGSF6;HLA-DPB1;HLA-DRB5;FCER1G;C1QB;ALOX5;TBXAS1;NFAM1;PIK3AP1;MYO1F;HCK;GCA;PTAFR",2.962221995332351,6.740853025175231e-19,TRUE,
"TRAVAGLINI_LUNG_PROLIFERATING_NK_T_CELL",125,-0.5665843940810612,-2.7065594410989333,2.85691332091323e-15,3.0142505762678714e-14,"TUBG1;IDH2;DNAJC9;CDC45;TUBA1B;TYMS;GTSE1;TUBB4B;CDC20;TROAP;CDCA3;CDCA8;E2F1;PSMD8;MCM5;RAN;OIP5;SNRNP25;RCC1;PKMYT1;UBE2C;GZMB;RANBP1;CENPM;DNMT1;PRSS23;FEN1;CKS2;EBP;KIF2C;NCAPH;MCM7;H2AZ1;CCNA2;DYNC2I2;TACC3;AURKB;ZWINT;CLSPN;S1PR5;PSMC3;ASF1B;GGH;ORC6;SLBP;FANCI;MYBL2;CDKN3;CDT1;MCM10;TPX2;KIF22;RRM2;DCTN3;CENPN;APMAP;MCM3;APOBEC3B;MKI67;IGFBP7;TK1;AKR1C3;SNRPB;PPIA;CDC25C",-2.758437300318411,9.069567397270114e-16,TRUE,
"LAKE_ADULT_KIDNEY_C26_MESANGIAL_CELLS",171,0.5449505475691161,2.4896545878005343,8.032209341857482e-15,8.35349771553178e-14,"FOSB;ETS1;CPM;IL6ST;DOCK8;ITGA8;ANKRD12;FOS;NR4A1;NEK7;DPYD;MAP3K5;HLA-E;TMTC1;AKAP9;UNC5C;TCF4;CBLB;SYNE1;MEF2C;FCHSD2;DGKH;ZEB2;ITPR1;PHTF2;A2M;CRIM1;ELL2;RAPGEF5;ROCK1;EMCN;B2M;LINC-PINT;DLC1;BMPR2;DUSP1;C7;PLXDC2;NBEAL1;ADGRL2;TACC1;AHNAK;NEAT1;NKTR;UTRN;MAML2;EGR1;INPP4B;EBF1;RBMS3;EPAS1;SH3D19;SLC38A2;ARID5B;PTEN;LPP;NCOA1;ITGA1;ARGLU1;USP53;CAMK2D;SSBP2;CDC42BPA;NFKBIA;PDE7B;PPP1R12A;PCDH9;SEPTIN7;EPS8;PTPRM;PRKG1;HSPA1B",2.5820628508414116,3.9532530378438074e-16,TRUE,
"BUSSLINGER_DUODENAL_TRANSIT_AMPLIFYING_CELLS",191,-0.484399171240009,-2.4622648711663366,2.3669038739164042e-14,2.4269098876213273e-13,"GAPDH;IDH2;PHB1;CYC1;RPL19;TUBA1B;YBX1;ATP5F1B;RPLP0;COX7B;ALDOA;PHB2;SLC25A5;EEF2;RPS2;SLC25A3;RPL4;RAN;ENO1;ATP5MC3;FBL;COX5A;RPS14;TUFM;RACK1;GSTP1;ACTG1;TPI1;ATP5F1A;CHCHD2;RPS16;RPL3;NDUFA1;RPL10;RPL7A;RPS23;RPLP1;H2AZ1;FAU;ECH1;PRDX1;COX8A;RPS3;ATP5F1C;COX6A1;RBM3;RPL41;NDUFS5;EIF3K;CHCHD10;HSPD1;ATP5MC2;RPL17;RPS4X;UQCRFS1;HMGA1;COX5B;TFRC;EIF3L;RPS28;RPS8;KRT18;DBI;COX4I1;KRT8;RPL8;MKI67;SNHG29;RPL18A;RPL23;HINT1;AKR1C3;COX7C;HSP90AB1;PSMA5;RPL6;PPIA;NDUFB9;RPL18;ATP5ME;RPL29;ALDH1A1;COX6B1;RPS15;RPS18;RPS11;EEF1A1;RPL10A;RPL5;PFN1;SF3B5;RPS6;RPS5;RPL13;RPL12;NCL;ATP5MC1;ATP5MJ;TXN",-2.603407241025367,2.4187621159674913e-16,TRUE,
"ZHONG_PFC_C1_OPC",232,-0.45693908248251214,-2.374020745864549,2.466296466818906e-14,2.4936997608946716e-13,"PIF1;ESPL1;KIF18B;FAM83D;TUBA1B;PLK1;CDCA4;KNSTRN;GTSE1;FOXM1;KIF4A;TUBB4B;CDC20;TROAP;CDCA3;CDCA8;PPIF;APOLD1;KIF20A;CCNF;CCNB2;ARHGEF39;OIP5;TUBA1C;PHF19;KPNA2;UBE2C;PRC1;UBE2S;TUBB6;KIF23;CENPM;BUB1B;PIMREG;ARHGAP11A;AURKA;RNF26;HMGB3;ACTN1;CKS2;KIF2C;NCAPH;RAD51;EMC9;H2AZ1;KIFC1;UHRF1;CCNA2;PSRC1;DYNC2I2;CCNB1;TACC3;H2AX;AURKB;SPAG5;ZWINT;CHTF18;MAP2K2;REEP4;ASF1B;BUB3;RNFT2;ORC6;NCAPG;CDCA5;CDKN3;TRIP13;TPX2;NUP37;BRD8;KIF22;DTYMK;KMT5A;CHEK2;RRM2;CENPN;CDC25B;RACGAP1;POC1A;LDHA;MKI67;MXD3;NCAPD2;TK1;LGALS1;GUSB;PARPBP;CDC25C;SKA1;HJURP;CKAP5;CKB;BIRC5;GINS2;CEP55;TMEM18;DDIAS;NDC1;C21orf58;CENPA;MELK;KNL1;DEPDC1;BUB1;PBK;GMNN;CENPE;NUDT1",-2.5210110790370344,4.240803579535917e-17,TRUE,
"DURANTE_ADULT_OLFACTORY_NEUROEPITHELIUM_MACROPHAGES",79,0.6647673508687844,2.695432013345476,3.9807999705788983e-14,3.9698936692896415e-13,"RGS1;GPR183;NR4A2;FGL2;CLEC10A;C3;AIF1;HLA-DQA1;CTSS;MS4A7;LY86;CD83;HLA-DPA1;P2RY13;PLD4;MS4A6A;SGK1;CX3CR1;GPR34;C1QA;HLA-DMB;HLA-DRA;RNASE6;HLA-DMA;HLA-DRB1;ZNF331;CD74;C3AR1;HLA-DQA2;CLEC7A;IGSF6;DUSP1;HERPUD1;HLA-DPB1;FCER1A;HLA-DRB5;MSR1;FCER1G;C1QB;RGS2;CSF1R;MNDA;SRGN;ITGB2;CXCL16;HLA-DQB1;LAPTM5;RGS10;APOC1;LST1;C15orf48",2.9418161966179133,1.113166808399706e-17,TRUE,
"TRAVAGLINI_LUNG_ADVENTITIAL_FIBROBLAST_CELL",291,0.4628086452598667,2.25822211829588,4.6505857046902795e-14,4.575170801370978e-13,"ITM2A;ADH1B;RARRES1;ABI3BP;SCARA5;FOSB;MCL1;IFI16;C16orf89;FGL2;ABCA10;ABCA8;TNFSF13B;C3;LXN;SFRP1;UAP1;TIPARP;ABCA9;DCLK1;FOS;NR4A1;LSP1;ABCA6;CLEC2B;CPVL;NCOA7;F3;NFKBIZ;MOXD1;NEGR1;SLPI;NT5E;BTG2;ACKR4;GSTM5;PDGFRA;SVEP1;SEMA3C;SKIL;CFH;CYBRD1;ANK2;LEPR;AHR;CLEC3B;PER2;CD74;PLAT;CSRNP1;FGF7;SLC16A7;C1S;DUSP1;C7;MPZL1;GAS7;LIMA1;RSPO3;CSF1;MATN2;ARF4;PROS1;S100A10;ACVRL1;EGR1;BDH2;TGFBR2;CFD;IGF1;ADM;PI16;KLF4;CCL2;CTSK;IL1R1;PPP1R15A;CCDC80;DAB2;CLDN11;ZC3HAV1;LINC01133;ZFP36;S100A13;ALDH1A3;PIM1;EFEMP1;OGN;COLEC12;MFAP5;JUNB;TSHZ2;LRRN4CL;IER2;GPNMB;PRCP;PGM3;EMP1;AKR1C2;PID1;RGS10;LUM;MAFF;SLIT2;MEDAG;ABL2;CHRDL1;FAIM2;CD55;CXCL12;IGSF10;AOX1;APOD;AKAP12;XBP1;GSN;NOVA1;C1QTNF3;PDPN;ERRFI1;CCN1;ESYT2;CYP1B1;SLC20A1;C1R;LMNA;SERPINF1;SCPEP1;PODN;MGP;SSR3;NRP1;MT1G;PRRX1;CD44;CD34;APOL1;SPTBN1;MMP2;DCN;PTHLH;CLMP",2.7647959448193085,1.7784285245397126e-27,TRUE,
"RUBENSTEIN_SKELETAL_MUSCLE_B_CELLS",172,0.5295488419284946,2.419554629389978,1.1459560657475836e-13,1.1123413544856545e-12,"MS4A1;FCRLA;CD79A;CD79B;JCHAIN;BTLA;FCMR;HLA-DOB;BTK;PTPRC;LTB;BANK1;GPR183;EVI2B;GAPT;TBC1D10C;CD37;HLA-DQA1;CD52;CTSS;SELL;CD48;LY86;CD83;ITSN2;HLA-DPA1;HVCN1;GMFG;RHOH;ARHGAP24;TRIM22;HLA-DRA;NCF1;EAF2;CLK1;HLA-DMA;HLA-DRB1;CD53;CD74;RASGRP2;TPD52;PLEKHF2;C1orf162;LIMD2;HLA-DPB1;CD69;TSC22D3;LINC00926;RAC2;PLAC8;DRAM2",2.4609402818905917,1.0487057368366777e-13,TRUE,
"TRAVAGLINI_LUNG_CLASSICAL_MONOCYTE_CELL",266,0.4652665126730312,2.2470931631525706,1.487121092309073e-13,1.4245054673697437e-12,"CCR2;SCIMP;POU2F2;EVI2B;MCL1;CR1;FGL2;TNFSF13B;MARCHF1;TNFSF10;CD4;MFSD1;MPEG1;CYBB;RASSF2;STK17B;CLEC12A;CTSS;TFEC;FGD2;RNF144B;CYRIA;FOS;CD1D;LY86;TMT1A;TLR8;P2RY13;DPYD;CPVL;MS4A6A;IL6R;GNAQ;CD36;KCTD12;LPGAT1;FGD4;CAST;MTMR11;RNASE6;MEF2C;CD86;NCF1;ZEB2;ENTPD1;AHR;C9orf72;NLRP3;APAF1;KYNU;HIPK3;CLEC7A;C1orf162;PLXDC2;QKI;AHNAK;GAS7;NEAT1;PECAM1;JMJD1C;FCER1G;BACH1;PRKAG2;LGALS2;ACTR2;C19orf38;ACAP2;CD300LF;NRG1;KLF4;CD163;CD33;MNDA;SPTLC2;NFAM1;DMXL2;SKAP2;LRRK2;MYO1F;HCK;CIMAP1B;CCR1;FBXL5;PRAM1;SLC12A6;GASK1B;CARD16;LMO2;CD93;TLR4;NCOA4;VMP1;MEF2A;SLC8A1;MAP3K1;RAB31;RAC1;HRH2;PICALM;INSR;TET2;MBD2;GNS;MAFB;TRIP12;IFNGR1;TMEM170B;TPP1;DENND10",2.4486830693619073,1.9013416862943864e-16,TRUE,
"DURANTE_ADULT_OLFACTORY_NEUROEPITHELIUM_MAST_CELLS",70,0.6793713535085366,2.6786544703814346,1.5759159462842282e-13,1.4899568946687249e-12,"CPA3;RGS1;MS4A2;NR4A2;CD37;HDC;NR4A3;BIRC3;CD83;SAMSN1;IL1RL1;RAB27B;ADRB2;TPSAB1;NFKBIZ;VWA5A;HPGDS;SGK1;SLC18A2;TNFAIP3;EGR3;HPGD;ZNF331;CAVIN2;CD69;TPSB2;FCER1A;SDCBP;CSF1;FCER1G;RAC2;RGS2;ARHGAP18;CCL2;GPR65;ELF1;PPP1R15A;SRGN;PTGS2;ANKRD28;LAPTM4A;NFKBIA;IER2;DUSP2;HSPA1B",2.650502282369221,1.7174475076892833e-12,TRUE,
"LAKE_ADULT_KIDNEY_C20_COLLECTING_DUCT_INTERCALATED_CELLS_TYPE_A_CORTEX",141,0.5547350732874154,2.4863530077518354,1.8471724593280185e-13,1.7240276287061507e-12,"ADGRF1;PDE4D;DOCK8;MBNL1;THSD7A;RALGPS2;PLCG2;FOXP1;AHCYL2;NR3C2;AKAP9;KANSL1L;GNAQ;LGR4;PDE1C;SEMA3C;ABCA5;FGD4;ATP6V0D2;SHROOM3;PACRG;ITPR1;FOXO1;CAB39;GLCCI1;SCIN;ITGAV;LINC-PINT;IL18;MACROD2;FER;OXR1;RNF152;NEDD4L;GLIS3;PDE1A;ZSWIM6;SETBP1;ARHGAP18;ATP6V1A;ZBTB20;CPEB4;NCOA1;EZR;DLG1;PNISR;MAGI3;PPP3CA;SUMF1;BRAF;FNDC3A;RALGAPA1;MTR;PCNX4;NCOA2;PPP1R12B;GMDS-DT;TRIM2;EPS8;WWP1;CA12;PRKG1;THRB;ATXN1;MAP4K3;SAMD5;SLIT2;IGFBP5;PICALM;ARHGEF28;MAGI1",2.2769139397262412,6.361638395007827e-9,TRUE,
"HE_LIM_SUN_FETAL_LUNG_C2_ADC_1_CELL",156,0.5365210702558446,2.4363101551013244,1.9478871099084612e-13,1.7950149569789362e-12,"CCL19;IRF4;P2RY10;IGKC;PPP1R16B;CCR7;P2RY8;HLA-DOB;SPIB;CCL22;ATP8A1;IL7R;CD1E;GBP4;APOBEC3H;GCSAM;EBI3;BIRC3;SAMD9L;TFPI2;PLXNC1;IDO1;CXCL10;ANKRD33B;RASGRP3;CXCL9;TSPAN13;SLC44A1;BTN2A2;CLIC2;TVP23A;GBP1;BCL2L11;LZTFL1;LINC01588;CD80;TNFRSF8;ETV3;MMD;PLEKHG1;SLC22A23;HLA-DQB2;LRRFIP2;DCAF6;CEP135;FAS;DUSP5;RFTN1;ZEB1;HLA-F",2.5539342446719644,4.1299129788893366e-14,TRUE,
"DESCARTES_MAIN_FETAL_MICROGLIA",136,0.5632664471433255,2.5188735000233557,2.333570325999263e-13,2.123548996659329e-12,"ADAM28;IPCEF1;TLR7;ARHGAP25;GAB3;TMEM273;TLR6;ST8SIA4;APBB1IP;DOCK8;SIGLEC10;RAP1A;BHLHE41;LY86;SIGLEC8;SAMSN1;SFMBT2;SLC9A9;LRRC8C;P2RY13;TLR1;ADRB2;PDK4;IL6R;HPGDS;CX3CR1;TNFSF18;GPR34;EGR2;GNB4;EGR3;ENTPD1;GNG7;APPL2;EEIG2;STX7;PLXDC2;TM6SF1;HAVCR2;MAML2;ATG7;LHFPL2;MGAT4A;CEACAM21;ARHGAP12;NPL;SH3BGRL;B3GNT5;CH25H;NCK1-DT;GAL3ST4;SOCS6;CSF1R;SUCNR1;RIN2;KCNK13;SRGAP2C;TGFBR1;PTAFR;ARHGAP27P1-BPTFP1-KPNA2P3;SORL1;TLR4;LRRC37A6P;MEF2A;LILRB4;OLR1;MROCKI;VSIG4",2.589169359484932,1.408505580338988e-13,TRUE,
"ZHONG_PFC_C1_MICROGLIA",252,-0.43206917948616497,-2.2872425910717866,3.2895288541578756e-13,2.95651482200856e-12,"IDH2;NME4;FAM83D;TUBA1B;CDC123;PLK1;CDCA4;VCP;GTSE1;KIF4A;DDX39A;TROAP;CDCA3;CDCA8;CTPS1;XRCC3;SKIC8;GALE;ORMDL2;RAN;CCNF;CCNB2;NUTF2;TBCD;RCC1;ERI3;PHF19;KPNA2;UBE2C;PRC1;RANBP1;MRPS12;ZDHHC12;ALG3;KIF23;EBNA1BP2;PIMREG;AURKA;MCAT;ANAPC5;CHCHD2;NSMCE4A;PA2G4;GTF2F1;MRPL20-AS1;FEN1;CKS2;KIF2C;SEC13;MCM7;TECR;H2AZ1;UHRF1;CCNA2;TBC1D10B;CCNB1;TACC3;H2AX;RBBP7;AURKB;NDUFA6;SPAG5;ZWINT;TMED9;MRPL37;FUNDC1;NASP;ASF1B;BUB3;ORC6;IKBKG;PNPT1;CDCA5;CDKN3;OFD1;QDPR;TRAPPC2L;TPX2;TIMM10;SRSF7;PAICS;KIF22;DTYMK;MGAT2;RRM2;MICU1;MCM3;PDCD5;GAMT;CISH;DNAJA4;COQ2;DHCR24;TAF4;NCAPD2;TK1;SNRPB;GGCT;SLC37A4;SPNS3;STIL;HJURP;ID1;BIRC5;GINS2",-2.3962594166687348,4.356474647422016e-15,TRUE,
"DURANTE_ADULT_OLFACTORY_NEUROEPITHELIUM_NK_CELLS",80,0.6538650198358842,2.6547419850343155,4.619738818452936e-13,4.1014266583338264e-12,"PYHIN1;TRAF3IP3;PTPRC;CD247;TRBC1;KLRB1;LCP1;GZMH;TBC1D10C;PLAAT4;CCL5;BIN2;CD52;ARHGDIB;NKG7;EVL;GZMM;CD48;PTGDS;LSP1;IL2RB;APOBEC3G;GZMA;CD7;KLRD1;CD53;HLA-C;B2M;LIMD2;CD69;CTSW;RAP1B;HLA-B;SPN;FCER1G;RAC2;PLAC8;DOK2;ARL4C;GPR65;SRGN;ITGB2;MYO1F;PSMB9",2.8375549150288673,5.692842924586758e-16,TRUE,
"ZHONG_PFC_C2_UNKNOWN_NPC",72,-0.6363129887410142,-2.7633792416749396,6.321995888068476e-13,5.508922452299829e-12,"PIF1;FAM83D;PLK1;KNSTRN;GTSE1;KIF4A;TUBB4B;CDC20;TROAP;CDCA3;CDCA8;KIF20A;CCNB2;OIP5;TUBA1C;KDM4A;PHF19;RANGAP1;KPNA2;UBE2C;TUBB6;ARHGAP11A;AURKA;DCXR;CKS2;KIF2C;MFAP2;CCNA2;PSRC1;CCNB1;TACC3;AURKB;SPAG5;REEP4;CDKN3;TPX2;KIF22;CDC25B;CIT;RACGAP1;LDHA;MKI67;NCAPD2",-2.661103864081301,1.6161674683077594e-11,TRUE,
"SU_HO_CONV_CENT_CHONDROSARCOMA_LEUKOCYTE_C4_OSTEOCLAST",460,-0.3523824799313126,-1.955495300632821,6.356448983422881e-13,5.508922452299829e-12,"IDH2;TRAP1;PDHA1;CYC1;NME4;PSMD3;EIF3D;XKR8;SMARCA4;SPNS2;IDH3G;CD276;C15orf61;ATP5F1B;HYAL2;SPINT1;MLST8;COX7B;ALDOA;SLC4A2;PHB2;SLC25A5;PTGES2;ACO2;DGKZ;MRPL4;ESRRA;NAA10;HSPB7;ORAI1;NDUFS8;DEF8;TMEM147;DPP3;TKT;IARS1;SLC25A3;NIPA1;CCND1;C1QBP;ATP6AP1;ATP5MC3;C19orf48P;GRHPR;ARL2;HSPA9;MRPL43;COX5A;PICK1;THOP1;EIF3G;PKM;ACTG1;MRPL36;SUCLG1;MLF2;ACAA1;ETFA;TXN2;MDH2;MPST;MID1IP1;MRPS2;VPS26B;GUCD1;CYB5R3;ATP5F1A;CACNA2D4;MRPL40;PA2G4;NDUFA1;UBTD1;TCIRG1;ACTN1;CENPX;MRPL41;NDUFV1;SND1;EBP;MYO10;BOLA3;TIMM13;TMEM255B;ADK;VDAC2;NUDT2;FHL3;NDUFS3;PTPMT1;PPP2R1A;APEX1;SRC;UQCRC1;PRDX3;SH3BP2;ECH1;TSPAN15;SLC25A4;PFKP;COX8A;JDP2;EEIG1;NDUFA6;CXXC5;ATP5F1C;UQCRH;REPIN1;FBXW5;MRPL37;RPP25;LETMD1;IGBP1;SRD5A1;MPG;EIF3K;SPHK1;CALM3;CHCHD10;CCT3;GOT1;SPR;SLC39A13;ECI1;MRPS15;ATP5MC2;ATP6V0B;UQCRFS1;CDK5;RGS19;COX5B;STRIP2;LASP1;NARS1;NDUFA9;CISD3;PGAM1;MRPS34;BDH1;TOMM22;ATP6V1E1;ABHD2;PHETA1;ARPC1B",-1.8638754757051785,2.0299480284437168e-10,TRUE,
"AIZARANI_LIVER_C23_KUPFFER_CELLS_3",214,0.4878301766212632,2.295453724084229,7.609694652399663e-13,6.517479655231712e-12,"FYB1;POU2F2;EVI2B;TRIM38;PRKCB;RIPOR2;HCLS1;JAML;FGL2;TNFSF13B;CD37;MARCHF1;MPEG1;AIF1;CYBB;RASSF2;SLA;CLEC12A;CD52;CTSS;SELL;RNF144B;LY86;SAMSN1;NAIP;CPVL;ADA2;WAS;DDX60L;GMFG;PLCB2;KCTD12;CCDC88A;ZEB2;AHR;ROCK1;LRRFIP1;CLEC7A;IGSF6;BASP1;C1orf162;PLXDC2;SERPINB1;GAS7;SDCBP;LIMS1;FCER1G;ZNF281;S100A10;SOD2;ALOX5;RGS2;CFD;CLEC4E;CD163;PTEN;MNDA;SPTLC2;CALM2;NFAM1;CSGALNACT2;SRGN;PTGS2;SKAP2;SIRPB1;LRRK2;CCDC69;PARVG;ITGB2;MYO1F;SAMHD1;HCK;NFKBIA;GCA;CCR1;PTAFR;VSTM4;FKBP1A;HSPA1B;PTK2B;METTL21A;LAPTM5;PLEK;ATP2B1-AS1;CD93;IL1R2;VMP1;SECTM1;RAB31;SIRPB2;TET2;VNN2;CD55;MAFB;LST1",2.6009534181131007,6.236603100911094e-19,TRUE,
"HE_LIM_SUN_FETAL_LUNG_C2_CXCL9_POS_MACROPHAGE_CELL",121,0.565189659805093,2.4683748300588992,4.7371657176558665e-12,4.0100658633179896e-11,"CCL19;CD38;SLAMF7;GBP4;PLAAT4;VCAM1;EBI3;TIFAB;BIRC3;SAMD9L;P2RY14;GBP5;GBP2;IDO1;CXCL10;CXCL9;APOL3;GBP1;CD80;PATL2;SERPINB9;CXCL11;GBP3;TAP2;C21orf91;P2RX7;IFIT2;FAS;FFAR2;APOL6;STAT1;DTX3L;HLA-F;IFIT3;PARAIL;ARAP2;IL15;IFIH1;SERPING1;CLEC4E;IFI35;SGTB;PIM1;STEAP4;ETV7;CAMK2D;HIVEP2;SLAMF8;LAMP3;PARP9;XAF1;USP12;NBN;EPSTI1;NLRC5;GCH1;SECTM1;CD40;TMEM140;BATF;FNDC3B;PRR5L;ANKRD22;C15orf48;TRAF1;IL15RA;TIFA;TRAFD1;OASL;MX1",2.5424258103002173,1.563550647468318e-12,TRUE,
"DESCARTES_MAIN_FETAL_THYMOCYTES",76,0.6472798159074257,2.597895486355157,5.81514706480134e-12,4.866008118592386e-11,"TESPA1;ANKRD36BP2;SH2D1A;MZB1;TRAT1;KCNA3;CD38;CD247;CAMK4;CD3G;CD96;THEMIS;TRBC2;GRAP2;UBASH3A;IKZF2;CD1E;CD8A;DGKA;RHOH;LZTFL1;WAKMAR2;CEP85L;LINC00426;TNIP3;PDCD1",2.6669955620621386,1.8028740456353363e-12,TRUE,
"HE_LIM_SUN_FETAL_LUNG_C5_CD5_NEG_MATURE_B_CELL",46,0.7270408833701703,2.6690642242742393,6.2578199972608735e-12,5.176923815915814e-11,"LY9;BTLA;CCR7;HLA-DOB;SP140;CPNE5;GPR183;CD1C;SPOCK2;TRBC2;TENT5C;NR4A2;IL10RA;MARCHF1;NR4A3;BIRC3;BIN2;SELL;NR4A1;CD83;ARHGAP24;ZNF331;AHNAK;LINC00926;EGR1;KLF4;GPR65;DPEP2",2.7700318002670543,6.442574084312591e-13,TRUE,
"ZHONG_PFC_MAJOR_TYPES_NPCS",135,-0.5027542075101955,-2.427531029109922,7.799877181336327e-12,6.38012425619421e-11,"PHGDH;TUBA1B;CDCA4;KNSTRN;GTSE1;TUBB4B;MCM2;CDC20;CDCA3;MCM5;APOLD1;CCNB2;EFNB1;OIP5;C19orf48P;KPNA2;UBE2C;PRC1;KIF23;CENPM;PIMREG;GNG5;HMGB3;NOTCH1;FEN1;CKS2;KIF2C;MCM7;H2AZ1;UHRF1;MFAP2;CCNA2;DYNC2I2;CCNB1;TACC3;H2AX;AURKB;SPAG5;ZWINT;CLSPN;BUB3;ORC6;RCN1;CDCA5;CDKN3;PLIN2;OTX1;TPX2;PAICS;KIF22;DTYMK;RRM2;CENPN;MCM3;LDHA;MKI67;SNRPB;HSPB1;RPS27L;HJURP;BIRC5;GINS2",-2.3678327071389775,3.6620155469645133e-10,TRUE,
"DESCARTES_MAIN_FETAL_MYELOID_CELLS",79,0.6285363891873241,2.5485263419660504,1.785887435080476e-11,1.444584503042874e-10,"CD180;GPR183;SCIMP;CR1;JAML;FRMD4B;CLEC10A;AIF1;CTSS;MS4A7;CD163L1;TLR8;CMKLR1;MS4A6A;C1QA;HBEGF;RNASE6;CD86;CD209;MS4A4A;NLRP3;TNFAIP8L2;CD207;CLEC7A;C1orf162;LILRB1;SIGLEC12;SNX6;C1QB;NCF4;THEMIS2;RGL1;CD163;CD33;IFNAR2;FPR3;DMXL2;SRGN;SIGLEC16;SAMHD1;LILRB5;WWP1",2.7222373339270276,2.1372228617023492e-13,TRUE,
"DURANTE_ADULT_OLFACTORY_NEUROEPITHELIUM_PLASMA_CELLS",21,0.8679511610894848,2.6269612892070247,2.774463441874141e-11,2.219570753499313e-10,"CD79A;TNFRSF17;JCHAIN;IGKC;MZB1;IGHA2;IGLC2;IGHA1;DERL3;IGHG3;IGHG1;IGLC3;IGHG4",2.6357446921940424,2.2309143817254764e-10,TRUE,
"TRAVAGLINI_LUNG_NATURAL_KILLER_CELL",123,0.5564596128656016,2.4408127391875563,2.863219673554992e-11,2.2656781764652543e-10,"PYHIN1;ITGAL;SLAMF7;CD247;TIGIT;KLRB1;GIMAP7;ETS1;SLA2;GZMH;TXK;GNG2;PLAAT4;TBX21;SYTL3;CCL5;BIN2;PRDM1;NKG7;GZMM;CLEC2B;IL2RB;APOBEC3G;C1orf21;CX3CR1;GZMA;CD7;SYNE1;PIP4K2A;AKNA;KLRD1;LITAF;HLA-C;CNOT6L;CD244;B2M;ZAP70;PRKCH;HSH2D;CTSW;HAVCR2;RAP1B;CHST2;SELPLG;SPN;F2R;RAC2;PLAC8",2.5280983944307307,1.633495591719052e-12,TRUE,
"FAN_EMBRYONIC_CTX_MICROGLIA_1",148,-0.48598894574458573,-2.3823483568888726,3.088307751442815e-11,2.4163505703106274e-10,"ESPL1;KIF18B;FAM83D;PLK1;KNSTRN;GTSE1;FOXM1;KIF4A;TUBB4B;DDX39A;CDC20;TROAP;CDCA3;CDCA8;KIF20A;CCNF;ANAPC11;SIVA1;CCNB2;TUBA1C;GLA;PHF19;KPNA2;UBE2C;PRC1;KIF23;CENPM;BUB1B;PIMREG;ARHGAP11A;AURKA;CKS2;KIF2C;NCAPH;SMC1A;H2AZ1;CCNA2;CCNB1;TACC3;H2AX;AURKB;SPAG5;ZWINT;CDK2AP2;CLSPN;ASF1B;GGH;BUB3;NCAPG;MRPL18;CDKN3;TPX2;KIF22;DTYMK;RRM2;CENPN;CIT;MKI67;MXD3;NCAPD2;TK1;CDC25C;RPS27L;HJURP;CKAP5;BIRC5;CEP55",-2.5269568018891437,5.689081548346841e-13,TRUE,
"FAN_OVARY_CL7_ANGEIOGENIC_ENDOTHELIAL_CELL",250,0.45332927677035745,2.174501539911581,3.120013099027458e-11,2.4163505703106274e-10,"ITM2A;GIMAP7;FOSB;IFI16;PALMD;GIMAP4;GIMAP1;TNFSF10;IL6ST;FOS;ENPP2;HLA-DPA1;CPVL;TXNIP;HLA-E;LIFR;LPAR6;CHD9;TCF4;ARL6IP5;BTG2;CD59;KCTD12;HLA-DRA;SEC62;KMT2E;CAV2;MEF2C;HLA-DMA;A2M;CAV1;LEPR;HLA-DRB1;MYCT1;CD74;ITM2B;HLA-C;CAVIN2;EMCN;LRRFIP1;B2M;LEPROT;DEPP1;DUSP1;HLA-DPB1;TACC1;STOM;HLA-DRB5;TFPI;TSC22D3;TMEM59;ELK3;LIMA1;HLA-B;N4BP2L2;NKTR;CALCRL;PECAM1;LIMS1;CCNL1;ARRDC3;IFIT3;ADGRL4;S100A10;EGR1;TGFBR2;SYPL1;ARHGAP29;EPAS1;SRSF5;KLF4;GNG11;HSD17B11;NOSTRIN;ELF1;PPP1R15A;ARGLU1;ZFP36;S100A13;CYYR1;ARLN;LDB2;PSMB9;RAB13;JUNB;NFIB;IER2;FKBP1A;HSPA1B;ACKR1;PTTG1IP;HLA-DQB1;PRCP;CAPZA2;EMP1",2.294330986588729,1.0713431557383554e-12,TRUE,
"SU_HO_CONV_CENT_CHONDROSARCOMA_C3_CHONDROBLASTIC_OSTEOSARCOMA",411,-0.34419132531624264,-1.883977757111232,4.639849923220306e-11,3.5555902569519817e-10,"PYCR1;PRDX2;SCARB1;LRPAP1;PPIB;PEX10;SRM;SLC52A2;TMED1;CDKN1C;HYAL2;RAET1L;SPINT1;BCAP31;P4HB;C19orf53;SDF4;YIPF2;ILVBL;B3GAT3;GALE;YIF1A;ATP6AP1;FARSA;OGFOD3;RNH1;DDOST;COLGALT1;RPN2;TOLLIP;TUFM;TRAF4;CDC37;CALR;LRRC59;PKM;CHID1;MDH2;P3H1;PEPD;SERPINH1;GET3;VWA1;NDUFA12;SRPRA;CSPG4;ELAC2;GNG5;YJU2B;PHLDA1;DHCR7;GPRC5C;SLC35B1;CPNE1;STX10;CRELD2;PRKCSH;NOP10;C11orf24;PSMB2;SEC13;CD151;B4GALT7;ARHGDIA;ELOVL1;SLC35B2;PHLDA2;PEMT;TMED3;VDAC2;LAMTOR1;TECR;TCP1;HSPB8;B9D1;SSR4;SURF4;MFAP2;DRG2;LOXL2;NDUFB7;FAM234A;ERGIC3;CDKN2A;MTCH1;TMEM101;SIL1;PRDX4;TALDO1;POLR2G;SREBF1;RFXANK;MRPL37;MAGOH;FN1;ATPAF2;P3H4;DHRS7B;GORASP2;HNRNPH3;ACTA2;ZNRD2;RCN1;UNC93B1;SLC39A13;FADS2;FKBP10;CTH;ATP6V0B;UQCRFS1;USP22;CHST12;MICA;ARSI;RER1;HM13;PDIA4;MESD;ALKBH5;WNT11;PPP1R16A;ULBP2;TMEM134;TMEM179B;SPON2;RCN2;APMAP;GMDS;ERP29;GPX7;PDCD5;ZFYVE21;USE1;VASN;TP53I13;DUSP14;DDX21;RPL18A;GLB1;CTSA;PGLS;TOM1L2;PPIL1;PSMA5;RPL6;PPP1R14C;HSPB1;RRAGA;PTRHD1;SHISA5;RAI1;TMEM120A;PIGL;SCD;PIGT;CZIB;GIPC1;TMEM11;IAH1;FLII;SERINC2;NID2;RPL5;TRIR;NUDT14",-1.7212916946954777,1.7517680818914587e-7,TRUE,
"AIZARANI_LIVER_C12_NK_NKT_CELLS_4",44,0.7270688356723013,2.6371897612700264,4.7279956487934486e-11,3.5853967003350315e-10,"PYHIN1;ITGAL;PTPRC;CD247;CD3E;IKZF3;KLRB1;BTN3A1;LCP1;TXK;SYTL3;CCL5;NKG7;IL2RB;TXNIP;STK17A;BTG2;GZMA;WIPF1;CD7;KLRD1",2.6852689800580714,2.1943418602151054e-11,TRUE,
"DURANTE_ADULT_OLFACTORY_NEUROEPITHELIUM_DENDRITIC_CELLS",113,0.5650619850817485,2.43087939907604,5.741876866698544e-11,4.3093673803675673e-10,"PTPRC;FYB1;POU2F2;EVI2B;RIPOR2;JAML;FGL2;LCP1;TNFSF13B;CD37;MPEG1;AIF1;CYBB;CLEC12A;CD52;CTSS;MS4A7;CD48;SAMSN1;LSP1;MXD1;CPVL;MS4A6A;NFKBIZ;GMFG;CD36;TNFAIP3;HLA-DRA;NCF1;STX11;ZEB2;NLRP3;CLEC7A;IGSF6;DUSP1;C1orf162;NEAT1;FCER1G;LGALS2;SOD2;RGS2;CFD;CLEC4E;MNDA;SRGN;PTGS2;ITGB2;NFKBIA;GCA;CARD16;LAPTM5;PLEK;ATP2B1-AS1",2.712822310392135,7.140219831811159e-16,TRUE,
"GAO_LARGE_INTESTINE_ADULT_CH_MKI67HIGH_CELLS",104,-0.5317698265173292,-2.466414559174302,9.097935789901635e-11,6.758466586784072e-10,"PIF1;ESPL1;CDC45;GTSE1;FOXM1;KIF4A;TROAP;CDCA3;CDCA8;RAD54L;KIF20A;TEDC2;OIP5;PKMYT1;KIF23;BUB1B;PIMREG;ARHGAP11A;EME1;FEN1;KIF2C;NCAPH;RAD51;KIFC1;CCNA2;TACC3;DSCC1;AURKB;HROB;FANCB;NCAPG;CDCA5;MYBL2;TRIP13;MCM10;TPX2;ERCC6L;CIT;DNA2;POC1A;ELAVL2;APOBEC3B;MKI67;PARPBP;UBL7-DT;CDC25C;HJURP;ARHGAP11B;BIRC5;CEP55;THAP10;RGP1;DDIAS;CENPA;DEPDC1;BUB1;PBK",-2.3621052676738055,8.002895432984544e-9,TRUE,
"FAN_OVARY_CL12_T_LYMPHOCYTE_NK_CELL_2",161,0.5076484212333378,2.317542263433793,1.0529853880458335e-10,7.743165277751181e-10,"TRAT1;ITM2A;CD2;PTPRC;LTB;GPR183;TRBC1;SPOCK2;CLEC2D;TRBC2;KLRB1;GIMAP7;EVI2B;TRAC;IL7R;CD3D;CYTIP;BIRC3;CCL5;CD52;ARHGDIB;NR3C1;ANKRD12;CD6;SAMSN1;CLDND1;HLA-E;STK17A;EVI2A;WIPF1;TNFAIP3;CD7;CAST;KMT2E;KLF6;PDCD4;YPEL5;TANK;CRIP1;CD53;HLA-C;LRRFIP1;MSN;B2M;PBXIP1;CD69;RAP1B;CDC42SE2;TSC22D3;HLA-B;BAZ1A;TRAM1;EML4",2.258508613762327,1.3930965603919728e-9,TRUE,
"HE_LIM_SUN_FETAL_LUNG_C5_PRO_B_CELL",445,-0.33744471400723813,-1.8692544508149602,1.1460584541963451e-10,8.343305546549393e-10,"PHGDH;SEPHS1;TUBG1;NINJ1;DNAJC9;CDC45;RCCD1;TYMS;PLK1;CDCA4;KNSTRN;GTSE1;ZNF771;FOXM1;KIF4A;SAC3D1;NSD2;MCM2;CDC20;TROAP;CDCA3;CDCA8;E2F1;ILVBL;RAD54L;KIF20A;AARS1;HACD3;CCNF;CCNB2;ARHGEF39;OIP5;ADGRG1;C19orf48P;INCENP;PSMC3IP;PKMYT1;POLD1;PHF19;UBE2C;PRC1;FANCA;NCAPH2;UBE2S;PIDD1;KIF23;CENPM;BUB1B;PIMREG;ARHGAP11A;AURKA;HMGB3;CENPO;PAFAH1B3;BCL2L12;ORC1;LMNB2;FEN1;EBP;KIF2C;CDC6;NCAPH;CHAF1A;LIG1;PGRMC1;KIFC1;UHRF1;SMARCD2;CTBP2;CCNA2;PSRC1;CCNB1;TACC3;TAF5;SAMD1;DSCC1;TIMELESS;AURKB;SPAG5;NCAPD3;ZWINT;PDZD11;ARHGAP33;CHTF18;PAQR4;ADA;CLSPN;TRIM24;WWOX;ASF1B;GGH;ORC6;NCAPG;FANCI;TRAIP;DDX11;FADS2;CDCA5;MYBL2;CDKN3;FAF1;CDT1;ACAT2;ALDH7A1;TRIP13;CSE1L;SMS;MCM10;UNG;TPX2;KIF22;DTYMK;KMT5A;CHEK2;RRM2;CDK2AP1;CENPN;E2F7;CIT;POLA1;DNA2;RACGAP1;CBX2;POC1A;MCM3;GAMT;CRNDE;CPNE2;MKI67;MXD3;IGFBP7;NCAPD2;MAP3K20;TK1;EGFL7;PARPBP;ABHD12;SPATA33;CDC25C;SHMT1;UCK2;SKA1;ZMIZ1;HJURP;CDC25A;CKAP5;TEDC1;TNFRSF1A;BIRC5;GINS2;MIS18A;CEP55;SCMH1;CBX5;CCDC167;CFAP20;CEP78;C21orf58;MCM6;HIRIP3;CENPA;MELK;KNL1;DEPDC1;MASTL;CLEC11A;TPGS2;ITGA5;WDR76;BUB1;LIMK2;PBK;AP3M2;TMEM97;GMNN;RHNO1;MCM4;CENPE;PRIM1",-1.86164685868993,2.6206749904440765e-10,TRUE,
"LAKE_ADULT_KIDNEY_C22_ENDOTHELIAL_CELLS_GLOMERULAR_CAPILLARIES",135,0.526749853925304,2.353456279191801,1.1648607070785293e-10,8.39622371042742e-10,"IL6ST;RABGAP1L;ITGA8;FOS;MBNL1;DPYD;HLA-E;TMTC1;LIFR;TCF4;GNAQ;SYNE1;PIP4K2A;FCHSD2;PREX2;EMCN;PLAT;BMPR2;EPB41L4A;PLXDC2;SLCO2A1;ADGRL2;MACROD2;QKI;TACC1;LDLRAD4;NKTR;UTRN;ZEB1;DYRK1A;JMJD1C;TEK;TGFBR2;EBF1;RBMS3;ZSWIM6;EPAS1;ELMO1;NCOA1;NOSTRIN;ITGA1;ARGLU1;PBX1;SASH1;NTN4;LDB2;PTPRM;SVIL;PRKG1;SEC14L1;PEAK1;MEF2A;TTC28;IGFBP5;PPFIBP1;FKBP5;PTPRB;AKAP12;PITPNC1;HIBCH;LIMCH1;RASAL2;PLPP3;SBF2;ALDOB;HIPK2;LRCH1",2.5056708288871454,1.4308225445869321e-12,TRUE,
"HE_LIM_SUN_FETAL_LUNG_C2_ADC_2_CELL",101,0.5636808046525207,2.3867117767636223,1.6904177901504054e-10,1.2064942659112698e-9,"TMEM156;CCL19;CCR7;HLA-DOB;CD1C;CCL22;IL7R;CD1E;GBP4;VCAM1;EBI3;TIFAB;DNASE1L3;BIRC3;SAMD9L;UAP1;ARHGAP31;RNF144B;GBP2;IDO1;CXCL10;CXCL9;APOL3;TVP23A;GBP1;PLA1A;CD80;MCOLN2;ETV3;GBP3;HLA-DQB2;CD207;DUSP5;RFTN1;ZEB1;HLA-F;TNFRSF18",2.461436569578243,1.65737165917378e-10,TRUE,
"DESCARTES_FETAL_SPLEEN_MYELOID_CELLS",104,0.5585647015108725,2.3735518604797323,2.2936655385347001e-10,1.6211538951973415e-9,"RGS1;LINC00996;GGTA1;IL10RA;ADGRE1;EBI3;MS4A7;CD163L1;SAMSN1;ENPP2;NAIP;IDO1;CD200R1;CXCL10;CMKLR1;LY96;EPB41L3;MS4A6A;HRH1;CD86;SLC39A13-AS1;MS4A4A;NLRP3;C3AR1;PDCD1LG2;CLEC7A;AGR2;IGSF6;LILRB1;KCNAB1;CD300LF;THEMIS2;IL15;CD163;MNDA;KCNK13;DMXL2;SIRPB1;SIGLEC16;HCK;FLVCR2;LILRB5;PRAM1;GHRL;WWP1;PID1;IL1R2;SLC8A1;LILRB4;VSIG4;ADAP2;SIRPB2;SIGLEC7",2.726310440071132,2.913196661732032e-15,TRUE,
"DURANTE_ADULT_OLFACTORY_NEUROEPITHELIUM_MONOCYTES",38,0.7394316297195737,2.5876050455339863,2.380292458167682e-10,1.6662047207173776e-9,"RGS1;GPR183;FGL2;SFRP1;AIF1;HLA-DQA1;MS4A7;CD83;HLA-DPA1;REL;MS4A6A;SGK1;C1QA;HLA-DMB;HLA-DRA;HLA-DMA;HLA-DRB1;CD74;HERPUD1;HLA-DPB1;FCER1A;HLA-DRB5;FCER1G;C1QB;RGS2;MNDA;SRGN",2.711665050937552,2.6310081194329857e-11,TRUE,
"MANNO_MIDBRAIN_NEUROTYPES_HPROGFPM",307,-0.37227031846390446,-2.002835331173141,2.5741382147316245e-10,1.780249394953667e-9,"MSI1;PHGDH;PIF1;PRDX2;FAM83D;EPHB2;TYMS;PLK1;KNSTRN;GTSE1;FOXM1;KIF4A;SNRPF;MCM2;TROAP;CDCA3;CDCA8;CCND1;RAN;SIVA1;CCNB2;C19orf48P;NES;LMNB1;SRF;KPNA2;UBE2C;PRC1;RPS14;DIS3L2;GSTP1;RCOR2;UBE2S;BMP4;TBL1X;KIF23;BUB1B;PIMREG;ERF;ARHGAP11A;AURKA;GNG5;NR2F6;HMGB3;GPRC5C;EEF1D;DANCR;AK4;INPPL1;CKS2;KIF2C;AJUBA;NCAPH;CHAF1A;H2AZ1;UHRF1;CCNA2;LOXL2;CCNB1;TACC3;RPS3;AURKB;SPAG5;ZWINT;SLC6A8;SDC1;CLSPN;BMP7;FANCB;RCN1;NCAPG;FANCI;HUNK;MRPS15;CDCA5;CDKN3;PLIN2;HMGA1;MRPL22;PTPRO;PLIN3;TPX2;CEBPA;PAICS;KIF22;RRM2;CENPN;SFXN2;CDC25B;CRB2;HMGA2;TCF12;RACGAP1;IGFBP2;LDHA;SNRPC;MKI67;NCAPD2;MAP3K20;PARPBP;RBMX;CDC25C;RPL18",-1.9454553956209604,3.0738536271561757e-9,TRUE,
"AIZARANI_LIVER_C38_RESIDENT_B_CELLS_3",23,0.8431544382610829,2.646644688400305,2.592121371773196e-10,1.780249394953667e-9,"CD79A;POU2AF1;LY9;JCHAIN;FCRL5;MZB1;CD27;SLAMF7;IGHA1;DERL3;TENT5C;MEI1",2.6330500801954346,1.337199488471007e-9,TRUE,
"HAY_BONE_MARROW_PRO_B",286,-0.38117453550303715,-2.040370034619733,3.3061625141591585e-10,2.242527837126587e-9,"SMARCB1;PHGDH;PIF1;SRSF9;TUBA1B;SMARCA4;TYMS;WDR62;ACOT7;GTSE1;FOXM1;SAC3D1;TCF3;SLC25A5;DDX39A;NSD2;NONO;SAE1;CDCA8;E2F1;CTPS1;APOLD1;PPP1CA;CCNF;SIVA1;INCENP;PSMC3IP;EWSR1;PHF19;LMNB1;QPRT;KPNA2;UBE2C;NCAPH2;ACTG1;MID1IP1;UBE2S;HNRNPA0;CENPM;PIMREG;RALY;HMGB3;EIF4A3;SRP14;SFPQ;RAD51;SMC1A;LIG1;HASPIN;H2AZ1;KIFC1;UBB;SYVN1;NUDT5;TXNDC12;PSRC1;HNRNPM;CDKN2A;KHDRBS3;TACC3;H2AX;RBBP7;TIMELESS;AURKB;ZWINT;ATP5F1C;ARHGAP33;PAQR4;VDAC1;MAGOH;CLSPN;HNRNPH3;ASF1B;MDH1;GGH;BUB3;TRAIP;DDAH2;C12orf57;CDCA5;GALNT14;ACAT2;MACROH2A1;TUBB;ALDH7A1;MYL6B",-2.2032458516827202,2.9703674563613745e-12,TRUE,
"AIZARANI_LIVER_C18_NK_NKT_CELLS_5",121,0.537264535652539,2.3464163469397903,3.32682701112186e-10,2.242527837126587e-9,"GPR183;SCIMP;POU2F2;EVI2B;HCLS1;FGL2;CD37;MARCHF1;MPEG1;AIF1;CYBB;CTSS;RNF144B;MS4A7;CD83;HLA-DPA1;CPVL;ADA2;SGK1;KCTD12;HBEGF;FGD4;HLA-DRA;RNASE6;NCF1;CCDC88A;ZEB2;HLA-DMA;C3AR1;CLEC7A;P2RX7;IGSF6;C1orf162;HLA-DPB1;LILRB1;FCER1G;ALOX5;RGS2;KLF4;CSF1R;CD163;HSPA6;MNDA;IER3;SAMHD1;HCK;CCR1;HSPA1B;PTK2B;HLA-DQB1;LAPTM5;PLEK;ATP2B1-AS1",2.7073449488750856,9.069567397270114e-16,TRUE,
"ZHENG_CORD_BLOOD_C10_MULTILYMPHOID_PROGENITOR",93,0.5697472291126406,2.371797085551623,3.410884136216769e-10,2.2780950928126677e-9,"JCHAIN;MZB1;FAM30A;TRAF3IP3;ITGAL;BTK;LTB;TRBC2;PRKCB;ARHGAP25;JAML;IGHM;SASH3;CD52;EVL;NCOA7;ARL6IP5;IL6R;NEGR1;LZTFL1;SCN3A;CYTH1;FGD6;CD47;PAG1;LINC00426;CD74;BAALC;LAIR1;ITM2C;AFF1;ACAP2;IQGAP2;SETBP1;CYTH4",2.3970571776179668,2.003417128985492e-9,TRUE,
"TRAVAGLINI_LUNG_BASOPHIL_MAST_1_CELL",262,0.4305129277236305,2.075550127353166,3.4658053702439144e-10,2.2937330086705178e-9,"CD22;LAX1;TESPA1;BTK;CPA3;RGS1;RARRES1;ARHGEF6;GRAP2;MS4A2;FOSB;AKAP5;ZBTB32;LXN;CPM;HDC;SYTL3;P2RY14;DHRS9;SWAP70;FOS;SIGLEC8;SAMSN1;IL1RL1;FOXP1;RAB27B;ADRB2;TPSAB1;TMEM220;NFKBIZ;SLC44A1;VWA5A;HPGDS;CSF2RB;ST3GAL4;RHOH;BHLHE40;SLC18A2;CD59;HPGD;PIK3R6;ASRGL1;PLAT;SCIN;DLC1;IL18;DUSP1;TM6SF1;CD69;ITM2C;TPSB2;FCER1A;SERPINB1;FER;CSF1;PROS1;OSBPL8;RAC2;RPS6KA5;EGR1;RGS2;PRDX6;EPAS1;MLPH;ARHGAP18;CD33;ZBTB20;CPEB4;GPR65;MAST4;PPP1R15A;SRGN;PTGS2;PBX1;CATSPER1;TMEM154;SLC43A3;LPCAT2;AKAP13;LAPTM4A;GLUL;STXBP6",2.1923506406701123,6.828824592619541e-12,TRUE,
"MANNO_MIDBRAIN_NEUROTYPES_HPROGBP",269,-0.3804842938682943,-2.0174636807319732,6.505648422398546e-10,4.266767613969496e-9,"NPTX2;SAPCD2;MSI1;PHGDH;PIF1;DNAJC9;FAM83D;EPHB2;TYMS;PLK1;KNSTRN;GTSE1;FOXM1;KIF4A;SNRPF;TROAP;CDCA3;CDCA8;MCM5;CCND1;XRCC3;CCNB2;C19orf48P;NES;LMNB1;SRF;UBE2C;PRC1;RPS14;DIS3L2;GSTP1;SLC39A4;RCOR2;KIF23;BUB1B;PIMREG;ARHGAP11A;AURKA;GNG5;SP5;NOTCH1;EEF1D;CELSR2;LMNB2;CKS2;KIF2C;AJUBA;NCAPH;NELL2;IRX2;MCM7;H2AZ1;UHRF1;CCNA2;CCNB1;TACC3;H2AX;TIMELESS;AURKB;SPAG5;ZWINT;NAXE;SLC6A8;CLSPN;FANCB;NCAPG;FANCI;FGFR3;CDCA5;MYBL2;CDKN3",-1.7745761697167954,4.608810522207924e-6,TRUE,
"HE_LIM_SUN_FETAL_LUNG_C1_PROXIMAL_SECRETORY_2_CELL",268,0.4248043439917736,2.0564877630574245,6.915705746388447e-10,4.4952087351524904e-9,"SLC15A2;ADAM28;CP;NR4A2;ATP13A4;ADGRF1;C3;PLAAT4;TNFSF10;IRAG2;TLL1;CFLAR;ARHGDIB;DAPP1;TLR5;CNTN3;GALNT12;LSP1;MUC4;TIAM1;RAB27B;TNFAIP8;SLPI;BHLHE40;AGR3;TRIM22;CFH;PAG1;CYBRD1;B3GALT5;EGR3;ST6GALNAC1;SLC22A23;DGKH;HPGD;GBP3;PTGFR;OPTN;SYTL2;PER2;CX3CL1;EEIG2;PLAT;SLC44A4;CTSW;CREB3L1;TFPI;SPINK5;SEMA3D;HLA-B;GSTA1;ISL1;SOD3;PRRG4;CAPN8;PGCKA1;SMIM31;PAPSS2;GLIS3;RND3;KRT7;MB;CAPS;CH25H;MCTP2;IQGAP2;MFSD6;ARAP2;EPAS1;TSPAN1;MLPH;SFTPA2;ANG;FCGBP;ELAPOR1;IL1R1;LUZP2;LIPH;CCDC80;TSPAN8;MET;GGT6;CNGA1;STEAP4;SAMHD1;STXBP6",2.212387089374535,5.0121536599999455e-12,TRUE,
"RUBENSTEIN_SKELETAL_MUSCLE_ENDOTHELIAL_CELLS",136,0.5086893036876096,2.274809751765694,1.0137271814441707e-9,6.530914938861561e-9,"ITM2A;GIMAP7;ETS1;PALMD;GIMAP4;TNFSF10;FOXN3;FABP4;HLA-DPA1;SLC14A1;TXNIP;HLA-E;LPAR6;TCF4;CD36;CD59;HLA-DRA;SEC62;CAV2;MEF2C;KLF6;HLA-DMA;A2M;CAV1;HLA-DRB1;CA4;MYCT1;CD74;HLA-C;CAVIN2;EMCN;B2M;HLA-DPB1;TACC1;STOM;AHNAK;HLA-B;NEAT1;NKTR;PHACTR2;ADGRL4;ARHGAP29;EPAS1;GNG11;ITGA1;SRGN;WSB1;ARGLU1",2.3906938589306184,3.6951952616670696e-10,TRUE,
"SU_HO_FOETAL_FEMUR_C0_TRANSITIONING_CELL",185,-0.41662726117219434,-2.1010910929791042,1.3738230528567337e-9,8.773185811225458e-9,"PRDX2;PPIB;EIF3D;RPL19;RPLP0;COX7B;RPS2;C19orf53;RPL4;TRMT112;EIF3I;ATP5MC3;DDOST;RPS14;EIF3G;SNU13;RACK1;FTH1;NME1;RPS16;RPL3;NDUFA1;RPL10;EEF1D;LSM7;RPL7A;RPS23;RPLP1;FAU;EIF3F;CIAO2B;ZFAS1;PRDX1;ATP6V1F;RPS3;PRDX4;UQCRH;RPL41;NDUFS5;EIF3K;EPB41L4A-AS1;UXT;C12orf57;PRDX5;ATP5MC2;RPL17;MYL6B;RPS4X;COX5B;EIF3L;RPS28;RPS8;SERF2;FTL;TPD52L1;RPL8;RPL22L1;RPL18A;SEC61B;RPS21;RPL23;RPL36A;HSP90AB1;RPL6;PARK7;RPL18;ATP5ME;PTRHD1;RPS15;KDELR1;RPS18;RPS11;EEF1A1;NACA;COA3;RPL10A;SEC11A;RPL5;SF3B5;TMEM258;RPS6;RPS5;RPL13;ATP5MC1;TSPAN6;CNN3;NSA2;HNRNPA1;EIF3H;BEX3;SNHG8;RSL24D1;EEF1B2;EIF3M;SNRPD2",-2.235999676054702,4.918050768376155e-10,TRUE,
"HE_LIM_SUN_FETAL_LUNG_C1_EARLY_TIP_CELL",126,-0.4826707725544321,-2.313119175029037,2.023093544842733e-9,1.280706174474356e-8,"STRA6;FAM83D;CDC45;PLK1;ARG2;ACOT7;GTSE1;FOXM1;CDC20;CDCA3;CDCA8;E2F1;CTPS1;RAD54L;KIF20A;CCNB2;UQCRHL;PSMC3IP;NES;UBE2C;FANCA;CENPM;PIMREG;SNAI1;PGP;CDC6;NCAPH;CHAF1A;HSPB8;UHRF1;CCNA2;TACC3;DSCC1;AURKB;CHST6;ZWINT;CLSPN;ORC6;TRAIP;FADS2;CDCA5;MYBL2;TRIP13;TPM2;LINC01315;MCM10;PKN3;TPX2;CENPN;RND2;DNA2;POC1A",-2.1201259316819727,5.425259708162266e-7,TRUE,
"GAUTAM_EYE_IRIS_CILIARY_BODY_MONOCYTES",122,0.5293604886522353,2.3186265189215898,2.2387130764804157e-9,1.4049854479980538e-8,"IL16;CYSLTR1;GIMAP7;DOCK2;JAML;CLEC10A;C3;EBI3;CD4;NCKAP1L;ARHGAP30;ITGA4;SIGLEC10;CD48;HDAC9;ITSN2;DPYD;GPRIN3;TLR1;FLI1;IL2RA;PSTPIP1;HPGDS;LIPA;ARHGAP24;ZNF267;PAG1;NCF1;STX11;GNB4;BLNK;JAK3;C9orf72;SDCCAG8;TSNAX;HLA-C;KYNU;LIMD2;VPS35;FNIP2;LILRB1;HLA-F;PLAC8;ALOX5;THEMIS2;DOCK11;ARL4C;SPTLC2",2.237396807691822,3.512508659084588e-8,TRUE,
"HE_LIM_SUN_FETAL_LUNG_C7_SCHWANN_PRECURSOR_CELL",215,-0.4007183540037091,-2.0801119646219264,2.6550254966322114e-9,1.6434087775453556e-8,"SLC1A5;FAM83D;TYMS;PLK1;CDCA4;GTSE1;FOXM1;KIF4A;MCM2;CDC20;TROAP;RNF157;CDCA3;CDCA8;E2F1;PPIF;KIF20A;CCNB2;DNAAF5;RRS1;LRP5;INCENP;PKMYT1;PHF19;UBE2C;KIF23;CENPM;PIMREG;CENPO;NOTCH1;BCL2L12;FEN1;KIF2C;CDC6;NCAPH;CHAF1A;MYO10;KIFC1;UHRF1;CCNA2;FLRT1;PSRC1;TGFB2;CCNB1;TACC3;TIMELESS;AURKB;SPAG5;ZWINT;AIRIM;SNTB1;CLSPN;REEP4;ASF1B;ORC6;NCAPG;FANCI;CDCA5;MYBL2;CDKN3;CTH;CDT1;TRIP13;TPX2;CENPN;RACGAP1;POC1A;MCM3;TPD52L1;H2AC20;DNAJA4;MKI67;YBX3;MXD3;NCAPD2;OAF;LYAR;TK1;PARPBP;GGCT;TMEM51;HJURP;BIRC5;GINS2;MIS18A",-2.0665630669160477,5.97690838100421e-9,TRUE,
"LAKE_ADULT_KIDNEY_C17_COLLECTING_SYSTEM_PCS_STRESSED_DISSOC_SUBSET",229,0.4401038519841985,2.0929823144743644,2.6637669745927464e-9,1.6434087775453556e-8,"FOSB;PDE4D;IL6ST;ATF3;FOS;NR4A1;NCOA7;NR3C2;HLA-E;RNF19A;PDK4;NFKBIZ;BTG2;CAST;KLF6;GAB1;SHROOM3;TOX;EMCN;LRRFIP1;SCIN;SGPP1;ITGAV;LINC-PINT;DUSP1;ADGRL2;MACROD2;QKI;FNIP2;BACH2;ELF3;RAP1B;SMARCA2;AHNAK;FER;LIMA1;NEAT1;EIF2AK3;NEK1;STAT3;DYRK1A;CCNL1;NEDD4L;JMJD1C;BACH1;PGCKA1;PRKAG2;EGR1;AFF1;GLIS3;MSMO1;ZSWIM6;SIK2;PAWR;CLMN;EZR;MAGI3;AHI1;YWHAZ;BRAF;WSB1;ZNF292;FNDC3A;ZFP36;RALGAPA1;DCDC2;HIVEP2;UBE2D3;IFRD1;PCDH9;TMTC2;DLG2;PRKG1;ATXN1;ITGA2;MAP4K3;MLF1;KIF13B;VMP1;MEF2A;SLC8A1;TRAK1;SSH2;MECOM;IGFBP5;HIF1A;PALLD;CD2AP;NOS1AP;GLS;ASAP2;PRKN;HMGCS1;TPM4;MBD5;ALDOB;ESYT2;LMNA;AFF4;ARHGEF12;BACE2;SPTBN1;MTUS1;GAREM1;MYO1D;CRY1;DEFB1;FBXL17;AKT3;SAMD12;WWTR1;EXT1;FHIP1A;MACC1;IMMP2L;RAD51B;ZNF704;LDLR;RBM47;IQGAP1;ZNF165;SDK1;MED13L;ANK3;TPST1;RANBP2;SPAG9;NAMPT",2.0515912509879097,3.2779121992859265e-8,TRUE,
"GAO_LARGE_INTESTINE_ADULT_CJ_IMMUNE_CELLS",482,0.3567887586956445,1.809933728678396,4.737610557032035e-9,2.8983029290078332e-8,"PPP1R16B;ADAM28;ADH1B;ABI3BP;GIMAP7;CHL1;SCARA5;ETS1;ABCA8;GBP4;SFRP1;TMEM273;FAM107A;CD4;GIMAP8;RBP5;STMN2;RAB8B;ADAMDEC1;SLC7A2;ENPP2;FABP4;GIMAP6;ADGRL3;CPED1;TMTC1;LIFR;TRPA1;ADAMTS1;UNC5C;TCF4;NEGR1;SPART;TSPAN2;CLIC2;JAM2;CD36;PDE1C;PDGFRA;MAPK10;CAV2;CFH;CYBRD1;ZEB2;ITPR1;PREX2;A2M;EDNRB;PDGFD;CAV1;MAGI2-AS3;CLEC3B;MYCT1;CAVIN2;EMCN;OLFM1;PLAT;MSN;C1S;CYP27C1;DLC1;CCL11;QKI;MAF;RFTN1;COL14A1;STOM;DYNC2H1;TFPI;JAK2;LCA5L;ZEB1;CALCRL;NR2F1-AS1;PECAM1;CSF1;SLC38A6;ALKAL2;MAMDC2;FRY;HEG1;TEK;PDE1A;RBMS3;ARHGAP29;IFIT5;MSC-AS1;GPC6;ELMO1;SERPING1;CCL2;GNG11;STOX2;TSPAN11;LINC00472;IL1R1;FRMD6;RHOJ;ZNF521;CCDC80;CHST11;SGIP1;ITGA1;COL4A6;SGTB;TGFBR3;CYYR1;RAPGEF3;ALDH1A3;STEAP4;PHF10;LTBP2;SMARCA1;GUCY1A1;EFEMP1;FENDRR;DACT1;GLP2R;LDB2;LAMA4;PDE7B;DNM3OS;COLEC12;GASK1B;TSHZ2;MMP19;PLEKHA4;PTPRM;ABLIM3;APOL4;ARMCX1;RPS6KA2;ANGPT1;PLEK;APLNR;CD93;DZIP1;LUM;PMP22;SALL1;KIAA1755;TCF21;CCDC102B;SLC24A3;PCDH18;IGFBP5",2.620012200321643,1.0871901418821614e-31,TRUE,
"AIZARANI_LIVER_C22_RESIDENT_B_CELLS_2",31,0.730444023692795,2.4402599769605566,1.6625054139021607e-8,1.0085866177673108e-7,"CD79A;POU2AF1;LY9;FCRL5;MZB1;CD27;HLA-DOB;SLAMF7;DERL3;TENT5C;FOSB;MEI1;BTG2;HERPUD1;ITM2C;TSC22D3",2.43992889947248,1.212944152113858e-7,TRUE,
"FAN_OVARY_CL13_MONOCYTE_MACROPHAGE",455,0.356190287735767,1.799917019856978,2.0264906539222054e-8,1.2192439636821203e-7,"CCR7;PTPRC;RGS1;GPR183;CD1C;EVI2B;HCLS1;JAML;FGL2;LCP1;TNFSF13B;IL10RA;CLEC10A;CD37;CYTIP;TMEM273;MFSD1;AIF1;HLA-DQA1;CD52;CTSS;CFLAR;MARCKS;ARHGDIB;MS4A7;RAP1A;RAB8B;CYRIA;CD48;LY86;CD83;SAMSN1;LSP1;GPSM3;HLA-DPA1;CPVL;TNFAIP8;REL;LY96;TAOK3;WAS;MS4A6A;ARL6IP5;EVI2A;CLIC2;GMFG;PDE4DIP;C1QA;WIPF1;HLA-DMB;RIT1;PKIB;HLA-DRA;RNASE6;CD86;STX11;SERPINB9;ZEB2;LITAF;HLA-DMA;TANK;AHR;CRIP1;HLA-DRB1;CD53;CD74;HLA-C;KYNU;LRRFIP1;MSN;CLEC7A;B2M;IGSF6;DUSP1;BASP1;C1orf162;LIMD2;HLA-DPB1;FNIP2;RHOA;HAVCR2;FCER1A;RAP1B;SERPINB1;HLA-DRB5;RNF145;SPCS3;HLA-B;BAZ1A;NEAT1;SDCBP;LIMS1;H3-3A;FCER1G;OSBPL8;ARPC5;S100A10;LGALS2;ACTR2;SOD2;LPXN;RGS2;MAP3K8;DOK2;GNA15;CFD;THEMIS2;TMEM9B;ABI1;HSPA6;CMTM6;CALHM6;ARL4C;MNDA;EZR;MIR22HG;ELF1;IER3;TMEM123;YWHAZ;FPR3;RALA;FCGR2B;PEA15;SRGN;MOB1A;AKAP13;ITGB2;MTPN;PSMB9;NFKBIA;CXCL16;FNBP1;CARD16;STMP1;WTAP;ARL8B;CDC42;HLA-DQB1;CAPZA1;LAPTM5;PLEK;ARFGAP3;NCOA4;RGS10;PTP4A2;TPM3;DSE;OLR1;VSIG4;RAB10;CYTOR;RNF13;ABL2;ARF6;MAFB;LST1;C15orf48;IFNGR1;GPR137B;TPP1;OSTF1;VAMP8",1.8654244130329536,3.5256435468447495e-9,TRUE,
"ZHONG_PFC_C8_ORG_PROLIFERATING",59,-0.5842468238073595,-2.4285717364783617,2.0923628233763934e-8,1.2485574880475529e-7,"SMTN;PLK1;KNSTRN;TUBB4B;CDC20;TROAP;CDCA3;CDCA8;KIF20A;CCNB2;OIP5;TUBA1C;PRC1;TUBB6;BUB1B;AURKA;DCXR;CKS2;TXNDC12;PSRC1;CCNB1;TACC3",-2.337569224017428,2.56939450686085e-7,TRUE,
"HE_LIM_SUN_FETAL_LUNG_C2_DC1_CELL",307,0.3884806327005246,1.9053148919482767,2.6509606972840935e-8,1.5690238923762765e-7,"TLR10;TMEM156;P2RY10;BTLA;MAP4K1;CD38;HLA-DOB;SLAMF7;SP140;GRAP2;WDFY4;ACAP1;PTPN22;DENND1B;GCSAM;TIFAB;DNASE1L3;ARHGAP31;P2RY14;SIGLEC10;XCR1;IDO1;CRYBG3;CLEC2B;NCOA7;APOL3;STK17A;C1orf21;TSPAN13;B3GNT7;AIM2;BTN2A2;NEGR1;TSPAN2;CLIC2;CBFA2T3;PDE4DIP;PKIB;KIAA0040;MCOLN2;SERPINB9;S100B;HLA-DQB2;PTGER2;TAP2;GNG7;B4GALT4;TOX;CD226;CLEC1A;HSH2D;RFTN1;FNIP2;LDLRAD4;CHST2;LIMA1;ERAP2;THEM4;ZEB1;CALCRL;HLA-F;MAP4K5;HPS5;FRY;PLEKHM3;STRADB;FAM135A;LRRCC1;MBOAT2;OXCT1;HMGN4;PDE4B;FKBP1B;PAWR;GPR160;CCDC126;AHI1;ADORA3;RMI1;CYYR1;LRRK2;NBPF12;ZNF366;CAMK2D;LY75;SLAMF8;PLCD1;REEP3;CCDC122;GFOD1;EGLN3;GLTP;LACC1;DOP1A;SLC46A3;ATP2A3;CCDC146;TSTD1;PARM1;C1orf54;NET1;CD40",1.890382603910166,1.6639980556876326e-7,TRUE,
"FAN_OVARY_CL4_T_LYMPHOCYTE_NK_CELL_1",244,0.4092464410832062,1.9638212089527933,2.821417900751661e-8,1.6564453481832332e-7,"ITM2A;CD2;PTPRC;CD247;TRBC1;SPOCK2;CLEC2D;CD3E;TRBC2;KLRB1;GIMAP7;TRAC;MCL1;LCP1;GZMH;CD37;CD3D;CYTIP;GNG2;PLAAT4;BIRC3;CCL5;CD52;ARHGDIB;NKG7;GZMM;TRGC2;SAMSN1;LSP1;APOBEC3G;HLA-E;ARL6IP5;GZMA;WIPF1;CD7;KMT2E;KLF6;PDCD4;ARID4B;AKNA;YPEL5;KLRD1;LITAF;CRIP1;HLA-DRB1;S1PR4;CD53;HLA-C;LRRFIP1;MSN;B2M;LIMD2;HLA-DPB1;CD69;CTSW;RHOA;RAP1B;CDC42SE2;TSC22D3;HLA-B;TRAM1;ENSA;S100A10;FAM177A1;IRF1;DOK2;TMA7;PRRC2C;FGFR1OP2;EZR;ELF1;YWHAZ;SRGN;SH2D2A;ZFP36;C9orf78;AKAP13;ITGB2;PSMB9;UBE2D3;JTB;FNBP1;TMEM50A;FYN;DUSP2;CDC42;HLA-DQB1;CAPZA1;LAPTM5",2.0341159206152337,2.6614338563627457e-8,TRUE,
"LAKE_ADULT_KIDNEY_C11_THIN_ASCENDING_LIMB",163,0.45742545419401,2.089726149542581,2.938181974676995e-8,1.711197182051882e-7,"CPM;TCIM;FCHO2;FOXP1;NCOA7;ADAMTS1;ZNF385D;ARHGAP24;GOLM1;SDCCAG8;EFNA5;NIPBL;LRRFIP1;SLC16A7;LINC-PINT;ITGB6;QKI;FNIP2;TFPI;NEAT1;ZEB1;SLC4A7;GCC2;PGCKA1;CDH16;BRWD1;SOD2;AFF1;GLIS3;ELF2;PDE1A;PIBF1;MKLN1;FAM135A;ZSWIM6;GPC6;LPP;NCOA1;MAST4;MAGI3;AHI1;SGIP1;USP53;SASH1;PLCB1;HIVEP2;SSBP2;CDC42BPA;NCOA2;PDE7B;TBC1D5;IVNS1ABP;PCDH9;TRIM2;TMTC2;SVIL;THRB;ITGA2;KIF13B;VMP1;VPS13C;MECOM;HIF1A;ARHGEF28;MAGI1;FOXP2;NOS1AP;BRD10;PPP2R3A;TBCK;VPS13B;PITPNC1;ALDH1A2",1.9388079346443867,7.657218894172195e-6,TRUE,
"TRAVAGLINI_LUNG_CD4_NAIVE_T_CELL",131,0.49231092585674807,2.179135210272348,3.1093641984444404e-8,1.79652153687901e-7,"LINC00861;TESPA1;TRAT1;FCMR;CCR7;TRAF3IP3;ITK;CD27;SPOCK2;CD3E;ADTRP;GIMAP7;PIM2;IL7R;GIMAP4;CD3D;TXK;SEPTIN1;PCED1B-AS1;IL6ST;SELL;CD6;DGKA;TXNIP",2.1664641750757268,1.764899161596165e-7,TRUE,
"AIZARANI_LIVER_C8_RESIDENT_B_CELLS_1",34,0.7117251347278138,2.4346993143342637,3.424650347545367e-8,1.963106655915769e-7,"CD79A;POU2AF1;LY9;JCHAIN;FCRL5;MZB1;CD27;SLAMF7;DERL3;TENT5C;MEI1;HERPUD1;ITM2C;SPCS3",2.483061973303346,1.7324193086325027e-8,TRUE,
"CUI_DEVELOPING_HEART_VALVAR_ENDOTHELIAL_CELL",133,0.48154464449732254,2.1383455049939055,3.728687638132932e-8,2.1092233562236824e-7,"PKHD1L1;NR4A2;MCL1;NR4A3;TIPARP;ATF3;SELL;TFPI2;EVL;NR4A1;ADAMTS1;CLIC2;PDGFRA;GEM;HBEGF;MTMR11;KLF9;ANK2;F5;S100B;OPTN;CRIP1;PLAT;FOSL2;C7;DUSP5;SERPINB1;NFATC1;HLA-B;NEAT1;S100A10;SOD2;GLT8D2;PI16;TAC1;EDIL3;CTSK;TSPAN8;CLDN11;PTGS2;TUFT1;PLCD1;PLLP;MMP19;DUSP2;RCAN1;NFIL3;MAFF;NET1;PMP22;IGFBP5;CD55;HAPLN1;ENDOD1;CD200;IER5;CYP1B1;ITPRIP;SERPINF1;HLA-H;CHMP1B;PLPP5;CD44;AKR1B1;PTHLH;VCAN;PLA2G2A;PDLIM1;IFI27;FEZ1",2.523286145196174,5.443908678140198e-13,TRUE,
"ZHENG_CORD_BLOOD_C6_HSC_MULTIPOTENT_PROGENITOR",93,0.527206554303547,2.1947047832568805,3.7374974306710856e-8,2.1092233562236824e-7,"PTPRC;NR4A2;MMRN1;GBP4;HLA-DQA1;NR4A1;SAMSN1;HLA-DPA1;HLA-E;SMCHD1;LPAR6;TCF4;HLA-DMB;HLA-DRA;RNF125;MEF2C;PREX2;HLA-DRB1;FOXO1;ZNF331;CD74;CAVIN2;LRRFIP1;FOSL2;LINC-PINT;DUSP1;PRKCH;HLA-DPB1;TACC1;STAT1;HLA-DRB5;TFPI;TSC22D3;NEAT1;FAM3C;IRF1;MAP3K8;PPP1CB;THEMIS2",2.225729411276048,1.7090356058588874e-7,TRUE,
"TRAVAGLINI_LUNG_IGSF21_DENDRITIC_CELL",46,0.6494206375953199,2.384109931034659,5.337607044202652e-8,2.97170696429196e-7,"GGTA1;CPM;ATF3;MS4A7;CD83;PDK4;MS4A6A;GFRA2;C1QA;CCL13;MS4A4A;MRC1;MSR1;HNMT;MAMDC2;C1QB;ARHGAP18;SERPING1;CCL2;CSF1R;F13A1;FOLR2;DAB2;FCGR2B;CXCL16;CD93;VSIG4;MAFB",2.5873031801826887,7.064910809533705e-10,TRUE,
"HE_LIM_SUN_FETAL_LUNG_C4_TREG_CELL",38,0.6820475216949738,2.38679214885788,5.347439729701191e-8,2.97170696429196e-7,"CD79A;CD28;CCR4;SLAMF1;CHRM3-AS2;SIRPG;ICOS;CD4;BIRC3;FOXP3;IL2RA;BCL2L11;FAS;NCF4;CTLA4;SESN3",2.4010015899387174,3.1919549093427654e-7,TRUE,
"DESCARTES_MAIN_FETAL_ANTIGEN_PRESENTING_CELLS",97,0.5338767910334714,2.2320787997680083,6.122891903275326e-8,3.376867655745786e-7,"BTLA;PLA2G2D;CCR7;HLA-DOB;SLAMF7;WDFY4;CCL22;IL21R;DENND1B;GCSAM;TIFAB;SAMD9L;RASSF2;RAB8B;XCR1;SEMA4A;HLA-DPA1;CXCL10;CXCL9;EVI2A;TNFRSF9;N4BP2L1;CD80;MCOLN2;FCHSD2;HLA-DQB2;TANK;SNX20;GFI1;CD74;HLA-DQA2;HLA-DPB1;RFTN1;GAS5-AS1;PLEKHM3;NUB1;MIR155HG",2.3177353701557517,1.3352193232949256e-8,TRUE,
"TRAVAGLINI_LUNG_CD8_MEMORY_EFFECTOR_T_CELL",28,0.7465650120540696,2.4395240942856558,7.392841496805599e-8,4.046607977198854e-7,"LINC00861;PYHIN1;SH2D1A;CD3G;IKZF3;IL7R;CD3D;CXCR6;CCL5;CD8A;PRDM1;PIP4K2A;TC2N;CDC42SE2",2.40084695219704,4.9441577226024e-7,TRUE,
"HE_LIM_SUN_FETAL_LUNG_C2_BASOPHIL_CELL",96,0.534231710378092,2.23592705062271,7.797901413488216e-8,4.2364718127010605e-7,"LAX1;TESPA1;C16orf54;NLRC3;CPA3;IKZF2;ETS1;CR1;HDC;RAB27A;EIF4E3;IL1RL1;RGL4;CSF2RB;SLC18A2;ATP10D;HPGD;ELL2;CD244;PBXIP1;ZNF429;CD69;EIF2AK3;CSF1;FRY;JAZF1;MCTP2;KLF5;TTN;TTC39B;PIM1;CLC;TMEM154;ANKRD28;KIF13A;LINC00324",2.3060026582663746,1.2235673247147683e-8,TRUE,
"HE_LIM_SUN_FETAL_LUNG_C2_PLATELET_CELL",358,0.368298616751773,1.8293243777133956,8.993683193687687e-8,4.849926937040471e-7,"PKHD1L1;GRAP2;TENT5C;RIPOR2;PIM2;LXN;PRKAR2B;CA2;CREBRF;XRN1;TCP11L2;ANKRD33B;TRIM23;CNST;RAB27B;KDM5B;LMBRD2;SWT1;ATOSA;CBLB;TTC33;BLZF1;CLK4;CAV2;SOS1;SELP;NPAT;SAMTOR;GAB1;SGMS1;BROX;MMD;RYBP;PHTF2;YOD1;MFSD11;KIFAP3;ELL2;OPTN;TMEM263;TAL1;B4GALT4;CAVIN2;C2orf88;ZNF175;PLEKHF2;CD226;PRIMPOL;DEPP1;SDE2;RIMOC1;WASL;ZBTB11;STOM;TFPI;NFATC1;H2AC11;LYSMD3;PDE5A;BET1;CDKL1;THUMPD1;F2R;MAP4K5;TNFSF4;STRADB;YES1;MCTP2;STX17;KLHL24;CASP3;PDZK1IP1;SLC39A8;PPM1A;GNG11;H2BC21;ARID5B;MOB3C;CPEB4;CDK17;PPP4R3B;PELI2;TXNDC16;GP1BA;CEP44;PDGFA;PCGF5;TRAF6;FBXO30;P2RY1;PBX1;PIM1;CLCN3;IKZF5;RBM7;SSBP2;DAAM1;EGLN3;FBXO3;TBC1D15;ZNF197;TRIM13;USP12;SPRY1;KBTBD2;TRAPPC2B;P2RX1;MBTD1;TWSG1;GATA2;NET1;UTY;NT5C2;PTBP2;CCNT2;SIAH1;ZFYVE1;ELOVL7;ZNF224;TMEM140;DENND4C;ICAM2;H2BC18;MTURN;ENDOD1;KHDC4;ANK1;CPEB2;RAB37",1.5541507387537798,5.436775001511719e-4,TRUE,
"LAKE_ADULT_KIDNEY_C21_COLLECTING_DUCT_INTERCALATED_CELLS_TYPE_B",97,0.5278532088868892,2.206894880493263,1.07484890211516e-7,5.753602946616444e-7,"SPTLC3;PDE4D;PLCG2;FOXP1;NCOA7;MAP3K5;NR3C2;LGR4;PDE1C;SEMA3C;ATP6V0D2;PACRG;SDCCAG8;FOXO1;GLCCI1;SCIN;IL18;PHLDB2;MACROD2;QKI;RNF152;TRHDE;NEDD4L;IQGAP2;GPC6;ARHGAP18;LPP;ZBTB20;MAGI3;PPP3CA;SSBP2;NCOA2;TBC1D5;EPS8;CA12;KIF13B;ADAMTSL3;MEF2A;IGFBP5;PICALM;MAGI1;COL4A4;PRKN;KMT2C;MITF;SOX6;RCAN2;FREM1;SKAP1;GULP1;GAREM1;RALGAPA2;FBXL17",2.1010527722618075,2.2545220234406843e-6,TRUE,
"HE_LIM_SUN_FETAL_LUNG_C4_ILC2_CELL",139,0.4705515682003408,2.110984609505478,1.1518238347792766e-7,6.120640523498638e-7,"SLAMF1;CYSLTR1;CCR2;CCNG2;TMEM273;NR4A3;TNFSF10;BIRC3;RGS18;SWAP70;CD84;SAMSN1;IL1RL1;TIAM1;CD200R1;IL2RA;TMEM220;HPGDS;TSPAN2;TNFSF11;DAPK1;PKIB;SOS1;CFH;HPGD;PHTF2;AHR;PTGER2;GFI1;TNFSF14;ZG16B;C1orf162;MAF;ASPH;THEM4;TNFRSF18;INPP4B;GNA15;PDLIM5;EPAS1;KLF5;TTN;MBOAT2;COL9A2;MAST4;LPCAT2;PDE7B;NDFIP2;ANTXR2;MDFIC;EGLN3;ARHGAP5",2.06555432506773,1.7884067218322349e-6,TRUE,
"LAKE_ADULT_KIDNEY_C27_VASCULAR_SMOOTH_MUSCLE_CELLS_AND_PERICYTES",149,0.46104752774550817,2.079967889717296,1.1779179151927536e-7,6.213943784495106e-7,"FOSB;AFF3;ATF3;FOS;MBNL1;NR4A1;ADGRL3;MAP3K5;TMTC1;CBLB;MEF2C;HPSE2;FCHSD2;DGKH;A2M;CRIM1;ROCK1;DLC1;BMPR2;DUSP1;NBEAL1;TACC1;FER;NEAT1;UTRN;ZEB1;DYRK1A;EGR1;FRY;INPP4B;KCNAB1;PDE1A;EBF1;PDLIM5;RBMS3;EPAS1;GPC6;ARID5B;PTEN;LPP;PAWR;CLMN;ITGA1;WSB1;ZFP36;PBX1;KIF13A;AKAP13;CAMK2D;SSBP2;CDC42BPA;PPP1R12A;PPP1R12B;JUNB;EPS8;DLG2;PRKG1;HSPA1B;TTC28;SLC8A1;FTX;IGFBP5;PALLD",2.3232840027254675,1.182044798121625e-9,TRUE,
"DESCARTES_FETAL_HEART_ERYTHROBLASTS",266,-0.346810809717839,-1.8391051047219567,1.8905463876502785e-7,9.901566692153978e-7,"NPRL3;EMC4;SPG21;AP1M1;TMEM161A;TAF6L;DDX39A;ASCC2;NAA10;MTHFD2;SNHG7;AARS1;ME3;SLC35A2;GRK6;FARSA;PCK2;CHCHD6;NOB1;POLR1A;NHP2;PRC1;LRRC47;AKR1A1;DEAF1;PIEZO1;ZMIZ2;POLR2H;TRMU;HIC2;CDK5RAP1;SLC35C2;RPL3;SELENOH;ACAD11;TJAP1;UVSSA;WRNIP1;SLC2A1;CAB39L;DHX35;TBC1D24;KIFC1;GSPT2;SMARCD2;SNRPA;BLVRB;ERGIC3;TIMELESS;USP6NL;EIF2B1;PRPS2;RFXANK;NAXE;APEH;GET4;RNF123;PPP1R9B;ASL;BTBD6;ABCB7;CDT1;MACROD1;HMGA1;STK11IP;SMS;MRPL22;TM2D3;TESC;SLC38A7;FTL;APMAP;RPIA;GPS2;BCORL1;ZSWIM4;GRWD1;BAP1;OAT;ATP9B;DGCR6L;NAT10;CHLSN;RPL22L1;FAM178B;PGLS;NXT1;EIF3B;KLC4;PPIL1;TNFRSF10A;POLR3B;DCP1B;SKA1;BRI3BP;ARMC2;SPPL2B",-1.934992750694419,8.588833683865413e-8,TRUE,
"MANNO_MIDBRAIN_NEUROTYPES_HPROGFPL",286,-0.3439923069761428,-1.84133915023356,2.0740278777069e-7,1.0784944964075879e-6,"MSI1;PHGDH;SMAD6;PIF1;FAM83D;EPHB2;TYMS;PLK1;KNSTRN;GTSE1;FOXM1;KIF4A;TCF3;MCM2;TROAP;CDCA3;CDCA8;CCND1;SIVA1;CCNB2;MACROH2A2;NES;LMNB1;SRF;CENPV;UBE2C;PRC1;RPS14;DIS3L2;RANBP1;RCOR2;KIF23;BUB1B;PIMREG;AURKA;GNG5;GPRC5C;EEF1D;LMNB2;AK4;KIF2C;AJUBA;NCAPH;CHAF1A;NELL2;MCM7;CELSR1;UHRF1;CCNA2;PSRC1;CCNB1;TACC3;H2AX;TIMELESS;AURKB;SPAG5;ZWINT;NAXE;SDC1;CLSPN;BMP7;FANCB;GPC4;FZD3;RCN1;NCAPG;FANCI;CDCA5;MYBL2;CDKN3;HMGA1;PTPRO;LSM4;NKD1;TPX2;KIF22;RRM2;CENPN;SFXN2;CRB2;HMGA2;VSTM2L;TCF12;MCM3;IGFBP2;CDH2",-1.6431193593699942,4.516594582420684e-5,TRUE,
"HE_LIM_SUN_FETAL_LUNG_C1_PROXIMAL_BASAL_CELL",174,0.43325520785541927,1.9843834005392262,2.263473873820032e-7,1.1686588511638181e-6,"SLC15A2;ADAM28;ABI3BP;NR4A2;IFI16;ADGRF1;TNFSF10;FAM107A;IRAG2;TFPI2;FRZB;LSP1;MUC4;SCNN1B;TNFAIP8;LPAR6;F3;SLPI;SGK1;BHLHE40;SERPINB5;CFH;DGKH;OPTN;RAPGEF5;CX3CL1;PLAT;FBXO32;BAALC;COL17A1;RETREG1;COL14A1;C16orf74;SPINK5;HLA-B;ISL1;FMO1;SERTAD4;PRRG4;EYA1;GNG12;IL1RAP;EDN1;PAPSS2;GLIS3;CH25H;NRG1;EPAS1;GNG11;EVA1C",2.158041816098906,7.94786048659015e-9,TRUE,
"DESCARTES_FETAL_THYMUS_VASCULAR_ENDOTHELIAL_CELLS",121,0.48246569567554787,2.107091237272575,2.892873553512926e-7,1.4831070048995846e-6,"PKHD1L1;MMRN1;RELN;PALMD;TLL1;THSD7A;RASGRP3;NR3C2;SHE;NALF1;CD36;FGD4;IL7;LYVE1;PREX2;A2M;CAV1;MYCT1;CAVIN2;EMCN;STOM;TFPI;NFATC1;ELK3;CALCRL;NR2F1-AS1;RNF152;ADGRL4;GLIS3;TEK;ARHGAP29;EPAS1;TNFRSF11A;MEOX2;LINC00472;RFTN2;RHOJ;ZNF521;MET;CCL21;STXBP6;LDB2;STAB2;GASK1B;ABLIM3;GNG12-AS1;PRCP;APLNR",2.442371557078346,5.3527064037342306e-11,TRUE,
"HAY_BONE_MARROW_NEUTROPHIL",427,0.34576488511936415,1.7398790226039151,3.068931419975167e-7,1.5623650865328121e-6,"DOCK2;PRKCB;MCL1;CR1;FGL2;LCP1;TNFSF13B;MFSD1;RAB27A;VNN1;MPEG1;CYBB;RASSF2;STK17B;CLEC12A;TRIQK;TFEC;CD302;EIF4E3;SELL;FOS;CD1D;LY86;SOAT1;SAMSN1;NAIP;SEMA4A;TLR8;LYST;P2RY13;DPYD;MXD1;ADA2;LY96;PSTPIP1;MS4A6A;GNAQ;GMFG;KCTD12;LPGAT1;FGD4;MTMR11;HACD4;KLF6;WDR26;NCF1;STX11;F5;ENTPD1;EMB;EEIG2;KYNU;HIPK3;FOSL2;MSN;TRIB1;SGMS2;IGSF6;DUSP1;BASP1;C1orf162;PLXDC2;QKI;ZDHHC20;AHNAK;SERPINB1;GAS7;SDCBP;SMCO4;PRRG4;CCNL1;HNMT;S100A10;ACTR2;FRY;ALOX5;NCF4;RGS2;IFI27L2;NRG1;KLF4;PLD1;PLA2G7;BNIP2;CLEC4E;ATP6V1A;CD163;CD33;PTEN;SLC36A4;GM2A;PELI2;MNDA;RIN2;SPTSSA;NFAM1;CSGALNACT2;MTARC1;DMXL2;SRGN;PTGS2;MOB1A;SKAP2;SIRPB1;LRRK2;CATSPER1;STEAP4;GAA;KIF13A;GCA;IVNS1ABP;PTAFR;FBXL5;PRAM1;GASK1B;CARD16;UBE2D1;TMTC2;STMP1;VAPA;ASGR2;CD300LB;PADI2;APOBR;QSOX1;CD93;TLR4;NFIL3;PTPN12;RAB31;ACER3;OTUD1;TET2;VNN2;CD55;FNDC3B;MBD2;GNS;IFNGR1;TMEM170B;TPP1;EVI5;DOK3;SNX10;VIM;OTULINL;MEGF9;MCTP1",1.821524721998027,5.107925841168702e-8,TRUE,
"BUSSLINGER_GASTRIC_PARIETAL_CELLS",230,-0.3589259759982346,-1.8708200070227223,3.491344654292595e-7,1.759911343712635e-6,"GAPDH;IDH2;PRDX2;GPT2;PDHA1;GPR155;CYC1;AIFM1;MICALL1;RBPMS2;YBX1;ATP5F1B;COX7B;SLC4A2;SLC25A5;WIPF3;MYO19;NDUFS8;SLC25A3;PPIF;ME3;ATP5MC3;HSPA9;COX5A;APLP1;PDHX;PKM;SUCLG1;FTH1;MDH2;NECAB3;CS;TM7SF2;ATP5F1A;CHCHD2;PHLDA1;GPRC5C;NDUFA1;MRPL41;NDUFV1;DCXR;BOLA3;VDAC2;NDUFS3;MGAT4B;UQCRC1;PRDX3;NDUFB7;SLC25A4;COX8A;NDUFA6;CHPT1;ATP5F1C;VDAC1;COX6A1;FNDC5;NDUFA8;CHCHD10;MDH1;NDUFS1;GOT1;SDHB;ODAM;PRDX5;GOT2;KCNQ1;UQCRFS1;COX5B;TPM2;MRPL34;NDUFA9;SERF2;ACADVL;FTL;HPCAL1;COX4I1;ATP5F1D;IGFBP2;TPD52L1;HADHB;FH;GHITM;COX7C;NDUFA10;NDUFB9;ALAD;NHERF1;ATP5ME;ALDH1A1;COX6B1;CKB;ACAT1;COA3",-1.9097439127639846,4.617514840972104e-7,TRUE,
"FAN_EMBRYONIC_CTX_BRAIN_MYELOID",137,0.4646278600872231,2.078289763635528,3.5053179236034623e-7,1.759911343712635e-6,"NAPSB;ITGAL;SCIMP;POU2F2;RIPOR2;JAML;FGL2;TNFSF13B;CLEC12A;CD52;CTSS;ATF3;CD48;LSP1;HLA-DPA1;CLEC2B;ADA2;TXNIP;MS4A6A;NFKBIZ;PLCB2;HLA-DRA;HLA-DMA;CRIP1;HLA-DRB1;CD74;LRRFIP1;CLEC7A;C1orf162;TENT5A;HLA-DPB1;HLA-B;NEAT1;UTRN;PLAC8;S100A10;IRF1;DOK2;CFD;KLF4;CALHM6;PTGS2;NLRP1;MYO1F;HCK;PSMB9;NFKBIA;PRAM1;CARD16",2.350043163204063,3.98185395632973e-10,TRUE,
"DESCARTES_FETAL_LUNG_CSH1_CSH2_POSITIVE_CELLS",182,-0.38660013382872305,-1.9509873904749409,3.538960927531228e-7,1.7646325720840644e-6,"PREB;PSMD3;STRA6;ZNF74;CDKN1C;LSM10;SPINDOC;HARS1;CNNM3;ALKBH2;LZTS2;TRMT61A;PPIL2;CNOT3;TSEN34;CENPV;DOLK;SNRPA1;TIMM50;PCGF1;P2RY2;SNAI1;BOK;UNC119;PGP;SH3GLB2;ZDHHC16;DDIT3;DLX3;SLC2A1;HNRNPD;SLC35B2;PHLDA2;TBC1D24;SEMA3F;TIPIN;POLR2D;PRDM11;QNG1;OGDH;TFPT;LLGL1;TMEM101;ZNF703;SUPV3L1;YKT6;SDC1;EPHA1;METTL5;MFSD13A;EFHD1;MRGPRF;TEX261;KCNJ14;CNKSR1;TNFRSF12A;POU6F1;SEMA5B;RNF128;MARCHF9;MBD6;FXN;ALG2;RTN4IP1;ZNF280C;TP53I13",-1.8791243507116633,7.2335519148731905e-6,TRUE,
"MANNO_MIDBRAIN_NEUROTYPES_HRGL3",469,0.3380104943987943,1.711906636767038,4.039618285291844e-7,2.0005728650969134e-6,"CD19;SLC15A2;MMRN1;KCNN3;ABCA8;LPL;NR4A3;VCAM1;SLC4A4;ATF3;NR3C1;DCLK1;FOS;IQCG;ENPP2;TCIM;THSD7A;RALGPS2;MAP3K5;LIFR;EPB41L3;CSPG5;ATOSA;SLC44A1;ARL6IP5;LIPA;CPNE8;JAM2;CD36;DAPK1;PDE1C;ARHGAP24;SPON1;KCTD12;LZTFL1;SLIT1;CAST;CEP126;CD47;DNAJB4;KLF9;SHROOM3;PACRG;F5;LITAF;LCA5;CFAP126;ITGB8;NKAIN4;EDNRB;CRIM1;NEK11;CRIP1;AGA;APPL2;LMBRD1;TXLNB;C6orf89;PLEKHH2;PBXIP1;DENND2B;QKI;GALNT3;ITM2C;AHNAK;LDLRAD4;DSC2;RSPO3;STAT3;KIRREL3;AGBL2;CFAP45;CIMAP3;LIX1L;MAGI2;GNG12;SLC35G2;FAT3;CNTN4;MAMDC2;EGR1;H2AC6;GLIS3;PPIL6;KCNAB1;ENKUR;UBL3;IFI27L2;IQGAP2;PDLIM5;ARAP2;TMEM9B;ALDH9A1;ALDH6A1;EVA1C;IFI35;RFTN2;EZR;CFAP44;BCO2;RHOJ;PEA15;EFCAB14;HEATR5A;C1orf226;LRRK2;MORN2;DNAH7;DCDC2;EFEMP1;CPQ;CIMAP1B;GET1;GCA;COLEC12;GASK1B;EGLN3;DNAI4;TSHZ2;TPPP3;ARHGAP5;PAPLN;KLHL32;ATXN1;FGF1;KIF5C;PRCP;TPPP;SERPINB6;SPAG16;MLF1;ITPKB;CCDC146;TSTD1;VEPH1;NECTIN3;DSG2;NMNAT2;SLC1A3;SLIT2;PMP22;SALL1;RNF13;KLF15;IGFBP5;ARHGEF28;ETFRF1;ITPRID2;FOXP2;FNDC3B;HAPLN1;ANTXR1;SUSD5;HBA2;CPEB2;TPP1;DST;EVI5;DSC3;VIM;FLRT3;TMEM232;LIMCH1;TRAM2;PDPN",1.905843164952353,2.83258655566471e-10,TRUE,
"LAKE_ADULT_KIDNEY_C12_THICK_ASCENDING_LIMB",357,-0.31135599939706016,-1.6867114723980106,4.084279194820047e-7,2.009023820154726e-6,"GAPDH;IDH2;PDHA1;PPIB;CYC1;RPL19;YBX1;ATP5F1B;RPLP0;COX7B;ANXA11;ALDOA;P4HB;SLC25A5;EEF2;SLC25A3;RPL4;ENO1;DNAJC11;ATP5MC3;LLGL2;PRDM16;GNAS;COX5A;RPS14;TUFM;RACK1;PGK1;PKM;RPS17;SUCLG1;FTH1;GPX4;TPI1;ATP5F1A;CHCHD2;RPS16;RPL3;NDUFA1;RPL10;SRP14;EEF1D;CLCN5;NDUFV1;PEBP1;RPL7A;FAM171A1;MAGED1;RPS23;RPLP1;FAU;UBB;SSR4;UQCRC1;PRDX3;SLC25A4;ZHX3;EPS8L2;RPS3;FKBP2;ATP5F1C;UQCRH;UBA52;SDC1;BICDL1;CD81;RPL41;EIF3K;CHCHD10;MDH1;NDUFS1;FGFR3;GOT1;PRDX5;ATP5MC2;KCNQ1;EFHD1;ATP6V0B;RPS4X;UQCRFS1;MRFAP1;COX5B;NARS1;SMS;IMMT;RPS28;RPS8;KIFC3;HS6ST2;SGK2;SERF2;ACADVL;CADM1;COX4I1;CNP;RPL8;SIM2;HADHB;SNHG29;UXS1;RPS21;RPL23;PRKX;SDHA;PRSS8;GHITM;COX7C;RPL6;PPIA;SCD5;NDUFB9;NRCAM;RPL18;ATP5ME;PLXNB1;ALDH1A1;PFKL;COX6B1;KIF12;RPS15;RPS18;RPS11;CKB;EEF1A1;ACAT1;NACA;COA3;RPL10A",-1.7380185712751222,7.314863675375542e-7,TRUE,
"DURANTE_ADULT_OLFACTORY_NEUROEPITHELIUM_PERICYTES",79,0.5351525709008327,2.169882997029079,5.21407599762909e-7,2.5475485411234745e-6,"ITM2A;GIMAP7;PALMD;TXNIP;HLA-E;LIFR;LPAR6;TCF4;JAM2;KCTD12;SELE;A2M;ABCG2;CAV1;CD74;CAVIN2;EMCN;PLAT;CALCRL;PECAM1;EDN1;ADGRL4;TGFBR2;GNG11;NOSTRIN;CYYR1;ACKR1;SPRY1;PRCP;EMP1;CD93;RUNDC3B;CXCL12;VIM;PODXL;PCAT19;CRIP2;CD34;SPTBN1;FAM13C;NHERF2;ECSCR;IFI27",2.3872241555800104,2.345565737207621e-8,TRUE,
"CUI_DEVELOPING_HEART_CORONARY_VASCULAR_ENDOTHELIAL_CELL",39,0.6651619078722597,2.334501116889785,5.251375139982766e-7,2.548667401271636e-6,"GIMAP7;GIMAP4;FABP4;TCIM;TCF4;GMFG;JAM2;CD36;MEF2C;A2M;CAV1;CA4;CD74;CAVIN2;MEOX1;HLA-B;UTRN;ADGRL4;ARHGAP18",2.3357302129847555,7.314863675375542e-7,TRUE,
"AIZARANI_LIVER_C29_MVECS_2",307,0.366843359024892,1.7991942355110133,5.556647339043132e-7,2.6789663992207947e-6,"ITM2A;ABI3BP;FOSB;MMRN1;KCNN3;PALMD;FAM107A;ARHGAP31;PLSCR4;TFPI2;SWAP70;PTGDS;IL1RL1;NCOA7;HLA-E;TMTC1;LIFR;NEDD9;ADAMTS1;TCF4;JAM2;CD59;KCTD12;HBEGF;CAV2;SELP;SELE;SERPINB9;BMX;PREX2;A2M;CRIM1;CAV1;CLEC3B;MYCT1;EFNB2;ITM2B;CAVIN2;EMCN;DLC1;BMPR2;C7;SLCO2A1;TACC1;FNIP2;STOM;AHNAK;TFPI;NFATC1;ELK3;LIMA1;RSPO3;CALCRL;PECAM1;S1PR1;MATN2;JMJD1C;F2R;EDN1;KLF3;ADGRL4;S100A10;AFF1;HEG1;TEK;PDLIM5;RBMS3;EPAS1;KLF4;GNG11;ARID5B;IL1R1;MIR22HG;MAST4;RHOJ;PEA15;TGFBR3;CYYR1;SASH1;MYOF;LDB2;TMCC3;NFIB;FKBP1A;SEC14L1;PTTG1IP;SPRY1;SERPINB6;EMP1;LMO2;SNTB2;CD93;TLR4;TTC28;MAFF;PTPN12;F8;MECOM;HIF1A;INSR;CD55;DPYSL2;PTPRB;FILIP1L;AKAP12;VIM;GSN;TPM4;DOCK9;LIMCH1;GJA5;PLPP3;CCN1;IL6;ITPRIP;NFATC2;LMNA;MGP;CDC42EP3;CRIP2;CD34;DSTN;PKIG;DUSP6;SPTBN1;FGF2;PTHLH;CCN2;TSC22D1;PDLIM1;IFI27;TIMP2;INPP1;WWTR1;PTPN14;CMIP;NFIA;FILIP1;ST6GALNAC3;ERG;MIDN;WARS1;ANXA1;MDK;IGFBP4;ADAMTS9;ADGRF5;ARL4A",2.2670081290705606,2.5562503674772914e-14,TRUE,
"TRAVAGLINI_LUNG_ARTERY_CELL",129,0.4631693470418159,2.045617166524782,8.689623161731519e-7,4.161872145881938e-6,"ABI3BP;GIMAP7;PALMD;GIMAP1;FAM107A;GIMAP8;TIPARP;ARHGDIB;RNF144B;SLC7A2;ENPP2;THSD7A;PLCG2;LIFR;TSPAN2;JAM2;KCTD12;SELP;PDCD4;BMX;CTTNBP2NL;ENTPD1;EFNB2;ASRGL1;RASGEF1B;HERPUD1;TM6SF1;TACC1;PGRMC2;LIMA1;CALCRL;F2R;RND3;PNRC1;MYLIP;SRGN;ARGLU1;CYYR1;LPCAT2;TOX2;GLUL;GFOD1;FNBP1;PLLP;EPS8;F8;AZIN1;MECOM;PLK2;HIF1A;PALLD;CXCL12;RUNX1T1;PTPRB;SEMA3G;TMEM245",2.252739401819901,1.07398042318424e-8,TRUE,
"TRAVAGLINI_LUNG_PLASMACYTOID_DENDRITIC_CELL",104,0.48849469897888087,2.07579802028224,9.066263174933504e-7,4.313882085850713e-6,"IRF4;MZB1;NAPSB;GPR183;LINC00996;SPIB;GAPT;TLR7;AFF3;DNASE1L3;CD4;MPEG1;P2RY14;NR3C1;TSPAN13;PLD4;TCF4;CBFA2T3;CSF2RB;RNASE6;MCOLN2;CCDC88A;SIDT1;CDYL;DUSP5;ITM2C;SMIM5",2.100981569822418,2.7648667641757984e-6,TRUE,
"HE_LIM_SUN_FETAL_LUNG_C1_PROXIMAL_SECRETORY_1_CELL",96,0.5093180043530446,2.1316553869409693,1.2160475377591266e-6,5.748588360315872e-6,"SLC15A2;ADAM28;CP;PLAAT4;ST8SIA4;TNFSF10;IRAG2;GALNT12;TIAM1;NEGR1;SLPI;NT5E;AGR3;CFH;B3GALT5;ST6GALNAC1;HPGD;CX3CL1;PLAT;CTSW;TFPI;SPINK5;GSTA1;ISL1;SOD3;CAPN8;CAPS;CH25H;TSPAN1;MLPH;SFTPA2;FCGBP;ELAPOR1;LUZP2;LIPH;MET;STEAP4;SCGN",2.17935285483753,3.8125949378593337e-07,TRUE,
"LAKE_ADULT_KIDNEY_C24_ENDOTHELIAL_CELLS_AEA_AND_DVR",152,0.43353844464261126,1.9634990289635381,1.2615227233398036e-6,5.925087371557271e-6,"ABI3BP;PALMD;IL6ST;FOS;MBNL1;ENPP2;THSD7A;CRYBG3;DPYD;HLA-E;TMTC1;SP100;ADAMTS1;TCF4;CD59;KCTD12;HLA-DRA;SYNE1;MEF2C;FCHSD2;A2M;CRIM1;HLA-DRB1;CD74;EMCN;B2M;BMPR2;DEPP1;DUSP1;TACC1;RHOA;STOM;AHNAK;HLA-B;UTRN;ZEB1;PECAM1;KLF12;ADGRL4;EBF1;PDLIM5;RBMS3;EPAS1;ELMO1;SRGN;ARGLU1;AKAP13;PLCB1;LDB2;UBE2D3;CDC42BPA;NFKBIA;PTPRM;PTTG1IP;EMP1;CD93;MEF2A;TTC28;TPM3;ADAMTS6;PTPRB;DST;CLIC4;VIM;DOCK9;LIMCH1;RASAL2;PODXL;KIF5B;MYL12A;H3-3B;SPTBN1;PLCB4;MTUS1;CHRM3;RALGAPA2;CD46;AKT3",2.2451474598578973,3.1786878439555858e-9,TRUE,
"HE_LIM_SUN_FETAL_LUNG_C2_DC2_CELL",51,0.5894853454305523,2.197792711891549,1.8860932672990567e-6,8.748785980306208e-6,"TLR10;TMEM156;IRF4;MAP4K1;ADAM28;CD1C;CD1E;TMEM273;NR4A3;P2RY14;HLA-DOA;TVP23A;GEM;PKIB;S100B;HLA-DQB2;IL18;CD69;FCER1A;LGALS2;LPXN;COL9A2;ARL4C;FCGR2B;MOB3B",2.467260133332666,1.8686903685988118e-8,TRUE,
"JONES_OVARY_ENDOTHELIAL",161,0.4298114264003769,1.9621968754863555,1.88675741608252e-6,8.748785980306208e-6,"ITM2A;GIMAP7;ETS1;SELENOP;PALMD;GIMAP4;TNFSF10;GIMAP8;SNRK;ENPP2;FLI1;HLA-E;LIFR;CD59;KCTD12;HLA-DRA;CAV2;MEF2C;PREX2;A2M;CRIM1;CAV1;LEPR;HLA-DRB1;MYCT1;CD74;HLA-C;EMCN;B2M;HLA-DPB1;ELK3;HLA-B;UTRN;CALCRL;HLA-F;PECAM1;LIMS1;S1PR1;ADGRL4;PALM2AKAP2;TGFBR2;ARHGAP29;EPAS1;ARHGAP18;GNG11;NOSTRIN;ITGA1;SRGN;CYYR1;SASH1;LDB2;PPP1R12A;C1orf115;NFIB;SMAD1;EMP1;APLNR;LMO2;CD93;MECOM;PLK2;ICAM2;PTPRB;APOD;TCEAL9;DOCK9;PCDH17;LMNA;MGP;PCAT19;CRIP2;CD34;KDR;DSTN;PKIG;ADCY4;DUSP6;CCN2;ECSCR;PDLIM1;IFI27",2.2873524127579596,5.903790965578051e-10,TRUE,
"AIZARANI_LIVER_C9_LSECS_1",293,0.36442128470449175,1.7778182267922937,1.9060386688164802e-6,8.78225411961011e-6,"MMRN1;RELN;GBP4;DNASE1L3;FAM107A;CD4;IL6ST;SNRK;MARCKS;TFPI2;TCIM;IL1RL1;NCOA7;LIFR;MS4A6A;TCF4;SGK1;CD36;BHLHE40;NR5A2;MEF2C;SLC27A3;PLEKHG1;LYVE1;FCHSD2;PREX2;CRIM1;RAPGEF5;TAL1;MYCT1;EFNB2;CAVIN2;OSMR;GOLGB1;FOSL2;MRC1;DLC1;DUSP5;ADGRL2;MAF;TACC1;TFPI;LIMA1;SDCBP;ZEB1;S1PR1;JMJD1C;F2R;EDN1;PHACTR2;ADGRL4;PRKAR1A;AFF1;FZD4;YES1;ARHGAP29;PARP14;ADM;EPAS1;MYO6;UGCG;GNG11;NOSTRIN;IL1R1;PPP1R15A;RHOJ;PEA15;WSB1;ARGLU1;TGFBR3;PHF10;SASH1;TOX2;CEP170;NTN4;LDB2;DAAM1;CXCL16;STAB2;SREK1;FKBP1A;SEC14L1;SPRY1;PRCP;CAPZA2;EMP1;SEMA6A;CD93;ZNF160;GALNT1;F8;PRKD3;PLK2;HIF1A;INSR;PPFIBP1;CCDC50;DENND4C;PTPRB;PDE2A;KCTD20;AKAP12;TPM4;DOCK9;LIMCH1;BST2;RASAL2;PLPP3;PCDH17;HIPK2;ITPRIP;TCF7L2;AFF4;BNIP3L;SLC2A3;PLXNA2;CALU",2.1093928531273662,7.894964075315115e-11,TRUE,
"AIZARANI_LIVER_C10_MVECS_1",265,0.3819770467177132,1.8438565973576782,1.9296023336782223e-6,8.834908798224816e-6,"ITM2A;FOSB;MMRN1;KCNN3;PALMD;DNASE1L3;FAM107A;GIMAP8;IL6ST;ARHGAP31;SNRK;PTGDS;HLA-E;TMTC1;LIFR;NEDD9;ADAMTS1;TCF4;SGK1;SHE;JAM2;CD36;BHLHE40;CD59;CAV2;KLF9;A2M;EDNRB;CRIM1;CAV1;CLEC3B;MYCT1;EFNB2;CAVIN2;EMCN;PLAT;CSRNP1;DLC1;BMPR2;C7;SLCO2A1;TACC1;STOM;HLA-DRB5;ELK3;CALCRL;PECAM1;S1PR1;F2R;EDN1;ADGRL4;ACVRL1;HEG1;TEK;TGFBR2;FZD4;RBMS3;ARHGAP29;EPAS1;KLF4;GNG11;NOSTRIN;MAST4;RHOJ;PEA15;TGFBR3;CYYR1;SASH1;LDB2;GASK1B;JUNB;TMCC3;PTPRM;NFIB;FKBP1A;SEC14L1;ACKR1;RPS6KA2;SPRY1;PRCP;SERPINB6;EMP1;LMO2;SNTB2;CD93;F8;MCC;INSR;CXCL12;RUNX1T1;PTPRB;PDE2A;CLIC4;VIM;GSN;TPM4;DOCK9;LIMCH1;PLPP3;PCDH17;ITPRIP;LMNA;MGP;CDC42EP3;PCAT19;CRIP2;CD34;RGCC;KDR;ADCY4;DUSP6;SPTBN1;CHRM3;NHERF2;CCN2;TSC22D1;PDLIM1;IFI27;TIMP2;INPP1;WWTR1;PTPN14;NFIA;KLF7;FILIP1;RDX;ST6GALNAC3;ERG;MIDN;WARS1;IGFBP4;ADAMTS9;ADGRF5",2.315320277868613,7.201424522628411e-14,TRUE,
"RUBENSTEIN_SKELETAL_MUSCLE_SMOOTH_MUSCLE_CELLS",436,-0.2920166395350514,-1.6083036350916484,2.117713786113746e-6,9.635597726817544e-6,"NDUFA4L2;GAPDH;CCT7;PHB1;ACTG2;PRDX2;CYC1;RBPMS2;NDUFS7;YBX1;ATP5F1B;CNN1;COX7B;ALDOA;SLC25A5;NDUFS8;MTHFD2;SERPINI1;SLC25A3;RPL4;WDR1;PLP2;PPP1R14A;CCND1;RAN;SIVA1;STRAP;ATP5MC3;OR51E1;STOML2;COX5A;KCNMB1;SLC25A6;PHPT1;RANBP1;PKM;FTH1;NDUFA13;HES4;TPI1;ACTN4;CYB5R3;ATP5F1A;CCDC107;RPL3;GPRC5C;NDUFA1;ACTN1;PRSS23;PEBP1;RPL7A;ACTB;CD151;PHLDA2;TINAGL1;MYH11;RPLP1;VDAC2;EDNRA;PGRMC1;FAU;TCP1;UBB;UQCRC1;PRDX3;PDLIM7;ECH1;SNHG32;NDUFB7;NOTCH3;COX8A;HIGD1B;RBBP7;HACD1;NDUFA6;ZYX;MYL9;ATP5F1C;UQCRH;PDCL3;COX6A1;NDUFB11;TAGLN;FLNA;MAF1;METTL5;NDUFA8;RPL41;NDUFS5;EIF3K;ACTA2;CALM3;CHCHD10;MDH1;DDAH2;OAZ2;MRPL18;ATP5MC2;CRYAB;EFHD1;RPS4X;UQCRFS1;COX5B;TPM2;LMOD1;DCTN2;EIF3L;AP2M1;CCDC3;PGAM1;PTP4A3;DBI;TOMM22;CPE;MCAM;RCN2;COPS6;TSPO;COX4I1;SLIRP;ATP5F1D;YWHAQ;LDHA;TBX2;RPL8;ZFYVE21;UBE2D2;TPM1;AURKAIP1;PSMB6;IGFBP7;CHLSN;COX4I2;SF3B2;MAP3K20;SYNPO2;RPL23;COX7A1;GHITM;COX7C;RPL6;MOB2;NDUFA10;PARK7;TNS1;NDUFB9;ATP5ME;KANK2;RPS27L",-1.6772060319414386,5.462085058715897e-7,TRUE,
"ZHENG_CORD_BLOOD_C4_PUTATIVE_EARLY_ERYTHROID_COMMITMENT",94,0.4908550459176946,2.043750557075519,2.2692265020288e-6,1.0260850270043269e-5,"TESPA1;CPA3;IKZF2;ARHGAP15;SLA;ITGA4;CD84;IL1RL1;NFKBIZ;IMPA1;HPGDS;CRACD;RHOH;SKIL;ZEB2;RSBN1;MYCT1;LEPROT;PLXDC2;CD69;SERPINB1;SDCBP;BMP2K;SLC39A8;ELMO1;SLC38A2;SESN3;ZBTB20;ELF1;SPTY2D1;PRKACB;PBX1;LAPTM4A",2.039445898969402,9.092417105529125e-6,TRUE,
"AIZARANI_LIVER_C32_MVECS_3",124,0.45933884486663057,2.0120406117128664,2.6493061037868513e-6,1.1905523725659432e-5,"GBP4;GIMAP4;TNFSF10;VCAM1;IL6ST;CFLAR;PTGDS;TIAM1;NCOA7;CXCL9;HLA-E;LIFR;NFKBIZ;SGK1;BHLHE40;KLF9;SELE;BMX;CXCL11;CRIM1;TAL1;ITM2B;CSRNP1;B2M;C7;TACC1;TFPI;HLA-B;CALCRL;PECAM1;MATN2;AFF1;HEG1;PARP14;EPAS1;KLF4;SLC38A2;TRIM56;PELI2;NOSTRIN;IL1R1;CLDN11;FCGR2B;TGFBR3;NTN4;KRAS;FKBP1A;ACKR1;SPRY1;PRCP;SNTB2;TLR4;PPFIBP1;ANKRD26;DPYSL2;PTPRB;PDE2A;AKAP12",2.282327563435017,2.775844581165568e-9,TRUE,
"GAO_LARGE_INTESTINE_24W_C8_GOBLET_CELL",41,0.6222627171876252,2.214809185276521,2.9068359617694377e-6,1.2982678405939574e-5,"ZG16;BCAS1;STXBP5-AS1;DHRS9;MUC4;CLDN8;CHGA;FER1L6;SYTL2;GALNT3;RASEF;HLA-F;CAPN8;LGALS9C;TSPAN1;MLPH;SLC17A5;ANO7;ENTPD8;PLCD1;B3GNT6;SORL1",2.1950463821274666,7.257705649092693e-6,TRUE,
"HAY_BONE_MARROW_NK_CELLS",336,0.3493481253462364,1.7215674662287705,3.0091687205152056e-6,1.3357773344726035e-5,"PYHIN1;ITGAL;CD247;STAT4;KLRB1;IFI16;SLA2;TBC1D10C;IL12RB1;SASH3;BTN3A2;TXK;GNG2;PLAAT4;TBX21;APOBEC3H;SYTL3;BIN2;ARHGAP30;GNGT2;CFLAR;ARHGDIB;NKG7;GZMM;RASSF5;IL2RB;ARHGAP9;APOBEC3G;HLA-E;ADRB2;C1orf21;B3GNT7;CBLB;ARL6IP5;CX3CR1;TSPAN2;GZMA;WIPF1;CD7;SYNE1;PIP4K2A;AKNA;ERICH6-AS1;KLRD1;LITAF;PDGFD;PTGER2;OPTN;IL18RAP;SYTL2;CD53;POLR3GL;HLA-C;TOX;CD244;B2M;ZAP70;PRKCH;APOL6;HSH2D;LAIR2;CTSW;PDE6G;HAVCR2;CHST2;HLA-F;TNFRSF18;GK5;RAC2;IRF1;LINC02384;LGALS9C;DOK2;YES1;MCTP2;DENND2D;DDX6;UBE2L6;ARL4C;GPR65;PRKACB;NCAM1;SH2D2A;EOMES;TGFBR3;ZNF600;ITGB2;MYO1F;CARINH;LDB2;PSMB9;GFOD1;FASLG;SEPTIN7",1.9470932871172524,1.4612380434141765e-8,TRUE,
"MENON_FETAL_KIDNEY_10_IMMUNE_CELLS",83,0.5114224956440068,2.080257084194072,3.137814657687469e-6,1.384441861088774e-5,"PTPRC;FYB1;FGL2;LCP1;AIF1;CYBB;ARHGDIB;FOS;HLA-DPA1;HLA-E;EEF1B2P6;HLA-DRA;MEF2C;KLF6;CCDC88A;HLA-DRB1;CD74;HLA-C;LRRFIP1;B2M;IGSF6;HLA-DPB1;MAF;HLA-B;NEAT1;ACTR2;RBPJ;MNDA;DAB2;SRGN",2.1778373956446773,1.449079076570416e-6,TRUE,
"GAUTAM_EYE_CHOROID_SCLERA_MELANOCYTES",151,-0.39358674248132763,-1.9304976693368585,3.7721865345981134e-6,1.6462149524174098e-5,"TIMM44;CCT7;PHB1;ATG101;CYC1;PRELID1;IMP4;RPLP0;ENOPH1;ALDOA;SLC4A2;SLC25A5;RAD23A;B3GAT3;GALE;KLHL21;CCT5;RNH1;ARF1;TUFM;EIF3G;NELFCD;SNX8;PEPD;AKAP8;CHCHD2;LSM7;ZPR1;SLC35B2;VDAC2;TPCN2;FAU;USF2;MED10;AHSA1;EIF2S2;DHPS;COX6A1;PSMC3;SDHB;UQCRFS1;MRFAP1;GADD45GIP1;AP2M1;MRPS18C;FBXO7;TOMM22;XAB2;TAF9;ERP29;SLIRP;ATP5F1D;NOL12;STAM;BEX2;DNAJA4;MRPL57;KARS1;RETREG2;COX7C;BIN3",-2.0358775229358663,8.068637702780042e-7,TRUE,
"LAKE_ADULT_KIDNEY_C29_UNKNOWN_NOVEL_PT_CFH_POS_SUBPOPULATION_S2",76,0.5258839662812935,2.1106661273431606,3.7763447397487288e-6,1.6462149524174098e-5,"BCL2;DPYD;NEDD9;NALF1;SYNE1;CFH;KLF6;SHROOM3;ITGB8;CRIM1;MACROD2;FER;UTRN;ZEB1;ZFPM2;MAGI2;CNTN4;PDE1A;RBMS3;ARHGAP29;PRUNE2;ZBTB20;EDIL3;PAWR;ARGLU1;DCDC2;PDE7B;TSHZ2;DLG2;SVIL;THRB;TTC28;PALLD;NOX4;DST;MBD5;ALDH1A2",2.3668578257107797,6.585828173743817e-8,TRUE,
"TRAVAGLINI_LUNG_CAPILLARY_INTERMEDIATE_1_CELL",158,0.41856430031080993,1.901343773250849,3.901799113083114e-6,1.6907796156693496e-5,"RCSD1;IL7R;CA2;AFF3;SAMD9L;HLA-DQA1;CD83;IL1RL1;SLC14A1;NEDD9;TMEM100;SGK1;CDKN2B;STX11;PLEKHG1;HPGD;EDNRB;HLA-DRB1;CA4;TSPAN12;RAPGEF5;ZNF331;CD74;CX3CL1;EMCN;DENND2B;ADGRL2;SERPINB1;HLA-DRB5;CYP3A5;TSC22D3;CHST2;HLA-B;CSF1;ACVRL1;IRF1;PAPSS2;FRY;B3GALNT1;FZD4;TBXAS1;MYO6;MBOAT2;EDIL3;PPP1R15A;ITGA1;TGFBR3;FENDRR;STXBP6;NTN4",2.1203977421706597,8.588833683865413e-8,TRUE,
"MENON_FETAL_KIDNEY_7_LOOPOF_HENLE_CELLS_DISTAL",258,-0.3269605027695302,-1.7326360400475298,3.942245958985447e-6,1.6981982592552695e-5,"IDH2;PHB1;PDHA1;CYC1;GPI;NDUFS7;ATP5F1B;COX7B;ANXA11;ALDOA;SLC25A5;NDUFS8;ATP6AP1;ENO1;ATP5MC3;UQCRHL;HSPA9;HOXD8;COX5A;RTL8C;MRPS5;DMAC1;SLC25A6;PGK1;PKM;SUCLG1;SPINT2;TPI1;GNG5;ATP5F1A;NDUFA1;CLCN5;MRPL41;PNKD;NDUFV1;PEBP1;HOXD9;IRX2;POLR2L;NDUFS3;UQCRC1;PRDX3;NDUFB7;SLC25A4;COX8A;NDUFA6;FKBP2;ATP5F1C;UQCRH;VDAC1;COX6A1;NDUFA8;EIF3K;CHCHD10;MDH1;NDUFA2;GOT1;ECI1;PRDX5;ATP6V0B;UQCRFS1;COX5B;NARS1;LAMTOR5;IMMT;SERF2;ACADVL;FTL;DUSP9;MAGEF1;COX4I1;SLIRP;ATP5F1D;BEX2;FTLP3;AURKAIP1;IGFBP7;GHITM;COX7C;COL6A1;NDUFA10;NDUFB9;EGFL6;ATP5ME;ALDH1A1;NDUFA3;COX6B1;SPP1;CKB;UCHL1;COA3",-1.8753534418532747,3.6381754699486474e-7,TRUE,
"MURARO_PANCREAS_ENDOTHELIAL_CELL",360,0.35203492172743994,1.7487857552814368,4.440092451471585e-6,1.9014042968654786e-5,"NLRC3;GIMAP7;ETS1;IFI16;KCNN3;GBP4;MADCAM1;GIMAP4;LXN;ST8SIA4;GIMAP8;IL6ST;ARHGAP31;SNRK;ARHGDIB;PRDM1;SWAP70;RAP1A;TCIM;LRRC8C;RASGRP3;HLA-E;LIFR;LPAR6;NEDD9;TCF4;CBLB;UBE2J1;SGK1;SHE;CLIC2;GMFG;CSF2RB;CD36;CD59;MEF2C;SELE;GAB1;PLEKHG1;A2M;CAV1;AHR;MYCT1;EFNB2;PGM2L1;EMCN;MSN;ITGAV;DLC1;BMPR2;SLCO2A1;ADGRL2;QKI;STOM;ELK3;HLA-B;UTRN;ZEB1;CALCRL;PECAM1;LIMS1;LHFPL2;RB1;F2R;ADGRL4;ACVRL1;HEG1;TEK;TGFBR2;FZD4;YES1;ARHGAP29;KLHL24;EPAS1;SLC38A2;BNIP2;GNG11;REST;RHOJ;DAB2;PDGFA;BDKRB2;ITGA1;PEA15;SRGN;S100A13;CYYR1;SKAP2;SPRED1;SASH1;CEP170;LDB2;LAMA4;TGFBR1;GASK1B;FKBP1A;SEC14L1;KBTBD2;PRCP;EMP1;ITGA2;APLNR;JAK1;LMO2;SNTB2;CD93;STING1;MEF2A;GATA2;PTPN12;RAB31;MRTFB;MECOM;RASA4;INSR;DENND11;CXCL12;ABI3;PTPRB;PDE2A;SEMA3G;KCTD20;CLIC4;VIM;PITPNC1;SMAD7;PLPP3;MMP1;ANKRD50;ICAM1;CYP1B1;ITPRIP;F2RL3;PODXL;NKX2-3;SLC2A3;PLXNA2;NRP1;PLEKHO1;BCL6B;ARHGEF12;PCAT19;CD34;RGCC;KDR;LBH;DUSP6;SPTBN1;MMP2",2.1844949697478233,1.5285850679515735e-13,TRUE,
"ZHENG_CORD_BLOOD_C5_SIMILAR_TO_HSC_C6_PUTATIVE_ALTERED_METABOLIC_STATE",67,0.5423742904460055,2.127469006969103,4.479860259978368e-6,1.9072153621428373e-5,"JAML;CD52;ATF3;FOS;NR4A1;CLEC2B;APOL3;LPAR6;NFKBIZ;BTG2;HLA-DRA;MEF2C;HLA-DRB1;MYCT1;H1-2;CD74;CAVIN2;DUSP1;CD69;NEAT1;SERTAD4;PNRC1;GNG11;H2BC21;ZFP36;NFKBIA;JUNB;IER2;DUSP2;HLA-DQB1;MAFF;MECOM",2.192606420925834,1.553596738910331e-6,TRUE,
"RUBENSTEIN_SKELETAL_MUSCLE_SATELLITE_CELLS",300,-0.31532961673541277,-1.6925793465337164,4.943782617027811e-6,2.0924847355792132e-5,"COMT;GAPDH;DES;EIF3D;SPG21;RPL19;TUBA1B;RPLP0;ALDOA;WDR74;SNRPF;EEF2;RPS2;SLC25A3;RPL4;RAN;ATP5MC3;GNAS;SGCA;NHP2;RPS14;SLC25A6;RACK1;MDH2;HNRNPA0;MRPL20;ATP5F1A;CHCHD2;RPS16;RPL3;RPL10;EEF1D;PEBP1;RPL7A;TIMM13;RPS23;RPLP1;VDAC2;FAU;EIF3F;PRDX3;ZFAS1;SNHG32;RPS3;UQCRH;UBA52;VDAC1;RBM3;RPL7L1;CCT4;DAG1;RPL41;NDUFS5;EIF3K;RPS26;EPB41L4A-AS1;CHCHD10;CCT3;HSPD1;DDAH2;UXT;ATP5MC2;CRYAB;RPL17;TUBB;RPS4X;UQCRFS1;GADD45GIP1;EIF3L;RPS28;RPS8;DBI;MORF4L2;PPP1R14B;COX4I1;ATP5F1D;TPD52L1;RPL8;PDLIM4;ZFYVE21;RPL22L1;RPL18A;RPS21;PSMB7;RPL23;PRKX;RPL36A;HSP90AB1;RPL6;MOCS2;PPIA;RBMX;PARK7;NDUFB9;UBXN1;RPL18;RHOB;RPL29;ALDH1A1;RPS15;RPS18;FUNDC2;EEF1A1;NACA;RPL10A;MICOS13;RPL5;RPS6;RPS5;RPL13;RPL12;ATP5MC1;HADHA;CNN3;CST3;HDAC2;BTF3;RPL31;BANF1;CCT8;HNRNPA1;CLU;EIF3H;BEX3;CD9;JUN;SNHG8;RSL24D1;HSPE1;EEF1B2;EIF3M;SNRPD2;PTMA;APRT",-1.8285529248619805,1.957726846282746e-7,TRUE,
"MANNO_MIDBRAIN_NEUROTYPES_HRGL2A",470,0.3216296134076755,1.6268477885911725,5.515610200173207e-6,2.3210197836567024e-5,"SLC15A2;CPNE5;ARHGEF6;FOSB;RIPOR2;MCL1;ATP13A4;KCNN3;SELENOP;SFRP1;VCAM1;RAB27A;SLC4A4;RASSF2;KAT2B;DCLK1;FOS;IQCG;ENPP2;TCIM;TMT1A;LIFR;C1orf21;CSPG5;F3;TCF4;LIPA;PDE1C;KCTD12;LZTFL1;SLIT1;ABCA5;EGR2;CAST;CEP126;GOLM1;DNAJB4;PAG1;PACRG;LITAF;CFAP126;ITGB8;NKAIN4;EDNRB;NEK11;GNG7;H1-2;ITGAV;TC2N;PBXIP1;AASS;DENND2B;QKI;ITM2C;STOM;AHNAK;LDLRAD4;TP53TG1;B3GAT1;MAML2;KIRREL3;S1PR1;NLGN4X;CFAP45;CIMAP3;LIX1L;PALS1;GNG12;FAT3;BCAP29;FAM3C;MAMDC2;EGR1;H2AC6;GLIS3;PPIL6;RGS2;LPIN2;PDE1A;BDH2;ENKUR;WEE2-AS1;UBL3;MSMO1;IFI27L2;IQGAP2;PDLIM5;SYPL1;ARAP2;WSCD1;TMEM9B;PI16;ALDH9A1;CCL2;SESN3;ALDH6A1;HSPA6;RFTN2;EZR;CFAP44;REST;SCN4B;LRATD2;PEA15;ZMAT1;HEATR5A;LRRK2;SPRED1;MORN2;DNAH7;CLCN3;EFEMP1;CARINH;SPATA6;ROBO3;LAMA4;GCA;GASK1B;SHISA3;DNAI4;NFIB;CA12;IER2;KLHL32;ATXN1;PTK2B;SPRY1;FGF1;GLUD1;PRCP;TPPP;EMP1;SPAG16;MLF1;CCDC146;SEMA6A;VEPH1;KCNK1;NMNAT2;SLC1A3;PMP22;SALL1;KLF15;PALLD;MCC;ETFRF1;FNDC3B;EGFR;ANTXR1;GPR137B;HBA2;EVI5;HMGCS1;VIM;SPECC1;FLRT3;MCTP1;TMEM232;NCAM2;LIMCH1;TRAM2;PDPN;RRAGD",1.7700764780590619,5.0518163115830775e-8,TRUE,
"LAKE_ADULT_KIDNEY_C3_PROXIMAL_TUBULE_EPITHELIAL_CELLS_S1_S2",188,0.39725494533955613,1.8380425100874906,5.808261939144076e-6,2.4301233860326937e-5,"FRMD4B;BCL2;CPM;PDE4D;SLC4A4;RABGAP1L;MAP3K13;EPB41L3;CWF19L2;CHD9;KANSL1L;MAPK10;FGD4;ANK2;CUBN;CDK14;GOLGB1;ASH1L;PLXDC2;MACROD2;FRMD3;TACC1;PPP1R21;N4BP2L2;NEAT1;SNX29;PDZD2;RNF152;NEDD4L;ZBTB38;CNTN4;MIR100HG;MYO6;SETBP1;GPC6;PRRC2C;LPP;PRUNE2;ZBTB20;VPS13A;SIK2;MAST4;PNISR;GOLGA4;SUMF1;ANKIB1;PBX1;AKAP13;GMDS-DT;RHOBTB1;SREK1;PTPRM;DLG2;NFIB;SAMD5;PCLO;TTC28;KCNJ15;SLIT2;OGA;FTX;TLN2;ARHGEF28;INSR;PPFIBP1;ANKRD26;NOX4;FKBP5;PRKN;MBD5;HIBCH;CSPP1;ERRFI1;ALDOB;EXOC4;TNRC6A;P3H2;SLC16A9;NRP1;RBM25;SMIM2-AS1",1.8825960464317069,1.2121044591924066e-5,TRUE,
"GAUTAM_EYE_IRIS_CILIARY_BODY_ACTIVATED_T_CELLS",124,0.4513203126627512,1.9769170583255686,5.878614463115771e-6,2.4445864499597343e-5,"P2RY10;TRAT1;SLAMF6;SLAMF1;IPCEF1;TENT5C;PRKCB;RIPOR2;BTN3A1;PDE4D;ANKRD12;MBNL1;ITGB2-AS1;IL2RB;FLI1;RASA2;PATL2;LINC00426;SYNRG;IL18RAP;SYTL2;CDC14A;S1PR4;TNFSF14;ROCK1;LRRFIP1;UGP2;MAF;SPN;MGAT4A;H2AC6;LPIN2;RBL2",2.0106449440466654,3.198635987014179e-6,TRUE,
"DESCARTES_MAIN_FETAL_ERYTHROBLASTS",184,-0.36125052391150403,-1.824121586841052,5.909989219682874e-6,2.4445864499597343e-5,"STEAP3;PRDX2;SLC25A39;NPRL3;ESPL1;ABCB6;KIF18B;FAM83D;RCCD1;SLC6A9;TANGO2;KIF4A;CDC20;TROAP;SPTB;AP2A1;CCNF;HMBS;ANKRD9;PRC1;TMEM120B;NARF;PPME1;KIF23;AURKA;LARP1;RECQL4;AKAP8L;ORC1;PKLR;AMMECR1;DNAJC6;SLC11A2;MIGA2;RMDN3;BLVRB;E2F4;SPAG5;DHRS13;CHTF18;ST3GAL2;BSG;CENPI;RNF123;WNK1;HTRA2;UROD;QSOX2;RCL1;NCAPG;TSPAN5;C9orf40;TFRC;FBXO7;KIF22;PHOSPHO1;KMT5A;RRM2;STAM;MINPP1;FAM178B;PARPBP;ALAD;IBA57;MRPS9;STIL;HJURP;PIGQ;HECTD4;GLRX5;DMTN",-1.8026721964753494,2.3195584123457117e-5,TRUE,
"LAKE_ADULT_KIDNEY_C4_PROXIMAL_TUBULE_EPITHELIAL_CELLS_S2",161,0.4169187167630493,1.9033384249821768,6.012128233640942e-6,2.4685742411092314e-5,"BCL2;PDE4D;KANSL1L;GNAQ;MAPK10;KLF6;SHROOM3;DGKH;ITGB8;CRIM1;CDK14;ITGAV;EPB41L4A;PLXDC2;RETREG1;NEAT1;OXR1;MAML2;KLF12;ZBTB38;CNTN4;GLIS3;PDLIM5;RBMS3;GPC6;LPP;PRUNE2;ZBTB20;STOX2;VPS13A;DLG1;MAST4;SUMF1;ANKIB1;ARGLU1;DCDC2;SASH1;AKAP13;NTN4;GMDS-DT;RHOBTB1;EPS8;PTPRM;DLG2;NFIB;SVIL;PTPRK;MEF2A;TTC28;KCNJ15;SSH2;FTX;PICALM;PPFIBP1;FOXP2;ANKRD26;NOX4;FKBP5;GLS;CDKAL1;PRKN;CLIC4;AKAP12;MBD5;SPATS2L;RASAL2;SBF2;ERRFI1;EXOC4;SOX6;P3H2",1.9469722559300249,7.124527097230228e-6,TRUE,
"DESCARTES_MAIN_FETAL_ELF3_AGBL2_POSITIVE_CELLS",154,-0.3752095765029392,-1.852605423420494,6.035799655459384e-6,2.4685742411092314e-5,"CDK16;MPV17L2;TUBG1;MRPS11;HDHD5;MCRS1;AMER1;CDCA4;C15orf61;CNN1;MRPL10;STUB1;OPLAH;NUDT22;ARHGEF39;CSNK2A2;COX5A;PHPT1;POMGNT1;ULK3;MOCS3;AGPAT1;ZNF319;LCMT2;DCXR;PSMB2;FIZ1;NUDT8;MTCH1;CRAT;RNF113A;COA7;ZNF580;MRPL37;HNRNPH3;RBM14;IDH3A;UQCRFS1;BCKDK;SLC35A4;BNIP3;NUP37;PTP4A3;ZNF792;TIMM10;TOMM22;PFDN1;DDA1;TAF6;SLC2A4;TRIM41;IL20RA",-1.783813003524381,9.033418864359771e-5,TRUE,
"AIZARANI_LIVER_C13_LSECS_2",270,0.3625621854368394,1.750956181060138,6.42795462788161e-6,2.612071674060355e-5,"RELN;GBP4;DNASE1L3;FAM107A;CD4;GIMAP8;IL6ST;MARCKS;TFPI2;TCIM;HLA-E;LIFR;LPAR6;NEDD9;PDK4;MS4A6A;TCF4;SGK1;SHE;CD36;CD59;NXPE3;SLC27A3;LYVE1;PREX2;A2M;EDNRB;CLEC3B;RAPGEF5;MYCT1;EFNB2;CAVIN2;EMCN;CSRNP1;MRC1;DLC1;DUSP5;SLCO2A1;MAF;TACC1;TFPI;ELK3;SDCBP;CALCRL;PECAM1;F2R;EDN1;PHACTR2;ADGRL4;PLAC8;NPL;AFF1;HEG1;TEK;TGFBR2;FZD4;ADM;EPAS1;KLF4;GNG11;NOSTRIN;IL1R1;DAB2;FCGR2B;WSB1;TGFBR3;SASH1;NTN4;LDB2;PDE7B;DAAM1;CXCL16;STAB2;TMCC3;NFIB;SEC14L1;PRCP;APLNR;SEMA6A;SNTB2;CD93;TLR4;ZNF160;F8;RNF115;NPY1R;ZNF765;INSR;PPFIBP1;DENND4C;TMEM37;PTPRB;PDE2A;AKAP12;TPM4;LIMCH1;BST2;RASAL2;MAN1C1;PLPP3;PCDH17",2.190372108311454,8.519597854048093e-12,TRUE,
"HE_LIM_SUN_FETAL_LUNG_C4_CD4_T_CELL",31,0.6619644605577061,2.211484147823809,6.458418974325054e-6,2.612071674060355e-5,"TRAT1;CCR7;GPR183;THEMIS;ICOS;CHI3L2;CD40LG;CD4;IL6ST;CD6",2.3233657753814354,2.1226254830008e-6,TRUE,
"HE_LIM_SUN_FETAL_LUNG_C3_OMD_POS_ENDOTHELIAL_CELL",338,0.3416995969013272,1.6875140425100368,6.6449834550703034e-6,2.672678428337669e-5,"CAMK4;ABI3BP;NR4A2;ABCA8;VCAM1;FAM107A;SELL;TFPI2;PTGDS;NR4A1;TLR5;GBP2;DPYD;PLCG2;NCOA7;TMTC1;EPB41L3;ADAMTS1;NFKBIZ;TSPAN2;CSF2RB;LGR4;GBP1;TRIM22;IRF6;SKIL;CFH;SELP;CYBRD1;AKNA;BMX;S100B;ITPR1;CRIM1;PDGFD;CUBN;CRIP1;HLA-DRB1;S1PR4;AGA;EFNA5;TOX;CSRNP1;FOSL2;C1S;FMOD;TENT5A;TM6SF1;FNIP2;PGRMC2;LDLRAD4;PTGER4;ERAP2;RSPO3;CSF1;MATN2;SIDT2;F2R;RPS6KA5;GDF7;RND3;MAP3K8;RBMS3;MIR155HG;PI16;IFIH1;EVA1C;PRUNE2;ERAP1;IER3;CCDC80;MET;IFNAR2;NCAM1;LINC01133;PTGS2;LTBP2;GUCY1A1;DHH;LPCAT2;EFEMP1;MRAP2;GCA;GFOD1;GASK1B;AMPH;EPS8;XAF1;IL18BP;TMTC2;ATL2;ATXN1;ATP2A3;SMTNL2;QSOX1;ABCA3;DSE;SLC8A1;SULT1B1;MECOM;MEDAG;MCC;CXCL12;ANKRD36;RUNX1T1;SGCE;NOX4;SEMA3G;FILIP1L;MCTP1;TRAM2;GJA5;SMAD7;MX1;CCN1;PTN;IL13RA1;CYP1B1;PLXNA4;C1R;SULF1;ZNF217;FUT8;PLXNA2;MGP;DENND5B;CDC42EP3;ID4",2.3012269203937143,7.110850294206486e-16,TRUE,
"SU_HO_FOETAL_FEMUR_C5_ENDOTHELIAL_CELL",403,0.33534019350572686,1.677724163989569,6.70479511271893e-6,2.681918045087572e-5,"CPNE5;GIMAP7;MMRN1;KCNN3;ATP8A1;PALMD;GIMAP4;GIMAP1;PDE4D;RASSF2;SNRK;CFLAR;ARHGDIB;FABP4;TCIM;CLEC2B;LYST;RASGRP3;NCOA7;NEDD9;RNF19A;TCF4;SHE;GNAQ;GMFG;JAM2;FGD4;SKIL;SOS1;MFNG;PIP4K2A;KLF6;PLEKHG1;PREX2;CTTNBP2NL;EDNRB;CAV1;ENTPD1;AHR;CLEC3B;RAPGEF5;MYCT1;EFNB2;CAVIN2;EMCN;C21orf91;TNXB;IRF2;LRRFIP1;DEPP1;PRKCH;ADGRL2;ELK4;TACC1;ELK3;BAZ2B;UTRN;ZEB1;CALCRL;NRIP1;PECAM1;LIMS1;S1PR1;PROS1;ARRDC3;IL3RA;ZBTB38;F2R;ADGRL4;ACVRL1;BMP2K;HEG1;TEK;CARD8;TGFBR2;BCL10;FZD4;YES1;MFSD6;PARP14;ZSWIM6;EPAS1;UGCG;VPS13A;HSD17B11;CMTM6;ELF1;MAST4;MIDEAS;PEA15;CYYR1;RAPGEF3;SKAP2;PLCB1;HIVEP2;LDB2;PSMB9;NFKBIA;IVNS1ABP;EXOC5;STAU2;GASK1B;JUNB;PTPRM;NFIB;FYN;SVIL;IER2;FKBP1A;SMAD1;SPRY1;PEAK1;EMP1;ITGA2;APLNR;ITPKB;LMO2;CD93;MEF2A;MAFF;C1orf54;FHIP2A;RAC1;NBL1;MECOM;FOLH1;PLK2;ARHGEF28;INSR;DENND11;MAGI1;CD2AP;ITPRID2;ICAM2;DGKE;LEPROTL1;DPYSL2;PTPRB;PDE2A;CD200;SARAF;AKAP12",1.8866740112550842,7.26845983228679e-9,TRUE,
"CUI_DEVELOPING_HEART_C5_VALVAR_CELL",189,0.38809495792587057,1.8001033284334373,7.898971850835032e-6,3.14232322809175e-5,"ITM2A;NR4A2;GNG2;UAP1;ATF3;FOS;NR4A1;NEDD9;ADAMTS1;BTG2;GEM;EGR2;GOLM1;DNAJB4;EGR3;S100B;AHR;CSRNP1;FMOD;TCEAL7;SERPINB1;NFATC1;LIMA1;MATN2;ARF4;CCNL1;LSAMP;RNASE4;S100A10;IRF1;EGR1;GLT8D2;IGF1;FAM114A1;ZBTB20;HSPA6;EDIL3;CMTM6;CTSK;IER3;PPP1R15A;CCDC80;CLDN11;ZC3HAV1;PTGS2;FAT4;LTBP2;DSEL;TOB1;IFRD1;JUNB;MMP19;IER2;HSPA1B;MAFF;IGFBP5;CD55;HAPLN1;CD200;FILIP1L;XBP1;ERBB3;LIMCH1;PLPP3;ERRFI1;CYP1B1;LMNA;SERPINF1;NSG1;CHMP1B;MGP;ID4;PRRX1",2.2176343144871358,4.732768010406466e-10,TRUE,
"HE_LIM_SUN_FETAL_LUNG_C6_DEUTEROSOMAL_CELL",201,-0.3459266191995681,-1.7756862751965536,8.245369083500919e-6,3.262298202602537e-5,"TUBG1;MTFP1;HES6;TYMS;PLK1;CDCA4;WDR62;KNSTRN;ACOT7;FOXM1;CDC20;TROAP;CDCA8;RAD54L;KIF20A;TEDC2;CCNB2;RCC2;OIP5;C19orf48P;RANGAP1;KPNA2;UBE2C;PRC1;CDKN2D;UBE2S;KIF23;AURKA;EME1;PGP;HMGB3;BCL2L12;PCCB;FAM3B;SULF2;CKS2;NCAPH;CHAF1A;FADD;CCNB1;TACC3;SPAG5;ZWINT;CHTF18;PAQR4;ASF1B;ORC6;FANCI;CDH23;CDT1;NUP93;TPX2;MARCKSL1;ZNF469;PPP1R14B;ERCC6L;DBNDD1;E2F7;MIIP;CADM1;RACGAP1;OAT;POC1A",-1.7216267024384517,5.7283288648112404e-5,TRUE,
"BUSSLINGER_GASTRIC_REG3A_POSITIVE_CELLS",42,0.5934864144660847,2.131146222201067,1.0860570754767216e-5,4.273781356470559e-5,"BIRC3;HLA-DQA1;HLA-DPA1;CXCL10;CXCL9;LTF;HLA-DRA;CXCL11;HLA-DMA;HLA-DRB1;CD74;B2M;HLA-DPB1;STAT1;HLA-B;SULT1C2;DUOX2;SOD2;PIGR",2.100874168513922,3.371986311931243e-5,TRUE,
"HAY_BONE_MARROW_EARLY_ERYTHROBLAST",92,-0.4359368204331265,-1.9907215350655454,1.19529665793511e-5,4.665030394448752e-5,"AHCY;PRMT1;DES;SRM;NPM3;C1QBP;RRP9;FBL;CENPV;NHP2;TUFM;DMAC1;SLC39A4;MDH2;NME1;CHCHD2;PNPO;SELENOH;PEBP1;PABPC4;GAL;UQCRH;SORD;FAM136A;MRPS26;UNG;DNPH1;MORF4L2;FSCN1;GCSH;MRPS23;SLC27A2;RPL23;OLA1;GGCT;PLTP",-2.196117689958507,1.8001152759823936e-6,TRUE,
"HE_LIM_SUN_FETAL_LUNG_C2_PDC_CELL",134,0.43225811416397986,1.9255202073261413,1.1982976425301053e-5,4.665030394448752e-5,"IRF4;LY9;TNFRSF17;JCHAIN;IGKC;MZB1;IGLC2;SLAMF7;IGLL5;LTB;CD3E;LINC00996;DERL3;SPIB;IGLC3;SLA2;IGHM;SEPTIN1;DNASE1L3;TSPAN13;CD7;GNG7;IFIT2;DUSP5;SMIM5;KIRREL3;IL3RA;PPM1K",2.0182721147005593,4.925468626878708e-6,TRUE,
"LAKE_ADULT_KIDNEY_C2_PODOCYTES",197,0.38646777175662056,1.8009263436368497,1.5838045677905157e-5,6.133030453997317e-5,"SPOCK2;CMAHP;CR1;ARHGAP28;RABGAP1L;ANKRD12;THSD7A;UNC5C;CBLB;CPNE8;CAST;FCHSD2;ITGB8;CRIM1;MAGI2-AS3;CDC14A;ROCK1;ITGAV;BMPR2;PLXDC2;RETREG1;MACROD2;QKI;FRMD3;AHNAK;DYNC2H1;UTRN;MAGI2;PALS1;BACH1;EML4;FRY;IQGAP2;PDLIM5;ZSWIM6;GPC6;CPEB4;NCOA1;PAWR;MIB1;SGIP1;ITGA1;TGFBR3;SRGAP2C;KIF13A;CCDC91;HIVEP2;CPQ;PCNX4;SSBP2;PDE7B;PCED1B;DLG2;PLCE1;FYN;PRKG1;FGF1;SPAG16;CCDC148;FTX;PICALM;PALLD;TET2;ANKRD36;FNDC3B;COL4A4;DOCK5;DST;CLIC5;TMEM245;MBD5;CSPP1;PLA2R1;SPATS2L;SBF2;ARMH4;SLK;SOX6;P3H2;SULF1;PODXL;SEPTIN11;GULP1;ARHGEF12;MYO1D;CCN2;AKT3;EEA1;ST3GAL6;PTPN14;KLF7;LUC7L3;MTSS1;RDX;ST6GALNAC3;RNF150;GOLIM4;ADD3;ADAMTS9;SRGAP1;RAI14;CALD1",1.9531009907104044,1.1498461943667827e-6,TRUE,
"GAO_LARGE_INTESTINE_ADULT_CF_GOBLET_CELL_SUBTYPE_1",23,0.7077789232804466,2.2217036913489294,1.8026340179147682e-5,6.943479180116143e-5,"FAM177B;ARHGAP31;FFAR4;KLK15;TRPA1;TPSG1;CBFA2T3;CAPN9;FER1L6;FRMD3;MB",2.249307550872904,3.122300678259398e-5,TRUE,
"HE_LIM_SUN_FETAL_LUNG_C3_VENOUS_ENDOTHELIAL_CELL",79,0.49329205063067916,2.000151155830788,2.0522947400004636e-5,7.863529319580724e-5,"RARRES1;TMEM273;VCAM1;TLL1;RBP5;PTGDS;HDAC9;LYST;ASAP3;MMP28;NALF1;SELP;ENTPD1;HLA-DRB1;S1PR4;ASRGL1;TSLP;C7;PLXDC2;SLCO2A1;SPINK5;EVA1C;IL1R1;LRATD2;SRGN;CCDC69;DHH;MYOF;GFOD1;XAF1;ACKR1;ATP2A3;ADAMTS6;PALLD",2.5377463836440652,2.620389254147834e-10,TRUE,
"MANNO_MIDBRAIN_NEUROTYPES_HDA1",449,0.313719529932421,1.5814317832999332,2.242672137492414e-5,8.547985948138625e-5,"CD2;CHL1;POU2F2;NR4A2;KCNN3;RELN;ANKRD44;GNG2;MARCHF1;PDE4D;PRKAR2B;SLC4A4;VGF;UNC13A;CA1;STMN2;DCLK1;PLXNC1;MIAT;RASSF5;TAOK3;GFRA1;AKAP9;STXBP5;CHGA;VWA5A;NEGR1;ZNF385D;LRRC55;GNAQ;PDE4DIP;NALF1;GRIN3A;DAPK1;PDE1C;SLC18A2;SCN3B;SCN3A;FBXL3;TMEM255A;RNF125;SERINC1;ANK2;MMD;CCDC88A;RUNDC3A;SEMA6D;CDK14;OPTN;CPEB3;RAPGEF5;PGM2L1;FBXL16;RGS17;BASP1;GPR85;RETREG1;TMEM121B;LGI2;ZC2HC1A;SERTAD4;SCG5;TRHDE;NEDD4L;ZBTB38;LSAMP;FAT3;C2CD5;SYP;FGF13;NAPB;PRKAG2;DOK6;PKIA;FRY;KCNAB1;PDE1A;ADARB2;RTN1;SSTR2;MFSD6;IGF1;ZSWIM6;PNMA2;PGAP4;TAC1;FGF9;FKBP1B;CPEB4;CXADR;ZNF33B;STXBP1;TMEM74B;NCAM1;SGTB;FAT4;PBX1;TOX2;PLCB1;REV3L;LDB2;ZBTB6;DAAM1;ZNF25;TSHZ2;AMPH;APBA1;TMCC3;ABLIM3;KLHL32;KIF5C;TPPP;AKR1C2;PID1;CNTN1;NMNAT2;SLC8A1;ACVR2A;SSH2;WDR47;TMOD2;FAIM2;RUNDC3B;FOXP2;CSRNP3;MTURN;ANK1;SCG2;HBA2",1.7258647822620228,1.4523735853415892e-6,TRUE,
"TRAVAGLINI_LUNG_ALVEOLAR_FIBROBLAST_CELL",152,0.40425091210405023,1.8308555635204495,2.3140927387503402e-5,8.77426830109504e-5,"ADH1B;ABI3BP;ARHGAP20;ABCA8;CD8A;ITGA8;ENPP2;ABCA6;TMT1A;CMKLR1;CYP7B1;MOXD1;CD36;PDGFRA;SVEP1;MCOLN2;SERPINB9;LITAF;A2M;PER2;PLEKHH2;DUSP1;BMP5;PLXDC2;CYP3A5;LIMS1;LSAMP;MAMDC2;FMO3;DYNC2LI1;ELMO1;SERPING1;SRGN;USP53;SAMHD1;LAMA4;COLEC12;MMP19;ANGPT1;ITGA2;LUM;SLIT2;PMP22;TCF21;CHRDL1;TMEM37;IGSF10;TMEM119;DST;HSD11B1;IL15RA;NCAM2;LIMCH1;CCN1;ICAM1;SNCA;F11R;NRP1;CD44;RGCC;LBH;HIVEP3;DUSP6;SPTBN1;MMP2;CCN2",2.224697842527205,5.381750751675207e-9,TRUE,
"CUI_DEVELOPING_HEART_C6_EPICARDIAL_CELL",174,0.38766132084393823,1.7755555528614286,2.3653013125907982e-5,8.921965572881353e-5,"PKHD1L1;SPOCK2;RARRES1;C3;PLAAT4;SLC4A4;IL6ST;ITLN1;CLIP4;ST3GAL5;NFKBIZ;SLPI;SGK1;DAPK1;SEMA3C;CFH;KLF6;CYBRD1;ITGB8;CRIM1;CRIP1;HLA-C;C1S;PLEKHH2;IL18;SCG5;PROS1;RNASE4;FLRT2;S100A10;LGALS2;PAPSS2;KRT7;PDZK1IP1;SLC39A8;SERPING1;PRKCI;ARID5B;CXADR;TOGARAM2;IL1R1;EZR;BCO2;CCDC80;LINC01133;CGN;EFEMP1;TOR1AIP2;COLEC12;CARD16;PLLP;PLEKHA4;PTK2B;SMTNL2;PCLO;MEDAG;TMEM37;AOX1;CD200;MAL2;FLRT3;ALDH1A2;PDPN;CFI;C1R;ITGA3;SULF1;NSG1;PDGFC;ID4;TNNT1;KDR;TMEM98;CLDN1",1.9888022715409528,8.068637702780042e-7,TRUE,
"TRAVAGLINI_LUNG_BRONCHIAL_VESSEL_2_CELL",265,0.3579958008348201,1.728095771376145,2.418347962808923e-5,9.07503771610771e-5,"ITM2A;IGLL5;RGS1;FOSB;CP;NR4A2;MCL1;IFI16;PALMD;UAP1;ATF3;PRDM1;TFPI2;SWAP70;NR4A1;ENPP2;RASGRP3;TPSAB1;LPAR6;NEDD9;TSPAN13;ADAMTS1;TCF4;UBE2J1;STX12;BTG2;CD36;BHLHE40;HBEGF;SOS1;MEF2C;EGR3;A2M;AHR;MYCT1;PER2;CSRNP1;FOSL2;TPD52;KLF10;TRIB1;DLC1;RAB5A;PLEKHF2;SDE2;STOM;RAP1B;SDCBP;ARF4;CCNL1;JMJD1C;IFIT3;IRF1;EGR1;RND3;RNF138;BCL10;B3GNT5;ADM;SRSF5;UGCG;CDK17;MIR22HG;ELF1;PLSCR1;ZC3HAV1;SRGN;WSB1;ZFP36;CYYR1;PIM1;RBM7;FAM133B;UBE2D3;IVNS1ABP;JUNB;APOL4;SPRY1;RCAN1;EMP1;H3P6;MAFF;C1orf54;F8;ABL2;PICALM;ARF6;RUNDC3B;CXCL12;U2AF1",1.8390536739805774,2.7648667641757984e-6,TRUE,
"LAKE_ADULT_KIDNEY_C28_INTERSTITIUM",85,0.48131515655719387,1.9681792774573252,2.4819134731175063e-5,9.26581029963869e-5,"IL6ST;DPYD;MAP3K5;CBLB;NEGR1;SYNE1;DGKH;ZEB2;A2M;ROCK1;LINC-PINT;C7;PLXDC2;TACC1;UTRN;INPP4B;EBF1;PDLIM5;RBMS3;SETBP1;PTEN;LPP;ITGA1;USP53;REV3L;LDB2;SSBP2;TSHZ2;EPS8;PRKG1;VMP1;TTC28;PALLD;FNDC3B;COL4A4;DST;AKAP12;RASAL2;SBF2;CCN1",2.3065613395785607,3.748871197307358e-8,TRUE,
"HAY_BONE_MARROW_IMMATURE_NEUTROPHIL",189,0.3761857283938391,1.7448646728367254,2.748013074365139e-5,1.0206905704784803e-4,"EVI2B;IL10RA;CD4;CTSS;RIOK3;CYRIA;CPVL;TXNIP;EPB41L3;SGK1;EVI2A;LIPA;BCL2L11;BHLHE40;HBEGF;RIT1;RNF141;BIRC2;CD86;ZEB2;AHR;C9orf72;NLRP3;CRIP1;GNA13;ITM2B;CLEC7A;KLF10;SLC16A6;RHOA;RNF145;NEAT1;SUSD6;ARRDC3;BACH1;PRKAG2;LGALS2;MAP3K8;RTN1;B3GNT5;HAPSTR1;LCP2;RBPJ;CPEB4;HSD17B11;MIR22HG;IER3;PLSCR1;MAP3K2;PEA15;GLUL;CEP170;CIMAP1B;UBE2D3;NFKBIA;CCR1;CDC42;USP12;PRCP;ATP2B1-AS1;PID1;VMP1;PTP4A2;DSE;SLC8A1;SECTM1;RAC1;PRKAG2-AS1;HIF1A;PICALM;ARF6;MAFB;C15orf48;TMEM219;DPYSL2",1.8235307598709651,2.7375181382288957e-5,TRUE,
"LAKE_ADULT_KIDNEY_C15_CONNECTING_TUBULE",150,0.4050968104980874,1.8341116978982919,2.8295455984111356e-5,1.0456391856057394e-4,"PDE4D;RABGAP1L;NR3C2;EPB41L3;KANSL1L;GNAQ;LGR4;MAPK10;SHROOM3;KITLG;ITPR1;EFNA5;TOX;SLC16A7;ITGAV;ADGRL2;MACROD2;DYNC2H1;FER;MAML2;TRHDE;KLF12;FGF13;RNPC3;GLIS3;SETBP1;ARID5B;DLG1;AHI1;BRAF;WSB1;FNDC3A;RALGAPA1;DCDC2;PCDH9;TMTC2;CA12;PRKG1;ATXN1;ITGA2;MAP4K3;MEF2A;SLC8A1;SLIT2;SSH2;MECOM;CD2AP;PPFIBP1;FNDC3B;GLS;LIMCH1;KMT2C;MITF;RASAL2;SBF2;ARB2A;LCOR;GULP1;ATP1B1;GAREM1;DEFB1;FBXL17;USP25;WWTR1;EXT1;IMMP2L;RAD51B;ZNF704;MLLT3;ADAMTS9;MED13L;BICC1;GBE1;ANK3",1.789847733479789,1.7168139687788358e-4,TRUE,
"FAN_OVARY_CL18_B_LYMPHOCYTE",416,0.3164607178830086,1.5860373257350229,2.927613564888731e-5,1.0764154925449476e-4,"CD79A;IRF4;JCHAIN;IGKC;MZB1;CCR7;LTB;GPR183;CLEC2D;DERL3;SPIB;EVI2B;HCLS1;JAML;LCP1;CD37;CYTIP;DNASE1L3;CD4;BIRC3;HLA-DQA1;CTSS;CFLAR;ARHGDIB;SELL;NR3C1;RAP1A;ANKRD12;PTGDS;CD83;LSP1;GPSM3;HLA-DPA1;REL;TSPAN13;PLD4;MS4A6A;TCF4;HVCN1;ARL6IP5;SMIM14;HLA-DMB;N4BP2L1;HLA-DRA;KMT2E;PAG1;NCF1;SERPINB9;YPEL5;LITAF;HLA-DMA;SIDT1;CRIP1;HLA-DRB1;GNA13;CD53;H1-2;CD74;HLA-C;LRRFIP1;B2M;TRIB1;LIMD2;HERPUD1;HLA-DPB1;TACC1;ITM2C;RHOA;OPN3;CDC42SE2;HLA-DRB5;RNF145;SPCS3;LDLRAD4;HLA-B;BAZ1A;IL3RA;FCER1G;FMNL1;ENSA;PLAC8;ACTR2;LPXN;RGS2;GNA15;PPP1CB;THEMIS2;MIR155HG;UGCG",1.6633911964040444,9.076831239613782e-6,TRUE,
"GAUTAM_EYE_CORNEA_MELANOCYTES",254,-0.3124854952929501,-1.6533756263401105,2.9883545427937934e-5,1.0932271895245636e-4,"PPIB;CYC1;RPL19;SRM;TUBA1B;ANKRD39;PHB2;PPP1CA;PSMA7;SNRNP25;CCT2;DDOST;RPN2;STOML2;RPS14;EIF3G;SNRPA1;EHD4;NUBP2;MID1IP1;UBE2S;NME1;CSPG4;GUCD1;GNG5;HMOX2;TP53RK;CHCHD2;PA2G4;RPL10;CCDC124;SRP14;EMC7;SND1;BAMBI;ARHGDIA;NUDT2;GALK1;EIF3F;NDUFAF3;ECH1;DYNC2I2;BLVRB;CSGALNACT1;POLDIP3;TFPT;TMEM101;PRDX4;TALDO1;TMED9;HS1BP3;CD320;KIAA0930;WDR18;RBM3;CHMP1A;CLTA;UROD;RPS26;HSPG2;PITPNA-AS1;HPS1;CTH;PLIN2;RPL17;ALDH7A1;QDPR;CCT6A;ITPK1;RPS28;MRPL28;RPS8;KIFC3;TMEM179B;COPS6;FZD9;ERP29;ELOVL5;NT5C;SLC25A25;OAT;RPL8;CFL1;SNRPC;CHLSN;DUSP14;RPL18A;YWHAH;TLN1;CTSA;SLC25A11;NRCAM;PLXNB1;SPP1;XRCC6;FUS;RPS11",-1.6629545129973398,4.261285464330431e-5,TRUE,
"TRAVAGLINI_LUNG_CAPILLARY_AEROCYTE_CELL",42,0.5783437812427061,2.076770646279567,3.0335834159546928e-5,1.1042243634075082e-4,"CD83;IL1RL1;SLC14A1;F3;HPGD;EDNRB;CA4;CD74;ITM2B;EMCN;B2M;ADGRL2;CYP3A5;B3GALNT1;RTN1;GNG11;TGFBR3",2.079391299486001,5.467702459687925e-5,TRUE,
"FAN_EMBRYONIC_CTX_BIG_GROUPS_CAJAL_RETZIUS",412,-0.2757444220345149,-1.5133673821318532,3.1073299659472866e-5,1.1254409030893654e-4,"NCDN;PRDX2;PCP4;GPI;ATP5F1B;CBLN1;BCAP31;ACOT7;FBXO2;COX7B;ALDOA;TUBB4B;HAGH;SLC25A5;NCS1;FRMPD1;NDUFS8;PTPRU;PSMA7;ATP6AP1;ATP5MC3;THAP4;SNRNP25;GCHFR;ZNF503;WRAP73;TUBA4A;HSPA12A;WIF1;COX5A;TOLLIP;RTL8C;GSTP1;PKM;ATP13A2;NACC2;SPINT2;PLPP2;RAB6B;NDUFA13;PIDD1;TPI1;ANTKMT;TM7SF2;NDUFA12;AGPAT1;CYB5R3;ATP5F1A;SYNGR3;DHCR7;NDUFA1;CAPN1;MRPL41;ADRA2C;SPRYD3;EBP;TMEM255B;GARIN5A;SMIM29;POLR2L;ZNF503-AS2;PPP2R1A;HSPB8;COPS7A;REEP2;MFAP2;NDUFB7;SLC25A4;PFKP;COX8A;ADM2;GNAL;G6PC3;CXXC5;HYAL3;TXNL4A;FKBP2;ATP5F1C;RHBDD2;COX6A1;KIAA0930;TSPAN9;FNDC5;ISOC1;GPR153;NDUFA8;PRAF2;SEC61A2;CALM3;TMEM151A;MDH1;GGH;GOT1;PHLDA3;PRDX5;CRYAB;ATP6V0B;F12;B3GNT4;COX5B;BNIP3;LSM4;NDUFA9;KLC1;PGAM1;HS6ST2;ATP6V1E1;NPTXR;MARCKSL1;CRABP2;STK32C;C1orf53;ACLY;CPE;MECR;SLC41A3;FSTL4;DNAJC12;ZNF488;TSPO;HPCAL1;COX4I1;CDIP1;BEX2;DEGS2;PPL;AKAP1;MAP7D2;RAB3A;UBE2E2;OAF;MYH14;LGALS1;HINT1;COX7A1;CYB561;GHITM;COX7C;ATF5;COL6A1;NDUFB9;ATP5ME;NAA38",-1.3546896762356582,0.004729528713594839,TRUE,
"GAUTAM_EYE_CHOROID_SCLERA_MONOCYTES",135,0.41535822371013353,1.8557716009223326,3.3082343818627166e-5,1.1922745693049792e-4,"PIK3CG;KLHL6;BTK;GAPT;DOCK2;ARHGAP25;ARHGAP15;TNFSF13B;MILR1;ARHGAP30;RGS18;DGKA;GPSM3;CASP10;DPYD;ADA2;ARHGAP9;PSTPIP1;HECA;C9orf72;PLEKHA2;CRIP1;STX7;IGSF6;CD69;SPCS3;SMCO4;LIMS1;ACTR2;RNF138;MSMO1;ARAP2;DOCK11;SNAPC1;SPOPL;C4orf33;NECAP2;ILF3-DT;PRAM1;PTK2B;MSL2;ARL5A;LILRB4;PTPN12;AMY2B;PICALM;VOPP1;THAP9-AS1;PURB;DPYSL2",1.8896884584010896,6.112982243637633e-5,TRUE,
"DESCARTES_MAIN_FETAL_CLC_IL5RA_POSITIVE_CELLS",169,-0.3553381154232904,-1.7840780051760359,3.324714221956866e-5,1.1923113071845312e-4,"PGAM5;BCS1L;PRELID1;POLR3K;ESS2;SLC52A2;STRN4;SAC3D1;MRPS16;IMP3;PANK4;ZSCAN2;SNRNP25;USP39;OSM;ZDHHC24;SNRPA1;ACTR1B;TIMM50;PCGF1;POLRMT;ALG3;TIGD5;EIF2AK4;ARFIP2;RNF26;MRPL40;CC2D1B;MMACHC;SNHG10;SHARPIN;TPCN2;ADO;ACBD6;TTC4;ZNF517;BCKDHA;PAQR4;GEMIN4;VSIG10L;BRF2;ENTR1;NOP16;SF3B4;CEP131;C1orf174;UCK1;LAMTOR5",-1.7197265009044662,1.724831029664876e-4,TRUE,
"AIZARANI_LIVER_C20_LSECS_3",286,0.3466952669997869,1.6912107321307999,3.444416561242359e-5,1.2291839493060966e-4,"IFI16;RELN;DNASE1L3;FAM107A;IL6ST;SNRK;MARCKS;TFPI2;TCIM;IL1RL1;NCOA7;LIFR;ADAMTS1;TCF4;SGK1;STX12;CD36;BHLHE40;CD59;NR5A2;NXPE3;PLEKHG1;LYVE1;ZEB2;PREX2;CRIM1;RAPGEF5;TAL1;MYCT1;EFNB2;CAVIN2;OSMR;GOLGB1;FOSL2;MRC1;CAMSAP2;DLC1;BMPR2;DUSP5;TFPI;LIMA1;BAZ1A;SDCBP;ZEB1;SLC4A7;NRIP1;S1PR1;JMJD1C;ADGRL4;PAPSS2;YES1;ARHGAP29;ADM;EPAS1;UGCG;CDK17;IL1R1;MAST4;PPP1R15A;RHOJ;DAB2;GOLGA4;RALA;PEA15;WSB1;ARGLU1;TGFBR3;SASH1;TOX2;PLCB1;CEP170;LDB2;NFKBIA;DAAM1;IVNS1ABP;CXCL16;STAB2;FKBP1A;SEC14L1;PRCP;PEAK1;EMP1;SEMA6A;CD93;ZNF160;GALNT1;F8;PRKD3;HIF1A;INSR;PPFIBP1;RBBP6;CCDC50;FNDC3B;PTPRB;PDE2A;KCTD20;AKAP12;LIMCH1;PLPP3;PCDH17;ICAM1;HIPK2;ITPRIP;SLC20A1;LMNA;TCF7L2;AFF4;BNIP3L;SLC2A3;PLXNA2;ARSG",1.9562397029445413,2.206372714366372e-8,TRUE,
"GAUTAM_EYE_IRIS_CILIARY_BODY_MEG3_HIGH_FIBROBLASTS",108,0.44148105350582023,1.8861997130499235,3.7800037385608475e-5,1.342362303254779e-4,"CP;UAP1;TIPARP;VIM-AS1;CLIP4;RICTOR;HGF;GBP1;BHLHE40;MAPK10;ETV3;GSTM2;TMEM67;NIPBL;FGF7;DUSP1;DUSP5;AASS;DENND2B;NFATC1;NR4A1AS;BAZ2B;AFF1;ALPK1;CH25H;MCTP2;MT-ND6;ARHGAP29;ADM;PNRC1;H2BC21;ZC3HAV1;ZNF302;FNDC3A",1.8107237410334656,4.771412744003962e-4,TRUE,
"MANNO_MIDBRAIN_NEUROTYPES_HDA",375,0.32513441997963877,1.6191424944124335,3.985887505775992e-5,1.4086049049538457e-4,"CD2;CHL1;POU2F2;TRIM38;PRKCB;RIPOR2;NR4A2;KCNN3;ATP8A1;RELN;GNG2;SYNJ1;UNC13A;CA1;STMN2;DCLK1;ANKRD12;CYRIA;PLXNC1;MIAT;RASSF5;LYST;GPRIN3;ADA2;GFRA1;TSPAN13;CHGA;VWA5A;NEGR1;ZNF385D;LRRC55;PDE4DIP;NALF1;GRIN3A;YPEL2;SCN3B;SCN3A;CEP126;SERINC1;ANK2;HPGD;SEMA6D;PARP8;OPTN;RAPGEF5;ROCK1;PGM2L1;FBXL16;BASP1;GPR85;RETREG1;TMEM121B;APOL6;FRMD3;PPP1R21;SEMA3D;ZC2HC1A;SERTAD4;NLGN4X;SCG5;MAGI2;NEDD4L;ZBTB38;LSAMP;FAT3;FGF13;DOK6;PKIA;PLEKHM3;KCNAB1;ADARB2;RTN1;SSTR2;EBF1;IGF1;UGCG;SLC39A8;TAC1;FGF9;CPEB4;STOX2;CXADR;EDIL3;ZNF33B;PRKACB;TMEM74B;NCAM1;CGN;PBX1;TOX2;DACT1;LDB2;DAAM1;FNBP1;PRLR;AMPH;TMCC3;MYO5A;DLG2;KLHL32;PTK2B;KIF5C;TPPP;AKR1C2;PID1;CNTN1;NMNAT2;SLC24A3;TMOD2;NPY1R;UBASH3B;RUNDC3B;FOXP2;CSRNP3;MTURN;DGKE;ANK1;PPP2R3A;HBA2",1.7889674186011402,6.370297781233261e-7,TRUE,
"BUSSLINGER_DUODENAL_GOBLET_CELLS",16,0.751764427440054,2.1343730714516727,4.2384002405036774e-5,1.4906064613945302e-4,"BCAS1;ITLN1;CLCA1;ST6GALNAC1;LINC00261;AGR2;CREB3L1;EGR1;REG4;FCGBP",2.2433217556373677,1.2121044591924066e-5,TRUE,
"TRAVAGLINI_LUNG_NONCLASSICAL_MONOCYTE_CELL",175,0.38649170215582007,1.7729039882519362,4.573893803299225e-5,1.600862831154729e-4,"SCIMP;POU2F2;FGL2;TNFSF13B;MARCHF1;TNFSF10;ADGRE1;CD4;MPEG1;CYBB;CLEC12A;CTSS;RGS18;SIGLEC10;FGD2;RNF144B;MS4A7;SFMBT2;LYST;P2RY13;CPVL;NFKBIZ;CD86;PAG1;ZEB2;C9orf72;KYNU;CLEC7A;DUSP1;C1orf162;UTRN;PECAM1;SMCO4;APH1B;SIDT2;FCER1G;KLF3;NPL;PAPSS2;C19orf38;TBXAS1;CD300LF;THEMIS2;KLF4;MYO1G;CSF1R;CMTM6;NFAM1;DMXL2;PIK3AP1;HCK;CXCL16;PRAM1;GCH1;LMO2;TLR4;VMP1;SECTM1;MAP3K1;RAB10;RNF13;INSR;GNS;MAFB;LST1;ABI3",2.136784873993441,2.362988139654728e-8,TRUE,
"RUBENSTEIN_SKELETAL_MUSCLE_FAP_CELLS",174,0.38007882775270707,1.7408264298130944,4.7706993330287836e-5,1.6611530458911445e-4,"ADH1B;FGL2;ABCA10;SELENOP;ABCA8;C3;ABCA9;MARCKS;NR3C1;PTGDS;LSP1;SSPN;CHD9;ARL6IP5;PDGFRA;CFH;CYBRD1;ITM2B;TNXB;C1S;TFPI;TSC22D3;TMEM59;CILP;LIMA1;TMCO1;ARF4;TRAM1;S100A10;RND3;CFD;IGF1;PI16;SERPING1;SLC66A3;RBPJ;CCDC80;DAB2;S100A13;EFEMP1;LAPTM4A;CPQ;MFAP5;GPNMB;SPRY1;EMP1;SRI;LUM;PMP22;CHRDL1;CXCL12;SGCE;KDELR2;TMEM14C;APOD;HSD11B1;AKAP12;VIM;GSN;NOVA1;TCEAL9;PLPP3;C1R;NPC2;LMNA;SERPINF1;PODN;MGP",2.3156852219481094,3.783218298732925e-11,TRUE,
"DESCARTES_MAIN_FETAL_SLC26A4_PAEP_POSITIVE_CELLS",249,-0.314487354862323,-1.6576838076100826,4.791787632378301e-5,1.6611530458911445e-4,"COMT;TOE1;UNC45A;TOMM40;CDC123;TMEM201;CCDC86;KNSTRN;NPHP4;REXO1;GPKOW;PTCD3;RSAD1;RAD51D;ACOT8;ENTREP3;ERAL1;LRRC14;TBC1D25;TRMU;SELENOO;MRPL20;SLC35C2;NSMCE4A;RABEP2;SELENOH;ARAF;RANBP3;TUBBP5;SMPD4BP;EMC9;LTO1;FAM3A;FADD;TPRA1;BRAT1;TNFRSF10C;ABT1;QTRT1;CCNL2;HROB;VPS9D1-AS1;MRGBP;DPH6;AUNIP;SMIM10L2A;JRK;GMPPA;ASB6;HARS2;TRAPPC2L;MRPS26;CIDECP1;PHLPP1;UNG;BAK1;CPLANE2;EME2;FNTB;TMEM179B;PUDP;CDIP1;ATP9B;NAT10;PSMB7;DDN-AS1;DUSP12;POLR3B;LIG3;SKA1;TMEM120A;PMS2P3;PDE12;CEP55;THAP10;SURF6;NIFK;TMEM9B-AS1",-1.884920693232554,2.0705926736634788e-7,TRUE,
"GAO_LARGE_INTESTINE_24W_C1_DCLK1POS_PROGENITOR",98,0.4521184068153058,1.893681898401663,5.472864024585356e-5,1.8882677772029096e-4,"SPTLC3;C3;SFRP1;VCAM1;GBP1P1;ADAMTS1;GFRA2;GBP1;GSTM5;SPON1;SVEP1;MAPK10;CYBRD1;IFIT2;C1S;C7;BASP1;COL14A1;CSF1;MATN2;IFIT3;OLFML1;GPC6;SERPING1;CCL2;CCDC80;CLDN11;LPAR1;OGN;COLEC12",2.655592202811188,3.3273387760025214e-14,TRUE,
"HU_FETAL_RETINA_FIBROBLAST",370,0.32296790511272255,1.6081904318265483,5.81631332772647e-5,1.9973000483890896e-4,"ITM2A;SCARA5;FOSB;ETS1;MCL1;IFI16;ARHGAP28;IL6ST;NR3C1;FOS;PLXNC1;CPED1;FOXP1;NCOA7;TXNIP;HLA-E;LPAR6;NFKBIZ;TCF4;TUSC3;LAMA1;BTG2;PDGFRA;SPON1;KCTD12;CAST;MEF2C;PLEKHG1;TMEM263;EFNB2;EMCN;SCIN;MSN;B2M;C6orf89;PLEKHH2;DLC1;LEPROT;PHLDB2;HERPUD1;STOM;SMARCA2;AHNAK;TFPI;ELK3;LIMA1;UTRN;RSPO3;CCNL1;GNG12;F2R;EML4;BCAP29;S100A10;RARB;IRF1;EGR1;PRKAR1A;RGS2;GLT8D2;RBMS3;ARHGAP29;OLFML1;KLF4;FAM111A;GNG11;FAM114A1;CTSK;PPP1R15A;FRMD6;RHOJ;MYLIP;CCDC80;DAB2;SCUBE1;ZFP36;S100A13;EDN3;SMARCA1;GUCY1A1;LAPTM4A;GPX8;LAMA4;RAB13;NFKBIA;OGN;DNM3OS;MDFIC;JUNB;EPS8;SVIL;IER2;ANGPT1;FKBP7;STING1;DSE;LUM;MAFF;C1orf54;PMP22;PLK2;PCDH18;IGFBP5;FOXP2;CXCL12;SNORD3A;MT-TC;EGFR;ANTXR1;KDELR2;HBA2;TMEM119;FGFR2;APOD;CLIC4;TPM4;FLRT3;TCEAL9;ALDH1A2;SPATS2L;PLPP3;CCN1;CFI;PTN;COL4A5;SEC24D;C1R;SULF1;MYL12A;SLC2A3;CALU;TCEAL8;CDC42EP3;PRRX1;NDNF;MMP2;DDR2;DCN;NHERF2;GSTO1;CCN2;CLMP;VCAN;PLAC9;EPHA3;WWTR1;PIEZO2;CDH11",2.2549342338563902,1.2134645823743476e-15,TRUE,
"JONES_OVARY_T_CELL",87,0.4689586030118084,1.9209076928274904,7.049386182031442e-5,2.4093676716051125e-4,"ITM2A;GIMAP7;ETS1;ABCA8;SNRK;SLC7A2;HLA-E;LIFR;PDGFRA;CFH;RRAD;CRIM1;CRIP1;MYCT1;HLA-C;FGF7;B2M;C1S;C7;COL14A1;HLA-B;HLA-F;ADGRL4;PDE1A;EPAS1;GNG11;NOSTRIN;CCDC80;ITGA1",2.2927549178107713,3.748871197307358e-8,TRUE,
"DESCARTES_MAIN_FETAL_CSH1_CSH2_POSITIVE_CELLS",83,-0.4248148010549744,-1.8893086102885295,7.156784180769204e-5,2.4346443381308318e-4,"PREB;AIFM2;TNIP2;EIPR1;GALE;TMEM175;DOLK;RPL5P4;ZNF48;KCMF1;SARS2;PPP1R3F;NDOR1;TJAP1;TOM1;CLCN2;CPZ;NPIPB5;DPH7;AKAP17A;TOR2A;CNKSR1;DNAJC17;TUSC1;ALG2;TRAPPC14;ZNF280C;CTDP1;TRIM62;CDC25A;NPIPB3;NPRL2",-1.68399013598531,0.002695318392114651,TRUE,
"HE_LIM_SUN_FETAL_LUNG_C0_EARLY_FIBROBLAST",74,-0.437878558733117,-1.9155964386240498,7.32046263857365e-5,2.478742698084473e-4,"BID;PSAT1;TYMS;CDC20;CTPS1;KIF20A;CCNB2;UQCRHL;LMNB1;KPNA2;UBE2C;CENPM;PIMREG;CKS2;CHAF1A;MCM7;UHRF1;CCNA2;CCNB1;AURKB;ZWINT;SDC1;CLSPN;ORC6;CDCA5;CDT1;HMGA1;KRT18;CRABP2;CENPN;HMGA2;KRT8;MKI67;UCK2;TENM3;SCD;BIRC5;GINS2;SERINC2",-1.8355703835662667,7.906390422029106e-4,TRUE,
"LAKE_ADULT_KIDNEY_C25_ENDOTHELIAL_CELLS_UNASSIGNED",38,0.5794989052573136,2.0279282503697207,7.46701994828323e-5,2.516662278865829e-4,"MMRN1;FOXP1;TCF4;CPNE8;CAST;KMT2E;FCHSD2;EFNA5;EPB41L4A;TFPI;UTRN;STOX2;PPP3CA;LDB2;PDE7B;TSHZ2;SSH2;PPFIBP1;FOXP2;DOCK5;SRPK2;TPM4;DOCK9;ZFC3H1;PLCB4;RALGAPA2",1.9322515939641072,0.0010952645354780281,TRUE,
"TRAVAGLINI_LUNG_MUCOUS_CELL",110,0.4330431910837846,1.8643667583237655,7.9249688369077e-5,2.658699222704519e-4,"ADAM28;RARRES1;CP;C3;TNFSF10;SLC4A4;HLA-DQA1;TFPI2;MUC4;IDO1;CXCL10;LTF;SLPI;LAG3;TNIP3;CX3CL1;KYNU;LINC00342;HLA-DQA2;ANKRD36C;ZG16B;DUSP5;SAA1;PI3;SMIM31;SOD2;ADM;PIGR;PDZK1IP1;CCL2;FCGBP;TSPAN8;ALDH1A3",2.0370287458364627,7.124527097230228e-6,TRUE,
"DESCARTES_FETAL_LUNG_CILIATED_EPITHELIAL_CELLS",270,0.33926803002433104,1.6384594921046585,8.682624641429566e-5,2.8995186875966625e-4,"DERL3;SCGB2A1;MAK;BBOF1;IQCG;CLDN8;AGR3;SPATA17;AK7;CEP126;PIH1D2;TTLL6;FANK1;NPHP1;PACRG;ERICH6-AS1;LCA5;CFAP126;NEK11;DRC12;PLA2G10;PRR29;TMEM67;ZMYND12;DNAL1;CFAP69;SLC44A4;MDH1B;VWA3B;TTC21A;GIHCG;AXDND1;LCA5L;AGBL2;CFAP45;EYA1;CIMAP3;EFHC1;CAPN8;SPATA6L;SAXO2;CFAP43;SPAG8;EFHB;CC2D2A;RABL2A;PPIL6;RP1;FMO3;ENKUR;CAPS;ANXA13;TOGARAM2;CFAP44;CCDC30;DYNLT2B;MORN2;DNAH7;FHAD1;CIMAP1B;AK8;SPEF2;NHLRC4;DNAI4;TPPP3;UGT2B17;IFT56;SLC28A2;HHLA2;CDNF;EMC3;SPAG16;CCDC146;STMND1;FAM229B;AADACP1;LRRIQ3;DNAH3;TSNAXIP1;COL28A1;ANKDD1B;TMEM232;CSPP1;UBXN10;TMEM231P1;RPGRIP1L;LRRC56;ZNF295-AS1;DZANK1;ZNF391;TIGD4;NAT1;NWD1;CEP19;FAM47E;AK9;ZC2HC1C;CFAP70;CCDC60;ODAD4;CCDC40;CFAP53;CETN2",1.261909604765148,0.0823736232196032,FALSE,
"HE_LIM_SUN_FETAL_LUNG_C3_LYMPHATIC_ENDOTHELIAL_CELL",356,0.32385658114023735,1.6084910014438896,8.89265253834744e-5,2.9560963689118433e-4,"PKHD1L1;ABI3BP;MMRN1;RELN;SFRP1;PLAAT4;PLSCR4;CD302;DOCK8;FRZB;THSD7A;SLC9A9;GPRIN3;SCNN1B;LY96;B3GNT7;DTX1;DAPK1;IQSEC3;WIPF1;SCN3B;SCN3A;SYNE1;IL7;CEP85L;SLC27A3;SLC22A23;GCNT2;NKAIN4;EDNRB;EFNA5;CD74;TPD52;MRC1;TC2N;UGP2;ASPH;GAS7;EPS15;SEMA3D;ACKR2;NR2F1-AS1;MATN2;ZFPM2;NLGN4X;APH1B;CDKL1;GNG12;FLRT2;PRKAG2;BMP2K;GLIS3;INPP4B;PDE1A;GLT8D2;IGF1;THEMIS2;TNFRSF11A;VPS35L;OLFML1;TTN;PLD1;PGAP4;ISLR2;ARID5B;STOX2;CXADR;TSPAN11;CALHM6;FRMD6;ZNF521;CCDC80;LRCH2;PDGFA;SGIP1;ITGA1;RASSF9;SLC43A3;DSEL;EFEMP1;CCL21;SPATA6;ABHD17B;COLEC12;STAB2;TSHZ2;VSTM4;PLEKHA4;LRRN4CL;ABLIM3;GCNT1;PRKG1;LETR1;FAM107B;CMKLR2;SPRY1;LAPTM5;PCLO;ADAMTSL3;GALNT1;DSE;MAP3K1;PMP22;F8;NBL1;CCDC102B;MEDAG;IGFBP5;TMEM140;MAGI1;CHRDL1;TRPC6;KLHL4;PRR5L;SGCE;DOCK5;TRMT9B;PDE2A;GLS;APOD;CMBL;SNX10;APBA2;MCTP1;LIMCH1;PDPN;MITF",2.0338843766648593,1.3795423244793116e-10,TRUE,
"FAN_OVARY_CL9_PUTATIVE_APOPTOTIC_ENDOTHELIAL_CELL",365,0.3231671310839113,1.605158954962188,9.847514819795314e-5,3.258632176732268e-4,"ITM2A;GIMAP7;IFI16;GIMAP4;TNFSF10;GIMAP8;IL6ST;CFLAR;SWAP70;CREBRF;ANKRD12;MBNL1;GBP2;GIMAP6;LRRC8C;CLEC2B;FOXP1;NCOA7;HLA-E;LIFR;SP100;LPAR6;TCF4;UBE2J1;ZNF385D;CLIC2;GBP1;YPEL2;CD59;NCK1;CAST;DNAJB4;CAV2;MEF2C;KLF6;SELE;ARID4B;HLA-DMA;A2M;CRIM1;CAV1;DEK;HLA-DRB1;MYCT1;CD74;HLA-C;EMCN;LRRFIP1;MSN;B2M;RAB5A;BMPR2;DEPP1;STOM;HLA-DRB5;TFPI;HLA-B;BAZ1A;NEAT1;SDCBP;CALCRL;STAT3;LIMS1;ARRDC3;GNG12;IFIT3;PHACTR2;ADGRL4;IRF1;SOD2;PDLIM5;SYPL1;ARHGAP29;PARP14;EPAS1;SRSF5;UGCG;PRRC2C;SLC38A2;BNIP2;GNG11;CRBN;ELF1;MAST4;IER3;PPP1R15A;PLSCR1;DAB2;PPP3CA;ARGLU1;ANKRD28;SASH1;LDB2;LAMA4;UBE2D3;NFKBIA;ADAR;GASK1B;TOPORS;NFIB;WTAP;FKBP1A;SMAD1;ACKR1;CAPZA2;EMP1;JAK1;STING1;VMP1;GABARAPL2;UBE2B;TPM3;MAFF;RAC1;CYTOR;HIF1A;ABL2;PICALM;PPFIBP1;ITPRID2;CD55;CCDC50",1.6897474515631201,1.1681877531845755e-5,TRUE,
"HE_LIM_SUN_FETAL_LUNG_C2_HSC_ELP_CELL",392,0.31977846301288104,1.5962127873115037,1.0246332732832139e-4,3.375262547285881e-4,"CD79A;CD79B;JCHAIN;MZB1;FAM30A;FCMR;C16orf54;ITM2A;LTB;TNFSF8;SPOCK2;CLEC2D;CD3E;TRBC2;ACAP1;SULT1C4;MMRN1;IGHM;TBC1D10C;TRANK1;GBP4;BCL2;LXN;SEPTIN1;PLAAT4;NKG7;KLRG1;CNST;KDM5B;VWA5A;IMPA1;C11orf54;TSPAN2;CRACD;RHOH;GIMAP2;LZTFL1;CD7;SCN3A;HPGD;GSTM2;S1PR4;CAVIN2;TOX;EMCN;BAALC;PBXIP1;CD69;HSH2D;CTSW;TFPI;ZEB1;CALCRL;CMTR2;BET1;INPP4B;BDH2;TNFSF4;MSMO1;TMEM106B;SLC39A8;SERPING1;GNG11;PTPN7;ARID5B;UBR5-DT;MAST4;ZNF521;PRKACB;KPNA5;ICA1;ZNF302;CYYR1;MTMR6;ZNF493;ANKRD28;GUCY1A1;PLCB1;BPNT1;SSBP2;RAB13",1.6514865681946362,2.8718201572694573e-5,TRUE,
"HAY_BONE_MARROW_DENDRITIC_CELL",174,0.37126101035518383,1.7004393088844285,1.0584332464877651e-4,3.470898213707626e-4,"GPR183;CD1C;LINC00996;WDFY4;GAPT;JAML;CD1E;CLEC10A;MILR1;DNASE1L3;HLA-DQA1;P2RY14;LSP1;HLA-DPA1;TSPAN13;PLD4;TCF4;CLIC2;CBFA2T3;CSF2RB;ST3GAL4;HLA-DMB;PKIB;HLA-DRA;RNASE6;CCDC88A;CIITA;HLA-DMA;SIDT1;HLA-DRB1;CD74;HLA-DQA2;MRC1;DUSP5;HLA-DPB1;ITM2C;OPN3;FCER1A;HLA-DRB5;KIRREL3;IL3RA;PLAC8;GNA15;BRK1;UGCG",1.9021114902722442,5.830723970299222e-6,TRUE,
"HE_LIM_SUN_FETAL_LUNG_C3_ARTERIAL_ENDOTHELIAL_CELL",274,0.33531355085316883,1.6239190916009785,1.081867556940723e-4,3.5318366881293556e-4,"CHL1;NR4A2;KCNN3;PDE4D;FAM107A;SWAP70;RNF144B;DGKA;PTGDS;NR4A1;GBP2;THSD7A;GPRIN3;PLCG2;SENP7;ADA2;TNFAIP8;TMEM100;TSPAN2;ST3GAL4;HBEGF;SKIL;MTMR11;CFH;TMEM168;BMX;KITLG;ST6GALNAC1;ITPR1;GCNT2;PREX2;EDNRB;ENTPD1;SIDT1;CRIP1;HLA-DRB1;S1PR4;ASRGL1;CSRNP1;FOSL2;RFTN1;EPHA4;MAMLD1;SELPLG;KLF12;F2R;PI16;H2BC21;EVA1C;MET;CDK19;SRGN;FAT4;RAPGEF3;USP53;GUCY1A1;DHH;LPCAT2;MYOF;TOX2;RIPK3;TOB1;GFOD1;C1orf115;PLLP;EPS8;GCNT1;APOL4;ATP2A3;GCH1;QSOX1;SLC8A1;SULT1B1;ADAMTS6;MECOM;PALLD;MCC;DENND11;CXCL12;GLUD2;RUNX1T1;VAMP8;SEMA3G;FILIP1L;NOVA1;MCTP1;TRAM2;GJA5;SMAD7;MX1;GATA6-AS1;SOX6;SLC16A2;TMC7;SULF1;FUT8;NSG1;PRXL2C;DSTYK;MGP;CDC42EP3;GULP1;TMED7;PELI1;PLCB4;SYT11;CRYBG1;PLAC9;SLC18B1;PDLIM1",2.016851741461227,2.081825129696816e-8,TRUE,
"LAKE_ADULT_KIDNEY_C14_DISTAL_CONVOLUTED_TUBULE",185,0.3732384077533484,1.726041933150473,1.1568824819560099e-4,3.759868066357032e-4,"ABCA10;RABGAP1L;NR3C2;CBLB;ZNF385D;LGR4;ARHGAP24;ABCA5;FGD4;SHROOM3;TRPM6;ITPR1;CDK14;EFNA5;ADGRL2;MACROD2;QKI;FRMD3;TACC1;DYNC2H1;OXR1;MAML2;SNX29;KLF12;NEDD4L;FGF13;RNPC3;INPP4B;CPEB4;NCOA1;PNISR;AHI1;BRAF;ICA1;WSB1;RALGAPA1;DCDC2;MTR;TBC1D5;IVNS1ABP;GMDS-DT;TRIM2;ARHGAP5;SVIL;CA12;THRB;ATXN1;MAP4K3;SAMD5;CCDC148;TAPT1-AS1;MEF2A;SLC8A1;FTX;MECOM;FNDC3B;ANKRD26;NOS1AP;PPP2R3A;CDKAL1;DST;VPS13B;MBD5;HIBCH;LIMCH1;MITF;SBF2;EXOC4;SOX6;LRCH1;TNRC6A;ARB2A;FREM1;SKAP1;ATP1B1;ZNF518A;RBM25;FBXL17;CACNB4;SAMD12;USP25;IMMP2L;RAD51B;PDE10A;ZNF704",1.5057913790326458,0.009237482430779535,TRUE,
"HE_LIM_SUN_FETAL_LUNG_C3_INTERMEDIATE_LYMPHATIC_ENDO_CELL",376,0.309410310578458,1.5413528030714319,1.1888400931085056e-4,3.8465581679244094e-4,"PKHD1L1;CD38;ABI3BP;HCLS1;KCNN3;RELN;PLAAT4;MFSD4A;DOCK8;TMT1A;CNST;SCNN1B;LY96;TMTC1;B3GNT7;SLPI;DTX1;DAPK1;BCL2L11;SCN3B;SCN3A;SYNE1;IL7;CEP85L;NIPAL2;BMX;SLC22A23;GCNT2;ITGB8;EDNRB;PDGFD;EFNA5;TPD52;ITGAV;MRC1;FMOD;ELK4;ASPH;GAS7;NFATC1;SEMA3D;ACKR2;NR2F1-AS1;MATN2;NLGN4X;KLF12;GNG12;RNASE4;FLRT2;PRKAG2;GLIS3;PDE1A;GLT8D2;EBF1;IGF1;THEMIS2;TNFRSF11A;OLFML1;TTN;PLD1;PGAP4;ANG;OXCT1;ARID5B;SFT2D2;STOX2;CXADR;PELI2;CALHM6;IER3;CCDC80;AHI1;MET;LRCH2;PDGFA;MOB3B;RASSF9;GUCY1A1;SLC43A3;CAMK2D;DSEL;EFEMP1;CCL21;ROBO3;PDE7B;CCDC122;COLEC12;STAB2;TSHZ2;VSTM4;PLEKHA4;LRRN4CL;LETR1;CMKLR2;RCAN1;AKR1C2;TLR4;PCLO;GALNT1;ABCA3;NMNAT2;MAP3K1;PMP22;F8;NBL1;CCDC102B;MEDAG;PRKAG2-AS1;TMOD2;IGFBP5;CHRDL1;CTBS;FOXP2;KLHL4;SGCE;DOCK5;TRMT9B;PDE2A;GLS;OSBPL1A;FILIP1L;SNX10;APBA2;PDPN;MITF;MAN1C1;MCUB;CCN1;CFI;ARRDC4;COL4A5;SGK3;CYP1B1;SMAD9",1.8399852402920487,1.0671679244351426e-7,TRUE,
"HE_LIM_SUN_FETAL_LUNG_C1_SMG_BASAL_CELL",357,0.3184212913241926,1.5826341400884791,1.2961977574299667e-4,4.164893440243348e-4,"ITM2A;LTB;IFI16;BCL2;LPL;SFRP1;GNG2;TNFSF10;PRKAR2B;VCAM1;BIRC3;CFLAR;FRZB;DCLK1;DDX60;DGKA;LSP1;TIAM1;SSPN;TNFAIP8;GFRA1;LPAR6;MOXD1;SGK1;LAMA1;TSPAN2;ST3GAL4;BHLHE40;TNFAIP3;LPGAT1;CYTH1;PGAP1;CFH;SLFN12;KITLG;EGR3;S100B;SEMA6D;KIAA0825;OPTN;RAPGEF5;CX3CL1;PLAT;FBXO32;TSLP;FAS;DUSP5;ITGB6;PLXDC2;HLA-DPB1;COL14A1;STOM;SAA1;NFATC1;PTGER4;HLA-B;ISL1;SERTAD4;LHFPL2;NEFH;GNG12;LSAMP;RAC2;MAMDC2;RARB;NPL;PAPSS2",1.9466168670257804,3.160567504982504e-9,TRUE,
"DESCARTES_FETAL_STOMACH_CILIATED_EPITHELIAL_CELLS",169,0.3754988722355701,1.7164418720781995,1.2986686963396154e-4,4.164893440243348e-4,"CDKN2B-AS1;SCGB2A1;BBOF1;SPATA17;AK7;PIH1D2;FANK1;RRAD;CFAP126;KIAA0825;NEK11;PRR29;TMEM67;ZMYND12;CFAP69;MDH1B;VWA3B;TTC21A;LCA5L;AGBL2;CFAP45;CIMAP3;EFHC1;SPATA6L;SAXO2;CFAP43;SPAG8;EFHB;CC2D2A;PPP1R36;PPIL6;RP1;ENKUR;MB;CAPS;AHI1-DT;TOGARAM2;CFAP44;CCDC30;MORN2;DNAH7;FHAD1;CCDC191;CIMAP1B;AK8;SPEF2;DNAI4;TPPP3;CCDC146;SPA17;CCDC148;STMND1;FAM229B;DNAH3",1.177771586936776,0.21085406031642595,FALSE,
"LAKE_ADULT_KIDNEY_C16_COLLECTING_SYSTEM_PRINCIPAL_CELLS_CORTEX",122,0.41932374152588725,1.8366598338133049,1.3984996245589715e-4,0.00044653847661356634,"PDE4D;PLCL2;RABGAP1L;THSD7A;NR3C2;MAPK10;SYTL2;TOX;SCIN;EPB41L4A;MACROD2;SMARCA2;FER;BAZ2B;PRKAG2;AFF1;GLIS3;PDE1A;SIK2;MAGI3;RALBP1;AHI1;BRAF;WSB1;FNDC3A;DCDC2;REV3L;MTR;PDE7B;TGFBR1;TMTC2;DLG2;NFIB;PRKG1;THRB;ATXN1;SPAG16;SLC8A1;SSH2;FTX;MECOM;CD2AP;FNDC3B;GLS;PRKN;MBD5;LIMCH1;COL4A5;ARB2A;GAREM1;AKT3;SAMD12;KSR2;WWTR1;PTBP3;MACC1;IMMP2L;RAD51B;PDE10A",1.8346665154038562,1.7340167525429435e-4,TRUE,
"DESCARTES_FETAL_SPLEEN_MESOTHELIAL_CELLS",159,0.3802903325988731,1.7300817881338126,1.4989679247599038e-4,4.76183347160744e-4,"SPOCK2;SLC4A4;ATF3;FOS;FABP4;ADGRL3;F3;SLPI;VAT1L;BHLHE40;HHIP;SEMA3C;RRAD;B3GALT1;BMP3;WNT2B;CRIP1;PLAT;CSRNP1;DUSP1;RGS16;MAF;LGI2;SEMA3D;ISL1;RSPO3;S100A10;EGR1;KRT7;GLT8D2;KLF5;PDZK1IP1;FGF9;CXADR;EZR;IER3;PPP1R15A;SGIP1;ZFP36;CGN;TUFT1;CCN3;EFEMP1;FENDRR;GLP2R;OGN;JUNB;HSPA1B;GPNMB;ANO5;SMTNL2;DSG2;OLR1;MTMR7;CA11;CHRDL1;AOX1;HHIP-AS1;MAL2;DSC3;FLRT3;PDPN;B3GALT2;ANKRD50;IL6;ITGA3;SULF1;MGP;FAM167A;ID4;TNNT1;ARFGEF3;EFNB3;REC8;PLA2G2A",2.0425450646031003,4.139904786913144e-7,TRUE,
"HE_LIM_SUN_FETAL_LUNG_C4_ILC3_CELL",68,0.47738403543518443,1.876565118587497,1.504425409985867e-4,4.76183347160744e-4,"BLK;SLAMF1;JAML;TNFSF13B;CXCR6;CA2;AFF3;TIAM1;DAPK1;RORC;ATP10D;LZTFL1;AHR;IL23R;RGS16;LDLRAD4;NFATC1;NRIP1;CSF1;MATN2;PHACTR2",1.93817494213776,1.7885734403728473e-4,TRUE,
"MENON_FETAL_KIDNEY_1_EMBRYONIC_RED_BLOOD_CELLS",119,-0.3782978355747443,-1.7954758772661619,1.5969650194010382e-4,5.032859455082059e-4,"GAPDH;RPL19;TUBA1B;YBX1;RPLP0;HACD3;RAN;RPLP0P6;RANBP1;CALR;FTH1;CHCHD2;RPL3;PCBP2;RPL7A;ACTB;RPS23;H2AZ1;UBB;ATP5F1C;RPL4P4;ATP5MC2;MACROH2A1;TUBB;NPM1P39;YBX1P1;MARCKSL1;HNRNPF;IFITM2;CADM1;DYNLL1;YWHAQ;SNRPC;MKI67;RPL18A;SNRPB;RPL6;PPIA;RPL29;ERH;RPS18;NACA;SEC11A;RPL5;PFN1;RPS2P5;RPL10P16;RPL26P19;BTF3;RPL31;JUN;HSPE1;EEF1B2;SNRPD2",-2.114826053789167,5.557857051118112e-7,TRUE,
"RUBENSTEIN_SKELETAL_MUSCLE_MYELOID_CELLS",341,0.3180900378216037,1.5747708449988678,1.636799048034932e-4,5.136162530040649e-4,"PTPRC;FYB1;FOSB;NR4A2;HCLS1;MCL1;JAML;FGL2;LCP1;TNFSF13B;IL10RA;CD37;MPEG1;AIF1;CYBB;CD52;CTSS;RGS18;ARHGDIB;MS4A7;RAP1A;CYRIA;FOS;CD48;NR4A1;LY86;CD83;LSP1;GPSM3;HLA-DPA1;CLEC2B;LYST;CPVL;LY96;MS4A6A;NFKBIZ;BTG2;GMFG;HLA-DRA;RNASE6;STX11;HLA-DMA;CRIP1;HLA-DRB1;CD53;CD74;LRRFIP1;CLEC7A;IGSF6;DUSP1;C1orf162;LIMD2;HERPUD1;HLA-DPB1;SERPINB1;TSC22D3;SMCO4;H3-3A;FCER1G;ENSA;ARPC5;PLAC8;HNMT;ACTR2;SOD2;RGS2;TBXAS1;KLF4;CITED2;HSD17B11;CMTM6;CALHM6;MNDA;IER3;PPP1R15A;PLSCR1;SRGN;ZFP36;MOB1A;ITGB2;SAMHD1;HCK;UBE2D3;NFKBIA;GCA;CARD16;JUNB;UBE2D1;STMP1;DUSP2;CDC42;CAPZA1;LAPTM5;PLEK;VMP1;RGS10;PTP4A2;TPM3",1.7276064584920294,1.357268571082916e-5,TRUE,
"CUI_DEVELOPING_HEART_C1_5TH_WEEK_CARDIAC_CELLS",72,-0.4365360950090381,-1.8957884005740413,1.6544264883897684e-4,5.169195208359448e-4,"IDH2;PRDX2;PDHA1;NME4;CNN1;CES1;MACROH2A2;ITGB1BP2;KPNA2;SPINT2;TM7SF2;DDIT3;SLC2A1;SNHG17;HACD1;NAXE;IGFBPL1;MDH1;KLK6;TPM2;CDH3;KRT18;TNFRSF12A;CRABP2;BEX2;KRT8;NHERF1;CKB;UCHL1;FDPS;COA1;TMEM141;RHPN2;CTSV;GMNN;BZW2;MAP1LC3A;EIF3M;CSRP1;ISYNA1;TXNDC17",-1.8751581183216397,4.10280486301834e-4,TRUE,
"DESCARTES_FETAL_EYE_VASCULAR_ENDOTHELIAL_CELLS",83,0.45571117105959463,1.8536462514214156,1.6748918130355837e-4,5.210774529444039e-4,"GIMAP4;LXN;GIMAP1;TCIM;BTNL8;APOL3;SELP;ABCG2;MYCT1;CAVIN2;MLKL;PRKCH;CLEC1A;ELK3;CALCRL;S1PR1;ADGRL4;ACVRL1;TEK;ARHGAP29;EPAS1;ZNF366;CETP;FAM124B;APLNR;ICAM2;HAPLN1;PDE2A;SEMA3G;SMAD7;PODXL;TAMALIN;PCAT19;RGCC;STARD8;ADCY4;DUSP6;ECSCR;HAPLN3",2.2791843212209972,1.1059086070294503e-7,TRUE,
"DESCARTES_FETAL_INTESTINE_SMOOTH_MUSCLE_CELLS",39,-0.538522970186699,-1.9942896439795734,1.7509540730125626e-4,5.424232192141045e-4,"TACR2;ACTG2;DES;CNN1;JPH2;WIF1;KCNMB1;PSD;LDB3;MYH11;PDLIM7;FBXL22;MYL9;TAGLN;FLNA;ACTA2;CARMN;LMOD1;TNMD",-0.7801175529106672,0.8420231185680145,FALSE,
"RUBENSTEIN_SKELETAL_MUSCLE_NK_CELLS",220,0.3598965075579905,1.7017546092361362,2.0179082836491302e-4,6.224734027527825e-4,"PYHIN1;PTPRC;FYB1;CD247;KLRB1;ETS1;LCP1;GZMH;TBC1D10C;CD37;GIMAP4;GNG2;PLAAT4;CCL5;BIN2;CD52;ARHGDIB;NKG7;EVL;GZMM;CD48;GPSM3;CLEC2B;IL2RB;STK17A;GMFG;GZMA;CD7;CD47;KLRD1;LITAF;CD53;MSN;B2M;C1orf162;LIMD2;CD69;CTSW;RAP1B;TSC22D3;FCER1G;ARPC5;RAC2;PLAC8;CD164;DOK2;TMA7;SLC38A2;RPS27",1.9068159000891742,1.298460153744407e-6,TRUE,
"HAY_BONE_MARROW_MONOCYTE",215,0.35411685587696756,1.6672834379381787,2.0499385738657834e-4,6.296857729005444e-4,"SCIMP;POU2F2;CCNG2;CYTIP;TNFSF10;ADGRE1;AIF1;SIGLEC10;RABGAP1L;FGD2;RNF144B;MS4A7;NR4A1;ITLN1;GBP2;WAS;ST3GAL5;PDK4;NFKBIZ;SMPDL3A;C1QA;YPEL2;TNFRSF8;KIAA0513;PHTF2;C3AR1;LRRFIP1;ZG16B;TENT5A;LILRB1;MSR1;UTRN;PECAM1;SELPLG;SPN;APH1B;SIDT2;FCER1G;FMNL1;KLF3;ARPC5;C1QB;PAPSS2;C19orf38;SH3BGRL;TBXAS1;PDLIM5;CD300LF;THEMIS2;MYO1G;CSF1R;SLC66A3;CMTM6;CALHM6;CALM2;DPEP2;PCGF5;PIK3AP1;HCK;MTPN;CXCL16;TPPP3;FKBP1A;SEC14L1;PTPRN2-AS1;CAPZA2;GCH1;P2RX1;ZMYND15;RAB10;RNF13;ADAP2;LST1;ABI3;GPR137B;DOCK5;DENND10",1.8249611067354923,1.580427246047912e-5,TRUE,
"HE_LIM_SUN_FETAL_LUNG_C0_MESENCHYMAL_2_CELL",276,-0.29097599513329214,-1.5578025867304814,2.118200574472187e-4,6.479201757209043e-4,"KIF18B;FAM83D;CDC45;PLK1;PDXP;KNSTRN;GTSE1;FOXM1;KIF4A;CDC20;TROAP;CDCA3;CDCA8;KIF20A;CCNB2;OIP5;PKMYT1;LMNB1;HSPA12A;KPNA2;UBE2C;PRC1;FANCA;NETO2;MID1IP1;PITX2;UBE2S;KIF23;CENPM;BUB1B;PIMREG;CENPP;ARHGAP11A;AURKA;SLC25A33;PGP;CENPO;GTF2IRD1;FZR1;LMNB2;B3GALT6;KIF2C;NCAPH;EMC9;KIFC1;UHRF1;CCNA2;CCNB1;TACC3;AURKB;SPAG5;ZWINT;ARHGAP33;RHBDD2;B3GALNT2;CLSPN;BMP7;GPC4;ASF1B;NCAPG;FANCI;TRAIP;CDCA5;MYBL2;CDKN3;TRIP13;MCM10;TPX2;CIB2;TRIOBP;CRABP2;KIF22;CENPN;KIF26B;HMGA2;DNAJC12;RACGAP1;POC1A;IGFBP2;PITX1;PDLIM4;MKI67;MXD3;OAF;SYNPO2;TK1",-1.3618130302878615,0.011155805055831134,TRUE,
"TRAVAGLINI_LUNG_VEIN_CELL",38,0.5631133365943863,1.9705877493118826,2.1770381269772934e-4,6.631312788449664e-4,"ABI3BP;MMRN1;VCAM1;PTGDS;HDAC9;LYST;NCOA7;PLA1A;TNFAIP3;SELP;SELE;LYVE1;PLAT;C7;SLCO2A1",2.2647181900580646,7.2335519148731905e-6,TRUE,
"FAN_OVARY_CL16_LYMPHATIC_ENDOTHELIAL_CELL",229,0.349833836912769,1.6636892187197292,2.2702989893494098e-4,6.886573601026543e-4,"ABI3BP;GIMAP7;FOSB;MMRN1;SELENOP;GIMAP4;TNFSF10;IL6ST;MARCKS;FOS;FABP4;RASGRP3;TXNIP;HLA-E;TCF4;GMFG;SCN3B;CD59;KCTD12;KLF6;A2M;MYCT1;ITM2B;HLA-C;CAVIN2;B2M;KLF10;SBDS;LEPROT;DEPP1;UGP2;DUSP1;STOM;TFPI;TMEM59;ELK3;HLA-B;N4BP2L2;NEAT1;NKTR;CALCRL;PECAM1;LIMS1;EXOC1;BCAP29;S100A10;ACTR2;TGFBR2;SYPL1;ARHGAP29;ADM;KLF4;DEGS1;SERPING1;GNG11;CRBN;TMEM123;EFEMP1;CCL21;LDB2;LAMA4;REEP3;JUNB;TMEM50A;NFIB;IER2;FKBP1A;SMAD1;LAPTM5;EPSTI1;PRCP",1.801034147505618,2.9342569619558242e-5,TRUE,
"BUSSLINGER_GASTRIC_PREZYMOGENIC_CELLS",56,0.5029581401869705,1.8923174279802524,2.4960325244517917e-4,7.539882480501678e-4,"ADAM28;FOSB;SLC4A4;FOS;TMT1A;FOXP1;LTF;AKAP9;NFKBIZ;SEC62;LINC00261;GOLGB1;FMOD;TCEA3;NBEAL1;ASPH;EGR1;PIGR;ARHGAP18;CXADR;PGC;RHOBTB1;NFIB;IER2;MECOM;MAGI1;FAM3D;ERN2;ANKRD50;TTC3",1.7693511026269975,0.0048140733622724936,TRUE,
"HE_LIM_SUN_FETAL_LUNG_C1_SQUAMOUS_CELL",231,0.3513172140078551,1.6759434955979402,2.814904245231656e-4,8.467976407143164e-4,"SLC15A2;IFI16;ADGRF1;PLAAT4;TNFSF10;SAMD9;IRAG2;DOCK8;PRDM1;DAPP1;GBP2;RNASEL;MUC4;TCP11L2;LYST;ANKRD13A;RAB27B;F3;SLPI;SMPDL3A;GRAMD1C;CDKN2B;HECA;SERPINB5;SCEL;ST6GALNAC1;HPGD;GBP3;ITGB8;OPTN;SYTL2;FOSL2;FBXO32;DUSP5;SPINK5;SMIM5;PRRG4;GNG12;PLAC8;RARB;RND3;KRT7;GNA15;PADI1;B3GALT4;ARAP2;TSPAN1;PLD1;EVA1C;NMRK1;GPR160;FRMD6;BARX2;GGT6;CNGA1;SKAP2;ALDH1A3;TUFT1;CCDC69;SAMHD1;CIMAP1B;FNBP1;ABLIM3;RNF39;B4GALT1-AS1;DUOX1;EMP1;GCNT3;FUT3;CYTOR;ZFYVE1;BATF;NECTIN4;C15orf48;ACHE;SRD5A3;APOD;SBF2-AS1;FAM3D;RUNX2;IER5;RRAGD;GDPD3;MX1;H2BC4;ARRDC4",1.6991984179479704,2.0449491079171234e-4,TRUE,
"ZHONG_PFC_C3_UNKNOWN_INP",34,-0.5574307260441286,-1.9944923058821766,3.1604795243380974e-4,9.468432484436769e-4,"FAM83D;CDCA8;APOLD1;CCNB2;KPNA2;UBE2C;PRC1;KIF23;NCAPH;CCNA2;TPX2;MXD3;SKA1;HJURP;BIRC5;BUB1;CENPE",-2.0483209527489064,2.4899016545416755e-4,TRUE,
"AIZARANI_LIVER_C21_STELLATE_CELLS_1",191,0.35380377673158553,1.6442578920940603,3.270663614300055e-4,9.758373406600165e-4,"FOSB;SFRP1;TIPARP;MARCKS;ITGA8;FOS;PTGDS;IL1RL1;SSPN;BMP2;ADAMTS1;TCF4;BTG2;HGF;PDGFRA;GEM;CFH;CYBRD1;EDNRB;CAV1;HLA-DRB1;CSRNP1;C1S;DEPP1;C7;RGS16;ITM2C;COL14A1;SOD3;MATN2;PROS1;EGR1;RGS2;RND3;CH25H;RBMS3;EPAS1;GPC6;KLF4;SLC38A2;CCL2;ARID5B;CITED2;MT1M;IER3;CCDC80;CLDN11;ZFP36;EFEMP1;GLUL;JUNB;PCDH9;MMP19;EMP1;QSOX1;LUM;MAFF;IGFBP5;PALLD;CXCL12;ANTXR1;DPYSL2;FILIP1L;VIM;GSN;TPM4;MITF;CCN1;PTN;C1R;LMNA;SERPINF1;MGP;CDC42EP3;DSTN;CCNI;MMP2;DDR2;DCN;CCN2;TSC22D1;ITGA9",2.3788511384735394,6.534792357479106e-12,TRUE,
"HE_LIM_SUN_FETAL_LUNG_C4_TH17_CELL",15,0.7304044808391127,2.0131383967970993,3.537109431146941e-4,0.0010510268023979483,"BLK;SLAMF1;JAML;RORC;IL23R",1.944330862201376,0.0012564935681386713,TRUE,
"MANNO_MIDBRAIN_NEUROTYPES_HNPROG",187,-0.31716262582792687,-1.6051043047528228,4.303781643760392e-4,0.0012736394457957582,"NPTX2;MSI1;PIF1;FAM83D;HES6;EPHB2;PCBP4;PLK1;CDKN1C;MYT1;GTSE1;KIF4A;CDCA3;CDCA8;CCND1;CCNB2;NES;UBE2C;LAMA5;PRC1;RPS14;DIS3L2;RCOR2;KIF23;HIC2;BUB1B;PIMREG;ARHGAP11A;GNG5;SP5;PHLDA1;KIF2C;TMPRSS5;NCAPH;CCNA2;ANKRD13B;PSRC1;ST18;PRDX1;TACC3;SLC6A8;FNDC5;IGFBPL1;AGO1;CCND2;HUNK;ENO3;HMGA1;KLHDC8A;DLL3;TPX2;GSE1;ZNHIT2;CDC25B;TCF12;RACGAP1;CRNDE;ELAVL2;MKI67;FRMD5",-1.5296179636408174,0.0026177248782419085,TRUE,
"GAUTAM_EYE_IRIS_CILIARY_BODY_CILIARY_BODY_ENDOTHELIAL_CELLS",347,-0.26356766321607356,-1.433154538868708,4.724701518973841e-4,0.0013925436055922898,"POLR3H;RPS6KB2;TLNRD1;SLC25A22;AIFM2;TWNK;KXD1;MLST8;ILF3;CCDC86;BYSL;HAGH;ANKRD13D;COA4;NAT9;TESK1;KHSRP;PSMD14;KEAP1;CDC42EP1;ORMDL2;AP3D1;BRD4;SMYD5;CCT5;ZNF503;EWSR1;ATXN2L;TUBA4A;MORC2;ARHGAP23;CARS2;PEX5;CCDC137;PLOD3;PPME1;AP2A2;DNPEP;SUPT5H;REXO4;HMOX2;UNC119;RPL10;UBTD1;GARS1;PPP1R35;EIF6;SH3BP4;MED12;PSMD2;MYO10;MFSD10;CPSF1;APEX1;PRR14;ECH1;PRDX4;RUVBL1;SKI;EIF2B1;ATP5F1C;MTX2;EIF4EBP1;SLC38A10;LBHD1;ABHD17A;CCM2;KDM1A;ZDHHC18;SPR;SLC1A7;GOT2;RAB1B;RBM42;SLC35A4;SNRNP40;HIP1R;ARRDC1;FN3KRP;SELENOS;PKN3;FAM120C;RPS28;ZDHHC9;SAFB;MRTO4;SRA1;MESD;MLLT6;FAM174A;TMEM205;PINX1;MGAT2;OGG1;TSPAN17;RPIA;RELA;METAP1;EPN1;CENPB;CDH2;NDST1",-1.4955403386750719,4.8645583467777417e-4,TRUE,
"TRAVAGLINI_LUNG_NATURAL_KILLER_T_CELL",26,0.6032947012516974,1.9433013589265065,5.1317130313686e-4,0.0015064060834017504,"RGS1;SLA2;NKG7;IL2RB;CD7;KLRD1;HLA-C;B2M;CD69;CTSW;TNFRSF18",2.247857502732567,9.376407071922231e-6,TRUE,
"GAUTAM_EYE_IRIS_CILIARY_BODY_SCHWANN_CELLS",88,0.42625418563875994,1.7508148482598889,5.859372051966957e-4,0.0017131015477236725,"IRF4;ARHGEF6;KAT2B;CREB1;LIPA;RRAD;GAB1;HCFC2;HLA-C;WASL;APOL6;FRMD3;FNIP2;OPN3;N4BP2L2;PHYHD1;ZC2HC1A;CCP110;SNX4;FRY;CLMN;RIN2;PNISR;IFNAR2;FPGT;ROBO3;UBE2D1;TRMT13;PLEKHA4;WWP1;G2E3;CGRRF1;WDFY1;KLF15;WDR47;LIPT1",1.711038727621788,0.003990962419894703,TRUE,
"BUSSLINGER_ESOPHAGEAL_PROLIFERATING_BASAL_CELLS",66,-0.41866320385650246,-1.7877045366725137,6.153426319887643e-4,0.0017918777443512817,"SLC7A5;TUBA1B;YBX1;EEF2;TKT;RPL4;SLC3A2;ENO1;FBL;PRC1;GPX4;IFITM3;RPL10;MCM7;H2AZ1;RPS3;SLC7A1;CD81;TUBB;KRT15;RRM2;MKI67;RPL18A;TK1;SNRPB;EEF1A1;RPL10A;RPL5;RPS5;NCL;EIF4B;HNRNPA1;NAP1L1;EEF1B2;PTMA;ANP32B",-1.841628033267204,9.543885376536171e-4,TRUE,
"HE_LIM_SUN_FETAL_LUNG_C1_CLUB_CELL",62,0.4715622474640516,1.819920675265164,7.747013157704747e-4,0.0022469424616769146,"CP;C3;SLA;DPYD;SCNN1B;NEGR1;SLPI;BHLHE40;AGR3;TRIM22;CFH;PAG1;ST6GALNAC1;CRIM1;CTSW;SPINK5;HLA-B;PAPSS2;KRT7;CAPS;EPAS1;MLPH;ELAPOR1;LIPH;MET;STEAP4",1.7384237736846664,0.0033212044899084314,TRUE,
"ZHENG_CORD_BLOOD_C1_PUTATIVE_MEGAKARYOCYTE_PROGENITOR",86,0.42162554628230664,1.725535803397799,7.807752586058873e-4,0.002255572969305897,"FYB1;BANK1;GRAP2;MMRN1;PRKAR2B;CA2;CCL5;BIN2;RGS18;RAB27B;SLC44A1;CD36;CCDC68;SELP;EFNB2;CAVIN2;C2orf88;STOM;PDE5A;LIMS1;PROS1;ARHGAP18;F13A1;MOB3C;GP1BA;PDGFA;C3orf52;DAAM1",1.861928939355282,6.824517770690544e-4,TRUE,
"DESCARTES_FETAL_PANCREAS_SMOOTH_MUSCLE_CELLS",31,-0.5515041114326205,-1.9279060608192453,7.997161566054318e-4,0.00230115953363144,"NDUFA4L2;ACTG2;CBLN1;SGCA;OR51E1;CSPG4;OR51E2;MYH11;HIGD1B;ACTA2;CARMN;CCDC3;TLX1;SLC6A1;THBS4",-1.1442770552528199,0.31536388140161725,FALSE,
"HE_LIM_SUN_FETAL_LUNG_C1_MID_BASAL_CELL",134,0.3778302129669175,1.6830677925230337,8.762777754173434e-4,0.002511536301196165,"ABI3BP;IFI16;FAM107A;IRAG2;TFPI2;FRZB;LSP1;SCNN1B;TNFAIP8;LPAR6;F3;ZNF385D;SLPI;LGR4;CFH;OPTN;BAALC;COL17A1;PLXDC2;COL14A1;C16orf74;SPINK5;ISL1;SERTAD4;PRRG4;EYA1;IL1RAP;CNTN4;RARB;CH25H;NRG1;EPAS1;EVA1C",1.9531109511168403,1.9521653650532702e-5,TRUE,
"MANNO_MIDBRAIN_NEUROTYPES_HDA2",373,0.30021184326672545,1.493852251008543,9.112803793075537e-4,0.002591879101895899,"CD2;IPCEF1;CHL1;POU2F2;PRKCB;NR4A2;KCNN3;ARHGAP28;ANKRD44;PDE4D;PRKAR2B;VGF;PIK3CD;STMN2;PLXNC1;MIAT;GPRIN3;GFRA1;STXBP5;VWA5A;LRRC55;NALF1;SLC18A2;SCN3B;SCN3A;CEP126;RNF125;SERINC1;RUNDC3A;SEMA6D;KIFAP3;CDK14;OPTN;CPEB3;PGM2L1;RASGEF1B;FBXL16;BAALC;BASP1;GPR85;RETREG1;TMEM121B;SCAMP1;LGI2;ZC2HC1A;CHMP2B;SCG5;NEDD4L;HBB;CNTN4;SYP;FGF13;NAPB;DOK6;PKIA;RAB3C;FRY;PDE1A;ADARB2;RTN1;SSTR2;IGF1;PNMA2;PGAP4;TAC1;FGF9;FKBP1B;CXADR;BSN;CALHM6;PRKACB;ZNF813;STXBP1;NCAM1;CGN;PBX1;TOX2;REV3L;APBA1;TMCC3;ABLIM3;MYO5A;DLG2;DOP1A;KLHL32;TPPP;MAPRE2;AKR1C2;PID1;CNTN1;ABCA3;NMNAT2;TMOD2;RASA4;NPY1R;MCC;FAIM2;UBASH3B;RUNDC3B;CSRNP3;MTURN;DGKE;HBA2;PDE2A;SH3PXD2A;SV2B",1.7082792731429253,1.0715784013703097e-5,TRUE,
"DESCARTES_FETAL_SPLEEN_AFP_ALB_POSITIVE_CELLS",128,-0.3387942653461366,-1.623134167537366,9.114300138535028e-4,0.002591879101895899,"IGF2;PCBD1;ALDH4A1;H19;GRHPR;GJB1;MSRB1;ACAA1;DGAT2;TM7SF2;SERPIND1;DHCR7;F10;PEBP1;TMEM150A;MAT1A;GALK1;ABCC6;SDC1;FN1;ADH6;SERPINA4;ASGR1;SLC38A3;F12;CYP51A1;PCYT2;ADH4;SLC25A10;FTL;DUSP9;AGXT;SLC39A5;DNAJC12;PRAP1;TM4SF4;GAMT;MST1;HNF4A;DHCR24;DGCR6L;SLC27A2;PEG10;ATF5;SLC38A4;SCD;PKHD1;CYB5A;CHDH;APOM;COL2A1;PERP;LOXL4;HAL;TMEM97;RETSAT;PAH;SERPINF2;CLU;SPRYD4;AGT;F7;SLC39A14",-1.837787483376203,6.47953940524269e-5,TRUE,
"GAO_STOMACH_24W_C5_PUTATIVE_PIT_CELL_PROGENITOR",49,-0.4524231229917625,-1.7706364286073548,9.358840510000222e-4,0.0026510645491362498,"MICALL1;CNN1;PPP1R14A;LRP5;SRF;WIF1;SGCA;LAMA5;KCNMB1;ACTC1;SBSPON;LDB3;AK4;CORO1C;LIMS2;DHX35;HSPB8;HACD1;MVB12B;BMPER;ALDH1B1;WFDC1;NRXN3;SETD1B",-1.2219358279973584,0.19054919373685442,FALSE,
"FAN_EMBRYONIC_CTX_ASTROCYTE_2",129,0.38499477349545147,1.700354141988403,9.515732527199477e-4,0.0026850594107756666,"SLC15A2;SPOCK2;KCNN3;ST8SIA1;VCAM1;SLC4A4;PLSCR4;MARCKS;SSPN;TMT1A;LIFR;F3;LAMA1;LGR4;SPON1;SEMA6D;EDNRB;PBXIP1;PLXDC2;ITM2C;ASPH;TFPI;S1PR1;FAT3;MSMO1;CAPS;PDLIM5;SESN3;MT1M;EZR;LUZP2;EFEMP1;LAPTM4A;GLUL;LAMA4;GASK1B;PCDH9;TPPP3;NFIB;PTTG1IP;GLUD1",1.7901379820404189,2.7121305584528534e-4,TRUE,
"JONES_OVARY_NK_CELL",86,0.41525701228416523,1.6994720756994988,0.0010584816689483936,0.0029751917181252145,"ITM2A;GIMAP7;ETS1;PALMD;GIMAP4;SNRK;HLA-E;LIFR;CAV2;CFH;PREX2;CRIM1;CAV1;LEPR;CRIP1;HLA-C;B2M;COL14A1;HLA-B;UTRN;HLA-F;S1PR1;MATN2;TGFBR2;CTSK;CCDC80;SRGN;GUCY1A1;LDB2;OGN;PPP1R12A",2.193985284587468,1.4114326636633606e-6,TRUE,
"MANNO_MIDBRAIN_NEUROTYPES_BASAL",77,-0.39489923398720883,-1.7464051956736693,0.001303266691977096,0.0036491467375358686,"ATF4;TUBA1B;ATP5F1B;EEF2;SLC25A3;PCBP1;ACTG1;NDUFA13;CHCHD2;RPL3;SRP14;RPL7A;ACTB;FAU;UBB;RPL41;RPS4X;PSMB4;RPS8;NACA2;DYNLL1;COX4I1;RPL8;CFL1;SEC61B;RPL6;PARK7;ATP5ME;COX6B1;EEF1A1;ELOB;RPL13;ATP5MJ;GABARAP;RPL31;BEX3",-1.9681247551220291,4.716351316344785e-5,TRUE,
"DESCARTES_FETAL_MUSCLE_ERYTHROBLASTS",102,-0.35517427934697615,-1.6460917575436411,0.0013174303857373209,0.0036746717272673163,"SLC7A5;PRDX2;ATG4D;HAGH;TROAP;CDCA8;HMBS;XG;PPME1;EXOSC5;TOMM5;GUCD1;POMGNT2;C16orf95;RNF26;SLC2A1;HASPIN;SLC43A1;BLVRB;E2F4;DHRS13;SLC6A8;HTRA2;MYBL2;CDKN3;BNIP3;RIBC2;TFRC;SLC12A4;TMEM143;ZNF446;DCTN3;PEX39;H2AC20;C1orf35;GCLM;ALAD;DCP1B;PIGQ;GLRX5;DMTN;SLC38A5",-1.5407552134799303,0.012391751882028896,TRUE,
"GAUTAM_EYE_IRIS_CILIARY_BODY_FIBROBLASTS",98,0.4008585474620726,1.678981797037538,0.0013986515758083115,0.003886329569421568,"NR4A2;SELENOP;IL6ST;FOS;LSP1;C1orf21;BTG2;HGF;BHLHE40;GEM;CEP126;CYBRD1;FOSL2;FBXO32;STOM;LDLRAD4;NKTR;MAML2;MATN2;NUCKS1;F2R;PHACTR2;EGR1;SOD2;LPP;PNISR;PPP1R15A;WSB1;ARGLU1;STEAP4;DACT1",1.8376126278840135,2.8157048639474027e-4,TRUE,
"MENON_FETAL_KIDNEY_9_ENDOTHELIAL_CELLS",102,0.39442521250501555,1.6708517325554098,0.0014051627219404097,0.003889575899515659,"ETS1;IFI16;IL6ST;MARCKS;TCIM;HLA-E;LIFR;TCF4;GMFG;MEF2C;A2M;EFNB2;CD74;CAVIN2;EMCN;MSN;B2M;RHOA;HLA-B;NEAT1;PECAM1;KTN1;ADGRL4;ACTR2;TGFBR2;ARHGAP29;GNG11;LPP;NOSTRIN;PBX1;IER2;FKBP1A;PTTG1IP;PRCP;APLNR;TPM3;IGFBP5;HMGB1P5;TPM4;PLPP3;PCDH17;KIF5B;MYL12A;NRP1;CRIP2;CD34;KDR;SPTBN1",1.981083108597355,1.2749202368980496e-05,TRUE,
"DESCARTES_MAIN_FETAL_MUC13_DMBT1_POSITIVE_CELLS",53,0.4657912826738658,1.745907569684105,0.0015193485000443371,0.004189718591031354,"FMO4;MXD1;FER1L6;RTP4;AKR1B10;INAVA;GALNT4;PLS1;LRRC19;BEST4;LINC02453;TSPAN8;TRIM31-AS1;CHST5;TM4SF20;SLC28A2;TRIM31;ARHGEF34P;TLCD2;GDA",1.6112242301623239,0.010424575347929354,TRUE,
"MURARO_PANCREAS_DELTA_CELL",198,0.3350753706770522,1.5629094881972316,0.00163131238505758,0.004481058135686818,"ABI3BP;ST8SIA4;SLC2A13;FRZB;BHLHE41;FOS;THSD7A;FFAR4;HEPACAM2;MS4A8;VWA5A;BTG2;VAT1L;PCSK1;PKIB;RUNDC3A;F5;LEPR;CDK14;LINC00261;FBXL16;BAALC;TPD52;ADGRL2;ITM2C;DYNC2H1;ISL1;EGR1;RGS2;PJA2;PNMA2;SETBP1;AMIGO2;MLPH;TCEAL3;SESN3;OXCT1;HSPA6;AHI1;PRKACB;LRCH2;NCAM1;PCK1;ZMAT1;EDN3;MRAP2;STAU2;MDFIC;TSHZ2;AMPH;PNRC2;DNAJB9;TPPP3;AQP3;IER2;SORL1;GCH1;SAMD5;LMO2;PCLO;NECTIN3;RBP4;MCC;FOXP2;MTURN;RUNX1T1;MBNL2;PDE2A;AKAP12;INPP5F;ZKSCAN1",1.734112394650059,2.025726252178641e-4,TRUE,
"GAUTAM_EYE_IRIS_CILIARY_BODY_SMOOTH_MUSCLE_CELLS",263,-0.27459486775623587,-1.4497834845888673,0.001642080662102319,0.004481058135686818,"MRPS11;PHB1;ACTG2;SLC1A5;PSMB5;EMC4;PSMD9;ACOT11;RBPMS2;HAGH;NCS1;SAE1;SLC25A3;PSMD8;PSMA7;TUFM;KCNMB1;PHPT1;MSRB1;MDH2;NACC2;RUSC2;NDUFA12;MRPL20;CCDC107;CCDC124;MRPL41;PNKD;AK4;BOLA3;TIMM13;DHX35;PIM3;UQCRC1;PRDX3;FAM234A;ZYX;TXNL4A;ATP5F1C;MTX2;NICOL1;PYGM;BSG;FNDC5;LRRC8A;GBA2;NDUFS5;EIF3K;HSPG2;MRPL55;RPP25L;ATP5MC2;CAMK2G;TUBB;UQCRFS1;EIF4G1;MRPL22;DUSP8;AP2M1;TLE5;SERF2;EP400;ADCY5;TMEM179B;DDA1;BORCS8;UBE2D4;COX4I1;GAMT;PITX1;DNAJA4;AURKAIP1;RAB3A;UXS1;KARS1;TLN1;HINT1;VASP",-1.4807941396797994,0.0015912554095830343,TRUE,
"HAY_BONE_MARROW_CD34_POS_PRE_B",82,0.41365186444279567,1.6792560434495203,0.001643465003060962,0.004481058135686818,"CD79B;IRF4;PAX5;CD38;BTK;RCSD1;AFF3;DTX1;BMP3;PLEKHA2;RAPGEF5;H1-2;MPZL1;LIMD2;BACH2;LDLRAD4;C16orf74;FMO1;TRAM1;RB1;EFHC1;ROR1;ENTPD8;CCDC69;ADAM23;CCDC191;CDC40",1.6464635166295414,0.006277687861942586,TRUE,
"HE_LIM_SUN_FETAL_LUNG_C2_SPP1_POS_MACROPHAGE_CELL",47,0.4868578069937785,1.8009034864427027,0.0017372446830377453,0.004719082571833875,"CD28;SELENOP;CD163L1;HPGDS;HRH1;CD209;LYVE1;A2M;ABCG2;AGR2;C2;NPL;C1QB;IGF1;CCL2;LILRB5;COLEC12;WWP1",2.227897783601171,3.7724182935219144e-6,TRUE,
"HE_LIM_SUN_FETAL_LUNG_C1_PROXIMAL_SECRETORY_PROGENITORS_CELL",123,0.37749964054516005,1.6558361296633608,0.001772304951340846,0.0047964238088332185,"CP;NR4A2;TNFSF10;TLL1;TLR5;SLPI;BHLHE40;AGR3;CFH;PAG1;CYBRD1;ST6GALNAC1;DGKH;HPGD;CRIM1;FOXO1;PLAT;EPB41L4A;SLC44A4;SPINK5;ISL1;SOD3;MAGI2;PAPSS2;GLIS3;RND3;CAPS;TSPAN1;MLPH;CCL2;ELAPOR1;LIPH;ABCA7;ITGA1;STEAP4;SAMHD1;FNBP1;EMP1;ATP2A3;CNTN1;STING1",1.8952100260794684,1.2010373381313062e-4,TRUE,
"HE_LIM_SUN_FETAL_LUNG_C1_GHRL_POS_NEUROENDOCRINE_CELL",115,0.3776210894971364,1.6289551490818672,0.0018038277366340082,0.004863654045442807,"MMRN1;GNG2;STMN2;CHGB;GPRIN3;FFAR4;HEPACAM2;CHGA;MS4A8;PCSK1;CEP126;ANK2;RUNDC3A;LINC00261;RASA4B;RGS17;HLA-B;ISL1;MATN2;IL1RAP;SYP;PAPSS2;RTN1;SSTR2;PNMA2;GPC6;ELAPOR1;NLRP1;SCGN;GHRL;AMPH;KLHL32;ATP2A3;RASA4;MAFB;RUNX1T1;SCG2;CD200;DST;SV2B;STMN3;STX1A;SNCA;INHBA;CPLX2;RAB26;HIVEP3;ARFGEF3;SYT11",1.8788242459102642,7.766664987115468e-5,TRUE,
"GAO_ESOPHAGUS_25W_C1_CILIATED_EPITHELIAL_CELLS",322,0.29951610792467165,1.4730117260221256,0.001912199031915456,0.005136829871713845,"CD38;ITGAL;CP;SYTL3;DHRS9;SCGB2A1;SLC7A2;PLCG2;MS4A8;TXNDC11;PLCB2;LGR4;SPATA17;LZTFL1;WAKMAR2;SYNE1;PIH1D2;TTLL6;IFT80;NPHP1;RRAD;PACRG;CFAP126;DZIP3;PRR29;TMEM67;ZMYND12;STX7;DNAL1;SGMS2;ZNF322;CFAP69;BASP1;SLC44A4;KLF3-AS1;MDH1B;VWA3B;CEP162;TTC21A;CLDN16;DYNC2H1;MORN3;GIHCG;SNX29;AGBL2;APH1B;EFHC1;SPATA6L;RNASE4;SAXO2;CFAP43;RARB;SPAG8;EFHB;RABL2A;PPP1R36;MB;CEP43;USP51;MLPH;ARHGAP18;PRUNE2;TOGARAM2;CFAP44;CHST11;ZBED5-AS1;MORN2;DNAH7;FHAD1;DCDC2;CIMAP1B;AK8;SNX13;GCA;ZNF440;SPEF2;NHLRC4;DNAI4;IFT56;ABCB10;HHLA2;KLHL32;CEP97;ARL13B;BTC;MLF1;WFDC3;SPA17;CCDC148;STMND1",1.1814909756437921,0.15961923156515143,FALSE,
"BUSSLINGER_GASTRIC_D_CELLS",20,0.6180968195939683,1.8631745789625755,0.0019201089645641005,0.005139115169862739,"NR4A1;CHGB;MS4A8;KCTD12;CEP126;DEPP1;ISL1;SCG5;EGR1;TTN;TPPP3;IGFBP5",2.053930556240249,3.309678788138348e-4,TRUE,
"CUI_DEVELOPING_HEART_C4_ENDOTHELIAL_CELL",146,0.3590529106221585,1.6182608806468575,0.0019331004971625764,0.005154934659100203,"ETS1;MMRN1;PALMD;SNRK;ITGA8;THSD7A;HLA-E;TMEM100;NT5E;CAV2;SLC27A3;BMX;ITPR1;EDNRB;ENTPD1;LEPR;CLEC3B;RAPGEF5;MYCT1;EFNB2;CAVIN2;EMCN;MSN;LEPROT;SLCO2A1;STOM;TFPI;ELK3;CALCRL;PECAM1;F2R;TEK;EBF1;ARHGAP29;GNG11;NOSTRIN;CYYR1;LDB2;FKBP1A;PRCP;QSOX1;CD93;C1orf54;F8;PLK2",2.0636519048719775,6.129753826275197e-7,TRUE,
"DESCARTES_MAIN_FETAL_SMOOTH_MUSCLE_CELLS",38,-0.48254536183180624,-1.770281953684644,0.002006620330878649,0.005331458397371008,"NDUFA4L2;TACR2;ACTG2;PLA2G5;KCNMB1;CSPG4;MYH11;NOTCH3;HIGD1B;TAGLN;ACTA2;CARMN;THBS4;TBX2;COX4I2",0.6442090968013393,0.9589672660212079,FALSE,
"GAUTAM_EYE_IRIS_CILIARY_BODY_MELANOCYTES",239,-0.28009620390563855,-1.4649932644407229,0.0021086401592198263,0.0055821455851346674,"PHB1;TLNRD1;MAZ;NINJ1;SPG21;HES6;NDUFS7;CDKN1C;YBX1;ATP5F1B;BCAP31;RAD23A;PSMA7;PPP1R37;ATP5MC3;ARL2;AP5B1;TOLLIP;NUDT3;RACK1;DEAF1;MDH2;HNRNPA0;MTHFS;NELFCD;ATP5F1A;SLC25A33;NDUFA1;ARL6IP4;ARFGAP1;FAHD2A;PGRMC1;SMIM29;MTSS2;SHC4;NDUFS3;SNHG32;HNRNPM;COX8A;TALDO1;UQCRH;SREBF1;COX6A1;BSG;IGBP1;TMEM109;EXOSC4;NDUFS5;CLTA;HNRNPH3;ABHD12B;PTPN1;CHCHD10;RPS4X;MRFAP1;COX5B;PLEKHG3;SMS;QDPR;LAMTOR5;AP2M1;RPS28;FBXO7;ATP6V1E1;MARCKSL1;RGS3;GPAT4;ERP29;DYNLL1;PLEKHB1;CNP;ILKAP;PSMB7;HINT1;MRPL44;ABHD12;COX7C;PPIA;NDUFB9;UBXN1;TMEM51;C12orf76;UNK",-1.504298076073564,0.0014503735339084468,TRUE,
"MANNO_MIDBRAIN_NEUROTYPES_HSERT",322,0.29822981134934545,1.4666857559374913,0.002204132520748259,0.005813798822843234,"CD2;CPNE5;SPOCK2;POU2F2;PRKCB;RIPOR2;ANKRD44;GNG2;MARCHF1;PRKAR2B;VGF;CA1;STMN2;PLXNC1;CHGB;NCOA7;CHGA;NEGR1;ZNF385D;NALF1;GRIN3A;VAT1L;SLC18A2;YPEL2;SCN3B;SCN3A;SEMA3C;CEP126;CD47;SERINC1;ANK2;OPTN;SYTL2;CPEB3;PGM2L1;RASGRP2;FBXL16;BAALC;RGS17;BASP1;ATL1;RETREG1;TMEM121B;ZC2HC1A;KIRREL3;SCG5;CNTN4;SYP;FGF13;NAPB;DOK6;PKIA;KCNK3;FRY;LPIN2;RTN1;GLT8D2;SSTR2;RBMS3;MFSD6;PNMA2;TAC1;ATP6V1A;FKBP1B;PRKACB;STXBP1;NCAM1;ICA1;PLCB1;GFOD1;PCDH9;TSHZ2;APBA1;PTPRM;MYO5A;KLHL32;KIF5C;TPPP;MAPRE2;TARBP1;GCH1;AKR1C2;CNTN1;GATA2;GREM2;SLC24A3;TMOD2;RASA4;RUNDC3B;CSRNP3;MTURN;SCG2;TAFA2;PIGZ",1.6524825644558192,8.254091532521263e-5,TRUE,
"DESCARTES_FETAL_PANCREAS_CCL19_CCL21_POSITIVE_CELLS",39,0.5172266998799063,1.8152968386559283,0.002278504496612671,0.005988271745610197,"CCL19;CXCL13;ADGRF1;VCAM1;PTGDS;ADAMDEC1;TNFSF11;C1S;LGI2;CSF1",2.2101762161933256,1.0497172986461885e-5,TRUE,
"BUSSLINGER_GASTRIC_NECK_CELLS",29,0.5549903731936805,1.8336924828448344,0.002444660880869809,0.006401845759975615,"C16orf89;SLC4A4;NR4A1;GOLM1;FMOD;CREB3L1;DYNC2H1;EGR1;PIGR;PGC",1.8917634854347132,0.0026093646022533,TRUE,
"BUSSLINGER_GASTRIC_ISTHMUS_CELLS",448,-0.24042623821130263,-1.3357981929824025,0.002491865408881152,0.006502071747904942,"PYCR1;GAPDH;PPM1G;CYC1;TUBA1B;YBX1;ALDH2;VCP;BCAP31;RAB3D;FASN;TUBB4B;P4HB;SNRPF;TKT;KHSRP;PLP2;CCND1;GALE;RAN;PSMA7;PKP3;TUBA1C;ENO1;CCT5;LLGL2;SDF2L1;AUP1;RPN2;ARF1;CENPV;UBE2C;PRC1;CDC37;GSTP1;CALR;ACTG1;SPINT2;CYP2S1;ACTN4;NR2F6;LARP1;CHCHD2;GARS1;ARF5;CRELD2;EIF6;PEBP1;CKS2;EBP;MYO10;CD151;ARHGDIA;PHLDA2;H2AZ1;HYOU1;CTNNA1;SEC61A1;TSPAN15;BLVRB;PRDX1;HNRNPM;TIMP1;CCNB1;DNM2;COX8A;TACC3;CTTN;TALDO1;TMED9;LMAN2;FKBP2;EIF2S2;PLEC;USH1C;SDC1;HNRNPAB;RBM3;HDLBP;AP1M2;SYNGR2;CALM3;INF2;EIF3J;PTBP1;GNB2;RPN1;HSPD1;MACROH2A1;TUBB;PTPRF;LASP1;EIF4G1;EFHD2;SPINK1;CYP51A1;PSMD7;TPX2;RPS8;PDIA4;KRT18;MESD;DBI;TESC;HNRNPF;SERF2;PSMD11;ITPR3;LPCAT4;GMDS;FOXQ1;LFNG;MICU1;NIBAN2;PLEK2;DYNLL1;TSPO;H2AJ;KRT8;CFL1;DHCR24;TPM1;TST;MKI67;AKAP1;DDX21;YWHAH;KIF1C;MYH14;TK1;VASP;AKR1C3;SNRPB;NHSL3;HSP90AB1;PPIA;HSPB1;ATP5ME;GADD45A;COX6B1;TTC39A;ITGB4;KDELR1;SCD;ID1",-1.6869026411419008,7.230263737058268e-7,TRUE,
"SU_HO_CONV_CENT_CHONDROSARCOMA_STROMAL_C1_OSSIFICATION_STROMAL_CELL",191,0.3283990152946533,1.5261925060336592,0.002535279253871809,0.006591726060066704,"FOSB;MCL1;UAP1;NR4A1;SSPN;NEDD9;F3;ST3GAL4;EGR2;CD47;DNAJB4;KLF9;PDCD4;CSRNP1;KLF10;SBDS;RGS16;MAF;SERTAD4;H3-3A;TNFRSF18;JMJD1C;IRF1;PRKAR1A;SOD2;TLE4;CD164;CBFB;PPP1CB;PDLIM5;SRSF5;KLF5;SLC38A2;EZR;RIN2;MIR22HG;PPP1R15A;PPP3CA;YWHAZ;MIDEAS;PIM1;ANKRD28;DSEL;GLUL;NFKBIA;IVNS1ABP;CDC42;FAM107B;PTTG1IP;RCAN1;GABARAPL2;NFIL3;MMP13;HIF1A;ABL2;OTUD1;ARF6;TM9SF2;ANKRD35;MAFB;IFNGR1;FKBP5;SCP2;FGFR2;SARAF;FBLN7;SPPL2A;ITPRIP;SLC20A1;NFATC2;CDC42SE1;COQ10B;CHMP1B;ID4;LBH;TMEM98;DSTN;PELI1;CLMP;MMP3;PLA2G2A;HAPLN3;NDUFB1;CMPK1;NAA50;INTS6;ANXA5;TMCO3;UBE2Q2",1.5452802137700916,0.004907012601210046,TRUE,
"LAKE_ADULT_KIDNEY_C6_PROXIMAL_TUBULE_EPITHELIAL_CELLS_FIBRINOGEN_POS_S3",166,0.35117286996560126,1.6072316287228996,0.002552147516398242,0.0066119693663271185,"SPTLC3;PLAAT4;TNFSF10;GBP2;FCHO2;HLA-E;RNF19A;CD59;LPGAT1;ITGB8;CAB39;ATM;ASH1L;PHLDB2;APOL6;STAT1;FNIP2;TFPI;NEAT1;TM9SF3;MAML2;CCNL1;ZBTB38;CNTN4;DOK6;SOD2;H2AC6;FAM135A;PARP14;NRG1;UGCG;PDZK1IP1;PNRC1;ALDH6A1;PRUNE2;ZBTB20;VPS13A;IL1R1;EZR;MAST4;PLSCR1;AHI1;ZNF292;NUFIP2;SKAP2;LRRK2;PLCH1;LAPTM4A;SSBP2;SNX13;EPS8;TMTC2;ARHGAP5;SVIL;SEMA6A;PTPRK;VMP1;TAX1BP1;NT5C2",1.5357156865622348,0.0051191769067644565,TRUE,
"BUSSLINGER_ESOPHAGEAL_EARLY_SUPRABASAL_CELLS",77,-0.3784267403846698,-1.6735571221975194,0.0027104513121065745,0.006997193458204207,"TUBA1B;YBX1;SLC25A5;TKT;RPL4;RAN;ENO1;ATP5MC3;CCT5;FBL;PRC1;HNRNPD;RPLP1;H2AZ1;CCNB1;SLC7A1;HNRNPAB;HSPD1;TUBB;KRT15;HNRNPF;RRM2;MKI67;DDX21;HSP90AB1;EEF1A1;RPL10A;RPL5;RPS6;NCL",-1.9002082344420304,1.4758315045183874e-4,TRUE,
"HU_FETAL_RETINA_RPC",92,-0.34940489478773157,-1.5955703118175808,0.0027809856195831904,0.007134507471292118,"FGF19;TYMS;MCM2;MCM5;CCND1;RAN;CCNB2;C19orf48P;ODC1;UBE2C;IFITM3;CENPM;PIMREG;CKS2;MCM7;H2AZ1;UHRF1;AURKB;ZWINT;NASP;HMGA1;SRSF7;DAPL1;MCM3;TBX2;SNRPB;ALDH1A1;SPP1;ID1;CKB;GINS2;EML1",-1.615861797610973,0.010312623901428128,TRUE,
"CUI_DEVELOPING_HEART_VASCULAR_ENDOTHELIAL_CELL",187,0.3305363534181644,1.5310656276759904,0.002783241925613958,0.007134507471292118,"ADH1B;ABI3BP;FOSB;MMRN1;FGL2;SFRP1;VCAM1;SWAP70;PTGDS;ITSN2;TXNIP;ADAMTS1;BTG2;TSPAN2;MMP28;BHLHE40;TNFAIP3;TRIM22;SKIL;CFH;CRIM1;PDGFD;EFNA5;DEPP1;TENT5A;LIMA1;HEG1;MAP3K8;GLT8D2;PI16;KLF4;PDE4B;CTSK;PPP1R15A;MET;LINC01133;ZFP36;LTBP2;DHH;EFEMP1;ECM2;TOB1;NFKBIA;GASK1B;CARD16;JUNB;IER2;HSPA1B",2.047780369265478,1.0548862016679014e-7,TRUE,
"TRAVAGLINI_LUNG_ALVEOLAR_EPITHELIAL_TYPE_2_CELL",118,0.37908798013332684,1.6502476396757908,0.002833861090119281,0.007238774995111707,"CHI3L2;C16orf89;C3;LPL;CA2;RAB27A;CD83;FMO5;BMP2;C1orf21;CD36;HHIP;EDNRB;HLA-DRB1;CD74;ASRGL1;MSN;ALOX15B;RGS16;SERPINB1;TFPI;SOD2;MSMO1;TTN;MUC1;MLPH;SFTPA2;ZDHHC3;PGC;LRRK2;STEAP4;AKAP13;LAMP3;NFKBIA;SDR16C5;PID1;PARM1;ABCA3;KCNJ15",1.6940644240124032,0.0026496453392050433,TRUE,
"HE_LIM_SUN_FETAL_LUNG_C0_PERICYTE",189,0.3243677315311426,1.5045169261826443,0.002861214932315439,0.007283092554984754,"GPR183;RCSD1;ETS1;ANKRD44;SLC35B3;P2RY14;SNRK;ITGA4;ARHGDIB;SLC7A2;DENND2A;GMFG;KIAA0040;CAV2;MEF2C;HACD4;PAG1;RRAD;KITLG;DGKH;SEMA6D;PKNOX2;PLEKHA2;SYTL2;RAPGEF5;ARHGAP42;RFTN1;DYRK2;PDZD2;CNTN4;KCNK3;INPP4B;EBF1;MCTP2;PDLIM5;ARHGAP29;EPAS1;NAB1;PTEN;PAWR;FHL5;MYOF;PLCB1;EPS8;TPPP3;PLCE1;RPS6KA2;APLNR;ADAMTSL3;HRH2;CCDC102B;CYTOR",1.6961043413256234,3.772401747530792e-4,TRUE,
"TRAVAGLINI_LUNG_SIGNALING_ALVEOLAR_EPITHELIAL_TYPE_2_CELL",57,0.45792202558222694,1.729852960444224,0.0029592389953219445,0.007506362329597127,"C16orf89;ATP8A1;CPM;TXNIP;C1orf21;CD74;PPP2R5A;DLC1;RGS16;RFTN1;FNIP2;CREB3L1;MBIP;MUC1;SFTPA2;PGC;LRRK2;AKAP13;LAMP3;PCDH9;DUOX1;QSOX1;PARM1;ABCA3;KCNJ15",1.6813903460992408,0.007582967856691169,TRUE,
"HE_LIM_SUN_FETAL_LUNG_C7_COL20A1_POS_SCHWANN_CELL",63,0.4254738630794993,1.6380105141762933,0.0030190342782239338,0.007631447758843832,"ITM2A;IFI16;ARHGAP31;DOCK8;SP100;CYP4V2;SMIM5;IL1RAP;KLF4;PDGFA;ITGA1;DYNLT2B;ALDH1A3;DPY19L3;USP53;ANGPT1;PLA2G4A;ITGA2;MAL2;COL28A1;P3H2;NMI;CD44;PLAC9;PDLIM1",1.949447531974024,1.3418327278813657e-4,TRUE,
"DESCARTES_FETAL_LUNG_MESOTHELIAL_CELLS",66,0.42618266639377733,1.6551330051999953,0.0030440677299505,0.007668101409702297,"C3;ITLN1;GEM;CFH;CRIM1;CTSE;WNT2B;KLK1;ADCYAP1;PRSS33;FGF9;LINC01133;PCK1;GLP2R;PLLP;SMTNL2;OLR1;FAM110C;ALDH1A2;EIF4BP6;IL6;C1R;SULF1;PODN;MGP;TNNT1;LINC02381;PLA2G2A;PLAC9;NKX3-1;RND1;BDKRB1",1.850236786812547,6.92215293860987e-4,TRUE,
"DESCARTES_MAIN_FETAL_GOBLET_CELLS",34,0.5267938715956533,1.8020786612516222,0.0030901899682830836,0.007757442403138224,"C16orf89;FAM177B;MUC5AC;ARL14;VSIG1;CAPN9;AGR2;CREB3L1;DUOX2;PRKCI;PGC;LRRC31;B3GNT6",1.7938278516800403,0.005741009972079954,TRUE,
"DESCARTES_FETAL_LIVER_VASCULAR_ENDOTHELIAL_CELLS",104,0.3742145136462912,1.5901784568217718,0.003181732874803348,0.007959799081982258,"CPNE5;DNASE1L3;KLF8;BMP2;JAM2;BMX;TRPM6;CLEC3B;EMCN;OLFM1;ZEB1-AS1;DUSP5;SLCO2A1;LHFPL2;EDN1;ADGRL4;RP1;LRRIQ4;ADM;PRUNE2;NOSTRIN;C2CD4D-AS1;RASSF9;NTN4;LDB2;STAB2;TMEM233;NHSL2;F8;ACSM1;PLK2;KLHL4;PTPRB;VIP;PDE2A;LRRC66;MAN1C1;PLPP3;SMAD9;TMC7;TAMALIN;PCAT19;KDR;ADCY4;EXOC3L1;ECSCR;SLCO5A1;FEZ1;DIPK2B",2.0934994617778346,3.3173012039770582e-6,TRUE,
"AIZARANI_LIVER_C31_KUPFFER_CELLS_5",112,0.37408283783356056,1.6087915494003475,0.0032288393657852535,0.008025240627549092,"POU2F2;EVI2B;AIF1;CYBB;CTSS;RNF144B;MS4A7;ASPG;VSIG1;REL;IL6R;PAG1;CCDC88A;ZEB2;TNFSF14;ROCK1;LRRFIP1;CLEC7A;TENT5A;LILRB1;CYP3A5;BAZ1A;NKTR;STAT3;FCER1G;RGS2;GGPS1;PTK2B;METTL21A;SAMD5;VMP1;TLCD2;ITIH3;ADAP2;MAFB;LST1;MEGF9;ZKSCAN1;C4BPB;DISP2;TNRC6A;TCF7L2;UTP23;FCGR3A;RBM25;C3orf62;VCAN;MARCO;ZC3H13;LUC7L3;WARS1;LILRB2;CALD1;MFSD4B;NAMPT;APOBEC3A;PLIN5;JARID2",1.9226944975128948,4.224437684993305e-5,TRUE,
"TRAVAGLINI_LUNG_LIPOFIBROBLAST_CELL",143,0.3512588779991502,1.5776979494877963,0.0032299388789448955,0.008025240627549092,"RARRES1;NR4A2;MCL1;C3;PLAAT4;NR4A3;UAP1;TIPARP;TFPI2;NCOA7;REL;SGK1;PGAP1;KLF9;ELL2;CD74;FGF7;C1S;TRIB1;C7;PPP1R15B;RSPO3;STAT3;PROS1;RGS2;RND3;KLF4;PNRC1;IL1R1;PLSCR1;SPTSSA;CCDC80;ALDH1A3;PIM1;TSHZ2;MMP19;GPNMB;SEMA6A;NFIL3;MAFF;MEDAG;CXCL12;APOD;PITPNC1;PDPN;ERRFI1;ESYT2;CFI;CYP1B1;SLC20A1;SERPINF1;CDC42SE1",1.9544563023770896,7.2335519148731905e-6,TRUE,
"DESCARTES_FETAL_STOMACH_ENS_GLIA",35,0.5209394916307801,1.7789947736802472,0.003308649840143124,0.008192847223211544,"CHL1;ABCA8;MOXD1;ZNF536;S100B;NKAIN4;EDNRB;KIRREL3;TSPAN11;ADAM23;CCN3",1.641039057495552,0.012822367702169823,TRUE,
"DESCARTES_FETAL_LIVER_MEGAKARYOCYTES",99,0.3790575784498517,1.588321897191019,0.0033270440345417314,0.008210467990326714,"CD40LG;MMRN1;ATP13A4;PRKAR2B;RGS18;CNST;RAB27B;SELP;SIAE;KIAA0513;PDGFA-DT;CD226;FCER1A;RAP1B;SEC14L5;PDE5A;LIMS1;DOK6;RAB3C;ARHGAP18;F13A1;GP1BA;LIPH;CATSPER1;C3orf52;L3MBTL2-AS1;PLEK;VEPH1;SLC24A3;CDC14B;ELOVL7;TRPC6",1.799650441388265,6.265906812878391e-4,TRUE,
"MANNO_MIDBRAIN_NEUROTYPES_HNBM",221,0.3181346536393229,1.5032143518398806,0.003378016124948437,0.008308093712711021,"CD2;POU2F2;RELN;GNG2;PRKAR2B;STMN2;DCLK1;CASD1;CYRIA;MIAT;THSD7A;ADA2;HEPACAM2;GFRA1;STXBP5;ATOSA;TSPAN13;VWA5A;LRRC55;PDE4DIP;CRACD;GRIN3A;SCN3A;SRL;ANK2;RUNDC3A;ATL1;TMEM121B;BHLHE22;SCG5;NEDD4L;NAPB;RAB3C;RND3;SSTR2;EBF1;FGF9;CXADR;EDIL3;BSN;TSPAN11;ZNF33A;MIB1;NCAM1",1.5628103811789547,0.002234005805409763,TRUE,
"DESCARTES_FETAL_STOMACH_VASCULAR_ENDOTHELIAL_CELLS",29,0.5443804372449853,1.7986371724605623,0.0034679898231340578,0.00850066192337237,"CPNE5;MADCAM1;SELE;KITLG;A2M;CLEC3B;EMCN;MEOX1;EPAS1;CYYR1;TMEM233;APLNR",2.17708913728019,4.140608583391947e-5,TRUE,
"BUSSLINGER_GASTRIC_X_CELLS",159,0.3400684271028975,1.5470974200930223,0.0035221318644844952,0.008604402675653398,"MMRN1;ATF3;STMN2;VAMP2;FOS;CHGB;HEPACAM2;AKAP9;MS4A8;BTG2;KCTD12;PCSK1;CEP126;LINC00261;APPL2;HLA-C;FBXL16;LRRFIP1;DEPP1;DUSP1;PBXIP1;SMARCA2;BAZ2B;GK5;GCC2;EGR1;PAPSS2;PRKAR1A;PNRC1;LPP;GPR160;WSB1;PBX1;SCGN;REV3L;HOOK3;JUNB;GHRL;IER2;PHIP;KIF5C;SERPINB6;ARFGAP3;KIF13B;PCLO;VPS13C;IGFBP5;RASA4;CIRBP;MAFB;PDE2A;DST;ZKSCAN1;CACNA1A;SPATS2L;ARRDC4;SOX6;TNRC6A;CPLX2;H3-3B;RAB26;ARFGEF3;CCNI;ASAH1;SORBS2;KCNMA1",1.5559728206670305,0.005724689298884175,TRUE,
"DESCARTES_FETAL_HEART_SMOOTH_MUSCLE_CELLS",32,-0.4943502230828275,-1.7402967157948364,0.003672764852166773,0.008942383987884318,"NDUFA4L2;ACTG2;PLA2G5;OR51E1;MYH11;NOTCH3;HIGD1B;TAGLN;ACTA2;CARMN;LMOD1;THBS4;SEMA5B;FOXS1;COX4I2;ARHGEF17",-0.5761822188893744,0.9893973397918956,FALSE,
"FAN_EMBRYONIC_CTX_MICROGLIA_3",18,0.6111291103612184,1.795768488564988,0.0037679351035895406,0.009143522518043953,"ADAM28;SIGLEC10;GPR34;C1QB;TBXAS1;FOLR2",2.0179446918783333,4.10280486301834e-4,TRUE,
"GAUTAM_EYE_IRIS_CILIARY_BODY_PUTATIVE_STEM_CELLS",281,-0.26043352946263026,-1.3926409244295586,0.00392298731887971,0.009488155375895112,"MARS1;GAPDH;TMEM184B;SLC25A39;NDUFS7;ALDH4A1;MAN2A2;BCAP31;HAGH;NCS1;SLC5A6;SNCAIP;PITPNM2;LGALS3BP;TMEM147;B3GAT3;ANAPC11;LSR;HSPA9;SLC25A6;IRF2BPL;RAB6B;ATN1;PLXNB2;MRPL20;PNPLA6;CCDC107;PDCD7;LARP1;FBXO44;OST4;ACTN1;PEBP1;PTPRD;INPPL1;WNK2;DIO3;CD151;PEMT;CORO1C;DVL3;HYOU1;ROMO1;UBB;SYVN1;APEX1;PRDX3;ATP6V1F;PABPC4;CHPT1;QTRT1;RHBDD2;CD320;CCNL2;ZMYND8;NDUFA8;HDLBP;SYNGR2;SLCO4A1;MYH9;OTX1;P2RY6;DYNC1I1;SPAG7;DLGAP1-AS2;SELENOS;PIK3R3;TIMM10;FCGRT;SERF2;MCAM;DTNA;ERP29;CADM1;DYNLL1;VSTM2L;SLIRP;LAPTM4B;SLC20A2;SYMPK;HADHB;DGCR6L",-1.5214996931426186,5.947765152558384e-4,TRUE,
"DESCARTES_FETAL_CEREBRUM_MEGAKARYOCYTES",334,0.29101676581707653,1.434951954238396,0.004008427991286113,0.009662700588265861,"TESPA1;PKHD1L1;KCNA3;SLAMF6;BANK1;CD96;GRAP2;TENT5C;CMAHP;MMRN1;IL21R;BTN3A2;PRKAR2B;CLEC12A;PSMB8-AS1;RGS18;DAPP1;CD6;CD200R1;CNST;RAB27B;TNFAIP8;ST3GAL4;RORC;RNF141;HACD4;SELP;STX11;SIAE;KIAA0513;PDGFA-DT;KLRD1;LCA5;SH3BGRL2;AHR;TMEM263;H1-2;PRR29;CAVIN2;ADCYAP1;HCP5;C2orf88;ZNF175;CD226;FFAR2;SDE2;CD69;STOM;RAP1B;LIG4;SEC14L5;BBS12;SMIM5;H2AC11;CASC8;H2AC6;DOK2;TNFSF4;STRADB;MCTP2;IQGAP2;H2BC21;F13A1;CMTM6;CALHM6;GP1BA;CEP44;LINC02175;LIPH",1.5340587305921756,0.0014665063368497747,TRUE,
"HE_LIM_SUN_FETAL_LUNG_C0_ADVENTITIAL_FIBROBLAST",66,0.41940674181916326,1.6288178654992473,0.0040595052169431585,0.00975353068625287,"ITM2A;SCARA5;RASSF2;GFRA1;CFH;WNT2B;CLEC3B;TNXB;TENT5A;FMO1;SCG5;PROS1;FLRT2;FZD4;CTSK;LINC01133;MFAP5;KDELR3;EMP1;PID1;ADAMTSL3;RGS10;CHRDL1;C1QTNF3;C1R;SERPINF1;PRRX1;CD34",2.3378878364791085,5.347010737358371e-8,TRUE,
"DESCARTES_FETAL_PLACENTA_AFP_ALB_POSITIVE_CELLS",109,-0.32729746906854085,-1.5360532395018933,0.004149527005856883,0.009919122605884213,"MSI1;ALDH4A1;TDO2;FGFR4;BAAT;MPST;GPER1;DGAT2;TM7SF2;SERPIND1;DHCR7;PEBP1;AK4;PGRMC1;MAT1A;ABCC6;XPNPEP2;ADH6;SERPINA4;ASGR1;ACY1;SLC38A3;F12;ERP27;BDH1;ADH4;GOLT1A;AGXT;SLC39A5;PRAP1;TM4SF4;MST1;PROX1;ESPN;DHCR24;AKR1C3;ATF5;SLC37A4;SLC38A4;SCD;ABCC2",-1.713231218031279,9.543885376536171e-4,TRUE,
"FAN_OVARY_CL6_PUTATIVE_EARLY_ATRETIC_FOLLICLE_THECAL_CELL_2",296,0.29868724437572114,1.457933336280577,0.004155676366476215,0.009919122605884213,"FOSB;SELENOP;ABCA8;ATF3;FOS;NR4A1;SSPN;TXNIP;PDK4;ADAMTS1;PCMTD1;SGK1;BTG2;ST3GAL4;GSTM5;PDGFRA;CFH;PDCD4;CYBRD1;CLK1;ITM2B;KLF10;C1S;LEPROT;DEPP1;DUSP1;C7;TENT5A;SMARCA2;TSC22D3;TMEM59;TMEM50B;MATN2;CCNL1;NUCKS1;PPM1K;RNASE4;HNMT;EGR1;RGS2;BDH2;CFD;SH3BGRL;IFI27L2;SYPL1;IGF1;ADM;KLF4;ALDH9A1;SERPING1;TCEAL3;HSPA6;CTSK;IER3;PPP1R15A;CCDC80;MPHOSPH8;CLDN11;ZFP36;ACTR10;PBX1;SMARCA1;LAPTM4A;GLUL;ARLN;CPQ;NFKBIA;OGN;JUNB;SEPTIN7;ERGIC2;SVIL;IER2;HSPA1B;SERPINB6;FKBP7;QSOX1;LUM;PMP22;RWDD4;NBL1;TCF21;IGFBP5;PALLD;CIRBP;CXCL12;SGCE;SCP2;MBNL2;NDN;AKAP12;VIM;GSN;TPM4;BST2;PLPP3;CCN1;C1R;TTC3;NPC2;SERPINF1;BNIP3L;SLC16A9;CALU;MGP;TCEAL8",1.9713543117490793,1.689938777022575e-8,TRUE,
"DESCARTES_FETAL_PLACENTA_PAEP_MECOM_POSITIVE_CELLS",121,0.3602312321582582,1.5732519005517303,0.004377917585460011,0.010415437915734927,"CP;ADGRF1;MFSD4A;SLPI;RORC;SLC18A2;GEM;GRAMD1C;SHROOM3;LINC01301;TSPAN12;B4GALNT2;PER2;ASRGL1;CX3CL1;AGR2;MKLN1-AS;CATSPERB;CFAP43;CAPS;PIGR;TSPAN1;MUC1;AHI1-DT;SIK2;ELAPOR1;B3GAT1-DT;BDKRB2;DNAH7;DCDC2;OVOL2;CA12;SGPP2;CCDC148;FAM229B;ARHGEF28;RNF180",1.5939750706640508,0.00755451686531106,TRUE,
"DESCARTES_MAIN_FETAL_MESOTHELIAL_CELLS",16,0.6397978975152805,1.8164831345879326,0.0045098400363730575,0.010694343799607773,"MAP3K8;FGF9;PLCB1;FENDRR;GLP2R;CA11;LAMC2;NFATC2;PODN;ALOX15;RND1;BDKRB1",1.6893767747873423,0.021301336121168746,TRUE,
"DESCARTES_MAIN_FETAL_PAEP_MECOM_POSITIVE_CELLS",125,0.3509643289712508,1.5420958868122236,0.0046028923397754655,0.010879563712196555,"NAPSB;SLC35B3;VNN1;RNF144B;SCGB2A1;SLC7A2;IDO1;MAP3K5;SLC44A1;GRAMD1C;LINC01301;B4GALNT2;ASRGL1;LINC-PINT;TC2N;SLC16A6;NR4A1AS;RASEF;CATSPERB;FAM177A1;GLIS3;DYNC2LI1;PDZK1IP1;ARID5B;LINC00472;ZNF284;BDKRB2;GTF2E1;RAPGEF3;MYOF;IKZF5",1.5803012646637746,0.006649628377802024,TRUE,
"DESCARTES_FETAL_SPLEEN_STROMAL_CELLS",22,0.5649548665072346,1.742231326664332,0.004751557060377563,0.011194606925420278,"TMTC1;UNC5C;MAPK10;PKNOX2;EYA1;LSAMP;RARB;GLIS3;RBMS3;DNM3OS",1.943519550594714,0.002234005805409763,TRUE,
"RUBENSTEIN_SKELETAL_MUSCLE_PERICYTES",143,-0.3050567158902645,-1.4947228622675912,0.004804453377109214,0.011282716317856475,"NDUFA4L2;GAPDH;ATP5F1B;COX7B;ALDOA;SLC25A5;PPP1R14A;ATP5MC3;CSNK1E;SLC25A6;IFITM3;NDUFA13;TPI1;CYB5R3;ATP5F1A;NDUFA1;PEBP1;CD151;TINAGL1;VDAC2;TECR;UBB;NDUFB7;PRDX1;NOTCH3;TIMP1;COX8A;HIGD1B;MYL9;BSG;TAGLN;FLNA;EIF3K;ACTA2;CHCHD10;MDH1;GJA4;C12orf57;MYH9;ATP5MC2;EFHD1;COX5B;TPM2;TESC;THBS4;CPE;MCAM;ADISSP",-1.077820413796977,0.3076222980659841,FALSE,
"HE_LIM_SUN_FETAL_LUNG_C4_ILCP_CELL",173,0.3262228820054436,1.4930187404627087,0.005013598531907667,0.0117360119975202,"JAML;LTA;TNFSF13B;CCNG2;NR4A3;CA2;ATP8B4;BCAS1;AFF3;BIRC3;MARCKS;TIAM1;PLCG2;NCOA7;TSPAN13;SPART;TNFSF11;RORC;LZTFL1;CFH;LRRFIP2;AHR;IL23R;SLCO2A1;NFATC1;ELK3;MAP3K7;NRIP1;PECAM1;TNFRSF18;MATN2;FRY;RGS2;GNA15;TTN;GDE1;COL9A2;ELAPOR1;IL1R1;AHI1;S100A13;TOX2;CEP170;SSBP2;REEP3;PRAM1;MDFIC;PCDH9",1.6514500326643828,0.0010581301590234797,TRUE,
"DURANTE_ADULT_OLFACTORY_NEUROEPITHELIUM_RESPIRATORY_CILIATED_CELLS",110,0.3694049121090157,1.5903869467937466,0.0050340228344332655,0.011746053280344287,"DHRS9;SCGB2A1;IQCG;MUC5AC;CD59;AGR3;FANK1;RRAD;CFAP126;CRIP1;DRC12;BASP1;SLC44A4;ELF3;GSTA1;CFAP45;CIMAP3;EFHC1;SAXO2;PLAC8;PPIL6;CAPS;TSPAN1;EZR;CCDC80;DYNLT2B;MORN2;CIMAP1B;TPPP3;SPAG16;MLF1;IFT172;CCDC146;SPA17;TSTD1;FAM229B",0.9925684184796303,0.5362561744007422,FALSE,
"HE_LIM_SUN_FETAL_LUNG_C1_PROXIMAL_SECRETORY_3_CELL",206,0.31215786240348414,1.4649361750678311,0.005106165265663608,0.011876320490105771,"SLC15A2;ATP13A4;ADGRF1;C3;PLAAT4;TNFSF10;CFLAR;DGKA;TLR5;BBOF1;LSP1;MUC4;TNFAIP8;LPAR6;SLPI;LGR4;BHLHE40;AGR3;CFH;ETV3;ST6GALNAC1;ITGB8;OPTN;SYTL2;PGM2L1;SLC44A4;PRKCH;SPINK5;HLA-B;SMIM5;SOD3;PRRG4;EDN1;PLAC8;SMIM31;GLIS3;RND3;KRT7;GNA15;CAPS;CH25H;ARAP2;EPAS1;TSPAN1;KDM7A;SLFN5;LIPH;LINC01133;ALDH1A3;STEAP4;SAMHD1;STXBP6",1.52806333599326,0.003898375382931927,TRUE,
"FAN_OVARY_CL17_PUTATIVE_APOPTOTIC_SMOOTH_MUSCLE_CELL",229,-0.2781029263325491,-1.4520931716081882,0.005459097246810178,0.012656760495789201,"NDUFA4L2;ATG101;ATF4;TUBA1B;YBX1;CNN1;TUBB4B;SLC25A5;EEF2;MTHFD2;RAD23A;SLC25A3;SLC3A2;RAN;RRS1;TUBA1C;CCT5;GLA;HSPA9;CALR;IFITM3;UBE2S;HES4;SERPINH1;TSSC4;PHLDA1;EIF4A3;FKBP4;ACTN1;SFPQ;CD151;PHLDA2;TINAGL1;MYH11;EDNRA;H2AZ1;FAU;TCP1;HSPB8;STIP1;AHSA1;PRDX1;HNRNPM;MYL9;TAGLN;ACTA2;CCT3;HSPD1;GJA4;NOP16;OAZ2;MRPL18;CRYAB;EFHD1;TPM2;CCT6A;SELENOS;CCDC3;MRTO4;PTP4A3;OPA3;TNFRSF12A;HNRNPF;CPE;GNL2;FXYD6;OAT;H2AJ;LDHA;SQSTM1;TPM1;VASN;YBX3;ISG15;IGFBP7;DUSP14;DDX21",-1.2653736367484627,0.05689265500445196,FALSE,
"LAKE_ADULT_KIDNEY_C13_THICK_ASCENDING_LIMB",110,0.3671915714042852,1.5808579230850097,0.005488702720981874,0.012685001844046997,"NR3C2;LGR4;ARHGAP24;FGD4;ANK2;EFNA5;MACROD2;TACC1;OXR1;SULT1C2;MAML2;SLC4A7;KLF12;RNPC3;PDE1A;CPEB4;CLMN;PNISR;SGIP1;BRAF;PBX1;USP53;PLCB1;SSBP2;NCOA2;PDE7B;GMDS-DT;PCDH9;TRIM2;CA12;THRB;CCDC148;TAPT1-AS1;MECOM;FOXP2;ANKRD26;FKBP5;TBCK;PRKN;SOX6;TNRC6A;SKAP1;ATP1B1;DDX17;FBXL17;ENOX1;USP25;IMMP2L;PHACTR1;RNF150",1.379594273012018,0.06603451042778696,FALSE,
"ZHONG_PFC_C3_MICROGLIA",399,-0.2342246346188465,-1.2875100590695991,0.005520191582657989,0.01271740339295891,"NCDN;CARM1;ANKRD16;PPP5C;STK25;SRM;TENM2;PLXNA1;TMEM132A;AKT2;PCBP4;ACOT7;TAB1;NCS1;LPAR2;RNF157;SERPINI1;AMPD2;MT3;STARD10;FADS3;ARID3B;RNF220;CENPV;SAMD4B;PHPT1;NETO2;ATXN2;DDX51;POLR3A;ABCA2;UQCC6;GNAZ;SLC39A3;BOK;SYNGR3;ADGRB2;HMOX2;CACNA1C;GTF2IRD1;CELSR2;WWC1;AGAP3;DMWD;NELL2;LIMS2;VAV2;MFSD10;ACAP3;TCP1;REEP2;C1orf216;ANKRD13B;PPP2R2D;GNAL;NGRN;TXNL4A;IMPDH1;ARHGAP33;PRXL2B;PJA1;COMTD1;MAST1;SYBU;GPSM1;FZD3;PKD1;DLG3;C12orf57;SRCIN1;LGI4;DYNC1I1;FXR2;RFNG;GNG4;HIP1R;PTPRO;WDR59;CSDC2;NUP93;TLE5;MORN4;PTP4A3;MARCKSL1;STUM;NRXN2;ASPSCR1;CACNG8;DBNDD1;LRP6;TARS3;PI4KAP2;RELA;MAPK8IP1;CADM1;SEPTIN3;KIF3C;VSTM2L;GCSH;RBM4B;B4GALNT4;CDH2;CERK;BEX2;LSM14B;RNF40;NT5C3B;KIAA1549L;RAB3A;KIF1A;TACC2;SGSM2;RGS11;SHANK2;SCD5;PPP1R14C;RIMBP2;THRA;JAG2;UCHL1;CTIF;RAB15;KPNB1;MAP1B;DMTN;ARL8A;SSBP3;DCLK2;EEF1A2;ATP6V0E2;TSC2;DAB2IP;NDRG4;DNM1;KIF1B;ZNF324;SDC3;NTRK2;ZFTA;CELF3;TANC2;PRKAA2;CDC42EP4;BMERB1;CYFIP2;C8orf33;NUDCD3;CCBE1;THY1;SHC2",-0.9950163766606264,0.5529197607558728,FALSE,
"RUBENSTEIN_SKELETAL_MUSCLE_PCV_ENDOTHELIAL_CELLS",222,0.31096694180011153,1.4709430422550993,0.005803561059067598,0.013328051895902873,"ITM2A;GIMAP7;IFI16;PALMD;GBP4;GIMAP4;TMEM273;GIMAP1;IL6ST;HLA-DQA1;GIMAP6;HLA-DPA1;CLEC2B;LYST;FLI1;FOXP1;HLA-E;LIFR;NEDD9;GNAQ;JAM2;BHLHE40;CD59;KCTD12;HLA-DRA;CAST;HLA-DMA;CRIM1;HLA-DRB1;CD74;PLAT;LRRFIP1;HLA-DPB1;ELK3;HLA-B;SDCBP;CALCRL;LIMS1;S1PR1;IL3RA;ADGRL4;S100A10;TGFBR2;KLF4;GNG11;NOSTRIN;PLSCR1;CYYR1;CHMP3;LDB2;NFKBIA;TSHZ2;FKBP1A;SMAD1;ACKR1;RPS6KA2;HLA-DQB1;PRCP;CAPZA2;APLNR;CD93",1.5988079558163053,0.001866438914631273,TRUE,
"DESCARTES_FETAL_EYE_SKELETAL_MUSCLE_CELLS",95,-0.3514692353751755,-1.6096538412738373,0.0058278776464860205,0.013341807945414537,"DES;NPM3;FZD10;PACSIN3;HSPB7;KLHL21;TRIB3;NES;SGCA;HSPB6;ACTC1;CORO6;ACTA1;BOK;EME1;LDB3;FLNC;GAL3ST1;MYOM3;GPC4;MYL6B;ENO3;PPP2R3B;TPM2;LAMTOR5;BAK1;STUM;CARNS1;GAMT;TPM1;TNNI1;COX7A1;PEG10",-1.4476940471132635,0.02309164619284376,TRUE,
"ZHENG_CORD_BLOOD_C7_PUTATIVE_LYMPHOID_PRIMED_MULTIPOTENT_PROGENITOR_1",91,0.37450467492663286,1.552994942014057,0.00607648628045989,0.013867341730955485,"MZB1;PIM2;IFI16;GBP4;CYTIP;SELL;TAOK3;GNB4;ARID4A;DEK;LRRFIP1;ANKRD36C;VPS35;SPN;CALCOCO2;MAP3K8;MT-ND6;ZC3HAV1;CSGALNACT2;ANKRD28;KRAS;ZBTB8A;CCDC14;HIF1A;ANKRD36;ANKRD26;MT-ND5;IFNGR1;ZRANB2;TPM4;MIS18BP1;SLK;TTC3;TCF7L2",1.3490070520983006,0.061792946097537785,FALSE,
"GAUTAM_EYE_IRIS_CILIARY_BODY_CYTOTOXIC_T_CELLS",83,0.38767687224823033,1.5769106105843866,0.006443024203447893,0.014657880062843957,"LAX1;PKHD1L1;LINC00996;SEPTIN1;TMEM273;RASSF5;ADA2;APOBEC3G;CD86;MCOLN2;NPAT;S1PR4;DLEU1;THUMPD1;RCOR3;PEA15;TRIM4;CDC40;GCA;MOB4;TLK2;PCED1B;TMEM19;DOP1B;WASHC2A;STK38;DR1;GATA2;COMMD6;SS18L2;DMXL1;STK10;SNX10;TIFA;HIBCH",1.4316113528453436,0.04391379388437818,TRUE,
"BUSSLINGER_GASTRIC_G_CELLS",86,0.37442676314594636,1.5323710606616787,0.007013528364834295,0.015906070559499583,"MARCKS;VAMP2;SCGB2A1;CHGB;PDK4;MS4A8;BTG2;CD36;KCTD12;HIGD1A;PCSK1;ABCA5;TPD52;DEPP1;ISL1;SCG5;KLB;EGR1;SSTR2;PDLIM5;SUCNR1;MAST4;PRKACB;SCGN;ABCB10;SORL1;SAMD5;PCLO",1.639700341115523,0.009835614306391398,TRUE,
"BUSSLINGER_GASTRIC_MATURE_PIT_CELLS",212,0.31154194858325035,1.4641141900808152,0.007084841359804438,0.01601790220477525,"FAM177B;CA2;BCAS1;RAB27A;VSIG2;MARCKS;DDX60;RIOK3;MXD1;ARL14;VSIG1;SLPI;SMIM14;CD59;HIGD1A;CAPN9;PKIB;HPGD;CTSE;NAPEPLD;SYTL2;CRIP1;PLA2G10;EFNB2;COL17A1;BASP1;TENT5A;AKR1B10;PGRMC2;ELF3;AHNAK;CREB3L1;CYP3A5;DSC2;NEAT1;SULT1C2;RASEF;CAPN8;KLF3;PLAC8;DUOX2;LGALS9C;CD164;TSPAN1;MUC1;MLPH;KLF4;ANG;FCGBP;EZR;TSPAN8;YWHAZ;LINC01133",1.287882659728245,0.07542210329394491,FALSE,
"GAUTAM_EYE_CHOROID_SCLERA_FIBROBLASTS",194,0.32056146426747884,1.4942783898027545,0.007166686756092331,0.016152780057074975,"IL6ST;CD302;SSPN;CPED1;MAP3K5;AHCYL2;C1orf21;CHD9;NFKBIZ;VAMP4;BHLHE40;HIGD1A;ABCA5;SKIL;KIAA0040;PGM2L1;MINDY2;ITM2B;IRF2;SLC16A7;ITGAV;TRIB1;DEPP1;BASP1;AASS;APOL6;STAT1;BBX;STOM;SMARCA2;NUCKS1;BCAP29;RNASE4;PJA2;GLT8D2;CALCOCO1;RGL1;ARID5B;DCUN1D1;ZBTB20;IL1R1;PNISR;DAB2;AHI1;SGCB;PTGS2;LPAR1;LAPTM4A;APPL1;GPX8;CDC42BPA;PDE7B;VSTM4;DNAJB9;CA12;AZI2;GLUD1;AKR1C2;DERL2;DSE",1.5800318030128946,0.0034850258783564697,TRUE,
"MANNO_MIDBRAIN_NEUROTYPES_HRN",252,0.2974414798194328,1.4270913818449051,0.007265755256211165,0.016325524155931262,"KCNA3;CD2;SCARA5;POU2F2;KMO;RELN;ANKRD44;GNG2;MARCHF1;PRKAR2B;STMN2;DCLK1;MIAT;THSD7A;ADA2;C1orf21;CHGA;PDE4DIP;GRIN3A;SCN3A;SEMA3C;LPGAT1;ANK2;RSBN1;CPEB3;RAPGEF5;PGM2L1;FBXL16;BAALC;BASP1;ATL1;TMEM121B;FNIP2;OPN3;NLGN4X;TRHDE;NEDD4L;CNTN4;SYP;NAPB;DOK6;RAB3C;RND3;ADARB2;RTN1;ISLR2;CXADR;EDIL3;MIR22HG;STXBP1;NCAM1;ZNF91;ROBO3;ALDH1L2;ZBTB6;PCDH9;MYO5A;KIF5C;MAPRE2;SAMD5;AKR1C2;NMNAT2;GREM2;ACVR2A",1.6439052507662828,2.906410647816971e-4,TRUE,
"GAO_SMALL_INTESTINE_24W_C6_GOBLET_CELLS",40,0.4734271727739213,1.6727631541804695,0.007329137141251839,0.01641118192215642,"ESR1;BCAS1;STXBP5-AS1;HEPACAM2;CLCA1;VAMP4;ST6GALNAC1;KLK1;SYP;REG4;ZBTB24;FCGBP;MT1M;MYO1F;MCM3AP-AS1;GAU1;MSANTD2;GSN;ERN2;C8orf44;TSPYL5",1.7553621012359453,0.005870876807245492,TRUE,
"HE_LIM_SUN_FETAL_LUNG_C4_T_ALPHA_BETA_ENTRY_CELL",62,0.4193058839390927,1.6182454205036068,0.007348963333273342,0.01641118192215642,"MZB1;KCNA3;CD1C;THEMIS;CD1E;CD4;GALNT7;CBFA2T3;EDEM1;DAPK1;RORC;LDLRAD4;GNA15;RANBP6;PELI2;CD8B;TBC1D19;SSBP2;PTPRM;PIKFYVE;PPP1R1C;VOPP1;CD1A;CD2AP;ANKRD36;CYP2U1",1.6346598339147609,0.009672818020274811,TRUE,
"DESCARTES_FETAL_CEREBELLUM_OLIGODENDROCYTES",42,0.4521019416905963,1.6234497060062716,0.007391995195820679,0.016456796643906587,"BCAS1;TMEM100;SLC44A1;B3GNT7;SLPI;NT5E;PDGFRA;CHAD;EYA1;FMO3;PRKG2;MSC-AS1;CLDN11;PID1;HAPLN1;APOD;ERBB3;GDNF",1.6575325057418355,0.010449388851834177,TRUE,
"MENON_FETAL_KIDNEY_4_PODOCYTES",201,0.3110543432967371,1.4517395877860086,0.007610634340977307,0.016891895732413047,"SPOCK2;SELENOP;AIF1;ANKRD12;EVL;THSD7A;TXNIP;CD59;SEC62;CAST;KMT2E;SERINC1;GINM1;CRIM1;MAGI2-AS3;EFNB2;ITM2B;GOLGB1;LRRFIP1;LEPROT;RETREG1;BBX;AHNAK;RNF145;TSC22D3;DSC2;NEAT1;BAZ2B;KTN1;MAGI2;PALS1;TTC14;PRDX6;IQGAP2;ARHGAP29;PRRC2C;TCEAL3;CITED2;MAN1A2;EZR;CALM2;YIPF4;MPHOSPH8;TGFBR3;ARLN;TPPP3;PLCE1;PHIP;GABARAPL2;TAX1BP1;TCF21;PALLD;CIRBP;CD2AP;CXCL12;FNDC3B;MAFB;COL4A4;DST;SARAF;CLIC5;VIM;TCEAL9;BST2;PLA2R1;SPATS2L;ARMH4;SLK;HIPK2;SULF1;PODXL;MTDH;BNIP3L;SEPTIN11;H3-3B;ARHGEF12;DSTN;DDX17;CCN2;TERF2IP;PTBP3;HMGN3;ST3GAL6;PTPN14;LUC7L3;RDX;ANXA5;GOLIM4;ADD3;ADAMTS9;SRGAP1;CALD1;KMT2A;UBE2G2;ITIH5;TSPAN3",1.3998179925624543,0.028761570682211635,TRUE,
"DESCARTES_FETAL_KIDNEY_STROMAL_CELLS",106,0.3562401829982591,1.5203111353498024,0.0077205265363158495,0.017083718293124432,"CCL19;SCARA5;ARHGAP20;ABCA8;LPL;DCLK1;TNFSF11;GREM1;WNT2B;COL14A1;SOD3;RNASE4;IGF1;PI16;ISLR2;LUZP2;LTBP2;CCN3;DSEL;OGN;MFAP5;TPPP3;KDELR3;ADAMTSL3;LUM;MEDAG;CHRDL1;FOXP2;AOX1;APOD;DSC3;C1R;SULF1;SERPINF1;PODN;MGP;PRRX1",2.3753209844672107,1.5335514130825134e-9,TRUE,
"ZHENG_CORD_BLOOD_C8_PUTATIVE_LYMPHOID_PRIMED_MULTIPOTENT_PROGENITOR_2",89,0.37874518023632175,1.5645908012826024,0.007954109345535598,0.017547247283484592,"MZB1;FAM30A;RCSD1;ARHGAP25;IGHM;CD52;ARHGAP30;SELL;CD48;HLA-DRA;CD74;HLA-C;RASGRP2;BAALC;B2M;HSH2D;ITM2C;TSC22D3;HLA-B",1.7552214076122983,0.0014939330371457717,TRUE,
"SU_HO_CONV_CENT_CHONDROSARCOMA_STROMAL_C3_FIBROCARTILAGE_CHONDROCYTE",69,-0.36732629895565894,-1.5748588569296003,0.008186106438343863,0.018004487876478344,"NDUFA4L2;GAPDH;FBXO2;TUBB4B;P4HB;SDF4;RPL4;SPINT2;GPRC5C;P4HA2;NXPH4;ADK;SNORC;MDFI;APLN;EPS8L2;PFKP;CRYAB;COL9A3;P4HA1;FXYD6;RARG;TPD52L1;PDLIM4;ESPN",-1.4686535040173365,0.03955838743382647,TRUE,
"DESCARTES_FETAL_KIDNEY_ERYTHROBLASTS",114,-0.30830478697494723,-1.4556095160704106,0.008273470019850666,0.018141825826660497,"PRDX2;SLC25A39;AEN;ABCB6;FAM83D;SLC6A9;TANGO2;MYT1;OSBP2;HAGH;SPTB;HMBS;CCNE1;ANKRD9;NARF;PPME1;AURKA;UBE2O;SLC2A1;AMMECR1;SLC43A1;BLVRB;DHRS13;SLC6A8;BSG;FHDC1;RNF123;FKBP8;KLC3;QSOX2",-1.4382917713077608,0.0284988253111578,TRUE,
"LAKE_ADULT_KIDNEY_C9_THIN_ASCENDING_LIMB",265,-0.26036831148413186,-1.3806797584476032,0.008301405059000358,0.018148417065922705,"GAPDH;PPIB;GDF15;RPL19;YBX1;ATP5F1B;RPLP0;ALDOA;EEF2;RPS2;SLC25A3;RPL4;RAN;PSMA7;ENO1;ADGRG1;ATP5MC3;GNAS;ARF1;RPS14;RACK1;GSTP1;PGK1;PKM;ACTG1;RPS17;FTH1;IFITM3;TPI1;ATP5F1A;RPS16;RPL3;RPL10;SRP14;EEF1D;DANCR;PEBP1;RPL7A;RPS23;RPLP1;FAU;CTNNA1;UBB;PRDX1;HNRNPM;TIMP1;RPS3;ATP5F1C;UBA52;HSPD1;PDIA3;CRYAB;RPS4X;CCT6A;LAMTOR5;RPS8;KRT18;UGT2B7;SERF2;IFITM2;FTL;COX4I1;LDHA;RPL8;TPM1;SIM2;IGFBP7;RPL23;SDHA;HINT1;COX7C;HSP90AB1;GPX1;RPL6;CIB1;PPIA;RPL18;SAT1;RPS15;SPP1;RPS18;RPS11;EEF1A1;CYB5A;NACA;RPL10A",-1.468059469564419,0.001874198004997041,TRUE,
"DESCARTES_FETAL_THYMUS_THYMOCYTES",19,0.6132573414409386,1.821563829782335,0.00844745804519132,0.01841242352365054,"GVINP1;CD96;THEMIS;UBASH3A;CD40LG;LTA;LZTFL1;LINC00539;LIG4",1.7593346675830164,0.012604004540965821,TRUE,
"CUI_DEVELOPING_HEART_C2_CARDIOMYOCYTE",59,-0.37875800308667157,-1.5744047614447432,0.008612808881842229,0.018716790644719827,"IDH2;DES;SNTA1;HSPB7;TCAP;COX5A;ACTC1;LDB3;SLC25A4;PFKP;HACD1;MYL9;CHCHD10;MDH1;GOT1;POPDC2;CRYAB;ENO3;ALDOC;BNIP3;PTP4A3;TNNI1;MAP3K20;COX7A1;PPP1R14C;MYL3;ATP5MC1;MYZAP;FHL2;FITM1;RBM24",-1.5242128947307365,0.018998760286395595,TRUE,
"HE_LIM_SUN_FETAL_LUNG_C4_CD8_T_CELL",45,0.4737404869481061,1.7305450158104796,0.009281244023757289,0.020109362051474126,"CD79A;CCR7;THEMIS;SIRPG;CHI3L2;SGK1;NT5E;GBP1;S100B;MEOX1;BACH2;PECAM1",2.061907112288307,1.3510284068141384e-4,TRUE,
"DESCARTES_FETAL_EYE_CORNEAL_AND_CONJUNCTIVAL_EPITHELIAL_CELLS",212,0.30742127728172397,1.4447487936946801,0.009672292149591156,0.020894447136208787,"RARRES1;IKZF2;CP;NR4A2;MCL1;CCL28;ADGRF1;PLAAT4;BCAS1;VSIG2;ATF3;TLR5;MUC4;ASPG;F3;SLPI;CDKN2B;AGR3;SCEL;C1orf116;ST6GALNAC1;GBP3;LITAF;SYTL2;CRIP1;AGA;CX3CL1;AGR2;SLC44A4;ELF3;SERPINB1;LINC01484;SMIM5;GALNT4;PLAC8;KRT7;PIGR;TSPAN1;MUC1;IL1R1;LIPH;IER3;IGIP;GGT6;STEAP4;GJB2;NFKBIA;SDR16C5;JUNB;AQP3;IER2;TMC4;GCNT3;POLR2J3;TSTD1;SECTM1;MAFF;CD55;NECTIN4;ANKRD35;VAMP8;MAL2;DSC3;FAM3D",1.510205016362012,0.0077722194224936324,TRUE,
"DESCARTES_FETAL_HEART_ELF3_AGBL2_POSITIVE_CELLS",26,0.5140592472833795,1.6558607787237178,0.010101966206496503,0.021758081060146314,"CP;MS4A8;PIH1D2;AGR2;SLC44A4;ELF3;CLIC6;AGBL2;CIMAP3;SAXO2;CAPS;MUC1",1.2029765774887857,0.2894755213977192,FALSE,
"TRAVAGLINI_LUNG_GOBLET_CELL",136,0.33563499630500426,1.5009274956120204,0.010203895577797379,0.021912790503352483,"SLC15A2;CHL1;CP;IFI16;ADGRF1;C3;PLAAT4;TNFSF10;SLC4A4;UAP1;DHRS9;MUC4;SCNN1B;SLPI;GOLM1;ST6GALNAC1;B4GALT4;LINC00342;AGR2;UGP2;GSTA1;FAM3C;RND3;KRT7;GNA15;PDLIM5;PIGR;KLF4;FAM114A1",1.4237456305645873,0.04639957897868067,TRUE,
"DESCARTES_FETAL_PLACENTA_MEGAKARYOCYTES",166,0.3293122326147443,1.5071808822692225,0.010521349831666133,0.022528066698391015,"PKHD1L1;BANK1;IPCEF1;PRKCB;MMRN1;PRKAR2B;BIN2;RGS18;DAPP1;ANKRD33B;CNST;RAB27B;STXBP5;CBFA2T3;CRACD;SELP;KIAA0513;TAL1;CAVIN2;CD226;RAP1B;LIMS1;RAB3C;H2AC6;BIRC7;TBXAS1;MBOAT2;MOB3C;GP1BA;DAAM1;C1QTNF12;ANGPT1;LMO2;P2RX1;VEPH1;SAV1;ITGA9-AS1;CDC14B;ANK1;RAB37;RFXAP;MCTP1;MAX;ATP2C1;H2BC4;SNCA;EPHA10;F2RL3;NT5C3A;TRIM58;MINDY1;ACRBP;PDCD10",1.5459623628656178,0.004572418866418661,TRUE,
"DESCARTES_FETAL_PLACENTA_SYNCYTIOTROPHOBLASTS_AND_VILLOUS_CYTOTROPHOBLASTS",46,-0.41532267088278707,-1.588242686019441,0.010943481660047227,0.0233632101129454,"KCNG1;MCOLN3;ZNRF3;L1TD1;SMAGP;SLC22A11;GRAMD2A;TTPA;ALDH7A1;NRXN3;HS6ST2;PRSS12;GNA12;MAP7D2;SLC52A3;SLC27A2;TENM3;SLC13A3;FTLP14;SLC6A4;KANK1;TUBA5P",-1.336790100314927,0.11854103343465044,FALSE,
"BUSSLINGER_GASTRIC_IMMATURE_PIT_CELLS",156,0.3200830651112688,1.453478092919404,0.011560282827504063,0.02459123468015769,"CA2;BCAS1;RAB27A;VSIG2;DDX60;RAB27B;VSIG1;SLC44A1;FSIP2;CAPN9;CAST;HPGD;CTSE;SH3BGRL2;SYTL2;CRIP1;PLA2G10;EFNB2;AGR2;TENT5A;AKR1B10;RHOA;AHNAK;CYP3A5;DSC2;SULT1C2;CAPN8;KLF3;PLAC8;LGALS9C;TSPAN1;REG4;MUC1;KLF4;ANG;FCGBP;CALM2;TSPAN8;YWHAZ;RALA;LINC01133",1.1589502232049251,0.25235109717868337,FALSE,
"TRAVAGLINI_LUNG_MYOFIBROBLAST_CELL",61,0.41888173872535706,1.6107172496715327,0.011586254801228142,0.02459123468015769,"CYSLTR1;RARRES1;C16orf89;TYRP1;LXN;PSTPIP1;NEDD9;GEM;CCDC68;CFH;S100A10;LUZP2;TSPAN8;TGFBR3;LTBP2",2.1328638197656766,6.52405787084432e-6,TRUE,
"HE_LIM_SUN_FETAL_LUNG_C3_MID_CAP_CELL",51,0.43277138780842805,1.6135122092744358,0.01178956736420135,0.02495001465447263,"ANKRD44;MADCAM1;CA2;AFF3;RASSF2;RBP5;TIAM1;LEPR;CX3CL1;PLAT;ADGRL2;CLEC1A;DIXDC1;ADM;CCL2;EDIL3",1.7904078985282768,0.003975877845456132,TRUE,
"JONES_OVARY_MACROPHAGE",235,0.2994673891634053,1.4316258759142015,0.012104443389103407,0.025542129818166028,"SELENOP;ABCA8;PALMD;GIMAP4;TNFSF10;GIMAP8;FRZB;ENPP2;FLI1;CD59;KCTD12;HLA-DRA;CAV2;MEF2C;CFH;A2M;CAV1;LEPR;HLA-DRB1;CD74;EMCN;FGF7;C1S;C7;HLA-DPB1;ELK3;HLA-B;UTRN;CALCRL;SOD3;PECAM1;LIMS1;RNASE4;ADGRL4;PALM2AKAP2;TGFBR2;ARHGAP29;EPAS1;ARHGAP18;SERPING1;GNG11;CTSK;CALM2;CCDC80;CLDN11;SRGN;CYYR1;SASH1;GUCY1A1;OGN;PPP1R12A;C1orf115;TSHZ2;NFIB;SVIL;PRKG1;SMAD1;EMP1;APLNR;LMO2;CD93;TCF21;PLK2;IGFBP5;PALLD;CXCL12;ICAM2;SGCE;PTPRB;APOD;FILIP1L;NDN;TCEAL9;PLPP3;PCDH17;LMNA;SERPINF1;MGP;PCAT19;KDR;TMEM98;PKIG;ADCY4;DUSP6;MMP2;DDR2;CCN2;ECSCR;PLAC9;IFI27",2.1221776179080547,3.3301084312562078e-9,TRUE,
"SU_HO_FOETAL_FEMUR_C4_FIBROBLAST",221,0.2983384484025928,1.4096755327159578,0.012398828993702487,0.026087709559004076,"SELENOP;PLAAT4;VCAM1;STK17B;HDAC9;LSP1;ENPP2;FOXP1;TNFSF11;HECA;CAST;FGD6;HACD4;ZEB2;STX7;ARHGAP42;ITGAV;KLF10;DLC1;BASP1;RFTN1;DYNC2H1;SMCO4;CSF1;DYRK2;FAP;KLF12;JMJD1C;GNG12;FLRT2;RGS2;PDLIM5;RBMS3;KLHL24;MEOX2;SERPING1;ARID5B;ABI1;LPP;RABGAP1;TSPAN11;ARL4C;CTSK;IL1R1;RIN2;FRMD6;YWHAZ;SPRED1;DNAJC13;STEAP4;MYOF;ECM2;LAMA4;OGN;TMEM50A;ANGPT1;VMP1;MMP13;RAB31;NET1;SLIT2;CYTOR;PCDH18;FOXP2;MAFB;ANTXR1;RUNX1T1",1.945341263045432,5.397995301996395e-7,TRUE,
"DESCARTES_FETAL_ADRENAL_STROMAL_CELLS",111,0.34461011704770933,1.4801536010591068,0.01313148707060309,0.027549632816711956,"ADH1B;ABI3BP;SCARA5;ABCA6;TRPA1;ZNF385D;HHIP;PDGFRA;FGF7;FMOD;C7;RSPO3;FMO1;FAP;PDE1A;MSC-AS1;MEOX2;OLFML1;PI16;FHL5;CCDC80;CLDN11;LINC01836;GJB2;GLP2R;OGN;KDELR3;ADAMTSL3;LUM;TCF21;CCDC102B;PCDH18;CHRDL1;TMEM119;VIPR2;IL6;CYP1B1;C1R;SULF1;FREM1;PODN;MGP;PRRX1;MYOCD;PRICKLE1;DCN;DMKN",2.5411582989366774,2.9805001165160674e-12,TRUE,
"CUI_DEVELOPING_HEART_CARDIAC_FIBROBLASTS",80,-0.3350405301059592,-1.4841711361568988,0.013249816098133567,0.027718006090348378,"GAPDH;DES;RBPMS2;COX7B;ALDOA;HSPB7;CCND1;TCAP;COX5A;PKM;ACTC1;LDB3;LOXL2;SLC25A4;HACD1;TRIL;MYL9;MDH1;GOT1;ATP5MC2;CRYAB;ENO3;ALDOC;BNIP3",-1.0071862460322918,0.4671887863882967,FALSE,
"DURANTE_ADULT_OLFACTORY_NEUROEPITHELIUM_RESPIRATORY_SECRETORY_CELLS",20,0.5498959502811565,1.657591696251331,0.01396034154601702,0.029120712451290512,"NR4A1;NCOA7;LTF;ZG16B;KRT7;PIGR;IVNS1ABP;VMP1;MAFF;CD55",1.7189845089248998,0.008840891589372457,TRUE,
"DESCARTES_MAIN_FETAL_IGFBP1_DKK1_POSITIVE_CELLS",134,0.330694858389064,1.4731004726621295,0.014209212206661404,0.02955516138985572,"ABI3BP;SCARA5;CHI3L2;PALMD;IL1RL1;CLEC2B;ADAMTS1;GBP1;KIAA0040;B2M;DEPP1;ALOX15B;PBXIP1;CHST2;CILP;F2R;GDF7;CFD;SERPING1;TCEAL3;CITED2;IFI35;UBE2L6;CTSK;SPTSSA;LTBP2;MIR4453HG;PRLR;MMP19;LRRN4CL;TMX3;POLR1F;LUM;CHRDL1;TMEM37;IGSF10;AOX1;APOD;HSD11B1;OSGIN2;MRPS6;PLPP3;PGR;LRRC15",1.8378349789227764,1.6722710576453677e-4,TRUE,
"BUSSLINGER_DUODENAL_TUFT_CELLS",75,0.3697339544040038,1.4813631880602458,0.014365956502193258,0.029796057930474906,"PIK3CG;FYB1;SPIB;IRAG2;PLCG2;CHD9;HPGDS;KCTD12;BMX;CRIP1;PBXIP1;ALOX5;PIK3R5;CLMN;ANO7;TMEM74B;SKAP2;HCK;PHIP;ATP2A3;VIPR1;SNRNP27;PTPN18;GSN;KMT2C;TAMALIN;MT1G;MATK;RASSF6;GABRP;ADGRG6;LUC7L3;MTSS1",1.6565385107618926,0.006254725931359112,TRUE,
"HE_LIM_SUN_FETAL_LUNG_C2_PROMYELOCYTE_LIKE_CELL",39,-0.431110809436763,-1.5965146711742306,0.014445244458028262,0.029875391947285727,"NT5DC2;PHGDH;TYMS;MCM2;UBE2C;CENPM;MCM7;UHRF1;TIMELESS;CLSPN;CDT1;IGFBP2;MKI67;NCAPD2;TK1;GINS2;MLC1;CLEC11A;MCM4",-1.4296769439588937,0.09324137931034483,FALSE,
"TRAVAGLINI_LUNG_PERICYTE_CELL",110,0.34335849207947494,1.4782501422526522,0.01551664630153801,0.03200033571535318,"ANKRD44;LPL;CPM;SLC35B3;P2RY14;ARHGDIB;PRDM1;TXNIP;GMFG;CCDC68;PAG1;SEMA6D;PREX2;B2M;TACC1;RFTN1;ITM2C;STOM;CHST2;PDZD2;F2R;KCNK3;EBF1;CLMN;EZR;SGIP1;ITGA1;EFEMP1;PLCB1;PLCE1;RPS6KA2;ADAMTSL3;CCDC102B;PCDH18;TRPC6;DPYSL2",1.773785746412281,7.351375264926507e-4,TRUE,
"HE_LIM_SUN_FETAL_LUNG_C3_GRIA2_POS_ARTERIAL_ENDO_CELL",109,0.3377714213036291,1.4462104352981593,0.016057840663070116,0.032988043013330685,"TFPI2;RNF144B;NR4A1;ENPP2;THSD7A;PLCG2;TMEM100;TSPAN2;CFH;PREX2;ASRGL1;C7;TM6SF1;MET;CDK19;SRGN;FAT4;DHH;LPCAT2;GFOD1;C1orf115;PLLP;EPS8;GCNT1;APOL4;GCH1;TRAK1;SULT1B1;ADAMTS6;MECOM;PALLD;MCC;CXCL12;SEMA3G;FILIP1L;GJA5;SMAD7;SOX6;TMC7;FUT8",1.7747771141866748,7.511841995040774e-4,TRUE,
"GAO_LARGE_INTESTINE_24W_C10_ENTEROCYTE",51,0.4244134806460641,1.582351218436414,0.016086202293588453,0.032988043013330685,"RARRES1;SPIB;SI;SLC41A2;NBEAL1;MCF2L2;GUCA2A;CYP3A5;GSTA1;PLS1;RNPC3;CEACAM7;AQP8;GPANK1;CLDN23;LYPD8;MOGAT2;MYO1A",1.2402493331977373,0.2067722895309102,FALSE,
"HE_LIM_SUN_FETAL_LUNG_C7_LATE_SCHWANN_CELL",88,0.3552700193478323,1.4592514184550505,0.017152758014346976,0.03507642650124888,"FGL2;PLSCR4;BHLHE40;WIPF1;CYBRD1;RBM43;FRMD3;AHNAK;SMIM5;MATN2;SLC16A4;RNASE4;IQGAP2;SH3D19;CCL2;TSPAN11;ITGA1;TGFBR3;USP53;SAMHD1;PLEKHA4;GPNMB;RGS10;LAMP5;DOCK5;MAL2;SEMA3G;COL28A1;LIMCH1",1.8144378472531129,9.736366510027956e-4,TRUE,
"GAO_LARGE_INTESTINE_ADULT_CG_GOBLET_CELL_SUBTYPE_2",34,0.4750716494870413,1.6251451056426287,0.017423574214016586,0.03553042584819068,"FYB1;SULT1C4;ST8SIA1;KLRD1;C1S;FZD4;MNDA;MCMDC2;IGFBP5;ANTXR1;VIPR2;DSC3;SYCP2;KDR;DCN;MPDZ;GNRHR2;FERMT2;BNC2;PXDC1;PTGIS;LRRN1",1.932171144042572,0.001061815133851796,TRUE,
"DESCARTES_MAIN_FETAL_SYNCYTIOTROPHOBLASTS_AND_VILLOUS_CYTOTROPHOBLASTS",75,-0.3270982249742211,-1.4342152284524787,0.017540786960747255,0.03564144957144748,"LARGE2;SPINDOC;ZNRF3;SLC19A1;HERC2P3;HIC2;DNMT1;SND1;MME;SP6;L1TD1;HOMER1;GGH;CAMK2G;GRAMD2A;TTPA;CCDC32;HS6ST2;NFE2L3;SLC25A43;RPIA;GABRE;GNA12;MAP7D2;TEKT4P2;SLC27A2;ATP6V1C2;TENM3;ITGB4;SLC13A3;KANK1;TUBA5P",-1.339997404978869,0.098131010705861,FALSE,
"VANGURP_PANCREATIC_DELTA_CELL",63,0.3827556325361704,1.4735517380941883,0.017575934610095666,0.03564144957144748,"ABI3BP;FRZB;BHLHE41;FFAR4;NCOA7;MS4A8;PCSK1;PKIB;F5;LEPR;ADGRL2;ISL1;RGS2;AMIGO2;MLPH;CXADR;PAPPA2;EDN3;NLRP1;TPPP3;AQP3;SORL1;VMP1;RBP4;ANK1;AKAP12;VIM",1.7157966374073648,0.0034417753583214673,TRUE,
"DESCARTES_FETAL_ADRENAL_ERYTHROBLASTS",64,0.38673346193891184,1.4952127794402945,0.017765058766507778,0.035924896616715725,"TENT5C;HDC;CA1;ITLN1;XACT;SLC14A1;TPSAB1;ABCC13;ST6GALNAC1;CTSE;GALNT5;DPF3;TPSB2;TRAK2;DYRK3;RSAD2;HBB",1.3976255584652535,0.07261146058682112,FALSE,
"DESCARTES_FETAL_CEREBELLUM_ASTROCYTES",63,0.3813806811670393,1.4682583816872472,0.018406276953228492,0.037031020528372455,"CD38;RASGRP1;ABCA8;VCAM1;SLC4A4;MS4A8;HHIP;NPHP1;PTGFR;TENT5A;ENKUR;DNAH7;GJB2;COL22A1;CA12;FGF10;STMND1;CCDC102B;EGFR",1.6775725084109967,0.006210190824554355,TRUE,
"BUSSLINGER_DUODENAL_STEM_CELLS",308,-0.2378626231732368,-1.279814822892954,0.01841377669130608,0.037031020528372455,"AHCY;GDF15;EPHB2;YBX1;EEF2;RPS2;NONO;TKT;CES1;RPL4;CCND1;TRIM28;RAN;RCC2;ATP5MC3;ZNF503;FBL;RPS14;RACK1;GSTP1;ACTG1;SPINT2;BMP4;CHCHD2;RPS16;RPL3;RPL10;ACTN1;SH3BP4;SFPQ;RPL7A;DKC1;MYO10;RPS23;HNRNPD;MCM7;RPLP1;APEX1;ZFAS1;HNRNPM;ERGIC3;RPS3;REPIN1;RPL41;TRIM24;CCND2;RCN1;HSPD1;ATP5MC2;ASCL2;RPS4X;HMGA1;EIF2S3;SPINK1;CCT6A;EIF3L;RPS28;RPS8;MARCKSL1;FCGRT;CEL;LRPPRC;TCF12;RNF43;YWHAQ;CRLS1;KRT8;RPL8;ONECUT2;SNHG29;RPL22L1;DDX21;RPL18A;RPL23;OLA1;SNRPB;CLDN3;COX7C;HSP90AB1;RPL6;PPIA;RPL18;SLC12A2;RPS15;RPS18;RPS11;EEF1A1;RPL10A;CHDH;RPL5;RPS6;RPS5;RPL13;RPL12;NCL;TXN;RGMB;EIF4B;FAM120A;IRF2BP2;HDAC2;BTF3;RPL31;BANF1;NSA2;HNRNPA1;NOP58;CLU;EIF3H;BEX3;CD9;JUN;SNHG8;HSPE1;EEF1B2;EIF3A;KHDRBS1;PTMA;ANP32B;SOX9",-1.603807058726508,1.2449095692097084e-4,TRUE,
"TRAVAGLINI_LUNG_MACROPHAGE_CELL",200,0.2915865382044185,1.3602967835702524,0.01890163702913063,0.037853202923058084,"LPL;CYBB;HLA-DQA1;CTSS;MS4A7;FABP4;C1QA;HBEGF;CCDC88A;MS4A4A;ITGB8;HLA-DRB1;CD74;RASGEF1B;KYNU;C3AR1;MRC1;IGSF6;C1orf162;PLXDC2;HLA-DRB5;MSR1;SDCBP;SMCO4;LHFPL2;FCER1G;HNMT;S100A10;ACVRL1;C1QB;SOD2;GLDN;KLF4;SERPING1;CD163;MT1M;PLSCR1;DAB2;MOB3B;GLUL;HCK;FLVCR2;CXCL16;MMP19;GPNMB;HLA-DQB1;QSOX1;OLR1;RBP4;RAB31;RAC1;VSIG4;ACER3;RAB10;RNF13;ABL2;OTUD1;APOC1;C15orf48;CLIC4;SNX10;VIM;GSN;HLA-DRB6;SCARB2;SPATS2L;C1QC;IL6;INHBA;NPC2;CCRL2;TCF7L2",1.6887527739022856,4.3933670185052347e-4,TRUE,
"TRAVAGLINI_LUNG_AIRWAY_SMOOTH_MUSCLE_CELL",160,-0.28299993609927704,-1.4079269511429768,0.018959383351162096,0.037853202923058084,"ACTG2;DES;SPEG;CNN1;HSPB7;JPH2;SERPINI1;ITGA7;WDR1;PPP1R14A;RPS14;KCNMB1;HES4;RPS16;GPRC5C;HEY2;ACTN1;LDB3;CD151;TINAGL1;LIMS2;MYH11;RPLP1;NDUFB7;HACD1;MYL9;COX6A1;TAGLN;FLNA;RPL41;ACTA2;CRYAB;CAMK2G;EFHD1;ALDOC;TPM2;LMOD1;WFDC1;KRT18;MCAM;SLIRP;H2AJ;FOXS1;TPM1;AKAP1;IGFBP7;RPS21;SYNPO2;TLN1;RPL23;COX7A1;COX7C;MOB2;RPL18;HSPB1;KANK2;MAP1B;RPL10A;RPL5;PFN1;TGFB1I1;RPS6",-0.8002306982863091,0.9593696223168192,FALSE,
"HE_LIM_SUN_FETAL_LUNG_C0_ASPN_POS_CHONDROCYTE",100,0.34271676482051894,1.4414627516665854,0.018978597619390386,0.037853202923058084,"ITM2A;CHL1;CPM;AIF1;FRZB;FLI1;AR;TSPAN13;TMEM100;JAM2;YPEL2;CFH;S100B;PDGFD;ZEB1;SERTAD4;IQGAP2;COL9A2;CTSK;EFEMP1;LDB2;KDELR3;RBP4;MECOM;HAPLN1;F2RL2;FGFR2;PDPN;CYP1B1;SOX6;INHBA;SERPINF1;PDGFC;CDC42EP3;PRRX1",2.116559178950869,8.3781579451481e-7,TRUE,
"DESCARTES_FETAL_INTESTINE_LYMPHATIC_ENDOTHELIAL_CELLS",23,0.5323375382622249,1.6709967405064443,0.019097297589697818,0.03798588154453555,"MMRN1;PLSCR4;ADRB2;IL7;TFPI;CCL21;STAB2;LETR1;CMKLR2",1.719798167262323,0.022004235353991073,TRUE,
"HE_LIM_SUN_FETAL_LUNG_C2_NON_CLASSICAL_MONOCYTE",16,0.5775745844051229,1.6398217243492625,0.01961340502134691,0.03890615491972902,"CD79B;BIRC3;CLEC12A;GBP2",1.7814595496963184,0.009818459963249848,TRUE,
"HE_LIM_SUN_FETAL_LUNG_C0_VASCULAR_SMC_1_CELL",120,0.3365059783950439,1.466804132252133,0.01980571630108014,0.0391808735521368,"GPR183;RCSD1;RIPOR2;ARHGAP15;ITGA4;ARHGDIB;FRZB;ADGRL3;GEM;KIAA0040;CAV2;MEF2C;RRAD;ENTPD1;SYTL2;CRIP1;RFTN1;CNTN4;FGF13;INPP4B;EBF1;MCTP2;PDLIM5;ARHGAP29;EPAS1;NAB1;LUZP2;PDGFA;LTBP2;NTN4;TPPP3;PLCE1",1.8684677596167838,1.9921123588099524e-4,TRUE,
"HE_LIM_SUN_FETAL_LUNG_C1_INTERM_NEUROENDOCRINE_CELL",217,0.29573670559200727,1.3948714197888885,0.01986201136347318,0.039185756836337335,"ADAM28;POU2F2;BCL2;GNG2;TP53INP1;STMN2;MIAT;CHGB;LYST;GPRIN3;HEPACAM2;CHGA;MS4A8;MOXD1;NEGR1;CBFA2T3;GIPR;SLIT1;SCN3A;PCSK1;ABCA5;ANK2;RUNDC3A;OPTN;LINC00261;RASA4B;TOX;BAALC;RGS17;DEPP1;MATN2;SCG5;SYP;PLAC8;RAB3C;RTN1;SSTR2;SETBP1;PRUNE2;ELAPOR1;GPR160;STXBP1;NCAM1;LRATD2;NLRP1;SCGN;GHRL;AMPH;KLHL32;DOP1B;ATP2A3;GCH1;PCLO;MTMR7;TMOD2;RASA4;SRRM3;RUNX1T1;SCG2;CD200;DST;OTULINL;STMN3;STX1A;CACNA1A",1.716871846103945,1.4815239321930217e-4,TRUE,
"GAO_LARGE_INTESTINE_24W_C7_GOBLET_PROGENITOR",18,0.5542485185626387,1.6286280715384724,0.020475278969217164,0.04028649483672999,"ARL14;ZG16B;GALNT5;PURA;REG4;ELAPOR1;ICA1;CHST5;C16orf87",1.420827997610075,0.11517442280376532,FALSE,
"MANNO_MIDBRAIN_NEUROTYPES_HNBML5",335,0.2686231425662537,1.3266591985744505,0.02103564299943642,0.04116659109870205,"PAX5;CD2;POU2F2;PRKCB;RIPOR2;ATP8A1;ANKRD44;GNG2;PRKAR2B;UNC13A;STMN2;PLXNC1;MIAT;THSD7A;KDM5B;TAOK3;ATOSA;CHGA;ZNF385D;NALF1;CRACD;SCN3B;SCN3A;CEP126;ANK2;OPTN;SYTL2;CPEB3;RAPGEF5;TAL1;PGM2L1;TSPYL4;BASP1;TMEM121B;APOL6;BHLHE22;KIRREL3;SERTAD4;MICU3;ZFPM2;EYA1;NEDD4L;HBB;DOK6;FRY;ADARB2;RTN1;ZNF776;MFSD6;PNMA2;TAC1;FGF9;CPEB4;CXADR;PAPPA2;BSN;PRKACB;LRCH2;STXBP1;NCAM1;ANKIB1;TOX2;DACT1;ZC3H12C;PCDH9;RGS7BP;TSHZ2;AMPH;TMEM192;ABLIM3;TRIM13;ZHX1;KIF5C;NMNAT2;GATA2;ZNF441;ACVR2A;TMOD2;SRRM3;CSRNP3;RUNX1T1;DGKE;PPP2R3A;CPEB2;TAFA2;TCAF1;POU2F1;PDS5B;NOVA1;APBA2;PITPNC1;B3GALT2;GPR137C;PLXNA4;SMAD9;XPR1;F11R;TSPOAP1;NSG1;SLC16A9;PLXNA2;RNF112;EFCAB7;TMEM169;HIVEP3;ARFGEF3;KCNMA1;TRIM36;PHACTR3;TERF2IP;PDP1;KSR2;MMP24;EPHA3;NAP1L3;PDE11A;LPIN1;SCN8A;CMIP;NNAT;KLF7;GNPTAB",1.4362383247873676,0.006807888738638785,TRUE,
"GAO_LARGE_INTESTINE_24W_C2_MKI67POS_PROGENITOR",111,0.33461552161508795,1.4372252722350423,0.021035675671314782,0.04116659109870205,"ARHGEF6;GIMAP7;MMRN1;PALMD;GIMAP4;CASP10;FABP4;GIMAP6;LRRC8C;SHE;JAM2;RHOH;CLEC3B;TAL1;MYCT1;EMCN;SLCO2A1;TFPI;CALCRL;PECAM1;F2R;ACVRL1;HEG1;EBF1;FZD4;ARHGAP29;GNG11",1.8337895454456297,2.933819001650899e-4,TRUE,
"BUSSLINGER_DUODENAL_BCHE_CELLS",38,0.4319999037234302,1.5117626642085658,0.021492230980813518,0.041947303362016734,"NAPSB;SPIB;HEPACAM2;CTSE;MT1H;GUCA2A;PLAC8;BEST4;RBPJ;TSPAN8;FKBP1A;SRI;TMEM219;GSN;CDH17;MT1G;CFTR",1.463503770704145,0.07252440725244072,FALSE,
"HE_LIM_SUN_FETAL_LUNG_C1_LATE_BASAL_CELL",93,0.3417332573250107,1.4225991849436106,0.02203737451280596,0.04289627980032818,"ABI3BP;FRZB;SCNN1B;F3;CPNE8;CFH;KITLG;EGR3;OPTN;FBXO32;COL14A1;STOM;SPINK5;HLA-B;EYA1;GNG12;RARB;RND3;CH25H;NRG1;EPAS1;EVA1C;PTGS2;LPCAT2;CCDC122;GCNT1;EMP1;RGS10;NBL1",1.6280736876611752,0.008030139209576787,TRUE,
"DESCARTES_MAIN_FETAL_CILIATED_EPITHELIAL_CELLS",408,0.2582448368133544,1.2929184132735918,0.02209719726821487,0.0428980256300278,"DERL3;BBOF1;IQCG;LINC02605;AKAP9;MS4A8;EFCAB2;AGR3;SPATA17;AK7;CEP126;TTLL6;FANK1;NPHP1;PACRG;ERICH6-AS1;LCA5;CFAP126;KIAA0825;NEK11;DRC12;DZIP3;PRR29;TMEM67;STAM2;ZMYND12;HIPK3;ZNF396;DNAL1;SGMS2;CFAP69;SLC44A4;MDH1B;VWA3B;TTC21A;CLDN16;DYNC2H1;MORN3;GIHCG;BBS12;LCA5L;RSPH3;HIPK1;CFAP45;CIMAP3;EFHC1;CCP110;SPATA6L;SAXO2;CFAP43;SPAG8;EFHB;CC2D2A;RABL2A;PPP1R36;PPIL6;ENKUR;CAPS;TSPAN1;AHI1-DT;C5orf15;TOGARAM2;CFAP44;JHY;CCDC30;ZNF214;DYNLT2B;MORN2;DNAH7;FHAD1;CCDC191;CIMAP1B;AK8;GET1;SPEF2;NHLRC4;DNAI4;FAM86FP;TPPP3;UGT2B17;ZNF487;IFT56;TOGARAM1;HHLA2;CDNF;EMC3;SPAG16;IFT172;CCDC146;SPA17;VRK3;SRI;STMND1;FAM229B;IFT140;TMEM218;DNAH3;RNF6",0.9117514360501214,0.7711430784271402,FALSE,
"GAO_STOMACH_24W_C1_PROCRPOS_MULTIPOTENT_PROGENITOR",39,-0.41376256969143915,-1.5322696588335691,0.022986534082118877,0.04450584258452804,"MTA1;GPT2;CDC45;PITPNM2;POMT2;TRAF4;UBE2S;MTOR;PWWP2B;NUDT8;H2AX;INTS15",-1.5006308315055905,0.03729178271450484,TRUE,
"DESCARTES_MAIN_FETAL_SATB2_LRRC7_POSITIVE_CELLS",73,-0.33637132627999944,-1.4639682344761609,0.023264457695131486,0.044924470031978046,"SRM;LPAR2;FAM171A2;PANX2;VPS26B;ADGRB2;NXPH3;ARHGAP33;DHPS;FBXL19;TMEM158;PKD1;DOHH;NYAP1;CDK5R1;ATF7-NPFF;LINC00115;PI4KAP2;SEPTIN3;KIF3C;B4GALNT4;MIR600HG;RAB3A;IL11;LMTK3;MCRIP1;ZNF746;ABHD8;CATSPER3;PTPRD-AS1",-1.3683541499251208,0.0817875627995435,FALSE,
"BUSSLINGER_GASTRIC_OXYNTIC_ENTEROCHROMAFFIN_LIKE_CELLS",70,0.3827225264608424,1.5090147695006257,0.024253671372564938,0.04671077449531025,"HDC;VGF;VAMP2;CHGB;HEPACAM2;CHGA;MS4A8;SLC18A2;KCTD12;PCSK1;SEC62;ANK2;GCNT2;LINC00261;DEPP1;SCG5",1.5413283278170573,0.027619557767836717,TRUE,
"DESCARTES_MAIN_FETAL_ENDOCARDIAL_CELLS",74,0.35633681739694034,1.4225100448033081,0.02441515808586114,0.04689771790635069,"CCL26;SLC35A1;TMEM100;NT5E;CLIC2;ACKR4;BMX;GINM1;LEPR;CLEC3B;EMCN;FMOD;ELK4;RHOA;CALCRL;HEG1;FZD4;NAB1;ARMCX2;PRCP;ZBTB8A;F8;NBL1;HAPLN1;F2RL2;HRCT1;SMAD7;AVPR2;PTHLH;ECSCR;INPP1;CDH11;TNFSF12;FZD6",1.8247053063110656,8.962488899808493e-4,TRUE,
"MANNO_MIDBRAIN_NEUROTYPES_HRGL2C",247,0.2830999405047413,1.3591679995704296,0.0246447915598123,0.04721423225142988,"CPNE5;ARHGEF6;ATP13A4;RELN;SLC4A4;RASSF2;KAT2B;DCLK1;TMT1A;TAOK3;LIFR;C1orf21;CSPG5;F3;LAMA1;HRH1;PDE1C;GRAMD1C;CEP126;TMEM255A;PACRG;LITAF;ITGB8;NKAIN4;EDNRB;NEK11;GNG7;PLAT;ARHGAP42;ITGAV;PLEKHH2;QKI;DPF3;LIMA1;GNG12;EGR1;AFF1;ARAP2;WSCD1;SH3D19;ADAMTS3;ALDH9A1;CFAP44;LUZP2;RHOJ;LRATD2;PEA15;SPRED1;DNAH7;SPATA6;RAB13;PDE7B;EGLN3;SHISA3;PLLP;APBA1;GLTP;CA12;SPRY1;ITPKB;SLC1A3;MAP3K1;RAB31;PMP22;ADAMTS6",1.5499800778712909,0.002860706573061084,TRUE,
"HE_LIM_SUN_FETAL_LUNG_C0_LATE_AIRWAY_SMC_CELL",110,0.33324048471779655,1.434689414422299,0.024851697362849305,0.04748565795316088,"NR4A2;C16orf89;IL21R;NR4A3;ATF3;NR4A1;GBP2;TSPAN2;HHIP;GEM;ZNF536;SEMA3C;HPSE2;RRAD;ENTPD1;CRIP1;CSRNP1;FOSL2;FBXO32;ARHGAP42;LDLRAD4;FLRT2;IGF1;CXADR;LUZP2;COL4A6;SCUBE1;TGFBR3;LTBP2;FENDRR;TOB1;PPP1R12B;SVIL;DUSP2;SLMAP;MAFF;NET1;GREM2",1.7907367872997384,5.882828721767819e-4,TRUE,
"DURANTE_ADULT_OLFACTORY_NEUROEPITHELIUM_BOWMANS_GLAND",22,0.5110747668014664,1.5760736330922118,0.02514106997201659,0.04791282444928816,"LTF;SLPI;ZG16B;GSTA1;PI3;PIGR;ELAPOR1;TCN1;XBP1;LCN2",1.4386627393769102,0.09118236472945891,FALSE,
"DESCARTES_FETAL_MUSCLE_SMOOTH_MUSCLE_CELLS",66,-0.34136667724791203,-1.4576460313767692,0.025517094216117437,0.048502466290687975,"NDUFA4L2;ACTG2;RBPMS2;NKD2;OR51E1;CABP1;CACNA1C;OR51E2;MYH11;EDNRA;TAGLN;ACTA2;CARMN;CCDC3;SLC6A1;ADCY5;SEMA5B;B4GALNT1;FOXS1;KIAA1549L;COX4I2;LINC00702",0.8530293158118194,0.770172127866415,FALSE,
"DESCARTES_MAIN_FETAL_MEGAKARYOCYTES",152,0.30478195916007755,1.3803598925344258,0.026008501552909208,0.049307784194057035,"FAM30A;BTK;CPA3;BANK1;PRKAR2B;BIN2;RGS18;FLI1;CNST;RAB27B;TPSAB1;STXBP5;SELP;SIAE;KIAA0513;LRRFIP2;RASGRP2;ZNF175;CD226;TPSB2;FCER1A;RAP1B;SEC14L5;PDE5A;LIMS1;PROS1;INPP4B;GP1BA;P2RY1;CATSPER1;L3MBTL2-AS1;GFOD1;PHKB;ATP2A3;PLEK;CGRRF1;P2RX1;SLC24A3;ELOVL7;GSAP;RAB37;TAOK1;ASAP2;DOK3;MCTP1;MAX;ATP2C1;F2RL3;NT5C3A;ACRBP;SLC2A3;KIF2A",1.5677975426236004,0.006749114477993278,TRUE,
"DESCARTES_FETAL_INTESTINE_CHROMAFFIN_CELLS",52,0.4044304396082952,1.513297440830803,0.026665870059013365,0.05042273611158891,"TPH1;FFAR4;HEPACAM2;PYY;CHGA;MS4A8;GIPR;PCSK1;CEP126;LINC00261;KLB;SSTR2;REG4",1.6013609311592836,0.0195835325723995,,
"SU_HO_CONV_CENT_CHONDROSARCOMA_LEUKOCYTE_C3_SKELETAL_PROGENITOR_LIKE_CELL",276,-0.23909107450380607,-1.2800255022947236,0.02702327800333792,0.05096618234826427,"PYCR1;NDUFA4L2;PRDX2;PSMB5;TMED1;FBXO2;P4HB;CHPF;SOX8;YIPF2;PLP2;YIF1A;CCT5;FBL;RPS14;PHPT1;TIMM50;STC2;SERPINH1;CSPG4;ACTN4;SBSPON;P4HA2;PRSS23;RNPS1;OXA1L;XPOT;MAGED1;PEMT;BCAR1;ACAN;MED10;LOXL2;SNHG32;MTX1;MDFI;CILP2;PRDX4;RCN3;MYL9;COL1A1;ABT1;CD320;SDC1;FN1;HSPG2;EPB41L4A-AS1;RCN1;PODNL1;PHLDA3;FKBP10;C12orf57;CRYAB;TPM2;CRABP2;CPE;RGS3;SRPX;SPON2;RCN2;COL9A3;YWHAQ;TNC;TNN;ZFYVE21;GALNT2;TPM1;VASN;IGFBP7;UXS1;COX7A1;COL6A1;GADD45A;ID1;EEF1A1;ISOC2;MAP1B;SETD9;MATN3;MFGE8;EFEMP2;ANGPTL4;COL2A1;COMP;PTPA;SDR39U1;PERP;COL5A1;CNN3;GJA1;COL3A1;MAGED2;BTF3;TMEM9",-0.8324906471874999,0.9691098636728147,,
"DESCARTES_FETAL_CEREBRUM_ASTROCYTES",83,0.3507172544510284,1.4265740348439768,0.027190754782664216,0.051149533544649996,"CD38;VCAM1;SLC4A4;HHIP;SPATA17;AK7;PIH1D2;FANK1;CFAP126;VWA3B;FAP;CIMAP3;CFAP43;GLIS3;PI16;TOGARAM2;CFAP44;DNAH7;GJB2;COL22A1;EFEMP1;SHISA3;TPPP3;SLC25A48;EGFR;FEZF1-AS1;VIPR2",1.5153814068517069,0.023895470374010484,,
"TRAVAGLINI_LUNG_ALVEOLAR_EPITHELIAL_TYPE_1_CELL",368,0.2584960586472382,1.2884471869768819,0.027710496401527136,0.051992890155442666,"SPOCK2;ABI3BP;KCNN3;ABCA8;CPM;VSIG2;ATF3;CFLAR;CAPN2;CLIP4;SCNN1B;ADRB2;EPB41L3;NEDD9;TSPAN13;B3GNT7;ARL6IP5;TXNDC11;STX12;CLIC2;ST3GAL4;ACKR4;PTPN21;CDKN2B;HBEGF;CD47;CAV2;KLF6;CYBRD1;STX11;SCEL;SEMA6D;CAV1;ITM2B;HLA-C;B2M;FAS;DLC1;SBDS;IL18;DUSP1;PHLDB2;TACC1;OPN3;AHNAK;TMEM59;NEAT1;SDCBP;PDZD2;PROS1;NEDD4L;EDN1;ARPC5;PLAC8;S100A10;IRF1;PAPSS2;HEG1;KRT7;TGFBR2;ARAP2;ARHGAP29;PARP14;ROR1;SLC39A8;DOCK11;RIN2;PPP1R15A;PDGFA;ABCA7;PTGS2;ZFP36;CGN;EFEMP1;LAPTM4A;N4BP1;INSIG2",1.5761066346385102,3.0149616838994115e-4,,
"RUBENSTEIN_SKELETAL_MUSCLE_T_CELLS",180,0.29275897440192,1.3483687461779197,0.029783309320827886,0.05573842978293753,"TRAF3IP3;CD2;PTPRC;FYB1;LTB;CD3G;CD3E;ETS1;IL7R;CD37;GIMAP4;CD3D;CD52;ARHGDIB;SELL;EVL;CD48;ARL6IP5;GMFG;CD7",1.5084695861853952,0.0091174959785631,,
"MANNO_MIDBRAIN_NEUROTYPES_HNBML1",239,0.281809036327562,1.350330044564753,0.030214413555347347,0.056400238636648385,"KCNA3;CD2;POU2F2;RIPOR2;GNG2;PRKAR2B;UNC13A;STMN2;CYRIA;MIAT;THSD7A;GPRIN3;ADA2;NEGR1;LRRC55;NALF1;GRIN3A;SCN3A;PCSK1;ANK2;RUNDC3A;RAPGEF5;PGM2L1;RASGEF1B;OLFM1;BASP1;ATL1;FNIP2;SCG5;ZBTB38;NAPB;DOK6;RAB3C;PDE1A;RTN1;EBF1;TAC1;ISLR2;FGF9;CXADR;EDIL3;ZNF521;PRKACB;NCAM1;SCUBE1;ZBTB6;CCDC122;PCDH9;TRMT13;MYO5A;KLHL32;RPS6KA2;KIF5C;SAMD5;AKR1C2",1.5482375146490472,0.003070671621623106,,
"DESCARTES_FETAL_ADRENAL_VASCULAR_ENDOTHELIAL_CELLS",105,0.3234222470321279,1.3771461638203435,0.03172243155075794,0.05906376002289458,"CP;MADCAM1;DNASE1L3;RBP5;TCIM;BTNL8;SHE;NR5A2;TRPM6;CA4;EFNB2;CX3CL1;FFAR2;SLCO2A1;ELK3;CALCRL;EDN1;ADGRL4;ACVRL1;TEK;ARHGAP29;FCGR2B;LDB2;STAB2;RGS7BP;TMEM233;CMKLR2;APLNR;F8;PTPRB;PDE2A;HRCT1;PLPP3;PODXL;BCL6B;PCAT19;CD34;KDR;CCDC60;ADCY4;CHRM3;NHERF2;EXOC3L1;ECSCR",1.689067114132768,0.002892459401229516,,
"TRAVAGLINI_LUNG_LYMPHATIC_CELL",204,0.2903018975088976,1.3596317247845302,0.0338773228760591,0.06291502819839548,"PKHD1L1;MMRN1;GGTA1;RELN;SFRP1;LSP1;FABP4;RASGRP3;SCNN1B;LY96;B3GNT7;DTX1;SCN3B;CD47;CFH;LYVE1;EFNA5;MRC1;PHLDB2;RGS16;MAF;GAS7;ELK3;SEMA3D;UTRN;ACKR2;NR2F1-AS1;LIMS1;S100A10;PDE1A;GLT8D2;IGF1;SLC38A2;PGAP4;ARID5B;FRMD6;RHOJ;CCDC80;PDGFA;SLC43A3;EFEMP1;CCL21;ABHD17B;LAMA4;COLEC12;STAB2;TSHZ2;LRRN4CL;SMAD1;FAM107B;LAPTM5;RPL39;MEDAG;IGFBP5;CHRDL1;PPFIBP1;KLHL4;SGCE;PDE2A;APOD;CD200;AKAP12",1.9098992822784562,2.7648667641757984e-6,,
"DESCARTES_FETAL_CEREBRUM_OLIGODENDROCYTES",29,0.46041002171573736,1.5211982705003573,0.03402449008496196,0.06302755415229594,"FCRLA;CHRM3-AS2;BCAS1;NT5E;PDGFRA;CHAD",1.7622268270609025,0.008990359813996414,,
"DESCARTES_MAIN_FETAL_EPICARDIAL_FAT_CELLS",27,0.46916333094733853,1.523057818145726,0.03547395389067366,0.06554578282337671,"ITLN1;TRPA1;TNFRSF8;IL18;S100A10;CCNYL1;OLFML1;CCDC80",1.6511601860261191,0.03157571721734978,,
"DESCARTES_FETAL_HEART_EPICARDIAL_FAT_CELLS",60,0.3917492707289644,1.495677824458293,0.03565417203663158,0.06571199301941212,"RARRES1;C3;SLC4A4;IGHG4;ITLN1;SLPI;TNFRSF8;SCEL;WNT2B;PLEKHH2;FMO1;ALKAL2;ABCA12;KRT7;CCNYL1;PDZK1IP1;ADAMTS3",1.5832822668850055,0.019846725757763566,,
"VANGURP_PANCREATIC_GAMMA_CELL",34,0.4445700690577451,1.520804014772318,0.03601431518851675,0.0662081349930308,"SLC4A4;STMN2;SCGB2A1;THSD7A;TXNIP;S100A10;AQP3;PXK;GCNT3;SCG2;AKAP12;INPP5F;ID4;ETV1;CHRM3",1.738910161575048,0.008874804570870039,,
"DURANTE_ADULT_OLFACTORY_NEUROEPITHELIUM_OLFACTORY_ENSHEATHING_GLIA",101,0.3232983737087871,1.3688953563266213,0.038308695218495926,0.07024869047623435,"CHL1;ARHGAP15;SELENOP;ABCA8;LPL;MARCKS;FRZB;PTGDS;CD59;ZEB2;S100B;ITGB8;C2orf88;QKI;GAS7;SOD3;S100A10;EDIL3;MT1M;TSPAN8;NCAM1;PCDH9;SEPTIN7;PLEKHA4;PMP22;TMOD2;APOC1;CLIC4;ERBB3;VIM",1.5017351341349996,0.027700510092006293,,
"BUSSLINGER_DUODENAL_EARLY_IMMATURE_ENTEROCYTES",108,-0.2879429438738221,-1.3488931770932064,0.03848573665952538,0.07039602082445848,"CYC1;ATP5F1B;COX7B;SLC25A5;TKFC;ATP5MC3;PCK2;COX5A;AKR1A1;SUCLG1;FTH1;ATP5F1A;PEBP1;MME;PRDX1;COX8A;RBP2;ATP5F1C;VDAC1;COX6A1;ADA;PNP;CHCHD10;COX5B;RPS8;FTL;COX4I1;OAT;KRT8;RPL8;IDH1;SNHG29;RPL23;AKR1C3;GHITM;COX7C;RPL6;SAT1;ALDH1A1;CYB5A;PTGR1;CALM1;UQCRC2;TXN;HADHA",-1.6292963927512016,0.004567714545329111,,
"DESCARTES_FETAL_MUSCLE_STROMAL_CELLS",64,0.36366203166349914,1.4060125917585473,0.04044043930594087,0.07378606469855878,"ITM2A;SCARA5;ACKR4;PDGFRA;GREM1;TNXB;C1S;CILP;RSPO3;CBLN3;PI16;CTSK;LINC01133;OGN;MFAP5;SHISA3;C1QTNF12;KDELR3;TMEM26;LUM;FAIM2;TMEM119",2.099532287682674,1.5926803486680926e-5,,
"SU_HO_CONV_CENT_CHONDROSARCOMA_STROMAL_C6_ENDOTHELIAL_CELL",192,0.28320747569726623,1.3193714242520063,0.04104298057858447,0.07459508929653029,"GIMAP7;HCLS1;FRMD4B;PALMD;GIMAP4;LXN;GNG2;GIMAP1;CA2;DNASE1L3;SNRK;FABP4;TCIM;RASGRP3;FLI1;TCF4;CYTH1;SLC27A3;ENTPD1;RAPGEF5;MYCT1;EFNB2;CAVIN2;EMCN;PLAT;MSN;PRKCH;ELK3;CALCRL;PECAM1;S1PR1;IL3RA;ADGRL4;ACVRL1;HEG1;CARD8;FZD4;YES1",1.6504924889901187,9.979969841001012e-4,,
"DESCARTES_FETAL_STOMACH_LYMPHATIC_ENDOTHELIAL_CELLS",19,0.5468025120909539,1.624172448908099,0.041088778582292096,0.07459508929653029,"MMRN1;TFPI;NFATC1;PTGS2;RASSF9;CCL21;STAB2;AKR1C2;TMEM140;KLHL4",1.5635920348645338,0.06407990858355617,,
"LAKE_ADULT_KIDNEY_C23_ENDOTHELIAL_CELLS_AVR",125,0.30007845089855145,1.3185093374248473,0.041604754829123326,0.0751569764655131,"DNASE1L3;IL6ST;TLL1;TCIM;TXNIP;HLA-E;TCF4;ZNF385D;CD59;HLA-DRA;HLA-DRB1;CD74;CAVIN2;EMCN;PLAT;B2M;QKI;RHOA;AHNAK;TFPI;HLA-B;UTRN;ZEB1;PECAM1;ADGRL4;TGFBR2;RBMS3;ARHGAP29;EPAS1;PBX1;SASH1;LDB2;UBE2D3;PTPRM;TMTC2;PTTG1IP;JAK1;MEF2A",1.6521897503125997,0.002947515249785377,,
"MURARO_PANCREAS_PANCREATIC_POLYPEPTIDE_CELL",125,0.3006015859492961,1.3208079311661693,0.041604754829123326,0.0751569764655131,"NR4A2;ATP8A1;STMN2;FOS;SCGB2A1;NR4A1;THSD7A;BTG2;YPEL2;ABCA5;FGD4;EGR2;CEP126;STX11;EGR3;PTGFR;TOX;ADGRL2;MAF;ITM2C;ISL1;EGR1;GLT8D2;H2BC21;PRKACB;REV3L;MDFIC;PCDH9;SREK1;AQP3;PXK;METTL21A;SAMD5;PCLO;FOXP2;SCG2;TRMT9B;AKAP12;INPP5F;C1GALT1;CACNA1A;PCDH17;PGR",1.6042693594804975,0.005098272467695081,,
"DESCARTES_MAIN_FETAL_ADRENOCORTICAL_CELLS",51,-0.36478440186740846,-1.4480094879642404,0.042502774720565344,0.07658915840735538,"SCARB1;POR;AQP11;FOXK2;FDXR;SCAP;DHCR7;PPP2R1A;OSGIN1;RHBDD2;ZNF275;CYB5B;HSPD1;USB1;ALAS1",-1.5696850189196934,0.019624615671403087,,
"HE_LIM_SUN_FETAL_LUNG_C0_MYOFIBROBLAST_2_CELL",87,0.34187635455947085,1.4003643717195442,0.0427869791046698,0.07691091552641881,"C16orf89;IL21R;TYRP1;SLC4A4;STK17A;NEDD9;TMEM100;TSPAN2;ZNF536;SEMA3C;PAG1;PLEKHG1;PTGER2;SLCO2A1;ZEB1;SCG5;MCTP2;IGF1;MTARC1;LTBP2;FENDRR",1.6694696257132295,0.003959295529062437,,
"DESCARTES_FETAL_STOMACH_MESOTHELIAL_CELLS",20,0.49620676663131363,1.495752452025237,0.04325259515570934,0.07732980832782552,"C3;TFPI2;WNT2B;RSPO3;FAM110C;AOX1;HHIP-AS1;ALDH1A2;SULF1;TNNT1",1.631766030875623,0.01895707984452445,,
"HU_FETAL_RETINA_PHOTORECEPTOR",40,0.4117078285226497,1.4546898138633326,0.043333333333333335,0.07732980832782552,"GNGT2;PRDM1;VAMP2;FOS;MAK;ANKRD33B;AKAP9;DUSP1;BAZ2B;BTBD8;RP1",1.314693095019031,0.15875604437280744,,
"HE_LIM_SUN_FETAL_LUNG_C6_MUC16_POS_CILIATED_CELL",48,0.3952731646817514,1.4610744772896294,0.04333868378812199,0.07732980832782552,"POU2AF1;KLHL6;CP;MUC4;LGR4;SLIT1;CAPN9;KIAA0513;TXLNB;HBB;KRT7;MB",1.578422514833006,0.029207046459498065,,
"DESCARTES_FETAL_ADRENAL_MEGAKARYOCYTES",71,0.36145909846906565,1.4251581176421932,0.04384084558508038,0.078034561334813,"PKHD1L1;CPA3;MMRN1;RGS18;ANKRD33B;CNST;RAB27B;CBFA2T3;SELP;C1orf116;FCER1A;SERPINB1;SEC14L5;LIMS1;CFAP45",1.6938455322803057,0.008081048135686912,,
"DESCARTES_MAIN_FETAL_DUCTAL_CELLS",50,-0.35928931647796114,-1.413020100045905,0.04436606016272506,0.07877680926454596,"PUF60;GPR3;FBXO21;SUCLG1;HES4;LRRC75B;ZBED3;IFFO2;KLHDC7A;FGFR3;GREP1;NRTN;LZTS3;MNX1;KIF12;CHDH;OGDHL;TMEM141;ANXA9;RASSF7;CLDN9;GMNN",-1.452727077064984,0.05255553986288026,,
"DESCARTES_FETAL_CEREBELLUM_SLC24A4_PEX5L_POSITIVE_CELLS",17,0.5375332871360355,1.5462008841956307,0.044520916064738514,0.0788594328348653,"GRIN3A;HNF4G;LGI2;SCUBE1;CLC;TLL2;SAMD5;PTPRK",1.48331228222237,0.0823736232196032,,
"DESCARTES_MAIN_FETAL_PDE1C_ACSM3_POSITIVE_CELLS",252,-0.2343199987526958,-1.2404186795374397,0.04539660746673696,0.0802153646499624,"GNB1L;CDAN1;MAN2C1;JMJD8;DHX37;CNNM3;ALKBH2;TRMT2A;LIN37;PEDS1;CEMIP;BRD9;BRF1;MORC2;AP5B1;GCDH;SART3;MFSD3;EXOSC3;CCNJ;ADAMTSL2;VPS51;RBM10;BRICD5;MIEN1;GMEB2;GSPT2;ZNF503-AS2;SPATA2L;COMMD5;SMUG1;ZNF205;BRME1;TAF8;ST14;RFXANK;NMB;SNTB1;INPP5J;EXOSC4;TMEM150B;PIP4P1;GRIPAP1;HMGN1P38;SP2;PTPN23;CCDC97;TRAPPC2;SRA1;ELMO2;ARMC7;STUM;RAB43;CRYBB2P1;WARS2;CTPS2;CSKMT;MAPKAPK5;SIRT3;FAM53A;SLC25A25;SLIRP;ECD;HAUS8;TNN;AMACR;RPL22L1;L3MBTL3;TNPO3",-1.2047610508413806,0.08688572494931722,,
"HE_LIM_SUN_FETAL_LUNG_C5_LATE_PRO_B_CELL",23,0.46636279505557743,1.4639033590891968,0.04607508532423208,0.08121709955457858,"CD27;GBP4;LINC00426;ELK3;PECAM1;GNG11",1.751905635375016,0.016044424260481863,,
"FAN_OVARY_CL1_GPRC5A_TNFRS12A_HIGH_SELECTABLE_FOLLICLE_STROMAL_CELL",379,-0.21799531167939715,-1.1896924681731353,0.04670649839829222,0.08213123389844622,"SLC1A5;ATG101;TOMM40;ATF4;YBX1;RPLP0;PSMC4;TUBB4B;SARS1;WDR74;EEF2;MTHFD2;IARS1;RPL4;WDR1;SLC3A2;C1QBP;RAN;RRS1;STRAP;TUBA1C;ENO1;EIF3I;CCT5;FBL;GLA;CCT2;EWSR1;HSPA9;KPNA2;SF1;SNU13;RACK1;LRRC59;ACTG1;HNRNPA0;TUBB6;NME1;PHLDA1;PA2G4;RPL10;EIF4A3;FKBP4;RNPS1;SFPQ;RPL7A;DKC1;H2AZ1;TCP1;UBB;STIP1;AHSA1;GRPEL1;SNHG32;PRDX1;HNRNPM;TIMP1;H2AX;ZNF207;COL1A1;HNRNPAB;NASP;RPL7L1;CCT4;HNRNPH3;EIF3J;CCT3;HSPD1;NOP16;TSPAN5;MRFAP1;CCT6A;GTPBP4;SAFB;MRTO4;TNFRSF12A;MORF4L2;HNRNPF;NOLC1;CPE;RNF10;OAT;DIRAS3;LDHA;RPL8;SQSTM1;SAFB2;COL6A2;YBX3;DUSP14;DDX21;NXT1;SNRPB;PEG10;GCLM;HSP90AB1;COL6A1;RPL18;PLTP;GADD45A;XRCC6;FUNDC2;EEF1A1;TNFRSF1A;NACA;MAP1B;RPL10A;MGAT1;CTSF;RPL5;NIFK;TRIR",-1.3723158020691202,0.0037267779962921977,,
"SU_HO_FOETAL_FEMUR_C2_HYPERTROPHIC_CHONDROCYTE",339,-0.22213107488078543,-1.2045003880440623,0.04833002050476594,0.0846286701208981,"SLC7A5;SLC1A5;UFD1;CEBPB;CDKN1C;P4HB;HAGH;SOX8;MTHFD2;SERPINI1;SLC25A1;WDR1;CCND1;PCBP1;ORMDL2;YIF1A;KLHL21;STRAP;VLDLR;COLGALT1;GNAS;PCSK6;RELT;AKT1;RPS17;RCOR2;PLOD3;PIEZO1;STC2;MEA1;RNF126;CCDC107;CHCHD2;DHCR7;SRP14;TTLL7;SLC2A1;BOLA3;ELOVL1;ADK;TMED3;MTSS2;ROMO1;MFSD10;PIM3;SSR4;SH3BP2;SNORC;LOXL2;NDUFB7;SLC25A4;TMEM101;CXXC5;TALDO1;SLC6A8;VDAC1;COX6A1;PSMB3;GPSM1;RCN1;FGFR3;NYAP1;FURIN;PHLDA3;SLC38A3;CRYAB;ACAT2;EFHD1;TPM2;BNIP3;ARSI;RER1;TFRC;TAF10;DBI;WNT11;TNFRSF12A;PHOSPHO1;ACLY;DACT3;RABGGTB;SPON2;NIBAN2;SLIRP;YWHAQ;PDCD5;LDHA;PDLIM4;ZFYVE21;SH3BGRL3;DNAJA4",-1.2284545484771976,0.053097213267518324,,
"DESCARTES_FETAL_HEART_STROMAL_CELLS",26,0.4590517626024289,1.4786735441767618,0.04835924006908463,0.0846286701208981,"SCARA5;ABCA10;ABCA9;PDGFRA;CCL11;CILP;CCN3;MFAP5;C1QTNF12;LUM;TCF21",1.960154178463211,0.0013344825347095038,,
"LAKE_ADULT_KIDNEY_C5_PROXIMAL_TUBULE_EPITHELIAL_CELLS_STRESS_INFLAM",350,0.24969306770298455,1.237451389257468,0.04967320261437908,0.08671964389272895,"PPP1R16B;CAMK4;FRMD4B;BCL2;PDE4D;SLC4A4;GNGT2;FOS;TMT1A;PLCG2;MAP3K13;WIPF1;CYTH1;FGD4;ATXN7L1;LMCD1-AS1;ARID4A;ZC3H6;GCNT2;GALM;CUBN;OPTN;RASGEF1B;GOLGB1;TPD52;ARHGAP42;TENT5A;TCEA3;MACROD2;FRMD3;CYP3A5;PPP1R21;PPP2R5E;BBS9;SNX29;PDZD2;RNF152;LSAMP;CNTN4;PGCKA1;MIR100HG;PRKAG2;DOK6;EGR1;SCAF8;CCDC149;FAM227B;NRG1;MYO6;PRRC2C;AHI1-DT;ALDH6A1;GON4L;PRUNE2;PAPPA2;RIN2;PNISR;MET;PCK1;ZMAT1;RAPGEF3;ZNF91;CCDC191;AKAP13;XPC;NFKBIA;GMDS-DT;RHOBTB1;PRLR;SPEF2;SREK1;NCOR1;DLG2;SUCLG2-DT;SAMD5;DZIP1;TAPT1-AS1;CNTN1;KCNJ15;CDR2;OGA;NT5C2;RNF115;TLN2;INSR;ANK1;FKBP5;SLC26A3;SRPK2;LIN52;MAL2;OSBPL1A;CMBL;CYP2R1;MCTP1;TMEM232",1.225744951723976,0.08550234496160243,,
"BUSSLINGER_DUODENAL_LATE_IMMATURE_ENTEROCYTES",158,0.2876254539561105,1.3065492338974227,0.05021520803443329,0.08745615179202736,"SI;CA2;VNN1;SLC4A4;BTNL8;PDK4;MS4A8;LIPA;ABCA5;HLA-DRA;CYBRD1;GALM;ABCG2;HNF4G;HLA-DRB1;CD74;ITM2B;BTNL3;MAF;AKR1B10;PGRMC2;CYP3A5;SLC4A7;XDH;GNG12;PLS1;FAM3C;BDH2;PBLD;IQGAP2;ANXA13;PIGR;HSD17B11;CYP3A4;PCK1;MUC13;REEP3;UGT2B17;TM4SF20;TDP2;NCOA4;FABP2;GDA;MGAM",1.0537146546301446,0.4132884777123634,,
"BUSSLINGER_DUODENAL_EC_CELLS",24,0.45459280558792425,1.4380079991384014,0.05102040816326531,0.08864643709512446,"CHGB;CHGA;MS4A8;KCTD12;PCSK1;RAB3C;RGS2;REG4;SCGN;SCT;SCG2",1.5273541454641288,0.059052605177590194,,
"DESCARTES_FETAL_LUNG_STROMAL_CELLS",30,0.455354989447473,1.5169462502570674,0.051699065877020105,0.08961171418683485,"ITGA8;ABCA6;ZNF385D;PDGFRA;HPSE2;FGF7;CYP27C1;BMP5;FAP;TRHDE",1.743998698371297,0.009425509779307444,,
"CUI_DEVELOPING_HEART_C3_FIBROBLAST_LIKE_CELL",113,0.3024691058784483,1.3012128540738714,0.051829268292682924,0.08962400787903366,"ITM2A;ABCA8;FRZB;MOXD1;PDGFRA;SPON1;KCTD12;CYBRD1;C7;COL14A1;MATN2;FLRT2;GLT8D2;OLFML1;GPC6;SERPING1;CPQ;LAMA4;OGN;SPRY1;FKBP7;ADAMTSL3;LUM;TCF21;CCDC102B;PCDH18;CXCL12;SGCE;FILIP1L;AKAP12;PTN;C1R;SERPINF1;SEPTIN11;MGP;MMP2;DCN;CCN2;PLAC9;TIMP2",2.246396541517781,1.5417079247906755e-8,,
"DESCARTES_FETAL_HEART_MEGAKARYOCYTES",73,0.33675389215477836,1.3420749163825008,0.05203252032520325,0.08976226255153547,"CPA3;CA2;RGS18;CXCR2P1;CNST;RAB27B;TPSAB1;VWA5A;TAL1;ADCYAP1;TPSB2;H2AC6;TNFSF4;GP1BA;LIPH",1.4999324597573815,0.036394004535789524,,
"LAKE_ADULT_KIDNEY_C19_COLLECTING_DUCT_INTERCALATED_CELLS_TYPE_A_MEDULLA",314,-0.22727215715547325,-1.2284653018800866,0.052672031592643644,0.09065068321381696,"GAPDH;IDH2;SLC25A39;RPL19;ATP5F1B;RPLP0;SPTBN2;ALDOA;SLC25A5;EEF2;RPS2;AKR1C1;SLC25A3;RPL4;PCBP1;PSMA7;ENO1;ADGRG1;ATP5MC3;HSPA9;GNAS;COX5A;ARF1;RPS14;RACK1;GSTP1;PGK1;PKM;ACTG1;RPS17;FTH1;TPI1;ATP5F1A;CHCHD2;RPS16;RPL3;RPL10;SRP14;PEBP1;RPL7A;RPS23;RPLP1;FAU;UBB;CIAO2B;PRDX1;GRB14;RPS3;ATP5F1C;SNTB1;RPL41;EIF3K;CHCHD10;MDH1;NRDC;HSPD1;PDIA3;CRYAB;ATP6V0B;RPS4X;UQCRFS1;COX5B;CCT6A;LAMTOR5;RPS28;ERP27;RPS8;KRT18;SERF2;FTL;COX4I1;LDHA;RPL8;HSPA4;HADHB;SNHG29;IGFBP7;CALCA;RPL23;HINT1;GHITM;COX7C;HSP90AB1;GPX1;RPL6;CIB1;PPIA;RPL18;HSPB1;SAT1;ALDH1A1;RPS15;RPS18;RPS11;DMRT2;EEF1A1;CYB5A;ACAT1;NACA;RPL10A;PTGR1;DHRS7;RPL5;RPS6;CALM1;RPS5;RPL13",-1.4146824200610995,0.0031304233060347256,,
"HE_LIM_SUN_FETAL_LUNG_C7_MID_SCHWANN_CELL",240,0.26569306580585794,1.273527080972565,0.05285118219749652,0.0907444826409846,"ITM2A;ARHGAP15;FGL2;RELN;ABCA8;FRMD4B;LPL;PLSCR4;TFPI2;ENPP2;TCIM;SSPN;PDK4;LIPA;BHLHE40;CD59;HBEGF;NXPE3;EGR3;ITGB8;IFIT2;PLXDC2;TENT5A;MAF;COL14A1;AHNAK;HLA-B;UTRN;SMIM5;NR2F1-AS1;MATN2;GNG12;IFIT3;IQGAP2;SH3D19;CCL2;GNG11;FAM114A1;TSPAN11;CLMN;RHOJ;TGFBR3;LPAR1;ANKRD28;DHH;LPCAT2;SRGAP2C;SAMHD1;CXCL16;GASK1B;PLLP;PLEKHA4;WWP1;LETR1;TLL2;KDELR3;ITGA2;PPP1R1C;RGS10;LAMP5;RAB31;SLIT2;LIPT1;FNDC3B;ENDOD1;GPR137B;HBA2;SEMA3G;COL28A1",1.6125812341815582,8.045824942145631e-4,,
"DESCARTES_FETAL_STOMACH_PDE1C_ACSM3_POSITIVE_CELLS",16,0.5205400389516448,1.4778920113766478,0.05338078291814947,0.09125301973654222,"PDE1C;ATP6V0D2;ADARB2;ATP6V1A;RHOBTB1;MFSD6L;NOX4",1.7337057024028333,0.01614772310793116,,
"DURANTE_ADULT_OLFACTORY_NEUROEPITHELIUM_OLFACTORY_MICROVILLAR_CELLS",42,0.3982826132327756,1.4301902551939607,0.05339805825242718,0.09125301973654222,"IRAG2;SLC14A1;HEPACAM2;SCNN1B;SEMA3C;GOLM1;BMX;TPD52;PBXIP1;KRT7;IGF1;ATP6V1A",1.2917180823591488,0.17161716171617164,,
"DESCARTES_MAIN_FETAL_TROPHOBLAST_GIANT_CELLS",98,0.30849556387317056,1.292122718822383,0.05362776025236593,0.09143093551223043,"IGHA1;SPTLC3;PLCL2;CLIP4;ST3GAL4;PTPN21;SVEP1;RYBP;CRIM1;KYNU;DDX59;PHLDB2;TENT5A;C16orf74;PPP1R15B;TRIM40;BET1;SLC16A4;AFF1;GLDN;LNPEP;ADM;MAN1A2;MYLIP;DAB2;FNDC3A",1.3163661865014105,0.07392474869266878,,
"DESCARTES_FETAL_PANCREAS_ERYTHROBLASTS",83,-0.29259067095697966,-1.301258978162542,0.05542327158069735,0.09427135913726091,"STEAP3;PRDX2;SLC25A39;ABCB6;TANGO2;OSBP2;SPTB;HMBS;CCNE1;ANKRD9;UBE2O;PKLR;SLC2A1;BLVRB;UROD;C9orf40;TFRC;PHOSPHO1;RRM2;PLEK2;NFE2;STAM;ESPN;ALAD;CDC25A;GLRX5;SLC38A5",-1.3713522023603975,0.04680402494496232,,
"TRAVAGLINI_LUNG_NEUTROPHIL_CELL",350,0.24792009053373698,1.2286647093492498,0.05620915032679739,0.0953852247969895,"C16orf54;POU2F2;HCLS1;MCL1;CR1;JAML;ANKRD44;TLR6;SLA;CTSS;RGS18;MARCKS;SELL;VAMP2;FOS;PLXNC1;SAMSN1;P2RY13;MXD1;ARHGAP9;SMCHD1;WAS;BTG2;NCF1B;TNFAIP3;CYTH1;FGD4;NCF1C;NCF1;ENTPD1;EMB;IL18RAP;CA4;CLEC7A;TRIB1;FFAR2;DUSP1;BASP1;ASPH;RNF145;HLA-B;NEAT1;H3-3A;IL1RAP;SOD2;NCF4;RGS2;TMA7;ADM;LCP2;DOCK11;CLEC4E;ELAPOR1;MNDA;PPP3CA;NFAM1;SRGN;PTGS2;SIRPB1;LRRK2;STEAP4;TMEM154;MYO1F;ARLN;GCA;JTB;IFRD1;JUNB;TMCC3;LRG1;MARCHF6;SEC14L1;PFKFB2;FAM107B;SORL1;PADI2;H3P6;STK38;TSTD1;IL1R2;TLR4",1.3062238684721026,0.027700510092006293,,
"DESCARTES_FETAL_INTESTINE_MESOTHELIAL_CELLS",48,0.3740454621217858,1.3826091090503436,0.05778491171749599,0.09783119937287693,"C3;PTGDS;SLPI;TNFRSF8;TMEM255A;CFH;SCEL;WNT2B;SEMA3D;TRIM6",1.647674155348618,0.018704971204521605,,
"DESCARTES_FETAL_SPLEEN_VASCULAR_ENDOTHELIAL_CELLS",38,0.4090282712818009,1.431374553095906,0.05843071786310518,0.09869504084533776,"THSD7A;TRPM6;RAPGEF5;CALCRL;FAP;ADGRL4;NOSTRIN;CYYR1;STAB2;RGS7BP;TMEM233;MECOM;LINC01594;MAGI1;KLHL4;DGKE;PTPRB;GCOM1;CHRM3;ERG;MYRIP;FGF12;BBOX1-AS1;LRIG3;ADAMTSL1",1.6555258895361489,0.02212983802410779,,
"AIZARANI_LIVER_C30_HEPATOCYTES_4",377,0.24398382905672028,1.2155642157710282,0.06005221932114883,0.10119911033749154,"NUGGC;CP;RAB27A;GPR82;STXBP5-AS1;ATF3;RIOK3;SLC7A2;ASPG;ABCA6;AR;FMO5;VSIG1;NEDD9;IL6R;PDE4DIP;TMEM106A;ABCA5;CFH;KLF6;DGKH;F5;A2M;ELL2;LEPR;WNT2B;PLEKHA2;ZNF641;FOXO1;TNFSF14;ZNF154;MKLN1-AS;TENT5A;AASS;CYP3A5;RSPH3;FBXO48;SGMS1-AS1;STAT3;IL1RAP;DIS3;RPS6KA5;GABPB2;FMO3;LYRM7;NBPF11;GGPS1;CPEB4;ZBTB25;SIK2;CYP3A4;CLMN;BCO2;MAST4;PNISR;YIPF4;AHI1;CCDC30;NNT-AS1;PCK1;HEATR5A;LRCH3;STEAP4;GSDMB;NBPF12;RBBP5;ZNF397;COMMD2;ZYG11B;COLEC12;PTAFR;PPP1R12B;MFAP5;SLC23A2;TUT7;TSHZ2;VSTM4;TMEM192;IYD;ABLIM3;SLC28A2;NAA16;METTL21A;PIK3C3;SEC23A;SORL1;POLR2J3;QSOX1;DSG2;TLCD2;ACER3;RNF115;ITIH3;ITGA9-AS1;SNORD3A;NOS1AP;MIGA1;SNAP29;GTPBP10;FKBP5;TRMT9B;ARMC9;DST;SH3PXD2A;SERAC1;ZNF101;ERBB3;MEGF9;ZKSCAN1",0.9796384260540948,0.5739989513480698,,
"SU_HO_CONV_CENT_CHONDROSARCOMA_C0_CHON1",158,0.28097820733651185,1.2763538709387288,0.06312769010043041,0.10613616257070056,"CHI3L2;FOSB;TIPARP;FRZB;NR4A1;SLC14A1;TSPAN13;ZNF385D;SMIM14;BTG2;BHLHE40;GEM;EGR2;SEC62;SKIL;DNAJB4;CFH;PDCD4;ELL2;OSMR;CSRNP1;KLF10;TRIB1;LEPROT;PLXDC2;CCNL1;IRF1;GPC6;ZBTB20;C5orf15;PPP3CA;ZFP36;S100A13;NLRP1;EFEMP1;GET1;PID1;GABARAPL2;RBP4;SLC25A36;RNF13;HIF1A;INSR;MT-ND5;SEC22B;APOD;SARAF;NDN;NOVA1;PDPN;HRCT1",1.464850309971761,0.017796290834537147,,
"ZHENG_CORD_BLOOD_C2_PUTATIVE_BASOPHIL_EOSINOPHIL_MAST_CELL_PROGENITOR",92,0.31407369323862744,1.3034128560316067,0.06339144215530904,0.10633403200245387,"GRAP2;MS4A2;POU2F2;FOSB;IKZF2;PIM2;HDC;TPSAB1;NEDD9;HPGDS;CSF2RB;CCDC88A;ASRGL1;TENT5A;STAT5A;FBXO33;CASP3;GDE1;SPTY2D1;PPP1R15A",1.499065410699763,0.04048632575055579,,
"HE_LIM_SUN_FETAL_LUNG_C1_LATE_TIP_CELL",27,0.44138347847058723,1.4328753194064965,0.06434782608695652,0.10769015492253874,"ASPG;CD36;ACOXL;C16orf74;CDH16;SFTPA2;ADH1C;PGC;LINC02038;DLG2",1.2356114524268405,0.240036082554396,,
"DESCARTES_FETAL_INTESTINE_STROMAL_CELLS",27,0.4389865503434791,1.4250941057379987,0.06608695652173913,0.11034702832070202,"CCL19;ADH1B;PDGFRA;BMP5;CH25H;MSC-AS1;SHISA3;LUM;TCF21;F2RL2;TMEM119",1.8808172321423176,0.0037237377914661743,,
"MENON_FETAL_KIDNEY_2_NEPHRON_PROGENITOR_CELLS",38,-0.3862653594332589,-1.4170659366456668,0.06699751861042183,0.11106243154435927,"RPLP0;RPS2;CCND1;RPLP0P6;ODC1;HOXD8;RPL3;EIF3F;HMGA1;DBI;MARCKSL1",-1.4910444921176664,0.04942953490050635,,
"DESCARTES_FETAL_KIDNEY_VASCULAR_ENDOTHELIAL_CELLS",79,0.3255808268254477,1.3201324980986069,0.0670926517571885,0.11106243154435927,"ANKRD36BP2;MADCAM1;RBP5;TCIM;SHE;NR5A2;SELE;PREX2;CLEC1A;GUCY1B2;CALCRL;CASP4LP;ADGRL4;LINC02384;RP1",1.7774400721151062,0.0016994360253982026,,
"HE_LIM_SUN_FETAL_LUNG_C1_AT1_CELL",36,0.4112666911950689,1.423330857887659,0.06711409395973154,0.11106243154435927,"ABCA8;MMP28;CAV2;CYBRD1;IL18;ITGB6;STOM;SLC39A8;RIN2;PLLP;COL4A4;CLIC5;ICAM1;SLC2A3;FILIP1;PHACTR1;ANXA1;ALDH3B1",1.81460728764421,0.00600264160460086,,
"DESCARTES_MAIN_FETAL_PDE11A_FAM19A2_POSITIVE_CELLS",25,0.44747764404647794,1.4213651858709833,0.06712564543889846,0.11106243154435927,"RELN;IQSEC3;CCDC88A;RASGEF1B;KCNAB1;ANKRD28;DAAM1;PCDH9;PCLO;SLIT2;FEZF1-AS1;FILIP1L;CACNB4;PDE11A;SCN8A",1.562395499007557,0.05255553986288026,,
"CUI_DEVELOPING_HEART_RIGHT_ATRIAL_CARDIOMYOCYTE",31,-0.4130516931792752,-1.4439146439786175,0.06763285024154589,0.11164787976382178,"DES;RTN4R;PEDS1;EFNB1;NES;ACTA1;SPRYD3;GNAL;PNP;RNF187;KLK6;TAF10",-1.1285258465414179,0.3350639483348107,,
"SU_HO_CONV_CENT_CHONDROSARCOMA_STROMAL_C5_VASCULAR_SMOOTH_MUSCLE_CELL",125,0.28794045837973187,1.2651764292278935,0.06835066864784546,0.112577571890569,"ETS1;LPL;PLSCR4;GBP2;ADAMTS1;HGF;KMT2E;CAV2;ZEB2;A2M;ARHGAP42;DLC1;TACC1;UTRN;HLA-F;RNF152;BACH1;ARPC5;EBF1;SH3BGRL;HSD17B11;CLMN;SGIP1;ITGA1;GUCY1A1;REV3L;PPP1R12A;ADAR;CARD16;EPS8;PRKG1;ZHX1;JAK1",1.528304246719094,0.0115777054131795,,
"DURANTE_ADULT_OLFACTORY_NEUROEPITHELIUM_FIBROBLASTS_STROMAL_CELLS",81,0.32706821764059596,1.3246493913328967,0.07142857142857142,0.11738148984198644,"SELENOP;ABCA8;SFRP1;ENPP2;TCIM;SSPN;TMEM100;HGF;FGF7;C1S;CCL11;CH25H;SERPING1;CCL2;CLDN11;LAPTM4A;GATA2;LUM;NBL1;IGFBP5;APOD;AKAP12;VIM;GSN;PLPP3;CCN1;PTN;CYP1B1;C1R;SERPINF1;MGP;PRRX1",2.2696707023877334,1.9357271164840512e-7,,
"LAKE_ADULT_KIDNEY_C8_DECENDING_THIN_LIMB",276,-0.22739940439388334,-1.2174316311676783,0.07266870720586865,0.11910551874409715,"GAPDH;PPIB;GDF15;RPL19;YBX1;RPLP0;ALDOA;EEF2;RPS2;RPL4;PCBP1;RAN;PSMA7;ENO1;ADGRG1;HSPA9;ODC1;GNAS;ARF1;RPS14;RACK1;GSTP1;PGK1;PKM;ACTG1;RPS17;FTH1;IFITM3;TPI1;ATP5F1A;RPS16;RPL3;RPL10;SRP14;EEF1D;PEBP1;RPL7A;RPS23;RPLP1;FAU;UBB;PRDX1;HNRNPM;TIMP1;UBA52;RPL41;CLTA;HSPD1;PDIA3;CRYAB;RPS4X;CCT6A;RPS28;RPS8;KRT18;CPE;UGT2B7;SERF2;FTL;KRT8;LDHA;RPL8;TPM1;IGFBP7;RPL23;HINT1;HSP90AB1;GPX1;RPL6;CIB1;PPIA;RPL18;SAT1;RPS15;SPP1;RPS18;ID1;RPS11;EEF1A1;CYB5A;NACA;RPL10A",-1.4088136669020976,0.005922888032144493,,
"CUI_DEVELOPING_HEART_LEFT_ATRIAL_CARDIOMYOCYTE",18,0.495080811925456,1.4547670963070547,0.07282415630550622,0.11910551874409715,"RELN;SFRP1;RABGAP1L;NR2F1-AS1;CIMAP3;BCO2;PIM1",1.4163999192612169,0.11740252293577982,,
"DESCARTES_MAIN_FETAL_VASCULAR_ENDOTHELIAL_CELLS",39,0.393774481836798,1.3820198612865258,0.07296849087893864,0.11910551874409715,"LXN;SNRK;TCIM;SELE;CAV1;RAPGEF5;ADGRL4;FCGR2B;CYYR1;LDB2;MTMR9LP;FAM124B;APLNR;DGKE;PTPRB;SLC9C1",1.7851181666194487,0.004564799477636398,,
"DURANTE_ADULT_OLFACTORY_NEUROEPITHELIUM_SUSTENTACULAR_CELLS",33,0.40888145160026756,1.3966691723656999,0.0738255033557047,0.1202348242571656,"VSIG2;TMT1A;MUC5AC;HPGD;AGR2;ELF3;PI3;PIGR;TSPAN1;MUC1;ADH1C;TSPAN8",1.3178473297519844,0.1516745663836658,,
"DESCARTES_FETAL_SPLEEN_MEGAKARYOCYTES",84,0.32018934541035604,1.305106073898711,0.07877813504823152,0.12801446945337622,"MMRN1;PRKAR2B;RGS18;CNST;RAB27B;SELP;EGR3;KIAA0513;C2orf88;CD226;RAP1B;PDE5A;CFAP45;RAB3C;H2AC6;KBTBD12;F13A1;GP1BA;LIPH;TTC39B",1.4717389389490372,0.04060438356077342,,
"DESCARTES_FETAL_INTESTINE_ERYTHROBLASTS",117,-0.26667801597761864,-1.259240274863415,0.08132530120481928,0.131859285695119,"SLC1A5;PRDX2;SLC25A39;ABCB6;FAM83D;SLC6A9;ATG4D;TANGO2;OSBP2;SPTB;HMBS;ANKRD9;PPME1;MED8;BCL2L1;UBE2O;SLC2A1;AMMECR1;BLVRB;DHRS13;RNF123;HTRA2;UROD",-1.2184455374057988,0.1560891938250429,,
"BUSSLINGER_GASTRIC_PPP1R1B_POSITIVE_CELLS",118,-0.27129779721429675,-1.284666845682593,0.08366785190027505,0.1353559915186672,"RPL19;TUBA1B;RPLP0;EEF2;RPS2;RPL4;RPS14;RACK1;GSTP1;DGKD;SPINT2;RPS16;RPL3;RPL7A;RPS23;RPS3;RPL41;RPL17;PTPRF;RPS4X;RPS28;RPS8;MARCKSL1;RPL8;SNHG29;RPL18A;RPS21;RPL23;HSP90AB1;PPIA;RPL18;SAT1;RPL29;RPS15;RPS18;EEF1A1;RPL10A;RPL5;RPS6;RPS5;RPL13;RPL12;RPL31;HNRNPA1;ALDH3A1;CLU;JUN;EEF1B2;EPS8L3;PTMA;SOX9;RPL30;RPS24;RPS13",-1.3272429723272974,0.05950275635691719,,
"DESCARTES_FETAL_HEART_ENDOCARDIAL_CELLS",22,0.4470386258779996,1.3785963169920823,0.08635578583765112,0.13939470529891357,"ITGA8;TMEM100;ST6GALNAC1;LEPR;SLCO2A1;CA12;QSOX1;SALL1;HAPLN1;FAM3D;INHBA",1.7371872701979028,0.01646924904431917,,
"ZHONG_PFC_MAJOR_TYPES_ASTROCYTES",284,0.24893020029111196,1.2103069066363799,0.08660351826792964,0.13948531260852384,"SLC15A2;CPNE5;ATP13A4;VCAM1;FAM107A;SLC4A4;SOAT1;TCIM;TMT1A;LIFR;CSPG5;F3;TOR1AIP1;NT5E;LIPA;KCNJ10;SPON1;S100B;SEMA6D;LITAF;NKAIN4;SMIM30;EDNRB;GNG7;HLA-C;B2M;ITGAV;LEPROT;PBXIP1;AASS;QKI;ITM2C;TFPI;HLA-B;S1PR1;GNG12;BCAP29;PHACTR2;HNMT;BDH2;UBL3;MSMO1;PDLIM5;SYPL1;WSCD1;ABHD3;GNG11;ALDH6A1;RAP1GAP;LUZP2;CCDC80;LRATD2;PEA15;S100A13;SASH1;GLUL;SPATA6;ROBO3;PLCD1;CA12;PTTG1IP;SPRY1;GLUD1;PRCP;SERPINB6;SEMA6A;VEPH1;SLC1A3;RAB31;PMP22",1.4133676108754525,0.008733724023558693,,
"DESCARTES_MAIN_FETAL_ASTROCYTES",20,-0.4351172578016231,-1.372850948243699,0.08962264150943396,0.144017336252825,"FZD10;SNCAIP;ADGRG1;WNT3;PHYHIPL",-1.2189991041291304,0.25380084151472654,,
"DESCARTES_MAIN_FETAL_SKELETAL_MUSCLE_CELLS",91,-0.2816051548071309,-1.2798052278767618,0.08984449784446824,0.144017336252825,"FGFRL1;DES;SPEG;PACSIN3;TEAD4;KLHL21;DMPK;NES;BIN1;ACTA1;FHL3;FBXL22;MYOM3;PYGM;TMEM52;SNHG16;MYL6B;ENO3;MYLK2;TPM2;MYL5",-1.1515208226597533,0.21203208556149736,,
"MANNO_MIDBRAIN_NEUROTYPES_HOPC",272,0.24962559750777025,1.20701241585544,0.09004092769440655,0.144017336252825,"SLC15A2;ATP13A4;ANKRD44;BIRC3;CA1;SLC9A9;TMT1A;TAOK3;C1orf21;CSPG5;SLC44A1;EVI2A;NALF1;PDE1C;PDGFRA;GRAMD1C;SCN3A;GAB1;RUNDC3A;ITGB8;NKAIN4;EDNRB;TSPAN12;GNG7;AGA;PLAT;BAALC;ARHGAP42;ITGAV;PLEKHH2;APOL6;QKI;HSH2D;ITM2C;LIMA1;MAML2;CALCRL;LHFPL2;HBB;EGR1;AFF1;UBL3;IFI27L2;IGF1;WSCD1;SH3D19;ADAMTS3;RFTN2;LUZP2;ELF1;CHST11;PEA15;EFCAB14;LRRK2;SPRED1;DNAH7;KIF13A;DSEL;SPATA6;ROBO3;GFOD1;PLLP;FYN;TPPP;ITPKB;PID1;SRI;CNTN1;MAP3K1;RAB31;PMP22;ADAMTS6;TMOD2;KIF14",1.378502904602579,0.023997703729410704,,
"DESCARTES_FETAL_MUSCLE_MEGAKARYOCYTES",218,-0.23074920007829353,-1.1982812963808278,0.09020866116935193,0.144017336252825,"PIF1;UNC45A;PSAT1;ENDOG;BYSL;ENOPH1;APEX2;SERPINI1;E2F1;MAPKAPK3;PPIF;WDR1;SIVA1;ANKRD9;ARID3B;TUBA4A;MRPL43;TOLLIP;MFAP3L;SOCS2-AS1;CHERP;MID1IP1;SPINT2;ZNF48;GNAZ;TP53RK;GTF2F1;SIX2;TIPIN;TMEM62;PROSER2;MGAT4B;MTCP1;FAM234A;GAS2L1;ZYX;MAFG;CTTN;TALDO1;CSNK1D;IGBP1;REEP4;COPRS;ASL;NOP16;GTF3C2;BICRA;NARS1;USB1;CDIPT;KIFC3;NMT1;HERC2P9;MST1R;TSFM;APMAP",-1.127913512354804,0.18223760092272204,,
"DESCARTES_MAIN_FETAL_EXTRAVILLOUS_TROPHOBLASTS",91,-0.2704524214674548,-1.2291196271710199,0.09164420485175202,0.14598901779447587,"PYCR1;CDKN1C;CD276;PVR;CHPF;CCNE1;FADS3;RPN2;PLOD3;CORO6;P3H1;SNAI1;KLHL17;SEMA4C;EXTL3;HMGB3;GCN1;ARFGAP1;TMED3;FSTL3",1.0968923726273099,0.35356687898089173,,
"FAN_EMBRYONIC_CTX_OPC",33,0.39300452856597334,1.3424363161986261,0.09563758389261745,0.15201781893848362,"TAOK3;TSPAN13;PDGFRA;PLAT;MPZL1;LIMA1;IL1RAP;PDE4B;CXADR;LRRK2;PLLP;CNTN1",1.6197912662356828,0.032477574062909874,,
"ZHONG_PFC_MAJOR_TYPES_OPC",69,0.32634060524816116,1.285086149393715,0.09624796084828711,0.15265471785959264,"CSPG5;PDGFRA;S100B;ITGB8;NKAIN4;EDNRB;GNG7;PLAT;B2M;ITM2C;LIMA1;LSAMP;PDE4B;RFTN2;LUZP2;SPATA6;PLLP;SPRY1;CNTN1;RAB31;APOD;NOVA1;PLPP3;PTN;SOX6;ETV1;DUSP6;MMP2",1.43184178441594,0.06830044726717112,,
"HU_FETAL_RETINA_BLOOD",251,-0.21792356210145664,-1.1523489194386665,0.09965635738831616,0.1577170177797699,"TUBG1;SLC1A5;PRDX2;SLC25A39;NPRL3;UFD1;FAH;TYMS;HSF1;YBX1;COX7B;OSBP2;RPS2;TROAP;TTLL12;SPTB;CDC42EP1;HMBS;UBE2C;GSTP1;FTH1;TUBB6;AURKA;BCL2L1;PKLR;DCXR;CKS2;SLC2A1;EDNRA;POLR2L;UBB;ARID3A;BLVRB;AURKB;CHPT1;TALDO1;COL1A1;RHOG;UBA52;ADA;EIF3K;UROD;SYNGR2;CALM3;HPS1;FURIN;UXT;MYH9;PRDX5;CDKN3;ELOF1;TFRC;FBXO7;TESC;SERF2;FTL;RRM2;CIT;NFE2;PCBD2;CRNDE;PITX1;ESPN;GALNT2;MKI67;YBX3;RBX1;LGALS1;GHITM;TNS1;ALAD;CCND3;RPL29;COX6B1;CAPNS1;BIRC5;MPP1;GLRX5;DMTN;MT-TL1;PLXND1;ELOB",-1.1566856748422787,0.13,,
"GAUTAM_EYE_IRIS_CILIARY_BODY_COL9A1_HIGH_CILIARY_BODY_CELLS",94,0.2997264187740087,1.2479570912720006,0.1,0.15791757049891542,"SLC15A2;RELN;DENND1B;CA2;FAM107A;FRZB;PTGDS;SPART;SH3BGRL2;ASPH;KTN1;PHACTR2;C2CD5;FGF13;SHPRH;UGCG;PLD1;GNG11;CPEB4",1.1230127813177218,0.30727907601396726,,
"TRAVAGLINI_LUNG_CLUB_CELL",105,0.2920641629936809,1.2436220617074376,0.10108864696734059,0.15929120128187002,"CMAHP;C16orf89;IL6ST;ARHGDIB;SLPI;DAPK1;AGR3;CTSE;AHR;FNIP2;RNF145;CLIC6;NEDD4L;HNMT;PIGR;RPS27;HSD17B11;ELAPOR1;MET;WSB1;PTGS2;S100A13;STEAP4",1.279733460597569,0.10740169290443143,,
"DESCARTES_MAIN_FETAL_PHOTORECEPTOR_CELLS",41,0.3711613196080451,1.3210682195497616,0.10281923714759536,0.1616682605690052,"MARCHF1;RHBDL3;GNGT2;MAK;RALGPS2;ANKRD33B;ARL6;TMX1;RPGRIP1;PRKACB",1.2375369693646319,0.21883350918168892,,
"GAO_SMALL_INTESTINE_24W_C7_SECRETORY_PROGENITOR",37,0.3769962312044389,1.3077421170873795,0.10623946037099494,0.16668604989242308,"POU2AF1;BANK1;LAMA1;CC2D2A;GLIS3;ABCA7;CCDC146;LINC00639;SV2B;MX1;EPHA10;RASAL2-AS1;LINC00299;ZNF662;CACNB4;H1-10-AS1;EVC2;OGFRL1;PTPN13;BCAM;EZH1;CHM",1.3537662608157488,0.1297014807189801,,
"DESCARTES_FETAL_INTESTINE_ENS_GLIA",28,-0.387552250821662,-1.3263791176914388,0.10672853828306264,0.16699557191151707,"NPTX2;ARTN;SOX8;SHC4;FLRT1;CHST6;SNTB1;LGI4",-1.1592411357410566,0.30751860405440085,,
"BUSSLINGER_DUODENAL_MATURE_ENTEROCYTES",237,-0.23143633321889875,-1.2086258202078355,0.10689551718511943,0.16699557191151707,"SCARB1;POR;HKDC1;SPINT1;P4HB;SLC12A7;GALE;SLC3A2;SLC19A1;ANKRD9;PCK2;CARD10;SLC39A4;ACAA1;GPX4;SLC5A9;PEPD;CYP2S1;DGAT2;PLXNB2;ACTN4;ATG4B;TJAP1;HOOK2;NPC1L1;CD151;MME;CRYBG2;SLC67A1;TBX3;MIGA2;SLC15A1;DGAT1;RMDN3;OGDH;SLC27A4;EPS8L2;PFKP;PAQR7;NPNT;ACY3;SREBF1;CSNK1D;SLC6A8;PLEC;FBXW5;XPNPEP2;ADA;INPP5J;ZSWIM8;STAT6;INF2;TREH;VEGFA;ARHGEF16;PLIN2;PTPRF",-1.2826574285556585,0.03296610515395109,,
"DESCARTES_FETAL_MUSCLE_VASCULAR_ENDOTHELIAL_CELLS",58,0.3361469752401891,1.2704769302517702,0.1075085324232082,0.167593600865301,"MADCAM1;SELE;KITLG;CA4;RAPGEF5;PRR29;ADGRL4;RAB3C;NOSTRIN;EFCAB14;CYYR1;C1orf115;PTPRM;ACKR1;PRCP;FAM124B;CD93;F2RL2;NOX4;TAFA2;CLIC5;SLC9C1",1.5585826843117425,0.013060756349638752,,
"AIZARANI_LIVER_C14_HEPATOCYTES_2",151,-0.2408552049159086,-1.1813670572500847,0.10784313725490197,0.16775599128540306,"GPT2;IGF2;FAH;PCBD1;ALDH4A1;ALDH2;CES1;TDO2;GRHPR;GJB1;BAAT;QPRT;CYP2D6;MPST;IFITM3;MTHFS;SERPIND1;SLC27A5;PEBP1;NIPSNAP1;DCXR;MAT1A;SORD;ADH6;ASGR1;PLIN2;F12;BNIP3;QDPR;RDH16;ADH4;ALAS1;UGT2B7;FTL;AGXT;PRAP1;CYP27A1;GAMT;MST1;LDHA;TST;AKR1C4;ATF5;SHMT1;ALDH1A1;SCD;CYB5A;ACAT1",-1.0239462067673748,0.44014969092368467,,
"DESCARTES_FETAL_PANCREAS_MESOTHELIAL_CELLS",49,0.34694693546448924,1.2897747889355609,0.10841423948220065,0.16828478964401294,"RARRES1;SI;TFPI2;GRIN3A;SCEL;WNT2B;PLA2G10;KLF5;FAM13A-AS1;FGF1;SMTNL2;AOX1;CLIC5;ALDH1A2;NFATC2;TNNT1;MT1A;CLDN1;PLA2G2A;SLAIN1;ALOX15",1.3422465056116535,0.11432710397189896,,
"FAN_OVARY_CL11_MURAL_GRANULOSA_CELL",429,0.23034337187824663,1.1585600641665137,0.1113892365456821,0.1725348174579927,"IRF4;MCL1;SELENOP;PRKAR2B;STK17B;IL6ST;ATF3;MARCKS;PRDM1;RIOK3;LRRC8C;FOXP1;MAP3K13;AKAP9;RNF19A;F3;SGK1;ST3GAL4;LGR4;YPEL2;CD59;FGD4;CD47;NR5A2;DNAJB4;KLF6;S100B;RYBP;CLK1;LRRFIP2;PTGER2;ING3;PLAT;FOSL2;ITGAV;RAB5A;BMPR2;TENT5A;TCEA3;BBX;BAZ1A;GSTA1;LIMS1;H3-3A;ARF4;KTN1;LHFPL2;ZNF281;PHACTR2;FAM177A1;MARCHF7;MSMO1;PDLIM5;HAPSTR1;KLHL24;MYO6;TIA1;SLC39A8;ARHGAP18;SEPTIN10;SNAPC1;LPP;CITED2;HSPA6;IFI35;CMTM6;PAWR;MIR22HG;LIPH;PPP1R15A;OTUD7B;PIM1;DCP1A;DSEL;TOR1AIP2;DAAM1;IVNS1ABP;PPP1R12B;GASK1B;UBE2D1;TSHZ2;PNRC2;EPS8;PPP4R2;VAPA;HSPA1B;SLC46A3;PTTG1IP;ATXN1;PKN2;SEC31A;POLR2J3;VMP1;RGS10;DSE;RAB31;TAX1BP1;AZIN1;HIF1A;INSR;PPFIBP1;RBBP6;THAP9-AS1;CD55;FNDC3B;LEPROTL1;TCAF1;DST;FILIP1L;SARAF;HMGCS1;VIM;TCEAL9;USO1;CSPP1;SOWAHC;ZBTB10;MRPS6;ETNK1",1.0561245854478263,0.37447635037818,,
"HE_LIM_SUN_FETAL_LUNG_C3_AEROCYTE",80,0.30829860507416434,1.2517159138186102,0.1136,0.17558556263269642,"ATF3;ITGA4;PRDM1;PLXNC1;CD83;ADAMTS1;GBP1;PDE1C;KITLG;EDNRB;GNG7;SLCO2A1;DYRK2;NEDD4L;PKIA;B3GALNT1",1.426734152259085,0.058577260620261216,,
"CUI_DEVELOPING_HEART_COMPACT_ATRIAL_CARDIOMYOCYTE",15,-0.46613766006418117,-1.3630072205527706,0.1145374449339207,0.1766594489658777,"GAPDH;YBX1;FTH1;CRYAB;FTL;RPL18A;COX7A1;RPL13;RPL31",-1.2505870364232679,0.23622120242896213,,
"MANNO_MIDBRAIN_NEUROTYPES_HRGL1",287,0.24158742418118156,1.1776351667812894,0.11486486486486487,0.1767898977201303,"KCNN3;PLSCR4;FRZB;IQCG;CSPG5;JAM2;SLIT1;CEP126;DNAJB4;SHROOM3;CFAP126;ITGB8;NKAIN4;NEK11;IL18;PBXIP1;AASS;DENND2B;QKI;FRMD3;STOM;AHNAK;MAML2;CROT;SERTAD4;S1PR1;CFAP45;CIMAP3;PALS1;GNG12;FAT3;AFF1;GABPB2;GLIS3;PPIL6;PDE1A;ENKUR;B3GNT5;PDLIM5;WSCD1;TSPAN11;RFTN2;CFAP44;REST;BCO2;RHOJ;TMEM123;LRATD2;PEA15;HEATR5A;C1orf226;MORN2;DNAH7;FLVCR2;ZC3H12C;GCA;GASK1B;ERMN;VSTM4;ARHGAP5;NFIB;ATXN1;PTK2B;MLF1;ITPKB;CCDC146;VEPH1;DSG2;TMEM218;SLIT2;PMP22;ADAMTS6;KLF15;IGFBP5;WEE1;ITPRID2;FOXP2;ANTXR1;HBA2;EVI5;VIM;TRAM2;PDPN;CSPP1;CCN1;COL4A5;SOX6;GFOD3P;NFATC2;TBC1D32;SLC16A9;PDGFC;ID4;GULP1;CD44;COL23A1;LYPD1",1.230470882585409,0.10034724983432737,,
"DESCARTES_FETAL_LUNG_VASCULAR_ENDOTHELIAL_CELLS",38,0.3743118029468562,1.3098859596735601,0.11519198664440734,0.176919338137402,"MADCAM1;TCIM;TMEM100;JAM2;SELE;CLEC3B;CLEC1A;EDN1;NOSTRIN;COLEC10;APLNR;CD93;PLK2",1.4992870104333575,0.06334249800477662,,
"TRAVAGLINI_LUNG_DIFFERENTIATING_BASAL_CELL",140,-0.23985396971137066,-1.1757846953037732,0.11801242236024845,0.1808695652173913,"GAPDH;SLC1A5;ALDH2;LARP6;PPP1CA;TUFM;AKR1A1;GSTP1;MLF2;MDH2;HES4;TPI1;ECE1;RPL3;HMGB3;PAFAH1B3;CAPN1;PRSS23;NDUFV1;FAM3B;HS3ST1;EIF3F;UQCRC1;SULT2B1;PSMC5;NUDT8;DDIT4;UQCRH;SDC1;NDUFA8;RPS4X;AP2M1;TLE5;PGAM1;DAPL1;TSPO;RIPK4;OAT;A4GALT;LYPD6B;PITX1;ZFYVE21;S100A2;HCAR2;CXCL1;NHERF1;TRIM7;ALDH1A1",-1.0144281878904964,0.458611111111111,,
"TRAVAGLINI_LUNG_BASAL_CELL",179,-0.23380483502838625,-1.1824942397297726,0.11935483870967742,0.18254269449715368,"GAPDH;SLC1A5;AHCY;PRMT1;NPM3;RPLP0;ARG2;CDK4;RPS2;RPL4;PLP2;IMP3;SLC3A2;ENO1;ACTG1;RPL3;HMGB3;TLE3;TINAGL1;RPLP1;IFITM1;TIMP1;RPS3;HAS3;LRRC8A;CCND2;FAF1;ALDH7A1;RPS4X;TPM2;PGAM1;CDH3;KRT15;DLK2;RGS12;TUSC1;OAT;IGFBP2;LDHA;RPL8;SH3BGRL3;S100A2;YBX3;SNHG29;HCAR2;IGFBP7;RPL23;LGALS1;RPL6;RPL29;ITGB4;RPS11;EEF1A1;NACA;RPL10A;RPL5;RPS6;RPS5;TGFBI;RPL13;DUSP23;G0S2;RPL12;PERP;LOXL4;EIF4B;FHL2;BTF3;RASSF10;HNRNPA1;ALDH3A1;CLU;CD9;NAP1L1;EIF3M;CNN2;SOX9;ISYNA1;CTSB",-1.0273143527535524,0.4339450980392157,,
"FAN_OVARY_CL0_XBP1_SELK_HIGH_STROMAL_CELL",141,-0.23936942307158499,-1.17459730786982,0.1238390092879257,0.1887382164641831,"CEBPB;YBX1;RPS2;SNHG7;FBL;HSPA9;RPS14;RACK1;RPL3;RPL10;EEF1D;RPS23;RPLP1;H2AZ1;FAU;ZFAS1;SNHG32;RPS3;EIF2S2;RPL41;EPB41L4A-AS1;HSPD1;RPL17;RPS4X;SELENOS;RPS8;MORF4L2;RPL8;DDX21;RPL18A;RPL36A;PEG10;HSP90AB1;RPL6;RBMX;RPL18;SAT1;RPS15;RPS18;NACA;RPL10A;RPL5;RPS6;RPS5;RPL13;RPL12;CNN3;CHMP4B;FHL2;BTF3;RPL31;SNHG8;RSL24D1;ATP1A1;PTMA;MAPRE1;RPL30;RPS24;RPS13;HES1;EIF4E;NUPR1;PFDN5",-1.3501821414285209,0.049035251894414336,,
"DESCARTES_FETAL_STOMACH_NEUROENDOCRINE_CELLS",25,0.4124922722750197,1.3102378700993396,0.12392426850258176,0.1887382164641831,"TPH1;HDC;CHGA;PCSK1;LINC00261;DEPP1",1.4165205315829688,0.09025986907359651,,
"HE_LIM_SUN_FETAL_LUNG_C1_GHRL_POS_NE_PRECURSOR_CELL",363,-0.2020043776493896,-1.1022806048205842,0.12552301255230125,0.19077401490203613,"MSI1;HIRA;FAM222A;SLC7A5;MAP4K2;MAP2;KLC2;HES6;BAHD1;ACOT7;GLYCTK;SPTBN2;DLL4;KCNJ11;DGKZ;ADGRL1;DEF8;TESK1;LARP6;RAPGEF4;ZDHHC8;ADGRG1;ARHGEF10L;SLC4A3;MAB21L4;PPP6R1;TPST2;APLP1;PLPPR2;CDKN2D;CAPN15;RCOR2;LRFN4;PSD;PPIP5K1;TBL1X;ABCA2;SLCO3A1;HIC2;VWA5B2;NPIPA5;EXTL3;FBXO44;TTLL7;LCMT2;WNK2;FAM171A1;MAPKBP1;TBC1D24;GAL3ST1;DUSP18;ACAP3;CACNA1H;REEP2;KCNH2;PFKP;RCN3;SLC6A8;DLG5;MVB12B;MAST1;PKD1;QSOX2;LIN7B;SPR;ASCL2;JRK;TRIM3;GALNS;LINC01315;DLL3;GIT1;TUT1;DNAJC5;ARHGEF4;SRGAP3;DNAJC12;MAPK8IP1;VSTM2L;BCORL1;TTC9;ICA1L;GOLGA6L9;A4GALT;PROX1;LZTS3;SCRN1;CCDC28B;PROC;SLC29A4;KIF1A;SGPL1;DDN-AS1;TOM1L2;RGS11;NRCAM;TMEM51;RIMBP2;TRAF3;TTC39A;SPIRE2;RPS21-DT;PPP2R5B;TNFRSF25;RPRM;MAP1B;RIMKLA;DCHS1;SYT7",1.0354531657083672,0.43016661794796845,,
"GAUTAM_EYE_IRIS_CILIARY_BODY_CRYAA_HIGH_CILIARY_BODY_CELLS",78,0.3076373335058517,1.2416794372274136,0.12641815235008103,0.1917341977309562,"FRMD4B;MXD1;GSTM5;EGR2;EFNA5;KLF10;EPB41L4A;DSC2;ZDHHC2;PDZD2;SETBP1;CXADR;SLC36A4;MAST4;PPP1R15A;SGCB;MIDEAS;NCAM1;COL4A6;PBX1;ALDH1A3;CIMAP1B",1.1832704622578325,0.235104149846601,,
"FAN_OVARY_CL3_MATURE_CUMULUS_GRANULOSA_CELL_1",243,-0.2152050490874765,-1.1285432937204953,0.12857142857142856,0.19459459459459458,"PRDX2;NME4;WIPF3;NONO;ELK1;LGALS3BP;PPP1R14A;HACD3;MAOB;HS6ST1;DMAC1;PHPT1;GSTP1;ACTG1;MPST;SPINT2;NDUFA13;TM7SF2;BAX;SELENOH;PRSS23;HUWE1;PCBP2;LSM7;BAMBI;TIMM13;HNRNPD;HS3ST1;PRDX3;MFAP2;NDUFB7;ZNF428;GRB14;PRDX4;GTF2I;NICOL1;FLNA;DAG1;NDUFS5;HSPG2;CCND2;DDAH2;MYH9;ATP5MC2;TUBB;POLR2I;COX5B;EIF4G1;SMS;PLEKHJ1;DBI;PABPN1;MARCKSL1;FSCN1;DAPL1;RCN2;LAPTM4B;IGFBP2;CDH2;DPP7;IDH1;IGFBP7;RPAIN;COX7C;ATP5ME;RHOB;PTRHD1;NDUFA3;COX6B1;PLA2G12A;SCD;CKB;NUP214;ELOB;TMEM258;MZT2B;ATP5MJ;TSPAN6;PLD3;LY6E;NEDD8;GJA1;TMEM97;FHL2;CST3;MAGED2;HDAC2",-1.3612560688384272,0.018467487598381523,,
"HE_LIM_SUN_FETAL_LUNG_C0_MESENCHYMAL_1_CELL",269,0.24301848507203386,1.1761720802177993,0.12890094979647218,0.19468857147682936,"ITM2A;STAT4;MADCAM1;PRKAR2B;AIF1;TIPARP;TLL1;SLC2A13;FRZB;GPSM3;RALGPS2;MXD1;NCOA7;GFRA1;SGK1;TSPAN2;HHIP;MAPK10;CYTH1;CD47;HPSE2;FCHSD2;EFNB2;CD74;TOX;FGF7;CDYL;DUSP5;PHLDB2;EPHA4;ZEB1;RSPO3;PDZD2;SCG5;CNTN4;RAC2;RARB;IRF1;TLE4;PDE1A;JAZF1;IQGAP2;IGF1;NRG1;MSC-AS1;FUCA1;PAWR;BCO2;EDN3;ALDH1A3;INTS6L;EFEMP1;GLP2R;LDB2;MDFIC;TMTC2;DLG2;PLCE1;PAPLN;ELOVL6;RAB33A",1.6128511882078045,3.842380782556438e-4,,
"DESCARTES_MAIN_FETAL_ACINAR_CELLS",31,-0.3657203302999378,-1.2784572711861064,0.13768115942028986,0.20751942869145137,"MPV17L;FBXO2;MSRB1;MID1IP1;CELP;DPEP1;SSR4;LMAN2;NOMO1;SPINK1;ERP27;CEL;DIRAS3",-1.4330397676140927,0.10220125786163521,,
"DESCARTES_FETAL_PANCREAS_ISLET_ENDOCRINE_CELLS",69,0.3146968098972943,1.2392344230343937,0.13866231647634583,0.20856645949334662,"SCGB2A1;FFAR4;HEPACAM2;PYY;CHGA;MS4A8;GIPR;PCSK1;CEP126;TPD52;LINC01484;ISL1;TSPAN1;ELAPOR1;EDN3;GHRL;KLHL32",1.4490759504616983,0.05950275635691719,,
"HAY_BONE_MARROW_EOSINOPHIL",55,-0.3070108801597178,-1.2366213606700194,0.13994910941475827,0.21006794155452377,"NT5DC2;ANKRD13D;GNB1;PHPT1;P2RY2;HNRNPD;RPLP1;COX8A;KIAA0930;NDUFB11;RPN1;ALYREF;MBD3;CEBPA;DBI;KIF22",-1.3710489060685944,0.05037052918974057,,
"HE_LIM_SUN_FETAL_LUNG_C0_MID_AIRWAY_SMC_2_CELL",178,0.25697183187335926,1.1788735543732762,0.14264919941775836,0.21368028225540758,"RCSD1;NR4A2;C16orf89;IL21R;TRANK1;TYRP1;NR4A3;NR4A1;GBP2;TSPAN2;BHLHE40;HHIP;GEM;SEMA3C;TMEM255A;HPSE2;RRAD;ENTPD1;CRIP1;CAVIN2;CSRNP1;FBXO32;TRIB1;PBXIP1;TCEA3;ZEB1;FLRT2;PRKAG2;KCNK3;IGF1;CXADR;COL4A6;SCUBE1;LTBP2;FEM1C;FENDRR;TOB1;PPP1R12B;EGLN3;SVIL;DUSP2;BTC;SLMAP;PARM1;RGS10;SLC8A1;NET1;GREM2;ADAMTS6;CHRDL1;FOXP2;KLHL4",1.6261358518184585,0.0019269140497090553,,
"VANGURP_PANCREATIC_ALPHA_CELL",34,0.368218238344415,1.2596164568016386,0.1447811447811448,0.21642848747571541,"VGF;SLC7A2;HLA-E;KCTD12;HIGD1A;B2M;FAP;PAPPA2;MUC13;PLCE1;PALLD;GLS",1.3028226488166317,0.1560891938250429,,
"DESCARTES_MAIN_FETAL_PARIETAL_AND_CHIEF_CELLS",95,-0.2583003325143004,-1.1829602155367465,0.14560439560439561,0.21721311475409838,"GPT2;ANKRD16;GPR155;MTFP1;TBRG4;FUT1;STARD10;MRPS18A;PHLDA1;GPRC5C;MRPL41;NDUFS3;MCF2L-AS1;COX6A1;COMTD1;NDUFS1;ODAM;KCNQ1;LASP1;HIP1R;SGK2;SERF2",-1.1881956960878306,0.168373010978167,,
"ZHONG_PFC_C4_PTGDS_POS_OPC",130,0.2694538922266473,1.192788704646851,0.14771048744460857,0.21990436576620662,"PPP1R16B;FRMD4B;ANKRD44;CPM;BCAS1;PTGDS;RALGPS2;RICTOR;SLC44A1;SGK1;EVI2A;SEL1L;APPL2;RASGEF1B;CAMSAP2;STRN;STAT2;MPZL1;TMEM59;LSAMP;MAP4K5;MSMO1;ARV1;CLDN11;MOB3B;ADAM23;SH3YL1;REEP3;MTMR9LP;MYO5A;ARHGAP5;FYN;RAB33A",1.2906857706136285,0.09042354986958143,,
"ZHONG_PFC_C2_THY1_POS_OPC",21,0.421686683401424,1.276286781020195,0.14840989399293286,0.22049469964664312,"ITM2A;S100B;EDNRB;PLAT;SCG5;ELMO1;LRRK2;LAMA4;PLLP;CNTN1;APOD",1.5361501894902359,0.07392474869266878,,
"HE_LIM_SUN_FETAL_LUNG_C7_FGFBP2_POS_NEURAL_PROGENITOR_CELL",42,0.3484187633175281,1.2511345046644708,0.1488673139158576,0.2207238381481555,"SELENOP;ARHGAP31;FRZB;TMT1A;MAP3K5;TMEM100;BLOC1S5;ADM;EPAS1;ARHGAP18;TAPT1;EGLN3",1.4410319527074473,0.06603451042778696,,
"DESCARTES_MAIN_FETAL_SCHWANN_CELLS",29,0.385978417698724,1.2752756755070738,0.15172413793103448,0.22418144451361974,"ABCA8;S100B;EDNRB;PLAT;TSPAN11;ADAM23;DHH;PMP22;KIAA1755;SEMA3G;COL28A1",1.7044274394290932,0.01401330302776427,,
"TRAVAGLINI_LUNG_BRONCHIAL_VESSEL_1_CELL",224,-0.21550659046143228,-1.1200777145805003,0.15181518151815182,0.22418144451361974,"INHBB;EIF3D;RPL19;RPLP0;SLC25A5;EEF2;RPS2;MTHFD2;RPL4;APOLD1;FAM43A;ENO1;NHP2;RPS14;EIF3G;CDC37;EHD4;NME1;VWA1;RPS16;RPL3;RPL10;ACTN1;ADM5;RPS23;RPLP1;FAU;IFITM1;EIF3F;ZFAS1;PFKP;RPS3;PRDX4;MYL9;UBA52;TAGLN;PNP;ITPKC;RPL41;HSPG2;SNHG16;HSPD1;UXT;NOP16;RPS4X;CCDC3;RPS28;RPS8;TESC;LAPTM4B;IGFBP2;LDHA;RPL8;IGFBP7;RPL22L1;DDX21;RPL18A;RPS21;RPL23;CPXM2;HSP90AB1;RPL6;RPL18;RPL29;GADD45A;RPS15;SPP1;NACA;RPL10A",-1.0508897641759434,0.35363878993623604,,
"HU_FETAL_RETINA_RPE",262,0.24141185873271334,1.163873096184714,0.15426997245179064,0.22734522256053355,"TYRP1;LPL;SFRP1;FAM107A;RAB27A;SLC4A4;TFPI2;FRZB;PTGDS;SLC7A2;ENPP2;CPVL;BMP2;SGK1;VAT1L;BHLHE40;GEM;SEMA3C;LITAF;CRIM1;WNT2B;ITM2B;B2M;ITGAV;C1S;PBXIP1;TACC1;FNIP2;NEAT1;SDCBP;UTRN;CLIC6;PHACTR2;FLRT2;BIRC7;IQGAP2;PDLIM5;MT-ND6;MLANA;GNG11;SESN3;CPEB4;MTCO2P12;COL9A2;EZR;SMC6;CCDC80;GOLGA4;MET;LRATD2;ALDH1A3;DCDC2;EFEMP1;TSPAN10;COLEC12;PLCE1;GPNMB;MTCO1P40;ITPKB;VEPH1;ADAMTSL3;GALNT1;DSG2;CDR2;NET1;IGFBP5;ELOVL7;GNS;MT-ND5;TPP1;FGFR2;OSBPL1A;VIM;TMEM245;CA14;PDPN;MITF",1.525241597495503,0.0018420559708408472,,
"DESCARTES_MAIN_FETAL_STELLATE_CELLS",35,0.360272513875701,1.2303212361173328,0.1564625850340136,0.2301106301106301,"ABCA10;DENND2A;HGF;HHIP;CCDC68;BMPR2;RBMS3;COLEC10",1.2315109947182012,0.2074442660522349,,
"DESCARTES_FETAL_EYE_RETINAL_PIGMENT_CELLS",46,0.3345955235879677,1.228344873085019,0.15746753246753248,0.2311217008797654,"ADTRP;FRZB;PTGDS;ENPP2;VAT1L;GEM;ITGAV;DCDC2;ERMN;PFKFB2;VEPH1;ELOVL7;MROH7;PGR;MYOCD;TMEM98;RASSF6;SLC6A12;TMEM72",1.3141684710725705,0.1414788577876689,,
"LAKE_ADULT_KIDNEY_C18_COLLECTING_DUCT_PRINCIPAL_CELLS_MEDULLA",314,-0.20572134144210583,-1.1119775206118634,0.16141732283464566,0.2364422757014528,"GAPDH;PPIB;GDF15;RPL19;YBX1;ATP5F1B;RPLP0;ARG2;SPTBN2;ALDOA;EEF2;RPS2;RPL4;HACD3;PSMA7;ENO1;ADGRG1;ATP5MC3;LLGL2;HSPA9;GNAS;ARF1;RPS14;RACK1;GSTP1;PGK1;PKM;ACTG1;FTH1;IFITM3;TPI1;ATP5F1A;CHCHD2;RPS16;RPL3;GPRC5C;RPL10;SRP14;EEF1D;PEBP1;RPL7A;MYO10;RPS23;RPLP1;FAU;CTSH;UBB;PRDX1;CXXC5;ATP5F1C;UBA52;CD81;RPL41;HSPD1;PDIA3;CRYAB;RPS4X;CCT6A;LAMTOR5;RPS28;RPS8;KRT18;SERF2;ACADVL;IFITM2;FTL;COX4I1;KRT8;LDHA;RPL8;IGFBP7;RPL23;HINT1;COX7C;HSP90AB1;GPX1;RPL6;CIB1;PPIA;RPL18;SAT1;RPS15;RPS18;ID1;RPS11;EEF1A1;CYB5A;ACAT1;NACA;RPL10A",-1.2865658067390735,0.02316494295761741,,
"DESCARTES_FETAL_INTESTINE_INTESTINAL_EPITHELIAL_CELLS",199,0.24784648346782648,1.1565829382002266,0.16258992805755396,0.23766831909432898,"SI;SPTLC3;ZG16;SLC17A4;XACT;ARL14;TPSG1;CLCA1;C11orf86;AGR3;ST6GALNAC1;CUBN;BTNL3;MT1H;SLC44A4;GUCA2A;ELF3;ANKRD20A5P;CYP3A5;GSTA1;INAVA;SULT1C2;RASEF;CLIC6;FMO1;XDH;CIDEC;LRRC19;PBLD;CYP2U1-AS1;PIGR;ADH1C;LIPH;TSPAN8;PCK1;MUC13;UGT2B17;IYD;TM4SF20;SLC28A2;HHLA2;TRIM31;GCNT4;ALPI;MFSD6L;FABP2;RBP4;GDA;AADACP1;SULT1B1;TMEM92;FOLH1;LINC01594;VIPR1;MOGAT2;ZDHHC23",0.98341320439197,0.5464580369843528,,
"GAO_SMALL_INTESTINE_24W_C3_ENTEROCYTE_PROGENITOR_SUBTYPE_1",41,-0.32434987284683564,-1.2155098782076617,0.16290726817042606,0.23766831909432898,"DUS3L;PEX14;HDDC3;BOP1;VPS26B;SLC35C2;SLC2A1;DRG2;CHCHD10;CDK5;SLC35A4;KIF26B;PLEK2;ST20;FCSK",-1.35874860698655,0.11212290395240937,,
"DESCARTES_MAIN_FETAL_HORIZONTAL_CELLS",20,-0.3969671579797585,-1.2524824733625743,0.1650943396226415,0.24037735849056602,"MEGF11;HS6ST1;TIGD3;ERC1;ARHGEF4;RAB11FIP4;ONECUT2",-1.366297540152607,0.1381782227165987,,
"GAUTAM_EYE_IRIS_CILIARY_BODY_MGP_HIGH_FIBROBLASTS",84,0.28873022682584093,1.1768773013531066,0.17041800643086816,0.24763335066202,"SCARA5;CP;ABCA9;CBLB;GEM;ELL2;ITM2B;IFNAR1;UGP2;C7;TFPI;LIMA1;CALCRL;FMO3;RBMS3;PNRC1;PLSCR1;LAPTM4A;REV3L;LAMA4;APOL4;AKR1C2;PID1;PTP4A2;FILIP1L;IL15RA;OTULINL;PITPNC1;PDPN",1.5001521255297492,0.029207046459498065,,
"TRAVAGLINI_LUNG_MYELOID_DENDRITIC_TYPE_1_CELL",19,0.4263317162326381,1.2663369539999083,0.17290552584670232,0.25074745580956037,"FGL2;HLA-DQA1;ARHGAP31;CLIC2;HLA-DRB5;KLF4;CXCL16;DSE;RAB31;DPYSL2",1.6968774430371667,0.02140524143141729,,
"HE_LIM_SUN_FETAL_LUNG_C4_ACTIVATED_NK_CELL",46,0.3307680105254432,1.2142935612306276,0.17532467532467533,0.2536047497879559,"FCRL3;SLAMF7;RNF19A;TNFRSF9;BCL2L11;EGR2;STX11;HAVCR2;TNFRSF18;CD72;FAM3C;MIR155HG",1.3605608444708646,0.1182170542635659,,
"BUSSLINGER_GASTRIC_CHIEF_CELLS",52,-0.29582389895356065,-1.1758718074526762,0.17557251908396945,0.2536047497879559,"CDKN1C;P4HB;EEF2;APLP1;FTH1;GPER1;GPRC5C;DCXR;XYLT2;IRX2;RPLP1;SSR4;PRDX4;PABPC4",0.86597154743002,0.7458585858585859,,
"HE_LIM_SUN_FETAL_LUNG_C0_MYL4_POS_SMC_CELL",114,-0.23849469178230567,-1.1260128209388245,0.17784256559766765,0.2563750252576278,"ACTG2;HES6;PSAT1;SPEG;CNN1;JPH2;MTCL1;KCNMB1;SBSPON;ADAMTSL2;CACNA1C;CORO1C;LIMS2;MYH11;FBXL22;SLC25A4;PAQR4;B3GALNT2;FHDC1;ALDH1B1;CARMN;LMOD1;WFDC1;NKD1;TNFRSF12A;KIF26B;HMGA2;IGFBP2;KRT8;PDLIM4;AKAP1;TNNI1;CRTC1;TACC2;SYNPO2;PMEPA1;NHSL3",1.046612716535236,0.427873028988501,,
"HAY_BONE_MARROW_PLATELET",210,0.2448970317410638,1.1460943525062193,0.18075801749271136,0.2600629184480116,"GRAP2;FRMD4B;AFAP1-AS1;RGS18;DAPP1;VIM-AS1;CNST;RAB27B;SELP;MMD;C1orf116;PDGFA-DT;SH3BGRL2;CAVIN2;RASGRP2;C2orf88;CD226;FRMD3;RAP1B;SEC14L5;SMIM5;PDE5A;TRIM40;LIMS1;PROS1;H2AC6;ENKUR;TNFSF4;PDZK1IP1;ARHGAP18;GNG11;H2BC21;F13A1;MOB3C;GP1BA;LIPH;DAB2;PDGFA;ZNF438;MLH3;GET1;RHOBTB1;ABLIM3;CYB5R1;EMC3;VEPH1;NCOA4;RGS10;THEM5;SLC24A3;ELOVL7;TMEM140;RNF11;ICAM2;MTURN;ENDOD1;ASAP2;PTPN18;ANKDD1B;TPM4;MAX;TPTEP1;LINC00853;F2RL3;NT5C3A;TRIM58;MINDY1;ACRBP;LCN2;KIF2A;PDCD10",1.2177983854245076,0.14729106060937466,,
"DESCARTES_MAIN_FETAL_SATELLITE_CELLS",40,-0.3239973372118793,-1.2085404028100764,0.18159203980099503,0.2607475443296339,"SPG21;SOX8;ITGA7;FGFR4;CLCN5;LMNB2;KRT40;FNDC5;LSP1P4;DAG1;CCND2;SLC22A31;PPP1R14B;CDC25B",-1.1725439512860332,0.25365853658536586,,
"DESCARTES_FETAL_STOMACH_PARIETAL_AND_CHIEF_CELLS",23,-0.3722271618155558,-1.2120981224332164,0.18269230769230768,0.2618110236220472,"GPT2;PDHA1;DHRS2;PAQR5;ODAM",-1.3853642206212513,0.10396039603960394,,
"MENON_FETAL_KIDNEY_8_CONNECTING_TUBULE_CELLS",253,-0.20707265872849848,-1.096128590001275,0.18466898954703834,0.2641238200201256,"PHGDH;LRPAP1;PDHA1;CYC1;ATP5F1B;COX7B;ANXA11;SLC25A5;ERBB2;ATP5MC3;LLGL2;ZNF503;HOXD8;QPRT;COX5A;SUCLG1;NDUFA13;ATP5F1A;OST4;NDUFA1;CLCN5;PNKD;PEBP1;NOP10;HOXD9;FAM171A1;MYO10;POLR2L;ROMO1;NDUFB7;COX8A;ATP6V1F;NDUFA6;LMAN2;NPNT;FKBP2;VDAC1;COX6A1;WNK1;CHCHD10;NDUFA2;ECI1;TMED4;ATP6V0B;PTPRF;UQCRFS1;COX5B;LAMTOR5;PLEKHJ1;SERF2;ACADVL;COPS6;COX4I1;BEX2;KRT8;IGFBP7;COX7C;COL6A1;NDUFA10;NDUFB9;ATP5ME;KIF3B;PLXNB1;SAT1;PFKL;NDUFA3;COX6B1;KIF12;CYB5A;COA3",-1.3224067288873762,0.025346403873537596,,
"DESCARTES_MAIN_FETAL_CORNEAL_AND_CONJUNCTIVAL_EPITHELIAL_CELLS",231,0.2389088395424782,1.1397042322643371,0.1861777150916784,0.265759561934788,"SLC15A2;RARRES1;NR4A2;CCL28;PLAAT4;DHRS9;NR4A1;TLR5;RNASEL;MUC4;ASPG;CLDN8;ZIK1;SLPI;CDKN2B;TRIM22;RPL37P6;C1orf116;GBP3;LYRM4-AS1;CX3CL1;LINC00342;ZG16B;GALNT5;DUSP5;STAT2;DORIP1;LYSET;EXOC8;CCDC28A;SERPINB1;SAA1;TSC22D3;DTX3L;SMIM5;PEX11B;RPL13AP20;ALOX5;CEACAM7;B3GALT4;PIGR;KLF4;PHOSPHO2;MIS12;CASP7;IGIP;GGT6;STEAP4;GJB2",1.0376934891997878,0.4291318576335956,,
"DESCARTES_FETAL_HEART_SATB2_LRRC7_POSITIVE_CELLS",44,-0.31018437826335793,-1.1715304201992767,0.19072164948453607,0.27171303488207876,"NTSR1;HES6;ADGRB2;NXPH3;DAB1;PTPRD;NELL2;GRIN2B;TMEM158;CACNG8;PI4KAP2;LYPD6B;LMO3;SCD5",-0.9066453795835053,0.694359744870152,,
"DESCARTES_FETAL_PANCREAS_ACINAR_CELLS",35,0.3480130110414026,1.1884553537633937,0.1921768707482993,0.2729949990140267,"REG1B;PRSS16;SEL1L;KLK1;MT1H;GSTA1;KLB;REG4;MT1M;BCL2L15",0.9063414878691829,0.661565215630387,,
"DESCARTES_FETAL_INTESTINE_VASCULAR_ENDOTHELIAL_CELLS",39,0.3420612942734392,1.2005234576353165,0.19237147595356552,0.2729949990140267,"MADCAM1;VSIG2;FABP4;SELP;CLEC3B;EMCN;MEOX1;SLCO2A1",1.6332648770715952,0.020784110029580475,,
"DESCARTES_FETAL_PANCREAS_ENS_NEURONS",73,0.2927704946634392,1.166786624589643,0.19349593495934958,0.2738949840291894,"STMN2;MIAT;UNC5C;VAT1L;ANK2;CCDC171;OLFM1;GRIN1;MYH15;NEFH;FGF13;ABCA12;NRG1;ISLR2;FAM163A",1.2994813365657032,0.11960897067280046,,
"MANNO_MIDBRAIN_NEUROTYPES_HRGL2B",356,0.22480725638946106,1.1165450079433654,0.19375812743823148,0.2738949840291894,"ARHGEF6;RIPOR2;ATP13A4;KCNN3;SELENOP;BTN3A3;VCAM1;SLC4A4;RASSF2;FOS;ENPP2;TMT1A;TAOK3;LIFR;CSPG5;F3;TCF4;JAM2;PDE1C;EGR2;CEP126;KLF9;GAB1;LITAF;ITGB8;NKAIN4;EDNRB;GNG7;PBXIP1;DENND2B;QKI;DPF3;AHNAK;MAML2;KIRREL3;NLGN4X;CIMAP3;GNG12;FAT3;BCAP29;HBB;EGR1;GLIS3;UBL3;IFI27L2;IQGAP2;PDLIM5;ARAP2;WSCD1;SESN3;ALDH6A1;ZNF83;HSPA6;RFTN2;CFAP44;REST;LUZP2;LRATD2;PEA15;ZMAT1;HEATR5A;SPRED1;DNAH7;DSEL;GPX8;SPATA6;ROBO3;SHISA3;VSTM4;NFIB;CA12;FGF1;PEAK1;ITPKB;CCDC146;SEMA6A;SRI;VEPH1;SLC1A3;PMP22;SALL1;ADAMTS6;KLF15;PRKD3;KIF14;MCC;EGFR;GPR137B;HBA2;BARD1;RBMS2;DSC3;VIM;SPECC1;LIMCH1;PDPN;CSPP1;PLPP3;CCN1;ERVK13-1;PTN;COL4A5",1.2299168622343288,0.08275351591413767,,
"HE_LIM_SUN_FETAL_LUNG_C7_PCP4_POS_NEURON_CELL",37,0.34497483840942667,1.1966648156723227,0.1973018549747049,0.2779191692965489,"PLCB2;HRH1;SLC18A2;SCN3B;ISL1;FRY;ELMO1;PRUNE2;AKR1C2;SLC8A1;ARHGEF28;FAIM2;RUNDC3B;ACHE",1.433691115568512,0.08614545049560085,,
"DESCARTES_MAIN_FETAL_LYMPHATIC_ENDOTHELIAL_CELLS",63,0.302773176980357,1.1656312886409137,0.19736842105263158,0.2779191692965489,"PLSCR4;DTX1;SLC27A3;LYVE1;EFNA5;TFPI;NFATC1;ELK3;TNFRSF11A;GNG11;RHOJ;RASSF9;FCGR2C;STAB2;SMAD1;GNG12-AS1;MAP3K1;TMEM140;PPFIBP1;KLHL4;PRR5L;PDE2A",1.3498176546754161,0.09021005251312829,,
"CUI_DEVELOPING_HEART_5TH_WEEK_VENTRICULAR_CARDIOMYOCYTE",66,0.30071599803414395,1.1678677074071537,0.19900497512437812,0.2791344667697063,"ITM2A;CPNE5;RELN;RABGAP1L;FOS;FAM78A;EGR2;EPM2AIP1;DUSP5;NR2F1-AS1;SMCO4;CIMAP3;ADM;H2BC21;ZFP36;INTS6L",1.4227237928624437,0.05689265500445196,,
"GAUTAM_EYE_CHOROID_SCLERA_CHOROID_ENDOTHELIAL_CELLS",139,-0.2263961990058754,-1.105402997671045,0.19936708860759494,0.2791344667697063,"SMAD6;PPIB;SPG21;RPL19;SPNS2;SARS1;PALD1;RPL4;CALR;ACTG1;GNG5;RPS16;EEF1D;RPL7A;TMEM255B;H2AZ1;STARD3;FAU;SHROOM1;SMAGP;EIF4EBP1;EIF3K;RPS26;PTPN1;SPR;OAZ2;LSM4;PKN3;ARPC1B;RPS19BP1;PROCR;TMEM179B;RPIA;GALNT18;CFL1;SH3BGRL3;RPL23;PPIA;RPL18;ATP5ME;FUS;RPS11;EEF1A1;NACA;NOL4L",-1.1548306431161683,0.19681231338576055,,
"GAUTAM_EYE_CORNEA_CONJUNCTIVAL_CELLS",103,0.27425703734184204,1.1643717602349948,0.19938176197836166,0.2791344667697063,"PLAAT4;CTSS;CFLAR;DAPP1;RIOK3;MUC4;RASSF5;RAB27B;ST3GAL4;PDCD4;STX11;C1orf116;TC2N;GALNT3;HLA-B;KRT7;MAP3K8;B3GNT5;PDLIM5;MUC1",1.1123943547739374,0.3346414293444285,,
"DURANTE_ADULT_OLFACTORY_NEUROEPITHELIUM_OLFACTORY_HORIZONTAL_BASAL_CELLS",16,0.4342618518295867,1.23293517047628,0.20106761565836298,0.28095436506581234,"F3;BASP1;SPINK5;AQP3;IGFBP5;DST;TSC22D1;CXCL14;MT1X;BCAM",1.3284964787349154,0.15895630339255987,,
"DESCARTES_FETAL_LIVER_HEPATOBLASTS",290,-0.20303774361499172,-1.0883687052295823,0.20532319391634982,0.28635112101743804,"MSI1;CPN1;PSAT1;ALDH4A1;HKDC1;HNF1A;H19;VIL1;MAOB;TDO2;FGFR4;MAB21L4;GJB1;BAAT;PHYHIPL;DGAT2;TM7SF2;PLA2G12B;SERPIND1;DHCR7;AMDHD1;F10;ARSL;PEBP1;AK4;NPC1L1;MAT1A;SLC15A1;PCSK9;ABCC6;SNORC;FAM151A;SOWAHA;IGSF23;ADM2;AGMAT;SDC1;XPNPEP2;SLC26A1;PLEKHG6;FN1;ADH6;SERPINA4;FGFR3;CAMSAP3;ASGR1;SLC38A3;EFHD1;TTPA;F12;ALDOC;ABCC6P1;BCAR3-AS1;BDH1;DBI;ADH4;SLC6A1;SGK2;UGT2B7;DUSP9;AGXT;SLC39A5;PRAP1;RNF128;TM4SF4;PROX1;HNF4A;ONECUT2;PROC;SLC29A4;MYH14;SYNE4;AKR1C3;SHH;PEG10;SHANK2;ATF5;SLC38A4;ALDH1A1;KIF12;SCD;ABCC2;PKHD1;SLC25A18;LINC02754;GGCX;LINC01816;CHDH;APOM;UGT2A3;MGC32805;GLTPD2",-1.3953360147698806,0.002872253823724013,,
"HE_LIM_SUN_FETAL_LUNG_C0_RESTING_CHONDROCYTE",95,0.2769135988559693,1.1556005102631188,0.20689655172413793,0.28799367046878094,"IL16;ITM2A;CPM;DOCK8;FRZB;RNF144B;NEDD9;PDE4DIP;YPEL2;CFH;S100B;CHAD;FRY;KLF5;HSPA6;COL9A2;CHST11",1.4817315446341661,0.031954093964752114,,
"DESCARTES_FETAL_EYE_ASTROCYTES",15,0.44150668006266247,1.2168792407399518,0.2116788321167883,0.2940881484370647,"PAX5;DCLK1;FMO1;ADAMTS3",1.7023581969492185,0.0163745306862867,,
"MURARO_PANCREAS_EPSILON_CELL",39,0.3362038186994774,1.1799656308750468,0.21227197346600332,0.29435046987285796,"FRZB;FFAR4;HEPACAM2;NEDD9;PCSK1;LINC00261;EBF1;ANXA13;SUCNR1;GHRL;SERPINB6;SAMD5;PIGK;ZKSCAN1",1.4755534426644832,0.07170092721567965,,
"TRAVAGLINI_LUNG_NEUROENDOCRINE_CELL",96,0.27442037031457467,1.1485352091773189,0.21630094043887146,0.29936708106368526,"STMN2;VAMP2;MIAT;CHGB;TCF4;NEGR1;SCN3A;PCSK1;PKIB;RUNDC3A;TCEAL7;SOD3;SCG5;SLC35G2;LSAMP;MB;AMIGO2;ELMO1;NCAM1;ZNF483;SCGN",1.3625408897873235,0.07138223590641318,,
"AIZARANI_LIVER_C4_EPCAM_POS_BILE_DUCT_CELLS_1",176,0.24614260140684427,1.1302039709845682,0.21965317919075145,0.30342981869234736,"C3;CPM;TP53INP1;CA2;SLC4A4;ATF3;ENPP2;SLC17A4;FMO5;SLPI;CD59;GOLM1;CAV2;SHROOM3;ITGB8;KLF10;ELF3;CYP3A5;CLIC6;SOD3;PRRG4;NEDD4L;ALKAL2;HNMT;EGR1;GLIS3;KRT7;ANXA13;ZBTB20;CXADR;HSD17B11;RAP1GAP;PAWR;CLMN;CALM2",1.0541964113842883,0.4144037780401417,,
"DESCARTES_FETAL_LIVER_MESOTHELIAL_CELLS",219,0.23556235353379956,1.1127537416157685,0.2246065808297568,0.30947621674912495,"SPOCK2;ADTRP;ABI3BP;SLC4A4;TLL1;ATF3;TFPI2;CNTN3;CSPG5;SLPI;GRIN3A;ACOXL;SEMA3C;RRAD;ITGB8;WNT2B;CRIP1;LSAMP;S100A10;MIR100HG;EGR1;KRT7;PNMA2;KLF5;PDZK1IP1;MEOX2;FGF9;TAF1A-AS1;EZR;CCDC80;COL4A6;CGN;DNAH7;EFEMP1;PDE7B;OGN;PLLP;PLCE1;HSPA1B;SMTNL2;PARM1;KCNJ15;MTMR7;NBL1;MGAM;MEDAG;ZBTB7C;CA11;IGFBP5;PALLD;FAM110C;AOX1;DSC3;CLIC5;FLRT3;ALDH1A2;PDPN;LAMC2;ITGA3;INHBA;SULF1;PODXL;MGP;ID4;TNNT1;LINC02381;ARFGEF3;CFTR;LAMA3;PLA2G2A;MMP24;ALOX15;DISP1;PDGFRL;EDIL3-DT;TRABD2B",1.5209780801959432,0.0035970310341287377,,
"HE_LIM_SUN_FETAL_LUNG_C3_DEFINITIVE_RETICULOCYTE",86,0.27961650290604945,1.1443525925779998,0.22488038277511962,0.30947621674912495,"TENT5C;PIM2;STK17B;TCP11L2;SLC14A1;RUNDC3A;YOD1;ELL2;SDE2;CHST2;TRAK2;SMIM5;DYRK3;RSAD2;HBB;NPL;LPIN2;DCUN1D1;CPEB4;RAP1GAP;CHST11;FBXO30",-1.0276469211044346,0.46936873980899135,,
"DESCARTES_FETAL_EYE_LENS_FIBRE_CELLS",32,0.352010002514942,1.1864306285161843,0.22635135135135134,0.3109127995920448,"KMO;MBOAT1;MIR193BHG;LSAMP;PALM2AKAP2;BIRC7;HSPA6;COL4A6;LNPK;CAPRIN2",0.8660747903486088,0.7032429410120213,,
"GAO_LARGE_INTESTINE_ADULT_CA_ENTEROENDOCRINE_CELLS",232,0.23251278267072042,1.111888990355917,0.2276536312849162,0.3121126997653842,"TPH1;PALMD;GNG2;AFF3;VGF;UNC13A;STMN2;HDAC9;SLC7A2;ENPP2;THSD7A;CHGB;MS4A8;SPART;VAT1L;SCN3A;PCSK1;CEP126;ANK2;RUNDC3A;F5;DZIP3;FBXL16;FFAR2;C7;TFPI;B3GAT1;FAP;SCG5;SYP;KCNK3;RAB3C;FRY;GLIS3;JAZF1;RTN1;SETBP1;AMIGO2;REG4;TCEAL3;PAPPA2",1.3223008881587082,0.05062761959253273,,
"DURANTE_ADULT_OLFACTORY_NEUROEPITHELIUM_GLOBOSE_BASAL_CELLS",26,-0.3499052705569072,-1.17530168889799,0.2293144208037825,0.31379868109991294,"HES6;PCBP4;H2AZ1;TUBB;MARCKSL1;MEX3A;CKB;UCHL1;RPRM;MAP1B",-1.2761123779750274,0.20827511288202635,,
"LAKE_ADULT_KIDNEY_C7_PROXIMAL_TUBULE_EPITHELIAL_CELLS_S3",129,-0.22904472520764502,-1.1017106989552905,0.23170731707317074,0.3164782867340869,"RPL19;EEF2;RPL4;RPS14;RPS17;FTH1;RPS16;RPL3;WWC1;PEBP1;PTPRD;RPL7A;RPS23;RPLP1;HSPD1;GALNT14;RPS4X;DLGAP1;RPS28;RPS8;UGT2B7;SERF2;FTL;COX4I1;RPL8;TPM1;RPS21;RPL23;HINT1;COX7C;HSP90AB1;RPL6;RPL18;RPS15;RPS18;RPS11;EEF1A1;RPL5;RPS6;CALM1;RPL13;RPL12;NCL;CNDP2;SIPA1L1",-1.1076619977620965,0.2795147313691508,,
"BUSSLINGER_GASTRIC_METALLOTHIONEIN_CELLS",94,0.2724888218287277,1.1345491628147457,0.23333333333333334,0.3181023720349563,"CA2;VSIG2;MARCKS;TMT1A;RAB27B;VSIG1;CAPN9;HPGD;CTSE;SH3BGRL2;AGR2;MT1H;AKR1B10;SULT1C2;TM9SF3;IQGAP2;MUC1;ADH1C;TSPAN8",0.7907119889608948,0.8936097613935732,,
"ZHONG_PFC_C9_ORG_OTHER",73,0.28246926258839444,1.1257328298219254,0.23577235772357724,0.3208266849023631,"FAM107A;TCIM;LIFR;F3;MOXD1;LITAF;ITGB8;ITM2C;STOM;GNG12;IFI27L2;NRG1;TMEM9B;PEA15;S100A13",1.4476077208747524,0.0555314597149595,,
"HAY_BONE_MARROW_CD34_POS_HSC",99,0.27112753635663106,1.1360749063183904,0.23771790808240886,0.3223408082503897,"FAM30A;SULT1C4;TAOK3;GSTM5;CCDC171;MYCT1;EMCN;BAALC;IL18;NRIP1;CD164;SYPL1;PRKG2;ELMO1;UBR5-DT;ZNF521;RASSF9;CYYR1;GUCY1A1;HOXA6;ARMCX1;HOXA10-AS;ZBTB8A;DSG2;MECOM",1.2474553592338542,0.13338980352578256,,
"DESCARTES_MAIN_FETAL_OLIGODENDROCYTES",28,0.3639127867329558,1.1891449466819997,0.2381786339754816,0.3223408082503897,"BCAS1;CSPG5;PDGFRA;CAMSAP2;CHAD;PDE4B;FYN;NOVA1;SOX6;PPP2R2B",1.3921085645042413,0.11517442280376532,,
"DESCARTES_FETAL_CEREBRUM_VASCULAR_ENDOTHELIAL_CELLS",475,0.21395569146769206,1.0834260258717314,0.23821339950372208,0.3223408082503897,"CD19;CD79B;CD27;ITM2A;GIMAP7;ETS1;JAML;GIMAP4;GIMAP1;CYSLTR2;DNASE1L3;ITGA4;ABCA9;FRZB;TRGC2;FABP4;ICAM3;TCIM;GIMAP6;BTNL8;CLEC2B;SLC14A1;LTF;APOL3;LRRC55;CLIC2;CDKN2B;CAV2;CFH;SELE;ST6GALNAC1;PREX2;CAV1;RHBDL2;CARD8-AS1;CRIP1;S1PR4;CLEC3B;OSMR;EMCN;TNXB;FOSL2;KLF10;DLC1;ZAP70;RPS28P7;DEPP1;PHLDB2;SLCO2A1;PRKCH;CLEC1A;PDE6G;SMG1P2;AHNAK;C20orf202;FMO1;CASP4LP;IFIT3;EDN1;HBB;SLC16A4;ADGRL4;S100A10;ACVRL1;HEG1;RP1;TEK;FZD4;ARHGAP29;ADM;EPAS1;OLFML1;FRK;TTN;KLF4;SLC39A8;SERPING1;SLFN5;MTCO2P12;CTSK;NOSTRIN",1.5082049335558372,3.4893278655826984e-4,,
"DESCARTES_MAIN_FETAL_AFP_ALB_POSITIVE_CELLS",79,-0.25286603672140506,-1.1135212186108563,0.2393617021276596,0.32329372754904673,"SLC23A1;ALDH4A1;TMEM161A;DGCR11;PDF;TMEM177;PEBP1;TMEM150A;TMEM187;SNORC;NDUFA4P1;LINC02418;INO80E;SLC38A3;F12;SDHAF1;BBC3;FTL;DUSP9;CCDC183;ORMDL3;FTLP3;DGCR6L;MAIP1;ATF5",-1.2013023742002462,0.16969594226414636,,
"BUSSLINGER_DUODENAL_K_CELLS",19,0.4035729023494932,1.1987362432104114,0.24242424242424243,0.32682379349046015,"CHGA;KCTD12;DEPP1;PRRG4;SCG5;SCGN;SCG2;STX1A;CACNA1A;PLPP5",1.1878537795970057,0.3077879605565849,,
"DESCARTES_MAIN_FETAL_RETINAL_PIGMENT_CELLS",95,0.2708477711336913,1.130286933609635,0.24294670846394983,0.3269227426280138,"ADTRP;TYRP1;RAB27A;FRZB;ENPP2;VAT1L;GEM;PKNOX2;ITGAV;SMG1P2;MLANA;COL9A2;SMC6;RBM11;TSPAN10;ERMN;PLCE1;ATXN1;BTC;VEPH1;ADAMTSL3;ECHDC1;DMXL1;MROH7;MITF;SGK3;SERPINF1;PMEL;STIM2;TMEM98",1.4813303941593499,0.031954093964752114,,
"HE_LIM_SUN_FETAL_LUNG_C2_GMP_CELL",27,0.3639899983169351,1.181630737304327,0.24347826086956523,0.32703353120487727,"NKG7;RGL4;HGF;C16orf74;SERPINB8;MTARC1",1.0239847934325623,0.4937829525483304,,
"DESCARTES_FETAL_ADRENAL_CSH1_CSH2_POSITIVE_CELLS",129,-0.22489796358437472,-1.0817646746919838,0.25,0.3351749539594843,"GDF15;ALDH4A1;FOXO6;SPINT1;MCOLN3;PRKCZ;YIPF2;KRT23;NDOR1;FAM3B;PHLDA2;SP6;CPZ;L1TD1;HSPB8;TMEM184A;SDC1;AP1M2;SLC22A11;EFHD1;MYL5;KRT18;CNKSR1;TNFRSF12A;ADRB1;NOCT;NFE2L3;GRIP1;GOLT1A;DUSP9;MORC4;ISM2;DACT2;KRT8;TRAPPC14;NCMAP;TACC2;ATP6V1C2;SPIRE2;ITGB4;TRIM29;SLC6A4;SERINC2",-1.0723178197518295,0.3227118644067797,,
"HE_LIM_SUN_FETAL_LUNG_C0_AIRWAY_FIBROBLAST",24,0.3744275040795295,1.1844220571582504,0.25170068027210885,0.3368347338935574,"TSPAN13;CFH;EFNB2;CAVIN2;FGF7;TENT5A",1.3996842221616732,0.1182170542635659,,
"GAUTAM_EYE_CHOROID_SCLERA_ACTIVATED_T_CELLS",117,0.25941060633455104,1.1279535377447873,0.2537313432835821,0.33892920717513353,"SLAMF1;THEMIS;GPR18;CCR5;TMEM273;MIAT;GIMAP6;CNST;SYNRG;ZBTB37;GSKIP;SYTL2;LAIR1;ERAP2;SPN;TNFSF4;MIR155HG;IFIH1;PAPOLG;TMEM154;ZNF836;NLRP1;TENT4B;FASLG;TUT7;AQP3;USP12;ATP2A3;CUTALP",1.2100569623479813,0.17408519630741853,,
"GAO_ESOPHAGUS_25W_C2_KRT6BPOS_SECRETORY_PROGENITOR_CELLS",68,0.2832189539342821,1.1133150051643759,0.2601626016260163,0.3462650397517113,"ADAM28;GBP4;HDAC9;ST3GAL4;BLNK;KYNU;DUSP5;XDH;GIT2;DUOX2;ADM;PDE9A;PDZK1IP1;GPR160;LIPH;STEAP4;NTN4",1.2470651173244949,0.16969594226414636,,
"JONES_OVARY_STROMAL",147,0.24632216193465584,1.1117174744092377,0.2601744186046512,0.3462650397517113,"SELENOP;ABCA8;FRZB;SLC7A2;PDGFRA;CD59;CAV2;CFH;CAV1;FGF7;C1S;C7;COL14A1;SOD3;MATN2;RNASE4;SERPING1;GNG11;CTSK;CALM2;CCDC80;CLDN11;OGN;TSHZ2;NFIB;SVIL;LUM;NBL1;TCF21;IGFBP5;PALLD;CXCL12;SGCE;APOD;FILIP1L;NDN;TCEAL9;PLPP3;C1R;LMNA;SERPINF1;MGP;TMEM98;DSTN;PKIG;MMP2;DDR2;DCN",2.0259566551696513,1.6905720326755953e-6,,
"DURANTE_ADULT_OLFACTORY_NEUROEPITHELIUM_RESPIRATORY_HORIZONTAL_BASAL_CELLS",29,-0.3306627841904696,-1.137674791407431,0.26066350710900477,0.3462829072542983,"LYPD3;SLC25A5;KRT23;PKM;PHLDA2;PRDX1;KRT18;KRT8;S100A2;HSPB1;PERP;ALDH3A1;FXYD3;CD9",-1.0380672846383032,0.46022122323435466,,
"HE_LIM_SUN_FETAL_LUNG_C7_TM4SF4_POS_PENK_POS_NEURON_CELL",83,0.2734852914761726,1.112426066240553,0.2620578778135048,0.3475011567363051,"POU2F2;MARCHF1;NALF1;SCN3A;TMEM200C;PTGFR;CARMIL2;RASA4B;GLCCI1;RFTN1;ISL1;SLC35G2;PNMA2;ELMO1;ISLR2;ARL4C;ICA1;TOX2",1.3957804143737247,0.05952919666642432,,
"DESCARTES_FETAL_PLACENTA_IGFBP1_DKK1_POSITIVE_CELLS",87,0.272904704992729,1.11784866268068,0.26282051282051283,0.3478787878787879,"SCARA5;CHI3L2;IL1RL1;PCSK1;TNFRSF8;RGS17;CILP;RGS2;CFD;CTSK;ALDH1A3;LRRN4CL;POLR1F;LETR1;PARM1;LUM;MEDAG;IGFBP5;CHRDL1;COL4A4;IGSF10;AOX1;APOD;HSD11B1;OSGIN2;PGR;CYP1B1;LRRC15;C1R",1.6366140671466607,0.005835552104154573,,
"FAN_OVARY_CL2_PUTATIVE_EARLY_ATRETIC_FOLLICLE_THECAL_CELL_1",98,0.26778464785303885,1.121606492160178,0.26498422712933756,0.3501062020874006,"FOSB;SELENOP;FOS;PDK4;ITM2B;C1S;DUSP1;C7;NBEAL1;N4BP2L2;NUCKS1;EGR1;TMA7;SERPING1;RPS27;ZFP36;LAPTM4A;OGN;JUNB;SEPTIN7;HSPA1B;LUM;NBL1;RPL39;COMMD6;IGFBP5;CIRBP",1.5065386044479383,0.01947607040793655,,
"GAO_SMALL_INTESTINE_24W_C4_ENTEROCYTE_PROGENITOR_SUBTYPE_2",85,-0.24401786271228795,-1.0895601200787035,0.27055702917771884,0.35682158920539736,"FAH;FBXO2;GCHFR;TMT1B;GJB1;ZDHHC12;SLC5A9;CELP;DAB1;DPEP1;RBP2;OSGIN1;XPNPEP2;PNP;SERPINA4;TREH;PLAGL2;CNKSR1;CHST13;GOLT1A;RNF128;ETNK2;MST1;PRSS3;CTSA",-1.2362596107791552,0.1182170542635659,,
"HU_FETAL_RETINA_AMACRINE",36,0.32570249656487754,1.1272063208054857,0.27181208053691275,0.3578285617194801,"STMN2;ZNF385D;SCN3A;CCDC88A;FAT3;RND3;RTN1;FBXW7;DLG2;RUNX1T1;DPYSL2",1.392908830766171,0.10744810744810745,,
"GAUTAM_EYE_CORNEA_TGFBI_HIGH_EPITHELIAL_CELLS",104,0.26061369305159615,1.107445770088766,0.2786377708978328,0.3661521610354193,"FOSB;ATF3;NEDD9;CAV2;SMIM30;CRIM1;EID3;CLEC7A;ITGAV;KLF10;HERPUD1;ELF3;C16orf74;ARHGAP12;CNTN4;EGR1;CAPS;NRG1;BCO2;ZFP36;MOB1A;RAPGEF3;PIM1",-0.9889455169299556,0.5210897142906422,,
"JONES_OVARY_PERICYTE",168,0.23978967536919193,1.0967328971491561,0.2817919075144509,0.3696297453522887,"ETS1;SELENOP;SNRK;FRZB;SLC7A2;CD59;CAV2;MEF2C;RRAD;A2M;CRIM1;CAV1;CRIP1;HLA-C;B2M;COL14A1;HLA-B;UTRN;SOD3;HLA-F;LIMS1;RNASE4;PALM2AKAP2;PDE1A;TGFBR2;ARHGAP29;EPAS1;SERPING1;GNG11;NOSTRIN;CALM2;CCDC80;ITGA1;SASH1;GUCY1A1;LDB2;PPP1R12A;NFIB;PRKG1",1.8675246088236757,3.2599610742896134e-5,,
"GAUTAM_EYE_CORNEA_MONOCYTES",255,-0.19917908121152414,-1.0524035885568483,0.28368794326241137,0.37144752283279764,"MCRS1;ATP5F1B;VPS18;ZNF710;FBRSL1;YIF1B;DEF8;KDM2B;PGAP6;MAPKAPK3;NUDT22;TIMM29;GPR3;ORMDL2;ARHGAP6;RRP9;POLR3E;ANKRD9;ARID3B;PLXNA3;PHF19;SUSD3;MLF2;POLR3A;ADGRE5;KCTD17;AGPAT1;UNC119;ZNF579;MED8;GRINA;SLC35B2;SLC67A1;TTL;FGD3;CPSF1;DGAT1;SRC;COMMD5;CLPX;H2AX;ZYX;ADCK2;FBXW5;PRXL2B;RABL6;PILRB;SLBP;RPN1;SDHB;ALYREF;BORCS5;SLC35E1;HM13;PLEKHJ1;TOR2A;BAK1;DNAJC5;ARAP1;CBARP;RANGRF;MAPKAPK5;GNL2;C19orf25;P4HA1;ETV5;MINPP1;TMEM208;GALNT2;SAFB2;MRPS30;NQO2;TK1;CTDSP1;CTSA;ATP13A3-DT;RNF19B;ABHD12;PPARD",-1.0105796840294283,0.47891449099604144,,
"AIZARANI_LIVER_C39_EPCAM_POS_BILE_DUCT_CELLS_4",179,0.23624384376420335,1.085742287815613,0.2861271676300578,0.3739687217857847,"CPM;BIRC3;ATF3;NCOA7;BMP2;NEDD9;RNF19A;CD59;HBEGF;CD47;KLF6;ITGB8;CRIM1;CX3CL1;SGMS2;TENT5A;ELF3;AHNAK;BAZ1A;CSF1;CCNL1;EDN1;SOD2;KRT7;MSMO1;NRG1;MYO6;KLF5;UGCG;CCL2;ZBTB20;EZR;CALM2;MET;DCDC2;NFKBIA;HSPA1B;VMP1;UBE2B;DSG2;MAFF;WEE1;EGFR;FGFR2;DST;HMGCS1;TPM4;SCARB2;NFKB1;LAMC2;SPATS2L",1.1040888847238486,0.3196534160763421,,
"FAN_EMBRYONIC_CTX_BIG_GROUPS_BRAIN_ENDOTHELIAL",363,0.21453258648463838,1.0652184933107902,0.28964613368283093,0.37788957942849627,"ITM2A;GIMAP7;ETS1;LXN;CA2;SNRK;FRZB;NR3C1;CAPN2;RASGRP3;FLI1;HLA-E;MMP28;JAM2;BHLHE40;CAST;CAV2;ABCG2;CAV1;CRIP1;CA4;CLEC3B;RAPGEF5;MYCT1;CAVIN2;EMCN;PLAT;B2M;DLC1;SLCO2A1;PRKCH;TACC1;STAT1;RHOA;STOM;TFPI;UTRN;ZEB1;TMEM50B;PECAM1;PDZD2;PHACTR2;ADGRL4;S100A10;ACVRL1;PAPSS2;HEG1;TEK;TGFBR2;EBF1;YES1;RBMS3;SYPL1;ARHGAP29;EPAS1;MYO6;KLF4;SLC39A8;ARHGAP18;SERPING1;GNG11;IFI35;NOSTRIN;RHOJ;ITGA1;S100A13;CYYR1;ZNF366;SLC43A3;LAPTM4A;LAMA4;REEP3;PDE7B;COLEC12;XAF1;PLCE1;FKBP1A;CETP;EPSTI1;PRCP;SERPINB6;APLNR;JAK1;LMO2;CD93;STING1;C1orf54;PMP22;MECOM;CYTOR;PCDH18",1.5958125758769288,1.7885734403728473e-4,,
"DESCARTES_FETAL_LUNG_MEGAKARYOCYTES",123,0.24935304884581191,1.09374352442917,0.2958579881656805,0.3846938775510204,"CCR4;LINC02884;PRKAR2B;RGS18;CXCR2P1;CD84;CA3-AS1;CNST;RAB27B;SELP;KIAA0513;PDGFA-DT;TAL1;C2orf88;PLEKHF2;CD226;RAP1B;F2R;TNFSF4;MOB3C;SUCNR1;GP1BA;P2RY1",1.3300438516564599,0.0604550739079887,,
"DESCARTES_MAIN_FETAL_BIPOLAR_CELLS",24,0.3597508332134668,1.1379955192837137,0.29591836734693877,0.3846938775510204,"TDRD6;CRYBG3;MACROD2;NRG1;ZNF223;NFIB;ACKR1;TRMT9B;SV2B",1.2633225009249849,0.24363535498498534,,
"DESCARTES_FETAL_PLACENTA_EXTRAVILLOUS_TROPHOBLASTS",44,-0.2864561167102569,-1.0819115284177538,0.29896907216494845,0.38728695060655305,"PYCR1;CCNE1;NOTUM;SEMA4C;FSTL3;CILP2;RTN4RL2;FN1;HSPG2;ASCL2;PTPRF;ASPSCR1;MYCN;ISM2;LDLRAD2;SOWAHD;CERCAM;DEPDC7;HEXB",-0.9531760265186895,0.6158331413638268,,
"HE_LIM_SUN_FETAL_LUNG_C0_MID_AIRWAY_SMC_1_CELL",64,0.2822981817455601,1.091438653491521,0.2995090016366612,0.38728695060655305,"C16orf89;TYRP1;TSPAN2;HHIP;ZNF536;SEMA3C;SEMA6D;ENTPD1;FBXO32;LDLRAD4;ZEB1;KCNK3;IGF1;MTARC1;LTBP2;FENDRR;ADAMTS6;CEP120;CHRDL1;KLHL4;HHIP-AS1;HIPK2;PLXNA4;ALKAL1;PDGFC;MYOCD;COL23A1",1.7503098295093216,0.002359539276228268,,
"TRAVAGLINI_LUNG_SEROUS_CELL",72,0.27356714317496206,1.0850735829673457,0.2995090016366612,0.38728695060655305,"CCL28;GGTA1;SFRP1;CA2;LTF;SLPI;PDCD4;S100B;SH3BGRL2;ZG16B;SMCO4;RTN1;PIGR;ELAPOR1;BARX2;FAM107B;ATP2A3;PADI2;GCNT3",1.1417513921389095,0.2846709989591245,,
"VANGURP_PANCREATIC_BETA_CELL",101,-0.22994108461464444,-1.0592460415021867,0.3025210084033613,0.3904881101376721,"NPTX2;IGF2;CDKN1C;ARG2;ALDOA;DHRS2;RPL4;ENO1;GNAS;C1QL1;RPL3;PEBP1;RPL7A;RPS23;PEMT;SURF4;PRDX1;RPS3;VEGFA;RPL17;RPS4X;DBI;ITPR3;CADM1;YWHAQ;CNP;RPL23;HSP90AB1;SCD5;TNS1;SCD;UCHL1;MAP1B;HADH;DHRS7;RPL5;RPS6",-0.9271541311894189,0.6931105129956212,,
"DESCARTES_FETAL_PLACENTA_VASCULAR_ENDOTHELIAL_CELLS",84,0.26629197949182365,1.0854180029628475,0.3070739549839228,0.39566343226247047,"AFF3;SHE;PDE1C;CLEC1A;DLEU1;S1PR1;ADGRL4;TEK;MEOX2;RHOJ;ZNF521;FCGR2B;RASSF9;CYYR1;LDB2;FCGR2C;FAM124B;APLNR;CD93;VIPR1;HACE1;PCDH17;TMC7;TAMALIN;BCL6B;CD34;KDR;NDNF;RALGAPA2;ECSCR;DIPK2B;NNAT;KL;ST6GALNAC3;ERG;LRRC36;ADGRF5;THSD1;TMEM178A;JAM3",1.66637799244102,0.004902087163440577,,
"DESCARTES_MAIN_FETAL_VISCERAL_NEURONS",38,-0.29880973559746526,-1.0962233281144884,0.3076923076923077,0.39575971731448767,"NCS1;RAB6B;MTX1;HSPD1P1;ALKBH3-AS1;FSD1;TUBB;YBX1P1;YWHAH;MAGEE1;PPP2R5B;UCHL1;RAB15;RUSC1;TMEM59L",-0.9087542813877757,0.6737272389446303,,
"HE_LIM_SUN_FETAL_LUNG_C0_MYOFIBROBLAST_1_CELL",52,0.29421884190667047,1.1009077875859143,0.3169129720853859,0.4069006061343226,"SLC4A4;TAB2;CPED1;TMEM100;ZNF536;SEMA3C;PAG1;PTGER2;ZEB1;IGF1;INTS6L;FENDRR",1.2151798613712228,0.2202135231316726,,
"CUI_DEVELOPING_HEART_SMOOTH_MUSCLE_CELL",47,0.2933889342260526,1.0852555858021988,0.31789137380191695,0.4074382396616119,"ITM2A;CFH;C1S;DUSP1;COL14A1;PI16;CTSK;CCDC80;COLEC12;MFAP5;TSHZ2;ACVR2A;C1QTNF3;C1R;SERPINF1",1.9226439187287652,5.653972059079448e-4,,
"LAKE_ADULT_KIDNEY_C10_THIN_ASCENDING_LIMB",345,-0.1898742633267251,-1.032471143747774,0.31950207468879666,0.40878297077933917,"GAPDH;IDH2;GDF15;RPL19;YBX1;ATP5F1B;RPLP0;ALDOA;SLC25A5;EEF2;RPS2;SLC25A3;RPL4;PCBP1;RAN;PSMA7;ENO1;ADGRG1;ATP5MC3;HSPA9;GNAS;ARF1;RPS14;RACK1;GSTP1;PGK1;PKM;ACTG1;RPS17;FTH1;IFITM3;TPI1;ATP5F1A;RPS16;RPL3;RPL10;SRP14;EEF1D;PEBP1;RPL7A;RPS23;RPLP1;FAU;CTNNA1;UBB;PRDX1;HNRNPM;TIMP1;MTCH1;CXXC5;ATP5F1C;UBA52;ZMYND8;CD81;RPL41;CCT3;HSPD1;PDIA3;CRYAB;ATP6V0B;RPS4X;UQCRFS1;MRFAP1;COX5B;NARS1;CCT6A;LAMTOR5;RPS28;RPS8;NRXN3;KRT18;DBI;ARPC1B;SERF2;ACADVL;IFITM2;FTL;COX4I1;LAPTM4B;LDHA;RPL8;SIM2;HADHB;YBX3;HINT1;GHITM;COX7C;HSP90AB1;GPX1;RPL6;CIB1;PPIA;RPL18;SAT1;RPS15;SPP1;RPS18;RPS11;EEF1A1",-1.2342805952381066,0.03951563187165935,,
"DESCARTES_FETAL_HEART_VISCERAL_NEURONS",44,0.297991682136422,1.080861363487186,0.3257328990228013,0.41602377278701635,"VGF;RAB39B;CHGB;TMEM255A;ISL1;NEFH;KCNK3;RAB3C;PRUNE2;FAM163A",1.3969153708315607,0.08994406878704399,,
"MENON_FETAL_KIDNEY_6_COLLECTING_DUCT_CELLS",88,0.2598062185410254,1.067139280779695,0.3290529695024077,0.41952812924299965,"FOS;BTG2;KLF6;EFNB2;LRRFIP1;SCIN;AGR2;B2M;NEDD4L;S100A10;EGR1;MYO6;ARL4C;ADH1C;EZR;RALBP1;AHI1;IVNS1ABP;IER2;RAB11FIP2;HOXB7;TSTD1;MECOM;CD2AP;MAL2;TCEAL9;LIMCH1;SPATS2L;MYL12A;AKR1B1;ASAH1;TSC22D1;DMKN;PTBP3;SCOC",0.9780588823295846,0.5716778640607276,,
"GAO_ESOPHAGUS_25W_C3_FGFR1LOW_EPITHELIAL_CELLS",51,0.28962335531725897,1.0798098789800001,0.3300653594771242,0.42008318478906714,"IL10RA;CYTIP;CD52;PIP4K2A;MBNL3;SHLD2;PHTF2;CD69;GAS7;LPXN",1.24943741004558,0.19681231338576055,,
"DESCARTES_FETAL_STOMACH_MUC13_DMBT1_POSITIVE_CELLS",83,0.2620658876301432,1.065976612119334,0.3327974276527331,0.42282116462685815,"SPIB;SI;SLC17A4;TRPM6;BTNL3;MT1H;ANXA13;PIGR;PCK1;MUC13;IYD;TM4SF20;TRIM31;GCNT3;GDA;VIPR1;MOGAT2;SLC26A3;LRRC66;MGAM2;ANKS4B;ALDOB;CDH17;CES2;MT1G;CPS1;CHP2;HSD17B2;CDHR5;GPA33;ISX;MEP1A;GDPD2;GUCY2C",0.7999536034774913,0.8759340679223435,,
"DURANTE_ADULT_OLFACTORY_NEUROEPITHELIUM_IMMATURE_NEURONS",119,0.24470618334219413,1.0681324189357935,0.33383010432190763,0.42339427865217555,"SPOCK2;MARCKS;STMN2;VAMP2;DCLK1;MAPK10;RUNDC3A;KIFAP3;EFNA5;BASP1;RETREG1;SCG5;EFHC1;CNTN4;RTN1;EBF1;CAPS;CASP3;GDE1;H2BC21;CALM2;NCAM1;NLRP1;SSBP2;DAAM1;PCDH9;TPPP3",1.239166977766736,0.1484967320261438,,
"DESCARTES_FETAL_EYE_SMOOTH_MUSCLE_CELLS",58,0.28358413950118755,1.0718142168737959,0.3412969283276451,0.4321115892565663,"DERL3;TYRP1;HPSE2;TRPM6;MARF1;P2RX7;PPP2R5A;BMP5;PRKG2;MLANA;ARID5B;TCEA1;RAB13;ZNF665;MYO5A;CDNF",1.1528019129053466,0.2945752344984709,,
"ZHONG_PFC_C3_ASTROCYTE",338,-0.19013554734045954,-1.0299980545491836,0.3472803347280335,0.43892375639237563,"MMP17;LETM1;FBRSL1;PDXP;SPTBN2;OSBP2;ANKRD13D;CLCN7;TAF6L;NCOR2;LPAR2;PTPRU;ME3;HRAS;SLC4A3;FADS3;DOT1L;CSK;EFR3B;PLXNA3;BIN1;ARHGAP39;ZDHHC8BP;ENTREP3;PSD;XPNPEP3;TUBGCP6;MGRN1;GNAZ;SLCO3A1;NPIPA5;PNPLA6;SYNGR3;PDCD7;IGHMBP2;CELSR2;ASIC1;PRKCSH;CCDC120;GCN1;LIMS2;MCM7;ACAP3;CHD5;SLC25A29;PFKP;CIC;GNAL;CAPN10;MATCAP1;MAFG;CTTN;ZNF316;AGO2;AP1G2;RABL6;SS18L1;MAST1;BICDL1;SIN3B;SYBU;PKD1;CDC42BPB;SRCIN1;CDK5R1;HMGA1;DYNC1I1;STK11IP;GIT1;NPAS1;POU6F1;NRXN2;MYCN;CACNG8;TSPAN17;FAM193B;CPNE7;VSTM2L;EPB41L1;TRIM41;B4GALNT4;ELAVL2;PPP1R12C;FAM131B;SNAPC4;RAB3A;GEMIN5;PHYHIP;EGFL7;STK11;TOM1L2;RGS11;NHSL3;SHANK2;VARS2;RIMBP2;IBA57;ACD;JAG2;NOL4L;SLC45A1;RIMKLA;ULK2;RERE;CUL9;MEIS3;EEF1A2;DNM1;ZNF324;RSPH9;FBXO41;PODXL2;CEP164;ZFTA",1.019850010500045,0.4668603685870828,,
"DESCARTES_MAIN_FETAL_CCL19_CCL21_POSITIVE_CELLS",192,-0.20450929059467393,-1.0388929262600277,0.35313531353135313,0.4449035101310059,"TYRO3;SPNS2;NPM3;PES1;TCF3;ZNF335;LRP3;LARP6;SCYL1;NKD2;ZFP64;ZGPAT;NME2;HLA-J;EFTUD2;HNRNPA0;RPL3P7;TLCD1;PDRG1;GTF2F1;GARS1;CIAPIN1;ARL6IP4;STX10;GRINA;HASPIN;INTS5;CTSH;ADM2;SNX33;FBXW5;RPP25;YY2;HECTD3;RELB;VEGFA;MRGPRF;AGAP2-AS1;TNFSF9;NALF2;SNHG11;SCARF2;PI4K2A;RPS27AP5;GLI4;GPS2;TMEM147-AS1;H2AC20;RIN1;LINC01311;SF3A2;CCDC28B;JMJD4;C1orf35;SF3B2;RASGEF1A",1.1279928514463418,0.2756924771797293,,
"DESCARTES_FETAL_PLACENTA_SMOOTH_MUSCLE_CELLS",60,-0.2546878305483798,-1.0568884347099754,0.35323383084577115,0.4449035101310059,"NDUFA4L2;PLA2G5;PELO;CSPG4;CACNA1C;REN;PAQR5;NOTCH3;GNAL;HIGD1B;BMPER;CARMN;CCDC3;OLFM2;SEMA5B",1.0777091290897058,0.39512458535832756,,
"LAKE_ADULT_KIDNEY_C1_EPITHELIAL_CELLS_UNASSIGNED",25,0.34117286227031907,1.0836993428539177,0.35456110154905335,0.44580394115321387,"EPB41L3;MACROD2;MAST4;PBX1;CPQ;GMDS-DT;TLN2;TAOK1",1.5048529276830298,0.07524922732644969,,
"DURANTE_ADULT_OLFACTORY_NEUROEPITHELIUM_VASCULAR_SMOOTH_MUSCLE_CELLS",90,0.2538069064693183,1.0482794888219114,0.35828025477707004,0.4497034922029431,"ATF3;FRZB;FOS;TCIM;ADAMTS1;GEM;CAV1;DEPP1;RGS16;COL14A1;SOD3;EGR1;EBF1;CCL2;ARID5B;LPP;MT1M;ZFP36;STEAP4;GUCY1A1;PPP1R12A;PPP1R12B;JUNB;SEPTIN7;HSPA1B",1.7864133471107593,0.0016607539656821049,,
"MANNO_MIDBRAIN_NEUROTYPES_HOMTN",284,0.21503316354089846,1.0454983874397823,0.35994587280108253,0.4510165153170191,"CD2;RELN;GNG2;PRKAR2B;VGF;STMN2;LYST;CNST;STXBP5;CHGA;CPNE8;NALF1;VAT1L;SCN3A;SEMA3C;SRL;TMEM255A;ANK2;RUNDC3A;SEMA6D;KIFAP3;CPEB3;RAPGEF5;OLFM1;BASP1;ATL1;GPR85;TMEM121B;BACH2;SEMA3D;ISL1;ZC2HC1A;SCG5;EYA1;TRHDE;CNTN4;SYP;FGF13;NAPB;DOK6;TLE4;FRY;SYT2;RTN1;RBMS3;ATP6V1A;FGF9;CXADR;EDIL3;ZNF33B;BSN;PRKACB;STXBP1",1.1668774340746575,0.18223760092272204,,
"DESCARTES_FETAL_EYE_PHOTORECEPTOR_CELLS",16,0.37564658892181896,1.0665175612360829,0.3612099644128114,0.4518227733548569,"MAK;LINC01915;ATP6V0D2;RPGRIP1;IMPG1;HOTAIRM1;NPTX1",1.093413838002784,0.41467596833673925,,
"HE_LIM_SUN_FETAL_LUNG_C2_S100A12_HI_CLASSICAL_MONOCYTE",31,0.32049024369481716,1.07069055167425,0.3622448979591837,0.4523401127174712,"RAB27A;MTMR11;ADM;CLEC4E;LRRK2;STEAP4;ASGR2;VNN2;MEGF9",1.3006284633059502,0.18223760092272204,,
"GAO_LARGE_INTESTINE_24W_C6_SECRETORY_PROGENITOR",20,-0.33466412937276396,-1.0559083996664156,0.36556603773584906,0.4557056086844146,"YARS1;WASH3P;L3MBTL2;PJA1;FAN1;C1orf174;SFXN1",-0.9592166959064594,0.577806060012727,,
"GAO_ESOPHAGUS_25W_C4_FGFR1HIGH_EPITHELIAL_CELLS",198,0.22251435717177698,1.037885295422267,0.37319884726224783,0.4644252321485751,"ABI3BP;SCARA5;CA2;VCAM1;ARHGAP30;PLXNC1;ADGRL3;GFRA1;SLC35A1;ADAMTS1;JAM2;FSIP2;SVEP1;EGR2;ARHGAP42;COL17A1;DLC1;PSMG3-AS1;CILP;TRIM6;FLRT2;GLT8D2;PRKG2;PI16;DOCK11;CTSK;TGFBR3;ROBO3;COLEC12;MFAP5;FBXO4;PCDH9;VSTM4;RWDD2A;ELOVL6;ACKR1;KDELR3;FKBP7;ZNF761;LUM;ZNF546;HSPA1L;RIC1;TBC1D8B;PTBP2;PCDH18;ETFRF1;CHRDL1;AOX1;DENND10;SNX10;PIGK;ZZEF1;ZNF436;ZNF773;ZNF700;ARMH4;CYP1B1;SLC16A2",1.564652542702465,0.003448210270803327,,
"DESCARTES_MAIN_FETAL_RETINAL_PROGENITORS_AND_MULLER_GLIA",30,-0.2974195278431496,-1.0306388448396098,0.3783132530120482,0.4699864303630906,"EPHB2;UQCRHL;AOC2;GRB10;NOTCH1",-0.8018454180647904,0.8009312841493285,,
"TRAVAGLINI_LUNG_VASCULAR_SMOOTH_MUSCLE_CELL",60,-0.24985336766887017,-1.0368266677445617,0.38308457711442784,0.4751031893344182,"ACTG2;CNN1;PPP1R14A;HES4;ACTN1;TINAGL1;PDLIM7;NOTCH3;MYL9;TAGLN;ACTA2;MYH9;LGI4;EFHD1;TPM2;LMOD1;WFDC1;KRT18;MCAM;TPM1;IGFBP7;COX4I2",1.260554164843496,0.16469346203152102,,
"DESCARTES_FETAL_ADRENAL_CHROMAFFIN_CELLS",43,0.2882506178982177,1.0454357579859583,0.3843700159489633,0.4758866864130022,"LINC02605;GREM1;IL7;BASP1;ISL1;SERTAD4;EYA1;FAT3;SCUBE1;SLC44A5;PRKAG2-AS1;FRMPD3;PLXNA4;KCNK10;TRIM36;ENTPD3",1.2656079399966476,0.18327089639464142,,
"HU_FETAL_RETINA_HORIZONTAL",22,0.3390156462439293,1.045470557262583,0.385146804835924,0.47603883517920653,"STMN2;MIAT;SCN3A;RTN1",0.9941414000312605,0.5210897142906422,,
"CUI_DEVELOPING_HEART_TRABECULAR_VENTRICULAR_CARDIOMYOCYTE",97,-0.2222377689514131,-1.0199013736902514,0.38858695652173914,0.4793648480530661,"LRPAP1;SIGMAR1;GALE;SLC3A2;RTCB;SDF2L1;KPNA2;SPINT2;DHCR7;DDIT3;EBP;SLC2A1;HSPB8;CD320;COX6A1;ISOC1;BUB3;NOP16;CYP51A1;WDR12;CDH3;TNFRSF12A;CRABP2;RGS3;HMGA2;YWHAQ;KRT8;SGPL1;ABHD12;ARL4D;SCD",-0.9802737035684005,0.5529197607558728,,
"HE_LIM_SUN_FETAL_LUNG_C3_PRIMITIVE_ERYTHROCYTE",86,0.2524198603754565,1.0330481879171696,0.38915470494417864,0.4793648480530661,"GRAP2;PIM2;GNG2;ST8SIA1;CA2;CPED1;ST6GALNAC1;ELL2;CTSE;C2orf88;MT1H;SMIM5;SOD3;IQGAP2;SLC39A8;RAP1GAP;MT1M",1.0448605523991,0.43258426966292135,,
"TRAVAGLINI_LUNG_CAPILLARY_INTERMEDIATE_2_CELL",401,0.20551213471606206,1.0267362128617432,0.39871794871794874,0.4903153153153154,"RCSD1;BTN3A1;IL7R;BTN3A3;GIMAP4;FAM107A;HLA-DQA1;RAP1A;CAPN2;FOXN3;TCIM;GIMAP6;SLC14A1;APOL3;TMEM100;GMFG;HLA-DRA;SEC62;SERINC1;HPGD;GBP3;OPTN;POLR3GL;CAVIN2;HLA-DQA2;BAALC;B2M;PPP2R5A;HLA-DPB1;RHOA;PCNP;TP53TG1;ZEB1;KTN1;ENSA;FGD5-AS1;PHACTR2;S100A10;SH3BGRL;IFI27L2;TMA7;EPAS1;BRK1;SH3D19;ARHGAP18;SRP9;RPS27;TCEAL3;OTUD6B-AS1;SLU7;MT1M;UBE2L6;NOSTRIN;GOLGA4;PCGF5;RALA;DYNC1LI2;PEA15;CCDC82;S100A13;CCDC69;C9orf78;ARLN;CARINH;STXBP6;PSMB9;FYTTD1;RAB13;C1orf115;CARD16;SEPTIN7;TPR;ERGIC2;FKBP1A;SEC14L1;HLA-DQB1;CAPZA2;WASHC2A;SERPINB6;GPBP1L1;TPM3;MAFF;LSM3;C1orf54;RPL39;COMMD6;RNF115;PLGRKT;RNF11;TMEM219;DPYSL2;FKBP5;VAMP8;TADA3;SYNJ2BP;PPP1R11;TPM4;PAK2;ANP32E;ATP2C1;LRCH1;ARRDC2;SYF2;KIF5B;MYL12A;CHMP5;PSME1;DAZAP2;BCL6B;ARHGEF12;PCAT19;RGCC;SVIP;PKIG;SPTBN1;LARP7;CCNI;NHERF2;CETN2;NSRP1;CHCHD7;IFI27;TTC1;SUMO2;CSDE1;TMEM230;ZC3H13;NDUFB1;TNFSF12;EI24",0.8845646318334748,0.8340660522824255,,
"GAO_SMALL_INTESTINE_24W_C2_PROCRPOS_PROGENITOR",21,0.342232716996191,1.0358095475333404,0.4028268551236749,0.49453280021928386,"ITM2A;FLRT2;RAB23;MEOX2",1.758051964173471,0.015799334338433287,,
"SU_HO_CONV_CENT_CHONDROSARCOMA_C2_STROMAL",165,0.2244212101750651,1.0283738163354497,0.4050632911392405,0.4964412053019648,"VAMP2;PTGDS;ENPP2;SSPN;SP100;CHD9;TCF4;SLC44A1;JAM2;PDGFRA;MEF2C;OPTN;FGF7;C1S;CHAD;TCEA3;RAP1B;LIMA1;SOD3;SMCO4;BDH2;SERPING1;GNG11;CTSK;PNISR;MYLIP;MPHOSPH8;ZNF292",1.558741171340164,0.00836750404253193,,
"GAUTAM_EYE_IRIS_CILIARY_BODY_CILIARY_BODY_CELLS",94,-0.22030086437451166,-1.009612241469002,0.4112903225806452,0.503225806451613,"PHGDH;CHPF;PEX16;NR1D1;PGK1;PKM;ACTG1;MLF2;GPER1;P4HA2;DDIT3;AJUBA;DNAJC6;PDAP1;HSPG2;FGFR3;TSPAN5;UQCRFS1;DYNC1I1;BNIP3;TFRC;CCDC3;TNFRSF12A;RCN2;CRB2;CCDC51;GCSH;PROX1;LDHA",0.8932423298905826,0.739573916299117,,
"AIZARANI_LIVER_C24_EPCAM_POS_BILE_DUCT_CELLS_3",181,0.22088673820189242,1.0190078465352017,0.41606886657101866,0.5082183470867476,"CPM;BIRC3;SLC4A4;ATF3;CAPN2;BMP2;SLPI;CD59;HBEGF;GOLM1;CAV2;SHROOM3;AGR2;SGMS2;TENT5A;AKR1B10;ELF3;GALNT4;S100A10;LGALS2;KRT7;ANXA13;PIGR;KLF5;PDZK1IP1;TTN;MUC1;MLPH;PLD1;EZR;CALM2;TSPAN8;CGN;DCDC2;MUC13;TPPP3;AQP3;NFIB;GCNT3;AKR1C2;DSG2;KCNJ15;RAC1;WEE1;CLINT1;VAMP8;MAL2;ERBB3;TPM4;SPATS2L;LMNA;S100A14;LCN2;ATP1B1;DSTN;BACE2;CLDN1;SPTBN1;CFTR;SORBS2;DEFB1;GABRP",0.9564177738115298,0.6039535938816514,,
"RUBENSTEIN_SKELETAL_MUSCLE_FBN1_FAP_CELLS",284,0.20834558646130807,1.012983165427243,0.42354533152909335,0.5160463957873763,"ABI3BP;SCARA5;C3;IL6ST;UAP1;MARCKS;RAP1A;LSP1;ARL6IP5;NEGR1;SLPI;SMIM14;PDGFRA;HIGD1A;SEMA3C;CAST;CYBRD1;CRIP1;TNXB;C1S;UGP2;COL14A1;AHNAK;TFPI;LIMA1;SDCBP;TMCO1;ARF4;S100A10;CFD;EBF1;RBMS3;PI16;KLF4;SERPING1;RBPJ;CTSK;CCDC80;DAB2;LINC01133;S100A13;TGFBR3;ALDH1A3;MYOF;EFEMP1;LAPTM4A;GLUL;MFAP5;TPPP3;GPNMB;GLUD1;PMP22;CYTOR;RNF13;MEDAG;IGFBP5;CHRDL1;CD55;DST;AKAP12;VIM;GSN;NOVA1;TCEAL9;C1QTNF3;MRPS6;CCN1;C1R;LMNA;SERPINF1;CALU;MGP;SSR3;PRRX1;MMP2;DDR2;DCN;GSTO1;DEFB1;VCAN;SEC63;PLA2G2A;PLAC9;TIMP2;SOD1;NDUFB1;PDGFRL;FILIP1;ANXA5;NBPF10;ADD3;SEC61G;ANXA1;FBN1;PTPRA",1.5628691193952833,6.824517770690544e-4,,
"DESCARTES_MAIN_FETAL_SQUAMOUS_EPITHELIAL_CELLS",72,0.2575116291841125,1.0213911761905514,0.4238952536824877,0.5160463957873763,"TIPARP;GBP1P1;DUOXA1;CLCA4;IRF6;SERPINB5;STYK1;GTF2IP7;FAM3D-AS1;H1-2;SPINK5;RALA;CTNND1;RNF39;GLTP;DUOX1;FUT3",0.9382994771626335,0.629798989495111,,
"DESCARTES_FETAL_SPLEEN_ERYTHROBLASTS",40,0.2855860587028378,1.0090629854358937,0.425,0.5165071368597817,"ST8SIA1;HDC;IL1RL1;XACT;SLC14A1",0.9166114547634368,0.6658018082499539,,
"FAN_EMBRYONIC_CTX_BRAIN_ENDOTHELIAL_1",434,0.20156276571849657,1.0137219726839208,0.4256926952141058,0.5165071368597817,"CD27;ITM2A;SPOCK2;GIMAP7;SULT1C4;PALMD;GBP4;LXN;CA2;CAPN2;CLEC2B;RASGRP3;SLC14A1;LIFR;TCF4;TUSC3;MMP28;JAM2;BHLHE40;CAV2;PLEKHG1;KITLG;ST6GALNAC1;PREX2;CAV1;PIK3R6;CA4;CLEC3B;RAPGEF5;MYCT1;CAVIN2;EMCN;DLC1;BMPR2;SLCO2A1;PRKCH;ADGRL2;SMG1P2;AHNAK;BBS9;OXR1;UTRN;CALCRL;TMEM50B;PECAM1;S1PR1;MATN2;EDN1;ADGRL4;S100A10;ACVRL1;FRY;HEG1;TEK;EBF1;FZD4;YES1;ARHGAP29;ADM;EPAS1;MYO6;TTN;KLF4;SLC39A8;ARHGAP18;GPD1L;GNG11;PDE4B;IFI35;RFTN2;NOSTRIN;RHOJ;STXBP1;IFNAR2;S100A13;CYYR1;ZNF366;LAPTM4A;LAMA4;C1orf115;PLLP;PTPRM;ABLIM3;APOL4;SVIL;FKBP1A;SMAD1;RPS6KA2;CETP;PRCP;APLNR;LMO2;SEMA6A;SNTB2;CD93",1.3890842659645681,0.004771931940976879,,
"DESCARTES_FETAL_MUSCLE_SKELETAL_MUSCLE_CELLS",112,-0.21275307555782616,-0.9982354779279689,0.4289855072463768,0.5196363548674914,"FGFRL1;DES;IGFL4;PACSIN3;ITGB1BP2;BIN1;HSPB6;PFKM;ACTC1;ACTA1;SP5;LDB3;PHKG1;HSPB8;HCN1;MYOM3;TMEM52;GPD1;ENO3;TPM2;MYL5;PHOSPHO1;CARNS1;IL20RA;ONECUT2;KRT80;TPM1;TNNI1;TRIM7;TTC39A;RPRM;EEF1A2;LTK;NEB;PRKAA2;CACNB1;CLDN9;DDN",0.8278525947232649,0.850064989026443,,
"DESCARTES_FETAL_PANCREAS_ENS_GLIA",31,0.3057278460240177,1.021372483442401,0.4302721088435374,0.520329061857301,"GFRA1;S100B;SLC16A4;TAC1;TSPAN11;ADAM23;COL28A1;ERBB3;B3GALT2;GRIK3",1.0844633819203862,0.4088509491182748,,
"HE_LIM_SUN_FETAL_LUNG_C1_LATE_AIRWAY_PROGENITOR_CELL",20,0.33536475216842543,1.0109145705211002,0.43252595155709345,0.5221872184636219,"RAB27B;AGR3;CFH;RP1;CAPS;LIPH;ANTXR2",1.2948058888646878,0.18910182405910875,,
"CUI_DEVELOPING_HEART_RIGHT_VENTRICULAR_CARDIOMYOCYTE",20,0.3325996130651212,1.0025794089068467,0.43944636678200694,0.5296638328101011,"GPRIN3;TXNIP;KIFAP3;C7",1.4729029551250172,0.07445502892875927,,
"HE_LIM_SUN_FETAL_LUNG_C7_KCNIP4_POS_NEURON_CELL",82,0.24853807456535504,1.0089621239913376,0.44122383252818037,0.5309271902157279,"IFI16;PALMD;HDAC9;UNC5C;NEGR1;CPNE8;TMEM255A;DPF3;PKIA;ADM;SLC17A5;SGIP1;HEATR5A;GUCY1A1;LDB2;TAPT1;ERVK3-1;PCLO;FAIM2;RUNDC3B;VIP;PDE2A;SMAD9;TCF7L2;PLXNA2;ARFGEF3;MTUS1;CHRM3;PROM1",1.1565861864153997,0.24763308577583765,,
"FAN_EMBRYONIC_CTX_BIG_GROUPS_EXCITATORY_NEURON",33,0.30029739969467817,1.025764605006268,0.4429530201342282,0.5315638876085558,"SLA;MIAT;SEMA3C;LINC00342;BHLHE22;FBXW7;ZBTB18;PCLO;DOCK9;PLXNA4;PLXNA2;PPP2R2B",1.2446231944507495,0.21185090793246258,,
"HE_LIM_SUN_FETAL_LUNG_C1_PULMONARY_NE_PRECURSOR_CELL",256,0.20856932276409593,1.0036012500430176,0.44321329639889195,0.5315638876085558,"ADAM28;BCL2;VGF;STMN2;MIAT;CHGB;HEPACAM2;LMBRD2;CHGA;MS4A8;NEGR1;CBFA2T3;SLIT1;SCN3A;ABCA5;PKIB;CEP126;ANK2;RUNDC3A;PDGFD;OPTN;LINC00261;CPEB3;RASA4B;TOX;KCND3;BAALC;RGS17;EPB41L4A;ATL1;RETREG1;SCG5;TMEM181;SYP;KRT7;RTN1;MFSD6;NRG1;AMIGO2;GPC6;PRUNE2;SLC36A4;ELAPOR1;FBXW7;NCAM1;NLRP1;SCGN;COL22A1;FNBP1;EGLN3;GCNT1;DOP1B;ATP2A3;PNPLA7;GCH1;PCLO;MTMR7;TMOD2;DUSP10;RASA4;ELOVL7;RUNX1T1;SCG2;TRMT9B;IQSEC1;DST;OTULINL;SPECC1;STMN3;STX1A;CACNA1A",1.2272539677498209,0.1182170542635659,,
"DESCARTES_FETAL_STOMACH_ERYTHROBLASTS",72,-0.2279025020765394,-0.9897346974012754,0.44501278772378516,0.5320382062489882,"SLC25A39;FAM83D;OSBP2;CDC20;SPTB;HMBS;INCENP;CDKN2D;PPME1",-1.0881308744645193,0.3350639483348107,,
"BUSSLINGER_GASTRIC_LYZ_POSITIVE_CELLS",103,-0.2178844155686421,-1.005463955367465,0.4450704225352113,0.5320382062489882,"RPL19;RPLP0;EEF2;RPS2;RPS14;RACK1;RPL3;RPL10;FAM3B;RPL7A;RPS23;RPS3;CD81;RPL41;RPL17;RPS4X;RPS28;ZDHHC9;RPS8;ETV5;RPL18A;RPS21;RPL23;RPL6;RPL18;RPL29;SLC12A2;RPS15;RPS18;EEF1A1;RPL10A;RPL5;RPS6;RPS5;RPL13;TFF2;RPL12",-0.8788703126234158,0.8002222222222223,,
"DESCARTES_FETAL_PLACENTA_STROMAL_CELLS",34,0.29832517018106053,1.020523305765017,0.44612794612794615,0.5321594521887992,"PTGFR;FMO1;MATN2;MSC-AS1;LINC01133;ACKR1;SLIT2;TCF21;GDNF;GATA6-AS1;FREM1;CLMP;PON3;PKP1;LIN7A;SELENBP1;COL8A2",1.56341083685974,0.04046618280359618,,
"ZHONG_PFC_C8_UNKNOWN_NEUROD2_POS_INTERNEURON",71,0.25799778272107154,1.0172316478847447,0.4466338259441708,0.5321594521887992,"LPL;SLA;UNC13A;CYRIA;CNTN3;FOXP1;DTX1;SEMA3C;CEP126;BHLHE22;SMARCA2;B3GAT1",0.9001366628400341,0.7111522198731501,,
"HAY_BONE_MARROW_CD34_POS_PRE_PC",93,0.24072823406738786,1.0021260214995085,0.4492063492063492,0.5343500363108207,"GBP4;TP53INP1;CHD9;HHIP;LINC00426;SYNE3;GAB1;BLNK;ABCG2;STAG3;S1PR4;ELK3;EBF1;ZNF22-AS1;ABHD17B;SMAD1;LAPTM5;ZNF22;SEMA6A;PPFIBP1;HHIP-AS1;AKAP12;MAP1LC3B;ZCCHC7;GABPB1-AS1;TMEM217;ERO1B;MDM4;PRCD;SEC63;SNX2;LUC7L3;ERG;RAG1;CKMT2;TOP2B;MT1X;CMTM7",1.0941043973289974,0.35781571975272297,,
"DESCARTES_MAIN_FETAL_ENS_NEURONS",20,0.33088459241679413,0.9974096963746614,0.4515570934256055,0.5362700881139328,"MYH15;FGF13;HEATR5A;HTR4;PPEF1;VIP;ETV1",1.1848832625717713,0.2950970427375248,,
"TRAVAGLINI_LUNG_FIBROMYOCYTE_CELL",24,-0.2971298282410302,-0.9799586922406921,0.45410628019323673,0.5384191726069648,"ACTG2;WIF1;KCNMB1;SBSPON",1.0645974288419109,0.4365983709341504,,
"DESCARTES_MAIN_FETAL_NEUROENDOCRINE_CELLS",24,0.3140995648142542,0.9935874065244701,0.4557823129251701,0.538583579581172,"TPH1;LINC00261;FFAR2;ENTPD8;LINC00390;PRORSD1P",1.3172092740724026,0.1836277123140928,,
"DESCARTES_FETAL_CEREBRUM_SKOR2_NPSR1_POSITIVE_CELLS",32,-0.2816898935413373,-0.9916532322884178,0.4560975609756098,0.538583579581172,"FGF19;PCP4;SPINT1;HSPA12A",1.2110821080971608,0.24763308577583765,,
"SU_HO_CONV_CENT_CHONDROSARCOMA_LEUKOCYTE_C1_M2_MACROPHAGE",88,-0.22437974574436528,-1.014221457810896,0.45646437994722955,0.538583579581172,"GAPDH;GPI;ENO1;TUBGCP2;IFITM3;TPI1;SLC2A1;BLVRB;TIMP1;SLC6A8;EIF4EBP1;GAPLINC;ZNF385A;PLIN2;MACROH2A1;BNIP3;FTL;P4HA1;LDHA;LGALS1;ATF5;TNS1;TMEM51;RPS27L;PLTP;SPP1;TMIGD3;TGFBI;LY6E;GABARAP;TREM1;PRR13;BEX3;SLC2A5;NDRG1",0.7665158964865681,0.924474255417571,,
"DESCARTES_MAIN_FETAL_BRONCHIOLAR_AND_ALVEOLAR_EPITHELIAL_CELLS",23,0.3157461961649831,0.9911209086275231,0.4590443686006826,0.5407512950506422,"CPM;TSPAN13;ACOXL;BMP3;MBIP",0.9752500124680821,0.5348881304512704,,
"GAO_LARGE_INTESTINE_24W_C5_LGR5POS_STEM_CELL",60,-0.23848695156323596,-0.9896589891779014,0.4601990049751244,0.5412356633633127,"GDF15;HNF1A;RNF157;GJB1;ARSL;PCSK9;MYOM3;ITPKC;LY6G6D;PLAGL2;GOLT1A;PTGDR;SLC27A2;DAPK2;SLC38A4;CLDN15",-1.0948037980396537,0.3532323988256289,,
"JONES_OVARY_GRANULOSA",80,-0.22365200767010254,-0.9907394016554641,0.46153846153846156,0.5419354838709677,"INHBB;HS6ST1;LRP5;NECTIN1;SPINT2;PRSS23;MYO10;LIMS2;PRAME;MFAP2;ADCK2;DAG1;HSPG2;CCND2;VEGFA;CDH3;FSCN1;ALDH18A1;SRPX;CDH2;IHH;CENATAC;FHOD3;CKB;PSMA3;PPP1R13L;LY6E;BUB1;MAGED2;TSPAN7",0.8136980730943926,0.848863465639372,,
"DESCARTES_MAIN_FETAL_INTESTINAL_EPITHELIAL_CELLS",68,0.2555619454404659,1.0045971311435966,0.46991869918699186,0.5508869774688085,"SI;BTNL8;SLC17A4;TPSG1;CLCA1;LPGAT1;CUBN;BTNL3;GUCA2A;XDH;ZBTB38;ANXA13;PRKG2",-0.9683458245875036,0.6018817538194015,,
"SU_HO_CONV_CENT_CHONDROSARCOMA_STROMAL_C0_MINERALISATION_STROMAL_CELL",173,0.21688532460030568,0.9926153927920688,0.47307132459970885,0.5536911966376014,"RIPOR2;SELENOP;VAMP2;ANKRD12;PTGDS;ENPP2;BMP2;LIFR;AKAP9;STK17A;C1orf21;SLPI;JAM2;BHLHE40;MEF2C;LITAF;PDGFD;RHBDL2;H1-2;CHAD;DEPP1;TCEA3;SERPINB1;SNX4;SNAPC1;F13A1;CITED2;CPEB4;PDGFA;NCAM1;ZNF292;S100A13;STEAP4;COL22A1;APPL1;ITGB2",1.095277417748609,0.3350639483348107,,
"ZHONG_PFC_C7_ORG_UNDERGOING_NEURONAL_DIFFERENTIATION",55,0.2652781744798886,0.9973794526823443,0.47619047619047616,0.5562666666666667,"CHL1;SLA;MIAT;SEMA3C;CEP126;MEF2C;TTC14;IQGAP2;FGF9;DLG2;SORL1;MTURN;RUNX1T1;SH3PXD2A;ESYT2;ATAD2B;GAREM1;EPHA3;ADGRG6;GLRA2;MLLT3;SRGAP1",1.2268460064704974,0.19681231338576055,,
"MENON_FETAL_KIDNEY_3_STROMAL_CELLS",80,0.24320621680708798,0.987435839496642,0.4768,0.5562666666666667,"SFRP1;MARCKS;FOS;CCDC88A;ZEB2;EMCN;NKTR;FLRT2;CLDN11;NCAM1;PBX1;PPP1R12A;SEPTIN7;TCF21;IGFBP5;PALLD;DST;AKAP12;VIM;TPM4;PTN;CYP1B1;TTC3;SEPTIN11;VCAN;CDH11;MDK;FSTL1;TOP2B;RAI14;CALD1",1.6962855739543112,0.004556406985851088,,
"HE_LIM_SUN_FETAL_LUNG_C0_VASCULAR_SMC_2_CELL",159,0.21784792098864716,0.9910710012258382,0.4776978417266187,0.5564224460431655,"RCSD1;RIPOR2;ITGA4;ARHGDIB;FRZB;TSPAN2;VAT1L;CAV2;MEF2C;RRAD;DGKH;ENTPD1;CRIP1;RAPGEF5;EFNB2;RASGRP2;PHLDB2;RGS16;FGF13;MAMDC2;FRY;INPP4B;EBF1;PDLIM5;ARHGAP29;EPAS1;FRK;NAB1",1.3357424266641504,0.06633100288049078,,
"DESCARTES_FETAL_ADRENAL_SYMPATHOBLASTS",37,0.28619457399453635,0.9927650918387453,0.47892074198988194,0.5569557510681055,"VGF;CNTN3;CHGA;PACRG",-0.9803577581926473,0.5610431352496439,,
"FAN_OVARY_CL14_MATURE_SMOOTH_MUSCLE_CELL",302,-0.18550795757762703,-0.9945837370229532,0.484375,0.5624003189792663,"NDUFA4L2;TBCB;MTHFD2;LGALS3BP;SERPINI1;WDR1;PLP2;PPP1R14A;ATP5MC3;RNH1;GNAS;PHPT1;GSTP1;IFITM3;NDUFA13;HES4;ACTN4;CYB5R3;OST4;NDUFA1;ACTN1;PEBP1;ACTB;CD151;PHLDA2;TINAGL1;MYH11;RAB11B;IFITM1;ROMO1;UBB;PDLIM7;ECH1;NDUFB7;NOTCH3;COX8A;HIGD1B;MYL9;COX6A1;BSG;TAGLN;FLNA;FKBP8;ACTA2;CALM3;CHCHD10;MDH1;OAZ2;C12orf57;CRYAB;LGI4;EFHD1;COX5B;TPM2;LMOD1;AP2M1;CCDC3;PTP4A3;SRSF7;DBI;ARPC1B;CPE;SERF2;MCAM;ACADVL;IFITM2;DCTN3;COPS6;DYNLL1;TSPO;SLIRP;FXYD6;ATP5F1D;YWHAQ;TPM1;ISG15;IGFBP7;YWHAH;CBX6;LGALS1;COX7A1;EIF5A;PARK7;MCRIP1;HSPB1;ATP5ME;KANK2;RHOB;NDUFA3;COX6B1;CKB;MAP1B;ELOB;PIN1;PFN1;TGFB1I1;MFGE8;HEXIM1;CALM1",0.912763941251007,0.7375673015689226,,
"DESCARTES_FETAL_LUNG_NEUROENDOCRINE_CELLS",62,0.25387971635543405,0.9798090226909701,0.49836065573770494,0.577717448052626,"TPH1;VGF;HEPACAM2;CHGA;PCSK1;PTGFR;LINC00261;KCND3",1.2709931914193162,0.16055564529155228,,
"HE_LIM_SUN_FETAL_LUNG_C7_TM4SF4_POS_CHODL_POS_NEURON_CELL",39,-0.2628603778198051,-0.9734398685293869,0.5012531328320802,0.5801467101776699,"NDUFA4L2;MYT1;ARID3B;PHYHIPL;RPS6KL1;NXPH4;FNDC5;IGFBPL1;CDK5R1",-1.0555030249210913,0.4088509491182748,,
"DESCARTES_FETAL_THYMUS_THYMIC_EPITHELIAL_CELLS",178,0.2123347646267956,0.9740983549355092,0.512372634643377,0.5920750444767912,"CNTN3;PRSS16;IQSEC3;MAPK10;IRF6;SYNE1;B3GALT5;TRPM6;PKNOX2;NKAIN4;ARHGAP42;COL17A1;FAS;EPB41L4A;KLF3-AS1;SLCO2A1;CLEC1A;DSC2;RASEF;SNX29;CLIC6;EYA1;ADARB2;RBMS3;OXCT1;PPP1R26-AS1;FAM163A;COL4A6;ZRANB2-DT;MOB3B;ZNF483;PRKG1;PAPLN;SGPP2;ANGPT1;SLC44A3-AS1;ABCA3;CDC14B;EGFR;CSRNP3;ANKRD22;ACHE;FGFR2",1.3271038884756368,0.07661046557442718,,
"DESCARTES_FETAL_KIDNEY_METANEPHRIC_CELLS",51,-0.24403557735112527,-0.9686977557053051,0.517948717948718,0.5975699947173799,"ADGRG2;OR51E1;NOTUM;OR51E2;WFIKKN1;USH1C;KLK6;PTPRO;MESP1;SHISA9;DAPL1;SH2D5;SIM2;TNNI1;KIF1A;CALCA;C3orf85",-1.0532845007838154,0.42794131550929637,,
"GAUTAM_EYE_CORNEA_CYTOTOXIC_T_CELLS",141,-0.19728548920352787,-0.968089413955531,0.5201238390092879,0.5991299917701924,"DMAC2;ANKRD54;NF2;TRMT1;RHBDD3;EDC3;ATP5MC3;DELE1;ZC3H7B;PCGF1;PLOD3;ENTREP3;CELSR2;LDB1;UBE2O;MAPKBP1;PSTK;TTL;COQ8B;AMDHD2;EIF2B1;SUGP1;MED25;INTS1;THOC6;CEP72;ITPK1;SH2B1;IDUA;MLYCD;DTYMK;CSKMT;TM4SF4;ATP9B;ANKS3;RIN1",-0.9557731472805113,0.6223202815704141,,
"DESCARTES_FETAL_EYE_STROMAL_CELLS",77,0.2424400760484382,0.9720533852263326,0.5238095238095238,0.6024223275408109,"SCARA5;FMOD;COL14A1;CREB3L1;RNASE4;OLFML1;PI16;OGN;MFAP5;MMP19;CA12;KDELR3;LUM;MEDAG;PCDH18;CXCL12;IGSF10;C1R;INHBA;PODN;MGP;NDNF;DCN;PTHLH",2.1473367769510507,5.212578741922875e-6,,
"HE_LIM_SUN_FETAL_LUNG_C2_APOE_POS_M2_MACROPHAGE_CELL",462,0.1942482814030435,0.9835259827994688,0.5297029702970297,0.6082393728331824,"CD38;RARRES1;LXN;VCAM1;EBI3;SAMD9L;SLC37A2;GBP2;CASP10;ENPP2;GIMAP6;RASGRP3;CMKLR1;TMEM220;FAM78A;C11orf54;DDX60L;CLIC2;SMPDL3A;GFRA2;GBP1;DAPK1;CD59;LZTFL1;PATL2;CD209;MMD;RIGI;GALM;ELL2;OPTN;APPL2;PGM2L1;EEIG2;TPD52;IFIT2;IL18;APOL6;LYSET;PDE6G;STOM;MSR1;DTX3L;C2;HLA-F;S1PR1;SLC38A6;LHFPL2;CEACAM21;IFIT3;BCAP29;PHACTR2;CD72;ACVRL1;ZNF654;PAPSS2;RAB3GAP2;FAM120B;CBFB;B3GALT4;EPAS1;SETBP1;ZBTB24;DENND2D;PLD1;IFIH1;PLA2G7;SERPING1;GAL3ST4;SOCS6;TCEAL3;FAM114A1;FCGBP;SLFN5;SUCNR1;NMRK1;NFAM1;FPR3;ADORA3;SGTB;MORN2;DPY19L3;SASH1;FLVCR2;SH3YL1;RHOBTB1;CCDC106;MMP19;XAF1;LACC1;SIKE1;GPNMB;RCAN1;CETP;TDP2;EPSTI1;PGM3;EMP1;SNTB2;RAB42;SLC1A3;C1orf54;CD40;ARHGAP21;PALLD;TMEM140;DENND11;UBASH3B;SIGLEC7;APOC1;CXCL12;FNDC3B;DENND4C;PANK3;TMEM37;GSAP;C15orf48;GPR137B;EIF2AK2;DST;SH3PXD2A;BCAR3;DERL1",1.3322910782959698,0.007143789047323022,,
"SU_HO_FOETAL_FEMUR_C1_RESTING_CHONDROCYTE",41,0.27022274808540975,0.9617992658071642,0.5306799336650083,0.6084015617450804,"PHC3;GREM1;FMOD;COL14A1;MON2;EBF1;H2BC21;COL9A2",1.2465169748867013,0.20608665477502267,,
"BUSSLINGER_ESOPHAGEAL_QUIESCENT_BASAL_CELLS",74,-0.21800353627030292,-0.9537046045256778,0.5357142857142857,0.6132075471698113,"SLC7A5;SLC1A4;EEF2;RPL4;LAMA5;RACK1;FTH1;IFITM3;RPL3;RPL10;RPLP1;IFITM1;RPS3;SLC7A1;CD81;KRT15;TNC;SNHG29;HSP90AB1;TNS1;ITGB4;JAG2;EEF1A1;RPL5;RPS6;RPL13;NTRK2;CLSTN1",0.9604285095076156,0.5965681337993404,,
"DESCARTES_MAIN_FETAL_MESANGIAL_CELLS",15,0.34145010833944284,0.9411036510879147,0.5474452554744526,0.6256517205422315,"TMTC1;MOXD1;FLRT2;CLDN11",1.6230759355959252,0.026864616723666603,,
"CUI_DEVELOPING_HEART_ENDOCARDIAL_CELL",49,0.2519686435236792,0.9366931100977994,0.551779935275081,0.6294706405693951,"ITGA8;TMEM100;NT5E;LEPR;ITM2C;TFPI;EPHA4;EPS8;QSOX1;DSG2;KLHL4;F2RL2",1.365404743937935,0.09936111995736467,,
"DESCARTES_FETAL_LIVER_STELLATE_CELLS",104,0.2248192249770713,0.9553415893853296,0.5526315789473685,0.6294706405693951,"ITGA8;LIFR;HGF;PDGFRA;GEM;SVEP1;PKNOX2;BMP5;DENND2B;RSPO3;FAT3;RBMS3;MSC-AS1;GPC6;ITGA1;COLEC10;STEAP4;DSEL;VSTM4;SPRY1;FGF1;FGF10;LUM;VIPR1;TRMT9B;FGFR2;HS3ST3B1",1.7183709195418406,0.0025681902684098405,,
"FAN_EMBRYONIC_CTX_NSC_1",16,0.3287642196991748,0.9334114142274902,0.5533807829181495,0.6294706405693951,"FOS;MEF2C;ZEB1;CCDC80;SPRY1;VIM;DUSP6;PDLIM1",1.2409500442881174,0.253180565040342,,
"DESCARTES_FETAL_LUNG_LYMPHATIC_ENDOTHELIAL_CELLS",42,-0.25283827068616577,-0.9483918799595391,0.5572916666666666,0.6329303172126886,"FZD10;FOXC2;HOXD3;LINC01116;HOXD9;RAB11FIP5;TSPEAR;POU4F1",1.4773550807777678,0.04399780949812077,,
"DESCARTES_FETAL_MUSCLE_LYMPHATIC_ENDOTHELIAL_CELLS",56,0.24897179345246423,0.9367253975658049,0.5745033112582781,0.6514616987477048,"ANKRD36BP2;MFSD4A;IL7;EFNA5;CXADR;CALHM6;RASSF9;CCL21;STAB2;ASGR2;CMKLR2;PCLO;PPFIBP1;KLHL4;TMEM217;TPMT;GCOM1;CEP19",1.063280240731144,0.4291318576335956,,
"ZHONG_PFC_C5_BCL11B_CALB2_POS_INP",19,0.3087546740975105,0.9170968019571976,0.5775401069518716,0.6538867773887442,"THSD7A;RUNDC3A",-0.6736086431843812,0.92967571493563,,
"DESCARTES_FETAL_KIDNEY_MEGAKARYOCYTES",97,0.226340927828843,0.9463059548788423,0.5851735015772871,0.6615004800438897,"PKHD1L1;MMRN1;CNST;RAB27B;FMO5;KLF9;SELP;F5;KIAA0513;ZG16B;ADAM32;RAB3C;TM7SF3-AS1;FKBP1B;SUCNR1;GP1BA;P2RY1;GTF2E1",1.0343554443761849,0.4589299303548063,,
"DESCARTES_FETAL_PANCREAS_VASCULAR_ENDOTHELIAL_CELLS",52,0.24741640987018254,0.9257824911466251,0.5894909688013136,0.6653479461819478,"VSIG2;BHLHE40-AS1;TCIM;JAM2;CLEC3B;NOSTRIN;CYYR1;FAM124B;CD93;HAPLN1;SLC9C1;F2RL3;AVPR2;FAM167B;BCL6B;CD34;EXOC3L1;IFI27",1.5223478691887429,0.03651169513520611,,
"DURANTE_ADULT_OLFACTORY_NEUROEPITHELIUM_RESPIRATORY_COLUMNAR_CELLS",24,-0.27559540441262736,-0.9089363854666986,0.5990338164251208,0.6750721646400741,"SLC25A5;KRT23;PRDX1;KRT18;KRT8;HSPB1;PERP;TXN;ALDH3A1;CD9;CSTB",-0.9824061588582919,0.5143856920684292,,
"HE_LIM_SUN_FETAL_LUNG_C0_INTERM_CHONDROCYTE",59,0.24341066542258794,0.9227440061797235,0.6098807495741057,0.686233671854635,"TYRP1;FRZB;NEDD9;HHIP;YPEL2;PLEKHG1;S100B;COL9A2;CHST11;SEMA6A;MECOM;FOXP2;HAPLN1;SUSD5;FGFR2;SOX6;PDGFC;CDC42EP3;PRRX1;RGCC",1.386054393019508,0.08994406878704399,,
"DESCARTES_FETAL_LIVER_ERYTHROBLASTS",37,-0.24940743614242436,-0.9140271052565043,0.6136919315403423,0.6894563675329772,"SLC6A9;OSBP2;SPTB;XG;KCNH2;FHDC1;TFRC;TSPAN17;A4GALT;MINPP1;DNAJA4;ALAD;PIGQ;SLC38A5",-0.783949523650253,0.821335363201392,,
"FAN_EMBRYONIC_CTX_BIG_GROUPS_GLIAL",118,-0.19642989004287092,-0.9301474978059846,0.622356495468278,0.6979517501185041,"PHGDH;LRPAP1;SIGMAR1;PSAT1;HACD3;ENO1;ADGRG1;MT3;GRHPR;TPI1;TM7SF2;DHCR7;DCXR;MYO10;TXNDC12;TIMP1;DAG1;BMP7;RCN1;ALDOC;CYP51A1;DBI;CPE;DTNA;GCSH;LAPTM4B;OAT;TNC;IDH1",0.8816542751323755,0.7598868094857817,,
"SU_HO_CONV_CENT_CHONDROSARCOMA_STROMAL_C4_CANCER_ASSOCIATED_FIBROBLAST",155,0.20413112042524792,0.9255810119002299,0.6235632183908046,0.6979517501185041,"ABI3BP;FOXP1;SLC44A1;PDGFRA;SPON1;GOLM1;CFH;CYBRD1;FGF7;ITGAV;TENT5A;MPZL1;COL14A1;CREB3L1;TM9SF3;SMCO4;FAP;FAM3C;UGCG;FAM114A1;IL1R1;FRMD6;CCDC80;DAB2;LTBP2;ECM2;ERLEC1;GPX8;TGFBR1;MFAP5;JTB",1.4116098584677002,0.030182340903376292,,
"DESCARTES_FETAL_KIDNEY_MESANGIAL_CELLS",28,-0.25850760539047846,-0.8847299656430854,0.6241299303944315,0.6979517501185041,"FGF19;NKD2;REN;APCDD1;SHC3;NKD1;SLC6A1;TNC;FOXS1;SYNPO2",0.9807601295556638,0.550295746168528,,
"DESCARTES_FETAL_INTESTINE_ENS_NEURONS",67,0.23329798044686942,0.9151138457928245,0.6294498381877023,0.7028212917187842,"STMN2;DCLK1;VAT1L;SLIT1;OLFM1;ADCYAP1;MYH15;FGF13;SYT2;SGIP1;FAM163A;HEATR5A",1.0107717679274795,0.5130281807016962,,
"DURANTE_ADULT_OLFACTORY_NEUROEPITHELIUM_MATURE_NEURONS",147,0.20404161839231974,0.9208941286154277,0.6337209302325582,0.7065066419744294,"STMN2;VAMP2;SCGB2A1;CHGA;MAPK10;RUNDC3A;CFAP126;KIFAP3;EFNA5;OLFM1;GLCCI1;CFAP69;MPZL1;RETREG1;STOM;NDUFA5;EFHC1;RTN1;CAPS;IFI27L2;H2BC21;CALM2;NCAM1;MORN2;SPEF2;PCDH9;TSHZ2;TPPP3;RIC8B;CYB5R1;SPAG16;MLF1;GABARAPL2",0.8339218391843694,0.8446860675834134,,
"ZHONG_PFC_C1_NEUROD1_POS_EXCITATORY_NEURON",20,0.2938864455180703,0.8858834684679906,0.6366782006920415,0.7087182417489392,"THSD7A;ZFPM2;MYO6;PCDH9;PTPRK",0.8366711556203471,0.7382238437863069,,
"FAN_EMBRYONIC_CTX_BRAIN_ENDOTHELIAL_2",297,-0.17584481580506958,-0.9473567912537126,0.6441947565543071,0.7159905080481459,"NDUFA4L2;NT5DC2;SMTN;CYC1;COX7B;AGRN;DMD;LGALS3BP;SLC12A7;RAPGEF4;PPP1R14A;CDC42EP1;PLOD1;DOCK6;PELO;IFITM3;GPER1;HES4;SERPINH1;CSPG4;GGT1;ECE1;GPRC5C;HEY2;ACTN1;CD151;EDNRA;IFITM1;PDLIM7;NOTCH3;TIMP1;HIGD1B;ZYX;CTTN;MYL9;ADA;TAGLN;FLNA;FN1;TBXA2R;GJA4;C12orf57;MYH9;NR2F1;TPM2;CCDC3;CPPED1;TESC;SLC6A1;CPE;MCAM;SPON2;GMDS;GALNT18;BMP1;EPB41L1;FXYD6;ATP5F1D;TMEM204;SLC20A2;TBX2;ADAM33;FOXS1;ECM1;TNFAIP8L1;COL6A2;IGFBP7;ARHGEF17;MAP3K20;NODAL;SGPL1;CD248;LGALS1;COX7A1;COL6A1;TNS1;NHERF1;KANK2;PDLIM2;SLC12A2;PTGDR2",1.3689454008945576,0.019846725757763566,,
"DESCARTES_FETAL_STOMACH_ENS_NEURONS",37,0.25572384476640786,0.8870668045569814,0.6458684654300169,0.7167564677333115,"STMN2;UNC5C;TMEM255A;OLFM1;KLF3-AS1",0.9687617114641566,0.5546688450421012,,
"JONES_OVARY_OOCYTE",51,-0.22528543190455022,-0.8942691661922624,0.6564102564102564,0.7273465246067985,"NCK2;ACTL8;PFDN2;ODC1;EIF4ENIF1;UBB;UHRF1;PFKP",-1.0842519722792563,0.36446280991735536,,
"HE_LIM_SUN_FETAL_LUNG_C3_HMOX1_POS_PRIMITIVE_ERYTHROBLAST",20,-0.27593059698346956,-0.8705965459336306,0.65801886792452835,0.728020875150542,"AEN;GDF15;FDXR",0.9145692542347256,0.6293672482657136,,
"DESCARTES_FETAL_MUSCLE_SCHWANN_CELLS",68,0.22898880030846522,0.9001398524237134,0.6601626016260163,0.7292843307795749,"CHL1;MOXD1;S100B;ITGB8;B3GAT1;KIRREL3;GLDN;ADAM23;DHH;PLLP;PLEKHA4;PPP1R1C;PMP22;KIAA1755;TMEM92;HMGA2-AS1;DST;MEGF9;FLRT3",1.083717640917921,0.3637620799369062,,
"DESCARTES_FETAL_MUSCLE_SATELLITE_CELLS",23,-0.2696140320474839,-0.8779549037540091,0.6634615384615384,0.7316299498798107,"FGFR4;CLCN5;KRT40;POU4F1;GALNT14;OPRD1;NEU4",-1.0987533720974652,0.36446280991735536,,
"AIZARANI_LIVER_C11_HEPATOCYTES_1",202,0.19505880209395807,0.914283116628916,0.6642958748221907,0.7316299498798107,"ADH1B;CP;C3;VNN1;SLC7A2;TMT1A;AR;FMO5;PDK4;C11orf54;SMIM14;CFH;F5;HPGD;ELL2;LINC00261;C1S;UGP2;RETREG1;CYP3A5;GSTA1;C2;IL1RAP;FMO3;PRDX6;PBLD;MSMO1;SERPING1;ANG;ALDH6A1;MT1M;CYP3A4",0.9234161574277562,0.6805434376168517,,
"HE_LIM_SUN_FETAL_LUNG_C1_MUC5AC_POS_ASCL1_POS_PROGENITOR_CELL",45,-0.2344482301389644,-0.8870242966814654,0.6692913385826772,0.7360182696196208,"PCP4;HES6;SNCAIP;MAB21L4;SULT2B1;DLL3;CDC25B;LFNG;CDH2;ESPN;CPXM2;RPRM",-0.7859812935721496,0.8615508577307277,,
"HE_LIM_SUN_FETAL_LUNG_C2_NEUTROPHIL_CELL",52,0.23419440616702789,0.8763084100511997,0.6798029556650246,0.7457557502738227,"RAB27A;VNN1;RGL4;F5;ADM;CLEC4E;MTARC1;LRRK2;STEAP4;PADI2;MGAM;VNN2;MEGF9;CYP1B1",1.1195157143619978,0.3340765765765766,,
"JONES_OVARY_MAST_CELL",46,0.23896430135357566,0.8772698787789871,0.6801948051948052,0.7457557502738227,"CD59;CAV2;CRIM1;CAV1;SOD3;PALM2AKAP2;ARHGAP18;LDB2;TSHZ2;PALLD;PKIG;DDR2;PLAC9;PDLIM1;ERG;ADGRF5;ARL4A",1.3015892656564445,0.15792246428460752,,
"ZHENG_CORD_BLOOD_C3_MEGAKARYOCYTE_ERYTHROID_PROGENITOR",92,0.21563192670861478,0.894877321767065,0.6988906497622821,0.7651013428976563,"CD40LG;HDC;PRKAR2B;CSF2RB;CD36;PIP4K2A;PDCD4;ZEB2;MBD4;CSF1;STAT5A;CXADR;MPC2;GLUL;CDC42BPA;GATA2;NET1;CYTOR;APOC1;ANK1",0.9706205680014114,0.5848247464337168,,
"GAUTAM_EYE_CORNEA_ELF3_HIGH_EPITHELIAL_CELLS",143,0.19926981090034077,0.8950309636104035,0.7032163742690059,0.7686809616634178,"FOSB;KAT2B;BHLHE41;NR4A1;CDKN2B;PDCD4;RRAD;SMIM30;CRIP1;CLEC7A;KLF10;PLXDC2;GALNT3;OXR1;SMIM5;XDH;EGR1;ADM;MYO6;SRP9;MT1M;EZR;NMRK1;RIN2;LIPH;YWHAZ;EFCAB14;GLTP;TMEM19;CDC42;EMP1;PID1;MBD2;OSBPL1A;ERBB3;HMGCS1;ESRP1;MICOS10;IER5;SCARB2",-0.9517129626195757,0.619294743845642,,
"DESCARTES_MAIN_FETAL_CARDIOMYOCYTES",16,0.28933472622142953,0.8214651102683426,0.7064056939501779,0.7703458331563823,"TRIQK;INCA1;PPP1R12B;SLC8A1;MYOCD;SORBS2;FILIP1;FGF12",1.0412730091131162,0.46044829086246764,,
"HE_LIM_SUN_FETAL_LUNG_C3_DEFINITIVE_ERYTHROBLAST",22,-0.26265021572232095,-0.8477887497226284,0.706855791962175,0.7703458331563823,"SLC7A5;ATG4D;ANKRD9",-0.9431805406564527,0.6005707447298169,,
"JONES_OVARY_THECA",42,0.23727011971583753,0.8520116163543594,0.7103559870550162,0.7730032265710789,"LSP1;INSL3;CREB3L1;CHST2;CILP;PAPSS2;MSMO1;S100A13;LAMA4",1.1873571954064956,0.25235109717868337,,
"HU_FETAL_RETINA_BIPOLAR",46,0.2321363186993034,0.8522034421543987,0.7126623376623377,0.7743554952510175,"CRYBG3;TCF4;CCDC88A;FRMD3;BTBD8;SYP;RP1;CACNA1F;ABCA7",1.004065423548371,0.5143856920684292,,
"DESCARTES_FETAL_ADRENAL_SLC26A4_PAEP_POSITIVE_CELLS",38,-0.23239264428959713,-0.8525633793125637,0.71712158808933,0.7780395173308976,"NPHP4;TUBBP5;TNFRSF10C;VPS9D1-AS1;MRGBP;ZNF786;BAK1;TYMSOS;AMIGO1;NOMO2;GTF2IP13;LYG1;HOGA1;PBDC1;VMO1",-0.8443664042670804,0.7615750877558823,,
"MANNO_MIDBRAIN_NEUROTYPES_HPROGM",259,-0.17441162718923445,-0.926689501588446,0.7202797202797203,0.7803030303030303,"MSI1;PHGDH;KCNG1;TYMS;PLK1;GTSE1;FOXM1;MCM2;TROAP;CDCA3;CDCA8;MCM5;CCND1;CCNB2;ENO1;NES;SRF;PRC1;RPS14;RCOR2;BMP4;TBL1X;BUB1B;ERF;GNG5;SP5;AJUBA;NCAPH;CELSR1;UHRF1;TACC3;AURKB;DDIT4;MAGOH;BMP7;AGO1;RCN1;NCAPG;FANCI;CDCA5;CDKN3;HMGA1",1.0746292164415305,0.3465048374843251,,
"DESCARTES_FETAL_THYMUS_STROMAL_CELLS",134,0.19698735067025092,0.8774922017064041,0.7254038179148311,0.7836155233606795,"SCARA5;C3;SFRP1;SSPN;PDGFRA;SEMA3C;ITGB8;PLAT;C1S;FMOD;TENT5A;COL14A1;CREB3L1;PI16;SERPING1;CCDC80;ARMCX2;NCAM1;CCN3;GPX8;OGN;MFAP5;ADAMTSL3;FKBP14;LUM;PMP22;IGFBP5;FCF1;NOVA1;TCEAL9;NCAM2;PDPN;TMEM39A;C1R;MGP;PRRX1;MMP2;DCN;VCAN;PLAC9",1.9072841476218851,5.3012111878447e-5,,
"DESCARTES_FETAL_STOMACH_SQUAMOUS_EPITHELIAL_CELLS",34,-0.2371698768603054,-0.8485960182744844,0.7254901960784313,0.7836155233606795,"LYPD3;KRT6B;NECTIN1;PAX9;GALNT14;KRT15;DLK2;RHOV",0.7751882979064161,0.8324757004002286,,
"CUI_DEVELOPING_HEART_COMPACT_VENTRICULAR_CARDIOMYOCYTE",56,0.2275761818304548,0.8562270707277613,0.7301324503311258,0.7868764083709796,"ITM2A;PDK4;C7;HLA-B;KLF4;LPP;SRGN;OGN;LUM;TCF21;HAPLN1;VIM;MGP;CD34;NIBAN1;MMP2;DCN;PLAC9;TIMP2",2.015666189197107,1.5382384434230436e-4,,
"DESCARTES_FETAL_CEREBELLUM_PURKINJE_NEURONS",28,-0.24241453187082287,-0.8296521881029242,0.7308584686774942,0.7868764083709796,"FGF19;HSPA12A;GPR39;DAB1;AP1M2",0.8496812275588002,0.7058323932024058,,
"HAY_BONE_MARROW_CD34_POS_GRAN",15,0.29526172982332244,0.8137993960951502,0.7317518248175182,0.7868764083709796,"CPA3;HGF",1.0691362565638844,0.4339450980392157,,
"DESCARTES_FETAL_HEART_LYMPHATIC_ENDOTHELIAL_CELLS",29,0.24701391422399913,0.8161358818967412,0.7344827586206897,0.7886481537992066,"ANKRD36BP2;MFSD4A;TSPAN8;CCL21;STAB2;CMKLR2",0.8489900390311246,0.7215830648872527,,
"DESCARTES_FETAL_HEART_SCHWANN_CELLS",34,0.2428245499306209,0.8306644466697165,0.7356902356902357,0.7887812836266445,"NR4A2;KCNJ10;ZNF536;S100B;TSPAN11;ALDH1A3;COL22A1;PLEKHA4",1.0836154710834285,0.404656764351666,,
"DURANTE_ADULT_OLFACTORY_NEUROEPITHELIUM_UNSPECIFIED",32,-0.23504379087918054,-0.8274415955234053,0.7439024390243902,0.7964131994261119,"TUBA1B;TUBB4B;H2AZ1;PRDX1;PRDX5;TUBB;DYNLL1;S100A2;CIB1;CKB;CALM1",-1.20294620873956,0.25054981952488875,,
"DESCARTES_MAIN_FETAL_ISLET_ENDOCRINE_CELLS",34,-0.23424040548102185,-0.8381143425194587,0.7450980392156863,0.7965218392790303,"KCNJ11;GNAS;FAM131C;VWA5B2",-0.9694383682433207,0.569445252925083,,
"AIZARANI_LIVER_C33_STELLATE_CELLS_2",125,-0.18598683825947807,-0.8884544619831366,0.7477203647416414,0.798153116615711,"NT5DC2;ITGA7;PLA2G5;GNAS;PELO;ATN1;PHLDA1;MYH11;NOTCH3;MYL9;COL1A1;CCDC92;FLNA;ACTA2;GJA4;OAZ2;MYH9;CRYAB;LGI4;TPM2;CCDC3;CPE;MCAM;IFITM2;TOB2;FXYD6;TBX2;TPM1;COL6A2;IGFBP7;ARHGEF17;TLN1;LGALS1;COL6A1;TNS1;KANK2",1.4144901810872694,0.03680229688542681,,
"GAO_SMALL_INTESTINE_24W_C9_ENTEROENDOCRINE_CELL",39,0.23608554992409164,0.8285831967473015,0.7512437810945274,0.8007400770670805,"MADCAM1;TRIQK;GFRA2;ASB8;SLC36A4;SHISA3;ACSM1;AOX1;C1QTNF3;ARMH4;RHBDD1;LINC00299;RASA1",1.1355022867253604,0.32655378780136046,,
"GAUTAM_EYE_IRIS_CILIARY_BODY_PIGMENTED_CILIARY_BODY_CELLS",121,-0.18528656967850843,-0.8835825194844054,0.7634730538922155,0.8123000465910856,"MARS1;SCARB1;PDHA1;NSD2;NDUFS8;LSR;AKT1;MFAP3L;HIF3A;NDUFA1;TECR;SOX12;PFKP;APBB3;DHPS;QTRT1;TSPAN9;BSG;FLNA;NDUFA2",-1.0305358667253925,0.404656764351666,,
"AIZARANI_LIVER_C17_HEPATOCYTES_3",64,0.21819310761420177,0.8435916593689515,0.7643207855973814,0.8123000465910856,"ADH1B;CP;C3;CFH;F5;TNFSF14;C1S;SAA1;SERPING1;ANG;CYP3A4;LRG1;ASGR2;RBP4;ITIH3;APOC1",1.1388692677555698,0.29363176731238994,,
"DESCARTES_FETAL_PANCREAS_LYMPHATIC_ENDOTHELIAL_CELLS",42,0.2259241745289576,0.8112695409960341,0.7686084142394822,0.8156660722541444,"MMRN1;TLL1;TNFRSF9;TFPI;NFATC1;TNFRSF11A;PTGS2;RASSF9;LRRC69;STAB2",1.0223222695680592,0.4869200535076982,,
"SU_HO_CONV_CENT_CHONDROSARCOMA_STROMAL_C2_GRANULATING_CANCER_ASSOCIATED_FIBROBLAST",180,0.18938656209464555,0.8722633415292809,0.7729885057471264,0.8191202797436798,"IFI16;NCOA7;TXNIP;LY96;SP100;EVI2A;OPTN;LINC01436;LRRFIP1;HLA-DPB1;SDCBP;SNX6;LIMS1;ARRDC3;RNASE4;RAC2;HNMT;RGS2;CFD;IFI27L2;THEMIS2;ANG;EIF1B;UBE2L6;ATP6V1D;SGCB;RALA;PEA15;SRGN;LAPTM4A;INSIG2;PSMB9;TMEM50A;WTAP;CA12;CIR1;UBE2B;PMP22;IGFBP5;PPFIBP1;APOD;AKAP12;VIM;MRPS6;ERRFI1;ICAM1;SYF2;BNIP3L;SLC2A3;ATP1B1;H3-3B;NTAN1;BTG1;GSTO1;ASAH1;GLRX;IFI44;CEBPZ;ESD;CSTA;SNX2;CMIP",0.872617652397022,0.8002222222222223,,
"FAN_OVARY_CL5_HEALTHY_SELECTABLE_FOLLICLE_THECAL_CELL",315,-0.16924983419764367,-0.9158587302680927,0.7777777777777778,0.8228150075905444,"ATG101;SPG21;NPM3;RPLP0;P4HB;SLC25A5;EEF2;NONO;HACD3;STRAP;PLOD1;ATP5MC3;C19orf48P;GRHPR;CCT2;PTK7;KPNA2;SUSD3;NME2;MLF2;ACAA1;MDH2;IFITM3;HNRNPA0;SERPINH1;LANCL2;ATP5F1A;ECE1;PHLDA1;EIF4A3;ARF5;SULF2;CKS2;MAGED1;PGRMC1;H2AZ1;IFITM1;TCP1;UBB;APEX1;AHSA1;ECH1;BOD1;MALSU1;DDIT4;COL1A1;ATP5F1C;MTX2;RHBDD2;ISOC1;MPG;CCT4;RPS26;RCN1;SEPTIN9;FKBP10;MRPL18;TSPAN5;AKAP17A;TPM2;KLHDC8A;WFDC1;PLIN3",1.0452528222803077,0.4088509491182748,,
"HE_LIM_SUN_FETAL_LUNG_C1_PULMONARY_NEUROENDOCRINE_CELL",188,0.1879665837101339,0.8696948279393595,0.7787356321839081,0.8228150075905444,"ADAM28;BCL2;MIAT;CHGB;HEPACAM2;CHGA;MS4A8;NEGR1;CBFA2T3;SCN3A;PKIB;ANK2;PDGFD;OPTN;LINC00261;RASA4B;KCND3;BAALC;RGS17;TENT5A;RETREG1;TCEAL7;SCG5;SYP;KRT7;AMIGO2;PRUNE2;SLC36A4;ELAPOR1",1.2826322365494587,0.08120087118343577,,
"DESCARTES_MAIN_FETAL_HEMATOPOIETIC_STEM_CELLS",38,0.2293567461567201,0.8026227844857857,0.7829716193656093,0.8260917955045849,"TAOK3;CSRP1-AS1;CD244;BAALC;RPS10P7;NRIP1;STAT5A;UBR5-DT;PRAM1;TARBP1",1.053371639518919,0.4487849193731547,,
"FAN_EMBRYONIC_CTX_ASTROCYTE_1",63,0.21433483889407903,0.8251569605750001,0.7861842105263158,0.8282809048670883,"CPNE5;FAM107A;SOAT1;TCIM;MMP28",1.2366169641755806,0.17849480820389602,,
"DESCARTES_FETAL_EYE_GANGLION_CELLS",17,-0.25504198101828945,-0.7764790041298107,0.7941834451901566,0.835499346963055,"SYNGR3;TUBBP5;POU4F1",0.6827912181607702,0.9113008538422902,,
"ZHENG_CORD_BLOOD_C9_GRANULOCYTE_MACROPHAGE_PROGENITOR",96,0.2012744010453797,0.8423964155492472,0.799373040752351,0.8397454165479245,"CP;LCP1;TNFSF13B;SELL;LPAR6;HGF;ARID4A;LRRFIP1;B2M;ITM2C;HLA-B;NUCKS1;S100A10",-0.9269647597722414,0.689365556424719,,
"DESCARTES_MAIN_FETAL_THYMIC_EPITHELIAL_CELLS",142,0.18881138284989626,0.8475671355539063,0.8049853372434017,0.8434270765206018,"LINC02541;PRSS16;SYNE1;SLFN12;SLC22A23;RIGI;CCDC171;FAS;KLF3-AS1;CLEC1A;GTF2IP4;UBA7;SFTPA2;OXCT1;CYP3A4;DNAJC3-DT;PARP3;FAM163A;CARINH;LY75;COX6B2;RPS7P10;POLR1HASP;PIKFYVE;MUC12-AS1;ATL2;ABCA3;RAB42;RIC1;MRTFB;PLGRKT;PRKAR1B-AS1;ZCWPW1;ANKRD22;SNX19;TMEM131;NFKB1;MRPS31P4;ETNK1",0.8720925328062394,0.7750446018273233,,
"ZHONG_PFC_C4_UNKNOWN_INP",81,0.20651499465509646,0.8364003202279825,0.8051948051948052,0.8434270765206018,"DENND1B;MFNG;RSBN1;PHLDB2;RGS16;SLC4A7;SYP;RNF138;SERPING1;SOCS4;EOMES;ACTR10;PRMT9;SVIL;HSPA1B;CIR1;S100PBP;ZNF254",-0.7579577362832026,0.9567056545116326,,
"FAN_EMBRYONIC_CTX_EX_4_EXCITATORY_NEURON",120,0.19198520785318982,0.8368490139564515,0.8185907046476761,0.8562270588843509,"POU2F2;SLC2A13;MIAT;CNTN3;ABCA5;SYNE1;SERPINB9;DGKH;ITPR1;RASGRP2;LINC00342;PDZD2;MYO6;RAP1GAP;MYLIP;DAB2;AHI1;TMEM74B;FBXW7;DNM3OS;TARBP1;SAMD5;PCLO;PTPRK;GDA;NPY1R;SRRM3;PPFIBP1;ANKRD36;STX1A;DOCK9;CACNA1A",0.9541214202111246,0.6039535938816514,,
"DESCARTES_FETAL_LUNG_BRONCHIOLAR_AND_ALVEOLAR_EPITHELIAL_CELLS",33,-0.22297743268733147,-0.787958379287641,0.8226600985221675,0.8592489981694948,"RNF220;RBBP8NL;SP5;HAS3;ODAM;UGT2B7;ETV5;DACT2;TPD52L1;ATP11A;CRLF1;KIF12;PKHD1;SUSD2;AGER;SLC19A3",-0.9530421829543473,0.580542264752791,,
"AIZARANI_LIVER_C7_EPCAM_POS_BILE_DUCT_CELLS_2",208,0.18159133821972545,0.850038692968008,0.8386627906976745,0.8747084693809555,"CPM;TP53INP1;BIRC3;SLC4A4;ATF3;SLC17A4;BMP2;SLPI;CD59;GOLM1;CAV2;SHROOM3;ITGB8;CRIM1;ELF3;CYP3A5;CLIC6;SOD3;NEDD4L;ALKAL2;EGR1;GLIS3;KRT7;ANXA13;KLF5;TTN;ZBTB20;CXADR;RAP1GAP;PAWR;CLMN;CALM2;PBX1;DCDC2;SCGN;TOB1;SH3YL1;TPPP3;NFIB;AKR1C2;VEPH1;PTPRK;DSG2;MAFF;MAGI1;FAM110C;WEE1;FGFR2;ERBB3;TPM4;LAMC2;SPATS2L;CCN1;ARRDC2;S100A14;ATP1B1;DSTN;BACE2;CLDN1;SPTBN1;CFTR;SORBS2;CCN2;DEFB1;PROM1;GABRP;VCAN",0.8647155365201339,0.8139706658225175,,
"GAUTAM_EYE_CORNEA_FIBROBLASTS",162,0.18208523363853965,0.832705768490699,0.8408450704225352,0.8750537634408603,"IFI16;SELENOP;IL6ST;ANKRD12;NT5E;WIPF1;GEM;HLA-C;FBXO32;B2M;TACC1;ITM2C;TFPI;TSC22D3;FAM3C;MKLN1;RBMS3;SON;PNRC1;LPP;RBPJ;IL1R1;PNISR;CCDC80;GOLGA4;ARGLU1;LTBP2;ANKRD28",1.1177048148962825,0.30727907601396726,,
"GAO_LARGE_INTESTINE_ADULT_CE_OLFM4HIGH_STEM_CELL",285,0.1765793788610783,0.8599882571669972,0.8413978494623656,0.8750537634408603,"CD28;LTB;RIPOR2;RHBDL3;ABCA9;MS4A7;PLXNC1;SSPN;TLR1;CPED1;MUC5AC;ST3GAL5;CD36;GREM1;SERPINB5;ATP6V0D2;GFI1;CX3CL1;IFIT2;FFAR2;C7;QKI;LIG4;NFATC1;MAMLD1;BTBD8;IFIT3;HEG1;PAXBP1-AS1;MEOX2;TMEM30A-DT;GPC6;HIVEP1;CCDC80;BARX2;COL4A6;CHIC1;C1orf226;DCDC2;GUCY1A1;TOX2;ZNF25;HTR4;ZNF845;PCED1B;KLHL32;HLA-DQB1;ZNF234;RBM26-AS1;PLEK;WFDC3;GATA2;AADACP1;ZNF17;KIF14;ADAP2;FOXP2;ANTXR1;LST1;DCBLD1;FILIP1L;SV2B;FAM185A;ANKDD1B;HLA-DRB6;HACE1;ZNF773;LINC01426;CEP290;CBX7;TSPYL5;ZNF227",1.30111049973001,0.050566722916978266,,
"HU_FETAL_RETINA_MULLER",32,0.22208180266665548,0.7485146752573401,0.8496621621621622,0.8823880942283224,"IRF4;SPON1",1.1037818574068625,0.37992823452415875,,
"DESCARTES_FETAL_STOMACH_STROMAL_CELLS",43,0.20557211788722163,0.7455749599124629,0.8532695374800638,0.8848721129422884,"SCARA5;TRPA1;PDGFRA;C7;BMP5;PI16;FENDRR;SHISA3;PCDH18;TMEM119;INHBA;DCN;PLAC9;ANGPTL1;CAPN6;CXCL14;PTGER1",1.8428346525034784,0.0016885715735172376,,
"DESCARTES_FETAL_ADRENAL_SCHWANN_CELLS",73,0.19886592046788007,0.7925460397072122,0.8552845528455284,0.8857000774844164,"CHL1;LPL;GFRA1;KCNJ10;S100B;NKAIN4;LGI2;TAC1;TSPAN11;ADAM23;DHH;PPP1R1C;LAMP5;SEMA3G;COL28A1;SV2B;ERBB3",1.2163044128537157,0.1799302535167117,,
"DESCARTES_MAIN_FETAL_SYMPATHOBLASTS",29,0.22021827958728088,0.7276028979394504,0.8620689655172413,0.8914576802507838,"CHGB;CHGA;SIDT1;C1orf226;ZNF483;NLRP1;MRAP2;GCH1;SCG2;FKBP5",-0.8738920414891793,0.689365556424719,,
"GAUTAM_EYE_IRIS_CILIARY_BODY_WIF1_HIGH_FIBROBLASTS",119,0.18636192849948013,0.8134621478171932,0.8688524590163934,0.897198000232531,"SCARA5;CHI3L2;FOSB;FOS;GBP2;KLF9;ITM2B;FMOD;STOM;TSC22D3;SOD3;ARRDC3;LSAMP;KCNAB1;ANG;ARID5B;MT1M;CSGALNACT2",1.2148701629671386,0.17454967199449095,,
"HE_LIM_SUN_FETAL_LUNG_C7_SST_POS_NEURON_CELL",288,-0.16689815725778645,-0.8922584616618987,0.875,0.9022662889518414,"NCDN;KLC2;ARG2;SPTBN2;NCS1;AKR1C1;PRKCZ;NIPA1;DOC2B;PITRM1;FAXC;GCHFR;FAM241B;PHYHIPL;PLPPR2;CDKN2D;GPR27;PSD;ATP13A2;SPINT2;RAB6B;HES4;SLCO3A1;RPS6KL1;BOK;SYNGR3;PORCN;ASIC1;TMEM255B;REEP2;C1orf216;PFKP;APBB3;MANEAL;MAST1;FAM219A;SYBU;SEMA4F;LIN7B;NYAP1;CAMSAP3;ASGR1;F12;B3GNT4;TH;MPP2;DLGAP1;BBC3;FN3K;CIB2;STK32C;ZNF282;TMEM145;MAPK8IP1;SEPTIN3;ETNK2;VSTM2L;EPB41L1;SLC16A3;ELAVL2;LZTS3;AKAP1;MAP7D2;PRSS3;SYNPO2;COX7A1;MAGEE1;RGS11;NHSL3;CYB561;SHANK2;SCD5;SLC9A7;NRCAM;RIMBP2;TMEM120A;SH2B2;PPP2R5B;CTIF;RAB15;DMTN",1.0141179970786076,0.47023016929807876,,
"HE_LIM_SUN_FETAL_LUNG_C1_EARLY_AIRWAY_PROGENITOR_CELL",30,0.21770368402155507,0.7252468838528944,0.8807495741056218,0.9069104525444027,"MOXD1;FRMD3;RP1;ADM;HSPA6",1.0460185038001975,0.4487849193731547,,
"DESCARTES_MAIN_FETAL_LENS_FIBRE_CELLS",131,0.17981521266727374,0.7959231467064456,0.8918518518518519,0.9170454069889099,"MBOAT1;PRDX6-AS1;LMCD1-AS1;EPB41L4A;NXPE2;FBXO34;PALM2AKAP2;BIRC7;ZSCAN30;SUCO;GPR89B;DCTN5;HSPA6;NMRK1;BCO2;DNMBP-AS1;COL4A6;ARGLU1;ZBED5-AS1;MIPOL1;LNPK;FBXO3;TPM3P9;CAPRIN2;SERPINB6;ZNF761;SLC25A44;H2BC18;GPR137B;IQSEC1;INPP5F;CLIC5;MEGF9;TSSC2;P3H2;TDRD7;LRRC39;ARHGEF37;DICER1-AS1;PELI1;TMEM42;BMAL2;CYB5R4;NFE2L1-DT;LPIN1",-0.7425442121221905,0.9751560643970986,,
"HE_LIM_SUN_FETAL_LUNG_C0_MYOFIBROBLAST_3_CELL",24,-0.21860547571518338,-0.7209788979002397,0.893719806763285,0.9176699849417087,"TPST2;WIF1;ADAMTSL2;PRAG1",0.8778817686220448,0.677129072751196,,
"CUI_DEVELOPING_HEART_5TH_WEEK_ATRIAL_CARDIOMYOCYTE",38,-0.19227920535057472,-0.705401883894991,0.8957816377171216,0.9184915947296683,"CDIN1;HEY2;MASP1;ISOC1;EIF2S3;DBI;RGS3;CRNDE;LGALS1;COX7A1;CYB5A;HNRNPL;SCUBE3;IRX3;GJA1;COL3A1;ESAM",1.2937288240338067,0.16662216288384513,,
"DESCARTES_FETAL_PLACENTA_TROPHOBLAST_GIANT_CELLS",38,0.198906660815014,0.6960641909657588,0.8998330550918197,0.9213480507831853,"TFPI2;SCNN1B;RYBP;AFF1;NECTIN3;CCSAP;HS3ST3B1;MAN1C1;BPGM;INHBA",0.9856203399462351,0.5319790976668874,,
"DESCARTES_FETAL_LUNG_SQUAMOUS_EPITHELIAL_CELLS",159,0.1738000636846314,0.7906809592092393,0.9064748201438849,0.9268450408212756,"ADGRF1;B3GALT5-AS1;SAMD9;VSIG2;MUC4;DUOXA1;F3;CDKN2B;RNF141;SERPINB5;SCEL;B3GALT5;MT1H;LDAF1;DSC2;SPINK5;SMIM5;XDH;CEACAM7;PADI1",0.8060389967449232,0.8949076033291014,,
"ZHONG_PFC_C2_SOX5_BCL11B_POS_EXCITATORY_NEURON",25,0.21277895666462596,0.6758697452551103,0.9139414802065404,0.9331688605755419,"THSD7A;CAV1;LSAMP;PDE1A;SSBP2;IGFBP5",0.8648957039763472,0.6979130255988485,,
"MENON_FETAL_KIDNEY_5_PROXIMAL_TUBULE_CELLS",107,0.17767535568040074,0.7594608081453149,0.9211746522411128,0.9392369003242719,"SELENOP;TNFSF10;C11orf54;CUBN;TSPAN12;ITM2B;S100A10;CD164;MYO6;UGCG;GNG11;ALDH6A1;ARID5B;CITED2;DAB2;DCDC2;MPC2;DSEL;LAPTM4A;SPEF2;PTTG1IP",-0.797943919033209,0.92967571493563,,
"HU_FETAL_RETINA_RGC",378,-0.15821225113120782,-0.864307301764091,0.9369747899159664,0.9540106951871656,"GAPDH;MAP2;EPHB1;GPI;RBPMS2;TBCB;ACOT7;FASN;CTNNA2;AKR1C1;FAXC;ADGRG1;CCT5;PFDN2;PLXNA3;FAM241B;HSPA12A;ACTR1A;KPNA2;PHYHIPL;APLP1;RTL8C;CDKN2D;PGK1;GDI1;RAB6B;MTCH2;NME1;NDUFA12;PAFAH1B3;NOP10;EBP;NELL2;IRX2;VDAC2;MFSD10;PPP2R1A;TCP1;FIBP;NICOL1;COX6A1;FNDC5;COMTD1;CALM3;RCN1;DDAH2;FSD1;DYNC1H1;PRDX5;KLHL35;ACAT2;TUBB;ALDOC;BNIP3;SMS;KLHDC8A;DLL3;DCTN2;KLC1;PGAM1;DBI;MORF4L2;CRABP2;DBN1;ACLY;PPP1R14B;TAF9;MYCN;ADISSP;DBNDD1;DCTN3;CADM1;KIF3C;VSTM2L;FXYD6;YWHAQ;ZCCHC17;CRNDE;LDHA;ELAVL2;SH3BGRL3;IDH1;YWHAH;RAB3A;UBE2E2;TP53I11;RBX1;APBB2",-0.8781215680476189,0.9299515898929724,,
"DESCARTES_FETAL_KIDNEY_URETERIC_BUD_CELLS",205,0.1686973356797248,0.7913389712667483,0.9443651925820257,0.9599594269050336,"ADGRF1;SPTLC3;BCAS1;VSIG2;GALNT12;CLDN8;ARL14;DUOXA1;SCNN1B;ACOXL;IRF6;LDHD;HPGD;SCIN;COL17A1;ITGB6;ELF3;RASEF;CLIC6;SIGLEC15;PGCKA1;KRT7;TSPAN1;FRK;MUC1;MLPH;ADH1C;GGT6;CNGA1;CGN",0.787482586291034,0.9525580665411174,,
"BUSSLINGER_ESOPHAGEAL_LATE_SUPRABASAL_CELLS",111,0.17276480054710616,0.7420514634242579,0.9454545454545454,0.9599594269050336,"CLCA4;SLPI;CDKN2B;CAST;SCEL;ELL2;AHNAK;SERPINB1;DSC2;SPINK5;S100A10;EGR1;SOD2;PDZK1IP1;ALDH9A1;EZR;YWHAZ;GJB2;ARLN;GLTP;AQP3",0.734705138688204,0.9582738008456043,,
"DESCARTES_MAIN_FETAL_URETERIC_BUD_CELLS",17,0.22004340211739143,0.6329492722731082,0.9513513513513514,0.9646013701724009,"SCNN1B;MYO6;HOXB7;ACER2;MTCO1P12;SPMIP4;MYO3B;UPK3A",0.8876322994740563,0.685158816046781,,
"DESCARTES_FETAL_PANCREAS_DUCTAL_CELLS",84,0.17620007951056915,0.7181993944737985,0.9565916398713826,0.9685656659615668,"ATP13A4;SLC4A4;SLC17A4;LAMA1;AGR3;CA4;ELF3;CAPS;ANXA13;PLD1;LINC01836;DCDC2;FAM86FP;FUT3;VEPH1;KCNJ15;NECTIN4;HMGA2-AS1;FGFR2;F2RL1;S100A14;ATP1B1;POU5F1;CFTR;DEFB1;TMEM72",-1.1333452243441042,0.24472165812461721,,
"HAY_BONE_MARROW_CD34_POS_MKP",55,-0.17179946985867173,-0.6919979320227813,0.9618320610687023,0.9717089466541393,"RBPMS2;TEAD4;PPIF;TPI1;ACTN1;GJA4;WFDC1;STUM;ADCY6;TPM1;NAA38;DTD1;TGFB1I1;COL2A1;RYR2",1.0838071533346578,0.38984088127294986,,
"SU_HO_CONV_CENT_CHONDROSARCOMA_C4_HIGH_GRADE_CHONDROSARCOMA_1",94,-0.16106690845994193,-0.7381501790218975,0.9623655913978495,0.9717089466541393,"RPL19;MT3;FBL;RPS14;RACK1;RPL10;SLC2A1;RPS23;SNHG32;RPS3;VDAC1;EGLN1;ATP5MC2;TBC1D17;LDHA;RPL8;YBX3;RPL23;COX7C;RPL29;RPS18;EEF1A1;NACA;RPL10A",-1.074819163975097,0.34971132320018855,,
"MENON_FETAL_KIDNEY_0_CAP_MESENCHYME_CELLS",88,-0.15223612614254198,-0.6881242568287818,0.9762532981530343,0.9843662064479348,"PPM1G;IGF2;ILF3;H19;NUDT3;DNMT1;SMC1A;MCM7;ANKRD11;NASP",-0.9392000160842685,0.6661437908496731,,
"HE_LIM_SUN_FETAL_LUNG_C0_MESENCHYMAL_3_CELL",151,0.15834721123555964,0.717226256725168,0.9813218390804598,0.9881082971653868,"ITM2A;RELN;TIPARP;HGF;ITGB8;PDGFD;EFNA5;EFNB2;CD74;C2orf88;EPHA4;ZEB1;RSPO3;CNTN4;RAC2;FLRT2;IQGAP2;ADM;DOCK11",1.3306250075107284,0.05873736997591917,,
"DESCARTES_FETAL_LUNG_VISCERAL_NEURONS",87,-0.1527279076565273,-0.6872770457261311,0.9867724867724867,0.9922242684673624,"SYN2;CTNNA2;KCNF1;SYNGR3;DAB1;GAL;CADM4;CDK5R1;ACAT2;KLHDC8A;PTPRO;DLGAP1;HAND2-AS1;SHISA9;SEPTIN3;B4GALNT1;FAM131B;KIAA1549L;CHRNA3;RAB15;MAP1B;RNF182;EEF1A2",0.9999834955107346,0.519095652173913,,
"DESCARTES_MAIN_FETAL_HEPATOBLASTS",40,-0.16239188531114998,-0.605736936531308,0.9900497512437811,0.9929947460595446,"CPN1;AKR1C1;PC;ABCC6;AFMID;SLC51A;BDH1",-0.8899692996684837,0.694359744870152,,
"CUI_DEVELOPING_HEART_LEFT_VENTRICULAR_CARDIOMYOCYTE",36,-0.14570895760409336,-0.5276520469441446,0.9926108374384236,0.9929947460595446,"PHLDA1;ISOC1;TRAIP;CRNDE;LGALS1;PLXND1;SCUBE3;IRX3;GJA1;THY1;COL3A1;ESAM;HES1;PLVAP",0.7923821365071897,0.8207003996477681,,
"CUI_DEVELOPING_HEART_TRABECULAR_ATRIAL_CARDIOMYOCYTE",177,0.15354176650009238,0.7048865369193413,0.9927849927849928,0.9929947460595446,"RELN;CPVL;AKAP9;ARL6IP5;MFSD11;B2M;BMPR2;LEPROT;ADGRL2;ASPH;KTN1;CCNL1;BCAP29;RNPC3;HEG1;CD164;MSMO1;SUCO;TTN;CXADR;C5orf15;NCAM1;COL4A6;WSB1;BLTP1;LNPK;DNAJB9;SVIL;MARCHF6;ANGPT1;PKN2;XIRP1;PTPRK;PARM1;SLC8A1;INSR;TM9SF2;ANKRD26;DST;TMEM245;SPCS2;GJA5;ETNK1;TMED10;MTDH;CALU;SELENOT",0.6515368821661477,1,,
"ZHONG_PFC_C1_ASTROCYTE",28,0.14573642008735277,0.4762177472526455,0.9929947460595446,0.9929947460595446,"S1PR1;LRATD2;ZNF302;VEPH1;TBC1D10A;ETV1;HMGN3;ADD3;SELENBP1;TMEM126B;SPARCL1;SPTLC1;DDX24;APOE",-0.905709946781005,0.6454965357967667,,
