"pathway","size","ES","NES","pval","padj","leading_edge","NES_no_cov","padj_no_cov","robust_no_covariate","collapsed_main"
"FAN_OVARY_CL10_PUTATIVE_EARLY_ATRESIA_GRANULOSA_CELL",265,-0.7081363782342375,-3.1700108030610243,5.047146268223431e-58,3.664228190730211e-55,"POLR2I;POLR2L;NEDD8;NDUFA11;UQCR10;PFN1;COPE;COX8A;PSMB6;PPP4C;ATP5ME;ATP5MF;SERF2;NDUFB8;NDUFA13;NDUFA2;CIAO2B;PSMB3;MYL6;COX4I1;NDUFB7;UQCR11;TMEM258;AP2S1;PSMC3;GADD45GIP1;CYC1;NDUFS5;ANAPC11;ALDOA;NDUFS8;SELENOH;ATP5MJ;PSMB5;PTRHD1;DNPH1;SRSF9;POLR2F;PSMD4;DYNLL1;GAPDH;MZT2B;LSM7;ELOB;NME1;PRDX2;RPS14;OST4;ATP5PO;PPP1CA;DYNLT1;TMSB10;TIMM13;RBX1;LY6E;UQCRQ;ZNF428;TPI1;STOML2;ATP5MG;NDUFA3;ROMO1;TRAPPC4;PSMB7;PHPT1;SNRPD2;LSM4;NDUFA12;H2AZ1;ERH;COX5B;GNG5;NDUFS6;COPS9;AURKAIP1;HSBP1;PIN1;HIGD2A;COX7A2;ACTB;RAN;SNRPF;PKM;APRT;COX6B1;UBL5;ATP5IF1;NDUFC1;TRMT112;SLIRP;RPL35;ECHS1;SNRPC;S100A16;NDUFAB1;FDXR;DMAC1;COPS6;HINT1;SLC25A5;PHB1;MPST;PSMB2;PARK7;SMARCB1;MRPL16;COX5A;TUBA1B;SNRPD1;PLEKHJ1;ATP5F1B;CALM3;TUBB;NHP2;SLC25A6;GSTP1;CFL1;NDUFB2;IFI27;ATP5F1A;ATP5MC1;LCMT1;MZT2A;AP2M1;COX7C;NDUFA1;MDK;RPS19;BANF1;ATP5MC3;NDUFB11;FSCN1;RPL3;RANBP1;TBCB;ATP5MC2;MRPL51;APEX1;YWHAE;ATP5F1C;GABARAP;ACTG1;MDH2;PSMA7;NDUFS4;PSMA3;MARCKSL1;DGUOK;SNRPG;SRP14;PRMT2;SPINT2;CLIC1;CSTB;NDUFB4;AMH;MYL12B;SSBP1;PEBP1;VPS29;ECH1;PRDX3;NDUFA4;EAPP;MGST3;PSMA4;SNRPE;TMSB4X;SEM1;ATP5PF;NME4;SNRPN;PTMA;PPDPF;MRPS21;HMGN2;UROS;GTF2H5;ATP5MK;TUBA1A;GPX3;TNNI3",-3.1585823812792637,8.741841930515396e-57,TRUE,
"RUBENSTEIN_SKELETAL_MUSCLE_MYELOID_CELLS",341,-0.6447691979863773,-2.9384094085551573,9.245818524061643e-53,3.3562321242343763e-50,"BLOC1S1;NEDD8;PFN1;HCST;SERF2;CCL3;GPX1;ATP6V0B;UBA52;COX4I1;AP2S1;ALDOA;SELENOH;ATP5MJ;PRELID1;OAZ1;GAPDH;NICOL1;RPS14;OST4;PPP1CA;HLA-DMA;DYNLT1;TMSB10;SSR2;RPL28;LAMTOR4;ATP5MG;BID;TYMP;RPS16;EIF3K;LAMTOR1;PYCARD;RHOG;ATP6V1F;RPS21;CST3;MRPL52;RPLP2;NOP10;NDUFB1;RPS2;CALHM6;TSPO;CYBA;RAB5IF;HSBP1;HIGD2A;WDR74;COX7A2;ACTB;EIF4EBP1;EIF3F;CD74;HLA-DRB1;HLA-DPB1;RPL26;FTH1;RPS9;NPC2;ARPC1B;RPS28;RPS23;ATP6V0E1;RPS13;RPL27;LAMTOR2;TYROBP;HLA-DRA;SMDT1;STXBP2;VAMP8;TALDO1;SLC25A5;CXCL8;ATP6V0D1;RPLP1;RPS29;COX5A;CRIP1;SMCO4;SLC25A6;RPL37;NFKBIA;GSTP1;CFL1;TIMP1;RPL17;UQCRH;RPL36AL;BCL2A1;COX7C;RPS19;CLEC2B;LST1;EIF4E2;RPL22L1;EMP3;PCBP2;HLA-DPA1;ATP5MC2;ARRB2;CD48;YBX1;RPL23A;SH3BGRL3;RNASET2;GABARAP;TKT;CARD16;RPL38;TXNDC12;RPL34;RPS12;CORO1A;PGLS;S100A8;CD14;CITED2;CD52;SNHG8;S100A9;GMFG;S100A6;GLRX;CTSZ;EIF1;PRR13;RPS3A;CSTB;RPL19;SPI1;RPS4X;SERP1;FCGR1A;LIMD2;FCER1G;RPL41;LAPTM5;EEF1A1;GLIPR2;VPS29;CEBPB;FXYD5;PRDX3;ATP5PB;PPT1;SPG21;UQCRFS1;RGS10;RPL30;RNF130;RPL15;DUSP2;LILRA5;S100A11;IFNGR2;PLP2;PGK1;SNX3;IL1B;POLE4;LYZ;FCGR3A;CAPZB;JUND;TMSB4X;SRGN;EEF1B2;IGSF6;STX11;REEP5;CPVL;DNAJB1;PLAUR;SFT2D1;PLEK;ITGB2;CTSB;PILRA;AIF1;JUNB;BLOC1S2;HCK;SSR3;TNFSF13B;S100A4;RPL32;SOD2;ZFAS1;SEC11A;NACA;CD53;RPL11;ARHGDIB;SERPINB1;LSM6;LSP1;FPR1;EFHD2;PSAP;CASP1;CASP4;LY96;ENSA;CD83;IFI30;TPM3",-2.8548736762765725,1.5601457396940251e-46,TRUE,
"FAN_OVARY_CL13_MONOCYTE_MACROPHAGE",455,-0.584173925038332,-2.7168427118545364,8.85552928759408e-49,2.1430380875977675e-46,"BLOC1S1;POLR2L;PFN1;COPE;COX8A;HCST;PPP4C;ATP5MF;SERF2;GPX1;ATP6V0B;UBA52;NDUFA13;PSMB3;MYL6;RNF181;UQCR11;AP2S1;BLVRB;ATP5MJ;OAZ1;TRAPPC1;GAPDH;CHCHD10;WARS1;PPP1CA;HLA-DMA;RBX1;ATOX1;PSMB9;PCBP1;LAMTOR4;BID;TYMP;GPX4;PET100;PYCARD;SSR4;RHOG;ATP6V1F;TUBB4B;CST3;NOP10;GNG5;NDUFB1;CIB1;PSME2;COX7B;CALHM6;TSPO;AURKAIP1;PPIF;CYBA;HSBP1;ACTB;SPHK1;ELOF1;DPP7;CD74;HLA-DRB1;DDX39A;HLA-DPB1;HLA-DQB1;FTH1;PKM;NPC2;COX6B1;ISG15;ENO1;ARPC1B;GSTO1;VMO1;ATP6V0E1;PIM3;HES4;UPP1;LAMTOR2;NINJ1;TYROBP;HLA-DRA;LGMN;SEC61B;LGALS1;HLA-DRB5;CALR;VAMP8;TALDO1;CXCL8;HLA-DMB;ATP6V0D1;COX5A;PRDX1;ARPC4;CRIP1;POLR2E;HSPE1;IL4I1;MGAT1;MRPL18;TAPBP;NFKBIA;CTSD;CFL1;TIMP1;BCL2A1;RNH1;CD63;BRI3;G0S2;CDC37;ADRM1;LST1;HLA-C;CYTOR;LMNA;GLA;EMP3;GRN;EHD1;ZFAND2A;CNPY3;STX4;TAGLN2;ISG20;HLA-DPA1;ARRB2;CD48;YBX1;YWHAH;CTSL;HLA-A;SH3BGRL3;RNASET2;HSPB1;GABARAP;HSPA6;CARD16;ANXA2;HMGA1;C1QA;LDHA;KYNU;RAB5C;LAP3;CORO1A;PGLS;GRINA;CD14;CD52;FKBP4;S100A9;GMFG;LGALS9;TUBA1C;SYNGR2;SLC16A3;S100A6;CTSZ;PRR13;SDS;GNAI2;CLIC1;NAPA;CSTB;ADA;SPI1;LIMD2;FCER1G;CXCL16;LAPTM5;GLIPR2;RILPL2;HLA-B;WTAP;ARHGDIA;VPS29;ATF5;CEBPB;FXYD5;HAVCR2;PPT1;GNA15;LGALS2;RGS10;DOK2;RNF130;CXCR4;S100A11;IFNGR2;ANXA5;PGK1;RAB8A;SNX3;LYZ;CAPZB;TMSB4X;SRGN;ALOX5AP;MAP2K3;IGSF6;CAPG;HLA-DQA1;TNIP1;FCGR2B;STX11;CPVL;PLAUR;SFT2D1;PLEK;ITGB2;CTSB;AIF1;VSIG4;ACAA1;FABP5;EVI2A;ATP5MK;BLOC1S2;BTG1;UBE2L3;TNFSF13B;S100A4;B2M;SOD2;SERPINB9;SEC11A;FCGR2A;CD53;CTSC;ARHGDIB;SERPINB1;LSP1;BAX;EFHD2;RHOA;GSTK1;PSAP;CASP1;CASP4;CACYBP;HMOX1;LY96;CD83;FGR;IFI30;LACTB;WAS;TPM3;CREM;CD86",-2.5722372512404355,6.193170526714417e-39,TRUE,
"BUSSLINGER_DUODENAL_TRANSIT_AMPLIFYING_CELLS",191,-0.7247783981033976,-3.1814783208404096,3.071301691883602e-46,5.574412570768737e-44,"UQCR10;PFN1;COX8A;SF3B5;ATP5ME;ATP5MF;COX6A1;FAU;COX4I1;RPS5;CYC1;NDUFS5;ALDOA;ATP5MJ;RPL18A;GAPDH;REG1A;CHCHD10;TUFM;RPS14;ATP5PO;TMSB10;RPS15;RPL28;UQCRQ;TPI1;ATP5MG;RPL18;RPS16;EIF3K;MT2A;H2AZ1;COX5B;RPLP2;RPS2;PSME2;COX7B;RPS8;PHB2;RPL8;RPLP0;RACK1;COX7A2;RAN;RPL26;RPS9;RPL13;RPS11;PSMA5;COX6B1;RPL36;ATP5IF1;RPS15A;RPS3;ENO1;RPS18;RPS28;RPL35;RPS23;RPS13;NDUFB9;RPL27;NDUFAB1;HINT1;SLC25A5;PHB1;RPLP1;RPL7A;RPS29;COX5A;PRDX1;TUBA1B;HSPE1;RPL29;ATP5F1B;RPL37;GSTP1;RPL17;CHCHD2;ATP5F1A;ATP5MC1;COX7C;FBL;RPL10A;NDUFA1;RPS19;ATP5MC3;RPL13A;RPL3;ATP5MC2;RPS6;RPL27A;YBX1;SLC25A3;ATP5F1C;ACTG1;KRT18;RPL38;PPIA;RPL34;HMGA1;RPS12;SNHG29;AGR2;CPS1;RPL9;RPL10;RPL35A;EEF2;ATP5PD;RPS3A;CLIC1;RPL19;RPL5;RPS4X;IDH2;RPL41;CDC42EP5;EEF1A1;ECH1;ATP5PB;KRT8;UQCRFS1;COX6C;RPL37A;KRT19;RPL15",-3.150225465537287,9.789344420382187e-46,TRUE,
"SU_HO_CONV_CENT_CHONDROSARCOMA_LEUKOCYTE_C4_OSTEOCLAST",461,-0.552359345647832,-2.5681587683981766,4.034363290566876e-41,5.8578954979031036e-39,"COX8A;MRPL43;NDUFA9;ATP5ME;ATP6V0B;MRPS34;SLC25A11;NDUFA6;MRPS2;COX4I1;UQCR11;NAA10;ECI1;NDUFS3;CYC1;MRPL41;C1QBP;ATP5F1D;ALDOA;TMEM147;NDUFS8;MLST8;PTRHD1;PTPMT1;ETFB;UQCRC1;TXN2;NME3;CHCHD10;ATP5PO;CENPX;C15orf61;MRPL12;TMSB10;TIMM13;ATOX1;TPGS1;HSD3B7;IDH3G;ATP5MG;TXNDC17;NENF;MRPL23;EIF3K;MRPL4;H1-10;MCRIP2;CST3;COX5B;PTGES2;GRHPR;COX7B;PHB2;NDUFV1;HIGD2A;MPG;COX7A2;SPHK1;ORAI1;AKR7A2;PKM;NPC2;MRPL40;ARPC1B;FBXW5;HMG20B;ECHS1;UBAC1;ATP6V0E1;EIF3G;TWF2;HSD17B8;JAGN1;MRPS15;PRADC1;POLD2;DDA1;SLC25A5;EBP;MRPL36;THOP1;MPST;PARK7;ARL2;HAGHL;TOMM22;COX5A;SPR;RHOF;ALKBH7;ATP5F1B;CALM3;CUTA;CTNNBIP1;NDUFB2;CARHSP1;UQCRH;ATP5F1A;ATP5MC1;UQCC2;C19orf48P;NSMCE1;HYAL2;DNAJC4;EIF3D;COX7C;NDUFA1;MRPL37;PFKP;MLF2;CDK5;NDUFS2;CYSTM1;ATP5MC3;COMMD3;DUSP14;NUDT2;URM1;GRN;PICK1;PPP1R14B;ATP5MC2;TPGS2;TSPAN15;RPL27A;APEX1;SLC25A3;SHFL;TNNI2;ACP5;FH;IGFBP6;ATP5F1C;PSTPIP1;SLC25A4;ACTG1;MRPL57;TKT;TCIRG1;DYRK4;PPP2R1A;MDH2;ANXA2;UBTD1;BOLA3;ATP6V1E1;CLEC11A;GMPR2;CISD3;ZNF581;SQOR;RILP;TRAP1;BBLN;STAP2;OCIAD2;GOT1;NFATC1;MAPKAPK5-AS1;DEF8;NDUFV3;ITGB1BP1;TRPV2;IDH2;BACE2;PTTG1;UQCRC2;CDC42EP5;RAB38;GUCD1;OSCAR;ECH1;PRDX3;PRPSAP2;ATP5PB;ADI1;PGAM1;PSMD3;CYB5R3;XKR8;ORAI3;RAB13;UQCRFS1;NDUFA4;CCT3;RGS10;CALHM2;TNNT1;AIG1;RGS19;NFKBIL1;MID1IP1;COQ8A;FLII;RPP25;POLD4;PA2G4;MRPL15;ZDHHC4;PDHB;LILRB4;PMPCB;CD109;NME4;GLRX3;PPP1R7;LAT2;DGKZ;ACAA1;MATK;MGMT;ARHGAP10;MRPS33;EVI2A;ATP6AP1;CYTH4;ATP5MK;BLVRA;SIGLEC15;ZNF467;COX7A2L;MVP;HDDC2;SEC11A;SNX10;SYCE1L;SLC39A13",-2.4941987505845047,4.7671638807804777e-35,TRUE,
"SU_HO_CONV_CENT_CHONDROSARCOMA_C3_CHONDROBLASTIC_OSTEOSARCOMA",410,-0.5680568702157015,-2.625991745376679,7.127961149386066e-39,7.532795175258267e-37,"BABAM1;ATP6V0B;MYDGF;NDUFB7;GET3;LSM2;STX10;PEMT;AGTRAP;TRIR;SEC13;YIF1A;ZNRD2;PTRHD1;ATPAF2;SOD1;RPL18A;POLR2G;TMEM11;TUFM;PRDX2;ATP5PO;DYNLT1;VKORC1;CRELD2;STX5;B9D1;HAPLN3;PPIB;LAMTOR1;HCFC1R1;SSR4;TRAPPC3;NDUFA12;PSMD13;C19orf53;RER1;NOP10;GNG5;SIL1;ULBP2;TMEM101;HEXA;USE1;MED19;PKM;SRM;PSMA5;CBR1;TMEM179B;PXMP2;ELAC2;TMED1;SDF2;TWF2;RFXANK;COPS3;B4GALT7;C1orf122;TSPAN4;YIPF2;DHRS7B;DRG2;ZFYVE21;TRAF4;SDF4;CALR;NUDT14;TALDO1;DDOST;TMEM219;PSMB2;DNASE2;RPS29;TMED3;MANF;COA8;MTCH1;PLEKHF1;CD151;SWI5;SURF4;ATP5MC1;RNH1;CD63;STX8;CCS;ZSWIM7;SHISA5;HYAL2;DNAJC4;CHST12;CDC37;TECR;MRPL37;S100P;FARSA;LRPAP1;TMEM134;ATRAID;NANS;OGFOD3;MAN1B1;B3GAT3;DUSP14;UNC93B1;PRDX4;PSMC2;FKBP11;ISG20;YIPF3;SREBF1;KRT10;RHOD;CISD2;PTS;HSPB1;TP53I13;PPP1R16A;ALKBH5;MDH2;ANXA2;MICA;PGLS;PHLDA2;PYCR1;FABP3;GIPC1;SERPINH1;COLGALT1;ERGIC3;MAGOH;CHID1;PEX10;BEX5;TMEM42;PCMT1;P3H1;ELOVL1;RPS3A;ILVBL;TMEM9;ITGB1BP1;ERP29;TMEM14C;RPL5;TRPV2;OSTC;IMPDH2;PPIC;PEPD;BCAP31;MMP1;ARHGDIA;GLT8D1;PRPSAP2;ATP5PB;PPT1;CZIB;CLIC3;PPIL1;UQCRFS1;IAH1;AGPAT2;RPL15;SLC39A7;TRIM47;DYNLRB1;POP4;PSMA4;SLC35B1;FLII;TOLLIP;C11orf24;TXNL1;SPCS2;P4HB;TMEM120A;LRRC59;VWA1;CYB5R1;SLC52A2;SLC35B2;P3H3;RTRAF;RAET1L;TRPV4;CDKN2A;FABP5;ATP6AP1;P3H4;EMC3;TPBG;YJU2B;SERINC2;SERPINB5;HDDC2",-2.605168145537825,6.0361113930231385e-37,TRUE,
"SU_HO_FOETAL_FEMUR_C0_TRANSITIONING_CELL",185,-0.6958087393002279,-3.0443989851384003,7.263025651075465e-39,7.532795175258267e-37,"C12orf57;UQCR10;NDUFB10;SF3B5;ATP5ME;SERF2;FAU;CIAO2B;TMEM258;RPS5;NDUFS5;PTRHD1;RPL18A;LSM7;NME1;SNU13;PRDX2;RPS14;SSR2;FIS1;RPS15;ATP5MG;NENF;RPL18;RPS16;PPIB;EIF3K;SNRPD2;ATP6V1F;RPS21;C19orf53;COX5B;RPS10;RPS2;COX7B;RPS8;RPL8;RPLP0;RACK1;EDF1;EIF3F;RPL26;FTH1;RPS9;RPL13;EIF3I;RPS11;UBL5;RPL36;RPS15A;RPS3;RPS18;TRMT112;TMEM256;RPS28;RPS23;RPS13;EIF3G;COA3;SELENOM;SEC61B;DDOST;RPLP1;PARK7;RPL7A;RPS29;PRDX1;ALKBH7;CUTA;MT1E;RPL17;UQCRH;RPL36AL;ATP5MC1;CD63;TOMM7;EIF3D;RPL10A;NDUFA1;RPS19;ATRAID;ATP5MC3;RPL22L1;PRDX4;RPL3;ATP5MC2;RPS6;RPL23A;KRT10;UXT;RPL38;RPL34;RPS12;SNHG8;RPL9;RPL10;RPL35A;RPS3A;KDELR1;TMEM14C;NDUFB4;RPL19;RPL5;RPS4X;RPL41;EEF1A1;RAB13;NDUFA4;RPL30;RPL15;SNX3;RBP4;EEF1B2;RPS27A;UFC1;RPL24;EEF1D;RPL32;COX7A2L;ZFAS1;SEC11A;NACA;RPL11;TPT1",-3.080797591526425,8.071141022499324e-40,TRUE,
"BUSSLINGER_DUODENAL_DIFFERENTIATING_STEM_CELLS",302,-0.6067959915934575,-2.7493106952267805,2.2347220142652914e-38,2.028010227945752e-36,"PFN1;COX8A;SF3B5;ATP5MF;SERF2;COX6A1;FAU;COX4I1;RPS5;CYC1;C1QBP;NDUFS5;SOD1;RPL18A;GAPDH;REG1A;TUFM;RPS14;ATP5PO;TMSB10;RPS15;RPL28;UQCRQ;RPL18;RPS16;EIF3K;LSM4;MT2A;H2AZ1;COX5B;RPLP2;RPS2;COX7B;RPS8;PHB2;PPIF;RPL8;RPLP0;RACK1;COX7A2;RAN;SNRPF;RPL26;PKM;RPS9;RPL13;RPS11;RPL36;ATP5IF1;RPS15A;RPS3;ENO1;RPS18;RPS28;SLIRP;RPL35;RPS23;RPS13;NDUFB9;SNRPB;RPL27;NDUFAB1;MT1X;HINT1;SLC25A5;RPLP1;RPL7A;RPS29;COX5A;TUBA1B;HSPE1;RPL29;ATP5F1B;TUBB;RPL37;CKS2;GSTP1;MT1E;RPL17;CHCHD2;ATP5F1A;ATP5MC1;COX7C;FBL;RPL10A;RPS19;MCM7;BANF1;ATP5MC3;RPL13A;CLDN3;RPL3;TRIM28;PCNA;ATP5MC2;RPS6;RPL27A;YBX1;APEX1;SLC25A3;GAS5;ACTG1;KRT18;TKT;RPL38;MDH2;PPIA;ANXA2;RPL34;HMGA1;TOMM40;CCT2;RPS12;SNHG29;AGR2;CPS1;SNHG8;RPL9;RPL10;HNRNPAB;RPL35A;AHCY;EEF2;ATP5PD;RPS3A;SNHG5;CLIC1;RPL19;RPL5;RPS4X;IDH2;RPL41;IMPDH2;CDC42EP5;EEF1A1;ECH1;PRDX3;ATP5PB;KRT8;UQCRFS1;COX6C;NDUFA4;RPL30;RPL37A;KRT19;CCT5;RPL15;PLP2;SNRPE;RPL31;RPL12;PDLIM1",-2.7302706241154926,6.392011098012134e-35,TRUE,
"RUBENSTEIN_SKELETAL_MUSCLE_SATELLITE_CELLS",300,-0.6112344640828242,-2.768139156364857,2.5165716472785025e-38,2.0300344621379922e-36,"ATP5MF;UBA52;FAU;COX4I1;GADD45GIP1;RPS5;NDUFS5;ATP5F1D;ALDOA;RPL18A;GAPDH;CHCHD10;RPS14;ATP5PO;RPS15;TIMM13;RPL28;ATP5MG;RPL18;RPS16;EIF3K;PSMB7;SNRPD2;RPS21;CST3;RPLP2;NDUFS6;RPS10;RPS2;MRPL20;RPS8;COPS9;RPL8;RPLP0;HSBP1;RACK1;HIGD2A;WDR74;RAN;EDF1;EIF3F;SNRPF;RPL26;APRT;RPS9;RPL13;RPL36;RPS15A;RPS3;MICOS13;RPS18;RPS28;RPL35;RPS23;RPS13;NDUFB9;RPL27;ZFYVE21;SMDT1;MT1X;APOC1;RPLP1;PARK7;RPL7A;RPS29;TUBA1B;SNRPD1;HSPE1;RPL29;TUBB;RPSA;NHP2;SLC25A6;RPL37;MT1E;COMT;RPL17;CHCHD2;UQCRH;ATP5F1A;ATP5MC1;CD63;TOMM7;EIF3D;RPL10A;CEBPD;RPS19;APOE;LMNA;BANF1;ATP5MC3;RPL22L1;RPL13A;RPL3;PPP1R14B;ATP5MC2;RPS6;RPL23A;SLC25A3;SNHG32;UXT;RPL38;RPS26;MDH2;PPIA;RPL34;RPS12;NDUFS4;SNHG8;UBXN1;RPL9;RPL10;RPL35A;EEF2;S100A6;EIF1;RPS3A;CNBP;RPL19;RPL5;RPS4X;RPL41;IMPDH2;EEF1A1;PEBP1;CSRP2;AK1;PRDX3;FAM162A;SPG21;UQCRFS1;NDUFA4;CCT3;RPL30;RPL37A;RPL15;SNRPE;ANXA5;RPL31;RARRES2;RPL12;JUND;EEF1B2;NAA20;HSPA8;RPS27A;PTMA;JUNB;HMGN2;PDLIM4;TUBA1A;RPL24;DUT;S100A4;EEF1D;FUNDC2;RPL32;COX7A2L;ZFAS1;HDDC2;NACA;RPL11;TPT1;LSP1;TPD52L1;RHOA",-2.721727020471409,1.6446541223634686e-35,TRUE,
"SU_HO_CONV_CENT_CHONDROSARCOMA_C5_CHON2",256,-0.6341139210038481,-2.832750010449697,3.8223719940463145e-38,2.775042067677624e-36,"C12orf57;POLR2I;NDUFS7;TRAPPC2L;ATP5ME;SNHG25;UFD1;NDUFA6;UQCR11;NOSIP;PSMC3;PARL;RPS5;ATP5F1D;SRA1;TMEM147;FIBP;PRELID1;MRPL54;REX1BD;RPS19BP1;SNU13;WARS1;ORMDL2;MEA1;UQCRQ;COX14;STOML2;FAM174C;MRPS12;NDUFA3;IMP3;THAP7;MRPS18C;EIF3K;PET100;PSMD8;SNRPD2;CHCHD5;COX5B;CCDC124;SNHG19;SURF2;SURF1;PHB2;EMG1;TIMM44;CCDC85B;PSMC5;EDF1;COX6B1;NDUFAF3;MICOS13;TRMT112;MRPL34;SLIRP;CREB3;MIEN1;UBXN6;NDUFB9;UPP1;EIF4A3;PSMC4;SHMT2;EMC4;CLTA;SNF8;DRAP1;BRMS1;SLX9;CCDC107;DEDD2;RPL36AL;PRKAG1;TSSC4;NDUFA8;ADRM1;CDK4;SRPRB;LENG1;CHMP2A;COPZ1;CITED4;NUDT2;TBCB;LONP1;SGTA;TIMM50;NUDC;MRPL49;CTSL;EBNA1BP2;ARPC5L;NSFL1C;SLC25A4;MRPL57;KRT18;PITX1;PSMD14;EMC7;TOMM40;ATP6V1E1;PSMA3;SEC61G;TMX2;UBXN1;FKBP4;MAP2K2;KIF9;GOT1;PPM1G;CCT7;SMIM7;ATP5PD;PRR13;EXOSC5;ERCC1;CHLSN;SERP1;DTD1;SSBP1;YBEY;ATF5;TTC1;SEC11C;BUD23;NR1H2;SEC61A1;GTF2F1;RBCK1;TNNT1;SPCS1;RPA3;PGK1;GRPEL1",-2.8441147541861787,2.9152540591722994e-37,TRUE,
"RUBENSTEIN_SKELETAL_MUSCLE_T_CELLS",180,-0.6786790412179194,-2.962168815620403,1.0464940768677425e-34,6.906860907327101e-33,"PFN1;HCST;UBA52;FAU;NOSIP;RPS5;RPL18A;RPS14;OST4;RPS15;RPL28;ATP5MG;RPL18;RPS16;RPS21;IL32;RPLP2;RPS10;RPS2;RPS8;RPL8;CYBA;RPLP0;RACK1;EIF3F;RPL26;APRT;RPS9;RPL13;RPL36;RPS15A;RPS3;ARPC1B;RPS18;RPS28;RPL35;RPS23;RPS13;RPL27;HINT1;RPLP1;RPL7A;RPS29;CRIP1;RPL29;RPSA;CUTA;RPL37;CD3D;RPL17;RPL36AL;TOMM7;EIF3D;COX7C;RPL10A;RPS19;CD7;EMP3;RPL13A;RPL3;ISG20;RPS6;RPL27A;CD48;RPL23A;SNHG32;LCK;SH3BGRL3;UXT;RPL38;RPS26;RPL34;RPS12;CORO1A;CD52;SNHG8;RPL9;GMFG;OCIAD2;RPL10;RPL35A;EIF1;RPS3A;ERP29;RPL19;RPL5;RPS4X;SERP1;LIMD2;RPL41;LAPTM5;EEF1A1;FXYD5;RPSA2;RPL30;RPL37A;RPL15;CXCR4;PLP2;RPL31;RPL12;TMSB4X;EEF1B2;HSPA8;CD3E;RPS27A;JUNB;RPL24;BTG1;EEF1D;LTB;RPL32;ZFAS1;UBE2D2;RPL11;TPT1;ARHGDIB",-2.915013276684019,2.290125245392536e-31,TRUE,
"LAKE_ADULT_KIDNEY_C14_DISTAL_CONVOLUTED_TUBULE",182,0.6360754419520263,3.403139403023584,1.6695920432586301e-34,1.0101031861714712e-32,"PARD3B;SBF2;ANKRD26;TBC1D5;COBLL1;FMN1;SCAPER;OPHN1;PTPN4;RNPC3;NAALADL2;USP24;KIAA1217;DST;VPS13B;BRAF;FTX;UBR3;LRBA;CPEB4;FNDC3B;WNK1;ATXN1;MTR;ANK3;TRPM7;VWA8;SVIL;TNRC6A;ARHGAP5;PNISR;MBD5;KIAA1958;NFE2L2;PDE8A;CLASP1;MSI2;ZNF704;EXOC6B;MAP4K3;USP25;MAML2;TSC22D2;AHI1;RORA;RALGAPA1;ZNF518A;NCOA1;INPP4B;MECOM;SAMD12;MEF2A;RERE;OXR1;PPP2R3A;ITPR1;NAV2;TRIM2;ARB2A;KANSL1;RHOBTB3;RBM25;FHOD3;ABCA5;THRB;EXOC4;TCF12;AGAP1;KLHL3;CBLB;CACNA1D;ADGRL2;PTPRG;OSBPL3;ESRRG;DACH1;NEDD4L;SIK3;FGD4;WSB1;FBXL17;SNHG14;SLC8A1;NHS;JPX;XIST;ABLIM1;TOX3;AK3;LRCH1;RNF150;VAV3;PKP4;SNX29;CGNL1;TAPT1-AS1;NR3C2;CCSER1;TNRC6B;PLCL1;DYNC2H1;BTBD9",3.441007357028392,4.768897897397335e-33,TRUE,
"LAKE_ADULT_KIDNEY_C2_PODOCYTES",194,0.6167354872616142,3.35326358817281,7.1865106650100575e-34,4.013389802151771e-32,"PARD3B;TEAD1;SBF2;TANC1;KLF7;BMPR2;SEMA5A;ARHGEF12;CERS6;EEA1;EML4;DST;FTX;CPEB4;FNDC3B;PAN3;ERBIN;MACF1;PLCE1;TMEM245;MBD5;UNC5C;PSD3;NES;CRIM1;ERC1;MSI2;PHACTR4;EPB41L5;PTPRD;MGAT5;ROCK1;SLK;ANKRD36;PLA2R1;HIVEP2;MAML3;SEPTIN11;LUC7L3;NCOA1;FAT1;UACA;ROBO2;MYO1D;ADD3;CEP112;TJP1;FMNL2;ZNRF3;NEBL;TET2;ANKRD12;LRRC2;CAST;GOLIM4;KIF1B;PDE7B;VTI1A;NLK;ANKRD11;ZSWIM6;PARD3;CACNB2;MYO1B;AHNAK;FRY;PRKG1;THSD7A;NPNT;CDK6;RBMS1;KIRREL1;SGIP1;RYR3;RASSF8;MYO1E;CBLB;PAWR;CSPP1;PICALM;CCDC91;UTRN;IGF1R;CDC14A;DACH1;SIK3;DLG2;KLHL29;PDLIM5;CTTNBP2;XIST;ITGA1;ARHGAP28;MIB1;RNF150;BCKDHB;MME;BACH1;MAGI2;MYH9;NFASC;RDX;DYNC2H1;CMYA5;ITGAV;CALD1;ADAMTS9;KCNQ1OT1;RETREG1;COL4A4;FCHSD2;SRGAP1;PALS1;CLIC5",3.489116334740921,1.8219804540803016e-36,TRUE,
"LAKE_ADULT_KIDNEY_C20_COLLECTING_DUCT_INTERCALATED_CELLS_TYPE_A_CORTEX",140,0.6748117479844322,3.4969896543839027,6.317630012708251e-32,3.2761424208758495e-30,"RAPGEF2;SBF2;COBLL1;FNBP1L;SCAPER;NCOA2;AKAP9;DSP;MAGI3;KIAA1217;BDP1;BRAF;UBR3;DLG1;CPEB4;ATXN1;MTR;WWP1;MAGI1;SEMA3C;PNISR;CAB39;CLIP1;PSD3;ARL15;MSI2;FNDC3A;TBC1D14;MAP4K3;PRKN;MYO10;RALGAPA1;PRKCA;PRKCE;LUC7L3;NCOA1;PPP1R12B;ITGA6;MYO1D;RUFY3;MOB1B;RERE;KIF21A;TFCP2L1;OXR1;ITPR1;ITPR2;TRIM2;TBC1D4;SNTB1;ZSWIM6;PDE1C;RBM25;CACNB2;ABCA5;HIPK2;THRB;RCAN2;RALGPS2;PRKG1;NRXN3;THSD7A;SETBP1;ARHGAP18;EPS8;ADAMTSL1;GNAQ;ADGRF5;PICALM;OSBPL3;ESRRG;NEDD4L;FGD4;GLCCI1;FBXL17;SNHG14;XIST;MBNL1;SLIT2;IGFBP5;CGNL1;NR3C2;KANSL1L;PLCL1;BTBD9;ITGAV",3.4960659128911042,2.9455257512886215e-30,TRUE,
"FAN_OVARY_CL18_B_LYMPHOCYTE",416,-0.5314872062264355,-2.4562806783237976,7.163524097398828e-31,3.467145663141033e-29,"PFN1;COPE;HCST;PSMB4;SIVA1;GUK1;GPX1;COX6A1;ATP6V0B;UBA52;EIF5A;FAU;PSMB3;COX4I1;UQCR11;SEC13;TXNL4A;CHCHD10;JTB;PPP1CA;HLA-DMA;RBX1;RPL28;BID;TYMP;FKBP2;SSR4;RHOG;TUBB4B;CST3;RPLP2;NOP10;GNG5;RPS10;CYBA;RAN;ELOF1;CDK2AP2;CD74;HLA-DRB1;DDX39A;HLA-DPB1;HLA-DQB1;FTH1;PKM;APRT;NPC2;RPS11;PSMA5;ARPC1B;RELB;RPS28;ATP6V0E1;PIM3;HES4;CCDC12;RPL27;NINJ1;TYROBP;HLA-DRA;LGMN;SEC61B;NFKB2;TRAF4;HLA-DRB5;CALR;VAMP8;SNF8;HINT1;TALDO1;HLA-DMB;ATP6V0D1;PARK7;RPS29;MANF;COX5A;RHOF;PRDX1;DEDD2;ARPC4;IRF7;CRIP1;HSPE1;IL4I1;RPL37;MRPL18;TAPBP;LAGE3;CHCHD2;PAXX;TUBA4A;CDC37;ADRM1;SRSF7;HLA-C;EMP3;GRN;CNPY3;TAGLN2;PSMC2;ISG20;HLA-DPA1;PPP1R14B;MGAT2;NUDC;HLA-A;SH3BGRL3;RNASET2;ARPC5L;RPS26;PSMD14;ALKBH5;RPS12;EIF6;RAB5C;CORO1A;SEC61G;P2RY6;FKBP4;SNRPG;SYNGR2;PPM1G;SELENOS;TGFB1;CTSZ;PRR13;LLPH;DNAJA1;ERP29;SERP1;LIMD2;FCER1G;LAPTM5;RILPL2;HLA-B;ARHGDIA;ATF5;FXYD5;PSENEN;GNA15;CLIC3;SEC11C;PTGDS;SEC61A1;RNF130;SPCS1;H2AZ2;CXCR4;PLP2;PGK1;RAB8A;LSM1;SELENOT;CYB561A3;SRGN;EEF1B2;ALOX5AP;MAP2K3;CAPG;P4HB;HLA-DQA1;TNIP1;NOP56;NCF1;HSPA8;PMAIP1;PLEK;ISCU;CTSB;MRPL47;RBM42;LILRB4;MRPS6;MIR155HG;TUBB6;FABP5;EMC3;GABARAPL2;BLOC1S2;VCP;SSR3;UBE2L3;B2M;LTB;SAR1B;SERPINB9;POLE3;CD53;CTSC;TPT1;ARHGDIB;LSP1;TCF25;DHRS7;TSPAN13",-2.3319567588106427,4.531793091252103e-25,TRUE,
"FAN_OVARY_CL4_T_LYMPHOCYTE_NK_CELL_1",245,-0.6015614605790065,-2.6731409775241186,6.943060138861531e-30,3.1504135380084198e-28,"POLR2L;PFN1;HCST;GUK1;PPP4C;COX6A1;RABAC1;UBA52;EIF5A;NDUFA6;NDUFB8;MYL6;PLAAT4;TRIR;UBB;PSME1;GNLY;OAZ1;SOD1;DYNLL1;GAPDH;SNU13;JTB;PPP1CA;RPL28;PSMB9;SSR4;TUBB4B;IL32;NOP10;CIB1;PSME2;AURKAIP1;CYBA;RAB5IF;CCL4;NKG7;RAN;HLA-DRB1;HLA-DPB1;GZMH;HLA-DQB1;FTH1;PKM;GZMA;ISG15;ENO1;ARPC1B;ATP6V0E1;IRF1;SNRPB;CALR;HINT1;APOBEC3G;RPS29;MANF;TUBA1B;CCL5;CRIP1;ATP5F1B;CFL1;CD3D;SURF4;CHCHD2;TAP1;CHST12;TUBA4A;CDC37;ADRM1;SRSF7;CD7;HLA-C;CTSW;IFITM2;PRF1;EMP3;TAGLN2;ISG20;IFITM1;HLA-A;SH3BGRL3;GZMM;DDIT4;S1PR4;BUB3;RPS26;RBM8A;LDHA;HLA-E;PSMA7;RAB5C;CORO1A;CD52;JPT1;S100A6;TGFB1;EIF1;UBC;TRBC2;PRR13;CD247;CLIC1;KLRD1;LIMD2;LAPTM5;HLA-B;ARHGDIA;ADGRE5;FXYD5;PGAM1;DOK2;H2AZ2;DUSP2;CXCR4;S100A11;PLP2;PGK1;TRBC1;SELENOT;TMSB4X;SRGN;ALOX5AP;HSPA8;ITGB2;ISCU;MRPS6;PAIP2;CD3E;TRGC2;PTMA;TRAC;SH2D2A;TUBA1A;BTG1;S100A4;B2M;CD53;ARHGDIB;LSP1;TCF25;HMGB2;RHOA",-2.5420640285775145,3.9157943862433187e-23,TRUE,
"LAKE_ADULT_KIDNEY_C4_PROXIMAL_TUBULE_EPITHELIAL_CELLS_S2",159,0.6333593987190373,3.3863998255960426,4.670758354539677e-29,1.9946885678798854e-27,"RAPGEF2;PARD3B;EIF4G3;SBF2;ANKRD26;TRIO;SEMA5A;ZBTB38;MAST4;ANKIB1;KIAA1217;PATJ;BDP1;PTPRK;FTX;RASAL2;SSH2;DLG1;PLEKHA5;NCKAP5;CLSTN2;ANK3;VWA8;DGKH;WDFY3;SVIL;LPP;MBD5;CRIM1;PDE8A;MACC1;TTC28;PTPRD;VPS13A;MAML2;AKAP13;PRKN;RORA;FARP1;MEF2A;CDH6;FMNL2;RERE;OXR1;GLS;STOX2;ARGLU1;KANSL1;RBMS3;SASH1;ITSN1;ARHGAP26;PARD3;FHOD3;EXOC4;TCF12;AGAP1;EPS8;GNAQ;PICALM;PTPRG;IGF1R;SORBS2;DLG2;PTK2;AKAP12;COL4A1;FOXP2;PDLIM5;NHS;ABLIM1;CUX1;CNTN4;KLF6;UGT2B7;PTPRM;CREB5;KANSL1L;PLCL1;DYNC2I1;SYNE2;MAPK10;ITGAV;KLF12;CALD1;NBEA;EPB41L4A;RETREG1;COL4A2;ERRFI1;BICC1;GMDS-DT;TMEM178B;DIP2C;SOX6;PRUNE2;PDE7A;TNIK;DNAH14;ITGB8;CLIC4;SAMD4A;FKBP5;BNC2;SHROOM3;NEAT1;NTN4;RERG;PPP1R9A",3.5206495129245425,2.2999623075134902e-32,TRUE,
"RUBENSTEIN_SKELETAL_MUSCLE_SMOOTH_MUSCLE_CELLS",436,-0.5148936488921823,-2.3887757998457806,7.506370459723233e-29,3.0275694187550375e-27,"UQCR10;NDUFS7;COX8A;PSMB6;NDUFB10;SIVA1;ATP5ME;COX6A1;NDUFA6;FAU;NDUFA13;MYL6;COX4I1;NDUFB7;PARL;RPS5;CYC1;NDUFS5;ATP5F1D;ALDOA;NDUFS8;ATP5MJ;UBB;SOD1;GAPDH;UQCRC1;CHCHD10;PRDX2;ATP5PO;DYNLT1;FIS1;UQCRQ;COX14;TPI1;STOML2;ATP5MG;NUPR1;MRPL23;DCTN2;EIF3K;HCFC1R1;PHPT1;CAVIN3;MT2A;COX5B;NDUFS6;COX7B;TSPO;AURKAIP1;RPL8;HIGD2A;COX7A2;ACTB;RAN;CNIH4;FTH1;PKM;COX6B1;UBL5;ATP5IF1;MICOS13;SLIRP;MAF1;NDUFB9;HES4;NDUFAB1;SELENOM;ZFYVE21;COPS6;SLC25A5;PHB1;RPLP1;PARK7;RPL7A;NDUFA4L2;TOMM22;CCDC107;COX5A;CRIP1;ATP5F1B;CALM3;SLC25A6;CD151;MRPL18;SELENOK;NDUFB2;MT1E;UQCRH;ATP5F1A;RPL36AL;AP2M1;MOB2;NDUFA8;COX7C;RPL10A;NDUFA1;LMNA;ARPC1A;CYSTM1;ATP5MC3;NDUFB11;RPL3;RANBP1;ATP5MC2;YBX1;SLC25A3;COX7A1;NUDC;SNHG32;MPC1;GTF2A2;LMO4;ATP5F1C;BRK1;SOD3;LDHA;NDUFS4;PHLDA2;C11orf96;MT1M;RPL9;SNCG;CCT7;ATP5PD;SELENOW;RPS3A;ITGB1BP1;TMEM14C;CNBP;RPL5;CHLSN;RPS4X;RPL41;UQCRC2;PEBP1;CSRP2;ECH1;AK1;PRDX3;FAM162A;ATP5PB;ADI1;PGAM1;CYB5R3;RAB13;UQCRFS1;IAH1;COX6C;NDUFA4;RPL37A;RPL15;MGST3;ISYNA1;SPCS1;DYNLRB1;PLP2;COX4I2;AIG1;SNX3;IGFBP7;HIKESHI;PKIG;MRPL32;PDLIM7;SEM1;CRIP2;ISCU;BUD31;MRPS6;TINAGL1;PTMA;JUNB;PPDPF;HMGN2;C1orf43;ATP5MK;WDR1;GBP2;S100A4;MICOS10;PTMS;TIMMDC1;UBE2D2;GADD45B;CALM2;MTHFD2;MDH1;GPRC5C;BAG1;MFGE8;TSPAN3;ZYX;LDHB;VDAC3",-2.32018923917341,3.204197829430397e-25,TRUE,
"RUBENSTEIN_SKELETAL_MUSCLE_NK_CELLS",220,-0.6105681633665623,-2.6978789350930716,2.0208295165144737e-28,7.721695942050041e-27,"PFN1;COPE;COX8A;HCST;SERF2;CCL3;PLAAT4;UBB;PRELID1;PSME1;GNLY;TRAPPC1;OST4;PPP1CA;SSR2;RPL28;PSMB9;ATP5MG;NDUFA12;CIB1;RPS2;PSME2;CYBA;CCL4;ACTB;NKG7;GZMH;GZMA;UBL5;RPS15A;RPS3;ENO1;ARPC1B;ATP6V0E1;SNRPB;RPL27;EIF3G;TYROBP;VAMP8;DRAP1;RPLP1;PARK7;RPS29;CCL5;TUBB;RPSA;CUTA;TLE5;CTSD;CFL1;NDUFB2;PAXX;RPL36AL;RAC2;RPS19;CLEC2B;CD7;CTSW;IFITM2;PRF1;NDUFB11;EMP3;ATP5MC2;CD48;RPL23A;LCK;SH3BGRL3;ARPC5L;GZMM;DDIT4;ACTG1;RPS26;RBM8A;PSMA7;CORO1A;CD52;GMFG;SNRPG;GLRX;EIF1;PRR13;RPS3A;CD247;CLIC1;HNRNPF;KLRD1;LIMD2;FCER1G;MYL12A;OSTC;RPL41;LAPTM5;TPST2;CLIC3;DOK2;RPL15;CCND3;SELENOT;FCGR3A;CAPZB;SPCS2;TMSB4X;SRGN;ALOX5AP;TBC1D10C;HSPA8;SFT2D1;PLEK;ITGB2;RPS27A;PTMA;JUNB;UFC1;BTG1;S100A4;B2M;SEC11A;UBE2D2;CD53;CTSC;GADD45B;ARHGDIB;DHRS7;XBP1",-2.6195427622168714,1.7446583031594254e-24,TRUE,
"LAKE_ADULT_KIDNEY_C15_CONNECTING_TUBULE",148,0.6373674706711212,3.3158535672565495,3.778634984321052e-28,1.371644499308542e-26,"EIF4G3;NFAT5;KMT2C;MED13L;SBF2;COBLL1;SCAPER;RNPC3;NAALADL2;BRAF;RASAL2;SSH2;DLG1;LRBA;FNDC3B;WNK1;ATXN1;ANK3;KIAA1958;NFE2L2;ARL15;ZNF704;EXOC6B;FNDC3A;MAP4K3;ITGA2;USP25;MAML2;CD2AP;AHI1;YAP1;RORA;RALGAPA1;PRKCA;AAK1;MECOM;MEF2A;NEBL;ITPR1;GLS;ARB2A;RHOBTB3;NLK;MLLT3;ARID5B;MYO1B;FHOD3;KAZN;LCOR;PRKG1;SETBP1;CDK6;TCF12;STARD13;GNAQ;ADGRL2;OSBPL3;ESRRG;DACH1;SIK3;WSB1;FBXL17;SLC8A1;SPIRE1;JPX;XIST;TOX3;GRIP1;VAV3;SLIT2;TRHDE;CSGALNACT1;NR3C2;CCSER1;KANSL1L;DYNC2H1;BTBD9;MAPK10;ITGAV;KLF12;LAMB1;TMTC2;ADAMTS9",3.2815696470234608,1.6726941991641523e-25,TRUE,
"LAKE_ADULT_KIDNEY_C16_COLLECTING_SYSTEM_PRINCIPAL_CELLS_CORTEX",121,0.6650845355428199,3.3521604162899474,4.274026166526204e-27,1.4775919032847733e-25,"ROCK2;NFAT5;BAZ2B;MED13L;COBLL1;AFF1;NAALADL2;MAGI3;THSD4;BRAF;FTX;SYTL2;SSH2;LRBA;FNDC3B;ATXN1;MTR;ANK3;MBD5;PDE8A;ARL15;ERC1;COL4A5;MACC1;FNDC3A;REV3L;CD2AP;AHI1;PRKN;MYO10;SLC38A1;MAML3;PRKCA;PTBP3;MECOM;SAMD12;SMARCA2;ARID1B;GLS;ARB2A;PDE7B;NLK;SIK2;FHOD3;THRB;KAZN;PRKG1;THSD7A;CDK6;STARD13;MYO1E;SIK3;DLG2;WSB1;PTK2;SNHG14;SLC8A1;XIST;TOX3;MIR99AHG;GRIP1;PAPPA;NR3C2;CCSER1;BTBD9;MAPK10;NBEA;LAMB1;TMTC2;EPB41L4A",3.300325407570819,2.222576355562687e-24,TRUE,
"TRAVAGLINI_LUNG_CAPILLARY_INTERMEDIATE_2_CELL",400,-0.512693651068796,-2.364159513942841,1.3930932202348046e-26,4.597207626774856e-25,"BLOC1S1;NAA38;POLR2L;NEDD8;UQCR10;PSMA6;GUK1;ATP5ME;SERF2;GPX1;UBA52;FAU;NDUFA13;NDUFA2;MYL6;RNF181;COX4I1;UQCR11;TRIR;VAMP5;NDUFS5;ATP5MJ;PSME1;PRMT1;OAZ1;TRAPPC1;POLR2F;RPS19BP1;ELOB;S100A13;OST4;DYNLT1;TMSB10;FIS1;RBX1;ATOX1;PSMB9;UQCRQ;NDUFA3;UBE2L6;ROMO1;GPX4;MRPS18C;LAMTOR1;PET100;SNRPD2;NDUFA12;RPS21;MT2A;IL32;RPLP2;GNG5;FKBP8;NDUFB1;NDUFS6;PSME2;COPS9;SUMO3;HSBP1;MPG;COX7A2;HLA-DPB1;HLA-DQB1;FTH1;RPS11;COX6B1;UBL5;ATP5IF1;RPS28;SLIRP;RPL35;NDUFB9;RPL27;HLA-DRA;SZRD1;LGALS1;CALR;VAMP8;TUSC2;TMEM219;RPLP1;RPS29;ARL2;IFITM3;CALM3;RPL37;SELENOK;CLTB;TLE5;MT1E;CARHSP1;IFI27;RPL36AL;TOMM7;COX7C;CYB5A;ARPC1A;IFITM2;CHMP2A;EMP3;RPL27A;YBX1;COX7A1;MRPS18B;SNHG32;SH3BGRL3;SSU72;S100A3;YWHAE;APOL3;DDIT4;GABARAP;CARD16;RPL38;BRK1;RPS26;PPIA;MRFAP1;RPL34;RPS12;IFI6;MT1L;SEC61G;MT1M;GMFG;BBLN;R3HCC1;S100A6;ATP5PD;SERPINB6;SELENOW;NHERF2;IFI27L2;ARRDC2;CSTB;NDUFB4;CHLSN;ARL2BP;MYL12A;RPL41;EEF1A1;TTC1;GYPC;C1orf54;RAB13;COX6C;NDUFA4;RPL30;RPL37A;H2AZ2;DYNLRB1;C22orf39;HPCAL1;RPL31;CCND3;PKIG;TMSB4X;HLA-DQA1;TNIP1;ATP5PF;ISCU;BUD31;PDLIM2;RPS27A;SNHG6;PTMA;HMGN2;PDAP1;FCN3;ATP5MK;UBE2L3;S100A4;B2M;HNRNPM;PTMS;EGFL7",-2.2992960127125257,1.6252458723327318e-22,TRUE,
"LAKE_ADULT_KIDNEY_C17_COLLECTING_SYSTEM_PCS_STRESSED_DISSOC_SUBSET",229,0.5310561769519373,2.9103069152722587,8.015422219449994e-26,2.5300854484003026e-24,"RAPGEF2;NFAT5;MED13L;GAB1;JMJD1C;COBLL1;AFF1;ARHGEF12;AFF4;NAALADL2;MAGI3;KIAA1217;THSD4;BRAF;SSH2;SPAG9;ATXN1;ANK3;RANBP2;MBD5;NFE2L2;ARL15;HERC1;ERC1;ZNF704;KIF13B;MACC1;FNDC3A;EPB41L5;MAP4K3;ITGA2;CD2AP;TSC22D2;AHI1;PRKN;ZNF292;CLMN;MYO10;RORA;RALGAPA1;HIVEP2;SLC38A1;MAML3;PRKCA;PRKCE;IQGAP1;UACA;AAK1;MECOM;TOP1;SAMD12;MEF2A;MYO1D;TJP1;SMARCA2;ARID1B;FNIP2;CAST;HSPH1;GLS;NLK;ASAP2;ZSWIM6;SIK2;MYO1B;FHOD3;NEK1;AHNAK;EMCN;PRKG1;CCNL1;ESYT2;UBE2H;ARIH1;VCL;LRRFIP1;MYO1E;PAWR;FHIP1A;EIF2AK3;ADGRL2;OSBPL3;NEDD4L;SIK3;SPTBN1;DLG2;WSB1;FBXL17;SLC8A1;XIST;TRAK1;ABLIM1;PDK4;KLF6;GRIP1;BACH1;IGFBP5",3.0178923505599067,7.883441095752387e-27,TRUE,
"LAKE_ADULT_KIDNEY_C27_VASCULAR_SMOOTH_MUSCLE_CELLS_AND_PERICYTES",147,0.6160339416974603,3.2131091416241926,8.604536254127742e-26,2.602872216873642e-24,"ROCK2;RAPGEF2;NBEAL1;MED13L;BMPR2;ZFHX3;ADGRL3;DST;PBX1;THSD4;FTX;RASAL2;PDE3A;UBR3;PAN3;DGKH;CDC42BPA;LPP;EPAS1;CRIM1;ZNF704;TTC28;ROCK1;AKAP13;ANKRD36;CLMN;MAML3;PPP1R12B;INPP4B;AKAP6;MYO1D;TJP1;ZEB1;DMD;ARID1B;HSPH1;ARHGEF7;RBMS3;AUTS2;CACNB2;ARID5B;RCAN2;FRY;PRKG1;NRXN3;A2M;ESYT2;ARIH1;EPS8;VCL;CBLB;CDH13;PAWR;UTRN;PTPRG;DLC1;KALRN;SORBS2;SIK3;SOX5;DLG2;PPP1R12A;WSB1;AKAP12;COL4A1;PDLIM5;SLC8A1;SYNPO2;NHS;ITGA1;LRCH1;CACNA2D1;MBNL1;MEF2C;HIP1;IGFBP5;MYH11;HPSE2;MYLK;TMTC1;MYH9;PLCL1;TNS1;SPARCL1;CALD1;SLIT3;TACC1;FCHSD2;COL4A2",3.4665495221180174,6.184815841838342e-31,TRUE,
"LAKE_ADULT_KIDNEY_C26_MESANGIAL_CELLS",171,0.584713524807928,3.122409386389626,1.193184172307307e-25,3.46500683638042e-24,"ROCK2;RAPGEF2;NBEAL1;SH3D19;SBF2;BMPR2;AKAP9;USP53;DST;FTX;RASAL2;PDE3A;UBR3;RAPH1;SPAG9;WNK1;ITGA8;NKTR;DGKH;CDC42BPA;LPP;EPAS1;UNC5C;PSD3;CRIM1;HERC1;TTC28;PTPRD;TNS3;MAML2;ROCK1;RAPGEF5;RORA;PDS5B;MAML3;ASCC3;PRKCA;NCOA1;INPP4B;UACA;TOP1;SAMD12;MYO1D;TJP1;ANKRD12;ITPR1;HSPH1;ARGLU1;EPB41L2;LAMA2;PDE7B;ANKRD11;RBMS3;ARID5B;HIPK2;AHNAK;LMO7;EMCN;PRKG1;A2M;TCF4;RBMS1;STARD13;PPARG;EPS8;MYO1E;CBLB;ADGRF5;PIEZO2;UTRN;ADGRL2;PTPRG;DLC1;KALRN;SPTBN1;PPP1R12A;AKAP12;COL4A1;SEPTIN7;ITGA1;CACNA2D1;MEF2C;IGFBP5;DAAM2;PTPRM;TMTC1;MYH9;TSC22D1;PLCL1;TNS1;COL12A1;IL6ST;CALD1;FRMD4A;NBEA;DAPK2",3.2712615394141484,4.983629830881546e-28,TRUE,
"RUBENSTEIN_SKELETAL_MUSCLE_B_CELLS",173,-0.6263674232994305,-2.7268123810979055,3.572708937386193e-25,9.976102648239909e-24,"UBA52;FAU;RPS5;OAZ1;RPL18A;RPS14;HLA-DMA;RPS15;RPL28;RPL18;RPS21;RPLP2;NOP10;RPS10;RPS2;CALHM6;RPS8;RPL8;CYBA;RACK1;WDR74;CD74;HLA-DRB1;HLA-DPB1;RPL26;HLA-DQB1;RPS9;RPL13;RPL36;RPS15A;RPS3;RPS18;RPS28;RPS23;RPS13;RPL27;HLA-DRA;SMDT1;RPLP1;RPL7A;RPS29;RPL29;RPSA;RPL37;RAC2;COX7C;RPS19;RPL13A;RPL3;HLA-DPA1;RPS6;RPL27A;CD48;RPL23A;PYM1;RNASET2;CARD16;RPL38;RPS26;RPL34;RPS12;CD52;SNHG8;RPL9;GMFG;RPL10;RPL35A;RPS3A;ERP29;RPL19;RPL5;RPS4X;LIMD2;RPL41;LAPTM5;EEF1A1;RPSA2;RPL30;RPL37A;RPL15;CXCR4;RPL12;POLD4;EEF1B2;ALOX5AP;HLA-DQA1;TBC1D10C;NCF1;PAIP2;RPS27A;JUNB;BTG1;EEF1D;LTB;RPL32;CD53;RPL11;RHOH",-2.648909505617392,5.5412183071828726e-21,TRUE,
"LAKE_ADULT_KIDNEY_C3_PROXIMAL_TUBULE_EPITHELIAL_CELLS_S1_S2",186,0.5600349263497487,2.985865859584438,9.769843190140334e-25,2.627002280015512e-23,"TEAD1;ASH1L;CHD9;ANKRD26;AFDN;PRRC2C;ZC3H13;PPARA;SCAPER;PDZD2;ZBTB38;MAST4;GOLGA4;THOC2;ANKIB1;PATJ;PBX1;FTX;PLEKHA5;SPAG9;NCKAP5;ZHX3;ANK3;VWA8;WDFY3;TNRC6A;PNISR;LPP;MBD5;TFDP2;PDE8A;OGA;GOLGB1;TTC28;PTPRD;VPS13A;AKAP13;PRKN;RORA;FARP1;LUC7L3;MYO6;CWF19L2;SRRM2;RBM6;RERE;SREK1;N4BP2L2;ANKRD11;SIK2;PARD3;RBM25;PCLO;FHOD3;SLC16A9;SRSF11;SETBP1;EHBP1;PLEKHA6;EXOC4;AGAP1;CSPP1;PTPRG;IGF1R;SORBS2;NEDD4L;FGD4;DLG2;SNHG14;COL4A1;LINC01515;NHS;ABLIM1;CUX1;CNTN4;MME;UGT2B7;SLIT2;SNX29;PLEKHA7;CGNL1;PTPRM;TNRC6B;KANSL1L;ANK2;DYNC2I1;SYNE2;TNS1;PPP1R21;MAPK10;FRMD4B;CALD1;KCNQ1OT1;TACC1;ERRFI1;ARHGEF28;RBM47;GMDS-DT;DIP2C",3.136862749626712,1.3079167275821314e-26,TRUE,
"MENON_FETAL_KIDNEY_7_LOOPOF_HENLE_CELLS_DISTAL",255,-0.5622558853243025,-2.5087673708734477,2.562224812066372e-24,6.643482905572093e-23,"POLR2L;UQCR10;NDUFS7;COX8A;ATP5ME;SERF2;COX6A1;ATP6V0B;NDUFA6;NDUFB8;NDUFA2;COX4I1;NDUFB7;UQCR11;ECI1;NDUFS3;CYC1;MRPL41;ATP5F1D;LAMTOR5;ALDOA;NDUFS8;ATP5MJ;ETFB;UQCRC1;UQCRHL;CHCHD10;ATP5PO;UQCRQ;TPI1;ATP5MG;FKBP2;NDUFA3;EIF3K;COX5B;GNG5;NDUFB1;NDUFS6;COX7B;NDUFV1;AURKAIP1;HSBP1;HIGD2A;COX7A2;PKM;NPC2;COX6B1;ENO1;NDUFC1;MICOS13;SLIRP;ATP6V0E1;NDUFB9;COA3;DMAC1;SMDT1;VAMP8;SLC25A5;PHB1;COX5A;HSPE1;ATP5F1B;SLC25A6;NDUFB2;UQCRH;ATP5F1A;ATP5MC1;CD63;TOMM7;REXO2;NDUFA8;COX7C;NDUFA1;APOE;ATRAID;NDUFS2;CYSTM1;ATP5MC3;CHMP2A;FTLP3;GPI;CTSL;KRT10;MRPS5;MPC1;ATP5F1C;SLC25A4;NDUFB6;RNF7;TSTD1;MUC1;GOT1;S100A6;ATP5PD;SPINT2;NDUFB4;IDH2;UQCRC2;SPP1;PEBP1;PRDX3;FAM162A;ATP5PB;UQCRFS1;COX6C;NDUFA4;MGST3",-2.536412355663468,7.055207232523396e-24,TRUE,
"LAKE_ADULT_KIDNEY_C11_THIN_ASCENDING_LIMB",162,0.58443477820734,3.1049842276713546,3.456966811858862e-24,8.654337604860461e-23,"EIF4G3;NFAT5;MED13L;TBC1D5;GCC2;TRIO;AFF1;MYO9A;NCOA2;USP53;BRD10;MAGI3;MKLN1;MAST4;VPS13B;LRBA;ERBIN;MAGI1;CDC42BPA;VPS13C;SVIL;NIPBL;LPP;KIAA1958;TBCK;MSI2;KIF13B;ITGA2;FAM135A;TNS3;AHI1;YAP1;HIVEP2;DOCK1;ASCC3;PRKCE;NCOA1;PLCB1;MECOM;SAMD12;RALGAPA2;ZEB1;RUFY3;FNIP2;PPP2R3A;ZMYND8;BRWD1;PIBF1;SLC4A7;ITPR2;TRIM2;UGGT2;PDE7B;PLEKHA1;SASH1;ZSWIM6;THRB;KAZN;NRXN3;RBMS1;UBE2H;PHF21A;SGIP1;RASSF8;LRRFIP1;MYO1E;RUNX1;PTPRG;OSBPL3;SIK3;ITGB6;FBXL17;PTK2;FOXP2;MGLL;ATP1A1;UGT2B7;PLEKHA7;DDX5;PLOD2;SNED1;ELF2;FCHO2;LAMB1;TCIM;TMTC2;ADAMTS9;ERRFI1;ARHGEF28;BICC1;RBM47;GRAMD2B;PRKD1;DIP2C;ALDH1A2;ADAMTS1",3.244216350162525,4.9562395640017295e-26,TRUE,
"LAKE_ADULT_KIDNEY_C13_THICK_ASCENDING_LIMB",107,0.6670233100412436,3.322666003448005,6.5400737384101224e-24,1.5826978446952495e-22,"ANKRD26;COBLL1;MYO9A;NCOA2;PTPN4;RNPC3;NAALADL2;USP53;KIAA1217;PBX1;BRAF;LRBA;CPEB4;WNK1;ZHX3;VWA8;TNRC6A;PNISR;TBCK;MSI2;USP25;MAML2;PRKN;CLMN;DOCK1;PLCB1;MECOM;TFCP2L1;OXR1;DDX17;SLC4A7;TRIM2;KANSL1;PDE7B;TBC1D4;RHOBTB3;THRB;SGIP1;IGF1R;OSBPL3;ESRRG;CLCN5;FGD4;FBXL17;SNHG14;FOXP2;NHS;ABLIM1;AK3;WWC2;RNF150;ATP1A1;VAV3;HIP1;PKP4;CGNL1;TAPT1-AS1;NR3C2;ENOX1;CCSER1;PLCL1;ANK2;DYNC2I1;KLF12;LAMB1;TACC1;STXBP4;PRKD1;GMDS-DT;PTGER3;SOX6;EGF;ARHGAP24;TMEM161B-DT;DNAH14",3.3580479767910645,6.928195512374212e-24,TRUE,
"SU_HO_CONV_CENT_CHONDROSARCOMA_C7_PROLIFERATIVE",226,-0.5757489798095375,-2.5525174379058866,2.0501080036710815e-23,4.801220679565177e-22,"POLR2L;COX8A;PSMB4;SIVA1;ATP5MF;ELP5;TMEM160;PSMB3;CYC1;PGP;NDUFS8;TRAPPC1;SAC3D1;YIF1B;DYNLL1;LSM7;ELOB;NME1;EMC9;DYNC2I2;ATOX1;RUVBL2;AURKB;NUTF2;TXNDC17;MRPL23;PAFAH1B3;ITGAE;NDUFS6;PSME2;AURKAIP1;TK1;SUMO3;NAXE;PIN1;HIGD2A;ADAM15;SNRPF;RABGGTA;H2AX;CDC20;CDT1;GLRX5;SNRPC;SNRPB;LAMTOR2;CDCA4;PKMYT1;EBP;PLK1;ARL2;SNRPA;TUBA1B;CALM3;FAAP20;NDUFB2;CENPW;TUBG1;NRM;TYMS;CKS1B;MCM7;BCL2L12;BANF1;PRC1;POLR2J;ATP5MC3;BSG;DTYMK;PIMREG;MXD3;NDUFB11;PCNA;ASF1B;YBX1;TMEM106C;CDKN2D;BUB3;RBM8A;BOLA3;BIRC5;CCNB1;CDCA3;CDCA8;PSRC1;SNRPG;HNRNPAB;CCNB2;KDELR1;KIF22;ELOC;NGDN;PTTG1;RBM23;CDKN3;GUSB;ADI1;UBE2T;COX6C;CCT5;ISYNA1;SDR39U1;KIFC1;NMU;RALY;TACC3;TUBB6;HMGN2;TROAP;DUT;PHF19;KNSTRN;MICOS10;PTMS",-2.5482225529901377,4.1257380053962504e-22,TRUE,
"FAN_OVARY_CL14_MATURE_SMOOTH_MUSCLE_CELL",302,-0.5289749971528128,-2.396714278485462,5.113047541321803e-23,1.160022660937384e-21,"C12orf57;PFN1;COX8A;NDUFB10;ATP5ME;SERF2;COX6A1;RABAC1;EIF5A;NDUFA13;MYL6;NDUFB7;UQCR11;ATP5F1D;UBB;PSME1;DCTN3;DYNLL1;ELOB;NME3;CHCHD10;OST4;VKORC1;FIS1;UQCRQ;NENF;NDUFA3;ROMO1;HCFC1R1;PHPT1;CAVIN3;MT2A;COX5B;FKBP8;NDUFB1;TSPO;PIN1;COX7A2;ACTB;COX6B1;ISG15;UBL5;ARPC1B;SLIRP;IRF1;HES4;SELENOM;LGALS1;COPS6;PARK7;NDUFA4L2;IFITM3;CRIP1;RAB11B;ALKBH7;CALM3;CD151;GSTP1;CTSD;MT1E;ATP5MC1;RNH1;TOMM7;AP2M1;NDUFA1;SRSF7;ARPC1A;CYSTM1;IFITM2;ATP5MC3;BSG;RHOC;TBCB;IFITM1;COX7A1;YWHAH;HSPB1;PLK2;BRK1;SOD3;PHLDA2;S100A6;ATP5PD;SELENOW;TMEM14C;TPPP3;PEBP1;CSRP2;ECH1;ADI1;CYB5R3;RAB13;COX6C;NDUFA4;MGST3;ISYNA1;SPCS1;DYNLRB1;S100A11;PLP2;PDLIM1;IGFBP7;PKIG;MCRIP1;REEP5;DNAJB1;PDLIM7;CRIP2;HSPA2;ISCU;CAV2;TINAGL1;PTMA;JUNB;PPDPF;HMGN2;ATP5MK;TUBA1A;GPX3;WDR1;DUT;S100A4;PTMS;GADD45B;CALM2;MTHFD2;MDH1;RHOA;GSTK1",-2.2804486001658906,2.8065415503294346e-18,TRUE,
"LAKE_ADULT_KIDNEY_C22_ENDOTHELIAL_CELLS_GLOMERULAR_CAPILLARIES",135,0.6115309092236412,3.168451760468255,1.349936614496395e-22,2.969860551892069e-21,"MED13L;SBF2;JMJD1C;PTPRB;BMPR2;TGFBR2;ARHGEF12;PIK3C2A;ANKS1A;KIAA1217;ASAP1;PBX1;RASAL2;PAN3;MACF1;ITGA8;NKTR;SVIL;PEAK1;EPAS1;PDE8A;ARL15;HERC1;EXOC6B;TTC28;SLCO2A1;MAML3;PRKCA;PRKCE;PREX2;NCOA1;UACA;LIFR;MEF2A;CEP112;TJP1;ZEB1;FMNL2;HSPH1;ARGLU1;RBMS3;SASH1;ARHGAP26;ZSWIM6;LDLRAD4;HIPK2;EMCN;PRKG1;FLT1;TCF4;RBMS1;STARD13;RAPGEF4;MYO1E;CDH13;GNAQ;ADGRF5;TEK;UTRN;ADGRL2;PTPRG;KALRN;SORBS2;PLPP3;SPTBN1;AKAP12;COL4A1;ITGA1;PIAS1;LRCH1;CACNA2D1;MBNL1;IGFBP5;LDB2;PTPRM;TMTC1;SNED1",3.3459970988806558,3.8625898248882583e-26,TRUE,
"LAKE_ADULT_KIDNEY_C12_THICK_ASCENDING_LIMB",355,-0.5054757354997621,-2.3061597484034966,4.000511526183925e-22,8.542268729439793e-21,"UQCR10;NDUFB10;GUK1;ATP5ME;SERF2;SDHA;ATP6V0B;UBA52;FAU;MYL6;COX4I1;RPS5;CYC1;ALDOA;UBB;SOD1;GAPDH;UQCRC1;CHCHD10;TUFM;RPS14;TMSB10;RPS15;UQCRQ;TPI1;ATP5MG;FKBP2;RPL18;RPS16;PPIB;GPX4;EIF3K;SSR4;RPS21;CST3;COX5B;RPLP2;NDUFS6;COX7B;RPS8;NDUFV1;RPL8;RPLP0;HSBP1;RACK1;COX7A2;EDF1;FTH1;PKM;RPS9;RPL13;NPC2;RPS11;COX6B1;CBR1;ATP5IF1;RPS3;ENO1;RPS18;RPS28;RPL35;RPS23;RPS13;NDUFB9;RPL27;COA3;SLC25A5;RPLP1;RPL7A;RPS29;COX5A;ATP5F1B;RPSA;CUTA;RPL37;NDUFB2;CHCHD2;UQCRH;ATP5F1A;ATP5MC1;CD63;COX7C;RPL10A;NDUFA1;RPS19;CD81;ATP5MC3;RPL13A;RPL3;ATP5MC2;RPS6;AIF1L;RPL27A;YBX1;SLC25A3;HLA-A;MPC1;ATP5F1C;SLC25A4;PPIA;MRFAP1;RPL34;RPS12;SNHG29;RPL9;PFKL;SRP14;GOT1;RPL10;RPL35A;EEF2;S100A6;ATP5PD;SELENOW;RPS3A;RPL19;RPL5;RPS4X;IDH2;RPL41;BACE2;UQCRC2;EEF1A1;PEBP1;GAS6;PRDX3;ATP5PB;UQCRFS1;COX6C;NDUFA4;RPL30;RPL37A;RPL15;MGST3;PLAU;RPL31;SERPINA5;PGK1;RARRES2;RPL12;PDXK;CNDP2;P4HB;REEP5;KIFC3;CPVL;HSPA8;ATP5PF;CRIP2;HSPA2",-2.3095453633891854,3.7194719804412865e-21,TRUE,
"LAKE_ADULT_KIDNEY_C5_PROXIMAL_TUBULE_EPITHELIAL_CELLS_STRESS_INFLAM",347,0.4272459925414841,2.4391293309476976,2.5144571718449326e-21,5.2157025907412035e-20,"CHD6;FMN1;ZFC3H1;PRRC2C;ZC3H13;PPARA;OPHN1;PDZD2;GON4L;PHF20;MDN1;YTHDC1;SCAF8;ITCH;THOC2;DIP2B;SMARCC1;ARID4A;UPF2;PLEKHA5;ZNF91;SUCLG2-DT;SHANK2;BAZ1B;NCKAP5;ZHX3;CHD2;SHROOM4;USP8;KIAA1671;TNRC6A;PNISR;NT5C2;TFDP2;CCAR1;GRIN2B;OGA;PRPF38B;GOLGB1;BCOR;LSAMP;KDM2A;AKAP13;RORA;PRKCE;LUC7L3;MYO6;UBN1;NRG1;ABAT;ROBO2;SRRM2;DMD;RBM39;KIAA1549;RBM6;ATXN7L1;SREK1;DHTKD1;UBE4B;KAT6B;CCDC191;PRLR;ASXL1;BAZ2A;ARHGAP42;EIF5B;MYRIP;ANKRD11;LARP1;NR6A1;ITSN1;PGPEP1;SRPK2;ARHGAP26;RBM25;SLC16A9;SRSF11;ZMAT1;NCOR1;TNRC6C;EOLA2-DT;CREBBP;PHF14;CSMD2;PLEKHA6;CLTC;NSUN6;ZNF708;NFE2L1;AK9;RUNX1;CSPP1;CACNA1D;ZC3H6;ABCC2;PTPRG;HECW1;SORBS2;SLC26A3;IGF2BP2;FGD4;SLC22A11;DLG2;COL4A1;PCK1;LINC01515;NHS;XPC;FSIP1;CUX1;PRSS51;MET;CNTN4;MME;HIP1;ADAMTS8;SNX29;PLEKHA7;TAPT1-AS1;ENOX1;TNRC6B;EPHX2;DYNC2I1;TNS1;PPP1R21;CYP3A5;ZC4H2;FRMD4B;DOK6;FRMD4A;TMT1A;SLIT3;TIMM23B;DZIP1;ACACB;DAB1;KMT2B;LMCD1-AS1",2.520501724818707,1.197930352767467e-22,TRUE,
"GAUTAM_EYE_CORNEA_MELANOCYTES",254,-0.5415279221464255,-2.41825972236756,5.1973486678028494e-21,1.0481319813402414e-19,"UROD;BABAM1;ANKRD39;SLC25A11;SNRNP25;BLVRB;MRPL28;RPS5;CYC1;NUBP2;PITPNA-AS1;RPL18A;NME1;RPS14;PPP1CA;DYNC2I2;ATOX1;STOML2;LAMTOR4;NT5C;PPIB;PSMD13;HMOX2;CCDC124;GNG5;RPS10;RPS8;PHB2;RPL8;TMEM101;CYBA;EDF1;SAP30;EIF3F;RPL26;NPC2;SRM;RPS11;GALK1;NDUFAF3;TMEM179B;RPS28;GSTO1;TMED9;RPS13;SNRPC;EIF3G;WDR18;JAGN1;COPS6;CLTA;TALDO1;DDOST;METRN;UBALD2;SERTAD1;TUBA1B;CD320;RPSA;CUTA;CFL1;RPL17;CHCHD2;QDPR;ARPC1A;RAMP1;DUSP14;NUDT2;RPL13A;GRN;PRDX4;PSMC2;MRPS18B;YWHAH;MRPL24;RPS26;EMC7;CCT2;PSMA7;CLEC11A;PLD3;LAP3;UBE2S;TRAF2;SRP14;RPL10;DNAJC8;RPS3A;PRMT2;ERP29;NDUFB4;RPL19;CHLSN;TRPV2;IMPDH2;TFPT;UQCRC2;GUCD1;SPP1;ARHGDIA;ECH1;FXYD5;CHMP1A;ITPK1;ISYNA1;RPL12;SNX3;MID1IP1;PKIG;EEF1B2;PA2G4;KIFC3;NUCB1;DNAJB1;RABIF;SEM1;FZD9;PTMA;C1orf43;SDHAF3;KIAA0930;HPS1;RPL32;FUS",-2.374518403962996,3.4340030049826117e-19,TRUE,
"LAKE_ADULT_KIDNEY_C21_COLLECTING_DUCT_INTERCALATED_CELLS_TYPE_B",96,0.6516233990643605,3.1632736409875992,5.401968444408422e-20,1.05995380828122e-18,"PARD3B;KMT2C;TBC1D5;NCOA2;MAGI3;MAGI1;SEMA3C;LPP;PSD3;ARL15;HERC1;MSI2;KIF13B;PRKN;RORA;PRKCE;ITGA6;RALGAPA2;MEF2A;NEBL;KIF21A;ADAMTSL3;TFCP2L1;TBC1D4;MYRIP;SNTB1;PDE1C;RCAN2;PPARG;ARHGAP18;EPS8;ADAMTSL1;PICALM;CELF2;OSBPL3;ESRRG;DACH1;NEDD4L;SIK3;GLCCI1;FBXL17;XIST;DGKI;RNF150;TRHDE;IGFBP5;CGNL1;NR3C2;PLCL1",3.060646989353354,8.096572099263008e-17,TRUE,
"TRAVAGLINI_LUNG_MACROPHAGE_CELL",200,-0.5625477536752687,-2.472178849112277,8.455688360781644e-20,1.6154815131388088e-18,"GPX1;AP2S1;BID;TYMP;NUPR1;GPX4;ATP6V1F;CST3;NOP10;TSPO;HSBP1;CD74;HLA-DRB1;HLA-DQB1;FTH1;ETHE1;NPC2;ISG15;GSTO1;TYROBP;LGALS1;HLA-DRB5;APOC1;CXCL8;SMCO4;MCEMP1;CTSD;MT1E;COMT;BCL2A1;SLC15A3;HCAR2;HLA-DRB6;APOE;C1QC;CD81;GRN;YBX1;C1QB;YWHAH;CTSL;ACP5;HSPB1;ANXA2;C1QA;KYNU;IFI6;LAP3;FAM89A;GRINA;MT1M;TUBA1C;PGD;TREM2;IL1RN;CSTB;TNFAIP2;FCER1G;CXCL16;GLIPR2;OSCAR;PNPLA6;IL6;PPT1;CXCL3;CXCL1;AVPI1;MGST3;SLC11A1;S100A11;ANXA5;PDLIM1;IL1B;LYZ;RBP4;CNDP2;ALOX5AP;IGSF6;CAPG;HLA-DQA1;P2RX4;PLAUR;FLVCR2;CTSB;TREM1;PILRA;VSIG4;FABP5;ATP6AP1;GPX3;HCK;SOD2;SNX10;FCGR2A;CTSC;NCF2;MS4A4A;FPR1;FBP1;PSAP",-2.417452573438122,2.4838484091466965e-17,TRUE,
"BUSSLINGER_GASTRIC_LYZ_POSITIVE_CELLS",103,-0.6729635230138008,-2.7514250123289714,1.6447050407640565e-19,2.9898080096220974e-18,"MUC6;RPS5;RPL18A;REG1A;RPS14;RPS15;RPL28;RPL18;RPS21;CST3;RPS10;RPS2;RPS8;RPLP0;RACK1;RPL26;RPS9;RPL13;RPL36;RPS15A;RPS3;RPS18;RPS28;RPL35;RPS23;RPS13;PGC;RPL7A;RPL29;RPL37;TFF2;RPL17;RPL13AP3;RPL10A;CD81;RPL3;ETV5;RPS6;RPL23A;RPL34;RPS12;AGR2;RPL9;RPL10;RPL35A;EEF2;RPS3A;RPL19;RPL5;RPS4X;SLPI;RPL41;EEF1A1;MMP1;PKDCC;RPL30;RPL37A;RPL15;ANXA5;RPL31;RPL12;LYZ;EEF1B2",-2.713628660828771,6.426106699638065e-18,TRUE,
"MENON_FETAL_KIDNEY_1_EMBRYONIC_RED_BLOOD_CELLS",119,-0.6483749720348758,-2.7146172833691837,1.647277140287657e-19,2.9898080096220974e-18,"PFN1;UBB;RPL18A;DYNLL1;GAPDH;RPLP0P6;SNRPD2;H2AZ1;ERH;RPS13P2;RPLP0;ACTB;RAN;RPL26;FTH1;RPS15A;RPS18;RPS23;RPS13;SNRPC;SNRPB;CALR;RPL7AP6;RPL7A;TUBA1B;HSPE1;RPL29;TUBB;RPSA;CHCHD2;IFITM2;RPS7P1;HBA2;RPL3;RANBP1;PCBP2;PCNA;RPL15P3;ATP5MC2;YBX1;RPL23A;ATP5F1C;PPIA;RPL4P4;MARCKSL1;HBB;ILF2;RPL35A;RPS2P5;RPL26P19;HNRNPF;CNBP;RPL19;RPL5;OSTC;PTTG1;SSBP1;RPSA2;RPL15;RPL31;EEF1B2;HSPA8;RPL10P16;ATP5PF;NPM1P39;PPDPF;DUT;RPL32;SEC11A;NACA;TPT1;HMGB2;RHOA",-2.6038766549087518,2.239269683997049e-16,TRUE,
"GAO_LARGE_INTESTINE_24W_C11_PANETH_LIKE_CELL",313,-0.5015469709696517,-2.2762931066582692,4.1294646023081695e-19,7.312173905550564e-18,"HCST;CCL3;HLA-DMA;CIMAP1B;CALHM6;PPIF;CCL4;CD74;HLA-DRB1;HLA-DPB1;HLA-DQB1;SECTM1;MCOLN1;CXCL10;NFKBIE;NINJ1;EIF4A3;TYROBP;HLA-DRA;LGMN;CXCL8;HLA-DMB;CORO7;IL4I1;BCL2A1;RAC2;KLHDC7B;SLC15A3;HCAR2;CLEC2B;LST1;C1QC;GLA;CD300A;METRNL;HLA-DPA1;VPS9D1;ARRB2;CD48;C1QB;CTSL;ACP5;OSM;HSPA6;C1QA;KYNU;ICAM1;CD14;GMFG;SLC35F6;C2;FAM110A;PGD;CXCL9;CTSZ;GBP5;GM2A;IL1RN;TNFAIP2;SPI1;FCGR1A;FCER1G;CXCL16;LAPTM5;ABI3;PIK3AP1;IL23A;RILPL2;ATF5;CEBPB;HAVCR2;NINJ2;CXCL3;UAP1L1;DOK2;DUSP2;CXCR4;RGS19;PLAU;IL1B;TNF;LYZ;FCGR3A;PTGS2;SRGN;IGSF6;HLA-DQA1;NCF1;STX11;CPVL;PLAUR;PLEK;LPCAT1;ITGB2;LILRB4;AIF1;LAT2;CYTH4;KIAA0930;NCF4;LYPD3;HCK;TNFSF13B;SLAMF8;NCF1B;SOD2;SNX10;FCGR2A;CD53;CTSC;LYN;ARHGDIB;NCF2;LSP1;SLC8B1;MTHFD2;MS4A4A;FPR1;CD40;CASP1;FMNL1;HMOX1;PTAFR;CD83;IFI30;WAS;RAP2B;RNF144B;CD86;RIPK2;CXCL2;PACC1;BIRC3;RIPOR1;ATP1B3;IL1R2;ITGAM;IL1A;NFAM1;LILRB2;CD37;LCP2;GPR65;MAFB;ITGAX;GPSM3;APOBEC3A;RNASE6;EOLA1;ARL4C;C5AR1;ADGRG5;MMP9;MS4A6A;GNPDA1;SLA;ADAP2;LY86;CD33;ITGB2-AS1;LILRB1;IRF8;GPR132;EBI3;NLRP3;COTL1;UCP2;RHBDF2;IFNGR1;TPP1;SLC25A37;VAV1",-1.9962904667238635,2.196331906167925e-11,TRUE,
"FAN_EMBRYONIC_CTX_BIG_GROUPS_CAJAL_RETZIUS",407,-0.4682249542055591,-2.162300938638721,5.606949814961479e-19,9.69201325157627e-18,"NAA38;POLR2L;NDUFA11;UQCR10;COX8A;NDUFA9;GUK1;ATP5ME;COX6A1;ATP6V0B;SNRNP25;NDUFB8;NDUFA13;COX4I1;NDUFB7;UQCR11;MRPL41;ALDOA;NDUFS8;SOD1;F12;TXNL4A;PRDX2;LY6E;COX14;TPI1;FKBP2;NUPR1;DUSP23;ANTKMT;LSM4;NDUFA12;TUBB4B;COX5B;GCHFR;COX7B;TSPO;PIN1;ACOT7;PKM;ATP5IF1;HAGH;B3GNT4;ISOC2;NDUFB9;S100A16;NDUFAB1;RAB3A;C1orf122;LGALS1;IZUMO4;HINT1;SLC25A5;EBP;COX5A;PLPP2;PRAF2;ATP5F1B;CALM3;AIM2;GSTP1;INAFM1;ATP5F1A;WRAP73;ATP5MC1;COPS7A;TUBA4A;NDUFA8;COX7C;NDUFA1;CYB5A;DEGS2;PFKP;CYSTM1;ATP5MC3;ENO2;SDSL;B4GAT1;TAGLN2;GPI;CMC2;G6PC3;COX7A1;SPRYD3;HLA-A;SLC2A6;ATP5F1C;FDPS;SLC25A4;SMIM29;NDUFB6;TSTD1;SAA1;PPP2R1A;PSMA7;ATP6V1E1;PLD3;THAP4;MARCKSL1;ROGDI;GOT1;ATP5PD;PCMT1;SELENOW;MECR;SPINT2;VEGFB;RHBDD2;CAPN1;BCAP31;ATF5;GAS6;FAM162A;PGAM1;C1orf53;CYB5R3;COX6C;AGPAT2;STK32C;CALB2;PIDD1;TMEM238L;MGST3;HPCAL1;TCTA;TOLLIP;NOL3;TP73;ATP13A2;UBASH3B;CKMT1A;ISOC1;PTPRU;KLC1;HYAL3;UROS;ATP6AP1;KIAA0930;ATP5MK;OAF;CRACR2B;TM7SF2;TPBG;MICOS10;CYB561;MDH1;TMEM50B;TSPAN3;FAM167A;LDHB;DEGS1;WNT4;GHITM;TMEM163;PYGB;MRAP2;PRDX5;HK1;SLC41A3;NDUFB3;ECEL1;NRN1;ATP5F1E;CKMT1B;ZIC2;TIMM17A;EFNA3;SEZ6L2;STX1A;VAT1;DHCR7;STMN3;ST6GALNAC2",-2.166993254868403,5.2577051846964775e-18,TRUE,
"RUBENSTEIN_SKELETAL_MUSCLE_PCV_ENDOTHELIAL_CELLS",222,-0.5408979308497945,-2.392785081594062,6.293366105665039e-19,1.0625543703983299e-17,"NAA38;GUK1;RPS5;PRMT1;RPS14;HLA-DMA;TMSB10;RPS15;LY6E;DUSP23;RPS21;NOP10;GNG5;RPS2;PSME2;RPS8;RPL8;RPLP0;ADAM15;CD74;HLA-DRB1;SNRPF;HLA-DPB1;RPL26;HLA-DQB1;RPS9;NPC2;RPS11;RPL36;RPS15A;RPS18;RPS28;RPS23;RPS13;S100A16;PIM3;HLA-DRA;ZFYVE21;CLTA;HINT1;RPL7A;IFITM3;RPL29;GBP4;RPL37;NFKBIA;RPL17;HYAL2;RPS19;CLEC2B;CYSTM1;IFITM2;FLOT1;RPL3;PCBP2;HLA-DPA1;ATP5MC2;RPS6;IFITM1;YBX1;HLA-A;HSPB1;YWHAE;PLK2;RPL34;HLA-E;RPS12;MARCKSL1;SNHG8;UBXN1;YBX3;OCIAD2;SNCG;RPL10;RPL35A;RPS3A;SNHG7;GNAI2;KLF2;RPS4X;MYL12A;EEF1A1;HLA-B;EGLN1;FXYD5;RPL15;RPL31;RPL12;PDLIM1;POLE4;TMSB4X;HLA-DQA1;ECSCR;SOX18;CRIP2;RPS27A;PTMA;FABP5;NPDC1;RPL32;ZFAS1;EGFL7;CTSC;GADD45B;RPL11;TPT1",-2.2981297359318438,2.273602306599779e-15,TRUE,
"BUSSLINGER_GASTRIC_PPP1R1B_POSITIVE_CELLS",118,-0.6401676375894112,-2.6775258275444798,8.426233177834646e-19,1.3903284743427165e-17,"RPS5;RPL18A;RPS14;RPS15;RPL28;RPL18;RPS16;RPS21;RPLP2;RPS10;RPS2;RPS8;RPL8;RPLP0;RACK1;RPL26;RPS9;RPL13;RPL36;RPS15A;RPS3;RPS18;RPS28;RPL35;RPS23;RPS13;RPL27;RPL7A;RPS29;TUBA1B;RPL29;RPL37;GSTP1;RPL17;RPL10A;RPS19;RPL13A;RPL3;RPS6;RPL27A;RPL23A;PPIA;RPL34;RPS12;SNHG29;MARCKSL1;RPL9;RPL35A;EEF2;RPS3A;SPINT2;RPL19;RPL5;RPS4X;RPL41;IMPDH2;EEF1A1;RPL30;RPL37A;RPL15;RPL31;RPL12;LYZ;EEF1B2;ALDH3A1;RPS27A;PTMA;IMPA2;RPL32;TACSTD2;RPL11;CALM2",-2.672670717241086,1.8401955907616473e-17,TRUE,
"TRAVAGLINI_LUNG_BRONCHIAL_VESSEL_1_CELL",224,-0.5450152340382354,-2.416572402230013,1.0496395044497492e-18,1.693418400512262e-17,"UBA52;FAU;RPS5;RPL18A;NME1;RPS14;RPS15;RPL28;RPL18;RPS16;HAPLN3;DUSP23;RPS21;RPLP2;RPS2;RPS8;RPL8;RPL13AP5;RPLP0;CCDC85B;EIF3F;RPL26;RPL13;RPL36;RPS15A;RPS3;ENO1;RPS28;RPL35;PNP;RPS23;RPS13;UPP1;RPL27;EIF3G;NOP16;SLC25A5;RPLP1;RPS29;SNRPD1;HSPE1;RPL29;RPSA;NHP2;RPL37;CDC37;EIF3D;RPL10A;RPS19;PFKP;NNMT;RPL22L1;RPL13A;PRDX4;RPL3;RPS6;IFITM1;RPL27A;RPL23A;UXT;GAS5;RPL38;RPL34;LDHA;RPS12;C11orf96;RPL10;RPL35A;EEF2;RPS3A;RPL19;TMEM70;RPL5;RPS4X;RPL41;PITPNC1;IMPDH2;BACE2;SPP1;ADM5;RPSA2;RPL30;RPL37A;RPL15;SNRPE;RPL31;RPL12;IGFBP7;POLE4;TESC;C2CD4B;VWA1;RPS27A;PTMA;RPL24;RPL32;PTMS;ZFAS1;NACA;RPL11;TPT1;TSPAN13;MTHFD2",-2.3115039362987058,2.0585521642801115e-15,TRUE,
"LAKE_ADULT_KIDNEY_C9_THIN_ASCENDING_LIMB",265,-0.5158282973881358,-2.3091332764493,7.712704377039369e-18,1.2172659516805612e-16,"SERF2;GPX1;SDHA;UBA52;FAU;MYL6;COX4I1;RPS5;LAMTOR5;ALDOA;UBB;PSME1;SOD1;GAPDH;PSMB1;RPS14;JTB;KRT7;RPS15;TPI1;ARF1;DANCR;RPL18;RPS16;PPIB;RPLP2;CIB1;RPS2;RPS8;RPL8;RPLP0;RACK1;RAN;FTH1;PKM;RPS9;RPL13;RPS11;CBR1;RPS3;ENO1;RPS18;RPL35;RPS23;ATP6V0E1;RPS13;HINT1;RPLP1;RPL7A;IFITM3;PRDX1;ATP5F1B;RPSA;GSTP1;TIMP1;ATP5F1A;CD63;COX7C;RPL10A;CYB5A;RPS19;CYSTM1;IFITM2;ATP5MC3;RPL13A;RPL3;RPS6;AIF1L;YBX1;SLC25A3;ATP5F1C;ACTG1;KRT18;PPIA;ANXA2;RPL34;LDHA;RPS12;PSMA7;RPL9;SRP14;RPL10;EEF2;S100A6;EIF1;RPS3A;CNBP;RPL19;RPL5;RPS4X;MYL12A;SLPI;MYL12B;EEF1A1;SPP1;PEBP1;HLA-B;NDUFA4;RPL30;RPL37A;RPL15;ANXA5;RPL31;PGK1;RARRES2;RPL12;IGFBP7;CNDP2;REEP5;RPS27A;PTMA;RPL24;BTG1;B2M;EEF1D;HNRNPM;RPL32;SOD2;TACSTD2;NACA;RPL11;TPT1",-2.2648297437184755,6.699073151048997e-16,TRUE,
"FAN_EMBRYONIC_CTX_BIG_GROUPS_BRAIN_IMMUNE",146,-0.5930817068233382,-2.5360994093124636,1.698821070230452e-17,2.624136376568741e-16,"PFN1;HCST;SERF2;PLAAT4;PSMB8;PSME1;RPL28;PSMB9;LY6E;IL32;CIB1;PSME2;CD74;HLA-DRB1;GZMA;ISG15;ARPC1B;IRF1;HLA-DRA;VAMP8;IFITM3;CRIP1;TAPBP;RAC2;CLEC2B;CD7;HLA-C;IFITM2;HLA-F;EMP3;RPL13A;TAGLN2;ISG20;PTPN6;IFITM1;CD48;LCK;HLA-A;CSK;SH3BGRL3;CARD16;HLA-E;CORO1A;ARHGAP45;CD52;GMFG;SEPTIN1;S100A6;PRR13;CLIC1;KLF2;LIMD2;FCER1G;MYL12A;ABI3;HLA-B;ADGRE5;FXYD5;DOK2;DUSP2;S100A11;CCND3;SRGN;TBC1D10C;ARHGAP9;DNAJB1;ITGB2;CD3E;JUNB;S100A4;B2M;EEF1D;LTB;GADD45B;ARHGDIB;RHOH;LSP1",-2.3526938597406546,2.1844848985369602e-12,TRUE,
"AIZARANI_LIVER_C30_HEPATOCYTES_4",373,0.3845827184553896,2.192795983861767,2.3801233946499485e-17,3.5999366344080473e-16,"TEAD1;COBLL1;TUT7;FMN1;ZC3H13;ZKSCAN1;PPARA;SORL1;LRP6;DDI2;FOXO3;UBN2;MAST4;DST;CPEB4;SH3PXD2A;A1CF;ZHX3;ARL10;DGKH;MIGA1;NBPF12;TNRC6A;PNISR;ZYG11B;GTF3C2-AS2;PTPN3;H6PD;NBPF11;DSTYK;MACC1;PROX1;PPP1R3B;PHACTR4;AHI1;CLMN;PPP1R12B;RBL1;PAH;TJP2;UBR4;RALGAPA2;NAA16;WNT2B;IYD;ZNF605;FBXO48;ZNF641;DHTKD1;PDP2;ADGRA3;YIPF4;FAM161A;ITPR2;PHF6;LRCH3;PLEKHA2;RHOBTB3;TLCD2;LRRC58;ITSN1;SIK2;IDS;LONP2;MYO1B;RAMP2-AS1;CAMK1D;SRSF11;ABCA5;TMEM192;SLC25A13;DSG2;TLCD4;MLXIP;PLIN4;A2M;PHF8;NSUN6;GPAM;NNT-AS1;INTS6;MAVS;CCDC142;ABCC2;DIS3;AR;RAD54L2;NR1I2;PCAT7;SUGP2;PCK1;L1TD1;KPNA6;SCML1;SEC23A;CYP2B6;BIVM;PCYT1A;AK3;GTDC1;KLF6;SGMS1-AS1;RSPH3;C5;ZNF283;PNPT1;RBBP5;HEATR5A;NFX1;PPP2R1B;PAN2;RANBP10;LEPR;LINC01521;BCO2;FMO5;LYRM7;ZNF397;EPHX2;UTP23;ZMAT3;CYP4F3;ZNF154;TRMT9B;ICA1L;CYP3A5;ABCA1;ABCC3;MEGF9;HLF;XPR1;CAPN3;ACACB;GABPB2;RPS6KA5;VSTM4;ERBB3;STXBP5-AS1;ERRFI1;NNT;GOLGA8B;GABPB1-AS1;GTPBP10;MTMR9;UCKL1-AS1;MFSD4B;DDX10;CCDC30;ZFAND5;AASS;GNL3L;ABCA6",2.159775586380756,1.4227712086660232e-15,TRUE,
"MANNO_MIDBRAIN_NEUROTYPES_HDA1",434,0.364545013941416,2.11112784526776,3.612318627268591e-17,5.352129231422442e-16,"FBXO11;FNBP1L;SCAPER;BICRAL;ZFHX3;AKAP9;CERS6;ZBTB38;FAT4;CLASP2;PBX1;EPB41L4B;SSH2;OCRL;CPEB4;SHANK2;ATP9A;ANK3;HOOK1;DNM3;PTPN3;EPB41;PGM2L1;C2CD5;REV3L;PIK3R1;LSAMP;RAPGEF5;RORA;SLC38A1;PRKCA;PLCB1;CA1;ROBO2;PLXNA4;GPRASP1;NAV1;RUFY3;ANKRD36B;CSRNP3;KIF21A;GRIK3;SYT7;MYEF2;MYRIP;KIF3A;RUFY2;DAAM1;ZC3H8;ZSWIM6;PDE1C;SHTN1;NMNAT2;NEGR1;SCN3A;SEMA6D;CORO2A;EPB41L1;ATP11C;RCAN2;FRY;NRXN3;CHN2;NPNT;EHBP1;NCAM1;CHL1;CAMK2N1;CSMD2;PLEKHA6;SERINC1;RALGPS1;SCN8A;KCTD7;CDH13;GNAQ;STXBP5;DNAJC6;HSPA12A;MAP1B;KCNN3;KALRN;PLCB4;ENPP4;NEDD4L;KIF21B;GAB2;MEG3;RGS17;ENC1;KLHL29;ZNF793;GNAO1;FOXP2;SLC8A1;RBFOX2;NLN;MFSD6;CPEB3;TOX3;IGDCC4;CMIP;TULP4;CADPS;GFRA1;RAB11FIP4;ZNF25;TAOK3;ZBTB6;TSC1;VAV3;UBXN2B;TRHDE;TMEM132B;LDB2;TMOD2;ARHGAP23;GNPTAB;WDR47;VWA5A;PAPPA;NFASC;ZNF33B;CCSER1;ACSL6;TES;RELN;ARMCX5-GPRASP2;MAP6;ANK2;CXADR;NRXN2;PALB2;ZNF697;DOK6;XPR1;DPYSL3;NBEA;TAC1;RETREG1;ASXL3;VASH2;NALF1;MCF2L;NSG1;KIF3C;REEP1;GRM8;TMEM35A;SRGAP1;CACNA1E;SLC18A2;FGD1;TMEM178B;MAN2A2;YWHAG;DMTN;GDAP1;CHGA;NAP1L3;CDKL2;ZFHX4;GNAL;NAPB;SLC22A15;TBC1D9;MTURN;GABRA2;APBA1;BNC2;ROBO1;CASP2;MAP3K9;CDK5R1;ANKRD44;BCL11A;PHACTR3;ZC2HC1A;GARIN1A;ZNF3;ZNF385D;SLC4A4;TSPOAP1;PRICKLE2;SLC4A8;CHD3;FBXL3;CACNA1C;TMEM185B;SCG2;SMPD3;KIF5C;LPIN1;NAV3;LRRC7;TUB;CD24;SLC25A12;SOBP;NIPA1;APP;PID1",2.224080641274938,1.2001744279259927e-18,TRUE,
"GAUTAM_EYE_IRIS_CILIARY_BODY_MELANOCYTES",238,-0.5150122329338346,-2.28882334671496,4.5328539104796533e-17,6.581703878016457e-16,"NEDD8;NDUFS7;COX8A;NDUFB10;ATP5MF;EXOSC4;COX6A1;NDUFS3;NDUFS5;LAMTOR5;DYNLL1;CHCHD10;ATP5PO;NUDT3;ATP5MG;NUPR1;MRPL23;MTHFS;PSMB7;COX5B;COPS9;SUMO3;RACK1;HIGD2A;COX7A2;HEXA;SLC66A2;COX6B1;NDUFC1;RPS28;NDUFB9;COA3;SIGIRR;NINJ1;SMDT1;MAZ;CLTA;APOC1;HINT1;TALDO1;PHB1;ARL2;HAGHL;DEAF1;ATP5F1B;MGAT1;FAAP20;UQCRH;ATP5F1A;SAT2;AP2M1;COX7C;NDUFA1;MSRB2;QDPR;ILKAP;ATP5MC3;BSG;APH1A;CMC2;YBX1;SREBF1;SNHG32;LMO4;SMIM29;BRK1;MDH2;TLNRD1;PPIA;MRFAP1;ANXA2;RPS12;PSMA7;ATP6V1E1;ICAM1;MARCKSL1;UBXN1;ATP5PD;SERPINB6;EFNA1;EIF1;PRMT2;ERP29;CNBP;RPS4X;BCAP31;RRP1;SPG21;PITHD1;TOLLIP;CNDP2;ASRGL1;BUD31;PAIP2;TMEM51;CNP;ATP5MK;BTG1;TSC22D4;HNRNPM;TMEM109",-2.2688280165149437,1.4780040448395601e-15,TRUE,
"MANNO_MIDBRAIN_NEUROTYPES_HNBML5",325,0.40328342366400405,2.2939063541983646,8.202784690710741e-17,1.1676905265599994e-15,"KLF7;TCAF1;ZFHX3;UBN2;RGS7BP;DICER1;ANKIB1;TMCC1;PRKACB;GSE1;SYTL2;CPEB4;SHANK2;ANK3;HOOK1;DNM3;TCERG1;EPB41;HERC1;PGM2L1;PROX1;RAPGEF5;ZBTB43;PDS5B;SLC38A1;ROBO2;PLXNA4;CPEB2;NAV1;CSRNP3;KIF21A;SOX4;CEP126;PPP2R3A;ZHX1;SCAI;ATOSA;ZNF441;SMAD9;NMNAT2;AUTS2;DNAJC16;SCN3A;SLC16A9;CORO2A;PLXNA2;TMEM192;FRY;NRXN3;THSD7A;FAM117B;ZNF117;CHN2;FTO;NCAM1;RUNX1T1;POU2F1;PLEKHA6;USP49;APC;PDP1;EPHA3;KCNH8;RALGPS1;SCN8A;CDH13;TSPYL4;DNAJC6;MAP1B;KALRN;IGFBPL1;ESRRG;NEDD4L;KIF21B;MEG3;ENC1;ZNF793;GNAO1;RBFOX2;PDE11A;NLN;MFSD6;CPEB3;TOX3;NOVA1;CMIP;CADPS;GRIP1;RAB11FIP4;ZNF283;TAOK3;ZNF195;ATP8A1;KDM5B;TMEM132B;BCL11B;TMOD2;GNPTAB;LINC00205;WNT11;ZNF776;PAPPA;NFASC;LRCH2;MICU3;MAP6;ANK2;ZFPM2;CXADR;NRXN2;ZNF697;DOK6;XPR1;DPYSL3;NBEA;CASZ1;TAC1;MVB12B;ASXL3;VASH2;NALF1;ADAT2;ARFGEF3;AKAP1;MAPRE3;NSG1;TMEM35A;SHISAL1;BHLHE22;GOLGA8B;YWHAG;DMTN;CHGA;NAP1L3;GPR137C;MAP7D2;ZFHX4;ACVR1B;CRACD;TRIM13;AASDHPPT;ROBO1;MAP3K9;CDK5R1;ANKRD44;BCL11A;RYR2;EFCAB7;PHACTR3;ZNF385D;DGKE;TSPOAP1;SMPD3;TAL1;KIF5C;RIPOR2;PAQR5;PAX5;LPIN1;ZC3H12C;CD24;SAMD11;F11R;CELSR3;MACO1;LARP1B;BICD1;SLCO3A1;TSHZ2;PCDH7;DACT3;SPEG",2.436435389903585,5.139635860331219e-19,TRUE,
"CUI_DEVELOPING_HEART_C8_MACROPHAGE",273,-0.5002872547960165,-2.2497262898301478,9.310173804124353e-17,1.2998434964989e-15,"HCST;CCL3;GPX1;ATP6V0B;HLA-DMA;PYCARD;RHOG;CST3;CALHM6;CYBA;CD74;HLA-DRB1;HLA-DPB1;HLA-DQB1;NPC2;ARPC1B;NINJ1;TYROBP;HLA-DRA;LGMN;STXBP2;VAMP8;CXCL8;HLA-DMB;ARPC4;MGAT1;NFKBIA;CTSD;RAC2;CEBPD;LST1;HLA-C;C1QC;BST2;GRN;CNPY3;CD300A;METRNL;HLA-DPA1;PTPN6;ARRB2;C1QB;HLA-A;SH3BGRL3;RNASET2;TKT;TCIRG1;CARD16;C1QA;HLA-E;CORO1A;S100A8;CD14;S100A9;GMFG;GLRX;PRR13;GNAI2;SPI1;FCGR1A;FCER1G;CXCL16;LAPTM5;PIK3AP1;RILPL2;HLA-B;CEBPB;RGS10;DOK2;RNF130;DUSP2;CXCR4;IER5;VSIR;LYZ;FCGR3A;JUND;SRGN;ALOX5AP;IGSF6;CPVL;PLAUR;PMAIP1;PLEK;ITGB2;CTSB;PILRA;AIF1;FOLR2;VSIG4;LAT2;JUNB;EVI2A;CYTH4;NCF4;HCK;S100A4;SOD2;FCGR2A;CD53;CTSC;GADD45B;LYN;ARHGDIB;NCF2;SERPINB1;LSP1;MS4A4A;FPR1;EFHD2;PSAP;CASP1;FMNL1;LY96;GRK2;PTAFR;CD83;IFI30;WAS;TPM3;MAN2B1;CD86;MSR1;HLA-H;MAP3K8;LAIR1;ITGAM;RGS2;OSTF1;LILRB2;CD37;LCP2;MAFB;ITGAX;GPSM3;RNASE6;SMAP2;C5AR1;C1orf162;APBB1IP;MYO1F;GLIPR1;THEMIS2;MS4A6A;ALOX5;SLA;ADAP2;DUSP1",-2.0222717781633763,1.7424521665903322e-10,TRUE,
"BUSSLINGER_GASTRIC_PARIETAL_CELLS",230,-0.5167135346972268,-2.290116388657054,2.4154093250773424e-16,3.308655037747454e-15,"UQCR10;COX8A;NDUFB10;NDUFA9;ATP5ME;ATP5MF;SERF2;COX6A1;NDUFA6;NDUFB8;COX4I1;NDUFB7;UQCR11;NDUFS3;CYC1;MRPL41;ATP5F1D;NDUFS8;ATP5MJ;SOD1;GAPDH;UQCRC1;CHCHD10;PRDX2;ATP5PO;UQCRQ;ATP5MG;TXNDC17;COX5B;COX7B;NDUFV1;PPIF;COX7A2;FTH1;PKM;COX6B1;NDUFC1;MRPL34;PXMP2;ECHS1;NDUFB9;NDUFAB1;COA3;SLC25A5;DCXR;COX5A;ATP5F1B;TMEM141;NDUFB2;CHCHD2;ATP5F1A;ATP5MC1;GMPR;AKR7A3;REXO2;G0S2;NDUFA8;COX7C;NDUFA1;SDHB;NDUFS2;CYSTM1;ATP5MC3;YBX1;SLC25A3;FH;MPC1;ATP5F1C;SLC25A4;MDH2;BOLA3;NDUFS4;DUSP4;GOT1;ATP5PD;NDUFB4;TMEM70;VEGFB;TMEM171;IDH2;UQCRC2;PRDX3;FAM162A;ATP5PB;UQCRFS1;COX6C;NDUFA4;HPCAL1;GLOD4;PDHB;ATP5PF;ISCU;GOT2;ATP5MK;ECI2;TM7SF2;COX7A2L;MICOS10;DHRS7;TPD52L1;MDH1;GPRC5C;PSAP;SUCLG1;LDHB;GHITM;NDUFA10;AKR7L;ACADVL;WBP2;EZR;PRDX5;NDUFB3;MPC2;NDUFB5",-2.3514746009662755,6.244996614404705e-17,TRUE,
"DURANTE_ADULT_OLFACTORY_NEUROEPITHELIUM_NK_CELLS",80,-0.6811025492538446,-2.6675526655080564,5.696231153731748e-16,7.658266328906018e-15,"PFN1;HCST;CCL3;PLAAT4;GNLY;PSMB9;IL32;CYBA;CCL4;NKG7;GZMH;GZMA;TYROBP;APOBEC3G;CCL5;CCL4L2;RAC2;CD7;HLA-C;CTSW;IFITM2;PRF1;EMP3;CD48;HLA-A;SH3BGRL3;GZMM;CORO1A;CD52;CD247;KLRD1;LIMD2;FCER1G;MYL12A;HLA-B;CLIC3;PTGDS;DOK2;DUSP2;CXCR4;CCND3;TRBC1;FCGR3A;TMSB4X;SRGN;TBC1D10C;PLEK;ITGB2;MATK;B2M;CD53;ARHGDIB;LSP1;EFHD2",-2.5418363169196807,2.1428017255991053e-12,TRUE,
"DURANTE_ADULT_OLFACTORY_NEUROEPITHELIUM_DENDRITIC_CELLS",113,-0.609549731608065,-2.535528017245205,2.382250884671433e-15,3.144571167766291e-14,"CCL3;OAZ1;TYMP;PYCARD;CST3;CYBA;ACTB;FTH1;TYROBP;HLA-DRA;STXBP2;CXCL8;NFKBIA;TIMP1;BCL2A1;G0S2;LST1;IFITM2;EMP3;CD48;OSM;SH3BGRL3;TKT;CARD16;CORO1A;S100A8;CD14;CD52;S100A9;GMFG;TNFAIP2;SPI1;FCER1G;LAPTM5;CLEC12A;CEBPB;LGALS2;SLC11A1;IL1B;FCGR3A;PTGS2;SRGN;IGSF6;NCF1;STX11;CPVL;PLAUR;PLEK;ITGB2;TREM1;PILRA;AIF1;TNFSF13B;S100A4;SOD2;PELATON;LYN;NCF2;LSP1;CLEC4E;FPR1;PSAP;FGR;IFI30;CXCL2;RGS2;LILRB2;CD37;APOBEC3A;CD44;CFD;SERPINA1;C5AR1;C1orf162;MS4A6A",-2.3165470788393967,4.898231403833525e-10,TRUE,
"LAKE_ADULT_KIDNEY_C10_THIN_ASCENDING_LIMB",343,-0.4603144512219431,-2.0977047073276998,2.4376496103930047e-15,3.1602386020452164e-14,"SERF2;GPX1;ATP6V0B;UBA52;FAU;MYL6;COX4I1;RPS5;LAMTOR5;ALDOA;UBB;SOD1;GAPDH;PSMB1;RPS14;JTB;KRT7;RPS15;TPI1;PCBP1;ARF1;RPL18;RPS16;DUSP23;MT2A;COX5B;RPLP2;CIB1;RPS2;RPS8;RPL8;RPLP0;HSBP1;RACK1;RAN;CD74;FTH1;PKM;RPS9;RPL13;RPS11;CBR1;ENO1;ARPC1B;RPS18;RPS28;RPL35;RPS23;ATP6V0E1;RPS13;HINT1;SLC25A5;RPLP1;RPL7A;RPS29;IFITM3;PRDX1;ATP5F1B;MTCH1;RPSA;GSTP1;TIMP1;ATP5F1A;CD63;G0S2;COX7C;RPL10A;CEBPD;RPS19;CYSTM1;CD81;IFITM2;ATP5MC3;RPL13A;RPL3;RPS6;YBX1;SLC25A3;HLA-A;ATP5F1C;ACTG1;KRT18;PPIA;MRFAP1;ANXA2;LDHA;HLA-E;RPS12;PSMA7;RPL9;YBX3;SRP14;RPL10;EEF2;S100A6;SELENOW;EIF1;UBC;RPS3A;DNAJA1;CNBP;RPL19;RPL5;RPS4X;MYL12A;IDH2;SLPI;RPL41;PITPNC1;BACE2;MYL12B;EEF1A1;SPP1;PEBP1;HLA-B;UQCRFS1;NDUFA4;CCT3;RPL30;RPL37A;RPL15;S100A11;ANXA5;RPL31;PGK1;RARRES2;RPL12;CNDP2;REEP5;HSPA8;CTSB;RPS27A;PTMA;RPL24;BTG1;B2M;EEF1D;HNRNPM;RPL32;SOD2;SNX10;TACSTD2;GADD45B;RPL11;TPT1;LINC01503",-2.029664396657275,1.0009009164039078e-12,TRUE,
"TRAVAGLINI_LUNG_CD4_NAIVE_T_CELL",132,-0.5883352374113507,-2.484092341679763,3.980404586252071e-15,5.0697784730157956e-14,"NOSIP;RPS5;RPL18A;RPS14;RPS15;RPL28;RPL18;RPS16;RPS21;IL32;RPLP2;RPS2;RPS8;RPL8;RPL13AP5;RPLP0;RPL26;RPL13;RPL36;RPS15A;RPS3;RPS28;RPL35;RPS23;RPS13;RPL27;RPLP1;RPS29;RPL29;RPL37;TLE5;CD3D;RPL10A;RPS19;RPL13A;RPL3;RPS6;IFITM1;RPL27A;RPL23A;LCK;RPL38;RPL34;RPS12;RPL10;SEPTIN1;RPL35A;RPS3A;SNHG5;RPL19;RPL5;RPL41;EEF1A1;PCED1B-AS1;RPL30;RPL37A;RPL15;RPL31;RPL12",-2.455021109790093,6.292703940219406e-14,TRUE,
"HAY_BONE_MARROW_MONOCYTE",215,-0.5123952599240288,-2.259067411328178,1.0598559207065372e-14,1.3266472386774932e-13,"MYL6;VAMP5;PRELID1;CHCHD10;WARS1;LY6E;BID;RHOG;GNG5;NAPRT;PSME2;CALHM6;BATF3;HSBP1;HIGD2A;FTH1;ISG15;ARPC1B;MCOLN1;VMO1;GNB2;HES4;PPCDC;CAMK1;DRAP1;IFITM3;DEDD2;SLC25A6;TIMP1;RNH1;LST1;NAGK;RHOC;PTPN6;ARRB2;C1QB;CTSL;SLC2A6;RNASET2;ZG16B;TCIRG1;C1QA;RRAS;MAPKAPK3;LGALS9;SYNGR2;JPT1;FAM110A;ZMYND15;CD300LF;CSTB;MYO1G;SPI1;FCER1G;CXCL16;CD300C;ABI3;PIK3AP1;TPPP3;CEACAM3;CALHM2;HK3;LILRA5;S100A11;RGS19;PGK1;VSIR;CHST7;FCGR3A;CAPZB;TMSB4X;C5AR2;PILRA;AIF1;ACAA1;LRRC25;TUBA1A;HCK;GBP2;ARRB1;SELPLG;PELATON;LYN;LINC01503;CALM2;LILRA2;PSAP;FMNL1;GCH1;GRK2;UNC119;FGR;WAS;RNF144B;PPM1N;PKN1;MSR1;SLC66A3;TBC1D8;SLC7A7;IMPDH1;ARPC5;SAT1;PLXNB2;MMP24OS;LILRB2;MYD88;ADGRE1;ITGAX;PTGES;SERPINA1;DPEP2;SMAP2;C5AR1;C19orf38;THEMIS2;AMPD2;TNFSF10;SIDT2;ADAP2;TNFRSF8;FKBP1A;LILRB1;UQCRB;COTL1;LFNG;SIGLEC10;CHST15;OAZ2",-2.100514780369947,3.5831511570999e-10,TRUE,
"SU_HO_CONV_CENT_CHONDROSARCOMA_LEUKOCYTE_C1_M2_MACROPHAGE",88,-0.6448357909415726,-2.573945422642718,1.4908594992357503e-14,1.8345152482121265e-13,"HCST;MYL6;BLVRB;GAPDH;LY6E;TPI1;NUPR1;EIF4EBP1;ENO1;SLC2A5;TYROBP;LGALS1;APOC1;IFITM3;IL4I1;CTSD;TIMP1;ANG;STX8;ENO2;GPI;RNASET2;GABARAP;ZNF385A;LDHA;TUBGCP2;IFI6;S100A6;PRR13;IL1RN;FCER1G;SPP1;ATF5;TMIGD3;FAM162A;S100A11;RNASE1;LYZ;FCGR2B;TREM1;PILRA;TMEM91;TMEM51;HEBP1;PELATON;NCF2;LSP1;GAPLINC;FBP1;LY96;CLEC5A;LSM3;ARLN;HLA-DQA2;ARPC5;EGLN3;ADM;BNIP3L;HILPDA;TMEM45A;P4HA1;ADAM8;SLC6A8",-2.350048226235046,1.9972902278091847e-9,TRUE,
"MANNO_MIDBRAIN_NEUROTYPES_BASAL",77,-0.6616697315179437,-2.570877884692595,2.0160823809887642e-14,2.439459680996405e-13,"PSMB4;ATP5ME;FAU;NDUFA13;COX4I1;ATP5MJ;UBB;DYNLL1;ELOB;ATP5PO;RPL28;UQCRQ;PCBP1;ATP5MG;RPS8;RPL8;ACTB;RPL13;COX6B1;UBL5;SEC61B;PARK7;RPL7A;NACA2;TUBA1B;ATP5F1B;CFL1;CHCHD2;RPL3;SLC25A3;GABARAP;ACTG1;RPL38;BRK1;RPL34;RBM8A;SEC61G;RPL9;SRP14;EEF2;RPS4X;RPL41;EEF1A1;ATP5PB;COX6C;RPL15;RPL31;ATF4;HSPA8;RPS27A",-2.4772437044062667,2.931628234878149e-11,TRUE,
"FAN_EMBRYONIC_CTX_BRAIN_MYELOID",137,-0.5743350934275662,-2.4341213691957932,3.4074580394542745e-14,4.0554336666291854e-13,"HCST;CHCHD10;WARS1;HLA-DMA;PSMB9;LY6E;TYMP;MT2A;CALHM6;CD74;HLA-DRB1;HLA-DPB1;HLA-DQB1;ISG15;AIP;TNFRSF14;SECTM1;IRF1;HLA-DRA;LGALS1;STXBP2;IFITM3;CRIP1;NFKBIA;TIMP1;BCL2A1;CLEC2B;LST1;IFITM2;EMP3;HLA-DPA1;CD48;HLA-A;CSK;TKT;CARD16;ANXA2;S100A8;CD52;S100A9;S100A6;KLF2;TNFAIP2;SPI1;OSCAR;CLEC12A;HLA-B;ADGRE5;PNPLA6;CEBPB;FXYD5;DOK2;LILRA5;CXCR4;S100A11;IER5;LYZ;PLEKHO1;PTGS2;PLAUR;LRRC25;HCK;TNFSF13B;S100A4;WIPI2;LILRB3;LSP1;EFHD2;GRK2;FGR;IFI30;PLXNB2;ANXA1;LILRB2;SOCS3;MAFB;ITGAX;APOBEC3A;S100A10;IFI44L;CD44;CFD;SERPINA1;C5AR1;C1orf162;MYO1F;MS4A6A",-2.28158055827068,1.0956719302060037e-10,TRUE,
"LAKE_ADULT_KIDNEY_C8_DECENDING_THIN_LIMB",276,-0.4742853834150376,-2.134397636739284,4.2889934947911647e-14,5.02227302777159e-13,"SERF2;GPX1;UBA52;FAU;MYL6;RPS5;ALDOA;UBB;SOD1;GAPDH;PSMB1;RPS14;DYNLT1;TMSB10;RPS15;TPI1;PCBP1;ARF1;RPL18;RPS16;PPIB;MT2A;RPLP2;CIB1;RPS2;RPS8;RPL8;RPLP0;RACK1;RAN;EDF1;FTH1;PKM;RPS9;RPL13;RPS11;ENO1;RPS18;RPS28;RPL35;RPS23;RPS13;CLTA;HINT1;RPLP1;RPL7A;IFITM3;PRDX1;RPSA;GSTP1;TIMP1;ATP5F1A;CD63;RPL10A;CEBPD;CYB5A;RPS19;CYSTM1;RPL13A;RPL3;RPS6;YBX1;CTSL;HLA-A;GAS5;ACTG1;KRT18;PPIA;ANXA2;RPL34;LDHA;RPS12;PSMA7;RPL9;SRP14;RPL10;EEF2;S100A6;EIF1;RPS3A;CNBP;RPL19;RPL5;RPS4X;MYL12A;SLPI;RPL41;MYL12B;EEF1A1;SPP1;PEBP1;HLA-B;KRT8;NDUFA4;RPL30;RPL37A;RPL15;ANXA5;RPL31;PGK1;RPL12;IGFBP7;EEF1B2;CNDP2;REEP5;HSPA8;CTSB;RPS27A;PTMA;ODC1;RPL24;BTG1;B2M;EEF1D;HNRNPM;RPL32;SOD2;TACSTD2;NACA;RPL11;TPT1",-2.056855155058623,2.4465701471694688e-11,TRUE,
"BUSSLINGER_GASTRIC_METALLOTHIONEIN_CELLS",94,-0.6275147349905357,-2.529015521446341,4.665804662166849e-14,5.376784420211321e-13,"COX4I1;ATP5MJ;ATP5PO;RPL28;RPS21;MT2A;COX5B;RPLP2;RPS10;TSPO;RPL8;RPLP0;ACTB;ETHE1;RPS3;RPS28;PLLP;STARD10;MT1X;PRDX1;RPL29;GSTP1;TFF2;CTSD;MT1E;IFI27;S100P;CYSTM1;GRN;TAGLN2;RPL27A;TRNP1;LMO4;SNHG29;AGR2;MUC1;HNRNPAB;CLIC1;CSTB;CA9;KRT8;TMEM238L;KRT19;MGST3;RNASE1;P4HB;ALDH3A1;PPDPF;FABP5",-2.4858419816404123,4.172018170236077e-12,TRUE,
"HAY_BONE_MARROW_NK_CELLS",336,-0.45038711476034293,-2.0529784773491624,6.201205669744569e-14,7.034492681616495e-13,"PFN1;HCST;CCL3;NDUFB7;PLAAT4;PSME1;GNLY;TRAPPC1;RPS19BP1;POLR2G;FBXO6;CYB561D2;PSMB9;UBE2L6;GCHFR;HMOX2;PSMB10;CIB1;TNFRSF18;CCL4;HEXA;NKG7;CDK2AP2;RNF126;GZMA;MIB2;MIEN1;IRF1;CCDC12;EIF3G;SIGIRR;SDF4;COMMD5;EBP;APOBEC3G;IL12RB1;CCDC107;RHOF;ABHD17A;RASSF1;ARPC4;CD320;PLEKHF1;TAPBP;CFL1;NDUFB2;STX8;MED10;RAC2;SHISA5;TAP1;CHST12;MOB2;CD7;HLA-C;CTSW;IFITM2;RAMP1;RNF167;PRF1;UBE2F;HLA-F;MRPL10;CD300A;TBCB;IFITM1;VPS37B;APOBEC3H;RBM38;SHFL;HLA-A;ARPC5L;GZMM;DDIT4;TBX21;HLA-E;FASLG;RAB5C;RNF166;CORO1A;CISD3;BOK;PRR5;SIPA1;G6PD;DHRS1;SELENOW;CD247;CLIC1;MVD;KLRD1;MYL12A;PITPNC1;MYL12B;TPST2;ADGRE5;HAVCR2;YPEL3;SSBP4;CLIC3;DOK2;SLA2;FSD1;GNGT2;SELENOT;CD244;MMP25-AS1;TBC1D10C;ARHGAP9;LAIR2;LPCAT1;TINF2;ITGB2;TBCC;DGKZ;MATK;SH2D2A;PDE6G;TSC22D4;B2M;HDDC2;ZAP70;CD53;CTSC;ARHGDIB;TCF25;DHRS7;KRT86;EFHD2;TSEN54;PLAAT3;IL18RAP;SIGLEC7;ITGB7;EOMES;POLR3GL;PRDX5;IFI16;IL2RB;C1orf56;HSH2D;MAFF;DHRS3;RPS6KA1;LRP10;HOPX;CALM1;SPON2;OSTF1;ADAM8;GPR65;PYROXD2;DMKN;LINC02384;CPNE1;SASH3;ARL4C;TADA3;ARPC2;ADGRG5;MYO1F;SYTL1;TMED2;NHERF1",-2.0304718492674407,1.3996583800631194e-12,TRUE,
"GAUTAM_EYE_CHOROID_SCLERA_MELANOCYTES",151,-0.554188476384656,-2.3798176816322814,6.902350491169124e-14,7.709394548598129e-13,"COX6A1;FAU;PSMC3;GADD45GIP1;CYC1;ATP5F1D;ALDOA;ATG101;PRELID1;SOD1;LSM7;TUFM;ATP5PO;TAX1BP3;ATP5MG;ARF1;MRPS18C;TIMM44;RPLP0;SUMO3;NELFE;SLIRP;EIF3G;IMP4;JAGN1;AHSA1;SLC25A5;PHB1;TOMM22;XAB2;CUTA;USF2;CHCHD2;RNH1;MED10;AP2M1;COX7C;SDHB;DAD1;B3GAT3;NUDC;CHTOP;GABARAP;MRPL57;MRFAP1;TAF9;SNX8;SNHG8;SNRPG;KIF9;CCT7;PFDN6;ITGB1BP1;ERP29;NGDN;RBM23;PEPD;UQCRFS1;NDUFA4;CCT5;ENOPH1;SNRPE;NOP56;CYB5R1;ATP5PF;SLC35B2;LYSET;ATP5MK;KARS1;RAD23A;ZPR1;FBXO7;KLHL21;SAP18;RETREG2;NOL12;CAMTA1;TSG101;GALE;GTF3C6;PPAN;VDAC2;ST6GALNAC2",-2.3516689471247476,1.6918822975020143e-12,TRUE,
"SU_HO_CONV_CENT_CHONDROSARCOMA_C6_LEUKOCYTE",313,-0.4598823794835998,-2.087196515748598,9.228230290511709e-14,1.015105331956288e-12,"HCST;CCL3;CHCHD10;HLA-DMA;COMMD9;BID;RHOG;CALHM6;PPIF;CCL4;CD74;HLA-DRB1;HLA-DPB1;HLA-DQB1;TNFRSF14;VMO1;NFKBIE;TYROBP;HLA-DRA;VAMP8;APOC1;CXCL8;HLA-DMB;ATP6V0D1;SLC43A3;CCL5;MGAT1;NFKBIA;CCL4L2;BCL2A1;RAC2;G0S2;PCBD1;CLEC2B;LST1;APOE;C1QC;CNPY3;CD300A;METRNL;HLA-DPA1;PTPN6;ARRB2;CD48;C1QB;ACP5;RNASET2;CARD16;ZNF385A;C1QA;TUBGCP2;KYNU;RAB5C;CORO1A;SQOR;CD14;CITED2;S100A9;GMFG;LGALS9;SYNGR2;GLRX;CTSZ;TREM2;IL1RN;TNFAIP2;SPI1;FCGR1A;FCER1G;CXCL16;RILPL2;HAVCR2;CXCL3;C1orf54;CXCL1;RGS10;DOK2;RNF130;AP1B1;SLC11A1;CXCR4;RNASE1;RGS19;PLAU;IL1B;TNF;LYZ;FCGR3A;PLEKHO1;SRGN;CNDP2;ALOX5AP;IGSF6;HLA-DQA1;FCGR2B;STX11;RASSF4;PLEK;CTSB;TREM1;LILRB4;PILRA;AIF1;FOLR2;VSIG4;MIR155HG;RAB20;NCF4;TNFSF13B;SERPINB9;SNX10;FCGR2A;CD53;LYN;ARHGDIB;NCF2;MS4A4A;GAPLINC;EFHD2;RALGDS;CASP1;FMNL1;LY96;CD83;AKR1B1;LACTB;WAS;RAP2B;RNF144B;CREM;CD86;RIPK2;MSR1;CXCL2;MAP3K8;HLA-DQA2;BIRC3;LAIR1;VAT1;OSTF1;CD37;ADAM8;LCP2;CCL2;ITGAX;GPSM3;CD44;RNASE6;SMAP2;C5AR1;CHMP1B;C1orf162;GLIPR1;MMP9;THEMIS2;MS4A6A;ADAP2;CORO1C;CTSH;LY86;ABRACL",-1.8212849652970915,6.387801083178647e-8,TRUE,
"ZHONG_PFC_C1_MICROGLIA",252,-0.48139510189257806,-2.149601084245265,1.1747573044968196e-13,1.2729459747234196e-12,"TRAPPC2L;NDUFA6;AP2S1;LSM2;SEC13;MCAT;ORMDL2;WDR54;AURKB;NUTF2;TXNDC17;MRPS12;H2AZ1;TIMM10;PSME2;TK1;RAN;SAP30;ERI3;DDX39A;H2AX;TMEM256;TMED9;SNRPB;C1orf122;CDCA4;PLK1;TUBA1B;COA8;CKS2;CHCHD2;PAXX;NRM;RFC2;TMEM107;TECR;ZDHHC12;SKIC8;MRPL37;SRSF7;QDPR;CKS1B;CYTOR;MCM7;PRC1;LENG1;ANAPC5;DTYMK;PIMREG;FEN1;RANBP1;PCNA;ASF1B;XRCC3;ALG3;PYM1;MGAT2;EBNA1BP2;TMEM106C;MPC1;UCHL3;RCC1;BUB3;BIRC5;CCNB1;SPNS3;CDCA3;CDCA8;ILF2;CCNF;CCNB2;AK2;KIF22;TMEM14B;IDH2;HIRIP3;CDKN3;GLT8D1;RRP1;UBE2T;MICU1;GTF2F1;RPA3;GINS2;POP4;TBCD;CDC123;MRPS22;PA2G4;UHRF1;DVL2;NME4;TACC3;TBC1D10B;HMGN2;TROAP;KIF2C;DUT;VCP;PHF19;POLE3;HMGB2;CENPS;SS18L2;CACYBP;SLC37A4;MRPL20-AS1;MCM3;GTF2B;GAMT;COQ2;CDCA5;IL10RB;ZWINT;RFC4;GALE;PCLAF;NASP",-2.081137373813701,1.6965996358809882e-11,TRUE,
"AIZARANI_LIVER_C6_KUPFFER_CELLS_2",224,-0.498625244130578,-2.2108813272852914,1.2352204367355206e-13,1.318779466279394e-12,"GPX1;BLVRB;HLA-DMA;TMSB10;TYMP;PYCARD;CCL3L3;RHOG;CST3;CALHM6;CYBA;CCL4;ACTB;HLA-DRB1;HLA-DPB1;FTH1;NPC2;ARPC1B;SECTM1;TYROBP;HLA-DRA;LGMN;VAMP8;HLA-DMB;MGAT1;CCL4L2;CTSD;SLC15A3;LST1;C1QC;NAGK;UNC93B1;GRN;CNPY3;HLA-DPA1;ARRB2;C1QB;RNASET2;TKT;TCIRG1;C1QA;IFI6;PLD3;GRINA;CD14;COLGALT1;LGALS9;GNAI2;TNFAIP2;SPI1;FCER1G;CXCL16;LAPTM5;CEBPB;PPT1;IFIT3;AP1B1;HK3;SLC11A1;S100A11;IFNGR2;RNASE1;VSIR;IL1B;LYZ;FCGR3A;IGSF6;HLA-DQA1;CPVL;RASSF4;PLEK;ITGB2;CTSB;LILRB4;PILRA;AIF1;FOLR2;VSIG4;LRRC25;ATP6AP1;HCK;AP2A2;TNFSF13B;LILRB3;SNX10;FCGR2A;CTSC;PELATON;LYN;MS4A4A;PSAP;SLC1A3;HMOX1;GRK2;PTAFR;CD83;FGR;RAP2B;RNF144B;CD86;BCAT1;MSR1;SLC7A7;SAMHD1;LAIR1;SAT1;RGS2;LILRB2;MARCO;MAFB;ITGAX;IFI44L;RNASE6;CFD;C5AR1;C1orf162;THEMIS2;MS4A6A;ALOX5;SLA;ADAP2",-1.90361880384041,1.845516445758885e-7,TRUE,
"HU_FETAL_RETINA_BLOOD",250,-0.48102761394973814,-2.144721401437222,1.3506583820197578e-13,1.4211275149947018e-12,"POLR2L;UROD;GUK1;ATP5MF;SERF2;UBA52;UFD1;MYL6;BLVRB;UBB;OAZ1;ELOB;PRDX2;FIS1;RBX1;AURKB;HMBS;EIF3K;RHOG;MT2A;RPS2;COX7B;ELOF1;FTH1;APRT;COX6B1;GLRX5;RPL35;SLC25A39;GSTO1;UBAC1;MT1X;LGALS1;TALDO1;DCXR;CDC42EP1;RPL29;CALM3;CKS2;TMEM141;GSTP1;PPOX;MT1E;RPL36AL;CENPW;GMPR;TUBG1;CAPNS1;TYMS;CYTOR;EMP3;HBA2;YBX1;RBM38;CTSL;ANXA2R;UXT;NDUFB6;PITX1;HLA-E;BIRC5;RPS12;HBB;YBX3;NPRL3;SYNGR2;S100A6;EIF1;SHLD1;MT-TL1;TMEM14C;ADA;TMEM14B;PTTG1;CDKN3;GLIPR2;FECH;GYPC;SNORD3A;NR1H2;RGS10;RPA3;RNASE1;SNX3;CCND3;HSF1;TESC;CTSB;TTLL12;PSMF1;TUBB6;UROS;TROAP;FTLP2;MT1F;S100A4;B2M;HPS1;CTSC;GSTK1;TP53I3;ANK1;GHITM;FBXO7;PRDX5;HK1;MT1G;MPC2;ATP5F1E;MGST1;HHEX;CTSE;SMIM1;ANXA1;SNX22;CENPH;EPOR;PCOLCE",-2.193299656777494,1.444171497942917e-13,TRUE,
"DESCARTES_MAIN_FETAL_CCL19_CCL21_POSITIVE_CELLS",190,-0.5195383796723178,-2.275802506090511,1.7585843998552636e-13,1.823903248992745e-12,"RPL23AP65;STX10;AGAP2-AS1;PSMG3;BAD;PSMB1;ATOX1;TYMP;NME2;RPL10AP2;H2AC20;RPL3P7;NPM3;TNFSF9;GPS2;C1orf35;JMJD4;RELB;FBXW5;PES1;ISOC2;C11orf68;NFKBIE;SELENOM;NFKB2;PARK7;SERTAD1;RPS27AP5;CIAPIN1;ATP2A1-AS1;TECRP1;NFKBIA;CPSF4;RPLP1P6;RPL13AP3;LENG1;CCDC28B;BCL3;TMEM18;LAP3;ICAM1;SCYL1;GRINA;HLA-J;SF3A2;RPL17P36;RIN1;IFI27L2;RPL10P3;CXCL13;IRF2-DT;PI4K2A;RPS3AP21;PTGDS;RAB13;INTS5;LRP3;GTF2F1;TRIM47;FZD2;KCNK15;MAP3K6;RPP25;TLCD1;HECTD3;JUND;HASPIN;GLI4;RPL10P16;PABPC3;SF3A3;FKBP9P1;JUNB;UBAC2-AS1;MINCR;GPANK1;CDC42P6;MSC;VPS16;KRTCAP2;NOP53;RPL5P34;LIPT1;LINC00324;PDRG1;LINC01311;WDR97;EFEMP2;EFTUD2;RARA-AS1;SOCS3;CCL2;CSF1;SMU1;SCARF2;ARL6IP4;UBR7;IFIT2;TPBGL;HNRNPA0",-2.235850057793194,3.84104307146403e-12,TRUE,
"SU_HO_CONV_CENT_CHONDROSARCOMA_LEUKOCYTE_C2_T_CELL",126,-0.5754926152776506,-2.4156205640260926,1.9376256041919343e-13,1.9812904065399215e-12,"FAU;PLAAT4;UBB;RPS15;RPL28;IL32;RPLP2;NKG7;EIF3F;GZMH;RPL13;GZMA;IRF1;APOBEC3G;RPS29;CCL5;CRIP1;HSPE1;CD3D;RPL17;RPL36AL;LINC01871;TOMM7;TUBA4A;SRSF7;CD7;HLA-C;CTSW;PRF1;RPL3;CD48;LCK;HLA-A;ARPC5L;GZMM;RPL38;RPL34;HLA-E;RPS12;CORO1A;CD52;CD8A;TRBC2;CD247;DNAJA1;LIMD2;HLA-B;DOK2;DUSP2;CXCR4;TRBC1;EEF1B2;HSPA8;BATF;CD3E;TRGC2;PTMA;JUNB;TRAC;TUBA1A;RPL24;BTG1;B2M;LTB;ARHGDIB;RHOH",-2.322611870199347,9.674942010058776e-11,TRUE,
"TRAVAGLINI_LUNG_CLUB_CELL",105,-0.6084489155133557,-2.493159832989082,2.064867310520572e-13,2.0820745381082435e-12,"FAU;RPS5;RPL18A;S100A13;RPS14;RPS15;RPL18;RPS16;SSR4;RPS21;CST3;RPLP2;RPS8;RPL13AP5;RPL26;RPL13;RPS11;RPL36;RPS15A;RPS3;RPS28;RPL35;RPS23;RPS13;RPL27;RPS29;RPL29;RPL37;TIMP1;CYB5A;RPS19;RPL13A;RPS6;RPL27A;RPL23A;RPL38;RPL34;RPS12;RPL10;RPL35A;RPS3A;RPL19;RPL5;SERP1;SLPI;FXYD5;RPL30;RPL37A;RPL15;RNASE1;RPL31;RPL12;PTGS2;TMSB4X;FABP5;RPL24;CRACR2B;RPL32;FCGR2A;RPL11;TPT1;ARHGDIB",-2.4607949302418723,2.3769583594634134e-12,TRUE,
"AIZARANI_LIVER_C20_LSECS_3",287,0.38318750272721014,2.202665147906548,2.628414555594861e-13,2.614012284057355e-12,"ROCK2;TANC1;JMJD1C;KLF7;PTPRB;BMPR2;CHD7;AFF4;EEA1;RBBP6;MAST4;GOLGA4;CAMSAP2;ASAP1;BDP1;DNMBP;FNDC3B;SPAG9;MACF1;LUZP1;NRIP1;SHROOM4;GARRE1;PEAK1;TCERG1;EPAS1;PRKD3;CRIM1;HERC1;AHCTF1;MTCL2;KDR;GOLGB1;RAPGEF5;MYO10;KCTD20;B4GALT5;PREX2;BAZ1A;PLCB1;UACA;LIFR;CUL4B;TOP1;NAV1;ZEB1;DAB2;PLEKHG1;SLC4A7;ARGLU1;DDX21;ITGA9;EIF5B;ARHGEF7;ANKRD11;SASH1;DAAM1;ARHGAP26;RBM25;ZNF462;SORBS1;APOLD1;PLXNA2;HIPK2;NID1;SLC7A1;FLT1;RPGR;TCF4;FILIP1;RBMS1;SSH1;VCL;ADGRF5;CAVIN2;PIEZO2;MAP1B;DLC1;PLPP3;MARCKS;CDC42BPB;MEG3;WSB1;AKAP12;COL4A1;CCDC50;CD93;ZNF160;WDR43;SNRK;ETS2;PRSS23;IL1R1;CEMIP2;MYCT1;LDB2;JAM3;EMP1;ARHGAP23;SOX7;LIMA1;RELN;PCDH17;RDX;DYNC2I1;CDK17;IL6ST;NOLC1",2.495557078912932,5.3910690653753725e-18,TRUE,
"SU_HO_CONV_CENT_CHONDROSARCOMA_STROMAL_C2_GRANULATING_CANCER_ASSOCIATED_FIBROBLAST",180,-0.5223530397581699,-2.2798669048914215,3.897695913078677e-13,3.82395572012854e-12,"AP2S1;LAMTOR5;PSMB8;MRPL54;DYNLL1;PSMB9;LY6E;TMEM205;LAMTOR4;FAM174C;NENF;UBE2L6;ATP6V1F;C19orf53;COX5B;CIB1;CCDC85B;SPHK1;EIF4EBP1;CNIH4;DDX41;HLA-DPB1;FTH1;TRMT112;GSTO1;TNFRSF14;ATP6V0E1;UPP1;SELENOM;POLR2H;DRAP1;MGAT1;SELENOK;CTSD;TIMP1;ZNHIT1;RPL36AL;ANG;RAC2;BRI3;TUBA4A;APOE;DAD1;CYSTM1;CDK4;RPL22L1;EMP3;PPP1R14B;CTSL;SMIM29;HMGA1;NDUFS4;ICAM1;DNAJC8;COA6;GLRX;EIF1;IFI27L2;PRR13;WTAP;SRGN;SLC38A5;MSANTD3;TNFAIP6;PLAUR;MRPS6;EVI2A;BTG1;HEBP1;TPT1;DHRS7;BAX;SNHG12;HMOX1;PMP22;LY96;SMIM26;NTAN1;RGS3;IFI16;SAP18;NEU1;ENY2;DPY30;BNIP3L;VAT1;IFI44;RGS2;VDAC2;RNASE4;CCDC59;SERPINE1",-2.195549671094504,1.2747704091967877e-10,TRUE,
"FAN_OVARY_CL12_T_LYMPHOCYTE_NK_CELL_2",161,-0.5317579990209705,-2.294109103421149,1.426513912809281e-12,1.3808654675993838e-11,"POLR2L;PFN1;COX6A1;UBA52;NDUFB8;MYL6;UBB;OAZ1;OST4;RPL28;RPS16;SSR4;RHOG;TUBB4B;RPS21;IL32;RPLP2;RPS10;CIB1;CYBA;FTH1;PKM;ARPC1B;ATP6V0E1;RPL27;HINT1;RPLP1;RPS29;CCL5;CRIP1;CD3D;RPL36AL;TUBA4A;CDC37;CD7;HLA-C;EMP3;TAGLN2;ISG20;YWHAH;HLA-A;SH3BGRL3;DDIT4;RPS26;HLA-E;RPS12;PSMA7;CORO1A;CD52;S100A6;TGFB1;EIF1;UBC;TRBC2;RHBDD2;LAPTM5;HLA-B;ARHGDIA;FXYD5;H2AZ2;DUSP2;CXCR4;S100A11;PLP2;PGK1;TRBC1;SELENOT;TMSB4X;SRGN;ALOX5AP;ISCU;MRPS6;PAIP2;TRAC;EVI2A;BTG1;S100A4;B2M;LTB;CD53;TPT1;ARHGDIB",-2.215927485414205,1.184369337580787e-10,TRUE,
"RUBENSTEIN_SKELETAL_MUSCLE_PERICYTES",143,-0.5436877779219369,-2.314254264893445,1.632126860957588e-12,1.5591106592831695e-11,"C12orf57;NDUFA11;COX8A;RABAC1;NDUFA13;NDUFB7;ALDOA;UBB;SOD1;GAPDH;PSMB1;CHCHD10;TPI1;EIF3K;CAVIN3;MT2A;COX5B;COX7B;COX7A2;ADISSP;COX6B1;SELENOM;LGALS1;SLC25A5;NDUFA4L2;IFITM3;PRDX1;CRIP1;ATP5F1B;SLC25A6;CD151;TIMP1;ATP5F1A;CD63;TECR;NDUFA1;CYTOR;ATP5MC3;BSG;ATP5MC2;COX7A1;SNCG;PEBP1;GAS6;CYB5R3;MGST3;ISYNA1;COX4I2;ANXA5;PDLIM1;IGFBP7;TESC;CRIP2;TINAGL1;ATP5MK;TUBA1A;PTMS;ARHGDIB;CALM2;MDH1;GJA4;MFGE8;LDHB",-2.1922717255509423,1.8216729472492209e-9,TRUE,
"LAKE_ADULT_KIDNEY_C28_INTERSTITIUM",85,0.5794388939523818,2.7616748793782055,2.300188888588159e-12,2.1687495235259785e-11,"ROCK2;MED13L;SBF2;FOXO3;USP53;KIAA1217;DST;THSD4;RASAL2;FNDC3B;DGKH;LPP;REV3L;TTC28;ROCK1;PRKCA;INPP4B;UACA;NAV2;UGGT2;LAMA2;RBMS3;ITSN1;AUTS2;NEGR1;SORBS1;PRKG1;SETBP1;A2M;RBMS1;TCF12;EPS8;CBLB;UTRN;KALRN;DACH1;AKAP12;COL4A1;PDLIM5;ITGA1;MIR99AHG",2.979309824956726,2.2646239707116594e-14,TRUE,
"FAN_EMBRYONIC_CTX_BIG_GROUPS_MICROGLIA",361,-0.4295345128212609,-1.9634144152923771,2.4088386934637627e-12,2.2420729377624253e-11,"PFN1;HCST;SERF2;CCL3;GPX1;ATP6V0B;PYCARD;RHOG;GNG5;PIH1D1;CYBA;CCL4;HEXA;DPP7;CD74;NPC2;ARPC1B;ATP6V0E1;NINJ1;TYROBP;LGMN;CALR;VAMP8;APOC1;DNASE2;CKS2;TAPBP;NFKBIA;CTSD;CEBPD;LST1;APOE;HLA-C;C1QC;CD81;BST2;GRN;LTC4S;CNPY3;CD300A;PTPN6;ARRB2;C1QB;CTSL;RNASET2;HSPB1;DDIT4;TCIRG1;C1QA;HLA-E;PLD3;LAP3;CORO1A;REEP4;CD14;COLGALT1;GMFG;LGALS9;SYNGR2;C2;GLRX;SERPINB6;GM2A;PRR13;TREM2;KLF2;SERP1;FCGR1A;FCER1G;CXCL16;LAPTM5;ABI3;BCAP31;SPP1;HLA-B;GAS6;HAVCR2;TMIGD3;PPT1;GYPC;RGS10;RNF130;AP1B1;S100A11;STING1;ANXA5;GPN3;RGS19;VSIR;ACY3;POLD4;FCGR3A;CAPZB;SRGN;ALOX5AP;IGSF6;NAA20;P2RX4;CPVL;DNAJB1;PLEK;ITGB2;CTSB;LILRB4;AIF1;FOLR2;VSIG4;LAT2;NAGA;JUNB;EVI2A;CYTH4;NCF4;HCK;B2M;SELPLG;SERPINB9;EGFL7;FCGR2A;CD53;CTSC;GADD45B;DAGLB;LYN;ARHGDIB;TNFRSF1A;XBP1;FPR1;PSAP;CASP1;SLC1A3;HMOX1;LY96;PTAFR;DEGS1;CD83;IFI30;MAN2B1;CD86;CMTM7;IFI16;SLC7A7;MGST2;H2AJ;CIAO2A;DHRS3;LAIR1;SAT1;ITGAM;HHEX;RGS2;GAL3ST4;MKNK1;C12orf75;OSTF1;HSPA5;PLA2G15;CD37;LPAR5;ITGAX;GPSM3;HVCN1;RNASE6;PLVAP;ADORA3;SERPINA1;APBB1IP;MYO1F;GLIPR1;IER2;ADAP2;DUSP1;CTSH;LY86;SLC29A3;MILR1;PARVG;IRF8",-1.8293695330136654,9.802908442672475e-9,TRUE,
"LAKE_ADULT_KIDNEY_C19_COLLECTING_DUCT_INTERCALATED_CELLS_TYPE_A_MEDULLA",313,-0.4458304425146456,-2.0234211784241856,2.5394988521774217e-12,2.3337672995959595e-11,"SERF2;GPX1;ATP6V0B;FAU;CIAO2B;MYL6;COX4I1;RPS5;LAMTOR5;ALDOA;UBB;SOD1;GAPDH;CHCHD10;RPS14;DYNLT1;RPS15;TPI1;PCBP1;ARF1;RPL18;RPS16;EIF3K;MT2A;COX5B;RPLP2;CIB1;RPS2;RPS8;RPL8;RPLP0;RACK1;CD74;FTH1;PKM;RPS9;RPL13;RPS11;CBR1;RPS3;ENO1;RPS18;RPS28;RPL35;SLC25A39;RPS23;ATP6V0E1;RPS13;HINT1;SLC25A5;RPLP1;RPL7A;COX5A;PRDX1;ATP5F1B;RPSA;GSTP1;CHCHD2;ATP5F1A;CD63;COX7C;RPL10A;CYB5A;RPS19;HLA-C;CYSTM1;ATP5MC3;RPL13A;RPL3;RPS6;SLC25A3;HSPB1;GAS5;ATP5F1C;ACTG1;KRT18;PPIA;ANXA2;RPL34;LDHA;RPS12;PSMA7;SNHG29;RPL9;SRP14;RPL10;RPL35A;EEF2;SELENOW;EIF1;RPS3A;CNBP;RPL19;RPL5;RPS4X;MYL12A;IDH2;RPL41;MYL12B;EEF1A1;PEBP1;HLA-B;ATP5PB;UQCRFS1;NDUFA4;RPL30;RPL37A;RPL15;RPL31;PGK1;RPL12;SNX3;IGFBP7",-1.9932852191488912,2.6203477972454e-11,TRUE,
"DESCARTES_FETAL_INTESTINE_MYELOID_CELLS",190,-0.5029878997977012,-2.203304255625532,3.5435909287728095e-12,3.184839149507485e-11,"IDO1;HLA-DMA;BID;TYMP;CST3;CD74;HLA-DRB1;HLA-DPB1;HLA-DQB1;SECTM1;CXCL10;VMO1;TYROBP;WFDC21P;HLA-DRA;LGMN;HLA-DRB5;CD274;CXCL8;HLA-DMB;CIITA;BCL2A1;HLA-DRB6;C1QC;HLA-DPA1;C1QB;RYR1;TNNI2;RNASET2;ZNF385A;C1QA;HLA-DOA;KYNU;CD14;ZMYND15;CXCL9;SDS;CD300LF;SPI1;FCGR1A;FCER1G;CD300C;OSCAR;TNFAIP8L2;RILPL2;LILRA5;IL1B;LYZ;FCGR3A;IGSF6;HLA-DQA1;NCF1;STX11;CPVL;C5AR2;PLEK;TREM1;LILRB4;AIF1;FOLR2;VSIG4;RAB20;NCF4;HCK;LILRB3;SIGLEC12;FCGR2A;NCF2;MS4A4A;FPR1;LILRA2;PTAFR;CXCR2P1;CD83;PDCD1LG2;IFI30;MAN2B1;CD86;HLA-DQA2;SAMHD1;IL1R2;SIGLEC14;LILRB2;ADGRE1;MAFB;ITGAX;RNASE6;C5AR1;C1orf162;MMP9;THEMIS2;MS4A6A;ADAP2;LY86;CD33;MILR1;ACP3;LILRB1;IRF8;EBI3;NLRP3;SIGLEC10",-1.938144251279606,3.149482497065298e-7,TRUE,
"MENON_FETAL_KIDNEY_10_IMMUNE_CELLS",83,-0.6229504902525789,-2.4624855734432263,3.5533329354009123e-12,3.184839149507485e-11,"PFN1;GPX1;UBA52;MYL6;OAZ1;TMSB10;CST3;RPLP2;CYBA;ACTB;CD74;HLA-DRB1;HLA-DPB1;RPS15A;ARPC1B;RPL27;TYROBP;HLA-DRA;LGALS1;VAMP8;RPLP1;TUBA1B;CFL1;HLA-DRB6;LST1;HLA-C;FTLP3;CNPY3;HLA-DPA1;RPL27A;HLA-A;SH3BGRL3;HLA-E;CORO1A;S100A6;SNHG5;TMSB4XP8;LAPTM5;HLA-B;RGS10;S100A11;RPL12;CAPZB;TMSB4X;SRGN;IGSF6;AIF1;S100A4;B2M;TPT1;ARHGDIB",-2.3307974580283704,1.974193715055439e-9,TRUE,
"DESCARTES_FETAL_ADRENAL_MYELOID_CELLS",153,-0.5365773217543034,-2.3095220668937464,3.965760988201587e-12,3.5111493627248194e-11,"HLA-DMA;TYMP;CST3;CALHM6;HLA-DRB1;HLA-DPB1;HLA-DQB1;SECTM1;CXCL10;HLA-DRA;LGMN;CXCL8;HLA-DMB;C1QC;UNC93B1;HLA-DPA1;C1QB;RYR1;RNASET2;C1QA;HLA-DOA;AGR2;CD14;ZMYND15;CTSZ;TREM2;CD300LF;IL1RN;SPI1;FCGR1A;CD300C;SPP1;OSCAR;TMIGD3;HK3;SLC11A1;LILRA5;LYZ;IGSF6;HLA-DQA1;CPVL;PLAUR;LILRB4;PILRA;FOLR2;VSIG4;LRRC25;CYTH4;HCK;SLAMF8;LILRB3;SIGLEC12;PELATON;NCF2;LINC01094;MS4A4A;FPR1;LILRA2;SLC1A3;HMOX1;TRPM2;PTAFR;PDCD1LG2;CD86;MSR1;SLC7A7;SIGLEC14;NFAM1;CD80;LILRB2;MARCO;ADGRE1;ITGAX;RNASE6;FAM20A;CFD;C5AR1;MS4A6A;ADAP2;CD33;MILR1;LILRB1;RIPK3;NLRP3;SIGLEC10;TMEM273;IFNGR1;SIRPB1;MSLN;PLA2G7;SLC37A2;SIGLEC8;C3AR1;IER3;KCNK13;SIGLEC1;FGD2;SCIMP;ADAM28;FCN1;CLEC7A;TLR2;MS4A7;CCR1;FPR3;MEFV;NLRC4;ASCL2;MNDA;TNFRSF11A;CMKLR1;CSF1R;CD163",-2.1338331484809747,1.181908786069e-8,TRUE,
"ZHENG_CORD_BLOOD_C8_PUTATIVE_LYMPHOID_PRIMED_MULTIPOTENT_PROGENITOR_2",88,-0.6092623290461527,-2.4319493506201466,6.3826215970977934e-12,5.582871421075901e-11,"HCST;UBA52;FAU;PSME1;GAPDH;DYNLT1;EIF3K;SNRPD2;CALHM6;RACK1;MPG;CD74;ENO1;HLA-DRA;HINT1;IFITM3;GSTP1;HLA-C;ATP5MC2;IFITM1;CD48;HLA-A;RNASET2;GAS5;ACTG1;BCL3;SPNS3;CD52;SNHG8;SNHG5;MT-TL1;ADA;RILPL2;HLA-B;GYPC;IGFBP7;TMSB4X;EEF1B2;SNHG6;NPDC1;S100A4;B2M;ZFAS1;EGFL7;NACA;TPT1;ERGIC1;NUCB2",-2.370977649104508,8.424561151060615e-10,TRUE,
"MANNO_MIDBRAIN_NEUROTYPES_HDA",364,0.34014739479999945,1.9478456948245524,6.6547792780465914e-12,5.751630661740268e-11,"PLEKHM3;KLF7;BICRAL;ZFHX3;ZBTB38;PBX1;PRKACB;GSE1;CPEB4;SH3PXD2A;CLSTN2;ANK3;HOOK1;DNM3;PGM2L1;ROCK1;LSAMP;FAM13C;RAPGEF5;FAM217B;PRKCA;CGN;CA1;ROBO2;PLXNA4;GPRASP1;ANKRD36B;CSRNP3;SHROOM2;ANKRD12;CEP126;PPP2R3A;GARNL3;SYNJ1;GRIK3;STOX2;YPEL2;SYT7;PRLR;PLEKHA1;MYRIP;KIF3A;NLK;DAAM1;SHTN1;NMNAT2;NEGR1;SCN3A;SEMA6D;SMURF1;EPB41L1;NRXN3;ZFP69B;GLCE;EHBP1;NCAM1;CHL1;CAMK2N1;PLEKHA6;LYST;SERINC1;NLGN4X;CDH13;ACSL5;MAP1B;KCNN3;NEDD4L;KIF21B;DLG2;MEG3;ENC1;KLHL29;AKAP12;GNAO1;FOXP2;CTTNBP2;RBFOX2;XIST;CADPS;GFRA1;GRIP1;RAB11FIP4;ATP8A1;VAV3;TMEM132B;GPRIN3;LDB2;MAGI2;TMOD2;ARHGAP23;NPY1R;VWA5A;PAPPA;CDC42EP3;FNBP1;ZNF33B;CCSER1;RELN;COL8A1;ANK2;CXADR;ICA1L;PPP1R21;NRXN2;ZNF697;DOK6;XPR1;DPYSL3;CASZ1;TAC1;RETREG1;EDIL3;NALF1;AKAP1;NSG1;REEP1;GRM8;TMEM35A;SHISAL1;SRGAP1;TTLL7;CACNA1E;PTK2B;TMEM178B;YWHAG;DMTN;CHGA;NAP1L3;SLC24A3;GNAL",2.126752349514668,2.4741071563778117e-14,TRUE,
"FAN_OVARY_CL0_XBP1_SELK_HIGH_STROMAL_CELL",141,-0.5375974143124783,-2.2855204479265785,8.823770887522451e-12,7.536538428636823e-11,"FAU;RPS5;RPL18A;RPS14;RPS15;NUPR1;RPL18;H2AZ1;RPLP2;RPS2;RPS8;RPL8;RACK1;RPL26;RPS9;RPL13;RPL36;RPS3;RPS18;RPS23;RPS13;RPLP1;SELENOK;RPL17;RPL36AL;FBL;RPL10A;RPS19;CLEC2B;RPL13A;RPL3;RPS6;YBX1;RPL23A;SNHG32;RPL38;RPL34;RPS12;C11orf96;SNHG8;RPL9;RPL10;RPL35A;SELENOS;EIF1;RPS3A;SNHG7;RPL5;RPS4X;SERP1;RPL41;CEBPB;RPL30;RPL15;RPL31;RPL12;RPS27A;PTMA;SPTSSA;RPL24;EEF1D;RPL32;ZFAS1;NACA;RPL11;XBP1",-2.3217443765601433,6.797610730168573e-12,TRUE,
"DESCARTES_FETAL_PLACENTA_MYELOID_CELLS",134,-0.5457265508080181,-2.3093480806386273,1.1483080439064131e-11,9.693287622685267e-11,"MRPL2;HLA-DMA;CALHM6;CD74;HLA-DRB1;HLA-DPB1;HLA-DQB1;CXCL10;TYROBP;HLA-DRA;LGMN;HLA-DRB5;IL4I1;CIITA;BCL2A1;HLA-DRB6;LST1;C1QC;PPM1M;HLA-DPA1;C1QB;RYR1;ACP5;C1QA;HLA-DOA;ICAM1;S100A8;CD14;CXCL11;CXCL9;CTSZ;SDS;FCGR1A;CXCL16;SPP1;OSCAR;TNFAIP8L2;GNA15;LGALS2;SLC38A6;HK3;SLC11A1;LYZ;FCGR3A;IGSF6;HLA-DQA1;CPVL;RASSF4;LILRB4;FOLR2;VSIG4;LRRC25;HCK;SLAMF8;LINC01094;CD83;SIGLEC9;CD86;SLC7A7;CHIT1;LAIR1;NFAM1;LILRB2;MARCO;IGSF21;MAFB;CCL2;RNASE6;C5AR1;C1orf162;PLA2G2D;MMP9;THEMIS2;MS4A6A;ADAP2;CCL13;LY86;MILR1;SUCNR1;HS3ST2;NLRP3;FAM20C;SIGLEC10;TMEM273;TOR4A;SLC37A2;C3AR1;KCNJ5;SIGLEC1;FGD2;PLTP;SCIMP;TFEC;CLEC7A;TLR2;ARHGAP22;MS4A7",-2.0787496385000526,1.2670615779105679e-7,TRUE,
"DESCARTES_FETAL_PANCREAS_MYELOID_CELLS",178,-0.5069944517097443,-2.2118169344424774,1.1615923184209616e-11,9.693287622685267e-11,"IDO1;BATF3;HLA-DRB1;HLA-DQB1;TYROBP;WFDC21P;LGMN;HLA-DRB5;CXCL8;SOWAHD;BCL2A1;HLA-DRB6;LST1;C1QC;HLA-DPA1;C1QB;TNNI2;WNT10B;OSM;ZNF385A;C1QA;KYNU;AGR2;S100A8;SPNS3;P2RY6;CD14;S100A9;CTSZ;HLA-DQB2;CD300LF;IL1RN;SPI1;FCGR1A;FCER1G;CD300C;OSCAR;CLEC12A;GNA15;RENBP;HK3;LILRA5;IL1B;LYZ;SRGN;IGSF6;HLA-DQA1;NCF1;CPVL;PLEK;TREM1;LILRB4;PILRA;FOLR2;VSIG4;LRRC25;LINC02908;HCK;SLAMF8;LILRB3;FCGR2A;NCF2;MS4A4A;FPR1;HMOX1;TRPM2;PTAFR;CXCR2P1;CD83;FGR;SIGLEC7;IFI30;SIGLEC9;UPK3A;CD86;MSR1;ASGR2;CLEC5A;AQP9;IL1R2;ITGAM;SIGLEC14;GPR35;NFAM1;LILRB2;ITGAX;CCR5;RNASE6;C5AR1;C1orf162;C19orf38;MYO1F;MS4A6A;IRF5;CD33;MILR1;LILRB1;NLRP3;SIGLEC10;GZMB;CSF2RA;SIRPB1;CSF3R;TLR8;SLC37A2;C3AR1;SLAMF7;KCNK13;SIGLEC1;FGD2;SCIMP;ADAM28;FCN1;TFEC;CLEC7A;PACSIN1;MS4A7;CCR1;FPR3;MEFV",-2.0497390569527885,2.650522462665834e-8,TRUE,
"DURANTE_ADULT_OLFACTORY_NEUROEPITHELIUM_MACROPHAGES",79,-0.6255928009331257,-2.436033792273754,1.522676559314345e-11,1.2562081614343346e-10,"CCL3;HLA-DMA;TYMP;CST3;CYBA;CD74;HLA-DRB1;HLA-DPB1;HLA-DQB1;NPC2;TYROBP;HLA-DRA;HLA-DRB5;APOC1;HLA-DMB;CCL4L2;CEBPD;LST1;APOE;C1QC;GRN;HLA-DPA1;C1QB;YWHAH;RNASET2;C1QA;CD14;TREM2;SPI1;FCER1G;CXCL16;LAPTM5;RGS10;CXCR4;IL1B;FCGR3A;SRGN;IGSF6;HLA-DQA1;PLAUR;ITGB2;AIF1",-2.3081078495674676,7.673670748187473e-9,TRUE,
"LAKE_ADULT_KIDNEY_C18_COLLECTING_DUCT_PRINCIPAL_CELLS_MEDULLA",314,-0.4347316382253469,-1.9743572568911816,1.9638379626697113e-11,1.601962203256416e-10,"GUK1;SERF2;GPX1;UBA52;FAU;MYL6;COX4I1;RPS5;LAMTOR5;ALDOA;UBB;SOD1;GAPDH;RPS14;DYNLT1;TMSB10;RPS15;TPI1;ARF1;NUPR1;RPL18;RPS16;PPIB;RPLP2;CIB1;RPS2;RPS8;RPL8;RPLP0;RACK1;FTH1;PKM;RPS9;RPL13;RPS11;ENO1;RPS18;RPS28;RPL35;RPS23;ATP6V0E1;RPS13;HINT1;RPLP1;RPL7A;IFITM3;PRDX1;ATP5F1B;RPSA;GSTP1;CHCHD2;ATP5F1A;CD63;COX7C;RPL10A;CYB5A;RPS19;HLA-C;CYSTM1;CD81;IFITM2;ATP5MC3;RPL13A;RPL3;RPS6;AIF1L;YBX1;HLA-A;ATP5F1C;ACTG1;KRT18;PPIA;ANXA2;RPL34;LDHA;RPS12;PSMA7;RPL9;SRP14;RPL10;EEF2;S100A6;EIF1;RPS3A;CNBP;RPL19;RPL5;RPS4X;MYL12A;SLPI;RPL41;MYL12B;EEF1A1;PEBP1;HLA-B;KRT8;NDUFA4;RPL30;RPL37A;KRT19;RPL15;MGST3;RPL31;PGK1;RPL12;IGFBP7;TMSB4X;CNDP2;REEP5;ISCU;RPS27A;PTMA;RPL24;B2M;EEF1D;RPL32;SOD2;TACSTD2;NACA;RPL11;TPT1;GPRC5C;RHOA;BAG1;PSAP",-1.9160532006485942,7.260858161584011e-10,TRUE,
"AIZARANI_LIVER_C2_KUPFFER_CELLS_1",200,-0.48086656293786006,-2.1132217458404865,2.155385856707321e-11,1.7272624958682463e-10,"GPX1;HLA-DMA;TMSB10;CCL3L3;CST3;CALHM6;HLA-DRB1;HLA-DPB1;HLA-DQB1;FTH1;PKM;NPC2;RPS11;ARPC1B;TYROBP;HLA-DRA;LGALS1;HLA-DRB5;CXCL8;HLA-DMB;CIITA;SLC15A3;LST1;C1QC;GRN;HLA-DPA1;ARRB2;C1QB;RNASET2;HSPA6;C1QA;HLA-DOA;LGALS9;FCER1G;CXCL16;LAPTM5;RILPL2;PPT1;RGS10;RNF130;S100A11;IER5;VSIR;IL1B;LYZ;FCGR3A;PLEKHO1;TMSB4X;SRGN;IGSF6;HLA-DQA1;FCGR2B;CPVL;PLAUR;PLEK;ITGB2;CTSB;LILRB4;AIF1;VSIG4;FABP5;EMILIN2;LRRC25;HCK;TNFSF13B;LILRB3;FCGR2A;LYN;NCF2;MS4A4A;CLEC4E;FPR1;PSAP;PTAFR;CD83;FGR;RNF144B;CD86;BCAT1;MSR1;MAP3K8;SAMHD1;SAT1;ATP1B3;IL1R2;AHR;ANXA1;RGS2;LILRB2;CD37;MAFB;ITGAX;RNASE6;SMAP2;C5AR1;C1orf162;THEMIS2;MS4A6A;ALOX5;CTSH;LY86;PARVG;IRF8;NLRP3;COTL1;UCP2;IFNGR1;TPP1;VIM;C3AR1;IER3;ATP6V1B2;LIPA;FGD2;HERPUD1;MACROH2A1;ADAM28;RPS24;AP1S2;HCLS1;DPYSL2;CLEC7A;STK17B;ARPC3;TLR2;MS4A7;CCR1",-1.9054467955693748,2.878705177246626e-7,TRUE,
"LAKE_ADULT_KIDNEY_C29_UNKNOWN_NOVEL_PT_CFH_POS_SUBPOPULATION_S2",76,0.5825968422185112,2.702759791333394,2.1650259934436694e-11,1.7272624958682463e-10,"PARD3B;MYO9A;DST;MACF1;SVIL;MBD5;CRIM1;TTC28;RORA;MAML3;CEP112;ZEB1;ARGLU1;PDE7B;RBMS3;AUTS2;PARD3;THRB;ENTREP2;EHBP1;PAWR;CASC15;UTRN;PLCB4;DLG2;CTTNBP2;CNTN4;KLF6;MAGI2;PLEKHA7;ZFPM2;FRMD4A;SLIT3;EDIL3;NALF1;BICC1;TMEM178B;ALDH1A2;PRUNE2;ITGB8;BNC2;SHROOM3;RERG;SYNE1;ARHGAP29;FBXL7;KANK1;ZBTB16;AKT3;BICD1;TSHZ2;MACROD2",2.979617326447059,3.488092716660328e-14,TRUE,
"TRAVAGLINI_LUNG_PROLIFERATING_NK_T_CELL",125,-0.5366903961075936,-2.257626205211459,8.000175158368479e-11,6.313181701060343e-10,"SNRNP25;CENPM;PSMC3;GNLY;DCTN3;MCM5;DYNC2I2;AURKB;PSMD8;TUBB4B;H2AZ1;NUDT1;TK1;RAN;CDC20;CDT1;CDC45;PXMP2;SNRPB;PKMYT1;EBP;TUBA1B;CKS2;CCDC167;TUBG1;TYMS;CKS1B;MCM7;FEN1;RANBP1;PCNA;ASF1B;TMEM106C;RCC1;PPIA;BIRC5;CDCA3;CDCA8;KIF22;DNAJC9;IDH2;CDKN3;SLBP;UBE2T;RPA3;H2AZ2;DUSP2;GINS2;IGFBP7;TACC3;PTMA;HMGN2;TROAP;KIF2C;DUT;E2F1;ICAM2;OIP5;HMGB2;NUCB2;CENPN;MCM3;ZWINT;RFC4;MYBL2;GMNN;C12orf75;HPRT1;CENPH;MAD2L1;CCNA2;LSM5;MCM4;CDC25C;NDC80;S1PR5;CENPU",-2.2525474497853692,7.834894080849236e-10,TRUE,
"LAKE_ADULT_KIDNEY_C7_PROXIMAL_TUBULE_EPITHELIAL_CELLS_S3",128,-0.539838433081629,-2.263354369384426,8.66309786670159e-11,6.762805431425113e-10,"SERF2;COX4I1;RPS14;TMSB10;RPS15;RPL18;RPS16;RPS21;MT2A;RPLP2;RPS8;RPL8;FTH1;RPS9;RPL13;RPS11;RPS18;RPS28;RPL35;RPS23;RPS13;RPL27;HINT1;RPLP1;RPL7A;RPSA;RPL37;MT1E;CD63;COX7C;RPS19;PDZK1IP1;RPL13A;RPL3;RPS6;RPL27A;HLA-A;RPL38;RPL34;RPS12;RPL9;RPL35A;EEF2;S100A6;RPS3A;RPL19;RPL5;RPS4X;EEF1A1;PEBP1;RPL37A;RPL31;RPL12;CNDP2;CTSB;RPS27A;PTMA;GPX3;RPL24;RPL32;RPL11;TPT1",-2.2962574405939193,1.0759360133084348e-10,TRUE,
"FAN_EMBRYONIC_CTX_BRAIN_EFFECTOR_T_CELL",122,-0.5455086161146161,-2.2896765823156158,9.945682768798409e-11,7.681452861859197e-10,"HCST;PLAAT4;PSMB9;LY6E;CCL4;NKG7;GZMH;GZMA;IRF1;APOBEC3G;CRIP1;RAC2;CHST12;CLEC2B;CD7;HLA-C;CTSW;IFITM2;PRF1;HLA-F;EMP3;FKBP11;IFITM1;CD48;LCK;HLA-A;ARPC5L;CARD16;TSTD1;CORO1A;DGUOK;GMFG;SEPTIN1;CD247;CLIC1;KLRD1;LIMD2;MYL12A;ABI3;HLA-B;ADGRE5;CLIC3;DOK2;DUSP2;CCND3;CD244;SRGN;TBC1D10C;LAIR2;PLEK;CD3E;SH2D2A;BTG1;S100A4;ZAP70;LSP1;TSEN54;IL18RAP;FGR;EOMES;HLA-H;IL2RB;ACAP1;HSH2D;HOPX;SH2D1A;SPON2;ADAM8;GPR65;CD44;SYTL1;NHERF1",-2.2111121929300683,5.966139122271126e-9,TRUE,
"TRAVAGLINI_LUNG_NONCLASSICAL_MONOCYTE_CELL",175,-0.49840125272492525,-2.175803209925056,1.0068198772690867e-10,7.694223483130073e-10,"WARS1;BID;TYMP;CST3;HSBP1;CNIH4;FTH1;NPC2;ISG15;SECTM1;VMO1;HES4;TYROBP;STXBP2;IFITM3;SMCO4;MGAT1;GSTP1;TIMP1;RELT;BCL2A1;BRI3;LST1;RHOC;UNC93B1;CD300A;PTPN6;TCIRG1;ZNF385A;RRAS;KYNU;LGALS9;RIN1;FAM110A;CD300LF;MYO1G;SPI1;FCER1G;ATG3;CXCL16;CD300C;ABI3;PIK3AP1;CLEC12A;CEBPB;HK3;SLC11A1;LILRA5;S100A11;RGS19;FCGR3A;CPVL;PILRA;NAGA;LRRC25;KIAA0930;HCK;PHF19;TNFSF13B;LYN;NCF2;RNPEP;C15orf39;PSAP;CASP1;HMOX1;GCH1;UNC119;FGR;RNF144B;CD86;TBC1D8;SLC7A7;SAT1;PLXNB2;ATP1B3;NFAM1;MYD88;ADGRE1;MAFB;ITGAX;SERPINA1;C5AR1;C1orf162;C19orf38;THEMIS2;AMPD2;TNFSF10;SIDT2;ALDH3B1;DUSP1;SH2D3C;COTL1;LFNG;SIGLEC10;CHST15",-2.008025993688264,1.4766974777543008e-7,TRUE,
"HU_FETAL_RETINA_MICROGLIA",376,-0.41196519194826087,-1.8952124702832214,1.489859124809239e-10,1.126705963136987e-9,"PFN1;HCST;GPX1;OAZ1;HLA-DMA;TYMP;PYCARD;CCL3L3;RHOG;CST3;GNG5;CIB1;CYBA;ACTB;CD74;HLA-DRB1;NPC2;ARPC1B;ATP6V0E1;NINJ1;TYROBP;HLA-DRA;LGMN;STXBP2;VAMP8;CXCL8;HLA-DMB;TAPBP;NFKBIA;CCL4L2;CTSD;CEBPD;LST1;HLA-C;C1QC;GRN;CNPY3;CD300A;HLA-DPA1;ARRB2;C1QB;HLA-A;RNASET2;C1QA;HLA-E;LAP3;CORO1A;ARHGAP45;CD14;SIPA1;COLGALT1;GMFG;LGALS9;SYNGR2;BAG3;GLRX;UBC;GM2A;PRR13;TREM2;GNAI2;TMSB4XP8;KLF2;SPI1;SERP1;FCGR1A;FCER1G;MYL12A;CXCL16;LAPTM5;ABI3;SPP1;HLA-B;GAS6;CEBPB;HAVCR2;TMIGD3;PCED1B-AS1;PPT1;RGS10;AP1B1;S100A11;IER5;STING1;ANXA5;RGS19;VSIR;ACY3;FCGR3A;CAPZB;PLEKHO1;TMSB4X;SRGN;ALOX5AP;IGSF6;NAA20;P2RX4;CPVL;ARHGAP9;DNAJB1;PLAUR;SFT2D1;PLEK;ITGB2;CTSB;LILRB4;AIF1;FOLR2;VSIG4;LAT2;JUNB;FTLP2;EVI2A;CYTH4;KIAA0930;NCF4;HCK;B2M;SELPLG;FCGR2A;CD53;CTSC;GADD45B;TPT1;LYN;ARHGDIB;TNFRSF1A;LSP1;FPR1;EFHD2;RHOA;PSAP;CASP1;HMOX1;ZYX;LY96;GRK2;PTAFR;TMSB4XP4;CD83;WAS;CD86;CMTM7;IFI16;MGST2;ARPC5;SAMHD1;LAIR1;RPS6KA1;TMC6;SAT1;ITGAM;ABHD12;RGS2;GAL3ST4;MKNK1;C12orf75;ANXA11;OSTF1;CD37;LCP2;LPAR5;ITGAX;GPSM3;RNASE6;ADORA3;ARPC2;SMAP2;APBB1IP;MYO1F;GLIPR1",-1.6897674153273003,1.4234421457063836e-6,TRUE,
"BUSSLINGER_DUODENAL_EARLY_IMMATURE_ENTEROCYTES",109,-0.5572974898612177,-2.305773987692491,2.1607431219657357e-10,1.6172159861310559e-9,"COX8A;COX6A1;AKR1A1;COX4I1;CYC1;CHCHD10;ATP5PO;UQCRQ;PYCARD;COX5B;PSME2;COX7B;RPS8;RPL8;COX7A2;RPL26;FTH1;RPS9;CBR1;RPS15A;PNP;SLC25A5;RPS29;COX5A;PRDX1;ATP5F1B;ATP5F1A;COX7C;CYB5A;ATP5MC3;RPL27A;ATP5F1C;SNHG29;CPS1;ADA;REEP6;UQCRC2;PEBP1;KRT8;COX6C;KRT19;MGST3;ATP5PF;PCK2;HEBP1;RBP2;CALM2;FBP1;SUCLG1;TKFC;GHITM;MTTP;HSD17B2;DMBT1;SAT1",-2.393594131579697,5.63996990056981e-11,TRUE,
"SU_HO_CONV_CENT_CHONDROSARCOMA_C4_HIGH_GRADE_CHONDROSARCOMA_1",94,-0.5730177642538724,-2.309381340478611,2.396583773912501e-10,1.77542838761273e-9,"RPS14;RPL28;IL32;RPLP2;RPS10;RPL8;RACK1;RPL26;RPS15A;RPS3;RPS18;RPL35;RPS23;RPS13;RPL27;RPL29;RPL37;COX7C;FBL;RPL10A;GADD45G;ATP5MC2;RPL27A;RPL23A;SNHG32;RPL38;BRK1;LDHA;RPS12;NDUFS4;LYRM4;RPL9;YBX3;RPL10;RPL19;EEF1A1;EGLN1;RPL30;RPL31;RPL12;ECSCR;MRPS6;SSR3;RPL32;NACA;RPL11;TPT1;CD82;TBC1D17;WFDC2;PTTG1IP",-2.32843975408945,1.4409395774436647e-9,TRUE,
"GAUTAM_EYE_IRIS_CILIARY_BODY_SMOOTH_MUSCLE_CELLS",263,-0.43674564344644545,-1.9525155462445618,2.9442027643771863e-10,2.1590820272099364e-9,"NDUFA11;PSMD9;MRPL55;SERF2;COX4I1;RPP25L;MRPL41;NDUFS5;PSMB5;OAZ1;UQCRC1;NICOL1;TXNL4A;TUFM;ZSCAN16-AS1;ATP5PO;FIS1;TIMM13;EIF3K;PSMD8;PHPT1;MRPL22;NDUFA12;MRPS11;CCDC124;NDUFS6;MSRB1;MRPL20;COPS9;AURKAIP1;SUMO3;CCDC85B;PIN1;RNASEH2C;UBL5;NDUFC1;TMEM179B;HAGH;PIM3;RPL27;COA3;RAB3A;EMC4;HINT1;DDA1;PHB1;CCDC107;TUBB;SELENOK;TLE5;ZNHIT1;ATP5MC1;BORCS8;AP2M1;REXO2;ARPC1A;BANF1;POLR2J;BSG;ATP5MC2;SLC25A3;MANBAL;CISD2;ARPC5L;MPC1;ATP5F1C;HSPA6;PITX1;PMVK;MDH2;BOLA3;PSMA7;SEC61G;BAG3;MAPKAPK5-AS1;KLF2;TMEM14B;PKDCC;VPS29;PRDX3;UQCRFS1;RPSA2;COQ3;PSMA4;TCTA",-1.8803396508575916,4.957521446255959e-8,TRUE,
"DESCARTES_FETAL_KIDNEY_MYELOID_CELLS",163,-0.4945468546647684,-2.1314285853010153,4.807124339380073e-10,3.489972270389933e-9,"CIMAP1B;CST3;HLA-DPB1;HLA-DQB1;HLA-DRB5;CD274;CXCL8;HLA-DMB;SOWAHD;CIITA;SLC15A3;HCAR2;C1QC;C1QB;RYR1;TNNI2;SLC67A1-AS;C1QA;KYNU;S100A8;P2RY6;CCL8;HLA-DQB2;TREM2;CD300LF;SPI1;FCGR1A;SPP1;OSCAR;HAVCR2;VNN1;HK3;ACY3;PTGS2;IGSF6;NCF1;GPR84;CPVL;C5AR2;RASSF4;PLAUR;ADRB1;CTSB;TREM1;LILRB4;AIF1;FOLR2;VSIG4;LRRC25;CYTH4;HCK;SLAMF8;PELATON;NCF2;DLGAP3;MS4A4A;LILRA2;HMOX1;LY96;PTAFR;IFI30;SIGLEC9;CD86;MSR1;ASGR2;CLEC5A;AQP9;IL1R2;SLC43A2;RGS2;NFAM1;LILRB2;MARCO;IGSF21;CCR5;RNASE6;FAM20A;C1orf162;TMEM86A;MS4A6A;ALDH3B1;ADAP2;CD33;LILRB1;NLRP3;RHBDF2;TMEM273;CSF2RA;SIRPB1;MSLN;TLR8;SLC37A2;C3AR1;TMT1B;IER3;PTPRN2-AS1;SIGLEC1;FGD2;SCIMP;FCN1;CLEC7A;RNASE2;ARHGAP22;MS4A7;CCR1;FPR3;MEFV",-1.9196382690330005,2.2891035034867804e-6,TRUE,
"ZHONG_PFC_MAJOR_TYPES_MICROGLIA",426,-0.38601580589691775,-1.7889608755654685,7.706433963214339e-10,5.5394762943501095e-9,"PFN1;HCST;CCL3;GPX1;BLVRB;DNPH1;PYCARD;RHOG;GNG5;PSMB10;CYBA;CCL4;HEXA;DPP7;CD74;ADISSP;NPC2;ARPC1B;IGFLR1;ATP6V0E1;NINJ1;TYROBP;LGMN;STXBP2;VAMP8;APOC1;MGAT1;TAPBP;NFKBIA;CCL4L2;CTSD;CD63;BRI3;SLC15A3;CEBPD;LST1;APOE;HLA-C;C1QC;CD81;IFITM2;BST2;GRN;LTC4S;CNPY3;CD300A;PTPN6;ARRB2;C1QB;RYR1;CTSL;RNASET2;TCIRG1;C1QA;HLA-E;PLD3;CORO1A;REEP4;CD14;COLGALT1;GMFG;SYNGR2;C2;SERPINB6;GM2A;PRR13;TREM2;GNAI2;KLF2;FCGR1A;FCER1G;MYL12A;CXCL16;LAPTM5;ABI3;SPP1;TNFAIP8L2;HLA-B;GAS6;HAVCR2;TMIGD3;PPT1;GYPC;RGS10;RNF130;AP1B1;S100A11;STING1;ANXA5;GPN3;RGS19;VSIR;ACY3;POLD4;FCGR3A;CAPZB;SRGN;ALOX5AP;IGSF6;NAA20;P2RX4;CPVL;RASSF4;ARHGAP9;DNAJB1;SFT2D1;PLEK;ITGB2;CTSB;LILRB4;AIF1;FOLR2;VSIG4;LAT2;NAGA;JUNB;EVI2A;CYTH4;NCF4;RCN3;HCK;B2M;SELPLG;EGFL7;FCGR2A;CD53;CTSC;GADD45B;TPT1;LYN;ARHGDIB;TNFRSF1A;LINC01094;XBP1;FPR1;GSTK1;PSAP;CASP1;LY96;PTAFR;CD83;IFI30;WAS;MAN2B1;CD86;CMTM7;IFI16;SLC7A7;MGST2;NEU1;CIAO2A;DHRS3;LAIR1;RPS6KA1;TMC6;SAT1;ITGAM;ABHD12;RGS2;GAL3ST4;MKNK1;C12orf75;ANXA11;OSTF1;PLA2G15;CD37;LPAR5;ITGAX;CTSA;GPSM3;HVCN1;RNASE6;SASH3;PLVAP;ADORA3;SERPINA1;SMAP2;C5AR1;APBB1IP;MYO1F;GLIPR1;ALOX5;IER2;ADAP2;DUSP1;FAM78A;LY86;SLC29A3;MILR1",-1.629856534332033,4.801793978117598e-6,TRUE,
"TRAVAGLINI_LUNG_NEUTROPHIL_CELL",349,-0.40654025278232775,-1.8529153551302426,7.833666361552048e-10,5.554713330938135e-9,"COX8A;PSMA6;MYL6;CTDNEP1;RPS19BP1;MZT2B;NICOL1;UQCRHL;TXNL4A;JTB;FAM89B;LAMTOR4;METTL26;ATP6V1F;COX5B;RPL3P7;NOP10;FKBP8;NDUFB1;NDUFS6;MSRB1;PPP1R35;RPS19P3;COX7A2;CDK2AP2;FTH1;PKM;COX6B1;GNB2;LAMTOR2;TWF2;TYROBP;RPL7AP30;CXCL8;UBALD2;ALDH16A1;IFITM3;ARPC4;VNN2;CALM3;SELENOK;TAPBP;CTSD;BCL2A1;BRI3;G0S2;CEBPD;NDUFA1;S100P;ABTB1;IFITM2;FTLP3;LPAR2;TMEM259;EMP3;PTGES3P1;ARRB2;CHTOP;MAX;TKT;NCF1C;TSTD1;BCL3;RAB5C;CORO1A;S100A8;TMUB1;S100A9;BBLN;PLK3;G6PD;SLC16A3;S100A6;PGD;PRR13;GNAI2;KDELR1;CSTB;FTH1P8;KLF2;SPI1;HLA-B;CEBPB;YPEL3;BST1;CEACAM3;FFAR2;SLC11A1;S100A11;VSIR;HLX;PTGS2;JUND;SRGN;ALOX5AP;NCF1;C5AR2;ARHGAP9;PDLIM7;PLAUR;RPSAP15;TREM1;CMTM2;JUNB;TMEM91;NCF4;MGRN1;R3HDM4;YJU2B;NCF1B;SOD2;PLPPR2;ZFAS1;FCGR2A;PELATON;NCF2;TNFRSF1A;MMP25;CLEC4E;FPR1;PHC2;IL18RAP;TMSB4XP4;XPO6;CNPPD1;WAS;LRG1;FPR2;NDUFB3;ARLN;PYGL;ATP5F1E;AQP9;FCGR3B;SAT1;ADM;LRP10;IL1R2;CXCR1;RGS2;NFAM1;PLIN5;CDA;SOCS3;ADAM8;LCP2;ITGAX;APOBEC3A;CKAP4;ALPL;SMAP2;C5AR1;TMA7;CSNK1D;MYO1F;MMP9;DOK3;AMPD2;ADGRG3",-1.7227914639985138,1.1689607496497996e-6,TRUE,
"MANNO_MIDBRAIN_NEUROTYPES_HRGL1",284,0.3443598557491659,1.9660189305534794,7.880653899264847e-10,5.554713330938135e-9,"PARD3B;AFF1;OPHN1;PDE3A;PLEKHA5;NKD1;ATXN1;CFAP126;NCKAP5;ARHGAP5;B3GNT5;PSD3;NES;XPO4;COL4A5;ILDR2;MAML2;YAP1;NUDT4;ITPRID2;FAT1;INHBB;REST;EVI5;NEBL;NFATC2;TBC1D32;CEP126;TRAM2;LTBP1;PLSCR4;CCDC146;SLC16A9;AHNAK;CROT;DSG2;CHN2;NPNT;GASK1B;RPGR;BCAN;CDK6;TCF12;RFTN2;COL21A1;BRCA1;CSPP1;SPAG1;GNG12;KCNN3;STON2;DACH1;WEE1;SOX5;CFAP44;ZBTB2;FOXP2;PDLIM5;APCDD1;PDE11A;DNAH6;INTU;ELN;IGDCC4;MIR99AHG;SOX9;LRRC37A3;FGFR3;TRIM9;HEATR5A;SLIT2;CEMIP2;IGFBP5;ID4;FREM2;ITPKB;ANTXR1;CREB5;TMEM47;JAM2;PLOD2;BCO2;TES;MNS1;TSPAN11;GPM6B;LRATD2;DTX4;NOTCH2;STON1;CLU;FZD6;ZFP36L2;FNDC1;GABPB2;VSTM4;WNT5A;SHISAL1;ZNF682;PALS1;TGIF2;TSPAN18;PTK2B;HK2;ZFP36L1;SOX6;S1PR1;AASS;SAMD13;SLC19A2;TMEM123;LRRC17;ITGB8;ADAMTS6;ENKUR;WLS;IL33;SHROOM3;BMP6;RAI14",2.1240059602558343,4.544842890795613e-11,TRUE,
"AIZARANI_LIVER_C18_NK_NKT_CELLS_5",121,-0.519695059278698,-2.1784257968301786,1.5190977509698002e-9,1.0604470838500721e-8,"HLA-DMA;CCL3L3;CST3;HLA-DPB1;HLA-DQB1;FTH1;NPC2;TYROBP;HLA-DRA;CXCL8;BCL2A1;LST1;HLA-DPA1;PTPN6;HSPB1;HSPA6;S100A8;S100A9;BAG3;DNAJA1;KLF2;TNFAIP2;FCER1G;LAPTM5;RILPL2;CEBPB;HK3;SLC11A1;S100A11;IER5;IL1B;LYZ;FCGR3A;IGSF6;NCF1;CPVL;DNAJB1;PLAUR;PMAIP1;PLEK;AIF1;HCK;LILRB3;FCGR2A;GADD45B;LYN;NCF2;FPR1;PSAP;CD83;FGR;RNF144B;SLC7A7;SAMHD1;SAT1;ANXA1;RGS2;LILRB2;CD37;MAFB;ITGAX;APOBEC3A;RNASE6;C5AR1;C1orf162",-1.9103212205081768,1.1708474002403299e-5,TRUE,
"TRAVAGLINI_LUNG_MUCOUS_CELL",110,-0.5403254678635382,-2.2384834912506077,1.5749025525037975e-9,1.0889326220169116e-8,"IDO1;LY6E;BID;CBR3;DUSP23;RARRES1;PI3;CXCL10;VMO1;LAG3;CP;CX3CL1;CXCL8;TIMP1;HS3ST1;S100P;MDK;PDZK1IP1;IFITM1;ZG16B;PLK2;RPS26;SAA1;ASS1;KYNU;S100A9;NHERF2;CSTB;TNFAIP2;SLPI;BACE2;CDC42EP5;IL6;CXCL3;CXCL1;SAA2;TMEM165;SRD5A3;HLA-DQA1;CTSB;KLK11;CSF3;KLK10;GPX3;LCN2;TFF3;SOD2;CRYM;CTSC;LYN;XBP1;CFB;MUC5B;WFDC2;HLA-DQA2;HSD17B2;SAT1;ADM;RHOV;HILPDA;TMEM45A;CCL2;PTGES;KLK12",-2.1201997427920642,2.232828466598981e-7,TRUE,
"DESCARTES_FETAL_LUNG_MYELOID_CELLS",141,-0.5048157282316382,-2.1461536804150794,1.6224477272188115e-9,1.1112236320385446e-8,"IDO1;HLA-DMA;BATF3;CD74;HLA-DRB1;HLA-DPB1;HLA-DQB1;CXCL10;HLA-DRA;LGMN;HLA-DRB5;SOWAHD;CIITA;BCL2A1;SLC15A3;HLA-DRB6;C1QC;HLA-DPA1;C1QB;C1QA;KYNU;CD14;CXCL9;HLA-DQB2;CD300LF;SPI1;FCGR1A;OSCAR;HAVCR2;LILRA5;IL1B;LYZ;PTGS2;IGSF6;HLA-DQA1;CPVL;C5AR2;LILRB4;PILRA;FOLR2;VSIG4;LRRC25;CYTH4;HCK;SLAMF8;LILRB3;NCF2;LINC01094;MS4A4A;FPR1;LILRA2;TRPM2;CD83;SIGLEC7;IFI30;CD86;ASGR2;CLEC5A;HLA-DQA2;IL1R2;SIGLEC14;NFAM1;LILRB2;ADGRE1;ITGAX;RNASE6;PLA2G2D;C19orf38;MMP9;MS4A6A;CD33;MILR1;IRF8;NLRP3;CSF2RA;SIRPB1;TLR8;SLC37A2;C3AR1",-1.8997322314108627,1.2632404977572604e-5,TRUE,
"TRAVAGLINI_LUNG_BASAL_CELL",179,-0.47569033926578597,-2.07464981054381,1.727772588892425e-9,1.1723017752671967e-8,"RPS5;PRMT1;GAPDH;IMP3;DUSP23;MT2A;RPS2;NPM3;RPL8;RPL13AP5;RPLP0;RPL13;RPS11;RPS3;ENO1;LGALS1;RPLP1;SLC43A3;SFN;RPL29;RPSA;TIMP1;G0S2;RPL10A;HCAR2;CDK4;RHOC;EMP3;RPL13A;RPL3;TAGLN2;RPS6;IFITM1;SH3BGRL3;KRT17;GAS5;IGFBP6;LMO4;ACTG1;SOD3;ANXA2;LDHA;SNHG29;RPL9;YBX3;SNCG;AHCY;EIF1;UBC;RPS3A;RPL5;RPS4X;IMPDH2;EEF1A1;PGAM1;RPL15;ISYNA1;PLP2;RPL12;PDLIM1;IGFBP7;SYT8;CTSB;ALDH3A1;TINAGL1;JUNB;TRPV4;RPL32;SERPINB5;TACSTD2;NACA;GLTP;KRT15;RAP2B;CDH3;IFI16;RAB34;LTBP4;DHRS3;KCNN4;KCTD1",-2.0439866429540845,2.8065618228487808e-8,TRUE,
"SU_HO_CONV_CENT_CHONDROSARCOMA_STROMAL_C0_MINERALISATION_STROMAL_CELL",173,-0.47700450141109135,-2.076579547249867,2.0310481085975756e-9,1.3653156730017036e-8,"POLR2I;MTFP1;CIAO2B;MYL6;RNF181;ALDOA;RPS19BP1;S100A13;PRDX2;CENPX;WDR54;TPI1;DPCD;H2AC25;MCRIP2;GNG5;NUDT1;CNFN;CSNK2B;EIF3I;TMEM256;NINJ1;SMDT1;SLX9;PARK7;GSTP1;RASSF7;CARHSP1;HSBP1L1;ALDOC;RAMP1;BST2;COPZ1;CD300A;GPI;ATP5MC2;TMEM106C;DDIT4;ACTG1;RNF7;CLEC11A;CITED2;SNHG8;FABP3;OCIAD2;DAP;SLC16A3;SNHG7;AK2;CLIC1;NAPA;IRX3;NDUFB4;CNBP;SLPI;CLIC3;PGAM1;PTGDS;ORAI3;RGS10;PLP2;HPCAL1;CIMIP2B;PKIG;SFT2D1;ITGB2;SNRPN;C1orf43;GPX3;IBSP;CTSC;SERPINB1;PLAAT3;DEPP1;RNF5;SNAPC1;EGLN3;CD200;CAMTA1;CLK3;EPB41L4A-AS1;SARS1",-2.0604548887890353,4.5400195760654356e-8,TRUE,
"BUSSLINGER_GASTRIC_ISTHMUS_CELLS",448,-0.3814829065535117,-1.7720578543856795,2.6759943241161804e-9,1.7823595223012358e-8,"SDF2L1;PFN1;COX8A;SF3B5;ATP5ME;SERF2;MYDGF;MYL6;BLVRB;CYC1;RPN1;ETFB;DYNLL1;GAPDH;GFUS;TMSB10;LMAN2;CRELD2;FKBP2;ARF1;TUBB4B;H2AZ1;ARF5;NDUFS6;TSPO;RPS8;TK1;MRPL14;ADAM15;RAN;SNRPF;COX6B1;CBR1;ATP5IF1;ENO1;RPL35;GSTO1;TMED9;S100A16;GNB2;SNRPB;PLLP;CALR;TALDO1;EBP;MANF;NR2F6;PRDX1;TUBA1B;AUP1;SNRPD1;CRIP1;SFN;CALM3;TUBB;CD151;CKS2;GSTP1;CLTB;CFL1;TIMP1;CHCHD2;RPL36AL;CD63;PLEK2;CDC37;CAPNS1;S100P;LMNA;ARPC1A;EIF4E2;NANS;PRC1;TMEM54;SGSM3;TAGLN2;TSPAN15;YBX1;YWHAH;TRNP1;HSPB1;LMO4;ACTG1;KRT18;TKT;PPIA;ANXA2;PSMA7;EIF6;AGR2;CCNB1;SEC61G;PHLDA2;PYCR1;MUC1;GIPC1;SNRPG;HNRNPAB;TUBA1C;SYNGR2;PPM1G;JPT1;S100A6;AP1M2;SPINT2;CLIC1;IL1RN;CENPV;KDELR1;CSTB;HNRNPF;KLF2;MVD;MAPK3;BACE2;PTTG1;CDC42EP5;BCAP31;PEBP1;ARHGDIA;KRT8;MICU1;SEC61A1;PLA2G10;KRT19;CCT5;S100A14;MGST3;S100A11;PSMA4;PLP2;PDLIM1;CAPZB;TMSB4X;TST;CAPG;P4HB;NOP56;TESC;NMU;KDELR3;SEM1;ALDH3A1;TACC3;PSMD7;PTMA;PPDPF;FABP5;VCP;HNRNPM;MVP;SERPINB5;PKP3;TACSTD2;SERPINB1;CALM2;MCU;HMGB2;EFHD2;RHOA;FBP1;TFF1;REG4;KDELR2;TSPAN3;ANO1;ENSA;MRPS35;TPM3;GMDS;NIBAN2;PTTG1IP",-1.7398093922122282,6.396760223517405e-8,TRUE,
"AIZARANI_LIVER_C23_KUPFFER_CELLS_3",214,-0.44580492089601753,-1.9657769161092802,3.713076701154775e-9,2.4345460457805984e-8,"ATP6V0B;ALDOA;OAZ1;TYMP;RHOG;TSPO;ACTB;FTH1;PKM;RNASEK;SECTM1;TYROBP;LGALS1;TALDO1;CXCL8;VNN2;NFKBIA;BCL2A1;LST1;GRN;ARRB2;SH3BGRL3;TKT;S100A8;CD14;CD52;S100A9;GMFG;S100A6;GNAI2;TNFAIP2;FCER1G;LAPTM5;GLIPR2;CLEC12A;RILPL2;RNF130;HK3;SLC11A1;S100A11;IFNGR2;PLP2;VSIR;IL1B;LYZ;PTGS2;SRGN;IGSF6;CPVL;PLAUR;PLEK;ITGB2;CTSB;TREM1;PILRA;AIF1;EMILIN2;HCK;TNFSF13B;S100A4;SOD2;LILRB3;FCGR2A;PELATON;LYN;NCF2;SERPINB1;CALM2;CLEC4E;FPR1;EFHD2;PSAP;PHC2;GRK2;PTAFR;FGR;WAS;RNF144B;GMEB1;SLC7A7;SAMHD1;SAT1;IL1R2;ITGAM;AHR;SLC43A2;ANXA1;RGS2;NFAM1;LILRB2;CD37;MAFB;ITGAX;CD55;APOBEC3A;S100A10;CD44;CKAP4;CFD;SMAP2;C5AR1;C1orf162;MYO1F;DOK3;ALOX5;SLA;LY86;FKBP1A;PARVG",-1.5650062003854943,0.002189705650340285,TRUE,
"TRAVAGLINI_LUNG_GOBLET_CELL",136,-0.5055038174370339,-2.1434616032198837,3.7222398220612458e-9,2.4345460457805984e-8,"SDF2L1;MYDGF;PLAAT4;RPL18A;KRT7;CST3;RER1;PSMB10;CYBA;COMTD1;PKM;FBXW5;SLC25A39;VMO1;S100A16;WFDC21P;CP;TIMP1;CARHSP1;HS3ST1;S100P;MDK;NANS;RAMP1;RHOC;FKBP11;ASS1;LRRC26;AGR2;BIK;MARCKSL1;STAP2;LGALS9;PGD;GLRX;NHERF2;AK2;CSTB;SLPI;BACE2;GLIPR2;GNA15;CXCL1;SRD5A3;P4HB;CTSB;LCN2;SPDEF;CRACR2B;SERINC2;FUT3;CTSC;CD82;XBP1;NUCB2;MUC5B;KDELR2;GMDS;WFDC2;IFI16;ARL1;UAP1;SAT1;RHOV;GTF3C6;MGST1;ST14;PTGES;PDIA4;FUT6;A4GALT;TNFSF10",-2.0827228660718045,1.5212083299228156e-7,TRUE,
"DESCARTES_MAIN_FETAL_CLC_IL5RA_POSITIVE_CELLS",170,-0.47349910934236644,-2.0537690344177766,4.524700483572434e-9,2.9329754920299884e-8,"SNRNP25;POLR3K;LAMTOR5;PRELID1;SAC3D1;IMP3;BCKDHA;MRPL40;RPS23P8;PCGF1;NDUFC1;ATP5F1EP2;NOP16;ARFIP2;DRAP1;TTC4;C1orf174;UCK1;PGAM5;PAQR4;CENPW;ZDHHC24;NDUFS2;PANK4;PPM1M;ALG3;TIMM50;GPATCH3;OSM;POLRMT;ESS2;PLD6;GTF2A2;MICB;ENTR1;BIRC5;TIGD5;R3HCC1;COA6;TRIM21;ACBD6;SHARPIN;ACTR1B;GEMIN4;TMEM250;MMACHC;ZNF32;MRPS16;SF3B4;MTFR1L;COQ3;BCS1L;ZC3HC1;BRF2;TOMM40L;SNHG10;PTGS2;SLC52A2;ADPRM;THYN1;HMGN2;SDHAF3;DBP;PARP2;PDE6G;DCUN1D5;GAR1;VSIG10L;CEP131;SNRPA1;NDUFB5;RNF26;USP39;POLR1E;RPL35P5;LINC00847;TRAPPC2B;STRN4;ZSCAN16;LINC00680;PEAK3;DHX16",-2.098645823838621,6.782457622763718e-9,TRUE,
"GAO_LARGE_INTESTINE_ADULT_CJ_IMMUNE_CELLS",478,0.28437010086441233,1.7020327112854492,5.824748474972622e-9,3.742272029053206e-8,"PTCH1;SYDE2;ADGRL3;ASAP1;EDNRB;PCDH18;ARL10;RGS5;WDR35;UNC5C;NES;COL4A5;LAMC1;FGD5;COL14A1;SALL1;FAM13C;PREX2;INHBB;LIFR;PCDH19;ALKAL2;CEP112;CDH6;ZEB1;DMD;COL4A6;FENDRR;ITPR1;STOX2;LRRN3;PDGFD;ABCA8;PDGFRA;IRAG1;PDE7B;RBMS3;LAMA4;FOXF1;PDE1C;NEGR1;NID1;FRY;EMCN;FLT1;GASK1B;CHL1;OLFML2A;A2M;TCF4;RBMS1;GLP2R;KIRREL1;TET1;LRP1;SGIP1;RYR3;NDST1;CDH13;ADGRF5;ITIH5;CAVIN2;OLFML3;MAMDC2;TEK;GDNF;SGCD;MAP1B;DLC1;LRRC49;MEG3;SMARCA1;HEG1;FILIP1L;COL4A1;DCHS1;SYNPO2;CD93;ZCCHC24;ITGA1;CXCL14;RECK;IGDCC4;SCARA5;SNX18;WWC2;IL1R1;IGFBP5;MYCT1;LDB2;ZNF521;ADAM19;JAM3;WWC3;ABI3BP;ANTXR1;PTPRM;PAPPA;SOX7;TMEM47;SPART;JAM2;TMTC1;SNED1;AMOTL1;DYNC2H1;CALCRL;TSPAN11;TNS1;GUCY1A1;COL12A1;ANGPT1;MAPK10;PKD2;SPARCL1;DPYSL3;AGT;CALD1;CPED1;LINC01876;CYYR1;DZIP1;COL6A3;TRPC1;LTBP2;RBP5;CD34;WNT5A;MMRN2;NSG1;COL4A2;NKX2-3;EMID1;SYNM;TSHZ3;FAM107A;TRPA1;ADAMTS1;SOX6;SFRP1;MSRB3;PHF10;SLC24A3;ADH1B;C14orf132;MAGI2-AS3;FBN1;MFAP4;CDH5;ALDH1A3;SAMD4A;CYBRD1;COL15A1;FERMT2;IL33;ZNF155;RAI14;EFEMP1;ZEB2;MXRA5;FABP4;ETS1;RASAL2-AS1;LRRC32;DNM3OS;ITGA11;LAMA5;AOC3;RPS6KA2;CCL11;EDNRA;TMEM119;ARHGAP29;FBXL7;GLI3;TCF21;SCUBE2;CXCL12;VCAN;KANK2;QKI;PTN;ARHGAP6;NOTCH4;SULF1;THBD;PTGS1;SOBP;PGBD1;GJA1;PDE2A;PECAM1;APLNR;ADAMTS5;TSHZ2;CRISPLD2;ADAMDEC1;LIMS2;FBLN5;GIMAP8;NPR3;RUNDC3B;TGFBR3;COL5A1",2.108000649891511,7.912787650957395e-16,TRUE,
"LAKE_ADULT_KIDNEY_C25_ENDOTHELIAL_CELLS_UNASSIGNED",38,0.6564846906794632,2.616280979834172,7.261170170278299e-9,4.6242188979140744e-8,"ZFC3H1;KMT2E;ZFHX3;ASAP1;SSH2;ARL15;PROX1;RALGAPA2;DOCK9;CAST;STOX2;PDE7B;SRPK2;TCF4;TCF12;UTRN;KALRN;PLCB4;FOXP2;LDB2;MYH9;EPB41L4A;FCHSD2;TMEM161B-DT;SEMA3A;MMRN1;FBXL7;CPNE8;TSHZ2;TPM4;ST6GALNAC3",2.8599870233295794,1.6480636713626847e-10,TRUE,
"HAY_BONE_MARROW_NEUTROPHIL",427,-0.37659923304060433,-1.7452485619582931,1.2069941818234251e-8,7.619806747859189e-8,"POLR2L;NDUFA11;NDUFS7;ATP5ME;SERF2;GPX1;ATP6V0B;PSMB3;RNF181;COX4I1;UQCR11;AP2S1;STX10;AGTRAP;ATP5F1D;ALDOA;ATP5MJ;OAZ1;GAPDH;NICOL1;ELOB;TMSB10;ATOX1;TMEM205;LAMTOR4;ATP5MG;TYMP;PYCARD;NDUFB1;COX7B;MSRB1;TSPO;CYBA;RAB5IF;ACTB;ADAM15;PKM;ETHE1;COX6B1;ATP6V0E1;LAMTOR2;TYROBP;STXBP2;TALDO1;CXCL8;ATP6V0D1;UBXN11;VNN2;SMCO4;MCEMP1;GSTP1;CTSD;BRI3;SLC15A3;TMEM107;CAPNS1;S100P;CHMP2A;DENND6B;GRN;CNPY3;JOSD2;ATP5MC2;SH3BGRL3;GABARAP;PSTPIP1;SCAND1;TKT;CARD16;ANXA2;KYNU;PLD3;PGLS;S100A8;CD14;S100A9;GMFG;SLC16A3;S100A6;PGD;TGFB1;CTSZ;IFI27L2;GM2A;PRR13;GNAI2;IL1RN;GLIPR2;OSCAR;CLEC12A;RILPL2;PGAM1;BST1;SPG21;LRP3;RNF130;VNN1;TNNT1;SLC11A1;TOM1;ANXA5;HLX;POLE4;PTGS2;PDXK;JUND;SRGN;IGSF6;CAPG;NCF1;STX11;RASSF4;PLAUR;ADAP1;SFT2D1;TREM1;CMTM2;SMARCD3;NAGA;EMILIN2;SPTSSA;NCF4;OAF;HEBP2;TNFSF13B;S100A4;ZNF467;PLPPR2;LILRB3;SNX10;NCF2;SERPINB1;CLEC4E;FPR1;MBOAT7;FBP1;CASP1;PHC2;ZYX;LY96;PTAFR;APBB3;ASGR2;CLEC5A;FPR2;IL10RB;NDUFB5;PYGL;ATP5F1E;AQP9;CACNA2D4;ARL8A;ITGAM;SIGLEC14;MGST1;ANXA1;RGS2;NFAM1;SCPEP1;CARS2;CDA;SRD5A1;CD55;S100A10;CD44;CKAP4;C1orf162;GLIPR1;DOK3;MS4A6A;RBP7;ALOX5;ALDH3B1;CORO1C;DUSP1;CTSH;LY86;CD33;ABRACL",-1.6354574521096652,2.9269456706081685e-6,TRUE,
"CUI_DEVELOPING_HEART_C9_B_T_CELL",152,-0.4841226593794941,-2.077239083364681,1.2484464906802423e-8,7.813553036498758e-8,"HCST;PLAAT4;PSMB9;IL32;NKG7;GZMA;ISG15;ARPC1B;IRF1;DEDD2;CCL5;TAPBP;NFKBIA;CD3D;RAC2;TUBA4A;CLEC2B;CD7;HLA-C;CTSW;IFITM2;PRF1;HLA-F;ISG20;IFITM1;CD48;LCK;HLA-A;HLA-E;RNF166;CORO1A;ARHGAP45;CD52;GMFG;SEPTIN1;CD247;KLRD1;LIMD2;FCER1G;LAPTM5;HLA-B;ADGRE5;FXYD5;DUSP2;CXCR4;CCND3;SRGN;TBC1D10C;ARHGAP9;DNAJB1;ITGB2;CD3E;JUNB;BTG1;LTB;ZAP70;CD53;ARHGDIB;RHOH;LSP1",-1.9165469112608946,5.499120526401539e-6,TRUE,
"AIZARANI_LIVER_C3_NK_NKT_CELLS_2",159,-0.47210877281620056,-2.031297092007617,1.6943249047406156e-8,1.0513503255057154e-7,"RPL18A;RPS14;RPL28;RPL18;IL32;RPLP2;RPS10;RPS2;RPL13;GZMA;RPS15A;RPS3;RPS18;RPL27;RPLP1;RPS29;RPSA;RPL37;CD3D;RPL17;RAC2;TOMM7;RPL10A;RPS19;PRF1;HLA-F;RPL13A;RPL27A;CD48;RPL23A;LCK;RPS26;RPL34;RPS12;CORO1A;CD52;RPL10;RPL35A;CD8A;GBP5;TRBC2;RPS3A;RPL19;RPL41;LAPTM5;HLA-B;ADGRE5;PCED1B-AS1;RPL30;DUSP2;CXCR4;SIRPG;TRBC1;TMSB4X;CD3E;RPS27A;JUNB;TRAC;CXCR6;BTG1;S100A4;B2M;LTB;RPL32;CD53;ARHGDIB;RHOH",-1.857302729744049,1.4095753980700269e-5,TRUE,
"AIZARANI_LIVER_C9_LSECS_1",293,0.32231394171162053,1.8349085915752243,1.9838041593007848e-8,1.2205439149596352e-7,"EIF4G3;DENND4C;TANC1;JMJD1C;KLF7;PTPRB;CHD7;AFF1;AFF4;ANKS1A;ASAP1;RASAL2;MACF1;PHACTR2;LUZP1;GARRE1;EPAS1;PRKD3;CRIM1;HERC1;AHCTF1;MTCL2;KDR;GOLGB1;RAPGEF5;MYO10;KCTD20;PREX2;MYO6;UACA;LIFR;CUL4B;TOP1;ZEB1;DOCK9;PLEKHG1;SREK1;ARGLU1;EPB41L2;DDX21;ITGA9;ARHGEF7;ANKRD11;SASH1;DAAM1;ARHGAP26;ZNF462;APOLD1;PLXNA2;HIPK2;PRKAR1A;NID1;TMOD3;FLT1;RPGR;TCF4;FILIP1;RBMS1;CDH13;ADGRF5;CAVIN2;PIEZO2;ADGRL2;MAP1B;DLC1;PLPP3;MARCKS;CDC42BPB;EDN1;MEG3;WSB1;AKAP12;COL4A1;CCDC50;CD93;ZNF160;SNRK;PRSS23;MEF2C;IL1R1;CEMIP2;MYCT1;LDB2;EMP1;SOX7;LIMA1;PELI1;RELN;PCDH17;RDX;DYNC2I1;F2R;NOSTRIN;IL6ST;TCIM;ERG;ADAMTS9;TACC1;MCF2L;FCHSD2;COL4A2;YES1;TSPAN18;FAM107A;NR5A2;BSDC1;PHF10;S1PR1",2.1576529711710437,2.256504147225825e-12,TRUE,
"BUSSLINGER_GASTRIC_REG3A_POSITIVE_CELLS",42,-0.6727998780563628,-2.3314837313772196,2.255582828010754e-8,1.376095069862023e-7,"REG1A;WARS1;HLA-DMA;TMSB10;PSME2;CD74;HLA-DRB1;HLA-DPB1;HLA-DQB1;CXCL10;TYROBP;HLA-DRA;IFITM3;VNN2;IFI27;HLA-DPA1;HLA-A;CXCL11;CXCL9;HLA-B;CXCL3;HLA-DQA1;HSPA8;LCN2;B2M;SOD2;IFI30;CXCL2;STAT1;REG3A;BIRC3;SAT1",-2.1770057811543775,4.652982089604404e-6,TRUE,
"DESCARTES_MAIN_FETAL_CORNEAL_AND_CONJUNCTIVAL_EPITHELIAL_CELLS",230,-0.42585546986153516,-1.8874260595875698,2.5789960364981205e-8,1.560292602081363e-7,"TMEM258;AGTRAP;PLAAT4;PUSL1;FIBP;TMEM11;COMMD4;TMEM125;RARRES1;PSME2;CNFN;BNIP1;GPR108;EMC4;CTU2;CX3CL1;CXCL8;NXT1;NR2F6;VNN2;NHP2;TMEM191A;KDF1;ABHD11;HCAR2;ZDHHC12;MESP1;CHMP2A;TIMM29;NKX3-1;ZNF576;RAB1B;METTL17;NFKBIB;ZG16B;SAA1;RAB25;S100A8;CRB3;U2AF1L4;S100A9;ATP13A1;SYNGR2;HMGN2P5;GABRP;ADCK2;SPINT2;COPG1;SLPI;RNPEPL1;QARS1;TMEM216;OAZ3;CXCL1;SLC35C1;RPL12P4;DMAP1;SPCS1;PHKG2;SRD5A3;C19orf73;NIF3L1;MIER2;PRRT3;FAM83A;LINC02361;BATF;APOBEC3F;MRPL13;FBXL6;CDKN2A;GJB2;GTF2H5;LYSET;LCN2;TACSTD2;B3GALT4;SERPINB1;CLDN4;NUP85;BAG1;NACA3P;RFT1;SEH1L;SDR16C5;LIPT2;PRSS22;VPS37C;H2AJ;DNAJC19;LRP10;RHOV;EXO5;MIS12;METTL13;APOBEC3A;SKP1;CD2BP2;RPL37P6;A4GALT;TRIM22;ALOX5;IRF5;PEX11B;OTX1;ALG1L1P",-1.8973201487321907,6.733509891287816e-8,TRUE,
"HE_LIM_SUN_FETAL_LUNG_C2_CXCL9_POS_MACROPHAGE_CELL",121,-0.49829653095259296,-2.088728761448532,2.9198787837044193e-8,1.7519272702226515e-7,"IDO1;PLAAT4;VAMP5;FBXO6;HAPLN3;MT2A;IL32;SOCS1;JMJD4;SECTM1;CXCL10;METTL1;CD274;GBP4;IL4I1;IFI35;TAP1;ETV7;APOL2;HLA-F;ISG20;VPS9D1;IFITM1;RNF19B;TNFRSF4;SLC2A6;APOL3;NECTIN2;IFI6;GBP1;CXCL11;CCL8;IL15RA;CXCL9;GBP5;IL1RN;TRAFD1;IFIT3;XKR8;FFAR2;TIFA;GPR84;BATF;MX1;PARP12;GBP2;SLAMF8;SERPINB9;TRIM69;FAS;CLEC4E;CD40;GCH1;STAT1;IKBKE;LGALS3BP;TAP2;NLRC5;BIRC3;PARP9;CD80;APOBEC3A;DRAM1;PTGIR;OAS2;IFIT2;UST;OASL;IRF9",-1.8929384200633865,1.667835016130373e-5,TRUE,
"MANNO_MIDBRAIN_NEUROTYPES_HDA2",356,0.30156281948969743,1.740082799392378,3.0499098761663467e-8,1.8149463689317766e-7,"DOP1A;FNBP1L;BICRAL;ZFHX3;TACC2;PBX1;PRKACB;EPB41L4B;SH3PXD2A;SHANK2;ATP9A;ANK3;HOOK1;DNM3;PTPN3;PCDHB4;PGM2L1;REV3L;PIK3R1;MYCBP2;PRKCA;CGN;ROBO2;PLXNA4;GPRASP1;RUFY3;KIAA1549;CSRNP3;SHROOM2;CEP126;GARNL3;GRIK3;SYT7;MYRIP;SHTN1;NMNAT2;SCN3A;SEMA6D;FHOD3;CORO2A;EPB41L1;RCAN2;ENTREP2;FRY;NRXN3;NCAM1;CHL1;CAMK2N1;CSMD2;PLEKHA6;USP49;SERINC1;ZNFX1;PDP1;SCN8A;IKZF4;CDH13;STXBP5;DNAJC6;MAP1B;KCNN3;ENPP4;LRRC49;NEDD4L;KIF21B;MCC;DLG2;MEG3;AK5;KLHL29;GNAO1;RBFOX2;PDE11A;NLN;CPEB3;ARHGAP28;CMIP;CADPS;CNTN4;GFRA1;LRRC37A3;TMEM132B;GPRIN3;TMOD2;GNPTAB;NPY1R;VWA5A;PAPPA;ENOX1;NFASC;PCDH17;BTBD1;CXADR;HERC2P2;NRXN2;POU6F1;ZNF697;DOK6;XPR1;DPYSL3;TAC1;RETREG1;ASXL3;NALF1;NSG1;REEP1;TMEM35A;SHISAL1;CACNA1E;GOLGA8B;SLC18A2;TMEM178B;ZNF813;DMTN;SPIN4;NAP1L3;SOX6;CDKL2;MAP7D2;GNAL;ANKH;NAPB;SLC22A15;CACNG4;MTURN;GABRA2;APBA1;BNC2;ROBO1;SCAMP1;RAB9B;CDK5R1;CHMP2B;ANKRD44",1.759215442623984,9.170530543059422e-8,TRUE,
"HE_LIM_SUN_FETAL_LUNG_C2_PROMONOCYTE_LIKE_CELL",271,-0.4095246809413169,-1.8368408006272134,3.692151683481555e-8,2.1629015129260155e-7,"SNRNP25;CENPM;ANAPC15;SAC3D1;DYNC2I2;AURKB;GCHFR;NCAPH2;TK1;ACOT7;TEDC1;NKG7;SAP30;H2AX;NRGN;CDC20;CDT1;CDC45;ALYREF;PXMP2;NT5DC2;CDCA4;MT1X;PKMYT1;PLK1;MCEMP1;CARHSP1;SPC24;PAQR4;CENPW;C19orf48P;NRM;TUBA4A;S100P;TYMS;CKS1B;MCM7;BCL2L12;PRC1;POC1A;CHTF18;DTYMK;MXD3;CITED4;FEN1;PCNA;ASF1B;GRK6;TMEM106C;RANGAP1;BIRC5;CLEC11A;CCNB1;CDCA3;CDCA8;UBE2S;PSRC1;CCNF;CCNB2;KIF22;DNAJC9;CHAF1A;HIRIP3;PTTG1;CDKN3;RECQL4;UBE2T;BST1;PDSS1;RFC5;MCM2;TNNT1;GINS2;IGFBP7;DDB2;PDXK;KIFC1;ASRGL1;UHRF1;ORC1;TROAP;KIF2C;OAF;PHF19;KNSTRN;HEBP2;RPL39L;RMI2;SLC2A4RG;NUCB2;CD2;LIG1;CENPN;MCM3;MTFR2;UPK3A;ASGR2;MIS18A;CDCA5;ACAP3;LRG1;ZWINT;NLRC5;RFC4;PCLAF;ARMH1;RNF26;MGST1;MYBL2;SERPINB8;GMNN;C12orf75;CENPH;CDA;LRR1;MAD2L1;CKAP4;CCNA2;ARHGEF39;CENPA;VRK1;CDC25B;SAPCD2;MCM4",-1.9207618878131942,1.491173487110501e-8,TRUE,
"MENON_FETAL_KIDNEY_8_CONNECTING_TUBULE_CELLS",251,-0.419322392271488,-1.8703363619945506,3.694211950452148e-8,2.1629015129260155e-7,"POLR2L;UQCR10;COX8A;NDUFB10;ATP5ME;SERF2;COX6A1;ATP6V0B;NDUFA6;NDUFA13;NDUFA2;COX4I1;NDUFB7;UQCR11;ECI1;CYC1;LAMTOR5;SOD1;ETFB;S100A13;CHCHD10;OST4;LMAN2;UQCRQ;ATP5MG;FKBP2;NDUFA3;ROMO1;ATP6V1F;COX5B;NOP10;NDUFB1;COX7B;COPS9;HIGD2A;COX7A2;NPC2;COX6B1;ATP5IF1;NDUFC1;MICOS13;ATP6V0E1;NDUFB9;COA3;COPS6;VAMP8;SLC25A5;COX5A;PLEKHJ1;ATP5F1B;NDUFB2;ZNHIT1;ATP5F1A;RPL36AL;ATP5MC1;COX7C;NDUFA1;CYB5A;LRPAP1;ATP5MC3;CHMP2A;AIF1L;MRPS18B;MPC1;TSTD1;SEC61G;MUC1;PFKL;S100A6;ATP5PD;PRMT2;PEBP1;KRT8;UQCRFS1;COX6C;NDUFA4;KRT19;MGST3",-1.9004339770236742,6.471431160357584e-8,TRUE,
"FAN_OVARY_CL9_PUTATIVE_APOPTOTIC_ENDOTHELIAL_CELL",365,-0.3813312024167024,-1.7457233436464783,4.492873962657517e-8,2.609461197511486e-7,"POLR2L;GPX1;ATP6V0B;EIF5A;TRIR;C1QBP;PSMB8;UBB;NME1;SNU13;HLA-DMA;NUPR1;TUBB4B;MT2A;NOP10;GNG5;PSME2;CCDC85B;MRPL14;CD74;HLA-DRB1;DDX39A;EIF3I;ISG15;ENO1;ARPC1B;SLIRP;PNP;S100A16;PIM3;IRF1;SNRPB;AHSA1;HLA-DRB5;CALR;NOP16;SERTAD1;IFITM3;PRDX1;IRF7;HSPE1;CHIC2;MGAT1;NFKBIA;CFL1;CARHSP1;IFI27;ZNHIT1;TAP1;CDC37;CEBPD;CLEC2B;HLA-C;CYTOR;LMNA;NANS;IFITM2;NNMT;RHOC;FLOT1;TAGLN2;IFITM1;NUDC;MAX;HLA-A;SSU72;ARPC5L;HSPB1;KRT18;NECTIN2;ANXA2;RBM8A;HMGA1;LDHA;HLA-E;PSMA7;RAB5C;IFI6;LAP3;ICAM1;GBP1;FKBP4;YBX3;TUBA1C;BAG3;EFNA1;UBC;SNHG7;NAPA;DNAJA1;HNRNPF;TMEM70;ELOC;MYL12A;BACE2;TNFRSF12A;HLA-B;WTAP;ARHGDIA;FXYD5;IFIT3;STING1;ANXA5;PGK1;SNX3;TMEM165;HLX;PDLIM1;IGFBP7;GRPEL1;PLEKHO1;ATF4;MRPL32;MAP2K3;RNPS1;CRIP2;HSPA2;MX1;CAV2;TUBB6;NPDC1;GABARAPL2;BTG1;GBP2;B2M;HNRNPM;SOD2;TPT1;TNFRSF1A;MTHFD2;CNIH1",-1.5890530780890222,4.8853123548597515e-5,TRUE,
"FAN_OVARY_CL2_PUTATIVE_EARLY_ATRETIC_FOLLICLE_THECAL_CELL_1",98,-0.5279822798079508,-2.136899554459019,4.922980495929048e-8,2.8365744762257847e-7,"C12orf57;TMEM258;OST4;RPS15;SNRPD2;RPS8;RPL26;RPL36;RPS15A;RPS18;RPS23;RPS13;SELENOM;LGALS1;RPLP1;IFITM3;RPL37;RPL17;TOMM7;CEBPD;CYB5A;MDK;APOE;BST2;RPL23A;SNHG32;DDIT4;RPL38;RPL34;RPL35A;S100A6;RPL41;PEBP1;COX6C;RPL30;RPL31;RARRES2;RPL12;JUNB;HMGN2;RPL24;RPL32;RPL11",-2.0774687873909348,2.0292851017154293e-6,TRUE,
"FAN_OVARY_CL17_PUTATIVE_APOPTOTIC_SMOOTH_MUSCLE_CELL",229,-0.4234661464844918,-1.8768667502247292,5.907036149697445e-8,3.376778145417594e-7,"FAU;MYL6;ATG101;SOD1;TUBB4B;MT2A;H2AZ1;RAN;ISG15;HES4;SELENOM;EIF4A3;AHSA1;LGALS1;CALR;NOP16;SLC25A5;NDUFA4L2;IFITM3;PRDX1;TUBA1B;RASSF1;HSPE1;CD151;MRPL18;SELENOK;RPL36AL;MRTO4;CD63;TSSC4;CYTOR;LMNA;CYSTM1;GLA;DUSP14;YBX1;SLC25A3;NUDC;CTSL;HSPB1;SOD3;LDHA;PHLDA2;UBE2S;C11orf96;ILF2;SERPINH1;FKBP4;YBX3;TUBA1C;BAG3;EEF2;SELENOS;EIF1;HNRNPF;TNFRSF12A;CSRP2;NR1H2;CCT3;CCT5;ISYNA1;STIP1;TMEM165;IGFBP7;PKIG;PLEKHO1;ATF4;MRPL32;MAP2K3;HSPA8;DNAJB1;HSPA2;MRPS6;TINAGL1;GPX3;HNRNPM;GADD45B;TNFRSF1A;CALM2;XBP1;MTHFD2;BAG1;RAD23A;GJA4;CACYBP;MFGE8;DEGS1",-1.7274400723593382,2.6864476650168915e-5,TRUE,
"SU_HO_FOETAL_FEMUR_C5_ENDOTHELIAL_CELL",403,0.2917335975760972,1.6821164277551945,6.79557349158515e-8,3.854364339758452e-7,"BAZ2B;NCOA3;DENND11;CTTNBP2NL;AFDN;FNBP1L;PTPRB;TGFBR2;SOS1;ELF1;ZBTB38;MAST4;RASAL2;EDNRB;LUZP1;NRIP1;MAGI1;KIAA1671;SVIL;GARRE1;RANBP2;PEAK1;EPAS1;PDE8A;ARL15;KDR;ITGA2;VPS13A;CD2AP;RAPGEF5;SKIL;ITPRID2;HIVEP2;NEURL1B;ADAM17;KAT6A;PREX2;PLCB1;MPDZ;MECOM;MEF2A;CFLAR;TJP1;EZH1;ZEB1;VPS8;DOCK9;STAU2;PLEKHG1;SNX25;PHF6;TNXB;ARHGAP26;ZSWIM6;ELK4;NID1;TMOD3;EMCN;RESF1;FLT1;GASK1B;SHE;TCF4;FHIP2A;SLC12A2;GABRE;PPARG;LYST;COL21A1;HDGFL3;MIDEAS;QPCT;LRRFIP1;SLC39A10;CDH13;GNAQ;ADGRF5;CAVIN2;TEK;CARD8;UTRN;ADGRL2;MAP1B;PTPRG;KCNN3;KALRN;FGD4;SPTBN1;CDC42BPB;HEG1;SPTAN1;BMP2K;AKAP12;FAM91A1;YWHAB;DCHS1;CD93;EXOC2;MFSD6;CMIP;SNRK;LRCH1;KLF6;INPP5D;SIPA1L2;ATP8A1;KLF13;MYCT1;SKAP2;LDB2;PRXL2A;JAM3;EMP1;ITPKB;EXOC5;PTPRM;CREB5;SOX7;JAM2",1.8641688316325384,5.237433236117311e-10,TRUE,
"TRAVAGLINI_LUNG_DIFFERENTIATING_BASAL_CELL",140,-0.4788443208865735,-2.035926906163203,7.892625869060019e-8,4.4418964193314526e-7,"AKR1A1;GAPDH;UQCRC1;TUFM;PPP1CA;NUDT8;TPI1;PAFAH1B3;PYCARD;TSPO;NDUFV1;PSMC5;EIF3F;ETHE1;S100A16;HES4;TRIM7;ZFYVE21;RPSA;GSTP1;TLE5;CTSD;UQCRH;AP2M1;HS3ST1;NDUFA8;HCAR2;MDK;CLEC2B;MLF2;RHOC;RPL13A;RPL3;KRT17;DDIT4;LMO4;PITX1;ASS1;MDH2;AGR2;BBLN;SNCG;RPS4X;CAPN1;EEF1A1;PGAM1;CXCL1;KRT19;POLD4;PDHB;CTSB;KLK11;SERPINB5;TACSTD2;CTSC;CD82;BAG1;ADORA2B;GLTP;WFDC2;ERN2;CMTM7;IFI16;DHRS3;ATP1B3;SYNGR1;ANXA1;RIPK4;AQP3;S100A2;SYTL1;A4GALT;TNFSF10;NHERF1;LYPD6B",-2.078658804647851,9.347246645151066e-8,TRUE,
"RUBENSTEIN_SKELETAL_MUSCLE_FBN1_FAP_CELLS",283,-0.40856266689594567,-1.8422250000832716,7.97395805637597e-8,4.453148883791503e-7,"BLOC1S1;NAA38;POLR2L;SERF2;MYDGF;TMEM258;ALDOA;OAZ1;SOD1;S100A13;OST4;DYNLT1;VKORC1;TIMM13;HSD3B7;TYMP;NUPR1;GPX4;PHPT1;CAVIN3;CST3;NDUFB1;RPLP0;HSBP1;FTH1;PKM;ENO1;GSTO1;ATP6V0E1;SELENOM;SEC61B;TUBA1B;CRIP1;HSPE1;MTCH1;TUBB;MT1E;TIMP1;RPL36AL;RNH1;CD63;CKS1B;CYTOR;LMNA;CDK4;EMP3;MRPL51;PLA2G2A;KRT10;SH3BGRL3;TMEM106C;MPC1;IGFBP6;ACTG1;RNF7;ANXA2;TAF9;LDHA;SEC61G;DGUOK;FABP3;YBX3;S100A6;SELENOS;ATP5PD;EIF1;CLIC1;ITGB1BP1;CSTB;HNRNPF;TNFAIP2;SLPI;OSTC;PPIC;GLIPR2;TPPP3;GYPC;PROCR;ADI1;COX6C;OSR2;S100A11;ANXA5;JUND;LOXL1;MRPS6;GTF2H5;TUBA1A;GPX3;DBN1;SSR3;S100A4;TMEM109;SVBP;TPT1;LSP1;C17orf58;PSAP;ZYX;PMP22",-1.7851246790621595,3.304028969653255e-6,TRUE,
"FAN_EMBRYONIC_CTX_NSC_2",229,-0.4212766433467723,-1.867162537331175,8.104965034301096e-8,4.491759248017248e-7,"COX8A;CENPM;NOSIP;DCTN3;EMC9;WDR54;RUVBL2;AURKB;CBR3;TUBB4B;H2AZ1;NUDT1;PSME2;TK1;RAN;CNIH4;DDX39A;MED19;H2AX;CDC20;LGALS1;PLK1;DCXR;RASSF1;CALM3;CKS2;CENPW;TUBG1;NRM;CKS1B;PRC1;POC1A;DTYMK;PIMREG;MXD3;ASF1B;MRPL51;TRAIP;BUB3;RANGAP1;LDHA;BIRC5;CCNB1;CDCA3;CDCA8;REEP4;UBE2S;PSRC1;ILF2;MKKS;TUBA1C;JPT1;FAM110A;CCNF;CCNB2;CLIC1;KIF22;HIRIP3;PTTG1;CDKN3;AAMDC;UBE2T;H2AZ2;PIF1;RARRES2;KIFC1;NMU;TACC3;TUBB6;TROAP;VRK3;KIF2C;PHF19;KNSTRN;PLIN3;RPL39L;OIP5;CDKN2C;HMGB2;JADE1;SKA1;CENPN;VDAC3",-1.882037923395584,2.345800821683695e-7,TRUE,
"MANNO_MIDBRAIN_NEUROTYPES_HRN",241,0.32930848055243617,1.8367320817679256,8.308006501700016e-8,4.569403575935009e-7,"BICRAL;ZFHX3;CERS6;ZNF91;SHANK2;ANK3;SEMA3C;HOOK1;DNM3;EPB41;PGM2L1;HUNK;TBC1D2B;RAPGEF5;SLC38A1;AKAP6;CHML;ROBO2;SOX4;FNIP2;SYT7;PCDHGC3;KIF3A;NMNAT2;AUTS2;SCN3A;FHOD3;EPB41L1;THSD7A;FAM117B;NCAM1;RUNX1T1;PLEKHA6;USP49;KCNH8;NLGN4X;GPR155;MAP1B;ESRRG;LRRC49;NEDD4L;KIF21B;ENC1;FOXP2;RBFOX2;XIST;PDE11A;CPEB3;RAB3IP;NOVA1;SCARA5;CADPS;CNTN4;GRIP1;ZBTB6;ZNF124;TSC1;TRHDE;TMEM132B;LPGAT1;PAPPA;ENOX1;CDC42EP3;NFASC;ACSL6;TES;RELN;MAP6;ANK2;CXADR;GREM2;ZNF697;DOK6;RND3;DPYSL3;ASXL3;EDIL3;VASH2;ARFGEF3;MCF2L;NSG1;ZBED4;KIF3C;TMEM35A;ISLR2;GOLGA8B;RSBN1;YWHAG;CHGA;MAP7D2;ZFHX4;ACVR1B;NAPB;SLC22A15;ATL1;RAB9B;KCNA3;CDK5R1;ANKRD44;BCL11A",1.8675746623369889,1.6490731645000014e-7,TRUE,
"DESCARTES_FETAL_HEART_MYELOID_CELLS",114,-0.5067508682535894,-2.1097646166019315,9.628565297220003e-8,5.255893538181746e-7,"CD74;HLA-DRB1;TYROBP;WFDC21P;HLA-DRA;LGMN;HLA-DRB5;HLA-DMB;SOWAHD;CIITA;HLA-DRB6;C1QC;HLA-DPA1;C1QB;C1QA;S100A8;SPNS3;P2RY6;CD14;TREM2;CD300LF;IL1RN;SPI1;SPP1;OSCAR;SLC38A6;HK3;SLC11A1;LYZ;IGSF6;HLA-DQA1;LILRB4;PILRA;VSIG4;LRRC25;HCK;SLAMF8;LILRB3;NCF2;LINC01094;MS4A4A;FPR1;PDCD1LG2;UPK3A;CD86;CLEC5A;HLA-DQA2;IL1R2;SIGLEC14;NFAM1;MARCO;ITGAX;ANO7L1;C5AR1;C19orf38;MMP9;MS4A6A;ACP3;LILRB1;IRF8;EBI3;CSF2RA;SIRPB1;TLR8;PLA2G7;SLC37A2;C3AR1;SIGLEC1;FGD2;SCIMP;ADAM28;FCN1;CLEC7A;TLR2;MS4A7;CCR1",-1.8396372815938478,1.8694595249358741e-4,TRUE,
"DESCARTES_FETAL_EYE_CORNEAL_AND_CONJUNCTIVAL_EPITHELIAL_CELLS",212,-0.4261137348050987,-1.8766323539856964,1.1235785816287661e-7,6.087448136287195e-7,"NDUFA2;AGTRAP;PLAAT4;GFUS;KRT7;LY6E;RARRES1;SMIM22;GPR108;SECTM1;STARD10;WFDC21P;CP;VAMP8;CX3CL1;CXCL8;NR2F6;CRIP1;SFN;NHP2;TMEM191A;NFKBIA;RASSF7;ABHD11;ZDHHC12;S100P;NANS;CHMP2A;CLDN7;BSPRY;TMEM54;CLDN3;PLA2G2A;KRT18;TSTD1;ASS1;RAB25;AGR2;BIK;S100A8;MUC1;S100A9;IRF2BP1;STAP2;S100A6;GABRP;SPINT2;IL1RN;SLPI;RNPEPL1;CLIC3;KRT8;CXCL1;SLC35C1;KRT19;FAM83A;SYT8;ADRB1;JUNB;PPDPF;CDKN2A;GJB2;LYPD3;LCN2;HEBP2;SERINC2;TFF3;TACSTD2;GADD45B;SERPINB1;CD82;CYB561;CLDN4;CFB;MUC5B;SDR16C5;KRT15;WNT4;WFDC2;PRSS22;H2AJ;MAFF;RHOV;HOPX;MGST1;ANXA1;ST14;AQP3;CD55;APOBEC3A;TRIM29;SERPINA1;SYTL1;A4GALT;NHERF1;FXYD3;IER2;CD9;PKP1;ITPKC;EPS8L2;EPS8L1;CLCF1;MUC4;IER3IP1;GCNT3;MSLN;FAM3D;IER3;TSPAN1;AGR3;MHENCR;ERBB2;FAM83H;PRSS8;TJP3",-1.9167289467818762,2.151714407117877e-7,TRUE,
"CUI_DEVELOPING_HEART_TRABECULAR_ATRIAL_CARDIOMYOCYTE",175,0.3709595880825523,1.9697099989796012,1.1583336272503302e-7,6.229260839879555e-7,"KIDINS220;BLTP1;ANKRD26;ZNF827;BMPR2;AKAP9;RNPC3;DSP;DST;PTPRK;PLEKHA5;MACF1;ATP13A3;MYSM1;TMEM245;SVIL;KTN1;TCERG1;NES;PRKDC;SLC38A1;LUC7L3;ABCC5;FAT1;ITGA6;DMD;FBN2;COL4A6;DDX17;LTBP1;GOLIM4;MARCHF6;SLC11A2;LNPK;ITGB1;PKN2;LMO7;TLCD4;CCNL1;NCAM1;SUCO;AGL;NFE2L1;VCL;MFSD11;ADGRL2;IGF2BP2;SPTBN1;WSB1;HEG1;SPTAN1;SLC8A1;PARM1;HEPH;TTN;ATP1A1;TM9SF2;FREM2;PLOD2;RELN;EPRS1;CXADR;ANGPT1;HERC2P2;SLC20A2;LAMP2;CD164",2.0073527416685377,3.670274556250515e-7,TRUE,
"DESCARTES_FETAL_STOMACH_MYELOID_CELLS",72,-0.5731016171075868,-2.2010262763925272,1.3330260777431945e-7,7.116006856187935e-7,"IDO1;HLA-DMA;CST3;CD74;HLA-DRB1;HLA-DPB1;HLA-DQB1;TYROBP;HLA-DRA;HLA-DRB5;HLA-DMB;CIITA;HLA-DRB6;C1QC;CD300A;HLA-DPA1;C1QB;C1QA;S100A8;CD14;SPI1;FCER1G;PIK3AP1;RILPL2;IL1B;IGSF6;HLA-DQA1;CPVL;PLAUR;PLEK;HCK;NCF2;TRPM2;PTAFR;CD83;IFI30;CD86;NFAM1;ITGAX;MYO1F;MMP9;MS4A6A;ALOX5;ADAP2;LY86;IRF8",-1.959371513786515,9.160319126289205e-5,TRUE,
"DURANTE_ADULT_OLFACTORY_NEUROEPITHELIUM_RESPIRATORY_CILIATED_CELLS",108,-0.5017873967029861,-2.0650136798300536,1.4195855774760416e-7,7.522767366770848e-7,"POLR2I;DNPH1;DYNLL1;DYNLT1;WDR54;B9D1;DPCD;CIMAP1B;TUBB4B;SMIM22;CIB1;PIERCE1;HSBP1;ATP5IF1;PRDX1;CRIP1;SPMIP6;RRAD;CYSTM1;MUC5AC;NUDC;TSTD1;KIF9;ZMYND10;ARL3;RSPH1;TPPP3;PSENEN;MORN2;ALDH3A1;DYNLT2B;UFC1;CCDC74A;TUBA1A;RSPH9;FAM229B;TFF3;CFAP45;DNALI1;NUCB2;EZR;PRDX5;DPY30;FAM174A;C12orf75;CD59;CFAP298;DMKN;TXN;FXYD3;CAPS;CCDC78;ALDH3B1;GSTA1;SPA17;CETN2;LRRC46;CFAP53;IFT172;LRRC23;FABP6",-2.034868380659663,1.6331794208209219e-6,TRUE,
"DURANTE_ADULT_OLFACTORY_NEUROEPITHELIUM_CD8_T_CELLS",71,-0.5636702732178822,-2.1532004971243746,1.6310716627026892e-7,8.580855269001105e-7,"HCST;IL32;CCL4;NKG7;GZMA;CCL5;CCL4L2;CD3D;LINC01871;RAC2;CD7;CTSW;CD48;LCK;SH3BGRL3;GZMM;CORO1A;CD52;GMFG;CD8A;TRBC2;LAPTM5;DUSP2;CXCR4;TRBC1;TMSB4X;ALOX5AP;TBC1D10C;CD3E;TRGC2;TRAC;CXCR6;BTG1;ARHGDIB;LSP1;CD2",-2.022175555739541,1.669579772496885e-5,TRUE,
"GAUTAM_EYE_CHOROID_SCLERA_CHOROID_ENDOTHELIAL_CELLS",139,-0.46698542184058434,-1.9838091624722936,2.1788558822703766e-7,1.1380211298764701e-6,"PFN1;ATP5ME;FAU;RPS19BP1;RPL18;RPS16;PPIB;EIF3K;LSM4;H2AZ1;GNG5;RPS10;EIF4EBP1;RPS9;RPS11;NDUFC1;ARPC1B;TMEM179B;SIGIRR;RNF122;CALR;CX3CL1;RPL7A;SPR;SELENOK;CFL1;NNMT;RPL13A;RPL23A;NUDC;SH3BGRL3;ACTG1;RPS26;PPIA;RBM8A;RPS12;PSMB8-AS1;BAG3;BEX5;RPS3A;RPL19;EEF1A1;PKN3;PROCR;SPG21;RPL30;MGST3;FLOT2;RPL12;COX16;HID1;DNAJB1;FKBP1C;RPL24;EEF1D;SOD2;FUS;NACA;BTNL9",-1.9423285404058963,3.50214720136935e-6,TRUE,
"TRAVAGLINI_LUNG_CD8_NAIVE_T_CELL",141,-0.46659828487020566,-1.9836775487511356,2.4683203336053027e-7,1.280000401569607e-6,"PFN1;HCST;PLAAT4;GNLY;IL32;NKG7;GZMH;GZMA;RPS3;LAG3;SIGIRR;APOBEC3G;IL12RB1;ABHD17A;CCL5;PLEKHF1;TLE5;CD3D;CHST12;TUBA4A;CD7;CTSW;PRF1;HLA-F;ISG20;IFITM1;RPL27A;RPL23A;LCK;HLA-A;ARPC5L;GZMM;S1PR4;TBX21;SEPTIN1;CD8A;KLF2;MYO1G;KLRD1;MYL12A;TPST2;HLA-B;CRTAM;SSBP4;GFI1;SLA2;CCND3;TBC1D10C;ITGB2;CD3E;MATK;SH2D2A;B2M;ZAP70;RASAL3;LSP1;TSEN54;CD2",-1.8926774336636751,1.4870410837310373e-5,TRUE,
"SU_HO_FOETAL_FEMUR_C2_HYPERTROPHIC_CHONDROCYTE",338,-0.3801578596735382,-1.7329747167958225,2.8880673402618037e-7,1.487047439028418e-6,"NDUFA11;ATP5MF;COX6A1;MYDGF;UFD1;NDUFB8;PSMB3;RNF181;NDUFB7;UQCR11;YIF1A;OAZ1;ORMDL2;MEA1;UQCRQ;PCBP1;TXNDC17;KLHDC3;NUPR1;ROMO1;SSR4;RER1;TMEM101;HLA-DRB1;RNF126;HAGH;SLIRP;PIM3;SLC25A1;NDUFAB1;LGMN;ZFYVE21;TALDO1;TMED3;CCDC107;RPSA;CLTB;CHCHD2;RELT;S100P;CYSTM1;ENO2;TAF10;TRIB2;ZFAND2A;JOSD2;COX7A1;SH3BGRL3;RHOD;SSU72;PTS;SLC25A4;HSPA6;ASS1;BOLA3;LDHA;AKT1;CITED2;FABP3;COLGALT1;SRP14;HOXC6;CTSZ;UBC;ELOVL1;RCOR2;KLF2;MVD;PITPNC1;PPIC;TIMP4;TNFRSF12A;CSRP2;CEBPB;MFSD10;CLIC3;NINJ2;AVPI1;AGPAT2;RPL37A;TIFA;ANXA5;P4HB;KDELR3;PLOD3;CD109;MRPS6;RTRAF;PPDPF;MELTF;PDLIM4;ATP5MK;WDR1;SSR3;TSC22D4;TSPAN13;XBP1;MTHFD2;RHOA;KDELR2;MFGE8;ARSI;WNT4;PPA1;NIBAN2;LOXL3;FOXA3;KLHL21;EZR;ARLN;SAP18;TMED10;RPS17;NRN1;COPZ2;ATP5F1E;BZW2;ATP1B3;MGST1;DHCR7;SPON2;ERG28;PTGES;TXN;S100A10;SLC6A8;CD44;ALPL;SERPINA1;GYG1;NYAP1;SOX8",-1.6884157541096416,4.652982089604404e-6,TRUE,
"DESCARTES_FETAL_THYMUS_ANTIGEN_PRESENTING_CELLS",159,-0.4511880206933852,-1.9412833803449625,3.328694372560333e-7,1.701853601745635e-6,"IDO1;BATF3;CD74;HLA-DRB1;HLA-DPB1;ADISSP;CXCL10;NFKBIE;TYROBP;HLA-DRA;LGMN;HLA-DRB5;HLA-DMB;ASPHD2;IL4I1;SLC15A3;HLA-DRB6;CYTOR;FSCN1;UNC93B1;HLA-DPA1;C1QB;RYR1;C1QA;KYNU;P2RY6;CD14;SLC16A3;CXCL9;HLA-DQB2;IL1RN;SPI1;FCER1G;LYZ;SRGN;IGSF6;CPVL;RASSF4;PLAUR;PLEK;MIR155HG;HCK;SLAMF8;MMP25;TSPAN13;SLC1A3;LY96;PTAFR;CD83;FGR;ACOXL;CD86;SLC7A7;ARNT2;BIRC3;NFAM1;CD80;ADAM8;MAFB;ITGAX;SLC9A7;MYO1F;MMP9;THEMIS2;MS4A6A;ALOX5;ADAP2;CTSH;LY86;S100B;IRF8;TFEB;GPR132;EBI3;SIGLEC10;CSF2RA;SLAMF7;KCNK13;ACSL1;FGD2;TMEM176B;SAMSN1;KDM2B;TFEC;CLEC7A;TRAF1;TLR2;ARHGAP22;MS4A7;PLCB2;SPINT1;HLA-DOB;ID2;MNDA;IL10RA;CMKLR1;ICOSLG",-1.7641591300543324,1.50715622961001e-4,TRUE,
"ZHONG_PFC_C3_ASTROCYTE",334,0.2869621225676914,1.6423955572286724,4.0030596228205745e-7,2.0323225777396762e-6,"PRDM2;TMEM131;CTTNBP2NL;ATAD2B;AFDN;BPTF;BMPR2;TCAF1;ZNF445;MDN1;UBN2;KMT2A;SH3PXD2A;SYCP2;SHANK2;RPS6KA3;ANK3;SEMA3C;DNM3;AFAP1;PGM2L1;PHACTR4;ANKRD36;SATB2;ZNF573;NOL4L;ZNF780B;SLC38A1;STRBP;ACVR2B;RBM33;ABCC5;ZNF37A;SETX;PCDH19;MCM3AP;USP7;AGO2;PLXNA4;SMARCA2;TBC1D32;SPIN1;SEL1L;RERE;ZFTA;SLC4A7;STOX2;BAZ2A;NLK;DAAM1;PDE1C;SHTN1;AUTS2;PCLO;SCN3A;AGO4;TMEM63C;THRB;RPS6KC1;EPB41L1;LMO7;GEMIN5;FMR1;RESF1;UBE2Q2P1;NCAM1;RUNX1T1;CEP164;PDP1;RHOU;KCTD7;ZNF566;CELF2;LINC00342;GAB2;CDC42BPB;MEG3;ENC1;CNTN3;EPCAM;CNTN4;EDEM3;MEF2C;HEATR5A;NPY1R;SS18L1;IBTK;FLRT2;ZNF611;MAP6;CXADR;NRXN2;POU6F1;EFR3B;XPR1;DPYSL3;ZFP90;SYT1;NBEA;KCNQ1OT1;VASH2;ZDHHC8BP;ARFGEF3;ZNF721;GAS7;CACNA1E;GOLGA8B;SSX2IP;DIP2C;YWHAG;CCDC120;CHGA;CDKL2;PDE7A;GNAL",1.719884221815032,5.006953855616674e-7,TRUE,
"DESCARTES_FETAL_LIVER_MYELOID_CELLS",168,-0.44295667955435797,-1.9160805338400515,4.0864710784102514e-7,2.060262502031835e-6,"IDO1;TYMP;CST3;CALHM6;BATF3;MCOLN1;CXCL10;NFKBIE;TYROBP;LGMN;CXCL8;PLPP2;IL4I1;IFI27;SLC15A3;C1QC;C1QB;C1QA;P2RY6;CXCL9;CD300LF;TNFAIP2;OSCAR;TNFAIP8L2;TMIGD3;IFIT3;HK3;LILRA5;FCGR3A;IGSF6;HLA-DQA1;CPVL;RASSF4;CTSB;LILRB4;PILRA;FOLR2;VSIG4;LRRC25;LILRB3;PELATON;NCF2;DHDH;MS4A4A;FPR1;TBC1D30;HMOX1;CXCR2P1;PDCD1LG2;SIGLEC7;SIGLEC9;CD86;MSR1;SAMHD1;SIGLEC14;NFAM1;PLA2G15;CD80;LILRB2;MARCO;ADGRE1;IGSF21;MAFB;ITGAX;CETP;RNASE6;CFD;IFIT2;C1orf162;TMEM86A;THEMIS2;KCNJ10;ADAP2;SLC29A3;SUCNR1;LILRB1;EBI3;IFNGR1;CSF2RA;SIRPB1;TBX1;TLR8;PLA2G7;SLC37A2;C3AR1;KCNK13;SIGLEC1;LIPA;GAA;FGD2;ME1;TLX1;SCIMP;CARD14;FCN1;CLEC7A;MS4A7;CCR1;FPR3;NLRC4;IL10RA;TNFRSF11A;CMKLR1;CSF1R;CD163",-1.7183290321393943,1.8001111143401717e-4,TRUE,
"FAN_OVARY_CL7_ANGEIOGENIC_ENDOTHELIAL_CELL",249,-0.4010657505452808,-1.7886435609906521,4.376994874508855e-7,2.191516054409261e-6,"GUK1;VAMP5;PSMB8;PSME1;S100A13;HLA-DMA;FIS1;PSMB9;LY6E;DUSP23;MT2A;NOP10;GNG5;NDUFB1;PSME2;TSPO;CCDC85B;CD74;HLA-DRB1;HLA-DPB1;HLA-DQB1;NPC2;ISG15;NDUFC1;ARPC1B;RPS28;S100A16;PIM3;HLA-DRA;TSPAN4;ZFYVE21;HLA-DRB5;TMEM219;ARL2;IFITM3;CD151;IFI27;CDC37;SRSF7;HLA-C;DAD1;IFITM2;NNMT;BST2;RHOC;GRN;TAGLN2;HLA-DPA1;IFITM1;HLA-A;HSPB1;PLK2;ANXA2;HLA-E;IFI6;LAP3;S100A6;SELENOW;EFNA1;UBC;SNHG7;MYL12A;BCAP31;HLA-B;FXYD5;IFIT3;CYB5R3;RAB13;RNASE1;SNX3;PDLIM1;IGFBP7;TMSB4X;CPVL;CRIP2;HSPA2;ISCU;MX1;CAV2;JUNB;NPDC1;GABARAPL2;B2M;PTMS;EGFL7;GADD45B",-1.6725132825805968,3.849298514439106e-5,TRUE,
"HAY_BONE_MARROW_EARLY_ERYTHROBLAST",92,-0.5216510025343094,-2.103358021658604,4.572088830294909e-7,2.2735181443795234e-6,"C1QBP;SELENOH;DNPH1;PRMT1;NME1;TUFM;MRPS26;MRPL52;NPM3;SRM;ECHS1;DMAC1;APOC1;NHP2;CHCHD2;UQCRH;FBL;FSCN1;RRP9;MDH2;DCTPP1;FAM89A;MUC1;AHCY;AK2;CENPV;PEBP1;RPL37A;AIG1;COQ8A;MRPS23;NMU;NMI;PNPO;SDHAF3;ATP5MK;MICOS10;PMP22;MRPS25;PGAP4;PPA1;SLC39A4;FAM136A;MGST2",-2.126338999794608,7.203588894261667e-7,TRUE,
"BUSSLINGER_ESOPHAGEAL_LATE_SUPRABASAL_CELLS",112,-0.49531391333785707,-2.0592726631093603,5.207387790820706e-7,2.571811929344104e-6,"GUK1;TMSB10;CST3;TSPO;ACTB;S100A16;CTNNBIP1;CLTB;TECR;NAGK;TGM1;PDZK1IP1;CITED4;GRN;SH3BGRL3;HSPB1;ANXA2;RAB25;S100A8;S100A9;TUBA1C;DHRS1;IL1RN;CSTB;SLPI;PEPD;FAM162A;CLIC3;S100A14;S100A11;CYSRT1;TMSB4X;P4HB;ALDH3A1;TUBB6;KLK11;PPDPF;KRT6A;GJB2;GPX3;LYPD3;TM7SF2;SOD2;PKP3;SERPINB1;CLDN4;TENT5B;NUCB2;GLTP;FGFBP1;NIBAN2;EZR;ARLN;KRT6B;ANXA1;AQP3;CDA;DMKN;TXN;S100A10;TRIM29;ARPC2",-1.9846201426348404,1.0124444805493079e-5,TRUE,
"TRAVAGLINI_LUNG_NATURAL_KILLER_CELL",123,-0.47522644816756715,-1.9965224317545025,5.958675089711556e-7,2.9229716994125607e-6,"PFN1;PLAAT4;UBB;GNLY;NKG7;GZMH;GZMA;EBP;APOBEC3G;CCDC107;ABHD17A;RASSF1;CCL5;RAC2;CHST12;CLEC2B;CD7;HLA-C;CTSW;RHOC;PRF1;CD300A;FKBP11;ISG20;IFITM1;GZMM;DDIT4;TBX21;CD247;KLRD1;ABI3;TPST2;HAVCR2;GYPC;CLIC3;DUSP2;SLA2;IGFBP7;CD244;FCGR3A;ITGB2;MATK;SH2D2A;B2M;SELPLG;HDDC2;ZAP70;DHRS7;EFHD2;SIGLEC7;IL2RB;HSH2D;DHRS3;HOPX;CALM1;C12orf75;SPON2;OSTF1;GPR65;ARL4C;ARPC2;NHERF1;TIGIT;S1PR5;NCALD;CHST2;MYOM2;TMIGD2;GZMB;CMC1;SYTL3;ITGAL;C1orf21;SLAMF7",-1.9276793995110453,1.4095753980700269e-5,TRUE,
"HAY_BONE_MARROW_PRO_B",285,-0.3877576664049435,-1.7497956347775778,7.67237344740326e-7,3.7383510891374273e-6,"C12orf57;SIVA1;CENPM;PSMB8;MAD2L2;UBB;SRSF9;DCTN3;SAC3D1;PPP1CA;AURKB;ITGAE;H2AZ1;H2AC20;NCAPH2;PIN1;ACOT7;FANCG;DDX39A;H2AX;PXMP2;EIF4A3;SLC25A5;SMARCB1;TUBA1B;TUBB;CARHSP1;IFT22;PAQR4;HAUS8;CCDC167;NRM;TYMS;CKS1B;PIMREG;MXD3;UBE2I;ASF1B;TRAIP;TMEM106C;ATP5F1C;ACTG1;TP53I13;BUB3;TXNDC12;PPIA;RBM8A;BIRC5;BIK;RAD51;CDCA8;UBE2S;MARCKSL1;PSRC1;SRP14;MAGOH;CCNF;HIRIP3;CSRP2;NDUFA4;TIFA;H2AZ2;PIF1;N4BP3;CCND3;MID1IP1;PDLIM1;HAUS1;KIFC1;EWSR1;HASPIN;RALY;CD72;DYNLT2B;TACC3;PAIP2;LAT2;PTMA;HMGN2;CDKN2A;E2F1;PHF19;HNRNPM;FUS;RPL39L;RMI2;CDKN2C;PSMC3IP;MDH1;HMGB2;LIG1;MFGE8;HMCES;CENPN;MYL6B;AKR1B1;NTAN1",-1.6685495755131636,3.0317480911465837e-5,TRUE,
"BUSSLINGER_DUODENAL_STEM_CELLS",308,-0.3747500926870018,-1.7026621986724981,7.733245734634397e-7,3.7428909355630482e-6,"RPS5;RPL18A;REG1A;RPS14;RPS15;RPL18;RPS16;RPS2;RPS8;RPL8;CRLS1;RACK1;RAN;RPL26;RPS9;RPL13;RPS11;RPL36;RPS15A;RPS3;RPS18;RPS28;RPL35;RPS23;RPS13;SNRPB;RPL27;RPLP1;RPL7A;RPS29;HSPE1;RPL37;GSTP1;CHCHD2;TOMM7;COX7C;FBL;RPL10A;RPS19;MCM7;BANF1;ATP5MC3;RPL22L1;RPL13A;CLDN3;RPL3;TRIM28;ATP5MC2;RPS6;RPL27A;YBX1;APEX1;YWHAE;GAS5;ACTG1;TKT;RPL38;PPIA;RPL34;HMGA1;RPS12;SNHG29;AGR2;MARCKSL1;CPS1;SNHG8;RPL9;RPL10;ERGIC3;RPL35A;AHCY;EEF2;SELENOW;RPS3A;SNHG5;SPINT2;CNBP;RPL5;RPS4X;SERP1;RPL41;IMPDH2;CDC42EP5;EEF1A1;PKDCC;CA9;KRT8;RPL30;RPL37A;RPL15;SNRPE;RPL31;RPL12;PDLIM1;COQ8A;LYZ;EEF1B2;NOP56;HSPA8;RPS27A;SNHG6;PTMA;RPL24;DUT;HNRNPM;RPL32;ZFAS1;RPL11;TPT1;CLDN4",-1.6997752022520296,6.288434134987022e-6,TRUE,
"DESCARTES_MAIN_FETAL_ELF3_AGBL2_POSITIVE_CELLS",154,-0.4543356302020519,-1.951032531282212,9.621788474075811e-7,4.626104921972874e-6,"ATP5MJ;C15orf61;NUDT8;PHPT1;STUB1;BCKDK;MRPS11;TIMM10;MPV17L2;NUDT22;HDHD5;ZNF580;CDCA4;SNF8;DDA1;MCRS1;DCXR;PSMB2;TOMM22;COX5A;MTCH1;ZNF524;RRAD;TUBG1;MRPL37;BANF1;RPL37P23;ZNF691;FTH1P16;MRPL10;CDK16;MPC1;BRK1;EIF5AL1;TPT1P4;ISCA2;RPL26P19;PTTG1;NCBP2AS2;SAAL1;METTL23;UQCRFS1;SMIM27;LSM1;COL11A2;NUP37;SLC35A4;MRPL15;GJB4;TINF2;POMGNT1;TMEM242;FUNDC2;TRIM69;RPL39L;OPLAH;RNF113A;COPS5;PFDN1;TMEM50B;LINC00853;PYGB;ACAD8;RRP8;FIZ1;IDH3A;DUSP28;DOK7;SCAMP1-AS1;TMEM126B;CRTC2",-2.017515452558047,6.913043701833763e-7,TRUE,
"DESCARTES_FETAL_LIVER_STELLATE_CELLS",100,0.43467218112979905,2.13931223641652,9.816816526829584e-7,4.685561232624525e-6,"SEMA5A;ITGA8;NES;HGF;FAM13C;BMP5;NEURL1B;LIFR;ROBO2;RPS6KA6;C1QTNF7;GUCY1A2;PDGFRA;LAMA2;RBMS3;FHOD3;EPHA3;SVEP1;ADAMTSL1;ITIH5;B3GAT2;SYNPO2;ITGA1;CXCL14;FGF10;CACNA2D1;DAAM2;CARMN;LMO7-AS1;TRMT9B;ADCY5;LAMB1;COL6A3;NGFR;VSTM4;MASP1;MFAP4;LRRC17;NBPF3;FERMT2;SLITRK6;SLC1A7;SPRY1;EDNRA;ADAMTS12;DENND2B;KIF26B;GPR153;DIO3;RAI2;LRRC7;ABCC9;DACT3",2.345207117238346,4.355658021968834e-8,TRUE,
"GAO_LARGE_INTESTINE_ADULT_CI_MESENCHYMAL_CELLS",338,-0.37170044694895454,-1.6944210421886552,9.874529870407055e-7,4.685561232624525e-6,"HCST;LY6E;CIMAP1B;TNFRSF18;NKG7;IGFLR1;SELENOM;RNF122;LGALS1;APOBEC3G;IL12RB1;AIM2;CD3D;RELT;IFNAR2;CLEC2B;CD7;C1QC;CYTOR;CTSW;ENO2;BST2;COQ10A;DENND6B;EMP3;TRIB2;CD300A;ISG20;HLA-DPA1;CD48;TNFRSF4;LCK;HOMER3;NCF1C;MICB;CORO1A;ICAM1;CD52;GMFG;SEPTIN1;NFATC1;TGFB1;ADA;MYO1G;TRPV2;LIMD2;LAPTM5;ABI3;IL23A;TPST2;FXYD5;PCED1B-AS1;GYPC;UAP1L1;DOK2;OSR2;RGS19;SNAI3;C16orf74;TNF;PLEKHO1;SRGN;SP140;ALOX5AP;FCGR2B;TBC1D10C;NCF1;STX11;ARHGAP9;ITGB2;CD3E;PARVB;CDKN2A;EVI2A;CYTH4;NCF4;BLVRA;S100A4;SELPLG;NCF1B;TRIM69;ZAP70;CD53;RASAL3;ARHGDIB;RHOH;LSP1;KIF19;PLAAT3;CD2;LY96;SIT1;ABCB9;ITGB7;CCR10;WAS;GAMT;RAB34;SLC7A7;ACAP1;BTN2A2;IL27RA;SYNGR1;HHEX;AQP3;SCPEP1;TMEM45A;CD37;ADAM8;GPR65;GPSM3;LINC02384;HVCN1;CAV1;SASH3;OAS2;ADGRG5;APBB1IP;GLIPR1;MAP4K1;THEMIS2;DOK3;ALOX5;SLA;C16orf54;TRG-AS1;IRF5;CCDC102A;CD69;PARVG;LILRB1",-1.3543040363825438,0.026500979815711995,TRUE,
"HAY_BONE_MARROW_NAIVE_T_CELL",372,-0.36051063653159854,-1.6542404103617983,1.0004710107542865e-6,4.7165061935559225e-6,"MTFP1;FAU;NOSIP;RPS5;RPL18A;RPS14;SSR2;RPS15;RPL28;RPL18;RPS16;HAPLN3;SNRPD2;RPS21;C19orf53;RPLP2;RPS10;RPS2;SOCS1;RPS8;TRADD;MCUB;RPL13;RPL36;RPS15A;RPS3;RPS18;RPS28;RPL35;RPS23;RPS13;RPL27;SMDT1;RPS29;RPL29;RPSA;RPL37;SELENOK;TLE5;CD3D;RPL17;RPL36AL;FAM241B;TOMM7;COX7C;RPL10A;TECR;RPS19;CORO1B;GALT;RPL13A;RPL3;ISG20;RPS6;RPL27A;CD48;BLOC1S4;TNFRSF4;RPL23A;SNHG32;LCK;ANXA2R;RPL38;TSTD1;RPS26;RPL34;RPS12;ARHGAP45;SNHG8;U2AF1L4;RPL9;OCIAD2;RPL10;SEPTIN1;RPL35A;PLK3;BEX5;EIF1;TRBC2;RPS3A;PRMT2;KLF2;RPL19;RPL5;RPS4X;RHBDD2;RPL41;EEF1A1;IL23A;FXYD5;RPL30;SIRPG;RPL31;RPL12;TRBC1;EEF1B2;LSR;LINC02361;DNAJB1;CRIP2;SNRPN;CD3E;RPS27A;JUNB;TRAC;SEC14L2;LYPD3;RPL24;UBASH3A;BTG1;SFXN1;EEF1D;LTB;RPL32;RPL11;TPT1;RHOH;PBX4;GSTK1;REG4;CD2;LDHB;SIT1;CARS1",-1.6380290354439662,7.211941998380033e-6,TRUE,
"DURANTE_ADULT_OLFACTORY_NEUROEPITHELIUM_MONOCYTES",38,-0.6322005026984069,-2.1520372344690264,1.2380276285144265e-6,5.79876166646112e-6,"CCL3;HLA-DMA;CD74;HLA-DRB1;HLA-DPB1;HLA-DQB1;TYROBP;HLA-DRA;HLA-DRB5;HLA-DMB;CCL4L2;LST1;C1QC;HLA-DPA1;C1QB;C1QA;FCER1G;RGS10;IL1B;SRGN;HLA-DQA1;AIF1",-2.040012870287768,7.361631446380826e-5,TRUE,
"MANNO_MIDBRAIN_NEUROTYPES_HNBML1",230,0.31635000285214065,1.738115421683173,1.434976530220456e-6,6.678160006025969e-6,"ZBTB38;PRKACB;GSE1;SH3PXD2A;SYCP2;ANK3;PTPN3;EPB41;PGM2L1;RAPGEF5;SLC38A1;MAML3;ACVR2B;ITGA6;ROBO2;NAV1;RUFY3;CSRNP3;KIF21A;SHROOM2;SOX4;FNIP2;SYT7;ZC3H8;NMNAT2;NEGR1;SCN3A;ZNF737;FHOD3;CCDC122;LCOR;ATP11C;ENTREP2;THSD7A;NCAM1;PLEKHA6;KCNH8;RHOU;SCN8A;MAP1B;TRMT13;LRRC49;KIF21B;TSC22D1-AS1;FOXP2;RBFOX2;XIST;TOX3;CMIP;TULP4;CADPS;ZBTB6;TMEM132B;GPRIN3;ZNF521;NFASC;PLCL1;MAP6;ANK2;CXADR;PALB2;CXXC4;ZNF697;DOK6;XPR1;DPYSL3;NELL2;TAC1;ASXL3;EDIL3;VASH2;NALF1;ARFGEF3;MAPRE3;MCF2L;NSG1;KIF3C;TMEM35A;SRGAP1;ISLR2;YWHAG;NAP1L3;MAP7D2;GNAL;ST6GAL1;ACVR1B;NAPB;SLC22A15;EBF1;SEMA3A;ATL1;ROBO1;RAB9B;KCNA3;CDK5R1;BCL11A",1.7171008005596247,1.0142824641479255e-5,TRUE,
"HE_LIM_SUN_FETAL_LUNG_C3_CYCLING_DEFINITIVE_ERYTHROBLAST",404,-0.358436206881493,-1.6544642403418177,1.6928384881357883e-6,7.828030206283963e-6,"SNRNP25;CENPM;PGP;RPS6KB2;MCM5;DYNC2I2;AURKB;POLA2;H2AC20;NCAPH2;NUDT1;PPIF;TK1;DPP7;ADISSP;CDC20;CDT1;CDC45;UBAC1;TANGO2;CDCA4;MFSD2B;APEH;NOP16;PKMYT1;PLK1;SLC43A3;ATG4D;CKS2;DHRS13;FKBPL;PPOX;EXOSC3;SPC24;CENPW;PLEK2;TYMS;CKS1B;PRC1;POC1A;MXD3;PIGQ;FEN1;GCDH;PCNA;ASF1B;PMM1;ISG20;GRK6;BIRC5;TSPAN17;PCCB;SLC43A1;CCNB1;CDCA3;CDCA8;PRR5;UBE2S;HBB;ABCB8;CCNF;POLD1;CCNB2;BOP1;SPINT2;CENPV;KIF22;DNAJC9;CHAF1A;PTTG1;CDKN3;LHPP;CHAC2;MYCBP;RECQL4;UBE2T;RGS10;RFC5;MCM2;GINS2;MID1IP1;SNHG10;NUP37;KIFC1;SLC38A5;UHRF1;TESC;FN3K;CPVL;ISOC1;TTLL12;TACC3;ORC1;RCCD1;TROAP;KIF2C;BLVRA;AEN;KNSTRN;S100A4;TFR2;PCK2;TMEM86B;RMI2;PRKAR2B;CD82;OIP5;CDKN2C;KMT5C;MTHFD2;ABCA7;LIG1;TSPO2;SLC37A4;WDR4;SKA1;CENPN;SFXN4;EXOSC9;EEF1E1;ANK1;PPME1;MIS18A;CDCA5;ZWINT;TRIP13;RFC4;KCNN4;PCLAF;SYNGR1;CTSE;SMIM1;MYBL2;SNX22;GMNN;HPRT1;CENPH;EPOR;AQP3;LRR1;RCL1;DONSON;CISH;SLC48A1;MAD2L1;SLC6A8;CD44;CCNA2;SMAP2;ARHGEF39;EXO1;CENPA;YEATS4;VRK1;MCM4;NDC80;MTHFD1;CENPU;CMPK2;CHST2;H3C10;ARV1;CCNE1;SPC25;HJURP;H2AC8;MIGA2;ANKRD9;MELK;PBK;TMOD1;FOXM1;SLC1A5;RRM2;RAB3IL1;SPTB;WDR76",-1.7296039634030143,2.4835852260641923e-7,TRUE,
"BUSSLINGER_ESOPHAGEAL_DENDRITIC_CELLS",211,-0.40973720284005377,-1.8032759582653064,2.193765890439492e-6,1.0080215420627032e-5,"PFN1;GPX1;ATP6V0B;HLA-DMA;TMSB10;RHOG;CST3;ACTB;CD74;HLA-DRB1;HLA-DPB1;HLA-DQB1;FTH1;ARPC1B;TYROBP;HLA-DRA;LGALS1;HLA-DRB5;HLA-DMB;TUBA1B;CRIP1;CFL1;TIMP1;PLEK2;HLA-DRB6;LST1;LMNA;HLA-DPA1;YWHAH;SH3BGRL3;HLA-DOA;RAB5C;CD52;SYNGR2;GLRX;HLA-DQB2;GNAI2;TMEM14C;SPI1;CXCL16;LAPTM5;HLA-B;FXYD5;PPT1;GNA15;RGS10;DUSP2;IER5;ANXA5;IL1B;PTGS2;JUND;TMSB4X;SRGN;ALOX5AP;HLA-DQA1;CPVL;PLAUR;PLEK;ITGB2;AIF1;JUNB;HCK;S100A4;B2M;LTB;PTMS;SERPINB9;LYN;ARHGDIB;LSP1;ZYX;CD83;IFI30;MAN2B1;CD86",-1.6061275412242328,7.051730994158247e-4,TRUE,
"MENON_FETAL_KIDNEY_0_CAP_MESENCHYME_CELLS",88,0.4389082501990791,2.093373582432964,2.44430134617024e-6,1.1160772184399965e-5,"BAZ2B;BPTF;ZC3H13;ZKSCAN1;RSF1;ATRX;GOLGA4;TOP2B;BDP1;IGF2;NBPF1;BAZ1B;ITGA8;NKTR;RIF1;TPR;EIF3A;CCDC14;LUC7L3;SPEN;SMC3;ENAH;SMC4;SOX4;KAT6B;ANKRD11;LAMA4;RBM25;TOP2A;NCAM1;DACH1;BRD3;MKI67;TIA1;XIST;CENPF;CUX1",2.2034672923133174,9.249726249016172e-7,TRUE,
"HE_LIM_SUN_FETAL_LUNG_C2_PLATELET_CELL",357,0.27504076272929817,1.5876826611082213,3.170466635682468e-6,1.4385992359409199e-5,"DENND4C;GAB1;USP12;KIAA0232;SOS1;TSPAN32;PBX1;BLTP3A;MBTD1;CPEB4;PPP4R3B;NPAT;LEMD3;ZMYM5;ZNF197;NT5C2;DNM3;CLCN3;RAB30;E2F3;EPB41;ARL15;HERC1;STX17;MSI2;LGALSL;CCNT2;NUDT4;MAP4K5;CREBZF;TRIM24;CHAMP1;CNST;SUSD1;CREBRF;CPEB2;MOB1B;ZNF431;RYBP;ZMYND8;TXLNG;LTBP1;ATOSA;WASL;PDZD8;DAAM1;KHDC4;ARID5B;SORBS1;KLHL24;GCLM;MFAP3L;ZNF567;LMBRD2;USP42;UBE2H;AGO3;ZNF606;SDE2;CBLB;TSPOAP1-AS1;MFSD11;IKZF4;MCTP2;ZNF224;CAVIN2;KALRN;IGF1R;FAXDC2;STON2;ZNF714;IGF2BP2;MEG3;PTK2;NET1;RAB3IP;XK;LRRC8B;CDKL1;H4C16;KLHL42;TRAF6;ZBTB11;XRN1;KDM5B;VAPB;THUMPD1;ZNF274;FBXO30;PLAG1;KBTBD2;MYLK;RIMOC1;STRADB;MPIG6B;ZNF518B;PTBP2;TSC22D1;TNS1;CDK17;SELP;F2R;TXNDC16;LARP4",1.6515023281771934,1.355676701941038e-6,TRUE,
"ZHONG_PFC_C8_ORG_PROLIFERATING",59,-0.5599444512536916,-2.08147293787412,3.2944590067919014e-6,1.4855759248018139e-5,"TUBB4B;MT2A;CDC20;TMEM256;LGALS1;PLK1;DCXR;CKS2;PRC1;EMP3;TXNDC12;ANXA2;BIRC5;CCNB1;CDCA3;CDCA8;PSRC1;TUBA1C;CCNB2;ITGB1BP1;PTTG1;CDKN3;NMU;TACC3;TUBB6;TROAP;KNSTRN;PLIN3;OIP5",-2.0539932192184414,3.071931315890135e-5,TRUE,
"AIZARANI_LIVER_C1_NK_NKT_CELLS_1",151,-0.4370678643269875,-1.876873800018666,3.5471960023107254e-6,1.589669319554066e-5,"HCST;PLAAT4;GNLY;IL32;NKG7;GZMH;GZMA;RPS3;APOBEC3G;RPS29;CCL5;RPSA;CD3D;RAC2;CD7;HLA-C;CTSW;PRF1;HLA-F;ISG20;IFITM1;RPL27A;CD48;RBM38;RPL23A;LCK;HLA-A;SH3BGRL3;GZMM;TBX21;CORO1A;ARHGAP45;CD8A;TRBC2;CD247;KLRD1;HLA-B;ADGRE5;PCED1B-AS1;RPL30;DUSP2;CXCR4;TRBC1;TMSB4X;ALOX5AP;TBC1D10C;ARHGAP9;ITGB2;CD3E;TRAC;SH2D2A;CXCR6;BTG1;B2M;CD53;RASAL3;ARHGDIB",-1.696375067393391,8.0980978529442e-4,TRUE,
"HE_LIM_SUN_FETAL_LUNG_C0_MID_AIRWAY_SMC_1_CELL",62,0.49136658039866404,2.1887667693621804,3.8913847969977684e-6,1.7332180138775335e-5,"SEMA3C;TRAF5;HHIP;MYOCD;PLXNA4;CDH6;ZEB1;CEP120;FENDRR;NAV2;IRAG1;LDLRAD4;SEMA6D;HIPK2;ARL4A;ALKAL1;HHIP-AS1;ENC1;EPCAM;CHRDL1;SSC5D;MYH11;TYRP1;PMEPA1;ENTPD1-AS1;NGFR;LTBP2;WNT5A;ADAMTS6;BCL11A;C3orf70;KLHL4;LRRN1;KIF26B;ARHGAP6;ADAMTSL2;SPEG;LIMS2;PLPPR4",2.2992358365577696,1.4418283046144986e-6,TRUE,
"DESCARTES_FETAL_MUSCLE_ERYTHROBLASTS",100,-0.47987722495182283,-1.9467923286886293,4.840667034455678e-6,2.142880650618794e-5,"FMC1;BLVRB;DCTN3;TOMM5;PRDX2;HMBS;H2AC20;DPM2;IFI27L1;C1orf35;GLRX5;HAGH;PEX39;ATG4D;HTRA2;DHRS13;C16orf95;RPL37P2;ST6GALNAC4;PIGQ;HBA2;RBM38;CISD2;SLC43A1;CDCA8;HBB;POMGNT2;EXOSC5;TMEM14C;RPS20P14;CDKN3;GUCD1;FECH;BST1;SLC38A5;HASPIN;GEMIN2;UROS;TROAP",-2.127930507107019,2.130496547308239e-7,TRUE,
"AIZARANI_LIVER_C25_KUPFFER_CELLS_4",173,-0.4213253475691455,-1.8341873020313713,6.326481875468482e-6,2.7836520252061323e-5,"GPX1;HLA-DMA;TMSB10;CST3;ACTB;HLA-DRB1;HLA-DPB1;HLA-DQB1;FTH1;NPC2;TYROBP;HLA-DRA;HLA-DRB5;CXCL8;HLA-DMB;CIITA;SLC15A3;LST1;GRN;METRNL;HLA-DPA1;ARRB2;RNASET2;HSPA6;HLA-DOA;LGALS9;IL1RN;FCER1G;CXCL16;LAPTM5;RILPL2;PPT1;CXCL3;SLC11A1;CXCR4;S100A11;IL1B;LYZ;SRGN;IGSF6;HLA-DQA1;CPVL;PLAUR;PMAIP1;PLEK;ITGB2;AIF1;EMILIN2;HCK;TNFSF13B;SERPINB9;LILRB3;FCGR2A;LYN;NCF2;CLEC4E;FPR1;PSAP;CD83;FGR;RNF144B;CD86;MAP3K8;SAMHD1;SAT1;ATP1B3;IL1R2;AHR;ANXA1;RGS2;LILRB2;MAFB;ITGAX;CD55;RNASE6;C5AR1;C1orf162;THEMIS2",-1.4934840949411345,0.016190632528893894,TRUE,
"DESCARTES_MAIN_FETAL_RETINAL_PIGMENT_CELLS",94,0.4134579959117931,2.020709422161158,7.855014814715076e-6,3.4353859972790036e-5,"PARD3B;SMC6;DOCK7;ATXN1;PLCE1;TRPM7;TEX2;DMXL1;ABCC5;ADAMTSL3;SNX25;SCAI;GEN1;MROH7;APOLD1;CRPPA;SPDYE5;VAT1L;TTLL4;APC;AK5;CRISPLD1;LINC01579;LINC01359;CYB5RL;ZNF92;TYRP1;SLC38A11;COL8A1;ITGAV;EFR3B;NBEA;MLANA;PARD6B",1.8956159885243522,1.6863653939844602e-4,TRUE,
"FAN_OVARY_CL3_MATURE_CUMULUS_GRANULOSA_CELL_1",243,-0.38712204750370954,-1.7179315208034172,8.047750468147047e-6,3.4986028981285965e-5,"POLR2I;NEDD8;UQCR10;ATP5ME;ATP5MF;NDUFA13;MYL6;NDUFB7;UQCR11;TMEM258;NDUFS5;SELENOH;ATP5MJ;PTRHD1;MZT2B;LSM7;NICOL1;ELOB;PRDX2;TMSB10;TIMM13;LY6E;UQCRQ;ZNF428;NDUFA3;TRAPPC4;PET100;PHPT1;SNRPD2;CST3;COX5B;HSBP1;HIGD2A;DPP7;COX6B1;ATP5IF1;DMAC1;MPST;PLEKHJ1;TUBB;GSTP1;IFI35;IFI27;LCMT1;HS3ST1;COX7C;MDK;FSCN1;PRDX4;PCBP2;ATP5MC2;ACTG1;RNF7;PLD3;NDUFS4;MARCKSL1;BBLN;OCIAD2;SPINT2;CLIC1;AMH;PRDX3;AVPI1;MGST3;LMBR1L;IGFBP7;TMSB4X;ATP5PF;NME4;SNRPN;RPAIN;PPDPF;MRPS21;GTF2H5;GPX3;TNNI3",-1.7695461162211572,5.059949662590033e-6,TRUE,
"AIZARANI_LIVER_C14_HEPATOCYTES_2",147,-0.42624186328718117,-1.8236057561401755,8.50500585037493e-6,3.6753775281977375e-5,"SOD1;ETFB;F12;UQCRQ;MTHFS;SLC27A5;MT2A;GRHPR;ECHS1;RDH16;CP;MT1X;APOC1;DCXR;MPST;IFITM3;MT1E;ANG;CYB5A;PCBD1;QDPR;APOE;NNMT;GADD45G;PLA2G2A;MPC1;SAA1;ASS1;LDHA;CPS1;C2;SDS;REEP6;PEBP1;ATF5;ADI1;SAA2;SHMT1;RARRES2;RBP4;TST;NIPSNAP1;ATP5PF;GPX3;MT1F;PTMS;AMBP;CFB;FBP1;HAAO;SERPINF2;PRAP1;GJB1;GAMT;ASGR2;APOM;MT1G;LRG1;ACAT1;MGST1;PON3;C4BPB;CYP2D6;SERPINA1;ALDOB;GSTA1;GPX2;TDO2;CRYL1;BNIP3;MT1H;IGFBP4;ALAS1",-1.9587412239669704,1.640491554221752e-6,TRUE,
"DESCARTES_MAIN_FETAL_MYELOID_CELLS",79,-0.5107332551567433,-1.9887752329374997,8.729425672008274e-6,3.750037300519531e-5,"PYCARD;MCOLN1;TYROBP;LGMN;RNPS1P1;IFNAR2;C1QC;C1QB;C1QA;CD14;SDS;SPI1;CD300C;ABI3;TNFAIP8L2;RILPL2;HK3;LILRA5;SRGN;C5AR2;PLAUR;AIF1;LRRC25;NCF4;LILRB3;SIGLEC12;PELATON;MS4A4A;HMOX1;SIGLEC7;IFI30;SIGLEC9;MAN2B1;CD86;FPR2;SAMHD1;LILRB2;MARCO;RNASE6;C1orf162;THEMIS2;MS4A6A;CD33;LILRB1;NLRP3",-1.7272149063884228,0.002508488640850527,TRUE,
"HAY_BONE_MARROW_EOSINOPHIL",55,-0.564673317691925,-2.057748395975807,9.385452051093147e-6,4.008140111231544e-5,"BLOC1S1;COX8A;SNHG25;TMEM160;RPN1;MZT2B;NDUFA3;MRPL23;PHPT1;H1-10;NDUFS6;ALYREF;NT5DC2;LGALS1;RPLP1;NDUFB11;ANKRD13D;MBD3;KIF22;LYZ;ASRGL1;KIAA0930;MS4A4A;TPM3;H2AJ;GNB1;SERPINB8;HSPA5",-2.112855662047945,7.211941998380033e-6,TRUE,
"HAY_BONE_MARROW_DENDRITIC_CELL",173,-0.4143208482969489,-1.803694088897446,1.0435911109892756e-5,4.4306850677088544e-5,"ATG101;HLA-DMA;PPP1R14B-AS1;PPIB;CST3;CD74;HLA-DRB1;HLA-DPB1;HLA-DQB1;HLA-DRA;LGMN;SEC61B;TRAF4;HLA-DRB5;HLA-DMB;PARK7;IRF7;CIITA;COMT;DNAJC4;CFAP119;UNC93B1;HLA-DPA1;PPP1R14B;TNNI2;BRK1;LRRC26;MIF4GD;SPNS3;SEC61G;P2RY6;PPM1J;SPINT2;CXCR3;ERCC1;SCAMP4;RPS6KA4;VEGFB;OSTC;GNA15;C1orf54;SHD;SPCS1;PLP2;SNX3;ALOX5AP;HLA-DQA1;LILRB4;CADM4;PTMS;TMEM109;CRYM;LSP1;TSPAN13;CIB2;SERPINF2;UPK3A;HLA-DQA2;TMED10;EGLN3;IDH3A;IL1R2;NEK8;MYBL2;C12orf75;ST14;SSR1;TXN;RNASE6;PLVAP;SLC9A7;SLC15A4;MILR1;NDRG2;MAPKAPK2;PARVG;IRF8",-1.715178370495432,3.8941596107590793e-4,TRUE,
"FAN_OVARY_CL1_GPRC5A_TNFRS12A_HIGH_SELECTABLE_FOLLICLE_STROMAL_CELL",379,-0.3458113581920655,-1.5916673291694001,1.1435830264819711e-5,4.8265781644038455e-5,"RPS5;TRIR;C1QBP;ATG101;UBB;NME1;SNU13;RPL18;TUBB4B;H2AZ1;RPL8;RPLP0;RACK1;WDR74;RAN;RPS9;H2AX;EIF3I;ENO1;SNRPB;SELENOM;EIF4A3;COPS3;AHSA1;PSMC4;NOP16;ATP6V0D1;NXT1;RPL7A;SERTAD1;PRDX1;HSPE1;RPSA;MGAT1;CLTB;TIMP1;MRTO4;CD63;FBL;RPL10A;CYTOR;LMNA;GLA;BST2;DUSP14;RPL13A;YBX1;SNHG32;CTSL;ACTG1;MRFAP1;TOMM40;CCT2;LDHA;C11orf96;ILF2;FKBP4;RPL9;YBX3;RPL10;HNRNPAB;TUBA1C;BAG3;EEF2;GLRX;UBC;DNAJA1;HNRNPF;CNBP;TMEM70;RPL5;ELOC;IMPDH2;NGDN;EEF1A1;TNFRSF12A;WTAP;DIRAS3;CCT3;KRT19;CCT5;STIP1;ANXA5;RARRES2;TMEM165;GRPEL1;TXNL1;ATF4;MRPL32;MAP2K3;NAA20;EWSR1;NOP56;PA2G4;RNPS1;HSPA8;LRRC59;COLEC11;CAV2;MARCHF3;TUBB6;SPTSSA;TUBA1A;WDR1;RPL24;FUNDC2;HNRNPM;SNHG15;NACA;TPT1;TNFRSF1A;XBP1;MTHFD2;XRCC6;PPP2CA",-1.5379685537960779,1.6182534944139478e-4,TRUE,
"GAUTAM_EYE_IRIS_CILIARY_BODY_PUTATIVE_STEM_CELLS",279,-0.37433663190124594,-1.6888454245470346,1.1501350171375556e-5,4.8265781644038455e-5,"NAA38;NEDD8;NDUFS7;SERF2;MYL6;ABHD14A;PEMT;ANAPC11;TMEM147;UBB;TRAPPC1;ETFB;DYNLL1;GAPDH;ELOB;OST4;JTB;DGCR6L;NENF;ROMO1;ATP6V1F;NDUFS6;CIB1;TIMM10;MRPL20;MED19;ATP5IF1;MICOS13;HAGH;SLIRP;SLC25A39;NDUFAB1;C1orf122;LGMN;NUDT14;CCDC107;SPAG7;SMCO4;ALKBH7;CD320;SLC25A6;CUTA;CD151;QTRT1;NDUFA8;BANF1;RAMP1;RHOC;B3GAT3;BSPRY;APEX1;MANBAL;ARPC5L;PMVK;PPIA;P2RY6;SNRPG;LGALS9;SYNGR2;SELENOS;ATP5PD;ERP29;TMEM14B;RHBDD2;RPA1;BCAP31;PEBP1;PTPA;PNPLA6;PRDX3;RNF130;MGST3;ANGPTL4;DYNLRB1;MAP2K3;LSR;COX16;REEP5;AMFR;NUCB1;GRAMD1B;MARS1;SNRNP70",-1.586565675532213,8.0980978529442e-4,TRUE,
"DESCARTES_MAIN_FETAL_SYNCYTIOTROPHOBLASTS_AND_VILLOUS_CYTOTROPHOBLASTS",73,0.45962423220141313,2.111503512792446,1.1903564147182058e-5,4.954036454728932e-5,"SLC35D1;NEDD4;ARL15;USP25;ZNRF3;SMARCA2;AMOT;FBN2;RAP2C-AS1;CROT;ZNF354B;TTPA;MBNL3;GABRE;TMEM150C;SLC38A9;POLI;PCAT7;L1TD1;HIC2;ANKRD20A5P;SLC25A43;SP6;MME;MB21D2;FAM118A;SLC13A4;SIGLEC6;ZFX",2.029260170064096,9.422370746796376e-5,TRUE,
"MENON_FETAL_KIDNEY_4_PODOCYTES",199,0.3154796523314866,1.7130434703647532,1.1941547928065607e-5,4.954036454728932e-5,"PARD3B;BAZ2B;PRRC2C;KMT2E;NORAD;ARHGEF12;DST;MPHOSPH8;KMT2A;FNDC3B;PLCE1;RAD50;KTN1;STT3B;NES;CRIM1;PCMTD2;GOLGB1;PHACTR4;PTPRD;CD2AP;SLK;PLA2R1;SEPTIN11;LUC7L3;UACA;PHIP;PTBP3;ROBO2;SRRM2;MAN1A2;ADD3;TJP1;NEBL;ANKRD12;DDX17;TTC14;CAST;YIPF4;GOLIM4;ANKRD11;ITGB1;RFC1;HIPK2;AHNAK;ARMCX3;THSD7A;NPNT;RBMS1;TMEM150C;SERINC1;RASSF8;NFE2L1;LRRFIP1;ITIH5",1.8902793383157757,1.320397623113564e-6,TRUE,
"DESCARTES_FETAL_KIDNEY_LYMPHOID_CELLS",146,-0.42675794855876353,-1.8248760142279432,1.201756011943179e-5,4.957243549265614e-5,"PLAAT4;RPLP0P6;TNFRSF18;PARD6A;NKG7;GZMA;BAK1;MT1X;APOBEC3G;CRIP1;PLEKHF1;CD3D;CD7;CTSW;PRF1;HLA-F;ISG20;LCK;GZMM;S1PR4;TBX21;CD52;SEPTIN1;CD8A;TRBC2;CD247;ADA;MYO1G;CRTAM;CLIC3;GFI1;DUSP2;CXCR4;SIRPG;CD3E;MATK;SH2D2A;LTB;ZAP70;RHOH;CD2;DDTL;SIT1;GZMK;EOMES;IL2RB;RPSAP12;ACAP1;IL2RA;TNFSF14;SH2D1A;TERT;SASH3;GPR68;TRAPPC14;TIGIT;LTA;IL21R;C16orf54;CD69;S1PR5;RASD1;CD3G;MYOM2;RASGRP1;TMIGD2",-1.6756734740415482,9.011519738460034e-4,TRUE,
"DESCARTES_MAIN_FETAL_LYMPHOID_CELLS",117,-0.45586771269456944,-1.9031719516398256,1.2165808241352875e-5,4.978990672770182e-5,"PFN1;NOSIP;USP30-AS1;PSMB10;NKG7;GZMH;GZMA;RHOF;LINC01871;CD7;PRF1;ISG20;GRK6;CD48;APOBEC3H;GZMM;S1PR4;NCF1C;TBX21;FASLG;CORO1A;CD52;PSMB8-AS1;RPS2P5;GBP5;CXCR3;MYO1G;LIMD2;CRTAM;PCED1B-AS1;CXCR4;TBC1D10C;ARHGAP9;TRGC2;MATK;SH2D2A;NCF1B;ARHGDIB;CTLA4;FMNL1;IL18RAP;GZMK;ITGB7",-1.7546955512746993,6.03846586689806e-4,TRUE,
"DESCARTES_FETAL_THYMUS_THYMIC_EPITHELIAL_CELLS",174,0.33033179155801473,1.7687320335039722,1.2207442696323586e-5,4.978990672770182e-5,"FMN1;ADGRG2;PATJ;ANK3;CDH1;ATP10B;PTPN3;SLCO2A1;EGFR;EML6;ROBO2;KIAA1549;CSRNP3;COL4A6;RPS6KA6;C1RL-AS1;SLC36A1;ARHGAP42;RHPN2;RBMS3;CACNB2;CDC14B;CDS1;ESRP1;PRKG1;NRXN3;MYO5B;RASEF;MIR3936HG;HSPA12A;SORBS2;ESRRG;PPP1R26-AS1;B3GAT2;SYNPO2;NHS;CNTN3;TOX3;GRIP1;CLIC6;ZRANB2-DT;SNX29;CGNL1;ENPP3;PNMA8A;COL17A1;CMYA5;ANGPT1;MAPK10;CXXC4;ZNF483;SLIT3;EPB41L4A;PAPLN;PTPRF;MCF2L;FAM83B;SORCS2;RNF43;MAP7D2;TRPM6",1.837702749717714,1.0142824641479255e-5,TRUE,
"DURANTE_ADULT_OLFACTORY_NEUROEPITHELIUM_RESPIRATORY_HORIZONTAL_BASAL_CELLS",29,-0.6574215739387042,-2.1283399124935607,1.2862002654965233e-5,5.216655825421653e-5,"PKM;S100A16;MT1X;SLC25A5;PRDX1;SFN;HSPB1;KRT18;ANXA2;PHLDA2;KRT8;KRT19;S100A11;ALDH3A1;KRT6A;LYPD3;SERPINB5;TACSTD2;CLDN4;ATP1B3;ANXA1;AQP3;S100A2;FXYD3;CD9",-2.227961794609248,5.862629975674753e-6,TRUE,
"MANNO_MIDBRAIN_NEUROTYPES_HNBM",210,0.30781030961326217,1.6649286039868814,1.408049299025442e-5,5.679132172735949e-5,"GSE1;EPB41;AFAP1;ZNF33A;SLC38A1;MAML3;ACVR2B;CHML;CBFA2T2;NAV1;RUFY3;CSRNP3;SOX4;ZFTA;ZHX1;SYT7;PCDHGC3;ATOSA;TMTC4;AUTS2;SCN3A;ZNF737;LCOR;THSD7A;ZNF117;CHN2;NCAM1;PLEKHA6;PDP1;KCNH8;RHOU;SCN8A;STXBP5;MAP1B;PTPRG;IGFBPL1;NEDD4L;KIF21B;SOX5;FOXP2;RBFOX2;XIST;TOX3;NOVA1;MIB1;CADPS;GFRA1;RAB11FIP4;ZNF195;VAV3;CASD1;VWA5A;PAPPA;CDC42EP3;NFASC;TES;RELN;MAP6;ANK2;TSPAN11;CXADR;GREM2;POU6F1;RND3;DPYSL3;ASXL3;EDIL3;VASH2;MCF2L;NSG1;GRM8;BHLHE22;ZFHX4;ST6GAL1;CRACD;SLC46A3;NAPB;SLC22A15;EBF1;ATL1;ROBO1;MAP3K9;NFIX;PHTF1",1.8226628440020458,2.6738760740571325e-6,TRUE,
"DESCARTES_FETAL_CEREBRUM_MICROGLIA",372,-0.34371489061014515,-1.5771713898947632,1.4894602092133917e-5,5.974298960712278e-5,"BLVRB;TYMP;BATF3;CD74;IGFLR1;SLC2A5;NINJ1;TYROBP;LGMN;APOC1;HLA-DMB;IL12RB1;SOWAHD;BCL2A1;RNPS1P1;SLC15A3;C1QC;UNC93B1;ARRB2;CD48;RYR1;OSM;HSPA6;C1QA;CORO1A;S100A8;SPNS3;PDCD1;P2RY6;S100A9;C2;ZMYND15;TREM2;CD300LF;IL1RN;MYO1G;SPI1;FCGR1A;CXCL16;SPP1;PIK3AP1;OSCAR;TNFAIP8L2;HAVCR2;TMIGD3;PCED1B-AS1;PPT1;GYPC;UAP1L1;AP1B1;HK3;SLC11A1;GPN3;ALOX15B;IL1B;ACY3;LYZ;FCGR3A;SP140;CAPG;NCF1;P2RX4;GPR84;CPVL;C5AR2;ARHGAP9;BATF;ITGB2;CTSB;TREM1;LILRB4;AIF1;FOLR2;VSIG4;LAT2;CDKN2A;LINC02611;LRRC25;RAB20;CYTH4;NCF4;RCN3;RAB42;GBP2;ATG7;PCK2;SELPLG;LILRB3;CTSC;NCF2;MS4A4A;LILRA2;CASP1;FMNL1;TMCO4;HMOX1;LY96;TRPM2;CD83;PDCD1LG2;IFI30;CD86;SLC7A7;ADPGK;CACNA2D4;CHIT1;LAIR1;RPS6KA1;ITGAM;SIGLEC14;IL1A;GAL3ST4;MKNK1;C12orf75;ST14;NFAM1;LILRB2;CD37;GPR65;ITGAX;CSF1;RNASE6;SASH3;PLVAP;SERPINA1;SMAP2;C5AR1;APBB1IP;C19orf38;MYO1F;GLIPR1;TMEM86A;PRR13P5;MS4A6A;TRIM22;ALDH3B1;S100A1;ADAP2;IRF5;LY86;CD33;ITGB2-AS1;SLC29A3;MILR1;ACP3;PARVG;SUCNR1;LILRB1;IRF8;CEACAM21;GPR132;EBI3;GPNMB;SIGLEC10;LINC02985;TMIGD2;TMEM273;VAV1;HFE;CSF2RA;SIRPB1;CSF3R;PLA2G7;SLC37A2;SIGLEC8",-1.335500464301163,0.016684869262037445,TRUE,
"DESCARTES_FETAL_LUNG_SQUAMOUS_EPITHELIAL_CELLS",160,-0.4144194271646799,-1.7847811132642466,1.560973409518542e-5,6.226740084123414e-5,"MT2A;NAPRT;CNFN;FTH1;ETHE1;HES4;WFDC21P;MT1X;KRT16;SFN;MT1E;MIEF2;TMEM54;METRNL;SGTA;KRT17;PITX1;PRSS27;FABP3;S100A9;YBX3;EIF1;GABRP;IL1RN;AMN;KLC3;PI4K2A;YPEL3;CLIC3;AVPI1;KRT19;IER5;TRMO;CYSRT1;RRAGC;TRIP10;FAM83A;PAX9;PPDPF;GJB2;LYPD3;LCN2;HEBP2;SERINC2;FUT3;SERPINB5;TACSTD2;PPP1R13L;GLTP;OSGIN1;RDH13;KRT15;NIBAN2;KLHL21;LDAF1;MT1G;PLEKHN1;SSH3;PRSS22;HOPX;MARCO;S100A2;APOBEC3A;PTGES;SDCBP2;FUT6;OAS2;B3GALT5-AS1;NDRG2;PKP1;MT1H;MAL;BEST1;MUC4;TMEM80;GCNT3;ECM1;FAM3D;PHLDB3;PHLDA3",-1.7217147565432565,3.432838415148575e-4,TRUE,
"GAUTAM_EYE_IRIS_CILIARY_BODY_WIF1_HIGH_FIBROBLASTS",119,-0.45251052163622146,-1.89457171532219,1.704625074238035e-5,6.727751781070377e-5,"RPS5;RPS14;SSR2;TUBB4B;RPS8;RPL8;RACK1;RPL26;RPS9;RPL13;RPS3;RPS18;RPS23;GNB2;MT1X;TLE5;MT1E;RPL17;ANG;FLYWCH2;RPL13A;ZNF385A;SOD3;RPL34;LDHA;MT1M;SNHG8;EEF2;NHERF2;EIF1;RPL5;RPS4X;RPL41;SNORD3A;RPSA2;RPL15;TMSB4X;RPL24;GBP2;EEF1D;CTSC;TNFRSF1A",-1.773640542756156,3.328841377197978e-4,TRUE,
"AIZARANI_LIVER_C33_STELLATE_CELLS_2",124,0.370728085309312,1.8873102725848734,1.7051051345963488e-5,6.727751781070377e-5,"SEMA5A;ZFHX3;DST;PBX1;BAZ1B;ANK3;CDC42BPA;RGS5;LPP;EPAS1;LAMC1;CLMN;NUDT4;SEPTIN11;LUC7L3;PPP1R12B;UACA;ENAH;EPB41L2;PCM1;RBMS3;ITGB1;KLHL23;NID1;RCAN2;PRKG1;CAMK2N1;A2M;ADGRF5;MAP1B;DLC1;COL4A1;ITGA1;FIGN;IGFBP5;ID4;MYH11;PAG1;ANTXR1;MYLK;MYH9;TSC22D1;TNS1;SPARCL1;CALD1;LAMB1",2.1633454155741,3.2498658471971563e-7,TRUE,
"ZHONG_PFC_C7_ORG_UNDERGOING_NEURONAL_DIFFERENTIATION",55,0.499057795936023,2.15822068419272,1.8662309180773318e-5,7.317075544237011e-5,"ATAD2B;SORL1;SH3PXD2A;SEMA3C;PTPRD;SATB2;CEP126;TTC14;MLLT3;CHL1;RUNX1T1;ESYT2;EPHA3;HSPA12A;DLG2;ENC1;LRRC8B;MEF2C;TMEM132B;MAP6;NIN;MEGF8;SRGAP1;TNIK;MTURN",2.2478501136365066,1.3568913544383361e-5,TRUE,
"SU_HO_CONV_CENT_CHONDROSARCOMA_LEUKOCYTE_C3_SKELETAL_PROGENITOR_LIKE_CELL",275,-0.366964685388019,-1.650194939179506,1.8746226600937795e-5,7.317075544237011e-5,"C12orf57;MYDGF;PEMT;MTX1;YIF1A;PSMB5;BCL7C;S100A13;PRDX2;RPS14;VKORC1;SSR2;PHPT1;RPS10;CNIH4;MRPL11;ISOC2;TMED1;SELENOM;YIPF2;ZFYVE21;ABT1;NDUFA4L2;CD320;MT1E;IFT22;MED10;REXO2;FBL;S100P;MDK;NNMT;PRDX4;TIMM50;COX7A1;SNHG32;KRT10;RHOD;OXA1L;SOD3;PYCR1;C11orf96;MT1M;SERPINH1;RPL9;DAP;SMIM7;EFNA1;BCAR1;TMEM9;SLPI;OSTC;EEF1A1;PTPA;AK1;CCT5;TRIM47;ANGPTL4;PLP2;SNRPE;IGFBP7;NOL3;COL11A2;PKIG;SDR39U1;P4HB;RNPS1;CHPF;KDELR3;CRIP2;CAV2;MDFI;SPTSSA;RCN3;TPBG;RPL11;COPS5;NUCB2;KDELR2;MFGE8;PMP22;RGS3;WFDC2;NRN1;EPB41L4A-AS1;UAP1;EFEMP2;PCOLCE;SPON2;EMP2;BTF3;ERG28;CD55;PTGES;CKAP4;CAV1;SRPX;TNFRSF11B;SOX8;P4HA2;HNRNPA1L3;S100A1;SBSPON;KRT10-AS1;TMEM263;TMEM14A;RCN1;RASD1;VASN;PCSK1N;CTHRC1;ITM2C;NDUFAF2;LOX;FAM114A1;PODNL1;PGF",-1.5477627025012841,8.386532157934009e-4,TRUE,
"BUSSLINGER_GASTRIC_IMMATURE_PIT_CELLS",157,-0.4212489357007751,-1.816514626760366,2.0492175037097988e-5,7.955785602638042e-5,"PFN1;COX8A;BLVRB;DYNLL1;ACTB;CBR1;S100A16;VAMP8;MANF;PRDX1;CRIP1;SFN;GSTP1;CLTB;TFF2;CFL1;IFI27;ANG;CD63;S100P;LMNA;ARPC1A;CYSTM1;TMEM54;TAGLN2;TRNP1;SH3BGRL3;HSPB1;ACTG1;KRT18;AGR2;MUC1;JPT1;S100A6;SPINT2;CLIC1;IL1RN;CSTB;MAPK3;KRT8;PLA2G10;KRT19;S100A14;MGST3;S100A11;RNASE1;TMSB4X;TST;CAPG;TESC;ALDH3A1;TACSTD2;CALM2;EFHD2;RHOA;TFF1;REG4;KDELR2;TSPAN3",-1.7658879954212332,2.2439422421763225e-4,TRUE,
"DURANTE_ADULT_OLFACTORY_NEUROEPITHELIUM_UNSPECIFIED",32,-0.6310716614018249,-2.083522038784242,2.147539468554016e-5,8.293157734947957e-5,"DYNLL1;DYNLT1;TUBB4B;H2AZ1;CIB1;PIERCE1;ATP5IF1;PRDX1;TUBA1B;TUBB;SPMIP6;PTTG1;RSPH1;TPPP3;MORN2;ALDH3A1;TUBA1A;CALM2;PPA1;PRDX5;CALM1;S100A2;CAPS;GSTA1;CETN2",-2.0960828962911933,7.859903236065379e-5,TRUE,
"FAN_EMBRYONIC_CTX_BRAIN_B_CELL",95,-0.46760613201653245,-1.891951916686027,2.5535013517073097e-5,9.808687731955062e-5,"PSME1;HLA-DMA;PSMB9;PSME2;CD74;HLA-DRB1;HLA-DPB1;HLA-DQB1;HLA-DRA;HLA-DMB;CRIP1;RAC2;HLA-C;RPL13A;TAGLN2;ISG20;HLA-DPA1;PTPN6;CD48;HLA-A;GAS5;NCF1C;CORO1A;CD52;SEPTIN1;LIMD2;HLA-B;CXCR4;PDLIM1;CYB561A3;SP140;NCF1;CD72;BTG1;EEF1D;LTB;RHOH;LSP1",-1.6817084777410432,0.00351707689094907,TRUE,
"ZHENG_CORD_BLOOD_C4_PUTATIVE_EARLY_ERYTHROID_COMMITMENT",94,0.39516120180035097,1.9312867852260591,3.5286365048858974e-5,1.3483105802879796e-4,"RAPGEF2;ELF1;FOXO3;PBX1;PRKACB;STK4;PHACTR4;SKIL;ITPRID2;MOB1B;ZMYND8;DDX21;NLK;PNN;PDZD8;G3BP2;MLLT3;NOP58;CDK6;KIT;CELF2;SESN3;BMP2K;ZNF711;ETS2;MYCT1;IKZF2;ITGA4;ABCA1;MYB;SLC40A1;CPA3;ERG;EREG;RSBN1;MAN2A2;TNIK;CRACD;LEPROT;SPTY2D1;TAF1D;PHTF1;ZEB2;CKAP2;DGKE;IL1RL1;ZBTB16",2.19258186131456,9.077431147086601e-7,TRUE,
"MANNO_MIDBRAIN_NEUROTYPES_HRGL2B",346,0.26086677272465075,1.488380039787667,3.6222325469533404e-5,1.3768276592084425e-4,"PARD3B;GAB1;PTCH1;OPHN1;EPB41L4B;EDNRB;BCLAF3;NCKAP5;CMTM4;PEAK1;PRKD3;UBL3;NES;ERVK13-1;COL4A5;XYLT1;SALL1;ILDR2;MAML2;YAP1;SERINC5;FAT1;ITGA6;EGFR;INHBB;LIFR;ABAT;SNCAIP;REST;NFATC2;CEP126;LUZP2;LTBP1;ITPR2;HDAC4;CCDC146;PDE1C;SERPINE2;ZMAT1;AHNAK;ATP2B4;MYORG;TCF4;BCAN;CSMD2;LRP1;RFTN2;EPHA3;BRCA1;NLGN4X;CDH13;CSPP1;SPAG1;GNG12;KCNN3;SPATA6;STON2;PLPP3;SESN3;HSDL2;CENPE;MCC;SOX5;ARAP2;AKAP7;CFAP44;MKI67;TPX2;ZBTB2;PDLIM5;DNAH6;ELN;KIF15;SOX9;TAOK3;LRRC37A3;FGFR3;HEATR5A;ID4;SGO2;ITPKB;CSGALNACT1;CREB5;JAM2;ATP1A2;ACSL6;KIF14;HAS2;MNS1;GPM6B;TNS1;LRATD2;ATP1B2;POU6F1;DTX4;SPARCL1;NOTCH2;SEL1L3;SRGAP3;TRIL;TMT1A",1.5787979553250064,1.0856591823546068e-5,TRUE,
"DURANTE_ADULT_OLFACTORY_NEUROEPITHELIUM_SUSTENTACULAR_CELLS",33,-0.6173994198220294,-2.061057165476553,3.7621299482969244e-5,1.4190462562808218e-4,"PI3;VMO1;CXCL8;GSTP1;CYB5A;S100P;MUC5AC;KRT18;AGR2;MUC1;KRT8;CXCL1;KRT19;S100A14;LCN2;POR;TFF3;CLDN4;WFDC2;MT1G;MGST1",-2.10040145107675,8.812511072848615e-5,TRUE,
"HE_LIM_SUN_FETAL_LUNG_C0_MYL4_POS_SMC_CELL",111,0.3694915441850958,1.8193095274286175,3.772395695071606e-5,1.4190462562808218e-4,"KLF7;TACC2;NKD1;CLSTN2;SEMA3C;TRAF5;HHIP;FHDC1;MYOCD;ALKAL2;CDH6;ZEB1;CEP120;FENDRR;SLMAP;IRAG1;SORBS1;RALGPS2;ARL4A;ALKAL1;CAVIN2;HHIP-AS1;ENC1;FOXP2;SYNPO2;NET1;CXCL14;MIR99AHG;SSC5D;MYH11;ADAM19;GNPTAB;CARMN;TYRP1;GPR20;PMEPA1;CDC42EP3;TES;GREM2;COL12A1",1.864217786518591,5.337453487890304e-5,TRUE,
"MENON_FETAL_KIDNEY_5_PROXIMAL_TUBULE_CELLS",107,-0.4455753706869116,-1.831851318972458,4.300514562292182e-5,1.6093678207340845e-4,"AKR1A1;RNF181;LAMTOR5;DNPH1;ETFB;ATP6V1F;TUBB4B;MSRB1;CYBA;FTH1;NPC2;ATP5IF1;NDUFC1;TPT1P9;HSPE1;CALM3;CYB5A;APOE;FTLP3;PCBP2;SNHG29;CITED2;SNHG8;OCIAD2;ATP5PD;RPS2P5;SPINT2;RPL14P1;SPP1;DYNLRB1;AIG1;IGFBP7;MRPL32;NIPSNAP1;ATP5PF;CTSB;ODC1",-1.8711885444184,8.026109024554797e-5,TRUE,
"HE_LIM_SUN_FETAL_LUNG_C3_GRIA2_POS_ARTERIAL_ENDO_CELL",107,0.3658162331234348,1.8222529003274122,4.8286431630946844e-5,1.7977409930290978e-4,"COBLL1;FAT4;ATP13A3;CDK19;SULT1B1;PREX2;KL;PIK3C2B;MECOM;SLC6A6;PDK3;LTBP1;TMEM100;SMAD7;SERPINE2;TMC7;THSD7A;SYNJ2;RAVER2;EPS8;MYO1E;ADAMTSL1;SORBS2;BMF;MCC;RAPGEF1;DKK2;FILIP1L;TRAK1;TNFRSF19;MET;SNX18;SIPA1L2;SEMA3G;LPCAT2;MERTK;GIPC2;GCNT1;ABCC4;SYNPO;GFOD1;CYTH3;SOX6;C7;UNC5B;ADAMTS6;COL15A1",2.057311130389562,4.910136482775202e-6,TRUE,
"HE_LIM_SUN_FETAL_LUNG_C4_ACTIVATED_NK_CELL",47,-0.5615150867425868,-1.9922911806887142,5.064277429095873e-5,1.8758497007773488e-4,"NME1;TNFRSF18;PIM3;PUS1;MRTO4;BCL2A1;RAMP1;TNFRSF4;RRP9;TSPAN17;SNX8;ICAM1;HAVCR2;CRTAM;UCK2;TMEM120A;STX11;CD72;MIR155HG;FABP5;TNFRSF9;CD82;SFXN4",-1.8766393161798773,0.0010334220081257629,TRUE,
"DESCARTES_FETAL_SPLEEN_VASCULAR_ENDOTHELIAL_CELLS",37,0.5375223479141973,2.1272628250689714,6.313245723132983e-5,2.3266073071038303e-4,"PTPRB;RGS7BP;MAGI1;KIAA1671;GCOM1;RAPGEF5;MECOM;SNCAIP;LINC01594;MYRIP;THSD7A;ADAMTSL1;ALG1L6P;CALCRL;NOSTRIN;CYYR1;ERG;TRPM6;DGKE;KLHL4;SIPA1L1;ADGRL4;MIR34AHG;AFAP1L1;TMEM233;FGF12;CHRM3",2.4436155475921963,2.41170795894867e-6,TRUE,
"DESCARTES_MAIN_FETAL_OLIGODENDROCYTES",25,0.6134904699141506,2.165846571679227,6.416454452285316e-5,2.3526999658379493e-4,"TRIO;CAMSAP2;BCAN-AS2;CASK;PDGFRA;BCAN;CHAD;MMP16;BCAS1;NOVA1;LHFPL3;SHC3",2.111958539777775,6.422426088680222e-4,TRUE,
"GAUTAM_EYE_CORNEA_ELF3_HIGH_EPITHELIAL_CELLS",143,-0.4166131285493549,-1.773349978991764,6.970474934684566e-5,2.5369848429254775e-4,"POLR2I;ATP5MF;COX6A1;NDUFB7;ATP5MJ;RBX1;UQCRQ;COX14;LSM4;COX7B;UBL5;MIEN1;NDUFB9;HES4;CCDC12;COA3;ZFYVE21;PRDX1;CRIP1;SELENOK;TMEM141;NDUFB2;MT1E;RRAD;COMT;HSBP1L1;CHMP2A;TAGLN2;METTL17;SREBF1;GJB5;ANXA2;CRB3;REEP4;MT1M;S100A6;ATP5PD;PEBP1;COX6C;NDUFA4;PLP2;IER5;ATP5PF;PAIP2;ATP5MK;MICOS10;BAG1;PSAP;GLTP;RAP2B;EZR;NDUFB3;PLEKHN1;ATP5F1E;SAT1;ADM;KCTD1;ANXA11;EMP2;SRD5A1;TXN",-1.8391993449506474,4.0955268290863955e-5,TRUE,
"ZHONG_PFC_C1_OPC",232,-0.3638422001172476,-1.6143327424461704,6.988938961227211e-5,2.5369848429254775e-4,"CENPM;EMC9;DYNC2I2;AURKB;POLA2;TUBB4B;MT2A;H2AZ1;NUDT1;PPIF;TK1;H2AX;CDC20;S100A16;CDCA4;LGALS1;PLK1;TUBA1B;CKS2;IFT22;CENPW;NRM;CKS1B;PRC1;POC1A;CHTF18;DTYMK;PIMREG;MXD3;EMP3;PCNA;ASF1B;RNFT2;TMEM106C;BUB3;LDHA;TMEM18;BIRC5;RAD51;CCNB1;CDCA3;CDCA8;REEP4;UBE2S;PSRC1;MAP2K2;TUBA1C;CCNF;CCNB2;KIF22;PTTG1;CDKN3;GUSB;AAMDC;UBE2T;H2AZ2;GINS2;PIF1;NUP37;KIFC1;UHRF1;NMU;TACC3;TUBB6;HMGN2;TROAP;KIF2C;PHF19;KNSTRN;NRAV;OIP5;CDKN2C;HMGB2",-1.6182927109339598,2.1529896434640717e-4,TRUE,
"SU_HO_CONV_CENT_CHONDROSARCOMA_C2_STROMAL",165,-0.4063223417329195,-1.7565913198451388,7.392922032634344e-5,2.670279301339569e-4,"MTFP1;TIMM8B;MYL6;RNF181;VAMP5;PSMB8;BAD;DCTN3;ETFB;ZSCAN16-AS1;LY6E;TAX1BP3;IDH3G;DPCD;NUDT1;MRPL14;RNASEH2C;CSNK2B;ATP5IF1;TMEM256;GSTO1;S100A16;DMAC1;CDC42EP1;SMCO4;TIMP1;ZNHIT1;INAFM1;HSBP1L1;SAT2;ALDOC;IFITM2;IFITM1;ATP5F1C;SOD3;R3HCC1;ARL3;NDUFB4;TPST2;AAMDC;PGAM1;PTGDS;HPCAL1;RARRES2;NOL3;CUEDC2;TNFAIP6;PDLIM7;SFT2D1;PDLIM2;MGMT;GTF2H5;PDLIM4;RCN3;IBSP",-1.650287049624805,0.001585060431036693,TRUE,
"DESCARTES_FETAL_INTESTINE_LYMPHOID_CELLS",123,-0.4301948390383286,-1.8073355333585948,8.353821697730782e-5,3.002413144827994e-4,"GNLY;ITGAE;TNFRSF18;NKG7;GZMA;IL4I1;PLEKHF1;CD3D;LINC01871;CD7;ALDOC;CTSW;PRF1;LCK;GZMM;S1PR4;TBX21;FASLG;CD52;SEPTIN1;CD8A;GBP5;TRBC2;CD247;CXCR3;MYO1G;KLRD1;CRTAM;PCED1B-AS1;SLA2;SIRPG;TBC1D10C;CD3E;TRGC2;MATK;SH2D2A;CXCR6;UBASH3A;LTB;ZAP70;KRT86;CD2;SIT1;IL18RAP;GZMK;EOMES;IL2RB;ACAP1;IL2RA;SH2D1A;CD6;LINC02384;GPR68;SYTL1;LTA;IL21R;RGL4;CD69",-1.634258467739078,0.0038251784220980664,TRUE,
"ZHONG_PFC_MAJOR_TYPES_NPCS",135,-0.423679901020607,-1.7904651369299733,8.619347758240989e-5,3.0825844692034275e-4,"CENPM;MCM5;DYNC2I2;AURKB;TUBB4B;H2AZ1;GNG5;H2AX;CDC20;SNRPB;CDCA4;TUBA1B;CKS2;CENPW;C19orf48P;MDK;CKS1B;MCM7;PRC1;DTYMK;PIMREG;FEN1;TAGLN2;PCNA;HSPB1;BUB3;LDHA;BIRC5;CCNB1;CDCA3;CCNB2;CLIC1;KIF22;PTTG1;CDKN3;UBE2T;MCM2;RPA3;H2AZ2;GINS2;UHRF1;TACC3;HMGN2;KIF2C;DUT;KNSTRN;OIP5;HMGB2;CENPN;MCM3;EOMES;CDCA5;ZWINT;PCLAF;GMNN;MAD2L1;CCNA2;MCM4;OTX1;NDC80;CENPU;RCN1;SPC25;UCP2;HJURP;MELK;VIM;PBK;RRM2",-1.8279081747646106,1.2021441782445358e-4,TRUE,
"MURARO_PANCREAS_PANCREATIC_POLYPEPTIDE_CELL",123,0.3549074539959266,1.7938394985955375,1.0481053518232712e-4,3.730021987371053e-4,"PRKACB;INPP5F;REV3L;MAB21L3;PDK3;CEP126;SREK1;ZNF608;YPEL2;RHOBTB3;PCLO;IDS;ABCA5;THSD7A;CHN2;PXK;CAMK2N1;PGR;ADGRL2;C1GALT1;BMF;FGD4;AKAP12;FOXP2;CTTNBP2;L1TD1;SYNPO2;TOX3;PTGFR;ATP8A1;SLC6A4;ID4;CSGALNACT1;TMEM47;AMOTL1;ACSL6;PCDH17;TRMT9B;CXXC4;CACNA1H;DPYSL3;SLC40A1;KCNQ1OT1",1.8270940931642103,1.1108281420275274e-4,TRUE,
"TRAVAGLINI_LUNG_AIRWAY_SMOOTH_MUSCLE_CELL",157,-0.4028094421406653,-1.7369996252416775,1.1252224049843004e-4,3.9849339805785467e-4,"PFN1;COX6A1;MYL6;NDUFB7;MZT2B;RPS14;UQCRQ;RPL18;RPS16;HCFC1R1;RPS21;NDUFB1;NRGN;UBL5;SLIRP;HES4;RPL27;RPLP1;CD151;NDUFB2;MOB2;COX7C;RPL10A;ALDOC;RAMP1;RPS6;RPL27A;RPL23A;COX7A1;HSPB1;KRT18;RPL38;SOD3;RPL34;SNCG;NDUFB4;RPL5;RPL41;CSRP2;NDUFA4;RPL37A;MGST3;ISYNA1;RPL31;IGFBP7;NOL3;CRIP2;CAV2;RPS27A;TINAGL1;PTMA;RAB20;WDR1",-1.5850590579061667,0.006207887891701035,TRUE,
"DESCARTES_FETAL_STOMACH_LYMPHOID_CELLS",75,-0.4760785656981158,-1.8422072652753727,1.263382624330474e-4,4.4400467963233957e-4,"NKG7;GZMA;CD3D;RAC2;CD7;CTSW;LCK;GZMM;S1PR4;CORO1A;CD52;SEPTIN1;AGAP2;TRBC2;CD247;MYO1G;PCED1B-AS1;SIRPG;TBC1D10C;CD3E;MATK;LTB;ZAP70;RASAL3;CD2;IL2RB;TAP2;SH2D1A;CD6;GPSM3;SASH3;OAS2;LTA;IL21R;FAM78A;CD69;CD3G;TMIGD2;MFNG;SKAP1;GATA3;PYHIN1;ICOS;TRAT1;CD27;CHI3L2;ICAM3;CD79B",-1.7485274423770534,0.0017390628706943905,TRUE,
"MURARO_PANCREAS_DELTA_CELL",195,0.294897009507076,1.6135296766077738,1.2659637559765053e-4,4.4400467963233957e-4,"TTC3;ZKSCAN1;SORL1;PRKACB;ANK3;PREPL;INPP5F;PROX1;AHI1;SLC38A1;ABCC5;RUFY3;STAU2;MBNL2;RHOBTB3;PCLO;IDS;FHOD3;PLXNA2;ZMAT1;VAT1L;THSD7A;CHN2;SETBP1;FTO;PJA2;NCAM1;RUNX1T1;CEP41;EYS;DNAJC6;ADGRL2;MAP1B;SESN3;FANCF;RCAN3;MCC;AKAP12;FOXP2;PCK1;RIPPLY3;CADPS;PRSS23;HTATSF1;JAM3;LEPR;ABI3BP;VWA5A;PNMA8A;MAP9;LRCH2;EPHX2;MAP6;DYNC2H1;SCRN1;SYNE2;ICA1L;CXXC4;DPYSL3;SYT1;NBEA;LCORL;ARFGEF3;NSG1;BEX4;PAIP2B;EHF;NAP1L3;UNC5B;ACVR1B;C14orf132",1.8215286749215607,1.2079038942388682e-5,TRUE,
"DESCARTES_FETAL_MUSCLE_MYELOID_CELLS",113,-0.4304718192386684,-1.7906223261467444,1.2779510909636572e-4,4.4605408271135343e-4,"HLA-DMA;CST3;CD74;HLA-DRB1;HLA-DPB1;HLA-DQB1;HLA-DRA;CIITA;HLA-DRB6;C1QC;UNC93B1;HLA-DPA1;MFSD13A;C1QA;KYNU;AGR2;P2RY6;CD14;S100A9;C2;SPI1;SPP1;GNA15;RENBP;LYZ;IGSF6;HLA-DQA1;AIF1;FOLR2;VSIG4;MIR155HG;CYTH4;NCF4;HCK;NCF2;LINC01503;MS4A4A;CASP1;HMOX1;TRPM2;CD83;CD86;ITGAM;MKNK1;NFAM1;FAM20A;GLIPR1;MS4A6A;ADAP2;IRF5;LY86;IRF8;NOXA1;CSF2RA;PLA2G7;C3AR1;SIGLEC1;FGD2;PIPOX;FCN1;EAF2;CLEC7A;TLR2;ARHGAP22;MS4A7;CABLES1;MNDA;IL10RA;CMKLR1;CSF1R;CD163;CYTIP;LINC02649",-1.5412792875548482,0.01581031119174295,TRUE,
"TRAVAGLINI_LUNG_NATURAL_KILLER_T_CELL",27,-0.6268319279403453,-1.9846069092070426,1.3056343293733314e-4,4.5353613546652563e-4,"GNLY;SOCS1;TNFRSF18;NKG7;ZNF683;CD7;HLA-C;CTSW;PRF1;CXCR3;KLRD1;MYL12A;CRTAM;DUSP2;CXCR4;SLA2;B2M;KRT86;IL2RB;HOPX",-1.8951101646501176,0.001215603184424564,TRUE,
"BUSSLINGER_ESOPHAGEAL_EARLY_SUPRABASAL_CELLS",77,-0.47544593848076744,-1.8473165544432544,1.3220936913325648e-4,4.5706667614640097e-4,"MT2A;H2AZ1;RAN;ENO1;SLC25A5;RPLP1;TUBA1B;TUBB;FBL;RPL10A;PRC1;ATP5MC3;RPL13A;PCNA;RPS6;YBX1;TKT;CCNB1;HNRNPAB;RPS3A;HNRNPF;RPL5;PTTG1;EEF1A1;CSRP2;CCT5;RPL15;H2AZ2;HSPA8;PTMA;IMPA2;DUT;B2M;CALM2;HMGB2",-1.7861935408063867,0.0011236366169169744,TRUE,
"HE_LIM_SUN_FETAL_LUNG_C0_MYOFIBROBLAST_2_CELL",84,0.38556699821362656,1.8354873793603248,1.6313528666661695e-4,5.613090906159427e-4,"SLC26A2;NKD1;SEMA3C;MYOCD;NOTUM;SLCO2A1;PLXNA4;ZEB1;PLEKHG1;FENDRR;C1QTNF7;TMEM100;ITGA9;PLXNA2;SORT1;MCTP2;RUNX1;ALKAL1;ENC1;CXCL14;EOGT;SSC5D;LRP4;MYH11;PAG1;FAM118A;WNT11;TYRP1;SNED1;COL12A1;SYT1;LTBP2;WNT5A;REEP1",1.8773513255944025,6.849187616950527e-4,TRUE,
"SU_HO_CONV_CENT_CHONDROSARCOMA_STROMAL_C4_CANCER_ASSOCIATED_FIBROBLAST",155,-0.39632946892533943,-1.704585474397645,1.671060182374093e-4,5.708979323119757e-4,"SERF2;RABAC1;VAMP5;YIF1A;LSM7;OST4;JTB;CRELD2;TAX1BP3;PPIB;GPX4;HCFC1R1;NDUFS6;COPS9;ISOC2;LAMTOR2;C1orf122;SEC61B;IFT20;TMED3;SMCO4;MDK;RAC3;GRN;FKBP11;PYCR1;CTSZ;P3H1;OSTC;MYL12B;GLIPR2;GAS6;NDUFA4;SEC61A1;PSMA4;CHPF;PDLIM7;CTSB;NME4;PDLIM2;P3H3;UROS;P3H4;RCN3;SSR3;PTX3;EGFL6;NUCB2;KDELR2",-1.5243516926312155,0.00912668422404154,TRUE,
"MANNO_MIDBRAIN_NEUROTYPES_HRGL2A",458,0.23280463195388845,1.380162590997154,1.674948479097119e-4,5.708979323119757e-4,"PARD3B;PTCH1;OPHN1;THOC2;THSD4;EPB41L4B;EDNRB;FNDC3B;ATXN1;CFAP126;NCKAP5;CLCN3;UBL3;COL4A5;XYLT1;WIPF2;SALL1;ILDR2;MAML2;PRKCA;FAT1;AKAP6;EGFR;INHBB;LIFR;MPDZ;ABAT;SNCAIP;ABHD2;REST;EVI5;CEP126;CAST;PRKAA2;TRAM2;LRRN3;LTBP1;ITPR2;HDAC4;SLC11A2;LAMA4;CCDC146;SCN4B;PDE1C;NMNAT2;SERPINE2;LDLRAD4;CACNB2;SORBS1;SLC16A9;ZMAT1;ABCA5;AHNAK;GASK1B;SH3PXD2B;ATP2B4;MYORG;RPGR;TCF4;BCAN;LRP1;RFTN2;APC;EPHA3;NLGN4X;GPR155;CDH13;SPAG1;MAMDC2;GNG12;KCNN3;SPATA6;STON2;PLPP3;KAT2B;SESN3;HSDL2;MCC;ARAP2;CFAP44;PDLIM5;DNAH6;INTU;ELN;CRISPLD1;KBTBD11;MIR99AHG;SOX9;FGFR3;HEATR5A;ID4;PAG1;EMP1;CSGALNACT1;ANTXR1;CREB5;TMEM47;ATP1A2;HAS2;DTNA;SALL2;COL8A1;MNS1;GPM6B;NCAM2;ICA1L;LRATD2;ATP1B2;DNAI4;ITGAV;DTX4;SPARCL1;SLC15A2;NOTCH2;SEL1L3;TMED5;SRGAP3;TRIL;NBEA;NELL2;TMT1A;TCIM;CLU;NLGN3;ZFP36L2;MASP1;PALS1;TGIF2;HMGCS1;TSPAN18;PTK2B;GALC;ZFP36L1;SORCS2;SOX6;SFRP1;CDHR1;S1PR1;SELENOP;LPIN2;AASS",1.5551016537874558,3.4152446189088975e-6,TRUE,
"DESCARTES_FETAL_PLACENTA_LYMPHOID_CELLS",122,-0.419627220261198,-1.761311537804175,1.7035814854043376e-4,5.779439992539949e-4,"GNLY;IL32;TXNDC5;TNFRSF18;NKG7;GZMH;GZMA;ZNF683;CD3D;CD7;CTSW;PRF1;ISG20;LCK;PSTPIP1;TOGARAM2;CD52;SEPTIN1;CD8A;TRBC2;CD247;CXCR3;MYO1G;CRTAM;SIRPG;CD244;ALOX5AP;TBC1D10C;CD3E;TRGC2;CDKN2A;SH2D2A;LTB;ZAP70;RASAL3;RHOH;CD2;GZMK;ITGB7;EOMES;WDR62;SH2D1A;CD6;ADGRG5;GIPR;ADGRG3;TIGIT;OASL;CD69;CD3G;PLCH2;RASGRP1;CLDND2;TMIGD2;CD96;GZMB",-1.6246838711003135,0.0037014833128846476,TRUE,
"MURARO_PANCREAS_ENDOTHELIAL_CELL",360,0.2481945759985649,1.4324115012917766,1.7651757360374944e-4,5.960546904014981e-4,"DENND11;MRTFB;GAB1;CBL;PTPRB;BMPR2;TGFBR2;ARHGEF12;SLC26A2;ERBIN;MACF1;LUZP1;JAK1;GARRE1;RGS5;EPAS1;ANKRD50;PGM2L1;LAMC1;KDR;ITGA2;SLCO2A1;NOL4L;KCTD20;UACA;LIFR;MECOM;MEF2A;REST;ZEB1;DAB2;PLEKHG1;SOX4;SMAD7;ANKRD11;LAMA4;SASH1;SNTB2;PLXNA2;KLHL24;NID1;EMCN;FLT1;GASK1B;SHE;OLFML2A;A2M;TCF4;RBMS1;PTPN12;CEBPG;RAPGEF4;CBLB;ADGRF5;TEK;UTRN;ADGRL2;KCNN3;DLC1;PLPP3;SPTBN1;RAPGEF1;HEG1;COL4A1;CD93;ITGA1;SWAP70;SNRK;ETS2;PRSS23;CCND1;MEF2C;HIP1;PKP4;KLF13;TP53INP2;MYCT1;SKAP2;LDB2;SEMA3G;JAM3;EMP1;ARHGAP23;KBTBD2;MYLK;TMEM47;PMEPA1;MYH9;TSC22D1;RDX;CALCRL;ZNF532;ITGAV;F2R;SPARCL1;IL6ST;ESM1;DPYSL3;CYYR1;FRMD4A;PRDM1;LAMB1;TCIM;ERG;ADAMTS9;SYNPO;ZFP36L2;CD34;MCF2L;MMRN2;FMNL3;COL4A2;NKX2-3;RB1",1.8203401665217065,9.866656964059603e-9,TRUE,
"DESCARTES_FETAL_THYMUS_VASCULAR_ENDOTHELIAL_CELLS",118,0.34072516130336794,1.7045803174178034,2.2897990584316922e-4,7.696269057506521e-4,"PTPRB;EPAS1;GNG12-AS1;KDR;PROX1;FGD5;HMCN1;PREX2;ITGA6;MPDZ;MECOM;DOCK9;MYRIP;MYO1B;EMCN;THSD7A;FLT1;GASK1B;SHE;A2M;PPARG;RFTN2;ADGRF5;CAVIN2;TEK;KALRN;FGD4;HIF3A;MPP7;COL4A1;MET;MYCT1;LDB2;ZNF521;NR3C2;RELN;PCDH17;CALCRL;ERG;TLL1;ADAMTS9;NALF1;PRELID2;DIPK2B;WASF3;EGF;SEMA3A;PGM5;ARAP3;COL15A1;PTPN14;MMRN1;PKHD1L1;AOC3;ARHGAP29;ADGRL4;LYVE1;ELK3;APLNR",2.034264880028839,4.812317612521672e-6,TRUE,
"FAN_OVARY_CL16_LYMPHATIC_ENDOTHELIAL_CELL",229,-0.3584480278636682,-1.5886965009269847,2.3432038156295256e-4,7.839474516806615e-4,"POLR2L;PFN1;NDUFS7;GUK1;TRAPPC1;GFUS;LMAN2;PET100;TSPO;NPC2;ARPC1B;S100A16;PIM3;TSPAN4;ZFYVE21;SDF4;ARL2;IFITM3;CD151;CTSD;COMT;CD63;HYAL2;REXO2;CEBPD;HLA-C;DAD1;LRPAP1;ATRAID;NNMT;RHOC;FSCN1;GRN;YWHAH;CTSL;HLA-A;SH3BGRL3;HSPB1;FDPS;ANXA2;HLA-E;GMFG;S100A6;EFNA1;MYL12A;LAPTM5;PPIC;MYL12B;BCAP31;HLA-B;FXYD5;GYPC;PROCR;CYB5R3;ANXA5;IGFBP7;REEP5;NUCB1;CRIP2;JUNB;FABP5;TUBA1A;B2M;PTX3;TFF3;PTMS;EGFL7;GADD45B;PSAP;DEPP1;KRTCAP2;DEGS1;NTAN1;TPM3",-1.4572203259173513,0.009462698382695756,TRUE,
"HU_FETAL_RETINA_RGC",370,-0.32401745133531734,-1.4862952243649623,2.5515262265109054e-4,8.497284589206042e-4,"COX6A1;RABAC1;NDUFB8;FIBP;TRAPPC1;DCTN3;ETFB;GAPDH;NICOL1;NME1;ATP5PO;DYNLT1;VKORC1;TMSB10;RBX1;TXNDC17;UBE2L6;PAFAH1B3;DCTN2;HCFC1R1;NDUFA12;NOP10;ZCCHC17;ACOT7;COMTD1;ADISSP;H3P16;RAB3A;EBP;CALM3;TUBB;PFDN2;FAM241B;NAGK;ALDOC;ARPC1A;ENO2;TBCB;GPI;PPP1R14B;RAB33A;YWHAH;SH3BGRL3;SLC2A6;GTF2A2;VPS72;CDKN2D;FDPS;KLHL35;PPP2R1A;TAF9;LDHA;NDUFS4;SEC61G;FABP3;OCIAD2;RUSC1;SNCG;JPT1;GLRX;PCMT1;ARL3;ACTR1A;PRMT2;ITGB1BP1;IRX3;MVD;PDE6D;DTD1;MYL12B;FKBP1B;TPPP3;MFSD10;PSENEN;FAM162A;PGAM1;SEC11C;RGS10;CALB2;CCT5;MGST3;DYNLRB1;CXCR4;FSD1;PGK1;TMSB4X;CRIP2;KLC1;GDI1;FABP5;ATP5MK;TUBA1A;DBN1;NPDC1;GABARAPL2;BLOC1S2;FAM229B;SVBP;CALM2;RALGDS;VDAC3;RNF5;TMSB4XP4;TPM3;IRX2;PRDX5;PNMA2;MTCH2;ARPC5;CD200;DPYSL4;NRN1;FKBP3;ISL1;BNIP3L;SEZ6L2;STXBP1;STX1A;VAT1;STMN3;VDAC2;PNMA1",-1.4323080526112455,0.0024353929926743574,TRUE,
"HE_LIM_SUN_FETAL_LUNG_C1_EARLY_TIP_CELL",126,-0.41512357309250675,-1.7424742093179582,2.5723376059396877e-4,8.527475351197321e-4,"CENPM;PGP;UQCRHL;AURKB;CNFN;TK1;ACOT7;CTXN1;CDC20;CDC45;APOC1;PLK1;SPC24;CENPW;HAGLROS;POC1A;GADD45G;PIMREG;TRAIP;HSPA6;BIRC5;CDCA3;CDCA8;CCNB2;CHAF1A;LINGO1;PARD6G-AS1;GYPC;PKN3;UBE2T;LAMA1;TUBB3;UHRF1;PMAIP1;HSPA2;TACC3;E2F1;PSMC3IP;CENPN;LOXL3;CDCA5;ZWINT;TRIP13;MYBL2;CENPH;CHST6;SNAI1;MAD2L1;FADS2;CCNA2;ALPL;HNRNPA1L3;MCM4;NUDT11;WASF1;CENPU;CEACAM21;SPC25;MELK;PBK;FOXM1",-1.6558617702618625,0.0033395328915180418,TRUE,
"FAN_OVARY_CL5_HEALTHY_SELECTABLE_FOLLICLE_THECAL_CELL",315,-0.32930882863452443,-1.4946540084665123,2.5896493504929253e-4,8.545842856626653e-4,"SNHG25;ATG101;ATP5MJ;UBB;DYNLL1;NME3;S100A13;TAX1BP3;NME2;H2AZ1;ARF5;SNHG19;GRHPR;NPM3;RPLP0;MPG;ISG15;GLRX5;EIF4A3;AHSA1;LGALS1;MALSU1;APOC1;PLOD1;SLC25A5;IFITM3;HSPE1;CHIC2;GBP4;MRPL18;CKS2;ATP5F1A;C19orf48P;SAT2;CLEC2B;APOE;MLF2;CYTOR;ATP5MC3;GADD45G;FLYWCH2;RPL22L1;ZFAND2A;CFAP20;IFITM1;APEX1;DDIT4;ATP5F1C;NECTIN2;RPS26;MDH2;PPIA;CCT2;IFI6;CLEC11A;PLD3;CITED2;GBP1;SERPINH1;BAG3;EEF2;GLRX;UBC;TMEM9;DNAJA1;RHBDD2;OSTC;PPIC;MYL12B;PTTG1;ADH5;ECH1;GYPC;SPG21;COX6C;OSR2;JMJD6;ANGPTL4;RNASE1;TXNL1;P4HB;ISOC1;HSPA8;BOD1;COLEC11;MORN2;ACAA1;HMGN2;OAF;PTMS;FDX1;CTSC;GADD45B;PLIN3;PPP2CA;CACYBP;IP6K2;PMP22;LDHB;LANCL2;STAT1;ACADVL;C1orf52;RAB34;ING1;ADM;EFEMP2;HTRA3;RGS2;PCOLCE;SPON2;EMP2;SCPEP1;CCT4;TMEM45A;C4BPB;SEPTIN9",-1.4351380213479035,0.0033783497475808823,TRUE,
"DESCARTES_FETAL_ADRENAL_LYMPHOID_CELLS",127,-0.4033753890969276,-1.689522523721528,3.003976483165358e-4,9.868266637004751e-4,"PLAAT4;GNLY;IL32;NKG7;GZMH;GZMA;CRIP1;CD3D;CD7;PRF1;ISG20;LCK;GZMM;TBX21;CD52;SEPTIN1;CD8A;GBP5;TRBC2;CD247;MYO1G;CRTAM;PCED1B-AS1;DUSP2;CD244;TBC1D10C;CD3E;MATK;SH2D2A;UBASH3A;LTB;ZAP70;RHOH;CD2;SIT1;IL18RAP;GZMK;EOMES;IL2RB;ACAP1;HSH2D;BIRC3;IL2RA;SH2D1A;ADAM8;SYTL1;ADGRG3;TIGIT;S1PR5;CD3G;RASGRP1;TMIGD2;CD96;GZMB;SKAP1;SYTL3;SLAMF7;PYHIN1;IL12RB2;ICOS;CD8B;TRAT1;CD27",-1.5313466818144315,0.014425671159926703,TRUE,
"DESCARTES_MAIN_FETAL_STELLATE_CELLS",33,0.535558072220463,2.0713608839541964,3.037404395608314e-4,9.933133293746107e-4,"BMPR2;ANKS1A;HHIP;HGF;NEURL1B;RPS6KA6;RBMS3;EHBP1;ADAMTSL1;HMBOX1;ARHGEF35-AS1;ROCK1P1;DAAM2;LAMB1;ADAMTS9;MASP1",2.3657665794657174,1.8984528336081227e-5,TRUE,
"CUI_DEVELOPING_HEART_COMPACT_ATRIAL_CARDIOMYOCYTE",15,-0.7266011270059772,-1.9963826275174184,3.0534169769680917e-4,9.940720741160693e-4,"RPL18A;GAPDH;FTH1;RPL13;RPL27A;YBX1;COX7A1;RPS3A;RPL31",-1.9107578344901521,0.0034742371891436034,TRUE,
"DURANTE_ADULT_OLFACTORY_NEUROEPITHELIUM_MATURE_NEURONS",144,-0.39830161527336866,-1.697835704927348,3.4564561803175495e-4,0.001120230256565116,"NICOL1;COQ4;WDR54;ATOX1;PAFAH1B3;COX5B;PSMC5;ADISSP;MIEN1;CCDC157;HAGHL;P4HTM;CALM3;SPMIP6;CUTA;IFI27;CYSTM1;ENO2;SNAPIN;KIF9;R3HCC1;IFI27L2;ARL3;SPINT2;CENPV;KIF22;PDE6D;RSPH1;TPPP3;ATF5;IFT27;KLC2;CALB2;MGST3;TOM1;IGSF8;SELENOT;CYB5R1;MORN2;GDI1;OSCP1;TUBA1A;MT1F;GABARAPL2;CALM2;PODXL2;PSAP;FAM131C;IP6K2;TSPAN3;PPA1;IMPDH1;GNB1;EFNA3;TRIB3;CALM1;CBX4;COMMD8;APLP1;CAPS;CACNB3;UCHL1;GPX2;OLFM1;CETN2;PCSK1N;UCP2;OAZ2",-1.7510068821888247,0.00023714920633836597,TRUE,
"DESCARTES_FETAL_LUNG_LYMPHOID_CELLS",114,-0.41906352263578417,-1.7446943805197468,3.478124235035698e-4,0.001120230256565116,"GNLY;NKG7;GZMH;GZMA;ZNF683;CD3D;CD7;PRF1;LCK;GZMM;S1PR4;TBX21;FASLG;CORO1A;PDCD1;CD52;SEPTIN1;CD8A;TRBC2;CD247;CXCR3;CRTAM;PCED1B-AS1;SIRPG;TBC1D10C;CD3E;TRGC2;MATK;CXCR6;UBASH3A;TNFRSF9;LTB;ZAP70;RHOH;NPM1P27;CTLA4;CD2;SIT1;IL18RAP;GZMK",-1.5336049846534359,0.014765643742330553,TRUE,
"AIZARANI_LIVER_C12_NK_NKT_CELLS_4",45,-0.5319676735087817,-1.887796728970192,3.487218154045678e-4,0.001120230256565116,"GNLY;NKG7;GZMA;CCL5;RAC2;CD7;IFITM1;HSPA6;BAG3;CD247;DNAJA1;KLRD1;DUSP2;ALOX5AP;HSPA8;DNAJB1;CD3E;CACYBP;GZMK;EOMES;IL2RB",-1.7046136351498822,0.011466984854186808,TRUE,
"HE_LIM_SUN_FETAL_LUNG_C4_T_ALPHA_BETA_ENTRY_CELL",62,0.4167632635886613,1.8564501910034115,3.730732367505275e-4,0.0011931769598276783,"MED13L;PIKFYVE;GSE1;MSI2;BCOR;CD2AP;ANKRD36;MOB1B;RANBP6;SCAI;ITPR2;ARHGEF7;LDLRAD4;APC;RASSF6;RAG1;TNFRSF21;MAP1A;PTPRM;ZNF518B;CD1E;PELI2;PTK7;RRAGB;GALNT7;DNASE1;EDEM1;KCNA3;TBC1D19",2.0185844205917456,1.193707633931665e-4,TRUE,
"DESCARTES_FETAL_STOMACH_SQUAMOUS_EPITHELIAL_CELLS",33,-0.5839753048242327,-1.9494778385381195,3.7629279348926276e-4,0.001198195474005284,"KRT16;SFN;KRT17;S100A3;S100A9;NMU;PAX9;KRT6A;LYPD3;GJB3;SERPINB5;TACSTD2;FGFBP1;KRT15;PLEKHN1;KRT6B;RHOV;AQP3;S100A2;APOBEC3A;TCN1;PKP1;TNS4",-1.8727549822479257,0.002963160158557436,TRUE,
"BUSSLINGER_ESOPHAGEAL_PROLIFERATING_BASAL_CELLS",66,-0.47664145594734847,-1.8023868257486324,4.152775452730321e-4,0.0013165567592498748,"RPS5;RPL18A;GPX4;MT2A;H2AZ1;TK1;RPS3;ENO1;SNRPB;IFITM3;TUBA1B;TUBB;FBL;RPL10A;MCM7;CD81;PRC1;RPL13A;YBX1;TKT;ASS1;RPL10;EEF2;RPL5;EEF1A1;KRT19;RPL15;EEF1B2",-1.8941989298011752,2.124121338770263e-4,TRUE,
"GAUTAM_EYE_IRIS_CILIARY_BODY_MEG3_HIGH_FIBROBLASTS",108,0.34669628038218026,1.727874984967798,4.276714679414362e-4,0.0013499542857629682,"BAZ2B;ZKSCAN1;AFF1;THOC2;BTAF1;NIPBL;HGF;ZNF302;FNDC3A;PRKCA;ARID3A;ZNF37A;GPRASP1;NAV1;ASXL1;RICTOR;RHOBTB3;ITSN1;RAMP2-AS1;FLT1;SSH1;CEP95;ETV3;MCTP2;PTPRG;ZC3HAV1;ALPK1;ELN;NABP1;DIO2;IBTK;ZNF10;PLEKHG2;MAPK10;HPS4;FGF7;GSTM2;BSDC1;ZFHX4;AASS",1.9164648244218963,2.837204710918267e-5,TRUE,
"HE_LIM_SUN_FETAL_LUNG_C0_MID_AIRWAY_SMC_2_CELL",174,0.2887443707960423,1.5460559085522196,4.69551891730926e-4,0.0014757345168686245,"NCOA6;TACC2;THSD4;NCKAP5;SEMA3C;SVIL;TRAF5;HHIP;COL4A5;MYOCD;PPP1R12B;PLXNA4;ZEB1;DMD;COL4A6;FENDRR;SLMAP;IRAG1;ITGA9;SORBS1;ARL4A;ESYT2;HSPG2;CDH13;CAVIN2;BMF;HHIP-AS1;FILIP1L;FOXP2;SLC8A1;SYNPO2;TRANK1;NET1;EPCAM;PARM1;MBNL1-AS1;CHRDL1;SSC5D;ADAMTS8;MYH11;ADAM19;HPSE2;TYRP1;GPR20;ATP1A2;PMEPA1;CDC42EP3;FLRT2;ENTPD1-AS1;DTNA;CXADR;GREM2;ITGA10;TRIB1;LTBP2;AKAP1;FNDC1;WNT5A;TSPAN18;MSRB3;CRELD1;CCDC88C;FEM1C;ADAMTS6;SYT11;FGF18;GLRB;BCL11A;C3orf70;SCUBE1;LAMA5;KLHL4;KANK1;ZBTB16;P3H2;PBXIP1;ADAMTSL2;ADAMTS5;CRISPLD2;SPEG;LIMS2",1.7916298004012225,2.6527226456296906e-5,TRUE,
"SU_HO_FOETAL_FEMUR_C1_RESTING_CHONDROCYTE",40,0.4670675584963714,1.8879837484046642,4.84873527199338e-4,0.0015173197445979283,"FOXO3;DST;MON2;PHC3;XYLT1;COL14A1;TRAM2;SORBS1;COL9A3;LRP1;MEG3;MMP16;DDR2;SOX9",2.1044781202147114,1.7358450480034265e-4,TRUE,
"HE_LIM_SUN_FETAL_LUNG_C0_EARLY_FIBROBLAST",74,-0.4555690964778346,-1.7555191868106372,5.141737569201006e-4,0.0016021036374420303,"CENPM;UQCRHL;BID;AURKB;H2AC25;CDC20;CDT1;CKS2;TYMS;MCM7;PIMREG;KRT18;HMGA1;BIRC5;CCNB1;SNCG;CCNB2;CHAF1A;LIMD2;PTTG1;KRT8;UBE2T;GINS2;FZD2;UCK2;UHRF1;AIF1;SERINC2;RMI2;CENPN;CDCA5;ZWINT;GPSM3;MAD2L1;CCNA2;HNRNPA1L3;MCM4;CENPU",-1.829424711520006,4.7039290112599287e-4,TRUE,
"GAUTAM_EYE_CORNEA_TGFBI_HIGH_EPITHELIAL_CELLS",104,-0.41504282271477966,-1.6984791778333383,5.53056295293517e-4,0.0017158926084747579,"NAA38;ATP5MF;ATP5MJ;ELOB;PRDX2;DUSP23;TUBB4B;H2AZ1;EXOSC7;PKM;PRDX1;TUBB;GSTP1;MT1E;CKS1B;ATP5MC3;PYCR2;ASS1;ATP6V1E1;IL20RB;OCIAD2;ADI1;DYNLRB1;C16orf74;ACYP1;CAPG;SYT8;ATP5PF;HSPA2;CAV2;MRPS6;IMPA2;GADD45B;TPD52L1;CRLF1;PRDX5;LSM3;DDIT3;ATP1B3;C12orf75;ATP23;PTGES;CKAP4;ARPC2;LSM5;GAS1;ITGA3;CAPS",-1.6668220391450692,0.0028249183180443552,TRUE,
"DESCARTES_FETAL_CEREBRUM_MEGAKARYOCYTES",330,-0.3273599794289136,-1.4898555600080767,5.70172220626176e-4,0.0017557327473906516,"UROD;GPX1;SDHA;B9D2;MRPL27;CSKMT;USF1;WDR24;SMIM12;NENF;DUSP23;GPR137;THOC6;CALHM6;PPP1R35;PPIF;NRGN;GAS2L1;THOC5;MFSD2B;TALDO1;MPST;HAGHL;RADIL;ATG4D;RHOF;SLC50A1;MPND;RASSF7;RPUSD3;MRTO4;CCDC61;C19orf48P;IER5L;GMPR;TAP1;TUBA4A;TECR;MARCHF2;FLYWCH2;GTPBP6;RNF208;RBM38;MAX;ESS2;TIMM21;PCYT2;SLC66A1;RNF215;ABCB6;SIRT7;PSMB8-AS1;IRF2BP1;OCIAD2;RAD9A;FAM110A;CENPT;LYL1;KLRD1;ICAM5;CLEC12A;FXYD5;PKN3;CXCL3;RRP1;STK11;FFAR2;DOK2;CCND3;OR7E14P;RITA1;STX11;KLHL26;PLEK;SNHG6;HYAL3;TMEM91;E2F1;TSC22D4;S100A4;MREG;ZBTB22;RSPH14;PRKAR2B;OPLAH;CLDN4;SH3BP5L;ENDOV;VSIG10L;ACRBP;SLC10A3;RAP2B;SLC39A4;EXOC3L4;SNPH;CXCL5;NLRC5;BBC3;IL27RA;ARL1;RAB27B;NEK8;SRF;HCP5;AHR;CASC8;CENPH;MEPCE;RUFY1;CD6;CISH;CTSA;CD55",-1.4436760920938967,0.0043917028839840985,TRUE,
"DESCARTES_MAIN_FETAL_ANTIGEN_PRESENTING_CELLS",97,-0.4322078529568545,-1.751614268338251,5.707340611352532e-4,0.0017557327473906516,"MRM3;CD70;CD74;HLA-DPB1;HLA-DQB1;ALYREF;IGFLR1;CXCL10;ELAC2;IL4I1;HLA-DRB6;NME2P1;HLA-DPA1;RNF19B;ZMYND15;PPM1J;CXCL9;HLA-DQB2;ATG3;TOR3A;RPL23P8;C1orf54;GFI1;VAC14;NMI;MIR155HG;EVI2A;AEN;SLAMF8;TNFRSF9;NUP62;MMP25;CD40;HLA-DQA2;SWSAP1;CD80;SORD2P;ADAM8;PLA2G2D;SLC9A7;MMP9;IL21R;OASL;IRF8;GPR132",-1.5458427223201368,0.0192570865355953,TRUE,
"FAN_OVARY_CL6_PUTATIVE_EARLY_ATRETIC_FOLLICLE_THECAL_CELL_2",296,-0.3307481459368954,-1.495955999932071,5.824148465957965e-4,0.001784106238939022,"C12orf57;RABAC1;NME3;VKORC1;TAX1BP3;NENF;FKBP8;RPLP0;AKR7A2;ADISSP;NPC2;SELENOM;TSPAN4;ZFYVE21;LGALS1;TALDO1;MPST;IFITM3;CUTA;NFKBIA;CTSD;TIMP1;RNH1;SAT2;HS3ST1;REXO2;CEBPD;CYB5A;MDK;APOE;LRPAP1;ATRAID;BSG;BST2;GADD45G;RHOC;PRDX4;SNHG32;DDIT4;HSPA6;IFI6;CLEC11A;PLD3;SERPINH1;S100A6;SMIM7;SERPINB6;SELENOW;IFI27L2;KDELR1;IMPDH2;PPIC;EEF1A1;ADH5;PEBP1;FAM162A;GYPC;CYB5R3;OSR2;KRT19;RARRES2;CAPZB;P4HB;NUCB1;DNAJB1;COLEC11;JUNB;HMGN2;TUBA1A;ING2;GADD45B;MAOB;NUCB2;PSAP;DEPP1;TMEM50B;PMP22;NOP53;LGALS3BP;RAB34;LTBP4;ARLN;ARL1;NBL1;ADM;EFEMP2;BNIP3L;RGS2;RNASE4;SPON2;PDGFRL;SOCS3",-1.4005402007273324,0.009450224017800478,TRUE,
"BUSSLINGER_GASTRIC_X_CELLS",157,0.30645924365861266,1.6209214565997476,5.946478088686244e-4,0.0018139256690698374,"BAZ2B;TEAD1;GCC2;CHD7;ZKSCAN1;AKAP9;DSP;DST;PBX1;A1CF;VPS13C;TNRC6A;LPP;KIF13B;PROX1;REV3L;GK5;PHIP;NAV1;SMARCA2;CEP126;APPL2;KAT6B;SYT7;CHGB;RHOBTB3;PCLO;IDS;PRKAR1A;HOOK3;RAPGEF4;LRRFIP1;AP1AR;OLFML3;MAP1B;SORBS2;WSB1;EIF4G2;GNAO1",1.6081667707403375,0.0013902056094573633,TRUE,
"SU_HO_CONV_CENT_CHONDROSARCOMA_STROMAL_C5_VASCULAR_SMOOTH_MUSCLE_CELL",125,0.32197561692380056,1.6396366487588694,6.280355250490449e-4,0.0019077564484753415,"KMT2E;SEMA5A;DICER1;MAP3K20;JAK1;RGS5;PDE8A;HGF;REV3L;CLMN;DYNC1I2;UACA;ZHX1;PLSCR4;BAZ2A;ARHGAP42;ASAP2;MYO1B;GJC1;EPB41L1;TMOD3;PRKG1;CAMK2N1;A2M;SGIP1;EPS8;STK38L;UTRN;DLC1;SPTBN1;ODF2L;PPP1R12A;FILIP1L;PTK2;MGLL;ITGA1;BACH1;PRXL2A;JAM3;CARMN;MYLK;GPM6B;TNS1;GUCY1A1",1.8680549855022113,3.59834409640913e-5,TRUE,
"FAN_EMBRYONIC_CTX_BIG_GROUPS_EXCITATORY_NEURON",32,0.5158639590581231,1.9899695490044185,6.337031728399094e-4,0.0019169520978407257,"SEMA3C;SATB2;PLXNA4;DOCK9;FBXW7;MLLT3;PCLO;PLXNA2;R3HDM1;LINC00342;ENC1;CACNA2D1;ZBTB18;MAP6;ICA1L;NELL2;BHLHE22;GOLGA8B",2.2606043231982045,1.363530510696319e-4,TRUE,
"SU_HO_CONV_CENT_CHONDROSARCOMA_LEUKOCYTE_C0_M1_MACROPHAGE",257,-0.33942604901285517,-1.5164002931501293,6.399905766387034e-4,0.0019279384175921105,"CCL3;HLA-DMA;TYMP;CCL4;CD74;HLA-DRB1;HLA-DPB1;HLA-DQB1;PIM3;HLA-DRA;LGMN;CXCL8;HLA-DMB;ATP6V0D1;NFKBIA;CCL4L2;CFL1;BCL2A1;G0S2;CEBPD;LST1;C1QC;CD81;HLA-DPA1;C1QB;YWHAH;CTSL;OSM;HSPA6;C1QA;KYNU;PLD3;ICAM1;CD14;YBX3;C2;JPT1;CTSZ;TREM2;SDS;TNFAIP2;FCGR1A;CXCL16;RILPL2;WTAP;GAS6;CEBPB;IL6;CXCL3;CXCL1;RNF130;AP1B1;IFNGR2;PLAU;IL1B;TNF;PTGS2;SRGN;MAP2K3;HLA-DQA1;STX11;GPR84;CPVL;PLAUR;PLEK;CTSB;FOLR2;VSIG4;MIR155HG;AP2A2;SOD2;SERPINB9;FCGR2A;GADD45B;LYN;MS4A4A;FPR1;RALGDS;PSAP;CD83;AKR1B1;MSR1;CXCL2;MAP3K8;MGST2;MAFF;LAIR1;SAT1;ATP1B3;SLC43A2;SOCS3;LCP2;MAFB;CCL2;DRAM1;C5AR1;CHMP1B;MS4A6A;DNAJB6;ADAP2;DUSP1;LY86",-1.3643419865063475,0.029291696820572356,TRUE,
"HAY_BONE_MARROW_PLASMA_CELL",111,-0.4058657651161043,-1.6859407334250036,7.219702595773538e-4,0.0021651560313126206,"SDF2L1;RABAC1;MYDGF;LMAN2;CRELD2;FKBP2;SSR4;TXNDC5;GMPPB;TMED9;MANF;CLDN3;PRDX4;FKBP11;SELENOS;KDELR1;SEC11C;SPCS2;TXNDC15;HID1;CHPF;KDELR3;SSR3;XBP1;PLAAT2;KDELR2;KRTCAP2;ABCB9;CCR10;CLDN14;ARSA",-1.6140337307078794,0.005767381594359118,TRUE,
"GAUTAM_EYE_CORNEA_FIBROBLASTS",162,-0.3754677878817261,-1.6199775083413217,7.247009856872821e-4,0.0021651560313126206,"C12orf57;RPS5;VAMP5;RPL18A;RPS15;TYMP;RPL18;RPS16;H1-10;RPLP2;RPL8;RACK1;CCDC85B;RPS9;RPL36;RPS3;RPL35;RPS23;RPS13;TSPAN4;TUBA1B;RPL29;SLC25A6;RPL36AL;CDC37;EIF3D;FBL;HLA-C;CD81;RHOC;RPL13A;FKBP11;SNHG32;HLA-A;PLD3;UBXN1;RPL10;RPL35A;RPS3A;DNAJA1;RPS4X;ARHGDIA;CEBPB;IL6;CXCL3;CYB5R3;RAB13",-1.5201568739283438,0.012804162018150258,TRUE,
"DESCARTES_FETAL_MUSCLE_MEGAKARYOCYTES",215,-0.3537364474489574,-1.559566497062101,7.720149392804858e-4,0.002297060843924724,"MRPL43;SIVA1;MRPL27;ENDOG;SOD1;PSMB10;PSME2;PPIF;CHCHD1;AKR7A2;NRGN;TMEM256;GAS2L1;C12orf43;CAMK1;NOP16;TALDO1;SLC50A1;NFKBIA;TUBA4A;DENND6B;MAX;YWHAH;COPRS;BYSL;ARHGAP45;REEP4;RILP;MAPKAPK3;SPINT2;UNC45A;LYL1;ABI3;RAB38;FXYD5;CDIPT;GTF2F1;ENOPH1;PIF1;MID1IP1;TOLLIP;STX11;ASL;KIFC3;PMAIP1;PLEK;APOBEC3F;TSFM;TMEM91;FABP5;WDR1;E2F1;FCGR2A;TTC9C;PRKAR2B;ZNF48;RCHY1;DEPP1;MST1R;ZYX;RAP2B;LOXL3;GMEB1;TIPIN;NDUFB3;RAB27B;GTF3C6;SERPINE1;SOCS3;LRR1;RUFY1;CTSA;SNHG30;PTGIR;UMPS;SLC39A8;MGAT4B;CSNK1D;POC5;APEX2;XPNPEP1;CHST2;CENPBD2P;IGBP1;ELOVL7;RAB32",-1.5006250149389058,0.0062936991707765,TRUE,
"CUI_DEVELOPING_HEART_C7_MAST_CELL",145,-0.38343631668578415,-1.6352004655746113,8.624269229987314e-4,0.0025555997799880776,"RHOG;PNP;TYROBP;STXBP2;VAMP8;SERTAD1;CKS2;NFKBIA;CTSD;RAC2;HS3ST1;IFITM2;BST2;EMP3;LTC4S;SH3BGRL3;GMFG;S100A6;PRR13;CLIC1;DNAJA1;SERP1;FCER1G;LAPTM5;BACE2;PEPD;TPST2;FXYD5;CALB2;RNF130;STING1;SRGN;ALOX5AP;CAPG;DNAJB1;PLEK;BATF;LAT2;NCF4;S100A4;CD53;ARHGDIB;RHOH;XBP1;DUSP10;MBOAT7;CD83;CREM;LAIR1;ITGAM;ANXA1;MLPH;RGS2;CD37;ADAM8;GPR65;CD44;C1orf162;TNFSF10;ALOX5;IER2;CD69;ABRACL",-1.462809141537831,0.029291696820572356,TRUE,
"BUSSLINGER_GASTRIC_MATURE_PIT_CELLS",214,-0.3510607099850343,-1.548002293143104,9.572949547828422e-4,0.0028251875494810707,"MYL6;DYNLL1;MT2A;SMIM22;PPIF;ACTB;CBR1;SECTM1;VAMP8;CRIP1;CD151;GSTP1;CLTB;TFF2;CFL1;IFI27;ANG;CD63;S100P;LMNA;ALDOC;ARPC1A;PNPLA2;CYSTM1;KCNK1;RHOC;TMEM54;SGSM3;TAGLN2;YWHAH;SH3BGRL3;HSPB1;IFI6;MUC1;TUBA1C;JPT1;S100A6;SPINT2;IL1RN;KLF2;MYL12A;SLPI;MAPK3;MYL12B;KRT8;PLA2G10;KRT19;S100A14;MGST3;S100A11;RNASE1;POLD4;TMSB4X;TST;TESC;ALDH3A1;TSKU;TACSTD2;DHRS7;EFHD2;PLAAT2;TFF1;TSPAN3;RDH13;FOXA3;PTTG1IP;EZR;MT1G;CREB3L1;GALE;PLXNB2;LRP10;IL1R2;CTSE;EPN1;MLPH;CD59;RIPK4",-1.5258158852977663,0.0045430540498822124,TRUE,
"MANNO_MIDBRAIN_NEUROTYPES_HRGL3",461,0.2259105645648879,1.349133326553628,0.0010022560351733356,0.00294590235439612,"PARD3B;PLEKHH2;DST;THSD4;PDE3A;EDNRB;FNDC3B;PLEKHA5;ATXN1;CFAP126;CMTM4;ARHGAP5;UBL3;NES;CRIM1;COL4A5;SOX9-AS1;TBC1D2B;SALL1;YAP1;ITPRID2;SLC38A1;FAT1;ITGA6;INHBB;LIFR;EFCAB14;MPDZ;CPEB2;FMNL2;EVI5;NEBL;CEP126;APPL2;CAST;MAP7;TRAM2;LRRN3;ABCA8;ATOSA;HDAC4;TBC1D4;ITSN1;SMAD9;CCDC146;PDE1C;NMNAT2;LDLRAD4;AGBL2;IFT88;AHNAK;LCA5;DSG2;RALGPS2;TXLNB;THSD7A;GASK1B;RPGR;BCAN;LRP1;RFTN2;EPHA3;GPR155;CDH13;SPAG1;ITIH5;MAMDC2;GNG12;KCNN3;PLPP3;HSDL2;ARAP2;CFAP44;FOXP2;PDLIM5;DNAH6;C6orf89;CRISPLD1;CNTN4;SOX9;SIPA1L2;FGFR3;TRIM9;HEATR5A;SLIT2;IGFBP5;ID4;FREM2;MAGI2;ITPKB;CSGALNACT1;ANTXR1;CREB5;TMEM47;JAM2;PLOD2;BCO2;ATP1A2;SLC44A1;PPP1R3C;HAS2;DTNA;SALL2;COL8A1;MNS1;GPM6B;ATP1B2;DNAI4;DTX4;SPARCL1;SLC15A2;GALNT3;PPP1R14C;NOTCH2;AGT;SRGAP3;TRIL;STON1;TCIM;CLU;HAPLN1;RWDD3;KLF9;PAPLN;ZFP36L2;WNT5A;ARHGEF28;HK2;MAN2A2;GALC;ZFP36L1;SORCS2;FZD3;TNIK;ARHGAP24;LRRC17;CACNG4;ITGB8;SUSD5;BOC;BNC2;ENKUR;WLS;IL33;SHROOM3;RAI14;EFEMP1;ACVR1;RERG;LPL;SCD;SLIT1;SLC4A4;MMRN1;MKX;CELSR1;TSPOAP1;DDAH1;LRRK2;LMBRD1;FIBIN;FBXL7;STAT3;DENND2B;ADAM9",1.583061594335622,2.138911117602871e-6,TRUE,
"DESCARTES_MAIN_FETAL_SLC26A4_PAEP_POSITIVE_CELLS",246,-0.3407787540702841,-1.515148735490896,0.0011375365654524407,0.0033300465585422256,"TRAPPC2L;SDHAF2;SELENOH;ZSCAN16-AS1;MRPS26;EMC9;PSMB7;SURF2;TOE1;FNTB;MRPL20;FANCG;TMEM179B;VMO1;ZNF683;GMPPA;SDF2;BAK1;TPT1P9;ABT1;FADD;TPRA1;MED31;SELENOO;SELENOK;FKBPL;COMT;CIDECP1;SLC25A28;QTRT1;COQ6;LYG1;ASB6;TRMU;LIPE-AS1;PNPLA2;MRPS28;TOR1A;ENTREP3;IL17RC;ZNF296;RNF7;TOMM40;ERAL1;LYRM4;ROGDI;DHRS1;FAM3A;UNC45A;CCHCR1;DERL2;DUSP12;PWP1;ZBTB48;CDC123;ACOT8;TMEM120A;GPKOW;DCTD;CCDC86;ELAC1;TRIM16L;FAM32A;CPLANE2;BRAT1;RANBP3;ZBTB11-AS1;KNSTRN;DEDD;EXOC3-AS1;TMEM201;STAG3L4;SKA1;ATP9B;LINC00467;SIAH2;ARAF;CREM;REXO1;ZC3H12A;ARFGAP2;HROB;SRP19;CBLN3;IL1A;SBF2-AS1;ACTL6A",-1.5820262636547286,7.448491691555975e-4,TRUE,
"LAKE_ADULT_KIDNEY_C23_ENDOTHELIAL_CELLS_AVR",125,-0.3875614965013226,-1.6303049150462994,0.001295009313323279,0.003775810287038958,"MYL6;GAPDH;RPS14;TMSB10;RPL18;RPS16;MT2A;RPLP2;RPS2;RPS8;RPL8;RPLP0;RACK1;CD74;HLA-DRB1;FTH1;RPL13;RPS23;HLA-DRA;RPLP1;IFITM3;PRDX1;CD63;RPS19;RPL13A;RPL3;RPS6;ACTG1;HLA-E;RPS12;PSMA7;RPL10;EIF1;RPL19;RPL5;MYL12A;MYL12B;EEF1A1;HLA-B;RPL31;IGFBP7;TMSB4X",-1.5319093023377026,0.015164237056183366,TRUE,
"DURANTE_ADULT_OLFACTORY_NEUROEPITHELIUM_RESPIRATORY_COLUMNAR_CELLS",24,-0.6093105410096848,-1.8901169724223161,0.0013246463247427083,0.0038467729270528247,"S100A16;MT1X;SLC25A5;PRDX1;SFN;HSPB1;KRT18;ANXA2;CSTB;KRT8;KRT19;ALDH3A1;KRT6A;FABP5;TACSTD2;CLDN4",-1.8992779767236154,0.0025656367891575874,TRUE,
"DESCARTES_FETAL_HEART_LYMPHOID_CELLS",85,-0.4319789529640775,-1.712822198714738,0.0014011519742945055,0.004052734395768171,"GNLY;NKG7;GZMH;GZMA;CD3D;CD7;PRF1;ISG20;LCK;GZMM;TBX21;RAB25;PDCD1;CD52;SEPTIN1;TRBC2;CXCR3;CRTAM;SIRPG;MATK;CDKN2A;CXCR6;UBASH3A;GBP2;ZAP70;SIT1;IL18RAP;GZMK;IL2RB;ACAP1;SH2D1A;TIGIT;LTA;CD3G;RASGRP1;TMIGD2;CD96;GZMB;SKAP1",-1.60227861061646,0.013412983389621479,TRUE,
"GAO_LARGE_INTESTINE_ADULT_CG_GOBLET_CELL_SUBTYPE_2",34,0.48349901956077745,1.8901040556289217,0.0014888820252522586,0.004289398215607697,"SYCP2;KDR;MPDZ;GAN;SULT1C4;MCMDC2;SYNPO2;IGFBP5;ANTXR1;HAND2-AS1;VIPR2;ST8SIA1;FZD4;BNC2;FERMT2;RYR2;LRRN1",2.2127471973867503,1.50715622961001e-4,TRUE,
"DESCARTES_FETAL_HEART_ERYTHROBLASTS",266,-0.33231077775593904,-1.4866337599123418,0.0016146365729657467,0.0046333049485104034,"SNHG25;AKR1A1;TMEM238;BLVRB;NAA10;SELENOH;DGCR6L;MRPL22;GSDMD;NAXE;GPS2;SLC66A2;DDX39A;CDT1;GLRX5;TAF6L;GON7;RFXANK;POLR2H;APEH;EMC4;NOB1;NXT1;SNRPA;DEAF1;NHP2;LRRC47;CENPW;S100P;TRMU;DBNL;FARSA;BTBD6;PRC1;TMEM161A;RPL22L1;HBA2;RPL3;GRK6;CHCHD6;HMGA1;MACROD1;PGLS;SNHG8;ROGDI;ERGIC3;NPRL3;GRWD1;SNHG7;SNHG5;CHLSN;ZNF143;PTPA;GYPC;PPIL1;EIF2B1;SPG21;TRIM47;POP4;WRNIP1;TRIP10;KIFC1;KATNA1;SMPDL3B;TBC1D10C;TESC;ASL;AMFR;PMPCB;AP1M1;MTCO2P12;DYNLT2B;SLC18B1;GET4;ASCC2;FBXW4",-1.5249174134142216,0.002008814987403492,TRUE,
"FAN_EMBRYONIC_CTX_BRAIN_NAIVE_LIKE_T_CELL",154,-0.37013410093857335,-1.5894497896783908,0.0016518287431403918,0.004721368769763482,"NOSIP;PLAAT4;PSMB8;PSMB9;IL32;CIB1;APRT;MCUB;CRIP1;TLE5;CD3D;RAC2;NSMCE1;TUBA4A;CD7;HLA-C;HLA-F;EMP3;RPL13A;TAGLN2;ISG20;IFITM1;CD48;LCK;HLA-A;TSTD1;CORO1A;CD52;GMFG;OCIAD2;SEPTIN1;PRMT2;LIMD2;MYL12A;HLA-B;FXYD5;CXCR4;CCND3;TBC1D10C;CD3E;GBP2;EEF1D;LTB;ZAP70;ARHGDIB;RHOH;LSP1;GSTK1;CD2;LDHB",-1.5481356372116561,0.006058834389724193,TRUE,
"GAUTAM_EYE_CORNEA_CONJUNCTIVAL_CELLS",103,-0.39862019421732975,-1.629766748541141,0.0017223515203736103,0.004903636093298985,"AKR1A1;PLAAT4;SELENOH;PRELID1;KRT7;RPL28;BID;NUPR1;RPLP0;SPINT1-AS1;COX7A2;SLC25A5;RPS29;TMED3;IFI27;SH3BGRL3;TSTD1;EIF6;BIK;CRB3;MUC1;MIR200CHG;CLIC1;RPL41;HLA-B;TMEM165;STX11;FAM83A;FRMD8;PPDPF;CD82;RALGDS;HMOX1;GLTP;RDH13;NIBAN2;MAP3K8;INPP1;ATP5F1E;H2AJ;RAB27B",-1.609655931441727,0.0064006352101810765,TRUE,
"GAUTAM_EYE_IRIS_CILIARY_BODY_FIBROBLASTS",96,0.34087947448776584,1.6547825906023854,0.0018385485768758053,0.005214008854733729,"SLC35D1;ZFHX3;PHACTR2;NKTR;PNISR;LPP;NFE2L2;HGF;MAML2;FAM13C;ADD3;CEP126;DDX17;ARGLU1;RHOBTB3;LDLRAD4;IDS;RAMP2-AS1;NID1;CREB3L2;GLCE;WEE1;WSB1;MIR99AHG;ETS2;CEMIP2;DYNC2I1;F2R;BZW1;IL6ST;ACSL3;OTULINL;NUCKS1;SELENOP;MAN1A1;MFAP4;SLC39A14;GABRA2;CYBRD1",1.7221135534435363,0.0017035997660769162,TRUE,
"DURANTE_ADULT_OLFACTORY_NEUROEPITHELIUM_RESPIRATORY_SECRETORY_CELLS",20,-0.640126183808901,-1.9158178523713347,0.0018457800623967117,0.005214149125680983,"KRT7;CXCL8;ZG16B;CXCL3;CXCL1;LYZ;CLDN4;CXCL2;MAFF;DMBT1;ANXA1;CD55",-1.7266211246431917,0.022689989611040493,TRUE,
"HE_LIM_SUN_FETAL_LUNG_C0_LATE_AIRWAY_SMC_CELL",109,0.3137265322557073,1.5475759094909902,0.0019158070891636294,0.005377051304114118,"TACC2;THSD4;SEMA3C;SVIL;HHIP;COL4A5;MYOCD;PPP1R12B;COL4A6;FENDRR;LUZP2;SLMAP;IRAG1;ITGA9;ARHGAP42;KLHL23;LDLRAD4;CACNB2;ARL4A;HHIP-AS1;FILIP1L;SYNPO2;NET1;EPCAM;CHRDL1;SSC5D;ADAMTS8;MYH11;HPSE2;FLRT2;ENTPD1-AS1;DTNA;CXADR;GREM2;IL13RA1;LTBP2;AKAP1;FNDC1;WNT5A;TSPAN18",1.657067639942497,0.0014619161243254839,TRUE,
"ZHONG_PFC_C2_UNKNOWN_NPC",72,-0.43725397801754784,-1.6792964220394326,0.001918259349539334,0.005377051304114118,"AURKB;TUBB4B;CDC20;PLK1;DCXR;CKS2;RANGAP1;LDHA;CCNB1;CDCA3;CDCA8;REEP4;PSRC1;TUBA1C;CCNB2;KIF22;PTTG1;CDKN3;CALB2;PIF1;TACC3;TUBB6;TROAP;KIF2C;PHF19;KNSTRN;DNALI1;OIP5",-1.5529038388526413,0.023418154687649798,TRUE,
"DURANTE_ADULT_OLFACTORY_NEUROEPITHELIUM_BOWMANS_GLAND",22,-0.5999081484204305,-1.8392157366402804,0.0019784740088553267,0.005524508193957565,"PI3;VMO1;ZG16B;LRRC26;SLPI;RNASE1;LYZ;GPX3;LCN2;XBP1;DMBT1;TCN1;S100A1;PPP1R1B;GSTA1;NDRG2;AZGP1",-1.8621816249488519,0.0036026528193989606,TRUE,
"HAY_BONE_MARROW_CD8_T_CELL",67,-0.44199834344129546,-1.6767572347835609,0.0020176910900224477,0.005612428089487728,"GUK1;IL32;GZMH;ZNF683;LAG3;CCL5;LINC01871;CLEC2B;SRSF7;CD8A;GBP5;UBC;HLA-B;MFSD10;CRTAM;JMJD6;DUSP2;CXCR4;TRGC2;PPDPF;MT1F;CXCR6;TNFRSF9;RASAL3;MSC;KIF19;GZMK;SH2D1A;CD99;TMA7;TIGIT;SLA;TRG-AS1",-1.4701292503440655,0.04319963588377299,TRUE,
"DESCARTES_FETAL_PLACENTA_VASCULAR_ENDOTHELIAL_CELLS",83,0.34196119626139787,1.6065973124864683,0.0020781006908915504,0.005758401151096433,"LRP6;KDR;KL;RALGAPA2;PDE1C;CACHD1;RAMP2-AS1;TMC7;SHE;DLEU1;CDH13;ADGRF5;TEK;CD93;LDB2;ZNF521;JAM3;CGNL1;SOX7;PCDH17;CYYR1;ERG;CD34;DIPK2B;LHX6;S1PR1;CDH5;RASSF9;IL33;FAM124B;ADGRL4;NOTCH4;APLNR;EXOC6;AFF3;TMEM178A;ST6GALNAC3;BCL6B;USHBP1;ARHGEF15",1.7848509187267367,8.381438304509325e-4,TRUE,
"HE_LIM_SUN_FETAL_LUNG_C5_PRO_B_CELL",445,-0.2994779432437142,-1.3898966657486076,0.002164293593603951,0.005974437828731818,"CENPM;VAMP5;SAC3D1;S100A13;ZNF771;AURKB;NENF;PAFAH1B3;MT2A;NCAPH2;TK1;TEDC1;FANCG;CDC20;CDT1;CDC45;PXMP2;SLC2A5;NINJ1;CDCA4;MT1X;PKMYT1;EBP;PLK1;SLC43A3;SMCO4;GBP4;SPC24;PAQR4;CENPW;C19orf48P;CCDC167;TUBG1;RFC2;MDK;TYMS;LST1;CKS1B;BCL2L12;PRC1;POC1A;CHTF18;DTYMK;PIMREG;MXD3;FEN1;PCNA;ASF1B;TPGS2;CFAP20;CMC2;TRAIP;ANXA2R;CDK2AP1;TMEM106C;DHRS4L2;BIRC5;SAMD1;HAUS4;SLC27A3;CLEC11A;CCNB1;CDCA3;CDCA8;UBE2S;PSRC1;CCNF;POLD1;CCNB2;ILVBL;KIF22;DNAJC9;ADA;CHAF1A;AKIP1;HIRIP3;PTTG1;CDKN3;CCHCR1;GNA15;PDZD11;AAMDC;UBE2T;RAB13;PIDD1;SHMT1;MCM2;GINS2;IGFBP7;UCK2;DDB2;ACYP1;KIFC1;UHRF1;CHAF1B;AIF1;DYNLT2B;TACC3;ORC1;GINS3;RCCD1;TROAP;KIF2C;E2F1;PARP2;PHF19;KNSTRN;EGFL7;NCF2;RMI2;TNFRSF1A;OIP5;CDKN2C;PSMC3IP;LILRA2;LIG1;SKA1;CENPN;MCM3;GAMT;MIS18A;CDCA5;RAB34;ZWINT;TRIP13;RFC4;PCLAF;ARMH1;SYNGR1;SEPHS1;ABHD12;MYBL2;GMNN;STMN3;HPRT1;CENPH;LRR1;DONSON;LCP2;MAD2L1;CENPO;FADS2;CCNA2;UBR7;ARHGEF39;EXO1;PRPSAP1;CENPA;YEATS4;VRK1;MCM4;S100A1;CTBP2;CDC25C;GINS1;SMIM3;UNG;NDC80;CENPU;LMNB2;CMPK2;RASD1;ACAT2;SPC25;HJURP;H2AC8;SOCS2;MELK;PBK;ARL6IP1;FOXM1;RRM2;MOV10",-1.432243145766823,0.0018554908462861943,TRUE,
"FAN_EMBRYONIC_CTX_EX_4_EXCITATORY_NEURON",117,0.3193280102727714,1.6000810700829735,0.0022123568414396453,0.006083981313959025,"PDZD2;PTPRK;DGKH;TARBP1;AHI1;ANKRD36;MYO6;UACA;ANKRD36B;DAB2;DOCK9;FBXW7;ITPR1;PCLO;ABCA5;R3HDM1;LMO7;CSMD2;PLEKHA6;KLHL3;RYR3;CELF2;LINC00342;STX3;HIC2;CNTN3;MYLIP;CSGALNACT1;NPY1R;PTPRD-AS1;DYNC2I1;KCNQ1OT1;NIN;ARFGEF3;RAPGEFL1;CACNA1E;GOLGA8B;EEF2K;PI4KAP2;LINC01410;FAM227A;RYR2;DNM3OS;LAMA5;TSPOAP1;SYNE1;CACNA1C;PTPN13;STK36;CAND2;SPEG;LIMS2;TMEM178A",1.7847340373219651,2.5440083703678836e-4,TRUE,
"GAUTAM_EYE_IRIS_CILIARY_BODY_ACTIVATED_T_CELLS",124,-0.3790744539728372,-1.5915357596415367,0.002509754265672772,0.006875779610862009,"COX4I1;RPS5;UBB;ATP5MG;METTL26;SNRPD2;PSMD13;CD70;RPS10;RACK1;CCDC85B;TRADD;SAP30;MCUB;FBXW5;RPL35;RPS23;UBALD2;CFL1;RPL17;CHST12;SNAP47;RPL10A;ZFAND2A;S1PR4;CYBC1;RPL9;OCIAD2;JPT1;GLRX;DHRS1;CLIC1;IL23A;RGS19;VSIR;RPL12;DDB2",-1.5673268004849281,0.009421541199303949,TRUE,
"FAN_EMBRYONIC_CTX_MICROGLIA_1",148,-0.35611950435146156,-1.5270586805501443,0.00272008761088011,0.007423998516913382,"SIVA1;CENPM;ANAPC11;AURKB;TUBB4B;H2AZ1;TK1;CDK2AP2;DDX39A;H2AX;CDC20;PLK1;MRPL18;CKS2;CENPW;NRM;CKS1B;PRC1;GLA;DTYMK;PIMREG;MXD3;PCNA;ASF1B;TMEM106C;BUB3;BIRC5;CCNB1;CDCA3;CDCA8;TUBA1C;CCNF;CCNB2;KIF22;PTTG1;CDKN3;UBE2T;H2AZ2;TACC3;TROAP;KIF2C;PHF19;KNSTRN;CDKN2C;HMGB2",-1.6098888998383738,0.001846748440089197,TRUE,
"DESCARTES_FETAL_PANCREAS_LYMPHOID_CELLS",105,-0.3979571665454755,-1.6306559147109656,0.003202527542732446,0.008707996239789347,"GNLY;NKG7;GZMH;GZMA;CD3D;LINC01871;CTSW;PRF1;LCK;GZMM;TBX21;FASLG;PDCD1;SEPTIN1;CD8A;TRBC2;CD247;CRTAM;SIRPG;TBC1D10C;CD72;LAIR2;CD3E;MATK;SH2D2A;ZAP70;RHOH;CD2;SIT1;GZMK;EOMES;IL2RB;IL24;IL2RA;SH2D1A;TERT;CD6",-1.472332369197568,0.04622115253786771,TRUE,
"DESCARTES_FETAL_SPLEEN_STROMAL_CELLS",23,0.535974212568084,1.8695455339129894,0.0032439277800285398,0.008787655105599701,"UNC5C;LSAMP;RBMS3;CACNA1D;ESRRG;KLHL29;CADPS;CARMN;TMTC1;MAPK10;RARB;PHACTR3;DNM3OS;MKX",1.8997101175196829,0.004976771224180904,TRUE,
"DURANTE_ADULT_OLFACTORY_NEUROEPITHELIUM_CD4_T_CELLS",30,-0.5533004433384864,-1.8012634304247739,0.003264620161017385,0.008810833594418668,"HCST;IL32;RPS29;CD3D;CD48;CORO1A;CD52;GMFG;TRBC2;CXCR4;TRBC1;CD3E;TRAC;LTB;ARHGDIB;CD2;ACAP1",-1.6491069664985931,0.032380984090922514,TRUE,
"DESCARTES_MAIN_FETAL_PDE11A_FAM19A2_POSITIVE_CELLS",24,0.5234377712009237,1.8295597341838394,0.0037068199446008334,0.009967226962148908,"ANKRD28;ERCC6;DAAM1;PCLO;SCN8A;FILIP1L;PDE11A;SLIT2;RELN;HLF;SEMA3A;GABRA2;SH3BP4;CACNB4;PCDH7",1.8609671931692997,0.0077127073571287095,TRUE,
"DESCARTES_FETAL_INTESTINE_STROMAL_CELLS",27,0.4926673075099258,1.7973111307266216,0.0037397207133398943,0.010018587593670714,"BMP5;F2RL2;PDGFRA;CXCL14;LRP4;FZD10;FNDC1;ADH1B;CH25H;ITGA11;GLI1;TMEM119;TCF21",1.670857330176297,0.024515578346828725,TRUE,
"AIZARANI_LIVER_C5_NK_NKT_CELLS_3",114,-0.37876251866971594,-1.576908516680642,0.00385169432967683,0.010280625306416833,"PFN1;HCST;PLAAT4;GNLY;CCL3L3;CCL4;NKG7;GZMA;TYROBP;CCL5;CCL4L2;RAC2;CD7;CTSW;PRF1;HLA-F;IFITM1;ARPC5L;CORO1A;TRBC2;CD247;KLRD1;FCER1G;PITPNC1;ADGRE5;DUSP2;CXCR4;SRGN;ALOX5AP;ARHGAP9;PLEK;ITGB2;CD3E;CXCR6;BTG1;CD53;ARHGDIB;CD2;GZMK;EOMES",-1.3805690436539761,0.07345971563981042,FALSE,
"HE_LIM_SUN_FETAL_LUNG_C2_APOE_POS_M2_MACROPHAGE_CELL",462,-0.2911616061119236,-1.3538887909029669,0.003952848291721846,0.010511970182381172,"VAMP5;HSD3B7;GFER;NUPR1;RARRES1;MFSD12;SIL1;AMDHD2;ACP2;GAS2L1;CREB3;VMO1;UPP1;C1orf122;DHRS7B;ZFYVE21;PRADC1;APOC1;DNASE2;MED31;HAGHL;SMUG1;IL4I1;ZMAT5;CD151;IFI27;HYAL2;APOE;PFKP;LMNA;NTMT1;CYSTM1;ALKBH4;SDSL;HLA-F;ETV5;PICK1;AP5S1;LONP1;TSPAN15;SREBF1;ACP5;TMEM203;MFSD5;COPRS;PCYT2;CHCHD6;NECTIN2;BOLA3;IFI6;HPSE;SQOR;C11orf96;MSTO1;GBP1;FABP3;SLC35F6;C2;LZTR1;RAB35;CENPB;ADCK2;TREM2;UCKL1;TMEM9;VEGFB;APOL1;PPIC;BACE2;TFPT;RMND5B;NAGLU;SPP1;BSCL2;ACADS;DNAJC30;TMIGD3;FECH;IFIT3;PDZD11;CXCL3;C1orf54;INTS5;SLC38A6;TRIM47;HK3;EEF2KMT;BRF2;RPP25;FCGR3A;HECTD3;ATP13A2;SLC35A4;UBASH3B;KIFC3;PDLIM7;FLVCR2;CD72;MORN2;PLOD3;MX1;PARP12;ARHGAP10;PNPO;DHX58;LYSET;GPX3;NPDC1;NR1H3;CARM1;SGSH;RAB42;GBP2;PDE6G;SERINC2;SLC67A1;PCK2;ZNF76;B3GALT4;PELATON;CD82;DNASE1L1;RALGDS;TP53I3;CD40;FBP1;SLC1A3;DAPK1;CD276;GBA1;SIGLEC7;SIGLEC9;SMYD3;PPME1;NIBAN2;MSR1;IKBKE;LGALS3BP;AGAP3;TMEM138;VPS37C;FCGR3B;ACOT13;RNF26;SLC35A2;VAT1;IFI44;GAL3ST4;CD59;NFAM1;PLEKHM2;PLA2G15;PAPSS1;RCL1;METTL13;IGSF21;SLC48A1;IFI44L;CETP;PLVAP;ADORA3;TNFSF12;OAS2;IFIT2;TOR1B;HSD17B14;MAIP1;ICMT;MCM4;FAM78A;SLC29A3;SUCNR1;CMPK2;INF2;CD9;NOL9;CEACAM21;JKAMP;WDR81;EBI3;DHODH;FAM20C;GPNMB;DEXI",-1.2910755652823447,0.029291696820572356,TRUE,
"LAKE_ADULT_KIDNEY_C24_ENDOTHELIAL_CELLS_AEA_AND_DVR",152,0.28239749474762443,1.48505355196501,0.0040956875090125645,0.010852077122420152,"ROCK2;PTPRB;BMPR2;PIK3C2A;DST;THSD4;RASAL2;PDE3A;MACF1;KIF5B;CDC42BPA;EPAS1;CRIM1;ARL15;EXOC6B;TTC28;AKAP13;CRYBG3;PLCB1;IQGAP1;UACA;RALGAPA2;MEF2A;TJP1;ZEB1;DOCK9;HSPH1;ARGLU1;RBMS3;ARHGAP26;AHNAK;EMCN;THSD7A;FLT1;A2M;TCF4;ADGRF5;UTRN;PTPRG;PLCB4;SPTBN1;SOX5;YWHAB;PDLIM5;CD93;MBNL1;MEF2C;LDB2;CD46;EMP1;ABI3BP;PTPRM;TMTC1;MYH9",1.7904788322951628,1.4193738219590073e-4,TRUE,
"DESCARTES_MAIN_FETAL_PARIETAL_AND_CHIEF_CELLS",95,-0.39770018463818324,-1.6091098364082084,0.004202008051523752,0.011093301256022706,"MTFP1;ATP5ME;SERF2;COX6A1;NDUFS3;MRPL41;ATP5PO;MRPL12;MRPS18A;UQCRQ;TXNDC17;MCRIP2;COMTD1;PXMP2;STARD10;BCAT2;MRPS18B;TRNP1;DUSP4;PRR13;TBRG4;FAM162A;HPCAL1;GLOD4;CYB5R1;ANKRD16;MCF2L-AS1;FUT1;TMEM86B;GPRC5C;TFF1",-1.6964757471686276,0.002972858013457824,TRUE,
"DURANTE_ADULT_OLFACTORY_NEUROEPITHELIUM_B_CELLS",34,-0.5238180280944774,-1.745531440068419,0.0043197177948113554,0.011362735938525522,"CD74;HLA-DRB1;HLA-DPB1;HLA-DQB1;HLA-DRA;HLA-DMB;CORO1A;CD52;LIMD2;LAPTM5;CXCR4;HLA-DQA1;LTB;CD53;CD83;BIRC3;CD37;CD69;IRF8",-1.5168267103283708,0.06918678526048284,FALSE,
"TRAVAGLINI_LUNG_SEROUS_CELL",72,-0.42158654399771006,-1.6191248347817482,0.0043876970591344815,0.011499884710944526,"SSR4;SELENOM;WFDC21P;PHB1;SMCO4;FKBP11;AIF1L;ZG16B;PPP1R16A;LRRC26;PYCR1;MARCKSL1;FUOM;SLPI;CDC42EP5;PKDCC;LYZ;TESC;NPDC1;BARX2;XBP1;TPD52L1;NUCB2;GMDS;WFDC2;HSD17B2;DMBT1;KCNN4;RBP7;TCN1;S100A1;PPP1R1B;S100B;NDRG2;CYP4X1;GNAS;AZGP1;GCNT3;FAM3D",-1.668575670188899,0.004921874019670449,TRUE,
"TRAVAGLINI_LUNG_MYELOID_DENDRITIC_TYPE_1_CELL",19,-0.5939326391674455,-1.7504708516950054,0.004590087994443403,0.01198706433081263,"CST3;HLA-DRB5;SNX8;CTSZ;SPINT2;CXCL16;GAS6;HLA-DQA1",-1.672764735834684,0.022629243542953505,TRUE,
"HE_LIM_SUN_FETAL_LUNG_C1_PROXIMAL_SECRETORY_3_CELL",206,-0.33409364817094495,-1.47071808819103,0.0049809640369963765,0.012961218246807776,"PLAAT4;VAMP5;KRT7;NUDT8;NUPR1;IL32;PSMB10;TNFRSF14;PRADC1;NDUFA4L2;SFN;PAQR4;BORCS8;HS3ST1;HCAR2;S100P;MPDU1-AS1;PFKP;MESP1;BSPRY;ISG20;IFITM1;SREBF1;NXPH4;CDR2L;ASS1;SOD3;IFI6;BIK;TFAP2A;S100A9;CCNO;LGALS9;FUOM;GABRP;TNFAIP2;SLPI;GLIPR2;HLA-B;FXYD5;GNA15;CXCL1;BST1;RGS10;N4BP3;VSIR;MAP3K6;MX1;PAX9;KLK11;OSCP1;NPDC1;LCN2;FUT3;DUS1L;LYN;CD82;CLUH;LSP1;PLAAT3;TBC1D30;KRT15;TONSL;KRT6B;SAMHD1;CKMT1B;RHOV;SEZ6L2;ANXA1;MAFB;S100A2;COG8;TRIM29;ALPL;A4GALT;TNFSF10;LYPD6B;CAPS;GTPBP2",-1.4160587731791463,0.029291696820572356,TRUE,
"SU_HO_CONV_CENT_CHONDROSARCOMA_STROMAL_C3_FIBROCARTILAGE_CHONDROCYTE",68,-0.4348622914347205,-1.6445929941690067,0.005035827777237708,0.013050443641607644,"GAPDH;TUBB4B;SDF4;NDUFA4L2;TOMM7;PFKP;NXPH4;PLD3;DOK1;SPINT2;CA9;AVPI1;RPL15;ANGPTL4;P4HB;PPDPF;PDLIM4;MDFI;TSC22D4;TPD52L1;GPRC5C;LOXL3;PAPSS1;P4HA1;SERPINA1;APLN;P4HA2;S100A1;PGM1;CIRBP;EPS8L2;SLC25A37;SNORC;CHADL;RPL4",-1.480014156294829,0.04409235855892675,TRUE,
"FAN_EMBRYONIC_CTX_MICROGLIA_3",18,-0.6140559907707361,-1.7753499184859238,0.005051204770374309,0.013050443641607644,"LGMN;CTSD;C1QC;C1QB;TREM2;ALOX5AP;CTSB;FOLR2;CTSC;SLC1A3",-1.5930357816034635,0.061999328970950666,FALSE,
"DESCARTES_MAIN_FETAL_BIPOLAR_CELLS",24,0.5084146073648659,1.7770496228645174,0.005318446326113289,0.013692170328929956,"NCKAP5;LHX4;CRYBG3;NRG1;MAP7;AGAP1;ZNF223;CADPS;TRMT9B;C3orf70;PRICKLE2;MACROD2;LINC01291;SV2B;ACKR1;MRPS30-DT;TDRD6",1.79491153620928,0.0117696385133446,TRUE,
"LAKE_ADULT_KIDNEY_C1_EPITHELIAL_CELLS_UNASSIGNED",23,0.5190977744438299,1.8106783929504,0.005385496098569343,0.013802852550246016,"RAPGEF2;MAST4;TAOK1;PBX1;PTPRD;FARP1;CSMD2;NHS;PLCL1;CALD1;GMDS-DT",1.9839349458700477,0.0025656367891575874,TRUE,
"DESCARTES_MAIN_FETAL_ACINAR_CELLS",30,-0.5369760911962658,-1.7481196838524078,0.005399462981087974,0.013802852550246016,"REG1A;LMAN2;SSR4;MSRB1;AKR7A3;MT1L;HEXD;DIRAS3;RARRES2;MID1IP1;TPRN",-1.6590449142601371,0.02979568575698932,TRUE,
"CUI_DEVELOPING_HEART_C6_EPICARDIAL_CELL",174,-0.3338319202042734,-1.4534724260190566,0.005510432168736785,0.014037100892992652,"PLAAT4;KRT7;LY6E;FKBP2;NUPR1;HCFC1R1;RARRES1;CRLS1;EPHB6;PLLP;CRIP1;RASSF7;MT1E;TIMP1;CARHSP1;HSBP1L1;HLA-C;CYSTM1;TGM1;PDZK1IP1;NNMT;FKBP11;PLA2G2A;KRT18;CARD16;ASS1;TOGARAM2;S100A6;SLPI;CLIC3;PROCR;CA9;KRT8;LGALS2;CALB2;KRT19;TNNT1;RARRES2;VSIR;NMU;UPK3B;KLK11;TNFRSF1A;CFB;PLAAT3;TSPAN3;DAPK1;PDIA2;CDH3;EZR;LGALS3BP;CHAC1;CD200;SAT1;SEZ6L2;MGST1;TOR1AIP2;RNASE4;PDGFRL",-1.32986121864199,0.07926533385093168,FALSE,
"HE_LIM_SUN_FETAL_LUNG_C2_S100A12_HI_CLASSICAL_MONOCYTE",31,-0.5295699968946835,-1.72601729471073,0.005739914435584117,0.01456807910968063,"VNN2;MCEMP1;G0S2;S100P;S100A8;BST1;HK3;SLC11A1;LILRA5;TREM1;PELATON;CLEC4E;ASGR2;ADM;MGST1;CDA;CKAP4;RBP7",-1.4947286265420643,0.07926533385093168,FALSE,
"AIZARANI_LIVER_C13_LSECS_2",270,0.23692894571494463,1.3453629382042627,0.005769749069835555,0.01456807910968063,"DENND4C;KLF7;PTPRB;AFF1;TGFBR2;ANKS1A;ASAP1;RASAL2;EDNRB;TUG1;ATP13A3;PHACTR2;GARRE1;EPAS1;KDR;RAPGEF5;MYO10;SLCO2A1;PREX2;LIFR;CUL4B;ADD3;DAB2;PDE7B;TBC1D4;ARHGEF7;SASH1;DAAM1;SNTB2;APOLD1;HIPK2;NID1;EMCN;ZNF117;FLT1;SHE;A2M;RPGR;TCF4;FILIP1;ADGRF5;CAVIN2;TEK;DLC1;PLPP3;MARCKS;EDN1;MEG3;WSB1;HEG1;AKAP12;COL4A1;CD93;ZCCHC24;ZNF160;PDK4;SLC16A1-AS1;PRSS23;IL1R1;MYCT1;LDB2;NPY1R;TLR4;RELN;PCDH17;RDX;MAN1C1;CALCRL;F2R;NOSTRIN;IL6ST",1.5662003437559773,0.00023714920633836597,TRUE,
"MANNO_MIDBRAIN_NEUROTYPES_HOMTN",277,0.2402625502027706,1.366300861828434,0.005779072704666696,0.01456807910968063,"FNBP1L;ZFHX3;PRKACB;SH3PXD2A;RAPH1;ANK3;SEMA3C;LHX4;DNM3;MGAT5;RAPGEF5;SLC38A1;PLCB1;CNST;PLXNA4;KIF21A;SHROOM2;GARNL3;LRRN3;SYT7;KIF3A;RBMS3;RUFY2;SHTN1;NMNAT2;SCN3A;SEMA6D;CORO2A;EPB41L1;LCOR;ATP11C;VAT1L;FRY;MAP4;CHN2;PMFBP1;LYST;PDP1;EPHA3;KCNH8;RHOU;SCN8A;GPR155;STXBP5;DNAJC6;HSPA12A;MAP1B;ESRRG;DACH1;MEG3;RBFOX2;NLN;CPEB3;ABLIM1;CNTN4;RAB11FIP4;TRHDE;TMOD2;NFASC;ZNF33B;RELN;PLCL1;MAP6;ANK2;CXADR;GREM2;DOK6;MAB21L2;DPYSL3;NELL2;CASZ1;SLIT3;EDIL3;NALF1;ARFGEF3;MAPRE3;MCF2L;NSG1;REEP1;SYT2;DMTN;GDAP1;CHGA;MAP7D2;GNAL;ACVR1B;NAPB;SEMA3A;ATL1;MAP3K9;RNF157;RAB9B",1.5836328438835103,1.2307015658141187e-4,TRUE,
"HE_LIM_SUN_FETAL_LUNG_C0_MYOFIBROBLAST_1_CELL",51,0.394801335637368,1.6737489454942165,0.005814029302657826,0.014605485376226926,"PTCH1;SLC26A2;NKD1;SEMA3C;MYOCD;NOTUM;ZEB1;FENDRR;TMEM100;TAB2;ENC1;CXCL14;MYH11;PAG1;WNT11;CPED1;SYT1;WNT5A;REEP1;RNF43;MSANTD4;INTS6L;MTUS1;SLC4A4;RAI2;ARHGAP6;THBD;ADAMTSL2;PLPPR4;LEF1",1.75563448322918,0.006121955554507624,TRUE,
"BUSSLINGER_GASTRIC_PREZYMOGENIC_CELLS",56,0.381527162990403,1.6564287933044972,0.006299462289947223,0.015770378008626497,"NBEAL1;TTC3;AKAP9;THSD4;MAGI1;ANKRD50;GOLGB1;MECOM;SRRM2;ENAH;SOX4;SLC12A2;ARHGAP18;PLCB4",1.888024325933844,0.001714450455752506,TRUE,
"CUI_DEVELOPING_HEART_C1_5TH_WEEK_CARDIAC_CELLS",72,-0.4127241091681193,-1.5850881973854107,0.006798373801240046,0.016960891339176196,"PRDX2;TXNDC17;NAXE;TMEM141;FDPS;KRT18;SPINT2;IDH2;TNFRSF12A;CSRP2;KRT8;CALB2;KRT19;TNNT1;ISYNA1;NME4;KLK6;TM7SF2;MDH1;COA1;CDH3;EZR;DDIT3;HACD1;BZW2;MGST1;GMNN;EMP2;HSPA5;DMKN;NHERF1;UCHL1;RASD1;VSNL1;EIF3M",-1.6689767781437397,0.004921874019670449,TRUE,
"CUI_DEVELOPING_HEART_TRABECULAR_VENTRICULAR_CARDIOMYOCYTE",96,-0.3870145500692972,-1.5658627065340798,0.006986245501519123,0.017336335105971754,"SDF2L1;COX6A1;H2AC25;TRAPPC3;NOP16;SIGMAR1;EBP;CD320;RTCB;LRPAP1;BUB3;SPINT2;REEP6;TNFRSF12A;KRT8;KRT19;TNNT1;ISOC1;DNAJB1;MRPL13;HNRNPL;ABHD16A;TSPAN13;DEPP1;COMMD10;RGS3;CDH3;CYP51A1;DDIT3;GALE;TMEM88;FAM118B;TIMM17A;ABHD12;MGST1;GMNN;DHCR7;HSPA5",-1.489852393395692,0.04144782376361095,TRUE,
"HAY_BONE_MARROW_IMMATURE_NEUTROPHIL",189,-0.33294427363281015,-1.4592246129726483,0.006996620090977581,0.017336335105971754,"UBA52;PCBP1;GPX4;CIMAP1B;CCL3L3;ATP6V1F;NPC2;SECTM1;UPP1;NINJ1;CARD19;TMEM219;CRIP1;MGAT1;NFKBIA;RELT;BCL2A1;SAT2;IER5L;G0S2;TRMT1;CEBPD;EMP3;PCBP2;METRNL;RNF19B;ZNF385A;BCL3;IFI6;ICAM1;HPSE;GRINA;PHLDA2;FUOM;TNFAIP2;TMEM70;FCGR1A;CEBPB;PPT1;LGALS2;ZDHHC1;IFNGR2;IER5;IL1B;CPVL;CTSB;EVI2A;RAB20;SEC11A;FCGR2A;C15orf39;RHOA;HMOX1;IFI30;LACTB;RAP2B;CD86;RIPK2;MAP3K8;DDIT3;BNIP3L;AHR;SLC43A2;MARCO;LCP2;MAFB;APOBEC3A",-1.348454635392873,0.061389003720545676,FALSE,
"ZHENG_CORD_BLOOD_C9_GRANULOCYTE_MACROPHAGE_PROGENITOR",96,-0.38689220204186725,-1.5653676858343768,0.007089743555832091,0.01750732592358537,"PFN1;SERF2;GADD45GIP1;GAPDH;TMSB10;H1-10;ENO1;PIM3;CP;LGALS1;CALR;VAMP8;TUBA1B;ATP5F1B;GSTP1;CFL1;TAGLN2;HLA-A;ACTG1;BIRC5;PSMA7;CLEC11A;PEBP1;HLA-B;GYPC;IGFBP7;LYZ;PA2G4;PLEK;PTMA;HMGN2;TNFSF13B;B2M;HNRNPM;DNAJC1",-1.4929840464181714,0.040252548927474964,TRUE,
"AIZARANI_LIVER_C10_MVECS_1",265,0.23828603788731412,1.3490694444398583,0.007141358263712361,0.01757500372696669,"KLF7;PTPRB;BMPR2;TGFBR2;MAST4;ASAP1;EDNRB;ATP13A3;SHROOM4;GARRE1;EPAS1;NES;CRIM1;ARL15;KDR;SLCO2A1;UACA;ITGA6;LIFR;DOCK9;RBMS3;SASH1;SNTB2;APOLD1;EMCN;FLT1;GASK1B;SHE;RUNX1T1;A2M;RPGR;TCF4;FILIP1;ADGRF5;CAVIN2;TEK;PTPRG;KCNN3;DLC1;PLPP3;SPTBN1;MCC;EDN1;HEG1;COL4A1;CD93;XIST;SNRK;PRSS23;MYCT1;LDB2;EMP1;ARHGAP23;PTPRM;SOX7;JAM2;TMTC1;CDC42EP3;TSC22D1;PCDH17;RDX;CALCRL;TNS1;F2R;NOSTRIN;SPARCL1;IL6ST;DPYSL3;CYYR1;ERG;ADAMTS9;SYNPO;KLF9;TACC1;CD34;MMRN2;TSPAN18;FAM107A;ADAMTS1;S1PR1;C7;CDH5;FZD4;ARHGAP31;PGM5;ARAP3;CLIC4;COL15A1;IL33;LRRC32;PTPN14;F8;SPRY1;MMRN1;RPS6KA2;PALM;ARHGAP29;EFNB2;DNASE1L3;ECE1;CXCL12;ADGRL4;NOTCH4;THBD;APP;ELK3;GJA1;PDE2A;PCDH12;PECAM1;LIMS2;GIMAP8;TPM4;ST6GALNAC3;TGFBR3",1.7332055478422395,3.712012536187234e-6,TRUE,
"HE_LIM_SUN_FETAL_LUNG_C7_SCHWANN_PRECURSOR_CELL",215,-0.32164787535276523,-1.4180931986765728,0.0072338054441723814,0.017742374163747125,"CENPM;AURKB;POLA2;H2AC20;PPIF;TK1;CDC20;CDT1;CDCA4;PKMYT1;PLK1;SPC24;CENPW;SLC15A3;TYMS;BCL2L12;POC1A;PIMREG;MXD3;FEN1;PCNA;ASF1B;RBM38;HSPA6;BIRC5;CCNB1;CDCA3;CDCA8;REEP4;PSRC1;YBX3;BAG3;CCNB2;CHAF1A;PTTG1;CDKN3;UBE2T;MCM2;GINS2;IER5;KIFC1;UHRF1;TACC3;IMPA2;TMEM51;TROAP;KIF2C;OAF;E2F1;PHF19;CRYM;RMI2;TP53;TPD52L1;CENPN;MCM3;DNAAF5;BCAT1;CMTM7;MIS18A;CDCA5;ZWINT;TRIP13;RFC4;MAFF;MGST1;MYBL2;GMNN;CENPH;LRR1;MAD2L1;CENPO;CCNA2;GGCT;CENPA;VRK1;MCM4;RRS1;NDC80;CENPU;SPC25;HJURP;MELK;PBK;FOXM1;SLC1A5",-1.3793301086010379,0.03160967679990767,TRUE,
"DESCARTES_MAIN_FETAL_ASTROCYTES",19,0.5431013234489501,1.8135107078400647,0.007325231504166642,0.01784900189936524,"PTCH1;WIPF2;SNCAIP;CACHD1;RFTN2;ATP1A2;FZD10;GPM6B;LINC02568;ST8SIA1;BOC;ADGRG1;PTN",1.972670569035852,0.0065825375496951135,TRUE,
"DESCARTES_MAIN_FETAL_CSH1_CSH2_POSITIVE_CELLS",83,-0.3955432862003136,-1.5635586634592349,0.00732644981544193,0.01784900189936524,"NPRL2;TRAPPC3;RPS13P2;TOR2A;RPL13AP5;RPL5P4;DNAJC17;TNIP2;CYB5R2;EIPR1;DPH7;DOLK;TMEM175;VPS72;SARS2;SNRPG;DNAJC8;ALKBH1;MRPL48;AIFM2;AKIP1;NPIPB5;TOM1;PREB",-1.6328558262942439,0.006491407663292726,TRUE,
"HE_LIM_SUN_FETAL_LUNG_C2_ADC_2_CELL",100,-0.37717877961301577,-1.530159625242638,0.007917728867985042,0.019224987151027228,"IDO1;MT2A;TNFRSF18;GMPPB;CREB3;CXCL10;VMO1;HES4;STARD10;SH2B2;CD274;CDC42EP1;GBP4;IL4I1;TNIP2;CCDC28B;HLA-F;ISG20;APOL3;NECTIN2;GBP1;TRAF2;CXCL9;HLA-DQB2;CHST7;TRIP10;MIR155HG;TUBB6;ARHGAP10;GBP2",-1.3281310067187362,0.13070622986036518,FALSE,
"GAO_SMALL_INTESTINE_24W_C4_ENTEROCYTE_PROGENITOR_SUBTYPE_2",84,-0.3962265989928601,-1.5694351542729454,0.008064353476651432,0.019515735413496466,"RARRES1;IL32;GCHFR;C8G;PRSS3;PNP;G0S2;ZDHHC12;ACP5;RAB25;S100A9;OCIAD2;GLRX;NAGS;SEC11C;RBP4;MS4A8;PNCK;TMEM86B;RBP2;TSPAN13;CFB;MFSD2A;FBP1;OSGIN1;IFI30;GJB1;SLC7A7;ATP1B3;SMIM1;DOK7;ALPI;CTSA;DPP4;ALDOB;ABRACL;STARD5;SMIM24;TM4SF20;TMT1B;AQP1",-1.5938966609151308,0.015667413632170543,TRUE,
"GAUTAM_EYE_IRIS_CILIARY_BODY_PIGMENTED_CILIARY_BODY_CELLS",120,0.2813075701451168,1.411426930440212,0.008155003878121835,0.019669544237596186,"SKIC3;REV1;TRIM33;CAPN7;KIAA1217;ZNF91;HOOK1;PNISR;KTN1;MSI2;TNS3;FNIP1;FNBP4;CDH6;RUFY3;CGGBP1;TTC14;SNX13;FAM13A;ITFG1;KHDC4;AHSA2P;DNAJC3-DT;EPB41L1;MFAP3L;WDFY1;CLTC;KLHL3;VCL;PTPRG;NUMA1;HIF3A;NBPF10;TIA1;LRRFIP2",1.3425099849447062,0.03936887652010268,TRUE,
"BUSSLINGER_GASTRIC_NECK_CELLS",29,-0.5195197534228251,-1.6818958646491042,0.008322739314891438,0.020007644843083393,"MUC6;CST3;PGC;TFF2;ETV5;MMP1;COL11A2;LYZ;ERGIC1;ERN2;NOP53;PDIA2;CREB3L1;KCNN4",-1.312680846040702,0.22717826446309097,FALSE,
"DESCARTES_FETAL_EYE_MICROGLIA",140,-0.3505216934105894,-1.4903310234257767,0.008353090845158081,0.020014336480477776,"HLA-DMA;CD74;HLA-DRB1;HLA-DRA;LGMN;C1QC;ZFYVE19;HLA-DPA1;C1QB;RNASET2;C1QA;CD14;PLK3;CD247;SPI1;LAPTM5;SPP1;PIK3AP1;CLPB;SP140;PLEK;ITGB2;VSIG4;LAT2;RAB20;CYTH4;HCK;NCF2;RHOH;FBP1;FMNL1;TRPM2;PTAFR;CD83;KLRK1-AS1;CDCA5;SLC7A7;AZIN2;ITGAM;GAL3ST4;MKNK1;JAK2;CD37;CCL2;SMAP2;APBB1IP;MYO1F;GLIPR1;MS4A6A;TRMT44;ADAP2;LY86;IRF8;SIGLEC10;RHBDF2;VAV1;CSF2RA;CSF3R;SKAP1;ITGAL;KCNK13;FGD2;ADAM28;TFEC;CLEC7A;TLR2;ARHGAP22;MS4A7;NCKAP1L;PIK3R5;IL10RA;CSF1R;NRROS;ARHGAP15",-1.2779581526928712,0.14342403628117914,FALSE,
"HE_LIM_SUN_FETAL_LUNG_C6_DEUTEROSOMAL_CELL",200,-0.31872096334465067,-1.4006548229933404,0.008985609591979773,0.02145905448610959,"MTFP1;PGP;ACOT7;TEDC1;CDC20;CDT1;CDCA4;FADD;PLK1;SLC43A3;RASSF1;CKS2;CTNNBIP1;PAQR4;CENPW;C19orf48P;TUBG1;TYMS;BCL2L12;PRC1;POC1A;CHTF18;TEDC2;ASF1B;PPP1R14B;MIIP;CDKN2D;RANGAP1;BIRC5;MIF4GD;PCCB;CCNB1;CDCA8;UBE2S;MARCKSL1;GSKIP;NUDT6;GLRX;CCNB2;BMAL2;CHAF1A;PTTG1;UBE2T;FAM216A",-1.4450235090007737,0.014526466628954742,TRUE,
"DESCARTES_FETAL_SPLEEN_AFP_ALB_POSITIVE_CELLS",122,-0.3556126329309451,-1.492621553435749,0.010083895594794223,0.024002977710887236,"F12;DGCR6L;MT2A;GRHPR;MSRB1;GALK1;MT1X;APOC1;MT1E;SLC25A10;CYB5A;PCBD1;APOE;VMA12;PCYT2;CPS1;C2;AMN;PEBP1;ATF5;AGPAT2;SPRYD4;SERPINA5;RBP4;ACAA1;MT1F;TM7SF2;AMBP;TM4SF4;SERPINF2;PRAP1;GJB1;GAMT;PEG10;ASGR2;TMEM150A;APOM;MT1G;LRG1;CYP51A1;MTTP;MGST1;DHCR7;LINC02532;SERPINA1;DUSP9;RBKS;ALDOB;GSTA1;GLUD1;F5;MT1H",-1.6290744172539817,0.00348220816938665,TRUE,
"TRAVAGLINI_LUNG_BASOPHIL_MAST_1_CELL",262,-0.30766479853807516,-1.374968925983359,0.01019640737570755,0.024191476322757127,"DYNLL1;STOML2;NENF;GPX4;ATP6V1F;RARRES1;SOCS1;ACOT7;NDUFAF3;TSPAN4;ARL2;SLC43A3;PRDX1;NFKBIA;CTSD;RPL36AL;CD63;RAC2;NSMCE1;GMPR;AP2M1;HS3ST1;DAD1;LMNA;CYSTM1;SDSL;LTC4S;TNFRSF4;COX7A1;LMO4;SNHG8;SPINT2;DNAJC9;LYL1;CHLSN;AKIP1;RHBDD2;BACE2;RAB38;TNFRSF12A;PEBP1;FXYD5;PROCR;RENBP;NDUFA4;RGS10;KRT19;RNF130;PKIG;PTGS2;SRGN;ALOX5AP;CAPG;ASRGL1;TESC;BATF;LAT2;MARCHF3;PARVB;TUBB6;TUBA1A;ING2;BLVRA;EGFL7;SERPINB1;CD82;RHOH;MAOB;CNIH1;DUSP10;TSEN54;MBOAT7;PMP22;LDHB;SMYD3;ZNRF1;ANXA7;RAB34;RAB27B;TFG;ANXA1;VAT1;MLPH;RGS2;CD59;ANXA11;GPR65;CSF1;CD44;UMPS;CSTPP1;DUSP1;SMIM3;CD69;CD33;NDRG2;TMEM44;CD9;CATSPER1;ITM2C;RAB32;ALAS1;FHL3;COX17;LIF;VIM;TMOD1;SLC1A5",-1.3241101006756826,0.05855746859004188,FALSE,
"DESCARTES_FETAL_LUNG_STROMAL_CELLS",28,0.46042582298698964,1.689254777809583,0.010400665771443279,0.02459571123800593,"ITGA8;MYOCD;BMP5;PDGFRA;LAMA2;PGR;CACNA1D;SLIT2;TRHDE;HPSE2",1.8441597895387019,0.009457381907405199,TRUE,
"ZHENG_CORD_BLOOD_C5_SIMILAR_TO_HSC_C6_PUTATIVE_ALTERED_METABOLIC_STATE",67,-0.4061732267858496,-1.540851694796029,0.011125521779971809,0.026224444195647834,"C12orf57;H1-10;TUBB4B;H2AC20;CD74;HLA-DRB1;HLA-DQB1;HLA-DRA;CXCL8;SELENOK;NFKBIA;TMEM107;MDK;CLEC2B;APOL3;CD52;H4C5;DUSP2;JUNB;GADD45B;TPT1;RIPK2;MAFF;SEZ6L2;HOPX;HSPA5;TRA2B;IER2;DUSP1;CD69",-1.4448584045289732,0.06918678526048284,FALSE,
"BUSSLINGER_GASTRIC_G_CELLS",83,0.3073753503489642,1.4441065746469846,0.01139216410355025,0.02676605546659379,"BPTF;SORL1;DSP;MAST4;DST;PRKACB;ANK3;CES1;NAV1;PDK3;SYT7;ABCB10;CHGB;PCLO;PLXNA2;ABCA5;SLC7A1;CAMK2N1;QPCT;MAP1B;SORBS2;MARCKS;PDLIM5;PDK4;CMIP;CADPS;LRP4",1.3056931195016401,0.09994764071031524,FALSE,
"TRAVAGLINI_LUNG_BRONCHIAL_VESSEL_2_CELL",265,-0.30087961070872,-1.3469038531048925,0.011615400264063224,0.027202518037773873,"WARS1;TUBB4B;MT2A;H2AZ1;RPS10;ULBP2;ACTB;EIF3I;PNP;IRF1;CP;RNF122;SLC25A5;CDC42EP1;SERTAD1;IFITM3;TUBA1B;SNRPD1;IRF7;PFDN2;RPL17;TAP1;CEBPD;RRP7A;SRSF7;LMNA;IFITM2;NNMT;CFAP20;IFITM1;YWHAH;ACTG1;RBM8A;LDHA;IFI6;C11orf96;ILF2;SERPINH1;YBX3;MAGOH;BAG3;BEX5;PISD;EIF1;UBC;DNAJA1;SERTAD3;HNRNPF;TMEM70;ELOC;TNFRSF12A;IFIT3;C1orf54;APOL4;PGK1;SNX3;LYZ;SRGN;HSPA8;PLAUR;VWA1;ADRB1;MX1;JUNB;RAB20;HNRNPM;FUS;GADD45B;TSPAN13;ZYX;GTF2B;IFI16;C1orf52;CYP51A1;CD200;C1orf56;MAFF;UAP1;ADM;ATP1B3;IRF2BPL;CYTH2;AHR",-1.2040821233952477,0.16589347489916623,FALSE,
"HE_LIM_SUN_FETAL_LUNG_C2_PROMYELOCYTE_LIKE_CELL",38,-0.4700093377084973,-1.5999316529796268,0.011682612727194773,0.02727195125383732,"CENPM;TK1;NKG7;CDT1;NT5DC2;S100P;TYMS;MCM7;CITED4;CLEC11A;MCM2;GINS2;UHRF1;SLC2A4RG;NUCB2;PCLAF;SERPINB8;MCM4;RGL4;CENPU",-1.6706795695828587,0.01581031119174295,TRUE,
"BUSSLINGER_ESOPHAGEAL_QUIESCENT_BASAL_CELLS",74,-0.38753226872192065,-1.493341709324412,0.012081564543284434,0.028112871341104167,"RACK1;FTH1;RPL13;RPS3;RPLP1;IFITM3;CD81;RPL13A;RPL3;RPS6;IFITM1;GAS5;ASS1;SNHG29;RPL10;EEF2;RPS3A;RPL5;EEF1A1;KRT19;PDLIM1;HSPA2;JUNB;SLC1A3;KRT15;NOP53;ATP1B3;IL1R2",-1.526376989977629,0.019647039082094496,TRUE,
"HU_FETAL_RETINA_RPC",91,-0.3755631094842434,-1.5129708725720767,0.012266651315940793,0.028452360560297176,"CENPM;MCM5;AURKB;H2AZ1;RAN;SNRPB;IFITM3;CKS2;C19orf48P;MDK;TYMS;SRSF7;CKS1B;MCM7;PIMREG;PCNA;HMGA1;SNRPG;CCNB2;PTTG1;SPP1;UBE2T;MCM2;GINS2;UHRF1;HMGN2;ODC1;HMGB2;MCM3;ZWINT;PCLAF;NASP;ZIC2;SRSF2;GMNN",-1.4755950366149577,0.03870360635336116,TRUE,
"HE_LIM_SUN_FETAL_LUNG_C2_NON_CLASSICAL_MONOCYTE",16,-0.5969554101086791,-1.6871465593131716,0.013110608264264127,0.030313062419922793,"IFITM1;CLEC12A;HK3;LILRA5;FCGR3A;GBP2;PELATON;GCH1;BIRC3;APOBEC3A;PTGIR",-1.5836470191149166,0.06050261433800134,FALSE,
"TRAVAGLINI_LUNG_ALVEOLAR_FIBROBLAST_CELL",151,0.2649061936196021,1.3844974968335673,0.01316998592503826,0.030353681846278655,"USP53;PLEKHH2;DST;ZNF106;MACF1;ITGA8;ITGA2;CES1;LSAMP;HMCN1;BMP5;SERINC5;ROBO2;NEBL;LRRN3;ABCA8;PDGFRA;LAMA4;NPNT;CAMK2N1;A2M;SVEP1;CDH13;PER2;OLFML3;MAMDC2;IGSF10;PIEZO2;SGCD;SPTBN1;CHRDL1;MME;SLIT2;GPC3;ADAMTS8;NABP1;ABI3BP;KANK4;COL8A1;GPM6B;NCAM2;ANGPT1;CYP3A5;TMT1A;COL6A3;DYNC2LI1;SRGAP1;MOXD1;CYP7B1;LIMS1;ABCA6;ADH1B;MFAP4",1.5489890072730415,0.0033783497475808823,TRUE,
"DESCARTES_FETAL_HEART_SATB2_LRRC7_POSITIVE_CELLS",39,0.40010413192294114,1.6091636929561197,0.013270069717035066,0.030487565235972965,"GRIN2B;PTPRD;SATB2;KAZN;CSMD2;SATB2-AS1;TOX3;NXPH3;ZBTB18;NELL2;DAB1;RAPGEFL1;SHISAL1;BHLHE22;CACNA1E;PI4KAP2",1.6494965531067027,0.024605812858659634,TRUE,
"RUBENSTEIN_SKELETAL_MUSCLE_FAP_CELLS",172,-0.3285005307218914,-1.4270878620214404,0.01336052692163547,0.030503837660259197,"S100A13;SSR2;NUPR1;PPIB;GPX4;SSR4;CST3;NPC2;ATP6V0E1;SELENOM;TSPAN4;PRDX1;TIMP1;ATP5MC1;CD63;CYB5A;CKS1B;ATRAID;LMNA;CD81;EMP3;PRDX4;IGFBP6;ANXA2;NDUFS4;S100A6;SELENOS;CSTB;TMEM14C;PTGDS;CYB5R3;S100A11;IGFBP7;JUND;REEP5;HSD11B1;GPX3;S100A4;LSP1;DHRS7;PSAP;KDELR2;KRTCAP2;PMP22;AKR1B1;SLC66A3;LGALS3BP;LTBP4;MGST1;HTRA3;ANXA1;PCOLCE;SPON2;PDGFRL;HSPA5;S100A10;CD99;CFD;ARF4;COL6A2;TMED2",-1.2674232622838275,0.13798326908184191,FALSE,
"DESCARTES_FETAL_PLACENTA_SYNCYTIOTROPHOBLASTS_AND_VILLOUS_CYTOTROPHOBLASTS",46,0.38773449363330514,1.599113659827963,0.013361185090857333,0.030503837660259197,"POF1B;ZNRF3;TTPA;NRXN3;TMEM150C;RASSF6;SLC22A11;SLC38A9;L1TD1;CRISPLD1;SLC6A4;FAM118A;LGR5;SLC13A4;SIGLEC6",1.4646005852059234,0.08377401977297182,FALSE,
"GAO_LARGE_INTESTINE_24W_C8_GOBLET_CELL",40,0.3755620622390958,1.518099592074885,0.013987363976086853,0.03183331111799077,"SORL1;SYTL2;CEACAM5;ZMYND8;MAP7;SYT7;PLEKHA6;RASEF;SBNO1;BCAS1;ZG16;UGT2B7;FER1L6;GALNT3;FAM110C;STXBP5-AS1;CHGA",1.3826408127880223,0.07720146280448213,FALSE,
"RUBENSTEIN_SKELETAL_MUSCLE_ENDOTHELIAL_CELLS",136,-0.3447797126534315,-1.4619515227179636,0.016132984271473017,0.036601708065904404,"POLR2L;MYL6;VAMP5;WARS1;HLA-DMA;TMSB10;LY6E;IL32;CCDC85B;CD74;HLA-DRB1;HLA-DPB1;ISG15;S100A16;HLA-DRA;IFITM3;IFI27;HLA-C;IFITM2;BST2;RHOC;HLA-DPA1;HLA-A;HSPB1;HLA-E;LAP3;NHERF2;GNAI2;KLF2;MYL12A;PPIC;MYL12B;HLA-B;C1orf54;RNASE1;PDLIM1;TMSB4X;SRGN;ATP5PF;CRIP2;CAV2;FABP5;ICAM2;B2M;EGFL7;BTNL9",-1.2056204185363473,0.24297945205479451,FALSE,
"DESCARTES_FETAL_ADRENAL_SLC26A4_PAEP_POSITIVE_CELLS",37,-0.4708695488144597,-1.5996470140195236,0.016320832185081083,0.036912536343828246,"VMO1;ZNF683;BAK1;TYMSOS;LYG1;ZNF296;ELAC1;EXOC3-AS1;ZC3H12A;IL1A;CASC8;ATP2A1;ANO7L1;MRGBP;VPS9D1-AS1;CTF1;CCT6B",-1.5605690913284012,0.05434629948214037,FALSE,
"DESCARTES_MAIN_FETAL_AFP_ALB_POSITIVE_CELLS",77,-0.38810442238655535,-1.5079563548660386,0.016533683069862897,0.03727780716993932,"F12;DGCR6L;PDF;CBR1;SDHAF1;NDUFA4P1;MT1X;GSTZ1;TMEM161A;FTLP3;TMEM187;PTGES3P1;INO80E;MT1M;ADH5;PEBP1;ATF5;SPRYD4;SERPINA5;TMEM177;MT1F;DGCR11;TMEM150A;MT1G;RDH11;LRG1;BBC3;ACOT13;SERPINA1;DUSP9;RPL7AP50;MAIP1",-1.626827085603353,0.008414128131953486,TRUE,
"ZHENG_CORD_BLOOD_C6_HSC_MULTIPOTENT_PROGENITOR",93,-0.3641812807357376,-1.4675091495202142,0.01684896352314048,0.03787104494674919,"CD74;HLA-DRB1;HLA-DPB1;HLA-DQB1;FTH1;PIM3;IRF1;HLA-DRA;HLA-DRB5;HLA-DMB;GBP4;SELENOK;NFKBIA;TUBA4A;HLA-DPA1;ARPC5L;DDIT4;HLA-E;SPP1;RILPL2;CEBPB;DUSP2;CXCR4;SRGN;HLA-DQA1;CD109;RIPK2;STAT1;EZR;MAP3K8;WDR45B;MAFF;SAT1",-1.1826651708103764,0.29034769895753876,FALSE,
"LAKE_ADULT_KIDNEY_C6_PROXIMAL_TUBULE_EPITHELIAL_CELLS_FIBRINOGEN_POS_S3",166,0.25210138214643907,1.3467758116147615,0.01835010868156488,0.04111783611980279,"ASH1L;ZBTB38;MAST4;DICER1;PTPRK;ATM;SPAG9;MACF1;NCKAP5;NUFIP2;SVIL;HOOK1;ARHGAP5;NT5C2;CAB39;CHD1;MACC1;FAM135A;VPS13A;MAML2;AHI1;ZNF292;ASCC3;NRG1;RALGAPA2;CDH6;FMNL2;KIF21A;FNIP2;SNX13;PLEKHA1;SERPINE2;ZNF462;CCNL1;TM9SF3;AGAP1;GCLC;EPS8",1.4401769492367178,0.012008452549664508,TRUE,
"MANNO_MIDBRAIN_NEUROTYPES_HOPC",263,0.22279886299918777,1.2624219934768208,0.01900878311050613,0.04246269704069985,"SH3D19;GAB1;AFF1;OPHN1;ELF1;PLEKHH2;EDNRB;BCLAF3;DNM3;UBL3;XYLT1;SOX9-AS1;MAML2;DOCK1;PRKCA;SERINC5;CASK;EGFR;INHBB;EFCAB14;CA1;LUZP2;TAF1B;PCDHGC3;ITPR2;PDGFRA;ARHGAP42;PDE1C;SERPINE2;SCN3A;COL9A3;ATP2B4;BCAN;LRP1;RFTN2;SPATA6;SOX5;AKAP7;MMP16;ZCCHC24;LHFPL3;TRIM68;SHC3;SOX9;TAOK3;SGO2;ITPKB;CSGALNACT1;TMOD2;ARHGAP23;CREB5;LIMA1;SLC44A1;ZGRF1;LGR5;PCDH17;GRAMD1C;KIF14;ZMAT3;CALCRL;GPM6B;TNS1;NCAM2;CMYA5;ATP1B2;ITGAV;SLC15A2;SEL1L3;TMT1A;NLGN3;NALF1;ERBB3;GFOD1;SLC35F1;MAP3K1;ZFP36L1;SOX6;ADAMTS3;GNAL;COL9A1;GNG4;ITGB8;ADAMTS6;BOC;SPRY4;NFIX;EPN2;ARHGAP11A;ANKRD44",1.402153370023216,0.005098546509310114,TRUE,
"HE_LIM_SUN_FETAL_LUNG_C2_NEUTROPHIL_CELL",53,-0.417949662144595,-1.5130058185430888,0.01916457234761001,0.04267938504406402,"VNN2;MCEMP1;G0S2;TUBA4A;S100P;S100A8;BST1;VNN1;HK3;SLC11A1;LILRA5;TNFAIP6;TREM1;CMTM2;PELATON;CLEC4E;CLEC5A;FPR2;AQP9;FCGR3B;ADM;CDA;APOBEC3A;CKAP4;ADGRG3;RBP7;RGL4;F5;LTB4R;ACSL1;MTARC1",-1.2443760223170868,0.23182638812129253,FALSE,
"ZHONG_PFC_C4_PTGDS_POS_OPC",129,0.2621016674198169,1.342815867383363,0.020227961121589526,0.04490978524242812,"STRN;ZNF827;CAMSAP2;ANK3;ARHGAP5;NFE2L2;TNS3;LSAMP;FAM13C;MAP4K5;NOL4L;CPAP;SERINC5;SCARB2;SEL1L;APPL2;LRRN3;GOLIM4;ITPR2;EPB41L2;RICTOR;PLEKHA1;TMTC4;RALGPS2;SH3YL1;ADAM23;APCDD1;BCAS1;OSBPL9;TNFRSF21;TM9SF2;PKP4",1.4285908029306615,0.01728404975270784,TRUE,
"GAO_LARGE_INTESTINE_ADULT_CH_MKI67HIGH_CELLS",102,-0.35380904355910603,-1.4429662901378764,0.02097902584018472,0.046435282804799104,"AURKB;CDC45;PKMYT1;NRM;POC1A;PIMREG;TEDC2;FEN1;LYPD5;BIRC5;RAD51;CDCA3;CDCA8;PIF1;EME1;KIFC1;CHAF1B;TACC3;TROAP;CCDC74A;NEURL3;KIF2C;OIP5;LINC00628;PDIA2;FCAMR;CDCA5;TRIP13;HROB;MYBL2;CENPH;STAG3;CCNA2;EXO1;CENPA;CDC25C;NDC80;HJURP;PBK;FOXM1;REXO5;KIF20A",-1.4334742993224046,0.06324635117204776,FALSE,
"TRAVAGLINI_LUNG_ALVEOLAR_EPITHELIAL_TYPE_2_CELL",116,-0.34402813380702085,-1.4360157686589319,0.021992314702771684,0.048530153417058484,"BLVRB;CD74;HLA-DRB1;NPC2;NRGN;LGMN;PGC;DCXR;CDC42EP1;NFKBIA;QDPR;NNMT;ETV5;MUC1;C11orf96;RND1;AK1;CXCL3;AGPAT2;S100A14;TIFA;ALOX15B;ASRGL1;LPCAT1;FABP5;ODC1;CSF3;SOD2;SERPINB1;TPD52L1;MFSD2A;FBP1;HMOX1;SDR16C5;CD83;TMEM163;CXCL2;DMBT1;MLPH;KCNJ8;CD44;ALPL;DRAM1;SERPINA1;PPP1R1B;CTSH;KCNJ15;DBI;SOCS2;ESAM;RGS16;CSF3R;AQP1;C1orf21;ABCA3",-1.4805046380180382,0.024515578346828725,TRUE,
"ZHONG_PFC_C5_BCL11B_CALB2_POS_INP",18,0.5096535630169593,1.6914206306375785,0.02222886339834115,0.04890349947635053,"ANK3;NAV1;KAT6B;THSD7A;KIF21B;BCL11B;ZBTB18;XPR1;TSPAN18;YWHAG",1.9699155327239353,0.013179931697242481,TRUE,
"AIZARANI_LIVER_C8_RESIDENT_B_CELLS_1",34,-0.47150795585530836,-1.5712173255697652,0.023490321496751614,0.051522578267799615,"MYDGF;TMEM258;FKBP2;SSR4;H1-10;PRDX4;FKBP11;ISG20;SEC11C;SPCS2;XBP1;NUCB2",-1.5269611983168783,0.06288421933835682,,
"HE_LIM_SUN_FETAL_LUNG_C1_PULMONARY_NE_PRECURSOR_CELL",247,0.220246684510279,1.2397811789448654,0.024252835655648636,0.05303481531927985,"TACC2;DST;THSD4;DOP1B;RAB30;PROX1;FAM13C;NEURL1B;NRG1;INHBB;TMEM181;IQSEC1;NAV1;NEBL;FBXW7;CEP126;SYT7;PDGFD;CHGB;NEGR1;CACNB2;PCLO;SCN3A;CAMK1D;ABCA5;CHN2;NCAM1;LMBRD2;RUNX1T1;DENND4A;RAPGEF4;QPCT;MAP1B;RASSF6;PLCB4;DACH1;GAB2;MEG3;RGS17;MFSD6;CPEB3;TOX3;RASA4B;CADPS;TNFRSF21;CACNA2D1;JAM3;TMOD2;FNBP1;PCDH17;PLCL1;MAP6;ANK2;ZMAT3;TRMT9B;CXXC4;CACNA1H;DPYSL3;SYT1;NBEA;CASZ1;GCNT1;EPB41L4A;RETREG1;ARFGEF3;MAPRE3;MCF2L;OTULINL;SRGAP1;TTLL7",1.2842281331047285,0.029254203378349535,,
"TRAVAGLINI_LUNG_PERICYTE_CELL",109,0.26561693400612396,1.3102569465998921,0.02435349030442192,0.05309499687991085,"SEMA5A;PDZD2;PLCE1;PCDH18;RGS5;CLMN;MYO10;FARP1;PREX2;PLCB1;CDH6;ADAMTSL3;GUCY1A2;FOXF1;SEMA6D;MYO1B;GJC1;APOLD1;NID1;SORT1;SLC12A2;SGIP1;ADGRF5;COL4A1;ITGA1",1.6191744275362083,0.002456426116589417,,
"HE_LIM_SUN_FETAL_LUNG_C0_INTERM_CHONDROCYTE",58,0.33810538396297896,1.4633444832365015,0.02483022740798311,0.05397229071316089,"THSD4;HHIP;NOTUM;MECOM;AMOT;PLEKHG1;YPEL2;COL9A3;CAPN6;SOX5;FOXP2;CRISPLD1;SOX9;DAAM2;TYRP1;CDC42EP3;HAPLN1;ACAN;SOX6;COL9A1;SEMA6A;SUSD5;BOC;COL15A1;PRELP",1.6023861438592535,0.019146793941540095,,
"TRAVAGLINI_LUNG_CD8_MEMORY_EFFECTOR_T_CELL",29,-0.48315822223587407,-1.564178860564625,0.024917211013096234,0.05399968715076975,"RPS14;IL32;RPS29;CCL5;CD3D;RPL23A;CD8A;RPL30;DUSP2;RPL31;CXCR6;GZMK;SH2D1A;CD3G;CMC1;PYHIN1;RPS27;CD8B",-1.528350488906504,0.07887684396050121,,
"AIZARANI_LIVER_C24_EPCAM_POS_BILE_DUCT_CELLS_3",182,-0.314880777922729,-1.3780269339264528,0.02936237608632037,0.06344370547222794,"MYL6;KRT7;TAX1BP3;TUBB4B;TSPO;VAMP8;CXCL8;CDC42EP1;TUBB;CD151;GSTP1;CD63;LMNA;CYSTM1;PDZK1IP1;CLDN7;CLDN3;TAGLN2;TRNP1;HSPB1;LMO4;ACTG1;KRT18;NECTIN2;ANXA2;AGR2;PHLDA2;DUSP4;MUC1;S100A6;GABRP;SPINT2;CLIC1;TNFAIP2;SLPI;BACE2;MYL12B;SPP1;TNFRSF12A;TPPP3;KRT8;LGALS2;KRT19;S100A14;S100A11;ANXA5;TST;CAV2;KLK11;PPDPF;LCN2;TFF3;TACSTD2;CLDN4;CALM2;MUC5B;TM4SF4;TSPAN3;WFDC2;EZR;PRDX5;BIRC3;LRP10;MLPH;CD59;AQP3;ANXA11;TUBB2A;TXN;S100A10;SDCBP2;CHST4;FXYD3;CTSH;KCNJ15;GPX2",-1.4111219782800193,0.0335907777421823,,
"AIZARANI_LIVER_C34_MHC_II_POS_B_CELLS",129,-0.3276750510481355,-1.3748901564013591,0.03055229142185664,0.06581888300376237,"FAU;RPS5;RPL18A;RPL18;RPLP2;RPS8;HLA-DRB1;HLA-DPB1;HLA-DQB1;RPS11;RPS23;HLA-DRA;HLA-DRB5;CIITA;RPL13A;ISG20;PTPN6;RNASET2;CORO1A;CD52;YBX3;EEF2;KLF2;RPL19;LIMD2;LAPTM5;CXCR4;SP140;EEF1B2;HLA-DQA1;NCF1",-1.178980702368515,0.28428781204111603,,
"DESCARTES_FETAL_LIVER_LYMPHOID_CELLS",84,-0.3588811199049118,-1.4215114462665392,0.030864197530864196,0.0659354478133296,"GNLY;IL32;NKG7;GZMA;CD3D;HS3ST1;PRF1;RNFT2;LCK;GZMM;CD8A;TRBC2;CD247;PCED1B-AS1;ALOX5AP;CD72;CD3E;LTB;ZAP70;VPS37D;CD2;IL18RAP;EOMES;IL2RB",-1.1926807030316253,0.2851386068032335,,
"HE_LIM_SUN_FETAL_LUNG_C3_PRIMITIVE_ERYTHROCYTE",84,-0.3589536497888597,-1.4217987337679148,0.030864197530864196,0.0659354478133296,"HMBS;GCAT;UBAC1;MT1X;DHRS13;MT1E;PLEK2;CYTOR;PMM1;PITX1;SOD3;TSPAN17;MT1M;MAPKAPK3;SPINT2;RGS10;SLC38A5;TESC;MT1F;TFR2;MTHFD2;PNPLA4;ANK1;SIAH2;MT1G;CTSE;SMIM1;SNX22;EPOR;SCPEP1;RAP1GAP;SLC39A8",-1.5644288065388356,0.021767832579671083,,
"DESCARTES_FETAL_KIDNEY_ERYTHROBLASTS",111,-0.33916483612999215,-1.4088692905975806,0.030878859857482184,0.0659354478133296,"BLVRB;PRDX2;HMBS;FKBP8;GLRX5;HAGH;SLC25A39;NARF;UBAC1;TANGO2;DHRS13;PPOX;BSG;PIGQ;HBA2;ABCB6;SLC43A1;HBB;ARRDC2;FAM229A;KLC3;FECH;MAP2K3;TESC;MARCHF3;UROS;AEN;TFR2;TMEM81;TSPO2;ANK1;PPME1;SBF2-AS1;CTSE;SMIM1;SNX22;EPOR;TMEM63B;SLC6A8;TMCC2;CCNE1;ANKRD9;TMOD1;SLC25A37;SPTB;UBE2O;ANKLE1;CPOX",-1.54966812127854,0.01283461204877072,,
"TRAVAGLINI_LUNG_CLASSICAL_MONOCYTE_CELL",266,-0.29101973599387476,-1.301913128580552,0.031556039173014146,0.06708645202170212,"SERF2;GPX1;ATP6V0B;BLVRB;AGTRAP;NICOL1;TMSB10;TYMP;CIMAP1B;PYCARD;CST3;TSPO;SAP30;NPC2;NRGN;RPS13;TYROBP;LGALS1;STXBP2;RPLP1;UBXN11;BRI3;CAPNS1;CEBPD;ARRB2;TKT;CARD16;ZNF385A;KYNU;S100A8;CD14;S100A9;ROGDI;YBX3;LGALS9;S100A6;PGD;CD300LF;TNFAIP2;SPI1;FCER1G;CLEC12A;CEBPB;LGALS2;RNF130;SLC11A1;LYZ;PLEKHO1;NCF1;CPVL;PILRA;SMARCD3;EMILIN2;LRRC25;KIAA0930;HCK;TNFSF13B;S100A4;ZNF467;FCGR2A;TPT1;LYN;NCF2;TNFRSF1A;FPR1;EFHD2;PSAP;CASP1;PHC2;FGR;IFI30;RNF144B;CD86;SLC7A7;PYGL;SAT1;ITGAM;AHR;MGST1;NFAM1;SCPEP1;CARS2;MAFB;APOBEC3A;RNASE6;SERPINA1;C5AR1;C1orf162;C19orf38;MYO1F;DOK3;TNFSF10;MS4A6A;RBP7",-1.0910890948952778,0.40395162663941403,,
"HE_LIM_SUN_FETAL_LUNG_C2_ADC_1_CELL",156,-0.3164035640817643,-1.36175317532778,0.03160270880361174,0.06708645202170212,"IDO1;IL32;SOCS1;TRADD;COMTD1;CXCL10;CD274;RHOF;GBP4;IL4I1;TNIP2;CYB5A;CCDC28B;HLA-F;ISG20;TSPAN15;RNF19B;APOBEC3H;ZNF296;NECTIN2;PHLDA2;DUSP4;GBP1;LRRC61;CXCL9;POLD1;HLA-DQB2;TRAFD1;SNX11;CHST7;TRIP10;VAC14;MIR155HG;TUBB6;ARHGAP10;DHX58;HDHD3;MREG;FAS;TSPAN13;SBNO2;CD40;PLAAT3;TBC1D8;BTN2A2;CD200;BIRC3;ENO3;HOPX;MAP3K14;BACC1;CD80",-1.1047327359631463,0.4104303582785669,,
"TRAVAGLINI_LUNG_BASOPHIL_MAST_2_CELL",472,-0.2708150683516912,-1.2588004282448535,0.03199174406604747,0.06771430376661942,"C12orf57;EIF5A;UBB;NICOL1;ZNF511;RARRES1;SOCS1;ACOT7;FTH1;RELB;PIM3;SNHG9;SELENOM;STARD10;NINJ1;EIF4A3;TSPAN4;NFKB2;HAX1;NXT1;ARL2;SERTAD1;SLC43A3;PRDX1;SELENOK;NFKBIA;RPL36AL;BCL2A1;CD63;NSMCE1;GMPR;AP2M1;HS3ST1;SRSF7;DAD1;LMNA;CYSTM1;DUSP14;EMP3;EHD1;LTC4S;VPS37B;TNFRSF4;COX7A1;NFKBIB;YWHAE;DDIT4;LMO4;RPL34;RBM8A;BCL3;ICAM1;SNHG8;ILF2;PLK3;NFATC1;SERPINB6;SPINT2;CLIC1;DNAJA1;RPS4X;RHBDD2;BACE2;PEBP1;RILPL2;FXYD5;PRPSAP2;GNA15;MTFR1L;PROCR;RENBP;NDUFA4;CALB2;RPL37A;KRT19;JMJD6;PKIG;PTGS2;JUND;SRGN;MRPL32;CAPG;ASRGL1;STX11;PLAUR;SFT2D1;BATF;NME4;LAT2;MARCHF3;PTMA;JUNB;UBA7;EMD;TMEM91;TUBA1A;RPL24;TNFRSF9;FUNDC2;HNRNPM;FDX1;GADD45B;ARHGDIB;SERPINB1;CD82;RHOH;MAOB;ZNF48;DUSP10;ERF;TSEN54;MBOAT7;PMP22;PTAFR;ENSA;CD83;SMYD3;CREM;ANXA7;RAB34;MAP3K8;WDR45B;BTN2A2;BIRC3;TMEM88;MAFF;DNAJC19;RAB27B;BNIP3L;SRSF2;AHR;TFG;ANXA1;HILPDA;VAT1;MLPH;RGS2;TRAPPC2B;ANXA11;PRXL2C;HSPA5;SOCS3;GPR65;FAM177A1;CCL2;CSF1;SRSF3;CD44;CHMP1B;HNRNPA0;TNFSF10;CSTPP1;ALOX5;DNAJB6;SMIM3;CD69;CD33;NDRG2;DBI;MSRA;CD9;CATSPER1;ITM2C;RAB32;NDEL1;DEXI;OAZ2;COX17;ANKRD9;SOCS2;LIF;VIM;BCAS2;SLC1A5",-1.1092899050816192,0.2945715233628938,,
"DESCARTES_FETAL_STOMACH_STROMAL_CELLS",42,0.35970632208551234,1.4764447796955933,0.03209590775308631,0.0677372936881996,"PTCH1;PCDH18;BMP5;FENDRR;PDGFRA;FOXF1;CAPN6;CXCL14;SCARA5;MYH11;COL6A3;TRPA1;C7;MFAP4;ITGA11;TMEM119",1.630586144375827,0.024858589383054464,,
"HE_LIM_SUN_FETAL_LUNG_C1_INTERM_NEUROENDOCRINE_CELL",208,0.23307653135584366,1.2648005279303134,0.03226819317363425,0.0679035021566912,"TACC2;DST;THSD4;DOP1B;PROX1;INHBB;KL;ROBO2;NAV1;CEACAM1;SYT7;CHGB;NEGR1;CACNB2;PCLO;SCN3A;CAMK1D;ABCA5;CHN2;SETBP1;NCAM1;RUNX1T1;LYST;QPCT;MAP1B;DACH1;AK5;RGS17;GNAO1;CTTNBP2;TOX3;RASA4B;CADPS;CACNA2D1;GPRIN3;JAM3;TP53INP1;RNF128;TMOD2;PCDH17;SLC38A11;MAP6;ANK2;ICA1L;LRATD2;COL12A1;CXXC4;CACNA1H;DPYSL3;CASZ1;ARFGEF3;MAPRE3;GPR160;OTULINL;TTLL7;MOXD1;GDAP1;CHGA;PRUNE2;BACE1;ANKH;CACNG4;SLC39A14;SEMA3A;SYT11;ROBO1",1.3233778190792038,0.029291696820572356,,
"DESCARTES_MAIN_FETAL_MESANGIAL_CELLS",15,0.5323595028332008,1.679215149588971,0.033351933568671756,0.06998122477125923,"REN;HOXD10;TMTC1;FLRT2;FOXL1;PTK7;MOXD1;KIF26B;PRICKLE1;GNA14",1.5568266893997889,0.09563236748437971,,
"DESCARTES_FETAL_CEREBELLUM_PURKINJE_NEURONS",28,0.41852980345368923,1.5355426104322307,0.03370866551069408,0.07052591112612075,"RORA;ITPR1;CDS1;ESRP1;HSPA12A;FOXP2;PDE11A;GPC3;FGF19;KLF5;DAB1;PTGER3;SHH;LINC00299",1.5708422999324843,0.05513668305720603,,
"DESCARTES_FETAL_PANCREAS_ERYTHROBLASTS",80,-0.36432748526089764,-1.4268963689685805,0.03391959798994975,0.07076329925489518,"UROD;BLVRB;PRDX2;HMBS;GLRX5;SLC25A39;UBAC1;TANGO2;MFSD2B;GMPR;PLEK2;HBA2;ABCB6;HBB;FECH;SNORD3A;MAP2K3;SLC38A5;UROS;TFR2;TSPO2;ANK1;CTSE;SMIM1;SNX22;EPOR;TMCC2;CCNE1;H2AC8;ANKRD9;RRM2;SLC25A37;SPTB;UBE2O;ANKLE1;CPOX",-1.6102003665649525,0.013822094671001756,,
"HU_FETAL_RETINA_BIPOLAR",44,0.3467531184874606,1.4331241396357977,0.03419248591072939,0.07112820851343707,"BTBD8;ANK3;PROX1;CRYBG3;MAP7;NRXN3;MAP4;CHN2;TCF4;AGAP1;STX3;MEG3;CADPS;PCBP3;ATP1B2;RP1;SYT1",1.3865248938961887,0.08676566507517233,,
"ZHENG_CORD_BLOOD_C7_PUTATIVE_LYMPHOID_PRIMED_MULTIPOTENT_PROGENITOR_1",91,0.286170975755637,1.3641866462885943,0.034998897027039545,0.07259771211894489,"TTC3;ANKRD26;ARID4A;ANKRD28;MIS18BP1;TCERG1;CHD1;MSI2;PIK3R1;SLK;ANKRD36;CCDC14;TRIM24;FAM161A;VPS35;ANKRD36C;BRCA2;STARD4-AS1;LRRFIP1;RUNX1;ZC3HAV1;SPTBN1;TTF1;XIST;USP36;TAOK3",1.648438833748816,0.004932515261316778,,
"DESCARTES_FETAL_INTESTINE_ERYTHROBLASTS",112,-0.3428789985635842,-1.4255229451119409,0.035648087818968575,0.07373365172812305,"UROD;BLVRB;MED8;PRDX2;HMBS;GLRX5;SLC25A39;UBAC1;TANGO2;MFSD2B;ATG4D;HTRA2;DHRS13;PPOX;GMPR;ST6GALNAC4;PIGQ;HBA2;RBM38;ABCB6;RILP;HBB",-1.585521159387049,0.009562409610310104,,
"DESCARTES_FETAL_SPLEEN_MYELOID_CELLS",105,-0.3437010830416676,-1.4083380098908587,0.036057692307692304,0.07436899038461538,"IDO1;BATF3;MCOLN1;CXCL10;LGMN;CD274;OSM;AGR2;CD300LF;IL1RN;FCGR1A;OSCAR;HK3;LILRA5;IL1B;LYZ;IGSF6;RASSF4;FLVCR2;LILRB4;VSIG4;TRPV4;FABP5;RAB20;HCK;LILRB3;NCF2;MS4A4A;LY96;PDCD1LG2;SIGLEC7;CD86;IL1R2;MKNK1;LILRB2;ADGRE1;IGSF21;MRO;ITGAX;IFI44L;FAM20A;THEMIS2;MS4A6A;ADAP2;LILRB1;EBI3;NLRP3;CSF2RA;SIRPB1;C3AR1;KCNK13;SIGLEC1;IL15;CARD14;SAMSN1;FCN1;ANKRD24;CLEC7A;MS4A7",-1.1068035527798508,0.41785714285714287,,
"FAN_OVARY_CL11_MURAL_GRANULOSA_CELL",429,0.2014116507970654,1.1671077093133262,0.03652034823322453,0.07510983800940796,"MED13L;TEAD1;BMPR2;TCAF1;AKAP9;AFF4;DSP;RBBP6;DST;FNDC3B;ATXN1;MACF1;PHACTR2;KIF5B;SOWAHC;KTN1;LPP;ABI2;NFE2L2;MSI2;ZBTB10;KDM5A;LAMC1;CELF1;HUWE1;YAP1;MYO10;ZNF326;BAZ1A;PPP1R12B;MYO6;WAC;H3-3A;OTUD7B;TJP1;PUM1;ENAH;DCP1A;SOX4;RYBP;DDX17;SEC31A;RAB5A;HSPH1;YPEL2;KIF1B;PHF6;MARCHF7;TBC1D4;RHOBTB3;PNN;ANKRD11;ITSN1;DAAM1;TNPO1;ITGB1;SERPINE2;PKN2;PPP4R2;SRSF11;NOP58;RSRC2;KLHL24;GASK1B;EPDR1;CDK6;RBMS1;PPARG;UBE2H;ARIH1;USO1;ARHGAP18;EPS8;PAWR;CSPP1;SLC5A3;IGF1R;SEPTIN10;MARCKS;IGF2BP2;FGD4;HSDL2;THAP9-AS1;ENC1;FILIP1L;PLA2G12A;TIA1;COL4A1;LRRFIP2;PDLIM5;BBX;XIST;H1-0;WWC2;ARL5B;MTMR2;KLF6",1.226520267579502,0.019162477723728658,,
"DURANTE_ADULT_OLFACTORY_NEUROEPITHELIUM_MAST_CELLS",70,-0.3722147227247019,-1.419907551831131,0.03713188220230474,0.07594425972279299,"SOCS1;CCL4;FTH1;TYROBP;SELENOK;NFKBIA;RAC2;EMP3;LTC4S;DDIT4;LMO4;FCER1G;DUSP2;PTGS2;SRGN;ALOX5AP;CAPG;DNAJB1;PLAUR;MAOB;CD83;CREM;BIRC3;RAB27B;RGS2;CD37;GPR65;CCL2;CSF1;CD44;IER2;CD69",-1.1702033331192925,0.32546741695407516,,
"AIZARANI_LIVER_C17_HEPATOCYTES_3",62,-0.38237817568162125,-1.4243940004400923,0.03713527851458886,0.07594425972279299,"F12;SLC27A5;MT2A;CP;APOC1;DCXR;ANG;APOE;NNMT;SAA1;CPS1;CXCL1;RARRES2;RBP4;PTMS;AMBP;CFB;SERPINF2;ASGR2;LRG1;TNFSF14;PLIN5;SERPINE1;SERPINA1",-1.500539314451684,0.05121325460790986,,
"GAO_SMALL_INTESTINE_24W_C7_SECRETORY_PROGENITOR",34,0.37280635186954925,1.4573820610287336,0.03805845222396699,0.07761358515337088,"CHM;EZH1;ZNF23;ZNF662;TCEANC2;CCDC146;COL9A3;GNAO1;CC2D2A;LINC00299;RASAL2-AS1;PTPN13;SRPX2;ADAMTS16;BANK1;CACNB4;HCN1;CIP2A;SV2B;EVC2",1.4421360155507106,0.08043926271438266,,
"HE_LIM_SUN_FETAL_LUNG_C5_CD5_POS_CCL22_NEG_MATURE_B_CELL",149,-0.3132220349343084,-1.3398523973417866,0.03854875283446712,0.07839326206673145,"HCST;DNPH1;TYMP;IGFLR1;NFKBIE;SH2B2;APOBEC3G;RHOF;BCL2A1;DUS2;RHOC;ACP5;U2AF1L4;PLK3;S100A6;CTSZ;TRBC2;GM2A;SNX11;ABI3;RGS10;DOK2;DUSP2;VSIR;PKIG;SRGN;SP140;ARHGAP9;PLEK;PARVB;MIR155HG;TRAC;EVI2A;S100A4;SNX10;CD82;CD40;ITGB7;CREM;BIRC3;IL27RA;KCNN4;ADAM8;LPAR5;S100A10;CD44;ARL4C;C1orf162;RBKS;MS4A6A;LTA;IRF5;CTSH;TFEB;SIGLEC10;IFNGR1;PRKCD;SKAP1;SH3BP1",-1.2200900345631678,0.20583465818759938,,
"GAUTAM_EYE_CHOROID_SCLERA_MONOCYTES",135,-0.3181928242729893,-1.3446782755322702,0.04060324825986079,0.08234066546552773,"AGTRAP;NUBP1;PPP1CA;CIB1;BORCS6;HIGD2A;BRMS1;NXT1;UBXN11;CRIP1;SMCO4;FSCN1;EHD1;PCNA;PML;PSTPIP1;CYBC1;HMGA1;RAB5C;TMUB1;NECAP2;UBE2S;SIPA1;PFKL;MAPKAPK5-AS1;DOK1;TMEM70;CD300C;GAS6;CXCL1;SHMT1;HLX;IGSF6;ARHGAP9;SFT2D1;LILRB4;CNOT3;TNFSF13B;BAX;RALGDS;CNPPD1;SEMA6B;SNAPC1;SLC7A7",-1.2861833371233158,0.1285296981499513,,
"TRAVAGLINI_LUNG_CD4_MEMORY_EFFECTOR_T_CELL",69,-0.370820731319032,-1.4121830068938523,0.040973111395646605,0.0828592726274079,"IL32;TRADD;RPS3;HINT1;RPS29;CD3D;RPL13A;IFITM1;RPL23A;LCK;HLA-A;CORO1A;CD52;SEPTIN1;PCED1B-AS1;HSPA8;CRIP2;CD3E;CTLA4;GSTK1;CD2;LDHB;SIT1",-1.3124350428231468,0.14640048396854205,,
"HE_LIM_SUN_FETAL_LUNG_C0_PERICYTE",187,0.23159706972979965,1.2461024893458623,0.04150803364163647,0.08353718303856808,"TANC1;SEMA5A;PDZD2;ARHGEF12;PDE3A;SYTL2;PLCE1;DGKH;RGS5;EPAS1;CLIP1;RAPGEF5;NEURL1B;LIN7A;PRKCA;INPP4B;PLCB1;CDH6;DMD;DYRK2;ADAMTSL3;GUCY1A2;ARHGAP42;PLEKHA2;KLHL23;ARHGAP26;MLLT3;SEMA6D;GJC1;CAMK1D;HACD4;EPS8;MCTP2;PAWR;ADGRF5;PDLIM5;MGLL;SNRK;CNTN4;TNFRSF21;MEF2C;PAG1;FHL5;ITGA4;TES;GPM6B;HEYL;NBEA;ADAMTS9;SLC35B3;NGFR;MASP1;ALDH1A2;CYTH3;EBF1;SPRY4;FKBP5;ANGPT2;MTUS1;ANKRD44;SEMA5B;SERPINI1;ETS1;RERG;MYOF;LRRC32;RPS6KA2;STARD9;ARHGAP29;ITPRIPL2;ECE1;PPFIBP2;APLNR;NECAB1;ADAMTS5;ABCC9;CRISPLD2;NPR3;ENDOD1;PTEN;BCAS3;GRK3",1.636403727611675,4.777712166536974e-4,,
"DURANTE_ADULT_OLFACTORY_NEUROEPITHELIUM_PLASMA_CELLS",21,-0.5024165494956703,-1.5244600662072572,0.04153846153846154,0.08353718303856808,"SSR4;CYBA;PRDX4;FKBP11;SEC11C",-1.5761364168610046,0.056344256565654956,,
"DESCARTES_FETAL_ADRENAL_SCHWANN_CELLS",68,0.30502394984532466,1.3947014405289935,0.04315964726148816,0.08655774561281879,"ATP10B;GRIN2B;KCNA2;CDH6;GRIK3;LINC01748;SHC4;CHL1;OLFML2A;BCAN;ADAM23;CRISPLD1;GFRA1;TMEM132B;ADAMTS8;SEMA3G;ATP1A2;PMEPA1;TSPAN11;GPM6B;DTX4;TAC1;NGFR;ERBB3;SLC35F1",1.196612153942915,0.26043399142974544,,
"FAN_EMBRYONIC_CTX_BIG_GROUPS_GLIAL",115,-0.3284858430214637,-1.370414673995213,0.04523809523809524,0.09042961228213395,"TPI1;MT2A;CST3;GRHPR;CBR1;ENO1;S100A16;SIGMAR1;DCXR;TIMP1;CD63;MDK;DAD1;LRPAP1;ALDOC;RAMP1;RHOC;TRIB2;AIF1L;TXNDC12;IFI27L2;SEC11C;ANXA5;SNX3;FABP5;TM7SF2;TSC22D4;SLC1A3;MFGE8;TSPAN3;LDHB;PTTG1IP;SPON1;RDH11;CYP51A1",-1.2603248971940735,0.19459200520098202,,
"MENON_FETAL_KIDNEY_3_STROMAL_CELLS",80,0.2934794042302443,1.3701864642431523,0.04533936483567046,0.09042961228213395,"TTC3;TOP2B;DST;PBX1;IGF2;MACF1;NKTR;SEPTIN11;UACA;SOX4;ITGB1;EMCN;NCAM1;COL21A1;MARCKS;PPP1R12A;MEG3;AKAP12;COL4A1;SEPTIN7;XIST;GPC3;IGFBP5;MYLK;FLRT2;CALD1;COL6A3;KCNQ1OT1",1.58548276176816,0.011062210696205249,,
"ZHENG_CORD_BLOOD_C2_PUTATIVE_BASOPHIL_EOSINOPHIL_MAST_CELL_PROGENITOR",92,-0.34497389467690154,-1.390975202014967,0.04921968787515006,0.09789998191057245,"SDF2L1;TMSB10;LGALS1;CALR;CD63;LMNA;IFITM2;EMP3;TRIB2;SLC25A3;LMO4;S100A6;MT-TL1;DNAJC9;LAPTM5;BACE2;JUND;ATF4;ALOX5AP;P4HB;ASRGL1;PLEK;PTMA;ING2;S100A4;TFR2;CD82",-1.2588446441379824,0.19459200520098202,,
"DESCARTES_FETAL_HEART_ENDOCARDIAL_CELLS",22,0.42505772885094834,1.4619312640926618,0.049467589339071916,0.09812423459061806,"ITGA8;SALL1;HMCN1;SLCO2A1;TMEM100;APCDD1;SLC6A4;LEPR;CGNL1;HAPLN1",1.435420761346181,0.08682150681384371,,
"JONES_OVARY_OOCYTE",51,-0.39432930168774577,-1.4218647738750625,0.05114401076716016,0.10117316571378276,"UBB;PFDN2;BRI3;PFKP;ZFAND2A;C6orf52;TRAF2;DNAJA1;SHD;UHRF1;ZP3;ADAP1;THYN1;ODC1;WFDC2;EZR;SAP18;RGS2;GYG1;UCHL1;ACTL8;EIF4ENIF1;GDI2;SYTL3;CDK7;KPNA7;SMS",-1.4735884468124965,0.07712087912087913,,
"FAN_EMBRYONIC_CTX_BRAIN_ENDOTHELIAL_2",295,0.2029924020907235,1.1646561115076994,0.051680574247556316,0.10195678506447252,"SEMA5A;PDZD2;ARHGEF12;PTPRK;SYTL2;MAP3K20;PLEKHA5;PLCE1;PHACTR2;PCDH18;JAK1;DGKH;CDC42BPA;RGS5;EPAS1;PDE8A;LAMC1;FARP1;SEPTIN11;MYO6;INPP4B;UACA;TJP1;CDH6;ZEB1;DMD;ITPR1;GUCY1A2;GOLIM4;LAMA2;PDE7B;ARHGAP42;RBMS3;LAMA4;SASH1;ITSN1;ITGB1;PARD3;MYO1B;GJC1;NID1;PLAGL1;EPB41L1;PRKG1;OLFML2A;SLC12A2;STARD13;EPS8;RAPGEF4;VCL;ITIH5;GNG12;DLC1;PPP1R12A;PTK2;AKAP12;COL4A1;SEPTIN7;MGLL;ITGA1;SNRK;TNFRSF21;AMOTL2;MYLK;LIMA1;ATP1A2;MYH9;AMOTL1;ITGA4;SLC38A11;SYNE2;GPM6B;TNS1;GUCY1A1;ATP1B2;F2R;SLC20A2;HEYL;SPARCL1",1.414444764673219,0.0014629361525582538,,
"CUI_DEVELOPING_HEART_VALVAR_ENDOTHELIAL_CELL",132,-0.31370471647495446,-1.324536478850079,0.05330243337195829,0.10487145427653582,"MT2A;CCL4;PNP;PLLP;CXCL8;CRIP1;IFI27;HS3ST1;CEBPD;CYSTM1;PLA2G2A;CTSL;BIK;NFATC1;S100A6;HLA-B;CXCL1;DUSP2;IER5;PDLIM1;PTGS2;TNFAIP6;S100A4;IGFL2;TPBG;SOD2;SERPINB1;PMP22;ANO1;AKR1B1;WNT4;CXCL2;HLA-H;CD200;MAFF;SOCS3;TUBB2A;CD55;S100A10;CD44;CHMP1B;S100B;CD9;F5;HSPA7;HEY2;AQP1;DUSP5;ACSL1;TMBIM1;PTHLH;PDLIM3;AOPEP;PLCD1;PLPP5;EVL;CYP1B1;ATF3;NR4A2;GADD45A;C1QTNF1",-1.1060918552886276,0.4167801470706035,,
"HE_LIM_SUN_FETAL_LUNG_C1_SQUAMOUS_CELL",232,-0.2888165215320022,-1.2814510442116762,0.053551912568306013,0.1050775365529464,"PLAAT4;KRT7;TYMP;CIMAP1B;SMIM22;COMTD1;ISG15;TNFRSF14;FDXR;KRT16;SFN;ZNF524;PLEKHF1;MT1E;IFI27;S100P;CYTOR;PITX1;ASS1;SNX8;IFI6;PRSS27;PHLDA2;S100A9;MIR200CHG;LGALS9;IL1RN;AMN;BMAL2;SLPI;KLC3;CDC42EP5;GNA15;KANSL1-AS1;IER5;VSIR;CYSRT1;DDB2;SRD5A3;FAM83A;BATF;MX1;PAX9;DHX58;TICAM1;LYPD3;LCN2;GBP2;S100A4;FUT3;SERPINB5;B3GALT4;BARX2;C15orf39;HMOX1;RDH13;KRT15;GDPD3;EVA1C;IFI16;IL10RB;SAMHD1;PYGL;TRIM16;RAB27B;RHOV;SBF2-AS1;ANXA1;APOBEC3A;TRIM29;B4GALT1-AS1;SDCBP2;FUT6;OAS2",-1.2247168782718034,0.14695404346277163,,
"AIZARANI_LIVER_C22_RESIDENT_B_CELLS_2",31,-0.4431957839346422,-1.4444994854310107,0.05389221556886228,0.10546023855254451,"SDF2L1;CRELD2;SSR4;H1-10;PRDX4;FKBP11;SEC11C;SPCS2",-1.438455847318051,0.11178775723887319,,
"MURARO_PANCREAS_ALPHA_CELL",497,-0.2572834228304284,-1.1990625473940544,0.054695562435500514,0.10674456539831552,"NAA38;SDF2L1;COPE;COX8A;ATP5MF;SERF2;NDUFB8;MYL6;UQCR11;TMEM258;PEMT;ANAPC11;TMEM147;UBB;DNPH1;OAZ1;SNU13;VKORC1;TMEM205;UQCRQ;ATP5MG;FKBP2;NENF;ROMO1;H1-10;CST3;NAXE;COX7A2;NDUFAF8;CNPY2;PKM;UBL5;NDUFAF3;NDUFC1;ATP5F1EP2;COA3;C1orf122;YIPF2;SMDT1;TMED3;P4HTM;GPAA1;TUBA1B;PRAF2;CUTA;NDUFB2;CD63;NDUFA1;PCBD1;QDPR;LRPAP1;ATRAID;CYSTM1;EMC10;GADD45G;COPZ1;NDUFB11;G6PC3;TRNP1;HLA-A;PTS;PLK2;BOLA3;IFI6;REEP4;CITED2;BEX5;IFI27L2;ARL3;AK2;SPINT2;TMEM9;KDELR1;SMOC1;RHBDD2;ECH1;ITPK1;BUD23;SPCS1;THEM6;DYNLRB1;PLP2;APOL4;AIG1;TCTA;CAPZB;NAA20;CKMT1A;STX11;NUCB1;C2CD4B;SEM1;NME4;CCDC86;GDI1;SNHG6;HMGN2;FABP5;ATP6AP1;FBXL16;TUBA1A;GPX3;NPDC1;ABHD16A;HPS1;PLIN3;CD82;PRPS1;JADE1;ZNF618;NUCB2;DEPP1;RAB26;TBC1D30;TM4SF4;SLC37A4;GCH1;FAM167A;ZNRF1;MANEAL;IRX2;ANXA7;PEG10;PNMA2;ZBED5-AS1;SGSM2;MPC2;CD200;ARNT2;CKMT1B;C2CD4A;ISL1;TMEM60;SEZ6L2;CALM1;VPS26B;C12orf75;UNC13A;RNASE4",-1.2313304889982701,0.07008000545104562,,
"AIZARANI_LIVER_C29_MVECS_2",307,0.20566124416608345,1.1674907723288024,0.05517173720359247,0.10738520431583949,"JMJD1C;PTPRB;BMPR2;AFF1;MAST4;ASAP1;SPAG9;LUZP1;GARRE1;EPAS1;CRIM1;KLF3;FGD5;TTC28;TSC22D2;SLCO2A1;B4GALT5;PREX2;UACA;LIFR;MECOM;NFATC2;DOCK9;FNIP2;PLSCR4;DDX21;RBMS3;SASH1;SNTB2;ARID5B;APOLD1;AHNAK;EMCN;FLT1;ARL4A;A2M;RPGR;TCF4;FILIP1;PTPN12;ADGRF5;CAVIN2;TEK;PTPRG;KCNN3;DLC1;PLPP3;SPTBN1;EDN1;HEG1;SPTAN1;FILIP1L;AKAP12;PDLIM5;CD93;SWAP70;ABLIM1;CMIP;ATP1A1;PRSS23;IL1R1;MYCT1;LDB2;EMP1;ARHGAP23;ABI3BP;CGNL1;TLR4;SOX7;TMEM47;JAM2;LIMA1;TMTC1;CDC42EP3;TSC22D1;COL8A1;CALCRL;SELP;F2R;SPARCL1;NOLC1;DPYSL3;CYYR1;ERG;ADAMTS9;SYNPO",1.5171812690881312,2.7602277057948483e-4,,
"HE_LIM_SUN_FETAL_LUNG_C1_PROXIMAL_SECRETORY_1_CELL",95,-0.3396972568583329,-1.3744278190590238,0.05542168674698795,0.10758327427356484,"PLAAT4;CP;CX3CL1;CXCL8;NDUFA4L2;PLPP2;TIMP1;HS3ST1;HCAR2;S100P;CTSW;NXPH4;SOD3;S100A9;CCNO;SLPI;CXCL3;CXCL1;KLK11;KLK10;LCN2;SPDEF;CRYM;MUC5B;CXCL2;ISL1;RHOV;ANXA1;MLPH;TMEM45A;SERPINA1;TNFSF10;LYPD6B;CAPS;GSTA1;SULT2B1;TIAM1;PLEKHS1;FAM3D;TSPAN1;AGR3;SIX1",-1.272886370048932,0.187429004165089,,
"MANNO_MIDBRAIN_NEUROTYPES_HRGL2C",242,0.20842101867512725,1.1606063087841212,0.05770700764037738,0.1117207667917706,"SH3D19;PTCH1;AFF1;PLEKHH2;THSD4;EDNRB;PIK3CB;NES;NSRP1;SOX9-AS1;ILDR2;DOCK1;PRKCA;EGFR;LIFR;MAPK14;NAV1;NFATC2;CEP126;LUZP2;ITPR2;PDE7B;ARHGAP42;PDE1C;SERPINE2;COL9A3;NPNT;MYORG;BCAN;CSMD2;LRP1;EPHA3;CDH13;GNG12;PIEZO2;SPATA6;PLPP3;KAT2B;ARAP2;CFAP44;CENPF;DNAH6;ELN;LHFPL3;SOX9;TAOK3;FGFR3;SGO2;ITPKB;CSGALNACT1;CREB5;MYLK;LIMA1;ACSL6;RELN;PCDH17;GRAMD1C;HAS2;DTNA;MNS1;GPM6B;LRATD2;ATP1B2;ITGAV;HRH1;SPARCL1",1.2333200810414215,0.05973960233453379,,
"CUI_DEVELOPING_HEART_VASCULAR_ENDOTHELIAL_CELL",185,-0.29238901199344414,-1.2793009933644697,0.060335195530726256,0.11649827647688102,"HAPLN3;CST3;DPP7;RTN4RL2;SELENOM;SDF4;CD320;CD151;NFKBIA;CTSD;IFI27;IER5L;NNMT;BST2;EMP3;GRN;LTC4S;METRNL;AIF1L;DDIT4;CARD16;ASS1;IFI6;ICAM1;SYNGR2;KLF2;PPIC;GAS6;FXYD5;CLIC3;CXCL3;PROCR;CXCL1;PTGDS;IGFBP7;LSR;TMEM120A;JUNB;ATP6AP1;NPDC1;GABARAPL2;GADD45B;NUCB2;DEPP1;CXCL2;SLC41A3;LTBP4;MAP3K8;DHRS3;KCNN4;SEZ6L2;EMP2;PDGFRL;SERPINE1",-1.197368454139342,0.21599931699820712,,
"SU_HO_FOETAL_FEMUR_C4_FIBROBLAST",221,0.21547502402723936,1.17942954326584,0.06092748368293203,0.11713789302493911,"JMJD1C;DNAJC13;MED13;ARHGEF12;PCDH18;HECA;LPP;ANKRD50;AFAP1;PIK3R1;CEMIP;FAT1;TNFSF11;DYRK2;SOX4;CAST;EPB41L2;RABGAP1;ARHGAP42;RBMS3;KAT7;LAMA4;ITSN1;ITGB1;PARD3;ARID5B;THADA;KLHL24;ANO6;RUNX1T1;OLFML2A;RBMS1;ESYT2;HACD4;MYO1E;RUNX1;OLFML3;GNG12;FGD6;DLC1;ODF2L;FOXP2;PDLIM5;NET1;OGN;PRSS23;MME;IL1R1;SLIT2;ANTXR1;DDX5;FLRT2;DYNC2H1;TSPAN11;GPM6B;COL12A1;ANGPT1;ZNF532;ITGAV;KLF12;SPARCL1;CALD1;FRMD4A;COL6A3;HDAC9;FNDC1;FMNL3;BICC1",1.562844454505893,3.3896990920933445e-4,,
"DESCARTES_FETAL_ADRENAL_STROMAL_CELLS",109,0.24702197955743022,1.218530233733205,0.06114755157562815,0.11713789302493911,"PCDH18;HHIP;MYOCD;ADAMTSL3;C1QTNF7;PDGFRA;GLP2R;DKK2;TRPC4;OGN;SCARA5;CHRDL1;MYH11;FHL5;ABI3BP;CARMN;COL12A1;IGFN1;COL6A3;FNDC1;BICC1;FGF7;VIPR2;TRPA1;C7;ABCA6;ADH1B;LRRC17;OLFML1;PRELP;MXRA5;ITGA11;ZNF385D;EDNRA;TMEM119;TCF21;GAS2;PRICKLE1;SRPX2;DIO3;SULF1;ABCC9;EBF3;DNAJC22;FREM1;ITGBL1;LAMC3;PDE1A",1.6378986977404728,0.001955631194965184,,
"DESCARTES_MAIN_FETAL_TROPHOBLAST_GIANT_CELLS",95,0.2755365431348289,1.340005484420516,0.06115049787390073,0.11713789302493911,"AFF1;TACC2;RBBP6;CRIM1;FNDC3A;SLC38A1;MAN1A2;DAB2;RYBP;STRA6;PTPN21;LNPEP;RHOBTB3;ZNF117;SVEP1;CAPN6;PPP1R15B;MYLIP;POGLUT3;LRIF1;MAN1C1",1.415057523194364,0.04834857297156626,,
"GAO_SMALL_INTESTINE_24W_C3_ENTEROCYTE_PROGENITOR_SUBTYPE_1",40,-0.410317835640739,-1.4091469418766105,0.06142857142857143,0.1173609022556391,"CHCHD10;COMMD1;PEX14;HDDC3;DRG2;PLEK2;CDK5;DUS3L;BOP1;PIGH;SLC35A4;DMBT1;MGST1;VPS26B;ATP2A1;RNASE6;FCSK;GSTA1",-1.511803331855163,0.05822931693379577,,
"DESCARTES_MAIN_FETAL_VISCERAL_NEURONS",37,-0.4157509588595554,-1.4123970887263686,0.06321839080459771,0.12046339035206807,"MTX1;TUBB;HAGLROS;YWHAH;RUSC1;FKBP1B;TUBB3;FSD1;FAM167A;CHRM1;SNPH;VAT1;TUBB2A;UCHL1;PPP2R5B;KBTBD11-OT1;KRT18P11;NEIL2;YBX1P1",-1.145607371065395,0.4167801470706035,,
"TRAVAGLINI_LUNG_IGSF21_DENDRITIC_CELL",46,-0.3929848780908192,-1.3884825301649002,0.06456043956043957,0.12269863644209196,"LGMN;C1QC;LMNA;C1QB;CTSL;C1QA;CXCL16;PPIC;RNASE1;FCGR2B;FOLR2;VSIG4;GPX3;MS4A4A;CD83;MSR1;CXCL2;IGSF21;MAFB;CCL2;MS4A6A;CCL13",-1.324545812854782,0.18119482976040355,,
"MANNO_MIDBRAIN_NEUROTYPES_HSERT",308,0.2004172505329823,1.1363838458233628,0.07137895360964343,0.13519105067379938,"ZFHX3;PRKACB;SYTL2;SEMA3C;DNM3;ERC1;PGM2L1;TARBP1;MYCBP2;PLCB1;PCDH19;PAQR8;CA1;ROBO2;GPRASP1;RUFY3;CSRNP3;CEP126;GARNL3;YPEL2;CHGB;RBMS3;NEGR1;SCN3A;EPB41L1;VAT1L;FRY;PPM1H;NCAM1;SERINC1;CDH13;DNAJC6;HSPA12A;KIT;MAP1B;MEG3;AK5;AKAP7;RGS17;KLHL29;GNAO1;RBFOX2;PDE11A;MFSD6;CPEB3;ABLIM1;LHFPL3;CNTN4;FAR2;SLC6A4;GPC3;TMOD2;PTPRM;KANK4;NFASC;CCSER1;ACSL6;ANK2;BTBD1;TNS1;GREM2;NRXN2;DOK6;XPR1;DPYSL3;SYT1;CASZ1;TAC1;RETREG1;ASXL3;NALF1;ARFGEF3;MAPRE3;GFOD1;MCF2L;NSG1;REEP1;EMID1;GRM8;TMEM35A;THRA;CACNA1E;SLC18A2;TMEM178B;YWHAG;DMTN;PI4KA;CHGA;NAP1L3;CDKL2;MAP7D2;SLC24A3;GNAL;LPIN2",1.1418962829682269,0.12791537276265305,,
"DESCARTES_FETAL_STOMACH_VASCULAR_ENDOTHELIAL_CELLS",28,0.3911334307840662,1.4350281494348502,0.07150601027374513,0.13519105067379938,"EPAS1;EMCN;FLT1;A2M;SOX7;CYYR1;CD34;NKX2-3;MADCAM1;NOTCH4;PCDH12;APLNR;BCL6B;TMEM233;MEOX1;ARHGEF15",1.702578146179158,0.026512421498392672,,
"DESCARTES_MAIN_FETAL_CILIATED_EPITHELIAL_CELLS",399,-0.26048367683358353,-1.200719786928052,0.07194994786235662,0.1356770445404439,"POLR2I;B9D2;DYNLL1;IFT43;MCAT;COQ4;ADPRS;DYNLT1;ZNHIT2;WDR54;WRAP53;DYNC2I2;RUVBL2;B9D1;ANKRD54;LRRC73;DPCD;CIMAP1B;TUBB4B;CIB1;PIERCE1;HSPBP1;CTXN1;FBXW9;SMPD2;GON7;AHSA1;CCDC157;ZNF688;HAGHL;P4HTM;DALRD3;UBXN11;SPMIP6;IFT22;TMEM107;CFAP119;DENND6B;TMEM231;CFAP20;KLHDC9;LRWD1;NUDC;C6orf52;COPRS;CBY1;TOGARAM2;ELL3;CCNO;KIF9;ERGIC3;ZNF584;SPACA9;LMNTD2;DNAAF3;PCSK4;HNRNPF;RSPH1;TPPP3;PSENEN;MYCBP;TCTN2;DNAH2;DNAL4;ZDHHC1;TP73;MINDY4;MORN1;AK8;RIBC1;MORN2;TREM1;METTL27;CLBA1;DYNLT2B;MS4A8;UFC1;CCDC74A;OSCP1;DNAAF8;VRK3;ZMYND12;CIMIP2C;EMC3;RSPH9;FAM229B;NRAV;CFAP45;TMEM218;DNALI1;RSPH14",-1.1873028063228228,0.14685684647302905,,
"DESCARTES_FETAL_KIDNEY_MESANGIAL_CELLS",28,0.3892689457822428,1.4281875465836642,0.07454876924908894,0.14021348827678387,"NKD1;MYOCD;LAMA2;REN;APCDD1;SYNPO2;SHC3;FGF19;TYRP1;COL8A1;RERG;PHACTR3;ENPP1;TCF21",1.6865247225003677,0.02859252263332618,,
"CUI_DEVELOPING_HEART_RIGHT_ATRIAL_CARDIOMYOCYTE",31,-0.4324738749945376,-1.4095537740586679,0.0748502994011976,0.14041684073713037,"PNP;RTN4R;RNF187;ACTA1;TAF10;CITED4;SPRYD3;BMAL2;CALB2;DUSP2;KLK6;DAGLB",-1.3891198242784104,0.15525460974341768,,
"DESCARTES_MAIN_FETAL_MUC13_DMBT1_POSITIVE_CELLS",53,0.30410040631115914,1.2991743692260582,0.07590078557414592,0.14157247751835658,"ZC3H12B;ARHGEF34P;CEACAM5;ZNF774;POF1B;RHPN2;TLCD2;PLS1;FMO4;GALNT4;LRRC19;EPCAM;H4C16;KRT20;TRIM31-AS1;FER1L6;OCLN;AKR1B10;ZNF443;PLA2G4E",1.0364794450867247,0.5212135247799907,,
"HE_LIM_SUN_FETAL_LUNG_C1_PROXIMAL_SECRETORY_PROGENITORS_CELL",123,-0.30911858437553963,-1.298669697693987,0.07611241217798595,0.14157247751835658,"COMTD1;CP;CXCL8;NDUFA4L2;PLPP2;TIMP1;PAQR4;HS3ST1;HCAR2;S100P;PFKP;ISG20;IFITM1;NXPH4;SOD3;DUSP4;CCNO;SLPI;GLIPR2;CXCL1;STING1;PAX9;KLK11;KLK10;SPDEF;CRYM;LINC01503;DUSP10;ABCA7;MUC5B;KRT15;CXCL2;SAMHD1;ISL1;RHOV;ANXA1;MLPH;OSR1;MAFB;CCL2;S100A2;SERPINA1;COL6A2;TNFSF10;LYPD6B;CAPS",-1.006170541896449,0.6075647418015683,,
"VANGURP_PANCREATIC_ALPHA_CELL",33,-0.41979991219889823,-1.401413071222803,0.07613469985358712,0.14157247751835658,"PEMT;RNASEK;CYSTM1;HLA-A;HLA-E;SPINT2;FXYD5;NAA20;GPX3;B2M;PLIN3;TM4SF4;IRX2",-1.4983208351557955,0.08534750305652214,,
"DESCARTES_MAIN_FETAL_HORIZONTAL_CELLS",20,0.4254632584586745,1.4312153250611532,0.07624633431085044,0.14157247751835658,"TANC1;ERC1;MEGF11;PMFBP1;B3GAT2;CNTN4;RAB11FIP4",1.2562660749035124,0.26291877370417194,,
"DESCARTES_MAIN_FETAL_ENS_NEURONS",18,0.423786408495277,1.4064476858937676,0.07713498622589532,0.14285714285714285,"TNS3;GARNL3;TNPO1;HEATR5A;DPYSL3;ZNF843;NAMA;MYH15;GRK3;VIP;FGF13;ETV1",1.609481074504733,0.08676566507517233,,
"DESCARTES_FETAL_MUSCLE_LYMPHOID_CELLS",104,-0.31829858547814854,-1.3025728676193988,0.07913669064748201,0.1460628946390987,"USF1;GNLY;NPM3;NKG7;GZMA;CD7;TOGARAM2;SEPTIN1;CD8A;CD247;CRTAM;PCED1B-AS1;INTS5;SLA2;TBC1D10C;LINC02361;CD3E;MATK;HDHD3;TM7SF2;LTB;RMI2;RHOH;ABCA12;CD2;FGR;IL2RB;ACAP1;HSH2D;IL27RA;C12orf75;SH2D1A;CD6;ARL4C;SFI1;ADGRG5;SYTL1;CD69;CFAP53;RASGRP1;TMIGD2;CD96;LLGL2",-1.20987675407096,0.2675628380528158,,
"HE_LIM_SUN_FETAL_LUNG_C3_HMOX1_POS_PRIMITIVE_ERYTHROBLAST",19,-0.47422150191413276,-1.397651621758551,0.07926829268292683,0.1460628946390987,"FDXR;MT1X;MT1F;AEN;S100A4;HMOX1;MT1G;SLC39A8;MT1H;TMOD1;GDF15;H2BC11",-1.535740439915568,0.09581666933290674,,
"DESCARTES_MAIN_FETAL_GOBLET_CELLS",34,-0.41381664482801017,-1.3789711793589443,0.08124076809453472,0.14931847502944862,"MUC6;PGC;TFF2;MUC5AC;TSPAN15;AGR2;CXCL3;TMEM238L;LYZ;CSF3;SPDEF;GMDS;ERN2;CREB3L1;CXCL5;RFLNA",-1.1016679220088879,0.47076877033716036,,
"GAUTAM_EYE_IRIS_CILIARY_BODY_CRYAA_HIGH_CILIARY_BODY_CELLS",78,0.2723649935854692,1.272752267153283,0.08172695293133564,0.149832747040782,"TTC3;PDZD2;MAST4;PBX1;FAT1;INHBB;RERE;COL4A6;MYO1B;SETBP1;NCAM1;CDK6;HSPG2;MIDEAS;DNAJC6;JAM3;PMEPA1;CXADR;FRMD4B;SQLE;EPB41L4A;SLC20A1;GSTM5;HK2",1.2679794055573703,0.15567633849045007,,
"GAUTAM_EYE_CORNEA_CYTOTOXIC_T_CELLS",140,0.23419689827916015,1.2136482994215982,0.08480039770575197,0.15507579026291166,"ATAD2B;ZNF827;SLC35D1;ZNF621;MDN1;BTBD8;FNDC3B;CDK19;TOPBP1;CLASP1;DNAJC27;LONRF1;ZNF573;ZNF44;EHHADH;FAM13A;PDGFD;NAPEPLD;ZFP14;ZNF248;POLR1HASP;FBXL4;AUTS2;APLF;STARD4-AS1;DIPK1A;ZFP30;FMO4;TSPYL4;ZNF236;FAM13A-AS1;ASPM;MAPKBP1;KLHL29;GPATCH2;PHOSPHO2;CENPF;RAB3IP;RAD17;TMED8;CEP152;SLF2;TAPT1-AS1;ZNF391;ZNF92",1.2086550777749252,0.15711903231501503,,
"DESCARTES_MAIN_FETAL_ISLET_ENDOCRINE_CELLS",32,-0.41958404822265677,-1.385282631218603,0.0855457227138643,0.1560457153021746,"SF3B5;PLD3;HPCA;TBCC;RAB26;FAM131C;ECEL1;SSTR5;STX1A;MAFB;HADH;ASB9;PCSK1N;GNAS;NSMF;PTPRN;KCNJ11;CACFD1",-1.4419594289160054,0.10298938360497348,,
"DESCARTES_FETAL_PANCREAS_ACINAR_CELLS",34,-0.4061858401414876,-1.3535428649845789,0.09010339734121123,0.16394753501182796,"REG1B;REG1A;MT2A;MT1X;MT1E;AKR7A3;MT1M;AMBP;REG4;AKR7L;MT1G;KLB",-1.3926123494687324,0.14028881242056918,,
"CUI_DEVELOPING_HEART_CORONARY_VASCULAR_ENDOTHELIAL_CELL",39,0.31455275140205563,1.2650878276186517,0.09271523178807947,0.16782274778193165,"DST;UACA;ITGA6;A2M;TCF4;ARHGAP18;CAVIN2;UTRN;COL4A1;MEF2C;JAM2;TCIM;COL4A2;DIPK2B;COL15A1;FABP4;MTSS1;ADGRL4;APLNR;CD36;MEOX1;APOD;VWF",1.6002202221887067,0.03329679470630864,,
"BUSSLINGER_DUODENAL_GOBLET_CELLS",16,-0.5054735374492145,-1.428595712661422,0.09291338582677165,0.16782274778193165,"AGR2;HPCAL1;RNASE1;LYZ;TFF3;REG4;CREB3L1;SPINK4",-1.1822484145139245,0.4046475733150403,,
"GAUTAM_EYE_IRIS_CILIARY_BODY_COL9A1_HIGH_CILIARY_BODY_CELLS",94,0.2585629388009352,1.2636847559436108,0.09292664546602826,0.16782274778193165,"TRIO;DSP;SHPRH;TUG1;CPEB4;WNK1;PHACTR2;MAGI1;HOOK1;KTN1;C2CD5;GPATCH2L;NUDT4;PLA2R1;UACA;NEBL;MOB1B",1.2690096134872642,0.17196895684477936,,
"DURANTE_ADULT_OLFACTORY_NEUROEPITHELIUM_OLFACTORY_ENSHEATHING_GLIA",100,-0.3163117445676485,-1.2832308886095558,0.09454545454545454,0.1703225806451613,"POLR2F;NICOL1;MT2A;CST3;LGALS1;APOC1;METRN;IFITM3;MT1E;APOE;SOD3;IFI6;MT1M;SNCG;SPP1;PTGDS;RNASE1;RARRES2;VWA1;FADS3;PDLIM4;CNP;TUBA1A;NAT8L;OAF;TSC22D4;PSAP;MFGE8;PMP22",-1.2151474388390753,0.24952369611812333,,
"DESCARTES_FETAL_CEREBRUM_VASCULAR_ENDOTHELIAL_CELLS",468,-0.2517436115074256,-1.1705006111285223,0.09670781893004116,0.17378682312675714,"VAMP5;PRELID1;MRPL17;CAVIN3;RPL10AP2;MT2A;NOP10;SOCS1;RPL13P12;CCDC85B;CDK2AP2;EIF3I;ISG15;RPS28;S100A16;PIM3;SNRPB;SIGIRR;MT1X;LGALS1;PLOD1;CDC42EP1;IFITM3;CRIP1;CD320;PLEKHF1;RPL41P2;TMEM141;MT1E;IFI27;HYAL2;PLEK2;MOB2;PCBD1;S100P;DEGS2;CLEC2B;ATP5MC3;RHOC;ST6GALNAC4;HBA2;IFITM1;TNFRSF4;RHOD;HSPB1;APOL3;S1PR4;RRAS;IFI6;CLEC11A;EXOC3L1;PHLDA2;C11orf96;HBB;SERPINH1;STAP2;VDAC2P5;SAMM50;RIN1;EFNA1;NHERF2;CSTB;KLF2;ADA;PPIC;CDC42EP5;IFIT3;HRCT1;PROCR;C1orf54;RPL12P4;CALHM2;ANGPTL4;APOL4;COX4I2;MAP3K6;IGFBP7;LSR;ECSCR;SOX18;FLVCR2;C2CD4B;VWA1;CRIP2;ALDH3A1;SLC52A2;MTCO2P12;CD109;CCDC86;CAV2;TRGC2;TINAGL1;MELTF;OCEL1;KANK3;MT1F;LYPD3;PDE6G;TMEM92;ZAP70;BTNL9;RRAGA;GPRC5C;C8orf58;FMO1;DEPP1;ADORA2B;SLC6A12;FGR;EML3;CASP4LP;RGS3;NIBAN2",-1.0562289765022934,0.49049848751433905,,
"HU_FETAL_RETINA_AMACRINE",35,0.3492226161850861,1.3723695598482655,0.09739369343533104,0.17458721341740824,"ANK3;LUC7L3;RERE;SOX4;FBXW7;SCN3A;NRXN3;RUNX1T1;DLG2;RBFOX2;PCBP3;RND3;SRGAP3;SYT1",1.5470051215330658,0.058949139956477055,,
"GAUTAM_EYE_IRIS_CILIARY_BODY_CILIARY_BODY_ENDOTHELIAL_CELLS",347,-0.2597194236764444,-1.1857937670644367,0.09872611464968153,0.17653980107307585,"SRA1;MLST8;RPS6KB2;ORMDL2;TMEM205;RPLP2;HMOX2;PPP1R35;EIF4EBP1;RPL36;RPS15A;HAGH;RPS28;NDUFB9;JAGN1;SNRNP40;COA4;KEAP1;CDC42EP1;SPR;SLC43A3;ABHD17A;SLC25A22;MRTO4;NSMCE1;TAP1;TUBA4A;POLR3H;KXD1;TMEM107;IFNAR2;RPS19;SRPRB;BCAT2;PRDX4;STX4;RAB1B;RPS6;DNPEP;APEX1;MGAT2;MRPS18B;MAX;PSMD2;SNAPIN;ATP5F1C;DHRS4L2;PSMD14;ARRDC1;TLNRD1;UBTD1;BYSL;EIF6;TSPAN17;FAM89A;SQOR;PSMB8-AS1;RPL10;CCM2;IL15RA;SELENOS;TRIM27;ANKRD13D;GLRX;CENPB;LLPH;AIFM2;RUVBL1;LYL1;HINFP;ATG3;RILPL2;ECH1;MFSD10;PSENEN;PPIL1;PKN3;C1orf54;EIF2B1;CCT5;TRIM47;COPS4;SERPINA5;TMSB4X;IL18BP;TESK1;SLC35A4;EWSR1;PRKD2;PMAIP1;TINF2;PLOD3;RBM42;CCDC86;MIR155HG;GOT2;FN3KRP",-1.1735572130179475,0.20009621455846538,,
"VANGURP_PANCREATIC_GAMMA_CELL",33,0.33789618318303205,1.3068702965878138,0.10031347962382445,0.17893755824790306,"INPP5F;THSD7A;CHN2;PXK;AKAP12;SLC6A4;ID4;TMEM47;AMOTL1;DPYSL3;ABCB1;SLITRK6;SLC4A4;SCG2;ABCC9",1.397773013091997,0.14640048396854205,,
"MANNO_MIDBRAIN_NEUROTYPES_HPROGFPM",305,-0.26114862997354654,-1.1839097543976438,0.1010752688172043,0.17985452245414293,"SIVA1;PRDX2;RPS14;AURKB;DANCR;RPL18;H2AC25;MRPL22;H2AZ1;GNG5;PIH1D1;RPL13AP5;RAN;SNRPF;RPL26;RPS3;SNRPC;MRPS15;MT1X;PLK1;NR2F6;CKS2;GSTP1;CENPW;C19orf48P;MDK;RPS19;TYMS;CKS1B;PRC1;PIMREG;RPL23A;HMGA1;LDHA;BIRC5;CCNB1;CDCA3;CDCA8;UBE2S;SEPTIN1;CCNB2;KIF22;RCOR2;CHAF1A;PTTG1;CDKN3;CSRP2;UBE2T;KRT19;MCM2;RPA3;GINS2;PIF1;N4BP3;MAGOHB;UHRF1;PMAIP1;TACC3;HMGN2;TROAP;KIF2C;KNSTRN;TPBG;EEF1D;PTX3;TFF3;PLIN3;HMGB2;GPRC5C;ERF",-1.1837989999676148,0.17850327918798006,,
"HE_LIM_SUN_FETAL_LUNG_C3_MID_CAP_CELL",51,0.3021203679718601,1.2808306397668716,0.10424710424710425,0.1850449821109968,"PDE3B;NCKAP5;GCOM1;LONRF1;NEURL1B;FMNL2;DIXDC1;GLCE;KIT;ADGRL2;DACH1;CRYBG1;APCDD1;JAM3;LEPR;LIMD1;EDIL3;RBP5;LHX6;MADCAM1",1.2176079223037193,0.22715643274853803,,
"DESCARTES_FETAL_PLACENTA_AFP_ALB_POSITIVE_CELLS",106,-0.30804217662653477,-1.2645273867096563,0.10658682634730539,0.18873667299547248,"F12;MT2A;ACY1;MT1X;MMAB;MPST;GSTZ1;MT1E;ASS1;CPS1;AMN;REEP6;PEBP1;ATF5;SPRYD4;SERPINA5;RBP4;GLS2;MT1F;TM7SF2;TFR2;SIRT4;AMBP;TM4SF4;SLC37A4;SERPINF2;BDH1;PRAP1;ASGR2;APOM;MT1G;LRG1;KLB;DHCR7;C4BPB;SERPINA1;SARDH;ALDOB;GSTA1;TDO2;MT1H;SLCO1B3",-1.370383918798478,0.08573343546533896,,
"TRAVAGLINI_LUNG_CAPILLARY_AEROCYTE_CELL",42,-0.381250808410555,-1.3211656041785989,0.10689170182841069,0.18881599885018532,"GPX1;UBB;IL32;CD74;LGALS1;S100A3;S100A6;TUBA1A;GPX3;S100A4;ICAM2;B2M;DHRS7;CD83;HOPX;EMP2;SERPINE1",-1.1564039940661703,0.3966777408637874,,
"DESCARTES_MAIN_FETAL_MESOTHELIAL_CELLS",16,0.42590336089320335,1.3580039190555342,0.10899182561307902,0.19205841115314412,"RPRD1B;PLCB1;NFATC2;FENDRR;GLP2R",1.320387111237169,0.20912815260530018,,
"DESCARTES_FETAL_LUNG_VISCERAL_NEURONS",77,0.2763732953524628,1.2831044541927432,0.11028317185035946,0.19341038599234336,"SATB2;PCDH19;CDH6;VAT1L;CHL1;BCAN;CSMD2;EPHA3;SATB2-AS1;MAP1B;HECW1;ZNF382;KIF5A;TRIM9;TMEM132B;GPM6B;KRTAP5-AS1;DAB1;NGFR;HAND2-AS1;BHLHE22;CACNA1E;CDK5R1;SLC44A5;PHACTR3;SCUBE1",1.4036166882984582,0.056344256565654956,,
"HE_LIM_SUN_FETAL_LUNG_C1_GHRL_POS_NE_PRECURSOR_CELL",358,0.19412147145653202,1.118505668975277,0.11029187300389828,0.19341038599234336,"MICAL3;CERS6;DST;THSD4;PLCXD2;TEX2;DOP1B;PROX1;PRKCE;NRG1;ARHGEF11;KL;IQSEC1;AAK1;ROBO2;NAV1;ZFTA;CEP126;ITPR1;TRAM2;SYT7;GPATCH11;CHGB;BEND7;CACNB2;PCLO;SCN3A;CAMK1D;ABCA5;SYNJ2;BCORL1;NCAM1;RUNX1T1;KLHL3;LYST;RHOU;TMEM65;RAPGEF4;QPCT;AP1AR;MAP1B;KCNN3;LINC00342;PLEKHH1;STON2;KAT2B;DACH1;MAPKBP1;DOCK11;RGS17;GNAO1;DCHS1;HIC2;MFSD6;CENPF;RASA4B;RIPPLY3;ARHGAP32;CADPS;SAP30L;TMED8;TNFRSF21;CACNA2D1;SYNJ2BP;GPRIN3;JAM3;TP53INP1;PCDH17;ZBTB18;SLC38A11;MAP6;ANK2;SCRN1;ICA1L;COL12A1;KLF12;CXXC4;MEGF9;CLN8;CACNA1H;DPYSL3;SRGAP3;ORAI2;NBEA;CASZ1;DLG5;MVB12B;ARFGEF3;MAPRE3;MCF2L;MADD;GPR160;SRGAP1;TTLL7;EMB;GDAP1;CYTH3;CHGA;FLVCR1;BACE1;ANKH;C14orf132;CACNG4;ITGB8;SEMA3A;SYT11",1.1982602963163067,0.05440791774400948,,
"HE_LIM_SUN_FETAL_LUNG_C3_DEFINITIVE_ERYTHROBLAST",21,0.3948702255972455,1.3531412260263669,0.11079545454545454,0.19382530120481928,"HECTD4;CPEB4;TRAK2;FHDC1",1.2887968509389045,0.23541790748461386,,
"DESCARTES_FETAL_KIDNEY_METANEPHRIC_CELLS",43,0.30883860284585996,1.274292408271954,0.11379310344827587,0.19859084880636607,"ADGRG2;ARHGEF34P;SALL1;NOTUM;CDH6;TMEM100;SATB2-AS1;PCK1;TMEM200C;CLIC5;C3orf85;GLYATL1;OR51E2;SLIT1;TNNI1;DEFB1",1.057695665946506,0.48303393213572854,,
"DESCARTES_FETAL_LUNG_CSH1_CSH2_POSITIVE_CELLS",181,-0.27623995495898424,-1.205270381974528,0.1161217587373168,0.20216881737000478,"LSM10;PGP;COPS9;RPL13AP5;TMEM101;ALKBH2;PCGF1;UPP1;ZDHHC16;MARCHF9;RAC3;SH3GLB2;LLGL1;TIMM50;CTSL;TSEN34;DOLK;TP53I13;MFSD13A;HARS1;SEC61G;BOK;PHLDA2;ILF2;EED;CENPV;TRAFD1;TFPT;TNFRSF12A;PSMD3;ANGPTL4;TRMT61A;PREB;P2RX4;TXNDC15;CNNM3;SLC35B2;EML2;RTN4IP1;NOP14-AS1;CNOT3;USP43;KMO;VPS16;UNC119;AKR1B1;SNRPA1;COQ7;TIPIN;P2RY11;DDIT3;ALG2;TIMM17A;SNAI1;HNRNPA1L3;NFU1;SPINDOC;EBI3;CERCAM;FXN;ZFYVE28;POLR2D;PPIL2;METTL5;LZTS2;ACO1;TWIST1;KCNJ14;ZNF74;PGF;TM2D2;CCNDBP1;TBC1D24",-1.2030462172798129,0.20539491496742532,,
"DESCARTES_FETAL_LIVER_VASCULAR_ENDOTHELIAL_CELLS",102,0.24526855296932165,1.203790189429475,0.11666199887093753,0.2026234717232073,"PTPRB;KDR;SLCO2A1;KLF8;MYRIP;SMAD9;TMC7;REN;EMCN;FLT1;HSPG2;NHSL2;ADGRF5;PLPP3;EDN1;DKK2;LRRC66;LDB2;JAM2;MAN1C1;NOSTRIN;RP1;MMRN2;TSPAN18;DIPK2B;PRUNE2;TRPM6;RASSF9;BMX;IL33;NTN4;F8;KLHL4;DNASE1L3;ADGRL4;IL13RA2;GNA14;NOTCH4;PDE2A",1.4901460989663762,0.017845912298491123,,
"GAUTAM_EYE_IRIS_CILIARY_BODY_MONOCYTES",123,-0.2943614035359916,-1.2366717960847178,0.11826697892271663,0.20492082744127035,"SCO2;PGP;BID;H2AC20;NUDT1;EIF4EBP1;DDX39A;UBALD2;CDC37;HLA-C;HLA-F;CD48;HLA-A;SH3BGRL3;PSTPIP1;KYNU;FKBP4;LLPH;LIMD2;ATG3;ATF5;CXCL1;CXCR4;NCF1;STX11;RAB20;SNHG15;DUSP10;GCH1;FGR;SIGLEC9;RIPK2;SLC7A7;TMC6;IL2RA;MKNK1;CD55;ARL4C;SERPINA1;THEMIS2;ALOX5;ABRACL;LILRB1;EBI3;UCP2;SIGLEC10;H2AC8",-1.0904227095380148,0.45535625193034146,,
"HE_LIM_SUN_FETAL_LUNG_C5_CD5_NEG_MATURE_B_CELL",46,-0.36609301789192933,-1.293469006308223,0.12087912087912088,0.20894819466248038,"LY6E;ACP5;TRBC2;DUSP2;SP140;PLEK;PARVB;CD82;CD83;ITGB7;BIRC3;IL27RA;GPR65;CD44;DPEP2;RBKS;CTSH",-1.0921634411805654,0.4669657287990237,,
"GAUTAM_EYE_IRIS_CILIARY_BODY_CYTOTOXIC_T_CELLS",83,-0.3195736074644707,-1.2632551227552549,0.12222222222222222,0.21076801266825018,"CENPM;SSNA1;PPP1CA;RAB5IF;RACK1;ELOF1;ARPC1B;RPL35;EBP;APOBEC3G;HDAC10;NR2C2AP;RBM38;SLC2A6;S1PR4;SEPTIN1;RPL5;ADGRE5;TIFA",-1.2355914474308587,0.23654003597863557,,
"DESCARTES_FETAL_STOMACH_ERYTHROBLASTS",69,-0.33239212594607426,-1.2658367567980573,0.12291933418693982,0.211467859288432,"UROD;BLVRB;HMBS;CDC20;SLC25A39;MARCHF2;MXD3;HBA2;RBM38;CDKN2D;BIRC5;RILP;HBB;FECH;MAP2K3;SLC38A5;UROS;ABCA7;ANK1;PPME1;CDCA5",-1.3973864692556168,0.08676566507517233,,
"VANGURP_PANCREATIC_BETA_CELL",100,-0.30664033281962116,-1.2439953733159534,0.12484848484848485,0.21427895981087472,"PEMT;ALDOA;WARS1;RPS3;ENO1;RPS23;RPL7A;PRDX1;RPL17;SURF4;RPL3;RPS6;SELENOW;RPL5;RPS4X;PEBP1;C1QL1;RBP4;HSPA8;CNP;RPL24;DHRS7;TSPAN13;PSAP;LDHB;TPM3;STX1A;DHRS2;MAFB;HADH;RPL23",-1.2346949323803855,0.22715643274853803,,
"ZHONG_PFC_C3_MICROGLIA",388,0.18812188404298077,1.075217331892905,0.1280811675278506,0.21930879156891397,"LRP6;TACC2;MAST4;TNKS2;TRIM44;PTPRK;UBXN7;SH3PXD2A;SHANK2;ANK3;SEMA3C;PREPL;EPM2AIP1;ZSCAN29;ZNF197;DNM3;PGM2L1;LSAMP;SATB2;NCOA1;EIF4EBP2;OPA1;PLXNA4;NAV1;SMARCA2;CSRNP3;SOX4;ZFTA;FBXW7;CEP126;PRKAA2;GUCY1A2;LRRN3;TRIM2;KIF1B;CHGB;KIF3A;NLK;SASH1;DAAM1;LINC00667;MLLT3;PCLO;TNRC6C;THRB;ENTREP2;MAP4;NCAM1;PXK;CAMK2N1;RUNX1T1;TCF4;CSMD2;NEO1;USP46;RALGPS1;MAP1B;LINC00342;LRRC49;SPTBN1;KIF21B;MEG3;AKAP7;SPTAN1;GNAO1;MGLL;C2orf69;NLN;RSPRY1;ABLIM1;MAP1A;KDM5B;STUM;CERK;SYNGAP1;WDR47;HMGCR;CDC42EP3;NFASC;FLRT2;ZBTB18;MAP6;ANK2;GUCY1A1;NRXN2;TARS3;MAPK10;ATP1B2;KLF12;CXXC4;PPP1R14C;AGTPBP1;DPYSL3;NBEA;NELL2",1.243145624154171,0.019146793941540095,,
"BUSSLINGER_GASTRIC_CHIEF_CELLS",52,-0.3518934434151558,-1.2707539678636361,0.12920592193808883,0.22071411606365293,"SSR4;MT2A;CST3;FTH1;MT1X;PGC;DCXR;RPLP1;PRDX4;EEF2;CA9;P4HB;MT1F;XBP1;GPRC5C;IRX2;PDIA2;MT1G",-1.3227123105804588,0.1744795557143321,,
"CUI_DEVELOPING_HEART_CARDIAC_FIBROBLASTS",74,-0.32438669786672736,-1.2500125150145958,0.13087674714104194,0.22304347047980386,"ALDOA;GAPDH;IL32;COX7B;PKM;COX5A;RRAD;ALDOC;RAMP1;ATP5MC2;HSPB1;SLC25A4;S100A8;FABP3;GOT1;PKIG;COLEC11;CRIP2;TNNI3;MDH1;AKR1B1;HACD1;TNNC1;ENO3",-1.1106312218195766,0.41613773446990215,,
"DESCARTES_MAIN_FETAL_SQUAMOUS_EPITHELIAL_CELLS",73,-0.32512566825313655,-1.252814887201496,0.13164556962025317,0.22382829869860374,"KRT16;SFN;GBP1P1;KRT17;GJB5;PITX1;PRSS27;CSTB;KLC3;S100A14;CYSRT1;KRT6A;LYPD3;FOSL1;FUT3;SERPINB5;THOC3;KCNK7;GLTP;SOX13;KRT15;GSDMC;PLEKHN1;SERBP1P5;KRT6B",-1.1450760865136298,0.3662475245930672,,
"JONES_OVARY_PERICYTE",167,-0.2769173617038105,-1.1972308056945846,0.1343115124153499,0.2278274719942617,"MYL6;CHCHD10;NUPR1;CAVIN3;MT2A;ACTB;NRGN;HES4;LGALS1;NDUFA4L2;IFITM3;CRIP1;CD151;MT1E;IFI27;RRAD;HLA-C;LMNA;IFITM2;HLA-F;COX7A1;SOD3;RRAS;C11orf96;SELENOW;IMPDH2;HLA-B;EGLN1;ISYNA1;S100A11;RARRES2;PDLIM1;IGFBP7;PKIG;CRIP2;CAV2;TINAGL1;GPX3;B2M;CALM2;GJA4;MFGE8;DBNDD2;LGALS3BP;LTBP4;MGST2;H2AJ;EPB41L4A-AS1;NBL1;CALM1;CD59;RNASE4;EMP2",-1.1016358615290442,0.4109970086943557,,
"BUSSLINGER_DUODENAL_BCHE_CELLS",38,-0.37960554798800844,-1.2921933313788103,0.1346704871060172,0.2279039012563368,"TMSB10;MT2A;CST3;MT1X;TMEM219;GSTP1;MT1E;S100A6;LYZ;MT1F;MT1G;CTSE;GMNN;LPCAT4;FKBP1A;MT1H",-1.4051863867697478,0.1299744245524297,,
"DESCARTES_FETAL_SPLEEN_MEGAKARYOCYTES",83,0.2539645775572012,1.1931728284698941,0.140625,0.23742732558139534,"DNM3;LGALSL;CNST;LTBP1;IRAG1;NLK;ASAP2;CDC14B;MFAP3L;GABRE;VCL;DENND2C;PLCB4;MPP7;ADCY6;MDM1;MPIG6B;DNMT3B;ITGB3;SELP;MCF2L;NINJ2-AS1;EGF;LINC00299;ELAPOR2;PDE5A;RSU1;MMRN1;TTC39B;COL24A1;C2orf88;NOS1AP;THBS1;KBTBD12",1.3930019866816714,0.05598943225782371,,
"SU_HO_CONV_CENT_CHONDROSARCOMA_C0_CHON1",155,-0.27682346710104444,-1.1905984742248008,0.15028248587570622,0.2531440481340202,"NAA38;S100A13;NMB;CNPY2;NDUFC1;IRF1;HSPE1;MRPL18;SRSF7;RPL3;PCBP2;PLA2G2A;LMO4;RPS26;RPL34;PLD3;C11orf96;RPL35A;SELENOW;DOK1;PEBP1;GAS6;AK1;HRCT1;SUMF2;RBP4;SMARCD3;PPDPF;MDFI;RPL24;GABARAPL2;GADD45B;TSPAN13;TSPAN3;BCAT1;FOXA3;PRKCZ;DNAJC19;IRF2BPL",-1.1891757293829512,0.25170057698147585,,
"DESCARTES_MAIN_FETAL_DUCTAL_CELLS",50,-0.34817637886103003,-1.2528777965619209,0.15384615384615385,0.25808008469298793,"HSD3B7;NRTN;PUF60;HES4;MPND;GPR3;TMEM141;RASSF7;CITED4",-1.3573656017091893,0.14521427530163983,,
"DESCARTES_FETAL_PLACENTA_SMOOTH_MUSCLE_CELLS",56,0.27487381815931355,1.1933852975393118,0.1541501976284585,0.25808008469298793,"PLCB1;ADAMTSL3;GUCY1A2;ITGA9;SCN4B;GJC1;REN;CNTN4;PAG1;CARMN;GPR20;HAS2;HEYL;VASH2;NGFR;GNAL;PGM5;SEMA5B;GFRA2;CACNA1C;PAQR5;ARHGAP44;ABCC9",1.2461308431118756,0.20783236001374097,,
"DESCARTES_FETAL_STOMACH_CILIATED_EPITHELIAL_CELLS",161,-0.2752216208543823,-1.1873604666461497,0.15427927927927929,0.25808008469298793,"WDR54;B9D1;LRRC73;CIMAP1B;PIERCE1;CTXN1;FBXW9;GON7;HAGHL;SPMIP6;RRAD;CFAP119;TMEM231;ENKD1;TOGARAM2;CCNO;KIF9;SPACA9;DNAAF3;ZMYND10;RSPH1;TPPP3;PSENEN;DNAH2;ZDHHC1;ZNF497;CIMIP2B;AK8;MORN2;OSCP1;DNAAF8;ZMYND12;WDR90;RSPH9;FAM229B;CFAP45;DNALI1;RSPH14",-1.1700397513845022,0.2706828181867565,,
"HU_FETAL_RETINA_PHOTORECEPTOR",40,0.3012587939421536,1.217750401800159,0.15562913907284767,0.25973966659054576,"BAZ2B;AKAP9;BTBD8;AHI1;UBXN4;SOX4;FAM161A;EPB41L2",1.2447299413513009,0.1978835978835979,,
"HU_FETAL_RETINA_HORIZONTAL",22,0.370456662422176,1.274137934747006,0.15625,0.260177752293578,"MAGI1;PROX1;SOX4;SCN3A;PLXNA2",1.2589624755711548,0.2715343459188072,,
"GAO_STOMACH_24W_C1_PROCRPOS_MULTIPOTENT_PROGENITOR",39,-0.36821241356719236,-1.260814766511498,0.16,0.26581235697940503,"NUDT8;H2AX;CDC45;TRAF4;PPIH;UBE2S;INTS15;FAM229A;ZNF143;DNAL4",-1.3723785077963138,0.15391791044776118,,
"HAY_BONE_MARROW_CD34_POS_GRAN",15,-0.47792201888524843,-1.3131210238306068,0.16233766233766234,0.2690802348336595,"TMEM258;SNHG19;CALR;HSPB1;CLEC11A;P4HB;NPW;VAT1",-1.4788439580244737,0.12675424010641836,,
"JONES_OVARY_THECA",42,-0.35837895849462903,-1.2419067521414473,0.16736990154711673,0.27678940438088095,"S100A13;MT2A;S100A16;APOC1;APOE;S100A6;MVD;CALB2;GRAMD1B;FDX1;BTNL9;LSP1;CREB3L1;MGST1;SCARB1;UCHL1;CHST2;ALAS1;INSL3;THY1;PRPS2;BGN;SPARC;DHCR24",-1.0372555488537065,0.5904941718601247,,
"CUI_DEVELOPING_HEART_C2_CARDIOMYOCYTE",54,-0.3349496307928539,-1.216843386952401,0.17024128686327078,0.2808981233243968,"CHCHD10;NDUFS6;COX5A;RRAD;ATP5MC1;PFKP;ALDOC;COX7A1;SLC25A4;FABP3;GOT1;IDH2;CRIP2;TNNI3;MDH1;SNTA1;HACD1;TNNC1;ENO3",-1.0985734326877301,0.4595816665248106,,
"GAO_LARGE_INTESTINE_24W_C6_SECRETORY_PROGENITOR",20,-0.4280942997493884,-1.2812328611184043,0.17246596066565809,0.283710407239819,"TYMP;RPS18P9;L3MBTL2;C1orf174;APOE",-1.1786478426650167,0.3929062070688148,,
"DESCARTES_FETAL_HEART_ELF3_AGBL2_POSITIVE_CELLS",25,-0.40946569235080504,-1.279417517855883,0.17272727272727273,0.283710407239819,"CP;DEGS2;AGR2;MUC1;ZMYND10;RSPH1;MS4A8;TACSTD2;CRLF1;RPL10P9;CAPS",-1.3528713754364128,0.20345340490202418,,
"ZHONG_PFC_MAJOR_TYPES_ASTROCYTES",279,-0.25322867099868335,-1.1424585411482655,0.17326203208556148,0.2839463550657283,"YIF1A;S100A13;HAPLN3;MT2A;CST3;GNG5;TEX264;IFI27L1;CBR1;S100A16;HES4;GNPTG;C1orf122;ZFYVE21;LGALS1;DCXR;CDC42EP1;IFITM3;MT1E;TIMP1;COMT;CD63;APOE;HLA-C;ALDOC;RAMP1;RHOC;PRODH;TRIB2;ETV5;AIF1L;G6PC3;ROBO3;CTSL;HLA-A;HSPB1;PPP1R16A;TBC1D10A;PRR5;SERPINB6;EFNA1;HLA-B;TRIM47;ANXA5;SNX3;RASSF4;FABP5;P3H4;GPX3;TM7SF2;TSC22D4;B2M;SLC25A18;LYN;PLIN3;CD82;EFHD2;TP53I3;SLC1A3;ADORA2B;MFGE8;TSPAN3;PMP22;PTTG1IP;SPON1;LGALS3BP;CYP51A1;RAB34;OLFM2;EFEMP2;THBS3;CDC42EP4;HOPX;DHCR7;P4HA1;RAP1GAP;FADS2;ALPL;SOX8;NHERF1;KCNJ10;CSPG5;SLC3A2;S100B;NDRG2;RAMP3;GLUD1;RCN1;DBI;CD9",-1.0618429637717817,0.4975215992936873,,
"DESCARTES_FETAL_INTESTINE_SMOOTH_MUSCLE_CELLS",38,0.29563138260389704,1.1781763905996456,0.17434210526315788,0.28507290184921763,"RGS5;MYOCD;LDB3;MYH11;ACTA2-AS1;CARMN;MYLK;GREM2;CAPN3;FGF7;AOC3;CHRDL2;KCNMA1;JPH2;KCND3;LMOD1;LINC00578",2.003654815315248,5.048056513679883e-4,,
"DESCARTES_FETAL_LUNG_CILIATED_EPITHELIAL_CELLS",260,-0.25413870682749573,-1.1350648209003515,0.17833698030634573,0.29076417020661943,"ADPRS;WDR54;RUVBL2;B9D1;LRRC73;DPCD;CIMAP1B;PIERCE1;HSPBP1;FBXW9;GON7;CCDC157;HAGHL;PLPP2;SPMIP6;PPOX;IFT22;CFAP119;TMEM231;KLHDC9;C6orf52;PPP1R16A;ENKD1;TOGARAM2;LRRC26;CCNO;KIF9;ZNF584;SPACA9;ZMYND10;RSPH1;TPPP3;TCTN2;DNAH2;ZDHHC1;ZNF497;PLA2G10;TP73;CIMIP2B;SYT8;AK8;RIBC1;MORN2;TREM1;DYNLT2B;CCDC74A;OSCP1;DNAAF8;ZMYND12;CIMIP2C;EMC3;RSPH9;FAM229B;NRAV;CFAP45;DNALI1;RSPH14",-1.1131340157423866,0.35205566097406704,,
"ZHONG_PFC_C3_UNKNOWN_INP",33,-0.36903517982401435,-1.2319457668237899,0.17862371888726208,0.29076417020661943,"PRC1;MXD3;BIRC5;CDCA8;CCNB2;UBE2T;NMU;CDKN2C;SKA1;CCNA2;NDC80;SPC25;HJURP;HYLS1",-1.2557291120599672,0.26043399142974544,,
"TRAVAGLINI_LUNG_SIGNALING_ALVEOLAR_EPITHELIAL_TYPE_2_CELL",56,-0.32827408482057524,-1.2038387422077326,0.1802403204272363,0.29273931237175294,"TXNDC17;TMEM125;CD74;NPC2;PGC;CYB5A;CD81;ETV5;PMM1;MUC1;NINJ2;S100A14;RNASE1;TMSB4X;FABP5;FBP1;CREB3L1;HOPX;CD44;DRAM1;IRX2-DT;KCNJ15",-1.0927515159985985,0.4705169885892777,,
"BUSSLINGER_DUODENAL_LATE_IMMATURE_ENTEROCYTES",161,-0.26962406860820853,-1.1632115199665223,0.18130630630630631,0.2931690990484354,"CD74;HLA-DRB1;FTH1;CBR1;PNP;SLC2A5;HLA-DRA;SLC25A5;SAT2;AKR7A3;CYB5A;CYSTM1;LDHA;GLRX;AMN;ADA;REEP6;PEPD;ABCG5;PEBP1;VNN1;S100A14;MGST3;CNDP2;P4HB;ACAA1;MS4A8;SAR1B;PCK2;HEBP1;RBP2;DGAT1;TM4SF5;DHRS7;FBP1;TM4SF4;SLC37A4;TKFC;AKR7L;ACADVL;MTTP;HSD17B2;SAT1;ATP1B3;TM6SF2;ACAT1;CALM1",-1.271883766066596,0.11907598280416429,,
"AIZARANI_LIVER_C11_HEPATOCYTES_1",199,-0.26088381989150644,-1.146046971184512,0.18131256952169078,0.2931690990484354,"SOD1;F12;UQCRQ;MTHFS;SLC27A5;MT2A;GRHPR;CBR1;ECHS1;CP;MT1X;APOC1;DCXR;MT1E;ANG;CYB5A;PCBD1;APOE;NNMT;GADD45G;ASS1;CPS1;MT1M;GOT1;C2;SDS;PEBP1;ATF5;PRDX3;ADI1;CXCL1;SHMT1;VNN1;RARRES2;RBP4;ATP5PF;HSD11B1;MT1F;PCK2;PTMS;AMBP;MAOB;CFB;FBP1;HAAO;SERPINF2;ASGR2;APOM;MT1G;LRG1;MTTP;AQP9;ACAT1;MGST1;PON3;SERPINE1;RCL1;C4BPB",-1.2095483559311806,0.17850327918798006,,
"DESCARTES_FETAL_MUSCLE_SMOOTH_MUSCLE_CELLS",65,0.26035483781012664,1.1611667316625656,0.18803418803418803,0.3033618233618233,"RGS5;BMP5;GUCY1A2;FRK;RCAN2;PAWR;TRPC4;MYH11;FHL5;NRIP2;DAAM2;ACTA2-AS1;CARMN;PLCL1;SLC38A11;ADCY5;SLIT3;ANGPT2;SEMA5B;OR51E2;RERG;ITGA11;AOC3;EDNRA;CACNA1C;TMC4",1.5625879280607353,0.024638601744740765,,
"DESCARTES_FETAL_HEART_EPICARDIAL_FAT_CELLS",60,-0.32370787856037314,-1.2021280455058772,0.18865435356200527,0.30368749597786215,"KRT7;RARRES1;TGM1;PDZK1IP1;KREMEN2;PLA2G2A;SLPI;C1QL1;CA9;C1orf53;NMU;FAM83A;UPK3B;KLK7;KLK11;ABCA12;CFB;FMO1;CDH3;CHAC1;GRB7;TNFRSF11B;SBSPON;GFPT2;TNFRSF8;GSDMA;EPS8L1;MSLN",-1.132610686580137,0.3966777408637874,,
"DESCARTES_FETAL_INTESTINE_ENS_GLIA",27,0.3301279355670197,1.204347445251279,0.19230769230769232,0.30830312240657354,"KCNA2;GRIK3;ABCA8;SNTB1;SHC4;BCAN;CSMD2;TRIM9;ATP1A2;HEYL;SLC35F1",1.0683287165076247,0.4943646097492251,,
"HE_LIM_SUN_FETAL_LUNG_C1_SMG_BASAL_CELL",355,-0.24600220502163614,-1.1223493896863201,0.19275825346112885,0.30830312240657354,"FBXO6;TYMP;NUPR1;CIMAP1B;IL32;CD70;CNFN;NRTN;SPHK1;HLA-DPB1;MCUB;TNFRSF14;UBAC1;SELENOM;LGALS1;CX3CL1;PLPP2;SFN;MT1E;PAQR4;BCL2A1;RAC2;HS3ST1;PFKP;CCDC28B;KREMEN2;EMP3;IFITM1;TNFRSF4;ACP5;TRNP1;WNT10B;PITX1;SAA1;TFAP2A;LGALS9;NFATC1;GABRP;KLF2;TNFAIP2;HLA-B;GAS6;RND1;FXYD5;GYPC;CXCL3;CXCL1;RGS10;FAM216A;LAMA1;CXCR4;PLAU;VSIR;PMAIP1;MX1;PAX9;GINS3;MARCHF3;TUBB6;TRPV4;ADCK1;CCDC74A;KLK10;TICAM1;NPDC1;PTX3;LTB;LINC01503;PRKAR2B;CD82;LSP1;FAS;CD40;PMP22;ANO1;KRT15;BDH1;EVA1C;CXCL2;IFI16;CD200;RELL1;BIRC3;IL27RA;KCNN4;NBL1;ADM;ISL1;FOXC1;SEZ6L2;RFLNA;IQCJ-SCHIP1;STMN3;OSR1;HPRT1;ST6GALNAC2;BACC1;CCL2;S100A2;SLC6A8;TRIM29;TMEM158;SCARB1;TNFSF10;KCNAB3;SLC1A1;GPX2;S100B;NUDT11;NCALD;HPDL;PKP1;TNS4;CYP4X1;IGFBP4;CHST15",-0.8943805732455185,0.9017057690128075,,
"HE_LIM_SUN_FETAL_LUNG_C0_RESTING_CHONDROCYTE",93,0.2493659504994853,1.2124271658756225,0.19279561649116306,0.30830312240657354,"NEDD4;THSD4;YPEL2;COL9A3;FRY;CAPN6;CHAD;C1GALT1;SORBS2;SOX5;MMP16;CRISPLD1;SOX9;FGFR3;TRIM9;CSGALNACT1;DAAM2;KLF5;CDC42EP3;MIOS;COL12A1;ITGA10;HAPLN1;STK26;ACAN;SOX6;COL9A1;SUSD5;COL15A1;TRAPPC8;PRELP;ENPP1;FIBIN;MPZL2;MATN3;SCUBE3;COL24A1",1.4671856224438906,0.029291696820572356,,
"CUI_DEVELOPING_HEART_SMOOTH_MUSCLE_CELL",45,-0.3426646116893173,-1.2160158695625243,0.19538670284938942,0.31175988190913567,"S100A6;PPIC;OSR2;RARRES2;NPDC1;RCN3;S100A4;EGFL6;NUCB2;OSR1;PCOLCE;PDGFRL;DUSP1;IGFBP4;LOX;BGN;ID2;SPARC;C1R;NTRK2;SFRP2;SERPINF1;CFH;CRABP2;CTSK",-0.5856582498680578,1,,
"TRAVAGLINI_LUNG_FIBROMYOCYTE_CELL",23,0.34967628002402334,1.2197148898300356,0.1977077363896848,0.3147715276730508,"HHIP;PLXNA4;SYNPO2;XIST;FNBP1;GREM2;CLU;FNDC1;PRUNE2;FGF18",1.397302006641911,0.14182723656921,,
"DESCARTES_MAIN_FETAL_SATB2_LRRC7_POSITIVE_CELLS",70,-0.30701906082557906,-1.1712021486715096,0.20486555697823303,0.32413323672134026,"RPS11P5;PANX2;SRM;TRAPPC5;RAB3A;LPAR2;RPL23AP82;CATSPER3;DOHH;FAM171A2;CSRP2;RASL10A;MCRIP1;ABHD8;HPF1;ANO8;VPS26B;FNDC4;ADGRB2;NYAP1;TMEM158;LINC00115;TMEM240;WASF1;B4GALNT4;IL11;B3GAT1;DHPS",-1.1646328984882373,0.3287493036135254,,
"TRAVAGLINI_LUNG_VASCULAR_SMOOTH_MUSCLE_CELL",60,0.2595494042982145,1.1459046728960411,0.20491803278688525,0.32413323672134026,"SEMA5A;SYTL2;RGS5;LPP;EPAS1;CRIM1;INPP4B;CDH6;RCAN2;EPS8;ADGRF5;SEPTIN7;ITGA1;PARM1;FHL5;MYLK;MYH9;HEYL;CALD1",1.403370986327432,0.09882732404112911,,
"HE_LIM_SUN_FETAL_LUNG_C4_ILCP_CELL",173,-0.26074870299792224,-1.1351369264139721,0.20492721164613661,0.32413323672134026,"S100A13;CST3;TSPO;TNFRSF18;TRAPPC5;PXMP2;NINJ1;TSPAN4;CAMK1;IL4I1;TIMP1;LST1;ALDOC;CD81;UNC93B1;GRN;LTC4S;TNFRSF4;CDK2AP1;PLD6;AP1S1;FUCA2;CLEC11A;ICAM1;NFATC1;SLC16A3;ARL3;CENPV;DTD1;GNA15;ORAI3;IFNGR2;FSD1;IGFBP7;COQ8A;TNF;UBASH3B;ISOC1;GRAMD1B;ARHGAP10;PHF19;TNFSF13B;TSPAN13;KRT86;MBOAT7",-1.0497789028842937,0.5128907201295325,,
"CUI_DEVELOPING_HEART_5TH_WEEK_VENTRICULAR_CARDIOMYOCYTE",65,-0.3118125567775314,-1.1758674198073482,0.21614583333333334,0.34113451086956526,"SMCO4;MCEMP1;ACTA1;SHISA5;DUSP14;AIF1L;RHOD;CALB2;DUSP2;TESC;KLK6;MARCHF3;TUBB6;PDLIM4;GPX3",-1.0144325535597927,0.5983632862644416,,
"DESCARTES_FETAL_EYE_SKELETAL_MUSCLE_CELLS",91,-0.2872952289176094,-1.1573802170777545,0.21807228915662652,0.34342837728353764,"LAMTOR5;IL32;NPM3;BAK1;TRIM72;ACTA1;RAMP1;COX7A1;TNNI2;BOK;FABP3;AK1;PPP2R3B;XIRP1;TNNT1;EME1;GAL3ST1;TMEM38A;MYL6B;CHRNB1;GAMT;PEG10;KLHL21;TNNC1;ENO3;TRIB3;DOK7;ATP2A1",-0.9893082128294928,0.6489193815866903,,
"HE_LIM_SUN_FETAL_LUNG_C1_PROXIMAL_SECRETORY_2_CELL",268,-0.24836710343748536,-1.1121926109860327,0.22510822510822512,0.35374149659863946,"PLAAT4;KRT7;NUPR1;SMIM22;COMTD1;TNFRSF14;PLLP;CP;CX3CL1;CXCL8;NDUFA4L2;PLPP2;SFN;MT1E;TIMP1;PAQR4;ANG;HS3ST1;HCAR2;S100P;DEGS2;CTSW;FKBP11;ISG20;IFITM1;NXPH4;SOD3;BIK;DUSP4;TFAP2A;S100A9;CCNO;LGALS9;GABRP;AMN;SLPI;GLIPR2;HLA-B;FXYD5;CXCL3;CXCL1;RGS10;STING1;VSIR;PAX9;KLK11;KLK10;LYPD3;NPDC1;LCN2;SPDEF;CRYM;ARHGDIB;CD82;LSP1;PLAAT3;MUC5B;ADORA2B;DTX2;KRT15;ERN2;CXCL2;IKBKE;LRG1;CREB3L1;SH2D3A;SAMHD1;RAB27B;ISL1;RHOV;ANXA1;MLPH;MAFB;S100A2;ALPL;SERPINA1;COL6A2;TNFSF10;TRIM22;LYPD6B;CAPS;ALDH3B1;MB;GSTA1",-0.9931642678790958,0.676423885958287,,
"BUSSLINGER_DUODENAL_MATURE_ENTEROCYTES",239,-0.2502330772390414,-1.1124676113032448,0.2267250821467689,0.35551276379817326,"GPX4;IL32;CD74;HLA-DRB1;C8G;FBXW5;SECTM1;SLC2A5;HLA-DRA;CD151;CTSD;IFI27;SAT2;MDK;PFKP;PNPLA2;RHOC;PRODH;SREBF1;HSPB1;ATG4B;S100A6;GLTPD2;AMN;ADA;SLC27A4;MAPK3;REEP6;PEPD;ABCG5;YPEL3;AGPAT2;S100A14;ANGPTL4;ACY3;POLD4;TRIP10;P4HB;ACAA1;MS4A8;SLC19A1;POR;SLC67A1;PCK2;GADD45B;TNFRSF1A;DGAT1;TM4SF5;MFSD2A;PLAAT2;FBP1;TM4SF4;BAIAP2L2;PRAP1;SLC39A4;TRIM15;ACADVL;EZR;MTTP;GALE;PLXNB2;TM6SF2;CTSE;ALPI;SLC6A8;SERPINA1;ARHGEF16;CSNK1D;SCARB1;GSDMB;SLC3A2;ALDOB;BMP1;INF2;TJAP1;RAB17;SLC6A20;MICALL2;MIGA2;IGFBP4;ANKRD9;EPS8L2;SMIM24;TM4SF20;SLC25A37;STAT6",-1.2036403015692594,0.17246772936440996,,
"DESCARTES_MAIN_FETAL_SCHWANN_CELLS",27,0.31262966309728635,1.140511588073552,0.23076923076923078,0.36107427055702923,"EDNRB;ABCA8;OLFML2A;STARD13;ADAM23;SEMA3G;GAS2L3;TSPAN11;NGFR",0.8721680832705131,0.8395061728395062,,
"HE_LIM_SUN_FETAL_LUNG_C0_VASCULAR_SMC_2_CELL",156,0.20342634045311753,1.079299318693045,0.23275862068965517,0.36340378197997775,"THSD4;PDE3A;PLCE1;DGKH;RGS5;EPAS1;MED14;LGALSL;MYOCD;RAPGEF5;HMCN1;INPP4B;CDH6;ARHGEF7;KLHL23;FRK;RCAN2;VAT1L;FRY;OLFML2A;CDH13;MAMDC2;LDB3;FILIP1L;PDLIM5;SLC8A1;NET1;PARM1;SIPA1L2;MEF2C;HIP1;MYH11;NRIP2;ATP1A2;ITGA4;TLCD5;COL8A1",1.3086555974287537,0.08429248392391972,,
"DESCARTES_MAIN_FETAL_CARDIOMYOCYTES",16,0.375344787867803,1.1967965968912804,0.23705722070844687,0.3693209060822584,"MYOCD;PPP1R12B;FHOD3;FILIP1;SORBS2;SLC8A1;INCA1;RYR2;USP28;TRIQK",1.3173603803758296,0.20912815260530018,,
"DESCARTES_MAIN_FETAL_EPICARDIAL_FAT_CELLS",26,-0.37506149585649506,-1.179192264506806,0.24283559577677225,0.37751315317759454,"TGM1;PLA2G2A;CA9;BST1;CALB2;KLK7;AQP9;SPATA41;S100A10;TNFRSF8;MSLN;INMT",-0.8957938370489709,0.7573739764282672,,
"TRAVAGLINI_LUNG_CAPILLARY_INTERMEDIATE_1_CELL",158,-0.2597024359037273,-1.1166487001912215,0.2434881087202718,0.37771873275837037,"GPX1;RPN1;TYMP;IL32;CD74;HLA-DRB1;HLA-DQB1;IRF1;HLA-DRB5;CX3CL1;ISG20;TSPAN15;RNASET2;S100A3;MXD4;RRAS;ICAM1;CD14;SYNGR2;IL15RA;SERPINB6;UBC;HLA-B;PLAU;CCND3;PDLIM1;HLA-DQA1;TNIP1;IBA57;STX11;DNAJB1;TINAGL1;TMEM51;TUBA1A;GPX3;S100A4;ICAM2;DNAJC1;SERPINB1;CD82;TNFRSF1A",-0.8567360419322649,0.9017787218795588,,
"MENON_FETAL_KIDNEY_9_ENDOTHELIAL_CELLS",102,0.22445078690675097,1.1016155639074863,0.25,0.38699360341151384,"ROCK2;TGFBR2;PBX1;ACTR2;KIF5B;KTN1;LPP;NES;KDR;UACA;LIFR;ITGB1;EMCN;FLT1;A2M;TCF4;HMGB1P5;HSPG2;ADGRF5;CAVIN2;PIEZO2;PLPP3;MARCKS;SPTBN1;MKI67;COL4A1;CCND1;MEF2C;IGFBP5;PCDH17;RDX;NOSTRIN;IL6ST;TCIM;NIN;CD34;COL4A2",1.4028919210361872,0.04270415684854389,,
"DURANTE_ADULT_OLFACTORY_NEUROEPITHELIUM_GLOBOSE_BASAL_CELLS",25,-0.3763240464750175,-1.1758630489561264,0.2606060606060606,0.40171238860737374,"H2AZ1;TUBB;MARCKSL1;JPT1;CALB2;PTMA;HMGN2;TUBA1A",-0.978316073903658,0.6599628503883824,,
"HE_LIM_SUN_FETAL_LUNG_C2_GMP_CELL",26,-0.37016231262155663,-1.1637892465034563,0.2609351432880845,0.40171238860737374,"NKG7;CITED4;FKBP11;CLEC11A;SLC43A1;C16orf74;NUCB2;PCLAF;ARMH1;MGST1;SERPINB8;RGL4;DDX11;MTARC1;MCM6;RNASE2",-1.1848876742604828,0.367470111098297,,
"HE_LIM_SUN_FETAL_LUNG_C7_FGFBP2_POS_NEURAL_PROGENITOR_CELL",42,0.27345069690977747,1.1224013289946673,0.2611683848797251,0.40171238860737374,"PLAGL2;NKD1;EPAS1;TMEM100;ARHGAP18;ERV3-1;CCSER1;TMT1A;SYNM;SELENOP;TAPT1;ZNF599;UNC5B;MFAP4;BLOC1S5;ARHGAP31;NFIX;BCL11A;WDR27;LAMA5;ANKHD1;MAP3K5",1.0380525746368847,0.5084668192219679,,
"MENON_FETAL_KIDNEY_2_NEPHRON_PROGENITOR_CELLS",39,-0.3368200344688548,-1.1533225319622455,0.26571428571428574,0.4078405315614618,"RPLP0P6;RPS2;RPLP0;EIF3F;RPSA;TRIB2;RPL3;HMGA1;MARCKSL1;RPSA2;ODC1;BTG1",-1.007839450158525,0.6156426553672316,,
"MANNO_MIDBRAIN_NEUROTYPES_HPROGBP",266,-0.24351973377864966,-1.0894159373491352,0.2687704026115343,0.4116609964050082,"MCM5;RPS14;AURKB;RPL18;H2AZ1;GNG5;TK1;RPL13AP5;NAXE;SNRPF;H2AX;PLK1;CKS2;GSTP1;CENPW;C19orf48P;MDK;RPS19;TYMS;CKS1B;MCM7;PRC1;PIMREG;PCNA;XRCC3;RPL23A;HMGA1;BIRC5;CCNB1;CDCA3;CDCA8;CCNB2;IRX3;KIF22;DNAJC9;RCOR2;PTTG1;CDKN3;AAMDC;UBE2T;LAMA1;RPA3;GINS2;FZD2;PIF1;UHRF1;PMAIP1;TACC3;HMGN2;TROAP;KIF2C;KNSTRN;EEF1D;PTX3;CRYM;PLIN3;HMGB2;CENPN;MAT2B;IRX2;SLC39A4;BCAT1;CDCA5;ZWINT;MTTP;RFC4;SRF;ACTL6A;MYBL2;GMNN",-1.1062536066602644,0.3723821944369691,,
"HE_LIM_SUN_FETAL_LUNG_C1_PROXIMAL_BASAL_CELL",172,-0.2522666608358731,-1.0959090047143203,0.2713963963963964,0.4148079658605974,"NUPR1;LGALS1;CX3CL1;NDUFA4L2;SFN;TIMP1;HS3ST1;HCAR2;PFKP;GADD45G;EMP3;IFITM1;NXPH4;PITX1;TFAP2A;TGFB1;KLF2;SLPI;HLA-B;FXYD5;CXCL1;STING1;RARRES2;C16orf74;TP73;HSPA2;PAX9;KLK11;GJB2;KLK10;FOSL1;PNCK;SERPINB5;CD82;LSP1;CD40;FMO1;KRT15;WNT4;EVA1C;IFI16;NBL1;ISL1;ANXA1;ST6GALNAC2;MAFB;S100A2;PTGES;TRIM29;COL6A2;A4GALT;TNFSF10;LYPD6B;OTX1;PKP1;GPNMB;CYP4X1;IGFBP4;MUC4;SH3BP1;SOX15;FHL2;SIX1",-0.9256430502025756,0.8037827240226041,,
"DESCARTES_MAIN_FETAL_LYMPHATIC_ENDOTHELIAL_CELLS",64,-0.29855330139707703,-1.1228845848556184,0.2777053455019557,0.4235589933496215,"GFUS;SPHK1;S100A16;RADIL;C2CD4D;INO80C;HOMER3;UBTD1;SLC27A3;NFATC1;GJD3",-0.8407765860639753,0.8925438596491229,,
"DESCARTES_FETAL_PANCREAS_ENS_GLIA",29,0.3019154765867005,1.1207291895314035,0.2787878787878788,0.42431865828092247,"GRIK3;SHC4;OLFML2A;BCAN;ADAM23;GFRA1;TSPAN11;NLGN3;TAC1;ERBB3;DEPDC7",1.0511709028770502,0.5332726279366236,,
"HE_LIM_SUN_FETAL_LUNG_C1_GHRL_POS_NEUROENDOCRINE_CELL",111,0.2165786977384524,1.066394331439055,0.28125,0.4271705020920502,"DST;THSD4;A1CF;PROX1;CEP126;CHGB;CACNB2;RUNX1T1;RAPGEF4;QPCT;MAP1B;RGS17;GNAO1;RASA4B;CADPS;TNFRSF21;CACNA2D1;GPRIN3;RNF128;ANK2;COL12A1;CXXC4;CASZ1;ARFGEF3;MAPRE3;CHGA;BACE1;ANKH;CACNG4;SEMA3A;SYT11",1.1578975944266165,0.2483456930876694,,
"AIZARANI_LIVER_C4_EPCAM_POS_BILE_DUCT_CELLS_1",176,0.20264844923886174,1.0809040770719036,0.28440366972477066,0.4310585891861869,"AFDN;DSP;PTPRK;SHANK2;MAGI1;CDH1;TMEM245;GTF2I;LAMC1;PROX1;CLMN;MYO10;PAH;CPD;ALKAL2;SCARB2;SOX4;SYNJ2;CAMK2N1;SH3YL1;SLC12A2;PAWR;SORBS2;NEDD4L;WEE1;MGLL;EPCAM;RAB3IP;SOX9;ATP1A1;FGFR3;CLIC6;TP53INP1;AMOTL2;MYLK;PMEPA1;FMO5;OCLN;CXADR;CYP3A5;LAMP2;ABCC3;AGT;CLU;TMPRSS2;PTPRF;ERBB3;ERRFI1;BICC1",0.9548263882125244,0.7358708189158016,,
"HE_LIM_SUN_FETAL_LUNG_C2_PDC_CELL",134,-0.2591197958452871,-1.096515832525982,0.2921478060046189,0.4418735565819861,"SOCS1;ADAT3;TRAF4;HS3ST1;CD7;ST6GALNAC4;PRMT7;KPTN;SGSM3;PPP1R14B;TNNI2;ZNF296;CDKN2D;PARP10;LRRC26;OCIAD2;SEPTIN1;PPM1J;CXCR3;ADA;CLIC3;SLA2;CYB561A3;ATP13A2;GRAMD1B;CD3E;TUBB6;LTB;TSPAN13;CIB2;SIT1;IDH3A;NEK8;MYBL2;C12orf75;SPON2;PLVAP;ADGRG5;IFIT2;SLC15A4;MAPKAPK2;RASD1;SH2D3C;TMIGD2;GZMB;MNAT1;CDH23;DUSP5;SLAMF7;LIME1;EPHA2;SLC37A1;KCTD5;DERL3;PACSIN1;HS3ST3B1;SLC2A1",-1.1053270672733229,0.41785714285714287,,
"SU_HO_CONV_CENT_CHONDROSARCOMA_STROMAL_C1_OSSIFICATION_STROMAL_CELL",191,-0.24408644244044153,-1.0714388385021114,0.29654403567447046,0.4475903740117787,"ATG101;OAZ1;HAPLN3;NDUFB1;TNFRSF18;IRF1;NT5DC2;SERTAD1;PRDX1;GPAA1;TUBA1B;HSPE1;NFKBIA;AP2M1;GADD45G;PLA2G2A;UQCC5;LMO4;YBX3;HNRNPAB;SELENOS;DNAJA1;SMOC1;KLF2;CEBPB;AK1;GYPC;CYB5R3;ANXA5;CAPG;NUCB1;HSPA8;GABARAPL2;TPBG;HNRNPM;SOD2;FDX1;TACSTD2;CNIH1;CD276;PTTG1IP;EZR;C1orf56;UAP1;LRP10;ATP1B3;FOXC1;SRSF2;FNDC4;MAFB;SRSF3;SRPX;CHMP1B;TMED2;HNRNPA0",-0.9881794914725147,0.676423885958287,,
"DESCARTES_MAIN_FETAL_URETERIC_BUD_CELLS",17,0.34156331219312636,1.1104355523433744,0.2972222222222222,0.4476832641770401,"NAALADL2;MYO6;ACER2;SPMIP4;MTCO1P12;TBC1D9",1.243793860033538,0.2945715233628938,,
"HE_LIM_SUN_FETAL_LUNG_C3_ARTERIAL_ENDOTHELIAL_CELL",272,0.19492343063900847,1.1040728542139175,0.30172449092076026,0.45352376896163965,"DENND11;USP53;FAT4;EDNRB;SPATA13;ATP13A3;CDK19;ARL15;DSTYK;SULT1B1;SKIL;HMCN1;PREX2;PIK3C2B;MECOM;ROBO2;PDK3;ITPR1;TRAM2;SENP7;LTBP1;TMEM100;GOLIM4;ITPR2;SMAD7;SERPINE2;CAMK1D;TMC7;COL9A3;THSD7A;SYNJ2;CHL1;RUNX1T1;SLC12A2;COL21A1;EPS8;STK38L;MYO1E;KCNN3;PLCB4;TTLL3;MCC;SOX5;MMP16;DKK2;FILIP1L;CRYBG1;SLC8A1;SWAP70;NOVA1;MET;SNX18;FGFR3;GPRIN3;SEMA3G;CGNL1;NOMO3;TMEM47;LPCAT2;CDC42EP3;PELI1;MERTK;GUCY1A1;F2R;GIPC2;KLF12;CLGN;SYT1;KANSL3;GCNT1;ABCC4;SYNPO;FZD6;GFOD1;NSG1",1.3697894667514598,0.010384334040586835,,
"DESCARTES_FETAL_STOMACH_LYMPHATIC_ENDOTHELIAL_CELLS",19,-0.38308189526774034,-1.1290399739914034,0.30335365853658536,0.45503048780487804,"RADIL;CTSL;NFATC1;PTGS2;PARD6G",-0.788063344231458,0.8935273307090539,,
"ZHONG_PFC_C4_UNKNOWN_INP",79,-0.28148391725867317,-1.0960873165434926,0.3059418457648546,0.45796655675316383,"POLR2L;COMMD9;DANCR;ELP6;POLR2H;MRTO4;GADD45G;UBE2I;TIMM50;INO80C;DDIT4;DYRK4;EXOSC1;SNHG8;OCIAD2;ATG3",-1.1050764502692638,0.438589153771086,,
"GAUTAM_EYE_CORNEA_MONOCYTES",255,-0.239674517025722,-1.0694198560450257,0.3092105263157895,0.4619070825211176,"MED8;RPN1;YIF1B;ORMDL2;TMEM208;RANGRF;RPLP2;NUDT1;TOR2A;TK1;CCDC85B;FPGS;NUDT22;H2AX;ALYREF;FBXW5;BAK1;COMMD5;SH2B2;NQO2;C19orf25;MCRS1;GPR3;PLEKHJ1;ALKBH7;ATP5F1B;ZSWIM7;RPS19;SDHB;MLF2;GADD45G;SDSL;TIMM29;VMA12;IL17RC;ETV5;RNF19B;RRP9;SCAMP3;CBARP;GRINA;MAPKAPK3;NFATC1;JPT1;DEF8;ADCK2;ELOC;ADGRE5;SLBP;VPS18;SNAI3;VSIR;CHST7;IL18BP;ZNF579",-1.124957187873943,0.31599564744287273,,
"HE_LIM_SUN_FETAL_LUNG_C4_TH17_CELL",15,-0.4017072122726951,-1.1037160143615676,0.3262987012987013,0.4864329715459079,"IL4I1;LST1;IL23A;CAPG;NPDC1",-1.0485544487138445,0.5649805447470818,,
"DESCARTES_MAIN_FETAL_ERYTHROBLASTS",181,-0.24204242235872175,-1.0560621576037101,0.3314543404735062,0.49310625242574896,"UROD;BLVRB;PRDX2;HMBS;CDC20;GLRX5;SLC25A39;NARF;UBAC1;TANGO2;SLC43A3;HTRA2;DHRS13;GMPR;PRC1;CHTF18;BSG;PIGQ;HBA2;RBM38;CISD2;ABCB6;PRR5;HBB;NPRL3;CCNF;ARRDC2;KIF22;TMEM14B;FECH;RECQL4;GYPC;MAP2K3;IBA57;ORC1;MARCHF3;RCCD1;UROS;TROAP;TFR2;ABCA7;TSPO2;TMEM120B;DCAF11;ANK1;PIGC;PPME1;FBXO7;AP2A1;HK1",-1.1916004245177598,0.22145687767233285,,
"HE_LIM_SUN_FETAL_LUNG_C1_CLUB_CELL",62,-0.29028873496269386,-1.0813523332997037,0.33421750663129973,0.49620022456916896,"KRT7;SMIM22;CP;NDUFA4L2;HS3ST1;S100P;CTSW;ISG20;IFITM1;NXPH4;CCNO;SLPI;HLA-B;KLK11;KLK10;FCGR2A;RHOV;ANXA1;MLPH;SERPINA1;TRIM22;CAPS;SLA;SULT2B1;SPNS2;DPYD;AGR3;SIX1",-0.9211148479649625,0.7596159741040008,,
"HE_LIM_SUN_FETAL_LUNG_C1_LATE_TIP_CELL",26,0.3008157811521954,1.0845133586206754,0.3392330383480826,0.5017923666268364,"FMN1;CEMIP;NOTUM;LINC02038;DLG2;MGLL;RASGRF1",1.2962041270046825,0.2330817309334335,,
"FAN_EMBRYONIC_CTX_ASTROCYTE_2",127,0.20161931706534153,1.0315044963383033,0.33974358974358976,0.5017923666268364,"KMT2C;DST;EDNRB;MACF1;RORA;LIFR;GARNL3;LUZP2;ITPR2;PLSCR4;LAMA4;SERPINE2;SEMA6D;CACHD1;GASK1B;APC;KCNN3;PLPP3;SESN3;MARCKS;BBS2;HIF3A;PDLIM5;FGFR3;ID4;CSGALNACT1;TMEM47;ATP1A2;ACSL6;DTNA;ATP1B2;ABCA1;SLC15A2;TRIL;TMT1A;CLU",1.0410771170533046,0.47412244897959177,,
"CUI_DEVELOPING_HEART_LEFT_VENTRICULAR_CARDIOMYOCYTE",36,-0.3179861349657674,-1.0756593467233022,0.3400576368876081,0.5017923666268364,"LGALS1;TRAIP;PLK2;IRX3;S100A11;ECSCR;ISOC1;COLEC11;TMEM88;ANXA1;CCL2;PLVAP;CTHRC1;ESAM;CMC1;THY1;RAMP2;KCNJ2",-0.9551909191660196,0.6865865286917918,,
"DESCARTES_MAIN_FETAL_VASCULAR_ENDOTHELIAL_CELLS",35,0.27386258765973615,1.0762209017021553,0.35555555555555557,0.5235970250169033,"PTPRB;RAPGEF5;SLC39A10;SNRK;LDB2;SOX7;ESM1;CYYR1;TCIM;ABCB1;DGKE;FAM124B;ADGRL4;NOTCH4;APLNR",1.4783101307175428,0.0891446966965625,,
"GAO_ESOPHAGUS_25W_C2_KRT6BPOS_SECRETORY_PROGENITOR_CELLS",68,-0.2788649392309878,-1.0546311658008962,0.35844155844155845,0.5267784846732215,"YJU2;ISG15;NTHL1;SECTM1;HTRA2;GBP4;PDZK1IP1;ZFAND2A;KYNU;S100A8;PRSS27;BMAL2;CALHM2;CDKN2A;DUSP10;GDPD3;PRSS22;ADM;HOPX;APOBEC3A;TOR1B;TBC1D2;VASN;MUC3A;SPNS2;EPS8L1;DUSP5;PRSS8;MNX1;ADAM28",-1.1158248852374981,0.4167801470706035,,
"DESCARTES_FETAL_CEREBRUM_SKOR2_NPSR1_POSITIVE_CELLS",33,0.27502187554970803,1.063693341197328,0.36363636363636365,0.5333333333333333,"RORA;ITPR1;PDE1C;SUDS3P1;CFTR;HSPA12A;ADGRL2;PDE11A;GPC3;FGF19;NGFR;SYT2;PTGER3",1.0167567497907073,0.5642904730179881,,
"HE_LIM_SUN_FETAL_LUNG_C2_DC2_CELL",51,-0.2935794756782973,-1.058583049783677,0.36473755047106327,0.5338698823427256,"HLA-DOA;HLA-DQB2;LGALS2;SNAI3;IL18BP;FCGR2B;CCDC86;SLAMF8;IL1R2;ST14;ADAM8;ARL4C;MAP4K1;CD69;S100B;NDRG2;TMEM273;MSLN;TVP23A;KIF17;ADAM28;FBLN2;SPINT1;PPP1R14A",-0.7944806908597127,0.9294035087719298,,
"ZHONG_PFC_C2_SOX5_BCL11B_POS_EXCITATORY_NEURON",25,0.29709358953024595,1.0488494343555195,0.3684210526315789,0.5381764269829503,"LSAMP;LMO7;THSD7A;SOX5;MGLL;IGFBP5;BCL11B",1.492928068071895,0.06398865920163796,,
"JONES_OVARY_T_CELL",87,0.21820961694719937,1.0387748830914274,0.3770491803278688,0.5496741062611099,"CLSTN2;SVIL;EPAS1;CRIM1;COL14A1;ITGA6;LIFR;MECOM;DOCK9;ABCA8;PDGFRA;SERPINE2;ITGA1;ABLIM1;SNRK;IGFBP5;MYCT1;MYLK;COL12A1;CMYA5;NOSTRIN;SPARCL1;COL6A3;CD34;MMRN2;FGF7;C7;MFAP4;LRRC17",1.245175661654801,0.17933298358716648,,
"TRAVAGLINI_LUNG_ADVENTITIAL_FIBROBLAST_CELL",289,-0.23027237555239788,-1.0404065381168652,0.38387096774193546,0.5584976404421746,"MYDGF;ABHD14A;S100A13;HSD3B7;RARRES1;IL32;CST3;CD74;SERTAD1;TIMP1;REXO2;CLEC2B;LMNA;NNMT;IFITM1;PLA2G2A;CTSL;IGFBP6;ZNF385A;ANXA2;LDHA;YBX3;PLK3;BAG3;S100A6;S1PR2;KLF2;TNFAIP2;SLPI;APOL1;TNFRSF12A;RGS10;OSR2;PLAU;JUND;LOXL1;CPVL;DNAJB1;PLAUR;MARCHF3;TUBB6;JUNB;PDLIM4;OAF;RCN3;SSR3;FOSL1;TNFSF13B;S100A4;PTX3;TSKU;LSP1;XBP1;NUCB2;IFI16;LGALS3BP;MT1G;ZC3H12A;LTBP4;MAFF;DHRS3;UAP1;ADM;AHR;MGST1;HTRA3;ANXA1;VAT1;OSR1;PCOLCE;SCPEP1;PDGFRL;SOCS3;CCL2;CD55;CSF1;S100A10;CD44;CFD;SRPX;ARF4;GAS1;COL6A2;IER2;DUSP1;CTSH;GFPT2;UCHL1",-0.805399826873169,0.9903964890031038,,
"DESCARTES_FETAL_STOMACH_PDE1C_ACSM3_POSITIVE_CELLS",15,0.3293695709189673,1.0389264592014635,0.3860103626943005,0.5604870466321243,"TFCP2L1;PDE1C;STUM",0.9348297318309987,0.7083769633507854,,
"DESCARTES_FETAL_INTESTINE_VASCULAR_ENDOTHELIAL_CELLS",38,0.26580247721497113,1.0592995928215474,0.3980263157894737,0.5767806492278601,"SLCO2A1;EMCN;FLT1;GASK1B;HSPG2;SOX7;SELP;ESM1;CYYR1;CD34;MMRN2;LHX6;MADCAM1;COL15A1;FABP4;NOTCH4;PCDH12;APLNR",1.2653273629264425,0.17957392483842655,,
"ZHENG_CORD_BLOOD_C3_MEGAKARYOCYTE_ERYTHROID_PROGENITOR",92,-0.2563634942035382,-1.0336876750428095,0.4009603841536615,0.5798749778795981,"NAA38;UROD;BLVRB;TXNDC17;APOC1;SNRPD1;REXO2;CYTOR;EMP3;TRIB2;S100A6;MYL12A;FECH;PKIG;JUND;PA2G4;PTMA;S100A4;TFR2;PRKAR2B;ANK1;SIAH2;FBXO7;MPC2;EPOR;TUBB2A;CSF1;FADS2",-0.9984294055076353,0.6346708628376606,,
"DESCARTES_MAIN_FETAL_EXTRAVILLOUS_TROPHOBLASTS",90,-0.2578911011685267,-1.0362256132461347,0.4026602176541717,0.5811755825386256,"KRT7;ISG15;KLHL17;TMED3;HLA-G;AFAP1-AS1;SHISA5;TLE6;KRT18;PYCR1;P3H1;EFNA1;KRT8;N4BP3;FSTL3;CHPF;LAIR2;PLOD3;FADS3;CXCR6;FGFBP1;CD276;IL2RB;PCAT6;SERPINE1;SNAI1;PTGES;GLIPR1;TNFSF10;ARFGAP1;EBI3;CCNE1;CERCAM;MMP15;CORO6;GAA;PRSS8;SLCO4A1;QSOX1;ANKRD24;ITM2B",-0.964029138184977,0.6990753420191191,,
"DESCARTES_FETAL_CEREBELLUM_OLIGODENDROCYTES",41,0.24972726075760418,1.0219948036970992,0.40397350993377484,0.5819142226426994,"TMEM100;PDGFRA;GDNF;CHAD;BCAS1;LHFPL3;PRKG2;LINC01579;SLC44A1;LGR5;HAPLN1;ERBB3",0.7554035245760364,0.9880813953488373,,
"DESCARTES_MAIN_FETAL_HEMATOPOIETIC_STEM_CELLS",37,0.2615225134336068,1.0349841693181412,0.40522875816993464,0.582566491943312,"NRIP1;LRRFIP1P1;TARBP1;TRIM66;TMCC1-DT;ABCC1;LRRC37A4P;SEPSECS;TAOK3;ZNF789;FASTKD1;FIRRE;EMC3-AS1",0.9107150972520917,0.8162665190617865,,
"ZHONG_PFC_C1_ASTROCYTE",28,-0.3224458417722929,-1.0387199156836615,0.41185185185185186,0.5909178743961353,"MMAB;APOE;EIF6;TBC1D10A;EFNA1;GPX3;SLC25A18;CD82;ADORA2B;DHCR7;TMEM126B;NHERF1",-1.0961595128207628,0.48419537708198046,,
"DESCARTES_FETAL_PLACENTA_TROPHOBLAST_GIANT_CELLS",36,0.26296619466744053,1.035938584956171,0.4155844155844156,0.5950972104818258,"AFF1;RYBP;RHOBTB3;ZNF117;CAPN6;ERV3-1;XKRX;MAN1C1;CYP19A1;CRYBG2",1.2786814330144036,0.17723311280912044,,
"HE_LIM_SUN_FETAL_LUNG_C4_ILC2_CELL",138,-0.24162093764408718,-1.0260487164868328,0.42298850574712643,0.6045071952212869,"CHCHD10;TYMP;TSPO;TNFRSF18;CAMK1;WDR86;TIMP1;S100P;GADD45G;DENND6B;ZG16B;BCL3;GRINA;ROGDI;CTSZ;SPINT2;CENPV;THG1L;BACE2;GNA15;RENBP;GFI1;RNF130;IFNGR2;ANXA5;CAPG;LSR;BATF;CCDC86;CD82;MMP25;DUSP10;MBOAT7;DAPK1;EGLN3;BIRC3;IRF2BPL;IL2RA;AHR;TNFSF14;SOCS3;IL17RB;C1orf162;DPP4;TNFSF10;CACNB3;CMPK2;ALAS1;SOCS2;LIF;TIAM1;TMEM273;EPS8L2",-0.9421798591746633,0.7515227574299372,,
"CUI_DEVELOPING_HEART_C5_VALVAR_CELL",189,-0.23223965330518065,-1.0178574766085364,0.42474916387959866,0.6058308309952625,"MT2A;IRF1;SELENOM;EIF4A3;LGALS1;SERTAD1;IFI27;HS3ST1;SRSF7;APOE;LMNA;LTC4S;ZFAND2A;HSPA6;IFI6;C11orf96;BAG3;NFATC1;S100A6;SNHG5;DNAJA1;CLIC3;CXCL1;TUBB3;PTGS2;CHPF;DNAJB1;TNFAIP6;HSPA2;JUNB;TUBA1A;TPBG;CRYM;ZFAS1;GADD45B;SERPINB1;XBP1;SNHG12;RGS3;CXCL2;ZC3H12A;LTBP4;CD200;MAFF;UAP1;AHR;RNASE4;PAPSS1;SOCS3;TUBB2A;SNAI1;CD55;S100A10;SRPX;CHMP1B;ARF4",-0.7602655268828586,0.9952342398704597,,
"DESCARTES_FETAL_LUNG_BRONCHIOLAR_AND_ALVEOLAR_EPITHELIAL_CELLS",30,-0.3171807646439234,-1.0325784464223764,0.43134328358208956,0.6140298507462687,"RNF220;PGC;ETV5;TPD52L1;ACOXL;CRLF1;LINC01426;DMBT1;KCNJ15;KCNJ5;RBBP8NL;KIF12;CLDN2;SUSD2",-0.9113578264453552,0.7542120679554775,,
"DESCARTES_MAIN_FETAL_IGFBP1_DKK1_POSITIVE_CELLS",133,-0.23908515756964163,-1.0105771058746384,0.4343786295005807,0.616038252667683,"CYB561D2;UBE2L6;LGALS1;IFI35;TIMP1;CLEC2B;S100A3;IGFBP6;RRAS;FAM89A;CITED2;GBP1;APOL1;OSR2;SUMF2;ALOX15B;CHST7;POLD4;PILRA;PDLIM2;MRPS6;EMILIN2;HSD11B1;SPTSSA;B2M;TSKU;CD82;MAOB;DEPP1;LINC01270;ASIC3;ING1;COPZ2;SPON2;TMEM45A;MAPK7;CFD;APOO;GAS1;VASN;CHST2;STARD5;IGFBP4;PODNL1;MXRA8;ZNF416;HSPB6;ISLR;CHPF2;ADAMTS15;THY1",-0.7948835887486015,0.9877551020408163,,
"CUI_DEVELOPING_HEART_RIGHT_VENTRICULAR_CARDIOMYOCYTE",19,-0.34051067705611254,-1.003571744622731,0.4344512195121951,0.616038252667683,"ECI1;ISYNA1;IGFBP7;S100A4;CMTM7;PYGL",-0.9271906119957427,0.7242561985742317,,
"HE_LIM_SUN_FETAL_LUNG_C7_KCNIP4_POS_NEURON_CELL",79,0.21574337574220592,1.0135121084329368,0.43601895734597157,0.6170560682907902,"UNC5C;SATB2;MAP7;MANSC1;SMAD9;NEGR1;PCLO;CAMK1D;PLXNA2;ATP2B4;DIPK1A;DLX3;SGIP1;RAPGEF4;CASC15;GNAO1;TNFRSF21;KIF5A;HEATR5A;LDB2;PCBP3;GUCY1A1;HDAC9;ARFGEF3;DMTN;TAPT1;FBXL2;ROBO1;MTUS1;PCP4",1.1799832307552276,0.2675772357723577,,
"MENON_FETAL_KIDNEY_6_COLLECTING_DUCT_CELLS",89,-0.25308533432883834,-1.0114441682683637,0.43765281173594134,0.6181633099616604,"ENO1;COA3;GSTP1;CYB5A;LRPAP1;HSPB1;KRT18;TSTD1;ANXA2;AGR2;S100A6;EIF1;SPINT2;TMSB4XP8;MYL12A;KRT8;KRT19;MGST3;S100A11;TMSB4X;PPDPF;B2M;CLDN4;AKR1B1;BCAT1;WFDC2;EZR;SAT1;CALM1;DMKN;S100A10;ARL4C;ARPC2;IER2;CTSH",-1.0032380450503966,0.622100899164477,,
"HE_LIM_SUN_FETAL_LUNG_C1_MID_BASAL_CELL",133,-0.2382348360387134,-1.0069829242845996,0.43902439024390244,0.6188965190622779,"NUPR1;LGALS1;SFN;RGS14;MT1E;TIMP1;HS3ST1;HCAR2;PFKP;EMP3;PITX1;ZNF385A;TFAP2A;SLPI;GAS6;FXYD5;GYPC;RGS10;RARRES2;C16orf74;TP73;HSPA2;RHBDL1;PAX9;KLK10;NPDC1;SPDEF;PNCK;LINC01503;LSP1;KRT15;EVA1C;IFI16;NBL1;ISL1;ANXA1;MAFB;S100A2;PTGES;TRIM29;SYTL1;A4GALT;LYPD6B",-0.7860166864608805,0.9880813953488373,,
"ZHONG_PFC_C9_ORG_OTHER",72,-0.2629231032563651,-1.009769719126944,0.4445859872611465,0.6255221448674271,"S100A13;CST3;TSPO;S100A16;CDC42EP1;ETV5;TAGLN2;SELENOW;IFI27L2;NSDHL;MGST3;CXCR4;FABP5;GPX3;SLC1A3;MFGE8;SAT1;HOPX;FOLH1;TUBB2A;NHERF1;NDRG2;DBI;CRYL1;ITM2C",-0.9034227863816954,0.8176575293698825,,
"DESCARTES_FETAL_INTESTINE_MESOTHELIAL_CELLS",47,-0.2848842682092085,-1.010787472092187,0.45047489823609227,0.6325817719911083,"TMEM191A;TGM1;ANAPC2;WNT7B;SLPI;PTGDS;TNNT1;KLHL26;KLK11;KLK10;NAT8L",-0.6999009413181723,0.9907101243898597,,
"FAN_EMBRYONIC_CTX_OPC",31,0.25456628842736073,0.9785043978191319,0.4550898203592814,0.6378285899243983,"SEMA5A;PDGFRA;ARL4A;MEG3;LHFPL3;TAOK3;CCND1;LIMA1;CXADR;SLC35F1;COL9A1;SPRY4;EPN2;LRRK2",1.0187494258719225,0.5676776822091444,,
"GAO_LARGE_INTESTINE_24W_C7_GOBLET_PROGENITOR",18,-0.34271083136638175,-0.990840665469076,0.458528951486698,0.6414104408079822,"TSPAN15;ZG16B;SLC39A7;REG4;WFDC2;FOXA3;SPINK4",-0.837410889773225,0.8395061728395062,,
"DESCARTES_MAIN_FETAL_PHOTORECEPTOR_CELLS",39,0.24936569799468467,1.0029144801708538,0.47019867549668876,0.6564696892511462,"PRKACB;PRKN;FAM161A;EPB41L2;RALGPS2;EYS;TRIM9;ATP1B2;CASZ1;SSX2IP;CDHR1;ZNF30;LRIT2",0.9942646687228153,0.6599096014244624,,
"DESCARTES_FETAL_LUNG_MEGAKARYOCYTES",122,-0.23603222074490915,-0.9907037809243657,0.4735605170387779,0.6598943097315791,"SLC39A3;NRGN;GAS2L1;MFSD2B;GMPR;MARCHF2;ZFPM1;MAX;HPSE;RILP;UBL4A;FAM110A;TGFB1;LYL1;CTNS;CXCL3;PDLIM7;PLEK;CMTM2;SMOX;HYAL3;TMEM91;TNNI3;NT5M;E2F1;TFR2;PRKAR2B;ZYX;CXCR2P1;ACRBP;ANK1;EXOC3L4;RTN2;BBC3;RAB27B",-1.090210391206953,0.4554893568480015,,
"TRAVAGLINI_LUNG_ARTERY_CELL",129,0.1923174303911944,0.985292843215868,0.4768211920529801,0.6631651061886276,"CTTNBP2NL;PTPRB;ATP13A3;TMEM245;PDCD4;LIFR;PIK3C2B;MECOM;SOX4;LTBP1;ITPR2;ARGLU1;SERPINE2;THSD7A;RUNX1T1;EPS8;DKK2;ATP1A1;MYLIP;SEMA3G;ABI3BP;JAM2;LPCAT2;LIMA1;CDC42EP3;FNBP1;CALCRL;SELP;F2R;GIPC2;RND3;CYYR1;TACC1;GFOD1;MMRN2",1.1105863463670613,0.3213953694275975,,
"HE_LIM_SUN_FETAL_LUNG_C0_ASPN_POS_CHONDROCYTE",99,0.20373084032082073,1.0012745528620914,0.4861878453038674,0.6748993799055597,"THSD4;MECOM;ZEB1;FBN2;F2RL2;YPEL2;TMEM100;PDGFD;AUTS2;COL9A3;LMO7;CHL1;CAPN6;AR;CRISPLD1;SOX9;MME;LDB2;STEAP2;JAM2;CDC42EP3;COL8A1;COL12A1;HAPLN1;ERG;FNDC1;ACAN;SOX6;COL9A1;BOC;COL15A1;EFEMP1;MXRA5;FIBIN;LRRN1;MPZL2",1.358048507978435,0.050974886328962264,,
"DESCARTES_FETAL_EYE_RETINAL_PIGMENT_CELLS",45,0.24011654900193957,0.9783545559376536,0.49056603773584906,0.6796773728935618,"MYOCD;MROH7;VAT1L;TLCD4;PGR;RASSF6;PFKFB2;TRPC4;CRISPLD1;SLC38A11;COL8A1;ITGAV;FAM83B;PCAT1;BMP6;OR51E2",1.0873054956341837,0.44820002315082763,,
"ZHONG_PFC_C8_UNKNOWN_NEUROD2_POS_INTERNEURON",70,-0.2580767096867689,-0.9844991255410503,0.49167733674775926,0.6799195171026157,"DUSP23;PDXP;SRM;EPHB6;DEAF1;B4GALT2;CAMK2N2;CAPNS1;COPRS;MAPK8IP2;FABP3;MAPK11;MVD;CSRP2",1.0246553575919013,0.5897960094630184,,
"AIZARANI_LIVER_C7_EPCAM_POS_BILE_DUCT_CELLS_2",207,0.1829898931047732,0.9982860479127661,0.5,0.6901140684410646,"TEAD1;AFDN;DSP;PBX1;THSD4;PTPRK;SHANK2;MAGI1;CDH1;GTF2I;CRIM1;LAMC1;PTPRD;CLMN;MYO10;ALKAL2;ENAH;SOX4;ITGB1;EPB41L1;DSG2;SYNJ2;CAMK2N1;SH3YL1;CFTR;SLC12A2;PAWR;SORBS2;NEDD4L;SPTBN1;WEE1;SNHG14;EPCAM;ABLIM1;RAB3IP;SOX9;TTN;ATP1A1;FGFR3;CCND1;CLIC6;TP53INP1;CREB5;AMOTL2;KLF5;PMEPA1;OCLN;CXADR;CYP3A5;LAMP2;ABCC3;AGT;FAM110C;TMPRSS2;PARD6B;PTPRF;ERBB3;BICC1",0.9183127182179814,0.9083174857371634,,
"FAN_EMBRYONIC_CTX_BIG_GROUPS_BRAIN_ENDOTHELIAL",362,-0.21713006110180616,-0.9929011191816663,0.5052854122621564,0.6960857861524204,"VAMP5;PSMB8;S100A13;LY6E;HAPLN3;CAVIN3;MT2A;IL32;GSDMD;ISG15;S100A16;SELENOM;LGALS1;PLOD1;CDC42EP1;NDUFA4L2;SERTAD1;IFITM3;SLC43A3;CRIP1;CD320;IFI35;MT1E;TIMP1;IFI27;HYAL2;CYB5A;CYTOR;LMNA;IFITM2;BSG;BST2;RHOC;TAGLN2;IFITM1;COX7A1;HLA-A;NECTIN2;HLA-E;RRAS;IFI6;CLEC11A;PELO;SERPINH1;SIPA1;SAMM50;SERPINB6;EFNA1;NHERF2;CLIC1;ADA;MYL12A;PPIC;FXYD5;AAMDC;PROCR;C1orf54;ISYNA1;STING1;RNASE1;IGFBP7;PDXK;SLC38A5;ECSCR;TESC;VWA1;CRIP2;SLC52A2;PDLIM2;CAV2;TUBB6;B2M;DNAJC1;TMEM109;EGFL7;CD82;MFSD2A;RHOA;GJA4;SLC6A12;TMEM50B;PMP22;RGS3;GMDS;STAT1;HLA-H;MGST2;AFAP1L2;RELL1;H2AJ;TMEM88;ZIC2;EFEMP2;FOXC1;HOPX;ANXA1;PCOLCE;SCARF1;EMP2;KCNJ8;S100A10;IFI44L;CETP;CAV1;SLC39A8;OAS2;SCARB1;COL6A2",-0.8371679701833049,0.982171386421532,,
"JONES_OVARY_NK_CELL",86,-0.2444595295535493,-0.9721447950086274,0.5079754601226993,0.6984662576687116,"MT2A;ACTB;NDUFA4L2;CRIP1;CYB5A;HLA-C;IFITM2;HLA-F;HLA-E;SELENOW;HLA-B;EGLN1;ISYNA1;RARRES2;PDLIM1;IGFBP7;SRGN;ECSCR;CRIP2;CAV2;ICAM2;B2M;GJA4;MFGE8",1.0770236901379668,0.45629629629629626,,
"JONES_OVARY_MACROPHAGE",233,-0.2234227666210893,-0.991556741014209,0.5108932461873639,0.7006055035951775,"MYL6;CHCHD10;NUPR1;CAVIN3;MT2A;ACTB;CD74;HLA-DRB1;HLA-DPB1;NRGN;HES4;HLA-DRA;LGALS1;NDUFA4L2;IFITM3;CD151;MT1E;IFI27;CYB5A;MDK;APOE;LMNA;IFITM2;SNHG32;PLK2;SOD3;RRAS;MARCKSL1;C11orf96;IMPDH2;HLA-B;EGLN1;OSR2;KRT19;S100A11;RNASE1;RARRES2;IGFBP7;PKIG;SRGN;ECSCR;SOX18",-0.9534075532481948,0.7573739764282672,,
"HE_LIM_SUN_FETAL_LUNG_C4_TREG_CELL",38,-0.2855848527799488,-0.9721429106107443,0.5114613180515759,0.7006055035951775,"CYTOR;TNFRSF4;DUSP4;LGALS9;SIRPG;NCF4;PTMS;FAS;CTLA4;SIT1;BIRC3;IL2RA",-0.6685669168348417,0.9933920704845816,,
"DESCARTES_FETAL_ADRENAL_ERYTHROBLASTS",62,-0.26085123963851126,-0.9716949459422686,0.5278514588859416,0.7216952149739994,"BLVRB;GLRX5;SLC25A39;NARF;DHRS13;PPOX;PIGQ;HBA2;HBB;FECH;IBA57;TFR2;TSPO2;ANK1;PPME1",-1.1619013542700218,0.3614093903104416,,
"JONES_OVARY_MAST_CELL",46,-0.271298851057574,-0.9585450640678251,0.532967032967033,0.7273196728083946,"MYL6;HES4;COX7A1;SOD3;RRAS;SELENOW;KRT19;S100A11;PDLIM1;PKIG;CAV2;TINAGL1",-0.8547201008719424,0.8527190125619201,,
"FAN_EMBRYONIC_CTX_ASTROCYTE_1",61,-0.2588411071124932,-0.9607474540733575,0.5371352785145889,0.7316326682956689,"HES4;CYB5A;ALDOC;CXCR4;ADGRV1;LPCAT1;GPX3;OAF;TM7SF2;TSKU;LYN;EFHD2;SLC1A3;ADORA2B;EZR;OLFM2;CDC42EP4;IFI44L;FADS2",-0.7209678394811746,0.9903736147820036,,
"DESCARTES_FETAL_STOMACH_ENS_NEURONS",33,0.24130400353362513,0.9332838024245887,0.5391849529780565,0.7330492057342116,"UNC5C;FHOD3;WDR5B;LHFPL3;PCBP3;MAP6;SYT1",1.0078368672971338,0.5677141879673525,,
"CUI_DEVELOPING_HEART_ENDOCARDIAL_CELL",49,-0.2649639382927255,-0.9524518508263108,0.5524193548387096,0.7478576303748832,"NICOL1;OST4;TMEM141;KRT18;CLEC11A;IRX3;SMOC1;ISYNA1;ANGPTL4;COLEC11",-0.9501615267377969,0.7273670996089036,,
"GAUTAM_EYE_IRIS_CILIARY_BODY_CILIARY_BODY_CELLS",94,-0.23521732792977595,-0.9479749878008988,0.552439024390244,0.7478576303748832,"TMEM160;PKM;CCDC51;TUSC2;PEX16;CARHSP1;MLF2;ENO2;ACTG1;LDHA;CITED2;S100A6;TNFRSF12A;UQCRFS1;WHR1;PGK1;CRIM1-DT;CHPF;PDAP1;PARD6G",-0.8389146098161194,0.9090221164722861,,
"JONES_OVARY_ENDOTHELIAL",160,-0.22446081689559452,-0.9666859234953955,0.5531674208144797,0.7478576303748832,"NUPR1;CAVIN3;CD74;HLA-DRB1;HLA-DPB1;NRGN;HLA-DRA;IFITM3;CD151;MT1E;IFI27;HLA-C;LMNA;IFITM2;HLA-F;COX7A1;PLK2;HLA-E;RRAS;MARCKSL1;SELENOW;EFNA1;HLA-B;EGLN1;RNASE1;PDLIM1;IGFBP7;PKIG;SRGN;ECSCR;SOX18;CRIP2;CAV2;TINAGL1;ICAM2;B2M;EGFL7",1.0840541140870705,0.3929062070688148,,
"TRAVAGLINI_LUNG_ALVEOLAR_EPITHELIAL_TYPE_1_CELL",367,-0.21278695344858764,-0.9755860196408815,0.5557894736842105,0.7500058696928193,"POLR2L;MYL6;KRT7;SSR2;HCFC1R1;MT2A;IL32;ACTB;GALK1;TMEM179B;IRF1;PLLP;TSPAN4;MT1X;RHOF;PRDX1;SFN;CD151;MT1E;COMT;CD63;TUBA4A;HLA-C;DAD1;PNPLA2;CYSTM1;CLDN7;EHD1;ISG20;TSPAN15;YWHAH;HSPB1;ACTG1;KRT18;ANXA2;RRAS;ICAM1;ZBED2;SYNGR2;EFNA1;UBC;SPINT2;KLF2;MYL12A;CXCL16;MYL12B;BCAP31;PKDCC;TNFRSF12A;GAS6;CLIC3;KRT8;KRT19;HPCAL1;RNASE1;IGFBP7;FSTL3;PLEKHO1;PTGS2;TMSB4X;STX11;DNAJB1;CRIP2;ADRB1;UPK3B;PDLIM2;CAV2;KLK7;FADS3;TUBB6;S100A4;B2M;HEBP1;TMEM109;TACSTD2;GADD45B;SLC39A13;CLDN4;FAS;TSPAN13;JADE1;MAP7D1;ABCA7;OSGIN1;PMP22;CNPPD1;NXN;RIPK2;PRKCZ;SLC7A7;ARPC5;TRIM16;HYAL1;HACD1;TNNC1;ATP1B3;DUSP7",-0.8934388242255226,0.9017787218795588,,
"ZHENG_CORD_BLOOD_C10_MULTILYMPHOID_PROGENITOR",92,-0.23347516638782756,-0.9413992529375336,0.5582232893157263,0.7518925937722027,"HCST;CD74;SLC2A5;TYROBP;CARD19;GSTP1;LST1;ARRB2;RBM38;RNASET2;ARPC5L;ACTG1;CORO1A;SPNS3;CD52;TRBC2;ADA;TNFAIP2",-0.8809072478031883,0.8395061728395062,,
"HE_LIM_SUN_FETAL_LUNG_C3_LYMPHATIC_ENDOTHELIAL_CELL",353,0.1709744287617599,0.9822154434544933,0.5692307692307692,0.7642622063928588,"ARFGEF2;RAB11FIP1;CERS6;DSP;EDNRB;DNMBP;TGFBRAP1;ATP9A;MAGI1;SLC24A1;COL4A5;PROX1;TBC1D2B;SLC38A1;MICAL2;INPP4B;SNCAIP;ABHD2;CEACAM1;ADAMTSL3;UGP2;GLS;STOX2;PLSCR4;ITGA9;CD302;ITSN1;MAN2A1;PCLO;ARID5B;TNFAIP8L3;SCN3A;PRKG1;THSD7A;NPNT;SH3PXD2B;OLFML2A;FILIP1;PPARG;KLHL3;SGIP1;RHOU;NLGN4X;GNG12;PIEZO2;ACSL5;SPATA6;KALRN;STON2;MYO5C;HSDL2;ODF2L;GAB2;MPP7;BMP2K;EPS15;CTTNBP2;ITGA1;CDKL1;TSHZ1;KBTBD11;CHRDL1;TTN;PRSS23;VAV3;IGFBP5;C20orf204;GPRIN3;PPARGC1B;ZNF521;ABI3BP;FLRT2;LRCH2;RELN;SCRN1;TSPAN11;ZFPM2;CXADR;TRMT9B;DTX4;RAB11FIP5;TRIL;GCNT1;LAMB1;CLU;PLD1;VSTM4;KIF3C;REEP1;EMID1;GAS7;ISLR2;SYNM;TSHZ3;MAP3K1;WASF3;SFRP1;CYP39A1;MAN1A1;UNC5B;MFAP4;RASSF9;SEMA3A;PGM5;NIBAN1;APH1B;CHKA;ANGPT2;OLFML1",1.2064027668502315,0.03918494623726528,,
"GAUTAM_EYE_IRIS_CILIARY_BODY_SCHWANN_CELLS",88,-0.23313416023721378,-0.9305851397113315,0.5695121951219512,0.7642622063928588,"DCTN2;MPG;RNASEH2C;CCDC12;IZUMO4;RRAD;MOB2;IFNAR2;HLA-C;COMMD3;JOSD2;ROBO3;LYSMD2",-0.8688167140999962,0.8464644916105556,,
"AIZARANI_LIVER_C32_MVECS_3",124,-0.22432975777357386,-0.9418435552872944,0.5772833723653396,0.7732614913971154,"WARS1;TMSB10;IL32;IFITM3;GBP4;IFI27;HYAL2;CEBPD;BST2;IFITM1;HLA-A;HLA-E;C11orf96;CXCL11;CXCL9;KLF2;APOL1;HLA-B;CXCL1;PTGDS;RNASE1;PDLIM1;IGFBP7;FSTL3;FCGR2B",0.9666447126970342,0.7343406593406594,,
"DESCARTES_FETAL_PANCREAS_MESOTHELIAL_CELLS",47,-0.2600713896338873,-0.9227498034341863,0.5834464043419267,0.7800775129875485,"RARRES1;TGM1;PLA2G2A;PLA2G10;TNNT1;UPK3B;KLK11;KLK10;CFB;CHAC1;GAS1;SLAIN1;GFPT2;ITPKC;MT1A;MSLN;INMT;GSDME;MYRF;BDKRB1;ALOX15;CCBE1;GRIN3A",-0.7439388267307343,0.9755977912227519,,
"HE_LIM_SUN_FETAL_LUNG_C0_MESENCHYMAL_2_CELL",275,-0.2130167000771072,-0.95790983281204245,0.5866523143164694,0.782922022414994,"CENPM;PGP;EMC9;AURKB;H2AC25;PDXP;TK1;CDC20;CDC45;NUDT14;PKMYT1;PLK1;SPC24;PRC1;POC1A;PIMREG;MXD3;TRIB2;ASF1B;TRAIP;PITX1;B3GALT6;BIRC5;CCNB1;CDCA3;CDCA8;UBE2S;FZR1;CCNB2;KIF22;RHBDD2;PTTG1;CDKN3;UBE2T;RGS10;OSR2;GINS2;FZD2;MID1IP1;KIFC1;UHRF1;TNFAIP6;COLEC11;TACC3;TROAP;CCDC74A;PDLIM4;KIF2C;OAF;KNSTRN;TPBG;SERINC2;RMI2;PRKAR2B;MSC;OIP5;CIB2;CENPN;CDCA5;ZWINT;TRIP13;MYBL2;C12orf75;LRR1;SLC25A33;GPSM3;MAD2L1;CENPO;CCNA2;ISL2;HNRNPA1L3;HSD17B14;CENPA;MCM4;CDC25C;NDC80;CENPU;LMNB2;IL17D;MSRA;TWIST2;CTHRC1;SPC25;HJURP;MELK;PBK;TWIST1;FOXM1",-0.956303397572921,0.7515227574299372,,
"DESCARTES_FETAL_EYE_VASCULAR_ENDOTHELIAL_CELLS",83,0.1989507470598832,0.9347076189874272,0.5885416666666666,0.7840022935779816,"EPAS1;ARL15;FGD5;SMAD7;ZNF366;FLT1;ADGRF5;CAVIN2;TEK;MYCT1;SEMA3G;SOX7;CALCRL;SELP;TCIM;HAPLN1;ERG;DIPK2B;S1PR1;CDH5;ABCB1;LRRC32;ARHGAP29;FAM124B;ADGRL4;NOTCH4;ELK3;PDE2A;APLNR",1.298985862436712,0.11124126705251439,,
"HAY_BONE_MARROW_PLATELET",208,-0.21657844682242752,-0.9546325575023411,0.5905077262693157,0.7851806030613977,"OST4;LAMTOR1;ZCCHC17;NRGN;GAS2L1;GSTO1;INKA1;AFAP1-AS1;CD151;SWI5;GMPR;TUBA4A;PDZK1IP1;MARCHF2;TAGLN2;MAX;CDKN2D;UBL4A;DNAAF3;AP1M2;CENPT;LYL1;CAPN1;RGS10;PLEKHO1;KIFC3;PDLIM7;CYB5R1;SMOX;TMEM91;ODC1;WDR1;TNNI3;EMC3;LCN2;RSPH9;R3HDM4;ICAM2;MYEOV;MAOB;LINC00853;ACRBP;LINC01088;WBP2;CXCL5;RTN2;AFAP1L2;RAB27B;PNMA1;MEPCE;RUFY1;SPOCD1;CTSA;PTGIR;SPDYC;MOB3C;XPNPEP1;UBAC2;MISP3;TMCC2;H3C10;ELOVL7;H2AC8;TBXA2R;ESAM;FERMT3;GNAZ;BEX3;AVPR1A;LY6G6F-LY6G6D;ZNF438;CD226;TMBIM1;PTPRN;HEXIM2;LYPLAL1;H2BC11;LEFTY1;PTPN18;VEPH1;GET1;CTTN;TNNC2;PEAR1;TSPAN9;ABLIM3",-0.8566540059481205,0.9313207281516376,,
"DESCARTES_FETAL_LUNG_VASCULAR_ENDOTHELIAL_CELLS",36,0.23726527865137786,0.9346914622854108,0.5941558441558441,0.7884758459683419,"NEURL1B;TMEM100;KIT;EDN1;CD93;SOX7;JAM2;NOSTRIN;ESM1;TCIM;MMRN2;LHX6;MADCAM1;IL33;NOTCH4;APLNR;NPR3",1.0984934565271853,0.45629629629629626,,
"DESCARTES_FETAL_HEART_STROMAL_CELLS",26,0.2522308821868293,0.909353093579538,0.5958702064896755,0.7884758459683419,"PDGFRA;SCARA5;GPC3;ABCA9;PRELP;CCL11;TCF21;PTN;ABCA10;ANGPTL1;COL1A2;LUM;NPTX2;FBLN1;DPT;CILP;MFAP5;COL1A1;DCN;SERPINF1;CCN3;ADAMTS2;C1QTNF12;ISLR;PCOLCE;HTRA3",0.974250800122101,0.6525661654552516,,
"BUSSLINGER_DUODENAL_K_CELLS",18,-0.3113718451883156,-0.9002338358103876,0.596244131455399,0.7884758459683419,"DEPP1;STX1A;SOCS3;ORC5;GOLGA7;CACNA1A;SLC29A4;SCG5;PLPP5",-0.9436263518596332,0.695529197080292,,
"DESCARTES_FETAL_EYE_GANGLION_CELLS",15,-0.3230233652144886,-0.8875271598513698,0.5974025974025974,0.7885714285714286,"LRRC73;EOMES;TMEM163;NRN1;SYNGR3;C1QTNF1-AS1",-0.6926338769014196,0.969392700287748,,
"DESCARTES_FETAL_ADRENAL_CSH1_CSH2_POSITIVE_CELLS",125,-0.22014198992703954,-0.9260428897763344,0.603267211201867,0.794867505140754,"KRT7;YIPF2;S100P;CLDN7;LYPD5;KRT18;ASS1;PHLDA2;CPS1;AP1M2;TNFRSF12A;CSRP2;KRT8;MYL5;ADRB1;MORC4;GPX3;SERINC2;USP43;KMO;CLDN4;MFSD2A;PPP1R13L;DEPP1;RDH13;PRKCZ;NOCT;MAFF;BZW2;HOPX;ANXA1;SERPINE1;TRIM29;DUSP9;TRAPPC14;ZNF702P",-0.9429929212606138,0.7368688150215681,,
"DESCARTES_FETAL_PLACENTA_PAEP_MECOM_POSITIVE_CELLS",120,-0.22159187144419124,-0.9277639375046877,0.6056670602125147,0.7965838509316769,"MRPS2;PIERCE1;TMEM101;CP;CX3CL1;SFN;NNMT;CLDN3;AGR2;MUC1;GABRP;IRX3;SLPI;PKDCC;ASRGL1;NMU;TNFAIP6;KLK10;GPX3;LCN2;OVOL2;FAM229B;UBE2D2;TACSTD2;SLC6A12;BAIAP2L2;WFDC2;C2CD4A;LINC02532;MFSD4A;CAPS;SLC1A1;RASD1;SLC6A20;LIF;MAL;ANKRD37;PTPRR;TSPAN1;DRC3;SGPP2;LAMB3;KIF12",-0.9319348342341376,0.7596159741040008,,
"DESCARTES_FETAL_SPLEEN_LYMPHOID_CELLS",92,-0.2272497708476233,-0.9162977280025266,0.6074429771908764,0.7974748669811506,"VNN2;CD3D;LCK;GZMM;CD52;CD8A;CD247;PCED1B-AS1;SIRPG;SP140;ALOX5AP;NCF1;RHOH;CD2;EOMES;IL2RB;ACAP1;LINC02245;SH2D1A;CD37;ADGRG5;SYTL1;TIGIT;ALOX5;LTA;CD3G;RASGRP1;CD96",-0.6930600013417965,0.9983139442918567,,
"DESCARTES_FETAL_HEART_LYMPHATIC_ENDOTHELIAL_CELLS",29,0.24086493684400825,0.894105756046589,0.6121212121212121,0.801743679163034,"PROX1;SLC38A4;TNFAIP8L3;HOXD10;MPP7;C20orf204;FZD10;TSPEAR;ANKRD36BP2",0.6831763908494449,0.9952342398704597,,
"GAUTAM_EYE_CHOROID_SCLERA_ACTIVATED_T_CELLS",117,-0.21966229851942096,-0.9170535963247578,0.6129032258064516,0.801743679163034,"MTFP1;NUBP2;TOMM5;RPL8;SAP30;MAEA;CD274;ABTB1;PTPN6;CSF2;INO80E;MXD4;FASLG;GSKIP;SPATA2L;CCM2;ZFAND2B;RPL37A;RGS19;SNAI3;BCL7B;DDB2;PDCD2;MIR155HG;DBP;RANBP3;SNX10;CENPN;SIT1;MAN2B1;FAM136A;IL27RA;LAIR1;ITFG2",-0.9541749749656587,0.7199681409295353,,
"DESCARTES_FETAL_STOMACH_ENS_GLIA",31,-0.2790280801233937,-0.9094308492304688,0.6152694610778443,0.8033914186016456,"SNHG19;WDR86;SLC15A3;AIF1L;TFAP2A;FAM78B;CALHM2",-0.7971251910913312,0.9017787218795588,,
"HAY_BONE_MARROW_CD34_POS_MKP",52,-0.2535661180879186,-0.9156753463458367,0.620457604306864,0.8076899842938262,"NAA38;TPI1;PPIF;DAD1;RAC3;LTC4S;TEAD4;DTD1;RAB38;PLEK;PDIA5;GJA4;EXOC3L4;ITPKA;STAC",-0.8343846905794938,0.8817430821922346,,
"DESCARTES_FETAL_PLACENTA_EXTRAVILLOUS_TROPHOBLASTS",43,-0.26071651131825896,-0.9085575803516616,0.6207865168539326,0.8076899842938262,"RTN4RL2;SOWAHD;HLA-G;TNNI2;PYCR1;FSTL3;SYT8;LAIR2;PTGES;TNFSF10;KCNJ15;CCNE1;CERCAM;GPR146;WFDC3;QSOX1;ITM2B;HTRA1;ASCL2",-0.9042779774128199,0.7935747274543585,,
"GAO_SMALL_INTESTINE_24W_C6_GOBLET_CELLS",40,-0.2611570606465035,-0.8968868554905359,0.6242857142857143,0.8107896754408384,"CENPM;STARD10;MT1M;KRT19;RNASE1;SPDEF;TFF1;REG4;ERN2;SPINK4;FUT6;MYO1F;FAM193B;SYP",-0.8231367841238048,0.8904430868618776,,
"AIZARANI_LIVER_C38_RESIDENT_B_CELLS_3",23,-0.28367497374655554,-0.8698684714008489,0.6263399693721287,0.8109243697478992,"SSR4;H1-10;FKBP11;SEC11C",-0.9865524428908486,0.6491858563837035,,
"FAN_EMBRYONIC_CTX_NSC_1",15,-0.31539524811019193,-0.866568424856783,0.6266233766233766,0.8109243697478992,"NME1;RARRES2;PDLIM1;GAD1;MCM4;VIM;HNRNPA1",-0.8258831942606758,0.8364055299539169,,
"HE_LIM_SUN_FETAL_LUNG_C4_CD8_T_CELL",46,-0.2554677617324017,-0.9026111282169859,0.6277472527472527,0.8109332837980524,"SREBF1;CLEC11A;GBP1;YBX3;SPINT2;SIRPG;LYPD3;DBN1;NPDC1;SIT1;PRKAR1B;ARMH1;STMN3;S100B;MAL;CD8B;FBLN2;IGFBP2;NT5E;CHI3L2;ACTN1;CD248;LDLRAP1;THEMIS;JUP;CPNE2;SERPINF1",-0.9304924914360114,0.7482332155477033,,
"BUSSLINGER_DUODENAL_TUFT_CELLS",75,0.19915780153383222,0.9219725267027067,0.6367924528301887,0.8206117021276594,"KMT2C;CHD9;ZFHX3;FARP2;CLMN;LUC7L3;PHIP;SOX4;ITPR2;MYO1B",1.0777050818251257,0.448103890973731,,
"CUI_DEVELOPING_HEART_C3_FIBROBLAST_LIKE_CELL",112,0.19234948197197216,0.949504363596715,0.6375,0.8206117021276594,"PCDH18;LAMC1;COL14A1;SEPTIN11;ADAMTSL3;EPB41L2;ABCA8;PDGFRA;LAMA4;SERPINE2;NID1;PLAGL1;LRP1;COL21A1;OLFML3;MEG3;FILIP1L;AKAP12;ELN;OGN;GPC3;FLRT2;COL12A1;LAMB1;COL6A3;FNDC1;BICC1;MOXD1;C7;FBN1;MFAP4;LRRC17;CYBRD1;COL15A1;OLFML1",1.3362028862319382,0.06989934087151359,,
"DESCARTES_FETAL_CEREBELLUM_ASTROCYTES",60,0.20888217394749992,0.9222100118407803,0.639344262295082,0.8215290874800523,"SPATA13;HHIP;EGFR;ABCA8;FHIP1A;FGF10;PTGFR;LRP4;ID4;FZD10;CLU;ENKUR;IL33;OR51E2;SLITRK6;GLI1;SLC4A4;MKX;ADAMTS12",1.075115503609759,0.45629629629629626,,
"DESCARTES_FETAL_KIDNEY_MEGAKARYOCYTES",94,-0.22368770721213768,-0.9015082068228613,0.6463414634146342,0.8290528311643541,"SLC39A3;PPIF;NRGN;TTC4;CDK9;SRPRB;YTHDF3-DT;ZG16B;HPSE;EXOSC5;PRKAR1B-AS1;ZNF32;FKBP1B;CXCL3;INTS5;MAST1;EEF2KMT;CMTM2;TNNI3;NT5M;CENPS;INPP5E;EXOC3L4;TXNL4B",-0.9184911368155024,0.7727100967351874,,
"DURANTE_ADULT_OLFACTORY_NEUROEPITHELIUM_OLFACTORY_MICROVILLAR_CELLS",42,-0.255454911380211,-0.885239414287582,0.6483825597749648,0.8302041241563042,"ATP6V0B;KRT7;CLDN3;KRT18;BIK;KRT8;RARRES2",-0.8810722872367243,0.8191149330506144,,
"DESCARTES_FETAL_EYE_LENS_FIBRE_CELLS",30,-0.2678564914909556,-0.87200382456477,0.6507462686567164,0.8317637166281269,"F12;UPP1;HSPA6;SQOR;PIP5KL1;PITHD1;KMO;ARSI;MBOAT1;NOCT",-0.8165425811243526,0.8769088556110187,,
"AIZARANI_LIVER_C39_EPCAM_POS_BILE_DUCT_CELLS_4",179,-0.21147596917682973,-0.9223197176223055,0.6527621195039459,0.8323084940072955,"KRT7;IL32;PIM3;NFKB2;CX3CL1;CXCL8;CDC42EP1;CD151;NFKBIA;CD63;PFKP;CLDN7;CITED4;TRNP1;HSPB1;YWHAE;ACTG1;KRT18;ANXA2;PHLDA2;S100A6;SPINT2;TNFAIP2;TNFRSF12A;CXCL3;KRT8;CXCL1;KRT19;S100A14;TRIM47;S100A11;IFNGR2;ANXA5;PDLIM1;FSTL3;ATF4",1.0226175013311518,0.5247803684620231,,
"GAUTAM_EYE_CHOROID_SCLERA_FIBROBLASTS",194,0.17511520269358166,0.9521220118776788,0.6534653465346535,0.8323084940072955,"CHD9;ZFHX3;FOXO3;SEC63;PCDH18;CDC42BPA;PNISR;GTF2I;PGM2L1;AHI1;CEMIP;SKIL;YAP1;FMNL2;SMARCA2;DAB2;NSD3;PDE7B;CD302;NPEPPS;ARID5B;ABCA5;PJA2;CAMK2N1;SERINC3;UBE2H;RUNX1;PIEZO2;PTPRG;STON2;SPTBN1;APPL1;BBX;ZCCHC24;ABLIM1;HSD17B4;MINDY2;IL1R1;GPC3;JAM3;AMOTL2;RGL1;NFASC;ITGAV;TRIB1;IL6ST;AZI2;CPED1;SLC40A1;STON1;VSTM4;NUCKS1;YWHAG;CRELD1;AHCYL2;GNAL;AASS;DCUN1D1;CALCOCO1",1.06069566822357,0.42303899596593453,,
"TRAVAGLINI_LUNG_LYMPHATIC_CELL",204,-0.21052549829068254,-0.9259161197878442,0.6551724137931034,0.8330213177124222,"BCL7C;OST4;CST3;RPS2;BATF3;SPHK1;RADIL;SLC43A3;RPL29;CTSD;HS3ST1;CHST12;DAD1;LMNA;NNMT;FSCN1;HOMER3;HSPB1;KRT18;ANXA2;UBTD1;PRR5;SNCG;SMOC1;LAPTM5;BACE2;GLIPR2;GYPC;PLP2;AIG1;RARRES2;IGFBP7;FABP5;PDLIM4;OAF;PARD6G;PTX3;TFF3;HEBP1;LYN;LSP1",-0.7516112883229807,0.996163422094705,,
"TRAVAGLINI_LUNG_VEIN_CELL",38,-0.2554267718940359,-0.8694835284849846,0.660458452722063,0.8382741899933877,"FTH1;UPP1;TIMP1;NNMT;ICAM1;PTGDS;FSTL3;CSF3;SOD2",-0.792786176357174,0.9137528709232889,,
"DESCARTES_FETAL_SPLEEN_ERYTHROBLASTS",40,-0.25476030542244493,-0.8749185975232958,0.6642857142857143,0.8408502520779398,"HMBS;TYMSOS;DHRS13;C16orf95;SLC38A5;TSPO2;ANK1;PCLAF;EPOR",-1.0406048421866045,0.5631648936170213,,
"AIZARANI_LIVER_C28_NK_NKT_CELLS_6",98,0.1877403215312102,0.9171211576721536,0.664804469273743,0.8408502520779398,"EML4;STK4;SATB1;PIK3R1;PDCD4;TENT4B;SLC38A1;CNOT6L;AUTS2;PPP1R2;RPL36A;KIT;CELF2;ZC3HAV1;RCAN3;CRYBG1;USP36;GPRIN3;BCL11B;FNBP1;TCF7;AREG;PRDM1;ZFP36L2;EMB;CD40LG;PDE7A",1.208485540169421,0.23091436919006517,,
"DESCARTES_FETAL_LIVER_ERYTHROBLASTS",36,-0.2552908671892835,-0.8635785565141466,0.6729106628242075,0.8496228542789124,"UBAC1;FKBPL;PIGQ;TSPAN17;ERFE;SLC38A5;UROS;ANK1;EPOR;A4GALT;TMOD1;SLC25A37;SPTB;CPOX;MINPP1",-1.0379344257000256,0.5676776822091444,,
"HE_LIM_SUN_FETAL_LUNG_C0_AIRWAY_FIBROBLAST",24,0.24784734383718915,0.8662949933257285,0.6744868035190615,0.8501344086021505,"MECOM;COL4A6;NPNT;CAVIN2;CXCL14",0.8511545585887113,0.8444200273207816,,
"TRAVAGLINI_LUNG_B_CELL",145,-0.21149531252827905,-0.9019417787608632,0.6781214203894617,0.8532342308539848,"RPS5;RPL18;RPL8;RPLP0;CD74;RPS23;PTPN6;CD52;EEF2;LIMD2;LAPTM5;GUCD1;RPL15;CXCR4;C16orf74;PDLIM1;POLD4;PKIG;CYB561A3;SP140;FCGR2B;NCF1;CD72;SEMA4B;BLOC1S2;TSPAN13;CD40;EZR;CD200;HSH2D;BIRC3;HHEX;SNX22;CD37;HVCN1",-0.6975979611479615,0.997001697639442,,
"HE_LIM_SUN_FETAL_LUNG_C0_MYOFIBROBLAST_3_CELL",23,0.2437643632887531,0.8502807896858308,0.6876790830945558,0.861348576053417,"SLC26A2;MCTP2;ENC1;CXCL14;FAM118A;SNED1;SYT1",0.5935011164795969,1,,
"GAO_ESOPHAGUS_25W_C3_FGFR1LOW_EPITHELIAL_CELLS",51,-0.2410264091168414,-0.869088244850271,0.6877523553162853,0.861348576053417,"GAS2L1;C19orf48P;DNAJC4;MFSD3;RNF166;CD52;FABP3;ARRDC2;LAPTM5;ISYNA1;ACSF3;RPL39L;DIPK1B;TMEM183A;CRTC1",-0.9100027838335063,0.780103986135182,,
"HE_LIM_SUN_FETAL_LUNG_C2_SPP1_POS_MACROPHAGE_CELL",47,-0.24241212629387981,-0.860093615843834,0.6906377204884667,0.861348576053417,"C1QB;CTSL;HOMER3;AGR2;C2;SPP1;RNASE1;VSIG4;BLVRA;RCN3;EGFL7",0.6159931169708354,1,,
"DESCARTES_FETAL_THYMUS_THYMOCYTES",19,0.2561231070053143,0.8552400390588702,0.6907514450867052,0.861348576053417,"LINC00954;LIG4;ZFP1;CD40LG;PXYLP1;LINC00539;FBXO41;GVINP1;PLK4;HKDC1;LZTFL1",1.0046854121005862,0.5975172035390138,,
"TRAVAGLINI_LUNG_LIPOFIBROBLAST_CELL",143,-0.2095576473480733,-0.8920003332978133,0.6914285714285714,0.861348576053417,"PLAAT4;TMSB10;TYMP;RARRES1;MT2A;CD74;NOP16;TIMP1;MRTO4;NNMT;IFITM1;PLA2G2A;MARCKSL1;TUBA1C;PITPNC1;CEBPB;PLAUR;PDLIM4;SPTSSA;OAF;FOSL1;CREM;CXCL2;MAFF;UAP1;RGS2;OSR1;FNDC4;SOCS3;SRPX;CTSH;GFPT2;MAPKAPK2;GPNMB;IGFBP4;TWIST1;GATA6;MT1A",-0.7098704312978317,0.996163422094705,,
"CUI_DEVELOPING_HEART_COMPACT_VENTRICULAR_CARDIOMYOCYTE",55,-0.23868175339391567,-0.8697896284573227,0.6916890080428955,0.861348576053417,"IL32;TSPO;LGALS1;CXCL8;ALDOC;HSPB1;HLA-B;RNASE1;SRGN;TNNI3",-0.6539648805820626,0.9983139442918567,,
"CUI_DEVELOPING_HEART_5TH_WEEK_ATRIAL_CARDIOMYOCYTE",37,-0.24993368804012497,-0.8490794929994752,0.7011494252873564,0.8716343882853094,"LGALS1;CYB5A;COX7A1;IRX3;TMSB4X;ISOC1;FABP5;HNRNPL;S100A4;RGS3;CMTM7",-0.661173945164572,0.9933920704845816,,
"DESCARTES_FETAL_INTESTINE_LYMPHATIC_ENDOTHELIAL_CELLS",21,0.24928790381178664,0.8542597489775817,0.7045454545454546,0.8743589743589745,"PROX1;RALGAPA2;PLSCR4;TNFAIP8L3;MPP7",1.0011223830778613,0.5897960094630184,,
"DESCARTES_MAIN_FETAL_BRONCHIOLAR_AND_ALVEOLAR_EPITHELIAL_CELLS",21,-0.2712326994696216,-0.8229892494705645,0.7061538461538461,0.8748595431871882,"NPC2;ETV5;TSPAN13;ACOXL;CRLF1;IRX2",-0.6484297713799608,0.9907101243898597,,
"DESCARTES_FETAL_LUNG_MESOTHELIAL_CELLS",66,-0.22785568317169252,-0.8616205669822783,0.7142857142857143,0.8834266244828426,"PLLP;TGM1;NKX3-1;PLA2G2A;ASS1;RND1;IL6;CA9;BST1;TNNT1;NMU;CFB;CTSE;DOK7;SBSPON;GFPT2;LIF;PRSS33;MSLN;SOX15;GSDME;PCOLCE2",-0.66688899302786,0.9952342398704597,,
"HE_LIM_SUN_FETAL_LUNG_C1_EARLY_AIRWAY_PROGENITOR_CELL",31,-0.25460980160523505,-0.82984482419781,0.7170658682634731,0.884059702968665,"PLPP2;HS3ST1;H3-5;GADD45G;HSPA6",-0.6981653503553684,0.9880813953488373,,
"HE_LIM_SUN_FETAL_LUNG_C1_LATE_BASAL_CELL",93,-0.21552033500076107,-0.8684632633569673,0.7172330097087378,0.884059702968665,"LGALS1;SFN;MT1E;TIMP1;HS3ST1;TFAP2A;CCNO;KLF2;HLA-B;FXYD5;CXCL1;RGS10;PTGS2;PMAIP1;PAX9;PDLIM2;CASP1;KRT15;WNT4;EVA1C;NBL1;ANXA1;ST6GALNAC2;S100A2;ALPL;FJX1;A4GALT;LYPD6B",-0.784109045484728,0.9754528985507246,,
"BUSSLINGER_DUODENAL_EC_CELLS",22,0.24509003486912548,0.8429555803192538,0.7215909090909091,0.8879237288135592,"CES1;CHGB;LCN15;MAP1B;CADPS",0.4914644640972671,1,,
"HE_LIM_SUN_FETAL_LUNG_C7_SST_POS_NEURON_CELL",280,-0.19976275831840945,-0.9003512768808816,0.7247311827956989,0.8902789149063915,"F12;GCHFR;PRSS3;B3GNT4;HES4;SH2B2;HAGHL;FAM241B;PFKP;DENND6B;TMEM54;KLHDC9;COX7A1;CDKN2D;MAPK8IP2;CORO1A;FAM89A;BOK;C11orf96;FABP3;PORCN;SNCG;SLC16A3;SPINT2;TRPV2;LINGO1;TPPP3;FECH;KLC2;C1orf216;LIN7B;STK32C;MAST1;CXCR4;TMEM145;ATP13A2;CKMT1A;TMEM120A;GNB5;FN3K;HID1;CPLX1;FBXL16;ASTN2;PNCK;PLPPR2;SNX10;PRKAR2B;CYB561;PPEF1;DOC2B;NANOS1;CIB2;APBB3;MANEAL;DPF1;PNMA2;PRKCZ;RTN2;INPP1;EGLN3;BBC3;HSD11B1L;ISL1;EFNA3;FNDC4;SRRM3;MPP3;DIABLO;ARL4C;NCDN;NYAP1;SLC9A7;MPP2;FBXO31;CACNB3",-0.8131643767230307,0.9880813953488373,,
"MANNO_MIDBRAIN_NEUROTYPES_HNPROG",184,0.1741406274827721,0.9297806897628178,0.7307692307692307,0.8961420655952094,"FOXN3;GSE1;GPSM2;TFDP2;NES;EPB41;IGF2BP1;HUNK;ZNF573;CBFA2T2;FBXW7;PROSER1;TOP2A;ENTREP2;THSD7A;CHN2;ARL4A;TCF12;RFTN2;RHOU;ASPM;IGFBPL1;MKI67;TPX2;HIC2;XIST;PDE11A;MIR17HG;CENPF;ARHGAP28;TNFRSF19;KIF15;CADPS;ATP8A1;CCND1;CEMIP2;TMEM132B;FREM2;GPRIN3;SGO2;CCDC88B;ZBTB18;KIF14;MAP6;TSPAN11;ABCA1",0.8768900845051266,0.9877551020408163,,
"HE_LIM_SUN_FETAL_LUNG_C6_MUC16_POS_CILIATED_CELL",48,-0.2350466783553683,-0.8392779365182204,0.7319727891156462,0.8961420655952094,"WDR24;KRT7;CP;PITX1;HBB;PAX9;TRPV4;CD82;MAOB;PLAAT2;PLAAT3",-0.6414751274389714,0.9952342398704597,,
"VANGURP_PANCREATIC_DELTA_CELL",61,-0.2261207846346927,-0.8392985587734935,0.7427055702917772,0.9077512525788388,"MDK;LDHA;S100A6;TPPP3;SEC11C;DIRAS3;RBP4;TMSB4X;MS4A8;PDLIM4;GPX3;ANK1;ISL1;HHEX;MLPH;RGS2;AQP3;DHRS2;HADH;SERPINA1;FFAR4;CD9;F5;VIM",-0.6091122068917701,1,,
"DESCARTES_MAIN_FETAL_SATELLITE_CELLS",38,0.2123398494653295,0.8462355898079007,0.7467105263157895,0.9111123396727113,"NBPF1;NCOA1;MIDEAS;PURB;CLCN5;CSTF2T;SLF2",1.1533126240367038,0.3142449032593169,,
"GAO_LARGE_INTESTINE_ADULT_CE_OLFM4HIGH_STEM_CELL",280,-0.19701716678017814,-0.8879766137151893,0.7505376344086021,0.9142455076856462,"LRRC73;CTU1;HLA-DQB1;NRGN;PRR7;CDC45;CX3CL1;IL4I1;ZNF653;HAUS8;C16orf95;CCNP;HCAR2;HLA-DRB6;LST1;MUC5AC;NKX3-1;ZFPM1;ARRB2;SENP3;PIPSL;TRNP1;RNF215;ABCB6;FAM89A;TMEM102;C11orf96;NFATC1;ALKBH1;CTSZ;DLST;MAPK11;HAR1A;BEGAIN;IL23A;TIMP4;IFIT3;TCTN2;GFI1;FFAR2;MEX3D;LOXL1;UHRF1;PLEK;OBSCN;LYRM9;CACTIN;TMEM91;C2CD4C;DNAJC9-AS1;LTB;ZNF467;SERPINB5;BARX2;RMI2;FPR1;ZNF618;NANOS1;OGFR;PRPF4;DCBLD1;PPP1R37;LINC01426;SNTA1;CXCL5;LIPE;LINC02245;POLR3G;THAP8;CPT1B;APOBEC3A;SLC18A1;AUNIP;C5AR1;KLHL25;IFIT2;RBP7;ADAP2;TBC1D25;GINS1;RAMP3;B4GALNT4;CMPK2;VASN;PKP1;WIPF3;SLC12A4;GSDMA;UBOX5;RAB11FIP3;HOXD4;MSLN;ZNF324;C1orf226;PHLDA3;ACSL1;WFDC3;LIAT1;LRRC20;HSPA4L;OXER1;SLC16A14;IL10RB-DT;TOX2;RAB36",-0.7886988112769527,0.9933728981206726,,
"HE_LIM_SUN_FETAL_LUNG_C0_MESENCHYMAL_1_CELL",267,0.16489336274144922,0.9327666343393106,0.7532467532467533,0.9160086145010768,"TRIO;PDZD2;TACC2;ANKS1A;PDE3A;PLCE1;ANK3;SOWAHC;TRAF5;CDYL;HHIP;HUNK;MYOCD;NEURL1B;SLC38A1;NRG1;PBX2;ZEB1;FMNL2;DOCK9;FBN2;STRA6;IRAG1;PLEKHA1;ASAP2;SORBS1;RALGPS2;BCAN;GLP2R;IGSF3;EPHA3;PAWR;CASC15;HSPA12A;KIT;MCC;HHIP-AS1;DLG2;ENC1;FOXP2;SLC8A1;XIST;NET1;RNF150;CNTN4;GFRA1;TNFRSF21;SIPA1L2;ADAMTS8;LDB2;HPSE2;CGNL1;CARMN;PNMA8A;BCO2;LRRC8D;TES;PLCL1;MAPK10;CXXC4;SEL1L3;ADCY5;TMTC2;TLL1;PAPLN;FCHSD2;NSG1;FGF7;VIPR2;SYNM;ZFHX4;RARB;DNAH14;MADCAM1;TBC1D9;ALDH1A3;INTS6L;GABRA2;BNC2;ZNF703;BCL11A;EFEMP1;C3orf70;TLE4;MXD1",1.0899883902982779,0.33003715142997764,,
"GAUTAM_EYE_IRIS_CILIARY_BODY_MGP_HIGH_FIBROBLASTS",83,-0.21271519353627186,-0.8408502818945889,0.7567901234567901,0.9187786448656015,"PPIB;SRM;SELENOM;CP;SEC61B;SQOR;YBX3;IL15RA;TMEM70;ELOC;PITPNC1;S100A11;IFNGR2;APOL4;P4HB;PTMA;SSR3;MTHFD2;CREM;GMDS;LTBP4;NASP;SAT1",0.8702930359809039,0.8935273307090539,,
"GAO_LARGE_INTESTINE_ADULT_CF_GOBLET_CELL_SUBTYPE_1",23,0.23444290365721815,0.817766364896275,0.7621776504297995,0.9237745813222611,"SYTL5;MYRIP;FAXDC2;FER1L6;TRPA1;ARHGAP31;FRMD3;GPR153",0.821256628420894,0.9017057690128075,,
"DESCARTES_MAIN_FETAL_NEUROENDOCRINE_CELLS",22,-0.2545863105447337,-0.780518067507411,0.7646153846153846,0.9248648086522463,"CCNP;SEC11C;FFAR2;TFF3;KLK12;LFNG;ACSL1",-0.8065435857208236,0.8894333843797856,,
"DESCARTES_FETAL_PANCREAS_ISLET_ENDOCRINE_CELLS",65,-0.21847696228425578,-0.823892227380135,0.765625,0.9248648086522463,"GPR158;AMN;RBP4;MS4A8;MUC5B;RAB26;IRX2;CLTRN;ECEL1;ISL1;HADH;KLK12;UCN3;DUSP9;ASB9;GIPR;FFAR4;IRX2-DT;SMIM32;GPD1;ELFN2;TSPAN1;TMEM61;PTPRN;CACNA1A",-0.8123288200579917,0.9170287350646787,,
"HU_FETAL_RETINA_RPE",262,0.16418759759404714,0.9326694228351764,0.7674418604651163,0.9255195858765356,"SMC6;SLC7A6;GOLGA4;CPEB4;PLCE1;PHACTR2;TEX2;TMEM245;SEMA3C;STT3B;CRIM1;TNS3;YAP1;LIN7A;ABCC5;UACA;ITGA6;ABHD2;WNT2B;ADAMTSL3;FNIP2;STRA6;FAM13A;LTBP1;DSG2;VAT1L;MFAP3L;TTLL4;KLHL3;NBPF14;RASSF8;NFE2L1;UTRN;SESN3;MYO5C;PDLIM5;NET1;GALNT10;ELN;MET;CRISPLD1;DDR2;FGFR3;IGFBP5;CLIC6;PRXL2A;ITPKB;TYRP1;FLRT2;SLC38A11;COL8A1;LRATD2;ITGAV;NOTCH2;CALD1;MLANA;PARD6B;TACC1;ZFP36L2;MTCO1P12",1.1604847526692303,0.23091436919006517,,
"DESCARTES_MAIN_FETAL_ENDOCARDIAL_CELLS",74,0.1816362987798604,0.8436448721583315,0.772093023255814,0.9281528419648387,"NORAD;HMCN1;CPD;F2RL2;TMEM100;AGPS;SMAD7;MANSC1;ELK4;EMCN;HEG1;DKK2;BAALC-AS1;SLC6A4;LEPR;CGNL1;CALCRL;ITGA10;SPARCL1;HAPLN1;FZD6;MMRN2;ARMCX2",0.9609421110169055,0.7245383226881422,,
"TRAVAGLINI_LUNG_PLASMACYTOID_DENDRITIC_CELL",104,-0.20607732044510899,-0.8433299376441475,0.7721822541966427,0.9281528419648387,"GPX1;LGMN;SEC61B;ST6GALNAC4;UNC93B1;PPP1R14B;RNASET2;LRRC26;SPNS3;PPM1J;CXCR3;VEGFB;GAS6;RNF130;CYB561A3;ATP13A2;PARVB;TSPAN13;CIB2;TBC1D8;EGLN3;MYBL2;C12orf75;RNASE6;CORO1C;IRF8;RASD1;TAMALIN;ITM2C;TP53I11;DUSP5;CBFA2T3;STMN1;EPHA2;TOX2",-0.93680905954748,0.7386271529888551,,
"DESCARTES_FETAL_PLACENTA_STROMAL_CELLS",32,0.21326329176652797,0.8226732049874006,0.7746913580246914,0.9296296296296296,"LIN7A;GDNF;ELN;PTGFR;SLIT2;NFASC;GXYLT2;TCF21;FREM1;ITGBL1;SLC16A10;ACKR1;COL8A2;CYP2W1;GATA6-AS1;MATN2",0.9635593601067957,0.676423885958287,,
"MANNO_MIDBRAIN_NEUROTYPES_HPROGM",255,0.16522681776034687,0.9346033680309086,0.7777777777777778,0.9314341531687831,"PDE3A;FNDC3B;PLEKHA5;CFAP126;NES;IGF2BP1;SALL1;MAML2;YAP1;FAT1;ITGA6;GPD1L;KIF2A;TRAM2;FAM13A;ABCA8;TOP2A;IFT88;DSG2;RALGPS2;TXLNB;CHN2;GASK1B;ARL4A;RPGR;RBMS1;BRCA1;NCAPG2;CENPE;WEE1;ARAP2;CFAP44;SALL4;FOXP2;PDLIM5;PDE11A;CENPF;ADSS2;TOX3;RIPPLY3;CRISPLD1;KIF15;GTF2F2;MIR99AHG;CNTN4;CHRDL1;CCND1;HEATR5A;CEP152;SLIT2;CEMIP2;FREM2;JAM3;TMEM47;JAM2;PLOD2;PPP1R3C;PLCL1;MAP6;MNS1;TSPAN11;CYYR1;STON1;TCIM;ZFP36L2;FNDC1;WNT5A;ARHGEF28;GRM8;HK2;SYT2;SH3RF1;ZFP36L1",1.0101367081111763,0.5975172035390138,,
"JONES_OVARY_GRANULOSA",79,-0.21280910479257684,-0.828670294487069,0.7787610619469026,0.9314341531687831,"LY6E;ATP5IF1;IFI27;FSCN1;PSMA3;ADCK2;SPINT2;AMH;REEP6;LAMA1;LMBR1L;HDHD3;TNNI3;PRKAR2B;HMGB2;PPP1R13L;CDH3;STMN3;PTGES;CD99;SRPX;FAM78A;CEACAM21;H2AC8",-0.8014204023078186,0.9484497133664872,,
"DESCARTES_MAIN_FETAL_THYMOCYTES",76,0.18435192874198802,0.8552380382997771,0.7874396135265701,0.9395371718420721,"SSH2;TFDP2;CHD1;SATB1;LINC00954;NFATC3;LDLRAD4;TNRC6C;TCF12;WAKMAR2;SATB1-AS1;BCL11B;IKZF2;CD1E;TCF7;CEP128;MAP3K14-AS1;ANKRD36BP2;CAMK4;PDE7A",0.864655752152496,0.8925438596491229,,
"DESCARTES_MAIN_FETAL_ADRENOCORTICAL_CELLS",50,-0.22399381697521661,-0.8060192962355326,0.7881241565452092,0.9395371718420721,"FDXR;HSPE1;PPP2R1A;SNCG;RHBDD2;GRIN2C;GRAMD1B;POR;FDX1;OSGIN1;LIPE;DHCR7;SCAP;SCARB1;ALDH3A2;ALAS1",-0.8968275592115802,0.8139861889395692,,
"ZHONG_PFC_C2_THY1_POS_OPC",20,0.23276500539275688,0.7829979116479064,0.7917888563049853,0.9423585404547858,"EDNRB;LAMA4;GPR155;WAC-AS1",0.7927086310775,0.9090221164722861,,
"HE_LIM_SUN_FETAL_LUNG_C2_DC1_CELL",307,-0.19162037431665763,-0.8706725677807492,0.7931769722814499,0.9424656004522629,"IDO1;SNRNP25;CSKMT;POLA2;HMOX2;CNFN;TK1;NMB;BATF3;HSPBP1;ACOT7;COMTD1;FARS2;RHOF;AIM2;TAP1;CLEC2B;MCM7;LMNA;CYSTM1;BCAT2;APOL2;HLA-F;PMM1;ISG20;TSPAN15;ZNF296;APOL3;SLC66A1;TSTD1;DCTPP1;TMEM102;PELO;DUSP4;LYRM4;RUSC1;PPM1J;HLA-DQB2;KLHL22;CXCR3;TRPV2;PDE6D;PTTG1;FKBP1B;C1orf54;ISYNA1;PDLIM1;IGFBP7;SP140;KATNA1;VAC14;PDLIM7;SLC25A29;AP1G2;TMEM191C;DBN1;SLAMF8;SERPINB9;TACSTD2;NT5C3B;TSPAN13;NOP2;CD40;GLTP;CENPN;FUT8;SERPINF2;ITGB7;UPK3A;TAP2;ACAP1;BTN2A2;EGLN3;OXCT1;HSH2D;IDH3A;PCLAF;WDR41;SNX22;ST14;PNMA1;SCARF1",-0.8247572669714086,0.9880813953488373,,
"DESCARTES_FETAL_KIDNEY_URETERIC_BUD_CELLS",205,-0.19586355134149674,-0.8621752474888369,0.7966666666666666,0.943681478100072,"MUC6;KRT7;TMEM125;SMIM22;SPR;ELMO3;S100P;DEGS2;CLDN7;BSPRY;KRT18;TFAP2A-AS1;MUC1;TFAP2A;MIR200CHG;CCNO;SNCG;WNT7B;PAK6;KRT8;TMEM238L;KRT19;S100A14;CBLC;SYT8;GJB4;CIMIP2C;GJB3;SIGLEC15;RNF183;PKP3;MYEOV;TACSTD2;CLDN4;FBP1;PTGER1;FAM131C;PRDM16;KRT15;ACOXL;UPK3A;MFSD6L;LDHD;PLEKHN1;SSH3;PRSS22;SSTR5",-0.9672125450250306,0.724645791165615,,
"DESCARTES_MAIN_FETAL_SKELETAL_MUSCLE_CELLS",88,-0.20485530167029473,-0.8177064199064047,0.7975609756097561,0.943681478100072,"TRIM7;TRIM72;ACTA1;EIF4E2;TMEM52;RYR1;TNNI2;TEAD4;RPS3AP20;AK1;MYL5;FZD9;OBSCN;SLC49A3;TMEM38A;MYL6B;KLHL21;FGFRL1;RTN2;ENO3;ATP2A1;BTF3;UTP11",-0.7675689880146819,0.9880813953488373,,
"AIZARANI_LIVER_C31_KUPFFER_CELLS_5",111,-0.20140175260388762,-0.8366101496659749,0.7980997624703088,0.943681478100072,"WARS1;MT2A;TYROBP;SELENOO;LST1;MIRLET7BHG;EFNA1;IL1RN;FCER1G;WHR1;SLC11A1;S100A11;IL1B;FCGR3A;PLAUR;CTSB;AIF1;LILRB3;GADD45B;PELATON;LYN;PSAP;FGR;RNF144B;ACADVL;SAT1;ATP1B3;TNFSF14;SLC43A2;RGS2;PLIN5;LILRB2;MARCO;C4BPB;MAFB;ITGAX;APOBEC3A;C5AR1",1.0033459392051112,0.6391076273741333,,
"GAO_ESOPHAGUS_25W_C4_FGFR1HIGH_EPITHELIAL_CELLS",196,0.1656309812042397,0.9037023724638121,0.8018867924528302,0.946617579383341,"TRIO;ATXN1L;ADGRL3;PCDH18;ZNF587;FSIP2;STAT5B;TBC1D8B;NOD1;GARNL3;LAMA2;ARHGAP42;RIC1;FOXF1;SH3PXD2B;USP49;NCBP1;SVEP1;ADAMTSL1;DLC1;MN1;ZNF700;DOCK11;DCHS1;SCARA5;CHRDL1;GFRA1;PRKG2;ZNF436;KLHL31;ZZEF1;JAM3;ABI3BP;NOM1;JAM2;HHAT;COL17A1;FLRT2;PTBP2;TARS3;SYT1;SLIT3;VSTM4;CRKL;ZNF546;FZD10-AS1;ADAMTS1;ZFHX4;ZNF773;DAGLA;FBN1;MFAP4",0.9426883650832858,0.8364055299539169,,
"DESCARTES_FETAL_CEREBRUM_OLIGODENDROCYTES",28,0.2136699970498299,0.7839331448644311,0.8042813455657493,0.9479030144167759,"PDGFRA;GDNF;CHAD;MMP16;BCAS1;LHFPL3",0.5973159901176465,0.9983139442918567,,
"DURANTE_ADULT_OLFACTORY_NEUROEPITHELIUM_VASCULAR_SMOOTH_MUSCLE_CELLS",90,0.17353636630315922,0.8296737284176054,0.8057142857142857,0.9480527899976846,"MAP3K20;RGS5;LPP;COL14A1;PPP1R12B;IRAG1;ARID5B;RCAN2;MAP1B;PPP1R12A;FILIP1L;SEPTIN7;SYNPO2;IGFBP5;ID4;MYH11;CARMN;MYLK;TNS1;GUCY1A1;SPARCL1;CALD1;TCIM",1.249147575538899,0.20345340490202418,,
"DESCARTES_FETAL_MUSCLE_SCHWANN_CELLS",67,0.18438198092891084,0.8309941470679488,0.8161434977578476,0.9587705167834908,"DST;CDH1;ATP10B;GRIK3;CHL1;BCAN;TRPV3;KCNH8;HSPA12A;ADAM23;TMEM132B;MEGF9;PARD6B;MOXD1;TMEM178B;SPMIP5;ITGB8;GABRA2",0.81465166285005,0.9685645549318365,,
"HE_LIM_SUN_FETAL_LUNG_C0_VASCULAR_SMC_1_CELL",119,0.17469245237388636,0.8747853745210415,0.8176100628930818,0.9589416892736307,"SEMA5A;ADGRL3;PDE3A;SYTL2;PLCE1;EPAS1;NEURL1B;INPP4B;CDH6;LUZP2;MLLT3;MCTP2;ADGRF5;FILIP1L;PDLIM5;MGLL;CNTN4;MEF2C;MYH11;PAPPA;ITGA4;HEYL;NBEA;ADCY5;LTBP2;EBF1;NIBAN1;RAP2A;PRELP;SEMA5B;SERPINI1;NTN4;RERG;LRRC32;ITGA11",1.2653387752456293,0.10923755806857945,,
"ZHONG_PFC_MAJOR_TYPES_OPC",67,0.18391445994825162,0.8288870691604332,0.8251121076233184,0.962531529465719,"SEMA5A;EDNRB;LSAMP;LUZP2;EPB41L2;PDGFRA;SERPINE2;ARL4A;BCAN;RFTN2;SPATA6;PLPP3;NOVA1;LHFPL3",0.9400261160914904,0.7322330582645661,,
"DESCARTES_FETAL_INTESTINE_INTESTINAL_EPITHELIAL_CELLS",199,-0.1933582302997997,-0.8494111067556371,0.8253615127919911,0.962531529465719,"GCHFR;C8G;PRSS3;MT1E;ELMO3;DEGS2;PRODH;TMEM52;CRB3;CPS1;EEF1B2P3;GLTPD2;AMN;REEP6;PAK6;ABCG5;NAGS;S100A14;GLYCTK;BICDL3P;OR7E14P;RBP4;HDHD3;PCK2;TMEM92;PKP3;RBP2;DGAT1;MAOB;TFF1;FMO1;UPK3A;MFSD6L;PRAP1;SLC39A4;TRIM15;GJB1;EXOC3L4;MT1G;MTTP;HSD17B2;DMBT1;ITPKA;FOLH1;KHK;TERT;ALPI;CDX1;RBKS;ALDOB;GSTA1;SLC1A1;GPX2;GPD1;SLC6A20;WIPF3;MT1H;TMEM45B;PLEKHS1;SMIM24;TM4SF20;TMT1B;AGR3;TMEM139;RBBP8NL;LAMB3;PRSS8;LEAP2;TJP3;CLDN2;ALDH1L1",-1.0057747815010474,0.634757050375772,,
"GAO_LARGE_INTESTINE_24W_C2_MKI67POS_PROGENITOR",111,-0.19703674172101437,-0.8184781703718498,0.8254156769596199,0.962531529465719,"AURKB;TK1;CDC20;CENPW;HYAL2;PRC1;PIMREG;MXD3;TRAIP;BIRC5;CCNB1;CCNB2;PTTG1;CDKN3;UBE2T;ECSCR;CRIM1-DT;SOX18;TACC3;TROAP;PHF19;KNSTRN;EGFL7;RHOH",1.0188145620887548,0.5975172035390138,,
"HE_LIM_SUN_FETAL_LUNG_C4_ILC3_CELL",68,-0.21248838244865917,-0.8036036050962774,0.825974025974026,0.962531529465719,"MAEA;WDR86;IL4I1;LST1;TSPAN15;ROGDI;NFATC1;SLC16A3;ARL3;FSD1;CAPG;ARHGAP10;CXCR6;TNFSF13B;CD82;KRT86;DAPK1",-0.7249389518789001,0.9933920704845816,,
"DURANTE_ADULT_OLFACTORY_NEUROEPITHELIUM_FIBROBLASTS_STROMAL_CELLS",81,-0.20147034412968773,-0.794883430691479,0.8329207920792079,0.968553459119497,"SELENOM;LGALS1;IFITM3;TIMP1;IGFBP6;CLEC11A;TFAP2A;CSRP2;RARRES2;IGFBP7;PAX9;NBL1;PCOLCE;CCL2;COL6A2;GLIPR1;IGFBP4;VIM;TWIST1;ACTA2;ECM1;MXRA8;INMT;THY1;SERPING1;BGN;CYP1B1;TPM1;PRRX1;SPARC",-0.6032415260613307,1,,
"HE_LIM_SUN_FETAL_LUNG_C3_AEROCYTE",79,0.17381660256218648,0.8165498974761253,0.8341232227488151,0.968553459119497,"SPRED2;EDNRB;TNS3;SLCO2A1;DYRK2;PDE1C;LMO7;SLC12A2;ZNFX1;CDH13;LRRC49;NEDD4L;MGLL;ITGA1",1.0221590738992925,0.5902439024390244,,
"DESCARTES_FETAL_PANCREAS_SMOOTH_MUSCLE_CELLS",31,0.20763121850444924,0.7980949154197285,0.8353293413173652,0.968553459119497,"RGS5;BMP5;GJC1;MYH11;CARMN;GPR20",1.2441939125614903,0.2529011987295516,,
"HAY_BONE_MARROW_FOLLICULAR_B_CELL",119,0.17197667170907788,0.861185901998343,0.8364779874213837,0.968553459119497,"PRDM2;NCOA3;COBLL1;REL;CHD7;PNISR;TRAF5;RAB30;PLEKHG1;COL9A3;ABCB4;RALGPS2;ZDHHC21;SETBP1",0.9673737227828286,0.690164533820841,,
"HE_LIM_SUN_FETAL_LUNG_C7_COL20A1_POS_SCHWANN_CELL",62,0.18195201990059207,0.8104957696830472,0.8508064516129032,0.9835756112595029,"USP53;DPY19L3;SHROOM4;ITGA2;HMCN1",0.9401747609870194,0.7419409782648942,,
"HAY_BONE_MARROW_CD34_POS_HSC",98,-0.19357306400938956,-0.7834471156634123,0.8602673147023087,0.9922408200337354,"H2AC25;RACK1;FBXW9;RPL26;RPS9;HINT1;EIF3D;PCBD1;BST2;BSPRY;KRT18;EEF2;KRT8;RPL15;NPDC1;ZFAS1;EGFL7;NACA",-0.7919537615742506,0.9632450498809946,,
"DURANTE_ADULT_OLFACTORY_NEUROEPITHELIUM_OLFACTORY_HORIZONTAL_BASAL_CELLS",16,0.22604498711530965,0.7207503076323972,0.8610354223433242,0.9922408200337354,"DST;MEG3;CXCL14;IGFBP5;TSC22D1",0.6576436468040745,0.9952342398704597,,
"DESCARTES_MAIN_FETAL_MEGAKARYOCYTES",150,-0.18591421477442704,-0.7970724775898128,0.8642533936651584,0.9933141503046717,"GPX1;SMIM12;YIF1B;SLC39A3;NRGN;GAS2L1;STXBP2;INKA1;TUBA4A;MAX;CDKN2D;HPSE;FHOD1;FAM110A;TGFB1;CENPT;DOK1;LYL1;TPST2;MICU1;RAB8A;GNB5;PLEK;CGRRF1;CMTM2;PARVB;TMEM91;NT5M;ABHD16A;PRKAR2B;ZYX;ACRBP;RAP2B",-0.7280508360264726,0.9952342398704597,,
"DESCARTES_FETAL_MUSCLE_VASCULAR_ENDOTHELIAL_CELLS",56,0.18247740270898727,0.7922393299744943,0.8656126482213439,0.9933141503046717,"RAPGEF5;EFCAB14;F2RL2;FLT1;TMEM150C;EYS;CD93;PRSS51;PTPRM;SOX7;NOSTRIN;ESM1;CYYR1;MMRN2;CLIC5",1.0308337471526903,0.5673218091404215,,
"HU_FETAL_RETINA_MULLER",29,-0.21703221383731047,-0.7026211814732032,0.8660714285714286,0.9933141503046717,"TRIB2;SNRPG;SPP1;RASSF4;CRYM;SLC1A3;SPON1;SAT1;CDC42EP4",0.7252172782776201,0.9880813953488373,,
"DESCARTES_FETAL_STOMACH_MESOTHELIAL_CELLS",20,-0.23187922670339423,-0.6939856130694422,0.8683812405446294,0.9943923984785503,"TGM1;BST1;TNNT1;UPK3B;CFB;GAS1;GFPT2",0.7343812834434083,0.97557743017685306,,
"DESCARTES_MAIN_FETAL_PDE1C_ACSM3_POSITIVE_CELLS",249,-0.18610904312006846,-0.8299954338316385,0.8698030634573304,0.9944520064094833,"EXOSC4;CSKMT;SRA1;WDR25;PET100;NMB;TRMT2A;JMJD8;ALKBH2;SLIRP;MIEN1;RFXANK;COMMD5;ZNF205;LIN37;SMUG1;EXOSC3;HAUS8;GNB1L;RPL22L1;PIP4P1;GCDH;SGSM3;MFSD3;VPS51;RPL24P8;MIR200CHG;SPATA2L;ARMC7;CHAC2;KANSL2;YIPF1;CRYBB2P1;PINLYP;ZNF622;POP4;RBM10;COX16;MMP25-AS1;KATNA1;SLC12A9-AS1;CNNM3;ALDH3A1;LYRM9;PRRG2;TRPV4;RPS3AP26;IMPA2;SIRT3;BRF1;ZNF784;LSM6;TCF25",-0.8513006998070843,0.9588998523813225,,
"FAN_EMBRYONIC_CTX_BRAIN_ENDOTHELIAL_1",433,-0.18302948712396622,-0.8488098276770801,0.8712667353244078,0.9945591978703147,"C12orf57;VAMP5;S100A13;LY6E;HAPLN3;CAVIN3;MT2A;IL32;ADAM15;ISG15;S100A16;PLLP;MT1X;CDC42EP1;ARL2;IFITM3;ABHD17A;CD320;GBP4;CD151;CLTB;IFI35;MT1E;TIMP1;CARHSP1;IFI27;HYAL2;CHST12;MOB2;IFNAR2;CYB5A;PCBD1;MDK;DEGS2;CLEC2B;BSG;BST2;RHOC;TAGLN2;IFITM1;DNPEP;AIF1L;COX7A1;PLK2;NECTIN2;IFI6;PELO;SERPINH1;PFKL;OCIAD2;SAMM50;EFNA1;NHERF2;CLIC1;PPIC;CSRP2;FXYD5;PROCR;C1orf54;CYB5R3;APOL4;HPCAL1;IGFBP7;PDXK;SLC38A5;LSR;ECSCR;SOX18;HID1;VWA1;CRIP2;MX1;SLC52A2;PDLIM2;CAV2;TUBB6;PARP12;KANK3;MT1F;NPDC1;DNAJC1;EGFL7;CD82;MMP25;DGAT1;RRAGA;MFSD2A;PLAAT3;TMEM50B;PPA1;RGS3;NIBAN2;IMPDH1;MGST2;AFAP1L2;CD200;TRIM16;RELL1;DIPK1B;TMEM88;ADM;ZIC2;FOXC1;PRXL2B;CDC42EP4;STXBP1;HOPX;ANXA1;IFI44",0.9370873929020023,0.9022952812439143,,
"DESCARTES_MAIN_FETAL_LENS_FIBRE_CELLS",130,0.16769412376445125,0.8599109251064976,0.8767123287671232,0.997829861111111,"KIAA1217;DNMBP;HERC4;INPP5F;KDM3A;ADAM17;IQSEC1;UBR4;COL4A6;USPL1;ARGLU1;LNPK;PALM2AKAP2;SUCO;ZSCAN30;FBXO34;NXPE2;NHS;RASGRF1;LRRC39;CERK;BCO2;PELI1;TMLHE;LDLRAD3;MEGF9;MYO18A;EPB41L4A;KXD1-AS1;LMCD1-AS1;ARID3B;CLIC5;BEND3P1;LINC02177;TMEM117;RNF139-DT",0.7822319342206705,0.996163422094705,,
"HE_LIM_SUN_FETAL_LUNG_C3_INTERMEDIATE_LYMPHATIC_ENDO_CELL",373,0.15715627682027838,0.8960664016164013,0.8775510204081632,0.997829861111111,"RAB11FIP1;EDNRB;ATP9A;SLC24A1;PTPN3;ARL15;COL4A5;PROX1;AHI1;SLC38A1;SLC38A4;CASK;CNST;CEACAM1;NFATC2;PRKAA2;GLS;STOX2;PDGFD;PDE7B;MYEF2;ITGA9;SMAD9;NMNAT2;ELK4;PCLO;ARID5B;TNFAIP8L3;SCN3A;APOLD1;SLC7A1;CCDC122;COL9A3;EPB41L1;ZDHHC17;FILIP1;NEO1;AGAP1;PPARG;KLHL3;IGSF3;SSH1;RHOU;NLGN4X;GNG12;SGCD;ACSL5;KCNN3;SLC5A3;STON2;MYO5C;FILIP1L;MPP7;FOXP2;CTTNBP2;RAB29;MET;TSHZ1;KBTBD11;OSBP;CHRDL1;TTN;IGFBP5;C20orf204;TMOD2;ABI3BP;TLR4;TMTC1;FZD10;FLRT2;LRCH2;RELN;MAN1C1;SCRN1;CXADR;TRMT9B;GUCY1A1;ITGAV;KLF12;DTX4;RAB11FIP5;SRGAP3;TMT1A;PELI2;LAMB1;NIPAL2;CCNJ;ADAMTS9;SYNPO;FZD6;PLD1;VSTM4;REEP1;GAS7;SYNM;MAP3K1;PAIP2B;WASF3;TAC3;DDX10;CYP39A1;MAN1A1;UNC5B;FBN1;MFAP4;ITGB8;RASSF9;EBF1;SEMA3A;PGM5",1.0685025581752419,0.2752824572312905,,
"DESCARTES_MAIN_FETAL_RETINAL_PROGENITORS_AND_MULLER_GLIA",30,0.19711008581825185,0.7450300390245699,0.8795180722891566,0.997829861111111,"ILDR2;KLHL8;TMTC4;RNF180;TOX3;PKD2;RARB;MYBL1;C5orf34;EPHB2;MOB3B;DDHD1;FAM184B;LGR4;NOTCH1",0.8271689665328793,0.9116695474892523,,
"HE_LIM_SUN_FETAL_LUNG_C4_CD4_T_CELL",32,0.19661590698509412,0.7584551331412913,0.8796296296296297,0.997829861111111,"SERINC5;INPP4B;LRRN3;RCAN3;CD5;CSGALNACT1;EPHX2;IL6ST;CD40LG;FKBP5",0.7058810503366285,0.9933728981206726,,
"HE_LIM_SUN_FETAL_LUNG_C0_MESENCHYMAL_3_CELL",148,0.16543788338452478,0.8606774286775737,0.8813559322033898,0.9982284037124196,"TRIO;KLF7;PDE3A;ANK3;SVIL;HGF;SLC38A1;LIN7A;ZEB1;AMOT;FBN2;KIF21A;STRA6;PDGFD;CAMK1D;COL9A3;EPHA3;ADAMTSL1;MN1;CLCN5;DOCK11;MCC;XIST;NET1;MIR99AHG;CNTN4;LDB2;AMOTL2;CDC42EP3;FLRT2;TES;RELN;PLCL1",1.0396377739345817,0.45629629629629626,,
"DESCARTES_MAIN_FETAL_HEPATOBLASTS",39,0.1884470163540655,0.7579079358802369,0.8841059602649006,0.9995155903424011,"PLCXD2;PANK1;LPAL2;GPAM;CASC19;ABCC2;CNGA1",-0.6857152789070404,0.9933728981206726,,
"TRAVAGLINI_LUNG_MYOFIBROBLAST_CELL",60,0.17816615355364418,0.7865994856010501,0.8852459016393442,0.9995155903424011,"NOTUM;ROBO2;LUZP2;CCDC146;ENC1;CXCL14;TNFRSF19;CREB5;TYRP1;COL12A1;CLU;LTBP2;WNT5A;FGF18;ROBO1;PRELP;SLITRK6",0.9478772717500807,0.7199681409295353,,
"HE_LIM_SUN_FETAL_LUNG_C3_VENOUS_ENDOTHELIAL_CELL",78,0.16427140259478507,0.7676346263469181,0.8899521531100478,1,"DNM3;HMCN1;SLCO2A1;SERPINE2;COL9A3;NPNT;LYST;SORBS2;FILIP1L;MIR99AHG;IL1R1;CDC42EP3;HAS2;LRATD2;SELP;TLL1;NALF1;HDAC9;RBP5;GFOD1;LHX6;C7;FBN1;ADAMTS6",1.0172751689561332,0.592799361968782,,
"HE_LIM_SUN_FETAL_LUNG_C1_LATE_AIRWAY_PROGENITOR_CELL",20,-0.22719388788605385,-0.6799629781925837,0.8910741301059002,1,"ICAM1;GAS6;RAB27B;ANXA1;CAPS;SULT2B1;AGR3;ARSJ;CYTL1;NTN1;ANTXR2",0.6668287520825439,0.9933728981206726,,
"BUSSLINGER_GASTRIC_OXYNTIC_ENTEROCHROMAFFIN_LIKE_CELLS",68,-0.20032235218837766,-0.7575932507220337,0.8935064935064935,1,"NICOL1;FKBP2;SSR4;CAVIN3;QDPR;IFI6;SERPINB6;SMOC1;SEC11C;KLK11;MS4A8;GPX3;MAOB;DEPP1;WFDC2;SEZ6L2;CALM1;SERPINA1;APLP1;PCSK1N;UCP2;AZGP1;ACSL1;BEX3;PTPRN;SCG5;LEFTY1",-0.8358639622646666,0.9022952812439143,,
"MANNO_MIDBRAIN_NEUROTYPES_HPROGFPL",284,-0.1811381495126907,-0.8166019622567827,0.8942826321467098,1,"SIVA1;RPS14;AURKB;LSM4;GNG5;TK1;RPL13AP5;NAXE;H2AX;SNRPB;MT1X;PLK1;CENPW;MDK;RPS19;TYMS;CKS1B;MCM7;PRC1;PIMREG;RANBP1;RPL23A;HMGA1;BIRC5;CCNB1;CDCA3;CDCA8;PSRC1;CCNB2;DOK1;CENPV;KIF22;RCOR2;CHAF1A;PTTG1;CDKN3;UBE2T;MCM2;RPA3;GINS2;FZD2;PIF1;UHRF1;PMAIP1;TACC3;HMGN2;TROAP;KIF2C;KNSTRN;TPBG;EEF1D;PTX3;TFF3",-0.7631440948294843,0.9952342398704597,,
"DESCARTES_FETAL_INTESTINE_ENS_NEURONS",62,0.17735851220479878,0.7900342295612006,0.8951612903225806,1,"LHFPL5;NMNAT2;VAT1L;DLX3;SGIP1;MAP1B;HECW1;KIF5A;HEATR5A;STUM;MAP6;NCAM2;SYT1;CACNA1E;SYT2",0.927197905271701,0.7607349463343641,,
"DESCARTES_FETAL_PANCREAS_ENS_NEURONS",65,0.17301910640352164,0.7716546847663017,0.8974358974358975,1,"UNC5C;AKAP6;NRG1;VAT1L;DLX3;MAP1B;HECW1;LHFPL3;KIF5A;PCBP3;ANK2;DPYSL3;SYT1;TMEM35A;ISLR2;CACNA1E;CCDC171;ZNF843",0.8561996354464237,0.9353405936365577,,
"DURANTE_ADULT_OLFACTORY_NEUROEPITHELIUM_IMMATURE_NEURONS",115,0.16819645345677792,0.8355282654897441,0.9012345679012346,1,"PRRC2B;GTF2I;EPB41;MSI2;RUFY3;TRIM66;KIF3A;DAAM1;SERPINE2;PCLO;THUMPD3-AS1;NCAM1;CEBPG;PAPOLA;RAB6A;MAP1B;MARCKS;EPCAM;CADPS;CNTN4;BCL11B;MAP6;MAPK10;EFR3B;DPYSL3;CLGN;SYT1;NBEA;KCNQ1OT1;RETREG1;NSG1;TTLL7;GDAP1;FZD3;EBF1;SYT11;EFHC1",0.8527805724218399,0.9880813953488373,,
"ZHONG_PFC_C1_NEUROD1_POS_EXCITATORY_NEURON",20,-0.22278043812031903,-0.6667540733459993,0.9046898638426626,1,"NXPH4;DDIT4;CALB2;HPCA;NRN1;CFAP298;ABRACL;EPHA7;ARL4D",0.7742276431545899,0.9294035087719298,,
"DURANTE_ADULT_OLFACTORY_NEUROEPITHELIUM_PERICYTES",79,0.16167609525816637,0.7595166230462038,0.9052132701421801,1,"TGFBR2;FAM13C;LIFR;APOLD1;EMCN;FLT1;A2M;TCF4;CAVIN2;SPTBN1;EDN1;CD93;EMP1;JAM2;RDX;CALCRL;NOSTRIN;SPARCL1;CYYR1;CLU;CD34",0.9836225871339099,0.683554519368723,,
"DESCARTES_MAIN_FETAL_SYMPATHOBLASTS",29,-0.20424165737498526,-0.6612129696028891,0.9077380952380952,1,"NT5DC2;QDPR;C1QL1;CYB561;GCH1;MRAP2;SLC18A1;C1orf226;RLIG1;ARC;VPS33A;TSPYL2",-0.8151197753372257,0.8817430821922346,,
"DESCARTES_FETAL_INTESTINE_CHROMAFFIN_CELLS",48,0.18338611173942543,0.7631281273772266,0.9101123595505618,1,"CEP126;LINC01106;TPH1;LCN15;CCDC162P;LINC01811;SLC38A11;SLC9A2;CHGA;ADH6;SCG2;ST18;IL20RA;GHRL;PAM;RGL3;KCNK17;OR51E1;SPTSSB;MAB21L4;LINC00261;HEPACAM2;VWA5B2;PROC;RAP1GAP2;SSTR2;PDX1;CDHR3;UBE2QL1;RAB3B;PCSK1;BAIAP3;SYT13;DRAIC;CACNA1A;FOXA2;PCSK1N;FFAR4;GIPR;SLC18A1;KLB;SSTR5;GCH1;RAB26;REG4;KIF19;MNX1-AS1;MS4A8",-0.627003451777067,0.9952342398704597,,
"HE_LIM_SUN_FETAL_LUNG_C7_TM4SF4_POS_CHODL_POS_NEURON_CELL",37,0.19032192402794562,0.753205434808967,0.9117647058823529,1,"BTBD8;AKAP6;PLEKHA6;SGIP1;IGFBPL1;SYNPO2;CXADR;MAB21L2;ARHGEF28;ARID3B;TSHZ3;TAC3;ABCB1;CDK5R1",0.8281306605782444,0.9150570415935019,,
"DESCARTES_FETAL_ADRENAL_VASCULAR_ENDOTHELIAL_CELLS",103,0.1634373470629314,0.8031932897473166,0.9156626506024096,1,"PTPRB;RGS7BP;KDR;SLCO2A1;INHBB;SNCAIP;CEACAM1;MYRIP;PLIN4;SHE;CDH13;TEK;PLPP3;EDN1;RIPPLY3;LDB2;SOX7;CALCRL;ESM1;TCIM;RBP5;CD34;MMRN2;DIPK2B;NR5A2;TRPM6;MADCAM1;CDH5;F8;ARHGAP29;EFNB2;DNASE1L3;ADGRL4;NOTCH4;ELK3;PDE2A;PCDH12;APLNR",1.0308148451503159,0.5594178082191781,,
"SU_HO_CONV_CENT_CHONDROSARCOMA_STROMAL_C6_ENDOTHELIAL_CELL",192,-0.1800061088083779,-0.7909316372125148,0.9186176142697882,1,"BID;ADAM15;PNP;SIGIRR;UBALD2;HYAL2;FSCN1;ISG20;TSPAN15;HOMER3;PLK2;NECTIN2;TLNRD1;TEAD4;SLC27A3;MARCKSL1;LGALS9;SNCG;GNAI2;LYL1;MYL12A;ABI3;PROCR;RAB13;COX6C;CXCR4;TBCD;RNASE1;PLAU;N4BP3;ECSCR;SOX18;VWA1;FRMD8;KANK3;WDR1;NPDC1;ICAM2;EGFL7;LYN",0.9782755835903983,0.6858388591152693,,
"HE_LIM_SUN_FETAL_LUNG_C7_PCP4_POS_NEURON_CELL",34,-0.2010459898286473,-0.669950397511489,0.9187592319054653,1,"PRSS3;B3GNT4;SNCG;TRPV2",-0.65388793824165925,0.9933920704845816,,
"JONES_OVARY_STROMAL",147,-0.1763352096429784,-0.7544212124900187,0.9215909090909091,1,"NUPR1;CAVIN3;LGALS1;IFITM3;CD151;CYB5A;MDK;APOE;LMNA;SNHG32;SOD3;MARCKSL1;C11orf96;SELENOW;IMPDH2;OSR2;KRT19;ISYNA1;RARRES2;IGFBP7;PKIG;CAV2;GPX3;CALM2;MFGE8;PEG10;LGALS3BP;LTBP4;EPB41L4A-AS1;NBL1;HTRA3;CD59;RNASE4;EMP2",-0.7486399164322649,0.9933728981206726,,
"DESCARTES_FETAL_EYE_SMOOTH_MUSCLE_CELLS",59,-0.18904346695855886,-0.7027283861374748,0.922976501305483,1,"NUDT16L1;LRRC47;C11orf96;SNHG8;RAB38;RAB13;COQ3;GINS2;TESK1;GLMP;DEDD;SLC67A1;SLC35D2;AP5Z1;C12orf76;SNHG1",-0.8644034268565128,0.8396517369834533,,
"HE_LIM_SUN_FETAL_LUNG_C3_OMD_POS_ENDOTHELIAL_CELL",335,0.15458369884069584,0.8871770011992278,0.9230769230769231,1,"PDE3A;ATXN1;ZNF217;LMTK2;CRIM1;SULT1B1;PPP1R3B;ANKRD36;SKIL;HMCN1;GDF7;MECOM;PLXNA4;FBN2;FNIP2;ITPR1;GARNL3;TRAM2;GOLIM4;ITPR2;PDGFD;ABCA8;SMAD7;MYRIP;POLG2;RBMS3;SERPINE2;LDLRAD4;PLXNA2;TNRC6C;COL9A3;GASK1B;NCAM1;RUNX1T1;MYORG;EPDR1;COL21A1;EPS8;NOMO2;MCC;SOX5;MMP16;DKK2;FILIP1L;DENND5B;SLC8A1;MET;CRISPLD1;SNX18;MIR99AHG;SLC6A4;ID4;SEMA3G;ABI3BP;NOMO3;TMEM47;LPCAT2;PLOD2;TMTC1;PMEPA1;CDC42EP3;PELI1;HAS2;GUCY1A1;SELP;LDLRAD3;F2R;GIPC2;RND3;CLN8;STON1;IL13RA1;SLIT3;TMTC2;SYNPO;LTBP2;RPS6KA5;PTPRF;GFOD1",1.2099395127273864,0.050460676652777404,,
"DESCARTES_FETAL_ADRENAL_SYMPATHOBLASTS",34,0.18103740535653745,0.707715052650516,0.9261538461538461,1,"CNTN3;CCSER1;SLC38A11;SHISAL1;CACNA1E;CHGA;IL13RA2;ST18;ANKRD18A;FBXO2;LRRC10B;SLC8A2;VWA5B2;RASD2;RET;SLC16A11;POU2F3;ELAPOR1;PRR16;KSR2;BAIAP3;VGF;ALPK2;COLGALT2;ARC;RLIG1;KCNK9;PLCH2;HS3ST2;TPBGL;ABCG8;C2CD4A;MRAP2;GLS2",-0.8366612074171499,0.8733967789165447,,
"DESCARTES_FETAL_HEART_VISCERAL_NEURONS",38,-0.19571842785876303,-0.6662338015013087,0.9269340974212035,1,"CAMK2N2;ASTN2;FAM167A;CHRM1;ECEL1;STAC;ISL1;HCN2;SLC18A1;RGS9;PTPRR;PLPP4",-0.5724198742909483,1,,
"GAO_ESOPHAGUS_25W_C1_CILIATED_EPITHELIAL_CELLS",315,-0.1738604593468947,-0.7891110407035764,0.927427961579509,1,"SDF2L1;ENDOG;WARS1;WDR54;B9D1;OSGEP;ANKRD54;DPCD;CIMAP1B;SMPD2;CP;CCDC157;ZNF688;ALDH16A1;P4HTM;DALRD3;UBXN11;SPMIP6;RRAD;QTRT1;TRMT1;TMEM231;TSPAN15;RBM38;KLHDC9;LRWD1;TOGARAM2;LRRC61;KIF9;ZMYND10;RUVBL1;TMEM234;KATNB1;RSPH1;ADGRE5;PSENEN;SSBP4;TP73;RITA1;AK8;AARS2;RIBC1;ADAP1;MORN2;METTL27;SLC25A29;MS4A8;CCDC74A;ZMYND12;CIMIP2C;WDR90;RSPH9;ASTN2;TFF3;SLC67A1",-0.8262904659873589,0.9880813953488373,,
"DESCARTES_FETAL_PANCREAS_CCL19_CCL21_POSITIVE_CELLS",39,-0.19611740460195892,-0.6715355337875858,0.9314285714285714,1,"APOE;CXCL13;PTGDS;MINCR;MSC;PTGER1;WDR97;CSF1;CDX1;TNFRSF11B;TPBGL",-0.43114072020684313,1,,
"DESCARTES_FETAL_MUSCLE_SKELETAL_MUSCLE_CELLS",108,-0.17834708162985055,-0.7339545906160002,0.936144578313253,1,"VMO1;TRIM7;WFDC21P;ACTA1;TMEM52;TNNI2;CXCL13;AK1;XIRP1;SNAI3;MYL5;DNAJC5B;OBSCN;TMEM38A;WNT4;LDHD;FGFRL1;ENO3;HOPX;ATP2A1;LRRC56;MB;FOLR1;LRRC46;ADPRHL1;GPD1;HSPB6;CA3-AS1;CCNB3;GPR37;PACSIN3;CA14;EEF1A2;TPM1;KCNQ4;MYADML2;TNNC2",-0.770025298410865,0.9880813953488373,,
"DESCARTES_FETAL_PANCREAS_LYMPHATIC_ENDOTHELIAL_CELLS",40,0.17576527529526653,0.7104796238891704,0.9370860927152318,1,"CEMIP;RALGAPA2;TNFAIP8L3;STON2;HOXD10;MPP7;C20orf204;FZD10;TRMT9B;TLL1;LRRC69;RASSF9;PGM5;BMP6;F8;MMRN1",0.9493715627542193,0.7322330582645661,,
"DESCARTES_FETAL_KIDNEY_VASCULAR_ENDOTHELIAL_CELLS",76,0.15997974921302338,0.7421716052459943,0.9371980676328503,1,"PTPRB;PREX2;CEACAM1;SHE;ADGRF5;ROCK1P1;SP6;CALCRL;ESM1;RP1;TCIM;GIPC3;RBP5;MMRN2;ANKRD36BP2;GUCY1B2;DIPK2B;NR5A2;LHX6;MADCAM1;CDH5",0.8716239539344435,0.8863134657836644,,
"DESCARTES_FETAL_ADRENAL_MEGAKARYOCYTES",71,-0.18495475299030195,-0.706520611439617,0.9386973180076629,1,"NRGN;MCEMP1;HPSE;DNAAF3;CXCL3;PDLIM1;PLEK;CMTM2;HYAL3;TMEM91;CFAP45;SERPINB1;ZYX;ACRBP;CXCL2;EXOC3L4;RAB27B",-0.6588156116673624,0.9983139442918567,,
"DESCARTES_FETAL_MUSCLE_SATELLITE_CELLS",19,0.1931966307236885,0.6451174825188308,0.9393063583815029,1,"SPATA13;CCDC162P;CLCN5;SOX9",0.7007410032826905,0.9880813953488373,,
"HE_LIM_SUN_FETAL_LUNG_C1_AT1_CELL",35,-0.19498289966969015,-0.6540482055296545,0.9403202328966521,1,"PLLP;ICAM1;PKDCC;NMU;UPK3B;CAV2;TUBB6;ANXA1;FAM20A;SLC39A8;ALDH3B1",0.7726041988795633,0.9632450498809946,,
"DESCARTES_MAIN_FETAL_THYMIC_EPITHELIAL_CELLS",137,-0.17234315816582899,-0.7304170839058116,0.9435483870967742,1,"NUBP2;MTG1;C8G;ARMC6;RTCB;PLEK2;KREMEN2;ZBED2;PRKAR1B-AS1;DNASE1L2;ICAM5;DDB2;PARP3;APTX;NEURL4;UBA7;MGMT;TYK2;NEURL3;INTS12;RAB42;IGFL2;PNCK;RMI2;FAS;MST1R;TRAPPC12;NXN;EXOC3L4;CDH3;RPS7P10;OXCT1;FAM118B;THAP8;TAFAZZIN;D2HGDH;CLTCL1;UST",-0.7347229153406096,0.9952342398704597,,
"DESCARTES_FETAL_STOMACH_PARIETAL_AND_CHIEF_CELLS",22,-0.19049306680272726,-0.5840191487762635,0.9507692307692308,1,"DUSP4;FAM162A;SERPINA5;CYB5R1",-0.8576525896408906,0.8191149330506144,,
"HE_LIM_SUN_FETAL_LUNG_C5_LATE_PRO_B_CELL",23,-0.20072165831249522,-0.6154982224456935,0.9525267993874426,1,"GBP4;ADA;EGFL7;TNFRSF1A;LILRA2",0.7567613969669497,0.9632450498809946,,
"BUSSLINGER_GASTRIC_D_CELLS",20,0.18785468624251084,0.6319241450103985,0.9530791788856305,1,"CEP126;CHGB;MAP1B;TTN;IGFBP5",0.6367244529016743,0.9952342398704597,,
"HE_LIM_SUN_FETAL_LUNG_C7_MID_SCHWANN_CELL",237,0.1555530910481747,0.8574950195568919,0.9534883720930233,1,"SH3D19;PPARA;FNDC3B;ANKRD28;CLSTN2;WWP1;ANK3;CDH1;COL4A5;COL14A1;ITGA2;TNS3;CLMN;PLSCR4;ABCA8;LAMA2;SORBS1;AHNAK;NRXN3;GASK1B;SH3PXD2B;OLFML2A;BCAN;HSPG2;GPR155;ITIH5;GNG12;HSPA12A;UTRN;SORBS2;COL4A1;L1TD1;ZCCHC24;PDK4;SIPA1L2;PRSS23;SLIT2;SEMA3G;GAS2L3;KANK4;LPCAT2;ATP1A2;RELN;TSPAN11;TNS1;FRMD4B;LAMB1;TCIM;ADAMTS9",0.9587810860301567,0.8395061728395062,,
"DESCARTES_MAIN_FETAL_PAEP_MECOM_POSITIVE_CELLS",122,0.15008402205049248,0.7587242418048751,0.9536423841059603,1,"PARP4;USP47;RAPH1;ZHX3;VPS13D;GTF2IP23;SLC6A6;ERN1;MTF1;SESTD1;ARID5B;SMURF1;RASEF;HAVCR1;RAD54L2;CXCL14;EVC;MCPH1-AS1;MBNL1-AS1;UGT2B7;NABP1;ATOH8;SLC44A1;B4GALNT2;GRAMD1C",-0.6367043507027462,1,,
"HE_LIM_SUN_FETAL_LUNG_C2_HSC_ELP_CELL",390,-0.16840504695685582,-0.7756578094049303,0.9552083333333333,1,"MRM3;SCO2;PLAAT4;NKG7;RNF220;NTHL1;MIB2;SLC2A5;OXLD1;MMAB;GBP4;QTRT1;CHST12;MDK;PFKP;CD7;CTSW;ALKBH4;RAMP1;ZNF576;PIGQ;SNHG21;LCK;RRP9;S1PR4;PGAP2;LRRC61;OCIAD2;SPATA2L;SEPTIN1;ACBD6;EFNA1;TRBC2;ADA;MED9;RAB13;FAM216A;CBX8;ISYNA1;THEM6;CREB3L4;BRF2;ACY3;TBC1D10C;DVL2;PRKD2;ZNF574;NIPSNAP1;TBCC;CD109;SNRPN;AP1G2;CD3E;MUL1;POLR2C;ADPRM;MATK;DBN1;INTS12;LTB;CD82;RHOH;NT5C3B;ERGIC1;PODXL2;RHPN1;NOP2;NUCB2;TP53I3;LINC00665;ABCD4;FUT8;MYL6B;MTRFR;MRPS27;SLC25A51;SMYD3;HOXB4;IKBKE;LMAN2L;SCRN2;ACAP1;CD200;MKS1;ABHD4;HACD1;HSH2D;EPB41L4A-AS1;KCNN4;ARMH1;ACOT13;UQCC6;SYNGR1;HOPX;MRPL45;HOXB2;STMN3;CCNB1IP1;RCL1;RNF31;UMPS;SLC39A8;ACOX3;BIN3;SYTL1;CFAP68;TM7SF3",-0.8210667588656992,0.9903964890031038,,
"HE_LIM_SUN_FETAL_LUNG_C7_TM4SF4_POS_PENK_POS_NEURON_CELL",80,0.15399490329520832,0.7189660637718543,0.9563106796116505,1,"SORL1;DNM3;SLC38A1;SCN3A;PTPRG;GLCCI1;SYNPO2;RASA4B;PTGFR;TG;CARMIL2;DTNA;MAB21L2;TMEM200C;VASH2;NALF1;ARHGEF28;REEP1;GRM8;ISLR2;TSHZ3;PTGER3;TAC3;GPR137C",0.7745446046639537,0.9907101243898597,,
"DESCARTES_FETAL_LIVER_MEGAKARYOCYTES",95,-0.17340186468389282,-0.7015904364445399,0.9566265060240964,1,"SMIM12;NRGN;TUBA4A;HPSE;PRSS27;FHOD1;TGFB1;RSPH1;CXCL3;GNB5;PLEK;CMTM2;TMEM91;TNNI3;LCN2;MYEOV;PRKAR2B;NPM1P27;ZYX;ACRBP;CXCL2",1.0161233634332019,0.5897960094630184,,
"DESCARTES_FETAL_PLACENTA_IGFBP1_DKK1_POSITIVE_CELLS",86,-0.17666095722911854,-0.7025294958440529,0.9570552147239264,1,"PEMT;LGALS1;TIMP1;RAMP1;COX7A1;S100A3;IGFBP6;C11orf96;OSR2;MELTF;HSD11B1;CD82;MAOB;MFGE8;WNT4;CRLF1;ING1;IL1A;RGS2;TMEM45A;CFD;GAS1;TNFRSF8;GLB1L2;IGFBP4;MXRA8;HSPB6;ISLR;THY1;ADAMTS4;IGFBP2;GGT5;CHI3L2;CYP1B1;CHRD",0.6193963073506591,1,,
"GAO_LARGE_INTESTINE_ADULT_CA_ENTEROENDOCRINE_CELLS",219,0.14693719039383066,0.8009032424646763,0.9574468085106383,1,"FTX;NCKAP5;CES1;AKAP6;KL;ABAT;GPRASP1;CEP126;DZIP3;CHGB;PCLO;SCN3A;SLC25A27;TMEM63C;TPH1;LCN15;VAT1L;FRY;THSD7A;SETBP1;KCNH8;RAPGEF4;QPCT;ALKAL1;CACNA1D;MAP1B;ALPK3;SMARCA1;GNAO1;CADPS;CACNA2D1;SEMA3G;NPY1R;SPART;AOAH;NFASC;MAP9;SLC38A11;MAP6;ANK2;SCRN1;CXXC4;SYT1;NBEA;TRAM1L1;HDAC9;MAPRE3;PTK7",0.9834795798718741,0.7368688150215681,,
"GAO_SMALL_INTESTINE_24W_C9_ENTEROENDOCRINE_CELL",36,-0.18634596080203716,-0.6303569634645364,0.9582132564841499,1,"TOE1;METTL1;RPL23AP82;POMGNT2;MSC;NANOS1;ARSI",-0.4271213214598865,1,,
"ZHENG_CORD_BLOOD_C1_PUTATIVE_MEGAKARYOCYTE_PROGENITOR",85,0.15236973146432797,0.7262123135924984,0.9587628865979382,1,"PDE3A;DNM3;LGALSL;ITGA6;LTBP1;DAAM1;NID1;MFAP3L;GABRE;ARHGAP18;VCL;CAVIN2;KALRN;CCND1;MYLK;SLC44A1;SELP;ABCC3;CALD1;CLU;ABCC4",0.9449486319310237,0.7343406593406594,,
"DESCARTES_FETAL_KIDNEY_STROMAL_CELLS",100,0.1514913300202147,0.7455900563521035,0.96045197740113,1,"COL14A1;TNFSF11;WNT2B;ADAMTSL3;LUZP2;ABCA8;DKK2;FOXP2;OGN;SCARA5;CHRDL1;SLC6A4;COL12A1;NRXN2;SPARCL1;AGT;IGFN1;NGFR;LTBP2;FNDC1;ISLR2;SLC22A3;FBN1;FGF18;PRELP;MXRA5;LPL;GREM1;FIBIN",1.080333659708697,0.448103890973731,,
"HE_LIM_SUN_FETAL_LUNG_C0_ADVENTITIAL_FIBROBLAST",64,0.16105778499085682,0.7168207357920436,0.9617021276595744,1,"TRIO;WNT2B;ADAMTSL3;TNXB;SCARA5;CHRDL1;GFRA1;SSC5D;EMP1;FLRT2;COL12A1;DPYSL3;CD34;FZD4;GXYLT2;PRELP;MXRA5;FIBIN;NAV3;PID1;EPHB2;ADAM33;RASSF2;C1QTNF3",1.1063909966727246,0.4013045160577082,,
"GAO_STOMACH_24W_C5_PUTATIVE_PIT_CELL_PROGENITOR",48,0.16251026102737542,0.676257051317063,0.9625468164794008,1,"RPRD1B;DIXDC1;NRXN3;LDB3;SMG8;LRRFIP2;TMEM47;MVB12B;SLC24A3;SLC2A4;NFIX;BCL11A;LAMA5;SETD1B;DHX35",1.0025710755243429,0.6000991899487519,,
"DESCARTES_FETAL_HEART_SCHWANN_CELLS",31,-0.18295530180512265,-0.5963026926116878,0.9655688622754491,1,"METRN;RHEBL1;TFAP2A;GINS3;CLDN14;ARTN;ST6GALNAC2;KCNJ10;S100B",-0.6212675697463941,0.9952342398704597,,
"HAY_BONE_MARROW_CD34_POS_PRE_PC",93,0.15446612183909286,0.7510204258041097,0.9662921348314607,1,"CHD9;GAB1;TOP2B;SEC63;HHIP;LUC7L3;NAV1;ZNF608;MTF2;MLXIP;MYO5C;HHIP-AS1;AKAP12;RAG1;MME;TP53INP1",0.7808917308389295,0.9933920704845816,,
"DESCARTES_MAIN_FETAL_INTESTINAL_EPITHELIAL_CELLS",67,0.15926516884642639,0.7177947784073129,0.968609865470852,1,"ZBTB38;POFUT1;LINC01594;PGPEP1;LCN15;ACSL5;SLC26A3;PRKG2;LPGAT1;LINC01123;SI;DEFA5;VIL1;C3orf85;DEFA6;APRG1;CEACAM19;CLCA1;WHAMM;TINAG;R3HDML;SLC17A4;MUC12;ANKRD40CL",-0.5988589027933502,1,,
"DESCARTES_FETAL_PANCREAS_VASCULAR_ENDOTHELIAL_CELLS",49,-0.17089505859316884,-0.6143074257686758,0.9690860215053764,1,"CD320;IFI27;EXOC3L1;ADM5;CD109;FCN3;BTNL9;SEMA6B;TMEM88;FAM167B;PLVAP;ALPL;APLN;SOX17",0.8189253378838144,0.9624274263830414,,
"HE_LIM_SUN_FETAL_LUNG_C3_DEFINITIVE_RETICULOCYTE",83,-0.173469940793819,-0.6857161737807325,0.9691358024691358,1,"HMBS;UBAC1;TANGO2;MFSD2B;ATG4D;GMPR;PLEK2;PRR5;HBB;IBA57;TESC;SMOX;TFR2;TMEM86B;TSPO2;ANK1;SIAH2;PPME1",-0.8717349824890038,0.8459043383175043,,
"DESCARTES_FETAL_ADRENAL_CHROMAFFIN_CELLS",37,0.1712725299030166,0.6778168149324268,0.9705882352941176,1,"PLXNA4;MAP1B;HECW1;CCND1;KRTAP5-AS1;REEP1;TMEM35A;RYR2;SLC44A5;SCUBE1;GREM1",0.8950990065812264,0.8231669606248712,,
"TRAVAGLINI_LUNG_NEUROENDOCRINE_CELL",91,-0.1694502732956737,-0.682637142390814,0.9710843373493976,1,"PRDX2;NENF;SSR4;HAGH;ENO2;HLA-A;PITX1;SOD3;SEC11C;DIRAS3;NPDC1;PTMS;PODXL2;AKR1B1;HOXB2;IL17RB;TNFRSF11B;APLP1;MB;UCHL1;CIRBP;RASD1;PCSK1N;SLC35G2;CHST1;TMEM176B;PTPRN;STMN1;ATP6V0E2;SCG5;PHGR1",-0.5948579057780337,1,,
"DESCARTES_FETAL_SPLEEN_MESOTHELIAL_CELLS",157,0.1410359100491197,0.7459658583650144,0.9739130434782609,1,"ADGRL3;PATJ;SEMA3C;HHIP;ANKRD50;PPP1R3B;ILDR2;CGN;WNT2B;NEBL;FENDRR;NEK5;BMP3;TUFT1;FOXF1;DSG2;VAT1L;NPNT;GLP2R;SGIP1;CAPN6;HHIP-AS1;OGN;CHRDL1;ID4;ADAMTS8;SGO2;CGNL1;PAPPA;KLF5;NFASC;COL8A1;CXADR",0.8300873981347303,0.9933728981206726,,
"DESCARTES_FETAL_PANCREAS_DUCTAL_CELLS",81,-0.1709368822731126,-0.6744163564117094,0.974009900990099,1,"NRTN;TMPRSS3;PLPP2;DEGS2;LAMA1;S100A14;SYT8;PTPRU;NEURL3;FUT3;GREP1;PRSS22;RHOV;GMNN;LINC02532;FUT6;LYPD6B;CAPS;PPP1R1B;FOLR1;KCNJ15",-0.814312159137224,0.9313207281516376,,
"DESCARTES_FETAL_HEART_SMOOTH_MUSCLE_CELLS",32,-0.16836158192090395,-0.5558561537014178,0.976401179941003,1,"NDUFA4L2;C11orf96;COX4I2;TMEM74B;KCNJ8;FOXS1;RGS16;ACTA2;TAGLN;CYGB;HIGD1B;LGR6;PLA2G5;ACTG2;ENPEP;THBS4;OR51E1;KCNAB1;NOTCH3;ARHGEF17;LMOD1;PDGFRB;ABCC9;ILDR1;AOC3;SEMA5B;AGT;FOXL1;GPR20;CARMN;ACTA2-AS1;MYH11",0.9224378770966938,0.7604611026083559,,
"HE_LIM_SUN_FETAL_LUNG_C2_BASOPHIL_CELL",95,0.14640433249050233,0.7120021404355045,0.9767441860465116,1,"PDE3B;ANKRD28;EPC2;ELP1;ZNF429;FRY;MCTP2;EIF2AK3;SPTBN1;RCAN3;KIF21B;AKAP12;HDC;TTN;ADAM19;IKZF2;KLF5;ALS2;MYB;CPA3;SLC18A2;SPMIP5;TNIK;PIGA;NMT2;PABIR3;KIF13A;ETS1",0.7555300582204615,0.9952342398704597,,
"CUI_DEVELOPING_HEART_LEFT_ATRIAL_CARDIOMYOCYTE",17,-0.18374991753302247,-0.5286618800660928,0.9781931464174455,1,"CALB2;TESC;GPX3",0.6911486989908213,0.9903964890031038,,
"HU_FETAL_RETINA_FIBROBLAST",369,0.15394703816501648,0.8763799362571426,0.9803921568627451,1,"ROCK2;PTCH1;EML4;PLEKHH2;IGF2;ERBIN;PCDH18;LUZP1;SVIL;COL4A5;LAMC1;HMCN1;NUDT4;DOCK1;IQGAP1;UACA;EGFR;ADD3;TJP1;SMARCA2;DAB2;FBN2;PLEKHG1;CAST;GOLIM4;EPB41L2;PDGFRA;RBMS3;LAMA4;ITGB1;PRKAR1A;AHNAK;NID1;EMCN;CCNL1;TCF4;RBMS1;COL21A1;EPHA3;EPS8;OLFML3;GNG12;PIEZO2;UTRN;DLC1;PLPP3;HIF3A;SMARCA1;DKK2;COL4A1;FOXP2;SYNPO2;NHS;ARHGAP28;C6orf89;OGN;SCARA5;DDR2;MIR99AHG;ETS2;PRSS23;MEF2C;IGFBP5;MYLIP;ANTXR1;CREB5;WASF2;LIMA1;SNED1;MYH9;CDC42EP3;AMOTL1;HAS2;GUCY1A1;ANGPT1;F2R;IL6ST;NOTCH2;CALD1;CPED1;FRMD4A;LAMB1;COL6A3;KCNQ1OT1",1.2158416238395497,0.025235957375521798,,
"DESCARTES_FETAL_MUSCLE_LYMPHATIC_ENDOTHELIAL_CELLS",54,0.15578696921096324,0.66992600988002,0.98046875,1,"GCOM1;PROX1;PCLO;TMEM63C;ARL4A;KLHL3;RAPGEF4;KBTBD11;TSPEAR;CXADR;MYZAP;ANKRD36BP2;SLC39A14;RASSF9;CELSR1;KLHL4;ZNF436-AS1",0.818014110989875,0.9588998523813225,,
"HAY_BONE_MARROW_CD34_POS_PRE_B",83,-0.16500531546772446,-0.6522560223300793,0.9814814814814815,1,"TAX1BP3;TRABD;EIF3F;NSMCE1;UBXN1;SNHG7;ERP29;CHLSN;LIMD2;C16orf74;DDX54;TM7SF2;AMBP;TMEM38A;FMO1",0.7107020768411013,0.9952342398704597,,
"MURARO_PANCREAS_EPSILON_CELL",40,-0.16234929348009516,-0.5575531711071209,0.9828571428571429,1,"TRNP1;SERPINB6;DIRAS3;CDKN2A;TM4SF5;TM4SF4;PEG10;SPON2;SERPINA1;FFAR4;SUCNR1;TMEM45B;ACSL1;ANXA13;PHGR1",-0.667745222416437,0.9933920704845816,,
"GAO_SMALL_INTESTINE_24W_C2_PROCRPOS_PROGENITOR",21,-0.17266064437354203,-0.5238964711996333,0.9846153846153847,1,"PRAF2;CUEDC2;RCN3;PCOLCE",-0.38088011434203484,1,,
"GAO_LARGE_INTESTINE_24W_C5_LGR5POS_STEM_CELL",60,0.14652026021809855,0.6468835916300274,0.9877049180327869,1,"PLAGL2;ATP10B;SULT1B1;SLC38A4;MYOM3;CFTR;PLEKHH1;SOX9;ACVR1C;LGR5",-0.6534599258693928,0.9952342398704597,,
"DESCARTES_FETAL_STOMACH_NEUROENDOCRINE_CELLS",22,0.16847252515835587,0.579439532449966,0.9886363636363636,1,"MEGF11;TPH1;HDC;SLC38A11;CHGA",-0.5878505493152528,0.9952342398704597,,
"GAO_LARGE_INTESTINE_24W_C1_DCLK1POS_PROGENITOR",95,-0.15358128342027974,-0.6213956225959523,0.9903614457831326,1,"HAPLN3;NNMT;GBP1P1;IFI6;CLEC11A;ICAM1;GBP1;IFIT3;TNFAIP6;MX1;RCN3;SPON1;AZIN2;PCOLCE;SPON2;PDGFRL;CCL2;CSF1;SRPX;IFIT2;VASN;CTHRC1;CERCAM;LOX",0.7953640950129575,0.9933920704845816,,
"DESCARTES_FETAL_LUNG_NEUROENDOCRINE_CELLS",54,-0.15276145984536443,-0.5549693300273741,0.9906166219839142,1,"SEC11C;RHBDL1;MAOB;TFF1;RAB26;KLK12;SLC18A1;GPX2;RASD1;SMIM32;ACSL1;FIBCD1;CACNA1A;PHGR1;ASCL2;CHRD;HES6;NR0B2;TMEM198;CA8;NDUFB2-AS1;SYT13;RIMKLA;VGF;GRP;PCSK1;COL22A1;KSR2",-0.72636682741333225,0.9880813953488373,,
"DESCARTES_MAIN_FETAL_SMOOTH_MUSCLE_CELLS",38,0.14615032412765516,0.5824512264193538,0.993421052631579,1,"GJC1;SEPTIN7P2;MYH11;ACTA2-AS1;CARMN;MYLK;GPR20;COL6A3;CNTNAP1;AOC3;ABCC9;ADCY3;LAMC3;PDGFRB;EBF2;TBX2",1.202903647433324,0.2496225315055387,,
"HE_LIM_SUN_FETAL_LUNG_C7_LATE_SCHWANN_CELL",87,-0.1589070261563372,-0.632922178232759,0.9938949938949939,1,"VAMP5;DNASE2;IFITM2;EMP3;SHFL;CDC42EP5;RGS10;S100A11;RNASE1;IGFBP7;FSTL3;MARCHF3;FADS3;RAB20;TPBG;PTX3",0.7696560033019866,0.9933728981206726,,
"CUI_DEVELOPING_HEART_C4_ENDOTHELIAL_CELL",146,-0.14542785369724723,-0.6218696169784725,0.9943117178612059,1,"VAMP5;NICOL1;LY6E;S100A16;HYAL2;IFITM2;RHOC;PLK2;NECTIN2;HLA-E;SLC27A3;SNCG;EFNA1;SPINT2;CLIC1;FXYD5;PROCR;C1orf54;ANGPTL4;ECSCR;COLEC11;CAV2;NPDC1;EGFL7;TNFRSF1A;GJA4;GMDS;MGST2;INPP1;TMEM88;FOXC1",0.9007525090111899,0.9191791304347826,,
"DESCARTES_FETAL_HEART_MEGAKARYOCYTES",73,-0.14632504741301885,-0.563837973034989,0.9949367088607595,1,"NRGN;MFSD2B;TUBA4A;HPSE;LYL1;PLEK;CMTM2;TMEM91;LCN2;CXCR2P1;ACRBP;CXCL5;RAB27B;SERPINE1;RUFY1;CISH",-0.627367899177774,1,,
"GAO_LARGE_INTESTINE_24W_C10_ENTEROCYTE",51,0.14146542268176177,0.5997386043672779,0.9961389961389961,1,"NBEAL1;RNPC3",-0.5802765377886012,1,,
"DESCARTES_FETAL_EYE_STROMAL_CELLS",76,-0.14057528125498067,-0.5457965453789175,0.9962264150943396,1,"SOCS1;TNFSF9;SELENOM;IGFBP6;PRRX2;TNFAIP6;KDELR3;EGFL6;CREB3L1;LTBP4;RNASE4;PCOLCE;PDGFRL;COL6A2;VASN;TWIST2;CTHRC1;LOX;TWIST1;ISLR;PTHLH;ADAMTS4;FMOD;COL6A1;TRABD2B;ADAMTS2;CHRD;SPARC",0.8874176093462832,0.8395061728395062,,
"DESCARTES_FETAL_LUNG_LYMPHATIC_ENDOTHELIAL_CELLS",41,-0.13689444082925126,-0.4717759563891143,0.9971428571428571,1,"HAPLN3;SLC27A3;GJD3;PARD6G;PTX3;UNC5A;HOXD3;PLIN5;CTHRC1;LOX;HOXD4",0.7578433531831843,0.9880813953488373,,
"AIZARANI_LIVER_C21_STELLATE_CELLS_1",191,-0.12953101457453015,-0.5685877446454194,1,1,"DYNLL1;CAVIN3;HLA-DRB1;LGALS1;IFITM3;TIMP1;CD63;CEBPD;LMNA;CD81;IFITM2;HSPB1;SOD3;RRAS;CITED2;C11orf96;MT1M",1.173474015981458,0.1692229072179659,,
"DESCARTES_FETAL_CEREBRUM_ASTROCYTES",81,0.11008132001402758,0.5114390997443549,1,1,"SPATA13;CFAP126;HHIP;EGFR;NEK5",0.6011915796916517,1,,
"DESCARTES_FETAL_LIVER_HEPATOBLASTS",285,-0.13491979634823958,-0.6088392084779155,1,1,"F12;MT2A;CP;MT1X;APOC1;MT1E;ANG;APOE;ALDOC;TMEM54;VMA12;ASS1;PDCD1;CPS1;MT1M;GLTPD2;AMN;SMOC1;REEP6;ABCG5;PEBP1;ATF5;PCSK9;SERPINA5;RBP4;GLS2;GJB2;MT1F;TM7SF2;SLC25A18;CCT8P1;AMBP;MAOB;CFB;FBP1;RAB26;TM4SF4;SLC6A12;SERPINF2;BDH1;CLDN14;PRAP1;GJB1;PEG10;LDHD;ASGR2;APOM;MT1G;MTTP;HSD17B2;KLB;MGST1;DHCR7;RNASE4;LINC02532;C4BPB;IL17RB;ABCG8;SERPINA1;DUSP9;FFAR4;ALDOB;GLUD1;DBI;TDO2;GPT;VSNL1;MST1L;MT1H;SLCO1B3;PNPLA3;AZGP1;LINC01843;FGFR4;FOXA2;SNORC;TMEM139;KLF15;SUGCT;KIF12;SLC7A2",-0.7556561626983515,0.9961884433602683,,
"DESCARTES_FETAL_LIVER_MESOTHELIAL_CELLS",217,-0.13777905336046867,-0.607670485847137,1,1,"KRT7;HCFC1R1;CAVIN3;CTXN1;EPHB6;PLLP;CRIP1;RASSF7;RRAD;CYSTM1;TGM1;PDZK1IP1;MAD2L1BP;PLA2G2A;LMO4;KRT18;TMEM132A;SLPI;GAS6;C1QL1;CLIC3;PROCR;CA9;KRT19;CBX8;TNNT1;PTPRU;UPK3B;KLK11;PDLIM4;TPBG;ACOXL;CDH3;EZR;PNMA2;RAB34;FAHD2B;NBL1;FOXC1;SEZ6L2;OSR1;EMP2;PDGFRL;STK31;ADGRB2;S100A10;GAS1;MPP2;DPP4;ITGA3;CSPG5;KCNJ15;GFPT2;ARHGEF4;B4GALNT4;ANKRD13B;CYP4X1;LOX;EPS8L1;ELFN1;TAF1A-AS1;MSLN;ARL4D;CA11;PHLDA3",0.6946200603592348,1,,
"DESCARTES_FETAL_MUSCLE_STROMAL_CELLS",62,-0.11612141190352833,-0.4325629781123736,1,1,"WNT10B;IGFBP6;DNASE1L2;KDELR3;EGFL6;CBLN3;LINC02323;OSR1;PCOLCE;SPON2;PDGFRL",0.8805391361560657,0.8395061728395062,,
"DESCARTES_FETAL_PLACENTA_MEGAKARYOCYTES",162,0.1349915516795844,0.717182916662929,1,1,"TSPAN32;RFFL;DNM3;LGALSL;CNST;ANKRD40;ZNF431;ZMYND8;C11orf21;NLK;DAAM1;LINC00667;CDC14B;PLEKHA8P1;KATNAL1;VCL;TSPOAP1-AS1;MAVS;CAVIN2;STXBP5;DENND2C;ATP2C1;STON2;PLA2G12A;LRRC8B;MDM1;RELCH;MPIG6B;ITGB3;ANGPT1;SELP;XRCC2;ABCC4;ZBED4;PRELID2;EGF;TNIK;LIMS1;MKRN2;CRACD;RFXAP",0.8540581126532565,0.9880813953488373,,
"DESCARTES_FETAL_STOMACH_MUC13_DMBT1_POSITIVE_CELLS",83,-0.12114241826598171,-0.4788686452290182,1,1,"MT2A;PRSS3;CPS1;AMN;MELTF;MT1F;RBP2;BAIAP2L2;OTC;MT1G;MTTP;HSD17B2;DMBT1;KHK;CDX1;ALDOB;MUC3A;GPD1;SLC6A20;MT1H;TM4SF20;MALRD1;GCNT3",-0.7630095164249432,0.9880813953488373,,
"DESCARTES_FETAL_THYMUS_STROMAL_CELLS",133,0.12077813308706603,0.6229670543892476,1,1,"IGF2;SEMA3C;COL14A1;HCG11;FBN2;ADAMTSL3;PDGFRA;SERPINE2;GJC1;NCAM1;LRP1;OLFML3;NOVA1;ELN;OGN;SCARA5;SSC5D;GPC3;IGFBP5;NCAM2;COL12A1;FNDC1;ZDBF2;ARMCX2;FKBP14;SFRP1;FBN1;MFAP4;ITGB8;GXYLT2;FAM227A;FGF18",0.957416749589647,0.7962633788434628,,
"DESCARTES_MAIN_FETAL_MICROGLIA",135,-0.13612262634291022,-0.5752522511150986,1,1,"SLC2A5;TREM2;FCGR1A;SPP1;HAVCR2;TMIGD3;AP1B1;SLC11A1;GPN3;TNF;FCGR3A;CAPZB;ALOX5AP;NAA20;GPR84;LILRB4;VSIG4;ATG7;FCGR2A;DAGLB;LINC01094;FPR1;GAPLINC;TRPM2;PTAFR;AZIN2;GAL3ST4;MKNK1;PLA2G15;LPAR5;ITGAX;SMAP2;APBB1IP;LY86;SLC29A3;SUCNR1;CEACAM21;SIGLEC10;RHBDF2;TMEM273;IFNGR1;CSF2RA;SIGLEC8;KCNK13;HMGA1P4;IL17RA",0.7734294198963036,0.9983139442918567,,
"HE_LIM_SUN_FETAL_LUNG_C1_MUC5AC_POS_ASCL1_POS_PROGENITOR_CELL",43,-0.13053058349141772,-0.45487932658811775,1,1,"PLLP;G0S2;MUC5AC",-0.4745572307401589,1,,
"HE_LIM_SUN_FETAL_LUNG_C1_PULMONARY_NEUROENDOCRINE_CELL",179,0.12767754873372705,0.6872914522770671,1,1,"TACC2;PROX1;FAM13C;INHBB;NEBL;PDGFD;CHGB;NEGR1;CACNB2;SCN3A;CAMK1D;CHN2;RUNX1T1;RAPGEF4;QPCT;MAP1B;DACH1;MEG3;RGS17;TOX3;RASA4B;CADPS;CACNA2D1;JAM3;TMOD2;DTNA;MAP6;ANK2;TRMT9B;CXXC4;CACNA1H;DPYSL3;SYT1;CASZ1;RETREG1;ARFGEF3;MAPRE3;OTULINL;SRGAP1;GDAP1;CHGA;PRUNE2;ANKH;GNG4;SYT11;ROBO1",0.7287368299076531,1,,
