"pathway","size","ES","NES","pval","padj","leading_edge","NES_no_cov","padj_no_cov","robust_no_covariate","collapsed_main"
"REACTOME_TRANSLATION",366,-0.6389842896091122,-2.9397896412763775,3.420392824605233e-55,3.711126214696678e-52,"MRPL2;PSMB6;PSMA6;MRPL43;PSMB4;MRPL55;MRPS34;UBA52;UFD1;FAU;MRPS2;PSMB3;PSMC3;MRPL27;GADD45GIP1;MRPL28;RPS5;MRPL41;RPN1;PSMB5;UBB;MRPL54;RPL18A;MRPL17;EIF2B2;PSMB1;ELOB;TUFM;WARS1;RPS14;MRPS26;MRPS24;MRPL12;SSR2;RPS15;RBX1;RPL28;MRPS18A;MRPS12;RPL18;MRPL23;RPS16;MRPS18C;EIF3K;PSMD8;PSMB7;MRPL4;MRPL21;SSR4;MRPL22;PSMD13;RPS21;MRPS11;MRPL52;RPLP2;RPS10;RPS2;MRPL20;RPS8;AURKAIP1;RPL26L1;RPL8;RPLP0;PSMC5;MRPL14;EIF4EBP1;CHCHD1;EIF3F;RPL26;RPS9;RPL13;MRPL40;EIF3I;RPS11;PSMA5;RPL36;RPS15A;RPS3;MRPS7;MRPL11;RPS18;TRMT112;MRPL34;RPS28;RPL35;RPS23;RPS13;RPL27;EIF3G;NDUFAB1;MRPL58;MRPS15;FARS2;SEC61B;PSMC4;APEH;PSMA1;MALSU1;MRPL36;DDOST;RPLP1;PSMB2;RPL7A;RPS29;MRPL16;RPL29;RPSA;RPL37;MRPL18;MRPL38;RPL17;RPL36AL;EIF3D;ADRM1;RPL10A;MRPL37;RPS19;FARSA;SRPRB;MRPS28;RPL22L1;RPL13A;RPL3;MRPL10;PSMC2;RPS6;MRPL51;RPL27A;RPL23A;MRPS18B;MRPL49;MRPL24;PSMD2;MRPS5;MRPL57;RPL38;MRPL9;EIF2B4;RPS26;PSMD14;OXA1L;RPL34;HARS1;ERAL1;RPS12;PSMA7;PSMA3;PELO;SEC61G;SARS2;RPL9;SRP14;RPL10;RPL35A;EEF2;UBC;MRPL48;RPS3A;MRPL46;MRPS14;RPL19;RPL5;ELOC;RPS4X;RPL41;EEF1A1;VARS1;MRPS16;QARS1;AIMP2;EIF2B1;SEC11C;PSMD3;SEC61A1;RPL30;RPL37A;RPL15;SPCS1;PSMA4;RPL31;RPL12;SPCS2;EEF1B2;MRPL32;MRPS22;MRPS23;MRPL39;MRPL15;AARS2;SEM1;MARS1;MRPL47;TSFM;MRPS6;PSMD7;RPS27A;EIF2B3;DAP3;MRPL13;ASCC2;MRPS21;MRPS33;RPL24;EIF2B5;VCP;SSR3;EEF1D;RPL32;SEC11A;UBE2D2;RPL11;RPL39L;PPA2;TCF25;YARS2;RCHY1;KARS1;MRPS25;MTRFR;CARS1;MRPS27;MRPS35;PARS2;EEF1E1;PPA1;WARS2;MRPL44",-2.9351322350359794,6.421967481641343e-53,TRUE,
"REACTOME_AEROBIC_RESPIRATION_AND_RESPIRATORY_ELECTRON_TRANSPORT",249,-0.620401708818006,-2.7687737742450453,2.028610443732108e-33,1.1005211657246686e-30,"NDUFA11;UQCR10;NDUFS7;COX8A;UQCC3;NDUFB10;NDUFA9;ATP5ME;ATP5MF;COX6A1;SDHA;SLC25A11;UBA52;NDUFA6;NDUFB8;NDUFA13;NDUFA2;COX4I1;SDHAF2;NDUFB7;UQCR11;CSKMT;SCO2;NDUFS3;CYC1;NDUFS5;ATP5F1D;NDUFS8;ATP5MJ;UBB;ETFB;UQCRC1;UQCRHL;ATP5PO;UQCRQ;COX14;IDH3G;ATP5MG;NDUFA3;PET100;FOXRED1;NDUFA12;COX5B;NDUFB1;NDUFS6;SURF1;COX7B;NDUFV1;RAB5IF;HIGD2A;COX7A2;NDUFAF8;TACO1;PKM;COX6B1;SDHAF1;NDUFAF3;NDUFC1;HAGH;MAEA;NDUFB9;NDUFAB1;COA3;TMEM223;DMAC1;ECSIT;GSTZ1;COX5A;ATP5F1B;PGAM5;NDUFB2;SLC25A22;UQCRH;ATP5F1A;ATP5MC1;UQCC2;DMAC2;NDUFA8;COX7C;NDUFA1;SDHB;IDH3B;NDUFS2;ATP5MC3;COQ10A;NDUFB11;ATP5MC2;TMEM126A;COX7A1;UQCC5;FH;TIMM21;MPC1;ATP5F1C;SLC25A4;HSCB;NDUFB6;OXA1L;MDH2;LDHA;NDUFS4;NDUFAF1;LYRM4;TRAP1;ACAD9;GOT1;ATP5PD;ISCA2;DLST;UBC;NDUFV3;NDUFB4;NDUFAF5;IDH2;RMND5B;UQCRC2;ATP5PB;UQCRFS1;COX6C;NDUFA4;FAHD1;TMEM186;BCS1L;COX4I2;COX16;PDHB;ATP5PF;ISCU;RPS27A;GOT2;SDHAF3;TMEM177;SMIM20;ATP5MK;SIRT3;COX7A2L;SIRT4;SLC25A18;TIMMDC1",-2.8061669246582066,5.773148002572165e-34,TRUE,
"REACTOME_METABOLISM_OF_AMINO_ACIDS_AND_DERIVATIVES",318,-0.5610137169310588,-2.5546715376016738,2.000574103974515e-29,7.235409676041162e-27,"PSMB6;PSMA6;PSMB4;UBA52;IDO1;FAU;PSMB3;PSMC3;RPS5;PSMB5;OAZ1;RPL18A;TXN2;PSMB1;RPS14;RPS15;RPL28;RPL18;RPS16;PSMD8;PSMB7;PSMD13;BCKDK;RPS21;BCKDHA;RPLP2;RPS10;GRHPR;RPS2;RPS8;RPL26L1;RPL8;RPLP0;PSMC5;RPL26;RPS9;ETHE1;RPL13;SRM;RPS11;PSMA5;NMRAL1;RPL36;RPS15A;RPS3;RPS18;RPS28;RPL35;PXMP2;ECHS1;RPS23;RPS13;RPL27;PSMC4;PSMA1;RPLP1;MPST;PSMB2;RPL7A;RPS29;GSTZ1;HSD17B10;RPL29;IL4I1;RPSA;RPL37;RPL17;RPL36AL;SLC25A10;EEFSEC;ADRM1;RPL10A;PCBD1;RPS19;QDPR;NNMT;RPL22L1;BCAT2;SDSL;PAOX;PYCR3;PRODH;RPL13A;GCDH;RPL3;PSMC2;RPS6;RPL27A;PYCR2;RPL23A;PSMD2;RPL38;TSTD1;RPS26;PSMD14;ASS1;RPL34;RPS12;PSMA7;KYNU;PSMA3;SQOR;PYCR1;CPS1;RPL9;GOT1;RPL10;RPL35A;AHCY;DLST;RPS3A;SDS;RPL19;RPL5;RPS4X;RPL41;NAGS;QARS1;AIMP2;OAZ3;ADI1;PSMD3;RPL30;RPL37A;RPL15;SHMT1;ENOPH1;PSMA4;RPL31;RPL12;TST;ASRGL1;CKMT1A;ASL;SEM1;MARS1;PSMD7;RPS27A;SMOX;GLS2;GOT2;ODC1;NAT8L;RPL24;SERINC2;RPL32;CRYM;KMO;RPL11;RPL39L;TP53",-2.571444533462204,1.1421807474671936e-28,TRUE,
"REACTOME_RESPIRATORY_ELECTRON_TRANSPORT",155,-0.6762655735096987,-2.8954909315573323,4.002989720735791e-29,1.0858109617495833e-26,"NDUFA11;UQCR10;NDUFS7;COX8A;UQCC3;NDUFB10;NDUFA9;COX6A1;SDHA;SLC25A11;NDUFA6;NDUFB8;NDUFA13;NDUFA2;COX4I1;NDUFB7;UQCR11;SCO2;NDUFS3;CYC1;NDUFS5;NDUFS8;ETFB;UQCRC1;UQCRHL;UQCRQ;COX14;NDUFA3;PET100;FOXRED1;NDUFA12;COX5B;NDUFB1;NDUFS6;SURF1;COX7B;NDUFV1;RAB5IF;HIGD2A;COX7A2;NDUFAF8;TACO1;COX6B1;NDUFAF3;NDUFC1;NDUFB9;NDUFAB1;COA3;TMEM223;DMAC1;ECSIT;COX5A;NDUFB2;SLC25A22;UQCRH;UQCC2;DMAC2;NDUFA8;COX7C;NDUFA1;SDHB;NDUFS2;COQ10A;NDUFB11;TMEM126A;COX7A1;UQCC5;TIMM21;HSCB;NDUFB6;OXA1L;MDH2;NDUFS4;NDUFAF1;LYRM4;TRAP1;ACAD9;GOT1;NDUFV3;NDUFB4;NDUFAF5;UQCRC2;UQCRFS1;COX6C;NDUFA4;TMEM186;BCS1L;COX4I2",-2.914558876399866,2.3505510903796374e-28,TRUE,
"REACTOME_SRP_DEPENDENT_COTRANSLATIONAL_PROTEIN_TARGETING_TO_MEMBRANE",110,-0.7251448310799274,-2.9720738690753468,8.174551982769851e-29,1.7738777802610576e-26,"UBA52;FAU;RPS5;RPN1;RPL18A;RPS14;SSR2;RPS15;RPL28;RPL18;RPS16;SSR4;RPS21;RPLP2;RPS10;RPS2;RPS8;RPL26L1;RPL8;RPLP0;RPL26;RPS9;RPL13;RPS11;RPL36;RPS15A;RPS3;RPS18;RPS28;RPL35;RPS23;RPS13;RPL27;SEC61B;DDOST;RPLP1;RPL7A;RPS29;RPL29;RPSA;RPL37;RPL17;RPL36AL;RPL10A;RPS19;SRPRB;RPL22L1;RPL13A;RPL3;RPS6;RPL27A;RPL23A;RPL38;RPS26;RPL34;RPS12;SEC61G;RPL9;SRP14;RPL10;RPL35A;RPS3A;RPL19;RPL5;RPS4X;RPL41;SEC11C;SEC61A1;RPL30;RPL37A;RPL15;SPCS1;RPL31;RPL12;SPCS2;RPS27A;RPL24;SSR3;RPL32;SEC11A;RPL11;RPL39L",-2.94232897414195,2.0664324085556104e-25,TRUE,
"REACTOME_REGULATION_OF_EXPRESSION_OF_SLITS_AND_ROBOS",153,-0.668466333261159,-2.849560214789158,9.920157997748255e-28,1.793895237926143e-25,"PSMB6;PSMA6;PSMB4;UBA52;FAU;PSMB3;PSMC3;RPS5;PSMB5;UBB;RPL18A;PSMB1;ELOB;RPS14;RPS15;RBX1;RPL28;RPL18;RPS16;PSMD8;PSMB7;PSMD13;RPS21;RPLP2;RPS10;RPS2;RPS8;RPL26L1;RPL8;RPLP0;PSMC5;RPL26;RPS9;RPL13;RPS11;PSMA5;RPL36;RPS15A;RPS3;RPS18;RPS28;RPL35;RPS23;RPS13;RPL27;EIF4A3;PSMC4;PSMA1;RPLP1;PSMB2;RPL7A;RPS29;RPL29;RPSA;RPL37;RPL17;RPL36AL;ADRM1;RPL10A;RPS19;RPL22L1;RPL13A;RPL3;PSMC2;RPS6;RPL27A;ROBO3;RPL23A;PSMD2;RPL38;RPS26;PSMD14;RPL34;RBM8A;RPS12;PSMA7;PSMA3;RPL9;RPL10;MAGOH;RPL35A;UBC;RPS3A;RPL19;RPL5;ELOC;RPS4X;RPL41;PSMD3;RPL30;RPL37A;RPL15;PSMA4;RPL31;RPL12;MAGOHB;RNPS1;SEM1;PSMD7;RPS27A",-2.884465811577399,2.6074082637604236e-27,TRUE,
"REACTOME_RIBOSOME_ASSOCIATED_QUALITY_CONTROL",142,-0.6888428295759246,-2.907860439988473,1.5241402531429938e-27,2.36241739237164e-25,"PSMB6;PSMA6;PSMB4;UBA52;UFD1;FAU;PSMB3;PSMC3;RPS5;PSMB5;UBB;RPL18A;PSMB1;ELOB;RPS14;RPS15;RBX1;RPL28;RPL18;RPS16;PSMD8;PSMB7;PSMD13;RPS21;RPLP2;RPS10;RPS2;RPS8;RPL26L1;RPL8;RPLP0;PSMC5;RPL26;RPS9;RPL13;RPS11;PSMA5;RPL36;RPS15A;RPS3;RPS18;RPS28;RPL35;RPS23;RPS13;RPL27;PSMC4;PSMA1;RPLP1;PSMB2;RPL7A;RPS29;RPL29;RPSA;RPL37;RPL17;RPL36AL;ADRM1;RPL10A;RPS19;RPL22L1;RPL13A;RPL3;PSMC2;RPS6;RPL27A;RPL23A;PSMD2;RPL38;RPS26;PSMD14;RPL34;RPS12;PSMA7;PSMA3;PELO;RPL9;RPL10;RPL35A;UBC;RPS3A;RPL19;RPL5;ELOC;RPS4X;RPL41;PSMD3;RPL30;RPL37A;RPL15;PSMA4;RPL31;RPL12;SEM1;PSMD7;RPS27A;ASCC2;RPL24;VCP;RPL32;UBE2D2;RPL11;RPL39L;TCF25",-2.9212580551624994,4.144622724359056e-27,TRUE,
"REACTOME_RRNA_PROCESSING",207,-0.6113693332656983,-2.682801404027553,1.7887853315661596e-26,2.426040105936604e-24,"EXOSC4;UBA52;FAU;MRM3;RPS5;RPL18A;SNU13;RPS14;RPS15;RPL28;RPL18;IMP3;RPS16;TSR3;RPS21;RPLP2;NOP10;RPS10;RPS2;RPS8;EMG1;RPL26L1;RPL8;RPLP0;EXOSC7;RPL26;RPS9;RPL13;RPS11;RPL36;RPS15A;RPS3;RPS18;TRMT112;RPS28;PES1;RPL35;RPS23;ELAC2;RPS13;RPL27;IMP4;WDR18;DDX49;TBL3;NOB1;RPLP1;RPL7A;RPS29;TRUB2;HSD17B10;RPP21;RPL29;RPSA;NHP2;RPL37;EXOSC3;RPL17;RPUSD3;RPL36AL;FBL;RPL10A;RRP7A;RPS19;RPP38;RPL22L1;RPL13A;RPL3;RPS6;RPL27A;RPL23A;SENP3;RRP36;EBNA1BP2;RRP9;EXOSC2;RPL38;RCC1L;NOC4L;RPS26;RPL34;EXOSC1;RPS12;BYSL;RPL9;RPUSD4;RPL10;RPL35A;RPS3A;BOP1;EXOSC5;RPL19;RPL5;RPS4X;RPL41;WDR46;RRP1;BUD23;RPL30;RPL37A;RPL15;RPL31;RPL12;RPP25",-2.6343629345046606,8.392457043418339e-23,TRUE,
"REACTOME_EUKARYOTIC_TRANSLATION_ELONGATION",90,-0.7415421336439215,-2.9356837818121186,2.5154707383722133e-24,3.0325397234820574e-22,"UBA52;FAU;RPS5;RPL18A;RPS14;RPS15;RPL28;RPL18;RPS16;RPS21;RPLP2;RPS10;RPS2;RPS8;RPL26L1;RPL8;RPLP0;RPL26;RPS9;RPL13;RPS11;RPL36;RPS15A;RPS3;RPS18;RPS28;RPL35;RPS23;RPS13;RPL27;RPLP1;RPL7A;RPS29;RPL29;RPSA;RPL37;RPL17;RPL36AL;RPL10A;RPS19;RPL22L1;RPL13A;RPL3;RPS6;RPL27A;RPL23A;RPL38;RPS26;RPL34;RPS12;RPL9;RPL10;RPL35A;EEF2;RPS3A;RPL19;RPL5;RPS4X;RPL41;EEF1A1;RPL30;RPL37A;RPL15;RPL31;RPL12;EEF1B2;RPS27A;RPL24;EEF1D;RPL32;RPL11;RPL39L",-2.957758990545754,1.434437162564389e-23,TRUE,
"REACTOME_CELLULAR_RESPONSE_TO_STARVATION",149,-0.64896410948166106,-2.761133385747922,5.6184436031756915e-24,6.096011309445625e-22,"ATP6V0B;UBA52;FAU;RPS5;SEC13;LAMTOR5;MLST8;WDR24;RPL18A;RPS14;RPS15;RPL28;LAMTOR4;RPL18;NPRL2;RPS16;LAMTOR1;ATP6V1F;RPS21;RPLP2;RPS10;RPS2;RPS8;RPL26L1;RPL8;RPLP0;RPL26;RPS9;RPL13;RPS11;RPL36;RPS15A;RPS3;RPS18;RPS28;RPL35;RPS23;ATP6V0E1;RPS13;RPL27;LAMTOR2;ATP6V0D1;RPLP1;RPL7A;RPS29;RPL29;RPSA;RPL37;RPL17;RPL36AL;RPL10A;RPS19;RPL22L1;RPL13A;KPTN;RPL3;RPS6;RPL27A;RPL23A;TCIRG1;RPL38;RPS26;RPL34;RPS12;ATP6V1E1;RPL9;RPL10;NPRL3;RPL35A;RPS3A;RPL19;RPL5;RPS4X;RPL41;CEBPB;RPL30;RPL37A;RPL15;RPL31;RPL12;RRAGC;ATF4",-2.7711819937414472,1.8912606669251685e-22,TRUE,
"REACTOME_EUKARYOTIC_TRANSLATION_INITIATION",117,-0.6863886532841813,-2.8310397442909268,8.23700604694182e-24,8.124683237210796e-22,"UBA52;FAU;RPS5;RPL18A;EIF2B2;RPS14;RPS15;RPL28;RPL18;RPS16;EIF3K;RPS21;RPLP2;RPS10;RPS2;RPS8;RPL26L1;RPL8;RPLP0;EIF4EBP1;EIF3F;RPL26;RPS9;RPL13;EIF3I;RPS11;RPL36;RPS15A;RPS3;RPS18;RPS28;RPL35;RPS23;RPS13;RPL27;EIF3G;RPLP1;RPL7A;RPS29;RPL29;RPSA;RPL37;RPL17;RPL36AL;EIF3D;RPL10A;RPS19;RPL22L1;RPL13A;RPL3;RPS6;RPL27A;RPL23A;RPL38;EIF2B4;RPS26;RPL34;RPS12;RPL9;RPL10;RPL35A;RPS3A;RPL19;RPL5;RPS4X;RPL41;EIF2B1;RPL30;RPL37A;RPL15;RPL31;RPL12;RPS27A;EIF2B3;RPL24;EIF2B5;RPL32;RPL11;RPL39L",-2.824177788052092,6.466148634633667e-22,TRUE,
"REACTOME_MITOCHONDRIAL_TRANSLATION",114,-0.6871733240614217,-2.8275537971290627,4.003086082309024e-23,3.619456999421076e-21,"MRPL2;MRPL43;MRPL55;MRPS34;MRPS2;MRPL27;GADD45GIP1;MRPL28;MRPL41;MRPL54;MRPL17;TUFM;MRPS26;MRPS24;MRPL12;MRPS18A;MRPS12;MRPL23;MRPS18C;MRPL4;MRPL21;MRPL22;MRPS11;MRPL52;MRPL20;AURKAIP1;MRPL14;CHCHD1;MRPL40;MRPS7;MRPL11;MRPL34;NDUFAB1;MRPL58;MRPS15;MALSU1;MRPL36;MRPL16;MRPL18;MRPL38;MRPL37;MRPS28;MRPL10;MRPL51;MRPS18B;MRPL49;MRPL24;MRPS5;MRPL57;MRPL9;OXA1L;ERAL1;MRPL48;MRPL46;MRPS14;MRPS16;MRPL32;MRPS22;MRPS23;MRPL39;MRPL15;MRPL47;TSFM;MRPS6;DAP3;MRPL13;MRPS21;MRPS33",-2.7631877834113086,6.565240941349097e-20,TRUE,
"REACTOME_MITOCHONDRIAL_TRANSLATION_ELONGATION",89,-0.7284639679571931,-2.8707306094122784,5.701770671071561e-23,4.7587855216251105e-21,"MRPL2;MRPL43;MRPL55;MRPS34;MRPS2;MRPL27;GADD45GIP1;MRPL28;MRPL41;MRPL54;MRPL17;TUFM;MRPS26;MRPS24;MRPL12;MRPS18A;MRPS12;MRPL23;MRPS18C;MRPL4;MRPL21;MRPL22;MRPS11;MRPL52;MRPL20;AURKAIP1;MRPL14;CHCHD1;MRPL40;MRPS7;MRPL11;MRPL34;MRPL58;MRPS15;MRPL36;MRPL16;MRPL18;MRPL38;MRPL37;MRPS28;MRPL10;MRPL51;MRPS18B;MRPL49;MRPL24;MRPS5;MRPL57;MRPL9;OXA1L;ERAL1;MRPL48;MRPL46;MRPS14;MRPS16;MRPL32;MRPS22;MRPS23;MRPL39;MRPL15;MRPL47;TSFM;MRPS6;DAP3;MRPL13;MRPS21;MRPS33",-2.8217191179932346,2.10813261779056e-19,TRUE,
"REACTOME_RESPONSE_OF_EIF2AK4_GCN2_TO_AMINO_ACID_DEFICIENCY",99,-0.6997757344283411,-2.8312368474543383,1.0989911717625234e-21,8.517181581159557e-20,"UBA52;FAU;RPS5;RPL18A;RPS14;RPS15;RPL28;RPL18;RPS16;RPS21;RPLP2;RPS10;RPS2;RPS8;RPL26L1;RPL8;RPLP0;RPL26;RPS9;RPL13;RPS11;RPL36;RPS15A;RPS3;RPS18;RPS28;RPL35;RPS23;RPS13;RPL27;RPLP1;RPL7A;RPS29;RPL29;RPSA;RPL37;RPL17;RPL36AL;RPL10A;RPS19;RPL22L1;RPL13A;RPL3;RPS6;RPL27A;RPL23A;RPL38;RPS26;RPL34;RPS12;RPL9;RPL10;RPL35A;RPS3A;RPL19;RPL5;RPS4X;RPL41;CEBPB;RPL30;RPL37A;RPL15;RPL31;RPL12;ATF4",-2.832771697968163,1.9525784946760247e-20,TRUE,
"REACTOME_RIBOSOME_QUALITY_CONTROL_RQC_COMPLEX_EXTRACTS_AND_DEGRADES_NASCENT_PEPTIDE",101,-0.6943373243744906,-2.826959162568841,2.437185870708063e-21,1.7628977798121654e-19,"PSMB6;PSMA6;PSMB4;UBA52;UFD1;PSMB3;PSMC3;PSMB5;UBB;RPL18A;PSMB1;ELOB;RBX1;RPL28;RPL18;PSMD8;PSMB7;PSMD13;RPLP2;RPL26L1;RPL8;RPLP0;PSMC5;RPL26;RPL13;PSMA5;RPL36;RPL35;RPL27;PSMC4;PSMA1;RPLP1;PSMB2;RPL7A;RPL29;RPL37;RPL17;RPL36AL;ADRM1;RPL10A;RPL22L1;RPL13A;RPL3;PSMC2;RPL27A;RPL23A;PSMD2;RPL38;PSMD14;RPL34;PSMA7;PSMA3;RPL9;RPL10;RPL35A;UBC;RPL19;RPL5;ELOC;RPL41;PSMD3;RPL30;RPL37A;RPL15;PSMA4;RPL31;RPL12;SEM1;PSMD7;RPS27A;RPL24;VCP;RPL32;UBE2D2;RPL11;RPL39L;TCF25;RCHY1",-2.8113077041290917,3.3555742482274125e-19,TRUE,
"REACTOME_SELENOAMINO_ACID_METABOLISM",113,-0.6651237004512279,-2.7366712630100447,2.6781308047923943e-20,1.8161074519998424e-18,"UBA52;FAU;RPS5;RPL18A;RPS14;RPS15;RPL28;RPL18;RPS16;RPS21;RPLP2;RPS10;RPS2;RPS8;RPL26L1;RPL8;RPLP0;RPL26;RPS9;RPL13;RPS11;RPL36;RPS15A;RPS3;RPS18;RPS28;RPL35;RPS23;RPS13;RPL27;RPLP1;RPL7A;RPS29;RPL29;RPSA;RPL37;RPL17;RPL36AL;EEFSEC;RPL10A;RPS19;NNMT;RPL22L1;RPL13A;RPL3;RPS6;RPL27A;RPL23A;RPL38;RPS26;RPL34;RPS12;RPL9;RPL10;RPL35A;AHCY;RPS3A;RPL19;RPL5;RPS4X;RPL41;QARS1;AIMP2;RPL30;RPL37A;RPL15;RPL31;RPL12",-2.7627004938114275,5.422228458971152e-20,TRUE,
"REACTOME_SIGNALING_BY_ROBO_RECEPTORS",195,-0.5756891410402641,-2.5205118618666744,3.370303786153345e-20,2.1510468282213996e-18,"PFN1;PSMB6;PSMA6;PSMB4;UBA52;FAU;PSMB3;PSMC3;RPS5;PSMB5;UBB;RPL18A;PSMB1;ELOB;RPS14;RPS15;RBX1;RPL28;RPL18;RPS16;PSMD8;PSMB7;PSMD13;RPS21;RPLP2;RPS10;RPS2;RPS8;RPL26L1;RPL8;RPLP0;PSMC5;RPL26;RPS9;RPL13;RPS11;PSMA5;RPL36;RPS15A;RPS3;RPS18;RPS28;RPL35;RPS23;RPS13;RPL27;EIF4A3;PSMC4;PSMA1;RPLP1;PSMB2;RPL7A;RPS29;RPL29;RPSA;RPL37;RPL17;RPL36AL;ADRM1;RPL10A;RPS19;RPL22L1;RPL13A;RPL3;PSMC2;RPS6;RPL27A;ROBO3;RPL23A;PSMD2;RPL38;RPS26;PSMD14;RPL34;RBM8A;RPS12;PSMA7;PSMA3;RPL9;RPL10;MAGOH;RPL35A;UBC;RPS3A;RPL19;RPL5;ELOC;RPS4X;RPL41;PAK6;PSMD3;RPL30;RPL37A;RPL15;CXCR4;PSMA4;RPL31;RPL12;MAGOHB;RNPS1;SEM1;PSMD7;RPS27A",-2.544568706925918,2.209088696315002e-19,TRUE,
"REACTOME_INFLUENZA_INFECTION",156,-0.5996228167790048,-2.5656559388134226,5.601927353409161e-19,3.376717321360522e-17,"POLR2I;POLR2L;UBA52;FAU;RPS5;SEC13;POLR2F;RPL18A;POLR2G;RPS14;RPS15;RPL28;RPL18;RPS16;RPS21;RPLP2;RPS10;RPS2;RPS8;RPL26L1;RPL8;RPLP0;RAN;RPL26;RPS9;RPL13;RPS11;ISG15;RPL36;RPS15A;RPS3;RPS18;RPS28;RPL35;RPS23;RPS13;RPL27;POLR2H;CALR;CLTA;RPLP1;RPL7A;RPS29;POLR2E;RPL29;AAAS;RPSA;SLC25A6;RPL37;RPL17;RPL36AL;CPSF4;RPL10A;RPS19;POLR2J;RPL22L1;RPL13A;RPL3;RPS6;RPL27A;RPL23A;RPL38;RPS26;RPL34;RPS12;GBP1;RPL9;RPL10;RPL35A;TGFB1;RPS3A;RPL19;RPL5;RPS4X;RPL41;GTF2F1;RPL30;RPL37A;RPL15;RPL31;RPL12",-2.5522825839862096,8.783633711363394e-17,TRUE,
"REACTOME_INFLUENZA_VIRAL_RNA_TRANSCRIPTION_AND_REPLICATION",134,-0.6216403283740588,-2.6104868263507357,1.7181092830098318e-18,9.81130827402983e-17,"POLR2I;POLR2L;UBA52;FAU;RPS5;SEC13;POLR2F;RPL18A;POLR2G;RPS14;RPS15;RPL28;RPL18;RPS16;RPS21;RPLP2;RPS10;RPS2;RPS8;RPL26L1;RPL8;RPLP0;RPL26;RPS9;RPL13;RPS11;RPL36;RPS15A;RPS3;RPS18;RPS28;RPL35;RPS23;RPS13;RPL27;POLR2H;RPLP1;RPL7A;RPS29;POLR2E;RPL29;AAAS;RPSA;RPL37;RPL17;RPL36AL;RPL10A;RPS19;POLR2J;RPL22L1;RPL13A;RPL3;RPS6;RPL27A;RPL23A;RPL38;RPS26;RPL34;RPS12;RPL9;RPL10;RPL35A;RPS3A;RPL19;RPL5;RPS4X;RPL41;GTF2F1;RPL30;RPL37A;RPL15;RPL31;RPL12;NUP37;RPS27A;POLR2C;RPL24;RPL32;NUP62;RPL11;RPL39L",-2.616389978459861,1.319630103400668e-17,TRUE,
"REACTOME_COMPLEX_I_BIOGENESIS",67,-0.7375009569559033,-2.790334734953695,9.385830723381241e-18,5.091813167434324e-16,"NDUFA11;NDUFS7;NDUFB10;NDUFA9;NDUFA6;NDUFB8;NDUFA13;NDUFA2;NDUFB7;NDUFS3;NDUFS5;NDUFS8;NDUFA3;FOXRED1;NDUFA12;NDUFB1;NDUFS6;NDUFV1;NDUFAF8;NDUFAF3;NDUFC1;NDUFB9;NDUFAB1;DMAC1;ECSIT;NDUFB2;DMAC2;NDUFA8;NDUFA1;NDUFS2;NDUFB11;TMEM126A;HSCB;NDUFB6;OXA1L;NDUFS4;NDUFAF1;ACAD9;NDUFV3;NDUFB4;NDUFAF5",-2.7630987587369447,3.4835983434141995e-16,TRUE,
"REACTOME_NONSENSE_MEDIATED_DECAY_NMD",113,-0.6343642541646023,-2.610110605704341,3.807610030886337e-17,1.9672651826246075e-15,"UBA52;FAU;RPS5;RPL18A;RPS14;RPS15;RPL28;RPL18;RPS16;RPS21;RPLP2;RPS10;RPS2;RPS8;RPL26L1;RPL8;RPLP0;RPL26;RPS9;RPL13;RPS11;RPL36;RPS15A;RPS3;RPS18;RPS28;RPL35;RPS23;RPS13;RPL27;EIF4A3;RPLP1;RPL7A;RPS29;RPL29;RPSA;RPL37;RPL17;RPL36AL;RPL10A;RPS19;RPL22L1;RPL13A;RPL3;RPS6;RPL27A;RPL23A;RPL38;RPS26;PPP2R1A;RPL34;RBM8A;RPS12;RPL9;RPL10;MAGOH;RPL35A;RPS3A;RPL19;RPL5;RPS4X;RPL41;RPL30;RPL37A;RPL15;RPL31;RPL12;MAGOHB;RNPS1;RPS27A;RPL24;RPL32;SMG9;RPL11;RPL39L;PPP2CA",-2.6193203886614556,3.4408350631229804e-16,TRUE,
"REACTOME_ANTIGEN_PROCESSING_CROSS_PRESENTATION",94,-0.6686767259104246,-2.679002187466701,7.429139721424154e-17,3.66391663533873e-15,"PSMB6;PSMA6;PSMB4;UBA52;PSMB3;PSMC3;PSMB8;PSMB5;UBB;PSME1;PSMB1;PSMB9;PSMD8;PSMB7;PSMD13;PSMB10;PSME2;CYBA;PSMC5;PSMA5;SEC61B;PSMC4;CALR;PSMA1;VAMP8;PSMB2;HLA-G;TAPBP;TAP1;ADRM1;HLA-C;HLA-F;STX4;PSMC2;CTSL;HLA-A;PSMD2;PSMD14;HLA-E;PSMA7;S100A8;PSMA3;SEC61G;CD14;S100A9;UBC;FCGR1A;HLA-B;PSMD3;SEC61A1;PSMA4;NCF1;SEM1;PSMD7;RPS27A;NCF4;B2M;NCF2",-2.596496040790407,4.3836757849130626e-14,TRUE,
"REACTOME_NEUTROPHIL_DEGRANULATION",424,-0.44305757968318377,-2.052259110564248,2.5024130324941925e-16,1.1804861479374777e-14,"PSMC3;ALDOA;TRAPPC1;DYNLL1;PSMB1;DYNLT1;COMMD9;LAMTOR1;PSMB7;PYCARD;NME2;RHOG;PSMD13;TUBB4B;TXNDC5;CST3;HMOX2;PTGES2;NAPRT;GSDMD;CYBA;CSNK2B;DPP7;FTH1;PKM;C1orf35;APRT;NPC2;PSMA5;PRSS3;TMEM179B;PNP;SLC2A5;LAMTOR2;TYROBP;RAB3A;APEH;VAMP8;DDOST;RHOF;TUBB;MCEMP1;GSTP1;CTSD;SURF4;PPIE;CD63;BRI3;S100P;DBNL;HLA-C;ALDOC;CYSTM1;GLA;BST2;COMMD3;GRN;PRDX4;PSMC2;CD300A;GPI;PTPN6;PSMD2;RNASET2;HSPA6;TCIRG1;PSMD14;PPIA;ANXA2;CCT2;FUCA2;RAB5C;HPSE;S100A8;ARHGAP45;CD14;RAB24;HBB;ILF2;PFKL;S100A9;GMFG;SRP14;EEF2;CTSZ;SERPINB6;GM2A;ACTR1B;CSTB;FCER1G;SLPI;IMPDH2;CAPN1;EEF1A1;GUSB;OSCAR;CLEC12A;HLA-B;ADGRE5;PGAM1;CXCL1;BST1;PSMD3;CYB5R3;CEACAM3;AGPAT2;ATAD3B;VNN1;HK3;SLC11A1;S100A11;TOM1;STING1;PLAU;TOLLIP;LYZ;PDXK;PA2G4;TBC1D10C;GPR84;ARHGAP9;HSPA8;TNFAIP6;PLAUR;LPCAT1;ITGB2;CTSB;AP1M1;PSMD7;ACAA1;FABP5;PDAP1;LCN2;VCP;AP2A2;HEBP2;B2M;PTX3;ATG7;MVP;LILRB3;FCGR2A;CD53;CTSC;SERPINB1;MMP25;DGAT1;XRCC6;FPR1;RHOA;DNASE1L1;PSAP;TRPM2;PTAFR;DEGS1;FGR;SIGLEC9;RAP2B;MAN2B1;PYGB;ARSA;CLEC5A;LRG1;FPR2;IMPDH1;NEU1;ARPC5;PYGL;FCGR3B;CHIT1;LAIR1;ARL8A;TMC6;NDUFC2;ITGAM;SIGLEC14;SYNGR1;PSMD6;MGST1;CXCR1;VAT1;CD59;NFAM1;OSTF1;LILRB2;CDA;ADAM8;PLEKHO2;ITGAX;CTSA;CD55;HVCN1;CPNE1;CD44;CKAP4;CFD;SERPINA1;GYG1;C5AR1;GHDC;GLIPR1;MMP9;DOK3;ADGRG3;ALOX5;SLC15A4;ALDH3B1;TCN1;CTSH;PGM1;CD33",-1.9353185605565686,9.176310269171625e-12,TRUE,
"REACTOME_THE_ROLE_OF_GTSE1_IN_G2_M_PROGRESSION_AFTER_G2_CHECKPOINT",57,-0.7127306560333346,-2.6328636329941655,1.1008068765136935e-13,4.976564420905656e-12,"PSMB6;PSMA6;PSMB4;UBA52;PSMB3;PSMC3;PSMB5;UBB;PSMB1;PSMD8;PSMB7;PSMD13;TUBB4B;PSMC5;PSMA5;PSMC4;PSMA1;PLK1;PSMB2;TUBA1B;FKBPL;TUBA4A;ADRM1;PSMC2;PSMD2;PSMD14;PSMA7;CCNB1;PSMA3;TUBA1C;UBC;CCNB2;PSMD3;PSMA4;TUBB3;SEM1;PSMD7;RPS27A;TUBB6;TUBA1A",-2.6009797196210274,9.511970906427573e-12,TRUE,
"REACTOME_SYNTHESIS_OF_DNA",107,-0.597776567441628,-2.4484266719710286,6.456146807781621e-13,2.8019677145772235e-11,"PSMB6;PSMA6;PSMB4;UBA52;PSMB3;PSMC3;ANAPC11;PSMB5;UBB;ANAPC15;PSMB1;MCM5;RBX1;POLA2;PSMD8;PSMB7;PSMD13;PSMC5;CDT1;PSMA5;CDC45;PSMC4;PSMA1;POLD2;PSMB2;RFC2;ADRM1;MCM7;ANAPC5;FEN1;PCNA;PSMC2;ANAPC2;PSMD2;PSMD14;PSMA7;PSMA3;UBE2S;ANAPC7;FZR1;UBC;POLD1;RPA1;PSMD3;RFC5;MCM2;RPA3;GINS2;PSMA4;POLE4;POLD4;SEM1;ORC1;PSMD7;RPS27A;GINS3;RPA2",-2.413874942514754,1.5468782811084773e-10,TRUE,
"REACTOME_VIF_MEDIATED_DEGRADATION_OF_APOBEC3G",41,-0.7571902366226925,-2.6088645738562954,7.541386105145981e-13,3.032814276805436e-11,"PSMB6;PSMA6;PSMB4;UBA52;PSMB3;PSMC3;PSMB5;UBB;PSMB1;ELOB;RBX1;PSMD8;PSMB7;PSMD13;PSMC5;PSMA5;PSMC4;PSMA1;APOBEC3G;PSMB2;ADRM1;PSMC2;PSMD2;PSMD14;PSMA7;PSMA3;UBC;ELOC;PSMD3;PSMA4;SEM1;PSMD7;RPS27A",-2.590363299545687,2.0777956734727332e-10,TRUE,
"REACTOME_SARS_COV_2_MODULATES_HOST_TRANSLATION_MACHINERY",50,-0.7255797285426815,-2.6155627873272214,7.547095435368367e-13,3.032814276805436e-11,"FAU;RPS5;RPS14;RPS15;RPS16;SNRPD2;RPS21;RPS10;RPS2;RPS8;GEMIN7;SNRPF;RPS9;RPS11;RPS15A;RPS3;RPS18;RPS28;RPS23;RPS13;SNRPB;RPS29;SNRPD1;RPSA;RPS19;RPS6;RPS26;RPS12;SNRPG;RPS3A;GEMIN4;RPS4X",-2.571913159376235,1.887547071651909e-10,TRUE,
"REACTOME_CROSS_PRESENTATION_OF_SOLUBLE_EXOGENOUS_ANTIGENS_ENDOSOMES",41,-0.7551604860044789,-2.6018711602786997,1.0149642225971505e-12,3.932986362563958e-11,"PSMB6;PSMA6;PSMB4;PSMB3;PSMC3;PSMB8;PSMB5;PSME1;PSMB1;PSMB9;PSMD8;PSMB7;PSMD13;PSMB10;PSME2;PSMC5;PSMA5;PSMC4;PSMA1;PSMB2;ADRM1;PSMC2;PSMD2;PSMD14;PSMA7;PSMA3;FCGR1A;PSMD3;PSMA4;SEM1;PSMD7",-2.572922047914884,3.8421610250622314e-10,TRUE,
"REACTOME_PROTEASOME_ASSEMBLY",50,-0.7176375115068082,-2.5869327601768908,2.21444375508816e-12,8.285074049209151e-11,"PSMD9;PSMB6;PSMA6;PSMB4;PSMB3;PSMC3;PSMG3;PSMB8;PSMB5;PSME1;PSMD4;PSMB1;PSMB9;PSMD8;PSMB7;PSMD13;PSMB10;PSME2;PSMC5;PSMA5;PSMC4;PSMA1;PSMB2;PSMG4;ADRM1;PSMC2;PSMD2;PSMD14;PSMA7;PSMA3",-2.5781543927582766,1.5468782811084773e-10,TRUE,
"REACTOME_AUF1_HNRNP_D0_BINDS_AND_DESTABILIZES_MRNA",42,-0.7485932457053394,-2.5817365844872286,2.5912352372391173e-12,9.371634108014806e-11,"PSMB6;PSMA6;PSMB4;UBA52;PSMB3;PSMC3;PSMB5;UBB;PSMB1;PSMD8;PSMB7;PSMD13;PSMC5;PSMA5;PSMC4;PSMA1;PSMB2;ADRM1;PSMC2;PSMD2;HSPB1;PSMD14;PSMA7;PSMA3;UBC;PSMD3;PSMA4;HSPA8;SEM1;PSMD7;RPS27A",-2.5298586949023236,7.53536272504546e-10,TRUE,
"REACTOME_FBXL7_DOWN_REGULATES_AURKA_DURING_MITOTIC_ENTRY_AND_IN_EARLY_MITOSIS",42,-0.745990364755585,-2.572759809701191,3.7871654402176176e-12,1.3255079040761662e-10,"PSMB6;PSMA6;PSMB4;UBA52;PSMB3;PSMC3;PSMB5;UBB;PSMB1;RBX1;PSMD8;PSMB7;PSMD13;PSMC5;PSMA5;PSMC4;PSMA1;PSMB2;ADRM1;PSMC2;PSMD2;PSMD14;PSMA7;PSMA3;UBC;PSMD3;PSMA4;SEM1;PSMD7;RPS27A",-2.5523840587369855,4.20574657873831e-10,TRUE,
"REACTOME_APC_C_CDH1_MEDIATED_DEGRADATION_OF_CDC20_AND_OTHER_APC_C_CDH1_TARGETED_PROTEINS_IN_LATE_MITOSIS_EARLY_G1",61,-0.6820236549030677,-2.5439130437134927,4.748488829199513e-12,1.61003449365046e-10,"PSMB6;PSMA6;PSMB4;UBA52;PSMB3;PSMC3;ANAPC11;PSMB5;UBB;ANAPC15;PSMB1;AURKB;PSMD8;PSMB7;PSMD13;PSMC5;CDC20;PSMA5;PSMC4;PSMA1;PLK1;PSMB2;ADRM1;ANAPC5;PSMC2;ANAPC2;PSMD2;PSMD14;PSMA7;PSMA3;UBE2S;ANAPC7;FZR1;UBC;PTTG1;PSMD3;PSMA4;SEM1;PSMD7;RPS27A",-2.556503664740973,3.13128815149498e-11,TRUE,
"REACTOME_ACTIVATION_OF_THE_MRNA_UPON_BINDING_OF_THE_CAP_BINDING_COMPLEX_AND_EIFS_AND_SUBSEQUENT_BINDING_TO_43S",59,-0.6830405974062247,-2.5225945159155736,4.97925236341964e-12,1.6371178225182754e-10,"FAU;RPS5;RPS14;RPS15;RPS16;EIF3K;RPS21;RPS10;RPS2;RPS8;EIF4EBP1;EIF3F;RPS9;EIF3I;RPS11;RPS15A;RPS3;RPS18;RPS28;RPS23;RPS13;EIF3G;RPS29;RPSA;EIF3D;RPS19;RPS6;RPS26;RPS12;RPS3A;RPS4X",-2.5037331872365587,2.5472331934013314e-10,TRUE,
"REACTOME_MITOCHONDRIAL_PROTEIN_IMPORT",63,-0.6654113829887705,-2.489219960371987,5.559643784563656e-12,1.7741804430151667e-10,"TIMM8B;NDUFB8;CYC1;MTX1;TOMM5;CHCHD10;TIMM13;IDH3G;GFER;TIMM22;CHCHD5;TIMM10;TIMM44;PMPCA;COA4;TOMM22;ATP5F1B;SLC25A6;CHCHD2;ATP5F1A;ATP5MC1;TOMM7;TIMM17B;CMC2;TIMM50;TIMM21;SLC25A4;HSCB;TOMM40;SAMM50;COA6;TIMM23;BCS1L;GRPEL1;PMPCB;TIMM9;CHCHD4;OTC;COQ2;LDHD;DNAJC19;ACO2;TIMM17A;PAM16",-2.5727274579143304,1.837381219367713e-11,TRUE,
"REACTOME_ORC1_REMOVAL_FROM_CHROMATIN",57,-0.6859721576883703,-2.534016366401081,7.117008636636114e-12,2.1472617382308434e-10,"PSMB6;PSMA6;PSMB4;UBA52;PSMB3;PSMC3;PSMB5;UBB;PSMB1;MCM5;RBX1;PSMD8;PSMB7;PSMD13;PSMC5;CDT1;PSMA5;PSMC4;PSMA1;PSMB2;ADRM1;MCM7;PSMC2;PSMD2;PSMD14;PSMA7;PSMA3;UBC;PSMD3;MCM2;PSMA4;SEM1;ORC1;PSMD7;RPS27A",-2.4996791759628074,3.286044884557911e-10,TRUE,
"REACTOME_ACTIVATION_OF_APC_C_AND_APC_C_CDC20_MEDIATED_DEGRADATION_OF_MITOTIC_PROTEINS",63,-0.6641319454180582,-2.484433745978176,7.1245550761576365e-12,2.1472617382308434e-10,"PSMB6;PSMA6;PSMB4;UBA52;PSMB3;PSMC3;ANAPC11;PSMB5;UBB;ANAPC15;PSMB1;PSMD8;PSMB7;PSMD13;PSMC5;CDC20;PSMA5;PSMC4;PSMA1;PLK1;PSMB2;ADRM1;ANAPC5;PSMC2;ANAPC2;PSMD2;BUB3;PSMD14;PSMA7;CCNB1;PSMA3;UBE2S;ANAPC7;UBC;PTTG1;PSMD3;PSMA4;SEM1;PSMD7;RPS27A",-2.495325485139961,2.9291313175523607e-10,TRUE,
"REACTOME_PROTEIN_LOCALIZATION",157,-0.521530442323839,-2.23440465514481,7.738574500197635e-12,2.2692846845174143e-10,"TIMM8B;UBA52;NDUFB8;GET3;CYC1;MTX1;UBB;TOMM5;CHCHD10;FIS1;TIMM13;STX5;IDH3G;GFER;TIMM22;CHCHD5;UBE2J2;TIMM10;TIMM44;PMPCA;PXMP2;PEX14;SEC61B;COA4;DHRS4;TOMM22;ATP5F1B;SLC25A6;PEX16;CHCHD2;ATP5F1A;ATP5MC1;TOMM7;CYB5A;PAOX;TIMM17B;DECR2;CMC2;SGTA;TIMM50;TIMM21;SLC25A4;HSCB;TOMM40;SEC61G;UBL4A;SAMM50;PEX10;COA6;UBC;TIMM23;SERP1;MPV17;SLC25A17;ECH1;ABCD1;BCS1L;ACOT8;GRPEL1;TYSND1;PMPCB;RPS27A;GET4;ACAA1;EMD;ECI2;HMGCL;UBE2D2;GSTK1;TIMM9;HMOX1;CHCHD4;OTC;COQ2;LDHD;DNAJC19;ACO2;TIMM17A;STX1A;PEX6;PAM16",-2.375994182878547,5.859410763657743e-13,TRUE,
"REACTOME_SCF_BETA_TRCP_MEDIATED_DEGRADATION_OF_EMI1",42,-0.7384677562087947,-2.546815955936219,9.54887129326496e-12,2.726454040313811e-10,"PSMB6;PSMA6;PSMB4;UBA52;PSMB3;PSMC3;PSMB5;UBB;PSMB1;PSMD8;PSMB7;PSMD13;PSMC5;CDC20;PSMA5;PSMC4;PSMA1;PSMB2;ADRM1;PSMC2;PSMD2;PSMD14;PSMA7;PSMA3;FZR1;UBC;PSMD3;PSMA4;SEM1;PSMD7;RPS27A",-2.536746840623776,6.217953662496352e-10,TRUE,
"REACTOME_APC_C_MEDIATED_DEGRADATION_OF_CELL_CYCLE_PROTEINS",74,-0.6341557840527171,-2.43297639476331,1.0105758542646788e-11,2.8114738509671193e-10,"PSMB6;PSMA6;PSMB4;UBA52;PSMB3;PSMC3;ANAPC11;PSMB5;UBB;ANAPC15;PSMB1;AURKB;PSMD8;PSMB7;PSMD13;PSMC5;CDC20;PSMA5;PSMC4;PSMA1;PLK1;PSMB2;ADRM1;ANAPC5;PSMC2;ANAPC2;PSMD2;BUB3;PSMD14;PSMA7;CCNB1;PSMA3;UBE2S;ANAPC7;FZR1;UBC;PTTG1;PSMD3;PSMA4;SEM1;PSMD7;RPS27A",-2.450039045937037,1.5487353712435055e-10,TRUE,
"REACTOME_SARS_COV_1_MODULATES_HOST_TRANSLATION_MACHINERY",36,-0.7701577691228828,-2.5949340935871397,1.1097297942715035e-11,2.945729629488184e-10,"FAU;RPS5;RPS14;RPS15;RPS16;RPS21;RPS10;RPS2;RPS8;RPS9;RPS11;RPS15A;RPS3;RPS18;RPS28;RPS23;RPS13;RPS29;RPSA;RPS19;RPS6;RPS26;RPS12;RPS3A;RPS4X;EEF1A1",-2.583350845140982,2.3474775463071377e-10,TRUE,
"REACTOME_SPOP_MEDIATED_PROTEASOMAL_DEGRADATION_OF_PD_L1_CD274",46,-0.7232084606063517,-2.5519214166262527,1.1131328553826317e-11,2.945729629488184e-10,"PSMB6;PSMA6;PSMB4;UBA52;PSMB3;PSMC3;PSMB5;UBB;PSMB1;RBX1;PSMD8;PSMB7;PSMD13;PSMC5;CSNK2B;PSMA5;PSMC4;PSMA1;CD274;PSMB2;ADRM1;CDK4;PSMC2;PSMD2;PSMD14;PSMA7;PSMA3;UBC;PSMD3;PSMA4;SEM1;PSMD7;RPS27A",-2.535521570768323,3.286044884557911e-10,TRUE,
"REACTOME_RHO_GTPASE_CYCLE",435,0.31864084905516943,1.8733358879292317,1.186184230278308e-11,3.0643092615522957e-10,"ROCK2;KIDINS220;ANKRD26;TRIO;ITSN2;ARHGAP21;FNBP1L;SYDE2;MYO9A;OPHN1;SOS1;ARHGEF12;DSP;RBBP6;SOS2;OSBPL11;DST;DIAPH2;FARP2;RASAL2;NCKAP1;DNMBP;STK38;OCRL;SPATA13;SH3PXD2A;DOCK7;ERBIN;MTR;TEX2;CDC42BPA;LEMD3;SOWAHC;ARHGAP5;GARRE1;PAK2;KTN1;PEAK1;PIK3CA;ABI2;MSI2;WIPF2;FGD5;PIK3R1;FAM135A;ROCK1;AKAP13;SLK;FARP1;RALGAPA1;ARHGAP35;DOCK1;PREX2;MYO6;IQGAP1;UACA;PHIP;WDR11;ARHGEF11;USP9X;RNF20;TJP2;CPD;SPEN;GOPC;ADD3;CUL3;FMNL2;DOCK9;PLEKHG1;LBR;SLC4A7;CCP110;SRRM1;ARHGAP8;FAM13A;ABL2;FAM13B;ARHGAP42;WASL;RHPN2;ARHGEF7;ITSN1;DAAM1;ITGB1;ARHGAP26;PKN2;ARHGAP12;DSG2;TMOD3;ARHGEF10;ARMCX3;CHN2;ELMO2;FILIP1;CFTR;CLTC;STARD13;ARHGAP18;RHOU;VANGL1;PICALM;DLC1;KALRN;ARHGEF5;DOCK11;FGD4;SPTBN1;ARHGEF9;CDC42BPB;ARAP2;RAPGEF1;SPTAN1;MPP7;AKAP12;FAM91A1;NHS;NET1;ARHGAP28;SWAP70;FRS2",1.941550224061504,2.9004438353347576e-11,TRUE,
"REACTOME_SWITCHING_OF_ORIGINS_TO_A_POST_REPLICATIVE_STATE",78,-0.6146133008133144,-2.3831865031474613,1.7480374684777525e-11,4.4107457053450265e-10,"PSMB6;PSMA6;PSMB4;UBA52;PSMB3;PSMC3;ANAPC11;PSMB5;UBB;ANAPC15;PSMB1;MCM5;RBX1;PSMD8;PSMB7;PSMD13;PSMC5;CDT1;PSMA5;PSMC4;PSMA1;PSMB2;ADRM1;MCM7;ANAPC5;PSMC2;ANAPC2;PSMD2;PSMD14;PSMA7;PSMA3;UBE2S;ANAPC7;FZR1;UBC;PSMD3;MCM2;PSMA4;SEM1;ORC1;PSMD7;RPS27A",-2.376009403725,1.179173565011836e-9,TRUE,
"REACTOME_PCP_CE_PATHWAY",78,-0.6126236460201652,-2.375471540840786,2.1889731300696975e-11,5.397808741194596e-10,"PFN1;PSMB6;PSMA6;PSMB4;UBA52;PSMB3;AP2S1;PSMC3;PSMB5;UBB;PSMB1;PSMD8;PSMB7;PSMD13;PARD6A;PSMC5;PSMA5;PSMC4;PSMA1;CLTA;PSMB2;CLTB;PRKCG;RAC2;AP2M1;ADRM1;RAC3;PSMC2;ARRB2;PSMD2;PSMD14;PSMA7;PSMA3;UBC;DVL1;PSMD3;PSMA4;FZD2;DVL2;SEM1;PSMD7;RPS27A",-2.406896886450631,4.212081428895423e-10,TRUE,
"REACTOME_DEGRADATION_OF_DVL",44,-0.7287233945136384,-2.54349535932444,2.3242805350877423e-11,5.604098623489334e-10,"PSMB6;PSMA6;PSMB4;UBA52;PSMB3;PSMC3;PSMB5;UBB;PSMB1;RBX1;PSMD8;PSMB7;PSMD13;PSMC5;PSMA5;PSMC4;PSMA1;PSMB2;ADRM1;PSMC2;PSMD2;PSMD14;PSMA7;PSMA3;UBC;DVL1;PSMD3;PSMA4;DVL2;SEM1;PSMD7;RPS27A",-2.495777447975796,2.34086620638712e-9,TRUE,
"REACTOME_NEGATIVE_REGULATION_OF_NOTCH4_SIGNALING",44,-0.7265622057283543,-2.5359520669210682,3.32755239814469e-11,7.848683373884758e-10,"PSMB6;PSMA6;PSMB4;UBA52;PSMB3;PSMC3;PSMB5;UBB;PSMB1;RBX1;PSMD8;PSMB7;PSMD13;PSMC5;PSMA5;PSMC4;PSMA1;PSMB2;ADRM1;PSMC2;PSMD2;PSMD14;PSMA7;PSMA3;AKT1;UBC;PSMD3;PSMA4;SEM1;TACC3;PSMD7;RPS27A",-2.4684106045929273,5.493272072398973e-9,TRUE,
"REACTOME_HIV_INFECTION",214,-0.46984355731122857,-2.0659001039869986,3.6930562413385886e-11,8.367430102717962e-10,"POLR2I;POLR2L;PSMB6;PSMA6;PSMB4;UBA52;PSMB3;AP2S1;PSMC3;SEC13;PSMB5;UBB;POLR2F;POLR2G;PSMB1;ELOB;RBX1;ARF1;PSMD8;PSMB7;PSMD13;PSMC5;RAN;NELFE;PSMA5;VPS28;POLR2H;PSMC4;PSMA1;SLC25A5;APOBEC3G;PSMB2;POLR2E;AAAS;SLC25A6;NELFB;CDK9;AP2M1;ADRM1;BANF1;POLR2J;CHMP2A;TAF10;FEN1;CHMP6;RANBP1;PSMC2;VPS37B;LCK;HLA-A;PSMD2;MVB12A;GTF2A2;AP1S1;SLC25A4;RCC1;PSMD14;RANGAP1;PPIA;HMGA1;TAF9;PSMA7;PSMA3;ERCC2;AP1M2;UBC;CD247;ELOC;VPS4A;NELFA;PSMD3;GTF2F1;AP1B1;CXCR4;PSMA4;NUP37;SEM1;AP1M1;PSMD7;RPS27A;POLR2C;GTF2H5;HCK;AP2A2;CTDP1;B2M;NUP62;XRCC6;NUP85;VPS37D;LIG1;SEH1L;SSRP1;GTF2B;TAF11;NUP93;AP2A1;GTF2E2",-2.023514288506725,1.375536834439385e-8,TRUE,
"REACTOME_DNA_REPLICATION",147,-0.5260789351176134,-2.2346314766064155,3.7017202297738445e-11,8.367430102717962e-10,"PSMB6;PSMA6;PSMB4;UBA52;PSMB3;PSMC3;ANAPC11;PSMB5;UBB;ANAPC15;PSMB1;MCM5;RBX1;POLA2;PSMD8;PSMB7;PSMD13;H2AC20;PSMC5;H2AX;CDT1;PSMA5;CDC45;PSMC4;PSMA1;POLD2;PSMB2;RFC2;ADRM1;MCM7;ANAPC5;FEN1;PCNA;PSMC2;ANAPC2;POLRMT;PSMD2;PSMD14;PSMA7;PSMA3;UBE2S;ANAPC7;FZR1;UBC;POLD1;RPA1;H4C5;SSBP1;PSMD3;RFC5;MCM2;RPA3;H2AZ2;GINS2;PSMA4;POLE4;POLD4;SEM1;ORC1;PSMD7;RPS27A;GINS3;RPA2",-2.2028343754595943,2.0469156907914897e-9,TRUE,
"REACTOME_DECTIN_1_MEDIATED_NONCANONICAL_NF_KB_SIGNALING",48,-0.7002203385466871,-2.5142280861253874,4.5201508278353004e-11,9.8087272964026e-10,"PSMB6;PSMA6;PSMB4;UBA52;PSMB3;PSMC3;PSMB5;UBB;PSMB1;UBE2M;PSMD8;PSMB7;PSMD13;PSMC5;PSMA5;RELB;PSMC4;NFKB2;PSMA1;PSMB2;ADRM1;PSMC2;PSMD2;PSMD14;PSMA7;PSMA3;UBC;PSMD3;PSMA4;SEM1;PSMD7;RPS27A",-2.5002428434375483,1.4276601882926293e-9,TRUE,
"REACTOME_REGULATION_OF_CDH1_FUNCTION",60,-0.6621481608828668,-2.4610435606996433,4.5201508278353004e-11,9.8087272964026e-10,"PSMB6;PSMA6;PSMB4;UBA52;PSMB3;PSMC3;PSMB5;UBB;PSMB1;PSMD8;PSMB7;PSMD13;RACK1;PSMC5;ACTB;PSMA5;PSMC4;PSMA1;PSMB2;ACTA1;BANP;ADRM1;PSMC2;CTSL;PSMD2;ACTG1;PSMD14;PSMA7;PSMA3;UBC;PSMD3;PSMA4;SEM1;CTSB;PSMD7;RPS27A",-2.401797563403876,7.038328672780601e-9,TRUE,
"REACTOME_METABOLISM_OF_POLYAMINES",46,-0.7119421902549051,-2.5121671297761616,4.778806523724106e-11,1.0166676624001283e-9,"PSMB6;PSMA6;PSMB4;PSMB3;PSMC3;PSMB5;OAZ1;PSMB1;PSMD8;PSMB7;PSMD13;PSMC5;SRM;PSMA5;PSMC4;PSMA1;PSMB2;ADRM1;PAOX;PSMC2;PSMD2;PSMD14;PSMA7;PSMA3;OAZ3;PSMD3;PSMA4;SEM1;PSMD7;SMOX;ODC1",-2.482642594296429,1.8290120673454934e-9,TRUE,
"REACTOME_CELLULAR_RESPONSE_TO_CHEMICAL_STRESS",188,-0.48748170812054037,-2.1278203456380136,7.084705821958275e-11,1.47825111862014e-9,"COX8A;PSMB6;PSMA6;PSMB4;GPX1;COX6A1;UBA52;UFD1;PSMB3;COX4I1;PSMC3;BLVRB;PSMB5;UBB;SOD1;TXN2;PSMB1;PRDX2;RBX1;ATOX1;PSMD8;PSMB7;PSMD13;COX5B;HMOX2;COX7B;CYBA;PSMC5;COX7A2;CSNK2B;PSMA5;COX6B1;TXNRD2;PSMC4;PSMA1;KEAP1;TALDO1;ABCF2;PSMB2;COX5A;PRDX1;GSTP1;CCS;ADRM1;COX7C;NUDT2;HBA2;PSMC2;HDAC3;COX7A1;PSMD2;TKT;PSMD14;SOD3;PSMA7;PSMA3;AKT1;HBB;STAP2;G6PD;TRIM21;PGD;UBC;PRDX3;PSMD3;COX6C;NDUFA4;PSMA4;COX4I2;ATF4;P4HB;NCF1;SEM1;PSMD7;MUL1;SMARCD3;RPS27A;CDKN2A;GPX3;NCF4;BLVRA;VCP;CARM1;COX7A2L;SOD2",-2.1149917659921735,6.217953662496352e-10,TRUE,
"REACTOME_DNA_REPLICATION_PRE_INITIATION",113,-0.5556247115552475,-2.286134413944238,7.880639819469428e-11,1.6133007932310055e-9,"PSMB6;PSMA6;PSMB4;UBA52;PSMB3;PSMC3;ANAPC11;PSMB5;UBB;ANAPC15;PSMB1;MCM5;POLA2;PSMD8;PSMB7;PSMD13;H2AC20;PSMC5;H2AX;CDT1;PSMA5;CDC45;PSMC4;PSMA1;PSMB2;ADRM1;MCM7;ANAPC5;PSMC2;ANAPC2;PSMD2;PSMD14;PSMA7;PSMA3;UBE2S;ANAPC7;FZR1;UBC;RPA1;H4C5;PSMD3;MCM2;RPA3;H2AZ2;PSMA4;POLE4;SEM1;ORC1;PSMD7;RPS27A;RPA2",-2.2407673551698126,5.493272072398973e-9,TRUE,
"REACTOME_HH_MUTANTS_ABROGATE_LIGAND_SECRETION",45,-0.7082864104604317,-2.4886185941628494,1.2046378072722967e-10,2.420429668315633e-9,"PSMB6;PSMA6;PSMB4;UBA52;PSMB3;PSMC3;PSMB5;UBB;PSMB1;PSMD8;PSMB7;PSMD13;PSMC5;PSMA5;PSMC4;PSMA1;PSMB2;ADRM1;PSMC2;PSMD2;PSMD14;PSMA7;PSMA3;UBC;DERL2;PSMD3;PSMA4;SEM1;PSMD7;RPS27A;VCP",-2.4323132982642037,7.460600582469114e-9,TRUE,
"REACTOME_SCF_SKP2_MEDIATED_DEGRADATION_OF_P27_P21",49,-0.6945684322396531,-2.4990666981433476,1.5202015459827819e-10,2.9759059813404633e-9,"PSMB6;PSMA6;PSMB4;UBA52;PSMB3;PSMC3;PSMB5;UBB;PSMB1;PSMD8;PSMB7;PSMD13;PSMC5;PSMA5;PSMC4;PSMA1;PSMB2;ADRM1;CKS1B;CDK4;PSMC2;PSMD2;PSMD14;PSMA7;PSMA3;UBC;PSMD3;PSMA4;SEM1;PSMD7;RPS27A",-2.473268263793745,2.5799156960440796e-9,TRUE,
"REACTOME_SOMITOGENESIS",41,-0.7196336366888425,-2.4794650143493784,1.535951474240239e-10,2.9759059813404633e-9,"PSMB6;PSMA6;PSMB4;PSMB3;PSMC3;PSMB5;PSMB1;PSMD8;PSMB7;PSMD13;PSMC5;PSMA5;PSMC4;PSMA1;PSMB2;ADRM1;PSMC2;PSMD2;PSMD14;PSMA7;PSMA3;MESP2;PSMD3;PSMA4;SEM1;PSMD7",-2.483143940075798,6.3782194044605604e-9,TRUE,
"REACTOME_MITOCHONDRIAL_PROTEIN_DEGRADATION",97,-0.5761597970164043,-2.326386805774427,1.5725714004464675e-10,2.99340345523582e-9,"NDUFA13;NDUFA2;MRPS2;COX4I1;ECI1;NDUFS3;PRELID1;CLPP;ATP5PO;MRPL12;UQCRQ;ATP5MG;TIMM22;COX5B;TIMM10;NDUFV1;PMPCA;SMDT1;SHMT2;SLC25A5;COX5A;HSD17B10;HTRA2;ATP5F1B;SLC25A6;CHCHD2;ATP5F1A;LONP1;FH;ATP5F1C;NDUFB6;MDH2;PCCB;TRIAP1;ATP5PD;NDUFV3;OXSM;IDH2;UQCRC2;SSBP1;ECH1;FECH",-2.335308839859738,2.3414033538263498e-9,TRUE,
"REACTOME_ASYMMETRIC_LOCALIZATION_OF_PCP_PROTEINS",51,-0.6813849668145859,-2.4584045500877005,2.2768480785765343e-10,4.25927614699231e-9,"PSMB6;PSMA6;PSMB4;UBA52;PSMB3;PSMC3;PSMB5;UBB;PSMB1;PSMD8;PSMB7;PSMD13;PARD6A;PSMC5;PSMA5;PSMC4;PSMA1;PSMB2;ADRM1;PSMC2;PSMD2;PSMD14;PSMA7;PSMA3;UBC;PSMD3;PSMA4;FZD2;DVL2;SEM1;PSMD7;RPS27A",-2.392665015846321,2.990411903790087e-8,TRUE,
"REACTOME_HOST_INTERACTIONS_OF_HIV_FACTORS",118,-0.5419196418780414,-2.23386743573114,2.6015217988094e-10,4.784154494420676e-9,"PSMB6;PSMA6;PSMB4;UBA52;PSMB3;AP2S1;PSMC3;SEC13;PSMB5;UBB;PSMB1;ELOB;RBX1;ARF1;PSMD8;PSMB7;PSMD13;PSMC5;RAN;PSMA5;PSMC4;PSMA1;SLC25A5;APOBEC3G;PSMB2;AAAS;SLC25A6;CDK9;AP2M1;ADRM1;BANF1;RANBP1;PSMC2;LCK;HLA-A;PSMD2;AP1S1;SLC25A4;RCC1;PSMD14;RANGAP1;PPIA;HMGA1;PSMA7;PSMA3;AP1M2;UBC;CD247;ELOC;PSMD3;AP1B1;PSMA4;NUP37;SEM1;AP1M1;PSMD7;RPS27A;HCK;AP2A2;B2M;NUP62",-2.189914891595566,1.2522021529963418e-8,TRUE,
"REACTOME_REGULATION_OF_RUNX3_EXPRESSION_AND_ACTIVITY",45,-0.7000538851814663,-2.4596929855621834,2.927598100567526e-10,5.294073231859609e-9,"PSMB6;PSMA6;PSMB4;UBA52;PSMB3;PSMC3;PSMB5;UBB;PSMB1;PSMD8;PSMB7;PSMD13;PSMC5;PSMA5;PSMC4;PSMA1;PSMB2;ADRM1;PSMC2;PSMD2;PSMD14;PSMA7;PSMA3;TGFB1;UBC;PSMD3;PSMA4;SEM1;PSMD7;RPS27A;CDKN2A",-2.455163562067256,3.892825090262103e-9,TRUE,
"REACTOME_UBIQUITIN_DEPENDENT_DEGRADATION_OF_CYCLIN_D",39,-0.7249941637225593,-2.4588942984208395,3.008725512202415e-10,5.3515855421960985e-9,"PSMB6;PSMA6;PSMB4;UBA52;PSMB3;PSMC3;PSMB5;UBB;PSMB1;PSMD8;PSMB7;PSMD13;PSMC5;PSMA5;PSMC4;PSMA1;PSMB2;ADRM1;CDK4;PSMC2;PSMD2;PSMD14;PSMA7;PSMA3;UBC;PSMD3;PSMA4;SEM1;PSMD7;RPS27A",-2.4505138216505964,7.187369367245427e-9,TRUE,
"REACTOME_REGULATION_OF_ORNITHINE_DECARBOXYLASE_ODC",38,-0.7356258268859277,-2.477302736477612,3.531969912515361e-10,6.180947346901882e-9,"PSMB6;PSMA6;PSMB4;PSMB3;PSMC3;PSMB5;OAZ1;PSMB1;PSMD8;PSMB7;PSMD13;PSMC5;PSMA5;PSMC4;PSMA1;PSMB2;ADRM1;PSMC2;PSMD2;PSMD14;PSMA7;PSMA3;OAZ3;PSMD3;PSMA4;SEM1;PSMD7;ODC1",-2.481587345242249,2.295397096909637e-9,TRUE,
"REACTOME_CDK_MEDIATED_PHOSPHORYLATION_AND_REMOVAL_OF_CDC6",59,-0.6524890158601332,-2.4097619077904047,3.8007496195278553e-10,6.545735455853528e-9,"PSMB6;PSMA6;PSMB4;UBA52;PSMB3;PSMC3;ANAPC11;PSMB5;UBB;ANAPC15;PSMB1;PSMD8;PSMB7;PSMD13;PSMC5;PSMA5;PSMC4;PSMA1;PSMB2;ADRM1;ANAPC5;PSMC2;ANAPC2;PSMD2;PSMD14;PSMA7;PSMA3;UBE2S;ANAPC7;FZR1;UBC;PSMD3;PSMA4;SEM1;PSMD7;RPS27A",-2.4142741047616636,4.07045938247611e-9,TRUE,
"REACTOME_REGULATION_OF_APOPTOSIS",40,-0.713068408643472,-2.4399361401568678,4.3741181432441457e-10,7.415497164718591e-9,"PSMB6;PSMA6;PSMB4;UBA52;PSMB3;PSMC3;PSMB5;UBB;PSMB1;PSMD8;PSMB7;PSMD13;PSMC5;PSMA5;PSMC4;PSMA1;PSMB2;ADRM1;PSMC2;PSMD2;PSMD14;PSMA7;PSMA3;UBC;PSMD3;PSMA4;SEM1;PSMD7;RPS27A;ARHGAP10",-2.401480107322416,2.5052024074898722e-8,TRUE,
"REACTOME_REGULATION_OF_MRNA_STABILITY_BY_PROTEINS_THAT_BIND_AU_RICH_ELEMENTS",74,-0.6064002417666271,-2.326490605460317,5.069520175308315e-10,8.462199061860804e-9,"PSMB6;PSMA6;PSMB4;EXOSC4;UBA52;PSMB3;PSMC3;PSMB5;UBB;PSMB1;PSMD8;PSMB7;PSMD13;EXOSC7;PSMC5;PSMA5;PSMC4;PSMA1;PSMB2;EXOSC3;ADRM1;PSMC2;PSMD2;HSPB1;EXOSC2;PSMD14;EXOSC1;PSMA7;PSMA3;AKT1;UBC;MAPK11;EXOSC5;PSMD3;PSMA4;ELAVL1;HSPA8;SEM1;PSMD7;RPS27A",-2.2487162401524103,7.93869614358362e-8,TRUE,
"REACTOME_DEGRADATION_OF_CRY_AND_PER_PROTEINS",48,-0.6797337202111429,-2.4406683387523507,5.579810992086751e-10,9.17287110062746e-9,"PSMB6;PSMA6;PSMB4;UBA52;PSMB3;PSMC3;PSMB5;UBB;PSMB1;RBX1;PSMD8;PSMB7;PSMD13;PSMC5;PSMA5;PSMC4;PSMA1;PSMB2;ADRM1;PSMC2;PSMD2;PSMD14;PSMA7;PSMA3;UBC;PSMD3;PSMA4;SEM1;PSMD7;RPS27A",-2.428296895268874,1.1327039497123116e-8,TRUE,
"REACTOME_ANTIGEN_PROCESSING_UB_ATP_INDEPENDENT_PROTEASOMAL_DEGRADATION",19,-0.8447652536386696,-2.474127981813316,1.107133540349969e-9,1.7928953601189796e-8,"PSMB6;PSMA6;PSMB4;PSMB3;PSMB8;PSMB5;PSME1;PSMB1;PSMB9;PSMB7;PSMB10;PSME2;PSMA5;PSMA1;PSMB2;PSMA7;PSMA3",-2.442956741499851,6.825358977123863e-8,TRUE,
"REACTOME_TNFR2_NON_CANONICAL_NF_KB_PATHWAY",84,-0.5883348718769124,-2.3168687605818303,1.273267119927633e-9,2.0316100369433556e-8,"PSMB6;PSMA6;PSMB4;UBA52;PSMB3;PSMC3;PSMB5;UBB;PSMB1;UBE2M;PSMD8;PSMB7;PSMD13;CD70;TNFSF9;TNFRSF18;PSMC5;PSMA5;RELB;TNFRSF14;PSMC4;NFKB2;PSMA1;PSMB2;ADRM1;PSMC2;TNFRSF4;PSMD2;PSMD14;PSMA7;FASLG;PSMA3;TRAF2;UBC;TNFRSF12A;PSMD3;PSMA4;TNF;SEM1;PSMD7;RPS27A;TNFSF13B;TNFRSF9;LTB;TNFRSF1A;CD40",-2.259207535808238,8.302508675803979e-8,TRUE,
"REACTOME_GSK3B_MEDIATED_PROTEASOMAL_DEGRADATION_OF_PD_L1_CD274",44,-0.6944407864335911,-2.4238372624201463,1.6560815613161404e-9,2.6041282522145104e-8,"PSMB6;PSMA6;PSMB4;UBA52;PSMB3;PSMC3;PSMB5;UBB;PSMB1;RBX1;PSMD8;PSMB7;PSMD13;PSMC5;PSMA5;PSMC4;PSMA1;CD274;PSMB2;ADRM1;PSMC2;PSMD2;PSMD14;PSMA7;PSMA3;UBC;PSMD3;PSMA4;SEM1;PSMD7;RPS27A",-2.419654123019797,2.75238500645914e-8,TRUE,
"REACTOME_AMPK_INDUCED_ERAD_AND_LYSOSOME_MEDIATED_DEGRADATION_OF_PD_L1_CD274",54,-0.6498176500871298,-2.373432203850145,1.709458454307279e-9,2.6496606041762826e-8,"PSMB6;PSMA6;PSMB4;UBA52;PSMB3;PSMC3;PSMB5;UBB;PSMB1;PSMD8;PSMB7;PSMD13;PSMC5;PSMA5;PSMC4;PSMA1;CD274;PSMB2;PRKAG1;ADRM1;PSMC2;PSMD2;PSMD14;PSMA7;PSMA3;UBC;DERL2;PSMD3;PSMA4;SEM1;PSMD7;RPS27A;VCP",-2.343172636905313,5.765648058058554e-8,TRUE,
"REACTOME_REGULATION_OF_PD_L1_CD274_POST_TRANSLATIONAL_MODIFICATION",85,-0.573648479776051,-2.2527638845165323,2.02908368698915e-9,3.100782817441166e-8,"PSMB6;PSMA6;PSMB4;UBA52;PSMB3;TMEM258;PSMC3;RPN1;PSMB5;UBB;PSMB1;OST4;RBX1;PSMD8;PSMB7;PSMD13;PSMC5;CSNK2B;PSMA5;MIB2;PSMC4;PSMA1;CD274;DDOST;PSMB2;PRKAG1;ADRM1;DAD1;CDK4;PSMC2;PSMD2;PSMD14;PSMA7;PSMA3;PDCD1;UBC;OSTC;DERL2;PSMD3;PSMA4;SEM1;PSMD7;RPS27A",-2.2569248367050148,1.4460014312075776e-8,TRUE,
"REACTOME_ACTIVATION_OF_NF_KAPPAB_IN_B_CELLS",54,-0.6465082382212753,-2.361344713310038,2.7291565763545714e-9,4.112687340756542e-8,"PSMB6;PSMA6;PSMB4;UBA52;PSMB3;PSMC3;PSMB5;UBB;PSMB1;PSMD8;PSMB7;PSMD13;PSMC5;PSMA5;NFKBIE;PSMC4;PSMA1;PSMB2;NFKBIA;ADRM1;PSMC2;PSMD2;NFKBIB;PSMD14;PSMA7;PSMA3;UBC;PSMD3;PSMA4;SEM1;PSMD7;RPS27A",-2.3387906428632643,5.928710835804021e-8,TRUE,
"REACTOME_HEDGEHOG_LIGAND_BIOGENESIS",50,-0.6629100354390663,-2.389651683795901,3.0767546565638986e-9,4.572984660783329e-8,"PSMB6;PSMA6;PSMB4;UBA52;PSMB3;PSMC3;PSMB5;UBB;PSMB1;PSMD8;PSMB7;PSMD13;PSMC5;PSMA5;PSMC4;PSMA1;PSMB2;ADRM1;PSMC2;PSMD2;PSMD14;PSMA7;PSMA3;UBC;DERL2;PSMD3;PSMA4;P4HB;SEM1;PSMD7;RPS27A;VCP",-2.330456710037416,2.3406261873333798e-7,TRUE,
"REACTOME_UBIQUITIN_MEDIATED_DEGRADATION_OF_PHOSPHORYLATED_CDC25A",51,-0.6560010363501481,-2.3668205363625123,5.7343507033507535e-9,8.40779799072374e-8,"PSMB6;PSMA6;PSMB4;UBA52;PSMB3;PSMC3;PSMB5;UBB;PSMB1;RBX1;PSMD8;PSMB7;PSMD13;PSMC5;PSMA5;PSMC4;PSMA1;PSMB2;ADRM1;PSMC2;PSMD2;PSMD14;PSMA7;PSMA3;PLK3;UBC;MAPK11;PSMD3;PSMA4;SEM1;PSMD7;RPS27A",-2.3419793066101278,9.993152724860423e-8,TRUE,
"REACTOME_CELLULAR_RESPONSE_TO_HYPOXIA",61,-0.627395620699643,-2.3401532946733075,6.096894042787091e-9,8.820173381898658e-8,"PSMB6;PSMA6;PSMB4;UBA52;PSMB3;PSMC3;PSMB5;UBB;PSMB1;ELOB;RBX1;PSMD8;PSMB7;PSMD13;PSMC5;PSMA5;PSMC4;PSMA1;PSMB2;ADRM1;PSMC2;PSMD2;PSMD14;PSMA7;PSMA3;CITED2;UBC;ELOC;EGLN1;CA9;PSMD3;PSMA4;SEM1;PSMD7;RPS27A",-2.3256374605705408,4.846785816910934e-8,TRUE,
"REACTOME_DOWNSTREAM_TCR_SIGNALING",81,-0.5711741821210213,-2.222949308797954,6.4249439989143296e-9,9.172452945818484e-8,"PSMB6;PSMA6;PSMB4;UBA52;PSMB3;PSMC3;PSMB5;UBB;PSMB1;PSMD8;PSMB7;PSMD13;PSMC5;HLA-DRB1;HLA-DPB1;HLA-DQB1;PSMA5;HLA-DRA;PSMC4;HLA-DRB5;PSMA1;PSMB2;NFKBIA;CD3D;ADRM1;PSMC2;HLA-DPA1;LCK;PSMD2;PSMD14;PSMA7;CDC34;PSMA3;UBC;HLA-DQB2;CD247;PSMD3;PSMA4;HLA-DQA1;SEM1;CD3E;PSMD7;RPS27A",-2.1408773238116496,1.2575016619064769e-6,TRUE,
"REACTOME_RAC1_GTPASE_CYCLE",178,0.38928197330780023,2.070729372667812,6.66227574441741e-9,9.336111118989248e-8,"TRIO;ARHGAP21;SYDE2;OPHN1;SOS1;SOS2;FARP2;NCKAP1;SPATA13;DOCK7;ERBIN;CDC42BPA;LEMD3;ARHGAP5;GARRE1;PAK2;KTN1;PIK3CA;ABI2;WIPF2;FGD5;PIK3R1;FARP1;ARHGAP35;DOCK1;PREX2;IQGAP1;ARHGEF11;DOCK9;PLEKHG1;LBR;FAM13A;ABL2;FAM13B;ARHGAP42;WASL;ARHGEF7;ITGB1;ARHGAP26;PKN2;ARHGAP12;ARHGEF10;CHN2;VANGL1;DLC1;KALRN;ARHGEF5;DOCK11;ARAP2;MPP7;NHS;SWAP70;ARHGAP32;TAOK3;GNA13;VAV3",2.172531643111366,9.592769106447963e-9,TRUE,
"REACTOME_UCH_PROTEINASES",76,-0.5846364433536022,-2.2580180991426375,6.7576156183398944e-9,9.336111118989248e-8,"NEDD8;PSMB6;PSMA6;PSMB4;UBA52;PSMB3;PSMC3;PSMB5;UBB;PSMB1;H2AC25;PSMD8;PSMB7;PSMD13;H2AC20;PSMC5;ACTB;PSMA5;PSMC4;PSMA1;MCRS1;PSMB2;ADRM1;PSMC2;INO80C;PSMD2;UCHL3;INO80E;PSMD14;PSMA7;PSMA3;TGFB1;UBC;RUVBL1;TFPT;PSMD3;PSMA4;SEM1;PSMD7;RPS27A",-2.2451950665613336,1.0853121915740374e-7,TRUE,
"REACTOME_ABC_TRANSPORTER_DISORDERS",62,-0.6108330414089078,-2.2777679269755025,6.8360593999002005e-9,9.336111118989248e-8,"PSMB6;PSMA6;PSMB4;UBA52;PSMB3;PSMC3;PSMB5;UBB;PSMB1;PSMD8;PSMB7;PSMD13;PSMC5;PSMA5;PSMC4;PSMA1;PSMB2;ADRM1;PSMC2;PSMD2;PSMD14;ABCB6;PSMA7;PSMA3;UBC;ABCG5;ABCD1;DERL2;PSMD3;PSMA4;SEM1;PSMD7;RPS27A;VCP;ABCA12;ABCD4;RNF5",-2.230255372959773,4.1525364811490316e-7,TRUE,
"REACTOME_SARS_COV_1_HOST_INTERACTIONS",96,-0.5490893120293794,-2.2097954998374174,6.88376856699668e-9,9.336111118989248e-8,"UBA52;FAU;RPS5;UBB;RPS14;RPS15;RPS16;PPIB;PYCARD;RPS21;RPS10;RPS2;RPS8;RPS9;RPS11;RPS15A;RPS3;RPS18;RPS28;RPS23;RPS13;RPS29;SFN;RPSA;NFKBIA;PPIH;RPS19;BST2;UBE2I;PCBP2;RPS6;YWHAH;YWHAE;RPS26;PPIA;RPS12;IRF3;UBC;RPS3A;RPS4X;EEF1A1",-2.2305447795328384,5.855425568442196e-8,TRUE,
"REACTOME_DEGRADATION_OF_GLI1_BY_THE_PROTEASOME",46,-0.6687915622819371,-2.359905344048759,7.321692918214524e-9,9.807452859583653e-8,"PSMB6;PSMA6;PSMB4;UBA52;PSMB3;PSMC3;PSMB5;UBB;PSMB1;RBX1;PSMD8;PSMB7;PSMD13;PSMC5;PSMA5;PSMC4;PSMA1;PSMB2;ADRM1;PSMC2;PSMD2;PSMD14;PSMA7;PSMA3;UBC;PSMD3;PSMA4;SEM1;PSMD7;RPS27A",-2.360458579874411,4.846785816910934e-8,TRUE,
"REACTOME_STABILIZATION_OF_P53",44,-0.6795495113456924,-2.371861589118519,7.650641054881584e-9,1.0123104322617707e-7,"PSMB6;PSMA6;PSMB4;UBA52;PSMB3;PSMC3;PSMB5;UBB;PSMB1;PSMD8;PSMB7;PSMD13;PSMC5;PSMA5;PSMC4;PSMA1;PSMB2;ADRM1;PSMC2;PSMD2;PSMD14;PSMA7;PSMA3;UBC;PSMD3;PSMA4;SEM1;PSMD7;RPS27A;CDKN2A",-2.3809456465592787,9.395356812206961e-8,TRUE,
"REACTOME_COMPLEX_IV_ASSEMBLY",46,-0.6668615962890866,-2.353095244583957,8.65804605464593e-9,1.1318048155772089e-7,"COX8A;COX6A1;COX4I1;SCO2;COX14;PET100;COX5B;SURF1;COX7B;RAB5IF;HIGD2A;COX7A2;TACO1;COX6B1;COA3;TMEM223;COX5A;COX7C;COQ10A;COX7A1;TIMM21;COX6C;NDUFA4;COX4I2;COX16;TMEM177;SMIM20;COX7A2L",-2.3607904350052515,4.846785816910934e-8,TRUE,
"REACTOME_RHOB_GTPASE_CYCLE",68,0.5469936366244058,2.45430882093738,9.629217162056975e-9,1.2437738834323592e-7,"ROCK2;ARHGAP21;MYO9A;OPHN1;ARHGEF12;ERBIN;SOWAHC;ARHGAP5;PIK3R1;ROCK1;AKAP13;SLK;ARHGAP35;ARHGEF11;TJP2;RHPN2;DAAM1;ARHGAP26;PKN2;ARHGEF10;STARD13;VANGL1;DLC1;ARHGEF5;NET1;ARHGAP32",2.3954537740788395,2.291415582085503e-7,TRUE,
"REACTOME_REGULATION_OF_RUNX2_EXPRESSION_AND_ACTIVITY",57,-0.6281747182349019,-2.3205096579003848,1.0371216615668015e-8,1.323855297411741e-7,"PSMB6;PSMA6;PSMB4;UBA52;PSMB3;PSMC3;PSMB5;UBB;PSMB1;RBX1;PSMD8;PSMB7;STUB1;PSMD13;PSMC5;PSMA5;PSMC4;PSMA1;PSMB2;ADRM1;PSMC2;PSMD2;PSMD14;PSMA7;PSMA3;UBC;PSMD3;PSMA4;SEM1;PSMD7;RPS27A",-2.3272749075647488,5.6186933504769175e-8,TRUE,
"REACTOME_DOWNSTREAM_SIGNALING_EVENTS_OF_B_CELL_RECEPTOR_BCR",68,-0.5917938565990033,-2.249309200885553,1.3652968778355004e-8,1.7224966423854861e-7,"PSMB6;PSMA6;PSMB4;UBA52;PSMB3;HRAS;PSMC3;PSMB5;UBB;PSMB1;PSMD8;PSMB7;PSMD13;PSMC5;PSMA5;NFKBIE;PSMC4;PSMA1;PSMB2;NFKBIA;ADRM1;PSMC2;PSMD2;NFKBIB;PSMD14;PPIA;PSMA7;PSMA3;NFATC1;UBC;PSMD3;PSMA4;SEM1;PSMD7;RPS27A",-2.2117034106706477,4.099328091503972e-7,TRUE,
"REACTOME_MITOTIC_G1_PHASE_AND_G1_S_TRANSITION",137,-0.49589031134426564,-2.0898871989101226,1.7286785534471568e-8,2.1558807247013392e-7,"PSMB6;PSMA6;PSMB4;UBA52;PSMB3;PSMC3;PSMB5;UBB;PSMB1;MCM5;POLA2;PSMD8;PSMB7;PSMD13;TK1;PSMC5;CDT1;PSMA5;CDC45;PSMC4;PSMA1;PSMB2;LIN37;ADRM1;TYMS;CKS1B;MCM7;CDK4;PCNA;PSMC2;MAX;PSMD2;CDKN2D;PSMD14;PPP2R1A;PSMA7;CCNB1;PSMA3;AKT1;UBC;RPA1;PPP2R3B;PSMD3;MCM2;RPA3;PSMA4;CCND3;POLE4;SEM1;ORC1;PSMD7;RPS27A;RPA2;CDKN2A;E2F1;POLE3;LYN;CDKN2C;PPP2CA",-2.1811370922559403,7.038328672780601e-9,TRUE,
"REACTOME_SIGNALING_BY_NOTCH4",71,-0.5786643969785168,-2.217800834928632,1.8919749047864875e-8,2.3209316314767677e-7,"PSMB6;PSMA6;PSMB4;UBA52;PSMB3;PSMC3;PSMB5;UBB;PSMB1;RBX1;PSMD8;PSMB7;PSMD13;PSMC5;PSMA5;PSMC4;PSMA1;PSMB2;ADRM1;APH1A;PSMC2;PSMD2;PSMD14;PSMA7;PSMA3;AKT1;UBC;PSENEN;PSMD3;PSMA4;SEM1;TACC3;PSMD7;RPS27A",-2.1744746606864065,1.0873764834530056e-6,TRUE,
"REACTOME_DEGRADATION_OF_AXIN",42,-0.6763976650423689,-2.332749604033953,1.9038056700592842e-8,2.3209316314767677e-7,"PSMB6;PSMA6;PSMB4;UBA52;PSMB3;PSMC3;PSMB5;UBB;PSMB1;PSMD8;PSMB7;PSMD13;PSMC5;PSMA5;PSMC4;PSMA1;PSMB2;ADRM1;PSMC2;PSMD2;PSMD14;PSMA7;PSMA3;UBC;PSMD3;PSMA4;SEM1;PSMD7;RPS27A",-2.3141659646152903,4.73576386497863e-7,TRUE,
"REACTOME_P53_DEPENDENT_G1_DNA_DAMAGE_RESPONSE",52,-0.6340620305805078,-2.305661722332715,2.6373377023745657e-8,3.179457118973782e-7,"PSMB6;PSMA6;PSMB4;UBA52;PSMB3;PSMC3;PSMB5;UBB;PSMB1;PSMD8;PSMB7;PSMD13;PSMC5;PSMA5;PSMC4;PSMA1;PSMB2;ADRM1;PSMC2;PSMD2;ZNF385A;PSMD14;PSMA7;PSMA3;UBC;PSMD3;PSMA4;SEM1;PSMD7;RPS27A;CDKN2A",-2.2625129713813075,6.90496291789933e-7,TRUE,
"REACTOME_CRISTAE_FORMATION",33,-0.7094176105517332,-2.351991192875078,4.677049700183263e-8,5.576482334833891e-7,"ATP5ME;ATP5MF;ATP5F1D;MTX1;ATP5MJ;TMEM11;ATP5PO;ATP5MG;MICOS13;ATP5F1B;ATP5F1A;ATP5MC1;ATP5MC3;ATP5MC2;ATP5F1C;CHCHD6;SAMM50;ATP5PD;ATP5PB;ATP5PF;ATP5MK;MICOS10",-2.3649072050362814,2.022553848602031e-7,TRUE,
"REACTOME_S_PHASE",149,-0.4766496329139199,-2.0279907555971044,6.13107548144303e-8,7.230670540614877e-7,"PSMB6;PSMA6;PSMB4;UBA52;PSMB3;PSMC3;ANAPC11;PSMB5;UBB;ANAPC15;PSMB1;MCM5;RBX1;POLA2;PSMD8;PSMB7;PSMD13;PSMC5;CDT1;PSMA5;CDC45;PSMC4;PSMA1;POLD2;PSMB2;LIN37;RFC2;ADRM1;CKS1B;MCM7;CDK4;ANAPC5;FEN1;PCNA;PSMC2;MAX;ANAPC2;PSMD2;PSMD14;PSMA7;PSMA3;UBE2S;AKT1;ANAPC7;FZR1;UBC;POLD1;RPA1;PSMD3;RFC5;MCM2;RPA3;GINS2;PSMA4;POLE4;POLD4;SEM1;ORC1;PSMD7;RPS27A;GINS3;RPA2",-2.030665779741007,3.4929168145363504e-7,TRUE,
"REACTOME_CYCLIN_A_CDK2_ASSOCIATED_EVENTS_AT_S_PHASE_ENTRY",74,-0.5675478668374726,-2.1774311575135825,8.810116599650806e-8,1.0278469366259274e-6,"PSMB6;PSMA6;PSMB4;UBA52;PSMB3;PSMC3;PSMB5;UBB;PSMB1;PSMD8;PSMB7;PSMD13;PSMC5;PSMA5;PSMC4;PSMA1;PSMB2;LIN37;ADRM1;CKS1B;CDK4;PSMC2;MAX;PSMD2;PSMD14;PSMA7;PSMA3;AKT1;FZR1;UBC;PSMD3;PSMA4;SEM1;PSMD7;RPS27A",-2.2257995245060616,1.8032500989078074e-7,TRUE,
"REACTOME_REGULATION_OF_PTEN_STABILITY_AND_ACTIVITY",56,-0.6132654299822788,-2.2589394024931617,1.1943038795492057e-7,1.378531605649881e-6,"PSMB6;PSMA6;PSMB4;UBA52;PSMB3;PSMC3;PSMB5;UBB;PSMB1;PSMD8;PSMB7;STUB1;PSMD13;PSMC5;CSNK2B;PSMA5;PSMC4;PSMA1;PSMB2;ADRM1;PSMC2;PSMD2;PSMD14;PSMA7;PSMA3;AKT1;TRIM27;UBC;PSMD3;PSMA4;SEM1;PSMD7;RPS27A",-2.2514712635639373,1.0082164115201257e-6,TRUE,
"REACTOME_CO_INHIBITION_BY_PD_1",176,-0.4451630919256279,-1.9261568269466314,1.4341868676908312e-7,1.6379923699416334e-6,"PSMB6;PSMA6;PSMB4;UBA52;PSMB3;TMEM258;PSMC3;RPN1;PSMB5;UBB;PSMB1;OST4;RBX1;PSMD8;PSMB7;PSMD13;H2AC20;PSMC5;CSNK2B;HLA-DRB1;HLA-DPB1;HLA-DQB1;H2AX;PSMA5;MIB2;IRF1;HLA-DRA;PSMC4;NFKB2;HLA-DRB5;PSMA1;CD274;DDOST;PSMB2;CD3D;PRKAG1;ADRM1;DAD1;CDK4;PSMC2;HLA-DPA1;PTPN6;LCK;CSK;PSMD2;PSMD14;TEAD4;PSMA7;PSMA3;PDCD1;UBC;HLA-DQB2;CD247;EED;OSTC;H4C5;DERL2;PSMD3;H2AZ2;PSMA4;JUND;HLA-DQA1;SEM1;CD3E;PSMD7;RPS27A",-1.8330312729984028,1.169476727565208e-5,TRUE,
"REACTOME_RUNX1_REGULATES_TRANSCRIPTION_OF_GENES_INVOLVED_IN_DIFFERENTIATION_OF_HSCS",79,-0.5491742622811171,-2.135220584449185,2.2305218552616643e-7,2.5209543884988603e-6,"PSMB6;PSMA6;PSMB4;UBA52;PSMB3;PSMC3;PSMB5;UBB;PSMB1;PSMD8;PSMB7;PSMD13;H2AC20;PSMC5;H2AX;PSMA5;PSMC4;PSMA1;PSMB2;ADRM1;PSMC2;PSMD2;PSMD14;PSMA7;PSMA3;UBC;SPI1;H4C5;PSMD3;H2AZ2;PSMA4;TP73;SEM1;PSMD7;RPS27A",-2.0705860797174895,3.187571883332204e-6,TRUE,
"REACTOME_TCR_SIGNALING",101,-0.512104918679666,-2.0850091752769386,2.83536854049814e-7,3.171520480866476e-6,"PSMB6;PSMA6;PSMB4;UBA52;PSMB3;PSMC3;PSMB5;UBB;PSMB1;PSMD8;PSMB7;PSMD13;PSMC5;HLA-DRB1;HLA-DPB1;HLA-DQB1;PSMA5;HLA-DRA;PSMC4;HLA-DRB5;PSMA1;PSMB2;NFKBIA;CD3D;ADRM1;PSMC2;HLA-DPA1;LCK;CSK;PSMD2;PSMD14;PSMA7;CDC34;PSMA3;UBC;HLA-DQB2;CD247;PSMD3;PSMA4;HLA-DQA1;SEM1;CD3E;PSMD7;RPS27A",-2.0161674831573757,1.948092687444703e-5,TRUE,
"REACTOME_NERVOUS_SYSTEM_DEVELOPMENT",500,-0.3461157979898601,-1.6191303168192865,3.0986422761437516e-7,3.430639662873439e-6,"PFN1;PSMB6;PSMA6;PSMB4;UBA52;FAU;PSMB3;MYL6;HRAS;AP2S1;PSMC3;RPS5;PSMB5;UBB;RPL18A;PSMB1;ELOB;RPS14;RPS15;RBX1;RPL28;RPL18;RPS16;PSMD8;PSMB7;PSMD13;TUBB4B;RPS21;RPLP2;RPS10;RPS2;RPS8;RPL26L1;RPL8;RPLP0;NRTN;PSMC5;ACTB;CSNK2B;RPL26;RPS9;RPL13;RPS11;PSMA5;RPL36;RPS15A;RPS3;ARPC1B;RPS18;RPS28;RPL35;RPS23;EPHB6;RPS13;RPL27;EIF4A3;TYROBP;PSMC4;PSMA1;CLTA;RPLP1;PSMB2;RPL7A;RPS29;TUBA1B;ARPC4;RPL29;RPSA;RPL37;CLTB;CFL1;RPL17;RPL36AL;AP2M1;TUBA4A;ADRM1;RPL10A;RPS19;CDK5;ARPC1A;APH1A;RPL22L1;RHOC;RPL13A;RPL3;PSMC2;RPS6;RPL27A;ROBO3;RPL23A;PSMD2;ACTG1;RPL38;RPS26;PSMD14;RPL34;RBM8A;RRAS;RPS12;PSMA7;PSMA3;RPL9;MAP2K2;RPL10;MAGOH;TUBA1C;RPL35A;AGAP2;EFNA1;UBC;RPS3A;DOK1;TREM2;RPS6KA4;RPL19;RPL5;ELOC;RPS4X;MYL12A;RPL41;MAPK3;MYL12B;PAK6;RND1;PSENEN;PSMD3;DOK2;RPL30;RPL37A;RPL15;LAMA1;SPTBN4;CXCR4;PSMA4;TUBB3;RPL31;RPL12;MAGOHB;RNPS1;ADGRV1;HSPA8;PDLIM7;CD72;SEM1",-1.555355732760839,2.6182041439871694e-5,TRUE,
"REACTOME_G2_M_CHECKPOINTS",135,-0.4713308539304044,-1.9791806557549478,3.3974967879501163e-7,3.7235192069958346e-6,"BABAM1;PSMB6;PSMA6;PSMB4;UBA52;PSMB3;PSMC3;PSMB5;UBB;PSMB1;MCM5;PSMD8;PSMB7;PSMD13;PSMC5;H2AX;PSMA5;CDC45;PSMC4;PSMA1;PKMYT1;PSMB2;SFN;KAT5;RFC2;ADRM1;MCM7;PSMC2;YWHAH;PSMD2;YWHAE;ATRIP;PSMD14;PSMA7;CCNB1;PSMA3;RAD9A;UBC;CCNB2;RPA1;H4C5;PSMD3;RFC5;MCM2;RPA3;PSMA4;SEM1;ORC1;PSMD7;RPS27A;RPA2",-1.968968388222394,6.839735032279843e-6,TRUE,
"REACTOME_DEGRADATION_OF_BETA_CATENIN_BY_THE_DESTRUCTION_COMPLEX",72,-0.5559191726658976,-2.1295027928429553,5.906592141463473e-7,6.383833909825145e-6,"PSMB6;PSMA6;PSMB4;UBA52;PSMB3;PSMC3;PSMB5;UBB;PSMB1;RBX1;PSMD8;PSMB7;PSMD13;PSMC5;PSMA5;PSMC4;PSMA1;PSMB2;TLE5;CTBP1;ADRM1;PSMC2;PSMD2;PSMD14;PPP2R1A;PSMA7;PSMA3;UBC;PSMD3;PSMA4;SEM1;PSMD7;RPS27A",-2.1574819473813918,1.276618489039678e-6,TRUE,
"REACTOME_CDC42_GTPASE_CYCLE",147,0.38063046994538163,1.9701676501599164,5.942555068132162e-7,6.383833909825145e-6,"TRIO;ARHGAP21;FNBP1L;OPHN1;ARHGEF12;DNMBP;SPATA13;SH3PXD2A;DOCK7;CDC42BPA;ARHGAP5;PAK2;KTN1;WIPF2;PIK3R1;FARP1;ARHGAP35;PREX2;IQGAP1;ARHGEF11;FMNL2;DOCK9;PLEKHG1;LBR;FAM13B;ARHGAP42;WASL;ARHGEF7;ITSN1;DAAM1;ARHGAP26;ARHGEF10;STARD13;VANGL1;DLC1;ARHGEF5;DOCK11;FGD4;ARHGEF9;CDC42BPB;ARAP2",2.042882363058145,1.5065469581539376e-6,TRUE,
"REACTOME_G1_S_DNA_DAMAGE_CHECKPOINTS",66,-0.5645124202426737,-2.1270490668552577,6.392429024557695e-7,6.799789697691274e-6,"PSMB6;PSMA6;PSMB4;UBA52;PSMB3;PSMC3;PSMB5;UBB;PSMB1;RBX1;PSMD8;PSMB7;PSMD13;PSMC5;PSMA5;PSMC4;PSMA1;PSMB2;ADRM1;PSMC2;PSMD2;ZNF385A;PSMD14;PSMA7;PSMA3;PLK3;UBC;MAPK11;PSMD3;PSMA4;SEM1;PSMD7;RPS27A;CDKN2A",-2.1091520915453432,7.316064268795299e-6,TRUE,
"REACTOME_SARS_COV_1_INFECTION",141,-0.4621308529868468,-1.95162398268284,7.099566381073109e-7,7.478669440256625e-6,"UBA52;FAU;RPS5;UBB;RPS14;RPS15;RPS16;PPIB;PYCARD;RPS21;RPS10;RPS2;RPS8;RPS9;RPS11;RPS15A;RPS3;RPS18;RPS28;RPS23;RPS13;RPS29;SFN;RPSA;MGAT1;NFKBIA;PPIH;RPS19;BST2;CHMP2A;ST6GALNAC4;CHMP6;UBE2I;PCBP2;RPS6;YWHAH;CTSL;YWHAE;PARP10;RPS26;PPIA;RPS12;IRF3;UBC;RPS3A;RPS4X;EEF1A1",-1.9453235324417046,5.1677687900493595e-6,TRUE,
"REACTOME_INTERFERON_SIGNALING",256,-0.39382808145536136,-1.7615581480511584,1.05694968586053e-6,1.1026830857294953e-5,"UBA52;SEC13;PSMB8;UBB;CENPX;UBE2L6;TUBB4B;MT2A;TARBP2;SOCS1;FNTB;PIN1;ACTB;SPHK1;FANCG;HLA-DRB1;HLA-DPB1;HLA-DQB1;ISG15;IRF1;EIF4A3;HLA-DRA;HLA-DRB5;IFITM3;TUBA1B;IRF7;SFN;HLA-G;AAAS;GBP4;FAAP20;CIITA;IFI35;IFI27;DUS2;TUBA4A;IFNAR2;HLA-C;EIF4E2;IFITM2;BST2;HLA-F;UBE2I;ISG20;HLA-DPA1;PTPN6;IFITM1;YBX1;HLA-A;PML;ACTG1;PPP2R1A;HLA-E;IFI6;IRF3;ICAM1;GBP1;ILF2;TUBA1C;USP18;TRIM21;GBP5;UBC;HLA-DQB2;FCGR1A;MAPK3;FAAP100;HLA-B;IFIT3;FANCE;IFNGR2;TUBB3;NUP37;HLA-DQA1;HSPA8;HSPA2;MX1;RPS27A;TUBB6;UBA7;TYK2;TUBA1A;GBP2;B2M;NUP62;TP53;PPP2CA;CENPS;NUP85;CASP1;SEH1L;IP6K2;PTAFR;IFI30;NUP93;STAT1;HLA-H;HLA-DQA2;SAMHD1;NUP188;IFI44;JAK2;HSPA5;SOCS3;TUBB2A;IFI44L;TRIM29;CD44;FNTA;OAS2;IFIT2;TRIM22;OASL;UBE2N;TRIM3;EIF2S1;IRF5;IRF9",-1.616074916891646,3.543803124541573e-4,TRUE,
"REACTOME_NUCLEAR_EVENTS_MEDIATED_BY_NFE2L2",85,-0.5202234791434746,-2.042959594610061,1.1519646462588643e-6,1.1903634678008265e-5,"PSMB6;PSMA6;PSMB4;UBA52;PSMB3;PSMC3;PSMB5;UBB;PSMB1;RBX1;PSMD8;PSMB7;PSMD13;PSMC5;PSMA5;PSMC4;PSMA1;KEAP1;TALDO1;ABCF2;PSMB2;PRDX1;ADRM1;PSMC2;PSMD2;TKT;PSMD14;SOD3;PSMA7;PSMA3;G6PD;PGD;UBC;PSMD3;PSMA4;ATF4;SEM1;PSMD7;RPS27A;CDKN2A",-2.080090137104865,2.1927000578491678e-6,TRUE,
"REACTOME_FORMATION_OF_ATP_BY_CHEMIOSMOTIC_COUPLING",20,-0.7746245794052592,-2.3253125414168716,1.2047179023141658e-6,1.2331310603876132e-5,"ATP5ME;ATP5MF;ATP5F1D;ATP5MJ;ATP5PO;ATP5MG;ATP5F1B;ATP5F1A;ATP5MC1;ATP5MC3;ATP5MC2;ATP5F1C;ATP5PD;ATP5PB;ATP5PF;ATP5MK",-2.2810501750744376,2.0207063885495267e-5,TRUE,
"REACTOME_ASPARAGINE_N_LINKED_GLYCOSYLATION",288,-0.3805860372153031,-1.7189115620103461,1.256086260390932e-6,1.2736949462842628e-5,"DPM3;COPE;TRAPPC2L;UBA52;TMEM258;SEC13;RPN1;UBB;TRAPPC1;DCTN3;DYNLL1;GFUS;OST4;LMAN2;STX5;ARF1;MPDU1;TRAPPC4;DCTN2;TRAPPC3;TUBB4B;ARF5;DPM2;AMDHD2;GMPPB;TRAPPC5;TMED9;GMPPA;CALR;NUDT14;DDOST;TMED3;TUBA1B;B4GALT2;MGAT1;TUBA4A;DAD1;NAGK;NANS;ALG12;MAN1B1;COPZ1;ST6GALNAC4;RAB1B;PMM1;ALG3;MGAT2;ALG1;DOLK;B4GALT3;BET1L;UBXN1;TUBA1C;FUOM;MPI;CTSZ;UBC;ACTR1A;COPG1;NAPA;KDELR1;MVD;OSTC;COG7;TMEM115;DERL2;RENBP;SLC35C1;SPTBN4;TUBB3;COG4;ALG14;SRD5A3;TRAPPC6A;CAPZB;PREB;AMFR;KDELR3;EDEM2;DHRSX;RPS27A;TUBB6;TUBA1A;VCP;SAR1B;FUT3;CTSC;SLC35A1;SEC22A;CNIH1;PRKCSH;KDELR2;RFT1;FUT8;RNF5;ANK1;GMDS;ASGR2;LMAN2L;HK1;TMED10;NEU1;ARFGAP2;ALG5;COPZ2;UAP1;ALG2;TFG;STT3A;ST6GALNAC2;CD59;TUBB2A;CTSA;CD55;COG8;FCSK;SERPINA1;PSMC1;MGAT4B;ARF4;CSNK1D;TMED2",-1.7011585043976587,2.9667406397504285e-5,TRUE,
"REACTOME_INTERLEUKIN_1_SIGNALING",100,-0.49692125270103704,-2.0177522016259535,1.642177751034786e-6,1.649780425808095e-5,"PSMB6;PSMA6;PSMB4;UBA52;PSMB3;PSMC3;PSMB5;UBB;PSMB1;RBX1;PSMD8;PSMB7;PSMD13;PSMC5;PSMA5;PSMC4;NFKB2;PSMA1;PSMB2;NFKBIA;PELI3;TNIP2;ADRM1;PSMC2;PSMD2;NFKBIB;PSMD14;SAA1;PSMA7;PSMA3;TRAF2;USP18;UBC;IL1RN;PSMD3;TIFA;PSMA4;IL1B;TOLLIP;SEM1;PSMD7;RPS27A;TAB1;TP53;NLRX1;RIPK2;MAP3K8;NLRC5;IL1R2;IL1A;PSMD6;MYD88;PSMC6;SKP1;PSMC1;LRRC14;IKBIP;UBE2N",-1.9949894377596316,2.5401953967005738e-5,TRUE,
"REACTOME_FORMATION_OF_PARAXIAL_MESODERM",52,-0.587288949921164,-2.135579149160662,1.7288765972383275e-6,1.720945970645491e-5,"PSMB6;PSMA6;PSMB4;PSMB3;PSMC3;PSMB5;PSMB1;PSMD8;PSMB7;PSMD13;PSMC5;PSMA5;PSMC4;PSMA1;PSMB2;ADRM1;PSMC2;PSMD2;PSMD14;PSMA7;PSMA3;MESP2;PSMD3;PSMA4;SEM1;PSMD7",-2.134787063966117,1.6098293223711778e-5,TRUE,
"REACTOME_CLEC7A_DECTIN_1_SIGNALING",86,-0.5155904773844281,-2.0256731817809333,1.889319442075715e-6,1.8635559951383188e-5,"PSMB6;PSMA6;PSMB4;UBA52;PSMB3;PSMC3;PSMB5;UBB;PSMB1;UBE2M;PSMD8;PSMB7;PYCARD;PSMD13;PSMC5;PSMA5;RELB;PSMC4;NFKB2;PSMA1;PSMB2;NFKBIA;ADRM1;PSMC2;PSMD2;PSMD14;PSMA7;CDC34;PSMA3;NFATC1;UBC;PSMD3;PSMA4;IL1B;SEM1;PSMD7;RPS27A;TAB1",-2.0150765761422322,1.4162033857688879e-5,TRUE,
"REACTOME_DENGUE_VIRUS_INFECTION",352,-0.36237283200103176,-1.6639024864435485,2.1240123479177364e-6,2.076174231973643e-5,"POLR2I;POLR2L;DPM3;SF3B5;UBA52;UFD1;TMEM258;AP2S1;PHF5A;RPN1;MLST8;UBB;SRSF9;POLR2F;POLR2G;TXNL4A;OST4;DYNLT1;LY6E;PCBP1;RPL18;H2AC25;SNRPD2;H2AC20;DPM2;SNRPF;PUF60;RNASEK;ALYREF;SNRPB;SUGP1;EIF4A3;SNRNP40;POLR2H;EMC4;CALR;DDOST;PQBP1;AUP1;SNRPD1;POLR2E;XAB2;RPSA;NFKBIA;PPIE;CPSF4;AP2M1;SKIC8;SRSF7;DAD1;POLR2J;UBE2I;PCBP2;CD300A;YBX1;NFKBIB;PML;PAF1;C1QA;CD14;PRR5;SF3A2;U2AF1L4;SNRPG;DNAJC8;UBC;KDELR1;HNRNPF;PRPF19;OSTC;DAXX;H4C5;SF3B4;GAS6;PPIL1;SEC11C;GTF2F1;SPCS1;SNRPE;STING1;CLP1;ELAVL1;GRPEL1;SPCS2;P4HB;RBM10;RNPS1;UBA1;HSPA8;GPKOW;SF3A3;BUD31;SNRPN;RPS27A;POLR2C;UBA7;U2AF2;HNRNPL;VCP;AP2A2;HNRNPM;ATG7;FUS;SEC11A;NACA;LYN",-1.5902540008081703,2.8231014321391574e-4,TRUE,
"REACTOME_COMPLEX_III_ASSEMBLY",26,-0.7006085031775692,-2.214149786711705,2.6200629072450987e-6,2.5381859413936893e-5,"UQCR10;UQCC3;UQCR11;CYC1;UQCRC1;UQCRHL;UQCRQ;UQCRH;UQCC2;UQCC5;HSCB;LYRM4;UQCRC2;UQCRFS1;BCS1L;ISCU",-2.234342071221013,2.55130630855881e-5,TRUE,
"REACTOME_ABC_FAMILY_PROTEINS_MEDIATED_TRANSPORT",85,-0.509822508089507,-2.002114141723256,3.191179035204639e-6,3.059885242646125e-5,"PSMB6;PSMA6;PSMB4;UBA52;PSMB3;PSMC3;PSMB5;UBB;PSMB1;PSMD8;PSMB7;PSMD13;PSMC5;PSMA5;PSMC4;PSMA1;PSMB2;ADRM1;PSMC2;PSMD2;PSMD14;ABCB6;PSMA7;PSMA3;ABCB8;UBC;ABCG5;ABCD1;DERL2;PSMD3;PSMA4;SEM1;PSMD7;RPS27A;VCP;ABCA12;ABCA7;RNF5;ABCB9",-1.9882366472020454,2.6182041439871694e-5,TRUE,
"REACTOME_MRNA_SPLICING_MINOR_PATHWAY",50,-0.5875410035251352,-2.117962126554694,3.2149946328263435e-6,3.059885242646125e-5,"POLR2I;POLR2L;SF3B5;SNRNP25;POLR2F;POLR2G;TXNL4A;SNRPD2;SNRPF;SNRPB;SNRNP40;POLR2H;SNRPD1;POLR2E;ZMAT5;SRSF7;POLR2J;YBX1;SNRNP35;SNRPG;SF3B4;GTF2F1;SNRPE",-2.037280488422368,1.1357234709440178e-4,TRUE,
"REACTOME_REGULATION_OF_RAS_BY_GAPS",55,-0.5751355998821553,-2.113119663859465,3.751735448940943e-6,3.539680836609499e-5,"PSMB6;PSMA6;PSMB4;UBA52;PSMB3;HRAS;PSMC3;PSMB5;UBB;PSMB1;RBX1;PSMD8;PSMB7;PSMD13;PSMC5;PSMA5;PSMC4;PSMA1;PSMB2;ADRM1;PSMC2;PSMD2;PSMD14;PSMA7;PSMA3;UBC;PSMD3;PSMA4;SEM1;PSMD7;RPS27A",-2.112989681197568,4.997429806990859e-5,TRUE,
"REACTOME_CLASS_I_MHC_MEDIATED_ANTIGEN_PROCESSING_PRESENTATION",348,-0.3606099313195348,-1.6546494932775317,3.937552932138882e-6,3.6829697684230066e-5,"PSMB6;PSMA6;PSMB4;UBA52;PSMB3;PSMC3;SEC13;ANAPC11;PSMB8;PSMB5;UBB;PSME1;PSMB1;ELOB;FBXO6;RBX1;PSMB9;FBXL15;UBE2L6;UBE2M;PSMD8;PSMB7;STUB1;PSMD13;PSMB10;UBE2J2;PSME2;SOCS1;CYBA;PSMC5;FBXW9;RNF25;RNF220;RNF126;CDC20;PSMA5;FBXW5;MIB2;UBAC1;SEC61B;PSMC4;CALR;PSMA1;KEAP1;VAMP8;THOP1;PSMB2;HLA-G;TAPBP;RNF34;TAP1;ASB6;ADRM1;HLA-C;BTBD6;ANAPC5;UBE2F;HLA-F;STX4;PSMC2;TRAIP;RNF19B;CTSL;ANAPC2;HLA-A;PSMD2;RNF7;PSMD14;HLA-E;PSMA7;CDC34;S100A8;PSMA3;SEC61G;CD14;UBE2S;S100A9;ANAPC7;FZR1;TRIM21;CCNF;UBC;KLHL22;TRIM11;ELOC;FCGR1A;BCAP31;HLA-B;PSMD3;SEC61A1;RBCK1;TRAF7;RNF130;SPSB2;PSMA4;HECTD3;NCF1;UBA1;SEM1;PSMD7;RPS27A;UBA7;FBXW4;FBXL16;NCF4;FBXO22;MGRN1;UBE2L3;B2M;SAR1B;ATG7;TRIM69;UBE2D2;NCF2",-1.6541851712723963,2.6635819374196966e-5,TRUE,
"REACTOME_PTEN_REGULATION",125,-0.45165827593596697,-1.8761258449100655,5.3093832241434345e-6,4.9236588018766045e-5,"PSMB6;PSMA6;PSMB4;UBA52;PSMB3;PSMC3;LAMTOR5;MLST8;PSMB5;UBB;PSMB1;LAMTOR4;LAMTOR1;PSMD8;PSMB7;STUB1;PSMD13;PSMC5;CSNK2B;PSMA5;MAF1;LAMTOR2;PSMC4;PSMA1;PSMB2;ADRM1;PSMC2;HDAC3;PSMD2;RING1;PML;PSMD14;PSMA7;PSMA3;AKT1;TRIM27;MBD3;UBC;EED;MAPK3;MTA2;PSMD3;CBX8;PSMA4;RRAGC;SEM1;PSMD7;RPS27A;MTA1",-1.8857248808400362,2.9943884886143866e-5,TRUE,
"REACTOME_MHC_CLASS_II_ANTIGEN_PRESENTATION",111,-0.4690745528951284,-1.9238015879130221,5.614645596417702e-6,5.162619044163735e-5,"AP2S1;SEC13;DCTN3;DYNLL1;HLA-DMA;ARF1;DCTN2;TUBB4B;CD74;HLA-DRB1;HLA-DPB1;HLA-DQB1;LAG3;HLA-DRA;LGMN;HLA-DRB5;CLTA;HLA-DMB;TUBA1B;CTSD;AP2M1;TUBA4A;HLA-DPA1;CTSL;AP1S1;HLA-DOA;RILP;TUBA1C;AP1M2;HLA-DQB2;ACTR1A;ACTR1B;KIF22;KLC3;KLC2;AP1B1;TUBB3;CAPZB;HLA-DQA1;CTSB;AP1M1;KLC1;TUBB6;KIF2C;TUBA1A;AP2A2;SAR1B;CTSC",-1.7592279785192195,9.569500832686947e-4,TRUE,
"REACTOME_GAMMA_CARBOXYLATION_HYPUSINYLATION_HYDROXYLATION_AND_ARYLSULFATASE_ACTIVATION",54,-0.5573450901335812,-2.03567998715245,5.739692697230909e-6,5.233249223945829e-5,"EIF5A;RPL8;JMJD4;RPS23;DRG1;DRG2;DPH7;RPS6;RPL27A;DOHH;EEF2;DPH2;TPST2;KDM8;GAS6;DPH1;JMJD6;SUMF2;FN3K;RCCD1;U2AF2;FN3KRP;RIOX1;ARSI;ARSA",-1.9787840953579385,2.679655571544442e-4,TRUE,
"REACTOME_SIGNALING_BY_INTERLEUKINS",394,-0.34791088751158455,-1.6085024597295436,6.448215026373626e-6,5.830261086346153e-5,"PSMB6;PSMA6;PSMB4;CCL3;UBA52;PSMB3;PSMC3;PSMB5;UBB;SOD1;PSMB1;RBX1;ARF1;PSMD8;PSMB7;CCL3L3;PSMD13;IL32;BOLA2B;PSME2;SOCS1;GSDMD;RPLP0;PSMC5;CCL4;PSMA5;AIP;GSTO1;CXCL10;SIGIRR;PSMC4;NFKB2;PSMA1;STXBP2;TALDO1;CXCL8;PSMB2;IL12RB1;CCL5;NFKBIA;PELI3;CFL1;TIMP1;TNIP2;ADRM1;CEBPD;FSCN1;IL17RC;STX4;PSMC2;PTPN6;LCK;OSM;PSMD2;NFKBIB;CSF2;PSMD14;SAA1;PPP2R1A;PPIA;ANXA2;BIRC5;PSMA7;FASLG;ICAM1;PSMA3;DUSP4;IL20RB;MUC1;AKT1;MAPKAPK3;TRAF2;LGALS9;USP18;IL15RA;TGFB1;UBC;MAPK11;IL1RN;HNRNPF;MAPK3;MMP1;IL23A;HAVCR2;IL6;CXCL1;PSMD3;TIFA;PSMA4;IL1B;TNF;TOLLIP;PTGS2;IL18BP;MAP2K3;P4HB;HSPA8;SEM1;BATF;ITGB2;PSMD7;RPS27A;JUNB;TYK2;TAB1;VRK3;CSF3;LCN2;HCK;SOD2;LYN;TNFRSF1A;TP53;PPP2CA;FPR1;NLRX1;CASP1;HMOX1;PTAFR;IL18RAP;CRLF1;SNRPA1;CD86;RIPK2;CXCL2;STAT1;IL2RB;IL24;MAP3K8;IL10RB;NLRC5;IL27RA;RPS6KA1;IL1R2;IL2RA;DUSP7;ITGAM;IL1A;PSMD6;ANXA1;STX1A;JAK2;CD80;SOCS3;MAPK7;MYD88;CISH;CCL2;ITGAX;IL17RB;PSMC6;CSF1;SKP1;CCR5;PSMC1;IL7;MMP9;LRRC14;IKBIP;ALOX5;IL21R;UBE2N;CASP3;STAT5A;S100B;MAPKAPK2;IL11;TCP1;H3C10",-1.4431155055360994,0.0042741383725555925,TRUE,
"REACTOME_TRANSCRIPTIONAL_REGULATION_BY_RUNX2",101,-0.4784202653029135,-1.9478638193259943,8.43098376869175e-6,7.523330761764336e-5,"PSMB6;PSMA6;PSMB4;UBA52;PSMB3;PSMC3;PSMB5;UBB;PSMB1;RBX1;PSMD8;PSMB7;STUB1;PSMD13;PSMC5;PSMA5;PSMC4;PSMA1;PSMB2;ADRM1;CDK4;PSMC2;HDAC3;PSMD2;PSMD14;PSMA7;CCNB1;PSMA3;AKT1;UBC;MAPK3;PSMD3;PSMA4;SEM1;PSMD7;RPS27A",-1.9523613722020228,7.203571559118925e-5,TRUE,
"REACTOME_METABOLISM_OF_NUCLEOTIDES",90,-0.4934649508295317,-1.9535734887029308,8.459413391108285e-6,7.523330761764336e-5,"GUK1;DNPH1;NME3;NME1;TYMP;NT5C;NME2;NUDT1;TK1;APRT;PNP;UPP1;UCK1;GMPR;TYMS;NUDT18;DTYMK;DCTPP1;GMPR2;DGUOK;ITPA;GLRX;AK2;UCKL1;ADA;IMPDH2;AK1;UCK2;AK8;DCTD;NME4;ADPRM;NT5M;DUT;ADSL;ENTPD6;GSR;IMPDH1;SAMHD1;HPRT1;CDA;TXN;UMPS;PFAS;AMPD2",-2.028642719084848,1.0171226324063917e-5,TRUE,
"REACTOME_RHOA_GTPASE_CYCLE",146,0.3507214311879773,1.818192204507557,1.0067695044212282e-5,8.880852945504329e-5,"ROCK2;TRIO;ARHGAP21;MYO9A;OPHN1;ARHGEF12;ERBIN;TEX2;SOWAHC;ARHGAP5;KTN1;PIK3R1;ROCK1;AKAP13;SLK;FARP1;ARHGAP35;PREX2;IQGAP1;ARHGEF11;TJP2;LBR;ARHGAP8;FAM13A;ARHGAP42;RHPN2;ARHGEF7;DAAM1;ARHGAP26;PKN2;ARHGEF10;STARD13;ARHGAP18;VANGL1;DLC1;KALRN;ARHGEF5;ARAP2;NET1;ARHGAP28;ARHGAP32;VAV3;VAPB;ARHGAP23",1.8493391438947888,6.166312176260337e-5,TRUE,
"REACTOME_INTERLEUKIN_10_SIGNALING",42,-0.59820015056677045,-2.063063248865998,1.0692964403495128e-5,9.356343853058237e-5,"CCL3;CCL3L3;CCL4;CXCL10;CXCL8;CCL5;TIMP1;CSF2;ICAM1;IL1RN;IL6;CXCL1;IL1B;TNF;PTGS2;TYK2;CSF3;TNFRSF1A;FPR1;PTAFR;CD86;CXCL2;IL10RB;IL1R2;IL1A;CD80;CCL2;CSF1;CCR5",-1.7646104425854994,0.010592622575220364,TRUE,
"REACTOME_SEPARATION_OF_SISTER_CHROMATIDS",167,-0.4164582949604511,-1.7979348430395785,1.0869891700409504e-5,9.43506599595545e-5,"PSMB6;PSMA6;PSMB4;PMF1;UBA52;PSMB3;CENPM;B9D2;PSMC3;SEC13;ANAPC11;PSMB5;UBB;ANAPC15;DYNLL1;PSMB1;AURKB;PSMD8;PSMB7;PSMD13;TUBB4B;PSMC5;CDC20;PSMA5;PSMC4;PSMA1;PLK1;PSMB2;TUBA1B;SPC24;TUBA4A;ADRM1;ANAPC5;PSMC2;NUDC;ANAPC2;PSMD2;BUB3;PSMD14;RANGAP1;PPP2R1A;BIRC5;PSMA7;PSMA3;CDCA8;UBE2S;ANAPC7;TUBA1C;CENPT;UBC;PTTG1;PSMD3;PSMA4;TUBB3;NUP37;SEM1;PSMD7;RPS27A;TUBB6;KIF2C;TUBA1A;PPP2CA;CENPS;NUP85;SEH1L;SKA1;CENPN",-1.8074875453931074,7.194320936044478e-5,TRUE,
"REACTOME_NEDDYLATION",216,-0.3935355429285021,-1.7320408551609765,1.1251692262997078e-5,9.688957226469706e-5,"NEDD8;PSMB6;PSMA6;PSMB4;UBA52;UFD1;PSMB3;PSMC3;PSMB5;UBB;PSMB1;ELOB;FBXO6;COMMD4;RBX1;FBXL15;COMMD9;UBE2M;PSMD8;PSMB7;PSMD13;PSMC5;COMMD1;FBXW9;PSMA5;FBXW5;FEM1A;COPS3;PSMC4;COPS6;PSMA1;KEAP1;COMMD5;DDA1;PSMB2;GPS1;COPS7A;ASB6;ADRM1;BTBD6;COMMD3;UBE2F;PSMC2;PSMD2;UCHL3;RNF7;PSMD14;BIRC5;PSMA7;PSMA3;CCNF;UBC;KLHL22;ELOC;PSMD3;SPSB2;PSMA4;COPS4;DDB2;SEM1;PSMD7;MUL1;RPS27A;FBXW4;FBXL16;FBXO22;VCP;DCUN1D5;UBE2D2;COPS5;FBXL12;COMMD10;DCAF11;FBXO7;KLHL21;CCDC22;NPLOC4;PSMD6;FBXL14;COPS7B;FBXO10;SOCS3;LRR1;FBXO4;CISH;PSMC6;SKP1;PSMC1;ASB9;KLHL25;COMMD8;FBXO31",-1.7780539450192163,2.6182041439871694e-5,TRUE,
"REACTOME_PROCESSING_OF_CAPPED_INTRON_CONTAINING_PRE_MRNA",288,-0.36493770257596764,-1.648236075503877,1.2395125411266301e-5,1.0551954008770827e-4,"POLR2I;POLR2L;SF3B5;UBA52;SNRNP25;LSM2;PHF5A;SEC13;UBB;SRSF9;POLR2F;POLR2G;LSM7;TXNL4A;SNU13;PPP1CA;PCBP1;YJU2;SNRPD2;LSM4;THOC6;PRPF31;DDX41;SNRPF;DDX39A;PUF60;UBL5;ALYREF;SNRPC;CCDC12;SNRPB;SUGP1;EIF4A3;SNRNP40;POLR2H;THOC5;PQBP1;NXT1;SNRPA;SNRPD1;POLR2E;XAB2;AAAS;FAM50A;ZMAT5;PPIE;CPSF4;PPIH;SRSF7;POLR2J;LENG1;PCBP2;YBX1;CHTOP;RBM8A;SNRNP35;SF3A2;U2AF1L4;SNRPG;DNAJC8;MAGOH;UBC;HNRNPF;PRPF19;TUT1;WTAP;SF3B4;PPIL1;SLBP;GTF2F1;PPP1R8;SNRPE;CLP1;SART1;NUP37;RBM10;MAGOHB;RNPS1;HSPA8;GPKOW;SNRNP70;RBM42;SF3A3;BUD31;SNRPN;CACTIN;RPS27A;POLR2C;FAM32A;U2AF2;HNRNPL;HNRNPM;FUS;THOC3;NUP62;METTL3;LSM6;RNF113A;NUP85;CPSF1;PRCC;SEH1L;SRRT;PRPF4",-1.5916340935622937,5.163486004656464e-4,TRUE,
"REACTOME_NUCLEOTIDE_EXCISION_REPAIR",107,-0.47320896326346495,-1.9382115495572074,1.2448388139379408e-5,1.0551954008770827e-4,"POLR2I;POLR2L;UBA52;UBB;POLR2F;POLR2G;RBX1;SUMO3;ACTB;COPS3;POLR2H;COPS6;POLD2;MCRS1;POLR2E;XAB2;GPS1;PPIE;COPS7A;RFC2;POLR2J;UBE2I;PCNA;INO80C;INO80E;ERCC2;UBC;POLD1;ERCC1;RUVBL1;PRPF19;TFPT;RPA1;RFC5;RPA3;COPS4;DDB2;POLE4;POLD4;RPS27A;POLR2C;RPA2;GTF2H5;PARP2;POLE3;COPS5;RAD23A;LIG1",-1.999549690137627,2.443477826212045e-5,TRUE,
"REACTOME_MRNA_SPLICING",211,-0.39267843022150317,-1.725024000693767,1.4259006739625863e-5,1.1993040552320979e-4,"POLR2I;POLR2L;SF3B5;SNRNP25;LSM2;PHF5A;SRSF9;POLR2F;POLR2G;LSM7;TXNL4A;SNU13;PCBP1;YJU2;SNRPD2;LSM4;PRPF31;DDX41;SNRPF;PUF60;UBL5;ALYREF;SNRPC;CCDC12;SNRPB;SUGP1;EIF4A3;SNRNP40;POLR2H;PQBP1;SNRPA;SNRPD1;POLR2E;XAB2;FAM50A;ZMAT5;PPIE;PPIH;SRSF7;POLR2J;LENG1;PCBP2;YBX1;RBM8A;SNRNP35;SF3A2;U2AF1L4;SNRPG;DNAJC8;MAGOH;HNRNPF;PRPF19;SF3B4;PPIL1;GTF2F1;PPP1R8;SNRPE;SART1;RBM10;MAGOHB;RNPS1;HSPA8;GPKOW;SNRNP70;RBM42;SF3A3;BUD31;SNRPN;CACTIN;POLR2C;FAM32A;U2AF2;HNRNPL;HNRNPM;FUS",-1.7195224725414688,1.1796647966857208e-4,TRUE,
"REACTOME_SARS_COV_2_HOST_INTERACTIONS",184,-0.4063988692414972,-1.7721148530504527,1.4892729029031332e-5,1.242970076653769e-4,"UBA52;FAU;RPS5;SEC13;UBB;TUFM;RPS14;RPS15;RPS16;SNRPD2;RPS21;RPS10;RPS2;RPS8;GEMIN7;SNRPF;RPS9;RPS11;ISG15;RPS15A;RPS3;RPS18;RPS28;RPS23;RPS13;SNRPB;RPS29;SNRPD1;IRF7;SFN;HLA-G;AAAS;RPSA;IFNAR2;RPS19;HLA-C;HLA-F;IL17RC;PTPN6;RPS6;YWHAH;HLA-A;YWHAE;RPS26;HLA-E;RPS12;IRF3;CRB3;AKT1;SNRPG;VPS33B;UBC;RPS3A;GEMIN4;CNBP;RPS4X;HLA-B;VPS18;SNRPE;STING1;NUP37;GEMIN2;RPS27A;TYK2;TAB1;B2M;SAR1B;NUP62;VPS16;NUP85;GEMIN8;SEH1L;TKFC;AKT2;RIPK2;NUP93;STAT1;IKBKE",-1.7461024409145938,1.8468290526863602e-4,TRUE,
"REACTOME_TELOMERE_MAINTENANCE",84,-0.4930982606327548,-1.9418260085665666,1.5298802654103733e-5,1.2653771755552728e-4,"POLR2I;POLR2L;POLR2F;POLR2G;WRAP53;RUVBL2;POLA2;H2AC20;NOP10;H2AX;POLR2H;POLD2;POLR2E;NHP2;RFC2;ACD;CHTF18;POLR2J;FEN1;PCNA;POLD1;CHTF8;RUVBL1;DAXX;RPA1;H4C5;RFC5;RPA3;H2AZ2;PIF1;POLD4;TINF2;POLR2C;RPA2",-1.887086195562771,3.1679178522206193e-4,TRUE,
"REACTOME_TRANSCRIPTION_COUPLED_NUCLEOTIDE_EXCISION_REPAIR_TC_NER",75,-0.5046230252336364,-1.939633757161366,1.5428957848001756e-5,1.2653771755552728e-4,"POLR2I;POLR2L;UBA52;UBB;POLR2F;POLR2G;RBX1;COPS3;POLR2H;COPS6;POLD2;POLR2E;XAB2;GPS1;PPIE;COPS7A;RFC2;POLR2J;PCNA;ERCC2;UBC;POLD1;ERCC1;PRPF19;RPA1;RFC5;RPA3;COPS4;POLE4;POLD4;RPS27A;POLR2C;RPA2;GTF2H5;POLE3;COPS5;LIG1",-1.9544098579065596,8.316005720366598e-5,TRUE,
"REACTOME_KEAP1_NFE2L2_PATHWAY",111,-0.46013204384675965,-1.887125940084766,1.551107505519367e-5,1.2653771755552728e-4,"PSMB6;PSMA6;PSMB4;UBA52;UFD1;PSMB3;PSMC3;PSMB5;UBB;PSMB1;RBX1;PSMD8;PSMB7;PSMD13;PSMC5;CSNK2B;PSMA5;PSMC4;PSMA1;KEAP1;TALDO1;ABCF2;PSMB2;PRDX1;ADRM1;PSMC2;PSMD2;TKT;PSMD14;SOD3;PSMA7;PSMA3;AKT1;G6PD;TRIM21;PGD;UBC;PSMD3;PSMA4;ATF4;SEM1;PSMD7;MUL1;RPS27A;CDKN2A",-1.9043175057952584,6.498708893982761e-5,TRUE,
"REACTOME_FCERI_MEDIATED_NF_KB_ACTIVATION",111,-0.45853313195024475,-1.8805683700216207,1.7143790497493732e-5,1.3881352753567685e-4,"PSMB6;PSMA6;PSMB4;UBA52;PSMB3;PSMC3;PSMB5;UBB;PSMB1;PSMD8;PSMB7;PSMD13;PSMC5;PSMA5;PSMC4;PSMA1;PSMB2;NFKBIA;ADRM1;PSMC2;PSMD2;PSMD14;PSMA7;CDC34;PSMA3;UBC;FCER1G;PSMD3;PSMA4;SEM1;PSMD7;RPS27A;TAB1;UBE2D2;LYN",-1.9401346090558438,2.8331965658148808e-5,TRUE,
"REACTOME_BETA_CATENIN_INDEPENDENT_WNT_SIGNALING",126,-0.4543303317471191,-1.8908224603835049,1.9101702000352338e-5,1.5352108644727617e-4,"PFN1;PSMB6;PSMA6;PSMB4;UBA52;PSMB3;AP2S1;PSMC3;PSMB5;UBB;PSMB1;PSMD8;PSMB7;PSMD13;GNG5;PARD6A;PSMC5;PSMA5;GNB2;PSMC4;PSMA1;CLTA;PSMB2;CLTB;PRKCG;RAC2;AP2M1;ADRM1;RAC3;PSMC2;ARRB2;PSMD2;PSMD14;PSMA7;PSMA3;NFATC1;UBC;PDE6B;DVL1;PSMD3;PSMA4;FZD2;GNGT2;GNB5;DVL2;SEM1;PSMD7;RPS27A",-1.8608311692310056,2.086588460197585e-4,TRUE,
"REACTOME_RHOJ_GTPASE_CYCLE",53,0.4900618886926867,2.0655011256580087,1.93837399499826e-5,1.5464233710096411e-4,"TRIO;ARHGAP21;FNBP1L;OPHN1;OCRL;CDC42BPA;ARHGAP5;PAK2;WIPF2;PIK3R1;ARHGAP35;SLC4A7;WASL;ARHGEF7;ARHGAP26;VANGL1;CDC42BPB;MPP7;ARHGAP32",1.979895108130454,3.820530668234363e-4,TRUE,
"REACTOME_C_TYPE_LECTIN_RECEPTORS_CLRS",115,-0.45350744245305386,-1.8690302463327593,2.0828193320432888e-5,1.6495320987350135e-4,"MUC6;PSMB6;PSMA6;PSMB4;UBA52;PSMB3;HRAS;PSMC3;PSMB5;UBB;PSMB1;UBE2M;PSMD8;PSMB7;PYCARD;PSMD13;PSMC5;PSMA5;RELB;PSMC4;NFKB2;PSMA1;PSMB2;NFKBIA;ADRM1;MUC5AC;PSMC2;PSMD2;PSMD14;PSMA7;CDC34;PSMA3;MUC1;NFATC1;UBC;FCER1G;PSMD3;PSMA4;IL1B;SEM1;PSMD7;RPS27A;TAB1;ICAM2;UBE2D2;LYN;CLEC4E;MUC5B",-1.8114557620061928,3.820530668234363e-4,TRUE,
"REACTOME_SIGNALING_BY_TYPE_1_INSULIN_LIKE_GROWTH_FACTOR_1_RECEPTOR_IGF1R",39,0.555402379819849,2.22585502283133,2.1407061462974447e-5,0.00016830914266179183,"GAB1;SOS1;IGF2;PIK3CB;PDE3B;PDPK1;PIK3R4;PTPN11;PIK3CA;PIK3R1;KL;NRAS;IGF1R;GAB2;FRS2;FGF10;FGFR3;FGF19",2.097365840426279,4.531463038154715e-4,TRUE,
"REACTOME_RHOC_GTPASE_CYCLE",73,0.43770054235696876,1.9995723224964648,2.2520315685339416e-5,1.7578807567333285e-4,"ROCK2;ARHGAP21;OPHN1;ARHGEF12;ERBIN;ARHGAP5;PIK3R1;ROCK1;AKAP13;SLK;ARHGAP35;IQGAP1;ARHGEF11;TJP2;FMNL2;LBR;DAAM1;ARHGAP26;PKN2;ARHGEF10;STARD13;ARHGAP18;VANGL1;DLC1;ARHGEF5",1.9948338013156672,1.7585555130878117e-4,TRUE,
"REACTOME_INTERFERON_ALPHA_BETA_SIGNALING",64,-0.5218388287067576,-1.9541132230456306,2.3257031927673658e-5,1.8024199743947085e-4,"UBA52;PSMB8;UBB;SOCS1;ISG15;IRF1;IFITM3;IRF7;HLA-G;IFI35;IFI27;IFNAR2;HLA-C;IFITM2;BST2;HLA-F;ISG20;PTPN6;IFITM1;HLA-A;HLA-E;IFI6;IRF3;USP18;UBC;HLA-B;IFIT3;MX1;RPS27A;TYK2;GBP2;IP6K2;STAT1;HLA-H;SAMHD1;SOCS3;OAS2;IFIT2;OASL;IRF5;IRF9;IRF8",-1.9340990580027548,3.4465015286696513e-4,TRUE,
"REACTOME_REGULATION_OF_T_CELL_ACTIVATION_BY_CD28_FAMILY",225,-0.38571312226980203,-1.7051620852506857,2.365040311488756e-5,1.819906906358369e-4,"PSMB6;PSMA6;PSMB4;UBA52;PSMB3;TMEM258;PSMC3;RPN1;MLST8;PSMB5;UBB;PSMB1;OST4;RBX1;PSMD8;PSMB7;PSMD13;H2AC20;PSMC5;CSNK2B;HLA-DRB1;HLA-DPB1;HLA-DQB1;H2AX;PSMA5;MIB2;TNFRSF14;IRF1;HLA-DRA;PSMC4;NFKB2;HLA-DRB5;PSMA1;CD274;DDOST;PSMB2;CD3D;PRKAG1;ADRM1;DAD1;CDK4;PSMC2;HLA-DPA1;PTPN6;LCK;CSK;PSMD2;PSMD14;PPP2R1A;TEAD4;PSMA7;PSMA3;PDCD1;PRR5;AKT1;UBC;HLA-DQB2;CD247;EED;OSTC;H4C5;DERL2;PSMD3;H2AZ2;PSMA4;JUND;HLA-DQA1;SEM1;CD3E;PSMD7;RPS27A",-1.6504712338357568,3.9626268648480914e-4,TRUE,
"REACTOME_REGULATION_OF_HOMOTYPIC_CELL_CELL_ADHESION",178,-0.4040722470421013,-1.7513842452199382,2.5334144119178704e-5,1.9357427020640064e-4,"PSMB6;PSMA6;PSMB4;UBA52;PSMB3;TMEM258;PSMC3;RPN1;PSMB5;UBB;PSMB1;OST4;PSMD8;PSMB7;PSMD13;H2AC20;RACK1;PSMC5;ACTB;CSNK2B;PKM;H2AX;PSMA5;PSMC4;PSMA1;DDOST;PSMB2;CTBP1;ACTA1;BANP;ADRM1;DAD1;PSMC2;CTSL;PSMD2;ACTG1;PSMD14;PSMA7;PSMA3;TFAP2A;UBC;EED;OSTC;MAPK3;H4C5;SEC11C;PSMD3;POMT1;SPCS1;ANGPTL4;H2AZ2;PSMA4;MCRIP1;SPCS2;SEM1;CTSB;PSMD7;RPS27A",-1.6609703868368926,8.59983327391856e-4,TRUE,
"REACTOME_MITOTIC_G2_G2_M_PHASES",183,-0.39870433882696454,-1.735724980523733,2.5718611918977928e-5,1.9513771980483253e-4,"PSMB6;PSMA6;PSMB4;UBA52;PSMB3;PSMC3;PSMB5;UBB;SSNA1;DCTN3;DYNLL1;MZT2B;PSMB1;RBX1;DCTN2;PSMD8;PSMB7;PSMD13;TUBB4B;PSMC5;PSMA5;PSMC4;PSMA1;PKMYT1;PLK1;PSMB2;LIN37;TUBA1B;TUBB;FKBPL;HAUS8;LCMT1;MZT2A;TUBG1;TUBA4A;ADRM1;PSMC2;PSMD2;YWHAE;PSMD14;PPP2R1A;TUBGCP2;PSMA7;HAUS4;CCNB1;PSMA3;FZR1;TUBA1C;UBC;CCNB2;ACTR1A;PPP2R3B;PSMD3;PSMA4;TUBB3;RAB8A;HAUS1;SEM1;CDK11A;PSMD7;RPS27A;TUBB6;TUBA1A;E2F1;PRKAR2B;TP53;PPP2CA",-1.765723340625643,1.1357234709440178e-4,TRUE,
"REACTOME_NUCLEOTIDE_SALVAGE",21,-0.7066951638397915,-2.139880287449475,2.7000379088792572e-5,2.0304519262723947e-4,"TYMP;TK1;APRT;PNP;UPP1;UCK1;GMPR;GMPR2;DGUOK;UCKL1;ADA;UCK2",-2.1561143333246022,1.7585555130878117e-4,TRUE,
"REACTOME_MRNA_3_END_PROCESSING",148,-0.4244367227798882,-1.8039839893948026,2.7135071825760116e-5,2.0304519262723947e-4,"POLR2I;POLR2L;SF3B5;UBA52;PHF5A;UBB;SRSF9;POLR2F;POLR2G;PPP1CA;PCBP1;SNRPD2;THOC6;SNRPF;DDX39A;PUF60;ALYREF;SNRPC;SNRPB;SUGP1;EIF4A3;POLR2H;THOC5;SNRPA;SNRPD1;POLR2E;CPSF4;SRSF7;POLR2J;PCBP2;YBX1;CHTOP;RBM8A;SF3A2;U2AF1L4;SNRPG;DNAJC8;MAGOH;UBC;HNRNPF;TUT1;SF3B4;GTF2F1;PPP1R8;SNRPE;CLP1;RBM10;MAGOHB;RNPS1;SNRNP70;SF3A3;SNRPN;RPS27A;POLR2C;U2AF2;HNRNPL;HNRNPM;FUS;THOC3",-1.7203350647197593,0.0011892625392163577,TRUE,
"REACTOME_PROGRAMMED_CELL_DEATH",190,-0.39460463885733443,-1.721801730174247,2.7360828842589654e-5,2.033321869466423e-4,"PSMB6;PSMA6;PSMB4;UBA52;PSMB3;PSMC3;C1QBP;PSMB5;UBB;BAD;DYNLL1;PSMB1;BID;PSMD8;PSMB7;STUB1;PSMD13;GSDMD;PSMC5;TRADD;PSMA5;IRF1;BAK1;PSMC4;PSMA1;FADD;PSMB2;SFN;CDC37;ADRM1;DBNL;LMNA;CHMP2A;FLOT1;CHMP6;PSMC2;YWHAH;PSMD2;YWHAE;PSMD14;PSMA7;FASLG;DAPK3;PSMA3;CD14;AKT1;TRAF2;UBC;MAPK3;BCAP31;PSMD3;FLOT2;PSMA4;IL1B;TP73;PMAIP1;SEM1;PSMD7;RPS27A;CDKN2A;ARHGAP10;TICAM1;E2F1;UBE2L3;TP53;FAS;HMGB2;BAX;CASP1;CASP4;DAPK1;LY96;UNC5A;AKT2",-1.6891094010713577,4.888902897129103e-4,TRUE,
"REACTOME_INTERLEUKIN_1_FAMILY_SIGNALING",126,-0.44823251442334344,-1.8654446919418235,2.7727878475148074e-5,2.0465815064990247e-4,"PSMB6;PSMA6;PSMB4;UBA52;PSMB3;PSMC3;PSMB5;UBB;PSMB1;RBX1;PSMD8;PSMB7;PSMD13;GSDMD;PSMC5;PSMA5;SIGIRR;PSMC4;NFKB2;PSMA1;PSMB2;NFKBIA;PELI3;TNIP2;ADRM1;PSMC2;PTPN6;PSMD2;NFKBIB;PSMD14;SAA1;PSMA7;PSMA3;TRAF2;USP18;UBC;IL1RN;PSMD3;TIFA;PSMA4;IL1B;TOLLIP;IL18BP;SEM1;PSMD7;RPS27A;TAB1;TP53;NLRX1;CASP1;IL18RAP;RIPK2;MAP3K8;NLRC5;IL1R2;IL1A;PSMD6;MYD88;PSMC6;SKP1;PSMC1;LRRC14;IKBIP;ALOX5;UBE2N",-1.7969312676748501,6.065571354372337e-4,TRUE,
"REACTOME_PLASMA_LIPOPROTEIN_CLEARANCE",32,-0.6302651055861923,-2.0722584166045177,2.9543134256430112e-5,2.1658311262315316e-4,"UBA52;AP2S1;UBB;NPC2;CLTA;APOC1;AP2M1;APOE;UBC;AMN;NR1H2;PCSK9;LSR;RPS27A;NR1H3;AP2A2",-2.085432980868645,1.3371159079209388e-4,TRUE,
"REACTOME_NEPHRIN_FAMILY_INTERACTIONS",16,0.7321491426813073,2.3007624374402846,3.025656739146885e-5,2.203246685888839e-4,"PIK3CB;PIK3CA;PIK3R1;CD2AP;IQGAP1;CASK;WASL;KIRREL1;SPTBN1;SPTAN1;MAGI2",2.4686234120153627,1.370049600669862e-5,TRUE,
"REACTOME_MITOTIC_METAPHASE_AND_ANAPHASE",212,-0.3904913516730914,-1.7169451886007452,3.177875253954453e-5,2.2986631003603874e-4,"PSMB6;PSMA6;PSMB4;PMF1;UBA52;PSMB3;CENPM;B9D2;PSMC3;SEC13;ANAPC11;PSMB5;UBB;ANAPC15;DYNLL1;PSMB1;AURKB;PSMD8;PSMB7;PSMD13;TUBB4B;PSMC5;RAN;CDC20;PSMA5;PSMC4;PSMA1;PLK1;PSMB2;TUBA1B;SPC24;TUBA4A;ADRM1;LMNA;BANF1;ANAPC5;CHMP2A;CHMP6;UBE2I;PSMC2;NUDC;ANAPC2;PSMD2;RCC1;BUB3;PSMD14;RANGAP1;PPP2R1A;BIRC5;PSMA7;CCNB1;PSMA3;CDCA8;UBE2S;ANAPC7;TUBA1C;CENPT;UBC;CCNB2;PTTG1;VPS4A;PSMD3;PSMA4;TUBB3;NUP37;SEM1;PSMD7;RPS27A;TUBB6;EMD;KIF2C;TUBA1A",-1.7386395329839388,1.585021647634764e-4,TRUE,
"REACTOME_SARS_COV_2_INFECTION",279,-0.3637861691453692,-1.6419199340807527,3.257459365645855e-5,2.3406247759773198e-4,"UBA52;FAU;TMEM258;RPS5;SEC13;RPN1;UBB;PRMT1;TUFM;RPS14;OST4;RPS15;RPS16;SNRPD2;RPS21;RPS10;RPS2;RPS8;GEMIN7;SNRPF;RPS9;RPS11;ISG15;RPS15A;RPS3;RPS18;RPS28;RPS23;RPS13;SNRPB;DDOST;RPS29;SNRPD1;IRF7;SFN;HLA-G;AAAS;RPSA;MGAT1;IFNAR2;RPS19;HLA-C;DAD1;CHMP2A;MAN1B1;ST6GALNAC4;HLA-F;CHMP6;IL17RC;UBE2I;PTPN6;RPS6;MGAT2;YWHAH;CTSL;HLA-A;YWHAE;PARP10;RPS26;HLA-E;RPS12;IRF3;CRB3;AKT1;SNRPG;VPS33B;UBC;RPS3A;GEMIN4;CNBP;RPS4X;OSTC;HLA-B;VPS18;SNRPE;STING1;NUP37;GEMIN2;ISCU;EDEM2;RPS27A;TYK2;TAB1;VCP;B2M;SAR1B;NUP62;VPS16;ANO8;NUP85;PRKCSH;GEMIN8;GSK3A;SEH1L;TKFC;ANO1;FUT8;AKT2;RIPK2;NUP93;STAT1;IKBKE",-1.6059319702278947,5.163486004656464e-4,TRUE,
"REACTOME_HDMS_DEMETHYLATE_HISTONES",30,0.5936610447313664,2.239463983275716,3.3428592863862474e-5,2.386185740611236e-4,"KDM7A;KDM3B;PHF2;KDM5A;KDM3A;KDM2A;KDM1B;KDM6A;RIOX2;ARID5B;PHF8;KDM4C;H4C16;KDM5B",2.2278188066489446,3.2167274652774187e-4,TRUE,
"REACTOME_DETOXIFICATION_OF_REACTIVE_OXYGEN_SPECIES",34,-0.6137701317189368,-2.0447152660909254,3.378696361933428e-5,2.3960036292142284e-4,"GPX1;SOD1;TXN2;PRDX2;ATOX1;CYBA;TXNRD2;PRDX1;GSTP1;CCS;NUDT2;SOD3;PRDX3;P4HB;NCF1;GPX3;NCF4;SOD2;NCF2;PRDX5;GSR",-2.016725247415052,4.155244419586053e-4,TRUE,
"REACTOME_HEDGEHOG_ON_STATE",72,-0.5040322208584295,-1.930744746315719,3.903342870379012e-5,2.7500824768579406e-4,"PSMB6;PSMA6;PSMB4;UBA52;PSMB3;PSMC3;PSMB5;UBB;PSMB1;RBX1;PSMD8;PSMB7;PSMD13;PSMC5;PSMA5;PSMC4;PSMA1;PSMB2;ADRM1;PSMC2;ARRB2;PSMD2;PSMD14;PSMA7;PSMA3;UBC;PSMD3;PSMA4;SEM1;PSMD7;RPS27A",-1.9010655841805795,3.740487778794013e-4,TRUE,
"REACTOME_FORMATION_OF_TC_NER_PRE_INCISION_COMPLEX",50,-0.5482916407401095,-1.9764764032241804,4.203857301971304e-5,2.9427001113799126e-4,"POLR2I;POLR2L;UBA52;UBB;POLR2F;POLR2G;RBX1;COPS3;POLR2H;COPS6;POLR2E;XAB2;GPS1;PPIE;COPS7A;POLR2J;ERCC2;UBC;PRPF19;COPS4;RPS27A;POLR2C;GTF2H5",-1.990175194237759,2.922756163906657e-4,TRUE,
"REACTOME_TRANSCRIPTIONAL_REGULATION_BY_TP53",347,-0.3427394494017066,-1.572164490196953,4.936413275493205e-5,3.415835926049383e-4,"POLR2I;POLR2L;COX8A;COX6A1;UBA52;COX4I1;SCO2;LAMTOR5;MLST8;UBB;PRELID1;PRMT1;POLR2F;POLR2G;ELOB;PRDX2;LAMTOR4;BID;AURKB;LAMTOR1;COX5B;COX7B;PIN1;COX7A2;CSNK2B;NELFE;RABGGTA;COX6B1;LAMTOR2;PRMT5;POLR2H;TMEM219;COX5A;PRDX1;POLR2E;SFN;NELFB;CDK9;KAT5;PRKAG1;RNF34;BANP;RFC2;COX7C;CDK5;POLR2J;TAF10;PIP4P1;PCNA;GPI;COX7A1;YWHAH;YWHAE;DDIT4;PML;ATRIP;PLK2;ZNF385A;PPP2R1A;TAF9;BIRC5;CCNB1;PRR5;AKT1;PLK3;TRIAP1;G6PD;RAD9A;TTC5;ERCC2;MBD3;UBC;MAPK11;AIFM2;NOC2L;ELOC;DAXX;RPA1;MTA2;NELFA;STK11;COX6C;NDUFA4;GTF2F1;PIDD1;RFC5;RPA3;COX4I2;RRAGC;DDB2;TP73;EHMT2;PMAIP1;CRADD;RPS27A;POLR2C;GLS2;RPA2;CDKN2A;GTF2H5;CNOT3;ING2;CNOT9;E2F1;CARM1;CTDP1;COX7A2L;RMI2;TP53;RRAGA;FAS;PPP2CA;BAX;TP53I3;PPP1R13L;CASP1;CHD4",-1.5940781139194888,1.9503696967077043e-4,TRUE,
"REACTOME_REGULATION_OF_PD_L1_CD274_EXPRESSION",158,-0.4061461092544239,-1.7449343392648833,4.94273032617284e-5,3.415835926049383e-4,"PSMB6;PSMA6;PSMB4;UBA52;PSMB3;TMEM258;PSMC3;RPN1;PSMB5;UBB;PSMB1;OST4;RBX1;PSMD8;PSMB7;PSMD13;H2AC20;PSMC5;CSNK2B;H2AX;PSMA5;MIB2;IRF1;PSMC4;NFKB2;PSMA1;CD274;DDOST;PSMB2;PRKAG1;ADRM1;DAD1;CDK4;PSMC2;PSMD2;PSMD14;TEAD4;PSMA7;PSMA3;PDCD1;UBC;EED;OSTC;H4C5;DERL2;PSMD3;H2AZ2;PSMA4;JUND;SEM1;PSMD7;RPS27A",-1.7267561404471117,5.163486004656464e-4,TRUE,
"REACTOME_INTERFERON_GAMMA_SIGNALING",88,-0.4668864030202811,-1.8379159389317292,4.9824417073899515e-5,3.42148686868234e-4,"MT2A;SOCS1;HLA-DRB1;HLA-DPB1;HLA-DQB1;IRF1;HLA-DRA;HLA-DRB5;IRF7;HLA-G;GBP4;CIITA;HLA-C;HLA-F;HLA-DPA1;PTPN6;YBX1;HLA-A;PML;HLA-E;IRF3;ICAM1;GBP1;TRIM21;GBP5;HLA-DQB2;FCGR1A;MAPK3;HLA-B;IFNGR2;HLA-DQA1;GBP2;B2M;PTAFR;IFI30;STAT1;HLA-H;HLA-DQA2;JAK2;SOCS3;TRIM29;CD44;OAS2;TRIM22;OASL;TRIM3;IRF5;IRF9;IRF8;TRIM62",-1.6619625866562753,0.008280418585689292,TRUE,
"REACTOME_APOPTOSIS",159,-0.409439291366942,-1.759204462861054,5.3713146739062225e-5,3.665331082508334e-4,"PSMB6;PSMA6;PSMB4;UBA52;PSMB3;PSMC3;C1QBP;PSMB5;UBB;BAD;DYNLL1;PSMB1;BID;PSMD8;PSMB7;PSMD13;GSDMD;PSMC5;TRADD;PSMA5;BAK1;PSMC4;PSMA1;FADD;PSMB2;SFN;ADRM1;DBNL;LMNA;PSMC2;YWHAH;PSMD2;YWHAE;PSMD14;PSMA7;FASLG;DAPK3;PSMA3;CD14;AKT1;TRAF2;UBC;MAPK3;BCAP31;PSMD3;PSMA4;TP73;PMAIP1;SEM1;PSMD7;RPS27A;CDKN2A;ARHGAP10;TICAM1;E2F1;TP53;FAS;HMGB2;BAX;DAPK1;LY96;UNC5A;AKT2",-1.7062034349368322,6.79567693850014e-4,TRUE,
"REACTOME_CITRIC_ACID_CYCLE_TCA_CYCLE",34,-0.604099382998587,-2.012498110968617,6.029732090763368e-5,4.088912074048909e-4,"SDHA;SDHAF2;CSKMT;IDH3G;SDHAF1;SDHB;IDH3B;FH;MDH2;LYRM4;TRAP1;ISCA2;DLST;IDH2;ISCU;SDHAF3;SIRT3;SUCLG1;IDH3A;KGD4;ACO2;ACAT1",-2.112582753066282,8.098796592331336e-5,TRUE,
"REACTOME_HIV_TRANSCRIPTION_ELONGATION",40,-0.5714321096007706,-1.955293263536118,6.126486041208384e-5,4.1287188538578236e-4,"POLR2I;POLR2L;POLR2F;POLR2G;ELOB;NELFE;POLR2H;POLR2E;NELFB;CDK9;POLR2J;ERCC2;ELOC;NELFA;GTF2F1;POLR2C;GTF2H5;CTDP1",-1.9208757467004425,6.626412997722978e-4,TRUE,
"REACTOME_DUAL_INCISION_IN_TC_NER",62,-0.5079528638366392,-1.8941325423290678,6.388370973651932e-5,4.2786311767977446e-4,"POLR2I;POLR2L;UBA52;UBB;POLR2F;POLR2G;RBX1;POLR2H;POLD2;POLR2E;XAB2;PPIE;RFC2;POLR2J;PCNA;ERCC2;UBC;POLD1;ERCC1;PRPF19;RPA1;RFC5;RPA3;POLE4;POLD4;RPS27A;POLR2C;RPA2;GTF2H5",-1.8869996202161865,4.888902897129103e-4,TRUE,
"REACTOME_SIGNALING_BY_THE_B_CELL_RECEPTOR_BCR",142,-0.42454945077393197,-1.7921803054615086,6.914565288940126e-5,4.602640084969348e-4,"PSMB6;PSMA6;PSMB4;UBA52;PSMB3;HRAS;PSMC3;PSMB5;UBB;PSMB1;PSMD8;PSMB7;PSMD13;PSMC5;ORAI1;PSMA5;NFKBIE;PSMC4;PSMA1;PSMB2;NFKBIA;ADRM1;PSMC2;PTPN6;PSMD2;NFKBIB;PSMD14;PPIA;PSMA7;PSMA3;NFATC1;UBC;PIK3AP1;PSMD3;PSMA4;SEM1;PSMD7;RPS27A",-1.8183653840736278,2.984652417312833e-4,TRUE,
"REACTOME_EXPRESSION_OF_BMAL_ARNTL_CLOCK_AND_NPAS2",34,0.5531957740658012,2.139918442761565,7.388644520813394e-5,4.888219088464959e-4,"CHD9;PPARA;NCOA2;NCOA6;MED1;NRIP1;EP300;RORA;NCOA1;CREB1;CLOCK;NCOR1;CREBBP;MEF2C;SIRT1;CRTC3;ATF2",2.130800309095526,4.531463038154715e-4,TRUE,
"REACTOME_TP53_REGULATES_METABOLIC_GENES",79,-0.4854977269988453,-1.8876426147235879,8.588694330944503e-5,5.647717181257446e-4,"COX8A;COX6A1;COX4I1;SCO2;LAMTOR5;MLST8;PRDX2;LAMTOR4;LAMTOR1;COX5B;COX7B;COX7A2;COX6B1;LAMTOR2;COX5A;PRDX1;SFN;PRKAG1;COX7C;GPI;COX7A1;YWHAH;YWHAE;DDIT4;AKT1;G6PD;COX6C;NDUFA4;COX4I2;RRAGC;GLS2;COX7A2L;TP53;RRAGA",-1.8828812959068686,1.9514940344642686e-4,TRUE,
"REACTOME_CHROMATIN_ORGANIZATION",241,0.28096705164988933,1.5353717542269147,8.79503991339e-5,5.74856524459527e-4,"KMT2C;ASH1L;KDM7A;NCOA2;BICRAL;PHF20;PBRM1;BRPF3;KDM3B;SMARCC1;ARID4A;SETD2;KMT2A;MSL1;ATXN7;KMT2D;ARID4B;EP300;PHF2;KDM5A;KDM3A;TRRAP;KDM2A;BRD7;MSL2;KAT6A;KDM1B;NCOA1;YEATS2;DNMT3A;SETDB2;KMT5B;MECOM;REST;JADE3;SMARCA2;NSD1;ARID2;NSD3;ARID1B;CLOCK;BRWD1;ATF7IP;SUZ12;KDM6A;KAT6B;KANSL1;EP400;ELP1;KAT7;RIOX2;ARID1A;OGT;ARID5B;NCOR1;CREBBP;PHF8;SUPT20H;PHF21A;PADI2;KDM4C",1.5639801229940544,3.9626268648480914e-4,TRUE,
"REACTOME_AMINO_ACIDS_REGULATE_MTORC1",50,-0.5363418102112869,-1.9333997697178509,9.265658821379474e-5,6.01990408454894e-4,"ATP6V0B;SEC13;LAMTOR5;MLST8;WDR24;LAMTOR4;NPRL2;LAMTOR1;ATP6V1F;ATP6V0E1;LAMTOR2;ATP6V0D1;KPTN;TCIRG1;ATP6V1E1;NPRL3",-1.9703908156730074,3.8722497187334225e-4,TRUE,
"REACTOME_RORA_B_C_AND_NR1D1_REV_ERBA_REGULATE_GENE_EXPRESSION",24,0.6110108533796906,2.131272183468623,1.0307161720881546e-4,6.656708611402665e-4,"CHD9;PPARA;NCOA2;NCOA6;MED1;NRIP1;EP300;RORA;NCOA1;NCOR1;CREBBP",2.1681536382409985,3.9626268648480914e-4,TRUE,
"REACTOME_IRS_MEDIATED_SIGNALLING",34,0.5442365166148879,2.105261489199266,1.0672418874364859e-4,6.851819218157321e-4,"GAB1;SOS1;PIK3CB;PDE3B;PDPK1;PIK3R4;PTPN11;PIK3CA;PIK3R1;KL;NRAS;GAB2;FRS2;FGF10;FGFR3;FGF19",2.0120128195071376,0.0013897758819257301,TRUE,
"REACTOME_SYNTHESIS_OF_PIPS_AT_THE_PLASMA_MEMBRANE",51,0.46621124171432876,1.9580186477088186,1.1787169774583263e-4,7.522987767895788e-4,"SBF2;PIK3C2A;PIK3CB;OCRL;PLEKHA5;PLEKHA8;PIK3CA;MTM1;PIK3R1;INPP4B;PIK3C2B;SYNJ1;RAB5A;PLEKHA2;PLEKHA1;SYNJ2;PLEKHA6;MTMR2;INPP5D;MTMR8;INPP4A;MTMR6;MTMR9;PIP4K2B;RAB14;PLEKHA3;BMX;PIP5K1A;PI4K2B;PTPN13",2.0110616744823298,6.74370336527268e-4,TRUE,
"REACTOME_PHOSPHORYLATION_OF_CD3_AND_TCR_ZETA_CHAINS",20,-0.6971338435927124,-2.0926964011352363,1.1878116048756311e-4,7.536699364269356e-4,"HLA-DRB1;HLA-DPB1;HLA-DQB1;HLA-DRA;HLA-DRB5;CD3D;HLA-DPA1;LCK;CSK;HLA-DQB2;CD247;HLA-DQA1;CD3E",-1.8638558165511607,0.00981060932097005,TRUE,
"REACTOME_BIOSYNTHESIS_OF_THE_N_GLYCAN_PRECURSOR_DOLICHOL_LIPID_LINKED_OLIGOSACCHARIDE_LLO_AND_TRANSFER_TO_A_NASCENT_PROTEIN",75,-0.476000656987128,-1.829617152914805,1.237823440714542e-4,7.801264035052677e-4,"DPM3;GFUS;MPDU1;DPM2;AMDHD2;GMPPB;GMPPA;NUDT14;NAGK;NANS;ALG12;ST6GALNAC4;PMM1;ALG3;ALG1;DOLK;FUOM;MPI;MVD;RENBP;SLC35C1;ALG14;SRD5A3;DHRSX;SLC35A1;RFT1;GMDS;HK1;NEU1;ALG5;UAP1;ALG2;ST6GALNAC2;CTSA;FCSK;DOLPP1;GFPT2;DPAGT1",-1.8881333377724687,3.2331180177148076e-4,TRUE,
"REACTOME_ADHERENS_JUNCTIONS_INTERACTIONS",193,-0.3827642007341936,-1.6757456231217578,1.247738854182042e-4,7.801264035052677e-4,"PSMB6;PSMA6;PSMB4;UBA52;PSMB3;TMEM258;PSMC3;RPN1;PSMB5;UBB;PSMB1;OST4;PSMD8;PSMB7;PSMD13;H2AC20;RACK1;PSMC5;ACTB;CSNK2B;PKM;H2AX;PSMA5;PSMC4;PSMA1;DDOST;PSMB2;ANG;CTBP1;ACTA1;BANP;ADRM1;DAD1;PSMC2;CTSL;PSMD2;ACTG1;NECTIN2;PSMD14;PSMA7;PSMA3;TFAP2A;UBC;EED;OSTC;MAPK3;H4C5;SEC11C;PSMD3;POMT1;SPCS1;ANGPTL4;H2AZ2;PSMA4;MCRIP1;SPCS2;SEM1;CTSB;PSMD7;RPS27A",-1.582534910140647,0.004310920514030818,TRUE,
"REACTOME_AUTOPHAGY",145,-0.40036449230255955,-1.6944412093475223,1.2510782876490008e-4,7.801264035052677e-4,"UBA52;LAMTOR5;ATG101;MLST8;UBB;DYNLL1;TOMM5;LAMTOR4;LAMTOR1;TUBB4B;CSNK2B;VPS28;LAMTOR2;PARK7;TOMM22;ATG4D;TUBA1B;PGAM5;PRKAG1;TOMM7;WDR45;TUBA4A;CHMP2A;CHMP6;VPS37B;MVB12A;GABARAP;TOMM40;HBB;TUBA1C;ATG4B;UBC;ATG3;EEF1A1;TUBB3;RNASE1;RRAGC;HSF1;MTMR14;HSPA8;RPS27A;TUBB6;TUBA1A;GABARAPL2;VCP;UBE2L3;ATG7;WIPI2;UBE2D2;PLIN3;RRAGA;VPS37D",-1.65608349058918,0.0020480556844385566,TRUE,
"REACTOME_GLOBAL_GENOME_NUCLEOTIDE_EXCISION_REPAIR_GG_NER",83,-0.4630061888937951,-1.80967073525681,1.2861756098209723e-4,7.974288780890029e-4,"UBA52;UBB;RBX1;SUMO3;ACTB;COPS3;COPS6;POLD2;MCRS1;GPS1;COPS7A;RFC2;UBE2I;PCNA;INO80C;INO80E;ERCC2;UBC;POLD1;ERCC1;RUVBL1;TFPT;RPA1;RFC5;RPA3;COPS4;DDB2;POLE4;POLD4;RPS27A;RPA2;GTF2H5;PARP2;POLE3;COPS5;RAD23A;LIG1;RFC4;XRCC1;INO80B;ACTL6A;COPS7B",-1.8684422108485672,2.4120000269358085e-4,TRUE,
"REACTOME_METABOLISM_OF_VITAMINS_AND_COFACTORS",175,-0.3852271234185223,-1.6634328940071352,1.4420311979255123e-4,8.85626911583092e-4,"COQ4;VKORC1;NUDT8;MTHFS;GCHFR;NAPRT;NAXE;FPGS;PRSS3;GSTO1;PPCDC;SHMT2;MMAB;COQ9;SPR;VNN2;CD320;COQ6;COQ5;CYB5A;APOE;FLAD1;NNMT;PANK4;ACP5;PTS;PARP10;COQ8B;PCCB;AKT1;AMN;MMACHC;THTPA;PDZD11;SLC25A19;BST1;PDSS1;CYB5R3;COQ3;SHMT1;VNN1;COQ8A;RBP4;PDXK;SLC52A2;FOLR2;PNPO;SLC19A1;MOCOS;RBP2;MTHFD2;ABCD4;GCH1;SLC25A51;COASY;COQ2;APOM;COQ7;RDH11",-1.753735143055858,1.5355724919415304e-4,TRUE,
"REACTOME_RND3_GTPASE_CYCLE",40,0.4996762054902482,1.9959162336216976,1.4447554225825555e-4,8.85626911583092e-4,"ANKRD26;ARHGAP21;DSP;DST;RASAL2;LEMD3;ARHGAP5;KTN1;PIK3R1;ROCK1;ARHGAP35;CPD;TMOD3;VANGL1;PICALM;VANGL2;PKP4",2.041268065488402,4.155244419586053e-4,TRUE,
"REACTOME_HEDGEHOG_OFF_STATE",93,-0.44949046146776606,-1.797136054866086,1.5069598396980132e-4,9.185682168945755e-4,"PSMB6;PSMA6;PSMB4;UBA52;PSMB3;PSMC3;PSMB5;UBB;PSMB1;RBX1;PSMD8;PSMB7;PSMD13;TUBB4B;PSMC5;PSMA5;PSMC4;PSMA1;PSMB2;TUBA1B;TUBA4A;ADRM1;PSMC2;PSMD2;PSMD14;PSMA7;PSMA3;TUBA1C;UBC;PSMD3;PSMA4;TUBB3;SEM1;PSMD7;RPS27A;TUBB6;TUBA1A",-1.7893785054022477,8.04471000099575e-4,TRUE,
"REACTOME_INSULIN_RECEPTOR_SIGNALLING_CASCADE",39,0.5152936854345593,2.065113653869855,1.564843008331346e-4,9.485221586812907e-4,"GAB1;SOS1;PIK3CB;PDE3B;PDPK1;PIK3R4;PTPN11;PIK3CA;PIK3R1;KL;NRAS;GAB2;FRS2;FGF10;MAPK1;FGFR3;FGF19",1.964640890819994,0.0019499101702246785,TRUE,
"REACTOME_HEME_SIGNALING",44,0.48360799007803323,1.968304601110353,1.659369689152133e-4,0.0010002311737389246,"CHD9;PPARA;NCOA2;NCOA6;MED1;NRIP1;EP300;NFE2L2;RORA;NCOA1;CREB1;CLOCK;XPO1;NCOR1;CREBBP;MEF2C;BACH1;SIRT1;TLR4;CRTC3;ATF2",2.022213981788736,3.543803124541573e-4,TRUE,
"REACTOME_IMMUNOREGULATORY_INTERACTIONS_BETWEEN_A_LYMPHOID_AND_A_NON_LYMPHOID_CELL",146,-0.4016143409012452,-1.7029824693232605,1.7026954094674429e-4,0.0010206765299846272,"HCST;TYROBP;HLA-G;CD3D;CLEC2B;HLA-C;CD81;HLA-F;CD300A;IFITM1;HLA-A;NECTIN2;MICB;HLA-E;MICA;ICAM1;CD8A;CD247;TREM2;CD300LF;KLRD1;FCGR1A;CD300C;ICAM5;OSCAR;HLA-B;CRTAM;LILRA5;FCGR3A;FCGR2B;LAIR2;ULBP3;ITGB2;TREM1;LILRB4;PILRA;CD3E;NPDC1;ICAM2;B2M;LILRB3;SIGLEC12;LILRA2;CD40;SIGLEC7;SIGLEC9;ITGB7",-1.5570279813127559,0.00940911223656715,TRUE,
"REACTOME_IRON_UPTAKE_AND_TRANSPORT",51,-0.5195178893699041,-1.8743958338993851,1.7215963230039302e-4,0.0010263362694831123,"NEDD8;ATP6V0B;UBA52;UBB;ATP6V1F;HMOX2;FTH1;MCOLN1;ATP6V0E1;CP;ATP6V0D1;TCIRG1;ATP6V1E1;UBC;GLRX3;RPS27A;ATP6AP1;LCN2;TFR2",-1.957611521810525,3.877882322927695e-4,TRUE,
"REACTOME_SYNTHESIS_OF_SUBSTRATES_IN_N_GLYCAN_BIOSYTHESIS",60,-0.5037054847434808,-1.8721506951921094,1.7948967364561877e-4,0.0010641874093196522,"DPM3;GFUS;DPM2;AMDHD2;GMPPB;GMPPA;NUDT14;NAGK;NANS;ST6GALNAC4;PMM1;DOLK;FUOM;MPI;MVD;RENBP;SLC35C1;SRD5A3;DHRSX;SLC35A1;GMDS;HK1;NEU1;ALG5;UAP1;ST6GALNAC2;CTSA;FCSK;DOLPP1;GFPT2",-1.9100288341437088,6.886859911921372e-4,TRUE,
"REACTOME_COOPERATION_OF_PREFOLDIN_AND_TRIC_CCT_IN_ACTIN_AND_TUBULIN_FOLDING",26,-0.6293133732447637,-1.9888340846921773,1.971025458718226e-4,0.001162262294950693,"TUBB4B;ACTB;TUBA1B;PFDN2;TUBA4A;CCT2;TUBA1C;CCT7;PFDN6;CCT3;CCT5;TUBB3;TUBB6;TUBA1A;PFDN1;CCT4;TUBB2A;TCP1;CCT8;CCT6B",-1.9207532796675588,0.0028983911241623585,TRUE,
"REACTOME_CHEMOKINE_RECEPTORS_BIND_CHEMOKINES",45,-0.5362479323141943,-1.8841482142385921,2.0930777175399813e-4,0.0012275617965031781,"CCL3;CCL3L3;CCL4;CXCL10;CX3CL1;CXCL8;CCL5;CXCL11;CXCL9;CXCR3;CXCL13;CXCL16;CXCL3;CXCL1;CXCR4;CXCR6;CCR10;CXCL2;CXCL5;CXCR1;CCL2;CCR5",-1.7141215710503315,0.01047529992081395,TRUE,
"REACTOME_LAMININ_INTERACTIONS",29,0.5729334343680808,2.144399857566857,2.1171671213588794e-4,0.001235014154126013,"COL4A5;LAMC1;ITGA2;ITGA6;COL4A6;LAMA2;LAMA4;ITGB1;NID1;HSPG2;COL4A1;ITGA1;ITGAV;LAMB1;COL4A4;COL4A2",2.2102720378669076,7.917681814824594e-4,TRUE,
"REACTOME_CELL_CYCLE_CHECKPOINTS",267,-0.3545400565738067,-1.592505663794208,2.152931078607599e-4,0.001249160545609222,"BABAM1;PSMB6;PSMA6;PSMB4;PMF1;UBA52;PSMB3;CENPM;B9D2;PSMC3;SEC13;ANAPC11;PSMB5;UBB;ANAPC15;DYNLL1;PSMB1;MCM5;RBX1;AURKB;PSMD8;PSMB7;PSMD13;PSMC5;H2AX;CDC20;PSMA5;CDC45;PSMC4;PSMA1;PKMYT1;PLK1;PSMB2;SFN;SPC24;KAT5;RFC2;ADRM1;MCM7;ANAPC5;PSMC2;NUDC;YWHAH;ANAPC2;PSMD2;YWHAE;ATRIP;ZNF385A;BUB3;PSMD14;RANGAP1;PPP2R1A;BIRC5;PSMA7;CCNB1;PSMA3;CDCA8;UBE2S;ANAPC7;PLK3;RAD9A;CENPT;UBC;MAPK11;CCNB2;RPA1;H4C5;PSMD3;RFC5;MCM2;RPA3;PSMA4",-1.6137193171474358,7.640614756822452e-4,TRUE,
"REACTOME_ECM_PROTEOGLYCANS",63,0.4246137389507114,1.8690975238933139,2.193341997600596e-4,0.0012658383337216205,"ITGA8;COL4A5;LAMC1;ITGA2;COL4A6;LAMA2;ITGA9;TNXB;LAMA4;ITGB1;COL9A3;NCAM1;BCAN;HSPG2;ITGB6;COL4A1;LRP4;ITGB3;ITGAV;LAMB1;HAPLN1;COL6A3;COL4A4;COL4A2;ACAN;COL9A1;TNN;LAMA5;TGFB2;MATN3;VCAN;APP",2.161737509501613,1.9360482404566096e-5,TRUE,
"REACTOME_PI_METABOLISM",79,0.397092426116206,1.8394915129017535,2.237776438932256e-4,0.0012846494371648136,"SBF2;PIKFYVE;PIK3C2A;PIK3CB;OCRL;PLEKHA5;PIK3R4;PLEKHA8;PIK3CA;INPP5F;MTM1;PIK3R1;INPP4B;PIK3C2B;SYNJ1;RAB5A;MTMR10;PLEKHA2;PLEKHA1;TNFAIP8L3;SYNJ2;PLEKHA6",1.8375667947932552,0.0013868935792215103,TRUE,
"REACTOME_SUMOYLATION",175,0.3023499584954512,1.624146587521548,2.329807775757473e-4,0.001330442861419399,"SMC6;PPARA;NCOA2;TOP2B;POM121;NUP153;SP3;SMC5;NRIP1;RANBP2;EP300;PHC3;TPR;TP53BP1;SATB1;STAG2;SATB2;HERC2;WRN;RORA;STAG1;NCOA1;DNMT3A;TOP1;SMC3;NUP98;CASP8AP2;DDX17;SUZ12;HDAC4;EIF2AK2;NUP205;SENP2;NUP58;TOP2A;NOP58;HIPK2;THRB;CREBBP;MDC1;PGR;PPARG;BRCA1;CBX5;POM121C;TOPORS;AR;NUP133;NR1I2;UHRF2;XPC;PIAS1;H4C16",1.6303888739721215,7.640614756822452e-4,TRUE,
"REACTOME_BASE_EXCISION_REPAIR",64,-0.4860497737814546,-1.820095090199597,2.560549495731207e-4,0.0014545529857949526,"ADPRS;H2AC20;MPG;H2AX;NTHL1;POLD2;SMUG1;RFC2;ACD;FEN1;PCNA;APEX1;POLD1;RPA1;H4C5;PNKP;RFC5;RPA3;H2AZ2;POLE4;POLD4;TINF2;RPA2;PARP2;POLE3;LIG1;RFC4;XRCC1;H2AJ",-1.9061520364064748,4.531463038154715e-4,TRUE,
"REACTOME_PROTEIN_FOLDING",82,-0.4537860197700657,-1.7685880548160784,2.6595832642503967e-4,0.0015029415842248337,"FBXO6;WRAP53;TUBB4B;GNG5;ACTB;SPHK1;FBXW9;CSNK2B;FBXW5;GNB2;ARL2;TUBA1B;PFDN2;TUBA4A;TBCB;HDAC3;CCT2;TUBA1C;CCT7;PFDN6;GNA15;CCT3;CCT5;TBCD;TUBB3;GNGT2;NOP56;GNB5;KIFC3;TBCC;TUBB6;FBXW4;TUBA1A;TP53;PFDN1;GBA1;GNB1;SKIC2;CCT4;TUBB2A;GNB3;FBXO4",-1.70547284433618,0.003172033023642141,TRUE,
"REACTOME_TRANSCRIPTIONAL_REGULATION_BY_RUNX3",86,-0.45439023151626,-1.7852271258288306,2.695567658155678e-4,0.0015153838907248243,"PSMB6;PSMA6;PSMB4;UBA52;PSMB3;PSMC3;PSMB5;UBB;PSMB1;PSMD8;PSMB7;PSMD13;PSMC5;PSMA5;PSMC4;PSMA1;PSMB2;ADRM1;PSMC2;PSMD2;PSMD14;TEAD4;PSMA7;PSMA3;TGFB1;UBC;SPP1;PSMD3;PSMA4;SEM1;PSMD7;RPS27A;CDKN2A",-1.7986800524074753,0.0012062469854599816,TRUE,
"REACTOME_MAPK6_MAPK4_SIGNALING",73,-0.48302080573169104,-1.8512356558121146,2.725018161032461e-4,0.0015240436622269175,"PSMB6;PSMA6;PSMB4;UBA52;PSMB3;PSMC3;PSMB5;UBB;PSMB1;PSMD8;PSMB7;PSMD13;PSMC5;PSMA5;PSMC4;PSMA1;PSMB2;ADRM1;PSMC2;PSMD2;HSPB1;PSMD14;PSMA7;PSMA3;UBC;CDC42EP5;PSMD3;PSMA4;CCND3;DNAJB1;SEM1;PSMD7;RPS27A",-1.8331809641797772,9.510938840996424e-4,TRUE,
"REACTOME_GASTRULATION",91,-0.4347812173769232,-1.728274983825159,3.1967537321074687e-4,0.0017787065637623607,"PSMB6;PSMA6;PSMB4;PSMB3;PSMC3;PSMB5;PSMB1;PSMD8;PSMB7;PSMD13;PSMC5;PSMA5;PSMC4;PSMA1;PSMB2;ADRM1;CLDN7;PSMC2;PSMD2;PSMD14;TEAD4;PSMA7;PSMA3;TFAP2A;MESP2;PSMD3;CXCR4;PSMA4",-1.6728978056831088,0.004174830002176163,TRUE,
"REACTOME_PCNA_DEPENDENT_LONG_PATCH_BASE_EXCISION_REPAIR",21,-0.6595691768722417,-1.997182310020947,3.361334413629352e-4,0.0018607386932591055,"POLD2;RFC2;FEN1;PCNA;APEX1;POLD1;RPA1;RFC5;RPA3;POLE4;POLD4;RPA2;POLE3;LIG1;RFC4;POLB;POLE2",-2.0013276117620693,0.0018778140255539789,TRUE,
"REACTOME_RHOQ_GTPASE_CYCLE",58,0.4262517483618519,1.8461624426495948,3.3919069312149706e-4,0.001868131482420428,"ARHGAP21;OPHN1;CDC42BPA;ARHGAP5;PAK2;ARHGAP35;IQGAP1;GOPC;SLC4A7;WASL;ARHGEF7;ITSN1;ARHGAP26;CFTR;VANGL1;DLC1;ARHGEF9;CDC42BPB;MPP7;ARHGAP32;CDC42EP3;FNBP1",1.822132769683863,0.002207588197146412,TRUE,
"REACTOME_SIGNALING_BY_FGFR1_IN_DISEASE",31,0.5285952022972727,2.0042532149784726,3.769791598990585e-4,0.0020657696388408004,"GAB1;ZMYM2;SOS1;CNTRL;PIK3CA;STAT5B;PIK3R1;TRIM24;NRAS;LRRFIP1;GAB2;FRS2;CUX1;ERLIN2;MYO18A;PLCG1;KRAS",2.0435161126574437,0.001410821194812547,TRUE,
"REACTOME_HIV_ELONGATION_ARREST_AND_RECOVERY",31,-0.5909741925160704,-1.9293383364193086,3.824615922828981e-4,0.0020792432852279295,"POLR2I;POLR2L;POLR2F;POLR2G;ELOB;NELFE;POLR2H;POLR2E;NELFB;CDK9;POLR2J;ELOC;NELFA;GTF2F1;POLR2C;CTDP1",-1.911844944550958,0.0014439693560355904,TRUE,
"REACTOME_TRANSLESION_SYNTHESIS_BY_POLH",19,-0.6723767669427666,-1.969240763926846,3.8454856440758655e-4,0.0020792432852279295,"UBA52;UFD1;UBB;RFC2;PCNA;UBC;RPA1;RFC5;RPA3;RPS27A;RPA2;VCP;RCHY1;RFC4;NPLOC4",-1.9578483176066193,0.0023602753280005284,TRUE,
"REACTOME_DNA_REPAIR",300,-0.3400710346478521,-1.5412200712887538,3.8518700491319246e-4,0.0020792432852279295,"POLR2I;POLR2L;BABAM1;PPP4C;UBA52;UFD1;MAD2L2;UBB;POLR2F;POLR2G;ADPRS;CENPX;RBX1;UBE2L6;H2AC20;SUMO3;MPG;ACTB;FANCG;H2AX;ISG15;ALKBH2;NTHL1;COPS3;POLR2H;COPS6;POLD2;MCRS1;SMUG1;POLR2E;XAB2;GPS1;FAAP20;PPIE;KAT5;PPP5C;COPS7A;RFC2;ACD;POLR2J;FEN1;UBE2I;PCNA;XRCC3;APEX1;INO80C;MUS81;ATRIP;INO80E;POLL;ALKBH5;RAD51;UBXN1;RAD9A;ERCC2;UBC;POLD1;ERCC1;RUVBL1;PRPF19;SIRT6;TFPT;RPA1;FAAP100;H4C5;PNKP;UBE2T;FANCE;RFC5;RPA3;H2AZ2;COPS4;DDB2;POLE4;POLD4;EME1;SEM1;TINF2;RPS27A;POLR2C;RPA2;UBA7;ASCC2;MGMT;GTF2H5;VCP;PARP2;USP43;POLE3;RMI2;TP53;XRCC6;CENPS;COPS5;RCHY1;RAD23A;LIG1",-1.5260932643260579,0.002619414089269619,TRUE,
"REACTOME_CHROMOSOME_MAINTENANCE",111,-0.41979727025787117,-1.721702126323195,4.196094083829307e-4,0.0022538426143340583,"POLR2I;POLR2L;CENPM;POLR2F;POLR2G;CENPX;WRAP53;RUVBL2;POLA2;H2AC20;NOP10;H2AX;POLR2H;POLD2;POLR2E;NHP2;CENPW;RFC2;ACD;CHTF18;POLR2J;FEN1;PCNA;CENPT;POLD1;CHTF8;RUVBL1;DAXX;RPA1;H4C5;RFC5;RPA3;H2AZ2;PIF1;POLD4;TINF2;POLR2C;RPA2;OIP5;CENPS;GAR1;LIG1;CENPN",-1.7778078476035342,8.04471000099575e-4,TRUE,
"REACTOME_PD_L1_CD274_GLYCOSYLATION_AND_TRANSLOCATION_TO_PLASMA_MEMBRANE",21,-0.6534532694795356,-1.9786632789886571,4.2517424722492326e-4,0.002272483045512521,"UBA52;TMEM258;RPN1;UBB;OST4;MIB2;CD274;DDOST;DAD1;PDCD1;UBC;OSTC",-1.9884345947980495,0.002207588197146412,TRUE,
"REACTOME_DNA_STRAND_ELONGATION",32,-0.5811644729199411,-1.9108196848685894,4.4572968403951493e-4,0.0023706701332493808,"MCM5;POLA2;CDC45;POLD2;RFC2;MCM7;FEN1;PCNA;POLD1;RPA1;RFC5;MCM2;RPA3;GINS2;POLD4;GINS3;RPA2;LIG1;MCM3;RFC4",-1.8850228975587646,0.002786852364903158,TRUE,
"REACTOME_PIWI_INTERACTING_RNA_PIRNA_BIOGENESIS",22,-0.6501580460653891,-1.9877657716649646,4.491014035377372e-4,0.0023769513309192434,"POLR2I;POLR2L;POLR2F;POLR2G;POLR2H;POLR2E;POLR2J;PLD6;PIWIL1",-2.0424220428991156,9.342377368900937e-4,TRUE,
"REACTOME_FORMATION_OF_THE_EARLY_ELONGATION_COMPLEX",31,-0.5883057198141985,-1.9206266418163842,4.654493593307638e-4,0.002451517256669314,"POLR2I;POLR2L;POLR2F;POLR2G;NELFE;POLR2H;POLR2E;NELFB;POLR2J;ERCC2;NELFA;GTF2F1;POLR2C;GTF2H5;CTDP1",-1.9077586170514371,0.0015871125146675253,TRUE,
"REACTOME_DENGUE_VIRUS_HOST_INTERACTIONS",243,-0.34880724390747136,-1.549218774735826,4.721394059575521e-4,0.002474740364560116,"POLR2I;POLR2L;SF3B5;PHF5A;MLST8;SRSF9;POLR2F;POLR2G;TXNL4A;DYNLT1;PCBP1;RPL18;H2AC25;SNRPD2;H2AC20;SNRPF;PUF60;ALYREF;SNRPB;SUGP1;EIF4A3;SNRNP40;POLR2H;PQBP1;AUP1;SNRPD1;POLR2E;XAB2;NFKBIA;PPIE;CPSF4;SKIC8;SRSF7;POLR2J;UBE2I;PCBP2;YBX1;NFKBIB;PML;PAF1;C1QA;PRR5;SF3A2;U2AF1L4;SNRPG;DNAJC8;HNRNPF;PRPF19;DAXX;H4C5;SF3B4;PPIL1;GTF2F1;SNRPE;STING1;CLP1;ELAVL1;GRPEL1;RBM10;RNPS1;HSPA8;GPKOW;SF3A3;BUD31;SNRPN;POLR2C;U2AF2;HNRNPL;HNRNPM;FUS",-1.485327858802702,0.006161322455520622,TRUE,
"REACTOME_HSF1_ACTIVATION",27,-0.6046514106058796,-1.9289464951722395,5.279404092125938e-4,0.0027539199230560783,"UBB;HSBP1;DEDD2;MRPL18;HSPB1;YWHAE;HSPA6;SERPINH1;FKBP4;RPA1;EEF1A1;RPA3;HSF1;DNAJB1;RPA2;VCP",-1.991760962115229,9.569500832686947e-4,TRUE,
"REACTOME_SARS_COV_INFECTIONS",433,-0.31169121296912544,-1.4424656766594044,5.436164852076436e-4,0.002811616824257541,"UBA52;FAU;TMEM258;AP2S1;RPS5;SEC13;RPN1;UBB;PRMT1;TUFM;RPS14;OST4;RPS15;RBX1;RPS16;PPIB;PYCARD;SNRPD2;RPS21;RPS10;RPS2;FNTB;RPS8;GEMIN7;SAP30;SNRPF;RPS9;RPS11;ISG15;RPS15A;RPS3;RPS18;RPS28;HMG20B;RPS23;RPS13;SNRPB;KEAP1;SIGMAR1;DDOST;BRMS1;RPS29;SNRPD1;IRF7;SFN;HLA-G;AAAS;TUBB;RPSA;MGAT1;NFKBIA;COMT;AP2M1;PPIH;IFNAR2;RPS19;HLA-C;DAD1;BST2;CHMP2A;MAN1B1;ST6GALNAC4;HLA-F;CHMP6;IL17RC;UBE2I;PCBP2;PTPN6;RPS6;MGAT2;YWHAH;CTSL;HLA-A;YWHAE;PARP10;RPS26;PPIA;HLA-E;RPS12;IRF3;CRB3;PDCD1;AKT1;FKBP4;SNRPG;VPS33B;MBD3;UBC;RPS3A;GEMIN4;CNBP;RPS4X;OSTC;IMPDH2;EEF1A1;MTA2;HLA-B",-1.4809244539931117,0.001239885377801232,TRUE,
"REACTOME_RESOLUTION_OF_ABASIC_SITES_AP_SITES",38,-0.5540490916850634,-1.8658226516932526,5.441839014692014e-4,0.002811616824257541,"ADPRS;MPG;NTHL1;POLD2;SMUG1;RFC2;FEN1;PCNA;APEX1;POLD1;RPA1;PNKP;RFC5;RPA3;POLE4;POLD4;RPA2;PARP2;POLE3;LIG1;RFC4;XRCC1;POLB;POLE2;UNG",-1.9350532831055567,5.372468668660897e-4,TRUE,
"REACTOME_M_PHASE",357,-0.32276227486138687,-1.4827699477456473,5.504759992165728e-4,0.0028306467258292964,"PSMB6;PSMA6;PSMB4;PMF1;UBA52;PSMB3;CENPM;B9D2;PSMC3;CTDNEP1;SEC13;ANAPC11;PSMB5;UBB;ANAPC15;SSNA1;DCTN3;DYNLL1;MZT2B;PSMB1;AURKB;DCTN2;PSMD8;PSMB7;PSMD13;TUBB4B;H2AC20;NCAPH2;PSMC5;RAN;CSNK2B;H2AX;CDC20;PSMA5;PSMC4;PSMA1;PLK1;PSMB2;TUBA1B;PPP2R2D;AAAS;TUBB;SPC24;HAUS8;MZT2A;TUBG1;TUBA4A;ADRM1;LMNA;BANF1;ANAPC5;CHMP2A;CHMP6;UBE2I;RAB1B;PSMC2;NUDC;ANAPC2;PSMD2;YWHAE;RCC1;BUB3;PSMD14;RANGAP1;PPP2R1A;TUBGCP2;BIRC5;PSMA7;HAUS4;CCNB1;PSMA3;CDCA8;UBE2S;ANAPC7;TUBA1C;CENPT;UBC;CCNB2;ACTR1A;MAPK3;PTTG1;VPS4A;H4C5",-1.5039971105869037,0.0015444231326070864,TRUE,
"REACTOME_RRNA_MODIFICATION_IN_THE_NUCLEUS_AND_CYTOSOL",59,-0.4896379391907828,-1.8083229384567407,5.629278990184046e-4,0.0028810225020517405,"SNU13;RPS14;IMP3;TSR3;NOP10;RPS2;EMG1;RPS9;TRMT112;IMP4;DDX49;TBL3;NHP2;FBL;RRP7A;RPS6;RRP36;RRP9;NOC4L",-1.7844523190598747,0.003787828976698853,TRUE,
"REACTOME_TRANSLESION_SYNTHESIS_BY_Y_FAMILY_DNA_POLYMERASES_BYPASSES_LESIONS_ON_DNA_TEMPLATE",39,-0.5470477287916282,-1.8553701651653012,5.683694197310223e-4,0.002895215119287132,"UBA52;UFD1;MAD2L2;UBB;UBE2L6;ISG15;POLD2;RFC2;PCNA;UBC;POLD1;RPA1;RFC5;RPA3;POLE4;POLD4;RPS27A;RPA2;UBA7;VCP;USP43;POLE3;RCHY1;RFC4;PCLAF;NPLOC4",-1.8796039939511227,0.001998229264387281,TRUE,
"REACTOME_MRNA_POLYADENYLATION",126,-0.4113183815193339,-1.7118162266529757,5.815945411141635e-4,0.00294873867807882,"POLR2I;POLR2L;SF3B5;UBA52;PHF5A;UBB;SRSF9;POLR2F;POLR2G;PPP1CA;PCBP1;SNRPD2;SNRPF;PUF60;SNRPC;SNRPB;SUGP1;POLR2H;SNRPA;SNRPD1;POLR2E;CPSF4;SRSF7;POLR2J;PCBP2;YBX1;SF3A2;U2AF1L4;SNRPG;DNAJC8;UBC;HNRNPF;TUT1;SF3B4;GTF2F1;PPP1R8;SNRPE;CLP1;RBM10;SNRNP70;SF3A3;SNRPN;RPS27A;POLR2C;U2AF2;HNRNPL;HNRNPM;FUS",-1.6567947772170146,0.0056401985448060205,TRUE,
"REACTOME_GAP_FILLING_DNA_REPAIR_SYNTHESIS_AND_LIGATION_IN_GG_NER",25,-0.6117853420798204,-1.9210568159241326,5.847307822897767e-4,0.002950850692020501,"UBA52;UBB;POLD2;RFC2;PCNA;UBC;POLD1;RPA1;RFC5;RPA3;POLE4;POLD4;RPS27A;RPA2;POLE3;LIG1;RFC4;XRCC1",-1.8548800745157445,0.006339045649488993,TRUE,
"REACTOME_LYSOSOME_VESICLE_BIOGENESIS",32,-0.5755253061811222,-1.8922785810797558,6.011178881563115e-4,0.0030195042067111015,"BLOC1S1;ARF1;TXNDC5;VAMP8;CLTA;DNASE2;CLTB;CHMP2A;AP1S1;AP1M2;CTSZ;AP1B1;HSPA8;AP1M1;AP1G2;AP4M1;ARRB1",-1.8092970419353673,0.006711295242079853,TRUE,
"REACTOME_DNA_DAMAGE_RECOGNITION_IN_GG_NER",38,-0.5518041643053256,-1.858262606167716,6.086786542250652e-4,0.003043393271125326,"UBA52;UBB;RBX1;ACTB;COPS3;COPS6;MCRS1;GPS1;COPS7A;INO80C;INO80E;UBC;RUVBL1;TFPT;COPS4;DDB2;RPS27A;PARP2;COPS5;RAD23A;INO80B;ACTL6A;COPS7B",-1.95361277896754,4.4748293393645895e-4,TRUE,
"REACTOME_CELL_JUNCTION_ORGANIZATION",242,-0.34795465032783296,-1.5457767507607718,6.614787361960086e-4,0.0032922221503333456,"PSMB6;PSMA6;PSMB4;UBA52;PSMB3;TMEM258;PSMC3;RPN1;PSMB5;UBB;PSMB1;OST4;PSMD8;PSMB7;PSMD13;H2AC20;RACK1;PARD6A;PSMC5;ACTB;CSNK2B;PKM;H2AX;PSMA5;PSMC4;PSMA1;DDOST;PSMB2;CD151;ANG;CTBP1;ACTA1;BANP;ADRM1;DAD1;CLDN7;CLDN3;PSMC2;CTSL;PSMD2;ACTG1;NECTIN2;PSMD14;PSMA7;CRB3;PSMA3;TFAP2A;UBC;EED;OSTC;MAPK3;H4C5;SEC11C;PSMD3;POMT1;SPCS1;ANGPTL4;H2AZ2;PSMA4;MCRIP1;SPCS2;TESK1;SEM1;CTSB;PSMD7;RPS27A;PARVB",-1.435781600784725,0.0187998749569925,TRUE,
"REACTOME_PKR_MEDIATED_SIGNALING",67,-0.471427738912371,-1.7836467634394177,7.598380907582815e-4,0.003764494650560436,"CENPX;UBE2L6;TUBB4B;TARBP2;SPHK1;FANCG;ISG15;TUBA1B;FAAP20;DUS2;TUBA4A;UBE2I;PPP2R1A;ILF2;TUBA1C;FAAP100;FANCE;TUBB3;HSPA8;HSPA2;TUBB6;TUBA1A;TP53;PPP2CA;CENPS",-1.6451764623944367,0.012006094251640507,TRUE,
"REACTOME_MATURATION_OF_TCA_ENZYMES_AND_REGULATION_OF_TCA_CYCLE",20,-0.6570573031708435,-1.9723923409011528,7.777406012191172e-4,0.0038347201974295773,"SDHA;SDHAF2;CSKMT;SDHAF1;SDHB;LYRM4;ISCA2;IDH2;ISCU;SDHAF3;SIRT3;ACO2;ACAT1;CS;SDHC;FXN",-2.0722157137984754,7.153640533482856e-4,TRUE,
"REACTOME_POST_CHAPERONIN_TUBULIN_FOLDING_PATHWAY",16,-0.6829494394217402,-1.936371811320748,7.810812568036282e-4,0.0038347201974295773,"TUBB4B;ARL2;TUBA1B;TUBA4A;TBCB;TUBA1C;TBCD;TUBB3;TBCC;TUBB6;TUBA1A",-1.7990958083117372,0.012936434693470718,TRUE,
"REACTOME_RAC3_GTPASE_CYCLE",88,0.3540751239504444,1.6849687075703932,8.177012472838852e-4,0.003996422762626196,"TRIO;ARHGAP21;OPHN1;NCKAP1;OCRL;ERBIN;LEMD3;ARHGAP5;GARRE1;PAK2;ABI2;PIK3R1;ARHGAP35;LBR;ABL2;ARHGAP42;ITGB1;ARHGAP26;DSG2;VANGL1;ARAP2;RAPGEF1;MPP7;NHS;SWAP70;ARHGAP32;TAOK3",1.7676946263187578,8.776755817462051e-4,TRUE,
"REACTOME_ABORTIVE_ELONGATION_OF_HIV_1_TRANSCRIPT_IN_THE_ABSENCE_OF_TAT",22,-0.6317561244961921,-1.931504513268673,8.240701740329016e-4,0.004009489411774431,"POLR2I;POLR2L;POLR2F;POLR2G;NELFE;POLR2H;POLR2E;NELFB;POLR2J;NELFA;GTF2F1;POLR2C;CTDP1",-1.9074567440577148,0.004727227094004213,TRUE,
"REACTOME_METABOLISM_OF_COFACTORS",25,-0.6044839466575137,-1.8981298275231104,8.832449134606541e-4,0.004259203249354709,"COQ4;GCHFR;COQ9;SPR;COQ6;COQ5;PTS;COQ8B;AKT1;PDSS1;COQ3;COQ8A;GCH1;COQ2;COQ7;CALM1",-2.0535810425398755,5.802006576638137e-4,TRUE,
"REACTOME_RESOLUTION_OF_AP_SITES_VIA_THE_MULTIPLE_NUCLEOTIDE_PATCH_REPLACEMENT_PATHWAY",25,-0.6036990900295076,-1.895665312486466,8.832449134606541e-4,0.004259203249354709,"ADPRS;POLD2;RFC2;FEN1;PCNA;APEX1;POLD1;RPA1;RFC5;RPA3;POLE4;POLD4;RPA2;PARP2;POLE3;LIG1;RFC4;POLB;POLE2",-1.9141017586373659,0.002948545127077951,TRUE,
"REACTOME_ROS_AND_RNS_PRODUCTION_IN_PHAGOCYTES",28,-0.5872888490855382,-1.8900379071002762,9.032673975692897e-4,0.00432045862044396,"ATP6V0B;ATP6V1F;CYBA;ATP6V0E1;ATP6V0D1;RAC2;TCIRG1;ATP6V1E1;SLC11A1;NCF1;NCF4;NCF2",-1.776368932616923,0.016789702398554037,TRUE,
"REACTOME_GAP_JUNCTION_ASSEMBLY",21,-0.6350292488333866,-1.922875153339061,9.078936087200211e-4,0.00432045862044396,"TUBB4B;TUBA1B;TUBA4A;GJB5;TUBA1C;GJD3;TUBB3;GJB4;TUBB6;GJB2;TUBA1A;GJB3;GJA4;GJB1;TUBB2A",-1.6311304897979444,0.07352190041525566,FALSE,
"REACTOME_INSERTION_OF_TAIL_ANCHORED_PROTEINS_INTO_THE_ENDOPLASMIC_RETICULUM_MEMBRANE",21,-0.6339830687546727,-1.919707309207514,9.078936087200211e-4,0.00432045862044396,"GET3;STX5;UBE2J2;SEC61B;CYB5A;SGTA;SEC61G;UBL4A;SERP1;GET4;EMD;HMOX1",-2.0302793964308976,0.001084995501683609,TRUE,
"REACTOME_GENE_AND_PROTEIN_EXPRESSION_BY_JAK_STAT_SIGNALING_AFTER_INTERLEUKIN_12_STIMULATION",32,-0.5657408785670602,-1.86010820976269,9.429395766770131e-4,0.004467639479015542,"SOD1;ARF1;BOLA2B;PSME2;RPLP0;AIP;GSTO1;TALDO1;CFL1;PPIA;ANXA2;HNRNPF",-1.8477509432315016,0.004295266137330625,TRUE,
"REACTOME_FGFR1_MUTANT_RECEPTOR_ACTIVATION",24,0.5560388840130628,1.9395239869619103,9.772465408619145e-4,0.004610054334065988,"ZMYM2;CNTRL;PIK3CA;STAT5B;PIK3R1;TRIM24;LRRFIP1;GAB2;CUX1;ERLIN2",2.014410655038958,0.002479237585619323,TRUE,
"REACTOME_RNA_POLYMERASE_III_CHAIN_ELONGATION",18,-0.668183934203319,-1.9248935320282379,0.001044022699296789,0.0049037429815455245,"POLR2L;POLR3K;POLR2F;POLR1C;POLR2H;POLR2E;POLR3H",-1.9778337320479504,0.0013469170601876068,TRUE,
"REACTOME_DISORDERS_OF_TRANSMEMBRANE_TRANSPORTERS",133,-0.39031906519262016,-1.634748280434405,0.0010834956631218104,0.0050672103210653635,"PSMB6;PSMA6;PSMB4;UBA52;PSMB3;PSMC3;SEC13;PSMB5;UBB;PSMB1;PSMD8;PSMB7;PSMD13;PSMC5;PSMA5;CP;PSMC4;PSMA1;PSMB2;AAAS;ADRM1;BSG;PSMC2;PSMD2;PSMD14;ABCB6;PSMA7;PSMA3;UBC;SLC27A4;ABCG5;ABCD1;DERL2;SLC35C1;PSMD3;PSMA4;NUP37;SEM1;PSMD7;RPS27A;VCP;SLC67A1;NUP62;SLC35A1;ABCA12;NUP85;SLC1A3;ABCD4;SEH1L;RNF5;SLC39A4;NUP93;HK1;SLC7A7",-1.6441031465475218,0.0019727772703674283,TRUE,
"REACTOME_DUAL_INCISION_IN_GG_NER",40,-0.5133803459542635,-1.7566551042739296,0.0011728824474467685,0.00546170581750963,"UBA52;UBB;RBX1;POLD2;RFC2;PCNA;ERCC2;UBC;POLD1;ERCC1;RPA1;RFC5;RPA3;DDB2;POLE4;POLD4;RPS27A;RPA2;GTF2H5;PARP2;POLE3",-1.7918274327882104,0.003195057821777568,TRUE,
"REACTOME_HIV_LIFE_CYCLE",145,-0.37437885879184885,-1.5844636036454778,0.0012183406121545526,0.005648143627124708,"POLR2I;POLR2L;UBA52;SEC13;UBB;POLR2F;POLR2G;ELOB;RAN;NELFE;VPS28;POLR2H;POLR2E;AAAS;NELFB;CDK9;BANF1;POLR2J;CHMP2A;TAF10;FEN1;CHMP6;RANBP1;VPS37B;MVB12A;GTF2A2;RCC1;RANGAP1;PPIA;HMGA1;TAF9;ERCC2;UBC;ELOC;VPS4A;NELFA;GTF2F1;CXCR4;NUP37;RPS27A;POLR2C;GTF2H5;CTDP1;NUP62;XRCC6;NUP85;VPS37D;LIG1;SEH1L;SSRP1;GTF2B;TAF11;NUP93;GTF2E2;VPS37C;TSG101;NUP188",-1.499801458753733,0.018308427246032512,TRUE,
"REACTOME_MET_PROMOTES_CELL_MOTILITY",40,0.4530732772128159,1.8097646017024343,0.0012255657559600939,0.005648143627124708,"GAB1;DOCK7;HGF;LAMC1;ITGA2;TNS3;LAMA2;LAMA4;ITGB1;RAPGEF1;PTK2;MET",1.9528173927285508,9.569500832686947e-4,TRUE,
"REACTOME_GLUCONEOGENESIS",19,-0.6441476356240001,-1.8865639689270408,0.001228536309678738,0.005648143627124708,"ALDOA;GAPDH;TPI1;ENO1;ALDOC;ENO2;GPI;G6PC3;PGAM1;PGK1;PCK2;FBP1;SLC37A4",-1.9098593795776642,0.0047228492906995784,TRUE,
"REACTOME_SIGNALING_BY_PDGFR_IN_DISEASE",19,0.6087329655724921,2.036166399805072,0.0012432586260776096,0.005691711431621124,"STRN;SOS1;GOLGA4;PIK3CB;PIK3CA;KDR;PIK3R1;WDR48;PDGFRA;NRAS",1.94761188070405,0.01151040097042743,TRUE,
"REACTOME_RHOU_GTPASE_CYCLE",38,0.4635006845130426,1.8492497932470933,0.0012922550288604064,0.0058911626315695,"ITSN2;DST;PAK2;PEAK1;PIK3R1;MYO6;IQGAP1;USP9X;ARHGEF7;CLTC;RHOU;VANGL1;SPTBN1;SPTAN1",1.9380985567846551,0.002948545127077951,TRUE,
"REACTOME_NRAGE_SIGNALS_DEATH_THROUGH_JNK",56,0.4059924466273505,1.7355835052044517,0.0014148802966897514,0.006414122883218528,"TRIO;SOS1;ARHGEF12;SOS2;AKAP13;ARHGEF11;ARHGEF7;ARHGEF38;ITSN1;ARHGEF10;KALRN;ARHGEF5;FGD4;ARHGEF9;NET1;GNA13;VAV3;PLEKHG2;NGFR;ARHGEF35;MCF2L;FGD1",1.783624967260639,0.00426595128975536,TRUE,
"REACTOME_PROTEIN_HYDROXYLATION",18,-0.6615079661732599,-1.905661510689069,0.0014187921584999511,0.006414122883218528,"RPL8;JMJD4;RPS23;DRG1;DRG2;RPS6;RPL27A;KDM8;JMJD6;RCCD1;U2AF2;RIOX1",-1.9464478440648796,0.0020480556844385566,TRUE,
"REACTOME_RND1_GTPASE_CYCLE",41,0.4514523498258162,1.7987489093846922,0.0014451955239147113,0.00650637818857868,"KIDINS220;ANKRD26;DSP;DST;RASAL2;LEMD3;ARHGAP5;PIK3R1;FAM135A;ARHGAP35;CPD",1.828979824078118,0.005431007563920271,TRUE,
"REACTOME_CIRCADIAN_CLOCK",108,-0.3986358403925129,-1.6294379019740923,0.0015702174673454972,0.007040024595330018,"PSMB6;PSMA6;PSMB4;UBA52;PSMB3;PSMC3;PSMB5;UBB;PSMB1;PPP1CA;RBX1;PSMD8;PSMB7;PSMD13;PSMC5;CSNK2B;PSMA5;PSMC4;PSMA1;PSMB2;ADRM1;CDK5;PSMC2;HDAC3;SREBF1;PSMD2;PSMD14;PSMA7;PSMA3;UBC;BMAL2;PSMD3;PSMA4;SEM1;PSMD7;SMARCD3;RPS27A;DBP;CARM1",-1.6285354176530036,0.00886974135018975,TRUE,
"REACTOME_FORMATION_OF_TUBULIN_FOLDING_INTERMEDIATES_BY_CCT_TRIC",19,-0.6365820668130749,-1.864406114525692,0.0017588319833883518,0.007853220995787497,"TUBB4B;TUBA1B;TUBA4A;CCT2;TUBA1C;CCT7;CCT3;CCT5;TUBB3;TUBB6;TUBA1A;CCT4;TUBB2A;TCP1;CCT8;CCT6B",-1.829654174614598,0.011211285446246095,TRUE,
"REACTOME_EPIGENETIC_REGULATION_OF_GENE_EXPRESSION",276,0.2502018651694382,1.3979566485604498,0.0019000503073502808,0.008448994194569896,"KMT2C;NCOA3;BOD1L1;TET3;MED13;NCOA2;NCOA6;PHF20;GSK3B;MED23;SMARCC1;MPHOSPH8;MED1;KMT2A;TASOR;BAZ1B;SF3B1;KMT2D;ARID4B;EP300;PHF20L1;ZNF33A;MED14;POLR1A;NCOA1;YEATS2;DNMT3A;H3-3A;ERCC6;JARID2;EZH1;SMARCA2;TET2;ARID1B;ATF7IP;SUZ12;KDM6A;TAF1B;KANSL1;DDX21;BAZ2A;ARID1A;ABL1;OGT;MTREX;MTF2;NCOR1;SMARCA5;CREBBP;PLIN4;GPAM;PPARG;ZNF708;TET1;CBX5;ZNF224;PLIN1;ZZZ3;KAT2B;ZNF141;MGLL;TTF1;SUDS3;PDK4;H4C16;ZNF382;SAP30L;POLR1B;RBBP5;ZNF317",1.354328026466348,0.01896346323356917,TRUE,
"REACTOME_SULFUR_AMINO_ACID_METABOLISM",24,-0.5924133319057043,-1.8503735000476371,0.0019551429290784847,0.008658490114490432,"TXN2;ETHE1;MPST;SLC25A10;TSTD1;SQOR;GOT1;AHCY;ADI1;ENOPH1;TST;GOT2;FMO1",-1.900066671070142,0.005624271866359526,TRUE,
"REACTOME_INHIBITION_OF_DNA_RECOMBINATION_AT_TELOMERE",41,-0.506099949745793,-1.7437443932338745,0.001963855001252755,0.008661718196582272,"POLR2I;POLR2L;POLR2F;POLR2G;H2AC20;H2AX;POLR2H;POLR2E;ACD;POLR2J;DAXX;H4C5;H2AZ2;TINF2;POLR2C",-1.70482311745858,0.015593067288955043,TRUE,
"REACTOME_G_ALPHA_12_13_SIGNALLING_EVENTS",70,0.36322664354250167,1.6391440574190759,0.002110518242654703,0.00927089997279495,"ROCK2;TRIO;SOS1;ARHGEF12;SOS2;ROCK1;AKAP13;ARHGEF11;ARHGEF7;ARHGEF38;ITSN1;ARHGEF10;GNG12;KALRN;ARHGEF5;FGD4;ARHGEF9;NET1;GNA13;VAV3",1.6156496772729096,0.009246566902000215,TRUE,
"REACTOME_RAC2_GTPASE_CYCLE",85,0.3461042144681538,1.621326753725189,0.0022870545533566736,0.00997273297939945,"TRIO;ARHGAP21;OPHN1;NCKAP1;ERBIN;LEMD3;GARRE1;PAK2;PIK3CA;ABI2;PIK3R1;ARHGAP35;DOCK1;IQGAP1;LBR;ARHGAP42;ITGB1;ARHGAP26;DSG2;ARMCX3;VANGL1;MPP7;NHS;SWAP70;ARHGAP32;TAOK3;VAV3;VAPB;WASF2",1.6487067802035353,0.00593410833498822,TRUE,
"REACTOME_EXTENSION_OF_TELOMERES",49,-0.48325270284968935,-1.7387498199208753,0.00228867328282992,0.00997273297939945,"WRAP53;RUVBL2;POLA2;NOP10;POLD2;NHP2;RFC2;ACD;CHTF18;FEN1;PCNA;POLD1;CHTF8;RUVBL1;RPA1;RFC5;RPA3;PIF1;POLD4;TINF2;RPA2;GAR1;LIG1",-1.7048041827666691,0.015102130346840756,TRUE,
"REACTOME_TERMINATION_OF_TRANSLESION_DNA_SYNTHESIS",32,-0.5449924799423679,-1.7918892280992598,0.00236666065613158,0.010271307247611057,"UBA52;UBB;UBE2L6;ISG15;POLD2;RFC2;PCNA;UBC;POLD1;RPA1;RFC5;RPA3;POLE4;POLD4;RPS27A;RPA2;UBA7;USP43;POLE3",-1.8078255117817048,0.007015601172281746,TRUE,
"REACTOME_RNA_POLYMERASE_III_TRANSCRIPTION_TERMINATION",23,-0.5998620759099473,-1.8447783997954013,0.0024221336768338107,0.010470179439699938,"POLR2L;POLR3K;POLR2F;POLR1C;POLR2H;POLR2E;POLR3H",-1.8218169555147223,0.015890861040656092,TRUE,
"REACTOME_UB_SPECIFIC_PROCESSING_PROTEASES",160,-0.36101321143105075,-1.5514889915598045,0.0025026264392238535,0.01077519716888048,"PSMB6;PSMA6;PSMB4;UBA52;UFD1;PSMB3;PSMC3;PSMB5;UBB;PSMB1;OTUB1;H2AC25;PSMD8;PSMB7;PSMD13;H2AC20;FKBP8;PSMC5;CDC20;PSMA5;PSMC4;PSMA1;KEAP1;PSMB2;NFKBIA;ADRM1;TAF10;PSMC2;ARRB2;PSMD2;PSMD14;RCE1;PSMA7;USP5;PSMA3;TRAF2;USP18;UBC;RUVBL1;PSMD3;PSMA4;SNX3;DDB2;SEM1;PSMD7;MUL1;RPS27A;TAB1",-1.5272891341808494,0.013279042090770899,TRUE,
"REACTOME_VLDLR_INTERNALISATION_AND_DEGRADATION",16,-0.6546624993362891,-1.856169631996369,0.0025138232797423457,0.010780625527748795,"UBA52;AP2S1;UBB;CLTA;AP2M1;UBC;NR1H2;PCSK9;RPS27A;NR1H3;AP2A2;AP2A1",-1.9234908039554526,0.003235813971791811,TRUE,
"REACTOME_METABOLISM_OF_WATER_SOLUBLE_VITAMINS_AND_COFACTORS",117,-0.38296265934059837,-1.579546083672953,0.002588562974498245,0.011057444202088961,"NUDT8;MTHFS;NAPRT;NAXE;FPGS;PRSS3;GSTO1;PPCDC;SHMT2;MMAB;VNN2;CD320;CYB5A;FLAD1;NNMT;PANK4;ACP5;PARP10;PCCB;AMN;MMACHC;THTPA;PDZD11;SLC25A19;BST1;CYB5R3;SHMT1;VNN1;PDXK;SLC52A2;FOLR2;PNPO;SLC19A1;MOCOS;MTHFD2;ABCD4;SLC25A51;COASY",-1.6524870359734882,0.004426859911772708,TRUE,
"REACTOME_RHOF_GTPASE_CYCLE",40,0.4295866781184641,1.715949279119706,0.002611777656448893,0.011112857871557054,"ARHGAP21;DIAPH2;SOWAHC;ARHGAP5;PIK3R1;FARP1;ADD3;SLC4A7;ARHGAP12;VANGL1;AKAP12;ARHGAP32;TOR1AIP1;DIAPH1;SENP1",1.624129184796064,0.018921543614442836,TRUE,
"REACTOME_SIGNALING_BY_BMP",25,0.5183631153890568,1.8566307377783429,0.0026815718624165156,0.01132114931348395,"BMPR2;ZFYVE16;ACVR2B;SMAD7;SMAD9;SMURF1;BMPR1A;SMAD5;CHRDL1;SMURF2;GREM2",1.771310038322795,0.023624459052619423,TRUE,
"REACTOME_ANTIGEN_PROCESSING_UBIQUITINATION_PROTEASOME_DEGRADATION",274,-0.32118735426795847,-1.4474009319221615,0.0026815994226408986,0.01132114931348395,"PSMB6;PSMA6;PSMB4;UBA52;PSMB3;PSMC3;ANAPC11;PSMB5;UBB;PSMB1;ELOB;FBXO6;RBX1;FBXL15;UBE2L6;UBE2M;PSMD8;PSMB7;STUB1;PSMD13;UBE2J2;SOCS1;PSMC5;FBXW9;RNF25;RNF220;RNF126;CDC20;PSMA5;FBXW5;MIB2;UBAC1;PSMC4;PSMA1;KEAP1;THOP1;PSMB2;RNF34;ASB6;ADRM1;BTBD6;ANAPC5;UBE2F;PSMC2;TRAIP;RNF19B;ANAPC2;PSMD2;RNF7;PSMD14;PSMA7;CDC34;PSMA3;UBE2S;ANAPC7;FZR1;TRIM21;CCNF;UBC;KLHL22;TRIM11;ELOC;PSMD3;RBCK1;TRAF7;RNF130;SPSB2;PSMA4;HECTD3;UBA1;SEM1;PSMD7;RPS27A;UBA7;FBXW4;FBXL16;FBXO22;MGRN1;UBE2L3;ATG7;TRIM69;UBE2D2",-1.5182798646259563,0.0023435335033543626,TRUE,
"REACTOME_RECOGNITION_OF_DNA_DAMAGE_BY_PCNA_CONTAINING_REPLICATION_COMPLEX",30,-0.5456665003237714,-1.7800271640977445,0.0027398515137036453,0.011522243768869983,"UBA52;UBB;RBX1;POLD2;RFC2;PCNA;UBC;POLD1;RPA1;RFC5;RPA3;POLE4;POLD4;RPS27A;RPA2;POLE3",-1.8082957255682157,0.00958920612814221,TRUE,
"REACTOME_CYTOSOLIC_SENSORS_OF_PATHOGEN_ASSOCIATED_DNA",62,-0.4341962813057329,-1.6190976854969599,0.002769610535350702,0.011602422512955644,"POLR2L;UBA52;POLR3K;UBB;POLR2F;POLR1C;DDX41;POLR2H;NFKB2;IRF7;POLR2E;NFKBIA;AIM2;POLR3H;NFKBIB;IRF3;TRIM21;UBC",-1.5135085639639083,0.045187898542332086,TRUE,
"REACTOME_FORMATION_OF_THE_URETERIC_BUD",19,0.5848328824352115,1.9562224030298827,0.0028110500377474313,0.01173072804213832,"ITGA8;SALL1;ROBO2;ITGB1;NPNT;GDNF;GFRA1;SLIT2;WNT11",1.8561068710607747,0.019605402386543836,TRUE,
"REACTOME_RHOD_GTPASE_CYCLE",49,0.42492133672152604,1.7382220412811935,0.0028559811530402325,0.011872565329688323,"ARHGAP21;DIAPH2;LEMD3;ARHGAP5;PIK3R1;ARHGAP35;ADD3;LBR;SLC4A7;ARHGAP26;ARHGAP12;FILIP1;VANGL1;AKAP12;ARHGAP32;MOSPD2;VAPB;TOR1AIP1;DIAPH1",1.6576790991026515,0.01746201773988249,TRUE,
"REACTOME_DNA_DAMAGE_BYPASS",48,-0.4776826777553382,-1.7151789780353222,0.0029107749581005382,0.012054163471523221,"UBA52;UFD1;MAD2L2;UBB;RBX1;UBE2L6;ISG15;POLD2;RFC2;PCNA;UBC;POLD1;RPA1;RFC5;RPA3;POLE4;POLD4;RPS27A;RPA2;UBA7;VCP;USP43;POLE3;RCHY1;RFC4;PCLAF;NPLOC4",-1.755328247002788,0.008015527622978757,TRUE,
"REACTOME_SIGNALING_BY_CYTOSOLIC_FGFR1_FUSION_MUTANTS",18,0.5790805506964835,1.911562040332853,0.0029438275371831565,0.012116220687955074,"ZMYM2;CNTRL;PIK3CA;STAT5B;PIK3R1;TRIM24;LRRFIP1;GAB2;CUX1",2.0120891215122603,0.0072188333994624284,TRUE,
"REACTOME_NEF_MEDIATES_DOWN_MODULATION_OF_CELL_SURFACE_RECEPTORS_BY_RECRUITING_THEM_TO_CLATHRIN_ADAPTERS",21,-0.6014374243696202,-1.8211587603770558,0.002948094250341143,0.012116220687955074,"AP2S1;ARF1;AP2M1;LCK;HLA-A;AP1S1;AP1M2;AP1B1;AP1M1;AP2A2;B2M;AP2A1",-1.9256819032366428,0.0052501671961712746,TRUE,
"REACTOME_GAP_JUNCTION_TRAFFICKING_AND_REGULATION",34,-0.5170973152750002,-1.7226592171181137,0.0030401845998362367,0.012447548267254027,"TUBB4B;ACTB;CLTA;TUBA1B;CLTB;AP2M1;TUBA4A;ACTG1;GJB5;TUBA1C;GJD3;TUBB3;GJB4;TUBB6;GJB2;TUBA1A;GJB3;GJA4;GJB1",-1.4845613178920614,0.09873060648801128,FALSE,
"REACTOME_NETRIN_1_SIGNALING",36,0.4449886437782094,1.7321310762492756,0.00308306767836243,0.012575670793320438,"TRIO;PTPN11;UNC5C;MYO10;DOCK1;WASL;NEO1;PTK2;TRPC4;ABLIM1;SLIT2;SLIT3;PLCG1;TRPC1;UNC5B;ROBO1;SIAH1;NTN4;SLIT1",1.7574504592418854,0.015165086338083906,TRUE,
"REACTOME_REGULATION_OF_MITF_M_DEPENDENT_GENES_INVOLVED_IN_LYSOSOME_BIOGENESIS_AND_AUTOPHAGY",16,-0.6461117175623272,-1.8319255345037722,0.0031032630398759417,0.01261063819575055,"ATP6V0B;ATP6V1F;ATP6V0E1;ATP6V0D1;ATP6V1E1",-1.8322847037543555,0.009144972662461186,TRUE,
"REACTOME_BMAL1_CLOCK_NPAS2_ACTIVATES_CIRCADIAN_EXPRESSION",25,0.5110439987795479,1.8304157227296753,0.003142204618459834,0.012721238847122836,"CHD9;PPARA;NCOA2;NCOA6;MED1;NCOA1;CLOCK;CREBBP",1.9468085963919084,0.005017070651166357,TRUE,
"REACTOME_ANTIMICROBIAL_MECHANISM_OF_IFN_STIMULATED_GENES",156,-0.3549850903580019,-1.5189041840662607,0.0032194422472997617,0.01298548267033547,"UBA52;SEC13;UBB;CENPX;UBE2L6;TUBB4B;TARBP2;FNTB;PIN1;ACTB;SPHK1;FANCG;ISG15;EIF4A3;TUBA1B;SFN;AAAS;GBP4;FAAP20;DUS2;TUBA4A;EIF4E2;UBE2I;ACTG1;PPP2R1A;IRF3;GBP1;ILF2;TUBA1C;USP18;GBP5;UBC;MAPK3;FAAP100;FANCE;TUBB3;NUP37;HSPA8;HSPA2;MX1;RPS27A;TUBB6;UBA7;TUBA1A;GBP2;NUP62;TP53;PPP2CA;CENPS;NUP85;CASP1;SEH1L",-1.3692009737633664,0.08023321956769056,FALSE,
"REACTOME_SIGNALING_BY_FGFR2_IIIA_TM",19,-0.61770021954179,-1.809105418289678,0.0033270440345417314,0.013369788064732512,"POLR2I;POLR2L;POLR2F;POLR2G;POLR2H;POLR2E;POLR2J",-1.7901167466446855,0.01584417365594106,TRUE,
"REACTOME_NITRIC_OXIDE_STIMULATES_GUANYLATE_CYCLASE",20,0.5645066294630487,1.900690052033368,0.003407990562134711,0.013644537859469228,"ITPR1;GUCY1A2;IRAG1;PRKG1;KCNMB3;PDE11A;PRKG2;GUCY1A1;PDE5A;PDE2A;KCNMA1;PDE1A",2.081002850078178,0.004775979253804248,TRUE,
"REACTOME_COLLAGEN_CHAIN_TRIMERIZATION",36,0.44033762897630263,1.7140268675528996,0.003515084417790777,0.014021568357731592,"COL4A5;COL14A1;COL4A6;COL9A3;COL21A1;COL4A1;COL17A1;COL8A1;COL12A1;COL6A3;COL4A4;COL4A2;COL9A1;COL15A1",2.155071760633075,3.076697346623088e-4,TRUE,
"REACTOME_TGFBR3_EXPRESSION",21,0.5693605251689757,1.9276905742813235,0.003602263601557317,0.014316688672856005,"TNRC6A;EP300;SP1;AGO2;AGO4;TNRC6C;TCF4;TCF12;AGO3",1.9646890007923836,0.009739266818027534,TRUE,
"REACTOME_INTERLEUKIN_12_SIGNALING",40,-0.4897529044810332,-1.6758080948549494,0.0037713471021751615,0.014933983962992885,"SOD1;ARF1;BOLA2B;PSME2;RPLP0;AIP;GSTO1;TALDO1;IL12RB1;CFL1;PPIA;ANXA2;HNRNPF;P4HB;TYK2;SOD2",-1.7083135572916819,0.008465723252467316,TRUE,
"REACTOME_CONSTITUTIVE_SIGNALING_BY_ABERRANT_PI3K_IN_CANCER",66,0.3516831695934488,1.5687409308234739,0.0037860188232812144,0.014937565175491337,"GAB1;STRN;PIK3CB;PTPN11;PIK3CA;HGF;PIK3R1;NRG1;EGFR;KL;PDGFRA;KIT;GAB2;FRS2;FGF10;MET;FGFR3;FGF19;AREG;EREG;ERBB3;FGF7;EGF",1.6101958391322688,0.015968004154920633,TRUE,
"REACTOME_SIGNALING_BY_PDGF",52,0.3932362694637759,1.6472122357543586,0.003906163142187171,0.015355750033598119,"SOS1;PIK3CB;PTPN11;PIK3CA;RASA1;COL4A5;STAT5B;PIK3R1;PDGFD;PDGFRA;COL9A3;PTPN12;NRAS;RAPGEF1;COL4A1;PLCG1;COL6A3;COL4A4;KRAS;CRKL;COL4A2",1.7308938977394004,0.008405509276109651,TRUE,
"REACTOME_INTERCONVERSION_OF_NUCLEOTIDE_DI_AND_TRIPHOSPHATES",29,-0.5500781935745911,-1.7851739253233925,0.004051769569894858,0.015870649759335456,"GUK1;NME3;NME1;NME2;TYMS;DTYMK;DCTPP1;GLRX;AK2;AK1;AK8;DCTD;NME4;DUT",-1.8610340022725267,0.007441953467580681,TRUE,
"REACTOME_TRNA_PROCESSING",114,-0.3838708944481872,-1.5795368754845374,0.004142530703120526,0.01616779069383371,"POP5;SEC13;POP7;OSGEP;CTU1;RAN;TRMT112;GON7;ELAC2;ADAT3;CTU2;METTL1;HSD17B10;RPP21;AAAS;RTCB;PUS1;LAGE3;CPSF4;QTRT1;DUS2;TRMT1;TRMU;RPP38;URM1;TSEN34;FTSJ1;THG1L;YRDC;POP4;CLP1;RPP25;TRMT61A;GTPBP3;NUP37;RTRAF;NUP62;NUP85;TSEN54;CPSF1;SEH1L;ZBTB8OS;WDR4",-1.5406662838326513,0.018160559157259185,TRUE,
"REACTOME_TRANSFERRIN_ENDOCYTOSIS_AND_RECYCLING",25,-0.5611063350173847,-1.7619205221211718,0.004410933555184446,0.017153630492383956,"ATP6V0B;ATP6V1F;MCOLN1;ATP6V0E1;ATP6V0D1;TCIRG1;ATP6V1E1;ATP6AP1;TFR2",-1.8433177457571885,0.0069640120585697995,TRUE,
"REACTOME_RHOBTB_GTPASE_CYCLE",35,0.44590220451010565,1.73262718161355,0.004433866506961038,0.017181232714474023,"ROCK2;RBBP6;STK38;MSI2;ROCK1;MYO6;PHIP;RNF20;SPEN;CUL3;SRRM1;TMOD3",1.7636174445143906,0.011687952603185977,TRUE,
"REACTOME_SIGNALING_BY_FLT3_FUSION_PROTEINS",19,0.5649661072649657,1.8897695207942502,0.00500688810852374,0.019300889884858247,"ZMYM2;SOS1;PIK3CA;GOLGB1;STAT5B;PIK3R1;TRIP11;NRAS;SPTBN1;GAB2",1.9087278956864984,0.015658958801109495,TRUE,
"REACTOME_RHOBTB1_GTPASE_CYCLE",23,0.524134417426872,1.8109994760286297,0.005016452486202789,0.019300889884858247,"ROCK2;RBBP6;STK38;ROCK1;MYO6;RNF20;SPEN;CUL3;SRRM1",1.7056225480624538,0.031466357752132045,TRUE,
"REACTOME_DISEASES_OF_METABOLISM",235,-0.31989501338968435,-1.4178651069987156,0.005080391348478324,0.01947782548798227,"MUC6;DPM3;UBA52;UBB;MPDU1;BCKDK;BCKDHA;ACY1;DPM2;HEXA;APRT;GALK1;NMRAL1;PNP;ECHS1;B4GALT7;FDXR;MMAB;TALDO1;DCXR;CD320;GALT;ALG12;MUC5AC;MAN1B1;B3GAT3;B4GAT1;ALG3;G6PC3;MGAT2;ALG1;DOLK;ASS1;B3GALT6;PCCB;MUC1;CPS1;AHCY;MPI;UBC;AMN;ADA;MMACHC;NAGLU;GUSB;NAGS;CYP27B1;POMT1;ALG14;SRD5A3;ASL;IDUA;RPS27A;POMGNT1;SGSH;FDX1;OPLAH;MUC5B;ABCD4;RFT1;SLC37A4;SPON1;OTC;NEU1;ADAMTSL5;HYAL1;GALE;ALG2;ACAT1;CHST14;HPRT1;KHK;SPON2;CHST6;AUH;CTSA;GYG1;GSS;MOGS;CSPG5;SBSPON;ALDOB;PGM1",-1.4396105094666585,0.015165086338083906,TRUE,
"REACTOME_TRANSCRIPTIONAL_REGULATION_BY_SMALL_RNAS",41,-0.48224989981275984,-1.661570129296556,0.005370619651624703,0.020427236758895843,"POLR2I;POLR2L;POLR2F;POLR2G;H2AC20;RAN;H2AX;POLR2H;POLR2E;POLR2J",-1.6475848119198564,0.025539742702910553,TRUE,
"REACTOME_MRNA_CAPPING",28,-0.5437410944635475,-1.7498906743836613,0.005375394052494714,0.020427236758895843,"POLR2I;POLR2L;POLR2F;POLR2G;POLR2H;POLR2E;POLR2J;ERCC2;GTF2F1;POLR2C;GTF2H5",-1.7275042743844333,0.026412290923667904,TRUE,
"REACTOME_ROLE_OF_LAT2_NTAL_LAB_ON_CALCIUM_MOBILIZATION",58,0.36812884258882134,1.5944231216773836,0.005384506647967015,0.020427236758895843,"SOS1;PIK3CB;PDPK1;PIK3CA;PIK3R1;MS4A2;GAB2;IGHV2-5;SYK;IGKV1D-16;FCER1A;IGHV3-7;IGHV3-13;IGHV4-39;IGHV3-11;IGKV2-30;IGKV3D-20;IGLV1-40;IGHV1-2;SHC1;IGLV2-11;IGHV3-48;IGKV3-11;GRB2;IGLV3-19;IGHV1-46;IGLV3-27;IGLV3-25;IGLV7-43",1.394147428856063,0.08919059692088072,FALSE,
"REACTOME_ASSEMBLY_OF_THE_HIV_VIRION",16,-0.6286967100292706,-1.7825486293707922,0.005432716390253262,0.02053831806071355,"UBA52;UBB;VPS28;VPS37B;MVB12A;PPIA;UBC;RPS27A;VPS37D;VPS37C;TSG101",-1.7716724515816158,0.01921809372548443,TRUE,
"REACTOME_RHOV_GTPASE_CYCLE",37,0.44679660761549345,1.754049251993266,0.00549573779088499,0.020704428830243798,"MYO9A;DST;PAK2;PEAK1;PIK3R1;IQGAP1;USP9X;CCP110;WASL;ARHGEF7;ARHGAP12;CLTC;VANGL1;SPTBN1;SPTAN1",1.8571599291596472,0.007229849978446755,TRUE,
"REACTOME_PLASMA_LIPOPROTEIN_ASSEMBLY_REMODELING_AND_CLEARANCE",57,-0.44793459564447496,-1.654693392025397,0.0055522700388254045,0.020845027654413716,"UBA52;AP2S1;UBB;NPC2;LMF2;CLTA;APOC1;AP2M1;APOE;UBC;AMN;NR1H2;PCSK9;ANGPTL4;P4HB;LSR;RPS27A;LCAT;NR1H3;AP2A2;SAR1B",-1.6633363318820322,0.016552015046722653,TRUE,
"REACTOME_LATE_ENDOSOMAL_MICROAUTOPHAGY",33,-0.5150379741187008,-1.7075482213943005,0.005639027730329685,0.021027989456936298,"UBA52;UBB;VPS28;PARK7;CHMP2A;CHMP6;VPS37B;MVB12A;HBB;UBC;RNASE1;HSPA8;RPS27A;PLIN3;VPS37D;VPS37C;TSG101",-1.7215642222971448,0.016127910321570828,TRUE,
"REACTOME_HSP90_CHAPERONE_CYCLE_FOR_STEROID_HORMONE_RECEPTORS_SHR_IN_THE_PRESENCE_OF_LIGAND",47,-0.4647316504637694,-1.6565104589993191,0.005639764914256648,0.021027989456936298,"DCTN3;DYNLL1;DCTN2;TUBB4B;TUBA1B;TUBA4A;FKBP4;TUBA1C;ACTR1A;DNAJA1;STIP1;TUBB3;CAPZB;HSPA8;DNAJB1;HSPA2;TUBB6;TUBA1A",-1.3921030021498824,0.12954926031272357,FALSE,
"REACTOME_SIGNALING_BY_HEDGEHOG",128,-0.3622677206095933,-1.5116935957762694,0.005736515449610218,0.021315476927490022,"PSMB6;PSMA6;PSMB4;UBA52;PSMB3;PSMC3;PSMB5;UBB;PSMB1;RBX1;PSMD8;PSMB7;PSMD13;TUBB4B;PSMC5;PSMA5;PSMC4;PSMA1;PSMB2;TUBA1B;TUBA4A;ADRM1;PSMC2;ARRB2;PSMD2;PSMD14;PSMA7;PSMA3;TUBA1C;UBC;DERL2;PSMD3;PSMA4;TUBB3;P4HB;SEM1;PSMD7;RPS27A;TUBB6;TUBA1A;VCP;ARRB1",-1.435084955799698,0.04250719228676334,TRUE,
"REACTOME_PROCESSING_OF_SMDT1",16,-0.6267307898527981,-1.7769746407366533,0.005774392294786924,0.02138298853189014,"PARL;STOML2;PHB2;MCUB;PMPCA;SMDT1;PHB1",-1.7491278488655686,0.023624459052619423,TRUE,
"REACTOME_TRANSCRIPTION_OF_THE_HIV_GENOME",66,-0.4241638463469293,-1.5982240269897445,0.005816775508930031,0.021466671521051306,"POLR2I;POLR2L;POLR2F;POLR2G;ELOB;NELFE;POLR2H;POLR2E;NELFB;CDK9;POLR2J;TAF10;GTF2A2;TAF9;ERCC2;ELOC;NELFA;GTF2F1;POLR2C;GTF2H5;CTDP1;SSRP1;GTF2B;TAF11;GTF2E2",-1.5538711393632156,0.027540444729441997,TRUE,
"REACTOME_APC_C_CDC20_MEDIATED_DEGRADATION_OF_CYCLIN_B",24,-0.5643577354681648,-1.7627432436368695,0.005860854916310805,0.021556025709143133,"UBA52;ANAPC11;UBB;ANAPC15;CDC20;ANAPC5;ANAPC2;CCNB1;UBE2S;ANAPC7;UBC",-1.7897198171556177,0.01746201773988249,TRUE,
"REACTOME_CGMP_EFFECTS",15,0.6120579201626983,1.8850753613773188,0.005938919874189001,0.021769351565861707,"ITPR1;IRAG1;PRKG1;KCNMB3;PDE11A;PRKG2;PDE5A;PDE2A;KCNMA1;PDE1A",2.0167297656803593,0.004739102603697684,TRUE,
"REACTOME_MICRORNA_MIRNA_BIOGENESIS",24,-0.5630967084465809,-1.7588044886191916,0.006055135454752143,0.022120612688235942,"POLR2I;POLR2L;POLR2F;POLR2G;TARBP2;RAN;POLR2H;POLR2E;POLR2J",-1.7166783176803002,0.03630357575420009,TRUE,
"REACTOME_COPI_MEDIATED_ANTEROGRADE_TRANSPORT",90,-0.3952470427785955,-1.564739588824893,0.006169321602458048,0.022462127310963028,"COPE;DCTN3;DYNLL1;STX5;ARF1;DCTN2;TUBB4B;ARF5;TMED9;TMED3;TUBA1B;TUBA4A;COPZ1;RAB1B;BET1L;TUBA1C;ACTR1A;COPG1;NAPA;KDELR1;COG7;TMEM115;SPTBN4;TUBB3;COG4;CAPZB;KDELR3;TUBB6;TUBA1A;KDELR2;ANK1;TMED10;ARFGAP2;COPZ2;CD59;TUBB2A;CD55;COG8;ARF4;TMED2;FOLR1;ARFGAP1",-1.4813342572014352,0.04250719228676334,TRUE,
"REACTOME_DOWNSTREAM_SIGNALING_OF_ACTIVATED_FGFR1",22,0.5361795975359155,1.826653206547052,0.006320852352180381,0.022936872247878642,"GAB1;SOS1;PTPN11;PIK3CA;PIK3R1;KL;NRAS;FRS2;FGF10;FLRT2;PLCG1;KRAS",1.7949566309769396,0.031350270664339736,TRUE,
"REACTOME_RRNA_PROCESSING_IN_THE_MITOCHONDRION",18,-0.6157456280016376,-1.773830102826693,0.006412097687271344,0.023190419968964697,"MRM3;ELAC2;TRUB2;HSD17B10;RPUSD3;RCC1L;RPUSD4",-1.734879265014554,0.025539742702910553,TRUE,
"REACTOME_FANCONI_ANEMIA_PATHWAY",36,-0.4959135192461341,-1.6709081569457616,0.006481390633991845,0.023363152285319443,"UBA52;UBB;CENPX;FANCG;FAAP20;MUS81;ATRIP;UBC;ERCC1;RPA1;FAAP100;UBE2T;FANCE;RPA3;EME1;RPS27A;RPA2",-1.7532044452628717,0.011230553516941612,TRUE,
"REACTOME_MITOCHONDRIAL_FATTY_ACID_BETA_OXIDATION",33,-0.5113630710862288,-1.695364509799769,0.006741143617855377,0.024219009355540014,"ECI1;MCAT;ACOT7;ECHS1;NDUFAB1;PCCB;ACBD6;MECR;ACADS",-1.7792743904592196,0.00940911223656715,TRUE,
"REACTOME_GAB1_SIGNALOSOME",16,0.5806333972844844,1.8246275690538902,0.007358226139570017,0.026348763569087354,"GAB1;PTPN11;PIK3CA;PIK3R1;EGFR;PAG1;AREG;EREG;EGF",1.7627011067391691,0.04107977858629481,TRUE,
"REACTOME_ER_TO_GOLGI_ANTEROGRADE_TRANSPORT",142,-0.35663868288295314,-1.5055038287375089,0.007684854489514894,0.027411490495905636,"COPE;TRAPPC2L;SEC13;TRAPPC1;DCTN3;DYNLL1;LMAN2;STX5;ARF1;TRAPPC4;DCTN2;TRAPPC3;TUBB4B;ARF5;TRAPPC5;TMED9;TMED3;TUBA1B;TUBA4A;COPZ1;RAB1B;BET1L;TUBA1C;CTSZ;ACTR1A;COPG1;NAPA;KDELR1;COG7;TMEM115;SPTBN4;TUBB3;COG4;TRAPPC6A;CAPZB;PREB;KDELR3;TUBB6;TUBA1A;SAR1B;CTSC;SEC22A;CNIH1;KDELR2;ANK1;LMAN2L;TMED10;ARFGAP2;COPZ2;TFG;CD59;TUBB2A;CD55;COG8;SERPINA1;ARF4;CSNK1D;TMED2",-1.470553403397271,0.03633464783443583,TRUE,
"REACTOME_INSULIN_RECEPTOR_RECYCLING",24,-0.5528568463755326,-1.7268207900763866,0.007721901326107831,0.027411490495905636,"ATP6V0B;ATP6V1F;ATP6V0E1;ATP6V0D1;CTSD;TCIRG1;ATP6V1E1",-1.770464815472099,0.021784228317806846,TRUE,
"REACTOME_NUCLEAR_RECEPTOR_TRANSCRIPTION_PATHWAY",45,0.3956046345992471,1.6015981477309749,0.0077514257849777,0.027411490495905636,"NR2C2;PPARA;MED1;NR1D2;RORA;NR6A1;NCOR1;THRB;PGR;PPARG;AR;ESRRG;NR1I2;HNF4A;NR3C2;HNF4G;THRA;NR5A2;RARB",1.487906914071695,0.05811235623696063,FALSE,
"REACTOME_PKMTS_METHYLATE_HISTONE_LYSINES",49,0.39628374847435854,1.621074506435269,0.007756062287781595,0.027411490495905636,"KMT2C;ASH1L;SETD2;KMT2A;KMT2D;SETDB2;KMT5B;MECOM;NSD1;NSD3;ATF7IP;SUZ12",1.6181212824398836,0.023694500687504935,TRUE,
"REACTOME_CLASS_A_1_RHODOPSIN_LIKE_RECEPTORS",173,-0.3315349152808868,-1.4312574152910729,0.00814837607646606,0.02870450663300544,"CCL3;CCL3L3;NMB;CCL4;CXCL10;CX3CL1;CXCL8;CCL5;HCAR2;LPAR2;DRD4;S1PR4;SAA1;P2RY6;CXCL11;CXCL9;CXCR3;CXCL13;S1PR2;CXCL16;CXCL3;CXCL1;FFAR2;CXCR4;NMU;C5AR2;ADRB1;CXCR6;MC1R;HEBP1;PLPPR2;FPR1;PSAP;PTGER1;ADORA2B;PTAFR;CCR10;CHRM1;NPW;CXCL2;FPR2;CXCL5;SSTR5;P2RY11;GPR35;CXCR1;ANXA1;GPR65;CCL2;LPAR5;CCR5;ADORA3;PTGIR;C5AR1;GPR68;RXFP4;APLN;FFAR4;CCL13;S1PR5;SUCNR1;HTR1D;GPR132;TBXA2R;LTB4R;NTSR1;C3AR1;INSL3;AVPR1A;GPR37;OXER1;GPR37L1;ACKR4;LPAR1;BDKRB1;CCR1;FPR3;CXCL6;CMKLR1;CCRL2;ADRB2;TACR2;HRH2;C3;KISS1;GPBAR1;DRD2",-1.382293401939349,0.062134511670040186,FALSE,
"REACTOME_CELL_CELL_COMMUNICATION",269,-0.3123678185112945,-1.4025155742635154,0.008261779671141,0.02900980887763102,"PSMB6;PSMA6;PSMB4;UBA52;PSMB3;TMEM258;PSMC3;RPN1;PSMB5;UBB;PSMB1;OST4;PSMD8;PSMB7;PSMD13;H2AC20;RACK1;PARD6A;PSMC5;ACTB;CSNK2B;PKM;H2AX;PSMA5;TYROBP;PSMC4;PSMA1;DDOST;PSMB2;CD151;ANG;CTBP1;ACTA1;BANP;ADRM1;DAD1;CLDN7;CLDN3;PSMC2;PTPN6;CTSL;PSMD2;ACTG1;NECTIN2;PSMD14;PSMA7;CRB3;PSMA3;TFAP2A;UBC;EED;OSTC;MAPK3;H4C5;SEC11C;PSMD3;POMT1;SPCS1;ANGPTL4;H2AZ2;PSMA4;SIRPG;MCRIP1;SPCS2;TESK1;SEM1;CTSB;PSMD7;RPS27A;PARVB",-1.2737872911209902,0.09368184772344124,FALSE,
"REACTOME_SYNTHESIS_OF_PIPS_AT_THE_EARLY_ENDOSOME_MEMBRANE",16,0.5776103199759528,1.8151276156817189,0.008300060134130484,0.029050210469456696,"PIKFYVE;PIK3C2A;PIK3R4;INPP5F;MTM1;INPP4B;MTMR10;MTMR2;INPP4A;MTMR4",1.8628203887173018,0.021209775517304203,TRUE,
"REACTOME_POLYMERASE_SWITCHING_ON_THE_C_STRAND_OF_THE_TELOMERE",25,-0.5396976586124804,-1.6946954990636731,0.008435717676632048,0.029430076138732386,"POLA2;POLD2;RFC2;ACD;CHTF18;PCNA;POLD1;CHTF8;RFC5;POLD4;TINF2",-1.6482124437298913,0.04113197684365653,TRUE,
"REACTOME_MITOCHONDRIAL_BIOGENESIS",93,-0.37680533750727874,-1.5065290940525915,0.008506216319373948,0.029580912520899786,"ATP5ME;ATP5MF;ATP5F1D;MTX1;ATP5MJ;TMEM11;ATP5PO;ATP5MG;MICOS13;MAPK12;ATP5F1B;ATP5F1A;ATP5MC1;PRKAG1;ATP5MC3;ATP5MC2;HDAC3;POLRMT;ATP5F1C;CHCHD6;SAMM50;ATP5PD;MAPK11;IDH2;SSBP1;ATP5PB;ATP5PF;SMARCD3;ATP5MK;SIRT3;CARM1;SIRT4;MICOS10;SOD2",-1.4434489566446813,0.053985497923401696,FALSE,
"REACTOME_RHOG_GTPASE_CYCLE",73,0.33477566106407874,1.529374723879712,0.00854376792484474,0.029616575713918666,"TRIO;ARHGAP21;OPHN1;ERBIN;LEMD3;ARHGAP5;GARRE1;PAK2;KTN1;PIK3R1;ARHGAP35;DOCK1;LBR;ITSN1;ITGB1;DSG2;ELMO2;VANGL1;KALRN;ARHGEF5;MPP7;ARHGAP32;VAV3;VAPB",1.454927607718342,0.04266597695955296,TRUE,
"REACTOME_RETROGRADE_TRANSPORT_AT_THE_TRANS_GOLGI_NETWORK",49,0.39472681370004614,1.6147055668041659,0.008642460253566723,0.029782601991575553,"TGOLN2;GCC2;VPS54;GOLGA4;IGF2R;COG5;USP6NL;NAA35;TMF1;GOLGA1;STX16;VTI1A;RHOBTB3;RIC1;GCC1;RAB6A;NAA30;COG3;COG6;RGP1",1.466205473835843,0.06591509731782544,FALSE,
"REACTOME_SIGNALING_BY_HIPPO",20,0.5335269446036497,1.7963816599717954,0.008652923309130972,0.029782601991575553,"STK4;LATS1;YAP1;TJP2;TJP1;AMOT;MOB1B;YWHAB;AMOTL2;AMOTL1",1.6947863756657913,0.052818186554430206,FALSE,
"REACTOME_EPIGENETIC_REGULATION_BY_WDR5_CONTAINING_HISTONE_MODIFYING_COMPLEXES",129,0.28001751100350675,1.4199279006236345,0.008674011271279147,0.029782601991575553,"KMT2C;NCOA3;BOD1L1;MED13;NCOA2;NCOA6;PHF20;MED23;MED1;KMT2A;KMT2D;EP300;PHF20L1;MED14;NCOA1;YEATS2;H3-3A;KDM6A;KANSL1;ABL1;OGT;NCOR1;CREBBP;PLIN4;GPAM;PPARG;PLIN1;ZZZ3;KAT2B;MGLL;PDK4;H4C16;RBBP5;PPARGC1B;SIRT1",1.2900124003501066,0.09591315696769537,FALSE,
"REACTOME_MITOCHONDRIAL_CALCIUM_ION_TRANSPORT",22,-0.5692347600687211,-1.7403543322337385,0.008880820552778546,0.030396499368342975,"PARL;STOML2;PHB2;MCUB;PMPCA;SMDT1;PHB1;MICU1;PMPCB;SLC8B1;MCU;VDAC3;LETM1;VDAC2",-1.7822624430484317,0.025443825897079848,TRUE,
"REACTOME_FIBRONECTIN_MATRIX_FORMATION",17,0.5678366630011074,1.8478734271487547,0.0090166025953418,0.030764194389766835,"COL4A5;CEACAM1;COL4A6;ITGB1;COL4A1;COL4A4;COL4A2;CEACAM6;COL5A1;FN1",2.0064806096897767,0.01112235905069737,TRUE,
"REACTOME_ARACHIDONATE_METABOLISM",45,-0.4527532210319018,-1.5907831461776405,0.00913201425022707,0.03106029925233972,"GPX1;GPX4;PTGES2;CBR1;LTC4S;PTGDS;ALOX15B;PTGS2;ALOX5AP;FAAH;SLC27A1;PRXL2B;PON3;PTGES;DPEP2;PLA2G4A;ALOX5;PTGES3;GPX2;MAPKAPK2",-1.4720045722794017,0.0786116168659729,FALSE,
"REACTOME_THE_ROLE_OF_NEF_IN_HIV_1_REPLICATION_AND_DISEASE_PATHOGENESIS",28,-0.5283521540145223,-1.700365332902965,0.009198487704335217,0.031188622372511594,"AP2S1;ARF1;AP2M1;LCK;HLA-A;AP1S1;AP1M2;CD247;AP1B1;AP1M1;HCK;AP2A2;B2M",-1.7057371682786036,0.031055666741310398,TRUE,
"REACTOME_SIGNALING_BY_MET",75,0.3282474150353326,1.5019488930746046,0.00927848546703267,0.03136185897735342,"GAB1;CBL;SOS1;DOCK7;USP8;PTPN11;PIK3CA;HGF;LAMC1;ITGA2;PIK3R1;TNS3;LAMA2;LAMA4;ITGB1;NRAS;RAPGEF1;PTK2;EPS15;MET",1.567853074886327,0.01584417365594106,TRUE,
"REACTOME_FORMATION_OF_RNA_POL_II_ELONGATION_COMPLEX",55,-0.4395170084400683,-1.614840106099666,0.009380083780488296,0.0315677241901331,"POLR2I;POLR2L;POLR2F;POLR2G;ELOB;NELFE;POLR2H;POLR2E;NELFB;CDK9;SKIC8;POLR2J;PAF1;ERCC2;ELOC;NELFA;GTF2F1;POLR2C;GTF2H5;CTDP1",-1.6117177330394874,0.03591472740688621,TRUE,
"REACTOME_GENERATION_OF_SECOND_MESSENGER_MOLECULES",30,-0.5116425589251984,-1.6690371365201042,0.009397580565357597,0.0315677241901331,"HLA-DRB1;HLA-DPB1;HLA-DQB1;HLA-DRA;HLA-DRB5;CD3D;HLA-DPA1;LCK;HLA-DQB2;CD247;HLA-DQA1;CD3E;ZAP70;WAS;HLA-DQA2",-1.464919532307677,0.12035199723923733,FALSE,
"REACTOME_SIGNALING_BY_TGFB_FAMILY_MEMBERS",147,0.26915552030023315,1.3931661830267357,0.009499808157484661,0.0318126291693545,"CBL;BMPR2;TGFBR2;TRIM33;ITGA8;TNRC6A;ZFYVE16;EP300;TFDP2;CCNT2;SKIL;ACVR2B;RBL1;CGN;INHBB;USP9X;SP1;AGO2;LTBP1;SMAD7;XPO1;ITGB1;SMAD9;PARD3;SMURF1;AGO4;NCOR1;TNRC6C;BMPR1A;RNF111;TCF4;ZFYVE9;TCF12;AGO3;SMAD5;CCNK;NEDD4L;ITGB6;MMP16",1.4535285454482703,0.016552015046722653,TRUE,
"REACTOME_HSF1_DEPENDENT_TRANSACTIVATION",32,-0.49718115277794267,-1.6346896239210098,0.009933050089759126,0.033161105684272774,"MLST8;UBB;HSBP1;DEDD2;MRPL18;HSPB1;HSPA6;SERPINH1;FKBP4;AKT1S1;HSF1;HSPA8;DNAJB1;HSPA2",-1.5251282565992268,0.06688003218839272,FALSE,
"REACTOME_LAGGING_STRAND_SYNTHESIS",20,-0.5763322720777476,-1.7300673073330681,0.010010466254402658,0.03331704259517449,"POLA2;POLD2;RFC2;FEN1;PCNA;POLD1;RPA1;RFC5;RPA3;POLD4;RPA2;LIG1;RFC4",-1.6742073495873546,0.045158134257936265,TRUE,
"REACTOME_MATURATION_OF_DENV_PROTEINS",51,-0.43384152237029794,-1.5652795769742014,0.010089132150550848,0.033476172426139664,"DPM3;UBA52;TMEM258;RPN1;UBB;OST4;DPM2;CALR;DDOST;DAD1;UBE2I;UBC;OSTC;SEC11C;SPCS1;SPCS2;P4HB;RPS27A",-1.5599043356166633,0.0354582346823907,TRUE,
"REACTOME_NOTCH3_INTRACELLULAR_DOMAIN_REGULATES_TRANSCRIPTION",22,0.5231708785984677,1.7823351864855617,0.010493737219390504,0.0347125148873131,"PBX1;EP300;MAML2;MAML3;MAML1;CREBBP;KAT2B",2.0837581955966034,0.0023602753280005284,TRUE,
"REACTOME_APC_CDC20_MEDIATED_DEGRADATION_OF_NEK2A",26,-0.5368296544105001,-1.6965555790753388,0.010529810043567579,0.03472596929261649,"UBA52;ANAPC11;UBB;ANAPC15;CDC20;ANAPC5;ANAPC2;BUB3;UBE2S;ANAPC7;UBC",-1.705284554909757,0.029318157545932047,TRUE,
"REACTOME_FGFR2_MUTANT_RECEPTOR_ACTIVATION",23,-0.5567060038522154,-1.7120589085167601,0.010576074139905491,0.03477284982362866,"POLR2I;POLR2L;POLR2F;POLR2G;POLR2H;POLR2E;POLR2J",-1.6678162973137811,0.047209470510228814,TRUE,
"REACTOME_PROCESSIVE_SYNTHESIS_ON_THE_LAGGING_STRAND",15,-0.6248893940991154,-1.7557349484598213,0.010910588352560818,0.035764315294648,"POLA2;POLD2;FEN1;PCNA;POLD1;RPA1;RPA3;POLD4;RPA2;LIG1",-1.710106882992272,0.05432903703676471,FALSE,
"REACTOME_SIGNALING_BY_WNT",261,-0.30951085204372014,-1.3882940231950645,0.010971250638179803,0.03585484018802736,"PFN1;PSMB6;PSMA6;PSMB4;UBA52;PSMB3;AP2S1;PSMC3;PSMB5;UBB;PSMB1;RBX1;PSMD8;PSMB7;PSMD13;H2AC20;GNG5;PARD6A;PSMC5;CSNK2B;H2AX;PSMA5;GNB2;PSMC4;PSMA1;CLTA;PSMB2;CTNNBIP1;CLTB;TLE5;PRKCG;KAT5;CTBP1;RAC2;AP2M1;ADRM1;KREMEN2;RAC3;PSMC2;ARRB2;WNT10B;PSMD2;PSMD14;PPP2R1A;CBY1;PSMA7;PSMA3;AKT1;PORCN;NFATC1;UBC;RUVBL1;PDE6B;WNT7B;DVL1;H4C5;VPS29;PSMD3;H2AZ2;PSMA4;FZD2;SNX3;GNGT2;GNB5;DVL2;SEM1;PSMD7;RPS27A",-1.3403140886586378,0.05811235623696063,FALSE,
"REACTOME_PURINE_CATABOLISM",15,-0.623595275727276,-1.7520988988255368,0.011181655427217,0.03643272113672807,"DNPH1;NT5C;NUDT1;PNP;NUDT18;ITPA",-1.720789919972588,0.048782353576653836,TRUE,
"REACTOME_APOPTOTIC_CLEAVAGE_OF_CELLULAR_PROTEINS",38,0.3925510482632718,1.566178797777715,0.011336725690873172,0.036827387349093986,"DSP;CDH1;SATB1;ROCK1;TJP2;TJP1;CASP8;STK24;DSG2;APC;SPTAN1;PTK2",1.5753846827042541,0.050751671746989836,FALSE,
"REACTOME_INTERLEUKIN_12_FAMILY_SIGNALING",49,-0.4375628514361372,-1.5743571109943506,0.011494405128114109,0.03722814795225017,"SOD1;ARF1;BOLA2B;PSME2;RPLP0;AIP;GSTO1;TALDO1;IL12RB1;CFL1;PPIA;ANXA2;HNRNPF;IL23A;P4HB;TYK2;SOD2;CRLF1;SNRPA1;STAT1;IL27RA;JAK2",-1.4915071368762367,0.0780185068391709,FALSE,
"REACTOME_SIGNALING_BY_NOTCH",184,-0.32360830273733937,-1.4111040242843513,0.011673568961499363,0.03769589977150836,"PSMB6;PSMA6;PSMB4;UBA52;PSMB3;PSMC3;PSMB5;UBB;PSMB1;RBX1;PSMD8;PSMB7;PSMD13;H2AC20;PSMC5;H2AX;PSMA5;MIB2;PSMC4;PSMA1;PSMB2;HDAC10;ADRM1;MDK;APH1A;PSMC2;ARRB2;HDAC3;YBX1;PSMD2;PSMD14;PSMA7;PSMA3;AKT1;RFNG;UBC;SIRT6;H4C5;PSENEN;PSMD3;H2AZ2;PSMA4;SEM1;TACC3;PSMD7;RPS27A",-1.4333822107835021,0.028080158822261274,TRUE,
"REACTOME_TRNA_MODIFICATION_IN_THE_NUCLEUS_AND_CYTOSOL",45,-0.4460440108578277,-1.5672098219619555,0.011807604177926484,0.03795209137391847,"OSGEP;CTU1;TRMT112;GON7;ADAT3;CTU2;METTL1;PUS1;LAGE3;QTRT1;DUS2;TRMT1;URM1;FTSJ1;THG1L",-1.5812163998228388,0.036291448324298016,TRUE,
"REACTOME_RUNX1_INTERACTS_WITH_CO_FACTORS_WHOSE_PRECISE_EFFECT_ON_RUNX1_TARGETS_IS_NOT_KNOWN",36,0.4067549537186824,1.5833053395978975,0.011822863487911929,0.03795209137391847,"PBRM1;SMARCC1;EP300;PHC3;SMARCA2;ARID2;ARID1B;RYBP;ARID1A;AUTS2;HIPK2;RUNX1",1.734326535668915,0.018041814434092453,TRUE,
"REACTOME_RET_SIGNALING",37,0.41929444903500795,1.6460803465359186,0.011877042039381266,0.038013541630468065,"GAB1;SOS1;PRKACB;PIK3CB;PTPN11;PIK3CA;PIK3R1;PRKCA;GDNF;GAB2;FRS2;GFRA1;SHC3",1.5777117261924676,0.045187898542332086,TRUE,
"REACTOME_TRNA_AMINOACYLATION",42,-0.4590315681776773,-1.5831008358647822,0.011951803831712928,0.03814031516884861,"WARS1;FARS2;FARSA;HARS1;SARS2;VARS1;QARS1;AIMP2;AARS2;MARS1;PPA2;YARS2;KARS1;CARS1;PARS2;EEF1E1;PPA1;WARS2;SARS1;CARS2",-1.7859234065640963,0.008343795054015519,TRUE,
"REACTOME_KSRP_KHSRP_BINDS_AND_DESTABILIZES_MRNA",17,-0.5911634252822073,-1.6874599821234535,0.012050602864492445,0.03823071376600674,"EXOSC4;EXOSC7;EXOSC3;EXOSC2;EXOSC1;AKT1;MAPK11;EXOSC5",-1.5456677187248617,0.11333021390562185,FALSE,
"REACTOME_LDL_CLEARANCE",17,-0.590806304594014,-1.6864405907938445,0.012050602864492445,0.03823071376600674,"AP2S1;NPC2;CLTA;AP2M1;PCSK9;LSR;AP2A2;AP2A1",-1.6850818105070386,0.045129862253285816,TRUE,
"REACTOME_TELOMERE_C_STRAND_LAGGING_STRAND_SYNTHESIS",33,-0.49235213770514313,-1.6323359815879117,0.012328280891320112,0.03899762322764525,"POLA2;POLD2;RFC2;ACD;CHTF18;FEN1;PCNA;POLD1;CHTF8;RPA1;RFC5;RPA3;POLD4;TINF2;RPA2",-1.6287899981907163,0.042165262072937304,TRUE,
"REACTOME_TCF_DEPENDENT_SIGNALING_IN_RESPONSE_TO_WNT",174,-0.33157685603379694,-1.4334933442557312,0.012376796928547608,0.03903728101009928,"PSMB6;PSMA6;PSMB4;UBA52;PSMB3;PSMC3;PSMB5;UBB;PSMB1;RBX1;PSMD8;PSMB7;PSMD13;H2AC20;PSMC5;CSNK2B;H2AX;PSMA5;PSMC4;PSMA1;PSMB2;CTNNBIP1;KAT5;CTBP1;ADRM1;KREMEN2;PSMC2;PSMD2;PSMD14;PPP2R1A;CBY1;PSMA7;PSMA3;AKT1;UBC;RUVBL1;DVL1;H4C5;PSMD3;H2AZ2;PSMA4;FZD2;DVL2;SEM1;PSMD7;RPS27A",-1.4150142171741549,0.04883448997124692,TRUE,
"REACTOME_RAS_PROCESSING",23,-0.5495679892852592,-1.6901071038947215,0.012911867542175779,0.0406068877775673,"UBA52;HRAS;UBB;FNTB;ARL2;ABHD17A;RCE1;UBC;PDE6D",-1.730712103699811,0.029750820676444616,TRUE,
"REACTOME_NON_INTEGRIN_MEMBRANE_ECM_INTERACTIONS",72,0.327976290568063,1.483611419657005,0.01337981262401581,0.04195692687010738,"COL4A5;LAMC1;ITGA2;PRKCA;ITGA6;CASK;DMD;COL4A6;LAMA2;LAMA4;SNTB1;ITGB1;SNTB2;HSPG2;UTRN;SGCD;COL4A1;DDR2;DTNA;ITGB3;ITGAV;LAMB1;COL4A4;COL4A2",1.6808917960412144,0.007229789293496953,TRUE,
"REACTOME_RND2_GTPASE_CYCLE",42,0.4005866773427491,1.6227760977293006,0.013500925503416163,0.04221470942710818,"KIDINS220;ANKRD26;DST;LEMD3;ARHGAP5;KTN1;PIK3R1;ARHGAP35;VANGL1;FRS2;VANGL2;PKP4;FNBP1;KIF14;BLTP3B;DLG5",1.6780430501801684,0.021784228317806846,TRUE,
"REACTOME_APOPTOTIC_EXECUTION_PHASE",48,0.36965168471619037,1.4979773594027697,0.0136393776198697,0.04252507102746731,"DSP;CDH1;PAK2;SATB1;ROCK1;TJP2;TJP1;CASP8;STK24;DSG2;APC;KPNA1;SPTAN1;PTK2;H1-0",1.5493305581352037,0.025966177611905457,TRUE,
"REACTOME_TRANSCRIPTIONAL_REGULATION_BY_RUNX1",180,-0.3146972648489576,-1.368071901849703,0.013897749407628397,0.04320647022142352,"PSMB6;PSMA6;PSMB4;UBA52;PSMB3;PSMC3;PSMB5;UBB;PRMT1;PSMB1;PSMD8;PSMB7;PSMD13;H2AC20;TNFRSF18;PSMC5;CSNK2B;H2AX;PSMA5;PSMC4;PSMA1;PSMB2;SMARCB1;ADRM1;ZFPM1;PSMC2;CTSL;PSMD2;RING1;CSF2;PML;PSMD14;PSMA7;PSMA3;UBC;SPI1;H4C5;PSMD3;CBX8;H2AZ2;PSMA4;CCND3;TP73;SEM1;PSMD7;SMARCD3;RPS27A",-1.2802263650847394,0.13906626933446856,FALSE,
"REACTOME_KIDNEY_DEVELOPMENT",39,0.40435736368072633,1.6205203680609326,0.014080613069260764,0.04364990051470837,"ITGA8;SALL1;PCDH19;MECOM;ROBO2;ITGB1;NPNT;GDNF;GFRA1;SLIT2;ID4;HNF4A;WNT11",1.4987041757827257,0.07612142387237734,FALSE,
"REACTOME_RNA_POLYMERASE_III_TRANSCRIPTION_INITIATION_FROM_TYPE_3_PROMOTER",28,-0.5104928823308008,-1.6428898665664335,0.01412807027572786,0.04367224002611034,"POLR2L;POLR3K;POLR2F;POLR1C;POLR2H;POLR2E;POLR3H;SNAPC2;ZNF143;BRF2;POLR3GL;SNAPC1;SNAPC5;TBP;POLR3G;POLR3C",-1.5787095621935936,0.071817739106751,FALSE,
"REACTOME_ACTIVATION_OF_THE_PRE_REPLICATIVE_COMPLEX",32,-0.4865075356126466,-1.5995956724863554,0.014226525727855682,0.04385164890546425,"MCM5;POLA2;CDT1;CDC45;MCM7;RPA1;MCM2;RPA3;POLE4;ORC1;RPA2;POLE3;MCM3;GMNN;POLE2;MCM4;ORC5;ORC6;PRIM1;MCM6",-1.7361706292089085,0.013851946327747212,TRUE,
"REACTOME_METABOLISM_OF_CARBOHYDRATES_AND_CARBOHYDRATE_DERIVATIVES",261,-0.30577001213514293,-1.3715146900876305,0.014779377813208533,0.04542669951085343,"AKR1A1;UBA52;SEC13;ALDOA;UBB;GAPDH;TPI1;HEXA;PKM;GALK1;ENO1;B3GNT4;B4GALT7;TALDO1;DCXR;B4GALT2;AAAS;HYAL2;HS3ST1;CHST12;PFKP;ALDOC;GALT;ENO2;B3GAT3;B4GAT1;GPI;G6PC3;CTSL;TKT;PPP2R1A;B4GALT3;B3GALT6;HPSE;PGLS;PFKL;G6PD;PGD;SHPK;UBC;NAGLU;GUSB;PGAM1;GLYCTK;HK3;PHKG2;PGK1;CHST7;NUP37;CHPF;IDUA;SLC35B2;RPS27A;HYAL3;FUT1;SGSH;FUT3;PCK2;B3GALT4;NUP62;PPP2CA;PRPS1;NUP85;FBP1;SEH1L;SLC37A4;TKFC;AKR1B1;MAN2B1;PFKFB4;NUP93;PYGB;HK1;SLC35D2;ADPGK;PYGL;HYAL1;GALE;NUP188;ENO3;CHST14;CALM1;KHK;CHST6;PAPSS1;CD44;GYG1;FUT6;UST;RBKS;GNPDA1;CSPG5;ALDOB;PGM1;NUP88;CHST2;B3GAT1;HS3ST2;CRYL1;GLB1L2",-1.3791705163234895,0.04113197684365653,TRUE,
"REACTOME_DOWNSTREAM_SIGNALING_OF_ACTIVATED_FGFR2",20,0.505713786691101,1.7027349429964818,0.01490704869824982,0.04568968315706513,"GAB1;SOS1;PTPN11;PIK3CA;PIK3R1;NRAS;FRS2;FGF10;PLCG1;KRAS;FGF7",1.7415892385735074,0.04375900065286864,TRUE,
"REACTOME_DISEASES_ASSOCIATED_WITH_GLYCOSYLATION_PRECURSOR_BIOSYNTHESIS",16,-0.5934439648220198,-1.6825962490762982,0.014997147153887776,0.04583635116047391,"DPM3;DPM2;GALK1;GALT;DOLK;MPI;SRD5A3",-1.6455015522943566,0.054875097955739374,FALSE,
"REACTOME_REGULATION_OF_RUNX1_EXPRESSION_AND_ACTIVITY",17,0.5428279556118905,1.7664892389781108,0.015088095651186588,0.04598478590319508,"PTPN11;TNRC6A;AGO2;AGO4;TNRC6C;CDK6;AGO3;RUNX1;CCND1;TNRC6B",1.8004529443489394,0.0475964696947157,TRUE,
"REACTOME_SENESCENCE_ASSOCIATED_SECRETORY_PHENOTYPE_SASP",75,-0.38495848069084454,-1.4796757716471771,0.015169734062455717,0.046104093719228155,"UBA52;ANAPC11;UBB;ANAPC15;H2AC20;H2AX;CXCL8;CDK4;ANAPC5;ANAPC2;CDKN2D;UBE2S;ANAPC7;FZR1;UBC;MAPK3;H4C5;CEBPB;IL6;H2AZ2;IGFBP7;EHMT2;RPS27A;CDKN2A;CDKN2C;H2AJ;RPS6KA1;IL1A;CDC26;MAPK7;ANAPC10;CCNA2",-1.5478574217999927,0.02464595091735637,TRUE,
"REACTOME_MTORC1_MEDIATED_SIGNALLING",24,-0.531128842339988,-1.6589544529921645,0.015218715384500533,0.04612376031336055,"LAMTOR5;MLST8;LAMTOR4;LAMTOR1;EIF4EBP1;LAMTOR2;RPS6;AKT1S1;RRAGC",-1.6795826473120232,0.04495751639533514,TRUE,
"REACTOME_PI3K_AKT_SIGNALING_IN_CANCER",93,0.28889261014319395,1.385888406277701,0.015285253741841904,0.046196379693310495,"GAB1;STRN;GSK3B;FOXO3;PIK3CB;PDPK1;PTPN11;PIK3CA;HGF;PIK3R1;NRG1;EGFR;KL;CREB1;PDGFRA;RICTOR;CDKN1B;KIT;GAB2;FRS2;FGF10;MET;FGFR3;FGF19",1.3823179589443755,0.05352394974307669,FALSE,
"REACTOME_FATTY_ACID_METABOLISM",147,-0.33681724598989976,-1.4307024469334553,0.015520529030778985,0.046777149995542215,"GPX1;ECI1;MCAT;GPX4;PTGES2;ACOT7;CBR1;ECHS1;NDUFAB1;HSD17B8;TECR;LTC4S;DECR2;SLC27A3;PCCB;ACBD6;ELOVL1;MECR;SLC25A17;ACADS;PPT1;ABCD1;PTGDS;ALOX15B;MID1IP1;ACOT8;PTGS2;ALOX5AP;FAAH;ACAA1;ECI2;ACSF3;SLC27A1;ACOT1;ACOXL;ACADVL;HACD1;ACOT13;PRXL2B;PON3;CPT1B;PTGES;HADH;FADS2;ACOX3;DPEP2;PLA2G4A;ALOX5;PTGES3;GPX2;MAPKAPK2;DBI;ALDH3A2;ELOVL7;CRAT",-1.531478265044208,0.01181134745120434,TRUE,
"REACTOME_PROTEIN_UBIQUITINATION",71,-0.38649405358378114,-1.481284902283152,0.01588634624132956,0.0477470517225556,"UBA52;RNF181;UBB;UBE2J2;PEX14;SKIC8;PCNA;HLA-A;UCHL3;PAF1;CDC34;USP5;UBE2S;PEX10;SELENOS;UBC;UBE2T;UBA1;RPS27A;TMEM129;VCP;UBE2L3;UBE2D2;RRAGA",-1.313317300839071,0.16485235235235238,FALSE,
"REACTOME_DEVELOPMENTAL_LINEAGE_OF_MAMMARY_GLAND_MYOEPITHELIAL_CELLS",17,0.541105239860452,1.7608831186497946,0.015982189128535978,0.04790241769188269,"CDH1;ITGA6;EGFR;ITGB1;EPCAM;MME;MYH11;AREG;EGF;ALDH1A3",1.6868039740223213,0.09160599007078543,FALSE,
"REACTOME_TRANSPORT_TO_THE_GOLGI_AND_SUBSEQUENT_MODIFICATION",167,-0.32908764949889013,-1.4207380633497515,0.016276466161361445,0.048650043485061065,"COPE;TRAPPC2L;SEC13;TRAPPC1;DCTN3;DYNLL1;LMAN2;STX5;ARF1;TRAPPC4;DCTN2;TRAPPC3;TUBB4B;ARF5;TRAPPC5;TMED9;TMED3;TUBA1B;B4GALT2;MGAT1;TUBA4A;COPZ1;RAB1B;MGAT2;B4GALT3;BET1L;TUBA1C;CTSZ;ACTR1A;COPG1;NAPA;KDELR1;COG7;TMEM115;SPTBN4;TUBB3;COG4;TRAPPC6A;CAPZB;PREB;KDELR3;TUBB6;TUBA1A;SAR1B;FUT3;CTSC;SEC22A;CNIH1;KDELR2;FUT8;ANK1;LMAN2L;TMED10;ARFGAP2;COPZ2;TFG;CD59;TUBB2A;CD55;COG8;SERPINA1;MGAT4B;ARF4;CSNK1D;TMED2",-1.3901474515250252,0.07143267018169992,FALSE,
"REACTOME_UNFOLDED_PROTEIN_RESPONSE_UPR",88,-0.37223861330188496,-1.465331344086412,0.01695816787268351,0.050548385005114306,"EXOSC4;MYDGF;YIF1A;KLHDC3;EXOSC7;CXXC1;CREB3;NFYC;CALR;CXCL8;ATP6V0D1;EXOSC3;LMNA;SRPRB;ZBTB17;EXOSC2;EXOSC1;EXOSC5;SERP1;CEBPB;CREB3L4;PREB;ATF4;KDELR3;PDIA5;XBP1;GSK3A;EXOSC9;ACADVL;CREB3L1;DDIT3;DNAJB11;HSPA5;SSR1;CCL2;EIF2S1;ARFGAP1;PDIA6;PPP2R5B;EXOSC6;TPP1",-1.3818525310965095,0.10110893672537508,,
"REACTOME_DOWNSTREAM_SIGNALING_OF_ACTIVATED_FGFR3",18,0.5103014486705602,1.6845201884820102,0.01732659500288504,0.05150508377569936,"GAB1;SOS1;PTPN11;PIK3CA;PIK3R1;NRAS;FRS2;FGFR3;PLCG1;KRAS",1.6517966531505606,0.05581903856865681,,
"REACTOME_REGULATED_NECROSIS",57,-0.41695561344123033,-1.540255441391937,0.01754370886164735,0.051999184728298,"UBA52;UBB;STUB1;GSDMD;TRADD;IRF1;BAK1;FADD;CDC37;CHMP2A;FLOT1;CHMP6;FASLG;TRAF2;UBC;FLOT2;IL1B;RPS27A;UBE2L3;TP53;FAS;BAX;CASP1;CASP4",-1.558117888945234,0.04265724264889263,,
"REACTOME_FORMATION_OF_WDR5_CONTAINING_HISTONE_MODIFYING_COMPLEXES",42,0.39159096029197604,1.5863344599075813,0.01758866432745195,0.051999184728298,"KMT2C;BOD1L1;NCOA6;PHF20;KMT2A;KMT2D;PHF20L1;YEATS2;KDM6A;KANSL1;OGT;ZZZ3;KAT2B",1.595610988816592,0.03967617840997778,,
"REACTOME_CYTOPROTECTION_BY_HMOX1",55,-0.42502737865271883,-1.5616034056902919,0.017814508687791594,0.05252375523438554,"COX8A;COX6A1;COX4I1;BLVRB;COX5B;HMOX2;COX7B;COX7A2;COX6B1;COX5A;COX7C;HBA2;HDAC3;COX7A1;HBB;STAP2;COX6C;NDUFA4;COX4I2;SMARCD3;BLVRA;CARM1;COX7A2L",-1.5734799693346389,0.048782353576653836,,
"REACTOME_GENE_SILENCING_BY_RNA",66,-0.39747191951073213,-1.4976504416555274,0.017919284793853088,0.05268949593856531,"POLR2I;POLR2L;POLR2F;POLR2G;H2AC20;TARBP2;RAN;H2AX;ELAC2;POLR2H;POLR2E;ANG;POLR2J;PLD6;PIWIL1;H4C5;H2AZ2",-1.4894777784415054,0.04880238010820731,,
"REACTOME_REGULATION_OF_EXPRESSION_AND_FUNCTION_OF_TYPE_II_CLASSICAL_CADHERINS",27,0.44927441981318167,1.6390205853303892,0.0183891453225926,0.05392492614868371,"TNRC6A;SP1;AGO2;AMOT;FOXF1;AGO4;TNRC6C;AGO3;ADAM19;TNRC6B;CTNND1;HEYL;BHLHE22;AGO1;CTNNA1;ZEB2",1.7137500479836343,0.031126534212319326,,
"REACTOME_HIV_TRANSCRIPTION_INITIATION",45,-0.43577826692364813,-1.5311403437675255,0.019144181608246588,0.055987700929777756,"POLR2I;POLR2L;POLR2F;POLR2G;POLR2H;POLR2E;POLR2J;TAF10;GTF2A2;TAF9;ERCC2;GTF2F1;POLR2C;GTF2H5;GTF2B;TAF11;GTF2E2",-1.5247980220547197,0.04955369692286851,,
"REACTOME_SLC_MEDIATED_TRANSPORT_OF_INORGANIC_ANIONS",19,0.5146264515913359,1.7213871244770012,0.019448019479491176,0.05672339014851593,"SLC26A2;SLC4A7;SLC12A6;SLC12A2;SLC26A3;SLC13A4;SLC20A2;SLC20A1;AHCYL2;SLC4A4;SLC4A8",1.602676683150103,0.09368184772344124,,
"REACTOME_DEFECTIVE_INTRINSIC_PATHWAY_FOR_APOPTOSIS",24,-0.5216395859839651,-1.629315233969426,0.020501139926244423,0.05963468316347238,"C1QBP;PRDX2;PRDX1;CAPNS1;CDK5;LMNA;YWHAE;FASLG;CAPN1;CDKN2A;SOD2;TP53",-1.6789477804053445,0.04495751639533514,,
"REACTOME_SIGNALING_BY_ERBB2_IN_CANCER",22,0.5016378559612632,1.7089766233704013,0.020681590364499045,0.05989718756342284,"GAB1;SOS1;ERBIN;PIK3CA;PIK3R1;NRG1;EGFR;PTPN12;NRAS;PLCG1;EREG;KRAS;ERBB3;EGF",1.7509106684957656,0.04147405592045228,,
"REACTOME_ACTIVATION_OF_BAD_AND_TRANSLOCATION_TO_MITOCHONDRIA",15,-0.6035082447151426,-1.6956609072516153,0.02070179293666688,0.05989718756342284,"BAD;BID;SFN;YWHAH;YWHAE;AKT1",-1.5377170649239584,0.12954926031272357,,
"REACTOME_DEADENYLATION_OF_MRNA",25,0.4461140881859681,1.5978550635501338,0.020780067608102387,0.05996375892231673,"CNOT1;TUT7;PAN3;CNOT4;TUT4;CNOT6L;CNOT11",1.5185875443743801,0.095699660311831,,
"REACTOME_SEMAPHORIN_INTERACTIONS",61,0.33309800241340604,1.4433778286577468,0.02125906167558082,0.061183241161817475,"ROCK2;SEMA5A;ARHGEF12;GSK3B;FARP2;PAK2;ROCK1;ARHGAP35;ARHGEF11;PLXNA4;ITGB1;SEMA6D;PLXNA2",1.5824599765484648,0.016573307371069945,,
"REACTOME_ATTACHMENT_OF_BACTERIA_TO_EPITHELIAL_CELLS",21,0.500508466071059,1.694577354316655,0.02140657197704601,0.06144478993411354,"COL4A5;LAMC1;COL4A6;LAMA2;LAMA4;COL4A1;EPCAM;LAMB1;COL4A4;COL4A2",1.8495389348045599,0.022932693186795795,,
"REACTOME_DOWNSTREAM_SIGNAL_TRANSDUCTION",28,0.43073756738065294,1.5819837120829567,0.02167121296932463,0.06197543018659067,"SOS1;PIK3CB;PTPN11;PIK3CA;RASA1;STAT5B;PIK3R1;PDGFRA;NRAS;RAPGEF1",1.6086776145737491,0.05572797784866668,,
"REACTOME_PRE_NOTCH_EXPRESSION_AND_PROCESSING",73,0.31492203645963124,1.4386762795814374,0.02170568061834512,0.06197543018659067,"TNRC6A;EP300;E2F3;TFDP2;MAML2;MAML3;MAML1;H3-3A;AGO2;POFUT1;SEL1L;AGO4;TNRC6C;CREBBP;PRKCI;AGO3;RUNX1;RAB6A;KAT2B;H4C16;CCND1",1.4903675616642091,0.032729704532383996,,
"REACTOME_FC_EPSILON_RECEPTOR_FCERI_SIGNALING",159,-0.330565113886641,-1.4203122071505814,0.02219970803657544,0.06321964099654685,"PSMB6;PSMA6;PSMB4;UBA52;PSMB3;HRAS;PSMC3;PSMB5;UBB;PSMB1;PSMD8;PSMB7;PSMD13;PSMC5;PSMA5;PSMC4;PSMA1;PSMB2;NFKBIA;ADRM1;PSMC2;PSMD2;PSMD14;PSMA7;CDC34;PSMA3;NFATC1;UBC;FCER1G;MAPK3;PSMD3;PSMA4;SEM1;PSMD7;RPS27A;LAT2;TAB1",-1.436977565983863,0.04710263848655332,,
"REACTOME_MITOPHAGY",38,-0.4479244751698821,-1.5084360656164373,0.022414051384116732,0.06363657707125692,"UBA52;UBB;TOMM5;CSNK2B;TOMM22;PGAM5;TOMM7;TOMM40;UBC;RPS27A;UBE2L3;UBE2D2;VDAC3",-1.5654772240606643,0.03967617840997778,,
"REACTOME_NOTCH3_ACTIVATION_AND_TRANSMISSION_OF_SIGNAL_TO_THE_NUCLEUS",25,-0.5068656753428895,-1.5916003431288557,0.022463418450038155,0.06363657707125692,"UBA52;UBB;MIB2;APH1A;YBX1;UBC;PSENEN;TACC3;RPS27A",-1.5140382868479918,0.09368184772344124,,
"REACTOME_NEGATIVE_REGULATORS_OF_DDX58_IFIH1_SIGNALING",35,-0.46459038991215873,-1.5553839637237798,0.023207635779228544,0.06557365838662232,"UBA52;UBB;UBE2L6;PIN1;ISG15;PCBP2;IRF3;UBC;RPS27A;UBA7;UBE2D2;NLRX1;IKBKE;OTUD5;NLRC5",-1.4843958436361386,0.09368184772344124,,
"REACTOME_GOLGI_TO_ER_RETROGRADE_TRANSPORT",120,-0.3422982576938886,-1.4139142993575597,0.023404758533132605,0.06579132903184039,"COPE;DCTN3;DYNLL1;ARF1;PAFAH1B3;DCTN2;TUBB4B;ARF5;BNIP1;USE1;TMED9;TMED3;TUBA1B;SURF4;TUBA4A;COPZ1;RAB1B;KIF9;TUBA1C;ACTR1A;COPG1;NAPA;KDELR1;KIF22;STX18;KLC3;KLC2;TUBB3;CAPZB;KIFC1;KDELR3;KLC1;TUBB6;KIF2C;TUBA1A",-1.3086677763373131,0.1417195988602445,,
"REACTOME_DENGUE_VIRUS_GENOME_TRANSLATION_AND_REPLICATION",81,-0.37598309733337737,-1.4632863187780716,0.023414389351388475,0.06579132903184039,"DPM3;UBA52;UFD1;TMEM258;RPN1;UBB;OST4;DPM2;EIF4A3;CALR;DDOST;DAD1;UBE2I;YBX1;UBC;OSTC;SEC11C;SPCS1;SPCS2;P4HB;HSPA8;RPS27A;VCP;SEC11A;NACA",-1.443463836884202,0.09379911682699965,,
"REACTOME_NOTCH2_ACTIVATION_AND_TRANSMISSION_OF_SIGNAL_TO_THE_NUCLEUS",22,-0.5418681202145537,-1.6566847224876102,0.023466584640849983,0.06579132903184039,"UBA52;UBB;MIB2;MDK;APH1A;UBC;PSENEN;RPS27A",-1.6589504034513425,0.05977321452683134,,
"REACTOME_NCAM_SIGNALING_FOR_NEURITE_OUT_GROWTH",51,0.33922850693802004,1.4247098374904956,0.02413121046284879,0.0674189387115549,"SOS1;COL4A5;CREB1;CACNB2;COL9A3;NCAM1;NRAS;CACNA1D;GDNF;SPTBN1;SPTAN1;PTK2;COL4A1;MAPK1;GFRA1;CACNA1H;COL6A3;COL4A4;KRAS;RPS6KA5;COL4A2",1.5176425218940837,0.041778918154371826,,
"REACTOME_CHAPERONE_MEDIATED_AUTOPHAGY",20,-0.546393729344545,-1.6401960706848442,0.024171398303036735,0.0674189387115549,"UBA52;UBB;PARK7;HBB;UBC;EEF1A1;RNASE1;HSPA8;RPS27A;PLIN3",-1.6846320001859176,0.042165262072937304,,
"REACTOME_TRANSCRIPTIONAL_REGULATION_BY_MECP2",46,0.36174518587107624,1.4745714013643252,0.024742902712453257,0.06883602421285072,"PTPN4;TNRC6A;GRIN2B;CREB1;AGO2;LBR;MECP2;AGO4;HIPK2;NCOR1;TNRC6C;PPARG;AGO3;MET;MEF2C;TNRC6B;CAMK4;AGO1;HDAC2;FKBP5;PTPN1;CAMK2G;SIN3A;TBL1X",1.5222359813903363,0.0523406441775026,,
"REACTOME_FGFR2_ALTERNATIVE_SPLICING",27,-0.4999882914485262,-1.5950523648830672,0.024991590747463686,0.06935006639641458,"POLR2I;POLR2L;POLR2F;POLR2G;POLR2H;POLR2E;POLR2J;HNRNPF;GTF2F1;POLR2C;HNRNPM",-1.5318199465168405,0.09701887402127399,,
"REACTOME_SYNTHESIS_OF_ACTIVE_UBIQUITIN_ROLES_OF_E1_AND_E2_ENZYMES",30,-0.48363401910257764,-1.5776700438336442,0.02538278636640425,0.07025592654986891,"UBA52;UBB;UCHL3;CDC34;USP5;UBE2S;UBC;UBE2T;UBA1;RPS27A;UBE2L3;UBE2D2",-1.4767146943446035,0.11464354527938345,,
"REACTOME_AGGREPHAGY",34,-0.45470050311783566,-1.5147903297614598,0.026110024689673612,0.0720849282144933,"UBA52;UBB;DYNLL1;TUBB4B;PARK7;TUBA1B;TUBA4A;TUBA1C;UBC;TUBB3;HSF1;RPS27A;TUBB6;TUBA1A;VCP",-1.4224211707245817,0.1359585727773957,,
"REACTOME_REGULATION_OF_CDH1_POSTTRANSLATIONAL_PROCESSING_AND_TRAFFICKING_TO_PLASMA_MEMBRANE",31,-0.4772544783347965,-1.5580804930903684,0.027759658714283625,0.07644474544415669,"TMEM258;RPN1;OST4;CSNK2B;DDOST;DAD1;OSTC;SEC11C;POMT1;SPCS1;SPCS2;SEC11A;PRKCSH",-1.4816595475475258,0.10264030063022744,,
"REACTOME_SIGNALING_BY_NTRK2_TRKB",24,0.43489678899201634,1.5169672092265267,0.028047775243688032,0.07704262313772535,"GAB1;SOS1;PTPN11;PIK3CA;GRIN2B;PIK3R1",1.49808994626153,0.09553014753013789,,
"REACTOME_CA2_PATHWAY",56,0.3354329365544521,1.433947544153594,0.02817777167658684,0.07718647180639411,"TNRC6A;PRKCA;AXIN2;PLCB1;AGO2;ITPR1;ITPR2;NLK;AGO4;TNRC6C;PRKG1;AGO3;GNG12;MAP3K7;GNAO1;PRKG2;WNT11;TNRC6B;TCF7;FZD6;KRAS;FZD5;WNT5A;ITPR3;FZD3;AGO1;GNG4;FZD4",1.414072704981722,0.08252388733003313,,
"REACTOME_ENDOSOMAL_SORTING_COMPLEX_REQUIRED_FOR_TRANSPORT_ESCRT",31,-0.47634686114743985,-1.555117418464546,0.028242423324551576,0.07718647180639411,"UBA52;UBB;VPS28;SNF8;CHMP2A;CHMP6;VPS37B;MVB12A;UBC;VPS25;VPS4A;RPS27A;VPS37D;VPS37C;TSG101",-1.5917895460183058,0.05313311313435886,,
"REACTOME_ATTENUATION_PHASE",24,-0.5082399961004778,-1.5874622831721303,0.028506555361304704,0.0776670179984245,"UBB;HSBP1;DEDD2;MRPL18;HSPB1;HSPA6;SERPINH1;FKBP4;HSF1;HSPA8;DNAJB1;HSPA2",-1.5102333633282286,0.1253802203206538,,
"REACTOME_E3_UBIQUITIN_LIGASES_UBIQUITINATE_TARGET_PROTEINS",51,-0.40527726797741565,-1.4622211057877759,0.028561419522001266,0.0776670179984245,"UBA52;RNF181;UBB;UBE2J2;PEX14;SKIC8;PCNA;HLA-A;PAF1;PEX10;SELENOS;UBC;RPS27A;TMEM129;VCP;UBE2L3;UBE2D2;RRAGA",-1.2580466916886663,0.23094934014474247,,
"REACTOME_DISEASES_OF_CARBOHYDRATE_METABOLISM",31,-0.47563374270418624,-1.552789318915699,0.029207953137993098,0.07922657288680628,"UBA52;UBB;TALDO1;DCXR;G6PC3;UBC;NAGLU;GUSB;IDUA;RPS27A;SGSH;SLC37A4;HYAL1;KHK;GYG1;ALDOB",-1.7217836331663054,0.015890861040656092,,
"REACTOME_COPI_DEPENDENT_GOLGI_TO_ER_RETROGRADE_TRAFFIC",87,-0.3705331085670398,-1.4549352779936675,0.029977519691685457,0.08111124405356289,"COPE;ARF1;TUBB4B;ARF5;BNIP1;USE1;TMED9;TMED3;TUBA1B;SURF4;TUBA4A;COPZ1;RAB1B;KIF9;TUBA1C;COPG1;NAPA;KDELR1;KIF22;STX18;KLC3;KLC2;TUBB3;KIFC1;KDELR3;KLC1;TUBB6;KIF2C;TUBA1A;KIF19;KDELR2;TMED10;ARFGAP2;COPZ2",-1.3630430392727915,0.11117418997507617,,
"REACTOME_SIGNALING_BY_ERYTHROPOIETIN",24,0.43188888348658433,1.506475308307304,0.030069183677673434,0.08112129606785864,"GAB1;SOS1;PIK3CB;PIK3CA;STAT5B;PIK3R1",1.5991694104678362,0.05347260634395618,,
"REACTOME_SHC1_EVENTS_IN_ERBB2_SIGNALING",18,0.48750750320666436,1.60927669973801,0.030130767110918923,0.08112129606785864,"SOS1;PRKCA;PRKCE;NRG1;EGFR;PTPN12;NRAS;EREG;KRAS;ERBB3;EGF",1.6264381752444474,0.06567326859245216,,
"REACTOME_FLT3_SIGNALING_IN_DISEASE",26,0.43104715444599306,1.5572830849294175,0.030574536313005576,0.08211230668220557,"CBL;ZMYM2;SOS1;PTPN11;PIK3CA;GOLGB1;STAT5B;PIK3R1;TRIP11;NRAS;SPTBN1;GAB2",1.5578039054665884,0.08690481309279179,,
"REACTOME_DDX58_IFIH1_MEDIATED_INDUCTION_OF_INTERFERON_ALPHA_BETA",67,-0.3936589656791698,-1.4894086242198732,0.030929186983485,0.08285967377057092,"UBA52;UBB;UBE2L6;PIN1;ISG15;NFKB2;FADD;IRF7;NFKBIA;PCBP2;NFKBIB;SAA1;IRF3;TRAF2;UBC;RPS27A;UBA7;DHX58;UBE2D2;NLRX1;TKFC;IKBKE;OTUD5;NLRC5",-1.5037605856908525,0.047276201327496346,,
"REACTOME_ESTROGEN_DEPENDENT_NUCLEAR_EVENTS_DOWNSTREAM_OF_ESR_MEMBRANE_SIGNALING",23,0.4434613581585114,1.532256346008912,0.03155363635562864,0.0843243730193524,"FOXO3;EGFR;CREB1;XPO1;CDKN1B;PTK2;MAPK1;CCND1;UHMK1;AREG;EREG;EGF",1.4603651007365261,0.1139137787032627,,
"REACTOME_PROCESSIVE_SYNTHESIS_ON_THE_C_STRAND_OF_THE_TELOMERE",19,-0.5456590544727845,-1.5981130016722487,0.03180010111854399,0.08477422534059025,"POLD2;ACD;FEN1;PCNA;POLD1;RPA1;RPA3;POLD4;TINF2;RPA2;LIG1",-1.567896508097635,0.09966182256175064,,
"REACTOME_MITOCHONDRIAL_UNFOLDED_PROTEIN_RESPONSE_UPRMT",18,-0.5478216034443709,-1.5781556652251667,0.032105382089282014,0.08537828325213477,"HTRA2;HSPE1;LONP1;AKT1;DNAJA1;ATF5;HSF1;SIRT3;SOD2;NRF1",-1.5398089037268892,0.095699660311831,,
"REACTOME_DAG_AND_IP3_SIGNALING",37,0.38597747727133236,1.5152834505777286,0.03220658329706246,0.085438002145019,"PRKAR2A;PRKACB;PRKCA;PRKCE;CREB1;ITPR1;ITPR2;PDE1C;PRKAR1A;ADCY6;NBEA;ADCY5;PLCG1;ITPR3;CAMK4",1.4962779063480578,0.0780185068391709,,
"REACTOME_DEUBIQUITINATION",237,-0.2957141553264015,-1.3115010265108686,0.03271537622682661,0.08648724150249369,"NEDD8;BABAM1;PSMB6;PSMA6;PSMB4;UBA52;UFD1;PSMB3;PSMC3;PSMB5;UBB;PSMB1;OTUB1;H2AC25;PSMD8;PSMB7;PSMD13;H2AC20;FKBP8;PSMC5;ACTB;CDC20;PSMA5;PSMC4;PSMA1;KEAP1;MCRS1;PSMB2;NFKBIA;TNIP2;ADRM1;TAF10;PSMC2;JOSD2;ARRB2;INO80C;PSMD2;UCHL3;INO80E;PSMD14;RCE1;PSMA7;USP5;PSMA3;TRAF2;USP18;TGFB1;UBC",-1.2995369551456186,0.09260312944523472,,
"REACTOME_TRANSCRIPTIONAL_REGULATION_OF_PLURIPOTENT_STEM_CELLS",21,0.4799323672299008,1.6249126163550445,0.03276152650463125,0.08648724150249369,"PBX1;EPAS1;SALL1;NR6A1;HIF3A;SALL4;TSC22D1",1.3959352409364598,0.1850548981984863,,
"REACTOME_SUMOYLATION_OF_DNA_DAMAGE_RESPONSE_AND_REPAIR_PROTEINS",77,0.28952085157462315,1.3393927590649197,0.033371817448931994,0.08778294971595144,"SMC6;POM121;NUP153;SMC5;RANBP2;PHC3;TPR;STAG2;HERC2;WRN;STAG1;SMC3;NUP98;NUP205;NUP58;MDC1;BRCA1;POM121C;NUP133;XPC;PIAS1",1.3958380891940816,0.0740353043612871,,
"REACTOME_ANTIMICROBIAL_PEPTIDES",27,-0.4844784197562546,-1.5455730911782397,0.03341415505316861,0.08778294971595144,"GNLY;ATOX1;PRSS3;PI3;PLA2G2A;S100A8;S100A9;PDZD11;SLC11A1;LYZ;LCN2",-1.76672010472871,0.017794378457034594,,
"REACTOME_DOWNSTREAM_SIGNALING_OF_ACTIVATED_FGFR4",20,0.4611955175951242,1.552842228211267,0.03408020646184665,0.08931648311860778,"GAB1;SOS1;PTPN11;PIK3CA;PIK3R1;NRAS;FRS2;FGF19;PLCG1;KRAS",1.5359874742554636,0.10675126822340951,,
"REACTOME_RESPIRATORY_SYNCYTIAL_VIRUS_INFECTION_PATHWAY",105,-0.3415779892551818,-1.3936128116719126,0.03444034440344403,0.09004282813912476,"MED11;UBA52;MED8;UBB;ELOB;PPP1CA;RBX1;MED27;UBE2L6;CSNK2B;MED19;ISG15;MED31;MED10;IFNAR2;MED16;RAB5C;IRF3;CD14;UBC;ELOC;MED26;MED9;BCAP31;SEC11C;SPCS1;MED18;SPCS2;MED15;HSPA8;RPS27A;TYK2",-1.3220855465638928,0.1407052720833957,,
"REACTOME_RNA_POLYMERASE_III_TRANSCRIPTION",41,-0.4263894764572117,-1.4691055774252635,0.03462603878116344,0.09031070210952484,"POLR2L;POLR3K;POLR2F;POLR1C;POLR2H;POLR2E;POLR3H;SNAPC2;GTF3C5;ZNF143;BRF2;BRF1;POLR3GL;SNAPC1;SNAPC5;GTF3C6;TBP;POLR3G;POLR3C",-1.3490401735475799,0.18917221132520542,,
"REACTOME_BUDDING_AND_MATURATION_OF_HIV_VIRION",28,-0.47768339537049853,-1.5373009827249635,0.03474363352082416,0.09040010160694055,"UBA52;UBB;VPS28;CHMP2A;CHMP6;VPS37B;MVB12A;PPIA;UBC;VPS4A;RPS27A;VPS37D;VPS37C;TSG101",-1.582749015023476,0.07099878359374144,,
"REACTOME_BASE_EXCISION_REPAIR_AP_SITE_FORMATION",36,-0.44368734404221616,-1.4949396891230622,0.034875723334610385,0.09052669812931165,"H2AC20;MPG;H2AX;NTHL1;SMUG1;ACD;H4C5;H2AZ2;TINF2;H2AJ;UNG;H2AC8;OGG1;NEIL2;H2BC12;H2BC11;H2BC4;H2BC26;H4C8;H2BC5",-1.4849561455459017,0.09121939736346517,,
"REACTOME_INACTIVATION_OF_CSF3_G_CSF_SIGNALING",25,-0.48684245896806694,-1.528725779703049,0.035767912538825594,0.09262096683681567,"UBA52;UBB;ELOB;SOCS1;RNF7;UBC;ELOC;RPS27A;TYK2;CSF3;HCK;UBE2D2;LYN;STAT1;JAK2;SOCS3;STAT5A;UBE2D3;CSF3R",-1.3957880664843343,0.14995508257895102,,
"REACTOME_ACTIVATION_OF_BH3_ONLY_PROTEINS",29,-0.4645121765390611,-1.5074857270092878,0.036818851251840944,0.09488943849940006,"BAD;DYNLL1;BID;SFN;YWHAH;YWHAE;AKT1;TP73;PMAIP1;E2F1;TP53;AKT2;BBC3",-1.478131937664021,0.11573551188414527,,
"REACTOME_GLUTATHIONE_CONJUGATION",29,-0.46497878295282374,-1.509000009184018,0.036818851251840944,0.09488943849940006,"AKR1A1;GSTO1;GSTZ1;GSTP1;GSTM4;CHAC2;MGST3;CNDP2;OPLAH;GSTK1;CHAC1;MGST2;MGST1;GSS;GGCT;GSTA1",-1.6826372401206706,0.040471039435863734,,
"REACTOME_RNA_POLYMERASE_III_TRANSCRIPTION_INITIATION_FROM_TYPE_1_PROMOTER",28,-0.4683044738891198,-1.507117339437466,0.03714710252600297,0.09544612504516876,"POLR2L;POLR3K;POLR2F;POLR1C;POLR2H;POLR2E;POLR3H;GTF3C5;BRF1;POLR3GL;GTF3C6;TBP;POLR3G;POLR3C",-1.5232571900544432,0.1021626875603724,,
"REACTOME_REGULATION_OF_CHOLESTEROL_BIOSYNTHESIS_BY_SREBP_SREBF",55,0.32974011681690985,1.4016018090804296,0.0372107934507893,0.09544612504516876,"CHD9;PPARA;NCOA2;NCOA6;MED1;NCOA1;SP1;MBTPS2;SEC24B;SEC24C;MTF1;CREBBP;GPAM;SEC23A;ACACA;NFYA;HMGCR;ACACB;SQLE;SEC24A;KPNB1;HMGCS1;TGS1",1.3860645118068045,0.1036527040428994,,
"REACTOME_DENGUE_VIRUS_ATTACHMENT_AND_ENTRY",42,-0.4207518340838049,-1.4510822923879765,0.037604456824512536,0.09600196624610846,"AP2S1;LY6E;RNASEK;EMC4;RPSA;AP2M1;CD300A;CD14;GAS6;UBA1;UBA7;AP2A2;ATG7",-1.4779823404048908,0.0904591831787178,,
"REACTOME_SARS_COV_1_ACTIVATES_MODULATES_INNATE_IMMUNE_RESPONSES",40,-0.4192039556943966,-1.434407792011556,0.037604456824512536,0.09600196624610846,"UBA52;UBB;PPIB;PYCARD;NFKBIA;PPIH;BST2;PCBP2;PPIA;IRF3;UBC;STING1;NMI;RPS27A;CASP1;TKFC;IKBKE",-1.5547594985392479,0.046212170522722695,,
"REACTOME_RNA_POLYMERASE_II_TRANSCRIPTION_TERMINATION",64,-0.3834151496590948,-1.43576248574995,0.03830911492734478,0.0975713373149509,"LSM10;SRSF9;THOC6;SNRPF;DDX39A;ALYREF;SNRPB;EIF4A3;THOC5;CPSF4;SRSF7;CHTOP;RBM8A;U2AF1L4;SNRPG;MAGOH;SLBP;SNRPE;CLP1;MAGOHB;RNPS1;U2AF2;THOC3;CPSF1",-1.3482395324474807,0.15416072498811667,,
"REACTOME_SIGNALING_BY_ERBB2_ECD_MUTANTS",16,0.4929051631666657,1.5489435396742328,0.038641610548713665,0.09795247724974722,"GAB1;SOS1;ERBIN;PIK3CA;PIK3R1;EGFR",1.5668878639620005,0.09132350522157905,,
"REACTOME_NRIF_SIGNALS_CELL_DEATH_FROM_THE_NUCLEUS",15,-0.5764432706658101,-1.6196171765269518,0.038694361181669974,0.09795247724974722,"UBA52;UBB;APH1A;UBC;PSENEN;RPS27A",-1.6454902592134728,0.08513389888357484,,
"REACTOME_SELECTIVE_AUTOPHAGY",78,-0.3660203164881669,-1.41925772998739,0.03880983182406209,0.09795247724974722,"UBA52;UBB;DYNLL1;TOMM5;TUBB4B;CSNK2B;PARK7;TOMM22;TUBA1B;PGAM5;PRKAG1;TOMM7;TUBA4A;TOMM40;TUBA1C;UBC;TUBB3;HSF1;HSPA8;RPS27A;TUBB6;TUBA1A;VCP;UBE2L3;UBE2D2;PLIN3",-1.3313441993425206,0.1417195988602445,,
"REACTOME_CONVERSION_FROM_APC_C_CDC20_TO_APC_C_CDH1_IN_LATE_ANAPHASE",20,-0.4945437377753078,-1.4845497887648005,0.03881987577639751,0.09795247724974722,"ANAPC11;ANAPC15;CDC20;ANAPC5;ANAPC2;UBE2S;ANAPC7;FZR1",-1.4906789671823386,0.1392903383358247,,
"REACTOME_AMYLOID_FIBER_FORMATION",62,-0.3856400790048832,-1.4380338713956347,0.0395778364116095,0.09963330047934178,"UBA52;UBB;UBE2L6;H2AZ1;CST3;H2AC20;H2AX;APOE;APH1A;TSPAN15;SAA1;UBC;H4C5;GGA1;PSENEN;LYZ;RPS27A;B2M;MFGE8;SIAH2",-1.463532884996207,0.08969430678890533,,
"REACTOME_RESPONSE_OF_MTB_TO_PHAGOCYTOSIS",22,-0.48762158904554204,-1.4908336674374154,0.040061633281972264,0.1006177595160646,"UBA52;UBB;ENO1;CORO1A;TRIM27;VPS33B;UBC;MAPK3;PGK1;RPS27A;GSK3A",-1.6231423226736088,0.07811250687077051,,
"REACTOME_SIGNALING_BY_EGFR",50,0.324392910209635,1.346661348083817,0.04037515388977925,0.10117099762219511,"GAB1;CBL;SOS1;PTPRK;PTPN11;PIK3CA;PTPN3;PIK3R1;ADAM17;EGFR;ARHGEF7;PTPN12;NRAS;EPS15;PAG1;STAM2;AREG;PLCG1;EREG;KRAS;FAM83B;EGF",1.3701246162632341,0.08067134355410008,,
"REACTOME_COOPERATION_OF_PDCL_PHLP1_AND_TRIC_CCT_IN_G_PROTEIN_BETA_FOLDING",31,-0.45512838750873824,-1.4858460100851754,0.040756914119359534,0.10189228529839883,"GNG5;CSNK2B;GNB2;CCT2;CCT7;GNA15;CCT3;CCT5;GNGT2;GNB5;GNB1;CCT4;GNB3;TCP1;CCT8;RGS9;CCT6B",-1.4903420636757447,0.10066101390994317,,
"REACTOME_NUCLEAR_ENVELOPE_NE_REASSEMBLY",67,-0.3797599467848155,-1.436821688790292,0.041005291005291,0.10227756492124308,"SEC13;TUBB4B;RAN;TUBA1B;TUBA4A;LMNA;BANF1;CHMP2A;CHMP6;UBE2I;RCC1;RANGAP1;PPP2R1A;CCNB1;TUBA1C;CCNB2;VPS4A;TUBB3;NUP37;TUBB6;EMD;TUBA1A;NUP62;PPP2CA;NUP85;SEH1L;NUP93",-1.3338568999790115,0.15993554798193516,,
"REACTOME_CYTOSOLIC_TRNA_AMINOACYLATION",24,-0.4855129355904098,-1.5164754430101628,0.042883472981211576,0.10671689950599669,"WARS1;FARSA;HARS1;VARS1;QARS1;AIMP2;MARS1;KARS1;CARS1;EEF1E1;PPA1;SARS1",-1.6165789322478055,0.06959296496953639,,
"REACTOME_DISEASES_OF_PROGRAMMED_CELL_DEATH",68,-0.37447186705370106,-1.4233047650702833,0.04319371727748691,0.10694018788598933,"C1QBP;PRDX2;POLA2;H2AC20;TRADD;H2AX;FADD;PRDX1;CAPNS1;CDK5;LMNA;YWHAE;FASLG;TRAF2;EED;CAPN1;H4C5;H2AZ2;CDKN2A;SOD2;TP53",-1.51623671609343,0.05572797784866668,,
"REACTOME_EPH_EPHRIN_MEDIATED_REPULSION_OF_CELLS",48,-0.3995612743769969,-1.4346743772849109,0.043478260869565216,0.10694018788598933,"AP2S1;ACTB;EPHB6;CLTA;CLTB;AP2M1;APH1A;ACTG1;EFNA1;PSENEN;AP2A2;LYN;AP2A1;EFNA3;CLTCL1;MMP9;EPHA7;EPHB4;TIAM1",-1.3366037600503127,0.18031526336024603,,
"REACTOME_GPCR_LIGAND_BINDING",238,-0.28814353407590576,-1.2799588376837299,0.043478260869565216,0.10694018788598933,"CCL3;CCL3L3;GNG5;NMB;CCL4;CXCL10;GNB2;CX3CL1;CXCL8;CCL5;HCAR2;RAMP1;LPAR2;DRD4;WNT10B;S1PR4;SAA1;P2RY6;CXCL11;CXCL9;CXCR3;CXCL13;S1PR2;WNT7B;CXCL16;ADGRE5;CXCL3;CXCL1;FFAR2;CXCR4;FZD2;GNGT2;GNB5;NMU;C5AR2;FZD9;ADRB1;CXCR6;MC1R;HEBP1;PLPPR2;FPR1;PSAP;PTGER1;ADORA2B;PTAFR;WNT4;CCR10;CHRM1;NPW;CXCL2;FPR2;CXCL5;SSTR5;P2RY11;GNB1;ADM;GPR35;CXCR1;ANXA1;GNB3;ADGRE1;GPR65;CCL2;LPAR5;CD55;CCR5;UCN3;ADORA3;PTGIR;C5AR1;GPR68;RXFP4;GIPR;APLN;FFAR4;CCL13;S1PR5;RAMP3;SUCNR1;HTR1D;GPR132",-1.213366519270026,0.18157735762800414,,
"REACTOME_SIGNALING_BY_RECEPTOR_TYROSINE_KINASES",473,0.19086508338567162,1.1124338245254137,0.043611473316607675,0.10694018788598933,"ROCK2;KIDINS220;GAB1;CBL;SOS1;ITCH;SPRED2;NEDD4;PRKACB;IGF2;PTPRK;BRAF;NCKAP1;PIK3CB;PDE3B;DOCK7;ERBIN;PDPK1;RPS6KA3;WWP1;PIK3R4;USP8;PTPN11;DNM3;PAK2;PIK3CA;EP300;ABI2;PTPN3;RASA1;COL4A5;GRIN2B;HGF;LAMC1;KDR;STAT5B;ITGA2;PIK3R1;TNS3;ROCK1;YAP1;DOCK1;ADAM17;PRKCA;PRKCE;NRG1;EGFR;KL;CREB1;MAPK14;ALKAL2;MEF2A;REST;ITPR1;ITPR2;TAB2;PDGFD;PDGFRA;LAMA2;RICTOR;ARHGEF7;LAMA4;ITGB1;NCOR1;COL9A3;TPH1;ESRP1;FLT1;CUL5;ELMO2;PGR;TCF12;CLTC;NCBP1;PTPN12;NRAS;ALKAL1;KIT;IGF1R;GAB2;RAPGEF1;PTK2;EPS15;TIA1;COL4A1;YWHAB;RBFOX2;FRS2;FGF10;MET;MAPK1;GTF2F2;SHC3;FGFR3;VAV3;MEF2C;IDE;PPP2R1B;ID4;FGF19;PAG1;RANBP10",1.1008886241131106,0.12035199723923733,,
"REACTOME_PHOSPHORYLATED_BMAL1_CLOCK_ARNTL_CLOCK_ACTIVATES_EXPRESSION_OF_CORE_CLOCK_GENES",22,0.4623930216064664,1.5752775739398686,0.043620671275865275,0.10694018788598933,"KMT2A;RORA;CREB1;CLOCK;CREBBP;PER2;CIPC",1.4408601006308357,0.1868684725421023,,
"REACTOME_MOLECULES_ASSOCIATED_WITH_ELASTIC_FIBRES",32,0.3843223490327376,1.4691425264344222,0.043699933239203015,0.10694018788598933,"ITGA8;MFAP3;FBN2;LTBP1;ITGB1;ITGB6;ELN;ITGB3;ITGAV;LTBP2;FBN1;MFAP4;ITGB8;EFEMP1;TGFB2;FBLN5;BMP7;FN1",1.6307079236386417,0.029706282055666763,,
"REACTOME_EPIGENETIC_REGULATION_OF_GENE_EXPRESSION_BY_MLL3_AND_MLL4_COMPLEXES",97,0.2770291810894055,1.332965360323183,0.043737936875489374,0.10694018788598933,"KMT2C;NCOA3;MED13;NCOA2;NCOA6;MED23;MED1;KMT2D;EP300;MED14;NCOA1;H3-3A;KDM6A;ABL1;NCOR1;CREBBP;PLIN4;GPAM;PPARG;PLIN1;MGLL;PDK4;H4C16;RBBP5;PPARGC1B;SIRT1",1.1368889709460774,0.31115047233468285,,
"REACTOME_NOTCH4_INTRACELLULAR_DOMAIN_REGULATES_TRANSCRIPTION",19,0.4778074039004383,1.598230154145158,0.04377227726668232,0.10694018788598933,"EP300;MAML2;MAML3;MAML1;CREBBP;KAT2B",1.8857942156558207,0.016811763489977982,,
"REACTOME_METABOLISM_OF_STEROID_HORMONES",19,-0.5315945469044521,-1.5569212130950632,0.04388915844531069,0.10694018788598933,"TSPO;FDXR;SRD5A3;HSD11B1;FDX1;AKR1B1;HSD17B2;STARD3;SRD5A1;HSD17B14",-1.5450095048557722,0.11125087054426401,,
"REACTOME_AFLATOXIN_ACTIVATION_AND_DETOXIFICATION",15,-0.5690745615402747,-1.5989135123922948,0.043958823776176256,0.10694018788598933,"ACY1;AKR7A2;AKR7A3;MGST3;ACY3;AKR7L;MGST2;MGST1;DPEP2",-1.6488874033008856,0.08252388733003313,,
"REACTOME_INCRETIN_SYNTHESIS_SECRETION_AND_INACTIVATION",15,-0.536033405412059,-1.506078663378,0.044444444444444446,0.10787969177230922,"SEC11C;SPCS1;SPCS2;SEC11A;GNB1;ISL1;GNB3;DPP4;FFAR4",-1.4674130265668102,0.14283833596629802,,
"REACTOME_SEALING_OF_THE_NUCLEAR_ENVELOPE_NE_BY_ESCRT_III",23,-0.5032997243758127,-1.5478165689055217,0.04612059524287356,0.1116983166038344,"TUBB4B;TUBA1B;TUBA4A;CHMP2A;CHMP6;TUBA1C;VPS4A;TUBB3;TUBB6;TUBA1A",-1.4917675202448932,0.11832506148159988,,
"REACTOME_TRANSCRIPTIONAL_REGULATION_OF_WHITE_ADIPOCYTE_DIFFERENTIATION",80,0.28098822168439025,1.3098336765475445,0.046334297948506284,0.11196595383993167,"MED13L;CHD9;NCOA3;MED13;PPARA;NCOA2;NCOA6;MED23;ZNF638;MED1;EP300;CDK19;MED14;NCOA1",1.3594884961233904,0.07171030721167576,,
"REACTOME_ACTIVATION_OF_IRF3_IRF7_MEDIATED_BY_TBK1_IKK_IKBKE",17,-0.5399084439324082,-1.541154026420965,0.04680758869951288,0.11285829719771438,"UBA52;UBB;IRF7;IRF3;CD14;UBC;RPS27A;TICAM1;LY96;IKBKE",-1.4390261855027018,0.150016077170418,,
"REACTOME_CREB1_PHOSPHORYLATION_THROUGH_NMDA_RECEPTOR_MEDIATED_ACTIVATION_OF_RAS_SIGNALING",24,0.41389565299773856,1.4437129671483881,0.04775659955946199,0.1148911541508121,"DLG1;PDPK1;RPS6KA3;GRIN2B;CREB1;RPS6KA6;NRAS;DLG2;RASGRF1;MAPK1",1.3549614362760574,0.17090701188385674,,
"REACTOME_PHOSPHORYLATION_OF_THE_APC_C",20,-0.5113492488926811,-1.5349975370097013,0.048153222405853104,0.1154642719734117,"ANAPC11;ANAPC15;PLK1;ANAPC5;ANAPC2;CCNB1;UBE2S;ANAPC7",-1.540061299375811,0.10375592424930946,,
"REACTOME_PEPTIDE_LIGAND_BINDING_RECEPTORS",104,-0.3363308369241165,-1.3690839654463467,0.048207663782447466,0.1154642719734117,"CCL3;CCL3L3;NMB;CCL4;CXCL10;CX3CL1;CXCL8;CCL5;SAA1;CXCL11;CXCL9;CXCR3;CXCL13;CXCL16;CXCL3;CXCL1;CXCR4;NMU;C5AR2;CXCR6;MC1R;HEBP1;FPR1;PSAP;CCR10;NPW;CXCL2;FPR2;CXCL5;SSTR5;CXCR1;ANXA1;CCL2;CCR5;C5AR1;RXFP4;APLN;CCL13",-1.2625136843986873,0.20104170197381058,,
"REACTOME_NCAM1_INTERACTIONS",31,0.36050522203647384,1.3669131826073306,0.048348614069560765,0.1154993677600993,"COL4A5;CACNB2;COL9A3;NCAM1;CACNA1D;GDNF;COL4A1;GFRA1;CACNA1H;COL6A3;COL4A4;COL4A2;COL9A1;GFRA2;CACNA1C;CACNB4;COL5A1",1.4410337510574212,0.09132350522157905,,
"REACTOME_MATERNAL_TO_ZYGOTIC_TRANSITION_MZT",72,0.2949179556285412,1.3340709661499166,0.048435218738106155,0.1154993677600993,"CNOT1;TET3;TUT7;DICER1;EP300;SRPK1;KDM5A;YAP1;CNOT4;H3-3A;AGO2;TUT4;KDM6A;CNOT6L",1.2796686470373693,0.16089815806828775,,
"REACTOME_MET_ACTIVATES_PTK2_SIGNALING",29,0.40680247569822503,1.5225977724746984,0.04871413025278621,0.11590971781638824,"HGF;LAMC1;ITGA2;LAMA2;LAMA4;ITGB1;PTK2;MET",1.7497415357676294,0.03630357575420009,,
"REACTOME_MITOCHONDRIAL_TRNA_AMINOACYLATION",21,-0.4785166785251752,-1.4489534667651338,0.04961240310077519,0.1177887469679236,"FARS2;SARS2;QARS1;AARS2;PPA2;YARS2;KARS1;PARS2;WARS2;CARS2",-1.6533530943664472,0.06356644253073478,,
"REACTOME_INTEGRIN_CELL_SURFACE_INTERACTIONS",74,0.290409988766531,1.3294765744178392,0.04984936095131218,0.11809291841085963,"ITGA8;CDH1;COL4A5;KDR;ITGA2;ITGA6;COL4A6;ITGA9;ITGB1;COL9A3;HSPG2;ITGB6;COL4A1;ITGA1;JAM3;JAM2;ITGA4;COL8A1;ITGB3;ITGA10;ITGAV;COL6A3;COL4A4;COL4A2;COL9A1;FBN1;MADCAM1;ITGB8",1.6050033716659078,0.016789702398554037,,
"REACTOME_SIGNALING_BY_ERBB4",46,0.3374861919131789,1.3756851684209677,0.050039442321289596,0.11828495624967147,"SOS1;ITCH;NEDD4;WWP1;PIK3CA;PIK3R1;YAP1;ADAM17;NRG1;EGFR;TAB2;NCOR1;PGR;NRAS",1.3535521969881696,0.1253802203206538,,
"REACTOME_DISEASES_ASSOCIATED_WITH_N_GLYCOSYLATION_OF_PROTEINS",20,-0.5076295482933727,-1.5238315261654178,0.05021323407772937,0.11843171974089801,"MPDU1;ALG12;MAN1B1;ALG3;MGAT2;ALG1;ALG14;RFT1;NEU1;ALG2;CTSA;MOGS;DPAGT1",-1.5269137079930513,0.11034544495869755,,
"REACTOME_ATF4_ACTIVATES_GENES_IN_RESPONSE_TO_ENDOPLASMIC_RETICULUM_STRESS",26,-0.4850284656508068,-1.5328470449603622,0.050319836682538234,0.11843171974089801,"EXOSC4;EXOSC7;NFYC;CXCL8;EXOSC3;EXOSC2;EXOSC1;EXOSC5;CEBPB;ATF4",-1.5744973198720822,0.08579749651735295,,
"REACTOME_MRNA_DECAY_BY_3_TO_5_EXORIBONUCLEASE",16,-0.5415091454177821,-1.5353450551877006,0.05048211485767194,0.11855648186271442,"EXOSC4;EXOSC7;EXOSC3;SKIC8;DCPS;EXOSC2;EXOSC1;EXOSC5",-1.574891950409952,0.08579749651735295,,
"REACTOME_MYOGENESIS",21,0.45620550682806615,1.5445803082092855,0.05063279714081765,0.11865353109673252,"SPAG9;MAPK14;MEF2A;ABL1;MAP2K6;TCF4;NEO1;TCF12;MEF2C;BNIP2;MEF2D;BOC;CTNNA1",1.6521818127677028,0.07769539017851533,,
"REACTOME_WNT5A_DEPENDENT_INTERNALIZATION_OF_FZD4",15,-0.5326682138643152,-1.4966235750624854,0.050793650793650794,0.11877394636015326,"AP2S1;CLTA;CLTB;PRKCG;AP2M1;ARRB2;DVL2;AP2A2;AP2A1",-1.5086553134895944,0.10594631541871113,,
"REACTOME_INFLAMMASOMES",21,-0.4765094597370927,-1.4428755874516852,0.05116279069767442,0.11937984496124032,"PYCARD;NFKB2;AIM2;PSTPIP1;CASP1;HMOX1;TXN;NLRP3;RELA;MEFV;NLRC4;HSP90AB1",-1.287291680029318,0.2742827250815327,,
"REACTOME_DECTIN_2_FAMILY",17,-0.5171406622867725,-1.476164010520718,0.05161290322580645,0.11993555981710283,"MUC6;MUC5AC;MUC1;FCER1G;LYN;CLEC4E;MUC5B",-1.228187499080199,0.3546979980385364,,
"REACTOME_PROTEIN_METHYLATION",17,-0.5371281373903152,-1.533217716718486,0.05162203358026453,0.11993555981710283,"ETFB;RPS2;EEF2;EEF1A1;EEF2KMT;HSPA8;VCP",-1.5695644574401868,0.10478152494231127,,
"REACTOME_FCERI_MEDIATED_CA_2_MOBILIZATION",73,0.29644936431509766,1.3542865190756435,0.05197057551592132,0.12048733853584323,"SOS1;NFATC2;ITPR1;ITPR2;NFATC3;MS4A2;VAV3;IGHV2-5;SYK;IGKV1D-16;FCER1A;IGHV3-7;IGHV3-13;IGHV4-39;PLCG1;IGHV3-11;TXK;ITPR3;IGKV2-30;IGKV3D-20;VAV2;IGLV1-40;IGHV1-2;SHC1;IGLV2-11;IGHV3-48;IGKV3-11;GRB2;IGLV3-19;IGHV1-46;IGLV3-27;IGLV3-25;IGLV7-43;IGHV4-34;IGKV1-17;AHCYL1",1.0821757716249492,0.4354532439604411,,
"REACTOME_TELOMERE_EXTENSION_BY_TELOMERASE",22,-0.4691886277445842,-1.4344775094751963,0.05238828967642527,0.12119678954993904,"WRAP53;RUVBL2;NOP10;NHP2;ACD;RUVBL1;PIF1;TINF2;GAR1;TERT;CCNA2",-1.3993672543506213,0.14440874592975025,,
"REACTOME_TRANSLESION_SYNTHESIS_BY_POLK",17,-0.5356495692913529,-1.528997184136227,0.05269191080995371,0.12160833629548505,"UBA52;MAD2L2;UBB;RFC2;PCNA;UBC;RPA1;RFC5;RPA3;RPS27A;RPA2",-1.5026948707647012,0.1026101759031587,,
"REACTOME_PYROPTOSIS",25,-0.46129488612352976,-1.4485042778663586,0.05279034690799397,0.12160833629548505,"GSDMD;IRF1;BAK1;CHMP2A;CHMP6;IL1B;TP53;BAX;CASP1;CASP4;IL1A",-1.4975159679118717,0.09767633504264034,,
"REACTOME_IRE1ALPHA_ACTIVATES_CHAPERONES",47,-0.3934679829458443,-1.4024950277880204,0.0534045393858478,0.122762553461112,"MYDGF;YIF1A;KLHDC3;CXXC1;ATP6V0D1;LMNA;SRPRB;ZBTB17;SERP1;PREB;KDELR3;PDIA5;XBP1;GSK3A;ACADVL;DNAJB11;HSPA5;SSR1;ARFGAP1;PDIA6;PPP2R5B;TPP1;DDX11;DNAJB9",-1.3172146105098372,0.20128411380204936,,
"REACTOME_RECYCLING_PATHWAY_OF_L1",38,-0.41834121712329464,-1.4088111157652694,0.05413105413105413,0.12414049070167213,"AP2S1;TUBB4B;ACTB;CLTA;TUBA1B;AP2M1;TUBA4A;ACTG1;TUBA1C;RPS6KA4;TUBB3;TUBB6;TUBA1A;AP2A2;AP2A1;EZR;RPS6KA1;TUBB2A",-1.2897499379910802,0.23341757252648343,,
"REACTOME_POST_TRANSLATIONAL_MODIFICATION_SYNTHESIS_OF_GPI_ANCHORED_PROTEINS",67,-0.36538758973306684,-1.382443878529296,0.05423280423280423,0.12414049070167213,"DPM3;LY6E;ULBP2;DPM2;RTN4RL2;GPAA1;VNN2;ALPG;PIGQ;LYPD5;CD52;BST1;VNN1;PIGH;PLAUR;CD109;FOLR2;RAET1L;MELTF;LYPD3;PIGC;NRN1;FCGR3B;ALPI;ALPL;LYPD6B;PIGS;ART3;PIGL;PIGT;LY6G6D;MSLN;NTNG2;LY6G6C;THY1",-1.346995243028427,0.15345784827281167,,
"REACTOME_SIGNALING_BY_FLT3_ITD_AND_TKD_MUTANTS",15,0.5221360625448437,1.6081253005078544,0.05483205238477784,0.12524795123680832,"SOS1;PTPN11;PIK3CA;STAT5B;PIK3R1;NRAS;GAB2",1.5897410819712667,0.08969430678890533,,
"REACTOME_TRANSLATION_OF_SARS_COV_2_STRUCTURAL_PROTEINS",60,-0.3734289876682018,-1.3879446621947031,0.05533596837944664,0.12613345733550335,"UBA52;TMEM258;RPN1;UBB;PRMT1;OST4;DDOST;MGAT1;DAD1;MAN1B1;ST6GALNAC4;UBE2I;MGAT2;PARP10;UBC;OSTC",-1.4705830091144017,0.09368591473286562,,
"REACTOME_RHOH_GTPASE_CYCLE",36,0.34795350795596475,1.3544190231534843,0.055996294553876204,0.1273710263961335,"ROCK2;OSBPL11;MTR;PAK2;ROCK1;RALGAPA1;UACA;WDR11;SLC4A7",1.47362976393728,0.09349119689373957,,
"REACTOME_NUCLEOTIDE_CATABOLISM",29,-0.47207053265902327,-1.5320149310775006,0.056317409328611824,0.1277045816120054,"DNPH1;TYMP;NT5C;NUDT1;PNP;UPP1;NUDT18;ITPA;ADPRM;NT5M;ENTPD6",-1.5709869982318105,0.09368184772344124,,
"REACTOME_O_GLYCOSYLATION_OF_TSR_DOMAIN_CONTAINING_PROTEINS",34,0.35328093570805436,1.3665910428806074,0.05637833602963188,0.1277045816120054,"SEMA5A;THSD4;ADAMTSL3;THSD7A;ADAMTSL1;ADAMTS8;ADAMTS9;ADAMTS1;ADAMTS3;ADAMTS6;SEMA5B;ADAMTS12;ADAMTS16;ADAMTSL2;ADAMTS5;THBS1",1.5552919346594556,0.03865044242104991,,
"REACTOME_MAPK1_MAPK3_SIGNALING",236,-0.2835320416076783,-1.258432650398831,0.05664488017429194,0.12804103122730573,"PSMB6;PSMA6;PSMB4;UBA52;PSMB3;HRAS;PSMC3;PSMB5;UBB;PSMB1;RBX1;WDR83;PSMD8;PSMB7;PSMD13;FNTB;NRTN;PSMC5;ACTB;PSMA5;MAPK12;LAMTOR2;PSMC4;PSMA1;PHB1;PSMB2;ARL2;ABHD17A;PPP5C;ADRM1;PSMC2;ARRB2;CSK;PSMD2;CSF2;ACTG1;PSMD14;PPP2R1A;RCE1;PSMA7;PSMA3;DUSP4;MAP2K2;UBC;PDE6D;MAPK3;PEBP1;IL6;PSMD3;SPTBN4;DUSP2;PSMA4",-1.2102633248770172,0.18573424083482834,,
"REACTOME_RSV_HOST_INTERACTIONS",82,-0.34762280917919236,-1.3548269913812017,0.05699481865284974,0.12856419592170887,"MED11;UBA52;MED8;UBB;ELOB;RBX1;MED27;UBE2L6;MED19;ISG15;MED31;MED10;IFNAR2;MED16;IRF3;CD14;UBC;ELOC;MED26;MED9;BCAP31;MED18;MED15;RPS27A;TYK2",-1.322791638835432,0.1492117117117117,,
"REACTOME_CONSTITUTIVE_SIGNALING_BY_EGFRVIII",15,0.5172099583327425,1.5929534068489333,0.057506729091341253,0.1294497947388076,"GAB1;CBL;SOS1;PIK3CA;PIK3R1;EGFR",1.604141762597098,0.08579749651735295,,
"REACTOME_INFECTION_WITH_MYCOBACTERIUM_TUBERCULOSIS",26,-0.4802921594978905,-1.51787878349805,0.058136281280870374,0.13059599418166534,"UBA52;UBB;ENO1;CORO1A;TRIM27;VPS33B;UBC;MAPK3;PGK1;RPS27A;B2M;GSK3A",-1.6017884164220977,0.06567326859245216,,
"REACTOME_ANTIGEN_PRESENTATION_FOLDING_ASSEMBLY_AND_PEPTIDE_LOADING_OF_CLASS_I_MHC",29,-0.44525508812787906,-1.444990517217577,0.05891016200294551,0.13196455461600834,"SEC13;CALR;HLA-G;TAPBP;TAP1;HLA-C;HLA-F;HLA-A;HLA-E;BCAP31;HLA-B;B2M;SAR1B",-1.3676081266513866,0.18940385790346512,,
"REACTOME_ACTIVATION_OF_ATR_IN_RESPONSE_TO_REPLICATION_STRESS",37,-0.41783408182445186,-1.409812385632703,0.05898876404494382,0.13196455461600834,"MCM5;CDC45;RFC2;MCM7;ATRIP;RAD9A;RPA1;RFC5;MCM2;RPA3;ORC1;RPA2;MCM3;RFC4;MCM4;CDC25C;ORC5;ORC6;RAD1;MCM6",-1.554720861675489,0.060540284092896225,,
"REACTOME_GLUCOSE_METABOLISM",73,-0.3528206900852885,-1.3522279658424006,0.060209424083769635,0.13441815870553508,"SEC13;ALDOA;GAPDH;TPI1;PKM;ENO1;AAAS;PFKP;ALDOC;ENO2;GPI;G6PC3;PPP2R1A;PFKL;PGAM1;HK3;PGK1;NUP37;PCK2;NUP62;PPP2CA;NUP85;FBP1;SEH1L;SLC37A4;PFKFB4;NUP93;HK1;ADPGK;NUP188;ENO3",-1.3676121406946937,0.12244364316974485,,
"REACTOME_PKA_MEDIATED_PHOSPHORYLATION_OF_CREB",18,0.4549081799044611,1.501665368481796,0.061142718261713164,0.13622145649683529,"PRKAR2A;PRKACB;CREB1;PRKAR1A;ADCY6;NBEA;ADCY5",1.4586416902862582,0.12954926031272357,,
"REACTOME_METABOLISM_OF_PORPHYRINS",23,-0.48257926215389185,-1.4840941522436712,0.06308173193289836,0.1402522646315259,"UROD;BLVRB;HMBS;HMOX2;PPOX;FECH;UROS;BLVRA;HMOX1;COX15;GSTA1;SLCO1B3;ALAS1;CPOX",-1.4698777337870288,0.095699660311831,,
"REACTOME_RECOGNITION_AND_ASSOCIATION_OF_DNA_GLYCOSYLASE_WITH_SITE_CONTAINING_AN_AFFECTED_PURINE",29,-0.4412088128276457,-1.431859102002374,0.06332842415316642,0.1402522646315259,"H2AC20;MPG;H2AX;ACD;H4C5;H2AZ2;TINF2;H2AJ;H2AC8;OGG1;H2BC12;H2BC11;H2BC4;H2BC26;H4C8;H2BC5;H4C9;H2BC21;NEIL3",-1.4382334754112052,0.12954926031272357,,
"REACTOME_INHIBITION_OF_THE_PROTEOLYTIC_ACTIVITY_OF_APC_C_REQUIRED_FOR_THE_ONSET_OF_ANAPHASE_BY_MITOTIC_SPINDLE_CHECKPOINT_COMPONENTS",21,-0.49402272969178246,-1.4959059505593033,0.0633397324142375,0.1402522646315259,"ANAPC11;ANAPC15;CDC20;ANAPC5;ANAPC2;BUB3;UBE2S;ANAPC7",-1.4732447955326522,0.10464891975308642,,
"REACTOME_TP53_REGULATES_TRANSCRIPTION_OF_DNA_REPAIR_GENES",59,-0.36985515317156437,-1.3659430853988068,0.06408544726301736,0.1416144812227573,"POLR2I;POLR2L;POLR2F;POLR2G;ELOB;NELFE;POLR2H;POLR2E;NELFB;CDK9;POLR2J;ERCC2;ELOC;NELFA;GTF2F1;DDB2;POLR2C;GTF2H5;CTDP1;TP53",-1.3338967150582257,0.17219749242361262,,
"REACTOME_METALLOPROTEASE_DUBS",25,-0.4450111327651897,-1.3973719390765464,0.06636500754147813,0.1463537259806987,"BABAM1;UBA52;UBB;H2AC25;H2AC20;PSMD14;UBC",-1.3408258557698947,0.19881725803764783,,
"REACTOME_FORMATION_OF_INCISION_COMPLEX_IN_GG_NER",42,-0.3982357759986472,-1.3734292662213838,0.06963788300835655,0.1532598439433405,"UBA52;UBB;RBX1;SUMO3;UBE2I;ERCC2;UBC;ERCC1;RPA1;RPA3;DDB2;RPS27A;RPA2;GTF2H5;PARP2;RAD23A",-1.4114231044015324,0.1253802203206538,,
"REACTOME_COPI_INDEPENDENT_GOLGI_TO_ER_RETROGRADE_TRAFFIC",43,-0.39350429522642405,-1.3639275953349752,0.07093184979137691,0.15579161340818612,"DCTN3;DYNLL1;PAFAH1B3;DCTN2;TUBB4B;TUBA1B;TUBA4A;TUBA1C;ACTR1A;TUBB3;CAPZB;TUBB6;TUBA1A",-1.2297505902133534,0.30050031269543465,,
"REACTOME_REGULATION_OF_LIPID_METABOLISM_BY_PPARALPHA",108,0.2548904575137477,1.2625268346647023,0.07126846748688598,0.15621472166317432,"MED13L;CHD9;NCOA3;MED13;PPARA;NCOA2;NCOA6;MED23;MED1;EP300;CDK19;MED14;ACOX1;RORA;NCOA1;SP1;CLOCK;MTF1;NCOR1;ABCB4;CREBBP;PPARG;FAM120B",1.2877970929630769,0.1094710721319619,,
"REACTOME_RNA_POLYMERASE_I_TRANSCRIPTION_TERMINATION",30,-0.4371051956431172,-1.4258876463029084,0.07142857142857142,0.15625,"POLR2L;POLR2F;POLR1H;POLR1C;POLR2H;POLR2E",-1.4476929698232328,0.13337070971146237,,
"REACTOME_CLASS_I_PEROXISOMAL_MEMBRANE_PROTEIN_IMPORT",20,-0.46889534013294615,-1.4075569559904761,0.07298136645962733,0.15932551832735545,"FIS1;PXMP2;PEX14;PEX16;SLC25A17;ABCD1",-1.4147053176582116,0.14938777298315553,,
"REACTOME_TP53_REGULATES_TRANSCRIPTION_OF_CELL_DEATH_GENES",42,-0.3962884320516257,-1.3667132971160683,0.07381615598885793,0.16082435591949973,"PRELID1;BID;RABGGTA;TMEM219;BIRC5;TRIAP1;AIFM2;PIDD1;TP73;PMAIP1;CRADD;TP53;FAS;BAX;TP53I3;CASP1;BBC3;BNIP3L",-1.3309140962201877,0.19881353214686548,,
"REACTOME_ACTIVATION_OF_GENE_EXPRESSION_BY_SREBF_SREBP",42,0.3348867706743518,1.3566258630990604,0.07532571557034841,0.16378437153071748,"CHD9;PPARA;NCOA2;NCOA6;MED1;NCOA1;SP1;MTF1;CREBBP;GPAM;ACACA;NFYA;HMGCR;ACACB;SQLE;HMGCS1;TGS1",1.3335717486891878,0.16857896698760014,,
"REACTOME_ASPIRIN_ADME",18,0.42758919874652807,1.4114846029574424,0.07692307692307693,0.16692307692307692,"UGT2A3;CES1;UGT1A8;ABCC2;UGT2B7;UGT1A1;ABCC3;GLYATL1",1.0717006744573572,0.47519143285015963,,
"REACTOME_EVASION_BY_RSV_OF_HOST_INTERFERON_RESPONSES",21,-0.4618490587797278,-1.398483741263981,0.07751937984496124,0.1678812916802055,"UBA52;UBB;ELOB;RBX1;IFNAR2;IRF3;UBC;ELOC;RPS27A;TYK2",-1.39492198712309,0.16485235235235238,,
"REACTOME_PURINERGIC_SIGNALING_IN_LEISHMANIASIS_INFECTION",25,-0.4378052483050838,-1.374744863034175,0.0784313725490196,0.16910637024476002,"PYCARD;GSDMD;NFKB2;PSTPIP1;IL1B;P2RX4;CASP1;HMOX1;IL1A;TXN;NLRP3;C3AR1;RELA;NT5E;MEFV;HSP90AB1;C3",-1.317117890523606,0.21689155422288856,,
"REACTOME_PINK1_PRKN_MEDIATED_MITOPHAGY",31,-0.4330441831200791,-1.4137482726612165,0.07860262008733625,0.16910637024476002,"UBA52;UBB;TOMM5;TOMM22;TOMM7;TOMM40;UBC;RPS27A;UBE2L3;UBE2D2;VDAC3",-1.5350108549574562,0.07608550944760711,,
"REACTOME_TRANSPORT_OF_VITAMINS_NUCLEOSIDES_AND_RELATED_MOLECULES",28,-0.4301531421101533,-1.384337103815959,0.0787518573551263,0.16910637024476002,"SLC25A5;ARL2;SLC25A6;SLC25A4;ARL2BP;SLC27A4;PDZD11;SLC35C1;SLC35B2;SLC29A2;SLC35A1;SLC27A1;SLC35D2;SLC35A2",-1.515794643520093,0.10675126822340951,,
"REACTOME_TIE2_SIGNALING",16,0.45828062754487103,1.4401367046615008,0.07880434782608696,0.16910637024476002,"SOS1;PIK3CB;PTPN11;PIK3CA;PIK3R1;NRAS;TEK",1.607701203702298,0.07423523884541174,,
"REACTOME_THE_NLRP3_INFLAMMASOME",16,-0.5097257177909774,-1.44522925777844,0.07886435331230283,0.16910637024476002,"PYCARD;NFKB2;PSTPIP1;CASP1;HMOX1;TXN;NLRP3;RELA;MEFV;HSP90AB1",-1.3384643651467876,0.2498754773368753,,
"REACTOME_LATE_SARS_COV_2_INFECTION_EVENTS",71,-0.34079848963181203,-1.3061511625639375,0.07942708333333333,0.16997709155161078,"UBA52;TMEM258;RPN1;UBB;PRMT1;OST4;DDOST;MGAT1;DAD1;MAN1B1;ST6GALNAC4;UBE2I;MGAT2;PARP10;UBC;OSTC;EDEM2;RPS27A;ANO8;PRKCSH;GSK3A;ANO1;FUT8",-1.3250644513860785,0.1526576341844711,,
"REACTOME_METABOLISM_OF_FOLATE_AND_PTERINES",16,-0.5086224123198142,-1.442101047269262,0.0804416403785489,0.1718094090762314,"MTHFS;FPGS;SHMT2;SHMT1;FOLR2;SLC19A1;MTHFD2",-1.5416749658780635,0.10066101390994317,,
"REACTOME_ABERRANT_REGULATION_OF_MITOTIC_EXIT_IN_CANCER_DUE_TO_RB1_DEFECTS",20,-0.4655000590884026,-1.3973648063938626,0.08074534161490683,0.17211924489621594,"ANAPC11;ANAPC15;ANAPC5;ANAPC2;UBE2S;ANAPC7;FZR1",-1.3985965512635241,0.15850358976544027,,
"REACTOME_TNFS_BIND_THEIR_PHYSIOLOGICAL_RECEPTORS",25,-0.43418630931810603,-1.3633810938668514,0.08144796380090498,0.1732765504391802,"CD70;TNFSF9;TNFRSF18;TNFRSF14;TNFRSF4;FASLG;TNFSF13B;TNFRSF9;TNFRSF1A;TNFSF14;TNFRSF11B;LTA;TNFRSF8",-1.2944536648683875,0.23197468167324786,,
"REACTOME_NEGATIVE_REGULATION_OF_THE_PI3K_AKT_NETWORK",100,0.2613527677750924,1.2647655551532737,0.0819513753731768,0.1740063449704439,"GAB1;STRN;PIK3CB;PTPN11;PIK3CA;HGF;PIK3R1;PHLPP2;NRG1;EGFR;KL;PDGFRA;KIT;GAB2;FRS2;FGF10;MET;TRAF6;MAPK1;FGFR3;PPP2R1B;FGF19",1.354477356634653,0.10478152494231127,,
"REACTOME_MTOR_SIGNALLING",40,-0.3933625958041755,-1.3459853249064742,0.08356545961002786,0.17707058343533252,"LAMTOR5;MLST8;LAMTOR4;LAMTOR1;EIF4EBP1;LAMTOR2;PRKAG1;RPS6;AKT1;AKT1S1;STK11;RRAGC",-1.3933974826628808,0.13341740731844023,,
"REACTOME_BRANCHED_CHAIN_AMINO_ACID_CATABOLISM",21,-0.4575936550620292,-1.3855983346607077,0.08372093023255814,0.17707058343533252,"BCKDK;BCKDHA;ECHS1;HSD17B10;BCAT2",-1.3791193990135495,0.1757462774479314,,
"REACTOME_REGULATION_OF_PTEN_GENE_TRANSCRIPTION",60,-0.354699635700916,-1.3183322192730051,0.08563899868247694,0.18077492912546203,"LAMTOR5;MLST8;LAMTOR4;LAMTOR1;MAF1;LAMTOR2;HDAC3;RING1;MBD3;EED;MAPK3;MTA2;CBX8;RRAGC;MTA1;TP53;RRAGA;PHC2;CHD4",-1.2493179799579777,0.2666284403669725,,
"REACTOME_RHO_GTPASES_ACTIVATE_FORMINS",129,-0.3011851115312356,-1.2572531735443824,0.0861244019138756,0.18144655548845637,"PFN1;PMF1;CENPM;B9D2;SEC13;DYNLL1;AURKB;TUBB4B;ACTB;CDC20;PLK1;TUBA1B;SPC24;TUBA4A;RHOC;NUDC;RHOD;ACTG1;BUB3;RANGAP1;PPP2R1A;BIRC5;CDCA8;TUBA1C;CENPT;DVL1;TUBB3;NUP37;DVL2;TUBB6;KIF2C;TUBA1A;PPP2CA;RHOA;CENPS;NUP85;FMNL1;SEH1L;SKA1;CENPN",-1.1906487508399333,0.27928092554604544,,
"REACTOME_SIGNALING_BY_FGFR1",43,0.3248750148893218,1.3271384542890259,0.08833922261484099,0.1857520475525242,"GAB1;CBL;SOS1;SPRED2;BRAF;PTPN11;PIK3CA;PIK3R1;KL",1.3165183230543618,0.19872873307464795,,
"REACTOME_PERK_REGULATES_GENE_EXPRESSION",31,-0.4260560873072148,-1.390934414930934,0.08879184861717612,0.1863426610244412,"EXOSC4;EXOSC7;NFYC;CXCL8;EXOSC3;EXOSC2;EXOSC1;EXOSC5;CEBPB;ATF4;EXOSC9;DDIT3;HSPA5;CCL2;EIF2S1",-1.4346133025506893,0.1502197916306116,,
"REACTOME_REGULATION_OF_NF_KAPPA_B_SIGNALING",18,-0.48634176060727485,-1.4010455226888319,0.0896,0.1876756756756757,"UBA52;UBB;TRAF2;USP18;UBC;RPS27A;TP53;NLRX1;NLRC5;LRRC14;IKBIP",-1.3321170929649206,0.2251344468068173,,
"REACTOME_TRNA_PROCESSING_IN_THE_NUCLEUS",58,-0.35993455476633085,-1.3305257821886953,0.09006622516556291,0.1882887366177953,"POP5;SEC13;POP7;RAN;ELAC2;RPP21;AAAS;RTCB;CPSF4;RPP38;TSEN34;POP4;CLP1;RPP25;NUP37;RTRAF;NUP62;NUP85;TSEN54;CPSF1;SEH1L;ZBTB8OS;NUP93",-1.2598800439470188,0.24058738347361752,,
"REACTOME_BUTYRATE_RESPONSE_FACTOR_1_BRF1_BINDS_AND_DESTABILIZES_MRNA",17,-0.4911754242107225,-1.4020469418628827,0.09032258064516129,0.18846153846153846,"EXOSC4;EXOSC7;EXOSC3;EXOSC2;EXOSC1;AKT1;EXOSC5",-1.4126653749569567,0.17609860664523044,,
"REACTOME_OTHER_SEMAPHORIN_INTERACTIONS",18,0.42047316859298606,1.3879943767652239,0.09283819628647215,0.1933386621320965,"SEMA5A;PLXNA4;ITGB1;SEMA6D;PLXNA2;ITGA1",1.5916594258052683,0.07608550944760711,,
"REACTOME_REGULATION_OF_BETA_CELL_DEVELOPMENT",26,0.38408541809757046,1.3876201677752422,0.09312515083894715,0.1935647292342101,"EP300;MAML2;MAML3;MAML1;CREBBP;KAT2B;FGF10;HNF4A;HNF4G",1.4182481238807412,0.17181827616291687,,
"REACTOME_ACTIVATION_OF_AMPK_DOWNSTREAM_OF_NMDARS",19,-0.4695333777752016,-1.3751579664826452,0.09508716323296355,0.19699467485544678,"TUBB4B;TUBA1B;PRKAG1;TUBA4A;TUBA1C;TUBB3;TUBB6;TUBA1A;CALM1;TUBB2A",-1.291246852871457,0.2899376045869061,,
"REACTOME_FACTORS_INVOLVED_IN_MEGAKARYOCYTE_DEVELOPMENT_AND_PLATELET_PRODUCTION",125,0.23240871133156357,1.1824802092756044,0.0951384420500038,0.19699467485544678,"JMJD1C;KIF3B;PRKAR2A;PRKACB;DOCK7;KIF5B;KIF13B;RBSN;DOCK1;H3-3A;KIF2A;DOCK9;KIF21A;KIF16B;RAB5A;KIF1B;KIF3A;ABL1;PRKAR1A;KIF27;PHF21A;CBX5;KIF20B;MFN1;DOCK11;CENPE;WEE1;KIF21B;AK3;KIF15;KIF5A",1.0119698216884045,0.5777289038083112,,
"REACTOME_IKK_COMPLEX_RECRUITMENT_MEDIATED_BY_RIP1",22,-0.4352060941456702,-1.330580745401954,0.09553158705701079,0.19743194658448898,"UBA52;UBB;CD14;UBC;RPS27A;TICAM1;UBE2D2;LY96;BIRC3;UBE2N;RIPK3;UBE2D3",-1.1805335373463908,0.3981073085713849,,
"REACTOME_FORMATION_OF_THE_CORNIFIED_ENVELOPE",42,-0.3843486093447823,-1.3255354247916866,0.09749303621169916,0.20076471919318276,"KRT7;PI3;KRT16;CAPNS1;TGM1;KRT10;KRT17;KRT18;CAPN1;KRT8;KRT19;KRT6A;PKP3;KRT86;KRT15;KRT6B;ST14;KLK12",-1.4169183629059572,0.12297726163074563,,
"REACTOME_INTRA_GOLGI_TRAFFIC",42,0.32372702765835,1.3114177589671443,0.09751429217954592,0.20076471919318276,"RAB30;COG5;TRIP11;MAN1A2;STX16;GOLIM4;VTI1A;GOSR1;MAN2A1;RIC1;CUX1;COG3;COG6;RGP1;MAN1C1;COG2;MAN2A2;CYTH3;MAN1A1;NAPB",1.2588402080550207,0.2674893301169048,,
"REACTOME_TRANSCRIPTIONAL_REGULATION_BY_NPAS4",30,0.3440925949076268,1.2980184232169094,0.0981012658227848,0.20159066935174527,"TNRC6A;AGO2;REST;XPO1;AGO4;TNRC6C;CREBBP;AGO3;MAPK1;ARNT;TNRC6B",1.454890249049889,0.12954926031272357,,
"REACTOME_CASPASE_ACTIVATION_VIA_EXTRINSIC_APOPTOTIC_SIGNALLING_PATHWAY",24,-0.43125644349999737,-1.34700799560028,0.09865470852017937,0.20200350126434546,"TRADD;FADD;FASLG;DAPK3;CD14;TRAF2;TICAM1;FAS;DAPK1;LY96;UNC5A",-1.1305809834345681,0.43239553656220325,,
"REACTOME_TRANSLATION_OF_SARS_COV_1_STRUCTURAL_PROTEINS",29,-0.4174960867632462,-1.3549039695085385,0.09867452135493372,0.20200350126434546,"UBA52;UBB;MGAT1;ST6GALNAC4;UBE2I;PARP10;UBC;RPS27A;PRKCSH;GSK3A;ST6GALNAC2;PARP9;MOGS",-1.3765357179949824,0.18291435899136624,,
"REACTOME_INTERLEUKIN_RECEPTOR_SHC_SIGNALING",22,0.41681051593933094,1.4199873866183623,0.09906875101043354,0.20242861552979355,"SOS1;PIK3CB;JAK1;PIK3CA;PIK3R1",1.4954278761279227,0.1526576341844711,,
"REACTOME_KERATINIZATION",44,-0.3761470778151659,-1.3128827124932076,0.10027472527472528,0.20416521387814285,"KRT7;PI3;KRT16;CAPNS1;TGM1;KRT10;KRT17;KRT18;CAPN1;KRT8;KRT19;KRT6A;PKP3;KRT86;KRT15;KRT6B;ST14;KLK12;PKP1;KRTAP5-1;FURIN;DSG3;PRSS8",-1.385257985969254,0.14431549895254883,,
"REACTOME_EGR2_AND_SOX10_MEDIATED_INITIATION_OF_SCHWANN_CELL_MYELINATION",25,0.375885403350495,1.3463156868693218,0.10029498525073746,0.20416521387814285,"TEAD1;LAMC1;YAP1;LAMA2;UTRN;HMGCR;LAMB1;HDAC2",1.5025717428360459,0.10219570792556658,,
"REACTOME_HCMV_INFECTION",113,-0.30887890476250424,-1.2708914474707487,0.10097323600973236,0.20516097578756481,"SEC13;DYNLL1;H2AC25;TUBB4B;H2AC20;GPS2;VPS28;SNF8;TUBA1B;AAAS;TUBA4A;CEBPD;CHMP2A;CHMP6;TRIM28;HDAC3;VPS37B;MVB12A;PML;TUBA1C;VPS25;EED;DAXX;VPS4A;H4C5;CHMP1A;TUBB3;NUP37;TUBB6;TUBA1A;NUP62;NUP85;VPS37D;SEH1L;NUP93;VPS37C;TSG101;NUP188",-1.233814242936454,0.23887253421900162,,
"REACTOME_INTERLEUKIN_2_FAMILY_SIGNALING",36,0.3284445272030103,1.2784797552628997,0.10211267605633803,0.20671407240773879,"SOS1;SOS2;PIK3CB;JAK1;PIK3CA;STAT5B;PIK3R1",1.369226008308491,0.16013236468145237,,
"REACTOME_SIGNALING_BY_VEGF",102,0.24453795615542784,1.1980023949734822,0.102118656968247,0.20671407240773879,"ROCK2;PRKACB;NCKAP1;PIK3CB;PDPK1;PAK2;PIK3CA;ABI2;RASA1;KDR;PIK3R1;ROCK1;DOCK1;PRKCA;MAPK14;ITPR1;ITPR2;RICTOR",1.2485238886475054,0.15345784827281167,,
"REACTOME_SIGNALING_BY_FGFR2_IN_DISEASE",33,-0.40399514985731244,-1.3393987128253773,0.10241820768136557,0.20693436747538482,"POLR2I;POLR2L;HRAS;POLR2F;POLR2G;POLR2H;POLR2E;POLR2J",-1.3063965730025868,0.23341757252648343,,
"REACTOME_PYRUVATE_METABOLISM",44,-0.3738806009183779,-1.3049719283570076,0.10302197802197802,0.20776737203317128,"UBA52;UBB;PKM;HAGH;MAEA;GSTZ1;PGAM5;MPC1;LDHA;UBC;RMND5B;FAHD1;PDHB;RPS27A;SIRT4;LDHB",-1.4173556276300514,0.1227332846054784,,
"REACTOME_REGULATION_OF_MECP2_EXPRESSION_AND_ACTIVITY",28,0.36558298837782743,1.3426883950366875,0.1033434650455927,0.20802905301385546,"TNRC6A;CREB1;AGO2;LBR;MECP2;AGO4;HIPK2;NCOR1;TNRC6C;AGO3",1.4581425809764463,0.10535358803049814,,
"REACTOME_RUNX2_REGULATES_OSTEOBLAST_DIFFERENTIATION",21,0.4069234455444728,1.3777254582188632,0.10364145658263306,0.20824255628177196,"YAP1;SATB2;ABL1;AR;MAPK1;ZNF521;RUNX2;RB1;YES1",1.4911591743420844,0.14995508257895102,,
"REACTOME_INWARDLY_RECTIFYING_K_CHANNELS",23,-0.43295220971241444,-1.3314742116503688,0.10486322188449848,0.21030794037833797,"GNG5;GNB2;GNGT2;GNB5;GNB1;GNB3;KCNJ8;KCNJ10;KCNJ15;KCNJ14;KCNJ5;KCNJ11;KCNJ2",-1.1688451855214097,0.3869309334319756,,
"REACTOME_DEPOSITION_OF_NEW_CENPA_CONTAINING_NUCLEOSOMES_AT_THE_CENTROMERE",47,-0.36579112305338374,-1.3038423798817123,0.1054739652870494,0.2111425319860675,"CENPM;CENPX;H2AC20;H2AX;CENPW;CENPT;RUVBL1;H4C5;H2AZ2;OIP5;CENPS;CENPN;MIS18A;H2AJ;CENPH;CENPO;RBBP4;CENPA;CENPU;HJURP;H2AC8;CENPL;H2BC12;H2BC11;H2BC4;H2BC26;ITGB3BP;H4C8;H2BC5;H4C9;NPM1",-1.300078752787198,0.21482554629964987,,
"REACTOME_CASPASE_ACTIVATION_VIA_DEATH_RECEPTORS_IN_THE_PRESENCE_OF_LIGAND",15,-0.4993539461942919,-1.4030213718839057,0.10634920634920635,0.21250255780642519,"TRADD;FADD;FASLG;CD14;TRAF2;TICAM1;FAS;LY96",-1.1931088002238215,0.3755094256997761,,
"REACTOME_INTERLEUKIN_7_SIGNALING",23,0.3866424480654852,1.3359345381182006,0.10755813953488372,0.21432862568603692,"JAK1;HGF;STAT5B;PIK3R1;BRWD1",1.2700727810981736,0.2674893301169048,,
"REACTOME_G_ALPHA_I_SIGNALLING_EVENTS",196,-0.2778432367845184,-1.2158529441553627,0.1076581576026637,0.21432862568603692,"PPP1CA;GNG5;CCL4;CXCL10;GNB2;CX3CL1;CXCL8;CCL5;RGS14;CCL4L2;PRKCG;HCAR2;CDK5;LPAR2;DRD4;S1PR4;SAA1;PPP2R1A;CXCL11;CXCL9;GNAI2;CXCR3;CXCL13;S1PR2;CXCL16;GNA15;CXCL3;CXCL1;RGS10;CXCR4;RGS19;GNGT2;GNB5;NMU;CXCR6;HEBP1;PRKAR2B;PPP2CA;FPR1;PSAP;GRK2;PRKAR1B;CCR10;NPW;RGS3;CXCL2;FPR2;CXCL5;SSTR5;GNB1;CAMKK1;CXCR1;PLCB3;CALM1;ANXA1;GNB3;LPAR5;GPSM3;CCR5;ADORA3;C5AR1;RXFP4;APLN;PLA2G4A;PPP1R1B;CCL13;S1PR5;SUCNR1;HTR1D",-1.2063921862474154,0.22936197941919143,,
"REACTOME_SIGNALING_BY_ALK_IN_CANCER",87,0.2638313639964254,1.2495363991914161,0.10831435469631759,0.21524006381960548,"BIRC6;STRN;GCC2;EML4;PIK3CB;KIF5B;RANBP2;PIK3CA;TPR;PIK3R1;AGO2;SEC31A;MECP2;AGO4;PRKAR1A;TNRC6C;LMO7;CLTC;AGO3;VCL;EIF2AK3",1.3707586267107312,0.10447325678018025,,
"REACTOME_CARBOXYTERMINAL_POST_TRANSLATIONAL_MODIFICATIONS_OF_TUBULIN",30,-0.4123600139147316,-1.3451660047307648,0.10932944606413994,0.21686005297914412,"TPGS1;TUBB4B;TUBA1B;TUBA4A;TPGS2;TUBA1C;TUBB3;TTLL12;TUBB6;TUBA1A;SVBP",-1.1389775779382643,0.4236438726713575,,
"REACTOME_ACTIVATED_NOTCH1_TRANSMITS_SIGNAL_TO_THE_NUCLEUS",29,-0.4086867213741697,-1.3263148533157456,0.11045655375552282,0.21869591391376325,"UBA52;UBB;MIB2;APH1A;ARRB2;UBC;PSENEN;RPS27A;ARRB1;DTX2",-1.3264770670122334,0.21552409102466308,,
"REACTOME_TOLL_LIKE_RECEPTOR_CASCADES",159,-0.28449999550091465,-1.2223879640330202,0.11212814645308924,0.2216011637551946,"UBA52;UBB;SOCS1;GSDMD;SIGIRR;ECSIT;LGMN;NFKB2;FADD;IRF7;NFKBIA;PELI3;TNIP2;UNC93B1;CNPY3;CTSL;NFKBIB;SAA1;PPP2R1A;IRF3;S100A8;CD14;DUSP4;MAPKAPK3;S100A9;TRAF2;USP18;UBC;MAPK11;MAPK3;TIFA;MAP2K3;ITGB2;CTSB;RPS27A;TAB1;VRK3;TICAM1;UBE2D2;TP53;PPP2CA;NLRX1;LY96;RIPK2;IKBKE;MAP3K8;NLRC5;BIRC3;RPS6KA1;DUSP7;ITGAM;MAPK7;MYD88;SKP1;LRRC14;IKBIP;SLC15A4;S100A1;UBE2N;IRF5;LY86;S100B;MAPKAPK2;RIPK3",-1.1329494008808798,0.3592371776786568,,
"REACTOME_RUNX2_REGULATES_BONE_DEVELOPMENT",28,0.36018038893001214,1.3228460943492268,0.11246200607902736,0.22174367203584838,"YAP1;SATB2;HDAC4;ABL1;AR;MAPK1;ZNF521;RUNX2;RB1;YES1",1.383438773142769,0.1594420969915275,,
"REACTOME_BIOSYNTHESIS_OF_SPECIALIZED_PRORESOLVING_MEDIATORS_SPMS",15,-0.49318056202341765,-1.385676180172501,0.1126984126984127,0.22174367203584838,"GPX4;LTC4S;GSTM4;PTGS2;ALOX5AP;CYP2D6;ALOX5",-1.3728453216495067,0.22753009268967833,,
"REACTOME_MATURATION_OF_SARS_COV_2_SPIKE_PROTEIN",40,-0.38138913896334053,-1.3050152444563548,0.11281337047353761,0.22174367203584838,"TMEM258;RPN1;OST4;DDOST;MGAT1;DAD1;MAN1B1;ST6GALNAC4;MGAT2;OSTC;EDEM2;PRKCSH;FUT8;STT3A;ST6GALNAC2;MGAT4B;MOGS;ZDHHC8",-1.3615402499819664,0.15850358976544027,,
"REACTOME_TRANS_GOLGI_NETWORK_VESICLE_BUDDING",69,-0.33257590454308666,-1.2676342112542038,0.11372549019607843,0.22285290379327177,"BLOC1S1;ARF1;TXNDC5;FTH1;VAMP8;CLTA;DNASE2;CLTB;CHMP2A;STX4;BLOC1S4;SNAPIN;AP1S1;RAB5C;AP1M2;CTSZ;NAPA;AP1B1;DTNBP1;HSPA8;AP1M1;AP1G2;AP4M1;ARRB1;TPD52L1;NECAP1",-1.2577003978123211,0.23341757252648343,,
"REACTOME_RNA_POLYMERASE_I_PROMOTER_ESCAPE",54,-0.3570976697642719,-1.3042845315523903,0.11378848728246319,0.22285290379327177,"POLR2L;POLR2F;POLR1H;H2AC20;POLR1C;H2AX;POLR2H;POLR2E",-1.2963592066281353,0.2270749854205467,,
"REACTOME_SYNTHESIS_OF_IP3_AND_IP4_IN_THE_CYTOSOL",24,0.3761368422232324,1.312006136345904,0.11411411411411411,0.22308795281768254,"OCRL;PLCE1;PLCB1;SYNJ1;PLCB4;INPP5D;ITPKB;PLCH1;PLCG1",1.2395423522354803,0.2963774162147128,,
"REACTOME_RESPIRATORY_SYNCYTIAL_VIRUS_RSV_GENOME_REPLICATION_TRANSCRIPTION_AND_TRANSLATION",17,-0.4796375177480853,-1.369112300441368,0.11451612903225807,0.22347122302158273,"PPP1CA;CSNK2B;SEC11C;SPCS1;SPCS2;HSPA8;SEC11A",-1.3068372915406639,0.2761923901393355,,
"REACTOME_NONHOMOLOGOUS_END_JOINING_NHEJ",48,0.31209885138188254,1.2647501217926767,0.11522633744855967,0.22445345804611713,"ATM;RIF1;RAD50;MRE11;TP53BP1;PRKDC;HERC2;LIG4;NHEJ1;MDC1;BRCA1;BRCC3",1.2746666604777719,0.20885305984169517,,
"REACTOME_RHO_GTPASES_ACTIVATE_IQGAPS",23,-0.42509192595675804,-1.3073011854314645,0.11550151975683891,0.22458628841607564,"TUBB4B;ACTB;TUBA1B;TUBA4A;ACTG1;TUBA1C;TUBB3;TUBB6;TUBA1A;CALM1;TUBB2A;MEN1",-1.228749627168532,0.31615673644659154,,
"REACTOME_SIGNALING_BY_TGF_BETA_RECEPTOR_COMPLEX",93,0.2531783876708911,1.214558558695052,0.11682242990654206,0.22642762284196546,"CBL;TGFBR2;TRIM33;ITGA8;EP300;TFDP2;CCNT2;SKIL;RBL1;CGN;USP9X;SP1;LTBP1;SMAD7;XPO1;ITGB1;PARD3;SMURF1;NCOR1;RNF111;ZFYVE9;CCNK;NEDD4L;ITGB6",1.2680851720820612,0.1038327118671715,,
"REACTOME_TNF_SIGNALING",57,-0.34584856033381167,-1.277582336775049,0.11686586985391766,0.22642762284196546,"UBA52;UBB;STUB1;RACK1;TRADD;MIB2;SMPD2;FADD;TRAF2;UBC;SHARPIN;RBCK1;TNF;RPS27A;TAB1;UBE2L3;UBE2D2;TNFRSF1A",-1.2796341428860805,0.217113726237553,,
"REACTOME_RESPONSE_TO_ELEVATED_PLATELET_CYTOSOLIC_CA2",109,-0.3041321811439999,-1.244067082341106,0.1175030599755202,0.22725636376727168,"PFN1;ALDOA;SOD1;TEX264;STXBP2;MANF;CFL1;TIMP1;PRKCG;CD63;TUBA4A;CTSW;STX4;TAGLN2;PPIA;CHID1;TGFB1;VEGFB;GAS6;ANXA5;RARRES2;TMSB4X;SRGN;CYB5R1;PLEK;CD109",-1.2365006660278057,0.2361561625019811,,
"REACTOME_RAP1_SIGNALLING",15,0.4468767960805742,1.3763345103659461,0.11827956989247312,0.2283511269276394,"PRKACB;RAF1;PRKG1;RAPGEF4;YWHAB",1.235307161125953,0.34778681120144533,,
"REACTOME_RIPK1_MEDIATED_REGULATED_NECROSIS",32,-0.4017597739306606,-1.3209521923423124,0.11849710982658959,0.22836476760541688,"UBA52;UBB;STUB1;TRADD;FADD;CDC37;FLOT1;FASLG;TRAF2;UBC;FLOT2;RPS27A;UBE2L3;FAS",-1.320084430614469,0.2270749854205467,,
"REACTOME_SYNTHESIS_OF_PIPS_AT_THE_GOLGI_MEMBRANE",15,0.4427598031466125,1.3636545961174504,0.12096774193548387,0.2327127659574468,"PIKFYVE;PIK3C2A;OCRL;PIK3R4",1.3515069794690373,0.24250551783868357,,
"REACTOME_CALNEXIN_CALRETICULIN_CYCLE",26,-0.41070152114297637,-1.2979498269241219,0.12556053811659193,0.2408746970565926,"UBA52;UBB;CALR;MAN1B1;UBC;DERL2;AMFR;EDEM2;RPS27A;PRKCSH;RNF5",-1.1729225482495125,0.37863374485596707,,
"REACTOME_VXPX_CARGO_TARGETING_TO_CILIUM",17,0.41477807689840607,1.3497849582546815,0.1256544502617801,0.2408746970565926,"ASAP1;EXOC8;EXOC4;EXOC1;EXOC2;RAB3IP;EXOC5;PKD2",1.4914775839493821,0.1526576341844711,,
"REACTOME_SEMA4D_IN_SEMAPHORIN_SIGNALING",24,0.37181593257692463,1.296934334453157,0.12612612612612611,0.2413524635746858,"ROCK2;ARHGEF12;ROCK1;ARHGAP35;ARHGEF11",1.4221522847115566,0.14008647582537986,,
"REACTOME_INSULIN_PROCESSING",22,0.38710891717751567,1.3188001708660704,0.1274787535410765,0.2435113513944859,"KIF5B;MYRIP;EXOC8;EXOC4;EXOC1;EXOC2;KIF5A;EXOC5",1.3173746116072453,0.24921319102353587,,
"REACTOME_RMTS_METHYLATE_HISTONE_ARGININES",44,-0.36508657809865985,-1.274277763190711,0.1304945054945055,0.2488339867513857,"PRMT1;H2AC25;H2AC20;RPS2;H2AX;PRMT5;SMARCB1;CDK4;PRMT7;COPRS;H4C5;H2AZ2;SMARCD3;CARM1;WDR77",-1.4337639060555387,0.11003531629560694,,
"REACTOME_HDR_THROUGH_HOMOLOGOUS_RECOMBINATION_HRR",68,-0.3285156135962722,-1.2486327528698151,0.13089005235602094,0.24886713286713288,"UBA52;UBB;POLD2;KAT5;RFC2;PCNA;XRCC3;MUS81;ATRIP;RAD51;RAD9A;UBC;POLD1;RPA1;RFC5;RPA3;POLE4;POLD4;EME1;SEM1;RPS27A;RPA2;POLE3;RMI2",-1.2774316401237158,0.19966588914593805,,
"REACTOME_SIGNALING_BY_INSULIN_RECEPTOR",62,0.2790683197535473,1.225550124883096,0.13114754098360656,0.24886713286713288,"GAB1;SOS1;PIK3CB;PDE3B;PDPK1;PIK3R4;PTPN11;PIK3CA;PIK3R1;KL;NRAS;GAB2;FRS2;FGF10;MAPK1;FGFR3;IDE;FGF19",1.178337592079864,0.309940963625976,,
"REACTOME_TERMINATION_OF_O_GLYCAN_BIOSYNTHESIS",18,-0.4530523406532022,-1.3051458970401433,0.1312,0.24886713286713288,"MUC6;MUC5AC;ST6GALNAC4;MUC1",-1.275633280047766,0.28601102921793775,,
"REACTOME_SYNDECAN_INTERACTIONS",26,0.3597235374933827,1.2996057958192733,0.13213213213213212,0.2500607154008951,"ITGA2;PRKCA;ITGA6;CASK;ITGB1",1.3227674454308538,0.2200135915732246,,
"REACTOME_TNFR1_INDUCED_NF_KAPPA_B_SIGNALING_PATHWAY",33,-0.3864413081516103,-1.281201001803198,0.13229018492176386,0.2500607154008951,"UBA52;UBB;RACK1;TRADD;TRAF2;UBC;SHARPIN;RBCK1;TNF;RPS27A;TAB1;TNFRSF1A",-1.306549935836442,0.23341757252648343,,
"REACTOME_CHOLESTEROL_BIOSYNTHESIS",26,-0.4008184600967205,-1.2667161530415196,0.13303437967115098,0.25087556665231253,"EBP;SREBF1;FDPS;PMVK;MVD;NSDHL;TM7SF2;CYP51A1;MVK;DHCR7;ACAT2;ARV1;HSD17B7",-1.4481883927150578,0.11431992337164752,,
"REACTOME_GLYCOSPHINGOLIPID_CATABOLISM",34,-0.3865261742328335,-1.2876742095353595,0.13333333333333333,0.25087556665231253,"HEXA;SMPD2;GLA;GM2A;SUMF2;PSAP;ARSI;GBA1;GBA2;ARSA;NEU1;CTSA",-1.3417767749996832,0.19378409541594768,,
"REACTOME_TOLL_LIKE_RECEPTOR_TLR1_TLR2_CASCADE",109,-0.29851105232407205,-1.221073588840462,0.13341493268053856,0.25087556665231253,"UBA52;UBB;SOCS1;SIGIRR;ECSIT;NFKB2;NFKBIA;PELI3;TNIP2;NFKBIB;SAA1;PPP2R1A;S100A8;CD14;DUSP4;MAPKAPK3;S100A9;TRAF2;USP18;UBC;MAPK11;MAPK3;TIFA;MAP2K3;RPS27A;TAB1;VRK3;TP53;PPP2CA;NLRX1;LY96;RIPK2;MAP3K8;NLRC5;RPS6KA1;DUSP7;MAPK7;MYD88;SKP1;LRRC14;IKBIP;S100A1;UBE2N;S100B;MAPKAPK2",-1.1514122530153688,0.3321497612384233,,
"REACTOME_ANCHORING_OF_THE_BASAL_BODY_TO_THE_PLASMA_MEMBRANE",96,0.2453228627041885,1.1754743513858192,0.1339712918660287,0.2514859025512823,"AKAP9;CEP290;CNTRL;ALMS1;CLASP1;OFD1;CEP63;CKAP5;AHI1;CPAP;DYNC1I2;TTBK2;C2CD3;MAPRE1;CEP162;CCP110;PCM1;IQCB1;CEP164;CEP192;CEP41;RPGRIP1L;CDK5RAP2;CEP250;HAUS3;HAUS6;CC2D2A;RAB3IP",1.2063187006926486,0.16857896698760014,,
"REACTOME_SIGNALING_BY_CSF3_G_CSF",30,-0.39739843172283384,-1.2963595951313904,0.13556851311953352,0.2538793103448276,"UBA52;UBB;ELOB;SOCS1;RNF7;UBC;ELOC;RPS27A;TYK2;CSF3;HCK;UBE2D2;LYN;STAT1;JAK2;SOCS3",-1.1731689261800442,0.40151289621011027,,
"REACTOME_SIGNALING_BY_TGFBR3",41,0.3115761982423363,1.241431896400292,0.1357142857142857,0.2538793103448276,"TGFBR2;TNRC6A;EP300;SP1;AGO2;AGO4;TNRC6C;TCF4;TCF12;AGO3;MMP16",1.395901991750639,0.10780446079522815,,
"REACTOME_HATS_ACETYLATE_HISTONES",101,0.24178833794522028,1.1756655474834183,0.1366120218579235,0.25511883599973667,"NCOA2;PHF20;BRPF3;MSL1;ATXN7;EP300;TRRAP;MSL2;KAT6A;NCOA1;YEATS2;JADE3;CLOCK;KAT6B;KANSL1;EP400;ELP1;KAT7;OGT;CREBBP;SUPT20H",1.2179619950293161,0.23465124171955992,,
"REACTOME_G_PROTEIN_MEDIATED_EVENTS",49,0.304930119089972,1.2473750039058404,0.13709677419354838,0.2555841924398625,"PRKAR2A;PRKACB;PRKCA;PLCB1;CREB1;ITPR1;ITPR2;PDE1C;PRKAR1A;GNAQ;PLCB4;MAPK1;ADCY6;NBEA;ADCY5;ITPR3;CAMK4;GNAL",1.2474356805541222,0.24622771224263673,,
"REACTOME_FCERI_MEDIATED_MAPK_ACTIVATION",74,0.258271002930564,1.1823465498069599,0.13865546218487396,0.258046614872364,"SOS1;PAK2;MS4A2;NRAS;MAPK1;VAV3;IGHV2-5;SYK;IGKV1D-16;FCER1A;IGHV3-7;MAPK10;IGHV3-13;IGHV4-39;PLCG1;KRAS;IGHV3-11;MAP3K1;IGKV2-30;IGKV3D-20;VAV2;IGLV1-40;PAK1;JUN;IGHV1-2;SHC1;IGLV2-11;IGHV3-48;IGKV3-11",0.9352012225821041,0.7375725817872824,,
"REACTOME_BIOLOGICAL_OXIDATIONS",148,-0.28069084915652004,-1.1930207040793492,0.1412037037037037,0.26214853069976746,"AKR1A1;CBR3;ACY1;AKR7A2;AIP;TRMT112;GSTO1;FDXR;NQO2;GSTZ1;GSTP1;COMT;AKR7A3;NNMT;PAOX;AHCY;GSTM4;ADH5;CHAC2;TPST2;ABHD10;CYP27B1;CYB5R3;MGST3;ACY3;CNDP2;ALDH3A1;SMOX;POR;FDX1;ABHD14B;OPLAH;PODXL2;MAOB;GSTK1;FMO1;MAT2B;AKR7L;CYP51A1;SLC35D2;MTARC2;CHAC1;MGST2;ARNT2;AHR;MGST1;BPHL;CYP2D6;DPEP2;GSS;GGCT;PTGES3;GSTA1",-1.313035957310988,0.10495874711382538,,
"REACTOME_INTERLEUKIN_3_INTERLEUKIN_5_AND_GM_CSF_SIGNALING",43,0.3100563188451546,1.2666029853815912,0.1413427561837456,0.26214853069976746,"CBL;SOS1;PIK3CB;JAK1;PTPN11;PIK3CA;STAT5B;PIK3R1",1.3255859914416845,0.18573424083482834,,
"REACTOME_RHO_GTPASES_ACTIVATE_NADPH_OXIDASES",22,-0.41881391619300073,-1.28046399232238,0.14175654853620956,0.2624673296276235,"CYBA;PIN1;RAC2;S100A8;S100A9;MAPK11;MAPK3;NCF1;NCF4;NCF2;PRKCZ",-1.2535091891764412,0.2972188187948879,,
"REACTOME_ATP_DEPENDENT_CHROMATIN_REMODELERS",30,0.3322133777048347,1.2532065237142225,0.14240506329113925,0.2629464285714286,"BICRAL;PBRM1;SMARCC1;BRD7;SMARCA2;ARID2;ARID1B;ARID1A",1.370730644088867,0.21680806692056787,,
"REACTOME_INTERLEUKIN_4_AND_INTERLEUKIN_13_SIGNALING",97,-0.29973797374281796,-1.2102657473079466,0.1425,0.2629464285714286,"SOCS1;CXCL8;TIMP1;CEBPD;FSCN1;OSM;SAA1;BIRC5;FASLG;ICAM1;MUC1;AKT1;TGFB1;MMP1;IL23A;IL6;IL1B;TNF;PTGS2;HSPA8;BATF;ITGB2;JUNB;TYK2;LCN2;TP53;HMOX1;STAT1;ITGAM;IL1A;ANXA1;JAK2;SOCS3;CCL2;ITGAX;MMP9;ALOX5;MMP3;LIF;VIM;TWIST1;STAT6",-0.9255039559925153,0.7202875459959789,,
"REACTOME_RNA_POLYMERASE_I_TRANSCRIPTION",74,-0.31711525290320625,-1.216631534608475,0.14528795811518325,0.2676357123174428,"POLR2L;POLR2F;POLR1H;H2AC20;POLR1C;H2AX;POLR2H;POLR2E;ERCC2;MBD3;MAPK3;MTA2;H4C5;H2AZ2;EHMT2;GTF2H5;MTA1;CHD4;H2AJ;POLR1E;TBP;RBBP4;H3C10;H2AC8;MNAT1;HDAC1;GATAD2A;CDK7;POLR2K;H2BC12;H2BC11;H2BC4;H2BC26;H4C8;KAT2A;H2BC5",-1.2671874769845861,0.20335126876577655,,
"REACTOME_SUMOYLATION_OF_INTRACELLULAR_RECEPTORS",28,0.3430044202576331,1.2597633619927568,0.1458966565349544,0.26788485017339525,"PPARA;RORA;HDAC4;THRB;PGR;PPARG;AR;NR1I2;PIAS1;NR3C2;THRA;NR5A2",1.0991975670384986,0.4630757347690399,,
"REACTOME_INTRINSIC_PATHWAY_FOR_APOPTOSIS",54,-0.34338119470524986,-1.2541856713197925,0.1459170013386881,0.26788485017339525,"C1QBP;BAD;DYNLL1;BID;GSDMD;BAK1;SFN;YWHAH;YWHAE;AKT1;MAPK3;TP73;PMAIP1;CDKN2A;E2F1;TP53;BAX;AKT2",-1.2996139353047005,0.22098806366047744,,
"REACTOME_SLC_MEDIATED_TRANSPORT_OF_ORGANIC_ANIONS",24,-0.4092894976376955,-1.2783953356356081,0.14648729446935724,0.2684775582757645,"SLC25A11;SLC25A1;SLC25A10;BSG;SLC16A3",-1.3150907815550865,0.22415395984139977,,
"REACTOME_REGULATION_OF_MITF_M_DEPENDENT_GENES_INVOLVED_IN_APOPTOSIS",16,0.4259396918065407,1.3385060316186865,0.14673913043478262,0.26848559278539486,"DICER1;TNRC6A;AGO2;AGO4;TNRC6C;AGO3",1.337050512974548,0.27208108403851766,,
"REACTOME_ACTIVATION_OF_NMDA_RECEPTORS_AND_POSTSYNAPTIC_EVENTS",70,0.2574898496712195,1.1619823722675906,0.15,0.27398989898989895,"PRKAR2A;PRKACB;DLG1;PDPK1;RPS6KA3;GRIN2B;LIN7A;NRG1;CASK;CREB1;PRKAA2;RPS6KA6;PRKAB2;ARHGEF7;PRKAR1A;PRKAA1;NRAS;DLG2;RASGRF1;MAPK1",1.0988709448799485,0.3970513440760175,,
"REACTOME_VIRAL_MESSENGER_RNA_SYNTHESIS",44,-0.35748208614107874,-1.2477354699835101,0.1510989010989011,0.27553329023917256,"POLR2I;POLR2L;SEC13;POLR2F;POLR2G;POLR2H;POLR2E;AAAS;POLR2J",-1.2115648892030346,0.30979301741254195,,
"REACTOME_TNF_RECEPTOR_SUPERFAMILY_TNFSF_MEMBERS_MEDIATING_NON_CANONICAL_NF_KB_PATHWAY",17,-0.45849857394732874,-1.308771758042107,0.15161290322580645,0.2756022183650142,"TRAF2;TNFRSF12A;TNFSF13B;LTB;CD40;BIRC3;TNFSF14;MAP3K14;TNFSF12;LTA;LTBR",-1.0971639601331744,0.5052508923567066,,
"REACTOME_REGULATION_OF_PYRUVATE_METABOLISM",32,-0.38364613000758435,-1.2613960615296114,0.15173410404624277,0.2756022183650142,"UBA52;UBB;PKM;MAEA;GSTZ1;PGAM5;LDHA;UBC;RMND5B;PDHB;RPS27A;SIRT4",-1.2765125450969301,0.25887107572824986,,
"REACTOME_REGULATION_OF_GLUCOKINASE_BY_GLUCOKINASE_REGULATORY_PROTEIN",30,0.3275763693761075,1.2357143651255904,0.1518987341772152,0.2756022183650142,"POM121;NUP153;RANBP2;TPR;NUP98;NUP205;NUP58;POM121C;NUP133",1.3776246511682457,0.21038663643938066,,
"REACTOME_TRANSCRIPTIONAL_ACTIVATION_OF_MITOCHONDRIAL_BIOGENESIS",53,0.2813886991651643,1.1859903581230336,0.15261044176706828,0.2764312676415177,"CHD9;PPARA;NCOA2;NCOA6;MED1;NCOA1;CREB1;POLG2;NCOR1;CREBBP;TFAM;MEF2C;PPARGC1B;GABPA;CRTC3;ATF2;MTERF1;TGS1;CAMK4;MEF2D",1.2581576113294268,0.2400476741032558,,
"REACTOME_SEMA4D_INDUCED_CELL_MIGRATION_AND_GROWTH_CONE_COLLAPSE",20,0.3876051200952932,1.305063851213011,0.15363128491620112,0.277816573556797,"ROCK2;ARHGEF12;ROCK1;ARHGEF11",1.4826366952937058,0.13744116573717638,,
"REACTOME_PKA_ACTIVATION_IN_GLUCAGON_SIGNALLING",15,0.4260639345493129,1.312233040260128,0.15591397849462366,0.2814753189129229,"PRKAR2A;PRKACB;PRKAR1A;ADCY6;ADCY5",1.207538669749115,0.36952943179883063,,
"REACTOME_RA_BIOSYNTHESIS_PATHWAY",17,-0.45648705996192523,-1.3030299458651617,0.15645161290322582,0.28197674418604657,"RDH16;DHRS4;RDH13;SDR16C5;RDH11;DHRS3",-1.2279070339886218,0.3546979980385364,,
"REACTOME_SIGNALING_BY_FGFR3",33,0.3232229859050907,1.235300221394573,0.15719063545150502,0.2828388714177163,"GAB1;CBL;SOS1;BRAF;PTPN11;PIK3CA;PIK3R1",1.2069917464265676,0.30952380952380953,,
"REACTOME_SIGNALING_BY_FGFR4",34,0.3174658975208499,1.2280482984526786,0.15824915824915825,0.28427208062969656,"GAB1;CBL;SOS1;BRAF;PTPN11;PIK3CA;PIK3R1",1.1796116506808563,0.35159332876877003,,
"REACTOME_INTERACTION_BETWEEN_L1_AND_ANKYRINS",22,0.3688863320304716,1.25671958491428,0.15864022662889518,0.28431705831527354,"ANK3;SCN5A;SCN4B;SCN3A;SCN8A;SPTBN1;SPTAN1;NFASC;ANK2",1.2307419147943777,0.32478688097872066,,
"REACTOME_INTRACELLULAR_SIGNALING_BY_SECOND_MESSENGERS",277,-0.25607700816697526,-1.1564033202563084,0.15879828326180256,0.28431705831527354,"PSMB6;PSMA6;PSMB4;UBA52;PSMB3;PSMC3;LAMTOR5;MLST8;PSMB5;UBB;BAD;RPS6KB2;PSMB1;LAMTOR4;LAMTOR1;PSMD8;PSMB7;STUB1;RHOG;PSMD13;PSMC5;CSNK2B;PSMA5;MAF1;LAMTOR2;PSMC4;PSMA1;PSMB2;PRKCG;RAC2;ADRM1;PSMC2;HDAC3;LCK;PSMD2;RING1;PML;PSMD14;PPP2R1A;PSMA7;PSMA3;PRR5;AKT1;TRIM27;MBD3;UBC;EED;MAPK3;PIK3AP1;MTA2;AKT1S1;PSMD3;CBX8;PSMA4;RRAGC",-1.151552872334466,0.30076646938973517,,
"REACTOME_ORGANELLE_BIOGENESIS_AND_MAINTENANCE",278,-0.25583537439127274,-1.1543297617403427,0.15965480043149946,0.2853796679871119,"ATP5ME;ATP5MF;B9D2;ATP5F1D;MTX1;ATP5MJ;SSNA1;DCTN3;DYNLL1;IFT43;TMEM11;ATP5PO;DYNC2I2;ATP5MG;B9D1;DCTN2;TUBB4B;MICOS13;MAPK12;PLK1;IFT20;TUBA1B;ATP5F1B;TUBB;IFT22;ATP5F1A;HAUS8;ATP5MC1;PRKAG1;TUBG1;TUBA4A;ATP5MC3;ATP5MC2;HDAC3;POLRMT;YWHAE;ATP5F1C;CHCHD6;PPP2R1A;CCT2;HAUS4;MKKS;TUBA1C;SAMM50;ATP5PD;MAPK11;ARL3;ACTR1A;PDE6D;IDH2;SSBP1;TMEM216;ATP5PB;IFT27;TCTN2;CCT3;CCT5;DYNLRB1;TUBB3;RAB8A;HAUS1;EXOC3;ATP5PF;DYNLT2B;SMARCD3;TUBB6;ATP5MK;TUBA1A;SIRT3;CARM1;SIRT4;MICOS10;SOD2",-1.1411716744978364,0.31615673644659154,,
"REACTOME_ADP_SIGNALLING_THROUGH_P2Y_PURINOCEPTOR_12",15,-0.465431087931397,-1.3077092280609515,0.16031746031746033,0.28609283625730997,"GNG5;GNB2;GNAI2;GNGT2;GNB5;GNB1;GNB3",-1.315927496374429,0.27903302839927996,,
"REACTOME_ENERGY_DEPENDENT_REGULATION_OF_MTOR_BY_LKB1_AMPK",28,-0.3960665022205024,-1.2746380321965467,0.16196136701337296,0.2885518607709518,"LAMTOR5;MLST8;LAMTOR4;LAMTOR1;LAMTOR2;PRKAG1",-1.3659319473169589,0.17645838240407372,,
"REACTOME_ADIPOGENESIS",102,0.23179176835993032,1.1355582503267416,0.1631578947368421,0.290207075064711,"MED13L;CHD9;NCOA3;MED13;PPARA;NCOA2;NCOA6;MED23;ZNF638;MED1;EP300;CDK19;MED14;NCOA1",1.1977794279376548,0.2530195078167399,,
"REACTOME_NOTCH_HLH_TRANSCRIPTION_PATHWAY",28,0.33384759271810693,1.2261327870931185,0.1641337386018237,0.29146498589685554,"MAML2;MAML3;MAML1;HDAC4;NCOR1;CREBBP;KAT2B;NOTCH2;HDAC9;HDAC2",1.4281218875095623,0.13277322712028336,,
"REACTOME_HOMOLOGY_DIRECTED_REPAIR",117,-0.2889960121721889,-1.1919765754960896,0.16666666666666666,0.295479302832244,"BABAM1;PPP4C;UBA52;UBB;H2AX;POLD2;KAT5;RFC2;FEN1;UBE2I;PCNA;XRCC3;MUS81;ATRIP;RAD51;RAD9A;UBC;POLD1;ERCC1;SIRT6;RPA1;H4C5;RFC5;RPA3;POLE4;POLD4;EME1;SEM1;RPS27A;RPA2;PARP2;POLE3;RMI2",-1.2038718209132964,0.27359017308766054,,
"REACTOME_CYCLIN_A_B1_B2_ASSOCIATED_EVENTS_DURING_G2_M_TRANSITION",31,-0.38026565062158973,-1.2414435470423921,0.16885007278020378,0.29886187433363964,"PKMYT1;PLK1;LCMT1;PPP2R1A;CCNB1;FZR1;CCNB2;PPP2R3B;PPP2CA;PPME1;CCNA2;CDC25B;CDC25C;HJURP;FOXM1;MNAT1;CDK7",-1.3234090056375736,0.21956496923029026,,
"REACTOME_GLYCEROPHOSPHOLIPID_BIOSYNTHESIS",115,-0.2859870076026564,-1.178631963295495,0.16928657799274485,0.29914647739760286,"PEMT;PLAAT4;PGP;PTPMT1;CRLS1;PTDSS2;CSNK2B;STARD10;PNPLA2;PLA2G2A;PLD6;PCYT2;PLD3;PISD;CDIPT;AGPAT2;PLA2G10;LPCAT1;TMEM86B;DGAT1;MFSD2A;PLAAT2;PLD2;MBOAT7;PLAAT3;PLA2G3;MBOAT1;ABHD4;PLA2G15;ALPI;TAFAZZIN;CPNE1;PLA2G2D;PLA2G4A;LPCAT4;CPNE7;PTDSS1;AGPAT4;GPD1;MIGA2;PNPLA3",-1.2788518228804,0.18573424083482834,,
"REACTOME_TICAM1_RIP1_MEDIATED_IKK_COMPLEX_RECRUITMENT",19,-0.43755413140235255,-1.2814979254859662,0.16957210776545167,0.29916379987888625,"UBA52;UBB;UBC;RPS27A;TICAM1;UBE2D2;BIRC3;UBE2N;RIPK3;UBE2D3",-1.1962971523842703,0.38684719535783363,,
"REACTOME_TBC_RABGAPS",43,-0.35481351539857253,-1.2298212515608327,0.17107093184979139,0.3010490804030724,"RAB11B;RAB33A;GABARAP;RAB5C;TBC1D10A;RAB35;RABGEF1;TBC1D7;GGA1;RAB8A;TBC1D10C;TBC1D10B;GABARAPL2",-1.3016591526846708,0.2156071776324941,,
"REACTOME_GASTRIN_CREB_SIGNALLING_PATHWAY_VIA_PKC_AND_MAPK",16,0.40777457744003254,1.281422562732538,0.17119565217391305,0.3010490804030724,"SOS1;RPS6KA3;PRKCA;EGFR;CREB1;NRAS;MAPK1",1.3591779728214468,0.23974631412667372,,
"REACTOME_COPII_MEDIATED_VESICLE_TRANSPORT",67,-0.31894873539454877,-1.2067424816835564,0.17195767195767195,0.3018997962363658,"TRAPPC2L;SEC13;TRAPPC1;LMAN2;STX5;TRAPPC4;TRAPPC3;TRAPPC5;RAB1B;CTSZ;NAPA;TRAPPC6A;PREB;SAR1B;CTSC;SEC22A;CNIH1;LMAN2L;TMED10;TFG;CD59;SERPINA1;CSNK1D;TMED2;FOLR1",-1.2537813306809311,0.24622771224263673,,
"REACTOME_INFECTION_WITH_ENTEROBACTERIA",36,-0.36740688653014153,-1.237923831063303,0.17270194986072424,0.30271666494165717,"UBA52;UBB;CALM3;GBP4;HBA2;HBB;GBP1;UBC;LAMA1;RPS27A;GBP2;UBE2D2;CALM2;CASP4",-1.0704004053623417,0.5197472353870458,,
"REACTOME_NEGATIVE_REGULATION_OF_MAPK_PATHWAY",43,-0.3536840153553482,-1.2259062846937006,0.17524339360222532,0.3066759388038943,"UBA52;HRAS;UBB;MAPK12;PPP5C;PPP2R1A;DUSP4;MAP2K2;UBC;MAPK3;PEBP1;DUSP2;RPS27A;PPP2CA;DUSP10;ARAF",-1.2915707634839237,0.22098806366047744,,
"REACTOME_SIGNALING_BY_NOTCH1_HD_DOMAIN_MUTANTS_IN_CANCER",15,-0.4573893940011333,-1.2851146965942488,0.17777777777777778,0.3106101270352478,"UBA52;UBB;MIB2;UBC;RPS27A",-1.2612310444641253,0.32753965493923765,,
"REACTOME_AURKA_ACTIVATION_BY_TPX2",71,0.2555636707920881,1.1490142839902,0.1794871794871795,0.3130925880122022,"AKAP9;CEP290;CNTRL;ALMS1;CLASP1;OFD1;CEP63;CKAP5;CPAP;DYNC1I2;MAPRE1;CCP110;PCM1;CEP164;CEP192;CEP41;CDK5RAP2;CEP250;HAUS3;HAUS6;TPX2",1.178373540509536,0.2345982177330924,,
"REACTOME_VEGFR2_MEDIATED_CELL_PROLIFERATION",19,0.38185448938429456,1.2772748066433257,0.18059299191374664,0.3143560770679415,"PDPK1;RASA1;KDR;PRKCA;ITPR1;ITPR2;NRAS",1.2756166860376645,0.31615673644659154,,
"REACTOME_SIGNALING_BY_NTRKS",121,0.2230905944345407,1.131556027809449,0.1807909604519774,0.3143560770679415,"KIDINS220;GAB1;SOS1;BRAF;PIK3CB;RPS6KA3;PTPN11;DNM3;PIK3CA;EP300;GRIN2B;PIK3R1;CREB1;MAPK14;MEF2A;REST;TPH1;TCF12;CLTC;NRAS;RAPGEF1;YWHAB;FRS2;MAPK1;SHC3;MEF2C;PPP2R1B;ID4",1.0770903135517842,0.406640488581869,,
"REACTOME_MITOTIC_SPINDLE_CHECKPOINT",109,-0.28400323377821446,-1.1617286703856355,0.18482252141982863,0.3208518971848225,"PMF1;CENPM;B9D2;SEC13;ANAPC11;ANAPC15;DYNLL1;AURKB;CDC20;PLK1;SPC24;ANAPC5;NUDC;ANAPC2;BUB3;RANGAP1;PPP2R1A;BIRC5;CDCA8;UBE2S;ANAPC7;CENPT",-1.1134816605738915,0.4043433872457849,,
"REACTOME_TP53_REGULATES_TRANSCRIPTION_OF_CELL_CYCLE_GENES",48,0.29595421998155313,1.1993255794098532,0.18518518518518517,0.32096793278901903,"CNOT1;RBL2;EP300;TFDP2;CPAP;ARID3A;CNOT4;RBL1;CNOT6L;PLAGL1;CDKN1B;CNOT11",1.0361433005735539,0.5335785663702888,,
"REACTOME_MYD88_INDEPENDENT_TLR4_CASCADE",107,-0.28327793836365667,-1.160275088799411,0.18581907090464547,0.32155293768985704,"UBA52;UBB;NFKB2;FADD;IRF7;NFKBIA;TNIP2;NFKBIB;SAA1;PPP2R1A;IRF3;CD14;DUSP4;MAPKAPK3;TRAF2;USP18;UBC;MAPK11;MAPK3;TIFA;MAP2K3;RPS27A;TAB1;VRK3;TICAM1;UBE2D2;TP53;PPP2CA;NLRX1;LY96;RIPK2;IKBKE;MAP3K8;NLRC5;BIRC3;RPS6KA1;DUSP7;MAPK7;SKP1;LRRC14;IKBIP;UBE2N;S100B;MAPKAPK2;RIPK3",-1.0506834734120458,0.5217904900642462,,
"REACTOME_REGULATION_OF_TP53_ACTIVITY_THROUGH_METHYLATION",19,-0.4252977063671385,-1.2456016051697534,0.18700475435816163,0.32291255961844195,"UBA52;UBB;PRMT5;TTC5;UBC;EHMT2;RPS27A;TP53",-1.2266048210168623,0.3385582994076205,,
"REACTOME_TP53_REGULATES_TRANSCRIPTION_OF_GENES_INVOLVED_IN_CYTOCHROME_C_RELEASE",18,-0.43272870589775325,-1.2465978968780143,0.1872,0.32291255961844195,"PRELID1;BID;TRIAP1;AIFM2;TP73;PMAIP1;TP53;BAX;BBC3;BNIP3L",-1.14902287365568,0.42824313158438343,,
"REACTOME_TRISTETRAPROLIN_TTP_ZFP36_BINDS_AND_DESTABILIZES_MRNA",17,-0.4425698888913973,-1.263303758077629,0.18870967741935485,0.325,"EXOSC4;EXOSC7;EXOSC3;EXOSC2;EXOSC1;EXOSC5",-1.2865988706670264,0.30250876818127337,,
"REACTOME_RNA_POLYMERASE_II_TRANSCRIBES_SNRNA_GENES",73,-0.30799711487909404,-1.1804361927799865,0.18979057591623036,0.3263435417893977,"POLR2I;POLR2L;POLR2F;POLR2G;INTS11;POLR2H;POLR2E;CDK9;POLR2J;SNAPC2;NABP2;SSU72;GTF2A2;TAF9;ELL3;ZNF143;INTS5;GTF2F1;POLR2C;INTS12;SRRT;GTF2B;TAF11;SNAPC1;GTF2E2",-1.1794862662468497,0.33564879914505874,,
"REACTOME_FRS_MEDIATED_FGFR2_SIGNALING",15,0.4081118925845114,1.2569425997977886,0.1935483870967742,0.3322784810126582,"SOS1;PTPN11;NRAS;FRS2;FGF10;KRAS;FGF7;FGF18",1.3545532704934953,0.24250551783868357,,
"REACTOME_EXPORT_OF_VIRAL_RIBONUCLEOPROTEINS_FROM_NUCLEUS",33,0.31458971347132814,1.2023054041512287,0.1939799331103679,0.332493250276065,"POM121;NUP153;RANBP2;TPR;NUP98;NUP205;XPO1;NUP58;POM121C;NUP133",1.3597372340943472,0.1523915485453857,,
"REACTOME_ASSOCIATION_OF_TRIC_CCT_WITH_TARGET_PROTEINS_DURING_BIOSYNTHESIS",37,-0.3591360030199851,-1.2117594212836877,0.1952247191011236,0.33409908552794815,"FBXO6;WRAP53;SPHK1;FBXW9;FBXW5;HDAC3;CCT2;CCT7;CCT3;CCT5;NOP56;KIFC3;FBXW4;TP53;GBA1;SKIC2;CCT4;FBXO4;TCP1;CCNE1;CCT8",-1.261009867732787,0.2809944874024196,,
"REACTOME_TP53_REGULATES_TRANSCRIPTION_OF_ADDITIONAL_CELL_CYCLE_GENES_WHOSE_EXACT_ROLE_IN_THE_P53_PATHWAY_REMAIN_UNCERTAIN",21,0.36433485784060204,1.233532779837551,0.19887955182072828,0.33981781689053575,"CNOT1;CPAP;CNOT4;CNOT6L;PLAGL1;CNOT11",1.1036845464249323,0.4597457627118644,,
"REACTOME_TAK1_DEPENDENT_IKK_AND_NF_KAPPA_B_ACTIVATION",43,-0.3416323567143479,-1.184133958471545,0.20027816411682892,0.341034103410341,"UBA52;UBB;NFKB2;NFKBIA;NFKBIB;SAA1;TRAF2;USP18;UBC;TIFA;RPS27A;TAB1;TP53;NLRX1;RIPK2;NLRC5;LRRC14;IKBIP;UBE2N;S100B",-1.147453712204624,0.38684719535783363,,
"REACTOME_SIGNALING_BY_ERBB2",46,0.2877467848282828,1.1729338670274356,0.20075757575757575,0.341034103410341,"GAB1;SOS1;ERBIN;USP8;PIK3CA;PIK3R1;PRKCA;PRKCE;NRG1;EGFR",1.1336374380977399,0.3772950667655786,,
"REACTOME_MAP2K_AND_MAPK_ACTIVATION",35,-0.3582308274651812,-1.1993069517778696,0.20084865629420084,0.341034103410341,"HRAS;WDR83;ACTB;LAMTOR2;ARRB2;CSK;ACTG1;MAP2K2;MAPK3;PEBP1",-1.1552109033053346,0.3981073085713849,,
"REACTOME_N_GLYCAN_TRIMMING_IN_THE_ER_AND_CALNEXIN_CALRETICULIN_CYCLE",35,-0.360575270507605,-1.2071558207842632,0.20084865629420084,0.341034103410341,"UBA52;UBB;CALR;MAN1B1;UBXN1;UBC;DERL2;AMFR;EDEM2;RPS27A;VCP;PRKCSH;RNF5",-1.0929293277316452,0.4886016329784878,,
"REACTOME_TNFR1_INDUCED_PROAPOPTOTIC_SIGNALING",25,-0.3829335129229483,-1.202443053874969,0.20211161387631976,0.34264234539969834,"TRADD;MIB2;FADD;TRAF2;SHARPIN;RBCK1;TNF;TNFRSF1A;IKBKE;BIRC3;RNF31",-1.1759269631090752,0.3592371776786568,,
"REACTOME_ONCOGENIC_MAPK_SIGNALING",75,0.247474932084913,1.1323613935196983,0.20346320346320346,0.3443955940055784,"NF1;KDM7A;AKAP9;SPRED2;BRAF;DUSP16;IQGAP1;TRIM24;KIAA1549;RAF1;SHOC2;KSR1;ESRP1;AP3B1;NRAS;VCL;ZC3HAV1;YWHAB;TRAK1;MAPK1",1.0847759244679478,0.4254563055638951,,
"REACTOME_FOXO_MEDIATED_TRANSCRIPTION_OF_CELL_CYCLE_GENES",15,0.40154522325168585,1.2367179345204715,0.20430107526881722,0.3448848677712369,"RBL2;FOXO3;CDKN1B",1.2750323429470394,0.2972188187948879,,
"REACTOME_REGULATION_OF_TP53_ACTIVITY",154,-0.26755541578128034,-1.1414126216582172,0.20438799076212472,0.3448848677712369,"UBA52;MLST8;UBB;AURKB;PIN1;CSNK2B;PRMT5;KAT5;PRKAG1;RNF34;BANP;RFC2;CDK5;TAF10;PIP4P1;PML;ATRIP;ZNF385A;PPP2R1A;TAF9;PRR5;AKT1;PLK3;RAD9A;TTC5;MBD3;UBC;MAPK11;NOC2L;DAXX;RPA1;MTA2;STK11;RFC5;RPA3;TP73;EHMT2;RPS27A;RPA2;CDKN2A;ING2;RMI2;TP53;PPP2CA;PPP1R13L;CHD4;SSRP1;AKT2;TAF11",-1.1719820720013499,0.2926000503397936,,
"REACTOME_P75NTR_SIGNALS_VIA_NF_KB",15,-0.44216812498015395,-1.242347905811105,0.20476190476190476,0.34497929606625255,"UBA52;UBB;NFKBIA;UBC;RPS27A;RIPK2;MYD88",-1.4063283374890136,0.20128411380204936,,
"REACTOME_SNRNP_ASSEMBLY",54,-0.32402961603751945,-1.1835048272411923,0.20615796519410978,0.3461124476998212,"SEC13;SNRPD2;GEMIN7;SNRPF;SNRPB;PRMT5;SNRPD1;AAAS;SNRPG;GEMIN4;SNRPE;SNUPN;NUP37;GEMIN2;NUP62;WDR77;NUP85;GEMIN8;SEH1L;NUP93",-1.0750106043783234,0.502325306153707,,
"REACTOME_SIGNALING_BY_CSF1_M_CSF_IN_MYELOID_CELLS",31,0.3185936249576154,1.2079986619587997,0.20634920634920634,0.3461124476998212,"CBL;SOS1;PIK3CB;PTPN11;PIK3CA;PIK3R1",1.265126399621767,0.2457191780821918,,
"REACTOME_B_WICH_COMPLEX_POSITIVELY_REGULATES_RRNA_EXPRESSION",55,-0.3225379485759263,-1.1850445036202488,0.20639147802929428,0.3461124476998212,"POLR2L;POLR2F;POLR1H;H2AC20;POLR1C;ACTB;H2AX;POLR2H;POLR2E",-1.003475940426656,0.6009673518742442,,
"REACTOME_REGULATION_OF_TLR_BY_ENDOGENOUS_LIGAND",15,-0.4385581952859343,-1.2322051832981689,0.20952380952380953,0.35053929121725735,"GSDMD;S100A8;CD14;S100A9",-1.3439951787107924,0.24820290065694042,,
"REACTOME_TRANSCRIPTIONAL_ACTIVITY_OF_SMAD2_SMAD3_SMAD4_HETEROTRIMER",50,0.2806038292799725,1.1648785134405364,0.20967741935483872,0.35053929121725735,"TRIM33;EP300;TFDP2;CCNT2;SKIL;RBL1;USP9X;SP1;SMAD7;NCOR1;RNF111;CCNK;NEDD4L;MAPK1;SMURF2",1.1648096055217185,0.3546979980385364,,
"REACTOME_MRNA_DECAY_BY_5_TO_3_EXORIBONUCLEASE",15,-0.4355844560584142,-1.223849948053874,0.2111111111111111,0.35239316239316243,"LSM2;LSM7;LSM4",-1.2224433596755604,0.35677267625971276,,
"REACTOME_NFE2L2_REGULATING_ANTI_OXIDANT_DETOXIFICATION_ENZYMES",18,0.36985261477124054,1.2208944300826896,0.21220159151193635,0.3536693191865606,"CHD6;EP300;NFE2L2;GCLM;CREBBP;GCLC",1.4126856510983248,0.1621773461982517,,
"REACTOME_SUMOYLATION_OF_SUMOYLATION_PROTEINS",35,0.30235838302492235,1.1748637878865402,0.2135593220338983,0.3553862951024228,"POM121;NUP153;RANBP2;TPR;NUP98;NUP205;NUP58;POM121C;TOPORS;NUP133",1.309251366047092,0.20519447771543844,,
"REACTOME_MAP3K8_TPL2_DEPENDENT_MAPK1_3_ACTIVATION",16,-0.43461871458752926,-1.2322777925000215,0.21451104100946372,0.3564233989207782,"UBA52;UBB;TNIP2;UBC;RPS27A;MAP3K8;SKP1",-1.2668893196438076,0.31615673644659154,,
"REACTOME_TRAF6_MEDIATED_INDUCTION_OF_TAK1_COMPLEX_WITHIN_TLR4_COMPLEX",15,-0.43250654410978306,-1.2152020215127546,0.21746031746031746,0.3607713217804961,"UBA52;UBB;CD14;UBC;RPS27A;TAB1;TICAM1;LY96",-1.068941711912945,0.5197472353870458,,
"REACTOME_CELLULAR_RESPONSE_TO_HEAT_STRESS",95,-0.28533864194230946,-1.1461246794988513,0.21997471554993678,0.3643855975140174,"SEC13;MLST8;UBB;RPS19BP1;HSBP1;DEDD2;AAAS;MRPL18;HSPB1;YWHAE;HSPA6;SERPINH1;FKBP4;BAG3;MAPK3;RPA1;EEF1A1;AKT1S1;RPA3;HIKESHI;NUP37;HSF1;HSPA8;DNAJB1;HSPA2;RPA2;VCP;NUP62;NUP85;BAG1;SEH1L",-1.0811932890517675,0.4737446441873914,,
"REACTOME_FORMATION_OF_THE_DYSTROPHIN_GLYCOPROTEIN_COMPLEX_DGC",33,0.30727312589920014,1.1743427200543852,0.22073578595317725,0.3650889142670691,"LAMC1;DMD;LAMA2;LAMA4;SNTB1;SNTB2;HSPG2;UTRN;SGCD",1.3473228417235492,0.15510515480431925,,
"REACTOME_CELL_DEATH_SIGNALLING_VIA_NRAGE_NRIF_AND_NADE",73,0.2448621938748302,1.118617909544563,0.22268907563025211,0.3677589757364133,"TRIO;SOS1;ARHGEF12;SOS2;AKAP13;ARHGEF11;ARHGEF7;ARHGEF38;ITSN1;ARHGEF10;KALRN;ARHGEF5;FGD4;ARHGEF9;NET1;TRAF6;GNA13;VAV3",1.1002748619221283,0.4004892331177037,,
"REACTOME_AZATHIOPRINE_ADME",21,-0.40243583277946865,-1.218579876575079,0.2248062015503876,0.3706910770245753,"GUK1;NME1;NME2",-1.241550846702602,0.32753965493923765,,
"REACTOME_SIGNALING_BY_FGFR2",62,-0.31034554663757313,-1.157264071341435,0.22955145118733508,0.3775325933756166,"POLR2I;POLR2L;UBA52;HRAS;UBB;POLR2F;POLR2G;POLR2H;POLR2E;POLR2J;PPP2R1A;UBC;HNRNPF;MAPK3;GTF2F1;RPS27A;POLR2C;HNRNPM;PPP2CA;FGFBP1",-1.1840206018589599,0.3381909446029915,,
"REACTOME_RHOBTB2_GTPASE_CYCLE",23,0.34241446207450776,1.1831171370998121,0.22965116279069767,0.3775325933756166,"STK38;MSI2;MYO6;PHIP;CUL3;SRRM1;TMOD3",1.2503129895503955,0.28399699474079637,,
"REACTOME_G_BETA_GAMMA_SIGNALLING_THROUGH_PI3KGAMMA",20,-0.4027320869172566,-1.2089443033923541,0.23136645962732919,0.37977701769387623,"GNG5;GNB2;AKT1;GNGT2;GNB5;RHOA;AKT2;GNB1;GNB3",-1.2513221088514959,0.3295708592534992,,
"REACTOME_CA_DEPENDENT_EVENTS",33,0.303974772765414,1.1617370065560269,0.23411371237458195,0.3837060089522982,"PRKAR2A;PRKACB;PRKCA;CREB1;PDE1C;PRKAR1A;MAPK1;ADCY6;NBEA;ADCY5",1.1489149064436783,0.40858595368103934,,
"REACTOME_CONSTITUTIVE_SIGNALING_BY_LIGAND_RESPONSIVE_EGFR_CANCER_VARIANTS",19,0.356540321130584,1.192600800548153,0.23450134770889489,0.383761632374285,"GAB1;CBL;SOS1;PIK3CA;PIK3R1;EGFR",1.1854903334299476,0.3837219583162531,,
"REACTOME_TRANSPORT_OF_MATURE_TRANSCRIPT_TO_CYTOPLASM",79,-0.29561139920083374,-1.1493538352464567,0.2362002567394095,0.3859597568708724,"SEC13;SRSF9;THOC6;DDX39A;ALYREF;EIF4A3;THOC5;NXT1;AAAS;CPSF4;SRSF7;CHTOP;RBM8A;U2AF1L4;MAGOH;SLBP;NUP37;MAGOHB;RNPS1;U2AF2;THOC3;NUP62;NUP85;CPSF1;SEH1L",-1.086240022884429,0.4627685680008725,,
"REACTOME_RNA_POLYMERASE_I_TRANSCRIPTION_INITIATION",46,-0.32725040378854764,-1.154739414037559,0.23848238482384823,0.389102838396805,"POLR2L;POLR2F;POLR1H;POLR1C;POLR2H;POLR2E;ERCC2;MBD3;MTA2;EHMT2;GTF2H5;MTA1",-1.1821128340712697,0.34340557044980635,,
"REACTOME_RESPONSE_OF_EIF2AK1_HRI_TO_HEME_DEFICIENCY",15,-0.42105845459437546,-1.1830366318532375,0.24444444444444444,0.3982315648982316,"ATF5;CEBPB;ATF4;CHAC1;DDIT3;TRIB3;EIF2S1",-1.2281405855914884,0.35677267625971276,,
"REACTOME_VITAMIN_B5_PANTOTHENATE_METABOLISM",20,-0.393370285305807,-1.1808415097602771,0.2453416149068323,0.39909393129522197,"NUDT8;PPCDC;VNN2;PANK4;PDZD11;VNN1",-1.2182567914242024,0.3592371776786568,,
"REACTOME_SIGNALING_BY_EGFR_IN_CANCER",24,0.330699685448037,1.1535164011877959,0.24624624624624625,0.39996583409757064,"GAB1;CBL;SOS1;PIK3CA;PIK3R1;EGFR",1.1547651808437862,0.38684719535783363,,
"REACTOME_RESOLUTION_OF_D_LOOP_STRUCTURES_THROUGH_SYNTHESIS_DEPENDENT_STRAND_ANNEALING_SDSA",27,0.31749466158949946,1.1582682278997345,0.2469879518072289,0.40057089343922775,"ATM;RAD50;MRE11;WRN;BRCA2;BRCA1;BRIP1;BLM;PALB2;DNA2;XRCC2",1.1272263696848692,0.4181368183063853,,
"REACTOME_PHASE_0_RAPID_DEPOLARISATION",19,0.35209399817145864,1.1777281816428529,0.24797843665768193,0.40157702055758937,"SCN5A;SCN4B;CACNB2;SCN3A;SCN8A;CACNG4;CAMK2G;CACNA1C;CAMK2D;FGF13;FGF12;SCN9A;CACNA2D2",1.03311290742785,0.5113155199965984,,
"REACTOME_DISEASES_OF_DNA_REPAIR",51,0.2698366845285889,1.1332743890947241,0.2490118577075099,0.40236441798941797,"ATR;ATM;RAD50;TOPBP1;PMS2;MRE11;WRN;BRCA2;MSH3;BRCA1;MLH1;RAD17;BRIP1;MSH2;BLM;PALB2;DNA2;XRCC2;MSH6",0.9965821276385597,0.6260647748649817,,
"REACTOME_MISMATCH_REPAIR",15,-0.4183167356071649,-1.1753332976469637,0.2492063492063492,0.40236441798941797,"POLD2;PCNA;POLD1;RPA1;RPA3;POLD4;RPA2;LIG1",-1.1950599104968065,0.3755094256997761,,
"REACTOME_MECHANICAL_LOAD_ACTIVATES_SIGNALING_BY_PIEZO1_AND_INTEGRINS_IN_OSTEOCYTES",16,0.3632325671261104,1.141450283528548,0.25,0.40304606240713226,"ITGB1;CACNB2;HSPG2;CACNA2D1;ITGB3;ITGAV;CACNA1H",1.2870397516275214,0.2944052028598501,,
"REACTOME_NR1H2_AND_NR1H3_MEDIATED_SIGNALING",43,0.2824721391854771,1.1539195721346636,0.2508833922261484,0.4034787824261508,"NRIP1;TNRC6A;EP300;KDM3A;KDM1B;NCOA1;AGO2;AGO4;NCOR1;TNRC6C;AGO3;PLIN1;PCK1;MYLIP;TNRC6B;ABCA1",1.2424826777946323,0.2926000503397936,,
"REACTOME_RUNX1_REGULATES_GENES_INVOLVED_IN_MEGAKARYOCYTE_DIFFERENTIATION_AND_PLATELET_FUNCTION",58,0.25495809518608925,1.1042630595440015,0.25101214574898784,0.4034787824261508,"KMT2C;KMT2A;KMT2D;TNRC6A;EP300;H3-3A;AGO4;TNRC6C;AGO3;RUNX1;KAT2B;H4C16;RBBP5",1.1488695625125196,0.3477564102564103,,
"REACTOME_TRAF6_MEDIATED_NF_KB_ACTIVATION",24,-0.37134747648400046,-1.159885324635013,0.2526158445440957,0.40545590433482814,"NFKB2;NFKBIA;NFKBIB;SAA1;TRAF2",-0.9974360559058417,0.6357909716844903,,
"REACTOME_ER_QUALITY_CONTROL_COMPARTMENT_ERQC",21,-0.3893105354853649,-1.1788363402050837,0.25426356589147286,0.4074977385409868,"UBA52;UBB;MAN1B1;UBC;DERL2;AMFR;EDEM2;RPS27A;RNF5",-1.1530923345280597,0.43239553656220325,,
"REACTOME_DISEASES_OF_IMMUNE_SYSTEM",29,-0.3576894189530919,-1.160812829044728,0.25625920471281294,0.4096916299559471,"NFKB2;NFKBIA;UNC93B1;S100A8;CD14;S100A9",-1.1820515316470679,0.3772950667655786,,
"REACTOME_REGULATION_OF_INSULIN_LIKE_GROWTH_FACTOR_IGF_TRANSPORT_AND_UPTAKE_BY_INSULIN_LIKE_GROWTH_FACTOR_BINDING_PROTEINS_IGFBPS",92,-0.2820406777973991,-1.1245484522106475,0.25667090216010163,0.4096916299559471,"CST3;GZMH;CP;LGALS1;TIMP1;SHISA5;APOE;PNPLA2;IGFBP6;FUCA2;TMEM132A;APOL1;SPP1;MMP1;GAS6;IL6;PCSK9;IGFBP7;FSTL3;IGFALS;P4HB;NUCB1;VWA1;MELTF;ANO8;PRKCSH;MFGE8",-0.9174250548904642,0.7337597093944429,,
"REACTOME_G_PROTEIN_ACTIVATION",16,-0.4153876593201881,-1.1777518332237962,0.25709779179810727,0.4096916299559471,"GNG5;GNB2;GNA15;GNGT2;GNB5;GNB1;GNB3",-1.1924251174656493,0.38684719535783363,,
"REACTOME_G_BETA_GAMMA_SIGNALLING_THROUGH_CDC42",15,-0.41633226852007515,-1.169757593767568,0.2571428571428571,0.4096916299559471,"GNG5;GNB2;GNGT2;GNB5;GNB1;GNB3",-1.2582246145148357,0.33158103575327846,,
"REACTOME_EFFECTS_OF_PIP2_HYDROLYSIS",23,0.3348966978296197,1.1571416112504749,0.25872093023255816,0.4116014799154334,"DGKH;PRKCE;ITPR1;ITPR2;MGLL;DGKI;ITPR3;DAGLA;DGKD;DGKE",1.234357720458395,0.30376581347455134,,
"REACTOME_NR1H3_NR1H2_REGULATE_GENE_EXPRESSION_LINKED_TO_CHOLESTEROL_TRANSPORT_AND_EFFLUX",35,0.29084551498747513,1.130128624215559,0.26101694915254237,0.41435217330926266,"TNRC6A;EP300;KDM3A;KDM1B;NCOA1;AGO2;AGO4;NCOR1;TNRC6C;AGO3",1.281431964826399,0.23974631412667372,,
"REACTOME_RAB_GERANYLGERANYLATION",62,-0.30265833247622126,-1.12859880820483,0.2612137203166227,0.41435217330926266,"RABGGTA;RAB3A;RAB11B;RAB1B;RAB33A;RAB25;RAB5C;RAB24;RAB35;RAB38;RAB13;RAB8A;RAB20;RAB42;RAB26;RAB12;RAB19;RAB34;RAB27B;RAB40C",-1.1262966009592752,0.41354719440833454,,
"REACTOME_REGULATION_OF_TP53_EXPRESSION_AND_DEGRADATION",36,-0.34149363045031605,-1.1506129002731413,0.2618384401114206,0.414731331009,"UBA52;MLST8;UBB;RNF34;PPP2R1A;PRR5;AKT1;UBC;DAXX;RPS27A;CDKN2A;TP53;PPP2CA;AKT2",-1.1892948987508567,0.35858015394912984,,
"REACTOME_HDACS_DEACETYLATE_HISTONES",54,-0.31281477951533543,-1.1425430987330527,0.26238286479250333,0.414731331009,"H2AC25;H2AC20;GPS2;SAP30;HMG20B;BRMS1;HDAC10;HDAC3;MBD3;MTA2;H4C5",-1.1476667123019662,0.3981073085713849,,
"REACTOME_SENSORY_PERCEPTION_OF_TASTE",18,0.3477893592103139,1.148062970338956,0.2625994694960212,0.414731331009,"TAS2R4;TAS2R5;SCN4B;SCN3A",1.033942895384229,0.5366919636807155,,
"REACTOME_HCMV_LATE_EVENTS",76,-0.29115435618484253,-1.1245138981388574,0.2632258064516129,0.4149330753104338,"SEC13;H2AC25;H2AC20;VPS28;SNF8;AAAS;CEBPD;CHMP2A;CHMP6;VPS37B;MVB12A;VPS25;VPS4A;H4C5;CHMP1A;NUP37;NUP62;NUP85;VPS37D;SEH1L;NUP93;VPS37C;TSG101;NUP188",-1.1536331045410422,0.3788839361576973,,
"REACTOME_SIGNALLING_TO_ERKS",31,0.30006255069380905,1.1377351313614272,0.2634920634920635,0.4149330753104338,"KIDINS220;SOS1;BRAF;MAPK14;NRAS;RAPGEF1;YWHAB;FRS2;MAPK1;SHC3",1.0460162761635445,0.5373243740385165,,
"REACTOME_NEGATIVE_EPIGENETIC_REGULATION_OF_RRNA_EXPRESSION",72,-0.2960325226121372,-1.13398154744657,0.2643979057591623,0.41522304932852055,"POLR2L;POLR2F;POLR1H;H2AC20;POLR1C;SAP30;H2AX;POLR2H;POLR2E;SUV39H1",-1.1278708883157407,0.41043057794151505,,
"REACTOME_EPH_EPHRIN_SIGNALING",88,-0.2835507658999867,-1.1162082870107635,0.2644415917843389,0.41522304932852055,"MYL6;HRAS;AP2S1;ACTB;ARPC1B;EPHB6;CLTA;ARPC4;CLTB;CFL1;AP2M1;ARPC1A;APH1A;ACTG1;EFNA1;MYL12A;MYL12B;PSENEN",-1.052557771296637,0.5236486486486487,,
"REACTOME_DISEASES_OF_GLYCOSYLATION",130,-0.26472532699851353,-1.1029834028404042,0.26506024096385544,0.41559300786962883,"MUC6;DPM3;MPDU1;DPM2;HEXA;GALK1;B4GALT7;GALT;ALG12;MUC5AC;MAN1B1;B3GAT3;B4GAT1;ALG3;MGAT2;ALG1;DOLK;B3GALT6;MUC1;MPI;POMT1;ALG14;SRD5A3;POMGNT1;MUC5B;RFT1;SPON1;NEU1;ADAMTSL5;GALE;ALG2;CHST14;SPON2;CHST6;CTSA;MOGS;CSPG5;SBSPON;PGM1;MUC3A;DPAGT1",-1.0208970745779644,0.5776003276003276,,
"REACTOME_SYNTHESIS_OF_PC",25,-0.3634520651350688,-1.1412696888352862,0.2654600301659125,0.41561923914865095,"PEMT;CSNK2B;STARD10",-1.2555731342163148,0.2742827250815327,,
"REACTOME_REGULATION_OF_INSULIN_SECRETION",60,0.2590233364776485,1.1243645224259613,0.2674897119341564,0.41819356981060474,"PRKAR2A;PRKACB;PRKCA;PLCB1;IQGAP1;ITPR1;ITPR2;CACNB2;PRKAR1A;RAPGEF4;GNAQ;CACNA1D;GNG12;MARCKS",1.0490621410071297,0.5083573047419805,,
"REACTOME_SCAVENGING_BY_CLASS_A_RECEPTORS",16,-0.4093131641225272,-1.1605287701538372,0.26813880126182965,0.418605178948324,"FTH1;CALR;APOE;COLEC11;MSR1;MARCO",-1.00311429810021,0.5940762400242837,,
"REACTOME_INOSITOL_PHOSPHATE_METABOLISM",43,0.27723277174304695,1.1325163687785427,0.26855123674911663,0.4186466837252752,"OCRL;PLCE1;NUDT4;INPP4B;PLCB1;SYNJ1;IPMK;PPIP5K2;PLCB4;INPP5D;ITPKB;PLCH1;INPP4A;PLCG1;MTMR9",1.2119859295395772,0.31615673644659154,,
"REACTOME_CD209_DC_SIGN_SIGNALING",19,0.33678094157112487,1.1265071486262013,0.2695417789757412,0.41865801979393724,"PRKACB;PAK2;EP300;RAF1;CREBBP;NRAS",1.1214254987504175,0.41878924298068954,,
"REACTOME_ABERRANT_REGULATION_OF_MITOTIC_G1_S_TRANSITION_IN_CANCER_DUE_TO_RB1_DEFECTS",17,0.34459907588323524,1.12140606064284,0.2696335078534031,0.41865801979393724,"E2F3;TFDP2;CDKN1B;CDK6;CCND1;RB1;CCNE2",0.9510728294265783,0.6324888702561339,,
"REACTOME_POLO_LIKE_KINASE_MEDIATED_EVENTS",16,-0.4090615236853346,-1.1598152920820477,0.2697160883280757,0.41865801979393724,"PKMYT1;PLK1;LIN37;CCNB1;CCNB2",-1.3132958575285598,0.2762089472330553,,
"REACTOME_PROCESSING_OF_INTRONLESS_PRE_MRNAS",20,0.3402658556437933,1.1456728639023255,0.2737430167597765,0.4236390004462294,"PCF11;WDR33;NCBP1;PAPOLA;CSTF2T;NUDT21;NCBP2",1.014326291301583,0.5405092511384127,,
"REACTOME_RHO_GTPASE_EFFECTORS",272,-0.243139578613979,-1.094832230596527,0.2738990332975295,0.4236390004462294,"PFN1;PMF1;MYL6;CENPM;B9D2;SEC13;DYNLL1;TAX1BP3;AURKB;RHOG;TUBB4B;H2AC20;CYBA;PIN1;ACTB;H2AX;CDC20;ARPC1B;PLK1;TUBA1B;ARPC4;SFN;CFL1;SPC24;RAC2;TUBA4A;ARPC1A;PRC1;RHOC;NUDC;YWHAH;RHOD;YWHAE;ACTG1;BRK1;BUB3;RANGAP1;PPP2R1A;NF2;BIRC5;S100A8;CDCA8;S100A9;TUBA1C;CENPT;MAPK11;MAPK3;KLC3;DVL1;MYL12B;H4C5;PKN3;KLC2;LIN7B;H2AZ2;TUBB3;NCKIPSD;NUP37;NCF1;DVL2;KLC1;TUBB6;KIF2C;TUBA1A;NCF4;NCF2;PPP2CA;RHPN1;RHOA;CENPS;NUP85;FMNL1;SEH1L;SKA1;CENPN",-1.09821919552858,0.4130336263935467,,
"REACTOME_SLC_MEDIATED_TRANSPORT_OF_AMINO_ACIDS",27,0.30835813171806725,1.124936794198278,0.2740963855421687,0.4236390004462294,"SLC7A6;SLC38A1;SLC38A4;SLC6A6;SLC36A1;SLC7A1",1.0115365317549128,0.5776003276003276,,
"REACTOME_TGF_BETA_RECEPTOR_SIGNALING_IN_EMT_EPITHELIAL_TO_MESENCHYMAL_TRANSITION",16,-0.4057039617558385,-1.1502955708556202,0.27602523659305994,0.4260133452396444,"UBA52;UBB;PARD6A;TGFB1;UBC;RPS27A;RHOA;PRKCZ",-1.3233007640404926,0.2674893301169048,,
"REACTOME_SIGNALING_BY_ALK",27,0.30781294130280673,1.1229478576505252,0.27710843373493976,0.42707762869660465,"PIK3CB;PIK3CA;EP300;PIK3R1;ALKAL2;ALKAL1;FRS2;PRDM1;PLCG1;HDAC2;MYC;SIN3A;STAT3;PTN",1.1968598107895543,0.3558527346637103,,
"REACTOME_SIGNALING_BY_WNT_IN_CANCER",33,0.29449875440082474,1.1255213656697896,0.27759197324414714,0.4272160155601413,"LRP6;GSK3B;TNKS2;TNKS;AMER1;APC;DKK2;PPP2R1B;CSNK1A1;FZD6;FZD5;RNF43;FZD4;KREMEN1",1.0941938013717099,0.45505871725383923,,
"REACTOME_FORMATION_OF_THE_POLYBROMO_BAF_PBAF_COMPLEX",18,0.34107995464440066,1.1259150272488108,0.28116710875331563,0.4316861621707647,"PBRM1;SMARCC1;BRD7;SMARCA2;ARID2",1.1171970750107114,0.42824313158438343,,
"REACTOME_FLT3_SIGNALING",36,0.2865867292959762,1.1155470747285336,0.28169014084507044,0.4316861621707647,"CBL;SOS1;FOXO3;PTPN11;PIK3CA;STAT5B;PIK3R1;ABL2;CDKN1B;NRAS;GAB2",1.135196338361628,0.39859176488596354,,
"REACTOME_ION_TRANSPORT_BY_P_TYPE_ATPASES",40,0.28418852041275583,1.1351680849886308,0.28169014084507044,0.4316861621707647,"ATP11B;ATP7A;ATP9A;ATP10B;ATP11C;ATP2B4;ATP2C1;ATP8A1;ATP1A1;ATP8B1;ATP1A2;ATP1B2",1.2075739014637927,0.30895154635580707,,
"REACTOME_RIP_MEDIATED_NFKB_ACTIVATION_VIA_ZBP1",17,-0.4048515327974758,-1.1556377324442084,0.2838709677419355,0.43423324528603935,"NFKB2;NFKBIA;NFKBIB;TICAM1;MYD88;RIPK3",-1.226095105167216,0.35626377261384146,,
"REACTOME_ZBP1_DAI_MEDIATED_INDUCTION_OF_TYPE_I_IFNS",20,-0.38418258933571103,-1.1532613564395648,0.2841614906832298,0.43423324528603935,"NFKB2;NFKBIA;NFKBIB;IRF3",-1.1845322856030263,0.39167451839574985,,
"REACTOME_REGULATION_OF_PD_L1_CD274_TRANSCRIPTION",66,0.24497896282512,1.0927691723738573,0.2845528455284553,0.43423324528603935,"KMT2C;TEAD1;KMT2A;EPAS1;EP300;NFE2L2;YAP1;H3-3A;SUZ12",1.086193765907379,0.4312098188194039,,
"REACTOME_TRANSPORT_OF_THE_SLBP_DEPENDANT_MATURE_MRNA",36,0.2854456656477897,1.111105451705931,0.2852112676056338,0.43462672100015826,"POM121;NUP153;RANBP2;TPR;NUP98;NUP205;NUP58;NCBP1;POM121C;NUP133;NCBP2;NUP160;NUP214",1.162685366131217,0.3519071094966269,,
"REACTOME_SIGNALING_BY_SCF_KIT",41,0.28487688358942354,1.135052201772996,0.2857142857142857,0.43478260869565216,"CBL;SOS1;PTPN11;PIK3CA;STAT5B;PIK3R1;PRKCA",1.1603261850014985,0.3937625984702351,,
"REACTOME_THROMBOXANE_SIGNALLING_THROUGH_TP_RECEPTOR",19,-0.39311128927590183,-1.1513348075987866,0.2868462757527734,0.4357128020494357,"GNG5;GNB2;AAMP;GNA15;GNGT2;GNB5",-1.1297099466157579,0.45160805852946856,,
"REACTOME_CILIUM_ASSEMBLY",185,0.201903079218625,1.062939357664784,0.2871287128712871,0.4357128020494357,"AKAP9;KIF3B;CEP290;ASAP1;CNTRL;ALMS1;WDR35;CLASP1;TRAF3IP1;OFD1;CEP63;CKAP5;AHI1;CPAP;DYNC1I2;TTBK2;TTC21B;TRIP11;C2CD3;MAPRE1;CEP162;CCP110;PCM1;IQCB1;KIF3A;TNPO1;IFT88;EXOC8;IFT80;CEP164;IFT70A;EXOC4;CEP192;CEP41;RPGRIP1L;CDK5RAP2;CEP250;IFT74;EXOC1;HAUS3;HAUS6;BBS2;EXOC2;CC2D2A;RAB3IP;BBS10;CEP152;IFT56;EXOC5;NEDD1;NPHP3;IFT81;DYNC2H1;DYNC2I1;PKD2;IFT70B",1.156229478747173,0.21552409102466308,,
"REACTOME_ELASTIC_FIBRE_FORMATION",39,0.2770202552760109,1.1101985678061543,0.29,0.43945530726256976,"ITGA8;MFAP3;FBN2;LTBP1;ITGB1;ITGB6;ELN;ITGB3;ITGAV;LTBP2;FBN1;MFAP4;ITGB8;EFEMP1;TGFB2",1.3710355736521436,0.14662976620761212,,
"REACTOME_TRANSCRIPTION_OF_E2F_TARGETS_UNDER_NEGATIVE_CONTROL_BY_P107_RBL1_AND_P130_RBL2_IN_COMPLEX_WITH_HDAC1",16,0.34801708179357227,1.0936359584412818,0.2907608695652174,0.4399937844885089,"RBL2;TFDP2;RBL1",0.9852558400152411,0.6123264523200584,,
"REACTOME_DOWNREGULATION_OF_TGF_BETA_RECEPTOR_SIGNALING",26,-0.3591172614644324,-1.1349268589656791,0.2914798206278027,0.4400473235111988,"UBA52;UBB;PPP1CA;STUB1;TGFB1;UBC",-1.2210127590923887,0.32753965493923765,,
"REACTOME_CHONDROITIN_SULFATE_DERMATAN_SULFATE_METABOLISM",33,-0.3391534291633214,-1.1244235645702843,0.29160739687055476,0.4400473235111988,"HEXA;CHST12;GUSB;CHST7;CHPF;IDUA;HYAL3;HYAL1;CHST14;UST;CSPG5;GLB1L2;CHST15;CHPF2;DSE",-0.9118241920719637,0.7370606714495613,,
"REACTOME_SIGNALING_BY_KIT_IN_DISEASE",19,0.33006881255029874,1.1040555773193814,0.29380053908355797,0.44274109014675056,"SOS1;PIK3CA;STAT5B;PIK3R1;NRAS;KIT",1.1941171944994236,0.3772950667655786,,
"REACTOME_RESPIRATORY_SYNCYTIAL_VIRUS_RSV_ATTACHMENT_AND_ENTRY",22,0.32812790376645135,1.1178640334825538,0.29461756373937675,0.4433565279573145,"EGFR;RAB5A;HSPG2;IGF1R;CX3CR1;GPC3;TLR4;RAB5B",1.0227269253650533,0.5615942028985508,,
"REACTOME_SUMOYLATION_OF_CHROMATIN_ORGANIZATION_PROTEINS",61,0.2546198262707777,1.1033167695788522,0.2962962962962963,0.4451912296720952,"POM121;NUP153;RANBP2;PHC3;TPR;SATB1;SATB2;NUP98;SUZ12;HDAC4;NUP205;NUP58;CBX5;POM121C;NUP133;PIAS1;H4C16",1.1378755843003223,0.36952943179883063,,
"REACTOME_ERCC6_CSB_AND_EHMT2_G9A_POSITIVELY_REGULATE_RRNA_EXPRESSION",40,-0.32715038547229985,-1.119424222282747,0.2966573816155989,0.4451912296720952,"H2AC20;H2AX;MBD3;MTA2;H4C5;H2AZ2;EHMT2;MTA1;CHD4;H2AJ;RBBP4;H3C10;H2AC8;HDAC1;GATAD2A;H2BC12;H2BC11;H2BC4;H2BC26;H4C8;H2BC5",-1.1480733520737183,0.3999183556996441,,
"REACTOME_RECRUITMENT_OF_NUMA_TO_MITOTIC_CENTROSOMES",86,-0.2805461600822281,-1.102221351358406,0.2988505747126437,0.4478630850320696,"SSNA1;DCTN3;DYNLL1;MZT2B;DCTN2;TUBB4B;PLK1;TUBA1B;TUBB;HAUS8;MZT2A;TUBG1;TUBA4A;YWHAE;PPP2R1A;TUBGCP2;HAUS4;TUBA1C;ACTR1A",-1.1088757223938925,0.4296356654359097,,
"REACTOME_DNA_DOUBLE_STRAND_BREAK_REPAIR",146,-0.2562491886490696,-1.086584396036246,0.3,0.44832816979264417,"BABAM1;PPP4C;UBA52;UBB;H2AX;POLD2;KAT5;PPP5C;RFC2;FEN1;UBE2I;PCNA;XRCC3;MUS81;ATRIP;POLL;RAD51;UBXN1;RAD9A;UBC;POLD1;ERCC1;SIRT6;RPA1;H4C5;RFC5;RPA3;POLE4;POLD4;EME1;SEM1;RPS27A;RPA2;PARP2;POLE3;RMI2;TP53;XRCC6",-1.0449972571455888,0.5405092511384127,,
"REACTOME_ROLE_OF_PHOSPHOLIPIDS_IN_PHAGOCYTOSIS",70,0.23956814217255967,1.0811065310607664,0.3,0.44832816979264417,"PIK3CB;PIK3CA;PIK3R1;PRKCE;ITPR1;ITPR2;IGHV2-5;SYK;IGKV1D-16;IGHV3-7;IGHV3-13;IGHV4-39;PLCG1;IGHV3-11;PLD1;ITPR3;IGKV2-30;IGKV3D-20",1.0333138393125514,0.5506143162393162,,
"REACTOME_TGF_BETA_RECEPTOR_SIGNALING_ACTIVATES_SMADS",47,-0.3122233953880553,-1.1129031549464363,0.30040053404539385,0.44832816979264417,"NEDD8;UBA52;UBB;PPP1CA;UBE2M;STUB1",-1.0957143964838634,0.47902869757174393,,
"REACTOME_TRANSCRIPTIONAL_AND_POST_TRANSLATIONAL_REGULATION_OF_MITF_M_EXPRESSION_AND_ACTIVITY",50,0.26571851414316916,1.103084688982949,0.3024193548387097,0.45072115384615385,"GSK3B;EDNRB;CDH1;EP300;CREB1;TNFSF11;LARS1;XPO1;CREBBP;KIT;EDN1;YWHAB;MAPK1;SOX9;SIRT1",1.1898910899547597,0.32478688097872066,,
"REACTOME_GLYCOGEN_METABOLISM",25,-0.35319107202090533,-1.1090493177275023,0.3092006033182504,0.46019568532277316,"UBA52;UBB;UBC;PHKG2;RPS27A;PYGB;PYGL;CALM1;GYG1;PGM1;GYS1;GAA",-1.1252453897262065,0.43239553656220325,,
"REACTOME_ACYL_CHAIN_REMODELLING_OF_PE",23,-0.3597706385146476,-1.106416173760678,0.31155015197568386,0.46305741766248903,"PLAAT4;PLA2G2A;PLA2G10;PLAAT2;PLAAT3;PLA2G3;MBOAT1;ABHD4;PLA2G2D;PLA2G4A;LPCAT4",-1.0579210045095893,0.5345726027556066,,
"REACTOME_INITIATION_OF_NUCLEAR_ENVELOPE_NE_REFORMATION",19,-0.38436099861167383,-1.1257071685734883,0.3153724247226624,0.46809723778945106,"LMNA;BANF1;PPP2R1A;CCNB1;CCNB2;EMD;PPP2CA",-1.1799708958017925,0.3999183556996441,,
"REACTOME_G1_S_SPECIFIC_TRANSCRIPTION",28,-0.3495285911683931,-1.1248677511113419,0.3164933135215453,0.46883031123516616,"TK1;CDT1;CDC45;LIN37;TYMS;PCNA",-1.156852114984128,0.40858595368103934,,
"REACTOME_REGULATION_OF_PLK1_ACTIVITY_AT_G2_M_TRANSITION",86,-0.2778027351044467,-1.0914428698939855,0.3167305236270754,0.46883031123516616,"UBA52;UBB;SSNA1;DCTN3;DYNLL1;DCTN2;TUBB4B;PLK1;TUBB;HAUS8;TUBG1;TUBA4A;YWHAE;PPP2R1A;HAUS4;CCNB1;UBC;CCNB2;ACTR1A",-1.0963638782864817,0.4501340082349102,,
"REACTOME_PARACETAMOL_ADME",22,0.32177752982883895,1.0962296203694448,0.32011331444759206,0.4731920247624487,"ABCC5;ABCC1;UGT1A10;SULT1C4;NAT2;ABCC2;UGT1A1;ABCC3;ABCC4",0.9175418914627672,0.7010682511851419,,
"REACTOME_CYCLIN_D_ASSOCIATED_EVENTS_IN_G1",47,-0.3081058324600122,-1.098226327902088,0.32309746328437916,0.47695339818170257,"UBA52;UBB;CKS1B;CDK4;CDKN2D;PPP2R1A;UBC;PPP2R3B;CCND3;RPS27A;CDKN2A;E2F1;LYN;CDKN2C;PPP2CA",-1.1987013283365737,0.32478688097872066,,
"REACTOME_DIFFERENTIATION_OF_KERATINOCYTES_IN_INTERFOLLICULAR_EPIDERMIS_IN_MAMMALIAN_SKIN",22,-0.3666067019780036,-1.120847858862863,0.3235747303543914,0.4769806156902345,"PRSS3;KRT10;KRT19;KLK7;FABP5;GJB3;KRT15;HOPX;AQP3;DMKN",-0.9682446691527802,0.6540188435770978,,
"REACTOME_TOLL_LIKE_RECEPTOR_9_TLR9_CASCADE",106,-0.26249564069493364,-1.0746112841999955,0.32399512789281365,0.4769806156902345,"UBA52;UBB;ECSIT;NFKB2;IRF7;NFKBIA;PELI3;TNIP2;NFKBIB;SAA1;PPP2R1A;CD14;DUSP4;MAPKAPK3;TRAF2;USP18;UBC;MAPK11;MAPK3;TIFA;MAP2K3;RPS27A;TAB1;VRK3;TICAM1;TP53;PPP2CA;NLRX1;LY96;RIPK2;MAP3K8;NLRC5;RPS6KA1;DUSP7;MAPK7;MYD88;SKP1;LRRC14;IKBIP;SLC15A4;UBE2N;IRF5;S100B;MAPKAPK2",-0.9316179153670374,0.7138114810992209,,
"REACTOME_NS1_MEDIATED_EFFECTS_ON_HOST_PATHWAYS",43,0.2671857489554329,1.0914735379006333,0.3250883392226148,0.47794152853189303,"POM121;NUP153;RANBP2;TPR;NUP98;EIF2AK2;NUP205;NUP58;KPNA1;POM121C;KPNA5;NUP133",1.1267353416842274,0.420319699873588,,
"REACTOME_CO_INHIBITION_BY_CTLA4",21,-0.36889325272187073,-1.1170125961858197,0.32558139534883723,0.4780186927652076,"LCK;PPP2R1A;AKT1;LYN;PPP2CA;CTLA4;AKT2;CD86;CD80",-0.929733030621823,0.6888423612049169,,
"REACTOME_NEUREXINS_AND_NEUROLIGINS",42,0.2677781675995122,1.0847690011977993,0.3274647887323944,0.4796911306606597,"SHANK2;EPB41;GRIN2B;EPB41L5;LIN7A;CASK;SYT7;EPB41L2;EPB41L1;NRXN3;NLGN4X;DLG2;PDLIM5",1.1435225034820928,0.4031135531135532,,
"REACTOME_MAPK_FAMILY_SIGNALING_CASCADES",272,-0.23862277418208314,-1.0744935300874174,0.3276047261009667,0.4796911306606597,"PSMB6;PSMA6;PSMB4;UBA52;PSMB3;HRAS;PSMC3;PSMB5;UBB;PSMB1;RBX1;WDR83;PSMD8;PSMB7;PSMD13;FNTB;NRTN;PSMC5;ACTB;PSMA5;MAPK12;LAMTOR2;PSMC4;PSMA1;PHB1;PSMB2;ARL2;ABHD17A;PPP5C;ADRM1;PSMC2;ARRB2;CSK;PSMD2;HSPB1;CSF2;ACTG1;PSMD14;PPP2R1A;RCE1;PSMA7;PSMA3;DUSP4;MAP2K2;UBC;PDE6D;MAPK3;CDC42EP5;PEBP1;IL6;PSMD3;SPTBN4;DUSP2;PSMA4;CCND3",-1.0563781152794347,0.506836134951788,,
"REACTOME_RESOLUTION_OF_D_LOOP_STRUCTURES",35,0.2772341414055886,1.0772393682115808,0.3288135593220339,0.4808122801407099,"ATM;RAD50;MRE11;WRN;BRCA2;GEN1;BRCA1;BRIP1;BLM;PALB2;DNA2;SLX4;XRCC2",1.0759574820431177,0.47635598646300187,,
"REACTOME_CARGO_TRAFFICKING_TO_THE_PERICILIARY_MEMBRANE",57,-0.2923106332228118,-1.079810485538933,0.33067729083665337,0.4828867571436997,"TUBB4B;TUBA1B;TUBA4A;CCT2;MKKS;TUBA1C;ARL3;PDE6D;CCT3;CCT5;TUBB3;RAB8A;EXOC3;TUBB6;TUBA1A;INPP5E;CCT4;TUBB2A;TTC8;ARF4;BBS12;TCP1;CCT8;RAB11FIP3",-0.9503409781108758,0.685732861592428,,
"REACTOME_PEROXISOMAL_PROTEIN_IMPORT",59,-0.2922579476656767,-1.0793623377787502,0.33511348464619495,0.4887071651090343,"UBA52;UBB;PEX14;DHRS4;PAOX;DECR2;PEX10;UBC;MPV17;ECH1;ACOT8;TYSND1;RPS27A;ACAA1;ECI2;HMGCL;UBE2D2;GSTK1",-1.262538903512383,0.24519940248182473,,
"REACTOME_INTERLEUKIN_6_FAMILY_SIGNALING",21,0.3155355304717261,1.0683123276955053,0.3389355742296919,0.49337337413200205,"CBL;JAK1;PTPN11;LIFR",1.0449850578318736,0.5161221861186733,,
"REACTOME_TRANSPORT_OF_MATURE_MRNAS_DERIVED_FROM_INTRONLESS_TRANSCRIPTS",43,0.26511205003093635,1.0830023244825908,0.3392226148409894,0.49337337413200205,"POM121;NUP153;RANBP2;WDR33;TPR;NUP98;NUP205;NUP58;NCBP1;POM121C;NUP133",1.1439960922482142,0.409446661566138,,
"REACTOME_DENGUE_VIRUS_MODULATES_APOPTOSIS",16,-0.38615370361297924,-1.0948645732052962,0.34069400630914826,0.49485006271141346,"MLST8;NFKBIA;NFKBIB;PRR5;DAXX",-0.914332091460628,0.7105185331230284,,
"REACTOME_OTHER_INTERLEUKIN_SIGNALING",20,-0.3648289771469557,-1.095164572086577,0.3416149068322981,0.4951945383442699,"IL32;STXBP2;STX4;TYK2;CSF3;IL10RB;STX1A;CSF1;CASP3;CSF3R",-1.1889236914345374,0.3873132156466854,,
"REACTOME_NUCLEAR_EVENTS_STIMULATED_BY_ALK_SIGNALING_IN_CANCER",34,-0.3284122723309674,-1.0940734195163528,0.34184397163120567,0.4951945383442699,"RBX1;BCL2A1;PRF1;PTPN6;RPS6;CCNB1;MAPK3;CEBPB;ZC3HC1;JUNB;ZAP70;SKP1;STAT5A;GZMB;TWIST1;FOXM1;MOV10;HDAC1",-1.131558343050811,0.4423266418069053,,
"REACTOME_CARGO_RECOGNITION_FOR_CLATHRIN_MEDIATED_ENDOCYTOSIS",92,-0.2695709484746008,-1.0748293304195997,0.34307496823379924,0.4963151207115629,"NEDD8;UBA52;AP2S1;UBB;COPS3;COPS6;VAMP8;CLTA;GPS1;CLTB;CD3D;AP2M1;COPS7A;TOR1A;SH3GL1;ARRB2;NECAP2;UBC;COPS4;SYT8;DVL2;RPS27A;AP2A2;ARRB1;COPS5;NECAP1;GRK2",-1.1422621565124935,0.3788839361576973,,
"REACTOME_RECRUITMENT_OF_MITOTIC_CENTROSOME_PROTEINS_AND_COMPLEXES",80,-0.2750598236276422,-1.0689104007844539,0.3445161290322581,0.49773635153129164,"SSNA1;DCTN3;DYNLL1;MZT2B;DCTN2;TUBB4B;PLK1;TUBB;HAUS8;MZT2A;TUBG1;TUBA4A;YWHAE;PPP2R1A;TUBGCP2;HAUS4",-1.035276488716988,0.5560637992144841,,
"REACTOME_KERATAN_SULFATE_KERATIN_METABOLISM",34,-0.32614733797181233,-1.0865280118441218,0.34609929078014184,0.49877413423230155,"HEXA;B3GNT4;B4GALT2;B4GAT1;B4GALT3",-1.009360277901853,0.5972902508868658,,
"REACTOME_SLC_TRANSPORTER_DISORDERS",71,0.2344199485520479,1.0539521071352902,0.34615384615384615,0.49877413423230155,"SLC26A2;POM121;NUP153;RANBP2;SLC24A1;TPR;SLCO2A1;NUP98;SLC12A6;SLC11A2;NUP205;SLC35A3;NUP58;POM121C;SLC26A3;NUP133",1.0656356156888702,0.468535563863518,,
"REACTOME_SIGNAL_AMPLIFICATION",26,-0.3458295660327873,-1.0929334377148234,0.34678624813153963,0.4990226514890192,"GNG5;GNB2;AAMP;GNAI2;GNA15;GNGT2;GNB5;GNB1;GNB3;PLA2G4A;TBXA2R;GNAI3",-1.1214447053293828,0.4630757347690399,,
"REACTOME_INTRAFLAGELLAR_TRANSPORT",48,-0.3004484814736972,-1.0787975855181857,0.34782608695652173,0.4992856757776699,"DYNLL1;IFT43;DYNC2I2;TUBB4B;IFT20;TUBA1B;IFT22;TUBA4A;TUBA1C;IFT27;DYNLRB1;TUBB3;DYNLT2B;TUBB6;TUBA1A",-1.0567616751538507,0.5373243740385165,,
"REACTOME_CARGO_CONCENTRATION_IN_THE_ER",31,-0.3329989647067534,-1.0871332060396341,0.34788937409024745,0.4992856757776699,"LMAN2;STX5;CTSZ;PREB;SAR1B;CTSC;CNIH1;LMAN2L;TMED10;CD59;SERPINA1;TMED2;FOLR1;F5",-1.0338730279419255,0.5552232136421951,,
"REACTOME_SPRY_REGULATION_OF_FGF_SIGNALING",16,-0.38464116655669345,-1.0905760652275318,0.34858044164037855,0.49961661714638145,"UBA52;UBB;PPP2R1A;UBC;MAPK3;RPS27A;PPP2CA",-1.1497895015038877,0.4224687512374114,,
"REACTOME_THROMBIN_SIGNALLING_THROUGH_PROTEINASE_ACTIVATED_RECEPTORS_PARS",26,-0.34425047597002245,-1.0879430016727087,0.351270553064275,0.5028081135550638,"GNG5;GNB2;ARRB2;MAPK3;GNA15;GNGT2;GNB5;ARRB1;GNB1;GNB3",-1.0451217983646075,0.5506143162393162,,
"REACTOME_RESOLUTION_OF_SISTER_CHROMATID_COHESION",116,-0.2568574334342605,-1.0602188474558776,0.35216346153846156,0.5034220761122936,"PMF1;CENPM;B9D2;SEC13;DYNLL1;AURKB;TUBB4B;CDC20;PLK1;TUBA1B;SPC24;TUBA4A;NUDC;BUB3;RANGAP1;PPP2R1A;BIRC5;CCNB1;CDCA8;TUBA1C;CENPT;CCNB2;TUBB3;NUP37;TUBB6;KIF2C;TUBA1A;PPP2CA;CENPS;NUP85;SEH1L;SKA1;CENPN",-1.0394994816869967,0.5373243740385165,,
"REACTOME_PROTEIN_PROTEIN_INTERACTIONS_AT_SYNAPSES",60,0.2424360720108071,1.0523627794778982,0.35390946502057613,0.5052523283517435,"DLG1;SHANK2;EPB41;GRIN2B;EPB41L5;PTPRD;LIN7A;CASK;PPFIA1;SYT7;EPB41L2;EPB41L1;NRXN3;NLGN4X;DLG2;PDLIM5",1.0797926166707885,0.4630757347690399,,
"REACTOME_COBALAMIN_CBL_VITAMIN_B12_TRANSPORT_AND_METABOLISM",18,-0.37790702376965707,-1.0886684766367152,0.3552,0.5064283837056505,"PRSS3;MMAB;CD320;AMN;MMACHC",-1.1375156867425866,0.45160805852946856,,
"REACTOME_FORMATION_OF_FIBRIN_CLOT_CLOTTING_CASCADE",24,-0.344501485105758,-1.076033209307004,0.35575485799701045,0.506553833237213,"C1QBP;F12;PROCR;SERPINA5",-1.0349323711175282,0.5646635428773189,,
"REACTOME_GLUCAGON_LIKE_PEPTIDE_1_GLP1_REGULATES_INSULIN_SECRETION",30,0.2877229119798168,1.0853754078366,0.36075949367088606,0.5129408278178406,"PRKAR2A;PRKACB;IQGAP1;ITPR1;ITPR2;PRKAR1A;RAPGEF4;GNG12;ADCY6",1.0229656939918683,0.5776003276003276,,
"REACTOME_RHO_GTPASES_ACTIVATE_ROCKS",19,0.30858718466173385,1.0322011330990404,0.3611859838274933,0.5129408278178406,"ROCK2;ROCK1;PPP1R12B",1.2543536560672952,0.32539029698558775,,
"REACTOME_REGULATION_OF_HSF1_MEDIATED_HEAT_SHOCK_RESPONSE",78,-0.27420912433693256,-1.0632563325507274,0.36222509702457956,0.5137440918583907,"SEC13;UBB;RPS19BP1;DEDD2;AAAS;MRPL18;HSPB1;YWHAE;HSPA6;SERPINH1;FKBP4;BAG3;MAPK3;RPA1;RPA3;HIKESHI;NUP37;HSF1;HSPA8;DNAJB1;HSPA2;RPA2;NUP62;NUP85;BAG1;SEH1L",-1.0426027376728224,0.5405092511384127,,
"REACTOME_PROCESSING_OF_DNA_DOUBLE_STRAND_BREAK_ENDS",76,-0.27662058319670263,-1.0683806843627852,0.3638709677419355,0.5154046997389035,"BABAM1;PPP4C;UBA52;UBB;H2AX;KAT5;RFC2;UBE2I;ATRIP;RAD9A;UBC;SIRT6;RPA1;H4C5;RFC5;RPA3;RPS27A;RPA2",-1.127647404875625,0.40474858189877444,,
"REACTOME_M_DECAY_DEGRADATION_OF_MATERNAL_MRNAS_BY_MATERNALLY_STORED_FACTORS",27,0.2892277934644235,1.0551464459850552,0.3644578313253012,0.5155629035045004,"CNOT1;DICER1;CNOT4;AGO2;CNOT6L;CNOT11",0.9746465810341015,0.628078913425228,,
"REACTOME_PROCESSING_OF_CAPPED_INTRONLESS_PRE_MRNA",29,-0.3295032193379371,-1.0693398908430582,0.36671575846833576,0.5180815077319587,"LSM10;SNRPF;SNRPB;CPSF4;SNRPG;SLBP;SNRPE;CLP1",-0.9464863982309987,0.6686628752101713,,
"REACTOME_REGULATION_OF_TP53_ACTIVITY_THROUGH_PHOSPHORYLATION",89,-0.26899361150567747,-1.060049952026015,0.3676092544987147,0.518668454006639,"UBA52;UBB;AURKB;PIN1;CSNK2B;KAT5;PRKAG1;RFC2;CDK5;TAF10;ATRIP;TAF9;PLK3;RAD9A;UBC;MAPK11;NOC2L;RPA1;STK11;RFC5;RPA3;RPS27A;RPA2;RMI2;TP53;SSRP1;TAF11;TOP3A;RFC4",-1.1099458277752923,0.4167733674775928,,
"REACTOME_DEADENYLATION_DEPENDENT_MRNA_DECAY",56,-0.2900421237756481,-1.0683589026019986,0.3683510638297872,0.5190401353965184,"EXOSC4;LSM2;LSM7;LSM4;EXOSC7;EIF4A3;EXOSC3;SKIC8;DCPS;EXOSC2;EXOSC1;EXOSC5;LSM1;CNOT3;CNOT9;LSM6;NT5C3B;EXOSC9;LSM3",-1.0877276267363731,0.48091957392748946,,
"REACTOME_REGULATION_OF_ENDOGENOUS_RETROELEMENTS_BY_PIWI_INTERACTING_RNAS_PIRNAS",60,-0.2837061053122179,-1.0544665451896071,0.3715415019762846,0.5225555370256423,"BCL7C;H2AC20;ACTB;H2AX;SMARCB1;MBD3;MTA2;H4C5;H2AZ2;BCL7B;SMARCD3;MTA1;DPF2;CHD4;DPF1;H2AJ;ACTL6A;SPOCD1;RBBP4;H3C10;H2AC8;HDAC1;GATAD2A;H2BC12;H2BC11;H2BC4;H2BC26;H4C8;H2BC5;SMARCD2;H4C9;DPF3",-1.2022411070578956,0.32175415166647314,,
"REACTOME_INTRA_GOLGI_AND_RETROGRADE_GOLGI_TO_ER_TRAFFIC",187,-0.2396689615398454,-1.0464143797930832,0.37180910099889014,0.5225555370256423,"NAA38;COPE;STX10;DCTN3;DYNLL1;STX5;ARF1;PAFAH1B3;DCTN2;TUBB4B;ARF5;BNIP1;USE1;TMED9;ARFIP2;TMED3;TUBA1B;SURF4;TUBA4A;COPZ1;RAB1B;RABEPK;BET1L;VPS51;KIF9;TUBA1C;ACTR1A;COPG1;NAPA;KDELR1;KIF22;STX18;KLC3;COG7;KLC2;TUBB3;COG4;CAPZB;KIFC1;KDELR3;KLC1;TUBB6;CYTH4;KIF2C;TUBA1A",-0.97716994654255,0.6644518272425249,,
"REACTOME_DOWNREGULATION_OF_ERBB2_SIGNALING",25,-0.33875633777809505,-1.0637230526212909,0.3755656108597285,0.5271522481019475,"UBA52;UBB;STUB1;CDC37;AKT1;UBC;RPS27A;MATK;RNF41;AKT2",-1.1143395419229625,0.44505790880209695,,
"REACTOME_PLASMA_LIPOPROTEIN_REMODELING",19,-0.36766039356004115,-1.0767948416359379,0.3787638668779715,0.5309545162307481,"LMF2;APOE;ANGPTL4;P4HB;LCAT;MTTP;CETP;LMF1;FURIN;PLTP;CIDEC;CREB3L3",-1.1845805026572713,0.3981073085713849,,
"REACTOME_NICOTINATE_METABOLISM",26,-0.33719997525304,-1.0656611358547587,0.3796711509715994,0.5315396113602392,"NAPRT;NAXE;NNMT;PARP10;BST1;SLC25A51;NADSYN1;PARP9",-1.0980661652810795,0.4834945763705658,,
"REACTOME_NUCLEOTIDE_BINDING_DOMAIN_LEUCINE_RICH_REPEAT_CONTAINING_RECEPTOR_NLR_SIGNALING_PATHWAYS",56,-0.2884500981681064,-1.06249473808394,0.3816489361702128,0.5336199687431454,"UBA52;UBB;PYCARD;MAPK12;NFKB2;AIM2;AAMP;PSTPIP1;UBC;MAPK11;RPS27A;TAB1;CASP1;CASP4;HMOX1;RIPK2;BIRC3",-0.9542158531775787,0.6731175621743357,,
"REACTOME_NUCLEAR_SIGNALING_BY_ERBB4",26,0.2885666952727254,1.0425310288842211,0.39039039039039036,0.5451397343289235,"YAP1;ADAM17;NRG1;TAB2;NCOR1;PGR",1.093321464612311,0.45505871725383923,,
"REACTOME_MITOTIC_PROMETAPHASE",193,-0.23586858161781354,-1.0326350858304776,0.39226519337016574,0.5464421900856177,"PMF1;CENPM;B9D2;SEC13;SSNA1;DCTN3;DYNLL1;MZT2B;AURKB;DCTN2;TUBB4B;CSNK2B;CDC20;PLK1;TUBA1B;TUBB;SPC24;HAUS8;MZT2A;TUBG1;TUBA4A;NUDC;YWHAE;BUB3;RANGAP1;PPP2R1A;TUBGCP2;BIRC5;HAUS4;CCNB1;CDCA8;TUBA1C;CENPT;CCNB2;ACTR1A",-0.9991543708100014,0.6260647748649817,,
"REACTOME_SYNTHESIS_OF_BILE_ACIDS_AND_BILE_SALTS",25,0.28924499847793883,1.0359941496217968,0.39233038348082594,0.5464421900856177,"NCOA2;NCOA1;OSBPL3;OSBPL9;SCP2;OSBP;HSD17B4;CYP7B1;CYP39A1;CH25H",1.0316193731055296,0.543859649122807,,
"REACTOME_GPVI_MEDIATED_ACTIVATION_CASCADE",31,0.273470692636684,1.0369078503501423,0.39365079365079364,0.5475783475783476,"PIK3CB;PDPK1;PTPN11;PIK3CA;PIK3R1",1.111623750044232,0.43024861878453036,,
"REACTOME_DAG1_GLYCOSYLATIONS",17,-0.3678298495945459,-1.0499603407043974,0.3951612903225806,0.5489756722151088,"B4GAT1;POMGNT2;POMT1;SLC35A4;POMGNT1;SLC35A1",-1.070973728822468,0.5313835459046612,,
"REACTOME_TRANSCRIPTIONAL_REGULATION_BY_E2F6",34,0.2682740667414093,1.0377603193084095,0.39730639730639733,0.5506476358148894,"APAF1;TFDP2;PHC3;MGA;RYBP;SUZ12;BRCA1;CBX5",1.0287355135245086,0.5644086935559587,,
"REACTOME_MATURATION_OF_SARS_COV_2_NUCLEOPROTEIN",15,0.3338038569057544,1.0280815025128516,0.3978494623655914,0.5506476358148894,"PARP4;GSK3B;SRPK1;SRPK2",1.0386352535593875,0.536319202477739,,
"REACTOME_NUCLEAR_PORE_COMPLEX_NPC_DISASSEMBLY",36,0.26674144336400973,1.038298729269757,0.397887323943662,0.5506476358148894,"POM121;NUP153;RANBP2;TPR;NUP98;NUP205;NUP58;POM121C;NUP133;NEK9;NUP160;NUP214",1.1637293295809392,0.3519071094966269,,
"REACTOME_FCGR3A_MEDIATED_IL10_SYNTHESIS",81,0.21594813117515213,1.0104067408309445,0.4,0.5528662420382165,"PRKAR2A;PRKACB;CREB1;ITPR1;ITPR2;PRKAR1A;ADCY6;IGHV2-5;SYK;IGKV1D-16;IGHV3-7;IGHV3-13;IGHV4-39;ADCY5;PLCG1;IGHV3-11;YES1;ITPR3",0.8682092171142812,0.8983154766699785,,
"REACTOME_CELLULAR_SENESCENCE",153,-0.240523940296036,-1.025313343198897,0.40092699884125144,0.553442485677809,"UBA52;ANAPC11;UBB;ANAPC15;H2AC20;H2AX;CXCL8;KAT5;ACD;HIRA;CDK4;ANAPC5;ANAPC2;RING1;CDKN2D;HMGA1;UBE2S;MAPKAPK3;ANAPC7;FZR1;UBC;MAPK11;EED;MAPK3;H4C5;CEBPB;IL6;CBX8;H2AZ2;IGFBP7;EHMT2;MAP2K3;TINF2;RPS27A;CDKN2A;E2F1;TP53;CDKN2C;ERF;PHC2",-1.0539786881253217,0.4868421052631579,,
"REACTOME_MODULATION_OF_HOST_RESPONSES_BY_IFN_STIMULATED_GENES",19,-0.35974364103874107,-1.0536084489029602,0.40729001584786056,0.5615116482781813,"UBE2L6;ISG15;IFI27;IFI6;UBA7;IFI44;HSPA5;IFI44L",-0.968796637134914,0.6389953014372617,,
"REACTOME_FRS_MEDIATED_FGFR4_SIGNALING",15,0.3292834181794248,1.0141590167726873,0.4112903225806452,0.5663071065989849,"SOS1;PTPN11;NRAS;FRS2;FGF19;KRAS;FGF18",1.0865065975323593,0.46302071365262776,,
"REACTOME_SIGNALING_BY_NOTCH2",31,-0.31598557151651635,-1.0315900162858669,0.4148471615720524,0.5704805707296284,"UBA52;UBB;MIB2;MDK;APH1A;UBC;PSENEN",-1.1143483440632223,0.4627685680008725,,
"REACTOME_DEGRADATION_OF_THE_EXTRACELLULAR_MATRIX",116,0.20233744715785718,1.0132628253859928,0.4176470588235294,0.5736038719285182,"CAPN7;CDH1;COL4A5;LAMC1;COL14A1;ADAM17;FBN2;COL4A6;CAST;NID1;COL9A3;A2M;BCAN;HSPG2;CAPN6;MMP16;COL4A1;ELN;ADAMTS8;COL17A1;COL8A1;COL12A1;CAPN3;LAMB1;TLL1;ADAMTS9;COL6A3;COL4A4;COL4A2;ACAN;ADAMTS1;CAPN13;COL9A1;FBN1;COL15A1;SCUBE1;LAMA5;ADAM10;ADAM9;SCUBE3;ADAMTS16",1.2952065955016983,0.09132350522157905,,
"REACTOME_CELLULAR_RESPONSES_TO_MECHANICAL_STIMULI",93,0.21149914959198984,1.0146130744287485,0.4205607476635514,0.5768753618393846,"PRKAR2A;PRKACB;PIK3CB;PDPK1;PIK3CA;KDR;YAP1;RICTOR;ITGB1;ABL1;CACNB2;PKN2;PRKAR1A;HSPG2;VCL;GNAQ;GNG12;PTK2;ADCY6;CACNA2D1;PPP2R1B;CALCRL;ITGB3;ITGAV;CACNA1H;ADCY5;IKBKB",1.1309113035974072,0.31615673644659154,,
"REACTOME_TP53_REGULATES_TRANSCRIPTION_OF_GENES_INVOLVED_IN_G2_CELL_CYCLE_ARREST",18,-0.35682364711133424,-1.027931824218832,0.4224,0.5786666666666667,"PRMT1;SFN;PCNA;ZNF385A;CCNB1;CARM1;TP53;BAX;E2F4",-1.1625572861636089,0.4193681717643379,,
"REACTOME_TRANSCRIPTION_OF_E2F_TARGETS_UNDER_NEGATIVE_CONTROL_BY_DREAM_COMPLEX",19,0.29542041162059307,0.988159258621261,0.42857142857142855,0.5863808322824716,"RBL2;TFDP2;RBL1;TOP2A",0.9208967059897586,0.6644518272425249,,
"REACTOME_PHASE_II_CONJUGATION_OF_COMPOUNDS",69,-0.2682065697719363,-1.0222863980273627,0.43137254901960786,0.5894700449449302,"AKR1A1;TRMT112;GSTO1;GSTZ1;GSTP1;COMT;NNMT;AHCY;GSTM4;CHAC2;TPST2;ABHD10;MGST3;CNDP2;ABHD14B;OPLAH;PODXL2;GSTK1;MAT2B;SLC35D2;CHAC1;MGST2",-1.285824453579962,0.19966588914593805,,
"REACTOME_RAB_REGULATION_OF_TRAFFICKING",120,-0.24431554599119307,-1.0091820109152279,0.4330518697225573,0.5906616415410385,"TRAPPC2L;TRAPPC1;TRAPPC4;TRAPPC3;TRAPPC5;RAB3A;RAB11B;DENND6B;RAB1B;RAB33A;YWHAE;GABARAP;RAB5C;TBC1D10A;AKT1;MON1A;RIN1;RAB35;RABGEF1;TBC1D7;RAB38;GGA1;RAB13;RAB8A;TRAPPC6A;TBC1D10C;TBC1D10B;GDI1;GABARAPL2;HPS1",-1.0674744311823081,0.4737446441873914,,
"REACTOME_MITF_M_REGULATED_MELANOCYTE_DEVELOPMENT",143,0.19540310444868764,1.0085950275802746,0.43333333333333335,0.5906616415410385,"GSK3B;DICER1;SMARCC1;EDNRB;SYTL2;CDH1;TNRC6A;EP300;STT3B;ITGA2;CREB1;MAPK14;AGO2;TNFSF11;CEACAM1;ZEB1;SMARCA2;LARS1;ARID1B;MYRIP;XPO1;ARID1A;AGO4;TNRC6C;CREBBP;AGO3;BRCA1;KIT;EDN1;YWHAB;MET;MAPK1;SOX9;CCND1;SIRT1;SS18L1;TYRP1;TNRC6B;DIAPH1;EPRS1",1.0375594179060894,0.5166109673709933,,
"REACTOME_TRANSLOCATION_OF_SLC2A4_GLUT4_TO_THE_PLASMA_MEMBRANE",62,-0.2744438000842955,-1.0233881326187355,0.4340369393139842,0.5908783929180337,"TUBB4B;ACTB;TUBA1B;SFN;PRKAG1;TUBA4A;STX4;YWHAH;YWHAE;ACTG1;AKT1;TUBA1C;RAB13;TUBB3;RAB8A;EXOC3;TUBB6;TUBA1A",-0.9368457272696,0.7066330272537917,,
"REACTOME_SIGNALING_BY_CTNNB1_PHOSPHO_SITE_MUTANTS",15,0.3260144698747506,1.0040909926466053,0.43548387096774194,0.5921052631578947,"GSK3B;AMER1;APC;PPP2R1B;CSNK1A1",0.8865512811498489,0.7164540774404438,,
"REACTOME_ADP_SIGNALLING_THROUGH_P2Y_PURINOCEPTOR_1",20,-0.3417167454124083,-1.0257849477610244,0.4363354037267081,0.5925205419818251,"GNG5;GNB2;GNA15;GNGT2;GNB5;GNB1;GNB3;PLA2G4A",-1.117664805427886,0.4630757347690399,,
"REACTOME_HDR_THROUGH_SINGLE_STRAND_ANNEALING_SSA",37,0.25577279600876923,1.0041215037726947,0.4379310344827586,0.5939439655172414,"ATR;ATM;RAD50;TOPBP1;MRE11;WRN;ABL1;BRCA1;ERCC4;RAD17;BRIP1",1.0480071114192344,0.5336415502655912,,
"REACTOME_CD22_MEDIATED_BCR_REGULATION",50,0.2440447553537058,1.0131098087964483,0.43951612903225806,0.5953495630461922,"IGHV2-5;IGKV1D-16;IGHV3-7;IGHV3-13;IGHV4-39;IGHV3-11;IGKV2-30;IGKV3D-20;CD22;IGLV1-40;IGHV1-2;IGHM;IGLV2-11;IGHV3-48;IGKV3-11;IGLV3-19;IGHV1-46;IGLV3-27;IGLV3-25;IGHD;IGLV7-43;IGHV4-34;IGKV1-17;IGKV3-20;IGHV3-30;IGLV2-14;IGLV2-23;IGHV3-33;CD79A;IGHV3-23;IGLC3;IGLV1-44;IGKV1-16",-0.8040515978428332,0.8804206819866569,,
"REACTOME_SIGNAL_TRANSDUCTION_BY_L1",20,0.28871399709010614,0.972098100378245,0.4441340782122905,0.600854706808398,"EGFR;ITGA9;ITGB1;NCAM1;MAPK1;ITGB3;ITGAV",1.0258102649784338,0.5373243740385165,,
"REACTOME_CONDENSATION_OF_PROPHASE_CHROMOSOMES",37,-0.3009239135078563,-1.0153462315567694,0.44662921348314605,0.6031057075951463,"H2AC20;NCAPH2;H2AX;PLK1;CCNB1;H4C5;H2AZ2",-1.061805453293383,0.5335785663702888,,
"REACTOME_FORMATION_OF_THE_EMBRYONIC_STEM_CELL_BAF_ESBAF_COMPLEX",19,-0.3472594716789787,-1.0170451165338286,0.4469096671949287,0.6031057075951463,"BCL7C;ACTB;SMARCB1;BCL7B;SMARCD3;DPF2;ACTL6A",-1.1227585877858186,0.4597457627118644,,
"REACTOME_SUMOYLATION_OF_TRANSCRIPTION_COFACTORS",44,0.2485550417972828,1.0116293411939434,0.4489051094890511,0.6050460171374167,"NCOA2;NRIP1;EP300;PHC3;NCOA1;CASP8AP2;DDX17;HIPK2;CREBBP;TOPORS;UHRF2;PIAS1;DDX5;PHC1",1.2072860039104971,0.33174685589015807,,
"REACTOME_DEVELOPMENTAL_LINEAGES_OF_THE_MAMMARY_GLAND",31,0.26316537409511487,0.9978335876089124,0.4507936507936508,0.6056860321384425,"CDH1;ITGA6;EGFR;ITGB1;PGR;KIT;EPCAM;FGF10;MME;MYH11",1.1189131271340298,0.43024861878453036,,
"REACTOME_BACTERIAL_INFECTION_PATHWAYS",97,-0.24875241398187908,-1.0043990170586392,0.45125,0.6056860321384425,"UBA52;UBB;ENO1;CALM3;GBP4;SH3GL1;HBA2;CORO1A;HBB;GBP1;MAP2K2;EEF2;TRIM27;VPS33B;UBC;MAPK3;STX1B;LAMA1;PGK1;MAP2K3;RPS27A;GBP2;B2M;UBE2D2;CALM2;CASP4;GSK3A",-0.9588443057627659,0.6780295566502463,,
"REACTOME_GOLGI_ASSOCIATED_VESICLE_BIOGENESIS",55,-0.2751190142811805,-1.010821446452481,0.45139813581890814,0.6056860321384425,"BLOC1S1;ARF1;TXNDC5;FTH1;VAMP8;CLTA;BLOC1S4;SNAPIN;AP1S1;RAB5C;AP1M2;NAPA;AP1B1;DTNBP1;HSPA8;AP1M1;ARRB1;TPD52L1;NECAP1",-1.0150091013575517,0.592483593802855,,
"REACTOME_CRMPS_IN_SEMA3A_SIGNALING",15,0.3200310133897773,0.9856625628785562,0.45161290322580644,0.6056860321384425,"GSK3B;PLXNA4;PLXNA2;DPYSL3;SEMA3A;CDK5R1",1.16578231365467,0.3937625984702351,,
"REACTOME_INTERLEUKIN_20_FAMILY_SIGNALING",18,0.2998390914287854,0.9897777169234817,0.4562334217506631,0.611127484690703,"JAK1;PTPN11;STAT5B;IFNLR1",1.0693366770824302,0.47519143285015963,,
"REACTOME_HCMV_EARLY_EVENTS",89,-0.2548761029689629,-1.0044156781735474,0.45758354755784064,0.6121802085083318,"SEC13;DYNLL1;H2AC25;TUBB4B;H2AC20;GPS2;TUBA1B;AAAS;TUBA4A;TRIM28;HDAC3;PML;TUBA1C;EED;DAXX;H4C5;TUBB3;NUP37;TUBB6;TUBA1A;NUP62;NUP85;SEH1L",-0.9375314399314678,0.7063425650538881,,
"REACTOME_PLATELET_ACTIVATION_SIGNALING_AND_AGGREGATION",218,-0.22626133863171735,-0.9976654021189166,0.460352422907489,0.6151260823332828,"PFN1;ALDOA;SOD1;RHOG;GNG5;TEX264;GNB2;STXBP2;MANF;CFL1;TIMP1;PRKCG;CD63;AAMP;RAC2;TUBA4A;CTSW;STX4;TAGLN2;PTPN6;ARRB2;LCK;CSK;PPIA;AKT1;CHID1;TGFB1;BCAR1;GNAI2;FCER1G;VEGFB;MAPK3;GAS6;GNA15;ANXA5;RARRES2;GNGT2;TMSB4X;SRGN;GNB5;CYB5R1;PLEK;CD109;DGKZ;WDR1;ARRB1;DAGLB;LYN;RHOA;PSAP",-0.9893435507769113,0.628078913425228,,
"REACTOME_NUCLEAR_IMPORT_OF_REV_PROTEIN",34,0.2595792873580529,1.0041264420619536,0.4612794612794613,0.6156066611171161,"POM121;NUP153;RANBP2;TPR;NUP98;NUP205;NUP58;POM121C;NUP133",1.1839788306855505,0.34340557044980635,,
"REACTOME_DOWNREGULATION_OF_SMAD2_3_SMAD4_TRANSCRIPTIONAL_ACTIVITY",30,0.2638881303048484,0.9954636044867861,0.4620253164556962,0.6158445557179735,"TRIM33;SKIL;USP9X;SMAD7;NCOR1;RNF111;NEDD4L;MAPK1;SMURF2",1.0089138030715121,0.6009673518742442,,
"REACTOME_SIRT1_NEGATIVELY_REGULATES_RRNA_EXPRESSION",32,-0.30549576095752673,-1.004444250951255,0.4638728323699422,0.6175484946274691,"H2AC20;H2AX;SUV39H1;H4C5;H2AZ2;RRP8;H2AJ;TBP;H3C10;H2AC8;H2BC12;H2BC11;H2BC4;H2BC26;H4C8;H2BC5;H4C9;TAF1C;H2BC21",-1.0545960635553455,0.543264885578974,,
"REACTOME_G_ALPHA_Q_SIGNALLING_EVENTS",138,0.1946821755582089,0.9912703766050379,0.46621621621621623,0.6199075914149443,"TRIO;SOS1;EDNRB;RPS6KA3;DGKH;RGS5;PIK3CA;PIK3R1;PRKCA;PRKCE;PLCB1;EGFR;CREB1;F2RL2;ITPR1;ITPR2;NRAS;GNAQ;GNG12;KALRN;PLCB4;EDN1;RGS17;MGLL;PTGFR;MAPK1;DGKI",1.088497343724818,0.3519071094966269,,
"REACTOME_POTASSIUM_CHANNELS",58,-0.2709829913438183,-1.0017094823019561,0.4688741721854305,0.6222644812701862,"GNG5;GNB2;KCNK1;KCNN2;GNGT2;GNB5;KCNK7;KCNN4;GNB1;GNB3;KCNJ8;HCN2;KCNJ10;KCNJ15;KCNAB3;KCNJ14;KCNK10;KCNK9;KCNJ5;KCNK6;KCNK13;KCNJ11;KCNJ2",-0.8154854333432654,0.8546218915887049,,
"REACTOME_HIGH_LAMINAR_FLOW_SHEAR_STRESS_ACTIVATES_SIGNALING_BY_PIEZO1_AND_PECAM1_CDH5_KDR_IN_ENDOTHELIAL_CELLS",60,0.22748833353622305,0.9874778657868335,0.4691358024691358,0.6222644812701862,"PRKAR2A;PRKACB;PIK3CB;PDPK1;PIK3CA;KDR;RICTOR;PKN2;PRKAR1A;VCL;GNAQ;GNG12",0.9788479309799248,0.6265869624455014,,
"REACTOME_SIGNALING_BY_NTRK3_TRKC",16,0.3115815033089867,0.9791379614119641,0.4701086956521739,0.6227935711631364,"SOS1;PIK3CA;PIK3R1",0.9565395938520165,0.6300530003593244,,
"REACTOME_SIGNALING_BY_FGFR",78,-0.2588147594016082,-1.0035640956761869,0.47477360931435963,0.6269260400616333,"POLR2I;POLR2L;UBA52;HRAS;UBB;POLR2F;POLR2G;POLR2H;POLR2E;POLR2J;PPP2R1A;GIPC1;UBC;HNRNPF;MAPK3",-1.0413786976438777,0.5405092511384127,,
"REACTOME_FORMATION_OF_THE_NEPHRIC_DUCT",15,0.3143951384451764,0.9683046484592039,0.47580645161290325,0.6269260400616333,"PCDH19;MECOM;NPNT;ID4",0.8883997719249282,0.7138114810992209,,
"REACTOME_LONG_TERM_POTENTIATION",15,0.31325165014616435,0.9647828222602751,0.47580645161290325,0.6269260400616333,"DLG1;GRIN2B;NRG1",1.0525014396985128,0.5117023897511702,,
"REACTOME_SEMA3A_PAK_DEPENDENT_AXON_REPULSION",15,0.31435228915727,0.9681726770652818,0.47580645161290325,0.6269260400616333,"PAK2;PLXNA4;PLXNA2",0.9843569990412326,0.603701085320032,,
"REACTOME_ACTIVATION_OF_MATRIX_METALLOPROTEINASES",22,-0.32833096396160927,-1.003825232788107,0.4761171032357473,0.6269260400616333,"TIMP1;MMP1;MMP25;MMP9;MMP3;MMP15;MMP13;FURIN;MMP7;MMP11;PRSS2;CTSK;MMP17;MMP14",-0.7997085928363253,0.8465788248323076,,
"REACTOME_DEFECTS_IN_VITAMIN_AND_COFACTOR_METABOLISM",22,-0.3281929985067363,-1.0034034230288824,0.4776579352850539,0.628192557314283,"MMAB;CD320;PCCB;AMN;MMACHC",-1.028443759820042,0.5922179104700807,,
"REACTOME_POSITIVE_EPIGENETIC_REGULATION_OF_RRNA_EXPRESSION",70,-0.2600605413945515,-0.9935968216283088,0.479002624671916,0.6291983629164999,"POLR2L;POLR2F;POLR1H;H2AC20;POLR1C;ACTB;H2AX;POLR2H;POLR2E",-0.9889850151042175,0.6265869624455014,,
"REACTOME_OVARIAN_TUMOR_DOMAIN_PROTEASES",39,-0.29638188790224584,-1.005210484145253,0.48148148148148145,0.6316897308432979,"UBA52;UBB;OTUB1;TNIP2;UBC;TNIP1;RPS27A;VCP;TP53;RHOA;RIPK2;OTUD5",-0.8227358736698749,0.8545051025061565,,
"REACTOME_GLYCOSPHINGOLIPID_METABOLISM",51,-0.2754121304980286,-0.9936738668171147,0.4833110814419226,0.6333243035802971,"HEXA;SMPD2;GLA;GM2A;SUMF2;GAL3ST1;FUT1;B3GALT4;PSAP;ARSI;GBA1;GBA2;ARSA;NEU1;CTSA;A4GALT",-1.0455350083686201,0.5405092511384127,,
"REACTOME_DAP12_INTERACTIONS",34,-0.29697921250945414,-0.9893572498047426,0.4879432624113475,0.6384121597254648,"HRAS;TYROBP;HLA-C;LCK;HLA-E;TREM2;KLRD1;HLA-B;TREM1;SIGLEC15;B2M;CLEC5A;SIGLEC14;LCP2",-0.8188772026625345,0.8397734521768138,,
"REACTOME_CARDIAC_CONDUCTION",85,0.21358235782213242,1.0005275185477196,0.4885844748858447,0.6384121597254648,"AKAP9;CES1;HIPK1;ITPR1;ITPR2;SCN5A;SCN4B;CACNB2;SCN3A;HIPK2;ATP2B4;RYR3;SCN8A;KAT2B;SLC8A1;ATP1A1;MME;ATP1A2;ATP1B2;ORAI2;TRPC1;ITPR3;CACNG4;RYR2;CAMK2G;ATP2B1;CACNA1C;ATP2A2;CAMK2D;ABCC9;CORIN;KCNK5;KCNIP3;FGF13;KCND1;FGF12;PLN;KCND3;SCN9A;CACNA2D2",1.099252524648635,0.3981073085713849,,
"REACTOME_PRESYNAPTIC_FUNCTION_OF_KAINATE_RECEPTORS",16,-0.34480594807967274,-0.9776309631391283,0.4889589905362776,0.6384121597254648,"GNG5;GNB2;GNGT2;GNB5;GNB1;PLCB3;GNB3",-1.0067834822275559,0.5940762400242837,,
"REACTOME_RAS_ACTIVATION_UPON_CA2_INFLUX_THROUGH_NMDA_RECEPTOR",16,0.30486093518806395,0.9580187251942577,0.49184782608695654,0.6406412352342484,"DLG1;GRIN2B;NRAS;DLG2;RASGRF1;KRAS;CAMK2G;LRRC7;CAMK2D",0.9563550967613206,0.6300530003593244,,
"REACTOME_ACTIVATION_OF_ANTERIOR_HOX_GENES_IN_HINDBRAIN_DEVELOPMENT_DURING_EARLY_EMBRYOGENESIS",83,-0.25284309643948155,-0.9882432745260806,0.49226804123711343,0.6406412352342484,"POLR2I;POLR2L;POLR2F;POLR2G;H2AC20;H2AX;POLR2H;POLR2E;POLR2J;PKNOX1;HDAC3;HOXC4;EED;H4C5;H2AZ2;PCGF2",-0.9933944952214353,0.6208576998050682,,
"REACTOME_DNA_DOUBLE_STRAND_BREAK_RESPONSE",57,-0.26714409328254524,-0.986843995019513,0.49269588313413015,0.6406412352342484,"BABAM1;UBA52;UBB;H2AX;KAT5;PPP5C;UBE2I;UBXN1;UBC;H4C5",-0.9707665396648353,0.6518569167652617,,
"REACTOME_TIGHT_JUNCTION_INTERACTIONS",22,-0.32471734675039,-0.9927771120306524,0.4930662557781202,0.6406412352342484,"PARD6A;CLDN7;CLDN3;CRB3;PARD6G;CLDN4;CLDN14",-0.972163671021124,0.6493498421222744,,
"REACTOME_G_PROTEIN_BETA_GAMMA_SIGNALLING",27,-0.3095044987777914,-0.9873748868943035,0.49402985074626865,0.6406412352342484,"GNG5;GNB2;AKT1;GNGT2;GNB5;RHOA;AKT2;GNB1;PLCB3;GNB3",-1.0812810396579973,0.5064751183457168,,
"REACTOME_CROSSLINKING_OF_COLLAGEN_FIBRILS",17,0.2929648502802028,0.9533762033966173,0.49476439790575916,0.6406412352342484,"COL4A5;COL4A6;COL4A1;TLL1;COL4A4;COL4A2",1.2755029002591725,0.2944052028598501,,
"REACTOME_DNA_METHYLATION",28,-0.3045453579901565,-0.980100800362691,0.4947994056463596,0.6406412352342484,"H2AC20;H2AX;H4C5;H2AZ2;UHRF1;H2AJ;H3C10;H2AC8;H2BC12;H2BC11;H2BC4;H2BC26;H4C8;H2BC5;H4C9;H2BC21;DNMT1;H3C8;H2BC15;H3-3B",-1.0469196739624014,0.543264885578974,,
"REACTOME_ESTROGEN_DEPENDENT_GENE_EXPRESSION",112,-0.2379445977015829,-0.9779051287141463,0.5,0.6458333333333334,"POLR2I;POLR2L;USF1;PRMT1;POLR2F;POLR2G;H2AC20;H2AX;POLR2H;POLR2E;USF2;CDK9;CTSD;KAT5;POLR2J",-1.0201004516214929,0.5644086935559587,,
"REACTOME_GLUCAGON_TYPE_LIGAND_RECEPTORS",20,-0.32511803305076437,-0.9759579798954603,0.5,0.6458333333333334,"GNG5;GNB2;GNGT2;GNB5;GNB1;GNB3;GIPR;GNAS",-0.9622144042571581,0.6540188435770978,,
"REACTOME_VOLTAGE_GATED_POTASSIUM_CHANNELS",18,0.2897143502314553,0.9563556465090419,0.5039787798408488,0.6501985447411665,"KCNA2;KCNH8;KCNA3;KCND1;KCND3;KCNC4;KCNH4;KCNAB1;KCNG1;KCNH2;KCNQ3;KCNH3;KCNC3;KCNS3;KCNAB2;KCNQ1;KCNQ4;KCNAB3",1.1299277413048257,0.4180319897058383,,
"REACTOME_L1CAM_INTERACTIONS",95,0.20546067695894812,0.9854888972576954,0.5071090047393365,0.6531399939802766,"DLG1;RPS6KA3;ANK3;DNM3;LAMC1;ITGA2;EGFR;RPS6KA6;ITGA9;SCN5A;ITGB1;SCN4B;SHTN1;SCN3A;NCAM1;CHL1;CLTC;SCN8A;SPTBN1;SPTAN1;ITGA1;MAPK1;NFASC;RDX;ANK2;ITGB3;ITGA10;ITGAV",1.1111999017184822,0.3458902289995218,,
"REACTOME_POSTMITOTIC_NUCLEAR_PORE_COMPLEX_NPC_REFORMATION",27,-0.3067962665790797,-0.9787351402300513,0.5074626865671642,0.6531399939802766,"SEC13;RAN;UBE2I;RCC1;RANGAP1;NUP37;NUP62;NUP85;SEH1L;NUP93;NUP188",-0.8864391591930204,0.7555106955885689,,
"REACTOME_SIGNALING_BY_MODERATE_KINASE_ACTIVITY_BRAF_MUTANTS",38,-0.29161818893804486,-0.9820570608852337,0.5085470085470085,0.6537600761534411,"HRAS;ACTB;PHB1;ARRB2;CSK;ACTG1;MAP2K2;MAPK3;PEBP1;ARRB1;ARAF;MAP3K11;CALM1;JAK2;APBB1IP",-0.9841403874994297,0.6425800474784321,,
"REACTOME_GABA_B_RECEPTOR_ACTIVATION",31,-0.2976614427371071,-0.9717677015667056,0.512372634643377,0.6576224637166466,"GNG5;GNB2;GNAI2;GNGT2;GNB5;GNB1;GNB3;KCNJ10;KCNJ15;GNAI3;KCNJ5;KCNJ2",-0.83748189018272845,0.8155172308219849,,
"REACTOME_EXTRACELLULAR_MATRIX_ORGANIZATION",273,0.17591045634519592,0.9821442502781055,0.5138888888888888,0.6576224637166466,"CAPN7;DST;SH3PXD2A;ITGA8;CDH1;COL4A5;LAMC1;KDR;COL14A1;ITGA2;MFAP3;ADAM17;PRKCA;ITGA6;CASK;CEACAM1;DMD;FBN2;COL4A6;CAST;LTBP1;LAMA2;ITGA9;TNXB;LAMA4;SNTB1;ITGB1;SNTB2;NID1;COL9A3;NCAM1;A2M;BCAN;COL21A1;HSPG2;CAPN6;UTRN;SGCD;ITGB6;MMP16;COL4A1;ITGA1;ELN;DDR2;LRP4;ADAMTS8;ADAM19;JAM3;JAM2;PLOD2;COL17A1;ITGA4;DTNA;COL8A1;ITGB3;COL12A1;ITGA10;ITGAV;CAPN3;LAMB1;HAPLN1;TLL1;ADAMTS9;COL6A3;COL4A4;LTBP2;COL4A2;ACAN;ADAMTS1;CAPN13;ADAMTS3;COL9A1;TNN;FBN1;MFAP4;MADCAM1;ITGB8",1.3429307854693915,0.017584743336127997,,
"REACTOME_SUMOYLATION_OF_TRANSCRIPTION_FACTORS",18,-0.33523155261442494,-0.9657296656326659,0.5152,0.6576224637166466,"SUMO3;UBE2I;TFAP2A;CDKN2A;MTA1;TP53;PIAS2;PIAS4;HIC1",-1.0126317056063865,0.5812780334818025,,
"REACTOME_OXIDATIVE_STRESS_INDUCED_SENESCENCE",87,-0.24733920457122113,-0.9712021032432329,0.5153846153846153,0.6576224637166466,"UBA52;UBB;H2AC20;H2AX;CDK4;RING1;CDKN2D;MAPKAPK3;UBC;MAPK11;EED;MAPK3;H4C5;CBX8;H2AZ2;MAP2K3;RPS27A;CDKN2A;E2F1;TP53;CDKN2C;PHC2",-1.0389334619246677,0.543859649122807,,
"REACTOME_REGULATION_OF_KIT_SIGNALING",16,-0.33731674628509667,-0.9563967715471582,0.5157728706624606,0.6576224637166466,"SOCS1;SH2B2;PTPN6;LCK",-0.9196216478707454,0.705017054638933,,
"REACTOME_SYNTHESIS_OF_BILE_ACIDS_AND_BILE_SALTS_VIA_7ALPHA_HYDROXYCHOLESTEROL",16,-0.3371205824000028,-0.9558405865712739,0.5157728706624606,0.6576224637166466,"HSD3B7;SLC27A5",-0.8935214939126247,0.7321010706224245,,
"REACTOME_DEPOLYMERIZATION_OF_THE_NUCLEAR_LAMINA",15,-0.3443153134727543,-0.9674134892712356,0.5158730158730159,0.6576224637166466,"CTDNEP1;LMNA;CCNB1;EMD",-1.0041460050949234,0.6208576998050682,,
"REACTOME_INTERACTIONS_OF_REV_WITH_HOST_CELLULAR_PROTEINS",37,0.24535148754790911,0.9632091781216149,0.5172413793103449,0.6576224637166466,"POM121;NUP153;RANBP2;TPR;NUP98;NUP205;XPO1;NUP58;POM121C;NUP133",1.159516791201763,0.34911407610794115,,
"REACTOME_IRAK4_DEFICIENCY_TLR2_4",15,-0.34269507587093573,-0.9628611511947945,0.5174603174603175,0.6576224637166466,"S100A8;CD14;S100A9;LY96;MYD88;S100A1",-1.0465707029836744,0.5520942423865902,,
"REACTOME_KERATAN_SULFATE_BIOSYNTHESIS",27,-0.3041110355248311,-0.9701687713438358,0.517910447761194,0.6576224637166466,"B3GNT4;B4GALT2;B4GAT1;B4GALT3",-0.9282395392834648,0.7094610293483095,,
"REACTOME_SIGNALING_BY_BRAF_AND_RAF1_FUSIONS",58,0.22519497490195092,0.9753543687156118,0.5182186234817814,0.6576224637166466,"KDM7A;AKAP9;BRAF;IQGAP1;TRIM24;KIAA1549;RAF1;KSR1;ESRP1;AP3B1;NRAS;VCL;ZC3HAV1;YWHAB;TRAK1;MAPK1",1.0144992983404983,0.5776003276003276,,
"REACTOME_E2F_MEDIATED_REGULATION_OF_DNA_REPLICATION",22,-0.31747641324120335,-0.9706389875060573,0.5208012326656395,0.6601277306567978,"POLA2;PPP2R1A;CCNB1;PPP2R3B;ORC1;E2F1;PPP2CA",-1.0945836460715601,0.5052967160360576,,
"REACTOME_SUMOYLATION_OF_RNA_BINDING_PROTEINS",47,0.24082425288442671,0.9714326541980185,0.5217391304347826,0.6605448734209324,"POM121;NUP153;RANBP2;PHC3;TPR;NUP98;NUP205;NUP58;NOP58;POM121C;NUP133",1.0810100583596691,0.45505871725383923,,
"REACTOME_EGFR_DOWNREGULATION",28,0.2633913412342176,0.967365847075014,0.5258358662613982,0.6649556117641225,"CBL;PTPRK;PTPN3;EGFR;ARHGEF7;PTPN12;EPS15;STAM2;AREG;EREG;EGF;STAM;SPRY1",1.0016507632189748,0.608500096566683,,
"REACTOME_SUMOYLATION_OF_UBIQUITINYLATION_PROTEINS",39,0.2405808240504902,0.9641622993826185,0.5266666666666666,0.6652308886301901,"POM121;NUP153;RANBP2;TPR;NUP98;NUP205;NUP58;POM121C;NUP133;PIAS1",1.0714328166502995,0.5052967160360576,,
"REACTOME_BBSOME_MEDIATED_CARGO_TARGETING_TO_CILIUM",21,-0.31374580001947106,-0.9500255372964933,0.5286821705426357,0.666828574402387,"CCT2;MKKS;CCT3;CCT5;CCT4;TTC8;BBS12;TCP1;CCT8",-0.8864587735811381,0.7370923913043479,,
"REACTOME_ONCOGENE_INDUCED_SENESCENCE",33,-0.29102823987114196,-0.9648701228638948,0.5291607396870555,0.666828574402387,"UBA52;UBB;CDK4;CDKN2D;UBC;MAPK3;RPS27A;CDKN2A;E2F1;TP53;CDKN2C;ERF",-0.9336793998425573,0.7058409044637858,,
"REACTOME_DEVELOPMENTAL_CELL_LINEAGES",106,-0.23485684316206093,-0.9614628767372531,0.5395858708891595,0.6791771112699978,"REG1A;KRT7;CD74;PRSS3;KRT10;KRT17;KRT18;ANXA2;MUC1;TFAP2A;SLPI;KRT8;KRT19;LAMA1;CXCR4;RNASE1;COL11A2;KLK7;FABP5;GJB3;MFGE8;BHLHA15;KRT15;PDIA2;HOPX;HHEX;ANXA1;AQP3;DMKN;CD44;SOX17;VIM;GATA6;ACTA2;FOXA2;AQP1;ERBB2;GATA3;LAMB3",-0.6922086494784461,0.9910331384015594,,
"REACTOME_INTEGRATION_OF_ENERGY_METABOLISM",87,0.20574186048010656,0.9744176720048273,0.5405405405405406,0.6795903667282578,"PRKAR2A;PRKACB;PRKCA;PLCB1;IQGAP1;ITPR1;PRKAA2;ITPR2;PRKAB2;CACNB2;PRKAR1A;RAPGEF4;GNAQ;CACNA1D;GNG12;MARCKS;ACACA;ADCY6;PPP2R1B",0.8371094939179158,0.9097578870139398,,
"REACTOME_DISEASES_OF_MITOTIC_CELL_CYCLE",38,-0.2847085449530227,-0.9587880573693528,0.5413105413105413,0.6797707607892793,"ANAPC11;ANAPC15;CDK4;ANAPC5;ANAPC2;UBE2S;ANAPC7;FZR1;DAXX;CCND3",-0.9760169818056513,0.6464526265928809,,
"REACTOME_CS_DS_DEGRADATION",17,-0.3289806338525131,-0.9390663068418226,0.5451612903225806,0.6827731092436974,"HEXA;GUSB;IDUA;HYAL3;HYAL1;CSPG5;GLB1L2",-0.895035164293745,0.7202875459959789,,
"REACTOME_SIGNALING_BY_NOTCH3",46,0.2359455193365692,0.9617778720564767,0.5454545454545454,0.6827731092436974,"PBX1;EP300;MAML2;NEURL1B;MAML3;MAML1;EGFR",1.0515310723602473,0.4858108942687747,,
"REACTOME_HS_GAG_BIOSYNTHESIS",25,0.2607269760092616,0.9338506221907219,0.5457227138643068,0.6827731092436974,"HS2ST1;GLCE;HSPG2;NDST1;GPC3",0.8204463360379072,0.8591232002855007,,
"REACTOME_REGULATION_OF_SIGNALING_BY_CBL",21,0.27384525469718324,0.9271610744962706,0.5462184873949579,0.6827731092436974,"CBL;PIK3CB;PIK3CA;PIK3R1",0.960902224858992,0.6489523738762167,,
"REACTOME_DEVELOPMENTAL_LINEAGE_OF_MAMMARY_GLAND_LUMINAL_EPITHELIAL_CELLS",20,0.2684237950474966,0.9037811255841349,0.547486033519553,0.6835700188362659,"CDH1;ITGA6;ITGB1;PGR;KIT;EPCAM;AREG;EGF;ALDH1A3",0.8945529491923101,0.7008690555716609,,
"REACTOME_SIGNALING_BY_FGFR_IN_DISEASE",53,-0.26172770244738836,-0.9536298933467107,0.548472775564409,0.6837614635118557,"POLR2I;POLR2L;HRAS;POLR2F;POLR2G;POLR2H;POLR2E;POLR2J",-0.9349841570883418,0.7058409044637858,,
"REACTOME_SARS_COV_2_ACTIVATES_MODULATES_INNATE_AND_ADAPTIVE_IMMUNE_RESPONSES",107,-0.23340351526249126,-0.9559949707401069,0.5488997555012225,0.6837614635118557,"UBA52;SEC13;UBB;ISG15;IRF7;HLA-G;AAAS;IFNAR2;HLA-C;HLA-F;IL17RC;PTPN6;HLA-A;HLA-E;IRF3;UBC;CNBP;HLA-B;STING1;NUP37;RPS27A;TYK2;TAB1;B2M;SAR1B;NUP62;NUP85;SEH1L;TKFC;RIPK2;NUP93;STAT1;IKBKE",-0.9066583039073348,0.754037043978011,,
"REACTOME_BETA_CATENIN_PHOSPHORYLATION_CASCADE",17,0.2838700352151833,0.9237795461560316,0.5497382198952879,0.6840206061770497,"GSK3B;AMER1;APC;PPP2R1B;CSNK1A1",0.785035778174326,0.8591232002855007,,
"REACTOME_NEGATIVE_REGULATION_OF_FGFR3_SIGNALING",22,-0.30678738365361596,-0.9379587995500608,0.5531587057010786,0.6866066110780227,"UBA52;UBB;PPP2R1A;UBC;MAPK3;RPS27A;PPP2CA",-1.0235485264872246,0.5941194847640103,,
"REACTOME_ACTIVATED_TAK1_MEDIATES_P38_MAPK_ACTIVATION",23,-0.30723416966258443,-0.9448487954716068,0.5531914893617021,0.6866066110780227,"UBA52;UBB;MAPKAPK3;UBC;MAPK11;MAP2K3;RPS27A;TAB1",-0.9613401319027938,0.6648920890863479,,
"REACTOME_TRANSCRIPTIONAL_REGULATION_BY_VENTX",39,-0.2796300380371171,-0.9483948155750851,0.5541310541310541,0.6866066110780227,"ANAPC11;ANAPC15;ANAPC5;ANAPC2;UBE2S;ANAPC7;FZR1;CEBPB;IL6;EHMT2;CDKN2A;TP53",-1.0226061254997005,0.5941194847640103,,
"REACTOME_SYNAPTIC_ADHESION_LIKE_MOLECULES",16,0.2933749374766223,0.9219242322140029,0.5543478260869565,0.6866066110780227,"DLG1;GRIN2B;PTPRD",0.8516771767165039,0.7874918710516537,,
"REACTOME_CONSTITUTIVE_SIGNALING_BY_AKT1_E17K_IN_CANCER",26,-0.2965535609797663,-0.9372053019823646,0.5560538116591929,0.687934305188397,"MLST8;BAD;RPS6KB2;PRR5;AKT1;AKT1S1",-0.9537747502096185,0.666215928902496,,
"REACTOME_SIGNALLING_TO_RAS",18,-0.32428959808209834,-0.9342082589826616,0.5568,0.6880728929384966,"HRAS;MAPK12;MAPKAPK3;MAPK11",-0.8835964042967052,0.7379828244472982,,
"REACTOME_REGULATION_OF_MITF_M_DEPENDENT_GENES_INVOLVED_IN_PIGMENTATION",39,0.23483092776544176,0.9411187619548791,0.5633333333333334,0.6953545695866515,"SMARCC1;SYTL2;CREB1;MAPK14;SMARCA2;ARID1B;MYRIP;ARID1A",-0.8477832428431759,0.8237478159580663,,
"REACTOME_BILE_ACID_AND_BILE_SALT_METABOLISM",31,0.24655145760821823,0.9348392672149108,0.5650793650793651,0.6967171717171717,"NCOA2;NCOA1;OSBPL3;OSBPL9;SCP2;OSBP;HSD17B4;ABCC3;CYP7B1;CYP39A1;CH25H",0.8566898736435303,0.8338255769798744,,
"REACTOME_DEFECTIVE_PYROPTOSIS",37,-0.2773345765490807,-0.9357535394811685,0.5702247191011236,0.7018923685590353,"POLA2;H2AC20;H2AX;EED;H4C5;H2AZ2;H2AJ;RBBP4;H3C10;H2AC8;GSDME;PRIM1;H2BC12;H2BC11;H2BC4;H2BC26;H4C8;H2BC5;H4C9;H2BC21;RBBP7;PRIM2;DNMT1;H3C8;H2BC15",-0.9814965264945051,0.6357095862969667,,
"REACTOME_CD28_DEPENDENT_PI3K_AKT_SIGNALING",26,0.2556119755982295,0.9234725291624394,0.5705705705705706,0.7018923685590353,"PIK3CB;PDPK1;PIK3CA;PIK3R1;RICTOR",0.9734522538931469,0.6434522278430364,,
"REACTOME_MITOTIC_PROPHASE",106,-0.23023169644772984,-0.9425283342925005,0.5724725943970768,0.7034346148593752,"CTDNEP1;SEC13;H2AC20;NCAPH2;H2AX;PLK1;PPP2R2D;AAAS;LMNA;BANF1;RAB1B;PPP2R1A;CCNB1;CCNB2;MAPK3;H4C5;H2AZ2;NUP37;EMD;NUP62;PPP2CA;NUP85;SEH1L;ENSA;NUP93;GORASP2;H2AJ;NUP188",-0.9225725281697069,0.724803032948659,,
"REACTOME_SYNTHESIS_OF_LEUKOTRIENES_LT_AND_EOXINS_EX",15,-0.3262820223537398,-0.9167458355194071,0.5746031746031746,0.7052538964303671,"LTC4S;ALOX5AP;DPEP2;ALOX5;MAPKAPK2;ALOX15;GGT5;LTA4H",-0.791499509195304,0.8430960459198494,,
"REACTOME_SPHINGOLIPID_METABOLISM",97,-0.23392530845094392,-0.9445309338400343,0.57875,0.7095409604519773,"ORMDL2;HEXA;SPHK1;SMPD2;MFSD2B;PLPP2;DEGS2;GLA;GM2A;SUMF2;PRKD2;CERS5;GAL3ST1;SPTSSA;FUT1;B3GALT4;PSAP;DEGS1;ARSI;GBA1;GBA2;ARSA;NEU1;CTSA;KDSR;A4GALT;CSNK1G2;ALDH3B1;ALDH3B2;ALDH3A2;GLB1L2;SPNS2",-0.9625298614957264,0.6681034482758621,,
"REACTOME_ASSEMBLY_AND_CELL_SURFACE_PRESENTATION_OF_NMDA_RECEPTORS",29,-0.2863810993131962,-0.9293952699290963,0.5817378497790869,0.712399059831049,"TUBB4B;TUBA1B;TUBA4A;TUBA1C;LIN7B;TUBB3;GRIN2C;TUBB6;TUBA1A",-0.8148984267052344,0.8385650757413616,,
"REACTOME_FOXO_MEDIATED_TRANSCRIPTION_OF_OXIDATIVE_STRESS_METABOLIC_AND_NEURONAL_GENES",21,0.26631270006262786,0.9016580163680625,0.5826330532212886,0.7125826301737553,"FOXO3;PLXNA4;PCK1;HDAC2;ABCA6;FOXO4;CAT;SIN3A;ATXN3;SMAD3",0.9498337044856398,0.654757244816743,,
"REACTOME_RHO_GTPASES_ACTIVATE_CIT",19,-0.309555083623313,-0.9066174194619375,0.5832012678288431,0.7125826301737553,"MYL6;PRC1;RHOC;MYL12B",-0.8018896216213142,0.8430960459198494,,
"REACTOME_CELL_EXTRACELLULAR_MATRIX_INTERACTIONS",18,-0.31694033759016693,-0.9130366275471101,0.584,0.712755905511811,"ACTB;ACTG1;TESK1;PARVB",-0.6758137024583056,0.9440196656223828,,
"REACTOME_MITF_M_DEPENDENT_GENE_EXPRESSION",101,-0.2298545889352968,-0.9358412884321167,0.5873015873015873,0.715980024968789,"ATP6V0B;USF1;BCL7C;MCM5;ATP6V1F;ACTB;ATP6V0E1;HINT1;PLK1;ATP6V0D1;SMARCB1;BCL2A1;GMPR;ATP6V1E1;CCNB1;TFAP2A",-0.9379362373701166,0.7074641716507339,,
"REACTOME_TRAFFICKING_OF_AMPA_RECEPTORS",23,-0.29788789825330564,-0.9161058555411098,0.5881458966565349,0.7162045991833225,"AP2S1;PRKCG;AP2M1;PICK1",-0.852366409078283,0.7881811870878167,,
"REACTOME_NEGATIVE_REGULATION_OF_FGFR4_SIGNALING",24,-0.2940238925621037,-0.9183689661872236,0.593423019431988,0.721820600990703,"UBA52;UBB;PPP2R1A;UBC;MAPK3;RPS27A;PPP2CA;KLB;MKNK1",-0.9461950546432083,0.6888423612049169,,
"REACTOME_FORMATION_OF_THE_CANONICAL_BAF_CBAF_COMPLEX",18,-0.3129884616566809,-0.9016521269113458,0.5952,0.7227868746852196,"BCL7C;ACTB;SMARCB1;BCL7B;DPF2;DPF1;ACTL6A",-1.0267107473625778,0.5656018355797596,,
"REACTOME_PHASE_I_FUNCTIONALIZATION_OF_COMPOUNDS",72,-0.24300957140922508,-0.9308719440668058,0.5955497382198953,0.7227868746852196,"CBR3;AIP;FDXR;NQO2;PAOX;ADH5;CYP27B1;CYB5R3;ALDH3A1;SMOX;POR;FDX1;MAOB;FMO1;CYP51A1;MTARC2;ARNT2;AHR;BPHL;CYP2D6",-0.9449502543436042,0.7001106165556112,,
"REACTOME_EARLY_SARS_COV_2_INFECTION_EVENTS",36,0.2364237060710851,0.9202860661133228,0.5985915492957746,0.7256668502635928,"PIK3R4;CHMP3;HSPG2;HAVCR1;ACE2;BECN1;GPC3;DDX5;TMPRSS2;RB1;UVRAG;CHMP2B",0.8468007013598242,0.8514998256016743,,
"REACTOME_SIGNALING_BY_RETINOIC_ACID",34,-0.27517343224644575,-0.9167134219470278,0.6,0.7265625,"RDH16;DHRS4;RXRB;PDHB;FABP5;RDH13;SDR16C5;RDH11;DHRS3",-0.8738355194303884,0.7839843720537323,,
"REACTOME_WNT_LIGAND_BIOGENESIS_AND_TRAFFICKING",18,-0.3097845210280168,-0.8924222662735389,0.6048,0.7307906458797329,"WNT10B;PORCN;WNT7B;VPS29;SNX3",-0.9634071517604571,0.6489523738762167,,
"REACTOME_METABOLISM_OF_NITRIC_OXIDE_NOS3_ACTIVATION_AND_REGULATION",17,-0.31448370833950196,-0.8976852257044826,0.6048387096774194,0.7307906458797329,"NOSIP;SPR;AKT1",-1.0040385105750456,0.5941194847640103,,
"REACTOME_REGULATION_OF_MITF_M_DEPENDENT_GENES_INVOLVED_IN_CELL_CYCLE_AND_PROLIFERATION",18,-0.30894813250400777,-0.8900128116642372,0.608,0.733743423088827,"HINT1;PLK1;CCNB1;CDKN2A",-1.1605262970883978,0.4193681717643379,,
"REACTOME_EPHB_MEDIATED_FORWARD_SIGNALING",42,-0.2661310331980068,-0.9178285118339516,0.6086350974930362,0.733743423088827,"HRAS;ACTB;ARPC1B;EPHB6;ARPC4;CFL1;ARPC1A;ACTG1",-0.8877621404366324,0.7530005933857467,,
"REACTOME_DISEASES_OF_SIGNAL_TRANSDUCTION_BY_GROWTH_FACTOR_RECEPTORS_AND_SECOND_MESSENGERS",419,-0.20604930778829053,-0.9539233656229871,0.6160990712074303,0.7415676042767092,"POLR2I;POLR2L;PSMB6;PSMA6;PSMB4;UBA52;PSMB3;HRAS;PSMC3;AGTRAP;MLST8;PSMB5;UBB;BAD;POLR2F;RPS6KB2;POLR2G;PSMB1;RBX1;PSMD8;PSMB7;RHOG;PSMD13;PSMC5;ACTB;PSMA5;MIB2;POLR2H;PSMC4;PSMA1;PHB1;PSMB2;HDAC10;POLR2E;BCL2A1;CTBP1;RAC2;CDC37;ADRM1;LMNA;POLR2J;APH1A;PRF1;KREMEN2;PSMC2;PTPN6;ARRB2;RPS6;HDAC3;LCK;CSK;PSMD2;ACTG1;PSMD14;PPP2R1A;PSMA7;CCNB1;PSMA3;PRR5;AKT1;PORCN;MAP2K2;TGFB1;UBC;MAPK3;PIK3AP1;PEBP1;CEBPB;PSENEN;AKT1S1;DERL2;PSMD3;GTF2F1",-0.9724926228560128,0.6869575375270136,,
"REACTOME_ISG15_ANTIVIRAL_MECHANISM",74,-0.23931034465608172,-0.9181283750973684,0.6164921465968587,0.7415676042767092,"UBA52;SEC13;UBB;UBE2L6;PIN1;ISG15;EIF4A3;AAAS;EIF4E2;IRF3;USP18;UBC;MAPK3;NUP37;MX1;RPS27A;UBA7;NUP62;NUP85;SEH1L;NUP93;STAT1",-0.8230600661014172,0.8581639228238078,,
"REACTOME_NEGATIVE_REGULATION_OF_FGFR2_SIGNALING",24,-0.288391773504214,-0.9007773231694882,0.6218236173393124,0.7471524084309566,"UBA52;UBB;PPP2R1A;UBC;MAPK3;RPS27A;PPP2CA",-0.9437634151502611,0.6934228072439454,,
"REACTOME_NUCLEAR_RNA_DECAY",35,0.23371046446054475,0.9081208822386304,0.6237288135593221,0.7483142934706845,"ZFC3H1;YTHDC1;RBM26;TENT4B;MTREX;NCBP1;DIS3;YTHDC2;RBM27;NCBP2;ZC3H18;PAPOLG;WDR82",-0.8143976173781985,0.8430960459198494,,
"REACTOME_RHO_GTPASES_ACTIVATE_PKNS",57,-0.2449432830917147,-0.9048330624468159,0.6241699867197875,0.7483142934706845,"MYL6;H2AC20;H2AX;SFN;RHOC;YWHAH;YWHAE;MYL12B;H4C5;PKN3;H2AZ2",-0.9298658227363716,0.7094610293483095,,
"REACTOME_MISCELLANEOUS_TRANSPORT_AND_BINDING_EVENTS",23,0.25489580577155635,0.8807209665039585,0.625,0.7484823399558499,"ADD3;NIPAL1;LRRC8B;NIPA2;LRRC8D;NIPAL2;DMTN;ANKH;NIPA1;NIPAL3",0.9372709977013858,0.6656217345872518,,
"REACTOME_INTEGRIN_SIGNALING",23,0.2532607480745754,0.8750714832148321,0.6337209302325582,0.7580895361657394,"SOS1;PDPK1;RAPGEF4;PTK2;SYK;ITGB3",1.0891116549844433,0.4715378079864061,,
"REACTOME_SUMOYLATION_OF_DNA_REPLICATION_PROTEINS",46,-0.2565138333253282,-0.9051375648661111,0.6355013550135501,0.7593821257595835,"SEC13;AURKB;SUMO3;AAAS;UBE2I;PCNA;RANGAP1;BIRC5;CDCA8",1.0629580126121485,0.4814956241743725,,
"REACTOME_CLATHRIN_MEDIATED_ENDOCYTOSIS",132,-0.22000492309078992,-0.9204036545955969,0.6431980906921241,0.7677336946105112,"NEDD8;UBA52;AP2S1;UBB;ACTB;COPS3;COPS6;VAMP8;CLTA;ARPC4;GPS1;CLTB;CD3D;AP2M1;COPS7A;ARPC1A;TOR1A;SH3GL1;ARRB2;ACTG1;RAB5C;NECAP2",-0.93340917579102,0.7370606714495613,,
"REACTOME_EPHA_MEDIATED_GROWTH_CONE_COLLAPSE",26,0.24716630403747222,0.8929600867839695,0.6486486486486487,0.7733887733887734,"ROCK2;ROCK1",1.14687104460454,0.3954644050920987,,
"REACTOME_RAB_GEFS_EXCHANGE_GTP_FOR_GDP_ON_RABS",89,-0.22766718096036115,-0.8971907656246889,0.6516709511568124,0.7761393874919226,"TRAPPC2L;TRAPPC1;TRAPPC4;TRAPPC3;TRAPPC5;RAB3A;DENND6B;RAB1B;YWHAE;RAB5C;AKT1;MON1A;RIN1;RAB35;RABGEF1;RAB38;RAB13;RAB8A;TRAPPC6A",-0.9268619172865714,0.7146446508115414,,
"REACTOME_MUSCLE_CONTRACTION",139,0.18150989458588226,0.9257762356260242,0.6533333333333333,0.777266081871345,"AKAP9;PAK2;CES1;HIPK1;DMD;ITPR1;GUCY1A2;ITPR2;SCN5A;SCN4B;CACNB2;SCN3A;SORBS1;HIPK2;TMOD3;ATP2B4;RYR3;SCN8A;VCL;KAT2B;SLC8A1;ITGA1;TTN;ATP1A1;MME;MYH11;TMOD2;MYLK;ATP1A2;GUCY1A1;ATP1B2;CACNA1H;CALD1;ORAI2",1.1048674136172743,0.32163175956857337,,
"REACTOME_REGULATION_OF_TP53_ACTIVITY_THROUGH_ACETYLATION",30,-0.26825041776136366,-0.875063853310538,0.6545189504373178,0.7778237253280282,"PIN1;PIP4P1;PML;AKT1;MBD3;MTA2;ING2;TP53;CHD4;AKT2",-0.8299427945481838,0.8270875329375099,,
"REACTOME_DEVELOPMENTAL_CELL_LINEAGES_OF_THE_EXOCRINE_PANCREAS",61,-0.23733053651106295,-0.8852306560947975,0.6561264822134387,0.7788809991264563,"REG1A;KRT7;CD74;KRT17;ANXA2;KRT19;LAMA1;CXCR4;RNASE1;COL11A2",-0.5860524853542478,0.9971805715750351,,
"REACTOME_NEGATIVE_REGULATION_OF_FGFR1_SIGNALING",24,-0.28083525530599446,-0.8771749154018676,0.6591928251121076,0.7812645173278825,"UBA52;UBB;PPP2R1A;UBC;MAPK3;RPS27A;PPP2CA",-0.8742574183571236,0.7741249130049099,,
"REACTOME_ADRENALINE_NORADRENALINE_INHIBITS_INSULIN_SECRETION",23,-0.2828554753892666,-0.8698760802146681,0.6595744680851063,0.7812645173278825,"GNG5;GNB2;GNAI2;GNGT2;GNB5;GNB1;GNB3;CACNB3",-0.8806739538986877,0.7503355567516744,,
"REACTOME_CLASS_B_2_SECRETIN_FAMILY_RECEPTORS",59,-0.23936000519724568,-0.8840005099740686,0.6622162883845126,0.7829391493178494,"GNG5;GNB2;RAMP1;WNT10B;WNT7B;ADGRE5;FZD2;GNGT2;GNB5;FZD9;WNT4;GNB1;ADM;GNB3;ADGRE1;CD55;UCN3;GIPR;RAMP3;UCN;GNAS",-0.7529969780021892,0.933570460704607,,
"REACTOME_REPLACEMENT_OF_PROTAMINES_BY_NUCLEOSOMES_IN_THE_MALE_PRONUCLEUS",20,-0.29000288203022995,-0.8705473032493769,0.6630434782608695,0.7829391493178494,"H2AX;HIRA;H4C5;METTL23",-0.994380892954555,0.6297771111422318,,
"REACTOME_MEIOSIS",72,0.2052674521813727,0.9285339974201091,0.6638655462184874,0.7829391493178494,"ATR;ATM;SYCP2;RAD50;MRE11;STAG2;DIDO1;STAG1;H3-3A;SMC3",0.944600188078545,0.7379828244472982,,
"REACTOME_HOMOLOGOUS_DNA_PAIRING_AND_STRAND_EXCHANGE",43,0.21869571141709904,0.8933881496199586,0.6643109540636042,0.7829391493178494,"ATR;ATM;RAD50;TOPBP1;MRE11;WRN;BRCA2;BRCA1;RAD17;BRIP1;BLM;PALB2;DNA2;XRCC2",-0.7506630265070992,0.9158136384163782,,
"REACTOME_APOPTOTIC_FACTOR_MEDIATED_RESPONSE",20,-0.28923547536025623,-0.8682436578429441,0.6645962732919255,0.7829391493178494,"C1QBP;GSDMD;BAK1;MAPK3;CDKN2A;BAX",-1.0321043016181823,0.5776003276003276,,
"REACTOME_NEUROTRANSMITTER_RECEPTORS_AND_POSTSYNAPTIC_SIGNAL_TRANSMISSION",135,0.18216572595372532,0.9299729367614656,0.6666666666666666,0.7843033586132178,"PRKAR2A;PRKACB;DLG1;PDPK1;RPS6KA3;GRIN2B;LIN7A;PRKCA;MYO6;PLCB1;NRG1;CASK;CREB1;PRKAA2;RPS6KA6;GRIK3;PRKAB2;ARHGEF7;PRKAR1A;EPB41L1;PRKAA1;NRAS;GNG12;ARHGEF9;DLG2;RASGRF1;MAPK1;GRIP1;ADCY6",-0.7091515392439893,0.9876821440802485,,
"REACTOME_LISTERIA_MONOCYTOGENES_ENTRY_INTO_HOST_CELLS",18,-0.2970639962789554,-0.8557771831458403,0.6672,0.7843033586132178,"UBA52;UBB;SH3GL1;UBC",-0.9107382323439674,0.7105185331230284,,
"REACTOME_HS_GAG_DEGRADATION",19,-0.29080840047686524,-0.8517125886358187,0.6687797147385103,0.7853095135187053,"CTSL;HPSE;NAGLU;IDUA;SGSH",-0.799521601765281,0.8455049782000389,,
"REACTOME_ASSEMBLY_OF_COLLAGEN_FIBRILS_AND_OTHER_MULTIMERIC_STRUCTURES",56,0.20843946970617686,0.8910611723465314,0.672,0.7882378378378379,"DST;COL4A5;COL14A1;ITGA6;COL4A6;COL9A3;COL4A1;COL17A1;COL8A1;COL12A1;TLL1;COL6A3;COL4A4;COL4A2",1.3675939520080058,0.1026101759031587,,
"REACTOME_ATTACHMENT_AND_ENTRY",18,0.26035495105408735,0.859439400700172,0.6737400530503979,0.7894254401292459,"HSPG2;HAVCR1;ACE2;GPC3;TMPRSS2",0.6974517756008201,0.9337543030152213,,
"REACTOME_SARS_COV_1_TARGETS_HOST_INTRACELLULAR_SIGNALLING_AND_REGULATORY_PATHWAYS",16,-0.2975462905284374,-0.843635291699134,0.6750788643533123,0.7901408498633699,"SFN;UBE2I;YWHAH;YWHAE",0.8652097987007252,0.7718907445418921,,
"REACTOME_DEVELOPMENTAL_LINEAGE_OF_PANCREATIC_DUCTAL_CELLS",42,-0.2524518600743214,-0.8706519952121946,0.6768802228412256,0.7913955191624243,"KRT7;CD74;KRT17;ANXA2;KRT19;LAMA1;COL11A2",-0.6008355852939627,0.9912986124745123,,
"REACTOME_FORMATION_OF_THE_NON_CANONICAL_BAF_NCBAF_COMPLEX",17,0.2606670457228923,0.8482715867252179,0.6780104712041884,0.7918636827304031,"BICRAL;SMARCC1;SMARCA2",-0.8232538395159875,0.8199425797288225,,
"REACTOME_GLUTAMATE_NEUROTRANSMITTER_RELEASE_CYCLE",18,-0.2943109322774549,-0.8478462006446424,0.68,0.7933333333333334,"RAB3A;CPLX1;GLS2;SLC1A3;STXBP1;STX1A;PPFIA4;SLC1A1;PPFIA3;ARL6IP5",-0.8255962470692801,0.8199425797288225,,
"REACTOME_CELLULAR_HEXOSE_TRANSPORT",15,-0.29944560977812335,-0.8413442878291562,0.6825396825396826,0.7953537760355506,"SLC50A1;SLC2A6",-0.7346257952207061,0.8908362254906312,,
"REACTOME_P75_NTR_RECEPTOR_MEDIATED_SIGNALLING",92,0.19243918271760035,0.9188142014658354,0.6837209302325581,0.7953537760355506,"TRIO;SOS1;ARHGEF12;SOS2;AKAP13;ADAM17;ARHGEF11;PRDM4;ARHGEF7;ARHGEF38;ITSN1;ARHGEF10;PRKCI;KALRN;ARHGEF5;FGD4;ARHGEF9;NET1;TRAF6;GNA13;VAV3",0.8983451276230916,0.8499907548877449,,
"REACTOME_SIGNALING_BY_NOTCH1_PEST_DOMAIN_MUTANTS_IN_CANCER",57,-0.2367264961740825,-0.8744798297461248,0.6839309428950863,0.7953537760355506,"UBA52;UBB;RBX1;MIB2;HDAC10;APH1A;HDAC3;UBC;PSENEN",-1.0059116751100257,0.6060001595787122,,
"REACTOME_KINESINS",48,-0.24165602066740197,-0.8676959535398713,0.6851119894598156,0.7958742061711991,"TUBB4B;TUBA1B;TUBA4A;KIF9;TUBA1C;KIF22;KLC3;KLC2;TUBB3;KIFC1;KLC1;TUBB6;KIF2C;TUBA1A",0.9239432334716403,0.7338873321093826,,
"REACTOME_REGULATION_OF_FZD_BY_UBIQUITINATION",17,-0.2952241793899173,-0.842709422082231,0.6870967741935484,0.7972862231974752,"UBA52;UBB",-0.7983262559241698,0.8465788248323076,,
"REACTOME_NEGATIVE_REGULATION_OF_MET_ACTIVITY",19,-0.2884310276548863,-0.8447497967871658,0.687797147385103,0.7972862231974752,"UBA52;UBB;SH3GL1;UBC",-0.8551453855468647,0.7718907445418921,,
"REACTOME_G_ALPHA_Z_SIGNALLING_EVENTS",39,-0.2553337842505698,-0.8659915040753404,0.6894586894586895,0.7981362361867063,"GNG5;GNB2;PRKCG;GNAI2;RGS19;GNGT2;GNB5;GNB1;GNB3;PRKCD;RGS16;GNAS;GNAI3;GNAZ",-0.7385826533497332,0.927092709270927,,
"REACTOME_SIGNALING_BY_NUCLEAR_RECEPTORS",238,-0.20493143155515847,-0.9103233837241154,0.6902173913043478,0.7981362361867063,"POLR2I;POLR2L;HRAS;USF1;PRMT1;POLR2F;POLR2G;H2AC20;GNG5;GPS2;SPHK1;H2AX;GNB2;RDH16;POLR2H;APOC1;DHRS4;POLR2E;USF2;CDK9;CTSD;KAT5;PPP5C;APOE;POLR2J;HDAC3;SREBF1;HSPB1;GTF2A2;AKT1;RXRB;FKBP4;GNAI2;MAPK3;H4C5;ABCG5;NR1H2;GTF2F1;H2AZ2;GNGT2;JUND;GNB5;PDHB;CAV2;POLR2C;FABP5;NR1H3;CARM1;TFF3",-0.9420151901172985,0.7238398501078769,,
"REACTOME_INTERACTIONS_OF_VPR_WITH_HOST_CELLULAR_PROTEINS",37,-0.25646017102240093,-0.8653212872203364,0.6910112359550562,0.7981362361867063,"SEC13;SLC25A5;AAAS;SLC25A6;BANF1;SLC25A4;HMGA1;NUP37;NUP62;NUP85;SEH1L;NUP93;NUP188",0.9682630511686917,0.6540188435770978,,
"REACTOME_THE_PHOTOTRANSDUCTION_CASCADE",21,-0.282139858560405,-0.8543224186745156,0.6914728682170542,0.7981362361867063,"FNTB;PDE6B;GNB5;PDE6G;PPEF1;GNB1;CALM1;FNTA;RGS9;GUCA1B;METAP1;NMT1;METAP2",-0.8607103167410288,0.7798249266397018,,
"REACTOME_ACTIVATION_OF_SMO",17,0.25873254782460703,0.8419762777146591,0.693717277486911,0.7998759256889463,"PTCH1;KIF3A;EVC;CSNK1A1;SHH;BOC;EFCAB7;CDON",0.971952137888508,0.6208576998050682,,
"REACTOME_TRIGLYCERIDE_CATABOLISM",19,-0.28599302883431005,-0.8376094449845387,0.6973058637083994,0.8027324964857333,"PPP1CA;FABP3;FABP5;PLIN3;PNPLA4;LIPE;CAV1;PPP1CC;FABP6",-0.9934704890759264,0.6146264091089333,,
"REACTOME_FCGAMMA_RECEPTOR_FCGR_DEPENDENT_PHAGOCYTOSIS",130,0.17855275217604352,0.9111900880876546,0.6976744186046512,0.8027324964857333,"ACTR2;NCKAP1;PIK3CB;PIK3CA;ABI2;WIPF2;PIK3R1;MYO10;DOCK1;PRKCE;ITPR1;ITPR2;WASL;ABL1;ELMO2;PTK2;MAPK1;VAV3;IGHV2-5;SYK;IGKV1D-16;WASF2;IGHV3-7;MYH9;IGHV3-13;IGHV4-39;PLCG1;IGHV3-11;PLD1;YES1;ITPR3;WASF3",0.9016350894368719,0.8270875329375099,,
"REACTOME_NOD1_2_SIGNALING_PATHWAY",36,-0.25158632475134196,-0.8476833679429878,0.6991643454038997,0.8035946130966433,"UBA52;UBB;MAPK12;AAMP;UBC;MAPK11;RPS27A;TAB1;CASP1;CASP4;RIPK2;BIRC3",-0.8055184984195775,0.850071225071225,,
"REACTOME_HYALURONAN_METABOLISM",17,-0.29246427788107565,-0.8348313579943704,0.7016129032258065,0.8055555555555556,"HEXA;HYAL2;GUSB;HYAL3;HYAL1;CD44",-0.9071436676199633,0.7140481206342166,,
"REACTOME_PLATELET_AGGREGATION_PLUG_FORMATION",30,0.23011818091600975,0.8680734278118633,0.7025316455696202,0.8057577541681162,"SOS1;PDPK1;RAPGEF4;PTK2;SYK;ITGB3",1.060693501015072,0.5335785663702888,,
"REACTOME_REGULATION_OF_CDH1_GENE_TRANSCRIPTION",69,0.19684078189781012,0.8901975641500988,0.7046413502109705,0.807324039048472,"ZMYM2;MPHOSPH8;ZNF217;CDH1;H3-3A;SP1;ZEB1;ZBTB33;SUZ12;ARID1A;TCF12;FOXP2;H4C16;MAPK1",1.0566079607463972,0.5161221861186733,,
"REACTOME_DAP12_SIGNALING",25,-0.2712916056301762,-0.8518781870894424,0.7058823529411765,0.8078927773641102,"HRAS;TYROBP;LCK;HLA-E;TREM2;KLRD1",0.9187186493426206,0.7146446508115414,,
"REACTOME_SYNTHESIS_OF_PA",34,0.22325449748958529,0.8636118332867132,0.7070707070707071,0.8084001234686167,"MIGA1;PLA2R1;GPD1L;DDHD2;GPAM;GPD2;PLA2G12A",-0.7061520524878366,0.9369333064678622,,
"REACTOME_BASIGIN_INTERACTIONS",22,-0.26966877217791163,-0.8244739233270343,0.711864406779661,0.8130240856378234,"BSG;PPIA;SLC16A3;MMP1;SLC7A7;ATP1B3;CAV1;ITGA3;SLC3A2;PPIL2",-0.724257821606913,0.9150533409185547,,
"REACTOME_GROWTH_HORMONE_RECEPTOR_SIGNALING",20,-0.2763762770721967,-0.8296421780464354,0.7127329192546584,0.813120007235773,"SOCS1;PTPN6;MAPK3;LYN;STAT1;JAK2;SOCS3;CISH;STAT5A;SOCS2",-0.6191816712527788,0.9738724727838259,,
"REACTOME_SIGNALING_BY_PTK6",49,-0.23730766395899666,-0.8538362135201336,0.713527851458886,0.813120007235773,"UBA52;HRAS;UBB;CDK4;AKT1;STAP2;UBC;BCAR1;DOK1",-0.8450096298842359,0.8270875329375099,,
"REACTOME_MAPK_TARGETS_NUCLEAR_EVENTS_MEDIATED_BY_MAP_KINASES",31,0.22784926520944077,0.863926914852478,0.7142857142857143,0.813120007235773,"RPS6KA3;CREB1;MAPK14;MEF2A;MAPK1;MEF2C;PPP2R1B;ATF2;MAPK10;RPS6KA5",0.9657630663341373,0.6486013986013986,,
"REACTOME_DARPP_32_EVENTS",22,-0.26916488358666174,-0.8229333556135675,0.7149460708782742,0.813120007235773,"PPP1CA;CDK5;PPP2R1A;PRKAR2B;PPP2CA;PRKAR1B;CALM1;PPP1R1B",-0.8934892830686931,0.7164540774404438,,
"REACTOME_PHOSPHOLIPID_METABOLISM",193,0.17579742052993166,0.9319794667889089,0.7216494845360825,0.8198844929022507,"SBF2;PIKFYVE;PIK3C2A;PIK3CB;OCRL;PLEKHA5;PIK3R4;PLEKHA8;MIGA1;PIK3CA;INPP5F;MTM1;PIK3R1;PLA2R1;INPP4B;PIK3C2B;GPD1L;DDHD2;SYNJ1;RAB5A;MTMR10;PLEKHA2;PLEKHA1;TNFAIP8L3;CDS1;SYNJ2;PLEKHA6;GPAM;GPD2;PLA2G12A;MGLL;CEPT1;PCYT1A;MTMR2;INPP5D;LPGAT1;GPCPD1;SACM1L;MTMR8;LPCAT2;SLC44A1;SELENOI;PLA2G4F;INPP4A;MTMR6;MTMR4",0.8703524217507815,0.9368578673545228,,
"REACTOME_EXTRA_NUCLEAR_ESTROGEN_SIGNALING",67,0.19566252165147788,0.8761283414774339,0.7235772357723578,0.8208811021878172,"STRN;FOXO3;PDPK1;PIK3CA;PIK3R1;EGFR;CREB1;XPO1;ZDHHC21;CDKN1B;NRAS;GNG12;IGF1R;PTK2;MAPK1;CCND1",0.9025759483642922,0.7916298461468743,,
"REACTOME_ASSEMBLY_OF_THE_ORC_COMPLEX_AT_THE_ORIGIN_OF_REPLICATION",33,-0.2531780930089586,-0.8393823837032504,0.7240398293029872,0.8208811021878172,"H2AC20;H2AX;H4C5;H2AZ2;ORC1;H2AJ;H3C10;ORC5;H2AC8;ORC6;H2BC12;H2BC11;H2BC4;H2BC26;H4C8;H2BC5;H4C9",-0.9247673832380696,0.7164540774404438,,
"REACTOME_FATTY_ACYL_COA_BIOSYNTHESIS",29,-0.25482098851743984,-0.826972946101308,0.727540500736377,0.8239889804790909,"HSD17B8;TECR;SLC27A3;ELOVL1;PPT1",-0.8342139984558375,0.8207084712131576,,
"REACTOME_FORMATION_OF_NEURONAL_PROGENITOR_AND_NEURONAL_BAF_NPBAF_AND_NBAF",24,-0.25963105047099516,-0.8109446390000025,0.7399103139013453,0.8371248076986024,"BCL7C;ACTB;SMARCB1;BCL7B;SMARCD3;DPF2;DPF1;ACTL6A",-0.9272132837400007,0.7074641716507339,,
"REACTOME_RAF_INDEPENDENT_MAPK1_3_ACTIVATION",23,-0.26546622013389193,-0.8163982496067208,0.7416413373860182,0.838209219858156,"DUSP4;MAP2K2;MAPK3;IL6;DUSP2;TYK2;DUSP10;DUSP7;JAK2;DUSP9;DUSP1;MAP2K1;DUSP5",0.7784818100086792,0.8963763509218056,,
"REACTOME_SEROTONIN_NEUROTRANSMITTER_RELEASE_CYCLE",15,-0.28279776552708796,-0.7945692869344817,0.7444444444444445,0.8405017921146954,"RAB3A;CPLX1;STXBP1;STX1A;PPFIA4;PPFIA3;SYN1",-0.8974245334338266,0.724803032948659,,
"REACTOME_SIGNALING_BY_NODAL",16,0.25667790936186224,0.8066046355223743,0.7554347826086957,0.850856290654545,"FOXO3;ACVR2B;MAPK1;ACVR1C;ACVR1B;PCSK6;SMAD3;CRIPTO",0.7479309619716237,0.9011144050128235,,
"REACTOME_SUMOYLATION_OF_DNA_METHYLATION_PROTEINS",16,-0.2795375665716796,-0.7925750178123167,0.7555205047318612,0.850856290654545,"UBE2I;RING1;CBX8;PCGF2;PHC2;CBX4",-0.7136250835924806,0.9041128504255699,,
"REACTOME_DEVELOPMENTAL_CELL_LINEAGES_OF_THE_INTEGUMENTARY_SYSTEM",49,-0.22920725807333153,-0.8246908425952925,0.7559681697612732,0.850856290654545,"PRSS3;KRT10;KRT18;MUC1;TFAP2A;SLPI;KRT8;KRT19;KLK7;FABP5;GJB3;MFGE8;KRT15;HOPX;AQP3;DMKN;CD44",0.8004474553316965,0.9039951164382997,,
"REACTOME_REGULATION_OF_ENDOGENOUS_RETROELEMENTS_BY_THE_HUMAN_SILENCING_HUB_HUSH_COMPLEX",35,0.21397161715354285,0.8314223079057111,0.7593220338983051,0.8537454992535347,"MPHOSPH8;TASOR;H3-3A;ATF7IP;MTREX",-0.6643048846393914,0.9702692976990998,,
"REACTOME_METABOLIC_DISORDERS_OF_BIOLOGICAL_OXIDATION_ENZYMES",25,-0.25785543668630617,-0.8096875000066487,0.7616892911010558,0.8555205805845192,"ACY1;FDXR;AHCY;CYP27B1;FDX1;OPLAH",-0.9109055640160284,0.7324534454084434,,
"REACTOME_ACTIVATION_OF_KAINATE_RECEPTORS_UPON_GLUTAMATE_BINDING",22,-0.26090503966420203,-0.797680057392124,0.7627118644067796,0.8557162534435261,"GNG5;GNB2;GNGT2;GNB5;GNB1;PLCB3;CALM1;GNB3;NCALD",-0.8198597837886828,0.8207790117495574,,
"REACTOME_ENDOGENOUS_STEROLS",15,0.25478268908945734,0.7847044436257335,0.7634408602150538,0.8557162534435261,"NCOA2;NCOA1;ARNT;CYP19A1;CYP7B1;CYP39A1",0.8401130584944114,0.7945280516634954,,
"REACTOME_ESR_MEDIATED_SIGNALING",175,-0.20164716249884718,-0.8707240552201903,0.7643020594965675,0.855797455679851,"POLR2I;POLR2L;HRAS;USF1;PRMT1;POLR2F;POLR2G;H2AC20;GNG5;SPHK1;H2AX;GNB2;POLR2H;POLR2E;USF2;CDK9;CTSD;KAT5;PPP5C;POLR2J;HSPB1;GTF2A2;AKT1;FKBP4;GNAI2;MAPK3;H4C5;GTF2F1;H2AZ2;GNGT2;JUND;GNB5;CAV2;POLR2C",-0.9082024941249828,0.7985502771634546,,
"REACTOME_VISUAL_PHOTOTRANSDUCTION",60,-0.2224467328691927,-0.8267803670955809,0.7681159420289855,0.8591812341252054,"FNTB;RDH16;APOE;PDE6B;RBP4;GNB5;PDE6G;RBP2;PPEF1;APOM;RDH11;DHRS3;GNB1;LRP10;CALM1;BCO1;FNTA",-0.7608436187817542,0.9140549738455583,,
"REACTOME_SYNTHESIS_OF_GLYCOSYLPHOSPHATIDYLINOSITOL_GPI",17,-0.2768174285775123,-0.7901678505497496,0.7693548387096775,0.8596807415036045,"DPM2;PIGQ;PIGH;PIGC",-0.904881309688019,0.7146446508115414,,
"REACTOME_TURBULENT_OSCILLATORY_DISTURBED_FLOW_SHEAR_STRESS_ACTIVATES_SIGNALING_BY_PIEZO1_AND_INTEGRINS_IN_ENDOTHELIAL_CELLS",30,0.22038350746170704,0.8313513777744957,0.7721518987341772,0.8619185289368131,"YAP1;ITGB1;ABL1;VCL;GNAQ;PTK2;PPP2R1B;ITGB3;ITGAV;IKBKB",0.9406981511628745,0.6864310148232611,,
"REACTOME_CARDIOGENESIS",20,-0.25837103633813,-0.7755930125496467,0.7763975155279503,0.8657261500975217,"KAT5;MESP1;EOMES;ISL1;SRF;GATA6;TBX1;HEY2;LDB1;KAT2A",-0.6181885334750948,0.9738724727838259,,
"REACTOME_RHO_GTPASES_ACTIVATE_WASPS_AND_WAVES",36,-0.23570103469775833,-0.7941602037301396,0.7771587743732591,0.8657261500975217,"ACTB;ARPC1B;ARPC4;ARPC1A;ACTG1;BRK1;MAPK3;NCKIPSD",-0.9102273260424499,0.7203525641025641,,
"REACTOME_ANTIGEN_ACTIVATES_B_CELL_RECEPTOR_BCR_LEADING_TO_GENERATION_OF_SECOND_MESSENGERS",75,0.1934366605841718,0.8851005824773119,0.7835497835497836,0.871950271950272,"SOS1;PIK3R1;ITPR1;ITPR2;IGHV2-5;SYK;IGKV1D-16;IGHV3-7;IGHV3-13;ORAI2;IGHV4-39;TRPC1;IGHV3-11;ITPR3;IGKV2-30;IGKV3D-20;CD22;IGLV1-40;IGHV1-2;IGHM;IGLV2-11;IGHV3-48;IGKV3-11;GRB2;IGLV3-19;IGHV1-46;IGLV3-27;IGLV3-25;IGHD;IGLV7-43;IGHV4-34;IGKV1-17;AHCYL1;CD19;IGKV3-20",0.766588102532705,0.9823243648801016,,
"REACTOME_DEACTIVATION_OF_THE_BETA_CATENIN_TRANSACTIVATING_COMPLEX",41,-0.23043012965166224,-0.7939365471465963,0.7853185595567868,0.8725690890481065,"UBA52;UBB;CTNNBIP1;CTBP1;CBY1;AKT1;UBC",-0.7991805837084767,0.8591232002855007,,
"REACTOME_ACTIVATED_PKN1_STIMULATES_TRANSCRIPTION_OF_AR_ANDROGEN_RECEPTOR_REGULATED_GENES_KLK2_AND_KLK3",30,-0.24034717141264383,-0.7840402401003417,0.7857142857142857,0.8725690890481065,"H2AC20;H2AX;H4C5;H2AZ2;PKN1;H2AJ;H3C10;H2AC8;KDM1A;H2BC12;H2BC11;H2BC4;H2BC26;H4C8;H2BC5;H4C9",-0.8225102210561921,0.8338255769798744,,
"REACTOME_DRUG_ADME",69,-0.21389348051202722,-0.8152686041214776,0.788235294117647,0.8744737158667149,"GUK1;NME1;NME2;ACY1;PNP;GSTP1;BSG;ITPA;ADA;IMPDH2",-0.9763910447938557,0.6425800474784321,,
"REACTOME_GLYCOSPHINGOLIPID_BIOSYNTHESIS",17,0.23985847757218157,0.780555634853619,0.7931937172774869,0.8784625571535716,"B3GNT5;B4GALT5",0.8919828665245737,0.7164540774404438,,
"REACTOME_SURFACTANT_METABOLISM",19,-0.26177723952434306,-0.7666868287009958,0.7939778129952456,0.8784625571535716,"ADORA2B;DMBT1;CCDC59;CKAP4;CTSH;GATA6;CSF2RA;ABCA3",-0.6111648015597917,0.9726477600042116,,
"REACTOME_ERK_MAPK_TARGETS",22,-0.2540053409878018,-0.7765852098442847,0.7950693374422187,0.8784625571535716,"PPP2R1A;DUSP4;MAPK11;MAPK3;VRK3;PPP2CA;RPS6KA1;DUSP7;MAPK7",-0.6759879234283276,0.9521340247307539,,
"REACTOME_JNK_C_JUN_KINASES_PHOSPHORYLATION_AND_ACTIVATION_MEDIATED_BY_ACTIVATED_HUMAN_TAK1",22,-0.2543846523345923,-0.7777449003480279,0.7950693374422187,0.8784625571535716,"UBA52;UBB",-0.814889033985853,0.8234049463465143,,
"REACTOME_TRANSCRIPTIONAL_REGULATION_BY_THE_AP_2_TFAP2_FAMILY_OF_TRANSCRIPTION_FACTORS",31,-0.23623812524004772,-0.7712405673908608,0.7976710334788938,0.8804405608592063,"APOE;CITED4;UBE2I;CITED2;TFAP2A",-0.7768442316798679,0.8613716065566424,,
"REACTOME_INTERLEUKIN_17_SIGNALING",67,-0.21288729136895093,-0.8054590277264003,0.8042328042328042,0.8867810900331224,"UBA52;UBB;TNIP2;IL17RC;PPP2R1A;DUSP4;MAPKAPK3;UBC;MAPK11;MAPK3;MAP2K3;RPS27A;TAB1;VRK3;PPP2CA;RIPK2;MAP3K8;RPS6KA1;DUSP7;MAPK7;IL17RB;SKP1",-0.7748760221776683,0.9097578870139398,,
"REACTOME_INTERLEUKIN_37_SIGNALING",18,0.2255833964213414,0.7446574695174144,0.8063660477453581,0.8882306211205214,"PTPN4;PTPN11",0.788501441054586,0.8457391915332763,,
"REACTOME_G0_AND_EARLY_G1",26,0.22107377792806007,0.7986932551063746,0.8078078078078078,0.8889162996668069,"RBL2;TFDP2;RBL1;TOP2A",-0.7612397320573019,0.8944634146341462,,
"REACTOME_TRAF6_MEDIATED_IRF7_ACTIVATION",16,0.2449633277273358,0.7697918226351805,0.8125,0.8931737588652482,"EP300;CREBBP;MAVS;TRIM4;TRAF6",0.8771455778801271,0.7434741436100132,,
"REACTOME_PEROXISOMAL_LIPID_METABOLISM",27,-0.24147436850279336,-0.7703465643628546,0.8164179104477612,0.8952502628391957,"DECR2;SLC25A17;ABCD1;ACOT8;ACAA1;ECI2;ACOXL;ACOX3;ALDH3A2;CRAT;HACL1;ACOT4",-1.0280333651448736,0.5780259062081806,,
"REACTOME_ION_HOMEOSTASIS",38,0.2001548722430444,0.7985670107514864,0.8166666666666667,0.8952502628391957,"ITPR1;ITPR2;ATP2B4;RYR3;SLC8A1;ATP1A1;ATP1A2;ATP1B2;ORAI2;TRPC1;ITPR3;RYR2;CAMK2G;ATP2B1;ATP2A2;CAMK2D;ABCC9",0.9784227728281389,0.6324888702561339,,
"REACTOME_DNA_DAMAGE_TELOMERE_STRESS_INDUCED_SENESCENCE",48,-0.2195330772602267,-0.7882607777814425,0.8168642951251647,0.8952502628391957,"H2AC20;H2AX;KAT5;ACD;HIRA;HMGA1;H4C5;H2AZ2;TINF2;TP53;H2AJ;CCNA2;CCNE1;CABIN1;H2AC8;H2BC12;H2BC11;H2BC4;H2BC26;H4C8;H1-2;H2BC5;ASF1A;CDK2;H4C9;LMNB1",-0.8569854770432744,0.8061602866668052,,
"REACTOME_GABA_RECEPTOR_ACTIVATION",36,-0.22790997929371123,-0.767909380712392,0.8189415041782729,0.896562905317769,"GNG5;GNB2;GNAI2;GNGT2;GNB5;GNB1;GNB3;KCNJ10;KCNJ15;GNAI3;KCNJ5;KCNJ2",-0.6685424814506967,0.9702692976990998,,
"REACTOME_G2_M_DNA_DAMAGE_CHECKPOINT",75,-0.208252353989961,-0.8004654476878635,0.8197146562905318,0.896562905317769,"BABAM1;H2AX;SFN;KAT5;RFC2;YWHAH;YWHAE;ATRIP;CCNB1;RAD9A;RPA1;H4C5;RFC5;RPA3",-0.8229401567924579,0.8613716065566424,,
"REACTOME_HEPARAN_SULFATE_HEPARIN_HS_GAG_METABOLISM",33,0.20894118601176787,0.7985357001020031,0.8260869565217391,0.9026227067735014,"HS2ST1;IDS;GLCE;HGSNAT;HSPG2;NDST1;GPC3;HPSE2",-0.7317101437545436,0.9137710476951595,,
"REACTOME_NUCLEAR_ENVELOPE_BREAKDOWN",53,-0.21474832328220508,-0.7824560362278061,0.8286852589641435,0.9045508108411426,"CTDNEP1;SEC13;PLK1;AAAS;LMNA;BANF1;CCNB1;CCNB2;NUP37;EMD;NUP62;NUP85;SEH1L;NUP93;NUP188",0.9850108540089023,0.6300530003593244,,
"REACTOME_DISEASES_ASSOCIATED_WITH_GLYCOSAMINOGLYCAN_METABOLISM",37,-0.2235067455372785,-0.7541332596781772,0.8300561797752809,0.9051366382474169,"HEXA;B4GALT7;B3GAT3;B3GALT6",-0.7487127530311838,0.9071152919811086,,
"REACTOME_FOXO_MEDIATED_TRANSCRIPTION_OF_CELL_DEATH_GENES",16,-0.2553665582157575,-0.7240427714556386,0.831230283911672,0.9055068855865102,"NFYC;FASLG;CITED2;STK11;BBC3;DDIT3",0.6886187020792032,0.9483374113569782,,
"REACTOME_BINDING_AND_UPTAKE_OF_LIGANDS_BY_SCAVENGER_RECEPTORS",83,-0.20318623500274358,-0.7941582469339766,0.8337628865979382,0.9073547963478062,"FTH1;CALR;PRDX1;APOE;HBA2;SAA1;HBB;S100A9;APOL1",-0.7808147162034346,0.91017203077692,,
"REACTOME_NEGATIVE_REGULATION_OF_NMDA_RECEPTOR_MEDIATED_NEURONAL_TRANSMISSION",15,0.23739334874581747,0.7311470662068017,0.8360215053763441,0.9089011356045424,"DLG1;GRIN2B",0.9118238940757328,0.6934228072439454,,
"REACTOME_DISASSEMBLY_OF_THE_DESTRUCTION_COMPLEX_AND_RECRUITMENT_OF_AXIN_TO_THE_MEMBRANE",27,0.2094347633854913,0.7640494836437782,0.8373493975903614,0.9094335299154577,"LRP6;GSK3B;AMER1;APC;PPP2R1B;CSNK1A1;FZD5",0.7080107957055072,0.9501491956408926,,
"REACTOME_SMAD2_SMAD3_SMAD4_HETEROTRIMER_REGULATES_TRANSCRIPTION",36,-0.22293086079960053,-0.7511329683273128,0.8384401114206128,0.9097075208913649,"UBA52;UBB;CDK9;YBX1;UBC;MAPK3;RPS27A;JUNB",-0.7844089704743098,0.8654645545444332,,
"REACTOME_SIGNALING_BY_NOTCH1",71,-0.20535946644059205,-0.7870648315509761,0.83984375,0.9103201486013986,"UBA52;UBB;RBX1;MIB2;HDAC10;APH1A;ARRB2;HDAC3",-0.896897478020404,0.7667525773195877,,
"REACTOME_CS_GAG_BIOSYNTHESIS",19,-0.2513337103873582,-0.7361000739127256,0.8431061806656102,0.9129443173874122,"CHST12;CHST7;CHPF;UST;CSPG5;CHST15;CHPF2;BGN",-0.46512710950047287,0.9986477887368757,,
"REACTOME_GLYCOSAMINOGLYCAN_METABOLISM",120,-0.19632961351061554,-0.8109689187441009,0.8480096501809409,0.9171235848684469,"HEXA;B3GNT4;B4GALT7;B4GALT2;HYAL2;HS3ST1;CHST12;B3GAT3;B4GAT1;CTSL;B4GALT3;B3GALT6;HPSE;NAGLU;GUSB;CHST7;CHPF;IDUA;SLC35B2;HYAL3;SGSH",-0.8287081052329232,0.8908362254906312,,
"REACTOME_ADORA2B_MEDIATED_ANTI_INFLAMMATORY_CYTOKINES_PRODUCTION",35,-0.2227546987625908,-0.7457517284525897,0.8486562942008486,0.9171235848684469,"GNG5;GNB2;GNAI2;IL6;GNGT2;GNB5;PRKAR2B;ADORA2B;PRKAR1B;GNB1;GNB3",-0.7540866272942047,0.900955840344136,,
"REACTOME_GLYCOGEN_BREAKDOWN_GLYCOGENOLYSIS",15,-0.25087709506772066,-0.704882636411988,0.8507936507936508,0.9185185185185185,"PHKG2;PYGB;PYGL;CALM1;GYG1;PGM1;GAA",-0.7665542294632685,0.8613716065566424,,
"REACTOME_VASOPRESSIN_REGULATES_RENAL_WATER_HOMEOSTASIS_VIA_AQUAPORINS",33,0.20548932409492118,0.7853433035954123,0.8528428093645485,0.9189632965282626,"PRKAR2A;PRKACB;RAB11FIP2;PRKAR1A;MYO5B;GNG12;ADCY6",-0.5889718366762565,0.9910331384015594,,
"REACTOME_SPHINGOLIPID_DE_NOVO_BIOSYNTHESIS",35,-0.22213174758085133,-0.7436661745984872,0.8528995756718529,0.9189632965282626,"ORMDL2;SPHK1;MFSD2B;DEGS2;PRKD2;CERS5;SPTSSA;DEGS1",-0.6629470910474579,0.9702692976990998,,
"REACTOME_REPRODUCTION",94,0.17636345843422738,0.8444893612361415,0.8544600938967136,0.9197313510693792,"ATR;ATM;SYCP2;RAD50;MRE11;STAG2;DIDO1;STAG1;H3-3A;CBFA2T2;SMC3;TET2;BRCA2",0.859720381465609,0.8944634146341462,,
"REACTOME_CHROMATIN_MODIFICATIONS_DURING_THE_MATERNAL_TO_ZYGOTIC_TRANSITION_MZT",33,-0.21986763183379598,-0.7289454419790973,0.8577524893314367,0.9223602090432198,"H2AC20;H2AX;H4C5;METTL23;H2AZ2;UHRF1;H2AJ;UNG;H3C10;H2AC8;H2BC12;H2BC11;H2BC4;H2BC26;H4C8;H2BC5;H4C9",-0.79256551209191894,0.8546856875746611,,
"REACTOME_SYNTHESIS_OF_VERY_LONG_CHAIN_FATTY_ACYL_COAS",18,-0.24924807477674693,-0.7180298454501027,0.8592,0.9223949477775079,"TECR;SLC27A3;ELOVL1;ACSF3;HACD1",-0.7779329240475757,0.8701148868880499,,
"REACTOME_SMOOTH_MUSCLE_CONTRACTION",37,-0.21861474539669137,-0.7376271806177949,0.8595505617977528,0.9223949477775079,"MYL6;TRIM72;ANXA2;MYL12A;MYL12B;MYL5;MYL6B;TPM3;CALM1;ANXA1",1.0218405424170447,0.5567877396235605,,
"REACTOME_PLATELET_CALCIUM_HOMEOSTASIS",20,0.21718260477293755,0.7312523800814597,0.8603351955307262,0.9223949477775079,"ITPR1;ITPR2;ATP2B4;SLC8A1;ORAI2;ITPR3;ATP2B1;ATP2A2",0.9266713877380415,0.6357095862969667,,
"REACTOME_GLUCAGON_SIGNALING_IN_METABOLIC_REGULATION",25,0.20744574350489184,0.7430122483220865,0.8643067846607669,0.9257382639258954,"PRKAR2A;PRKACB;PRKAR1A;GNG12;ADCY6",-0.6713493949094803,0.9565982167722684,,
"REACTOME_NOTCH1_INTRACELLULAR_DOMAIN_REGULATES_TRANSCRIPTION",47,-0.21059948847239876,-0.7506703168727527,0.8664886515353805,0.9261004073393829,"UBA52;UBB;RBX1;HDAC10;HDAC3;UBC",-0.8033834414109817,0.8738473619816061,,
"REACTOME_ACYL_CHAIN_REMODELLING_OF_PS",18,-0.24416226333258534,-0.7033787216309494,0.8672,0.9261004073393829,"PLA2G2A;PLA2G10;PLAAT3;MBOAT1;PLA2G2D;PLA2G4A;LPCAT4",-0.9006953475955368,0.7164540774404438,,
"REACTOME_DEATH_RECEPTOR_SIGNALING",149,-0.18938777472103105,-0.8057840179365456,0.8672055427251733,0.9261004073393829,"UBA52;UBB;BAD;STUB1;RACK1;TRADD;MIB2;SMPD2;RTN4R;FADD;NFKBIA;APH1A;HDAC3;YWHAE;FASLG;TRAF2;UBC;SHARPIN;LINGO1;ARHGDIA;PSENEN;RBCK1;TNF;OBSCN;RPS27A;TAB1;UBE2L3;UBE2D2;TNFRSF1A;FAS;RHOA",-0.8240100076459314,0.9011144050128235,,
"REACTOME_PRC2_METHYLATES_HISTONES_AND_DNA",39,0.18906727272433776,0.7577143237718771,0.87,0.9281710914454278,"DNMT3A;H3-3A;JARID2;EZH1;SUZ12;MTF2",-0.6791417239712807,0.9650609291698401,,
"REACTOME_PEPTIDE_HORMONE_METABOLISM",57,0.18604061407111672,0.8019637859542699,0.8714859437751004,0.9288430736699252,"KIF5B;CES1;INHBB;MYRIP;EXOC8;REN;EXOC4;EXOC1;ACE2;EXOC2;KIF5A;MME;EXOC5;AGT;CPA3",0.7322872022014117,0.9696006589632208,,
"REACTOME_TRANSCRIPTIONAL_REGULATION_OF_GRANULOPOIESIS",53,-0.205020677438191,-0.7470124290666327,0.8725099601593626,0.9290218908468189,"H2AC20;H2AX;CDK4;PML;SPI1;H4C5;CEBPB;GFI1;H2AZ2",-0.8125498822648805,0.8551221804511279,,
"REACTOME_ACYL_CHAIN_REMODELLING_OF_PC",23,-0.23741786756965744,-0.7301400962106166,0.8738601823708206,0.9295473508552357,"PLA2G2A;PLA2G10;LPCAT1;TMEM86B;PLAAT3;PLA2G3;PLA2G2D;PLA2G4A;LPCAT4",-0.690414331203473,0.9562507690238619,,
"REACTOME_ABC_TRANSPORTERS_IN_LIPID_HOMEOSTASIS",16,-0.23637708971314098,-0.6702017849961375,0.8848580441640379,0.9403241703408238,"ABCG5;ABCD1;ABCA12;ABCA7;ABCG8",-0.8773194900323438,0.7503355567516744,,
"REACTOME_DENGUE_VIRUS_ACTIVATES_MODULATES_INNATE_AND_ADAPTIVE_IMMUNE_RESPONSES",28,-0.21701967903898178,-0.698421944515192,0.8870728083209509,0.9417553786969,"SKIC8;PML;PAF1;C1QA;STING1;RBM10;IKBKE;CLEC5A;C4BPB",0.8361691042875843,0.8385650757413616,,
"REACTOME_O_LINKED_GLYCOSYLATION_OF_MUCINS",51,-0.20310849699867722,-0.7328057962847522,0.897196261682243,0.951571792693288,"MUC6;B3GNT4;MUC5AC;ST6GALNAC4;MUC1",-0.412117263771655,1,,
"REACTOME_STRIATED_MUSCLE_CONTRACTION",23,-0.2292625851361926,-0.705059849464454,0.898176291793313,0.9516809341755319,"ACTA1;TNNI2;TNNT1;TNNI3;TPM3;TNNC1;VIM;TMOD1",-0.47755129250670736,1,,
"REACTOME_RHO_GTPASES_ACTIVATE_PAKS",20,0.2072224715668944,0.6977166780833087,0.8994413407821229,0.9517543859649124,"PAK2;PPP1R12B;PPP1R12A;MYH11;MYLK;MYH9",1.1095852829073563,0.45231463058761107,,
"REACTOME_PLATELET_HOMEOSTASIS",70,0.17582687575761383,0.7934593556293772,0.9,0.9517543859649124,"PTPN11;MAPK14;ITPR1;GUCY1A2;ITPR2;IRAG1;PRKG1;ATP2B4;KCNMB3;GNG12;SLC8A1;PDE11A;PRKG2;PPP2R1B;PAFAH2;GUCY1A1;ORAI2",1.0088708811233913,0.6040642108193375,,
"REACTOME_COLLAGEN_DEGRADATION",54,0.18175698605027424,0.7750643042407793,0.9019607843137255,0.9528991733012582,"COL4A5;COL14A1;ADAM17;COL4A6;COL9A3;COL4A1;COL17A1;COL8A1;COL12A1;COL6A3;COL4A4;COL4A2;COL9A1;COL15A1;ADAM10;ADAM9",1.1611011254523265,0.30979301741254195,,
"REACTOME_NPAS4_REGULATES_EXPRESSION_OF_TARGET_GENES",18,-0.22849919571269345,-0.6582568083224551,0.9088,0.95829881937306,"CDK5;PLK2;MAPK3",-0.7253074326253707,0.91017203077692,,
"REACTOME_CO_STIMULATION_BY_CD28",46,-0.20265207451844441,-0.7150803637636753,0.9092140921409214,0.95829881937306,"MLST8;LCK;PPP2R1A;PRR5;AKT1;LYN;PPP2CA;CTLA4;AKT2;CD86;MAP3K8;MAP3K14;TRIB3;CD80",0.8405564710281577,0.8758544921875,,
"REACTOME_DOPAMINE_NEUROTRANSMITTER_RELEASE_CYCLE",20,0.20384925641461615,0.6863590851894893,0.9106145251396648,0.95829881937306,"LIN7A;CASK;PPFIA1",-0.6621477937018497,0.9476297001356095,,
"REACTOME_SIALIC_ACID_METABOLISM",28,-0.2079045797563103,-0.6690873450279772,0.912332838038633,0.95829881937306,"NANS;ST6GALNAC4;SLC35A1;NEU1;ST6GALNAC2;CTSA",-0.7554021375560296,0.8908362254906312,,
"REACTOME_NUCLEAR_EVENTS_KINASE_AND_TRANSCRIPTION_FACTOR_ACTIVATION",57,-0.1897105003081266,-0.7008003273469888,0.9123505976095617,0.95829881937306,"RRAD;CDK5;PPP2R1A;DUSP4;MAPK11;LYL1;MAPK3;JUND;JUNB;VRK3;FOSL1;PPP2CA;CHD4;RPS6KA1;DUSP7;SRF;MAPK7",-0.6483888893416567,0.9897811499495635,,
"REACTOME_COMPLEMENT_CASCADE",83,-0.18956801717053962,-0.7409311176461975,0.9123711340206185,0.95829881937306,"C8G;C1QC;CD81;C1QB;GZMM;C1QA;C2;C5AR2;COLEC11;FCN3;CFB;CD59;C4BPB;CD55;CFD;C5AR1",-0.8562626485329059,0.8196868643867367,,
"REACTOME_DISORDERS_OF_DEVELOPMENTAL_BIOLOGY",18,0.19906646874424916,0.6571243062764529,0.9151193633952255,0.9602558116864794,"KMT2D;MECP2;NCOR1;RBBP5",0.8099117969740496,0.8338255769798744,,
"REACTOME_MEIOTIC_SYNAPSIS",45,-0.2003979814593613,-0.7041136686051511,0.9196185286103542,0.9640445444852506,"H2AC20;H2AX;ACD;LMNA;UBE2I;H4C5;H2AZ2;TINF2;HSPA2",0.8714920608739014,0.8385650757413616,,
"REACTOME_SLC_MEDIATED_TRANSMEMBRANE_TRANSPORT",170,-0.17828679758243945,-0.7705075012945942,0.9242081447963801,0.96672502090301,"SLC25A11;SLC39A3;SLC25A1;CP;SLC25A5;ARL2;SLC50A1;SLC25A6;SLC25A22;SLC25A10;SLC15A3;BSG;SLC2A6;SLC25A4;SLC43A1;SLC16A3;ARL2BP;SLC27A4;CTNS;PDZD11;SLC35C1;SLC39A7;SLC11A1;SLC38A5;SLC25A29;SLC35B2;SLC29A2;SLC67A1;SLC25A18;SLC35A1;SLC8B1;SLC27A1;SLC1A3;SLC6A12;SLC39A4;SLC9A5;SLC35D2;SLC7A7;CALM1;SLC43A2;SLC35A2;SLC5A2;SLC39A8;SLC9A7;SLC15A4;SLC3A2;SLC1A1;SLC29A3;SLC6A20;SLCO1B3;SLC12A4;SLC4A3;SLC1A5",-0.8993913433549364,0.8061602866668052,,
"REACTOME_RAF_ACTIVATION",32,-0.19533886276249013,-0.6422576767486413,0.9248554913294798,0.96672502090301,"HRAS;PHB1;PPP2R1A;MAP2K2;PPP2CA;ARAF;MAP3K11;CALM1;JAK2",-0.737318754052551,0.9097578870139398,,
"REACTOME_STIMULI_SENSING_CHANNELS",76,0.16986981816129493,0.7796778629709673,0.9251101321585903,0.96672502090301,"WNK1;WWP1;TRPM7;CLCN3;RAF1;SGK2;ANO6;CLCA4;TRPV3;RYR3;NEDD4L;CLCN5;TRPC4",-0.7062965093866855,0.9660036081628828,,
"REACTOME_METAL_ION_SLC_TRANSPORTERS",36,0.1801918361784815,0.7014018975430993,0.926056338028169,0.96672502090301,"SLC30A1;SLC24A1;SLC11A2;SLC39A10;SLC8A1;HEPH;SLC9A8;SLC40A1;SLC9A2;SLC24A3;SLC39A14",-0.6013111779347661,0.9910331384015594,,
"REACTOME_SIGNALING_BY_ACTIVIN",16,0.20750850907685495,0.6520908859973641,0.9266304347826086,0.96672502090301,"ACVR2B;INHBB;MAPK1;ACVR1C",-0.5371527274731294,0.9912986124745123,,
"REACTOME_MEIOTIC_RECOMBINATION",47,-0.19415448576500524,-0.6920530073869783,0.9292389853137517,0.9685151768159659,"H2AC20;H2AX;CDK4;RAD51;RPA1;H4C5;RPA3;H2AZ2;RPA2;PSMC3IP;TOP3A;H2AJ;RAD51C;H3C10;H2AC8;H2BC12;H2BC11;H2BC4;H2BC26;H4C8;H2BC5;CDK2;H4C9",-0.7997403295172968,0.8804206819866569,,
"REACTOME_METABOLISM_OF_FAT_SOLUBLE_VITAMINS",34,-0.19905599065764779,-0.6631355973035977,0.9347517730496454,0.9715608846870736,"VKORC1;APOE;RBP4;RBP2;APOM;RDH11;LRP10;BCO1",-0.5887610084148203,0.9910331384015594,,
"REACTOME_PLATELET_SENSITIZATION_BY_LDL",16,-0.219090058195041,-0.6211877312450941,0.9353312302839116,0.9715608846870736,"PTPN6;PPP2R1A;PPP2CA;FGR;PLA2G4A;PPP2R5B",-0.5117108157411969,0.9977591341400254,,
"REACTOME_NGF_STIMULATED_TRANSCRIPTION",35,0.17965162185225647,0.6980662577888734,0.9355932203389831,0.9715608846870736,"EP300;CREB1;REST;TPH1;TCF12;ID4;ATF2;TRIB1",-0.5157159141715483,0.9986477887368757,,
"REACTOME_SCAVENGING_OF_HEME_FROM_PLASMA",53,0.17783320022101,0.7495271183313785,0.9357429718875502,0.9715608846870736,"LRP1;IGHV2-5;IGKV1D-16;IGHV3-7;JCHAIN;IGHV3-13;IGHV4-39;IGHV3-11;IGKV2-30;IGKV3D-20;IGLV1-40;IGHV1-2;IGLV2-11;HPX;IGHA2;IGHV3-48;IGKV3-11;IGLV3-19;IGHV1-46;IGLV3-27;IGLV3-25;IGLV7-43;IGHV4-34;IGKV1-17;IGHA1;IGKV3-20;IGHV3-30;IGLV2-14;IGLV2-23;IGHV3-33;IGHV3-23",-0.6008646498803952,0.9912986124745123,,
"REACTOME_GLYCOSAMINOGLYCAN_PROTEIN_LINKAGE_REGION_BIOSYNTHESIS",27,-0.20124507479017564,-0.6420078988953405,0.9373134328358209,0.9719724664888186,"B4GALT7;B3GAT3;B3GALT6",-0.6609048885250519,0.9562507690238619,,
"REACTOME_AQUAPORIN_MEDIATED_TRANSPORT",37,0.1797494210154548,0.7056663638541196,0.9379310344827586,0.9719724664888186,"PRKAR2A;PRKACB;RAB11FIP2;PRKAR1A;MYO5B;GNG12",-0.602830214491128,0.9910331384015594,,
"REACTOME_NEUROTRANSMITTER_RELEASE_CYCLE",36,-0.19458866171501543,-0.6556380689178265,0.9401114206128134,0.9733023772565863,"RAB3A;LIN7B;HSPA8;CPLX1;GAD1;GLS2;SLC1A3;SLC6A12;STXBP1;STX1A;PPFIA4;SLC1A1;PPFIA3;SYN1;ARL6IP5",-0.7170386168996696,0.933570460704607,,
"REACTOME_EPHRIN_SIGNALING",18,0.1863854541342571,0.6152639016536211,0.9416445623342176,0.9739602956459734,"PAK2;ARHGEF7",0.7668064580414587,0.8645232147471789,,
"REACTOME_TRIGLYCERIDE_METABOLISM",30,-0.19671042078942033,-0.641692118278297,0.9446064139941691,0.9760932944606415,"PPP1CA;FABP3;FABP5;PLIN3;DGAT1;PNPLA4;LIPE;CAV1;PPP1CC;FABP6",-0.8156095610282929,0.8362235067437379,,
"REACTOME_COLLAGEN_FORMATION",81,-0.17648454988177917,-0.6868591411404069,0.9533678756476683,0.9842094624906946,"PPIB;PLOD1;CD151;CTSL;SERPINH1;COLGALT1;P3H1;COL11A2;P4HB;LOXL1;PLOD3;CTSB;P3H3;LOXL3;PCOLCE;P4HA1;COL6A2;MMP9;P4HA2;TLL2;BMP1;MMP3;LOX;MMP13",0.8974484256521807,0.8499907548877449,,
"REACTOME_POTENTIAL_THERAPEUTICS_FOR_SARS",136,-0.17367619965783274,-0.7305757584141563,0.9550827423167849,0.9850425621803343,"AP2S1;RBX1;FNTB;SAP30;HMG20B;KEAP1;SIGMAR1;BRMS1;TUBB;COMT;AP2M1;IFNAR2;PDCD1;FKBP4;MBD3;IMPDH2;MTA2",-0.9056560159559306,0.7881811870878167,,
"REACTOME_SENSORY_PROCESSING_OF_SOUND_BY_OUTER_HAIR_CELLS_OF_THE_COCHLEA",40,0.16189736059242107,0.6466859270792819,0.9577464788732394,0.9853183597774573,"CASK;LHFPL5;PLS1;EPB41L1;EPS8;SPTBN1;SPTAN1;MYH9;RDX",0.7725247515499052,0.9060251798561151,,
"REACTOME_INITIAL_TRIGGERING_OF_COMPLEMENT",63,-0.17773566124458595,-0.6648866655282385,0.9579500657030223,0.9853183597774573,"C1QC;C1QB;GZMM;C1QA;C2;COLEC11;FCN3;CFB",-0.8302991021808525,0.8465788248323076,,
"REACTOME_N_GLYCAN_ANTENNAE_ELONGATION_IN_THE_MEDIAL_TRANS_GOLGI",20,-0.19224604882016444,-0.5770952281201697,0.9580745341614907,0.9853183597774573,"B4GALT2;MGAT2;B4GALT3;FUT3;FUT8",-0.6293841343517795,0.9702692976990998,,
"REACTOME_REGULATION_OF_ENDOGENOUS_RETROELEMENTS",102,0.15870112374442039,0.7774839101458586,0.9631578947368421,0.9884528662855581,"SMARCC1;MPHOSPH8;TASOR;ZNF33A;DNMT3A;H3-3A;SMARCA2;ARID1B;ATF7IP;ARID1A;MTREX;ZNF708;CBX5;ZNF224;ZNF141;H4C16;ZNF382;ZNF317;ZNF680;SS18L1;ZNF273;SETDB1;ZNF136;ZNF610;ZNF669;ZNF418;ZNF30;HDAC2",-0.7033615473958847,0.9897811499495635,,
"REACTOME_PARASITE_INFECTION",104,0.15489363931685712,0.7632157712085422,0.9637305699481865,0.9884528662855581,"ACTR2;NCKAP1;ABI2;WIPF2;MYO10;DOCK1;WASL;ABL1;ELMO2;PTK2;MAPK1;VAV3;IGHV2-5;SYK;IGKV1D-16;WASF2;IGHV3-7;MYH9;IGHV3-13;IGHV4-39;IGHV3-11;YES1;WASF3",0.7113597451039443,1,,
"REACTOME_FORMATION_OF_THE_BETA_CATENIN_TCF_TRANSACTIVATING_COMPLEX",57,0.16168857381476856,0.6969896409419,0.963855421686747,0.9884528662855581,"BCL9;EP300;TRRAP;AXIN2;H3-3A;CREBBP;TCF4",0.7107785301472621,0.9845015782937511,,
"REACTOME_METABOLISM_OF_STEROIDS",121,-0.16944371937870967,-0.6999219058582543,0.9648484848484848,0.9885369273471256,"HSD3B7;SLC27A5;TSPO;RAN;NFYC;FDXR;LGMN;EBP;UBE2I;SREBF1;FDPS;PMVK;MVD;NSDHL;CYP27B1;ACOT8;SRD5A3;SMARCD3;HSD11B1;CARM1;TM7SF2;SAR1B;FDX1;AKR1B1;CYP51A1;HSD17B2;STARD3;MVK;DHCR7;SRD5A1;SCAP;HSD17B14;OSBPL6;ACAT2;ARV1;PIAS4;STARD5;SLCO1B3;FABP6",-0.8009840465180718,0.9150533409185547,,
"REACTOME_UPTAKE_AND_ACTIONS_OF_BACTERIAL_TOXINS",27,-0.17424857906352803,-0.55588423342391,0.9686567164179104,0.989921442260173,"MAP2K2;EEF2;STX1B;MAP2K3;CALM1;STX1A;CD9;FURIN;MAP2K1;HSP90AA1;MAP2K7;HSP90AB1;ANTXR2",0.729607499373047,0.9368578673545228,,
"REACTOME_TRP_CHANNELS",20,-0.17801072060416273,-0.5343628024885574,0.968944099378882,0.989921442260173,"MCOLN1;TRPV2;TRPV4;TRPM2;RIPK3;TRPM4;MLKL",-0.5880659359008071,0.9861860762967706,,
"REACTOME_OPIOID_SIGNALLING",76,0.15797908722595316,0.7251011301223628,0.9691629955947136,0.989921442260173,"PRKAR2A;PRKACB;PRKCA;PLCB1;CREB1;ITPR1;ITPR2;PDE1C;PRKAR1A;GNAQ;GNG12;PLCB4;MAPK1;ADCY6;PPP2R1B",-0.6362850854688665,0.9944932995812987,,
"REACTOME_LEISHMANIA_INFECTION",195,-0.1669629186405222,-0.7310056537889141,0.9701327433628318,0.989921442260173,"PYCARD;GNG5;GSDMD;CYBA;ACTB;ARPC1B;GNB2;NFKB2;ARPC4;ARPC1A;PSTPIP1;ACTG1;PLK2;BRK1;CD247;GNAI2;FCGR1A;MAPK3;DVL1;IL6;GNGT2;NCKIPSD;IL1B;FCGR3A;GNB5;P2RX4;DVL2;HCK;FCGR2A;LYN;PRKAR2B;CASP1;ADORA2B;HMOX1;PRKAR1B;FGR;WAS",-0.7289498000754183,0.9910331384015594,,
"REACTOME_CYTOCHROME_P450_ARRANGED_BY_SUBSTRATE_TYPE",36,0.16274619372663562,0.6334942332499018,0.971830985915493,0.989921442260173,"NCOA2;NCOA1;CYP2B6;ARNT;CYP4F3;CYP3A5;CYP19A1;CYP7B1;CYP39A1;CYP24A1",0.7743867793611212,0.9097578870139398,,
"REACTOME_CREATION_OF_C4_AND_C2_ACTIVATORS",56,-0.16723240552161123,-0.6159940732635113,0.9720744680851063,0.989921442260173,"C1QC;C1QB;C1QA;COLEC11;FCN3;IGLV3-1;FCN1;IGHV1-69;C1R;IGLV6-57;IGHV3-53;IGLC2;IGHG1;IGLV3-21;IGKV1-12;IGKV1-5;IGKV4-1;IGKV3-15;IGLV1-47;IGHV2-70;IGLV2-8;IGHV4-59;IGKV1-16;IGLV1-44;IGLC3;IGHV3-23;IGHV3-33;IGLV2-23;IGLV2-14;IGHV3-30;IGHG2;IGKV3-20;C1S;IGKV1-17;IGHV4-34;IGLV7-43;IGLV3-25;IGLV3-27;IGHV1-46;IGLV3-19;IGKV3-11;IGHV3-48;IGLV2-11;IGHG4;IGHV1-2;IGLV1-40;IGKV3D-20;IGKV2-30;MASP1;IGHV3-11;IGHV4-39;IGHV3-13;MASP2;IGHV3-7;IGKV1D-16;IGHV2-5",-0.6589879276369814,0.9823856055057837,,
"REACTOME_ION_CHANNEL_TRANSPORT",133,-0.166698083394228,-0.6981708798824456,0.9725864123957092,0.989921442260173,"ATP6V0B;UBA52;UBB;ATP6V1F;MCOLN1;ATP6V0E1;ATP6V0D1;RYR1;SCNN1D;TCIRG1;ATP6V1E1;ATP8B3;ATP13A1;UBC;TRPV2;FKBP1B;PDZD11;ATP13A2;RPS27A;TRPV4;ATP6AP1;ANO8;ANO1;TRPM2;ATP9B",-0.8093090134413352,0.9097578870139398,,
"REACTOME_FOXO_MEDIATED_TRANSCRIPTION",55,0.16436586787115692,0.698657779293521,0.9760956175298805,0.9925620853045176,"RBL2;FOXO3;EP300;PLXNA4;CREBBP;CDKN1B;KAT2B;YWHAB;PCK1;NFYA;SIRT1;CCNG2;YWHAG;HDAC2;ABCA6;FOXO4;CAT;YWHAZ",0.869668721543368,0.8325974003703956,,
"REACTOME_FCGR_ACTIVATION",58,-0.16725132963675454,-0.6182574116328171,0.9788079470198675,0.9943882233301088,"CD247;FCGR1A;FCGR3A;HCK;FCGR2A;LYN;FGR;CD3G;IGLV3-1;FYN;IGHV1-69;IGLV6-57;IGHV3-53;IGLC2;IGHG1;IGLV3-21;IGKV1-12;IGKV1-5;IGKV4-1;IGKV3-15;IGLV1-47;IGHV2-70;IGLV2-8;IGHV4-59;IGKV1-16;IGLV1-44;IGLC3;IGHV3-23;IGHV3-33;IGLV2-23;IGLV2-14;IGHV3-30;SRC;IGHG2;IGKV3-20;IGKV1-17;IGHV4-34;IGLV7-43;IGLV3-25;IGLV3-27;IGHV1-46;IGLV3-19;IGKV3-11;IGHV3-48;IGLV2-11;IGHG4;IGHV1-2;IGLV1-40;IGKV3D-20;IGKV2-30;YES1;IGHV3-11;IGHV4-39;IGHV3-13;IGHV3-7;IGKV1D-16;SYK;IGHV2-5",-0.714837505341979,0.9483374113569782,,
"REACTOME_GPER1_SIGNALING",37,-0.1624088954413046,-0.5479832361455744,0.9817415730337079,0.9948183477595242,"GNG5;GNB2;GNAI2;GNGT2;GNB5;PRKAR2B;PRKAR1B;GNB1;GNB3",-0.5682695801512978,0.9912986124745123,,
"REACTOME_TRANSCRIPTIONAL_REGULATION_OF_BROWN_AND_BEIGE_ADIPOCYTE_DIFFERENTIATION",27,0.15729440688612883,0.5738336292346712,0.9819277108433735,0.9948183477595242,"PPARA;NCOA1;PPARG;PPARGC1B;DIO2;HNRNPU;HDAC2;SMAD1;CHD3",0.6608393710511704,0.9738724727838259,,
"REACTOME_TRANSMISSION_ACROSS_CHEMICAL_SYNAPSES",181,-0.16233772853292602,-0.7055366341101745,0.9819819819819819,0.9948183477595242,"HRAS;AP2S1;TUBB4B;GNG5;NRGN;GNB2;RAB3A;CAMK1;TUBA1B;COMT;PRKCG;PRKAG1;AP2M1;TUBA4A;PICK1;TUBA1C;GNAI2;MAPK3;LIN7B;TUBB3;GNGT2;GRIN2C;GNB5;HSPA8;CPLX1;GAD1;GLS2;TUBB6;TUBA1A;AP2A2;PRKAR2B;SLC1A3;SLC6A12;PRKAR1B;AP2A1;RPS6KA1;GNB1;CAMKK1;LRTOMT;STXBP1;PLCB3;CALM1;STX1A;GRIN2D;TUBB2A;GNB3",-0.6566571464338516,0.9986477887368757,,
"REACTOME_SENSORY_PROCESSING_OF_SOUND",57,-0.16199556675688198,-0.5984199400011848,0.9853917662682603,0.9973414798517374,"ACTB;TWF2;RAB3A;ACTG1;KCNN2;CABP1;CAPZB;TPRN;CHRNA10;CIB2;EZR;STX1A;CTBP2;SYP;EPS8L2;FSCN2;CDH23;SYN1;MYO15A",0.7520697879068148,0.9564094763364615,,
"REACTOME_DEFECTIVE_B4GALT7_CAUSES_EDS_PROGEROID_TYPE",18,-0.1766839766379886,-0.5089883584959191,0.9888,0.9993205495998793,"B4GALT7",0.7422861034775372,0.8934491323071675,,
"REACTOME_NEURONAL_SYSTEM",263,-0.15448365528437585,-0.6926695257865595,0.9891891891891892,0.9993205495998793,"HRAS;AP2S1;TUBB4B;GNG5;PANX2;NRGN;APBA3;GNB2;RAB3A;CAMK1;TUBA1B;HOMER2;COMT;PRKCG;PRKAG1;AP2M1;TUBA4A;DBNL;KCNK1;FLOT1;PICK1;HOMER3;TUBA1C;SYT12;SHARPIN;GNAI2;BEGAIN;MAPK3;LIN7B;FLOT2;KCNN2;LRFN4;TUBB3;GNGT2;GRIN2C;GNB5;HSPA8;CPLX1;GAD1;GLS2;TUBB6;LRFN3;TUBA1A;AP2A2;PRKAR2B;DLGAP3;SLC1A3;KCNK7;SLC6A12;PRKAR1B;AP2A1;KCNN4;RPS6KA1;GNB1;CAMKK1;LRTOMT;STXBP1;PLCB3;CALM1;STX1A;GRIN2D;TUBB2A;GNB3;KCNJ8;HCN2",-0.6894582832995337,0.9986477887368757,,
"REACTOME_COLLAGEN_BIOSYNTHESIS_AND_MODIFYING_ENZYMES",59,-0.15749966187267467,-0.581675210532582,0.9933244325767691,1,"PPIB;PLOD1;SERPINH1;COLGALT1;P3H1;COL11A2;P4HB;PLOD3;P3H3",0.9908181128910994,0.6117936847103513,,
"REACTOME_O_LINKED_GLYCOSYLATION",107,0.13598258880070097,0.6682472388710308,0.9945652173913043,1,"SEMA5A;THSD4;FKTN;B3GNT5;B4GALT5;ADAMTSL3;CRPPA;THSD7A;ADAMTSL1;C1GALT1;GALNT4;GALNT10;ADAMTS8;GALNT6;GALNT3;CHST10;GCNT1;ADAMTS9;MMRN2;EMID1;ADAMTS1;ADAMTS3;GALNT7;ST6GAL1;GALNT11;ADAMTS6;SEMA5B;MMRN1;ADAMTS12;ADAMTS16;ADAMTSL2;ADAMTS5;B3GNT2;THBS1;ST3GAL1;ST6GALNAC3;MUC17;GALNT16;MUC12",0.8416335538248039,0.9097578870139398,,
"REACTOME_G_ALPHA_S_SIGNALLING_EVENTS",91,0.13687508793817085,0.6562657789532292,0.9953703703703703,1,"PRKAR2A;PRKACB;PDE3A;PDE3B;PDE8A;GPR15;PDE7B;ITGB1;PRKAR1A;GLP2R;GNG12",-0.5206458982980251,1,,
"REACTOME_VEGFR2_MEDIATED_VASCULAR_PERMEABILITY",26,-0.15133497211427543,-0.47826752702702957,0.9955156950672646,1,"MLST8;PRR5;AKT1",-0.5495403557958982,0.9910331384015594,,
"REACTOME_PRE_NOTCH_PROCESSING_IN_GOLGI",18,0.13360559156386353,0.4410360128699237,0.9973474801061007,1,"SEL1L;RAB6A;NOTCH2;B4GALT1;ATP2A2;NOTCH4",0.5787578350143981,0.9912986124745123,,
"REACTOME_SENSORY_PERCEPTION",143,-0.13421149314126643,-0.5666957649068259,0.9988262910798122,1,"FNTB;ACTB;RDH16;TWF2;RAB3A;OR2I1;APOE;SCNN1D;ACTG1;PDE6B;KCNN2;CABP1;RBP4;CAPZB;GNB5;TPRN;CHRNA10;PDE6G;RBP2;PPEF1;CIB2;APOM;EZR;RDH11;DHRS3;GNB1;LRP10;CALM1;STX1A;GNB3;BCO1;FNTA;CTBP2;SYP;EPS8L2;FSCN2;TRPM4;RGS9;AGRN;CDH23;SYN1;MYO15A;GUCA1B;KCNJ2;METAP1;GPC1;PLCB2;LDB1;ANO2;NMT1;KCNQ4",-0.5582116267854115,1,,
"REACTOME_SIGNALING_BY_GPCR",448,-0.14166056335610192,-0.6574250545980032,0.9989669421487604,1,"CCL3;HRAS;PPP1CA;CCL3L3;GNG5;NMB;CCL4;CXCL10;GNB2;CX3CL1;CXCL8;CCL5;RGS14;CCL4L2;PRKCG;HCAR2;CDK5;RAMP1;RHOC;LPAR2;DRD4;ARRB2;GRK6;WNT10B;S1PR4;SAA1;PPP2R1A;P2RY6;AKT1;CXCL11;CXCL9;GNAI2;CXCR3;CXCL13;S1PR2;WNT7B;CXCL16;MAPK3;ADGRE5;GNA15;CXCL3;CXCL1;RGS10;FFAR2;CXCR4;FZD2;RGS19;GNGT2;GNB5;NMU;GPR84;C5AR2;FZD9;ADRB1;OBSCN;DGKZ;CXCR6;ARRB1;MC1R;HEBP1;PLPPR2;DAGLB;PRKAR2B;PPP2CA;FPR1;RHOA;PSAP;PTGER1;ADORA2B;GRK2;PTAFR;PRKAR1B;WNT4;CCR10;CHRM1;AKT2;NPW;RGS3;CXCL2;FPR2;CXCL5;SSTR5;P2RY11;RPS6KA1;GNB1;ADM;GPR35;CAMKK1;ABHD12;CXCR1;PLCB3;CALM1;ANXA1;RGS2;GNB3;MAPK7;ADGRE1;GPR65;CCL2;LPAR5;CD55;GPSM3;CCR5;UCN3;ADORA3;PTGIR;ARHGEF16;ARHGEF39;C5AR1;GPR68;RXFP4;GIPR;APLN;PLA2G4A;FFAR4;PPP1R1B;CCL13;S1PR5;ARHGEF4;RAMP3;SUCNR1;HTR1D;GPR132;MMP3;UCN;RASGRP1;TIAM1;PRKCD;TBXA2R;VAV1;RGS16;GNAS;GNAI3;LTB4R;RGS9",0.7574475625077337,1,,
"REACTOME_ANTI_INFLAMMATORY_RESPONSE_FAVOURING_LEISHMANIA_PARASITE_INFECTION",113,0.11755334705464537,0.5856922733624276,1,1,"PRKAR2A;PRKACB;ADAM17;CREB1;MAPK14;ITPR1;ITPR2;PRKAR1A;GNG12;ADCY6;IGHV2-5;SYK;IGKV1D-16;IGHV3-7;MYH9;IGHV3-13;IGHV4-39;ADCY5;PLCG1;IGHV3-11;YES1;ITPR3",-0.511625697654341,1,,
"REACTOME_CELL_SURFACE_INTERACTIONS_AT_THE_VASCULAR_WALL",158,-0.13859005080443423,-0.5954274415506737,1,1,"HRAS;CD74;BSG;PICK1;PTPN6;CD48;LCK;PPIA;SLC16A3;TGFB1;FCER1G;MMP1;GAS6;GYPC;PROCR;CEACAM3;DOK2;SIRPG;CD244;ITGB2;TREM1;SELPLG;LYN;CD2;FCAMR;SLC7A7;GRB7;ATP1B3;ITGAM;ITGAX;CD99;CD44;CAV1",0.7460368235262055,0.9986477887368757,,
"REACTOME_DISEASES_ASSOCIATED_WITH_O_GLYCOSYLATION_OF_PROTEINS",58,-0.12022915793462546,-0.4444363351184962,1,1,"MUC6;MUC5AC;B4GAT1;MUC1;POMT1;POMGNT1;MUC5B;SPON1;ADAMTSL5;SPON2;SBSPON;MUC3A;LFNG;MUC4;POMT2;ADAMTS10;ADAMTS15;ADAMTS4",0.8755783425896513,0.8202355836849508,,
"REACTOME_REGULATION_OF_ENDOGENOUS_RETROELEMENTS_BY_KRAB_ZFP_PROTEINS",69,0.13903973375986195,0.6287966910097117,1,1,"ZNF33A;H3-3A;ATF7IP;ZNF708;CBX5;ZNF224;ZNF141;H4C16;ZNF382;ZNF317;ZNF680;ZNF273;SETDB1;ZNF136;ZNF610;ZNF669;ZNF418;ZNF30;HDAC2",-0.6059340325951209,0.9986477887368757,,
