"pathway","size","ES","NES","pval","padj","leading_edge","NES_no_cov","padj_no_cov","robust_no_covariate","collapsed_main"
"REACTOME_TRANSLATION",366,-0.6424452777070542,-2.922414687029912,1.8648151785896048e-55,2.0214596535911314e-52,"MRPL2;MRPL43;PSMA6;PSMB6;PSMB4;MRPL55;MRPS34;UBA52;UFD1;FAU;PSMB3;MRPS2;PSMC3;GADD45GIP1;MRPL27;RPS5;MRPL28;MRPL41;RPN1;PSMB5;UBB;MRPL54;RPL18A;MRPL17;PSMB1;ELOB;EIF2B2;RPS14;TUFM;MRPS26;RPS15;MRPS24;SSR2;MRPL12;RPL28;MRPS18A;WARS1;RBX1;RPL18;MRPS12;MRPL23;RPS16;PSMB7;MRPS18C;EIF3K;PSMD8;RPS21;MRPL4;SSR4;MRPL22;MRPL21;PSMD13;RPS10;RPLP2;MRPL52;MRPS11;RPS2;RPS8;RPL8;MRPL20;RPL26L1;RPLP0;AURKAIP1;EIF4EBP1;PSMC5;EIF3F;MRPL14;RPS15A;RPL26;RPL13;CHCHD1;RPS3;RPS9;MRPL40;RPS11;RPL36;EIF3I;RPS18;MRPL11;PSMA5;RPL35;TRMT112;MRPS7;RPS28;MRPL34;RPS13;RPS23;RPL27;EIF3G;NDUFAB1;MRPL58;FARS2;MRPS15;PSMC4;PSMA1;SEC61B;MALSU1;APEH;RPL7A;MRPL36;RPLP1;DDOST;RPS29;PSMB2;RPL29;RPL37;MRPL16;RPSA;MRPL38;MRPL18;RPL17;RPL36AL;ADRM1;RPL10A;EIF3D;RPS19;MRPL37;FARSA;SRPRB;MRPS28;RPL13A;RPL3;PSMC2;RPS6;MRPL10;RPL22L1;RPL27A;RPL23A;MRPS18B;MRPL51;MRPL24;MRPL49;MRPL9;MRPS5;PSMD2;MRPL57;RPL38;EIF2B4;RPL34;RPS26;PSMD14;ERAL1;PSMA7;HARS1;RPS12;OXA1L;SARS2;PSMA3;SEC61G;RPL9;RPL35A;PELO;RPL10;SRP14;EEF2;MRPL48;RPS3A;UBC;RPL5;RPS4X;ELOC;MRPL46;MRPS14;RPL19;RPL41;EEF1A1;VARS1;EIF2B1;QARS1;MRPS16;AIMP2;SEC11C;RPL30;RPL37A;PSMD3;RPL15;RPL31;SEC61A1;SPCS1;RPL12;PSMA4;EEF1B2;MRPL32;SPCS2;MRPS23;SEM1;MRPL15;MRPL39;AARS2;MRPS22;MARS1;EIF2B3;DAP3;PSMD7;MRPL13;MRPL47;RPS27A;MRPS6;ASCC2;MRPS33;TSFM;RPL24;EIF2B5;MRPS21;EEF1D;RPL32;RPL11;VCP;SSR3;RPL39L;UBE2D2;PPA2;SEC11A;YARS2;TCF25;KARS1;RCHY1;MRPS25;MTRFR;CARS1;MRPS35;PPA1;PARS2;MRPS27;EEF1E1",-2.918086556514584,4.4684268634455395e-55,TRUE,
"REACTOME_AEROBIC_RESPIRATION_AND_RESPIRATORY_ELECTRON_TRANSPORT",249,-0.6223335169485015,-2.763683099743018,4.740712442352611e-34,2.5694661437551154e-31,"NDUFA11;UQCR10;NDUFS7;UQCC3;COX8A;NDUFA9;NDUFB10;ATP5MF;ATP5ME;COX6A1;SDHA;SLC25A11;UBA52;NDUFB8;NDUFA6;NDUFA13;NDUFA2;COX4I1;NDUFB7;SDHAF2;UQCR11;CSKMT;NDUFS3;SCO2;NDUFS5;CYC1;ATP5F1D;NDUFS8;ATP5MJ;UBB;ETFB;UQCRC1;UQCRHL;ATP5PO;COX14;UQCRQ;ATP5MG;IDH3G;NDUFA3;PET100;NDUFA12;FOXRED1;COX5B;NDUFS6;NDUFB1;COX7B;SURF1;NDUFV1;RAB5IF;COX7A2;HIGD2A;NDUFAF8;TACO1;COX6B1;SDHAF1;NDUFAF3;HAGH;PKM;NDUFC1;NDUFB9;COA3;MAEA;DMAC1;NDUFAB1;TMEM223;ECSIT;COX5A;GSTZ1;NDUFB2;ATP5F1B;PGAM5;UQCC2;UQCRH;ATP5MC1;DMAC2;SLC25A22;ATP5F1A;NDUFA8;IDH3B;COX7C;NDUFA1;SDHB;NDUFS2;NDUFB11;ATP5MC3;COQ10A;ATP5MC2;TMEM126A;COX7A1;UQCC5;FH;ATP5F1C;MPC1;HSCB;SLC25A4;NDUFB6;TIMM21;MDH2;OXA1L;LYRM4;NDUFS4;LDHA;ACAD9;NDUFAF1;TRAP1;GOT1;ATP5PD;ISCA2;UBC;NDUFV3;DLST;NDUFAF5;NDUFB4;IDH2;UQCRC2;RMND5B;COX6C;ATP5PB;NDUFA4;FAHD1;BCS1L;UQCRFS1;COX4I2;TMEM186;COX16;ISCU;PDHB;ATP5PF;RPS27A;GOT2;SMIM20;SIRT3;ATP5MK;SDHAF3;TMEM177;COX7A2L;SIRT4;TIMMDC1;SLC25A18",-2.7946579133315406,6.9852989041670214e-34,TRUE,
"REACTOME_METABOLISM_OF_AMINO_ACIDS_AND_DERIVATIVES",318,-0.564575345139624,-2.5451321797332755,1.1784170591891163e-30,4.2580136405366735e-28,"PSMA6;PSMB6;PSMB4;UBA52;FAU;IDO1;PSMB3;PSMC3;RPS5;PSMB5;RPL18A;OAZ1;PSMB1;TXN2;RPS14;RPS15;RPL28;RPL18;RPS16;PSMB7;PSMD8;RPS21;PSMD13;RPS10;RPLP2;BCKDHA;BCKDK;RPS2;GRHPR;RPS8;RPL8;RPL26L1;RPLP0;PSMC5;RPS15A;RPL26;RPL13;RPS3;RPS9;RPS11;NMRAL1;RPL36;SRM;ETHE1;RPS18;PSMA5;RPL35;RPS28;PXMP2;RPS13;RPS23;ECHS1;RPL27;PSMC4;PSMA1;RPL7A;RPLP1;MPST;HSD17B10;RPS29;PSMB2;RPL29;RPL37;GSTZ1;RPSA;IL4I1;SLC25A10;RPL17;RPL36AL;ADRM1;PCBD1;EEFSEC;RPL10A;RPS19;QDPR;NNMT;SDSL;RPL13A;PYCR3;GCDH;RPL3;BCAT2;PSMC2;RPS6;RPL22L1;RPL27A;PRODH;RPL23A;PYCR2;PAOX;PSMD2;RPL38;TSTD1;RPL34;RPS26;PSMD14;PSMA7;RPS12;PYCR1;KYNU;CPS1;PSMA3;ASS1;RPL9;SQOR;RPL35A;AHCY;RPL10;GOT1;RPS3A;RPL5;RPS4X;DLST;RPL19;SDS;RPL41;QARS1;OAZ3;ADI1;AIMP2;RPL30;RPL37A;PSMD3;RPL15;NAGS;RPL31;ENOPH1;SHMT1;RPL12;PSMA4;ASRGL1;SEM1;ASL;TST;MARS1;CKMT1A;PSMD7;RPS27A;SMOX;GLS2;GOT2;ODC1;RPL24;NAT8L;CRYM;RPL32;RPL11;RPL39L;SERINC2;KMO;TP53;KARS1",-2.545681489873867,2.0194241997855717e-28,TRUE,
"REACTOME_RESPIRATORY_ELECTRON_TRANSPORT",155,-0.6792820339720367,-2.8871106659619805,1.9291581752033958e-30,5.228018654801202e-28,"NDUFA11;UQCR10;NDUFS7;UQCC3;COX8A;NDUFA9;NDUFB10;COX6A1;SDHA;SLC25A11;NDUFB8;NDUFA6;NDUFA13;NDUFA2;COX4I1;NDUFB7;UQCR11;NDUFS3;SCO2;NDUFS5;CYC1;NDUFS8;ETFB;UQCRC1;UQCRHL;COX14;UQCRQ;NDUFA3;PET100;NDUFA12;FOXRED1;COX5B;NDUFS6;NDUFB1;COX7B;SURF1;NDUFV1;RAB5IF;COX7A2;HIGD2A;NDUFAF8;TACO1;COX6B1;NDUFAF3;NDUFC1;NDUFB9;COA3;DMAC1;NDUFAB1;TMEM223;ECSIT;COX5A;NDUFB2;UQCC2;UQCRH;DMAC2;SLC25A22;NDUFA8;COX7C;NDUFA1;SDHB;NDUFS2;NDUFB11;COQ10A;TMEM126A;COX7A1;UQCC5;HSCB;NDUFB6;TIMM21;MDH2;OXA1L;LYRM4;NDUFS4;ACAD9;NDUFAF1;TRAP1;GOT1;NDUFV3;NDUFAF5;NDUFB4;UQCRC2;COX6C;NDUFA4;BCS1L;UQCRFS1;COX4I2;TMEM186",-2.905336247935672,2.0194241997855717e-28,TRUE,
"REACTOME_RIBOSOME_ASSOCIATED_QUALITY_CONTROL",142,-0.6921058040154724,-2.911307746684465,3.6592697671926804e-30,7.9332968552737315e-28,"PSMA6;PSMB6;PSMB4;UBA52;UFD1;FAU;PSMB3;PSMC3;RPS5;PSMB5;UBB;RPL18A;PSMB1;ELOB;RPS14;RPS15;RPL28;RBX1;RPL18;RPS16;PSMB7;PSMD8;RPS21;PSMD13;RPS10;RPLP2;RPS2;RPS8;RPL8;RPL26L1;RPLP0;PSMC5;RPS15A;RPL26;RPL13;RPS3;RPS9;RPS11;RPL36;RPS18;PSMA5;RPL35;RPS28;RPS13;RPS23;RPL27;PSMC4;PSMA1;RPL7A;RPLP1;RPS29;PSMB2;RPL29;RPL37;RPSA;RPL17;RPL36AL;ADRM1;RPL10A;RPS19;RPL13A;RPL3;PSMC2;RPS6;RPL22L1;RPL27A;RPL23A;PSMD2;RPL38;RPL34;RPS26;PSMD14;PSMA7;RPS12;PSMA3;RPL9;RPL35A;PELO;RPL10;RPS3A;UBC;RPL5;RPS4X;ELOC;RPL19;RPL41;RPL30;RPL37A;PSMD3;RPL15;RPL31;RPL12;PSMA4;SEM1;PSMD7;RPS27A;ASCC2;RPL24;RPL32;RPL11;VCP;RPL39L;UBE2D2",-2.9164669235756717,1.0412546714844377e-27,TRUE,
"REACTOME_RRNA_PROCESSING",207,-0.6161600659626305,-2.6734222294773056,2.758478797676249e-28,4.3541292897350204e-26,"EXOSC4;UBA52;FAU;MRM3;RPS5;RPL18A;RPS14;SNU13;RPS15;RPL28;RPL18;RPS16;IMP3;RPS21;RPS10;RPLP2;TSR3;RPS2;RPS8;NOP10;EMG1;RPL8;RPL26L1;RPLP0;EXOSC7;RPS15A;RPL26;RPL13;RPS3;RPS9;RPS11;RPL36;RPS18;RPL35;TRMT112;RPS28;RPS13;PES1;RPS23;RPL27;IMP4;ELAC2;WDR18;DDX49;NOB1;TBL3;RPL7A;RPLP1;TRUB2;HSD17B10;RPS29;RPL29;RPP21;RPL37;NHP2;RPSA;EXOSC3;RPUSD3;RPL17;RPL36AL;RPL10A;FBL;RPS19;RRP7A;RPP38;RPL13A;RPL3;RPS6;RPL22L1;RPL27A;RPL23A;RRP9;EBNA1BP2;EXOSC2;RRP36;SENP3;RPL38;RCC1L;EXOSC1;NOC4L;RPL34;RPS26;BYSL;RPS12;RPL9;RPL35A;RPUSD4;RPL10;RPS3A;EXOSC5;BOP1;RPL5;RPS4X;RPL19;RPL41;WDR46;RRP1;BUD23;RPL30;RPL37A;RPL15;RPL31;RPL12;RPP25;NOP56",-2.6162624230242764,7.523222861487307e-23,TRUE,
"REACTOME_REGULATION_OF_EXPRESSION_OF_SLITS_AND_ROBOS",153,-0.6751529437131588,-2.869665681347429,2.8117071059174483e-28,4.3541292897350204e-26,"PSMA6;PSMB6;PSMB4;UBA52;FAU;PSMB3;PSMC3;RPS5;PSMB5;UBB;RPL18A;PSMB1;ELOB;RPS14;RPS15;RPL28;RBX1;RPL18;RPS16;PSMB7;PSMD8;RPS21;PSMD13;RPS10;RPLP2;RPS2;RPS8;RPL8;RPL26L1;RPLP0;PSMC5;RPS15A;RPL26;RPL13;RPS3;RPS9;RPS11;RPL36;RPS18;PSMA5;RPL35;RPS28;RPS13;RPS23;RPL27;EIF4A3;PSMC4;PSMA1;RPL7A;RPLP1;RPS29;PSMB2;RPL29;RPL37;RPSA;RPL17;RPL36AL;ADRM1;RPL10A;RPS19;RPL13A;RPL3;PSMC2;RPS6;RPL22L1;RPL27A;RPL23A;ROBO3;PSMD2;RPL38;RPL34;RPS26;PSMD14;PSMA7;RBM8A;RPS12;PSMA3;RPL9;RPL35A;RPL10;MAGOH;RPS3A;UBC;RPL5;RPS4X;ELOC;RPL19;RPL41;RPL30;RPL37A;PSMD3;RPL15;RPL31;RPL12;PSMA4;MAGOHB;SEM1;RNPS1",-2.8863876603208203,4.658992064503816e-28,TRUE,
"REACTOME_SRP_DEPENDENT_COTRANSLATIONAL_PROTEIN_TARGETING_TO_MEMBRANE",110,-0.7252610804015605,-2.965602534855211,2.5652400908521217e-27,3.475900323104625e-25,"UBA52;FAU;RPS5;RPN1;RPL18A;RPS14;RPS15;SSR2;RPL28;RPL18;RPS16;RPS21;SSR4;RPS10;RPLP2;RPS2;RPS8;RPL8;RPL26L1;RPLP0;RPS15A;RPL26;RPL13;RPS3;RPS9;RPS11;RPL36;RPS18;RPL35;RPS28;RPS13;RPS23;RPL27;SEC61B;RPL7A;RPLP1;DDOST;RPS29;RPL29;RPL37;RPSA;RPL17;RPL36AL;RPL10A;RPS19;SRPRB;RPL13A;RPL3;RPS6;RPL22L1;RPL27A;RPL23A;RPL38;RPL34;RPS26;RPS12;SEC61G;RPL9;RPL35A;RPL10;SRP14;RPS3A;RPL5;RPS4X;RPL19;RPL41;SEC11C;RPL30;RPL37A;RPL15;RPL31;SEC61A1;SPCS1;RPL12;SPCS2;RPS27A;RPL24;RPL32;RPL11;SSR3;RPL39L;SEC11A",-2.9394974261873488,1.361451758072505e-24,TRUE,
"REACTOME_CELLULAR_RESPONSE_TO_STARVATION",149,-0.6528312801413249,-2.7552161847588947,4.268171524858787e-25,4.7959711672524014e-23,"ATP6V0B;UBA52;FAU;RPS5;LAMTOR5;SEC13;MLST8;WDR24;RPL18A;RPS14;RPS15;RPL28;LAMTOR4;RPL18;NPRL2;RPS16;LAMTOR1;RPS21;ATP6V1F;RPS10;RPLP2;RPS2;RPS8;RPL8;RPL26L1;RPLP0;RPS15A;RPL26;RPL13;RPS3;RPS9;RPS11;RPL36;RPS18;RPL35;RPS28;RPS13;RPS23;ATP6V0E1;RPL27;LAMTOR2;RPL7A;RPLP1;ATP6V0D1;RPS29;RPL29;RPL37;RPSA;RPL17;RPL36AL;RPL10A;RPS19;RPL13A;RPL3;KPTN;RPS6;RPL22L1;RPL27A;RPL23A;RPL38;RPL34;RPS26;TCIRG1;RPS12;ATP6V1E1;RPL9;RPL35A;RPL10;NPRL3;RPS3A;RPL5;RPS4X;RPL19;RPL41;CEBPB;RPL30;RPL37A;RPL15;RPL31;RPL12;ATF4;RRAGC",-2.7671680945242545,1.8867365943146766e-23,TRUE,
"REACTOME_EUKARYOTIC_TRANSLATION_ELONGATION",90,-0.7464157510435633,-2.9761629090162156,4.424327645066791e-25,4.7959711672524014e-23,"UBA52;FAU;RPS5;RPL18A;RPS14;RPS15;RPL28;RPL18;RPS16;RPS21;RPS10;RPLP2;RPS2;RPS8;RPL8;RPL26L1;RPLP0;RPS15A;RPL26;RPL13;RPS3;RPS9;RPS11;RPL36;RPS18;RPL35;RPS28;RPS13;RPS23;RPL27;RPL7A;RPLP1;RPS29;RPL29;RPL37;RPSA;RPL17;RPL36AL;RPL10A;RPS19;RPL13A;RPL3;RPS6;RPL22L1;RPL27A;RPL23A;RPL38;RPL34;RPS26;RPS12;RPL9;RPL35A;RPL10;EEF2;RPS3A;RPL5;RPS4X;RPL19;RPL41;EEF1A1;RPL30;RPL37A;RPL15;RPL31;RPL12;EEF1B2;RPS27A;RPL24;EEF1D;RPL32;RPL11;RPL39L",-2.992182996300495,2.038927628734067e-24,TRUE,
"REACTOME_EUKARYOTIC_TRANSLATION_INITIATION",117,-0.6923779309274876,-2.862239594355163,2.022767153246704e-24,1.9933450855631157e-22,"UBA52;FAU;RPS5;RPL18A;EIF2B2;RPS14;RPS15;RPL28;RPL18;RPS16;EIF3K;RPS21;RPS10;RPLP2;RPS2;RPS8;RPL8;RPL26L1;RPLP0;EIF4EBP1;EIF3F;RPS15A;RPL26;RPL13;RPS3;RPS9;RPS11;RPL36;EIF3I;RPS18;RPL35;RPS28;RPS13;RPS23;RPL27;EIF3G;RPL7A;RPLP1;RPS29;RPL29;RPL37;RPSA;RPL17;RPL36AL;RPL10A;EIF3D;RPS19;RPL13A;RPL3;RPS6;RPL22L1;RPL27A;RPL23A;RPL38;EIF2B4;RPL34;RPS26;RPS12;RPL9;RPL35A;RPL10;RPS3A;RPL5;RPS4X;RPL19;RPL41;EIF2B1;RPL30;RPL37A;RPL15;RPL31;RPL12;EIF2B3;RPS27A;RPL24;EIF2B5;RPL32;RPL11;RPL39L",-2.848776654863533,7.8969654754692506e-23,TRUE,
"REACTOME_MITOCHONDRIAL_TRANSLATION",114,-0.6847324596866512,-2.8243927419671797,5.65401889885541e-23,5.10746373863272e-21,"MRPL2;MRPL43;MRPL55;MRPS34;MRPS2;GADD45GIP1;MRPL27;MRPL28;MRPL41;MRPL54;MRPL17;TUFM;MRPS26;MRPS24;MRPL12;MRPS18A;MRPS12;MRPL23;MRPS18C;MRPL4;MRPL22;MRPL21;MRPL52;MRPS11;MRPL20;AURKAIP1;MRPL14;CHCHD1;MRPL40;MRPL11;MRPS7;MRPL34;NDUFAB1;MRPL58;MRPS15;MALSU1;MRPL36;MRPL16;MRPL38;MRPL18;MRPL37;MRPS28;MRPL10;MRPS18B;MRPL51;MRPL24;MRPL49;MRPL9;MRPS5;MRPL57;ERAL1;OXA1L;MRPL48;MRPL46;MRPS14;MRPS16;MRPL32;MRPS23;MRPL15;MRPL39;MRPS22;DAP3;MRPL13;MRPL47;MRPS6;MRPS33;TSFM;MRPS21",-2.7722349266981694,2.5014630943373478e-20,TRUE,
"REACTOME_MITOCHONDRIAL_TRANSLATION_ELONGATION",89,-0.7262334521101055,-2.892186222890333,9.753959966098156e-23,8.133302002500309e-21,"MRPL2;MRPL43;MRPL55;MRPS34;MRPS2;GADD45GIP1;MRPL27;MRPL28;MRPL41;MRPL54;MRPL17;TUFM;MRPS26;MRPS24;MRPL12;MRPS18A;MRPS12;MRPL23;MRPS18C;MRPL4;MRPL22;MRPL21;MRPL52;MRPS11;MRPL20;AURKAIP1;MRPL14;CHCHD1;MRPL40;MRPL11;MRPS7;MRPL34;MRPL58;MRPS15;MRPL36;MRPL16;MRPL38;MRPL18;MRPL37;MRPS28;MRPL10;MRPS18B;MRPL51;MRPL24;MRPL49;MRPL9;MRPS5;MRPL57;ERAL1;OXA1L;MRPL48;MRPL46;MRPS14;MRPS16;MRPL32;MRPS23;MRPL15;MRPL39;MRPS22;DAP3;MRPL13;MRPL47;MRPS6;MRPS33;TSFM;MRPS21",-2.8655434489144436,1.323029425064456e-19,TRUE,
"REACTOME_RESPONSE_OF_EIF2AK4_GCN2_TO_AMINO_ACID_DEFICIENCY",99,-0.7044804379596938,-2.836332724619646,1.0827303104380615e-21,8.383426117963276e-20,"UBA52;FAU;RPS5;RPL18A;RPS14;RPS15;RPL28;RPL18;RPS16;RPS21;RPS10;RPLP2;RPS2;RPS8;RPL8;RPL26L1;RPLP0;RPS15A;RPL26;RPL13;RPS3;RPS9;RPS11;RPL36;RPS18;RPL35;RPS28;RPS13;RPS23;RPL27;RPL7A;RPLP1;RPS29;RPL29;RPL37;RPSA;RPL17;RPL36AL;RPL10A;RPS19;RPL13A;RPL3;RPS6;RPL22L1;RPL27A;RPL23A;RPL38;RPL34;RPS26;RPS12;RPL9;RPL35A;RPL10;RPS3A;RPL5;RPS4X;RPL19;RPL41;CEBPB;RPL30;RPL37A;RPL15;RPL31;RPL12;ATF4;RPS27A;RPL24;RPL32;RPL11;RPL39L",-2.847282167427859,4.0580681068319404e-21,TRUE,
"REACTOME_SELENOAMINO_ACID_METABOLISM",113,-0.6692128308950465,-2.753571376112928,4.995304463580212e-21,3.609940025680633e-19,"UBA52;FAU;RPS5;RPL18A;RPS14;RPS15;RPL28;RPL18;RPS16;RPS21;RPS10;RPLP2;RPS2;RPS8;RPL8;RPL26L1;RPLP0;RPS15A;RPL26;RPL13;RPS3;RPS9;RPS11;RPL36;RPS18;RPL35;RPS28;RPS13;RPS23;RPL27;RPL7A;RPLP1;RPS29;RPL29;RPL37;RPSA;RPL17;RPL36AL;EEFSEC;RPL10A;RPS19;NNMT;RPL13A;RPL3;RPS6;RPL22L1;RPL27A;RPL23A;RPL38;RPL34;RPS26;RPS12;RPL9;RPL35A;AHCY;RPL10;RPS3A;RPL5;RPS4X;RPL19;RPL41;QARS1;AIMP2;RPL30;RPL37A;RPL15;RPL31;RPL12",-2.7771638478017526,3.7342603789304553e-20,TRUE,
"REACTOME_SIGNALING_BY_ROBO_RECEPTORS",195,-0.5850383381788784,-2.5386958683006355,5.390500026216045e-21,3.6520637677613704e-19,"PFN1;PSMA6;PSMB6;PSMB4;UBA52;FAU;PSMB3;PSMC3;RPS5;PSMB5;UBB;RPL18A;PSMB1;ELOB;RPS14;RPS15;RPL28;RBX1;RPL18;RPS16;PSMB7;PSMD8;RPS21;PSMD13;RPS10;RPLP2;RPS2;RPS8;RPL8;RPL26L1;RPLP0;PSMC5;RPS15A;RPL26;RPL13;RPS3;RPS9;RPS11;RPL36;RPS18;PSMA5;RPL35;RPS28;RPS13;RPS23;RPL27;EIF4A3;PSMC4;PSMA1;RPL7A;RPLP1;RPS29;PSMB2;RPL29;RPL37;RPSA;RPL17;RPL36AL;ADRM1;RPL10A;RPS19;RPL13A;RPL3;PSMC2;RPS6;RPL22L1;RPL27A;RPL23A;ROBO3;PSMD2;RPL38;RPL34;RPS26;PSMD14;PSMA7;RBM8A;RPS12;PSMA3;RPL9;RPL35A;RPL10;MAGOH;RPS3A;UBC;RPL5;RPS4X;ELOC;RPL19;RPL41;PAK6;RPL30;RPL37A;PSMD3;RPL15;RPL31;RPL12;PSMA4;CXCR4;MAGOHB;SEM1;RNPS1",-2.561403360931996,5.365581627316932e-21,TRUE,
"REACTOME_RIBOSOME_QUALITY_CONTROL_RQC_COMPLEX_EXTRACTS_AND_DEGRADES_NASCENT_PEPTIDE",101,-0.6975663873970216,-2.818983979858083,1.0613850739470905e-20,6.767890706815566e-19,"PSMA6;PSMB6;PSMB4;UBA52;UFD1;PSMB3;PSMC3;PSMB5;UBB;RPL18A;PSMB1;ELOB;RPL28;RBX1;RPL18;PSMB7;PSMD8;PSMD13;RPLP2;RPL8;RPL26L1;RPLP0;PSMC5;RPL26;RPL13;RPL36;PSMA5;RPL35;RPL27;PSMC4;PSMA1;RPL7A;RPLP1;PSMB2;RPL29;RPL37;RPL17;RPL36AL;ADRM1;RPL10A;RPL13A;RPL3;PSMC2;RPL22L1;RPL27A;RPL23A;PSMD2;RPL38;RPL34;PSMD14;PSMA7;PSMA3;RPL9;RPL35A;RPL10;UBC;RPL5;ELOC;RPL19;RPL41;RPL30;RPL37A;PSMD3;RPL15;RPL31;RPL12;PSMA4;SEM1;PSMD7;RPS27A;RPL24;RPL32;RPL11;VCP;RPL39L;UBE2D2;TCF25;RCHY1",-2.8319710005553693,6.492586565990064e-21,TRUE,
"REACTOME_INFLUENZA_INFECTION",156,-0.6035878031139834,-2.57351568022172,1.3357071525546668e-19,8.043925296495882e-18,"POLR2I;POLR2L;UBA52;FAU;RPS5;SEC13;POLR2F;RPL18A;POLR2G;RPS14;RPS15;RPL28;RPL18;RPS16;RPS21;RPS10;RPLP2;RPS2;RPS8;RPL8;RPL26L1;RPLP0;RAN;RPS15A;RPL26;RPL13;RPS3;RPS9;RPS11;RPL36;RPS18;RPL35;RPS28;RPS13;RPS23;ISG15;RPL27;POLR2H;CLTA;CALR;RPL7A;RPLP1;RPS29;RPL29;RPL37;AAAS;POLR2E;RPSA;SLC25A6;CPSF4;RPL17;RPL36AL;RPL10A;RPS19;POLR2J;RPL13A;RPL3;RPS6;RPL22L1;RPL27A;RPL23A;RPL38;RPL34;RPS26;RPS12;RPL9;RPL35A;RPL10;GBP1;RPS3A;RPL5;TGFB1;RPS4X;RPL19;RPL41;RPL30;RPL37A;RPL15;RPL31;GTF2F1;RPL12",-2.570044624226359,1.702566034354635e-17,TRUE,
"REACTOME_INFLUENZA_VIRAL_RNA_TRANSCRIPTION_AND_REPLICATION",134,-0.62552626661356,-2.616396450064284,1.436382053549108e-19,8.19493761077491e-18,"POLR2I;POLR2L;UBA52;FAU;RPS5;SEC13;POLR2F;RPL18A;POLR2G;RPS14;RPS15;RPL28;RPL18;RPS16;RPS21;RPS10;RPLP2;RPS2;RPS8;RPL8;RPL26L1;RPLP0;RPS15A;RPL26;RPL13;RPS3;RPS9;RPS11;RPL36;RPS18;RPL35;RPS28;RPS13;RPS23;RPL27;POLR2H;RPL7A;RPLP1;RPS29;RPL29;RPL37;AAAS;POLR2E;RPSA;RPL17;RPL36AL;RPL10A;RPS19;POLR2J;RPL13A;RPL3;RPS6;RPL22L1;RPL27A;RPL23A;RPL38;RPL34;RPS26;RPS12;RPL9;RPL35A;RPL10;RPS3A;RPL5;RPS4X;RPL19;RPL41;RPL30;RPL37A;RPL15;RPL31;GTF2F1;RPL12;NUP37;POLR2C;RPS27A;RPL24;RPL32;RPL11;RPL39L;NUP62",-2.6401066830100177,2.5083451332361105e-18,TRUE,
"REACTOME_COMPLEX_I_BIOGENESIS",67,-0.7386445037906634,-2.799772246626198,1.3752482083509864e-18,7.453845289262347e-17,"NDUFA11;NDUFS7;NDUFA9;NDUFB10;NDUFB8;NDUFA6;NDUFA13;NDUFA2;NDUFB7;NDUFS3;NDUFS5;NDUFS8;NDUFA3;NDUFA12;FOXRED1;NDUFS6;NDUFB1;NDUFV1;NDUFAF8;NDUFAF3;NDUFC1;NDUFB9;DMAC1;NDUFAB1;ECSIT;NDUFB2;DMAC2;NDUFA8;NDUFA1;NDUFS2;NDUFB11;TMEM126A;HSCB;NDUFB6;OXA1L;NDUFS4;ACAD9;NDUFAF1;NDUFV3;NDUFAF5;NDUFB4",-2.7574203004153213,1.1034394474484136e-15,TRUE,
"REACTOME_ANTIGEN_PROCESSING_CROSS_PRESENTATION",94,-0.673857236881968,-2.709551505403689,3.9314146864069556e-18,2.029358819078638e-16,"PSMA6;PSMB6;PSMB4;UBA52;PSMB3;PSMC3;PSMB8;PSMB5;UBB;PSME1;PSMB1;PSMB9;PSMB7;PSMD8;PSMD13;PSMB10;PSME2;CYBA;PSMC5;PSMA5;PSMC4;PSMA1;SEC61B;VAMP8;CALR;PSMB2;HLA-G;TAPBP;ADRM1;HLA-C;TAP1;PSMC2;STX4;HLA-F;HLA-A;PSMD2;CTSL;PSMD14;PSMA7;HLA-E;S100A8;PSMA3;SEC61G;S100A9;CD14;UBC;FCGR1A;HLA-B;PSMD3;SEC61A1;PSMA4;SEM1;NCF1;PSMD7;RPS27A",-2.62412176556078,1.5535314224698686e-14,TRUE,
"REACTOME_NONSENSE_MEDIATED_DECAY_NMD",113,-0.6397380716357942,-2.63229328689048,7.387235260621546e-18,3.639892282960798e-16,"UBA52;FAU;RPS5;RPL18A;RPS14;RPS15;RPL28;RPL18;RPS16;RPS21;RPS10;RPLP2;RPS2;RPS8;RPL8;RPL26L1;RPLP0;RPS15A;RPL26;RPL13;RPS3;RPS9;RPS11;RPL36;RPS18;RPL35;RPS28;RPS13;RPS23;RPL27;EIF4A3;RPL7A;RPLP1;RPS29;RPL29;RPL37;RPSA;RPL17;RPL36AL;RPL10A;RPS19;RPL13A;RPL3;RPS6;RPL22L1;RPL27A;RPL23A;RPL38;RPL34;RPS26;PPP2R1A;RBM8A;RPS12;RPL9;RPL35A;RPL10;MAGOH;RPS3A;RPL5;RPS4X;RPL19;RPL41;RPL30;RPL37A;RPL15;RPL31;RPL12;MAGOHB;RNPS1;RPS27A;RPL24;RPL32;SMG9;RPL11;RPL39L",-2.6476276556430847,8.430066935765925e-17,TRUE,
"REACTOME_NEUTROPHIL_DEGRANULATION",424,-0.4389294236795666,-2.0167512236552745,2.2201263991917523e-15,1.0463552246625476e-13,"PSMC3;ALDOA;TRAPPC1;PSMB1;DYNLL1;DYNLT1;COMMD9;PSMB7;LAMTOR1;PYCARD;PSMD13;NME2;TUBB4B;CST3;HMOX2;RHOG;PTGES2;TXNDC5;NAPRT;GSDMD;CYBA;CSNK2B;DPP7;C1orf35;APRT;FTH1;NPC2;PSMA5;PRSS3;PKM;TMEM179B;PNP;SLC2A5;LAMTOR2;RAB3A;TYROBP;APEH;VAMP8;DDOST;TUBB;PPIE;GSTP1;SURF4;CTSD;RHOF;MCEMP1;CD63;BRI3;DBNL;HLA-C;ALDOC;S100P;GLA;COMMD3;BST2;PRDX4;CYSTM1;PSMC2;GRN;PTPN6;CD300A;GPI;RNASET2;HSPA6;PSMD2;PPIA;CCT2;PSMD14;TCIRG1;RAB5C;ARHGAP45;FUCA2;RAB24;ILF2;HBB;S100A8;PFKL;S100A9;HPSE;ANXA2;CD14;GMFG;SRP14;EEF2;CTSZ;ACTR1B;SERPINB6;GUSB;GM2A;EEF1A1;IMPDH2;CSTB;FCER1G;CAPN1;SLPI;CLEC12A;ADGRE5;HLA-B;OSCAR;PSMD3;CXCL1;BST1;ATAD3B;AGPAT2;CYB5R3;PGAM1;CEACAM3;TOM1;S100A11;STING1;HK3;TOLLIP;PLAU;SLC11A1;LYZ;VNN1;PA2G4;PDXK;TBC1D10C;AP1M1;PSMD7;ARHGAP9;HSPA8;ACAA1;CTSB;TNFAIP6;ITGB2;LPCAT1;PDAP1;FABP5;PLAUR;GPR84;AP2A2;LCN2;HEBP2;PTX3;VCP;ATG7;DGAT1;MVP;B2M;FCGR2A;CTSC;LILRB3;XRCC6;CD53;DNASE1L1;SERPINB1;TRPM2;MMP25;RHOA;FPR1;PSAP;DEGS1;PYGB;NEU1;MAN2B1;SIGLEC9;FGR;LRG1;IMPDH1;NDUFC2;PTAFR;ARSA;CLEC5A;RAP2B;ARPC5;CHIT1;FPR2;SYNGR1;ARL8A;TMC6;FCGR3B;LAIR1;MGST1;PSMD6;CXCR1;SIGLEC14;CPNE1;ITGAM;PYGL;CTSA;VAT1;OSTF1;NFAM1;CD59;SERPINA1;LILRB2;HVCN1;GYG1;ADAM8;CD44;CKAP4;GHDC;CFD;PLEKHO2;GLIPR1;ITGAX;C5AR1;CTSH;TCN1;MMP9;CDA;DOK3;ACP3;SLC15A4;PKP1;CD55;PGM1;CD33;ADGRG3;ALOX5;ALDH3B1",-1.911371571897208,2.4345667506865165e-11,TRUE,
"REACTOME_THE_ROLE_OF_GTSE1_IN_G2_M_PROGRESSION_AFTER_G2_CHECKPOINT",57,-0.7182056414630111,-2.6674743876339138,2.7429571193632852e-14,1.238902298912417e-12,"PSMA6;PSMB6;PSMB4;UBA52;PSMB3;PSMC3;PSMB5;UBB;PSMB1;PSMB7;PSMD8;PSMD13;TUBB4B;PSMC5;PSMA5;PSMC4;PSMA1;PLK1;PSMB2;TUBA1B;FKBPL;TUBA4A;ADRM1;PSMC2;PSMD2;PSMD14;PSMA7;CCNB1;PSMA3;TUBA1C;UBC;CCNB2;PSMD3;PSMA4;TUBB3;SEM1;PSMD7;RPS27A;TUBA1A;TUBB6",-2.622223021649322,1.3526668858850981e-11,TRUE,
"REACTOME_VIF_MEDIATED_DEGRADATION_OF_APOBEC3G",41,-0.7629449103225877,-2.6457113464261806,3.215091915277682e-13,1.3940638544644028e-11,"PSMA6;PSMB6;PSMB4;UBA52;PSMB3;PSMC3;PSMB5;UBB;PSMB1;ELOB;RBX1;PSMB7;PSMD8;PSMD13;PSMC5;PSMA5;PSMC4;PSMA1;PSMB2;APOBEC3G;ADRM1;PSMC2;PSMD2;PSMD14;PSMA7;PSMA3;UBC;ELOC;PSMD3;PSMA4;SEM1;PSMD7;RPS27A",-2.6038609330859277,2.2000688774994016e-10,TRUE,
"REACTOME_SYNTHESIS_OF_DNA",107,-0.5983528936878599,-2.434038199588817,3.5573942226002837e-13,1.4316794391167367e-11,"PSMA6;PSMB6;PSMB4;UBA52;PSMB3;PSMC3;ANAPC11;PSMB5;ANAPC15;UBB;PSMB1;MCM5;RBX1;POLA2;PSMB7;PSMD8;PSMD13;PSMC5;CDT1;PSMA5;CDC45;PSMC4;PSMA1;POLD2;PSMB2;ADRM1;RFC2;MCM7;ANAPC5;PSMC2;FEN1;PCNA;ANAPC2;PSMD2;PSMD14;PSMA7;ANAPC7;PSMA3;UBE2S;FZR1;POLD1;UBC;RPA1;PSMD3;RPA3;GINS2;MCM2;RFC5;POLE4;PSMA4;SEM1;POLD4;PSMD7;RPS27A;GINS3;RPA2;ORC1",-2.42432945896248,1.3526668858850981e-11,TRUE,
"REACTOME_APC_C_CDH1_MEDIATED_DEGRADATION_OF_CDC20_AND_OTHER_APC_C_CDH1_TARGETED_PROTEINS_IN_LATE_MITOSIS_EARLY_G1",61,-0.6881294292384066,-2.5833954479669723,3.688766327156238e-13,1.4316794391167367e-11,"PSMA6;PSMB6;PSMB4;UBA52;PSMB3;PSMC3;ANAPC11;PSMB5;ANAPC15;UBB;PSMB1;AURKB;PSMB7;PSMD8;PSMD13;PSMC5;PSMA5;CDC20;PSMC4;PSMA1;PLK1;PSMB2;ADRM1;ANAPC5;PSMC2;ANAPC2;PSMD2;PSMD14;PSMA7;ANAPC7;PSMA3;UBE2S;FZR1;UBC;PTTG1;PSMD3;PSMA4;SEM1;PSMD7;RPS27A",-2.5776783106276375,6.632263290551741e-11,TRUE,
"REACTOME_RHO_GTPASE_CYCLE",435,0.32628077855651905,1.9338715078968902,3.706320806307966e-13,1.4316794391167367e-11,"ROCK2;KIDINS220;ANKRD26;ITSN2;TRIO;ARHGAP21;FNBP1L;SYDE2;MYO9A;OPHN1;ARHGEF12;SOS1;DSP;RBBP6;SOS2;OSBPL11;DST;NCKAP1;FARP2;RASAL2;DIAPH2;ERBIN;DNMBP;DOCK7;OCRL;STK38;SH3PXD2A;SPATA13;MTR;SOWAHC;ARHGAP5;TEX2;CDC42BPA;LEMD3;KTN1;PEAK1;PIK3CA;PAK2;GARRE1;ABI2;MSI2;WIPF2;FGD5;SLK;AKAP13;ROCK1;FAM135A;PIK3R1;ARHGAP35;FARP1;RALGAPA1;DOCK1;IQGAP1;MYO6;PREX2;USP9X;UACA;PHIP;WDR11;TJP2;ARHGEF11;CPD;SPEN;RNF20;CUL3;GOPC;ADD3;PLEKHG1;FMNL2;DOCK9;SRRM1;SLC4A7;LBR;CCP110;ARHGAP8;ITSN1;ABL2;FAM13A;RHPN2;WASL;ARHGAP42;FAM13B;ITGB1;PKN2;ARHGEF7;ARHGAP26;DAAM1;TMOD3;ARHGAP12;DSG2;ARMCX3;ARHGEF10;CLTC;CHN2;FILIP1;CFTR;ELMO2;VANGL1;STARD13;ARHGAP18;PICALM;RHOU;NHS;CDC42BPB;KALRN;DLC1;FGD4;SPTBN1;ARAP2;SPTAN1;ARHGEF5;DOCK11;SWAP70;RAPGEF1;NET1;ARHGEF9;FAM91A1;MPP7;AKAP12;FRS2;ARHGAP32;ARHGAP28;GNA13;DBT;TAOK3;PKP4;MOSPD2;VAV3;VANGL2;TOR1AIP1;WASF2;ARHGAP23;VAPB;ALS2;DIAPH1;BLTP3B;STAM2;CDC42EP3;FNBP1;RND3;KIF14;SENP1;PLEKHG2",1.979413012311037,6.2437333090360685e-12,TRUE,
"REACTOME_CROSS_PRESENTATION_OF_SOLUBLE_EXOGENOUS_ANTIGENS_ENDOSOMES",41,-0.7616899402945845,-2.6413594090876,3.8301387208842584e-13,1.4316794391167367e-11,"PSMA6;PSMB6;PSMB4;PSMB3;PSMC3;PSMB8;PSMB5;PSME1;PSMB1;PSMB9;PSMB7;PSMD8;PSMD13;PSMB10;PSME2;PSMC5;PSMA5;PSMC4;PSMA1;PSMB2;ADRM1;PSMC2;PSMD2;PSMD14;PSMA7;PSMA3;FCGR1A;PSMD3;PSMA4;SEM1;PSMD7",-2.5854382190236325,3.9075719513768666e-10,TRUE,
"REACTOME_SARS_COV_2_MODULATES_HOST_TRANSLATION_MACHINERY",50,-0.7279462560161142,-2.604628478227019,7.97868189764769e-13,2.8829637256833654e-11,"FAU;RPS5;RPS14;RPS15;RPS16;SNRPD2;RPS21;RPS10;RPS2;RPS8;GEMIN7;SNRPF;RPS15A;RPS3;RPS9;RPS11;RPS18;RPS28;RPS13;RPS23;SNRPB;RPS29;SNRPD1;RPSA;RPS19;RPS6;RPS26;RPS12;SNRPG;RPS3A;RPS4X;GEMIN4;SNRPE;GEMIN2;RPS27A",-2.5678974668700065,2.898388186745078e-11,TRUE,
"REACTOME_AUF1_HNRNP_D0_BINDS_AND_DESTABILIZES_MRNA",42,-0.7531594463157291,-2.6204007904810633,8.799935560417363e-13,3.0771387572556196e-11,"PSMA6;PSMB6;PSMB4;UBA52;PSMB3;PSMC3;PSMB5;UBB;PSMB1;PSMB7;PSMD8;PSMD13;PSMC5;PSMA5;PSMC4;PSMA1;PSMB2;ADRM1;PSMC2;HSPB1;PSMD2;PSMD14;PSMA7;PSMA3;UBC;PSMD3;PSMA4;SEM1;PSMD7;RPS27A;HSPA8",-2.545578783077621,1.4332570200399855e-9,TRUE,
"REACTOME_FBXL7_DOWN_REGULATES_AURKA_DURING_MITOTIC_ENTRY_AND_IN_EARLY_MITOSIS",42,-0.7519239660040468,-2.6161022935277383,9.783767272565324e-13,3.314251163581504e-11,"PSMA6;PSMB6;PSMB4;UBA52;PSMB3;PSMC3;PSMB5;UBB;PSMB1;RBX1;PSMB7;PSMD8;PSMD13;PSMC5;PSMA5;PSMC4;PSMA1;PSMB2;ADRM1;PSMC2;PSMD2;PSMD14;PSMA7;PSMA3;UBC;PSMD3;PSMA4;SEM1;PSMD7;RPS27A",-2.564640776431333,8.987269605226767e-10,TRUE,
"REACTOME_PROTEASOME_ASSEMBLY",50,-0.720449766623346,-2.577805660473975,2.5861726488505804e-12,8.197891287092295e-11,"PSMD9;PSMA6;PSMB6;PSMB4;PSMB3;PSMC3;PSMG3;PSMB8;PSMB5;PSMD4;PSME1;PSMB1;PSMB9;PSMB7;PSMD8;PSMD13;PSMB10;PSME2;PSMC5;PSMA5;PSMC4;PSMA1;PSMB2;PSMG4;ADRM1;PSMC2;PSMD2;PSMD14;PSMA7;PSMA3;PSMD3;PSMA4;SEM1;PSMD7;PSMF1",-2.5588301770557176,3.624662380315383e-11,TRUE,
"REACTOME_SCF_BETA_TRCP_MEDIATED_DEGRADATION_OF_EMI1",42,-0.7445571833972918,-2.5904717008816887,2.611368817366679e-12,8.197891287092295e-11,"PSMA6;PSMB6;PSMB4;UBA52;PSMB3;PSMC3;PSMB5;UBB;PSMB1;PSMB7;PSMD8;PSMD13;PSMC5;PSMA5;CDC20;PSMC4;PSMA1;PSMB2;ADRM1;PSMC2;PSMD2;PSMD14;PSMA7;PSMA3;FZR1;UBC;PSMD3;PSMA4;SEM1;PSMD7;RPS27A",-2.5495652369527795,1.377653151447043e-9,TRUE,
"REACTOME_ACTIVATION_OF_THE_MRNA_UPON_BINDING_OF_THE_CAP_BINDING_COMPLEX_AND_EIFS_AND_SUBSEQUENT_BINDING_TO_43S",59,-0.690334654680077,-2.574726697426403,2.64692061852611e-12,8.197891287092295e-11,"FAU;RPS5;RPS14;RPS15;RPS16;EIF3K;RPS21;RPS10;RPS2;RPS8;EIF4EBP1;EIF3F;RPS15A;RPS3;RPS9;RPS11;EIF3I;RPS18;RPS28;RPS13;RPS23;EIF3G;RPS29;RPSA;EIF3D;RPS19;RPS6;RPS26;RPS12;RPS3A;RPS4X",-2.5285055614112917,1.203842953368841e-10,TRUE,
"REACTOME_SPOP_MEDIATED_PROTEASOMAL_DEGRADATION_OF_PD_L1_CD274",46,-0.728612111178886,-2.5775142695549467,3.1552632629124484e-12,9.500848269436372e-11,"PSMA6;PSMB6;PSMB4;UBA52;PSMB3;PSMC3;PSMB5;UBB;PSMB1;RBX1;PSMB7;PSMD8;PSMD13;PSMC5;CSNK2B;PSMA5;PSMC4;PSMA1;PSMB2;CD274;ADRM1;CDK4;PSMC2;PSMD2;PSMD14;PSMA7;PSMA3;UBC;PSMD3;PSMA4;SEM1;PSMD7;RPS27A",-2.5345872360995525,3.11885332622916e-10,TRUE,
"REACTOME_DEGRADATION_OF_DVL",44,-0.7349691341265439,-2.579343540157739,4.773646385910504e-12,1.3985493736018883e-10,"PSMA6;PSMB6;PSMB4;UBA52;PSMB3;PSMC3;PSMB5;UBB;PSMB1;RBX1;PSMB7;PSMD8;PSMD13;PSMC5;PSMA5;PSMC4;PSMA1;PSMB2;ADRM1;PSMC2;PSMD2;PSMD14;PSMA7;PSMA3;UBC;DVL1;PSMD3;PSMA4;SEM1;DVL2;PSMD7;RPS27A",-2.5285714486414776,1.1180198456308504e-9,TRUE,
"REACTOME_ORC1_REMOVAL_FROM_CHROMATIN",57,-0.6849895787210516,-2.544107218807823,5.840980161098606e-12,1.666216445955497e-10,"PSMA6;PSMB6;PSMB4;UBA52;PSMB3;PSMC3;PSMB5;UBB;PSMB1;MCM5;RBX1;PSMB7;PSMD8;PSMD13;PSMC5;CDT1;PSMA5;PSMC4;PSMA1;PSMB2;ADRM1;MCM7;PSMC2;PSMD2;PSMD14;PSMA7;PSMA3;UBC;PSMD3;MCM2;PSMA4;SEM1;PSMD7;RPS27A;ORC1",-2.5306750188480724,3.1730965754678936e-10,TRUE,
"REACTOME_SARS_COV_1_MODULATES_HOST_TRANSLATION_MACHINERY",36,-0.7733580361056547,-2.6168339756249255,6.293663029983323e-12,1.749315570385108e-10,"FAU;RPS5;RPS14;RPS15;RPS16;RPS21;RPS10;RPS2;RPS8;RPS15A;RPS3;RPS9;RPS11;RPS18;RPS28;RPS13;RPS23;RPS29;RPSA;RPS19;RPS6;RPS26;RPS12;RPS3A;RPS4X;EEF1A1",-2.599007657105642,3.805768891563755e-10,TRUE,
"REACTOME_ACTIVATION_OF_APC_C_AND_APC_C_CDC20_MEDIATED_DEGRADATION_OF_MITOTIC_PROTEINS",63,-0.669990209397392,-2.5263794078781876,6.653804776601756e-12,1.803181094459076e-10,"PSMA6;PSMB6;PSMB4;UBA52;PSMB3;PSMC3;ANAPC11;PSMB5;ANAPC15;UBB;PSMB1;PSMB7;PSMD8;PSMD13;PSMC5;PSMA5;CDC20;PSMC4;PSMA1;PLK1;PSMB2;ADRM1;ANAPC5;PSMC2;ANAPC2;PSMD2;PSMD14;PSMA7;BUB3;ANAPC7;CCNB1;PSMA3;UBE2S;UBC;PTTG1;PSMD3;PSMA4;SEM1;PSMD7;RPS27A",-2.5166122353762446,5.539267777013346e-10,TRUE,
"REACTOME_APC_C_MEDIATED_DEGRADATION_OF_CELL_CYCLE_PROTEINS",74,-0.6402566982976253,-2.4513936171899844,7.42780607276542e-12,1.963839459238467e-10,"PSMA6;PSMB6;PSMB4;UBA52;PSMB3;PSMC3;ANAPC11;PSMB5;ANAPC15;UBB;PSMB1;AURKB;PSMB7;PSMD8;PSMD13;PSMC5;PSMA5;CDC20;PSMC4;PSMA1;PLK1;PSMB2;ADRM1;ANAPC5;PSMC2;ANAPC2;PSMD2;PSMD14;PSMA7;BUB3;ANAPC7;CCNB1;PSMA3;UBE2S;FZR1;UBC;PTTG1;PSMD3;PSMA4;SEM1;PSMD7;RPS27A",-2.452130062241789,3.1730965754678936e-10,TRUE,
"REACTOME_MITOCHONDRIAL_PROTEIN_IMPORT",63,-0.668265579475131,-2.5198762240096806,9.078742786055737e-12,2.3431802809724805e-10,"TIMM8B;NDUFB8;CYC1;MTX1;TOMM5;CHCHD10;TIMM13;IDH3G;GFER;CHCHD5;TIMM22;TIMM10;TIMM44;PMPCA;COA4;TOMM22;SLC25A6;ATP5F1B;CHCHD2;TOMM7;ATP5MC1;ATP5F1A;TIMM17B;CMC2;TIMM50;HSCB;SLC25A4;TIMM21;TOMM40;COA6;SAMM50;TIMM23;BCS1L;GRPEL1;PMPCB;TIMM9;CHCHD4;OTC;COQ2;LDHD;DNAJC19;PAM16;ACO2;TIMM17A;TAFAZZIN",-2.6167956409437205,1.1762726051798531e-11,TRUE,
"REACTOME_NEGATIVE_REGULATION_OF_NOTCH4_SIGNALING",44,-0.7297917670621599,-2.561173786255877,1.104430569665372e-11,2.784192412830845e-10,"PSMA6;PSMB6;PSMB4;UBA52;PSMB3;PSMC3;PSMB5;UBB;PSMB1;RBX1;PSMB7;PSMD8;PSMD13;PSMC5;PSMA5;PSMC4;PSMA1;PSMB2;ADRM1;PSMC2;PSMD2;PSMD14;PSMA7;PSMA3;AKT1;UBC;PSMD3;PSMA4;SEM1;PSMD7;RPS27A;TACC3",-2.4860849303699255,4.10177271516208e-9,TRUE,
"REACTOME_PROTEIN_LOCALIZATION",157,-0.5236022877486981,-2.2291123539795445,1.2815403851323355e-11,3.1572494942805723e-10,"TIMM8B;UBA52;NDUFB8;GET3;CYC1;MTX1;UBB;TOMM5;CHCHD10;FIS1;TIMM13;IDH3G;STX5;GFER;CHCHD5;TIMM22;TIMM10;UBE2J2;TIMM44;PMPCA;PXMP2;PEX14;COA4;SEC61B;DHRS4;TOMM22;SLC25A6;ATP5F1B;PEX16;CHCHD2;TOMM7;ATP5MC1;ATP5F1A;CYB5A;TIMM17B;DECR2;PAOX;CMC2;TIMM50;SGTA;HSCB;SLC25A4;TIMM21;TOMM40;SEC61G;UBL4A;PEX10;COA6;SAMM50;UBC;MPV17;TIMM23;SERP1;SLC25A17;ECH1;ABCD1;BCS1L;ACOT8;GRPEL1;TYSND1;PMPCB;RPS27A;ACAA1;GET4;EMD;HMGCL;ECI2;UBE2D2;TIMM9;GSTK1;HMOX1;CHCHD4;OTC;COQ2;LDHD;DNAJC19;PAM16;PEX6;ACO2;STX1A;TIMM17A",-2.3580598793643506,6.258915397145568e-13,TRUE,
"REACTOME_DNA_REPLICATION",147,-0.5266694138761747,-2.2207733242119074,1.761174062734599e-11,4.2424726311206786e-10,"PSMA6;PSMB6;PSMB4;UBA52;PSMB3;PSMC3;ANAPC11;PSMB5;ANAPC15;UBB;PSMB1;MCM5;RBX1;POLA2;PSMB7;PSMD8;PSMD13;H2AC20;PSMC5;CDT1;H2AX;PSMA5;CDC45;PSMC4;PSMA1;POLD2;PSMB2;ADRM1;RFC2;MCM7;ANAPC5;PSMC2;FEN1;PCNA;ANAPC2;POLRMT;PSMD2;PSMD14;PSMA7;ANAPC7;PSMA3;UBE2S;FZR1;POLD1;UBC;H4C5;SSBP1;RPA1;PSMD3;H2AZ2;RPA3;GINS2;MCM2;RFC5;POLE4;PSMA4;SEM1;POLD4;PSMD7;RPS27A;GINS3;RPA2;ORC1",-2.2068720604161927,7.594458644440489e-10,TRUE,
"REACTOME_METABOLISM_OF_POLYAMINES",46,-0.7163529829164165,-2.534146780126732,1.9995458478353395e-11,4.711973258811974e-10,"PSMA6;PSMB6;PSMB4;PSMB3;PSMC3;PSMB5;OAZ1;PSMB1;PSMB7;PSMD8;PSMD13;PSMC5;SRM;PSMA5;PSMC4;PSMA1;PSMB2;ADRM1;PSMC2;PAOX;PSMD2;PSMD14;PSMA7;PSMA3;OAZ3;PSMD3;PSMA4;SEM1;PSMD7;SMOX;ODC1",-2.4843750496787536,1.390820592371036e-9,TRUE,
"REACTOME_DECTIN_1_MEDIATED_NONCANONICAL_NF_KB_SIGNALING",48,-0.706271456866219,-2.5120691983130183,2.6421153226846532e-11,6.093729808064178e-10,"PSMA6;PSMB6;PSMB4;UBA52;PSMB3;PSMC3;PSMB5;UBB;PSMB1;PSMB7;PSMD8;UBE2M;PSMD13;PSMC5;PSMA5;RELB;PSMC4;PSMA1;NFKB2;PSMB2;ADRM1;PSMC2;PSMD2;PSMD14;PSMA7;PSMA3;UBC;PSMD3;PSMA4;SEM1;PSMD7;RPS27A",-2.4798923182233112,1.390820592371036e-9,TRUE,
"REACTOME_PCP_CE_PATHWAY",78,-0.6185155479918735,-2.4000286355508758,3.6287366604489713e-11,8.194896958180593e-10,"PFN1;PSMA6;PSMB6;PSMB4;UBA52;PSMB3;PSMC3;AP2S1;PSMB5;UBB;PSMB1;PSMB7;PSMD8;PSMD13;PARD6A;PSMC5;PSMA5;PSMC4;PSMA1;CLTA;PSMB2;PRKCG;CLTB;ADRM1;AP2M1;RAC2;PSMC2;RAC3;ARRB2;PSMD2;PSMD14;PSMA7;PSMA3;UBC;DVL1;PSMD3;FZD2;PSMA4;SEM1;DVL2;PSMD7;RPS27A",-2.4117188318442584,5.048187916277836e-10,TRUE,
"REACTOME_CELLULAR_RESPONSE_TO_CHEMICAL_STRESS",188,-0.487327341836025,-2.1077076009595723,4.4629097900481094e-11,9.873049413086022e-10,"COX8A;PSMA6;PSMB6;PSMB4;COX6A1;GPX1;UBA52;UFD1;PSMB3;COX4I1;PSMC3;BLVRB;PSMB5;UBB;SOD1;PSMB1;TXN2;PRDX2;ATOX1;RBX1;PSMB7;PSMD8;PSMD13;COX5B;HMOX2;COX7B;CYBA;PSMC5;COX7A2;CSNK2B;COX6B1;PSMA5;TXNRD2;PSMC4;PSMA1;KEAP1;ABCF2;TALDO1;PSMB2;COX5A;PRDX1;GSTP1;CCS;ADRM1;COX7C;PSMC2;NUDT2;HDAC3;HBA2;COX7A1;PSMD2;PSMD14;PSMA7;TKT;SOD3;HBB;PSMA3;AKT1;STAP2;G6PD;UBC;PGD;TRIM21;PRDX3;COX6C;NDUFA4;PSMD3;COX4I2;PSMA4;ATF4;SEM1;P4HB;NCF1;PSMD7;RPS27A;SMARCD3;MUL1;GPX3;CDKN2A;COX7A2L;NCF4;VCP;BLVRA;CARM1",-2.1037797196532173,1.390820592371036e-9,TRUE,
"REACTOME_HH_MUTANTS_ABROGATE_LIGAND_SECRETION",45,-0.7113072314577846,-2.500350610055082,5.29271260509948e-11,1.1084099603298614e-9,"PSMA6;PSMB6;PSMB4;UBA52;PSMB3;PSMC3;PSMB5;UBB;PSMB1;PSMB7;PSMD8;PSMD13;PSMC5;PSMA5;PSMC4;PSMA1;PSMB2;ADRM1;PSMC2;PSMD2;PSMD14;PSMA7;PSMA3;UBC;PSMD3;DERL2;PSMA4;SEM1;PSMD7;RPS27A",-2.4606919638747455,4.268576285077334e-9,TRUE,
"REACTOME_SCF_SKP2_MEDIATED_DEGRADATION_OF_P27_P21",49,-0.7014792400911851,-2.5066098835964197,5.3774083650082856e-11,1.1084099603298614e-9,"PSMA6;PSMB6;PSMB4;UBA52;PSMB3;PSMC3;PSMB5;UBB;PSMB1;PSMB7;PSMD8;PSMD13;PSMC5;PSMA5;PSMC4;PSMA1;PSMB2;ADRM1;CKS1B;CDK4;PSMC2;PSMD2;PSMD14;PSMA7;PSMA3;UBC;PSMD3;PSMA4;SEM1;PSMD7;RPS27A",-2.459735856606822,1.7564631985636124e-9,TRUE,
"REACTOME_DNA_REPLICATION_PRE_INITIATION",113,-0.5553618771708894,-2.285115433780342,5.491007609283331e-11,1.1084099603298614e-9,"PSMA6;PSMB6;PSMB4;UBA52;PSMB3;PSMC3;ANAPC11;PSMB5;ANAPC15;UBB;PSMB1;MCM5;POLA2;PSMB7;PSMD8;PSMD13;H2AC20;PSMC5;CDT1;H2AX;PSMA5;CDC45;PSMC4;PSMA1;PSMB2;ADRM1;MCM7;ANAPC5;PSMC2;ANAPC2;PSMD2;PSMD14;PSMA7;ANAPC7;PSMA3;UBE2S;FZR1;UBC;H4C5;RPA1;PSMD3;H2AZ2;RPA3;MCM2;POLE4;PSMA4;SEM1;PSMD7;RPS27A;RPA2;ORC1",-2.2597210633086755,4.120009203472761e-9,TRUE,
"REACTOME_MITOCHONDRIAL_PROTEIN_DEGRADATION",97,-0.5766698686967981,-2.316297024664833,5.502901563794397e-11,1.1084099603298614e-9,"NDUFA13;NDUFA2;MRPS2;COX4I1;ECI1;NDUFS3;PRELID1;CLPP;ATP5PO;MRPL12;UQCRQ;ATP5MG;TIMM22;COX5B;TIMM10;NDUFV1;PMPCA;SMDT1;SHMT2;SLC25A5;HSD17B10;COX5A;HTRA2;SLC25A6;ATP5F1B;CHCHD2;ATP5F1A;LONP1;FH;ATP5F1C;NDUFB6;MDH2;PCCB;TRIAP1;ATP5PD;NDUFV3;OXSM;IDH2;UQCRC2;SSBP1;ECH1;FECH;MRPL32;PDHB;ATP5PF",-2.3157808669089506,4.334497293741924e-9,TRUE,
"REACTOME_SOMITOGENESIS",41,-0.725926481364067,-2.5173402462362353,5.521599433377538e-11,1.1084099603298614e-9,"PSMA6;PSMB6;PSMB4;PSMB3;PSMC3;PSMB5;PSMB1;PSMB7;PSMD8;PSMD13;PSMC5;PSMA5;PSMC4;PSMA1;PSMB2;ADRM1;PSMC2;PSMD2;PSMD14;PSMA7;PSMA3;MESP2;PSMD3;PSMA4;SEM1;PSMD7",-2.495005502138906,6.862478740363813e-9,TRUE,
"REACTOME_SWITCHING_OF_ORIGINS_TO_A_POST_REPLICATIVE_STATE",78,-0.6135965693465993,-2.3809415008060006,7.624527682548759e-11,1.5027250923423374e-9,"PSMA6;PSMB6;PSMB4;UBA52;PSMB3;PSMC3;ANAPC11;PSMB5;ANAPC15;UBB;PSMB1;MCM5;RBX1;PSMB7;PSMD8;PSMD13;PSMC5;CDT1;PSMA5;PSMC4;PSMA1;PSMB2;ADRM1;MCM7;ANAPC5;PSMC2;ANAPC2;PSMD2;PSMD14;PSMA7;ANAPC7;PSMA3;UBE2S;FZR1;UBC;PSMD3;MCM2;PSMA4;SEM1;PSMD7;RPS27A;ORC1",-2.3827972114391422,1.0664356993967998e-9,TRUE,
"REACTOME_HIV_INFECTION",214,-0.47070350107272774,-2.052190666050612,8.125255870542732e-11,1.5728173863693433e-9,"POLR2I;POLR2L;PSMA6;PSMB6;PSMB4;UBA52;PSMB3;PSMC3;AP2S1;SEC13;PSMB5;UBB;POLR2F;POLR2G;PSMB1;ELOB;RBX1;ARF1;PSMB7;PSMD8;PSMD13;PSMC5;RAN;NELFE;PSMA5;VPS28;POLR2H;PSMC4;PSMA1;SLC25A5;PSMB2;APOBEC3G;AAAS;POLR2E;SLC25A6;NELFB;CDK9;ADRM1;AP2M1;POLR2J;BANF1;CHMP2A;PSMC2;RANBP1;TAF10;FEN1;CHMP6;MVB12A;VPS37B;AP1S1;HLA-A;LCK;PSMD2;SLC25A4;PPIA;TAF9;PSMD14;GTF2A2;PSMA7;RANGAP1;RCC1;HMGA1;PSMA3;ERCC2;AP1M2;UBC;ELOC;CD247;VPS4A;NELFA;PSMD3;GTF2F1;AP1B1;PSMA4;CXCR4;NUP37;SEM1;AP1M1;PSMD7;POLR2C;RPS27A;GTF2H5;AP2A2;HCK;NUP62;CTDP1;B2M;XRCC6;NUP85;VPS37D;LIG1;SEH1L;SSRP1;TAF11;GTF2B;NUP93;AP2A1;VPS37C;GTF2E2;TSG101",-2.0050066806885503,1.0398999700047529e-8,TRUE,
"REACTOME_REGULATION_OF_ORNITHINE_DECARBOXYLASE_ODC",38,-0.7395131911191957,-2.517881168282335,1.0457592472934526e-10,1.9887772352036887e-9,"PSMA6;PSMB6;PSMB4;PSMB3;PSMC3;PSMB5;OAZ1;PSMB1;PSMB7;PSMD8;PSMD13;PSMC5;PSMA5;PSMC4;PSMA1;PSMB2;ADRM1;PSMC2;PSMD2;PSMD14;PSMA7;PSMA3;OAZ3;PSMD3;PSMA4;SEM1;PSMD7;ODC1",-2.506836450064029,1.2278068282714784e-9,TRUE,
"REACTOME_REGULATION_OF_CDH1_FUNCTION",60,-0.6650299735021592,-2.490276973075918,1.1283595830267747e-10,2.1088651517259033e-9,"PSMA6;PSMB6;PSMB4;UBA52;PSMB3;PSMC3;PSMB5;UBB;PSMB1;PSMB7;PSMD8;PSMD13;RACK1;PSMC5;ACTB;PSMA5;PSMC4;PSMA1;PSMB2;ADRM1;BANP;ACTA1;PSMC2;PSMD2;CTSL;PSMD14;PSMA7;ACTG1;PSMA3;UBC;PSMD3;PSMA4;SEM1;PSMD7;RPS27A;CTSB",-2.4178055896193924,4.10177271516208e-9,TRUE,
"REACTOME_UBIQUITIN_DEPENDENT_DEGRADATION_OF_CYCLIN_D",39,-0.7305760927865604,-2.510933629650727,1.2237363548921012e-10,2.248356285937352e-9,"PSMA6;PSMB6;PSMB4;UBA52;PSMB3;PSMC3;PSMB5;UBB;PSMB1;PSMB7;PSMD8;PSMD13;PSMC5;PSMA5;PSMC4;PSMA1;PSMB2;ADRM1;CDK4;PSMC2;PSMD2;PSMD14;PSMA7;PSMA3;UBC;PSMD3;PSMA4;SEM1;PSMD7;RPS27A",-2.4806351986312496,4.10177271516208e-9,TRUE,
"REACTOME_ASYMMETRIC_LOCALIZATION_OF_PCP_PROTEINS",51,-0.6872788107199767,-2.486630037310563,1.6865187123522727e-10,3.0469771403164394e-9,"PSMA6;PSMB6;PSMB4;UBA52;PSMB3;PSMC3;PSMB5;UBB;PSMB1;PSMB7;PSMD8;PSMD13;PARD6A;PSMC5;PSMA5;PSMC4;PSMA1;PSMB2;ADRM1;PSMC2;PSMD2;PSMD14;PSMA7;PSMA3;UBC;PSMD3;FZD2;PSMA4;SEM1;DVL2;PSMD7;RPS27A",-2.4247231420536806,1.0152774405038533e-8,TRUE,
"REACTOME_CDK_MEDIATED_PHOSPHORYLATION_AND_REMOVAL_OF_CDC6",59,-0.6588042754574593,-2.457128502675373,2.024820240698051e-10,3.5982051490437493e-9,"PSMA6;PSMB6;PSMB4;UBA52;PSMB3;PSMC3;ANAPC11;PSMB5;ANAPC15;UBB;PSMB1;PSMB7;PSMD8;PSMD13;PSMC5;PSMA5;PSMC4;PSMA1;PSMB2;ADRM1;ANAPC5;PSMC2;ANAPC2;PSMD2;PSMD14;PSMA7;ANAPC7;PSMA3;UBE2S;FZR1;UBC;PSMD3;PSMA4;SEM1;PSMD7;RPS27A",-2.4359520825105228,3.730143692822356e-9,TRUE,
"REACTOME_HOST_INTERACTIONS_OF_HIV_FACTORS",118,-0.5427394366515763,-2.2447027783966016,2.8074437205116373e-10,4.908498375862282e-9,"PSMA6;PSMB6;PSMB4;UBA52;PSMB3;PSMC3;AP2S1;SEC13;PSMB5;UBB;PSMB1;ELOB;RBX1;ARF1;PSMB7;PSMD8;PSMD13;PSMC5;RAN;PSMA5;PSMC4;PSMA1;SLC25A5;PSMB2;APOBEC3G;AAAS;SLC25A6;CDK9;ADRM1;AP2M1;BANF1;PSMC2;RANBP1;AP1S1;HLA-A;LCK;PSMD2;SLC25A4;PPIA;PSMD14;PSMA7;RANGAP1;RCC1;HMGA1;PSMA3;AP1M2;UBC;ELOC;CD247;PSMD3;AP1B1;PSMA4;NUP37;SEM1;AP1M1;PSMD7;RPS27A;AP2A2;HCK;NUP62;B2M;NUP85",-2.2182874368991747,1.1983510579546998e-8,TRUE,
"REACTOME_REGULATION_OF_RUNX3_EXPRESSION_AND_ACTIVITY",45,-0.6974674626151188,-2.4517017661541685,3.032739678177408e-10,5.218237795467158e-9,"PSMA6;PSMB6;PSMB4;UBA52;PSMB3;PSMC3;PSMB5;UBB;PSMB1;PSMB7;PSMD8;PSMD13;PSMC5;PSMA5;PSMC4;PSMA1;PSMB2;ADRM1;PSMC2;PSMD2;PSMD14;PSMA7;PSMA3;UBC;TGFB1;PSMD3;PSMA4;SEM1;PSMD7;RPS27A;CDKN2A",-2.4589476876886196,4.43520770442763e-9,TRUE,
"REACTOME_DEGRADATION_OF_CRY_AND_PER_PROTEINS",48,-0.6862647052722953,-2.4409091026461263,3.105879762947791e-10,5.26058384849282e-9,"PSMA6;PSMB6;PSMB4;UBA52;PSMB3;PSMC3;PSMB5;UBB;PSMB1;RBX1;PSMB7;PSMD8;PSMD13;PSMC5;PSMA5;PSMC4;PSMA1;PSMB2;ADRM1;PSMC2;PSMD2;PSMD14;PSMA7;PSMA3;UBC;PSMD3;PSMA4;SEM1;PSMD7;RPS27A",-2.4067122741386004,1.4805170287912354e-8,TRUE,
"REACTOME_GSK3B_MEDIATED_PROTEASOMAL_DEGRADATION_OF_PD_L1_CD274",44,-0.6999497226531814,-2.4564443753223477,4.889531686189766e-10,8.154234381276472e-9,"PSMA6;PSMB6;PSMB4;UBA52;PSMB3;PSMC3;PSMB5;UBB;PSMB1;RBX1;PSMB7;PSMD8;PSMD13;PSMC5;PSMA5;PSMC4;PSMA1;PSMB2;CD274;ADRM1;PSMC2;PSMD2;PSMD14;PSMA7;PSMA3;UBC;PSMD3;PSMA4;SEM1;PSMD7;RPS27A",-2.4595485809533817,8.485571537466763e-9,TRUE,
"REACTOME_REGULATION_OF_MRNA_STABILITY_BY_PROTEINS_THAT_BIND_AU_RICH_ELEMENTS",74,-0.6120441186378421,-2.343374227644594,5.000641278874721e-10,8.21317446409121e-9,"PSMA6;PSMB6;PSMB4;EXOSC4;UBA52;PSMB3;PSMC3;PSMB5;UBB;PSMB1;PSMB7;PSMD8;PSMD13;EXOSC7;PSMC5;PSMA5;PSMC4;PSMA1;PSMB2;EXOSC3;ADRM1;PSMC2;EXOSC2;HSPB1;PSMD2;EXOSC1;PSMD14;PSMA7;PSMA3;AKT1;EXOSC5;UBC;MAPK11;PSMD3;PSMA4;ELAVL1;SEM1;PSMD7;RPS27A;HSPA8",-2.258851843272496,1.1813442768019794e-7,TRUE,
"REACTOME_CELLULAR_RESPONSE_TO_HYPOXIA",61,-0.6341662877255204,-2.3808054580334232,6.701473379076135e-10,1.0842383795400792e-8,"PSMA6;PSMB6;PSMB4;UBA52;PSMB3;PSMC3;PSMB5;UBB;PSMB1;ELOB;RBX1;PSMB7;PSMD8;PSMD13;PSMC5;PSMA5;PSMC4;PSMA1;PSMB2;ADRM1;PSMC2;PSMD2;PSMD14;PSMA7;PSMA3;CITED2;UBC;ELOC;CA9;PSMD3;EGLN1;PSMA4;SEM1;PSMD7;RPS27A",-2.360978422723091,7.14511340611953e-8,TRUE,
"REACTOME_RAC1_GTPASE_CYCLE",178,0.3937902170069987,2.1177843786934942,9.238637867677843e-10,1.472747565965115e-8,"TRIO;ARHGAP21;SYDE2;OPHN1;SOS1;SOS2;NCKAP1;FARP2;ERBIN;DOCK7;SPATA13;ARHGAP5;CDC42BPA;LEMD3;KTN1;PIK3CA;PAK2;GARRE1;ABI2;WIPF2;FGD5;PIK3R1;ARHGAP35;FARP1;DOCK1;IQGAP1;PREX2;ARHGEF11;PLEKHG1;DOCK9;LBR;ABL2;FAM13A;WASL;ARHGAP42;FAM13B;ITGB1;PKN2;ARHGEF7;ARHGAP26;ARHGAP12;ARHGEF10;CHN2;VANGL1;NHS;KALRN;DLC1;ARAP2;ARHGEF5;DOCK11;SWAP70;MPP7;ARHGAP32;GNA13",2.2560224791515675,2.8969628964963036e-9,TRUE,
"REACTOME_REGULATION_OF_APOPTOSIS",40,-0.7072475398658485,-2.4572384644797993,1.076282196361157e-9,1.6908549287760787e-8,"PSMA6;PSMB6;PSMB4;UBA52;PSMB3;PSMC3;PSMB5;UBB;PSMB1;PSMB7;PSMD8;PSMD13;PSMC5;PSMA5;PSMC4;PSMA1;PSMB2;ADRM1;PSMC2;PSMD2;PSMD14;PSMA7;PSMA3;UBC;PSMD3;PSMA4;SEM1;PSMD7;RPS27A",-2.436133576934736,2.4689303524714886e-8,TRUE,
"REACTOME_AMPK_INDUCED_ERAD_AND_LYSOSOME_MEDIATED_DEGRADATION_OF_PD_L1_CD274",54,-0.654802597642468,-2.393508832170814,1.2725857789391699e-9,1.9706899776715144e-8,"PSMA6;PSMB6;PSMB4;UBA52;PSMB3;PSMC3;PSMB5;UBB;PSMB1;PSMB7;PSMD8;PSMD13;PSMC5;PSMA5;PSMC4;PSMA1;PSMB2;CD274;PRKAG1;ADRM1;PSMC2;PSMD2;PSMD14;PSMA7;PSMA3;UBC;PSMD3;DERL2;PSMA4;SEM1;PSMD7;RPS27A",-2.361629338868888,5.502630015269048e-8,TRUE,
"REACTOME_ACTIVATION_OF_NF_KAPPAB_IN_B_CELLS",54,-0.6523108018627151,-2.384400537200272,1.6441378177984612e-9,2.5102047809768054e-8,"PSMA6;PSMB6;PSMB4;UBA52;PSMB3;PSMC3;PSMB5;UBB;PSMB1;PSMB7;PSMD8;PSMD13;PSMC5;PSMA5;NFKBIE;PSMC4;PSMA1;PSMB2;NFKBIA;ADRM1;PSMC2;NFKBIB;PSMD2;PSMD14;PSMA7;PSMA3;UBC;PSMD3;PSMA4;SEM1;PSMD7;RPS27A",-2.3342334241775355,9.844772235411891e-8,TRUE,
"REACTOME_TNFR2_NON_CANONICAL_NF_KB_PATHWAY",84,-0.589893487716369,-2.3335933175313595,1.800361102128162e-9,2.7105436593151772e-8,"PSMA6;PSMB6;PSMB4;UBA52;PSMB3;PSMC3;PSMB5;UBB;PSMB1;PSMB7;PSMD8;UBE2M;PSMD13;CD70;TNFRSF18;PSMC5;PSMA5;TNFSF9;RELB;TNFRSF14;PSMC4;PSMA1;NFKB2;PSMB2;ADRM1;PSMC2;TNFRSF4;PSMD2;PSMD14;PSMA7;PSMA3;TRAF2;FASLG;UBC;TNFRSF12A;PSMD3;PSMA4;SEM1;TNF;PSMD7;RPS27A;TNFSF13B;LTB;TNFRSF9;TNFRSF1A;CD40",-2.2858745117588053,5.502630015269048e-8,TRUE,
"REACTOME_SARS_COV_1_HOST_INTERACTIONS",96,-0.5563124108299947,-2.231333609135989,1.898605109216908e-9,2.8192985457412715e-8,"UBA52;FAU;RPS5;UBB;RPS14;RPS15;RPS16;PPIB;RPS21;PYCARD;RPS10;RPS2;RPS8;RPS15A;RPS3;RPS9;RPS11;RPS18;RPS28;RPS13;RPS23;RPS29;RPSA;SFN;NFKBIA;PPIH;RPS19;BST2;PCBP2;RPS6;UBE2I;YWHAH;YWHAE;PPIA;RPS26;RPS12;IRF3;RPS3A;UBC;RPS4X;EEF1A1",-2.234348773679846,2.6785417674782235e-8,TRUE,
"REACTOME_REGULATION_OF_PD_L1_CD274_POST_TRANSLATIONAL_MODIFICATION",85,-0.5793665039637589,-2.2973497770802993,2.445937576419801e-9,3.582968017350087e-8,"PSMA6;PSMB6;PSMB4;UBA52;PSMB3;TMEM258;PSMC3;RPN1;PSMB5;UBB;PSMB1;OST4;RBX1;PSMB7;PSMD8;PSMD13;PSMC5;CSNK2B;PSMA5;MIB2;PSMC4;PSMA1;DDOST;PSMB2;CD274;PRKAG1;ADRM1;CDK4;DAD1;PSMC2;PSMD2;PSMD14;PSMA7;PSMA3;PDCD1;UBC;OSTC;PSMD3;DERL2;PSMA4;SEM1;PSMD7;RPS27A",-2.304984885583432,1.0020216744272653e-8,TRUE,
"REACTOME_RHOB_GTPASE_CYCLE",68,0.5613999319837805,2.574537344210201,2.573643166422309e-9,3.719772256535711e-8,"ROCK2;ARHGAP21;MYO9A;OPHN1;ARHGEF12;ERBIN;SOWAHC;ARHGAP5;SLK;AKAP13;ROCK1;PIK3R1;ARHGAP35;TJP2;ARHGEF11;RHPN2;PKN2;ARHGAP26;DAAM1;ARHGEF10;VANGL1;STARD13;DLC1;ARHGEF5;NET1;ARHGAP32",2.4846699059769692,1.3126114937340588e-7,TRUE,
"REACTOME_HEDGEHOG_LIGAND_BIOGENESIS",50,-0.6660065564400273,-2.383005104089999,3.1181088858187897e-9,4.447407937141537e-8,"PSMA6;PSMB6;PSMB4;UBA52;PSMB3;PSMC3;PSMB5;UBB;PSMB1;PSMB7;PSMD8;PSMD13;PSMC5;PSMA5;PSMC4;PSMA1;PSMB2;ADRM1;PSMC2;PSMD2;PSMD14;PSMA7;PSMA3;UBC;PSMD3;DERL2;PSMA4;SEM1;P4HB;PSMD7;RPS27A",-2.3485289154727687,2.697686760206991e-8,TRUE,
"REACTOME_DEGRADATION_OF_GLI1_BY_THE_PROTEASOME",46,-0.6747663984603772,-2.387031445076837,3.344057505258754e-9,4.7077380983123243e-8,"PSMA6;PSMB6;PSMB4;UBA52;PSMB3;PSMC3;PSMB5;UBB;PSMB1;RBX1;PSMB7;PSMD8;PSMD13;PSMC5;PSMA5;PSMC4;PSMA1;PSMB2;ADRM1;PSMC2;PSMD2;PSMD14;PSMA7;PSMA3;UBC;PSMD3;PSMA4;SEM1;PSMD7;RPS27A",-2.361053550981716,6.917652400801704e-8,TRUE,
"REACTOME_REGULATION_OF_RUNX2_EXPRESSION_AND_ACTIVITY",57,-0.6360522930848774,-2.362350144651587,3.487845708128696e-9,4.812602872189431e-8,"PSMA6;PSMB6;PSMB4;UBA52;PSMB3;PSMC3;PSMB5;UBB;PSMB1;RBX1;PSMB7;PSMD8;PSMD13;STUB1;PSMC5;PSMA5;PSMC4;PSMA1;PSMB2;ADRM1;PSMC2;PSMD2;PSMD14;PSMA7;PSMA3;UBC;PSMD3;PSMA4;SEM1;PSMD7;RPS27A",-2.344991270599521,7.719766899446073e-8,TRUE,
"REACTOME_UBIQUITIN_MEDIATED_DEGRADATION_OF_PHOSPHORYLATED_CDC25A",51,-0.6610722662824382,-2.3918126508932067,3.547456522233085e-9,4.812602872189431e-8,"PSMA6;PSMB6;PSMB4;UBA52;PSMB3;PSMC3;PSMB5;UBB;PSMB1;RBX1;PSMB7;PSMD8;PSMD13;PSMC5;PSMA5;PSMC4;PSMA1;PSMB2;ADRM1;PSMC2;PSMD2;PSMD14;PSMA7;PSMA3;UBC;PLK3;MAPK11;PSMD3;PSMA4;SEM1;PSMD7;RPS27A",-2.3659881479356275,5.1990502985590596e-8,TRUE,
"REACTOME_ANTIGEN_PROCESSING_UB_ATP_INDEPENDENT_PROTEASOMAL_DEGRADATION",19,-0.84486682280432,-2.461055117773386,3.55173643704017e-9,4.812602872189431e-8,"PSMA6;PSMB6;PSMB4;PSMB3;PSMB8;PSMB5;PSME1;PSMB1;PSMB9;PSMB7;PSMB10;PSME2;PSMA5;PSMA1;PSMB2;PSMA7;PSMA3",-2.432488081960998,6.059252936731011e-8,TRUE,
"REACTOME_COMPLEX_IV_ASSEMBLY",46,-0.6726025030147198,-2.379376519632374,4.4059241276514605e-9,5.896323153548375e-8,"COX8A;COX6A1;COX4I1;SCO2;COX14;PET100;COX5B;COX7B;SURF1;RAB5IF;COX7A2;HIGD2A;TACO1;COX6B1;COA3;TMEM223;COX5A;COX7C;COQ10A;COX7A1;TIMM21;COX6C;NDUFA4;COX4I2;COX16;SMIM20;TMEM177;COX7A2L",-2.3708365111485765,5.256762164716253e-8,TRUE,
"REACTOME_STABILIZATION_OF_P53",44,-0.6780509804044731,-2.3795916522159377,4.954754551501192e-9,6.5499438217406e-8,"PSMA6;PSMB6;PSMB4;UBA52;PSMB3;PSMC3;PSMB5;UBB;PSMB1;PSMB7;PSMD8;PSMD13;PSMC5;PSMA5;PSMC4;PSMA1;PSMB2;ADRM1;PSMC2;PSMD2;PSMD14;PSMA7;PSMA3;UBC;PSMD3;PSMA4;SEM1;PSMD7;RPS27A;CDKN2A",-2.3934972013117943,4.8999653847945295e-8,TRUE,
"REACTOME_DEGRADATION_OF_AXIN",42,-0.6821797139680699,-2.37344730983127,5.8823319200658475e-9,7.68246723054383e-8,"PSMA6;PSMB6;PSMB4;UBA52;PSMB3;PSMC3;PSMB5;UBB;PSMB1;PSMB7;PSMD8;PSMD13;PSMC5;PSMA5;PSMC4;PSMA1;PSMB2;ADRM1;PSMC2;PSMD2;PSMD14;PSMA7;PSMA3;UBC;PSMD3;PSMA4;SEM1;PSMD7;RPS27A",-2.3270973928316074,6.157349465002543e-7,TRUE,
"REACTOME_MITOTIC_G1_PHASE_AND_G1_S_TRANSITION",137,-0.4963090131903821,-2.080044949469303,9.356609419881649e-9,1.207448167994251e-7,"PSMA6;PSMB6;PSMB4;UBA52;PSMB3;PSMC3;PSMB5;UBB;PSMB1;MCM5;POLA2;PSMB7;PSMD8;PSMD13;TK1;PSMC5;CDT1;PSMA5;CDC45;PSMC4;PSMA1;LIN37;PSMB2;ADRM1;CKS1B;MCM7;CDK4;TYMS;PSMC2;PCNA;CDKN2D;PSMD2;MAX;PSMD14;PPP2R1A;PSMA7;CCNB1;PSMA3;AKT1;UBC;PPP2R3B;RPA1;PSMD3;RPA3;MCM2;POLE4;PSMA4;CCND3;SEM1;PSMD7;RPS27A;RPA2;ORC1;CDKN2A;E2F1;POLE3;CDKN2C;PPP2CA;LYN;MCM3;AKT2;E2F4;MYBL2;GMNN;PSMD6;SKP1;PSMC6;PSMC1;POLE2;RBBP4;JAK2;CCNA2",-2.180907412642541,5.018286360403997e-9,TRUE,
"REACTOME_DOWNSTREAM_SIGNALING_EVENTS_OF_B_CELL_RECEPTOR_BCR",68,-0.5968702398216432,-2.262567099237298,1.0518387429417345e-8,1.341403761586871e-7,"PSMA6;PSMB6;PSMB4;UBA52;PSMB3;HRAS;PSMC3;PSMB5;UBB;PSMB1;PSMB7;PSMD8;PSMD13;PSMC5;PSMA5;NFKBIE;PSMC4;PSMA1;PSMB2;NFKBIA;ADRM1;PSMC2;NFKBIB;PSMD2;PPIA;PSMD14;PSMA7;PSMA3;UBC;NFATC1;PSMD3;PSMA4;SEM1;PSMD7;RPS27A",-2.210672563748958,9.278966664339265e-7,TRUE,
"REACTOME_ABC_TRANSPORTER_DISORDERS",62,-0.6152575944217178,-2.3150085365254327,1.0854132146265042e-8,1.3681254937850356e-7,"PSMA6;PSMB6;PSMB4;UBA52;PSMB3;PSMC3;PSMB5;UBB;PSMB1;PSMB7;PSMD8;PSMD13;PSMC5;PSMA5;PSMC4;PSMA1;PSMB2;ADRM1;PSMC2;PSMD2;ABCB6;PSMD14;PSMA7;PSMA3;UBC;ABCG5;ABCD1;PSMD3;DERL2;PSMA4;SEM1;PSMD7;RPS27A;VCP;ABCD4;RNF5;ABCA12",-2.2689021421777764,2.9188043828106527e-7,TRUE,
"REACTOME_UCH_PROTEINASES",76,-0.5903488534574332,-2.2818164248832957,1.1717241163783959e-8,1.459941312820898e-7,"NEDD8;PSMA6;PSMB6;PSMB4;UBA52;PSMB3;PSMC3;PSMB5;UBB;PSMB1;H2AC25;PSMB7;PSMD8;PSMD13;H2AC20;PSMC5;ACTB;PSMA5;PSMC4;PSMA1;MCRS1;PSMB2;ADRM1;PSMC2;UCHL3;INO80E;PSMD2;INO80C;PSMD14;PSMA7;PSMA3;UBC;TGFB1;RUVBL1;TFPT;PSMD3;PSMA4;SEM1;PSMD7;RPS27A",-2.2702204415033957,6.338849029911497e-8,TRUE,
"REACTOME_DOWNSTREAM_TCR_SIGNALING",81,-0.5695651788740327,-2.240150114673981,2.2819031847768527e-8,2.8108898321569414e-7,"PSMA6;PSMB6;PSMB4;UBA52;PSMB3;PSMC3;PSMB5;UBB;PSMB1;PSMB7;PSMD8;PSMD13;PSMC5;HLA-DQB1;HLA-DPB1;HLA-DRB1;PSMA5;PSMC4;PSMA1;HLA-DRA;HLA-DRB5;PSMB2;CD3D;NFKBIA;ADRM1;PSMC2;HLA-DPA1;LCK;PSMD2;PSMD14;PSMA7;CDC34;PSMA3;UBC;HLA-DQB2;CD247;PSMD3;PSMA4;SEM1;HLA-DQA1;PSMD7;RPS27A;CD3E",-2.1804362043380427,4.704848476328806e-7,TRUE,
"REACTOME_REGULATION_OF_PTEN_STABILITY_AND_ACTIVITY",56,-0.619488517649474,-2.289817231753821,3.5354581285580503e-8,4.306108552086434e-7,"PSMA6;PSMB6;PSMB4;UBA52;PSMB3;PSMC3;PSMB5;UBB;PSMB1;PSMB7;PSMD8;PSMD13;STUB1;PSMC5;CSNK2B;PSMA5;PSMC4;PSMA1;PSMB2;ADRM1;PSMC2;PSMD2;PSMD14;PSMA7;PSMA3;AKT1;TRIM27;UBC;PSMD3;PSMA4;SEM1;PSMD7;RPS27A",-2.2619589650308733,1.3278209286475272e-6,TRUE,
"REACTOME_CRISTAE_FORMATION",33,-0.7097582263158577,-2.341348065040369,3.8865304136854824e-8,4.6811099649278475e-7,"ATP5MF;ATP5ME;MTX1;ATP5F1D;ATP5MJ;TMEM11;ATP5PO;ATP5MG;MICOS13;ATP5F1B;ATP5MC1;ATP5F1A;ATP5MC3;ATP5MC2;ATP5F1C;CHCHD6;SAMM50;ATP5PD;ATP5PB;ATP5PF;ATP5MK;MICOS10",-2.3575333783999257,1.218460482174975e-7,TRUE,
"REACTOME_S_PHASE",149,-0.4776583039300315,-2.0159142642301195,4.1301146986386425e-8,4.919828937718999e-7,"PSMA6;PSMB6;PSMB4;UBA52;PSMB3;PSMC3;ANAPC11;PSMB5;ANAPC15;UBB;PSMB1;MCM5;RBX1;POLA2;PSMB7;PSMD8;PSMD13;PSMC5;CDT1;PSMA5;CDC45;PSMC4;PSMA1;POLD2;LIN37;PSMB2;ADRM1;RFC2;CKS1B;MCM7;CDK4;ANAPC5;PSMC2;FEN1;PCNA;ANAPC2;PSMD2;MAX;PSMD14;PSMA7;ANAPC7;PSMA3;AKT1;UBE2S;FZR1;POLD1;UBC;RPA1;PSMD3;RPA3;GINS2;MCM2;RFC5;POLE4;PSMA4;SEM1;POLD4;PSMD7;RPS27A;GINS3;RPA2;ORC1;E2F1;POLE3;LIG1;MCM3;AKT2;CDCA5;RFC4;E2F4;GMNN;PSMD6;ANAPC10;CDC26;SKP1;PSMC6;PSMC1;POLE2;RBBP4;CCNA2;CDC25B;GINS1;MCM4;ORC5;ANAPC16",-2.0337258686737982,1.8099277486006464e-7,TRUE,
"REACTOME_SIGNALING_BY_NOTCH4",71,-0.5797055481199979,-2.2037442341047115,4.806409814000685e-8,5.663204606931242e-7,"PSMA6;PSMB6;PSMB4;UBA52;PSMB3;PSMC3;PSMB5;UBB;PSMB1;RBX1;PSMB7;PSMD8;PSMD13;PSMC5;PSMA5;PSMC4;PSMA1;PSMB2;ADRM1;APH1A;PSMC2;PSMD2;PSMD14;PSMA7;PSMA3;AKT1;UBC;PSENEN;PSMD3;PSMA4;SEM1;PSMD7;RPS27A;TACC3",-2.153334713668009,1.8577335259593567e-6,TRUE,
"REACTOME_P53_DEPENDENT_G1_DNA_DAMAGE_RESPONSE",52,-0.6329672840140003,-2.292169233008009,4.880038856468201e-8,5.688131312270463e-7,"PSMA6;PSMB6;PSMB4;UBA52;PSMB3;PSMC3;PSMB5;UBB;PSMB1;PSMB7;PSMD8;PSMD13;PSMC5;PSMA5;PSMC4;PSMA1;PSMB2;ADRM1;PSMC2;PSMD2;PSMD14;PSMA7;PSMA3;ZNF385A;UBC;PSMD3;PSMA4;SEM1;PSMD7;RPS27A;CDKN2A",-2.2807199436543795,4.1188920758115656e-7,TRUE,
"REACTOME_CYCLIN_A_CDK2_ASSOCIATED_EVENTS_AT_S_PHASE_ENTRY",74,-0.57401337227532,-2.197763366972707,7.789149284817764e-8,8.982380664619634e-7,"PSMA6;PSMB6;PSMB4;UBA52;PSMB3;PSMC3;PSMB5;UBB;PSMB1;PSMB7;PSMD8;PSMD13;PSMC5;PSMA5;PSMC4;PSMA1;LIN37;PSMB2;ADRM1;CKS1B;CDK4;PSMC2;PSMD2;MAX;PSMD14;PSMA7;PSMA3;AKT1;FZR1;UBC;PSMD3;PSMA4;SEM1;PSMD7;RPS27A",-2.2381706139796163,2.4216132309472886e-7,TRUE,
"REACTOME_RUNX1_REGULATES_TRANSCRIPTION_OF_GENES_INVOLVED_IN_DIFFERENTIATION_OF_HSCS",79,-0.5544818777922293,-2.161409261837686,1.1770841903083863e-7,1.3431150129413587e-6,"PSMA6;PSMB6;PSMB4;UBA52;PSMB3;PSMC3;PSMB5;UBB;PSMB1;PSMB7;PSMD8;PSMD13;H2AC20;PSMC5;H2AX;PSMA5;PSMC4;PSMA1;PSMB2;ADRM1;PSMC2;PSMD2;PSMD14;PSMA7;PSMA3;UBC;H4C5;SPI1;PSMD3;H2AZ2;PSMA4;SEM1;TP73;PSMD7;RPS27A",-2.0845620096918793,4.450664616488681e-6,TRUE,
"REACTOME_DEGRADATION_OF_BETA_CATENIN_BY_THE_DESTRUCTION_COMPLEX",72,-0.5624953454436775,-2.145489539683518,2.778526721920234e-7,3.137419756834931e-6,"PSMA6;PSMB6;PSMB4;UBA52;PSMB3;PSMC3;PSMB5;UBB;PSMB1;RBX1;PSMB7;PSMD8;PSMD13;PSMC5;PSMA5;PSMC4;PSMA1;PSMB2;TLE5;CTBP1;ADRM1;PSMC2;PSMD2;PSMD14;PPP2R1A;PSMA7;PSMA3;UBC;PSMD3;PSMA4;SEM1;PSMD7;RPS27A",-2.1576468812232075,1.8399333085013434e-6,TRUE,
"REACTOME_CDC42_GTPASE_CYCLE",147,0.38788294736905815,2.027057814933598,3.0589220975913026e-7,3.3926306444151013e-6,"TRIO;ARHGAP21;FNBP1L;OPHN1;ARHGEF12;DNMBP;DOCK7;SH3PXD2A;SPATA13;ARHGAP5;CDC42BPA;KTN1;PAK2;WIPF2;PIK3R1;ARHGAP35;FARP1;IQGAP1;PREX2;ARHGEF11;PLEKHG1;FMNL2;DOCK9;LBR;ITSN1;WASL;ARHGAP42;FAM13B;ARHGEF7;ARHGAP26;DAAM1;ARHGEF10;VANGL1;STARD13;CDC42BPB;DLC1;FGD4;ARAP2;ARHGEF5;DOCK11;ARHGEF9;ARHGAP32;GNA13",2.05989088587735,8.699730215137587e-7,TRUE,
"REACTOME_G2_M_CHECKPOINTS",135,-0.47259658338832805,-1.9791486815206938,3.067138405467527e-7,3.3926306444151013e-6,"BABAM1;PSMA6;PSMB6;PSMB4;UBA52;PSMB3;PSMC3;PSMB5;UBB;PSMB1;MCM5;PSMB7;PSMD8;PSMD13;PSMC5;H2AX;PSMA5;CDC45;PSMC4;PSMA1;PKMYT1;PSMB2;SFN;KAT5;ADRM1;RFC2;MCM7;PSMC2;YWHAH;PSMD2;YWHAE;ATRIP;PSMD14;PSMA7;CCNB1;PSMA3;RAD9A;UBC;CCNB2;H4C5;RPA1;PSMD3;RPA3;MCM2;RFC5;PSMA4;SEM1;PSMD7;RPS27A;RPA2;ORC1",-1.9884851808930037,1.7769619558715057e-6,TRUE,
"REACTOME_G1_S_DNA_DAMAGE_CHECKPOINTS",66,-0.562609170004954,-2.1305710329001712,3.542657566034337e-7,3.879031112708305e-6,"PSMA6;PSMB6;PSMB4;UBA52;PSMB3;PSMC3;PSMB5;UBB;PSMB1;RBX1;PSMB7;PSMD8;PSMD13;PSMC5;PSMA5;PSMC4;PSMA1;PSMB2;ADRM1;PSMC2;PSMD2;PSMD14;PSMA7;PSMA3;ZNF385A;UBC;PLK3;MAPK11;PSMD3;PSMA4;SEM1;PSMD7;RPS27A",-2.13266439871071,5.7540223908271e-6,TRUE,
"REACTOME_CO_INHIBITION_BY_PD_1",176,-0.4450449762638272,-1.916972750893304,3.720642251685294e-7,4.033176200826859e-6,"PSMA6;PSMB6;PSMB4;UBA52;PSMB3;TMEM258;PSMC3;RPN1;PSMB5;UBB;PSMB1;OST4;RBX1;PSMB7;PSMD8;PSMD13;H2AC20;PSMC5;CSNK2B;HLA-DQB1;HLA-DPB1;HLA-DRB1;H2AX;PSMA5;MIB2;IRF1;PSMC4;PSMA1;HLA-DRA;NFKB2;HLA-DRB5;DDOST;PSMB2;CD274;CD3D;PRKAG1;ADRM1;CDK4;DAD1;PSMC2;PTPN6;HLA-DPA1;CSK;LCK;PSMD2;PSMD14;PSMA7;TEAD4;PSMA3;PDCD1;UBC;HLA-DQB2;EED;CD247;OSTC;H4C5;PSMD3;DERL2;H2AZ2;PSMA4;SEM1;JUND;HLA-DQA1;PSMD7;RPS27A",-1.8472629505617182,7.516861113826497e-6,TRUE,
"REACTOME_SARS_COV_1_INFECTION",141,-0.46940833254364234,-1.9696094356738996,3.8465449649861965e-7,4.1283710317277595e-6,"UBA52;FAU;RPS5;UBB;RPS14;RPS15;RPS16;PPIB;RPS21;PYCARD;RPS10;RPS2;RPS8;RPS15A;RPS3;RPS9;RPS11;RPS18;RPS28;RPS13;RPS23;RPS29;RPSA;MGAT1;SFN;NFKBIA;PPIH;RPS19;CHMP2A;BST2;PCBP2;RPS6;UBE2I;CHMP6;ST6GALNAC4;YWHAH;YWHAE;PPIA;CTSL;RPS26;PARP10;RPS12;IRF3;RPS3A;UBC;RPS4X;EEF1A1",-1.9489538500463934,4.51129478062381e-6,TRUE,
"REACTOME_CLEC7A_DECTIN_1_SIGNALING",86,-0.5183378363493509,-2.056983346320792,5.744395998870297e-7,6.104828688995491e-6,"PSMA6;PSMB6;PSMB4;UBA52;PSMB3;PSMC3;PSMB5;UBB;PSMB1;PSMB7;PSMD8;UBE2M;PYCARD;PSMD13;PSMC5;PSMA5;RELB;PSMC4;PSMA1;NFKB2;PSMB2;NFKBIA;ADRM1;PSMC2;PSMD2;PSMD14;PSMA7;CDC34;PSMA3;UBC;NFATC1;PSMD3;PSMA4;IL1B;SEM1;PSMD7;RPS27A;TAB1",-2.0687764531972985,5.1461475649570895e-6,TRUE,
"REACTOME_FORMATION_OF_ATP_BY_CHEMIOSMOTIC_COUPLING",20,-0.7741546300723756,-2.288476795952394,6.296752529716907e-7,6.62687353612925e-6,"ATP5MF;ATP5ME;ATP5F1D;ATP5MJ;ATP5PO;ATP5MG;ATP5F1B;ATP5MC1;ATP5F1A;ATP5MC3;ATP5MC2;ATP5F1C;ATP5PD;ATP5PB;ATP5PF;ATP5MK",-2.2598163459653104,8.768877058427884e-6,TRUE,
"REACTOME_TCR_SIGNALING",101,-0.5114233676425989,-2.066748493558095,7.338341838512661e-7,7.648810147065119e-6,"PSMA6;PSMB6;PSMB4;UBA52;PSMB3;PSMC3;PSMB5;UBB;PSMB1;PSMB7;PSMD8;PSMD13;PSMC5;HLA-DQB1;HLA-DPB1;HLA-DRB1;PSMA5;PSMC4;PSMA1;HLA-DRA;HLA-DRB5;PSMB2;CD3D;NFKBIA;ADRM1;PSMC2;HLA-DPA1;CSK;LCK;PSMD2;PSMD14;PSMA7;CDC34;PSMA3;UBC;HLA-DQB2;CD247;PSMD3;PSMA4;SEM1;HLA-DQA1;PSMD7;RPS27A;CD3E",-2.0233626750078715,9.684362341263951e-6,TRUE,
"REACTOME_REGULATION_OF_RAS_BY_GAPS",55,-0.5809208233705302,-2.1350106820956096,9.63437874782688e-7,9.946349107280322e-6,"PSMA6;PSMB6;PSMB4;UBA52;PSMB3;HRAS;PSMC3;PSMB5;UBB;PSMB1;RBX1;PSMB7;PSMD8;PSMD13;PSMC5;PSMA5;PSMC4;PSMA1;PSMB2;ADRM1;PSMC2;PSMD2;PSMD14;PSMA7;PSMA3;UBC;PSMD3;PSMA4;SEM1;PSMD7;RPS27A",-2.111114962714835,2.2346813008206407e-5,TRUE,
"REACTOME_INTERLEUKIN_1_SIGNALING",100,-0.5006967954893704,-2.0271737627788133,1.003484783046191e-6,1.026205193228369e-5,"PSMA6;PSMB6;PSMB4;UBA52;PSMB3;PSMC3;PSMB5;UBB;PSMB1;RBX1;PSMB7;PSMD8;PSMD13;PSMC5;PSMA5;PSMC4;PSMA1;NFKB2;PSMB2;PELI3;NFKBIA;ADRM1;TNIP2;PSMC2;NFKBIB;PSMD2;PSMD14;PSMA7;SAA1;PSMA3;TRAF2;UBC;USP18;PSMD3;IL1RN;PSMA4;TIFA;TOLLIP;IL1B;SEM1;PSMD7;RPS27A;TAB1;TP53;NLRX1;RIPK2;MAP3K8;NLRC5;IL1A;IL1R2;PSMD6;SKP1;PSMC6;PSMC1;MYD88;LRRC14;UBE2N;IKBIP;S100B",-1.981488826303395,2.195273027071879e-5,TRUE,
"REACTOME_FORMATION_OF_PARAXIAL_MESODERM",52,-0.5936126269252493,-2.1496539143925517,1.333654954311454e-6,1.351104645302445e-5,"PSMA6;PSMB6;PSMB4;PSMB3;PSMC3;PSMB5;PSMB1;PSMB7;PSMD8;PSMD13;PSMC5;PSMA5;PSMC4;PSMA1;PSMB2;ADRM1;PSMC2;PSMD2;PSMD14;PSMA7;PSMA3;MESP2;PSMD3;PSMA4;SEM1;PSMD7",-2.129114449004159,1.9498197380233477e-5,TRUE,
"REACTOME_ASPARAGINE_N_LINKED_GLYCOSYLATION",288,-0.38248026017938563,-1.7100252880808164,1.4680673231765093e-6,1.4735046095586445e-5,"DPM3;COPE;TRAPPC2L;UBA52;TMEM258;SEC13;RPN1;DCTN3;UBB;TRAPPC1;DYNLL1;GFUS;OST4;LMAN2;STX5;ARF1;DCTN2;MPDU1;TRAPPC4;TRAPPC3;TUBB4B;ARF5;DPM2;AMDHD2;GMPPB;TRAPPC5;TMED9;GMPPA;NUDT14;CALR;DDOST;TMED3;TUBA1B;B4GALT2;MGAT1;TUBA4A;NANS;NAGK;DAD1;ALG12;MAN1B1;COPZ1;PMM1;ALG3;ST6GALNAC4;RAB1B;ALG1;DOLK;MGAT2;B4GALT3;BET1L;UBXN1;TUBA1C;FUOM;CTSZ;NAPA;UBC;MPI;ACTR1A;COPG1;MVD;KDELR1;COG7;OSTC;RENBP;TMEM115;DERL2;SLC35C1;COG4;TUBB3;SPTBN4;ALG14;TRAPPC6A;PREB;CAPZB;AMFR;DHRSX;EDEM2;SRD5A3;RPS27A;KDELR3;TUBA1A;TUBB6;VCP;FUT3;SAR1B;SEC22A;SLC35A1;CTSC;CNIH1;PRKCSH;KDELR2;RFT1;RNF5;FUT8;ANK1;ASGR2;NEU1;LMAN2L;ARFGAP2;GMDS;ALG5;HK1;TMED10;COPZ2;UAP1;ALG2;STT3A;TFG;CTSA;CD59;SERPINA1;FCSK;COG8;PSMC1;ST6GALNAC2;TUBB2A;CSNK1D;MGAT4B;TMED2;MOGS;ARF4;FOLR1",-1.7089109774702607,1.756618623738844e-5,TRUE,
"REACTOME_NUCLEAR_EVENTS_MEDIATED_BY_NFE2L2",85,-0.5210251011482601,-2.06600984314252,1.6182043532094607e-6,1.60929680631106e-5,"PSMA6;PSMB6;PSMB4;UBA52;PSMB3;PSMC3;PSMB5;UBB;PSMB1;RBX1;PSMB7;PSMD8;PSMD13;PSMC5;PSMA5;PSMC4;PSMA1;KEAP1;ABCF2;TALDO1;PSMB2;PRDX1;ADRM1;PSMC2;PSMD2;PSMD14;PSMA7;TKT;SOD3;PSMA3;G6PD;UBC;PGD;PSMD3;PSMA4;ATF4;SEM1;PSMD7;RPS27A",-2.104321816863399,3.501109297110817e-6,TRUE,
"REACTOME_INTERFERON_SIGNALING",256,-0.3895842608450972,-1.7320591943355668,2.123743979414152e-6,2.0928531578954012e-5,"UBA52;SEC13;PSMB8;UBB;CENPX;UBE2L6;TUBB4B;TARBP2;MT2A;FNTB;SOCS1;PIN1;FANCG;ACTB;SPHK1;HLA-DQB1;HLA-DPB1;HLA-DRB1;ISG15;IRF1;EIF4A3;HLA-DRA;HLA-DRB5;IFITM3;TUBA1B;AAAS;IRF7;FAAP20;HLA-G;CIITA;GBP4;SFN;IFI27;IFI35;TUBA4A;DUS2;IFNAR2;EIF4E2;HLA-C;IFITM2;BST2;UBE2I;HLA-F;PTPN6;YBX1;IFITM1;HLA-DPA1;HLA-A;ISG20;PPP2R1A;ACTG1;PML;IRF3;HLA-E;ILF2;IFI6;ICAM1;TUBA1C;GBP1;UBC;USP18;HLA-DQB2;TRIM21;GBP5;FCGR1A;MAPK3;FAAP100;HLA-B;IFIT3;FANCE;IFNGR2;TUBB3;NUP37;HSPA2;HLA-DQA1;RPS27A;HSPA8;TYK2;UBA7;MX1;TUBA1A;TUBB6;NUP62;B2M;TP53;CENPS;GBP2;PPP2CA;NUP85;IP6K2;CASP1",-1.618559866678909,2.6406062787357013e-4,TRUE,
"REACTOME_COMPLEX_III_ASSEMBLY",26,-0.706152899239974,-2.1894856456188903,2.328593055003712e-6,2.274049433895517e-5,"UQCR10;UQCC3;UQCR11;CYC1;UQCRC1;UQCRHL;UQCRQ;UQCC2;UQCRH;UQCC5;HSCB;LYRM4;UQCRC2;BCS1L;UQCRFS1;ISCU",-2.211420628473998,9.684362341263951e-6,TRUE,
"REACTOME_PTEN_REGULATION",125,-0.4585967795220765,-1.9066698985431438,2.550389220976405e-6,2.4684124245878776e-5,"PSMA6;PSMB6;PSMB4;UBA52;PSMB3;PSMC3;LAMTOR5;MLST8;PSMB5;UBB;PSMB1;LAMTOR4;PSMB7;PSMD8;LAMTOR1;PSMD13;STUB1;PSMC5;CSNK2B;PSMA5;MAF1;LAMTOR2;PSMC4;PSMA1;PSMB2;ADRM1;PSMC2;HDAC3;RING1;PSMD2;PSMD14;PSMA7;PML;PSMA3;AKT1;TRIM27;MBD3;UBC;EED;MAPK3;MTA2;PSMD3;CBX8;PSMA4;RRAGC;SEM1;PSMD7;RPS27A;MTA1",-1.8985660627169423,3.6548600620432665e-5,TRUE,
"REACTOME_ABC_FAMILY_PROTEINS_MEDIATED_TRANSPORT",85,-0.5146786270794884,-2.0408443033893784,2.7978028546313577e-6,2.6839099950622935e-5,"PSMA6;PSMB6;PSMB4;UBA52;PSMB3;PSMC3;PSMB5;UBB;PSMB1;PSMB7;PSMD8;PSMD13;PSMC5;PSMA5;PSMC4;PSMA1;PSMB2;ADRM1;PSMC2;PSMD2;ABCB6;PSMD14;PSMA7;PSMA3;ABCB8;UBC;ABCG5;ABCD1;PSMD3;DERL2;PSMA4;SEM1;PSMD7;RPS27A;VCP;ABCB9;RNF5;ABCA12;ABCA7",-2.034644225661112,1.6759294968378126e-5,TRUE,
"REACTOME_NEDDYLATION",216,-0.4007146187056522,-1.752740518227956,3.099618616231736e-6,2.9473566491185982e-5,"NEDD8;PSMA6;PSMB6;PSMB4;UBA52;UFD1;PSMB3;PSMC3;PSMB5;UBB;PSMB1;ELOB;FBXO6;COMMD4;RBX1;FBXL15;COMMD9;PSMB7;PSMD8;UBE2M;PSMD13;COMMD1;PSMC5;FBXW9;PSMA5;FBXW5;FEM1A;COPS3;COPS6;PSMC4;PSMA1;COMMD5;KEAP1;DDA1;PSMB2;GPS1;ADRM1;ASB6;COPS7A;BTBD6;COMMD3;UBE2F;PSMC2;UCHL3;PSMD2;RNF7;PSMD14;PSMA7;BIRC5;PSMA3;CCNF;UBC;KLHL22;ELOC;PSMD3;SPSB2;COPS4;PSMA4;DDB2;SEM1;PSMD7;RPS27A;FBXW4;MUL1;FBXL16;FBXO22;VCP;UBE2D2;DCUN1D5;COPS5;FBXL12;COMMD10;DCAF11;FBXO7;KLHL21;CCDC22;PSMD6;NPLOC4;COPS7B;FBXL14;FBXO4;FBXO10;CISH;LRR1;SKP1;PSMC6;ASB9;PSMC1;SOCS3;KLHL25;COMMD8;FBXO31",-1.7761016519722927,4.7153235508706104e-5,TRUE,
"REACTOME_BETA_CATENIN_INDEPENDENT_WNT_SIGNALING",126,-0.45898437336516124,-1.9115449530356325,3.2267524949494536e-6,3.0415649604567026e-5,"PFN1;PSMA6;PSMB6;PSMB4;UBA52;PSMB3;PSMC3;AP2S1;PSMB5;UBB;PSMB1;PSMB7;PSMD8;PSMD13;GNG5;PARD6A;PSMC5;PSMA5;GNB2;PSMC4;PSMA1;CLTA;PSMB2;PRKCG;CLTB;ADRM1;AP2M1;RAC2;PSMC2;RAC3;ARRB2;PSMD2;PSMD14;PSMA7;PSMA3;UBC;PDE6B;NFATC1;DVL1;PSMD3;FZD2;PSMA4;GNGT2;SEM1;DVL2;PSMD7;RPS27A;GNB5",-1.8491684083613833,7.522545208605015e-5,TRUE,
"REACTOME_MRNA_SPLICING_MINOR_PATHWAY",50,-0.594702781630975,-2.12787659571749,3.291624141768852e-6,3.075966008342617e-5,"POLR2I;POLR2L;SF3B5;SNRNP25;POLR2F;POLR2G;TXNL4A;SNRPD2;SNRPF;SNRPB;POLR2H;SNRNP40;SNRPD1;POLR2E;ZMAT5;SRSF7;POLR2J;YBX1;SNRNP35;SNRPG;SF3B4;SNRPE;GTF2F1",-2.038743569500351,5.4623736073892514e-5,TRUE,
"REACTOME_METABOLISM_OF_NUCLEOTIDES",90,-0.49633791737881355,-1.979034469698599,4.61989094513763e-6,4.2803092175463175e-5,"GUK1;DNPH1;NME1;NME3;NT5C;TYMP;NME2;NUDT1;TK1;APRT;PNP;UPP1;UCK1;GMPR;NUDT18;DTYMK;TYMS;DCTPP1;GMPR2;DGUOK;ITPA;UCKL1;AK2;GLRX;ADA;IMPDH2;AK1;UCK2;AK8;NME4;DCTD;ADPRM;NT5M;ENTPD6;DUT;ADSL",-2.0441355361623126,7.362920197856818e-6,TRUE,
"REACTOME_NUCLEOTIDE_EXCISION_REPAIR",107,-0.4749044414681282,-1.9318625578350213,5.310839043041028e-6,4.878770781912267e-5,"POLR2I;POLR2L;UBA52;UBB;POLR2F;POLR2G;RBX1;SUMO3;ACTB;POLR2H;COPS3;COPS6;POLD2;MCRS1;XAB2;GPS1;POLR2E;PPIE;RFC2;COPS7A;POLR2J;UBE2I;PCNA;INO80E;INO80C;ERCC2;POLD1;UBC;ERCC1;RUVBL1;PRPF19;TFPT;RPA1;RPA3;RFC5;COPS4;POLE4;DDB2;POLD4;POLR2C;RPS27A;GTF2H5;RPA2;PARP2;POLE3;COPS5;RAD23A;LIG1",-2.0020223171485036,1.214054730562393e-5,TRUE,
"REACTOME_DENGUE_VIRUS_INFECTION",352,-0.36135343816070997,-1.6383466613701927,5.432905618899637e-6,4.9489661267959715e-5,"POLR2I;POLR2L;DPM3;SF3B5;UBA52;UFD1;TMEM258;AP2S1;PHF5A;RPN1;MLST8;UBB;POLR2F;POLR2G;SRSF9;TXNL4A;OST4;DYNLT1;PCBP1;LY6E;RPL18;H2AC25;SNRPD2;H2AC20;DPM2;SNRPF;PUF60;ALYREF;RNASEK;SNRPB;SUGP1;POLR2H;EIF4A3;SNRNP40;EMC4;CALR;PQBP1;DDOST;AUP1;SNRPD1;XAB2;POLR2E;RPSA;PPIE;CPSF4;NFKBIA;AP2M1;SKIC8;SRSF7;POLR2J;DAD1;PCBP2;UBE2I;YBX1;CD300A;NFKBIB;PAF1;PML;C1QA;PRR5;U2AF1L4;SNRPG;SF3A2;CD14;DNAJC8;UBC;KDELR1;PRPF19;HNRNPF;OSTC;DAXX;H4C5;PPIL1;SF3B4;GAS6;SEC11C;SNRPE;GTF2F1;SPCS1;STING1;CLP1;ELAVL1;GRPEL1;SPCS2;RNPS1;RBM10;P4HB;BUD31;UBA1;GPKOW;SF3A3;SNRPN;POLR2C;RPS27A;HSPA8;UBA7;U2AF2;AP2A2;HNRNPL;NACA;VCP;HNRNPM;FUS;ATG7;SEC11A;CPSF1;LYN;PRCC",-1.5869469947660455,2.1801836574316112e-4,TRUE,
"REACTOME_CLASS_I_MHC_MEDIATED_ANTIGEN_PROCESSING_PRESENTATION",348,-0.3570609497872101,-1.61981554787139,6.225641361753525e-6,5.6238293634506845e-5,"PSMA6;PSMB6;PSMB4;UBA52;PSMB3;PSMC3;ANAPC11;SEC13;PSMB8;PSMB5;UBB;PSME1;PSMB1;ELOB;FBXO6;RBX1;FBXL15;PSMB9;PSMB7;UBE2L6;PSMD8;UBE2M;PSMD13;STUB1;UBE2J2;PSMB10;PSME2;SOCS1;CYBA;PSMC5;RNF220;FBXW9;RNF25;RNF126;PSMA5;CDC20;FBXW5;MIB2;UBAC1;PSMC4;PSMA1;SEC61B;KEAP1;VAMP8;CALR;THOP1;PSMB2;HLA-G;TAPBP;ADRM1;RNF34;ASB6;BTBD6;HLA-C;ANAPC5;TAP1;UBE2F;PSMC2;STX4;TRAIP;HLA-F;ANAPC2;HLA-A;PSMD2;RNF19B;CTSL;RNF7;PSMD14;PSMA7;CDC34;ANAPC7;HLA-E;S100A8;PSMA3;SEC61G;UBE2S;S100A9;FZR1;CD14;CCNF;UBC;KLHL22;ELOC;TRIM21;TRIM11;BCAP31;FCGR1A;HLA-B;PSMD3;RNF130;RBCK1;SEC61A1;TRAF7;SPSB2;PSMA4;SEM1;HECTD3;UBA1;NCF1;PSMD7;RPS27A;UBA7;FBXW4;NCF4;FBXL16;FBXO22;MGRN1;UBE2L3;SAR1B;UBE2D2;ATG7;B2M;RCHY1;TRIM69;NCF2;FBXL12;RNF41;ZNRF1;LY96",-1.642417697435205,2.5146531768437806e-5,TRUE,
"REACTOME_SEPARATION_OF_SISTER_CHROMATIDS",167,-0.4178095894619208,-1.7910073818974042,6.898092686254493e-6,6.179778902396587e-5,"PSMA6;PSMB6;PSMB4;PMF1;UBA52;PSMB3;CENPM;B9D2;PSMC3;ANAPC11;SEC13;PSMB5;ANAPC15;UBB;PSMB1;DYNLL1;AURKB;PSMB7;PSMD8;PSMD13;TUBB4B;PSMC5;PSMA5;CDC20;PSMC4;PSMA1;PLK1;PSMB2;TUBA1B;SPC24;TUBA4A;ADRM1;ANAPC5;PSMC2;ANAPC2;NUDC;PSMD2;PSMD14;PPP2R1A;PSMA7;RANGAP1;BUB3;BIRC5;ANAPC7;CDCA8;PSMA3;UBE2S;TUBA1C;CENPT;UBC;PTTG1;PSMD3;PSMA4;TUBB3;NUP37;SEM1;PSMD7;RPS27A;TUBA1A;TUBB6;KIF2C",-1.8058887650194897,6.563132961199768e-5,TRUE,
"REACTOME_SARS_COV_2_HOST_INTERACTIONS",184,-0.4092486260767071,-1.7658871127335751,8.157245283145825e-6,7.247913022073831e-5,"UBA52;FAU;RPS5;SEC13;UBB;RPS14;TUFM;RPS15;RPS16;SNRPD2;RPS21;RPS10;RPS2;RPS8;GEMIN7;SNRPF;RPS15A;RPS3;RPS9;RPS11;RPS18;RPS28;RPS13;RPS23;ISG15;SNRPB;RPS29;SNRPD1;AAAS;RPSA;IRF7;HLA-G;SFN;IFNAR2;RPS19;HLA-C;RPS6;HLA-F;PTPN6;IL17RC;HLA-A;YWHAH;YWHAE;RPS26;RPS12;IRF3;HLA-E;AKT1;SNRPG;CRB3;VPS33B;RPS3A;UBC;RPS4X;CNBP;GEMIN4;HLA-B;SNRPE;STING1;VPS18;NUP37;GEMIN2;RPS27A;TYK2;TAB1;SAR1B;VPS16;NUP62;B2M;NUP85;GEMIN8;TKFC;SEH1L;AKT2;NUP93;RIPK2;IKBKE;RPS17",-1.7597551796898572,3.577793238462261e-5,TRUE,
"REACTOME_PROCESSING_OF_CAPPED_INTRON_CONTAINING_PRE_MRNA",288,-0.36943653497566964,-1.6517082916986496,8.318037314961541e-6,7.330693048307569e-5,"POLR2I;POLR2L;SF3B5;UBA52;SNRNP25;LSM2;PHF5A;SEC13;UBB;POLR2F;POLR2G;SRSF9;LSM7;SNU13;TXNL4A;PPP1CA;PCBP1;YJU2;SNRPD2;THOC6;LSM4;PRPF31;SNRPF;DDX41;DDX39A;UBL5;PUF60;ALYREF;SNRPC;CCDC12;SNRPB;SUGP1;POLR2H;EIF4A3;SNRNP40;THOC5;PQBP1;NXT1;SNRPA;SNRPD1;XAB2;AAAS;POLR2E;FAM50A;ZMAT5;PPIE;CPSF4;PPIH;SRSF7;POLR2J;LENG1;PCBP2;YBX1;CHTOP;RBM8A;SNRNP35;U2AF1L4;SNRPG;SF3A2;MAGOH;DNAJC8;UBC;TUT1;PRPF19;HNRNPF;WTAP;PPIL1;SF3B4;SLBP;SNRPE;GTF2F1;PPP1R8;CLP1;NUP37;SART1;MAGOHB;RNPS1;RBM10;BUD31;SNRNP70;GPKOW;SF3A3;SNRPN;RBM42;POLR2C;RPS27A;HSPA8;FAM32A;CACTIN;U2AF2;HNRNPL;HNRNPM;FUS;METTL3;NUP62;RNF113A;LSM6;THOC3;CPSF1;NUP85;PRCC;SEH1L;SRRT;PRPF4;SNRPA1;NUP93;LSM3;SAP18",-1.6182945731018346,1.9145185164748393e-4,TRUE,
"REACTOME_REGULATION_OF_HOMOTYPIC_CELL_CELL_ADHESION",178,-0.40681076814337347,-1.7536659249709756,8.665404561748874e-6,7.504620546850977e-5,"PSMA6;PSMB6;PSMB4;UBA52;PSMB3;TMEM258;PSMC3;RPN1;PSMB5;UBB;PSMB1;OST4;PSMB7;PSMD8;PSMD13;H2AC20;RACK1;PSMC5;CSNK2B;ACTB;H2AX;PSMA5;PKM;PSMC4;PSMA1;DDOST;PSMB2;CTBP1;ADRM1;BANP;ACTA1;DAD1;PSMC2;PSMD2;CTSL;PSMD14;PSMA7;ACTG1;PSMA3;TFAP2A;UBC;EED;OSTC;H4C5;MAPK3;POMT1;SEC11C;PSMD3;H2AZ2;SPCS1;PSMA4;MCRIP1;ANGPTL4;SPCS2;SEM1;PSMD7;RPS27A;CTSB",-1.651565091528255,9.363320195487566e-4,TRUE,
"REACTOME_RHOA_GTPASE_CYCLE",146,0.36018320959266126,1.8794291874063547,8.667261242118043e-6,7.504620546850977e-5,"ROCK2;TRIO;ARHGAP21;MYO9A;OPHN1;ARHGEF12;ERBIN;SOWAHC;ARHGAP5;TEX2;KTN1;SLK;AKAP13;ROCK1;PIK3R1;ARHGAP35;FARP1;IQGAP1;PREX2;TJP2;ARHGEF11;LBR;ARHGAP8;FAM13A;RHPN2;ARHGAP42;PKN2;ARHGEF7;ARHGAP26;DAAM1;ARHGEF10;VANGL1;STARD13;ARHGAP18;KALRN;DLC1;ARAP2;ARHGEF5;NET1;ARHGAP32;ARHGAP28",1.8804545274650688,4.0386626691677064e-5,TRUE,
"REACTOME_INTERLEUKIN_1_FAMILY_SIGNALING",126,-0.44885242024680505,-1.8693481267999412,8.723082923461469e-6,7.504620546850977e-5,"PSMA6;PSMB6;PSMB4;UBA52;PSMB3;PSMC3;PSMB5;UBB;PSMB1;RBX1;PSMB7;PSMD8;PSMD13;GSDMD;PSMC5;PSMA5;SIGIRR;PSMC4;PSMA1;NFKB2;PSMB2;PELI3;NFKBIA;ADRM1;TNIP2;PSMC2;PTPN6;NFKBIB;PSMD2;PSMD14;PSMA7;SAA1;PSMA3;TRAF2;UBC;USP18;PSMD3;IL1RN;PSMA4;TIFA;TOLLIP;IL1B;SEM1;IL18BP;PSMD7;RPS27A",-1.803682762799888,2.2794116645072292e-4,TRUE,
"REACTOME_MHC_CLASS_II_ANTIGEN_PRESENTATION",111,-0.4652880104794554,-1.9055044747443832,9.657286326189369e-6,8.242912108338013e-5,"AP2S1;SEC13;DCTN3;DYNLL1;HLA-DMA;ARF1;DCTN2;TUBB4B;CD74;HLA-DQB1;HLA-DPB1;HLA-DRB1;LAG3;HLA-DRA;CLTA;LGMN;HLA-DRB5;HLA-DMB;TUBA1B;CTSD;TUBA4A;AP2M1;HLA-DPA1;AP1S1;CTSL;HLA-DOA;RILP;TUBA1C;AP1M2;ACTR1B;KIF22;HLA-DQB2;ACTR1A;KLC3;KLC2;AP1B1;TUBB3;CAPZB;HLA-DQA1;AP1M1;KLC1;CTSB;TUBA1A;TUBB6;AP2A2;KIF2C;SAR1B",-1.7402874380669981,0.001486754848525563,TRUE,
"REACTOME_MRNA_SPLICING",211,-0.4000139220504571,-1.7401223783593602,1.0462044992460665e-5,8.830202451142385e-5,"POLR2I;POLR2L;SF3B5;SNRNP25;LSM2;PHF5A;POLR2F;POLR2G;SRSF9;LSM7;SNU13;TXNL4A;PCBP1;YJU2;SNRPD2;LSM4;PRPF31;SNRPF;DDX41;UBL5;PUF60;ALYREF;SNRPC;CCDC12;SNRPB;SUGP1;POLR2H;EIF4A3;SNRNP40;PQBP1;SNRPA;SNRPD1;XAB2;POLR2E;FAM50A;ZMAT5;PPIE;PPIH;SRSF7;POLR2J;LENG1;PCBP2;YBX1;RBM8A;SNRNP35;U2AF1L4;SNRPG;SF3A2;MAGOH;DNAJC8;PRPF19;HNRNPF;PPIL1;SF3B4;SNRPE;GTF2F1;PPP1R8;SART1;MAGOHB;RNPS1;RBM10;BUD31;SNRNP70;GPKOW;SF3A3;SNRPN;RBM42;POLR2C;HSPA8;FAM32A;CACTIN;U2AF2;HNRNPL;HNRNPM;FUS;RNF113A;LSM6",-1.7221531642835224,1.5059732072090842e-4,TRUE,
"REACTOME_INTERLEUKIN_10_SIGNALING",42,-0.5948727238533791,-2.0696878508877616,1.0508266754588262e-5,8.830202451142385e-5,"CCL3;CCL3L3;CCL4;CXCL10;CXCL8;CCL5;TIMP1;CSF2;ICAM1;IL6;IL1RN;CXCL1;IL1B;TNF;PTGS2;TYK2;CSF3;TNFRSF1A;FPR1;CXCL2;CD86;PTAFR;IL10RB;IL1A;IL1R2;CD80;CCL2;CSF1;CCR5",-1.7697447568432962,0.007454760649198461,TRUE,
"REACTOME_RHOJ_GTPASE_CYCLE",53,0.5043766446246428,2.161934580355027,1.1014935870258885e-5,9.124260079012343e-5,"TRIO;ARHGAP21;FNBP1L;OPHN1;OCRL;ARHGAP5;CDC42BPA;PAK2;WIPF2;PIK3R1;ARHGAP35;SLC4A7;WASL;ARHGEF7;ARHGAP26;VANGL1;CDC42BPB;MPP7;ARHGAP32",2.0421212912372657,4.156554327447144e-4,TRUE,
"REACTOME_SIGNALING_BY_INTERLEUKINS",394,-0.34622938125281155,-1.5833363164671053,1.1026550464489086e-5,9.124260079012343e-5,"PSMA6;PSMB6;PSMB4;CCL3;UBA52;PSMB3;PSMC3;PSMB5;UBB;SOD1;PSMB1;RBX1;ARF1;PSMB7;PSMD8;PSMD13;BOLA2B;CCL3L3;IL32;PSME2;SOCS1;RPLP0;GSDMD;PSMC5;CCL4;AIP;PSMA5;GSTO1;CXCL10;SIGIRR;PSMC4;PSMA1;STXBP2;NFKB2;TALDO1;CXCL8;PSMB2;IL12RB1;CCL5;PELI3;CFL1;NFKBIA;TIMP1;ADRM1;TNIP2;CEBPD;PSMC2;STX4;PTPN6;IL17RC;NFKBIB;FSCN1;LCK;OSM;PSMD2;PPIA;CSF2;PSMD14;PPP2R1A;PSMA7;BIRC5;MAPKAPK3;SAA1;IL20RB;PSMA3;TRAF2;FASLG;MUC1;AKT1;ICAM1;ANXA2;LGALS9;DUSP4;UBC;USP18;IL15RA;TGFB1;MAPK11;HNRNPF;IL23A;MAPK3;IL6;PSMD3;MMP1;IL1RN;HAVCR2;CXCL1;PSMA4;TIFA;TOLLIP;IL1B;SEM1;TNF;PTGS2;P4HB;IL18BP;BATF;MAP2K3;PSMD7;RPS27A;HSPA8;ITGB2;TYK2;JUNB;TAB1;CSF3;VRK3;LCN2;HCK;TP53;SOD2;PPP2CA;TNFRSF1A;LYN;CASP1;NLRX1;FPR1;IL18RAP;HMOX1;CRLF1;SNRPA1;CXCL2;RIPK2;CD86;IL24;PTAFR;MAP3K8;IL27RA;IL10RB;STAT1;IL2RB;NLRC5;IL1A;IL1R2;PSMD6;STX1A;RPS6KA1;DUSP7;IL2RA;CISH;ITGAM;IL17RB;MAPK7;SKP1;CD80;PSMC6;ANXA1;PSMC1;CCL2;SOCS3;MYD88;LRRC14;JAK2;ITGAX;CSF1;CCR5;IL7",-1.4280201661266736,0.0049044289965268,TRUE,
"REACTOME_MITOTIC_METAPHASE_AND_ANAPHASE",212,-0.39192641961702573,-1.704554689316422,1.1364711493317362e-5,9.307291349675432e-5,"PSMA6;PSMB6;PSMB4;PMF1;UBA52;PSMB3;CENPM;B9D2;PSMC3;ANAPC11;SEC13;PSMB5;ANAPC15;UBB;PSMB1;DYNLL1;AURKB;PSMB7;PSMD8;PSMD13;TUBB4B;PSMC5;RAN;PSMA5;CDC20;PSMC4;PSMA1;PLK1;PSMB2;TUBA1B;SPC24;TUBA4A;ADRM1;BANF1;ANAPC5;CHMP2A;LMNA;PSMC2;UBE2I;CHMP6;ANAPC2;NUDC;PSMD2;PSMD14;PPP2R1A;PSMA7;RANGAP1;BUB3;BIRC5;RCC1;ANAPC7;CDCA8;CCNB1;PSMA3;UBE2S;TUBA1C;CENPT;UBC;CCNB2;PTTG1;VPS4A;PSMD3;PSMA4;TUBB3;NUP37;SEM1;PSMD7;RPS27A;EMD;TUBA1A;TUBB6;KIF2C",-1.7146469706684522,9.196655564760945e-5,TRUE,
"REACTOME_TRANSCRIPTIONAL_REGULATION_BY_RUNX2",101,-0.48509146677153847,-1.9603368199800177,1.1419462633826868e-5,9.307291349675432e-5,"PSMA6;PSMB6;PSMB4;UBA52;PSMB3;PSMC3;PSMB5;UBB;PSMB1;RBX1;PSMB7;PSMD8;PSMD13;STUB1;PSMC5;PSMA5;PSMC4;PSMA1;PSMB2;ADRM1;CDK4;PSMC2;HDAC3;PSMD2;PSMD14;PSMA7;CCNB1;PSMA3;AKT1;UBC;MAPK3;PSMD3;PSMA4;SEM1;PSMD7;RPS27A",-1.9417810802633604,7.345451791764569e-5,TRUE,
"REACTOME_REGULATION_OF_T_CELL_ACTIVATION_BY_CD28_FAMILY",225,-0.3864724911276183,-1.6932297088107668,1.332530771415871e-5,1.0779577285185105e-4,"PSMA6;PSMB6;PSMB4;UBA52;PSMB3;TMEM258;PSMC3;RPN1;MLST8;PSMB5;UBB;PSMB1;OST4;RBX1;PSMB7;PSMD8;PSMD13;H2AC20;PSMC5;CSNK2B;HLA-DQB1;HLA-DPB1;HLA-DRB1;H2AX;PSMA5;MIB2;TNFRSF14;IRF1;PSMC4;PSMA1;HLA-DRA;NFKB2;HLA-DRB5;DDOST;PSMB2;CD274;CD3D;PRKAG1;ADRM1;CDK4;DAD1;PSMC2;PTPN6;HLA-DPA1;CSK;LCK;PSMD2;PSMD14;PPP2R1A;PSMA7;TEAD4;PRR5;PSMA3;AKT1;PDCD1;UBC;HLA-DQB2;EED;CD247;OSTC;H4C5;PSMD3;DERL2;H2AZ2;PSMA4;SEM1;JUND;HLA-DQA1;PSMD7;RPS27A",-1.6692856176046307,1.3582910279390204e-4,TRUE,
"REACTOME_NUCLEOTIDE_SALVAGE",21,-0.7102547598860325,-2.1172392578501995,1.6605196650900968e-5,1.3333357903390111e-4,"TYMP;TK1;APRT;PNP;UPP1;UCK1;GMPR;GMPR2;DGUOK;UCKL1;ADA;UCK2",-2.1290745941511817,8.905408245187813e-5,TRUE,
"REACTOME_RHOC_GTPASE_CYCLE",73,0.4442065772254792,2.05932029004947,1.7219577774115026e-5,1.372501640230933e-4,"ROCK2;ARHGAP21;OPHN1;ARHGEF12;ERBIN;ARHGAP5;SLK;AKAP13;ROCK1;PIK3R1;ARHGAP35;IQGAP1;TJP2;ARHGEF11;FMNL2;LBR;PKN2;ARHGAP26;DAAM1;ARHGEF10;VANGL1;STARD13;ARHGAP18;DLC1;ARHGEF5;ARHGAP32",2.0557044907119577,2.7028398295866657e-4,TRUE,
"REACTOME_KEAP1_NFE2L2_PATHWAY",111,-0.45987814926317316,-1.88334934819223,1.7906866824764197e-5,1.4168644991273277e-4,"PSMA6;PSMB6;PSMB4;UBA52;UFD1;PSMB3;PSMC3;PSMB5;UBB;PSMB1;RBX1;PSMB7;PSMD8;PSMD13;PSMC5;CSNK2B;PSMA5;PSMC4;PSMA1;KEAP1;ABCF2;TALDO1;PSMB2;PRDX1;ADRM1;PSMC2;PSMD2;PSMD14;PSMA7;TKT;SOD3;PSMA3;AKT1;G6PD;UBC;PGD;TRIM21;PSMD3;PSMA4;ATF4;SEM1;PSMD7;RPS27A;MUL1;CDKN2A;VCP",-1.8875340487510217,1.1041430794922575e-4,TRUE,
"REACTOME_MRNA_3_END_PROCESSING",148,-0.4254419887255872,-1.7980031488944634,1.8069375859051127e-5,1.4193625674790885e-4,"POLR2I;POLR2L;SF3B5;UBA52;PHF5A;UBB;POLR2F;POLR2G;SRSF9;PPP1CA;PCBP1;SNRPD2;THOC6;SNRPF;DDX39A;PUF60;ALYREF;SNRPC;SNRPB;SUGP1;POLR2H;EIF4A3;THOC5;SNRPA;SNRPD1;POLR2E;CPSF4;SRSF7;POLR2J;PCBP2;YBX1;CHTOP;RBM8A;U2AF1L4;SNRPG;SF3A2;MAGOH;DNAJC8;UBC;TUT1;HNRNPF;SF3B4;SNRPE;GTF2F1;PPP1R8;CLP1;MAGOHB;RNPS1;RBM10;SNRNP70;SF3A3;SNRPN;POLR2C;RPS27A;U2AF2;HNRNPL;HNRNPM;FUS;THOC3;CPSF1",-1.7199216378613893,4.971433105044076e-4,TRUE,
"REACTOME_NEPHRIN_FAMILY_INTERACTIONS",16,0.7318191426785079,2.3132351162549964,2.108283140374631e-5,1.644157499400072e-4,"PIK3CB;PIK3CA;CD2AP;PIK3R1;IQGAP1;CASK;WASL;KIRREL1;SPTBN1;SPTAN1;MAGI2",2.465477878863837,2.4631801619640488e-5,TRUE,
"REACTOME_GAMMA_CARBOXYLATION_HYPUSINYLATION_HYDROXYLATION_AND_ARYLSULFATASE_ACTIVATION",54,-0.5541503104159415,-2.0255931590774914,2.2180452162920944e-5,1.7056812567451762e-4,"EIF5A;RPL8;JMJD4;DRG1;RPS23;DRG2;RPS6;DPH7;RPL27A;EEF2;DOHH;DPH2;KDM8;TPST2;GAS6;DPH1;SUMF2;JMJD6;FN3K;RCCD1;FN3KRP;U2AF2;RIOX1;ARSI;ARSA",-1.9682712850345647,4.156554327447144e-4,TRUE,
"REACTOME_FCERI_MEDIATED_NF_KB_ACTIVATION",111,-0.45725034333733977,-1.87258763536564,2.2186444391242606e-5,1.7056812567451762e-4,"PSMA6;PSMB6;PSMB4;UBA52;PSMB3;PSMC3;PSMB5;UBB;PSMB1;PSMB7;PSMD8;PSMD13;PSMC5;PSMA5;PSMC4;PSMA1;PSMB2;NFKBIA;ADRM1;PSMC2;PSMD2;PSMD14;PSMA7;CDC34;PSMA3;UBC;FCER1G;PSMD3;PSMA4;SEM1;PSMD7;RPS27A;TAB1",-1.980799384239011,1.5562846762208132e-5,TRUE,
"REACTOME_MITOTIC_G2_G2_M_PHASES",183,-0.40407055920396145,-1.7422627787928975,2.4056823177265235e-5,1.8364504453630644e-4,"PSMA6;PSMB6;PSMB4;UBA52;PSMB3;PSMC3;PSMB5;DCTN3;UBB;SSNA1;MZT2B;PSMB1;DYNLL1;RBX1;DCTN2;PSMB7;PSMD8;PSMD13;TUBB4B;PSMC5;PSMA5;PSMC4;PSMA1;PKMYT1;PLK1;LIN37;PSMB2;TUBA1B;TUBB;FKBPL;LCMT1;HAUS8;MZT2A;TUBA4A;ADRM1;TUBG1;PSMC2;PSMD2;YWHAE;PSMD14;PPP2R1A;PSMA7;HAUS4;TUBGCP2;CCNB1;PSMA3;FZR1;TUBA1C;UBC;CCNB2;ACTR1A;PPP2R3B;PSMD3;PSMA4;TUBB3;HAUS1;RAB8A;SEM1;CDK11A;PSMD7;RPS27A;TUBA1A;TUBB6;E2F1",-1.763942836395951,5.07311757478678e-5,TRUE,
"REACTOME_SIGNALING_BY_TYPE_1_INSULIN_LIKE_GROWTH_FACTOR_1_RECEPTOR_IGF1R",39,0.5492775920602111,2.207239552423609,2.4692006978354567e-5,1.871757731785759e-4,"GAB1;SOS1;IGF2;PIK3CB;PDE3B;PDPK1;PIK3R4;PTPN11;PIK3CA;PIK3R1;KL;NRAS;IGF1R;GAB2;FRS2;FGF10;FGFR3;FGF19",2.091757106383884,6.469433684787837e-4,TRUE,
"REACTOME_PROGRAMMED_CELL_DEATH",190,-0.3928132657265861,-1.701172786904636,2.4937855831280934e-5,1.8772663695214257e-4,"PSMA6;PSMB6;PSMB4;UBA52;PSMB3;PSMC3;C1QBP;PSMB5;BAD;UBB;PSMB1;DYNLL1;BID;PSMB7;PSMD8;PSMD13;STUB1;GSDMD;PSMC5;TRADD;PSMA5;IRF1;PSMC4;PSMA1;BAK1;FADD;PSMB2;SFN;ADRM1;CDC37;DBNL;CHMP2A;LMNA;FLOT1;PSMC2;CHMP6;YWHAH;PSMD2;YWHAE;PSMD14;PSMA7;DAPK3;PSMA3;TRAF2;FASLG;AKT1;CD14;UBC;BCAP31;MAPK3;PSMD3;FLOT2;PSMA4;IL1B;SEM1;TP73;PSMD7;RPS27A;PMAIP1;CDKN2A;E2F1;ARHGAP10;UBE2L3;TICAM1;TP53;HMGB2;BAX;FAS;CASP1;LY96;AKT2;UNC5A;CASP4",-1.6643687252701862,7.157975998413234e-4,TRUE,
"REACTOME_HEDGEHOG_ON_STATE",72,-0.509766348208427,-1.9443687430003058,2.6861928034436844e-5,2.0071518973280352e-4,"PSMA6;PSMB6;PSMB4;UBA52;PSMB3;PSMC3;PSMB5;UBB;PSMB1;RBX1;PSMB7;PSMD8;PSMD13;PSMC5;PSMA5;PSMC4;PSMA1;PSMB2;ADRM1;PSMC2;ARRB2;PSMD2;PSMD14;PSMA7;PSMA3;UBC;PSMD3;PSMA4;SEM1;PSMD7;RPS27A",-1.9019121614578134,3.3220772285951346e-4,TRUE,
"REACTOME_INTERFERON_ALPHA_BETA_SIGNALING",64,-0.5201179395054104,-1.9682193350526558,2.709694427233348e-5,2.0071518973280352e-4,"UBA52;PSMB8;UBB;SOCS1;ISG15;IRF1;IFITM3;IRF7;HLA-G;IFI27;IFI35;IFNAR2;HLA-C;IFITM2;BST2;HLA-F;PTPN6;IFITM1;HLA-A;ISG20;IRF3;HLA-E;IFI6;UBC;USP18;HLA-B;IFIT3;RPS27A;TYK2;MX1;GBP2;IP6K2;HLA-H;STAT1;SAMHD1;SOCS3;OAS2;IRF9;IFIT2;OASL;IRF8;IRF5",-1.9606110451504986,4.887642837399516e-4,TRUE,
"REACTOME_TELOMERE_MAINTENANCE",84,-0.4945633426180593,-1.9564713553582938,2.7218757279263944e-5,2.0071518973280352e-4,"POLR2I;POLR2L;POLR2F;POLR2G;WRAP53;RUVBL2;POLA2;H2AC20;NOP10;H2AX;POLR2H;POLD2;POLR2E;NHP2;RFC2;ACD;POLR2J;CHTF18;FEN1;PCNA;POLD1;RUVBL1;CHTF8;DAXX;H4C5;RPA1;H2AZ2;RPA3;PIF1;RFC5;POLD4;POLR2C;TINF2;RPA2",-1.8874740689558895,4.3748798961471046e-4,TRUE,
"REACTOME_SARS_COV_2_INFECTION",279,-0.3638870314002983,-1.6277100653468795,2.8746700610808662e-5,2.105501585278148e-4,"UBA52;FAU;TMEM258;RPS5;SEC13;RPN1;UBB;PRMT1;RPS14;TUFM;OST4;RPS15;RPS16;SNRPD2;RPS21;RPS10;RPS2;RPS8;GEMIN7;SNRPF;RPS15A;RPS3;RPS9;RPS11;RPS18;RPS28;RPS13;RPS23;ISG15;SNRPB;DDOST;RPS29;SNRPD1;AAAS;RPSA;IRF7;HLA-G;MGAT1;SFN;IFNAR2;RPS19;HLA-C;DAD1;MAN1B1;CHMP2A;RPS6;UBE2I;HLA-F;CHMP6;PTPN6;ST6GALNAC4;IL17RC;HLA-A;YWHAH;MGAT2;YWHAE;CTSL;RPS26;PARP10;RPS12;IRF3;HLA-E;AKT1;SNRPG;CRB3;VPS33B;RPS3A;UBC;RPS4X;CNBP;OSTC;GEMIN4;HLA-B;SNRPE;STING1;VPS18;NUP37;GEMIN2;ISCU;EDEM2;RPS27A;TYK2;TAB1;VCP;SAR1B;VPS16;NUP62;B2M;NUP85;PRKCSH;ANO8;GEMIN8;GSK3A;TKFC;FUT8;SEH1L;AKT2;NUP93;RIPK2;IKBKE;RPS17",-1.610378459456229,4.201672771729868e-4,TRUE,
"REACTOME_SIGNALING_BY_THE_B_CELL_RECEPTOR_BCR",142,-0.429171296758409,-1.8052871593595843,3.107841444946058e-5,2.261006796188944e-4,"PSMA6;PSMB6;PSMB4;UBA52;PSMB3;HRAS;PSMC3;PSMB5;UBB;PSMB1;PSMB7;PSMD8;PSMD13;PSMC5;ORAI1;PSMA5;NFKBIE;PSMC4;PSMA1;PSMB2;NFKBIA;ADRM1;PSMC2;PTPN6;NFKBIB;PSMD2;PPIA;PSMD14;PSMA7;PSMA3;UBC;NFATC1;PSMD3;PIK3AP1;PSMA4;SEM1;PSMD7;RPS27A",-1.8157302859604394,9.589705956218198e-5,TRUE,
"REACTOME_PLASMA_LIPOPROTEIN_CLEARANCE",32,-0.6354970620819467,-2.086168982684776,3.231035699064874e-5,2.3349617985242156e-4,"UBA52;AP2S1;UBB;NPC2;CLTA;APOC1;AP2M1;APOE;UBC;AMN;NR1H2;PCSK9;LSR;RPS27A;AP2A2;NR1H3",-2.078821619620073,1.6994081398309286e-4,TRUE,
"REACTOME_C_TYPE_LECTIN_RECEPTORS_CLRS",115,-0.4470251700126799,-1.8400876083863034,3.6136828805321344e-5,2.5941935380773733e-4,"PSMA6;PSMB6;PSMB4;MUC6;UBA52;PSMB3;HRAS;PSMC3;PSMB5;UBB;PSMB1;PSMB7;PSMD8;UBE2M;PYCARD;PSMD13;PSMC5;PSMA5;RELB;PSMC4;PSMA1;NFKB2;PSMB2;NFKBIA;ADRM1;MUC5AC;PSMC2;PSMD2;PSMD14;PSMA7;CDC34;PSMA3;MUC1;UBC;NFATC1;FCER1G;PSMD3;PSMA4;IL1B;SEM1;PSMD7;RPS27A;TAB1;ICAM2;UBE2D2;LYN;CLEC4E;MUC5B",-1.8110796665192743,3.168346996785731e-4,TRUE,
"REACTOME_TRANSCRIPTIONAL_REGULATION_BY_TP53",347,-0.3443659700396725,-1.5615434259356171,3.9951672634997706e-5,2.849185074759047e-4,"POLR2I;POLR2L;COX8A;COX6A1;UBA52;COX4I1;SCO2;LAMTOR5;MLST8;PRELID1;UBB;PRMT1;POLR2F;POLR2G;ELOB;PRDX2;LAMTOR4;BID;AURKB;LAMTOR1;COX5B;COX7B;PIN1;COX7A2;CSNK2B;NELFE;RABGGTA;COX6B1;LAMTOR2;POLR2H;PRMT5;TMEM219;COX5A;PRDX1;POLR2E;NELFB;CDK9;SFN;KAT5;PRKAG1;BANP;RFC2;RNF34;CDK5;COX7C;POLR2J;PIP4P1;TAF10;PCNA;GPI;COX7A1;YWHAH;YWHAE;ATRIP;DDIT4;TAF9;PPP2R1A;PML;BIRC5;PRR5;CCNB1;AKT1;ZNF385A;RAD9A;TRIAP1;PLK2;ERCC2;MBD3;G6PD;TTC5;UBC;PLK3;ELOC;NOC2L;MAPK11;AIFM2;DAXX;RPA1;MTA2;NELFA;COX6C;NDUFA4;STK11;PIDD1;RPA3;GTF2F1;COX4I2;RFC5;EHMT2;RRAGC;DDB2;TP73;POLR2C;RPS27A;PMAIP1;CRADD;GTF2H5;RPA2;GLS2;CNOT3;CDKN2A;E2F1;CNOT9;COX7A2L;ING2;CARM1;CTDP1;RMI2;RRAGA;TP53;PPP2CA;BAX;FAS;CHD4;CASP1;PPP1R13L;TP53I3;SSRP1;AKT2;TAF11;PRDX5",-1.5709355584291964,1.7595028538125554e-4,TRUE,
"REACTOME_EXPRESSION_OF_BMAL_ARNTL_CLOCK_AND_NPAS2",34,0.5574643031775603,2.1555235691565273,4.18049963208708e-5,2.9598801341030397e-4,"CHD9;PPARA;NCOA2;NCOA6;MED1;NRIP1;EP300;RORA;NCOA1;CREB1;CLOCK;NCOR1;CREBBP;MEF2C;SIRT1;CRTC3;ATF2",2.1271145226006754,8.452573821965487e-4,TRUE,
"REACTOME_HDMS_DEMETHYLATE_HISTONES",30,0.5995666056231883,2.2425485527016136,4.204995762471108e-5,2.9598801341030397e-4,"KDM7A;KDM3B;PHF2;KDM5A;KDM3A;KDM2A;KDM1B;KDM6A;RIOX2;ARID5B;PHF8;KDM4C;H4C16;KDM5B",2.214959202147831,4.201672771729868e-4,TRUE,
"REACTOME_DUAL_INCISION_IN_TC_NER",62,-0.5132615990488526,-1.9312317215451595,4.337244739483894e-5,3.0332730952261554e-4,"POLR2I;POLR2L;UBA52;UBB;POLR2F;POLR2G;RBX1;POLR2H;POLD2;XAB2;POLR2E;PPIE;RFC2;POLR2J;PCNA;ERCC2;POLD1;UBC;ERCC1;PRPF19;RPA1;RPA3;RFC5;POLE4;POLD4;POLR2C;RPS27A;GTF2H5;RPA2",-1.919108846986163,5.071736170678097e-4,TRUE,
"REACTOME_TRANSCRIPTION_COUPLED_NUCLEOTIDE_EXCISION_REPAIR_TC_NER",75,-0.5077596010966118,-1.956665749268504,4.475779899466902e-5,3.103279390201699e-4,"POLR2I;POLR2L;UBA52;UBB;POLR2F;POLR2G;RBX1;POLR2H;COPS3;COPS6;POLD2;XAB2;GPS1;POLR2E;PPIE;RFC2;COPS7A;POLR2J;PCNA;ERCC2;POLD1;UBC;ERCC1;PRPF19;RPA1;RPA3;RFC5;COPS4;POLE4;POLD4;POLR2C;RPS27A;GTF2H5;RPA2;POLE3;COPS5",-1.9835743581725482,8.708130543928872e-5,TRUE,
"REACTOME_REGULATION_OF_PD_L1_CD274_EXPRESSION",158,-0.41187982351629127,-1.7537002825240269,4.4946020688345635e-5,3.103279390201699e-4,"PSMA6;PSMB6;PSMB4;UBA52;PSMB3;TMEM258;PSMC3;RPN1;PSMB5;UBB;PSMB1;OST4;RBX1;PSMB7;PSMD8;PSMD13;H2AC20;PSMC5;CSNK2B;H2AX;PSMA5;MIB2;IRF1;PSMC4;PSMA1;NFKB2;DDOST;PSMB2;CD274;PRKAG1;ADRM1;CDK4;DAD1;PSMC2;PSMD2;PSMD14;PSMA7;TEAD4;PSMA3;PDCD1;UBC;EED;OSTC;H4C5;PSMD3;DERL2;H2AZ2;PSMA4;SEM1;JUND;PSMD7;RPS27A",-1.7255841554858786,3.977105777451167e-4,TRUE,
"REACTOME_ADHERENS_JUNCTIONS_INTERACTIONS",193,-0.38547455597769553,-1.669203178924845,4.9039208222827424e-5,3.3513964855269433e-4,"PSMA6;PSMB6;PSMB4;UBA52;PSMB3;TMEM258;PSMC3;RPN1;PSMB5;UBB;PSMB1;OST4;PSMB7;PSMD8;PSMD13;H2AC20;RACK1;PSMC5;CSNK2B;ACTB;H2AX;PSMA5;PKM;PSMC4;PSMA1;DDOST;PSMB2;ANG;CTBP1;ADRM1;BANP;ACTA1;DAD1;PSMC2;PSMD2;CTSL;PSMD14;PSMA7;ACTG1;NECTIN2;PSMA3;TFAP2A;UBC;EED;OSTC;H4C5;MAPK3;POMT1;SEC11C;PSMD3;H2AZ2;SPCS1;PSMA4;MCRIP1;ANGPTL4;SPCS2;SEM1;PSMD7;RPS27A;CTSB",-1.5666299448604049,0.004181577297372921,TRUE,
"REACTOME_FORMATION_OF_TC_NER_PRE_INCISION_COMPLEX",50,-0.5551010676045838,-1.986179662341879,4.915793737996162e-5,3.3513964855269433e-4,"POLR2I;POLR2L;UBA52;UBB;POLR2F;POLR2G;RBX1;POLR2H;COPS3;COPS6;XAB2;GPS1;POLR2E;PPIE;COPS7A;POLR2J;ERCC2;UBC;PRPF19;COPS4;POLR2C;RPS27A;GTF2H5",-2.0073873364259756,9.473029786162596e-5,TRUE,
"REACTOME_MAPK6_MAPK4_SIGNALING",73,-0.48919643999563955,-1.8697768825887557,5.380963448086297e-5,3.6456027360784666e-4,"PSMA6;PSMB6;PSMB4;UBA52;PSMB3;PSMC3;PSMB5;UBB;PSMB1;PSMB7;PSMD8;PSMD13;PSMC5;PSMA5;PSMC4;PSMA1;PSMB2;ADRM1;PSMC2;HSPB1;PSMD2;PSMD14;PSMA7;PSMA3;UBC;CDC42EP5;PSMD3;PSMA4;CCND3;SEM1;DNAJB1;PSMD7;RPS27A",-1.8353010214771277,0.0011950878062628775,TRUE,
"REACTOME_APOPTOSIS",159,-0.4068363010756671,-1.7340416120795852,5.496464469952514e-5,3.7007251462288976e-4,"PSMA6;PSMB6;PSMB4;UBA52;PSMB3;PSMC3;C1QBP;PSMB5;BAD;UBB;PSMB1;DYNLL1;BID;PSMB7;PSMD8;PSMD13;GSDMD;PSMC5;TRADD;PSMA5;PSMC4;PSMA1;BAK1;FADD;PSMB2;SFN;ADRM1;DBNL;LMNA;PSMC2;YWHAH;PSMD2;YWHAE;PSMD14;PSMA7;DAPK3;PSMA3;TRAF2;FASLG;AKT1;CD14;UBC;BCAP31;MAPK3;PSMD3;PSMA4;SEM1;TP73;PSMD7;RPS27A;PMAIP1;CDKN2A;E2F1;ARHGAP10;TICAM1;TP53;HMGB2;BAX;FAS;LY96;AKT2;UNC5A",-1.7128898259602685,3.4343975826166663e-4,TRUE,
"REACTOME_DETOXIFICATION_OF_REACTIVE_OXYGEN_SPECIES",34,-0.6100165268807098,-2.032314498769798,5.78536460523839e-5,3.8711945877027254e-4,"GPX1;SOD1;TXN2;PRDX2;ATOX1;CYBA;TXNRD2;PRDX1;GSTP1;CCS;NUDT2;SOD3;PRDX3;P4HB;NCF1;GPX3;NCF4;SOD2;NCF2;PRDX5;GSR",-2.0026508132446468,7.071020683797143e-4,TRUE,
"REACTOME_PHOSPHORYLATION_OF_CD3_AND_TCR_ZETA_CHAINS",20,-0.6942942263247514,-2.0524016324224132,6.507125706490562e-5,4.3274381998992446e-4,"HLA-DQB1;HLA-DPB1;HLA-DRB1;HLA-DRA;HLA-DRB5;CD3D;HLA-DPA1;CSK;LCK;HLA-DQB2;CD247;HLA-DQA1;CD3E",-1.8325256764773363,0.009720842756451017,TRUE,
"REACTOME_ECM_PROTEOGLYCANS",64,0.4393599147663956,1.9551586911745549,6.975722997974094e-5,4.608041524198674e-4,"ITGA8;COL4A5;LAMC1;ITGA2;COL4A6;TNXB;LAMA2;ITGA9;ITGB1;LAMA4;COL9A3;NCAM1;BCAN;HSPG2;ITGB6;COL4A1;LRP4;COL2A1;ITGB3;ITGAV;COL4A4;COL6A3;HAPLN1;LAMB1;COL4A2;ACAN;COL9A1;TNN;LAMA5;TGFB2;VCAN;MATN3;APP;COL5A1",2.216766666632263,3.0253988103928868e-5,TRUE,
"REACTOME_CITRIC_ACID_CYCLE_TCA_CYCLE",34,-0.6050687587433794,-2.015830648777297,7.014085345874366e-5,4.608041524198674e-4,"SDHA;SDHAF2;CSKMT;IDH3G;SDHAF1;IDH3B;SDHB;FH;MDH2;LYRM4;TRAP1;ISCA2;DLST;IDH2;ISCU;SIRT3;SDHAF3;SUCLG1;ACAT1;KGD4;IDH3A;ACO2",-2.1090434218988783,1.254960398860282e-4,TRUE,
"REACTOME_GLOBAL_GENOME_NUCLEOTIDE_EXCISION_REPAIR_GG_NER",83,-0.46884736878076516,-1.851931229684835,7.275438681355595e-5,4.7509491148129307e-4,"UBA52;UBB;RBX1;SUMO3;ACTB;COPS3;COPS6;POLD2;MCRS1;GPS1;RFC2;COPS7A;UBE2I;PCNA;INO80E;INO80C;ERCC2;POLD1;UBC;ERCC1;RUVBL1;TFPT;RPA1;RPA3;RFC5;COPS4;POLE4;DDB2;POLD4;RPS27A;GTF2H5;RPA2;PARP2;POLE3;COPS5;RAD23A;LIG1;XRCC1;RFC4;ACTL6A;INO80B;COPS7B",-1.8959690857754194,4.418059609088326e-4,TRUE,
"REACTOME_TP53_REGULATES_METABOLIC_GENES",79,-0.4865954678954227,-1.8967832731794076,7.760276196590582e-5,5.037209219822869e-4,"COX8A;COX6A1;COX4I1;SCO2;LAMTOR5;MLST8;PRDX2;LAMTOR4;LAMTOR1;COX5B;COX7B;COX7A2;COX6B1;LAMTOR2;COX5A;PRDX1;SFN;PRKAG1;COX7C;GPI;COX7A1;YWHAH;YWHAE;DDIT4;AKT1;G6PD;COX6C;NDUFA4;COX4I2;RRAGC;GLS2;COX7A2L;RRAGA;TP53",-1.8891780380010303,2.8965122594805105e-4,TRUE,
"REACTOME_IRS_MEDIATED_SIGNALLING",34,0.5388938991017104,2.0837181756163687,9.846745780711113e-5,6.35349549183979e-4,"GAB1;SOS1;PIK3CB;PDE3B;PDPK1;PIK3R4;PTPN11;PIK3CA;PIK3R1;KL;NRAS;GAB2;FRS2;FGF10;FGFR3;FGF19",1.992027273926026,0.0027541143405696166,TRUE,
"REACTOME_HIV_TRANSCRIPTION_ELONGATION",40,-0.5675761189902235,-1.971968501109927,1.0212959593323184e-4,6.50057833193001e-4,"POLR2I;POLR2L;POLR2F;POLR2G;ELOB;NELFE;POLR2H;POLR2E;NELFB;CDK9;POLR2J;ERCC2;ELOC;NELFA;GTF2F1;POLR2C;GTF2H5;CTDP1",-1.9334235121657948,7.281504165938297e-4,TRUE,
"REACTOME_LAMININ_INTERACTIONS",29,0.5804641008882734,2.1706746908545482,1.0214074243804695e-4,6.50057833193001e-4,"COL4A5;LAMC1;ITGA2;ITGA6;COL4A6;LAMA2;ITGB1;LAMA4;NID1;HSPG2;COL4A1;ITGA1;ITGAV;COL4A4;LAMB1;COL4A2",2.2438822727773675,2.858307294160868e-4,TRUE,
"REACTOME_INTERFERON_GAMMA_SIGNALING",88,-0.4613628342343776,-1.8334973822552292,1.0254602350184795e-4,6.50057833193001e-4,"MT2A;SOCS1;HLA-DQB1;HLA-DPB1;HLA-DRB1;IRF1;HLA-DRA;HLA-DRB5;IRF7;HLA-G;CIITA;GBP4;HLA-C;HLA-F;PTPN6;YBX1;HLA-DPA1;HLA-A;PML;IRF3;HLA-E;ICAM1;GBP1;HLA-DQB2;TRIM21;GBP5;FCGR1A;MAPK3;HLA-B;IFNGR2;HLA-DQA1;B2M;GBP2;IFI30;HLA-DQA2;PTAFR;HLA-H;STAT1;CD44;SOCS3;JAK2;TRIM3;OAS2;IRF9;TRIM29;TRIM22;OASL;IRF8;IRF5;TRIM62;IFNGR1;PRKCD",-1.6238345734669495,0.014249971591967763,TRUE,
"REACTOME_CELL_CYCLE_CHECKPOINTS",267,-0.355934041476185,-1.58744361150019,1.0497638160336426e-4,6.615953352212026e-4,"BABAM1;PSMA6;PSMB6;PSMB4;PMF1;UBA52;PSMB3;CENPM;B9D2;PSMC3;ANAPC11;SEC13;PSMB5;ANAPC15;UBB;PSMB1;DYNLL1;MCM5;RBX1;AURKB;PSMB7;PSMD8;PSMD13;PSMC5;H2AX;PSMA5;CDC20;CDC45;PSMC4;PSMA1;PKMYT1;PLK1;PSMB2;SFN;SPC24;KAT5;ADRM1;RFC2;MCM7;ANAPC5;PSMC2;ANAPC2;NUDC;YWHAH;PSMD2;YWHAE;ATRIP;PSMD14;PPP2R1A;PSMA7;RANGAP1;BUB3;BIRC5;ANAPC7;CDCA8;CCNB1;PSMA3;UBE2S;ZNF385A;RAD9A;CENPT;UBC;PLK3;CCNB2;MAPK11;H4C5;RPA1;PSMD3;RPA3;MCM2;RFC5;PSMA4;NUP37;SEM1;PSMD7;RPS27A;RPA2;ORC1;CDKN2A;KIF2C;RMI2;TP53;CENPS;PPP2CA;NUP85;SKA1;CENPN;MCM3;SEH1L",-1.6169204317996115,2.95226420878295e-4,TRUE,
"REACTOME_HEDGEHOG_OFF_STATE",93,-0.45230199666329424,-1.8073837963421715,1.1119066072296889e-4,6.967091111196432e-4,"PSMA6;PSMB6;PSMB4;UBA52;PSMB3;PSMC3;PSMB5;UBB;PSMB1;RBX1;PSMB7;PSMD8;PSMD13;TUBB4B;PSMC5;PSMA5;PSMC4;PSMA1;PSMB2;TUBA1B;TUBA4A;ADRM1;PSMC2;PSMD2;PSMD14;PSMA7;PSMA3;TUBA1C;UBC;PSMD3;PSMA4;TUBB3;SEM1;PSMD7;RPS27A;TUBA1A;TUBB6",-1.7981663161820112,0.0012275776792226316,TRUE,
"REACTOME_AMINO_ACIDS_REGULATE_MTORC1",50,-0.5406160592991452,-1.9343515708751033,1.2435774558350917e-4,7.7293958650783e-4,"ATP6V0B;LAMTOR5;SEC13;MLST8;WDR24;LAMTOR4;NPRL2;LAMTOR1;ATP6V1F;ATP6V0E1;LAMTOR2;ATP6V0D1;KPTN;TCIRG1;ATP6V1E1;NPRL3",-1.9658526034274904,2.2794116645072292e-4,TRUE,
"REACTOME_SYNTHESIS_OF_PIPS_AT_THE_PLASMA_MEMBRANE",51,0.47004822418004744,2.015644009129245,1.2478268232368105e-4,7.7293958650783e-4,"SBF2;PIK3C2A;PIK3CB;OCRL;PLEKHA5;PLEKHA8;PIK3CA;MTM1;PIK3R1;INPP4B;PIK3C2B;SYNJ1;RAB5A;PLEKHA1;PLEKHA2;SYNJ2;PLEKHA6;MTMR2;INPP5D;MTMR8;INPP4A;MTMR6;MTMR9;RAB14;PIP4K2B;PLEKHA3;BMX;PI4K2B;PIP5K1A;PTPN13;MTMR1;PIP5K1B;PTEN",2.074091952186864,3.4268599900233275e-4,TRUE,
"REACTOME_TRANSCRIPTIONAL_REGULATION_BY_RUNX3",86,-0.4537381598910422,-1.8006245599579664,1.503290470758269e-4,9.258902672170247e-4,"PSMA6;PSMB6;PSMB4;UBA52;PSMB3;PSMC3;PSMB5;UBB;PSMB1;PSMB7;PSMD8;PSMD13;PSMC5;PSMA5;PSMC4;PSMA1;PSMB2;ADRM1;PSMC2;PSMD2;PSMD14;PSMA7;TEAD4;PSMA3;UBC;TGFB1;SPP1;PSMD3;PSMA4;SEM1;PSMD7;RPS27A",-1.8200828737276535,6.538739024858286e-4,TRUE,
"REACTOME_DNA_REPAIR",300,-0.3432679538085938,-1.5429482185915797,1.536592759367003e-4,9.410545486744809e-4,"POLR2I;POLR2L;BABAM1;PPP4C;UBA52;UFD1;MAD2L2;UBB;POLR2F;POLR2G;ADPRS;CENPX;RBX1;UBE2L6;H2AC20;SUMO3;MPG;FANCG;ACTB;NTHL1;ALKBH2;H2AX;ISG15;POLR2H;COPS3;COPS6;POLD2;MCRS1;XAB2;SMUG1;GPS1;POLR2E;FAAP20;PPIE;KAT5;RFC2;PPP5C;COPS7A;ACD;POLR2J;UBE2I;FEN1;PCNA;XRCC3;APEX1;MUS81;INO80E;ATRIP;INO80C;POLL;ALKBH5;RAD51;UBXN1;RAD9A;ERCC2;POLD1;UBC;ERCC1;RUVBL1;PRPF19;TFPT;H4C5;SIRT6;FAAP100;RPA1;PNKP;UBE2T;H2AZ2;RPA3;RFC5;FANCE;COPS4;POLE4;EME1;DDB2;SEM1;POLD4;POLR2C;RPS27A;MGMT;ASCC2;GTF2H5;TINF2;RPA2;UBA7;PARP2;VCP;POLE3;RMI2;COPS5;TP53;CENPS;USP43;XRCC6;RCHY1;RAD23A;LIG1",-1.5464943869268033,6.266526156385373e-4,TRUE,
"REACTOME_CHROMATIN_ORGANIZATION",241,0.28010991293565174,1.5630305051334048,1.609713028396356e-4,9.802971476301405e-4,"KMT2C;ASH1L;KDM7A;BICRAL;NCOA2;PHF20;PBRM1;BRPF3;KDM3B;SMARCC1;ARID4A;KMT2A;SETD2;ATXN7;MSL1;KMT2D;ARID4B;EP300;PHF2;KDM5A;KDM3A;KDM2A;TRRAP;NCOA1;MSL2;KAT6A;BRD7;YEATS2;KDM1B;KMT5B;MECOM;DNMT3A;SETDB2;REST;NSD1;JADE3;ARID2;SMARCA2;NSD3;KDM6A;ARID1B;CLOCK;BRWD1;SUZ12;KAT6B;ATF7IP;KANSL1;EP400;ELP1;ARID1A;KAT7;RIOX2;NCOR1;ARID5B;OGT;CREBBP;PHF8;SUPT20H;PADI2;PHF21A",1.6207700734583697,1.4273040065853002e-4,TRUE,
"REACTOME_COOPERATION_OF_PREFOLDIN_AND_TRIC_CCT_IN_ACTIN_AND_TUBULIN_FOLDING",26,-0.6367691802450708,-1.9743556688921788,1.6654921283698346e-4,0.0010085997023200563,"TUBB4B;ACTB;TUBA1B;PFDN2;TUBA4A;CCT2;CCT7;TUBA1C;PFDN6;CCT3;CCT5;TUBB3;TUBA1A;TUBB6;PFDN1;CCT4;TUBB2A;TCP1;CCT8;CCT6B",-1.8828192601464606,0.0023150248980478853,TRUE,
"REACTOME_HEME_SIGNALING",44,0.48896229879269903,2.0268556379561424,1.7210368923029046e-4,0.0010364466618090825,"CHD9;PPARA;NCOA2;NCOA6;MED1;NRIP1;EP300;NFE2L2;RORA;NCOA1;CREB1;CLOCK;XPO1;NCOR1;CREBBP;BACH1;MEF2C;SIRT1;TLR4;CRTC3;ATF2",2.070034760746875,0.0011001165233120542,TRUE,
"REACTOME_MRNA_POLYADENYLATION",126,-0.41355283699061324,-1.722334973121284,1.7571138050919376e-4,0.001046788216145103,"POLR2I;POLR2L;SF3B5;UBA52;PHF5A;UBB;POLR2F;POLR2G;SRSF9;PPP1CA;PCBP1;SNRPD2;SNRPF;PUF60;SNRPC;SNRPB;SUGP1;POLR2H;SNRPA;SNRPD1;POLR2E;CPSF4;SRSF7;POLR2J;PCBP2;YBX1;U2AF1L4;SNRPG;SF3A2;DNAJC8;UBC;TUT1;HNRNPF;SF3B4;SNRPE;GTF2F1;PPP1R8;CLP1;RBM10;SNRNP70;SF3A3;SNRPN;POLR2C;RPS27A;U2AF2;HNRNPL;HNRNPM;FUS",-1.6619814630654222,0.002421646681413851,TRUE,
"REACTOME_RORA_B_C_AND_NR1D1_REV_ERBA_REGULATE_GENE_EXPRESSION",24,0.6146915894886936,2.133107220546785,1.7575226507233278e-4,0.001046788216145103,"CHD9;PPARA;NCOA2;NCOA6;MED1;NRIP1;EP300;RORA;NCOA1;NCOR1;CREBBP",2.1829344524848664,5.330083248968179e-4,TRUE,
"REACTOME_PIWI_INTERACTING_RNA_PIRNA_BIOGENESIS",22,-0.6531745695501541,-1.969657146265356,1.789153989436521e-4,0.0010598048768028355,"POLR2I;POLR2L;POLR2F;POLR2G;POLR2H;POLR2E;POLR2J;PLD6;PIWIL1",-2.027521689357768,0.0010073664830659447,TRUE,
"REACTOME_METABOLISM_OF_VITAMINS_AND_COFACTORS",175,-0.389532262836238,-1.678447896763753,1.9284556938062197e-4,0.0011361119413510555,"COQ4;VKORC1;NUDT8;MTHFS;GCHFR;NAPRT;NAXE;FPGS;PRSS3;GSTO1;PPCDC;MMAB;SHMT2;COQ9;SPR;CD320;VNN2;COQ5;COQ6;CYB5A;FLAD1;APOE;NNMT;PANK4;PTS;ACP5;PARP10;COQ8B;PCCB;AKT1;AMN;MMACHC;THTPA;PDZD11;PDSS1;SLC25A19;BST1;CYB5R3;SHMT1;COQ3;COQ8A;RBP4;VNN1;PDXK;SLC52A2;FOLR2;PNPO;SLC19A1;RBP2;MOCOS;MTHFD2;ABCD4;COASY;GCH1;SLC25A51;APOM;COQ7;RDH11;COQ2;NADSYN1;CALM1;LRP10;BCO1;PARP9;PPCS;DCAKD;TPK1",-1.7588254560628378,8.344328722036367e-5,TRUE,
"REACTOME_AUTOPHAGY",145,-0.404752834323398,-1.704062545624481,1.9465773610537142e-4,0.0011405891131795816,"UBA52;LAMTOR5;MLST8;ATG101;UBB;TOMM5;DYNLL1;LAMTOR4;LAMTOR1;TUBB4B;CSNK2B;VPS28;LAMTOR2;PARK7;TOMM22;ATG4D;TUBA1B;PGAM5;TOMM7;TUBA4A;PRKAG1;WDR45;CHMP2A;CHMP6;MVB12A;VPS37B;GABARAP;TOMM40;HBB;ATG4B;TUBA1C;UBC;ATG3;EEF1A1;TUBB3;RNASE1;RRAGC;HSF1;MTMR14;RPS27A;HSPA8;TUBA1A;TUBB6;GABARAPL2;WIPI2;VCP;UBE2L3;UBE2D2;ATG7;RRAGA;PLIN3;VPS37D;VDAC3",-1.6447467143201842,0.002416734783862077,TRUE,
"REACTOME_PCNA_DEPENDENT_LONG_PATCH_BASE_EXCISION_REPAIR",21,-0.6625267958151503,-1.974964225093854,1.9761824404544045e-4,0.0011517106265874057,"POLD2;RFC2;FEN1;PCNA;APEX1;POLD1;RPA1;RPA3;RFC5;POLE4;POLD4;RPA2;POLE3;LIG1;RFC4;POLB;POLE2",-1.9859118046582176,0.0010934667828646134,TRUE,
"REACTOME_INSULIN_RECEPTOR_SIGNALLING_CASCADE",39,0.5097478447924637,2.0483915984420515,2.0022553841732714e-4,0.001160665687937875,"GAB1;SOS1;PIK3CB;PDE3B;PDPK1;PIK3R4;PTPN11;PIK3CA;PIK3R1;KL;NRAS;GAB2;FRS2;MAPK1;FGF10;FGFR3;FGF19",1.959349261111496,0.0026960819887113345,TRUE,
"REACTOME_RND3_GTPASE_CYCLE",40,0.5049607752685632,2.032794268744968,2.1185306114926064e-4,0.0012215357355627582,"ANKRD26;ARHGAP21;DSP;DST;RASAL2;ARHGAP5;LEMD3;KTN1;ROCK1;PIK3R1;ARHGAP35;CPD;TMOD3;VANGL1;PICALM",2.0863019329321086,4.9075695619893e-4,TRUE,
"REACTOME_RHOQ_GTPASE_CYCLE",58,0.4373638134422584,1.9454862502992418,2.1617791062625733e-4,0.0012398775403114441,"ARHGAP21;OPHN1;ARHGAP5;CDC42BPA;PAK2;ARHGAP35;IQGAP1;GOPC;SLC4A7;ITSN1;WASL;ARHGEF7;ARHGAP26;CFTR;VANGL1;CDC42BPB;DLC1;ARHGEF9;MPP7;ARHGAP32",1.8713700294449995,0.0037338951497471184,TRUE,
"REACTOME_BASE_EXCISION_REPAIR",64,-0.4888254100809347,-1.8498028053045668,2.2907962078430453e-4,0.00130695952068519,"ADPRS;H2AC20;MPG;NTHL1;H2AX;POLD2;SMUG1;RFC2;ACD;FEN1;PCNA;APEX1;POLD1;H4C5;RPA1;PNKP;H2AZ2;RPA3;RFC5;POLE4;POLD4;TINF2;RPA2;PARP2;POLE3;LIG1;XRCC1;RFC4;H2AJ",-1.9633893138183978,4.6155961292553075e-4,TRUE,
"REACTOME_IRON_UPTAKE_AND_TRANSPORT",51,-0.5255234273530933,-1.9013860450573818,2.4088160917345628e-4,0.0013670977190786734,"NEDD8;ATP6V0B;UBA52;UBB;ATP6V1F;HMOX2;FTH1;ATP6V0E1;MCOLN1;CP;ATP6V0D1;TCIRG1;ATP6V1E1;UBC;GLRX3;RPS27A;ATP6AP1;LCN2;TFR2",-1.9890554016852933,3.0218389698472546e-4,TRUE,
"REACTOME_PI_METABOLISM",79,0.3999273394458484,1.88923835879443,2.4955905167252596e-4,0.0014089688125678028,"SBF2;PIKFYVE;PIK3C2A;PIK3CB;OCRL;PLEKHA5;PIK3R4;PLEKHA8;PIK3CA;INPP5F;MTM1;PIK3R1;INPP4B;PIK3C2B;SYNJ1;RAB5A;MTMR10;PLEKHA1;PLEKHA2;TNFAIP8L3;SYNJ2;PLEKHA6",1.8992736137428343,8.735510425285465e-4,TRUE,
"REACTOME_GASTRULATION",91,-0.4432627107447422,-1.7688394174742028,2.7107088179040403e-4,0.001522491377517088,"PSMA6;PSMB6;PSMB4;PSMB3;PSMC3;PSMB5;PSMB1;PSMB7;PSMD8;PSMD13;PSMC5;PSMA5;PSMC4;PSMA1;PSMB2;ADRM1;PSMC2;CLDN7;PSMD2;PSMD14;PSMA7;TEAD4;PSMA3;TFAP2A;MESP2;PSMD3;PSMA4;CXCR4;SEM1;PSMD7",-1.6851588891248823,0.0047886397134602535,TRUE,
"REACTOME_SARS_COV_INFECTIONS",433,-0.31314551856876327,-1.441066978158827,2.744035974635799e-4,0.0015332654621160857,"UBA52;FAU;TMEM258;AP2S1;RPS5;SEC13;RPN1;UBB;PRMT1;RPS14;TUFM;OST4;RPS15;RBX1;RPS16;PPIB;SNRPD2;RPS21;PYCARD;RPS10;RPS2;RPS8;FNTB;GEMIN7;SNRPF;RPS15A;RPS3;RPS9;SAP30;RPS11;RPS18;RPS28;RPS13;RPS23;ISG15;SNRPB;HMG20B;KEAP1;SIGMAR1;DDOST;BRMS1;RPS29;SNRPD1;AAAS;RPSA;IRF7;HLA-G;COMT;TUBB;MGAT1;SFN;NFKBIA;PPIH;IFNAR2;AP2M1;RPS19;HLA-C;DAD1;MAN1B1;CHMP2A;BST2;PCBP2;RPS6;UBE2I;HLA-F;CHMP6;PTPN6;ST6GALNAC4;IL17RC;HLA-A;YWHAH;MGAT2;YWHAE;PPIA;CTSL;RPS26;PARP10;RPS12;IRF3;HLA-E;AKT1;SNRPG;CRB3;PDCD1;FKBP4;VPS33B;MBD3;RPS3A;UBC;RPS4X;CNBP;EEF1A1;OSTC;IMPDH2;GEMIN4;MTA2;HLA-B;SNRPE;IFNGR2;STING1;VPS18;NUP37;GEMIN2;ISCU;EDEM2;RPS27A;NMI;TYK2;MTA1;TAB1;AP2A2;VCP;SAR1B;VPS16;NUP62;B2M;NUP85;PRKCSH;ANO8;GEMIN8;CHD4;CASP1;GSK3A;TKFC;FUT8;SEH1L;AKT2;NUP93;RIPK2;IKBKE;SAP18;RPS17;AP2A1",-1.4778318209033403,6.104275945298146e-4,TRUE,
"REACTOME_SUMOYLATION",175,0.302135156897897,1.6158962597526623,2.764844234960926e-4,0.0015369698208705866,"SMC6;PPARA;NCOA2;TOP2B;POM121;NUP153;SP3;SMC5;NRIP1;EP300;RANBP2;PHC3;TPR;TP53BP1;SATB1;STAG2;RORA;HERC2;STAG1;WRN;SATB2;NCOA1;SMC3;DNMT3A;TOP1;NUP98;CASP8AP2;DDX17;SUZ12;EIF2AK2;NUP205;HDAC4;SENP2;NUP58;THRB;TOP2A;HIPK2;NOP58;CREBBP;PGR;MDC1;PPARG;BRCA1;CBX5;POM121C;TOPORS;AR;NUP133;PIAS1;XPC;NR1I2",1.6451699094602226,4.201672771729868e-4,TRUE,
"REACTOME_MATURATION_OF_TCA_ENZYMES_AND_REGULATION_OF_TCA_CYCLE",20,-0.6596808679340392,-1.9500811599610868,2.8673608998055084e-4,0.0015858261303005976,"SDHA;SDHAF2;CSKMT;SDHAF1;SDHB;LYRM4;ISCA2;IDH2;ISCU;SIRT3;SDHAF3;ACAT1;ACO2;CS;SDHC;FXN;SDHAF4",-2.040676580612339,4.971433105044076e-4,TRUE,
"REACTOME_DENGUE_VIRUS_HOST_INTERACTIONS",243,-0.3526336550425991,-1.558074041040005,2.9440159111128965e-4,0.001619955963272274,"POLR2I;POLR2L;SF3B5;PHF5A;MLST8;POLR2F;POLR2G;SRSF9;TXNL4A;DYNLT1;PCBP1;RPL18;H2AC25;SNRPD2;H2AC20;SNRPF;PUF60;ALYREF;SNRPB;SUGP1;POLR2H;EIF4A3;SNRNP40;PQBP1;AUP1;SNRPD1;XAB2;POLR2E;PPIE;CPSF4;NFKBIA;SKIC8;SRSF7;POLR2J;PCBP2;UBE2I;YBX1;NFKBIB;PAF1;PML;C1QA;PRR5;U2AF1L4;SNRPG;SF3A2;DNAJC8;PRPF19;HNRNPF;DAXX;H4C5;PPIL1;SF3B4;SNRPE;GTF2F1;STING1;CLP1;ELAVL1;GRPEL1;RNPS1;RBM10;BUD31;GPKOW;SF3A3;SNRPN;POLR2C;HSPA8",-1.4977489791058403,0.004318247001806119,TRUE,
"REACTOME_PD_L1_CD274_GLYCOSYLATION_AND_TRANSLOCATION_TO_PLASMA_MEMBRANE",21,-0.6553236278280552,-1.9534918874137592,3.1368696241492036e-4,0.0017173569053422913,"UBA52;TMEM258;RPN1;UBB;OST4;MIB2;DDOST;CD274;DAD1;PDCD1;UBC;OSTC",-1.9801288276217628,0.0011538156753755611,TRUE,
"REACTOME_SIGNALING_BY_FGFR1_IN_DISEASE",31,0.531023703079091,2.0039068049660345,0.00032074803675891767,0.00174719031078727,"GAB1;ZMYM2;SOS1;CNTRL;PIK3CA;STAT5B;PIK3R1;TRIM24;LRRFIP1;NRAS;GAB2;FRS2;ERLIN2;CUX1;MYO18A;KRAS;PLCG1",2.0181083114087994,0.0026960819887113345,TRUE,
"REACTOME_M_PHASE",357,-0.3277521102824351,-1.4886313940949136,3.2399678713796674e-4,0.0017560625862877797,"PSMA6;PSMB6;PSMB4;PMF1;UBA52;PSMB3;CENPM;B9D2;PSMC3;CTDNEP1;ANAPC11;SEC13;PSMB5;ANAPC15;DCTN3;UBB;SSNA1;MZT2B;PSMB1;DYNLL1;AURKB;DCTN2;PSMB7;PSMD8;PSMD13;TUBB4B;NCAPH2;H2AC20;PSMC5;RAN;CSNK2B;H2AX;PSMA5;CDC20;PSMC4;PSMA1;PLK1;PSMB2;TUBA1B;AAAS;PPP2R2D;TUBB;SPC24;HAUS8;MZT2A;TUBA4A;ADRM1;TUBG1;BANF1;ANAPC5;CHMP2A;LMNA;PSMC2;UBE2I;CHMP6;RAB1B;ANAPC2;NUDC;PSMD2;YWHAE;PSMD14;PPP2R1A;PSMA7;RANGAP1;BUB3;HAUS4;BIRC5;RCC1;ANAPC7;CDCA8;TUBGCP2;CCNB1;PSMA3;UBE2S;TUBA1C;CENPT;UBC;CCNB2;ACTR1A;H4C5;PTTG1;MAPK3;VPS4A",-1.4802302993693859,0.0021104096782610816,TRUE,
"REACTOME_RRNA_MODIFICATION_IN_THE_NUCLEUS_AND_CYTOSOL",59,-0.49300712441588124,-1.8387583422756757,3.448104448983542e-4,0.0018595747376607757,"RPS14;SNU13;IMP3;TSR3;RPS2;NOP10;EMG1;RPS9;TRMT112;IMP4;DDX49;TBL3;NHP2;FBL;RRP7A;RPS6;RRP9;RRP36;NOC4L",-1.8051330572675381,0.0025387930464054673,TRUE,
"REACTOME_TRANSLESION_SYNTHESIS_BY_POLH",19,-0.6704829302384634,-1.9530834947051128,3.49828772066233e-4,0.0018772989550484979,"UBA52;UFD1;UBB;RFC2;PCNA;UBC;RPA1;RPA3;RFC5;RPS27A;RPA2;VCP;RCHY1;RFC4;NPLOC4",-1.9629000218057573,0.0017325997181116017,TRUE,
"REACTOME_RESOLUTION_OF_ABASIC_SITES_AP_SITES",38,-0.5603068183488362,-1.907722544131513,3.565144014902998e-4,0.0019037517793866257,"ADPRS;MPG;NTHL1;POLD2;SMUG1;RFC2;FEN1;PCNA;APEX1;POLD1;RPA1;PNKP;RPA3;RFC5;POLE4;POLD4;RPA2;PARP2;POLE3;LIG1;XRCC1;RFC4;POLB;POLE2;UNG",-1.9869091715700093,5.798242888261964e-4,TRUE,
"REACTOME_CHEMOKINE_RECEPTORS_BIND_CHEMOKINES",45,-0.5321752278652307,-1.8706750006210264,3.5847532382431277e-4,0.0019048394658115443,"CCL3;CCL3L3;CCL4;CXCL10;CX3CL1;CXCL8;CCL5;CXCL11;CXCL9;CXCR3;CXCL13;CXCL16;CXCL1;CXCL3;CXCR4;CXCR6;CCR10;CXCL2;CXCL5;CXCR1;CCL2;CCR5",-1.7102362806970208,0.012600450662266272,TRUE,
"REACTOME_BIOSYNTHESIS_OF_THE_N_GLYCAN_PRECURSOR_DOLICHOL_LIPID_LINKED_OLIGOSACCHARIDE_LLO_AND_TRANSFER_TO_A_NASCENT_PROTEIN",75,-0.47608571008100387,-1.8346095290366164,3.823050017623956e-4,0.0020215542532216434,"DPM3;GFUS;MPDU1;DPM2;AMDHD2;GMPPB;GMPPA;NUDT14;NANS;NAGK;ALG12;PMM1;ALG3;ST6GALNAC4;ALG1;DOLK;FUOM;MPI;MVD;RENBP;SLC35C1;ALG14;DHRSX;SRD5A3;SLC35A1;RFT1;NEU1;GMDS;ALG5;HK1;UAP1;ALG2;CTSA;FCSK;ST6GALNAC2;DOLPP1;DPAGT1;GFPT2",-1.9011133699742702,3.4023007436573407e-4,TRUE,
"REACTOME_DNA_DAMAGE_RECOGNITION_IN_GG_NER",38,-0.5577265167304722,-1.8989371797439834,3.8768476177069086e-4,0.0020400499114535385,"UBA52;UBB;RBX1;ACTB;COPS3;COPS6;MCRS1;GPS1;COPS7A;INO80E;INO80C;UBC;RUVBL1;TFPT;COPS4;DDB2;RPS27A;PARP2;COPS5;RAD23A;ACTL6A;INO80B;COPS7B",-1.9816004936717373,6.266526156385373e-4,TRUE,
"REACTOME_TRANSLESION_SYNTHESIS_BY_Y_FAMILY_DNA_POLYMERASES_BYPASSES_LESIONS_ON_DNA_TEMPLATE",39,-0.5441046524296063,-1.8700456849387492,3.9494147817885025e-4,0.0020681959533617087,"UBA52;UFD1;MAD2L2;UBB;UBE2L6;ISG15;POLD2;RFC2;PCNA;POLD1;UBC;RPA1;RPA3;RFC5;POLE4;POLD4;RPS27A;RPA2;UBA7;VCP;POLE3;USP43;RCHY1;RFC4;PCLAF;NPLOC4",-1.9115032151809062,0.0017165830948422975,TRUE,
"REACTOME_DNA_STRAND_ELONGATION",32,-0.5860789427454118,-1.9239423511331737,4.795536095804922e-4,0.0024992120806983345,"MCM5;POLA2;CDC45;POLD2;RFC2;MCM7;FEN1;PCNA;POLD1;RPA1;RPA3;GINS2;MCM2;RFC5;POLD4;GINS3;RPA2;LIG1;MCM3;RFC4",-1.887817660224731,0.002845485034015071,TRUE,
"REACTOME_CELL_JUNCTION_ORGANIZATION",242,-0.3473152711594382,-1.5340954847051866,4.933444094474072e-4,0.0025587815303396624,"PSMA6;PSMB6;PSMB4;UBA52;PSMB3;TMEM258;PSMC3;RPN1;PSMB5;UBB;PSMB1;OST4;PSMB7;PSMD8;PSMD13;H2AC20;RACK1;PARD6A;PSMC5;CSNK2B;ACTB;H2AX;PSMA5;PKM;PSMC4;PSMA1;DDOST;PSMB2;CD151;ANG;CTBP1;ADRM1;BANP;ACTA1;DAD1;CLDN3;PSMC2;CLDN7;PSMD2;CTSL;PSMD14;PSMA7;ACTG1;NECTIN2;PSMA3;CRB3;TFAP2A;UBC;EED;OSTC;H4C5;MAPK3;POMT1;SEC11C;PSMD3;H2AZ2;SPCS1;PSMA4;MCRIP1;ANGPTL4;SPCS2;TESK1;SEM1",-1.4442783742782854,0.010772608173464749,TRUE,
"REACTOME_PROTEIN_FOLDING",82,-0.4528186788705401,-1.7856062127747185,5.066669654131151e-4,0.0026153666214657947,"FBXO6;WRAP53;TUBB4B;GNG5;CSNK2B;ACTB;FBXW9;SPHK1;FBXW5;GNB2;ARL2;TUBA1B;PFDN2;TUBA4A;TBCB;HDAC3;CCT2;CCT7;TUBA1C;PFDN6;GNA15;CCT3;CCT5;TBCD;TUBB3;GNGT2;NOP56;KIFC3;TBCC;GNB5;TUBA1A;FBXW4;TUBB6;TP53;PFDN1;GBA1;SKIC2;GNB1;FBXO4;CCT4;GNB3",-1.727827038426829,0.003318355801280962,TRUE,
"REACTOME_GAP_FILLING_DNA_REPAIR_SYNTHESIS_AND_LIGATION_IN_GG_NER",25,-0.6169958699569501,-1.9015709391929032,5.133638269803343e-4,0.002637376248562476,"UBA52;UBB;POLD2;RFC2;PCNA;POLD1;UBC;RPA1;RPA3;RFC5;POLE4;POLD4;RPS27A;RPA2;POLE3;LIG1;XRCC1;RFC4",-1.8549219587002819,0.0050095101224493345,TRUE,
"REACTOME_SYNTHESIS_OF_SUBSTRATES_IN_N_GLYCAN_BIOSYTHESIS",60,-0.49849866055004566,-1.866682382659459,5.180734369082518e-4,0.0026375809552277602,"DPM3;GFUS;DPM2;AMDHD2;GMPPB;GMPPA;NUDT14;NANS;NAGK;PMM1;ST6GALNAC4;DOLK;FUOM;MPI;MVD;RENBP;SLC35C1;DHRSX;SRD5A3;SLC35A1;NEU1;GMDS;ALG5;HK1;UAP1;CTSA;FCSK;ST6GALNAC2;DOLPP1",-1.9349750580535403,5.092751034472671e-4,TRUE,
"REACTOME_RNA_POLYMERASE_III_CHAIN_ELONGATION",18,-0.6670741641642375,-1.897696497150202,5.187898140007143e-4,0.0026375809552277602,"POLR2L;POLR3K;POLR2F;POLR1C;POLR2H;POLR2E;POLR3H",-1.951399402301141,0.0020041079353708764,TRUE,
"REACTOME_PKR_MEDIATED_SIGNALING",67,-0.4756380356180752,-1.8028675022006204,5.207032513088013e-4,0.0026375809552277602,"CENPX;UBE2L6;TUBB4B;TARBP2;FANCG;SPHK1;ISG15;TUBA1B;FAAP20;TUBA4A;DUS2;UBE2I;PPP2R1A;ILF2;TUBA1C;FAAP100;FANCE;TUBB3;HSPA2;HSPA8;TUBA1A;TUBB6;TP53;CENPS;PPP2CA",-1.6396248721317674,0.017175576925506947,TRUE,
"REACTOME_POST_CHAPERONIN_TUBULIN_FOLDING_PATHWAY",16,-0.6907482836248954,-1.919051361559633,5.292137206189668e-4,0.0026682217355858606,"TUBB4B;ARL2;TUBA1B;TUBA4A;TBCB;TUBA1C;TBCD;TUBB3;TBCC;TUBA1A;TUBB6",-1.7715655171662017,0.01241352974174341,TRUE,
"REACTOME_DISORDERS_OF_TRANSMEMBRANE_TRANSPORTERS",133,-0.39360905079542685,-1.6456007001330153,5.488592364924385e-4,0.0027544602423972375,"PSMA6;PSMB6;PSMB4;UBA52;PSMB3;PSMC3;SEC13;PSMB5;UBB;PSMB1;PSMB7;PSMD8;PSMD13;PSMC5;PSMA5;CP;PSMC4;PSMA1;PSMB2;AAAS;ADRM1;BSG;PSMC2;PSMD2;ABCB6;PSMD14;PSMA7;PSMA3;UBC;SLC27A4;ABCG5;ABCD1;PSMD3;DERL2;SLC35C1;PSMA4;NUP37;SEM1;PSMD7;RPS27A;VCP;SLC67A1;NUP62;SLC35A1;NUP85;ABCD4;RNF5;ABCA12;SLC1A3;SEH1L;SLC39A4;NUP93;HK1;SLC7A7;NUP188;PSMD6;SLC35A2;SLC5A2;PSMC6;PSMC1;ABCG8",-1.6120415763349543,0.005499733052699304,TRUE,
"REACTOME_GAP_JUNCTION_ASSEMBLY",21,-0.6420246912119103,-1.9138483224823795,5.518441210236914e-4,0.00275667754465291,"TUBB4B;TUBA1B;TUBA4A;GJB5;TUBA1C;GJD3;TUBB3;TUBA1A;GJB4;TUBB6;GJB2;GJB3;GJA4;GJB1",-1.6365083511749527,0.045060391306744225,TRUE,
"REACTOME_CHROMOSOME_MAINTENANCE",111,-0.42042523379195673,-1.721776934377724,5.659493846421864e-4,0.0028141703346427987,"POLR2I;POLR2L;CENPM;POLR2F;POLR2G;CENPX;WRAP53;RUVBL2;POLA2;H2AC20;NOP10;H2AX;POLR2H;POLD2;POLR2E;NHP2;CENPW;RFC2;ACD;POLR2J;CHTF18;FEN1;PCNA;CENPT;POLD1;RUVBL1;CHTF8;DAXX;H4C5;RPA1;H2AZ2;RPA3;PIF1;RFC5;POLD4;POLR2C;TINF2;RPA2;OIP5;CENPS;LIG1;GAR1;CENPN",-1.772159822981021,0.0010085655082470982,TRUE,
"REACTOME_RAC3_GTPASE_CYCLE",88,0.36302017077114956,1.7514832310034623,6.103803583971611e-4,0.0030212434178197383,"TRIO;ARHGAP21;OPHN1;NCKAP1;ERBIN;OCRL;ARHGAP5;LEMD3;PAK2;GARRE1;ABI2;PIK3R1;ARHGAP35;LBR;ABL2;ARHGAP42;ITGB1;ARHGAP26;DSG2;VANGL1;NHS;ARAP2;SWAP70;RAPGEF1;MPP7;ARHGAP32;TAOK3",1.8463541435966857,0.0010764828256967578,TRUE,
"REACTOME_ABORTIVE_ELONGATION_OF_HIV_1_TRANSCRIPT_IN_THE_ABSENCE_OF_TAT",22,-0.6268720442342551,-1.890341509422719,6.28371198920582e-4,0.0030961562710450498,"POLR2I;POLR2L;POLR2F;POLR2G;NELFE;POLR2H;POLR2E;NELFB;POLR2J;NELFA;GTF2F1;POLR2C;CTDP1",-1.880575355458814,0.005903682539407053,TRUE,
"REACTOME_SIGNALING_BY_PDGFR_IN_DISEASE",19,0.6115398524275212,1.9911527067029886,6.42445971071999e-4,0.0031511829531314342,"STRN;SOS1;GOLGA4;PIK3CB;PIK3CA;KDR;PIK3R1;WDR48;PDGFRA;NRAS",1.8941464713860803,0.011028314779581988,TRUE,
"REACTOME_PROTEIN_HYDROXYLATION",18,-0.6598159119719436,-1.8770481787162148,6.902871596869239e-4,0.003363317322286068,"RPL8;JMJD4;DRG1;RPS23;DRG2;RPS6;RPL27A;KDM8;JMJD6;RCCD1;U2AF2;RIOX1",-1.9325142351151912,0.0024325877162941134,TRUE,
"REACTOME_HSF1_ACTIVATION",27,-0.6036782071984204,-1.8900969525980889,6.919001502488866e-4,0.003363317322286068,"UBB;HSBP1;DEDD2;MRPL18;HSPB1;HSPA6;YWHAE;SERPINH1;FKBP4;EEF1A1;RPA1;RPA3;HSF1;DNAJB1;RPA2;VCP",-1.9671079740841149,0.001486754848525563,TRUE,
"REACTOME_HIV_ELONGATION_ARREST_AND_RECOVERY",31,-0.5871201161938031,-1.9110798175684764,7.064385714881685e-4,0.003418658087023101,"POLR2I;POLR2L;POLR2F;POLR2G;ELOB;NELFE;POLR2H;POLR2E;NELFB;CDK9;POLR2J;ELOC;NELFA;GTF2F1;POLR2C;CTDP1;SSRP1",-1.9082051671753921,0.003152828431603759,TRUE,
"REACTOME_FORMATION_OF_THE_EARLY_ELONGATION_COMPLEX",31,-0.5839694084983225,-1.9008242434162477,7.383676660859813e-4,0.003557291333498683,"POLR2I;POLR2L;POLR2F;POLR2G;NELFE;POLR2H;POLR2E;NELFB;POLR2J;ERCC2;NELFA;GTF2F1;POLR2C;GTF2H5;CTDP1",-1.8796905335280003,0.00459463232249004,TRUE,
"REACTOME_GLUCONEOGENESIS",19,-0.6506173131132694,-1.8952159380984914,8.078938380282498e-4,0.003875030621339039,"ALDOA;GAPDH;TPI1;ENO1;ALDOC;ENO2;G6PC3;GPI;PGAM1;PGK1;PCK2;SLC37A4;FBP1;ENO3",-1.9324200041880224,0.00261456033057672,TRUE,
"REACTOME_IMMUNOREGULATORY_INTERACTIONS_BETWEEN_A_LYMPHOID_AND_A_NON_LYMPHOID_CELL",147,-0.3839817890922655,-1.6191115180266626,8.326819043610063e-4,0.003976331208490444,"HCST;TYROBP;HLA-G;CD3D;HLA-C;CD81;CLEC2B;HLA-F;IFITM1;CD300A;HLA-A;NECTIN2;MICB;MICA;HLA-E;ICAM1;CD8A;CD247;TREM2;CD300LF;FCGR1A;KLRD1;CD300C;ICAM5;HLA-B;OSCAR;CRTAM;LILRA5;FCGR3A;ULBP3;ITGB2;FCGR2B;LILRB4;CD3E;LAIR2;TREM1;PILRA;NPDC1;ICAM2;B2M;LILRB3;SIGLEC12;CD40;LILRA2;SIGLEC7;ITGB7;SIGLEC9;LAIR1;CD200;SH2D1A;CD99;LILRB2",-1.4383895184782178,0.0381244646592223,TRUE,
"REACTOME_RHOD_GTPASE_CYCLE",49,0.4395063037011133,1.8735189767117852,8.62639146641031e-4,0.004101319451574025,"ARHGAP21;DIAPH2;ARHGAP5;LEMD3;PIK3R1;ARHGAP35;ADD3;SLC4A7;LBR;ARHGAP26;ARHGAP12;FILIP1;VANGL1;AKAP12;ARHGAP32;MOSPD2;TOR1AIP1;VAPB;DIAPH1",1.7557215669138895,0.010323519931761643,TRUE,
"REACTOME_RESOLUTION_OF_AP_SITES_VIA_THE_MULTIPLE_NUCLEOTIDE_PATCH_REPLACEMENT_PATHWAY",25,-0.6067613091562241,-1.8700281941897292,8.966061335754158e-4,0.004244196719632099,"ADPRS;POLD2;RFC2;FEN1;PCNA;APEX1;POLD1;RPA1;RPA3;RFC5;POLE4;POLD4;RPA2;PARP2;POLE3;LIG1;RFC4;POLB;POLE2",-1.892417928589116,0.0030556179630519863,TRUE,
"REACTOME_METABOLISM_OF_COFACTORS",25,-0.6063186056401225,-1.868663789366475,9.130571649131718e-4,0.004303278116373384,"COQ4;GCHFR;COQ9;SPR;COQ5;COQ6;PTS;COQ8B;AKT1;PDSS1;COQ3;COQ8A;GCH1;COQ7;COQ2;CALM1",-2.031066841627634,3.168346996785731e-4,TRUE,
"REACTOME_INSERTION_OF_TAIL_ANCHORED_PROTEINS_INTO_THE_ENDOPLASMIC_RETICULUM_MEMBRANE",21,-0.6316877644596798,-1.8830343830884975,9.240565432483544e-4,0.004336265337148122,"GET3;STX5;UBE2J2;SEC61B;CYB5A;SGTA;SEC61G;UBL4A;SERP1;GET4;EMD;HMOX1",-2.0069610172797505,7.37901125057319e-4,TRUE,
"REACTOME_LYSOSOME_VESICLE_BIOGENESIS",32,-0.5742741386545609,-1.8851902976455872,9.45128613744408e-4,0.004416031971116114,"BLOC1S1;ARF1;TXNDC5;CLTA;VAMP8;DNASE2;CLTB;CHMP2A;AP1S1;CTSZ;AP1M2;AP1B1;AP1M1;AP1G2;AP4M1;HSPA8;ARRB1",-1.796975059959756,0.007644093453846755,TRUE,
"REACTOME_EPIGENETIC_REGULATION_OF_GENE_EXPRESSION",276,0.2517957541632686,1.3872565226502844,9.70320382127795e-4,0.0045142802327318874,"KMT2C;NCOA3;BOD1L1;TET3;MED13;NCOA2;NCOA6;PHF20;GSK3B;MED23;SMARCC1;MED1;MPHOSPH8;KMT2A;TASOR;BAZ1B;SF3B1;KMT2D;ARID4B;EP300;PHF20L1;MED14;ZNF33A;POLR1A;NCOA1;YEATS2;ERCC6;DNMT3A;H3-3A;JARID2;TET2;EZH1;SMARCA2;KDM6A;ARID1B;SUZ12;ATF7IP;BAZ2A;TAF1B;DDX21;KANSL1;ARID1A;NCOR1;MTREX;ABL1;OGT;MTF2;SMARCA5;CREBBP;PLIN4;GPAM;PPARG;TET1;ZNF708;CBX5;KAT2B;ZNF224;ZZZ3;PLIN1;MGLL;ZNF141;TTF1;SUDS3;SAP30L;POLR1B;ZNF382;H4C16;PDK4;RBBP5;ZNF317;PPARGC1B",1.3358739116697973,0.015026353598878196,TRUE,
"REACTOME_RHOU_GTPASE_CYCLE",38,0.47061182223241127,1.8899744736468815,0.001024021962773603,0.00472981339873519,"ITSN2;DST;PEAK1;PAK2;PIK3R1;IQGAP1;MYO6;USP9X;ARHGEF7;CLTC;VANGL1;RHOU;SPTBN1;SPTAN1",1.9955837666611218,0.0022335474591326644,TRUE,
"REACTOME_FORMATION_OF_TUBULIN_FOLDING_INTERMEDIATES_BY_CCT_TRIC",19,-0.6451761880383242,-1.8793662108388847,0.0010253746759250643,0.00472981339873519,"TUBB4B;TUBA1B;TUBA4A;CCT2;CCT7;TUBA1C;CCT3;CCT5;TUBB3;TUBA1A;TUBB6;CCT4;TUBB2A;TCP1;CCT8;CCT6B",-1.7993441908540109,0.012414917344619854,TRUE,
"REACTOME_DUAL_INCISION_IN_GG_NER",40,-0.5172982499799739,-1.7972846645744243,0.0011392302665951186,0.005232735631309782,"UBA52;UBB;RBX1;POLD2;RFC2;PCNA;ERCC2;POLD1;UBC;ERCC1;RPA1;RPA3;RFC5;POLE4;DDB2;POLD4;RPS27A;GTF2H5;RPA2;PARP2;POLE3",-1.8259360441105472,0.0029630254493612633,TRUE,
"REACTOME_FGFR1_MUTANT_RECEPTOR_ACTIVATION",24,0.5597345390793831,1.9423948648668152,0.0012412722291292,0.005677380153485455,"ZMYM2;CNTRL;PIK3CA;STAT5B;PIK3R1;TRIM24;LRRFIP1;GAB2;ERLIN2;CUX1",2.036016533231347,0.0025387930464054673,TRUE,
"REACTOME_GENE_AND_PROTEIN_EXPRESSION_BY_JAK_STAT_SIGNALING_AFTER_INTERLEUKIN_12_STIMULATION",32,-0.5663057030776935,-1.8590320285789725,0.00130442665339941,0.005941170135651094,"SOD1;ARF1;BOLA2B;PSME2;RPLP0;AIP;GSTO1;TALDO1;CFL1;PPIA;ANXA2;HNRNPF",-1.8375832830238066,0.004509111718404906,TRUE,
"REACTOME_RAC2_GTPASE_CYCLE",85,0.35239577551662993,1.6669482130133328,0.0013321032139748717,0.006041840518614062,"TRIO;ARHGAP21;OPHN1;NCKAP1;ERBIN;LEMD3;PIK3CA;PAK2;GARRE1;ABI2;PIK3R1;ARHGAP35;DOCK1;IQGAP1;LBR;ARHGAP42;ITGB1;ARHGAP26;DSG2;ARMCX3;VANGL1;NHS;SWAP70;MPP7;ARHGAP32;TAOK3;VAV3;WASF2;VAPB",1.7604345083431017,0.0020274944170507675,TRUE,
"REACTOME_TGFBR3_EXPRESSION",21,0.5716934748790976,1.9031079291175705,0.0013706601759800245,0.006190815128176444,"EP300;TNRC6A;SP1;AGO2;AGO4;TNRC6C;TCF4;AGO3;TCF12",1.9291549140855375,0.009738099168021023,TRUE,
"REACTOME_ROS_AND_RNS_PRODUCTION_IN_PHAGOCYTES",28,-0.5807262222139534,-1.83589208517132,0.0014064464958020862,0.006326091292321417,"ATP6V0B;ATP6V1F;CYBA;ATP6V0E1;ATP6V0D1;RAC2;TCIRG1;ATP6V1E1;SLC11A1;NCF1;NCF4;NCF2",-1.766271436368981,0.015457546606270682,TRUE,
"REACTOME_NITRIC_OXIDE_STIMULATES_GUANYLATE_CYCLASE",20,0.5707290346499894,1.86660594081755,0.0014148740805975247,0.006337700427139326,"ITPR1;GUCY1A2;IRAG1;PRKG1;KCNMB3;PDE11A;PRKG2;GUCY1A1;PDE5A;PDE2A;KCNMA1;PDE1A",2.014596597147073,0.0018477930254364632,TRUE,
"REACTOME_G_ALPHA_12_13_SIGNALLING_EVENTS",70,0.36406328443051483,1.6671339986986178,0.001475813116532748,0.006561479004874581,"ROCK2;TRIO;ARHGEF12;SOS1;SOS2;AKAP13;ROCK1;ARHGEF11;ITSN1;ARHGEF7;ARHGEF38;ARHGEF10;GNG12;KALRN;FGD4;ARHGEF5;NET1;ARHGEF9;GNA13",1.6140194999005544,0.011531729966457549,TRUE,
"REACTOME_NRAGE_SIGNALS_DEATH_THROUGH_JNK",56,0.4097948891550133,1.790657601251213,0.0014769380785880054,0.006561479004874581,"TRIO;ARHGEF12;SOS1;SOS2;AKAP13;ARHGEF11;ITSN1;ARHGEF7;ARHGEF38;ARHGEF10;KALRN;FGD4;ARHGEF5;NET1;ARHGEF9;GNA13;VAV3;PLEKHG2;FGD1;NGFR;ARHGEF35;MCF2L",1.8518621823425214,0.004416531602018922,TRUE,
"REACTOME_CIRCADIAN_CLOCK",108,-0.4011271821287063,-1.636413677018573,0.0015534330398497699,0.006873148633457757,"PSMA6;PSMB6;PSMB4;UBA52;PSMB3;PSMC3;PSMB5;UBB;PSMB1;PPP1CA;RBX1;PSMB7;PSMD8;PSMD13;PSMC5;CSNK2B;PSMA5;PSMC4;PSMA1;PSMB2;ADRM1;CDK5;PSMC2;HDAC3;PSMD2;SREBF1;PSMD14;PSMA7;PSMA3;UBC;BMAL2;PSMD3;PSMA4;SEM1;PSMD7;RPS27A;SMARCD3;DBP",-1.6328998821679832,0.006828330371193007,TRUE,
"REACTOME_RND1_GTPASE_CYCLE",41,0.45600805133691613,1.8574685822096808,0.0015623735393672556,0.0068846053523337605,"KIDINS220;ANKRD26;DSP;DST;RASAL2;ARHGAP5;LEMD3;FAM135A;PIK3R1;ARHGAP35;CPD",1.8900702015181812,0.006390538511949207,TRUE,
"REACTOME_MET_PROMOTES_CELL_MOTILITY",41,0.45513379512894303,1.8539074533341031,0.0016060755930662838,0.007048526084550007,"GAB1;DOCK7;HGF;LAMC1;ITGA2;TNS3;LAMA2;ITGB1;LAMA4;RAPGEF1;PTK2;MET;COL2A1",2.0863312549230533,0.0010764828256967578,TRUE,
"REACTOME_RNA_POLYMERASE_III_TRANSCRIPTION_TERMINATION",23,-0.6002008868094171,-1.8209206475335784,0.0017244804754917497,0.007509803233700866,"POLR2L;POLR3K;POLR2F;POLR1C;POLR2H;POLR2E;POLR3H",-1.7967833898122247,0.0063144889117999975,TRUE,
"REACTOME_FORMATION_OF_THE_URETERIC_BUD",19,0.5843710972322164,1.9026921750955355,0.0017250378276674498,0.007509803233700866,"ITGA8;SALL1;ROBO2;ITGB1;NPNT;GDNF;GFRA1;SLIT2;WNT11",1.796385653054125,0.021379527484391713,TRUE,
"REACTOME_HIV_LIFE_CYCLE",145,-0.3747164122779346,-1.5776052673257266,0.0017703547785871726,0.007650911782440438,"POLR2I;POLR2L;UBA52;SEC13;UBB;POLR2F;POLR2G;ELOB;RAN;NELFE;VPS28;POLR2H;AAAS;POLR2E;NELFB;CDK9;POLR2J;BANF1;CHMP2A;RANBP1;TAF10;FEN1;CHMP6;MVB12A;VPS37B;PPIA;TAF9;GTF2A2;RANGAP1;RCC1;HMGA1;ERCC2;UBC;ELOC;VPS4A;NELFA;GTF2F1;CXCR4;NUP37;POLR2C;RPS27A;GTF2H5;NUP62;CTDP1;XRCC6;NUP85;VPS37D;LIG1;SEH1L;SSRP1;TAF11;GTF2B;NUP93;VPS37C;GTF2E2;TSG101;NUP188",-1.4883522695122724,0.020674974590271282,TRUE,
"REACTOME_SIGNALING_BY_PDGF",53,0.4016843664003097,1.7217595845563056,0.0017715672116167436,0.007650911782440438,"SOS1;PIK3CB;PTPN11;PIK3CA;RASA1;COL4A5;STAT5B;PIK3R1;PDGFD;PDGFRA;COL9A3;NRAS;PTPN12;RAPGEF1;COL4A1;COL2A1;COL4A4;COL6A3;KRAS;PLCG1;CRKL;COL4A2",1.8111662048028447,0.004730459814656579,TRUE,
"REACTOME_INHIBITION_OF_DNA_RECOMBINATION_AT_TELOMERE",41,-0.5062476045168091,-1.7555461911461967,0.001790004228866558,0.007699859460679956,"POLR2I;POLR2L;POLR2F;POLR2G;H2AC20;H2AX;POLR2H;POLR2E;ACD;POLR2J;DAXX;H4C5;H2AZ2;POLR2C;TINF2",-1.7352452484849386,0.01199602623827782,TRUE,
"REACTOME_RECOGNITION_OF_DNA_DAMAGE_BY_PCNA_CONTAINING_REPLICATION_COMPLEX",30,-0.550741922840568,-1.7746806365299195,0.0018345336744022287,0.007860215427083067,"UBA52;UBB;RBX1;POLD2;RFC2;PCNA;POLD1;UBC;RPA1;RPA3;RFC5;POLE4;POLD4;RPS27A;RPA2;POLE3",-1.8010430602417205,0.010726705480536532,TRUE,
"REACTOME_VLDLR_INTERNALISATION_AND_DEGRADATION",16,-0.6562744667394648,-1.8232754808220573,0.001851743658587963,0.007902717031139182,"UBA52;AP2S1;UBB;CLTA;AP2M1;UBC;NR1H2;PCSK9;RPS27A;AP2A2;NR1H3",-1.8933619474651815,0.0034388419358020554,TRUE,
"REACTOME_SIGNALING_BY_FGFR2_IIIA_TM",19,-0.6261462663060604,-1.82393299343006,0.0019222841640597343,0.008171592289571577,"POLR2I;POLR2L;POLR2F;POLR2G;POLR2H;POLR2E;POLR2J",-1.7728603200415798,0.01617069301490828,TRUE,
"REACTOME_EXTENSION_OF_TELOMERES",49,-0.4842944050362448,-1.7305389423591488,0.001997126776377158,0.008456583693722028,"WRAP53;RUVBL2;POLA2;NOP10;POLD2;NHP2;RFC2;ACD;CHTF18;FEN1;PCNA;POLD1;RUVBL1;CHTF8;RPA1;RPA3;PIF1;RFC5;POLD4;TINF2;RPA2;LIG1;GAR1",-1.6764974685230936,0.014046073442071278,TRUE,
"REACTOME_UB_SPECIFIC_PROCESSING_PROTEASES",160,-0.36254423139619074,-1.5442567992009026,0.002263312208320595,0.009546421921476752,"PSMA6;PSMB6;PSMB4;UBA52;UFD1;PSMB3;PSMC3;PSMB5;UBB;PSMB1;OTUB1;H2AC25;PSMB7;PSMD8;PSMD13;H2AC20;FKBP8;PSMC5;PSMA5;CDC20;PSMC4;PSMA1;KEAP1;PSMB2;NFKBIA;ADRM1;PSMC2;TAF10;ARRB2;PSMD2;PSMD14;PSMA7;RCE1;USP5;PSMA3;TRAF2;UBC;USP18;RUVBL1;PSMD3;PSMA4;SNX3;DDB2;SEM1;PSMD7;RPS27A;TAB1;MUL1;ARRB1;PTRH2;TP53",-1.5273609811414666,0.012498427364228404,TRUE,
"REACTOME_TRNA_PROCESSING",114,-0.3858283798851025,-1.5914695738115356,0.0023295684205079663,0.009787799100118743,"POP5;SEC13;POP7;OSGEP;CTU1;RAN;TRMT112;GON7;ELAC2;ADAT3;CTU2;METTL1;HSD17B10;RPP21;AAAS;RTCB;LAGE3;PUS1;CPSF4;QTRT1;TRMT1;DUS2;TRMU;RPP38;URM1;TSEN34;FTSJ1;THG1L;YRDC;POP4;TRMT61A;CLP1;RPP25;NUP37;GTPBP3;RTRAF;NUP62;TSEN54;CPSF1;NUP85;ZBTB8OS;WDR4;SEH1L",-1.5753632325304199,0.014249971591967763,TRUE,
"REACTOME_METABOLISM_OF_WATER_SOLUBLE_VITAMINS_AND_COFACTORS",117,-0.38736944624968334,-1.6013568849804891,0.0023782652235240327,0.00995382047220097,"NUDT8;MTHFS;NAPRT;NAXE;FPGS;PRSS3;GSTO1;PPCDC;MMAB;SHMT2;CD320;VNN2;CYB5A;FLAD1;NNMT;PANK4;ACP5;PARP10;PCCB;AMN;MMACHC;THTPA;PDZD11;SLC25A19;BST1;CYB5R3;SHMT1;VNN1;PDXK;SLC52A2;FOLR2;PNPO;SLC19A1;MOCOS;MTHFD2;ABCD4;COASY;SLC25A51",-1.6654746419639315,0.0029906662545460213,TRUE,
"REACTOME_ROLE_OF_LAT2_NTAL_LAB_ON_CALCIUM_MOBILIZATION",58,0.3872241740172618,1.722454586274365,0.0024128615073254426,0.01005977643823377,"SOS1;PIK3CB;PDPK1;PIK3CA;PIK3R1;MS4A2;GAB2;IGHV2-5;SYK;IGKV1D-16;IGHV3-7;FCER1A;IGHV3-13;IGHV4-39;IGHV3-11",1.4686208989542553,0.07027148211163099,FALSE,
"REACTOME_NEF_MEDIATES_DOWN_MODULATION_OF_CELL_SURFACE_RECEPTORS_BY_RECRUITING_THEM_TO_CLATHRIN_ADAPTERS",21,-0.6012543440110041,-1.792313649960378,0.002433594997248444,0.010107344739529936,"AP2S1;ARF1;AP2M1;AP1S1;HLA-A;LCK;AP1M2;AP1B1;AP1M1;AP2A2;B2M;AP2A1",-1.8704106267611285,0.004489472547308662,TRUE,
"REACTOME_INTERCONVERSION_OF_NUCLEOTIDE_DI_AND_TRIPHOSPHATES",29,-0.5440457333717282,-1.731682432047549,0.002572129243026922,0.010630237586581921,"GUK1;NME1;NME3;NME2;DTYMK;TYMS;DCTPP1;AK2;GLRX;AK1;AK8;NME4;DCTD;DUT",-1.8336059622711003,0.0034388419358020554,TRUE,
"REACTOME_RHOF_GTPASE_CYCLE",40,0.44037301654143957,1.7727866954799927,0.0025791074587371266,0.010630237586581921,"ARHGAP21;DIAPH2;SOWAHC;ARHGAP5;PIK3R1;FARP1;ADD3;SLC4A7;ARHGAP12;VANGL1;AKAP12;ARHGAP32;TOR1AIP1;DIAPH1;SENP1",1.7105893399372663,0.011451698491074826,TRUE,
"REACTOME_SULFUR_AMINO_ACID_METABOLISM",24,-0.5904410395928918,-1.805214177925064,0.002650307036259713,0.010882321315551247,"TXN2;ETHE1;MPST;SLC25A10;TSTD1;SQOR;AHCY;GOT1;ADI1;ENOPH1;TST;GOT2;FMO1",-1.8464013481207222,0.006762686899851639,TRUE,
"REACTOME_COLLAGEN_CHAIN_TRIMERIZATION",37,0.4612404137745255,1.825205862256138,0.0026709942152117953,0.010925878223734288,"COL4A5;COL14A1;COL4A6;COL9A3;COL21A1;COL4A1;COL2A1;COL17A1;COL12A1;COL8A1;COL4A4;COL6A3;COL4A2;COL15A1;COL9A1",2.2312390356675538,2.876986770882632e-4,TRUE,
"REACTOME_REGULATION_OF_MITF_M_DEPENDENT_GENES_INVOLVED_IN_LYSOSOME_BIOGENESIS_AND_AUTOPHAGY",16,-0.6446855606655094,-1.7910789390318966,0.0027011472726509887,0.010992702735760779,"ATP6V0B;ATP6V1F;ATP6V0E1;ATP6V0D1;ATP6V1E1",-1.7986189909989425,0.008993219054755,TRUE,
"REACTOME_DNA_DAMAGE_BYPASS",48,-0.47725051719432166,-1.6974865860251018,0.00270761220521045,0.010992702735760779,"UBA52;UFD1;MAD2L2;UBB;RBX1;UBE2L6;ISG15;POLD2;RFC2;PCNA;POLD1;UBC;RPA1;RPA3;RFC5;POLE4;POLD4;RPS27A;RPA2;UBA7;VCP;POLE3;USP43;RCHY1",-1.7515412773948384,0.008613234514926519,TRUE,
"REACTOME_TRANSFERRIN_ENDOCYTOSIS_AND_RECYCLING",25,-0.5684615379264332,-1.7519889406151659,0.002901871338173078,0.01173741989022245,"ATP6V0B;ATP6V1F;ATP6V0E1;MCOLN1;ATP6V0D1;TCIRG1;ATP6V1E1;ATP6AP1;TFR2",-1.8277647640996528,0.006972693188055076,TRUE,
"REACTOME_FIBRONECTIN_MATRIX_FORMATION",18,0.582128025631754,1.9066639101305112,0.0029189589902122244,0.01176264515014889,"COL4A5;CEACAM1;COL4A6;ITGB1;COL4A1;COL2A1;COL4A4;COL4A2;CEACAM6;COL5A1;FN1",2.033882364348378,0.0074285449838802095,TRUE,
"REACTOME_PLASMA_LIPOPROTEIN_ASSEMBLY_REMODELING_AND_CLEARANCE",57,-0.44990572690448427,-1.6709866006104575,0.002979317631058585,0.011961408563212986,"UBA52;AP2S1;UBB;NPC2;LMF2;CLTA;APOC1;AP2M1;APOE;UBC;AMN;NR1H2;PCSK9;ANGPTL4;LSR;P4HB;RPS27A;LCAT;AP2A2;NR1H3;SAR1B",-1.6684159209358487,0.01241352974174341,TRUE,
"REACTOME_TERMINATION_OF_TRANSLESION_DNA_SYNTHESIS",32,-0.540638460627443,-1.7747732518423183,0.0031856932579357113,0.012742773031742845,"UBA52;UBB;UBE2L6;ISG15;POLD2;RFC2;PCNA;POLD1;UBC;RPA1;RPA3;RFC5;POLE4;POLD4;RPS27A;RPA2;UBA7;POLE3;USP43;RFC4;PCLAF",-1.8117321608431152,0.006752290923009058,TRUE,
"REACTOME_RRNA_PROCESSING_IN_THE_MITOCHONDRION",18,-0.6167992879910759,-1.7546742343587751,0.0032807770067040244,0.013074861306129273,"MRM3;ELAC2;TRUB2;HSD17B10;RPUSD3;RCC1L;RPUSD4",-1.7162088982289292,0.02427222038532787,TRUE,
"REACTOME_RHOV_GTPASE_CYCLE",37,0.45460349782692105,1.7989424700357186,0.003312020475742937,0.013142917169315989,"MYO9A;DST;PEAK1;PAK2;PIK3R1;IQGAP1;USP9X;CCP110;WASL;ARHGEF7;ARHGAP12;CLTC;VANGL1;SPTBN1;SPTAN1",1.9237419173845058,0.0061726481921974725,TRUE,
"REACTOME_SIGNALING_BY_BMP",25,0.5176510528111213,1.8387734767525907,0.0033221026793289494,0.013142917169315989,"BMPR2;ZFYVE16;ACVR2B;SMAD7;SMAD9;SMURF1;BMPR1A;SMAD5;CHRDL1;SMURF2;GREM2",1.7497264829230341,0.023161985789629552,TRUE,
"REACTOME_SIGNALING_BY_FLT3_FUSION_PROTEINS",19,0.5664834527782663,1.8444506205514761,0.0033662969607091762,0.013269330565122717,"ZMYM2;SOS1;PIK3CA;GOLGB1;STAT5B;PIK3R1;TRIP11;NRAS;SPTBN1;GAB2;MYO18A;KRAS",1.8867045661206883,0.011882155975850154,TRUE,
"REACTOME_ANTIGEN_PROCESSING_UBIQUITINATION_PROTEASOME_DEGRADATION",274,-0.31789302193155117,-1.422760214099515,0.003505942444538229,0.01373756527135193,"PSMA6;PSMB6;PSMB4;UBA52;PSMB3;PSMC3;ANAPC11;PSMB5;UBB;PSMB1;ELOB;FBXO6;RBX1;FBXL15;PSMB7;UBE2L6;PSMD8;UBE2M;PSMD13;STUB1;UBE2J2;SOCS1;PSMC5;RNF220;FBXW9;RNF25;RNF126;PSMA5;CDC20;FBXW5;MIB2;UBAC1;PSMC4;PSMA1;KEAP1;THOP1;PSMB2;ADRM1;RNF34;ASB6;BTBD6;ANAPC5;UBE2F;PSMC2;TRAIP;ANAPC2;PSMD2;RNF19B;RNF7;PSMD14;PSMA7;CDC34;ANAPC7;PSMA3;UBE2S;FZR1;CCNF;UBC;KLHL22;ELOC;TRIM21;TRIM11;PSMD3;RNF130;RBCK1;TRAF7;SPSB2;PSMA4;SEM1;HECTD3;UBA1;PSMD7;RPS27A;UBA7;FBXW4;FBXL16;FBXO22;MGRN1;UBE2L3;UBE2D2;ATG7",-1.5186856933151973,0.0026304754424457304,TRUE,
"REACTOME_GAP_JUNCTION_TRAFFICKING_AND_REGULATION",34,-0.5215142602643144,-1.7374627501815767,0.003510429501996757,0.01373756527135193,"TUBB4B;ACTB;CLTA;TUBA1B;CLTB;TUBA4A;AP2M1;ACTG1;GJB5;TUBA1C;GJD3;TUBB3;TUBA1A;GJB4;TUBB6;GJB2;GJB3;GJA4;GJB1",-1.5088082175807518,0.0769327867345336,FALSE,
"REACTOME_RHOBTB1_GTPASE_CYCLE",23,0.5315456186758373,1.8121131794636403,0.0036066038544613935,0.014016840620152436,"ROCK2;RBBP6;STK38;ROCK1;MYO6;SPEN;RNF20;CUL3;SRRM1",1.695492962738792,0.019362465205186818,TRUE,
"REACTOME_SIGNALING_BY_HIPPO",20,0.5417068769302752,1.7716871111698083,0.0036076554732680163,0.014016840620152436,"STK4;LATS1;YAP1;TJP2;TJP1;AMOT;MOB1B;YWHAB;AMOTL2;AMOTL1",1.6921092025319497,0.036027809113671226,TRUE,
"REACTOME_DOWNSTREAM_SIGNALING_OF_ACTIVATED_FGFR1",22,0.5370928437616362,1.8244093265103378,0.0036524710692092343,0.014089959569476193,"GAB1;SOS1;PTPN11;PIK3CA;PIK3R1;KL;NRAS;FRS2;FGF10;FLRT2;KRAS;PLCG1",1.755884527960594,0.037931030105172944,TRUE,
"REACTOME_NOTCH3_INTRACELLULAR_DOMAIN_REGULATES_TRANSCRIPTION",22,0.5373251958114991,1.825198585298138,0.0036524710692092343,0.014089959569476193,"PBX1;EP300;MAML2;MAML1;MAML3;CREBBP;KAT2B",2.071801580742707,0.002950871866024193,TRUE,
"REACTOME_BMAL1_CLOCK_NPAS2_ACTIVATES_CIRCADIAN_EXPRESSION",25,0.513871442987718,1.825347740906008,0.0036977720589704078,0.014214130893347242,"CHD9;PPARA;NCOA2;NCOA6;MED1;NCOA1;CLOCK;CREBBP",1.9397176663267233,0.006828330371193007,TRUE,
"REACTOME_ANTIMICROBIAL_MECHANISM_OF_IFN_STIMULATED_GENES",156,-0.3540283121116775,-1.509469554820969,0.0038875194034092187,0.014843205728315958,"UBA52;SEC13;UBB;CENPX;UBE2L6;TUBB4B;TARBP2;FNTB;PIN1;FANCG;ACTB;SPHK1;ISG15;EIF4A3;TUBA1B;AAAS;FAAP20;GBP4;SFN;TUBA4A;DUS2;EIF4E2;UBE2I;PPP2R1A;ACTG1;IRF3;ILF2;TUBA1C;GBP1;UBC;USP18;GBP5;MAPK3;FAAP100;FANCE;TUBB3;NUP37;HSPA2;RPS27A;HSPA8;UBA7;MX1;TUBA1A;TUBB6;NUP62;TP53;CENPS;GBP2;PPP2CA;NUP85;CASP1",-1.3740063439314398,0.07220818145604957,FALSE,
"REACTOME_SIGNALING_BY_CYTOSOLIC_FGFR1_FUSION_MUTANTS",18,0.5765791860322811,1.8884896052670126,0.0038888103568650665,0.014843205728315958,"ZMYM2;CNTRL;PIK3CA;STAT5B;PIK3R1;TRIM24;LRRFIP1;GAB2;CUX1",2.0141830902852287,0.009571849237968718,TRUE,
"REACTOME_INTERLEUKIN_12_SIGNALING",40,-0.48957052793791556,-1.7009483448368206,0.004020157175373662,0.015290703081070348,"SOD1;ARF1;BOLA2B;PSME2;RPLP0;AIP;GSTO1;TALDO1;IL12RB1;CFL1;PPIA;ANXA2;HNRNPF;P4HB;TYK2;SOD2;SNRPA1",-1.7527454036207897,0.007177839902681849,TRUE,
"REACTOME_MITOCHONDRIAL_CALCIUM_ION_TRANSPORT",22,-0.5700214727667801,-1.718907807652455,0.004045811085233248,0.015334472784590355,"PARL;STOML2;PHB2;PMPCA;MCUB;SMDT1;PHB1;MICU1;PMPCB;SLC8B1;MCU;VDAC3;LETM1;VDAC2;MAIP1",-1.7507838403472133,0.02071214879914205,TRUE,
"REACTOME_NETRIN_1_SIGNALING",36,0.4431774734410661,1.7499393952116629,0.004110455487103888,0.01552520469693594,"TRIO;PTPN11;UNC5C;MYO10;DOCK1;WASL;NEO1;TRPC4;ABLIM1;PTK2;SLIT2;SLIT3;TRPC1;PLCG1;UNC5B;ROBO1;NTN4;SIAH1;SLIT1",1.777315332258153,0.01911627546168484,TRUE,
"REACTOME_LATE_ENDOSOMAL_MICROAUTOPHAGY",33,-0.5179317278313778,-1.7085514529018677,0.004271919062041983,0.016079028691852466,"UBA52;UBB;VPS28;PARK7;CHMP2A;CHMP6;MVB12A;VPS37B;HBB;UBC;RNASE1;RPS27A;HSPA8;PLIN3;VPS37D;VPS37C;TSG101",-1.718854505344114,0.011701097902701374,TRUE,
"REACTOME_RETROGRADE_TRANSPORT_AT_THE_TRANS_GOLGI_NETWORK",49,0.3986995996934579,1.6995689475731939,0.0042951909905559835,0.01611068177772556,"TGOLN2;GCC2;VPS54;GOLGA4;IGF2R;COG5;USP6NL;NAA35;TMF1;GOLGA1;STX16;VTI1A;RIC1;RHOBTB3;GCC1;RAB6A;NAA30;RGP1;COG3;COG6",1.580915184824347,0.037763945039415596,TRUE,
"REACTOME_CONSTITUTIVE_SIGNALING_BY_ABERRANT_PI3K_IN_CANCER",66,0.35442851335598463,1.5930261170722797,0.004402903086677092,0.016457748089510234,"GAB1;STRN;PIK3CB;PTPN11;PIK3CA;HGF;PIK3R1;NRG1;EGFR;KL;PDGFRA;KIT;GAB2;FRS2;MET;FGF10;FGFR3;FGF19;EREG;AREG;FGF7;ERBB3",1.6293231557028536,0.018166462337553677,TRUE,
"REACTOME_CGMP_EFFECTS",15,0.6102207343636158,1.8897502700045934,0.004465287952066723,0.016633581237251987,"ITPR1;IRAG1;PRKG1;KCNMB3;PDE11A;PRKG2;PDE5A;PDE2A;KCNMA1;PDE1A",2.010902809973007,0.014184303846811911,TRUE,
"REACTOME_EPIGENETIC_REGULATION_BY_WDR5_CONTAINING_HISTONE_MODIFYING_COMPLEXES",129,0.2816444123008396,1.4553467344485211,0.004542885153601775,0.01685844327139196,"KMT2C;NCOA3;BOD1L1;MED13;NCOA2;NCOA6;PHF20;MED23;MED1;KMT2A;KMT2D;EP300;PHF20L1;MED14;NCOA1;YEATS2;H3-3A;KDM6A;KANSL1;NCOR1;ABL1;OGT;CREBBP;PLIN4;GPAM;PPARG;KAT2B;ZZZ3;PLIN1;MGLL;H4C16;PDK4;RBBP5;PPARGC1B",1.2839113822748958,0.15654683009898226,FALSE,
"REACTOME_DISEASES_OF_METABOLISM",235,-0.3228522744170847,-1.421357461932451,0.004556756345496167,0.01685844327139196,"DPM3;MUC6;UBA52;UBB;MPDU1;BCKDHA;BCKDK;DPM2;ACY1;HEXA;NMRAL1;GALK1;APRT;PNP;ECHS1;B4GALT7;MMAB;FDXR;DCXR;TALDO1;CD320;ALG12;GALT;MAN1B1;B3GAT3;B4GAT1;MUC5AC;ALG3;G6PC3;ALG1;DOLK;MGAT2;B3GALT6;PCCB;CPS1;ASS1;MUC1;AHCY;UBC;MPI;AMN;ADA;GUSB;MMACHC;NAGLU;POMT1;CYP27B1;NAGS;ALG14;ASL;SRD5A3;IDUA;RPS27A;POMGNT1;SGSH;FDX1;OPLAH;SLC37A4;RFT1;ABCD4;MUC5B;OTC;NEU1;GALE;SPON1;ADAMTSL5;ACAT1;ALG2;CHST14;KHK;AUH;HPRT1;CTSA;SPON2;HYAL1;CHST6;GSS;GYG1",-1.4301626653191064,0.019433940625502664,TRUE,
"REACTOME_RHOBTB_GTPASE_CYCLE",35,0.45724756181508763,1.7794173828367523,0.004791174430598924,0.017665418648874946,"ROCK2;RBBP6;STK38;MSI2;ROCK1;MYO6;PHIP;SPEN;RNF20;CUL3;SRRM1;TMOD3",1.7822865109670627,0.011656269072372738,TRUE,
"REACTOME_LAGGING_STRAND_SYNTHESIS",20,-0.5806911504720991,-1.7165798302414856,0.004838822930109715,0.017780623919454005,"POLA2;POLD2;RFC2;FEN1;PCNA;POLD1;RPA1;RPA3;RFC5;POLD4;RPA2;LIG1;RFC4",-1.6626998329313576,0.03516329830336927,TRUE,
"REACTOME_SIGNALING_BY_HEDGEHOG",128,-0.36203743300832003,-1.505555486188146,0.004975481649915464,0.01822102063685258,"PSMA6;PSMB6;PSMB4;UBA52;PSMB3;PSMC3;PSMB5;UBB;PSMB1;RBX1;PSMB7;PSMD8;PSMD13;TUBB4B;PSMC5;PSMA5;PSMC4;PSMA1;PSMB2;TUBA1B;TUBA4A;ADRM1;PSMC2;ARRB2;PSMD2;PSMD14;PSMA7;PSMA3;TUBA1C;UBC;PSMD3;DERL2;PSMA4;TUBB3;SEM1;P4HB;PSMD7;RPS27A;TUBA1A;TUBB6;VCP;ARRB1",-1.444998270441707,0.03885476910669803,TRUE,
"REACTOME_FORMATION_OF_RNA_POL_II_ELONGATION_COMPLEX",55,-0.4403454843112285,-1.618365661885362,0.005005565069151685,0.018269469814681572,"POLR2I;POLR2L;POLR2F;POLR2G;ELOB;NELFE;POLR2H;POLR2E;NELFB;CDK9;SKIC8;POLR2J;PAF1;ERCC2;ELOC;NELFA;GTF2F1;POLR2C;GTF2H5",-1.6150961988882409,0.025395842205852285,TRUE,
"REACTOME_ASSEMBLY_OF_THE_HIV_VIRION",16,-0.6311806190548751,-1.7535592271483345,0.005055709892973984,0.018390568872428854,"UBA52;UBB;VPS28;MVB12A;VPS37B;PPIA;UBC;RPS27A;VPS37D;VPS37C;TSG101",-1.7582800688410183,0.01488993165296645,TRUE,
"REACTOME_HSP90_CHAPERONE_CYCLE_FOR_STEROID_HORMONE_RECEPTORS_SHR_IN_THE_PRESENCE_OF_LIGAND",47,-0.46751482235940695,-1.6557939822430732,0.005170116517964047,0.01874383379756865,"DCTN3;DYNLL1;DCTN2;TUBB4B;TUBA1B;TUBA4A;FKBP4;TUBA1C;ACTR1A;DNAJA1;STIP1;TUBB3;CAPZB;HSPA2;DNAJB1;HSPA8;TUBA1A;TUBB6",-1.3759936028774773,0.1595717809580832,FALSE,
"REACTOME_PKMTS_METHYLATE_HISTONE_LYSINES",49,0.3932085444646043,1.676161783473846,0.005274155724006074,0.019057282682741948,"KMT2C;ASH1L;KMT2A;SETD2;KMT2D;KMT5B;MECOM;SETDB2;NSD1;NSD3;SUZ12;ATF7IP",1.6637947560331627,0.02270644653896665,TRUE,
"REACTOME_PROCESSIVE_SYNTHESIS_ON_THE_LAGGING_STRAND",15,-0.6259705926001514,-1.7141735358594954,0.005365641050407253,0.01932343820146665,"POLA2;POLD2;FEN1;PCNA;POLD1;RPA1;RPA3;POLD4;RPA2;LIG1",-1.6723948561777868,0.05363372939754072,FALSE,
"REACTOME_COPI_MEDIATED_ANTEROGRADE_TRANSPORT",90,-0.3981552197438853,-1.5875533111087754,0.005453610259485084,0.01953952007977565,"COPE;DCTN3;DYNLL1;STX5;ARF1;DCTN2;TUBB4B;ARF5;TMED9;TMED3;TUBA1B;TUBA4A;COPZ1;RAB1B;BET1L;TUBA1C;NAPA;ACTR1A;COPG1;KDELR1;COG7;TMEM115;COG4;TUBB3;SPTBN4;CAPZB;KDELR3;TUBA1A;TUBB6;KDELR2;ANK1;ARFGAP2;TMED10;COPZ2;CD59;COG8;TUBB2A;TMED2;ARF4;FOLR1;ARFGAP1",-1.5189831630387858,0.02690529983261899,TRUE,
"REACTOME_MRNA_CAPPING",28,-0.55103960345568,-1.742041616001817,0.0054629938305703184,0.01953952007977565,"POLR2I;POLR2L;POLR2F;POLR2G;POLR2H;POLR2E;POLR2J;ERCC2;GTF2F1;POLR2C;GTF2H5",-1.7234419707100153,0.020748597876165197,TRUE,
"REACTOME_MICRORNA_MIRNA_BIOGENESIS",24,-0.5667094484632356,-1.7326572215158096,0.005479717808350366,0.01953952007977565,"POLR2I;POLR2L;POLR2F;POLR2G;TARBP2;RAN;POLR2H;POLR2E;POLR2J",-1.6934752798034343,0.025395842205852285,TRUE,
"REACTOME_TRANSCRIPTION_OF_THE_HIV_GENOME",66,-0.42317213339716836,-1.6025303841717244,0.005545374886193068,0.019708807792240282,"POLR2I;POLR2L;POLR2F;POLR2G;ELOB;NELFE;POLR2H;POLR2E;NELFB;CDK9;POLR2J;TAF10;TAF9;GTF2A2;ERCC2;ELOC;NELFA;GTF2F1;POLR2C;GTF2H5;CTDP1;SSRP1;TAF11;GTF2B",-1.5671082461068522,0.03604058404928295,TRUE,
"REACTOME_MITOCHONDRIAL_FATTY_ACID_BETA_OXIDATION",33,-0.5108330063873754,-1.6851342143255035,0.0056049804958665595,0.019851275333994126,"ECI1;MCAT;ACOT7;ECHS1;NDUFAB1;PCCB;ACBD6;MECR;ACADS;ACOT1;ACADVL;ACOT13;HADH",-1.7623782448657626,0.008043645026956049,TRUE,
"REACTOME_FGFR2_MUTANT_RECEPTOR_ACTIVATION",23,-0.5652034975701362,-1.7147437489715949,0.005622086280014942,0.019851275333994126,"POLR2I;POLR2L;POLR2F;POLR2G;POLR2H;POLR2E;POLR2J",-1.6495755156693155,0.02639146077749637,TRUE,
"REACTOME_PROCESSING_OF_SMDT1",16,-0.62781529323791,-1.7442096084171124,0.005725331125880754,0.02012267444660563,"PARL;STOML2;PHB2;PMPCA;MCUB;SMDT1;PHB1",-1.7061000844887173,0.020699984327619707,TRUE,
"REACTOME_APC_C_CDC20_MEDIATED_DEGRADATION_OF_CYCLIN_B",24,-0.5654932288273129,-1.7289387521293451,0.005736076018451236,0.02012267444660563,"UBA52;ANAPC11;ANAPC15;UBB;CDC20;ANAPC5;ANAPC2;ANAPC7;CCNB1;UBE2S;UBC",-1.7509997016823986,0.015986256629560477,TRUE,
"REACTOME_TRANSCRIPTIONAL_REGULATION_BY_SMALL_RNAS",41,-0.4836925698677208,-1.6773306997224489,0.005918549508413329,0.02069583118425822,"POLR2I;POLR2L;POLR2F;POLR2G;H2AC20;RAN;H2AX;POLR2H;POLR2E;POLR2J",-1.667283286599391,0.020868292542672764,TRUE,
"REACTOME_GENERATION_OF_SECOND_MESSENGER_MOLECULES",30,-0.5167464087275241,-1.6651353520269208,0.00596413600461559,0.0207263546800038,"HLA-DQB1;HLA-DPB1;HLA-DRB1;HLA-DRA;HLA-DRB5;CD3D;HLA-DPA1;LCK;HLA-DQB2;CD247;HLA-DQA1;CD3E;ZAP70;WAS;HLA-DQA2",-1.4471170924038907,0.10841374366892526,FALSE,
"REACTOME_PURINE_CATABOLISM",15,-0.62257942435881,-1.7048870758825043,0.005965519059189285,0.0207263546800038,"DNPH1;NT5C;NUDT1;PNP;NUDT18;ITPA",-1.6750763526442753,0.05196621068061267,FALSE,
"REACTOME_TRNA_AMINOACYLATION",42,-0.4700618874585871,-1.6354445894517067,0.006099136222986888,0.021122887110919447,"WARS1;FARS2;FARSA;HARS1;SARS2;VARS1;QARS1;AIMP2;AARS2;MARS1;PPA2;YARS2;KARS1;CARS1;PPA1;PARS2;EEF1E1;WARS2;SARS1;CARS2",-1.811859695319879,0.004483957795069216,TRUE,
"REACTOME_SYNTHESIS_OF_PIPS_AT_THE_EARLY_ENDOSOME_MEMBRANE",16,0.5808811634346347,1.8361294850937726,0.006161395796849713,0.02127055109485697,"PIKFYVE;PIK3C2A;PIK3R4;INPP5F;MTM1;INPP4B;MTMR10;MTMR2;INPP4A;MTMR4",1.8636975259888888,0.015063993043726702,TRUE,
"REACTOME_NUCLEAR_RECEPTOR_TRANSCRIPTION_PATHWAY",45,0.4006385618281562,1.665213136375049,0.0064154341188877,0.0220772399519818,"NR2C2;PPARA;MED1;NR1D2;RORA;NCOR1;NR6A1;THRB;PGR;PPARG;AR;ESRRG;NR1I2;NR3C2;HNF4A;HNF4G;NR5A2;THRA;RARB",1.5232868453404402,0.06784832006742329,FALSE,
"REACTOME_CYTOSOLIC_SENSORS_OF_PATHOGEN_ASSOCIATED_DNA",62,-0.4316991229741086,-1.624339405082729,0.006457439983957673,0.02215147133737379,"POLR2L;UBA52;POLR3K;UBB;POLR2F;POLR1C;DDX41;POLR2H;NFKB2;POLR2E;IRF7;NFKBIA;AIM2;POLR3H;NFKBIB;IRF3;UBC;TRIM21",-1.5072566727545542,0.052240846676726946,FALSE,
"REACTOME_RND2_GTPASE_CYCLE",42,0.41221226600680116,1.6869686573926022,0.006560125644756676,0.022432732488694755,"KIDINS220;ANKRD26;DST;ARHGAP5;LEMD3;KTN1;PIK3R1;ARHGAP35;VANGL1;FRS2;PKP4;VANGL2;BLTP3B;FNBP1;KIF14;DLG5;FAM83B",1.7084294518631353,0.025606336069304608,TRUE,
"REACTOME_GAB1_SIGNALOSOME",16,0.5764522867848638,1.8221300795107016,0.006773401262022584,0.023089204301988936,"GAB1;PTPN11;PIK3CA;PIK3R1;EGFR;PAG1;EREG;AREG;EGF",1.7716683851040624,0.026372728713280814,TRUE,
"REACTOME_RHOG_GTPASE_CYCLE",73,0.34161655439632077,1.5837178870227229,0.006895605838109655,0.023432090058027794,"TRIO;ARHGAP21;OPHN1;ERBIN;ARHGAP5;LEMD3;KTN1;PAK2;GARRE1;PIK3R1;ARHGAP35;DOCK1;LBR;ITSN1;ITGB1;DSG2;ELMO2;VANGL1;KALRN;ARHGEF5;MPP7;ARHGAP32",1.4870873620027496,0.04459480531535172,TRUE,
"REACTOME_FANCONI_ANEMIA_PATHWAY",36,-0.50185456454003,-1.6981398188139936,0.007407253007948636,0.025092069564426004,"UBA52;UBB;CENPX;FANCG;FAAP20;MUS81;ATRIP;UBC;ERCC1;FAAP100;RPA1;UBE2T;RPA3;FANCE;EME1;RPS27A;RPA2;CENPS",-1.7832013256770343,0.010344104762590416,TRUE,
"REACTOME_NON_INTEGRIN_MEMBRANE_ECM_INTERACTIONS",73,0.3388021289446078,1.5706703462282015,0.0075177545252672045,0.02538705889529486,"COL4A5;LAMC1;ITGA2;ITGA6;PRKCA;CASK;DMD;COL4A6;LAMA2;SNTB2;ITGB1;LAMA4;SNTB1;HSPG2;SGCD;UTRN;COL4A1;DDR2;COL2A1;ITGB3;ITGAV;DTNA;COL4A4;LAMB1;COL4A2",1.7753874547688313,0.007301556728923142,TRUE,
"REACTOME_ATTACHMENT_OF_BACTERIA_TO_EPITHELIAL_CELLS",21,0.5045145105497233,1.6794761661134952,0.007649630143177264,0.02575217104100669,"COL4A5;LAMC1;COL4A6;LAMA2;LAMA4;COL4A1;EPCAM;COL4A4;LAMB1;COL4A2",1.8141126912423642,0.02102527043203865,TRUE,
"REACTOME_CYTOPROTECTION_BY_HMOX1",55,-0.42841999931274993,-1.5745369044426583,0.0077472902748145734,0.025905845192187076,"COX8A;COX6A1;COX4I1;BLVRB;COX5B;HMOX2;COX7B;COX7A2;COX6B1;COX5A;COX7C;HDAC3;HBA2;COX7A1;HBB;STAP2;COX6C;NDUFA4;COX4I2;SMARCD3;COX7A2L;BLVRA;CARM1",-1.5797257824019677,0.03518238106847608,TRUE,
"REACTOME_SIGNALING_BY_WNT",261,-0.31407958322763,-1.397417738297762,0.007749814203160656,0.025905845192187076,"PFN1;PSMA6;PSMB6;PSMB4;UBA52;PSMB3;PSMC3;AP2S1;PSMB5;UBB;PSMB1;RBX1;PSMB7;PSMD8;PSMD13;H2AC20;GNG5;PARD6A;PSMC5;CSNK2B;H2AX;PSMA5;GNB2;PSMC4;PSMA1;CLTA;PSMB2;CTNNBIP1;TLE5;PRKCG;CLTB;KAT5;CTBP1;ADRM1;AP2M1;RAC2;PSMC2;RAC3;KREMEN2;ARRB2;PSMD2;WNT10B;PSMD14;PPP2R1A;PSMA7;CBY1;PSMA3;AKT1;PORCN;UBC;RUVBL1;PDE6B;NFATC1;H4C5;VPS29;WNT7B;DVL1;PSMD3;H2AZ2;FZD2;PSMA4;GNGT2;SNX3;SEM1;DVL2;PSMD7;RPS27A;GNB5",-1.3388720409714483,0.06354221134443915,FALSE,
"REACTOME_ER_TO_GOLGI_ANTEROGRADE_TRANSPORT",142,-0.35749527570924405,-1.5037856344174707,0.007766973881421403,0.025905845192187076,"COPE;TRAPPC2L;SEC13;DCTN3;TRAPPC1;DYNLL1;LMAN2;STX5;ARF1;DCTN2;TRAPPC4;TRAPPC3;TUBB4B;ARF5;TRAPPC5;TMED9;TMED3;TUBA1B;TUBA4A;COPZ1;RAB1B;BET1L;TUBA1C;CTSZ;NAPA;ACTR1A;COPG1;KDELR1;COG7;TMEM115;COG4;TUBB3;SPTBN4;TRAPPC6A;PREB;CAPZB;KDELR3;TUBA1A;TUBB6;SAR1B;SEC22A;CTSC;CNIH1;KDELR2;ANK1;LMAN2L;ARFGAP2;TMED10;COPZ2;TFG;CD59;SERPINA1;COG8;TUBB2A;CSNK1D;TMED2;ARF4;FOLR1;ARFGAP1",-1.4830934194967569,0.023797410461492422,TRUE,
"REACTOME_DOWNSTREAM_SIGNALING_OF_ACTIVATED_FGFR2",20,0.5131607537068815,1.678325182897184,0.008306218464299896,0.027619450353684315,"GAB1;SOS1;PTPN11;PIK3CA;PIK3R1;NRAS;FRS2;FGF10;KRAS;PLCG1;FGF7",1.6500079559876797,0.041597159975686776,TRUE,
"REACTOME_TCF_DEPENDENT_SIGNALING_IN_RESPONSE_TO_WNT",174,-0.3376358699909673,-1.453157364565952,0.008442230255350638,0.02794452744691133,"PSMA6;PSMB6;PSMB4;UBA52;PSMB3;PSMC3;PSMB5;UBB;PSMB1;RBX1;PSMB7;PSMD8;PSMD13;H2AC20;PSMC5;CSNK2B;H2AX;PSMA5;PSMC4;PSMA1;PSMB2;CTNNBIP1;KAT5;CTBP1;ADRM1;PSMC2;KREMEN2;PSMD2;PSMD14;PPP2R1A;PSMA7;CBY1;PSMA3;AKT1;UBC;RUVBL1;H4C5;DVL1;PSMD3;H2AZ2;FZD2;PSMA4;SEM1;DVL2;PSMD7;RPS27A",-1.4269997764395184,0.04419227068451219,TRUE,
"REACTOME_CELL_CELL_COMMUNICATION",269,-0.31314836093522974,-1.39658557708544,0.008455539670283134,0.02794452744691133,"PSMA6;PSMB6;PSMB4;UBA52;PSMB3;TMEM258;PSMC3;RPN1;PSMB5;UBB;PSMB1;OST4;PSMB7;PSMD8;PSMD13;H2AC20;RACK1;PARD6A;PSMC5;CSNK2B;ACTB;H2AX;PSMA5;PKM;PSMC4;TYROBP;PSMA1;DDOST;PSMB2;CD151;ANG;CTBP1;ADRM1;BANP;ACTA1;DAD1;CLDN3;PSMC2;CLDN7;PTPN6;PSMD2;CTSL;PSMD14;PSMA7;ACTG1;NECTIN2;PSMA3;CRB3;TFAP2A;UBC;EED;OSTC;H4C5;MAPK3;POMT1;SEC11C;PSMD3;H2AZ2;SPCS1;PSMA4;SIRPG;MCRIP1;ANGPTL4;SPCS2;TESK1;SEM1",-1.2784115814379422,0.0881964078677054,FALSE,
"REACTOME_INSULIN_RECEPTOR_RECYCLING",24,-0.5527923112605678,-1.6901069722788888,0.008778734246313554,0.02892446177204831,"ATP6V0B;ATP6V1F;ATP6V0E1;ATP6V0D1;CTSD;TCIRG1;ATP6V1E1",-1.726103107687661,0.01963391656085414,TRUE,
"REACTOME_REGULATION_OF_RUNX1_EXPRESSION_AND_ACTIVITY",17,0.5577911704079062,1.8096020908502668,0.008825488731250393,0.02899039328689523,"PTPN11;TNRC6A;AGO2;AGO4;TNRC6C;CDK6;RUNX1;AGO3;CCND1;TNRC6B",1.8261774035982026,0.03444947883676734,TRUE,
"REACTOME_TELOMERE_C_STRAND_LAGGING_STRAND_SYNTHESIS",33,-0.4950616415038679,-1.6331076885538771,0.009255262070257198,0.030310284242171606,"POLA2;POLD2;RFC2;ACD;CHTF18;FEN1;PCNA;POLD1;CHTF8;RPA1;RPA3;RFC5;POLD4;TINF2;RPA2",-1.6059139156234092,0.031124563623067154,TRUE,
"REACTOME_RAS_PROCESSING",23,-0.5501563408389486,-1.6690929027621764,0.009452698339934474,0.03086362951954509,"UBA52;HRAS;UBB;FNTB;ARL2;ABHD17A;RCE1;UBC;PDE6D",-1.716486472157087,0.013934273507668588,TRUE,
"REACTOME_CLASS_A_1_RHODOPSIN_LIKE_RECEPTORS",173,-0.3308421020616382,-1.4245857453675643,0.00974891053610578,0.03173519225567167,"CCL3;CCL3L3;NMB;CCL4;CXCL10;CX3CL1;CXCL8;CCL5;HCAR2;LPAR2;DRD4;S1PR4;SAA1;P2RY6;CXCL11;CXCL9;CXCR3;S1PR2;CXCL13;CXCL16;CXCL1;CXCL3;FFAR2;CXCR4;C5AR2;NMU;ADRB1;MC1R;CXCR6;HEBP1;PLPPR2;PTGER1;FPR1;ADORA2B;PSAP;NPW;CHRM1;CCR10;CXCL2;CXCL5;PTAFR;P2RY11;GPR35;FPR2;SSTR5;CXCR1;ANXA1;CCL2;LPAR5;RXFP4;GPR65;ADORA3;PTGIR;CCR5;APLN;C5AR1;GPR68;FFAR4;S1PR5;CCL13;GPR132;HTR1D;SUCNR1;LTB4R;TBXA2R;C3AR1;NTSR1;INSL3;GPR37;OXER1;AVPR1A;GPR37L1;ACKR4;LPAR1;BDKRB1;CCR1;CXCL6;FPR3;CCRL2;KISS1;TACR2;CMKLR1;ADRB2;DRD2;GPBAR1",-1.3473740958924192,0.0909801453038529,FALSE,
"REACTOME_KIDNEY_DEVELOPMENT",39,0.4045962268721214,1.625846034177211,0.00992870692146474,0.032223707493616104,"ITGA8;SALL1;PCDH19;MECOM;ROBO2;ITGB1;NPNT;GDNF;GFRA1;SLIT2;ID4;HNF4A;WNT11",1.4658113458156625,0.10310865388012762,FALSE,
"REACTOME_POLYMERASE_SWITCHING_ON_THE_C_STRAND_OF_THE_TELOMERE",25,-0.5349075293416303,-1.6485760480414406,0.010012219105913257,0.03231700329929326,"POLA2;POLD2;RFC2;ACD;CHTF18;PCNA;POLD1;CHTF8;RFC5;POLD4;TINF2",-1.602763598981456,0.05363372939754072,FALSE,
"REACTOME_SIGNALING_BY_NOTCH",184,-0.3259874528652573,-1.4066193635057043,0.010017078513434073,0.03231700329929326,"PSMA6;PSMB6;PSMB4;UBA52;PSMB3;PSMC3;PSMB5;UBB;PSMB1;RBX1;PSMB7;PSMD8;PSMD13;H2AC20;PSMC5;H2AX;PSMA5;MIB2;PSMC4;PSMA1;HDAC10;PSMB2;ADRM1;MDK;APH1A;PSMC2;YBX1;HDAC3;ARRB2;PSMD2;PSMD14;PSMA7;PSMA3;RFNG;AKT1;UBC;H4C5;SIRT6;PSENEN;PSMD3;H2AZ2;PSMA4;SEM1;PSMD7;RPS27A;TACC3",-1.42208825777191,0.026976292259112737,TRUE,
"REACTOME_ACTIVATION_OF_BAD_AND_TRANSLOCATION_TO_MITOCHONDRIA",15,-0.6026304545644363,-1.6502583177692314,0.010049425101673323,0.03232515373950707,"BAD;BID;SFN;YWHAH;YWHAE;AKT1",-1.4981671293262324,0.14110173268903853,FALSE,
"REACTOME_NOTCH2_ACTIVATION_AND_TRANSMISSION_OF_SIGNAL_TO_THE_NUCLEUS",22,-0.5389450977052113,-1.6251965594294921,0.01010833920899017,0.03241846065841818,"UBA52;UBB;MIB2;MDK;APH1A;UBC;PSENEN;RPS27A",-1.621831937898299,0.05303458926058308,FALSE,
"REACTOME_RUNX1_INTERACTS_WITH_CO_FACTORS_WHOSE_PRECISE_EFFECT_ON_RUNX1_TARGETS_IS_NOT_KNOWN",36,0.4166880356647443,1.6453426738082277,0.010189450140587438,0.03258219454984301,"PBRM1;SMARCC1;EP300;PHC3;ARID2;SMARCA2;ARID1B;RYBP;ARID1A;AUTS2;HIPK2;RUNX1",1.749705681453634,0.024143189465723525,TRUE,
"REACTOME_SIGNALING_BY_ERBB2_IN_CANCER",22,0.4956987391460288,1.683800879757741,0.010427618728468908,0.03324570206370676,"GAB1;SOS1;ERBIN;PIK3CA;PIK3R1;NRG1;EGFR;NRAS;PTPN12;EREG;KRAS;PLCG1;ERBB3;EGF",1.7518317932644358,0.037931030105172944,TRUE,
"REACTOME_TRANSPORT_TO_THE_GOLGI_AND_SUBSEQUENT_MODIFICATION",167,-0.32929270112495945,-1.411565635147992,0.010506084540099117,0.03339764117732388,"COPE;TRAPPC2L;SEC13;DCTN3;TRAPPC1;DYNLL1;LMAN2;STX5;ARF1;DCTN2;TRAPPC4;TRAPPC3;TUBB4B;ARF5;TRAPPC5;TMED9;TMED3;TUBA1B;B4GALT2;MGAT1;TUBA4A;COPZ1;RAB1B;MGAT2;B4GALT3;BET1L;TUBA1C;CTSZ;NAPA;ACTR1A;COPG1;KDELR1;COG7;TMEM115;COG4;TUBB3;SPTBN4;TRAPPC6A;PREB;CAPZB;KDELR3;TUBA1A;TUBB6;FUT3;SAR1B;SEC22A;CTSC;CNIH1;KDELR2;FUT8;ANK1;LMAN2L;ARFGAP2;TMED10;COPZ2;TFG;CD59;SERPINA1;COG8;TUBB2A;CSNK1D;MGAT4B;TMED2;ARF4;FOLR1;ARFGAP1",-1.3970559015506048,0.0533627802170387,FALSE,
"REACTOME_RET_SIGNALING",37,0.4172507427853436,1.651131338492869,0.011536772890248553,0.036498925337867194,"GAB1;SOS1;PRKACB;PIK3CB;PTPN11;PIK3CA;PIK3R1;PRKCA;GDNF;GAB2;FRS2;GFRA1;SHC3",1.6017329928357082,0.06003685177381509,FALSE,
"REACTOME_SIGNALING_BY_TGFB_FAMILY_MEMBERS",147,0.27252001044018737,1.4241765992433886,0.011549014198236575,0.036498925337867194,"CBL;BMPR2;TGFBR2;TRIM33;ITGA8;ZFYVE16;EP300;TNRC6A;TFDP2;CCNT2;SKIL;CGN;ACVR2B;USP9X;SP1;RBL1;INHBB;AGO2;LTBP1;SMAD7;ITGB1;XPO1;NCOR1;AGO4;SMAD9;PARD3;RNF111;SMURF1;TNRC6C;BMPR1A;ZFYVE9;TCF4;AGO3;TCF12;SMAD5;CCNK;ITGB6;NEDD4L;MMP16;MAPK1;CHRDL1;SMURF2;TNRC6B;ACVR1C;ITGB3;PMEPA1;ITGAV",1.4546411382267355,0.019116902129015526,TRUE,
"REACTOME_MATURATION_OF_DENV_PROTEINS",51,-0.44123546529265323,-1.5964254163081573,0.01167115356519003,0.036777704839145324,"DPM3;UBA52;TMEM258;RPN1;UBB;OST4;DPM2;CALR;DDOST;DAD1;UBE2I;UBC;OSTC;SEC11C;SPCS1;SPCS2;P4HB;RPS27A",-1.5611408204101322,0.04974170150539035,TRUE,
"REACTOME_THE_ROLE_OF_NEF_IN_HIV_1_REPLICATION_AND_DISEASE_PATHOGENESIS",28,-0.5259727643726954,-1.6627959926558133,0.011886973299682146,0.03734921465755202,"AP2S1;ARF1;AP2M1;AP1S1;HLA-A;LCK;AP1M2;CD247;AP1B1;AP1M1;AP2A2;HCK;B2M;AP2A1",-1.6444090166798344,0.045478560856909454,TRUE,
"REACTOME_APC_CDC20_MEDIATED_DEGRADATION_OF_NEK2A",26,-0.5377725028777195,-1.6674082580792116,0.01215317103500841,0.0380289652964332,"UBA52;ANAPC11;ANAPC15;UBB;CDC20;ANAPC5;ANAPC2;BUB3;ANAPC7;UBE2S;UBC",-1.6683341493234427,0.023498307308708548,TRUE,
"REACTOME_FATTY_ACID_METABOLISM",147,-0.33946074739133103,-1.4313824812331823,0.012173478743415424,0.0380289652964332,"GPX1;ECI1;MCAT;GPX4;PTGES2;ACOT7;CBR1;ECHS1;HSD17B8;NDUFAB1;TECR;DECR2;LTC4S;SLC27A3;PCCB;ACBD6;MECR;ELOVL1;SLC25A17;ACADS;ABCD1;PPT1;PTGDS;ACOT8;ALOX15B;MID1IP1;FAAH;PTGS2;ALOX5AP;ACAA1;ECI2;ACSF3;SLC27A1;ACOT1;ACOXL;ACADVL;ACOT13;HACD1;PON3;PRXL2B;CPT1B;HADH;PTGES;FADS2;ACOX3;DPEP2;GPX2;PLA2G4A;PTGES3;DBI;MAPKAPK2;ALOX5;ALDH3A2;ELOVL7;ACOT2;CRAT",-1.5114885287248312,0.0149379540918998,TRUE,
"REACTOME_LDL_CLEARANCE",17,-0.592435786939994,-1.6632684067883916,0.012263734488549087,0.038200828119503476,"AP2S1;NPC2;CLTA;AP2M1;PCSK9;LSR;AP2A2;AP2A1",-1.6507805340067079,0.04459480531535172,TRUE,
"REACTOME_TRNA_MODIFICATION_IN_THE_NUCLEUS_AND_CYTOSOL",45,-0.45373666573919247,-1.5949517997451712,0.012338057009442687,0.038322217186922275,"OSGEP;CTU1;TRMT112;GON7;ADAT3;CTU2;METTL1;LAGE3;PUS1;QTRT1;TRMT1;DUS2;URM1;FTSJ1;THG1L",-1.6265981958546385,0.02639146077749637,TRUE,
"REACTOME_REGULATION_OF_EXPRESSION_AND_FUNCTION_OF_TYPE_II_CLASSICAL_CADHERINS",27,0.4646431144268413,1.6905049731468673,0.0125628873183216,0.03890905672303033,"TNRC6A;SP1;AGO2;AMOT;FOXF1;AGO4;TNRC6C;AGO3;ADAM19;TNRC6B;CTNND1;HEYL;BHLHE22;AGO1;CTNNA1;ZEB2",1.726750511389889,0.02436720418211846,TRUE,
"REACTOME_INTERLEUKIN_12_FAMILY_SIGNALING",49,-0.4405357424274894,-1.5741752327591194,0.012610333283242507,0.03894473298870336,"SOD1;ARF1;BOLA2B;PSME2;RPLP0;AIP;GSTO1;TALDO1;IL12RB1;CFL1;PPIA;ANXA2;HNRNPF;IL23A;P4HB;TYK2;SOD2;CRLF1;SNRPA1;IL27RA;STAT1",-1.4562338577578149,0.09820356066757484,FALSE,
"REACTOME_KSRP_KHSRP_BINDS_AND_DESTABILIZES_MRNA",17,-0.5910789690013623,-1.6594591291234715,0.012788381333037974,0.03938240160515103,"EXOSC4;EXOSC7;EXOSC3;EXOSC2;EXOSC1;AKT1;EXOSC5;MAPK11",-1.5465165169891244,0.08365807497918934,FALSE,
"REACTOME_MITOCHONDRIAL_BIOGENESIS",93,-0.3707432247763581,-1.4814776454839647,0.013458771211229504,0.04126433402207511,"ATP5MF;ATP5ME;MTX1;ATP5F1D;ATP5MJ;TMEM11;ATP5PO;ATP5MG;MICOS13;MAPK12;ATP5F1B;ATP5MC1;PRKAG1;ATP5F1A;ATP5MC3;ATP5MC2;HDAC3;POLRMT;ATP5F1C;CHCHD6;SAMM50;ATP5PD;MAPK11;IDH2;SSBP1;ATP5PB;ATP5PF;SMARCD3;SIRT3;ATP5MK;SIRT4;CARM1;MICOS10;SOD2",-1.444015981867289,0.05610898869980885,FALSE,
"REACTOME_GENE_SILENCING_BY_RNA",66,-0.4031378456117332,-1.526661600838424,0.013475621996138921,0.04126433402207511,"POLR2I;POLR2L;POLR2F;POLR2G;H2AC20;TARBP2;RAN;H2AX;ELAC2;POLR2H;POLR2E;ANG;POLR2J;PLD6;PIWIL1;H4C5;H2AZ2",-1.5135609204618938,0.0592549566048879,FALSE,
"REACTOME_ACTIVATION_OF_THE_PRE_REPLICATIVE_COMPLEX",32,-0.49719013087658037,-1.6321438625281286,0.01355248391139554,0.041382795943528915,"MCM5;POLA2;CDT1;CDC45;MCM7;RPA1;RPA3;MCM2;POLE4;RPA2;ORC1;POLE3;MCM3;GMNN;POLE2;MCM4;ORC5",-1.754926198826862,0.011638448747858545,TRUE,
"REACTOME_FC_EPSILON_RECEPTOR_FCERI_SIGNALING",159,-0.33269034839088546,-1.4180123713683872,0.013657696811229858,0.04158691950385721,"PSMA6;PSMB6;PSMB4;UBA52;PSMB3;HRAS;PSMC3;PSMB5;UBB;PSMB1;PSMB7;PSMD8;PSMD13;PSMC5;PSMA5;PSMC4;PSMA1;PSMB2;NFKBIA;ADRM1;PSMC2;PSMD2;PSMD14;PSMA7;CDC34;PSMA3;UBC;NFATC1;MAPK3;FCER1G;PSMD3;PSMA4;SEM1;PSMD7;RPS27A;LAT2;TAB1",-1.4598029123587513,0.026728888390755833,TRUE,
"REACTOME_SYNTHESIS_OF_ACTIVE_UBIQUITIN_ROLES_OF_E1_AND_E2_ENZYMES",30,-0.48946373021415635,-1.5772211416457347,0.01404387418498735,0.04264302413592797,"UBA52;UBB;UCHL3;CDC34;USP5;UBE2S;UBC;UBE2T;UBA1;RPS27A;UBE2L3;UBE2D2",-1.466268378743583,0.10045504512104711,FALSE,
"REACTOME_ARACHIDONATE_METABOLISM",45,-0.45077090168977707,-1.5845266984355195,0.014116470598333111,0.042743726616181824,"GPX1;GPX4;PTGES2;CBR1;LTC4S;PTGDS;ALOX15B;FAAH;PTGS2;ALOX5AP;SLC27A1;PON3;PRXL2B;PTGES;DPEP2;GPX2;PLA2G4A;PTGES3;MAPKAPK2;ALOX5",-1.4717687228602854,0.09537158390369399,FALSE,
"REACTOME_DEVELOPMENTAL_LINEAGE_OF_MAMMARY_GLAND_MYOEPITHELIAL_CELLS",17,0.5382183463223795,1.7461033743626753,0.014231283957254572,0.042971342088200436,"CDH1;ITGA6;EGFR;ITGB1;EPCAM;MME;MYH11;AREG;EGF;ALDH1A3",1.6914032845700513,0.0625580285889572,FALSE,
"REACTOME_TRANSCRIPTIONAL_REGULATION_OF_PLURIPOTENT_STEM_CELLS",21,0.48042712384154995,1.5992917689665094,0.014275790721928685,0.042985992062696377,"PBX1;EPAS1;SALL1;NR6A1;HIF3A;SALL4;TSC22D1",1.3576673302184699,0.18342015252782848,FALSE,
"REACTOME_MTORC1_MEDIATED_SIGNALLING",24,-0.5327098080249915,-1.6287067356115918,0.014563248230290137,0.043730086098710555,"LAMTOR5;MLST8;LAMTOR4;LAMTOR1;EIF4EBP1;LAMTOR2;RPS6;AKT1S1;RRAGC",-1.6430189326724436,0.03765466035842074,TRUE,
"REACTOME_PROCESSIVE_SYNTHESIS_ON_THE_C_STRAND_OF_THE_TELOMERE",19,-0.5486185337124371,-1.5980985566657055,0.014715629004000197,0.044065585194298935,"POLD2;ACD;FEN1;PCNA;POLD1;RPA1;RPA3;POLD4;TINF2;RPA2;LIG1",-1.5493155345045027,0.06624942835027325,FALSE,
"REACTOME_FORMATION_OF_WDR5_CONTAINING_HISTONE_MODIFYING_COMPLEXES",42,0.38892898337978343,1.5916823904081439,0.01481270263941201,0.04423407620143972,"KMT2C;BOD1L1;NCOA6;PHF20;KMT2A;KMT2D;PHF20L1;YEATS2;KDM6A;KANSL1;OGT;KAT2B;ZZZ3",1.6432643624361352,0.043282395522701723,TRUE,
"REACTOME_HSF1_DEPENDENT_TRANSACTIVATION",32,-0.492897403442415,-1.6180519723234166,0.014966622188989026,0.04452469418213382,"MLST8;UBB;HSBP1;DEDD2;MRPL18;HSPB1;HSPA6;SERPINH1;FKBP4;AKT1S1;HSF1;HSPA2;DNAJB1;HSPA8",-1.5369112571146688,0.08175514095909317,FALSE,
"REACTOME_SLC_MEDIATED_TRANSPORT_OF_INORGANIC_ANIONS",19,0.5044086182844197,1.642337096420665,0.015000542549538603,0.04452469418213382,"SLC26A2;SLC12A6;SLC4A7;SLC12A2;SLC26A3;SLC13A4;SLC20A2;SLC20A1;AHCYL2;SLC4A4;SLC4A8",1.5465880159853957,0.07711266919341836,FALSE,
"REACTOME_REGULATED_NECROSIS",57,-0.4091045338300536,-1.5194476384696882,0.015033245452639277,0.04452469418213382,"UBA52;UBB;STUB1;GSDMD;TRADD;IRF1;BAK1;FADD;CDC37;CHMP2A;FLOT1;CHMP6;TRAF2;FASLG;UBC;FLOT2;IL1B;RPS27A;UBE2L3;TP53;BAX;FAS;CASP1;CASP4",-1.532007400604957,0.047832048055051014,TRUE,
"REACTOME_CHAPERONE_MEDIATED_AUTOPHAGY",20,-0.5448941113745206,-1.610760281851069,0.015310063732434693,0.04513415868667829,"UBA52;UBB;PARK7;HBB;UBC;EEF1A1;RNASE1;RPS27A;HSPA8;PLIN3",-1.655259235642864,0.03765466035842074,TRUE,
"REACTOME_SIGNALING_BY_MET",76,0.33283350928541844,1.5677275689290924,0.015322297413927686,0.04513415868667829,"GAB1;CBL;SOS1;DOCK7;USP8;PTPN11;PIK3CA;HGF;LAMC1;ITGA2;TNS3;PIK3R1;LAMA2;ITGB1;LAMA4;NRAS;RAPGEF1;EPS15;PTK2;MET;COL2A1;RANBP10;STAM2",1.6784161089175724,0.007874328672997137,TRUE,
"REACTOME_METABOLISM_OF_CARBOHYDRATES_AND_CARBOHYDRATE_DERIVATIVES",261,-0.3033185171234601,-1.3495390939668337,0.015822477732388703,0.046481208297857325,"UBA52;AKR1A1;SEC13;ALDOA;UBB;GAPDH;TPI1;HEXA;GALK1;PKM;ENO1;B3GNT4;B4GALT7;DCXR;TALDO1;AAAS;B4GALT2;HYAL2;CHST12;HS3ST1;ALDOC;GALT;PFKP;B3GAT3;B4GAT1;ENO2;G6PC3;GPI;CTSL;B4GALT3;PPP2R1A;TKT;B3GALT6;PGLS;PFKL;HPSE;G6PD;UBC;PGD;SHPK;GUSB;NAGLU;PHKG2;GLYCTK;PGAM1;HK3;PGK1;CHST7;NUP37;CHPF;IDUA;RPS27A;SLC35B2;HYAL3;SGSH;FUT1;PCK2;FUT3;NUP62;B3GALT4;SLC37A4;PPP2CA;NUP85;PRPS1;TKFC;FBP1;SEH1L;AKR1B1;PFKFB4;PYGB;MAN2B1;NUP93;SLC35D2;HK1;ADPGK;GALE;ENO3;NUP188;CHST14;CALM1;KHK;PYGL;HYAL1;CHST6;GYG1;CD44;FUT6;PAPSS1;GNPDA1;RBKS;UST;CSPG5;PGM1;B3GAT1;ALDOB;GLB1L2;CRYL1;NUP88",-1.3416513806998782,0.06185978877353399,FALSE,
"REACTOME_DISEASES_ASSOCIATED_WITH_GLYCOSYLATION_PRECURSOR_BIOSYNTHESIS",16,-0.5856518148741038,-1.6270701489637585,0.016516488783521122,0.048388848219829445,"DPM3;DPM2;GALK1;GALT;DOLK;MPI;SRD5A3",-1.609501690604624,0.04436661492228114,TRUE,
"REACTOME_NRIF_SIGNALS_CELL_DEATH_FROM_THE_NUCLEUS",15,-0.5799844676300226,-1.5882439804260902,0.01669915524051731,0.04874496425461773,"UBA52;UBB;APH1A;UBC;PSENEN;RPS27A",-1.6179943517753335,0.0769327867345336,FALSE,
"REACTOME_METABOLISM_OF_STEROID_HORMONES",19,-0.5427218766734836,-1.580921887406399,0.016727976663023798,0.04874496425461773,"TSPO;FDXR;SRD5A3;HSD11B1;FDX1;AKR1B1;STARD3;HSD17B2;SRD5A1;HSD17B14",-1.489619228682205,0.11990864278978758,FALSE,
"REACTOME_DOWNSTREAM_SIGNAL_TRANSDUCTION",28,0.434070597693483,1.5997693121432979,0.01688836529738429,0.049030658001146865,"SOS1;PIK3CB;PTPN11;PIK3CA;RASA1;STAT5B;PIK3R1;PDGFRA;NRAS;RAPGEF1",1.6225712520401292,0.049327211899175064,TRUE,
"REACTOME_APOPTOTIC_CLEAVAGE_OF_CELLULAR_PROTEINS",38,0.3957311806966784,1.5892542316404095,0.016916481635082036,0.049030658001146865,"DSP;CDH1;ROCK1;SATB1;TJP2;TJP1;CASP8;STK24;DSG2;APC;SPTAN1;PTK2",1.6215247554123486,0.05076075413125877,FALSE,
"REACTOME_PRE_NOTCH_EXPRESSION_AND_PROCESSING",73,0.32118936660807645,1.4890184286226966,0.01726870148535335,0.04991805976032808,"EP300;TNRC6A;E2F3;TFDP2;MAML2;MAML1;MAML3;AGO2;H3-3A;POFUT1;SEL1L;AGO4;TNRC6C;CREBBP;PRKCI;RUNX1;AGO3;RAB6A;KAT2B;CCND1;H4C16",1.5444548857230513,0.028273415481778235,TRUE,
"REACTOME_PHOSPHORYLATED_BMAL1_CLOCK_ARNTL_CLOCK_ACTIVATES_EXPRESSION_OF_CORE_CLOCK_GENES",22,0.4713944853729853,1.6012436314673628,0.017369195091947353,0.05007501989274184,"KMT2A;RORA;CREB1;CLOCK;CREBBP;PER2;CIPC",1.4337105759815925,0.18482083920928533,,
"REACTOME_GOLGI_TO_ER_RETROGRADE_TRANSPORT",120,-0.3437371860673319,-1.4231489970254287,0.01750087712382526,0.05032082440908908,"COPE;DCTN3;DYNLL1;PAFAH1B3;ARF1;DCTN2;TUBB4B;ARF5;BNIP1;USE1;TMED9;TMED3;TUBA1B;SURF4;TUBA4A;COPZ1;RAB1B;TUBA1C;KIF9;NAPA;KIF22;ACTR1A;COPG1;KDELR1;STX18;KLC3;KLC2;TUBB3;KIFC1;CAPZB;KLC1;KDELR3;TUBA1A;TUBB6;KIF2C",-1.3246068044310801,0.12904761904761905,,
"REACTOME_PROTEIN_UBIQUITINATION",71,-0.38869526463477766,-1.4776207525365703,0.018213159603346223,0.05223033071435795,"UBA52;RNF181;UBB;UBE2J2;PEX14;SKIC8;PCNA;UCHL3;HLA-A;PAF1;CDC34;USP5;UBE2S;PEX10;SELENOS;UBC;UBE2T;UBA1;RPS27A;TMEM129;VCP;UBE2L3;UBE2D2;RRAGA",-1.3067896878038463,0.18335763362779572,,
"REACTOME_DEADENYLATION_OF_MRNA",25,0.4482657443204098,1.592306548430571,0.018316124538604827,0.05238701583073254,"CNOT1;TUT7;PAN3;CNOT4;TUT4;CNOT6L;CNOT11",1.5231688114284183,0.0957493747208131,,
"REACTOME_FCERI_MEDIATED_CA_2_MOBILIZATION",73,0.3178789861416295,1.4736716642750871,0.018699228747272496,0.05323830133193672,"SOS1;NFATC2;ITPR1;NFATC3;ITPR2;MS4A2;IGHV2-5;VAV3;SYK;IGKV1D-16;IGHV3-7;FCER1A;IGHV3-13;IGHV4-39;IGHV3-11;PLCG1;ITPR3;TXK;IGKV2-30;IGKV3D-20;VAV2;IGHV1-2;IGLV1-40;SHC1;IGLV2-11;IGHV3-48;IGKV3-11;GRB2;IGLV3-19;IGHV1-46;IGLV3-25;IGLV3-27;PPP3CA;IGHV4-34;IGLV7-43;AHCYL1;IGKV3-20",1.1420656859323792,0.3561343119759272,,
"REACTOME_NUCLEOTIDE_CATABOLISM",29,-0.4821519274773159,-1.5346761699900133,0.018711985984748977,0.05323830133193672,"DNPH1;NT5C;TYMP;NUDT1;PNP;UPP1;NUDT18;ITPA;ADPRM;NT5M;ENTPD6",-1.5559304020161935,0.049356583027437125,,
"REACTOME_APOPTOTIC_EXECUTION_PHASE",48,0.3669035192253769,1.5470489298577148,0.01888057355917263,0.053577334393044844,"DSP;CDH1;PAK2;ROCK1;SATB1;TJP2;TJP1;CASP8;STK24;DSG2;APC;KPNA1;SPTAN1;PTK2;H1-0",1.6119847054423884,0.02984359951273143,,
"REACTOME_TRANSCRIPTIONAL_REGULATION_BY_RUNX1",180,-0.3162716425113344,-1.3644213093586852,0.019131956419476407,0.054148931484888835,"PSMA6;PSMB6;PSMB4;UBA52;PSMB3;PSMC3;PSMB5;UBB;PRMT1;PSMB1;PSMB7;PSMD8;PSMD13;H2AC20;TNFRSF18;PSMC5;CSNK2B;H2AX;PSMA5;PSMC4;PSMA1;PSMB2;SMARCB1;ADRM1;PSMC2;ZFPM1;RING1;PSMD2;CTSL;CSF2;PSMD14;PSMA7;PML;PSMA3;UBC;H4C5;SPI1;PSMD3;CBX8;H2AZ2;PSMA4;CCND3;SEM1;TP73;PSMD7;RPS27A;SMARCD3",-1.3018039182861216,0.11309913765911087,,
"REACTOME_HIV_TRANSCRIPTION_INITIATION",45,-0.4377343300233203,-1.538701211954174,0.019229431326020615,0.05428308218074569,"POLR2I;POLR2L;POLR2F;POLR2G;POLR2H;POLR2E;POLR2J;TAF10;TAF9;GTF2A2;ERCC2;GTF2F1;POLR2C;GTF2H5;TAF11;GTF2B;GTF2E2;TBP",-1.5392852873134748,0.050385600740652965,,
"REACTOME_DEFECTIVE_INTRINSIC_PATHWAY_FOR_APOPTOSIS",24,-0.5225552232881,-1.5976601126488363,0.01954203072902434,0.05502223716951268,"C1QBP;PRDX2;PRDX1;CDK5;CAPNS1;LMNA;YWHAE;FASLG;CAPN1;CDKN2A;TP53;SOD2",-1.6233154729822605,0.04262946477601289,,
"REACTOME_MYOGENESIS",21,0.4700885807321623,1.5648758376474394,0.019612400692521532,0.05507731178936099,"SPAG9;MEF2A;MAPK14;ABL1;MAP2K6;TCF4;NEO1;TCF12;MEF2C;BNIP2;MEF2D;CTNNA1;BOC",1.6812807628543152,0.05492491586508626,,
"REACTOME_SEMAPHORIN_INTERACTIONS",61,0.33495795826397295,1.4904478243538022,0.01968370282851318,0.05509068787265705,"ROCK2;SEMA5A;ARHGEF12;GSK3B;FARP2;PAK2;ROCK1;ARHGAP35;ARHGEF11;PLXNA4;ITGB1;SEMA6D;PLXNA2",1.6351785916732946,0.03082606680017358,,
"REACTOME_REGULATION_OF_CHOLESTEROL_BIOSYNTHESIS_BY_SREBP_SREBF",55,0.33180222307833973,1.4449711498106672,0.019718807098331122,0.05509068787265705,"CHD9;PPARA;NCOA2;NCOA6;MED1;NCOA1;SP1;MBTPS2;SEC24B;MTF1;SEC24C;CREBBP;GPAM;SEC23A;ACACA;NFYA;HMGCR;HMGCS1;SEC24A;ACACB;SQLE;KPNB1;TGS1",1.444079597133854,0.08580753619443073,,
"REACTOME_SENESCENCE_ASSOCIATED_SECRETORY_PHENOTYPE_SASP",75,-0.38407153536925204,-1.480030346847137,0.020079479360228338,0.055954127574518044,"UBA52;ANAPC11;ANAPC15;UBB;H2AC20;H2AX;CXCL8;CDK4;ANAPC5;ANAPC2;CDKN2D;ANAPC7;UBE2S;FZR1;UBC;H4C5;MAPK3;CEBPB;IL6;H2AZ2;EHMT2;IGFBP7;RPS27A;CDKN2A;CDKN2C;H2AJ;IL1A;RPS6KA1;ANAPC10;CDC26;MAPK7",-1.573055058112529,0.033912452383293976,,
"REACTOME_MITOPHAGY",38,-0.45439800530928404,-1.5471261286654885,0.020436268551374252,0.056802346435101764,"UBA52;UBB;TOMM5;CSNK2B;TOMM22;PGAM5;TOMM7;TOMM40;UBC;RPS27A;UBE2L3;UBE2D2;VDAC3",-1.576258613893258,0.058292774004096326,,
"REACTOME_UNFOLDED_PROTEIN_RESPONSE_UPR",88,-0.37222364971339034,-1.4792502488752388,0.020494939780661775,0.05681973074741014,"EXOSC4;MYDGF;YIF1A;KLHDC3;EXOSC7;CXXC1;CREB3;NFYC;CALR;CXCL8;ATP6V0D1;EXOSC3;SRPRB;LMNA;EXOSC2;ZBTB17;EXOSC1;EXOSC5;SERP1;CEBPB;CREB3L4;ATF4;PREB;KDELR3;PDIA5;XBP1;GSK3A;EXOSC9;ACADVL;DDIT3;CREB3L1;DNAJB11;SSR1;HSPA5;CCL2;ARFGAP1;EIF2S1;PDIA6;PPP2R5B;EXOSC6;TPP1;DDX11",-1.3893288036554663,0.09899543378995435,,
"REACTOME_AFLATOXIN_ACTIVATION_AND_DETOXIFICATION",15,-0.5670047800188045,-1.5527000790513403,0.020841506621773746,0.05763314586225189,"ACY1;AKR7A2;AKR7A3;MGST3;ACY3;MGST2;AKR7L;MGST1;DPEP2",-1.610260192686268,0.08365807497918934,,
"REACTOME_DOWNSTREAM_SIGNALING_OF_ACTIVATED_FGFR3",18,0.5117437631958742,1.67613191868068,0.021097120546465575,0.05819154878465314,"GAB1;SOS1;PTPN11;PIK3CA;PIK3R1;NRAS;FRS2;FGFR3;KRAS;PLCG1",1.6177099895124738,0.09268368577188224,,
"REACTOME_COPI_DEPENDENT_GOLGI_TO_ER_RETROGRADE_TRAFFIC",87,-0.37314427470173184,-1.4837295776048518,0.021234867618723556,0.058422833753036384,"COPE;ARF1;TUBB4B;ARF5;BNIP1;USE1;TMED9;TMED3;TUBA1B;SURF4;TUBA4A;COPZ1;RAB1B;TUBA1C;KIF9;NAPA;KIF22;COPG1;KDELR1;STX18;KLC3;KLC2;TUBB3;KIFC1;KLC1;KDELR3;TUBA1A;TUBB6;KIF2C;KIF19;KDELR2",-1.385872766631681,0.1058014000574772,,
"REACTOME_NCAM_SIGNALING_FOR_NEURITE_OUT_GROWTH",52,0.3512332808312246,1.516846540230804,0.02134689373589374,0.05858236154356662,"SOS1;COL4A5;CREB1;CACNB2;COL9A3;NCAM1;NRAS;GDNF;CACNA1D;SPTBN1;SPTAN1;COL4A1;PTK2;MAPK1;GFRA1;COL2A1;COL4A4;COL6A3;KRAS;CACNA1H;RPS6KA5;COL4A2",1.6822676248151496,0.0149379540918998,,
"REACTOME_NOTCH3_ACTIVATION_AND_TRANSMISSION_OF_SIGNAL_TO_THE_NUCLEUS",25,-0.5050013091700766,-1.5564055782726574,0.021966440165745272,0.060130356413302714,"UBA52;UBB;MIB2;APH1A;YBX1;UBC;PSENEN;RPS27A;TACC3",-1.480204952135228,0.12172998952055439,,
"REACTOME_MITOCHONDRIAL_UNFOLDED_PROTEIN_RESPONSE_UPRMT",18,-0.5532377040099629,-1.5738538672180398,0.022310549943363147,0.06091847893855328,"HSPE1;HTRA2;LONP1;AKT1;DNAJA1;ATF5;HSF1;SIRT3;SOD2;NRF1",-1.5323910172052164,0.08464284249426166,,
"REACTOME_PI3K_AKT_SIGNALING_IN_CANCER",93,0.28788452875700554,1.413370774702184,0.022372733269566895,0.060934781065855564,"GAB1;STRN;GSK3B;FOXO3;PIK3CB;PDPK1;PTPN11;PIK3CA;HGF;PIK3R1;NRG1;CREB1;EGFR;KL;PDGFRA;RICTOR;CDKN1B;KIT;GAB2;FRS2;MET;FGF10",1.4192993465390267,0.06756188914328136,,
"REACTOME_RNA_POLYMERASE_III_TRANSCRIPTION_INITIATION_FROM_TYPE_3_PROMOTER",28,-0.5050913111310954,-1.5967819342808078,0.022446205481604142,0.06098167103272905,"POLR2L;POLR3K;POLR2F;POLR1C;POLR2H;POLR2E;POLR3H;SNAPC2;ZNF143;BRF2;POLR3GL;SNAPC1;SNAPC5;TBP;POLR3C;POLR3G;POLR3B;SNAPC4;POLR2K;POLR3E;POLR3D",-1.5786911897165528,0.07027148211163099,,
"REACTOME_RNA_POLYMERASE_II_TRANSCRIPTION_TERMINATION",64,-0.39129425280942,-1.4807274573279183,0.022708427863406908,0.061539839509832724,"LSM10;SRSF9;THOC6;SNRPF;DDX39A;ALYREF;SNRPB;EIF4A3;THOC5;CPSF4;SRSF7;CHTOP;RBM8A;U2AF1L4;SNRPG;MAGOH;SLBP;SNRPE;CLP1;MAGOHB;RNPS1;U2AF2;THOC3;CPSF1",-1.3809596779974824,0.12904761904761905,,
"REACTOME_DDX58_IFIH1_MEDIATED_INDUCTION_OF_INTERFERON_ALPHA_BETA",67,-0.38697732489787096,-1.4668062495050591,0.022938970278263835,0.06188342429185216,"UBA52;UBB;UBE2L6;PIN1;ISG15;NFKB2;FADD;IRF7;NFKBIA;PCBP2;NFKBIB;SAA1;IRF3;TRAF2;UBC;RPS27A;UBA7;DHX58;UBE2D2;NLRX1;TKFC;IKBKE;OTUD5",-1.48725685442781,0.060570288685634716,,
"REACTOME_NOTCH4_INTRACELLULAR_DOMAIN_REGULATES_TRANSCRIPTION",19,0.4826067109423936,1.5713508366649964,0.02294938797539167,0.06188342429185216,"EP300;MAML2;MAML1;MAML3;CREBBP;KAT2B",1.8663026142922161,0.013054710261062715,,
"REACTOME_DAG_AND_IP3_SIGNALING",37,0.388610626563247,1.5377975835504376,0.02404585525519881,0.06455261740937909,"PRKAR2A;PRKACB;PRKCE;PRKCA;CREB1;ITPR1;ITPR2;PDE1C;PRKAR1A;ADCY6;NBEA;ADCY5;PLCG1;ITPR3;CAMK4;CAMK2G;ADCY2;CAMKK2;CAMK2D",1.558998088606493,0.07722577841404556,,
"REACTOME_SEALING_OF_THE_NUCLEAR_ENVELOPE_NE_BY_ESCRT_III",23,-0.50872455789109,-1.5433950061213781,0.024058355565857153,0.06455261740937909,"TUBB4B;TUBA1B;TUBA4A;CHMP2A;CHMP6;TUBA1C;VPS4A;TUBB3;TUBA1A;TUBB6",-1.4620792146866626,0.10841374366892526,,
"REACTOME_CA2_PATHWAY",56,0.3336202248452475,1.4578014693694792,0.02453017903336424,0.06565547536187748,"TNRC6A;PRKCA;AXIN2;PLCB1;AGO2;ITPR1;ITPR2;NLK;AGO4;TNRC6C;PRKG1;AGO3;GNG12;MAP3K7;GNAO1;PRKG2;TNRC6B;WNT11;KRAS;TCF7;FZD5;FZD6;WNT5A;ITPR3;AGO1;FZD3;FZD4;GNG4",1.4819576779397217,0.06941430074304916,,
"REACTOME_DENGUE_VIRUS_GENOME_TRANSLATION_AND_REPLICATION",81,-0.37674614757066055,-1.4817758475892555,0.02459051936985448,0.06565547536187748,"DPM3;UBA52;UFD1;TMEM258;RPN1;UBB;OST4;DPM2;EIF4A3;CALR;DDOST;DAD1;UBE2I;YBX1;UBC;OSTC;SEC11C;SPCS1;SPCS2;P4HB;RPS27A;HSPA8;NACA;VCP;SEC11A",-1.4618860682837165,0.055178864847519354,,
"REACTOME_DEUBIQUITINATION",237,-0.29971274724761443,-1.3210668977581048,0.024966092628735233,0.06649370459844818,"NEDD8;BABAM1;PSMA6;PSMB6;PSMB4;UBA52;UFD1;PSMB3;PSMC3;PSMB5;UBB;PSMB1;OTUB1;H2AC25;PSMB7;PSMD8;PSMD13;H2AC20;FKBP8;PSMC5;ACTB;PSMA5;CDC20;PSMC4;PSMA1;KEAP1;MCRS1;PSMB2;NFKBIA;ADRM1;TNIP2;PSMC2;TAF10;JOSD2;ARRB2;UCHL3;INO80E;PSMD2;INO80C;PSMD14;PSMA7;RCE1;USP5;PSMA3;TRAF2;UBC;USP18;TGFB1;RUVBL1;TFPT",-1.2943108587895453,0.08447235945950159,,
"REACTOME_REGULATION_OF_CDH1_POSTTRANSLATIONAL_PROCESSING_AND_TRAFFICKING_TO_PLASMA_MEMBRANE",31,-0.4855359532684136,-1.5804227029564857,0.02502715080827201,0.06649370459844818,"TMEM258;RPN1;OST4;CSNK2B;DDOST;DAD1;OSTC;POMT1;SEC11C;SPCS1;SPCS2;SEC11A;PRKCSH",-1.5085969697447699,0.11166111075258256,,
"REACTOME_SIGNALING_BY_FLT3_ITD_AND_TKD_MUTANTS",15,0.5224276532817498,1.617869966146987,0.025577685022772398,0.06779024587942611,"SOS1;PTPN11;PIK3CA;STAT5B;PIK3R1;NRAS;GAB2",1.634575662999628,0.12084048658606686,,
"REACTOME_TRANSCRIPTIONAL_REGULATION_BY_MECP2",46,0.373405151921414,1.5570491767420653,0.02568706317434689,0.06791408897802935,"PTPN4;TNRC6A;GRIN2B;CREB1;AGO2;LBR;MECP2;NCOR1;AGO4;TNRC6C;HIPK2;AGO3;PPARG;MET;MEF2C;TNRC6B;CAMK4;AGO1;HDAC2;FKBP5;PTPN1;CAMK2G;TBL1X;SIN3A",1.5922085290163053,0.0548864700742485,,
"REACTOME_FGFR2_ALTERNATIVE_SPLICING",27,-0.500802152550214,-1.5679953510042817,0.02695105037513894,0.0710825756852813,"POLR2I;POLR2L;POLR2F;POLR2G;POLR2H;POLR2E;POLR2J;HNRNPF;GTF2F1;POLR2C;HNRNPM",-1.5193068978406261,0.09426598834309366,,
"REACTOME_ATTENUATION_PHASE",24,-0.5049881378234253,-1.543950513181432,0.02723012929914186,0.07164432077735383,"UBB;HSBP1;DEDD2;MRPL18;HSPB1;HSPA6;SERPINH1;FKBP4;HSF1;HSPA2;DNAJB1;HSPA8",-1.494167925266169,0.08843150765362946,,
"REACTOME_CONSTITUTIVE_SIGNALING_BY_EGFRVIII",15,0.5161821934501882,1.5985288347524522,0.027489981570273905,0.07215288140962932,"GAB1;CBL;SOS1;PIK3CA;PIK3R1;EGFR",1.6017264747776716,0.13269070399410024,,
"REACTOME_PHOSPHORYLATION_OF_THE_APC_C",20,-0.5157309107759861,-1.524551008828686,0.027720749104799984,0.07258283098937968,"ANAPC11;ANAPC15;PLK1;ANAPC5;ANAPC2;ANAPC7;CCNB1;UBE2S",-1.525670260055301,0.09197591298106542,,
"REACTOME_NEGATIVE_REGULATORS_OF_DDX58_IFIH1_SIGNALING",35,-0.4589411155618973,-1.5454598585262327,0.027980141957664413,0.07308547923399572,"UBA52;UBB;UBE2L6;PIN1;ISG15;PCBP2;IRF3;UBC;RPS27A;UBA7;UBE2D2;NLRX1;IKBKE;OTUD5;NLRC5",-1.4834010870381382,0.09662771508191302,,
"REACTOME_EPIGENETIC_REGULATION_OF_GENE_EXPRESSION_BY_MLL3_AND_MLL4_COMPLEXES",97,0.2771310811909401,1.376154462702385,0.02806281274717053,0.07312521398541552,"KMT2C;NCOA3;MED13;NCOA2;NCOA6;MED23;MED1;KMT2D;EP300;MED14;NCOA1;H3-3A;KDM6A;NCOR1;ABL1;CREBBP;PLIN4;GPAM;PPARG;PLIN1;MGLL;H4C16;PDK4;RBBP5;PPARGC1B",1.1995628348842493,0.3112812359237013,,
"REACTOME_AGGREPHAGY",34,-0.45662460636520275,-1.5212781410306393,0.029629505847616273,0.07702250440963078,"UBA52;UBB;DYNLL1;TUBB4B;PARK7;TUBA1B;TUBA4A;TUBA1C;UBC;TUBB3;HSF1;RPS27A;TUBA1A;TUBB6;VCP",-1.4460099772055135,0.10630382151941406,,
"REACTOME_ESTROGEN_DEPENDENT_NUCLEAR_EVENTS_DOWNSTREAM_OF_ESR_MEMBRANE_SIGNALING",23,0.44993461215149383,1.5338898712168922,0.02971309779864016,0.07705501917159313,"FOXO3;CREB1;EGFR;XPO1;CDKN1B;PTK2;MAPK1;CCND1;UHMK1;EREG;AREG",1.4551430305846471,0.09537158390369399,,
"REACTOME_BASE_EXCISION_REPAIR_AP_SITE_FORMATION",36,-0.45447177287381213,-1.5378092949126725,0.03013090651498132,0.0779520349934123,"H2AC20;MPG;NTHL1;H2AX;SMUG1;ACD;H4C5;H2AZ2;TINF2;H2AJ;UNG;H2AC8;OGG1;NEIL2;H4C8;H2BC12;H2BC26;H2BC11;H2BC4;H2BC5;H4C9",-1.5029672954162907,0.0769327867345336,,
"REACTOME_ENDOSOMAL_SORTING_COMPLEX_REQUIRED_FOR_TRANSPORT_ESCRT",31,-0.4771585338551663,-1.553154147983863,0.030640568894632923,0.07897145047311865,"UBA52;UBB;VPS28;SNF8;CHMP2A;CHMP6;MVB12A;VPS37B;VPS25;UBC;VPS4A;RPS27A;VPS37D;VPS37C;TSG101",-1.5925013770354948,0.07150362356738671,,
"REACTOME_DISEASES_OF_PROGRAMMED_CELL_DEATH",68,-0.3788462462751617,-1.4360994991941127,0.030670646355334827,0.07897145047311865,"C1QBP;PRDX2;POLA2;H2AC20;TRADD;H2AX;FADD;PRDX1;CDK5;CAPNS1;LMNA;YWHAE;TRAF2;FASLG;EED;H4C5;CAPN1;H2AZ2",-1.5140270471273247,0.050385600740652965,,
"REACTOME_INTEGRIN_CELL_SURFACE_INTERACTIONS",75,0.3021212459992315,1.4155870488762023,0.031105363409941238,0.07990098089188698,"ITGA8;CDH1;COL4A5;KDR;ITGA2;ITGA6;COL4A6;ITGA9;ITGB1;COL9A3;HSPG2;ITGB6;COL4A1;ITGA1;COL2A1;JAM3;JAM2;ITGA4;ITGB3;ITGAV;COL8A1;ITGA10;COL4A4;COL6A3;COL4A2;MADCAM1;FBN1;COL9A1;ITGB8",1.6992892639573698,0.009738099168021023,,
"REACTOME_DOWNSTREAM_SIGNALING_OF_ACTIVATED_FGFR4",20,0.4612532189250568,1.5085582586397421,0.031231044761444345,0.0800341667172711,"GAB1;SOS1;PTPN11;PIK3CA;PIK3R1;NRAS;FRS2;FGF19;KRAS;PLCG1",1.4511092095306108,0.10833627278071722,,
"REACTOME_NUCLEAR_ENVELOPE_NE_REASSEMBLY",67,-0.37927333931918167,-1.4376049153031116,0.031356736568438924,0.08016675103817876,"SEC13;TUBB4B;RAN;TUBA1B;TUBA4A;BANF1;CHMP2A;LMNA;UBE2I;CHMP6;PPP2R1A;RANGAP1;RCC1;CCNB1;TUBA1C;CCNB2;VPS4A;TUBB3;NUP37;EMD;TUBA1A;TUBB6;NUP62;PPP2CA;NUP85;SEH1L;NUP93",-1.3397373103662942,0.16093194043736672,,
"REACTOME_MET_ACTIVATES_PTK2_SIGNALING",30,0.41761256305716454,1.561989010212539,0.031588675400547675,0.0805697038451616,"HGF;LAMC1;ITGA2;LAMA2;ITGB1;LAMA4;PTK2;MET;COL2A1",1.8253672225989395,0.01894921885836178,,
"REACTOME_AMYLOID_FIBER_FORMATION",62,-0.38336212984613166,-1.442463467693588,0.0325,0.08250585480093678,"UBA52;UBB;UBE2L6;CST3;H2AC20;H2AZ1;H2AX;APOE;APH1A;TSPAN15;SAA1;UBC;H4C5;PSENEN;GGA1;LYZ;RPS27A;B2M;MFGE8;SIAH2",-1.4882044454829415,0.06026018730035776,,
"REACTOME_SELECTIVE_AUTOPHAGY",78,-0.36825158430544674,-1.4289282626597155,0.0325,0.08250585480093678,"UBA52;UBB;TOMM5;DYNLL1;TUBB4B;CSNK2B;PARK7;TOMM22;TUBA1B;PGAM5;TOMM7;TUBA4A;PRKAG1;TOMM40;TUBA1C;UBC;TUBB3;HSF1;RPS27A;HSPA8;TUBA1A;TUBB6;VCP;UBE2L3;UBE2D2;PLIN3;VDAC3",-1.342386437343484,0.15740651865196856,,
"REACTOME_CYTOSOLIC_TRNA_AMINOACYLATION",24,-0.49604339802489905,-1.5166028696075984,0.03262695794225788,0.08263463179768119,"WARS1;FARSA;HARS1;VARS1;QARS1;AIMP2;MARS1;KARS1;CARS1;PPA1;EEF1E1;SARS1",-1.6072612663727512,0.04459480531535172,,
"REACTOME_E3_UBIQUITIN_LIGASES_UBIQUITINATE_TARGET_PROTEINS",51,-0.4062519659890979,-1.4698523009704034,0.03307895555383125,0.08358412079336382,"UBA52;RNF181;UBB;UBE2J2;PEX14;SKIC8;PCNA;HLA-A;PAF1;PEX10;SELENOS;UBC;RPS27A;TMEM129;VCP;UBE2L3;UBE2D2;RRAGA",-1.2731803144420266,0.26969199382992487,,
"REACTOME_SIGNALING_BY_NTRK2_TRKB",24,0.43608212451961664,1.513295357331852,0.03329586167587807,0.08393654431779496,"GAB1;SOS1;PTPN11;PIK3CA;GRIN2B;PIK3R1",1.4864263019243327,0.10168348520061059,,
"REACTOME_MRNA_DECAY_BY_3_TO_5_EXORIBONUCLEASE",16,-0.5485199458558226,-1.523909612070579,0.03408937182220453,0.08573753841129862,"EXOSC4;EXOSC7;EXOSC3;SKIC8;DCPS;EXOSC2;EXOSC1;EXOSC5",-1.5673689988516082,0.06026018730035776,,
"REACTOME_SIGNALING_BY_ERBB2_ECD_MUTANTS",16,0.49172953821343174,1.5543267033599137,0.0348422449937726,0.08742822586400346,"GAB1;SOS1;ERBIN;PIK3CA;PIK3R1;EGFR",1.5615127121414605,0.0752854694263487,,
"REACTOME_SIGNALING_BY_ERYTHROPOIETIN",24,0.43289873975596915,1.5022483523927352,0.03536068116462964,0.08852419949759475,"GAB1;SOS1;PIK3CB;PIK3CA;STAT5B;PIK3R1",1.6164195905822603,0.05503913201600242,,
"REACTOME_RESPIRATORY_SYNCYTIAL_VIRUS_INFECTION_PATHWAY",105,-0.3457617308496141,-1.4062016286022552,0.03575685339690107,0.08930974442912619,"MED11;UBA52;MED8;UBB;ELOB;PPP1CA;MED27;RBX1;UBE2L6;CSNK2B;MED19;ISG15;MED31;MED10;IFNAR2;MED16;IRF3;RAB5C;CD14;UBC;ELOC;MED26;BCAP31;MED9;SEC11C;SPCS1;SPCS2;MED18;MED15;RPS27A;HSPA8;TYK2",-1.3250145853310906,0.14707506569676657,,
"REACTOME_SARS_COV_1_ACTIVATES_MODULATES_INNATE_IMMUNE_RESPONSES",40,-0.42491672509926937,-1.4763172188803424,0.036048064085447265,0.08983011831867778,"UBA52;UBB;PPIB;PYCARD;NFKBIA;PPIH;BST2;PCBP2;PPIA;IRF3;UBC;STING1;RPS27A;NMI;CASP1;TKFC;IKBKE",-1.58369268298515,0.03755422843149059,,
"REACTOME_SHC1_EVENTS_IN_ERBB2_SIGNALING",18,0.4812111733883564,1.5761274789259805,0.036166657815173316,0.08991893823772448,"SOS1;PRKCE;PRKCA;NRG1;EGFR;NRAS;PTPN12;EREG;KRAS;ERBB3;EGF",1.6472851003829487,0.07794373937566162,,
"REACTOME_INHIBITION_OF_THE_PROTEOLYTIC_ACTIVITY_OF_APC_C_REQUIRED_FOR_THE_ONSET_OF_ANAPHASE_BY_MITOTIC_SPINDLE_CHECKPOINT_COMPONENTS",21,-0.4983360938521151,-1.485518719616494,0.03671667060740507,0.09107750786825422,"ANAPC11;ANAPC15;CDC20;ANAPC5;ANAPC2;BUB3;ANAPC7;UBE2S",-1.4552198594211772,0.11859214803700925,,
"REACTOME_FLT3_SIGNALING_IN_DISEASE",26,0.43126658246709265,1.556051003270183,0.037656524423892286,0.09319559925913068,"CBL;ZMYM2;SOS1;PTPN11;PIK3CA;GOLGB1;STAT5B;PIK3R1;TRIP11;NRAS;SPTBN1;GAB2",1.556504882650038,0.07798788865308942,,
"REACTOME_SUMOYLATION_OF_DNA_DAMAGE_RESPONSE_AND_REPAIR_PROTEINS",77,0.299207721819856,1.411464675543677,0.03788006088614494,0.09329680666711247,"SMC6;POM121;NUP153;SMC5;RANBP2;PHC3;TPR;STAG2;HERC2;STAG1;WRN;SMC3;NUP98;NUP205;NUP58;MDC1;BRCA1;POM121C;NUP133;PIAS1;XPC",1.4233433599290466,0.043282395522701723,,
"REACTOME_RNA_POLYMERASE_III_TRANSCRIPTION_INITIATION_FROM_TYPE_1_PROMOTER",28,-0.46972337886221377,-1.4849707150908593,0.037900874635568516,0.09329680666711247,"POLR2L;POLR3K;POLR2F;POLR1C;POLR2H;POLR2E;POLR3H;GTF3C5;BRF1;POLR3GL;GTF3C6;TBP;POLR3C;POLR3G;GTF3A;POLR3B;POLR2K;POLR3E;POLR3D",-1.5266803561398845,0.09498453794124316,,
"REACTOME_ACTIVATION_OF_IRF3_IRF7_MEDIATED_BY_TBK1_IKK_IKBKE",17,-0.5449256080471887,-1.5298831837899172,0.037955619686528226,0.09329680666711247,"UBA52;UBB;IRF7;IRF3;CD14;UBC;RPS27A;TICAM1;LY96;IKBKE",-1.3794956703243733,0.16430339320417486,,
"REACTOME_DISEASES_ASSOCIATED_WITH_N_GLYCOSYLATION_OF_PROTEINS",20,-0.5118970761066001,-1.5132178186111356,0.038461538461538464,0.09424781753251561,"MPDU1;ALG12;MAN1B1;ALG3;ALG1;MGAT2;ALG14;RFT1;NEU1;ALG2;CTSA;MOGS;DPAGT1",-1.514880268164966,0.09820356066757484,,
"REACTOME_GLUTATHIONE_CONJUGATION",30,-0.4574333370684957,-1.474008155420061,0.03851640513552068,0.09424781753251561,"AKR1A1;GSTO1;GSTZ1;GSTP1;GSTM4;CHAC2;MGST3;CNDP2;OPLAH;GSTK1;MGST2;CHAC1;MGST1;GSS;GGCT;GSTA1",-1.6580703911321895,0.03765466035842074,,
"REACTOME_TRANSLESION_SYNTHESIS_BY_POLK",17,-0.5393123418014374,-1.5141238920468012,0.03948401139949321,0.096397901705069,"UBA52;MAD2L2;UBB;RFC2;PCNA;UBC;RPA1;RPA3;RFC5;RPS27A;RPA2",-1.498783206688634,0.11166111075258256,,
"REACTOME_ANTIMICROBIAL_PEPTIDES",27,-0.4831737051325894,-1.5128012519863323,0.03957648060043172,0.09640652802442244,"GNLY;ATOX1;PRSS3;PI3;PLA2G2A;S100A8;S100A9;PDZD11;SLC11A1;LYZ;LCN2",-1.7103042938549116,0.02427222038532787,,
"REACTOME_INACTIVATION_OF_CSF3_G_CSF_SIGNALING",25,-0.4767295263634133,-1.469272417092704,0.03982300884955752,0.09672790742131292,"UBA52;UBB;ELOB;SOCS1;RNF7;UBC;ELOC;RPS27A;TYK2;CSF3;UBE2D2;HCK;LYN;STAT1;SOCS3;JAK2;STAT5A;UBE2D3",-1.4033350478878444,0.1442832423798749,,
"REACTOME_BUDDING_AND_MATURATION_OF_HIV_VIRION",28,-0.47838378540866355,-1.5123494888138327,0.03988687695325357,0.09672790742131292,"UBA52;UBB;VPS28;CHMP2A;CHMP6;MVB12A;VPS37B;PPIA;UBC;VPS4A;RPS27A;VPS37D;VPS37C;TSG101",-1.5599098795234585,0.0752854694263487,,
"REACTOME_RNA_POLYMERASE_III_TRANSCRIPTION",41,-0.42037184899236735,-1.4577495118579493,0.040376850605652756,0.09769059930100965,"POLR2L;POLR3K;POLR2F;POLR1C;POLR2H;POLR2E;POLR3H;SNAPC2;GTF3C5;ZNF143;BRF2;BRF1;POLR3GL;SNAPC1;SNAPC5;GTF3C6;TBP;POLR3C;POLR3G;GTF3A;POLR3B;SNAPC4;POLR2K;POLR3E;POLR3D",-1.3919207129127609,0.16061298789264247,,
"REACTOME_DISEASES_OF_CARBOHYDRATE_METABOLISM",31,-0.4701966797326258,-1.5304932672893046,0.04046409509792743,0.09769059930100965,"UBA52;UBB;DCXR;TALDO1;G6PC3;UBC;GUSB;NAGLU;IDUA;RPS27A;SGSH;SLC37A4;KHK;HYAL1;GYG1",-1.7230034224369088,0.019116902129015526,,
"REACTOME_MATERNAL_TO_ZYGOTIC_TRANSITION_MZT",72,0.2934970738362284,1.3542855075191602,0.04068911486665746,0.09781880059815397,"CNOT1;TET3;TUT7;DICER1;EP300;SRPK1;KDM5A;YAP1;CNOT4;AGO2;H3-3A;TUT4;KDM6A;CNOT6L",1.2895527116992527,0.19442883134695868,,
"REACTOME_ACTIVATION_OF_BH3_ONLY_PROTEINS",29,-0.4594360396274627,-1.462372131000196,0.040697674418604654,0.09781880059815397,"BAD;DYNLL1;BID;SFN;YWHAH;YWHAE;AKT1;TP73;PMAIP1;E2F1;TP53;AKT2;BBC3",-1.4389027816658393,0.10545259983462231,,
"REACTOME_RESPONSE_OF_MTB_TO_PHAGOCYTOSIS",22,-0.487286891243604,-1.4694205077218587,0.041176470588235294,0.09875065070275897,"UBA52;UBB;ENO1;CORO1A;TRIM27;VPS33B;UBC;MAPK3;PGK1;RPS27A",-1.5760314046076798,0.07034724904216243,,
"REACTOME_ATF4_ACTIVATES_GENES_IN_RESPONSE_TO_ENDOPLASMIC_RETICULUM_STRESS",26,-0.4930249588273028,-1.5286647855528863,0.04133587081935805,0.09882192409262275,"EXOSC4;EXOSC7;NFYC;CXCL8;EXOSC3;EXOSC2;EXOSC1;EXOSC5;CEBPB;ATF4",-1.5678956082187028,0.055178864847519354,,
"REACTOME_DENGUE_VIRUS_ATTACHMENT_AND_ENTRY",42,-0.42128590155129886,-1.4657426323785008,0.04138851802403204,0.09882192409262275,"AP2S1;LY6E;RNASEK;EMC4;RPSA;AP2M1;CD300A;CD14;GAS6;UBA1;UBA7;AP2A2;ATG7",-1.4964202862352554,0.08812710558666027,,
"REACTOME_ACTIVATION_OF_ATR_IN_RESPONSE_TO_REPLICATION_STRESS",37,-0.4324787487517972,-1.4705433890592248,0.04183535762483131,0.09966929157212558,"MCM5;CDC45;RFC2;MCM7;ATRIP;RAD9A;RPA1;RPA3;MCM2;RFC5;RPA2;ORC1;MCM3;RFC4;CDC25C;MCM4;ORC5",-1.5917700233045216,0.055178864847519354,,
"REACTOME_PROTEIN_METHYLATION",17,-0.5364302416256028,-1.5060323717954252,0.042540797202751224,0.1011202115155505,"ETFB;RPS2;EEF2;EEF1A1;EEF2KMT;HSPA8;VCP",-1.5785504898216405,0.06845614311643708,,
"REACTOME_RSV_HOST_INTERACTIONS",82,-0.3518259274765258,-1.3873600874510732,0.04263093788063337,0.1011202115155505,"MED11;UBA52;MED8;UBB;ELOB;MED27;RBX1;UBE2L6;MED19;ISG15;MED31;MED10;IFNAR2;MED16;IRF3;CD14;UBC;ELOC;MED26;BCAP31;MED9;MED18;MED15;RPS27A;TYK2",-1.3566440743989447,0.1330387825233186,,
"REACTOME_COOPERATION_OF_PDCL_PHLP1_AND_TRIC_CCT_IN_G_PROTEIN_BETA_FOLDING",31,-0.46557612961606565,-1.5154533464447137,0.04280303479521975,0.10130674610921006,"GNG5;CSNK2B;GNB2;CCT2;CCT7;GNA15;CCT3;CCT5;GNGT2;GNB5;GNB1;CCT4;GNB3;TCP1;CCT8;RGS9;CCT6B",-1.4939980028251627,0.11990864278978758,,
"REACTOME_TRANSLATION_OF_SARS_COV_2_STRUCTURAL_PROTEINS",60,-0.3753872093567222,-1.4056781809778671,0.04419191919191919,0.10436610109812725,"UBA52;TMEM258;RPN1;UBB;PRMT1;OST4;DDOST;MGAT1;DAD1;MAN1B1;UBE2I;ST6GALNAC4;MGAT2;PARP10;UBC;OSTC",-1.4805570976540194,0.0769327867345336,,
"REACTOME_WNT5A_DEPENDENT_INTERNALIZATION_OF_FZD4",15,-0.5303629521992176,-1.4523591807785403,0.046153846153846156,0.10876254180602007,"AP2S1;CLTA;PRKCG;CLTB;AP2M1;ARRB2;DVL2;AP2A2;AP2A1",-1.4701536339755956,0.09820356066757484,,
"REACTOME_INTERLEUKIN_RECEPTOR_SHC_SIGNALING",22,0.41780965064045245,1.4192254322285465,0.04729755724196162,0.11121594804834359,"SOS1;PIK3CB;JAK1;PIK3CA;PIK3R1",1.4930495426038541,0.13598654245744127,,
"REACTOME_EPH_EPHRIN_MEDIATED_REPULSION_OF_CELLS",48,-0.39938328631301306,-1.420528101644619,0.047936085219707054,0.11247341207394468,"AP2S1;ACTB;EPHB6;CLTA;CLTB;AP2M1;APH1A;ACTG1;EFNA1;PSENEN;AP2A2;LYN;AP2A1;EFNA3;CLTCL1;MMP9;EPHA7;EPHB4;TIAM1",-1.3198478141906473,0.22238256932654213,,
"REACTOME_METABOLISM_OF_PORPHYRINS",23,-0.4770995816539729,-1.4474495094160214,0.04838709677419355,0.11304226918798665,"UROD;BLVRB;HMBS;HMOX2;PPOX;FECH;UROS;BLVRA;HMOX1;COX15;GSTA1;SLCO1B3;ALAS1",-1.4470672651974001,0.11885592556624165,,
"REACTOME_MITOCHONDRIAL_TRNA_AMINOACYLATION",21,-0.48808984285793294,-1.4549750808042037,0.04838709677419355,0.11304226918798665,"FARS2;SARS2;QARS1;AARS2;PPA2;YARS2;KARS1;PARS2;WARS2;CARS2",-1.6380430284528826,0.04459480531535172,,
"REACTOME_INCRETIN_SYNTHESIS_SECRETION_AND_INACTIVATION",15,-0.5245819722451083,-1.436528400601622,0.04923076923076923,0.1147659222497932,"SEC11C;SPCS1;SPCS2;SEC11A;GNB1;ISL1;GNB3;FFAR4;DPP4",-1.525359045083139,0.12392241768989663,,
"REACTOME_RECOGNITION_AND_ASSOCIATION_OF_DNA_GLYCOSYLASE_WITH_SITE_CONTAINING_AN_AFFECTED_PURINE",29,-0.4460900259734677,-1.4198921408727874,0.04941860465116279,0.1149565824932628,"H2AC20;MPG;H2AX;ACD;H4C5;H2AZ2;TINF2;H2AJ;H2AC8;OGG1;H4C8;H2BC12;H2BC26;H2BC11;H2BC4;H2BC5;H4C9",-1.4201863498425091,0.11511528394645278,,
"REACTOME_MOLECULES_ASSOCIATED_WITH_ELASTIC_FIBRES",32,0.39334911782349324,1.4919100724438594,0.049959708634178875,0.11596643288961436,"ITGA8;MFAP3;FBN2;LTBP1;ITGB1;ITGB6;ELN;ITGB3;ITGAV;LTBP2;FBN1;MFAP4;ITGB8;EFEMP1;TGFB2;FBLN5;BMP7;FN1",1.6244789049798847,0.05196621068061267,,
"REACTOME_METABOLISM_OF_FOLATE_AND_PTERINES",16,-0.5163645482886459,-1.434574812483452,0.05100463678516229,0.11813894503229899,"MTHFS;FPGS;SHMT2;SHMT1;FOLR2;SLC19A1;MTHFD2",-1.510120343325911,0.09017348389237746,,
"REACTOME_INFECTION_WITH_MYCOBACTERIUM_TUBERCULOSIS",26,-0.47836794350058265,-1.4832194936054774,0.05158004293021097,0.11921698621822749,"UBA52;UBB;ENO1;CORO1A;TRIM27;VPS33B;UBC;MAPK3;PGK1;RPS27A;B2M;GSK3A",-1.5282577394739885,0.07390801180301607,,
"REACTOME_CONVERSION_FROM_APC_C_CDC20_TO_APC_C_CDH1_IN_LATE_ANAPHASE",20,-0.4973416977449744,-1.470190696712021,0.051775147928994084,0.11939947657836597,"ANAPC11;ANAPC15;CDC20;ANAPC5;ANAPC2;ANAPC7;UBE2S;FZR1",-1.4852615980588189,0.10841374366892526,,
"REACTOME_CREB1_PHOSPHORYLATION_THROUGH_NMDA_RECEPTOR_MEDIATED_ACTIVATION_OF_RAS_SIGNALING",24,0.41383796203685963,1.4361035030452924,0.051879292867537244,0.11939947657836597,"DLG1;RPS6KA3;PDPK1;GRIN2B;CREB1;RPS6KA6;NRAS;DLG2;MAPK1;RASGRF1",1.3545347011039388,0.18205242279821754,,
"REACTOME_PEPTIDE_LIGAND_BINDING_RECEPTORS",104,-0.3347416126114179,-1.3567450953027747,0.05275779376498801,0.12116408568060806,"CCL3;CCL3L3;NMB;CCL4;CXCL10;CX3CL1;CXCL8;CCL5;SAA1;CXCL11;CXCL9;CXCR3;CXCL13;CXCL16;CXCL1;CXCL3;CXCR4;C5AR2;NMU;MC1R;CXCR6;HEBP1;FPR1;PSAP;NPW;CCR10;CXCL2;CXCL5;FPR2;SSTR5;CXCR1;ANXA1;CCL2;RXFP4;CCR5;APLN;C5AR1",-1.227606994099792,0.25012144175653356,,
"REACTOME_PYROPTOSIS",25,-0.4635346194776342,-1.4286059350284,0.05309734513274336,0.12168609328518776,"GSDMD;IRF1;BAK1;CHMP2A;CHMP6;IL1B;TP53;BAX;CASP1;CASP4;IL1A",-1.4364132071682183,0.12105119487803064,,
"REACTOME_GLUCOSE_METABOLISM",73,-0.359440069908409,-1.373829975943447,0.05443037974683544,0.12447791486407093,"SEC13;ALDOA;GAPDH;TPI1;PKM;ENO1;AAAS;ALDOC;PFKP;ENO2;G6PC3;GPI;PPP2R1A;PFKL;PGAM1;HK3;PGK1;NUP37;PCK2;NUP62;SLC37A4;PPP2CA;NUP85;FBP1;SEH1L;PFKFB4;NUP93;HK1;ADPGK;ENO3;NUP188",-1.3633039069083832,0.13163293251964883,,
"REACTOME_TIE2_SIGNALING",16,0.4604115377640492,1.455332437993686,0.05465505584216038,0.12472859059558283,"SOS1;PIK3CB;PTPN11;PIK3CA;PIK3R1;NRAS;TEK",1.6138736978587391,0.06026018730035776,,
"REACTOME_THE_NLRP3_INFLAMMASOME",16,-0.5103632517904844,-1.4179018847485003,0.0571870170015456,0.13023261854973828,"PYCARD;NFKB2;PSTPIP1;CASP1;HMOX1;TXN;NLRP3;RELA;MEFV;HSP90AB1",-1.2974087668094825,0.24852950477515656,,
"REACTOME_PINK1_PRKN_MEDIATED_MITOPHAGY",31,-0.4391078656648951,-1.4292989741995967,0.05782792665726375,0.13141608489826814,"UBA52;UBB;TOMM5;TOMM22;TOMM7;TOMM40;UBC;RPS27A;UBE2L3;UBE2D2;VDAC3",-1.5054147800876803,0.11166111075258256,,
"REACTOME_SIGNALING_BY_ERBB4",46,0.3395832378973817,1.4160163518975821,0.05830634564503318,0.13222610602346435,"SOS1;ITCH;NEDD4;WWP1;PIK3CA;PIK3R1;YAP1;ADAM17;NRG1;EGFR;TAB2;NCOR1;PGR;NRAS",1.3981579109532443,0.17385268441247406,,
"REACTOME_TP53_REGULATES_TRANSCRIPTION_OF_DNA_REPAIR_GENES",59,-0.3725895839040435,-1.3896395644592305,0.05844980940279543,0.13227472524557463,"POLR2I;POLR2L;POLR2F;POLR2G;ELOB;NELFE;POLR2H;POLR2E;NELFB;CDK9;POLR2J;ERCC2;ELOC;NELFA;GTF2F1;DDB2;POLR2C;GTF2H5;CTDP1;TP53",-1.3556589988842838,0.15958997085479298,,
"REACTOME_POST_TRANSLATIONAL_MODIFICATION_SYNTHESIS_OF_GPI_ANCHORED_PROTEINS",67,-0.3607641843170294,-1.3674474603737308,0.05964467005076142,0.13469754653130286,"DPM3;LY6E;DPM2;ULBP2;RTN4RL2;GPAA1;VNN2;PIGQ;LYPD5;CD52;BST1;PIGH;VNN1;ALPG;FOLR2;RAET1L;PLAUR;LYPD3;MELTF;CD109;PIGC;NRN1;FCGR3B;ALPI;ALPL;PIGS;PIGT;ART3;LYPD6B;PIGL;LY6G6D;MSLN;NTNG2;LY6G6C;THY1",-1.3598025777879403,0.14370939944319236,,
"REACTOME_SIGNALING_BY_FGFR1",43,0.3246182609241899,1.336642164174457,0.06010188964334561,0.13544791761618843,"GAB1;CBL;SOS1;SPRED2;BRAF;PTPN11;PIK3CA;PIK3R1;KL",1.313232128532365,0.21639234924923004,,
"REACTOME_GPCR_LIGAND_BINDING",238,-0.2860371249912327,-1.2593945183544288,0.06063947078280044,0.13637590524596616,"CCL3;CCL3L3;GNG5;NMB;CCL4;GNB2;CXCL10;CX3CL1;CXCL8;CCL5;HCAR2;LPAR2;DRD4;RAMP1;WNT10B;S1PR4;SAA1;P2RY6;CXCL11;CXCL9;CXCR3;S1PR2;CXCL13;WNT7B;CXCL16;ADGRE5;CXCL1;CXCL3;FFAR2;FZD2;GNGT2;CXCR4;FZD9;C5AR2;NMU;ADRB1;GNB5;MC1R;CXCR6;HEBP1;PLPPR2;PTGER1;WNT4;FPR1;ADORA2B;PSAP;NPW;CHRM1;CCR10;CXCL2;CXCL5;PTAFR;P2RY11;GPR35;FPR2;SSTR5;GNB1;CXCR1;ADM;GNB3;UCN3;ANXA1;CCL2;LPAR5;RXFP4;GPR65;ADGRE1;ADORA3;PTGIR;CCR5;APLN;GIPR;C5AR1;GPR68;FFAR4;S1PR5;CD55;RAMP3;CCL13;UCN;GPR132;HTR1D;GNAS;SUCNR1;LTB4R;TBXA2R",-1.174856103249103,0.25643131953831755,,
"REACTOME_RNA_POLYMERASE_I_TRANSCRIPTION_TERMINATION",30,-0.43713296174314736,-1.4085933367725714,0.06134094151212553,0.13766786873528794,"POLR2L;POLR2F;POLR1H;POLR1C;POLR2H;POLR2E",-1.4279445889250542,0.11309913765911087,,
"REACTOME_NCAM1_INTERACTIONS",32,0.38309609420062923,1.4530219994246651,0.061611978899530746,0.1377233560560424,"COL4A5;CACNB2;COL9A3;NCAM1;GDNF;CACNA1D;COL4A1;GFRA1;COL2A1;COL4A4;COL6A3;CACNA1H;COL4A2;COL9A1;GFRA2;CACNA1C;CACNB4;COL5A1",1.5276571423902212,0.08843150765362946,,
"REACTOME_TRANSCRIPTIONAL_REGULATION_OF_WHITE_ADIPOCYTE_DIFFERENTIATION",80,0.28447540348091893,1.3479931303011945,0.06161976723909647,0.1377233560560424,"MED13L;CHD9;NCOA3;MED13;PPARA;NCOA2;NCOA6;MED23;ZNF638;MED1;EP300;CDK19;MED14;NCOA1",1.396854519881111,0.06941430074304916,,
"REACTOME_ANTIGEN_PRESENTATION_FOLDING_ASSEMBLY_AND_PEPTIDE_LOADING_OF_CLASS_I_MHC",29,-0.43797528249900286,-1.3940631381744022,0.0625,0.13940329218106995,"SEC13;CALR;HLA-G;TAPBP;HLA-C;TAP1;HLA-F;HLA-A;HLA-E;BCAP31;HLA-B;SAR1B;B2M",-1.3034221581637415,0.24541971438523164,,
"REACTOME_SIGNALING_BY_EGFR",50,0.32974012845677725,1.4221553154133642,0.06294385606953155,0.14010501022458358,"GAB1;CBL;SOS1;PTPRK;PTPN11;PIK3CA;PTPN3;PIK3R1;ADAM17;EGFR;ARHGEF7;NRAS;PTPN12;EPS15;PAG1;STAM2;EREG;AREG;KRAS;PLCG1;FAM83B",1.43101206589003,0.10841374366892526,,
"REACTOME_RECYCLING_PATHWAY_OF_L1",38,-0.4104602355049215,-1.397527602911947,0.06377204884667571,0.14165758391351735,"AP2S1;TUBB4B;ACTB;CLTA;TUBA1B;TUBA4A;AP2M1;ACTG1;TUBA1C;RPS6KA4;TUBB3;TUBA1A;TUBB6;AP2A2",-1.2972856248879396,0.22486425988774156,,
"REACTOME_FORMATION_OF_INCISION_COMPLEX_IN_GG_NER",42,-0.401238428584347,-1.3959932396480186,0.06542056074766354,0.14502226554287787,"UBA52;UBB;RBX1;SUMO3;UBE2I;ERCC2;UBC;ERCC1;RPA1;RPA3;DDB2;RPS27A;GTF2H5;RPA2;PARP2;RAD23A",-1.426755058326758,0.12432722756213004,,
"REACTOME_IRE1ALPHA_ACTIVATES_CHAPERONES",47,-0.3916285665852016,-1.3870281599922194,0.068,0.1504326530612245,"MYDGF;YIF1A;KLHDC3;CXXC1;ATP6V0D1;SRPRB;LMNA;ZBTB17;SERP1;PREB;KDELR3;PDIA5;XBP1;GSK3A;ACADVL;DNAJB11;SSR1;HSPA5;ARFGAP1;PDIA6;PPP2R5B;TPP1;DDX11;DNAJB9",-1.322073090239086,0.20531898360400963,,
"REACTOME_MAPK1_MAPK3_SIGNALING",236,-0.2825172320746414,-1.24369075214099,0.06850828729281767,0.15124843874829808,"PSMA6;PSMB6;PSMB4;UBA52;PSMB3;HRAS;PSMC3;PSMB5;UBB;PSMB1;RBX1;WDR83;PSMB7;PSMD8;PSMD13;FNTB;NRTN;PSMC5;ACTB;PSMA5;MAPK12;LAMTOR2;PSMC4;PSMA1;PHB1;ARL2;PSMB2;ABHD17A;ADRM1;PPP5C;PSMC2;ARRB2;CSK;PSMD2;CSF2;PSMD14;PPP2R1A;PSMA7;ACTG1;RCE1;PSMA3;MAP2K2;DUSP4;UBC;PDE6D;MAPK3;PEBP1;IL6;PSMD3;DUSP2;PSMA4;SPTBN4",-1.2098190686955324,0.19695522882216493,,
"REACTOME_RHOH_GTPASE_CYCLE",36,0.35288678046942934,1.3934157672727097,0.07063290939523277,0.15562210118787057,"ROCK2;OSBPL11;MTR;PAK2;ROCK1;RALGAPA1;UACA;WDR11;SLC4A7",1.5484005256949922,0.06941430074304916,,
"REACTOME_INFLAMMASOMES",21,-0.47567841678015765,-1.4179771470740754,0.0718475073313783,0.15778454982409196,"PYCARD;NFKB2;AIM2;PSTPIP1;CASP1;HMOX1;TXN;NLRP3;RELA;NLRC4;MEFV;HSP90AB1",-1.2517394222616367,0.30786883197291665,,
"REACTOME_RUNX2_REGULATES_OSTEOBLAST_DIFFERENTIATION",21,0.4175285814549169,1.3899090840036386,0.07203376495208083,0.15778454982409196,"YAP1;SATB2;ABL1;AR;MAPK1;ZNF521;RUNX2;YES1;RB1",1.5033336530048567,0.1284218437727991,,
"REACTOME_BUTYRATE_RESPONSE_FACTOR_1_BRF1_BINDS_AND_DESTABILIZES_MRNA",17,-0.49907272374447964,-1.401150829158302,0.07219662058371736,0.15778454982409196,"EXOSC4;EXOSC7;EXOSC3;EXOSC2;EXOSC1;AKT1;EXOSC5",-1.414338033912738,0.1410618679357525,,
"REACTOME_DECTIN_2_FAMILY",17,-0.4982694331005094,-1.398895583983993,0.07219662058371736,0.15778454982409196,"MUC6;MUC5AC;MUC1;FCER1G;LYN;CLEC4E;MUC5B",-1.1543054282893048,0.4373440255548531,,
"REACTOME_COPI_INDEPENDENT_GOLGI_TO_ER_RETROGRADE_TRAFFIC",43,-0.39784216542947737,-1.3946392363832674,0.0726552179656539,0.158467316448227,"DCTN3;DYNLL1;PAFAH1B3;DCTN2;TUBB4B;TUBA1B;TUBA4A;TUBA1C;ACTR1A;TUBB3;CAPZB;TUBA1A;TUBB6",-1.2426695062682274,0.29157559430014063,,
"REACTOME_PERK_REGULATES_GENE_EXPRESSION",31,-0.4293034375100909,-1.3973854964415608,0.07475317348377997,0.16271574308517567,"EXOSC4;EXOSC7;NFYC;CXCL8;EXOSC3;EXOSC2;EXOSC1;EXOSC5;CEBPB;ATF4",-1.4622611122065399,0.1003447395301328,,
"REACTOME_TELOMERE_EXTENSION_BY_TELOMERASE",22,-0.4657709441764092,-1.4045388652403485,0.075,0.16292585170340682,"WRAP53;RUVBL2;NOP10;NHP2;ACD;RUVBL1;PIF1;TINF2;GAR1;TERT;CCNA2",-1.3846228762917991,0.17633283130418198,,
"REACTOME_SIGNALING_BY_ALK_IN_CANCER",87,0.2678958389909499,1.2883830396940912,0.07720785329919229,0.1673866259526489,"BIRC6;STRN;GCC2;EML4;PIK3CB;KIF5B;PIK3CA;RANBP2;TPR;PIK3R1;AGO2;SEC31A;MECP2;LMO7;AGO4;PRKAR1A;TNRC6C;CLTC;VCL;AGO3;EIF2AK3;FRS2;MAPK1",1.3980827709198287,0.073204160687907735,,
"REACTOME_MTOR_SIGNALLING",40,-0.39488328331626604,-1.3719699794627138,0.0774365821094793,0.16754741518298516,"LAMTOR5;MLST8;LAMTOR4;LAMTOR1;EIF4EBP1;LAMTOR2;PRKAG1;RPS6;AKT1;AKT1S1;STK11;RRAGC",-1.4167273217161191,0.13598654245744127,,
"REACTOME_REGULATION_OF_BETA_CELL_DEVELOPMENT",26,0.38796728244501655,1.3998229949352474,0.07830997023701305,0.16909961700582102,"EP300;MAML2;MAML1;MAML3;CREBBP;KAT2B;FGF10;HNF4A;HNF4G",1.410328176580624,0.13468467334259832,,
"REACTOME_O_GLYCOSYLATION_OF_TSR_DOMAIN_CONTAINING_PROTEINS",34,0.35396968599055617,1.3686795666924625,0.07877079846059402,0.1697565517520555,"SEMA5A;THSD4;ADAMTSL3;THSD7A;ADAMTSL1;ADAMTS8;ADAMTS9;ADAMTS1;ADAMTS3;ADAMTS6;SEMA5B;ADAMTS12;ADAMTS16;ADAMTS5;THBS1;ADAMTSL2",1.550430211181484,0.07390801180301607,,
"REACTOME_REGULATION_OF_PTEN_GENE_TRANSCRIPTION",60,-0.3587817983787812,-1.3434974158477457,0.08080808080808081,0.1737847890214185,"LAMTOR5;MLST8;LAMTOR4;LAMTOR1;MAF1;LAMTOR2;HDAC3;RING1;MBD3;EED;MAPK3;MTA2;CBX8;RRAGC;MTA1;RRAGA;TP53;CHD4;PHC2",-1.2744540437438734,0.2547601955355006,,
"REACTOME_TRNA_PROCESSING_IN_THE_NUCLEUS",58,-0.36129593464081255,-1.3403928088858135,0.08097686375321336,0.1737847890214185,"POP5;SEC13;POP7;RAN;ELAC2;RPP21;AAAS;RTCB;CPSF4;RPP38;TSEN34;POP4;CLP1;RPP25;NUP37;RTRAF;NUP62;TSEN54;CPSF1;NUP85;ZBTB8OS;SEH1L;NUP93",-1.2991808684743482,0.22059724699318609,,
"REACTOME_METALLOPROTEASE_DUBS",25,-0.4464830042778251,-1.376053142523453,0.08112094395280237,0.1737847890214185,"BABAM1;UBA52;UBB;H2AC25;H2AC20;PSMD14;UBC",-1.3279781075807668,0.21812077871532623,,
"REACTOME_TP53_REGULATES_TRANSCRIPTION_OF_CELL_DEATH_GENES",42,-0.39336261683259743,-1.3685916270931744,0.0814419225634179,0.1741282920290828,"PRELID1;BID;RABGGTA;TMEM219;BIRC5;TRIAP1;AIFM2;PIDD1;TP73;PMAIP1;CRADD;TP53;BAX;FAS;CASP1;TP53I3;BBC3;BNIP3L",-1.3208172781562768,0.21110183375243732,,
"REACTOME_REGULATION_OF_MECP2_EXPRESSION_AND_ACTIVITY",28,0.3665458508562722,1.3509065272082637,0.08227848101265822,0.17522568451418766,"TNRC6A;CREB1;AGO2;LBR;MECP2;NCOR1;AGO4;TNRC6C;HIPK2;AGO3;TNRC6B;CAMK4;AGO1;HDAC2;CAMK2G;TBL1X;SIN3A;CAMK2D",1.4606908927608695,0.11126699803235604,,
"REACTOME_RUNX2_REGULATES_BONE_DEVELOPMENT",28,0.3669594318570504,1.3524307820106993,0.08227848101265822,0.17522568451418766,"YAP1;SATB2;HDAC4;ABL1;AR;MAPK1;ZNF521;RUNX2;YES1;RB1",1.424419655237039,0.1309857203971545,,
"REACTOME_CARBOXYTERMINAL_POST_TRANSLATIONAL_MODIFICATIONS_OF_TUBULIN",30,-0.42046282290226755,-1.3548763935324635,0.08273894436519258,0.1758608150820956,"TPGS1;TUBB4B;TUBA1B;TUBA4A;TPGS2;TUBA1C;TUBB3;TUBA1A;TTLL12;TUBB6;SVBP",-1.1530016560351837,0.41648235485444784,,
"REACTOME_TRANSCRIPTIONAL_REGULATION_BY_NPAS4",30,0.36656316311169695,1.3710498269920142,0.08305647840531562,0.17591791180758018,"TNRC6A;AGO2;REST;XPO1;AGO4;TNRC6C;CREBBP;AGO3;MAPK1;ARNT;TNRC6B",1.519278459806563,0.10841374366892526,,
"REACTOME_TRANSPORT_OF_VITAMINS_NUCLEOSIDES_AND_RELATED_MOLECULES",28,-0.43040397746348297,-1.3606674288600389,0.08309037900874636,0.17591791180758018,"ARL2;SLC25A5;SLC25A6;SLC25A4;ARL2BP;SLC27A4;PDZD11;SLC35C1;SLC35B2;SLC29A2;SLC35A1;SLC27A1;SLC35D2;SLC35A2",-1.4851719453334702,0.10005637071491913,,
"REACTOME_EGR2_AND_SOX10_MEDIATED_INITIATION_OF_SCHWANN_CELL_MYELINATION",25,0.3793638105326359,1.347556638896146,0.08333333333333333,0.1760883690708252,"TEAD1;LAMC1;YAP1;LAMA2;UTRN;HMGCR;LAMB1;HDAC2",1.5169473411707222,0.10045504512104711,,
"REACTOME_INSULIN_PROCESSING",22,0.3899867296098023,1.3247158940571415,0.08385093167701864,0.17683737342001596,"KIF5B;MYRIP;EXOC8;EXOC4;EXOC1;EXOC2;KIF5A;EXOC5",1.2793648468019,0.229821184478478,,
"REACTOME_SIGNALING_BY_FGFR2_IN_DISEASE",33,-0.41042012075082446,-1.3538925227559673,0.08671328671328671,0.18228880574473652,"POLR2I;POLR2L;HRAS;POLR2F;POLR2G;POLR2H;POLR2E;POLR2J",-1.3154372813724382,0.22676373158498347,,
"REACTOME_REGULATION_OF_LIPID_METABOLISM_BY_PPARALPHA",108,0.2540569718859866,1.2768599278561055,0.08677216214417346,0.18228880574473652,"MED13L;CHD9;NCOA3;MED13;PPARA;NCOA2;NCOA6;MED23;MED1;EP300;CDK19;MED14;RORA;ACOX1;NCOA1;SP1;CLOCK;MTF1;NCOR1;CREBBP;ABCB4;PPARG;FAM120B",1.3039423386794236,0.16061298789264247,,
"REACTOME_ACTIVATION_OF_GENE_EXPRESSION_BY_SREBF_SREBP",42,0.3362035897618905,1.375905001385456,0.0871771682567839,0.1827853972734115,"CHD9;PPARA;NCOA2;NCOA6;MED1;NCOA1;SP1;MTF1;CREBBP;GPAM;ACACA;NFYA;HMGCR;HMGCS1;ACACB;SQLE",1.3284527902698626,0.2329157938585583,,
"REACTOME_PKA_MEDIATED_PHOSPHORYLATION_OF_CREB",18,0.44061427728996805,1.4431590712116948,0.08873494640295557,0.18538153709340902,"PRKAR2A;PRKACB;CREB1;PRKAR1A;ADCY6;NBEA;ADCY5",1.4860622671574946,0.13460269474308384,,
"REACTOME_CLASS_I_PEROXISOMAL_MEMBRANE_PROTEIN_IMPORT",20,-0.4706049463021921,-1.3911542446917913,0.08875739644970414,0.18538153709340902,"FIS1;PXMP2;PEX14;PEX16;SLC25A17;ABCD1",-1.3922393424449977,0.18628630348857192,,
"REACTOME_EVASION_BY_RSV_OF_HOST_INTERFERON_RESPONSES",21,-0.467331226981007,-1.3930945289859906,0.08944281524926687,0.18645386871193326,"UBA52;UBB;ELOB;RBX1;IFNAR2;IRF3;UBC;ELOC;RPS27A;TYK2",-1.3929069298790526,0.18306755260243635,,
"REACTOME_NEGATIVE_REGULATION_OF_THE_PI3K_AKT_NETWORK",100,0.2596559292960706,1.2771351556852029,0.09073210796604113,0.18877851254354813,"GAB1;STRN;PIK3CB;PTPN11;PIK3CA;HGF;PIK3R1;PHLPP2;NRG1;EGFR;KL;PDGFRA;KIT;GAB2;FRS2;MAPK1;MET;FGF10;TRAF6;PPP2R1B;FGFR3;FGF19;EREG;AREG;FGF7;ERBB3;PIP4K2B;EGF;IL33;IRAK4",1.4259282726276743,0.03886181019921611,,
"REACTOME_BRANCHED_CHAIN_AMINO_ACID_CATABOLISM",21,-0.4603719000735927,-1.3723490712027087,0.09237536656891496,0.19168556211586485,"BCKDHA;BCKDK;ECHS1;HSD17B10;BCAT2;ACAD8;BCAT1;ACAT1;AUH",-1.352812577682162,0.20815020268828677,,
"REACTOME_SIGNALING_BY_RECEPTOR_TYROSINE_KINASES",474,0.19296161784979338,1.1409284717547488,0.09248297876992373,0.19168556211586485,"ROCK2;KIDINS220;GAB1;CBL;SOS1;ITCH;SPRED2;NCKAP1;NEDD4;PRKACB;PTPRK;IGF2;BRAF;PIK3CB;ERBIN;DOCK7;PDE3B;RPS6KA3;PDPK1;PIK3R4;USP8;WWP1;PTPN11;PIK3CA;PAK2;EP300;DNM3;ABI2;PTPN3;RASA1;COL4A5;HGF;GRIN2B;LAMC1;KDR;STAT5B;ITGA2;ROCK1;TNS3;PIK3R1;YAP1;ADAM17;DOCK1;PRKCE;PRKCA;NRG1;CREB1;EGFR;KL;MEF2A;ALKAL2;REST;MAPK14;ITPR1;TAB2;ITPR2;PDGFD;PDGFRA;LAMA2;RICTOR;ITGB1;ARHGEF7;LAMA4;NCOR1;TPH1;FLT1;COL9A3;ESRP1;PGR;CUL5;CLTC;ELMO2;TCF12;NCBP1;NRAS;PTPN12;ALKAL1;IGF1R;KIT;RAPGEF1;GAB2;EPS15;RBFOX2;COL4A1;PTK2;FRS2;MAPK1;MET;FGF10;TIA1;YWHAB;GTF2F2;PPP2R1B;IDE;SHC3;FGFR3;MEF2C;VAV3;COL2A1;PAG1;WASF2;ID4;FGF19;RANBP10;FLRT2;DIAPH1;STAM2;ITGB3;NCBP2;ITGAV;ATF2;PRDM1;EREG;CTNND1;AREG;COL4A4;GALNT3;TRIB1;COL6A3;KRAS",1.1474995868482634,0.08383395080843817,,
"REACTOME_PURINERGIC_SIGNALING_IN_LEISHMANIASIS_INFECTION",25,-0.4409544761312385,-1.3590143113546274,0.09292035398230089,0.19222454907788963,"PYCARD;GSDMD;NFKB2;PSTPIP1;IL1B;P2RX4;CASP1;HMOX1;IL1A;TXN;NLRP3;C3AR1;RELA;NT5E;MEFV;HSP90AB1;C3",-1.3090205159725816,0.22912585321592807,,
"REACTOME_SIGNALING_BY_TGF_BETA_RECEPTOR_COMPLEX",93,0.25715231221977386,1.2624907781873125,0.09333843258278224,0.1927216398471161,"CBL;TGFBR2;TRIM33;ITGA8;EP300;TFDP2;CCNT2;SKIL;CGN;USP9X;SP1;RBL1;LTBP1;SMAD7;ITGB1;XPO1;NCOR1;PARD3;RNF111;SMURF1;ZFYVE9;CCNK;ITGB6;NEDD4L;MAPK1",1.3069091498571908,0.12392241768989663,,
"REACTOME_REGULATION_OF_NF_KAPPA_B_SIGNALING",18,-0.4812090063215818,-1.3689462053109327,0.09393939393939393,0.19359373199677382,"UBA52;UBB;TRAF2;UBC;USP18;RPS27A;TP53;NLRX1;NLRC5;LRRC14;IKBIP",-1.3329581644010537,0.2329157938585583,,
"REACTOME_ABERRANT_REGULATION_OF_MITOTIC_EXIT_IN_CANCER_DUE_TO_RB1_DEFECTS",20,-0.4689679165793207,-1.3863150247355336,0.09467455621301775,0.19473855585372155,"ANAPC11;ANAPC15;ANAPC5;ANAPC2;ANAPC7;UBE2S;FZR1",-1.3947887147731313,0.17930616845068212,,
"REACTOME_INTERLEUKIN_3_INTERLEUKIN_5_AND_GM_CSF_SIGNALING",43,0.3114357447640894,1.282362078761713,0.09543863412046798,0.1959384079291426,"CBL;SOS1;PIK3CB;JAK1;PTPN11;PIK3CA;STAT5B;PIK3R1",1.3457991858916893,0.17385268441247406,,
"REACTOME_FORMATION_OF_THE_CORNIFIED_ENVELOPE",42,-0.3862582381348156,-1.343873993069448,0.09612817089452604,0.1969809777876488,"KRT7;KRT16;PI3;CAPNS1;TGM1;KRT10;KRT18;KRT17;CAPN1;KRT8;KRT19;KRT6A;PKP3;KRT86;KRT15;KRT6B;ST14;KLK12",-1.361149979375432,0.17554971749379203,,
"REACTOME_VXPX_CARGO_TARGETING_TO_CILIUM",17,0.4251131661801658,1.3791643094763142,0.09686609686609686,0.1981185830242434,"ASAP1;EXOC8;EXOC4;EXOC1;EXOC2;RAB3IP;EXOC5;PKD2",1.4925122899972953,0.14948716924875055,,
"REACTOME_FCERI_MEDIATED_MAPK_ACTIVATION",74,0.2714379411634547,1.2658517156819147,0.09732010933002913,0.19867231358521956,"SOS1;PAK2;MS4A2;NRAS;MAPK1;IGHV2-5;VAV3;SYK;IGKV1D-16;IGHV3-7;FCER1A;IGHV3-13;MAPK10;IGHV4-39;IGHV3-11;KRAS;PLCG1;MAP3K1;IGKV2-30;IGKV3D-20;VAV2;IGHV1-2;IGLV1-40;PAK1;SHC1;JUN;IGLV2-11;IGHV3-48;IGKV3-11;GRB2",0.9703876082636503,0.6329534998938353,,
"REACTOME_TRANSLATION_OF_SARS_COV_1_STRUCTURAL_PROTEINS",29,-0.42085327324646327,-1.339564259118366,0.09883720930232558,0.20139010316488895,"UBA52;UBB;MGAT1;UBE2I;ST6GALNAC4;PARP10;UBC;RPS27A;PRKCSH;GSK3A;PARP9;ST6GALNAC2;MOGS",-1.3582294080253074,0.1670519340422253,,
"REACTOME_RESPIRATORY_SYNCYTIAL_VIRUS_RSV_GENOME_REPLICATION_TRANSCRIPTION_AND_TRANSLATION",17,-0.47715869857183546,-1.339627020943596,0.09984639016897082,0.20276847902119982,"PPP1CA;CSNK2B;SEC11C;SPCS1;SPCS2;HSPA8;SEC11A",-1.2798062333382467,0.2736005597760896,,
"REACTOME_INTERLEUKIN_7_SIGNALING",23,0.3835326222465816,1.3075162227066126,0.1,0.20276847902119982,"JAK1;HGF;STAT5B;PIK3R1;BRWD1",1.2431455897367956,0.26969199382992487,,
"REACTOME_SIGNALING_BY_VEGF",102,0.24684090994005087,1.2261239878258345,0.10007484896341505,0.20276847902119982,"ROCK2;NCKAP1;PRKACB;PIK3CB;PDPK1;PIK3CA;PAK2;ABI2;RASA1;KDR;ROCK1;PIK3R1;DOCK1;PRKCA;MAPK14;ITPR1;ITPR2;RICTOR",1.2760094380807312,0.21789000162839928,,
"REACTOME_SUMOYLATION_OF_INTRACELLULAR_RECEPTORS",28,0.3503558789697764,1.291238306586769,0.10126582278481013,0.20479879085584735,"PPARA;RORA;HDAC4;THRB;PGR;PPARG;AR;PIAS1;NR1I2;NR3C2",1.0911952082819965,0.46366377557934674,,
"REACTOME_SYNDECAN_INTERACTIONS",26,0.3671283700492577,1.3246342094861585,0.10185185185185185,0.20560038623353333,"ITGA2;ITGA6;PRKCA;CASK;ITGB1",1.4124067284313369,0.13468467334259832,,
"REACTOME_NONHOMOLOGOUS_END_JOINING_NHEJ",48,0.31156785442670387,1.3137260628803427,0.10240673872936286,0.20633625424280547,"ATM;RIF1;RAD50;TP53BP1;MRE11;PRKDC;HERC2;LIG4;NHEJ1;MDC1;BRCA1;BRCC3",1.3118771856253697,0.16619641703216328,,
"REACTOME_SIGNALING_BY_TGFBR3",41,0.3148598474518034,1.2825262026107382,0.10424710424710425,0.20936745533558668,"TGFBR2;EP300;TNRC6A;SP1;AGO2;AGO4;TNRC6C;TCF4;AGO3;TCF12;MMP16",1.4127527420452928,0.1208456818389192,,
"REACTOME_CASPASE_ACTIVATION_VIA_DEATH_RECEPTORS_IN_THE_PRESENCE_OF_LIGAND",15,-0.4935434414647566,-1.3515317111650862,0.10461538461538461,0.20936745533558668,"TRADD;FADD;TRAF2;FASLG;CD14;TICAM1;FAS;LY96",-1.145554203986762,0.42805638192378526,,
"REACTOME_PYRUVATE_METABOLISM",44,-0.3821459509255169,-1.3411252856061535,0.10463576158940398,0.20936745533558668,"UBA52;UBB;HAGH;PKM;MAEA;GSTZ1;PGAM5;MPC1;LDHA;UBC;RMND5B;FAHD1;PDHB;RPS27A;SIRT4;LDHB;MPC2",-1.4179745372295511,0.1330387825233186,,
"REACTOME_G_PROTEIN_MEDIATED_EVENTS",49,0.30689799239648224,1.3082388303139647,0.10483870967741936,0.20936745533558668,"PRKAR2A;PRKACB;PRKCA;PLCB1;CREB1;ITPR1;ITPR2;PDE1C;PRKAR1A;GNAQ;PLCB4;MAPK1;ADCY6;NBEA;ADCY5;ITPR3;CAMK4;GNAL;CAMK2G;ADCY2;CAMKK2;CAMK2D;GNA14;GNAI1",1.3378780165367268,0.16430339320417486,,
"REACTOME_LATE_SARS_COV_2_INFECTION_EVENTS",71,-0.3335466533524263,-1.2679739162651211,0.10506329113924051,0.20936745533558668,"UBA52;TMEM258;RPN1;UBB;PRMT1;OST4;DDOST;MGAT1;DAD1;MAN1B1;UBE2I;ST6GALNAC4;MGAT2;PARP10;UBC;OSTC;EDEM2;RPS27A;PRKCSH;ANO8;GSK3A;FUT8;ANO1;STT3A;PARP9;ST6GALNAC2;MGAT4B;MOGS",-1.3172523315073046,0.17695579946033668,,
"REACTOME_GLYCOSPHINGOLIPID_CATABOLISM",34,-0.395750664433785,-1.3184721688431287,0.10526315789473684,0.20936745533558668,"HEXA;SMPD2;GLA;GM2A;SUMF2;PSAP;GBA1;GBA2;NEU1;ARSI;ARSA;CTSA",-1.3260821196954227,0.200369685767098,,
"REACTOME_OTHER_SEMAPHORIN_INTERACTIONS",18,0.4202518097894423,1.3764651822474523,0.10526315789473684,0.20936745533558668,"SEMA5A;PLXNA4;ITGB1;SEMA6D;PLXNA2;ITGA1",1.5731175355919464,0.10661638269161308,,
"REACTOME_TRANS_GOLGI_NETWORK_VESICLE_BUDDING",69,-0.33530396998762196,-1.2715864114949242,0.10546378653113088,0.20938231611675068,"BLOC1S1;ARF1;TXNDC5;FTH1;CLTA;VAMP8;DNASE2;CLTB;CHMP2A;STX4;BLOC1S4;AP1S1;SNAPIN;RAB5C;CTSZ;NAPA;AP1M2;AP1B1;DTNBP1;AP1M1;AP1G2;AP4M1;HSPA8;ARRB1;TPD52L1;NECAP1",-1.2370618655364678,0.26210771100448693,,
"REACTOME_RHO_GTPASES_ACTIVATE_FORMINS",129,-0.30103621445653334,-1.2525206249310008,0.10575793184488837,0.2095824462885905,"PFN1;PMF1;CENPM;B9D2;SEC13;DYNLL1;AURKB;TUBB4B;ACTB;CDC20;PLK1;TUBA1B;SPC24;TUBA4A;RHOC;NUDC;RHOD;PPP2R1A;RANGAP1;BUB3;ACTG1;BIRC5;CDCA8;TUBA1C;CENPT;DVL1;TUBB3;NUP37;DVL2;TUBA1A;TUBB6;KIF2C;CENPS;PPP2CA;NUP85;RHOA;SKA1;CENPN;FMNL1;SEH1L",-1.196098247370895,0.27566365299507334,,
"REACTOME_DEPOSITION_OF_NEW_CENPA_CONTAINING_NUCLEOSOMES_AT_THE_CENTROMERE",47,-0.37246018767182615,-1.3191396462250078,0.10666666666666667,0.21099756690997568,"CENPM;CENPX;H2AC20;H2AX;CENPW;CENPT;RUVBL1;H4C5;H2AZ2;OIP5;CENPS;CENPN;MIS18A;H2AJ;CENPH;CENPO;RBBP4;CENPA;CENPU;H2AC8;HJURP;CENPL;H4C8;H2BC12;H2BC26;ITGB3BP;H2BC11;H2BC4;H2BC5",-1.3121009268375337,0.22149149900687115,,
"REACTOME_TP53_REGULATES_TRANSCRIPTION_OF_CELL_CYCLE_GENES",48,0.29757463537859763,1.254723645570904,0.10756972111553785,0.21238244514106583,"CNOT1;RBL2;EP300;TFDP2;CPAP;ARID3A;CNOT4;RBL1;CNOT6L;PLAGL1;CNOT11;CDKN1B",1.0702221503047518,0.4467265153371499,,
"REACTOME_RAP1_SIGNALLING",15,0.44287205994399415,1.371499766767929,0.10795454545454546,0.21238244514106583,"PRKACB;RAF1;PRKG1;RAPGEF4;YWHAB",1.235954208931588,0.3248702809089283,,
"REACTOME_SYNTHESIS_OF_PIPS_AT_THE_GOLGI_MEMBRANE",15,0.44433786604806697,1.37603912002972,0.10795454545454546,0.21238244514106583,"PIKFYVE;PIK3C2A;OCRL;PIK3R4",1.3518235806627492,0.23111246478337016,,
"REACTOME_ASPIRIN_ADME",18,0.4190269328295349,1.3724533006836481,0.10818713450292397,0.21245444529197388,"UGT2A3;CES1;UGT1A8;ABCC2;UGT2B7;UGT1A1;ABCC3",1.0866932352991747,0.48453047263681587,,
"REACTOME_HCMV_INFECTION",113,-0.30781051169867557,-1.266530130850216,0.10915492957746478,0.21396734839416243,"SEC13;DYNLL1;H2AC25;TUBB4B;H2AC20;GPS2;VPS28;SNF8;TUBA1B;AAAS;TUBA4A;CEBPD;CHMP2A;TRIM28;CHMP6;HDAC3;MVB12A;VPS37B;PML;TUBA1C;VPS25;EED;DAXX;H4C5;VPS4A;CHMP1A;TUBB3;NUP37;TUBA1A;TUBB6;NUP62;NUP85;VPS37D;SEH1L;NUP93;VPS37C;TSG101;NUP188",-1.2404105357559332,0.22861632619303612,,
"REACTOME_INWARDLY_RECTIFYING_K_CHANNELS",23,-0.44092854720231256,-1.3377119450052062,0.10997067448680352,0.2151772764326625,"GNG5;GNB2;GNGT2;GNB5;GNB1;GNB3;KCNJ8;KCNJ10;KCNJ15;KCNJ14;KCNJ5;KCNJ11;KCNJ2",-1.1803082639582005,0.38883837330552656,,
"REACTOME_SEMA4D_IN_SEMAPHORIN_SIGNALING",24,0.37460311909975125,1.2999504659819727,0.11042944785276074,0.21568562427458132,"ROCK2;ARHGEF12;ROCK1;ARHGAP35;ARHGEF11",1.4371760162484888,0.11990864278978758,,
"REACTOME_RNA_POLYMERASE_I_PROMOTER_ESCAPE",54,-0.3551579405800193,-1.2982136458444935,0.11067708333333333,0.2157805005995204,"POLR2L;POLR2F;POLR1H;H2AC20;POLR1C;H2AX;POLR2H;POLR2E",-1.3121014403696452,0.20222429504197462,,
"REACTOME_INTERLEUKIN_2_FAMILY_SIGNALING",36,0.3300873037864419,1.3033892997088634,0.1111111111111111,0.21623778176740474,"SOS1;SOS2;PIK3CB;JAK1;PIK3CA;STAT5B;PIK3R1",1.3978642302819195,0.15119953829159938,,
"REACTOME_FACTORS_INVOLVED_IN_MEGAKARYOCYTE_DEVELOPMENT_AND_PLATELET_PRODUCTION",125,0.23486814442537762,1.1989325170282148,0.11237829396510515,0.21831195458454117,"JMJD1C;KIF3B;PRKAR2A;PRKACB;DOCK7;KIF5B;KIF13B;RBSN;DOCK1;KIF2A;H3-3A;DOCK9;KIF21A;RAB5A;KIF16B;KIF1B;KIF3A;ABL1;PRKAR1A;KIF27;PHF21A;CBX5;KIF20B;MFN1;CENPE;DOCK11;KIF21B;WEE1;KIF15;AK3;KIF5A",1.029309382138501,0.5634641645742479,,
"REACTOME_MATURATION_OF_SARS_COV_2_SPIKE_PROTEIN",40,-0.38054280820386116,-1.3221458866821287,0.11348464619492657,0.2200668273261188,"TMEM258;RPN1;OST4;DDOST;MGAT1;DAD1;MAN1B1;ST6GALNAC4;MGAT2;OSTC;EDEM2;PRKCSH;FUT8;STT3A;ST6GALNAC2;MGAT4B;MOGS;ZDHHC8",-1.374880702339385,0.16175292546925313,,
"REACTOME_ACTIVATION_OF_AMPK_DOWNSTREAM_OF_NMDARS",19,-0.46910580887304293,-1.3664819360194234,0.11659192825112108,0.2256886611146701,"TUBB4B;TUBA1B;TUBA4A;PRKAG1;TUBA1C;TUBB3;TUBA1A;TUBB6",-1.2819324580181533,0.29108206342965104,,
"REACTOME_INOSITOL_PHOSPHATE_METABOLISM",44,0.3029373778188902,1.255741666987262,0.11740890688259109,0.22686498228293894,"OCRL;PLCE1;NUDT4;INPP4B;PLCB1;SYNJ1;IPMK;PPIP5K2;PLCB4;INPP5D;ITPKB;IP6K3;PLCH1;INPP4A;PLCG1;MTMR9",1.2671329845437787,0.21649755322797176,,
"REACTOME_REGULATION_OF_MITF_M_DEPENDENT_GENES_INVOLVED_IN_APOPTOSIS",16,0.4241887559617627,1.3408344616674481,0.11830985915492957,0.2281990877650243,"DICER1;TNRC6A;AGO2;AGO4;TNRC6C;AGO3",1.331722746260927,0.23242084268262278,,
"REACTOME_RA_BIOSYNTHESIS_PATHWAY",17,-0.4665477919592418,-1.3098368122405275,0.11981566820276497,0.23069304499431123,"RDH16;DHRS4;RDH13;SDR16C5;RDH11;DHRS3",-1.180781957091979,0.3948929674218506,,
"REACTOME_KERATINIZATION",44,-0.3770086721336715,-1.3230962198257472,0.1205298013245033,0.23165656850312338,"KRT7;KRT16;PI3;CAPNS1;TGM1;KRT10;KRT18;KRT17;CAPN1;KRT8;KRT19;KRT6A;PKP3;KRT86;KRT15;KRT6B;ST14;KLK12;PKP1;KRTAP5-1",-1.3300056053757956,0.22315926967089758,,
"REACTOME_RNA_POLYMERASE_I_TRANSCRIPTION",74,-0.3270345652311987,-1.252139099739014,0.12167300380228137,0.23343988694101417,"POLR2L;POLR2F;POLR1H;H2AC20;POLR1C;H2AX;POLR2H;POLR2E;ERCC2;MBD3;H4C5;MAPK3;MTA2;H2AZ2;EHMT2;GTF2H5;MTA1;CHD4;H2AJ;POLR1E;TBP;RBBP4;H3C10;H2AC8;MNAT1;CDK7;GATAD2A;HDAC1;POLR2K;H4C8;KAT2A;H2BC12;H2BC26;H2BC11;H2BC4;H2BC5",-1.2852565147453385,0.1974908906415756,,
"REACTOME_NOTCH_HLH_TRANSCRIPTION_PATHWAY",28,0.34038203484596563,1.2544796552564148,0.12341772151898735,0.23636892248512772,"MAML2;MAML1;MAML3;HDAC4;NCOR1;CREBBP;KAT2B",1.4300158255809756,0.12904761904761905,,
"REACTOME_HDR_THROUGH_HOMOLOGOUS_RECOMBINATION_HRR",68,-0.333516717040472,-1.2642680111625237,0.125,0.23897707231040563,"UBA52;UBB;POLD2;KAT5;RFC2;PCNA;XRCC3;MUS81;ATRIP;RAD51;RAD9A;POLD1;UBC;RPA1;RPA3;RFC5;POLE4;EME1;SEM1;POLD4;RPS27A;RPA2;POLE3;RMI2",-1.3238278621759672,0.16317928646695773,,
"REACTOME_TNFS_BIND_THEIR_PHYSIOLOGICAL_RECEPTORS",25,-0.42199331820941394,-1.300576340157017,0.12536873156342182,0.2392600440400515,"CD70;TNFRSF18;TNFSF9;TNFRSF14;TNFRSF4;FASLG;TNFSF13B;TNFRSF9;TNFRSF1A;TNFSF14;TNFRSF11B;LTA;TNFRSF8",-1.2419408531333183,0.31643427612284086,,
"REACTOME_SYNTHESIS_OF_IP3_AND_IP4_IN_THE_CYTOSOL",24,0.3700135558142421,1.2840237301181887,0.12576687116564417,0.23959804629799347,"OCRL;PLCE1;PLCB1;SYNJ1;PLCB4;INPP5D;ITPKB;PLCH1;PLCG1",1.2865880084001897,0.23627606298710271,,
"REACTOME_BIOSYNTHESIS_OF_SPECIALIZED_PRORESOLVING_MEDIATORS_SPMS",15,-0.47962204515062057,-1.3134090111117513,0.12615384615384614,0.23991363022941967,"GPX4;LTC4S;GSTM4;PTGS2;ALOX5AP",-1.3157032073173047,0.23679916989220887,,
"REACTOME_RMTS_METHYLATE_HISTONE_ARGININES",44,-0.37308071941993726,-1.3093112335075718,0.1271523178807947,0.24138898876143863,"PRMT1;H2AC25;H2AC20;RPS2;H2AX;PRMT5;SMARCB1;CDK4;PRMT7;COPRS;H4C5;H2AZ2;SMARCD3;WDR77;CARM1",-1.4587341875077735,0.10833627278071722,,
"REACTOME_TRANSCRIPTIONAL_ACTIVITY_OF_SMAD2_SMAD3_SMAD4_HETEROTRIMER",50,0.2875360236113983,1.2401307850080934,0.12790697674418605,0.242397137745975,"TRIM33;EP300;TFDP2;CCNT2;SKIL;USP9X;SP1;RBL1;SMAD7;NCOR1;RNF111;CCNK;NEDD4L;MAPK1;SMURF2",1.2266126399029726,0.2541985943761251,,
"REACTOME_RIPK1_MEDIATED_REGULATED_NECROSIS",32,-0.397723196026577,-1.3056201904799847,0.12885154061624648,0.24376102971729702,"UBA52;UBB;STUB1;TRADD;FADD;CDC37;FLOT1;TRAF2;FASLG;UBC;FLOT2;RPS27A;UBE2L3;FAS",-1.3135429121761866,0.2282551880120197,,
"REACTOME_TRANSCRIPTIONAL_ACTIVATION_OF_MITOCHONDRIAL_BIOGENESIS",53,0.2859944258761197,1.225872065409582,0.13025210084033614,0.24598131935701112,"CHD9;PPARA;NCOA2;NCOA6;MED1;NCOA1;CREB1;POLG2;NCOR1;CREBBP;PPARGC1B;TFAM;MEF2C;GABPA;CRTC3;ATF2;MTERF1;TGS1;CAMK4;MEF2D",1.2798992834408704,0.21649755322797176,,
"REACTOME_ANCHORING_OF_THE_BASAL_BODY_TO_THE_PLASMA_MEMBRANE",96,0.24331082521967706,1.2011210810099882,0.13174514451800762,0.24836823766525262,"AKAP9;CEP290;CNTRL;ALMS1;CLASP1;CKAP5;CEP63;OFD1;AHI1;TTBK2;CPAP;DYNC1I2;C2CD3;CEP162;MAPRE1;CCP110;PCM1;IQCB1;CEP192;CEP164;RPGRIP1L;CEP41;CDK5RAP2;CEP250;HAUS6;HAUS3;CC2D2A;RAB3IP",1.2490291634703259,0.22451895505252437,,
"REACTOME_ACTIVATED_NOTCH1_TRANSMITS_SIGNAL_TO_THE_NUCLEUS",29,-0.40966075718617334,-1.3039387919138081,0.13226744186046513,0.2489199773901809,"UBA52;UBB;MIB2;APH1A;ARRB2;UBC;PSENEN;RPS27A;ARRB1;DTX2",-1.2876630801284794,0.26210771100448693,,
"REACTOME_CALNEXIN_CALRETICULIN_CYCLE",26,-0.41506783257475055,-1.2869522483851277,0.13274336283185842,0.24938267817978252,"UBA52;UBB;CALR;MAN1B1;UBC;DERL2;AMFR;EDEM2;RPS27A;PRKCSH;RNF5",-1.1767900254959434,0.38655976908780454,,
"REACTOME_GASTRIN_CREB_SIGNALLING_PATHWAY_VIA_PKC_AND_MAPK",16,0.42055251686091955,1.3293405344269233,0.13802816901408452,0.2583823295725409,"SOS1;RPS6KA3;PRKCA;CREB1;EGFR;NRAS;MAPK1",1.399242080770291,0.1595717809580832,,
"REACTOME_ONCOGENIC_MAPK_SIGNALING",75,0.2568524685800421,1.2034804993314312,0.1380952380952381,0.2583823295725409,"NF1;KDM7A;AKAP9;SPRED2;BRAF;DUSP16;IQGAP1;TRIM24;KIAA1549;SHOC2;RAF1;KSR1;ESRP1;AP3B1;VCL;NRAS;ZC3HAV1;TRAK1;MAPK1;YWHAB",1.1515768430990527,0.32103204775447275,,
"REACTOME_TNF_RECEPTOR_SUPERFAMILY_TNFSF_MEMBERS_MEDIATING_NON_CANONICAL_NF_KB_PATHWAY",17,-0.4605311784143841,-1.2929451195953119,0.1382488479262673,0.2583823295725409,"TRAF2;TNFRSF12A;TNFSF13B;LTB;CD40;MAP3K14;TNFSF14;BIRC3;TNFSF12;LTA;LTBR",-1.0751170317732168,0.5321764777798155,,
"REACTOME_ACTIVATION_OF_NMDA_RECEPTORS_AND_POSTSYNAPTIC_EVENTS",70,0.257059100739219,1.1771359124763334,0.13875598086124402,0.2585535207908197,"PRKAR2A;PRKACB;DLG1;RPS6KA3;PDPK1;GRIN2B;LIN7A;CASK;NRG1;CREB1;PRKAA2;RPS6KA6;PRKAB2;ARHGEF7;PRKAR1A;PRKAA1;NRAS;DLG2;MAPK1;RASGRF1",1.1036730630589036,0.3720105528823811,,
"REACTOME_TNF_SIGNALING",57,-0.342709798322536,-1.2728521702424278,0.13881748071979436,0.2585535207908197,"UBA52;UBB;STUB1;RACK1;TRADD;MIB2;SMPD2;FADD;TRAF2;SHARPIN;UBC;RBCK1;TNF;RPS27A;TAB1;UBE2L3;UBE2D2;TNFRSF1A;IKBKE;BIRC3;RNF31;SPPL2B",-1.2923449295874379,0.22912585321592807,,
"REACTOME_BIOLOGICAL_OXIDATIONS",149,-0.28614559252992366,-1.2076519488545316,0.13940092165898618,0.2591948526215112,"AKR1A1;CBR3;ACY1;AIP;AKR7A2;TRMT112;GSTO1;FDXR;NQO2;GSTZ1;COMT;GSTP1;AKR7A3;NNMT;PAOX;AHCY;GSTM4;ADH5;TPST2;ABHD10;CYP27B1;CHAC2;CYB5R3;MGST3;ACY3;CNDP2;ALDH3A1;SMOX;POR;PODXL2;FDX1;OPLAH;ABHD14B;GSTK1;FMO1;MAT2B;MAOB;SLC35D2;MGST2;AKR7L;ARNT2;CYP51A1;MTARC2;CHAC1;AHR;MGST1;BPHL;CYP2D6;GSS;GGCT;DPEP2;GSTA1;PTGES3;SULT1A1",-1.2963395437490968,0.13598654245744127,,
"REACTOME_TOLL_LIKE_RECEPTOR_CASCADES",159,-0.28265587491030836,-1.2047524955303253,0.14074914869466515,0.2612535568236593,"UBA52;UBB;SOCS1;GSDMD;SIGIRR;ECSIT;LGMN;NFKB2;FADD;IRF7;PELI3;NFKBIA;TNIP2;CNPY3;UNC93B1;NFKBIB;CTSL;PPP2R1A;MAPKAPK3;SAA1;IRF3;S100A8;TRAF2;S100A9;CD14;DUSP4;UBC;USP18;MAPK11;MAPK3;TIFA;MAP2K3;RPS27A;CTSB;ITGB2;TAB1;VRK3;UBE2D2;TICAM1;TP53;PPP2CA;NLRX1;LY96;RIPK2;IKBKE;MAP3K8;NLRC5;RPS6KA1;DUSP7;BIRC3;ITGAM;MAPK7;SKP1;MYD88;LRRC14;S100A1;UBE2N;IKBIP;S100B;SLC15A4;LY86;RIPK3;MAPKAPK2;IRF5",-1.1104681713995255,0.41648235485444784,,
"REACTOME_RESPONSE_TO_ELEVATED_PLATELET_CYTOSOLIC_CA2",109,-0.30131264467181307,-1.231957119594878,0.14099526066350712,0.2612630129217807,"PFN1;ALDOA;SOD1;TEX264;STXBP2;MANF;CFL1;PRKCG;CD63;TIMP1;TUBA4A;CTSW;STX4;TAGLN2;PPIA;CHID1;TGFB1;VEGFB;GAS6;RARRES2;TMSB4X;CYB5R1;ANXA5;SRGN;PLEK;WDR1;CD109;SERPINF2;PSAP;LGALS3BP;CALM1;SERPINA1;SERPINE1;RAB27B;HSPA5;CFD;GTPBP2",-1.1999452306169471,0.29323567134420175,,
"REACTOME_SIGNALING_BY_FGFR3",33,0.3231253315383632,1.2435154968081927,0.14285714285714285,0.2642613359336909,"GAB1;CBL;SOS1;BRAF;PTPN11;PIK3CA;PIK3R1",1.1978805667122359,0.30786883197291665,,
"REACTOME_INTRA_GOLGI_TRAFFIC",42,0.3169734646498953,1.2972061827987738,0.14339355295319917,0.2648017230004564,"RAB30;COG5;TRIP11;MAN1A2;STX16;GOLIM4;VTI1A;GOSR1;RIC1;MAN2A1;RGP1;COG3;CUX1;COG6;MAN1C1;COG2;CYTH3;MAN2A2;MAN1A1;NAPB",1.292078545580321,0.26210771100448693,,
"REACTOME_HOMOLOGY_DIRECTED_REPAIR",117,-0.29334876095316614,-1.2126822665049883,0.14385964912280702,0.26512163558003965,"BABAM1;PPP4C;UBA52;UBB;H2AX;POLD2;KAT5;RFC2;UBE2I;FEN1;PCNA;XRCC3;MUS81;ATRIP;RAD51;RAD9A;POLD1;UBC;ERCC1;H4C5;SIRT6;RPA1;RPA3;RFC5;POLE4;EME1;SEM1;POLD4;RPS27A;RPA2;PARP2;POLE3;RMI2",-1.251169805724102,0.22043883151570043,,
"REACTOME_TNFR1_INDUCED_NF_KAPPA_B_SIGNALING_PATHWAY",33,-0.38338756472126884,-1.2647176172653634,0.14405594405594405,0.26512163558003965,"UBA52;UBB;RACK1;TRADD;TRAF2;SHARPIN;UBC;RBCK1;TNF;RPS27A;TAB1;TNFRSF1A",-1.26861576016023,0.2620639957227704,,
"REACTOME_INTRINSIC_PATHWAY_FOR_APOPTOSIS",54,-0.34473245082673204,-1.260105211494903,0.14453125,0.26535082068592336,"C1QBP;BAD;DYNLL1;BID;GSDMD;BAK1;SFN;YWHAH;YWHAE;AKT1;MAPK3;TP73;PMAIP1;CDKN2A;E2F1;TP53;BAX;AKT2",-1.2877640375156512,0.23135046771410409,,
"REACTOME_COPII_MEDIATED_VESICLE_TRANSPORT",67,-0.3261674615126332,-1.2363113809270208,0.1446700507614213,0.26535082068592336,"TRAPPC2L;SEC13;TRAPPC1;LMAN2;STX5;TRAPPC4;TRAPPC3;TRAPPC5;RAB1B;CTSZ;NAPA;TRAPPC6A;PREB;SAR1B;SEC22A;CTSC;CNIH1;LMAN2L;TMED10;TFG;CD59;SERPINA1;CSNK1D;TMED2;FOLR1",-1.2621139505641867,0.23465050377833754,,
"REACTOME_SIGNALING_BY_INSULIN_RECEPTOR",62,0.27562064942618736,1.2281156872303032,0.1469506349238651,0.2687513261784841,"GAB1;SOS1;PIK3CB;PDE3B;PDPK1;PIK3R4;PTPN11;PIK3CA;PIK3R1;KL;NRAS;GAB2;FRS2;MAPK1;FGF10;IDE;FGFR3;FGF19",1.1882499901664512,0.252249457027614,,
"REACTOME_VIRAL_MESSENGER_RNA_SYNTHESIS",44,-0.36214529894187847,-1.2709338311660292,0.14701986754966886,0.2687513261784841,"POLR2I;POLR2L;SEC13;POLR2F;POLR2G;POLR2H;AAAS;POLR2E;POLR2J",-1.2410026173909485,0.2886346457775029,,
"REACTOME_INTERACTION_BETWEEN_L1_AND_ANKYRINS",22,0.37163684308847245,1.262384577416516,0.14906832298136646,0.27187588881706526,"ANK3;SCN5A;SCN4B;SCN3A;SCN8A;SPTBN1;SPTAN1;ANK2;NFASC",1.258790614342739,0.2633917016612524,,
"REACTOME_ADP_SIGNALLING_THROUGH_P2Y_PURINOCEPTOR_12",15,-0.467683489382264,-1.2807161712300994,0.14923076923076922,0.27187588881706526,"GNG5;GNB2;GNAI2;GNGT2;GNB5;GNB1;GNB3",-1.2851650854542478,0.26969199382992487,,
"REACTOME_ATP_DEPENDENT_CHROMATIN_REMODELERS",30,0.33402079470425605,1.249332172124068,0.14950166112956811,0.27191241722223464,"BICRAL;PBRM1;SMARCC1;BRD7;ARID2;SMARCA2;ARID1B;ARID1A",1.3542041143892527,0.17692297648425973,,
"REACTOME_IKK_COMPLEX_RECRUITMENT_MEDIATED_BY_RIP1",22,-0.4279045710927326,-1.2903522820137847,0.15,0.2723618090452261,"UBA52;UBB;CD14;UBC;RPS27A;UBE2D2;TICAM1;LY96;BIRC3;UBE2N;RIPK3;UBE2D3",-1.152759088520658,0.4194046962085376,,
"REACTOME_SEMA4D_INDUCED_CELL_MIGRATION_AND_GROWTH_CONE_COLLAPSE",20,0.3910790830858052,1.279049243158139,0.15030674846625766,0.27246240022980484,"ROCK2;ARHGEF12;ROCK1;ARHGEF11",1.4402145080479263,0.11855895820769145,,
"REACTOME_REGULATION_OF_GLUCOKINASE_BY_GLUCOKINASE_REGULATORY_PROTEIN",30,0.32970881793021567,1.233204160351537,0.15282392026578073,0.27656282064792376,"POM121;NUP153;RANBP2;TPR;NUP98;NUP205;NUP58;POM121C;NUP133",1.3594904968488433,0.17692297648425973,,
"REACTOME_REGULATION_OF_PYRUVATE_METABOLISM",32,-0.3879832121299621,-1.2736463962496867,0.15406162464985995,0.27833800186741364,"UBA52;UBB;PKM;MAEA;GSTZ1;PGAM5;LDHA;UBC;RMND5B;PDHB;RPS27A;SIRT4",-1.2687691958112852,0.27622798455591424,,
"REACTOME_CHOLESTEROL_BIOSYNTHESIS",26,-0.4065533934611264,-1.26055252356655,0.15486725663716813,0.2793279637182866,"EBP;PMVK;SREBF1;FDPS;MVD;NSDHL;TM7SF2;CYP51A1;MVK;DHCR7;ARV1;ACAT2;HSD17B7",-1.435127149869618,0.11671934280448179,,
"REACTOME_ASSOCIATION_OF_TRIC_CCT_WITH_TARGET_PROTEINS_DURING_BIOSYNTHESIS",37,-0.3666250674814521,-1.246623263696263,0.15654520917678813,0.2818853932685022,"FBXO6;WRAP53;FBXW9;SPHK1;FBXW5;HDAC3;CCT2;CCT7;CCT3;CCT5;NOP56;KIFC3;FBXW4;TP53;GBA1;SKIC2;FBXO4;CCT4;TCP1;CCNE1;CCT8;CCT6B",-1.2605728395727436,0.26969199382992487,,
"REACTOME_TOLL_LIKE_RECEPTOR_TLR1_TLR2_CASCADE",109,-0.2969219572557981,-1.2140052058012605,0.15758293838862558,0.28328342489762876,"UBA52;UBB;SOCS1;SIGIRR;ECSIT;NFKB2;PELI3;NFKBIA;TNIP2;NFKBIB;PPP2R1A;MAPKAPK3;SAA1;S100A8;TRAF2;S100A9;CD14;DUSP4;UBC;USP18;MAPK11;MAPK3;TIFA;MAP2K3;RPS27A;TAB1;VRK3;TP53;PPP2CA;NLRX1;LY96;RIPK2;MAP3K8;NLRC5;RPS6KA1;DUSP7;MAPK7;SKP1;MYD88;LRRC14;S100A1;UBE2N;IKBIP;S100B;MAPKAPK2",-1.1420648728141525,0.3575457721872816,,
"REACTOME_FRS_MEDIATED_FGFR2_SIGNALING",15,0.4128232677754235,1.278443746354123,0.1590909090909091,0.2855207706201084,"SOS1;PTPN11;NRAS;FRS2;FGF10;KRAS;FGF7;FGF18",1.3608010224370013,0.23111246478337016,,
"REACTOME_CASPASE_ACTIVATION_VIA_EXTRINSIC_APOPTOTIC_SIGNALLING_PATHWAY",24,-0.41576247119014176,-1.2711519987823021,0.15976331360946747,0.2861065683900916,"TRADD;FADD;DAPK3;TRAF2;FASLG;CD14;TICAM1;FAS;LY96;UNC5A;DAPK1",-1.0745063580928478,0.5076877384569692,,
"REACTOME_ADIPOGENESIS",102,0.23506729313729255,1.1676413238750443,0.15994518491180396,0.2861065683900916,"MED13L;CHD9;NCOA3;MED13;PPARA;NCOA2;NCOA6;MED23;ZNF638;MED1;EP300;CDK19;MED14;NCOA1",-1.0008738602235974,0.6007346887073278,,
"REACTOME_SIGNALING_BY_FGFR4",34,0.3171856634853783,1.22644834753395,0.16071428571428573,0.287008707931278,"GAB1;CBL;SOS1;BRAF;PTPN11;PIK3CA;PIK3R1",1.1586535369221074,0.3426270960873037,,
"REACTOME_TBC_RABGAPS",43,-0.356907844539905,-1.2511436117662216,0.16116248348745046,0.28733574358617814,"RAB11B;RAB33A;GABARAP;RAB5C;TBC1D10A;TBC1D7;RABGEF1;RAB35;GGA1;RAB8A;TBC1D10C;TBC1D10B;GABARAPL2",-1.3038783457246195,0.22861632619303612,,
"REACTOME_SIGNALING_BY_ERBB2",46,0.28705687420271475,1.1969884918715694,0.16182572614107885,0.28804447805735545,"GAB1;SOS1;ERBIN;USP8;PIK3CA;PIK3R1;PRKCE;PRKCA;NRG1;EGFR",1.1794227352461177,0.30988724603765555,,
"REACTOME_RHO_GTPASES_ACTIVATE_IQGAPS",23,-0.42185142003382786,-1.2798347650140545,0.1627565982404692,0.28887698894562314,"TUBB4B;ACTB;TUBA1B;TUBA4A;ACTG1;TUBA1C;TUBB3;TUBA1A;TUBB6;CALM1;MEN1;TUBB2A",-1.21341905730924,0.34505241205202786,,
"REACTOME_TRISTETRAPROLIN_TTP_ZFP36_BINDS_AND_DESTABILIZES_MRNA",17,-0.45070088823187526,-1.265346498022194,0.16282642089093702,0.28887698894562314,"EXOSC4;EXOSC7;EXOSC3;EXOSC2;EXOSC1;EXOSC5",-1.2892795153115955,0.26836665222504175,,
"REACTOME_NR1H2_AND_NR1H3_MEDIATED_SIGNALING",43,0.29275279154119876,1.2054334951450116,0.16326530612244897,0.2891823396025076,"NRIP1;EP300;TNRC6A;KDM3A;NCOA1;KDM1B;AGO2;NCOR1;AGO4;TNRC6C;AGO3;PLIN1;PCK1;TNRC6B;MYLIP;ABCA1",1.2679742739828102,0.2585609724292516,,
"REACTOME_ENERGY_DEPENDENT_REGULATION_OF_MTOR_BY_LKB1_AMPK",28,-0.3993612164143272,-1.2625296883344996,0.16472303206997085,0.29128836339942643,"LAMTOR5;MLST8;LAMTOR4;LAMTOR1;LAMTOR2;PRKAG1",-1.3501061666879475,0.18647298145973842,,
"REACTOME_G_ALPHA_I_SIGNALLING_EVENTS",196,-0.26932628378950924,-1.167386152916106,0.16517857142857142,0.29161819450907395,"PPP1CA;GNG5;CCL4;GNB2;CXCL10;CX3CL1;CXCL8;RGS14;CCL5;PRKCG;CCL4L2;CDK5;HCAR2;LPAR2;DRD4;PPP2R1A;S1PR4;SAA1;CXCL11;CXCL9;CXCR3;GNAI2;S1PR2;CXCL13;CXCL16;GNA15;CXCL1;CXCL3;RGS10;GNGT2;CXCR4;RGS19;NMU;GNB5;CXCR6;HEBP1;PPP2CA;GRK2;FPR1;PRKAR1B;PSAP;NPW;CCR10;RGS3;CXCL2;CXCL5;PRKAR2B;FPR2;SSTR5;CAMKK1;GNB1;CALM1;CXCR1;GNB3;PLCB3;ANXA1;LPAR5;RXFP4;GPSM3;ADORA3;CCR5;APLN;C5AR1;PPP1R1B;PLA2G4A;S1PR5;CCL13;HTR1D;GNAS;SUCNR1;RGS9;PRKCD;RGS16",-1.1517091594979922,0.3229068081079057,,
"REACTOME_RNA_POLYMERASE_II_TRANSCRIBES_SNRNA_GENES",73,-0.31362117113861876,-1.1987037675307453,0.1670886075949367,0.29400191232715506,"POLR2I;POLR2L;POLR2F;POLR2G;INTS11;POLR2H;POLR2E;CDK9;POLR2J;NABP2;SNAPC2;SSU72;TAF9;GTF2A2;ELL3;ZNF143;GTF2F1;INTS5;POLR2C;INTS12;SRRT;TAF11;GTF2B;SNAPC1;GTF2E2;SNAPC5",-1.194509563273768,0.3038615823304818,,
"REACTOME_CA_DEPENDENT_EVENTS",33,0.31737052604769694,1.2213687038758945,0.1672473867595819,0.29400191232715506,"PRKAR2A;PRKACB;PRKCA;CREB1;PDE1C;PRKAR1A;MAPK1;ADCY6;NBEA;ADCY5;CAMK4;CAMK2G;ADCY2;CAMKK2;CAMK2D",1.1972953311443326,0.30786883197291665,,
"REACTOME_INTRACELLULAR_SIGNALING_BY_SECOND_MESSENGERS",277,-0.25898169165041174,-1.1583849178971832,0.16738197424892703,0.29400191232715506,"PSMA6;PSMB6;PSMB4;UBA52;PSMB3;PSMC3;LAMTOR5;MLST8;PSMB5;BAD;UBB;RPS6KB2;PSMB1;LAMTOR4;PSMB7;PSMD8;LAMTOR1;PSMD13;STUB1;RHOG;PSMC5;CSNK2B;PSMA5;MAF1;LAMTOR2;PSMC4;PSMA1;PSMB2;PRKCG;ADRM1;RAC2;PSMC2;HDAC3;RING1;LCK;PSMD2;PSMD14;PPP2R1A;PSMA7;PML;PRR5;PSMA3;AKT1;TRIM27;MBD3;UBC;EED;MAPK3;MTA2;AKT1S1;PSMD3;PIK3AP1;CBX8",-1.1494301377662401,0.31102739633545323,,
"REACTOME_FOXO_MEDIATED_TRANSCRIPTION_OF_CELL_CYCLE_GENES",15,0.40633080338976335,1.2583376836871576,0.16761363636363635,0.29400191232715506,"RBL2;FOXO3",1.3201776681038215,0.24852950477515656,,
"REACTOME_VEGFR2_MEDIATED_CELL_PROLIFERATION",19,0.3846397298916307,1.252373718963798,0.16816816816816818,0.29449805217171937,"PDPK1;RASA1;KDR;PRKCA;ITPR1;ITPR2;NRAS",1.2326145848001935,0.31643425246212303,,
"REACTOME_N_GLYCAN_TRIMMING_IN_THE_ER_AND_CALNEXIN_CALRETICULIN_CYCLE",35,-0.36499794949643777,-1.2291112307523273,0.16872427983539096,0.29499535377671576,"UBA52;UBB;CALR;MAN1B1;UBXN1;UBC;DERL2;AMFR;EDEM2;RPS27A;VCP;PRKCSH;RNF5",-1.0999893151276257,0.4553365805194402,,
"REACTOME_NEGATIVE_REGULATION_OF_MAPK_PATHWAY",43,-0.3549312429636988,-1.2442146174252164,0.1690885072655218,0.2951561060802345,"UBA52;HRAS;UBB;MAPK12;PPP5C;PPP2R1A;MAP2K2;DUSP4;UBC;MAPK3;PEBP1;DUSP2;RPS27A;PPP2CA;DUSP10;ARAF",-1.314196176445252,0.22161542293701297,,
"REACTOME_REGULATION_OF_INSULIN_SECRETION",61,0.25882168976416986,1.1516675895802202,0.17307692307692307,0.3015285276521232,"PRKAR2A;PRKACB;IQGAP1;PRKCA;PLCB1;ITPR1;ITPR2;PRKAR1A;CACNB2;GNAQ;GNG12;RAPGEF4;CACNA1D;MARCKS",1.0854341681947863,0.385297414225467,,
"REACTOME_PKA_ACTIVATION_IN_GLUCAGON_SIGNALLING",15,0.4049102409490624,1.25393844238856,0.17329545454545456,0.3015285276521232,"PRKAR2A;PRKACB;PRKAR1A;ADCY6;ADCY5",1.2425245296224672,0.31123872026251026,,
"REACTOME_MAP2K_AND_MAPK_ACTIVATION",35,-0.3626410077183667,-1.2211743543571225,0.17421124828532236,0.3021602787456446,"HRAS;WDR83;ACTB;LAMTOR2;ARRB2;CSK;ACTG1;MAP2K2;MAPK3;PEBP1",-1.1522564265540658,0.3793026172493916,,
"REACTOME_EXPORT_OF_VIRAL_RIBONUCLEOPROTEINS_FROM_NUCLEUS",33,0.31628787717366125,1.2172022380465033,0.17421602787456447,0.3021602787456446,"POM121;NUP153;RANBP2;TPR;NUP98;NUP205;XPO1;NUP58;POM121C;NUP133",1.363639424640692,0.1536540996417012,,
"REACTOME_RHO_GTPASES_ACTIVATE_NADPH_OXIDASES",22,-0.4166395502920564,-1.2563824525726892,0.175,0.30303514376996804,"CYBA;PIN1;RAC2;S100A8;S100A9;MAPK11;MAPK3;NCF1;NCF4;NCF2;PRKCZ",-1.217431843197584,0.3420732669407757,,
"REACTOME_ORGANELLE_BIOGENESIS_AND_MAINTENANCE",278,-0.2571580814399834,-1.1511092903397941,0.17558886509635974,0.30356990393054856,"ATP5MF;ATP5ME;B9D2;MTX1;ATP5F1D;ATP5MJ;DCTN3;SSNA1;IFT43;DYNLL1;TMEM11;ATP5PO;DYNC2I2;ATP5MG;B9D1;DCTN2;TUBB4B;MICOS13;MAPK12;IFT20;PLK1;TUBA1B;TUBB;ATP5F1B;IFT22;HAUS8;ATP5MC1;TUBA4A;PRKAG1;ATP5F1A;TUBG1;ATP5MC3;ATP5MC2;HDAC3;POLRMT;ATP5F1C;CHCHD6;YWHAE;CCT2;PPP2R1A;HAUS4;MKKS;TUBA1C;SAMM50;ARL3;ATP5PD;ACTR1A;MAPK11;PDE6D;IDH2;SSBP1;TMEM216;IFT27;TCTN2;ATP5PB;CCT3;CCT5;DYNLRB1;TUBB3;HAUS1;RAB8A;EXOC3;DYNLT2B;ATP5PF;SMARCD3;TUBA1A;SIRT3;TUBB6;ATP5MK;SIRT4;CARM1;MICOS10",-1.1550122104551708,0.29898692178842934,,
"REACTOME_GLYCEROPHOSPHOLIPID_BIOSYNTHESIS",115,-0.28581678895612667,-1.1765063063719967,0.1773049645390071,0.3060486967520441,"PEMT;PGP;PLAAT4;PTPMT1;CRLS1;PTDSS2;CSNK2B;STARD10;PNPLA2;PLA2G2A;PLD6;PCYT2;PLD3;PISD;CDIPT;AGPAT2;PLA2G10;LPCAT1;TMEM86B;DGAT1;MFSD2A;PLD2;PLAAT3;MBOAT7;PLA2G3;PLAAT2;MBOAT1;ABHD4;PLA2G15;CPNE1;TAFAZZIN;ALPI;PLA2G2D;PLA2G4A;CPNE7;PTDSS1;GPD1;LPCAT4;AGPAT4;MIGA2",-1.273513240706898,0.18878768351939254,,
"REACTOME_MITOTIC_SPINDLE_CHECKPOINT",109,-0.290633198063392,-1.1882927712337006,0.17772511848341233,0.3062862137297599,"PMF1;CENPM;B9D2;ANAPC11;SEC13;ANAPC15;DYNLL1;AURKB;CDC20;PLK1;SPC24;ANAPC5;ANAPC2;NUDC;PPP2R1A;RANGAP1;BUB3;BIRC5;ANAPC7;CDCA8;UBE2S;CENPT",-1.1374208203406746,0.36132584471479,,
"REACTOME_RHOBTB2_GTPASE_CYCLE",23,0.3563741959423705,1.2149293580797291,0.178125,0.3064880952380953,"STK38;MSI2;MYO6;PHIP;CUL3;SRRM1;TMOD3",1.2575492222872209,0.2590574514864736,,
"REACTOME_SIGNALING_BY_NOTCH1_HD_DOMAIN_MUTANTS_IN_CANCER",15,-0.4578244617055145,-1.2537179631152566,0.17846153846153845,0.30658051932219915,"UBA52;UBB;MIB2;UBC;RPS27A",-1.221418802917844,0.3420732669407757,,
"REACTOME_INFECTION_WITH_ENTEROBACTERIA",36,-0.3612337961221399,-1.2223172537218447,0.18032786885245902,0.30916427694481025,"UBA52;UBB;CALM3;GBP4;HBA2;HBB;GBP1;UBC;LAMA1;RPS27A;UBE2D2;CALM2;GBP2;CASP4",-1.078038832979948,0.48453047263681587,,
"REACTOME_CYCLIN_A_B1_B2_ASSOCIATED_EVENTS_DURING_G2_M_TRANSITION",31,-0.3811103593614659,-1.2405167119185383,0.18053596614950634,0.30916427694481025,"PKMYT1;PLK1;LCMT1;PPP2R1A;CCNB1;FZR1;CCNB2;PPP2R3B;PPP2CA;PPME1;CCNA2;CDC25C;CDC25B;HJURP;FOXM1;MNAT1;CDK7",-1.3155505636053708,0.21789000162839928,,
"REACTOME_SIGNALING_BY_CSF3_G_CSF",30,-0.38442071769813646,-1.2387362858834183,0.181169757489301,0.30976027936656514,"UBA52;UBB;ELOB;SOCS1;RNF7;UBC;ELOC;RPS27A;TYK2;CSF3;UBE2D2;HCK;LYN",-1.1863077377032392,0.3473480057340417,,
"REACTOME_TERMINATION_OF_O_GLYCAN_BIOSYNTHESIS",18,-0.43774070931347553,-1.2452873388748187,0.18333333333333332,0.31296162441946446,"MUC6;MUC5AC;ST6GALNAC4;MUC1",-1.230081321190616,0.32103204775447275,,
"REACTOME_TAK1_DEPENDENT_IKK_AND_NF_KAPPA_B_ACTIVATION",43,-0.34610024177945226,-1.2132574645181031,0.18361955085865259,0.31296162441946446,"UBA52;UBB;NFKB2;NFKBIA;NFKBIB;SAA1;TRAF2;UBC;USP18;TIFA;RPS27A;TAB1;TP53;NLRX1;RIPK2;NLRC5;LRRC14;UBE2N;IKBIP;S100B",-1.1778695867323281,0.34621594507320436,,
"REACTOME_MAP3K8_TPL2_DEPENDENT_MAPK1_3_ACTIVATION",16,-0.44470542615657854,-1.2354899372029085,0.1839258114374034,0.312991490734922,"UBA52;UBB;TNIP2;UBC;RPS27A;MAP3K8;SKP1",-1.243179655994668,0.3044527372904537,,
"REACTOME_FORMATION_OF_THE_DYSTROPHIN_GLYCOPROTEIN_COMPLEX_DGC",33,0.30767967695727344,1.184074441108568,0.18466898954703834,0.3137636123338394,"LAMC1;DMD;LAMA2;SNTB2;LAMA4;SNTB1;HSPG2;SGCD;UTRN",1.3452765658589012,0.1595717809580832,,
"REACTOME_REGULATION_OF_TP53_ACTIVITY_THROUGH_METHYLATION",19,-0.4273270615442184,-1.2447825188420738,0.18535127055306427,0.31393871449925265,"UBA52;UBB;PRMT5;TTC5;UBC;EHMT2;RPS27A;TP53",-1.2225557387546795,0.33346000036190576,,
"REACTOME_TICAM1_RIP1_MEDIATED_IKK_COMPLEX_RECRUITMENT",19,-0.42750870752081793,-1.2453116445554606,0.18535127055306427,0.31393871449925265,"UBA52;UBB;UBC;RPS27A;UBE2D2;TICAM1;BIRC3;UBE2N;RIPK3;UBE2D3",-1.1467948502655911,0.4194046962085376,,
"REACTOME_TP53_REGULATES_TRANSCRIPTION_OF_ADDITIONAL_CELL_CYCLE_GENES_WHOSE_EXACT_ROLE_IN_THE_P53_PATHWAY_REMAIN_UNCERTAIN",21,0.3682237318835423,1.2257783840982814,0.1875,0.3169489543129937,"CNOT1;CPAP;CNOT4;CNOT6L;PLAGL1;CNOT11",1.0945920502111188,0.46366377557934674,,
"REACTOME_SIGNALING_BY_CSF1_M_CSF_IN_MYELOID_CELLS",31,0.3194217744187347,1.2053915177430272,0.18771331058020477,0.3169489543129937,"CBL;SOS1;PIK3CB;PTPN11;PIK3CA;PIK3R1",1.261853224069093,0.2669950738916256,,
"REACTOME_ION_TRANSPORT_BY_P_TYPE_ATPASES",40,0.29209760839714055,1.1758821147009304,0.18972332015810275,0.31984460194616393,"ATP11B;ATP7A;ATP9A;ATP10B;ATP11C;ATP2B4;ATP2C1;ATP8A1;ATP1A1;ATP8B1;ATP1A2;ATP1B2;ATP11A;ATP7B;CAMK2G;ATP2B1;ATP2A2;CAMK2D",1.244723622814863,0.23679916989220887,,
"REACTOME_SUMOYLATION_OF_SUMOYLATION_PROTEINS",35,0.3047233770126586,1.185856676546526,0.19413919413919414,0.3267808795759106,"POM121;NUP153;RANBP2;TPR;NUP98;NUP205;NUP58;POM121C;TOPORS;NUP133",1.3117927735072257,0.18830559705381647,,
"REACTOME_SIGNALING_BY_NTRKS",121,0.22076320455382778,1.1070755946635187,0.19594594594594594,0.3293107060548921,"KIDINS220;GAB1;SOS1;BRAF;PIK3CB;RPS6KA3;PTPN11;PIK3CA;EP300;DNM3;GRIN2B;PIK3R1;CREB1;MEF2A;REST;MAPK14;TPH1;CLTC;TCF12;NRAS;RAPGEF1;FRS2;MAPK1;YWHAB;PPP2R1B;SHC3;MEF2C;ID4",1.0772138276631462,0.3720105528823811,,
"REACTOME_DEGRADATION_OF_THE_EXTRACELLULAR_MATRIX",117,0.222680054124003,1.1118602788253047,0.19727891156462585,0.3310376782291864,"CAPN7;CDH1;COL4A5;LAMC1;COL14A1;ADAM17;CAST;FBN2;COL4A6;NID1;COL9A3;A2M;BCAN;HSPG2;CAPN6;MMP16;COL4A1;ELN;ADAMTS8;COL2A1;COL17A1;COL12A1;COL8A1;COL4A4;TLL1;COL6A3;CAPN3;ADAMTS9;LAMB1;COL4A2;ACAN;ADAMTS1;CAPN13;FBN1;COL15A1;COL9A1;ADAM10;LAMA5;ADAM9;SCUBE1",1.3834314622399746,0.04498815718001082,,
"REACTOME_CD22_MEDIATED_BCR_REGULATION",50,0.2668246131715457,1.1508033422591735,0.19767441860465115,0.3311886704288127,"IGHV2-5;IGKV1D-16;IGHV3-7;IGHV3-13;IGHV4-39;IGHV3-11;IGKV2-30;IGKV3D-20;CD22;IGHV1-2;IGLV1-40;IGHM;IGLV2-11;IGHV3-48;IGKV3-11;IGLV3-19;IGHV1-46;IGLV3-25;IGLV3-27;IGHV4-34;IGLV7-43;IGHD;IGKV3-20;IGKV1-17;IGHV3-30;IGLV2-14;IGLV2-23;CD79A;IGHV3-23;IGKV1-16;IGHV3-33;IGLC3",-0.7885561966930045,0.8723313609467456,,
"REACTOME_HATS_ACETYLATE_HISTONES",101,0.23904667596200815,1.184481184937546,0.19919509313975195,0.33322142123995546,"NCOA2;PHF20;BRPF3;ATXN7;MSL1;EP300;TRRAP;NCOA1;MSL2;KAT6A;YEATS2;JADE3;CLOCK;KAT6B;KANSL1;EP400;ELP1;KAT7;OGT;CREBBP;SUPT20H;KAT2B;ZZZ3",1.209676636883625,0.3426270960873037,,
"REACTOME_SIGNALING_BY_FGFR2",62,-0.3149873709642697,-1.1851921200019693,0.2,0.3339432412247946,"POLR2I;POLR2L;UBA52;HRAS;UBB;POLR2F;POLR2G;POLR2H;POLR2E;POLR2J;PPP2R1A;UBC;HNRNPF;MAPK3;GTF2F1;POLR2C;RPS27A",-1.210413569302192,0.3038615823304818,,
"REACTOME_INTERLEUKIN_4_AND_INTERLEUKIN_13_SIGNALING",97,-0.2903841396387775,-1.1663795096060516,0.20024271844660194,0.3339432412247946,"SOCS1;CXCL8;TIMP1;CEBPD;FSCN1;OSM;BIRC5;SAA1;FASLG;MUC1;AKT1;ICAM1;TGFB1;IL23A;IL6;MMP1;IL1B;TNF;PTGS2;BATF;HSPA8;ITGB2;TYK2;JUNB;LCN2;TP53;HMOX1;STAT1;IL1A;ITGAM;ANXA1;CCL2;SOCS3;JAK2;ITGAX;MMP9;ALOX5;MMP3;TWIST1;STAT6;VIM",-0.8977637595023016,0.7685183398118091,,
"REACTOME_TP53_REGULATES_TRANSCRIPTION_OF_GENES_INVOLVED_IN_CYTOCHROME_C_RELEASE",18,-0.42722478263576186,-1.215371568946016,0.2015151515151515,0.3350929756979122,"PRELID1;BID;TRIAP1;AIFM2;TP73;PMAIP1;TP53;BAX;BBC3;BNIP3L",-1.125295298131214,0.46363855421686745,,
"REACTOME_TRANSCRIPTIONAL_AND_POST_TRANSLATIONAL_REGULATION_OF_MITF_M_EXPRESSION_AND_ACTIVITY",50,0.26547721082094955,1.1449920525509147,0.20155038759689922,0.3350929756979122,"GSK3B;EDNRB;CDH1;EP300;CREB1;TNFSF11;LARS1;XPO1;CREBBP;KIT;EDN1;MAPK1;YWHAB;SOX9;SIRT1",1.2202712521537011,0.26331983805668013,,
"REACTOME_SUMOYLATION_OF_CHROMATIN_ORGANIZATION_PROTEINS",61,0.25402921658972366,1.1303427306243445,0.20192307692307693,0.3351984921663329,"POM121;NUP153;RANBP2;PHC3;TPR;SATB1;SATB2;NUP98;SUZ12;NUP205;HDAC4;NUP58;CBX5;POM121C;NUP133;PIAS1",1.1728343769843614,0.26969199382992487,,
"REACTOME_MYD88_INDEPENDENT_TLR4_CASCADE",107,-0.2836966832179006,-1.1540490090940259,0.20239520958083831,0.33546851251625187,"UBA52;UBB;NFKB2;FADD;IRF7;NFKBIA;TNIP2;NFKBIB;PPP2R1A;MAPKAPK3;SAA1;IRF3;TRAF2;CD14;DUSP4;UBC;USP18;MAPK11;MAPK3;TIFA;MAP2K3;RPS27A;TAB1;VRK3;UBE2D2;TICAM1;TP53;PPP2CA;NLRX1;LY96;RIPK2;IKBKE;MAP3K8;NLRC5;RPS6KA1;DUSP7;BIRC3;MAPK7;SKP1;LRRC14;UBE2N;IKBIP;S100B;RIPK3;MAPKAPK2",-1.039719624479012,0.5292146909525232,,
"REACTOME_SIGNALING_BY_SCF_KIT",41,0.28714436980447855,1.169632079754989,0.20463320463320464,0.33821851376408496,"CBL;SOS1;PTPN11;PIK3CA;STAT5B;PIK3R1;PRKCA",1.189292494015976,0.31123872026251026,,
"REACTOME_NFE2L2_REGULATING_ANTI_OXIDANT_DETOXIFICATION_ENZYMES",18,0.3717046696436671,1.2174570672274898,0.2046783625730994,0.33821851376408496,"CHD6;EP300;NFE2L2;GCLM;CREBBP;GCLC;BACH1",1.4005146563613533,0.18687992169773546,,
"REACTOME_SLC_MEDIATED_TRANSPORT_OF_ORGANIC_ANIONS",24,-0.40009626501358747,-1.2232541468245306,0.20562130177514792,0.33894213289510045,"SLC25A11;SLC25A1;SLC25A10;BSG;SLC16A3",-1.239368385592445,0.31569896449704143,,
"REACTOME_ROLE_OF_PHOSPHOLIPIDS_IN_PHAGOCYTOSIS",70,0.24633050404399254,1.128007068470776,0.20574162679425836,0.33894213289510045,"PIK3CB;PIK3CA;PIK3R1;PRKCE;ITPR1;ITPR2;IGHV2-5;SYK;IGKV1D-16;IGHV3-7;IGHV3-13;IGHV4-39;IGHV3-11;PLD1;PLCG1;ITPR3",1.0457801454619413,0.47192530217104883,,
"REACTOME_CELL_DEATH_SIGNALLING_VIA_NRAGE_NRIF_AND_NADE",73,0.24244720096021333,1.1239735424935773,0.20754716981132076,0.34139777249692216,"TRIO;ARHGEF12;SOS1;SOS2;AKAP13;ARHGEF11;ITSN1;ARHGEF7;ARHGEF38;ARHGEF10;KALRN;FGD4;ARHGEF5;NET1;ARHGEF9;GNA13;TRAF6;VAV3;PLEKHG2;FGD1;NGFR;ARHGEF35;MCF2L",1.1136450595428555,0.3561343119759272,,
"REACTOME_REGULATION_OF_TP53_ACTIVITY",154,-0.27380445006230675,-1.1626730595439871,0.208,0.3416242424242424,"UBA52;MLST8;UBB;AURKB;PIN1;CSNK2B;PRMT5;KAT5;PRKAG1;BANP;RFC2;RNF34;CDK5;PIP4P1;TAF10;ATRIP;TAF9;PPP2R1A;PML;PRR5;AKT1;ZNF385A;RAD9A;MBD3;TTC5;UBC;PLK3;NOC2L;MAPK11;DAXX;RPA1;MTA2;STK11;RPA3;RFC5;EHMT2;TP73;RPS27A;RPA2;CDKN2A;ING2;RMI2;TP53;PPP2CA;CHD4;PPP1R13L;SSRP1;AKT2;TAF11",-1.1919245757727723,0.2799163349699905,,
"REACTOME_RUNX1_REGULATES_GENES_INVOLVED_IN_MEGAKARYOCYTE_DIFFERENTIATION_AND_PLATELET_FUNCTION",58,0.25536590336817955,1.1359212594382322,0.20982142857142858,0.3440944456451264,"KMT2C;KMT2A;KMT2D;EP300;TNRC6A;H3-3A;AGO4;TNRC6C;RUNX1;AGO3;KAT2B;H4C16;RBBP5;TNRC6B",1.1966017433397644,0.26836665222504175,,
"REACTOME_TRANSPORT_OF_MATURE_TRANSCRIPT_TO_CYTOPLASM",79,-0.29709751079649527,-1.1581069413148386,0.21490683229813665,0.3519018220712691,"SEC13;SRSF9;THOC6;DDX39A;ALYREF;EIF4A3;THOC5;NXT1;AAAS;CPSF4;SRSF7;CHTOP;RBM8A;U2AF1L4;MAGOH;SLBP;NUP37;MAGOHB;RNPS1;U2AF2;NUP62;THOC3;CPSF1;NUP85;SEH1L;NUP93;NUP188;SRSF2",-1.1080462890126141,0.42873905190484773,,
"REACTOME_REGULATION_OF_TLR_BY_ENDOGENOUS_LIGAND",15,-0.44161310125625963,-1.2093243679673409,0.2153846153846154,0.3521522218354798,"GSDMD;S100A8;S100A9;CD14",-1.3031240454955748,0.251014062886209,,
"REACTOME_RNA_POLYMERASE_I_TRANSCRIPTION_INITIATION",46,-0.33287860459042234,-1.177580416516985,0.21944809461235218,0.3582556243370328,"POLR2L;POLR2F;POLR1H;POLR1C;POLR2H;POLR2E;ERCC2;MBD3;MTA2;EHMT2;GTF2H5;MTA1",-1.20435439052678,0.33077342956347705,,
"REACTOME_ERCC6_CSB_AND_EHMT2_G9A_POSITIVELY_REGULATE_RRNA_EXPRESSION",40,-0.3370512386965701,-1.1710401543183466,0.22162883845126835,0.3611599765445919,"H2AC20;H2AX;MBD3;H4C5;MTA2;H2AZ2;EHMT2;MTA1;CHD4;H2AJ;RBBP4;H3C10;H2AC8;GATAD2A;HDAC1;H4C8;H2BC12;H2BC26;H2BC11;H2BC4;H2BC5;H4C9",-1.1775643133528881,0.3455177473869062,,
"REACTOME_G_BETA_GAMMA_SIGNALLING_THROUGH_PI3KGAMMA",20,-0.4060327091221258,-1.2002723966616362,0.22189349112426035,0.3611599765445919,"GNG5;GNB2;AKT1;GNGT2;GNB5;RHOA;AKT2;GNB1;GNB3",-1.2440916793445125,0.3112812359237013,,
"REACTOME_SIGNALING_BY_ALK",27,0.3197339109040796,1.1632837110559362,0.2225705329153605,0.3613164296407186,"PIK3CB;PIK3CA;EP300;PIK3R1;ALKAL2;ALKAL1;FRS2;PRDM1;PLCG1;HDAC2;SIN3A;MYC;STAT3;PTN;SHC1;IRS1",1.2351333444134198,0.2578399096133158,,
"REACTOME_SNRNP_ASSEMBLY",54,-0.325095732606972,-1.1883268485759637,0.22265625,0.3613164296407186,"SEC13;SNRPD2;GEMIN7;SNRPF;SNRPB;PRMT5;SNRPD1;AAAS;SNRPG;GEMIN4;SNRPE;NUP37;SNUPN;GEMIN2;WDR77;NUP62;NUP85;GEMIN8;SEH1L;NUP93",-1.1115586915902993,0.45034213098729226,,
"REACTOME_NR1H3_NR1H2_REGULATE_GENE_EXPRESSION_LINKED_TO_CHOLESTEROL_TRANSPORT_AND_EFFLUX",35,0.29667832062113175,1.154548662279248,0.22344322344322345,0.36205150106495404,"EP300;TNRC6A;KDM3A;NCOA1;KDM1B;AGO2;NCOR1;AGO4;TNRC6C;AGO3",1.296439064305982,0.1947457884772184,,
"REACTOME_DISEASES_OF_DNA_REPAIR",51,0.2642804594909187,1.1332780287214756,0.22448979591836735,0.36320438623210477,"ATR;ATM;RAD50;TOPBP1;PMS2;MRE11;WRN;BRCA2;MSH3;BRCA1;MLH1;BRIP1;RAD17;MSH2;BLM;PALB2;DNA2;XRCC2;MSH6",0.9944276642738805,0.5858696708899138,,
"REACTOME_REGULATION_OF_TP53_EXPRESSION_AND_DEGRADATION",36,-0.3452069914874973,-1.1680868909007283,0.22540983606557377,0.3641494221983338,"UBA52;MLST8;UBB;RNF34;PPP2R1A;PRR5;AKT1;UBC;DAXX;RPS27A;CDKN2A;TP53;PPP2CA;AKT2",-1.2047956698167959,0.32103204775447275,,
"REACTOME_B_WICH_COMPLEX_POSITIVELY_REGULATES_RRNA_EXPRESSION",55,-0.32070254835227113,-1.1786517868901671,0.2258485639686684,0.36431524306850677,"POLR2L;POLR2F;POLR1H;H2AC20;POLR1C;ACTB;H2AX;POLR2H;POLR2E",-1.0237317854191925,0.5743701068072781,,
"REACTOME_REGULATION_OF_PD_L1_CD274_TRANSCRIPTION",66,0.24711330817600424,1.1106836469590677,0.22966507177033493,0.3699211557192319,"KMT2C;TEAD1;KMT2A;EP300;EPAS1;NFE2L2;YAP1;H3-3A;SUZ12",1.0830348301985047,0.41648235485444784,,
"REACTOME_CELLULAR_RESPONSE_TO_HEAT_STRESS",95,-0.28492661761738525,-1.145079897712101,0.23458282950423218,0.377281583356955,"SEC13;MLST8;UBB;RPS19BP1;HSBP1;DEDD2;AAAS;MRPL18;HSPB1;HSPA6;YWHAE;SERPINH1;FKBP4;BAG3;EEF1A1;MAPK3;RPA1;AKT1S1;RPA3;HIKESHI;HSF1;NUP37;HSPA2;DNAJB1;HSPA8;RPA2;VCP;NUP62;BAG1;NUP85",-1.0957668825207596,0.4340627640570274,,
"REACTOME_P75NTR_SIGNALS_VIA_NF_KB",15,-0.43700299429043155,-1.1966999356829446,0.2353846153846154,0.37740805151424794,"UBA52;UBB;NFKBIA;UBC;RPS27A;RIPK2",-1.3657089451052695,0.18830559705381647,,
"REACTOME_PROTEIN_PROTEIN_INTERACTIONS_AT_SYNAPSES",61,0.24631686561572708,1.0960254187162415,0.23557692307692307,0.37740805151424794,"DLG1;SHANK2;EPB41;GRIN2B;EPB41L5;PTPRD;LIN7A;CASK;PPFIA1;SYT7;EPB41L2;EPB41L1;NRXN3;NLGN4X;PDLIM5;DLG2",1.102239513939068,0.372575976845152,,
"REACTOME_DISEASES_OF_GLYCOSYLATION",130,-0.2711988769960553,-1.1309887653209356,0.23570595099183198,0.37740805151424794,"DPM3;MUC6;MPDU1;DPM2;HEXA;GALK1;B4GALT7;ALG12;GALT;MAN1B1;B3GAT3;B4GAT1;MUC5AC;ALG3;ALG1;DOLK;MGAT2;B3GALT6;MUC1;MPI;POMT1;ALG14;SRD5A3;POMGNT1;RFT1;MUC5B;NEU1;GALE;SPON1;ADAMTSL5;ALG2;CHST14;CTSA;SPON2;CHST6;MOGS;SBSPON;CSPG5;PGM1;DPAGT1;LFNG;MUC3A",-1.0026446615253264,0.6102242665983985,,
"REACTOME_MRNA_DECAY_BY_5_TO_3_EXORIBONUCLEASE",15,-0.43375576598821064,-1.187807644437377,0.24,0.383716814159292,"LSM2;LSM7;LSM4",-1.2070509842361064,0.3582552626076634,,
"REACTOME_TRAF6_MEDIATED_INDUCTION_OF_TAK1_COMPLEX_WITHIN_TLR4_COMPLEX",15,-0.4323708032747169,-1.1840150278836796,0.24153846153846154,0.3856077942675881,"UBA52;UBB;CD14;UBC;RPS27A;TAB1;TICAM1;LY96",-1.0393858308920811,0.5444954328422146,,
"REACTOME_ELASTIC_FIBRE_FORMATION",39,0.2823968927737156,1.134795229628349,0.24242424242424243,0.3862399585384815,"ITGA8;MFAP3;FBN2;LTBP1;ITGB1;ITGB6;ELN;ITGB3;ITGAV;LTBP2;FBN1;MFAP4;ITGB8;EFEMP1",1.3685404722443544,0.1595717809580832,,
"REACTOME_AZATHIOPRINE_ADME",22,-0.38995967417853505,-1.1759289090664509,0.2426470588235294,0.3862399585384815,"GUK1;NME1;NME2;IMPDH2;SLC29A2;IMPDH1;HPRT1;GSTA1;VAV1;GSTM1",-1.1945209872921938,0.3720105528823811,,
"REACTOME_SIGNALING_BY_WNT_IN_CANCER",33,0.29418299369023027,1.132133806438496,0.24390243902439024,0.38766897932908945,"LRP6;GSK3B;TNKS2;TNKS;APC;AMER1;DKK2;PPP2R1B;CSNK1A1;FZD5;FZD6;FZD4;RNF43",1.0837109778395588,0.44600243573285936,,
"REACTOME_ER_QUALITY_CONTROL_COMPARTMENT_ERQC",21,-0.3929858017502166,-1.1714739755870192,0.24633431085043989,0.3909610438680481,"UBA52;UBB;MAN1B1;UBC;DERL2;AMFR;EDEM2;RPS27A;RNF5",-1.1505605328252493,0.41648235485444784,,
"REACTOME_FLT3_SIGNALING",36,0.2877790946875409,1.1363302629122543,0.24814814814814815,0.39319926024533414,"CBL;SOS1;FOXO3;PTPN11;PIK3CA;STAT5B;PIK3R1;ABL2;CDKN1B;NRAS;GAB2",1.1430509785899419,0.37777233248931363,,
"REACTOME_EPH_EPHRIN_SIGNALING",88,-0.2832099003865205,-1.1255016062339716,0.2484700122399021,0.39319926024533414,"MYL6;HRAS;AP2S1;ACTB;ARPC1B;EPHB6;CLTA;ARPC4;CFL1;CLTB;AP2M1;ARPC1A;APH1A;ACTG1;EFNA1;MYL12A;MYL12B;PSENEN",-1.0759640854405457,0.4670235511614822,,
"REACTOME_TNFR1_INDUCED_PROAPOPTOTIC_SIGNALING",25,-0.38227986015094656,-1.1781801274496175,0.24926253687315633,0.3938784110357164,"TRADD;MIB2;FADD;TRAF2;SHARPIN;RBCK1;TNF;TNFRSF1A;IKBKE;BIRC3;RNF31",-1.1503797775708415,0.4194046962085376,,
"REACTOME_SIGNALLING_TO_ERKS",31,0.2963549956053575,1.1183451679007335,0.2525597269624573,0.39850763322751637,"KIDINS220;SOS1;BRAF;MAPK14;NRAS;RAPGEF1;FRS2;MAPK1;YWHAB;SHC3",1.061853865908348,0.47215970961887477,,
"REACTOME_NEGATIVE_EPIGENETIC_REGULATION_OF_RRNA_EXPRESSION",72,-0.29606911775670514,-1.1292772470309131,0.25475285171102663,0.40138385356795475,"POLR2L;POLR2F;POLR1H;H2AC20;POLR1C;SAP30;H2AX;POLR2H;POLR2E;SUV39H1",-1.1485779379700543,0.37145903137374353,,
"REACTOME_NEUREXINS_AND_NEUROLIGINS",43,0.2713415268220508,1.1172708664301787,0.2571428571428571,0.40397515527950306,"SHANK2;EPB41;GRIN2B;EPB41L5;LIN7A;CASK;SYT7;EPB41L2;EPB41L1;NRXN3;NLGN4X;PDLIM5;DLG2",1.1668183382085713,0.34296851270628737,,
"REACTOME_NS1_MEDIATED_EFFECTS_ON_HOST_PATHWAYS",43,0.27009762111134683,1.1121489832174145,0.2571428571428571,0.40397515527950306,"POM121;NUP153;RANBP2;TPR;NUP98;EIF2AK2;NUP205;NUP58;KPNA1;POM121C;KPNA5;NUP133",1.1370809238069084,0.385297414225467,,
"REACTOME_CONSTITUTIVE_SIGNALING_BY_LIGAND_RESPONSIVE_EGFR_CANCER_VARIANTS",19,0.35578302828572417,1.1584172919524756,0.25825825825825827,0.4051403067322026,"GAB1;CBL;SOS1;PIK3CA;PIK3R1;EGFR",1.1449035556495628,0.4127129716960724,,
"REACTOME_TRAF6_MEDIATED_NF_KB_ACTIVATION",24,-0.3808201028332942,-1.1643192169493288,0.2588757396449704,0.4055221123918323,"NFKB2;NFKBIA;NFKBIB;SAA1;TRAF2",-0.9911739719453857,0.6236028928336621,,
"REACTOME_VITAMIN_B5_PANTOTHENATE_METABOLISM",20,-0.3956412212061751,-1.1695541421330164,0.2603550295857988,0.4072508687893303,"NUDT8;PPCDC;VNN2;PANK4;PDZD11;VNN1;COASY;PPCS;DCAKD",-1.243229927243529,0.3112812359237013,,
"REACTOME_REGULATION_OF_INSULIN_LIKE_GROWTH_FACTOR_IGF_TRANSPORT_AND_UPTAKE_BY_INSULIN_LIKE_GROWTH_FACTOR_BINDING_PROTEINS_IGFBPS",92,-0.2814176537584906,-1.1240426568031119,0.2625152625152625,0.4100382486549634,"CST3;GZMH;CP;LGALS1;TIMP1;SHISA5;APOE;PNPLA2;IGFBP6;FUCA2;TMEM132A;SPP1;APOL1;GAS6;IL6;MMP1;PCSK9;IGFBP7;IGFALS;FSTL3;VWA1;P4HB;NUCB1;MELTF;PRKCSH;ANO8;MFGE8",-0.9418216060658883,0.7051647256034096,,
"REACTOME_HCMV_LATE_EVENTS",76,-0.28968600006471174,-1.1196943453606023,0.26348808030112925,0.41096558136176126,"SEC13;H2AC25;H2AC20;VPS28;SNF8;AAAS;CEBPD;CHMP2A;CHMP6;MVB12A;VPS37B;VPS25;H4C5;VPS4A;CHMP1A;NUP37;NUP62;NUP85;VPS37D;SEH1L;NUP93;VPS37C;TSG101;NUP188",-1.167931390097638,0.33077342956347705,,
"REACTOME_HDACS_DEACETYLATE_HISTONES",54,-0.31093451173383085,-1.1365631455054206,0.2643229166666667,0.41167534722222227,"H2AC25;H2AC20;GPS2;SAP30;HMG20B;BRMS1;HDAC10;HDAC3;MBD3;H4C5;MTA2",-1.1718869807930596,0.3743262517828992,,
"REACTOME_TRANSPORT_OF_THE_SLBP_DEPENDANT_MATURE_MRNA",36,0.28379257950257997,1.1205890296821308,0.26666666666666666,0.4147297943567671,"POM121;NUP153;RANBP2;TPR;NUP98;NUP205;NUP58;NCBP1;POM121C;NUP133",1.1563665388139341,0.3575457721872816,,
"REACTOME_SLC_TRANSPORTER_DISORDERS",71,0.23814257845747114,1.09797247928241,0.2688679245283019,0.41742296281385927,"SLC26A2;POM121;NUP153;RANBP2;SLC24A1;TPR;SLCO2A1;NUP98;SLC12A6;NUP205;SLC11A2;SLC35A3;NUP58;POM121C;SLC26A3;NUP133",1.095450609647706,0.41648235485444784,,
"REACTOME_MISMATCH_REPAIR",15,-0.42300737451470705,-1.1583739802449335,0.2692307692307692,0.41742296281385927,"POLD2;PCNA;POLD1;RPA1;RPA3;POLD4;RPA2;LIG1",-1.1793919896112903,0.385297414225467,,
"REACTOME_RESOLUTION_OF_D_LOOP_STRUCTURES_THROUGH_SYNTHESIS_DEPENDENT_STRAND_ANNEALING_SDSA",27,0.31218220305562494,1.135808431046003,0.26959247648902823,0.41742296281385927,"ATM;RAD50;MRE11;WRN;BRCA2;BRCA1;BRIP1;BLM;PALB2;DNA2;XRCC2",1.1201720635942778,0.42873905190484773,,
"REACTOME_SIGNALING_BY_EGFR_IN_CANCER",24,0.328621153130573,1.1403835135442824,0.26993865030674846,0.41742296281385927,"GAB1;CBL;SOS1;PIK3CA;PIK3R1;EGFR",1.1427074147786893,0.4127129716960724,,
"REACTOME_RESPONSE_OF_EIF2AK1_HRI_TO_HEME_DEFICIENCY",15,-0.4220764896353397,-1.1558248217956284,0.27076923076923076,0.4181108919570458,"CEBPB;ATF5;ATF4;DDIT3;CHAC1;TRIB3;EIF2S1",-1.1993553188969026,0.3691852737905369,,
"REACTOME_CARGO_TRAFFICKING_TO_THE_PERICILIARY_MEMBRANE",57,-0.30335817247993196,-1.1266970191452121,0.2712082262210797,0.4181930543721912,"TUBB4B;TUBA1B;TUBA4A;CCT2;MKKS;TUBA1C;ARL3;PDE6D;CCT3;CCT5;TUBB3;RAB8A;EXOC3;TUBA1A;TUBB6;INPP5E;CCT4;TTC8;TUBB2A;ARF4;TCP1;BBS12;RAB11FIP3;CCT8",-0.9374856460934475,0.6906362475327993,,
"REACTOME_RECRUITMENT_OF_NUMA_TO_MITOTIC_CENTROSOMES",86,-0.28112039045532744,-1.1156043817879224,0.27228327228327226,0.41885625965996914,"DCTN3;SSNA1;MZT2B;DYNLL1;DCTN2;TUBB4B;PLK1;TUBA1B;TUBB;HAUS8;MZT2A;TUBA4A;TUBG1;YWHAE;PPP2R1A;HAUS4;TUBGCP2;TUBA1C;ACTR1A",-1.1199533256361076,0.40640284724561815,,
"REACTOME_GLUCAGON_LIKE_PEPTIDE_1_GLP1_REGULATES_INSULIN_SECRETION",31,0.2913248011185208,1.099362887252946,0.27303754266211605,0.41885625965996914,"PRKAR2A;PRKACB;IQGAP1;ITPR1;ITPR2;PRKAR1A;GNG12;RAPGEF4",0.9966052214293688,0.6161959291017177,,
"REACTOME_MECHANICAL_LOAD_ACTIVATES_SIGNALING_BY_PIEZO1_AND_INTEGRINS_IN_OSTEOCYTES",16,0.3610996470495612,1.141413684486367,0.27323943661971833,0.41885625965996914,"ITGB1;CACNB2;HSPG2;CACNA2D1;ITGB3;ITGAV;CACNA1H",1.2795150263333623,0.29875976113918234,,
"REACTOME_THROMBOXANE_SIGNALLING_THROUGH_TP_RECEPTOR",19,-0.39335082495275275,-1.1458114281457208,0.273542600896861,0.41885625965996914,"GNG5;GNB2;AAMP;GNA15;GNGT2;GNB5;GNB1;GNB3",-1.117408487439354,0.45876973705028007,,
"REACTOME_G_PROTEIN_ACTIVATION",16,-0.41909305405608505,-1.164333108127217,0.2735703245749614,0.41885625965996914,"GNG5;GNB2;GNA15;GNGT2;GNB5;GNB1;GNB3",-1.1444949353901486,0.4333190268205037,,
"REACTOME_DISEASES_OF_IMMUNE_SYSTEM",29,-0.35958463985349987,-1.1445479037384343,0.2747093023255814,0.420006888181848,"NFKB2;NFKBIA;UNC93B1;S100A8;S100A9;CD14",-1.1332455813369027,0.42805638192378526,,
"REACTOME_ZBP1_DAI_MEDIATED_INDUCTION_OF_TYPE_I_IFNS",20,-0.38886441862620846,-1.1495212509604167,0.27514792899408286,0.42008500708392366,"NFKB2;NFKBIA;NFKBIB;IRF3",-1.1177398056967218,0.4643790429679133,,
"REACTOME_SLC_MEDIATED_TRANSPORT_OF_AMINO_ACIDS",27,0.31050910085501104,1.1297212051668255,0.27899686520376177,0.4253623092558056,"SLC7A6;SLC38A1;SLC38A4;SLC6A6;SLC36A1;SLC7A1",0.9997126180193197,0.5854728583858075,,
"REACTOME_G_BETA_GAMMA_SIGNALLING_THROUGH_CDC42",15,-0.4185998111020115,-1.1463041982951425,0.2815384615384615,0.42863439930855657,"GNG5;GNB2;GNGT2;GNB5;GNB1;GNB3",-1.2265743113746965,0.3390254581847751,,
"REACTOME_REGULATION_OF_PLK1_ACTIVITY_AT_G2_M_TRANSITION",86,-0.2784648902085554,-1.1050662358130272,0.2857142857142857,0.43438188739731515,"UBA52;DCTN3;UBB;SSNA1;DYNLL1;DCTN2;TUBB4B;PLK1;TUBB;HAUS8;TUBA4A;TUBG1;YWHAE;PPP2R1A;HAUS4;CCNB1;UBC;CCNB2;ACTR1A",-1.10579516560248,0.42805638192378526,,
"REACTOME_CD209_DC_SIGN_SIGNALING",19,0.34304590953123104,1.1169456717744395,0.2882882882882883,0.4376813788578494,"PRKACB;PAK2;EP300;RAF1;CREBBP;NRAS",1.103578285182739,0.43942762575015465,,
"REACTOME_SYNTHESIS_OF_PC",25,-0.3699465765968918,-1.1401691540652208,0.29056047197640117,0.44051405821317324,"PEMT;CSNK2B;STARD10",-1.2293508427665598,0.32912536856238744,,
"REACTOME_PHASE_0_RAPID_DEPOLARISATION",19,0.34080385814667447,1.1096456296509278,0.2912912912912913,0.44100525106111693,"SCN5A;SCN4B;CACNB2;SCN3A;SCN8A;CACNG4;CAMK2G;CACNA1C;CAMK2D;SCN9A;FGF12;FGF13;CACNA2D2",1.0068097842470387,0.5740349195428067,,
"REACTOME_PEROXISOMAL_PROTEIN_IMPORT",59,-0.29779960959431157,-1.1106969643020042,0.29224904701397714,0.44183816870732384,"UBA52;UBB;PEX14;DHRS4;DECR2;PAOX;PEX10;UBC;MPV17;ECH1;ACOT8;TYSND1;RPS27A;ACAA1;HMGCL;ECI2;UBE2D2;GSTK1",-1.2893554116649157,0.22912585321592807,,
"REACTOME_EFFECTS_OF_PIP2_HYDROLYSIS",23,0.3332824913253085,1.1362065151051197,0.29375,0.4430267263600597,"DGKH;PRKCE;ITPR1;ITPR2;MGLL;DGKI;ITPR3;DAGLA;DGKE;DGKD;PRKCH",1.2408757585193166,0.27423626779288235,,
"REACTOME_TRANSPORT_OF_MATURE_MRNAS_DERIVED_FROM_INTRONLESS_TRANSCRIPTS",43,0.2659245991947883,1.094966225137767,0.2938775510204082,0.4430267263600597,"POM121;NUP153;RANBP2;WDR33;TPR;NUP98;NUP205;NUP58;NCBP1;POM121C;NUP133",1.1503525217577972,0.36730821360802385,,
"REACTOME_CARGO_RECOGNITION_FOR_CLATHRIN_MEDIATED_ENDOCYTOSIS",92,-0.27507825451587054,-1.0987217322909435,0.29426129426129427,0.4430267263600597,"NEDD8;UBA52;AP2S1;UBB;COPS3;COPS6;CLTA;VAMP8;GPS1;CD3D;CLTB;COPS7A;AP2M1;TOR1A;SH3GL1;ARRB2;NECAP2;UBC;COPS4;SYT8;DVL2;RPS27A;AP2A2;ARRB1;COPS5;NECAP1;GRK2",-1.1486515410824967,0.36282580828941746,,
"REACTOME_SENSORY_PERCEPTION_OF_TASTE",18,0.3427873120827202,1.1227430531101292,0.2953216374269006,0.4440064562701252,"TAS2R4;TAS2R5;SCN4B;SCN3A",1.0059884801210341,0.5957701943597833,,
"REACTOME_RESPIRATORY_SYNCYTIAL_VIRUS_RSV_ATTACHMENT_AND_ENTRY",22,0.3323290640883135,1.1288630095065109,0.2981366459627329,0.4476179005867071,"EGFR;RAB5A;HSPG2;IGF1R;CX3CR1;GPC3;TLR4;RAB5B",1.0326250604279303,0.5671485612006059,,
"REACTOME_RAB_GERANYLGERANYLATION",62,-0.29358064366323233,-1.1046457652876451,0.29875,0.44791839557399726,"RABGGTA;RAB3A;RAB11B;RAB1B;RAB33A;RAB25;RAB5C;RAB24;RAB35;RAB38;RAB13;RAB8A;RAB20;RAB42;RAB26;RAB19;RAB34;RAB12;RAB40C;RAB27B;RAB40B;RAB32;RAB17",-1.1122125613630116,0.4340284876984938,,
"REACTOME_POLO_LIKE_KINASE_MEDIATED_EVENTS",16,-0.4074525122988567,-1.1319931109993606,0.3075734157650695,0.4605104733278113,"PKMYT1;PLK1;LIN37;CCNB1;CCNB2",-1.28796587632167,0.25643131953831755,,
"REACTOME_RHO_GTPASE_EFFECTORS",272,-0.24214564966486338,-1.0812747869104775,0.30852211434735705,0.461051672468163,"PFN1;PMF1;MYL6;CENPM;B9D2;SEC13;DYNLL1;TAX1BP3;AURKB;TUBB4B;RHOG;H2AC20;CYBA;PIN1;ACTB;H2AX;CDC20;ARPC1B;PLK1;ARPC4;TUBA1B;SFN;SPC24;CFL1;TUBA4A;RAC2;ARPC1A;PRC1;RHOC;NUDC;YWHAH;YWHAE;RHOD;BRK1;PPP2R1A;RANGAP1;BUB3;ACTG1;BIRC5;NF2;CDCA8;S100A8;S100A9;TUBA1C;CENPT;MAPK11;KLC3;H4C5;MAPK3;DVL1;MYL12B;LIN7B;PKN3;H2AZ2;KLC2;TUBB3;NCKIPSD;NUP37;DVL2;NCF1;KLC1;TUBA1A;TUBB6;KIF2C;NCF4;RHPN1;CENPS;PPP2CA;NUP85;NCF2;RHOA;SKA1;CENPN;FMNL1;SEH1L",-1.0831221636221167,0.4523662020306316,,
"REACTOME_DEADENYLATION_DEPENDENT_MRNA_DECAY",56,-0.29748995091767544,-1.0996129814795608,0.3087855297157623,0.461051672468163,"EXOSC4;LSM2;LSM7;LSM4;EXOSC7;EIF4A3;EXOSC3;SKIC8;DCPS;EXOSC2;EXOSC1;EXOSC5;LSM1;CNOT3;CNOT9;NT5C3B;LSM6;EXOSC9;LSM3",-1.117225556384246,0.42805638192378526,,
"REACTOME_TGF_BETA_RECEPTOR_SIGNALING_IN_EMT_EPITHELIAL_TO_MESENCHYMAL_TRANSITION",16,-0.4071268788731972,-1.131088429390017,0.3106646058732612,0.46321930229245556,"UBA52;UBB;PARD6A;UBC;TGFB1;RPS27A;RHOA;PRKCZ",-1.2843332985163127,0.25837340407892556,,
"REACTOME_FCGR3A_MEDIATED_IL10_SYNTHESIS",81,0.22407660987193742,1.056754519348866,0.3118279569892473,0.4643152546378353,"PRKAR2A;PRKACB;CREB1;ITPR1;ITPR2;PRKAR1A;ADCY6;IGHV2-5;SYK;IGKV1D-16;IGHV3-7;IGHV3-13;IGHV4-39;IGHV3-11;ADCY5;YES1;PLCG1;ITPR3",0.9191291627054194,0.7387341340829713,,
"REACTOME_FORMATION_OF_THE_POLYBROMO_BAF_PBAF_COMPLEX",18,0.33876564845673746,1.1095707601492737,0.3128654970760234,0.4652211232241555,"PBRM1;SMARCC1;BRD7;ARID2;SMARCA2",1.092240138265429,0.4782911692542422,,
"REACTOME_TGF_BETA_RECEPTOR_SIGNALING_ACTIVATES_SMADS",47,-0.3120328402646929,-1.1051245318064016,0.316,0.4690981892770582,"NEDD8;UBA52;UBB;PPP1CA;UBE2M;STUB1",-1.091254712065773,0.47544354181618975,,
"REACTOME_DNA_DOUBLE_STRAND_BREAK_REPAIR",146,-0.2587736059144542,-1.0898631340883735,0.3163383545770568,0.4690981892770582,"BABAM1;PPP4C;UBA52;UBB;H2AX;POLD2;KAT5;RFC2;PPP5C;UBE2I;FEN1;PCNA;XRCC3;MUS81;ATRIP;POLL;RAD51;UBXN1;RAD9A;POLD1;UBC;ERCC1;H4C5;SIRT6;RPA1;RPA3;RFC5;POLE4;EME1;SEM1;POLD4;RPS27A;RPA2;PARP2;POLE3;RMI2;TP53;XRCC6",-1.0740830437100113,0.4809213622588004,,
"REACTOME_REGULATION_OF_TP53_ACTIVITY_THROUGH_PHOSPHORYLATION",89,-0.2716874775496222,-1.081980976251851,0.31701346389228885,0.469457096802242,"UBA52;UBB;AURKB;PIN1;CSNK2B;KAT5;PRKAG1;RFC2;CDK5;TAF10;ATRIP;TAF9;RAD9A;UBC;PLK3;NOC2L;MAPK11;RPA1;STK11;RPA3;RFC5;RPS27A;RPA2;RMI2;TP53;SSRP1;TAF11;RFC4;TOP3A",-1.1526356128437314,0.3555270427829748,,
"REACTOME_DOWNREGULATION_OF_TGF_BETA_RECEPTOR_SIGNALING",26,-0.3579356288151634,-1.1098091110152704,0.3185840707964602,0.4711393352569752,"UBA52;UBB;PPP1CA;STUB1;UBC;TGFB1",-1.17957131832889,0.38421063735521843,,
"REACTOME_RIP_MEDIATED_NFKB_ACTIVATION_VIA_ZBP1",17,-0.40326285570538634,-1.1321638265481277,0.3210445468509985,0.47307839179531935,"NFKB2;NFKBIA;NFKBIB;TICAM1;MYD88;RIPK3",-1.1469839155835453,0.44600243573285936,,
"REACTOME_TRANSCRIPTION_OF_E2F_TARGETS_UNDER_NEGATIVE_CONTROL_BY_P107_RBL1_AND_P130_RBL2_IN_COMPLEX_WITH_HDAC1",16,0.3435975774479344,1.0860907233221655,0.3211267605633803,0.47307839179531935,"RBL2;TFDP2;RBL1",0.9721108340222989,0.6102242665983985,,
"REACTOME_PROCESSING_OF_DNA_DOUBLE_STRAND_BREAK_ENDS",76,-0.28075232692986396,-1.0851639114074445,0.3212045169385194,0.47307839179531935,"BABAM1;PPP4C;UBA52;UBB;H2AX;KAT5;RFC2;UBE2I;ATRIP;RAD9A;UBC;H4C5;SIRT6;RPA1;RPA3;RFC5;RPS27A;RPA2",-1.1582756443718847,0.34595573500378524,,
"REACTOME_ABERRANT_REGULATION_OF_MITOTIC_G1_S_TRANSITION_IN_CANCER_DUE_TO_RB1_DEFECTS",17,0.3395896945931173,1.1017066134580717,0.32193732193732194,0.4735143242605929,"E2F3;TFDP2;CDK6;CDKN1B;CCND1;RB1;CCNE2",0.9711912404639136,0.6161959291017177,,
"REACTOME_INITIATION_OF_NUCLEAR_ENVELOPE_NE_REFORMATION",19,-0.3823650118353399,-1.1138102998427186,0.3243647234678625,0.47643815750564084,"BANF1;LMNA;PPP2R1A;CCNB1;CCNB2;EMD;PPP2CA",-1.1688650843795234,0.39345313963990586,,
"REACTOME_INTRAFLAGELLAR_TRANSPORT",48,-0.3078027977603493,-1.094794246449078,0.3262316910785619,0.47832322118036397,"IFT43;DYNLL1;DYNC2I2;TUBB4B;IFT20;TUBA1B;IFT22;TUBA4A;TUBA1C;IFT27;DYNLRB1;TUBB3;DYNLT2B;TUBA1A;TUBB6",-1.0703717839599458,0.5025361330788111,,
"REACTOME_G1_S_SPECIFIC_TRANSCRIPTION",28,-0.34943206851175124,-1.104685038054671,0.32653061224489793,0.47832322118036397,"TK1;CDT1;CDC45;LIN37;TYMS;PCNA",-1.141927900637842,0.4284285642996158,,
"REACTOME_MAPK_FAMILY_SIGNALING_CASCADES",272,-0.2404122977884885,-1.0735346946009023,0.3290183387270766,0.4811284815813117,"PSMA6;PSMB6;PSMB4;UBA52;PSMB3;HRAS;PSMC3;PSMB5;UBB;PSMB1;RBX1;WDR83;PSMB7;PSMD8;PSMD13;FNTB;NRTN;PSMC5;ACTB;PSMA5;MAPK12;LAMTOR2;PSMC4;PSMA1;PHB1;ARL2;PSMB2;ABHD17A;ADRM1;PPP5C;PSMC2;ARRB2;HSPB1;CSK;PSMD2;CSF2;PSMD14;PPP2R1A;PSMA7;ACTG1;RCE1;PSMA3;MAP2K2;DUSP4;UBC;PDE6D;MAPK3;PEBP1;CDC42EP5;IL6;PSMD3;DUSP2;PSMA4;SPTBN4;CCND3",-1.0587385621152166,0.514479613750824,,
"REACTOME_CYCLIN_D_ASSOCIATED_EVENTS_IN_G1",47,-0.3077578249861376,-1.0899837400417558,0.3293333333333333,0.4811284815813117,"UBA52;UBB;CKS1B;CDK4;CDKN2D;PPP2R1A;UBC;PPP2R3B;CCND3;RPS27A;CDKN2A;E2F1;CDKN2C;PPP2CA;LYN",-1.2047584925344061,0.3383461674775268,,
"REACTOME_REGULATION_OF_ENDOGENOUS_RETROELEMENTS_BY_PIWI_INTERACTING_RNAS_PIRNAS",60,-0.28922554629766517,-1.0830364745477747,0.33207070707070707,0.48447462512065476,"BCL7C;H2AC20;ACTB;H2AX;SMARCB1;MBD3;H4C5;MTA2;H2AZ2;BCL7B;SMARCD3;MTA1;DPF2;CHD4;DPF1;H2AJ;ACTL6A;SPOCD1;RBBP4;H3C10;H2AC8;GATAD2A;HDAC1;H4C8;H2BC12;H2BC26;H2BC11;H2BC4;H2BC5;SMARCD2;H4C9",-1.2349952349977773,0.29898692178842934,,
"REACTOME_RECRUITMENT_OF_MITOTIC_CENTROSOME_PROTEINS_AND_COMPLEXES",80,-0.2755291864375221,-1.0765534114096114,0.3358208955223881,0.48928743379874823,"DCTN3;SSNA1;MZT2B;DYNLL1;DCTN2;TUBB4B;PLK1;TUBB;HAUS8;MZT2A;TUBA4A;TUBG1;YWHAE;PPP2R1A;HAUS4;TUBGCP2",-1.0587032376537888,0.514479613750824,,
"REACTOME_KERATAN_SULFATE_KERATIN_METABOLISM",34,-0.3257501959412512,-1.0852605085533498,0.3365650969529086,0.4896836853941412,"HEXA;B3GNT4;B4GALT2;B4GAT1;B4GALT3",-1.008049157059042,0.5932535075790241,,
"REACTOME_RESOLUTION_OF_D_LOOP_STRUCTURES",35,0.27192184962341015,1.0582067711247698,0.336996336996337,0.4896836853941412,"ATM;RAD50;MRE11;WRN;BRCA2;GEN1;BRCA1;BRIP1;BLM;PALB2;SLX4;DNA2;XRCC2",1.0464724364817426,0.4971756867667649,,
"REACTOME_CARGO_CONCENTRATION_IN_THE_ER",31,-0.3377623000866143,-1.0994184955127055,0.33991537376586745,0.49326407652235654,"LMAN2;STX5;CTSZ;PREB;SAR1B;CTSC;CNIH1;LMAN2L;TMED10;CD59;SERPINA1;TMED2;FOLR1;F5",-1.0357400150476739,0.5797703319175712,,
"REACTOME_SIGNALING_BY_KIT_IN_DISEASE",19,0.3304425047985044,1.0759094198480514,0.34234234234234234,0.4961217902394373,"SOS1;PIK3CA;STAT5B;PIK3R1;NRAS;KIT",1.2037620643062925,0.3420732669407757,,
"REACTOME_TRANSCRIPTIONAL_REGULATION_BY_E2F6",34,0.2691775481761507,1.040817404942701,0.34285714285714286,0.4962044630936487,"APAF1;PHC3;TFDP2;MGA;RYBP;SUZ12;BRCA1;CBX5",-0.8687634711410994,0.783538327018362,,
"REACTOME_NUCLEAR_EVENTS_STIMULATED_BY_ALK_SIGNALING_IN_CANCER",34,-0.32360743423302724,-1.0781217418230447,0.34349030470914127,0.49645798707294553,"RBX1;BCL2A1;PRF1;RPS6;PTPN6;CCNB1;MAPK3;CEBPB;ZC3HC1;JUNB;ZAP70;SKP1;STAT5A;GZMB;FOXM1;TWIST1;MOV10;HDAC1",-1.1425590280664397,0.41410765965656954,,
"REACTOME_REGULATION_OF_HSF1_MEDIATED_HEAT_SHOCK_RESPONSE",78,-0.2746582044452997,-1.0657574539522603,0.34625,0.49978029294274307,"SEC13;UBB;RPS19BP1;DEDD2;AAAS;MRPL18;HSPB1;HSPA6;YWHAE;SERPINH1;FKBP4;BAG3;MAPK3;RPA1;RPA3;HIKESHI;HSF1;NUP37;HSPA2;DNAJB1;HSPA8;RPA2;NUP62;BAG1;NUP85;SEH1L;NUP93",-1.0585115584477889,0.5102526634102429,,
"REACTOME_FRS_MEDIATED_FGFR4_SIGNALING",15,0.34509718317577753,1.0687075321430348,0.3494318181818182,0.5032142815169999,"SOS1;PTPN11;NRAS;FRS2;FGF19;KRAS",1.09053055677749,0.47192530217104883,,
"REACTOME_GLYCOGEN_METABOLISM",25,-0.3506944588265207,-1.0808344494867101,0.3495575221238938,0.5032142815169999,"UBA52;UBB;UBC;PHKG2;RPS27A;PYGB;CALM1;PYGL;GYG1;PGM1;GYS1;GAA",-1.0502477069336287,0.5311454633873178,,
"REACTOME_CO_INHIBITION_BY_CTLA4",21,-0.3620535793300437,-1.0792663349778202,0.3519061583577713,0.5059234425196606,"LCK;PPP2R1A;AKT1;PPP2CA;CTLA4;LYN;AKT2;CD86;CD80",-0.9092866644838671,0.7317700258397932,,
"REACTOME_INTERLEUKIN_6_FAMILY_SIGNALING",21,0.3206206076537771,1.0673125503023058,0.35625,0.5114900662251656,"CBL;JAK1;PTPN11;LIFR",1.037439554438919,0.5394108280254777,,
"REACTOME_THROMBIN_SIGNALLING_THROUGH_PROTEINASE_ACTIVATED_RECEPTORS_PARS",26,-0.346634608089154,-1.074769358736309,0.35693215339233036,0.5117916061868865,"GNG5;GNB2;ARRB2;MAPK3;GNA15;GNGT2;GNB5;ARRB1;GNB1;GNB3",-1.0291832684995128,0.5659678510875181,,
"REACTOME_CHONDROITIN_SULFATE_DERMATAN_SULFATE_METABOLISM",33,-0.32535930729982504,-1.0732941956072686,0.3594405594405594,0.5147074853811974,"HEXA;CHST12;GUSB;CHST7;CHPF;IDUA;HYAL3;CHST14;HYAL1;UST;CSPG5;GLB1L2;CHST15;CHPF2;DSE;BGN",-0.893604435968961,0.7488013002844373,,
"REACTOME_NUCLEAR_SIGNALING_BY_ERBB4",26,0.29410815397914014,1.0611702985452225,0.3611111111111111,0.5164174728818528,"YAP1;ADAM17;NRG1;TAB2;NCOR1;PGR",1.1028069778183247,0.44524051490514904,,
"REACTOME_RESOLUTION_OF_SISTER_CHROMATID_COHESION",116,-0.2570390591345041,-1.0597718279928316,0.3643867924528302,0.5194543863835203,"PMF1;CENPM;B9D2;SEC13;DYNLL1;AURKB;TUBB4B;CDC20;PLK1;TUBA1B;SPC24;TUBA4A;NUDC;PPP2R1A;RANGAP1;BUB3;BIRC5;CDCA8;CCNB1;TUBA1C;CENPT;CCNB2;TUBB3;NUP37;TUBA1A;TUBB6;KIF2C;CENPS;PPP2CA;NUP85;SKA1;CENPN;SEH1L",-1.045390764954893,0.5311454633873178,,
"REACTOME_SCAVENGING_BY_CLASS_A_RECEPTORS",16,-0.3910238957021299,-1.086350783981129,0.36476043276661513,0.5194543863835203,"FTH1;CALR;APOE;COLEC11;MSR1;MARCO",-1.004645521649605,0.6034833647947145,,
"REACTOME_PROCESSING_OF_INTRONLESS_PRE_MRNAS",20,0.3261401286358864,1.0666622244373611,0.36503067484662577,0.5194543863835203,"PCF11;WDR33;NCBP1;PAPOLA;CSTF2T;NUDT21;NCBP2",0.9486442232687409,0.6430537156722376,,
"REACTOME_COBALAMIN_CBL_VITAMIN_B12_TRANSPORT_AND_METABOLISM",18,-0.38342070157384456,-1.0907574620629654,0.36515151515151517,0.5194543863835203,"PRSS3;MMAB;CD320;AMN;MMACHC",-1.1456702312185023,0.4327998808420495,,
"REACTOME_TOLL_LIKE_RECEPTOR_9_TLR9_CASCADE",106,-0.25768235533172684,-1.0474395711055071,0.3669064748201439,0.521209530932792,"UBA52;UBB;ECSIT;NFKB2;IRF7;PELI3;NFKBIA;TNIP2;NFKBIB;PPP2R1A;MAPKAPK3;SAA1;TRAF2;CD14;DUSP4;UBC;USP18;MAPK11;MAPK3;TIFA;MAP2K3;RPS27A;TAB1;VRK3;TICAM1;TP53;PPP2CA;NLRX1;LY96;RIPK2;MAP3K8;NLRC5;RPS6KA1;DUSP7;MAPK7;SKP1;MYD88;LRRC14;UBE2N;IKBIP;S100B;SLC15A4;MAPKAPK2;IRF5",-0.9072078266890404,0.7679977328480212,,
"REACTOME_G_ALPHA_Q_SIGNALLING_EVENTS",138,0.2008448284108245,1.0409411696746895,0.3673469387755102,0.521209530932792,"TRIO;SOS1;EDNRB;RPS6KA3;DGKH;PIK3CA;RGS5;PIK3R1;PRKCE;PRKCA;PLCB1;CREB1;EGFR;ITPR1;F2RL2;ITPR2;NRAS;GNAQ;GNG12;KALRN;PLCB4;EDN1;RGS17;MGLL;MAPK1;DGKI;PTGFR",1.129426900101371,0.31123872026251026,,
"REACTOME_NUCLEOTIDE_BINDING_DOMAIN_LEUCINE_RICH_REPEAT_CONTAINING_RECEPTOR_NLR_SIGNALING_PATHWAYS",56,-0.2880149980213292,-1.0645906851916,0.3682170542635659,0.5217611592440594,"UBA52;UBB;PYCARD;MAPK12;NFKB2;AIM2;AAMP;PSTPIP1;UBC;MAPK11;RPS27A;TAB1;CASP1;HMOX1;CASP4;RIPK2",-0.9540540711070508,0.6645210727969348,,
"REACTOME_SIGNALING_BY_CTNNB1_PHOSPHO_SITE_MUTANTS",15,0.3398749544346217,1.052535174145536,0.3693181818181818,0.5226382625207691,"GSK3B;APC;AMER1;PPP2R1B;CSNK1A1",0.90764023976258,0.7065127323343978,,
"REACTOME_FORMATION_OF_FIBRIN_CLOT_CLOTTING_CASCADE",24,-0.3494014104514385,-1.0682597205113802,0.3698224852071006,0.522669587958927,"C1QBP;F12;PROCR;SERPINA5",-1.0264218668278735,0.5740349195428067,,
"REACTOME_NUCLEAR_PORE_COMPLEX_NPC_DISASSEMBLY",36,0.2630519175690939,1.03869203902879,0.37037037037037035,0.5227623456790123,"POM121;NUP153;RANBP2;TPR;NUP98;NUP205;NUP58;POM121C;NUP133",1.1753028899154676,0.3272452830188679,,
"REACTOME_DIFFERENTIATION_OF_KERATINOCYTES_IN_INTERFOLLICULAR_EPIDERMIS_IN_MAMMALIAN_SKIN",22,-0.35691913611124526,-1.0762946995388052,0.3720588235294118,0.524011544011544,"PRSS3;KRT10;KRT19;FABP5;GJB3;KRT15;HOPX;AQP3;KLK7;DMKN",-0.9489113153567342,0.662587706651288,,
"REACTOME_CARDIAC_CONDUCTION",85,0.21761057567358955,1.0293697752763622,0.37222222222222223,0.524011544011544,"AKAP9;CES1;HIPK1;ITPR1;ITPR2;SCN5A;SCN4B;CACNB2;SCN3A;HIPK2;ATP2B4;RYR3;SCN8A;KAT2B;SLC8A1;ATP1A1;MME;ATP1A2;ATP1B2;ORAI2;TRPC1;ITPR3;CACNG4;CAMK2G;RYR2;ATP2B1;ATP2A2;CACNA1C;CAMK2D;ABCC9;KCNK5;KCND3;CORIN;KCNIP3;KCND1;SCN9A;PLN;FGF12;FGF13",1.1259280903982265,0.3691852737905369,,
"REACTOME_SIGNALING_BY_BRAF_AND_RAF1_FUSIONS",58,0.2346723186516718,1.0438718413153416,0.375,0.527237354085603,"KDM7A;AKAP9;BRAF;IQGAP1;TRIM24;KIAA1549;RAF1;KSR1;ESRP1;AP3B1;VCL;NRAS;ZC3HAV1;TRAK1;MAPK1;YWHAB",1.091480665162919,0.41740197358116216,,
"REACTOME_HIGH_LAMINAR_FLOW_SHEAR_STRESS_ACTIVATES_SIGNALING_BY_PIEZO1_AND_PECAM1_CDH5_KDR_IN_ENDOTHELIAL_CELLS",60,0.23479940268303368,1.0397226940028164,0.3761904761904762,0.528226005428078,"PRKAR2A;PRKACB;PIK3CB;PDPK1;PIK3CA;KDR;RICTOR;PKN2;PRKAR1A;VCL;GNAQ;GNG12",1.0190836410576667,0.5444954328422146,,
"REACTOME_GPVI_MEDIATED_ACTIVATION_CASCADE",31,0.2754853983318484,1.039590250275038,0.3822525597269625,0.5350064516129033,"PIK3CB;PDPK1;PTPN11;PIK3CA;PIK3R1",1.111917519826219,0.3940269181648492,,
"REACTOME_M_DECAY_DEGRADATION_OF_MATERNAL_MRNAS_BY_MATERNALLY_STORED_FACTORS",27,0.2886825023044253,1.0503097768017227,0.3824451410658307,0.5350064516129033,"CNOT1;DICER1;CNOT4;AGO2;CNOT6L;CNOT11",0.9668170515467922,0.6229767283588861,,
"REACTOME_TRANSLOCATION_OF_SLC2A4_GLUT4_TO_THE_PLASMA_MEMBRANE",62,-0.2791514116345009,-1.050353391451259,0.3825,0.5350064516129033,"TUBB4B;ACTB;TUBA1B;SFN;TUBA4A;PRKAG1;STX4;YWHAH;YWHAE;ACTG1;AKT1;TUBA1C;RAB13;TUBB3;RAB8A;EXOC3;TUBA1A;TUBB6",-0.9613335121681487,0.6435938773033786,,
"REACTOME_DENGUE_VIRUS_MODULATES_APOPTOSIS",16,-0.38565356990755234,-1.0714308322817636,0.3848531684698609,0.5376041683264552,"MLST8;NFKBIA;NFKBIB;PRR5;DAXX",-0.8991117895728129,0.744335878689585,,
"REACTOME_PLASMA_LIPOPROTEIN_REMODELING",19,-0.36644518630909556,-1.0674366383047067,0.38714499252615847,0.5397813549630606,"LMF2;APOE;ANGPTL4;P4HB;LCAT;MTTP;CETP;LMF1;FURIN;PLTP",-1.197011840080294,0.3581894891635447,,
"REACTOME_OTHER_INTERLEUKIN_SIGNALING",20,-0.3609656947394654,-1.0670498947592333,0.3875739644970414,0.5397813549630606,"IL32;STXBP2;STX4;TYK2;CSF3;IL10RB;STX1A;CSF1;CASP3",-1.1983232931076007,0.36282580828941746,,
"REACTOME_DOWNREGULATION_OF_ERBB2_SIGNALING",25,-0.34046694393995164,-1.0493134198729794,0.387905604719764,0.5397813549630606,"UBA52;UBB;STUB1;CDC37;AKT1;UBC;RPS27A;MATK;RNF41;AKT2",-1.1001125611572506,0.47087934996557845,,
"REACTOME_PROCESSING_OF_CAPPED_INTRONLESS_PRE_MRNA",29,-0.3308622578646666,-1.053125361026134,0.39244186046511625,0.545271629778672,"LSM10;SNRPF;SNRPB;CPSF4;SNRPG;SLBP;SNRPE;CLP1",-0.9601194804020198,0.6642057597178426,,
"REACTOME_SUMOYLATION_OF_RNA_BINDING_PROTEINS",47,0.2433674769004579,1.0301414136019913,0.39285714285714285,0.545271629778672,"POM121;NUP153;RANBP2;PHC3;TPR;NUP98;NUP205;NUP58;NOP58;POM121C;NUP133",1.131598141384278,0.36383469687434444,,
"REACTOME_SPRY_REGULATION_OF_FGF_SIGNALING",16,-0.38347680930957617,-1.0653833103575485,0.3941267387944359,0.5463342517303945,"UBA52;UBB;PPP2R1A;UBC;MAPK3;RPS27A;PPP2CA",-1.1383950530342235,0.4427514003734329,,
"REACTOME_MATURATION_OF_SARS_COV_2_NUCLEOPROTEIN",15,0.3336150331212032,1.0331492579908237,0.39488636363636365,0.5466881458260769,"PARP4;GSK3B;SRPK1;SRPK2",1.0403126763565536,0.5311454633873178,,
"REACTOME_L1CAM_INTERACTIONS",95,0.2075630116336612,1.0163564339540307,0.4,0.553061224489796,"DLG1;RPS6KA3;ANK3;DNM3;LAMC1;ITGA2;EGFR;RPS6KA6;ITGA9;SCN5A;ITGB1;SCN4B;SHTN1;SCN3A;CHL1;NCAM1;CLTC;SCN8A;SPTBN1;SPTAN1;MAPK1;ITGA1;RDX;ITGB3;ITGAV;ANK2;NFASC;ITGA10",1.1303295411086662,0.3038615823304818,,
"REACTOME_ACYL_CHAIN_REMODELLING_OF_PE",23,-0.34631763047293646,-1.0506764281628176,0.40175953079178883,0.5542620129659519,"PLAAT4;PLA2G2A;PLA2G10;PLAAT3;PLA2G3;PLAAT2;MBOAT1;ABHD4;PLA2G2D;PLA2G4A;LPCAT4",-1.0103458693359808,0.6083552602823551,,
"REACTOME_CONDENSATION_OF_PROPHASE_CHROMOSOMES",37,-0.3047815329930395,-1.0363387096910799,0.40215924426450744,0.5542620129659519,"NCAPH2;H2AC20;H2AX;PLK1;CCNB1;H4C5;H2AZ2",-1.0816468512481854,0.4748138414367061,,
"REACTOME_RHO_GTPASES_ACTIVATE_ROCKS",19,0.3137615491243219,1.0215968024295856,0.4024024024024024,0.5542620129659519,"ROCK2;ROCK1;PPP1R12B",1.228107182995044,0.3206213206881089,,
"REACTOME_SUMOYLATION_OF_TRANSCRIPTION_COFACTORS",44,0.24652874200759217,1.0219155380488087,0.4048582995951417,0.5569370517273269,"NCOA2;NRIP1;EP300;PHC3;NCOA1;CASP8AP2;DDX17;HIPK2;CREBBP;TOPORS;PIAS1;UHRF2",1.2386343626721747,0.2494247583985274,,
"REACTOME_NUCLEAR_IMPORT_OF_REV_PROTEIN",34,0.26165538787605935,1.0117317868584592,0.40714285714285714,0.559369907658881,"POM121;NUP153;RANBP2;TPR;NUP98;NUP205;NUP58;POM121C;NUP133",1.1757658204186123,0.32545545182633917,,
"REACTOME_CELLULAR_SENESCENCE",153,-0.24233029797654312,-1.0299991226127696,0.4097616345062429,0.5605523147686138,"UBA52;ANAPC11;ANAPC15;UBB;H2AC20;H2AX;CXCL8;KAT5;HIRA;ACD;CDK4;ANAPC5;ANAPC2;RING1;CDKN2D;ANAPC7;MAPKAPK3;HMGA1;UBE2S;FZR1;UBC;EED;MAPK11;H4C5;MAPK3;CEBPB;IL6;CBX8;H2AZ2;EHMT2;IGFBP7;MAP2K3;RPS27A;TINF2;CDKN2A;E2F1;TP53;CDKN2C;ERF;PHC2",-1.0596115985795196,0.5065361753506084,,
"REACTOME_CELLULAR_RESPONSES_TO_MECHANICAL_STIMULI",93,0.20849397904253905,1.0236024073694632,0.4098360655737705,0.5605523147686138,"PRKAR2A;PRKACB;PIK3CB;PDPK1;PIK3CA;KDR;YAP1;RICTOR;ITGB1;PKN2;ABL1;PRKAR1A;CACNB2;VCL;HSPG2;GNAQ;GNG12;PTK2;CACNA2D1;ADCY6;PPP2R1B;ITGB3;ITGAV;CALCRL;CACNA1H;ADCY5;IKBKB",1.1547364863322005,0.29478619654913724,,
"REACTOME_HDR_THROUGH_SINGLE_STRAND_ANNEALING_SSA",37,0.25714394282135594,1.017561813459456,0.4099616858237548,0.5605523147686138,"ATR;ATM;RAD50;TOPBP1;MRE11;WRN;ABL1;BRCA1;ERCC4;BRIP1;RAD17",1.060316160722764,0.46024072965742324,,
"REACTOME_MITF_M_REGULATED_MELANOCYTE_DEVELOPMENT",143,0.19456423361650868,1.0118567222740384,0.41007194244604317,0.5605523147686138,"GSK3B;DICER1;SMARCC1;EDNRB;SYTL2;CDH1;EP300;TNRC6A;STT3B;ITGA2;CREB1;AGO2;MAPK14;TNFSF11;CEACAM1;ZEB1;SMARCA2;LARS1;ARID1B;XPO1;MYRIP;ARID1A;AGO4;TNRC6C;CREBBP;AGO3;BRCA1;KIT;EDN1;MAPK1;MET;YWHAB;CCND1;SOX9;SIRT1;TNRC6B;DIAPH1;TYRP1;SS18L1",1.0330758848962833,0.5201308615049074,,
"REACTOME_PHASE_II_CONJUGATION_OF_COMPOUNDS",70,-0.2697731587969791,-1.0276605748621266,0.4136191677175284,0.5646891408133511,"AKR1A1;TRMT112;GSTO1;GSTZ1;COMT;GSTP1;NNMT;AHCY;GSTM4;TPST2;ABHD10;CHAC2;MGST3;CNDP2;PODXL2;OPLAH;ABHD14B;GSTK1;MAT2B;SLC35D2;MGST2;CHAC1;MGST1;GSS;GGCT;GSTA1;SULT1A1",-1.2730014939361858,0.21110183375243732,,
"REACTOME_OVARIAN_TUMOR_DOMAIN_PROTEASES",39,-0.29774476485825846,-1.023325770603155,0.4159891598915989,0.5668974673675597,"UBA52;UBB;OTUB1;TNIP2;UBC;TNIP1;RPS27A;VCP;TP53;RHOA;RIPK2;OTUD5",-0.8329956411130167,0.8339828723498177,,
"REACTOME_DAG1_GLYCOSYLATIONS",17,-0.3742366831798967,-1.05067260539655,0.4162826420890937,0.5668974673675597,"B4GAT1;POMGNT2;POMT1;SLC35A4;POMGNT1;SLC35A1",-1.072612343471467,0.5356466925119815,,
"REACTOME_EGFR_DOWNREGULATION",28,0.27720501809184106,1.0216404508204104,0.4177215189873418,0.5681431952098852,"CBL;PTPRK;PTPN3;EGFR;ARHGEF7;PTPN12;EPS15;STAM2;EREG;AREG",0.999564116136417,0.5865892871147361,,
"REACTOME_SYNTHESIS_OF_BILE_ACIDS_AND_BILE_SALTS",25,0.287815668844817,1.0223640330521249,0.4228395061728395,0.574383489588168,"NCOA2;NCOA1;OSBPL3;OSBPL9;OSBP;SCP2;HSD17B4;CYP7B1;CYP39A1;CH25H",1.0205063307129596,0.5740349195428067,,
"REACTOME_SIRT1_NEGATIVELY_REGULATES_RRNA_EXPRESSION",32,-0.3130587145911558,-1.0276890627938409,0.4257703081232493,0.5775737463126844,"H2AC20;H2AX;SUV39H1;H4C5;H2AZ2;RRP8;H2AJ;TBP;H3C10;H2AC8;H4C8;H2BC12;H2BC26;H2BC11;H2BC4;H2BC5;H4C9;TAF1C;H2BC21",-1.0699611525484574,0.5104208628520992,,
"REACTOME_SIGNAL_AMPLIFICATION",26,-0.32940994320073513,-1.0213628563139878,0.42625368731563423,0.5775737463126844,"GNG5;GNB2;AAMP;GNAI2;GNA15;GNGT2;GNB5;GNB1;GNB3;PLA2G4A;TBXA2R;GNAI3",-1.0682246194778307,0.514479613750824,,
"REACTOME_INTRA_GOLGI_AND_RETROGRADE_GOLGI_TO_ER_TRAFFIC",187,-0.23783856977651235,-1.027723062736437,0.4276018099547511,0.5786771061060552,"NAA38;COPE;STX10;DCTN3;DYNLL1;STX5;PAFAH1B3;ARF1;DCTN2;TUBB4B;ARF5;BNIP1;USE1;TMED9;ARFIP2;TMED3;TUBA1B;SURF4;TUBA4A;COPZ1;RABEPK;RAB1B;BET1L;VPS51;TUBA1C;KIF9;NAPA;KIF22;ACTR1A;COPG1;KDELR1;STX18;COG7;KLC3;KLC2;COG4;TUBB3;KIFC1;CAPZB;KLC1;KDELR3;TUBA1A;TUBB6;KIF2C;CYTH4;KIF19;PLIN3;KDELR2;ARFRP1",-0.985804671896672,0.6435938773033786,,
"REACTOME_FORMATION_OF_THE_EMBRYONIC_STEM_CELL_BAF_ESBAF_COMPLEX",19,-0.3566874062538067,-1.0390127093552115,0.4289985052316891,0.579843366173505,"BCL7C;ACTB;SMARCB1;BCL7B;SMARCD3;DPF2;ACTL6A",-1.129214328010505,0.4427514003734329,,
"REACTOME_SIGNALING_BY_FGFR",78,-0.2614015194795461,-1.0143174802384494,0.43,0.5804732254047322,"POLR2I;POLR2L;UBA52;HRAS;UBB;POLR2F;POLR2G;POLR2H;POLR2E;POLR2J;PPP2R1A;GIPC1;UBC;HNRNPF;MAPK3;GTF2F1;POLR2C;RPS27A",-1.0622322367462482,0.5053291436299272,,
"REACTOME_SUMOYLATION_OF_UBIQUITINYLATION_PROTEINS",39,0.25273521349507233,1.0156015238564442,0.4318181818181818,0.5815810651864386,"POM121;NUP153;RANBP2;TPR;NUP98;NUP205;NUP58;POM121C;NUP133;PIAS1",1.092862328923876,0.44519305250133867,,
"REACTOME_DOWNREGULATION_OF_SMAD2_3_SMAD4_TRANSCRIPTIONAL_ACTIVITY",30,0.27273907814887266,1.0201212329565938,0.4318936877076412,0.5815810651864386,"TRIM33;SKIL;USP9X;SMAD7;NCOR1;RNF111;NEDD4L;MAPK1;SMURF2",1.0184280506025991,0.5759637188208616,,
"REACTOME_GOLGI_ASSOCIATED_VESICLE_BIOGENESIS",55,-0.27775297996281334,-1.0208027589092912,0.43342036553524804,0.581857219538379,"BLOC1S1;ARF1;TXNDC5;FTH1;CLTA;VAMP8;BLOC1S4;AP1S1;SNAPIN;RAB5C;NAPA;AP1M2;AP1B1;DTNBP1;AP1M1;HSPA8;ARRB1;TPD52L1;NECAP1",1.2090335871216966,0.26210771100448693,,
"REACTOME_DEVELOPMENTAL_LINEAGES_OF_THE_MAMMARY_GLAND",31,0.26882163427928996,1.014443421509805,0.4334470989761092,0.581857219538379,"CDH1;ITGA6;EGFR;ITGB1;PGR;KIT;FGF10;EPCAM;MME;MYH11",1.1272133162163158,0.3710646866347848,,
"REACTOME_PARACETAMOL_ADME",23,0.3007540303195547,1.025312452911479,0.434375,0.581857219538379,"ABCC5;ABCC1;UGT1A10;NAT2;SULT1C4;ABCC2;UGT1A1;ABCC3;ABCC4",0.934574752788443,0.7101565893570508,,
"REACTOME_FORMATION_OF_THE_NEPHRIC_DUCT",15,0.3226109498820128,0.9990714758025475,0.4346590909090909,0.581857219538379,"PCDH19;MECOM;NPNT;ID4",0.8628751278907398,0.7458549913367986,,
"REACTOME_EXTRACELLULAR_MATRIX_ORGANIZATION",274,0.18509558179536612,1.0156001839991904,0.43478260869565216,0.581857219538379,"CAPN7;DST;SH3PXD2A;ITGA8;CDH1;COL4A5;LAMC1;KDR;COL14A1;MFAP3;ITGA2;ADAM17;ITGA6;PRKCA;CASK;CEACAM1;DMD;CAST;FBN2;COL4A6;LTBP1;TNXB;LAMA2;SNTB2;ITGA9;ITGB1;LAMA4;SNTB1;NID1;COL9A3;A2M;NCAM1;BCAN;HSPG2;COL21A1;CAPN6;SGCD;UTRN;ITGB6;MMP16;COL4A1;ITGA1;DDR2;ELN;LRP4;ADAMTS8;COL2A1;JAM3;ADAM19;COL17A1;JAM2;ITGA4;PLOD2;ITGB3;ITGAV;COL12A1;COL8A1;DTNA;ITGA10;COL4A4;TLL1;COL6A3;CAPN3;HAPLN1;ADAMTS9;LAMB1;LTBP2;COL4A2;ACAN;ADAMTS1;ADAMTS3;CAPN13;MADCAM1;FBN1;MFAP4;COL15A1;COL9A1;TNN;ITGB8",1.3596721531640523,0.009063014204046914,,
"REACTOME_INTEGRATION_OF_ENERGY_METABOLISM",88,0.2067125687989664,0.9973374127391953,0.43783783783783786,0.5852234478621655,"PRKAR2A;PRKACB;IQGAP1;PRKCA;PLCB1;ITPR1;PRKAA2;ITPR2;PRKAB2;PRKAR1A;CACNB2;GNAQ;GNG12;RAPGEF4;CACNA1D;MARCKS;ACACA;ADCY6;PPP2R1B",0.874882122077738,0.8651878203264407,,
"REACTOME_SIGNALING_BY_NOTCH2",31,-0.315846875379422,-1.0280836447791433,0.4400564174894217,0.5871192226890756,"UBA52;UBB;MIB2;MDK;APH1A;UBC;PSENEN;RPS27A",-1.1004142717752827,0.4782911692542422,,
"REACTOME_MITOTIC_PROMETAPHASE",193,-0.23532824148368817,-1.0190313282262262,0.4403567447045708,0.5871192226890756,"PMF1;CENPM;B9D2;SEC13;DCTN3;SSNA1;MZT2B;DYNLL1;AURKB;DCTN2;TUBB4B;CSNK2B;CDC20;PLK1;TUBA1B;TUBB;SPC24;HAUS8;MZT2A;TUBA4A;TUBG1;NUDC;YWHAE;PPP2R1A;RANGAP1;BUB3;HAUS4;BIRC5;CDCA8;TUBGCP2;CCNB1;TUBA1C;CENPT;CCNB2;ACTR1A",-0.9988608572400756,0.6161959291017177,,
"REACTOME_MODULATION_OF_HOST_RESPONSES_BY_IFN_STIMULATED_GENES",19,-0.3515451540222012,-1.0240335838529602,0.44095665171898357,0.5871192226890756,"UBE2L6;ISG15;IFI27;IFI6;UBA7;IFI44;HSPA5;IFI44L",-0.9514667495186484,0.6770620746755369,,
"REACTOME_HCMV_EARLY_EVENTS",89,-0.2534457168782609,-1.0093341314367559,0.4418604651162791,0.5871192226890756,"SEC13;DYNLL1;H2AC25;TUBB4B;H2AC20;GPS2;TUBA1B;AAAS;TUBA4A;TRIM28;HDAC3;PML;TUBA1C;EED;DAXX;H4C5;TUBB3;NUP37;TUBA1A;TUBB6;NUP62;NUP85;SEH1L;NUP93",-0.9582420975667929,0.6770620746755369,,
"REACTOME_ASSEMBLY_OF_COLLAGEN_FIBRILS_AND_OTHER_MULTIMERIC_STRUCTURES",57,0.2330705242639215,1.0255505340704423,0.4419642857142857,0.5871192226890756,"DST;COL4A5;COL14A1;ITGA6;COL4A6;COL9A3;COL4A1;COL2A1;COL17A1;COL12A1;COL8A1;COL4A4;TLL1;COL6A3;COL4A2;COL15A1;COL9A1",1.528857814976923,0.0430758562726091,,
"REACTOME_SIGNAL_TRANSDUCTION_BY_L1",20,0.30236570164446697,0.9889064349690159,0.4447852760736196,0.590143499710898,"EGFR;ITGA9;ITGB1;NCAM1;MAPK1;ITGB3;ITGAV",1.0404610378848136,0.5312892095357591,,
"REACTOME_RAB_REGULATION_OF_TRAFFICKING",120,-0.24660562463299723,-1.0210025612082987,0.44535840188014103,0.5901815496797957,"TRAPPC2L;TRAPPC1;TRAPPC4;TRAPPC3;TRAPPC5;RAB3A;RAB11B;DENND6B;RAB1B;RAB33A;GABARAP;YWHAE;RAB5C;MON1A;AKT1;TBC1D10A;TBC1D7;RABGEF1;RIN1;RAB35;RAB38;GGA1;RAB13;TRAPPC6A;RAB8A;TBC1D10C;TBC1D10B;GDI1;GABARAPL2;HPS1",-1.0778420796931534,0.47192530217104883,,
"REACTOME_CRMPS_IN_SEMA3A_SIGNALING",15,0.3192864448229748,0.9887760466583699,0.4460227272727273,0.5903402153402153,"GSK3B;PLXNA4;PLXNA2",1.1448434130706449,0.4127129716960724,,
"REACTOME_DNA_DOUBLE_STRAND_BREAK_RESPONSE",57,-0.27311094300486255,-1.0143563394517505,0.4498714652956298,0.5945395360101431,"BABAM1;UBA52;UBB;H2AX;KAT5;PPP5C;UBE2I;UBXN1;UBC;H4C5",-0.9812125449235028,0.6279502891197045,,
"REACTOME_INTERLEUKIN_20_FAMILY_SIGNALING",18,0.3061718895878994,1.0028153025963298,0.4502923976608187,0.5945395360101431,"JAK1;PTPN11;STAT5B;IFNLR1",1.0804616479099143,0.4921168658289795,,
"REACTOME_POTASSIUM_CHANNELS",59,-0.2698710445130697,-1.0065323802875903,0.45235069885641677,0.596530605304569,"GNG5;GNB2;KCNK1;KCNN2;GNGT2;GNB5;KCNK7;KCNN4;GNB1;GNB3;KCNJ8;HCN2;KCNJ10;KCNAB3;KCNJ15;KCNJ14;KCNK9;KCNK10;KCNJ5;KCNK6;KCNJ11;KCNK13;KCNJ2",-0.7837936575221848,0.8802588509347953,,
"REACTOME_TP53_REGULATES_TRANSCRIPTION_OF_GENES_INVOLVED_IN_G2_CELL_CYCLE_ARREST",18,-0.3579634766062615,-1.0183365990714064,0.453030303030303,0.5967009094591111,"PRMT1;SFN;PCNA;CCNB1;ZNF385A;CARM1;TP53;BAX;E2F4",-1.166006323687894,0.39653785596933183,,
"REACTOME_ACTIVATION_OF_ANTERIOR_HOX_GENES_IN_HINDBRAIN_DEVELOPMENT_DURING_EARLY_EMBRYOGENESIS",83,-0.25361911388914643,-1.0017869113304798,0.4559902200488998,0.5998706292876304,"POLR2I;POLR2L;POLR2F;POLR2G;H2AC20;H2AX;POLR2H;POLR2E;POLR2J;HDAC3;PKNOX1;HOXC4;EED;H4C5;H2AZ2;PCGF2;POLR2C;CNOT9;HOXB4;DPY30;H2AJ;HOXD3;HOXB2;RBBP4;MAFB;PAGR1;PIAS2;H3C10;POLR2D;H2AC8;HOXD4;POLR2K;H4C8;H2BC12;H2BC26;H2BC11;H2BC4;H2BC5;RARA;ZNF335;AJUBA;H4C9;HOXA3",-0.9925265902640699,0.6107836338418863,,
"REACTOME_NICOTINATE_METABOLISM",26,-0.32364099020005777,-1.003475738950556,0.45722713864306785,0.6007687494413159,"NAPRT;NAXE;NNMT;PARP10;BST1;SLC25A51;NADSYN1;PARP9",-1.0502758231191331,0.5311454633873178,,
"REACTOME_SIGNALING_BY_MODERATE_KINASE_ACTIVITY_BRAF_MUTANTS",38,-0.2940677163267684,-1.0012364539682956,0.4599728629579376,0.6036447741481893,"HRAS;ACTB;PHB1;ARRB2;CSK;ACTG1;MAP2K2;MAPK3;PEBP1",-0.9976425033168907,0.6083552602823551,,
"REACTOME_SIGNALING_BY_NTRK3_TRKC",16,0.30954120540882146,0.9784406344699128,0.4647887323943662,0.6092273106596046,"SOS1;PIK3CA;PIK3R1",1.0466996326720157,0.5201308615049074,,
"REACTOME_LONG_TERM_POTENTIATION",15,0.31155666538805105,0.9648382288301102,0.46875,0.6129372738238842,"DLG1;GRIN2B;NRG1",1.0569037948498587,0.5033741527169232,,
"REACTOME_SEMA3A_PAK_DEPENDENT_AXON_REPULSION",15,0.31405118789825265,0.9725633425827626,0.46875,0.6129372738238842,"PAK2;PLXNA4;PLXNA2",0.9725342865355384,0.6104299459328739,,
"REACTOME_ESTROGEN_DEPENDENT_GENE_EXPRESSION",112,-0.2424187205296528,-0.9958766257481114,0.47058823529411764,0.6145995747696669,"POLR2I;POLR2L;USF1;PRMT1;POLR2F;POLR2G;H2AC20;H2AX;POLR2H;POLR2E;USF2;CDK9;CTSD;KAT5;POLR2J",-1.0092437717917877,0.5916829235096634,,
"REACTOME_GLYCOSPHINGOLIPID_METABOLISM",51,-0.2747478248120957,-0.9940597370487789,0.4715984147952444,0.6151777155692478,"HEXA;SMPD2;GLA;GM2A;SUMF2;GAL3ST1;FUT1;B3GALT4;PSAP;GBA1;GBA2;NEU1;ARSI;ARSA",-1.0273612192248989,0.5740349195428067,,
"REACTOME_OXIDATIVE_STRESS_INDUCED_SENESCENCE",87,-0.24836325585900115,-0.9875641506299419,0.47560975609756095,0.6196646341463414,"UBA52;UBB;H2AC20;H2AX;CDK4;RING1;CDKN2D;MAPKAPK3;UBC;EED;MAPK11;H4C5;MAPK3;CBX8;H2AZ2;MAP2K3;RPS27A;CDKN2A;E2F1;TP53;CDKN2C;PHC2",-1.0607421299697102,0.4981234816512106,,
"REACTOME_DEFECTS_IN_VITAMIN_AND_COFACTOR_METABOLISM",22,-0.33079161743942787,-0.997506797704891,0.4764705882352941,0.6200409575594944,"MMAB;CD320;PCCB;AMN;MMACHC",-1.0217542759805331,0.5957701943597833,,
"REACTOME_INTERACTIONS_OF_REV_WITH_HOST_CELLULAR_PROTEINS",37,0.2473569077964526,0.9788328704438682,0.4789272030651341,0.6224905133364572,"POM121;NUP153;RANBP2;TPR;NUP98;NUP205;XPO1;NUP58;POM121C;NUP133",1.1706073911839883,0.3473480057340417,,
"REACTOME_DNA_METHYLATION",28,-0.3154598127342659,-0.9972860725670707,0.47959183673469385,0.622607845533423,"H2AC20;H2AX;H4C5;H2AZ2;UHRF1;H2AJ;H3C10;H2AC8;H4C8;H2BC12;H2BC26;H2BC11;H2BC4;H2BC5;H4C9;H2BC21;H3C8;DNMT1;H2BC15",-1.0538384205590314,0.5311454633873178,,
"REACTOME_ANTIGEN_ACTIVATES_B_CELL_RECEPTOR_BCR_LEADING_TO_GENERATION_OF_SECOND_MESSENGERS",75,0.2087005939353092,0.9778652172920883,0.48095238095238096,0.6233683824367803,"SOS1;PIK3R1;ITPR1;ITPR2;IGHV2-5;SYK;IGKV1D-16;IGHV3-7;IGHV3-13;IGHV4-39;IGHV3-11;ORAI2;TRPC1;ITPR3;IGKV2-30;IGKV3D-20;CD22;IGHV1-2;IGLV1-40;IGHM;IGLV2-11;IGHV3-48;IGKV3-11;GRB2;IGLV3-19;IGHV1-46;IGLV3-25;IGLV3-27;IGHV4-34;IGLV7-43;IGHD;AHCYL1;IGKV3-20;IGKV1-17;CD19;IGHV3-30;IGLV2-14;IGLV2-23;CD79A;IGHV3-23;IGKV1-16;IGHV3-33;BLK;PLCG2;IGLC3",0.8495011985725668,0.863854626668697,,
"REACTOME_SIGNALING_BY_NOTCH3",46,0.234617053122804,0.9783215028896917,0.48132780082987553,0.6233683824367803,"PBX1;EP300;MAML2;MAML1;MAML3;NEURL1B;EGFR",1.0676579802380783,0.4474931291493718,,
"REACTOME_ADP_SIGNALLING_THROUGH_P2Y_PURINOCEPTOR_1",20,-0.33703085830382484,-0.9962961775170353,0.48372781065088755,0.6257290533956589,"GNG5;GNB2;GNA15;GNGT2;GNB5;GNB1;GNB3;PLA2G4A",-1.0628014328168471,0.5417202104407614,,
"REACTOME_BETA_CATENIN_PHOSPHORYLATION_CASCADE",17,0.2986744570571368,0.968968227982015,0.4843304843304843,0.6257619130086354,"GSK3B;APC;AMER1;PPP2R1B;CSNK1A1",0.8055541409170831,0.8343706010961693,,
"REACTOME_TIGHT_JUNCTION_INTERACTIONS",22,-0.32860483645928684,-0.9909125287519245,0.48676470588235293,0.6281582633053222,"PARD6A;CLDN3;CLDN7;CRB3;PARD6G;CLDN4;CLDN14",-0.947190806726832,0.6635072679585992,,
"REACTOME_POSITIVE_EPIGENETIC_REGULATION_OF_RRNA_EXPRESSION",70,-0.25989589424781445,-0.9900346101074241,0.4880201765447667,0.629029573572565,"POLR2L;POLR2F;POLR1H;H2AC20;POLR1C;ACTB;H2AX;POLR2H;POLR2E;MBD3;H4C5;MTA2;H2AZ2;EHMT2",-1.0002027963362088,0.6083552602823551,,
"REACTOME_DISEASES_OF_MITOTIC_CELL_CYCLE",38,-0.2890047522371472,-0.9839981651993638,0.4925373134328358,0.6340979189562874,"ANAPC11;ANAPC15;CDK4;ANAPC5;ANAPC2;ANAPC7;UBE2S;FZR1;DAXX;CCND3",-1.0085525977285636,0.5957701943597833,,
"REACTOME_DEFECTIVE_PYROPTOSIS",37,-0.28901915037233433,-0.9827423939747607,0.4966261808367072,0.6386035350260861,"POLA2;H2AC20;H2AX;EED;H4C5;H2AZ2;H2AJ;RBBP4;H3C10;H2AC8;GSDME;PRIM1;H4C8;H2BC12;H2BC26;H2BC11;H2BC4;H2BC5;H4C9;H2BC21;RBBP7;PRIM2;H3C8;DNMT1;H2BC15",-1.0062314684495277,0.5858696708899138,,
"REACTOME_G_PROTEIN_BETA_GAMMA_SIGNALLING",27,-0.3120284103904427,-0.9769508664889648,0.4978038067349927,0.6393593915885452,"GNG5;GNB2;AKT1;GNGT2;GNB5;RHOA;AKT2;GNB1;GNB3;PLCB3",-1.0669549289588136,0.5237651753918446,,
"REACTOME_RAS_ACTIVATION_UPON_CA2_INFLUX_THROUGH_NMDA_RECEPTOR",16,0.3034409698845539,0.9591581666999202,0.49859154929577465,0.6396133011084256,"DLG1;GRIN2B;NRAS;DLG2;RASGRF1;KRAS",0.9556590950139712,0.633177570093458,,
"REACTOME_IRAK4_DEFICIENCY_TLR2_4",15,-0.35602727223635394,-0.9749539919707314,0.5046153846153846,0.6465757410438261,"S100A8;S100A9;CD14;LY96;MYD88;S100A1",-1.0553124307733799,0.5311454633873178,,
"REACTOME_SIGNALING_BY_FGFR_IN_DISEASE",53,-0.2679989097846735,-0.9773977011158227,0.5091623036649214,0.6516315669100058,"POLR2I;POLR2L;HRAS;POLR2F;POLR2G;POLR2H;POLR2E;POLR2J",-0.9583031494246614,0.662587706651288,,
"REACTOME_GLUCAGON_TYPE_LIGAND_RECEPTORS",20,-0.33112895340395415,-0.9788495694485553,0.5103550295857988,0.6523877972535448,"GNG5;GNB2;GNGT2;GNB5;GNB1;GNB3;GIPR;GNAS",-0.9412273107243998,0.6824828489168264,,
"REACTOME_BACTERIAL_INFECTION_PATHWAYS",97,-0.2424544065663869,-0.9738612177115086,0.5121359223300971,0.6538932153189932,"UBA52;UBB;ENO1;CALM3;GBP4;SH3GL1;HBA2;CORO1A;HBB;MAP2K2;TRIM27;EEF2;VPS33B;GBP1;UBC;MAPK3;STX1B;LAMA1;PGK1;MAP2K3;RPS27A;UBE2D2;B2M;CALM2;GBP2;GSK3A;CASP4",-0.9434216709076373,0.7153031779105229,,
"REACTOME_PLATELET_ACTIVATION_SIGNALING_AND_AGGREGATION",218,-0.2240253747148873,-0.981139996313142,0.515986769570011,0.6580348920163435,"PFN1;ALDOA;SOD1;RHOG;TEX264;GNG5;GNB2;STXBP2;MANF;CFL1;PRKCG;CD63;TIMP1;TUBA4A;AAMP;RAC2;CTSW;STX4;TAGLN2;PTPN6;ARRB2;CSK;LCK;PPIA;AKT1;CHID1;TGFB1;VEGFB;BCAR1;GNAI2;MAPK3;FCER1G;GAS6;GNA15;RARRES2;GNGT2;TMSB4X;CYB5R1;ANXA5;SRGN;GNB5;PLEK;DGKZ;WDR1;DAGLB;ARRB1;LYN;CD109;SERPINF2;RHOA;PSAP",-0.962685181533226,0.6857183885635201,,
"REACTOME_CROSSLINKING_OF_COLLAGEN_FIBRILS",17,0.29143109705859294,0.9454691120161586,0.5185185185185185,0.6604865735300518,"COL4A5;COL4A6;COL4A1;COL4A4;TLL1;COL4A2",1.257927796848206,0.29765528282743664,,
"REACTOME_PRESYNAPTIC_FUNCTION_OF_KAINATE_RECEPTORS",16,-0.34714197585115536,-0.964437114364841,0.5239567233384853,0.6666303850926268,"GNG5;GNB2;GNGT2;GNB5;GNB1;GNB3;PLCB3",-0.991466864093662,0.6266484568637227,,
"REACTOME_E2F_MEDIATED_REGULATION_OF_DNA_REPLICATION",22,-0.3170454147703849,-0.9560549292714042,0.5264705882352941,0.6690435142403972,"POLA2;PPP2R1A;CCNB1;PPP2R3B;ORC1;E2F1;PPP2CA",-1.077389843514089,0.5178976095002799,,
"REACTOME_EARLY_SARS_COV_2_INFECTION_EVENTS",36,0.24383271845773608,0.9628027267669508,0.5296296296296297,0.6717127054311479,"PIK3R4;CHMP3;HSPG2;HAVCR1;ACE2;BECN1;GPC3;DDX5;TMPRSS2;RB1;CHMP2B;UVRAG",0.8663404268039603,0.8184004000923291,,
"REACTOME_TRANSCRIPTIONAL_REGULATION_BY_VENTX",39,-0.2816245632457414,-0.9679218821577605,0.5298102981029811,0.6717127054311479,"ANAPC11;ANAPC15;ANAPC5;ANAPC2;ANAPC7;UBE2S;FZR1;CEBPB;IL6;EHMT2;CDKN2A;TP53",-1.04521243067446,0.5311454633873178,,
"REACTOME_ONCOGENE_INDUCED_SENESCENCE",33,-0.2900346958544384,-0.9567654854220169,0.5314685314685315,0.6730279066727665,"UBA52;UBB;CDK4;CDKN2D;UBC;MAPK3;RPS27A;CDKN2A;E2F1;TP53;CDKN2C;ERF",-0.9261115327958462,0.7112463703372793,,
"REACTOME_EXTRA_NUCLEAR_ESTROGEN_SIGNALING",67,0.2116032850715004,0.9634755772347,0.5327102803738317,0.6738132367855701,"STRN;FOXO3;PDPK1;PIK3CA;PIK3R1;CREB1;EGFR;XPO1;ZDHHC21;CDKN1B;NRAS;GNG12;IGF1R;PTK2;MAPK1;CCND1",1.0141219822270169,0.5311454633873178,,
"REACTOME_POSTMITOTIC_NUCLEAR_PORE_COMPLEX_NPC_REFORMATION",27,-0.30449326888472256,-0.9533585820110263,0.5387994143484627,0.6807209384076149,"SEC13;RAN;UBE2I;RANGAP1;RCC1;NUP37;NUP62;NUP85;SEH1L;NUP93;NUP188",-0.8668334416117893,0.7790914709422191,,
"REACTOME_ACTIVATION_OF_MATRIX_METALLOPROTEINASES",22,-0.31219809512669655,-0.9414377683752005,0.5411764705882353,0.6828288331233614,"TIMP1;MMP1;MMP25;MMP9;MMP3;MMP15;MMP13;FURIN;MMP7;MMP11;PRSS2;CTSK",-0.7794411902082555,0.865286190543269,,
"REACTOME_KERATAN_SULFATE_BIOSYNTHESIS",27,-0.30398087786269234,-0.951754302284295,0.541727672035139,0.6828288331233614,"B3GNT4;B4GALT2;B4GAT1;B4GALT3",-0.8984379281655049,0.744335878689585,,
"REACTOME_AURKA_ACTIVATION_BY_TPX2",71,-0.2524147803856658,-0.9595519978749174,0.5430379746835443,0.6832946517467879,"DCTN3;SSNA1;DYNLL1;DCTN2;TUBB4B;PLK1;TUBB;HAUS8;TUBA4A;TUBG1;YWHAE;PPP2R1A;HAUS4",1.170491046463973,0.2851267336202774,,
"REACTOME_TRANSCRIPTION_OF_E2F_TARGETS_UNDER_NEGATIVE_CONTROL_BY_DREAM_COMPLEX",19,0.292232790123677,0.9514999042700809,0.5435435435435435,0.6832946517467879,"RBL2;TFDP2;RBL1;TOP2A",0.8817423364217444,0.7488013002844373,,
"REACTOME_ACTIVATED_TAK1_MEDIATES_P38_MAPK_ACTIVATION",23,-0.3121896943944163,-0.9471373217922263,0.5439882697947214,0.6832946517467879,"UBA52;UBB;MAPKAPK3;UBC;MAPK11;MAP2K3;RPS27A;TAB1",-0.9460227461904058,0.6679446802683828,,
"REACTOME_REGULATION_OF_MITF_M_DEPENDENT_GENES_INVOLVED_IN_PIGMENTATION",39,0.23575341922732312,0.94736118687436,0.5454545454545454,0.6843434343434343,"SMARCC1;SYTL2;CREB1;MAPK14;SMARCA2;ARID1B;MYRIP;ARID1A",-0.8666047331966142,0.791753330309022,,
"REACTOME_DAP12_INTERACTIONS",34,-0.2875500349669301,-0.9579938894005303,0.5484764542936288,0.6873392791379117,"HRAS;TYROBP;HLA-C;LCK;HLA-E;TREM2;KLRD1;HLA-B;TREM1;SIGLEC15;B2M",-0.7895402786053236,0.8712007348029392,,
"REACTOME_NEGATIVE_REGULATION_OF_FGFR3_SIGNALING",22,-0.30961202477696603,-0.9336394366847924,0.5544117647058824,0.6939750033962776,"UBA52;UBB;PPP2R1A;UBC;MAPK3;RPS27A;PPP2CA",-1.0056173186810244,0.6096334524282122,,
"REACTOME_COLLAGEN_DEGRADATION",55,0.21696298406922837,0.9448557928523783,0.5550847457627118,0.6940159912419603,"COL4A5;COL14A1;ADAM17;COL4A6;COL9A3;COL4A1;COL2A1;COL17A1;COL12A1;COL8A1;COL4A4;COL6A3;COL4A2;COL15A1;COL9A1;ADAM10;ADAM9",1.3139135073675883,0.1880084073879965,,
"REACTOME_BBSOME_MEDIATED_CARGO_TARGETING_TO_CILIUM",21,-0.31689289464928755,-0.9446442529901774,0.5586510263929618,0.6976701758179386,"CCT2;MKKS;CCT3;CCT5;CCT4;TTC8;TCP1;BBS12;CCT8",-0.8840993434005747,0.7501954799979822,,
"REACTOME_SIGNALING_BY_RETINOIC_ACID",34,-0.28478200132672354,-0.9487719836780081,0.5609418282548476,0.6997249042902818,"RDH16;DHRS4;RXRB;PDHB;FABP5;RDH13;SDR16C5;RDH11;DHRS3",-0.8682516802678727,0.783538327018362,,
"REACTOME_SUMOYLATION_OF_TRANSCRIPTION_FACTORS",18,-0.3280404045496237,-0.9332112680716679,0.5621212121212121,0.7003901079763148,"SUMO3;UBE2I;TFAP2A;MTA1;CDKN2A;TP53;PIAS2;PIAS4;HIC1",-0.985347338788753,0.633177570093458,,
"REACTOME_GABA_B_RECEPTOR_ACTIVATION",31,-0.28784076906224687,-0.9369235855762605,0.5655853314527504,0.7038506266959556,"GNG5;GNB2;GNAI2;GNGT2;GNB5;GNB1;GNB3;KCNJ10;KCNJ15;GNAI3;KCNJ5;KCNJ2",-0.8458522875444173,0.7958010512202937,,
"REACTOME_SYNAPTIC_ADHESION_LIKE_MOLECULES",16,0.28986505281135033,0.9162455312171172,0.5661971830985916,0.7038506266959556,"DLG1;GRIN2B;PTPRD",0.8454163381318094,0.7849598545674898,,
"REACTOME_ASSEMBLY_AND_CELL_SURFACE_PRESENTATION_OF_NMDA_RECEPTORS",29,-0.29471362096529247,-0.9380652555582342,0.5683139534883721,0.7056727669889982,"TUBB4B;TUBA1B;TUBA4A;TUBA1C;LIN7B;GRIN2C;TUBB3;TUBA1A;TUBB6",-0.8081565801596128,0.8506008587474982,,
"REACTOME_VOLTAGE_GATED_POTASSIUM_CHANNELS",19,0.28383098591549294,0.9241439190077845,0.5705705705705706,0.7076641859250555,"KCNA2;KCNH8;KCNA3;KCND3;KCND1;KCNB1;KCNC4;KCNH4;KCNAB1;KCNG1;KCNH2;KCNQ3;KCNC3;KCNH3;KCNS3;KCNAB2;KCNQ1;KCNQ4;KCNAB3",1.0970939015780268,0.44545356434246247,,
"REACTOME_DEPOLYMERIZATION_OF_THE_NUCLEAR_LAMINA",15,-0.3409887809886767,-0.9337722111957846,0.5723076923076923,0.7085735725612848,"CTDNEP1;LMNA;CCNB1;EMD",-0.9690240018927724,0.6519398015136043,,
"REACTOME_MEIOSIS",72,0.2043415602570474,0.9428946259082359,0.5727699530516432,0.7085735725612848,"ATR;ATM;SYCP2;RAD50;MRE11;STAG2;STAG1;DIDO1;SMC3;H3-3A",0.9230357494882689,0.7489882538742474,,
"REACTOME_RHO_GTPASES_ACTIVATE_PKNS",57,-0.24995927410522906,-0.9283691510262284,0.5732647814910026,0.7085735725612848,"MYL6;H2AC20;H2AX;SFN;RHOC;YWHAH;YWHAE;H4C5;MYL12B;PKN3;H2AZ2",-0.9685998089775933,0.6430537156722376,,
"REACTOME_PHASE_I_FUNCTIONALIZATION_OF_COMPOUNDS",72,-0.24820154511879386,-0.9466990671107329,0.5766793409378961,0.7113109451867039,"CBR3;AIP;FDXR;NQO2;PAOX;ADH5;CYP27B1;CYB5R3;ALDH3A1;SMOX;POR;FDX1;FMO1;MAOB;ARNT2;CYP51A1;MTARC2;AHR;BPHL;CYP2D6",-0.9654901843913785,0.6679446802683828,,
"REACTOME_BILE_ACID_AND_BILE_SALT_METABOLISM",31,0.24561227280075865,0.9268590121207982,0.5767918088737202,0.7113109451867039,"NCOA2;NCOA1;OSBPL3;OSBPL9;OSBP;SCP2;HSD17B4;ABCC3;CYP7B1;CYP39A1;CH25H",0.8520338254714734,0.8206172124022022,,
"REACTOME_CS_DS_DEGRADATION",17,-0.33235330661417184,-0.9330846768022778,0.5791090629800307,0.7133570730344925,"HEXA;GUSB;IDUA;HYAL3;HYAL1;CSPG5;GLB1L2",-0.8907122652404037,0.7458549913367986,,
"REACTOME_CD28_DEPENDENT_PI3K_AKT_SIGNALING",26,0.2560945591314665,0.9240136191144848,0.5802469135802469,0.7139473942349464,"PIK3CB;PDPK1;PIK3CA;PIK3R1;RICTOR",0.971946977838889,0.6239079102715467,,
"REACTOME_PHOSPHOLIPID_METABOLISM",193,0.17899403237765968,0.9617860517061618,0.580952380952381,0.7140049670661917,"SBF2;PIKFYVE;PIK3C2A;PIK3CB;OCRL;PLEKHA5;PIK3R4;PLEKHA8;MIGA1;PIK3CA;INPP5F;MTM1;PIK3R1;PLA2R1;INPP4B;PIK3C2B;DDHD2;GPD1L;SYNJ1;RAB5A;MTMR10;PLEKHA1;PLEKHA2;CDS1;TNFAIP8L3;SYNJ2;PLEKHA6;GPD2;GPAM;MGLL;PLA2G12A;PCYT1A;CEPT1;MTMR2;INPP5D;LPGAT1;SACM1L;MTMR8;SLC44A1;GPCPD1;LPCAT2;SELENOI;INPP4A;MTMR4;PLA2G4F;MTMR6;PLA2G4E",0.9059496763860051,0.8712007348029392,,
"REACTOME_REGULATION_OF_KIT_SIGNALING",16,-0.3360139834559876,-0.9335210926191125,0.5857805255023184,0.7182126348228043,"SOCS1;SH2B2;PTPN6;LCK",-0.9026452067882899,0.7394983461962514,,
"REACTOME_SYNTHESIS_OF_BILE_ACIDS_AND_BILE_SALTS_VIA_7ALPHA_HYDROXYCHOLESTEROL",16,-0.3360217907907097,-0.9335427831201007,0.5857805255023184,0.7182126348228043,"HSD3B7;SLC27A5",-0.8948199850255912,0.7477965011921666,,
"REACTOME_FORMATION_OF_THE_CANONICAL_BAF_CBAF_COMPLEX",18,-0.3222796131496531,-0.9168229348880046,0.5863636363636363,0.7182126348228043,"BCL7C;ACTB;SMARCB1;BCL7B;DPF2;DPF1;ACTL6A",-1.0252776549523799,0.5854728583858075,,
"REACTOME_REGULATION_OF_SIGNALING_BY_CBL",21,0.27512725143011085,0.9158699140718691,0.5875,0.7187923250564334,"CBL;PIK3CB;PIK3CA;PIK3R1",0.9455492885101284,0.6683009754780718,,
"REACTOME_CLASS_B_2_SECRETIN_FAMILY_RECEPTORS",59,-0.24673186786577408,-0.9202306779663192,0.5895806861499364,0.72052476187884,"GNG5;GNB2;RAMP1;WNT10B;WNT7B;ADGRE5;FZD2;GNGT2;FZD9;GNB5;WNT4;GNB1;ADM;GNB3;UCN3;ADGRE1;GIPR;CD55;RAMP3;UCN;GNAS",-0.7332563556059034,0.9418920386662322,,
"REACTOME_CELL_EXTRACELLULAR_MATRIX_INTERACTIONS",18,-0.31980490124129163,-0.9097828599274681,0.593939393939394,0.7238969163483363,"ACTB;ACTG1;TESK1;PARVB",-0.6661004329854834,0.9529677276385309,,
"REACTOME_SUMOYLATION_OF_DNA_REPLICATION_PROTEINS",46,-0.261599653825359,-0.9254263418082976,0.5939553219448095,0.7238969163483363,"SEC13;AURKB;SUMO3;AAAS;UBE2I;PCNA;RANGAP1;BIRC5;CDCA8",1.0833901045428027,0.42805638192378526,,
"REACTOME_METABOLISM_OF_NITRIC_OXIDE_NOS3_ACTIVATION_AND_REGULATION",17,-0.3247001541357483,-0.9115983874688054,0.5944700460829493,0.7238969163483363,"NOSIP;SPR;AKT1",-1.0191925992882476,0.6007346887073278,,
"REACTOME_EPHA_MEDIATED_GROWTH_CONE_COLLAPSE",26,0.2531135076488966,0.9132577007594916,0.595679012345679,0.7238969163483363,"ROCK2;ROCK1",1.1651302452707284,0.372575976845152,,
"REACTOME_HS_GAG_BIOSYNTHESIS",25,0.26107665037646566,0.9273830652998154,0.595679012345679,0.7238969163483363,"HS2ST1;GLCE;NDST1;HSPG2;GPC3",0.8413091882676281,0.8255116611137553,,
"REACTOME_TRAFFICKING_OF_AMPA_RECEPTORS",23,-0.29849676992202046,-0.9055950157995651,0.6026392961876833,0.7298185313948589,"AP2S1;PRKCG;AP2M1;PICK1",-0.8443828976408461,0.796248729557424,,
"REACTOME_WNT_LIGAND_BIOGENESIS_AND_TRAFFICKING",18,-0.31765027165410914,-0.903653357032726,0.603030303030303,0.7298185313948589,"WNT10B;PORCN;VPS29;WNT7B;SNX3;WNT4",-0.9888620635921468,0.6279502891197045,,
"REACTOME_FOXO_MEDIATED_TRANSCRIPTION_OF_OXIDATIVE_STRESS_METABOLIC_AND_NEURONAL_GENES",21,0.2724005358263062,0.9067929623239999,0.603125,0.7298185313948589,"FOXO3;PLXNA4;PCK1;ABCA6;HDAC2;FOXO4;CAT;SIN3A;SMAD3;ATXN3;NR3C1",0.9359506246567502,0.6770620746755369,,
"REACTOME_CONSTITUTIVE_SIGNALING_BY_AKT1_E17K_IN_CANCER",26,-0.29343386375473196,-0.9098160374629327,0.6032448377581121,0.7298185313948589,"MLST8;BAD;RPS6KB2;PRR5;AKT1;AKT1S1",-0.9449513059411311,0.6765134179321822,,
"REACTOME_SPHINGOLIPID_METABOLISM",97,-0.23196360010811778,-0.9317230289406302,0.6055825242718447,0.7315044743475189,"ORMDL2;HEXA;SPHK1;SMPD2;MFSD2B;PLPP2;DEGS2;GLA;GM2A;SUMF2;CERS5;PRKD2;GAL3ST1;SPTSSA;FUT1;B3GALT4;PSAP;DEGS1;GBA1;GBA2;NEU1;ARSI;ARSA;CTSA;ALDH3B2;CSNK1G2;KDSR;GLB1L2;ALDH3B1;A4GALT;ALDH3A2;SPNS2",-0.8895741420702845,0.7785678373913669,,
"REACTOME_SARS_COV_2_ACTIVATES_MODULATES_INNATE_AND_ADAPTIVE_IMMUNE_RESPONSES",107,-0.22868230379349747,-0.9302561563172079,0.6059880239520958,0.7315044743475189,"UBA52;SEC13;UBB;ISG15;AAAS;IRF7;HLA-G;IFNAR2;HLA-C;HLA-F;PTPN6;IL17RC;HLA-A;IRF3;HLA-E;UBC;CNBP;HLA-B;STING1;NUP37;RPS27A;TYK2;TAB1;SAR1B;NUP62;B2M;NUP85;TKFC;SEH1L;NUP93;RIPK2;IKBKE",-0.9125686753154859,0.7535828877005347,,
"REACTOME_SIGNALLING_TO_RAS",18,-0.3163900962723934,-0.9000684027110831,0.6075757575757575,0.7326052516263862,"HRAS;MAPK12;MAPKAPK3;MAPK11",-0.868179961414935,0.7690720053662187,,
"REACTOME_MISCELLANEOUS_TRANSPORT_AND_BINDING_EVENTS",23,0.2657727115983522,0.9060562565240008,0.615625,0.7414861111111111,"ADD3;NIPAL1;LRRC8B;NIPA2;LRRC8D;NIPAL2;DMTN;ANKH;NIPA1;NIPAL3",0.9488771904725536,0.6908982837827676,,
"REACTOME_EPHB_MEDIATED_FORWARD_SIGNALING",42,-0.2610940855011095,-0.9084014698133772,0.6181575433911882,0.743710074401829,"HRAS;ACTB;ARPC1B;EPHB6;ARPC4;CFL1;ARPC1A;ACTG1",-0.8962994446945188,0.7488013002844373,,
"REACTOME_ATTACHMENT_AND_ENTRY",18,0.27284515739251536,0.8936591123397905,0.6198830409356725,0.7449592199271274,"HSPG2;HAVCR1;ACE2;GPC3;TMPRSS2",0.69912704611706,0.9437307890482028,,
"REACTOME_P75_NTR_RECEPTOR_MEDIATED_SIGNALLING",92,0.189634285707376,0.9270836161793863,0.6229508196721312,0.747107692634576,"TRIO;ARHGEF12;SOS1;SOS2;AKAP13;ADAM17;ARHGEF11;PRDM4;ITSN1;ARHGEF7;ARHGEF38;PRKCI;ARHGEF10;KALRN;FGD4;ARHGEF5;NET1;ARHGEF9;GNA13;TRAF6;VAV3",0.9172339354543302,0.7582466129982328,,
"REACTOME_MITF_M_DEPENDENT_GENE_EXPRESSION",101,-0.22815972362133063,-0.9220321067037196,0.6230492196878752,0.747107692634576,"ATP6V0B;USF1;BCL7C;MCM5;ATP6V1F;ACTB;ATP6V0E1;HINT1;PLK1;ATP6V0D1;SMARCB1;BCL2A1;GMPR;ATP6V1E1;CCNB1;TFAP2A",-0.9286391506378712,0.7394983461962514,,
"REACTOME_MITOTIC_PROPHASE",106,-0.22740834133550114,-0.9243803100434653,0.6258992805755396,0.7496959338606463,"CTDNEP1;SEC13;NCAPH2;H2AC20;H2AX;PLK1;AAAS;PPP2R2D;BANF1;LMNA;RAB1B;PPP2R1A;CCNB1;CCNB2;H4C5;MAPK3;H2AZ2;NUP37;EMD;NUP62;PPP2CA;NUP85;ENSA;SEH1L;NUP93;H2AJ;GORASP2;NUP188",-0.9212085826217427,0.7458549913367986,,
"REACTOME_DEVELOPMENTAL_LINEAGE_OF_MAMMARY_GLAND_LUMINAL_EPITHELIAL_CELLS",20,0.2720171180569819,0.8896494443823383,0.6288343558282209,0.7523801784964584,"CDH1;ITGA6;ITGB1;PGR;KIT;EPCAM;AREG;EGF;ALDH1A3",0.8826282387375146,0.7637405609492988,,
"REACTOME_RHO_GTPASES_ACTIVATE_CIT",19,-0.30527662637866454,-0.8892556594802111,0.6337817638266069,0.7574635413319094,"MYL6;PRC1;RHOC;MYL12B",-0.7923109630717976,0.8463182117028271,,
"REACTOME_PLATELET_AGGREGATION_PLUG_FORMATION",30,0.2403880871330884,0.8991193836199335,0.6345514950166113,0.757548260570492,"SOS1;PDPK1;RAPGEF4;PTK2;SYK;ITGB3",1.0813744109268149,0.4547062792945597,,
"REACTOME_SYNTHESIS_OF_LEUKOTRIENES_LT_AND_EOXINS_EX",15,-0.32417167582509104,-0.8877198295632203,0.6353846153846154,0.7577083862232378,"LTC4S;ALOX5AP;DPEP2;MAPKAPK2;ALOX5;ALOX15;GGT5;LTA4H",-0.7927984405155297,0.8558250342812028,,
"REACTOME_INTEGRIN_SIGNALING",23,0.2625012363266668,0.8949033408610351,0.6375,0.7586500302028462,"SOS1;PDPK1;RAPGEF4;PTK2;SYK;ITGB3",1.0995160512857967,0.4782911692542422,,
"REACTOME_NEGATIVE_REGULATION_OF_FGFR2_SIGNALING",24,-0.29074828775645256,-0.8889336886664866,0.6375739644970414,0.7586500302028462,"UBA52;UBB;PPP2R1A;UBC;MAPK3;RPS27A;PPP2CA",-0.9192156744948617,0.7153031779105229,,
"REACTOME_DEVELOPMENTAL_CELL_LINEAGES",107,-0.2247146908976416,-0.9141163140074751,0.6407185628742516,0.7615558356970271,"REG1A;KRT7;CD74;PRSS3;KRT10;KRT18;MUC1;KRT17;ANXA2;TFAP2A;SLPI;LAMA1;KRT8;COL11A2;CXCR4;RNASE1;KRT19;FABP5;GJB3;MFGE8;KRT15;BHLHA15;PDIA2;HOPX;HHEX;AQP3;KLK7;DMKN;CD44;ANXA1",-0.6437929333181609,0.9987815262957578,,
"REACTOME_NEGATIVE_REGULATION_OF_FGFR4_SIGNALING",24,-0.2886335151780119,-0.8824679839039578,0.6464497041420119,0.7675262642825201,"UBA52;UBB;PPP2R1A;UBC;MAPK3;RPS27A;PPP2CA;KLB;MKNK1",-0.9195333520570472,0.7153031779105229,,
"REACTOME_ADRENALINE_NORADRENALINE_INHIBITS_INSULIN_SECRETION",23,-0.2885964112207145,-0.8755587929725217,0.6480938416422287,0.7686364598907833,"GNG5;GNB2;GNAI2;GNGT2;GNB5;GNB1;GNB3;CACNB3",-0.867879262438481,0.7657169766894277,,
"REACTOME_CLATHRIN_MEDIATED_ENDOCYTOSIS",132,-0.2180401545963149,-0.9110562424884536,0.6504065040650406,0.7702643342549288,"NEDD8;UBA52;AP2S1;UBB;ACTB;COPS3;COPS6;CLTA;VAMP8;ARPC4;GPS1;CD3D;CLTB;COPS7A;AP2M1;ARPC1A;TOR1A;SH3GL1;ARRB2;ACTG1;RAB5C;NECAP2",-0.9424073929792242,0.7166457250004833,,
"REACTOME_REPLACEMENT_OF_PROTAMINES_BY_NUCLEOSOMES_IN_THE_MALE_PRONUCLEUS",20,-0.29355365911512354,-0.8677733248060191,0.650887573964497,0.7702643342549288,"H2AX;HIRA;H4C5;METTL23",-0.9853778117192027,0.633177570093458,,
"REACTOME_SIGNALING_BY_NOTCH1_PEST_DOMAIN_MUTANTS_IN_CANCER",57,-0.23750404701492236,-0.8821094207519317,0.6529562982005142,0.7718698225183832,"UBA52;UBB;RBX1;MIB2;HDAC10;APH1A;HDAC3;UBC;PSENEN",-1.0122230513555082,0.5923634815588839,,
"REACTOME_NEUROTRANSMITTER_RECEPTORS_AND_POSTSYNAPTIC_SIGNAL_TRANSMISSION",135,0.18219107249320599,0.9371582021613175,0.6546762589928058,0.7730599833858405,"PRKAR2A;PRKACB;DLG1;RPS6KA3;PDPK1;GRIN2B;MYO6;PRKCA;LIN7A;CASK;NRG1;PLCB1;CREB1;PRKAA2;GRIK3;RPS6KA6;PRKAB2;ARHGEF7;PRKAR1A;EPB41L1;PRKAA1;NRAS;GNG12;DLG2;ARHGEF9;MAPK1;GRIP1;RASGRF1;ADCY6",-0.7184297311793172,0.9829595552373074,,
"REACTOME_DISEASES_OF_SIGNAL_TRANSDUCTION_BY_GROWTH_FACTOR_RECEPTORS_AND_SECOND_MESSENGERS",419,-0.205733699773543,-0.9442951879295426,0.6556016597510373,0.7733103364201572,"POLR2I;POLR2L;PSMA6;PSMB6;PSMB4;UBA52;PSMB3;HRAS;PSMC3;AGTRAP;MLST8;PSMB5;BAD;UBB;POLR2F;POLR2G;RPS6KB2;PSMB1;RBX1;PSMB7;PSMD8;PSMD13;RHOG;PSMC5;ACTB;PSMA5;MIB2;POLR2H;PSMC4;PSMA1;PHB1;HDAC10;PSMB2;POLR2E;CTBP1;BCL2A1;ADRM1;CDC37;RAC2;POLR2J;LMNA;APH1A;PSMC2;PRF1;KREMEN2;RPS6;PTPN6;HDAC3;ARRB2;CSK;LCK;PSMD2;PSMD14;PPP2R1A;PSMA7;ACTG1;PRR5;CCNB1;PSMA3;AKT1;PORCN;MAP2K2;UBC;TGFB1;MAPK3;PEBP1;PSENEN;CEBPB;AKT1S1;PSMD3;DERL2;PIK3AP1;GTF2F1",-0.9726036076773795,0.7153031779105229,,
"REACTOME_THE_PHOTOTRANSDUCTION_CASCADE",21,-0.2912949052003962,-0.8683377341969427,0.656891495601173,0.7739895448170343,"FNTB;PDE6B;GNB5;PDE6G;PPEF1;GNB1;CALM1;FNTA;RGS9;GUCA1B;METAP1;NMT1;METAP2",-0.8952111293983015,0.744335878689585,,
"REACTOME_KINESINS",48,-0.24789847966236378,-0.8817263235181377,0.6577896138482024,0.7742062338886553,"TUBB4B;TUBA1B;TUBA4A;TUBA1C;KIF9;KIF22;KLC3;KLC2;TUBB3;KIFC1;KLC1;TUBA1A;TUBB6;KIF2C;KIF19",0.935192553221239,0.7112463703372793,,
"REACTOME_MAPK_TARGETS_NUCLEAR_EVENTS_MEDIATED_BY_MAP_KINASES",31,0.2341153650328987,0.8834735067686013,0.658703071672355,0.7744404877362612,"RPS6KA3;CREB1;MEF2A;MAPK14;MAPK1;PPP2R1B;MEF2C;ATF2;MAPK10;RPS6KA5",0.9757173363536581,0.633177570093458,,
"REACTOME_ASSEMBLY_OF_THE_ORC_COMPLEX_AT_THE_ORIGIN_OF_REPLICATION",33,-0.2644787863293276,-0.8724617364854924,0.6615384615384615,0.7769314109509124,"H2AC20;H2AX;H4C5;H2AZ2;ORC1;H2AJ;ORC5;H3C10;H2AC8;ORC6;H4C8;H2BC12;H2BC26;H2BC11;H2BC4;H2BC5;H4C9",-0.9371705235277179,0.6969574367321848,,
"REACTOME_ISG15_ANTIVIRAL_MECHANISM",74,-0.2337600785757843,-0.8950128379728849,0.6653992395437263,0.7806198870837654,"UBA52;SEC13;UBB;UBE2L6;PIN1;ISG15;EIF4A3;AAAS;EIF4E2;IRF3;UBC;USP18;MAPK3;NUP37;RPS27A;UBA7;MX1;NUP62;NUP85;SEH1L;NUP93;STAT1;NUP188",-0.8303030044782653,0.8521740518452304,,
"REACTOME_REGULATION_OF_TP53_ACTIVITY_THROUGH_ACETYLATION",30,-0.2697063886939046,-0.8690871090669537,0.6676176890156919,0.7823757566410918,"PIN1;PIP4P1;PML;AKT1;MBD3;MTA2;ING2;TP53;CHD4;AKT2",-0.8096598680626059,0.841858907050141,,
"REACTOME_VISUAL_PHOTOTRANSDUCTION",60,-0.23319186399560127,-0.8732122646424022,0.6691919191919192,0.7831192180706744,"FNTB;RDH16;APOE;PDE6B;RBP4;GNB5;RBP2;PDE6G;PPEF1;APOM;RDH11;DHRS3;GNB1;CALM1;LRP10;FNTA;BCO1",-0.7898513979160448,0.8802588509347953,,
"REACTOME_REGULATION_OF_MITF_M_DEPENDENT_GENES_INVOLVED_IN_CELL_CYCLE_AND_PROLIFERATION",18,-0.3036474342728185,-0.863818003070349,0.6696969696969697,0.7831192180706744,"HINT1;PLK1;CCNB1;CDKN2A",-1.142320402322834,0.4348953189808414,,
"REACTOME_HS_GAG_DEGRADATION",19,-0.29582545750835965,-0.8617248736931693,0.6711509715994021,0.7839737642389567,"CTSL;HPSE;NAGLU;IDUA;SGSH",-0.8150747256239502,0.8309761158556483,,
"REACTOME_NEGATIVE_REGULATION_OF_FGFR1_SIGNALING",24,-0.2828937405047307,-0.8649191993116018,0.6730769230769231,0.7853771632027823,"UBA52;UBB;PPP2R1A;UBC;MAPK3;RPS27A;PPP2CA",-0.8517767606654079,0.7907454368992831,,
"REACTOME_LISTERIA_MONOCYTOGENES_ENTRY_INTO_HOST_CELLS",18,-0.30110544665174105,-0.8565865417674493,0.6757575757575758,0.7876572173346367,"UBA52;UBB;SH3GL1;UBC;RPS27A",-0.9002725644309598,0.7263760269107576,,
"REACTOME_RAB_GEFS_EXCHANGE_GTP_FOR_GDP_ON_RABS",89,-0.22516962451295633,-0.8967260926050363,0.6805385556915544,0.7923778672069227,"TRAPPC2L;TRAPPC1;TRAPPC4;TRAPPC3;TRAPPC5;RAB3A;DENND6B;RAB1B;YWHAE;RAB5C;MON1A;AKT1;RABGEF1;RIN1;RAB35;RAB38;RAB13;TRAPPC6A;RAB8A",-0.9221084475072688,0.744335878689585,,
"REACTOME_FCGAMMA_RECEPTOR_FCGR_DEPENDENT_PHAGOCYTOSIS",130,0.1830588501909455,0.9460818393532741,0.6827586206896552,0.7941098120467663,"ACTR2;NCKAP1;PIK3CB;PIK3CA;ABI2;WIPF2;PIK3R1;MYO10;DOCK1;PRKCE;ITPR1;ITPR2;WASL;ABL1;ELMO2;PTK2;MAPK1;IGHV2-5;VAV3;WASF2;SYK;IGKV1D-16;IGHV3-7;MYH9;IGHV3-13;IGHV4-39;IGHV3-11;PLD1;YES1;PLCG1;ITPR3",0.9236063920237197,0.8506008587474982,,
"REACTOME_INTERACTIONS_OF_VPR_WITH_HOST_CELLULAR_PROTEINS",37,-0.2558586648119998,-0.8699878760718942,0.6882591093117408,0.7996493831660526,"SEC13;SLC25A5;AAAS;SLC25A6;BANF1;SLC25A4;HMGA1;NUP37;NUP62;NUP85;SEH1L;NUP93;NUP188",0.9780425319888003,0.6266484568637227,,
"REACTOME_FORMATION_OF_THE_NON_CANONICAL_BAF_NCBAF_COMPLEX",17,0.25734074711629307,0.8348722223445455,0.6951566951566952,0.8067985626872137,"BICRAL;SMARCC1;SMARCA2",-0.8231634083973883,0.8184004000923291,,
"REACTOME_REGULATION_OF_CDH1_GENE_TRANSCRIPTION",69,0.1966313757697189,0.8998935892443707,0.6976744186046512,0.8088546200721304,"ZMYM2;MPHOSPH8;ZNF217;CDH1;SP1;H3-3A;ZEB1;ZBTB33;SUZ12;ARID1A;TCF12;FOXP2;MAPK1;H4C16",1.0901213511532846,0.4127129716960724,,
"REACTOME_APOPTOTIC_FACTOR_MEDIATED_RESPONSE",20,-0.28414770713644727,-0.8399684108897505,0.6997041420118343,0.8103411217316543,"C1QBP;GSDMD;BAK1;MAPK3;CDKN2A;BAX",-1.002610507903323,0.6123418218082789,,
"REACTOME_GLYCOSPHINGOLIPID_BIOSYNTHESIS",17,0.2564683397468074,0.832041933369659,0.7008547008547008,0.810807359366591,"B3GNT5;B4GALT5",0.9402277397509627,0.662587706651288,,
"REACTOME_NEGATIVE_REGULATION_OF_MET_ACTIVITY",19,-0.28939437130988604,-0.8429914388198946,0.70254110612855,0.8118918539907763,"UBA52;UBB;SH3GL1;UBC;RPS27A",-0.8482393640869531,0.7907454368992831,,
"REACTOME_REGULATION_OF_FZD_BY_UBIQUITINATION",17,-0.29470293561920147,-0.8273809466085799,0.7050691244239631,0.8139456132860234,"UBA52;UBB",-0.7847175624791839,0.8498740585565364,,
"REACTOME_ACTIVATION_OF_SMO",17,0.25360809228144676,0.8227626366215935,0.7094017094017094,0.8180760138206947,"PTCH1;KIF3A;EVC;CSNK1A1;BOC;SHH;EFCAB7;CDON",0.9477266327697684,0.6430537156722376,,
"REACTOME_HOMOLOGOUS_DNA_PAIRING_AND_STRAND_EXCHANGE",43,0.21207187690068952,0.8732232490373542,0.710204081632653,0.8181309505736407,"ATR;ATM;RAD50;TOPBP1;MRE11;WRN;BRCA2;BRCA1;BRIP1;RAD17;BLM;PALB2;DNA2;XRCC2",-0.7994941739178489,0.8521740518452304,,
"REACTOME_SARS_COV_1_TARGETS_HOST_INTRACELLULAR_SIGNALLING_AND_REGULATORY_PATHWAYS",16,-0.29913584880151356,-0.8310654858544355,0.7125193199381762,0.8199266908842706,"SFN;UBE2I;YWHAH;YWHAE",0.8986208951772026,0.722436224489796,,
"REACTOME_GLUTAMATE_NEUROTRANSMITTER_RELEASE_CYCLE",18,-0.2907631228103831,-0.8271646382063547,0.7151515151515152,0.8220829718178606,"RAB3A;CPLX1;GLS2;SLC1A3;STXBP1;STX1A;PPFIA4;PPFIA3;SLC1A1;ARL6IP5",-0.7830333082728846,0.8558250342812028,,
"REACTOME_SIGNALING_BY_NUCLEAR_RECEPTORS",238,-0.2025086863431415,-0.8916266708649304,0.7199558985667034,0.8259047619047619,"POLR2I;POLR2L;HRAS;USF1;PRMT1;POLR2F;POLR2G;H2AC20;GNG5;GPS2;SPHK1;H2AX;GNB2;POLR2H;RDH16;DHRS4;APOC1;POLR2E;USF2;CDK9;CTSD;KAT5;PPP5C;POLR2J;APOE;HDAC3;HSPB1;SREBF1;GTF2A2;RXRB;AKT1;FKBP4;GNAI2;H4C5;MAPK3;ABCG5;H2AZ2;GTF2F1;NR1H2;GNGT2;JUND;PDHB;POLR2C;GNB5;FABP5;NR1H3;TFF3;CARM1",-0.9216584488033219,0.7657169766894277,,
"REACTOME_DEVELOPMENTAL_CELL_LINEAGES_OF_THE_EXOCRINE_PANCREAS",62,-0.22693021806649716,-0.8538625069931763,0.72,0.8259047619047619,"REG1A;KRT7;CD74;KRT17;ANXA2;LAMA1;COL11A2;CXCR4;RNASE1;KRT19",-0.4780468880767277,1,,
"REACTOME_FORMATION_OF_NEURONAL_PROGENITOR_AND_NEURONAL_BAF_NPBAF_AND_NBAF",24,-0.2697384365840443,-0.8246981788200204,0.7218934911242604,0.826411158529563,"BCL7C;ACTB;SMARCB1;BCL7B;SMARCD3;DPF2;DPF1;ACTL6A",-0.9192431661295684,0.7153031779105229,,
"REACTOME_HYALURONAN_METABOLISM",17,-0.29139146524385456,-0.818083965945445,0.7219662058371735,0.826411158529563,"HEXA;HYAL2;GUSB;HYAL3;HYAL1;CD44",-0.9055545846841944,0.7263760269107576,,
"REACTOME_SIGNALING_BY_PTK6",49,-0.23639341932716837,-0.8447093619272442,0.7228116710875332,0.8265061724249853,"UBA52;HRAS;UBB;CDK4;AKT1;STAP2;UBC;DOK1;BCAR1;PELP1;RPS27A",-0.8161169914072113,0.8468313536357446,,
"REACTOME_G_ALPHA_Z_SIGNALLING_EVENTS",39,-0.2453408821437595,-0.843217671349283,0.7262872628726287,0.829605261279167,"GNG5;GNB2;PRKCG;GNAI2;GNGT2;RGS19;GNB5;GNB1;GNB3;GNAS;PRKCD;RGS16;GNAI3;GNAZ",-0.7418511449441282,0.9225678674546424,,
"REACTOME_DEVELOPMENTAL_LINEAGE_OF_PANCREATIC_DUCTAL_CELLS",43,-0.23629817963244268,-0.8283453626530269,0.7278731836195509,0.8305416116248349,"KRT7;CD74;KRT17;ANXA2;LAMA1;COL11A2;KRT19",0.8044852326167331,0.9071129707112972,,
"REACTOME_GROWTH_HORMONE_RECEPTOR_SIGNALING",20,-0.27296319950079745,-0.8069059125153054,0.7366863905325444,0.8397140350549718,"SOCS1;PTPN6;MAPK3;LYN;STAT1;CISH;SOCS3;JAK2;STAT5A;SOCS2",-0.5762354942356903,0.9856658673862976,,
"REACTOME_FATTY_ACYL_COA_BIOSYNTHESIS",29,-0.2573881301175368,-0.8192592567168712,0.7441860465116279,0.8473715067422317,"HSD17B8;TECR;SLC27A3;ELOVL1;PPT1",-0.8286416484382001,0.8286899446774054,,
"REACTOME_SIGNALING_BY_NODAL",16,0.25309570638847634,0.8000198978784948,0.7464788732394366,0.8477580813347236,"FOXO3;ACVR2B;MAPK1;ACVR1C;ACVR1B;PCSK6;SMAD3;CRIPTO",0.8031699324877147,0.8400118308192842,,
"REACTOME_SYNTHESIS_OF_GLYCOSYLPHOSPHATIDYLINOSITOL_GPI",17,-0.28472391631113086,-0.7993647667765429,0.7465437788018433,0.8477580813347236,"DPM2;PIGQ;PIGH;PIGC",-0.9145265301138829,0.7153175642494681,,
"REACTOME_MUSCLE_CONTRACTION",139,0.17704754135678175,0.9117117742441634,0.7481481481481481,0.8477580813347236,"AKAP9;PAK2;CES1;HIPK1;DMD;ITPR1;GUCY1A2;ITPR2;SCN5A;SCN4B;TMOD3;CACNB2;SCN3A;SORBS1;HIPK2;ATP2B4;VCL;RYR3;SCN8A;KAT2B;SLC8A1;ITGA1;TTN;ATP1A1;MME;MYH11;TMOD2;MYLK;ATP1A2;GUCY1A1;ATP1B2;CALD1;CACNA1H;ORAI2",1.1493676590177697,0.34096507219509825,,
"REACTOME_DARPP_32_EVENTS",22,-0.26747132245022975,-0.8065635532136067,0.7485294117647059,0.8477580813347236,"PPP1CA;CDK5;PPP2R1A;PPP2CA;PRKAR1B;PRKAR2B;CALM1;PPP1R1B",-0.8751670749752373,0.7504735050094542,,
"REACTOME_DAP12_SIGNALING",25,-0.2630190401638203,-0.8106202773526324,0.7492625368731564,0.8477580813347236,"HRAS;TYROBP;LCK;HLA-E;TREM2;KLRD1",0.9237775422979795,0.7235682857871764,,
"REACTOME_TRAF6_MEDIATED_IRF7_ACTIVATION",16,0.2524879398194708,0.7980987852867093,0.7492957746478873,0.8477580813347236,"EP300;CREBBP;MAVS;TRIM4;TRAF6;SIKE1;TBK1;TANK;TRIM25",0.8819192817252616,0.7567073359073359,,
"REACTOME_SYNTHESIS_OF_PA",34,0.22239732815772753,0.8599343129756061,0.75,0.8477580813347236,"MIGA1;PLA2R1;DDHD2;GPD1L;GPD2;GPAM;PLA2G12A",-0.6978902304904663,0.9525432728045027,,
"REACTOME_TURBULENT_OSCILLATORY_DISTURBED_FLOW_SHEAR_STRESS_ACTIVATES_SIGNALING_BY_PIEZO1_AND_INTEGRINS_IN_ENDOTHELIAL_CELLS",30,0.22221467596985178,0.8311456897558344,0.7508305647840532,0.84781284606866,"YAP1;ITGB1;ABL1;VCL;GNAQ;PTK2;PPP2R1B;ITGB3;ITGAV;IKBKB",0.9559486881706645,0.6501570465773316,,
"REACTOME_METABOLIC_DISORDERS_OF_BIOLOGICAL_OXIDATION_ENZYMES",25,-0.260892963147679,-0.804067743591487,0.7536873156342183,0.8501530178433846,"ACY1;FDXR;AHCY;CYP27B1;FDX1;OPLAH",-0.9145001334089483,0.739132406483629,,
"REACTOME_CILIUM_ASSEMBLY",185,-0.20120910761144764,-0.8674613224483921,0.7554038680318543,0.851203526971445,"B9D2;DCTN3;SSNA1;IFT43;DYNLL1;DYNC2I2;B9D1;DCTN2;TUBB4B;IFT20;PLK1;TUBA1B;TUBB;IFT22;HAUS8;TUBA4A;TUBG1;YWHAE;CCT2;PPP2R1A;HAUS4;MKKS;TUBA1C;ARL3;ACTR1A;PDE6D;TMEM216;IFT27;TCTN2;CCT3;CCT5;DYNLRB1;TUBB3;HAUS1;RAB8A;EXOC3;DYNLT2B",1.1716780344273576,0.18687992169773546,,
"REACTOME_ESR_MEDIATED_SIGNALING",175,-0.20041174771453457,-0.8635502332694459,0.7562076749435666,0.8512244233009617,"POLR2I;POLR2L;HRAS;USF1;PRMT1;POLR2F;POLR2G;H2AC20;GNG5;SPHK1;H2AX;GNB2;POLR2H;POLR2E;USF2;CDK9;CTSD;KAT5;PPP5C;POLR2J;HSPB1;GTF2A2;AKT1;FKBP4;GNAI2;H4C5;MAPK3;H2AZ2;GTF2F1;GNGT2;JUND;POLR2C;GNB5",1.1602962134650032,0.201008350117338,,
"REACTOME_NOD1_2_SIGNALING_PATHWAY",36,-0.24433533889970904,-0.8267645597869465,0.7581967213114754,0.8525780559145636,"UBA52;UBB;MAPK12;AAMP;UBC;MAPK11;RPS27A;TAB1;CASP1;CASP4;RIPK2",-0.7826876504737428,0.8760507495121278,,
"REACTOME_DNA_DAMAGE_TELOMERE_STRESS_INDUCED_SENESCENCE",48,-0.22855934353523363,-0.8129408052664093,0.7616511318242344,0.8555749501528187,"H2AC20;H2AX;KAT5;HIRA;ACD;HMGA1;H4C5;H2AZ2;TINF2;TP53;H2AJ;CCNA2;CCNE1;H2AC8;CABIN1;H4C8;H2BC12;H2BC26;H2BC11;H2BC4;H2BC5;H1-2;ASF1A;CDK2;H4C9",-0.8610500468263307,0.7843222706447648,,
"REACTOME_NUCLEAR_RNA_DECAY",35,-0.24243025024696968,-0.8163710060939828,0.7626886145404664,0.8558534763580389,"EXOSC4;EXOSC7;EXOSC3;EXOSC2;EXOSC1;DXO;EXOSC5",-0.8494113975288293,0.8184004000923291,,
"REACTOME_CELLULAR_HEXOSE_TRANSPORT",15,-0.2936975731321639,-0.8042687841262534,0.7676923076923077,0.8605775196881711,"SLC50A1;SLC2A6",-0.6982321874636397,0.9356571362125948,,
"REACTOME_DEACTIVATION_OF_THE_BETA_CATENIN_TRANSACTIVATING_COMPLEX",41,-0.23095434972193032,-0.8008947111363944,0.7711978465679677,0.8636141174376828,"UBA52;UBB;CTNNBIP1;CTBP1;CBY1;AKT1;UBC",-0.8089966991665671,0.8498740585565364,,
"REACTOME_GLYCOSAMINOGLYCAN_METABOLISM",120,-0.2020137857073957,-0.8363823530529364,0.7732079905992949,0.8649715808148974,"HEXA;B3GNT4;B4GALT7;B4GALT2;HYAL2;CHST12;HS3ST1;B3GAT3;B4GAT1;CTSL;B4GALT3;B3GALT6;HPSE;GUSB;NAGLU;CHST7;CHPF;IDUA;SLC35B2;HYAL3;SGSH",-0.8388145609421607,0.852190509822716,,
"REACTOME_INTERLEUKIN_17_SIGNALING",67,-0.21834280497335568,-0.8276107416730566,0.7741116751269036,0.8650897482861479,"UBA52;UBB;TNIP2;IL17RC;PPP2R1A;MAPKAPK3;DUSP4;UBC;MAPK11;MAPK3;MAP2K3;RPS27A;TAB1;VRK3;PPP2CA;RIPK2;MAP3K8;RPS6KA1;DUSP7;IL17RB;MAPK7;SKP1",-0.7802552511185958,0.9164303139689404,,
"REACTOME_CARDIOGENESIS",20,-0.26332145835898113,-0.7784039827734872,0.7751479289940828,0.8652915323016644,"KAT5;MESP1;EOMES;SRF;ISL1;HEY2;TBX1;GATA6;KAT2A;LDB1",-0.6271962095659203,0.9706521009155828,,
"REACTOME_SUMOYLATION_OF_DNA_METHYLATION_PROTEINS",16,-0.2833464421422445,-0.7871990252840557,0.7758887171561051,0.8652915323016644,"UBE2I;RING1;CBX8;PCGF2;PHC2;CBX4",-0.7182667060080007,0.9171145737191668,,
"REACTOME_DEVELOPMENTAL_CELL_LINEAGES_OF_THE_INTEGUMENTARY_SYSTEM",49,-0.22499863976238837,-0.8039921668256939,0.7771883289124668,0.8658501012755538,"PRSS3;KRT10;KRT18;MUC1;TFAP2A;SLPI;KRT8;KRT19;FABP5;GJB3;MFGE8;KRT15;HOPX;AQP3;KLK7;DMKN;CD44",0.843877508122439,0.852190509822716,,
"REACTOME_ACTIVATION_OF_KAINATE_RECEPTORS_UPON_GLUTAMATE_BINDING",22,-0.2597932799846051,-0.7834103076392087,0.7823529411764706,0.870709022828844,"GNG5;GNB2;GNGT2;GNB5;GNB1;CALM1;GNB3;PLCB3;NCALD;DLG3",-0.8138818172700591,0.8308934130500445,,
"REACTOME_HEPARAN_SULFATE_HEPARIN_HS_GAG_METABOLISM",33,0.21125749455240683,0.8130033230205007,0.7839721254355401,0.8709240347576815,"IDS;HS2ST1;GLCE;NDST1;HGSNAT;HSPG2;GPC3;HPSE2",-0.7457945700953508,0.9130058316971745,,
"REACTOME_RHO_GTPASES_ACTIVATE_WASPS_AND_WAVES",36,-0.2370542350050379,-0.8021272777492806,0.7841530054644809,0.8709240347576815,"ACTB;ARPC1B;ARPC4;ARPC1A;BRK1;ACTG1;MAPK3;NCKIPSD",-0.9174332693382087,0.7370444692481956,,
"REACTOME_DISASSEMBLY_OF_THE_DESTRUCTION_COMPLEX_AND_RECRUITMENT_OF_AXIN_TO_THE_MEMBRANE",27,0.2227963291752681,0.8105969738392829,0.7899686520376176,0.8764851779004886,"LRP6;GSK3B;APC;AMER1;PPP2R1B;CSNK1A1;FZD5",0.7112144120340795,0.9638628099072195,,
"REACTOME_ENDOGENOUS_STEROLS",15,0.25064582910146294,0.7762076844438612,0.7926136363636364,0.8785206358059119,"NCOA2;NCOA1;ARNT;CYP19A1;CYP7B1;CYP39A1",0.8598256909482784,0.7458549913367986,,
"REACTOME_SCAVENGING_OF_HEME_FROM_PLASMA",53,0.19696824340781716,0.8442747323719769,0.8025210084033614,0.8885932309593909,"LRP1;IGHV2-5;IGKV1D-16;IGHV3-7;IGHV3-13;JCHAIN;IGHV4-39;IGHV3-11;IGKV2-30;IGKV3D-20;IGHV1-2;IGLV1-40;IGLV2-11;IGHV3-48;IGKV3-11;IGHA2;HPX;IGLV3-19;IGHV1-46;IGLV3-25;IGLV3-27;IGHV4-34;IGLV7-43;IGKV3-20;IGKV1-17;IGHA1;IGHV3-30;IGLV2-14;IGLV2-23;IGHV3-23;IGKV1-16;IGHV3-33;IGLC3",-0.5818013152479642,0.9997281764523144,,
"REACTOME_ION_HOMEOSTASIS",38,0.20415699832096273,0.8198933754206378,0.8037735849056604,0.8890720061609549,"ITPR1;ITPR2;ATP2B4;RYR3;SLC8A1;ATP1A1;ATP1A2;ATP1B2;ORAI2;TRPC1;ITPR3;CAMK2G;RYR2;ATP2B1;ATP2A2;CAMK2D;ABCC9",0.9984149211544681,0.5916756866772132,,
"REACTOME_G0_AND_EARLY_G1",26,0.21735119552968668,0.7842238643467104,0.8055555555555556,0.8893658346500081,"RBL2;TFDP2;RBL1;TOP2A",-0.7461154675067594,0.9102743719380074,,
"REACTOME_TRIGLYCERIDE_CATABOLISM",19,-0.26013833408118736,-0.757770054568505,0.8056801195814649,0.8893658346500081,"PPP1CA;FABP3;FABP5;PNPLA4;PLIN3;LIPE;FABP6;PPP1CC;CAV1",-1.0197007043538004,0.5916756866772132,,
"REACTOME_SEROTONIN_NEUROTRANSMITTER_RELEASE_CYCLE",15,-0.28234331732845824,-0.7731760058900661,0.8076923076923077,0.8899278860480362,"RAB3A;CPLX1;STXBP1;STX1A;PPFIA4;PPFIA3",-0.8364493554124675,0.8249619482496195,,
"REACTOME_REGULATION_OF_ENDOGENOUS_RETROELEMENTS_BY_THE_HUMAN_SILENCING_HUB_HUSH_COMPLEX",35,0.211081214268317,0.8214403164192855,0.8095238095238095,0.8899278860480362,"MPHOSPH8;TASOR;H3-3A;ATF7IP;MTREX",-0.6932291240265864,0.9540533678190708,,
"REACTOME_DRUG_ADME",70,-0.21326713372137734,-0.8124093079409902,0.8095838587641866,0.8899278860480362,"GUK1;NME1;NME2;ACY1;PNP;GSTP1;BSG;ITPA;ADA;IMPDH2",-0.9670946180638973,0.662587706651288,,
"REACTOME_SURFACTANT_METABOLISM",19,-0.259324074043407,-0.755398155496263,0.8101644245142003,0.8899278860480362,"ADORA2B;DMBT1;CCDC59;CKAP4;CTSH;CSF2RA;GATA6;ABCA3",-0.6059850082721085,0.9650360226585273,,
"REACTOME_JNK_C_JUN_KINASES_PHOSPHORYLATION_AND_ACTIVATION_MEDIATED_BY_ACTIVATED_HUMAN_TAK1",22,-0.25483623392123783,-0.7684622651736206,0.8102941176470588,0.8899278860480362,"UBA52;UBB",-0.8016327035854468,0.841858907050141,,
"REACTOME_ACTIVATED_PKN1_STIMULATES_TRANSCRIPTION_OF_AR_ANDROGEN_RECEPTOR_REGULATED_GENES_KLK2_AND_KLK3",30,-0.23784182926257308,-0.7664084963282043,0.8131241084165478,0.891237961005403,"H2AC20;H2AX;H4C5;H2AZ2;PKN1;H2AJ;H3C10;H2AC8;H4C8;H2BC12;H2BC26;H2BC11;H2BC4;H2BC5;H4C9;KDM1A;H2BC21",-0.8282384642235234,0.8294646332401544,,
"REACTOME_G2_M_DNA_DAMAGE_CHECKPOINT",75,-0.20908180128079304,-0.8057025381262086,0.8131313131313131,0.891237961005403,"BABAM1;H2AX;SFN;KAT5;RFC2;YWHAH;YWHAE;ATRIP;CCNB1;RAD9A;H4C5;RPA1;RPA3;RFC5",-0.8367086377865264,0.843884865328653,,
"REACTOME_REPRODUCTION",94,0.1782649932603193,0.8675055626432322,0.8165680473372781,0.8941007710238479,"ATR;ATM;SYCP2;RAD50;MRE11;STAG2;STAG1;DIDO1;SMC3;H3-3A;CBFA2T2;TET2",0.8517973302424005,0.9308145240431795,,
"REACTOME_PEROXISOMAL_LIPID_METABOLISM",27,-0.24399949285307032,-0.7639545247414957,0.821376281112738,0.8976564172201928,"DECR2;SLC25A17;ABCD1;ACOT8;ACAA1;ECI2;ACOXL;ACOX3;ALDH3A2;CRAT;HACL1;ACOT4",-1.0372678509729847,0.5634641645742479,,
"REACTOME_NUCLEAR_ENVELOPE_BREAKDOWN",53,-0.2127926146453663,-0.7760591732851163,0.8219895287958116,0.8976564172201928,"CTDNEP1;SEC13;PLK1;AAAS;BANF1;LMNA;CCNB1;CCNB2;NUP37;EMD;NUP62;NUP85;SEH1L;NUP93",0.9989598743081939,0.5797703319175712,,
"REACTOME_VASOPRESSIN_REGULATES_RENAL_WATER_HOMEOSTASIS_VIA_AQUAPORINS",33,0.20753438156116272,0.7986752953201088,0.8222996515679443,0.8976564172201928,"PRKAR2A;PRKACB;RAB11FIP2;PRKAR1A;MYO5B;GNG12",-0.6043827725406413,0.9943673077448543,,
"REACTOME_TRANSCRIPTIONAL_REGULATION_BY_THE_AP_2_TFAP2_FAMILY_OF_TRANSCRIPTION_FACTORS",31,-0.23316611984061264,-0.7589572448256214,0.8236953455571228,0.8982754070260776,"APOE;CITED4;UBE2I;CITED2;TFAP2A",-0.7965448636288909,0.852190509822716,,
"REACTOME_PARASITE_INFECTION",104,0.1730464251759365,0.8620702385777272,0.8273809523809523,0.901387891840153,"ACTR2;NCKAP1;ABI2;WIPF2;MYO10;DOCK1;WASL;ABL1;ELMO2;PTK2;MAPK1;IGHV2-5;VAV3;WASF2;SYK;IGKV1D-16;IGHV3-7;MYH9;IGHV3-13;IGHV4-39;IGHV3-11",0.7539780518466483,0.9908891389740471,,
"REACTOME_INTERLEUKIN_37_SIGNALING",18,0.22574701101249414,0.739396936353031,0.8304093567251462,0.9037788581225487,"PTPN4;PTPN11",0.8089570003198272,0.833446099718289,,
"REACTOME_RAF_INDEPENDENT_MAPK1_3_ACTIVATION",23,-0.243038119648307,-0.7373416799796618,0.8343108504398827,0.9071143047912065,"MAP2K2;DUSP4;MAPK3;IL6;DUSP2;TYK2;DUSP10;DUSP7;DUSP9;JAK2;DUSP1",0.768463597683078,0.8736596208214485,,
"REACTOME_ERK_MAPK_TARGETS",22,-0.24871043269705548,-0.7499898250017358,0.8352941176470589,0.9072733702699517,"PPP2R1A;DUSP4;MAPK11;MAPK3;VRK3;PPP2CA;RPS6KA1;DUSP7;MAPK7",-0.6379442861120903,0.9654300989977761,,
"REACTOME_TRANSCRIPTIONAL_REGULATION_OF_GRANULOPOIESIS",53,-0.2082996057690025,-0.7596730747357627,0.8363874345549738,0.9075515305881797,"H2AC20;H2AX;CDK4;PML;H4C5;SPI1;CEBPB;H2AZ2;GFI1",-0.8134157213729327,0.8506008587474982,,
"REACTOME_CHROMATIN_MODIFICATIONS_DURING_THE_MATERNAL_TO_ZYGOTIC_TRANSITION_MZT",33,-0.23078375908695095,-0.7613086932232471,0.8391608391608392,0.9096256466658519,"H2AC20;H2AX;H4C5;METTL23;H2AZ2;UHRF1;H2AJ;UNG;H3C10;H2AC8;H4C8;H2BC12;H2BC26;H2BC11;H2BC4;H2BC5;H4C9",-0.8045011795860779,0.8488392382168315,,
"REACTOME_DISEASES_ASSOCIATED_WITH_GLYCOSAMINOGLYCAN_METABOLISM",37,-0.22309981500033815,-0.7585990271105083,0.8407557354925776,0.9096256466658519,"HEXA;B4GALT7;B3GAT3;B3GALT6",-0.7722826210969173,0.886730715678084,,
"REACTOME_MEIOTIC_SYNAPSIS",45,0.19600805577819566,0.8146874026000117,0.8408163265306122,0.9096256466658519,"ATR;SYCP2;STAG2;STAG1;DIDO1;SMC3",0.8988186043712344,0.7685183398118091,,
"REACTOME_NOTCH1_INTRACELLULAR_DOMAIN_REGULATES_TRANSCRIPTION",47,-0.21277967790932262,-0.7536002996607166,0.8453333333333334,0.9136005317381191,"UBA52;UBB;RBX1;HDAC10;HDAC3;UBC",-0.8053887287507068,0.849497585378002,,
"REACTOME_GABA_RECEPTOR_ACTIVATION",36,-0.22181738656257283,-0.750569912565009,0.8510928961748634,0.9179947258244299,"GNG5;GNB2;GNAI2;GNGT2;GNB5;GNB1;GNB3;KCNJ10;KCNJ15;GNAI3;KCNJ5;KCNJ2",-0.6792765861144416,0.9621841017599975,,
"REACTOME_SMAD2_SMAD3_SMAD4_HETEROTRIMER_REGULATES_TRANSCRIPTION",36,-0.22215986610984692,-0.7517287705239649,0.8510928961748634,0.9179947258244299,"UBA52;UBB;CDK9;YBX1;UBC;MAPK3;RPS27A;JUNB",-0.7956154285247531,0.8699712152997999,,
"REACTOME_SIGNALING_BY_NOTCH1",71,-0.20636756994798666,-0.7845040363231741,0.8544303797468354,0.9199417520429695,"UBA52;UBB;RBX1;MIB2;HDAC10;APH1A;HDAC3;ARRB2",-0.8920224715995878,0.7820190134184074,,
"REACTOME_SPHINGOLIPID_DE_NOVO_BIOSYNTHESIS",35,-0.22168450179990615,-0.7465107988193189,0.8545953360768176,0.9199417520429695,"ORMDL2;SPHK1;MFSD2B;DEGS2;CERS5;PRKD2;SPTSSA",-0.6906702234597327,0.9540533678190708,,
"REACTOME_STIMULI_SENSING_CHANNELS",76,0.173831950945896,0.8187911801419991,0.8585365853658536,0.9232675183894695,"WNK1;WWP1;TRPM7;CLCN3;RAF1;SGK2;CLCA4;ANO6;TRPV3;RYR3;NEDD4L;CLCN5;TRPC4",-0.6660215847375492,0.9908891389740471,,
"REACTOME_PLATELET_CALCIUM_HOMEOSTASIS",20,0.22434707284634314,0.7337415017563091,0.8650306748466258,0.9285388538853886,"ITPR1;ITPR2;ATP2B4;SLC8A1;ORAI2;ITPR3;ATP2B1;ATP2A2",0.9026475791290771,0.7394983461962514,,
"REACTOME_SYNTHESIS_OF_VERY_LONG_CHAIN_FATTY_ACYL_COAS",18,-0.2480711610070288,-0.7057142947168878,0.8651515151515151,0.9285388538853886,"TECR;SLC27A3;ELOVL1;ACSF3;HACD1",-0.7593338667515924,0.8736596208214485,,
"REACTOME_MEIOTIC_RECOMBINATION",47,-0.20621200699308267,-0.7303396254310065,0.8693333333333333,0.9321041872733267,"H2AC20;H2AX;CDK4;RAD51;H4C5;RPA1;H2AZ2;RPA3;RPA2;PSMC3IP;H2AJ;TOP3A;RAD51C;H3C10;H2AC8;H4C8;H2BC12;H2BC26;H2BC11;H2BC4;H2BC5;CDK2;H4C9",-0.812847116781747,0.8468313536357446,,
"REACTOME_CS_GAG_BIOSYNTHESIS",19,-0.23884011684376466,-0.6957294049456134,0.8729446935724963,0.9346658828140311,"CHST12;CHST7;CHPF;UST;CSPG5;CHST15;CHPF2;BGN",-0.4679822168027789,1,,
"REACTOME_BASIGIN_INTERACTIONS",22,-0.2391242403486857,-0.7210825264866625,0.8735294117647059,0.9346658828140311,"BSG;PPIA;SLC16A3;MMP1;ATP1B3;SLC7A7;SLC3A2;ITGA3;PPIL2;CAV1",-0.6835520974640297,0.9488674948503241,,
"REACTOME_NEGATIVE_REGULATION_OF_NMDA_RECEPTOR_MEDIATED_NEURONAL_TRANSMISSION",15,0.23383278428414386,0.7241405320284934,0.875,0.9346658828140311,"DLG1;GRIN2B",0.9079462380970812,0.7045546309517948,,
"REACTOME_ADORA2B_MEDIATED_ANTI_INFLAMMATORY_CYTOKINES_PRODUCTION",35,-0.21552308625351774,-0.7257625588474341,0.8751714677640604,0.9346658828140311,"GNG5;GNB2;GNAI2;IL6;GNGT2;GNB5;PRKAR1B;ADORA2B;PRKAR2B;GNB1;GNB3",-0.7775854210295476,0.8811444039066236,,
"REACTOME_BINDING_AND_UPTAKE_OF_LIGANDS_BY_SCAVENGER_RECEPTORS",83,-0.19387468578318182,-0.7657984434911026,0.8789731051344744,0.9374034274476752,"FTH1;CALR;PRDX1;APOE;HBA2;SAA1;HBB;S100A9;APOL1;COLEC11",-0.8134881126790116,0.8760507495121278,,
"REACTOME_PEPTIDE_HORMONE_METABOLISM",57,0.18504853955726874,0.8142455129032765,0.8794642857142857,0.9374034274476752,"KIF5B;CES1;INHBB;MYRIP;EXOC8;REN;EXOC4;EXOC1;ACE2;EXOC2;KIF5A;MME;EXOC5",0.736089307129173,0.9833671892633298,,
"REACTOME_FOXO_MEDIATED_TRANSCRIPTION_OF_CELL_DEATH_GENES",16,-0.2520107732158698,-0.7001416129905828,0.8809891808346213,0.938106357588143,"NFYC;FASLG;CITED2;STK11;DDIT3;BBC3",-0.6229166025661782,0.9654300989977761,,
"REACTOME_GLUCAGON_SIGNALING_IN_METABOLIC_REGULATION",25,0.202802558610236,0.7203848302152106,0.8888888888888888,0.9455893577581506,"PRKAR2A;PRKACB;PRKAR1A;GNG12;ADCY6",-0.6641866899770075,0.9562410077264855,,
"REACTOME_GLYCOGEN_BREAKDOWN_GLYCOGENOLYSIS",15,-0.25179909985539833,-0.6895329563845423,0.8938461538461538,0.9497592244730642,"PHKG2;PYGB;CALM1;PYGL;GYG1;PGM1;GAA",-0.7001345392497674,0.9333393022353538,,
"REACTOME_ACYL_CHAIN_REMODELLING_OF_PC",23,-0.22596727499580468,-0.6855512641676806,0.89589442815249265,0.9497592244730642,"PLA2G2A;PLA2G10;LPCAT1;TMEM86B;PLAAT3;PLA2G3;PLA2G2D;PLA2G4A;LPCAT4",-0.6544147511294242,0.9616619876473891,,
"REACTOME_NEUROTRANSMITTER_RELEASE_CYCLE",36,0.18922033351263276,0.747159176250141,0.8962962962962963,0.9497592244730642,"LIN7A;CASK;ABAT;PPFIA1;GLS",-0.7079026215180061,0.9462467677514891,,
"REACTOME_DEATH_RECEPTOR_SIGNALING",149,-0.183726263142395,-0.7754003050613859,0.8963133640552995,0.9497592244730642,"UBA52;BAD;UBB;STUB1;RACK1;TRADD;MIB2;SMPD2;RTN4R;FADD;NFKBIA;APH1A;HDAC3;YWHAE;TRAF2;FASLG;SHARPIN;UBC;LINGO1;PSENEN;ARHGDIA;RBCK1;TNF;OBSCN;RPS27A;TAB1;UBE2L3;UBE2D2;TNFRSF1A;FAS;RHOA;RIPK2;IKBKE",-0.8031310875097983,0.9130058316971745,,
"REACTOME_STRIATED_MUSCLE_CONTRACTION",23,-0.22557632397220764,-0.6843651766315115,0.8973607038123167,0.9499404325513197,"ACTA1;TNNI2;TNNT1;TNNI3;TPM3;TNNC1;TMOD1;VIM;TNNC2;TPM1",-0.45600587889068567,1,,
"REACTOME_PLATELET_HOMEOSTASIS",70,0.17520741299809428,0.8023172001265133,0.8995215311004785,0.9512988680126037,"PTPN11;MAPK14;ITPR1;GUCY1A2;ITPR2;IRAG1;PRKG1;ATP2B4;GNG12;KCNMB3;SLC8A1;PDE11A;PPP2R1B;PRKG2;PAFAH2",1.0498684183735008,0.47192530217104883,,
"REACTOME_RHO_GTPASES_ACTIVATE_PAKS",20,0.21184327061301161,0.692847013979184,0.901840490797546,0.9528217271194347,"PAK2;PPP1R12B;PPP1R12A;MYH11;MYLK;MYH9",1.0687449006597467,0.5033741527169232,,
"REACTOME_DISORDERS_OF_DEVELOPMENTAL_BIOLOGY",18,0.21198680762262537,0.6943276697238465,0.9035087719298246,0.9536548284049949,"KMT2D;MECP2;NCOR1",0.8081170693682035,0.8343706010961693,,
"REACTOME_CO_STIMULATION_BY_CD28",46,-0.19814616277231764,-0.7009553563100391,0.9053876478318003,0.9547083757292525,"MLST8;LCK;PPP2R1A;PRR5;AKT1;PPP2CA;CTLA4;LYN;AKT2;CD86;MAP3K8;TRIB3;MAP3K14;CD80",0.8635210448463325,0.841858907050141,,
"REACTOME_NPAS4_REGULATES_EXPRESSION_OF_TARGET_GENES",18,-0.2310655627614041,-0.6573366690250012,0.9121212121212121,0.9592662737329936,"CDK5;PLK2;MAPK3",-0.6557490956521707,0.9540533678190708,,
"REACTOME_PRC2_METHYLATES_HISTONES_AND_DNA",39,0.18507573013583997,0.7437158872935128,0.9128787878787878,0.9592662737329936,"DNMT3A;H3-3A;JARID2;EZH1;SUZ12;MTF2",-0.7113056177640379,0.9437307890482028,,
"REACTOME_ACYL_CHAIN_REMODELLING_OF_PS",18,-0.2273921285287822,-0.6468864617613275,0.9136363636363637,0.9592662737329936,"PLA2G2A;PLA2G10;PLAAT3;MBOAT1;PLA2G2D;PLA2G4A;LPCAT4",-0.8528190265365653,0.7841696221656018,,
"REACTOME_DOPAMINE_NEUROTRANSMITTER_RELEASE_CYCLE",20,0.20765685265504513,0.6791550653369044,0.9141104294478528,0.9592662737329936,"LIN7A;CASK;PPFIA1",-0.6563835240889525,0.9540533678190708,,
"REACTOME_O_LINKED_GLYCOSYLATION_OF_MUCINS",51,-0.19190236554116227,-0.6943181994592744,0.9141347424042272,0.9592662737329936,"MUC6;B3GNT4;MUC5AC;ST6GALNAC4;MUC1",-0.3581437021352299,1,,
"REACTOME_AQUAPORIN_MEDIATED_TRANSPORT",37,0.18519003072325835,0.7328280862065124,0.9157088122605364,0.9599887354839666,"PRKAR2A;PRKACB;RAB11FIP2;PRKAR1A;MYO5B;GNG12",-0.611403889170666,0.9913444526272543,,
"REACTOME_DENGUE_VIRUS_ACTIVATES_MODULATES_INNATE_AND_ADAPTIVE_IMMUNE_RESPONSES",28,-0.20811969857105267,-0.6579439549297071,0.9169096209912536,0.9603188687483274,"SKIC8;PAF1;PML;C1QA;STING1;RBM10;IKBKE;CLEC5A",0.8511379715546754,0.8309761158556483,,
"REACTOME_SLC_MEDIATED_TRANSMEMBRANE_TRANSPORT",170,-0.17899368233383361,-0.7687517485255743,0.920314253647587,0.9629542962876295,"SLC25A11;SLC39A3;SLC25A1;CP;ARL2;SLC25A5;SLC50A1;SLC25A6;SLC25A10;SLC25A22;SLC15A3;BSG;SLC25A4;SLC2A6;SLC43A1;SLC16A3;ARL2BP;SLC27A4;PDZD11;CTNS;SLC35C1;SLC39A7;SLC38A5;SLC11A1;SLC25A29;SLC35B2;SLC29A2;SLC25A18;SLC67A1;SLC35A1;SLC8B1;SLC27A1;SLC1A3;SLC6A12;SLC39A4;SLC9A5;SLC35D2;SLC7A7;SLC43A2;CALM1;SLC35A2;SLC5A2;SLC39A8;SLC3A2;SLC9A7;SLC15A4;SLC29A3;SLC1A5;SLC4A3;SLC12A4;SLC6A20;SLCO1B3;SLC26A6;SLC1A1",-0.8772934138999197,0.8257960507310528,,
"REACTOME_SIGNALING_BY_ACTIVIN",16,0.21156105759850316,0.6687314380404167,0.923943661971831,0.9658196042212774,"ACVR2B;INHBB;MAPK1;ACVR1C",0.6003473355969366,0.9891873278236916,,
"REACTOME_SIALIC_ACID_METABOLISM",28,-0.2036021767283546,-0.6436623842371023,0.9271137026239067,0.9672384402301301,"NANS;ST6GALNAC4;SLC35A1;NEU1;CTSA;ST6GALNAC2",-0.6866044865433137,0.9437307890482028,,
"REACTOME_ABC_TRANSPORTERS_IN_LIPID_HOMEOSTASIS",16,-0.22945187792857114,-0.6374680172066216,0.9273570324574961,0.9672384402301301,"ABCG5;ABCD1;ABCA12;ABCA7;ABCG8",-0.8678619538745397,0.7717200879236247,,
"REACTOME_METABOLISM_OF_FAT_SOLUBLE_VITAMINS",34,-0.20384626999988253,-0.6791286986260907,0.9279778393351801,0.9672384402301301,"VKORC1;APOE;RBP4;RBP2;APOM;RDH11;LRP10;BCO1",-0.6138598429747968,0.9913444526272543,,
"REACTOME_METAL_ION_SLC_TRANSPORTERS",36,0.17824810731262558,0.7038340254217801,0.9333333333333333,0.9718860070445084,"SLC30A1;SLC24A1;SLC11A2;SLC39A10;SLC8A1;HEPH;SLC9A8;SLC40A1;SLC9A2;SLC24A3;SLC39A14",-0.574632587350657,0.9957007607519095,,
"REACTOME_GLYCOSAMINOGLYCAN_PROTEIN_LINKAGE_REGION_BIOSYNTHESIS",27,-0.20295594288347105,-0.6354484965358945,0.9370424597364568,0.9748119254839915,"B4GALT7;B3GAT3;B3GALT6",-0.6732538437894925,0.947031718967971,,
"REACTOME_SMOOTH_MUSCLE_CONTRACTION",37,-0.19732874320831068,-0.6709704919232539,0.9392712550607287,0.9761937109164237,"MYL6;TRIM72;ANXA2;MYL12A;MYL12B;MYL5;MYL6B;TPM3;CALM1;ANXA1",1.0293035436970996,0.5191570881226054,,
"REACTOME_NUCLEAR_EVENTS_KINASE_AND_TRANSCRIPTION_FACTOR_ACTIVATION",57,-0.18641955697717727,-0.6923774541477082,0.9434447300771208,0.979592037742911,"RRAD;CDK5;PPP2R1A;DUSP4;MAPK11;MAPK3;LYL1;JUND;JUNB;VRK3;PPP2CA;FOSL1;CHD4;SRF;RPS6KA1;DUSP7;MAPK7",-0.6324355692350406,0.9957007607519095,,
"REACTOME_NGF_STIMULATED_TRANSCRIPTION",35,0.18109341423978892,0.7047402679117013,0.9523809523809523,0.9879243563454089,"EP300;CREB1;REST;TPH1;TCF12;ID4;ATF2;TRIB1",0.600424438872073,0.9957007607519095,,
"REACTOME_POTENTIAL_THERAPEUTICS_FOR_SARS",136,-0.1710582356728933,-0.7172267434339255,0.9559164733178654,0.9890780335012938,"AP2S1;RBX1;FNTB;SAP30;HMG20B;KEAP1;SIGMAR1;BRMS1;COMT;TUBB;IFNAR2;AP2M1",-0.908654947102844,0.764430500019795,,
"REACTOME_OPIOID_SIGNALLING",76,0.16051178175767225,0.7560499119805932,0.9560975609756097,0.9890780335012938,"PRKAR2A;PRKACB;PRKCA;PLCB1;CREB1;ITPR1;ITPR2;PDE1C;PRKAR1A;GNAQ;GNG12;PLCB4;MAPK1;ADCY6;PPP2R1B",-0.6221177282323936,1,,
"REACTOME_PLATELET_SENSITIZATION_BY_LDL",16,-0.21445083861983807,-0.5957918153358592,0.9567233384853169,0.9890780335012938,"PTPN6;PPP2R1A;PPP2CA;FGR;PLA2G4A;PPP2R5B",-0.485337289682635,0.9997281764523144,,
"REACTOME_COLLAGEN_BIOSYNTHESIS_AND_MODIFYING_ENZYMES",60,0.1657206578735369,0.7338329096551968,0.9571428571428572,0.9890780335012938,"COL4A5;COL14A1;COL4A6;COL9A3;COL21A1;COL4A1;COL2A1;COL17A1;PLOD2;COL12A1;COL8A1;COL4A4;TLL1;COL6A3;COL4A2;ADAMTS3;COL15A1;COL9A1",1.128237593482333,0.33741940265322756,,
"REACTOME_N_GLYCAN_ANTENNAE_ELONGATION_IN_THE_MEDIAL_TRANS_GOLGI",20,-0.19435736709307666,-0.5745393845585147,0.9600591715976331,0.9906319221671062,"B4GALT2;MGAT2;B4GALT3;FUT3;FUT8",-0.6184898757166536,0.9706521009155828,,
"REACTOME_SENSORY_PROCESSING_OF_SOUND_BY_OUTER_HAIR_CELLS_OF_THE_COCHLEA",40,0.17536851900911385,0.7059719047888849,0.9604743083003953,0.9906319221671062,"CASK;LHFPL5;PLS1;EPB41L1;EPS8;SPTBN1;SPTAN1;MYH9;RDX;CLIC5",0.8007946605744398,0.9130058316971745,,
"REACTOME_RAF_ACTIVATION",32,-0.19071340564696887,-0.6260617321179408,0.9621848739495799,0.9914528549062211,"HRAS;PHB1;PPP2R1A;MAP2K2;PPP2CA;ARAF;MAP3K11;CALM1;JAK2;PPP1CC;PPP2R5B",-0.737736931196479,0.9071129707112972,,
"REACTOME_METABOLISM_OF_STEROIDS",121,-0.17032876018761792,-0.7066496490560096,0.9648711943793911,0.9916194523135032,"HSD3B7;SLC27A5;TSPO;RAN;NFYC;FDXR;LGMN;EBP;UBE2I;PMVK;SREBF1;FDPS;MVD;NSDHL;CYP27B1;ACOT8;SRD5A3;SMARCD3;HSD11B1;TM7SF2;CARM1;SAR1B;FDX1;AKR1B1;CYP51A1;STARD3;MVK;HSD17B2;DHCR7;SRD5A1;SCAP;HSD17B14;ARV1;OSBPL6;ACAT2;FABP6;STARD5;PIAS4",-0.7954162183230377,0.9161229575022679,,
"REACTOME_EPHRIN_SIGNALING",18,0.1844468968755158,0.6041252544514611,0.9649122807017544,0.9916194523135032,"PAK2;ARHGEF7",0.7534144694037072,0.8723313609467456,,
"REACTOME_FOXO_MEDIATED_TRANSCRIPTION",55,0.17037909055838446,0.7419868019682241,0.9661016949152542,0.9916194523135032,"RBL2;FOXO3;EP300;PLXNA4;CREBBP;CDKN1B;KAT2B;PCK1;YWHAB;NFYA;SIRT1;CCNG2;YWHAG;ABCA6;HDAC2;FOXO4;YWHAZ;CAT;SIN3A;AKT3;SMAD3;ATXN3;NFYB",0.9110019589753533,0.7321038090065412,,
"REACTOME_COMPLEMENT_CASCADE",83,-0.17203156045213944,-0.67951883812684,0.9669926650366748,0.9916194523135032,"C8G;CD81;C1QC;C1QB;GZMM;C1QA;C2;COLEC11;C5AR2;FCN3;CFB",-0.8198324307390661,0.8699712152997999,,
"REACTOME_CELL_SURFACE_INTERACTIONS_AT_THE_VASCULAR_WALL",158,0.14757757197840293,0.7813863609870684,0.9672131147540983,0.9916194523135032,"SOS1;SLC7A6;PIK3CB;PTPN11;PIK3CA;CEACAM5;PIK3R1;ITGA6;CEACAM1;ITGB1;NRAS;TEK;EPCAM;INPP5D;IGHV2-5;JAM3;IGKV1D-16;IGHV3-7;JAM2;ITGA4;IGHV3-13;ITGB3;ITGAV;MERTK;JCHAIN;SELP;CXADR;IGHV4-39;ANGPT1;IGHV3-11;ATP1B2;KRAS",0.7734602137772679,0.9891873278236916,,
"REACTOME_FORMATION_OF_THE_BETA_CATENIN_TCF_TRANSACTIVATING_COMPLEX",57,0.1606922164199418,0.7070734872669806,0.96875,0.9916194523135032,"BCL9;EP300;TRRAP;AXIN2;H3-3A;CREBBP;TCF4",0.7151120170502581,0.9908891389740471,,
"REACTOME_SENSORY_PROCESSING_OF_SOUND",57,0.1584457655047443,0.6971887155090769,0.96875,0.9916194523135032,"CASK;LHFPL5;PLS1;PCLO;CACNB2;EPB41L1;EPS8;CACNA1D;SPTBN1;SPTAN1",0.784142728933589,0.9437307890482028,,
"REACTOME_ION_CHANNEL_TRANSPORT",133,-0.16420056929404775,-0.6864897319979617,0.9709639953542393,0.99294808581509,"ATP6V0B;UBA52;UBB;ATP6V1F;ATP6V0E1;MCOLN1;ATP6V0D1;RYR1;SCNN1D;TCIRG1;ATP6V1E1;ATP8B3;ATP13A1;UBC;TRPV2;PDZD11;FKBP1B;ATP13A2;RPS27A;TRPV4;ATP6AP1",-0.7801074679267513,0.9364542633812722,,
"REACTOME_TRIGLYCERIDE_METABOLISM",30,-0.18172624427257078,-0.5855847058027549,0.9743223965763196,0.9954434287358439,"PPP1CA;FABP3;FABP5;DGAT1;PNPLA4;PLIN3;LIPE",-0.8321315767815025,0.822570413976678,,
"REACTOME_INITIAL_TRIGGERING_OF_COMPLEMENT",63,-0.17271215944949836,-0.6512579393000981,0.9761306532663316,0.9956191865157781,"C1QC;C1QB;GZMM;C1QA;C2;COLEC11;FCN3;CFB",-0.8358048912244322,0.8437041596142997,,
"REACTOME_REGULATION_OF_ENDOGENOUS_RETROELEMENTS",102,0.14756135857416852,0.7329762374798355,0.9763313609467456,0.9956191865157781,"SMARCC1;MPHOSPH8;TASOR;ZNF33A;DNMT3A;H3-3A;SMARCA2;ARID1B;ATF7IP;ARID1A;MTREX;ZNF708;CBX5;ZNF224;ZNF141;ZNF382;H4C16;ZNF317;ZNF680;SS18L1;ZNF273;SETDB1;ZNF136;ZNF669;ZNF418;ZNF610;HDAC2;ZNF30",-0.7301435153385426,0.9650360226585273,,
"REACTOME_CYTOCHROME_P450_ARRANGED_BY_SUBSTRATE_TYPE",36,0.1569631753323265,0.6197879192252767,0.9777777777777777,0.996157059314954,"NCOA2;NCOA1;CYP2B6;ARNT;CYP4F3;CYP3A5;CYP19A1;CYP7B1;CYP39A1;CYP24A1",0.8183534248669893,0.8706827309236949,,
"REACTOME_COLLAGEN_FORMATION",82,-0.1631925962677435,-0.6435196412421607,0.9805115712545676,0.9980042659530057,"PPIB;PLOD1;CD151;CTSL;SERPINH1;COLGALT1;P3H1;COL11A2;LOXL1;P4HB;PLOD3;CTSB;P3H3",1.0147862285589018,0.5916829235096634,,
"REACTOME_TRP_CHANNELS",20,-0.1747227855268753,-0.5164976412593942,0.9837278106508875,0.9999701738015194,"MCOLN1;TRPV2;TRPV4;TRPM2;RIPK3;TRPM4;MLKL",-0.5746566951862695,0.9862387107903422,,
"REACTOME_TRANSCRIPTIONAL_REGULATION_OF_BROWN_AND_BEIGE_ADIPOCYTE_DIFFERENTIATION",27,0.1611330503897595,0.5862482721996785,0.9843260188087775,0.9999701738015194,"PPARA;NCOA1;PPARG;PPARGC1B;DIO2;HNRNPU;HDAC2;SMAD1;CHD3",0.6779016789420685,0.9739383621096617,,
"REACTOME_TRANSMISSION_ACROSS_CHEMICAL_SYNAPSES",181,-0.1600765089062615,-0.6894972499946712,0.9852104664391353,0.9999701738015194,"HRAS;AP2S1;TUBB4B;GNG5;NRGN;GNB2;RAB3A;CAMK1;TUBA1B;COMT;PRKCG;TUBA4A;PRKAG1;AP2M1;PICK1;TUBA1C;GNAI2;MAPK3;LIN7B;GRIN2C;TUBB3;GNGT2;GNB5;HSPA8;CPLX1;GAD1;GLS2;TUBA1A;TUBB6;AP2A2;SLC1A3;SLC6A12;PRKAR1B;AP2A1;PRKAR2B;LRTOMT;CAMKK1;STXBP1;GNB1;STX1A;RPS6KA1;CALM1;GNB3;PLCB3;GRIN2D;PPFIA4",-0.652719767022056,1,,
"REACTOME_G_ALPHA_S_SIGNALLING_EVENTS",91,0.1422814141313234,0.6895696665709726,0.988950276243094,1,"PRKAR2A;PRKACB;PDE3A;PDE3B;PDE8A;GPR15;PDE7B;ITGB1;PRKAR1A;GLP2R;GNG12",-0.49655558932104205,1,,
"REACTOME_DEFECTIVE_B4GALT7_CAUSES_EDS_PROGEROID_TYPE",18,-0.18431876381612514,-0.5243511010370924,0.9893939393939394,1,"B4GALT7",0.7602805433686038,0.8655618918226401,,
"REACTOME_FCGR_ACTIVATION",58,-0.1620461859861103,-0.6011845735798087,0.9897172236503856,1,"CD247;FCGR1A;FCGR3A;HCK;FCGR2A;LYN;FGR;CD3G;IGLV3-1;FYN;IGHV1-69;IGLV6-57;IGHV3-53;IGLC2;IGKV1-12;IGKV1-5;IGHG1;IGLV3-21;IGKV4-1;IGKV3-15;IGLV1-47;IGHV2-70;IGLV2-8;IGHV4-59;IGLV1-44;IGLC3;IGHV3-33;IGKV1-16;IGHV3-23;IGLV2-23;IGLV2-14;SRC;IGHV3-30;IGHG2;IGKV1-17;IGKV3-20;IGLV7-43;IGHV4-34;IGLV3-27;IGLV3-25;IGHV1-46;IGLV3-19;IGKV3-11;IGHV3-48;IGLV2-11;IGHG4;IGLV1-40;IGHV1-2;IGKV3D-20;IGKV2-30;YES1;IGHV3-11;IGHV4-39;IGHV3-13;IGHV3-7;IGKV1D-16;SYK;IGHV2-5",-0.720793438786337,0.955522627465939,,
"REACTOME_VEGFR2_MEDIATED_VASCULAR_PERMEABILITY",26,0.1593642827254853,0.5750015468433525,0.9907407407407407,1,"PDPK1;PAK2;RICTOR;VAV3;CTNND1;MTOR;CDH5;CTNNA1;VAV2;AKT3;PAK1",-0.5602811771582827,0.9987815262957578,,
"REACTOME_CREATION_OF_C4_AND_C2_ACTIVATORS",56,-0.1620278891209846,-0.5989041636181859,0.9909560723514211,1,"C1QC;C1QB;C1QA;COLEC11;FCN3;IGLV3-1;FCN1;C1R;IGHV1-69;IGLV6-57;IGHV3-53;IGLC2;IGKV1-12;IGKV1-5;IGHG1;IGLV3-21;IGKV4-1;IGKV3-15;IGLV1-47;IGHV2-70;IGLV2-8;IGHV4-59;IGLV1-44;IGLC3;IGHV3-33;IGKV1-16;IGHV3-23;IGLV2-23;IGLV2-14;IGHV3-30;IGHG2;IGKV1-17;C1S;IGKV3-20;IGLV7-43;IGHV4-34;IGLV3-27;IGLV3-25;IGHV1-46;IGLV3-19;IGKV3-11;IGHV3-48;IGLV2-11;IGHG4;IGLV1-40;IGHV1-2;IGKV3D-20;IGKV2-30;MASP1;MASP2;IGHV3-11;IGHV4-39;IGHV3-13;IGHV3-7;IGKV1D-16;IGHV2-5",-0.6396272808480177,0.9932348254382153,,
"REACTOME_LEISHMANIA_INFECTION",195,-0.15756891420340047,-0.6837492953128178,0.9911111111111112,1,"PYCARD;GNG5;GSDMD;CYBA;ACTB;ARPC1B;GNB2;NFKB2;ARPC4;ARPC1A;BRK1;PSTPIP1;ACTG1;PLK2;CD247;GNAI2;FCGR1A;MAPK3;DVL1;IL6;NCKIPSD;GNGT2;IL1B;P2RX4;FCGR3A;DVL2;GNB5;HCK;FCGR2A;LYN;CASP1;PRKAR1B;ADORA2B;HMOX1;WAS;FGR;PRKAR2B;ARPC5;IL1A;GNB1;CALM1;GNB3",-0.7077254076312484,0.9957007607519095,,
"REACTOME_GPER1_SIGNALING",37,-0.155970090213568,-0.5303400125821331,0.9919028340080972,1,"GNG5;GNB2;GNAI2;GNGT2;GNB5;PRKAR1B;PRKAR2B;GNB1;GNB3",-0.5887338014723804,0.9957007607519095,,
"REACTOME_UPTAKE_AND_ACTIONS_OF_BACTERIAL_TOXINS",27,-0.16136654767915876,-0.5052334445450729,0.9956076134699854,1,"MAP2K2;EEF2;STX1B;MAP2K3;STX1A;CALM1;CD9;FURIN;MAP2K1;HSP90AA1;MAP2K7;HSP90AB1",0.737951615260822,0.9437307890482028,,
"REACTOME_PRE_NOTCH_PROCESSING_IN_GOLGI",18,0.1336209202264006,0.43765318798664077,0.9970760233918129,1,"SEL1L;RAB6A;NOTCH2;B4GALT1;ATP2A2;NOTCH4",0.6394472222832169,0.9829595552373074,,
"REACTOME_NEURONAL_SYSTEM",265,-0.1546737521582044,-0.6888100205099851,0.9978213507625272,1,"HRAS;AP2S1;TUBB4B;PANX2;GNG5;NRGN;APBA3;GNB2;RAB3A;CAMK1;HOMER2;TUBA1B;COMT;PRKCG;TUBA4A;PRKAG1;AP2M1;DBNL;FLOT1;PICK1;KCNK1;HOMER3;TUBA1C;SYT12;SHARPIN;GNAI2;BEGAIN;MAPK3;LIN7B;FLOT2;KCNN2;GRIN2C;TUBB3;LRFN4;GNGT2;GNB5;HSPA8;CPLX1;GAD1;GLS2;TUBA1A;TUBB6;LRFN3;AP2A2;DLGAP3;SLC1A3;SLC6A12;KCNK7;PRKAR1B;AP2A1;PRKAR2B;KCNN4;LRTOMT;CAMKK1;STXBP1;GNB1;STX1A;RPS6KA1;CALM1;GNB3;PLCB3;GRIN2D;KCNJ8;PPFIA4;HCN2",-0.6798461517850084,1,,
"REACTOME_ANTI_INFLAMMATORY_RESPONSE_FAVOURING_LEISHMANIA_PARASITE_INFECTION",113,0.12774645998562445,0.6301892710746084,1,1,"PRKAR2A;PRKACB;ADAM17;CREB1;MAPK14;ITPR1;ITPR2;PRKAR1A;GNG12;ADCY6;IGHV2-5;SYK;IGKV1D-16;IGHV3-7;MYH9;IGHV3-13;IGHV4-39;IGHV3-11;ADCY5;YES1;PLCG1;ITPR3",-0.4776132481886384,1,,
"REACTOME_DISEASES_ASSOCIATED_WITH_O_GLYCOSYLATION_OF_PROTEINS",58,0.12821276123907177,0.57031733407557,1,1,"SEMA5A;THSD4;ADAMTSL3;THSD7A;ADAMTSL1;C1GALT1;ADAMTS8;NOTCH2;GALNT3;ADAMTS9;ADAMTS1;ADAMTS3;ADAMTS6;SEMA5B;ADAMTS12;ADAMTS16;MUC17;NOTCH4;ADAMTS5;THBS1;ADAMTSL2",0.9202661622359777,0.7488013002844373,,
"REACTOME_O_LINKED_GLYCOSYLATION",107,0.13934110307480913,0.7003986765072423,1,1,"SEMA5A;THSD4;FKTN;B3GNT5;B4GALT5;ADAMTSL3;CRPPA;THSD7A;ADAMTSL1;C1GALT1;GALNT4;GALNT10;ADAMTS8;GALNT6;GALNT3;CHST10;GCNT1;ADAMTS9;MMRN2;EMID1;ADAMTS1;ADAMTS3;GALNT7;ST6GAL1;ADAMTS6;GALNT11;SEMA5B;MMRN1;ADAMTS12;ADAMTS16;ST3GAL1;MUC17;B3GNT2;ADAMTS5;THBS1;ADAMTSL2",0.8877503874415676,0.8506008587474982,,
"REACTOME_REGULATION_OF_ENDOGENOUS_RETROELEMENTS_BY_KRAB_ZFP_PROTEINS",69,-0.13168352925860996,-0.49938861871848444,1,1,"H2AC20;H2AX;TRIM28;UBE2I;MBD3;H4C5;MTA2;H2AZ2;MTA1;CHD4;H2AJ;RBBP4;H3C10;H2AC8;ZNF324;GATAD2A;HDAC1;ZNF547;H4C8;H2BC12;H2BC26;H2BC11;H2BC4;H2BC5",-0.6329602607531212,0.9974292695685367,,
"REACTOME_SENSORY_PERCEPTION",143,-0.1407821130503515,-0.5925374596428684,1,1,"FNTB;ACTB;RAB3A;TWF2;OR2I1;RDH16;APOE;SCNN1D;ACTG1;PDE6B;KCNN2;RBP4;CABP1;CAPZB;GNB5;TPRN;CHRNA10;RBP2;PDE6G;PPEF1;CIB2;APOM;RDH11;DHRS3;EZR;GNB1;STX1A;CALM1;LRP10;GNB3;FNTA;BCO1",-0.5528059019830547,1,,
"REACTOME_SIGNALING_BY_GPCR",448,-0.13698192490684005,-0.6312177154520451,1,1,"CCL3;HRAS;PPP1CA;CCL3L3;GNG5;NMB;CCL4;GNB2;CXCL10;CX3CL1;CXCL8;RGS14;CCL5;PRKCG;CCL4L2;CDK5;HCAR2;LPAR2;DRD4;RHOC;RAMP1;ARRB2;GRK6;WNT10B;PPP2R1A;S1PR4;SAA1;AKT1;P2RY6;CXCL11;CXCL9;CXCR3;GNAI2;S1PR2;CXCL13;MAPK3;WNT7B;CXCL16;ADGRE5;GNA15;CXCL1;CXCL3;FFAR2;RGS10;FZD2;GNGT2;CXCR4;RGS19;OBSCN;FZD9;C5AR2;NMU;ADRB1;GNB5;DGKZ;GPR84;MC1R;CXCR6;DAGLB;ARRB1;HEBP1;PLPPR2;PPP2CA;PTGER1;GRK2;RHOA;WNT4;FPR1;PRKAR1B;ADORA2B;PSAP;NPW;CHRM1;CCR10;AKT2;RGS3;CXCL2;CXCL5;PRKAR2B;PTAFR;P2RY11;GPR35;FPR2;ABHD12;SSTR5;CAMKK1;GNB1;RPS6KA1;CALM1;CXCR1;ADM;GNB3;PLCB3;RGS2;MAPK7;UCN3;ANXA1;ARHGEF39;CCL2;LPAR5;RXFP4;GPR65;GPSM3;ADGRE1;ADORA3;PTGIR;ARHGEF16;CCR5;APLN;GIPR;C5AR1;PPP1R1B;GPR68;PLA2G4A;FFAR4;S1PR5;CD55;RAMP3;CCL13;UCN;GPR132;HTR1D;GNAS;TIAM1;MMP3;SUCNR1;LTB4R;RGS9;PRKCD;TBXA2R;ARHGEF4;RGS16;VAV1;RASGRP1",0.8007556704216519,1,,
