"pathway","size","ES","NES","pval","padj","leading_edge","NES_no_cov","padj_no_cov","robust_no_covariate","collapsed_main"
"REACTOME_CD22_MEDIATED_BCR_REGULATION",51,0.9554434233670457,3.5594903858778233,4.756785537694069e-46,5.175382665011147e-43,"CD22;CD79A;CD79B;IGKV1D-16;IGHV3-11;IGHV3-7;IGHV2-70;IGLV3-19;IGLV7-43;IGLV2-8;IGHV4-59;IGLV2-14;IGKV1-12;IGKV1-17;IGKV3D-20;IGHV3-30;IGHV4-39;IGKV1-5;IGKV3-11;IGKV3-15;IGLC2;IGHV4-34;IGHV3-53;IGKV1-16;IGLV1-47;IGKV3-20;IGLV2-23;IGHV3-23;IGHV1-46;IGHV1-2;IGLV3-25;IGLV1-44;IGHV3-48;IGHV3-13;IGLV1-40;IGLV3-1;IGHV3-33;IGKV4-1;IGHV1-69;IGLC3;IGHM;IGKV2-30;IGHV2-5;IGLV3-21;IGLV6-57;IGLV2-11;IGLV3-27;IGKV5-2",3.4516546664317005,6.71772731939841e-39,TRUE,
"REACTOME_ANTIGEN_ACTIVATES_B_CELL_RECEPTOR_BCR_LEADING_TO_GENERATION_OF_SECOND_MESSENGERS",76,0.8957281418384551,3.602573066607502,8.734379371384462e-45,4.751502378033147e-42,"BLK;CD22;CD79A;CD19;CD79B;IGKV1D-16;IGHV3-11;IGHV3-7;IGHV2-70;IGLV3-19;IGLV7-43;IGLV2-8;IGHV4-59;IGLV2-14;IGKV1-12;IGKV1-17;IGKV3D-20;IGHV3-30;IGHV4-39;IGKV1-5;BTK;IGKV3-11;IGKV3-15;IGLC2;IGHV4-34;IGHV3-53;IGKV1-16;IGLV1-47;IGKV3-20;IGLV2-23;IGHV3-23;IGHV1-46;IGHV1-2;IGLV3-25;IGLV1-44;IGHV3-48;IGHV3-13;IGLV1-40;IGLV3-1;IGHV3-33;IGKV4-1;IGHV1-69;IGLC3;IGHM;IGKV2-30;IGHV2-5;IGLV3-21;IGLV6-57;PIK3CD;DAPP1;VAV1;IGLV2-11;IGLV3-27;PLCG2;IGKV5-2;NCK1;SOS1;BLNK;ITPR1",3.4628893444791333,3.072917589621889e-37,TRUE,
"REACTOME_IMMUNOREGULATORY_INTERACTIONS_BETWEEN_A_LYMPHOID_AND_A_NON_LYMPHOID_CELL",146,0.7710216034896821,3.3977403781997864,1.191111147757246e-43,4.319763095866279e-41,"CD22;CD19;IGKV1D-16;IGHV3-11;SH2D1A;IGHV3-7;IGHV2-70;IGLV3-19;IGLV7-43;IGLV2-8;IGHV4-59;IGLV2-14;IGKV1-12;IGKV1-17;IGKV3D-20;IGHV3-30;SLAMF6;IGHV4-39;IGKV1-5;ITGAL;IGKV3-11;IGKV3-15;IGLC2;SLAMF7;IGHV4-34;IGHV3-53;IGKV1-16;IGLV1-47;CD247;IGKV3-20;IGLV2-23;CD1C;CD3G;CLEC2D;IGHV3-23;CD96;CD3E;KLRB1;IGHV1-46;IGHV1-2;IGLV3-25;IGLV1-44;IGHV3-48;IGHV3-13;IGLV1-40;IGLV3-1;IGHV3-33;IGKV4-1;CD40LG;IGHV1-69;IGLC3;JAML;IGKV2-30;IGHV2-5;IGLV3-21;MADCAM1;IGLV6-57;C3;CD3D;VCAM1;CD8A;ITGA4;SELL;SIGLEC10;CD1D;SIGLEC8;IGLV2-11;ICAM3;CD200R1;KLRG1;CLEC2B;IGLV3-27;HLA-E;IGKV5-2;KLRD1;HLA-C;MICB;B2M;COL17A1;CD226;LAIR1;LAIR2;LILRB1;HLA-B;SIGLEC12;HLA-F",3.4655607815827354,3.1697274640689933e-45,TRUE,
"REACTOME_ROLE_OF_PHOSPHOLIPIDS_IN_PHAGOCYTOSIS",71,0.8915213270921103,3.5375575192393933,1.6625190057576955e-41,4.522051695660932e-39,"IGKV1D-16;IGHV3-11;IGHV3-7;IGHV2-70;IGLV3-19;IGLV7-43;IGLV2-8;IGHV4-59;IGLV2-14;IGKV1-12;IGKV1-17;IGKV3D-20;IGHV3-30;IGHV4-39;IGKV1-5;IGKV3-11;IGKV3-15;IGLC2;IGHV4-34;IGHV3-53;IGKV1-16;IGLV1-47;CD247;IGKV3-20;IGLV2-23;CD3G;IGHV3-23;IGHG1;IGHV1-46;IGHV1-2;IGLV3-25;IGLV1-44;IGHV3-48;IGHV3-13;IGLV1-40;IGLV3-1;IGHV3-33;IGKV4-1;IGHV1-69;IGLC3;IGKV2-30;IGHV2-5;IGLV3-21;IGLV6-57;IGHG4;IGHG2;IGLV2-11;IGLV3-27;PLCG2;PLD4;IGKV5-2",3.430449540529098,3.7824373271835986e-36,TRUE,
"REACTOME_FCGR_ACTIVATION",59,0.9192970171167459,3.480902064614722,2.3670542711968917e-41,5.150710094124436e-39,"IGKV1D-16;IGHV3-11;IGHV3-7;IGHV2-70;IGLV3-19;IGLV7-43;IGLV2-8;IGHV4-59;IGLV2-14;IGKV1-12;IGKV1-17;IGKV3D-20;IGHV3-30;IGHV4-39;IGKV1-5;IGKV3-11;IGKV3-15;IGLC2;IGHV4-34;IGHV3-53;IGKV1-16;IGLV1-47;CD247;IGKV3-20;IGLV2-23;CD3G;IGHV3-23;IGHG1;IGHV1-46;IGHV1-2;IGLV3-25;IGLV1-44;IGHV3-48;IGHV3-13;IGLV1-40;IGLV3-1;IGHV3-33;IGKV4-1;IGHV1-69;IGLC3;IGKV2-30;IGHV2-5;IGLV3-21;IGLV6-57;IGHG4;IGHG2;IGLV2-11;IGLV3-27;IGKV5-2",3.348676354260268,7.30187105147225e-34,TRUE,
"REACTOME_SCAVENGING_OF_HEME_FROM_PLASMA",54,0.9280987143035803,3.505012405926188,1.6353164658959608e-40,2.965373858158009e-38,"IGKV1D-16;IGHV3-11;JCHAIN;IGHV3-7;IGHV2-70;IGLV3-19;IGLV7-43;IGLV2-8;IGHV4-59;IGLV2-14;IGKV1-12;IGKV1-17;IGKV3D-20;IGHA2;IGHV3-30;IGHV4-39;IGKV1-5;IGKV3-11;IGKV3-15;IGLC2;IGHV4-34;IGHV3-53;IGKV1-16;IGLV1-47;IGKV3-20;IGLV2-23;IGHV3-23;IGHA1;IGHV1-46;IGHV1-2;IGLV3-25;IGLV1-44;IGHV3-48;IGHV3-13;IGLV1-40;IGLV3-1;IGHV3-33;IGKV4-1;IGHV1-69;IGLC3;IGKV2-30;IGHV2-5;IGLV3-21;IGLV6-57;IGLV2-11;IGLV3-27;IGKV5-2",3.423275215394495,4.74614674457928e-36,TRUE,
"REACTOME_FCGR3A_MEDIATED_IL10_SYNTHESIS",82,0.85458446313899,3.4851257187993507,3.673750817974772e-39,5.710058414223645e-37,"IGKV1D-16;IGHV3-11;IGHV3-7;IGHV2-70;IGLV3-19;IGLV7-43;IGLV2-8;IGHV4-59;IGLV2-14;IGKV1-12;IGKV1-17;IGKV3D-20;IGHV3-30;IGHV4-39;IGKV1-5;IGKV3-11;IGKV3-15;IGLC2;IGHV4-34;IGHV3-53;IGKV1-16;IGLV1-47;CD247;IGKV3-20;IGLV2-23;CD3G;IGHV3-23;IGHG1;IGHV1-46;IGHV1-2;IGLV3-25;IGLV1-44;IGHV3-48;IGHV3-13;IGLV1-40;IGLV3-1;IGHV3-33;IGKV4-1;IGHV1-69;IGLC3;IGKV2-30;IGHV2-5;IGLV3-21;IGLV6-57;PRKAR2B;IGHG4;IGHG2;IGLV2-11;IGLV3-27;PLCG2;IGKV5-2;CREB1",3.389197126170113,3.8074560727874407e-33,TRUE,
"REACTOME_FCERI_MEDIATED_CA_2_MOBILIZATION",74,0.8705018089244705,3.4736626043975622,9.169708841624885e-38,1.2470804024609845e-35,"IGKV1D-16;IGHV3-11;IGHV3-7;IGHV2-70;IGLV3-19;IGLV7-43;IGLV2-8;IGHV4-59;IGLV2-14;IGKV1-12;IGKV1-17;IGKV3D-20;ITK;IGHV3-30;IGHV4-39;IGKV1-5;BTK;IGKV3-11;IGKV3-15;IGLC2;IGHV4-34;IGHV3-53;IGKV1-16;IGLV1-47;IGKV3-20;IGLV2-23;IGHV3-23;GRAP2;IGHV1-46;IGHV1-2;IGLV3-25;IGLV1-44;MS4A2;IGHV3-48;IGHV3-13;IGLV1-40;IGLV3-1;IGHV3-33;IGKV4-1;IGHV1-69;IGLC3;IGKV2-30;IGHV2-5;IGLV3-21;IGLV6-57;TXK;VAV1;IGLV2-11;IGLV3-27;PLCG2;IGKV5-2",3.430433998937259,1.4629887636803612e-35,TRUE,
"REACTOME_FCERI_MEDIATED_MAPK_ACTIVATION",75,0.8588650746563542,3.4254798466226113,2.86830272452549e-37,3.4674592936485926e-35,"IGKV1D-16;IGHV3-11;IGHV3-7;IGHV2-70;IGLV3-19;IGLV7-43;IGLV2-8;IGHV4-59;IGLV2-14;IGKV1-12;IGKV1-17;IGKV3D-20;IGHV3-30;IGHV4-39;IGKV1-5;IGKV3-11;IGKV3-15;IGLC2;IGHV4-34;IGHV3-53;IGKV1-16;IGLV1-47;IGKV3-20;IGLV2-23;IGHV3-23;GRAP2;IGHV1-46;IGHV1-2;IGLV3-25;IGLV1-44;MS4A2;IGHV3-48;IGHV3-13;IGLV1-40;IGLV3-1;IGHV3-33;IGKV4-1;IGHV1-69;IGLC3;IGKV2-30;IGHV2-5;IGLV3-21;IGLV6-57;FOS;VAV1;IGLV2-11;IGLV3-27;PLCG2;IGKV5-2;MAPK10;SOS1",3.4044948433263262,1.3314185223949052e-34,TRUE,
"REACTOME_CREATION_OF_C4_AND_C2_ACTIVATORS",58,0.9069138574514374,3.44478251338738,8.592195233443295e-37,9.348308413986305e-35,"IGKV1D-16;IGHV3-11;IGHV3-7;IGHV2-70;IGLV3-19;IGLV7-43;IGLV2-8;IGHV4-59;IGLV2-14;IGKV1-12;IGKV1-17;IGKV3D-20;IGHV3-30;IGHV4-39;IGKV1-5;IGKV3-11;IGKV3-15;IGLC2;IGHV4-34;IGHV3-53;IGKV1-16;IGLV1-47;IGKV3-20;IGLV2-23;IGHV3-23;IGHG1;IGHV1-46;IGHV1-2;IGLV3-25;IGLV1-44;IGHV3-48;IGHV3-13;IGLV1-40;IGLV3-1;IGHV3-33;IGKV4-1;IGHV1-69;IGLC3;IGKV2-30;IGHV2-5;IGLV3-21;IGLV6-57;IGHG4;IGHG2;IGLV2-11;IGLV3-27;IGKV5-2;C1QA",3.3496616024990997,1.7264593605634583e-32,TRUE,
"REACTOME_ROLE_OF_LAT2_NTAL_LAB_ON_CALCIUM_MOBILIZATION",59,0.901171722773066,3.412270954834179,9.548535378119729e-37,9.44436953763115e-35,"IGKV1D-16;IGHV3-11;IGHV3-7;IGHV2-70;IGLV3-19;IGLV7-43;IGLV2-8;IGHV4-59;IGLV2-14;IGKV1-12;IGKV1-17;IGKV3D-20;IGHV3-30;IGHV4-39;IGKV1-5;IGKV3-11;IGKV3-15;IGLC2;IGHV4-34;IGHV3-53;IGKV1-16;IGLV1-47;IGKV3-20;IGLV2-23;IGHV3-23;IGHV1-46;IGHV1-2;IGLV3-25;IGLV1-44;MS4A2;IGHV3-48;IGHV3-13;IGLV1-40;IGLV3-1;IGHV3-33;IGKV4-1;IGHV1-69;IGLC3;IGKV2-30;IGHV2-5;IGLV3-21;IGLV6-57;IGLV2-11;IGLV3-27;IGKV5-2",3.3492104120382113,7.30187105147225e-34,TRUE,
"REACTOME_INITIAL_TRIGGERING_OF_COMPLEMENT",65,0.8891020290889157,3.4605520003978856,1.5692967178437572e-36,1.42282902417834e-34,"IGKV1D-16;IGHV3-11;IGHV3-7;IGHV2-70;IGLV3-19;IGLV7-43;IGLV2-8;IGHV4-59;IGLV2-14;IGKV1-12;IGKV1-17;IGKV3D-20;IGHV3-30;IGHV4-39;IGKV1-5;IGKV3-11;IGKV3-15;IGLC2;IGHV4-34;IGHV3-53;IGKV1-16;IGLV1-47;IGKV3-20;IGLV2-23;IGHV3-23;IGHG1;IGHV1-46;IGHV1-2;IGLV3-25;IGLV1-44;IGHV3-48;IGHV3-13;IGLV1-40;IGLV3-1;IGHV3-33;IGKV4-1;IGHV1-69;IGLC3;IGKV2-30;IGHV2-5;IGLV3-21;IGLV6-57;C3;IGHG4;IGHG2;GZMM;IGLV2-11;IGLV3-27;IGKV5-2;C1QA",3.377200144628095,5.790517999094114e-33,TRUE,
"REACTOME_TRANSLATION",366,-0.5281344240771431,-2.8794381244139364,3.206624167500198e-35,2.6836977648001657e-33,"MARS1;MRPS11;PSMB5;UFD1;PSMD3;EIF3D;RPL19;MRPL46;MRPL10;RPLP0;VCP;YARS1;PSMC4;CARS1;SARS1;HARS1;EEF2;RPS2;ZNF598;MRPL4;ASCC2;MRPS16;IARS1;PSMD14;RPL4;PSMD8;YARS2;MRPL21;TRMT112;AARS1;PSMA7;FARSA;EIF3I;PTCD3;AIMP2;DDOST;PARS2;CARS2;RPN2;MRPL43;MRPS18A;RPS14;ADRM1;TUFM;EIF3G;MRPS5;MRPL17;PELO;MRPL36;RPS17;RPL26L1;MRPS12;ERAL1;MARS2;SARS2;MRPS2;MTFMT;SRPRA;EIF2B2;MRPL20;EIF2B3;RPS16;RPL3;MRPL40;RPL10;SRP14;GARS1;EEF1D;EIF2B4;MRPL41;OXA1L;VARS1;PSMB2;RPL7A;PSMD2;RPS23;MIEF1;RPLP1;MRPL30;NPLOC4;FAU;GSPT2;MRPL38;MRPS24;SEC61A1;UBB;EIF3F;SSR4;PSMC5;RPS3;MALSU1;EIF2B1;LARS2;EIF2S2;EIF4EBP1;UBA52;MRPL37;MRPS27;PSMB3;APEH;SEC61A2;RPL41;EIF3K;PSMC3;RPS26;MRPL55;EIF3J;MRPL58;RPN1;MRPS15;MRPL18;RPL17;MRPL49;RPS4X;PSMB4;MTRFR;EIF4G1;NARS1;MRPL22;EIF2S3;MRPL34;GADD45GIP1;PSMD7;MRPS7;EIF3L;HARS2;MRPS26;RPS28;MRPL28;RPS8;EARS2;MRPS18C;AARS2;MRPS34;MRPL16;WARS2;PSMD11;GFM2;TSFM;PSMA6;RPL8;MRPS23;CHCHD1;UBE2D2;NARS2;MRPS30;AURKAIP1;PSMB6;RPL22L1;RPL18A;MRPL27;SEC61B;MRPL57;KARS1;PSMD6;RPS21;PSMB7;RBX1;RPL23;RPL36A;EIF3B;MRPL44;PSMA5;RPL6;MRPL45;RPL18;VARS2;DARS2;RPS27L;RPL29;MRPS9;RPS15;LARS1;RPS18;RPS11;MRPL39;EEF1A1;RPL10A;SEC11A;MRPS22;ELOB;RPL5;MRPL14;EEF1A2;RPS6;RPS5;MRPL9;TARS2;RPL13;MRPS18B;PSMA3;MRPL12;RPL12",-2.984072106108331,1.370478648104492e-37,TRUE,
"REACTOME_PARASITE_INFECTION",105,0.7827542453122814,3.2947694082187025,1.1832455803308414e-34,9.19550850999968e-33,"IGKV1D-16;IGHV3-11;IGHV3-7;IGHV2-70;IGLV3-19;IGLV7-43;IGLV2-8;IGHV4-59;IGLV2-14;IGKV1-12;IGKV1-17;IGKV3D-20;IGHV3-30;IGHV4-39;IGKV1-5;BTK;IGKV3-11;IGKV3-15;IGLC2;IGHV4-34;IGHV3-53;IGKV1-16;IGLV1-47;CD247;IGKV3-20;IGLV2-23;CD3G;IGHV3-23;IGHG1;IGHV1-46;IGHV1-2;IGLV3-25;IGLV1-44;IGHV3-48;IGHV3-13;IGLV1-40;IGLV3-1;IGHV3-33;IGKV4-1;IGHV1-69;IGLC3;IGKV2-30;IGHV2-5;IGLV3-21;IGLV6-57;NCKAP1L;IGHG4;IGHG2;VAV1;IGLV2-11;IGLV3-27;WAS;IGKV5-2;WIPF1;NCK1",3.2966266234159574,4.0814741457806235e-32,TRUE,
"REACTOME_COMPLEMENT_CASCADE",86,0.8248166512221365,3.3712210412755352,3.481825165403107e-34,2.52548385330572e-32,"CR2;CD19;IGKV1D-16;IGHV3-11;IGHV3-7;IGHV2-70;IGLV3-19;IGLV7-43;IGLV2-8;IGHV4-59;IGLV2-14;IGKV1-12;IGKV1-17;IGKV3D-20;IGHV3-30;IGHV4-39;IGKV1-5;IGKV3-11;IGKV3-15;IGLC2;IGHV4-34;IGHV3-53;IGKV1-16;IGLV1-47;IGKV3-20;IGLV2-23;IGHV3-23;IGHG1;IGHV1-46;IGHV1-2;IGLV3-25;IGLV1-44;IGHV3-48;IGHV3-13;IGLV1-40;IGLV3-1;IGHV3-33;IGKV4-1;IGHV1-69;CR1;IGLC3;IGKV2-30;IGHV2-5;IGLV3-21;IGLV6-57;C3;IGHG4;IGHG2;GZMM;IGLV2-11;IGLV3-27;IGKV5-2;C1QA;CD59;CFH",3.412140036339112,3.5320315466793177e-35,TRUE,
"REACTOME_BINDING_AND_UPTAKE_OF_LIGANDS_BY_SCAVENGER_RECEPTORS",84,0.8152740489121935,3.3322061767215883,4.706609192241043e-33,3.2004942507239093e-31,"IGKV1D-16;IGHV3-11;JCHAIN;IGHV3-7;IGHV2-70;IGLV3-19;IGLV7-43;IGLV2-8;IGHV4-59;IGLV2-14;IGKV1-12;IGKV1-17;IGKV3D-20;IGHA2;IGHV3-30;IGHV4-39;IGKV1-5;IGKV3-11;IGKV3-15;IGLC2;IGHV4-34;IGHV3-53;IGKV1-16;IGLV1-47;IGKV3-20;IGLV2-23;IGHV3-23;IGHA1;IGHV1-46;IGHV1-2;IGLV3-25;IGLV1-44;IGHV3-48;IGHV3-13;SCARA5;IGLV1-40;IGLV3-1;IGHV3-33;IGKV4-1;IGHV1-69;IGLC3;IGKV2-30;IGHV2-5;IGLV3-21;IGLV6-57;IGLV2-11;IGLV3-27;IGKV5-2;CD36",3.340314643388491,2.6497793290720346e-32,TRUE,
"REACTOME_CELL_SURFACE_INTERACTIONS_AT_THE_VASCULAR_WALL",158,0.6904499548934493,3.073830972945576,1.5581893339154592e-31,9.972411737058939e-30,"IGKV1D-16;IGHV3-11;JCHAIN;IGHV3-7;IGHV2-70;IGLV3-19;IGLV7-43;IGLV2-8;IGHV4-59;IGLV2-14;IGKV1-12;IGKV1-17;IGKV3D-20;IGHA2;IGHV3-30;IGHV4-39;IGKV1-5;ITGAL;IGKV3-11;IGKV3-15;IGLC2;IGHV4-34;CD2;IGHV3-53;IGKV1-16;IGLV1-47;IGKV3-20;IGLV2-23;IGHV3-23;IGHA1;IGHV1-46;IGHV1-2;SIRPG;IGLV3-25;IGLV1-44;IGHV3-48;IGHV3-13;IGLV1-40;IGLV3-1;IGHV3-33;IGKV4-1;IGHV1-69;IGLC3;JAML;IGHM;IGKV2-30;IGHV2-5;IGLV3-21;IGLV6-57;ITGA4;CD177;SELL;CD48;CD84;IGLV2-11;IGLV3-27;IGKV5-2;JAM2;CD47;SOS1;SELP;SELE;CAV1;CD74;CD244;ITGAV;FCAMR;PIK3CA",3.13307960137745,3.4712701681260643e-32,TRUE,
"REACTOME_ANTI_INFLAMMATORY_RESPONSE_FAVOURING_LEISHMANIA_PARASITE_INFECTION",114,0.7526844638207215,3.201918265186255,5.062377565810759e-31,3.059925995334503e-29,"IGKV1D-16;IGHV3-11;IGHV3-7;IGHV2-70;IGLV3-19;IGLV7-43;IGLV2-8;IGHV4-59;IGLV2-14;IGKV1-12;IGKV1-17;IGKV3D-20;IGHV3-30;IGHV4-39;IGKV1-5;IGKV3-11;IGKV3-15;IGLC2;IGHV4-34;IGHV3-53;IGKV1-16;IGLV1-47;CD247;IGKV3-20;IGLV2-23;CYSLTR1;CD3G;IGHV3-23;IGHG1;IGHV1-46;IGHV1-2;IGLV3-25;IGLV1-44;IGHV3-48;IGHV3-13;IGLV1-40;IGLV3-1;IGHV3-33;IGKV4-1;IGHV1-69;IGLC3;IGKV2-30;IGHV2-5;IGLV3-21;IGLV6-57;GNG2;PRKAR2B;CYSLTR2;IGHG4;IGHG2;GNGT2;IGLV2-11;IGLV3-27;PLCG2;IGKV5-2;CREB1",3.233383619800898,1.2638985441793663e-31,TRUE,
"REACTOME_FCGAMMA_RECEPTOR_FCGR_DEPENDENT_PHAGOCYTOSIS",131,0.7252099490456354,3.1549386396712165,8.303106631324943e-31,4.7546210604639674e-29,"IGKV1D-16;IGHV3-11;IGHV3-7;IGHV2-70;IGLV3-19;IGLV7-43;IGLV2-8;IGHV4-59;IGLV2-14;IGKV1-12;IGKV1-17;IGKV3D-20;IGHV3-30;IGHV4-39;IGKV1-5;BTK;IGKV3-11;IGKV3-15;IGLC2;IGHV4-34;IGHV3-53;IGKV1-16;IGLV1-47;CD247;IGKV3-20;IGLV2-23;CD3G;IGHV3-23;IGHG1;IGHV1-46;IGHV1-2;IGLV3-25;IGLV1-44;IGHV3-48;IGHV3-13;IGLV1-40;IGLV3-1;IGHV3-33;IGKV4-1;IGHV1-69;IGLC3;IGKV2-30;IGHV2-5;IGLV3-21;IGLV6-57;NCKAP1L;IGHG4;IGHG2;VAV1;IGLV2-11;IGLV3-27;PLCG2;WAS;PLD4;IGKV5-2;WIPF1;NCK1",3.172117757057353,2.4880258079879053e-31,TRUE,
"REACTOME_LEISHMANIA_INFECTION",196,0.646882640543441,2.9764563188959148,1.0946475360096867e-30,5.954882595892695e-29,"IGKV1D-16;IGHV3-11;IGHV3-7;IGHV2-70;IGLV3-19;IGLV7-43;IGLV2-8;IGHV4-59;IGLV2-14;IGKV1-12;IGKV1-17;IGKV3D-20;IGHV3-30;IGHV4-39;IGKV1-5;BTK;IGKV3-11;IGKV3-15;IGLC2;IGHV4-34;IGHV3-53;IGKV1-16;IGLV1-47;CD247;IGKV3-20;IGLV2-23;CYSLTR1;CD3G;IGHV3-23;IGHG1;IGHV1-46;IGHV1-2;IGLV3-25;IGLV1-44;IGHV3-48;IGHV3-13;IGLV1-40;IGLV3-1;IGHV3-33;IGKV4-1;IGHV1-69;IGLC3;IGKV2-30;IGHV2-5;IGLV3-21;IGLV6-57;C3;GNG2;PRKAR2B;CYSLTR2;NCKAP1L;IGHG4;IGHG2;GNGT2;VAV1;IGLV2-11;IGLV3-27;PLCG2;TXNIP;PSTPIP1;WAS;IGKV5-2;NT5E;CREB1;WIPF1;NCK1;GNB4;ITPR1;ENTPD1;NLRP3;GNG7;C3AR1;P2RX7;IL18;WASL",3.0670831864539543,4.55889102492773e-33,TRUE,
"REACTOME_SIGNALING_BY_THE_B_CELL_RECEPTOR_BCR",143,0.7088449583703932,3.122731366415435,1.4302213032306693e-30,7.409908466261753e-29,"BLK;CD22;CD79A;CD19;CD79B;IGKV1D-16;IGHV3-11;IGHV3-7;IGHV2-70;IGLV3-19;IGLV7-43;IGLV2-8;IGHV4-59;IGLV2-14;IGKV1-12;IGKV1-17;IGKV3D-20;IGHV3-30;IGHV4-39;IGKV1-5;BTK;IGKV3-11;IGKV3-15;IGLC2;IGHV4-34;IGHV3-53;IGKV1-16;IGLV1-47;IGKV3-20;IGLV2-23;IGHV3-23;IGHV1-46;IGHV1-2;IGLV3-25;IGLV1-44;IGHV3-48;IGHV3-13;IGLV1-40;IGLV3-1;IGHV3-33;IGKV4-1;PRKCB;IGHV1-69;IGLC3;IGHM;IGKV2-30;RASGRP1;IGHV2-5;IGLV3-21;IGLV6-57;PIK3CD;DAPP1;VAV1;IGLV2-11;RASGRP3;IGLV3-27;PLCG2;REL;IGKV5-2;NCK1;SOS1;BLNK;ITPR1",3.098179058808231,1.9810584150824992e-29,TRUE,
"REACTOME_POTENTIAL_THERAPEUTICS_FOR_SARS",138,0.6982296293672746,3.0613787636057235,2.336495638062034e-28,1.1555032973688605e-26,"CD79A;CD79B;IGKV1D-16;IGHV3-11;IGHV3-7;IGHV2-70;IGLV3-19;IGLV7-43;IGLV2-8;IGHV4-59;IGLV2-14;IGKV1-12;IGKV1-17;IGKV3D-20;IGHV3-30;IGHV4-39;IGKV1-5;BTK;IGKV3-11;IGKV3-15;IGLC2;IGHV4-34;IGHV3-53;IGKV1-16;IGLV1-47;IGKV3-20;IGLV2-23;CYSLTR1;IGHV3-23;IGHV1-46;IGHV1-2;IGLV3-25;IGLV1-44;IGHV3-48;IGHV3-13;IGLV1-40;IGLV3-1;IGHV3-33;IGKV4-1;TLR7;IGHV1-69;IGLC3;IGHM;IGKV2-30;IGHV2-5;IGLV3-21;IGLV6-57;ITGA4;NR3C1;VAV1;IGLV2-11;IGLV3-27;PLCG2;IL6R;IGKV5-2;NCK1;SOS1;ARID4B;ARID4A;BLNK;JAK3;ROCK1;IFNAR1;PDCD1",3.045896924764527,1.1390708220184246e-26,TRUE,
"REACTOME_FC_EPSILON_RECEPTOR_FCERI_SIGNALING",160,0.6389006327266471,2.84642264667878,8.687649011000971e-24,4.1096357060735025e-22,"IGKV1D-16;IGHV3-11;IGHV3-7;IGHV2-70;IGLV3-19;IGLV7-43;IGLV2-8;IGHV4-59;IGLV2-14;IGKV1-12;IGKV1-17;IGKV3D-20;ITK;IGHV3-30;IGHV4-39;IGKV1-5;BTK;IGKV3-11;IGKV3-15;IGLC2;IGHV4-34;IGHV3-53;IGKV1-16;IGLV1-47;IGKV3-20;IGLV2-23;IGHV3-23;GRAP2;IGHV1-46;IGHV1-2;IGLV3-25;IGLV1-44;MS4A2;IGHV3-48;IGHV3-13;IGLV1-40;IGLV3-1;IGHV3-33;IGKV4-1;IGHV1-69;IGLC3;IGKV2-30;RASGRP1;IGHV2-5;IGLV3-21;IGLV6-57;TXK;FOS;VAV1;IGLV2-11;TAB2;IGLV3-27;PLCG2;IGKV5-2;MAPK10;SOS1",2.9324627378138923,7.017715018577643e-26,TRUE,
"REACTOME_FCERI_MEDIATED_NF_KB_ACTIVATION",112,0.6968380213293992,2.950924909367592,2.269934580696365e-22,1.0290370099156855e-20,"IGKV1D-16;IGHV3-11;IGHV3-7;IGHV2-70;IGLV3-19;IGLV7-43;IGLV2-8;IGHV4-59;IGLV2-14;IGKV1-12;IGKV1-17;IGKV3D-20;IGHV3-30;IGHV4-39;IGKV1-5;IGKV3-11;IGKV3-15;IGLC2;IGHV4-34;IGHV3-53;IGKV1-16;IGLV1-47;IGKV3-20;IGLV2-23;IGHV3-23;IGHV1-46;IGHV1-2;IGLV3-25;IGLV1-44;MS4A2;IGHV3-48;IGHV3-13;IGLV1-40;IGLV3-1;IGHV3-33;IGKV4-1;IGHV1-69;IGLC3;IGKV2-30;RASGRP1;IGHV2-5;IGLV3-21;IGLV6-57;IGLV2-11;TAB2;IGLV3-27;IGKV5-2",2.969379541884083,8.183992806525414e-22,TRUE,
"REACTOME_AEROBIC_RESPIRATION_AND_RESPIRATORY_ELECTRON_TRANSPORT",249,-0.48975860854680786,-2.5790217963413262,2.4985692488487594e-19,1.0873773370989801e-17,"IDH2;PGAM5;TRAP1;BCS1L;PDHA1;CYC1;MAEA;SLC25A22;NDUFS7;IDH3G;LETM1;ATP5F1B;COX7B;DMAC2;HAGH;ACO2;FOXRED1;NDUFS8;RAB5IF;TMEM177;ME3;NFS1;ATP5MC3;UQCRHL;RMND5B;HSPA9;COX5A;PDHX;DMAC1;PKM;SUCLG1;UQCC1;ETFA;MDH2;UQCC6;NDUFA13;CS;NDUFA12;PDK3;ATP5F1A;NDUFAF1;ACAD9;NDUFA1;FAHD1;OXA1L;PNKD;NDUFV1;ECSIT;PKLR;NDUFS3;PC;UBB;UQCRC1;NDUFAF3;NDUFB7;OGDH;SLC25A4;COX8A;NDUFA6;ATP5F1C;UQCRH;UBA52;VDAC1;COX6A1;TMEM223;NDUFB11;NDUFA8;TMEM186;NDUFS5;MDH1;NDUFS1;NDUFA2;GOT1;IDH3A;SDHB;GOT2;TACO1;ATP5MC2;UQCRFS1;COX5B;GID8;NDUFA9;SDHAF1;DLST;SCO2;CSKMT;L2HGDH;SLC25A14;D2HGDH;SIRT3;COX4I1;ATP5F1D;IDH3B;UQCC3;FXN;LDHA;TIMM21;HCCS;FH;COX4I2;NDUFAF8;SFXN4;SDHA;COX7A1;SLC25A11;COX7C;PDK2;NDUFA10;NDUFB9;ATP5ME;NDUFA3;COX6B1;SLC25A12;SLC25A18;ACAT1;COA3;ME2;COX11;COA1;NDUFS2;UQCC2;COX18",-2.7254306089528852,3.238335381102161e-21,TRUE,
"REACTOME_RRNA_PROCESSING",207,-0.5022324545686815,-2.5725618794083873,5.0371199769841744e-17,2.107840974984147e-15,"RPL19;IMP4;LAS1L;HSD17B10;RPLP0;PES1;BYSL;DHX37;RPS2;RPL4;TRMT112;IMP3;DDX49;RCC1L;RRP9;FBL;RPP38;CSNK1E;NOL6;TSR3;NOB1;NHP2;RPS14;BOP1;SNU13;RPS17;RPL26L1;EXOSC5;ELAC2;EBNA1BP2;EXOSC3;TBL3;RPS16;RPL3;RPUSD4;NOP2;RPL10;NOP10;RPL7A;DKC1;RPS23;RPLP1;MRM1;PDCD11;FAU;NOP14;NGRN;RPS3;CSNK1D;UBA52;RPP25;WDR18;TRUB2;NOC4L;RPUSD3;EXOSC4;MRM3;RPL41;RPS26;RCL1;TSR1;RPL17;RPS4X;RPP21;WDR12;UTP14A;RPS28;RPS8;NOL9;RRP36;EXOSC1;NOL12;RPL8;NAT10;RPL22L1;DDX21;RPL18A;RPS21;RBM28;RPL23;RPL36A;UTP4;EXOSC6;RPL6;RPL18;RPS27L;RRP7A;RPL29;EXOSC10;RPS15;RPS18;RPS11;RPL10A;RPL5;RPP40;PNO1;RPS6;RPS5;RPL13;EMG1;EXOSC7;RPL12;NCL",-2.645370308703324,1.2422597756823458e-17,TRUE,
"REACTOME_RIBOSOME_ASSOCIATED_QUALITY_CONTROL",142,-0.5140903062985116,-2.489852585077081,3.1354524069447943e-13,1.2219840783603352e-11,"PSMB5;UFD1;PSMD3;RPL19;RPLP0;VCP;PSMC4;RPS2;ZNF598;ASCC2;PSMD14;RPL4;PSMD8;PSMA7;RPS14;ADRM1;PELO;RPS17;RPL26L1;RPS16;RPL3;RPL10;PSMB2;RPL7A;PSMD2;RPS23;RPLP1;NPLOC4;FAU;UBB;PSMC5;RPS3;UBA52;PSMB3;RPL41;PSMC3;RPS26;RPL17;RPS4X;PSMB4;PSMD7;RPS28;RPS8;PSMD11;PSMA6;RPL8;UBE2D2;PSMB6;RPL22L1;RPL18A;PSMD6;RPS21;PSMB7;RBX1;RPL23;RPL36A;PSMA5;RPL6;RPL18;RPS27L;RPL29;RPS15;RPS18;RPS11;RPL10A;ELOB;RPL5;RPS6;RPS5;RPL13;PSMA3;RPL12",-2.443574023496554,1.6457186608312265e-11,TRUE,
"REACTOME_PROTEIN_LOCALIZATION",158,-0.5041948449785503,-2.485741956838808,3.14481196636851e-13,1.2219840783603352e-11,"TIMM44;BCS1L;TOMM40;CYC1;PEX10;UBL4A;TIMM17B;IDH3G;ATP5F1B;NUDT19;EMD;PEX14;COA4;ACO2;SGTA;TYSND1;PITRM1;PEX16;HSPA9;BAAT;TAFAZZIN;PEX5;MPV17;ABCD1;SLC25A6;TIMM50;ACOT8;ACAA1;CS;GET3;TOMM5;ATP5F1A;CHCHD2;DECR2;USP9X;TIMM13;TIMM8B;UBB;GFER;ECH1;GRPEL1;MTX1;SLC25A4;CRAT;TIMM22;MTX2;UBA52;VDAC1;GET4;UBE2J2;TIMM23;CHCHD10;HSPD1;GRPEL2;PXMP4;CHCHD5;PEX6;BAG6;TIMM10;TOMM22;MLYCD;SAMM50;OTC;AGXT;PMPCA;TIMM8A;FXN;TIMM21;UBE2D2;COQ2;IDH1;AMACR;SLC27A2;SEC61B",-2.5829586128261006,1.0687377159032403e-13,TRUE,
"REACTOME_RESPIRATORY_ELECTRON_TRANSPORT",155,-0.4977617868282141,-2.4504837440356297,6.433911157222525e-13,2.4138259789855538e-11,"TRAP1;BCS1L;CYC1;SLC25A22;NDUFS7;LETM1;COX7B;DMAC2;FOXRED1;NDUFS8;RAB5IF;TMEM177;NFS1;UQCRHL;HSPA9;COX5A;DMAC1;UQCC1;ETFA;MDH2;UQCC6;NDUFA13;NDUFA12;NDUFAF1;ACAD9;NDUFA1;OXA1L;PNKD;NDUFV1;ECSIT;NDUFS3;UQCRC1;NDUFAF3;NDUFB7;COX8A;NDUFA6;UQCRH;COX6A1;TMEM223;NDUFB11;NDUFA8;TMEM186;NDUFS5;MDH1;NDUFS1;NDUFA2;GOT1;SDHB;GOT2;TACO1;UQCRFS1;COX5B;NDUFA9;SCO2;COX4I1;UQCC3;FXN;TIMM21;HCCS;COX4I2;NDUFAF8;SFXN4;SDHA;COX7A1;SLC25A11;COX7C;NDUFA10;NDUFB9;NDUFA3;COX6B1;SLC25A12;SLC25A18;COA3;COX11;COA1;NDUFS2;UQCC2;COX18;SURF1",-2.656432783183133,6.724288462511509e-15,TRUE,
"REACTOME_MITOCHONDRIAL_TRANSLATION_ELONGATION",89,-0.5934612710753218,-2.6500679818424713,7.477998369258902e-13,2.712020741917895e-11,"MRPS11;MRPL46;MRPL10;MRPL4;MRPS16;MRPL21;PTCD3;MRPL43;MRPS18A;TUFM;MRPS5;MRPL17;MRPL36;MRPS12;ERAL1;MRPS2;MRPL20;MRPL40;MRPL41;OXA1L;MRPL30;MRPL38;MRPS24;MRPL37;MRPS27;MRPL55;MRPL58;MRPS15;MRPL18;MRPL49;MRPL22;MRPL34;GADD45GIP1;MRPS7;MRPS26;MRPL28;MRPS18C;MRPS34;MRPL16;TSFM;MRPS23;CHCHD1;MRPS30;AURKAIP1;MRPL27;MRPL57;MRPL44;MRPL45;MRPS9;MRPL39;MRPS22;MRPL14;MRPL9;MRPS18B;MRPL12;MRPL2;MRPS28;MRPS35;MRPL48;MRPL19;MRPL23",-2.776697171603676,1.3532284285998925e-13,TRUE,
"REACTOME_REGULATION_OF_EXPRESSION_OF_SLITS_AND_ROBOS",153,-0.4954541801388138,-2.431088139877432,1.4011888639835977e-12,4.9177209161746906e-11,"MSI1;PSMB5;PSMD3;RPL19;RPLP0;PSMC4;RPS2;PSMD14;RPL4;PSMD8;PSMA7;RPS14;ADRM1;RPS17;RPL26L1;RPS16;RPL3;RPL10;EIF4A3;RNPS1;LDB1;PSMB2;RPL7A;PSMD2;RPS23;RPLP1;FAU;GSPT2;UBB;PSMC5;RPS3;UBA52;MAGOH;ZSWIM8;PSMB3;DAG1;RPL41;PSMC3;RPS26;RPL17;RPS4X;PSMB4;EIF4G1;PSMD7;RPS28;RPS8;CASC3;UPF3B;PSMD11;PSMA6;RPL8;PSMB6;RPL22L1;RPL18A;PSMD6;RPS21;PSMB7;RBX1;RPL23;RPL36A;PSMA5;RPL6;RPL18;RPS27L;RPL29;RPS15;RPS18;RPS11;RPL10A;ELOB;RPL5;RPS6;RPS5;RPL13;PSMA3;RPL12",-2.401442270859084,1.1016456910203758e-10,TRUE,
"REACTOME_METABOLISM_OF_AMINO_ACIDS_AND_DERIVATIVES",317,-0.38431201283442057,-2.0728286712627457,4.918211375221133e-12,1.6721918675751854e-10,"PYCR1;MARS1;PHGDH;SLC7A5;PSMB5;GPT2;AHCY;PSMD3;FAH;RPL19;PCBD1;SRM;PSAT1;ALDH4A1;HSD17B10;MRI1;RPLP0;ARG2;PSMC4;ENOPH1;SARS1;RPS2;IVD;IARS1;PSMD14;RPL4;PSMD8;SMOX;SLC3A2;PSMA7;TDO2;AIMP2;GRHPR;ODC1;RPS14;ADRM1;GCDH;RPS17;RPL26L1;TXN2;MPST;SEPHS2;PYCR3;RPS16;MCCC2;RPL3;RPL10;AMDHD1;NMRAL1;SUOX;PSMB2;RPL7A;ASNS;DIO3;PSMD2;RPS23;PSTK;RPLP1;MAT1A;ADO;FAU;HYKK;OGDH;PSMC5;RPS3;AGMAT;BCKDHA;SLC6A8;UBA52;AADAT;PSMB3;RPL41;PSMC3;RPS26;AFMID;ASL;GOT1;OAZ2;GOT2;CTH;RPL17;ALDH7A1;RPS4X;BCKDK;TMLHE;PSMB4;SMS;TH;QDPR;PSMD7;PYCR2;RPS28;RPS8;DLST;OTC;SLC25A10;ALDH18A1;PSMD11;AGXT;CSAD;PSMA6;GCSH;CARNS1;OAT;GAMT;RPL8;TST;PSPH;PSMB6;EEFSEC;RPL22L1;RPL18A;KARS1;PSMD6;RPS21;PSMB7;RPL23;RPL36A;PSMA5;RPL6;SHMT1;RPL18;RPS27L;SAT1;RPL29;RPS15;LARS1;SLC25A12;RPS18;RPS11;CKB;ACAT1;RPL10A;RIMKLA;CHDH;SERINC2;RPL5",-2.0309014312309452,3.9733805514475187e-10,TRUE,
"REACTOME_SIGNALING_BY_GPCR",463,0.38758375867707434,1.9543185395853013,6.847022884638428e-12,2.2574426965110937e-10,"CCL19;P2RY10;CXCL13;CCR7;CCR4;PIK3CG;BTK;RGS1;GPR15;GPR183;CAMK4;CYSLTR1;CCR2;GPR18;ARHGEF6;CCR5;CCL22;PRKCB;CCL28;RASGRP1;CCR8;C3;GNG2;CXCR6;PDE4D;PRKAR2B;ADGRE1;CYSLTR2;CCL5;GNGT2;P2RY14;RGS18;FGD2;DGKA;VAV1;XCR1;GPSM3;TIAM1;CXCL10;P2RY13;FFAR4;CXCL9;CMKLR1;ADRB2;LPAR6;PYY;CX3CR1;CREB1;GNAQ;ACKR4;PLCB2;HRH1;PDE1C;CCL13;GIPR;HBEGF;FGD4;SOS1;GNB4;DGKH;ITPR1;CXCL11;PTGFR;EDNRB;WNT2B;PTGER2;GNA13;PIK3R6;GNG7;S1PR4;ROCK1;CX3CL1;RASGRP2;C3AR1;ADCYAP1;PIK3CA;RGS17;FFAR2;CCL11;PRKCH;RGS16;INSL3;SOS2;RHOA;OPN3;SAA1;PTGER4;ACKR2;CALCRL;S1PR1;GNG12;CCR10;F2R;EDN1;PRKAR1A;RGS2;PDE1A;GNA15;SSTR2;RXFP4;FZD4;ADM;TAC1;PIK3R5;CCL2;GNG11;PPP2CB;PDE4B;SUCNR1;GPR65;PPP3CA;PRKACB;FPR3;BDKRB2;ADORA3;P2RY1;TAS2R14;EDN3;LPAR1;DHH;AKAP13;CAMK2D;PLCB1;CCL21;KRAS;GLP2R;PDE7B;HTR4;CCR1;PTAFR;CXCL16",2.2491627527786737,3.988551985481785e-18,TRUE,
"REACTOME_MITOCHONDRIAL_TRANSLATION",114,-0.5295442733523745,-2.4537053192069873,1.2116890230051228e-11,3.877404873616393e-10,"MRPS11;MRPL46;MRPL10;MRPL4;MRPS16;MRPL21;PTCD3;MRPL43;MRPS18A;TUFM;MRPS5;MRPL17;MRPL36;MRPS12;ERAL1;MRPS2;MTFMT;MRPL20;MRPL40;MRPL41;OXA1L;MIEF1;MRPL30;MRPL38;MRPS24;MALSU1;MRPL37;MRPS27;MRPL55;MRPL58;MRPS15;MRPL18;MRPL49;MTRFR;MRPL22;MRPL34;GADD45GIP1;MRPS7;MRPS26;MRPL28;MRPS18C;MRPS34;MRPL16;GFM2;TSFM;MRPS23;CHCHD1;MRPS30;AURKAIP1;MRPL27;MRPL57;MRPL44;MRPL45;MRPS9;MRPL39;MRPS22;MRPL14;MRPL9;MRPS18B;MRPL12;MRPL2;MRRF;MRPS28;MRPS35;MRPL48;MRPL19;MRPL23",-2.730480475708066,6.724288462511509e-15,TRUE,
"REACTOME_CLASS_A_1_RHODOPSIN_LIKE_RECEPTORS",181,0.490792990236697,2.235641825419767,1.7634641337766578e-11,5.481854221568582e-10,"CCL19;P2RY10;CXCL13;CCR7;CCR4;GPR183;CYSLTR1;CCR2;GPR18;CCR5;CCL22;CCL28;CCR8;C3;CXCR6;CYSLTR2;CCL5;P2RY14;XCR1;CXCL10;P2RY13;FFAR4;CXCL9;CMKLR1;ADRB2;LPAR6;PYY;CX3CR1;ACKR4;HRH1;CCL13;CXCL11;PTGFR;EDNRB;PTGER2;S1PR4;CX3CL1;C3AR1;FFAR2;CCL11;INSL3;OPN3;SAA1;PTGER4;ACKR2;S1PR1;CCR10;F2R;EDN1;SSTR2;RXFP4;TAC1;CCL2;SUCNR1;GPR65;FPR3;BDKRB2;ADORA3;P2RY1;EDN3;LPAR1;CCL21;HTR4;CCR1;PTAFR;CXCL16;GHRL",2.5095948895958453,1.053529398296259e-14,TRUE,
"REACTOME_INFLUENZA_VIRAL_RNA_TRANSCRIPTION_AND_REPLICATION",134,-0.492972246985075,-2.3513922429132936,2.0037380402297445e-11,6.055741632694339e-10,"AAAS;NUP188;RPL19;RPLP0;RPS2;RPL4;POLR2E;RPS14;RPS17;POLR2F;RPL26L1;POLR2H;RPS16;RPL3;RPL10;GTF2F1;RPL7A;NUP85;SEC13;RPS23;RPLP1;RAE1;POLR2L;FAU;POLR2D;RPS3;POLR2G;UBA52;NUP62;RPL41;RPS26;POLR2C;RPL17;RPS4X;POLR2I;NUP93;RPS28;NUP37;RPS8;NUP98;RPL8;RPL22L1;RPL18A;RPS21;RPL23;RPL36A;POM121C;RPL6;RPL18;RPS27L;RPL29;RPS15;GRSF1;RPS18;RPS11;NUP214;RPL10A;POLR2A;RPL5;NUP88;NDC1;RPS6;RPS5;RPL13;NUP210;RPL12",-2.3605825067779804,5.412469055988598e-10,TRUE,
"REACTOME_SARS_COV_INFECTIONS",435,0.3882959448858557,1.9520349567496817,3.444497886130648e-11,1.0128685675973365e-9,"CD79A;CD79B;IGKV1D-16;IGHV3-11;IGHV3-7;IGHV2-70;IGLV3-19;IGLV7-43;IGLV2-8;IGHV4-59;IGLV2-14;IGKV1-12;IGKV1-17;IGKV3D-20;IGHV3-30;IGHV4-39;IGKV1-5;BTK;IGKV3-11;IGKV3-15;IGLC2;IGHV4-34;IGHV3-53;IGKV1-16;IGLV1-47;IGKV3-20;IGLV2-23;CYSLTR1;IGHV3-23;IGHV1-46;IGHV1-2;IGLV3-25;IGLV1-44;IGHV3-48;IGHV3-13;IGLV1-40;IGLV3-1;IGHV3-33;IGKV4-1;TLR7;IGHV1-69;IGLC3;IGHM;IGKV2-30;IGHV2-5;IGLV3-21;IGLV6-57;ITGA4;NR3C1;VAV1;IGLV2-11;TAB2;TLR8;IGLV3-27;PLCG2;TLR1;HLA-E;IL6R;IGKV5-2;TUSC3;ST3GAL4;NCK1;SOS1;ARID4B;ARID4A;BLNK;JAK3;RIGI;CAV1;PARP8;NLRP3;ROCK1;HLA-C;IFNAR1;PDCD1;VPS45;B2M;STAT2;ZDHHC20;STAT1;JAK2;ZDHHC2;MAP3K7;HLA-B;HLA-F;CHMP2B;S1PR1;RB1;MGAT4A;PALS1",2.0052685494377585,1.1016456910203758e-10,TRUE,
"REACTOME_MITOCHONDRIAL_PROTEIN_IMPORT",63,-0.6351898990137642,-2.6636731229268853,3.6190724952616954e-11,1.0361975986433486e-9,"TIMM44;BCS1L;TOMM40;CYC1;TIMM17B;IDH3G;ATP5F1B;COA4;ACO2;PITRM1;HSPA9;TAFAZZIN;SLC25A6;TIMM50;CS;TOMM5;ATP5F1A;CHCHD2;TIMM13;TIMM8B;GFER;GRPEL1;MTX1;SLC25A4;TIMM22;MTX2;VDAC1;TIMM23;CHCHD10;HSPD1;GRPEL2;CHCHD5;TIMM10;TOMM22;SAMM50;OTC;PMPCA;TIMM8A;FXN;TIMM21;COQ2",-2.63574829552592,5.412469055988598e-10,TRUE,
"REACTOME_GPCR_LIGAND_BINDING",251,0.4413225426423111,2.0856816794849657,6.773669915187312e-11,1.889680222493281e-9,"CCL19;P2RY10;CXCL13;CCR7;CCR4;GPR183;CYSLTR1;CCR2;GPR18;CCR5;CCL22;CCL28;CCR8;C3;GNG2;CXCR6;ADGRE1;CYSLTR2;CCL5;GNGT2;P2RY14;XCR1;CXCL10;P2RY13;FFAR4;CXCL9;CMKLR1;ADRB2;LPAR6;PYY;CX3CR1;ACKR4;HRH1;CCL13;GIPR;GNB4;CXCL11;PTGFR;EDNRB;WNT2B;PTGER2;GNG7;S1PR4;CX3CL1;C3AR1;ADCYAP1;FFAR2;CCL11;INSL3;OPN3;SAA1;PTGER4;ACKR2;CALCRL;S1PR1;GNG12;CCR10;F2R;EDN1;SSTR2;RXFP4;FZD4;ADM;TAC1;CCL2;GNG11;SUCNR1;GPR65;FPR3;BDKRB2;ADORA3;P2RY1;TAS2R14;EDN3;LPAR1;DHH;CCL21;GLP2R;HTR4;CCR1;PTAFR;CXCL16;GHRL",2.365104215232953,1.6173514450380634e-14,TRUE,
"REACTOME_GENERATION_OF_SECOND_MESSENGER_MOLECULES",30,0.7956464128507496,2.608461382819614,7.150909889270278e-11,1.9332203741658274e-9,"ITK;FYB1;CD247;CD3G;CD3E;GRAP2;CD3D;CD4;HLA-DQA1;EVL;HLA-DPA1;PLCG2;WAS;NCK1;HLA-DRA;HLA-DQB2;HLA-DRB1;HLA-DQA2;ZAP70;HLA-DPB1;HLA-DRB5",2.689037134812495,3.510051368592578e-11,TRUE,
"REACTOME_PROCESSING_OF_CAPPED_INTRON_CONTAINING_PRE_MRNA",288,-0.3888583280873664,-2.080658110474964,7.285113542352843e-11,1.9332203741658274e-9,"AAAS;NUP188;SRSF9;DDX41;THOC5;U2AF2;YBX1;SNRPF;DDX39A;PUF60;GPKOW;PPP1CA;PCBP1;SNRNP200;PQBP1;POLR2E;SNRNP25;CSTF2;USP39;PPIL2;FAM50A;SF1;SNRPA1;SNU13;POLR2F;CHERP;EFTUD2;SRRT;CACTIN;POLR2H;ZMAT5;PDCD7;PHF5A;EIF4A3;GTF2F1;PRPF19;RNPS1;RBM10;PCBP2;LSM7;NUP85;SEC13;HNRNPD;DHX35;RAE1;POLR2L;CPSF1;POLR2D;UBB;SNRPA;WBP11;HNRNPM;POLDIP3;RNF113A;PPIE;TXNL4A;METTL3;DDX23;POLR2G;SUGP1;SART1;UBA52;MAGOH;NUP62;THOC6;PTBP1;SLBP;RBM17;POLR2C;TFIP11;ALYREF;SF3B4;YJU2;SF3B3;POLR2I;RBM42;SNRNP40;LSM4;NUP93;TUT1;THOC3;PPP1R8;ZRSR2;NUP37;SRSF7;CASC3;PABPN1;UPF3B;DHX38;HNRNPF;XAB2;NUP98;SF3A1;CPSF6;SYMPK;SF3A2;SNRPC;CSTF1;SF3B2;NXT1;POM121C;PPIL1;SNRPB;PRPF4;MFAP1;RBMX;DHX16;FUS;PPP1R10;PRPF31;NUP214;POLR2A;SRSF4;SF3A3;HNRNPL;PRPF8;CLP1;NUP88;CPSF4;HTATSF1;SF3B5;NDC1;CTNNBL1;NUP210",-2.4173759688408123,9.599929116079592e-17,TRUE,
"REACTOME_MITOTIC_METAPHASE_AND_ANAPHASE",213,-0.4195159497457896,-2.145720408757379,9.097519038962897e-11,2.3566906462837218e-9,"PSMB5;PSMD3;ESPL1;NUP188;TUBA1B;PLK1;PSMC4;TUBB4B;EMD;CDC20;PSMD14;CDCA8;PSMD8;RAN;PSMA7;ANAPC11;CCNB2;ANAPC15;RCC2;TUBA1C;RCC1;INCENP;TUBA4A;LMNB1;RANGAP1;UBE2C;ADRM1;UBE2S;TUBB6;CENPM;BUB1B;CENPP;ANAPC5;ANAPC2;CENPO;CC2D1B;PPP2R5D;PSMB2;KIF2C;NUP85;PSMD2;SEC13;SMC1A;PPP2R1A;UBB;PSMC5;CCNB1;AURKB;ZWINT;UBA52;TUBAL3;CENPI;PSMB3;NUP62;PSMC3;BUB3;DYNC1H1;CDCA5;DYNC1I1;PSMB4;ANKLE2;PSMD7;LEMD2;NUP93;NUP37;ANAPC7;B9D2;NUP98;ERCC6L;PSMD11;CENPN;PSMA6",-2.3749949814941123,1.2953744296072513e-12,TRUE,
"REACTOME_THE_ROLE_OF_GTSE1_IN_G2_M_PROGRESSION_AFTER_G2_CHECKPOINT",58,-0.6334835608026386,-2.5954812328089045,1.4739377617078891e-10,3.6473804931497613e-9,"PSMB5;PSMD3;TUBA1B;PLK1;GTSE1;PSMC4;TUBB4B;PSMD14;PSMD8;PSMA7;CCNB2;TUBA1C;TUBA4A;ADRM1;TUBB6;PSMB2;PSMD2;UBB;PSMC5;CCNB1;UBA52;TUBAL3;PSMB3;PSMC3;PSMB4;PSMD7;PSMD11;PSMA6;PSMB6;PSMD6;PSMB7;HSP90AB1;PSMA5",-2.598915318353526,8.257144426207235e-10,TRUE,
"REACTOME_INFLUENZA_INFECTION",156,-0.46307674818941663,-2.287841124589387,1.4750435817885064e-10,3.6473804931497613e-9,"AAAS;NUP188;RPL19;RPLP0;RPS2;RPL4;RAN;POLR2E;KPNA2;RPS14;SLC25A6;CALR;RPS17;POLR2F;RPL26L1;POLR2H;RPS16;RPL3;RPL10;GTF2F1;RPL7A;NUP85;SEC13;RPS23;RPLP1;RAE1;POLR2L;FAU;POLR2D;RPS3;POLR2G;UBA52;NUP62;RPL41;CLTA;RPS26;POLR2C;RPL17;RPS4X;POLR2I;NUP93;RPS28;NUP37;RPS8;PABPN1;NUP98;RPL8;ISG15;RPL22L1;RPL18A;RPS21;RPL23;RPL36A;POM121C;RPL6;RPL18;RPS27L;RPL29;RPS15;GRSF1;RPS18;RPS11;NUP214;KPNB1;RPL10A;POLR2A;RPL5;NUP88;CPSF4;NDC1;RPS6;RPS5;RPL13;NUP210;RPL12",-2.3160182224868118,1.2458866886373672e-9,TRUE,
"REACTOME_MITOCHONDRIAL_PROTEIN_DEGRADATION",97,-0.544020373705775,-2.433353715627057,2.1995482370067543e-10,5.3180188485852195e-9,"IDH2;LONP1;SHMT2;PDHA1;PRELID1;TWNK;ATP5F1B;HSD17B10;ALDH2;ARG2;SLC25A5;ACO2;HSPA9;CLPP;COX5A;SLC25A6;MDH2;NDUFA13;CS;MRPS2;ATP5F1A;CHCHD2;NDUFV1;PCCB;NDUFS3;CLPX;ECH1;OGDH;TIMM22;ATP5F1C;HTRA2;NDUFS1;NDUFA2;ALDH1B1;IDH3A;HSPD1;ECI1;COX5B;TIMM10;BDH1;ALAS1;ALDH18A1;PMPCA;COX4I1;TRIAP1",-2.5799277970559937,1.8529620259083463e-11,TRUE,
"REACTOME_EUKARYOTIC_TRANSLATION_INITIATION",117,-0.5099307747661,-2.3734079949559415,2.6439668336011997e-10,6.253556336865446e-9,"EIF3D;RPL19;RPLP0;RPS2;RPL4;EIF3I;RPS14;EIF3G;RPS17;RPL26L1;EIF2B2;EIF2B3;RPS16;RPL3;RPL10;EIF2B4;RPL7A;RPS23;RPLP1;FAU;EIF3F;RPS3;EIF2B1;EIF2S2;EIF4EBP1;UBA52;RPL41;EIF3K;RPS26;EIF3J;RPL17;RPS4X;EIF4G1;EIF2S3;EIF3L;RPS28;RPS8;RPL8;RPL22L1;RPL18A;RPS21;RPL23;RPL36A;EIF3B;RPL6;RPL18;RPS27L;RPL29;RPS15;RPS18;RPS11;RPL10A;RPL5;RPS6;RPS5;RPL13;RPL12;EIF4B;RPL31;EIF3H;EIF2B5;EIF3A;EIF3M;RPL30;RPS24;RPS13",-2.3216492218222875,2.7967999619189866e-9,TRUE,
"REACTOME_MITOTIC_G2_G2_M_PHASES",184,-0.43332711362145127,-2.1779747125317215,3.1769308914045e-10,7.3542570422299915e-9,"TUBG1;PSMB5;PSMD3;TUBA1B;PLK1;GTSE1;FOXM1;PSMC4;TUBB4B;LIN37;PSMD14;E2F1;PSMD8;PSMA7;CCNB2;TUBA1C;PKMYT1;CSNK1E;TUBA4A;ACTR1A;ADRM1;TUBGCP2;TICRR;PPME1;FBXL18;TUBGCP6;TUBB6;AURKA;CEP250;TUBGCP5;PHLDA1;TUBGCP4;SSNA1;FZR1;PSMB2;AJUBA;PSMD2;CDK11B;PPP2R1A;UBB;CCNA2;PSMC5;CCNB1;CSNK1D;UBA52;TUBAL3;PSMB3;PSMC3;CDK11A;DYNC1H1;MYBL2;SFI1;TUBB;PSMB4;CEP131;PPP2R3B;HAUS7;MZT2A;CEP72;OFD1;DCTN2;PSMD7;TPX2;PSMD11;DCTN3;CDC25B;PSMA6;DYNLL1;HAUS8;PSMB6;PSMD6;PSMB7;RBX1;HSP90AB1;PSMA5;TUBG2;CDC25C;HJURP;CDC25A;BTRC;DCTN1;CKAP5",-2.292018438648636,1.4920616597344917e-10,TRUE,
"REACTOME_CELLULAR_RESPONSE_TO_STARVATION",149,-0.4636181252156712,-2.2645622366248053,5.005108581007393e-10,1.1344912783616759e-8,"NPRL3;ATF4;RPL19;CEBPB;RPLP0;MLST8;RPS2;WDR24;RPL4;TRIB3;RPTOR;ITFG2;RPS14;RPS17;RPL26L1;MTOR;EIF2AK4;RPS16;RPL3;RPL10;TCIRG1;DDIT3;SH3BP4;SESN2;RPL7A;ASNS;GCN1;SEC13;RPS23;RPLP1;LAMTOR1;FAU;ATP6V1F;RPS3;EIF2S2;UBA52;KPTN;RPL41;RPS26;RPL17;ATP6V0B;RPS4X;DEPDC5;EIF2S3;WDR59;LAMTOR5;RPS28;RPS8;ATP6V1E1;RPL8;RPL22L1;RPL18A;RPS21;RPL23;RPL36A;RPL6;ATP6V1C2;RPL18;RPS27L;RRAGA;RPL29;RPS15;RPS18;RPS11;RPL10A;NPRL2;RPL5;ATP6V0E2;RPS6;RPS5;RPL13",-2.176905708633278,5.028045729574076e-8,TRUE,
"REACTOME_SYNTHESIS_OF_DNA",107,-0.5085701545504951,-2.329567071907893,6.327877264215581e-10,1.4050470333605208e-8,"PSMB5;PSMD3;CDC45;PSMC4;MCM2;PSMD14;PSMD8;MCM5;PSMA7;ANAPC11;ANAPC15;POLE;CCNE1;POLD1;UBE2C;ADRM1;UBE2S;ANAPC5;ANAPC2;ORC1;FZR1;FEN1;PSMB2;CDC6;PSMD2;LIG1;MCM7;UBB;CCNA2;PSMC5;UBA52;PSMB3;PSMC3;ORC6;CDT1;PSMB4;PSMD7;ANAPC7;PSMD11;PSMA6;POLA1;DNA2;MCM3;POLE2;PSMB6;PSMD6;PSMB7;RBX1;POLD2;PSMA5;RFC5;GINS2;MCM6;PSMA3;PSMA4;CDC23;GMNN;MCM4;PRIM1;POLE4;GINS3;POLA2;SEM1;PCNA;PSMB1",-2.394872143133962,1.1694390153046948e-9,TRUE,
"REACTOME_TRANSCRIPTIONAL_REGULATION_BY_TP53",347,-0.3514762454137534,-1.9094444048961596,8.137928134022119e-10,1.7708131619632134e-8,"NOC2L;BID;STEAP3;CARM1;PRDX2;G6PD;PRMT1;PRELID1;AIFM2;GPI;NELFA;AKT2;PCBP4;MLST8;COX7B;BANP;E2F1;CCNE1;RPTOR;POLR2E;RABGGTA;CSNK2A2;PRELID3A;RAD51D;CNOT3;COX5A;AKT1;POLR2F;MTA2;NELFCD;PIDD1;POLR2H;BAX;RNF34;MTOR;AURKA;SUPT5H;EHMT1;TP53RK;SSRP1;GTF2F1;GATAD2A;TNFRSF10D;SESN2;ING5;LAMTOR1;POLR2L;PPP2R1A;POLR2D;UBB;PML;HDAC1;ARID3A;MAPKAP1;CCNA2;POU4F1;PRDX1;E2F4;CDKN2A;CNOT9;BRD1;CCNB1;COX8A;TAF8;TAF5;RBBP7;AURKB;DDIT4;TNFRSF10C;RAD9A;POLR2G;AGO2;UBA52;COX6A1;ERCC2;RAD50;ERCC3;AGO1;PRMT5;FANCI;TIGAR;POLR2C;PIP4P1;PRDX5;ZNF385A;MBD3;CDK5R1;CDK5;POLR2I;COX5B;LAMTOR5;BBC3;TAF10;MDM2;TPX2;TNFRSF10B;KMT5A;CHEK2;TAF9;RABGGTB;SCO2;E2F7;BRPF1;TAF6;MAPKAPK5;DNA2;COX4I1;NELFB;TRIAP1;YWHAQ;TAF4;CTDP1;EHMT2;YWHAH;COX4I2;BLM;STK11;COX7A1;CRADD;COX7C;KAT5;TNFRSF10A;CDC25C;RRAGA;PRKAG1;RFC5;GADD45A;COX6B1",-2.0969669581322403,1.4267385703030225e-11,TRUE,
"REACTOME_G_ALPHA_I_SIGNALLING_EVENTS",203,0.46029801623656214,2.1256074095204673,1.0260957928142521e-9,2.189004358003738e-8,"CCL19;CXCL13;CCR7;CCR4;RGS1;GPR183;CAMK4;CCR2;GPR18;CCR5;CCL28;CCR8;C3;GNG2;CXCR6;PDE4D;PRKAR2B;CCL5;GNGT2;P2RY14;RGS18;GPSM3;CXCL10;P2RY13;CXCL9;PYY;CX3CR1;CREB1;GNAQ;PLCB2;PDE1C;CCL13;GNB4;ITPR1;CXCL11;GNG7;S1PR4;CX3CL1;C3AR1;RGS17;RGS16;OPN3;SAA1;GNG12;CCR10;PRKAR1A;PDE1A;GNA15;SSTR2;RXFP4;GNG11;PPP2CB;PDE4B;SUCNR1;PPP3CA;PRKACB;FPR3;BDKRB2;ADORA3;TAS2R14;LPAR1;CAMK2D;PLCB1;CCL21;CCR1;CXCL16",2.2980995712512695,2.2130811334633124e-11,TRUE,
"REACTOME_CELL_CYCLE_CHECKPOINTS",268,-0.3750795514296446,-1.987662632639952,1.6217374914789702e-9,3.39317382832523e-8,"PSMB5;PSMD3;CDC45;PCBP4;PLK1;GTSE1;PSMC4;NSD2;MCM2;CDC20;PSMD14;CDCA8;PSMD8;MCM5;HERC2;PSMA7;ANAPC11;CCNB2;ANAPC15;RCC2;CCNE1;INCENP;PKMYT1;CSNK1E;RANGAP1;UBE2C;ADRM1;UBE2S;CENPM;BUB1B;CENPP;ANAPC5;ANAPC2;CENPO;ORC1;PPP2R5D;PSMB2;KIF2C;NUP85;CDC6;PSMD2;SEC13;MCM7;PPP2R1A;UBB;CCNA2;PSMC5;CDKN2A;CCNB1;H2AX;AURKB;ZWINT;TP53BP1;RAD9A;UBA52;CLSPN;CENPI;PSMB3;RAD50;PSMC3;BUB3;ORC6;DYNC1H1;ZNF385A;DYNC1I1;PSMB4;PSMD7;MCM10;MDM2;NUP37;ANAPC7;B9D2;NUP98;CHEK2;ERCC6L;PSMD11;CENPN;PIAS4;PSMA6;DNA2;DYNLL1;YWHAQ;MCM3;PSMB6;YWHAH;PSMD6;BLM;PSMB7;RBX1;PSMA5;KAT5;CDC25C;SKA1;RFC5;CDC25A;BTRC;CKAP5;PPP2R5B;BIRC5;CENPT;CLASP1",-2.2573126700732913,1.6527699353916414e-12,TRUE,
"REACTOME_SEPARATION_OF_SISTER_CHROMATIDS",168,-0.4375419157957855,-2.1834616040821926,1.98920312322781e-9,4.0834962227770894e-8,"PSMB5;PSMD3;ESPL1;TUBA1B;PLK1;PSMC4;TUBB4B;CDC20;PSMD14;CDCA8;PSMD8;PSMA7;ANAPC11;ANAPC15;RCC2;TUBA1C;INCENP;TUBA4A;RANGAP1;UBE2C;ADRM1;UBE2S;TUBB6;CENPM;BUB1B;CENPP;ANAPC5;ANAPC2;CENPO;PPP2R5D;PSMB2;KIF2C;NUP85;PSMD2;SEC13;SMC1A;PPP2R1A;UBB;PSMC5;AURKB;ZWINT;UBA52;TUBAL3;CENPI;PSMB3;PSMC3;BUB3;DYNC1H1;CDCA5;DYNC1I1;PSMB4;PSMD7;NUP37;ANAPC7;B9D2;NUP98;ERCC6L;PSMD11;CENPN;PSMA6;DYNLL1;PSMB6;PSMD6;PSMB7;PSMA5;SKA1;CKAP5;PPP2R5B;BIRC5;CENPT;CLASP1",-2.370199071706976,2.8106112086684513e-11,TRUE,
"REACTOME_PHOSPHORYLATION_OF_CD3_AND_TCR_ZETA_CHAINS",20,0.8405397248506667,2.484252903864759,2.092784755241467e-9,4.216573729079104e-8,"PTPRC;CD247;CD3G;CD3E;PTPN22;CD3D;CD4;HLA-DQA1;HLA-DPA1;HLA-DRA;PAG1;HLA-DQB2;HLA-DRB1;HLA-DQA2;HLA-DPB1;HLA-DRB5",2.527665308374779,6.3228429122530175e-9,TRUE,
"REACTOME_ACTIVATION_OF_APC_C_AND_APC_C_CDC20_MEDIATED_DEGRADATION_OF_MITOTIC_PROTEINS",63,-0.5962486007805196,-2.5003725263071552,2.471452149245283e-9,4.888981706143396e-8,"PSMB5;PSMD3;PLK1;PSMC4;CDC20;PSMD14;PSMD8;PSMA7;ANAPC11;ANAPC15;UBE2C;ADRM1;UBE2S;BUB1B;ANAPC5;ANAPC2;PSMB2;PSMD2;UBB;CCNA2;PSMC5;CCNB1;UBA52;PSMB3;PSMC3;BUB3;PSMB4;PSMD7;ANAPC7;PSMD11;PSMA6;PSMB6;PSMD6;PSMB7;PSMA5",-2.4780778186046297,5.210410443254127e-8,TRUE,
"REACTOME_MRNA_3_END_PROCESSING",148,-0.45448289910897566,-2.2165637571341925,2.592208573271487e-9,5.0362909423560314e-8,"SRSF9;THOC5;U2AF2;YBX1;SNRPF;DDX39A;PUF60;PPP1CA;PCBP1;POLR2E;CSTF2;SNRPA1;POLR2F;CHERP;SRRT;POLR2H;PHF5A;EIF4A3;GTF2F1;RNPS1;RBM10;PCBP2;HNRNPD;POLR2L;CPSF1;POLR2D;UBB;SNRPA;HNRNPM;POLDIP3;POLR2G;SUGP1;UBA52;MAGOH;THOC6;PTBP1;RBM17;POLR2C;ALYREF;SF3B4;SF3B3;POLR2I;TUT1;THOC3;PPP1R8;SRSF7;CASC3;PABPN1;UPF3B;DHX38;HNRNPF;SF3A1;CPSF6;SYMPK;SF3A2;SNRPC;CSTF1;SF3B2;SNRPB;RBMX;FUS;PPP1R10;POLR2A;SRSF4;SF3A3;HNRNPL;CLP1;CPSF4;HTATSF1;SF3B5",-2.4474105682981113,1.5111110417729923e-11,TRUE,
"REACTOME_RIBOSOME_QUALITY_CONTROL_RQC_COMPLEX_EXTRACTS_AND_DEGRADES_NASCENT_PEPTIDE",101,-0.5167675468218779,-2.3406130199463364,2.6727063282084545e-9,5.101586815948769e-8,"PSMB5;UFD1;PSMD3;RPL19;RPLP0;VCP;PSMC4;PSMD14;RPL4;PSMD8;PSMA7;ADRM1;RPL26L1;RPL3;RPL10;PSMB2;RPL7A;PSMD2;RPLP1;NPLOC4;UBB;PSMC5;UBA52;PSMB3;RPL41;PSMC3;RPL17;PSMB4;PSMD7;PSMD11;PSMA6;RPL8;UBE2D2;PSMB6;RPL22L1;RPL18A;PSMD6;PSMB7;RBX1;RPL23;RPL36A;PSMA5;RPL6;RPL18;RPL29;RPL10A;ELOB;RPL5;RPL13;PSMA3;RPL12;TCF25;PSMA4",-2.358696082092995,7.479728445627236e-9,TRUE,
"REACTOME_DNA_REPAIR",302,-0.3650334377467121,-1.9590819351667927,3.325380072105589e-9,6.237954342156691e-8,"UFD1;PPP5C;MCRS1;VCP;MUS81;NSD2;ACTR5;COPS7B;ASCC2;ALKBH2;RAD23A;HERC2;XRCC3;POLE;POLR2E;KDM4A;POLD1;RAD51D;KPNA2;GPS1;FANCA;FAAP100;ADPRS;XRCC1;POLR2F;POLR2H;EME1;PRPF19;CENPX;FEN1;UVSSA;ACTB;RAD51;LIG1;NPLOC4;RAD51C;POLR2L;TIPIN;POLR2D;SLX4;UBB;COPS7A;APEX1;PPP4C;CCNA2;POLL;SMUG1;TFPT;H2AX;TIMELESS;RUVBL1;PPIE;TP53BP1;FAAP24;RAD9A;POLR2G;UBA52;INO80E;CLSPN;DDB1;INO80;FAN1;ERCC2;MPG;RAD50;ERCC3;FANCB;FANCI;FANCE;POLR2C;RAD52;POLR2I;NFRKB;POLN;UNG;ALKBH5;EME2;POLM;XAB2;CHEK2;OGG1;COPS6;PIAS4;DNA2;PNKP;BAP1;PAXIP1;RAD23B;MUTYH;RTEL1;H2AJ;H2AC20;RNF4;POLE2;ERCC1;ISG15;MGMT;BLM;RBX1;POLD2;KAT5;MAD2L2;UBXN1;LIG3;RFC5;ACD;XRCC6",-2.0024868024985754,5.172245055954582e-9,TRUE,
"REACTOME_SELENOAMINO_ACID_METABOLISM",113,-0.48583546088510743,-2.2503098299891047,3.546676774108592e-9,6.540312424118895e-8,"MARS1;AHCY;RPL19;RPLP0;SARS1;RPS2;IARS1;RPL4;AIMP2;RPS14;RPS17;RPL26L1;SEPHS2;RPS16;RPL3;RPL10;RPL7A;RPS23;PSTK;RPLP1;MAT1A;FAU;RPS3;UBA52;RPL41;RPS26;CTH;RPL17;RPS4X;RPS28;RPS8;RPL8;EEFSEC;RPL22L1;RPL18A;KARS1;RPS21;RPL23;RPL36A;RPL6;RPL18;RPS27L;RPL29;RPS15;LARS1;RPS18;RPS11;RPL10A;RPL5;RPS6;RPS5;RPL13;RPL12;TXNRD1",-2.172543322872898,4.500788608057653e-7,TRUE,
"REACTOME_S_PHASE",149,-0.4477422465637411,-2.1870158394651296,4.254924030318562e-9,7.715595574977659e-8,"PSMB5;PSMD3;CDC45;AKT2;PSMC4;CDK4;MCM2;LIN37;PSMD14;E2F1;PSMD8;MCM5;CCND1;PSMA7;ANAPC11;ANAPC15;POLE;CCNE1;POLD1;UBE2C;ADRM1;AKT1;UBE2S;ANAPC5;ANAPC2;ORC1;FZR1;FEN1;PSMB2;CDC6;PSMD2;SMC1A;LIG1;MCM7;UBB;CCNA2;PSMC5;E2F4;UBA52;PSMB3;PSMC3;ORC6;CDCA5;CDT1;PSMB4;PSMD7;ANAPC7;PSMD11;CDC25B;PSMA6;POLA1;DNA2;MCM3;POLE2;PSMB6;PSMD6;PSMB7;RBX1;POLD2;PSMA5;RFC5;CDC25A",-2.2158059616559758,1.8335799627042783e-8,TRUE,
"REACTOME_MRNA_SPLICING",211,-0.3948638088122914,-2.0140080860505853,4.539742746408311e-9,8.097114931298757e-8,"SRSF9;DDX41;U2AF2;YBX1;SNRPF;PUF60;GPKOW;PCBP1;SNRNP200;PQBP1;POLR2E;SNRNP25;USP39;PPIL2;FAM50A;SF1;SNRPA1;SNU13;POLR2F;CHERP;EFTUD2;SRRT;CACTIN;POLR2H;ZMAT5;PDCD7;PHF5A;EIF4A3;GTF2F1;PRPF19;RNPS1;RBM10;PCBP2;LSM7;HNRNPD;DHX35;POLR2L;POLR2D;SNRPA;WBP11;HNRNPM;RNF113A;PPIE;TXNL4A;DDX23;POLR2G;SUGP1;SART1;MAGOH;PTBP1;RBM17;POLR2C;TFIP11;ALYREF;SF3B4;YJU2;SF3B3;POLR2I;RBM42;SNRNP40;LSM4;PPP1R8;ZRSR2;SRSF7;CASC3;UPF3B;DHX38;HNRNPF;XAB2;SF3A1;SF3A2;SNRPC;SF3B2;PPIL1;SNRPB;PRPF4;MFAP1;RBMX;DHX16;FUS;PRPF31;POLR2A;SRSF4;SF3A3;HNRNPL;PRPF8;HTATSF1;SF3B5",-2.38840709173587,3.927023181661536e-13,TRUE,
"REACTOME_M_PHASE",359,-0.33470878304740775,-1.8177332026234903,4.7053367557696696e-9,8.2571070810925807e-08,"TUBG1;AAAS;PSMB5;PSMD3;ESPL1;NUP188;TUBA1B;PLK1;PSMC4;TUBB4B;EMD;CDC20;PSMD14;CDCA8;PSMD8;KIF20A;RAN;PSMA7;ANAPC11;CCNB2;ANAPC15;RCC2;TUBA1C;CSNK2A2;RCC1;INCENP;CSNK1E;TUBA4A;LMNB1;RANGAP1;ACTR1A;UBE2C;ADRM1;NCAPH2;TUBGCP2;UBE2S;TUBGCP6;TUBB6;KIF23;CENPM;BUB1B;CENPP;CEP250;ANAPC5;TUBGCP5;ANAPC2;CENPO;TUBGCP4;SSNA1;CC2D1B;PPP2R5D;PSMB2;KIF2C;NUP85;PSMD2;NCAPH;SEC13;SMC1A;RAE1;PPP2R1A;UBB;PPP2R2D;PSMC5;CCNB1;H2AX;AURKB;NCAPD3;ZWINT;MAU2;CSNK1D;UBA52;TUBAL3;CENPI;PSMB3;LPIN3;NUP62;GORASP2;PSMC3;BUB3;NCAPG;DYNC1H1;CDCA5;RAB1B;SFI1;TUBB;PHF8;DYNC1I1;PSMB4;CEP131;HAUS7;MZT2A;CEP72;OFD1;ANKLE2;DCTN2;PSMD7;LEMD2;NUP93;NUP37;ANAPC7;B9D2;KMT5A;NUP98;ERCC6L;PSMD11;DCTN3;CENPN",-2.093623775651691,1.0318666417392615e-11,TRUE,
"REACTOME_NONSENSE_MEDIATED_DECAY_NMD",113,-0.4826942479361599,-2.2357602490173334,5.3123989095571245e-9,9.174428593012939e-8,"RPL19;RPLP0;RPS2;RPL4;RPS14;RPS17;RPL26L1;SMG9;RPS16;RPL3;RPL10;EIF4A3;RNPS1;SMG5;RPL7A;RPS23;RPLP1;FAU;GSPT2;PPP2R1A;RPS3;UBA52;MAGOH;UPF1;RPL41;RPS26;RPL17;RPS4X;EIF4G1;RPS28;RPS8;CASC3;UPF3B;RPL8;RPL22L1;RPL18A;RPS21;RPL23;RPL36A;RPL6;RPL18;RPS27L;RPL29;RPS15;RPS18;RPS11;RPL10A;RPL5;RPS6;RPS5;RPL13;RPL12",-2.2366039706704495,8.381187848065052e-8,TRUE,
"REACTOME_APC_C_MEDIATED_DEGRADATION_OF_CELL_CYCLE_PROTEINS",74,-0.5469771567792553,-2.3707278317016813,7.012108141405018e-9,1.192058384038853e-7,"PSMB5;PSMD3;PLK1;PSMC4;CDC20;PSMD14;PSMD8;PSMA7;ANAPC11;ANAPC15;UBE2C;ADRM1;UBE2S;BUB1B;AURKA;ANAPC5;ANAPC2;FZR1;PSMB2;PSMD2;UBB;CCNA2;PSMC5;CCNB1;AURKB;UBA52;PSMB3;PSMC3;BUB3;PSMB4;PSMD7;ANAPC7;PSMD11;PSMA6;PSMB6;PSMD6;PSMB7;PSMA5",-2.413855789090506,2.160217878461459e-8,TRUE,
"REACTOME_RESPONSE_OF_EIF2AK4_GCN2_TO_AMINO_ACID_DEFICIENCY",99,-0.49970285104863726,-2.253682520441973,7.128369079837288e-9,1.1931793167481492e-7,"ATF4;RPL19;CEBPB;RPLP0;RPS2;RPL4;TRIB3;RPS14;RPS17;RPL26L1;EIF2AK4;RPS16;RPL3;RPL10;DDIT3;RPL7A;ASNS;GCN1;RPS23;RPLP1;FAU;RPS3;EIF2S2;UBA52;RPL41;RPS26;RPL17;RPS4X;EIF2S3;RPS28;RPS8;RPL8;RPL22L1;RPL18A;RPS21;RPL23;RPL36A;RPL6;RPL18;RPS27L;RPL29;RPS15;RPS18;RPS11;RPL10A;RPL5;RPS6;RPS5;RPL13;RPL12",-2.2089183074972456,3.2747007653892394e-7,TRUE,
"REACTOME_SWITCHING_OF_ORIGINS_TO_A_POST_REPLICATIVE_STATE",78,-0.5501684657625515,-2.3746960621592095,8.888112027268427e-9,1.4651918008587951e-7,"PSMB5;PSMD3;PSMC4;MCM2;PSMD14;PSMD8;MCM5;PSMA7;ANAPC11;ANAPC15;CCNE1;UBE2C;ADRM1;UBE2S;ANAPC5;ANAPC2;ORC1;FZR1;PSMB2;CDC6;PSMD2;MCM7;UBB;CCNA2;PSMC5;UBA52;PSMB3;PSMC3;ORC6;CDT1;PSMB4;PSMD7;ANAPC7;PSMD11;PSMA6;MCM3;PSMB6;PSMD6;PSMB7;RBX1;PSMA5",-2.4505569738138404,1.5983916085467576e-8,TRUE,
"REACTOME_APC_C_CDH1_MEDIATED_DEGRADATION_OF_CDC20_AND_OTHER_APC_C_CDH1_TARGETED_PROTEINS_IN_LATE_MITOSIS_EARLY_G1",61,-0.5823667272345615,-2.4236092304883794,1.2032800684912113e-8,1.9539831559976687e-7,"PSMB5;PSMD3;PLK1;PSMC4;CDC20;PSMD14;PSMD8;PSMA7;ANAPC11;ANAPC15;UBE2C;ADRM1;UBE2S;AURKA;ANAPC5;ANAPC2;FZR1;PSMB2;PSMD2;UBB;PSMC5;AURKB;UBA52;PSMB3;PSMC3;PSMB4;PSMD7;ANAPC7;PSMD11;PSMA6;PSMB6;PSMD6;PSMB7;PSMA5",-2.4695453347403755,2.9375112989193477e-8,TRUE,
"REACTOME_CDK_MEDIATED_PHOSPHORYLATION_AND_REMOVAL_OF_CDC6",59,-0.5847762409341567,-2.4192663426463277,1.699938264644723e-8,2.7199012234315566e-7,"PSMB5;PSMD3;PSMC4;PSMD14;PSMD8;PSMA7;ANAPC11;ANAPC15;CCNE1;UBE2C;ADRM1;UBE2S;ANAPC5;ANAPC2;FZR1;PSMB2;CDC6;PSMD2;UBB;CCNA2;PSMC5;UBA52;PSMB3;PSMC3;PSMB4;PSMD7;ANAPC7;PSMD11;PSMA6;PSMB6;PSMD6;PSMB7;PSMA5",-2.4552997225291238,9.521206880435529e-8,TRUE,
"REACTOME_METABOLISM_OF_CARBOHYDRATES_AND_CARBOHYDRATE_DERIVATIVES",261,-0.3596682829378418,-1.9012221628567347,2.1195707829059526e-8,3.342163785219821e-7,"GAPDH;AAAS;G6PD;NUP188;PHKA2;GPI;HKDC1;HYAL2;GLYCTK;MAN2C1;ALDOA;AGRN;CHPF;TKFC;AKR1E2;TKT;B3GAT3;GALE;FUT1;HS6ST1;ENO1;CEMIP;B4GALT2;PCK2;GYG2;AKR1A1;PGK1;PKM;PRPS1;PFKM;TPI1;CSPG4;EXTL3;CHST14;GALT;PHKG1;B3GALT6;PKLR;PPP2R5D;DCXR;NUP85;SLC2A1;SEC13;B4GALT7;XYLT2;SLC35B2;HS3ST1;RAE1;ACAN;PPP2R1A;PC;GALK1;KHK;UBB;SGSH;GYS1;CSGALNACT1;GLB1L2;PFKP;G6PC3;CHST6;HAS3;HYAL3;TALDO1;SORD;PRPS2;ST3GAL2;UBA52;PYGM;SDC1;PGD;PHKA1;SLC26A1;NUP62;HSPG2;GPC4;GLCE;ENO3;ALDOC;B3GNT4;CHST12;GNPDA1;GALNS;NUP93;IDUA;NUP37;PGAM1;HS6ST2",-1.7339541371584448,2.2029565345275035e-5,TRUE,
"REACTOME_TRNA_PROCESSING",114,-0.471987848380933,-2.187010893048992,2.270211078952911e-8,3.5224870732579155e-7,"PUS1;AAAS;NUP188;HSD17B10;FTSJ1;TRMT1;TRMT112;YRDC;RTCB;RAN;TRMT61A;RPP38;CSTF2;TSEN34;POP5;LAGE3;TRMU;ELAC2;TP53RK;THG1L;CTU1;LCMT2;XPOT;NUP85;SEC13;RAE1;CPSF1;OSGEP;QNG1;METTL1;WDR4;GTPBP3;ADAT3;QTRT1;RPP25;CTU2;NUP62;RPP21;NUP93;NUP37;POP7;NUP98;TRMT44;NSUN2;POM121C;URM1;NUP214;TRIT1;CLP1;NUP88;CPSF4;RPP40;NDC1;NUP210;TSEN54",-2.2932027095479897,1.5983916085467576e-8,TRUE,
"REACTOME_EUKARYOTIC_TRANSLATION_ELONGATION",90,-0.5127474635588606,-2.293847554889879,2.2986818217032354e-8,3.5224870732579155e-7,"RPL19;RPLP0;EEF2;RPS2;RPL4;RPS14;RPS17;RPL26L1;RPS16;RPL3;RPL10;EEF1D;RPL7A;RPS23;RPLP1;FAU;RPS3;UBA52;RPL41;RPS26;RPL17;RPS4X;RPS28;RPS8;RPL8;RPL22L1;RPL18A;RPS21;RPL23;RPL36A;RPL6;RPL18;RPS27L;RPL29;RPS15;RPS18;RPS11;EEF1A1;RPL10A;RPL5;EEF1A2;RPS6;RPS5;RPL13;RPL12",-2.1803309636005475,2.5643111238802925e-6,TRUE,
"REACTOME_MITOTIC_G1_PHASE_AND_G1_S_TRANSITION",137,-0.4537294786969795,-2.1716023255228496,2.3780025480437587e-8,3.5934260725994575e-7,"PSMB5;PSMD3;CDC45;AKT2;TYMS;CDKN1C;PSMC4;CDK4;MCM2;LIN37;PSMD14;E2F1;PSMD8;MCM5;CCND1;PSMA7;POLE;CCNE1;ADRM1;AKT1;CDKN2D;ORC1;PSMB2;CDC6;PSMD2;MCM7;PPP2R1A;UBB;SRC;HDAC1;CCNA2;PSMC5;E2F4;CDKN2A;CCNB1;UBA52;PSMB3;PSMC3;CCND2;ORC6;MYBL2;CDT1;PSMB4;PPP2R3B;PSMD7;MCM10;PSMD11;RRM2;PSMA6;POLA1;MCM3;POLE2;PSMB6;PSMD6;PSMB7;TK1;PSMA5;CCND3;CDC25A",-2.192670435969198,1.1010961174059415e-7,TRUE,
"REACTOME_CHEMOKINE_RECEPTORS_BIND_CHEMOKINES",46,0.6591818496694433,2.407645044415591,2.4292632719776358e-8,3.6206006026187226e-7,"CCL19;CXCL13;CCR7;CCR4;CCR2;CCR5;CCL22;CCL28;CCR8;CXCR6;CCL5;XCR1;CXCL10;CXCL9;CX3CR1;ACKR4;CCL13;CXCL11;CX3CL1;CCL11;ACKR2;CCR10",2.722743606112021,1.9987116069484774e-11,TRUE,
"REACTOME_DNA_REPLICATION",148,-0.4326883727956178,-2.1102694230133543,4.3634736542823495e-8,6.415485588998914e-7,"PSMB5;PSMD3;TWNK;CDC45;POLG;PSMC4;MCM2;PSMD14;PSMD8;MCM5;PSMA7;ANAPC11;ANAPC15;POLE;CCNE1;POLD1;UBE2C;ADRM1;UBE2S;POLRMT;ANAPC5;ANAPC2;ORC1;FZR1;FEN1;PSMB2;CDC6;PSMD2;LIG1;MCM7;UBB;CCNA2;PSMC5;H2AX;UBA52;PSMB3;PSMC3;ORC6;CDT1;PSMB4;PSMD7;MCM10;ANAPC7;PSMD11;PSMA6;POLA1;DNA2;MCM3;H2AJ;H2AC20;POLE2;PSMB6;PSMD6;PSMB7;RBX1;POLD2;PSMA5;LIG3;RFC5;KPNB1;GINS2",-2.1613724487035118,5.210410443254127e-8,TRUE,
"REACTOME_TRNA_AMINOACYLATION",42,-0.6376939136044117,-2.404737116743102,5.7804972324894216e-8,8.385574651931321e-7,"MARS1;YARS1;CARS1;SARS1;HARS1;IARS1;YARS2;AARS1;FARSA;AIMP2;PARS2;CARS2;MARS2;SARS2;GARS1;VARS1;LARS2;NARS1;HARS2;EARS2;AARS2;WARS2;NARS2;KARS1;VARS2;DARS2;LARS1",-2.387644325466627,8.314045606785136e-7,TRUE,
"REACTOME_SIGNALING_BY_ROBO_RECEPTORS",195,-0.395234322804521,-1.9992478225395385,5.971609806523206e-8,8.548830880917432e-7,"MSI1;PSMB5;PSMD3;RPL19;NCK2;RPLP0;PAK4;PSMC4;RPS2;PSMD14;RPL4;PSMD8;PSMA7;RPS14;ADRM1;PAK6;ARHGAP39;RPS17;RPL26L1;RPS16;RPL3;RPL10;EIF4A3;RNPS1;LDB1;PSMB2;RPL7A;PSMD2;NELL2;RPS23;RPLP1;FAU;GSPT2;UBB;SRC;PSMC5;RPS3;UBA52;MAGOH;ZSWIM8;PSMB3;DAG1;RPL41;PSMC3;RPS26;RPL17;RPS4X;PSMB4;EIF4G1;PSMD7;RPS28;RPS8;CASC3;UPF3B;SRGAP3;PSMD11;PSMA6;RPL8;PSMB6;RPL22L1;RPL18A;PSMD6;RPS21;PSMB7;RBX1;RPL23;RPL36A;VASP;PSMA5;RPL6;RPL18;RPS27L;RPL29;RPS15;RPS18;RPS11;RPL10A;CLASP1;ELOB;RPL5;PFN1;RPS6;RPS5;RPL13;PSMA3;RPL12",-1.9441000993551978,1.1784274328011996e-6,TRUE,
"REACTOME_ADHERENS_JUNCTIONS_INTERACTIONS",194,-0.3949695512100727,-1.9987591778777467,7.540778825612185e-8,1.0655022548397475e-6,"ACTG2;PSMB5;PSMD3;CTBP1;SMARCA4;PVR;CDH24;ILF3;PSMC4;BANP;TCF3;PSMD14;PSMD8;PSMA7;STRAP;POMT2;CSNK2A2;DDOST;PCSK6;RPN2;ADRM1;NECTIN1;RACK1;PKM;ACTG1;ACTC1;ACTA1;SNAI1;OST4;PRKCSH;PSMB2;ACTB;PSMD2;MOGS;CTNNA1;UBB;CTBP2;SRC;HDAC1;PSMC5;DNM2;H2AX;RBBP7;AGO2;UBA52;PSMB3;AGO1;PSMC3;ACTA2;KDM1A;FURIN;RPN1;PSMB4;PSMD7;MDM2;CDH3;GANAB;NECTIN2;DNTTIP1;KMT5A;MYCN;PSMD11;PSMA6;FOXQ1;CADM1;TCF12;CDH2;H2AJ;H2AC20;ADAM33;ARID1A;PSMB6;PSMD6;PSMB7;PSMA5;MCRIP1;TFAP2A",-2.0012256603025107,8.78276043416206e-7,TRUE,
"REACTOME_UBIQUITIN_DEPENDENT_DEGRADATION_OF_CYCLIN_D",39,-0.6438660285090549,-2.4291269405734144,9.18004621899483e-8,1.2804987546495353e-6,"PSMB5;PSMD3;PSMC4;CDK4;PSMD14;PSMD8;CCND1;PSMA7;ADRM1;PSMB2;PSMD2;UBB;PSMC5;UBA52;PSMB3;PSMC3;PSMB4;PSMD7;PSMD11;PSMA6;PSMB6;PSMD6;PSMB7;PSMA5",-2.445282999944622,8.147449441539679e-7,TRUE,
"REACTOME_REGULATION_OF_HOMOTYPIC_CELL_CELL_ADHESION",179,-0.3951763800871683,-1.9824065593580238,1.0136444297756372e-7,1.3960065058175865e-6,"ACTG2;PSMB5;PSMD3;CTBP1;SMARCA4;CDH24;ILF3;PSMC4;BANP;TCF3;PSMD14;PSMD8;PSMA7;STRAP;POMT2;CSNK2A2;DDOST;PCSK6;RPN2;ADRM1;RACK1;PKM;ACTG1;ACTC1;ACTA1;SNAI1;OST4;PRKCSH;PSMB2;ACTB;PSMD2;MOGS;CTNNA1;UBB;CTBP2;SRC;HDAC1;PSMC5;DNM2;H2AX;RBBP7;AGO2;UBA52;PSMB3;AGO1;PSMC3;ACTA2;KDM1A;FURIN;RPN1;PSMB4;PSMD7;MDM2;GANAB;DNTTIP1;KMT5A;MYCN;PSMD11;PSMA6;FOXQ1;TCF12;H2AJ;H2AC20;ADAM33;ARID1A;PSMB6;PSMD6;PSMB7;PSMA5;MCRIP1;TFAP2A",-2.022856496665539,9.99002552412078e-7,TRUE,
"REACTOME_MRNA_POLYADENYLATION",126,-0.4474423536933696,-2.1214331745574135,1.317051743224856e-7,1.7911903707858042e-6,"SRSF9;U2AF2;YBX1;SNRPF;PUF60;PPP1CA;PCBP1;POLR2E;CSTF2;SNRPA1;POLR2F;CHERP;SRRT;POLR2H;PHF5A;GTF2F1;RBM10;PCBP2;HNRNPD;POLR2L;CPSF1;POLR2D;UBB;SNRPA;HNRNPM;POLR2G;SUGP1;UBA52;PTBP1;RBM17;POLR2C;SF3B4;SF3B3;POLR2I;TUT1;PPP1R8;SRSF7;PABPN1;HNRNPF;SF3A1;CPSF6;SYMPK;SF3A2;SNRPC;CSTF1;SF3B2;SNRPB;RBMX;FUS;PPP1R10;POLR2A;SRSF4;SF3A3;HNRNPL;CLP1;CPSF4;HTATSF1;SF3B5",-2.3558280700293364,1.5175356345571368e-9,TRUE,
"REACTOME_SPOP_MEDIATED_PROTEASOMAL_DEGRADATION_OF_PD_L1_CD274",46,-0.6072382149843216,-2.340953247843238,1.3441800928935856e-7,1.8055159766274334e-6,"PSMB5;PSMD3;PSMC4;CDK4;PSMD14;PSMD8;CCND1;PSMA7;CSNK2A2;ADRM1;PSMB2;PSMD2;UBB;PSMC5;UBA52;PSMB3;PSMC3;PSMB4;PSMD7;PSMD11;PSMA6;PSMB6;PSMD6;PSMB7;RBX1;PSMA5",-2.435211649828284,5.092092352359252e-7,TRUE,
"REACTOME_INTERFERON_GAMMA_SIGNALING",88,0.5307470339119753,2.169036188703404,1.5688165021821677e-7,2.0815516516758516e-6,"IRF4;TRIM38;GBP4;VCAM1;HLA-DQA1;GBP5;GBP2;HLA-DPA1;HLA-E;SP100;GBP1;TRIM22;IRF6;HLA-DRA;GBP3;CIITA;HLA-DQB2;HLA-DRB1;HLA-C;HLA-DQA2;IRF2;B2M;HLA-DPB1;STAT1;HLA-DRB5;JAK2;HLA-B;TRIM6;HLA-F;IRF1;NCAM1;TRIM17;CAMK2D;PTPN2;PTAFR;TRIM2;TRIM31;HLA-DQB1;JAK1",2.3311706326469244,2.8089442419650092e-8,TRUE,
"REACTOME_ORC1_REMOVAL_FROM_CHROMATIN",57,-0.5826117168724231,-2.3688515206296326,1.8330753827477511e-7,2.4028747185898232e-6,"PSMB5;PSMD3;PSMC4;MCM2;PSMD14;PSMD8;MCM5;PSMA7;ADRM1;ORC1;PSMB2;CDC6;PSMD2;MCM7;UBB;CCNA2;PSMC5;UBA52;PSMB3;PSMC3;ORC6;CDT1;PSMB4;PSMD7;PSMD11;PSMA6;MCM3;PSMB6;PSMD6;PSMB7;RBX1;PSMA5",-2.407078612867981,1.9914399819690506e-7,TRUE,
"REACTOME_FBXL7_DOWN_REGULATES_AURKA_DURING_MITOTIC_ENTRY_AND_IN_EARLY_MITOSIS",42,-0.6230359546452656,-2.3494621059381195,2.079894273846257e-7,2.6939582975532474e-6,"PSMB5;PSMD3;PSMC4;PSMD14;PSMD8;PSMA7;ADRM1;FBXL18;AURKA;PSMB2;PSMD2;UBB;PSMC5;UBA52;PSMB3;PSMC3;PSMB4;PSMD7;PSMD11;PSMA6;PSMB6;PSMD6;PSMB7;RBX1;PSMA5",-2.3072570607532654,4.173588007204508e-6,TRUE,
"REACTOME_CELLULAR_RESPONSE_TO_CHEMICAL_STRESS",188,-0.3816806248720042,-1.922077771515904,2.276618815035794e-7,2.9140720832458164e-6,"CARM1;PRDX2;G6PD;PSMB5;UFD1;PSMD3;ATF4;AKT2;AMER1;VCP;COX7B;PSMC4;P4HB;NCOR2;DPP3;TKT;PSMD14;PSMD8;KEAP1;PSMA7;ABCC1;CSNK2A2;COX5A;ADRM1;AKT1;GSTP1;TXN2;TBL1X;HMOX2;NOTCH1;SESN2;BCL2L1;PSMB2;PSMD2;NPLOC4;NUDT2;UBB;PRDX3;BLVRB;PRDX1;PSMC5;CDKN2A;COX8A;MAFG;TALDO1;UBA52;COX6A1;PGD;PSMB3;SIN3B;PSMC3;PRDX5;PSMB4;COX5B;HDAC3;PSMD7;HM13;ABCF2;PSMD11;PSMA6;RELA;NCOA6;COX4I1;GPX7;SQSTM1;IDH1;PSMB6;COX4I2;TXNRD2;PSMD6;PSMB7;RBX1;COX7A1;GCLM;COX7C;GPX1;PSMA5;AREG;SIN3A;COX6B1;BTRC",-1.9040826624916891,7.438389845628554e-6,TRUE,
"REACTOME_METABOLISM_OF_POLYAMINES",46,-0.597435784165564,-2.3031640710495447,2.9412080873613215e-7,3.7209702314524623e-6,"PSMB5;PSMD3;SRM;PSMC4;PSMD14;PSMD8;SMOX;PSMA7;ODC1;ADRM1;PSMB2;PSMD2;PSMC5;AGMAT;PSMB3;PSMC3;OAZ2;PSMB4;SMS;PSMD7;PSMD11;PSMA6;PSMB6;PSMD6;PSMB7;PSMA5;SAT1",-2.3577290428796567,2.6633139902245536e-6,TRUE,
"REACTOME_G2_M_CHECKPOINTS",136,-0.4219484152177474,-2.009775676442841,3.172848580309995e-7,3.967884201583074e-6,"PSMB5;PSMD3;CDC45;GTSE1;PSMC4;NSD2;MCM2;PSMD14;PSMD8;MCM5;HERC2;PSMA7;CCNB2;PKMYT1;ADRM1;ORC1;PSMB2;CDC6;PSMD2;MCM7;UBB;CCNA2;PSMC5;CCNB1;H2AX;TP53BP1;RAD9A;UBA52;CLSPN;PSMB3;RAD50;PSMC3;ORC6;PSMB4;PSMD7;MCM10;CHEK2;PSMD11;PIAS4;PSMA6;DNA2;YWHAQ;MCM3;PSMB6;YWHAH;PSMD6;BLM;PSMB7;PSMA5;KAT5;CDC25C;RFC5;CDC25A",-2.207589726030097,3.8382138340286186e-8,TRUE,
"REACTOME_PTEN_REGULATION",125,-0.4331970067076446,-2.0504888352633293,3.281452141982259e-7,4.057068102814429e-6,"MTA1;PSMB5;PSMD3;AKT2;MLST8;PSMC4;STUB1;PSMD14;PSMD8;PSMA7;RPTOR;CSNK2A2;ADRM1;AKT1;MTA2;ATN1;MTOR;SNAI1;GATAD2A;PSMB2;PSMD2;LAMTOR1;UBB;PML;HDAC1;PSMC5;RBBP7;AGO2;USP13;UBA52;MAF1;PSMB3;AGO1;PSMC3;KDM1A;MBD3;PSMB4;PHC2;HDAC3;PSMD7;LAMTOR5;PSMD11;PSMA6;CBX2;CBX8;PSMB6;PSMD6;PSMB7;CBX6;PSMA5",-2.2364491132936406,3.4739264056785336e-8,TRUE,
"REACTOME_SRP_DEPENDENT_COTRANSLATIONAL_PROTEIN_TARGETING_TO_MEMBRANE",110,-0.4546268688947401,-2.0832030696825248,3.5076930160971556e-7,4.288056181476073e-6,"RPL19;RPLP0;RPS2;RPL4;DDOST;RPN2;RPS14;RPS17;RPL26L1;SRPRA;RPS16;RPL3;RPL10;SRP14;RPL7A;RPS23;RPLP1;FAU;SEC61A1;SSR4;RPS3;UBA52;SEC61A2;RPL41;RPS26;RPN1;RPL17;RPS4X;RPS28;RPS8;RPL8;RPL22L1;RPL18A;SEC61B;RPS21;RPL23;RPL36A;RPL6;RPL18;RPS27L;RPL29;RPS15;RPS18;RPS11;RPL10A;SEC11A;RPL5;RPS6;RPS5;RPL13;RPL12",-2.13039527044463,1.1027660217587731e-6,TRUE,
"REACTOME_REGULATION_OF_CDH1_FUNCTION",60,-0.5510698477578629,-2.2733276602186243,4.3167073767846484e-7,5.218419584379664e-6,"ACTG2;PSMB5;PSMD3;PSMC4;BANP;PSMD14;PSMD8;PSMA7;ADRM1;RACK1;ACTG1;ACTC1;ACTA1;PSMB2;ACTB;PSMD2;CTNNA1;UBB;SRC;PSMC5;DNM2;UBA52;PSMB3;PSMC3;ACTA2;PSMB4;PSMD7;MDM2;PSMD11;PSMA6;PSMB6;PSMD6;PSMB7;PSMA5",-2.3008922842916393,1.9654457437898386e-6,TRUE,
"REACTOME_SCF_SKP2_MEDIATED_DEGRADATION_OF_P27_P21",49,-0.5786247398431581,-2.2693801145654335,4.56336911431802e-7,5.455984171843962e-6,"PSMB5;PSMD3;PSMC4;CDK4;PSMD14;PSMD8;CCND1;PSMA7;CCNE1;ADRM1;PSMB2;PSMD2;UBB;CCNA2;PSMC5;UBA52;PSMB3;PSMC3;PSMB4;PSMD7;PSMD11;PSMA6;PSMB6;PSMD6;PSMB7;PSMA5",-2.3102696894295724,2.5562209371799346e-6,TRUE,
"REACTOME_PEPTIDE_LIGAND_BINDING_RECEPTORS",109,0.4975253619837069,2.1022465726419126,5.071521592297185e-7,5.997625535238409e-6,"CCL19;CXCL13;CCR7;CCR4;CCR2;CCR5;CCL22;CCL28;CCR8;C3;CXCR6;CCL5;XCR1;CXCL10;CXCL9;PYY;CX3CR1;ACKR4;CCL13;CXCL11;EDNRB;CX3CL1;C3AR1;CCL11;INSL3;SAA1;ACKR2;CCR10;F2R;EDN1;SSTR2;RXFP4;TAC1;CCL2;FPR3;BDKRB2;EDN3;CCL21;CCR1;CXCL16;GHRL",2.4425616726336012,4.710948217167956e-10,TRUE,
"REACTOME_AUF1_HNRNP_D0_BINDS_AND_DESTABILIZES_MRNA",42,-0.6121908046263471,-2.3085651579968554,5.318257523543872e-7,6.221789446898638e-6,"PSMB5;PSMD3;PSMC4;PSMD14;PSMD8;PSMA7;ADRM1;PSMB2;PSMD2;HNRNPD;UBB;PSMC5;UBA52;PSMB3;PSMC3;PSMB4;EIF4G1;PSMD7;PSMD11;PSMA6;PSMB6;PSMD6;PSMB7;PSMA5;HSPB1",-2.289753362390345,6.038885668344995e-6,TRUE,
"REACTOME_SCF_BETA_TRCP_MEDIATED_DEGRADATION_OF_EMI1",42,-0.6120084078914649,-2.3078773418063814,5.561837210214524e-7,6.437530728418513e-6,"PSMB5;PSMD3;PSMC4;CDC20;PSMD14;PSMD8;PSMA7;ADRM1;FZR1;PSMB2;PSMD2;UBB;PSMC5;UBA52;PSMB3;PSMC3;PSMB4;PSMD7;PSMD11;PSMA6;PSMB6;PSMD6;PSMB7;PSMA5;BTRC",-2.285651203134437,6.246276548157392e-6,TRUE,
"REACTOME_KEAP1_NFE2L2_PATHWAY",111,-0.441797092050533,-2.036081488322027,6.651537194265122e-7,7.6177604919583704e-6,"G6PD;PSMB5;UFD1;PSMD3;ATF4;AKT2;AMER1;VCP;PSMC4;DPP3;TKT;PSMD14;PSMD8;KEAP1;PSMA7;ABCC1;CSNK2A2;ADRM1;AKT1;NOTCH1;SESN2;BCL2L1;PSMB2;PSMD2;NPLOC4;UBB;PRDX1;PSMC5;CDKN2A;MAFG;TALDO1;UBA52;PGD;PSMB3;PSMC3;PSMB4;PSMD7;ABCF2;PSMD11;PSMA6;RELA;SQSTM1;IDH1;PSMB6;PSMD6;PSMB7;RBX1;GCLM;PSMA5;AREG;BTRC",-2.0971429767346215,1.30780328866542e-6,TRUE,
"REACTOME_CYTOSOLIC_TRNA_AMINOACYLATION",24,-0.7157381414218953,-2.387211427524717,8.46344443474591e-7,9.591903692712032e-6,"MARS1;YARS1;CARS1;SARS1;HARS1;IARS1;AARS1;FARSA;AIMP2;GARS1;VARS1",-2.259508792129889,8.261937944193968e-5,TRUE,
"REACTOME_DNA_REPLICATION_PRE_INITIATION",114,-0.43654636992660445,-2.022788657855301,8.827527414595571e-7,9.901391574309258e-6,"PSMB5;PSMD3;CDC45;PSMC4;MCM2;PSMD14;PSMD8;MCM5;PSMA7;ANAPC11;ANAPC15;POLE;UBE2C;ADRM1;UBE2S;ANAPC5;ANAPC2;ORC1;FZR1;PSMB2;CDC6;PSMD2;MCM7;UBB;PSMC5;H2AX;UBA52;PSMB3;PSMC3;ORC6;CDT1;PSMB4;PSMD7;MCM10;ANAPC7;PSMD11;PSMA6;POLA1;MCM3;H2AJ;H2AC20;POLE2;PSMB6;PSMD6;PSMB7;PSMA5",-2.0629380757886566,3.0184098409119613e-6,TRUE,
"REACTOME_CONSTITUTIVE_SIGNALING_BY_ABERRANT_PI3K_IN_CANCER",67,0.5533399560267519,2.1541090805159095,9.321153609726797e-7,1.0348382783043628e-5,"CD19;TRAT1;CD28;PIK3CG;ICOS;ESR1;PIK3CD;VAV1;HGF;PDGFRA;HBEGF;ESR2;CD80;CD86;GAB1;KITLG;PIK3R6;FGF7;PIK3CA;STRN;KLB;RAC2;NRG1;PIK3R5;FGF9;FRS2;MET;PDGFA;PIK3AP1;FYN;FGF1;BTC;FGF10;RAC1;EGFR;FGFR2;PIK3CB;ERBB3",2.16349137346809,1.3798441795589272e-5,TRUE,
"REACTOME_DEGRADATION_OF_DVL",44,-0.5889598026493864,-2.252103726687707,9.816871617860489e-7,1.0788642747709305e-5,"PSMB5;PSMD3;DVL1;PSMC4;PSMD14;PSMD8;PSMA7;ADRM1;PSMB2;PSMD2;DVL3;UBB;PSMC5;UBA52;PSMB3;PSMC3;PSMB4;PSMD7;PSMD11;PSMA6;PSMB6;PSMD6;PSMB7;RBX1;PSMA5",-2.231550409266166,1.1192421419783705e-5,TRUE,
"REACTOME_COOPERATION_OF_PREFOLDIN_AND_TRIC_CCT_IN_ACTIN_AND_TUBULIN_FOLDING",27,-0.6819823217200275,-2.3500580374885987,1.1283167464775318e-6,1.2276086201675547e-5,"CCT7;TUBA1B;TUBB4B;TUBA1C;CCT5;CCT2;PFDN2;TUBA4A;TUBB6;ACTB;TCP1;TUBAL3;CCT4;CCT3;CCT6A;PFDN1",-2.3795291905803313,5.4769314308195144e-6,TRUE,
"REACTOME_P53_DEPENDENT_G1_DNA_DAMAGE_RESPONSE",52,-0.5610037678379813,-2.2348542943847063,1.3549934244290313e-6,1.4596364809690952e-5,"PSMB5;PSMD3;PCBP4;PSMC4;PSMD14;PSMD8;PSMA7;CCNE1;ADRM1;PSMB2;PSMD2;UBB;CCNA2;PSMC5;CDKN2A;UBA52;PSMB3;PSMC3;ZNF385A;PSMB4;PSMD7;MDM2;CHEK2;PSMD11;PSMA6;PSMB6;PSMD6;PSMB7;PSMA5",-2.3562346527080247,1.0885213798380216e-6,TRUE,
"REACTOME_COPI_DEPENDENT_GOLGI_TO_ER_RETROGRADE_TRAFFIC",89,-0.4662284640272893,-2.0819170263690214,1.5959526315168596e-6,1.7023494736179835e-5,"KIF18B;KLC2;TUBA1B;KIF4A;TUBB4B;KIF20A;TUBA1C;TUBA4A;COPE;ARF1;TUBB6;KIF23;ARF5;KIF2C;ARFGAP1;TMED3;KIFC1;SURF4;COPG1;TMED9;TUBAL3;KIFC2;KLC3;RAB1B;GBF1;STX18;KLC1;KIF22;KIF26B;KIF3C;RACGAP1;COPZ1;BNIP1;USE1;KIF1A;KIF1C;KIF26A;KIF21A;KLC4;NAPA;KIF3B;KIF12;KDELR1",-1.8404409110542368,4.155421364164747e-4,TRUE,
"REACTOME_CYCLIN_A_CDK2_ASSOCIATED_EVENTS_AT_S_PHASE_ENTRY",74,-0.4875531093269876,-2.11317001338806,1.6767182994972894e-6,1.771135446459273e-5,"PSMB5;PSMD3;AKT2;PSMC4;CDK4;LIN37;PSMD14;E2F1;PSMD8;CCND1;PSMA7;CCNE1;ADRM1;AKT1;FZR1;PSMB2;PSMD2;UBB;CCNA2;PSMC5;E2F4;UBA52;PSMB3;PSMC3;PSMB4;PSMD7;PSMD11;CDC25B;PSMA6;PSMB6;PSMD6;PSMB7;PSMA5",-2.144047530622582,5.39257163463675e-6,TRUE,
"REACTOME_NUCLEAR_EVENTS_MEDIATED_BY_NFE2L2",85,-0.46560011219358427,-2.0461453430659584,1.9551979781905837e-6,2.045437884876303e-5,"G6PD;PSMB5;PSMD3;ATF4;PSMC4;TKT;PSMD14;PSMD8;KEAP1;PSMA7;ABCC1;ADRM1;NOTCH1;BCL2L1;PSMB2;PSMD2;UBB;PRDX1;PSMC5;CDKN2A;MAFG;TALDO1;UBA52;PGD;PSMB3;PSMC3;PSMB4;PSMD7;ABCF2;PSMD11;PSMA6;RELA;SQSTM1;IDH1;PSMB6;PSMD6;PSMB7;RBX1;GCLM;PSMA5;AREG;BTRC;PSMA3;PRKAA2;TXNRD1;TXN;MAFK;PSMA4;GSR;EP300",-2.0331095146852625,2.4082162933340953e-5,TRUE,
"REACTOME_DEGRADATION_OF_BETA_CATENIN_BY_THE_DESTRUCTION_COMPLEX",72,-0.49796279455731834,-2.130334245026218,2.0331682658975346e-6,2.106749593615731e-5,"PSMB5;PSMD3;CTBP1;AMER1;PSMC4;PSMD14;PSMD8;PSMA7;AXIN1;ADRM1;TLE3;PPP2R5D;PSMB2;PSMD2;PPP2R1A;UBB;CTBP2;HDAC1;PSMC5;UBA52;TCF7;PSMB3;PSMC3;PSMB4;TLE2;PSMD7;TLE5;AXIN2;PSMD11;PSMA6;PSMB6;PSMD6;PSMB7;RBX1;PSMA5;BTRC;PPP2R5B;FRAT2",-2.1749542573873755,6.592504240180699e-6,TRUE,
"REACTOME_UCH_PROTEINASES",76,-0.4890145275040392,-2.1147200092066587,2.091562132542111e-6,2.146810943590393e-5,"PSMB5;PSMD3;MCRS1;PSMC4;ACTR5;FOXK2;HCFC1;PSMD14;PSMD8;PSMA7;ADRM1;PSMB2;ACTB;PSMD2;UBB;PSMC5;TFPT;RUVBL1;UBA52;INO80E;INO80;PSMB3;PSMC3;PSMB4;NFRKB;ASXL1;PSMD7;PSMD11;FOXK1;PSMA6;MBD6;BAP1;H2AC20;PSMB6;PSMD6;PSMB7;PSMA5",-2.1813583661285287,5.338946174238873e-6,TRUE,
"REACTOME_NEDDYLATION",216,-0.34976644067886004,-1.7865704992355746,2.1299089726414797e-6,2.165739217041056e-5,"PSMB5;FBXO22;UFD1;PSMD3;AMER1;VCP;FBXO2;PSMC4;COPS7B;KLHL25;LRRC41;DPP3;FBXO27;PSMD14;PSMD8;KEAP1;KLHL21;PSMA7;CCNF;FBXL14;CCDC22;ASB1;ANKRD9;FBXO21;GPS1;ADRM1;HIF3A;FBXL18;FBXW9;FBXO44;WDR5;PSMB2;PSMD2;COMMD4;NPLOC4;UBB;COPS7A;COMMD5;FBXL22;PSMC5;RBBP7;KLHL22;UBA52;FBXW5;DDB1;PSMB3;FBXL12;FBXL19;PSMC3;BTBD6;UBE2M;PSMB4;PSMD7;ASB6;FBXO7;SPSB2;FEM1A;PSMD11;DDA1;COPS6;PSMA6;FBXO10;FBXL15;CISH;UBE2D2;SQSTM1;PSMB6;PSMD6;PSMB7;RBX1;PSMA5;DCUN1D5;ASB13",-1.8539917618085624,4.173588007204508e-6,TRUE,
"REACTOME_ACTIVATION_OF_THE_MRNA_UPON_BINDING_OF_THE_CAP_BINDING_COMPLEX_AND_EIFS_AND_SUBSEQUENT_BINDING_TO_43S",59,-0.525931432355258,-2.1758206366323845,2.5508667658899725e-6,2.5697620752669354e-5,"EIF3D;RPS2;EIF3I;RPS14;EIF3G;RPS17;RPS16;RPS23;FAU;EIF3F;RPS3;EIF2S2;EIF4EBP1;EIF3K;RPS26;EIF3J;RPS4X;EIF4G1;EIF2S3;EIF3L;RPS28;RPS8;RPS21;EIF3B;RPS27L;RPS15;RPS18;RPS11;RPS6;RPS5;EIF4B;EIF3H;EIF3A;EIF3M;RPS24;RPS13",-2.0953685398636215,8.603851280144309e-5,TRUE,
"REACTOME_UBIQUITIN_MEDIATED_DEGRADATION_OF_PHOSPHORYLATED_CDC25A",51,-0.5384834861444424,-2.1359887784838127,2.682354743513167e-6,2.6604295265171198e-5,"PSMB5;PSMD3;PSMC4;PSMD14;PSMD8;PSMA7;CSNK1E;ADRM1;PSMB2;PSMD2;UBB;PSMC5;UBA52;PSMB3;PSMC3;PSMB4;PSMD7;CHEK2;PSMD11;PSMA6;PSMB6;PSMD6;PSMB7;RBX1;PSMA5;CDC25A;BTRC",-2.131809338621217,6.0967660488143264e-5,TRUE,
"REACTOME_GSK3B_MEDIATED_PROTEASOMAL_DEGRADATION_OF_PD_L1_CD274",44,-0.5739463174158079,-2.1946941617343554,2.6897724992360587e-6,2.6604295265171198e-5,"PSMB5;PSMD3;PSMC4;PSMD14;PSMD8;PSMA7;ADRM1;PSMB2;PSMD2;UBB;PSMC5;UBA52;PSMB3;PSMC3;PSMB4;PSMD7;PSMD11;PSMA6;PSMB6;PSMD6;PSMB7;RBX1;PSMA5;BTRC",-2.140862496300728,5.5781228908246186e-5,TRUE,
"REACTOME_FORMATION_OF_TUBULIN_FOLDING_INTERMEDIATES_BY_CCT_TRIC",20,-0.7276956007221513,-2.32511300794929,2.999757202271594e-6,2.914236992619216e-5,"CCT7;TUBA1B;TUBB4B;TUBA1C;CCT5;CCT2;TUBA4A;TUBB6;TCP1;TUBAL3;CCT4;CCT3;CCT6A",-2.261806123059522,8.542062537281863e-5,TRUE,
"REACTOME_REGULATION_OF_APOPTOSIS",40,-0.5893501926241186,-2.228697264264387,2.9999498453433106e-6,2.914236992619216e-5,"PSMB5;PSMD3;PSMC4;PSMD14;PSMD8;PSMA7;ADRM1;PSMB2;PSMD2;UBB;PSMC5;UBA52;PSMB3;PSMC3;PSMB4;PSMD7;PSMD11;PSMA6;PSMB6;PSMD6;PSMB7;PSMA5",-2.361815697523304,2.3899178696916385e-6,TRUE,
"REACTOME_NEGATIVE_REGULATION_OF_THE_PI3K_AKT_NETWORK",101,0.47721936335546566,1.9958317398176217,3.2855598918741404e-6,3.1634417366009424e-05,"CD19;TRAT1;CD28;PIK3CG;ICOS;ESR1;PIK3CD;VAV1;IL1RL1;HGF;PDGFRA;HBEGF;ESR2;CD80;CD86;PIP4K2A;GAB1;KITLG;PIK3R6;FGF7;PIK3CA;STRN;PPP2R5A;PPP2R5E;THEM4;KLB;IL1RAP;PHLPP2;RAC2;NRG1;PIK3R5;PPP2CB;FGF9;PTEN;FRS2;IER3;MET;PDGFA;TRAF6;PIK3AP1",1.9932673408871309,9.261092615971733e-5,TRUE,
"REACTOME_NEGATIVE_REGULATION_OF_NOTCH4_SIGNALING",44,-0.5705857168011512,-2.181843673238992,3.503118451166449e-6,3.343327083218505e-5,"PSMB5;PSMD3;PSMC4;PSMD14;PSMD8;PSMA7;ADRM1;AKT1;PSMB2;PSMD2;UBB;PSMC5;TACC3;UBA52;PSMB3;PSMC3;PSMB4;PSMD7;PSMD11;PSMA6;PSMB6;PSMD6;PSMB7;RBX1;PSMA5",-2.2898523238665662,4.286470748021681e-6,TRUE,
"REACTOME_RRNA_MODIFICATION_IN_THE_NUCLEUS_AND_CYTOSOL",59,-0.520966467416167,-2.155280177344275,3.747699973995386e-6,3.5456500623538956e-5,"IMP4;DHX37;RPS2;TRMT112;IMP3;DDX49;RRP9;FBL;NOL6;TSR3;NHP2;RPS14;SNU13;TBL3;NOP2;NOP10;DKC1;PDCD11;NOP14;NOC4L;RCL1",-2.264488632152288,4.3720497790511185e-6,TRUE,
"REACTOME_DENGUE_VIRUS_INFECTION",354,-0.3000314829177422,-1.6303589396969576,4.056757093033154e-6,3.804958376913854e-5,"UFD1;EMC4;UBA1;TYRO3;SRSF9;U2AF2;YBX1;MLST8;VCP;FASN;P4HB;AGRN;SNRPF;PUF60;AP2A1;GPKOW;SKIC8;PCBP1;SNRNP200;PQBP1;RPTOR;POLR2E;DDOST;CSTF2;AUP1;RPN2;KPNA2;SNRPA1;CALR;POLR2F;CHERP;EFTUD2;SRRT;HNRNPA0;AP2A2;POLR2H;PAF1;SCAP;MTOR;ELAVL1;OST4;PHF5A;EIF4A3;GTF2F1;P4HA2;PRPF19;RNPS1;RBM10;PCBP2;NFKBIB;HNRNPD;NPLOC4;HYOU1;POLR2L;CPSF1;POLR2D;UBB;PML;WBP11;MAPKAP1;GRPEL1;HNRNPM;NRBP1;PPIE;TXNL4A;DDX23;POLR2G;SUGP1;UBA52;SDC1;HDLBP;HSPG2;GPC4;PTBP1;RBM17;FURIN;RPN1;POLR2C;PDIA3;ALYREF;SF3B4;CAMK2G;GBF1;SF3B3;POLR2I;EIF4G1;SNRNP40;AP2M1;SRSF7;PABPN1;DHX38;HNRNPF;NMT1;XAB2;SF3A1;P4HA1;CPSF6;HAVCR1;HNRNPUL1;ELAVL2;H2AC20;SYMPK;SF3A2;CSTF1;SF3B2;PPIL1;SNRPB;HSP90AB1;RBMX;RPL18;DHX16;LEO1;FUS;KDELR1;NACA;KPNB1;SEC11A;POLR2A;TRIM25;SRSF4;SF3A3;HNRNPL;PRPF8;ACOT2;CLP1;CPSF4;SF3B5;TMEM258;SDC3;GPC2;CTNNBL1;UBR4;RNASEK;NCL",-1.7650816095588397,1.3252930591920604e-6,TRUE,
"REACTOME_SIGNALING_BY_INTERLEUKINS",398,0.3295223546232622,1.6357771925546518,4.173669004804635e-6,3.8811554506217464e-5,"CCL19;IRF4;IL16;CCR2;STAT4;IGHG1;CCR5;CCL22;MCL1;LCP1;IL21R;IL7R;IL10RA;IL12RB1;BCL2;VCAM1;EBI3;CD4;CCL5;IGHG4;IL6ST;PIK3CD;CA1;VAMP2;FOS;VAV1;TAB2;IL1RL1;IL2RB;CXCL10;IL2RA;LIFR;IL6R;CREB1;HGF;CSF2RB;CD36;RORC;MAPK10;CD80;IL7;SOS1;MEF2C;CD86;PDCD4;BLNK;S100B;JAK3;IL18RAP;FOXO1;OSMR;MSN;TSLP;IL23R;PIK3CA;IL18;STAT2;CCL11;SOS2;STAT1;HAVCR2;RAP1B;SAA1;JAK2;MAP3K7;ZEB1;STAT3;CSF1;S1PR1;IL3RA;IL1RAP;STAT5A;BRWD1;RPS6KA5;SOD2;ALOX5;MAP3K8;ALPK1;YES1;CASP3;MUC1;IL15;CCL2;PPP2CB;CSF1R;PTPN7;F13A1;PELI2;IL1R1;YWHAZ;RALA;TRAF6;PTGS2;SOCS5;PIM1;N4BP1;ITGB2;HCK;PTPN2;NFKBIA;CCR1;PTAFR;FASLG;JUNB;IL18BP;FYN;CDC42;RPS6KA2;PTK2B;CAPZA1;NLRC5;JAK1;VRK3;IL1R2;MEF2A;NKIRAS1;PTPN12",1.9050744930776042,5.172245055954582e-9,TRUE,
"REACTOME_GOLGI_TO_ER_RETROGRADE_TRANSPORT",122,-0.40909950673904394,-1.9166408850933938,4.503590873022535e-6,4.152463449024168e-5,"KIF18B;KLC2;TUBA1B;KIF4A;TUBB4B;KIF20A;TUBA1C;TUBA4A;COPE;ACTR1A;ARF1;RAB6B;TUBB6;KIF23;PAFAH1B3;ARF5;KIF2C;ARFGAP1;TMED3;KIFC1;SURF4;BICD2;COPG1;TMED9;TUBAL3;KIFC2;KLC3;DYNC1H1;RAB1B;GBF1;DYNC1I1;STX18;DCTN2;KLC1;KIF22;DCTN3;KIF26B;KIF3C;DYNLL1;RACGAP1;COPZ1;BNIP1;USE1;GALNT2;KIF1A;KIF1C;KIF26A;KIF21A;KLC4;NAPA;KIF3B;KIF12;DCTN1;KDELR1",-1.6364701871422749,0.003621451748064434,TRUE,
"REACTOME_NUCLEOTIDE_EXCISION_REPAIR",107,-0.43102187653211244,-1.974347809946963,4.561654413407922e-6,4.170655463687243e-5,"MCRS1;ACTR5;COPS7B;RAD23A;POLE;POLR2E;POLD1;GPS1;XRCC1;POLR2F;POLR2H;PRPF19;UVSSA;ACTB;LIG1;POLR2L;POLR2D;UBB;COPS7A;TFPT;RUVBL1;PPIE;POLR2G;UBA52;INO80E;DDB1;INO80;ERCC2;ERCC3;POLR2C;POLR2I;NFRKB;XAB2;COPS6;RAD23B;POLE2;ERCC1;RBX1;POLD2;LIG3;RFC5",-2.0701316384056168,3.3231030188258247e-6,TRUE,
"REACTOME_STABILIZATION_OF_P53",44,-0.565932009696076,-2.164048518005805,4.619130575610566e-6,4.188011721886913e-5,"PSMB5;PSMD3;PSMC4;PSMD14;PSMD8;PSMA7;ADRM1;PSMB2;PSMD2;UBB;PSMC5;CDKN2A;UBA52;PSMB3;PSMC3;PSMB4;PSMD7;MDM2;CHEK2;PSMD11;PSMA6;PSMB6;PSMD6;PSMB7;PSMA5",-2.276618724211873,5.338946174238873e-6,TRUE,
"REACTOME_CELL_JUNCTION_ORGANIZATION",244,-0.3329518751912959,-1.7436317612086807,5.441500318114298e-6,4.892853178601947e-5,"ACTG2;PSMB5;PSMD3;CTBP1;SMARCA4;PVR;CDH24;ILF3;PSMC4;BANP;TCF3;TESK1;PSMD14;PSMD8;PSMA7;STRAP;POMT2;CSNK2A2;DDOST;PCSK6;RPN2;ADRM1;NECTIN1;RACK1;PKM;ACTG1;ACTC1;ACTA1;SNAI1;OST4;ACTN1;PRKCSH;CRB3;PSMB2;FLNC;ACTB;PSMD2;MOGS;CD151;LIMS2;CTNNA1;UBB;CTBP2;SRC;HDAC1;PSMC5;DNM2;H2AX;RBBP7;AGO2;UBA52;PLEC;FLNA;PSMB3;AGO1;PSMC3;ACTA2;KDM1A;FURIN;RPN1;PSMB4;PSMD7;MDM2;CDH3;GANAB;NECTIN2;DNTTIP1;KMT5A;MYCN;PSMD11;PSMA6;FOXQ1;CADM1;TCF12;CDH2;H2AJ;H2AC20;ADAM33;ARID1A;PSMB6;PSMD6;PARVB;PSMB7;VASP;CLDN3;PSMA5;MCRIP1;TFAP2A",-1.6706031040036333,1.0714595408678774e-4,TRUE,
"REACTOME_MRNA_SPLICING_MINOR_PATHWAY",50,-0.5419318451574318,-2.1392611778453654,5.818239265241676e-6,5.188724852936839e-5,"YBX1;SNRPF;SNRNP200;POLR2E;SNRNP25;POLR2F;EFTUD2;POLR2H;ZMAT5;PDCD7;GTF2F1;POLR2L;POLR2D;TXNL4A;DDX23;POLR2G;POLR2C;SF3B4;SF3B3;POLR2I;SNRNP40;ZRSR2;SRSF7",-2.3185207184821865,5.499534163996087e-6,TRUE,
"REACTOME_G1_S_DNA_DAMAGE_CHECKPOINTS",66,-0.49678461855099076,-2.103084293048863,5.956034282926445e-6,5.2684270730276195e-5,"PSMB5;PSMD3;PCBP4;PSMC4;PSMD14;PSMD8;PSMA7;CCNE1;CSNK1E;ADRM1;PSMB2;PSMD2;UBB;CCNA2;PSMC5;CDKN2A;UBA52;PSMB3;PSMC3;ZNF385A;PSMB4;PSMD7;MDM2;CHEK2;PSMD11;PSMA6;PSMB6;PSMD6;PSMB7;RBX1;PSMA5;CDC25A;BTRC",-2.1775854215491552,8.303854114128233e-6,TRUE,
"REACTOME_FORMATION_OF_TC_NER_PRE_INCISION_COMPLEX",50,-0.5362132532078407,-2.1166871920960224,8.333890807830849e-6,7.265175275261239e-5,"COPS7B;POLR2E;GPS1;POLR2F;POLR2H;PRPF19;UVSSA;POLR2L;POLR2D;UBB;COPS7A;PPIE;POLR2G;UBA52;DDB1;ERCC2;ERCC3;POLR2C;POLR2I;XAB2;COPS6",-2.1265085904632772,1.5893320861291017e-4,TRUE,
"REACTOME_COMPLEX_I_BIOGENESIS",67,-0.47945928637978025,-2.040521870820755,8.346938505585062e-6,7.265175275261239e-5,"NDUFS7;DMAC2;FOXRED1;NDUFS8;HSPA9;DMAC1;NDUFA13;NDUFA12;NDUFAF1;ACAD9;NDUFA1;OXA1L;NDUFV1;ECSIT;NDUFS3;NDUFAF3;NDUFB7;NDUFA6;NDUFB11;NDUFA8;TMEM186;NDUFS5;NDUFS1;NDUFA2",-2.2964599625785445,1.71130083522147e-6,TRUE,
"REACTOME_DENGUE_VIRUS_HOST_INTERACTIONS",245,-0.32103392319773666,-1.6853686836491064,8.418398410742065e-6,7.269220214989973e-5,"SRSF9;U2AF2;YBX1;MLST8;FASN;AGRN;SNRPF;PUF60;GPKOW;SKIC8;PCBP1;SNRNP200;PQBP1;RPTOR;POLR2E;CSTF2;AUP1;SNRPA1;POLR2F;CHERP;EFTUD2;SRRT;HNRNPA0;POLR2H;PAF1;MTOR;ELAVL1;PHF5A;EIF4A3;GTF2F1;PRPF19;RNPS1;RBM10;PCBP2;NFKBIB;HNRNPD;POLR2L;CPSF1;POLR2D;PML;WBP11;MAPKAP1;GRPEL1;HNRNPM;NRBP1;PPIE;TXNL4A;DDX23;POLR2G;SUGP1;SDC1;HSPG2;GPC4;PTBP1;RBM17;POLR2C;ALYREF;SF3B4;CAMK2G;GBF1;SF3B3;POLR2I;SNRNP40;SRSF7;PABPN1;DHX38;HNRNPF;XAB2;SF3A1;CPSF6;HNRNPUL1;ELAVL2;H2AC20;SYMPK;SF3A2;CSTF1;SF3B2;PPIL1;SNRPB;HSP90AB1;RBMX;RPL18;DHX16;LEO1;FUS;POLR2A;TRIM25;SRSF4;SF3A3;HNRNPL;PRPF8;CLP1;CPSF4;SF3B5;SDC3;GPC2;CTNNBL1;UBR4",-1.7338193523824827,7.740679482587302e-5,TRUE,
"REACTOME_PROTEASOME_ASSEMBLY",50,-0.5354468392329701,-2.1136617938337694,8.709848875393108e-6,7.46166580821079e-5,"PSMB5;PSMD3;PSMD9;PSMC4;PSMD14;PSMD8;PSMA7;ADRM1;PSMB2;PSMD2;PSMC5;PSMB3;PSMC3;PSMB4;PSMD4;PSMD7;PSMD11;PAAF1;PSMA6;PSMB6;PSMD6;PSMB7;PSMA5;PSMG4;PSMD10;PSME3;PSMA3",-2.1933548664415015,5.429964121969838e-5,TRUE,
"REACTOME_DISEASES_OF_IMMUNE_SYSTEM",29,0.6622514985894635,2.1476197914377995,9.226237934952776e-6,7.84230224470986e-5,"TLR10;BTK;TLR7;TLR6;TLR3;TLR5;TLR1;LY96;CD36",2.1405235696311657,1.2519999135743935e-4,TRUE,
"REACTOME_KINESINS",50,-0.5340005079777264,-2.107952440651639,9.336446261156997e-6,7.874460102433188e-5,"KIF18B;KLC2;TUBA1B;KIF4A;TUBB4B;KIF20A;TUBA1C;TUBA4A;TUBB6;KIF23;KIF2C;KIFC1;TUBAL3;KIFC2;KLC3;KLC1;KIF22;KIF26B;KIF3C;RACGAP1;KIF1A;KIF1C;KIF26A;KIF21A;KLC4;KIF3B;KIF12",-1.9188383676059912,0.002269028388642459,TRUE,
"REACTOME_HEDGEHOG_LIGAND_BIOGENESIS",51,-0.5198143660775231,-2.0619344537121704,9.53492380157272e-6,7.979997766239323e-5,"PSMB5;PSMD3;VCP;PSMC4;P4HB;PSMD14;PSMD8;PSMA7;ADRM1;NOTUM;PSMB2;PSMD2;UBB;SYVN1;PSMC5;UBA52;PSMB3;PSMC3;PSMB4;PSMD7;PSMD11;PSMA6;PSMB6;PSMD6;PSMB7;SHH;PSMA5;IHH",-2.104159487233805,9.712809707585099e-5,TRUE,
"REACTOME_REGULATION_OF_RUNX3_EXPRESSION_AND_ACTIVITY",45,-0.5479048997254022,-2.1049537298697416,9.66469932457902e-6,8.026864782551125e-5,"PSMB5;PSMD3;PSMC4;PSMD14;PSMD8;PSMA7;ADRM1;PSMB2;PSMD2;UBB;SRC;PSMC5;CDKN2A;UBA52;PSMB3;PSMC3;PSMB4;PSMD7;MDM2;PSMD11;PSMA6;PSMB6;PSMD6;PSMB7;PSMA5",-2.2858224653091104,6.755262600538494e-6,TRUE,
"REACTOME_DEGRADATION_OF_GLI1_BY_THE_PROTEASOME",46,-0.5480282761795015,-2.1126940653190918,1.2343167972370024e-5,1.0173762692377717e-4,"PSMB5;PSMD3;PSMC4;PSMD14;PSMD8;PSMA7;ADRM1;PSMB2;PSMD2;UBB;PSMC5;UBA52;PSMB3;PSMC3;PSMB4;PSMD7;PSMD11;PSMA6;PSMB6;PSMD6;PSMB7;RBX1;PSMA5;BTRC",-2.1514431687353697,9.370295813361445e-5,TRUE,
"REACTOME_HEDGEHOG_OFF_STATE",94,-0.4350644633670284,-1.937564630000074,1.338249621926602e-5,1.0947485628993555e-4,"PSMB5;PSMD3;TUBA1B;PSMC4;TUBB4B;PSMD14;PSMD8;PSMA7;TUBA1C;TUBA4A;GNAS;TULP3;ADRM1;TUBB6;PSMB2;PSMD2;UBB;PSMC5;UBA52;PSMB3;PSMC3;FUZ;PSMB4;KIF7;OFD1;PSMD7;MKS1;ADCY5;PSMD11;PSMA6;ADCY6;IFT122;PSMB6;PSMD6;PSMB7;RBX1;PSMA5",-1.829956001287846,6.635704129939133e-4,TRUE,
"REACTOME_CRISTAE_FORMATION",33,-0.6105828241301694,-2.2175941254967304,1.3552168534548325e-5,1.100355176536461e-4,"ATP5F1B;DNAJC11;ATP5MC3;HSPA9;CHCHD6;APOO;ATP5F1A;MTX1;ATP5F1C;MTX2;ATP5MC2;IMMT;SAMM50;APOOL;ATP5F1D;ATP5ME;TMEM11;MICOS13;ATP5MC1;ATP5MJ",-2.216948073749262,1.529933461263065e-4,TRUE,
"REACTOME_REGULATION_OF_ORNITHINE_DECARBOXYLASE_ODC",38,-0.5871717414644609,-2.2102283014202553,1.4258360939574415e-5,1.1491182742412565e-4,"PSMB5;PSMD3;PSMC4;PSMD14;PSMD8;PSMA7;ODC1;ADRM1;PSMB2;PSMD2;PSMC5;PSMB3;PSMC3;OAZ2;PSMB4;PSMD7;PSMD11;PSMA6;PSMB6;PSMD6;PSMB7;PSMA5",-2.2731896911126976,2.6034249414309e-5,TRUE,
"REACTOME_ASYMMETRIC_LOCALIZATION_OF_PCP_PROTEINS",51,-0.5131657694131578,-2.035561634056305,1.4560691532972564e-5,1.1648553226378052e-4,"PSMB5;PSMD3;SCRIB;PSMC4;PSMD14;PSMD8;PSMA7;ADRM1;PSMB2;PSMD2;UBB;PSMC5;UBA52;PSMB3;PSMC3;FZD3;PSMB4;PSMD7;PSMD11;PSMA6;PSMB6;PSMD6;PSMB7;PSMA5",-2.0333963204059637,2.645465486425331e-4,TRUE,
"REACTOME_INTERLEUKIN_2_FAMILY_SIGNALING",36,0.6215295962832738,2.15560015324941,1.5960423446271445e-5,1.2625564491648074e-4,"STAT4;IL21R;PIK3CD;IL2RB;IL2RA;CSF2RB;SOS1;JAK3;PIK3CA;SOS2;STAT1;HAVCR2;JAK2;STAT3;IL3RA;STAT5A;IL15",2.230934565659327,4.143826651962293e-5,TRUE,
"REACTOME_REGULATION_OF_MRNA_STABILITY_BY_PROTEINS_THAT_BIND_AU_RICH_ELEMENTS",74,-0.4593535503021613,-1.990946482490498,1.6014043197127153e-5,1.2625564491648074e-4,"PSMB5;PSMD3;PSMC4;KHSRP;PSMD14;PSMD8;PSMA7;ADRM1;AKT1;EXOSC5;EXOSC3;ELAVL1;PSMB2;PSMD2;HNRNPD;UBB;PSMC5;UBA52;PSMB3;EXOSC4;PSMC3;PSMB4;EIF4G1;PSMD7;PSMD11;EXOSC1;PSMA6;ANP32A;PSMB6;PSMD6;PSMB7;EXOSC6;PSMA5;HSPB1",-2.1893967910980674,2.3649967536150757e-6,TRUE,
"REACTOME_DEGRADATION_OF_AXIN",42,-0.5598089475522904,-2.111033719696101,1.8711012870824846e-5,1.4645742448530526e-4,"PSMB5;PSMD3;PSMC4;PSMD14;PSMD8;PSMA7;AXIN1;ADRM1;PSMB2;PSMD2;UBB;PSMC5;UBA52;PSMB3;PSMC3;PSMB4;PSMD7;AXIN2;PSMD11;PSMA6;PSMB6;PSMD6;PSMB7;PSMA5",-2.242037087001516,1.5122981745902723e-5,TRUE,
"REACTOME_HIV_INFECTION",214,-0.33460095815381935,-1.709881349604402,1.9151011236587642e-5,1.4883071589576682e-4,"AAAS;PSMB5;PSMD3;NUP188;NELFA;AP1M1;PSMC4;SLC25A5;AP1B1;AP2A1;PSMD14;PSMD8;RAN;PSMA7;POLR2E;RCC1;RANGAP1;ARF1;ADRM1;SLC25A6;RANBP1;POLR2F;AP2A2;NELFCD;POLR2H;SUPT5H;SSRP1;GTF2F1;FEN1;PSMB2;NUP85;PSMD2;SEC13;LIG1;RAE1;POLR2L;POLR2D;UBB;PSMC5;SLC25A4;TAF8;TAF5;POLR2G;UBA52;MVB12B;PSMB3;ERCC2;NUP62;ERCC3;AP1M2;PSMC3;FURIN;POLR2C;HMGA1;PSMB4;POLR2I;PSMD7;NUP93;TAF10;AP2M1;NUP37;NMT1;NUP98;TAF9;PSMD11;TAF6;PSMA6;NELFB;VPS37C;TAF4;PSMB6;CTDP1;CHMP6;PSMD6;PSMB7;RBX1;POM121C;PSMA5;PPIA;BTRC;XRCC6;NUP214;KPNB1;POLR2A;ELOB;NUP88;TAF1;TAF15;NDC1;PSMA3;NUP210",-1.8111550564219565,1.0850545864730724e-5,TRUE,
"REACTOME_ABORTIVE_ELONGATION_OF_HIV_1_TRANSCRIPT_IN_THE_ABSENCE_OF_TAT",22,-0.6721562487763401,-2.178803002657415,2.014597109078248e-5,1.5545259962249176e-4,"NELFA;POLR2E;POLR2F;NELFCD;POLR2H;SUPT5H;GTF2F1;POLR2L;POLR2D;POLR2G;POLR2C;POLR2I;NELFB;CTDP1;POLR2A",-2.098803725296203,0.0010213754311156464,TRUE,
"REACTOME_NUCLEAR_ENVELOPE_NE_REASSEMBLY",68,-0.46907033080529703,-1.9898331464354568,2.0299519765248795e-5,1.555343486238781e-4,"NUP188;TUBA1B;TUBB4B;EMD;RAN;CCNB2;TUBA1C;RCC1;TUBA4A;LMNB1;RANGAP1;TUBB6;CC2D1B;NUP85;SEC13;PPP2R1A;CCNB1;TUBAL3;NUP62;ANKLE2;LEMD2;NUP93;NUP37;NUP98",-2.1871496944258415,1.2078651282175514e-5,TRUE,
"REACTOME_TRANSCRIPTION_COUPLED_NUCLEOTIDE_EXCISION_REPAIR_TC_NER",75,-0.4639314109630441,-2.0166586848131094,2.1474105508518214e-5,1.6338340414872598e-4,"COPS7B;POLE;POLR2E;POLD1;GPS1;XRCC1;POLR2F;POLR2H;PRPF19;UVSSA;LIG1;POLR2L;POLR2D;UBB;COPS7A;PPIE;POLR2G;UBA52;DDB1;ERCC2;ERCC3;POLR2C;POLR2I;XAB2;COPS6;POLE2;ERCC1;RBX1;POLD2;LIG3;RFC5;POLR2A",-2.1009367399369316,5.0576939068489885e-5,TRUE,
"REACTOME_RRNA_PROCESSING_IN_THE_MITOCHONDRION",18,-0.7186108412063489,-2.229318684584907,2.2528277650469814e-5,1.7021365335910527e-4,"HSD17B10;RCC1L;ELAC2;RPUSD4;MRM1;NGRN;TRUB2;RPUSD3;MRM3",-1.746910255327377,0.035918506805708295,TRUE,
"REACTOME_FORMATION_OF_THE_EARLY_ELONGATION_COMPLEX",31,-0.6138710047189025,-2.195241554589246,2.4566128709257077e-5,1.8433067610808067e-4,"NELFA;POLR2E;POLR2F;NELFCD;POLR2H;SUPT5H;GTF2F1;POLR2L;POLR2D;POLR2G;ERCC2;ERCC3;POLR2C;POLR2I;NELFB;CTDP1",-2.18256913343803,2.251501499477388e-4,TRUE,
"REACTOME_TRNA_PROCESSING_IN_THE_NUCLEUS",58,-0.4967713192021077,-2.0353497955860798,2.7291993923771733e-5,2.0291292386289528e-4,"AAAS;NUP188;RTCB;RAN;RPP38;CSTF2;TSEN34;POP5;ELAC2;XPOT;NUP85;SEC13;RAE1;CPSF1;RPP25;NUP62;RPP21;NUP93;NUP37;POP7;NUP98;POM121C;NUP214;CLP1;NUP88;CPSF4;RPP40;NDC1;NUP210;TSEN54",-2.0890150289295284,5.020706396277163e-5,TRUE,
"REACTOME_G_ALPHA_Q_SIGNALLING_EVENTS",140,0.41486626292825923,1.8162948386765174,2.7415624823387505e-5,2.0291292386289528e-4,"P2RY10;BTK;RGS1;CYSLTR1;RASGRP1;GNG2;CYSLTR2;GNGT2;RGS18;DGKA;XCR1;FFAR4;LPAR6;CREB1;GNAQ;PLCB2;HRH1;HBEGF;SOS1;GNB4;DGKH;ITPR1;PTGFR;EDNRB;GNG7;RASGRP2;PIK3CA;RGS17;FFAR2;PRKCH;RGS16;SAA1;GNG12;F2R;EDN1;RGS2;GNA15;TAC1;GNG11;GPR65;BDKRB2;P2RY1;EDN3;LPAR1;PLCB1;KRAS;PTAFR;GHRL;NRAS;RPS6KA2",2.0105150110028838,5.5778504810050016e-6,TRUE,
"REACTOME_REGULATION_OF_PTEN_STABILITY_AND_ACTIVITY",56,-0.4964283742802833,-2.0074966494886426,2.785948810942007e-5,2.041078024665073e-4,"PSMB5;PSMD3;AKT2;PSMC4;STUB1;PSMD14;PSMD8;PSMA7;CSNK2A2;ADRM1;AKT1;PSMB2;PSMD2;UBB;PSMC5;USP13;UBA52;PSMB3;PSMC3;PSMB4;PSMD7;PSMD11;PSMA6;PSMB6;PSMD6;PSMB7;PSMA5",-2.0327251760687646,1.334784791604801e-4,TRUE,
"REACTOME_POST_CHAPERONIN_TUBULIN_FOLDING_PATHWAY",17,-0.719656947850502,-2.2074291882447996,2.7952263389255138e-5,2.041078024665073e-4,"TUBA1B;TBCB;TUBB4B;TUBA1C;TBCD;ARL2;TUBA4A;TUBB6;TUBAL3",-1.9673443893252291,0.005549123433536778,TRUE,
"REACTOME_MICRORNA_MIRNA_BIOGENESIS",24,-0.6492973563137003,-2.16561054825775,3.3625116593168325e-5,2.4389417902244756e-4,"TARBP2;DGCR8;RAN;POLR2E;POLR2F;POLR2H;POLR2L;POLR2D;POLR2G;AGO2;XPO5;AGO1;POLR2C;POLR2I",-2.1827243974555848,3.14374510341233e-4,TRUE,
"REACTOME_VIF_MEDIATED_DEGRADATION_OF_APOBEC3G",41,-0.5453772224755338,-2.0558139363558725,3.7923063826881574e-5,2.732469764479944e-4,"PSMB5;PSMD3;PSMC4;PSMD14;PSMD8;PSMA7;ADRM1;PSMB2;PSMD2;UBB;PSMC5;UBA52;PSMB3;PSMC3;PSMB4;PSMD7;PSMD11;PSMA6;PSMB6;PSMD6;PSMB7;RBX1;PSMA5",-2.1571794912348574,7.105694380754035e-5,TRUE,
"REACTOME_HH_MUTANTS_ABROGATE_LIGAND_SECRETION",46,-0.529156672370706,-2.039942480952236,3.927078280249218e-5,2.8109612953362823e-4,"PSMB5;PSMD3;VCP;PSMC4;PSMD14;PSMD8;PSMA7;ADRM1;PSMB2;PSMD2;UBB;SYVN1;PSMC5;UBA52;PSMB3;PSMC3;PSMB4;PSMD7;PSMD11;PSMA6;PSMB6;PSMD6;PSMB7;SHH;PSMA5;IHH",-2.1031514056814564,2.0242652181735285e-4,TRUE,
"REACTOME_GLUCOSE_METABOLISM",73,-0.45019295346839466,-1.9464344839871872,4.030813166494954e-5,2.8663560295075224e-4,"GAPDH;AAAS;NUP188;GPI;HKDC1;ALDOA;ENO1;PCK2;PGK1;PKM;PFKM;TPI1;PKLR;PPP2R5D;NUP85;SEC13;RAE1;PPP2R1A;PC;PFKP;G6PC3;NUP62;ENO3;ALDOC;GNPDA1;NUP93;NUP37;PGAM1;NUP98",-1.9599415102798732,2.7072316918180865e-4,TRUE,
"REACTOME_TNFS_BIND_THEIR_PHYSIOLOGICAL_RECEPTORS",26,0.6617420435929336,2.0900903931381345,4.276446921298145e-5,3.0212819807612866e-4,"TNFRSF17;CD27;TNFSF8;LTA;TNFSF13B;TNFSF11;TNFSF18;TNFRSF9;TNFRSF8;TNFSF14;TNFRSF18;TNFSF4;TNFSF13;FASLG",2.2395155335094152,5.020706396277163e-5,TRUE,
"REACTOME_PI3K_AKT_SIGNALING_IN_CANCER",94,0.4373216126409515,1.8120422732825126,6.132170264456458e-5,4.3043879017604043e-4,"CD19;TRAT1;CD28;PIK3CG;ICOS;ESR1;PIK3CD;VAV1;NR4A1;RICTOR;CREB1;HGF;PDGFRA;HBEGF;ESR2;CD80;CD86;GAB1;KITLG;PIK3R6;FOXO1;FGF7;PIK3CA;STRN;KLB;RAC2;NRG1;PIK3R5;FGF9;PTEN;FRS2;MET;PDGFA;PIK3AP1",1.8720478584197076,2.844424139306369e-4,TRUE,
"REACTOME_CITRIC_ACID_CYCLE_TCA_CYCLE",34,-0.5859652154069404,-2.146401372379913,6.533385826064247e-5,4.55661780689609e-4,"IDH2;TRAP1;IDH3G;ACO2;NFS1;SUCLG1;MDH2;CS;OGDH;IDH3A;SDHB;SDHAF1;DLST;CSKMT;SIRT3;IDH3B;FXN;FH;SDHA;ACAT1",-2.2262400842040484,4.1889303542973524e-5,TRUE,
"REACTOME_INTERLEUKIN_4_AND_INTERLEUKIN_13_SIGNALING",100,0.4463269170595434,1.866360143726078,7.027315221447983e-5,4.851909570071764e-4,"IRF4;IGHG1;CCL22;MCL1;BCL2;VCAM1;IGHG4;FOS;IL6R;HGF;CD36;RORC;JAK3;FOXO1;IL23R;IL18;CCL11;STAT1;SAA1;JAK2;ZEB1;STAT3;S1PR1;ALOX5;MUC1;CCL2;F13A1;PTGS2;SOCS5;PIM1;ITGB2;FASLG;JUNB;JAK1;HIF1A;BATF;POU2F1;IL2RG;NDN;VIM;ITGAM;MMP1;ICAM1;IL6;IL13RA1",2.2989800391818136,6.038573197445135e-8,TRUE,
"REACTOME_SOMITOGENESIS",42,-0.5410403472740031,-2.0402575232237123,7.080276254295027e-5,4.851909570071764e-4,"PSMB5;PSMD3;PSMC4;PSMD14;PSMD8;PSMA7;ADRM1;NOTCH1;PSMB2;PSMD2;PSMC5;PSMB3;PSMC3;PSMB4;DLL3;PSMD7;PSMD11;PSMA6;LFNG;PSMB6;PSMD6;PSMB7;PSMA5",-2.0803043379318256,2.5695863264276755e-4,TRUE,
"REACTOME_HIV_TRANSCRIPTION_ELONGATION",40,-0.5349165053393543,-2.0228498556206245,7.090566375380611e-5,4.851909570071764e-4,"NELFA;POLR2E;POLR2F;NELFCD;POLR2H;SUPT5H;SSRP1;GTF2F1;POLR2L;POLR2D;POLR2G;ERCC2;ERCC3;POLR2C;POLR2I;NELFB;CTDP1;POLR2A;ELOB",-2.2264820371421763,3.253625918335906e-5,TRUE,
"REACTOME_MITOTIC_PROMETAPHASE",194,-0.3294779132019734,-1.6673361298430573,8.038178328202845e-5,5.465961263177935e-4,"TUBG1;TUBA1B;PLK1;TUBB4B;CDC20;CDCA8;CCNB2;RCC2;TUBA1C;CSNK2A2;INCENP;CSNK1E;TUBA4A;RANGAP1;ACTR1A;TUBGCP2;TUBGCP6;TUBB6;CENPM;BUB1B;CENPP;CEP250;TUBGCP5;CENPO;TUBGCP4;SSNA1;PPP2R5D;KIF2C;NUP85;NCAPH;SEC13;SMC1A;PPP2R1A;CCNB1;AURKB;ZWINT;CSNK1D;TUBAL3;CENPI;BUB3;NCAPG;DYNC1H1;CDCA5;SFI1;TUBB;DYNC1I1;CEP131;HAUS7;MZT2A;CEP72;OFD1;DCTN2;NUP37;B9D2;NUP98;ERCC6L;DCTN3;CENPN",-1.9489657813438517,2.9240967752263233e-6,TRUE,
"REACTOME_TCR_SIGNALING",101,0.4393969531568645,1.8376504660738278,8.855523711527123e-5,5.984353911889138e-4,"TRAT1;ITK;PTPRC;FYB1;CD247;CD3G;CD3E;GRAP2;PTPN22;CD3D;CD4;HLA-DQA1;EVL;TAB2;HLA-DPA1;PLCG2;WAS;NCK1;HLA-DRA;PAG1;HLA-DQB2;HLA-DRB1;HLA-DQA2;PIK3CA;ZAP70;HLA-DPB1;HLA-DRB5;MAP3K7",1.9164065845671205,3.0493765083578053e-4,TRUE,
"REACTOME_SARS_COV_2_MODULATES_HOST_TRANSLATION_MACHINERY",50,-0.4956222752622961,-1.9564554137541248,9.353837700944104e-5,6.282083591745176e-4,"SNRPF;RPS2;RPS14;RPS17;GEMIN7;RPS16;RPS23;FAU;RPS3;GEMIN8;GEMIN4;RPS26;RPS4X;RPS28;RPS8;GEMIN5;RPS21;SNRPB;RPS27L;RPS15;RPS18;RPS11;RPS6;RPS5",-2.048849396839404,5.059428004147058e-4,TRUE,
"REACTOME_RAC1_GTPASE_CYCLE",178,0.3753499202600715,1.7068771358118167,9.468503616326184e-5,6.320080941449624e-4,"DOCK10;ARHGEF6;ARHGAP20;DOCK2;ARHGAP25;ARHGAP15;NCKAP1L;CYBB;ARHGAP30;ARHGAP31;DOCK8;ARHGDIB;SWAP70;TAGAP;VAV1;TIAM1;ARHGAP9;TAOK3;WAS;WIPF1;ARHGAP24;SOS1;NCF1;PLEKHG1;PREX2;CAV1;GNA13;ARHGAP42;PIK3CA;DLC1;WASL;SOS2;KTN1;GIT2;FMNL1;ARHGAP12;NCF4;IQGAP2;ARAP2;ARHGAP29;BRK1;AMIGO2;PLD1;DOCK11;ABI1",1.6931080952851676,0.001678280662652459,TRUE,
"REACTOME_DECTIN_1_MEDIATED_NONCANONICAL_NF_KB_SIGNALING",48,-0.5069391295712231,-1.973056151661004,1.2446362830250028e-4,8.257099243482945e-4,"PSMB5;PSMD3;PSMC4;PSMD14;PSMD8;PSMA7;ADRM1;PSMB2;PSMD2;UBB;PSMC5;UBA52;PSMB3;PSMC3;RELB;UBE2M;PSMB4;PSMD7;PSMD11;PSMA6;RELA;PSMB6;PSMD6;PSMB7;PSMA5;BTRC",-1.9309932144134712,0.0011048748506523338,TRUE,
"REACTOME_TOLL_LIKE_RECEPTOR_CASCADES",160,0.38269052458532604,1.7049583613655768,1.2560734812745096e-4,8.282472409858584e-4,"TLR10;BTK;CD180;TASL;TLR7;TLR6;TLR3;BIRC3;CTSS;FOS;LY86;TLR5;TAB2;TLR8;PLCG2;TLR1;LY96;CREB1;CD36;MAPK10;BIRC2;MEF2C;S100B;TANK;OPTN;SAA1;MAP3K7;RPS6KA5;RIPK1;MAP3K8;ALPK1;SFTPA2;PPP2CB;PELI2;CTSK;TRAF6;N4BP1;ITGB2;RIPK3;UBE2D3;NFKBIA;UBE2D1;RPS6KA2;RBSN;PIK3C3;NLRC5;VRK3;TLR4;MEF2A;NKIRAS1;MAP3K1",1.8093270369592247,8.621680144596461e-5,TRUE,
"REACTOME_ANTIGEN_PROCESSING_UBIQUITINATION_PROTEASOME_DEGRADATION",275,-0.2950353644521155,-1.5703114789201278,1.3026649565052318e-4,8.537948630588507e-4,"PSMB5;FBXO22;PSMD3;UBA1;TRAF7;FBXO2;PSMC4;STUB1;CDC20;KLHL25;CDC34;LRRC41;FBXO27;PSMD14;PSMD8;KEAP1;HERC2;KLHL21;PSMA7;CCNF;ANAPC11;FBXL14;ASB1;RNF220;RNF41;FBXO21;UBE2C;ADRM1;THOP1;UBE2S;FBXL18;MGRN1;FBXW9;RNF34;RNF126;ANAPC5;FBXO44;ANAPC2;FZR1;HUWE1;UBE2O;PSMB2;PSMD2;UBB;FBXL22;PSMC5;KLHL22;UBA52;FBXW5;PJA1;PSMB3;RNF123;FBXL12;UBE2J2;FBXL19;PSMC3;BLMH;MIB2;BTBD6;TRAIP;HECTD3;UBE2M;PSMB4;PSMD7;ASB6;FBXO7;ANAPC7;SPSB2;UNKL;PSMD11;UBE2D4;PSMA6;ZNRF1;FBXO10;FBXL15;TRIM41;RNF4;UBE2D2;UBE2L3;PSMB6;RBCK1;UBE2E2;PSMD6;PSMB7;RBX1;RNF19B;PSMA5;ASB13",-1.628694547519376,1.4450832538095195e-4,TRUE,
"REACTOME_CHROMATIN_ORGANIZATION",242,-0.30326094366927403,-1.588577558398688,1.3135482341950213e-4,8.557727417989121e-4,"SMARCB1;MTA1;CARM1;PRMT1;KDM5C;SUV39H1;SMARCA4;MCRS1;BCL7A;CDK4;TAF6L;NSD2;RPS2;NCOR2;ATXN7L3;KDM2B;HCFC1;CCND1;KDM4A;RUVBL2;BRD9;DOT1L;PRDM16;KMT2B;SETD1A;TBL1X;MTA2;EHMT1;KAT2A;PRMT6;WDR5;GATAD2A;SAP130;ACTB;ING5;SMARCD2;HDAC1;BRD1;H2AX;RBBP7;RUVBL1;SETD6;SS18L1;COPRS;MRGBP;KMT5C;DPF2;PRMT5;KDM1A;JADE3;PRMT7;MBD3;BICRA;PHF8;USP22;HDAC3;TAF10;BRD8;SETD1B;MORF4L2;SMARCD1;EP400;KMT5A;TAF9;TADA2B;BRPF1;RELA;KMT2D;GPS2;KANSL3;WDR77;H2AJ;H2AC20;ARID1A;SMARCC2",-1.6398670365866321,4.0842000765554227e-4,TRUE,
"REACTOME_MITOCHONDRIAL_TRNA_AMINOACYLATION",21,-0.632377665467984,-2.0369424545908563,1.4311521171690253e-4,9.268413711189878e-4,"YARS2;PARS2;CARS2;MARS2;SARS2;GARS1;LARS2;HARS2;EARS2;AARS2;WARS2;NARS2;KARS1;VARS2;DARS2;TARS2",-2.109798145614258,6.124623985443339e-4,TRUE,
"REACTOME_HOST_INTERACTIONS_OF_HIV_FACTORS",118,-0.3700276085957883,-1.725584524961952,1.47195009519424e-4,9.476223098055225e-4,"AAAS;PSMB5;PSMD3;NUP188;AP1M1;PSMC4;SLC25A5;AP1B1;AP2A1;PSMD14;PSMD8;RAN;PSMA7;RCC1;RANGAP1;ARF1;ADRM1;SLC25A6;RANBP1;AP2A2;PSMB2;NUP85;PSMD2;SEC13;RAE1;UBB;PSMC5;SLC25A4;UBA52;PSMB3;NUP62;AP1M2;PSMC3;HMGA1;PSMB4;PSMD7;NUP93;AP2M1;NUP37;NUP98;PSMD11;PSMA6;PSMB6;PSMD6;PSMB7;RBX1;POM121C;PSMA5;PPIA;BTRC;NUP214;KPNB1;ELOB;NUP88;NDC1;PSMA3;NUP210",-1.8456270817487852,1.5150377107883524e-4,TRUE,
"REACTOME_RNA_POLYMERASE_III_TRANSCRIPTION_INITIATION_FROM_TYPE_1_PROMOTER",28,-0.5877402251458894,-2.0505027561486346,1.5032269641947538e-4,9.620652570846424e-4,"POLR3H;POLR3K;GTF3C5;POLR2E;POLR3E;BRF1;POLR2F;POLR3A;POLR2H;POLR2L;GTF3C2;POLR1C;POLR3D;GTF3C1;POLR3B",-2.0696297446037257,0.0011048748506523338,TRUE,
"REACTOME_GAMMA_CARBOXYLATION_HYPUSINYLATION_HYDROXYLATION_AND_ARYLSULFATASE_ACTIVATION",55,-0.47281031034768484,-1.9094280916049142,1.563888607140768e-4,9.950355582275762e-4,"DPH2;RCCD1;U2AF2;EEF2;TPST2;RIOX1;F10;ARSL;RPS23;DRG1;DRG2;DPH7;ICMT;DHPS;DPH1;DOHH;DPH6;FURIN;ARSI;FN3KRP;FN3K;RPL8;JMJD4;PROC;EIF5A",-1.7557815502213234,0.005336793751377974,TRUE,
"REACTOME_TRNA_MODIFICATION_IN_THE_NUCLEUS_AND_CYTOSOL",45,-0.498575706692066,-1.9154396939138199,1.7182034678364774e-4,0.0010868635889570274,"PUS1;FTSJ1;TRMT1;TRMT112;TRMT61A;LAGE3;TP53RK;THG1L;CTU1;LCMT2;OSGEP;QNG1;METTL1;WDR4;ADAT3;QTRT1;CTU2",-2.046470038599498,3.329743344085036e-4,TRUE,
"REACTOME_VIRAL_MESSENGER_RNA_SYNTHESIS",44,-0.5037040446304654,-1.9260970798974166,1.815965270782001e-4,0.0011420637078675244,"AAAS;NUP188;POLR2E;POLR2F;POLR2H;GTF2F1;NUP85;SEC13;RAE1;POLR2L;POLR2D;POLR2G;NUP62;POLR2C;POLR2I;NUP93;NUP37;NUP98;POM121C;NUP214;POLR2A;NUP88;NDC1;NUP210",-2.017233726309834,2.8364949145735145e-4,TRUE,
"REACTOME_DNA_DAMAGE_RECOGNITION_IN_GG_NER",38,-0.5391391518245946,-2.0294243193557278,1.8436421259562612e-4,0.0011528061109427658,"MCRS1;ACTR5;COPS7B;RAD23A;GPS1;ACTB;UBB;COPS7A;TFPT;RUVBL1;UBA52;INO80E;DDB1;INO80;NFRKB;COPS6;RAD23B;RBX1",-2.149137734059419,1.7986224597159317e-4,TRUE,
"REACTOME_METABOLISM_OF_VITAMINS_AND_COFACTORS",176,-0.3312696470725503,-1.6598879153074042,1.8653985135940084e-4,0.0011597449044515892,"SHMT2;SLC52A2;SLC23A1;FASN;AGRN;PARP16;AKR1C1;SLC5A6;MTHFD2;COASY;PDSS1;PANK4;UBIAD1;HPDL;NFS1;ABCC1;GCHFR;SLC19A1;QPRT;NADSYN1;AKT1;NADK;COQ9;FLAD1;LRP8;MTHFS;MOCS3;CYB5R3;MCCC2;PNPO;PCCB;MMACHC;SLC2A1;PC;COQ8B;DCAKD;NUDT8;SLC25A19;PDZD11;RBP2;NAXE;CD320;SDC1;ACACA;MOCOS;NAPRT;HSPG2;GPC4;SPR;NMNAT3;TTPA;RFK;SLC25A51;MTHFD1L",-1.6131634640256467,0.001795599074556278,TRUE,
"REACTOME_TCF_DEPENDENT_SIGNALING_IN_RESPONSE_TO_WNT",176,-0.32975476602082676,-1.6522973232531513,2.0256148603347969e-4,0.0012521982772978745,"PSMB5;PSMD3;DVL1;CTBP1;SMARCA4;AKT2;AMER1;PSMC4;PSMD14;PSMD8;PSMA7;ZNRF3;KREMEN1;CSNK2A2;LRP5;CSNK1E;WNT3;WIF1;AXIN1;ADRM1;AKT1;KMT2B;TERT;WDR5;TLE3;PPP2R5D;PSMB2;PSMD2;DVL3;MEN1;PPP2R1A;UBB;BCL9L;HDAC1;PSMC5;H2AX;RUVBL1;UBA52;TCF7;PSMB3;PSMC3;PSMB4;TLE2;PSMD7;AXIN2;PSMD11;LRP6;PSMA6;RNF43;H2AJ;H2AC20;PSMB6;PSMD6;PSMB7;RBX1;PSMA5;KAT5;CTNNBIP1;LEO1;BTRC;PPP2R5B;CSNK1G2;FRAT2;CBY1;TRRAP;SOX13;PSMA3",-1.7018039884268092,5.905496850227224e-4,TRUE,
"REACTOME_RESOLUTION_OF_SISTER_CHROMATID_COHESION",117,-0.3775688162914062,-1.7573460782850727,2.1106993283615645e-4,0.001297424219919425,"TUBA1B;PLK1;TUBB4B;CDC20;CDCA8;CCNB2;RCC2;TUBA1C;INCENP;TUBA4A;RANGAP1;TUBB6;CENPM;BUB1B;CENPP;CENPO;PPP2R5D;KIF2C;NUP85;SEC13;SMC1A;PPP2R1A;CCNB1;AURKB;ZWINT;TUBAL3;CENPI;BUB3;DYNC1H1;CDCA5;DYNC1I1;NUP37;B9D2;NUP98;ERCC6L;CENPN;DYNLL1",-1.9472221494135784,3.486009882834662e-5,TRUE,
"REACTOME_DAP12_INTERACTIONS",34,0.5855840569668991,2.001371525777551,2.2232338722930062e-4,0.0013589204792442645,"BTK;GRAP2;PLCG2;HLA-E;SOS1;KLRD1;HLA-C;B2M;PIK3CA;HLA-B;SIGLEC15;LCP2;SIRPB1;KRAS;FYN;NRAS;CD300LB;RAC1",2.142674553082115,3.006096567811866e-4,TRUE,
"REACTOME_GLOBAL_GENOME_NUCLEOTIDE_EXCISION_REPAIR_GG_NER",83,-0.3963718329412613,-1.7323682154075033,2.285177212666256e-4,0.0013889792220004953,"MCRS1;ACTR5;COPS7B;RAD23A;POLE;POLD1;GPS1;XRCC1;ACTB;LIG1;UBB;COPS7A;TFPT;RUVBL1;UBA52;INO80E;DDB1;INO80;ERCC2;ERCC3;NFRKB;COPS6;RAD23B;POLE2;ERCC1;RBX1;POLD2;LIG3;RFC5",-1.8292617585533997,9.807190696465217e-4,TRUE,
"REACTOME_SIGNALING_BY_HEDGEHOG",130,-0.3480405928241762,-1.6520898212682127,2.5008985433137246e-4,0.0015116542306251846,"PSMB5;PSMD3;TUBA1B;VCP;PSMC4;TUBB4B;P4HB;PSMD14;PSMD8;PSMA7;TUBA1C;GRK2;TUBA4A;GNAS;TULP3;ADRM1;NOTUM;ULK3;TUBB6;PSMB2;PSMD2;UBB;SYVN1;PSMC5;GAS8;UBA52;PSMB3;PSMC3;FUZ;PSMB4;KIF7;OFD1;PSMD7;MKS1;ADCY5;PSMD11;PSMA6;ADCY6;IFT122;PSMB6;PSMD6;PSMB7;RBX1;SHH;PSMA5;IHH",-1.57376944829479,0.0038755787089847274,TRUE,
"REACTOME_MRNA_CAPPING",28,-0.577169763497398,-2.013624625612963,2.6388541192934095e-4,0.0015862283324813422,"POLR2E;POLR2F;POLR2H;SUPT5H;GTF2F1;POLR2L;POLR2D;POLR2G;ERCC2;ERCC3;POLR2C;POLR2I",-1.8648767736424627,0.007737050563461659,TRUE,
"REACTOME_CELLULAR_RESPONSE_TO_HYPOXIA",61,-0.44461531981673524,-1.8503354376740773,2.838148466560495e-4,0.0016966513909988012,"PSMB5;PSMD3;PSMC4;PSMD14;PSMD8;PSMA7;ADRM1;HIF3A;PSMB2;AJUBA;PSMD2;UBB;PSMC5;UBA52;PSMB3;EGLN1;PSMC3;VEGFA;PSMB4;PSMD7;HIF1AN;PSMD11;PSMA6;UBE2D2;PSMB6;PSMD6;PSMB7;RBX1;PSMA5;ELOB;PSMA3;PSMA4;WTIP;EP300;EGLN2",-1.8667321673030761,0.001153801827850441,TRUE,
"REACTOME_DISEASES_OF_MITOTIC_CELL_CYCLE",38,-0.5309415192019935,-1.9985668404485695,2.9104570159770694e-4,0.0017303700728869135,"CDKN1C;CDK4;E2F1;CCND1;ANAPC11;ANAPC15;CCNE1;UBE2C;UBE2S;ANAPC5;ANAPC2;FZR1",-1.8257411382115667,0.0076290215848765835,TRUE,
"REACTOME_TNF_RECEPTOR_SUPERFAMILY_TNFSF_MEMBERS_MEDIATING_NON_CANONICAL_NF_KB_PATHWAY",17,0.7071528902486626,1.9996546901576577,2.9697496266538445e-4,0.0017521623771916562,"TNFRSF13C;LTB;CD40LG;LTA;TNFSF13B;BIRC3;TNFSF11;BIRC2;TNFSF14",1.9831483785926571,0.002562421786989332,TRUE,
"REACTOME_RHO_GTPASES_ACTIVATE_FORMINS",130,-0.34503835313874426,-1.6378386973258532,2.979320218570371e-4,0.0017521623771916562,"DVL1;TUBA1B;PLK1;TUBB4B;CDC20;CDCA8;RCC2;TUBA1C;INCENP;TUBA4A;SRF;RANGAP1;ACTG1;TUBB6;CENPM;BUB1B;CENPP;CENPO;MRTFA;PPP2R5D;KIF2C;NUP85;ACTB;SEC13;DVL3;PPP2R1A;SRC;AURKB;ZWINT;TUBAL3;CENPI;BUB3;DYNC1H1;DYNC1I1;NUP37;B9D2;NUP98;ERCC6L;CENPN",-1.786513639022955,1.1051373625815651e-4,TRUE,
"REACTOME_PURINERGIC_SIGNALING_IN_LEISHMANIASIS_INFECTION",25,0.6251650172082719,1.9512944192279347,3.239635843074842e-4,0.0018950127942287248,"C3;TXNIP;PSTPIP1;NT5E;ENTPD1;NLRP3;C3AR1;P2RX7;IL18",1.8826614797682815,0.006584527501446327,TRUE,
"REACTOME_CELL_CELL_COMMUNICATION",272,-0.2815014211996351,-1.4979217432960819,3.4578328724308403e-4,0.0020118300348688526,"ACTG2;PSMB5;PSMD3;CTBP1;SMARCA4;NCK2;PVR;CDH24;ILF3;PSMC4;BANP;TCF3;TESK1;PSMD14;PSMD8;PSMA7;STRAP;POMT2;CSNK2A2;DDOST;PCSK6;RPN2;ADRM1;NECTIN1;RACK1;PKM;ACTG1;ACTC1;ACTA1;ACTN4;SNAI1;OST4;ACTN1;PRKCSH;CRB3;PSMB2;FLNC;ACTB;PSMD2;MOGS;CD151;LIMS2;CTNNA1;UBB;CTBP2;SRC;HDAC1;PSMC5;DNM2;H2AX;RBBP7;CASK;AGO2;UBA52;PLEC;FLNA;PSMB3;AGO1;PSMC3;ACTA2;KDM1A;FURIN;RPN1;PSMB4;PSMD7;MDM2;CDH3;GANAB;NECTIN2;DNTTIP1;KMT5A;MYCN;PSMD11;PSMA6;FOXQ1;CADM1;TCF12;CDH2;H2AJ;H2AC20;ADAM33;ARID1A;PSMB6;PSMD6;PARVB;PSMB7;VASP;CLDN3;PSMA5;MCRIP1;TFAP2A",-1.4447169113824367,0.003890146783235659,TRUE,
"REACTOME_GAP_JUNCTION_TRAFFICKING_AND_REGULATION",35,-0.5381292989303585,-1.9753940291568304,3.817157220017886e-4,0.0022090782209465217,"TUBA1B;TUBB4B;TUBA1C;TUBA4A;GJB1;ACTG1;TUBB6;ACTB;SRC;DNM2;TUBAL3;CLTA;GJA4;AP2M1",-1.7654295593012086,0.013425277535565907,TRUE,
"REACTOME_RECYCLING_PATHWAY_OF_L1",39,-0.511809238489529,-1.9309135046745118,4.0371168518815097e-4,0.0023240122406598318,"TUBA1B;KIF4A;TUBB4B;AP2A1;TUBA1C;TUBA4A;ACTG1;AP2A2;TUBB6;RPS6KA4;ACTB;SRC;DNM2;TUBAL3;CLTA",-1.9107765062309559,0.0027290284129404103,TRUE,
"REACTOME_PEROXISOMAL_PROTEIN_IMPORT",60,-0.44294480208576253,-1.827279562887789,4.3982968055589694e-4,0.0025186036444463994,"PEX10;NUDT19;PEX14;TYSND1;BAAT;PEX5;MPV17;ACOT8;ACAA1;DECR2;USP9X;UBB;ECH1;CRAT;UBA52;PEX6;MLYCD;AGXT;UBE2D2;IDH1;AMACR;SLC27A2;IDE;HSD17B4;ACOT2;PECR;PEX26;ACOX3",-1.9303963768209533,7.177870222662711e-4,TRUE,
"REACTOME_COMPLEX_III_ASSEMBLY",26,-0.5895151906581828,-2.002817475717572,4.549399306787874e-4,0.0025914902857514174,"BCS1L;CYC1;LETM1;NFS1;UQCRHL;HSPA9;UQCC1;UQCC6;UQCRC1;UQCRH;UQCRFS1;UQCC3;FXN",-2.1727073052130534,1.2384538654551194e-4,TRUE,
"REACTOME_TRANSPORT_OF_MATURE_TRANSCRIPT_TO_CYTOPLASM",79,-0.41168890185279167,-1.7805651178726711,4.811276468187504e-4,0.0027263899986395856,"AAAS;NUP188;SRSF9;THOC5;U2AF2;DDX39A;EIF4A3;RNPS1;NUP85;SEC13;RAE1;CPSF1;POLDIP3;MAGOH;NUP62;THOC6;SLBP;ALYREF;NUP93;THOC3;NUP37;SRSF7;CASC3;UPF3B;DHX38;NUP98;SYMPK;NXT1;POM121C;NUP214;SRSF4;NUP88;CPSF4;NDC1;NUP210",-1.9019351154678816,3.0493765083578053e-4,TRUE,
"REACTOME_DUAL_INCISION_IN_TC_NER",62,-0.43617796481427656,-1.8233567480877857,5.115267506213268e-4,0.002883632666715044,"POLE;POLR2E;POLD1;POLR2F;POLR2H;PRPF19;UVSSA;POLR2L;POLR2D;UBB;PPIE;POLR2G;UBA52;DDB1;ERCC2;ERCC3;POLR2C;POLR2I;XAB2;POLE2;ERCC1;RBX1;POLD2;RFC5;POLR2A",-1.9561483648837827,5.76781552422922e-4,TRUE,
"REACTOME_INTERLEUKIN_10_SIGNALING",42,0.5256522726832701,1.8923629601626553,5.593718968738625e-4,0.003137095998962693,"CCL19;CCR2;CCR5;CCL22;IL10RA;CCL5;CXCL10;CD80;CD86;IL18;STAT3;CSF1;CCL2;IL1R1;PTGS2;CCR1;PTAFR;JAK1;IL1R2",2.320478369610725,6.12538788323616e-6,TRUE,
"REACTOME_TRANSCRIPTIONAL_REGULATION_BY_RUNX2",102,-0.37755544659720824,-1.7094435884490955,6.129928606503601e-4,0.0034201858071158556,"SMAD6;PSMB5;PSMD3;AKT2;PSMC4;STUB1;CDK4;ESRRA;PSMD14;PSMD8;CCND1;PSMA7;ADRM1;AKT1;HDAC6;BAX;HEY2;PSMB2;PSMD2;HDAC4;UBB;SRC;PSMC5;CCNB1;COL1A1;UBA52;PSMB3;HAND2;PSMC3;RBM14;PSMB4;HDAC3;PSMD7;PSMD11;PSMA6;PSMB6;PSMD6;PSMB7;RBX1;PSMA5;IHH",-1.6069735565383396,0.008099172122758416,TRUE,
"REACTOME_RNA_POLYMERASE_II_TRANSCRIPTION_TERMINATION",64,-0.42571401696489203,-1.7926897561592463,6.558584749252972e-4,0.0036224749695058464,"SRSF9;THOC5;U2AF2;LSM10;SNRPF;DDX39A;CSTF2;EIF4A3;RNPS1;CPSF1;POLDIP3;MAGOH;THOC6;SLBP;ALYREF;THOC3;SRSF7;CASC3;PABPN1;UPF3B;DHX38;ZNF473;LSM11;CPSF6;SYMPK;CSTF1;SNRPB;SRSF4;CLP1;CPSF4",-1.8945712607014455,0.001090421000666449,TRUE,
"REACTOME_GAP_JUNCTION_ASSEMBLY",22,-0.5908878635680543,-1.9153705016053393,6.559076920888343e-4,0.0036224749695058464,"TUBA1B;TUBB4B;TUBA1C;TUBA4A;GJB1;TUBB6;TUBAL3;GJA4",-1.6188902514527346,0.07569839046946956,FALSE,
"REACTOME_DNA_DOUBLE_STRAND_BREAK_REPAIR",147,-0.3308078500796721,-1.614579081395959,6.649579848574817e-4,0.003653908023865797,"PPP5C;MUS81;NSD2;HERC2;XRCC3;POLE;KDM4A;POLD1;RAD51D;KPNA2;XRCC1;EME1;FEN1;RAD51;RAD51C;TIPIN;SLX4;UBB;PPP4C;CCNA2;POLL;H2AX;TIMELESS;TP53BP1;RAD9A;UBA52;CLSPN;RAD50;RAD52;EME2;POLM;CHEK2;PIAS4;DNA2;BAP1;PAXIP1;RTEL1;RNF4;POLE2;ERCC1;BLM;POLD2;KAT5;UBXN1;LIG3;RFC5;XRCC6",-1.673776923226675,0.0010190906449945541,TRUE,
"REACTOME_AUTOPHAGY",146,-0.3317449246757226,-1.6178431328234124,6.683158977475126e-4,0.003653908023865797,"PGAM5;ATG101;TOMM40;TUBA1B;HSF1;ATG4D;MLST8;VCP;TUBB4B;MFN2;TUBA1C;RPTOR;CSNK2A2;TUBA4A;ULK1;PEX5;HDAC6;TUBB6;TOMM5;MTOR;ATG9A;ATG16L1;ATG4B;WDR45B;VDAC2;LAMTOR1;UBB;SRC;UBA52;TUBAL3;VDAC1;MVB12B;FUNDC1;DYNC1H1;PLIN2;DYNC1I1;LAMTOR5;PLIN3;TOMM22;AMBRA1;ATG16L2;DYNLL1;VPS37C;UBE2D2;SQSTM1;UBE2L3;CHMP6;HSP90AB1;PARK7;RRAGA;PRKAG1",-1.564744321388256,0.0051878664113959696,TRUE,
"REACTOME_TP53_REGULATES_METABOLIC_GENES",78,-0.40397464302672437,-1.7436786251972656,6.772637286890755e-4,0.003684314684068571,"PRDX2;G6PD;GPI;AKT2;MLST8;COX7B;RPTOR;COX5A;AKT1;MTOR;SESN2;LAMTOR1;PRDX1;COX8A;DDIT4;AGO2;COX6A1;AGO1;TIGAR;PRDX5;COX5B;LAMTOR5;SCO2;COX4I1;YWHAQ;YWHAH;COX4I2;COX7A1;COX7C;RRAGA;PRKAG1;COX6B1;TSC2;PRKAA2;TXNRD1;TXN",-1.8990675204174987,3.928147415623216e-4,TRUE,
"REACTOME_SIGNALING_BY_NOTCH4",71,-0.4108272116133625,-1.7555377587118053,6.852672225631434e-4,0.003709307154968657,"PSMB5;PSMD3;PSMC4;DLL4;PSMD14;PSMD8;PSMA7;ADRM1;AKT1;KAT2A;HEY2;NOTCH1;PSMB2;PSMD2;UBB;PSMC5;TACC3;UBA52;PSMB3;PSMC3;ACTA2;PSMB4;PSMD7;PSMD11;PSMA6;PSMB6;PSMD6;PSMB7;RBX1;PSMA5",-1.7901684740688761,0.0033228881744212825,TRUE,
"REACTOME_FANCONI_ANEMIA_PATHWAY",37,-0.5084119399377109,-1.8985420555403731,6.91309947965448e-4,0.0037210236295137766,"MUS81;FANCA;FAAP100;EME1;CENPX;SLX4;UBB;FAAP24;UBA52;FAN1;FANCB;FANCI;FANCE;POLN;EME2",-1.9165539918614707,0.006308995623208835,TRUE,
"REACTOME_DEGRADATION_OF_CRY_AND_PER_PROTEINS",48,-0.47216400071956,-1.837707984784219,6.942718720508241e-4,0.0037210236295137766,"PSMB5;PSMD3;PSMC4;PSMD14;PSMD8;PSMA7;ADRM1;PSMB2;PSMD2;UBB;PSMC5;UBA52;PSMB3;PSMC3;PSMB4;PSMD7;PSMD11;PSMA6;PSMB6;PSMD6;PSMB7;RBX1;PSMA5;BTRC",-1.8963370041350645,0.0017430854978237576,TRUE,
"REACTOME_SARS_COV_1_MODULATES_HOST_TRANSLATION_MACHINERY",36,-0.5187518778418997,-1.9202636276252827,7.037528803571409e-4,0.0037533486952380847,"RPS2;RPS14;RPS17;RPS16;RPS23;FAU;RPS3;RPS26;RPS4X;RPS28;RPS8;RPS21;RPS27L;RPS15;RPS18;RPS11;EEF1A1;RPS6;RPS5",-1.803117031159331,0.006180503840049688,TRUE,
"REACTOME_PROTEIN_FOLDING",84,-0.3812132334080459,-1.6701535612122587,7.121251537392637e-4,0.0037794739866747265,"CCT7;TUBA1B;TBCB;TUBB4B;GNB1;CCNE1;TUBA1C;TBCD;CCT5;CSNK2A2;ARL2;CCT2;PFDN2;TUBA4A;TUBB6;FBXW9;GNG5;ACTB;TCP1;TUBAL3;FBXW5;CCT4;SPHK1;USP11;CCT3;GNB2;GNG4;SKIC2;HDAC3;CCT6A;KIFC3",-1.6025088831777492,0.009564100795836101,TRUE,
"REACTOME_CELLULAR_RESPONSE_TO_HEAT_STRESS",95,-0.3731751209971922,-1.6665075340209374,7.357969040020647e-4,0.0038861506386128467,"AAAS;NUP188;HSF1;MLST8;VCP;RPTOR;HSPA9;HSPA12A;HDAC6;SERPINH1;MTOR;FKBP4;NUP85;SEC13;RAE1;HSPB8;UBB;AKT1S1;NUP62;MRPL18;CRYAB;CAMK2G;NUP93;NUP37;RPS19BP1;NUP98;HSPA4;POM121C;HSP90AB1;HSPB1;EEF1A1;NUP214;HIKESHI;CCAR2;NUP88;NDC1;NUP210",-1.7859625254107754,9.722206633682085e-4,TRUE,
"REACTOME_CROSS_PRESENTATION_OF_SOLUBLE_EXOGENOUS_ANTIGENS_ENDOSOMES",41,-0.48876234101295407,-1.8424026358479413,7.44677154176045e-4,0.00391405190214269,"PSMB5;PSMD3;PSMC4;PSMD14;PSMD8;PSMA7;ADRM1;PSMB2;PSMD2;PSMC5;PSMB3;PSMC3;PSMB4;PSMD7;PSMD11;PSMA6;PSMB6;PSMD6;PSMB7;PSMA5",-1.733539164987359,0.014453161923011371,TRUE,
"REACTOME_RMTS_METHYLATE_HISTONE_ARGININES",44,-0.471082152919036,-1.801355317277245,7.550762129571504e-4,0.003939495881774328,"SMARCB1;CARM1;PRMT1;SMARCA4;CDK4;RPS2;CCND1;PRMT6;WDR5;SMARCD2;H2AX;RBBP7;COPRS;PRMT5;PRMT7;SMARCD1;WDR77;H2AJ;H2AC20;ARID1A;SMARCC2",-1.5973707205829886,0.02759192020284655,TRUE,
"REACTOME_CHROMOSOME_MAINTENANCE",112,-0.3550429840339968,-1.637267006722485,7.567597787599583e-4,0.003939495881774328,"PIF1;OIP5;POLR2E;RUVBL2;POLD1;NHP2;TERT;POLR2F;CENPM;POLR2H;CENPP;CENPO;CENPX;FEN1;NOP10;DKC1;LIG1;POLR2L;POLR2D;CCNA2;H2AX;RBBP7;DSCC1;RUVBL1;POLR2G;CHTF18;CENPI;POLR2C;POLR2I;CENPN;POLA1;DNA2;RTEL1;H2AJ;H2AC20;BLM;POLD2;RFC5;ACD;HJURP;POLR2A;MIS18A;CENPT",-1.843988157631501,2.8220860158168306e-4,TRUE,
"REACTOME_APC_C_CDC20_MEDIATED_DEGRADATION_OF_CYCLIN_B",24,-0.5867518568816629,-1.9570016697539712,8.111975085278699e-4,0.004202775663230107,"CDC20;ANAPC11;ANAPC15;UBE2C;UBE2S;ANAPC5;ANAPC2;UBB;CCNB1;UBA52",-1.815483990053807,0.016284976619169812,TRUE,
"REACTOME_APC_CDC20_MEDIATED_DEGRADATION_OF_NEK2A",26,-0.5764918979082432,-1.9585721725866323,8.584653906323133e-4,0.004402552628069491,"CDC20;ANAPC11;ANAPC15;UBE2C;UBE2S;BUB1B;ANAPC5;ANAPC2;UBB;UBA52;BUB3;ANAPC7",-1.9411149188622776,0.0034515564250845294,TRUE,
"REACTOME_SELECTIVE_AUTOPHAGY",79,-0.3996447657859622,-1.7284739187682148,8.586361427625793e-4,0.004402552628069491,"PGAM5;TOMM40;TUBA1B;HSF1;VCP;TUBB4B;MFN2;TUBA1C;CSNK2A2;TUBA4A;ULK1;PEX5;HDAC6;TUBB6;TOMM5;ATG9A;VDAC2;UBB;SRC;UBA52;TUBAL3;VDAC1;FUNDC1;DYNC1H1;PLIN2;DYNC1I1;PLIN3;TOMM22;DYNLL1;UBE2D2;SQSTM1;UBE2L3",-1.722074087873198,0.0031640282940305084,TRUE,
"REACTOME_PCP_CE_PATHWAY",78,-0.3993852264276725,-1.723869293685924,8.618967920761044e-4,0.004402552628069491,"PSMB5;PSMD3;DVL1;SCRIB;PSMC4;AP2A1;PSMD14;PSMD8;PSMA7;ADRM1;AP2A2;PSMB2;PSMD2;DVL3;UBB;PSMC5;UBA52;PSMB3;CLTA;PSMC3;FZD3;PSMB4;PSMD7;AP2M1;WNT11;PSMD11;PSMA6;PSMB6;PSMD6;PSMB7;PSMA5",-1.8231753121699878,0.0011048748506523338,TRUE,
"REACTOME_HEDGEHOG_ON_STATE",73,-0.3999674148310776,-1.7292815507230552,8.865164766226512e-4,0.0045071491895581515,"PSMB5;PSMD3;PSMC4;PSMD14;PSMD8;PSMA7;GRK2;ADRM1;ULK3;PSMB2;PSMD2;UBB;PSMC5;GAS8;UBA52;PSMB3;PSMC3;PSMB4;KIF7;PSMD7;PSMD11;PSMA6;PSMB6;PSMD6;PSMB7;RBX1;SHH;PSMA5;IHH",-1.6480566396438014,0.011316129344250185,TRUE,
"REACTOME_RNA_POLYMERASE_III_TRANSCRIPTION",41,-0.4847711458085576,-1.8273577194382116,9.14884408114139e-4,0.004629740632689224,"POLR3H;POLR3K;GTF3C5;POLR2E;POLR3E;BRF1;POLR2F;POLR3A;POLR2H;POLR2L;SNAPC5;BRF2;GTF3C2;POLR1C;POLR3D;SNAPC4;GTF3C1;POLR3B",-1.943500763866531,0.0016693669417723806,TRUE,
"REACTOME_INTRA_GOLGI_AND_RETROGRADE_GOLGI_TO_ER_TRAFFIC",189,-0.3013461370729538,-1.5215731699465898,9.304345363496803e-4,0.0046866332201317236,"KIF18B;KLC2;TUBA1B;RABEPK;MAN2A2;KIF4A;TUBB4B;KIF20A;TUBA1C;TUBA4A;COPE;ACTR1A;ARF1;BET1L;RAB6B;TUBB6;KIF23;ARFIP2;PAFAH1B3;VPS51;STX10;ARF5;KIF2C;ARFGAP1;TMED3;KIFC1;SURF4;RAB36;BICD2;COPG1;COG8;YKT6;TMED9;USP6NL;TUBAL3;KIFC2;KLC3;DYNC1H1;RAB1B;GBF1;DYNC1I1;STX18;DCTN2;PLIN3;KLC1;KIF22;RAB43;DCTN3;KIF26B;KIF3C;DYNLL1;RACGAP1;COPZ1;BNIP1;USE1;GALNT2;KIF1A;KIF1C;KIF26A;KIF21A;KLC4;NAPA;NAA38;KIF3B;KIF12;DCTN1;KDELR1",-1.3479191728715867,0.06580769274281872,FALSE,
"REACTOME_IRAK4_DEFICIENCY_TLR2_4",15,0.6925345371561435,1.8869224710599097,9.517304115335715e-4,0.004771809620960948,"BTK;TLR6;TLR1;LY96;CD36",1.8463136252898937,0.005938150471078528,TRUE,
"REACTOME_SNRNP_ASSEMBLY",54,-0.43291729685427754,-1.7334247137500118,9.800981524431185e-4,0.0048914990360463895,"AAAS;NUP188;SNRPF;SNUPN;GEMIN7;NUP85;SEC13;RAE1;GEMIN8;GEMIN4;NUP62;PRMT5;NUP93;NUP37;NUP98;WDR77;GEMIN5;POM121C;SNRPB;NUP214;NUP88;NDC1;NUP210",-1.905700879230102,0.0010213754311156464,TRUE,
"REACTOME_MITOTIC_SPINDLE_CHECKPOINT",109,-0.35361801772806284,-1.623482878482809,9.888087349223483e-4,0.004912437915961255,"PLK1;CDC20;CDCA8;ANAPC11;ANAPC15;RCC2;INCENP;RANGAP1;UBE2C;UBE2S;CENPM;BUB1B;CENPP;ANAPC5;ANAPC2;CENPO;PPP2R5D;KIF2C;NUP85;SEC13;PPP2R1A;AURKB;ZWINT;CENPI;BUB3;DYNC1H1;DYNC1I1;NUP37;ANAPC7;B9D2;NUP98;ERCC6L;CENPN;DYNLL1;SKA1;CKAP5;PPP2R5B;BIRC5;CENPT;CLASP1;CENPA;KNL1;BUB1;NUDC;CDC23;CENPE;ZWILCH",-1.934731673382407,7.425031039578006e-5,TRUE,
"REACTOME_REGULATION_OF_TLR_BY_ENDOGENOUS_LIGAND",16,0.6810674257808982,1.8898011243930342,9.960286076458303e-4,0.004925814205084833,"TLR7;TLR6;TLR1;LY96;CD36",1.9225916626908233,0.0051878664113959696,TRUE,
"REACTOME_FORMATION_OF_PARAXIAL_MESODERM",53,-0.4421891613235893,-1.7643462744490497,0.001036351513379682,0.0051020382197153585,"PSMB5;PSMD3;PSMC4;PSMD14;PSMD8;PSMA7;ADRM1;BMP4;KAT2A;NOTCH1;PSMB2;PSMD2;PSMC5;PSMB3;PSMC3;PSMB4;DLL3;PSMD7;PSMD11;PSMA6;LFNG;PSMB6;PSMD6;PSMB7;PSMA5",-1.8348534926853153,0.0027560001077871266,TRUE,
"REACTOME_CARBOXYTERMINAL_POST_TRANSLATIONAL_MODIFICATIONS_OF_TUBULIN",32,-0.5146842258768602,-1.850694591366962,0.001074503597625872,0.005266035649625895,"TUBA1B;TUBB4B;TTLL12;TUBA1C;TUBA4A;TUBB6;TTLL7;TTL;TTLL10;TTLL4;TUBAL3",-1.7212109677546357,0.024934591305888244,TRUE,
"REACTOME_HIV_ELONGATION_ARREST_AND_RECOVERY",31,-0.5354424078634562,-1.9147759297890625,0.0010989948898139292,0.005361912287522668,"NELFA;POLR2E;POLR2F;NELFCD;POLR2H;SUPT5H;SSRP1;GTF2F1;POLR2L;POLR2D;POLR2G;POLR2C;POLR2I;NELFB;CTDP1;POLR2A;ELOB",-2.159172422647007,2.843420281535738e-4,TRUE,
"REACTOME_ABC_TRANSPORTER_DISORDERS",60,-0.4255668155819153,-1.7555901798470739,0.0011104082438319184,0.005393411470040747,"PSMB5;PSMD3;ABCB6;VCP;PSMC4;KCNJ11;PSMD14;PSMD8;PSMA7;ADRM1;ABCD1;PSMB2;PSMD2;UBB;ABCC6;PSMC5;UBA52;PSMB3;PSMC3;PSMB4;PSMD7;PSMD11;PSMA6;PSMB6;PSMD6;PSMB7;PSMA5",-1.787113814576487,0.0033228881744212825,TRUE,
"REACTOME_GLUCONEOGENESIS",19,-0.6070669786543742,-1.9195442758543675,0.001157622387331933,0.0055977473662984145,"GAPDH;GPI;ALDOA;ENO1;PCK2;PGK1;TPI1;PC;G6PC3;ENO3;ALDOC;PGAM1",-1.8138007160651746,0.02083248335420558,TRUE,
"REACTOME_AGGREPHAGY",35,-0.5079338200356209,-1.8645508380598985,0.0011940148466972958,0.005748177669056009,"TUBA1B;HSF1;VCP;TUBB4B;TUBA1C;TUBA4A;HDAC6;TUBB6;UBB;UBA52;TUBAL3;DYNC1H1;DYNC1I1",-1.787237602431049,0.012001431930932768,TRUE,
"REACTOME_DECTIN_2_FAMILY",17,0.6722503067530681,1.9009587564380872,0.0012337691694134319,0.005913395842827374,"CLEC10A;MUC4;PLCG2;MUC5AC;FCER1G;MUC1;CLEC4E;MUC13;FYN",1.8740242503594775,0.009564100795836101,TRUE,
"REACTOME_HIV_LIFE_CYCLE",145,-0.32665970537740024,-1.5883156576474595,0.0012661651542486036,0.006042051262379301,"AAAS;NUP188;NELFA;RAN;POLR2E;RCC1;RANGAP1;RANBP1;POLR2F;NELFCD;POLR2H;SUPT5H;SSRP1;GTF2F1;FEN1;NUP85;SEC13;LIG1;RAE1;POLR2L;POLR2D;UBB;TAF8;TAF5;POLR2G;UBA52;MVB12B;ERCC2;NUP62;ERCC3;FURIN;POLR2C;HMGA1;POLR2I;NUP93;TAF10;NUP37;NMT1;NUP98;TAF9;TAF6;NELFB;VPS37C;TAF4;CTDP1;CHMP6;POM121C;PPIA;XRCC6;NUP214;POLR2A;ELOB;NUP88;TAF1;TAF15;NDC1;NUP210",-1.7922442294922352,2.1306692422522414e-4,TRUE,
"REACTOME_RHO_GTPASES_ACTIVATE_IQGAPS",24,-0.5752036051063831,-1.9184846241887967,0.001326100366798246,0.006300424450115685,"TUBA1B;TUBB4B;TUBA1C;TUBA4A;ACTG1;TUBB6;ACTB;MEN1;CTNNA1;TUBAL3",-1.8672554574668594,0.011316129344250185,TRUE,
"REACTOME_G1_S_SPECIFIC_TRANSCRIPTION",28,-0.5350577957544689,-1.8667047752619266,0.00135088657458696,0.00637718054388427,"CDC45;TYMS;LIN37;E2F1;CCNE1;ORC1;CDC6;HDAC1;E2F4;CDT1;RRM2;POLA1;TK1;CDC25A",-1.712502488171933,0.026304132314139094,TRUE,
"REACTOME_COMPLEX_IV_ASSEMBLY",46,-0.46180869845244166,-1.7803105039303468,0.0013539785897401344,0.00637718054388427,"COX7B;RAB5IF;TMEM177;COX5A;PNKD;COX8A;COX6A1;TMEM223;TACO1;COX5B;SCO2;COX4I1;TIMM21;COX4I2;COX7A1;COX7C;COX6B1;COA3;COX11;COA1;COX18;SURF1;COX19;COX14",-1.8601705434393725,0.005001666983221941,TRUE,
"REACTOME_ACTIVATION_OF_NF_KAPPAB_IN_B_CELLS",54,-0.42524237681182153,-1.7026939109516042,0.001451716887772112,0.006808051611620938,"PSMB5;PSMD3;PSMC4;PSMD14;PSMD8;PSMA7;ADRM1;NFKBIB;PSMB2;PSMD2;UBB;PSMC5;UBA52;PSMB3;PSMC3;IKBKG;PSMB4;PSMD7;PSMD11;PSMA6;RELA;PSMB6;PSMD6;PSMB7;PSMA5;BTRC",-1.6810673047385274,0.011319549746056434,TRUE,
"REACTOME_CYCLIN_A_B1_B2_ASSOCIATED_EVENTS_DURING_G2_M_TRANSITION",31,-0.5256691247436617,-1.8798260509636848,0.0014655966569659948,0.006843644475446362,"PLK1;FOXM1;CCNB2;PKMYT1;TICRR;PPME1;FZR1;PPP2R1A;CCNA2;CCNB1;PPP2R3B;CDC25B;CDC25C;HJURP;CDC25A",-1.9643873713411295,0.002439812899645987,TRUE,
"REACTOME_FORMATION_OF_RNA_POL_II_ELONGATION_COMPLEX",55,-0.4238569420875582,-1.7117316063784602,0.0014729169143929762,0.006848434200254522,"NELFA;SKIC8;POLR2E;POLR2F;NELFCD;POLR2H;PAF1;SUPT5H;SSRP1;GTF2F1;MLLT1;POLR2L;POLR2D;POLR2G;ERCC2;ERCC3;POLR2C;POLR2I",-2.0206502193774116,2.0242652181735285e-4,TRUE,
"REACTOME_RNA_POLYMERASE_I_TRANSCRIPTION_INITIATION",46,-0.460198822212573,-1.7741042986564521,0.0015107472533144575,0.006994438347260126,"MTA1;POLR2E;POLR1A;POLR2F;MTA2;POLR2H;KAT2A;GATAD2A;POLR1G;POLR2L;HDAC1;RBBP7;ERCC2;ERCC3;TAF1C;MBD3;POLR1C",-2.0033949137765834,8.787398879468864e-4,TRUE,
"REACTOME_INHIBITION_OF_THE_PROTEOLYTIC_ACTIVITY_OF_APC_C_REQUIRED_FOR_THE_ONSET_OF_ANAPHASE_BY_MITOTIC_SPINDLE_CHECKPOINT_COMPONENTS",21,-0.5712324455835278,-1.8399884805984785,0.0015176452614908587,0.006996601883483281,"CDC20;ANAPC11;ANAPC15;UBE2C;UBE2S;BUB1B;ANAPC5;ANAPC2;BUB3;ANAPC7",-1.8682255957467693,0.007333807883232247,TRUE,
"REACTOME_PLATELET_ACTIVATION_SIGNALING_AND_AGGREGATION",219,0.321110207116063,1.4943987973173851,0.0016209455525669184,0.0074387082244160236,"PIK3CG;PRKCB;MMRN1;SELENOP;RASGRP1;GNG2;APBB1IP;GNGT2;RAP1A;DGKA;VAV1;PLCG2;RAB27B;GNAQ;HGF;CD36;SOS1;SELP;GNB4;DGKH;F5;ITPR1;A2M;GNA13;PIK3R6;GNG7;CLEC3B;RASGRP2;PIK3CA;PRKCH;CTSW;RHOA;RAP1B;PECAM1;LHFPL2;PROS1;FCER1G;GNG12;F2R;PHACTR2;RAC2;FAM3C;GNA15;CFD;IGF1;LCP2;TTN;SERPING1;PIK3R5;GNG11;F13A1;GP1BA;YWHAZ;PDGFA;P2RY1;SRGN;RAPGEF3;STXBP3",1.5937155822838205,0.002632222973081035,TRUE,
"REACTOME_PYRUVATE_METABOLISM",44,-0.458170891583804,-1.7519843761051783,0.0016272174240910052,0.0074387082244160236,"PGAM5;PDHA1;MAEA;HAGH;ME3;RMND5B;PDHX;PKM;PDK3;FAHD1;PKLR;PC;UBB;UBA52;VDAC1",-1.828023810452061,0.0029559040191660508,TRUE,
"REACTOME_INTERLEUKIN_3_INTERLEUKIN_5_AND_GM_CSF_SIGNALING",43,0.4910266861563216,1.7683073903540463,0.0017025506020880588,0.007750523242978277,"PIK3CD;VAV1;IL2RB;IL2RA;CSF2RB;SOS1;BLNK;JAK3;PIK3CA;JAK2;IL3RA;STAT5A;YES1;YWHAZ;HCK;FYN;JAK1;PIK3CB;IL2RG",1.8529538179637957,0.008341931796453421,TRUE,
"REACTOME_INTERLEUKIN_1_SIGNALING",100,-0.3553557586945123,-1.601170917412931,0.0017123914325750198,0.007762841161006756,"PSMB5;PSMD3;IRAK1;TNIP2;TAB1;PSMC4;PSMD14;PSMD8;PSMA7;MAP2K1;NKIRAS2;TOLLIP;ADRM1;LRRC14;PELI3;NFKBIB;PSMB2;NLRX1;PSMD2;UBB;PSMC5;UBA52;PSMB3;PSMC3;IKBKG;PSMB4;PSMD7;PSMD11;PSMA6;RELA;NOD2;SQSTM1;PSMB6;PSMD6;PSMB7;RBX1;PSMA5",-1.5091224887045565,0.019950228342135157,TRUE,
"REACTOME_TRANSCRIPTION_OF_THE_HIV_GENOME",66,-0.402594343458871,-1.7043398861025028,0.001795063902323902,0.008103856953229897,"NELFA;POLR2E;POLR2F;NELFCD;POLR2H;SUPT5H;SSRP1;GTF2F1;POLR2L;POLR2D;TAF8;TAF5;POLR2G;ERCC2;ERCC3;POLR2C;POLR2I;TAF10;TAF9;TAF6;NELFB;TAF4;CTDP1;POLR2A;ELOB;TAF1;TAF15",-1.9923077196098884,1.8284253011934562e-4,TRUE,
"REACTOME_RESOLUTION_OF_ABASIC_SITES_AP_SITES",38,-0.47992387206310466,-1.8065265230841665,0.00181288091376136,0.008150472868480826,"POLE;POLD1;ADPRS;XRCC1;FEN1;LIG1;APEX1;SMUG1;MPG;UNG;OGG1;PNKP;MUTYH;POLE2;POLD2;LIG3;RFC5;POLE4;PARP2;PCNA;NEIL2;TDG",-1.8528199800651897,0.005425750069047818,TRUE,
"REACTOME_DAP12_SIGNALING",25,0.5792679923882321,1.8080384693181952,0.001882490187733388,0.008428598042197227,"BTK;GRAP2;PLCG2;HLA-E;SOS1;KLRD1;B2M;PIK3CA;LCP2;KRAS;FYN;NRAS;RAC1;PIK3CB",1.8224306973971982,0.011306433842847638,TRUE,
"REACTOME_PHOSPHORYLATION_OF_THE_APC_C",20,-0.5804635250037761,-1.8546811211817376,0.0020489446033378975,0.009136277575539477,"PLK1;ANAPC11;ANAPC15;UBE2C;UBE2S;ANAPC5;ANAPC2;CCNB1",-1.79268451520973,0.025090911507641946,TRUE,
"REACTOME_ACTIVATION_OF_THE_PRE_REPLICATIVE_COMPLEX",32,-0.49848424973237393,-1.792442935840127,0.0020650736336201183,0.009170612707668117,"CDC45;MCM2;MCM5;POLE;ORC1;CDC6;MCM7;ORC6;CDT1;MCM10;POLA1;MCM3;POLE2;MCM6;GMNN;MCM4;PRIM1;POLE4;POLA2;CDC7",-1.8695597519065317,0.008190100085675377,TRUE,
"REACTOME_TRANSCRIPTIONAL_REGULATION_BY_VENTX",39,-0.4681936766453662,-1.76636415494529,0.0020862676520287133,0.009227069940679837,"CEBPB;VENTX;CCND1;ANAPC11;ANAPC15;UBE2C;UBE2S;EHMT1;ANAPC5;ANAPC2;FZR1;CDKN2A;AGO1",-1.6182841858981902,0.03660910577049555,TRUE,
"REACTOME_DNA_STRAND_ELONGATION",32,-0.497608857556975,-1.7892952124732884,0.0021439925975452806,0.009408085224693807,"CDC45;MCM2;MCM5;POLD1;FEN1;LIG1;MCM7;POLA1;DNA2;MCM3;POLD2;RFC5;GINS2;MCM6;MCM4;PRIM1;GINS3;POLA2;PCNA;GINS4;RFC2",-1.844590094483978,0.010337988577937161,TRUE,
"REACTOME_HOMOLOGY_DIRECTED_REPAIR",118,-0.3307615466457576,-1.5424714077696973,0.002154003489125477,0.009408085224693807,"MUS81;NSD2;HERC2;XRCC3;POLE;POLD1;RAD51D;XRCC1;EME1;FEN1;RAD51;RAD51C;TIPIN;SLX4;UBB;PPP4C;CCNA2;H2AX;TIMELESS;TP53BP1;RAD9A;UBA52;CLSPN;RAD50;RAD52;EME2;PIAS4;DNA2;RTEL1;RNF4;POLE2;ERCC1;BLM;POLD2;KAT5;LIG3;RFC5",-1.6835032522000073,0.0017104637551526118,TRUE,
"REACTOME_INTERFERON_ALPHA_BETA_SIGNALING",64,0.4337286256144184,1.680548704204928,0.002154117430076989,0.009408085224693807,"IRF4;GBP2;RNASEL;HLA-E;IRF6;HLA-C;IFNAR1;IRF2;IFIT2;STAT2;STAT1;HLA-B;HLA-F;RSAD2;IFIT3;IRF1;EGR1;IFIT5;IFI35;IFNAR2;SAMHD1;ADAR;XAF1;JAK1",1.9196257227617517,7.653463431018882e-4,TRUE,
"REACTOME_INTERACTIONS_OF_REV_WITH_HOST_CELLULAR_PROTEINS",37,-0.48006559958625583,-1.792689468198518,0.002161953631246741,0.009408085224693807,"AAAS;NUP188;RAN;RCC1;RANGAP1;RANBP1;NUP85;SEC13;RAE1;NUP62;NUP93;NUP37;NUP98;POM121C;NUP214;KPNB1;NUP88;NDC1;NUP210",-1.9135703843185115,0.006518867600643728,TRUE,
"REACTOME_SIGNALING_BY_ERYTHROPOIETIN",24,0.5924322440482246,1.8500846240128084,0.0021704314259174133,0.009408085224693807,"PIK3CG;PIK3CD;VAV1;PLCG2;SOS1;GAB1;PIK3CA;JAK2;STAT5A;PIK3R5;KRAS;NRAS",1.9214160660452524,0.0047298311028143225,TRUE,
"REACTOME_TELOMERE_MAINTENANCE",85,-0.36069624714885024,-1.5851305165883025,0.002299955443880711,0.0099299663608818,"PIF1;POLR2E;RUVBL2;POLD1;NHP2;TERT;POLR2F;POLR2H;FEN1;NOP10;DKC1;LIG1;POLR2L;POLR2D;CCNA2;H2AX;DSCC1;RUVBL1;POLR2G;CHTF18;POLR2C;POLR2I;POLA1;DNA2;RTEL1;H2AJ;H2AC20;BLM;POLD2;RFC5;ACD;POLR2A",-1.764516064715772,0.001069974907859839,TRUE,
"REACTOME_MAPK6_MAPK4_SIGNALING",73,-0.37843180289467265,-1.6361711246627604,0.0023342371692410494,0.010038142451123564,"PSMB5;PSMD3;PSMC4;PSMD14;PSMD8;PSMA7;ADRM1;PSMB2;PSMD2;UBB;PSMC5;AGO2;UBA52;PSMB3;AGO1;PSMC3;PSMB4;PSMD7;PSMD11;MAPKAPK5;PSMA6;PSMB6;PSMD6;PSMB7;PSMA5;HSPB1;CCND3",-1.808877869978202,0.0016702494343634818,TRUE,
"REACTOME_RAP1_SIGNALLING",15,0.6657211553223799,1.8138650710419943,0.0023525011143048676,0.010076855166786206,"RASGRP1;RAP1A;RASGRP2;RAP1B;RAP1GAP;YWHAZ;PRKACB;RAPGEF3;PRKG1",1.537332007647937,0.1095696169897359,FALSE,
"REACTOME_REGULATION_OF_RAS_BY_GAPS",55,-0.4105646616205465,-1.6580511912738498,0.002616901966412455,0.011165448390026474,"PSMB5;PSMD3;PSMC4;PSMD14;PSMD8;PSMA7;HRAS;ADRM1;PSMB2;PSMD2;UBB;PSMC5;UBA52;PSMB3;PSMC3;PSMB4;PSMD7;PSMD11;PSMA6;PSMB6;PSMD6;PSMB7;RBX1;PSMA5",-1.7818358260409026,0.003890146783235659,TRUE,
"REACTOME_HIV_TRANSCRIPTION_INITIATION",45,-0.4370191519790076,-1.678950296746314,0.0027604750654862584,0.011732019028316599,"POLR2E;POLR2F;POLR2H;GTF2F1;POLR2L;POLR2D;TAF8;TAF5;POLR2G;ERCC2;ERCC3;POLR2C;POLR2I;TAF10;TAF9;TAF6;TAF4;POLR2A;TAF1;TAF15",-1.9274059419546228,0.0015791405629688605,TRUE,
"REACTOME_REGULATION_OF_TP53_ACTIVITY",155,-0.3088465938709182,-1.5204533126257271,0.002780278812788887,0.01177020758098953,"NOC2L;AKT2;MLST8;BANP;CSNK2A2;AKT1;MTA2;RNF34;MTOR;AURKA;EHMT1;TP53RK;SSRP1;GATAD2A;ING5;PPP2R1A;UBB;PML;HDAC1;MAPKAP1;CCNA2;POU4F1;CDKN2A;BRD1;TAF8;TAF5;RBBP7;AURKB;RAD9A;UBA52;RAD50;PRMT5;PIP4P1;ZNF385A;MBD3;CDK5R1;CDK5;TAF10;MDM2;TPX2;KMT5A;CHEK2;TAF9;BRPF1;TAF6;MAPKAPK5;DNA2;TAF4;EHMT2;BLM;STK11;KAT5;PRKAG1;RFC5;SETD9;PIN1;TAF1;TAF15;PPP1R13L;PRKAA2;DAXX;ING2;EP300;RHNO1;HDAC2",-1.6605589600810287,0.0018347863829269752,TRUE,
"REACTOME_AMINO_ACIDS_REGULATE_MTORC1",50,-0.4207242727423012,-1.6607975916111144,0.0028098953352008464,0.011849481103482641,"NPRL3;MLST8;WDR24;RPTOR;ITFG2;MTOR;TCIRG1;SH3BP4;SESN2;SEC13;LAMTOR1;ATP6V1F;KPTN;ATP6V0B;DEPDC5;WDR59;LAMTOR5;ATP6V1E1",-1.5984756974775796,0.035918506805708295,TRUE,
"REACTOME_RNA_POLYMERASE_III_TRANSCRIPTION_INITIATION_FROM_TYPE_3_PROMOTER",28,-0.5111005851080662,-1.7831230764801418,0.002857795790568805,0.012004949112505249,"POLR3H;POLR3K;POLR2E;POLR3E;POLR2F;POLR3A;POLR2H;POLR2L;SNAPC5;BRF2;POLR1C;POLR3D;SNAPC4;POLR3B",-1.9071939240434663,0.005535080726174147,TRUE,
"REACTOME_NGF_STIMULATED_TRANSCRIPTION",35,0.5134360374252358,1.7655848575587385,0.002914965633874594,0.012198010037136765,"TPH1;FOSB;VGF;FOS;F3;SGK1;CREB1;EGR2;RRAD;EGR3;TRIB1;EGR1;NAB1;REST",1.39724476554339,0.16898745289771885,FALSE,
"REACTOME_FORMATION_OF_ATP_BY_CHEMIOSMOTIC_COUPLING",20,-0.567574326165775,-1.8134979068672072,0.0029390340713366042,0.012251605630705844,"ATP5F1B;ATP5MC3;ATP5F1A;ATP5F1C;ATP5MC2;ATP5F1D;ATP5ME;ATP5MC1;ATP5MJ",-1.9047353877009972,0.008341931796453421,TRUE,
"REACTOME_DISORDERS_OF_TRANSMEMBRANE_TRANSPORTERS",132,-0.3197518550965872,-1.5234866768682398,0.0029622669870996462,0.012301322450245858,"AAAS;PSMB5;PSMD3;NUP188;ABCB6;VCP;PSMC4;KCNJ11;PSMD14;PSMD8;SLC3A2;PSMA7;SLC35A2;ADRM1;ABCD1;SLC39A4;PSMB2;NUP85;PSMD2;SLC2A1;SEC13;SLC67A1;SLC11A2;RAE1;UBB;ABCC6;SLC27A4;PSMC5;UBA52;BSG;PSMB3;NUP62;PSMC3;PSMB4;PSMD7;NUP93;NUP37;NUP98;PSMD11;PSMA6;SLC29A3;SLC20A2;PSMB6;SLC22A5;PSMD6;PSMB7;POM121C;PSMA5;ABCC2;NUP214;SLC6A14;NUP88;NDC1;PSMA3;NUP210",-1.5585372032397509,0.007841993938296689,TRUE,
"REACTOME_RECRUITMENT_OF_NUMA_TO_MITOTIC_CENTROSOMES",87,-0.36342072595463015,-1.6089013016505689,0.0031863780508149257,0.013181670415538551,"TUBG1;TUBA1B;PLK1;TUBB4B;TUBA1C;CSNK1E;TUBA4A;ACTR1A;TUBGCP2;TUBGCP6;TUBB6;CEP250;TUBGCP5;TUBGCP4;SSNA1;PPP2R1A;CSNK1D;TUBAL3;DYNC1H1;SFI1;TUBB;CEP131;HAUS7;MZT2A;CEP72;OFD1;DCTN2",-1.7775663377377067,0.002632222973081035,TRUE,
"REACTOME_SUMOYLATION_OF_DNA_REPLICATION_PROTEINS",46,-0.4435848878710643,-1.7100562157188306,0.003589628635201238,0.014742350046423415,"AAAS;NUP188;CDCA8;INCENP;RANGAP1;AURKA;NUP85;SEC13;RAE1;AURKB;NUP62;NUP93;NUP37;NUP98;PIAS4;POM121C;BIRC5;NUP214;NUP88;NDC1;NUP210",-1.773234490922966,0.010240278082225102,TRUE,
"REACTOME_CARGO_TRAFFICKING_TO_THE_PERICILIARY_MEMBRANE",58,-0.3969057322453899,-1.6261848656845126,0.00359073783299835,0.014742350046423415,"TUBA1B;TUBB4B;BBS5;RAB11FIP3;TUBA1C;INPP5E;CCT5;CCT2;TUBA4A;HDAC6;TUBB6;TCP1;TUBAL3;CCT4;PKD1;CCT3;EXOC3;GBF1",-1.4925209655166938,0.0401412368577697,TRUE,
"REACTOME_CONVERSION_FROM_APC_C_CDC20_TO_APC_C_CDH1_IN_LATE_ANAPHASE",20,-0.5591602024094025,-1.7866133296112472,0.003655857405348816,0.014953281417366585,"CDC20;ANAPC11;ANAPC15;UBE2C;UBE2S;ANAPC5;ANAPC2;FZR1",-1.65753870788523,0.06613127500960514,FALSE,
"REACTOME_DISEASES_OF_METABOLISM",236,-0.26151929465273543,-1.3644141950802067,0.003673128847096151,0.014967656125994802,"AHCY;AGRN;IVD;OPLAH;ALG12;B3GAT3;GALE;POMT2;GYG2;DOLK;FDXR;POMGNT1;ADAMTS14;ALG3;CSPG4;SBSPON;GGT1;MCCC2;ADAMTSL2;NOTCH1;GSS;CHST14;NMRAL1;GALT;PCCB;B3GALT6;DCXR;MMACHC;MOGS;B4GALT7;MAT1A;ACAN;PC;GALK1;KHK;UBB;ADAMTS17;SGSH;GYS1;NOTCH3;ALG14;G6PC3;CHST6;TALDO1;BCKDHA;UBA52;CD320;SDC1;ADA;ACACA;PNP;DAG1;HSPG2;GPC4;DPAGT1;ASL;ACY1;BCKDK;GALNS;IDUA;OTC;MGAT2;SPON2;SEMA5B;MPI;RPIA;LFNG;CYP27A1;ALG2;ADAMTS7;IDH1;ADAMTSL5;ALG1;GLB1;CTSA;GUSB;ADAMTS13;GCLM",-1.1527521599633908,0.1983139667350194,FALSE,
"REACTOME_METABOLISM_OF_WATER_SOLUBLE_VITAMINS_AND_COFACTORS",117,-0.336424191816604,-1.5658436518571957,0.0037397207133398943,0.015156191795525034,"SHMT2;SLC52A2;SLC23A1;FASN;PARP16;SLC5A6;MTHFD2;COASY;PANK4;NFS1;ABCC1;SLC19A1;QPRT;NADSYN1;NADK;FLAD1;MTHFS;MOCS3;CYB5R3;MCCC2;PNPO;PCCB;MMACHC;SLC2A1;PC;DCAKD;NUDT8;SLC25A19;PDZD11;NAXE;CD320;ACACA;MOCOS;NAPRT;NMNAT3;RFK;SLC25A51;MTHFD1L",-1.4770968123784936,0.030926168352371764,TRUE,
"REACTOME_CO_STIMULATION_BY_CD28",46,0.4615021937343188,1.6856250976700151,0.0037472569788568333,0.015156191795525034,"CD28;PIK3CG;GRAP2;PIK3CD;VAV1;RICTOR;CD80;CD86;PIK3R6;PIK3CA;PPP2R5A;PPP2R5E;THEM4;MAP3K8;YES1;PIK3R5;CTLA4;PPP2CB",1.67860609428379,0.030702095831136974,TRUE,
"REACTOME_SIGNALING_BY_FGFR2_IIIA_TM",19,-0.5656588612183545,-1.7886119115633579,0.0038779384340077183,0.015626655615557025,"POLR2E;POLR2F;POLR2H;GTF2F1;POLR2L;POLR2D;POLR2G;POLR2C;POLR2I",-1.6710419331197888,0.06422612296381171,FALSE,
"REACTOME_REGULATION_OF_T_CELL_ACTIVATION_BY_CD28_FAMILY",226,0.3175740756512601,1.4814841971969301,0.003930345809643028,0.015779395722847284,"BTLA;CD28;PIK3CG;CD247;CD3G;CD3E;DERL3;GRAP2;ICOS;FOSB;CD3D;CD4;PIK3CD;HLA-DQA1;ATF3;FOS;VAV1;HLA-DPA1;PRKAA1;RICTOR;TUSC3;SEL1L;HLA-DRA;CD80;CD86;HLA-DQB2;HLA-DRB1;PIK3R6;PDCD1;HLA-DQA2;PDCD1LG2;PIK3CA;PPP2R5A;HLA-DPB1;STAT1;HLA-DRB5;PPP2R5E;THEM4;STAT3;H3-3A;PRKAG2;IRF1;H2AC6;MAP3K8;YES1;EPAS1;PRKAB2;PIK3R5;CTLA4;PPP2CB;H2BC21",1.5471797888842194,0.004202096140542998,TRUE,
"REACTOME_RNA_POLYMERASE_III_CHAIN_ELONGATION",18,-0.5915324995296181,-1.8350884486056924,0.0039637335321052345,0.015854934128420938,"POLR3H;POLR3K;POLR2E;POLR3E;POLR2F;POLR3A;POLR2H;POLR2L",-1.985939493341762,0.004501984065737307,TRUE,
"REACTOME_REGULATION_OF_PD_L1_CD274_POST_TRANSLATIONAL_MODIFICATION",85,-0.3476184622110552,-1.5276583466998173,0.00405885064525169,0.016175932241882192,"PSMB5;PSMD3;VCP;PSMC4;CDK4;PSMD14;PSMD8;CCND1;PSMA7;CSNK2A2;DDOST;RPN2;ADRM1;OST4;PSMB2;PSMD2;UBB;PSMC5;UBA52;PSMB3;PSMC3;MIB2;RPN1;PSMB4;PSMD7;PSMD11;PSMA6;PSMB6;PSMD6;PSMB7;RBX1;PSMA5;PRKAG1;BTRC",-1.4894488270701114,0.023912571732876867,TRUE,
"REACTOME_ORGANELLE_BIOGENESIS_AND_MAINTENANCE",279,-0.2549429148012105,-1.3570402747625148,0.004103830836157089,0.01629550346620041,"TUBG1;IDH2;CARM1;TWNK;TUBA1B;PLK1;ATP5F1B;TUBB4B;BBS5;NPHP4;ESRRA;HCFC1;RAB11FIP3;TUBA1C;DNAJC11;INPP5E;ATP5MC3;CCT5;CCT2;HSPA9;CSNK1E;NR1D1;TUBA4A;CHCHD6;ACTR1A;APOO;HDAC6;PPRC1;POLRMT;TBL1X;TUBB6;ATP5F1A;CEP250;SSNA1;PPP2R1A;TCP1;B9D1;MTX1;DYNC2I2;ATP5F1C;CSNK1D;MTX2;TUBAL3;CRTC3;CCT4;PKD1;CCT3;DYNC1H1;ATP5MC2;SFI1;EXOC3;TUBB;GBF1;CEP131;HAUS7;CEP72;OFD1;HDAC3;DCTN2;MARK4;IMMT;MKS1;RAB11A;SAMM50;APOOL;ALAS1;B9D2;DCTN3;NCOA6;SIRT3;KIF3C;DYNLL1;ATP5F1D;IFT122",-1.5410961724324623,5.258214562874739e-4,TRUE,
"REACTOME_INTERLEUKIN_RECEPTOR_SHC_SIGNALING",22,0.5792694940474578,1.7651167812898847,0.004300971350344186,0.017016206651543544,"PIK3CD;IL2RB;IL2RA;CSF2RB;SOS1;JAK3;PIK3CA;JAK2;IL3RA",1.779137842954939,0.02624332032203953,TRUE,
"REACTOME_EXTENSION_OF_TELOMERES",49,-0.41143651163030626,-1.6136638716019591,0.004368758620895594,0.017221773114255094,"PIF1;RUVBL2;POLD1;NHP2;TERT;FEN1;NOP10;DKC1;LIG1;CCNA2;DSCC1;RUVBL1;CHTF18;POLA1;DNA2;RTEL1;BLM;POLD2;RFC5;ACD",-1.8012493766524142,0.005097570334553279,TRUE,
"REACTOME_REGULATION_OF_CDH1_POSTTRANSLATIONAL_PROCESSING_AND_TRAFFICKING_TO_PLASMA_MEMBRANE",31,-0.5000231014121683,-1.7881142488188033,0.004422141375511715,0.017369277316089334,"POMT2;CSNK2A2;DDOST;PCSK6;RPN2;OST4;PRKCSH;MOGS;FURIN;RPN1;GANAB;SEC11A;JUP;PIP5K1C;TMEM258;POMT1;CTNNB1",-1.9391040282643939,0.0033228881744212825,TRUE,
"REACTOME_REGULATION_OF_RUNX2_EXPRESSION_AND_ACTIVITY",58,-0.3935764540993091,-1.612544292382176,0.004467849268108643,0.01748568346655469,"PSMB5;PSMD3;PSMC4;STUB1;ESRRA;PSMD14;PSMD8;PSMA7;ADRM1;PSMB2;PSMD2;UBB;PSMC5;UBA52;PSMB3;PSMC3;PSMB4;PSMD7;PSMD11;PSMA6;PSMB6;PSMD6;PSMB7;RBX1;PSMA5",-1.6231349033026625,0.01121064405783167,TRUE,
"REACTOME_MATURATION_OF_TCA_ENZYMES_AND_REGULATION_OF_TCA_CYCLE",20,-0.5524503857719737,-1.7651743076779582,0.004516048066030486,0.017610968802298094,"IDH2;ACO2;NFS1;CS;SDHB;SDHAF1;CSKMT;SIRT3;FXN;SDHA;ACAT1",-1.8364350391833153,0.016428735877964593,TRUE,
"REACTOME_SULFUR_AMINO_ACID_METABOLISM",24,-0.5341053910536683,-1.7814091763964088,0.004616404689720052,0.017938029651483632,"AHCY;MRI1;ENOPH1;TXN2;MPST;SUOX;MAT1A;ADO;GOT1;GOT2;CTH;SLC25A10;CSAD;TST",-1.6764677840666238,0.03963277335801468,TRUE,
"REACTOME_ABC_FAMILY_PROTEINS_MEDIATED_TRANSPORT",82,-0.36042874672306,-1.5664993262251634,0.004710626106213449,0.01823900784185136,"PSMB5;PSMD3;ABCB6;VCP;PSMC4;KCNJ11;PSMD14;PSMD8;PSMA7;ABCC1;ABCC10;ADRM1;ABCB9;ABCD1;ABCA2;PSMB2;ABCB8;PSMD2;UBB;ABCC6;PSMC5;EIF2S2;UBA52;PSMB3;PSMC3;ABCB7;PSMB4;EIF2S3;PSMD7",-1.5872579277808148,0.011093388770661494,TRUE,
"REACTOME_FORMATION_OF_THE_EMBRYONIC_STEM_CELL_BAF_ESBAF_COMPLEX",19,-0.5515295363513445,-1.743935021493873,0.005392220484054967,0.020804027966850366,"SMARCB1;SMARCA4;BCL7A;ACTB;SMARCD2;DPF2;SMARCD1;ARID1A;SMARCC2",-1.6343293657546987,0.07365451509186909,FALSE,
"REACTOME_SIGNALING_BY_PDGFR_IN_DISEASE",19,0.5889369813011136,1.7028211775449602,0.005415646198309791,0.02082057619703552,"BIN2;PDGFRA;SOS1;PIK3CA;STRN;STAT1;STAT3;GOLGA4;WDR48;KRAS;NRAS",1.669736036515698,0.03483751317518275,TRUE,
"REACTOME_INTERACTIONS_OF_VPR_WITH_HOST_CELLULAR_PROTEINS",37,-0.4543439847897945,-1.6966382868799315,0.005455007884440267,0.020898058374193697,"AAAS;NUP188;SLC25A5;SLC25A6;NUP85;SEC13;RAE1;SLC25A4;NUP62;HMGA1;NUP93;NUP37;NUP98;POM121C;NUP214;NUP88;NDC1;NUP210",-1.8412205920078455,0.012997533455479347,TRUE,
"REACTOME_RUNX1_REGULATES_TRANSCRIPTION_OF_GENES_INVOLVED_IN_DIFFERENTIATION_OF_HSCS",80,-0.36461607304891996,-1.5791387409592792,0.005715547047692125,0.021819351536452744,"PSMB5;PSMD3;PSMC4;TCF3;PSMD14;PSMD8;PSMA7;ADRM1;LDB1;PSMB2;PSMD2;UBB;PSMC5;H2AX;UBA52;PSMB3;PSMC3;PSMB4;PSMD7;PSMD11;PSMA6;TCF12;H2AJ;H2AC20;PSMB6;PSMD6;PSMB7;PSMA5",-1.584619209283289,0.0174232771263456,TRUE,
"REACTOME_FGFR2_ALTERNATIVE_SPLICING",27,-0.5039991348506896,-1.7367418186968826,0.005811926002808629,0.022109704514181077,"POLR2E;POLR2F;POLR2H;GTF2F1;POLR2L;POLR2D;HNRNPM;POLR2G;PTBP1;POLR2C;POLR2I;HNRNPF",-1.9512959197450805,0.004148059988003033,TRUE,
"REACTOME_TP53_REGULATES_TRANSCRIPTION_OF_DNA_REPAIR_GENES",59,-0.3876413738029643,-1.6037035416496832,0.005999709916217462,0.022724044745989807,"NELFA;POLR2E;RAD51D;POLR2F;NELFCD;POLR2H;SUPT5H;SSRP1;GTF2F1;POLR2L;POLR2D;POLR2G;ERCC2;ERCC3;FANCI;POLR2C;POLR2I",-1.8053065706018327,0.0029465877544144624,TRUE,
"REACTOME_G_PROTEIN_BETA_GAMMA_SIGNALLING",27,0.5296679651635956,1.6873333733654787,0.006015188315114949,0.022724044745989807,"PIK3CG;BTK;ARHGEF6;GNG2;GNGT2;PLCB2;GNB4;PIK3R6;GNG7;RHOA;GNG12;PIK3R5;GNG11",2.014512189923127,0.001795599074556278,TRUE,
"REACTOME_MITOPHAGY",38,-0.4452573082503592,-1.676034854222819,0.0060741480045080004,0.022867380722853648,"PGAM5;TOMM40;MFN2;CSNK2A2;ULK1;TOMM5;ATG9A;VDAC2;UBB;SRC;UBA52;VDAC1;FUNDC1;TOMM22;UBE2D2;SQSTM1;UBE2L3",-1.822459867166297,0.007741011053773833,TRUE,
"REACTOME_NUCLEAR_EVENTS_KINASE_AND_TRANSCRIPTION_FACTOR_ACTIVATION",57,0.4216438631424577,1.604368370444127,0.006194343631823605,0.02323946852215201,"TPH1;FOSB;VGF;FOS;F3;SGK1;CREB1;EGR2;MEF2C;RRAD;EGR3;TRIB1;RPS6KA5;EGR1;NAB1;PPP2CB;REST;JUNB;RPS6KA2;VRK3;MEF2A",1.3583992899482222,0.17192982456140352,FALSE,
"REACTOME_REGULATION_OF_INSULIN_SECRETION",61,0.42211228388486477,1.6161154983511496,0.006328778468574367,0.02366223702339832,"AKAP5;GNG2;PRKAR2B;GNGT2;MARCKS;VAMP2;RAP1A;GNAQ;PLCB2;CD36;GNB4;ITPR1;GNG7;GNG12;PRKAR1A;GNA15;GNG11;PRKACB;STXBP1;RAPGEF3;PLCB1",1.6068115562115655,0.03011284264148832,TRUE,
"REACTOME_DENGUE_VIRUS_GENOME_TRANSLATION_AND_REPLICATION",81,-0.3477791310172522,-1.5122588571445517,0.006475877369885514,0.02412929650149123,"UFD1;YBX1;VCP;FASN;P4HB;DDOST;RPN2;KPNA2;CALR;SCAP;OST4;EIF4A3;P4HA2;HNRNPD;NPLOC4;HYOU1;UBB;UBA52;HDLBP;RPN1;PDIA3;EIF4G1",-1.7287473326947091,0.004478511389233492,TRUE,
"REACTOME_O_LINKED_GLYCOSYLATION_OF_MUCINS",50,0.4334363193433063,1.6092517155998827,0.006629927363713885,0.024618979425667945,"GALNT12;MUC4;GALNT7;MUC5AC;B3GNT7;ST3GAL4;GALNT5;GALNT3;GALNT4;B3GNT5;MUC1;MUC13;B3GNT6;GCNT1;GCNT3;GCNT4;GALNT1",1.6235724521880166,0.03796935949872033,TRUE,
"REACTOME_SYNTHESIS_OF_PIPS_AT_THE_PLASMA_MEMBRANE",51,0.43256963809749227,1.6115318085549974,0.00695033958667144,0.025720984592852134,"PIK3CG;PIK3CD;SYNJ1;PIP4K2A;BMX;PLEKHA2;PIK3R6;PIK3CA;RAB5A;RAB14;RAB4A;INPP4B;PIK3R5;PTEN;MTMR6;MTM1;PLEKHA4",1.592138751609157,0.057319729219371104,FALSE,
"REACTOME_HSF1_DEPENDENT_TRANSACTIVATION",32,-0.4620426536472857,-1.6614067365850365,0.0071016455763086616,0.02619183182041974,"HSF1;MLST8;RPTOR;SERPINH1;MTOR;FKBP4;HSPB8;UBB;AKT1S1;MRPL18;CRYAB;CAMK2G",-1.6512902770591797,0.03690659372523873,TRUE,
"REACTOME_MITOCHONDRIAL_BIOGENESIS",93,-0.3352422675738957,-1.4930281239826475,0.007439085767477379,0.02734366660478172,"IDH2;CARM1;TWNK;ATP5F1B;ESRRA;HCFC1;DNAJC11;ATP5MC3;HSPA9;NR1D1;CHCHD6;APOO;PPRC1;POLRMT;TBL1X;ATP5F1A;MTX1;ATP5F1C;MTX2;CRTC3;ATP5MC2;HDAC3;IMMT;SAMM50;APOOL;ALAS1;NCOA6;SIRT3;ATP5F1D;CRTC1;ATP5ME;PRKAG1;TMEM11;MICOS13;RXRA;CALM1;ATP5MC1;ATP5MJ;PRKAA2",-1.7321538788433346,0.0017018023210464155,TRUE,
"REACTOME_RNA_POLYMERASE_II_TRANSCRIBES_SNRNA_GENES",73,-0.34779525231471087,-1.50371227993888,0.007655193306666712,0.028043267062806004,"INTS11;POLR2E;INTS14;NABP2;POLR2F;SRRT;ELL3;POLR2H;SUPT5H;GTF2F1;POLR2L;INTS5;POLR2D;TAF8;TAF5;POLR2G;SNAPC5;INTS1;POLR2C;POLR2I",-1.6366410136749112,0.011780388494189067,TRUE,
"REACTOME_TRANSPORT_OF_MATURE_MRNAS_DERIVED_FROM_INTRONLESS_TRANSCRIPTS",43,-0.4174554202629453,-1.5786568471361615,0.008369618084920044,0.030557531799976535,"AAAS;NUP188;NUP85;SEC13;RAE1;CPSF1;NUP62;SLBP;ALYREF;NUP93;NUP37;NUP98;SYMPK;POM121C;NUP214;NUP88;CPSF4;NDC1;NUP210",-1.7565983597770969,0.009310061750103163,TRUE,
"REACTOME_ABERRANT_REGULATION_OF_MITOTIC_G1_S_TRANSITION_IN_CANCER_DUE_TO_RB1_DEFECTS",17,-0.5625466216165493,-1.7255191324336878,0.008694142126621155,0.03163620947747096,"CDKN1C;CDK4;E2F1;CCND1;CCNE1",-1.5747666896703196,0.10407762494328698,FALSE,
"REACTOME_RNA_POLYMERASE_III_TRANSCRIPTION_TERMINATION",23,-0.5192976634360428,-1.6923371095380828,0.008774056848902038,0.03182057950535139,"POLR3H;POLR3K;POLR2E;POLR3E;POLR2F;POLR3A;POLR2H;POLR2L",-1.8231005582697606,0.007741011053773833,TRUE,
"REACTOME_ABERRANT_REGULATION_OF_MITOTIC_EXIT_IN_CANCER_DUE_TO_RB1_DEFECTS",20,-0.5225443280393793,-1.6696192929416696,0.008806273085280834,0.03183131268035066,"ANAPC11;ANAPC15;UBE2C;UBE2S;ANAPC5;ANAPC2;FZR1",-1.586076182965547,0.09514914512946918,FALSE,
"REACTOME_INFLAMMASOMES",21,0.5479354445721039,1.6494296710047047,0.009082146670902461,0.03271978668192675,"BCL2;TXNIP;PSTPIP1;AIM2;NLRP3;P2RX7;NLRC4",1.7996620329559816,0.022334854156593326,TRUE,
"REACTOME_FATTY_ACID_METABOLISM",147,-0.29620116739225877,-1.4456737004319093,0.009521297487519714,0.03418868536772755,"ACOT11;NUDT19;ACOT7;FASN;PTGES2;HACD3;ABCC1;MORC2;ABCD1;ACOT8;ACAA1;GPX4;MID1IP1;CPT2;GGT1;MCAT;DECR2;ACAD11;PCCB;ELOVL1;TECR;FAAH;DPEP1;ACBD6;CRAT;HACD1;PRXL2B;ACACA;FADS2;ECI1;DBI;MLYCD;ACLY;ACADVL;MECR;ELOVL5;FAAH2;HADHB;AMACR;SLC27A2;SLC22A5;AKR1C3;GPX1;PPARD;SCD5;CYP4F11;SCD;HSD17B8;HSD17B4;PTGR1;ACBD7;ACOT2;HADH;RXRA;PCCA;PRKAA2;PECR;HADHA;ECHS1;ACSL5;LTA4H;ACOX3;SLC25A17;ACOT9;CPT1B;PTGES;ACAA2",-1.3815875178366834,0.044756899748799726,TRUE,
"REACTOME_PKR_MEDIATED_SIGNALING",68,-0.35139105183255137,-1.4906284119416202,0.009753512286099325,0.0347391236573732,"TUBA1B;TARBP2;ILF3;TUBB4B;TUBA1C;TUBA4A;FANCA;FAAP100;TUBB6;CENPX;PPP2R1A;FAAP24;EIF2S2;TUBAL3;SPHK1;FANCB;IKBKG;FANCE;EIF2S3",-1.2815602593062803,0.18922272778550744,FALSE,
"REACTOME_FORMATION_OF_THE_DYSTROPHIN_GLYCOPROTEIN_COMPLEX_DGC",33,-0.4547247763337395,-1.651528593441955,0.00975833670214745,0.0347391236573732,"ACTG2;SNTA1;AGRN;DMD;SGCA;LAMA5;ACTG1;ACTC1;ACTA1;ACTB;SNTB1;DAG1;HSPG2;ACTA2",-1.224952163946076,0.3342109882394243,FALSE,
"REACTOME_INTERFERON_SIGNALING",257,0.287472493346352,1.361970317270801,0.009770378528636213,0.0347391236573732,"IRF4;TRIM38;GBP4;VCAM1;HLA-DQA1;EIF4E3;GBP5;GBP2;RNASEL;HLA-DPA1;HLA-E;SP100;GBP1;TRIM22;IRF6;NCK1;HLA-DRA;RIGI;GBP3;CIITA;HLA-DQB2;HLA-DRB1;HLA-C;IFNAR1;HLA-DQA2;IRF2;B2M;IFIT2;PPP2R5A;STAT2;HLA-DPB1;STAT1;HLA-DRB5;JAK2;HLA-B;EIF2AK3;TRIM6;STAT3;HLA-F;RSAD2;IFIT3;UBA7;IRF1;EGR1;IFIT5;ATF6;IFIH1;PPP2CB;NUP133;IFI35;UBE2L6;IFNAR2;KPNA5;PPM1B;NCAM1;TRIM17;PIM1;PGGT1B;CAMK2D;SAMHD1;PTPN2;NUP153;PTAFR;ADAR;TRIM2;XAF1;TPR;HSPA1B;TRIM31;HLA-DQB1",1.529444962170497,0.005097570334553279,TRUE,
"REACTOME_VLDLR_INTERNALISATION_AND_DEGRADATION",16,-0.575204237947946,-1.7242239475221817,0.009815808671319426,0.034786970144610865,"AP2A1;VLDLR;AP2A2;PCSK9;UBB;UBA52;CLTA;AP2M1",-1.6667155141147645,0.05711143727936008,FALSE,
"REACTOME_METABOLISM_OF_COFACTORS",25,-0.5095319465510646,-1.7234223200502639,0.01000640096718022,0.03524660103103985,"PDSS1;HPDL;GCHFR;AKT1;COQ9;COQ8B;SPR;COQ4;COQ2;IDH1;CALM1;PTS;STARD7;NOS3;COQ6",-1.9368377891776392,0.005383779578028374,TRUE,
"REACTOME_SUMOYLATION_OF_UBIQUITINYLATION_PROTEINS",39,-0.4193000621392143,-1.5819021846594412,0.010010293858999368,0.03524660103103985,"AAAS;NUP188;NUP85;SEC13;RAE1;PML;NUP62;NUP93;MDM2;NUP37;NUP98;PIAS4;POM121C;NUP214;NUP88;NDC1;PIAS2;NUP210",-1.6642929841572878,0.02750892671341169,TRUE,
"REACTOME_NUCLEAR_IMPORT_OF_REV_PROTEIN",34,-0.4596303770650298,-1.68363453355288,0.01011257939861674,0.03543578969026808,"AAAS;NUP188;RAN;RCC1;NUP85;SEC13;RAE1;NUP62;NUP93;NUP37;NUP98;POM121C;NUP214;KPNB1;NUP88;NDC1;NUP210",-1.7713193586699623,0.01523768727427853,TRUE,
"REACTOME_POSTMITOTIC_NUCLEAR_PORE_COMPLEX_NPC_REFORMATION",27,-0.47903592037687415,-1.650720523206726,0.01012916414859685,0.03543578969026808,"NUP188;RAN;RCC1;RANGAP1;NUP85;SEC13;NUP62;NUP93;NUP37;NUP98",-1.8407022108951592,0.011319549746056434,TRUE,
"REACTOME_SLC_MEDIATED_TRANSMEMBRANE_TRANSPORT",173,-0.2762336178770642,-1.3786049307699266,0.010469125201886224,0.03650771865273145,"SLC7A5;SLC1A5;SLC25A22;SLC2A8;SLC1A4;SLC6A9;SLC4A2;SLC25A5;SLC5A6;SLC12A7;SLC25A1;SLC43A2;SLC3A2;SLC35A2;SLC4A3;ARL2;SLC25A6;SLC39A4;SLC5A9;SLC39A3;SLCO3A1;SLC29A2;SLC2A1;SLC35B2;SLC67A1;SLC11A2;SLC15A1;LCN12;SLC15A4;SLC43A1;SLC25A29;SLC27A4;SLC25A4;PDZD11;SLC11A1;SLC7A1;BSG;SLC26A1;SLC22A11;SLCO4A1;SLC1A7;SLC38A3;ARL2BP;SLC12A4;SLC6A1;SLC25A10;SLC31A1;SLC39A5;SLC29A3;SLC2A4;SLC16A3;SLC20A2;SLC29A4;SLC22A5;SLC25A11;SLC9A7;SLC38A4;SLC12A2;SLC25A18;SLC13A3;SLC6A14;SLC38A5;SLC6A4",-1.453154733742744,0.01379331570354845,TRUE,
"REACTOME_INTERLEUKIN_20_FAMILY_SIGNALING",18,0.5716623602779889,1.6402696900900116,0.010634615333748135,0.03696633061699032,"STAT4;JAK3;STAT2;STAT1;JAK2;STAT3;STAT5A",1.6636291575395337,0.03995701210268072,TRUE,
"REACTOME_G_ALPHA_12_13_SIGNALLING_EVENTS",70,0.39524769832283035,1.56489134484436,0.01086619438462052,0.037634862516468685,"BTK;ARHGEF6;GNG2;GNGT2;FGD2;VAV1;TIAM1;FGD4;SOS1;GNB4;GNA13;GNG7;ROCK1;SOS2;RHOA;GNG12",1.7689060399243195,0.004512269429137537,TRUE,
"REACTOME_OPIOID_SIGNALLING",77,0.38770561706211504,1.5619282809566946,0.010896122879308488,0.037634862516468685,"CAMK4;GNG2;PDE4D;PRKAR2B;GNGT2;CREB1;GNAQ;PLCB2;PDE1C;GNB4;ITPR1;GNG7;GNG12;PRKAR1A;PDE1A;GNA15;GNG11;PPP2CB;PDE4B;PPP3CA;PRKACB;CAMK2D;PLCB1",1.5050096433138476,0.049739255821675835,TRUE,
"REACTOME_SIGNALING_BY_CSF1_M_CSF_IN_MYELOID_CELLS",31,0.5045681728393708,1.6789745901173194,0.010971972415396661,0.03770795483842626,"GRAP2;GAB3;PIK3CD;PLCG2;SOS1;PIK3CA;STAT1;STAT3;CSF1;YES1;CSF1R;HCK;KRAS;FYN",1.8584459235325044,0.005425750069047818,TRUE,
"REACTOME_NEUTROPHIL_DEGRANULATION",424,0.26159482300709935,1.3078200957276567,0.01099845363781477,0.03770795483842626,"ITGAL;PTPRC;DOCK2;CR1;FGL2;ATP8A1;TBC1D10C;C3;ATP8B4;RAB27A;VNN1;NCKAP1L;IRAG2;CYBB;CLEC12A;BIN2;CTSS;CD177;SELL;RAP1A;TMT1A;ADA2;ARHGAP9;LTF;HVCN1;SLPI;GMFG;CD36;CD59;CD47;TMEM30A;YPEL5;CHIT1;AGA;CD53;APAF1;ROCK1;HLA-C;CAB39;C3AR1;B2M;ITGAV;NHLRC3;LAIR1;SCAMP1;RHOA;STOM;RAP1B;SERPINB1;AMPD3;HLA-B;SDCBP;RAB14;PECAM1;ATG7;FCER1G;HBB;ARPC5;PLAC8;ACTR2;PSEN1;ALOX5;ATP11B;PRDX6;CFD;IQGAP2;PIGR;VPS35L;HGSNAT;FRK;DEGS1;PLD1;CD33;HSPA6;GM2A;FUCA1;CMTM6;MNDA;ATP6V1D;DERA;NFAM1;CPNE3;ACTR10;SIRPB1;DNAJC13;ARMC8;GAA;ITGB2;RAB5B;GCA;PTAFR;VAPA;LRG1;NRAS;HSPA1B;NCSTN;PRCP;SERPINB6;PADI2;QSOX1;CD93;P2RX1;STING1;OLR1;RAB31;RAC1;MGAM;RAB10;TCN1;DYNC1LI1;CD55;GNS;SNAP29;PTPRB;OSTF1;RAB37;VAMP8;STK10",1.4667576812101586,0.002375941015645161,TRUE,
"REACTOME_DEACTIVATION_OF_THE_BETA_CATENIN_TRANSACTIVATING_COMPLEX",41,-0.41632182806962115,-1.5693361968248984,0.011021258859025322,0.03770795483842626,"CTBP1;AKT2;AKT1;KMT2B;WDR5;TLE3;MEN1;UBB;BCL9L;HDAC1;UBA52;TCF7",-1.7268470609752635,0.0150540751757228,TRUE,
"REACTOME_ACTIVATION_OF_ATR_IN_RESPONSE_TO_REPLICATION_STRESS",37,-0.4303484690572295,-1.607032807181251,0.011701293736672419,0.03990911468808649,"CDC45;MCM2;MCM5;ORC1;CDC6;MCM7;RAD9A;CLSPN;ORC6;MCM10;MCM3;CDC25C;RFC5;CDC25A;MCM6;MCM4;CHEK1;CDC7",-1.8073362309215502,0.01648601330638217,TRUE,
"REACTOME_TP53_REGULATES_TRANSCRIPTION_OF_GENES_INVOLVED_IN_G2_CELL_CYCLE_ARREST",18,-0.5483245563150092,-1.701046113578977,0.01180691025215362,0.040143494857322305,"CARM1;PRMT1;BAX;AURKA;E2F4;CCNB1;ZNF385A;CDC25C;GADD45A;EP300;PCNA;TFDP1",-1.5234646589059857,0.15625948621132238,FALSE,
"REACTOME_REGULATION_OF_TP53_ACTIVITY_THROUGH_ACETYLATION",30,-0.4714858734822858,-1.6785258842867046,0.011875751694634801,0.04025176898368431,"AKT2;AKT1;MTA2;GATAD2A;ING5;PML;HDAC1;BRD1;RBBP7;PIP4P1;MBD3",-1.5888156983313129,0.10660738914267545,FALSE,
"REACTOME_NUCLEOTIDE_BINDING_DOMAIN_LEUCINE_RICH_REPEAT_CONTAINING_RECEPTOR_NLR_SIGNALING_PATHWAYS",56,0.41530330143896244,1.575924713381847,0.011990239580892249,0.04041272933438362,"CYLD;BCL2;BIRC3;TAB2;TXNIP;PSTPIP1;AIM2;TNFAIP3;BIRC2;NLRP3;P2RX7;NLRC4;MAP3K7",1.6366953033605085,0.027707667472032613,TRUE,
"REACTOME_TP53_REGULATES_TRANSCRIPTION_OF_CELL_CYCLE_GENES",48,-0.39638267737077104,-1.5427597405230062,0.011997529021145138,0.04041272933438362,"CARM1;PRMT1;PCBP4;E2F1;CCNE1;CNOT3;BAX;AURKA;ARID3A;CCNA2;E2F4;CNOT9;CCNB1",-1.6038117230955058,0.030841691050277367,TRUE,
"REACTOME_RECRUITMENT_OF_MITOTIC_CENTROSOME_PROTEINS_AND_COMPLEXES",80,-0.3460031430536391,-1.4985268288388625,0.01240970260054972,0.04167208774505585,"TUBG1;PLK1;TUBB4B;CSNK1E;TUBA4A;ACTR1A;TUBGCP2;TUBGCP6;CEP250;TUBGCP5;TUBGCP4;SSNA1;CDK11B;PPP2R1A;CSNK1D;CDK11A;DYNC1H1;SFI1;TUBB;CEP131;HAUS7;MZT2A;CEP72;OFD1;DCTN2;DCTN3;DYNLL1;HAUS8;TUBG2;DCTN1;CKAP5;CLASP1;CEP78;CEP164;MZT2B;HAUS2;HAUS5",-1.7325982078406292,0.0039970234474908705,TRUE,
"REACTOME_MRNA_DECAY_BY_3_TO_5_EXORIBONUCLEASE",16,-0.5687525601354639,-1.7048844909394822,0.01248410897233716,0.041792955575085625,"SKIC8;EXOSC5;EXOSC3;EXOSC4;SKIC2;EXOSC1;NT5C3B;EXOSC6;DCPS;EXOSC7;EXOSC2;EXOSC8;EXOSC9",-1.8767555067932722,0.011319549746056434,TRUE,
"REACTOME_DISEASES_ASSOCIATED_WITH_N_GLYCOSYLATION_OF_PROTEINS",20,-0.5100375259145556,-1.629657902108171,0.012529679432072342,0.04181684423955431,"ALG12;ALG3;MOGS;ALG14;DPAGT1;MGAT2;ALG2;ALG1;GLB1;CTSA;RFT1;NEU1",-1.4966049187718664,0.14618006859371205,FALSE,
"REACTOME_CDC42_GTPASE_CYCLE",147,0.3234371470492944,1.4244272876375896,0.012814492975492702,0.04263660048115003,"DOCK10;ARHGEF6;ARHGAP20;ARHGAP30;ARHGAP31;DOCK8;ARHGDIB;FGD2;TAGAP;TIAM1;ARHGAP9;WAS;CPNE8;WIPF1;ARHGAP24;FGD4;PLEKHG1;PREX2;CAV1;GNA13;ARHGAP42;DLC1;WASL;STOM;CDC42SE2;KTN1;GIT2;FMNL1;IQGAP2;ARAP2;ARHGAP29;PLD1;DOCK11",1.556318521638572,0.014618042374308637,TRUE,
"REACTOME_L1CAM_INTERACTIONS",98,-0.31519670278335465,-1.4181952460210274,0.012926773542239292,0.04287905370108643,"SCN5A;TUBA1B;EPHB2;KIF4A;SPTBN2;TUBB4B;SPTB;AP2A1;TUBA1C;CSNK2A2;TUBA4A;MAP2K1;ACTG1;AP2A2;TUBB6;RPS6KA4;ACTB;VAV2;SPTBN5;SRC;DNM2;TUBAL3;MAP2K2;CLTA;DLG3",-1.2639794823707622,0.1675687568756876,FALSE,
"REACTOME_GASTRULATION",93,-0.3241157984608319,-1.4434755081187578,0.01301929660261629,0.043054695147861775,"PSMB5;PSMD3;PSMC4;TEAD4;PSMD14;PSMD8;PSMA7;FOXC2;ADRM1;BMP4;SNAI1;KAT2A;NOTCH1;PSMB2;PSMD2;PSMC5;TCF7;PSMB3;PSMC3;PSMB4;DLL3;PSMD7;PSMD11;PSMA6;LFNG;PSMB6;PSMD6;PSMB7;SHH;PSMA5;IHH;TFAP2A",-1.4870966955086629,0.02624332032203953,TRUE,
"REACTOME_METABOLISM_OF_NUCLEOTIDES",90,-0.3263500995833758,-1.459972854417563,0.013162989443282775,0.04339797731603533,"NME4;TYMS;ATIC;ADSL;AMPD2;CTPS1;NME2;NME1;CAD;UCKL1;AK4;NUDT9;ADK;NUDT13;NUDT5;DHODH;IMPDH1;ADA;PNP;UCK1;DNPH1;PAICS;CTPS2;DTYMK;ENTPD6;RRM2;PUDP;NT5C;PFAS",-1.5941445878077372,0.011999827616808869,TRUE,
"REACTOME_RESPONSE_OF_EIF2AK1_HRI_TO_HEME_DEFICIENCY",15,-0.5807639922377704,-1.6926007526718854,0.013688780823095837,0.044995146633015924,"CHAC1;ATF4;CEBPB;TRIB3;GRB10;DDIT3;ASNS;EIF2S2;EIF2S3",-1.8997980933635241,0.0076446817960636616,TRUE,
"REACTOME_ASSOCIATION_OF_TRIC_CCT_WITH_TARGET_PROTEINS_DURING_BIOSYNTHESIS",37,-0.4250495006230508,-1.5872450846023876,0.013809582270634684,0.04525549852545342,"CCT7;CCNE1;CCT5;CCT2;FBXW9;TCP1;FBXW5;CCT4;SPHK1;USP11;CCT3;SKIC2;HDAC3;CCT6A;KIFC3",-1.4111149519350163,0.19615657242746942,FALSE,
"REACTOME_EPIGENETIC_REGULATION_OF_GENE_EXPRESSION",277,-0.24443825984918904,-1.2996387996007848,0.014414521966053348,0.04709609579299112,"EPOP;SMARCB1;MTA1;SUV39H1;SMARCA4;MCRS1;BCL7A;NCOR2;MED24;HCFC1;TRIM28;POLR2E;DNMT3B;MORC2;PHF19;POLR1A;KMT2B;SETD1A;POLR2F;TBL1X;MTA2;DGAT2;POLR2H;MYBBP1A;DNMT1;EHMT1;KAT2A;PHLDA1;WDR5;AKAP8L;GATAD2A;SAP130;ACTB;AJUBA;MED12;POLR1G;POLR2L;MEN1;MED10;UHRF1;SMARCD2;HDAC1;BOD1;H2AX;RBBP7;CXXC1;SS18L1;ERCC2;ERCC3;SIN3B;DPF2;TAF1C;MBD3;PLIN2;CDK5;POLR1C;ZNF778;HDAC3;MED14;CEBPA;SETD1B;SMARCD1;NCOA6;CDK8;KMT2D;GPS2;ELOVL5;KANSL3;PAXIP1;H2AJ;H2AC20;ARID1A;SMARCC2;EHMT2;DDX21;UBTF;MED27;SCD5;SIN3A;SCD;LIPE;CBX5;YEATS2;RXRA;SGF29;ZNF324;KANSL2;KAT8;POLR1B;ANGPTL4;POLR1H;DNMT3A;MED17",-1.3681396850908947,0.01358483974170917,TRUE,
"REACTOME_MITOCHONDRIAL_CALCIUM_ION_TRANSPORT",22,-0.49362839413660287,-1.6001026982933948,0.014796685341427529,0.048056100452158655,"PHB1;LETM1;PHB2;STOML2;VDAC2;VDAC1;PMPCA;MICU1;AKAP1;MAIP1;SPG7",-1.585219361214258,0.09514914512946918,FALSE,
"REACTOME_RESPONSE_OF_MTB_TO_PHAGOCYTOSIS",22,-0.49385470625099426,-1.600836291881599,0.014796685341427529,0.048056100452158655,"HGS;ENO1;PGK1;SFPQ;UBB;UBA52;VPS33B;GSK3A;KPNB1;DUSP16;TRIM27;UBC;MAPK1",-1.7196123750354102,0.03690659372523873,TRUE,
"REACTOME_SUMOYLATION_OF_CHROMATIN_ORGANIZATION_PROTEINS",61,-0.35888743651266664,-1.4935655887635868,0.015149370340200355,0.049055103958744004,"AAAS;NUP188;L3MBTL2;NUP85;SEC13;HDAC4;RAE1;HDAC1;NUP62;PCGF2;ZBED1;PHC2;NUP93;NUP37;NUP98;CBX2;CBX8;POM121C;NUP214;SCMH1;CBX5;NUP88;NDC1;PIAS2;NUP210",-1.7271832795062803,0.006246308027993745,TRUE,
"REACTOME_SIGNALING_BY_WNT",264,-0.24575803424940432,-1.3031929997070726,0.0156743623541844,0.050604469558909876,"PSMB5;PSMD3;DVL1;CTBP1;SMARCA4;AKT2;AMER1;SCRIB;PSMC4;GNB1;AP2A1;PSMD14;PSMD8;PSMA7;ZNRF3;KREMEN1;CSNK2A2;LRP5;CSNK1E;WNT3;WIF1;AXIN1;ADRM1;AKT1;KMT2B;PLCB3;TERT;AP2A2;GNG5;WDR5;PORCN;TLE3;PPP2R5D;PSMB2;PSMD2;DVL3;MEN1;PPP2R1A;UBB;BCL9L;CTBP2;HDAC1;PSMC5;H2AX;RUVBL1;AGO2;UBA52;TCF7;PSMB3;AGO1;CLTA;PSMC3;FZD3;GNB2;PSMB4;GNG4;TLE2;PSMD7;AP2M1;TLE5;WNT11;GNAT2;AXIN2;PSMD11;LRP6;ITPR3;PSMA6",-1.3423204639563295,0.030926168352371764,,
"REACTOME_FORMATION_OF_THE_NON_CANONICAL_BAF_NCBAF_COMPLEX",17,-0.5412262941395067,-1.6601225385199747,0.015794715065351368,0.050842159736989016,"SMARCA4;BCL7A;BRD9;ACTB;SMARCD2;SS18L1;BICRA;SMARCD1;SMARCC2",-1.6566214103886059,0.07160633404481129,,
"REACTOME_AMPK_INDUCED_ERAD_AND_LYSOSOME_MEDIATED_DEGRADATION_OF_PD_L1_CD274",54,-0.3648444747134268,-1.4608573825505407,0.015898948560158187,0.05102671396298557,"PSMB5;PSMD3;VCP;PSMC4;PSMD14;PSMD8;PSMA7;ADRM1;PSMB2;PSMD2;UBB;PSMC5;UBA52;PSMB3;PSMC3;PSMB4;PSMD7;PSMD11;PSMA6;PSMB6;PSMD6;PSMB7;PSMA5;PRKAG1",-1.4830810759910824,0.05764896710123754,,
"REACTOME_INITIATION_OF_NUCLEAR_ENVELOPE_NE_REFORMATION",19,-0.5115511031438511,-1.6175233151757777,0.015986986107856333,0.05115835554514027,"EMD;CCNB2;LMNB1;PPP2R1A;CCNB1;ANKLE2;LEMD2",-1.890791933717751,0.008208586995651952,,
"REACTOME_PI_METABOLISM",79,0.3744596131393144,1.516739633902119,0.016342408655266222,0.05214234785023358,"PIK3CG;PIK3CD;SYNJ1;TNFAIP8;SACM1L;PIP4K2A;BMX;PLEKHA2;PIK3R6;TNFAIP8L2;PIK3CA;RAB5A;RAB14;RAB4A;INPP4B;GDE1;PIK3R5;PTEN;MTMR6;MTM1;PLEKHA4;PIKFYVE;FIG4;PIK3C3;PNPLA7;MTMR7;PIK3CB;INPP5F;PIK3R4;GDPD3;SBF2;PLEKHA3",1.468051897339135,0.05798237703086051,,
"REACTOME_UNFOLDED_PROTEIN_RESPONSE_UPR",88,-0.3259080279872001,-1.4507756864504908,0.016420642506677983,0.052238769144051594,"PREB;ATF4;WFS1;CEBPB;NFYC;KHSRP;YIF1A;ZBTB17;CALR;EXOSC5;SRPRA;EXOSC3;TSPYL2;EXTL3;DDIT3;ASNS;ARFGAP1;HYOU1;SYVN1;EIF2S2;CXXC1;EXOSC4;DDX11;EIF2S3;ACADVL;EXOSC1;GSK3A;CXCL8;TLN1;EXOSC6;ADD1;CREB3;DCTN1;PPP2R5B",-1.6840194722887962,0.005383779578028374,,
"REACTOME_APOPTOSIS",158,-0.2749377678114431,-1.3554766610070854,0.018479349925425673,0.05861671346607327,"BID;PSMB5;PSMD3;AKT2;BCAP31;PSMC4;PSMD14;E2F1;PSMD8;DFFB;C1QBP;PSMA7;LMNB1;GZMB;ADRM1;AKT1;BAX;BCL2L1;PSMB2;MAGED1;PSMD2;UBB;PSMC5;CDKN2A;FADD;UBA52;PLEC;CLSPN;PSMB3;PSMC3;AVEN;PSMB4;PSMD7;DFFA;BBC3;BAK1;TNFRSF10B;NMT1;PSMD11;PSMA6;DYNLL1;YWHAQ;PSMB6;YWHAH;PSMD6;PSMB7;PSMA5;ADD1;TNFRSF10A;DAPK2",-1.4232835430908153,0.025920295167035978,,
"REACTOME_SLC_MEDIATED_TRANSPORT_OF_AMINO_ACIDS",28,-0.4526178152953256,-1.5790889206446033,0.018690272314570804,0.05911341941352626,"SLC7A5;SLC1A5;SLC1A4;SLC43A2;SLC3A2;SLC43A1;SLC25A29;SLC7A1;SLC1A7;SLC38A3",-1.5802047922125255,0.0653199029451672,,
"REACTOME_PROCESSING_OF_CAPPED_INTRONLESS_PRE_MRNA",29,-0.43130283613042664,-1.518009447418628,0.01883537612626181,0.059399678914124204,"LSM10;SNRPF;CSTF2;CPSF1;SLBP;PABPN1;ZNF473;LSM11;CPSF6;SYMPK;CSTF1;SNRPB;CLP1;CPSF4",-1.6746955864379436,0.03483751317518275,,
"REACTOME_DAG1_GLYCOSYLATIONS",17,-0.5334579907948945,-1.6362945471453971,0.019049347181057535,0.05990083737858554,"LARGE2;POMT2;POMGNT1;POMGNT2;FKRP;B3GALNT2;DAG1;SLC35A4",-1.651623032205321,0.07365451509186909,,
"REACTOME_TRANSPORT_OF_THE_SLBP_DEPENDANT_MATURE_MRNA",36,-0.4188110689947707,-1.5503127737739504,0.019243642008230585,0.06031449755929276,"AAAS;NUP188;NUP85;SEC13;RAE1;NUP62;SLBP;ALYREF;NUP93;NUP37;NUP98;POM121C;NUP214;NUP88;NDC1;NUP210",-1.6276613564455116,0.029828320701434364,,
"REACTOME_ASSEMBLY_AND_CELL_SURFACE_PRESENTATION_OF_NMDA_RECEPTORS",30,-0.45850185662878784,-1.6323017880913178,0.01933476446334911,0.06031449755929276,"TUBA1B;TUBB4B;TUBA1C;TUBA4A;TUBB6;GRIN2B;CASK;TUBAL3;GRIN2D;LIN7B;DLG3;CAMK2G",-1.500123746712,0.15506688198201496,,
"REACTOME_CYCLIN_D_ASSOCIATED_EVENTS_IN_G1",47,-0.3991494752883523,-1.5448997663448603,0.019347205559001077,0.06031449755929276,"CDKN1C;CDK4;E2F1;CCND1;CCNE1;CDKN2D;PPP2R1A;UBB;SRC;E2F4;CDKN2A;UBA52;CCND2;PPP2R3B",-1.3412625092966792,0.15852201532768015,,
"REACTOME_PIWI_INTERACTING_RNA_PIRNA_BIOGENESIS",22,-0.48571119149556335,-1.5744389855504906,0.019503450880461046,0.06041676397040648,"POLR2E;POLR2F;POLR2H;PIWIL2;POLR2L;POLR2D;POLR2G;POLR2C;POLR2I",-1.6927743189980609,0.04414062547166463,,
"REACTOME_SIGNALING_BY_ERBB4",46,0.41697540754223195,1.522992136563926,0.019545548445489783,0.06041676397040648,"ESR1;TAB2;HBEGF;SOS1;S100B;PIK3CA;APH1B;STAT5A;PSEN1;NRG1;KRAS;NCOR1;WWP1;NRAS;NCSTN;BTC;CXCL12;EGFR;ERBB3;PGR",1.4565803225042557,0.10904555443368771,,
"REACTOME_TP53_REGULATES_TRANSCRIPTION_OF_GENES_INVOLVED_IN_CYTOCHROME_C_RELEASE",18,-0.5311468515158497,-1.647756382794003,0.019546600108072687,0.06041676397040648,"BID;STEAP3;PRELID1;AIFM2;PRELID3A;BAX",-1.744423986356377,0.03690659372523873,,
"REACTOME_CIRCADIAN_CLOCK",108,-0.30809409274239263,-1.4133010705083295,0.019658352497338452,0.060590049623524746,"CARM1;PSMB5;PSMD3;PSMC4;PSMD14;PSMD8;PPP1CA;PSMA7;NPAS2;CSNK2A2;CSNK1E;NR1D1;ADRM1;TBL1X;PSMB2;PSMD2;UBB;PSMC5;SREBF1;CSNK1D;UBA52;CRTC3;PSMB3;PSMC3;PSMB4;CDK5;HDAC3;PSMD7;NOCT;PSMD11;PSMA6;NCOA6;PSMB6;CRTC1;PSMD6;PSMB7;RBX1;PSMA5;RAI1;BTRC",-1.5199931219788028,0.017504034093305088,,
"REACTOME_RAS_PROCESSING",23,-0.47514829601131414,-1.5484589099692105,0.0198324518686454,0.06086648429279976,"HRAS;ARL2;RCE1;BCL2L1;UBB;ICMT;UBA52;ABHD17A;ZDHHC9;FNTB;ABHD17C",-1.5239308992912481,0.06856009813655682,,
"REACTOME_HDR_THROUGH_HOMOLOGOUS_RECOMBINATION_HRR",68,-0.3335319263971597,-1.4148686006214675,0.01985992823891904,0.06086648429279976,"MUS81;XRCC3;POLE;POLD1;RAD51D;EME1;RAD51;RAD51C;SLX4;UBB;RAD9A;UBA52;RAD50;EME2;DNA2;RTEL1;POLE2;BLM;POLD2;KAT5;RFC5;RHNO1;POLH;TOP3A;POLE4;SEM1;CHEK1;PCNA;RAD51AP1;UBC;RFC2;BRCA1",-1.5730162034387671,0.022299181691032607,,
"REACTOME_NUCLEOTIDE_SALVAGE",21,-0.4806280270853226,-1.5481439125650192,0.019918905150477624,0.06087575506662824,"AMPD2;UCKL1;ADK;ADA;PNP;UCK1;PUDP;TK1;UCK2;UPP1;MAPDA;APRT",-1.5880930187634632,0.061153473424209466,,
"REACTOME_TELOMERE_EXTENSION_BY_TELOMERASE",22,-0.4842275489169164,-1.5696297393207468,0.02024641743656828,0.0617033674257319,"PIF1;RUVBL2;NHP2;TERT;NOP10;DKC1;CCNA2;RUVBL1",-1.528520483504237,0.12608143000445426,,
"REACTOME_SIGNALING_BY_FLT3_FUSION_PROTEINS",19,0.5312834025420212,1.5361246752208106,0.020724104421412818,0.06298275310194733,"SOS1;GOLGB1;PIK3CA;TRIP11;STAT5A;ZMYM2;PIM1;KRAS;NRAS;NOX4",1.53615032715642,0.08800948941375779,,
"REACTOME_HCMV_EARLY_EVENTS",91,-0.30886709051535977,-1.383069028182085,0.021461535354960898,0.06495668741030887,"AAAS;NUP188;TUBA1B;TUBB4B;NCOR2;ELK1;TRIM28;TUBA1C;TUBA4A;TBL1X;TUBB6;NUP85;SEC13;RAE1;PML;RBBP7;TUBAL3;NUP62;DYNC1H1;DYNC1I1;HDAC3;NUP93;NUP37;NUP98;GPS2;DYNLL1;H2AC20",-1.3781752615957994,0.06697964758000986,,
"REACTOME_SUMOYLATION_OF_INTRACELLULAR_RECEPTORS",28,0.49119978182355395,1.5773374409686531,0.021493021569587496,0.06495668741030887,"NR4A2;ESR1;NR3C1;AR;NR3C2;NR5A2",1.5564933498119016,0.07148768330901219,,
"REACTOME_MATURATION_OF_DENV_PROTEINS",51,-0.36058005588169684,-1.4303037566165475,0.021676862220507378,0.06533082021028262,"P4HB;DDOST;RPN2;KPNA2;CALR;SCAP;OST4;P4HA2;HYOU1;UBB;UBA52;RPN1;PDIA3;NMT1;P4HA1;KPNB1;SEC11A;ACOT2;TMEM258",-1.65598133083569,0.017983147830049444,,
"REACTOME_COPI_MEDIATED_ANTEROGRADE_TRANSPORT",91,-0.30741528227454124,-1.3765680085707523,0.022609200380529198,0.06795251385087228,"TUBA1B;SPTBN2;TUBB4B;SPTB;TUBA1C;TUBA4A;COPE;ACTR1A;ARF1;BET1L;TUBB6;ARF5;ARFGAP1;TMED3;SPTBN5;COPG1;COG8;YKT6;TMED9;TUBAL3;DYNC1H1;RAB1B;GBF1;DYNC1I1;DCTN2",-1.1604672892709995,0.2932561858726707,,
"REACTOME_REGULATION_OF_PTEN_GENE_TRANSCRIPTION",60,-0.35505310904550214,-1.464700086429729,0.02321930911079856,0.06945860691954586,"MTA1;MLST8;RPTOR;MTA2;ATN1;MTOR;SNAI1;GATAD2A;LAMTOR1;HDAC1;RBBP7;MAF1;KDM1A;MBD3;PHC2;HDAC3;LAMTOR5;CBX2;CBX8;CBX6;RRAGA;SCMH1",-1.8400944901100402,0.0020584044170101315,,
"REACTOME_SIGNALING_BY_BMP",25,0.501074332072151,1.5639767435435705,0.02323798981499512,0.06945860691954586,"BMP2;SMURF2;BMPR2;ACVRL1;TGFBR3;UBE2D3;UBE2D1;SMAD1;SMAD4;GREM2;ACVR2A;CHRDL1;SMAD7;SMURF1;SMAD9;INHBA",1.589604858708916,0.06856009813655682,,
"REACTOME_G_PROTEIN_ACTIVATION",17,0.5628154444389292,1.5915038440551716,0.023457067536151323,0.0699213410392675,"GNG2;GNGT2;GNAQ;GNB4;GNG7;GNG12;GNA15;GNG11",1.721553445017164,0.0376857985219994,,
"REACTOME_RNA_POLYMERASE_I_TRANSCRIPTION_TERMINATION",30,-0.4489256795921609,-1.59820986311004,0.023792190995691614,0.07072651312380458,"POLR2E;POLR1A;POLR2F;POLR2H;POLR1G;POLR2L;ERCC2;ERCC3;TAF1C;POLR1C",-1.8130113943228747,0.019217242341802335,,
"REACTOME_POLO_LIKE_KINASE_MEDIATED_EVENTS",16,-0.535889380780424,-1.6063742973466384,0.024228685058786278,0.07182781837591136,"PLK1;FOXM1;LIN37;CCNB2;PKMYT1;CCNB1;MYBL2",-1.5664172191136136,0.10250156262771612,,
"REACTOME_OTHER_INTERLEUKIN_SIGNALING",20,0.5274297365812848,1.5588422723500293,0.024373455300406743,0.07206065045337645,"IL16;CD4;VAMP2;CSF1;CASP3;CSF1R",1.6138144925757576,0.08870179319401324,,
"REACTOME_NON_INTEGRIN_MEMBRANE_ECM_INTERACTIONS",74,-0.31489590499452047,-1.3648330223791738,0.024497401298066875,0.0722308200875251,"ACTG2;SNTA1;AGRN;DMD;SGCA;LAMA5;ACTG1;ACTC1;ACTA1;ACTN1;ACTB;COL1A1;CASK;SDC1;SNTB1;DAG1;FN1;HSPG2;ACTA2",0.887249657622884,0.7872376432881234,,
"REACTOME_SARS_COV_2_INFECTION",279,-0.23325910080726034,-1.2416191071525267,0.024971744831071313,0.07343042804379889,"AAAS;PRMT1;IRAK1;NUP188;AKT2;VPS18;VCP;TAB1;AGRN;SNRPF;PARP16;TKFC;RPS2;VPS39;ZDHHC8;DDOST;RPN2;KPNA2;RPS14;TUFM;EDEM2;AKT1;RPS17;GEMIN7;LARP1;RPS16;OST4;PRKCSH;CRB3;NUP85;MOGS;SEC13;RPS23;ANO9;RAE1;FAU;UBB;MGAT4B;MASP1;RPS3;ST3GAL2;UBA52;SDC1;GEMIN8;GEMIN4;NUP62;VPS33B;RPS26;HSPG2;GPC4;TYK2;IKBKG;FURIN;RPN1;SEC24C;RPS4X;ZDHHC5;NUP93;RPS28;ZDHHC9;NUP37;RPS8;GANAB;NUP98;MGAT2;GSK3A;YWHAQ;HAVCR1;NOD2;ISG15;YWHAH;GEMIN5;CHMP6;RPS21;POM121C;SNRPB;HSP90AB1;RPS27L;TRAF3;RPS15;RPS18;RPS11;NUP214;TRIM25;MGAT1;NUP88;TMEM258;NDC1;RPS6;RPS5;SDC3;GPC2;NUP210",-1.1607871680445263,0.12672655110958186,,
"REACTOME_REGULATION_OF_LIPID_METABOLISM_BY_PPARALPHA",108,-0.3023147131621775,-1.3867896782421314,0.025433178327728487,0.07429162443420391,"CARM1;NFYC;NCOR2;ESRRA;MED24;TRIB3;ARNT2;NPAS2;NR1D1;MED15;MED26;TBL1X;CPT2;MED8;SREBF2;MED12;MED10;SREBF1;MED25;SIN3B;PLIN2;MED29;HDAC3;MED14;ALAS1;NCOA6;CDK8;GPS2;MED27;SIN3A;MED22;MED11;RXRA;ANGPTL4;G0S2;MED17;TXNRD1;EP300;NR1H3;FHL2;TNFRSF21;NR1H2;MED20;MED16;MED9;AGT",-1.3706203169409508,0.0653199029451672,,
"REACTOME_SIALIC_ACID_METABOLISM",28,0.4870704533519206,1.5640773691091243,0.025456212500820648,0.07429162443420391,"ST8SIA1;ST8SIA4;ST3GAL5;SLC35A1;ST3GAL4;ST6GALNAC1;NPL;SLC17A5",1.587295755803509,0.05794121960811293,,
"REACTOME_TNFR2_NON_CANONICAL_NF_KB_PATHWAY",85,0.34609578383526185,1.4143775921198547,0.02546946315621145,0.07429162443420391,"TNFRSF17;TNFRSF13C;CD27;LTB;TNFSF8;CD40LG;LTA;TNFSF13B;BIRC3;TNFSF11;TNFSF18;TNFRSF9;BIRC2;TNFRSF8;TNFSF14",1.557636212347235,0.030405429161734585,,
"REACTOME_INTERCONVERSION_OF_NUCLEOTIDE_DI_AND_TRIPHOSPHATES",29,-0.41657776520901696,-1.4661832248666167,0.025699771947548494,0.07476297293832289,"NME4;TYMS;CTPS1;NME2;NME1;AK4;NUDT13;CTPS2;DTYMK;RRM2",-1.6307185394596413,0.0463183244552726,,
"REACTOME_COPI_INDEPENDENT_GOLGI_TO_ER_RETROGRADE_TRAFFIC",44,-0.38200197853916823,-1.4607246124440312,0.02580948399782008,0.07488191623900867,"TUBA1B;TUBB4B;TUBA1C;TUBA4A;ACTR1A;RAB6B;TUBB6;PAFAH1B3;BICD2;TUBAL3;DYNC1H1;DYNC1I1;DCTN2;DCTN3;DYNLL1;GALNT2",-1.215519462604974,0.2792399718508093,,
"REACTOME_EXPORT_OF_VIRAL_RIBONUCLEOPROTEINS_FROM_NUCLEUS",33,-0.42416125695165174,-1.540524028037125,0.026393906574440854,0.07604099958234567,"AAAS;NUP188;RAN;NUP85;SEC13;RAE1;NUP62;NUP93;NUP37;NUP98;POM121C;NUP214;NUP88;NDC1;NUP210",-1.6120380561281376,0.05205550348454144,,
"REACTOME_ANTIGEN_PROCESSING_UB_ATP_INDEPENDENT_PROTEASOMAL_DEGRADATION",19,-0.48780349296151027,-1.5424334308737588,0.026408471673898485,0.07604099958234567,"PSMB5;PSMA7;PSMB2;PSMB3;PSMB4;PSMA6;PSMB6;PSMB7;PSMA5;PSMA3;PSMA4",-1.508337660962013,0.13846902220173643,,
"REACTOME_ANTIMICROBIAL_PEPTIDES",27,0.4762548368835823,1.5171781820941297,0.026418656104895834,0.07604099958234567,"CCR2;CD4;ITLN1;TLR1;LTF;CHGA;RNASE6",1.4718428679601459,0.13223555241903867,,
"REACTOME_GLUCAGON_LIKE_PEPTIDE_1_GLP1_REGULATES_INSULIN_SECRETION",31,0.47725701210694416,1.5880954039841264,0.027213951935586813,0.07791784133136435,"AKAP5;GNG2;PRKAR2B;GNGT2;RAP1A;GNB4;ITPR1;GNG7;GNG12;PRKAR1A;GNG11;PRKACB;RAPGEF3",1.5813358868983174,0.05805776566667968,,
"REACTOME_SIGNALING_BY_FGFR1_IN_DISEASE",31,0.47696621755838553,1.587127771294916,0.027213951935586813,0.07791784133136435,"SOS1;GAB1;LRRFIP1;PIK3CA;STAT1;STAT3;STAT5A;CEP43;FGF9;ZMYM2;FGFR1OP2;FRS2;KRAS;NRAS;FGF1",1.1486295132286168,0.422180993609565,,
"REACTOME_CD28_DEPENDENT_PI3K_AKT_SIGNALING",26,0.4787261002909993,1.5120405796343832,0.02734257348637637,0.07808062979836612,"CD28;PIK3CG;PIK3CD;RICTOR;CD80;CD86;PIK3R6;PIK3CA;THEM4;MAP3K8;PIK3R5",1.686313061845472,0.03660910577049555,,
"REACTOME_NUCLEAR_RECEPTOR_TRANSCRIPTION_PATHWAY",45,0.41081611408660285,1.494184668969763,0.027722459935100446,0.07895821049578347,"NR4A2;ESR1;NR4A3;NR3C1;NR4A1;AR;NR3C2;RORC;ESR2;NR5A2;HNF4G",1.4843548939108029,0.09473275765674125,,
"REACTOME_NUCLEAR_SIGNALING_BY_ERBB4",26,0.4777193964530455,1.5088609388048264,0.02824894806400349,0.0802476644742449,"ESR1;TAB2;HBEGF;S100B;APH1B;STAT5A;PSEN1;NRG1;NCOR1;NCSTN;BTC;CXCL12",1.518798869663511,0.09796105535975116,,
"REACTOME_REGULATION_OF_ENDOGENOUS_RETROELEMENTS_BY_PIWI_INTERACTING_RNAS_PIRNAS",61,-0.3384532177399544,-1.4085254260631221,0.028604421984290977,0.08104586228882443,"SMARCB1;MTA1;SMARCA4;BCL7A;MTA2;GATAD2A;ACTB;SMARCD2;HDAC1;H2AX;RBBP7;SS18L1;DPF2;MBD3;SMARCD1;H2AJ;H2AC20;ARID1A;SMARCC2",-1.4485297230422414,0.0795340419169887,,
"REACTOME_PROTEIN_UBIQUITINATION",72,-0.3237173290015839,-1.3848948540293269,0.028830708631513793,0.08147483374308313,"UBA1;PEX10;VCP;TMEM129;PEX14;CDC34;SKIC8;PEX5;UBE2C;USP5;UBE2S;PAF1;USP9X;UBB;UBA52;UBE2J2",-1.504312218380539,0.030702095831136974,,
"REACTOME_PROTEIN_HYDROXYLATION",18,-0.5117440182031129,-1.5875637216794596,0.029226576931018704,0.08237957435478846,"RCCD1;U2AF2;RIOX1;RPS23;DRG1;DRG2",-1.6378756671531312,0.07569839046946956,,
"REACTOME_G_BETA_GAMMA_SIGNALLING_THROUGH_PI3KGAMMA",20,0.5178982421568401,1.5306715125369768,0.030272690951871916,0.08510772029880269,"PIK3CG;GNG2;GNGT2;GNB4;PIK3R6;GNG7;RHOA;GNG12;PIK3R5;GNG11",1.8467753054037865,0.016428735877964593,,
"REACTOME_TRANSLESION_SYNTHESIS_BY_POLH",19,-0.478906142955615,-1.5143000322956544,0.030415214936045445,0.0852390802446724,"UFD1;VCP;NPLOC4;UBB;UBA52",-1.4643714300736108,0.14747256663615635,,
"REACTOME_INTEGRIN_CELL_SURFACE_INTERACTIONS",75,0.3614136192230712,1.4414546655525824,0.03047610497718526,0.0852390802446724,"ITGAL;MADCAM1;VCAM1;ITGA4;ITGA8;ICAM3;JAM2;CD47;ITGB8;ITGAV;ITGB6;PECAM1;COL9A2;ITGA1;COL4A6;ITGB2;ITGA2;LUM;ICAM2;COL4A4;ITGB7;ITGAM;ICAM1;COL4A5;ITGA3;F11R;ITGAE;CD44;COL23A1;KDR",2.0890620019717367,5.2812112912010906e-5,,
"REACTOME_THROMBIN_SIGNALLING_THROUGH_PROTEINASE_ACTIVATED_RECEPTORS_PARS",26,0.4730425938247043,1.4940894121370842,0.030665948227377286,0.08555013249073458,"GNG2;GNGT2;GNAQ;GNB4;GNA13;GNG7;GNG12;F2R;GNA15;GNG11",1.6226506098406568,0.057528825259452965,,
"REACTOME_ASSEMBLY_OF_THE_HIV_VIRION",16,-0.5269295982391481,-1.5795165821160055,0.030990057908633382,0.08623320461532767,"UBB;UBA52;MVB12B;FURIN;VPS37C;PPIA;VPS28;UBC;TSG101;VPS37B;VPS37A;MVB12A;VPS37D",-1.5046948752603437,0.14830768370044484,,
"REACTOME_SIGNALING_BY_SCF_KIT",41,0.41386747493933596,1.481768917509032,0.03107666068796814,0.0862535888482381,"GRAP2;VAV1;SOS1;KITLG;PIK3CA;STAT1;FER;JAK2;STAT3;STAT5A;YES1;SOCS6;KRAS;FYN;NRAS;RAC1",1.355597907753777,0.18103515777934384,,
"REACTOME_TRANSCRIPTIONAL_REGULATION_BY_RUNX3",86,-0.3189716569492524,-1.4082150623606289,0.03135620633285083,0.086808021603414,"PSMB5;PSMD3;PSMC4;TEAD4;PSMD14;PSMD8;CCND1;PSMA7;ADRM1;KAT2A;NOTCH1;PSMB2;PSMD2;HDAC4;UBB;SRC;PSMC5;CDKN2A;UBA52;TCF7;PSMB3;PSMC3;PSMB4;PSMD7;MDM2;TEAD3;PSMD11;PSMA6;PSMB6;PSMD6;PSMB7;PSMA5",-1.4854226761691076,0.02683268002221995,,
"REACTOME_AURKA_ACTIVATION_BY_TPX2",71,-0.31579134751805327,-1.3494326051706753,0.031659798150394713,0.08742604159296814,"TUBG1;PLK1;TUBB4B;CSNK1E;TUBA4A;ACTR1A;AURKA;CEP250;SSNA1;PPP2R1A;CSNK1D;DYNC1H1;SFI1;TUBB;CEP131;HAUS7;CEP72;OFD1;DCTN2;TPX2;DCTN3;DYNLL1;HAUS8;DCTN1;CKAP5;CLASP1;CEP78;CEP164;HAUS2;HAUS5",-1.5870295256315896,0.028418147725495026,,
"REACTOME_DEUBIQUITINATION",238,-0.24215686947267234,-1.2688157534440816,0.031768398490299714,0.08750384191758503,"PSMB5;UFD1;PSMD3;MCRS1;VCP;TNIP2;TAB1;PSMC4;ACTR5;CDC20;FOXK2;HCFC1;RAD23A;PSMD14;PSMD8;KEAP1;HGS;PSMA7;USP3;AXIN1;ADRM1;USP5;OTUB1;KAT2A;RCE1;PSMB2;USP9X;ACTB;PSMD2;OTUD5;VDAC2;UBB;CCNA2;PSMC5;TFPT;RUVBL1;USP13;UBA52;INO80E;VDAC1;CLSPN;INO80;PSMB3;RNF123;FKBP8;PSMC3;USP11;IKBKG;PSMB4;USP22;NFRKB;ASXL1;PSMD7;TAF10;MDM2;AXIN2;TADA2B;PSMD11;FOXK1;PSMA6;RNF128;MBD6;BAP1;RAD23B;STAM;H2AC20;NOD2;PSMB6;PSMD6;PSMB7;PTRH2;PSMA5;USP21;IDE;TRAF3;CDC25A",-1.39229560167914,0.02134682961258957,,
"REACTOME_DUAL_INCISION_IN_GG_NER",40,-0.37835690899753155,-1.4308012766462943,0.032220518958098666,0.08852506218790744,"POLE;POLD1;UBB;UBA52;DDB1;ERCC2;ERCC3;POLE2;ERCC1;RBX1;POLD2;RFC5;POLE4;GTF2H2;PARP2;PCNA;UBC;RFC2;DDB2",-1.3414471139526176,0.15852201532768015,,
"REACTOME_UB_SPECIFIC_PROCESSING_PROTEASES",161,-0.26528544366785906,-1.3137970572118849,0.03238232800890353,0.08860134326335814,"PSMB5;UFD1;PSMD3;TAB1;PSMC4;CDC20;PSMD14;PSMD8;KEAP1;HGS;PSMA7;USP3;AXIN1;ADRM1;USP5;OTUB1;KAT2A;RCE1;PSMB2;USP9X;PSMD2;VDAC2;UBB;CCNA2;PSMC5;RUVBL1;USP13;UBA52;VDAC1;CLSPN;PSMB3;RNF123;FKBP8;PSMC3;USP11;IKBKG;PSMB4;USP22;PSMD7;TAF10;MDM2;AXIN2;TADA2B;PSMD11;PSMA6;RNF128;H2AC20;PSMB6;PSMD6;PSMB7;PTRH2;PSMA5;USP21;IDE",-1.4462738837490319,0.02174641345552887,,
"REACTOME_GLYCOGEN_METABOLISM",25,-0.4689837631899071,-1.5862736197280827,0.03249258820044108,0.08860134326335814,"PHKA2;AKR1E2;GYG2;PHKG1;UBB;GYS1;UBA52;PYGM;PHKA1",-1.3932569290583168,0.16382324058919803,,
"REACTOME_RESOLUTION_OF_AP_SITES_VIA_THE_MULTIPLE_NUCLEOTIDE_PATCH_REPLACEMENT_PATHWAY",25,-0.4693804741876616,-1.5876154405751706,0.03249258820044108,0.08860134326335814,"POLE;POLD1;ADPRS;FEN1;LIG1;APEX1;POLE2;POLD2;RFC5;POLE4;PARP2;PCNA;RFC2",-1.5628503390924542,0.09613186802143586,,
"REACTOME_REGULATION_OF_MITF_M_DEPENDENT_GENES_INVOLVED_IN_CELL_CYCLE_AND_PROLIFERATION",18,-0.5024578184706467,-1.5587555025637816,0.03294966024861791,0.08962307587624072,"PLK1;CCND1;HDAC1;CDKN2A;CCNB1;TCF7;CDC25B;TBX2;HINT1;SIN3A",-1.5015504203521408,0.12997935621989448,,
"REACTOME_ATTACHMENT_AND_ENTRY",18,-0.5021282221787724,-1.5577330087051977,0.033321968854785014,0.0904097309576212,"VCP;AGRN;SDC1;HSPG2;GPC4;FURIN;HAVCR1;SDC3;GPC2",-1.0667789357738335,0.49410647565179694,,
"REACTOME_SEALING_OF_THE_NUCLEAR_ENVELOPE_NE_BY_ESCRT_III",24,-0.45428272191689467,-1.5151755122797053,0.03347006649413961,0.09058565260105447,"TUBA1B;TUBB4B;TUBA1C;TUBA4A;TUBB6;CC2D1B;TUBAL3;LEMD2",-1.608719439364731,0.060185507025980134,,
"REACTOME_SIGNALING_BY_NOTCH",185,-0.2560303409328857,-1.2872283249686551,0.03458306874737271,0.09336570421126925,"PSMB5;PSMD3;YBX1;PSMC4;DLL4;NCOR2;PSMD14;E2F1;PSMD8;CCND1;PSMA7;GZMB;ADRM1;AKT1;HDAC6;TBL1X;KAT2A;HEY2;NOTCH1;WWC1;TLE3;PSMB2;PSMD2;HDAC4;UBB;HDAC1;PSMC5;NOTCH3;TACC3;H2AX;DTX2;AGO2;UBA52;HDAC11;PSMB3;AGO1;PSMC3;ACTA2;MIB2;FURIN;PSMB4;RFNG;HDAC3;TLE2;PSMD7;POFUT1;PSMD11;PSMA6;LFNG;CDK8;H2AJ;H2AC20;PSMB6;PSMD6;PSMB7;RBX1;PSMA5;NEURL1B",-1.3273334240759762,0.062077379157278144,,
"REACTOME_RHOBTB2_GTPASE_CYCLE",23,-0.4481284712702791,-1.4604041095683984,0.03485083165197172,0.09385570504293374,"CCT7;CCT2;CDC37;ACTG1;ACTN1;CCT6A;DBN1;HSP90AB1;RBMX",-1.6367732643291075,0.03375797501654707,,
"REACTOME_LATE_SARS_COV_2_INFECTION_EVENTS",71,-0.3111506541806504,-1.3296020969908027,0.0350594594521913,0.0941844244048991,"PRMT1;PARP16;ZDHHC8;DDOST;RPN2;EDEM2;OST4;PRKCSH;MOGS;ANO9;UBB;MGAT4B;ST3GAL2;UBA52;FURIN;RPN1;ZDHHC5;ZDHHC9;GANAB;MGAT2;GSK3A",-1.1374979714249858,0.3581830575695606,,
"REACTOME_HS_GAG_BIOSYNTHESIS",25,-0.46224106332025217,-1.5634673569776887,0.035497651011832235,0.09512671010067357,"AGRN;HS6ST1;EXTL3;HS3ST1;SDC1;HSPG2;GPC4;GLCE;HS6ST2;NDST1;SDC3;GPC2;EXT2",-1.2163990836363945,0.32120194633355154,,
"REACTOME_REGULATION_OF_PYRUVATE_METABOLISM",32,-0.4032935083074295,-1.4501573528630713,0.035919371301678396,0.0960203340939216,"PGAM5;PDHA1;MAEA;RMND5B;PDHX;PKM;PDK3;UBB;UBA52",-1.4977654751511198,0.09799649483738807,,
"REACTOME_SENESCENCE_ASSOCIATED_SECRETORY_PHENOTYPE_SASP",76,-0.3101195599424086,-1.3410972512491632,0.036688849348441244,0.09783693159584331,"CEBPB;VENTX;CDK4;ANAPC11;ANAPC15;UBE2C;CDKN2D;UBE2S;EHMT1;ANAPC5;ANAPC2;FZR1;UBB;CCNA2;CDKN2A;H2AX;UBA52;ANAPC7;RELA;CXCL8;H2AJ;H2AC20;IGFBP7;EHMT2",-1.1211839755249087,0.4118217054263566,,
"REACTOME_SUMOYLATION",175,-0.2517590306213889,-1.2600087504797022,0.038736473159265074,0.1030447012158445,"AAAS;MTA1;NUP188;CTBP1;NCOR2;SAE1;CDCA8;HERC2;TRIM28;INCENP;DNMT3B;RANGAP1;L3MBTL2;AURKA;DNMT1;NSMCE4A;MRTFA;NUP85;SEC13;SMC1A;HDAC4;RAE1;PML;HDAC1;CDKN2A;AURKB;TP53BP1;NUP62;PCGF2;ZBED1;IKBKG;RAD52;PHC2;NUP93;MDM2;SAFB;NUP37;MBD1;NUP98;PIAS4;RELA;CBX2;CBX8;BLM;POM121C;PARK7;TFAP2A;SIN3A;THRA;BIRC5;NUP214;SCMH1;CBX5;NUP88;RXRA;NDC1;PIAS2;NSMCE3;NUP210;DNMT3A;DAXX;NSMCE1;RWDD3;ING2;NR1I2;EP300;NR1H3;HDAC2;RARA;NR1H2;NOP58",-1.2755157461558109,0.11527964364872026,,
"REACTOME_FORMATION_OF_THE_CORNIFIED_ENVELOPE",44,-0.3713398873335811,-1.419954197841251,0.03923856376970061,0.10412574971081529,"KRT6B;KRT23;PKP3;PCSK6;CAPN1;KRT40;ST14;FURIN;KRT15;KRT18;KRT86;TGM1;KRT8;KRT80;PPL;PRSS8;KRT75;CAPNS1;JUP",-1.4885063616904723,0.07294850474898233,,
"REACTOME_KERATINIZATION",47,-0.36958713615347016,-1.43047934580167,0.03983459258645555,0.10545021103178501,"KRT6B;KRT23;PKP3;PCSK6;CAPN1;KRT40;ST14;FURIN;KRT15;KRT18;KRT86;TGM1;KRT8;KRT80;PPL;PRSS8;KRT75;CAPNS1;JUP;KRTAP5-1;PERP",-1.4696562743405004,0.10168538090836886,,
"REACTOME_FORMATION_OF_NEURONAL_PROGENITOR_AND_NEURONAL_BAF_NPBAF_AND_NBAF",24,-0.4439913512374894,-1.4808505598020258,0.04016868573171534,0.10581968541430094,"SMARCB1;SMARCA4;BCL7A;ACTB;SMARCD2;SS18L1;DPF2;SMARCD1;ARID1A;SMARCC2",-1.3724539046632231,0.191353578667024,,
"REACTOME_MTORC1_MEDIATED_SIGNALLING",24,-0.4431815021946561,-1.478149458969561,0.04016868573171534,0.10581968541430094,"MLST8;RPTOR;MTOR;LAMTOR1;EIF4EBP1;AKT1S1;EIF4G1;LAMTOR5",-1.753405612464335,0.025090911507641946,,
"REACTOME_PEPTIDE_HORMONE_METABOLISM",57,0.3797825982418175,1.4450849200629723,0.04084967320261438,0.107095046854083,"CPA3;GZMH;RAB27A;VAMP2;FFAR4;PCSK1;EXOC8;SPCS3;ISL1;EXOC1;IGF1;KLF4;PLA2G7;EXOC5;GHRL;MYO5A;KIF5C;ACHE;SPCS2;STX1A;EXOC4;INHBA;ERO1B;KIF5B;TCF7L2",1.4802577364484546,0.08528231659649166,,
"REACTOME_REGULATED_NECROSIS",57,0.37935604947144086,1.4434618883637942,0.04084967320261438,0.107095046854083,"TNFSF10;BIRC3;CFLAR;PDCD6IP;BIRC2;IRF2;FAS;IL18;MLKL;SDCBP;CHMP2B;IRF1;RIPK1;CASP3;RIPK3;CHMP3;FASLG;CHMP4A",1.3460192750560185,0.1806847215125192,,
"REACTOME_SIGNALING_BY_WNT_IN_CANCER",33,-0.40412258211938523,-1.4677449621436833,0.04106743265885216,0.10726765731197392,"CTBP1;AMER1;KREMEN1;LRP5;AXIN1;PORCN;PPP2R5D;PPP2R1A;CTBP2",-1.385985131056953,0.1688947329972971,,
"REACTOME_IRE1ALPHA_ACTIVATES_CHAPERONES",47,-0.36726326399613224,-1.4214848468103007,0.04111269586313706,0.10726765731197392,"PREB;WFS1;YIF1A;ZBTB17;SRPRA;TSPYL2;EXTL3;ARFGAP1;HYOU1;SYVN1;CXXC1;DDX11;ACADVL;GSK3A;TLN1;ADD1;DCTN1;PPP2R5B",-1.5694816554123228,0.05081525799703707,,
"REACTOME_MITOCHONDRIAL_FATTY_ACID_BETA_OXIDATION",34,-0.4139201009433672,-1.5161969505365156,0.0412620650411216,0.10739982479602941,"ACOT11;ACOT7;MCAT;ACAD11;PCCB;ACBD6;ECI1;DBI;ACADVL;MECR;HADHB;ACBD7;ACOT2;HADH;PCCA;HADHA;ECHS1;ACOT9;ACAA2",-1.7040109080139143,0.027009775588606188,,
"REACTOME_CLEC7A_DECTIN_1_SIGNALING",86,-0.3127800236256833,-1.3808798709199324,0.04263524840027036,0.11070918916347053,"PSMB5;PSMD3;TAB1;PSMC4;CDC34;PSMD14;PSMD8;PSMA7;ADRM1;PSMB2;PSMD2;UBB;SRC;PSMC5;UBA52;PSMB3;PSMC3;IKBKG;RELB;UBE2M;PSMB4;PSMD7;PSMD11;ITPR3;PSMA6;RELA;UBE2D2;PSMB6;PSMD6;PSMB7;PSMA5;BTRC;SYK;IL1B;CALM1;PSMA3",-1.3731117091555742,0.05665193371099339,,
"REACTOME_PROTEIN_METHYLATION",17,-0.49327682500346653,-1.5130454373429763,0.04275983304195706,0.11076832940392686,"VCP;EEF2;RPS2;EEF2KMT;METTL22",-1.6380703952095337,0.07776747226224301,,
"REACTOME_REGULATION_OF_GLUCOKINASE_BY_GLUCOKINASE_REGULATORY_PROTEIN",30,-0.4218324533079948,-1.5017558988142925,0.043078681367459286,0.1113292288071157,"AAAS;NUP188;NUP85;SEC13;RAE1;NUP62;NUP93;NUP37;NUP98;POM121C;NUP214;NUP88;NDC1;NUP210",-1.526605434520535,0.1420961900158751,,
"REACTOME_NETRIN_1_SIGNALING",36,0.4314599578360284,1.4963972058515405,0.0436241610738255,0.1124717707306212,"AGAP2;UNC5C;SLIT1;NCK1;WASL;EZR;NTN4;ABLIM3;FYN;CDC42;SLIT2;RAC1;SIAH1;TRPC6;DSCAML1",1.4874463802840272,0.09737860561968618,,
"REACTOME_SYNTHESIS_OF_ACTIVE_UBIQUITIN_ROLES_OF_E1_AND_E2_ENZYMES",30,-0.4192402263051085,-1.4925273717957517,0.04536598677994928,0.11668603691864024,"UBA1;CDC34;UBE2C;USP5;UBE2S;USP9X;UBB;UBA52",-1.6916716365699969,0.051012731477439656,,
"REACTOME_EICOSANOID_LIGAND_BINDING_RECEPTORS",15,0.5576839875586683,1.5195003157474098,0.046762589928057555,0.1199945703814307,"CYSLTR1;CYSLTR2;PTGFR;PTGER2;PTGER4",1.7787926660371611,0.013352890043504548,,
"REACTOME_CLASS_I_MHC_MEDIATED_ANTIGEN_PROCESSING_PRESENTATION",349,-0.2130729574937347,-1.157450603074904,0.04735168000871805,0.1212203008223182,"PSMB5;FBXO22;PSMD3;UBA1;TRAF7;BCAP31;FBXO2;PSMC4;STUB1;CDC20;KLHL25;CDC34;LRRC41;FBXO27;PSMD14;PSMD8;KEAP1;HERC2;KLHL21;PSMA7;CCNF;ANAPC11;FBXL14;ASB1;RNF220;RNF41;FBXO21;UBE2C;ADRM1;THOP1;CALR;UBE2S;FBXL18;MGRN1;FBXW9;RNF34;RNF126;ANAPC5;FBXO44;ANAPC2;FZR1;HUWE1;UBE2O;PSMB2;PSMD2;SEC13;SEC61A1;UBB;FBXL22;PSMC5;KLHL22;UBA52;FBXW5;PJA1;PSMB3;RNF123;SEC61A2;FBXL12;UBE2J2;FBXL19;PSMC3;BLMH;MIB2;BTBD6;IKBKG;TRAIP;HECTD3;PDIA3;SEC24C;UBE2M;PSMB4;TIRAP;PSMD7;ASB6;FBXO7;ANAPC7;SPSB2;UNKL;PSMD11;UBE2D4;PSMA6;ZNRF1;FBXO10;FBXL15;TRIM41;RNF4;UBE2D2;UBE2L3;PSMB6;RBCK1;SEC61B;UBE2E2;PSMD6;PSMB7;RBX1",-1.135619903428663,0.27159534658770396,,
"REACTOME_SIGNALING_BY_KIT_IN_DISEASE",19,0.5200395342413094,1.5036147502748862,0.04814814814814815,0.1226819325179981,"SOS1;PIK3CA;STAT1;JAK2;STAT3;STAT5A;YES1;KRAS;FYN;NRAS",1.4444648287426496,0.16248506571087215,,
"REACTOME_THROMBOXANE_SIGNALLING_THROUGH_TP_RECEPTOR",19,0.515749314793746,1.4912102371205473,0.04814814814814815,0.1226819325179981,"GNG2;GNGT2;GNAQ;GNB4;GNA13;GNG7;GNG12;GNA15;GNG11",1.6199052092197048,0.050181832898218016,,
"REACTOME_GAP_FILLING_DNA_REPAIR_SYNTHESIS_AND_LIGATION_IN_GG_NER",25,-0.44799340531777515,-1.5152765968573105,0.04849143604083648,0.12326794956175254,"POLE;POLD1;XRCC1;LIG1;UBB;UBA52;POLE2;POLD2;LIG3;RFC5;POLE4;PCNA;UBC;RFC2",-1.5183474440028275,0.13223555241903867,,
"REACTOME_G_ALPHA_S_SIGNALLING_EVENTS",97,0.32212255436211445,1.3376517658910478,0.049766718506998445,0.12621489448861142,"GPR15;GNG2;PDE4D;PRKAR2B;CYSLTR2;GNGT2;ADRB2;GIPR;GNB4;PTGER2;GNG7;ADCYAP1;INSL3;PTGER4;CALCRL;GNG12;PRKAR1A;PDE1A;ADM;GNG11;PRKACB;GLP2R;PDE7B;HTR4;GPR150;HRH2;SCT;VIPR1;VIP;VIPR2;PDE2A",1.6865116323433456,0.00676665312879919,,
"REACTOME_ATP_DEPENDENT_CHROMATIN_REMODELERS",30,-0.41318151339434817,-1.4709578889795176,0.049940605393781014,0.12636134574054358,"SMARCB1;SMARCA4;BCL7A;BRD9;ACTB;SMARCD2;SS18L1;DPF2;BICRA;SMARCD1;ARID1A;SMARCC2",-1.4456579342172169,0.1943482893886712,,
"REACTOME_TRANSCRIPTIONAL_REGULATION_OF_BROWN_AND_BEIGE_ADIPOCYTE_DIFFERENTIATION",27,-0.42286347628111615,-1.4571546498279608,0.05258121067237554,0.13273400745137956,"MTA1;PRDM16;MTA2;GATAD2A;HDAC1;RBBP7;BMP7;MBD3",-1.4463479474953023,0.12854989106341952,,
"REACTOME_SIGNALING_BY_CYTOSOLIC_FGFR1_FUSION_MUTANTS",18,0.5240511636271565,1.5036589768408497,0.05272727272727273,0.1327946127946128,"LRRFIP1;PIK3CA;STAT1;STAT3;STAT5A;CEP43;ZMYM2;FGFR1OP2",0.9393798122152968,0.6607850658483571,,
"REACTOME_INTERLEUKIN_7_SIGNALING",23,0.4742882807425913,1.4778542134564447,0.05309734513274336,0.13341780947904106,"IL7R;HGF;IL7;JAK3;TSLP;STAT3;STAT5A;BRWD1;JAK1;H3C8;IL2RG;H3C6",1.5663123165927837,0.06893069730552318,,
"REACTOME_TRANSPORT_OF_VITAMINS_NUCLEOSIDES_AND_RELATED_MOLECULES",28,-0.41454752852424365,-1.446269650137645,0.05343508165018335,0.13395707104930754,"SLC25A5;SLC5A6;SLC35A2;ARL2;SLC25A6;SLC29A2;SLC35B2;LCN12;SLC27A4;SLC25A4;PDZD11;ARL2BP",-1.7248830801734067,0.025090911507641946,,
"REACTOME_RHO_GTPASE_EFFECTORS",274,-0.22035015275664985,-1.170773929775915,0.05371468455275869,0.13434845239862403,"DVL1;RTKN;KLC2;TUBA1B;PLK1;TUBB4B;WIPF3;CDC20;PRKCZ;NF2;CDCA8;PPP1R14A;RCC2;TUBA1C;INCENP;TUBA4A;SRF;RANGAP1;PRC1;LIMK1;ACTG1;CYFIP1;TUBB6;CENPM;BUB1B;CENPP;CENPO;NCKIPSD;MRTFA;PPP2R5D;KIF2C;NUP85;ACTB;SEC13;DVL3;MYH11;MEN1;PPP2R1A;CTNNA1;SRC;H2AX;AURKB;CTTN;MYL9;ZWINT;RHOG;TUBAL3;CENPI;FLNA;KLC3;BUB3;KDM1A;LIN7B;MYH9;DYNC1H1;DYNC1I1;RHPN1;PKN3;KLC1;NUP37;ARPC1B;B9D2;NUP98;ERCC6L;CENPN;CIT;DYNLL1;YWHAQ;H2AJ;H2AC20;CFL1",-1.1625108351236113,0.1376253141616193,,
"REACTOME_EXTRA_NUCLEAR_ESTROGEN_SIGNALING",67,0.3585312158782905,1.3957339233505432,0.05387205387205387,0.13443301516696013,"BCL2;ESR1;GNG2;GNGT2;FOS;CREB1;HBEGF;ESR2;CAV2;GNB4;UHMK1;CAV1;GNG7;ZDHHC21;PIK3CA;STRN",1.360722612132887,0.14770670305494446,,
"REACTOME_BETA_CATENIN_INDEPENDENT_WNT_SIGNALING",126,-0.2765499252990007,-1.3111905502641028,0.05415961385793292,0.13484132695064308,"PSMB5;PSMD3;DVL1;SCRIB;PSMC4;GNB1;AP2A1;PSMD14;PSMD8;PSMA7;ADRM1;PLCB3;AP2A2;GNG5;PSMB2;PSMD2;DVL3;UBB;PSMC5;AGO2;UBA52;TCF7;PSMB3;AGO1;CLTA;PSMC3;FZD3;GNB2;PSMB4;GNG4;PSMD7;AP2M1;WNT11;GNAT2;AXIN2;PSMD11;ITPR3;PSMA6",-1.3495606454242262,0.05556299945743541,,
"REACTOME_INSULIN_PROCESSING",21,0.48976834069658093,1.4743314035735402,0.05454545454545454,0.13549190535491903,"RAB27A;VAMP2;PCSK1;EXOC8;EXOC1;EXOC5;MYO5A;KIF5C;STX1A;EXOC4;ERO1B;KIF5B",1.3621436596744236,0.21741893636119428,,
"REACTOME_PCNA_DEPENDENT_LONG_PATCH_BASE_EXCISION_REPAIR",21,-0.4496586109238822,-1.4483887788563574,0.05530973451327434,0.13696243875884595,"POLE;POLD1;FEN1;LIG1;APEX1;POLE2;POLD2;RFC5;POLE4;PCNA;RFC2;RFC3;RFC4;RPA1;POLD4",-1.519744667553431,0.09466440973449591,,
"REACTOME_SIGNALING_BY_NTRKS",122,0.3062791793732763,1.3245333007662354,0.05538922155688623,0.13696243875884595,"TPH1;FOSB;VGF;RAP1A;FOS;TIAM1;F3;SGK1;CREB1;RIT1;EGR2;SOS1;MEF2C;RRAD;GAB1;EGR3;ADCYAP1;TRIB1;PIK3CA;RHOA;STAT3;RPS6KA5;EGR1;NAB1;PPP2CB;FRS2;REST;RALA;BRAF;KRAS;JUNB;FYN;NRAS;RPS6KA2;VRK3;MEF2A;RAC1",1.0998739078200206,0.43749048271661334,,
"REACTOME_INTERLEUKIN_12_FAMILY_SIGNALING",49,0.38425880218051656,1.4223550404166363,0.05601317957166392,0.1379786133149362,"STAT4;LCP1;IL12RB1;EBI3;IL6ST;CA1;PDCD4;MSN;IL23R;STAT1;RAP1B;JAK2;STAT3;SOD2",1.4750663590417683,0.10764416274903027,,
"REACTOME_GLYCOGEN_BREAKDOWN_GLYCOGENOLYSIS",15,-0.5113057046431106,-1.4901688673736502,0.05605381165919283,0.1379786133149362,"PHKA2;AKR1E2;GYG2;PHKG1;PYGM;PHKA1",-1.425640778552865,0.173521729010233,,
"REACTOME_GLUCAGON_TYPE_LIGAND_RECEPTORS",20,0.4994045307538596,1.4760125179674415,0.05719557195571956,0.1404712918461013,"GNG2;GNGT2;GIPR;GNB4;GNG7;ADCYAP1;GNG12;GNG11;GLP2R;SCT;VIPR1;VIP;VIPR2",1.7153505271620848,0.0401412368577697,,
"REACTOME_REGULATION_OF_HSF1_MEDIATED_HEAT_SHOCK_RESPONSE",78,-0.3018062446772472,-1.3026884406701695,0.057661733751964823,0.1407381855812349,"AAAS;NUP188;HSF1;HSPA9;HSPA12A;SERPINH1;FKBP4;NUP85;SEC13;RAE1;UBB;NUP62;MRPL18;NUP93;NUP37;RPS19BP1;NUP98;HSPA4;POM121C;HSPB1;NUP214;HIKESHI;CCAR2;NUP88;NDC1;NUP210",-1.5156753891258818,0.02750892671341169,,
"REACTOME_SIGNALING_BY_FGFR",78,-0.30180944890185285,-1.3027022710876268,0.057661733751964823,0.1407381855812349,"FGFRL1;FGF19;HRAS;POLR2E;FGFR4;POLR2F;POLR2H;GTF2F1;PLCG1;POLR2L;PPP2R1A;POLR2D;UBB;SRC;FLRT1;HNRNPM;POLR2G;UBA52;PTBP1;FGFR3;POLR2C;POLR2I",-1.492714091557163,0.03335438830363143,,
"REACTOME_DOWNSTREAM_TCR_SIGNALING",81,0.3349988183892092,1.365196831147088,0.057692307692307696,0.1407381855812349,"TRAT1;CD247;CD3G;CD3E;CD3D;CD4;HLA-DQA1;TAB2;HLA-DPA1;HLA-DRA;HLA-DQB2;HLA-DRB1;HLA-DQA2;PIK3CA;HLA-DPB1;HLA-DRB5;MAP3K7",1.480666227490567,0.07365451509186909,,
"REACTOME_FGFR1_MUTANT_RECEPTOR_ACTIVATION",24,0.4648628874054559,1.45170302410654,0.057971014492753624,0.14110170865350322,"LRRFIP1;PIK3CA;STAT1;STAT3;STAT5A;CEP43;FGF9;ZMYM2;FGFR1OP2",1.0922620773975475,0.48502424925292703,,
"REACTOME_RHO_GTPASES_ACTIVATE_WASPS_AND_WAVES",36,0.41366257947663165,1.434672017303209,0.0587248322147651,0.14261744966442952,"BTK;NCKAP1L;WAS;WIPF1;NCK1;WASL;ARPC5;ACTR2;BRK1;ABI1",1.2691845629012939,0.2932561858726707,,
"REACTOME_GPVI_MEDIATED_ACTIVATION_CASCADE",31,0.4440902625337576,1.47773146751782,0.059995838698299,0.14537967150055525,"PIK3CG;VAV1;PLCG2;PIK3R6;PIK3CA;RHOA;FCER1G;RAC2;LCP2;PIK3R5;FYN;CDC42;RAC1;PIK3CB;PDPN",1.6396983552467013,0.035918506805708295,,
"REACTOME_DOWNREGULATION_OF_ERBB2_SIGNALING",25,-0.41786541081829237,-1.4133727642709146,0.060267857142857144,0.1457142857142857,"AKT2;STUB1;ERBB2;RNF41;AKT1;CDC37;UBB;UBA52",-1.2323843207223635,0.30728676332140836,,
"REACTOME_TRAF6_MEDIATED_IRF7_ACTIVATION",16,0.5387236455163945,1.4948307795908549,0.0619451619773051,0.1494375526193081,"RIGI;TANK;IFIH1;TRAF6;TRIM4;SIKE1;TBK1",1.3153247533210588,0.2641327386528807,,
"REACTOME_DOWNSTREAM_SIGNALING_EVENTS_OF_B_CELL_RECEPTOR_BCR",68,-0.31391371906602694,-1.331646625882386,0.06218905472636816,0.1496940078369216,"PSMB5;PSMD3;PSMC4;PSMD14;PSMD8;PSMA7;HRAS;ADRM1;NFKBIB;PSMB2;PSMD2;UBB;PSMC5;UBA52;PSMB3;PSMC3;IKBKG;PSMB4;PSMD7;PSMD11;PSMA6;RELA;PSMB6;PSMD6;PSMB7;PSMA5;PPIA;BTRC",-1.369572622657212,0.10764416274903027,,
"REACTOME_SYNAPTIC_ADHESION_LIKE_MOLECULES",16,-0.4992385220021454,-1.4965102104125634,0.0625,0.15011037527593818,"LRFN4;LRFN3;PTPRD;GRIN2B;GRIN2D;DLG3;PTPRF",-1.5903508149487073,0.09514914512946918,,
"REACTOME_ADP_SIGNALLING_THROUGH_P2Y_PURINOCEPTOR_1",20,0.4908434214360382,1.4507097749151963,0.06273062730627306,0.1503324284344165,"GNG2;GNGT2;GNAQ;GNB4;GNG7;GNG12;GNA15;GNG11;P2RY1;PLA2G4A",1.7095954402736209,0.042809240646060974,,
"REACTOME_REGULATION_OF_RUNX1_EXPRESSION_AND_ACTIVITY",17,-0.48276447510561526,-1.4808005350032303,0.06502242152466367,0.15548218597545949,"CCND1;PML;SRC;AGO2;AGO1;CCND2",-1.574236680497805,0.10407762494328698,,
"REACTOME_NUCLEAR_PORE_COMPLEX_NPC_DISASSEMBLY",36,-0.37401614460915084,-1.3844954193235315,0.0665024630541872,0.1584308045904633,"AAAS;NUP188;CCNB2;NUP85;SEC13;RAE1;CCNB1;NUP62;NUP93;NUP37;NUP98;POM121C;NUP214;NUP88;NDC1;NUP210",-1.4015200488094317,0.13890165558517428,,
"REACTOME_G_BETA_GAMMA_SIGNALLING_THROUGH_CDC42",15,0.5366247354889386,1.4621209738921046,0.06654676258992806,0.1584308045904633,"ARHGEF6;GNG2;GNGT2;GNB4;GNG7;GNG12;GNG11",1.7344109157797674,0.018912720549888067,,
"REACTOME_TRANSLATION_OF_SARS_COV_2_STRUCTURAL_PROTEINS",60,-0.32264072902047364,-1.3309893411508633,0.06835443037974684,0.16237908352219338,"PRMT1;PARP16;ZDHHC8;DDOST;RPN2;EDEM2;OST4;PRKCSH;MOGS;UBB;MGAT4B;ST3GAL2;UBA52;RPN1;ZDHHC5;ZDHHC9;GANAB;MGAT2;GSK3A",-1.141174659528129,0.3378482285443899,,
"REACTOME_REGULATION_OF_PLK1_ACTIVITY_AT_G2_M_TRANSITION",86,-0.29755998084203633,-1.3136855198521986,0.06891177324683667,0.1631184407796102,"TUBG1;PLK1;TUBB4B;CCNB2;CSNK1E;TUBA4A;ACTR1A;AURKA;CEP250;SSNA1;AJUBA;PPP2R1A;UBB;CCNB1;CSNK1D;UBA52;DYNC1H1;SFI1;TUBB;CEP131;HAUS7;CEP72;OFD1;DCTN2",-1.5064310585186056,0.021143497751078297,,
"REACTOME_CELLULAR_RESPONSES_TO_MECHANICAL_STIMULI",93,0.31596792760571923,1.3032821636216898,0.06896551724137931,0.1631184407796102,"GNG2;PDE4D;PRKAR2B;PIK3CD;GNGT2;CAPN2;RICTOR;GNAQ;GNB4;NLRP3;GNG7;P2RX7;ITGAV;PIK3CA;STAT1;CALCRL;PECAM1;GNG12;PRKAR1A;ADM;GNG11",1.4943862414748819,0.033870261233601845,,
"REACTOME_ACTIVATED_PKN1_STIMULATES_TRANSCRIPTION_OF_AR_ANDROGEN_RECEPTOR_REGULATED_GENES_KLK2_AND_KLK3",31,0.42261287029046873,1.40626442346004,0.06993006993006994,0.16504103271999152,"KLK3;AR;H3-3A;H2AC6;H2BC21;NCOA2;H3C8;H2BC6;H4C5;H3C6;H2BC8;H2BC4;H3-3B;H4C8",1.1817416463451986,0.3775889832861347,,
"REACTOME_RNA_POLYMERASE_I_TRANSCRIPTION",75,-0.29814695949636355,-1.2960119556700143,0.07035175879396985,0.16506909000373457,"MTA1;POLR2E;POLR1A;POLR2F;MTA2;POLR2H;KAT2A;GATAD2A;POLR1G;POLR2L;HDAC1;H2AX;RBBP7;ERCC2;ERCC3;TAF1C;MBD3;POLR1C",-1.517446371020357,0.037186824949996436,,
"REACTOME_TICAM1_RIP1_MEDIATED_IKK_COMPLEX_RECRUITMENT",19,0.4958629459045974,1.4337118439748129,0.07037037037037037,0.16506909000373457,"TLR3;BIRC3;BIRC2;RIPK1;TRAF6;RIPK3;UBE2D3;UBE2D1",1.1236398954524562,0.4789033515688864,,
"REACTOME_FORMATION_OF_FIBRIN_CLOT_CLOTTING_CASCADE",25,0.4543614485431639,1.4181742971059916,0.0703971119133574,0.16506909000373457,"CD177;F3;F5;A2M;TFPI;PROS1;F2R;SERPING1;F13A1;GP1BA;PRCP;F8",1.379536341888125,0.18555044291903489,,
"REACTOME_SUMOYLATION_OF_SUMOYLATION_PROTEINS",35,-0.3765429517203953,-1.3822341582739548,0.07073170731707316,0.16529302290250295,"AAAS;NUP188;NUP85;SEC13;RAE1;NUP62;NUP93;NUP37;NUP98;PIAS4;POM121C;NUP214;NUP88;NDC1;NUP210",-1.4823787909024015,0.07370129907261867,,
"REACTOME_FORMATION_OF_THE_CANONICAL_BAF_CBAF_COMPLEX",18,-0.4637238038935601,-1.4385924637196628,0.07079646017699115,0.16529302290250295,"SMARCB1;SMARCA4;BCL7A;ACTB;SS18L1;DPF2;SMARCD1;ARID1A",-1.3662637516193776,0.19766544034155425,,
"REACTOME_RHO_GTPASES_ACTIVATE_NADPH_OXIDASES",22,0.4630434711521277,1.4109595098587708,0.07103825136612021,0.16550239290436572,"PRKCB;CYBB;NCF1;RAC2;NCF4;PIK3C3;RAC1;PIK3R4",1.475261186238384,0.13135695536013337,,
"REACTOME_INTERLEUKIN_1_FAMILY_SIGNALING",126,-0.2663109602603176,-1.2626451232903269,0.07225433526011561,0.16797589051924314,"PSMB5;PSMD3;IRAK1;TNIP2;TAB1;PSMC4;PSMD14;PSMD8;PSMA7;MAP2K1;NKIRAS2;TOLLIP;ADRM1;LRRC14;PELI3;NFKBIB;PSMB2;NLRX1;PSMD2;UBB;PSMC5;UBA52;PSMB3;PSMC3;IKBKG;PTPN23;PSMB4;PSMD7;PTPN9;PSMD11;PSMA6;RELA;NOD2;SQSTM1;PSMB6;PSMD6;PSMB7;RBX1;PSMA5",-1.0933963561121165,0.3716753696744913,,
"REACTOME_HIGH_LAMINAR_FLOW_SHEAR_STRESS_ACTIVATES_SIGNALING_BY_PIEZO1_AND_PECAM1_CDH5_KDR_IN_ENDOTHELIAL_CELLS",60,0.35512575813633385,1.359940252750108,0.07248764415156507,0.1681589698014985,"GNG2;PRKAR2B;PIK3CD;GNGT2;CAPN2;RICTOR;GNAQ;GNB4;GNG7;PIK3CA;CALCRL;PECAM1;GNG12;PRKAR1A;ADM;GNG11;PRKACB",1.4322018158902883,0.10904555443368771,,
"REACTOME_IKK_COMPLEX_RECRUITMENT_MEDIATED_BY_RIP1",22,0.46033950252742994,1.4027201317375673,0.07285974499089254,0.16866255861721505,"BIRC3;LY96;BIRC2;RIPK1;TRAF6;RIPK3;UBE2D3;UBE2D1;TLR4",1.1980971541976435,0.36175724913758467,,
"REACTOME_HCMV_INFECTION",115,-0.27385612330470394,-1.269007894259314,0.07309941520467836,0.1688580971182379,"AAAS;NUP188;TUBA1B;TUBB4B;NCOR2;ELK1;TRIM28;TUBA1C;TUBA4A;TBL1X;TUBB6;NUP85;SEC13;RAE1;PML;RBBP7;TUBAL3;MVB12B;CHMP1A;NUP62;DYNC1H1;DYNC1I1;HDAC3;NUP93;NUP37;NUP98;GPS2;DYNLL1;VPS37C;H2AC20;CHMP6;VPS25;POM121C",-1.349825054411646,0.07365451509186909,,
"REACTOME_TRANSCRIPTION_OF_E2F_TARGETS_UNDER_NEGATIVE_CONTROL_BY_P107_RBL1_AND_P130_RBL2_IN_COMPLEX_WITH_HDAC1",16,-0.4894219400944407,-1.4670841657289195,0.07366071428571429,0.1697941888619855,"LIN37;E2F1;HDAC1;CCNA2;E2F4;MYBL2",-1.1110188355667716,0.4645787573919054,,
"REACTOME_CASPASE_ACTIVATION_VIA_EXTRINSIC_APOPTOTIC_SIGNALLING_PATHWAY",23,0.4538892386448806,1.4142920055364507,0.074336283185840707,0.17098916724354055,"TNFSF10;CFLAR;LY96;DAPK1;FAS;RIPK1;CASP3;APPL1;FASLG;TLR4",1.5158326532400495,0.10168538090836886,,
"REACTOME_RHOG_GTPASE_CYCLE",73,-0.30148764739907863,-1.3034987528629414,0.07518796992481203,0.17209919379528524,"SHMT2;LETM1;PAK4;EMD;CDC42EP1;ARHGAP39;CYFIP1;ARHGDIA;VAV2;LAMTOR1;MAP3K11;NDUFS3;YKT6;RHOG;ESYT1;ARHGAP35;ARHGEF16;PLEKHG3;ANKLE2;TFRC;ELMO2;MCAM;EPHA2",-1.2701241353175075,0.20060753845515603,,
"REACTOME_INTEGRATION_OF_ENERGY_METABOLISM",88,0.3196838075579907,1.3064712626369164,0.0752,0.17209919379528524,"AKAP5;GNG2;PRKAR2B;GNGT2;MARCKS;VAMP2;RAP1A;GNAQ;PLCB2;CD36;GNB4;ITPR1;GNG7;GNG12;PRKAG2;PRKAR1A;GNA15;PRKAB2;GNG11;PPP2CB;PRKACB;STXBP1;RAPGEF3;PLCB1",1.2071373785174657,0.27669507859682185,,
"REACTOME_GLYCOSPHINGOLIPID_CATABOLISM",33,-0.38184628488506484,-1.3868390081397814,0.07547169811320754,0.17209919379528524,"SMPD4;GLA;ARSL;GLB1L2;GBA2;ARSI;NEU4;SMPD2;GLB1;CTSA;NEU3;NEU1;HEXB",-0.9220795970099019,0.6953485472003991,,
"REACTOME_HEPARAN_SULFATE_HEPARIN_HS_GAG_METABOLISM",33,-0.38296928050532686,-1.3909176497131002,0.07547169811320754,0.17209919379528524,"AGRN;HS6ST1;EXTL3;HS3ST1;SGSH;SDC1;HSPG2;GPC4;GLCE;IDUA;HS6ST2;NDST1",-1.1276475703606594,0.44618645298028625,,
"REACTOME_MATURATION_OF_SARS_COV_2_SPIKE_PROTEIN",40,-0.3485684732347993,-1.3181527934151038,0.07560975609756097,0.17209919379528524,"ZDHHC8;DDOST;RPN2;EDEM2;OST4;PRKCSH;MOGS;MGAT4B;ST3GAL2;RPN1;ZDHHC5;ZDHHC9;GANAB;MGAT2",-1.1054388384232088,0.4727193730051303,,
"REACTOME_ER_TO_GOLGI_ANTEROGRADE_TRANSPORT",143,-0.2578373949763906,-1.2455580230362204,0.07602802589516884,0.17268996278485116,"PREB;TUBA1B;SPTBN2;TUBB4B;SPTB;TUBA1C;PPP6R1;TUBA4A;COPE;ACTR1A;ARF1;BET1L;TUBB6;ARF5;SEC13;TRAPPC9;ARFGAP1;TMED3;SPTBN5;COPG1;COG8;YKT6;TMED9;LMAN2;CSNK1D;TUBAL3;DYNC1H1;RAB1B;SEC24C;GBF1;DYNC1I1;DCTN2;TRAPPC2;TRAPPC2L",-1.0494650681575959,0.4727193730051303,,
"REACTOME_INTRACELLULAR_SIGNALING_BY_SECOND_MESSENGERS",278,0.25331868815676994,1.2145590766312264,0.07891156462585033,0.1788662131519274,"CD19;TRAT1;CD28;PIK3CG;CAMK4;ICOS;ESR1;PRKAR2B;PIK3CD;VAV1;NR4A1;IL1RL1;RICTOR;PHC3;SGK1;CREB1;HGF;PDE1C;PDGFRA;HBEGF;ESR2;CD80;CD86;PIP4K2A;GAB1;KITLG;ITPR1;PREX2;PIK3R6;FOXO1;FGF7;PIK3CA;STRN;PPP2R5A;PPP2R5E;THEM4;KLB;IL1RAP;PHLPP2;RAC2;EGR1;PRKAR1A;PDE1A;NRG1;FRK;PIK3R5;PPP2CB;FGF9;PTEN;FRS2;REST;IER3;MET;GATAD2B;PRKACB;PDGFA;TRAF6;RNF146;PIK3AP1;TNKS2",1.1218871856035337,0.3378482285443899,,
"REACTOME_G_PROTEIN_MEDIATED_EVENTS",49,0.3667018462896337,1.357367004842533,0.07907742998352553,0.1788695297756253,"CAMK4;PRKAR2B;CREB1;GNAQ;PLCB2;PDE1C;ITPR1;PRKAR1A;PDE1A;GNA15;PRKACB;CAMK2D;PLCB1",1.2045426761699616,0.32038456334710186,,
"REACTOME_ACTIVATION_OF_GENE_EXPRESSION_BY_SREBF_SREBP",42,-0.34728698143359255,-1.3096155955051207,0.08,0.18058091286307054,"CARM1;MVK;NFYC;FASN;TBL1X;TM7SF2;DHCR7;SREBF2;SREBF1;ACACA",-1.6795592789316414,0.017983147830049444,,
"REACTOME_SIGNALING_BY_MODERATE_KINASE_ACTIVITY_BRAF_MUTANTS",38,-0.35468727250907245,-1.3351116760113346,0.08188585607940446,0.18445509609604982,"PHB1;HRAS;CSK;MAP2K1;ACTG1;PEBP1;ARAF;ACTB;MAP3K11;SRC;MAP2K2;FN1;CAMK2G;CNKSR1",-1.358661180585291,0.2116601834058001,,
"REACTOME_LYSOSOME_VESICLE_BIOGENESIS",32,-0.3801845387027064,-1.3670624319206977,0.08254716981132075,0.1855605800717293,"AP1M1;AP1B1;HGS;ARF1;DNAJC6;DNM2;AP1G2;AP1M2;CLTA;AP4M1",-1.0831351334886026,0.4948418125105637,,
"REACTOME_RESOLUTION_OF_D_LOOP_STRUCTURES",35,-0.36797092638259987,-1.3507675057357633,0.08536585365853659,0.19150113150616044,"MUS81;XRCC3;RAD51D;EME1;RAD51;RAD51C;SLX4;RAD50;EME2;DNA2;RTEL1;BLM;KAT5",-1.6789326418439012,0.025090911507641946,,
"REACTOME_INTERLEUKIN_6_FAMILY_SIGNALING",22,0.45405662284872544,1.3835753011023155,0.08561020036429873,0.19165411110361527,"IL6ST;LIFR;IL6R;OSMR;STAT1;JAK2;STAT3",1.8155408602589136,0.017869739667703256,,
"REACTOME_G_ALPHA_Z_SIGNALLING_EVENTS",39,0.3892367273445525,1.3783574206379867,0.08600337268128162,0.19213895169863326,"PRKCB;GNG2;GNGT2;GNB4;GNG7;RGS17;PRKCH;RGS16;GNG12;GNG11",1.4878885944812792,0.14228941225706349,,
"REACTOME_CELLULAR_SENESCENCE",154,-0.24364235241004203,-1.1962392575632537,0.08797653958944282,0.1961444161338397,"HIRA;CABIN1;CEBPB;VENTX;CDK4;E2F1;MAPKAPK3;ANAPC11;ANAPC15;CCNE1;LMNB1;UBE2C;CDKN2D;UBE2S;ERF;EHMT1;ANAPC5;ANAPC2;FZR1;UBB;CCNA2;CDKN2A;H2AX;RBBP7;UBA52;RAD50;AGO1;HMGA1;PHC2;MDM2;ANAPC7;EP400;MAPKAPK5;RELA;HMGA2;CXCL8;CBX2;H2AJ;H2AC20;CBX8;IGFBP7;EHMT2",-1.2612769071601038,0.14747256663615635,,
"REACTOME_EPHRIN_SIGNALING",18,-0.4501187169507562,-1.3963859274585635,0.08849557522123894,0.19689813055359504,"EPHB1;EPHB2;NCK2;EPHB3;EFNB1",-1.3972467040591798,0.18198115513773389,,
"REACTOME_ANTIMICROBIAL_MECHANISM_OF_IFN_STIMULATED_GENES",157,-0.24700445775996094,-1.2182172098226725,0.0890673292094111,0.19776582485681485,"AAAS;NUP188;TUBA1B;TARBP2;ILF3;TUBB4B;TUBA1C;TUBA4A;KPNA2;FANCA;FAAP100;ACTG1;TUBB6;EIF4A3;CENPX;NUP85;ACTB;SEC13;PLCG1;RAE1;PPP2R1A;UBB;FAAP24;EIF2S2;UBA52;TUBAL3;FLNA;NUP62;OAS1;SPHK1;FANCB;IKBKG;FANCE;FURIN;EIF4G1;EIF2S3;NUP93;NUP37;FNTB;NUP98",-1.206391674900583,0.16352836495683332,,
"REACTOME_REGULATION_OF_CHOLESTEROL_BIOSYNTHESIS_BY_SREBP_SREBF",55,-0.3218787187514254,-1.2998960771854042,0.08974358974358974,0.19886155935035774,"CARM1;MVK;NFYC;FASN;RAN;TBL1X;TM7SF2;SCAP;DHCR7;SREBF2;SREBF1;ACACA;SEC24C;CYP51A1",-1.6352210534509906,0.01658356513430099,,
"REACTOME_DOWNSTREAM_SIGNALING_OF_ACTIVATED_FGFR2",20,0.47225484452621497,1.3957704010799548,0.09040590405904059,0.1999219992199922,"SOS1;GAB1;FGF7;PIK3CA;FGF9;FRS2;KRAS;NRAS;FGF1;FGF10;FGFR2",1.366766527949912,0.22286216909859868,,
"REACTOME_KSRP_KHSRP_BINDS_AND_DESTABILIZES_MRNA",17,-0.45554997471880226,-1.3973245362280056,0.09192825112107623,0.20275069790555256,"KHSRP;AKT1;EXOSC5;EXOSC3;EXOSC4;EXOSC1;EXOSC6;EXOSC7;EXOSC2;EXOSC8;EXOSC9",-1.7605885961143344,0.03483751317518275,,
"REACTOME_THE_NLRP3_INFLAMMASOME",16,0.49692244451341294,1.3788423272495338,0.09205776173285199,0.20275069790555256,"TXNIP;PSTPIP1;NLRP3;P2RX7",1.5354544241068337,0.08175861668435981,,
"REACTOME_RIPK1_MEDIATED_REGULATED_NECROSIS",32,0.40944652713513846,1.3795299047055858,0.09342560553633218,0.2053475935828877,"TNFSF10;BIRC3;CFLAR;PDCD6IP;BIRC2;FAS;MLKL;SDCBP;RIPK1;RIPK3;FASLG",1.518780331973491,0.105327636496792,,
"REACTOME_MAP2K_AND_MAPK_ACTIVATION",35,-0.3657511627505757,-1.3426190777769884,0.0951219512195122,0.208654602675059,"HRAS;CSK;MAP2K1;WDR83;ACTG1;PEBP1;ARAF;ACTB;SRC;MAP2K2;FN1",-1.4582888056277603,0.0795340419169887,,
"REACTOME_ANTIGEN_PRESENTATION_FOLDING_ASSEMBLY_AND_PEPTIDE_LOADING_OF_CLASS_I_MHC",29,0.4168255910947958,1.351726482944323,0.09821428571428571,0.21497431373089615,"HLA-E;TAP2;HLA-C;B2M;HLA-B;ERAP2;HLA-F;ERAP1;ATG14;SEC24A;PIK3C3;SEC23A;SEC31A",1.4619623810079863,0.11242572978558511,,
"REACTOME_FGFR2_MUTANT_RECEPTOR_ACTIVATION",23,-0.4124782395132665,-1.3442237097437109,0.09839816933638444,0.21497431373089615,"POLR2E;POLR2F;POLR2H;GTF2F1;POLR2L;POLR2D;POLR2G;POLR2C;POLR2I;FGF18",-1.3490210815532147,0.19966633299966632,,
"REACTOME_CA2_PATHWAY",56,0.347132134195579,1.3172399718286318,0.09902597402597403,0.2159123441688572,"GNG2;GNGT2;PLCB2;GNB4;ITPR1;GNG7;PDE6G;NFATC1;MAP3K7;GNG12;FZD4;PRKG2;GNG11;PPP3CA;PLCB1;KRAS;PRKG1",1.379097629004738,0.16220836618803713,,
"REACTOME_FORMATION_OF_THE_POLYBROMO_BAF_PBAF_COMPLEX",18,-0.4406889445521526,-1.3671323084005764,0.09955752212389381,0.21663716814159295,"SMARCB1;SMARCA4;BCL7A;ACTB;SMARCD2",-1.5694659000766769,0.1131746387438883,,
"REACTOME_TRANSLESION_SYNTHESIS_BY_Y_FAMILY_DNA_POLYMERASES_BYPASSES_LESIONS_ON_DNA_TEMPLATE",39,-0.3442331277586285,-1.2986955786634966,0.10024449877750612,0.21769663606771789,"UFD1;VCP;POLE;POLD1;NPLOC4;UBB;UBA52;POLE2;ISG15;POLD2;MAD2L2;RFC5;TRIM25;USP43;POLH;POLE4;USP10;PCNA;UBC;RFC2",-1.289256096091371,0.23913300759125566,,
"REACTOME_REGULATION_OF_TP53_EXPRESSION_AND_DEGRADATION",36,-0.35923021230309915,-1.3297623393663849,0.10098522167487685,0.21789688450513825,"AKT2;MLST8;AKT1;RNF34;MTOR;PPP2R1A;UBB;MAPKAP1;CCNA2;CDKN2A;UBA52",-1.3756599424598346,0.15992003998001,,
"REACTOME_SYNTHESIS_OF_PIPS_AT_THE_EARLY_ENDOSOME_MEMBRANE",16,0.4900100341418707,1.3596620223370963,0.10108303249097472,0.21789688450513825,"INPP4B;MTM1;PIKFYVE;FIG4;PIK3C3;INPP5F;PIK3R4;PI4K2B;MTMR10;INPP4A;MTMR12",1.2126507192852642,0.36964217217381773,,
"REACTOME_CHOLESTEROL_BIOSYNTHESIS",26,-0.39861857452808475,-1.354265776118714,0.10112359550561797,0.21789688450513825,"MVK;NSDHL;TM7SF2;DHCR7;SREBF2;EBP;SREBF1;ACAT2;CYP51A1",-1.7725290319187987,0.016912032983799778,,
"REACTOME_DISEASES_OF_SIGNAL_TRANSDUCTION_BY_GROWTH_FACTOR_RECEPTORS_AND_SECOND_MESSENGERS",421,0.23343279283753554,1.1680113638037106,0.1011378002528445,0.21789688450513825,"CD19;IRF4;TRAT1;CD28;PIK3CG;ICOS;MCL1;IL10RA;ESR1;APBB1IP;PIK3CD;BIN2;KAT2B;RAP1A;VAV1;NR4A1;HDAC9;AKAP9;RICTOR;CREB1;SEL1L;HGF;BCL2L11;PDGFRA;HBEGF;ESR2;CD80;SOS1;CD86;GAB1;KITLG;PIK3R6;FOXO1;GOLGB1;LRRFIP1;MSN;FGF7;PIK3CA;STRN;PPP2R5A;ZAP70;QKI;TBL1XR1;STAT1;TRIP11;RAP1B;JAK2;PPP2R5E;EIF2AK3;MAMLD1;MAML2;STAT3;ATG7;RB1;APH1B;KLB;GCC2;EML4;RAC2;STAT5A;PRKAR1A;PSEN1;FAM114A2;TGFBR2;FZD4;PPP1CB;YES1;CEP43;NRG1;KDM7A;PIK3R5;PPP2CB;FGF9;ZMYM2;PTEN;RBPJ;FGFR1OP2;FRS2;GOLGA4;MET;ZC3HAV1;PDGFA;FBXW7;MIB1;PPM1B;BRAF;PIK3AP1;SPRED1;PIM1;TNKS2;DHH;SHOC2;CAMK2D;WDR48;ERLEC1;KRAS;TGFBR1;JUNB;NCOR1;TPR;FYN;NRAS;FKBP1A;FGF1;NCSTN;SEC31A;BTC;FGF10;DERL2;TPM3;PTPN12;TRAK1;SMAD4;RAC1",1.05168605195531,0.4727193730051303,,
"REACTOME_FATTY_ACYL_COA_BIOSYNTHESIS",29,-0.3784473965876234,-1.3319799343894667,0.10180995475113122,0.21891152325934934,"FASN;HACD3;MORC2;ELOVL1;TECR;HACD1;ACACA;ACLY;ELOVL5;SLC27A2;SCD5;SCD;HSD17B8",-1.360938308010253,0.16444616335258214,,
"REACTOME_CASPASE_ACTIVATION_VIA_DEATH_RECEPTORS_IN_THE_PRESENCE_OF_LIGAND",15,0.5074513176964205,1.382633273803712,0.10251798561151079,0.219999148610106,"TNFSF10;CFLAR;LY96;FAS;RIPK1;FASLG;TLR4",1.663076079535696,0.035918506805708295,,
"REACTOME_SUMOYLATION_OF_DNA_DAMAGE_RESPONSE_AND_REPAIR_PROTEINS",77,-0.2871817831280403,-1.2407578309365899,0.10290237467018469,0.22038933787630108,"AAAS;NUP188;HERC2;NSMCE4A;NUP85;SEC13;SMC1A;RAE1;PML;CDKN2A;NUP62;PCGF2;RAD52;PHC2;NUP93;NUP37;NUP98;PIAS4;CBX2;CBX8;BLM;POM121C;NUP214;SCMH1;NUP88;NDC1;PIAS2;NSMCE3;NUP210",-1.3810446243419396,0.06688444861081115,,
"REACTOME_POSITIVE_EPIGENETIC_REGULATION_OF_RRNA_EXPRESSION",71,-0.2962015238596278,-1.2657218037760551,0.10353535353535354,0.2210909090909091,"MTA1;POLR2E;POLR1A;POLR2F;MTA2;POLR2H;MYBBP1A;KAT2A;GATAD2A;ACTB;POLR1G;POLR2L;HDAC1;H2AX;RBBP7;TAF1C;MBD3;POLR1C",-1.5628291721336638,0.03457496617099323,,
"REACTOME_TRANSCRIPTIONAL_REGULATION_OF_PLURIPOTENT_STEM_CELLS",21,0.4525748005223286,1.3623690741771903,0.10363636363636364,0.2210909090909091,"FOXP1;STAT3;EPAS1;KLF4;EOMES;PBX1;SMAD4;SALL1;POU5F1;FGF2;TSC22D1",1.2837714118622434,0.2932561858726707,,
"REACTOME_NUCLEAR_ENVELOPE_BREAKDOWN",53,-0.3214190789866765,-1.282470499388821,0.1038961038961039,0.22121127404884744,"AAAS;NUP188;PLK1;EMD;CCNB2;LMNB1;NUP85;SEC13;RAE1;CCNB1;LPIN3;NUP62;LEMD2;NUP93;NUP37;NUP98;POM121C;NUP214;NUP88;NDC1;NUP210;CTDNEP1",-1.2989858913500576,0.1735740316976015,,
"REACTOME_G0_AND_EARLY_G1",26,-0.39317249278711675,-1.3357632712505711,0.10561797752808989,0.22443820224719102,"LIN37;E2F1;CCNE1;CDC6;HDAC1;CCNA2;E2F4;MYBL2",-1.1060229964360644,0.44585064613273356,,
"REACTOME_MITOCHONDRIAL_UNFOLDED_PROTEIN_RESPONSE_UPRMT",18,-0.43755774106954953,-1.3574184966561196,0.10619469026548672,0.22522382652797182,"LONP1;HSF1;HSPA9;AKT1;DEFA5;HTRA2;HSPD1",-1.1584803188258326,0.3985113382911786,,
"REACTOME_TERMINATION_OF_O_GLYCAN_BIOSYNTHESIS",18,0.47288462411548093,1.3568469252882824,0.10727272727272727,0.22706756278740714,"MUC4;MUC5AC;ST3GAL4;MUC1;MUC13",1.3481537016921448,0.222937767109654,,
"REACTOME_GENE_SILENCING_BY_RNA",67,-0.2978366920861472,-1.2675576454541688,0.10784313725490197,0.22783171521035603,"TARBP2;DGCR8;RAN;POLR2E;POLR2F;POLR2H;ELAC2;PIWIL2;POLR2L;POLR2D;H2AX;POLR2G;AGO2;XPO5;AGO1;POLR2C;POLR2I",-1.4776523820677432,0.05822923173442989,,
"REACTOME_VITAMIN_B5_PANTOTHENATE_METABOLISM",20,-0.4209819144565755,-1.3451098569827906,0.10869565217391304,0.2291877317155376,"FASN;SLC5A6;COASY;PANK4;DCAKD;NUDT8;PDZD11",-1.1125647349305505,0.45849696155373004,,
"REACTOME_TRANSCRIPTIONAL_ACTIVATION_OF_MITOCHONDRIAL_BIOGENESIS",53,-0.31949555178907496,-1.2747955757549372,0.10909090909090909,0.2295762264814489,"IDH2;CARM1;TWNK;ATP5F1B;ESRRA;HCFC1;NR1D1;PPRC1;POLRMT;TBL1X",-1.279914454334983,0.19080745341614905,,
"REACTOME_REGULATION_OF_TP53_ACTIVITY_THROUGH_METHYLATION",19,-0.4298070549234317,-1.3590488381181072,0.11038961038961038,0.2318608032893747,"EHMT1;UBB;UBA52;PRMT5;MDM2;KMT5A;CHEK2;EHMT2;SETD9;EP300;UBC;SMYD2",-1.2475154611686339,0.29485725696598847,,
"REACTOME_SIGNAL_AMPLIFICATION",26,0.42514583518239635,1.342809081576246,0.11131059245960502,0.23334474873998123,"GNG2;GNGT2;GNAQ;GNB4;GNA13;GNG7;GNG12;GNA15;GNG11;P2RY1",1.6077228431734494,0.061153473424209466,,
"REACTOME_PLASMA_LIPOPROTEIN_ASSEMBLY_REMODELING_AND_CLEARANCE",57,-0.3108474710382994,-1.2638803565534766,0.11282051282051282,0.23605522682445762,"SCARB1;P4HB;AP2A1;ZDHHC8;LSR;VLDLR;PCSK6;AP2A2;LMF2;PCSK9;UBB;UBA52;HDLBP;CLTA;FURIN;LCAT",-1.1629891567686426,0.3378482285443899,,
"REACTOME_BASE_EXCISION_REPAIR",65,-0.29429136459705046,-1.2351166402056761,0.11363636363636363,0.23730588030012212,"POLE;POLD1;ADPRS;XRCC1;FEN1;LIG1;APEX1;SMUG1;H2AX;MPG;UNG;OGG1;PNKP;MUTYH;H2AJ;H2AC20;POLE2;POLD2;LIG3;RFC5;ACD",-1.135705275500206,0.34517766497461927,,
"REACTOME_DISEASES_OF_CARBOHYDRATE_METABOLISM",31,-0.3700265691752446,-1.3232384242151136,0.11395348837209303,0.2375122516261249,"GYG2;DCXR;KHK;UBB;SGSH;GYS1;G6PC3;TALDO1;UBA52;GALNS;IDUA;RPIA;GLB1;GUSB;SLC37A4",-1.228316222569562,0.3262899262899263,,
"REACTOME_TP53_REGULATES_TRANSCRIPTION_OF_CELL_DEATH_GENES",42,-0.3339086366718246,-1.2591659965315818,0.115,0.2392351816443595,"BID;STEAP3;PRELID1;AIFM2;RABGGTA;PRELID3A;PIDD1;BAX;TNFRSF10D;TNFRSF10C;BBC3;TNFRSF10B;RABGGTB;TRIAP1;CRADD;TNFRSF10A;BIRC5",-1.2480834382768269,0.24063981881237168,,
"REACTOME_DISASSEMBLY_OF_THE_DESTRUCTION_COMPLEX_AND_RECRUITMENT_OF_AXIN_TO_THE_MEMBRANE",27,-0.37967128835411657,-1.3083177296295607,0.1197339246119734,0.2486078434691356,"DVL1;AMER1;LRP5;AXIN1;PPP2R5D;DVL3;PPP2R1A",-1.3141613066675109,0.22572349029017902,,
"REACTOME_FOXO_MEDIATED_TRANSCRIPTION",56,0.3371365069362896,1.2793102082821155,0.12012987012987013,0.24895485466914036,"CCNG2;KAT2B;NR3C1;ABCA6;TXNIP;BCL2L11;ATXN3;CAV1;FOXO1;FBXO32;SOD2;RBL2;KLF4;CITED2;YWHAZ;PCK1",1.3752460022226034,0.16382324058919803,,
"REACTOME_PRESYNAPTIC_FUNCTION_OF_KAINATE_RECEPTORS",16,0.47914649158635014,1.3295182595330317,0.12093862815884476,0.2501544247848348,"GNG2;GNGT2;PLCB2;GNB4;GNG7;GNG12;GNG11;PLCB1",1.5478896872953802,0.0770983860628264,,
"REACTOME_DDX58_IFIH1_MEDIATED_INDUCTION_OF_INTERFERON_ALPHA_BETA",67,0.32633887192290545,1.2704116514233126,0.12121212121212122,0.25024437927663734,"CYLD;CASP10;TNFAIP3;RNF125;S100B;RIGI;TANK;SAA1;UBA7;RIPK1;IFIH1;UBE2L6;TRAF6;TRIM4;UBE2D3;NFKBIA;ATG5;UBE2D1;SIKE1;NLRC5;NKIRAS1;MAP3K1;TAX1BP1",1.1115174536270693,0.42503565735380483,,
"REACTOME_NEGATIVE_EPIGENETIC_REGULATION_OF_RRNA_EXPRESSION",73,-0.28399563978418035,-1.2278710768775714,0.12280701754385964,0.253056884635832,"SUV39H1;POLR2E;DNMT3B;POLR1A;POLR2F;POLR2H;DNMT1;SAP130;POLR1G;POLR2L;HDAC1;H2AX;ERCC2;ERCC3;SIN3B;TAF1C;POLR1C",-1.4096004684038117,0.07365451509186909,,
"REACTOME_PERK_REGULATES_GENE_EXPRESSION",31,-0.36683931469500797,-1.3118406005253138,0.12325581395348838,0.25350156064535984,"ATF4;CEBPB;NFYC;KHSRP;EXOSC5;EXOSC3;DDIT3;ASNS;EIF2S2;EXOSC4;EIF2S3;EXOSC1;CXCL8",-1.7526062906269853,0.02056235732074141,,
"REACTOME_PKMTS_METHYLATE_HISTONE_LYSINES",49,-0.31951782523237876,-1.2531565778333318,0.1240506329113924,0.25393861594118333,"SUV39H1;NSD2;DOT1L;PRDM16;KMT2B;SETD1A;EHMT1;WDR5;RBBP7;SETD6;KMT5C;SETD1B;KMT5A;RELA;KMT2D",-1.293807206970566,0.20607964520003696,,
"REACTOME_CD209_DC_SIGN_SIGNALING",19,0.456576968986875,1.3201224522401531,0.12407407407407407,0.25393861594118333,"ICAM3;CD209;RPS6KA5;PRKACB;KRAS;FYN;NRAS;ICAM2;PAK2;NFKB1",1.272800602991451,0.3038737097753491,,
"REACTOME_HSF1_ACTIVATION",27,-0.3774890502483143,-1.3007979068468818,0.12416851441241686,0.25393861594118333,"HSF1;VCP;HDAC6;SERPINH1;FKBP4;UBB;MRPL18;HSP90AB1;HSPB1;EEF1A1",-1.5748302577704674,0.07506112342520566,,
"REACTOME_ROS_AND_RNS_PRODUCTION_IN_PHAGOCYTES",28,0.4070258252556116,1.307038596868641,0.125,0.2551594746716698,"CYBB;HVCN1;ATP6V0D2;NCF1;RAC2;NCF4;ATP6V1A;ATP6V1D",1.3095941870051768,0.255268545569665,,
"REACTOME_SIGNALING_BY_NOTCH1_HD_DOMAIN_MUTANTS_IN_CANCER",15,-0.45427523277864407,-1.3239570827361675,0.12556053811659193,0.25582371811020976,"DLL4;NOTCH1;UBB;UBA52;MIB2;NEURL1B;JAG2",-1.149832252564845,0.44065325349400897,,
"REACTOME_SUMOYLATION_OF_RNA_BINDING_PROTEINS",47,-0.32665353646792145,-1.264305738596922,0.12658227848101267,0.2574233999763398,"AAAS;NUP188;NUP85;SEC13;RAE1;NUP62;PCGF2;PHC2;NUP93;NUP37;NUP98;CBX2;CBX8;POM121C;NUP214;SCMH1;NUP88;NDC1;NUP210",-1.5924544673698298,0.04298131868827496,,
"REACTOME_PROCESSING_OF_SMDT1",16,-0.4400911192489095,-1.3192108069438113,0.12723214285714285,0.25826226012793174,"PHB1;PHB2;STOML2;PMPCA;MICU1;MAIP1;SPG7",-1.206976308882849,0.35205144180955106,,
"REACTOME_NRAGE_SIGNALS_DEATH_THROUGH_JNK",56,0.33155595996605547,1.2581340657999622,0.12824675324675325,0.259172221076983,"ARHGEF6;FGD2;VAV1;TIAM1;BCL2L11;FGD4;SOS1;GNA13;SOS2",1.3561510084171984,0.1735740316976015,,
"REACTOME_GLYCOSAMINOGLYCAN_METABOLISM",120,-0.2530008164720803,-1.188927440358682,0.1282798833819242,0.259172221076983,"HYAL2;AGRN;CHPF;B3GAT3;HS6ST1;CEMIP;B4GALT2;CSPG4;EXTL3;CHST14;B3GALT6;B4GALT7;XYLT2;SLC35B2;HS3ST1;ACAN;SGSH;CSGALNACT1;GLB1L2;CHST6;HAS3;HYAL3;ST3GAL2;SDC1;SLC26A1;HSPG2;GPC4;GLCE;B3GNT4;CHST12;GALNS;IDUA;HS6ST2",0.9410978029618907,0.7001476704645523,,
"REACTOME_DISEASES_ASSOCIATED_WITH_GLYCOSAMINOGLYCAN_METABOLISM",37,-0.3491799475994399,-1.3039284945789056,0.12839506172839507,0.259172221076983,"AGRN;B3GAT3;CSPG4;CHST14;B3GALT6;B4GALT7;ACAN;CHST6;SDC1;HSPG2;GPC4",0.9365412364844732,0.6811421591082608,,
"REACTOME_NS1_MEDIATED_EFFECTS_ON_HOST_PATHWAYS",43,-0.32618898538136065,-1.2335220726283382,0.12878787878787878,0.2594837261503928,"AAAS;NUP188;KPNA2;NUP85;SEC13;RAE1;NUP62;NUP93;NUP37;PABPN1;NUP98;ISG15;POM121C;NUP214;KPNB1;NUP88;CPSF4;NDC1;NUP210",-1.2922301356975676,0.18555044291903489,,
"REACTOME_METABOLISM_OF_STEROIDS",124,-0.2539683906557066,-1.1987757608565175,0.12903225806451613,0.25949555780812117,"CARM1;MVK;NFYC;FASN;AKR1C1;RAN;NSDHL;BAAT;FDXR;ACOT8;TBL1X;TM7SF2;SCAP;DHCR7;SLC27A5;SREBF2;EBP;STARD3;SREBF1;ACACA;SRD5A1;SEC24C;ACAT2;SLC51A;CYP51A1;PIAS4;NCOA6;TSPO;CYP27A1;DHCR24;AMACR;SLC27A2;AKR1C4;AKR1C3;SCD;HSD17B4;KPNB1;FDPS;RXRA",-1.5225197065183447,0.014618042374308637,,
"REACTOME_ATF4_ACTIVATES_GENES_IN_RESPONSE_TO_ENDOPLASMIC_RETICULUM_STRESS",26,-0.38516792570531827,-1.308568574504792,0.1303370786516854,0.2616360545627928,"ATF4;CEBPB;NFYC;KHSRP;EXOSC5;EXOSC3;DDIT3;ASNS",-1.6578253320826732,0.0401412368577697,,
"REACTOME_RAC2_GTPASE_CYCLE",85,0.3040939085877496,1.2427299906414968,0.13153724247226625,0.26324237560192615,"DOCK10;DOCK2;NCKAP1L;CYBB;SWAP70;VAV1;TIAM1;TAOK3;NCF1;CAV1;ARHGAP42;PIK3CA;PGRMC2;GIT2;RAC2;NCF4;BRK1;ABI1",1.2086012137003348,0.28212184073493923,,
"REACTOME_STIMULI_SENSING_CHANNELS",79,0.3040145199107362,1.2314034823797841,0.13162118780096307,0.26324237560192615,"OSTM1;CLCA4;SCNN1B;TRPA1;SGK1;CLCA1;CLIC2;MCOLN2;TRPM6;MLKL;STOM;ASPH;TSC22D3;NEDD4L;RIPK1;BEST4;BEST2;FKBP1B;ANO7;CLCN3;RIPK3;WWP1;ANO5;SRI",1.1807136868054764,0.31931847696223575,,
"REACTOME_ADORA2B_MEDIATED_ANTI_INFLAMMATORY_CYTOKINES_PRODUCTION",35,0.3808409657896523,1.3096218288615329,0.13344594594594594,0.2664021819985123,"GNG2;PRKAR2B;GNGT2;CREB1;GNB4;GNG7;GNG12;PRKAR1A;GNG11;PRKACB",1.382698435250439,0.18555044291903489,,
"REACTOME_PEROXISOMAL_LIPID_METABOLISM",27,-0.3744429209972755,-1.2903011823693642,0.1352549889135255,0.2695190987873915,"NUDT19;ABCD1;ACOT8;ACAA1;DECR2;CRAT;MLYCD;AMACR;SLC27A2;HSD17B4;PECR;ACOX3;SLC25A17",-1.3556935213678158,0.20094352879770344,,
"REACTOME_REGULATION_OF_TP53_ACTIVITY_THROUGH_PHOSPHORYLATION",89,-0.27020274728851473,-1.2065751955434412,0.136,0.2701732323646537,"NOC2L;CSNK2A2;AURKA;TP53RK;SSRP1;UBB;CCNA2;TAF8;TAF5;AURKB;RAD9A;UBA52;RAD50;CDK5R1;CDK5;TAF10;MDM2;TPX2;CHEK2;TAF9;TAF6;MAPKAPK5;DNA2;TAF4;BLM;STK11;KAT5;PRKAG1;RFC5;PIN1;TAF1;TAF15",-1.3994478005486912,0.05736827199266051,,
"REACTOME_RHO_GTPASE_CYCLE",435,0.22715187585628166,1.1419341561578014,0.13607990012484394,0.2701732323646537,"DOCK10;ARHGEF6;ARHGAP20;DOCK2;ARHGAP25;ARHGAP15;ARHGAP28;NCKAP1L;CYBB;ARHGAP30;ARHGAP31;DOCK8;ARHGDIB;STMN2;FGD2;SWAP70;TAGAP;VAV1;TIAM1;ITSN2;ARHGAP9;TAOK3;WAS;TOR1AIP1;CPNE8;RHOH;WIPF1;ARHGAP24;NCK1;FGD4;SOS1;GOPC;NCF1;PLEKHG1;CCDC88A;PREX2;CAV1;GNA13;ROCK1;STAM2;ARHGAP42;PIK3CA;DLC1;ZAP70;BASP1;WASL;SOS2;PGRMC2;RHOA;STOM;CDC42SE2;TMEM59;NDUFA5;SLC4A7;PDE5A;KTN1;GIT2;CCP110;FMNL1;ARHGAP12;RAC2;NCF4;RND3;FAM135A;IQGAP2;ARAP2;ARHGAP29;MYO6;BRK1;AMIGO2;PLD1;ARHGAP18;DOCK11;ABI1;FRS2;RHOJ;RALBP1;RALGAPA1;AKAP13;MUC13;MTR;CDC42BPA;DAAM1;ARHGAP17;GFOD1;RHOBTB1;FNBP1;ARHGAP5;PHIP;CDC42;PTK2B;CEP97;PKN2;EPSTI1;ARL13B;PEAK1;EMC3;ARFGAP3;STK38;DSG2;TPM3;NET1;RAC1;KIF14;ABL2;PICALM;ARHGAP21;ARHGEF28;RBBP6;ANKRD26;OSBPL11;FAM13B;DOCK5;STK10;DST;SH3PXD2A;AKAP12;VIM;TPM4;DOCK9;LBR;PAK2;SCFD1;SOWAHC;RASAL2",1.1378257612536555,0.27365905803936363,,
"REACTOME_SARS_COV_2_HOST_INTERACTIONS",184,-0.22875494769490823,-1.14976071375323,0.13636363636363635,0.27024341778440136,"AAAS;IRAK1;NUP188;AKT2;VPS18;TAB1;SNRPF;TKFC;RPS2;VPS39;KPNA2;RPS14;TUFM;AKT1;RPS17;GEMIN7;LARP1;RPS16;CRB3;NUP85;SEC13;RPS23;RAE1;FAU;UBB;MASP1;RPS3;UBA52;GEMIN8;GEMIN4;NUP62;VPS33B;RPS26;TYK2;IKBKG;SEC24C;RPS4X;NUP93;RPS28;NUP37;RPS8;NUP98;YWHAQ;NOD2;ISG15;YWHAH;GEMIN5;RPS21;POM121C;SNRPB;HSP90AB1;RPS27L;TRAF3;RPS15;RPS18;RPS11;NUP214;TRIM25;NUP88;NDC1;RPS6;RPS5;NUP210",-1.1645499120980205,0.23147605083088954,,
"REACTOME_ION_CHANNEL_TRANSPORT",137,0.27445403989633416,1.2043645830606167,0.1375186846038864,0.2716882862073425,"ATP13A4;ATP8A1;ATP8B4;OSTM1;CLCA4;SCNN1B;TRPA1;SGK1;CLCA1;CLIC2;ATP10D;ATP6V0D2;MCOLN2;TRPM6;MLKL;STOM;ASPH;TSC22D3;NEDD4L;RIPK1;ATP11B;BEST4;ATP6V1A;BEST2;FKBP1B;ATP6V1D;ANO7;ATP8B2;CLCN3;CAMK2D;RIPK3;WWP1;ANO5;ATP2A3;SRI",1.1716657114352123,0.3169464721981503,,
"REACTOME_PROTEIN_PROTEIN_INTERACTIONS_AT_SYNAPSES",63,-0.28989616052479183,-1.21568150316706,0.1375921375921376,0.2716882862073425,"LRFN4;EPB41L5;LRFN3;PTPRD;SHARPIN;GRIN2B;APBA3;HOMER1;CASK;HOMER3;PPFIA4;GRIN2D;LIN7B;DLG3;PTPRF;DLGAP1;NRXN3;HOMER2;NRXN2;SYT12;EPB41L1",-1.1538463701747146,0.31277006692718856,,
"REACTOME_PHOSPHOLIPID_METABOLISM",192,0.2576415027362745,1.1816640370538949,0.14040114613180515,0.27650562368856624,"PLA2G2D;PIK3CG;PLAAT4;PIK3CD;SYNJ1;MBOAT1;TNFAIP8;SACM1L;PLD4;SLC44A1;PLA1A;LPGAT1;PIP4K2A;BMX;PLEKHA2;PIK3R6;PLA2G10;TNFAIP8L2;PIK3CA;RAB5A;SLC44A4;CEPT1;GPD2;RAB14;RAB4A;OSBPL8;GPAT2;INPP4B;LPIN2;AGPAT4;GDE1;PLD1;MBOAT2;PIK3R5;ABHD3;GPD1L;PTEN;LIPH;CPNE3;MTMR6;LPCAT2;PNPLA8;MTM1;PLEKHA4;PIKFYVE;FIG4;PIK3C3;PLA2G4A;PNPLA7;ALPI;SLC44A5;MTMR7;SLC44A3;MIGA1;ACHE;PIK3CB;INPP5F;PIK3R4;GDPD3;PLA2R1;ETNK1;SBF2;PLEKHA3",1.137246443040829,0.3581830575695606,,
"REACTOME_METABOLISM_OF_FOLATE_AND_PTERINES",16,-0.4288525529694461,-1.285522242367172,0.140625,0.27650562368856624,"SHMT2;MTHFD2;SLC19A1;MTHFS;MTHFD1L;MTHFD1;SHMT1;FPGS",-1.1887013227384706,0.37279424361829705,,
"REACTOME_GASTRIN_CREB_SIGNALLING_PATHWAY_VIA_PKC_AND_MAPK",16,0.46836049932663826,1.2995896804694729,0.1407942238267148,0.27650562368856624,"CREB1;HBEGF;SOS1;KRAS;NRAS;RPS6KA2;EGFR",1.09134434938176,0.48191593352883677,,
"REACTOME_SIGNALING_BY_ERBB2",46,-0.3230625957146858,-1.2454328697255774,0.14177215189873418,0.2779245067852663,"AKT2;STUB1;ERBB2;GRB7;HRAS;RNF41;AKT1;CDC37;PLCG1;UBB;SRC;UBA52",-1.0394594786153486,0.5615145465446162,,
"REACTOME_ADP_SIGNALLING_THROUGH_P2Y_PURINOCEPTOR_12",15,0.47910273565314637,1.3053929722588968,0.1420863309352518,0.2780394389524352,"GNG2;GNGT2;GNB4;GNG7;GNG12;GNG11",1.6073516950058195,0.05798237703086051,,
"REACTOME_INWARDLY_RECTIFYING_K_CHANNELS",23,0.41243843491612936,1.2851337542598655,0.1433628318584071,0.28003368233742715,"GNG2;GNGT2;KCNJ10;GNB4;GNG7;GNG12;GNG11",1.5126661044596956,0.10407762494328698,,
"REACTOME_DEVELOPMENTAL_LINEAGE_OF_MAMMARY_GLAND_MYOEPITHELIAL_CELLS",17,-0.4147699197005215,-1.2722384323357911,0.14573991031390135,0.2841667068486105,"CNN1;ERBB2;MME;MYH11;ACTA2;AREG;ALDH1A1",-0.6769101072781432,0.9520882521417293,,
"REACTOME_PLASMA_LIPOPROTEIN_CLEARANCE",32,-0.353423761295637,-1.2708363897806616,0.14622641509433962,0.2846052587167111,"SCARB1;AP2A1;LSR;VLDLR;AP2A2;PCSK9;UBB;UBA52;HDLBP;CLTA;AP2M1",-1.1265804561100525,0.4363539940338084,,
"REACTOME_PINK1_PRKN_MEDIATED_MITOPHAGY",31,-0.3585716551891397,-1.282274927009283,0.14651162790697675,0.2846511627906977,"TOMM40;MFN2;TOMM5;ATG9A;VDAC2;UBB;UBA52;VDAC1;TOMM22;UBE2D2;SQSTM1;UBE2L3",-1.4629709886145688,0.14558815800272604,,
"REACTOME_TRANSCRIPTION_OF_E2F_TARGETS_UNDER_NEGATIVE_CONTROL_BY_DREAM_COMPLEX",19,-0.40043832238498217,-1.2661849789139075,0.1471861471861472,0.28545192181555823,"LIN37;E2F1;CDC6;HDAC1;E2F4",-1.025253646721152,0.5569005418062022,,
"REACTOME_DARPP_32_EVENTS",22,0.42707432124965566,1.3013563790983873,0.14754098360655737,0.28553140282151723,"PDE4D;PRKAR2B;PRKAR1A;PPP2CB;PDE4B;PPP3CA;PRKACB",1.1825418766252977,0.3837024136032055,,
"REACTOME_LAGGING_STRAND_SYNTHESIS",20,-0.39666169364542425,-1.2674025550448782,0.14782608695652175,0.28553140282151723,"POLD1;FEN1;LIG1;POLA1;DNA2;POLD2;RFC5;PRIM1;POLA2;PCNA;RFC2;RFC3;RFC4;RPA1;POLD4",-1.4485124272877024,0.1656257067798674,,
"REACTOME_TNFR1_INDUCED_PROAPOPTOTIC_SIGNALING",25,0.408282377712759,1.2743501366369754,0.148014440433213,0.28553140282151723,"CYLD;BIRC3;TNFAIP3;BIRC2;OPTN;RIPK1;USP4;OTUD7B",1.3558332519669303,0.2007380073800738,,
"REACTOME_REGULATION_OF_SIGNALING_BY_CBL",21,0.43077463448614295,1.2967448459052011,0.14909090909090908,0.2855999564634213,"PIK3CD;VAV1;BLNK;PIK3CA;YES1;HCK;FYN",1.4642124377916623,0.13135695536013337,,
"REACTOME_DISEASES_OF_GLYCOSYLATION",130,-0.24406201516805026,-1.158521101649311,0.14925373134328357,0.2855999564634213,"AGRN;ALG12;B3GAT3;GALE;POMT2;DOLK;POMGNT1;ADAMTS14;ALG3;CSPG4;SBSPON;ADAMTSL2;NOTCH1;CHST14;GALT;B3GALT6;MOGS;B4GALT7;ACAN;GALK1;ADAMTS17;NOTCH3;ALG14;CHST6;SDC1;DAG1;HSPG2;GPC4;DPAGT1;MGAT2;SPON2;SEMA5B;MPI;LFNG;ALG2;ADAMTS7;ADAMTSL5;ALG1;GLB1;CTSA;ADAMTS13",0.8087244609407649,0.9031750106974754,,
"REACTOME_FRS_MEDIATED_FGFR2_SIGNALING",15,0.4751005725771933,1.2944884309895575,0.14928057553956833,0.2855999564634213,"SOS1;FGF7;FGF9;FRS2;KRAS;NRAS;FGF1;FGF10;FGFR2",1.294982203674026,0.29167834468639947,,
"REACTOME_ACTIVATION_OF_KAINATE_RECEPTORS_UPON_GLUTAMATE_BINDING",22,0.42525484983922623,1.2958121901627913,0.1493624772313297,0.2855999564634213,"GNG2;GNGT2;PLCB2;GNB4;GNG7;GNG12;GNG11;DLG1;PLCB1",1.4089028487257163,0.17069161624337248,,
"REACTOME_DOWNSTREAM_SIGNALING_OF_ACTIVATED_FGFR1",22,0.42481620463809444,1.2944755756621034,0.1493624772313297,0.2855999564634213,"SOS1;GAB1;PIK3CA;FLRT2;FGF9;FRS2;KRAS;NRAS;FGF1;FGF10",1.2556052244833056,0.3238581848867722,,
"REACTOME_SHC1_EVENTS_IN_ERBB2_SIGNALING",18,0.45456554319775777,1.3042840223099654,0.1509090909090909,0.2880510366826156,"HBEGF;SOS1;NRG1;KRAS;NRAS;BTC;PTPN12;EGFR;ERBB3",0.8839929939570406,0.7307713644901291,,
"REACTOME_ASPARAGINE_N_LINKED_GLYCOSYLATION",289,-0.2070128237781973,-1.105491105556938,0.15234375,0.29028021015761823,"PREB;TUBA1B;VCP;MAN2A2;SPTBN2;TUBB4B;SPTB;ALG12;TUBA1C;B4GALT2;DDOST;PPP6R1;TUBA4A;COPE;RPN2;ACTR1A;ARF1;EDEM2;DOLK;BET1L;CALR;ALG3;TUBB6;DOLPP1;OST4;ARF5;PRKCSH;MOGS;SEC13;TRAPPC9;ARFGAP1;TMED3;DHRSX;SPTBN5;UBB;SYVN1;MGAT4B;ENGASE;COPG1;ALG14;COG8;YKT6;TMED9;AMDHD2;LMAN2;ST3GAL2;CSNK1D;UBA52;TUBAL3;GMPPB;DPAGT1;RPN1;ASGR1;PDIA3;DYNC1H1;RAB1B;SEC24C;GBF1;DYNC1I1;GMPPA;DCTN2;TRAPPC2;TRAPPC2L;GANAB;NEU4;MGAT2;DCTN3;MPI;GMDS;DYNLL1;COPZ1;RAD23B;ALG2;ALG1;GLB1;CTSA;NAPA;UBXN1;AREG;FCSK;B4GALT3;DCTN1;RFT1;KDELR1;LMAN2L;NEU3;PMM1",-1.011749005919981,0.5695311271371122,,
"REACTOME_SUMOYLATION_OF_TRANSCRIPTION_FACTORS",18,-0.4123298670454014,-1.2791550365057347,0.15265486725663716,0.29036450275388326,"MTA1;CDKN2A;TP53BP1;MDM2;PIAS4;TFAP2A;PIAS2",-0.9864958570632121,0.6038264933547539,,
"REACTOME_TRANSPORT_TO_THE_GOLGI_AND_SUBSEQUENT_MODIFICATION",168,-0.22630625410711658,-1.1293341249554327,0.15315315315315314,0.29080389289813374,"PREB;TUBA1B;MAN2A2;SPTBN2;TUBB4B;SPTB;TUBA1C;B4GALT2;PPP6R1;TUBA4A;COPE;ACTR1A;ARF1;BET1L;TUBB6;ARF5;SEC13;TRAPPC9;ARFGAP1;TMED3;SPTBN5;MGAT4B;COPG1;COG8;YKT6;TMED9;LMAN2;CSNK1D;TUBAL3;DYNC1H1;RAB1B;SEC24C;GBF1;DYNC1I1;DCTN2;TRAPPC2;TRAPPC2L",-0.9755399635009615,0.6677197423800209,,
"REACTOME_ACTIVATION_OF_AMPK_DOWNSTREAM_OF_NMDARS",20,-0.3935998962734334,-1.257619584129215,0.15434782608695652,0.29256173307074684,"TUBA1B;TUBB4B;TUBA1C;TUBA4A;TUBB6;TUBAL3;CAMKK2",-1.0830378040050221,0.494642836458828,,
"REACTOME_THE_ROLE_OF_NEF_IN_HIV_1_REPLICATION_AND_DISEASE_PATHOGENESIS",28,0.39406122265178123,1.2654067520449659,0.15579710144927536,0.2947952110901071,"CD28;CD247;DOCK2;CD4;B2M;ELMO1;CD8B;HCK;AP1G1;FYN;RAC1",1.3185026581186643,0.23530799630365112,,
"REACTOME_CONSTITUTIVE_SIGNALING_BY_AKT1_E17K_IN_CANCER",26,-0.3715159923226716,-1.2621875292164257,0.15730337078651685,0.29712858926342073,"RPS6KB2;AKT2;FOXO6;MLST8;AKT1;MTOR;MAPKAP1;AKT1S1;MDM2;GSK3A",-1.3591054513459826,0.20196020196020198,,
"REACTOME_RAC3_GTPASE_CYCLE",88,0.2957739862503881,1.2087575414704161,0.1584,0.29868145580589256,"DOCK10;ARHGAP15;NCKAP1L;CYBB;ARHGDIB;SWAP70;TIAM1;TAOK3;NCF1;CAV1;ARHGAP42;PGRMC2;GIT2;NCF4;ARAP2;BRK1;AMIGO2;ABI1",1.1456773061905692,0.3560079019532671,,
"REACTOME_TNFR1_INDUCED_NF_KAPPA_B_SIGNALING_PATHWAY",33,0.3739870796144963,1.26963026759408,0.15916955017301038,0.2995212759791819,"CYLD;BIRC3;TAB2;TNFAIP3;BIRC2;OPTN;MAP3K7;RIPK1;USP4;OTUD7B",1.274189930625534,0.27499256616116563,,
"REACTOME_FLT3_SIGNALING",36,0.36799086462666053,1.276272552308318,0.1593959731543624,0.2995212759791819,"GRAP2;SLA2;SLA;BCL2L11;SOS1;PIK3CA;STAT5A;SOCS6;HCK;KRAS;FYN;NRAS",1.3845919281402614,0.18217634544165154,,
"REACTOME_ADIPOGENESIS",102,-0.25892341290531534,-1.1723177935307316,0.16045845272206305,0.3007932201638116,"MTA1;CARM1;CEBPB;CDK4;NCOR2;MED24;PRDM16;MED15;MED26;TBL1X;MTA2;GATAD2A;MED8;SREBF2;MED12;MED10;HDAC1;RBBP7;SREBF1;MED25;BMP7;MBD3;MED29;HDAC3;MED14;CEBPA;RELA;NCOA6;CDK8;SLC2A4",-1.1900525244402078,0.257029404372958,,
"REACTOME_MAP3K8_TPL2_DEPENDENT_MAPK1_3_ACTIVATION",16,-0.41893077440877213,-1.2557808617101778,0.16071428571428573,0.3007932201638116,"TNIP2;MAP2K1;UBB;UBA52;IKBKG",-0.9559843268421097,0.6397602148075683,,
"REACTOME_DEATH_RECEPTOR_SIGNALING",149,0.2649121626224466,1.1689851380655731,0.16090225563909774,0.3007932201638116,"ARHGEF6;CYLD;TNFSF10;BIRC3;CFLAR;FGD2;VAV1;CASP10;TAB2;TIAM1;BCL2L11;TNFAIP3;FGD4;BIRC2;SOS1;OPTN;GNA13;FAS;SOS2;RHOA;MAP3K7;APH1B;PSEN1;RIPK1;CASP3;USP4;PRKCI;OTUD7B;TRAF6;AKAP13;UBE2D3;NFKBIA;FASLG;UBE2D1",1.2362254618973894,0.19248120300751878,,
"REACTOME_PROGRAMMED_CELL_DEATH",189,-0.22400451612312042,-1.1310556856326766,0.1611842105263158,0.3008034666425928,"BID;PSMB5;PSMD3;AKT2;BCAP31;PSMC4;STUB1;PSMD14;E2F1;PSMD8;DFFB;C1QBP;PSMA7;LMNB1;GZMB;ADRM1;AKT1;CDC37;BAX;BCL2L1;PSMB2;MAGED1;PSMD2;UBB;PSMC5;CDKN2A;FADD;UBA52;PLEC;CLSPN;PSMB3;PSMC3;AVEN;PSMB4;PSMD7;DFFA;BBC3;BAK1;TNFRSF10B;NMT1;PSMD11;PSMA6;DYNLL1;YWHAQ;UBE2L3;PSMB6;YWHAH;CHMP6;PSMD6;PSMB7;PSMA5;ADD1;TNFRSF10A;DAPK2",-1.1857314744221445,0.2366947914508888,,
"REACTOME_VASOPRESSIN_REGULATES_RENAL_WATER_HOMEOSTASIS_VIA_AQUAPORINS",33,0.3714699214892405,1.2610848917820616,0.16262975778546712,0.3029814665592264,"GNG2;PRKAR2B;GNGT2;GNB4;GNG7;GNG12;PRKAR1A;GNG11;PRKACB;AQP3;RAB11FIP2",1.392001126356575,0.1782510751587139,,
"REACTOME_TRANSCRIPTIONAL_REGULATION_BY_SMALL_RNAS",42,-0.3211239307336646,-1.210955003388544,0.165,0.3068717948717949,"RAN;POLR2E;POLR2F;POLR2H;POLR2L;POLR2D;H2AX;POLR2G;AGO2;AGO1;POLR2C;POLR2I",-1.457895265576609,0.07365451509186909,,
"REACTOME_TRANS_GOLGI_NETWORK_VESICLE_BUDDING",69,-0.27858212742236954,-1.1862548053849313,0.16541353383458646,0.3071159126485155,"AP1M1;AP1B1;BLOC1S3;HGS;BLOC1S4;ARF1;FTH1;DNAJC6;GAK;DNM2;AP1G2;AP1M2;CLTA;GBF1;TFRC;HIP1R;AP4M1;FTL;RAB5C;TPD52L1;OCRL",-1.1198799813828861,0.36964217217381773,,
"REACTOME_GLYCOSAMINOGLYCAN_PROTEIN_LINKAGE_REGION_BIOSYNTHESIS",27,-0.3647188905718354,-1.2567929298380462,0.1662971175166297,0.3082304324669389,"AGRN;B3GAT3;CSPG4;B3GALT6;B4GALT7;XYLT2;SDC1;HSPG2;GPC4",-1.0458255246004275,0.5110497554045849,,
"REACTOME_CYTOPROTECTION_BY_HMOX1",55,-0.2955770132067113,-1.1936775486865923,0.16666666666666666,0.30839002267573695,"CARM1;COX7B;NCOR2;ABCC1;COX5A;TBL1X;HMOX2;BLVRB;COX8A;COX6A1;SIN3B;COX5B;HDAC3;HM13;NCOA6;COX4I1;COX4I2;COX7A1;COX7C;SIN3A;COX6B1",-1.2753208144360229,0.20558460760833108,,
"REACTOME_NEGATIVE_REGULATORS_OF_DDX58_IFIH1_SIGNALING",35,0.3670368455420425,1.2621527306593077,0.16891891891891891,0.3120267975955582,"CYLD;TNFAIP3;RNF125;RIGI;UBA7;IFIH1;UBE2L6;TRIM4;UBE2D3;ATG5;UBE2D1;NLRC5;TAX1BP1",1.059829488870752,0.52871905365254,,
"REACTOME_FORMATION_OF_WDR5_CONTAINING_HISTONE_MODIFYING_COMPLEXES",42,-0.31929621662407187,-1.2040627124878984,0.17,0.3134915254237288,"MCRS1;HCFC1;KMT2B;SETD1A;KAT2A;WDR5;AKAP8L;MEN1;BOD1;CXXC1;SETD1B;NCOA6;KMT2D;KANSL3;PAXIP1;YEATS2;SGF29;KANSL2;KAT8",-1.2764332996017678,0.20094352879770344,,
"REACTOME_OTHER_SEMAPHORIN_INTERACTIONS",18,0.4477497946855594,1.2847276084603663,0.1709090909090909,0.3146346715889863,"PTPRC;PLXNC1;SEMA4A;SEMA6D;CD72;ITGA1;SEMA6A",1.4736918595738484,0.15032899404748568,,
"REACTOME_DAG_AND_IP3_SIGNALING",37,0.3590763345340259,1.2533679186741926,0.17420435510887772,0.32015935533523476,"CAMK4;PRKAR2B;CREB1;PDE1C;ITPR1;PRKAR1A;PDE1A;PRKACB;CAMK2D",1.1580238716380478,0.4118217054263566,,
"REACTOME_PLATELET_HOMEOSTASIS",70,0.3063602062387689,1.212961991131449,0.17569786535303777,0.32235965852294285,"GNG2;GNGT2;GNB4;ITPR1;GNG7;P2RX7;PPP2R5A;PPP2R5E;PDE5A;PECAM1;GNG12;PDE1A;PDE9A;PRKG2;GNG11;PPP2CB;GUCY1A1;PRKG1;PLA2G4A;ATP2A3;SRI;P2RX1;SLC8A1;TRPC6;PDE2A",1.6705067501688675,0.011204201014468335,,
"REACTOME_INSERTION_OF_TAIL_ANCHORED_PROTEINS_INTO_THE_ENDOPLASMIC_RETICULUM_MEMBRANE",22,-0.37590752240471415,-1.2185089999950773,0.17660044150110377,0.3234701689447827,"UBL4A;EMD;SGTA;GET3;GET4;UBE2J2;BAG6",-1.4111710493097835,0.14636001818367367,,
"REACTOME_ACYL_CHAIN_REMODELLING_OF_PE",22,0.41134045575384826,1.2534130464931106,0.1785063752276867,0.3261445201259014,"PLA2G2D;PLAAT4;MBOAT1;PLA2G10;MBOAT2;PNPLA8;PLA2G4A",1.2187555601847955,0.34300418360130536,,
"REACTOME_SMOOTH_MUSCLE_CONTRACTION",38,-0.32160231835486586,-1.2105734926164087,0.17866004962779156,0.3261445201259014,"ACTG2;ALDH2;MYH11;CACNA1H;MYL9;ACTA2;MYL6B;TPM2;MYL5;LMOD1;TPM1;TLN1;PXN;CALM1;SORBS1;ITGB5",0.6392183067551518,0.9742108079186732,,
"REACTOME_POTASSIUM_CHANNELS",64,0.30999792047936536,1.201134932770048,0.17922948073701842,0.3266359715944322,"KCNA3;KCNN3;GNG2;GNGT2;KCNJ10;GNB4;GNG7;KCND3;GNG12;KCNK3;KCNAB1;GNG11;KCNK13",1.4144314724653084,0.12608143000445426,,
"REACTOME_CA_DEPENDENT_EVENTS",33,0.3666362517469609,1.2446753050800883,0.17993079584775087,0.3273657289002557,"CAMK4;PRKAR2B;CREB1;PDE1C;PRKAR1A;PDE1A;PRKACB;CAMK2D;PLA2G4A",1.1734792299807002,0.3737053477066159,,
"REACTOME_CELL_EXTRACELLULAR_MATRIX_INTERACTIONS",18,-0.4020491051849571,-1.2472614256762884,0.18141592920353983,0.32951674619941795,"TESK1;ACTG1;ACTN1;FLNC;ACTB;LIMS2;FLNA",-0.6851963272968886,0.9520882521417293,,
"REACTOME_EPH_EPHRIN_MEDIATED_REPULSION_OF_CELLS",48,-0.30800160824442807,-1.1987720663468158,0.18227848101265823,0.3299776846580633,"EPHB1;EPHB2;EPHB3;AP2A1;EFNB1;ACTG1;AP2A2;ACTB;VAV2;SRC;EPHA1;CLTA",-1.1828330391023092,0.3378482285443899,,
"REACTOME_INTRINSIC_PATHWAY_FOR_APOPTOSIS",54,-0.2957199078952735,-1.1840788077037525,0.18229166666666666,0.3299776846580633,"BID;AKT2;E2F1;C1QBP;GZMB;AKT1;BAX;BCL2L1;CDKN2A;AVEN;BBC3;BAK1;NMT1;DYNLL1;YWHAQ;YWHAH",-1.2106724298930374,0.2932561858726707,,
"REACTOME_RET_SIGNALING",37,0.3563483803042713,1.24384590347477,0.18257956448911222,0.3299776846580633,"PIK3CD;GFRA1;GFRA2;SOS1;GAB1;PIK3CA;DOK6;DOK2;RAP1GAP;FRS2;PRKACB",1.1695443914301242,0.39596803341231274,,
"REACTOME_EFFECTS_OF_PIP2_HYDROLYSIS",23,0.39692528887402057,1.2367957092919395,0.184070796460177,0.33193940478708694,"RASGRP1;DGKA;DGKH;ITPR1;RASGRP2;PRKCH",1.2415277421950388,0.32166956521739126,,
"REACTOME_SIGNALING_BY_FGFR2",62,-0.2781361942603952,-1.1626940093319165,0.18427518427518427,0.33193940478708694,"HRAS;POLR2E;POLR2F;POLR2H;GTF2F1;PLCG1;POLR2L;PPP2R1A;POLR2D;UBB;SRC;HNRNPM;POLR2G;UBA52;PTBP1;POLR2C;POLR2I",-1.3359331335415439,0.1628630063137087,,
"REACTOME_PROCESSIVE_SYNTHESIS_ON_THE_LAGGING_STRAND",15,-0.4284165099483403,-1.2485934336279312,0.1860986547085202,0.3346699773931735,"POLD1;FEN1;LIG1;POLA1;DNA2;POLD2;PRIM1;POLA2;PCNA",-1.3603832914825702,0.21311672010041816,,
"REACTOME_VEGFR2_MEDIATED_VASCULAR_PERMEABILITY",26,-0.3610561155786076,-1.2266511693925617,0.18876404494382024,0.33890310379352545,"AKT2;MLST8;TRIB3;AKT1;MTOR;VAV2;CTNNA1;MAPKAP1",-1.0965098438070928,0.4609422700709007,,
"REACTOME_CLASS_B_2_SECRETIN_FAMILY_RECEPTORS",64,0.3080740712976249,1.1936806812899212,0.18927973199329984,0.339269107757348,"GNG2;ADGRE1;GNGT2;GIPR;GNB4;WNT2B;GNG7;ADCYAP1;CALCRL;GNG12;FZD4;ADM;GNG11;DHH;GLP2R;SCT;VIPR1;CD55;VIP;UCN3;VIPR2",1.4315331990590625,0.11202223970935406,,
"REACTOME_STRIATED_MUSCLE_CONTRACTION",25,-0.3601197409398734,-1.2180559111700313,0.18973214285714285,0.3395206766917293,"DES;DMD;TCAP;ACTC1;ACTA1",-0.9183809729858395,0.7159092176434506,,
"REACTOME_SYNTHESIS_OF_IP3_AND_IP4_IN_THE_CYTOSOL",24,0.390018326400961,1.2179737278089315,0.19021739130434784,0.33983008495752126,"SYNJ1;PLCG2;PLD4;PLCB2;PTEN;PLCH1;PLCB1;PLCD1;PLCE1;ITPKB",1.0242733519028897,0.5771770717531645,,
"REACTOME_SARS_COV_1_HOST_INTERACTIONS",96,-0.2561452612991892,-1.1468656218162132,0.19113573407202217,0.3400121432908318,"PPIB;TKFC;RPS2;KPNA2;RPS14;RPS17;RPS16;PCBP2;BCL2L1;PKLR;RPS23;FAU;UBB;RPS3;UBA52;RPS26;RPS4X;RPS28;RPS8;RELA;YWHAQ;YWHAH;RPS21;PPIA;RPS27L;TRAF3;RPS15;RPS18;RPS11;EEF1A1;NPIPB3;KPNB1;TRIM25;RPS6;RPS5",-1.1580386029622989,0.31277006692718856,,
"REACTOME_FOXO_MEDIATED_TRANSCRIPTION_OF_OXIDATIVE_STRESS_METABOLIC_AND_NEURONAL_GENES",22,0.40724140358991673,1.2409226498188721,0.1912568306010929,0.3400121432908318,"NR3C1;ABCA6;ATXN3;FOXO1;FBXO32;SOD2;PCK1;SMAD4;FOXO4;PLXNA4",1.357695223782379,0.21741893636119428,,
"REACTOME_SIGNALING_BY_ERBB2_IN_CANCER",22,0.40732827964850804,1.2411873735622898,0.1912568306010929,0.3400121432908318,"HBEGF;SOS1;GAB1;PIK3CA;NRG1;KRAS;NRAS;BTC;PTPN12;EGFR;ERBB3",0.958358030555483,0.6490237368020556,,
"REACTOME_INTERACTION_BETWEEN_L1_AND_ANKYRINS",23,-0.3718124411036931,-1.211698099514402,0.19221967963386727,0.34116641344477583,"SCN5A;SPTBN2;SPTB;ACTG1;ACTB;SPTBN5",-1.1003525641685117,0.4727193730051303,,
"REACTOME_MHC_CLASS_II_ANTIGEN_PRESENTATION",112,-0.24306564463344937,-1.1208878313955708,0.19373219373219372,0.3432909230954833,"KLC2;TUBA1B;AP1M1;KIF4A;SPTBN2;TUBB4B;AP1B1;AP2A1;KIF20A;TUBA1C;TUBA4A;ACTR1A;ARF1;ACTR1B;AP2A2;TUBB6;KIF23;KIF2C;SEC13;CTSH;DNM2;TUBAL3;KLC3;AP1M2;CLTA;DYNC1H1;SEC24C;DYNC1I1;DCTN2;AP2M1;KLC1;KIF22;DCTN3;KIF3C;DYNLL1;RACGAP1",1.1215843920864705,0.3980667600162609,,
"REACTOME_METABOLISM_OF_PORPHYRINS",23,-0.3690059476808745,-1.2025520291552863,0.19679633867276888,0.3481535227251586,"HMBS;ABCC1;HMOX2;BLVRB;UROD;ALAS1;ALAD;ABCC2",-1.116524224277103,0.4570966478399858,,
"REACTOME_TURBULENT_OSCILLATORY_DISTURBED_FLOW_SHEAR_STRESS_ACTIVATES_SIGNALING_BY_PIEZO1_AND_INTEGRINS_IN_ENDOTHELIAL_CELLS",30,0.37440076884883394,1.2274421545382526,0.19753086419753085,0.34816,"PDE4D;CAPN2;GNAQ;NLRP3;ITGAV;STAT1",1.4169377567636585,0.14830768370044484,,
"REACTOME_METABOLISM_OF_FAT_SOLUBLE_VITAMINS",35,-0.33014512764237613,-1.2119145253683148,0.1975609756097561,0.34816,"AGRN;AKR1C1;UBIAD1;LRP8;RBP2;SDC1;HSPG2;GPC4;TTPA;LRP1;AKR1C4;AKR1C3;APOM;SDC3;GPC2;LRP10;RETSAT",-1.0621685095385767,0.49883180504961694,,
"REACTOME_PHOSPHORYLATED_BMAL1_CLOCK_ARNTL_CLOCK_ACTIVATES_EXPRESSION_OF_CORE_CLOCK_GENES",22,0.40060662109740186,1.2207055211109226,0.19854280510018216,0.34816,"CREB1;BHLHE40;RORC;PER2;CIPC",1.1176884792563997,0.460090372179433,,
"REACTOME_GLUCAGON_SIGNALING_IN_METABOLIC_REGULATION",25,0.3928176295344332,1.2260808381565722,0.19855595667870035,0.34816,"GNG2;PRKAR2B;GNB4;GNG7;GNG12;PRKAR1A;GNG11;PRKACB",1.2237036319894679,0.345641752942845,,
"REACTOME_TRANSCRIPTIONAL_REGULATION_BY_RUNX1",181,-0.22213898826393988,-1.1116613454141984,0.1987179487179487,0.34816,"SMARCB1;PSMB5;PRMT1;PSMD3;SMARCA4;PSMC4;TCF3;PSMD14;PSMD8;CCND1;PSMA7;CSNK2A2;AXIN1;ADRM1;KMT2B;SETD1A;PRMT6;WDR5;LDB1;PSMB2;PSMD2;UBB;PML;SMARCD2;SRC;HDAC1;PSMC5;H2AX;ZFPM1;MYL9;AGO2;UBA52;PSMB3;SIN3B;AGO1;PSMC3;CCND2;PSMB4;PHC2;PSMD7;SETD1B;SMARCD1;PSMD11;PSMA6;KMT2D;NFE2;TCF12;CBX2;H2AJ;H2AC20;ARID1A;SMARCC2;CBX8;PSMB6;PSMD6;PSMB7;CBX6",-1.1009316075054716,0.359678164272345,,
"REACTOME_OVARIAN_TUMOR_DOMAIN_PROTEASES",39,0.34210703314615953,1.2114626772412518,0.19898819561551434,0.34816,"ESR1;TNFAIP3;RIGI;YOD1;TNIP3;RHOA;RIPK1;IFIH1;PTEN;OTUD7B;TRAF6;TRIM4;UBE2D1",0.9981397052713072,0.5990254257731461,,
"REACTOME_REGULATION_OF_NF_KAPPA_B_SIGNALING",18,-0.39304733191163654,-1.2193355717900287,0.19911504424778761,0.34816,"LRRC14;NLRX1;UBB;UBA52;IKBKG",-0.900480584866974,0.7368360165815097,,
"REACTOME_INCRETIN_SYNTHESIS_SECRETION_AND_INACTIVATION",15,0.45433942575395514,1.237921325142951,0.19964028776978418,0.34816,"FFAR4;PCSK1;SPCS3;ISL1",1.3312161289991493,0.25851581508515814,,
"REACTOME_E3_UBIQUITIN_LIGASES_UBIQUITINATE_TARGET_PROTEINS",52,-0.2927678786561378,-1.166290831511012,0.2,0.34816,"PEX10;VCP;TMEM129;PEX14;SKIC8;PEX5;PAF1;UBB;UBA52;UBE2J2;SELENOS;RNF40;UBE2D2;UBE2L3;RNF181;LEO1;RRAGA",-1.2091390203438974,0.27941377893439256,,
"REACTOME_SENSORY_PERCEPTION_OF_TASTE",18,0.4349526414753331,1.2480087618321485,0.2,0.34816,"SCNN1B;PLCB2;SCN3A;SCN4B;TAS2R14",1.2383330444403877,0.36175724913758467,,
"REACTOME_EPH_EPHRIN_SIGNALING",88,-0.2530620626719095,-1.1265027435956128,0.20159151193633953,0.3502628625435643,"EPHB1;EPHB2;NCK2;EPHB3;AP2A1;EFNB1;HRAS;LIMK1;ACTG1;AP2A2;ACTB;GRIN2B;MYH11;VAV2;SRC;MYL9;EPHA1;CLTA;MYH9;GIT1;AP2M1;ARPC1B;EPHA2",-1.0616498193080173,0.47725319825260337,,
"REACTOME_TRIGLYCERIDE_CATABOLISM",19,0.4253896221576997,1.2299490103638535,0.20185185185185187,0.3502628625435643,"PLIN1;FABP4;CAV1;GPD2;PPP1CB;PRKACB",1.180557926302243,0.4053298526132594,,
"REACTOME_TRANSFERRIN_ENDOCYTOSIS_AND_RECYCLING",25,-0.35437452503440336,-1.1986235018932117,0.203125,0.35191082802547774,"STEAP3;ATP6AP1;MCOLN1;TCIRG1;ATP6V1F;ATP6V0B;TFRC;ATP6V1E1",-0.9609737383140754,0.6590148450814118,,
"REACTOME_ACTIVATED_TAK1_MEDIATES_P38_MAPK_ACTIVATION",23,-0.3681305615747508,-1.1996992368227253,0.2036613272311213,0.3522790525078855,"IRAK1;TAB1;MAPKAPK3;UBB;UBA52;IKBKG",-1.1103345586882198,0.45945945945945943,,
"REACTOME_FOXO_MEDIATED_TRANSCRIPTION_OF_CELL_CYCLE_GENES",15,0.4528992027104455,1.2339972042820675,0.20503597122302158,0.35409386776293256,"CCNG2;CAV1;FOXO1;RBL2;KLF4;SMAD4;FOXO4",1.2731616973311541,0.31753593622867116,,
"REACTOME_SIGNALING_BY_RECEPTOR_TYROSINE_KINASES",476,0.21702894115485696,1.099904629334818,0.20544554455445543,0.3542389104203606,"GRAP2;TPH1;FOSB;PRKCB;ESR1;NCKAP1L;VGF;CYBB;PRDM1;RAP1A;FOS;VAV1;TAB2;TIAM1;RICTOR;F3;SGK1;LAMA1;CREB1;HGF;PDGFRA;HBEGF;RIT1;NCK1;EGR2;SOS1;MEF2C;ATP6V0D2;PAG1;RRAD;NCF1;GAB1;KITLG;EGR3;S100B;JAK3;ITPR1;PDGFD;CAV1;ROCK1;STAM2;ADCYAP1;PLAT;FGF7;ITGAV;TRIB1;PIK3CA;GALNT3;STAT1;RHOA;RAP1B;FER;JAK2;EPS15;CILP;THEM4;STAT3;RAB4A;APH1B;ALKAL2;KLB;FLRT2;STAT5A;RPS6KA5;EGR1;PSEN1;NCF4;YES1;IGF1;NRG1;BRK1;TIA1;ELMO1;SOCS6;NAB1;PPP2CB;ATP6V1A;FGF9;ABI1;COL9A2;FRS2;REST;ATP6V1D;MET;PRKACB;PDGFA;RALA;BRAF;SH2D2A;TGFBR3;SPRED1;KRAS;LAMA4;PTPN2;CTNND1;CUL5;JUNB;NCOR1;WWP1;FYN;NRAS;CDC42;RPS6KA2;PTK2B;SPRY1;FGF1;PIK3C3;NCSTN;ITGA2;BTC;VRK3;FGF10",1.1760684850445928,0.18506898506898506,,
"REACTOME_NOTCH3_ACTIVATION_AND_TRANSMISSION_OF_SIGNAL_TO_THE_NUCLEUS",25,-0.35298275659657513,-1.1939160349594298,0.20758928571428573,0.357368896925859,"YBX1;DLL4;UBB;NOTCH3;TACC3;UBA52;MIB2",-0.9546533983206349,0.6624989851424861,,
"REACTOME_RHO_GTPASES_ACTIVATE_PAKS",20,-0.37121175879642765,-1.1860856218242557,0.20869565217391303,0.35870595507933234,"NF2;LIMK1;MYH11;CTTN;MYL9;FLNA;MYH9",-0.7174199268708853,0.9385796545105566,,
"REACTOME_SYNTHESIS_OF_BILE_ACIDS_AND_BILE_SALTS_VIA_7ALPHA_HYDROXYCHOLESTEROL",18,-0.38528999157667293,-1.19527027419114,0.21017699115044247,0.36068228134334607,"AKR1C1;BAAT;ACOT8;SLC27A5;CYP27A1;AMACR;SLC27A2;AKR1C4;AKR1C3;HSD17B4;RXRA",-1.2468717782740841,0.3114067504311407,,
"REACTOME_MOLECULES_ASSOCIATED_WITH_ELASTIC_FIBRES",32,0.3600241539894455,1.213013309258926,0.21107266435986158,0.3616489115331172,"ITGA8;BMP2;ITGB8;ITGAV;ITGB6;LTBP2;EFEMP1;MFAP5;MFAP3",1.5417111787745514,0.09616889572284909,,
"REACTOME_CGMP_EFFECTS",15,0.4491766673636445,1.223854554033839,0.21223021582733814,0.36306049500022625,"ITPR1;PDE5A;PDE1A;PDE9A;PRKG2;PRKG1;PDE2A;KCNMA1;PDE11A;PDE10A",1.5954641586301008,0.06422612296381171,,
"REACTOME_INTEGRIN_SIGNALING",23,0.387372440427811,1.2070295988903972,0.21415929203539824,0.36578541559578226,"RASGRP1;APBB1IP;RAP1A;SOS1;RASGRP2;RAP1B",1.1757687539657733,0.39915329838841646,,
"REACTOME_BIOLOGICAL_OXIDATIONS",150,-0.2273334011112024,-1.1118836165480865,0.21470588235294116,0.36596343900276784,"COMT;CHAC1;AHCY;POR;ALDH2;OPLAH;AIP;CES1;TRMT112;SMOX;MAOB;ARNT2;AOC2;TPST2;CYP2D6;AKR1A1;FDXR;GSTP1;CYP2W1;CYP2S1;GGT1;CYB5R3;GSS;MAT1A;DPEP1;SULT2B1",-1.1241640349294109,0.3238581848867722,,
"REACTOME_NOTCH3_INTRACELLULAR_DOMAIN_REGULATES_TRANSCRIPTION",22,0.3922073317802932,1.195111688401129,0.21493624772313297,0.36596343900276784,"IKZF1;KAT2B;STAT1;MAMLD1;MAML2;RBPJ;PBX1",1.1751107850917153,0.3884442593198655,,
"REACTOME_ANTIGEN_PROCESSING_CROSS_PRESENTATION",94,0.2774051728353869,1.1494284423067456,0.21550387596899226,0.3663565891472868,"BTK;TLR6;CYBB;CTSS;TLR1;HLA-E;LY96;CD36;NCF1;TAP2;HLA-C;CD207;B2M;ITGAV;MRC1;HLA-B;HLA-F;NCF4;LNPEP",1.229870185611986,0.2551956623719494,,
"REACTOME_MODULATION_OF_HOST_RESPONSES_BY_IFN_STIMULATED_GENES",19,0.42058199862834955,1.2160485024668035,0.21666666666666667,0.36775871034841395,"RIGI;EIF2AK3;UBA7;ATF6;IFIH1;UBE2L6",1.2865882524590544,0.29214814814814816,,
"REACTOME_TRANSCRIPTIONAL_REGULATION_OF_GRANULOPOIESIS",54,0.307792769043167,1.1623951820256417,0.21844660194174756,0.3702023409853915,"FLI1;IL6R;CREB1;DEK;GFI1;TAL1;STAT3;H3-3A;H2AC6;CBFB;KLF5;H2BC21;GATA2;H3C8;H2BC6;H4C5;H3C6;H2BC8;H2BC4;H3-3B;H4C8",1.0031681553238236,0.5875000383509698,,
"REACTOME_AQUAPORIN_MEDIATED_TRANSPORT",37,0.34483818005846156,1.2036691657225174,0.21943048576214405,0.3712913973704708,"GNG2;PRKAR2B;GNGT2;GNB4;GNG7;GNG12;PRKAR1A;GNG11;PRKACB;AQP3;RAB11FIP2;AQP8",1.2467074786452375,0.3118028305630264,,
"REACTOME_RESPONSE_TO_ELEVATED_PLATELET_CYTOSOLIC_CA2",110,0.26891791749817395,1.138605359665662,0.22085889570552147,0.37312807224783756,"PRKCB;MMRN1;SELENOP;RAB27B;HGF;CD36;SELP;F5;A2M;CLEC3B;CTSW;PECAM1;LHFPL2;PROS1;PHACTR2;FAM3C;CFD;IGF1;TTN;SERPING1;F13A1;PDGFA;SRGN;STXBP3;TMX3;CYB5R1;PLEK;QSOX1;F8;ITIH3",1.3027460639823047,0.14770670305494446,,
"REACTOME_CELL_DEATH_SIGNALLING_VIA_NRAGE_NRIF_AND_NADE",73,0.285916644746637,1.1384075601449926,0.22553897180762852,0.3804440330646509,"ARHGEF6;FGD2;VAV1;TIAM1;BCL2L11;FGD4;SOS1;GNA13;SOS2;APH1B;PSEN1;CASP3;TRAF6;AKAP13;NCSTN;NET1;RAC1",1.2567329460775365,0.24816284517017623,,
"REACTOME_ONCOGENE_INDUCED_SENESCENCE",33,-0.32589530430805047,-1.183628958757657,0.22641509433962265,0.38049560351718625,"CDK4;E2F1;CDKN2D;ERF;UBB;CDKN2A;UBA52;AGO1;MDM2",-1.2037248959098044,0.35646723646723644,,
"REACTOME_ACTIVATION_OF_BAD_AND_TRANSLOCATION_TO_MITOCHONDRIA",15,-0.41798317310576316,-1.21818611838688,0.226457399103139,0.38049560351718625,"BID;AKT2;AKT1",-0.970468636642856,0.6334544143030116,,
"REACTOME_GLUTAMATE_NEUROTRANSMITTER_RELEASE_CYCLE",17,0.4309279152560579,1.2185583043556931,0.22661870503597123,0.38049560351718625,"VAMP2;ARL6IP5;SLC38A2;STXBP1;SLC1A3;GLS;STX1A;TSPOAP1",1.0633293320738726,0.5156156156156156,,
"REACTOME_ACYL_CHAIN_REMODELLING_OF_PS",18,0.42517633359308726,1.2199576207837193,0.22727272727272727,0.38100574310127466,"PLA2G2D;MBOAT1;PLA1A;PLA2G10;OSBPL8",1.2923921494234474,0.2932561858726707,,
"REACTOME_NPAS4_REGULATES_EXPRESSION_OF_TARGET_GENES",18,0.42066408057286553,1.2070106220352137,0.2309090909090909,0.3865062937062937,"FOS;ARNT;IQSEC3;GEM",1.2254165197577302,0.37413315502913363,,
"REACTOME_GABA_B_RECEPTOR_ACTIVATION",31,0.35446729161841206,1.179506769731358,0.23251748251748253,0.3886006466651628,"GNG2;GNGT2;KCNJ10;GNB4;GNG7;GNG12;GNG11",1.4145850052886462,0.14830205639427363,,
"REACTOME_REGULATION_OF_PD_L1_CD274_EXPRESSION",159,-0.22075926600970414,-1.091006602742219,0.2344213649851632,0.39072339748769375,"PSMB5;PSMD3;VCP;PSMC4;CDK4;TEAD4;PSMD14;PSMD8;CCND1;PSMA7;BRD4;CSNK2A2;DDOST;RPN2;ADRM1;OST4;WDR5;PSMB2;PSMD2;UBB;PSMC5;H2AX;RBBP7;AGO2;UBA52;TCF7;PSMB3;AGO1;PSMC3;MIB2;RPN1;PSMB4;PSMD7;TEAD3;MYCN;PSMD11;PSMA6;RELA;H2AJ;H2AC20;PSMB6;PSMD6;PSMB7;RBX1;PSMA5",-1.1390538146211526,0.2641327386528807,,
"REACTOME_INFECTION_WITH_ENTEROBACTERIA",37,0.34047039184392386,1.1884232553208502,0.23450586264656617,0.39072339748769375,"GBP4;GBP2;LAMA1;GBP1;GBP3;HBB;CALM2;COL4A6;LAMA4;COL4A4;HBA2;LAMC2;COL4A5",1.3117025267499214,0.2482693219535325,,
"REACTOME_GABA_RECEPTOR_ACTIVATION",36,0.3402316363197329,1.1799974961399127,0.23657718120805368,0.39357182439504956,"GNG2;GNGT2;KCNJ10;GNB4;GNG7;GNG12;GNG11",1.3780348869584877,0.18506898506898506,,
"REACTOME_CILIUM_ASSEMBLY",186,-0.21701045133600655,-1.091963900851966,0.2376237623762376,0.39470939460358245,"TUBG1;TUBA1B;PLK1;TUBB4B;BBS5;NPHP4;RAB11FIP3;TUBA1C;INPP5E;CCT5;CCT2;CSNK1E;TUBA4A;ACTR1A;HDAC6;TUBB6;CEP250;SSNA1;PPP2R1A;TCP1;B9D1;DYNC2I2;CSNK1D;TUBAL3;CCT4;PKD1;CCT3;DYNC1H1;SFI1;EXOC3;TUBB;GBF1;CEP131;HAUS7;CEP72;OFD1;DCTN2;MARK4;MKS1;RAB11A;B9D2;DCTN3;KIF3C;DYNLL1;IFT122;HAUS8",-1.1528806785677024,0.2641327386528807,,
"REACTOME_SIGNALING_BY_CSF3_G_CSF",30,0.355002369676525,1.1638460969023092,0.23985890652557318,0.3978147717985116,"STAT1;JAK2;STAT3;STAT5A;HCK;KRAS;UBE2D3;CUL5;UBE2D1;JAK1",0.9682157436736818,0.6307623514241444,,
"REACTOME_REPRODUCTION",96,0.27455839402019366,1.1370786275249367,0.24024960998439937,0.3978562795479855,"PRDM1;HVCN1;SYNE1;POT1;STAG3;ATM;H3-3A;CATSPERB;H2AC6;H2BC21;EOMES;CATSPER1;MLH3;NBN;TERF1;TET2;H3C8;STAG1;H2BC6;MRE11;PDPN;SYCP2;H4C5;CATSPERG;H3C6;H2BC8;H2BC4;MLH1;LMNA;DMC1;TINF2;H3-3B;IZUMO4;H4C8;POU5F1;REC8;TERF2IP",0.9584732384185916,0.6656392694063926,,
"REACTOME_NITRIC_OXIDE_STIMULATES_GUANYLATE_CYCLASE",20,0.40112714157988993,1.1855492808098438,0.24169741697416974,0.39918467183041173,"ITPR1;PDE5A;PDE1A;PDE9A;PRKG2;GUCY1A1;PRKG1;PDE2A;KCNMA1;PDE11A;PDE10A;GUCY1A2",1.6862815292639868,0.053727285447128535,,
"REACTOME_MYD88_INDEPENDENT_TLR4_CASCADE",107,0.2691640418478851,1.131971818391204,0.24186046511627907,0.39918467183041173,"BIRC3;FOS;TAB2;LY96;CREB1;MAPK10;BIRC2;MEF2C;S100B;TANK;OPTN;SAA1;MAP3K7;RPS6KA5;RIPK1;MAP3K8;ALPK1;PPP2CB;TRAF6;N4BP1;RIPK3;UBE2D3;NFKBIA;UBE2D1;RPS6KA2;NLRC5;VRK3;TLR4;MEF2A;NKIRAS1",1.1630513593963119,0.35023338161918555,,
"REACTOME_CELLULAR_HEXOSE_TRANSPORT",15,-0.4094481570793995,-1.1933113418108983,0.242152466367713,0.39918467183041173,"SLC2A8;SLC5A9;SLC2A1",-1.3177647602286233,0.24063981881237168,,
"REACTOME_SYNTHESIS_OF_PA",34,0.3396029463405956,1.1606731071140637,0.24482758620689654,0.40298398455840156,"PLA2G2D;PLA2G10;GPD2;GPAT2;AGPAT4;PLD1;GPD1L;LIPH;PLA2G4A;ALPI;MIGA1;PLA2R1;GNPAT",1.2179933518100317,0.3477653593770565,,
"REACTOME_ANCHORING_OF_THE_BASAL_BODY_TO_THE_PLASMA_MEMBRANE",96,-0.24865059378268822,-1.113308973225405,0.24653739612188366,0.40518532776527105,"TUBG1;PLK1;TUBB4B;NPHP4;CSNK1E;TUBA4A;ACTR1A;CEP250;SSNA1;PPP2R1A;B9D1;CSNK1D;DYNC1H1;SFI1;TUBB;CEP131;HAUS7;CEP72;OFD1;DCTN2;MARK4;MKS1;RAB11A;B9D2;DCTN3;DYNLL1;HAUS8;DCTN1;CKAP5;RAB8A;CLASP1;CEP78;CEP164;TCTN3;HAUS2;KIF24;HAUS5",-1.2828738624393288,0.11836076827024775,,
"REACTOME_DEFECTIVE_B4GALT7_CAUSES_EDS_PROGEROID_TYPE",18,-0.3734983413852307,-1.1586894927910958,0.24778761061946902,0.40597772346499006,"AGRN;CSPG4;B4GALT7;SDC1;HSPG2;GPC4",-0.7804298465761272,0.8659942045996405,,
"REACTOME_DNA_DAMAGE_BYPASS",48,-0.28940656962005573,-1.1263983764735879,0.2481012658227848,0.40597772346499006,"UFD1;VCP;POLE;POLD1;NPLOC4;UBB;UBA52;DDB1;POLE2;ISG15;RBX1;POLD2;MAD2L2;RFC5;TRIM25;USP43;POLH;POLE4;USP10",-1.1266874295483653,0.3985113382911786,,
"REACTOME_COLLAGEN_BIOSYNTHESIS_AND_MODIFYING_ENZYMES",61,-0.267718637290615,-1.1141525265229784,0.24813895781637718,0.40597772346499006,"PPIB;P4HB;PLOD1;COLGALT1;PLOD3;P3H1;ADAMTS14;SERPINH1;P4HA2",1.1186481537951036,0.4091435331896734,,
"REACTOME_TRANSCRIPTIONAL_REGULATION_BY_MECP2",46,-0.2945290838162784,-1.1354338352401159,0.25063291139240507,0.40944235374615123,"IRAK1;NCOR2;DGCR8;HTT;TBL1X;NOTCH1;GRIN2B;MECP2;HDAC1;AURKB;AGO2;AGO1;PTPN1;CAMK2G;HDAC3",-1.2262707113350366,0.2792399718508093,,
"REACTOME_M_DECAY_DEGRADATION_OF_MATERNAL_MRNAS_BY_MATERNALLY_STORED_FACTORS",27,-0.33470373184190894,-1.153363027370989,0.25277161862527714,0.41231712303493484,"RPS2;CNOT3;EIF4A3;POLR2D;CNOT9;AGO2;EIF4G1",-1.3369810693582973,0.21564709986363492,,
"REACTOME_DEFECTIVE_INTRINSIC_PATHWAY_FOR_APOPTOSIS",24,-0.34146658915935185,-1.1388982877728138,0.25555555555555554,0.41600536642629543,"PRDX2;C1QBP;LMNB1;CAPN1;PRDX1;CDKN2A;CDK5R1;CDK5;CDC25B;CDC25C;CDC25A;CAPNS1",-1.103212133136131,0.47538785673242673,,
"REACTOME_FACTORS_INVOLVED_IN_MEGAKARYOCYTE_DEVELOPMENT_AND_PLATELET_PRODUCTION",127,-0.22773875541679695,-1.0769576865705761,0.25588235294117645,0.41600536642629543,"KIF18B;KLC2;TUBA1B;KIF4A;TUBB4B;KIF20A;MFN2;TUBA1C;TUBA4A;DOCK6;TUBB6;KIF23;KIF2C;ACTB;RAD51C;KIFC1;HDAC1;ZFPM1;MAFG;TUBAL3;KIFC2;KLC3;KDM1A;CDK5;ITPK1;SH2B1;KLC1;KIF22;KIF26B;NFE2;KIF3C;RACGAP1;DOCK3;CABLES2;AKAP1;KIF1A;KIF1C;KIF26A;KIF21A;KLC4;KIF3B;SIN3A;KIF12;SH2B2",-0.9781546029510947,0.6313982157451222,,
"REACTOME_SYNDECAN_INTERACTIONS",26,-0.3343242979781457,-1.135832557257861,0.25617977528089886,0.41600536642629543,"ACTN1;COL1A1;CASK;SDC1;FN1;TNC;ITGB4;SDC3;COL5A1;COL3A1;ITGB5",0.6658405862664186,0.9544172778150962,,
"REACTOME_TOLL_LIKE_RECEPTOR_TLR1_TLR2_CASCADE",109,0.26577215406270877,1.1229952132576608,0.2569230769230769,0.41621743036837383,"BTK;TLR6;FOS;TAB2;TLR1;LY96;CREB1;CD36;MAPK10;MEF2C;S100B;SAA1;MAP3K7;RPS6KA5;MAP3K8;ALPK1;SFTPA2;PPP2CB;PELI2;TRAF6;N4BP1;NFKBIA;RPS6KA2;NLRC5;VRK3;TLR4;MEF2A;NKIRAS1;MAP3K1",1.2418087428847155,0.22804878048780486,,
"REACTOME_RAF_ACTIVATION",32,-0.32032802251139736,-1.151831179040163,0.25707547169811323,0.41621743036837383,"PHB1;HRAS;MAP2K1;ARAF;PPP2R5D;MAP3K11;PPP2R1A;SRC;MAP2K2;CAMK2G",-1.0852583733851968,0.4933826566901791,,
"REACTOME_HATS_ACETYLATE_HISTONES",102,-0.24122846516919116,-1.092201044512594,0.25787965616045844,0.4168990578047233,"MCRS1;TAF6L;ATXN7L3;HCFC1;RUVBL2;KAT2A;WDR5;SAP130;ACTB;ING5;BRD1;RBBP7;RUVBL1;MRGBP;JADE3;USP22;TAF10;BRD8;MORF4L2;EP400;TAF9;TADA2B;BRPF1;KANSL3;H2AC20;KAT5;DMAP1;YEATS2;SGF29;TRRAP;KANSL2;KAT8;H2AC25;MSL1;EP300",-1.0971654922770704,0.4147105637932479,,
"REACTOME_ACTIVATION_OF_ANTERIOR_HOX_GENES_IN_HINDBRAIN_DEVELOPMENT_DURING_EARLY_EMBRYOGENESIS",82,-0.2545339830651801,-1.1062583564661643,0.2587601078167116,0.4177017764162941,"ZNF335;POLR2E;HOXD3;POLR2F;POLR2H;WDR5;AJUBA;POLR2L;POLR2D;CNOT9;H2AX;RBBP7;POLR2G;PCGF2;POLR2C;POLR2I;HDAC3;NCOA6;KMT2D;PAXIP1;RARG;H2AJ;H2AC20",-1.1595928057742568,0.32166956521739126,,
"REACTOME_REGULATION_OF_PD_L1_CD274_TRANSCRIPTION",67,0.2872611426044379,1.118285113923129,0.25925925925925924,0.4178875171467764,"FOSB;ATF3;FOS;STAT1;STAT3;H3-3A;IRF1;H2AC6;EPAS1;H2BC21;ASH2L;RBBP5;HIF1A;H3C8;H2BC6;NFKB1;KMT2C;H4C5;H3C6;H2BC8;H2BC4;TCF7L2;CD274;H3-3B;H4C8",1.0280530598964577,0.5480391194845124,,
"REACTOME_VISUAL_PHOTOTRANSDUCTION",62,-0.26208031433053364,-1.095575540775015,0.26044226044226043,0.4191733422502653,"STRA6;AGRN;AKR1C1;GNB1;GUCA1B;LRP8;RBP2;SDC1;HSPG2;GPC4;RDH16;MYO7A;GRK1;FNTB;NMT1;METAP1;LRP1;AKR1C4;AKR1C3;GRK4;APOM;CALM1;SDC3;GPC2;LRP10;RETSAT;METAP2;RDH5;RDH10;SLC24A1",-0.963385465721306,0.6811421591082608,,
"REACTOME_PD_L1_CD274_GLYCOSYLATION_AND_TRANSLOCATION_TO_PLASMA_MEMBRANE",21,-0.3569461491417134,-1.149754023414804,0.2610619469026549,0.4195500712408988,"DDOST;RPN2;OST4;UBB;UBA52;MIB2;RPN1",-0.8572285293028991,0.7750186784476237,,
"REACTOME_DOWNSTREAM_SIGNALING_OF_ACTIVATED_FGFR3",18,0.4115684495512364,1.1809125457690663,0.2636363636363636,0.4230624832394744,"SOS1;GAB1;PIK3CA;FGF9;FRS2;KRAS;NRAS;FGF1",0.9263375998436578,0.6716298134498808,,
"REACTOME_DEADENYLATION_DEPENDENT_MRNA_DECAY",56,-0.2729980627244277,-1.103971337316739,0.26424870466321243,0.42342060482117105,"SKIC8;EDC3;CNOT3;EXOSC5;EXOSC3;EIF4A3;LSM7;CNOT9;EXOSC4;EDC4;EIF4G1;SKIC2;LSM4;EXOSC1;TUT4;NT5C3B;EXOSC6;DCPS;DCP1B;EXOSC7;CNOT11;EIF4B;EXOSC2;LSM1;EXOSC8",-1.6350322303896594,0.014927141561679649,,
"REACTOME_TERMINATION_OF_TRANSLESION_DNA_SYNTHESIS",32,-0.31603591835427175,-1.1363976888537424,0.2688679245283019,0.43013667683271206,"POLE;POLD1;UBB;UBA52;POLE2;ISG15;POLD2;RFC5;TRIM25;USP43;POLH;POLE4;USP10;PCNA;UBC;RFC2",-1.1082569599321832,0.45945945945945943,,
"REACTOME_GOLGI_ASSOCIATED_VESICLE_BIOGENESIS",55,-0.2765348247686695,-1.1167763290357475,0.2692307692307692,0.43013667683271206,"AP1M1;AP1B1;BLOC1S3;BLOC1S4;ARF1;FTH1;DNAJC6;GAK;DNM2;AP1M2;CLTA;TFRC;HIP1R;FTL;RAB5C;TPD52L1;OCRL;NAPA",-1.1034861086394898,0.44618645298028625,,
"REACTOME_NEGATIVE_REGULATION_OF_MAPK_PATHWAY",43,-0.2963648129274335,-1.1207384512660719,0.2702020202020202,0.43105542225776833,"PPP5C;HRAS;MAP2K1;DUSP7;PEBP1;ARAF;PPP2R5D;PPP2R1A;UBB;UBA52;MAP2K2",-0.8811547560383585,0.7872376432881234,,
"REACTOME_INTRA_GOLGI_TRAFFIC",42,0.31574741677569607,1.1366995775045277,0.2707641196013289,0.43131971028732924,"CYTH1;VPS45;TRIP11;COG6;COG5;NAPB;STX6;CYTH4;MAN1A2;COG3;GOLGA5;RIC1;RAB33B;NSF;SNAP29;MAN1C1;RAB30",1.0712357995834583,0.5028599203214915,,
"REACTOME_GLUTATHIONE_CONJUGATION",31,-0.3222570902692104,-1.1524117451091023,0.27209302325581397,0.4328029375764994,"CHAC1;OPLAH;AKR1A1;GSTP1;GGT1;GSS",-1.0934654583918777,0.48191593352883677,,
"REACTOME_GLYCOSPHINGOLIPID_METABOLISM",50,-0.2843821905635036,-1.1225909408707924,0.27365728900255754,0.43465566486829577,"SMPD4;FUT1;GLA;ARSL;GAL3ST1;GLB1L2;ST3GAL2;GBA2;ARSI;NEU4;SMPD2;A4GALT;CERK;B4GALNT1;GLB1;CTSA;NEU3;NEU1;HEXB",-0.6914619360915931,0.9728592467915002,,
"REACTOME_NOTCH_HLH_TRANSCRIPTION_PATHWAY",28,-0.32282693787490946,-1.1262756870302932,0.27555555555555555,0.4370327178490444,"NCOR2;HDAC6;TBL1X;KAT2A;NOTCH1;HDAC4;HDAC1;NOTCH3;HDAC11",-1.2158582259293234,0.33057463168398193,,
"REACTOME_ACTIVATION_OF_BH3_ONLY_PROTEINS",29,-0.3247021305972203,-1.1428185964779598,0.27601809954751133,0.4371291008845594,"BID;AKT2;E2F1;AKT1",-1.0542983390282763,0.5339701053888366,,
"REACTOME_DENGUE_VIRUS_ATTACHMENT_AND_ENTRY",42,-0.2997810213884458,-1.13047111419532,0.2775,0.4388372093023256,"EMC4;UBA1;TYRO3;AGRN;AP2A1;AP2A2;SDC1;HSPG2;GPC4;FURIN;AP2M1",-1.068970387877302,0.49410647565179694,,
"REACTOME_REGULATION_OF_KIT_SIGNALING",16,0.4137794455595727,1.1481401574486199,0.2833935018050541,0.4472822834543231,"SOS1;KITLG;YES1;SOCS6;FYN",1.0001736732125468,0.5875000383509698,,
"REACTOME_FLT3_SIGNALING_IN_DISEASE",26,0.36188274730586906,1.1429947075445408,0.2836624775583483,0.4472822834543231,"SOS1;GOLGB1;PIK3CA;TRIP11;STAT5A;ZMYM2;PIM1;KRAS;NRAS",1.1767775044907431,0.4059744163802436,,
"REACTOME_RHOA_GTPASE_CYCLE",146,0.2468394755373628,1.0877729614461826,0.28699551569506726,0.451794408628941,"ARHGAP20;DOCK2;ARHGAP28;ARHGAP30;ARHGAP31;ARHGDIB;TAGAP;VAV1;TIAM1;ARHGAP9;ARHGAP24;PREX2;CAV1;ROCK1;ARHGAP42;DLC1;PGRMC2;RHOA;STOM;KTN1;ARAP2;ARHGAP29;PLD1;ARHGAP18",1.099929000636746,0.4083326605468554,,
"REACTOME_SIGNALING_BY_ALK_IN_CANCER",87,0.26827499814887323,1.0958104286045993,0.28753993610223644,0.451794408628941,"IRF4;ICOS;MCL1;IL10RA;MSN;PIK3CA;STRN;ZAP70;STAT1;EIF2AK3;STAT3;RB1;GCC2;EML4;STAT5A;PRKAR1A",0.9964845312542618,0.5990254257731461,,
"REACTOME_SIGNALING_BY_FLT3_ITD_AND_TKD_MUTANTS",15,0.41881235050627424,1.1411220566311326,0.28776978417266186,0.451794408628941,"SOS1;PIK3CA;STAT5A;PIM1;KRAS;NRAS;NOX4",1.2245255277993503,0.3483701319309063,,
"REACTOME_INACTIVATION_OF_CSF3_G_CSF_SIGNALING",25,0.35967676395503567,1.1226400116972794,0.2888086642599278,0.45250013128183586,"STAT1;JAK2;STAT3;STAT5A;HCK;UBE2D3;CUL5;UBE2D1;JAK1",0.9154523799364368,0.7083733118322919,,
"REACTOME_CO_INHIBITION_BY_PD_1",177,0.24060800757611575,1.0906644632216598,0.28905109489051095,0.45250013128183586,"CD247;CD3G;CD3E;DERL3;FOSB;CD3D;CD4;HLA-DQA1;ATF3;FOS;HLA-DPA1;PRKAA1;TUSC3;SEL1L;HLA-DRA;HLA-DQB2;HLA-DRB1;PDCD1;HLA-DQA2;PDCD1LG2;HLA-DPB1;STAT1;HLA-DRB5;STAT3;H3-3A;PRKAG2;IRF1;H2AC6;EPAS1;PRKAB2;H2BC21",1.2739092548754025,0.15600057353152033,,
"REACTOME_CYTOSOLIC_SENSORS_OF_PATHOGEN_ASSOCIATED_DNA",62,-0.25729086463976947,-1.075554182252238,0.28992628992628994,0.45321810839052223,"POLR3H;POLR3K;DDX41;POLR2E;POLR3E;NKIRAS2;POLR2F;POLR3A;POLR2H;NFKBIB;POLR2L;UBB;UBA52;STAT6;IKBKG;POLR1C",-1.1463815838519507,0.3354759137591613,,
"REACTOME_INFECTION_WITH_MYCOBACTERIUM_TUBERCULOSIS",26,-0.32639621856585,-1.10889771953452,0.29213483146067415,0.4560153466703206,"HGS;ENO1;PGK1;SFPQ;UBB;UBA52;VPS33B",-1.1662269389798925,0.3840258168616377,,
"REACTOME_DNA_DOUBLE_STRAND_BREAK_RESPONSE",58,-0.26651625010507723,-1.0919587629233567,0.2967581047381546,0.4621568226718441,"PPP5C;NSD2;HERC2;KDM4A;KPNA2;UBB;H2AX;TP53BP1;UBA52;RAD50;CHEK2;PIAS4;BAP1;KAT5;UBXN1",-1.2807251135170088,0.1941661852900705,,
"REACTOME_MITOTIC_PROPHASE",107,-0.23154618349529202,-1.0606252841819461,0.2969187675070028,0.4621568226718441,"AAAS;NUP188;PLK1;EMD;CCNB2;LMNB1;NCAPH2;NUP85;SEC13;RAE1;PPP2R1A;PPP2R2D;CCNB1;H2AX;NCAPD3;LPIN3;NUP62;GORASP2;RAB1B;PHF8;LEMD2;NUP93;NUP37;KMT5A;NUP98",-1.1986338912780714,0.2559974368216589,,
"REACTOME_INSULIN_RECEPTOR_RECYCLING",24,-0.334150139231697,-1.114495630061277,0.29777777777777775,0.46260947449725387,"ATP6AP1;TCIRG1;ATP6V1F;PTPN1;ATP6V0B;PTPRF;ATP6V1E1;ATP6V1C2;IDE;ATP6V0E2",-0.8754600616240993,0.7514810876500075,,
"REACTOME_TRIGLYCERIDE_METABOLISM",30,0.34012829562973323,1.1150826674069843,0.2980599647266314,0.46260947449725387,"PLIN1;FABP4;CAV1;GPD2;GPAT2;LPIN2;PPP1CB;PRKACB",1.1271723093591883,0.446036217303823,,
"REACTOME_TRAF6_MEDIATED_NF_KB_ACTIVATION",24,0.3584279338332079,1.1193212656188907,0.29891304347826086,0.4632726371856806,"S100B;RIGI;SAA1;IFIH1;TRAF6;TRIM4;NFKBIA;NKIRAS1;MAP3K1;NFKB1",1.1463332175463146,0.42503565735380483,,
"REACTOME_NOD1_2_SIGNALING_PATHWAY",36,0.32311904385600654,1.1206472943830024,0.30033557046979864,0.4647171010807374,"CYLD;BIRC3;TAB2;TNFAIP3;BIRC2;MAP3K7",1.0778613044935348,0.4955833428931972,,
"REACTOME_MAPK_TARGETS_NUCLEAR_EVENTS_MEDIATED_BY_MAP_KINASES",31,0.33559229236812455,1.1166993121159032,0.3006993006993007,0.4647171010807374,"FOS;CREB1;MAPK10;MEF2C;RPS6KA5;PPP2CB;RPS6KA2;VRK3;MEF2A",1.1512233453922536,0.422180993609565,,
"REACTOME_RECOGNITION_OF_DNA_DAMAGE_BY_PCNA_CONTAINING_REPLICATION_COMPLEX",30,-0.31496932505172104,-1.12131496316292,0.30114942528735633,0.4647525882448847,"POLE;POLD1;UBB;UBA52;DDB1;POLE2;RBX1;POLD2;RFC5;POLE4;PCNA;UBC;RFC2",-1.1484134012268037,0.4053298526132594,,
"REACTOME_SIGNALING_BY_FGFR2_IN_DISEASE",33,-0.30683472678382956,-1.1144022738988046,0.30660377358490565,0.47240551297654687,"HRAS;POLR2E;POLR2F;POLR2H;GTF2F1;PLCG1;POLR2L;POLR2D;POLR2G;POLR2C;POLR2I",-1.1829159502572142,0.3775889832861347,,
"REACTOME_BACTERIAL_INFECTION_PATHWAYS",99,0.2595569859462098,1.082901574120696,0.30697674418604654,0.47240551297654687,"GBP4;VAMP2;GBP2;LTF;LAMA1;GBP1;HBEGF;PDCD6IP;GBP3;STAM2;B2M;MRC1;RAB5A;EPS15;HBB;SYT2;CALM2;MET;COL4A6;LAMA4;CTNND1;ANTXR2",1.173370376065787,0.33311125916055967,,
"REACTOME_SPRY_REGULATION_OF_FGF_SIGNALING",16,-0.3723190636445666,-1.116058268181766,0.3080357142857143,0.4733656174334141,"PPP2R1A;UBB;SRC;UBA52",-1.053479288672766,0.5241815433259863,,
"REACTOME_RHOH_GTPASE_CYCLE",36,-0.29902779848724803,-1.1069110871901806,0.3103448275862069,0.4757260970956116,"SLC1A5;TUBA1B;PAK4;VCP;CSK;PAK6;ARHGDIA;LAMTOR1",-1.0567580235616238,0.5221908526256352,,
"REACTOME_TIE2_SIGNALING",16,0.4028115259948246,1.117706773115273,0.3104693140794224,0.4757260970956116,"SOS1;PIK3CA;TEK;DOK2;KRAS;NRAS;ANGPT1;PIK3CB",1.1370073938590783,0.4446215302254779,,
"REACTOME_NEGATIVE_REGULATION_OF_FGFR4_SIGNALING",24,-0.32974808034145114,-1.0998133815135676,0.3111111111111111,0.4757260970956116,"FGF19;FGFR4;PPP2R1A;UBB;SRC;UBA52",-1.0360683406643851,0.5668759958759022,,
"REACTOME_COOPERATION_OF_PDCL_PHLP1_AND_TRIC_CCT_IN_G_PROTEIN_BETA_FOLDING",32,-0.30584120810242077,-1.0997396873548428,0.3113207547169811,0.4757260970956116,"CCT7;GNB1;CCT5;CSNK2A2;CCT2;GNG5;TCP1;CCT4;CCT3;GNB2;GNG4;CCT6A",0.9569828211540953,0.6490237368020556,,
"REACTOME_ENDOGENOUS_STEROLS",16,0.39895178879345083,1.1069969146975775,0.3140794223826715,0.47799163179916315,"ARNT;CYP7B1;CYP4V2;AHR;NCOA1;NCOA2",1.0476589046773166,0.5219243892516761,,
"REACTOME_GAB1_SIGNALOSOME",16,0.40061131178528137,1.1116016987427424,0.3140794223826715,0.47799163179916315,"HBEGF;PAG1;GAB1;PIK3CA",0.9415614145470126,0.6700086914613602,,
"REACTOME_BBSOME_MEDIATED_CARGO_TARGETING_TO_CILIUM",21,-0.3429144296194596,-1.1045566567673932,0.3141592920353982,0.47799163179916315,"BBS5;CCT5;CCT2;TCP1;CCT4;CCT3",-1.033564234862325,0.5771770717531645,,
"REACTOME_MEIOTIC_SYNAPSIS",46,0.3018724250807587,1.1025814024701546,0.31466227347611203,0.47799163179916315,"SYNE1;POT1;STAG3;H2AC6;H2BC21;TERF1;STAG1;H2BC6;SYCP2;H4C5;H2BC8;H2BC4;LMNA;TINF2;H4C8;REC8;TERF2IP",0.9631938292297906,0.6607850658483571,,
"REACTOME_EPHB_MEDIATED_FORWARD_SIGNALING",42,-0.29254497226994974,-1.1031840482180553,0.315,0.47799163179916315,"EPHB1;EPHB2;EPHB3;EFNB1;HRAS;LIMK1;ACTG1;ACTB;GRIN2B;SRC",-1.1344699841437296,0.4126291836541197,,
"REACTOME_HEME_SIGNALING",44,0.3058665153955119,1.1071498873060033,0.3178036605657238,0.4815743491580884,"LY96;CHD9;CREB1;MEF2C;TBL1XR1;PGRMC2;NRIP1;BACH1;HBB;NCOA1;NCOA2;NCOR1;TLR4",0.8665467687175226,0.7715299765633588,,
"REACTOME_PHASE_I_FUNCTIONALIZATION_OF_COMPOUNDS",73,-0.24886772765783238,-1.075993578603944,0.3182957393483709,0.4816188870151771,"POR;ALDH2;AIP;CES1;SMOX;MAOB;ARNT2;AOC2;CYP2D6;FDXR;CYP2W1;CYP2S1;CYB5R3",-0.9374796769665774,0.7056809231928227,,
"REACTOME_SIGNALING_BY_TYPE_1_INSULIN_LIKE_GROWTH_FACTOR_1_RECEPTOR_IGF1R",39,0.3133002533542328,1.1094526768957838,0.31871838111298484,0.4816188870151771,"SOS1;GAB1;FGF7;PIK3CA;CILP;THEM4;KLB;IGF1;FGF9;FRS2;KRAS;NRAS;FGF1;PIK3C3;FGF10;FGFR2;PIK3CB;PIK3R4",0.9882211882144109,0.611370843822539,,
"REACTOME_POST_TRANSLATIONAL_MODIFICATION_SYNTHESIS_OF_GPI_ANCHORED_PROTEINS",68,0.2747149106486206,1.076711912103931,0.32,0.48274949133429756,"CPM;VNN1;CD52;CNTN3;NEGR1;PIGM;PGAP1;LSAMP;CNTN4;CEACAM7;FOLR2;PIGC",1.185565540654662,0.32166956521739126,,
"REACTOME_ESTROGEN_DEPENDENT_NUCLEAR_EVENTS_DOWNSTREAM_OF_ESR_MEMBRANE_SIGNALING",23,0.35367800116434134,1.1020397202503298,0.32035398230088497,0.48274949133429756,"BCL2;FOS;CREB1;HBEGF;UHMK1",0.92301123595254,0.6944867302968064,,
"REACTOME_IRON_UPTAKE_AND_TRANSPORT",51,-0.27177017784364216,-1.0780238672813403,0.32216494845360827,0.48480300187617265,"STEAP3;ATP6AP1;FTH1;HMOX2;MCOLN1;TCIRG1;SLC11A2;UBB;ATP6V1F;UBA52;ATP6V0B;SLC22A17;TFRC;ATP6V1E1;FTL",-0.7507664224006714,0.9346879121662567,,
"REACTOME_SIGNALING_BY_ACTIVIN",16,-0.3661797798339286,-1.0976552393642085,0.3236607142857143,0.48480300187617265,"INHBB;FSTL3",-1.0038648120407647,0.5875000383509698,,
"REACTOME_NUCLEAR_EVENTS_STIMULATED_BY_ALK_SIGNALING_IN_CANCER",34,0.32058428632203656,1.0956723541619735,0.32413793103448274,0.48480300187617265,"IRF4;ICOS;IL10RA;ZAP70;STAT3;RB1;STAT5A",1.080435789754976,0.49410647565179694,,
"REACTOME_NEUROTRANSMITTER_RECEPTORS_AND_POSTSYNAPTIC_SIGNAL_TRANSMISSION",137,0.2442990342995239,1.0720377980130704,0.3243647234678625,0.48480300187617265,"CAMK4;AKAP5;PRKCB;GNG2;PRKAR2B;GNGT2;PRKAA1;CREB1;KCNJ10;GRIN3A;PLCB2;GNB4;GNG7;GRIN1;GNG12;PRKAG2;PRKAR1A;NRG1;MYO6;PRKAB2;GNG11;DLG1;PRKACB;CAMK2D;PLCB1;KRAS;APBA1;DLG2;NRAS;PRKAB1;RPS6KA2",1.0448193477918437,0.5330886730759845,,
"REACTOME_RAB_GERANYLGERANYLATION",63,0.27719376194997974,1.0677048204985236,0.3243697478991597,0.48480300187617265,"RAB27A;RAB39B;RAB8B;RAB27B;RAB5A;RAB12;RAB14;RAB4A;RAB3C;RAB23;RAB5B;RAB13;RAB33A;RAB40A;PTP4A2;RAB42;RAB31;RAB10;RAB33B;RAB37;RAB18;RAB21;RAB30;RAB29;RAB38;RAB26",1.057500796715239,0.4938851802403205,,
"REACTOME_SENSORY_PROCESSING_OF_SOUND_BY_OUTER_HAIR_CELLS_OF_THE_COCHLEA",40,-0.28932508611299945,-1.0941169375579698,0.32439024390243903,0.48480300187617265,"CHRNA10;KCNMB1;ACTG1;ACTB;EPS8L2;CASK;USH1C;CDH23;MYH9;FSCN2;MYO7A;CIB2;TRIOBP;EPB41L1;ESPNL;ESPN",-0.7530356653023305,0.9219653984380078,,
"REACTOME_IRS_MEDIATED_SIGNALLING",34,0.3198142917439313,1.0930407162181315,0.3258620689655172,0.4863346104725415,"SOS1;GAB1;FGF7;PIK3CA;THEM4;KLB;FGF9;FRS2;KRAS;NRAS;FGF1;PIK3C3;FGF10;FGFR2;PIK3CB;PIK3R4",-0.9954313112124391,0.5990254257731461,,
"REACTOME_RHOU_GTPASE_CYCLE",38,0.3103447490328657,1.093531142070548,0.327212020033389,0.48768038054291407,"ARHGEF6;ARHGAP30;ARHGAP31;ITSN2;NCK1;STAM2;GIT2;MYO6;CDC42;PTK2B;PEAK1",1.15673211320719,0.422180993609565,,
"REACTOME_DRUG_ADME",69,-0.25011636296230577,-1.0650422559936714,0.3308270676691729,0.49230266761472846,"AKR1C1;CES1;ABCC1;CYP2D6;NME2;GSTP1;NME1;GGT1;SLC29A2;ADK;VAV2;IMPDH1;ADA;BSG;PNP",-1.00741678721195,0.5875000383509698,,
"REACTOME_NOTCH1_INTRACELLULAR_DOMAIN_REGULATES_TRANSCRIPTION",47,-0.2791572645361671,-1.0804724030861828,0.33164556962025316,0.49230266761472846,"NCOR2;HDAC6;TBL1X;KAT2A;HEY2;NOTCH1;TLE3;HDAC4;UBB;HDAC1;UBA52;HDAC11;HDAC3;TLE2",-1.2429555607470637,0.25963488843813387,,
"REACTOME_NEUREXINS_AND_NEUROLIGINS",44,-0.28363119130395736,-1.0845678432841714,0.3316708229426434,0.49230266761472846,"EPB41L5;SHARPIN;GRIN2B;APBA3;HOMER1;CASK;HOMER3;GRIN2D;LIN7B;DLG3;DLGAP1;NRXN3;HOMER2;NRXN2;SYT12;EPB41L1",-1.1528649457075655,0.3786826347305389,,
"REACTOME_RAF_INDEPENDENT_MAPK1_3_ACTIVATION",23,0.35093520939875955,1.093493343432728,0.3327433628318584,0.4932217694292397,"IL6ST;IL6R;DUSP1;DUSP5;JAK2;PEA15;DUSP2;JAK1;DUSP10",1.4199814099603192,0.15852201532768015,,
"REACTOME_ESTROGEN_DEPENDENT_GENE_EXPRESSION",113,-0.22493715970032452,-1.0418718730026433,0.3352272727272727,0.4962275819418676,"CARM1;PRMT1;CCND1;POLR2E;AXIN1;KPNA2;POLR2F;POLR2H;GTF2F1;FKBP4;TLE3;SMC1A;POLR2L;USF2;POLR2D;HDAC1;H2AX;CXXC5;POLR2G;AGO2;AGO1;KDM1A;POLR2C;POLR2I",-1.2165641105180005,0.23794120638795646,,
"REACTOME_REGULATION_OF_FZD_BY_UBIQUITINATION",17,-0.352018026504387,-1.079757332733397,0.3430493273542601,0.5056295319709954,"ZNRF3;LRP5;UBB;UBA52;LRP6;RNF43",-1.082193222435002,0.4894110873202944,,
"REACTOME_PHASE_II_CONJUGATION_OF_COMPOUNDS",70,-0.24739505645923457,-1.0536375614179125,0.3435114503816794,0.5056295319709954,"COMT;CHAC1;AHCY;OPLAH;TRMT112;TPST2;AKR1A1;GSTP1;GGT1;GSS;MAT1A;SULT2B1",-1.0416889327311494,0.5156156156156156,,
"REACTOME_METABOLIC_DISORDERS_OF_BIOLOGICAL_OXIDATION_ENZYMES",25,-0.31829899017094593,-1.0766029251417928,0.34375,0.5056295319709954,"AHCY;OPLAH;FDXR;GGT1;GSS;MAT1A",-0.9881277046303882,0.6265778583862326,,
"REACTOME_N_GLYCAN_TRIMMING_IN_THE_ER_AND_CALNEXIN_CALRETICULIN_CYCLE",35,-0.294641235294981,-1.081584924110258,0.3439024390243902,0.5056295319709954,"VCP;EDEM2;CALR;PRKCSH;MOGS;UBB;SYVN1;ENGASE;UBA52;PDIA3;GANAB",-1.195888556138885,0.36416555096338554,,
"REACTOME_RHOBTB_GTPASE_CYCLE",35,-0.29421633818875026,-1.080025188915905,0.3439024390243902,0.5056295319709954,"CCT7;CCT2;GPS1;CDC37;ACTG1;ACTN1",-1.160435569437966,0.4091435331896734,,
"REACTOME_O_LINKED_GLYCOSYLATION",106,0.2517676675827986,1.0614878257055782,0.3446153846153846,0.5059939790304163,"MMRN1;GALNT12;MUC4;THSD7A;GALNT7;MUC5AC;SLC35A1;ADAMTS1;B3GNT7;ST3GAL4;SPON1;GALNT5;GALNT3;GALNT4;B3GNT5;MUC1;ADAMTS3;MUC13;B3GNT6;GCNT1;GCNT3;GCNT4;ADAMTSL3;GALNT1;ADAMTS6",1.2387491033464417,0.2117319988879622,,
"REACTOME_PKA_MEDIATED_PHOSPHORYLATION_OF_CREB",18,0.3796977960366905,1.0894661420949654,0.34545454545454546,0.5065425140896839,"PRKAR2B;CREB1;PRKAR1A;PRKACB",1.0612998028506981,0.5366838847782587,,
"REACTOME_NUCLEAR_RNA_DECAY",35,-0.2927928255036287,-1.07479968184129,0.3463414634146341,0.5071595049732461,"SRRT;EXOSC5;EXOSC3;ZC3H3;TENT4A;EXOSC4;DXO;ZC3H4;PABPN1;EXOSC1;EXOSC6;EXOSC10;EXOSC7;EXOSC2;EXOSC8;EXOSC9;ZC3H18",-1.6177390670985112,0.03660910577049555,,
"REACTOME_MTOR_SIGNALLING",40,-0.28684451640822534,-1.0847363706487922,0.348780487804878,0.5100445843168109,"AKT2;MLST8;RPTOR;AKT1;MTOR;CAB39L;LAMTOR1;EIF4EBP1;AKT1S1;EIF4G1;LAMTOR5;STK11;RRAGA;PRKAG1;TSC2;RPS6;PRKAA2;EIF4B",-1.235642372608818,0.27669507859682185,,
"REACTOME_REGULATION_OF_MECP2_EXPRESSION_AND_ACTIVITY",28,-0.30459732546672746,-1.0626763809300173,0.3511111111111111,0.5127636092468307,"NCOR2;HTT;TBL1X;MECP2;HDAC1;AURKB;AGO2;AGO1;CAMK2G;HDAC3",-1.2825341374564145,0.2490756956606344,,
"REACTOME_CRMPS_IN_SEMA3A_SIGNALING",15,-0.3716870513882755,-1.08325893365755,0.35201793721973096,0.5133988146046479,"PLXNA1;PLXNA3;CDK5R1;CDK5",0.7668286187961962,0.8569209948306081,,
"REACTOME_HS_GAG_DEGRADATION",19,-0.3371271256644588,-1.0659951324298325,0.3528138528138528,0.5138707789310198,"AGRN;SGSH;SDC1;HSPG2;GPC4;IDUA",-0.8138399860097311,0.8402063447935008,,
"REACTOME_REGULATION_OF_MITF_M_DEPENDENT_GENES_INVOLVED_IN_PIGMENTATION",39,0.3010918841325761,1.066220640635076,0.35581787521079256,0.5172940419360107,"IRF4;TYRP1;RAB27A;CREB1;SYTL2;DPF3;SMARCA2;MLANA;MLPH",1.2829078559935467,0.26842735966540565,,
"REACTOME_IL_6_TYPE_CYTOKINE_RECEPTOR_LIGAND_INTERACTIONS",15,0.39247385487817127,1.069358560966836,0.35611510791366907,0.5172940419360107,"IL6ST;LIFR;OSMR;JAK2",1.5026686801968931,0.13546449193033788,,
"REACTOME_PRE_NOTCH_EXPRESSION_AND_PROCESSING",74,0.26040139255755373,1.0391093621939935,0.357495881383855,0.5186073585941791,"KAT2B;SEL1L;ST3GAL4;MFNG;ELF3;MAMLD1;MAML2;H3-3A;H2AC6;PRKCI;H2BC21;RBPJ;ATP2A3;H3C8;SNW1;H2BC6;H4C5;POGLUT1;H3C6;H2BC8;H2BC4;TNRC6A;H3-3B;AGO4;H4C8",0.7563046983272315,0.9346879121662567,,
"REACTOME_PLATELET_AGGREGATION_PLUG_FORMATION",30,0.3279884417802496,1.0752831541458188,0.35802469135802467,0.5186829083855271,"RASGRP1;APBB1IP;RAP1A;SOS1;RASGRP2;RAP1B;GP1BA;RAPGEF3",1.1061745802827987,0.4723704866562009,,
"REACTOME_SEMA4D_INDUCED_CELL_MIGRATION_AND_GROWTH_CONE_COLLAPSE",20,-0.3370742766437243,-1.0770104759347952,0.358695652173913,0.518923261009631,"ERBB2;LIMK1;MYH11;MYL9;MYH9;MYH14;RHOB;PLXNB1",-0.5910342343944744,0.9855753021224738,,
"REACTOME_HSP90_CHAPERONE_CYCLE_FOR_STEROID_HORMONE_RECEPTORS_SHR_IN_THE_PRESENCE_OF_LIGAND",48,-0.27289143647326913,-1.062119880003353,0.3594936708860759,0.518923261009631,"TUBA1B;TUBB4B;TUBA1C;TUBA4A;ACTR1A;TUBB6;FKBP4;STIP1;TUBAL3;DYNC1H1;DYNC1I1;DCTN2;DCTN3;DYNLL1;DNAJA4;HSP90AB1;DCTN1",-0.8849863590286415,0.7750186784476237,,
"REACTOME_CARGO_RECOGNITION_FOR_CLATHRIN_MEDIATED_ENDOCYTOSIS",92,0.25678520882891986,1.0571205925925735,0.35962145110410093,0.518923261009631,"CD3G;IL7R;CD3D;CD4;VAMP2;FCHO2;ITSN2;ADRB2;VAMP4;HBEGF;STAM2;EPS15;SYT2;FZD4",1.1721496261103468,0.3238581848867722,,
"REACTOME_REGULATION_OF_ENDOGENOUS_RETROELEMENTS_BY_THE_HUMAN_SILENCING_HUB_HUSH_COMPLEX",36,0.30752196600051745,1.0665532277181353,0.36073825503355705,0.5190350546551075,"H3-3A;H2AC6;TASOR;H2BC21;MPHOSPH8;RBM7;H3C8;ATF7IP;H2BC6;H4C5;H3C6;H2BC8;H2BC4;H3-3B;H4C8;SETDB1",0.8527250145276454,0.7750186784476237,,
"REACTOME_REGULATION_OF_EXPRESSION_AND_FUNCTION_OF_TYPE_II_CLASSICAL_CADHERINS",27,-0.30280889720072063,-1.0434559079109844,0.3614190687361419,0.5190350546551075,"CDH24;ILF3;SNAI1;CTNNA1;AGO2;AGO1",-1.098561469584832,0.45885847707296795,,
"REACTOME_INTERLEUKIN_12_SIGNALING",40,0.2987498175525055,1.0618522984598167,0.3614864864864865,0.5190350546551075,"STAT4;LCP1;IL12RB1;CA1;PDCD4;MSN;RAP1B;JAK2;SOD2;RALA;CDC42;CAPZA1;JAK1",1.1000087004828538,0.460090372179433,,
"REACTOME_SUMOYLATION_OF_DNA_METHYLATION_PROTEINS",16,-0.3574517884100006,-1.071492337851882,0.36160714285714285,0.5190350546551075,"DNMT3B;DNMT1;PCGF2;PHC2;CBX2;CBX8;SCMH1;DNMT3A",-1.3924195294335446,0.19275156914355132,,
"REACTOME_SIGNALING_BY_PTK6",49,-0.2701446265676559,-1.0595137078921297,0.36455696202531646,0.5219562179785748,"CDK4;ERBB2;CCND1;CCNE1;HRAS;AKT1;SFPQ;BCAR1;UBB;KHDRBS3;UBA52;PTPN1;ARHGAP35;ELMO2;ARAP1",-0.9364626866946077,0.7159092176434506,,
"REACTOME_ADRENALINE_NORADRENALINE_INHIBITS_INSULIN_SECRETION",23,0.3444471150621167,1.0732768254582634,0.36460176991150445,0.5219562179785748,"GNG2;GNGT2;GNB4;GNG7;GNG12;GNG11",1.332338516011109,0.23550233325057138,,
"REACTOME_SIGNALING_BY_CTNNB1_PHOSPHO_SITE_MUTANTS",15,-0.36431890929255234,-1.0617849390165246,0.3654708520179372,0.5225128607037001,"AMER1;AXIN1;PPP2R5D;PPP2R1A",-0.9315205174760509,0.6730758677116958,,
"REACTOME_TRANSCRIPTIONAL_REGULATION_BY_NPAS4",30,0.3251850797764249,1.0660925621806763,0.36860670194003525,0.5263045822975831,"NR3C1;FOS;ARNT;IQSEC3;GEM",1.1143096077572687,0.4571428571428571,,
"REACTOME_PROCESSING_OF_INTRONLESS_PRE_MRNAS",20,-0.33292224739420756,-1.0637440260512767,0.3717391304347826,0.5300814861245655,"CSTF2;CPSF1;PABPN1;CPSF6;SYMPK;CSTF1;CLP1;CPSF4;CPSF7;FIP1L1",-1.2374044543594291,0.30035637203232446,,
"REACTOME_GPER1_SIGNALING",37,0.3033854694856809,1.058977097275755,0.37353433835845895,0.5311976264359453,"GNG2;PRKAR2B;GNGT2;GNB4;GNG7;GNG12;PRKAR1A;GNG11;PRKACB",1.1935534524880407,0.37200947170735693,,
"REACTOME_INSULIN_RECEPTOR_SIGNALLING_CASCADE",39,0.29787074168202965,1.0548139945307053,0.37436762225969644,0.5311976264359453,"SOS1;GAB1;FGF7;PIK3CA;THEM4;KLB;FGF9;FRS2;KRAS;NRAS;FGF1;PIK3C3;FGF10;INSR;FGFR2;PIK3CB;PIK3R4",-1.1021454937611348,0.4745369918302249,,
"REACTOME_MITF_M_DEPENDENT_GENE_EXPRESSION",101,-0.22912359269346205,-1.03777736727738,0.37464788732394366,0.5311976264359453,"SMARCB1;SMARCA4;AKT2;BCL7A;PLK1;MCM2;MCM5;CCND1;TERT;ACTB;LIG1;SMARCD2;HDAC1;CDKN2A;CCNB1;ATP6V1F;AGO2;TCF7;SS18L1;AGO1;DPF2;ATP6V0B;ATP6V1E1;SMARCD1;CDC25B;CDH2;TBX2;ARID1A;SMARCC2",0.8795537204649114,0.7976513996951953,,
"REACTOME_TIGHT_JUNCTION_INTERACTIONS",23,0.3416198203453579,1.0644671424458494,0.3752212389380531,0.5311976264359453,"CLDN8;CLDN16;PALS1;PRKCI;CLDN12;CLDN11",0.9148028106867616,0.7005026139485755,,
"REACTOME_SIGNALING_BY_FGFR3",33,0.3153658520565002,1.0706199571099015,0.3754325259515571,0.5311976264359453,"SOS1;GAB1;PIK3CA;GALNT3;PPP2CB;FGF9;FRS2;BRAF;KRAS;NRAS;FGF1",0.7484968230469691,0.9031750106974754,,
"REACTOME_PYROPTOSIS",25,0.33647302236155585,1.0502154034254443,0.37545126353790614,0.5311976264359453,"IRF2;IL18;CHMP2B;IRF1;CASP3;CHMP3;CHMP4A",0.8279333575522965,0.8215176558978212,,
"REACTOME_CHAPERONE_MEDIATED_AUTOPHAGY",20,-0.33085636946650804,-1.0571431896057042,0.3782608695652174,0.5338659137082057,"HDAC6;UBB;UBA52;PLIN2;PLIN3;HSP90AB1;PARK7;EEF1A1;LAMP2;HSPA8;UBC;PCNT",-1.0263440399840271,0.5739176777042423,,
"REACTOME_BRANCHED_CHAIN_AMINO_ACID_CATABOLISM",21,-0.33083390889612835,-1.0656442680499523,0.37831858407079644,0.5338659137082057,"HSD17B10;IVD;MCCC2;BCKDHA;BCKDK",-1.1012954427371187,0.47347156767235193,,
"REACTOME_MUSCLE_CONTRACTION",146,-0.20912466969025406,-1.019852560195328,0.3813813813813814,0.5374908587343821,"ACTG2;SCN5A;DES;ALDH2;KCNJ11;DMD;ORAI1;CES1;TCAP;DMPK;ACTC1;ACTA1;CACNA1C;KCNIP3;MME;MYH11;CACNA1H;KCNH2;MYL9;ACTA2;KCNQ1;CAMK2G;MYL6B;TPM2;MYL5;LMOD1;RYR3;KCNJ14;CACNG8;ITPR3;STIM1;RANGRF",0.878546062857502,0.8307895585908092,,
"REACTOME_INTERLEUKIN_37_SIGNALING",18,0.3650545480283871,1.0474502992803167,0.38545454545454544,0.5425285193461131,"STAT3;PTPN7;PTPN2;IL18BP;PTPN12;PTPN18;TBK1;IL18R1",1.1155888945921508,0.47828404008949155,,
"REACTOME_DEVELOPMENTAL_LINEAGE_OF_PANCREATIC_DUCTAL_CELLS",43,0.28864318397337374,1.0394748183461195,0.38778877887788776,0.5445508462317373,"CA2;SLC4A4;TFPI2;LAMA1;CD74",1.3772005592234042,0.16241230034333484,,
"REACTOME_P75NTR_SIGNALS_VIA_NF_KB",15,-0.35716746155539636,-1.0409424866875445,0.38789237668161436,0.5445508462317373,"IRAK1;UBB;UBA52;RELA;SQSTM1",0.7561224108477326,0.8637396079123206,,
"REACTOME_TOLL_LIKE_RECEPTOR_9_TLR9_CASCADE",106,0.24381907104602615,1.0279754270078594,0.3923076923076923,0.5500396510705788,"TASL;TLR7;FOS;TAB2;LY96;CREB1;MAPK10;MEF2C;S100B;SAA1;MAP3K7;RPS6KA5;MAP3K8;ALPK1;PPP2CB;PELI2;TRAF6;N4BP1;NFKBIA;RPS6KA2;RBSN;PIK3C3;NLRC5;VRK3;TLR4;MEF2A;NKIRAS1;MAP3K1",1.1651849242964678,0.3472329398763421,,
"REACTOME_SARS_COV_2_ACTIVATES_MODULATES_INNATE_AND_ADAPTIVE_IMMUNE_RESPONSES",107,0.24629580334560727,1.0357992340329394,0.3937984496124031,0.5514191932796584,"TLR7;TAB2;TLR8;TLR1;HLA-E;RIGI;NLRP3;HLA-C;IFNAR1;B2M;STAT2;STAT1;MAP3K7;HLA-B;HLA-F;IFIH1;NUP133;IFNAR2;TRAF6;TRIM4;ATG14;NUP153;SEC24A;TPR;SIKE1;PIK3C3;SEC23A;JAK1;STING1",1.1323597449370368,0.3968014497678106,,
"REACTOME_NEGATIVE_REGULATION_OF_NMDA_RECEPTOR_MEDIATED_NEURONAL_TRANSMISSION",15,0.3842977630264359,1.0470814749693027,0.39568345323741005,0.5533465258641416,"CAMK4;GRIN1;DLG1;CAMK2D;DLG2",0.7897499014120621,0.8387978142076502,,
"REACTOME_DISEASES_ASSOCIATED_WITH_GLYCOSYLATION_PRECURSOR_BIOSYNTHESIS",16,-0.34885351573752793,-1.0457182794024995,0.39955357142857145,0.5580414450761049,"GALE;DOLK;GALT;GALK1",-1.0515617098574994,0.5364014985395832,,
"REACTOME_ION_TRANSPORT_BY_P_TYPE_ATPASES",41,0.2879988506227187,1.0311217260878576,0.40298507462686567,0.5621125143513203,"ATP13A4;ATP8A1;ATP8B4;ATP10D;ATP11B;ATP8B2;CAMK2D;ATP2A3;SRI",1.1797574441538852,0.36800270590224926,,
"REACTOME_LDL_CLEARANCE",17,-0.3326854054902276,-1.0204577010972478,0.40582959641255606,0.5646324819652954,"AP2A1;LSR;AP2A2;PCSK9;CLTA;AP2M1",-1.1722975555822077,0.36964217217381773,,
"REACTOME_SEMA3A_PAK_DEPENDENT_AXON_REPULSION",15,-0.3549270566070387,-1.0344129649669083,0.40582959641255606,0.5646324819652954,"PLXNA1;PLXNA3;LIMK1",-0.9395385005945479,0.6624989851424861,,
"REACTOME_EVASION_BY_RSV_OF_HOST_INTERFERON_RESPONSES",21,0.3476837368306033,1.0466194098869306,0.4072727272727273,0.5659166376407756,"RIGI;IFNAR1;STAT2;IFIH1;IFNAR2;CUL5;JAK1;EIF2AK2",0.9891952162501314,0.6200564912995912,,
"REACTOME_MECHANICAL_LOAD_ACTIVATES_SIGNALING_BY_PIEZO1_AND_INTEGRINS_IN_OSTEOCYTES",16,-0.34652234949474514,-1.0387304090144076,0.40848214285714285,0.5668731778425656,"AKT1;PIEZO1;CACNA1H;HSPG2;SPP1;ITGA5;CACNB1;GJA1",0.6683878125991088,0.944149986489576,,
"REACTOME_CHROMATIN_MODIFICATIONS_DURING_THE_MATERNAL_TO_ZYGOTIC_TRANSITION_MZT",34,0.3034383982308075,1.0370722406484767,0.4103448275862069,0.5687327037118383,"KDM5B;H3-3A;H2AC6;H2BC21;H3C8;H2BC6;METTL23;H4C5;H3C6;H2BC8;H2BC4;H3-3B;H4C8",0.8196233073278377,0.8111651058260655,,
"REACTOME_SIGNALING_BY_NTRK3_TRKC",17,-0.33193526200428,-1.0181567594733276,0.4125560538116592,0.5710699574390397,"HRAS;BAX;PLCG1;SRC;PTPRO;NELFB",-0.7709326391527505,0.8689395973154362,,
"REACTOME_LISTERIA_MONOCYTOGENES_ENTRY_INTO_HOST_CELLS",18,-0.3284980811874467,-1.0190869219452499,0.413716814159292,0.5719490391427061,"HGS;SH3GL1;UBB;SRC;UBA52",-1.0442266836666505,0.5225338705456386,,
"REACTOME_CARDIOGENESIS",20,-0.3236824211507849,-1.0342211868744926,0.4152173913043478,0.5732950783491503,"SRF;KAT2A;WDR5;HEY2;LDB1;HAND2;MESP1",0.6871760762702412,0.9222668698905362,,
"REACTOME_ESR_MEDIATED_SIGNALING",176,-0.20120766011663846,-1.008188243161751,0.4179566563467492,0.5763458074844907,"CARM1;PRMT1;PPP5C;AKT2;PRKCZ;ELK1;GNB1;CCND1;HRAS;POLR2E;SRF;AXIN1;KPNA2;AKT1;POLR2F;POLR2H;GNG5;GTF2F1;FKBP4;TLE3;SMC1A;POLR2L;USF2;POLR2D;SRC;HDAC1;H2AX;CXXC5;POLR2G;AGO2;AGO1;SPHK1;KDM1A;GNB2;POLR2C;POLR2I;GNG4",-1.0309025091472972,0.4938851802403205,,
"REACTOME_DOWNSTREAM_SIGNALING_OF_ACTIVATED_FGFR4",20,0.35077810078132554,1.0367404296483345,0.42066420664206644,0.5793451352235042,"SOS1;GAB1;PIK3CA;KLB;FGF9;FRS2;KRAS;NRAS;FGF1",-0.863754879792617,0.7750186784476237,,
"REACTOME_RHO_GTPASES_ACTIVATE_PKNS",58,0.2677931344533977,1.0171739015683268,0.4226289517470882,0.5813151700389785,"KLK3;AR;RHOA;H3-3A;H2AC6;PPP1CB;H2BC21;YWHAZ;NCOA2;PPP1R12A;PPP1R12B;PKN2;RAC1;H3C8;H2BC6;H4C5;H3C6;H2BC8;H2BC4;H3-3B;H4C8",0.9435869556008603,0.6706398426864316,,
"REACTOME_PLASMA_LIPOPROTEIN_REMODELING",19,-0.32041703350752265,-1.01315786261169,0.42424242424242425,0.5827976737067646,"P4HB;PCSK6;LMF2;FURIN;LCAT;PLTP;LMF1;ANGPTL4",-1.0386421207790877,0.5446074467675485,,
"REACTOME_SENSORY_PERCEPTION",146,-0.2060436716442357,-1.0048272465876955,0.4264264264264264,0.5850592080100276,"STRA6;AGRN;AKR1C1;GNB1;OR51E1;CHRNA10;KCNMB1;ACTG1;GUCA1B;LRP8;CABP1;OR51E2;LDB1;ACTB;CTBP2;EPS8L2;GNAL;RBP2;CASK;USH1C;SDC1;HSPG2;GPC4;CDH23;MYH9;FSCN2;RDH16;MYO7A;GRK1;CIB2;SCNN1D;FNTB;TRIOBP;DNAJC5;NMT1;ITPR3;METAP1;EPB41L1;ESPNL;LRP1;ESPN;RAB3A;AKR1C4;AKR1C3",0.7270346738348499,0.9897226469506649,,
"REACTOME_ACTIVATION_OF_NMDA_RECEPTORS_AND_POSTSYNAPTIC_EVENTS",71,0.25367152842390794,1.0065688789744787,0.429042904290429,0.587907657264467,"CAMK4;PRKAR2B;PRKAA1;CREB1;GRIN3A;GRIN1;PRKAG2;PRKAR1A;NRG1;PRKAB2;DLG1;PRKACB;CAMK2D;KRAS;APBA1;DLG2;NRAS;PRKAB1;RPS6KA2",-0.8980105174872063,0.7812586755504303,,
"REACTOME_ACTIVATION_OF_IRF3_IRF7_MEDIATED_BY_TBK1_IKK_IKBKE",17,0.3595449239248423,1.016704737211599,0.4316546762589928,0.5900003615198293,"LY96;TANK;OPTN",0.9600379729245015,0.6450660695701537,,
"REACTOME_ANCHORING_FIBRIL_FORMATION",15,0.3749551020247203,1.0216258824496511,0.4316546762589928,0.5900003615198293,"TLL1;COL4A6;TLL2;COL4A4;LAMC2;COL4A5;LAMA3",1.4985180563406921,0.13880984782877645,,
"REACTOME_REGULATION_OF_ENDOGENOUS_RETROELEMENTS",103,-0.22169436631292577,-1.0080622774372408,0.43304843304843305,0.5906057412906729,"SMARCB1;MTA1;SMARCA4;BCL7A;TRIM28;MORC2;MTA2;EHMT1;GATAD2A;ACTB;SMARCD2;HDAC1;H2AX;RBBP7;SS18L1;DPF2;MBD3;ZNF778;SMARCD1;H2AJ;H2AC20;ARID1A;SMARCC2;EHMT2",-1.1037202292274289,0.4091435331896734,,
"REACTOME_NR1H3_NR1H2_REGULATE_GENE_EXPRESSION_LINKED_TO_CHOLESTEROL_TRANSPORT_AND_EFFLUX",33,-0.2783310667282206,-1.0108789735430799,0.4339622641509434,0.5906057412906729,"NCOR2;KDM4A;TBL1X;AGO2;AGO1;EEPD1;KDM1A;HDAC3;GPS2;PLTP;RXRA;EP300;NR1H3;NR1H2",-0.820302738154178,0.8402063447935008,,
"REACTOME_TELOMERE_C_STRAND_LAGGING_STRAND_SYNTHESIS",33,-0.27835793713025503,-1.0109765649644995,0.4339622641509434,0.5906057412906729,"POLD1;FEN1;LIG1;DSCC1;CHTF18;POLA1;DNA2;BLM;POLD2;RFC5;ACD",-1.2702970739476664,0.27365905803936363,,
"REACTOME_BETA_CATENIN_PHOSPHORYLATION_CASCADE",17,-0.32874593740612235,-1.0083740314252094,0.4349775784753363,0.5906057412906729,"AMER1;AXIN1;PPP2R5D;PPP2R1A",-0.8685165679989644,0.7678967533776971,,
"REACTOME_CARGO_CONCENTRATION_IN_THE_ER",31,0.3055605226277478,1.0167671701288208,0.4353146853146853,0.5906057412906729,"MIA3;CD59;F5;MCFD2;SEC24A;SEC23A;F8;SEC22B;SEC24D;TMED10;CNIH3;MIA2;SAR1B;LMAN1;GOSR2",1.0529730138715707,0.5407800130728448,,
"REACTOME_NEF_MEDIATES_DOWN_MODULATION_OF_CELL_SURFACE_RECEPTORS_BY_RECRUITING_THEM_TO_CLATHRIN_ADAPTERS",21,-0.3154820813695182,-1.0161947208061115,0.4358407079646018,0.5906057412906729,"AP1M1;AP1B1;AP2A1;ARF1;AP2A2",-1.1110337779976016,0.45945945945945943,,
"REACTOME_NEURONAL_SYSTEM",273,-0.18961198477947316,-1.0073402513541048,0.4358974358974359,0.5906057412906729,"COMT;KCNG1;TUBA1B;SYN2;ALDH2;TUBB4B;KCNJ11;GNB1;AP2A1;TUBA1C;HRAS;TUBA4A;KPNA2;PICK1;KCNF1;KCNMB1;PANX2;PLCB3;LRFN4;EPB41L5;AP2A2;TUBB6;RASGRF1;GNG5;LRFN3;PTPRD;SHARPIN;GRIN2B;APBA3;SRC;HOMER1;HCN1;KCNH2;GNAL;CASK;HOMER3;TUBAL3;PPFIA4;GRIN2D;LIN7B;GNB2;SLC1A7;DLG3;KCNMB4;KCNQ1;CAMK2G;PTPRF;GNG4;GIT1;DLGAP1;HCN2;MDM2;AP2M1;CAMKK2;KCNJ14;NRXN3;DNAJC5;HOMER2;SLC6A1;NRXN2;ADCY5;GRIP1;CACNG8",1.0329349947006303,0.5367781741058517,,
"REACTOME_RAS_ACTIVATION_UPON_CA2_INFLUX_THROUGH_NMDA_RECEPTOR",16,-0.3370360596223929,-1.0102944429836305,0.43973214285714285,0.5950604122245914,"HRAS;RASGRF1;GRIN2B;GRIN2D;DLG3;CAMK2G",-1.0767667738463718,0.49410647565179694,,
"REACTOME_MEIOSIS",73,0.2518894264972745,1.002924568099866,0.4427860696517413,0.5980462983321293,"SYNE1;POT1;STAG3;ATM;H3-3A;H2AC6;H2BC21;MLH3;NBN;TERF1;H3C8;STAG1;H2BC6;MRE11;SYCP2;H4C5;H3C6;H2BC8;H2BC4;MLH1;LMNA;DMC1;TINF2;H3-3B;H4C8;REC8;TERF2IP",0.7844022137635371,0.9183784895994505,,
"REACTOME_DEPOSITION_OF_NEW_CENPA_CONTAINING_NUCLEOSOMES_AT_THE_CENTROMERE",48,-0.26257457091991765,-1.0219656408482165,0.4430379746835443,0.5980462983321293,"OIP5;CENPM;CENPP;CENPO;CENPX;H2AX;RBBP7;RUVBL1;CENPI;CENPN;H2AJ;H2AC20;HJURP;MIS18A;CENPT;CENPA;KNL1",-1.289381298541511,0.20087050037617063,,
"REACTOME_SYNTHESIS_OF_SUBSTRATES_IN_N_GLYCAN_BIOSYTHESIS",60,0.2627893196317139,1.0063414595310305,0.44810543657331137,0.6041371932983429,"ST8SIA1;ST8SIA4;UAP1;ST3GAL5;SLC35A1;ST3GAL4;ST6GALNAC1;NUS1;NPL;SLC17A5;FPGT",1.1046482846154277,0.43749048271661334,,
"REACTOME_CLASS_I_PEROXISOMAL_MEMBRANE_PROTEIN_IMPORT",19,-0.3146480789867459,-0.9949164427727006,0.45021645021645024,0.6051573473435908,"PEX14;PEX16;ABCD1",-1.0321960340859846,0.5505050505050505,,
"REACTOME_SIGNALING_BY_VEGF",102,0.23900611094905458,1.0031039557919998,0.450229709035222,0.6051573473435908,"PRKCB;NCKAP1L;CYBB;VAV1;RICTOR;NCK1;NCF1;ITPR1;CAV1;ROCK1;ITGAV;PIK3CA;RHOA;THEM4;NCF4;BRK1;ELMO1;ABI1;PRKACB;SH2D2A;KRAS;CTNND1;FYN;NRAS;CDC42;PTK2B",1.1002128091158057,0.4375713544369486,,
"REACTOME_BUTYRATE_RESPONSE_FACTOR_1_BRF1_BINDS_AND_DESTABILIZES_MRNA",17,-0.3262253560161975,-1.0006425630525555,0.45067264573991034,0.6051573473435908,"AKT1;EXOSC5;EXOSC3;EXOSC4;EXOSC1;EXOSC6;EXOSC7;EXOSC2;EXOSC8;EXOSC9",-1.3236298343152766,0.22286216909859868,,
"REACTOME_SIGNALING_BY_NTRK2_TRKB",24,0.3217007230887604,1.0046272249689876,0.45108695652173914,0.6051573473435908,"TIAM1;SOS1;GAB1;PIK3CA;FRS2;KRAS;FYN;NRAS;RAC1",0.7496243921445103,0.8880514904174607,,
"REACTOME_ELASTIC_FIBRE_FORMATION",39,0.28152180200888316,0.9969194518656794,0.4536256323777403,0.6078136552056421,"ITGA8;BMP2;ITGB8;ITGAV;ITGB6;LTBP2;EFEMP1;MFAP5;MFAP3",1.356659492124885,0.193697076417122,,
"REACTOME_BASIGIN_INTERACTIONS",22,-0.31051247267252635,-1.0065301171463175,0.45474613686534215,0.6085655558542341,"SLC7A5;SLC3A2;PPIL2",-1.0121399499220638,0.5921120340110946,,
"REACTOME_ISG15_ANTIVIRAL_MECHANISM",74,-0.22906356168767197,-0.9928154296594102,0.4607594936708861,0.6158554411718968,"AAAS;NUP188;KPNA2;EIF4A3;NUP85;SEC13;PLCG1;RAE1;UBB;UBA52;NUP62;EIF4G1;NUP93;NUP37;NUP98;ISG15;POM121C;NUP214;KPNB1;TRIM25;PIN1;NUP88;NDC1;NUP210",-1.1917108485278005,0.2932561858726707,,
"REACTOME_E2F_MEDIATED_REGULATION_OF_DNA_REPLICATION",22,-0.3094652369278994,-1.0031354892022386,0.4613686534216336,0.6159129999051992,"E2F1;ORC1;PPP2R1A;CCNB1;ORC6;PPP2R3B;POLA1",-1.3601985425399838,0.1943482893886712,,
"REACTOME_CHONDROITIN_SULFATE_DERMATAN_SULFATE_METABOLISM",33,-0.27428686450195316,-0.9961907138265249,0.46226415094339623,0.6163522012578616,"CHPF;CSPG4;CHST14;CSGALNACT1;GLB1L2;HYAL3;CHST12;IDUA;CHST13;GLB1;GUSB;CHST7;HEXB;BGN;CHPF2;BCAN;HEXA;CHST3",0.9478658463164665,0.6607850658483571,,
"REACTOME_DOWNREGULATION_OF_TGF_BETA_RECEPTOR_SIGNALING",26,-0.29138759016087784,-0.9899594904922832,0.4651685393258427,0.6194655701181356,"STUB1;PPP1CA;STRAP;BAMBI;UBB;UBA52",-0.9397630743216543,0.6871195519844169,,
"REACTOME_DEGRADATION_OF_THE_EXTRACELLULAR_MATRIX",118,0.22931973217337365,0.9871775198678868,0.46706586826347307,0.6212318639005607,"TLL1;CTSS;CAPN2;TPSAB1;ADAMTS1;CAPN9;CAST;A2M;COL17A1;COL14A1;CAPN8;PSEN1;CASP3;COL9A2;CTSK;COL4A6;SCUBE1;MMP19;TLL2;NCSTN;MMP13;COL4A4;CAPN7;LAMC2;MMP25;MMP1;COL4A5;CAPN5;CD44;COL23A1;MMP2;DCN;LAMA3;MMP3;TIMP2;MMP24;ADAMTS8;CAPN6;MMP12;ADAM17;FBN1;ADAM9;ADAMTS9",1.665114766698214,0.005425750069047818,,
"REACTOME_SLC_TRANSPORTER_DISORDERS",72,-0.23233470648533924,-0.9939509275463781,0.46954314720812185,0.6237642785866137,"AAAS;NUP188;SLC3A2;SLC35A2;SLC39A4;NUP85;SLC2A1;SEC13;SLC67A1;SLC11A2;RAE1;SLC27A4;BSG;NUP62;NUP93;NUP37;NUP98;SLC29A3;SLC20A2;SLC22A5;POM121C;NUP214;SLC6A14;NUP88;NDC1;NUP210",-1.0130101406892151,0.579311028009609,,
"REACTOME_ATTENUATION_PHASE",24,-0.29713562631141,-0.9910406077370084,0.4711111111111111,0.6244310602333816,"HSF1;SERPINH1;FKBP4;UBB;MRPL18;HSP90AB1;HSPB1;EP300;TNFRSF21",-1.1593039721057339,0.39228026012166983,,
"REACTOME_CONSTITUTIVE_SIGNALING_BY_EGFRVIII",15,0.36134938869457917,0.9845549136531097,0.4712230215827338,0.6244310602333816,"SOS1;GAB1;PIK3CA;KRAS;NRAS;EGFR",0.907227725616262,0.7137781797041536,,
"REACTOME_ACYL_CHAIN_REMODELLING_OF_PC",22,0.3314279850031419,1.0099083485832763,0.47176684881602915,0.6244310602333816,"PLA2G2D;PLA2G10;MBOAT2;LPCAT2;PNPLA8;PLA2G4A",0.8622315736992298,0.7584804841762538,,
"REACTOME_SIGNALING_BY_FGFR_IN_DISEASE",53,-0.25015383676312225,-0.9981203261768088,0.4727272727272727,0.6248266296809987,"BCR;HRAS;POLR2E;FGFR4;POLR2F;POLR2H;GTF2F1;PLCG1;POLR2L;POLR2D;POLR2G;TRIM24;FGFR3;POLR2C;POLR2I",-1.2162922381231207,0.2796591653921783,,
"REACTOME_SIGNALING_BY_ERBB2_ECD_MUTANTS",16,-0.329069668924624,-0.9864145048499791,0.4732142857142857,0.6248266296809987,"ERBB2;HRAS;CDC37;PLCG1",-0.9077750059012767,0.7050673737998228,,
"REACTOME_MATURATION_OF_SARS_COV_2_NUCLEOPROTEIN",15,-0.33465945208299064,-0.9753442845205228,0.4820627802690583,0.6352084621196511,"PRMT1;PARP16",-0.8524562207777968,0.7759289916477268,,
"REACTOME_SPHINGOLIPID_DE_NOVO_BIOSYNTHESIS",34,0.2877162314150653,0.983338030138149,0.4827586206896552,0.6352084621196511,"SPTLC3;SGMS1;ABCG2;SGMS2;CERT1;DEGS1;KDSR;SPTLC2;SPTSSA",-0.8471628762063151,0.805783624182141,,
"REACTOME_TRP_CHANNELS",20,0.33361267037362485,0.9860072292109667,0.4833948339483395,0.6352084621196511,"TRPA1;MCOLN2;TRPM6;MLKL;RIPK1;RIPK3",1.1291900413550238,0.46408839779005523,,
"REACTOME_SIGNALING_BY_FGFR4",34,-0.2667220289359381,-0.9770077026747545,0.4834123222748815,0.6352084621196511,"FGF19;HRAS;FGFR4;PLCG1;PPP2R1A;UBB;SRC;UBA52",-0.92033899717334,0.7040955135570611,,
"REACTOME_SARS_COV_1_INFECTION",141,-0.20388418346177725,-0.9856280559568251,0.4851190476190476,0.6366821758860359,"PPIB;VCP;PARP16;TKFC;RPS2;KPNA2;RPS14;RPS17;RPS16;PRKCSH;PCBP2;BCL2L1;PKLR;MOGS;RPS23;FAU;UBB;RPS3;ST3GAL2;UBA52;RPS26;RPS4X;RPS28;RPS8;GANAB;RELA;GSK3A;YWHAQ;YWHAH;CHMP6;RPS21;PPIA;RPS27L;TRAF3;RPS15;RPS18;RPS11;EEF1A1;NPIPB3;KPNB1;TRIM25;MGAT1;RPS6;RPS5",-0.9765010745154562,0.6607850658483571,,
"REACTOME_NEPHRIN_FAMILY_INTERACTIONS",17,0.3449298685998172,0.9753769503488127,0.4910071942446043,0.643633526913409,"NCK1;PIK3CA;WASL;KIRREL3;MAGI2;FYN;CD2AP;PIK3CB",0.9693367265290301,0.6313982157451222,,
"REACTOME_MATERNAL_TO_ZYGOTIC_TRANSITION_MZT",73,-0.2273319013536284,-0.982882225712447,0.49373433583959897,0.6463059181345837,"HIRA;RPS2;TEAD4;CNOT3;DIS3L2;EIF4A3;POLR2D;UHRF1;CNOT9;H2AX;AGO2;EIF4G1;UNG;PABPN1;TUT4;H2AJ;H2AC20",-1.1759805702495003,0.3166152689588832,,
"REACTOME_TGF_BETA_RECEPTOR_SIGNALING_ACTIVATES_SMADS",47,0.26535143773710756,0.9707279018692722,0.4942339373970346,0.6463059181345837,"ITGA8;ITGB8;ITGAV;SMURF2;ITGB6;NEDD4L;TGFBR2;PPP1CB;PPP1R15A;TGFBR3;LTBP2;TGFBR1;FKBP1A;SMAD4;SMAD7;USP15;SMURF1",1.0147239614152768,0.579311028009609,,
"REACTOME_SIGNALING_BY_ALK",27,0.3075010093643385,0.9795886282904849,0.4954627949183303,0.6471350790770027,"PRDM1;JAK3;PIK3CA;STAT3;ALKAL2;FRS2;HIF1A;PIK3CB;IL2RG;PTN;ALKAL1;CD274",1.1467514261409861,0.43749048271661334,,
"REACTOME_RHOD_GTPASE_CYCLE",49,-0.2515531770924319,-0.9865975969227686,0.4962025316455696,0.6473241659836688,"STEAP3;PLXNA1;EMD;LMNB1;PAK6;ARHGAP39;ACTN1;ESYT1;ARHGAP35;EFHD2;DBN1;MCAM;RACGAP1",-0.9636672016848565,0.6716298134498808,,
"REACTOME_MITF_M_REGULATED_MELANOCYTE_DEVELOPMENT",144,-0.20339865196352067,-0.986252202715498,0.49698795180722893,0.6475723252290599,"MARS1;SMARCB1;SMARCA4;AKT2;BCL7A;PLK1;MCM2;IARS1;MCM5;CCND1;TFE3;AIMP2;TERT;ACTB;TBX3;LIG1;SMARCD2;HDAC1;CDKN2A;CCNB1;ATP6V1F;AGO2;TCF7;SS18L1;AGO1;DPF2",0.9569134412623579,0.6812080088690611,,
"REACTOME_DOWNSTREAM_SIGNAL_TRANSDUCTION",28,0.3070000991763854,0.9858366569591624,0.49818840579710144,0.6483600305110602,"PDGFRA;NCK1;SOS1;PIK3CA;STAT1;STAT3;STAT5A;PDGFA;KRAS;NRAS",0.9555869958282285,0.6607850658483571,,
"REACTOME_MAPK1_MAPK3_SIGNALING",236,0.21090357043062358,0.9857457291716343,0.5014044943820225,0.6517659377391164,"RASGRP1;RASAL3;APBB1IP;IL6ST;RAP1A;IL2RB;RASGRP3;RASA2;IL2RA;GFRA1;IL6R;HGF;CSF2RB;GFRA2;PDGFRA;HBEGF;SOS1;KITLG;JAK3;FGF7;PIK3CA;GRIN1;PPP2R5A;DUSP1;DUSP5;RAP1B;JAK2;PPP2R5E;IL3RA;KLB;TEK;PPP1CB;NRG1;PRKG2;PPP2CB;FGF9;RGL1;PTPN7;FRS2;DLG1;MET;PDGFA;BRAF;NCAM1;PEA15;LYPLA1;SPRED1;SHOC2;CAMK2D;KRAS;ABHD17B;DLG2;FYN;NRAS;DUSP2;ANGPT1;FGF1;BTC;JAK1;FGF10;KBTBD7",0.9593325330520852,0.6860100726596318,,
"REACTOME_PRE_NOTCH_PROCESSING_IN_GOLGI",18,0.33414981227384183,0.9587754015421291,0.5036363636363637,0.6538858754610545,"SEL1L;ST3GAL4;MFNG",0.8582989897192228,0.7653128242595708,,
"REACTOME_KERATAN_SULFATE_BIOSYNTHESIS",27,0.30528661348673336,0.9725343521932472,0.5045372050816697,0.6542747069473858,"B3GNT7;ST3GAL4;B4GALT4;FMOD;CHST2;CHST5;OGN;LUM",1.4127499702636284,0.16636085626911315,,
"REACTOME_CO_INHIBITION_BY_CTLA4",21,0.32675653385284475,0.9836230298122507,0.5054545454545455,0.6546839826839828,"CD80;CD86;PPP2R5A;PPP2R5E;YES1;CTLA4;PPP2CB",1.1073840676223932,0.47347156767235193,,
"REACTOME_BILE_ACID_AND_BILE_SALT_METABOLISM",33,-0.26209678568514716,-0.9519171998900634,0.5070754716981132,0.655286098476219,"AKR1C1;BAAT;ACOT8;SLC27A5;SLC51A;CYP27A1;AMACR;SLC27A2;AKR1C4;AKR1C3;HSD17B4;RXRA",-1.04420168772601,0.5366804545238435,,
"REACTOME_SURFACTANT_METABOLISM",19,0.331620436516883,0.9588297562162016,0.5074074074074074,0.655286098476219,"ADA2;CSF2RB;ZDHHC2;SFTPA2",0.9998482132557276,0.5958967452300785,,
"REACTOME_DEFECTS_IN_VITAMIN_AND_COFACTOR_METABOLISM",22,-0.30060551449823786,-0.97441658661433594,0.5077262693156733,0.655286098476219,"MCCC2;PCCB;MMACHC;PC;CD320;ACACA",-0.9967023077538046,0.6200564912995912,,
"REACTOME_EXPRESSION_OF_BMAL_ARNTL_CLOCK_AND_NPAS2",34,0.282340307220176,0.964964542198401,0.5103448275862069,0.6578852753717928,"CHD9;CREB1;RORC;MEF2C;TBL1XR1;NRIP1;NCOA1;NCOA2;NCOR1",0.6611357110061458,0.9661420145338417,,
"REACTOME_MET_PROMOTES_CELL_MOTILITY",41,0.2694898634091375,0.9648540350795783,0.5124378109452736,0.6598015837969914,"RAP1A;LAMA1;HGF;GAB1;RAP1B;MET;LAMA4;ITGA2;RAC1",1.4705992739823437,0.11597782776822078,,
"REACTOME_PROCESSING_OF_DNA_DOUBLE_STRAND_BREAK_ENDS",77,-0.22549250269827284,-0.9742316712882558,0.5145118733509235,0.6616890286120625,"NSD2;HERC2;TIPIN;UBB;PPP4C;CCNA2;H2AX;TIMELESS;TP53BP1;RAD9A;UBA52;CLSPN;RAD50",-1.3710185548994618,0.07166511486282702,,
"REACTOME_RESOLUTION_OF_D_LOOP_STRUCTURES_THROUGH_SYNTHESIS_DEPENDENT_STRAND_ANNEALING_SDSA",27,-0.27759450313238343,-0.956569067074329,0.516629711751663,0.6636282483893853,"XRCC3;RAD51D;RAD51;RAD51C;RAD50;DNA2;RTEL1;BLM;KAT5",-1.4033926218609196,0.16565812999464916,,
"REACTOME_RUNX2_REGULATES_OSTEOBLAST_DIFFERENTIATION",21,0.322819561308319,0.9717717079216898,0.5181818181818182,0.6648370497427101,"AR;MAF;RB1;CBFB;YES1;ZNF521",1.29891573170106,0.27247346469327877,,
"REACTOME_DENGUE_VIRUS_MODULATES_APOPTOSIS",16,-0.3173157521959474,-0.9511811331817406,0.5200892857142857,0.6662584200857318,"MLST8;RPTOR;MTOR;NFKBIB;MAPKAP1",0.7759219884558028,0.8616280703547112,,
"REACTOME_SIGNALING_BY_FGFR1",43,0.26969737892727386,0.9712463329628224,0.5214521452145214,0.6662584200857318,"SOS1;GAB1;PIK3CA;FLRT2;PPP2CB;FGF9;FRS2;BRAF;TGFBR3;SPRED1;KRAS;NRAS;FGF1;FGF10",0.8247923780045177,0.8344516748092737,,
"REACTOME_RAB_GEFS_EXCHANGE_GTP_FOR_GDP_ON_RABS",89,0.2371921523345661,0.9713853280379877,0.5215311004784688,0.6662584200857318,"DENND1B;RAB27A;RAB39B;RAB8B;DENND2A;RAB27B;DENND6A;RAB5A;DENND2B;RAB12;RAB14;RAB3GAP2;DENND2D;RIN2;TRAPPC11;RAB5B;RAB13;TRAPPC8;RAB31;RIC1;RAB3GAP1;RAB10;DENND4C;DENND1C;RAB18;SBF2;RAB21;CCZ1;DENND5B;RAB38",1.0142167181103379,0.5771770717531645,,
"REACTOME_TRANSMISSION_ACROSS_CHEMICAL_SYNAPSES",182,0.21327601154562903,0.9713432722308744,0.5217391304347826,0.6662584200857318,"CAMK4;AKAP5;PRKCB;GNG2;PRKAR2B;GNGT2;VAMP2;PRKAA1;ARL6IP5;CREB1;KCNJ10;GRIN3A;PLCB2;SLC18A2;GNB4;GNG7;GRIN1;LRTOMT;GNG12;PRKAG2;PRKAR1A;NRG1;MYO6;PRKAB2;SLC38A2;GNG11;DLG1;PRKACB;STXBP1;CAMK2D;PLCB1;GLUL;KRAS;APBA1;DLG2;NRAS;PRKAB1;RPS6KA2",1.0206142379459922,0.5569005418062022,,
"REACTOME_INOSITOL_PHOSPHATE_METABOLISM",44,0.2649671475953972,0.9591057956138134,0.5224625623960066,0.6664000795859968,"SYNJ1;PLCG2;PLD4;IMPA1;PLCB2;INPP4B;PTEN;PPIP5K2;PLCH1;PLCB1;PLCD1;PLCE1;ITPKB;MTMR7",0.9139061910863618,0.7159092176434506,,
"REACTOME_RHOF_GTPASE_CYCLE",40,-0.2550367986409474,-0.9644517343533752,0.524390243902439,0.6673632228719949,"STEAP3;FAM169A;LMNB1;ARHGAP39;ACTN1;ACTB;MTMR1;ESYT1",-1.045783206559846,0.5470118604848382,,
"REACTOME_SEMA4D_IN_SEMAPHORIN_SIGNALING",24,-0.28747882110140077,-0.9588321303392312,0.5244444444444445,0.6673632228719949,"ERBB2;LIMK1;MYH11;MYL9;MYH9;ARHGAP35;MYH14;RHOB;PLXNB1;LIMK2;RRAS",-0.5578538924246979,0.9935527434398655,,
"REACTOME_DISORDERS_OF_DEVELOPMENTAL_BIOLOGY",18,-0.3097484563546318,-0.9609206842934732,0.5265486725663717,0.6692581258787528,"NCOR2;TBL1X;WDR5;MECP2;HDAC1;HDAC3;KMT2D;GPS2;SIN3A;CALM1",-1.0325400264945974,0.5367781741058517,,
"REACTOME_SIRT1_NEGATIVELY_REGULATES_RRNA_EXPRESSION",33,0.2828740039352147,0.9603149865013532,0.527681660899654,0.6699155741643216,"TAF1A;H3-3A;H2AC6;H2BC21;H3C8;H2BC6;H4C5;H3C6;H2BC8;H2BC4;H3-3B;H4C8",0.6726886155297037,0.9598086124401913,,
"REACTOME_SIGNALING_BY_EGFR_IN_CANCER",24,0.3048224840533382,0.9519187999405458,0.5289855072463768,0.6707732638968628,"HBEGF;SOS1;GAB1;PIK3CA;KRAS;NRAS;BTC;EGFR",0.77606544909579,0.8659942045996405,,
"REACTOME_RAB_REGULATION_OF_TRAFFICKING",120,0.22253620555303005,0.9580422416268004,0.5295902883156297,0.6707732638968628,"TBC1D10C;DENND1B;RAB27A;RAB39B;RAB8B;DENND2A;RAB27B;DENND6A;OPTN;RAB5A;DENND2B;RAB12;RAB14;RAB4A;RAB3GAP2;DENND2D;RABGAP1;RIN2;TRAPPC11;RAB5B;RAB13;TBC1D15;TRAPPC8;RAB33A;GABARAPL2;RAB31;RIC1;RAB3GAP1;RAB10;RAB33B;ARF6;DENND4C;DENND1C;TBC1D10A;MAP1LC3B;RAB18",0.8818027271658677,0.7977844914400806,,
"REACTOME_PRC2_METHYLATES_HISTONES_AND_DNA",40,-0.2515981720340993,-0.9514481622710683,0.5317073170731708,0.6726715825297788,"EPOP;DNMT3B;PHF19;DNMT1;H2AX;RBBP7",-0.952729730252236,0.664744630071599,,
"REACTOME_SIGNALING_BY_NOTCH1_PEST_DOMAIN_MUTANTS_IN_CANCER",57,-0.23383921026752708,-0.9507710758010045,0.5358974358974359,0.6771851454778284,"DLL4;NCOR2;HDAC6;TBL1X;KAT2A;HEY2;NOTCH1;HDAC4;UBB;HDAC1;UBA52;HDAC11;MIB2",-1.091308487157034,0.437257869468562,,
"REACTOME_CONSTITUTIVE_SIGNALING_BY_LIGAND_RESPONSIVE_EGFR_CANCER_VARIANTS",19,-0.3006566887606428,-0.950675701694521,0.5367965367965368,0.677534375910246,"HRAS;CDC37;PLCG1;UBB;UBA52",-0.8871511175288105,0.7514810876500075,,
"REACTOME_DOWNREGULATION_OF_SMAD2_3_SMAD4_TRANSCRIPTIONAL_ACTIVITY",30,0.28856075441249496,0.9460227210544616,0.5396825396825397,0.6803877209439202,"SKIL;SMURF2;STAT1;NEDD4L;PPM1A;UBE2D3;UBE2D1;NCOR1;SMAD4;SNW1;SMAD7",0.7473775055378868,0.9019728557436687,,
"REACTOME_ER_QUALITY_CONTROL_COMPARTMENT_ERQC",21,0.31397830686946104,0.9451572088145137,0.5436363636363636,0.684393063583815,"EDEM3;SEL1L;EDEM1;TRIM13;MARCHF6;DERL2",0.8991217498702856,0.7266843317834942,,
"REACTOME_TNF_SIGNALING",57,0.24763372755131124,0.9422542450339678,0.5441176470588235,0.684393063583815,"CYLD;BIRC3;CFLAR;TAB2;TNFAIP3;BIRC2;OPTN;MAP3K7;RIPK1;USP4;OTUD7B;UBE2D3;UBE2D1;TAX1BP1;OTUD1;TRAF1;TBK1;SPPL2A",0.9217201872830805,0.7056809231928227,,
"REACTOME_SYNTHESIS_OF_BILE_ACIDS_AND_BILE_SALTS",27,-0.27221583266447813,-0.9380345869836668,0.5454545454545454,0.6852823850514381,"AKR1C1;BAAT;ACOT8;SLC27A5;CYP27A1;AMACR;SLC27A2;AKR1C4;AKR1C3;HSD17B4;RXRA",-0.956426513269214,0.6607850658483571,,
"REACTOME_DEVELOPMENTAL_CELL_LINEAGES_OF_THE_EXOCRINE_PANCREAS",62,0.2478542322566021,0.9501117740421016,0.5478991596638656,0.6869456297035551,"CA2;SLC4A4;TFPI2;LAMA1;KLK1;CD74;FGF7",1.2039102790762206,0.2967618050100375,,
"REACTOME_GENE_AND_PROTEIN_EXPRESSION_BY_JAK_STAT_SIGNALING_AFTER_INTERLEUKIN_12_STIMULATION",32,0.27889157670836484,0.9396569386768723,0.5484429065743944,0.6869456297035551,"STAT4;LCP1;CA1;PDCD4;MSN;RAP1B;SOD2;RALA;CDC42;CAPZA1",0.9728189223533203,0.6200564912995912,,
"REACTOME_MISCELLANEOUS_TRANSPORT_AND_BINDING_EVENTS",23,0.3006378509910164,0.9367697513333607,0.5486725663716814,0.6869456297035551,"LRRC8C;TUSC3;NIPAL2",0.8408597656903953,0.7812586755504303,,
"REACTOME_TRANSLATION_OF_SARS_COV_1_STRUCTURAL_PROTEINS",29,-0.26366194736396276,-0.9279821357405935,0.5497737556561086,0.6875331564986737,"PARP16;PRKCSH;MOGS;UBB;ST3GAL2;UBA52;GANAB;GSK3A",-0.785294226853226,0.8837157313501792,,
"REACTOME_COLLAGEN_FORMATION",83,-0.22165899487844684,-0.9687746844602361,0.5522788203753352,0.6898729696536907,"PPIB;P4HB;PLOD1;COLGALT1;PLOD3;P3H1;ADAMTS14;SERPINH1;P4HA2;CD151;LOXL2;COL1A1;PLEC",1.0570326614208865,0.49883180504961694,,
"REACTOME_MAPK_FAMILY_SIGNALING_CASCADES",272,0.2029255332421001,0.9677687589564608,0.5537190082644629,0.6905865611126841,"RASGRP1;RASAL3;APBB1IP;IL6ST;RAP1A;IL2RB;RASGRP3;RASA2;IL2RA;GFRA1;IL6R;HGF;CSF2RB;GFRA2;PDGFRA;HBEGF;SOS1;KITLG;JAK3;CDC14A;FOXO1;FGF7;PIK3CA;GRIN1;PPP2R5A;DUSP1;DUSP5;RAP1B;JAK2;PPP2R5E;IL3RA;KLB;TEK;PPP1CB;NRG1;PRKG2;PPP2CB;FGF9;RGL1;PTPN7;FRS2;DLG1;MET;PRKACB;PDGFA;BRAF;NCAM1;PEA15;LYPLA1;SPRED1;SHOC2;CAMK2D;KRAS;ABHD17B;SEPTIN7;DLG2;FYN;NRAS;DUSP2;CDC42;ANGPT1;FGF1;BTC;JAK1;FGF10;KBTBD7;RAC1;CDC14B;DUSP10;RASA4",0.9156762141773942,0.7867864783910997,,
"REACTOME_SIGNALING_BY_MET",76,0.2354115888249402,0.9468134469096117,0.5541195476575121,0.6905865611126841,"RAP1A;LAMA1;HGF;SOS1;GAB1;STAM2;PIK3CA;RAP1B;EPS15;STAT3;RAB4A;MET;KRAS;LAMA4;PTPN2;NRAS;ITGA2;RAC1;ARF6",1.104803373634976,0.433823870327612,,
"REACTOME_ONCOGENIC_MAPK_SIGNALING",75,-0.2180626173533227,-0.947894151434567,0.5577889447236181,0.6943642698618953,"PHB1;HRAS;CSK;MAP2K1;ACTG1;DUSP7;PEBP1;ARAF;SND1;ACTB;MAP3K11;SRC;TENT4A;MAP2K2;FN1;TRIM24;CAMK2G;DUSP8;CNKSR1;DUSP9;FAM131B;AGK;CLCN6;TLN1",-1.0710239187767758,0.4955833428931972,,
"REACTOME_PLATELET_CALCIUM_HOMEOSTASIS",20,0.31250336586346733,0.9236177317517703,0.559040590405904,0.6951270426989984,"ITPR1;P2RX7;ATP2A3;SRI;P2RX1;SLC8A1;TRPC6",1.22529680387547,0.35023338161918555,,
"REACTOME_ASSEMBLY_OF_THE_ORC_COMPLEX_AT_THE_ORIGIN_OF_REPLICATION",34,0.27224509590876905,0.9304617782911873,0.5603448275862069,0.6959533931664303,"H3-3A;H2AC6;H2BC21;H3C8;H2BC6;ORC3;H4C5;H3C6;H2BC8;H2BC4;ORC2;H3-3B;H4C8",0.6786598545129987,0.9594997868409834,,
"REACTOME_SENSORY_PROCESSING_OF_SOUND",58,-0.22892708585554553,-0.9379500776103272,0.5660847880299252,0.7022807860622106,"CHRNA10;KCNMB1;ACTG1;CABP1;ACTB;CTBP2;EPS8L2;CASK;USH1C;CDH23;MYH9;FSCN2;MYO7A;CIB2;TRIOBP;DNAJC5;EPB41L1;ESPNL;ESPN;RAB3A",0.6787570898655357,0.9794620905456082,,
"REACTOME_GLYCEROPHOSPHOLIPID_BIOSYNTHESIS",114,-0.20585003921949593,-0.9538302302737558,0.5726744186046512,0.709646659956561,"PISD;PTDSS2;PITPNM2;STARD10;CSNK2A2;PLA2G5;TAFAZZIN;PLA2G4F;DGAT2;AGPAT1;PGP;CPNE1;PITPNM1;CHKA;PEMT;PTPMT1;MIGA2;DGAT1;CHPT1;LPIN3;OSBPL5;PGS1;CHKB;GPD1;CDIPT;PCYT2;PHOSPHO1;GPAT4;LPCAT4;CPNE7;ETNK2;CRLS1;HADHB;AGK",-0.9525832751059925,0.7050673737998228,,
"REACTOME_TRAF6_MEDIATED_INDUCTION_OF_TAK1_COMPLEX_WITHIN_TLR4_COMPLEX",15,0.3370932465043267,0.9184651270729897,0.5737410071942446,0.7101595174372448,"TAB2;LY96;MAP3K7;TRAF6;TLR4",1.0177698041556806,0.5856569789777448,,
"REACTOME_SMAD2_SMAD3_SMAD4_HETEROTRIMER_REGULATES_TRANSCRIPTION",36,-0.2494037632389711,-0.9232178149080836,0.5788177339901478,0.7153994584031497,"YBX1;MEN1;UBB;HDAC1;E2F4;UBA52;FURIN",-0.9974172186404698,0.5958967452300785,,
"REACTOME_ACTIVATION_OF_SMO",18,-0.2999244697879501,-0.9304441098328804,0.5796460176991151,0.7153994584031497,"GRK2;GAS8;SHH;IHH;ARRB2;SMO;CSNK1A1;IQCE;GAS1;CDON;KIF3A",0.6292057170027642,0.9598086124401913,,
"REACTOME_CLATHRIN_MEDIATED_ENDOCYTOSIS",132,0.2177431608052702,0.9492983435678299,0.5819548872180451,0.7153994584031497,"CD3G;IL7R;CD3D;CD4;SYNJ1;VAMP2;FCHO2;ITSN2;ADRB2;VAMP4;HBEGF;STAM2;RAB5A;WASL;EPS15;ARPC5;ACTR2;SYT2;FZD4;DAB2;SGIP1;NECAP2;RAB5B;FNBP1;AMPH",0.9903105956977567,0.6251591185539306,,
"REACTOME_RNA_POLYMERASE_I_PROMOTER_ESCAPE",55,-0.2340282018816375,-0.9451148021116177,0.5820512820512821,0.7153994584031497,"POLR2E;POLR1A;POLR2F;POLR2H;POLR1G;POLR2L;H2AX;ERCC2;ERCC3;TAF1C;POLR1C",-1.2170232617524894,0.2695833775795547,,
"REACTOME_SIGNALLING_TO_ERKS",31,0.2780434859804758,0.9252029220984467,0.5821678321678322,0.7153994584031497,"RAP1A;RIT1;SOS1;FRS2;RALA;BRAF;KRAS;NRAS",-0.946486702838939,0.664744630071599,,
"REACTOME_RUNX2_REGULATES_BONE_DEVELOPMENT",28,-0.2655421073608524,-0.926420890933217,0.5822222222222222,0.7153994584031497,"SMAD6;HDAC6;HEY2;HDAC4;SRC;COL1A1;RBM14;HDAC3",1.0202786156290375,0.596738592431073,,
"REACTOME_REGULATION_OF_BETA_CELL_DEVELOPMENT",27,0.2907824944091736,0.92632939780588,0.5825771324863884,0.7153994584031497,"KAT2B;NR5A2;HNF4G;FOXO1;MAMLD1;MAML2;RBPJ",0.9821692046077981,0.6220792208356886,,
"REACTOME_VEGFR2_MEDIATED_CELL_PROLIFERATION",19,-0.2953399503428157,-0.9338641880477451,0.5865800865800865,0.7195029697848186,"PRKCZ;HRAS;PLCG1;SRC;SPHK1;VEGFA;ITPR3",0.6677607715717855,0.9346879121662567,,
"REACTOME_INTERLEUKIN_17_SIGNALING",67,-0.2199779302673229,-0.9361999872765111,0.5882352941176471,0.7207207207207207,"IRAK1;TNIP2;TAB1;ELK1;MAPKAPK3;MAP2K1;DUSP7;PPP2R5D;PPP2R1A;UBB",0.7535784587087203,0.9416306858764405,,
"REACTOME_REGULATION_OF_CDH1_GENE_TRANSCRIPTION",70,-0.2201716016138374,-0.9376948462028194,0.5903307888040712,0.7224745761741613,"CTBP1;SMARCA4;TCF3;STRAP;PKM;SNAI1;CTBP2;HDAC1;H2AX;RBBP7;KDM1A;DNTTIP1;KMT5A;FOXQ1;TCF12;H2AJ;H2AC20;ARID1A;MCRIP1;TFAP2A",-0.9962072635669401,0.6047073606882218,,
"REACTOME_SIGNALING_BY_NOTCH2",31,0.27329602415778526,0.9094055171154991,0.5926573426573427,0.7245069537204369,"CREB1;MAMLD1;MAML2;APH1B;PSEN1;RBPJ;MIB1;NCSTN;CNTN1",0.841820541419942,0.7872376432881234,,
"REACTOME_SIGNALING_BY_NUCLEAR_RECEPTORS",237,-0.18516938664025578,-0.9673254546804273,0.5951557093425606,0.7267445698818248,"CARM1;PDHA1;PRMT1;PPP5C;AKT2;FASN;NCOR2;PRKCZ;ELK1;GNB1;CCND1;HRAS;POLR2E;KDM4A;SRF;AXIN1;KPNA2;AKT1;PDHX;POLR2F;TBL1X;POLR2H;PDK3;GNG5;GTF2F1;FKBP4;TLE3;SMC1A;POLR2L;USF2;POLR2D;SRC;HDAC1;H2AX;CXXC5;POLR2G;AGO2;SREBF1;AGO1;EEPD1;SPHK1;KDM1A;GNB2;POLR2C;POLR2I;GNG4;HDAC3;RDH16;PIK3R3;ADH4;CRABP2",-1.045032053156105,0.4789033515688864,,
"REACTOME_RHOV_GTPASE_CYCLE",37,-0.2433128178724247,-0.9085931723779521,0.6,0.7318385650224215,"NCK2;PAK4;PAK6;USP9X;MAP3K11;DLG5;WDR6;GIT1;RHOV;EPHA2",-0.9818489050338778,0.6201313543384545,,
"REACTOME_FORMATION_OF_THE_BETA_CATENIN_TCF_TRANSACTIVATING_COMPLEX",58,-0.2255717757171325,-0.924202847163699,0.6034912718204489,0.7352726805606365,"SMARCA4;KMT2B;TERT;WDR5;TLE3;MEN1;BCL9L;HDAC1;H2AX;RUVBL1;TCF7;TLE2;AXIN2;H2AJ;H2AC20;KAT5;LEO1",-1.038074089159222,0.5366804545238435,,
"REACTOME_HYALURONAN_METABOLISM",17,-0.29940455701137264,-0.9183741784393962,0.6053811659192825,0.7367502332440484,"HYAL2;CEMIP;HAS3;HYAL3",-0.7831520119690776,0.8589156334896387,,
"REACTOME_GLYCOSPHINGOLIPID_BIOSYNTHESIS",17,0.3160127833725126,0.8936065356367477,0.6061151079136691,0.7368192596760581,"ST3GAL5;B3GALNT1;B3GALT4;B3GNT5;UGCG",1.0219713595527813,0.5695311271371122,,
"REACTOME_RHOJ_GTPASE_CYCLE",53,0.2408064194862026,0.9080282095731956,0.6094003241491086,0.7399861078953461,"DOCK8;WAS;CPNE8;CAV1;WASL;STOM;SLC4A7;GIT2;RHOJ;CDC42BPA;FNBP1;ARHGAP5;CDC42;ARL13B",-0.9309170377121395,0.7193762854546324,,
"REACTOME_NUCLEOTIDE_CATABOLISM",29,0.2746604520887822,0.8906982076861802,0.6160714285714286,0.7456415501162429,"DPYD;NT5E;ENTPD1;XDH;ENTPD8;SAMHD1;GDA;NT5C2;ENTPD5;NT5C3A;ENTPD3;NUDT16;ENTPD4",0.9835826703564434,0.6225226360028266,,
"REACTOME_SYNTHESIS_OF_PC",25,-0.2679783381156106,-0.9064001822153358,0.6160714285714286,0.7456415501162429,"STARD10;CSNK2A2;CHKA;PEMT;CHPT1;LPIN3;CHKB;PHOSPHO1",-0.7653648892127173,0.8848158382594704,,
"REACTOME_DETOXIFICATION_OF_REACTIVE_OXYGEN_SPECIES",34,-0.24552983369094036,-0.8993803013178044,0.6161137440758294,0.7456415501162429,"PRDX2;P4HB;GSTP1;TXN2;NUDT2;PRDX3;PRDX1",0.8255802439925977,0.7997426399889291,,
"REACTOME_PROCESSIVE_SYNTHESIS_ON_THE_C_STRAND_OF_THE_TELOMERE",19,-0.2877996323409995,-0.9100217212896438,0.6168831168831169,0.7457431457431458,"POLD1;FEN1;LIG1;DNA2;BLM;POLD2;ACD",-0.8991985033577805,0.742468798806827,,
"REACTOME_CALNEXIN_CALRETICULIN_CYCLE",26,-0.26536763721068674,-0.9015593655899743,0.6179775280898876,0.7462370150519397,"EDEM2;CALR;PRKCSH;UBB;SYVN1;UBA52;PDIA3;GANAB",-0.9087078514521271,0.7288712851921125,,
"REACTOME_SIGNALING_BY_NOTCH1",71,-0.21688387242305054,-0.9267833690934486,0.6186868686868687,0.7462653138928085,"DLL4;NCOR2;HDAC6;TBL1X;KAT2A;HEY2;NOTCH1;TLE3;HDAC4;UBB;HDAC1;DTX2;UBA52;HDAC11;MIB2;HDAC3;TLE2",-0.9796088151340272,0.6468413741141013,,
"REACTOME_JNK_C_JUN_KINASES_PHOSPHORYLATION_AND_ACTIVATION_MEDIATED_BY_ACTIVATED_HUMAN_TAK1",22,-0.2760501261484211,-0.8948199839413729,0.6203090507726269,0.7473934077969192,"IRAK1;TAB1;UBB;UBA52;IKBKG",-0.8202805661265525,0.8347358596229233,,
"REACTOME_NFE2L2_REGULATING_ANTI_OXIDANT_DETOXIFICATION_ENZYMES",18,-0.28839103638373814,-0.8946643844083897,0.6261061946902655,0.7529322440069915,"ATF4;PRDX1;GCLM;TXNRD1;TXN;MAFK;GSR;EP300;SLC7A11;NQO1;GCLC;HMOX1",-1.103030203815181,0.45945945945945943,,
"REACTOME_CREB1_PHOSPHORYLATION_THROUGH_NMDA_RECEPTOR_MEDIATED_ACTIVATION_OF_RAS_SIGNALING",24,0.283914380601042,0.8866256611842198,0.6268115942028986,0.7529322440069915,"CREB1;GRIN1;DLG1;CAMK2D;KRAS;DLG2;NRAS;RPS6KA2",-0.853149157477268,0.777392956753609,,
"REACTOME_SYNTHESIS_OF_LEUKOTRIENES_LT_AND_EOXINS_EX",15,-0.30380535259869285,-0.8854219189673314,0.6278026905829597,0.7529322440069915,"ABCC1;GGT1;DPEP1",-0.7734885607488236,0.8531064864043749,,
"REACTOME_VOLTAGE_GATED_POTASSIUM_CHANNELS",23,0.281852267894945,0.8782349861747152,0.6283185840707964,0.7529322440069915,"KCNA3;KCND3;KCNAB1",0.791796472918409,0.8402063447935008,,
"REACTOME_NICOTINATE_METABOLISM",26,0.2807838982533314,0.8868466707975544,0.6283662477558348,0.7529322440069915,"CD38;NT5E;PARP8;PARP14;NMRK1;NMNAT1;PARP9;NUDT12;NMNAT2",0.8611687932586524,0.7607017867364305,,
"REACTOME_RESPIRATORY_SYNCYTIAL_VIRUS_RSV_GENOME_REPLICATION_TRANSCRIPTION_AND_TRANSLATION",17,-0.29331517551713626,-0.8996960033882363,0.6322869955156951,0.7566278739710474,"PPP1CA;CSNK2A2;FURIN;HSP90AB1;KPNB1;SEC11A",-1.685924852541,0.060972467364560065,,
"REACTOME_GROWTH_HORMONE_RECEPTOR_SIGNALING",20,0.2992677791499835,0.8844993608345983,0.6328413284132841,0.7566278739710474,"STAT1;JAK2;STAT3;STAT5A;PRLR",0.9849635293011386,0.6069295101553166,,
"REACTOME_DENGUE_VIRUS_ACTIVATES_MODULATES_INNATE_AND_ADAPTIVE_IMMUNE_RESPONSES",28,0.274626323975041,0.8818782074236005,0.6340579710144928,0.7572503539668146,"C1QA;CDC73;C1S;STAT2;EXOC1;IFIH1",0.9539311014629019,0.6609851611947248,,
"REACTOME_FORMATION_OF_INCISION_COMPLEX_IN_GG_NER",42,-0.23926888215275854,-0.9022804664108827,0.635,0.7575094489755321,"RAD23A;UBB;UBA52;DDB1;ERCC2;ERCC3;RAD23B;ERCC1;RBX1;GTF2H2;PARP2;UBC;CCNH;DDB2;CDK7;UBE2N",-1.0445611416384892,0.5330886730759845,,
"REACTOME_RORA_B_C_AND_NR1D1_REV_ERBA_REGULATE_GENE_EXPRESSION",24,0.282913737322826,0.8835007895018497,0.6358695652173914,0.7575094489755321,"CHD9;RORC;TBL1XR1;NRIP1;NCOA1;NCOA2;NCOR1",-0.7670656579803009,0.8837157313501792,,
"REACTOME_C_TYPE_LECTIN_RECEPTORS_CLRS",115,0.212640588145334,0.906932970945656,0.6363636363636364,0.7575094489755321,"CCL22;CLEC10A;MUC4;ICAM3;TAB2;PLCG2;MUC5AC;CD209;ITPR1;CLEC7A;NFATC1;MAP3K7;FCER1G;RPS6KA5;BCL10;MUC1;CLEC4E;PPP3CA;PRKACB;TRAF6;MUC13;KRAS;NFKBIA;UBE2D1;FYN;NRAS",0.823264099046655,0.8837157313501792,,
"REACTOME_P75_NTR_RECEPTOR_MEDIATED_SIGNALLING",92,0.22304365128230663,0.9182150245057598,0.637223974763407,0.7577045732705866,"ARHGEF6;FGD2;VAV1;TIAM1;BCL2L11;FGD4;SOS1;GNA13;SOS2;RHOA;APH1B;PSEN1;CASP3;PRKCI;TRAF6;AKAP13;NFKBIA;NCSTN;NET1;RAC1",1.0213181185766338,0.5771770717531645,,
"REACTOME_SIGNALING_BY_PDGF",54,0.23658764625806433,0.8934853830129834,0.63915857605178,0.758755993585134,"PDGFRA;NCK1;SOS1;PDGFD;PLAT;PIK3CA;STAT1;STAT3;STAT5A;COL9A2;PDGFA;KRAS;NRAS;PTPN12;COL4A4;PIK3CB",1.2188641709152461,0.3162128194386259,,
"REACTOME_AZATHIOPRINE_ADME",22,-0.2739889617911588,-0.888138693543866,0.6401766004415012,0.758755993585134,"NME2;NME1;SLC29A2;VAV2;IMPDH1",0.636519730132793,0.9544172778150962,,
"REACTOME_EGR2_AND_SOX10_MEDIATED_INITIATION_OF_SCHWANN_CELL_MYELINATION",25,-0.26074328657603135,-0.8819286070875626,0.640625,0.758755993585134,"SMARCA4;GJB1;SREBF2;DAG1;CYP51A1;SCD5;NAB2;LAMA2;PRX;HDAC2",-0.9789671556253295,0.6307623514241444,,
"REACTOME_SUMOYLATION_OF_TRANSCRIPTION_COFACTORS",44,-0.23526778559524336,-0.8996326308266497,0.6408977556109726,0.758755993585134,"CTBP1;NCOR2;TRIM28;MRTFA;PCGF2;PHC2;SAFB;MBD1;PIAS4;CBX2;CBX8;PARK7;SIN3A;SCMH1;PIAS2;DAXX;ING2;EP300",-1.1766715287371405,0.35259259259259257,,
"REACTOME_SIGNALLING_TO_RAS",18,-0.28653803972772585,-0.8889159043815829,0.6438053097345132,0.7613697575990765,"MAPKAPK3;HRAS;SRC;SHC3",-1.0814033055855663,0.47725319825260337,,
"REACTOME_INHIBITION_OF_DNA_RECOMBINATION_AT_TELOMERE",42,-0.236815413004482,-0.8930284597666658,0.6475,0.7646681127982646,"POLR2E;POLR2F;POLR2H;POLR2L;POLR2D;H2AX;POLR2G;POLR2C;POLR2I;H2AJ;H2AC20;ACD;POLR2A",-1.1283379307898267,0.43142541978183596,,
"REACTOME_TRANSCRIPTIONAL_REGULATION_OF_WHITE_ADIPOCYTE_DIFFERENTIATION",80,-0.21085341276106578,-0.913198340298627,0.648,0.7646681127982646,"CARM1;CEBPB;CDK4;NCOR2;MED24;MED15;MED26;TBL1X;MED8;SREBF2;MED12;MED10;SREBF1;MED25;MED29;HDAC3;MED14;CEBPA;RELA;NCOA6;CDK8;SLC2A4",-0.8774564904915839,0.8190941054808686,,
"REACTOME_TAK1_DEPENDENT_IKK_AND_NF_KAPPA_B_ACTIVATION",43,-0.23751277020090697,-0.8981825190430313,0.6515151515151515,0.7679831905184017,"IRAK1;TAB1;NKIRAS2;LRRC14;NFKBIB;NLRX1;UBB;UBA52;IKBKG",0.7491381985441383,0.9031750106974754,,
"REACTOME_SIGNALING_BY_TGF_BETA_RECEPTOR_COMPLEX",93,0.2204307486475477,0.9092171639161164,0.6536050156739812,0.7696128323087572,"ITGA8;CDKN2B;SKIL;ITGB8;ITGAV;SMURF2;ITGB6;STAT1;RHOA;NEDD4L;TGFBR2;PPP1CB;PPM1A;PPP1R15A;CGN;TGFBR3;LTBP2;UBE2D3;TGFBR1;JUNB;UBE2D1;NCOR1;FKBP1A;SMAD4;CCNT2;SNW1;CCNC;SMAD7;USP15;SMURF1;F11R",0.8982253114811386,0.7861856168330266,,
"REACTOME_RUNX1_INTERACTS_WITH_CO_FACTORS_WHOSE_PRECISE_EFFECT_ON_RUNX1_TARGETS_IS_NOT_KNOWN",36,-0.23518806557207672,-0.8705955722964155,0.6576354679802956,0.7731509976611198,"SMARCB1;SMARCA4;CSNK2A2;SMARCD2;PHC2;SMARCD1;CBX2;ARID1A;SMARCC2;CBX8;CBX6",-1.0675855872188855,0.5118625872249061,,
"REACTOME_B_WICH_COMPLEX_POSITIVELY_REGULATES_RRNA_EXPRESSION",56,-0.22514681568695713,-0.9104666484664208,0.6580310880829016,0.7731509976611198,"POLR2E;POLR1A;POLR2F;POLR2H;MYBBP1A;KAT2A;ACTB;POLR1G;POLR2L;H2AX;TAF1C;POLR1C",-1.2744841127368556,0.19727449707981828,,
"REACTOME_RUNX1_REGULATES_GENES_INVOLVED_IN_MEGAKARYOCYTE_DIFFERENTIATION_AND_PLATELET_FUNCTION",59,-0.2168628063199378,-0.8971788721503958,0.6593137254901961,0.7736227206539513,"PRMT1;KMT2B;SETD1A;PRMT6;WDR5;HDAC1;H2AX;ZFPM1;MYL9;SIN3B;AGO1;SETD1B;KMT2D;NFE2;H2AJ;H2AC20",-0.8534922358313307,0.8387978142076502,,
"REACTOME_REGULATION_OF_INSULIN_LIKE_GROWTH_FACTOR_IGF_TRANSPORT_AND_UPTAKE_BY_INSULIN_LIKE_GROWTH_FACTOR_BINDING_PROTEINS_IGFBPS",94,0.2196955348492008,0.9103085347053456,0.6604651162790698,0.7736227206539513,"CP;GZMH;C3;VGF;KLK3;MIA3;CHGB;GOLM1;F5;KLK1;CSF1;KTN1;MGAT4A",1.2692726596620805,0.1943482893886712,,
"REACTOME_SIGNALING_BY_BRAF_AND_RAF1_FUSIONS",58,0.2335542574737357,0.887122426746886,0.6605657237936772,0.7736227206539513,"APBB1IP;RAP1A;AKAP9;BCL2L11;QKI;RAP1B;JAK2;ATG7;FAM114A2;KDM7A;ZC3HAV1;BRAF;CAMK2D;KRAS;NRAS",-0.9974179635945208,0.5989369158527084,,
"REACTOME_RA_BIOSYNTHESIS_PATHWAY",17,0.3023916345655837,0.8550892722942577,0.6636690647482014,0.776421443490369,"DHRS9;ADH1C;ALDH1A3;SDR16C5",0.552557229833783,0.9865508963001999,,
"REACTOME_ERCC6_CSB_AND_EHMT2_G9A_POSITIVELY_REGULATE_RRNA_EXPRESSION",41,-0.2342900852654231,-0.883162703884778,0.6666666666666666,0.7790905836018618,"MTA1;MTA2;GATAD2A;HDAC1;H2AX;RBBP7;MBD3;H2AJ;H2AC20;EHMT2",-1.1237645548967152,0.43490701001430615,,
"REACTOME_DEVELOPMENTAL_LINEAGE_OF_MAMMARY_GLAND_LUMINAL_EPITHELIAL_CELLS",20,0.2922602509040917,0.8637882964088642,0.6678966789667896,0.7796905436865527,"ESR1;SLPI;MUC1;ALDH1A3;PGR;CD44;KIT",1.0548641264819438,0.5505050505050505,,
"REACTOME_EXTRACELLULAR_MATRIX_ORGANIZATION",274,0.19389864488021497,0.927859869667836,0.6689466484268126,0.7800792641890377,"ITGAL;MADCAM1;VCAM1;TLL1;CTSS;ITGA4;ITGA8;CAPN2;ICAM3;SSPN;BMP2;TPSAB1;ADAMTS1;LAMA1;JAM2;CAPN9;CAST;CD47;ITGB8;A2M;TNXB;ITGAV;COL17A1;FMOD;ITGB6;COL14A1;UTRN;PECAM1;CAPN8;PSEN1;CASP3;ADAMTS3;COL9A2;CTSK;SGCB;PDGFA;ITGA1;NCAM1;COL4A6;SCUBE1;LTBP2;COL22A1;EFEMP1;ITGB2;NTN4;LAMA4;MFAP5;MMP19;MFAP3;TLL2;NCSTN;ITGA2;SNTB2;MMP13;LUM;ICAM2;COL4A4;HAPLN1;SGCE;DST;COL28A1;SH3PXD2A;CAPN7;LAMC2;MMP25;ITGB7;ITGAM;MMP1;ICAM1;COL4A5;DRP2;CAPN5;ITGA3;P3H2;F11R;ITGAE;CD44;COL23A1;KDR;MMP2;DDR2;FGF2;DCN;ITGA9;LAMA3;MMP3;VCAN",1.6967406324955059,1.0522717843032779e-4,,
"REACTOME_CYTOCHROME_P450_ARRANGED_BY_SUBSTRATE_TYPE",37,0.24812229235768418,0.8660791348240497,0.6716917922948074,0.7824418308530517,"ARNT;CYP7B1;CYP4V2;AHR;CYP3A5;TBXAS1;NCOA1;CYP3A4;NCOA2;CYP2U1;CYP2R1;CYP24A1;CYP1B1",0.8147234426325777,0.8344516748092737,,
"REACTOME_BMAL1_CLOCK_NPAS2_ACTIVATES_CIRCADIAN_EXPRESSION",25,0.2791865618330881,0.8714102117566973,0.6732851985559567,0.7826221111419668,"BHLHE41;CHD9;BHLHE40;TBL1XR1;NCOA1;NCOA2;KLF15",0.817346124046853,0.8347358596229233,,
"REACTOME_TGF_BETA_RECEPTOR_SIGNALING_IN_EMT_EPITHELIAL_TO_MESENCHYMAL_TRANSITION",16,0.3067500950445823,0.8511590080207597,0.6732851985559567,0.7826221111419668,"RHOA;TGFBR2;CGN;TGFBR1;FKBP1A;SMURF1;F11R",0.850231225029355,0.777392956753609,,
"REACTOME_NCAM_SIGNALING_FOR_NEURITE_OUT_GROWTH",54,-0.22412224697834585,-0.8973978277985498,0.6744791666666666,0.7831732479544645,"ARTN;SPTBN2;AGRN;SPTB;HRAS;CACNA1C;SPTBN5;CACNA1H;SRC",0.9896396541081866,0.6038264933547539,,
"REACTOME_AMINE_LIGAND_BINDING_RECEPTORS",15,0.30993506484557876,0.8444682641072015,0.6762589928057554,0.7844027549815158,"ADRB2;HRH1;HTR4;HRH2",0.9045800245068409,0.7151832883010042,,
"REACTOME_SIGNALING_BY_NOTCH3",46,0.2374804706671427,0.8673914165475737,0.6771004942339374,0.7845424256938487,"IKZF1;KAT2B;STAT1;MAMLD1;MAML2;APH1B;PSEN1;RBPJ;MIB1;PBX1",0.8600933195112466,0.7894585192733407,,
"REACTOME_CS_DS_DEGRADATION",17,-0.28362570968499856,-0.8699751624233205,0.679372197309417,0.7858040888387396,"CSPG4;GLB1L2;HYAL3;IDUA;GLB1;GUSB;HEXB;BGN;BCAN;HEXA",0.7843666511594767,0.8455674392602165,,
"REACTOME_RHOBTB1_GTPASE_CYCLE",23,-0.2667587919215001,-0.8693391760656417,0.6796338672768879,0.7858040888387396,"CCT7;CCT2;GPS1",-0.7281081780906152,0.9171276539697593,,
"REACTOME_SLC_MEDIATED_TRANSPORT_OF_ORGANIC_ANIONS",24,0.27315054428786856,0.8530116770392719,0.6811594202898551,0.7867318994430598,"SLC44A1;EMB;SLC16A7;SLC44A4;SLCO2A1",0.8318249013254807,0.805783624182141,,
"REACTOME_FRS_MEDIATED_FGFR4_SIGNALING",15,0.3084115261210579,0.840317136184205,0.6834532374100719,0.7885441381783227,"SOS1;KLB;FGF9;FRS2;KRAS;NRAS;FGF1",-1.0128995138312735,0.5752734126723212,,
"REACTOME_REPLACEMENT_OF_PROTAMINES_BY_NUCLEOSOMES_IN_THE_MALE_PRONUCLEUS",21,0.2832421966771525,0.852633440504445,0.6854545454545454,0.7900154083204931,"H3-3A;H2BC21;H2BC6;METTL23;H4C5;H2BC8;H2BC4;H3-3B;H4C8",-0.7132534208642431,0.9309036012814849,,
"REACTOME_ZBP1_DAI_MEDIATED_INDUCTION_OF_TYPE_I_IFNS",20,0.28509488385845505,0.8426107323222386,0.6863468634686347,0.79020675921044925,"TLR3;RIPK1;RIPK3;NFKBIA;NKIRAS1;NFKB1;TBK1;ZBP1",0.882882612078604,0.7328244274809161,,
"REACTOME_TP53_REGULATES_TRANSCRIPTION_OF_ADDITIONAL_CELL_CYCLE_GENES_WHOSE_EXACT_ROLE_IN_THE_P53_PATHWAY_REMAIN_UNCERTAIN",21,0.28165313501312966,0.8478499473326495,0.6909090909090909,0.794618489333077,"BTG2;CNOT6L;CNOT4;CNOT10;PLK2;RGCC;CNOT8;CPAP;CNOT2;CNOT6",-0.706320693973504,0.9323350150497554,,
"REACTOME_DEPOLYMERIZATION_OF_THE_NUCLEAR_LAMINA",15,-0.2895712405466933,-0.8439374793415244,0.6928251121076233,0.7951410569336437,"EMD;LMNB1;CCNB1;LPIN3;LEMD2",0.6830180003398842,0.9302365020032363,,
"REACTOME_LONG_TERM_POTENTIATION",15,-0.28933001793138186,-0.8432344509415294,0.6928251121076233,0.7951410569336437,"GRIN2B;SRC;GRIN2D;DLG3;CAMK2G",-1.0083178369170593,0.5771770717531645,,
"REACTOME_EGFR_DOWNREGULATION",28,0.2623680004791116,0.8425143613285286,0.7010869565217391,0.8024316109422492,"HBEGF;STAM2;EPS15;CDC42;SPRY1;BTC;PTPRK;PTPN12;EGFR",-0.47792343097229534,1,,
"REACTOME_NEGATIVE_REGULATION_OF_FGFR2_SIGNALING",24,0.26981812728463733,0.8426049959033021,0.7010869565217391,0.8024316109422492,"FGF7;PPP2CB;FGF9;FRS2;BRAF;FGF1;FGF10;FGFR2",0.7820032883589748,0.8603406326034063,,
"REACTOME_PKA_ACTIVATION_IN_GLUCAGON_SIGNALLING",15,0.3029532360055197,0.8254451410417433,0.7014388489208633,0.8024316109422492,"PRKAR2B;PRKAR1A;PRKACB",0.899337477172655,0.7199807491778294,,
"REACTOME_SIGNALING_BY_EGFR",50,0.23009259218307315,0.8542821221775699,0.7021276595744681,0.8024316109422492,"HBEGF;SOS1;PAG1;GAB1;STAM2;PIK3CA;EPS15;KRAS;NRAS;CDC42;SPRY1;BTC;PTPRK;PTPN12;EGFR",-0.7385483717975251,0.9481886534518112,,
"REACTOME_NOTCH4_INTRACELLULAR_DOMAIN_REGULATES_TRANSCRIPTION",19,0.2863400383360767,0.8279084125104595,0.7055555555555556,0.8055030896583887,"KAT2B;MAMLD1;MAML2;RBPJ",0.7491229756587586,0.8668668668668669,,
"REACTOME_NR1H2_AND_NR1H3_MEDIATED_SIGNALING",41,-0.22613691993280102,-0.8524291304507133,0.706766917293233,0.8060402578773977,"FASN;NCOR2;KDM4A;TBL1X;AGO2;SREBF1;AGO1;EEPD1;KDM1A;HDAC3;GPS2;PLTP;SCD;RXRA;EP300;NR1H3;NR1H2",-0.8413934897627493,0.806908462867012,,
"REACTOME_METABOLISM_OF_NITRIC_OXIDE_NOS3_ACTIVATION_AND_REGULATION",17,0.2901876999124193,0.8205795424973582,0.710431654676259,0.807651074874457,"CAV1;ZDHHC21;WASL;NOSTRIN;LYPLA1",-0.9068146242060164,0.7288712851921125,,
"REACTOME_THE_PHOTOTRANSDUCTION_CASCADE",22,-0.2604917754123502,-0.8443873927665368,0.7108167770419426,0.807651074874457,"GNB1;GUCA1B;GRK1;FNTB;NMT1;METAP1;GRK4;CALM1;METAP2;SLC24A1;CAMKMT",-0.984722705862581,0.6313982157451222,,
"REACTOME_SIGNALING_BY_INSULIN_RECEPTOR",62,0.2256331590175376,0.8649306451016469,0.7109243697478992,0.807651074874457,"SOS1;ATP6V0D2;GAB1;FGF7;PIK3CA;THEM4;KLB;ATP6V1A;FGF9;FRS2;ATP6V1D;KRAS;NRAS;FGF1;PIK3C3;FGF10;ATP6V1C1;INSR;FGFR2;PIK3CB;PIK3R4",-0.9237956649936814,0.7336860670194003,,
"REACTOME_RND3_GTPASE_CYCLE",40,0.23639762402294312,0.8402326818997466,0.7111486486486487,0.807651074874457,"CCDC88A;CAV1;ROCK1;KTN1;RND3;MUC13;ARHGAP5;PICALM;ARHGAP21;ANKRD26;DST;RASAL2;VANGL2;LEMD3",0.6619546894626583,0.9712621226140298,,
"REACTOME_SIGNAL_TRANSDUCTION_BY_L1",20,-0.2602735460903626,-0.831618889875432,0.7195652173913043,0.8163576188964954,"CSNK2A2;MAP2K1;VAV2;MAP2K2",-0.7845448844694023,0.8583703127486165,,
"REACTOME_RSV_HOST_INTERACTIONS",82,0.2133804159471173,0.8701978652570621,0.7210776545166403,0.8168706120997378,"TLR7;TLR6;TLR3;LY96;CX3CR1;CD209;RIGI;MED23;IFNAR1;STAT2;GPC6;IFIH1;UBE2L6;CDK19;IFNAR2",1.007505452484188,0.5831363278171788,,
"REACTOME_DNA_DAMAGE_TELOMERE_STRESS_INDUCED_SENESCENCE",49,-0.21895067542756932,-0.8587298030510779,0.7215189873417721,0.8168706120997378,"HIRA;CABIN1;CCNE1;LMNB1;CCNA2;H2AX;RAD50;HMGA1;EP400;HMGA2;H2AJ;H2AC20;KAT5;ACD",-1.0299662420648283,0.5771770717531645,,
"REACTOME_RECOGNITION_AND_ASSOCIATION_OF_DNA_GLYCOSYLASE_WITH_SITE_CONTAINING_AN_AFFECTED_PURINE",30,0.2539887496474454,0.8326812443636042,0.7283950617283951,0.8237981571314905,"POT1;H2AC6;H2BC21;TERF1;H2BC6;H4C5;H2BC8;H2BC4;TINF2;H4C8;TERF2IP",0.7578850058878854,0.8942784198557995,,
"REACTOME_RND1_GTPASE_CYCLE",41,0.23320303483910054,0.8349363731566626,0.7296849087893864,0.82379970544919,"STMN2;CCDC88A;CAV1;TMEM59;FAM135A;FRS2;MUC13;ARHGAP5;EPSTI1;KIF14;ANKRD26;DST;RASAL2;VANGL2;LEMD3",0.7008243873853793,0.9490958018682685,,
"REACTOME_RIP_MEDIATED_NFKB_ACTIVATION_VIA_ZBP1",17,0.2834354318466356,0.8014857868284841,0.7302158273381295,0.82379970544919,"TLR3;RIPK1;RIPK3;NFKBIA;NKIRAS1;NFKB1",0.9289348107456403,0.6706398426864316,,
"REACTOME_SIGNALING_BY_RETINOIC_ACID",34,-0.2280409785217756,-0.8353183028417015,0.7322274881516587,0.82379970544919,"PDHA1;PDHX;PDK3;RDH16;ADH4;CRABP2;RARG;AKR1C3;PPARD;PDK2;ALDH1A1;RXRA;RARA;RDH5;RDH10;DLAT;PDHB;RDH11;PDK1;RDH13;DHRS3",-1.018785449907421,0.5831363278171788,,
"REACTOME_TRANSCRIPTIONAL_REGULATION_BY_THE_AP_2_TFAP2_FAMILY_OF_TRANSCRIPTION_FACTORS",31,-0.23153736875435071,-0.8279922808254331,0.7325581395348837,0.82379970544919,"ERBB2;PITX2;NOP2;WWOX;HSPD1;VEGFA;MYBL2",0.644018195914171,0.9665835912809279,,
"REACTOME_UPTAKE_AND_ACTIONS_OF_BACTERIAL_TOXINS",28,0.2537055301107121,0.8146974946503058,0.7336956521739131,0.82379970544919,"VAMP2;HBEGF;PDCD6IP;SYT2;ANTXR2;ANTXR1;SV2B;STX1A;VAMP1",1.0610492064185237,0.5373863099144105,,
"REACTOME_INTRINSIC_PATHWAY_OF_FIBRIN_CLOT_FORMATION",15,0.2954201036015843,0.8049199021578805,0.7338129496402878,0.82379970544919,"A2M;PROS1;SERPING1;GP1BA;PRCP;F8",0.8710669001012846,0.7498973046418302,,
"REACTOME_DEVELOPMENTAL_CELL_LINEAGES_OF_THE_INTEGUMENTARY_SYSTEM",49,-0.21668618114336285,-0.8498484021287492,0.7341772151898734,0.82379970544919,"CNN1;ERBB2;KLK7;CSPG4;MME;MYH11;ACTA2;TFRC;KRT15;KRT18;KRT8;PRSS3;TFAP2A;AREG;ALDH1A1;ITGB4",1.0021476507162117,0.5990254257731461,,
"REACTOME_TRANSLOCATION_OF_SLC2A4_GLUT4_TO_THE_PLASMA_MEMBRANE",63,0.22145224177229836,0.8529976446337008,0.7344537815126051,0.82379970544919,"VAMP2;KIFAP3;EXOC8;RAB14;RAB4A;EXOC1;C2CD5;PRKAG2;LNPEP;PRKAB2;YWHAZ;RALA;STXBP3;RAB13;EXOC5;MYO5A;PRKAB1;RAC1;RAB10",-0.9233503132832311,0.742468798806827,,
"REACTOME_RHOQ_GTPASE_CYCLE",58,-0.20974688912196437,-0.8593658115868841,0.7356608478802993,0.8243038130728791,"STEAP3;SLC1A5;SCRIB;PAK4;CDC42EP1;LAMTOR1;ARHGAP33;CDC42BPB;ARHGAP35;PLEKHG3;TFRC;GIT1",-0.998658749643385,0.5971045783365045,,
"REACTOME_TGFBR3_EXPRESSION",21,-0.2528972400873149,-0.8146036033728149,0.7367256637168141,0.8246476565060635,"TCF3;AGO2;AGO1;MYCN;TCF12;RXRA;KLF16;EP300;RARA",-0.9130121726905289,0.7133059793298024,,
"REACTOME_CONDENSATION_OF_PROPHASE_CHROMOSOMES",38,-0.2195041372967365,-0.8262561398511186,0.739454094292804,0.8265906932573598,"PLK1;NCAPH2;CCNB1;H2AX;NCAPD3;PHF8;KMT5A;H2AJ;H2AC20",-0.9819502468351566,0.622487090572197,,
"REACTOME_EPIGENETIC_REGULATION_BY_WDR5_CONTAINING_HISTONE_MODIFYING_COMPLEXES",130,-0.1882618312408422,-0.8936470674368544,0.7402985074626866,0.8265906932573598,"MCRS1;NCOR2;MED24;HCFC1;KMT2B;SETD1A;TBL1X;DGAT2;KAT2A;PHLDA1;WDR5;AKAP8L;AJUBA;MED12;MEN1;MED10;BOD1;H2AX;CXXC1;PLIN2;CDK5;HDAC3;MED14;CEBPA;SETD1B;NCOA6;CDK8;KMT2D;GPS2;ELOVL5;KANSL3;PAXIP1;H2AJ;H2AC20;MED27;SCD5;SCD;LIPE;YEATS2;RXRA;SGF29;KANSL2;KAT8;ANGPTL4;MED17",-0.8564992450642823,0.9252342936480389,,
"REACTOME_FORMATION_OF_THE_URETERIC_BUD",19,0.27659694191750134,0.7997377398524795,0.7407407407407407,0.8265906932573598,"ITGA8;GFRA1;GREM1;EYA1",1.0179815294811028,0.5816725816725816,,
"REACTOME_METALLOPROTEASE_DUBS",25,0.2625987402826843,0.8196355239102906,0.7436823104693141,0.8290229034739894,"KAT2B;NLRP3;H2AC11;H2AC6",0.814567471530177,0.8402063447935008,,
"REACTOME_WNT5A_DEPENDENT_INTERNALIZATION_OF_FZD4",15,-0.27478575244228404,-0.8008460882969184,0.7466367713004485,0.8313376535448302,"AP2A1;AP2A2;CLTA;AP2M1",-0.8416005571176285,0.7861856168330266,,
"REACTOME_TBC_RABGAPS",43,-0.22252672011471694,-0.8415110053154389,0.7474747474747475,0.8313376535448302,"GGA1;ULK1;RAB35;TBC1D16;RAB6B;TBC1D25;TBC1D24;RAB11B;TBC1D10B",-0.8696442152562787,0.7955309876868182,,
"REACTOME_RESPIRATORY_SYNCYTIAL_VIRUS_RSV_ATTACHMENT_AND_ENTRY",22,0.2633775193510245,0.80254887232661265,0.7486338797814208,0.8313376535448302,"LY96;CX3CR1;RAB5A;GPC6;RAB5B;TLR4;EGFR",0.8873190650825521,0.7266843317834942,,
"REACTOME_TRANSCRIPTIONAL_REGULATION_BY_E2F6",34,-0.22373626924060386,-0.8195500734897477,0.7488151658767772,0.8313376535448302,"E2F1;L3MBTL2;EHMT1;RAD51;RBBP7;PCGF2;UXT",-1.1326854362071772,0.42250700022482474,,
"REACTOME_EPHA_MEDIATED_GROWTH_CONE_COLLAPSE",26,0.2559685291563861,0.8084681469393854,0.7522441651705566,0.8342932229414531,"EFNA5;ROCK1;RHOA;EPHA4;YES1",1.085813613622219,0.49896988682866256,,
"REACTOME_ERK_MAPK_TARGETS",22,-0.25231964589937783,-0.8178973313360521,0.7549668874172185,0.8360971795058423,"ELK1;DUSP7;PPP2R5D;PPP2R1A",0.7563755573250172,0.8837157313501792,,
"REACTOME_DISEASES_ASSOCIATED_WITH_O_GLYCOSYLATION_OF_PROTEINS",58,0.22100140270340438,0.8394422041428949,0.7554076539101497,0.8360971795058423,"GALNT12;MUC4;THSD7A;MUC5AC;ADAMTS1;SPON1;GALNT3;MUC1;ADAMTS3",1.0701018773955957,0.49896988682866256,,
"REACTOME_APOPTOTIC_FACTOR_MEDIATED_RESPONSE",20,-0.2537640710957414,-0.8108199940597992,0.7565217391304347,0.8364793213149523,"C1QBP;BAX;CDKN2A;AVEN;BAK1",-0.8840099193058092,0.7514810876500075,,
"REACTOME_MEIOTIC_RECOMBINATION",48,0.22308744380220275,0.8207118228607557,0.7594728171334432,0.8388897716154174,"ATM;H3-3A;H2AC6;H2BC21;MLH3;NBN;H3C8;H2BC6;MRE11;H4C5;H3C6;H2BC8;H2BC4;MLH1;DMC1;H3-3B;H4C8",-0.7754444653882349,0.8991271112029336,,
"REACTOME_SEROTONIN_NEUROTRANSMITTER_RELEASE_CYCLE",15,0.28805135004848437,0.7848425400668229,0.7607913669064749,0.8389416395441626,"VAMP2;SLC18A2",0.9628882963591491,0.6490237368020556,,
"REACTOME_SYNTHESIS_OF_VERY_LONG_CHAIN_FATTY_ACYL_COAS",18,-0.2596184733739464,-0.8054043723920853,0.7610619469026548,0.8389416395441626,"HACD3;ELOVL1;TECR;HACD1",0.7616444430754294,0.8618933317721444,,
"REACTOME_SIGNALING_BY_TGFB_FAMILY_MEMBERS",147,0.19642076749426696,0.8650431888545893,0.7631975867269984,0.8404443060313505,"ITGA8;BMP2;TCF4;CDKN2B;SKIL;ITGB8;ITGAV;SMURF2;BMPR2;ITGB6;STAT1;RHOA;APH1B;NEDD4L;ACVRL1;PSEN1;TGFBR2;PPP1CB;PPM1A;PPP1R15A;CGN;TGFBR3;LTBP2;UBE2D3;TGFBR1;JUNB;UBE2D1;NCOR1;FKBP1A;SMAD1;NCSTN;SMAD4;GREM2;ACVR2A;CCNT2;CHRDL1;SNW1;CCNC;FOXH1;SMAD7;USP15;SMURF1;SMAD9;TNRC6A;INHBA;F11R",0.9477105741215451,0.6922955526081628,,
"REACTOME_NEUROTRANSMITTER_RELEASE_CYCLE",35,0.23219213634876545,0.7984537315250101,0.7652027027027027,0.8418003443281502,"VAMP2;ARL6IP5;SLC18A2;SLC38A2;STXBP1;APBA1;SLC1A3;GLS;STX1A;ALDH5A1;TSPOAP1;SLC6A12;NAAA;LIN7A",0.8901174332656906,0.7351118095774922,,
"REACTOME_ASPIRIN_ADME",17,-0.25738586089570054,-0.7894887469365642,0.7713004484304933,0.8471059681014017,"CES1;CYP2D6;BSG;UGT2B7;ABCC2;UGT2A3",-1.1017544547619957,0.4687216319095053,,
"REACTOME_NRIF_SIGNALS_CELL_DEATH_FROM_THE_NUCLEUS",15,0.28617647109068267,0.7797341287946269,0.7715827338129496,0.8471059681014017,"APH1B;PSEN1;TRAF6;NCSTN",1.0341795052289078,0.5622816164498838,,
"REACTOME_SPHINGOLIPID_METABOLISM",95,-0.19423136411313677,-0.8673890981069496,0.7728531855955678,0.8476454293628808,"SMPD4;SPNS2;FUT1;ORMDL2;ABCC1;GLA;SPHK2;PLPP2;ARSL;GAL3ST1;GLB1L2;ST3GAL2;GBA2;SPHK1;CYB5B;ARSI;NEU4;SMPD2;A4GALT;ORMDL3;CERK;DEGS2;B4GALNT1;GLB1;SGPL1;CTSA;CERS4",0.717781065120091,0.9665835912809279,,
"REACTOME_AFLATOXIN_ACTIVATION_AND_DETOXIFICATION",16,-0.2643490910557541,-0.7924090318425315,0.7767857142857143,0.8509681232969536,"GGT1;DPEP1;ACY3;ACY1",-0.7356501935089663,0.8991271112029336,,
"REACTOME_BIOSYNTHESIS_OF_THE_N_GLYCAN_PRECURSOR_DOLICHOL_LIPID_LINKED_OLIGOSACCHARIDE_LLO_AND_TRANSFER_TO_A_NASCENT_PROTEIN",75,0.2125838479398116,0.8478650585793999,0.7798013245033113,0.8509681232969536,"ST8SIA1;ST8SIA4;UAP1;ST3GAL5;SLC35A1;ST3GAL4;ST6GALNAC1;ALG11;NUS1;NPL",0.8936099136426112,0.786204446406675,,
"REACTOME_TRANSCRIPTIONAL_AND_POST_TRANSLATIONAL_REGULATION_OF_MITF_M_EXPRESSION_AND_ACTIVITY",51,0.22102608370882015,0.8234294158593377,0.7801302931596091,0.8509681232969536,"TFEC;CREB1;TNFSF11;KITLG;EDNRB;CSF1;EDN1;YWHAZ;EDN3",0.8933784357988332,0.7514810876500075,,
"REACTOME_MISMATCH_REPAIR",15,-0.2652323321438372,-0.7730032354274832,0.7802690582959642,0.8509681232969536,"POLD1;LIG1",-0.7792586107145271,0.8475341141076609,,
"REACTOME_HOMOLOGOUS_DNA_PAIRING_AND_STRAND_EXCHANGE",43,-0.2147025087649281,-0.8119228284197968,0.7803030303030303,0.8509681232969536,"XRCC3;RAD51D;RAD51;RAD51C;RAD9A;RAD50;DNA2;BLM;KAT5;RFC5;RHNO1;TOP3A;SEM1;CHEK1;RAD51AP1;RFC2;BRCA1",-1.2228670866162756,0.2590921719343274,,
"REACTOME_BIOSYNTHESIS_OF_SPECIALIZED_PRORESOLVING_MEDIATORS_SPMS",15,0.28326659784796815,0.7718057080227745,0.7805755395683454,0.8509681232969536,"HPGD;ALOX5;CYP3A4;PTGS2",0.5978821260568292,0.9712621226140298,,
"REACTOME_NEGATIVE_REGULATION_OF_MET_ACTIVITY",19,0.2673186662699088,0.7729110253389578,0.7833333333333333,0.8531197864531198,"HGF;STAM2;EPS15;MET;PTPN2",-0.8327273611079696,0.8263081947292472,,
"REACTOME_LATE_ENDOSOMAL_MICROAUTOPHAGY",33,-0.22003501962530195,-0.7991518065051274,0.7900943396226415,0.859622641509434,"HDAC6;UBB;UBA52;MVB12B;PLIN2;PLIN3;VPS37C;CHMP6;PARK7;CHMP4B;VPS28;HSPA8;UBC;TSG101;PCNT",-0.8723957310484667,0.7547440028643038,,
"REACTOME_TRAFFICKING_OF_AMPA_RECEPTORS",23,-0.24385415234956997,-0.7946953364001743,0.7940503432494279,0.863063709745632,"AP2A1;PICK1;AP2A2;CAMK2G;MDM2;AP2M1;GRIP1;CACNG8;EPB41L1",-0.8652132904472293,0.7872376432881234,,
"REACTOME_POLYMERASE_SWITCHING_ON_THE_C_STRAND_OF_THE_TELOMERE",25,-0.23141977491142773,-0.7827458279760522,0.7991071428571429,0.8676931850584546,"POLD1;DSCC1;CHTF18;POLA1;POLD2;RFC5;ACD;PRIM1;POLA2;PCNA;RFC2;CHTF8;RFC3;RFC4;STN1",-1.0224547269941469,0.5787676090918019,,
"REACTOME_SARS_COV_1_ACTIVATES_MODULATES_INNATE_IMMUNE_RESPONSES",40,0.22543993305089827,0.8012855473381221,0.8006756756756757,0.8685295464956482,"TLR7;RIGI;NLRP3;IFIH1;TRAF6;RIPK3;NFKBIA;FKBP1A;SIKE1;STING1;NFKB1;BST2;TBK1;NMI",0.7915974719615109,0.8668668668668669,,
"REACTOME_CS_GAG_BIOSYNTHESIS",19,-0.2450000319418549,-0.7746894913318576,0.803030303030303,0.8699380200664316,"CHPF;CSPG4;CSGALNACT1;CHST12;CHST13",0.9425171466945949,0.6607850658483571,,
"REACTOME_SLC_MEDIATED_TRANSPORT_OF_INORGANIC_ANIONS",20,-0.24170712792010973,-0.7722959801919863,0.8043478260869565,0.8699380200664316,"SLC4A2;SLC12A7;SLC4A3",0.660953194425632,0.9385796545105566,,
"REACTOME_PHASE_0_RAPID_DEPOLARISATION",20,0.2546934528600179,0.7527579377348922,0.8044280442804428,0.8699380200664316,"SCN3B;SCN3A;FGF13;SCN4B;CAMK2D",-0.7758364421358612,0.8668668668668669,,
"REACTOME_KERATAN_SULFATE_KERATIN_METABOLISM",34,0.22600294053794034,0.7724183139094556,0.8051724137931034,0.8699380200664316,"B3GNT7;ST3GAL4;B4GALT4;FMOD;CHST2;CHST5;OGN;LUM;GNS",1.2894911237406814,0.27247346469327877,,
"REACTOME_NEGATIVE_REGULATION_OF_FGFR3_SIGNALING",22,-0.23899877998541463,-0.7747175755810812,0.8145695364238411,0.8792179123304951,"PPP2R1A;UBB;SRC;UBA52;FGFR3;FGF18",-0.7462028108859324,0.9031750106974754,,
"REACTOME_DEVELOPMENTAL_LINEAGES_OF_THE_MAMMARY_GLAND",31,-0.21573798771559952,-0.7714926945500756,0.8162790697674419,0.8801899186392238,"CNN1;ERBB2;MME;MYH11;ACTA2;KRT18;KRT8;TFAP2A;AREG;ALDH1A1;MFGE8",1.037947270707398,0.5517315657914222,,
"REACTOME_TRANSCRIPTIONAL_ACTIVITY_OF_SMAD2_SMAD3_SMAD4_HETEROTRIMER",50,-0.20221559049464083,-0.7982405281509025,0.8209718670076727,0.8835582208895552,"YBX1;NCOR2;USP9X;MEN1;UBB;HDAC1;E2F4;SKI;UBA52;FURIN",-0.8403559679205763,0.8509686107945718,,
"REACTOME_SYNTHESIS_OF_PIPS_AT_THE_GOLGI_MEMBRANE",15,-0.25223701308543894,-0.7351291813996108,0.8228699551569507,0.8835582208895552,"INPP5E;ARF1;VAC14;PI4K2A;OCRL;PI4KA",-0.6509684100079771,0.9594997868409834,,
"REACTOME_CARDIAC_CONDUCTION",89,0.20109552799320918,0.823556949519652,0.8229665071770335,0.8835582208895552,"KAT2B;AKAP9;CLIC2;SCN3B;SCN3A;ITPR1;KCND3;ASPH;HIPK1;FGF13;KCNK3;FKBP1B;KCNK13;SCN4B;CAMK2D;ATP2A3;SRI;KCNK1;SLC8A1",0.9845885394445615,0.6224291202781906,,
"REACTOME_SCAVENGING_BY_CLASS_A_RECEPTORS",16,-0.2537923653396273,-0.760764342728095,0.8236607142857143,0.8835582208895552,"CALR;FTH1;MASP1;COL1A1",1.1108877960641435,0.4661176951165444,,
"REACTOME_SIGNALING_BY_TGFBR3",41,0.21791585760316862,0.780203722160167,0.824212271973466,0.8835582208895552,"TCF4;APH1B;PSEN1;TGFBR2;TGFBR3;TGFBR1;NCSTN;SMAD4;ACVR2A;TNRC6A;INHBA;AGO4;FGF2;SP1;TIMP2;ARRB1",0.8892877903029002,0.7418082380080209,,
"REACTOME_BUDDING_AND_MATURATION_OF_HIV_VIRION",28,0.23392364476505398,0.7511740372643573,0.8242753623188406,0.8835582208895552,"PDCD6IP;CHMP2B;NEDD4L;VPS4B;CHMP3;CHMP4A",-0.6317914318391231,0.9865508963001999,,
"REACTOME_EPIGENETIC_REGULATION_OF_GENE_EXPRESSION_BY_MLL3_AND_MLL4_COMPLEXES",98,0.19816725939465565,0.8233279569443421,0.8255451713395638,0.8840483724581157,"LPL;PLIN1;FABP4;PDK4;CD36;NR5A2;MED23;TBL1XR1;H3-3A;RB1;CIDEC;H2AC6;H2BC21;NCOA1;ASH2L;RBBP5;NCOA2;NCOR1;H3C8;H2BC6;CCNC;MED7;KMT2C;H4C5;H3C6;H2BC8;H2BC4",0.7567336270569547,0.9552846972981297,,
"REACTOME_PLATELET_SENSITIZATION_BY_LDL",16,0.26874438003588147,0.7457021321843431,0.8285198555956679,0.8857712432394371,"PPP2R5A;PPP2R5E;PECAM1;PPP2CB;PLA2G4A",0.7597252596511919,0.8746198376314703,,
"REACTOME_LAMININ_INTERACTIONS",30,0.23299012607809858,0.7638389825393412,0.8289241622574955,0.8857712432394371,"LAMA1;ITGAV;ITGA1;COL4A6;LAMA4;ITGA2;COL4A4;LAMC2;COL4A5;ITGA3",1.3314721024923208,0.22054054054054054,,
"REACTOME_VXPX_CARGO_TARGETING_TO_CILIUM",17,-0.2392203808230047,-0.7337691279559968,0.8295964125560538,0.8857712432394371,"RAB11FIP3;PKD1;EXOC3;GBF1;RAB11A",0.5931931815426077,0.9792649792649792,,
"REACTOME_ACTIVATED_NOTCH1_TRANSMITS_SIGNAL_TO_THE_NUCLEUS",29,-0.2206278755794986,-0.7765198172550426,0.834841628959276,0.8904977375565611,"DLL4;NOTCH1;UBB;DTX2;UBA52;MIB2",0.6517096776496922,0.9651291973323034,,
"REACTOME_AMYLOID_FIBER_FORMATION",64,0.20510470338596531,0.794709924929063,0.8358458961474037,0.8906957247878308,"LTF;ITM2B;B2M;SAA1;H3-3A;APH1B;H2AC6;H2BC21;UBE2L6;NCSTN;SORL1;SIAH1;H3C8;PRKN;H2BC6;GSN;H4C5;H3C6;H2BC8;H2BC4;SNCA;H3-3B;H4C8",-0.726630924913818,0.9676438937507733,,
"REACTOME_RESPIRATORY_SYNCYTIAL_VIRUS_INFECTION_PATHWAY",105,0.1916524930142874,0.8067037320767314,0.8390092879256966,0.8923944674778934,"TLR7;TLR6;TLR3;LY96;CX3CR1;CD209;RIGI;MED23;IFNAR1;RAB5A;STAT2;SPCS3;PPP1CB;GPC6;IFIH1;UBE2L6;CDK19;IFNAR2",0.8228598814249406,0.8837157313501792,,
"REACTOME_REGULATION_OF_ENDOGENOUS_RETROELEMENTS_BY_KRAB_ZFP_PROTEINS",70,0.20129838545256673,0.7969941443367283,0.8390804597701149,0.8923944674778934,"ZNF331;H3-3A;H2AC6;H2BC21;ZNF33A;GATAD2B;ZNF136;ZNF765;ZNF224;ZNF680;ZNF816;H3C8;ATF7IP;H2BC6;ZNF669;H4C5;ZNF28;H3C6;H2BC8;ZNF708;H2BC4;H3-3B;H4C8;SETDB1;SUMO2",-0.7984506359132876,0.9222668698905362,,
"REACTOME_INTRAFLAGELLAR_TRANSPORT",49,-0.19959977828611034,-0.7828351201107467,0.8405063291139241,0.8930379746835444,"TUBA1B;TUBB4B;TUBA1C;TUBA4A;TUBB6",-1.076657698833291,0.49550599424017144,,
"REACTOME_HDMS_DEMETHYLATE_HISTONES",30,-0.21486876483853515,-0.7649492886020574,0.8436781609195402,0.8955335015419119,"KDM5C;KDM2B;KDM4A",0.6202518119400546,0.9786915887850467,,
"REACTOME_PURINE_CATABOLISM",15,-0.24504491080930063,-0.7141682439300217,0.8475336322869955,0.8987491149398159,"NUDT9;NUDT5;PNP;DNPH1;NT5C",-0.992039678348567,0.5989369158527084,,
"REACTOME_RHO_GTPASES_ACTIVATE_CIT",19,-0.23527717333771583,-0.7439458366203363,0.8506493506493507,0.9011747745924961,"PRC1;MYH11;MYL9;MYH9;CIT;MYH14;RHOB",0.6638848814059227,0.9385796545105566,,
"REACTOME_BASE_EXCISION_REPAIR_AP_SITE_FORMATION",37,0.20997728753102712,0.7329327235757368,0.8542713567839196,0.9041315527051601,"POT1;MBD4;H2AC6;H2BC21;TERF1;H2BC6;H4C5;H2BC8;H2BC4;TINF2;H4C8;TERF2IP",0.5072754180703779,0.9970018060337542,,
"REACTOME_FIBRONECTIN_MATRIX_FORMATION",19,-0.23430129922025203,-0.7408601250893215,0.8571428571428571,0.9062890462307371,"COL1A1;FN1;COL2A1;ITGA5;COL5A1;COL3A1;CEACAM6;COL1A2;COL4A2;COL5A3",1.387650973205481,0.1983139667350194,,
"REACTOME_ENERGY_DEPENDENT_REGULATION_OF_MTOR_BY_LKB1_AMPK",28,-0.21930689986074714,-0.765115919189047,0.86,0.9075460717749757,"MLST8;RPTOR;MTOR;CAB39L;LAMTOR1;LAMTOR5;STK11;RRAGA;PRKAG1;TSC2;PRKAA2",-0.8791846875084963,0.7526881720430109,,
"REACTOME_RND2_GTPASE_CYCLE",42,-0.20403836868626904,-0.769426566495287,0.86,0.9075460717749757,"SCRIB;PRAG1;DLG5;WDR6;ARHGAP35;TFRC;TNFAIP1;EPHA2;RND2;FRS3;RBMX;PLXND1;NISCH;GOLGA3;NUDC",-0.8692013636913971,0.7961309679923626,,
"REACTOME_TRANSLESION_SYNTHESIS_BY_POLK",17,-0.23168931075359947,-0.7106688105900962,0.8654708520179372,0.9124343866235618,"UBB;UBA52;MAD2L2;RFC5;PCNA;UBC;RFC2;RFC3;RFC4;RPA1",-0.6196756973136782,0.9726884672047545,,
"REACTOME_PARACETAMOL_ADME",22,0.23195484423708781,0.7067994988025761,0.8706739526411658,0.9170312298873071,"SULT1C4;ABCG2;UGT1A10;GGT6",0.8447680092503471,0.7678967533776971,,
"REACTOME_CROSSLINKING_OF_COLLAGEN_FIBRILS",18,0.23922474076765773,0.6864070798889327,0.8745454545454545,0.9202180411464743,"TLL1;COL4A6;TLL2;COL4A4;COL4A5",1.39370989775191,0.19373352052871282,,
"REACTOME_ARACHIDONATE_METABOLISM",44,0.20258388672659144,0.7332961147098123,0.8851913477537438,0.9305199868174621,"PTGDS;HPGDS;HPGD;ALOX15B;ALOX5;TBXAS1;DPEP2;PTGS2",1.0632710200333577,0.5156156156156156,,
"REACTOME_DNA_METHYLATION",29,0.21995496999623554,0.7132934357946327,0.8875,0.9320463320463319,"H3-3A;H2AC6;H2BC21;H3C8;H2BC6;H4C5;H3C6;H2BC8;H2BC4;H3-3B;H4C8",-0.6310977981191638,0.9801049033058864,,
"REACTOME_ION_HOMEOSTASIS",39,-0.19143824858726063,-0.7222431165941927,0.8924205378973105,0.9361243097470143,"KCNJ11;ORAI1;DMPK;CAMK2G;RYR3;ITPR3;STIM1;FXYD6;ATP2A2;CALM1;RYR2;FXYD3;ITPR2;ATP1A1;ORAI2",0.7150833492337506,0.9346879121662567,,
"REACTOME_KIDNEY_DEVELOPMENT",39,0.20261226008832006,0.7174865386167888,0.893760539629005,0.9361243097470143,"ITGA8;GFRA1;GREM1;EYA1;PLAC8;HOXA6;SLIT2;SALL1;MECOM;GDNF;ID4;FGF2;DLL1",0.9830508375733188,0.6200564912995912,,
"REACTOME_DISEASES_OF_PROGRAMMED_CELL_DEATH",69,-0.18203115918034055,-0.7751227234332951,0.8947368421052632,0.9361243097470143,"PRDX2;C1QBP;DNMT3B;LMNB1;DNMT1;CAPN1;PRDX1;CDKN2A;FADD;H2AX;RBBP7;CDK5R1;CDK5;CDC25B;POLA1;H2AJ;H2AC20;CDC25C;CDC25A;CAPNS1",-0.9644783244551922,0.664744630071599,,
"REACTOME_APOPTOTIC_CLEAVAGE_OF_CELLULAR_PROTEINS",38,0.199795144743667,0.703998419475611,0.8948247078464107,0.9361243097470143,"BIRC2;BMX;ROCK1;CASP3;CASP7;DSG2;VIM;GSN;LMNA;CASP8;PKP1;OCLN",0.7265581426644723,0.9222668698905362,,
"REACTOME_COBALAMIN_CBL_VITAMIN_B12_TRANSPORT_AND_METABOLISM",18,0.23211912843152765,0.6660189603373565,0.8963636363636364,0.9367157022388214,"CUBN;LMBRD1;MTR;TCN1;MMAA;MTRR;MMUT",0.6275087584477442,0.9602082392553661,,
"REACTOME_FOXO_MEDIATED_TRANSCRIPTION_OF_CELL_DEATH_GENES",16,0.2496507906196835,0.6927219346568256,0.8971119133574007,0.9367157022388214,"BCL2L11;FOXO1;CITED2;FASLG;FOXO4",0.9113368006911912,0.7054777141890558,,
"REACTOME_DEVELOPMENTAL_CELL_LINEAGES",107,0.18392365481314776,0.773492597877003,0.8992248062015504,0.9380216578593354,"ESR1;CA2;SLC4A4;TFPI2;SLPI;LAMA1;ABCG2;KLK1;CD74;FGF7;SPINK5;KRT7;MUC1;ALDH1A3;LAMA4;AQP3;AQP8;FGF10;EGFR;VIM;LAMC2;PGR;CD44;KIT;BHLHA15;FGF2;CFTR;DLL1;PROM1;DMKN;LAMA3",1.1779729779766184,0.33008106402601817,,
"REACTOME_MRNA_DECAY_BY_5_TO_3_EXORIBONUCLEASE",15,0.24706235132060808,0.6731613767222754,0.9010791366906474,0.9387402933563416,"XRN1;DDX6;DCP1A;LSM3;LSM6;LSM5",-0.7432815383963135,0.8848158382594704,,
"REACTOME_ATTACHMENT_OF_BACTERIA_TO_EPITHELIAL_CELLS",22,0.2242531581763043,0.6833313627280713,0.9016393442622951,0.9387402933563416,"LAMA1;COL4A6;LAMA4;COL4A4;LAMC2;COL4A5;LAMA3",1.3220984404080467,0.26463599453664377,,
"REACTOME_WNT_LIGAND_BIOGENESIS_AND_TRAFFICKING",19,-0.2161848505368134,-0.6835759594340144,0.9025974025974026,0.9388393633135508,"WNT3;PORCN",-0.773676906261008,0.881944085131336,,
"REACTOME_COLLAGEN_CHAIN_TRIMERIZATION",38,0.19504556337730278,0.687262788690483,0.9081803005008348,0.9437441900142389,"COL17A1;COL14A1;COL9A2;COL4A6;COL22A1;COL4A4;COL28A1;COL4A5;COL23A1",1.7661699487885016,0.012101654009823425,,
"REACTOME_RHOC_GTPASE_CYCLE",73,-0.18020186444363132,-0.7791128677816871,0.9122807017543859,0.9471005758671487,"RTKN;C1QBP;BCR;ARHGEF10L;ARHGAP39;ARHGDIA;VAV2;CCDC187;ARHGAP35;TFRC;PKN3;MCAM;CIT;RACGAP1",-0.8415361214900036,0.8746198376314703,,
"REACTOME_NEGATIVE_REGULATION_OF_FGFR1_SIGNALING",24,0.21962348059387946,0.6858540003535607,0.9148550724637681,0.9488677967975021,"PPP2CB;FGF9;FRS2;BRAF;FGF1;FGF10",0.44724228546377565,0.9990934669182577,,
"REACTOME_RHO_GTPASES_ACTIVATE_ROCKS",19,0.22564429274652853,0.6524159502296429,0.9185185185185185,0.9510623239420117,"ROCK1;RHOA;PPP1CB;PPP1R12A;PPP1R12B",0.6224773055290093,0.9661420145338417,,
"REACTOME_EARLY_SARS_COV_2_INFECTION_EVENTS",36,-0.18971020969179783,-0.7022502105936487,0.9187192118226601,0.9510623239420117,"VCP;AGRN;SDC1;HSPG2;GPC4;FURIN;HAVCR1;CHMP6;SDC3;GPC2;CHMP4B",-0.5881543156891302,0.9970018060337542,,
"REACTOME_MYOGENESIS",22,-0.20949351890310952,-0.6790758976864693,0.9205298013245033,0.9520308211416917,"TCF3;CTNNA2",-0.7642417706309702,0.8942784198557995,,
"REACTOME_METAL_ION_SLC_TRANSPORTERS",37,0.19392967251663465,0.6769179882789225,0.9296482412060302,0.9598514736597819,"CP;SLC9A9;SLC41A2;SLC39A8;SRI;SLC8A1;SLC24A3",0.903779781550047,0.7222238704126739,,
"REACTOME_TRISTETRAPROLIN_TTP_ZFP36_BINDS_AND_DESTABILIZES_MRNA",17,0.2305976076368124,0.6520733974345222,0.9298561151079137,0.9598514736597819,"XRN1;DIS3;ZFP36;DCP1A",-1.1542842585135449,0.3968014497678106,,
"REACTOME_HCMV_LATE_EVENTS",77,-0.17548164782445355,-0.758161699367861,0.9313984168865436,0.9603607880370282,"AAAS;NUP188;NUP85;SEC13;RAE1;MVB12B;CHMP1A;NUP62;NUP93;NUP37;NUP98;VPS37C;H2AC20;CHMP6;VPS25;POM121C;NUP214;NUP88;NDC1;NUP210;H2AC25;CHMP4B;VPS28;SNF8",-0.9450054233921502,0.7005026139485755,,
"REACTOME_G2_M_DNA_DAMAGE_CHECKPOINT",76,-0.17532784562724318,-0.7581969092236527,0.9321148825065274,0.9603607880370282,"NSD2;HERC2;CCNA2;CCNB1;H2AX;TP53BP1;RAD9A;RAD50;CHEK2;PIAS4;DNA2;YWHAQ;YWHAH;BLM;KAT5;CDC25C;RFC5",-1.2751712331247889,0.16798418972332016,,
"REACTOME_N_GLYCAN_ANTENNAE_ELONGATION_IN_THE_MEDIAL_TRANS_GOLGI",20,0.21452667355849453,0.6340432176942274,0.933579335793358,0.9609596190569286,"ST3GAL4;B4GALT4;MGAT4A;FUCA1",0.7574584453006191,0.8668668668668669,,
"REACTOME_ENDOSOMAL_SORTING_COMPLEX_REQUIRED_FOR_TRANSPORT_ESCRT",31,-0.18626592073378032,-0.6660987182247837,0.9348837209302325,0.961392711126742,"HGS;UBB;UBA52;MVB12B;VPS37C;STAM;CHMP6;VPS25;CHMP4B;VPS28;SNF8",-0.85688960511159,0.791479650057056,,
"REACTOME_NOTCH2_ACTIVATION_AND_TRANSMISSION_OF_SIGNAL_TO_THE_NUCLEUS",22,-0.20574382518436868,-0.6669212179549168,0.9359823399558499,0.9616135843927901,"DLL4;UBB;UBA52;MIB2",0.5845544419114959,0.9786915887850467,,
"REACTOME_NCAM1_INTERACTIONS",34,0.19663268186078103,0.6720385328654673,0.9379310344827586,0.9627065712426806,"ST8SIA4;GFRA1;GFRA2",1.03086648581549,0.5695311271371122,,
"REACTOME_REGULATION_OF_MITF_M_DEPENDENT_GENES_INVOLVED_IN_APOPTOSIS",16,0.23104992190680812,0.6411089206179078,0.9404332129963899,0.9643650666730182,"BCL2;BIRC7;MITF;TNRC6A;AGO4",1.0360133433350556,0.5413621128528812,,
"REACTOME_COPII_MEDIATED_VESICLE_TRANSPORT",67,0.18432253518368014,0.7175531830990399,0.9427609427609428,0.9645147928251345,"CD59;F5;BET1;NAPB;MCFD2;STX17;SEC22A;ANKRD28;SEC24A;SEC23A;SEC31A;F8;NSF;SEC22B;USO1;SCFD1;SEC24D;TMED10;SEC23IP",0.5997438187509331,0.9935527434398655,,
"REACTOME_HDACS_DEACETYLATE_HISTONES",55,0.18893283488364,0.712854014677461,0.9428104575163399,0.9645147928251345,"ARID4B;ARID4A;TBL1XR1;H2AC11;H2AC6;H2BC21;REST;GATAD2B;NCOR1;H3C8;H2BC18;H2BC6;H4C5;SAP30L;H3C6;H2BC8;H2BC4",-1.0247050729295528,0.5480391194845124,,
"REACTOME_SEMAPHORIN_INTERACTIONS",61,0.18665973150857473,0.7146527038558151,0.9432387312186978,0.9645147928251345,"PTPRC;PLXNC1;SEMA4A;SEMA6D;ROCK1;RHOA;CD72;MET;ITGA1;FYN;SEMA6A;RAC1;DPYSL2;PAK2;PLXNA4;PLXNA2;NRP1;ARHGEF12",1.0728232073713748,0.48136350023142477,,
"REACTOME_DOPAMINE_NEUROTRANSMITTER_RELEASE_CYCLE",20,0.210406758289723,0.6218666230996759,0.9446494464944649,0.9650503265596037,"VAMP2;SLC18A2;STXBP1;APBA1;STX1A;TSPOAP1",0.8644044512346418,0.7526881720430109,,
"REACTOME_SIGNALING_BY_HIPPO",20,0.20791942212424802,0.6145151893609946,0.9464944649446494,0.9660281218196796,"CASP3;LATS1;MOB1A;SAV1;WWTR1;STK4;STK3;YAP1",-0.7407149149538826,0.9013100436681223,,
"REACTOME_SARS_COV_1_TARGETS_HOST_INTRACELLULAR_SIGNALLING_AND_REGULATORY_PATHWAYS",16,0.223088963806288,0.619019143600076,0.9476534296028881,0.9663045280299366,"CAV1;YWHAZ;SMAD4",0.5404980022075963,0.9935527434398655,,
"REACTOME_SIGNALING_BY_NODAL",17,-0.20015998623557602,-0.613957799274764,0.952914798206278,0.9707596446146353,"PCSK6;FURIN;NODAL;CRIPTO",-0.7658745161843071,0.8784741970955143,,
"REACTOME_O_GLYCOSYLATION_OF_TSR_DOMAIN_CONTAINING_PROTEINS",34,0.19065222743434168,0.6515989203830486,0.9586206896551724,0.9756588497145254,"THSD7A;ADAMTS1;SPON1",1.0395361381801194,0.5594813445465671,,
"REACTOME_DIFFERENTIATION_OF_KERATINOCYTES_IN_INTERFOLLICULAR_EPIDERMIS_IN_MAMMALIAN_SKIN",22,-0.1890832198141118,-0.6129156544079135,0.9646799116997793,0.9807274914358934,"KLK7;CSPG4;TFRC;KRT15;PRSS3;ITGB4",0.7539500348475511,0.8849601281346129,,
"REACTOME_RETROGRADE_TRANSPORT_AT_THE_TRANS_GOLGI_NETWORK",49,0.1734819316215135,0.642152888789662,0.9654036243822076,0.9807274914358934,"VAMP4;TMF1;COG6;GCC2;COG5;NAPB;STX6;GOLGA4;COG3",0.5831105293203664,0.9935527434398655,,
"REACTOME_ACTIVATION_OF_MATRIX_METALLOPROTEINASES",22,0.19429252321183899,0.5920370340998393,0.9690346083788707,0.9834978114890032,"TPSAB1;CTSK;MMP13;MMP25;MMP1;MMP2;MMP3;TIMP2;MMP24",0.9089922693425873,0.7056809231928227,,
"REACTOME_ASSEMBLY_OF_COLLAGEN_FIBRILS_AND_OTHER_MULTIMERIC_STRUCTURES",58,0.17671215691517458,0.6712158415519152,0.9717138103161398,0.9852978803578379,"TLL1;CTSS;COL17A1;COL14A1;COL9A2;COL4A6;TLL2;MMP13;COL4A4;DST;LAMC2;COL4A5",1.5411551538022763,0.03660910577049555,,
"REACTOME_METABOLISM_OF_STEROID_HORMONES",20,-0.17938231500979393,-0.5731574488170914,0.9739130434782609,0.9866083717917579,"FDXR;STARD3;SRD5A1;TSPO;HSD17B14;FDX1",-0.59104765276676,0.9855753021224738,,
"REACTOME_REGULATION_OF_MITF_M_DEPENDENT_GENES_INVOLVED_IN_LYSOSOME_BIOGENESIS_AND_AUTOPHAGY",16,0.20414228045783678,0.5664465756867478,0.9765342960288809,0.9874402993903844,"ATP6V1A;ATP6V1D;ATP6V1C1;MITF;ASAH1",0.7397167601265278,0.8848158382594704,,
"REACTOME_ECM_PROTEOGLYCANS",64,0.16575122750984014,0.6422287904503442,0.9765494137353434,0.9874402993903844,"ITGA8;LAMA1;TNXB;ITGAV;FMOD;ITGB6;COL9A2;NCAM1;COL4A6;LAMA4;ITGA2;LUM;COL4A4;HAPLN1",1.484843114217987,0.07637430439474385,,
"REACTOME_DEFECTIVE_PYROPTOSIS",38,0.1675471255427598,0.5903692590784215,0.9782971619365609,0.987660962243217,"H3-3A;H2AC6;H2BC21;PRIM2;H3C8;H2BC6;H4C5;H3C6;H2BC8;H2BC4;H3-3B;H4C8",-0.8239812811997972,0.843887768531353,,
"REACTOME_NONHOMOLOGOUS_END_JOINING_NHEJ",49,0.1664760118993585,0.6162200925257519,0.9785831960461285,0.987660962243217,"ATM;LIG4;H2BC21;NBN;TDP2;BARD1;H2BC6;MRE11;RIF1;ABRAXAS1;H4C5;H2BC8;H2BC4;UBE2V2",-0.8650909073675889,0.801705308034422,,
"REACTOME_COLLAGEN_DEGRADATION",56,0.16853504301558225,0.639529082573797,0.9805194805194806,0.9886980489390128,"COL17A1;COL14A1;COL9A2;CTSK;COL4A6;MMP19;MMP13;COL4A4;MMP1;COL4A5;COL23A1;MMP2;MMP3;MMP12;ADAM17;ADAM9;COL8A2",1.6193342729352715,0.03178785385307189,,
"REACTOME_DISEASES_OF_DNA_REPAIR",51,-0.16052064411774736,-0.636733165218238,0.9819587628865979,0.9892325315005726,"RAD51D;RAD51;RAD51C;RAD9A;RAD50;OGG1;DNA2;MUTYH;BLM;KAT5;RFC5",-1.1006795408661783,0.4397416197557476,,
"REACTOME_APOPTOTIC_EXECUTION_PHASE",48,0.16329655610180238,0.6007483520409166,0.985172981878089,0.9915524553962635,"BIRC2;BMX;ROCK1;H1-2;CASP3;CASP7;DSG2;VIM;GSN;PAK2;LMNA;CASP8",0.5845166147071549,0.9935527434398655,,
"REACTOME_SYNTHESIS_OF_GLYCOSYLPHOSPHATIDYLINOSITOL_GPI",17,0.18095677129568155,0.5117013045226404,0.9892086330935251,0.9946206180546943,"PIGM;PIGC;PIGZ;PIGV;PIGP;PIGW;PIGB;PIGN;PIGX",-0.6777362781288436,0.9520882521417293,,
"REACTOME_RHOB_GTPASE_CYCLE",68,-0.15762320348738318,-0.6686499962768356,0.9900497512437811,0.9946206180546943,"RTKN;BCR;ARHGEF10L;ARHGAP39;ACTC1;VAV2;ARHGAP35;TFRC;PKN3;MCAM;CIT;RACGAP1;ARHGEF17;RHOB;JUP;RHPN2",-0.6243930216732655,0.9970018060337542,,
"REACTOME_FORMATION_OF_THE_NEPHRIC_DUCT",15,0.16751476355876094,0.45642109473891335,0.9946043165467626,0.9982744431760864,"PLAC8;HOXA6;MECOM;ID4;FGF2",-0.9994895644427384,0.5918303911165418,,
"REACTOME_MET_ACTIVATES_PTK2_SIGNALING",30,0.16163099486192245,0.5298939347359655,0.9964726631393298,0.9986857668550401,"LAMA1;HGF;MET;LAMA4;ITGA2;LAMC2;ITGA3",1.266455332400595,0.2784871115393881,,
"REACTOME_HDR_THROUGH_SINGLE_STRAND_ANNEALING_SSA",37,-0.14777338753280037,-0.5518241584866389,0.9975308641975309,0.9986857668550401,"RAD51;RAD9A;RAD50;RAD52;DNA2;ERCC1;BLM;KAT5;RFC5",-0.8255840802687378,0.8402063447935008,,
"REACTOME_DEADENYLATION_OF_MRNA",25,-0.16264135587177697,-0.550112205466134,0.9977678571428571,0.9986857668550401,"CNOT3;EIF4A3;CNOT9;EIF4G1;TUT4",-1.051406333710361,0.5420522866986421,,
"REACTOME_OXIDATIVE_STRESS_INDUCED_SENESCENCE",88,-0.14470426753021248,-0.6441493152378086,1,1,"CDK4;E2F1;MAPKAPK3;CDKN2D;UBB;CDKN2A;H2AX;RBBP7;UBA52;AGO1;PHC2;MDM2;MAPKAPK5;CBX2;H2AJ;H2AC20;CBX8;CBX6",-0.8416449249857232,0.8849901912311201,,
