"pathway","size","ES","NES","pval","padj","leading_edge","NES_no_cov","padj_no_cov","robust_no_covariate","collapsed_main"
"REACTOME_TRANSLATION",366,-0.5447681856788581,-2.5612984598402346,1.8675212588960611e-31,2.0318631296789146e-28,"FAU;MRPL43;PSMB4;RPL18A;GADD45GIP1;UBA52;RPL36;MRPL55;RPS14;RPL35;MRPL41;RPL13;RBX1;MRPS12;RPS15;RPL28;RPS8;RPL8;RPS5;SSR2;MRPL2;RPS16;MRPL54;RPL18;PSMB3;MRPL34;RPS6;RPLP1;SSR4;AURKAIP1;RPS9;RPL12;RPL29;RPLP2;MRPS34;UFD1;RPS11;MRPL24;PSMD8;MRPL52;EIF4EBP1;ELOB;PSMB1;RPS2;RPS28;MRPL22;MRPL28;RPL7A;RPL15;RPS21;SEC61B;RPS3;PSMB7;MRPL27;RPL26L1;RPL32;RPSA;MRPL12;EIF3K;RPL27;MRPS2;RPS19;RPS18;MALSU1;RPS15A;MRPL40;RPL13A;RPLP0;RPL10;MRPS11;RPL34;MRPS15;EIF3G;MRPL11;MRPL4;MRPL21;MRPL20;MRPL36;MRPL57;RPL10A;PSMC3;RPS29;RPL9;RPL27A;RPL37A;RPL24;CHCHD1;MRPS26;PSMC4;PSMA6;RPL38;MRPL23;PSMB6;RPS10;MRPL14;RPS3A;EIF3I;RPL37;RPL3;FARSA;NDUFAB1;MRPL17;MRPS18C;RPL14;RPL31;TUFM;ADRM1;PSMD13;MRPS24;RPL35A;EEF1B2;TRMT112;TCF25;EIF2B2;RPL5;PSMA5;RPL41;MRPL58;PSMC5;RPS26;RPL36AL;RPN1;PSMB5;RPS12;ASCC2;PSMB2;APEH;SRPRB;EEF2;PSMA7;UBE2D2;FARS2;EIF2B3;MRPL37;MRPL32;EIF2B4;RPL30;RPS7;QARS1;RPS4X;EIF3F;RPS23;SRP14;PSMC2;SARS1;MRPS17;RPS13;MRPL49;RPL39L;UBC;MRPL45;MRPS14;MRPL18;OXA1L;PSMA1;MRPS7;MRPS33;UBB;PSMD3;ELOC;RPS27;KGD4;EEF1A1;SPCS1;MT-RNR1",-2.5121311327607567,3.968940099646895e-27,TRUE,
"REACTOME_CELLULAR_RESPONSE_TO_STARVATION",149,-0.6642659714601464,-2.8482721317650808,2.522333975292193e-27,1.372149682558953e-24,"FAU;RPL18A;UBA52;RPL36;ATP6V0B;RPS14;RPL35;LAMTOR4;RPL13;ATP6V1F;RPS15;RPL28;RPS8;RPL8;RPS5;RPS16;NPRL2;RPL18;RPS6;RPLP1;RPS9;ATP6V0E1;LAMTOR2;RPL12;LAMTOR1;RPL29;RPLP2;LAMTOR5;WDR24;RPS11;RPS2;CEBPB;RPS28;RPL7A;RPL15;RPS21;RPS3;RPL26L1;RPL32;RPSA;SEC13;RPL27;RPS19;RPS18;RPS15A;MLST8;RPL13A;RPLP0;RPL10;RPL34;RPL10A;RPS29;RPL9;RPL27A;RPL37A;RPL24;ATP6V0D1;RRAGA;TCIRG1;RPL38;RPS10;RPS3A;RPL37;RPL3;ATP6V1E1;RPL14;RPL31;ATF4;RPL35A;RPL5;RPL41;RPS26;RPL36AL;RPS12",-2.7075901732418575,1.8293951838097387e-20,TRUE,
"REACTOME_EUKARYOTIC_TRANSLATION_ELONGATION",90,-0.752998409298458,-3.022097664471895,5.459613875973993e-27,1.980019965686568e-24,"FAU;RPL18A;UBA52;RPL36;RPS14;RPL35;RPL13;RPS15;RPL28;RPS8;RPL8;RPS5;RPS16;RPL18;RPS6;RPLP1;RPS9;RPL12;RPL29;RPLP2;RPS11;RPS2;RPS28;RPL7A;RPL15;RPS21;RPS3;RPL26L1;RPL32;RPSA;RPL27;RPS19;RPS18;RPS15A;RPL13A;RPLP0;RPL10;RPL34;RPL10A;RPS29;RPL9;RPL27A;RPL37A;RPL24;RPL38;RPS10;RPS3A;RPL37;RPL3;RPL14;RPL31;RPL35A;EEF1B2;RPL5;RPL41;RPS26;RPL36AL;RPS12;EEF2;RPL30;RPS7;RPS4X;RPS23;RPS13;RPL39L",-2.9066118778535572,4.993993580107198e-21,TRUE,
"REACTOME_RIBOSOME_ASSOCIATED_QUALITY_CONTROL",142,-0.6741581974670122,-2.886805531144411,2.3937344314126878e-26,6.510957653442511e-24,"FAU;PSMB4;RPL18A;UBA52;RPL36;RPS14;RPL35;RPL13;RBX1;RPS15;RPL28;RPS8;RPL8;RPS5;RPS16;RPL18;PSMB3;RPS6;RPLP1;RPS9;RPL12;RPL29;RPLP2;UFD1;RPS11;PSMD8;ELOB;PSMB1;RPS2;RPS28;RPL7A;RPL15;RPS21;RPS3;PSMB7;RPL26L1;RPL32;RPSA;RPL27;RPS19;RPS18;RPS15A;RPL13A;RPLP0;RPL10;RPL34;RPL10A;PSMC3;RPS29;RPL9;RPL27A;RPL37A;RPL24;PSMC4;PSMA6;RPL38;PSMB6;RPS10;RPS3A;RPL37;RPL3;RPL14;RPL31;ADRM1;PSMD13;RPL35A;TCF25;RPL5;PSMA5;RPL41;PSMC5;RPS26;RPL36AL;PSMB5;RPS12;ASCC2;PSMB2;PSMA7;UBE2D2;RPL30;RPS7;RPS4X;RPS23;PSMC2;RPS13;RPL39L;UBC;PSMA1;UBB;PSMD3;ELOC;RPS27",-2.773265792276795,7.854656681887482e-22,TRUE,
"REACTOME_REGULATION_OF_EXPRESSION_OF_SLITS_AND_ROBOS",153,-0.649666284876866,-2.7982767115438962,1.8957236356209033e-25,4.125094631111085e-23,"FAU;PSMB4;RPL18A;UBA52;RPL36;RPS14;RPL35;RPL13;RBX1;RPS15;RPL28;RPS8;RPL8;RPS5;RPS16;RPL18;PSMB3;RPS6;RPLP1;RPS9;RPL12;RPL29;RPLP2;RPS11;PSMD8;ELOB;PSMB1;RPS2;RPS28;RPL7A;RPL15;RPS21;RPS3;PSMB7;RPL26L1;RPL32;RPSA;RPL27;RPS19;RPS18;RPS15A;RPL13A;RPLP0;RPL10;RPL34;RPL10A;PSMC3;RPS29;RPL9;RPL27A;RPL37A;RPL24;PSMC4;PSMA6;RPL38;PSMB6;RPS10;RPS3A;RPL37;RPL3;RPL14;LDB1;RPL31;ADRM1;PSMD13;RPL35A;RPL5;PSMA5;RPL41;PSMC5;RPS26;RPL36AL;PSMB5;RPS12;PSMB2;PSMA7;RPL30;RPS7;RPS4X;RPS23;PSMC2;RPS13;RPL39L;UBC;MAGOH;RNPS1;PSMA1;UBB;PSMD3;ELOC;RPS27",-2.6311351683823143,1.2174071413847765e-18,TRUE,
"REACTOME_METABOLISM_OF_AMINO_ACIDS_AND_DERIVATIVES",317,-0.5306627762964554,-2.468589775220085,3.8050005514280883e-25,6.899734333256268e-23,"FAU;PSMB4;RPL18A;UBA52;RPL36;RPS14;RPL35;OAZ1;RPL13;RPS15;RPL28;TXN2;RPS8;RPL8;RPS5;RPS16;RPL18;PSMB3;RPS6;GRHPR;RPLP1;RPS9;RPL12;RPL29;RPLP2;MPST;NMRAL1;RPS11;PSMD8;PXMP2;PSMB1;RPS2;RPS28;RPL7A;RPL15;SLC25A10;RPS21;RPS3;PSMB7;RPL26L1;HSD17B10;RPL32;RPSA;TSTD1;RPL27;RPS19;BCKDK;RPS18;PCBD1;RPS15A;PYCR3;RPL13A;RPLP0;RPL10;SERINC2;RPL34;GAMT;ECHS1;PAOX;RPL10A;PSMC3;RPS29;RPL9;RPL27A;SRM;RPL37A;RPL24;ASS1;PSMC4;PSMA6;RPL38;GCDH;PSMB6;RPS10;RPS3A;EEFSEC;RPL37;RPL3;TST;ASL;GPT;RPL14;RPL31;AZIN2;ADRM1;PSMD13;RPL35A;SDSL;INMT;RPL5;PSMA5;RPL41;PSMC5;RPS26;RPL36AL;AHCY;PSMB5;PYCR2;RPS12;GSTZ1;ENOPH1;SDS;PSMB2;BCAT2;ETHE1;PSMA7;NNMT;RPL30;RPS7;QARS1;IL4I1;RPS4X;RPS23;TDO2;PSMC2;SARS1;RPS13;RPL39L;SEPHS2;GOT1;PSMA1;OAZ3;BCKDHA;PSMD3;RPS27;KGD4;RPL17;PYCR1;PHGDH;QDPR;PSTK",-2.295824222572978,4.615144355334976e-18,TRUE,
"REACTOME_SRP_DEPENDENT_COTRANSLATIONAL_PROTEIN_TARGETING_TO_MEMBRANE",110,-0.7094430540058558,-2.919948978924642,7.079102063591133e-25,1.1002947207410219e-22,"FAU;RPL18A;UBA52;RPL36;RPS14;RPL35;RPL13;RPS15;RPL28;RPS8;RPL8;RPS5;SSR2;RPS16;RPL18;RPS6;RPLP1;SSR4;RPS9;RPL12;RPL29;RPLP2;RPS11;RPS2;RPS28;RPL7A;RPL15;RPS21;SEC61B;RPS3;RPL26L1;RPL32;RPSA;RPL27;RPS19;RPS18;RPS15A;RPL13A;RPLP0;RPL10;RPL34;RPL10A;RPS29;RPL9;RPL27A;RPL37A;RPL24;RPL38;RPS10;RPS3A;RPL37;RPL3;RPL14;RPL31;RPL35A;RPL5;RPL41;RPS26;RPL36AL;RPN1;RPS12;SRPRB;RPL30;RPS7;RPS4X;RPS23;SRP14;RPS13;RPL39L",-2.7578562696612456,5.572470668605147e-19,TRUE,
"REACTOME_RESPIRATORY_ELECTRON_TRANSPORT",155,-0.6414383051885499,-2.7647759027826946,1.0097235454569559e-24,1.37322402182146e-22,"NDUFA11;NDUFA2;NDUFB7;COX6B1;UQCR11;UQCRQ;NDUFS8;CYC1;NDUFA3;UQCR10;COX5B;NDUFS7;NDUFB11;COX4I1;TMEM223;HIGD2A;COX8A;COX7A1;NDUFA6;NDUFA13;NDUFB8;NDUFB10;NDUFB1;SURF1;UQCC3;NDUFB4;NDUFS5;COX6A1;PET100;UQCC2;COX14;DMAC1;NDUFS3;COA3;NDUFC1;NDUFA9;SDHA;ECSIT;NDUFB6;NDUFA8;NDUFS6;NDUFB9;UQCRC1;NDUFB2;UQCC5;ETFB;COX7B;NDUFAF3;UQCRHL;NDUFA4;SCO2;SLC25A11;COA5;COX5A;NDUFAB1;COX7A2;COX7C;MDH2;NDUFAF8;NDUFC2;LYRM4;NDUFV1;TACO1;BCS1L;NDUFA12;HSCB;COX4I2;NDUFB5;NDUFS4;SDHB;CMC1;NDUFA1;TMEM126A;OXA1L;GOT1;RAB5IF;NDUFAF2;SMIM20;COX6C;ISCU;COA1;FOXRED1;UQCRH;DMAC2;UQCRFS1;SDHC;COX7A2L;SLC25A22;COX18;SFXN4",-2.6254142187114105,1.2174071413847765e-18,TRUE,
"REACTOME_EUKARYOTIC_TRANSLATION_INITIATION",117,-0.684851463399646,-2.8460446140115634,3.2878443313489412e-24,3.9746384805640534e-22,"FAU;RPL18A;UBA52;RPL36;RPS14;RPL35;RPL13;RPS15;RPL28;RPS8;RPL8;RPS5;RPS16;RPL18;RPS6;RPLP1;RPS9;RPL12;RPL29;RPLP2;RPS11;EIF4EBP1;RPS2;RPS28;RPL7A;RPL15;RPS21;RPS3;RPL26L1;RPL32;RPSA;EIF3K;RPL27;RPS19;RPS18;RPS15A;RPL13A;RPLP0;RPL10;RPL34;EIF3G;RPL10A;RPS29;RPL9;RPL27A;RPL37A;RPL24;RPL38;RPS10;RPS3A;EIF3I;RPL37;RPL3;RPL14;RPL31;RPL35A;EIF2B2;RPL5;RPL41;RPS26;RPL36AL;RPS12;EIF2B3;EIF2B4;RPL30;RPS7;RPS4X;EIF3F;RPS23;RPS13;RPL39L",-2.684028851610167,1.06053959312177e-17,TRUE,
"REACTOME_RESPONSE_OF_EIF2AK4_GCN2_TO_AMINO_ACID_DEFICIENCY",99,-0.7248131256447086,-2.9487462469416634,4.161729004551735e-24,4.527961156952288e-22,"FAU;RPL18A;UBA52;RPL36;RPS14;RPL35;RPL13;RPS15;RPL28;RPS8;RPL8;RPS5;RPS16;RPL18;RPS6;RPLP1;RPS9;RPL12;RPL29;RPLP2;RPS11;RPS2;CEBPB;RPS28;RPL7A;RPL15;RPS21;RPS3;RPL26L1;RPL32;RPSA;RPL27;RPS19;RPS18;RPS15A;RPL13A;RPLP0;RPL10;RPL34;RPL10A;RPS29;RPL9;RPL27A;RPL37A;RPL24;RPL38;RPS10;RPS3A;RPL37;RPL3;RPL14;RPL31;ATF4;RPL35A;RPL5;RPL41;RPS26;RPL36AL;RPS12;RPL30;RPS7;RPS4X;RPS23;RPS13;RPL39L",-2.7748327814298146,1.7737495963153984e-18,TRUE,
"REACTOME_AEROBIC_RESPIRATION_AND_RESPIRATORY_ELECTRON_TRANSPORT",249,-0.5637745519947797,-2.5643040565842634,1.4770192932770325e-23,1.4609063555321921e-21,"NDUFA11;NDUFA2;NDUFB7;SDHAF1;SDHAF2;UBA52;COX6B1;UQCR11;ATP5F1D;UQCRQ;NDUFS8;CYC1;NDUFA3;UQCR10;COX5B;ATP5MF;NDUFS7;NDUFB11;COX4I1;TMEM223;HIGD2A;COX8A;COX7A1;NDUFA6;NDUFA13;NDUFB8;NDUFB10;NDUFB1;SURF1;UQCC3;ATP5ME;NDUFB4;NDUFS5;COX6A1;PET100;ATP5MC2;UQCC2;COX14;DMAC1;NDUFS3;COA3;HAGH;NDUFC1;ATP5MJ;NDUFA9;SDHA;ECSIT;NDUFB6;NDUFA8;NDUFS6;NDUFB9;UQCRC1;NDUFB2;IDH3G;UQCC5;ETFB;COX7B;NDUFAF3;ATP5PO;SDHAF4;UQCRHL;NDUFA4;SCO2;MPC1;ATP5MG;SLC25A11;COA5;MAEA;COX5A;NDUFAB1;COX7A2;COX7C;GPT;RMND5B;CSKMT;MDH2;NDUFAF8;NDUFC2;ATP5F1C;LYRM4;ATP5MC1;NDUFV1;ATP5F1E;TACO1;BCS1L;ATP5MK;IDH3B;GSTZ1;NDUFA12;HSCB;ATP5PD;COX4I2;NDUFB5;NDUFS4;ISCA2;ME3;SDHB;IDH2;CMC1;ATP5MC3;UBC;NDUFA1;TMEM126A;OXA1L;GOT1;RAB5IF;NDUFAF2;SMIM20;COX6C;UBB;ISCU;COA1;SLC25A4;KGD4;FOXRED1;UQCRH;SDHAF3;PGAM5;DMAC2;UQCRFS1;SDHC;FAHD1;COX7A2L;SLC25A22;D2HGDH;COX18;PDK2;SFXN4",-2.469712573961913,7.063381408003665e-20,TRUE,
"REACTOME_SELENOAMINO_ACID_METABOLISM",113,-0.6888444329112722,-2.851051182821739,2.783488752430022e-23,2.523696468869887e-21,"FAU;RPL18A;UBA52;RPL36;RPS14;RPL35;RPL13;RPS15;RPL28;RPS8;RPL8;RPS5;RPS16;RPL18;RPS6;RPLP1;RPS9;RPL12;RPL29;RPLP2;RPS11;RPS2;RPS28;RPL7A;RPL15;RPS21;RPS3;RPL26L1;RPL32;RPSA;RPL27;RPS19;RPS18;RPS15A;RPL13A;RPLP0;RPL10;RPL34;RPL10A;RPS29;RPL9;RPL27A;RPL37A;RPL24;RPL38;RPS10;RPS3A;EEFSEC;RPL37;RPL3;RPL14;RPL31;RPL35A;INMT;RPL5;RPL41;RPS26;RPL36AL;AHCY;RPS12;NNMT;RPL30;RPS7;QARS1;RPS4X;RPS23;SARS1;RPS13;RPL39L;SEPHS2",-2.679802908226998,1.1086319512023299e-16,TRUE,
"REACTOME_SIGNALING_BY_ROBO_RECEPTORS",195,-0.5624720933505923,-2.4969746878534997,4.868688553864287e-19,4.0747178050802645e-17,"FAU;PSMB4;RPL18A;UBA52;RPL36;RPS14;RPL35;RPL13;RBX1;RPS15;RPL28;RPS8;RPL8;RPS5;RPS16;RPL18;PSMB3;RPS6;RPLP1;RPS9;RPL12;RPL29;RPLP2;RPS11;PSMD8;ELOB;PSMB1;RPS2;RPS28;RPL7A;RPL15;RPS21;RPS3;PSMB7;RPL26L1;RPL32;RPSA;RPL27;RPS19;RPS18;RPS15A;RPL13A;RPLP0;RPL10;RPL34;RPL10A;PSMC3;RPS29;RPL9;RPL27A;RPL37A;RPL24;PFN1;PSMC4;PSMA6;RPL38;PSMB6;RPS10;RPS3A;RPL37;RPL3;RPL14;LDB1;RPL31;ADRM1;PSMD13;PRKACA;RPL35A;RPL5;PSMA5;RPL41;PSMC5;RPS26;RPL36AL;PSMB5;RPS12;PSMB2;VASP;PAK4;PSMA7;RPL30;RPS7;RPS4X;RPS23;PSMC2;RPS13;RPL39L;UBC;MAGOH;RNPS1;PSMA1;UBB;PSMD3;ELOC;RPS27",-2.350911454901939,5.71083956778829e-14,TRUE,
"REACTOME_RIBOSOME_QUALITY_CONTROL_RQC_COMPLEX_EXTRACTS_AND_DEGRADES_NASCENT_PEPTIDE",101,-0.6676755298698744,-2.7174236776877425,9.193250502214913e-19,7.144468961721304e-17,"PSMB4;RPL18A;UBA52;RPL36;RPL35;RPL13;RBX1;RPL28;RPL8;RPL18;PSMB3;RPLP1;RPL12;RPL29;RPLP2;UFD1;PSMD8;ELOB;PSMB1;RPL7A;RPL15;PSMB7;RPL26L1;RPL32;RPL27;RPL13A;RPLP0;RPL10;RPL34;RPL10A;PSMC3;RPL9;RPL27A;RPL37A;RPL24;PSMC4;PSMA6;RPL38;PSMB6;RPL37;RPL3;RPL14;RPL31;ADRM1;PSMD13;RPL35A;TCF25;RPL5;PSMA5;RPL41;PSMC5;RPL36AL;PSMB5;PSMB2;PSMA7;UBE2D2;RPL30;PSMC2;RPL39L;UBC;PSMA1;UBB;PSMD3;ELOC",-2.604405657836218,4.6302211297263263e-14,TRUE,
"REACTOME_RRNA_PROCESSING",207,-0.5459565149457878,-2.433013218396508,6.5617231314188225e-18,4.759436511322453e-16,"FAU;RPL18A;UBA52;RPL36;RPS14;RPL35;RPL13;RPS15;RPL28;RPS8;RPL8;RPS5;RPS16;EXOSC4;RPL18;RPS6;RPLP1;DDX49;RPS9;RPL12;RPL29;RPLP2;RPS11;RPS2;NOP10;RPS28;RPL7A;RPL15;RPS21;RPS3;RPL26L1;HSD17B10;RPL32;RPSA;RPL27;RPS19;RPS18;WDR18;SNU13;RPP38;RPS15A;EXOSC1;TRUB2;RPL13A;RPLP0;RPL10;TSR3;RPL34;EXOSC5;RPL10A;RPS29;RPL9;RPL27A;RPL37A;RPL24;IMP3;RPL38;RPS10;RPS3A;RPL37;RPL3;NOC4L;TBL3;RPUSD3;RPL14;RPL31;NOL12;NHP2;RPL35A;IMP4;FBL;RCC1L;TRMT112;BOP1;EXOSC7;RPL5;RPL41;RPS26;RPP25;RPL36AL;RPS12;RRP9;EXOSC3;EMG1;BUD23;CSNK1E;RPL30;RPS7;RRP7A;RPS4X;RPS23;RPS13;EBNA1BP2;NOB1;RPL39L",-2.3229277843183156,3.9059334191340105e-14,TRUE,
"REACTOME_INFLUENZA_VIRAL_RNA_TRANSCRIPTION_AND_REPLICATION",134,-0.6086003994512245,-2.5757882893675577,2.3367126843068332e-17,1.5889646253286466e-15,"FAU;RPL18A;UBA52;POLR2I;RPL36;RPS14;RPL35;RPL13;RPS15;RPL28;RPS8;RPL8;RPS5;RPS16;RPL18;RPS6;RPLP1;POLR2L;RPS9;RPL12;POLR2J;RPL29;RPLP2;RPS11;POLR2F;RPS2;RPS28;RPL7A;RPL15;RPS21;RPS3;RPL26L1;RPL32;RPSA;SEC13;RPL27;RPS19;RPS18;RPS15A;RPL13A;RPLP0;RPL10;POLR2H;RPL34;RPL10A;RPS29;RPL9;RPL27A;RPL37A;RPL24;POLR2E;RPL38;RPS10;RPS3A;RPL37;RPL3;POLR2G;RPL14;RPL31;RPL35A;RPL5;RPL41;RPS26;RPL36AL;RPS12;RPL30;RPS7;RPS4X;RPS23;RPS13;GTF2F1;RPL39L",-2.5056514819745015,6.281996481290117e-14,TRUE,
"REACTOME_NONSENSE_MEDIATED_DECAY_NMD",113,-0.63277847874222,-2.619000378151456,5.075509386120116e-17,3.2483260071168743e-15,"FAU;RPL18A;UBA52;RPL36;RPS14;RPL35;RPL13;RPS15;RPL28;RPS8;RPL8;RPS5;RPS16;RPL18;RPS6;RPLP1;RPS9;RPL12;RPL29;RPLP2;RPS11;RPS2;RPS28;RPL7A;RPL15;RPS21;RPS3;RPL26L1;RPL32;RPSA;RPL27;RPS19;RPS18;RPS15A;RPL13A;RPLP0;RPL10;RPL34;RPL10A;RPS29;RPL9;RPL27A;RPL37A;RPL24;PPP2R1A;RPL38;RPS10;RPS3A;RPL37;RPL3;RPL14;RPL31;RPL35A;RPL5;RPL41;RPS26;RPL36AL;RPS12;RPL30;RPS7;RPS4X;RPS23;RPS13;RPL39L;MAGOH;RNPS1",-2.5015734182659473,1.0330007999990848e-12,TRUE,
"REACTOME_RHO_GTPASE_CYCLE",435,0.3593227105133202,2.0394336787908514,4.66139081511558e-15,2.8175517815809727e-13,"ROCK2;ARHGEF12;KIDINS220;MYO9A;DSP;ITSN2;ANKRD26;ALS2;SPTBN1;SOS1;ITSN1;ARHGAP5;DOCK9;DST;PIK3CA;CUL3;USP9X;DOCK7;ABI2;ARHGAP42;KTN1;FAM135A;FGD4;FMNL2;ROCK1;NCKAP1;ARHGAP21;PEAK1;PHIP;FRS2;SOWAHC;MSI2;SWAP70;OPHN1;MYO6;LEMD3;BLTP3B;MTR;KIF14;CCP110;SRGAP1;PAK2;FAM83B;SLC4A7;CPD;SOS2;CLTC;RBBP6;ARL13B;SLK;OSBPL11;RALGAPA1;ANKFY1;ARHGAP32;PREX2;SENP1;ARHGAP19;LBR;WIPF2;UACA;TAOK3;TMOD3;ERBIN;ITGB1;PICALM;AKAP13;FARP2;ABL2;TJP2;FAM91A1;FNBP1L;TEX2;GOPC;RND3;FAM169A;PKN2;CDC42BPA;TRIO;TWF1;ECT2;SPTAN1;SPEN;ARHGEF10;DSG2;ANLN;WDR11;GNA13;ARHGAP8;SRRM1;DIAPH2;ARHGAP11A;RNF20;LRRC1;PLEKHG1;SH3PXD2A;SYDE2;ARAP2;VRK2;SPATA13;ANKLE2;CIT;LMAN1;DDX39B;OCRL;DLC1;GJA1;CEP97;CCDC88A;RASAL2;ARHGAP35;WASL;ARMCX3;GIT2;NHS;ARHGAP28;DAAM1;ARHGAP20;PTPN13;STAM2;DIAPH3",1.962230928551997,2.0618572952516294e-12,TRUE,
"REACTOME_INFLUENZA_INFECTION",156,-0.5538789475337392,-2.3955099177796644,7.632383234571382e-15,4.3705436627440336e-13,"FAU;RPL18A;UBA52;POLR2I;RPL36;RPS14;RPL35;RPL13;RPS15;RPL28;RPS8;RPL8;RPS5;RPS16;RPL18;RPS6;RPLP1;POLR2L;RPS9;RPL12;POLR2J;RPL29;RPLP2;RPS11;POLR2F;RPS2;CLTA;RPS28;RPL7A;RPL15;RPS21;RPS3;RPL26L1;RPL32;RPSA;SEC13;RPL27;RPS19;RPS18;RPS15A;RPL13A;RPLP0;RPL10;POLR2H;RPL34;ISG15;RPL10A;RPS29;RPL9;RPL27A;RPL37A;RPL24;POLR2E;RPL38;RPS10;RPS3A;RPL37;RPL3;POLR2G;RPL14;RPL31;RPL35A;RPL5;RPL41;RPS26;CPSF4;RPL36AL;RPS12",-2.3109928915619453,1.176084931049718e-11,TRUE,
"REACTOME_MITOCHONDRIAL_TRANSLATION",114,-0.5767400993283552,-2.3851361983924546,9.080014877559461e-13,4.9395280933923464e-11,"MRPL43;GADD45GIP1;MRPL55;MRPL41;MRPS12;MRPL2;MRPL54;MRPL34;AURKAIP1;MRPS34;MRPL24;MRPL52;MRPL22;MRPL28;MRPL27;MRPL12;MRPS2;MALSU1;MRPL40;MRPS11;MRPS15;MRPL11;MRPL4;MRPL21;MRPL20;MRPL36;MRPL57;CHCHD1;MRPS26;MRPL23;MRPL14;NDUFAB1;MRPL17;MRPS18C;TUFM;MRPS24;MRPL58;MRPL37;MRPL32;MRPS17;MRPL49;MRPL45;MRPS14;MRPL18;OXA1L;MRPS7;MRPS33;KGD4;MT-RNR1;MRPS28;MRPL48;MRPS25;MRPL16;MRPL10;MTRFR;MRRF;MRPS18A;MT-CO3;MT-CO2;MRPL13;MRPL46;MRPL38;ERAL1;MRPS18B;MRPS6;MRPL1;MRPL15",-2.3090169560178224,4.4045159395198304e-10,TRUE,
"REACTOME_MITOCHONDRIAL_TRANSLATION_ELONGATION",89,-0.6129808034790675,-2.4510271148172116,1.8463461054044975e-12,9.565831250857587e-11,"MRPL43;GADD45GIP1;MRPL55;MRPL41;MRPS12;MRPL2;MRPL54;MRPL34;AURKAIP1;MRPS34;MRPL24;MRPL52;MRPL22;MRPL28;MRPL27;MRPL12;MRPS2;MRPL40;MRPS11;MRPS15;MRPL11;MRPL4;MRPL21;MRPL20;MRPL36;MRPL57;CHCHD1;MRPS26;MRPL23;MRPL14;MRPL17;MRPS18C;TUFM;MRPS24;MRPL58;MRPL37;MRPL32;MRPS17;MRPL49;MRPL45;MRPS14;MRPL18;OXA1L;MRPS7;MRPS33;KGD4;MT-RNR1;MRPS28;MRPL48;MRPS25;MRPL16;MRPL10;MRPS18A;MRPL13;MRPL46;MRPL38;ERAL1;MRPS18B;MRPS6;MRPL1;MRPL15",-2.4368885721709903,1.5265639761188776e-10,TRUE,
"REACTOME_COMPLEX_I_BIOGENESIS",67,-0.6620043513416093,-2.527142291081542,1.9483096907747475e-12,9.635277016195115e-11,"NDUFA11;NDUFA2;NDUFB7;NDUFS8;NDUFA3;NDUFS7;NDUFB11;NDUFA6;NDUFA13;NDUFB8;NDUFB10;NDUFB1;NDUFB4;NDUFS5;DMAC1;NDUFS3;NDUFC1;NDUFA9;ECSIT;NDUFB6;NDUFA8;NDUFS6;NDUFB9;NDUFB2;NDUFAF3;NDUFAB1;NDUFAF8;NDUFC2;NDUFV1;NDUFA12;HSCB;NDUFB5;NDUFS4;NDUFA1;TMEM126A;OXA1L;NDUFAF2;COA1;FOXRED1",-2.348116076121049,2.0049227305307258e-8,TRUE,
"REACTOME_SARS_COV_1_MODULATES_HOST_TRANSLATION_MACHINERY",36,-0.7583605413757286,-2.5473218165485645,9.592206248728442e-12,4.53753060809415e-10,"FAU;RPS14;RPS15;RPS8;RPS5;RPS16;RPS6;RPS9;RPS11;RPS2;RPS28;RPS21;RPS3;RPSA;RPS19;RPS18;RPS15A;RPS29;RPS10;RPS3A;RPS26;RPS12;RPS7;RPS4X;RPS23;RPS13;RPS27;EEF1A1",-2.4812237310601266,7.939269026292762e-9,TRUE,
"REACTOME_SARS_COV_2_MODULATES_HOST_TRANSLATION_MACHINERY",50,-0.674644752162049,-2.4191874478920554,3.761443603019463e-10,1.7051877667021565e-8,"FAU;RPS14;RPS15;RPS8;RPS5;RPS16;RPS6;RPS9;RPS11;SNRPD2;RPS2;RPS28;RPS21;RPS3;RPSA;RPS19;RPS18;RPS15A;SNRPB;RPS29;RPS10;RPS3A;RPS26;RPS12;RPS7;RPS4X;RPS23;GEMIN8;RPS13;GEMIN7;RPS27;GEMIN6;SNRPG",-2.433371235249029,2.7532531264732903e-8,TRUE,
"REACTOME_PROTEIN_LOCALIZATION",157,-0.4896077973633409,-2.11217458262426,1.1305597432261946e-9,4.9201960025203995e-8,"FIS1;UBA52;CYC1;CHCHD5;GET3;CHCHD10;CHCHD2;UBE2J2;PXMP2;GFER;TIMM13;NDUFB8;DECR2;PEX16;PEX14;TIMM17B;SEC61B;TIMM8B;TIMM50;IDH3G;PAOX;TOMM5;STX5;UBL4A;TYSND1;HMGCL;TIMM44;ACOT8;PMPCA;GSTK1;ACOX3;COA4;ECH1;EMD;ATP5MC1;TAFAZZIN;MPV17;HMOX1;SGTA;BCS1L;TIMM10;PEX10;DHRS4;HSCB;ACOT2;CRAT;TOMM7;UBE2D2;STX1A;MTX1;TOMM22;ACAA1;CAMLG;COA6;UBC;SLC25A6;ACOT4;SERP1;CMC2;TIMM9;UBB;SLC25A4;TOMM40;GET4;TIMM23;PEX11B;ABCD1;SAMM50",-2.074091883143868,1.921083385049168e-7,TRUE,
"REACTOME_ANTIGEN_PROCESSING_CROSS_PRESENTATION",94,-0.5558124208029004,-2.246381569487206,2.0932444359848546e-9,8.759422870582777e-8,"PSMB4;UBA52;PSMB3;PSMD8;PSMB8;PSMB1;PSME1;CYBA;VAMP8;SEC61B;PSMB10;PSMB7;CD14;HLA-C;HLA-F;PSMB9;HLA-A;PSMC3;PSME2;PSMC4;PSMA6;TAPBP;PSMB6;HLA-E;NCF4;HLA-B;STX4;ADRM1;PSMD13;PSMA5;PSMC5;PSMB5;PSMB2;PSMA7;HLA-G;S100A9;PSMC2;UBC;PSMA1;UBB;PSMD3;TAP1;SEM1;PSMA3;PSMD2;CTSL;NCF1;FCGR1A",-2.226627866153726,1.9734014705474014e-7,TRUE,
"REACTOME_ACTIVATION_OF_THE_MRNA_UPON_BINDING_OF_THE_CAP_BINDING_COMPLEX_AND_EIFS_AND_SUBSEQUENT_BINDING_TO_43S",59,-0.6264157683612172,-2.335499660880076,7.920314047418845e-9,3.1915932161450756e-7,"FAU;RPS14;RPS15;RPS8;RPS5;RPS16;RPS6;RPS9;RPS11;EIF4EBP1;RPS2;RPS28;RPS21;RPS3;RPSA;EIF3K;RPS19;RPS18;RPS15A;EIF3G;RPS29;RPS10;RPS3A;EIF3I;RPS26;RPS12;RPS7;RPS4X;EIF3F;RPS23;RPS13",-2.249773891424058,2.000181869790721e-6,TRUE,
"REACTOME_PROTEASOME_ASSEMBLY",50,-0.6447893426237407,-2.3121298716264898,1.072186644152722e-8,4.1662109601362906e-7,"PSMB4;PSMG3;PSMB3;PSMD8;PSMB8;PSMB1;PSME1;PSMB10;PSMB7;PSMD4;PSMB9;PSMC3;PSMG4;PSME2;PSMC4;PSMA6;PSMB6;ADRM1;PSMD13;PSMD9;PSMA5;PSMC5;PSMB5;PSMB2;PSMA7;PSMC2;PSMA1;PSMD3;PSMF1;SEM1;PSMA3;PSMD2",-2.310852543411948,1.2735919656371807e-6,TRUE,
"REACTOME_COMPLEX_IV_ASSEMBLY",46,-0.6623083523973828,-2.3384435437751745,2.3424916391803867e-8,8.788382425614691e-7,"COX6B1;COX5B;COX4I1;TMEM223;HIGD2A;COX8A;COX7A1;SURF1;COX6A1;PET100;COX14;COA3;COX7B;NDUFA4;SCO2;COA5;COX5A;COX7A2;COX7C;TACO1;COX4I2;CMC1;RAB5IF;SMIM20;COX6C;COA1;COX7A2L;COX18;MT-CO3;MT-CO2;COX17;COX16;COX19",-2.2868819982803736,1.489502997360522e-6,TRUE,
"REACTOME_SUMOYLATION",175,0.38548403083496363,1.9885945941529433,5.23893801700241e-8,1.8999881874995405e-6,"NUP153;NUP98;STAG1;RANBP2;TOP2B;TOP1;SUZ12;NUP58;NCOA1;CASP8AP2;BRCA1;XPC;SMC1A;STAG2;SMC6;SMC3;MDC1;TP53BP1;TOP2A;TPR;SP3;WRN;PHC3;SENP1;SMC5;NCOA2;EIF2AK2;RORA;NUP133;NUP205;SIN3A;NOP58;PIAS1;NRIP1;CBX5;INCENP;NUP107;NUP50;POM121;HDAC2;ZNF131;DDX5;HERC2;EP300;SENP2;NUP160;RAD21;NR2C1;NR5A2;DNMT1;RNF168;SENP5;TDG;PHC1;HIPK2;NDC1;PARP1;TOPORS;MDM2;SATB2;XRCC4;DDX17;SATB1;DNMT3B;PPARGC1A;NUP155",1.8413559015693526,4.871683519100143e-5,TRUE,
"REACTOME_FBXL7_DOWN_REGULATES_AURKA_DURING_MITOTIC_ENTRY_AND_IN_EARLY_MITOSIS",42,-0.661608990566158,-2.284355078048718,6.549614550456911e-8,2.298703429321651e-6,"PSMB4;UBA52;RBX1;PSMB3;PSMD8;PSMB1;PSMB7;PSMC3;PSMC4;PSMA6;PSMB6;ADRM1;PSMD13;PSMA5;PSMC5;PSMB5;PSMB2;SKP1;PSMA7;PSMC2;UBC;PSMA1;UBB;PSMD3;SEM1;PSMA3;PSMD2",-2.1135445203763124,1.491391748088605e-4,TRUE,
"REACTOME_CROSS_PRESENTATION_OF_SOLUBLE_EXOGENOUS_ANTIGENS_ENDOSOMES",41,-0.6708348175920397,-2.306369373025855,7.337848232751447e-8,2.494868399135492e-6,"PSMB4;PSMB3;PSMD8;PSMB8;PSMB1;PSME1;PSMB10;PSMB7;PSMB9;PSMC3;PSME2;PSMC4;PSMA6;PSMB6;ADRM1;PSMD13;PSMA5;PSMC5;PSMB5;PSMB2;PSMA7;PSMC2;PSMA1;PSMD3;SEM1;PSMA3;PSMD2;FCGR1A",-2.3211277632461202,3.6581180089828956e-6,TRUE,
"REACTOME_RAC1_GTPASE_CYCLE",178,0.37165615120536827,1.9103666985610483,1.4796591915622614e-7,4.878391516423455e-6,"ALS2;SOS1;ARHGAP5;DOCK9;PIK3CA;DOCK7;ABI2;ARHGAP42;KTN1;NCKAP1;ARHGAP21;SWAP70;OPHN1;LEMD3;SRGAP1;PAK2;SOS2;ARHGAP32;PREX2;LBR;WIPF2;TAOK3;ERBIN;ITGB1;FARP2;ABL2;PKN2;CDC42BPA;TRIO;ECT2;ARHGEF10;GNA13;PLEKHG1;SYDE2;ARAP2;VRK2;SPATA13;CIT;DLC1;ARHGAP35;WASL;GIT2;NHS;ARHGAP20;DIAPH3;FAM13B;RALBP1;WASF1;ARHGAP17;ARHGEF7;ARHGAP12;FAM13A;DOCK5;IQGAP1;DOCK4;DOCK10;PIK3R1;RACGAP1;ABR;TIAM2;WASF3;GARRE1;DOCK8;DOCK11;ARHGAP31;TFRC;FARP1;DOCK1;WIPF3;IQGAP2;EPHA2;CHN1;ESYT1;VANGL1;ARHGEF6;TMPO;DOCK3",1.8602388332380384,7.27707116998288e-5,TRUE,
"REACTOME_MITOTIC_PROMETAPHASE",194,0.36478392484583266,1.9226598557663168,1.659584654498575e-7,5.31067089439544e-6,"ALMS1;CEP290;NUP98;NEDD1;CLIP1;DYNC1LI2;STAG1;TAOK1;RANBP2;EML4;CKAP5;AHCTF1;CLASP1;AKAP9;XPO1;WAPL;SMC1A;STAG2;SMC3;CCP110;CEP135;CENPF;CPAP;SMC4;PDS5A;PDS5B;CEP63;PPP2R1B;PAFAH1B1;NCAPD2;CEP192;CLASP2;TUBGCP4;ZW10;CEP152;CENPE;NUP133;KIF2A;KNTC1;PCNT;SMC2;YWHAG;PCM1;CENPI;INCENP;NUP107;HAUS6;BUB1B;MAPRE1;CNTRL;BUB1;SGO2;HAUS3;NUP160;RAD21;TUBB2B;NEK9;PLK4;PPP2R5E;KNL1;CENPC;CEP164;TUBGCP3;CEP43;KIF18A",1.846451687002993,1.697577010210193e-5,TRUE,
"REACTOME_SCF_BETA_TRCP_MEDIATED_DEGRADATION_OF_EMI1",42,-0.6480898480045859,-2.237677172515777,2.1594078712773237e-7,6.5624078720529555e-6,"PSMB4;UBA52;PSMB3;PSMD8;PSMB1;PSMB7;FZR1;PSMC3;PSMC4;PSMA6;PSMB6;ADRM1;PSMD13;PSMA5;PSMC5;PSMB5;PSMB2;SKP1;PSMA7;PSMC2;UBC;PSMA1;UBB;PSMD3;CDC20;SEM1;PSMA3;PSMD2",-2.0903685851813334,2.192033500886307e-4,TRUE,
"REACTOME_DECTIN_1_MEDIATED_NONCANONICAL_NF_KB_SIGNALING",48,-0.6249857556179443,-2.2192654242241554,2.1713849576645808e-7,6.5624078720529555e-6,"PSMB4;UBA52;PSMB3;PSMD8;PSMB1;PSMB7;UBE2M;PSMC3;RELB;PSMC4;PSMA6;PSMB6;NFKB2;ADRM1;PSMD13;PSMA5;PSMC5;PSMB5;PSMB2;SKP1;PSMA7;PSMC2;UBC;PSMA1;UBB;PSMD3;RELA;SEM1;PSMA3;PSMD2",-1.9925836706513886,2.679982406270397e-4,TRUE,
"REACTOME_NEGATIVE_REGULATION_OF_NOTCH4_SIGNALING",44,-0.636960362138971,-2.2343199890000016,2.456915581887516e-7,7.2246598732259935e-6,"PSMB4;UBA52;RBX1;PSMB3;PSMD8;PSMB1;PSMB7;PSMC3;PSMC4;PSMA6;PSMB6;ADRM1;PSMD13;PSMA5;PSMC5;PSMB5;PSMB2;SKP1;PSMA7;PSMC2;UBC;PSMA1;UBB;PSMD3;AKT1;SEM1;PSMA3;PSMD2",-2.0766215426156345,1.6199770160222086e-4,TRUE,
"REACTOME_CELLULAR_RESPONSE_TO_CHEMICAL_STRESS",188,-0.4276378378308824,-1.8875963867723111,2.7162601600445847e-7,7.77708172139081e-6,"PSMB4;UBA52;GPX1;RBX1;BLVRB;COX6B1;ATOX1;TXN2;COX5B;PSMB3;SOD3;COX4I1;COX8A;COX7A1;UFD1;PSMD8;STAP2;HMOX2;PSMB1;CCS;KEAP1;NUDT2;COX6A1;CYBA;PRDX2;PSMB7;TXNRD2;CDKN2A;CSNK2B;COX7B;PSMC3;NDUFA4;GPX2;PRDX5;PSMC4;PSMA6;PSMB6;COX5A;NCF4;COX7A2;COX7C;HBA2;ABCF2;SOD1;HBB;ATF4;TALDO1;ADRM1;PSMD13;HDAC3;GSTP1;HMOX1;PSMA5;PSMC5;RXRA;PSMB5;TXN;PDGFA;PSMB2;AKT2;SKP1;BLVRA;PSMA7;COX4I2;PSMC2;TKT;UBC;GPX7;PSMA1;COX6C;UBB;PSMD3;PRDX1",-1.7347367748226368,2.888933059743917e-4,TRUE,
"REACTOME_MITOCHONDRIAL_PROTEIN_IMPORT",63,-0.5740060562563335,-2.1617323040619767,2.8407003771243915e-7,7.924825667464969e-6,"CYC1;CHCHD5;CHCHD10;CHCHD2;GFER;TIMM13;NDUFB8;TIMM17B;TIMM8B;TIMM50;IDH3G;TOMM5;TIMM44;PMPCA;COA4;ATP5MC1;TAFAZZIN;BCS1L;TIMM10;HSCB;TOMM7;MTX1;TOMM22;COA6;SLC25A6;CMC2;TIMM9;SLC25A4;TOMM40;TIMM23;SAMM50;COQ2;DNAJC19",-2.128564632365581,1.6500228547969566e-5,TRUE,
"REACTOME_VIF_MEDIATED_DEGRADATION_OF_APOBEC3G",41,-0.6510800884579806,-2.2384514578366006,3.3292215235944687e-7,9.055482544176955e-6,"PSMB4;UBA52;RBX1;PSMB3;PSMD8;ELOB;PSMB1;PSMB7;PSMC3;PSMC4;PSMA6;PSMB6;ADRM1;PSMD13;PSMA5;PSMC5;PSMB5;PSMB2;PSMA7;PSMC2;APOBEC3G;UBC;PSMA1;UBB;PSMD3;ELOC;SEM1;PSMA3;PSMD2",-2.080001247493709,3.883567160667331e-4,TRUE,
"REACTOME_DEGRADATION_OF_GLI1_BY_THE_PROTEASOME",46,-0.630406394638658,-2.2258057869287713,4.780222672917608e-7,1.2685078702766726e-5,"PSMB4;UBA52;RBX1;PSMB3;PSMD8;PSMB1;PSMB7;PSMC3;PSMC4;PSMA6;PSMB6;ADRM1;PSMD13;PRKACA;PSMA5;PSMC5;PSMB5;PSMB2;SKP1;PSMA7;PSMC2;UBC;PSMA1;UBB;PSMD3;SEM1;PSMA3;PSMD2",-2.00627414603081,5.338268462740293e-4,TRUE,
"REACTOME_SOMITOGENESIS",42,-0.638863954383164,-2.205822682561525,5.295061353430561e-7,1.37167303631725e-5,"PSMB4;PSMB3;PSMD8;LFNG;PSMB1;PSMB7;PSMC3;PSMC4;PSMA6;PSMB6;ADRM1;PSMD13;PSMA5;PSMC5;PSMB5;PSMB2;PSMA7;TBX6;PSMC2;MESP2;PSMA1;PSMD3;SEM1;PSMA3;PSMD2",-2.0312027512012416,5.636304948136519e-4,TRUE,
"REACTOME_TNFR2_NON_CANONICAL_NF_KB_PATHWAY",84,-0.5242756062006421,-2.0726687119949925,6.784944702151558e-7,1.6933852126180082e-5,"PSMB4;UBA52;PSMB3;TNFRSF14;PSMD8;PSMB1;TNFRSF4;PSMB7;TNFRSF18;UBE2M;PSMC3;TNFSF12;RELB;PSMC4;PSMA6;PSMB6;NFKB2;TNFRSF12A;ADRM1;PSMD13;PSMA5;PSMC5;PSMB5;PSMB2;SKP1;TRAF2;PSMA7;TNFRSF1A;PSMC2;UBC;PSMA1;UBB;PSMD3;CD70;LTB",-1.9378783604254655,2.2685840436933394e-4,TRUE,
"REACTOME_NEUTROPHIL_DEGRANULATION",424,-0.3485049993688599,-1.6511288138079727,6.848249021616945e-7,1.6933852126180082e-5,"DPP7;PRSS3;CFD;PYCARD;NPC2;LAMTOR2;LAMTOR1;CTSD;NAPRT;BRI3;TOM1;HMOX2;PSMB1;GSDMD;TYROBP;APRT;COMMD3;CYBA;VAMP8;PTGES2;PSMB7;RHOG;ACTR1B;PPIE;CST3;CD14;C1orf35;CSNK2B;DGAT1;HLA-C;SLC2A5;DBNL;DYNLL1;TUBB4B;S100A11;PSMC3;CYB5R3;TRAPPC1;PPIA;RAB24;DYNLT1;RNASET2;COMMD9;TCIRG1;CD63;HEBP2;BST2;TMEM179B;AGPAT2;CYSTM1;S100P;HLA-B;ARHGAP45;CD300A;HBB;GMFG;NDUFC2;FTL;TOLLIP;PSMD13;PRDX4;CTSZ;PTPN6;GHDC;BST1;GSTP1;ADAM8;PSMA5;TBC1D10C;GUSB;PYGB;CTSB;ALAD;ALDOA;APEH;PFKL;EEF2;ANXA2;ATAD3B;GRN;ORMDL3;P2RX1;CHIT1;RAB3A;ACAA1;OSCAR;OSTF1;LGALS3;SLC11A1;HK3;SRP14;NME2;S100A9;PSMC2;SURF4;GPI;AP1M1;ARSA;MMP9;CSTB;STBD1;ITGB2;GYG1;ATG7;PSMD3;ARPC5;EEF1A1;DNASE1L1;DOK3;FTH1;IMPDH2;ARHGAP9;TUBB;SLPI;LILRB3;NBEAL2;GM2A;ADGRE5;DDOST;TRPM2;SERPINB6;CD59;RAB5C;CTSA;RAC1;VAT1;FGR;CD33;ALDH3B1;TXNDC5;PSMD2;CLEC12A;SIGLEC9;PDXK;ILF2;TMEM63A;MVP;CAPN1;ADGRG3;MMP25;ARL8A;PLEKHO2;TNFRSF1B;TMC6;GPR84;PRDX6;B2M;FCER1G;YPEL5;LAIR1;C5AR1;PSAP;AP2A2;HSPA6;PDAP1;NFAM1;PTPRN2;CREG1;ANPEP;ALOX5;ITGAX;CPNE1;CD58;CDA;FUCA1;CD44;VCP;ITGAM;NIT2",-1.463311106163099,0.0047732720344540605,TRUE,
"REACTOME_SYNTHESIS_OF_DNA",107,-0.48745651124397366,-2.001669244883965,7.845435222664448e-7,1.8968518938353154e-5,"PSMB4;UBA52;RBX1;PSMB3;ANAPC11;PSMD8;PSMB1;PSMB7;MCM5;FZR1;POLD2;PSMC3;ANAPC2;PSMC4;PSMA6;PSMB6;RFC2;CDT1;ADRM1;POLA2;PSMD13;POLE4;PSMA5;PSMC5;PSMB5;PSMB2;UBE2S;SKP1;ANAPC15;PSMA7;POLD4;PSMC2;POLE3;RPA3;UBC;MCM7;PSMA1;UBB;PSMD3;POLD1;GINS2;CDC45;PCNA;UBE2C;SEM1;PSMA3;PSMD2;ANAPC7;RPA2;ANAPC5",-1.8644003453991989,3.6119523300254995e-4,TRUE,
"REACTOME_RHOB_GTPASE_CYCLE",68,0.4947359532018686,2.1993688678975722,9.359069483054038e-7,2.2075774426963784e-5,"ROCK2;ARHGEF12;MYO9A;ARHGAP5;ROCK1;ARHGAP21;SOWAHC;OPHN1;SLK;ARHGAP32;ERBIN;AKAP13;TJP2;PKN2;ECT2;ARHGEF10;ANLN;CIT;DLC1;ARHGAP35;DAAM1;DIAPH3;NET1;STARD13;PIK3R1;RHPN2;RACGAP1;ABR",2.009467411688334,6.087088721001605e-4,TRUE,
"REACTOME_ANTIGEN_PROCESSING_UB_ATP_INDEPENDENT_PROTEASOMAL_DEGRADATION",19,-0.7619284147923413,-2.234914232718815,9.536409908706781e-7,2.2075774426963784e-5,"PSMB4;PSMB3;PSMB8;PSMB1;PSME1;PSMB10;PSMB7;PSMB9;PSME2;PSMA6;PSMB6;PSMA5;PSMB5;PSMB2;PSMA7",-2.358606324448084,2.0275546668601488e-6,TRUE,
"REACTOME_DEGRADATION_OF_DVL",44,-0.6135610001534436,-2.152240058565172,1.2996949827387477e-6,2.945975294207828e-5,"PSMB4;UBA52;RBX1;PSMB3;PSMD8;PSMB1;PSMB7;PSMC3;PSMC4;PSMA6;PSMB6;DVL1;ADRM1;PSMD13;PSMA5;PSMC5;PSMB5;PSMB2;PSMA7;PSMC2;UBC;PSMA1;UBB;PSMD3;SEM1;PSMA3;PSMD2;DVL3",-2.0557026877527202,2.192033500886307e-4,TRUE,
"REACTOME_AUF1_HNRNP_D0_BINDS_AND_DESTABILIZES_MRNA",42,-0.6283980277556098,-2.169686697441855,1.3390971230550718e-6,2.9494073355761965e-5,"PSMB4;UBA52;PSMB3;HSPB1;PSMD8;PSMB1;PSMB7;PSMC3;PSMC4;PSMA6;PSMB6;ADRM1;PSMD13;PSMA5;PSMC5;PSMB5;PSMB2;PSMA7;PSMC2;UBC;PSMA1;UBB;PSMD3;SEM1;PSMA3;PSMD2",-2.11143493080435,1.5241586145494756e-4,TRUE,
"REACTOME_THE_ROLE_OF_GTSE1_IN_G2_M_PROGRESSION_AFTER_G2_CHECKPOINT",58,-0.5781144714709985,-2.1384576442930903,1.3554261652464137e-6,2.9494073355761965e-5,"PSMB4;UBA52;PSMB3;PSMD8;PSMB1;PSMB7;TUBB4B;PSMC3;PSMC4;PSMA6;PSMB6;TUBA4A;TUBA1A;ADRM1;PSMD13;PSMA5;TUBB6;PSMC5;PSMB5;FKBPL;PSMB2;PSMA7;PSMC2;UBC;PSMA1;UBB;PSMD3;TUBA1B;SEM1;PSMA3;PSMD2",-2.0345697630271378,2.4003105481983973e-4,TRUE,
"REACTOME_GSK3B_MEDIATED_PROTEASOMAL_DEGRADATION_OF_PD_L1_CD274",44,-0.6116612456687232,-2.1455761283244437,1.445113149340365e-6,3.082908051926112e-5,"PSMB4;UBA52;RBX1;PSMB3;PSMD8;PSMB1;PSMB7;PSMC3;PSMC4;PSMA6;PSMB6;ADRM1;PSMD13;PSMA5;PSMC5;PSMB5;PSMB2;SKP1;PSMA7;PSMC2;UBC;PSMA1;UBB;PSMD3;SEM1;PSMA3;PSMD2",-1.9759911266550656,7.313635701594104e-4,TRUE,
"REACTOME_METABOLISM_OF_POLYAMINES",46,-0.6145158972310202,-2.1697004533092255,1.6778366906793854e-6,3.51055061434456e-5,"PSMB4;OAZ1;PSMB3;PSMD8;PSMB1;PSMB7;PAOX;PSMC3;SRM;PSMC4;PSMA6;PSMB6;AZIN2;ADRM1;PSMD13;PSMA5;PSMC5;PSMB5;PSMB2;PSMA7;PSMC2;PSMA1;OAZ3;PSMD3;SEM1;PSMA3;PSMD2;SMOX",-2.129716300885174,6.712147450726486e-5,TRUE,
"REACTOME_ORC1_REMOVAL_FROM_CHROMATIN",57,-0.5712661763184907,-2.0978868640049404,1.9274909520510926e-6,3.956811614776582e-5,"PSMB4;UBA52;RBX1;PSMB3;PSMD8;PSMB1;PSMB7;MCM5;PSMC3;PSMC4;PSMA6;PSMB6;CDT1;ADRM1;PSMD13;PSMA5;PSMC5;PSMB5;PSMB2;SKP1;PSMA7;PSMC2;UBC;MCM7;PSMA1;UBB;PSMD3;SEM1;PSMA3;PSMD2",-1.9817601644043592,2.679982406270397e-4,TRUE,
"REACTOME_APC_C_CDH1_MEDIATED_DEGRADATION_OF_CDC20_AND_OTHER_APC_C_CDH1_TARGETED_PROTEINS_IN_LATE_MITOSIS_EARLY_G1",61,-0.5604204276259743,-2.1005499167154325,2.025731064814941e-6,4.081472960219733e-5,"PSMB4;UBA52;PSMB3;ANAPC11;PSMD8;PSMB1;PSMB7;FZR1;PSMC3;ANAPC2;PSMC4;PSMA6;PSMB6;ADRM1;PSMD13;PTTG1;PSMA5;PSMC5;PSMB5;PSMB2;UBE2S;ANAPC15;PSMA7;PSMC2;UBC;PSMA1;UBB;PSMD3;UBE2C;CDC20;SEM1;PSMA3;PSMD2;ANAPC7;ANAPC5;AURKB;RPS27A",-2.0355185812130427,2.4875536895022673e-4,TRUE,
"REACTOME_REGULATION_OF_ORNITHINE_DECARBOXYLASE_ODC",38,-0.6284571764383327,-2.1384462007172305,2.252063530576861e-6,4.454991129577499e-5,"PSMB4;OAZ1;PSMB3;PSMD8;PSMB1;PSMB7;PSMC3;PSMC4;PSMA6;PSMB6;ADRM1;PSMD13;PSMA5;PSMC5;PSMB5;PSMB2;PSMA7;PSMC2;PSMA1;OAZ3;PSMD3;SEM1;PSMA3;PSMD2",-2.138745747971487,5.0443575973868004e-5,TRUE,
"REACTOME_CHROMATIN_ORGANIZATION",242,0.31748202122140545,1.7023482096538833,3.4754909765858104e-6,6.752382468795288e-5,"KMT2A;KDM5A;PBRM1;ASH1L;ATXN7;ARID4B;BRWD1;SUZ12;KMT2C;NCOA1;KMT2D;NSD1;REST;EP400;KAT6B;KDM7A;AEBP2;NCOR1;KDM3A;TRRAP;SETD2;KDM3B;YEATS2;BICRAL;KAT7;SMARCC1;KMT5B;SUDS3;ELP1;PHF20;NCOA2;KDM2A;ATF7IP;ARID4A;MSL2;KDM1B;CLOCK;RIOX2;PHF10;KANSL1;ARID2;ZZZ3;KDM6A;SETD7;HDAC2;JADE3;CCND1;RCOR1;BRD7;OGT;BRPF3;EP300;MECOM;ARID1B;USP22;ARID5B;ARID1A;SETDB1;KAT6A;KDM5B;SMARCC2;PHF21A;PHF8;MSL1;KANSL3;SETD1B;SS18;SMARCA2;ATF2;SUPT20H;DPF3;TBL1XR1",1.43276659283002,0.006977528178596113,TRUE,
"REACTOME_RND3_GTPASE_CYCLE",40,0.5835993460643916,2.320248340846145,4.408588859568476e-6,8.414990665281582e-5,"DSP;ANKRD26;ARHGAP5;DST;KTN1;ROCK1;ARHGAP21;LEMD3;FAM83B;CPD;TMOD3;PICALM;RND3;CCDC88A;RASAL2;ARHGAP35;PTPN13",2.141777233609345,0.0013056117003811478,TRUE,
"REACTOME_CDK_MEDIATED_PHOSPHORYLATION_AND_REMOVAL_OF_CDC6",59,-0.5543864314845806,-2.066948803214251,4.906837878938553e-6,9.204551055664043e-5,"PSMB4;UBA52;PSMB3;ANAPC11;PSMD8;PSMB1;PSMB7;FZR1;PSMC3;ANAPC2;PSMC4;PSMA6;PSMB6;ADRM1;PSMD13;PSMA5;PSMC5;PSMB5;PSMB2;UBE2S;ANAPC15;PSMA7;PSMC2;UBC;PSMA1;UBB;PSMD3;UBE2C;SEM1;PSMA3;PSMD2;ANAPC7;ANAPC5",-2.0299149424344924,2.4385496720937078e-4,TRUE,
"REACTOME_UCH_PROTEINASES",76,-0.5192503460845824,-2.006745741097387,5.403493568151619e-6,9.96440847821858e-5,"PSMB4;UBA52;NEDD8;PSMB3;H2AC20;H2AC25;PSMD8;PSMB1;ACTB;PSMB7;PSMC3;MCRS1;PSMC4;PSMA6;PSMB6;TFPT;INO80E;INO80C;ADRM1;PSMD13;PSMA5;PSMC5;PSMB5;PSMB2;PSMA7;UCHL1;INO80B;UCHL3;BAP1;PSMC2;UBC;H2AC8;PSMA1;UBB;PSMD3",-1.9718938383241014,2.296595550023167e-4,TRUE,
"REACTOME_DEGRADATION_OF_CRY_AND_PER_PROTEINS",48,-0.5845651682831646,-2.07573573399911,5.549216971372e-6,1.0062580108087892e-4,"PSMB4;UBA52;RBX1;PSMB3;PSMD8;PSMB1;PSMB7;PSMC3;PSMC4;PSMA6;PSMB6;ADRM1;PSMD13;PSMA5;PSMC5;PSMB5;PSMB2;SKP1;PSMA7;PSMC2;UBC;PSMA1;UBB;PSMD3;SEM1;PSMA3;PSMD2",-1.9131201630935608,9.977927225702907e-4,TRUE,
"REACTOME_FORMATION_OF_ATP_BY_CHEMIOSMOTIC_COUPLING",20,-0.7300036668044522,-2.1548623120795125,5.961617514761588e-6,1.0533095933456285e-4,"ATP5F1D;ATP5MF;ATP5ME;ATP5MC2;ATP5MJ;ATP5PO;ATP5MG;ATP5F1C;ATP5MC1;ATP5F1E;ATP5MK;ATP5PD;ATP5MC3",-1.937201792558025,0.002345069060497172,TRUE,
"REACTOME_DNA_REPLICATION_PRE_INITIATION",114,-0.4543693939120498,-1.8790663075505503,6.062244945404985e-6,1.0533095933456285e-4,"PSMB4;UBA52;PSMB3;H2AC20;ANAPC11;PSMD8;PSMB1;PSMB7;H2AJ;MCM5;FZR1;PSMC3;H2AX;ANAPC2;PSMC4;PSMA6;PSMB6;CDT1;ADRM1;POLA2;PSMD13;POLE4;PSMA5;PSMC5;PSMB5;PSMB2;UBE2S;ANAPC15;PSMA7;PSMC2;POLE3;RPA3;UBC;H2AC8;H3C8;MCM7;PSMA1;UBB;PSMD3;CDC45;H2AZ2;UBE2C;SEM1;PSMA3;PSMD2;ANAPC7;H2BC12;RPA2;ANAPC5;H2BC8;RPS27A;H4C5",-1.7243418548816434,0.002345069060497172,TRUE,
"REACTOME_SIGNALING_BY_FGFR1_IN_DISEASE",31,0.6171230185194412,2.303477865648765,6.0991272408800184e-06,1.0533095933456285e-4,"SOS1;PIK3CA;FRS2;CPSF6;KRAS;ZMYM2;MYO18A;GAB1;STAT3;LRRFIP1;NRAS;CNTRL;FGFR1OP2;STAT5B;CEP43",2.411259386915328,6.712147450726486e-5,TRUE,
"REACTOME_REGULATION_OF_CDH1_FUNCTION",60,-0.552041841732501,-2.066623268329721,6.4046346963596054e-6,1.0887878983811329e-4,"PSMB4;UBA52;PSMB3;PSMD8;PSMB1;ACTB;PSMB7;RACK1;ACTG2;PSMC3;PSMC4;PSMA6;PSMB6;ADRM1;PSMD13;PSMA5;PSMC5;ACTA1;CTSB;PSMB5;PSMB2;PSMA7;PSMC2;ACTA2;BANP;UBC;PSMA1;UBB;PSMD3;DNM2;SEM1;PSMA3;PSMD2;CTSL",-1.8851723851556985,0.0015285830076282839,TRUE,
"REACTOME_ACTIVATION_OF_APC_C_AND_APC_C_CDC20_MEDIATED_DEGRADATION_OF_MITOTIC_PROTEINS",63,-0.5382605039903263,-2.0271129664822767,6.580648967325027e-6,1.1014993963768662e-4,"PSMB4;UBA52;PSMB3;ANAPC11;PSMD8;PSMB1;PSMB7;PSMC3;ANAPC2;PSMC4;PSMA6;PSMB6;ADRM1;PSMD13;PTTG1;PSMA5;PSMC5;PSMB5;PSMB2;UBE2S;ANAPC15;PSMA7;PSMC2;UBC;PSMA1;UBB;PSMD3;UBE2C;CDC20;SEM1;PSMA3;PSMD2;ANAPC7;ANAPC5;RPS27A;BUB3",-1.9324481272654028,5.631148178404043e-4,TRUE,
"REACTOME_UBIQUITIN_DEPENDENT_DEGRADATION_OF_CYCLIN_D",39,-0.6059614015136525,-2.0720276531027415,6.752598801006944e-6,1.11315568113569e-4,"PSMB4;UBA52;PSMB3;PSMD8;PSMB1;PSMB7;PSMC3;PSMC4;PSMA6;PSMB6;ADRM1;PSMD13;PSMA5;PSMC5;PSMB5;PSMB2;PSMA7;PSMC2;UBC;PSMA1;UBB;PSMD3;SEM1;PSMA3;PSMD2",-2.0550595425446123,3.140134410463091e-4,TRUE,
"REACTOME_UBIQUITIN_MEDIATED_DEGRADATION_OF_PHOSPHORYLATED_CDC25A",51,-0.5675640865899072,-2.0475437682531523,6.9951498797193e-6,1.135928816288746e-4,"PSMB4;UBA52;RBX1;PSMB3;PSMD8;PSMB1;PSMB7;PSMC3;PSMC4;PSMA6;PSMB6;ADRM1;PSMD13;PSMA5;PSMC5;PSMB5;PSMB2;SKP1;PSMA7;CSNK1E;PSMC2;UBC;PSMA1;UBB;PSMD3;NEK11;SEM1;PSMA3;PSMD2",-1.8907806106162774,0.0014616975708013162,TRUE,
"REACTOME_REGULATION_OF_RUNX3_EXPRESSION_AND_ACTIVITY",45,-0.5805650773529019,-2.0478034672431527,7.60260302568905e-6,1.2110648476992174e-4,"PSMB4;UBA52;PSMB3;PSMD8;PSMB1;PSMB7;CDKN2A;PSMC3;PSMC4;PSMA6;PSMB6;ADRM1;PSMD13;PSMA5;PSMC5;PSMB5;PSMB2;PSMA7;PSMC2;UBC;PSMA1;UBB;PSMD3;SEM1;PSMA3;TGFB1;PSMD2",-2.0050935987168375,6.237770976541481e-4,TRUE,
"REACTOME_ABC_TRANSPORTER_DISORDERS",60,-0.5485579900216088,-2.0535811246644062,7.680466405445404e-6,1.2110648476992174e-4,"PSMB4;UBA52;PSMB3;PSMD8;PSMB1;PSMB7;PSMC3;PSMC4;PSMA6;PSMB6;ADRM1;PSMD13;PSMA5;PSMC5;PSMB5;PSMB2;RNF5;PSMA7;PSMC2;UBC;PSMA1;UBB;PSMD3;ABCB6;DERL3;ABCD1;SEM1;PSMA3;PSMD2;RPS27A;ABCD4",-1.893432083642231,0.0014291849167914774,TRUE,
"REACTOME_SCF_SKP2_MEDIATED_DEGRADATION_OF_P27_P21",49,-0.5802817783652638,-2.062534118183831,7.910223947488641e-6,1.2294748078382344e-4,"PSMB4;UBA52;PSMB3;PSMD8;PSMB1;PSMB7;PSMC3;PSMC4;PSMA6;PSMB6;ADRM1;PSMD13;PSMA5;PSMC5;PSMB5;PSMB2;SKP1;PSMA7;PSMC2;UBC;PSMA1;UBB;PSMD3;CKS1B;SEM1;PSMA3;PSMD2;RPS27A;PTK6",-1.9442617030310283,8.899785181738132e-4,TRUE,
"REACTOME_SARS_COV_1_HOST_INTERACTIONS",96,-0.4749792247055119,-1.918763891836592,8.334054101271706e-6,1.277105755237129e-4,"FAU;UBA52;RPS14;RPS15;RPS8;RPS5;PYCARD;RPS16;RPS6;RPS9;RPS11;RPS2;RPS28;RPS21;RPS3;RPSA;RPS19;RPS18;RPS15A;SFN;RPS29;PPIA;BST2;RPS10;RPS3A;PPIH;UBE2I;RPS26;IRF3;RPS12;RPS7;RPS4X;RPS23;RPS13;UBC;TKFC;UBB;RPS27;EEF1A1;PPIB;RELA",-1.9195932249191934,3.439721506656533e-4,TRUE,
"REACTOME_RESOLUTION_OF_SISTER_CHROMATID_COHESION",117,0.3919442765831468,1.8989874799279705,9.479600492499033e-6,1.432472963310965e-4,"NUP98;CLIP1;DYNC1LI2;STAG1;TAOK1;RANBP2;CKAP5;AHCTF1;CLASP1;XPO1;WAPL;SMC1A;STAG2;SMC3;CENPF;PDS5A;PDS5B;PPP2R1B;PAFAH1B1;CLASP2;ZW10;CENPE;NUP133;KIF2A;KNTC1;CENPI;INCENP;NUP107;BUB1B;MAPRE1;BUB1;SGO2;NUP160;RAD21;TUBB2B;PPP2R5E;KNL1;CENPC",1.9134413753291974,1.086275494687851e-4,TRUE,
"REACTOME_SWITCHING_OF_ORIGINS_TO_A_POST_REPLICATIVE_STATE",78,-0.5081876357938405,-1.9765115877492592,9.893164076175338e-6,1.4744880157368175e-4,"PSMB4;UBA52;RBX1;PSMB3;ANAPC11;PSMD8;PSMB1;PSMB7;MCM5;FZR1;PSMC3;ANAPC2;PSMC4;PSMA6;PSMB6;CDT1;ADRM1;PSMD13;PSMA5;PSMC5;PSMB5;PSMB2;UBE2S;SKP1;ANAPC15;PSMA7;PSMC2;UBC;MCM7;PSMA1;UBB;PSMD3;UBE2C;SEM1;PSMA3;PSMD2;ANAPC7;ANAPC5",-1.938882784481256,3.576845870696728e-4,TRUE,
"REACTOME_STABILIZATION_OF_P53",44,-0.5788402224868608,-2.0304470362905067,1.1480206773062096e-5,1.6879006714988595e-4,"PSMB4;UBA52;PSMB3;PSMD8;PSMB1;PSMB7;CDKN2A;PSMC3;PSMC4;PSMA6;PSMB6;ADRM1;PSMD13;PSMA5;PSMC5;PSMB5;PSMB2;PSMA7;PSMC2;UBC;PSMA1;UBB;PSMD3;SEM1;PSMA3;PSMD2",-1.9945608407284123,5.565970168529041e-4,TRUE,
"REACTOME_ASYMMETRIC_LOCALIZATION_OF_PCP_PROTEINS",51,-0.5560516270852179,-2.0060114280768695,1.67309796073268e-5,2.4271074417028742e-4,"PSMB4;UBA52;PSMB3;PSMD8;PSMB1;PARD6A;PSMB7;PSMC3;PSMC4;PSMA6;PSMB6;ADRM1;PSMD13;PSMA5;PSMC5;PSMB5;PSMB2;PSMA7;PSMC2;UBC;PSMA1;UBB;PSMD3;SCRIB;SEM1;PSMA3;PSMD2",-1.9207196244283797,0.0010329522956663408,TRUE,
"REACTOME_CDC42_GTPASE_CYCLE",147,0.34791362781035795,1.7476614830250876,1.778452136207362e-5,2.525126217743646e-4,"ARHGEF12;ITSN1;ARHGAP5;DOCK9;DOCK7;ARHGAP42;KTN1;FGD4;FMNL2;ARHGAP21;OPHN1;SRGAP1;PAK2;ARHGAP32;PREX2;LBR;WIPF2;FNBP1L;CDC42BPA;TRIO;ECT2;ARHGEF10;GNA13;PLEKHG1;SH3PXD2A;ARAP2;SPATA13;DLC1;ARHGAP35;WASL;GIT2;DAAM1;ARHGAP20;DIAPH3;FAM13B;KCTD3;RALBP1;ARHGAP17;ARHGEF7;IQGAP1;STARD13;DOCK10;PIK3R1;FGD1;RACGAP1;CDC42BPB;ABR;DOCK8;DOCK11;ARHGAP31;TFRC;FARP1;WIPF3;CPNE8;IQGAP2;CHN1;VANGL1;ARHGEF6;TMPO",1.6162029182607818,0.0022100338335178556,TRUE,
"REACTOME_COMPLEX_III_ASSEMBLY",26,-0.6743812263540402,-2.128309662716103,1.7870838121898967e-5,2.525126217743646e-4,"UQCR11;UQCRQ;CYC1;UQCR10;UQCC3;UQCC2;UQCRC1;UQCC5;UQCRHL;LYRM4;BCS1L;HSCB;ISCU;UQCRH;UQCRFS1",-2.0642382699206756,5.998825386732994e-4,TRUE,
"REACTOME_PCP_CE_PATHWAY",78,-0.501402186536443,-1.9501207074115652,1.8206714864528126e-5,2.5396033041803334e-4,"PSMB4;UBA52;PSMB3;AP2S1;AP2M1;PSMD8;CLTB;PSMB1;CLTA;PARD6A;PSMB7;PSMC3;RAC3;PFN1;PSMC4;PSMA6;PSMB6;DVL1;ADRM1;PSMD13;WNT4;PSMA5;PSMC5;PSMB5;PSMB2;RAC2;PSMA7;PSMC2;UBC;PSMA1;UBB;PSMD3;SCRIB;SEM1;RAC1;PSMA3;PSMD2;DVL3",-2.0156840955720563,1.037926863505952e-4,TRUE,
"REACTOME_APOPTOTIC_EXECUTION_PHASE",48,0.5134115092172357,2.139058126645838,1.9153731528828298e-5,2.6378810004259735e-4,"DSP;KPNB1;ROCK1;PAK2;APC;TJP1;TJP2;KPNA1;CASP8;DNM1L;SPTAN1;DSG2;STK26;CDH1;PRKCQ;ACIN1;BIRC2;HMGB1;STK24;OCLN;SATB1;CLSPN",2.0094395089044568,0.0020156603457064885,TRUE,
"REACTOME_RUNX1_REGULATES_TRANSCRIPTION_OF_GENES_INVOLVED_IN_DIFFERENTIATION_OF_HSCS",80,-0.4927895864943591,-1.9273365875986896,1.9623069537461227e-5,2.6526825847831935e-4,"PSMB4;UBA52;PSMB3;H2AC20;PSMD8;PSMB1;PSMB7;H2AJ;PSMC3;H2AX;PSMC4;PSMA6;TP73;PSMB6;LDB1;ADRM1;PSMD13;SPI1;PSMA5;PSMC5;PSMB5;PSMB2;PSMA7;PSMC2;UBC;H2AC8;H3C8;PSMA1;UBB;PSMD3;H2AZ2;SEM1;PSMA3;TCF3;PSMD2;H2BC12;H2BC8;RPS27A;H4C5",-1.7520571812476655,0.0032979040528090925,TRUE,
"REACTOME_CELLULAR_RESPONSE_TO_HYPOXIA",61,-0.527823977521865,-1.978372945327261,1.9748831743330762e-5,2.6526825847831935e-4,"PSMB4;UBA52;RBX1;PSMB3;PSMD8;ELOB;PSMB1;PSMB7;PSMC3;PSMC4;PSMA6;PSMB6;ADRM1;PSMD13;CA9;PSMA5;PSMC5;PSMB5;PSMB2;PSMA7;UBE2D2;PSMC2;UBC;PSMA1;UBB;PSMD3;ELOC;SEM1;PSMA3;PSMD2",-1.9341969478687344,9.977927225702907e-4,TRUE,
"REACTOME_EPIGENETIC_REGULATION_OF_GENE_EXPRESSION",277,0.2886714929216034,1.5866300007195568,2.1511571930165077e-5,2.8542183243926347e-4,"MED1;BOD1L1;KMT2A;MED13;BAZ2A;TET3;ARID4B;SF3B1;SUZ12;KMT2C;NCOA1;ERCC6;KMT2D;NCOA3;BAZ1B;AEBP2;NCOR1;YEATS2;TASOR;DDX21;SIRT1;POLR1B;SMARCA5;SMARCC1;MED14;ZNF33A;SUDS3;PHF20;NCOA2;PHF20L1;MED23;POLR1A;ATF7IP;DEK;GSK3B;SIN3A;KANSL1;ZZZ3;CBX5;MTREX;KDM6A;HDAC2;GTF2H3;MPHOSPH8;TAF1A;ZNF708;OGT;TAF1B;ELOVL5;EP300;WDR82;ARID1B;ZNF680;NCOA6;TET2;ARID1A;JARID2;NR5A2;SETDB1;ACSL1;TET1;DNMT1;SMARCC2;MTF2;ZNF28;KANSL3;SETD1B;LPIN1;SS18;SMARCA2;ZNF224;TDG;RB1;DPF3;TTF1;ZNF649;TBL1XR1;CDK8;PPARGC1B;MED12;TASP1;ZNF519;ZNF317;MBD2;DNMT3B;ZCCHC8;PPARGC1A;KAT2B;SMARCD1;TAF1D;POLR1F;RBM7;SAP130;MYBBP1A;CHD3;ZNF765",1.5476208337129858,4.753205741895474e-4,TRUE,
"REACTOME_REGULATION_OF_RUNX2_EXPRESSION_AND_ACTIVITY",58,-0.5419519193718543,-2.004691600041002,2.205377474931942e-5,2.890904449067413e-4,"PSMB4;UBA52;RBX1;PSMB3;PSMD8;PSMB1;PSMB7;STUB1;PSMC3;PSMC4;PSMA6;PSMB6;ADRM1;PSMD13;PSMA5;PSMC5;PSMB5;PSMB2;SKP1;ESRRA;PSMA7;PSMC2;UBC;PSMA1;UBB;PSMD3;SEM1;PSMA3;PSMD2",-1.9027017056980353,0.0014074959875975158,TRUE,
"REACTOME_MET_PROMOTES_CELL_MOTILITY",41,0.5530519819998514,2.2333925313154475,2.310001588990722e-5,2.962985701166374e-4,"DOCK7;LAMC1;ITGB1;GAB1;HGF;ITGA2;LAMA4;LAMB1;TNS3;CRK;COL2A1;PTK2;LAMA5;COL24A1;TNS4;GRB2;COL5A2;COL11A2;MET;RAP1A;COL5A3;RAP1B;RAPGEF1;FN1;COL11A1;LAMA3;LAMC2;CRKL;COL27A1;LAMA2",2.5244711598546323,1.3093748307873494e-5,TRUE,
"REACTOME_HH_MUTANTS_ABROGATE_LIGAND_SECRETION",46,-0.5803363847252995,-2.049021225787677,2.3148325790362294e-5,2.962985701166374e-4,"PSMB4;UBA52;PSMB3;PSMD8;PSMB1;PSMB7;PSMC3;PSMC4;PSMA6;PSMB6;ADRM1;PSMD13;PSMA5;PSMC5;PSMB5;PSMB2;PSMA7;PSMC2;UBC;PSMA1;UBB;PSMD3;IHH;SEM1;PSMA3;PSMD2",-1.9437987168552302,0.0013716880560556784,TRUE,
"REACTOME_DNA_REPLICATION",148,-0.41678874907917846,-1.783398907380525,2.489918490462206e-5,3.150036415840558e-4,"PSMB4;UBA52;RBX1;PSMB3;H2AC20;ANAPC11;PSMD8;PSMB1;PSMB7;H2AJ;MCM5;FZR1;POLD2;PSMC3;H2AX;ANAPC2;PSMC4;PSMA6;PSMB6;RFC2;CDT1;POLRMT;ADRM1;POLA2;PSMD13;POLE4;PSMA5;PSMC5;PSMB5;PSMB2;UBE2S;SKP1;ANAPC15;PSMA7;POLD4;PSMC2;POLE3;RPA3;UBC;H2AC8;H3C8;MCM7;PSMA1;UBB;PSMD3;POLD1;SSBP1;GINS2;CDC45;H2AZ2;PCNA;UBE2C;SEM1;PSMA3;PSMD2;ANAPC7;H2BC12;RPA2;ANAPC5;H2BC8;RPS27A;H4C5",-1.6572358308447033,0.0032707870769111,TRUE,
"REACTOME_RHOA_GTPASE_CYCLE",146,0.34922690930300093,1.7564166525766298,2.609441032107856e-5,3.249623178897986e-4,"ROCK2;ARHGEF12;MYO9A;ARHGAP5;ARHGAP42;KTN1;ROCK1;ARHGAP21;SOWAHC;OPHN1;SRGAP1;SLK;ARHGAP32;PREX2;ARHGAP19;LBR;ERBIN;AKAP13;TJP2;TEX2;PKN2;TRIO;ECT2;ARHGEF10;ANLN;ARHGAP8;ARHGAP11A;ARAP2;CIT;LMAN1;DLC1;ARHGAP35;ARHGAP28;DAAM1;ARHGAP20;DIAPH3;ARHGEF7;FAM13A;IQGAP1;NET1;STARD13;ARHGAP18;PIK3R1;RHPN2;RACGAP1;ABR",1.691194606705947,0.0010329522956663408,TRUE,
"REACTOME_APC_C_MEDIATED_DEGRADATION_OF_CELL_CYCLE_PROTEINS",74,-0.5035867281109794,-1.942470121909513,2.6283716888145478e-5,3.249623178897986e-4,"PSMB4;UBA52;PSMB3;ANAPC11;PSMD8;PSMB1;PSMB7;FZR1;PSMC3;ANAPC2;PSMC4;PSMA6;PSMB6;ADRM1;PSMD13;PTTG1;PSMA5;PSMC5;PSMB5;PSMB2;UBE2S;SKP1;ANAPC15;PSMA7;PSMC2;UBC;PSMA1;UBB;PSMD3;UBE2C;CDC20;SEM1;PSMA3;PSMD2;ANAPC7;ANAPC5;AURKB;RPS27A;BUB3",-1.8203941504127876,0.001782048981817675,TRUE,
"REACTOME_FORMATION_OF_PARAXIAL_MESODERM",53,-0.5362958964817036,-1.9452198230578195,3.369138522154267e-5,4.1186772046110593e-4,"PSMB4;PSMB3;PSMD8;LFNG;PSMB1;PSMB7;PSMC3;PSMC4;PSMA6;PSMB6;ADRM1;PSMD13;PSMA5;PSMC5;PSMB5;PSMB2;PSMA7;TBX6;PSMC2;MESP2;PSMA1;PSMD3;KAT2A;SEM1;PSMA3;PSMD2",-1.777309208532613,0.004331543072430084,TRUE,
"REACTOME_SIGNALING_BY_HIPPO",20,0.6767003424063037,2.239779547462968,3.728404623549144e-5,4.5072269226905206e-4,"LATS1;YAP1;STK4;MOB1B;TJP1;TJP2;LATS2;STK3;SAV1;AMOTL1;AMOTL2;YWHAB;MOB1A",2.2751316780996405,3.6119523300254995e-4,TRUE,
"REACTOME_AMINO_ACIDS_REGULATE_MTORC1",50,-0.5404565252698821,-1.9380060956143066,3.841211848435448e-5,4.592569770437107e-4,"ATP6V0B;LAMTOR4;ATP6V1F;NPRL2;ATP6V0E1;LAMTOR2;LAMTOR1;LAMTOR5;WDR24;SEC13;MLST8;ATP6V0D1;RRAGA;TCIRG1;ATP6V1E1",-1.9502073773452897,0.0012133622568380519,TRUE,
"REACTOME_DISEASES_OF_SIGNAL_TRANSDUCTION_BY_GROWTH_FACTOR_RECEPTORS_AND_SECOND_MESSENGERS",421,0.25676166436900594,1.4576381566223264,4.0714024127450455e-5,4.7686767373856116e-4,"PTPN11;CBL;BIRC6;NF1;LRP6;ADAM17;STRN;CLIP1;SPTBN1;SOS1;RANBP2;EML4;PIK3CA;KDR;GOLGA4;MIB1;AKAP9;MPRIP;KDM7A;FRS2;NCOR1;TRIP11;SEL1L;CPSF6;BRAF;CREB1;TPR;TNKS2;GOLGB1;CLTC;KRAS;VCL;GCC2;RICTOR;AGO3;KSR1;PIK3CB;PPP2R1B;ZMYM2;YES1;APC;DUSP16;SPRED2;ERBIN;ZFYVE9;AGO2;TNKS;KITLG;EIF2AK3;ADAM10;GSK3B;PPFIBP1;MYO18A;GAB1;FOXO3;NRG1;PTPN12;MTOR;STAT3;POLR2A;LRRFIP1;HDAC2;AGO4;HGF;AP3B1;NRAS;KL;CNTRL;MAML2;EP300;LMO7;NCBP2;ZC3HAV1;FGFR1OP2;BRAP;MCL1;EGFR;STAT5B;NCBP1;KIF5B;KIAA1549;POLR2B;SHOC2;FXR1;PPP2R5E;RNF213;PRKAR1A;PPM1B;FZD4;SMAD2;DNMT1;FGF7;DUSP6;SEC31A;WDR48;CEP43;TRAK1;FZD6;RB1;AMER1;PDGFRA;TBL1XR1;CDK8;FOXO1;MDM2;HIP1;MYH9;ETV6;MYC;CHUK;PDPK1;IQGAP1;YWHAB;TGFBR2;FBXW7;RAF1;KAT2B;PIK3R1;CLCN6;IRS1;FYN;TGFBR1;MAPK1;PSMA2;PSMD1;NR4A1;SMAD4;RBPJ",1.482474094079985,1.3598266146073033e-4,TRUE,
"REACTOME_P53_DEPENDENT_G1_DNA_DAMAGE_RESPONSE",52,-0.5458884684838031,-1.9680018897809914,4.0761666964785096e-5,4.7686767373856116e-4,"PSMB4;UBA52;PSMB3;PSMD8;PSMB1;PSMB7;CDKN2A;PSMC3;PSMC4;PSMA6;PSMB6;PCBP4;ADRM1;PSMD13;PSMA5;PSMC5;PSMB5;PSMB2;PSMA7;PSMC2;UBC;PSMA1;UBB;PSMD3;SEM1;PSMA3;PSMD2",-1.9328849303888773,6.237770976541481e-4,TRUE,
"REACTOME_CYCLIN_A_CDK2_ASSOCIATED_EVENTS_AT_S_PHASE_ENTRY",74,-0.49853421371042633,-1.9229812082512703,4.159422744122702e-5,4.807645064057147e-4,"PSMB4;UBA52;PSMB3;PSMD8;PSMB1;PSMB7;FZR1;PSMC3;PSMC4;PSMA6;PSMB6;E2F1;ADRM1;PSMD13;LIN37;PSMA5;PSMC5;PSMB5;PSMB2;AKT2;SKP1;PSMA7;PSMC2;UBC;PSMA1;UBB;PSMD3;CKS1B;E2F4;AKT1;SEM1;PSMA3;PSMD2;MAX",-1.851642529489149,0.0011854592935283893,TRUE,
"REACTOME_REGULATION_OF_APOPTOSIS",40,-0.5847714447890828,-2.0107589883174923,4.2193500927518874e-5,4.807645064057147e-4,"PSMB4;UBA52;PSMB3;PSMD8;PSMB1;PSMB7;PSMC3;PSMC4;PSMA6;PSMB6;ADRM1;PSMD13;PSMA5;PSMC5;PSMB5;PSMB2;PSMA7;PSMC2;UBC;PSMA1;UBB;PSMD3;SEM1;PSMA3;PSMD2",-1.9575866052227342,0.0013056117003811478,TRUE,
"REACTOME_SPOP_MEDIATED_PROTEASOMAL_DEGRADATION_OF_PD_L1_CD274",46,-0.5699152916142909,-2.012226977585449,4.2420397624033644e-5,4.807645064057147e-4,"PSMB4;UBA52;RBX1;PSMB3;PSMD8;PSMB1;PSMB7;CSNK2B;PSMC3;PSMC4;PSMA6;PSMB6;ADRM1;PSMD13;PSMA5;PSMC5;PSMB5;PSMB2;PSMA7;PSMC2;UBC;PSMA1;UBB;PSMD3;SEM1;PSMA3;PSMD2",-1.9808418004046413,7.856315126716828e-4,TRUE,
"REACTOME_AMPK_INDUCED_ERAD_AND_LYSOSOME_MEDIATED_DEGRADATION_OF_PD_L1_CD274",54,-0.5357573013012102,-1.9541147576994338,4.767940896910882e-5,5.347958449318597e-4,"PSMB4;UBA52;PSMB3;PSMD8;PSMB1;PSMB7;PSMC3;PSMC4;PSMA6;PSMB6;ADRM1;PSMD13;PSMA5;PSMC5;PSMB5;PSMB2;RNF5;PSMA7;PSMC2;UBC;PSMA1;UBB;PSMD3;DERL3;PRKAG1;SEM1;PSMA3;PSMD2",-1.805845905310225,0.0035258482134544293,TRUE,
"REACTOME_RHOBTB_GTPASE_CYCLE",35,0.5532149927041361,2.1322438380892677,5.182571028861367e-5,5.753711509593028e-4,"ROCK2;CUL3;ROCK1;PHIP;MSI2;MYO6;RBBP6;TMOD3;TWF1;SPEN;SRRM1;RNF20;DDX39B",1.9988994004902456,0.004691938958490503,TRUE,
"REACTOME_SIGNALING_BY_PDGFR_IN_DISEASE",19,0.6829680188553315,2.2213213956630593,6.078746323217667e-5,6.680480807738203e-4,"STRN;SOS1;PIK3CA;KDR;GOLGA4;KRAS;PIK3CB;STAT3;NRAS;WDR48;PDGFRA;ETV6;PIK3R1",2.2751556213302853,6.00244577597816e-4,TRUE,
"REACTOME_SYNTHESIS_OF_PIPS_AT_THE_PLASMA_MEMBRANE",51,0.47349734551999234,1.9961780012207302,6.180835238037513e-5,6.724748738984814e-4,"PIK3C2A;SBF2;PIK3CA;PLEKHA5;SYNJ1;PLEKHA8;SYNJ2;PIK3CB;MTMR2;PIP4K2C;MTM1;RAB5A;OCRL;MTMR9;MTMR6;PIP4K2B;PTPN13;INPP4A;PLEKHA1;PIK3R1;MTMR8;PLEKHA3",2.0479996112247627,0.0012490796220348164,TRUE,
"REACTOME_SIGNALING_BY_NOTCH4",71,-0.49303666714486516,-1.886812770134207,6.338272941039802e-5,6.805328244144133e-4,"PSMB4;UBA52;RBX1;PSMB3;PSMD8;PSENEN;PSMB1;APH1A;PSMB7;PSMC3;PSMC4;PSMA6;PSMB6;ADRM1;PSMD13;PSMA5;PSMC5;PSMB5;PSMB2;SKP1;PSMA7;PSMC2;ACTA2;UBC;PSMA1;UBB;PSMD3;AKT1;KAT2A;SEM1;PSMA3;PSMD2",-1.727529987322115,0.007426328960965578,TRUE,
"REACTOME_RHOC_GTPASE_CYCLE",73,0.4309953781135118,1.9482877740162488,6.379995228885125e-5,6.805328244144133e-4,"ROCK2;ARHGEF12;ARHGAP5;FMNL2;ROCK1;ARHGAP21;OPHN1;SLK;ARHGAP32;LBR;ERBIN;AKAP13;TJP2;PKN2;ARHGEF10;ANLN;CIT;LMAN1;DLC1;ARHGAP35;DAAM1;DIAPH3;IQGAP1;STARD13;ARHGAP18;PIK3R1;RACGAP1;ABR",1.8083061826419178,0.004366406769270109,TRUE,
"REACTOME_SUMOYLATION_OF_DNA_DAMAGE_RESPONSE_AND_REPAIR_PROTEINS",77,0.42042741757311625,1.9280497712169125,6.943535374296296e-5,7.334530570130457e-4,"NUP153;NUP98;STAG1;RANBP2;NUP58;BRCA1;XPC;SMC1A;STAG2;SMC6;SMC3;MDC1;TPR;WRN;PHC3;SMC5;NUP133;NUP205;PIAS1;NUP107;NUP50;POM121;HERC2;NUP160;RAD21;RNF168;TDG;PHC1;NDC1;PARP1",1.939091620343314,0.0010021708700175208,TRUE,
"REACTOME_INSULIN_RECEPTOR_SIGNALLING_CASCADE",39,0.5126981169074931,2.0145132615560337,8.194252328457357e-5,8.572448589770774e-4,"PTPN11;SOS1;PIK3R4;PIK3CA;FRS2;KRAS;PIK3CB;PDE3B;PIK3C3;GAB1;NRAS;KL;FGF7;PDPK1;PIK3R1;IRS1;MAPK1",2.074506670793802,0.0023223059127773405,TRUE,
"REACTOME_SIGNALING_BY_TYPE_1_INSULIN_LIKE_GROWTH_FACTOR_1_RECEPTOR_IGF1R",39,0.5100863274189639,2.0042509173274823,9.286800499420295e-5,9.622894231780268e-4,"PTPN11;SOS1;PIK3R4;PIK3CA;FRS2;KRAS;PIK3CB;PDE3B;PIK3C3;GAB1;NRAS;KL",2.1451584697825923,0.0012133622568380519,TRUE,
"REACTOME_RND1_GTPASE_CYCLE",41,0.52716936180804,2.128870619255323,9.783050634834455e-5,0.0010041470840282912,"KIDINS220;DSP;ANKRD26;ARHGAP5;DST;FAM135A;FRS2;LEMD3;KIF14;FAM83B;CPD",2.105945021828097,0.0015883134852759748,TRUE,
"REACTOME_REGULATION_OF_PD_L1_CD274_POST_TRANSLATIONAL_MODIFICATION",85,-0.455030151148052,-1.8024700760769647,1.0407486331141982e-4,0.0010512519521370242,"PSMB4;UBA52;RBX1;OST4;PSMB3;PSMD8;PSMB1;MIB2;TMEM258;PSMB7;CSNK2B;PSMC3;DAD1;PSMC4;PSMA6;PSMB6;ADRM1;PSMD13;PSMA5;PSMC5;RPN1;PSMB5;PSMB2;SKP1;RNF5;PSMA7;PDCD1;PSMC2;UBC;PSMA1;UBB;PSMD3;OSTC;DERL3;PRKAG1;DDOST;SEM1;PSMA3;PSMD2",-1.6520889288830922,0.013984081019603592,TRUE,
"REACTOME_ACTIVATION_OF_NF_KAPPAB_IN_B_CELLS",54,-0.5250323775943945,-1.914996799549748,1.0435221583713108e-4,0.0010512519521370242,"PSMB4;UBA52;PSMB3;PSMD8;PSMB1;PSMB7;PSMC3;NFKBIB;PSMC4;PSMA6;PSMB6;ADRM1;PSMD13;PSMA5;NFKBIE;PSMC5;PSMB5;PSMB2;SKP1;PSMA7;PSMC2;UBC;PSMA1;UBB;PSMD3;RELA;SEM1;PSMA3;PSMD2",-1.7356299044876236,0.007675005814774161,TRUE,
"REACTOME_HEDGEHOG_LIGAND_BIOGENESIS",51,-0.5230964947231804,-1.8871225175658646,1.1578494093989017e-4,0.0011557249150697295,"PSMB4;UBA52;PSMB3;PSMD8;PSMB1;PSMB7;PSMC3;PSMC4;PSMA6;PSMB6;ADRM1;PSMD13;PSMA5;PSMC5;PSMB5;PSMB2;PSMA7;PSMC2;UBC;PSMA1;UBB;PSMD3;IHH;SEM1;PSMA3;PSMD2",-1.8227925015696658,0.0035154274046934283,TRUE,
"REACTOME_RND2_GTPASE_CYCLE",42,0.5085344917455752,2.0649408302814947,1.1935405649264206e-4,0.0011805201223999506,"KIDINS220;ANKRD26;ARHGAP5;DST;KTN1;FRS2;LEMD3;BLTP3B;KIF14;FAM83B",1.9761946411716675,0.007675005814774161,TRUE,
"REACTOME_DEGRADATION_OF_AXIN",42,-0.5637675959304789,-1.9465354748294164,1.2266486266619293e-4,0.0012023366718992604,"PSMB4;UBA52;PSMB3;PSMD8;PSMB1;PSMB7;PSMC3;PSMC4;PSMA6;PSMB6;ADRM1;PSMD13;PSMA5;PSMC5;PSMB5;PSMB2;PSMA7;PSMC2;UBC;PSMA1;UBB;PSMD3;SEM1;PSMA3;PSMD2",-1.828101420108786,0.007697945623711115,TRUE,
"REACTOME_SARS_COV_1_INFECTION",141,-0.406874645322504,-1.7360186442533256,1.3785254799317693e-4,0.0013391390376480043,"FAU;UBA52;RPS14;RPS15;RPS8;RPS5;PYCARD;RPS16;RPS6;RPS9;RPS11;MGAT1;RPS2;RPS28;PARP10;RPS21;RPS3;RPSA;RPS19;RPS18;RPS15A;SFN;RPS29;PPIA;CHMP2A;ST6GALNAC4;BST2;RPS10;RPS3A;PPIH;PRKCSH;UBE2I;RPS26;IRF3;RPS12;MOGS;RPS7;CHMP6;RPS4X;RPS23;RPS13;UBC;GSK3A;TKFC;UBB;PARP16;RPS27;EEF1A1",-1.6312993707960082,0.004820146088821083,TRUE,
"REACTOME_G1_S_DNA_DAMAGE_CHECKPOINTS",66,-0.4870770641410174,-1.8512197235203907,1.4270995996001825e-4,0.001374056959615043,"PSMB4;UBA52;RBX1;PSMB3;PSMD8;PSMB1;PSMB7;CDKN2A;PSMC3;PSMC4;PSMA6;PSMB6;PCBP4;ADRM1;PSMD13;PSMA5;PSMC5;PSMB5;PSMB2;SKP1;PSMA7;CSNK1E;PSMC2;UBC;PSMA1;UBB;PSMD3;NEK11;SEM1;PSMA3;PSMD2",-1.7539092274283523,0.00631071100536974,TRUE,
"REACTOME_DETOXIFICATION_OF_REACTIVE_OXYGEN_SPECIES",34,-0.5964959172387442,-1.9866552395819697,1.4423009728628243e-4,0.0013747937504062545,"GPX1;ATOX1;TXN2;SOD3;CCS;NUDT2;CYBA;PRDX2;TXNRD2;GPX2;PRDX5;NCF4;SOD1;GSTP1;TXN",-1.775363642027575,0.01722776590472282,TRUE,
"REACTOME_DOWNSTREAM_TCR_SIGNALING",81,-0.46267669490911156,-1.8173104242910667,1.453136776624258e-4,0.0013747937504062545,"PSMB4;UBA52;PSMB3;PSMD8;PSMB1;PSMB7;CDC34;PSMC3;HLA-DRB1;HLA-DPB1;PSMC4;PSMA6;HLA-DRA;PSMB6;HLA-DQB1;ADRM1;PSMD13;PSMA5;PSMC5;PSMB5;PSMB2;SKP1;PSMA7;UBE2D2;HLA-DPA1;PSMC2;UBC;PSMA1;UBB;PSMD3;CD3D;HLA-DQA1;HLA-DRB5;HLA-DQB2;RELA;SEM1;PSMA3;CD247;PSMD2",-1.5454051426909197,0.04156179789237536,TRUE,
"REACTOME_NUCLEAR_EVENTS_MEDIATED_BY_NFE2L2",85,-0.4480620710057867,-1.7748680459423665,1.50761503742957e-4,0.0014140389316580793,"PSMB4;UBA52;RBX1;PSMB3;SOD3;PSMD8;PSMB1;KEAP1;PSMB7;CDKN2A;PSMC3;PSMC4;PSMA6;PSMB6;ABCF2;ATF4;TALDO1;ADRM1;PSMD13;HMOX1;PSMA5;PSMC5;PSMB5;TXN;PDGFA;PSMB2;SKP1;PSMA7;PSMC2;TKT;UBC;PSMA1;UBB;PSMD3;PRDX1;RELA;SEM1;PSMA3;EGF;PSMD2",-1.5962561496811485,0.026943554718837064,TRUE,
"REACTOME_NS1_MEDIATED_EFFECTS_ON_HOST_PATHWAYS",43,0.4983550140814227,2.0320462161302895,1.930115686028163e-4,0.0017948426208535396,"NUP153;NUP98;RANBP2;KPNB1;NUP58;TPR;KPNA1;EIF2AK2;NUP133;NUP205;NUP107;NUP50;POM121;NUP160;KPNA4;KPNA5;KPNA3;NDC1;NUP155;KPNA2",2.033138590520227,0.002345069060497172,TRUE,
"REACTOME_SIGNALING_BY_CYTOSOLIC_FGFR1_FUSION_MUTANTS",18,0.6583327869078092,2.099329486648921,2.0614852452428652e-4,0.0019007592769696928,"PIK3CA;CPSF6;ZMYM2;MYO18A;STAT3;LRRFIP1;CNTRL;FGFR1OP2;STAT5B;CEP43;PIK3R1",2.278536129696328,5.565970168529041e-4,TRUE,
"REACTOME_MITOCHONDRIAL_PROTEIN_DEGRADATION",97,-0.442568602142568,-1.7923431589548369,2.0915352894006377e-4,0.0019077475258321857,"NDUFA2;ECI1;SMDT1;UQCRQ;COX5B;COX4I1;CHCHD2;CLPP;NDUFA13;PRELID1;HSD17B10;MRPL12;NDUFS3;MRPS2;NDUFB6;ATP5PO;ATP5MG;PMPCA;COX5A;MDH2;ECH1;ATP5F1C;HADH;PRKACA;NDUFV1;TIMM10;ACOT2;ATP5PD;MRPL32;ALDH1B1;HTRA2;IDH2;SLC25A5;SLC25A6;TIMM9;SSBP1;LONP1;OXSM;ALDH2",-1.8640319474614777,5.987226988518686e-4,TRUE,
"REACTOME_CRISTAE_FORMATION",33,-0.5929398029542712,-1.9649633630115753,2.1041333005502048e-4,0.0019077475258321857,"MICOS13;ATP5F1D;ATP5MF;ATP5ME;ATP5MC2;ATP5MJ;ATP5PO;ATP5MG;ATP5F1C;ATP5MC1;ATP5F1E;ATP5MK;ATP5PD;TMEM11;MTX1;MICOS10;ATP5MC3",-1.8037185180189184,0.012827054924898539,TRUE,
"REACTOME_DEADENYLATION_OF_MRNA",25,0.6190136570657221,2.1903784432427136,2.3924877363528134e-4,0.002144845850788205,"CNOT1;CNOT6;TUT7;TUT4;EIF4A1;PAN3;PAN2;PARN;CNOT6L;EIF4G1;EIF4B;CNOT2",2.084951156010618,0.003556703192730842,TRUE,
"REACTOME_RHOU_GTPASE_CYCLE",38,0.5069633826606911,1.9826209388938802,2.4050661194500094e-4,0.002144845850788205,"ITSN2;SPTBN1;DST;USP9X;PEAK1;MYO6;PAK2;CLTC;SPTAN1;GIT2;STAM2;ARHGEF7;IQGAP1;PIK3R1;ARHGAP31;DLG5;EPHA2;GRB2;VANGL1;ARHGEF6;STAM",1.8051230071273665,0.012899651292367961,TRUE,
"REACTOME_IRS_MEDIATED_SIGNALLING",34,0.5442005362448432,2.0655141162944304,2.514582987750111e-4,0.0022242815371318054,"PTPN11;SOS1;PIK3R4;PIK3CA;FRS2;KRAS;PIK3CB;PDE3B;PIK3C3;GAB1;NRAS;KL;FGF7;PDPK1;PIK3R1;IRS1",2.155565605819861,0.0012490796220348164,TRUE,
"REACTOME_SIGNALING_BY_FLT3_FUSION_PROTEINS",19,0.6472411330709655,2.1051213780894207,2.562940795405286e-4,0.002248773859194315,"SPTBN1;SOS1;PIK3CA;TRIP11;GOLGB1;KRAS;ZMYM2;MYO18A;NRAS;STAT5B;ETV6;PIK3R1",2.1115608716977756,0.003556703192730842,TRUE,
"REACTOME_HDMS_DEMETHYLATE_HISTONES",30,0.563213715010823,2.0722871850353237,3.0355004189383956e-4,0.0026317254348695997,"KDM5A;KDM7A;KDM3A;KDM3B;KDM2A;KDM1B;RIOX2;KDM6A;ARID5B;KDM5B;PHF8",1.9254747104161711,0.006657637991498197,TRUE,
"REACTOME_BIOLOGICAL_OXIDATIONS",150,-0.38401062355409626,-1.6500386148602837,3.0477702646467794e-4,0.0026317254348695997,"AKR1A1;GSTO1;AKR7A2;TPST2;AIP;COMT;AKR7A3;PAOX;MGST3;CYB5R3;ACY1;GSTK1;GSTP1;POR;CBR3;TRMT112;SLC35D2;POMC;GSTO2;RXRA;AHCY;GSTZ1;EPHX1;GSS;MGST2;NNMT;ABHD14B;ALDH1B1;GSTM3;GSTM4;NQO2;SULT2B1;ADH5;CYP27A1;CYP2D6;DPEP1;DPEP2;AKR7L;ACSM1;OPLAH;SULT1A1;FDXR;CYP4F12;CMBL;ALDH2;AOC3;PTGIS;SMOX;MAT2B;UGT2B17;BPNT1;GGT5;BPHL;ALDH3A1;GGCT;ADH1C;PODXL2;CYP3A4;ABHD10;GSTM1;ACY3;ALDH1A1",-1.6583250937532146,0.004339400072806588,TRUE,
"REACTOME_SIGNALING_BY_MET",76,0.39975717309852327,1.8230737199183447,3.0801507794488885e-4,0.002633468254343844,"PTPN11;CBL;SOS1;PIK3CA;DOCK7;LAMC1;USP8;KRAS;RANBP9;ITGB1;GAB1;STAT3;HGF;NRAS;ITGA2;LAMA4;LAMB1;STAM2;TNS3;PTPRJ;EPS15;CRK;PIK3R1;COL2A1;PTK2;LAMA5;COL24A1;TNS4;GRB2;COL5A2;PTPN2;COL11A2;STAM;MET;RAP1A;COL5A3;RAP1B;PTPN1;RAPGEF1;FN1;COL11A1;LAMA3;LAMC2;CRKL;COL27A1;RAB4A;ARF6;LAMA2;MUC20",2.0244115912485348,3.576845870696728e-4,TRUE,
"REACTOME_CILIUM_ASSEMBLY",186,0.29687611352255727,1.5537932427454764,3.098197946286875e-4,0.002633468254343844,"ALMS1;CEP290;NEDD1;KIF3A;WDR35;C2CD3;TNPO1;CKAP5;CLASP1;AKAP9;EXOC2;TRAF3IP1;TRIP11;RPGRIP1L;TTBK2;CCP110;ASAP1;CEP135;CPAP;ARL13B;DYNC2H1;TTC21B;CEP63;AHI1;CEP83;PAFAH1B1;CEP192;CEP162;CEP152;PCNT;EXOC8;YWHAG;PCM1;EXOC5;HAUS6;IFT81;IFT56;MAPRE1;CNTRL;KIF3B;HAUS3;TUBB2B;PLK4;CEP97;IFT80;RAB3IP;BBS10;DYNC2I1;CEP164;WDR19;CEP43;DYNC1H1;TMEM67;BBS7;IFT88",1.6196048430303016,0.0012133622568380519,TRUE,
"REACTOME_MET_ACTIVATES_PTK2_SIGNALING",30,0.5606694159588816,2.0629256972382195,3.350287568328151e-4,0.0028256688948380066,"LAMC1;ITGB1;HGF;ITGA2;LAMA4;LAMB1;COL2A1;PTK2;LAMA5;COL24A1;COL5A2;COL11A2;MET;COL5A3;FN1;COL11A1;LAMA3;LAMC2;COL27A1;LAMA2;COL3A1;ITGA3;COL5A1",2.318062230376395,2.192033500886307e-4,TRUE,
"REACTOME_NEPHRIN_FAMILY_INTERACTIONS",17,0.6540959575560292,2.0669327749407387,3.5844585755050634e-4,0.002999916100115007,"CD2AP;SPTBN1;PIK3CA;PIK3CB;SPTAN1;KIRREL1;CASK;WASL;IQGAP1;PIK3R1;FYN",1.9867925093292857,0.011413632067199595,TRUE,
"REACTOME_DEGRADATION_OF_BETA_CATENIN_BY_THE_DESTRUCTION_COMPLEX",72,-0.46530791741763317,-1.7866361341482269,3.775326417709729e-4,0.003135538276693271,"PSMB4;UBA52;RBX1;PSMB3;PSMD8;PSMB1;TLE5;PSMB7;CTBP1;PSMC3;PPP2R1A;PSMC4;PSMA6;PSMB6;ADRM1;PSMD13;PSMA5;PSMC5;PSMB5;PSMB2;SKP1;PSMA7;PSMC2;UBC;PSMA1;UBB;PSMD3;SEM1;PSMA3;PSMD2;PPP2CA;FRAT1;RPS27A",-1.7334329927134249,0.005508701346489941,TRUE,
"REACTOME_DOWNSTREAM_SIGNALING_OF_ACTIVATED_FGFR1",22,0.6170443194190539,2.104941499617778,3.8556024324049514e-4,0.003177951095800445,"PTPN11;SOS1;PIK3CA;FRS2;KRAS;GAB1;NRAS;KL;FLRT2",2.1087989128469418,0.005049907425969379,TRUE,
"REACTOME_FGFR1_MUTANT_RECEPTOR_ACTIVATION",24,0.5859404727869892,2.036394425184586,4.1348252944024865e-4,0.003382473624293162,"PIK3CA;CPSF6;ZMYM2;MYO18A;STAT3;LRRFIP1;CNTRL;FGFR1OP2;STAT5B;CEP43;PIK3R1",2.3098004049497964,3.883567160667331e-4,TRUE,
"REACTOME_NUCLEAR_IMPORT_OF_REV_PROTEIN",34,0.5323505625752986,2.020537519870884,4.3476013689996897e-4,0.0035299927533370616,"NUP153;NUP98;RANBP2;KPNB1;NUP58;TPR;NUP133;NUP205;NUP107;NUP50;POM121;NUP160",1.8661238322154883,0.01289304652044332,TRUE,
"REACTOME_DOWNSTREAM_SIGNALING_OF_ACTIVATED_FGFR3",18,0.6373116066632852,2.0322959370382883,4.4573223484544475e-4,0.003592271640828473,"PTPN11;SOS1;PIK3CA;FRS2;KRAS;GAB1;NRAS",1.9803549534021745,0.011519031739964018,TRUE,
"REACTOME_MITOTIC_G1_PHASE_AND_G1_S_TRANSITION",137,-0.3914181281919593,-1.665326206505882,4.645341902865718e-4,0.0037162735222925746,"PSMB4;UBA52;PSMB3;PSMD8;CDKN2C;PSMB1;PSMB7;CDKN2A;CDKN2D;MCM5;PSMC3;PPP2R1A;PSMC4;PSMA6;PSMB6;E2F1;CDT1;ADRM1;POLA2;PSMD13;LIN37;POLE4;TK1;PSMA5;PSMC5;PSMB5;PSMB2;AKT2;SKP1;PSMA7;PSMC2;POLE3;RPA3;UBC;MCM7;PSMA1;PPP2R3B;UBB;PSMD3;CDKN1C;CKS1B;MYBL2;E2F4;CDC45;PCNA;AKT1;SEM1;PSMA3;PSMD2;MAX;PPP2CA",-1.5520902409600656,0.016327953793129093,TRUE,
"REACTOME_EXPORT_OF_VIRAL_RIBONUCLEOPROTEINS_FROM_NUCLEUS",33,0.5324504015784053,2.0128996739068525,4.724882624284577e-4,0.0037523155439573865,"NUP153;NUP98;RANBP2;NUP58;XPO1;TPR;NUP133;NUP205;NUP107;NUP50;POM121;NUP160",1.9097812369502165,0.011432934999350242,TRUE,
"REACTOME_INTERACTIONS_OF_REV_WITH_HOST_CELLULAR_PROTEINS",37,0.5123665872289835,1.9889761355547053,5.075636594023203e-4,0.0040016613147081485,"NUP153;NUP98;RANBP2;KPNB1;NUP58;XPO1;TPR;NUP133;NUP205;NUP107;NUP50;POM121;NUP160",1.832614239564706,0.011413632067199595,TRUE,
"REACTOME_DISEASES_OF_DNA_REPAIR",51,0.42858805982561765,1.8068486860686086,5.180768538724682e-4,0.004055162712325507,"ATM;ATR;TOPBP1;BRCA1;MRE11;BRCA2;WRN;MSH6;XRCC2;PMS2;RAD51C;RAD50;NBN;BRIP1;RAD17;MSH3;MSH2;DNA2;PALB2;BARD1;BLM;RAD51AP1;RAD9B;RFC3",1.6849447248650402,0.0235071081294692,TRUE,
"REACTOME_RHOV_GTPASE_CYCLE",37,0.5099943288993845,1.9797671720458598,5.349988097418329e-4,0.004150051511089607,"MYO9A;SPTBN1;DST;USP9X;PEAK1;CCP110;PAK2;CLTC;SPTAN1;CEP97;WASL;GIT2;ARHGEF7;ARHGAP12;IQGAP1;PARD6B;PIK3R1;SH3RF1;DLG5;EPHA2;VANGL1",1.781866521098823,0.015659633904087093,TRUE,
"REACTOME_FATTY_ACID_METABOLISM",147,-0.3780752712383565,-1.6189012100681457,5.378283667864289e-4,0.004150051511089607,"ECI1;GPX4;GPX1;TECR;LTC4S;DECR2;PTGDS;PTGES2;CBR1;HSD17B8;ELOVL1;ECHS1;ACADS;FAAH;GPX2;ACOT8;MCAT;NDUFAB1;ACOX3;HADH;MECR;ACBD6;ALOX5AP;RXRA;PTGES;SLC27A3;ACOT2;CRAT;ACAA1;ACBD4;ACOT7;ACSF3;MID1IP1;MAPKAPK2;DPEP1;ACOT4;PRXL2B;DPEP2;MCEE;ABCD1;PTGIS;ACOT1;SLC27A1;PPT1;GGT5;HACD1;PCCA;AKR1C3;DECR1;PHYH;DBI;SLC25A17;ACADVL;ALOX5;HACL1;SCD5;PON3;FAAH2;PRKAG2;ECI2;ALOX12;PLA2G4A;AMACR;ACSL5;NUDT7",-1.6280644292048854,0.0046925541148012985,TRUE,
"REACTOME_RESOLUTION_OF_D_LOOP_STRUCTURES",35,0.5059742331113968,1.9501648635916524,5.624339944222023e-4,0.004309353422051803,"ATM;BRCA1;MRE11;GEN1;BRCA2;WRN;FIGNL1;XRCC2;RAD51C;RAD50;NBN;BRIP1;SLX4;DNA2;PALB2;BARD1;BLM;RAD51AP1;FIRRM;RAD51D;RTEL1;SPIDR",1.6973065874254127,0.03558280442491933,TRUE,
"REACTOME_NUCLEAR_PORE_COMPLEX_NPC_DISASSEMBLY",36,0.4998459673645728,1.933356016920566,5.917537748142784e-4,0.004502294454531013,"NUP153;NUP98;RANBP2;NUP58;TPR;NUP133;NUP205;NUP107;NUP50;POM121;NUP160;NEK9",1.7990245868039407,0.018544845831136986,TRUE,
"REACTOME_ISG15_ANTIVIRAL_MECHANISM",74,0.39930604524217705,1.8116512807792065,6.076649194147636e-4,0.004591246057800436,"NUP153;NUP98;RANBP2;KPNB1;NUP58;EIF4G3;JAK1;TPR;ARIH1;NEDD4;KPNA1;EIF2AK2;NUP133;NUP205;EIF4A1;NUP107;BECN1;NUP50;POM121;FLNB;EIF4G2;NUP160;KPNA4;PPM1B;KPNA5;KPNA3;EIF4G1;NDC1",1.7103691652502249,0.008524999362568817,TRUE,
"REACTOME_MATURATION_OF_TCA_ENZYMES_AND_REGULATION_OF_TCA_CYCLE",20,-0.6435061528432784,-1.8995345083995432,6.441352622155972e-4,0.004823930821827902,"SDHAF1;SDHAF2;SDHA;SDHAF4;CSKMT;LYRM4;ISCA2;SDHB;IDH2;ISCU;SDHAF3;SDHC",-1.8856861116943557,0.004339400072806588,TRUE,
"REACTOME_RHOJ_GTPASE_CYCLE",53,0.4286384440953874,1.8191024044780442,6.473289521938178e-4,0.004823930821827902,"ARHGAP5;ARHGAP21;OPHN1;PAK2;SLC4A7;ARL13B;ARHGAP32;WIPF2;FNBP1L;CDC42BPA;TRIO;OCRL;GJA1;ARHGAP35;WASL;GIT2;DIAPH3;ARHGEF7;PIK3R1;CDC42BPB;DOCK8;TFRC;CPNE8;VANGL1;TMPO",1.5651592852239025,0.041041643189062546,TRUE,
"REACTOME_PI_METABOLISM",79,0.3799733695981193,1.7350541418881809,6.596956543290774e-4,0.004882645387143104,"PIK3C2A;PIKFYVE;SBF2;PIK3R4;PIK3CA;PLEKHA5;SYNJ1;PLEKHA8;SYNJ2;PIK3CB;MTMR2;PIK3C3;PIP4K2C;MTMR4;MTM1;RAB5A;OCRL;MTMR9;MTMR6;PIP4K2B;PTPN13;SACM1L;INPP5F;INPP4A;PLEKHA1;PIK3R1;MTMR8;PLEKHA3;PIK3C2B;MTMR10",1.745451673209138,0.008244413816557635,TRUE,
"REACTOME_REGULATION_OF_PTEN_STABILITY_AND_ACTIVITY",56,-0.480062249744028,-1.7587164908980266,6.883167257567341e-4,0.005060058092049505,"PSMB4;UBA52;PSMB3;PSMD8;PSMB1;PSMB7;STUB1;CSNK2B;PSMC3;PSMC4;PSMA6;PSMB6;ADRM1;PSMD13;PSMA5;PSMC5;PSMB5;PSMB2;AKT2;PSMA7;PSMC2;UBC;PSMA1;UBB;PSMD3;AKT1;SEM1;PSMA3;PSMD2",-1.7011086376414215,0.012222407804001708,TRUE,
"REACTOME_ABORTIVE_ELONGATION_OF_HIV_1_TRANSCRIPT_IN_THE_ABSENCE_OF_TAT",22,-0.6244908225818039,-1.8971143875774048,7.760360756772708e-4,0.005666625841187051,"POLR2I;POLR2L;POLR2J;POLR2F;NELFB;POLR2H;NELFE;POLR2E;NELFA;POLR2G",-1.897717779506167,0.01055663030397814,TRUE,
"REACTOME_TRANSPORT_OF_THE_SLBP_DEPENDANT_MATURE_MRNA",36,0.49354827714192445,1.9089971582328484,8.027630777752301e-4,0.0058227081907963356,"NUP153;NUP98;RANBP2;NUP58;TPR;NUP133;NUP205;NUP107;NUP50;POM121;NCBP2;NUP160;NCBP1",1.7596327746371598,0.026943554718837064,TRUE,
"REACTOME_RESOLUTION_OF_D_LOOP_STRUCTURES_THROUGH_SYNTHESIS_DEPENDENT_STRAND_ANNEALING_SDSA",27,0.5475791890432105,1.9802872670421432,8.519641537659724e-4,0.006138655624485947,"ATM;BRCA1;MRE11;BRCA2;WRN;XRCC2;RAD51C;RAD50;NBN;BRIP1;DNA2;PALB2;BARD1;BLM;RAD51AP1",1.8232885132468015,0.029101686720324153,TRUE,
"REACTOME_INSERTION_OF_TAIL_ANCHORED_PROTEINS_INTO_THE_ENDOPLASMIC_RETICULUM_MEMBRANE",22,-0.621542551108873,-1.8881579577508505,8.70359994868577e-4,0.006229945226427709,"GET3;UBE2J2;SEC61B;STX5;UBL4A;EMD;HMOX1;SGTA;STX1A;CAMLG;SERP1;GET4",-1.9394492248120114,0.0066727516915151205,TRUE,
"REACTOME_TRANSCRIPTIONAL_REGULATION_BY_RUNX2",102,-0.41496836144508426,-1.6886189011483974,8.775316387691903e-4,0.0062402249868031305,"PSMB4;UBA52;RBX1;PSMB3;PSMD8;PSMB1;PSMB7;STUB1;PSMC3;PSMC4;PSMA6;PSMB6;ADRM1;PSMD13;HDAC3;PSMA5;PSMC5;PSMB5;PSMB2;MAPK3;AKT2;SKP1;ESRRA;PSMA7;LGALS3;PSMC2;UBC;PSMA1;UBB;PSMD3;HAND2;IHH;AKT1;SEM1;PSMA3;BAX;TWIST2;PSMD2",-1.6185007310861683,0.015287791378380777,TRUE,
"REACTOME_EXPRESSION_OF_BMAL_ARNTL_CLOCK_AND_NPAS2",34,0.516671339388776,1.961027000003034,9.031629965355046e-4,0.006380787923575513,"MED1;CHD9;NCOA1;NCOR1;CREB1;SIRT1;NCOA2;RORA;CLOCK;NRIP1;EP300;RAI1;NCOA6;ATF2;TBL1XR1;TGS1;PPARGC1A",1.874721840328808,0.012596594620941693,TRUE,
"REACTOME_REGULATION_OF_MRNA_STABILITY_BY_PROTEINS_THAT_BIND_AU_RICH_ELEMENTS",74,-0.4453064303244441,-1.7176672610974517,9.333002152297525e-4,0.006551165381741747,"PSMB4;UBA52;EXOSC4;PSMB3;HSPB1;PSMD8;PSMB1;PSMB7;EXOSC1;EXOSC5;PSMC3;PSMC4;PSMA6;PSMB6;ADRM1;PSMD13;EXOSC7;PSMA5;PSMC5;PSMB5;PSMB2;EXOSC3;PSMA7;PSMC2;UBC;MAPKAPK2;PSMA1;UBB;PSMD3;AKT1;EXOSC2;SEM1;PSMA3;PSMD2",-1.6201563372231307,0.021430179000066076,TRUE,
"REACTOME_RHOBTB1_GTPASE_CYCLE",23,0.5729811273807927,1.9832839986484383,9.513864621685309e-4,0.006635310710508728,"ROCK2;CUL3;ROCK1;MYO6;RBBP6;SPEN;SRRM1;RNF20",1.8403916804765998,0.02180079980353607,TRUE,
"REACTOME_REGULATION_OF_GLUCOKINASE_BY_GLUCOKINASE_REGULATORY_PROTEIN",30,0.5347081508039012,1.967403880822694,9.694577908283107e-4,0.0066957844022206255,"NUP153;NUP98;RANBP2;NUP58;TPR;NUP133;NUP205;NUP107;NUP50;POM121;NUP160",1.855267480029424,0.012093898630891636,TRUE,
"REACTOME_ARACHIDONATE_METABOLISM",44,-0.5107797903979177,-1.79170567510809,9.723657495871864e-4,0.0066957844022206255,"GPX4;GPX1;LTC4S;PTGDS;PTGES2;CBR1;FAAH;GPX2;ALOX5AP;PTGES;MAPKAPK2;DPEP1;PRXL2B;DPEP2;PTGIS;SLC27A1;GGT5;AKR1C3;ALOX5;PON3;FAAH2;ALOX12;PLA2G4A",-1.7933905692222936,0.006953470543221379,TRUE,
"REACTOME_MITOTIC_SPINDLE_CHECKPOINT",109,0.3369456352844771,1.6030705766719746,0.001004443985031373,0.006873176451032288,"ANAPC1;NUP98;CLIP1;DYNC1LI2;TAOK1;RANBP2;CKAP5;AHCTF1;CLASP1;XPO1;CENPF;CDC27;PPP2R1B;PAFAH1B1;CLASP2;ZW10;CENPE;NUP133;KIF2A;KNTC1;CENPI;INCENP;NUP107;BUB1B;MAPRE1;BUB1;SGO2",1.611209512741292,0.006657637991498197,TRUE,
"REACTOME_NEDDYLATION",216,-0.33373198489076045,-1.4951558894166992,0.0010313206368138164,0.007008338437185,"PSMB4;UBA52;FBXL15;RBX1;FBXW5;NEDD8;PSMB3;COMMD5;UFD1;PSMD8;ELOB;PSMB1;KEAP1;COMMD4;BTBD6;COMMD3;PSMB7;FBXW4;FEM1A;COMMD1;GPS1;DDA1;UBE2M;COPS6;PSMC3;ASB2;ASB13;FBXW9;COMMD9;FBXO6;PSMC4;PSMA6;SPSB2;PSMB6;KLHL22;ASB6;ANKRD9;ADRM1;PSMD13;RNF7;PSMA5;PSMC5;PSMB5;PSMB2;SKP1;COMMD7;PSMA7;UBE2D2;UCHL3;DCAF11;SPSB1;PSMC2;FBXL12;FBXL22;UBC;PSMA1;UBB;PSMD3;ELOC;COPS4;FBXO10;ASB12;COPS7A;KLHL21;FBXL8;CISH;FBXO31;BIRC5;SEM1;PSMA3;KLHL25;PSMD2;FBXL16;CCDC22;WDR5;NPLOC4;KLHL13;RPS27A;FBXO44;UBE2F;SQSTM1;LRR1",-1.442135784080121,0.023559662811809143,TRUE,
"REACTOME_TCR_SIGNALING",101,-0.4132716141187106,-1.6820057337450842,0.0010370794930025598,0.007008338437185,"PSMB4;UBA52;PSMB3;PSMD8;PSMB1;PSMB7;CDC34;PSMC3;HLA-DRB1;HLA-DPB1;PSMC4;PSMA6;HLA-DRA;PSMB6;ZAP70;HLA-DQB1;ADRM1;PSMD13;PSMA5;PSMC5;PSMB5;PSMB2;VASP;SKP1;PSMA7;UBE2D2;CSK;HLA-DPA1;PSMC2;UBC;PSMA1;UBB;PSMD3;CD3D;HLA-DQA1;HLA-DRB5;WAS;HLA-DQB2;RELA;SEM1;PSMA3;CD247;PSMD2",-1.3907286736602882,0.125,FALSE,
"REACTOME_ABC_FAMILY_PROTEINS_MEDIATED_TRANSPORT",82,-0.4282549838957346,-1.6879347130854478,0.0010633521734919578,0.007136565122511903,"PSMB4;UBA52;PSMB3;PSMD8;PSMB1;PSMB7;PSMC3;PSMC4;PSMA6;ABCB8;PSMB6;ADRM1;PSMD13;PSMA5;PSMC5;PSMB5;PSMB2;RNF5;PSMA7;PSMC2;UBC;ABCG1;PSMA1;UBB;PSMD3;ABCB6;DERL3;ABCD1;SEM1;ABCA7;PSMA3;PSMD2",-1.6009898629372847,0.02712386957424161,TRUE,
"REACTOME_HEME_SIGNALING",44,0.46301119744580926,1.8900914140833804,0.0010749431455670414,0.007136565122511903,"MED1;CHD9;XPO1;NCOA1;BACH1;NCOR1;CREB1;SIRT1;NCOA2;RORA;CLOCK;NRIP1;EP300;RAI1;NCOA6;NFE2L2;ATF2;TBL1XR1;TGS1",1.9193742770241156,0.00493007615703401,TRUE,
"REACTOME_INTERFERON_ALPHA_BETA_SIGNALING",64,-0.46201583414909997,-1.7454466535112128,0.0010757322427315736,0.007136565122511903,"UBA52;IFI27;PSMB8;IFI35;ISG15;HLA-C;HLA-F;HLA-A;BST2;HLA-E;IRF7;HLA-B;IFITM3;IFITM2;PTPN6;IRF3;USP18;IFI6;HLA-G;ISG20;IRF1;IRF5;UBC;IFNAR2;SOCS1;HLA-H;UBB;IP6K2;TYK2;OASL",-1.7234030353334304,0.006702970470800743,TRUE,
"REACTOME_APOPTOTIC_CLEAVAGE_OF_CELLULAR_PROTEINS",38,0.47457497560640216,1.8559570886050525,0.0010974399911553574,0.007236452790163811,"DSP;ROCK1;APC;TJP1;TJP2;CASP8;SPTAN1;DSG2;STK26;CDH1;PRKCQ;ACIN1;BIRC2;STK24;OCLN;SATB1;CLSPN",1.8268021379832766,0.011519031739964018,TRUE,
"REACTOME_IRON_UPTAKE_AND_TRANSPORT",51,-0.4710192784625109,-1.699248791687308,0.0011059919401361187,0.007248911029325886,"UBA52;ATP6V0B;ATP6V1F;NEDD8;ATP6V0E1;HMOX2;MCOLN1;ATP6V0D1;TCIRG1;ATP6V1E1;FTL;ATP6AP1;HMOX1;SKP1;UBC;UBB;SLC22A17;FTH1;ATP6V0E2;SLC40A1;TFR2;ATP6V0D2;RPS27A",-1.5940056274480094,0.0329360101204995,TRUE,
"REACTOME_NUCLEAR_ENVELOPE_BREAKDOWN",53,0.41813139402598465,1.7745114437079264,0.0011223135214733855,0.007311838990197865,"NUP153;NUP98;RANBP2;NUP58;LEMD3;TPR;NUP133;NUP205;NUP107;NUP50;POM121;LPIN2;PRKCA;VRK2;NUP160;NEK9",1.5164617518274834,0.06438698555193499,FALSE,
"REACTOME_MITOCHONDRIAL_FATTY_ACID_BETA_OXIDATION",34,-0.553271570778834,-1.8426946995507845,0.0011524770666459083,0.007463661003040168,"ECI1;ECHS1;ACADS;MCAT;NDUFAB1;HADH;MECR;ACBD6;ACOT2;ACOT7;MCEE;ACOT1;PCCA;DECR1;DBI;ACADVL",-1.7526072932000967,0.02052216650690942,TRUE,
"REACTOME_DOWNSTREAM_SIGNALING_EVENTS_OF_B_CELL_RECEPTOR_BCR",68,-0.4464644925163135,-1.7115467199168304,0.0012435226285344761,0.008005636803819586,"PSMB4;UBA52;PSMB3;PSMD8;PSMB1;PSMB7;PSMC3;PPIA;NFKBIB;PSMC4;PSMA6;HRAS;PSMB6;ADRM1;PSMD13;PSMA5;NFKBIE;PSMC5;PSMB5;PSMB2;SKP1;PSMA7;PSMC2;UBC;PSMA1;UBB;PSMD3;RELA;SEM1;PSMA3;PSMD2",-1.613138411504654,0.025803734118938028,TRUE,
"REACTOME_ATTACHMENT_OF_BACTERIA_TO_EPITHELIAL_CELLS",22,0.5697818387051309,1.9437136041510694,0.001282489053548561,0.008202582679623887,"LAMC1;COL4A1;LAMA4;LAMB1;LAMA5;COL4A5;COL5A2;COL4A2;COL4A3;COL5A3;FN1;LAMA3;LAMC2;LAMA2;EPCAM;COL4A6;COL5A1;LAMC3",2.168947133053656,0.0028354367255586203,TRUE,
"REACTOME_HOST_INTERACTIONS_OF_HIV_FACTORS",118,-0.39143141631821726,-1.6283101224066225,0.0012891926821835338,0.008202582679623887,"PSMB4;UBA52;RBX1;PSMB3;AP2S1;AP2M1;PSMD8;ELOB;PSMB1;AP1S1;PSMB7;SEC13;ARF1;CDK9;HLA-A;PSMC3;PPIA;PSMC4;PSMA6;PSMB6;BANF1;AP1M2;ADRM1;PSMD13;PSMA5;PSMC5;PSMB5;PSMB2;SKP1;PSMA7;AP1B1;PSMC2;APOBEC3G;AP1M1;UBC;RANGAP1;RANBP1;SLC25A5;HMGA1;SLC25A6;PSMA1;UBB;PSMD3;ELOC;SLC25A4;PACS1;AAAS;HCK;SEM1;RAC1;PSMA3;CD247;PSMD2",-1.5847547850662786,0.015692648067364198,TRUE,
"REACTOME_G_ALPHA_12_13_SIGNALLING_EVENTS",70,0.3809860816730386,1.7094722874935815,0.0013212480720000313,0.008357662222883918,"ROCK2;ARHGEF12;SOS1;ITSN1;FGD4;ROCK1;SOS2;AKAP13;ARHGEF38;TRIO;ECT2;ARHGEF10;GNA13",1.524590619929476,0.042153118372578326,TRUE,
"REACTOME_M_PHASE",359,0.24156116992632765,1.356709825897655,0.0013515954728465225,0.008500207366803564,"ANAPC1;NUP153;ALMS1;CEP290;NUP98;NEDD1;CLIP1;DYNC1LI2;STAG1;TAOK1;RANBP2;KPNB1;TNPO1;EML4;CKAP5;AHCTF1;CLASP1;AKAP9;NUP58;XPO1;NIPBL;WAPL;SMC1A;LEMD3;STAG2;SMC3;CCP110;TPR;CEP135;CENPF;CPAP;SMC4;PDS5A;PDS5B;CDC27;SPAST;CEP63;PPP2R1B;LBR;PAFAH1B1;NCAPD2;CEP192;CLASP2;TUBGCP4;ZW10;CEP152;USO1;CENPE;NUP133;NUP205;KIF2A;KNTC1;PCNT;SMC2;YWHAG;PCM1;CENPI;INCENP;NUP107;NUP50;POM121;HAUS6;BUB1B;MAPRE1;LPIN2;CNTRL;BUB1;PRKCA;SGO2;VRK2;HAUS3;ANKLE2;NUP160;RAD21;TUBB2B",1.2486346170765463,0.017808370481692752,TRUE,
"REACTOME_SUMOYLATION_OF_DNA_REPLICATION_PROTEINS",46,0.45767916438821643,1.8880609519258726,0.0014101438005511204,0.008817450890802409,"NUP153;NUP98;RANBP2;TOP2B;TOP1;NUP58;TOP2A;TPR;NUP133;NUP205;INCENP;NUP107;NUP50;POM121",1.615159615751411,0.0424062954875822,TRUE,
"REACTOME_PLASMA_LIPOPROTEIN_ASSEMBLY_REMODELING_AND_CLEARANCE",57,-0.46827864759977056,-1.7196810597549796,0.0014200341033464875,0.008828554882519877,"UBA52;NPC2;LMF2;AP2S1;AP2M1;CLTA;NR1H2;LMF1;APOC1;APOE;PRKACA;ANGPTL4;SAR1B;LSR;NR1H3;UBC;AMN;ABCG1;LCAT;UBB;ZDHHC8;PCSK5;RPS27A;PLTP;AP2A2;CETP;BMP1;LDLRAP1",-1.6269223296350535,0.023198895750029556,TRUE,
"REACTOME_FLT3_SIGNALING_IN_DISEASE",26,0.5477153285456025,1.9719505550428285,0.0014434148333864886,0.008922928060934657,"PTPN11;CBL;SPTBN1;SOS1;PIK3CA;TRIP11;GOLGB1;KRAS;ZMYM2;MYO18A;NRAS;STAT5B",1.8993400625335486,0.015031894626728772,TRUE,
"REACTOME_METABOLISM_OF_VITAMINS_AND_COFACTORS",176,-0.34099651123303615,-1.4958324924207438,0.0015156182267492618,0.009316342546345745,"VKORC1;PRSS3;COQ4;FPGS;NAPRT;GSTO1;NAXE;NUDT8;PARP10;CD320;FLAD1;CYB5R3;SPR;SLC52A2;PPCDC;ACP5;APOE;MMAB;COQ6;COQ8B;SDC1;BST1;PDZD11;GSTO2;GCHFR;FOLR2;PPCS;NNMT;COQ9;MTHFS;MOCS2;AMN;CBLIF;NADK;NADSYN1;PARP16;MMACHC;PANK4;HPDL;AKT1;SLC25A42;GPC1;COQ2;PDXK;APOM;COQ8A;SLC25A51;AKR1C4;TCN2;CYB5A;UBIAD1;NMRK1;SLC25A16;LRP10;ABCD4;PCCA;AKR1C3;SLC52A1;AKR1C1;SHMT2;BTD;LDLRAP1;PDSS1;BCO1;COASY;SHMT1;CALM1;CD38;NT5E;TCN1;QPRT",-1.6475905158905442,0.0017550663738671892,TRUE,
"REACTOME_DOWNSTREAM_SIGNALING_OF_ACTIVATED_FGFR2",20,0.5861897329889219,1.9402026164382427,0.001573801634556879,0.009619641451673508,"PTPN11;SOS1;PIK3CA;FRS2;KRAS;GAB1;NRAS",2.117534672746555,0.001782048981817675,TRUE,
"REACTOME_RHOQ_GTPASE_CYCLE",58,0.3975640203317979,1.715907672180671,0.0016100288828532147,0.00978609734382289,"ITSN1;ARHGAP5;ARHGAP21;OPHN1;PAK2;SLC4A7;ARL13B;ARHGAP32;GOPC;CDC42BPA;DLC1;GJA1;ARHGAP35;WASL;GIT2;DIAPH3;RHOQ;ARHGAP17;ARHGEF7;IQGAP1",1.5124919287230685,0.075059207261955585,FALSE,
"REACTOME_METABOLISM_OF_NUCLEOTIDES",90,-0.40380270034692944,-1.6206291840149294,0.0016342672448658518,0.009867689273204177,"NME3;GUK1;UCK1;APRT;DNPH1;NME4;NT5C;DCTPP1;NUDT1;DTYMK;NME1;NUDT18;UPP1;ENTPD2;TYMP;DGUOK;TK1;GMPR;AK2;TXN;DUT;UCKL1;ITPA;NME2;GMPR2",-1.6365278188570827,0.013923350153461312,TRUE,
"REACTOME_INTERLEUKIN_1_SIGNALING",100,-0.3992752568049854,-1.62546196353599,0.0016415916897517977,0.009867689273204177,"PSMB4;UBA52;RBX1;PSMB3;PSMD8;PSMB1;PSMB7;PSMC3;PELI3;NFKBIB;TNIP2;PSMC4;PSMA6;TAB1;PSMB6;NFKB2;TOLLIP;ADRM1;PSMD13;PSMA5;PSMC5;PSMB5;PSMB2;LRRC14;USP18;SKP1;TRAF2;PSMA7;PSMC2;UBC;PSMA1;UBB;PSMD3;AGER;RELA;SEM1;PSMA3;PSMD2;S100B;IL1R2;IL1RN;RPS27A",-1.490509728572582,0.049937821838398365,TRUE,
"REACTOME_SIGNALING_BY_ALK",27,0.5299563173498552,1.9165552094304448,0.0016790942316400332,0.010037662219914045,"PIK3CA;FRS2;PIK3CB;SIN3A;STAT3;HDAC2;PRDM1;HIF1A;EP300;DNMT1;MYC;PIK3R1;IRS1",1.581339540865735,0.12863796516478798,FALSE,
"REACTOME_DOWNSTREAM_SIGNALING_OF_ACTIVATED_FGFR4",20,0.5840015593449025,1.9329600804632434,0.0017265933219051447,0.010265210569578128,"PTPN11;SOS1;PIK3CA;FRS2;KRAS;GAB1;NRAS",1.891800131400076,0.011332645637944342,TRUE,
"REACTOME_NUCLEOTIDE_SALVAGE",21,-0.6196933350437513,-1.8550546122259315,0.0018632630592634713,0.011017555480862265,"UCK1;APRT;UPP1;TYMP;DGUOK;TK1;GMPR;UCKL1;GMPR2;AMPD2",-1.9026287010276393,0.004331543072430084,TRUE,
"REACTOME_SIGNALING_BY_EGFR",50,0.4197182177019225,1.7705619959253012,0.0019346195881213143,0.011377654658789135,"PTPN11;CBL;ADAM17;SOS1;PIK3CA;FAM83B;PAG1;KRAS;ADAM10;GAB1;PTPN12;PTPN3;NRAS;EGFR;STAM2;ARHGEF7;SPRY1;PTPRK;EPS15;PIK3R1",1.7990914313780533,0.01688252377769667,TRUE,
"REACTOME_REGULATION_OF_TP53_ACTIVITY",155,0.28349991334266356,1.4367538527296728,0.0019625746174061365,0.011477676664316993,"TAF1;ATM;ATR;JMY;TOPBP1;BRCA1;HIPK1;DYRK2;MRE11;TP53BP2;RICTOR;WRN;PPP2R1B;TAF2;PHF20;USP7;TAF15;MAP2K6;TAF3;MTOR;PRKAA2;HDAC2;PRDM1;PIP4K2C;TAF4B;BRD7;PRKAA1;BRPF3;EP300;RAD50;NBN;BRIP1;RAD17;TAF8;PIP4K2B;KAT6A;SUPT16H;TPX2;HIPK2;RFFL;MDM2;DNA2;PDPK1;SGK1;BARD1;SSRP1;CHEK1;BLM;MAPK14;CHD3;CDK5R1;L3MBTL1;GATAD2B",1.2744958468051981,0.13672072555617173,FALSE,
"REACTOME_REGULATION_OF_RUNX1_EXPRESSION_AND_ACTIVITY",17,0.6011340685858728,1.8995740520031923,0.001972725676679483,0.011477676664316993,"PTPN11;AGO3;TNRC6A;AGO2;TNRC6B;AGO4;CCND1;CDK6;CBFB",1.859786459432061,0.026943554718837064,TRUE,
"REACTOME_TP53_REGULATES_METABOLIC_GENES",78,-0.42923914547531467,-1.66945451874733,0.0019835392641509453,0.01147920595423526,"LAMTOR4;COX6B1;COX5B;COX4I1;LAMTOR2;LAMTOR1;COX8A;COX7A1;LAMTOR5;COX6A1;PRDX2;MLST8;SFN;COX7B;NDUFA4;GPX2;PRDX5;SCO2;RRAGA;COX5A;COX7A2;COX7C",-1.640154824368004,0.017808370481692752,TRUE,
"REACTOME_SUMOYLATION_OF_UBIQUITINYLATION_PROTEINS",39,0.44091591248138834,1.7324638488678148,0.0020395034384963684,0.011717781694064554,"NUP153;NUP98;RANBP2;NUP58;TPR;NUP133;NUP205;PIAS1;NUP107;NUP50;POM121;NUP160",1.5441853230120763,0.09428189326765393,FALSE,
"REACTOME_RAC3_GTPASE_CYCLE",88,0.3397349033587993,1.5722061344391953,0.002046303788485538,0.011717781694064554,"ARHGAP5;ABI2;ARHGAP42;NCKAP1;ARHGAP21;SWAP70;OPHN1;LEMD3;PAK2;ARHGAP32;LBR;TAOK3;ERBIN;ITGB1;ABL2;TRIO;DSG2;ARAP2;VRK2;LMAN1;OCRL;ARHGAP35;GIT2;NHS;DIAPH3;WASF1;ARHGAP17;DOCK10;PIK3R1;RACGAP1;ABR",1.5377372482471772,0.021713617916532587,TRUE,
"REACTOME_RHOBTB2_GTPASE_CYCLE",23,0.5440749370338531,1.8832297699183684,0.0021635020223502656,0.012299099946927815,"CUL3;PHIP;MSI2;MYO6;TMOD3;TWF1;SRRM1;DDX39B",1.7713164244081905,0.02879869162038027,TRUE,
"REACTOME_TRANSPORT_OF_MATURE_MRNAS_DERIVED_FROM_INTRONLESS_TRANSCRIPTS",43,0.4458084493754418,1.817787214084835,0.002170809044917304,0.012299099946927815,"NUP153;NUP98;RANBP2;NUP58;TPR;NUP133;NUP205;NUP107;NUP50;POM121;NCBP2;WDR33;NUP160;NCBP1;CPSF2",1.6636841623765264,0.03684596340448212,TRUE,
"REACTOME_LAMININ_INTERACTIONS",30,0.5093816181718515,1.8742174977216235,0.0021860596480061043,0.012299099946927815,"LAMC1;ITGB1;COL4A1;ITGA2;LAMA4;ITGAV;HSPG2;LAMB1;ITGA1;NID1;NID2;LAMA5;COL4A5;COL4A2;COL4A3;ITGA6;LAMA3;LAMC2;LAMA2;COL4A6;ITGA3;COL18A1",2.0585198183934104,0.0022100338335178556,TRUE,
"REACTOME_REGULATION_OF_HOMOTYPIC_CELL_CELL_ADHESION",179,-0.3416211448731509,-1.501351477785338,0.0021930380420073494,0.012299099946927815,"PSMB4;UBA52;OST4;PSMB3;H2AC20;PSMD8;PSMB1;TMEM258;ACTB;PSMB7;H2AJ;MCRIP1;RACK1;ACTG2;CTBP1;CSNK2B;PSMC3;DAD1;H2AX;PSMC4;PSMA6;PSMB6;ADRM1;PSMD13;PRKCSH;PSMA5;PSMC5;ACTA1;CTSB;RPN1;PSMB5;ANGPTL4;PSMB2;MAPK3;CDH24;PSMA7;POMT1;MOGS;ADAM33;PSMC2;DNTTIP1;ACTA2;BANP;UBC;H2AC8;H3C8;PSMA1;UBB;PSMD3;SPCS1;OSTC;DNM2;H2AZ2;DDOST;FOXA2;SEM1;PSMA3;TWIST2;TFAP2A;TCF3;PSMD2;CTSL;H2BC12;PRDM8;H2BC8;RPS27A;H4C5;PIP5K1C",-1.2924177718082648,0.14485246060371332,FALSE,
"REACTOME_RAC2_GTPASE_CYCLE",85,0.3491418843449814,1.6158703957221916,0.0022481350154453217,0.012543440496433383,"PIK3CA;ABI2;ARHGAP42;NCKAP1;ARHGAP21;SWAP70;OPHN1;LEMD3;PAK2;ARHGAP32;LBR;TAOK3;ERBIN;ITGB1;TRIO;DSG2;VRK2;ANKLE2;LMAN1;ARHGAP35;ARMCX3;GIT2;NHS;DIAPH3;ARHGAP17;IQGAP1;DOCK4;DOCK10;PIK3R1;RACGAP1;ABR;GARRE1;TFRC;DOCK1;EPHA2;ESYT1;VANGL1;TMPO;DOCK3",1.5656565031714222,0.022916117511144148,TRUE,
"REACTOME_SENESCENCE_ASSOCIATED_SECRETORY_PHENOTYPE_SASP",76,-0.4240129506897028,-1.638681975626635,0.0023639173359640544,0.013122153375147404,"UBA52;H2AC20;ANAPC11;CDKN2C;CEBPB;H2AJ;CDKN2A;CDKN2D;FZR1;H2AX;ANAPC2;IGFBP7;MAPK3;UBE2S;ANAPC15;UBC;H2AC8;H3C8;RPS6KA1;UBB;RELA;H2AZ2;UBE2C;ANAPC7;H2BC12;ANAPC5;H2BC8;EHMT2;RPS27A;H4C5;H2BC4;ANAPC16;CDK4;H4C9;H2AC6;CXCL8;H3C10",-1.5730026629529557,0.03809838487088936,TRUE,
"REACTOME_SIGNALING_BY_ALK_IN_CANCER",87,0.34785831874301265,1.612635254271464,0.0024257933538992305,0.013372481601041954,"BIRC6;STRN;RANBP2;EML4;PIK3CA;FRS2;TPR;CLTC;VCL;GCC2;AGO3;PIK3CB;AGO2;EIF2AK3;PPFIBP1;STAT3;AGO4;LMO7;MCL1;KIF5B;RNF213;PRKAR1A;PPM1B;DNMT1;SEC31A;RB1;MDM2;HIP1;MYH9;PIK3R1;IRS1;MAPK1;FOXM1;MECP2",1.7001883089937748,0.004112096120628036,TRUE,
"REACTOME_DISEASES_OF_CARBOHYDRATE_METABOLISM",31,-0.5310397859339857,-1.7278725552376224,0.002433594997248444,0.013372481601041954,"UBA52;DCXR;IDUA;NAGLU;TALDO1;G6PC3;GUSB;SGSH;UBC;NHLRC1;GYG1;UBB;SLC37A4;KHK;RPS27A",-1.701519868383149,0.026943554718837064,TRUE,
"REACTOME_BASE_EXCISION_REPAIR",65,-0.43325564177302406,-1.639929940816684,0.0024609993908125904,0.013455112247256774,"ADPRS;H2AC20;MPG;H2AJ;POLD2;NTHL1;H2AX;ACD;RFC2;OGG1;POLE4;PNKP;POLB;POLD4;SMUG1;POLE3;RPA3;H2AC8;POLD1;APEX1;TINF2;H2AZ2;PCNA;XRCC1;H2BC12;RPA2;H2BC8;H4C5",-1.5788033037394043,0.03894031399694409,TRUE,
"REACTOME_RHOD_GTPASE_CYCLE",49,0.41902483201446544,1.7668864152960526,0.002584021371357612,0.01405707626018541,"ARHGAP5;ARHGAP21;LEMD3;SLC4A7;ANKFY1;ARHGAP32;LBR;DIAPH2;VRK2;LMAN1;ARHGAP35;DIAPH3;AKAP12;ARHGAP17;ARHGAP12;PIK3R1;RACGAP1;MOSPD2;TOR1AIP1;CPNE8;ESYT1;VANGL1;ADD3;TMPO;WHAMM;DIAPH1",1.7027128191410883,0.02686636905222314,TRUE,
"REACTOME_FORMATION_OF_THE_EARLY_ELONGATION_COMPLEX",31,-0.5285928102953066,-1.7199106997205778,0.0026592231630566446,0.014394202992067808,"POLR2I;POLR2L;POLR2J;POLR2F;NELFB;POLR2H;NELFE;POLR2E;NELFA;POLR2G",-1.7450214106484445,0.017808370481692752,TRUE,
"REACTOME_ANCHORING_OF_THE_BASAL_BODY_TO_THE_PLASMA_MEMBRANE",96,0.32683261449248124,1.5476994537555866,0.002685243568150177,0.014463094070036597,"ALMS1;CEP290;NEDD1;C2CD3;CKAP5;CLASP1;AKAP9;RPGRIP1L;TTBK2;CCP110;CEP135;CPAP;CEP63;AHI1;CEP83;PAFAH1B1;CEP192;CEP162;CEP152;PCNT;YWHAG;PCM1;HAUS6;MAPRE1;CNTRL;HAUS3;PLK4;CEP97;RAB3IP;CEP164;CEP43;DYNC1H1",1.5349835083436163,0.022077824375661893,TRUE,
"REACTOME_HOMOLOGOUS_DNA_PAIRING_AND_STRAND_EXCHANGE",43,0.4397556786821931,1.7931069972980311,0.002735561215724387,0.014661530062601642,"ATM;ATR;TOPBP1;BRCA1;MRE11;BRCA2;WRN;XRCC2;RAD51C;RAD50;NBN;BRIP1;RAD17;DNA2;PALB2;BARD1;CHEK1;BLM;RAD51AP1;RAD9B;RFC3",1.6903557737712385,0.032507640964350035,TRUE,
"REACTOME_SARS_COV_2_INFECTION",279,-0.3099006920844207,-1.421061944037393,0.0029029891388334737,0.015482608740445193,"FAU;UBA52;RPS14;OST4;RPS15;RPS8;RPS5;RPS16;RPS6;IL17RC;RPS9;RPS11;SNRPD2;MAN1B1;MGAT1;RPS2;RPS28;CRB3;PARP10;TMEM258;RPS21;RPS3;RPSA;SEC13;RPS19;RPS18;RPS15A;SFN;ISG15;HLA-C;HLA-F;SNRPB;HLA-A;RPS29;DAD1;CHMP2A;EDEM2;ST6GALNAC4;TAB1;RPS10;RPS3A;HLA-E;IRF7;HLA-B;VPS16;TUFM;PTPN6;SDC1;MGAT4B;PRKCSH;UBE2I;RPS26;IRF3;RPN1;PRMT1;RPS12;SAR1B;AKT2;RNF135;VPS33B;MOGS;RPS7;HLA-G;CHMP6;RPS4X;RPS23;GEMIN8;RPS13;UBC;GEMIN7;GSK3A;IFNAR2;TKFC;UBB;ISCU;PARP16;RPS27;ZDHHC8;OSTC;GEMIN6",-1.4803258510755521,0.010191043748820442,TRUE,
"REACTOME_GAMMA_CARBOXYLATION_HYPUSINYLATION_HYDROXYLATION_AND_ARYLSULFATASE_ACTIVATION",55,-0.44546201963880616,-1.6303609753000623,0.003098566890881218,0.01644507696233544,"RPL8;RPS6;TPST2;DPH7;JMJD4;RPL27A;EIF5A;DRG1;DOHH;SUMF2;EEF2;RCCD1;DPH2;RPS23;ARSA;F8;GAS6;DPH5;FN3KRP",-1.7066203565239433,0.01652815866670911,TRUE,
"REACTOME_SUMOYLATION_OF_CHROMATIN_ORGANIZATION_PROTEINS",61,0.380099228880099,1.6616728506200724,0.0031223418981072867,0.016490815461848194,"NUP153;NUP98;RANBP2;SUZ12;NUP58;TPR;PHC3;NUP133;NUP205;PIAS1;CBX5;NUP107;NUP50;POM121;HDAC2",1.4738819290774705,0.11323715434006375,FALSE,
"REACTOME_S_PHASE",149,-0.3513085099926567,-1.5063578169817964,0.0033388744998295514,0.017549253409732134,"PSMB4;UBA52;RBX1;PSMB3;ANAPC11;PSMD8;PSMB1;PSMB7;MCM5;FZR1;POLD2;PSMC3;ANAPC2;PSMC4;PSMA6;PSMB6;RFC2;E2F1;CDT1;ADRM1;POLA2;PSMD13;LIN37;POLE4;PSMA5;PSMC5;PSMB5;PSMB2;AKT2;UBE2S;SKP1;ANAPC15;PSMA7;POLD4;PSMC2;POLE3;RPA3;UBC;MCM7;PSMA1;UBB;PSMD3;POLD1;CKS1B;GINS2;E2F4;CDC45;PCNA;AKT1;UBE2C;SEM1;PSMA3;PSMD2;MAX;ANAPC7;RPA2;ANAPC5",-1.447991273800815,0.048173802335991264,TRUE,
"REACTOME_POSTMITOTIC_NUCLEAR_PORE_COMPLEX_NPC_REFORMATION",27,0.5082033362743635,1.8378868591608266,0.003410032515752893,0.01776902021712139,"NUP98;KPNB1;TNPO1;AHCTF1;NUP58;NUP133;NUP205;NUP107;POM121;NUP160",1.6193779358039058,0.10841474728991604,FALSE,
"REACTOME_NRAGE_SIGNALS_DEATH_THROUGH_JNK",56,0.39240793992831724,1.6964132199782092,0.003413350390972767,0.01776902021712139,"ARHGEF12;SOS1;ITSN1;FGD4;SOS2;AKAP13;ARHGEF38;TRIO;ECT2;ARHGEF10;GNA13",1.5728919292650227,0.06438698555193499,FALSE,
"REACTOME_HIV_ELONGATION_ARREST_AND_RECOVERY",31,-0.5182018680480496,-1.6861011351499742,0.003462218872931023,0.017862176933268668,"POLR2I;POLR2L;POLR2J;POLR2F;ELOB;NELFB;POLR2H;CDK9;NELFE;POLR2E;NELFA;POLR2G",-1.6912889858518039,0.030219644634205418,TRUE,
"REACTOME_CITRIC_ACID_CYCLE_TCA_CYCLE",34,-0.5210865270084949,-1.735501030667838,0.0034747940000260363,0.017862176933268668,"SDHAF1;SDHAF2;SDHA;IDH3G;SDHAF4;CSKMT;MDH2;LYRM4;IDH3B;ISCA2;SDHB;IDH2;ISCU;KGD4;SDHAF3;SDHC",-1.821729109179331,0.010191043748820442,TRUE,
"REACTOME_MHC_CLASS_II_ANTIGEN_PRESENTATION",112,-0.37535951092859793,-1.5515985229221214,0.00348049771126191,0.017862176933268668,"DCTN3;CTSD;AP2S1;AP2M1;CD74;HLA-DMA;CLTA;ACTR1A;AP1S1;SEC13;ACTR1B;ARF1;RILP;DCTN2;DYNLL1;TUBB4B;HLA-DRB1;HLA-DPB1;HLA-DMB;HLA-DRA;TUBA4A;TUBA1A;AP1M2;HLA-DQB1;TUBB6;CTSB;SAR1B;CTSF;HLA-DPA1;CAPZB;AP1B1;AP1M1;DYNC1I1;KIF22;HLA-DQA1;LAG3;HLA-DRB5;DNM2;HLA-DQB2;CTSA;TUBA1B;CTSL;KLC4;KLC1",-1.512915464111696,0.040232692893064075,TRUE,
"REACTOME_CLEC7A_DECTIN_1_SIGNALING",86,-0.40482222528593065,-1.6079547931033102,0.0035291429345078082,0.018026795834481198,"PSMB4;UBA52;PYCARD;PSMB3;PSMD8;PSMB1;PSMB7;CDC34;UBE2M;PSMC3;RELB;PSMC4;PSMA6;TAB1;PSMB6;NFKB2;ADRM1;PSMD13;PSMA5;PSMC5;PSMB5;PSMB2;SKP1;PSMA7;UBE2D2;PSMC2;UBC;PSMA1;UBB;PSMD3",-1.506571297452443,0.05452779501829014,FALSE,
"REACTOME_PIWI_INTERACTING_RNA_PIRNA_BIOGENESIS",22,-0.5731081798105647,-1.7410212195944614,0.0037089115845707946,0.018856522448658992,"POLR2I;POLR2L;POLR2J;POLR2F;POLR2H;POLR2E;POLR2G",-1.8080020794916525,0.026588256390001612,TRUE,
"REACTOME_GLUTATHIONE_CONJUGATION",31,-0.5143980593266241,-1.6737244792586177,0.003779845095724523,0.01912777425185247,"AKR1A1;GSTO1;MGST3;GSTK1;GSTP1;GSTO2;GSTZ1;GSS;MGST2;GSTM3;GSTM4;OPLAH;GGT5;GGCT;GSTM1;CHAC1;GGT7",-1.8906139811813885,0.003343437284386815,TRUE,
"REACTOME_SIGNALING_BY_KIT_IN_DISEASE",19,0.5689245701634559,1.850400436524962,0.0038059230234278136,0.01913042684040882,"SOS1;PIK3CA;KRAS;YES1;STAT3;NRAS;STAT5B;PIK3R1;FYN;GRB2;LYN",1.80729025584554,0.026943554718837064,TRUE,
"REACTOME_SUMOYLATION_OF_SUMOYLATION_PROTEINS",35,0.4601871463023146,1.7736887467107478,0.003815535500338892,0.01913042684040882,"NUP153;NUP98;RANBP2;NUP58;TPR;NUP133;NUP205;NUP107;NUP50;POM121;NUP160;NDC1;TOPORS;NUP155",1.702957873529914,0.03558280442491933,TRUE,
"REACTOME_PROCESSING_OF_CAPPED_INTRON_CONTAINING_PRE_MRNA",288,0.24118806443878885,1.3181400960498142,0.003834711794685378,0.019138378131273816,"PRPF40A;NUP153;NUP98;PRP4K;RANBP2;DDX46;THOC2;U2SURP;HNRNPA3;SF3B1;NSRP1;NUP58;HNRNPU;PNN;CCAR1;CPSF6;DDX42;TPR;PPIG;RBBP6;RBM25;CWC22;CDC5L;SRSF11;HNRNPR;CDC40;PCF11;DHX9;DHX15;LUC7L3;TCERG1;PAPOLA;SRSF1;NUP133;NUP205;SF3B3;PAPOLG;AQR;NUDT21;HNRNPA2B1;DHX8;POLR2A;MTREX;NUP107;NUP50;POM121;SRRM1;CWF19L2;SRSF10;HTATSF1;SNRNP200;SNRNP48;DDX5;SDE2;NCBP2;PPWD1;CWC25;WDR33;RNPC3;HNRNPH2;NUP160;DDX39B;HNRNPH1;NCBP1;GCFC2;METTL14;POLR2B;CPSF2;SRRM2;CWC27;WBP4;ZNF830;HNRNPD;ACIN1;RBM39;XRN2;FYTTD1",1.355124857743275,0.013665967158953308,TRUE,
"REACTOME_SARS_COV_2_ACTIVATES_MODULATES_INNATE_AND_ADAPTIVE_IMMUNE_RESPONSES",107,0.31525972963982984,1.5007497606060316,0.00388700856848451,0.019297956342418137,"PTPN11;NUP153;NUP98;PIK3R4;RANBP2;TRAF6;NUP58;TAB3;JAK1;TPR;SEC24A;SEC23A;TBK1;PIK3C3;NUP133;NUP205;NUP107;BECN1;NUP50;POM121;SIKE1;SEC24C;UBE2V1;SEC24B;G3BP2;MAP3K7;NUP160",1.397220022923567,0.0641086209150704,FALSE,
"REACTOME_PLASMA_LIPOPROTEIN_CLEARANCE",32,-0.5220487071318612,-1.706732575833897,0.003912632768800875,0.019297956342418137,"UBA52;NPC2;AP2S1;AP2M1;CLTA;NR1H2;APOC1;APOE;LSR;NR1H3;UBC;AMN;UBB",-1.8020724105462924,0.01289304652044332,TRUE,
"REACTOME_HEDGEHOG_ON_STATE",73,-0.42147163992655606,-1.6222042423060212,0.003919897382053684,0.019297956342418137,"PSMB4;UBA52;RBX1;PSMB3;PSMD8;PSMB1;PSMB7;PSMC3;PSMC4;PSMA6;PSMB6;ADRM1;PSMD13;GRK2;PSMA5;PSMC5;PSMB5;PSMB2;PSMA7;ULK3;PSMC2;UBC;PSMA1;UBB;PSMD3;IHH;SEM1;PSMA3;PSMD2",-1.5239527483695068,0.04391802789775542,TRUE,
"REACTOME_REGULATION_OF_CHOLESTEROL_BIOSYNTHESIS_BY_SREBP_SREBF",55,0.3887883717523282,1.66638536959693,0.004145599124935682,0.02031717048617127,"MED1;KPNB1;CHD9;ACACA;NCOA1;SP1;MTF1;MBTPS2;SEC24A;NCOA2;SEC23A;NFYA;SEC24C;SEC24B;NCOA6;SEC24D;NFYB;TBL1XR1;SC5D;TGS1;HMGCS1;MBTPS1;PPARA;INSIG2;SQLE;GPAM;FASN;CREBBP",1.5805111404203973,0.06607190824522023,FALSE,
"REACTOME_METABOLISM_OF_PORPHYRINS",23,-0.5749926702246266,-1.7640975679780724,0.004339144062398744,0.021170353093676382,"UROD;BLVRB;HMOX2;PPOX;UROS;HMOX1;ALAD;BLVRA;HMBS",-1.5975793221818815,0.0766818700650004,FALSE,
"REACTOME_REGULATION_OF_MECP2_EXPRESSION_AND_ACTIVITY",28,0.49747443459771534,1.811594374646636,0.00447054568097629,0.02171407902188484,"NCOR1;CREB1;AGO3;TNRC6A;LBR;AGO2;TNRC6B;SIN3A;HDAC2;AGO4;HIPK2;TBL1XR1;CAMK4",1.7677613630742437,0.04232562635216364,TRUE,
"REACTOME_SARS_COV_2_HOST_INTERACTIONS",184,-0.3330241897480868,-1.4655555861453573,0.004550946341747955,0.022006353865874555,"FAU;UBA52;RPS14;RPS15;RPS8;RPS5;RPS16;RPS6;IL17RC;RPS9;RPS11;SNRPD2;RPS2;RPS28;CRB3;RPS21;RPS3;RPSA;SEC13;RPS19;RPS18;RPS15A;SFN;ISG15;HLA-C;HLA-F;SNRPB;HLA-A;RPS29;TAB1;RPS10;RPS3A;HLA-E;IRF7;HLA-B;VPS16;TUFM;PTPN6;RPS26;IRF3;RPS12;SAR1B;AKT2;RNF135;VPS33B;RPS7;HLA-G;RPS4X;RPS23;GEMIN8;RPS13;UBC;GEMIN7;IFNAR2;TKFC;UBB;RPS27",-1.5571655234969295,0.007689403406482476,TRUE,
"REACTOME_HEDGEHOG_OFF_STATE",94,-0.38823714233750534,-1.5691062820753754,0.004709243328016502,0.02265313953398068,"PSMB4;UBA52;RBX1;PSMB3;PSMD8;PSMB1;PSMB7;TUBB4B;PSMC3;PSMC4;PSMA6;PSMB6;PRKAR1B;TUBA4A;TUBA1A;ADRM1;PSMD13;PRKACA;PSMA5;TUBB6;PSMC5;PSMB5;PSMB2;SKP1;PSMA7;PSMC2;UBC;PSMA1;UBB;PSMD3;TUBA1B;SEM1;PSMA3;PSMD2;IFT172;RPS27A;GNAS;IFT122",-1.4322234821699704,0.08444537997907861,FALSE,
"REACTOME_PKMTS_METHYLATE_HISTONE_LYSINES",49,0.40066476475873025,1.6894682029621342,0.00472634436968163,0.02265313953398068,"KMT2A;ASH1L;SUZ12;KMT2C;KMT2D;NSD1;AEBP2;SETD2;KMT5B;ATF7IP;SETD7;MECOM",1.6973339651929058,0.026943554718837064,TRUE,
"REACTOME_SYNTHESIS_OF_PIPS_AT_THE_EARLY_ENDOSOME_MEMBRANE",16,0.597679509457302,1.8468278660065682,0.004823378184054872,0.023016822211630265,"PIK3C2A;PIKFYVE;PIK3R4;MTMR2;PIK3C3;MTMR4;MTM1;INPP5F;INPP4A",1.9407686587771849,0.01339212187404417,TRUE,
"REACTOME_INTERLEUKIN_6_FAMILY_SIGNALING",22,0.5204161586714636,1.775311002766534,0.004981511780378216,0.02357705216710147,"PTPN11;CBL;JAK1;IL6ST;STAT3;LIFR;OSMR;CNTF",1.5412051056157803,0.1697512272162044,FALSE,
"REACTOME_RORA_B_C_AND_NR1D1_REV_ERBA_REGULATE_GENE_EXPRESSION",24,0.5145405687385427,1.7882491385629045,0.004984119483854171,0.02357705216710147,"MED1;CHD9;NCOA1;NCOR1;NCOA2;RORA;NRIP1;EP300;NCOA6;TBL1XR1;TGS1;PPARGC1A",1.75812386946349,0.04273776259283247,TRUE,
"REACTOME_MYOGENESIS",22,0.5197346845966369,1.7729862701405743,0.005110065162003479,0.02406818569809431,"SPAG9;MEF2A;MAP2K6;CDON;BNIP2;TCF4;TCF12;CTNNA2;NEO1",1.8263231407309122,0.03775144074284771,TRUE,
"REACTOME_REGULATION_OF_RAS_BY_GAPS",55,-0.4334552333282254,-1.5864169464569071,0.0051953565756589735,0.024364430837573114,"PSMB4;UBA52;RBX1;PSMB3;PSMD8;PSMB1;PSMB7;PSMC3;PSMC4;PSMA6;HRAS;PSMB6;ADRM1;PSMD13;PSMA5;PSMC5;PSMB5;PSMB2;PSMA7;PSMC2;UBC;PSMA1;UBB;PSMD3",-1.551913223032599,0.06483196472126937,FALSE,
"REACTOME_SUMOYLATION_OF_RNA_BINDING_PROTEINS",47,0.4047734908855777,1.682500644444806,0.005312546531188824,0.024807084231473996,"NUP153;NUP98;RANBP2;NUP58;TPR;PHC3;NUP133;NUP205;NOP58;NUP107;NUP50;POM121",1.5011599677232408,0.08444537997907861,FALSE,
"REACTOME_REGULATION_OF_MITF_M_DEPENDENT_GENES_INVOLVED_IN_APOPTOSIS",16,0.5939988965008203,1.835454783167929,0.0053495587697280685,0.02487316214300914,"DICER1;AGO3;TNRC6A;AGO2;TNRC6B;SIN3A;AGO4",1.785774062497203,0.032507640964350035,TRUE,
"REACTOME_KEAP1_NFE2L2_PATHWAY",111,-0.3738180682758275,-1.5432861392974158,0.005478188069597259,0.025362845190305603,"PSMB4;UBA52;RBX1;PSMB3;SOD3;UFD1;PSMD8;PSMB1;KEAP1;PSMB7;CDKN2A;CSNK2B;PSMC3;PSMC4;PSMA6;PSMB6;ABCF2;ATF4;TALDO1;ADRM1;PSMD13;HMOX1;PSMA5;PSMC5;PSMB5;TXN;PDGFA;PSMB2;AKT2;SKP1;PSMA7;PSMC2;TKT;UBC;PSMA1;UBB;PSMD3;PRDX1;RELA;AKT1;SEM1;PSMA3;EGF;PSMD2",-1.3911319272155724,0.10058167268800823,FALSE,
"REACTOME_SLC_TRANSPORTER_DISORDERS",72,0.349693940740724,1.5735739893813618,0.0055367575020728406,0.025525390518030724,"NUP153;NUP98;RANBP2;NUP58;TPR;SLC24A1;NUP133;NUP205;SLC12A6;NUP107;NUP50;POM121;SLC6A14;SLC35A3;NUP160;SLC26A2;SLC11A2;SLC4A4;NDC1;SLC16A1;NUP155;SLC2A10;SLC9A6;HEPH;SLC33A1;SLC17A5",1.388661359030861,0.08825146515066105,FALSE,
"REACTOME_SIGNALING_BY_TGFB_FAMILY_MEMBERS",147,0.2818731833520406,1.4159229942856628,0.005746856828578479,0.026382195061153524,"CBL;TRIM33;USP9X;XPO1;CCNT1;SP1;NCOR1;SMURF2;ZFYVE16;AGO3;TNRC6A;CCNT2;ITGA8;ITGB1;ZFYVE9;AGO2;ACVR2B;BMPR2;TNRC6B;RNF111;RBL1;AGO4;CCNK;TCF4;MTMR4;SKIL;TCF12;EP300;SMAD5;MMP16;ITGAV;SMAD2;PARD3;INHBA;SMAD1;PARP1;PPP1R15A;CDK8;NEDD4L;MYC;HELLS;BMPR1A;TGFBR2;GREM2;TGFBR1;SMURF1;MAPK1;SMAD4;PPM1A;FBN1",1.5418201325620922,0.006107580803584083,TRUE,
"REACTOME_PTEN_REGULATION",125,-0.3639371501459483,-1.527439336151063,0.005812026757019312,0.026569265174945428,"PSMB4;UBA52;LAMTOR4;PSMB3;LAMTOR2;LAMTOR1;LAMTOR5;PSMD8;MAF1;PSMB1;PSMB7;STUB1;MLST8;CSNK2B;PSMC3;PHC2;PSMC4;PSMA6;RRAGA;PSMB6;MBD3;ADRM1;PSMD13;RING1;HDAC3;PSMA5;PSMC5;PML;PSMB5;PSMB2;MAPK3;AKT2;CHD4;PSMA7;PSMC2;SCMH1;UBC;PSMA1;UBB;PSMD3",-1.485137169586866,0.032507640964350035,TRUE,
"REACTOME_REGULATION_OF_MITF_M_DEPENDENT_GENES_INVOLVED_IN_LYSOSOME_BIOGENESIS_AND_AUTOPHAGY",16,-0.6401196019839035,-1.808150702645764,0.0058481864455190245,0.026605640703696,"ATP6V0B;ATP6V1F;ATP6V0E1;ATP6V0D1;ATP6V1E1",-1.4831281607636997,0.16215813398911988,FALSE,
"REACTOME_SIGNALING_BY_SCF_KIT",41,0.435785392071692,1.759834286082628,0.005868891331697647,0.026605640703696,"PTPN11;CBL;SOS1;PIK3CA;KRAS;YES1;KITLG;STAT3;NRAS;PRKCA;STAT5B;FER;TEC;SOCS6;PIK3R1;CHEK1;FYN;SH2B3",1.8672071721817742,0.012236626816476387,TRUE,
"REACTOME_SIGNALING_BY_TGF_BETA_RECEPTOR_COMPLEX",93,0.31906230676227487,1.4963230661851021,0.005925456259392338,0.026750607511281593,"CBL;TRIM33;USP9X;XPO1;CCNT1;SP1;NCOR1;SMURF2;CCNT2;ITGA8;ITGB1;ZFYVE9;RNF111;RBL1;CCNK;MTMR4;SKIL;EP300;ITGAV;SMAD2;PARD3;PARP1;PPP1R15A;CDK8;NEDD4L;MYC;TGFBR2;TGFBR1;SMURF1;MAPK1;SMAD4;PPM1A;FBN1;TFDP2;CGN;SNW1;PPP1CC;TGFB2;UBE2D1;PPP1CB",1.5493445974649125,0.017590267737174883,TRUE,
"REACTOME_DNA_DOUBLE_STRAND_BREAK_REPAIR",147,0.2806980733316717,1.4100201081761397,0.006081614959931025,0.027342136679359322,"RIF1;ATM;ATR;BAZ1B;TOPBP1;BRCA1;MRE11;MDC1;LIG4;TP53BP1;PRKDC;ERCC4;GEN1;BRCA2;SMARCA5;WRN;RFC1;EYA1;POLK;TIMELESS;LIG3;PPP4R2;POLQ;FIGNL1;XRCC2;HERC2;RAD51C;RAD50;NBN;BRIP1;RAD17;BRCC3;EYA3;RNF168;NHEJ1;XRCC5;PARP1;SLX4;DNA2;XRCC4;PALB2;CLSPN;BARD1;CHEK1;UBE2V2;BLM;KPNA2;RNF8;RAD51AP1",1.276394310862427,0.10881384442622359,FALSE,
"REACTOME_SIGNALING_BY_CSF1_M_CSF_IN_MYELOID_CELLS",31,0.45937458800825143,1.7146649270305783,0.00628573155443048,0.02814352235070108,"PTPN11;CBL;SOS1;PIK3CA;KRAS;PIK3CB;YES1;STAT3",1.685097237605635,0.04192944555355659,TRUE,
"REACTOME_ASSEMBLY_OF_THE_HIV_VIRION",16,-0.6364735930318478,-1.7978517934605427,0.0063326461572232725,0.02823737302893,"UBA52;VPS28;MVB12A;PPIA;UBAP1;UBC;UBB;VPS37D;RPS27A",-1.7603277606270948,0.025803734118938028,TRUE,
"REACTOME_CLASS_I_MHC_MEDIATED_ANTIGEN_PROCESSING_PRESENTATION",349,-0.28674321827194893,-1.342906055682692,0.006385413137075846,0.02835644691076947,"PSMB4;UBA52;RNF25;FBXL15;RBX1;FBXW5;PSMB3;ANAPC11;UBE2J2;PSMD8;ELOB;PSMB8;PSMB1;MIB2;KEAP1;PSME1;BTBD6;CYBA;VAMP8;SEC61B;PSMB10;PSMB7;SEC13;FBXW4;CDC34;RNF220;STUB1;ZNRF1;RNF126;CD14;RNF130;UBE2M;HLA-C;UBAC1;HLA-F;FZR1;PSMB9;HLA-A;PSMC3;ASB2;PSME2;ASB13;FBXW9;FBXO6;ANAPC2;PSMC4;PSMA6;SPSB2;TAPBP;LRSAM1;PSMB6;HLA-E;THOP1;RBCK1;NCF4;HLA-B;KLHL22;ASB6;STX4;ADRM1;PSMD13;UBE2L6;RNF7;UBE2R2;HECTD3;UBE2D4;PSMA5;PSMC5;PSMB5;PSMB2;MGRN1;SAR1B;UBE2S;SKP1;BCAP31;PSMA7;UBE2D2;UBE2L3;HLA-G;SPSB1;S100A9;PSMC2;FBXL12;FBXL22;UBC;ZNRF2;TRAF7;TRAIP;SOCS1;PSMA1;ATG7;UBB;PSMD3;ELOC;RNF19B;FBXO10;ASB12;KLHL21;FBXL8;UBA7;FBXO31;UBE2C;TAP1;CDC20;SEM1;PSMA3;KLHL25;UBOX5;PSMD2;CTSL;FBXL16;ANAPC7;NCF1;SIAH2;FCGR1A;TRIM69;ANAPC5",-1.3144195307117348,0.08807980491788464,FALSE,
"REACTOME_DISEASES_OF_METABOLISM",235,-0.30799089035072097,-1.39209084749364,0.006556718428613185,0.028998819716793276,"DPM3;UBA52;DCXR;B4GALT7;NMRAL1;GALT;MAN1B1;LFNG;APRT;DPM2;BCKDK;HEXA;CD320;B3GAT3;ECHS1;IDUA;NAGLU;GALK1;ALG3;ACY1;ASS1;B3GALT6;ASL;MMAB;POMGNT1;TALDO1;MPDU1;SDC1;POMC;G6PC3;GUSB;AHCY;GSS;SGSH;DOLK;POMT1;MOGS;ALG14;SPON2;UBC;NHLRC1;AMN;SBSPON;CBLIF;CYP27A1;BCKDHA;GYG1;UBB;MMACHC;CHST14;OPLAH;ADAMTSL1;FDXR;CSPG5;CTSA;GPC1;ADAMTS15;ALG12;B4GAT1;ADAMTS10;SLC37A4;MGAT2;TCN2;KHK;RPS27A;ABCD4;AUH;PCCA;ALG2;CHST6;BGN;SRD5A3;MUC3A;BTD;ADAMTS13;ADAMTS14",-1.4906530702243772,0.013515622704539593,TRUE,
"REACTOME_ECM_PROTEOGLYCANS",64,0.37654057530452184,1.6591272615152575,0.006692214749832589,0.029478257683473105,"LAMC1;ITGA8;ITGB1;MATN3;ITGA9;HAPLN1;COL4A1;ITGA2;LAMA4;ITGAV;LRP4;HSPG2;LAMB1;COL6A3;ACAN;APP;COL2A1;LAMA5;COL4A5;VCAN;TGFB2;COL5A2;COL9A1;COL4A2;COL4A3;COL5A3",2.2349785114061422,3.499647785537522e-5,TRUE,
"REACTOME_RHO_GTPASES_ACTIVATE_FORMINS",130,0.29394383263161505,1.434744646584077,0.006816842840886967,0.029906149237439596,"NUP98;CLIP1;DYNC1LI2;TAOK1;RANBP2;CKAP5;AHCTF1;CLASP1;XPO1;FMNL2;CENPF;PPP2R1B;PAFAH1B1;ITGB1;CLASP2;ZW10;CENPE;NUP133;KIF2A;KNTC1;CENPI;INCENP;NUP107;BUB1B;DIAPH2;MAPRE1;BUB1;SGO2;NUP160;TUBB2B;PPP2R5E;KNL1;DAAM1;CENPC;DIAPH3",1.4229408621836321,0.04391613149129488,TRUE,
"REACTOME_CYTOPROTECTION_BY_HMOX1",55,-0.4273304372104712,-1.5640006053732107,0.006886108081829559,0.0300886971607653,"BLVRB;COX6B1;COX5B;COX4I1;COX8A;COX7A1;STAP2;HMOX2;COX6A1;COX7B;NDUFA4;COX5A;COX7A2;COX7C;HBA2;HBB;HDAC3;HMOX1;RXRA;BLVRA;COX4I2",-1.404428481574985,0.16101928652633984,FALSE,
"REACTOME_INTRA_GOLGI_AND_RETROGRADE_GOLGI_TO_ER_TRAFFIC",189,0.2555381982198072,1.3340477499022685,0.006994625657137248,0.030440610859861307,"DYNC1LI2;KIF21A;KIF3A;MAN1A2;TMF1;GOLGA4;RAB3GAP1;GOSR1;TRIP11;IGF2R;ARCN1;KIF1B;GCC2;TGOLN2;COPB2;PAFAH1B1;BICD1;KIF20B;ZW10;KIF13B;CENPE;KIF2A;MAN2A1;NBAS;RAB3GAP2;RIC1;NAA30;VPS54;PAFAH1B2;RHOBTB3;KIF3B;USP6NL;RAB6A;TUBB2B;NAPB;KIF5B;NAA35;KIF4A;COG2;NSF;KIF16B;COG5;COPA;CYTH1;VTI1A;KIF18A;KIF5A;DYNC1H1;GOLGA5;KIF21B;KIF23;M6PR;RAB30;BICD2;VPS53;KIF1C;RACGAP1;COPB1;KIF3C;MAN1A1;NAPG;DYNC1I2;GALNT2;RAB1A;KIF11;KIF15",1.3205645821045429,0.046594931255492,TRUE,
"REACTOME_TRANSCRIPTIONAL_REGULATION_BY_NPAS4",30,0.4697167024728036,1.7282745025353934,0.007154040484455493,0.031010342817081975,"XPO1;REST;AGO3;TNRC6A;AGO2;TNRC6B;AGO4;MDM2;NAMPT;MAPK1;CDK5R1;ARNT;GEM;CREBBP;TNRC6C;AGO1;BDNF;IQSEC3;FOS",1.672693241906989,0.04063827622052468,TRUE,
"REACTOME_TRANSFERRIN_ENDOCYTOSIS_AND_RECYCLING",25,-0.5512287239891996,-1.7288107326414226,0.007265676947473183,0.031369271900201674,"ATP6V0B;ATP6V1F;ATP6V0E1;MCOLN1;ATP6V0D1;TCIRG1;ATP6V1E1;ATP6AP1",-1.6602811295137792,0.03857557260094869,TRUE,
"REACTOME_PROCESSING_OF_INTRONLESS_PRE_MRNAS",20,0.5343759381001616,1.7687065039113674,0.007300007987817522,0.031392919726266656,"CPSF6;PCF11;PAPOLA;NUDT21;NCBP2;WDR33;NCBP1;CPSF2;CSTF2;CSTF3",1.5751695867459852,0.06797172973852011,FALSE,
"REACTOME_TRANSCRIPTIONAL_REGULATION_BY_MECP2",46,0.41607316463706934,1.716423985228944,0.007388890278255212,0.03165004969583335,"NCOR1;CREB1;AGO3;TNRC6A;FKBP5;PTPN4;LBR;AGO2;TNRC6B;SIN3A;HDAC2;AGO4;GRIN2B;HIPK2;TBL1XR1;SGK1;CAMK4;SLC2A3;MECP2",1.7137726539890998,0.023559662811809143,TRUE,
"REACTOME_ESR_MEDIATED_SIGNALING",176,0.25692600653038833,1.3226373073061322,0.0075239619113624066,0.0321022374884796,"MED1;STRN;STAG1;PIK3CA;XPO1;NCOA1;CCNT1;NCOA3;CHD1;SP1;SMC1A;STAG2;SMC3;CREB1;KRAS;AGO3;TNRC6A;FKBP5;POU2F1;AGO2;NCOA2;TNRC6B;GTF2A1;ZNF217;FOXO3;NRIP1;POLR2A;AGO4;GREB1;CCND1;NRAS;DDX5;GNAI1;EP300;ZDHHC21;UHMK1;RAD21;EGFR",1.3650361989859343,0.032507640964350035,TRUE,
"REACTOME_TRANSCRIPTIONAL_ACTIVITY_OF_SMAD2_SMAD3_SMAD4_HETEROTRIMER",50,0.3808366318835569,1.606541814556388,0.007736683626415299,0.03288090541226502,"TRIM33;USP9X;CCNT1;SP1;NCOR1;SMURF2;CCNT2;RNF111;RBL1;CCNK;SKIL;EP300;SMAD2;PARP1;CDK8;NEDD4L;MYC;MAPK1;SMAD4;PPM1A;TFDP2",1.6305427719804049,0.06400404729902734,FALSE,
"REACTOME_MITOTIC_METAPHASE_AND_ANAPHASE",213,0.2524941005427303,1.3449113153426526,0.0077710867595173665,0.03289860853834589,"ANAPC1;NUP98;CLIP1;DYNC1LI2;STAG1;TAOK1;RANBP2;KPNB1;TNPO1;CKAP5;AHCTF1;CLASP1;NUP58;XPO1;WAPL;SMC1A;LEMD3;STAG2;SMC3;CENPF;PDS5A;PDS5B;CDC27;SPAST;PPP2R1B;LBR;PAFAH1B1;CLASP2;ZW10;CENPE;NUP133;NUP205;KIF2A;KNTC1;CENPI;INCENP;NUP107;POM121;BUB1B;MAPRE1;BUB1;SGO2;VRK2;ANKLE2;NUP160;RAD21;TUBB2B",1.3031316711922978,0.06294060936460183,FALSE,
"REACTOME_CO_INHIBITION_BY_PD_1",177,-0.3288010833337309,-1.4443087018074872,0.008110256336689593,0.03420139106324914,"PSMB4;UBA52;RBX1;OST4;PSMB3;H2AC20;PSMD8;PSMB1;MIB2;TMEM258;PSMB7;H2AJ;CSNK2B;PSMC3;JUND;DAD1;H2AX;HLA-DRB1;HLA-DPB1;PSMC4;PSMA6;HLA-DRA;PSMB6;NFKB2;HLA-DQB1;ADRM1;PSMD13;PTPN6;PSMA5;PSMC5;RPN1;PSMB5;PSMB2;SKP1;RNF5;PSMA7;CSK;HLA-DPA1;PDCD1;DPY30;IRF1;PSMC2;UBC;H2AC8;H3C8;PSMA1;UBB;PSMD3;CD3D;HLA-DQA1;OSTC;HLA-DRB5;DERL3;PRKAG1;HLA-DQB2;RELA;H2AZ2;DDOST;SEM1;PSMA3;CD247;PSMD2",-1.297513052492453,0.14776485288026023,FALSE,
"REACTOME_HIV_TRANSCRIPTION_ELONGATION",40,-0.4652647425238557,-1.599830619832161,0.008489170440582693,0.03566107119441687,"POLR2I;POLR2L;POLR2J;POLR2F;ELOB;NELFB;POLR2H;CDK9;NELFE;POLR2E;NELFA;POLR2G",-1.5984427804453336,0.06150530128025303,FALSE,
"REACTOME_TGFBR3_EXPRESSION",21,0.5144355038231714,1.7359987035308244,0.008870182185280677,0.037005216892459385,"SP1;AGO3;TNRC6A;AGO2;TNRC6B;AGO4;TCF4;TCF12;EP300",1.70774738797389,0.05342124846688776,FALSE,
"REACTOME_SIGNALING_BY_FLT3_ITD_AND_TKD_MUTANTS",15,0.577640484979976,1.7620693226525703,0.008877170596444762,0.037005216892459385,"PTPN11;SOS1;PIK3CA;KRAS;NRAS;STAT5B",1.8166526749941785,0.04192944555355659,TRUE,
"REACTOME_SIGNALING_BY_ERBB2_IN_CANCER",22,0.5011393074090631,1.709551311076334,0.008931058857777832,0.037010682625042056,"SOS1;PIK3CA;KRAS;ERBIN;GAB1;NRG1;PTPN12;NRAS;EGFR",1.747701625327195,0.06150530128025303,FALSE,
"REACTOME_TRANSPORT_OF_MATURE_TRANSCRIPT_TO_CYTOPLASM",79,0.32624228922470383,1.4897044910728552,0.008949456050052429,0.037010682625042056,"NUP153;NUP98;RANBP2;THOC2;NUP58;TPR;SRSF11;CDC40;SRSF1;NUP133;NUP205;NUP107;NUP50;POM121;SRRM1;NCBP2;WDR33;NUP160;DDX39B;NCBP1;CPSF2;FYTTD1;UPF3B;NDC1;NUP155;THOC1;SLU7;U2AF1",1.4760347986543598,0.06522595978136461,FALSE,
"REACTOME_SIGNALING_BY_FGFR2_IIIA_TM",19,-0.568437858371764,-1.667361179117463,0.008991657626760182,0.037010682625042056,"POLR2I;POLR2L;POLR2J;POLR2F;POLR2H;POLR2E;POLR2G",-1.7624400321427776,0.030219644634205418,TRUE,
"REACTOME_SIGNALING_BY_ERYTHROPOIETIN",24,0.492462219550888,1.7115174067725263,0.009042335508573189,0.037010682625042056,"SOS1;PIK3CA;KRAS;PIK3CB;GAB1;NRAS;STAT5B",1.8632242231049079,0.01948579603242337,TRUE,
"REACTOME_RHOH_GTPASE_CYCLE",36,0.43240232106423343,1.672490494557115,0.009066454366801209,0.037010682625042056,"ROCK2;ROCK1;MTR;PAK2;SLC4A7;OSBPL11;RALGAPA1;UACA;FAM91A1;WDR11",1.5840845499758627,0.07530299845994382,FALSE,
"REACTOME_BETA_CATENIN_INDEPENDENT_WNT_SIGNALING",126,-0.3504762709293819,-1.4700054302222465,0.009082584798608666,0.037010682625042056,"PSMB4;UBA52;PSMB3;AP2S1;AP2M1;GNB2;PSMD8;CLTB;PSMB1;CLTA;PARD6A;PSMB7;PSMC3;RAC3;PFN1;PSMC4;PSMA6;GNG5;PSMB6;DVL1;ADRM1;PSMD13;WNT4;PSMA5;PSMC5;PSMB5;PSMB2;RAC2;PSMA7;PDE6G;PSMC2;UBC;PSMA1;UBB;PSMD3;GNGT2;PLCB3;SCRIB;SEM1;RAC1;PSMA3;PSMD2;DVL3",-1.4909660689487423,0.05230805810353784,FALSE,
"REACTOME_SIGNALING_BY_FGFR3",33,0.4454741219360384,1.684090597210211,0.009204870849231495,0.03736902792523831,"PTPN11;CBL;SOS1;PIK3CA;FRS2;BRAF;KRAS;GAB1;GALNT3;NRAS",1.5325855445865995,0.11435464437565013,FALSE,
"REACTOME_POST_CHAPERONIN_TUBULIN_FOLDING_PATHWAY",17,-0.6078090153624857,-1.736002019508559,0.009343511874698842,0.03779085843744364,"TBCB;ARL2;TUBB4B;TUBA4A;TUBA1A;TBCC;TUBB6",-1.7499461298730181,0.025803734118938028,TRUE,
"REACTOME_NONHOMOLOGOUS_END_JOINING_NHEJ",49,0.3821784152870803,1.6115175011079157,0.009459334056029261,0.03803500290652792,"RIF1;ATM;BRCA1;MRE11;MDC1;LIG4;TP53BP1;PRKDC;HERC2;RAD50;NBN;BRCC3;RNF168;NHEJ1;XRCC5;XRCC4;BARD1;UBE2V2;RNF8;NSD2",1.3965212978651282,0.16513081739636684,FALSE,
"REACTOME_AUTOPHAGY",146,-0.3359088605709636,-1.4365844450961034,0.009505156959956998,0.03803500290652792,"UBA52;VPS28;LAMTOR4;LAMTOR2;LAMTOR1;LAMTOR5;MLST8;CSNK2B;ATG4D;DYNLL1;TUBB4B;TOMM5;ATG4B;MVB12A;MAP1LC3A;CHMP2A;RRAGA;GABARAPL2;HSF1;TUBA4A;TUBA1A;HBB;MTMR14;TUBB6;WDR45;ATG101;VDAC3;UBAP1;TOMM7;UBE2D2;WIPI2;UBE2L3;TOMM22;CHMP6;PARK7;UBC;DYNC1I1;ATG7;UBB;EEF1A1;TOMM40;PRKAG1;RRAGC;PGAM5;GABARAP;TUBA1B",-1.393543794956484,0.09563818039577832,FALSE,
"REACTOME_INSULIN_RECEPTOR_RECYCLING",24,-0.5398426187676642,-1.6821349636575071,0.00950875072663198,0.03803500290652792,"ATP6V0B;ATP6V1F;ATP6V0E1;CTSD;ATP6V0D1;TCIRG1;ATP6V1E1;ATP6AP1",-1.6249603540698847,0.06294060936460183,FALSE,
"REACTOME_REGULATION_OF_TP53_ACTIVITY_THROUGH_PHOSPHORYLATION",89,0.31206618917803314,1.4502074013585777,0.009598509233085193,0.03825339943442011,"TAF1;ATM;ATR;TOPBP1;BRCA1;HIPK1;DYRK2;MRE11;WRN;TAF2;TAF15;TAF3;PRKAA2;TAF4B;PRKAA1;RAD50;NBN;BRIP1;RAD17;TAF8;SUPT16H;TPX2;HIPK2;MDM2;DNA2;BARD1;SSRP1;CHEK1;BLM;MAPK14;CDK5R1;RAD9B;RFC3;CSNK2A1;TAF4",1.3724753863683605,0.08825146515066105,FALSE,
"REACTOME_CONSTITUTIVE_SIGNALING_BY_EGFRVIII",15,0.5718406678765321,1.7443772112775713,0.009882120729304616,0.039239953844830006,"CBL;SOS1;PIK3CA;KRAS;GAB1;NRAS;EGFR",1.8201060912197151,0.04142633174605751,TRUE,
"REACTOME_HIV_INFECTION",214,-0.31199589991856286,-1.3969841807651007,0.010131517297721231,0.04008396661789345,"PSMB4;UBA52;POLR2I;VPS28;RBX1;PSMB3;POLR2L;AP2S1;POLR2J;AP2M1;PSMD8;POLR2F;ELOB;PSMB1;NELFB;AP1S1;PSMB7;SEC13;POLR2H;ARF1;CDK9;HLA-A;PSMC3;MVB12A;NELFE;POLR2E;PPIA;CHMP2A;PSMC4;PSMA6;PSMB6;NELFA;POLR2G;BANF1;AP1M2;VPS4A;ADRM1;PSMD13;PSMA5;PSMC5;PSMB5;PSMB2;SKP1;UBAP1;PSMA7;CHMP6;AP1B1;PSMC2;APOBEC3G;GTF2F1;AP1M1;UBC;RANGAP1;RANBP1;SLC25A5;HMGA1;SLC25A6;PSMA1;UBB;PSMD3;POLR2C;ELOC;SLC25A4;PACS1;TAF10;AAAS;HCK;SEM1;RAC1;PSMA3;CD247;TAF9;PSMD2;ERCC2;VPS37D",-1.4072647606265503,0.04580006021573586,TRUE,
"REACTOME_ORGANELLE_BIOGENESIS_AND_MAINTENANCE",279,0.23345806965548394,1.2873687450610587,0.01031662880952082,0.04066844979985019,"MED1;ALMS1;CEP290;NEDD1;KIF3A;WDR35;C2CD3;TNPO1;CKAP5;CHD9;CLASP1;AKAP9;NCOA1;EXOC2;TRAF3IP1;NCOR1;TRIP11;RPGRIP1L;TTBK2;CCP110;CREB1;ASAP1;CEP135;CPAP;ARL13B;DYNC2H1;TTC21B;CEP63;AHI1;CEP83;PAFAH1B1;GABPA;NCOA2;CEP192;APOOL;CEP162;CEP152;PCNT;EXOC8;YWHAG;PCM1;EXOC5;PRKAA2;HAUS6;IFT81;IFT56;DNAJC11;MAPRE1;POLG2;CNTRL;KIF3B;HAUS3;IMMT;NCOA6;TUBB2B;PLK4;CEP97;TFAM;IFT80;RAB3IP;BBS10;DYNC2I1;CEP164;WDR19;CEP43;ATF2;DYNC1H1;TBL1XR1;TGS1;TMEM67;BBS7;IFT88",1.3345122407217989,0.032507640964350035,TRUE,
"REACTOME_SNRNP_ASSEMBLY",54,0.36347365575700075,1.5476164974276303,0.01053249010124144,0.04131000793488099,"NUP153;NUP98;RANBP2;NUP58;TPR;NUP133;NUP205;NUP107;NUP50;POM121;NCBP2;NUP160;NCBP1;GEMIN5;PHAX;DDX20;NDC1;TGS1",1.301694545024744,0.19221635315118754,FALSE,
"REACTOME_INTERACTIONS_OF_VPR_WITH_HOST_CELLULAR_PROTEINS",37,0.4338573466050677,1.6842080068092145,0.01055531452747878,0.04131000793488099,"NUP153;NUP98;RANBP2;NUP58;TPR;KPNA1;NUP133;NUP205;NUP107;NUP50;POM121;NUP160",1.5882372890979013,0.052769630109943406,FALSE,
"REACTOME_RRNA_PROCESSING_IN_THE_MITOCHONDRION",18,-0.5621562989632864,-1.6389720966718637,0.010639944441707192,0.04149196972249973,"HSD17B10;TRUB2;RPUSD3;RCC1L;MRM3;MT-RNR1",-1.6443652246709428,0.09382068881534325,FALSE,
"REACTOME_SYNTHESIS_OF_SUBSTRATES_IN_N_GLYCAN_BIOSYTHESIS",60,-0.42099679240406374,-1.5760431570620062,0.0109243497914222,0.042448902046669124,"DPM3;NUDT14;AMDHD2;FUOM;GFUS;DPM2;PMM1;NAGK;GMPPA;ST6GALNAC4;MVD;GMPPB;DOLPP1;DOLK;FCSK;DHRSX;NANS;RENBP",-1.5780759218324996,0.04952690468806879,TRUE,
"REACTOME_DOWNSTREAM_SIGNAL_TRANSDUCTION",28,0.4676678994559927,1.7030514071389344,0.01159308349442216,0.04488709908160608,"PTPN11;SOS1;PIK3CA;KRAS;PIK3CB;RASA1;STAT3;NRAS;STAT5B;PDGFRA;CRK;PIK3R1",1.8161637990218942,0.03206881829358044,TRUE,
"REACTOME_INTERCONVERSION_OF_NUCLEOTIDE_DI_AND_TRIPHOSPHATES",29,-0.4992843476358563,-1.610618227704052,0.011792749116758428,0.0454982660958623,"NME3;GUK1;NME4;DCTPP1;DTYMK;NME1;AK2;TXN;DUT;NME2",-1.4730507558608867,0.13254579251207446,FALSE,
"REACTOME_RESOLUTION_OF_ABASIC_SITES_AP_SITES",38,-0.4535064960088942,-1.543142921665666,0.011941811538747396,0.045910568742604824,"ADPRS;MPG;POLD2;NTHL1;RFC2;OGG1;POLE4;PNKP;POLB;POLD4;SMUG1;POLE3;RPA3;POLD1;APEX1;PCNA;XRCC1",-1.3957109401086556,0.16759637381437756,FALSE,
"REACTOME_ADHERENS_JUNCTIONS_INTERACTIONS",194,-0.3173469411377381,-1.4055470467401086,0.01203490164022266,0.04608348668275149,"PSMB4;UBA52;OST4;PSMB3;H2AC20;PSMD8;PSMB1;TMEM258;ACTB;PSMB7;H2AJ;MCRIP1;RACK1;ACTG2;CTBP1;CSNK2B;PSMC3;DAD1;H2AX;PSMC4;PSMA6;PSMB6;ADRM1;PSMD13;PRKCSH;PSMA5;PSMC5;ACTA1;CTSB;RPN1;PSMB5;ANGPTL4;PSMB2;MAPK3;CDH24;PSMA7;POMT1;MOGS;ADAM33;PSMC2;DNTTIP1;ACTA2;BANP;ANG;UBC;H2AC8;H3C8;PSMA1;UBB;PSMD3;SPCS1;OSTC;DNM2;H2AZ2;DDOST;FOXA2;SEM1;PSMA3;TWIST2;TFAP2A;TCF3;PSMD2;CTSL;H2BC12;PRDM8;H2BC8;RPS27A;H4C5;PIP5K1C",-1.2180199383339552,0.23530013650496134,FALSE,
"REACTOME_AFLATOXIN_ACTIVATION_AND_DETOXIFICATION",16,-0.6185364976043388,-1.7471847437402155,0.012071501566713395,0.04608348668275149,"AKR7A2;AKR7A3;MGST3;ACY1;MGST2;DPEP1;DPEP2;AKR7L;GGT5;CYP3A4;ACY3;GGT7",-1.9246769613629862,0.005960166571037484,TRUE,
"REACTOME_FIBRONECTIN_MATRIX_FORMATION",19,0.5240467583513073,1.7044374619541391,0.01218139137050167,0.046084580746284014,"ITGB1;COL4A1;CEACAM1;COL2A1;COL4A5;COL5A2;CEACAM6;COL4A2;COL4A3;COL5A3;FN1;COL4A6;COL3A1;COL5A1",2.1564005950070824,0.002345069060497172,TRUE,
"REACTOME_FRS_MEDIATED_FGFR2_SIGNALING",15,0.5641743449400272,1.7209913981027358,0.01221397928699054,0.046084580746284014,"PTPN11;SOS1;FRS2;KRAS;NRAS;FGF7",1.8785095183789735,0.026943554718837064,TRUE,
"REACTOME_FCERI_MEDIATED_NF_KB_ACTIVATION",112,-0.35065668973375663,-1.4494861219785469,0.012221325572705463,0.046084580746284014,"PSMB4;UBA52;PSMB3;PSMD8;PSMB1;PSMB7;CDC34;PSMC3;PSMC4;PSMA6;TAB1;PSMB6;ADRM1;PSMD13;PSMA5;PSMC5;PSMB5;PSMB2;SKP1;PSMA7;UBE2D2;PSMC2;UBC;IGLV3-25;IGLV3-27;IGHV1-2;PSMA1;UBB;PSMD3;RELA;SEM1;PSMA3;PSMD2;IGLC3;RASGRP4;RPS27A;RASGRP2;FCER1G",-1.3035110186882923,0.17500965126753312,FALSE,
"REACTOME_FORMATION_OF_TC_NER_PRE_INCISION_COMPLEX",50,-0.4298999857998094,-1.541564869752463,0.012241216760731692,0.046084580746284014,"UBA52;POLR2I;RBX1;POLR2L;POLR2J;POLR2F;XAB2;PPIE;POLR2H;GPS1;COPS6;POLR2E;POLR2G;UBC;UBB;POLR2C;ISY1;COPS4;COPS7A",-1.5762032834877933,0.0559326850508689,FALSE,
"REACTOME_ROS_AND_RNS_PRODUCTION_IN_PHAGOCYTES",28,-0.519676073617587,-1.6695322703496966,0.01233368333008551,0.04611591610521974,"ATP6V0B;ATP6V1F;ATP6V0E1;CYBA;ATP6V0D1;TCIRG1;NCF4;ATP6V1E1;RAC2;SLC11A1;ATP6V0E2;NCF1;ATP6V0D2",-1.600458885348933,0.07691824965611939,FALSE,
"REACTOME_REGULATION_OF_HSF1_MEDIATED_HEAT_SHOCK_RESPONSE",78,0.32446283596495623,1.4886354789431042,0.012343563399072333,0.04611591610521974,"NUP153;NUP98;RANBP2;ATM;ATR;NUP58;TPR;SIRT1;DNAJC7;GSK3B;NUP133;NUP205;NUP107;TNFRSF21;NUP50;POM121;HSPH1;NUP160;DNAJC2;BAG5;HSPA12A;NDC1;HSPA13;ST13;NUP155;MAPK1",1.5846097901374878,0.026943554718837064,TRUE,
"REACTOME_GAB1_SIGNALOSOME",16,0.5594796432540725,1.7287903956474031,0.01237669807235677,0.04611591610521974,"PTPN11;PIK3CA;PAG1;GAB1;EGFR;PIK3R1;TGFA;GRB2;EREG",1.8354204066007223,0.026262024679419283,TRUE,
"REACTOME_INHIBITION_OF_DNA_RECOMBINATION_AT_TELOMERE",42,-0.4619603975993114,-1.595023034995877,0.012439251599929226,0.046190804575846414,"POLR2I;H2AC20;POLR2L;POLR2J;POLR2F;H2AJ;POLR2H;H2AX;ACD;POLR2E;POLR2G;H2AC8;POLR2C;TINF2;H2AZ2;H2BC12;H2BC8;H4C5;H2BC4;DAXX",-1.5475401813947203,0.06344121388627513,FALSE,
"REACTOME_AMYLOID_FIBER_FORMATION",64,-0.40629121336336693,-1.5349249664184488,0.012546685497627129,0.04636699006974167,"UBA52;H2AC20;PSENEN;APH1A;CST3;H2AX;APOE;TSPAN15;UBE2L6;GGA1;H2AZ1;UBC;H2AC8;H3C8;UBB;MFGE8;SIAH2;H2BC12;ODAM;TSPAN33;H2BC8;RPS27A;H4C5;B2M;H2BC4",-1.4243336370554023,0.14050959860383946,FALSE,
"REACTOME_MTORC1_MEDIATED_SIGNALLING",24,-0.5293658427945773,-1.6494896137757837,0.012571932050159735,0.04636699006974167,"LAMTOR4;RPS6;LAMTOR2;LAMTOR1;LAMTOR5;EIF4EBP1;MLST8;RRAGA",-1.7962195244976815,0.01650763354845066,TRUE,
"REACTOME_GENE_AND_PROTEIN_EXPRESSION_BY_JAK_STAT_SIGNALING_AFTER_INTERLEUKIN_12_STIMULATION",32,-0.48210477186191913,-1.5761439648463187,0.012726551345958943,0.04672151901490469,"GSTO1;BOLA2B;AIP;RPLP0;ARF1;PSME2;PPIA;SOD1;TALDO1;CFL1;ANXA2",-1.3738055062479864,0.20328849028400597,FALSE,
"REACTOME_EGR2_AND_SOX10_MEDIATED_INITIATION_OF_SCHWANN_CELL_MYELINATION",25,0.4986101424741238,1.764330875726613,0.012753944069326005,0.04672151901490469,"LAMC1;YAP1;TEAD1;UTRN;HDAC2;NAB1;ADGRG6;LAMB1;MBP",1.7927207530682305,0.032507640964350035,TRUE,
"REACTOME_MITOPHAGY",38,-0.45013415205377394,-1.5316678738999472,0.01304832627248679,0.04763952679350882,"UBA52;CSNK2B;TOMM5;MAP1LC3A;VDAC3;TOMM7;UBE2D2;UBE2L3;TOMM22;UBC;UBB;TOMM40;PGAM5;RPS27A;ULK1;SQSTM1",-1.4192454444663731,0.15135528470074586,FALSE,
"REACTOME_TELOMERE_MAINTENANCE",85,-0.3698793793035232,-1.46516997010073,0.013143866226536892,0.04782784767381986,"POLR2I;H2AC20;POLR2L;POLR2J;POLR2F;NOP10;H2AJ;POLR2H;POLD2;H2AX;ACD;POLR2E;RFC2;RUVBL2;POLR2G;NHP2;POLA2;POLD4;RPA3;H2AC8;CHTF18;POLR2C;POLD1;TINF2;WRAP53;STN1;H2AZ2;PCNA;H2BC12;RPA2;PIF1;H2BC8;H4C5",-1.4738349094027066,0.08358044043351999,FALSE,
"REACTOME_CA2_PATHWAY",56,0.3586414650705285,1.550437849675359,0.013548112438893591,0.04913448777838742,"KRAS;AGO3;TNRC6A;ITPR2;AGO2;TNRC6B;ITPR1;AGO4;PRKCA;MAP3K7;ITPR3;FZD4;GNAT2;NLK;FZD6;MYC;FZD3;GNG12;PLCB1",1.7417190578379873,0.019088173678171748,TRUE,
"REACTOME_GLUCONEOGENESIS",19,-0.5524185346127707,-1.620372756094465,0.01378324999820414,0.04982118271776115,"FBP1;TPI1;G6PC3;ALDOA;PCK2;GPI;GAPDH;SLC37A4;ENO1;ENO3;PGAM1;ALDOC;SLC37A1;SLC37A2",-1.7401378253874296,0.03453533480674619,TRUE,
"REACTOME_AURKA_ACTIVATION_BY_TPX2",71,0.33154839507630207,1.5042839348878658,0.014362314794915492,0.05174237912870217,"ALMS1;CEP290;NEDD1;CKAP5;CLASP1;AKAP9;CCP110;CEP135;CPAP;CEP63;PAFAH1B1;CEP192;CEP152;PCNT;YWHAG;PCM1;HAUS6;MAPRE1;CNTRL;HAUS3;PLK4;CEP164;CEP43;TPX2;DYNC1H1",1.5022357945374765,0.06320303706360345,,
"REACTOME_ASPARAGINE_N_LINKED_GLYCOSYLATION",289,-0.29160957835839224,-1.3432266671964364,0.014432563181061992,0.051823857231008075,"DPM3;COPE;UBA52;DCTN3;ARF5;OST4;TRAPPC2L;NUDT14;AMDHD2;FUOM;GFUS;LMAN2;MAN1B1;MGAT1;ACTR1A;DPM2;TMEM258;B4GALT2;SEC13;TMEM115;PMM1;ARF1;DCTN2;DYNLL1;TUBB4B;TRAPPC3;STX5;DAD1;NAGK;TRAPPC1;TRAPPC4;GMPPA;ALG3;EDEM2;ST6GALNAC4;TMED3;TRAPPC6A;MVD;TUBA4A;TUBA1A;TMED9;TRAPPC5;MPDU1;CTSZ;B4GALT3;GMPPB;MGAT4B;UBXN1;PRKCSH;COG4;DOLPP1;TUBB6;RPN1;SAR1B;RAB1B;RNF5;KDELR1;DOLK;FCSK;MOGS;CAPZB;AMFR;ALG14;F8;UBC;DYNC1I1;BET1L;DHRSX;PREB;NANS;FUT3;RENBP;UBB;COPZ2",-1.2720761886522594,0.15155355504086004,,
"REACTOME_GASTRULATION",93,-0.36739702335091595,-1.4838559304891645,0.014522705694330652,0.051890971458684744,"PSMB4;PSMB3;PSMD8;LFNG;PSMB1;PSMB7;PSMC3;PSMC4;PSMA6;PSMB6;ADRM1;PSMD13;PSMA5;PSMC5;PSMB5;PSMB2;PSMA7;TBX6;CLDN7;PSMC2;MESP2;PSMA1;PSMD3;IHH;KAT2A;FOXA2;SOX17;SEM1;PSMA3;TFAP2A;PSMD2",-1.3098060207349693,0.19244910978368032,,
"REACTOME_VEGFR2_MEDIATED_CELL_PROLIFERATION",19,0.5151211482461524,1.6754073344100167,0.014546641815164381,0.051890971458684744,"KDR;KRAS;ITPR2;RASA1;ITPR1;NRAS;PRKCA;ITPR3",1.4404737497476834,0.1679538425856047,,
"REACTOME_HDR_THROUGH_SINGLE_STRAND_ANNEALING_SSA",37,0.4217954991755328,1.6373846438381918,0.014820504698108744,0.052695127815497754,"ATM;ATR;TOPBP1;BRCA1;MRE11;ERCC4;WRN;RAD50;NBN;BRIP1;RAD17;DNA2;BARD1;BLM;RAD9B;RFC3",1.5009010292696614,0.0924281893887848,,
"REACTOME_MRNA_POLYADENYLATION",126,0.27868911705357297,1.3614577687206117,0.015073936869834876,0.053421639460522294,"PRPF40A;DDX46;U2SURP;HNRNPA3;SF3B1;HNRNPU;CCAR1;CPSF6;DDX42;RBBP6;RBM25;SRSF11;HNRNPR;CDC40;PCF11;DHX9;DHX15;TCERG1;PAPOLA;SRSF1;SF3B3;PAPOLG;NUDT21;HNRNPA2B1;POLR2A;SRSF10;HTATSF1;DDX5;NCBP2;WDR33;HNRNPH2;HNRNPH1;NCBP1;POLR2B;CPSF2;SRRM2;HNRNPD;RBM39;XRN2",1.2458319266064233,0.18197138444378502,,
"REACTOME_SARS_COV_INFECTIONS",435,-0.2699756653306,-1.2824361867908876,0.01532310552358202,0.05412837275862739,"FAU;UBA52;RPS14;RBX1;OST4;RPS15;RPS8;RPS5;PYCARD;RPS16;HMG20B;RPS6;IL17RC;RPS9;AP2S1;RPS11;AP2M1;SNRPD2;MAN1B1;MGAT1;RPS2;RPS28;KEAP1;CRB3;PARP10;TMEM258;RPS21;RPS3;COMT;RPSA;SEC13;RPS19;RPS18;RPS15A;SFN;ISG15;HLA-C;HLA-F;SNRPB;HLA-A;RPS29;DAD1;PPIA;CHMP2A;SIGMAR1;EDEM2;ST6GALNAC4;TAB1;BST2;RPS10;RPS3A;MBD3;HLA-E;IRF7;HLA-B;VPS16;TUFM;BRMS1;FNTB;FXYD6;PTPN6;SDC1;PPIH;MGAT4B;PRKCSH;UBE2I;RPS26;IRF3;RPN1;PRMT1;RPS12;SAR1B;AKT2;CHD4;ATP1A2;RNF135;VPS33B;MOGS;RPS7;SAP30;HLA-G;CHMP6;RPS4X;PDCD1;RPS23;GEMIN8;IGHD;RPS13;UBC;IGLV3-25;GEMIN7;IGLV3-27;GSK3A;IFNAR2;IGHV1-2;FNTA;CD79B;TKFC;UBB;ISCU;PARP16;RPS27;EEF1A1;IMPDH2;ZDHHC8;OSTC;GEMIN6;TUBB;SNRPG;PPIB;RELA;TYK2;DDOST;AKT1",-1.258562286756632,0.10550550550550551,,
"REACTOME_SIGNALING_BY_FGFR1",43,0.38695576899050516,1.5778149792197584,0.01580753376264669,0.055565724996071875,"PTPN11;CBL;SOS1;PIK3CA;FRS2;BRAF;KRAS;SPRED2;GAB1;NRAS;KL;FLRT2",1.5295025212664728,0.0758612119400027,,
"REACTOME_INTERFERON_GAMMA_SIGNALING",88,-0.36150712453718775,-1.4469082945951777,0.015832145908807244,0.055565724996071875,"HLA-C;HLA-F;HLA-A;HLA-DRB1;HLA-DPB1;HLA-DRA;HLA-E;MT2A;IRF7;HLA-B;HLA-DQB1;PTPN6;IRF3;PML;TRIM8;MAPK3;HLA-G;HLA-DPA1;IRF1;IRF5;SOCS1;HLA-H;HLA-DQA1;HLA-DRB5;HLA-DQB2;OASL;TRIM3;FCGR1A;CIITA;B2M;YBX1;IRF9;IRF2;IFNGR2;CD44",-1.2989015656548715,0.20474332364743325,,
"REACTOME_RECOGNITION_AND_ASSOCIATION_OF_DNA_GLYCOSYLASE_WITH_SITE_CONTAINING_AN_AFFECTED_PURINE",30,-0.4961476407263601,-1.60942854564478,0.016009514611115414,0.056007562369432703,"H2AC20;MPG;H2AJ;H2AX;ACD;OGG1;H2AC8;TINF2;H2AZ2;H2BC12;H2BC8;H4C5;H2BC4;H4C9;H2AC6",-1.5455238820025994,0.07039240386330631,,
"REACTOME_BMAL1_CLOCK_NPAS2_ACTIVATES_CIRCADIAN_EXPRESSION",25,0.48965950647699363,1.7326590702379263,0.01629436389779238,0.056821371541019586,"MED1;CHD9;NCOA1;NCOA2;CLOCK;NCOA6;BHLHE40;TBL1XR1;TGS1;NAMPT;PPARA",1.710350818183566,0.05514800080189993,,
"REACTOME_SIGNALING_BY_FGFR_IN_DISEASE",53,0.3602294363901242,1.5287808243238659,0.016353930485159977,0.05684688935416631,"SOS1;PIK3CA;FRS2;CPSF6;KRAS;ZMYM2;MYO18A;GAB1;STAT3;POLR2A;LRRFIP1;NRAS;CNTRL;NCBP2;FGFR1OP2;STAT5B;NCBP1;POLR2B;FGF7;CEP43",1.4940565464002518,0.07439395068305317,,
"REACTOME_P75_NTR_RECEPTOR_MEDIATED_SIGNALLING",92,0.30314993261590556,1.4165569531412725,0.016628884043753484,0.05761855362931143,"ARHGEF12;ADAM17;SOS1;ITSN1;TRAF6;PRDM4;FGD4;SOS2;AKAP13;PRKCI;ARHGEF38;TRIO;ECT2;ARHGEF10;GNA13;HDAC2",1.2178885927565493,0.22995217843597815,,
"REACTOME_FRS_MEDIATED_FGFR4_SIGNALING",15,0.5496585764452877,1.676711623702585,0.017275511493986265,0.059669068271292244,"PTPN11;SOS1;FRS2;KRAS;NRAS",1.5718011825537248,0.12358548433375885,,
"REACTOME_SIGNALING_BY_RECEPTOR_TYROSINE_KINASES",476,0.20869849149599948,1.1929564453850203,0.017709436318415914,0.060974261754545934,"ROCK2;PTPN11;CBL;KIDINS220;ADAM17;SOS1;PIK3R4;PIK3CA;KDR;FLT1;DOCK7;ABI2;LAMC1;ROCK1;REST;NCKAP1;CUL5;FRS2;NCOR1;USP8;BRAF;CREB1;PAK2;FAM83B;YAP1;CLTC;PAG1;KRAS;MEF2A;RICTOR;ITPR2;PIK3CB;PPP2R1B;NEDD4;YES1;PDE3B;RANBP9;IDE;SPRED2;ERBIN;ITGB1;KITLG;ADAM10;PIK3C3;SIN3A;GAB1;RPS6KA3;NRG1;PTPN12;MTOR;ITCH;RASA1;PTPN3;STAT3;POLR2A;HDAC2;ITPR1;GALNT3;WWP1;PRDM1;HGF;NRAS;KL;HIF1A;NAB1;COL4A1;PRKCA;TCF12;EP300;EGR3;RBFOX2;NCBP2;EGR1;FLRT2;ITPR3;EGFR;ITGA2;HNRNPH1;STAT5B;NCBP1;GRIN2B;ATP6V1C1;POLR2B;LAMA4;ITGAV;ATP6V1E2;FER;TEC;GABRB2;AP2B1;DNMT1;LAMB1;STAM2;FGF7;TNS3;DUSP6",1.2335018705031333,0.01570500938475051,,
"REACTOME_NETRIN_1_SIGNALING",36,0.40269932494791627,1.557602168929863,0.01814142705138002,0.06226458243502039,"PTPN11;TRIO;UNC5C;ABLIM1;PRKCQ;ROBO1;WASL;NEO1;SLIT2;PITPNA;FYN;PTK2;DOCK1;TRPC6;TRPC4;MYO10;NTN4",1.9668598008926832,0.005788452862358574,,
"REACTOME_ESTROGEN_DEPENDENT_GENE_EXPRESSION",113,0.27055427912529634,1.2928245675951586,0.018247232519050374,0.06241601901364417,"MED1;STAG1;NCOA1;CCNT1;NCOA3;CHD1;SP1;SMC1A;STAG2;SMC3;AGO3;TNRC6A;POU2F1;AGO2;NCOA2;TNRC6B;GTF2A1;ZNF217;NRIP1;POLR2A;AGO4;GREB1;CCND1;DDX5;EP300;RAD21;POLR2B;NR5A2",1.2085111761481688,0.18423053087608507,,
"REACTOME_CELL_JUNCTION_ORGANIZATION",244,-0.29696412119377386,-1.3490613498274158,0.018300284986537216,0.06241601901364417,"PSMB4;UBA52;OST4;PSMB3;H2AC20;PSMD8;CLDN3;PSMB1;CRB3;CD151;TESK1;TMEM258;PARD6A;ACTB;PSMB7;H2AJ;MCRIP1;RACK1;ACTG2;CTBP1;CSNK2B;PSMC3;DAD1;H2AX;PSMC4;PSMA6;PSMB6;CLDN15;ADRM1;PSMD13;PRKCSH;PSMA5;PSMC5;ACTA1;CTSB;RPN1;PSMB5;ANGPTL4;PSMB2;MAPK3;CDH24;VASP;PSMA7;POMT1;MOGS;CLDN7;ADAM33;CLDN5;PSMC2;DNTTIP1;ACTA2;BANP;ANG;UBC;H2AC8;CLDN4;H3C8;PSMA1;UBB;PSMD3;CLDN9;SPCS1;OSTC;DNM2;H2AZ2;DDOST;FOXA2;SEM1;PSMA3;TWIST2;TFAP2A;TCF3;PSMD2;CTSL;FLNC;H2BC12;PRDM8;FBLIM1;H2BC8;RPS27A;H4C5;PIP5K1C",-1.2295205235321327,0.20065495980022233,,
"REACTOME_INTERLEUKIN_1_FAMILY_SIGNALING",126,-0.33515252172344906,-1.4057329061955803,0.01854354078190778,0.06304803865848645,"PSMB4;UBA52;RBX1;PSMB3;SIGIRR;PSMD8;PSMB1;GSDMD;PSMB7;PSMC3;PELI3;NFKBIB;TNIP2;PSMC4;PSMA6;TAB1;PSMB6;NFKB2;TOLLIP;ADRM1;PSMD13;PTPN6;PSMA5;PSMC5;PSMB5;PSMB2;LRRC14;USP18;SKP1;TRAF2;PSMA7;PSMC2;UBC;PSMA1;UBB;PSMD3;AGER;RELA;IL18BP;SEM1;PSMA3;PSMD2;S100B;PTPN18;IL1R2;IL1RN;CASP1",-1.3132388617902568,0.14996460143724427,,
"REACTOME_NCAM_SIGNALING_FOR_NEURITE_OUT_GROWTH",54,0.3497460916457192,1.4891665813150905,0.018696928282132416,0.06337152015875411,"SPTBN1;SOS1;CREB1;KRAS;SPTAN1;NRAS;COL4A1;SPTB;CACNB4;COL6A3;FYN;MAPK1;SPTBN2;COL2A1;PTK2;COL4A5;ST8SIA4;RPS6KA5;GRB2;COL5A2;COL9A1;COL4A2;COL4A3;COL5A3",1.5725800904302223,0.03809838487088936,,
"REACTOME_BASE_EXCISION_REPAIR_AP_SITE_FORMATION",37,-0.45227185209803245,-1.5271141677665587,0.019201181355843682,0.06487852582347182,"H2AC20;MPG;H2AJ;NTHL1;H2AX;ACD;OGG1;SMUG1;H2AC8;TINF2;H2AZ2;H2BC12;H2BC8;H4C5;H2BC4;H4C9;H2AC6",-1.507243192026685,0.09563818039577832,,
"REACTOME_SIGNALING_BY_BMP",25,0.4812064297076545,1.702747876965707,0.019325817503217928,0.06497593557951123,"SMURF2;ZFYVE16;ACVR2B;BMPR2;SMAD5;INHBA;SMAD1;BMPR1A;GREM2;SMURF1;SMAD4",1.8839808354252512,0.015659633904087093,,
"REACTOME_INTERLEUKIN_RECEPTOR_SHC_SIGNALING",22,0.4717862976028141,1.6094185223359192,0.019349451404192683,0.06497593557951123,"SOS1;PIK3CA;JAK1;PIK3CB",1.788693571058174,0.04466173583001983,,
"REACTOME_RETROGRADE_TRANSPORT_AT_THE_TRANS_GOLGI_NETWORK",49,0.36068027359817423,1.5208670870939638,0.01949679477853825,0.06526926990476804,"TMF1;GOLGA4;IGF2R;GCC2;TGOLN2;RIC1;NAA30;VPS54;RHOBTB3;USP6NL;RAB6A;NAPB;NAA35;COG2;NSF;COG5;VTI1A",1.2234915253788423,0.27734292997450893,,
"REACTOME_TRANSLATION_OF_SARS_COV_1_STRUCTURAL_PROTEINS",29,-0.4842622275047923,-1.5621590668743242,0.02001030916418454,0.06678287230255454,"UBA52;MGAT1;PARP10;ST6GALNAC4;PRKCSH;UBE2I;MOGS;UBC;GSK3A;UBB;PARP16",-1.2448057745428747,0.3590193978099411,,
"REACTOME_RNA_POLYMERASE_III_CHAIN_ELONGATION",18,-0.5380366652818112,-1.5686510726812268,0.020178442566625862,0.06713805967122,"POLR2L;POLR2F;POLR2H;POLR2E;POLR3K;POLR1C",-1.6410066675250194,0.09563818039577832,,
"REACTOME_TRANSCRIPTION_COUPLED_NUCLEOTIDE_EXCISION_REPAIR_TC_NER",75,-0.37951021705421495,-1.466095585741492,0.02029052647462574,0.06721411644761935,"UBA52;POLR2I;RBX1;POLR2L;POLR2J;POLR2F;XAB2;PPIE;POLR2H;GPS1;POLD2;COPS6;POLR2E;RFC2;POLR2G;POLE4;POLD4;ERCC1;POLE3;RPA3;UBC;UBB;POLR2C;ISY1;POLD1;COPS4;COPS7A;PCNA;XRCC1",-1.4618951816788,0.09275500891484582,,
"REACTOME_VXPX_CARGO_TARGETING_TO_CILIUM",17,0.5004309262872719,1.5813537313422599,0.020324856903737837,0.06721411644761935,"EXOC2;ASAP1;EXOC8;EXOC5;RAB3IP;PKD2;EXOC6",1.5611834458719767,0.10881384442622359,,
"REACTOME_COMPLEMENT_CASCADE",86,-0.37534002795066157,-1.4908514387037832,0.020617722526033982,0.06797600638886354,"CFD;C8G;GZMM;C1QA;C1QC;C1QB;CD81;COLEC11;C4BPB;IGLV3-25;IGLV3-27;IGHV1-2;CFI;CD59;FCN3;IGLC3;C5AR1;IGLV3-19;C1R;IGLV1-40;C4B;MASP1;IGKV3-11;C2;C5AR2;IGLC2;IGLV2-8;IGLV3-1;IGLV6-57;CFB;CLU;SERPING1;C4A;IGKV2-30;C3AR1",-1.336472951844166,0.16759637381437756,,
"REACTOME_FGFR2_MUTANT_RECEPTOR_ACTIVATION",23,-0.5195811272465046,-1.594093021368061,0.02071403563326137,0.06808722286703435,"POLR2I;POLR2L;POLR2J;POLR2F;POLR2H;POLR2E;POLR2G",-1.6974109413183587,0.035883545082593796,,
"REACTOME_RHOF_GTPASE_CYCLE",40,0.3927009548069087,1.5612830017443051,0.020869413150439806,0.06839132984240515,"ARHGAP5;ARHGAP21;SOWAHC;SLC4A7;ARHGAP32;SENP1;FAM169A;DIAPH2;DIAPH3;AKAP12;ARHGAP12;PIK3R1;FARP1;TOR1AIP1;ESYT1;VANGL1;ADD3;TMPO",1.5116835158420274,0.13672072555617173,,
"REACTOME_NUCLEOTIDE_EXCISION_REPAIR",107,-0.34892240735063557,-1.4327991021440611,0.02128119130468817,0.06953133975826044,"UBA52;POLR2I;RBX1;POLR2L;POLR2J;POLR2F;ACTB;XAB2;PPIE;POLR2H;GPS1;POLD2;COPS6;MCRS1;POLR2E;RFC2;TFPT;POLR2G;INO80E;INO80C;POLE4;RAD23A;UBE2I;SUMO3;POLD4;INO80B;ERCC1;POLE3;RPA3;UBC;UBB;POLR2C;ISY1;POLD1;COPS4;COPS7A",-1.5067147672054362,0.04415987559433647,,
"REACTOME_SIGNALING_BY_FGFR4",34,0.4079303609434988,1.548300420297249,0.021346814129786763,0.0695369274646946,"PTPN11;CBL;SOS1;PIK3CA;FRS2;BRAF;KRAS;GAB1;NRAS",1.4969410321196095,0.11119531022231653,,
"REACTOME_MAPK6_MAPK4_SIGNALING",73,-0.37845622500788456,-1.4566420028685536,0.021636663473878697,0.07027071599874633,"PSMB4;UBA52;PSMB3;HSPB1;PSMD8;PSMB1;PSMB7;PSMC3;PSMC4;PSMA6;PSMB6;ADRM1;PSMD13;PRKACA;PSMA5;PSMC5;PSMB5;PSMB2;CDC42EP5;PSMA7;PSMC2;UBC;PSMA1;UBB;PSMD3;SEM1;RAC1;PSMA3;PSMD2",-1.3159522164671225,0.22060889969206912,,
"REACTOME_RAS_PROCESSING",23,-0.5164548555382772,-1.5845015107229459,0.021743291562578943,0.07040684886930325,"UBA52;ABHD17A;ARL2;HRAS;PDE6D;FNTB;RCE1;UBC;FNTA;UBB",-1.4858825899840424,0.13199344885456055,,
"REACTOME_REGULATION_OF_PLK1_ACTIVITY_AT_G2_M_TRANSITION",86,0.30551075958133256,1.4135425103964347,0.02195185911667369,0.0708712840324658,"ALMS1;CEP290;NEDD1;PPP1R12A;CKAP5;CLASP1;AKAP9;CCP110;CEP135;CPAP;CEP63;PAFAH1B1;CEP192;CEP152;PCNT;YWHAG;PCM1;HAUS6;MAPRE1;CNTRL;HAUS3;FBXW11;PLK4;BTRC;CEP164;BORA;CEP43;DYNC1H1",1.3797714403143009,0.11263672472850741,,
"REACTOME_ONCOGENIC_MAPK_SIGNALING",75,0.309170424045084,1.4082878725795074,0.02246197868899553,0.07230364737759508,"NF1;AKAP9;MPRIP;KDM7A;BRAF;KRAS;VCL;KSR1;DUSP16;SPRED2;AP3B1;NRAS;ZC3HAV1;BRAP;KIAA1549;SHOC2;FXR1;DUSP6;TRAK1;IQGAP1;YWHAB;RAF1;CLCN6;MAPK1",1.4349162263197597,0.07116078180663629,,
"REACTOME_TIE2_SIGNALING",16,0.5272188949712692,1.6291047815948083,0.02304995070903734,0.0738349202541987,"PTPN11;SOS1;PIK3CA;KRAS;PIK3CB;NRAS;ANGPT1;TEK;PIK3R1;ANGPT2;GRB2",2.068579214079694,0.004542540130660015,,
"REACTOME_G2_M_DNA_DAMAGE_CHECKPOINT",76,0.31478181230663593,1.4355475977489518,0.023073412579437094,0.0738349202541987,"ATM;ATR;TOPBP1;BRCA1;MRE11;MDC1;TP53BP1;WRN;YWHAG;HERC2;RAD50;NBN;BRIP1;RAD17;BRCC3;WEE1;RNF168;DNA2;YWHAB;BARD1;CHEK1;UBE2V2;BLM;RNF8;NSD2;RAD9B;RFC3;YWHAZ",1.2776809408824912,0.20394010470378415,,
"REACTOME_NEGATIVE_REGULATION_OF_THE_PI3K_AKT_NETWORK",101,0.2869161514281639,1.361838759508688,0.02510316924275311,0.08009456931412136,"PTPN11;STRN;TRAF6;PIK3CA;FRS2;PHLPP2;PIK3CB;PPP2R1B;KITLG;GAB1;NRG1;PIP4K2C;HGF;KL;IL1RAP;EGFR;PIP4K2B;PPP2R5E;FGF7;PDGFRA;PIK3R1;IRS1;FYN;MAPK1;IL1RL1;TGFA;GRB2;PPP2R5C;PHLPP1;PIP5K1A;EREG;PIP4K2A;IRS2;MET",1.517637568067298,0.019908210394169817,,
"REACTOME_IMMUNOREGULATORY_INTERACTIONS_BETWEEN_A_LYMPHOID_AND_A_NON_LYMPHOID_CELL",147,-0.32221397930464546,-1.3797056847664104,0.025750538245088456,0.08191984096683111,"HCST;TYROBP;NPDC1;HLA-C;HLA-F;HLA-A;HLA-E;TREM2;HLA-B;CD300A;MICA;CD81;LAIR2;ICAM5;CD300LF;HLA-G;OSCAR;FCGR2B;IGLV3-25;IGLV3-27;IGHV1-2;ITGB2;LILRA5;CD3D;LILRB3;PIANP;PILRA;LILRB4;CD247;CD33;CD300C;SIGLEC7;SIGLEC9;FCGR1A;SIGLEC1;CD300LB;IGLC3;IFITM1;B2M;LAIR1;TREM1;CD1A;ITGB7;IGLV3-19;IGLV1-40;IGKV3-11;CD8A;LILRA6;SIGLEC12;IGLC2;IGLV2-8;CD40;CD3E;IGLV3-1;KLRB1;IGLV6-57;LILRA2;LILRB1;IGKV2-30;ICAM3;LILRB2;LILRB5;CD1D;ICAM1;CD200R1;IGKV4-1;IGLV7-43;JAML",-1.3318241543474296,0.12602260993884196,,
"REACTOME_M_DECAY_DEGRADATION_OF_MATERNAL_MRNAS_BY_MATERNALLY_STORED_FACTORS",27,0.43632796225689946,1.57795388356806,0.026611636291713415,0.08441242065709678,"CNOT1;DICER1;CNOT6;AGO2;EIF4A1;CNOT6L;EIF4G1;EIF4B;CNOT2",1.4741387859240604,0.2020071726618002,,
"REACTOME_DAG_AND_IP3_SIGNALING",37,0.39757430943422645,1.543359448653732,0.027601214861777197,0.08729686560934183,"CREB1;ITPR2;PRKAR2A;ITPR1;PRKCA;ITPR3;PRKAR1A;PDE1C;ADCY6;ADCY1;CAMK4;KPNA2;NBEA;PRKAR2B;PRKCE",1.3120834081688264,0.21245352579123317,,
"REACTOME_MITOCHONDRIAL_CALCIUM_ION_TRANSPORT",22,-0.5020698955335451,-1.5252170055091632,0.027890253645787726,0.0879553506278755,"SMDT1;STOML2;PARL;PMPCA;PHB2;MCUB;VDAC3",-1.4479798449283587,0.15812804302012937,,
"REACTOME_PROTEIN_FOLDING",84,-0.3663479283759355,-1.4483181743885876,0.028523337629305263,0.08969188248752638,"FBXW5;GNB2;TBCB;ACTB;ARL2;FBXW4;PFDN1;CSNK2B;TUBB4B;SPHK1;FBXW9;FBXO6;GNG5;PFDN2;TUBA4A;TUBA1A;TBCC;HDAC3;TUBB6",-1.276764604404868,0.23475258918296893,,
"REACTOME_SIGNALING_BY_PDGF",54,0.34005944434684116,1.4479222849897229,0.028707711199336964,0.09001149793913146,"PTPN11;SOS1;PIK3CA;KRAS;PIK3CB;PTPN12;RASA1;STAT3;NRAS;COL4A1;STAT5B;PDGFRA;COL6A3;CRK;PIK3R1;COL2A1;COL4A5;GRB2;COL5A2;PDGFD;COL9A1;COL4A2;COL4A3;COL5A3",1.7431086868029741,0.011413632067199595,,
"REACTOME_G_PROTEIN_MEDIATED_EVENTS",49,0.34846583138296217,1.4693629031611801,0.028889271555326796,0.09032048118446999,"CREB1;ITPR2;PRKAR2A;ITPR1;PRKCA;GNAI1;ITPR3;PRKAR1A;PDE1C;GNAQ;ADCY6;ADCY1;CAMK4;MAPK1;KPNA2;PLCB1;NBEA;PRKAR2B",1.2787237558955806,0.23524324324324325,,
"REACTOME_VLDLR_INTERNALISATION_AND_DEGRADATION",16,-0.573836527801904,-1.6209203994582708,0.029405059754344882,0.0916696418702786,"UBA52;AP2S1;AP2M1;CLTA;NR1H2;NR1H3;UBC;UBB",-1.7794980498861304,0.022093945881297823,,
"REACTOME_SIGNALING_BY_NTRK2_TRKB",24,0.4480464049606533,1.5571534032221737,0.029563831242270668,0.09190128111882996,"PTPN11;SOS1;PIK3CA;FRS2;KRAS;GAB1;NRAS;GRIN2B",1.8032228741495997,0.030665886132931388,,
"REACTOME_RHOG_GTPASE_CYCLE",73,0.3057492763643,1.3821205685829743,0.029901464988934284,0.09268602252980199,"ITSN1;ARHGAP5;KTN1;ARHGAP21;OPHN1;LEMD3;PAK2;ARHGAP32;LBR;ERBIN;ITGB1;TRIO;DSG2;VRK2;ANKLE2;LMAN1;ARHGAP35;DIAPH3;DOCK5;DOCK4;PIK3R1;GARRE1;TFRC;DOCK1;ELMO2;IQGAP2;EPHA2;ESYT1;VANGL1;TMPO;DOCK3",1.3008505282729685,0.18611741351321245,,
"REACTOME_SHC1_EVENTS_IN_ERBB2_SIGNALING",18,0.4846758463452134,1.5455622383296472,0.030282235225266383,0.09354394425766292,"SOS1;KRAS;NRG1;PTPN12;NRAS;PRKCA;EGFR",1.5125062573420505,0.15040677700639227,,
"REACTOME_TRANSCRIPTIONAL_REGULATION_BY_SMALL_RNAS",42,-0.42706602869742943,-1.4745423130998396,0.030350195149774828,0.09354394425766292,"POLR2I;H2AC20;POLR2L;POLR2J;POLR2F;H2AJ;POLR2H;H2AX;POLR2E;POLR2G;H2AC8;H3C8;POLR2C;H2AZ2;H2BC12;H2BC8;H4C5;H2BC4;RAN;H4C9;H2AC6;H3C10",-1.557096753001853,0.0559326850508689,,
"REACTOME_METABOLISM_OF_COFACTORS",25,-0.50291555941328,-1.577286848250453,0.030719161878218913,0.09441369526413045,"COQ4;SPR;COQ6;COQ8B;GCHFR;COQ9;HPDL;AKT1;COQ2;COQ8A;PDSS1;CALM1",-1.6314051136326306,0.04744694794923254,,
"REACTOME_MATERNAL_TO_ZYGOTIC_TRANSITION_MZT",73,0.3028551991581706,1.3690380727510214,0.032459855680142466,0.09948259994364789,"KDM5A;CNOT1;TET3;DICER1;SRPK1;YAP1;CNOT6;TUT7;AGO2;TUT4;EIF4A1;KDM6A;EP300;CNOT6L;KDM5B;EIF4G1;EIF4B;CNOT2",1.009589042573748,0.6187825779662515,,
"REACTOME_INTERLEUKIN_3_INTERLEUKIN_5_AND_GM_CSF_SIGNALING",43,0.3614757836595955,1.4739201526087213,0.03275190849090459,0.10009572033175336,"PTPN11;CBL;SOS1;PIK3CA;JAK1;PIK3CB;YES1",1.7429590829043926,0.0235071081294692,,
"REACTOME_LYSOSOME_VESICLE_BIOGENESIS",32,-0.4527034928613146,-1.4800224345063573,0.033361445362920794,0.10167297634413956,"BLOC1S1;CLTB;CLTA;AP1S1;VAMP8;ARF1;DNASE2;CHMP2A;AP4M1;AP1M2;CTSZ",-1.6524261477231716,0.042467339074999395,,
"REACTOME_FORMATION_OF_WDR5_CONTAINING_HISTONE_MODIFYING_COMPLEXES",42,0.37150307306352653,1.5085149121561037,0.03349896000921055,0.10180689522352256,"BOD1L1;KMT2A;KMT2C;KMT2D;YEATS2;PHF20;PHF20L1;KANSL1;ZZZ3;KDM6A;OGT;WDR82;NCOA6;KANSL3;SETD1B;TASP1;KAT2B",1.458904854669731,0.1382653337388413,,
"REACTOME_NEF_MEDIATES_DOWN_MODULATION_OF_CELL_SURFACE_RECEPTORS_BY_RECRUITING_THEM_TO_CLATHRIN_ADAPTERS",21,-0.5143622166545235,-1.5397454650571023,0.03430143634364903,0.10395532797183885,"AP2S1;AP2M1;AP1S1;ARF1;HLA-A;AP1M2;AP1B1;AP1M1;PACS1;B2M;AP2A2",-1.7906060682407319,0.013515622704539593,,
"REACTOME_C_TYPE_LECTIN_RECEPTORS_CLRS",114,-0.33175141302433375,-1.3719737971985362,0.03461538461538462,0.10461538461538462,"PSMB4;UBA52;PYCARD;PSMB3;PSMD8;PSMB1;PSMB7;CDC34;UBE2M;PSMC3;RELB;PSMC4;PSMA6;TAB1;HRAS;PSMB6;NFKB2;ADRM1;PSMD13;PRKACA;PSMA5;PSMC5;PSMB5;PSMB2;SKP1;PSMA7;UBE2D2;PSMC2;UBC;PSMA1;UBB;PSMD3;RELA;CLEC10A;SEM1;PSMA3;PSMD2",-1.318262607774733,0.1700636736042091,,
"REACTOME_REGULATION_OF_LIPID_METABOLISM_BY_PPARALPHA",108,0.27738459887517347,1.318708602397147,0.03486328013993648,0.1048904193582582,"MED1;MED13L;MED13;CHD9;NCOA1;NCOA3;SP1;NCOR1;MTF1;MED14;CDK19;NCOA2;MED23;RORA;THRAP3;CLOCK;SIN3A;NFYA;TNFRSF21;TXNRD1;FAM120B;EP300;NCOA6;GRHL1;ACSL1;NFYB;TBL1XR1;TGS1;CDK8;PPARGC1B;MED12;PPARGC1A;HMGCS1;TIAM2;ABCB4",1.232391582817943,0.20474332364743325,,
"REACTOME_COOPERATION_OF_PREFOLDIN_AND_TRIC_CCT_IN_ACTIN_AND_TUBULIN_FOLDING",27,-0.4782525174160033,-1.5229943334654714,0.03489920202912635,0.1048904193582582,"ACTB;PFDN1;TUBB4B;PFDN2;TUBA4A;TUBA1A;TUBB6;CCT3;PFDN6;TUBA1B;CCT7",-1.4854830480093373,0.12751631741669528,,
"REACTOME_HDR_THROUGH_HOMOLOGOUS_RECOMBINATION_HRR",68,0.30314282596882347,1.347633802733308,0.03500621030063141,0.10492219506084567,"ATM;ATR;TOPBP1;BRCA1;MRE11;GEN1;BRCA2;WRN;RFC1;POLK;FIGNL1;XRCC2;RAD51C;RAD50;NBN;BRIP1;RAD17;SLX4;DNA2;PALB2;BARD1;CHEK1;BLM;RAD51AP1;RAD9B;POLD3;RFC3;FIRRM;POLH;RAD51D;RTEL1;SPIDR;RPA1",1.1899140057135058,0.284142349745804,,
"REACTOME_CONSTITUTIVE_SIGNALING_BY_ABERRANT_PI3K_IN_CANCER",67,0.31006141771329127,1.3812205123772259,0.03534643604299201,0.10565088575487722,"PTPN11;STRN;PIK3CA;FRS2;PIK3CB;KITLG;GAB1;NRG1;HGF;KL;EGFR;FGF7;PDGFRA;PIK3R1;IRS1;FYN;TGFA;GRB2;EREG;IRS2;MET;GAB2;BDNF;ESR1;ERBB3;FGF10;CD28",1.7067267936490143,0.012222407804001708,,
"REACTOME_PEROXISOMAL_PROTEIN_IMPORT",59,-0.39398355878587793,-1.4689101303180285,0.03591160220994475,0.1070460909710134,"UBA52;DECR2;PEX14;PAOX;TYSND1;HMGCL;ACOT8;GSTK1;ACOX3;ECH1;MPV17;PEX10;DHRS4;ACOT2;CRAT;UBE2D2;ACAA1;UBC;ACOT4;UBB",-1.5024509884456467,0.08444537997907861,,
"REACTOME_FORMATION_OF_THE_URETERIC_BUD",19,0.47097722493937133,1.5318312977250061,0.03612778268725799,0.10739625017414398,"ITGA8;ITGB1;EYA1;FOXC2;SLIT2;SIX2;SALL1;NPNT;GREM1",1.4623739936669145,0.15034928469831527,,
"REACTOME_PD_L1_CD274_GLYCOSYLATION_AND_TRANSLOCATION_TO_PLASMA_MEMBRANE",21,-0.5120246725114934,-1.5327480168055352,0.036364642860831506,0.10780580771821438,"UBA52;OST4;MIB2;TMEM258;DAD1;RPN1;PDCD1;UBC;UBB;OSTC;DDOST",-1.5318705759921583,0.0957672221044142,,
"REACTOME_RHO_GTPASE_EFFECTORS",274,0.2143580161597564,1.173047789011592,0.03748550517767121,0.1108267109600714,"ROCK2;NUP98;CLIP1;DYNC1LI2;TAOK1;PIK3R4;RANBP2;PPP1R12A;CKAP5;AHCTF1;CLASP1;ABI2;KTN1;XPO1;FMNL2;ROCK1;NCKAP1;MYH10;ACTR2;KIF14;PAK2;CENPF;PPP2R1B;WIPF2;PAFAH1B1;ITGB1;NCOA2;GOPC;CLASP2;ZW10;PKN2;PIK3C3;CENPE;NUP133;KIF2A;KNTC1;YWHAG;CENPI;INCENP;NUP107;BUB1B;DIAPH2;MAPRE1;BUB1;PRKCA;SGO2;CIT;NUP160;TUBB2B;KIF5B;CDH1;WASL;PPP2R5E;KNL1;DAAM1;CENPC;DIAPH3",1.2229970189162533,0.142461345444582,,
"REACTOME_FLT3_SIGNALING",36,0.38156949185110456,1.475874011414385,0.03790462589908082,0.11176214899241174,"PTPN11;CBL;SOS1;PIK3CA;KRAS;ABL2;FOXO3;NRAS;STAT5B;SOCS6;PTPRJ;PIK3R1;FYN;SH2B3;CDKN1B",1.547359981285175,0.0900560250073354,,
"REACTOME_SIGNALING_BY_THE_B_CELL_RECEPTOR_BCR",143,-0.31380045251634675,-1.342695646154509,0.03865336658354115,0.11349703097416144,"PSMB4;UBA52;PSMB3;PSMD8;PSMB1;PSMB7;PSMC3;ORAI1;PPIA;NFKBIB;PSMC4;PSMA6;HRAS;PSMB6;ADRM1;PSMD13;PTPN6;PSMA5;NFKBIE;PSMC5;PSMB5;PSMB2;SKP1;PSMA7;IGHD;PSMC2;UBC;IGLV3-25;IGLV3-27;IGHV1-2;CD79B;PSMA1;UBB;PSMD3",-1.2128090140135055,0.2661482406561007,,
"REACTOME_GASTRIN_CREB_SIGNALLING_PATHWAY_VIA_PKC_AND_MAPK",16,0.5057236207068053,1.562684449508952,0.03871457317499363,0.11349703097416144,"SOS1;CREB1;KRAS;RPS6KA3;NRAS;PRKCA;EGFR",1.4459211286428517,0.18952135792672306,,
"REACTOME_ANTIMICROBIAL_PEPTIDES",27,-0.4733246497070657,-1.5073015470744462,0.03880597014925373,0.11349703097416144,"PRSS3;ATOX1;DEFA5;GNLY;PDZD11;SLC11A1;S100A9;LEAP2;DEFB1;S100A8;CD4;DEFA6;CLU;RNASE6;PRSS2",-1.3823696738869908,0.2225148817362904,,
"REACTOME_PCNA_DEPENDENT_LONG_PATCH_BASE_EXCISION_REPAIR",21,-0.5098227445420555,-1.5261565361416245,0.03945945623140315,0.11509889646050035,"POLD2;RFC2;POLE4;POLB;POLD4;POLE3;RPA3;POLD1;APEX1;PCNA;RPA2",-1.347235872826289,0.23524324324324325,,
"REACTOME_METABOLISM_OF_WATER_SOLUBLE_VITAMINS_AND_COFACTORS",117,-0.32945884828144256,-1.3691356897089417,0.03959131545338442,0.11517473586439105,"PRSS3;FPGS;NAPRT;GSTO1;NAXE;NUDT8;PARP10;CD320;FLAD1;CYB5R3;SLC52A2;PPCDC;ACP5;MMAB;BST1;PDZD11;GSTO2;FOLR2;PPCS;NNMT;MTHFS;MOCS2;AMN;CBLIF;NADK;NADSYN1;PARP16;MMACHC;PANK4;SLC25A42;PDXK;SLC25A51;TCN2;CYB5A;NMRK1;SLC25A16;ABCD4;PCCA;SLC52A1;SHMT2;BTD;LDLRAP1;COASY;SHMT1;CD38;NT5E;TCN1;QPRT",-1.5519785382309865,0.0219078566989771,,
"REACTOME_REGULATION_OF_T_CELL_ACTIVATION_BY_CD28_FAMILY",226,-0.2896191516111646,-1.3042019666688873,0.0397196261682243,0.1152398753894081,"PSMB4;UBA52;RBX1;OST4;PSMB3;H2AC20;TNFRSF14;PSMD8;PSMB1;MIB2;TMEM258;PSMB7;H2AJ;MLST8;PRR5;CSNK2B;PSMC3;JUND;DAD1;H2AX;HLA-DRB1;HLA-DPB1;PPP2R1A;PSMC4;PSMA6;HLA-DRA;PSMB6;NFKB2;HLA-DQB1;ADRM1;PSMD13;PTPN6;PSMA5;PSMC5;RPN1;PSMB5;PSMB2;AKT2;SKP1;RNF5;PSMA7;CSK;HLA-DPA1;PDCD1;DPY30;IRF1;PSMC2;UBC;H2AC8;H3C8;PSMA1;UBB;PSMD3;CD3D;HLA-DQA1;OSTC;HLA-DRB5;DERL3;PRKAG1;HLA-DQB2;RELA;H2AZ2;DDOST;AKT1;SEM1;RAC1;PSMA3;CD247;PSMD2;PPP2CA;PIK3R6;H2BC12;MAPKAP1;WDR5;H2BC8;RPS27A;H4C5",-1.1667398000300733,0.3155919818307495,,
"REACTOME_THE_ROLE_OF_NEF_IN_HIV_1_REPLICATION_AND_DISEASE_PATHOGENESIS",28,-0.4604038821771475,-1.4791120425041135,0.04,0.11550302558476945,"AP2S1;AP2M1;AP1S1;ARF1;HLA-A;AP1M2;AP1B1;AP1M1;PACS1;HCK;RAC1;CD247;B2M;AP2A2",-1.4845350468982215,0.11546499477533961,,
"REACTOME_MRNA_3_END_PROCESSING",148,0.2551628368289215,1.2851679971887306,0.04029747397550128,0.11550302558476945,"PRPF40A;DDX46;THOC2;U2SURP;HNRNPA3;SF3B1;HNRNPU;CCAR1;CPSF6;DDX42;RBBP6;RBM25;SRSF11;HNRNPR;CDC40;PCF11;DHX9;DHX15;TCERG1;PAPOLA;SRSF1;SF3B3;PAPOLG;NUDT21;HNRNPA2B1;POLR2A;SRRM1;SRSF10;HTATSF1;DDX5;NCBP2;WDR33;HNRNPH2;DDX39B;HNRNPH1;NCBP1;POLR2B;CPSF2;SRRM2;HNRNPD;RBM39;XRN2;FYTTD1;CSTF2;UPF3B",-1.018041918054453,0.6187825779662515,,
"REACTOME_FACTORS_INVOLVED_IN_MEGAKARYOCYTE_DEVELOPMENT_AND_PLATELET_PRODUCTION",127,0.2645143188690999,1.2894078047732405,0.04031061147254902,0.11550302558476945,"KIF21A;KIF3A;DOCK9;DOCK7;JMJD1C;KIF1B;KIF20B;KIF13B;CENPE;KIF2A;SIN3A;PRKAR2A;CBX5;HDAC2;RCOR1;KIF3B;RAB5A;RBSN;AKAP10;RAD51C;TUBB2B;KIF5B;KIF4A;WEE1;KIF16B;PRKAR1A;PHF21A;KIF18A;KIF5A;MFN1;DOCK5;KIF21B;KIF23;CARMIL1;DOCK4;DOCK10;SH2B3;KIF1C;RACGAP1;KIF3C;DOCK8;KIF11;KIF15;DOCK11;AKAP1;DOCK1;PRKAR2B",1.280624336033136,0.11119531022231653,,
"REACTOME_HCMV_EARLY_EVENTS",91,0.2814302313267486,1.3126182105463249,0.04034735985113169,0.11550302558476945,"NUP153;NUP98;DYNC1LI2;RANBP2;SUZ12;NUP58;NCOR1;CREB1;TPR;ITGB1;CBX1;NUP133;NUP205;NUP107;NUP50;POM121;NUP160;TUBB2B;EGFR",1.177420202300077,0.30071862907683805,,
"REACTOME_SULFUR_AMINO_ACID_METABOLISM",24,-0.4854397966104245,-1.5126172448059705,0.04035874439461883,0.11550302558476945,"TXN2;MPST;SLC25A10;TSTD1;TST;AHCY;ENOPH1;ETHE1;GOT1;SQOR;ADI1;MRI1;APIP;CTH",-1.6289455679221865,0.06150530128025303,,
"REACTOME_RUNX1_INTERACTS_WITH_CO_FACTORS_WHOSE_PRECISE_EFFECT_ON_RUNX1_TARGETS_IS_NOT_KNOWN",36,0.3790360171287116,1.466074775413583,0.04059285366210525,0.11550302558476945,"PBRM1;RYBP;SMARCC1;PHC3;ARID2;EP300;ARID1B;ARID1A;SMARCC2;SMARCA2;PHC1;HIPK2;CBFB;SMARCD1",1.471050897001305,0.13288123137682092,,
"REACTOME_MITOTIC_G2_G2_M_PHASES",184,-0.29638412750829624,-1.304311900115048,0.04081632653061224,0.11550302558476945,"SSNA1;PSMB4;UBA52;DCTN3;RBX1;PSMB3;MZT2B;PSMD8;PSMB1;ACTR1A;PSMB7;MZT2A;FZR1;DCTN2;DYNLL1;TUBB4B;PSMC3;PPP2R1A;PSMC4;PSMA6;PSMB6;LCMT1;E2F1;TUBGCP2;TUBA4A;TUBA1A;ADRM1;PSMD13;PRKACA;LIN37;PKMYT1;PSMA5;TUBB6;PSMC5;PSMB5;FKBPL;PSMB2;SKP1;PSMA7;CDK11A;CSNK1E;HAUS1;TUBG1;SFI1;PSMC2;HAUS4;UBC;HAUS8;PSMA1;PPP2R3B;UBB;PSMD3",-1.2183229155722366,0.23524324324324325,,
"REACTOME_PHOSPHORYLATION_OF_CD3_AND_TCR_ZETA_CHAINS",20,-0.51205206326444,-1.511501576123818,0.04081632653061224,0.11550302558476945,"HLA-DRB1;HLA-DPB1;HLA-DRA;HLA-DQB1;CSK;HLA-DPA1;CD3D;HLA-DQA1;HLA-DRB5;HLA-DQB2;CD247",-1.4397419820082817,0.16493720107027265,,
"REACTOME_GENERATION_OF_SECOND_MESSENGER_MOLECULES",30,-0.46392335857638023,-1.5048978066108059,0.04084669465927882,0.11550302558476945,"HLA-DRB1;HLA-DPB1;HLA-DRA;ZAP70;HLA-DQB1;VASP;HLA-DPA1;CD3D;HLA-DQA1;HLA-DRB5;WAS;HLA-DQB2;CD247;HLA-DQA2;CD101;EVL;CD3E;CD4",-1.3034534531794453,0.28490998363338793,,
"REACTOME_BIOSYNTHESIS_OF_THE_N_GLYCAN_PRECURSOR_DOLICHOL_LIPID_LINKED_OLIGOSACCHARIDE_LLO_AND_TRANSFER_TO_A_NASCENT_PROTEIN",75,-0.36471650437540365,-1.4089456174916652,0.04087193460490463,0.11550302558476945,"DPM3;NUDT14;AMDHD2;FUOM;GFUS;DPM2;PMM1;NAGK;GMPPA;ALG3;ST6GALNAC4;MVD;MPDU1;GMPPB;DOLPP1;DOLK;FCSK;ALG14;DHRSX;NANS;RENBP",-1.5430010418107565,0.046810105646633834,,
"REACTOME_ACTIVATED_PKN1_STIMULATES_TRANSCRIPTION_OF_AR_ANDROGEN_RECEPTOR_REGULATED_GENES_KLK2_AND_KLK3",31,-0.4499251923674667,-1.4639456635710433,0.04105571847507331,0.11553573324838057,"H2AC20;H2AJ;H2AX;PKN1;H2AC8;H3C8;H2AZ2;H2BC12;H2BC8;H4C5;H2BC4;H4C9;H2AC6;H3C10;KLK3",-1.3245214790355702,0.25863196053960896,,
"REACTOME_PHASE_II_CONJUGATION_OF_COMPOUNDS",70,-0.37269167079749477,-1.4264497338740811,0.0410958904109589,0.11553573324838057,"AKR1A1;GSTO1;TPST2;COMT;MGST3;GSTK1;GSTP1;TRMT112;SLC35D2;GSTO2;AHCY;GSTZ1;GSS;MGST2;NNMT;ABHD14B;GSTM3;GSTM4;SULT2B1;ACSM1;OPLAH;SULT1A1;MAT2B;UGT2B17;BPNT1;GGT5;GGCT;PODXL2;ABHD10;GSTM1;CHAC1;UGT2B7;GGT7",-1.5293652485472282,0.05161077747667697,,
"REACTOME_MEIOSIS",73,0.29921003858438877,1.3525603513162574,0.041913919054542774,0.11753181425603747,"STAG1;ATM;ATR;BRCA1;SMC1A;STAG2;MRE11;SMC3;BRCA2;DIDO1;MSH5;FIGNL1;RAD51C;RAD21;RAD50;NBN;TERF1;SYNE2;MLH3;TERF2",1.1688885987333333,0.30670248399827543,,
"REACTOME_DUAL_INCISION_IN_TC_NER",62,-0.38832215936276193,-1.4593293816461166,0.042876901798063624,0.119923056957052,"UBA52;POLR2I;RBX1;POLR2L;POLR2J;POLR2F;XAB2;PPIE;POLR2H;POLD2;POLR2E;RFC2;POLR2G;POLE4;POLD4;ERCC1;POLE3;RPA3;UBC;UBB;POLR2C;ISY1;POLD1",-1.4867592230022062,0.10701330584560183,,
"REACTOME_PROGRAMMED_CELL_DEATH",189,-0.2920696476892662,-1.292829437172492,0.043010752688172046,0.11998897160187483,"PSMB4;UBA52;BAD;PSMB3;BID;PSMD8;PSMB1;GSDMD;TRADD;PSMB7;CDKN2A;STUB1;SFN;CD14;FLOT1;DBNL;DYNLL1;PSMC3;CHMP2A;PSMC4;PSMA6;DAPK3;TP73;PSMB6;LMNA;E2F1;ADRM1;PSMD13;PSMA5;PSMC5;PSMB5;PSMB2;MAPK3;AKT2;CDC37;FLOT2;TRAF2;BCAP31;PSMA7;UBE2L3;BAK1;CHMP6;IRF1;PSMC2;BBC3;UBC;FNTA;PSMA1;UBB;PSMD3",-1.3032822480299295,0.12358548433375885,,
"REACTOME_SIGNALING_BY_NUCLEAR_RECEPTORS",237,0.21886521319224783,1.1858613124304005,0.043266713206948394,0.12039433240194336,"MED1;STRN;STAG1;PIK3CA;XPO1;NCOA1;CCNT1;NCOA3;CHD1;SP1;NCOR1;KDM3A;SMC1A;STAG2;SMC3;CREB1;KRAS;AGO3;TNRC6A;FKBP5;POU2F1;AGO2;NCOA2;TNRC6B;KDM1B;GTF2A1;ZNF217;FOXO3;NRIP1;POLR2A;AGO4;GREB1;CCND1;NRAS;DDX5;GNAI1;EP300;ZDHHC21;APOD;UHMK1;DLD;RAD21;DLAT;EGFR",1.1678846851991818,0.15299308742006096,,
"REACTOME_PROCESSING_OF_SMDT1",16,-0.5544976196460443,-1.5662936386747461,0.043709900303405665,0.12122643572872151,"SMDT1;STOML2;PARL;PMPCA;PHB2;MCUB",-1.520605946821261,0.14414056354588436,,
"REACTOME_KINESINS",50,0.33367148041803524,1.407577792517631,0.04378859305274591,0.12122643572872151,"KIF21A;KIF3A;KIF1B;KIF20B;KIF13B;CENPE;KIF2A;KIF3B;TUBB2B;KIF5B;KIF4A;KIF16B;KIF18A;KIF5A;KIF21B;KIF23;KIF1C;RACGAP1;KIF3C;KIF11;KIF15",1.307752560993586,0.31810696580308656,,
"REACTOME_TRANSCRIPTIONAL_AND_POST_TRANSLATIONAL_REGULATION_OF_MITF_M_EXPRESSION_AND_ACTIVITY",51,0.3180980579373723,1.3410430945252452,0.04424002184710412,0.12191116480207295,"XPO1;CREB1;SIRT1;EPRS1;KITLG;GSK3B;YWHAG;EP300;CDH1;SOX9;DARS1;LARS1;YWHAB;EDNRB;IARS1;MAPK1",1.4166306087374576,0.11323715434006375,,
"REACTOME_TRANSLATION_OF_SARS_COV_2_STRUCTURAL_PROTEINS",60,-0.3856177638063297,-1.4435982621578105,0.04426002766251729,0.12191116480207295,"UBA52;OST4;MAN1B1;MGAT1;PARP10;TMEM258;DAD1;EDEM2;ST6GALNAC4;MGAT4B;PRKCSH;UBE2I;RPN1;PRMT1;MOGS;UBC;GSK3A;UBB;PARP16;ZDHHC8;OSTC;DDOST",-1.4877634047852748,0.11119531022231653,,
"REACTOME_COLLAGEN_CHAIN_TRIMERIZATION",38,0.360555432614793,1.410052036859777,0.04449854468931973,0.12225862783328248,"COL14A1;COL4A1;COL6A3;COL15A1;COL12A1;COL21A1;COL2A1;COL4A5;COL8A1;COL24A1;COL5A2;COL11A2;COL9A1;COL13A1;COL4A2;COL4A3;COL5A3",2.1332682598370982,7.856315126716828e-4,,
"REACTOME_CELL_DEATH_SIGNALLING_VIA_NRAGE_NRIF_AND_NADE",73,0.296661281007356,1.341038851368858,0.04506528423480713,0.12350385200874095,"ARHGEF12;SOS1;ITSN1;TRAF6;FGD4;SOS2;AKAP13;ARHGEF38;TRIO;ECT2;ARHGEF10;GNA13",1.1993263524714775,0.25115420129270544,,
"REACTOME_SIGNALING_BY_NOTCH",185,-0.2939777633914062,-1.2931996868809286,0.045838359469240045,0.1253068721169175,"PSMB4;UBA52;RBX1;PSMB3;H2AC20;RFNG;PSMD8;PSENEN;LFNG;PSMB1;MIB2;APH1A;PSMB7;H2AJ;SIRT6;PSMC3;H2AX;PSMC4;PSMA6;PSMB6;HDAC10;E2F1;DTX2;ADRM1;PSMD13;HDAC3;PSMA5;PSMC5;PSMB5;PSMB2;SKP1;PSMA7;HDAC11;DTX1;PSMC2;MDK;ACTA2;UBC;H2AC8;H3C8;PSMA1;UBB;PSMD3;NEURL1B;HDAC5;H2AZ2;AKT1;KAT2A;JAG2;SEM1;PSMA3;EGF;PSMD2",-1.1456762344765623,0.37432590293002194,,
"REACTOME_INTERLEUKIN_20_FAMILY_SIGNALING",18,0.46363035976477845,1.47845117927591,0.046001004947254585,0.12543632426720047,"PTPN11;JAK1;STAT3;STAT5B;IFNLR1",1.2154342397105447,0.3860755262305283,,
"REACTOME_ACTIVATION_OF_GENE_EXPRESSION_BY_SREBF_SREBP",42,0.35274737067714373,1.432356035448825,0.046687292891458614,0.12698943666476745,"MED1;CHD9;ACACA;NCOA1;SP1;MTF1;NCOA2;NFYA;NCOA6;NFYB;TBL1XR1;SC5D;TGS1;HMGCS1;PPARA;SQLE;GPAM;FASN;CREBBP;SCD;ELOVL6;ACACB;HMGCR",1.3209025267322843,0.24330867995639943,,
"REACTOME_RECRUITMENT_OF_MITOTIC_CENTROSOME_PROTEINS_AND_COMPLEXES",80,0.2899570216987526,1.3331758913279912,0.04692582274361962,0.1273199380176014,"ALMS1;CEP290;NEDD1;CKAP5;CLASP1;AKAP9;CCP110;CEP135;CPAP;CEP63;PAFAH1B1;CEP192;TUBGCP4;CEP152;PCNT;YWHAG;PCM1;HAUS6;MAPRE1;CNTRL;HAUS3",1.3244031149362527,0.17879358133317874,,
"REACTOME_NUCLEAR_ENVELOPE_NE_REASSEMBLY",68,0.2893300890815987,1.286228717265774,0.047209912109882714,0.1277721004366975,"NUP98;KPNB1;TNPO1;AHCTF1;NUP58;LEMD3;SPAST;LBR;NUP133;NUP205;NUP107;POM121;VRK2;ANKLE2;NUP160;TUBB2B",-0.8697133874402986,0.8077320487214362,,
"REACTOME_TRANSLESION_SYNTHESIS_BY_Y_FAMILY_DNA_POLYMERASES_BYPASSES_LESIONS_ON_DNA_TEMPLATE",39,-0.41585856186830955,-1.421988987777567,0.047619047619047616,0.12855961243058017,"UBA52;UFD1;ISG15;POLD2;MAD2L2;RFC2;UBE2L6;POLE4;POLD4;POLE3;RPA3;UBC;UBB;POLD1;UBA7;PCNA;RPA2;NPLOC4;PCLAF;RPS27A",-1.258342511340867,0.32370985944393144,,
"REACTOME_ANTIMICROBIAL_MECHANISM_OF_IFN_STIMULATED_GENES",157,0.23998067855358612,1.2188473870494891,0.04789013365965897,0.12897144906363603,"NUP153;NUP98;RANBP2;KPNB1;NUP58;EIF4G3;JAK1;TPR;ARIH1;PPP2R1B;NEDD4;DHX9;DNAJC3;KPNA1;EIF2AK2;MAP2K6;NUP133;NUP205;EIF4A1;STAT3;NUP107;BECN1;NUP50;POM121;FLNB;EIF4G2;NUP160;TUBB2B;PDE12;PGGT1B;KPNA4;FANCM;FANCF;PPM1B;KPNA5;KPNA3",1.1097009033031613,0.40189699959486186,,
"REACTOME_TP53_REGULATES_TRANSCRIPTION_OF_ADDITIONAL_CELL_CYCLE_GENES_WHOSE_EXACT_ROLE_IN_THE_P53_PATHWAY_REMAIN_UNCERTAIN",21,0.44164431723109926,1.4903597369097656,0.048503040243324,0.13029952539441114,"CNOT1;CPAP;CNOT6;CNOT6L;CNOT2;PLAGL1;TNKS1BP1;BTG2",1.4247240283944191,0.22370501940667079,,
"REACTOME_INTERLEUKIN_7_SIGNALING",23,0.42463334431278493,1.4698014940174977,0.05003618231998079,0.133888178241228,"BRWD1;JAK1;STAT3;HGF;STAT5B;RAG1;PIK3R1;IRS1",1.2272479370899043,0.40189699959486186,,
"REACTOME_PI3K_AKT_SIGNALING_IN_CANCER",94,0.27276891447363955,1.2814533243620736,0.050208699231856384,0.133888178241228,"PTPN11;STRN;PIK3CA;FRS2;CREB1;RICTOR;PIK3CB;KITLG;GSK3B;GAB1;FOXO3;NRG1;MTOR;HGF;KL;EGFR;FGF7;PDGFRA;FOXO1;MDM2;CHUK;PDPK1;PIK3R1;IRS1;FYN;NR4A1;CDKN1B",1.3371802814121263,0.0900560250073354,,
"REACTOME_CLASS_A_1_RHODOPSIN_LIKE_RECEPTORS",181,-0.293770210253436,-1.2930284960339513,0.050239234449760764,0.133888178241228,"LPAR2;NPW;S1PR4;ADRB1;PTGER1;CCL3;CCR10;NPY1R;PLPPR2;CCL3L3;CXCL5;DRD4;POMC;GPR35;NMB;CCL5;ACKR4;GPER1;CCL4;TBXA2R;GPR68;GPBAR1;P2RY6;DRD2;FFAR2;ACKR1;CCL13;GPR132;CXCL11;PTGDR2;CXCL10;ANXA1;PTGIR;S1PR5;ADORA3;MC1R;S1PR2;RXFP4;CHRM1;C5AR1;PSAP;EDN2;BDKRB1;ADORA1;P2RY11;NMU;CXCR3;NMUR1;C5AR2;CXCL8;GPR39;PF4;GRP;HRH2;KISS1;PTGER4;CXCR6;ACKR3;GHRL;FPR1;C3AR1;ADRA2B;CCL19;HTR4;CX3CL1;DRD1;TACR2;CXCL3;APLN;CCRL2;ADORA2B;SUCNR1;SSTR1;S1PR3;SSTR5;CCL2;GPR143;LPAR6;GPR37L1;SSTR2;GPR18;HTR1D;CXCL13;HEBP1;PTAFR",-1.3335317560849484,0.09841700587969245,,
"REACTOME_TRANSCRIPTIONAL_REGULATION_BY_RUNX3",86,-0.342641178570826,-1.3609715351186151,0.05033112582781457,0.133888178241228,"PSMB4;UBA52;PSMB3;PSMD8;PSMB1;PSMB7;CDKN2A;PSMC3;PSMC4;PSMA6;PSMB6;SPP1;ADRM1;PSMD13;PSMA5;PSMC5;PSMB5;PSMB2;PSMA7;PSMC2;UBC;PSMA1;UBB;PSMD3;KAT2A;SEM1;PSMA3;TGFB1;PSMD2",-1.2708468475325618,0.23524324324324325,,
"REACTOME_REGULATION_OF_PD_L1_CD274_EXPRESSION",159,-0.3027608386994106,-1.3052485467619874,0.05172413793103448,0.13725820016820858,"PSMB4;UBA52;RBX1;OST4;PSMB3;H2AC20;PSMD8;PSMB1;MIB2;TMEM258;PSMB7;H2AJ;CSNK2B;PSMC3;JUND;DAD1;H2AX;PSMC4;PSMA6;PSMB6;NFKB2;ADRM1;PSMD13;PSMA5;PSMC5;RPN1;PSMB5;PSMB2;SKP1;RNF5;PSMA7;PDCD1;DPY30;IRF1;PSMC2;UBC;H2AC8;H3C8;PSMA1;UBB;PSMD3;OSTC;DERL3;PRKAG1;RELA;H2AZ2;DDOST;SEM1;PSMA3;PSMD2;H2BC12;WDR5;H2BC8;RPS27A;H4C5",-1.1854878094055734,0.31317272299077153,,
"REACTOME_DNA_DAMAGE_RECOGNITION_IN_GG_NER",38,-0.4182738766708059,-1.4232571700352294,0.05217391304347826,0.13811488416375753,"UBA52;RBX1;ACTB;GPS1;COPS6;MCRS1;TFPT;INO80E;INO80C;RAD23A;INO80B;UBC;UBB;COPS4;COPS7A",-1.4538145122445432,0.12787363076489117,,
"REACTOME_DEADENYLATION_DEPENDENT_MRNA_DECAY",56,0.3225670479409683,1.3944850467510008,0.0526242945540132,0.1389690108610834,"CNOT1;DDX6;DIS3;DCP2;XRN1;CNOT6;TUT7;TUT4;SKIC3;PATL1;EIF4A1;DCP1A;PAN3;PAN2;PARN;CNOT6L;EIF4G1;EIF4B;CNOT2",1.1180709696749076,0.4551954967290431,,
"REACTOME_TERMINATION_OF_TRANSLESION_DNA_SYNTHESIS",32,-0.4358052130053215,-1.4247769290357415,0.05286343612334802,0.1392625145331783,"UBA52;ISG15;POLD2;RFC2;UBE2L6;POLE4;POLD4;POLE3;RPA3;UBC;UBB;POLD1;UBA7;PCNA;RPA2;PCLAF;RPS27A",-1.2318247044104216,0.35884266392740966,,
"REACTOME_REGULATION_OF_KIT_SIGNALING",16,0.4916982056193291,1.5193459595557333,0.05336665905798207,0.13984783940315051,"CBL;SOS1;YES1;KITLG;PRKCA;SOCS6;FYN;SH2B3;GRB2;LYN",1.2378068375268714,0.36121339320124624,,
"REACTOME_SIGNALING_BY_ERBB2_ECD_MUTANTS",16,0.49085964910472607,1.5167548224766045,0.05336665905798207,0.13984783940315051,"SOS1;PIK3CA;KRAS;ERBIN;GAB1;NRAS;EGFR",1.7212831392560333,0.04976390148991788,,
"REACTOME_TRANSCRIPTIONAL_REGULATION_BY_E2F6",34,0.3715596180044025,1.4102551999099247,0.05347123271296931,0.13984783940315051,"APAF1;MGA;SUZ12;BRCA1;RYBP;PHC3;CBX5",1.4004972205665915,0.18197138444378502,,
"REACTOME_RECRUITMENT_OF_NUMA_TO_MITOTIC_CENTROSOMES",87,0.2817897085704951,1.3063479981554704,0.05438494318915238,0.14189644649831606,"ALMS1;CEP290;NEDD1;CKAP5;CLASP1;AKAP9;CCP110;CEP135;CPAP;CEP63;PAFAH1B1;CEP192;TUBGCP4;CEP152;PCNT;YWHAG;PCM1;HAUS6;MAPRE1;CNTRL;HAUS3;TUBB2B;PLK4;CEP164;TUBGCP3;CEP43;DYNC1H1",1.2440799317283324,0.16550864775651888,,
"REACTOME_CELLULAR_RESPONSE_TO_HEAT_STRESS",95,0.26946907769237083,1.2730065766488123,0.05460692254910811,0.14213476491251104,"NUP153;NUP98;RANBP2;ATM;ATR;NUP58;TPR;SIRT1;DNAJC7;GSK3B;NUP133;NUP205;MTOR;NUP107;TNFRSF21;NUP50;POM121;EP300;HSPH1;NUP160",1.3379403622082267,0.12975012513418974,,
"REACTOME_NR1H3_NR1H2_REGULATE_GENE_EXPRESSION_LINKED_TO_CHOLESTEROL_TRANSPORT_AND_EFFLUX",33,0.3811945380615512,1.4410851397323643,0.055631282579403564,0.14400595255129783,"NCOA1;NCOR1;KDM3A;AGO3;TNRC6A;AGO2;TNRC6B;KDM1B;AGO4;EP300;APOD",1.341751615598824,0.22973459666903445,,
"REACTOME_ENDOSOMAL_SORTING_COMPLEX_REQUIRED_FOR_TRANSPORT_ESCRT",31,-0.4409069589543528,-1.434602555156218,0.05571847507331378,0.14400595255129783,"UBA52;VPS28;MVB12A;CHMP2A;VPS4A;UBAP1;SNF8;CHMP6;UBC;UBB;VPS25;VPS37D;RPS27A;CHMP5",-1.5060171001618747,0.10318735900376945,,
"REACTOME_GAP_FILLING_DNA_REPAIR_SYNTHESIS_AND_LIGATION_IN_GG_NER",25,-0.4628711044503578,-1.4516959990986362,0.05572289156626506,0.14400595255129783,"UBA52;POLD2;RFC2;POLE4;POLD4;POLE3;RPA3;UBC;UBB;POLD1;PCNA;XRCC1;RPA2;RPS27A",-1.263080117974533,0.3447699709042722,,
"REACTOME_NR1H2_AND_NR1H3_MEDIATED_SIGNALING",41,0.3514924631873043,1.4194337379599271,0.056813479648826846,0.1464764593789659,"NCOA1;NCOR1;KDM3A;AGO3;TNRC6A;AGO2;TNRC6B;KDM1B;NRIP1;AGO4;EP300;APOD",1.3277103304337958,0.30501544397106467,,
"REACTOME_PINK1_PRKN_MEDIATED_MITOPHAGY",31,-0.4381191297998947,-1.4255316463236392,0.05718475073313783,0.14708512718121503,"UBA52;TOMM5;MAP1LC3A;VDAC3;TOMM7;UBE2D2;UBE2L3;TOMM22;UBC;UBB;TOMM40",-1.3208866398465604,0.25863196053960896,,
"REACTOME_SMOOTH_MUSCLE_CONTRACTION",38,-0.4146651411770458,-1.4109777546743294,0.057971014492753624,0.14875581077385835,"MYL6;ACTG2;MYL11;MYL9;TPM2;MYL5;ANXA2;LMOD1;SORBS3;ACTA2;MYL12B;MYH11;MYL6B;ANXA1;ALDH2",0.715987733766644,0.9799825233582039,,
"REACTOME_MICRORNA_MIRNA_BIOGENESIS",24,-0.46375450068988205,-1.445046450657717,0.05829596412556054,0.149237668161435,"POLR2I;POLR2L;POLR2J;POLR2F;POLR2H;POLR2E;POLR2G;TARBP2",-1.5759807378278516,0.0900560250073354,,
"REACTOME_SEPARATION_OF_SISTER_CHROMATIDS",168,0.2394094870616721,1.2258291732073372,0.058804562972305977,0.1501863016757486,"ANAPC1;NUP98;CLIP1;DYNC1LI2;STAG1;TAOK1;RANBP2;CKAP5;AHCTF1;CLASP1;XPO1;WAPL;SMC1A;STAG2;SMC3;CENPF;PDS5A;PDS5B;CDC27;PPP2R1B;PAFAH1B1;CLASP2;ZW10;CENPE;NUP133;KIF2A;KNTC1;CENPI;INCENP;NUP107;BUB1B;MAPRE1;BUB1;SGO2;NUP160;RAD21;TUBB2B",-1.0517692778994336,0.5556206802500014,,
"REACTOME_FGFR2_ALTERNATIVE_SPLICING",27,-0.45460765651570273,-1.4476973138882316,0.05970149253731343,0.15211996224964172,"POLR2I;POLR2L;POLR2J;POLR2F;POLR2H;POLR2E;POLR2G",-1.5234320590367758,0.09507596145391357,,
"REACTOME_BUDDING_AND_MATURATION_OF_HIV_VIRION",28,-0.444188218899371,-1.4270169499998275,0.06074074074074074,0.15440636898580823,"UBA52;VPS28;MVB12A;PPIA;CHMP2A;VPS4A;UBAP1;CHMP6;UBC;UBB",-1.4292146485256432,0.16748768472906403,,
"REACTOME_CHROMOSOME_MAINTENANCE",112,-0.31679313698787104,-1.3095066172860277,0.06426735218508997,0.1629903943528622,"CENPX;POLR2I;H2AC20;POLR2L;POLR2J;POLR2F;NOP10;H2AJ;CENPM;POLR2H;POLD2;CENPT;H2AX;ACD;POLR2E;RFC2;RUVBL2;POLR2G;NHP2;POLA2;POLD4;CENPW;RPA3;H2AC8;CHTF18;POLR2C;POLD1;TINF2;WRAP53;STN1;H2AZ2;PCNA",-1.2865664694046748,0.1987465924739342,,
"REACTOME_HIV_LIFE_CYCLE",145,0.24458802769649482,1.2250647113238504,0.06488621666716485,0.16417721798575663,"NUP153;NUP98;TAF1;RANBP2;NUP58;XPO1;CCNT1;RNGTT;RNMT;LIG4;TPR;CCNT2;TAF2;TAF15;KPNA1;TAF3;GTF2A1;NUP133;NUP205;PDCD6IP;POLR2A;NUP107;NUP50;POM121;CCNK;GTF2H3;TAF4B;VPS4B;VTA1;NCBP2;NUP160;NCBP1;POLR2B;TAF8;ELOA",1.2237991280511646,0.16326065832135472,,
"REACTOME_GPCR_LIGAND_BINDING",251,-0.27861790424370253,-1.26768193958169,0.06536697247706422,0.16500989803954957,"GNB2;LPAR2;WNT7B;NPW;S1PR4;GNG5;ADRB1;PTGER1;CCL3;UCN3;CCR10;NPY1R;PLPPR2;CCL3L3;CXCL5;DRD4;WNT4;POMC;SCT;GPR35;WNT6;NMB;CCL5;ACKR4;GPER1;CCL4;RAMP2;RAMP1;TBXA2R;RAMP3;GPR68;GPBAR1;P2RY6;DRD2;GNGT2;FFAR2;IHH;ACKR1;CCL13;GPR132;CXCL11;ADGRE5;PTGDR2;CXCL10;ANXA1;PTGIR;UCN;S1PR5;ADORA3;MC1R;S1PR2;RXFP4;CHRM1;ADM2;C5AR1;GNAS;PSAP;EDN2;UCN2;BDKRB1;ADORA1;P2RY11;NMU;CXCR3;NMUR1;GNB5;FZD8;WNT10A;C5AR2;CXCL8;PTH1R;VIPR1;PTHLH;GPR39;PF4;GRP;HRH2;KISS1;PTGER4;FZD9;CXCR6;ACKR3;GHRL;FPR1;ADGRE3;C3AR1;VIP;ADRA2B;GNB1;CCL19;HTR4;CX3CL1;DRD1;TACR2;GNB3;CXCL3;ADM;WNT9A;APLN;WNT2;WNT11;CCRL2;ADORA2B;FZD10",-1.3208615230364003,0.0951256830601093,,
"REACTOME_DISEASES_OF_PROGRAMMED_CELL_DEATH",69,-0.35444290423119046,-1.3527118913258427,0.06602475928473177,0.16628457893932447,"CAPNS1;H2AC20;CDK5;PRDX2;TRADD;H2AJ;CDKN2A;H2AX;LMNA;POLA2;TRAF2;H2AC8;H3C8;PRDX1;H2AZ2;FADD;H2BC12;CAPN1;H2BC8;H4C5;RIPK3;CDC25C;H2BC4;C1QBP;FASLG;H4C9;H2AC6;EZH2;H3C10",-1.3148433216557278,0.20739850735922735,,
"REACTOME_FOXO_MEDIATED_TRANSCRIPTION_OF_OXIDATIVE_STRESS_METABOLIC_AND_NEURONAL_GENES",22,0.41913030032079146,1.4297915646045136,0.06740001399025107,0.1693561552457117,"SIN3A;FOXO3;HDAC2;SMAD2;FOXO1;PPARGC1A;ATXN3;SMAD4;PLXNA4;ABCA6;SOD2",1.4702348122203142,0.2152347003338923,,
"REACTOME_MRNA_SPLICING_MINOR_PATHWAY",50,-0.38022066027891127,-1.3634213351963205,0.0692090395480226,0.17350100236923635,"POLR2I;SF3B5;POLR2L;ZMAT5;POLR2J;SNRPD2;POLR2F;SNRNP25;POLR2H;SNRPB;POLR2E;POLR2G;SF3B4;SNRNP35;GTF2F1;TXNL4A;POLR2C;SNRPG",-1.5495771128561784,0.06438698555193499,,
"REACTOME_PURINERGIC_SIGNALING_IN_LEISHMANIASIS_INFECTION",25,-0.456843160658962,-1.43279064553341,0.07078313253012049,0.17703919124774964,"PYCARD;GSDMD;NFKB2;PSTPIP1;HMOX1;TXN;RELA;P2RX4;CASP1",-1.102492627399002,0.5439093484419263,,
"REACTOME_FOXO_MEDIATED_TRANSCRIPTION_OF_CELL_CYCLE_GENES",15,0.4783612178460789,1.4592218672874329,0.07216494845360824,0.1800813392603802,"RBL2;FOXO3;SMAD2;FOXO1;SMAD4;CCNG2;CDKN1B",1.4859175191032319,0.1744059298016133,,
"REACTOME_PROTEIN_HYDROXYLATION",18,-0.49552730143259166,-1.4447146135067428,0.07366771159874608,0.1834106870009971,"RPL8;RPS6;JMJD4;RPL27A;DRG1;RCCD1;RPS23",-1.5873872759058547,0.13639574458220272,,
"REACTOME_APOPTOSIS",158,-0.29354276721296757,-1.2660128156210388,0.07389162561576355,0.18344899180417298,"PSMB4;UBA52;BAD;PSMB3;BID;PSMD8;PSMB1;GSDMD;TRADD;PSMB7;CDKN2A;SFN;CD14;DBNL;DYNLL1;PSMC3;PSMC4;PSMA6;DAPK3;TP73;PSMB6;LMNA;E2F1;ADRM1;PSMD13;PSMA5;PSMC5;PSMB5;PSMB2;MAPK3;AKT2;TRAF2;BCAP31;PSMA7;BAK1;PSMC2;BBC3;UBC;FNTA;PSMA1;UBB;PSMD3",-1.2926253095261862,0.15989230782796293,,
"REACTOME_MATURATION_OF_SARS_COV_2_SPIKE_PROTEIN",40,-0.3965814430402047,-1.3636604664932515,0.07402031930333818,0.18344899180417298,"OST4;MAN1B1;MGAT1;TMEM258;DAD1;EDEM2;ST6GALNAC4;MGAT4B;PRKCSH;RPN1;MOGS;ZDHHC8;OSTC;DDOST;MGAT2;ZDHHC3",-1.4307513125885,0.14693043287831228,,
"REACTOME_INTRA_GOLGI_TRAFFIC",42,0.33309639592951107,1.35256184101389,0.07433895301956542,0.18381995655747085,"MAN1A2;GOSR1;TRIP11;MAN2A1;RIC1;NAPB;COG2;NSF;COG5;CYTH1;VTI1A;GOLGA5;RAB30;MAN1A1;NAPG;STX16;COG6;GOLIM4;COG3;STX6;COG1",1.3360217593321404,0.22973459666903445,,
"REACTOME_PURINE_CATABOLISM",15,-0.5301243140627597,-1.4533823933973222,0.0749185667752443,0.1844220414012176,"DNPH1;NT5C;NUDT1;NUDT18;ITPA",-1.402591195167123,0.23530013650496134,,
"REACTOME_HOMOLOGY_DIRECTED_REPAIR",118,0.25402196289098655,1.2317909690915603,0.07492145431924464,0.1844220414012176,"ATM;ATR;TOPBP1;BRCA1;MRE11;MDC1;TP53BP1;ERCC4;GEN1;BRCA2;WRN;RFC1;POLK;TIMELESS;LIG3;PPP4R2;POLQ;FIGNL1;XRCC2;HERC2;RAD51C;RAD50;NBN;BRIP1;RAD17;BRCC3;RNF168;PARP1;SLX4;DNA2;PALB2;CLSPN;BARD1;CHEK1;UBE2V2;BLM;RNF8;RAD51AP1;NSD2;RAD9B;POLD3;RFC3;FIRRM;POLH;RAD51D;RTEL1;SPIDR;RPA1;TIPIN",1.0922925527270373,0.4469123742971284,,
"REACTOME_PHOSPHORYLATED_BMAL1_CLOCK_ARNTL_CLOCK_ACTIVATES_EXPRESSION_OF_CORE_CLOCK_GENES",22,0.40173023988172724,1.3704342248456334,0.07602339181286549,0.1867120774094755,"KMT2A;CREB1;RORA;CLOCK;BHLHE40;CIPC;CRY1",1.3040349445798394,0.2661482406561007,,
"REACTOME_NOTCH3_ACTIVATION_AND_TRANSMISSION_OF_SIGNAL_TO_THE_NUCLEUS",25,-0.4509242848448143,-1.4142273602992559,0.07680722891566265,0.18821230869423639,"UBA52;PSENEN;MIB2;APH1A;UBC;UBB;NEURL1B;JAG2;EGF;RPS27A;YBX1;TACC3",-1.3320031349771135,0.2595792874677337,,
"REACTOME_ATP_DEPENDENT_CHROMATIN_REMODELERS",30,0.36684116336536,1.3497544919886704,0.07716049382716049,0.18865307254820363,"PBRM1;BICRAL;SMARCC1;PHF10;ARID2;BRD7;ARID1B;ARID1A;SMARCC2;SS18;SMARCA2;DPF3",1.2123556741533947,0.35411681914144966,,
"REACTOME_ANTIGEN_PROCESSING_UBIQUITINATION_PROTEASOME_DEGRADATION",275,-0.2681916577461714,-1.227671820659373,0.08022598870056497,0.19570824149375488,"PSMB4;UBA52;RNF25;FBXL15;RBX1;FBXW5;PSMB3;ANAPC11;UBE2J2;PSMD8;ELOB;PSMB1;MIB2;KEAP1;BTBD6;PSMB7;FBXW4;CDC34;RNF220;STUB1;ZNRF1;RNF126;RNF130;UBE2M;UBAC1;FZR1;PSMC3;ASB2;ASB13;FBXW9;FBXO6;ANAPC2;PSMC4;PSMA6;SPSB2;LRSAM1;PSMB6;THOP1;RBCK1;KLHL22;ASB6;ADRM1;PSMD13;UBE2L6;RNF7;UBE2R2;HECTD3;UBE2D4;PSMA5;PSMC5;PSMB5;PSMB2;MGRN1;UBE2S;SKP1;PSMA7;UBE2D2;UBE2L3;SPSB1;PSMC2;FBXL12;FBXL22;UBC;ZNRF2;TRAF7;TRAIP;SOCS1;PSMA1;ATG7;UBB;PSMD3;ELOC;RNF19B;FBXO10;ASB12;KLHL21;FBXL8;UBA7;FBXO31;UBE2C;CDC20;SEM1;PSMA3;KLHL25;UBOX5;PSMD2;FBXL16;ANAPC7;SIAH2;TRIM69;ANAPC5",-1.2147861356527385,0.21199656874276737,,
"REACTOME_INTERLEUKIN_12_SIGNALING",40,-0.394653561901788,-1.357031373431299,0.08127721335268505,0.19782910095687098,"GSTO1;BOLA2B;AIP;RPLP0;ARF1;PSME2;PPIA;SOD1;TALDO1;CFL1;ANXA2",-1.2001561306313395,0.39218813036970546,,
"REACTOME_EPIGENETIC_REGULATION_BY_WDR5_CONTAINING_HISTONE_MODIFYING_COMPLEXES",130,0.24519934145099403,1.1968219892323648,0.08211987097427476,0.1994339723660958,"MED1;BOD1L1;KMT2A;MED13;KMT2C;NCOA1;KMT2D;NCOA3;NCOR1;YEATS2;SIRT1;MED14;PHF20;NCOA2;PHF20L1;MED23;KANSL1;ZZZ3;KDM6A;OGT;ELOVL5;EP300;WDR82;NCOA6;NR5A2;ACSL1;KANSL3;SETD1B;LPIN1;RB1;TBL1XR1;CDK8;PPARGC1B;MED12;TASP1;PPARGC1A;KAT2B",1.1566446073758692,0.27854555151701427,,
"REACTOME_RESOLUTION_OF_AP_SITES_VIA_THE_MULTIPLE_NUCLEOTIDE_PATCH_REPLACEMENT_PATHWAY",25,-0.4458036613224414,-1.3981676222666861,0.08283132530120482,0.19970631424375918,"ADPRS;POLD2;RFC2;POLE4;POLB;POLD4;POLE3;RPA3;POLD1;APEX1;PCNA;RPA2",-1.1965847153259683,0.44607071760356426,,
"REACTOME_TNFS_BIND_THEIR_PHYSIOLOGICAL_RECEPTORS",25,-0.4453453185594718,-1.3967301284399565,0.08283132530120482,0.19970631424375918,"TNFRSF14;TNFRSF4;TNFRSF18;TNFRSF1A;CD70;TNFRSF1B;TNFRSF25;TNFRSF8;FASLG;LTA;CD27;TNFSF13B;TNFSF14;TNFRSF17",-1.4028214515592679,0.2020071726618002,,
"REACTOME_BIOSYNTHESIS_OF_SPECIALIZED_PRORESOLVING_MEDIATORS_SPMS",15,-0.5221039587757988,-1.4313938845633734,0.08306188925081433,0.19970631424375918,"GPX4;LTC4S;ALOX5AP;GSTM4;CYP2D6;CYP3A4;ALOX5;ALOX12",-1.5220554695233781,0.13029824530276954,,
"REACTOME_NOD1_2_SIGNALING_PATHWAY",36,0.3392622137098409,1.3122335379597192,0.08306709265175719,0.19970631424375918,"TRAF6;TAB3;CASP8;MAP2K6;ITCH;UBE2V1;MAP3K7;TNFAIP3;BIRC3;BIRC2;CYLD;TAB2;CHUK",1.3292906695104316,0.2867545329625547,,
"REACTOME_SIGNALING_BY_WNT_IN_CANCER",33,0.3631889248689427,1.373015902078578,0.08318131803426422,0.19970631424375918,"LRP6;TNKS2;PPP2R1B;APC;TNKS;GSK3B;PPP2R5E;FZD4;FZD6;AMER1",1.224934460544241,0.35396665602671445,,
"REACTOME_DOWNREGULATION_OF_SMAD2_3_SMAD4_TRANSCRIPTIONAL_ACTIVITY",30,0.3624351100767912,1.333542870142231,0.08333333333333333,0.19970631424375918,"TRIM33;USP9X;NCOR1;SMURF2;RNF111;SKIL;SMAD2;PARP1;NEDD4L;MAPK1;SMAD4;PPM1A;SNW1;UBE2D1",1.5518235865555245,0.07794506884154655,,
"REACTOME_CHEMOKINE_RECEPTORS_BIND_CHEMOKINES",46,-0.37744656974538426,-1.332668523575557,0.08392603129445235,0.2006846638425586,"CCL3;CCR10;CCL3L3;CXCL5;CCL5;ACKR4;CCL4;CCL13;CXCL11;CXCL10;CXCR3;CXCL8;PF4;CXCR6;ACKR3;CCL19;CX3CL1;CXCL3;CCRL2",-1.109636284200877,0.5091291212399842,,
"REACTOME_RRNA_MODIFICATION_IN_THE_NUCLEUS_AND_CYTOSOL",59,-0.3631544120891256,-1.3539681615935626,0.08425414364640885,0.2010274304545895,"RPS14;RPS6;DDX49;RPS9;RPS2;NOP10;SNU13;TSR3;IMP3;NOC4L;TBL3;NHP2;IMP4;FBL;TRMT112;RRP9;EMG1;BUD23;RPS7;RRP7A",-1.266367660705101,0.27410239361702127,,
"REACTOME_TRNA_PROCESSING_IN_THE_NUCLEUS",58,0.2969138429303767,1.281496098755824,0.08520382212389611,0.20284848680699993,"NUP153;NUP98;RANBP2;NUP58;FAM98B;TPR;XPOT;NUP133;NUP205;NUP107;DDX1;NUP50;POM121",1.1016407227562637,0.48062644098976703,,
"REACTOME_RNA_POLYMERASE_III_TRANSCRIPTION_INITIATION_FROM_TYPE_1_PROMOTER",28,-0.4329098282853321,-1.3907835383734857,0.08888888888888889,0.21115963124696752,"POLR2L;POLR2F;GTF3C5;POLR2H;POLR2E;BRF1;POLR3K;POLR1C",-1.4489801556226105,0.14891098484848486,,
"REACTOME_INITIAL_TRIGGERING_OF_COMPLEMENT",65,-0.3492490314958136,-1.3219538035496963,0.08928571428571429,0.21120105829511113,"CFD;GZMM;C1QA;C1QC;C1QB;COLEC11;IGLV3-25;IGLV3-27;IGHV1-2;FCN3;IGLC3;IGLV3-19;C1R;IGLV1-40;C4B;MASP1;IGKV3-11;C2;IGLC2;IGLV2-8;IGLV3-1;IGLV6-57;CFB;C4A;IGKV2-30",-1.410663748334021,0.14776485288026023,,
"REACTOME_SIGNALING_BY_ERBB2",46,0.3262613745819943,1.345923977757078,0.08929456508800654,0.21120105829511113,"SOS1;PIK3CA;CUL5;USP8;KRAS;YES1;ERBIN;GAB1;NRG1;PTPN12;NRAS;PRKCA;EGFR",1.2731752852234324,0.23530013650496134,,
"REACTOME_REGULATION_OF_EXPRESSION_AND_FUNCTION_OF_TYPE_II_CLASSICAL_CADHERINS",27,0.37700412771730835,1.3634127970520844,0.09036144578313253,0.21325806578070486,"SP1;AGO3;TNRC6A;AGO2;TNRC6B;AGO4;CTNND1;ZEB2;ILF3;BHLHE22;TNRC6C;AGO1;CDH11;HEYL;CTNNA1",1.4433662745562483,0.21617201398387384,,
"REACTOME_CIRCADIAN_CLOCK",108,-0.31219776151396633,-1.2848291825981928,0.09055627425614489,0.21325806578070486,"PSMB4;UBA52;RBX1;PSMB3;PSMD8;PSMB1;CDK5;PSMB7;CSNK2B;PSMC3;PSMC4;PSMA6;PSMB6;PPP1CA;CRTC2;ADRM1;PSMD13;HDAC3;PSMA5;PSMC5;RXRA;PSMB5;PSMB2;SKP1;PSMA7;CSNK1E;DBP;PSMC2;UBC;PSMA1;UBB;PSMD3",-1.2558775239370503,0.23524324324324325,,
"REACTOME_THE_NLRP3_INFLAMMASOME",16,-0.5048852574879612,-1.4261532223868698,0.09105431309904154,0.21369025969302394,"PYCARD;NFKB2;PSTPIP1;HMOX1;TXN;RELA;CASP1",-1.0552324222268235,0.5698512562856521,,
"REACTOME_APC_C_CDC20_MEDIATED_DEGRADATION_OF_CYCLIN_B",24,-0.4375638187261728,-1.36343699575073,0.09118086696562033,0.21369025969302394,"UBA52;ANAPC11;ANAPC2;UBE2S;ANAPC15;UBC;UBB;UBE2C;CDC20;ANAPC7;ANAPC5;RPS27A;ANAPC16",-1.331558689693477,0.24392603867983528,,
"REACTOME_LATE_ENDOSOMAL_MICROAUTOPHAGY",33,-0.41070418085376337,-1.3610465419801885,0.09143686502177069,0.21369025969302394,"UBA52;VPS28;MVB12A;CHMP2A;HBB;UBAP1;CHMP6;PARK7;UBC;UBB",-1.4486650178247678,0.13380322286829896,,
"REACTOME_TRANSCRIPTIONAL_ACTIVATION_OF_MITOCHONDRIAL_BIOGENESIS",53,0.3019051510047597,1.2812578845467475,0.09152542372881356,0.21369025969302394,"MED1;CHD9;NCOA1;NCOR1;CREB1;GABPA;NCOA2;POLG2;NCOA6;TFAM;ATF2;TBL1XR1;TGS1;PPARGC1B;CAMK4;PPARGC1A",1.3692767095503924,0.1513212795549374,,
"REACTOME_INFLAMMASOMES",21,-0.4500783222544603,-1.3473113560308003,0.09175738724727839,0.2137730991970854,"PYCARD;NFKB2;PSTPIP1;HMOX1;TXN;RELA;AIM2;CASP1",-1.0515633665795758,0.5783445216388668,,
"REACTOME_RA_BIOSYNTHESIS_PATHWAY",17,-0.48662989218208397,-1.389894612006558,0.0926517571884984,0.21539553807924416,"DHRS3;DHRS4;RDH16;AKR1C3;ADH1C;ALDH1A1;RDH13",-1.4154895725594272,0.20377711877633836,,
"REACTOME_RNA_POLYMERASE_III_TRANSCRIPTION_TERMINATION",23,-0.43812205054067294,-1.3441737327441583,0.09327217125382263,0.21559801840056617,"POLR2L;POLR2F;POLR2H;POLR2E;POLR3K;POLR1C;NFIC",-1.4176216732905123,0.1697512272162044,,
"REACTOME_ENERGY_DEPENDENT_REGULATION_OF_MTOR_BY_LKB1_AMPK",28,-0.4293675612405758,-1.3794035086941345,0.09333333333333334,0.21559801840056617,"LAMTOR4;LAMTOR2;LAMTOR1;LAMTOR5;MLST8;STK11;RRAGA",-1.3774370700317062,0.22551697229808818,,
"REACTOME_RNA_POLYMERASE_III_TRANSCRIPTION_INITIATION_FROM_TYPE_3_PROMOTER",28,-0.42918796863109443,-1.3788265422485595,0.09333333333333334,0.21559801840056617,"POLR2L;POLR2F;SNAPC2;POLR2H;POLR2E;BRF2;POLR3K;POLR1C",-1.4767748434157604,0.1266050333846944,,
"REACTOME_SIGNALING_BY_FGFR",78,0.2693827035191756,1.2359278333977448,0.09433962264150944,0.21746082507195397,"PTPN11;CBL;SOS1;PIK3CA;FRS2;BRAF;KRAS;SPRED2;GAB1;POLR2A;GALNT3;NRAS;KL;RBFOX2;NCBP2;FLRT2;HNRNPH1;NCBP1;POLR2B",1.1043091009739596,0.4424806821393368,,
"REACTOME_REGULATION_OF_PTEN_GENE_TRANSCRIPTION",60,-0.3510397200958574,-1.3141519334499747,0.0954356846473029,0.21952225136631193,"LAMTOR4;LAMTOR2;LAMTOR1;LAMTOR5;MAF1;MLST8;PHC2;RRAGA;MBD3;RING1;HDAC3;MAPK3;CHD4",-1.150200137296615,0.44607071760356426,,
"REACTOME_PEROXISOMAL_LIPID_METABOLISM",27,-0.4323784431727264,-1.376908421564849,0.09701492537313433,0.22268404811386108,"DECR2;ACOT8;ACOX3;CRAT;ACAA1;ACBD4;ACOT4;ABCD1;PHYH;SLC25A17;HACL1;ECI2;AMACR;NUDT7;ACOXL",-1.38032585852019,0.2225148817362904,,
"REACTOME_TBC_RABGAPS",43,-0.37656980990104777,-1.3086486645264925,0.09766763848396501,0.22371029614853458,"TBC1D10A;RAB11B;GABARAPL2;TBC1D10B;GGA1;TBC1D17;TBC1D10C;RAB33A;RABGEF1;TBC1D25;SYTL1;TBC1D7;GABARAP;RAB5C;TBC1D13;TBC1D24;ULK1;TBC1D2;RAB7B",-1.4296667196663804,0.1328500019078872,,
"REACTOME_GOLGI_ASSOCIATED_VESICLE_BIOGENESIS",55,0.28902367885632174,1.2387840401257368,0.10034602076124567,0.22926797639888477,"PIK3C2A;AP4E1;IGF2R;CPD;GOLGB1;CLTC;TGOLN2;DNAJC6;AP1G1;PICALM;ACBD3;TBC1D8B;AP3B1;PUM1;OCRL;SH3D19;BLOC1S6;YIPF6;VAMP7",1.2829744288309783,0.2715995611217446,,
"REACTOME_SYNTHESIS_OF_PIPS_AT_THE_GOLGI_MEMBRANE",15,0.44814306595205955,1.3670425969207567,0.10051546391752578,0.22926797639888477,"PIK3C2A;PIKFYVE;PIK3R4;PIK3C3;OCRL;SACM1L",1.342862524602511,0.23530013650496134,,
"REACTOME_DENGUE_VIRUS_MODULATES_APOPTOSIS",16,0.44060529234847745,1.3614690129798916,0.10106382978723404,0.23003649959939465,"TAOK1;PIK3R4;RICTOR;PIK3C3;MTOR;BECN1",1.131397397255283,0.4720071148131277,,
"REACTOME_ACTIVATION_OF_BH3_ONLY_PROTEINS",29,-0.42121328553571163,-1.3587724082424413,0.1019202363367799,0.23150149714909507,"BAD;BID;SFN;DYNLL1;TP73;E2F1;AKT2;BBC3",-1.3332085146647494,0.258678078934855,,
"REACTOME_SIGNALING_BY_INSULIN_RECEPTOR",62,0.28153887102870645,1.2335874400726057,0.10282811263236755,0.2330770553000331,"PTPN11;SOS1;PIK3R4;PIK3CA;FRS2;KRAS;PIK3CB;PDE3B;IDE;PIK3C3;GAB1;NRAS;KL;ATP6V1C1;ATP6V1E2;FGF7",1.3133084049918242,0.2152347003338923,,
"REACTOME_LDL_CLEARANCE",17,-0.4806197872107704,-1.3727287686183411,0.10383386581469649,0.23486745531473968,"NPC2;AP2S1;AP2M1;CLTA",-1.4692256699189123,0.1744059298016133,,
"REACTOME_CLASS_I_PEROXISOMAL_MEMBRANE_PROTEIN_IMPORT",19,-0.4712745273916387,-1.3823584057728906,0.10452418096723869,0.2354978354978355,"FIS1;PXMP2;PEX16;PEX14",-1.3010545177015624,0.3160507197328641,,
"REACTOME_MAPK_FAMILY_SIGNALING_CASCADES",272,0.20419178395132587,1.1146530622477748,0.10462983383211744,0.2354978354978355,"PTPN11;NF1;RAPGEF2;SPTBN1;SOS1;PIK3CA;CUL3;XPO1;NCOA3;FRS2;JAK1;RASA2;BRAF;DLG1;PAK2;KRAS;VCL;AGO3;TNRC6A;KSR1;PIK3CB;IL6ST;PPP2R1B;DUSP16;RANBP9;SPRED2;AGO2;KITLG;TNRC6B;SPTAN1;FOXO3;NRG1;RASA1;PTPN3;AGO4;HGF;NRAS;KL;BRAP;EGFR;RAG1;GRIN2B;MAPK6;SPTB;PRKCQ;SHOC2;RASAL2;PPP2R5E;FGF7;DUSP6;ANGPT1;DUSP5;CDC14A;SYNGAP1;TEK;PAQR3;PDGFRA;FOXO1;MYC;IQGAP1;YWHAB;RAF1;PIK3R1;IRS1;FYN;MAPK1;PTPN7;PSMA2;KBTBD7;PSMD1",1.202910381957934,0.09472318575746956,,
"REACTOME_PHASE_I_FUNCTIONALIZATION_OF_COMPOUNDS",73,-0.33469209121306187,-1.2881980157115984,0.10476190476190476,0.2354978354978355,"AIP;PAOX;CYB5R3;POR;CBR3;POMC;RXRA;EPHX1;ALDH1B1;NQO2;ADH5;CYP27A1;CYP2D6;FDXR;CYP4F12;CMBL;ALDH2;AOC3;PTGIS;SMOX;BPHL;ALDH3A1;ADH1C;CYP3A4",-1.1762741886076509,0.38558713752512197,,
"REACTOME_TRANSPORT_OF_VITAMINS_NUCLEOSIDES_AND_RELATED_MOLECULES",28,-0.4236938973047317,-1.3611760675766869,0.10518518518518519,0.23596181748759068,"ARL2;SLC35D2;SLC29A3;PDZD11;SLC27A4;LCN15;SLC25A5;SLC25A6;SLC25A4;LCN12;ARL2BP;SLC27A1;SLC35A2;SLC29A4",-1.6062083022259888,0.0758612119400027,,
"REACTOME_CA_DEPENDENT_EVENTS",33,0.35059616327380194,1.325409654373057,0.10543130990415335,0.23602729460024455,"CREB1;PRKAR2A;PRKCA;PRKAR1A;PDE1C;ADCY6;ADCY1;CAMK4;MAPK1;KPNA2;NBEA;PRKAR2B",1.0824182156854798,0.5270977327046056,,
"REACTOME_SPHINGOLIPID_DE_NOVO_BIOSYNTHESIS",34,0.3400639470417057,1.2907133239968407,0.1064516129032258,0.23782208385772005,"SAMD8;OSBP;CERS6;ABCC1;CERT1;PRKD3;SPTLC2;PPM1L;SGMS2;ABCG2;KDSR",1.2082046093845298,0.33508695843468533,,
"REACTOME_WNT5A_DEPENDENT_INTERNALIZATION_OF_FZD4",15,-0.5073239175344777,-1.3908731026562084,0.10912052117263844,0.2432850963848988,"AP2S1;AP2M1;CLTB;CLTA",-1.2925557738586113,0.3439722483264302,,
"REACTOME_POST_TRANSLATIONAL_MODIFICATION_SYNTHESIS_OF_GPI_ANCHORED_PROTEINS",68,-0.3331174583484152,-1.2770244952064778,0.11081081081081082,0.24654838887967725,"DPM3;GPAA1;DPM2;PIGQ;CD52;LY6E;LYPD5;BST1;PIGT;FOLR2;LYPD1;NTNG2;RTN4RL2;PIGV;RTN4RL1;PIGC;MSLN;THY1;PIGU;PRND;ALPL;NRN1;ART3;PIGH",-1.086122701143489,0.5326795354871754,,
"REACTOME_PEPTIDE_LIGAND_BINDING_RECEPTORS",109,-0.30305329597319336,-1.2468529074715555,0.11183355006501951,0.24831612749130863,"NPW;CCL3;CCR10;NPY1R;CCL3L3;CXCL5;POMC;NMB;CCL5;ACKR4;GPER1;CCL4;ACKR1;CCL13;CXCL11;CXCL10;ANXA1;MC1R;RXFP4;C5AR1;PSAP;EDN2;BDKRB1;NMU;CXCR3;NMUR1;C5AR2;CXCL8;PF4;GRP;KISS1;CXCR6;ACKR3;GHRL;FPR1;C3AR1;CCL19;CX3CL1;TACR2;CXCL3;APLN;CCRL2;SSTR1;SSTR5;CCL2;GPR37L1;SSTR2;CXCL13;HEBP1",-1.1422734175680316,0.39493645535185296,,
"REACTOME_DNA_METHYLATION",29,-0.41711823523935265,-1.3455623753585524,0.11225997045790251,0.24875529095355994,"H2AC20;H2AJ;H2AX;H2AC8;H3C8;H2AZ2;H2BC12;H2BC8;H4C5;H2BC4;H4C9;H2AC6;H3C10",-1.3936023312963515,0.19219539509645767,,
"REACTOME_CONSTITUTIVE_SIGNALING_BY_LIGAND_RESPONSIVE_EGFR_CANCER_VARIANTS",19,0.4073862775615887,1.3250047288653102,0.11357340720221606,0.25115420129270544,"CBL;SOS1;PIK3CA;KRAS;GAB1;NRAS;EGFR",1.3833086572542248,0.19349441168661363,,
"REACTOME_TRANSLESION_SYNTHESIS_BY_POLH",19,-0.4686830501447097,-1.3747569969390867,0.11388455538221529,0.2513314325676475,"UBA52;UFD1;RFC2;RPA3;UBC;UBB;PCNA;RPA2;NPLOC4;RPS27A;VCP",-1.2153947667869982,0.4192933349559856,,
"REACTOME_RET_SIGNALING",37,0.32938743912580704,1.278662137817968,0.11464968152866242,0.25250780061373423,"PTPN11;SOS1;PIK3CA;FRS2;PIK3CB;GAB1;PRKCA",1.381873532092986,0.17560489737422416,,
"REACTOME_NEGATIVE_REGULATORS_OF_DDX58_IFIH1_SIGNALING",35,-0.39373207688407874,-1.3148154694834957,0.11627906976744186,0.2555790462767207,"UBA52;PIN1;ISG15;UBE2L6;IRF3;UBE2D2;RNF135;UBC;UBB;UBA7;PCBP2;OTUD5;RPS27A;IKBKE",-1.3011721141091126,0.2595792874677337,,
"REACTOME_TCF_DEPENDENT_SIGNALING_IN_RESPONSE_TO_WNT",176,-0.2771052866023087,-1.2155640244601378,0.11750599520383694,0.2577550862535778,"PSMB4;UBA52;RBX1;PSMB3;H2AC20;PSMD8;PSMB1;CBY1;PSMB7;H2AJ;CTBP1;CSNK2B;CTNNBIP1;PSMC3;H2AX;PPP2R1A;PSMC4;PSMA6;PSMB6;DVL1;ADRM1;PSMD13;WNT4;PSMA5;CSNK1G2;PSMC5;PSMB5;PSMB2;AKT2;KREMEN2;PYGO2;PSMA7;CSNK1E;DPY30;PSMC2;UBC;H2AC8;H3C8;PSMA1;UBB;PSMD3;H2AZ2;AKT1;SOX17;SEM1;SOX13;PSMA3;PSMD2;PPP2CA;DVL3;H2BC12;WDR5;FRAT1;H2BC8;RPS27A;H4C5",-1.1672153298691155,0.31988377924975353,,
"REACTOME_INTERLEUKIN_2_FAMILY_SIGNALING",36,0.33065056088499223,1.278924494991271,0.1182108626198083,0.2586218606104237,"SOS1;PIK3CA;JAK1;SOS2;PIK3CB;STAT3;STAT5B",1.4772188212962987,0.13254579251207446,,
"REACTOME_CELL_CELL_COMMUNICATION",272,-0.25958438015197643,-1.1893538410780293,0.11837655016910936,0.2586218606104237,"PSMB4;UBA52;OST4;PSMB3;H2AC20;PSMD8;CLDN3;PSMB1;CRB3;CD151;TYROBP;TESK1;TMEM258;PARD6A;ACTB;PSMB7;H2AJ;MCRIP1;RACK1;ACTG2;CTBP1;CSNK2B;PSMC3;DAD1;H2AX;PSMC4;PSMA6;PSMB6;CLDN15;ADRM1;PSMD13;PTPN6;PRKCSH;PSMA5;PSMC5;ACTA1;CTSB;RPN1;PSMB5;ANGPTL4;PSMB2;MAPK3;CDH24;VASP;PSMA7;POMT1;MOGS;CLDN7;ADAM33;CLDN5;PSMC2;DNTTIP1;ACTA2;BANP;ANG;UBC;H2AC8;CLDN4;H3C8;PSMA1;UBB;PSMD3;CLDN9;SPCS1;KIRREL3;OSTC;DNM2;H2AZ2;NCK2;DDOST;FOXA2;SEM1;PSMA3;TWIST2;TFAP2A;TCF3;PSMD2;CTSL;FLNC;H2BC12;PRDM8;FBLIM1;H2BC8;RPS27A;H4C5;PIP5K1C",-1.0603073658054367,0.5472837022132797,,
"REACTOME_SIGNALING_BY_BRAF_AND_RAF1_FUSIONS",58,0.28219784298298534,1.217981052317605,0.1206896551724138,0.26314698362241723,"AKAP9;MPRIP;KDM7A;BRAF;KRAS;VCL;KSR1;AP3B1;NRAS;ZC3HAV1;KIAA1549;FXR1;TRAK1;IQGAP1;YWHAB;RAF1;CLCN6;MAPK1",1.1904017503085116,0.30501544397106467,,
"REACTOME_RSV_HOST_INTERACTIONS",82,-0.31555575919841294,-1.2437392205450966,0.12133333333333333,0.2636516105169852,"UBA52;RBX1;MED27;ELOB;CD14;ISG15;MED10;MED18;MED8;UBE2L6;SDC1;MED16;IRF3;MED26;MED25;MED11;BCAP31;MED29;UBC;IFNAR2;UBB;ELOC;MED19;MED30;MED31;TYK2;MED22;GPC1;MED15",-1.2796708319541605,0.23021706057554267,,
"REACTOME_MRNA_DECAY_BY_3_TO_5_EXORIBONUCLEASE",16,-0.4847937106954802,-1.369400477528764,0.12140575079872204,0.2636516105169852,"EXOSC4;EXOSC1;EXOSC5;EXOSC7;SKIC8;EXOSC3;NT5C3B;EXOSC2",-1.3867163850953659,0.23530013650496134,,
"REACTOME_INTERLEUKIN_37_SIGNALING",18,0.411839800635456,1.3132984630928004,0.12362637362637363,0.26793923208265835,"PTPN11;PTPN4;TBK1;PTPN12;STAT3;PTPN14;PTPN13;IL18R1;PTPN7",1.1403769865757925,0.4948358645465118,,
"REACTOME_DEFECTIVE_INTRINSIC_PATHWAY_FOR_APOPTOSIS",24,-0.41916169179190343,-1.3060964671491522,0.12556053811659193,0.27159018980288674,"CAPNS1;CDK5;PRDX2;CDKN2A;LMNA;PRDX1;CAPN1;CDC25C;C1QBP;FASLG",-1.4567019683522258,0.15591115357057558,,
"REACTOME_RAB_GEFS_EXCHANGE_GTP_FOR_GDP_ON_RABS",89,0.26039900551120687,1.21010406828574,0.12601626016260162,0.2719215610881477,"SBF2;ALS2;RAB3GAP1;CHML;TRAPPC10;DENND4A;TRAPPC11;DENND4C;RAB3GAP2;RAB21;RIC1;CHM;DENND2C;DENND5B;TRAPPC8;RAB10;MADD;RAB5A;RAB6A;GAPVD1",1.1424661884297278,0.35411681914144966,,
"REACTOME_MITF_M_REGULATED_MELANOCYTE_DEVELOPMENT",144,0.23171662334247126,1.1638868810011185,0.1262135922330097,0.2719215610881477,"XPO1;DICER1;BRCA1;CREB1;SIRT1;AGO3;TNRC6A;SMARCC1;EPRS1;AGO2;KITLG;TNRC6B;GSK3B;SIN3A;YWHAG;AGO4;CCND1;STT3B;EP300;ARID1B;ITGA2;ATP6V1C1;ARID1A;CDH1;SOX9;DARS1;ZEB1;SMARCC2;SS18;SMARCA2;LARS1;DPF3;SYTL2;CEACAM1;MLANA;YWHAB;PPARGC1A;EDNRB;SMARCD1;IARS1;MAPK1;MAPK14;MYO5A",1.148277091556226,0.27854555151701427,,
"REACTOME_SIGNALING_BY_NTRKS",122,0.24090881269766823,1.1794748100090158,0.12669683257918551,0.27242322894496807,"PTPN11;KIDINS220;SOS1;PIK3CA;REST;FRS2;BRAF;CREB1;CLTC;KRAS;MEF2A;PIK3CB;PPP2R1B;GAB1;RPS6KA3;STAT3;NRAS;NAB1;TCF12;EP300;EGR3;EGR1;GRIN2B;AP2B1;DUSP6;PCSK6;ATF2;YWHAB;SGK1;CRK;PIK3R1;ATF1;IRS1;FYN;MAPK1;MAPK14;TPH1;CDK5R1",1.1600282602476564,0.3039383895203957,,
"REACTOME_NUCLEOTIDE_CATABOLISM",29,-0.40941890728476305,-1.3207254702894242,0.12703101920236337,0.27260305501414467,"DNPH1;NT5C;NUDT1;NUDT18;UPP1;ENTPD2;TYMP",-1.28227732622473,0.3026978667459489,,
"REACTOME_LATE_SARS_COV_2_INFECTION_EVENTS",71,-0.32464375700062864,-1.2423862711881304,0.13031550068587106,0.279100914854779,"UBA52;OST4;MAN1B1;MGAT1;PARP10;TMEM258;DAD1;EDEM2;ST6GALNAC4;MGAT4B;PRKCSH;UBE2I;RPN1;PRMT1;MOGS;UBC;GSK3A;UBB;PARP16;ZDHHC8;OSTC",-1.319392548861935,0.20739850735922735,,
"REACTOME_DENGUE_VIRUS_HOST_INTERACTIONS",245,0.20243702690569965,1.0842971733793123,0.13191357157085845,0.281968498760499,"CTR9;DDX3X;TAOK1;PIK3R4;DDX46;U2SURP;HNRNPA3;SF3B1;UBR4;HNRNPU;CCAR1;CPSF6;DDX42;RICTOR;CWC22;CDC5L;SRSF11;HNRNPR;CDC40;PCF11;DHX9;DHX15;TJP1;PAPOLA;SRSF1;PIK3C3;SF3B3;AQR;NUDT21;MTOR;HNRNPA2B1;LEO1;PDCD6IP;POLR2A;BECN1;SRRM1;SNRNP200;DDX5;NCBP2;TAL1;CWC25;WDR33;HNRNPH2;HNRNPH1;NCBP1;POLR2B;CPSF2;SRRM2;CWC27;HNRNPD;HSPG2",-0.929987994937514,0.7694483734087695,,
"REACTOME_INSULIN_PROCESSING",21,0.38613520439784743,1.3030403408017652,0.13370473537604458,0.2852367688022284,"EXOC2;KIF5C;EXOC8;EXOC5;KIF5B;KIF5A;MYO5A;EXOC6",1.669077664050878,0.07346530124629626,,
"REACTOME_APC_CDC20_MEDIATED_DEGRADATION_OF_NEK2A",26,-0.4157720463108474,-1.3121534661258032,0.13435114503816795,0.2860548841517157,"UBA52;ANAPC11;ANAPC2;UBE2S;ANAPC15;UBC;UBB;UBE2C;CDC20;ANAPC7;ANAPC5;RPS27A;BUB3;ANAPC16",-1.2463552096166766,0.3526417033386914,,
"REACTOME_DISORDERS_OF_TRANSMEMBRANE_TRANSPORTERS",132,-0.2816854770922421,-1.190729677179035,0.1372299872935197,0.2916137229987294,"PSMB4;UBA52;PSMB3;PSMD8;PSMB1;PSMB7;SEC13;SLC39A4;BSG;PSMC3;PSMC4;PSMA6;PSMB6;SLC67A1;ADRM1;PSMD13;SLC29A3;PSMA5;PSMC5;SLC27A4;PSMB5;PSMB2;RNF5;PSMA7;PSMC2;UBC;PSMA1;UBB;PSMD3;ABCB6;DERL3;AAAS;SLC40A1;ABCD1;SEM1;PSMA3;PSMD2;SLC35A2;SLC5A1;NUP85;RPS27A;ABCD4",-1.291980211829603,0.17351868283545302,,
"REACTOME_MTOR_SIGNALLING",40,-0.37220921371195453,-1.2798556233809306,0.1378809869375907,0.2924013507671095,"LAMTOR4;RPS6;LAMTOR2;LAMTOR1;LAMTOR5;EIF4EBP1;MLST8;STK11;RRAGA",-1.4751646977714208,0.13883595643578364,,
"REACTOME_SIGNALING_BY_EGFR_IN_CANCER",24,0.37422165115207195,1.30058072378026,0.13813813813813813,0.2924013507671095,"CBL;SOS1;PIK3CA;KRAS;GAB1;NRAS;EGFR",1.3863091277301556,0.1993141249230589,,
"REACTOME_SIGNALING_BY_HEDGEHOG",130,-0.28067066236008875,-1.1852662804077125,0.1385390428211587,0.2926805409503314,"PSMB4;UBA52;RBX1;PSMB3;PSMD8;PSMB1;PSMB7;TUBB4B;PSMC3;PSMC4;PSMA6;PSMB6;PRKAR1B;TUBA4A;TUBA1A;ADRM1;PSMD13;PRKACA;GRK2;PSMA5;TUBB6;PSMC5;PSMB5;PSMB2;SKP1;PSMA7;ULK3;PSMC2;UBC;PSMA1;UBB;PSMD3",-1.0390618365129314,0.5830060928862526,,
"REACTOME_HS_GAG_DEGRADATION",19,-0.45501009165243733,-1.3346510119876245,0.13884555382215288,0.2927596173614387,"IDUA;NAGLU;SDC1;SGSH;GPC1;CTSL",-1.2331114713708666,0.39335651927035276,,
"REACTOME_RESPONSE_TO_ELEVATED_PLATELET_CYTOSOLIC_CA2",110,-0.2917689867991155,-1.2008723607559946,0.13971539456662355,0.29402388643807814,"CFD;TEX264;TIMP1;VEGFB;TAGLN2;STXBP2;CYB5R1;RARRES2;PPIA;PFN1;CD63;SOD1;TUBA4A;STX4;CFL1;ALDOA;PDGFA;CTSW;FERMT3;LGALS3BP;F8;GAS6;ISLR;CHID1;TMSB4X;CLEC3B;WDR1;PCYOX1L;EGF;TGFB1;TOR4A",-0.9203718735706603,0.7563959955506118,,
"REACTOME_POLYMERASE_SWITCHING_ON_THE_C_STRAND_OF_THE_TELOMERE",25,-0.41302885379863163,-1.2953764640023546,0.14006024096385541,0.2941805833372098,"POLD2;ACD;RFC2;POLA2;POLD4;CHTF18;POLD1;TINF2;STN1;PCNA",-1.2652160130222143,0.3399234812078849,,
"REACTOME_SIGNALING_BY_ERBB4",46,0.2950154803767773,1.2170254887123886,0.14046822742474915,0.2943307457068925,"ADAM17;SOS1;PIK3CA;NCOR1;YAP1;KRAS;NEDD4;NRG1;ITCH;WWP1;NRAS;EGFR",1.305725758547154,0.20272650201094336,,
"REACTOME_SLC_MEDIATED_TRANSPORT_OF_AMINO_ACIDS",28,0.3551863365171697,1.2934404754008775,0.14067278287461774,0.2943307457068925,"SLC38A1;SLC7A11;SLC38A2;SLC6A14;SLC7A1;SLC7A6;SLC6A12",0.7548801403953197,0.9226630978487713,,
"REACTOME_NUCLEAR_RNA_DECAY",35,0.32667018455884833,1.2590773881748425,0.14331210191082802,0.29927747961416673,"YTHDC1;DIS3;ZFC3H1;YTHDC2;RBM26;PAPOLG;MTREX;TENT4B;NCBP2;WDR82;NCBP1;XRN2",1.4133939038099745,0.1650317477585831,,
"REACTOME_SIGNALING_BY_VEGF",102,0.2455221870945093,1.167384207024262,0.1459227467811159,0.3024253821302859,"ROCK2;PIK3CA;KDR;FLT1;ABI2;ROCK1;NCKAP1;PAK2;KRAS;RICTOR;ITPR2;PIK3CB;MTOR;RASA1;ITPR1;NRAS;PRKCA",1.1410687146073988,0.3447699709042722,,
"REACTOME_VIRAL_MESSENGER_RNA_SYNTHESIS",44,0.30151405066139514,1.230832259617877,0.1461038961038961,0.3024253821302859,"NUP153;NUP98;RANBP2;NUP58;TPR;NUP133;NUP205;POLR2A;NUP107;NUP50;POM121;NUP160;POLR2B",-1.1082541971365816,0.5134926303215593,,
"REACTOME_TRANSCRIPTIONAL_REGULATION_OF_WHITE_ADIPOCYTE_DIFFERENTIATION",80,0.2577324794601448,1.1850126133018215,0.14615384615384616,0.3024253821302859,"MED1;MED13L;MED13;CHD9;NCOA1;NCOA3;NCOR1;ZNF638;MED14;CDK19;NCOA2;MED23;THRAP3",-0.944248705901544,0.7097414511602155,,
"REACTOME_NEGATIVE_REGULATION_OF_FGFR3_SIGNALING",22,0.3818155042625014,1.3024984994210937,0.14619883040935672,0.3024253821302859,"PTPN11;CBL;FRS2;BRAF",1.2030170951747925,0.3937748823742309,,
"REACTOME_REGULATION_OF_PYRUVATE_METABOLISM",32,0.3402338612283938,1.284440445704414,0.14641744548286603,0.3024253821302859,"MKLN1;NEK1;RANBP9;RMND5A;WDR26;PDP2;DLD;DLAT;PDHX;PDK3;ARMC8;PDPR;PDP1",1.1824749581991192,0.39335651927035276,,
"REACTOME_SEALING_OF_THE_NUCLEAR_ENVELOPE_NE_BY_ESCRT_III",24,-0.41218075908979135,-1.2843440701191267,0.14648729446935724,0.3024253821302859,"TUBB4B;CHMP2A;TUBA4A;TUBA1A;VPS4A;TUBB6;CHMP6",-1.406343059022168,0.1744059298016133,,
"REACTOME_PKR_MEDIATED_SIGNALING",68,-0.32356038147374244,-1.2403869039735276,0.1472972972972973,0.3035217035217035,"CENPX;FAAP20;ISG15;TUBB4B;SPHK1;PPP2R1A;FANCG;TARBP2;TUBA4A;TUBA1A;UBE2L6;UBE2I;TUBB6;FAAP100",-1.1572363318385401,0.42601686518667226,,
"REACTOME_NICOTINATE_METABOLISM",26,-0.40743700978466363,-1.2858485541790765,0.1480916030534351,0.30458159569402155,"NAPRT;NAXE;PARP10;BST1;NNMT;NADK;NADSYN1;PARP16;SLC25A51;NMRK1;CD38;NT5E;QPRT;NMNAT3",-1.1189330254141863,0.5270977327046056,,
"REACTOME_ACTIVATION_OF_MATRIX_METALLOPROTEINASES",22,-0.4232092994604483,-1.2856497196286656,0.15,0.30792452830188677,"TIMP1;MMP9;MMP17;TPSAB1;MMP25;MMP7;MMP15;MMP11;MMP24;MMP1;FURIN;PRSS2;MMP14",-0.9248626033744013,0.7038255374842652,,
"REACTOME_CARDIOGENESIS",20,-0.4450715112300837,-1.3137849429280863,0.15070643642072212,0.30879209571703514,"MESP1;LDB1;TBX1;HAND2;KAT2A;WDR5;SRF;GATA6;HEY1;ISL1;EOMES;LEF1;KAT5;HEY2",-1.138741978985155,0.5060698167081146,,
"REACTOME_DENGUE_VIRUS_ATTACHMENT_AND_ENTRY",42,-0.36247744094517,-1.2515355666382897,0.15226939970717424,0.31140809564173977,"AP2S1;AP2M1;RPSA;CD14;LY6E;EMC4;CD300A;SDC1;GAS6;ATG7;UBA7;GPC1;CD33;AP2A2;MAPRE3;RNASEK;AP2A1;UBA1;AXL;SDC3;FURIN;AGRN",-1.4221091620869395,0.13030443517230722,,
"REACTOME_SUMOYLATION_OF_TRANSCRIPTION_COFACTORS",44,0.2991621695613488,1.2212314760975973,0.15584415584415584,0.3181209034867571,"NCOA1;CASP8AP2;PHC3;NCOA2;SIN3A;PIAS1;NRIP1;ZNF131;DDX5;EP300;PHC1;HIPK2;TOPORS;DDX17;PPARGC1A;SAFB;UHRF2;ZNF350",1.1816760801295407,0.37115009746588695,,
"REACTOME_MRNA_CAPPING",28,-0.3998651890300535,-1.2846230003007841,0.15703703703703703,0.3195935217529375,"POLR2I;POLR2L;POLR2J;POLR2F;POLR2H;POLR2E;POLR2G",-1.4552493365497137,0.14347721244272968,,
"REACTOME_GLUCOSE_METABOLISM",73,0.26037305819297807,1.1770001993547992,0.15730337078651685,0.3195935217529375,"NUP153;NUP98;RANBP2;NUP58;TPR;PPP2R1B;PGM2L1;NUP133;NUP205;NUP107;NUP50;POM121",-0.8291713260542877,0.8569724838685753,,
"REACTOME_TRNA_MODIFICATION_IN_THE_NUCLEUS_AND_CYTOSOL",45,-0.352610627174956,-1.243749052574749,0.1574468085106383,0.3195935217529375,"URM1;LAGE3;QTRT1;OSGEP;CTU2;TRMT1;CTU1;GON7;ADAT3;TRMT61A;TRMT112;METTL1",-1.2843295313954735,0.2595792874677337,,
"REACTOME_CLASS_B_2_SECRETIN_FAMILY_RECEPTORS",64,-0.3263352201138155,-1.2328597328694257,0.15868673050615595,0.3215105452340739,"GNB2;WNT7B;GNG5;UCN3;WNT4;SCT;WNT6;RAMP2;RAMP1;RAMP3;GNGT2;IHH;ADGRE5;UCN;ADM2;GNAS;UCN2;GNB5;FZD8;WNT10A;PTH1R;VIPR1;PTHLH;FZD9;ADGRE3;VIP;GNB1;GNB3;ADM;WNT9A;WNT2;WNT11;FZD10",-1.261978927233668,0.2809604342410402,,
"REACTOME_CS_DS_DEGRADATION",17,-0.4526618730042644,-1.292876390162263,0.1597444089456869,0.3230518902098649,"HEXA;IDUA;GUSB;CSPG5;BGN;HYAL1;HYAL3;GLB1",-1.1614783316441446,0.47209789868850865,,
"REACTOME_INTERLEUKIN_10_SIGNALING",42,-0.3594786635042637,-1.241181607467919,0.16105417276720352,0.3250963635820361,"TIMP1;CCL3;CCL3L3;CSF2;CCL5;TNFRSF1A;CCL4;IL10RB;TYK2;CXCL10;IL1R2;TNFRSF1B;IL1RN;CSF1;CXCL8;CD86;IL10RA;FPR1;CCL19;ICAM1",-0.8570143789471555,0.8119724509347004,,
"REACTOME_SEMA4D_INDUCED_CELL_MIGRATION_AND_GROWTH_CONE_COLLAPSE",20,0.3818437849676626,1.2638472988726701,0.16164383561643836,0.3256823947234906,"ROCK2;ARHGEF12;ROCK1;MYH10",1.4696928782023686,0.12358548433375885,,
"REACTOME_REGULATED_NECROSIS",57,-0.3311661724034872,-1.2161566563687758,0.16358463726884778,0.3289835219011209,"UBA52;GSDMD;TRADD;STUB1;FLOT1;CHMP2A;CDC37;FLOT2;TRAF2;UBE2L3;BAK1;CHMP6;IRF1;UBC;UBB;BAX;FADD;CASP1;TNFSF10;RPS27A;RIPK3;CASP4;IRF2;FASLG",-1.0983475952716102,0.5270977327046056,,
"REACTOME_PROTEIN_METHYLATION",17,-0.44754582864745424,-1.2782641302075122,0.1645367412140575,0.33028777572120765,"RPS2;ETFB;EEF2;EEF2KMT;METTL22;EEF1A1",-1.3527861618540733,0.2595792874677337,,
"REACTOME_RNA_POLYMERASE_III_TRANSCRIPTION",41,-0.3599250778372317,-1.2374434873363507,0.16519174041297935,0.3309919218587874,"POLR2L;POLR2F;SNAPC2;GTF3C5;POLR2H;POLR2E;BRF1;BRF2;POLR3K;POLR1C",-1.3815834723630973,0.18644835034079593,,
"REACTOME_INTERFERON_SIGNALING",257,-0.2531827680351938,-1.1531154424981316,0.16628440366972477,0.33198631936171175,"CENPX;UBA52;PIN1;FAAP20;IFI27;PSMB8;ACTB;IFI35;SEC13;SFN;ISG15;HLA-C;HLA-F;TUBB4B;HLA-A;SPHK1;HLA-DRB1;HLA-DPB1;PPP2R1A;HLA-DRA;FANCG;BST2;HLA-E;MT2A;IRF7;TARBP2;HLA-B;TUBA4A;TUBA1A;HLA-DQB1;IFITM3;IFITM2;UBE2L6;FNTB;PTPN6;UBE2I;TUBB6;IRF3;PML;FAAP100;TRIM8;MAPK3;USP18;IFI6;EIF4E2;IFI44;HLA-G;IFI44L;HLA-DPA1;ISG20;IRF1;IRF5;UBC;IFNAR2;FNTA;SOCS1;HLA-H;UBB;IP6K2;HLA-DQA1;HLA-DRB5;UBA7;HLA-DQB2;TYK2;OASL;AAAS;DUS2;TUBA1B;PPP2CA;TRIM3;ILF2;FCGR1A;CIITA;NUP85;CASP1;IFITM1;RPS27A;B2M;YBX1;IRF9",-1.1849571355498179,0.2724296005239031,,
"REACTOME_ATF4_ACTIVATES_GENES_IN_RESPONSE_TO_ENDOPLASMIC_RETICULUM_STRESS",26,-0.39860056255386345,-1.2579612179211128,0.166412213740458,0.33198631936171175,"EXOSC4;CEBPB;EXOSC1;EXOSC5;NFYC;ATF4;EXOSC7;EXOSC3",-1.1333900512100212,0.5093845725424674,,
"REACTOME_PROCESSING_OF_DNA_DOUBLE_STRAND_BREAK_ENDS",77,0.25540906223886783,1.1712875122630058,0.16666666666666666,0.33198631936171175,"ATM;ATR;TOPBP1;BRCA1;MRE11;MDC1;TP53BP1;WRN;TIMELESS;PPP4R2;HERC2;RAD50;NBN;BRIP1;RAD17;BRCC3;RNF168;DNA2;CLSPN;BARD1;CHEK1;UBE2V2;BLM;RNF8;NSD2;RAD9B;RFC3",0.9636779876936743,0.6981876519690171,,
"REACTOME_SIRT1_NEGATIVELY_REGULATES_RRNA_EXPRESSION",33,-0.37412283600630136,-1.2398183801384395,0.16690856313497823,0.33198631936171175,"H2AC20;H2AJ;H2AX;SUV39H1;H2AC8;H3C8;H2AZ2;H2BC12;H2BC8;H4C5;H2BC4;TAF1C;H4C9;H2AC6;RRP8;H3C10",-1.160098851269297,0.4396089561652476,,
"REACTOME_ACTIVATION_OF_BAD_AND_TRANSLOCATION_TO_MITOCHONDRIA",15,-0.47237872009008763,-1.2950677729397961,0.16775244299674266,0.33305594521981025,"BAD;BID;SFN;AKT2",-1.39352124039464,0.2434651757105608,,
"REACTOME_DISEASES_ASSOCIATED_WITH_GLYCOSYLATION_PRECURSOR_BIOSYNTHESIS",16,-0.4607883936588937,-1.301592476129629,0.17092651757188498,0.3387396195231528,"DPM3;GALT;DPM2;GALK1;DOLK",-1.3132563511774915,0.32023966684443517,,
"REACTOME_HSF1_ACTIVATION",27,-0.3965177202441335,-1.2627100100032946,0.17313432835820897,0.34249118046132976,"HSPB1;HSBP1;HSF1;DEDD2;RPA3;MRPL18;UBB;EEF1A1;RPA2;HSPA6;SERPINH1;VCP;DNAJB6;DNAJB1",-1.2569229439007923,0.35411681914144966,,
"REACTOME_RECOGNITION_OF_DNA_DAMAGE_BY_PCNA_CONTAINING_REPLICATION_COMPLEX",30,-0.3855401116907614,-1.2506343078398547,0.17699115044247787,0.34948524806064596,"UBA52;RBX1;POLD2;RFC2;POLE4;POLD4;POLE3;RPA3;UBC;UBB;POLD1;PCNA;RPA2;RPS27A",-1.0795411603508878,0.5586567120134565,,
"REACTOME_PROCESSIVE_SYNTHESIS_ON_THE_LAGGING_STRAND",15,-0.4686206122849683,-1.2847645901361437,0.1775244299674267,0.3499032242836237,"POLD2;POLA2;POLD4;RPA3;POLD1;PCNA;RPA2",-1.092101893570512,0.5380072502023722,,
"REACTOME_RHO_GTPASES_ACTIVATE_PKNS",58,-0.3265077558625693,-1.2077590873459396,0.17837078651685392,0.3509356523152569,"MYL6;H2AC20;PPP1R14A;H2AJ;SFN;MYL9;RHOC;H2AX;PKN1;H2AC8;H3C8;MYL12B;MYH11;H2AZ2;RAC1;H2BC12;H2BC8;H4C5;CDC25C;H2BC4;H4C9;YWHAH;H2AC6;PKN3;H3C10;KLK3",-0.9671407781026227,0.6844237376907383,,
"REACTOME_MITOCHONDRIAL_BIOGENESIS",93,-0.294912947479999,-1.1911047131110215,0.17918313570487485,0.3512970829507502,"MICOS13;ATP5F1D;ATP5MF;ATP5ME;ATP5MC2;ATP5MJ;ATP5PO;ATP5MG;POLRMT;CRTC2;ATP5F1C;ATP5MC1;HDAC3;ATP5F1E;RXRA;ATP5MK;ESRRA;ATP5PD;TMEM11;MTX1;MICOS10;IDH2;ATP5MC3;NRF1;SSBP1;CHCHD6;PRKAG1;SMARCD3;CARM1",-1.058013782860931,0.5602568165222302,,
"REACTOME_DNA_DAMAGE_BYPASS",48,-0.3428173830362542,-1.2173121677679457,0.1794871794871795,0.3512970829507502,"UBA52;RBX1;UFD1;ISG15;POLD2;MAD2L2;RFC2;UBE2L6;POLE4;POLD4;POLE3;RPA3;UBC;UBB;POLD1;UBA7;PCNA;RPA2;NPLOC4;PCLAF;RPS27A",-1.0857462270686264,0.5472837022132797,,
"REACTOME_RNA_POLYMERASE_I_PROMOTER_ESCAPE",55,-0.33255804684270235,-1.217140042677433,0.17952314165497896,0.3512970829507502,"H2AC20;POLR2L;POLR1H;POLR2F;H2AJ;POLR2H;H2AX;POLR2E;POLR1E;POLR1C;H2AC8;H3C8;H2AZ2;ERCC2;H2BC12;H2BC8;H4C5;H2BC4;TAF1C;H4C9;H2AC6;H3C10;GTF2H5",-1.282683507305379,0.26586770361870765,,
"REACTOME_EFFECTS_OF_PIP2_HYDROLYSIS",23,0.3634708983369375,1.2580973128054656,0.1810344827586207,0.3536185228750077,"DGKH;ITPR2;DGKE;ITPR1;ITPR3;PRKCQ;DGKD;PRKCH;TRPC6;DGKA;PRKCE;RASGRP1",1.004698193129292,0.6197981639329068,,
"REACTOME_PHOSPHOLIPID_METABOLISM",192,0.2111804123067068,1.1064844670902727,0.18404907975460122,0.35886272181542317,"PIK3C2A;PIKFYVE;SBF2;PIK3R4;PIK3CA;SELENOI;PLEKHA5;OSBPL8;SYNJ1;PLEKHA8;PLA2G4E;MIGA1;SYNJ2;PIK3CB;DDHD1;MTMR2;LPCAT2;PIK3C3;GPD2;CEPT1;PIP4K2C;LPIN2;ETNK1;MTMR4;MTM1;RAB5A;LPGAT1;OCRL;MTMR9;MBOAT1;MTMR6;PIP4K2B;PTPN13;SACM1L;INPP5F;LPIN1;DDHD2;LCLAT1;INPP4A;PLEKHA1;PCYT1A;PIK3R1;MTMR8;PLEKHA3;PIK3C2B;MTMR10;PITPNM3;GPD1L;CDS1;AGPAT5;CSNK2A1;MTMR12;PI4KA;GPAM;STARD7;MBOAT2;OSBPL10;PIP5K1A;GPAT4;PLEKHA4;PIP4K2A;PNPLA8",-0.7797331927253172,0.9618555758985633,,
"REACTOME_GLOBAL_GENOME_NUCLEOTIDE_EXCISION_REPAIR_GG_NER",83,-0.3010547297817367,-1.1900218367728383,0.1856763925729443,0.3609385367030581,"UBA52;RBX1;ACTB;GPS1;POLD2;COPS6;MCRS1;RFC2;TFPT;INO80E;INO80C;POLE4;RAD23A;UBE2I;SUMO3;POLD4;INO80B;ERCC1;POLE3;RPA3;UBC;UBB;POLD1;COPS4;COPS7A;PCNA;XRCC1",-1.2996886163622368,0.20047562288748005,,
"REACTOME_NOTCH2_ACTIVATION_AND_TRANSMISSION_OF_SIGNAL_TO_THE_NUCLEUS",22,-0.4133443347078039,-1.2556813583838786,0.18636363636363637,0.3609385367030581,"UBA52;PSENEN;MIB2;APH1A;MDK;UBC;UBB;NEURL1B;JAG2",-1.1975303437150535,0.44607071760356426,,
"REACTOME_SIGNALING_BY_FGFR2",62,0.26157568831144096,1.1461169910581879,0.1863799283154122,0.3609385367030581,"PTPN11;CBL;SOS1;PIK3CA;FRS2;BRAF;KRAS;GAB1;POLR2A;NRAS;RBFOX2;NCBP2;HNRNPH1;NCBP1;POLR2B",-0.9717974163989271,0.6828665267332649,,
"REACTOME_SIGNALING_BY_WNT",264,-0.24756201015087467,-1.1319962875109784,0.1864406779661017,0.3609385367030581,"PSMB4;UBA52;RBX1;PSMB3;H2AC20;AP2S1;AP2M1;GNB2;PSMD8;CLTB;PSMB1;CLTA;CBY1;TLE5;PARD6A;PSMB7;H2AJ;WNT7B;CTBP1;CSNK2B;CTNNBIP1;PSMC3;H2AX;RAC3;PFN1;PPP2R1A;PSMC4;PSMA6;GNG5;PSMB6;DVL1;ADRM1;PSMD13;WNT4;PSMA5;CSNK1G2;PSMC5;PSMB5;PSMB2;RAC2;AKT2;WNT6;KREMEN2;SKP1;PYGO2;PSMA7;PDE6G;CSNK1E;DPY30;PSMC2;UBC;H2AC8;H3C8;PSMA1;UBB;PSMD3;PORCN;GNGT2;SNX3;H2AZ2;AKT1;SOX17;PLCB3;SCRIB;SEM1;SOX13;RAC1;PSMA3;PSMD2;PPP2CA;DVL3;H2BC12;WDR5;FRAT1;H2BC8;RPS27A;H4C5",-1.0992611293243395,0.4519717448133934,,
"REACTOME_ESTROGEN_DEPENDENT_NUCLEAR_EVENTS_DOWNSTREAM_OF_ESR_MEMBRANE_SIGNALING",23,0.3626808104862967,1.2553625480517547,0.1867816091954023,0.36095628917335293,"XPO1;CREB1;FOXO3;CCND1;UHMK1;EGFR;MAPK1;CDKN1B;TGFA;PTK2;EREG",1.3299671373309983,0.23863804971195965,,
"REACTOME_NRIF_SIGNALS_CELL_DEATH_FROM_THE_NUCLEUS",15,-0.46539334192686244,-1.2759167448425417,0.18729641693811075,0.36130940005082357,"UBA52;PSENEN;APH1A;UBC;UBB;RPS27A;SQSTM1",-1.2641650065010246,0.37115009746588695,,
"REACTOME_TRANSLOCATION_OF_SLC2A4_GLUT4_TO_THE_PLASMA_MEMBRANE",63,0.2632340469196571,1.1556987075994698,0.19202898550724637,0.3697832499679364,"KIF3A;C2CD5;EXOC2;RALGAPB;RALGAPA2;TBC1D4;EXOC8;YWHAG;LNPEP;EXOC5;PRKAA2;RAB10;KIF3B;TUBB2B",1.3179130294868984,0.19281063374731394,,
"REACTOME_RHO_GTPASES_ACTIVATE_ROCKS",19,0.3723148748021432,1.2109366390357998,0.19390581717451524,0.3727376838973014,"ROCK2;PPP1R12A;ROCK1;MYH10",1.3488003479901238,0.23746241148511008,,
"REACTOME_NEGATIVE_REGULATION_OF_FGFR2_SIGNALING",24,0.35834540996062686,1.2454039770684862,0.19519519519519518,0.3739075675426605,"PTPN11;CBL;FRS2;BRAF",1.1668847731900442,0.46347177848775295,,
"REACTOME_TRANSCRIPTIONAL_REGULATION_BY_TP53",347,-0.23990513281291964,-1.1229891639646934,0.19520174482006544,0.3739075675426605,"TMEM219;UBA52;POLR2I;LAMTOR4;COX6B1;PIN1;COX5B;COX4I1;POLR2L;LAMTOR2;LAMTOR1;BID;COX8A;POLR2J;COX7A1;LAMTOR5;POLR2F;ELOB;NELFB;COX6A1;CDK5;PRDX2;PRELID1;CDKN2A;MLST8;POLR2H;PRR5;SFN;CSNK2B;CDK9;COX7B;PIP4P1;NELFE;POLR2E;NDUFA4;GPX2;STK11;PRDX5;SCO2;PPP2R1A;RRAGA;TP73;RABGGTA;MBD3;RFC2;NELFA;COX5A;POLR2G;COX7A2;COX7C;E2F1;PCBP4",-1.1351916510786377,0.3513304055799535,,
"REACTOME_RNA_POLYMERASE_II_TRANSCRIPTION_TERMINATION",64,0.2595803629403902,1.1437727696679765,0.1992619926199262,0.381014144060597,"THOC2;CPSF6;SRSF11;CDC40;PCF11;PAPOLA;SRSF1;NUDT21;SRRM1;NCBP2;WDR33;DDX39B;NCBP1;CPSF2;FYTTD1;CSTF2;UPF3B;LSM11;CSTF3;ZNF473;THOC1;SLU7;U2AF1;CPSF7;DHX38",1.1655175504749045,0.34264821102115434,,
"REACTOME_TNF_SIGNALING",57,-0.3231273250321687,-1.1866352301035046,0.20056899004267426,0.3828404581867186,"UBA52;SHARPIN;MIB2;TRADD;RACK1;STUB1;SMPD2;TAB1;RBCK1;SPPL2B;TRAF2;UBE2D2;UBE2L3;TNFRSF1A;UBC;MAPKAPK2;UBB;TRAF1;USP21;FADD;RNF31;RPS27A;IKBKE;ULK1",-1.1954313851666507,0.37115009746588695,,
"REACTOME_NEGATIVE_REGULATION_OF_FGFR4_SIGNALING",24,0.357325588077155,1.241859658669886,0.2012012012012012,0.38337461805062506,"PTPN11;CBL;FRS2;BRAF",1.1680333177968658,0.46347177848775295,,
"REACTOME_NOTCH3_INTRACELLULAR_DOMAIN_REGULATES_TRANSCRIPTION",22,0.3537550430808048,1.2067750199546965,0.20175438596491227,0.38341423707277367,"MAML2;EP300;KAT2B;RBPJ;DLGAP5;MAML3;SNW1;CREBBP;HEYL;MAML1",1.3710839989189774,0.27410239361702127,,
"REACTOME_METABOLISM_OF_CARBOHYDRATES_AND_CARBOHYDRATE_DERIVATIVES",261,-0.2463677755439383,-1.125447809137595,0.20204313280363223,0.38341423707277367,"UBA52;DCXR;AKR1A1;PGLS;B4GALT7;GALT;HYAL2;PHKG2;B4GALT2;SEC13;HEXA;B3GAT3;IDUA;NAGLU;GALK1;PPP2R1A;B3GALT6;TALDO1;PRKACA;B4GALT3;FBP1;B3GALT4;SDC1;SLC35D2;TPI1;G6PC3;GUSB;PYGB;CRYL1;ALDOA;PFKL;FUT7;HS3ST2;CHST12;PCK2;SGSH;CHST7;HK3;GLYCTK;GPI;TKT;UBC;FUT6;XYLT2;NHLRC1;FUT3;RBKS;GYG1;TKFC;UBB;GAPDH;CHPF;CHST14;HS3ST1;AAAS;CSPG5;GPC1;PHKG1;PYGM;B4GAT1;CTSL;PPP2CA;SLC37A4;HAS2;B3GALT2;NUP85;KHK;CHST1;RPS27A;PFKP;CHST6;ENO1;BGN;UST;MAN2B2;CD44;B3GNT4;ALDH1A1;HS3ST3A1;BPGM;PRELP;ENO3;PGD;SLC26A11;SHPK;PGAM1;CHPF2;CALM1",-1.2452297428113108,0.19349441168661363,,
"REACTOME_EPH_EPHRIN_MEDIATED_REPULSION_OF_CELLS",48,-0.3368005796635384,-1.1959470669326138,0.2022792022792023,0.38341423707277367,"AP2S1;AP2M1;PSENEN;CLTB;CLTA;APH1A;ACTB",-1.4316251071617958,0.13275553517814623,,
"REACTOME_SLC_MEDIATED_TRANSPORT_OF_INORGANIC_ANIONS",20,0.3659939985219862,1.2113868148326505,0.20273972602739726,0.383618820726623,"SLC4A7;SLC12A6;SLC26A2;SLC20A1;SLC4A4;SLC4A8;SLC12A2",1.0102030545231315,0.6293714486556148,,
"REACTOME_TNFR1_INDUCED_NF_KAPPA_B_SIGNALING_PATHWAY",33,-0.3630494681671134,-1.203121970147503,0.20319303338171263,0.3838090630543461,"UBA52;SHARPIN;TRADD;RACK1;TAB1;RBCK1;TRAF2;TNFRSF1A;UBC;UBB;TRAF1;USP21;RNF31;RPS27A",-1.1116823285853181,0.5092040070883512,,
"REACTOME_POTASSIUM_CHANNELS",64,-0.310364322876762,-1.1725233827369097,0.2051983584131327,0.3869251541654911,"GNB2;KCNK7;KCNMB1;GNG5;KCNH2;KCNN4;GNGT2;KCNMB4;KCNJ10;HCN1;KCNS1;KCNG1;HCN3;KCNMA1;KCNK9;KCNH4;KCNQ1;KCNJ8;KCNB1;KCNJ3;GNB5;KCNK13;KCNH6;KCNJ14;KCNF1;KCNJ15;GNB1;KCNK3;GNB3",-0.9945770843787173,0.6343158572395173,,
"REACTOME_SIGNALLING_TO_ERKS",31,0.3190209336975743,1.1907798565251775,0.20625,0.3871692060946271,"KIDINS220;SOS1;FRS2;BRAF;KRAS",1.3442190938538696,0.23020406972078128,,
"REACTOME_G2_M_CHECKPOINTS",136,-0.2681563370050356,-1.1393606842943291,0.20628930817610064,0.3871692060946271,"PSMB4;UBA52;BABAM1;PSMB3;PSMD8;PSMB1;PSMB7;SFN;MCM5;PSMC3;H2AX;PSMC4;PSMA6;PSMB6;RFC2;ADRM1;PSMD13;PKMYT1;ATRIP;PSMA5;PSMC5;PSMB5;PSMB2;PSMA7;PIAS4;PSMC2;RPA3;UBC;MCM7;PSMA1;UBB;PSMD3",-1.1251125471011505,0.4396089561652476,,
"REACTOME_GAP_JUNCTION_TRAFFICKING_AND_REGULATION",35,-0.3585397033732712,-1.1972952576022724,0.2063953488372093,0.3871692060946271,"AP2M1;CLTB;CLTA;ACTB;TUBB4B;TUBA4A;TUBA1A;TUBB6;GJA4;DNM2;GJB5;TUBA1B;CLTCL1;GJB3;GJB1;GJC2",-1.4816108621276207,0.11185958332305211,,
"REACTOME_RAF_INDEPENDENT_MAPK1_3_ACTIVATION",23,0.3586135000428924,1.241284193051105,0.20689655172413793,0.3874413911804855,"PTPN11;JAK1;IL6ST;DUSP16",1.0074753060992498,0.6187825779662515,,
"REACTOME_DNA_STRAND_ELONGATION",32,-0.3683803271329703,-1.2043449126967793,0.20998531571218795,0.3925498685478703,"MCM5;POLD2;RFC2;POLA2;POLD4;RPA3;MCM7;POLD1;GINS2;CDC45;PCNA;RPA2",-1.1602806708239244,0.4448409158489444,,
"REACTOME_SLC_MEDIATED_TRANSPORT_OF_ORGANIC_ANIONS",24,-0.3918428376044502,-1.220971658180422,0.21076233183856502,0.393326615849672,"SLC25A1;SLC25A10;BSG;SLC25A11",-1.2373653692241797,0.36121339320124624,,
"REACTOME_PKA_MEDIATED_PHOSPHORYLATION_OF_CREB",18,0.38206867477555273,1.2183625832287714,0.21153846153846154,0.39409905163329817,"CREB1;PRKAR2A;PRKAR1A;ADCY6;ADCY1;NBEA;PRKAR2B",1.0532392208676757,0.5693151798414957,,
"REACTOME_GLUCAGON_TYPE_LIGAND_RECEPTORS",20,-0.41530918882632445,-1.2259309912506076,0.21350078492935637,0.3964944941077293,"GNB2;GNG5;SCT;GNGT2;GNAS;GNB5;VIPR1;VIP;GNB1;GNB3",-1.0321388245768939,0.6048312270036794,,
"REACTOME_COPI_MEDIATED_ANTEROGRADE_TRANSPORT",91,-0.2885024195957626,-1.1598196887863288,0.21372031662269128,0.3964944941077293,"COPE;DCTN3;ARF5;ACTR1A;TMEM115;ARF1;DCTN2;DYNLL1;TUBB4B;STX5;TMED3;TUBA4A;TUBA1A;TMED9;COG4;TUBB6;RAB1B;KDELR1;CAPZB;DYNC1I1;BET1L;COPZ2;FOLR1;CD59;NAPA;TUBA1B",-1.1103043906859695,0.4889887640449438,,
"REACTOME_SIGNALING_BY_CTNNB1_PHOSPHO_SITE_MUTANTS",15,0.3950444019269381,1.2050672344152262,0.21391752577319587,0.3964944941077293,"PPP2R1B;APC;GSK3B;PPP2R5E;AMER1",1.213919336506738,0.39122257053291537,,
"REACTOME_REGULATION_OF_SIGNALING_BY_CBL",21,0.35537079222886747,1.1992236733219193,0.21448467966573817,0.39686961135429105,"CBL;PIK3CA;PIK3CB;YES1",1.2949035702416238,0.284142349745804,,
"REACTOME_NEGATIVE_REGULATION_OF_FGFR1_SIGNALING",24,0.35002152769764155,1.2164749164838655,0.21621621621621623,0.3993943009223145,"PTPN11;CBL;FRS2;BRAF",1.1370453899980317,0.4842777871195561,,
"REACTOME_REPRODUCTION",96,0.23696426733731138,1.1221324031172741,0.21810699588477367,0.4022011501952553,"STAG1;ATM;ATR;BRCA1;SMC1A;STAG2;MRE11;SMC3;BRCA2;DIDO1;MSH5;FIGNL1;PRDM1;RAD51C;RAD21;RAD50;NBN;TET2;TERF1;SYNE2;MLH3;TERF2",0.9939793438522206,0.6373545670552498,,
"REACTOME_REGULATION_OF_CDH1_POSTTRANSLATIONAL_PROCESSING_AND_TRAFFICKING_TO_PLASMA_MEMBRANE",31,-0.3659014033132511,-1.1905529669419017,0.218475073313783,0.4022011501952553,"OST4;TMEM258;CSNK2B;DAD1;PRKCSH;RPN1;POMT1;MOGS;SPCS1;OSTC;DDOST",-1.104972401378349,0.5268036245417445,,
"REACTOME_HATS_ACETYLATE_HISTONES",102,0.2342332473873783,1.1137086916498367,0.21888412017167383,0.4022735181533465,"ATXN7;NCOA1;EP400;KAT6B;TRRAP;YEATS2;KAT7;ELP1;PHF20;NCOA2;MSL2;CLOCK;KANSL1;ZZZ3;JADE3;OGT;BRPF3;EP300;USP22;KAT6A;MSL1;KANSL3;ATF2;SUPT20H",-0.8603700477467521,0.8456533366167863,,
"REACTOME_DDX58_IFIH1_MEDIATED_INDUCTION_OF_INTERFERON_ALPHA_BETA",67,-0.3048124843628679,-1.1635943457500628,0.21964529331514324,0.4029917017316625,"UBA52;PIN1;ISG15;NFKBIB;IRF7;NFKB2;DHX58;UBE2L6;IRF3;TRAF2;UBE2D2;RNF135;UBC;TKFC;UBB;AGER;UBA7;RELA;PCBP2;OTUD5;S100B;FADD;RPS27A;IKBKE",-1.1558955930471118,0.4229404300948463,,
"REACTOME_FOXO_MEDIATED_TRANSCRIPTION",56,0.2632327842097745,1.1379779296685637,0.22073578595317725,0.4043106651802304,"SIRT1;RBL2;SIN3A;FOXO3;YWHAG;NFYA;HDAC2;EP300;SMAD2;NFYB;FOXO1;YWHAB;PPARGC1A;KAT2B;ATXN3;SMAD4;CCNG2;CDKN1B;PLXNA4;ABCA6;YWHAZ;SOD2",1.4028132367541877,0.14891098484848486,,
"REACTOME_O_LINKED_GLYCOSYLATION_OF_MUCINS",49,0.27050359998313694,1.1406224633541113,0.22333333333333333,0.40838095238095234,"B3GNT5;B4GALT5;GALNT5;GALNT7;GALNT3;B3GNT2;B4GALT6;GALNT4;C1GALT1",0.92729485742021,0.7313249109167477,,
"REACTOME_DNA_DOUBLE_STRAND_BREAK_RESPONSE",58,0.26393294317412436,1.1391487634010187,0.22758620689655173,0.4154593844017589,"ATM;BAZ1B;BRCA1;MRE11;MDC1;TP53BP1;SMARCA5;EYA1;HERC2;RAD50;NBN;BRCC3;EYA3;RNF168;BARD1;UBE2V2;KPNA2;RNF8",0.9555001527379391,0.686095449853093,,
"REACTOME_NPAS4_REGULATES_EXPRESSION_OF_TARGET_GENES",18,0.3761024673185627,1.199337197455789,0.22802197802197802,0.41555764168829495,"XPO1;MDM2;NAMPT;MAPK1;CDK5R1;ARNT;GEM;CREBBP;BDNF;IQSEC3;FOS",1.0979627642056566,0.5270977327046056,,
"REACTOME_METABOLISM_OF_STEROIDS",123,0.22413216379690745,1.093984120449104,0.22935779816513763,0.41729311773188915,"MED1;KPNB1;CHD9;ACACA;OSBP;NCOA1;SP1;STS;MTF1;MBTPS2;LBR;SEC24A;NCOA2;SEC23A;NFYA;TSPOAP1;CYP7B1;CYP24A1;SEC24C;SEC24B;OSBPL9;NCOA6",-0.805607502078037,0.9146220413086085,,
"REACTOME_SIGNALING_BY_FGFR2_IN_DISEASE",33,-0.3536532079058615,-1.1719833839525982,0.23076923076923078,0.419160138692693,"POLR2I;POLR2L;POLR2J;POLR2F;POLR2H;POLR2E;HRAS;POLR2G",-1.2017238305406384,0.3843061262034709,,
"REACTOME_PYROPTOSIS",25,-0.3873855502181735,-1.2149517391631846,0.2319277108433735,0.42056224899598393,"GSDMD;CHMP2A;BAK1;CHMP6;IRF1;BAX;CASP1;CASP4;IRF2",-1.0041639426965303,0.635470349756064,,
"REACTOME_TP53_REGULATES_TRANSCRIPTION_OF_CELL_CYCLE_GENES",48,0.27114918385248254,1.1297056159440846,0.23333333333333334,0.42240709927897946,"CNOT1;CPAP;CNOT6;RBL2;RBL1;E2F7;EP300;CNOT6L;ARID3A;CNOT2;PLAGL1;CDKN1B;E2F8;TFDP2;TNKS1BP1;BTG2",0.8585276257411975,0.8489060489060488,,
"REACTOME_TRANSCRIPTIONAL_REGULATION_BY_RUNX1",181,-0.2545365697991577,-1.1203417723979254,0.23564593301435408,0.4258850085043476,"PSMB4;UBA52;PSMB3;H2AC20;PSMD8;PSMB1;PSMB7;H2AJ;TNFRSF18;CSNK2B;MYL9;PSMC3;PHC2;H2AX;PSMC4;PSMA6;TP73;PSMB6;LDB1;ZFPM1;ADRM1;PSMD13;RING1;SPI1;PSMA5;PSMC5;PRMT1;PML;PSMB5;PSMB2;PSMA7;CSF2;CLDN5;LGALS3;DPY30;PSMC2;SCMH1;UBC;H2AC8;H3C8;PSMA1;UBB;PSMD3;SMARCD3;H2AZ2;SMARCB1;SEM1;PSMA3;TCF3;PSMD2;CTSL;H2BC12;WDR5;H2BC8;RPS27A;H4C5",-0.9647956325609902,0.6978911120613985,,
"REACTOME_TGF_BETA_RECEPTOR_SIGNALING_IN_EMT_EPITHELIAL_TO_MESENCHYMAL_TRANSITION",16,-0.43184103460848233,-1.2198246511098654,0.2364217252396166,0.42657850258823027,"UBA52;PARD6A;UBC;UBB;TGFB1;RPS27A;PRKCZ;FKBP1A;ARHGEF18",-1.1292262134272506,0.5046041344902581,,
"REACTOME_HEPARAN_SULFATE_HEPARIN_HS_GAG_METABOLISM",33,-0.3513624954273304,-1.1643921140242168,0.23802612481857766,0.4279315219663274,"IDUA;NAGLU;SDC1;SLC35D2;HS3ST2;SGSH;HS3ST1;GPC1;CTSL",-1.0555646812656732,0.5741675477944596,,
"REACTOME_SIGNALING_BY_INTERLEUKINS",398,-0.23167175633279624,-1.0955557328597747,0.23850267379679144,0.4279315219663274,"PSMB4;UBA52;RBX1;PSMB3;IL17RC;SIGIRR;GSTO1;BOLA2B;PSMD8;TIMP1;PSMB1;GSDMD;AIP;LGALS9;PSMB7;STXBP2;RPLP0;ARF1;PSMC3;PELI3;PSME2;PPIA;NFKBIB;TNIP2;PPP2R1A;PSMC4;PSMA6;TAB1;CCL3;PSMB6;IL15RA;SOD1;NFKB2;TOLLIP;TALDO1;STX4;ADRM1;PSMD13;CCL3L3;PRKACA;PTPN6;SDC1;HMOX1;POMC;CTF1;PSMA5;IL15;PSMC5;PSMB5;CFL1;PSMB2;MAPK3;LRRC14;USP18;SKP1;ANXA2;TRAF2;PSMA7;STX1A;CSF2;CCL5;BATF;TNFRSF1A;CEBPD;IL32;CCL4;PSMC2;UBC;MMP9;H3C8;RPS6KA1;MAPKAPK2;ITGB2;MAPKAPK3;SOCS1;PSMA1;UBB;PSMD3;IL10RB;IL17RE;AGER;RELA;MAP2K7;CISH;TYK2;IL18BP;CXCL10;AKT1;ANXA1;BIRC5;HCK;IL11RA;SEM1;PSMA3;TGFB1;PSMD2;S100B;PPP2CA;PTPN18;IL1R2;ELK1;IL17RB;HAVCR2;CRLF1;EBI3;TNFRSF1B;IL1RN;CASP1",-0.9177383166739538,0.8139983205016867,,
"REACTOME_PLASMA_LIPOPROTEIN_REMODELING",19,-0.4114448009241141,-1.2068638256706543,0.23868954758190328,0.4279315219663274,"LMF2;LMF1;APOE;ANGPTL4;ABCG1;LCAT;PCSK5;PLTP;CETP",-1.1096795406737436,0.5326495486318452,,
"REACTOME_GENE_SILENCING_BY_RNA",67,-0.3011159076198959,-1.1494829952725907,0.23874488403819918,0.4279315219663274,"POLR2I;H2AC20;POLR2L;POLR2J;POLR2F;H2AJ;POLR2H;H2AX;POLR2E;POLR2G;TARBP2",-1.1890386835628997,0.3726393230385631,,
"REACTOME_DISEASES_ASSOCIATED_WITH_N_GLYCOSYLATION_OF_PROTEINS",20,-0.40559727469841106,-1.1972628643848844,0.2401883830455259,0.42981079071304634,"MAN1B1;ALG3;MPDU1;MOGS;ALG14;CTSA;ALG12;MGAT2;ALG2;ALG1;RFT1;NEU1;GLB1",-1.4865219292729055,0.1381626918129757,,
"REACTOME_EVASION_BY_RSV_OF_HOST_INTERFERON_RESPONSES",21,-0.4020697597132924,-1.2035975215709815,0.2410575427682737,0.43065781039717865,"UBA52;RBX1;ELOB;IRF3;UBC;IFNAR2;UBB;ELOC;TYK2",-1.1836789802703847,0.45582613249541765,,
"REACTOME_ER_TO_GOLGI_ANTEROGRADE_TRANSPORT",143,-0.26028470004274734,-1.1137113751925634,0.24937655860349128,0.44454748498196917,"COPE;DCTN3;ARF5;TRAPPC2L;LMAN2;ACTR1A;SEC13;TMEM115;ARF1;DCTN2;DYNLL1;TUBB4B;TRAPPC3;STX5;TRAPPC1;TRAPPC4;TMED3;TRAPPC6A;TUBA4A;TUBA1A;TMED9;TRAPPC5;CTSZ;COG4;TUBB6;SAR1B;RAB1B;KDELR1;CAPZB;F8;DYNC1I1;BET1L;PREB;COPZ2",-1.0713243447782022,0.5248626274470449,,
"REACTOME_FORMATION_OF_RNA_POL_II_ELONGATION_COMPLEX",55,-0.313011124371806,-1.1455996235646988,0.2496493688639551,0.44454748498196917,"POLR2I;POLR2L;POLR2J;POLR2F;ELOB;NELFB;POLR2H;CDK9;NELFE;POLR2E;NELFA;POLR2G",-1.1712996075916462,0.4227738695273263,,
"REACTOME_HSP90_CHAPERONE_CYCLE_FOR_STEROID_HORMONE_RECEPTORS_SHR_IN_THE_PRESENCE_OF_LIGAND",48,-0.32627641124082085,-1.1585767382662335,0.25213675213675213,0.4482274473963969,"DCTN3;ACTR1A;DCTN2;DYNLL1;TUBB4B;TUBA4A;TUBA1A;TUBB6;CAPZB;DYNC1I1",-1.1010157017195457,0.5322906740281558,,
"REACTOME_GLYCOSPHINGOLIPID_CATABOLISM",33,-0.34686678751321426,-1.1494936347890141,0.2525399129172714,0.4482274473963969,"HEXA;SMPD2;SUMF2;ARSA;GM2A;CTSA;PSAP;SMPD1;GBA2;NEU4;SMPD3;ARSI;GBA1;GLA;NEU1;ARSJ;GLB1;ARSD",-1.2222504438874917,0.36121339320124624,,
"REACTOME_GLYCEROPHOSPHOLIPID_BIOSYNTHESIS",114,-0.26922749350847036,-1.1134031448781412,0.25384615384615383,0.4493415413387361,"PCYT2;STARD10;PGP;PLD3;CSNK2B;DGAT1;CDIPT;PLA2G15;PLA2G5;PEMT;AGPAT2;PTDSS2;MIGA2;TAFAZZIN;PLAAT4;GPD1;PNPLA2;PLA2G6;ABHD4;CRLS1;PTPMT1;PLD4",-1.194301527278391,0.3119616654165262,,
"REACTOME_ACTIVATION_OF_IRF3_IRF7_MEDIATED_BY_TBK1_IKK_IKBKE",17,-0.4132199093775339,-1.1802236871276555,0.2539936102236422,0.4493415413387361,"UBA52;CD14;IRF7;IRF3;UBC;UBB;RPS27A;TICAM1;IKBKE",-1.2084036645518907,0.42241417497231454,,
"REACTOME_RECYCLING_PATHWAY_OF_L1",39,-0.34084376908452935,-1.165483004638206,0.2554112554112554,0.45111598358351607,"AP2S1;AP2M1;CLTA;ACTB;TUBB4B;TUBA4A;TUBA1A;TUBB6;RPS6KA1;RPS6KA4;DNM2;TUBA1B",-1.4506749803950743,0.11323715434006375,,
"REACTOME_SIGNALING_BY_TGFBR3",41,0.2783675769244568,1.1241331511286894,0.25617283950617287,0.45172779478560143,"SP1;AGO3;TNRC6A;AGO2;TNRC6B;AGO4;TCF4;TCF12;EP300;MMP16;INHBA;HELLS;TGFBR2;TGFBR1;SMAD4",1.3059582541432138,0.32269339910314937,,
"REACTOME_GAP_JUNCTION_ASSEMBLY",22,-0.3937184223825031,-1.1960606253077193,0.25757575757575757,0.4534667058938903,"TUBB4B;TUBA4A;TUBA1A;TUBB6;GJA4;GJB5;TUBA1B;GJB3;GJB1;GJC2;TUBA1C;GJB4;GJB2;TUBB3;GJD3;TUBB2A",-1.6201444833391145,0.0906177699559624,,
"REACTOME_SYNTHESIS_OF_ACTIVE_UBIQUITIN_ROLES_OF_E1_AND_E2_ENZYMES",30,-0.36166057622794756,-1.1731726757048626,0.2581120943952802,0.45367683150575905,"UBA52;CDC34;UBE2R2;UBE2S;UBE2D2;UCHL3;UBE2L3;UBC;UBB;UBE2T;USP5;UBE2C",-1.0323305614785474,0.6088099420912226,,
"REACTOME_INWARDLY_RECTIFYING_K_CHANNELS",23,-0.38876886329698124,-1.1927564328426647,0.2599388379204893,0.45615073493143926,"GNB2;GNG5;GNGT2;KCNJ10;KCNJ8;KCNJ3;GNB5;KCNJ14;KCNJ15;GNB1;GNB3;KCNJ5",-0.9998351927079436,0.6373545670552498,,
"REACTOME_METALLOPROTEASE_DUBS",25,-0.3794642057932618,-1.1901081403760412,0.2620481927710843,0.45904318629976376,"UBA52;BABAM1;H2AC20;H2AC25",-1.1411374949905158,0.5154825184810192,,
"REACTOME_TP53_REGULATES_TRANSCRIPTION_OF_DNA_REPAIR_GENES",59,-0.30464202967428977,-1.135813293550182,0.26243093922651933,0.45904318629976376,"POLR2I;POLR2L;POLR2J;POLR2F;ELOB;NELFB;POLR2H;CDK9;NELFE;POLR2E;NELFA;POLR2G",-1.1138090916309202,0.4948358645465118,,
"REACTOME_PRE_NOTCH_EXPRESSION_AND_PROCESSING",74,0.24316244167997259,1.1032278478021662,0.26591760299625467,0.4643954286676165,"E2F3;SEL1L;ATP2A2;AGO3;TNRC6A;AGO2;PRKCI;TNRC6B;NOTCH2;AGO4;CCND1;MAML2;EP300;RAB6A",1.004180164117871,0.6373545670552498,,
"REACTOME_NEGATIVE_REGULATION_OF_MAPK_PATHWAY",43,0.2713117989149434,1.1062758451278203,0.2689873417721519,0.46898573214362693,"BRAF;KRAS;KSR1;PPP2R1B;DUSP16;PTPN3;NRAS;BRAP;PPP2R5E;DUSP6;DUSP5;PAQR3;YWHAB;RAF1;MAPK1;PTPN7",-0.8016168208141262,0.8698774543975006,,
"REACTOME_RHO_GTPASES_ACTIVATE_NADPH_OXIDASES",22,-0.38935736109227903,-1.1828123407539344,0.2696969696969697,0.46898573214362693,"PIN1;CYBA;NCF4;RAC2;MAPK3;NOXA1;S100A9;RAC1;NCF1;MAPK11;PRKCZ;NCF2;S100A8",-1.387242701861526,0.2020071726618002,,
"REACTOME_INTERACTION_BETWEEN_L1_AND_ANKYRINS",23,0.3310783514308076,1.1459756095164473,0.27011494252873564,0.46898573214362693,"SPTBN1;SPTAN1;ANK3;SPTB;SCN8A;SPTBN2;SCN9A;L1CAM",1.2130540221876573,0.41672296668280306,,
"REACTOME_CREB1_PHOSPHORYLATION_THROUGH_NMDA_RECEPTOR_MEDIATED_ACTIVATION_OF_RAS_SIGNALING",24,0.3307032303616917,1.1493355485343024,0.2702702702702703,0.46898573214362693,"CREB1;DLG1;KRAS;RPS6KA3;NRAS;GRIN2B;PDPK1;MAPK1",1.3551909872534043,0.22426053797794496,,
"REACTOME_MITOTIC_PROPHASE",107,0.23057474272056402,1.0976187486267697,0.2727272727272727,0.4724850439136154,"NUP153;NUP98;RANBP2;NUP58;LEMD3;TPR;SMC4;PPP2R1B;USO1;NUP133;NUP205;SMC2;NUP107;NUP50;POM121;LPIN2;PRKCA;VRK2;NUP160;NEK9;PHF8;SET;LPIN1;RB1;NDC1;NCAPD3",1.059084553401948,0.53276955602537,,
"REACTOME_FORMATION_OF_TUBULIN_FOLDING_INTERMEDIATES_BY_CCT_TRIC",20,-0.39319742216862824,-1.1606603429088789,0.2731554160125589,0.4724850439136154,"TUBB4B;TUBA4A;TUBA1A;TUBB6;CCT3;TUBA1B;CCT7",-1.4313537966451402,0.16739089646891067,,
"REACTOME_NUCLEAR_EVENTS_STIMULATED_BY_ALK_SIGNALING_IN_CANCER",34,-0.3435661131783708,-1.1442616775119294,0.27890173410404623,0.4814137555817429,"RBX1;RPS6;CEBPB;ZAP70;PTPN6;MAPK3;SKP1;ZC3HC1;PRF1",-1.0867987930584382,0.5424352828379674,,
"REACTOME_INTERLEUKIN_12_FAMILY_SIGNALING",49,-0.31725389629300266,-1.127636623494298,0.2792022792022792,0.4814137555817429,"GSTO1;BOLA2B;AIP;RPLP0;ARF1;PSME2;PPIA;SOD1;TALDO1;CFL1;ANXA2",-1.0480793527634844,0.5766819226107563,,
"REACTOME_REGULATION_OF_ENDOGENOUS_RETROELEMENTS_BY_PIWI_INTERACTING_RNAS_PIRNAS",61,-0.3002687141668204,-1.125457587631539,0.2799442896935933,0.48192941010542645,"BCL7C;H2AC20;BCL7B;ACTB;H2AJ;H2AX;MBD3;CHD4;H2AC8;H3C8;SMARCD3;H2AZ2;SMARCB1;H2BC12;H2BC8;H4C5;H2BC4;SPOCD1;H4C9;H2AC6;H3C10;DPF2;MTA1;SMARCD2",-1.1830498285985216,0.38990735538584964,,
"REACTOME_RAS_ACTIVATION_UPON_CA2_INFLUX_THROUGH_NMDA_RECEPTOR",16,0.36564143684031786,1.1298309275091876,0.28191489361702127,0.48455514100366376,"DLG1;KRAS;NRAS;GRIN2B",1.2539774901120835,0.3439722483264302,,
"REACTOME_HSF1_DEPENDENT_TRANSACTIVATION",32,-0.34463572607350484,-1.1267167458710858,0.2834067547723935,0.48570338964039744,"HSPB1;MLST8;HSBP1;HSF1;DEDD2;HSPB8;AKT1S1;MRPL18;UBB",-1.251562826840467,0.3361581920903955,,
"REACTOME_CYCLIN_D_ASSOCIATED_EVENTS_IN_G1",47,-0.32042644431448936,-1.1349368445379127,0.28347578347578345,0.48570338964039744,"UBA52;CDKN2C;CDKN2A;CDKN2D;PPP2R1A;E2F1;SKP1;UBC;PPP2R3B;UBB;CDKN1C;CKS1B;E2F4;PPP2CA;RPS27A;PTK6;CCND3;CDK4",-1.0738069359821172,0.5498501498501498,,
"REACTOME_DEFECTIVE_PYROPTOSIS",38,-0.33570196202928304,-1.142290377433986,0.28405797101449276,0.4859356485279373,"H2AC20;H2AJ;H2AX;POLA2;H2AC8;H3C8;H2AZ2;H2BC12;H2BC8;H4C5;H2BC4;H4C9;H2AC6;EZH2;H3C10",-1.0634056610611684,0.5669532698821401,,
"REACTOME_ERCC6_CSB_AND_EHMT2_G9A_POSITIVELY_REGULATE_RRNA_EXPRESSION",41,-0.32835797268613043,-1.128913931913271,0.2861356932153392,0.48872156078224344,"H2AC20;H2AJ;H2AX;MBD3;CHD4;H2AC8;H3C8;H2AZ2;H2BC12;H2BC8;EHMT2;H4C5;H2BC4;H4C9;H2AC6;H3C10;MTA1",-1.1354122125359378,0.4792786752792426,,
"REACTOME_DAP12_SIGNALING",25,0.3209527119582035,1.1356904545627768,0.2869822485207101,0.4893991949694868,"SOS1;PIK3CA;KRAS;PIK3CB;NRAS",1.377869122195896,0.23530013650496134,,
"REACTOME_SELECTIVE_AUTOPHAGY",79,-0.28480359441456404,-1.1123945511870323,0.288021534320323,0.48983050847457626,"UBA52;CSNK2B;DYNLL1;TUBB4B;TOMM5;MAP1LC3A;HSF1;TUBA4A;TUBA1A;TUBB6;VDAC3;TOMM7;UBE2D2;UBE2L3;TOMM22;PARK7;UBC;DYNC1I1;UBB;TOMM40;PRKAG1;PGAM5;TUBA1B",-1.0842093521054734,0.5343415248897291,,
"REACTOME_TRANSPORT_TO_THE_GOLGI_AND_SUBSEQUENT_MODIFICATION",168,-0.2508203596615599,-1.0926473308824123,0.288135593220339,0.48983050847457626,"COPE;DCTN3;ARF5;TRAPPC2L;LMAN2;MGAT1;ACTR1A;B4GALT2;SEC13;TMEM115;ARF1;DCTN2;DYNLL1;TUBB4B;TRAPPC3;STX5;TRAPPC1;TRAPPC4;TMED3;TRAPPC6A;TUBA4A;TUBA1A;TMED9;TRAPPC5;CTSZ;B4GALT3;MGAT4B;COG4;TUBB6;SAR1B;RAB1B;KDELR1;CAPZB;F8;DYNC1I1;BET1L;PREB;FUT3;COPZ2",-1.0820607534885764,0.5093845725424674,,
"REACTOME_ACTIVATED_NOTCH1_TRANSMITS_SIGNAL_TO_THE_NUCLEUS",29,-0.3514700619008182,-1.1337909767653924,0.29098966026587886,0.493910687003551,"UBA52;PSENEN;MIB2;APH1A;DTX2;DTX1;UBC;UBB;NEURL1B;JAG2",-1.1171889823117105,0.5071812258692466,,
"REACTOME_NUCLEAR_SIGNALING_BY_ERBB4",26,-0.36260297401502994,-1.144354829534707,0.29465648854961835,0.4993555444579202,"ADAP1;MXD4;PSENEN;APH1A;APOE",-1.1112131776274132,0.5291753093484014,,
"REACTOME_DEVELOPMENTAL_CELL_LINEAGES_OF_THE_INTEGUMENTARY_SYSTEM",49,-0.31370402494032806,-1.1150190796508896,0.2962962962962963,0.5013536086630954,"PRSS3;CNN1;AQP3;ERBB2;HOPX;KRT10;ACTA2;MYH11;MFGE8;SLPI;KRT18;EGF;TFAP2A;KRT8;GJB3;ITGB4;CD44;ALDH1A1;GATA3",-0.786688105569374,0.8868794017911485,,
"REACTOME_MRNA_SPLICING",211,-0.24209059506463554,-1.0809480185285099,0.2980997624703088,0.5036219589560497,"POLR2I;SF3B5;UBL5;PQBP1;LSM7;POLR2L;LSM4;ZMAT5;POLR2J;CCDC12;RBM42;SNRPD2;POLR2F;LSM2;SF3A2;SUGP1;FAM50A;FAM32A;XAB2;PHF5A;SNRNP25;PPIE;DDX41;YJU2;SNU13;POLR2H;PUF60;SNRPA;SNRPB;POLR2E;PRPF31;POLR2G;U2AF1L4;ALYREF;PPIH;SNRPC;PRCC;PCBP1;LENG1;SF3B4;RNF113A;SNRPN;SNRNP35;GTF2F1;CACTIN;C9orf78;TXNL4A;MAGOH;RNPS1;POLR2C;ISY1;PRKRIP1",-1.0830548879784123,0.5046041344902581,,
"REACTOME_CHONDROITIN_SULFATE_DERMATAN_SULFATE_METABOLISM",33,-0.33676049270952707,-1.1160020409946756,0.29898403483309144,0.5036470767175648,"HEXA;IDUA;GUSB;CHST12;CHST7;CHPF;CHST14;CSPG5;BGN;UST;CHPF2;HYAL1;HYAL3;GLB1",-1.0541150292370194,0.5754583921015515,,
"REACTOME_LAGGING_STRAND_SYNTHESIS",20,-0.38650724719701746,-1.1409119408622854,0.29984301412872844,0.5036470767175648,"POLD2;RFC2;POLA2;POLD4;RPA3;POLD1;PCNA;RPA2",-1.0046573917400012,0.6197981639329068,,
"REACTOME_INTRAFLAGELLAR_TRANSPORT",49,0.25716190702948427,1.0843650431827783,0.3,0.5036470767175648,"KIF3A;WDR35;TNPO1;TRAF3IP1;TRIP11;DYNC2H1;TTC21B;IFT81;IFT56;KIF3B;TUBB2B;IFT80;DYNC2I1;WDR19",1.2894911914772715,0.23524324324324325,,
"REACTOME_SEMA4D_IN_SEMAPHORIN_SIGNALING",24,0.323716627570187,1.125054107609208,0.3003003003003003,0.5036470767175648,"ROCK2;ARHGEF12;ROCK1;MYH10",1.3348445322169535,0.252802788266047,,
"REACTOME_ADIPOGENESIS",102,0.22348611367791107,1.062609300952487,0.30042918454935624,0.5036470767175648,"MED1;MED13L;MED13;CHD9;NCOA1;NCOA3;HNRNPU;NCOR1;ZNF638;MED14;CDK19;NCOA2;MED23;THRAP3;HDAC2;FAM120B;EP300;NCOA6;SMAD1;EBF2;TBL1XR1;TGS1;CDK8;PPARGC1B;MED12",-0.8997431873199835,0.7830827653254698,,
"REACTOME_INACTIVATION_OF_CSF3_G_CSF_SIGNALING",25,-0.36735758939149854,-1.152138333179,0.30120481927710846,0.5041705282669138,"UBA52;ELOB;RNF7;UBE2D2;UBC;SOCS1;UBB;ELOC;TYK2;HCK",-1.000014961482707,0.6373545670552498,,
"REACTOME_CELL_CYCLE_CHECKPOINTS",268,0.19143312740723029,1.0441759965389292,0.3017241379310345,0.5042639970337411,"ANAPC1;NUP98;CLIP1;DYNC1LI2;TAOK1;RANBP2;CKAP5;AHCTF1;ATM;CLASP1;ATR;XPO1;TOPBP1;BRCA1;MRE11;MDC1;TP53BP1;CENPF;WRN;CDC27;PPP2R1B;PAFAH1B1;PHF20;CLASP2;ZW10;GSK3B;CENPE;NUP133;KIF2A;KNTC1;YWHAG;CENPI;INCENP;NUP107;BUB1B;MAPRE1;BUB1;SGO2;HERC2;NUP160;RAD50;NBN;ORC2;FBXW11;BRIP1;RAD17;BRCC3;WEE1;PPP2R5E;KNL1;CENPC;BTRC;RNF168;KIF18A;DYNC1H1;MDM2;DNA2;ANAPC4;YWHAB;MCM6;CLSPN;BARD1;MCM8;CHEK1;UBE2V2;BLM;ORC3;PSMA2;PSMD1;MAPK14;RNF8;CDKN1B;ERCC6L;DYNC1I2;PSMC1;MCM10;NSD2",-0.8724696308773653,0.8674840951860283,,
"REACTOME_RESPIRATORY_SYNCYTIAL_VIRUS_INFECTION_PATHWAY",105,-0.2658085225878779,-1.0853686824385187,0.3023560209424084,0.5043635491429731,"UBA52;RBX1;MED27;ELOB;CD14;CSNK2B;ISG15;PPP1CA;MED10;MED18;MED8;UBE2L6;SDC1;MED16;IRF3;MED26;MED25;MED11;BCAP31;MED29;UBC;IFNAR2;UBB;ELOC;SPCS1;MED19;MED30;MED31;TYK2;MED22;RAB5C;GPC1",-1.1253812294881396,0.44085693653213515,,
"REACTOME_GLYCOGEN_METABOLISM",25,-0.3667061570205342,-1.1500952551870496,0.30271084337349397,0.5043635491429731,"UBA52;PHKG2;PYGB;UBC;NHLRC1;GYG1;UBB;PHKG1;PYGM;RPS27A;CALM1;EPM2A;PGM1",-0.9041331975047998,0.7326599326599327,,
"REACTOME_PROCESSING_OF_CAPPED_INTRONLESS_PRE_MRNA",29,0.30501413172251357,1.1172761043989095,0.3076923076923077,0.5118795577511174,"CPSF6;PCF11;PAPOLA;NUDT21;NCBP2;WDR33;NCBP1;CPSF2;CSTF2;LSM11;CSTF3;ZNF473;CPSF7;SNRPD3",1.059955239773143,0.5574973031283711,,
"REACTOME_SPRY_REGULATION_OF_FGF_SIGNALING",16,0.35492819157712174,1.0967270322369556,0.30851063829787234,0.5124573656001299,"PTPN11;CBL;BRAF",1.026961575674537,0.5883186823625695,,
"REACTOME_COPI_INDEPENDENT_GOLGI_TO_ER_RETROGRADE_TRAFFIC",44,-0.31716590415761414,-1.1125497936934479,0.3126801152737752,0.5185914106979687,"DCTN3;PAFAH1B3;ACTR1A;DCTN2;DYNLL1;TUBB4B;TUBA4A;TUBA1A;TUBB6;PLA2G6;CAPZB;DYNC1I1",-0.9651117845476042,0.6899072308045656,,
"REACTOME_PERK_REGULATES_GENE_EXPRESSION",31,-0.34333660765982976,-1.1171326844003244,0.31378299120234604,0.5196284542285425,"EXOSC4;CEBPB;EXOSC1;EXOSC5;NFYC;ATF4;EXOSC7;EXOSC3",-0.9491130462046617,0.6968865341808944,,
"REACTOME_RUNX2_REGULATES_BONE_DEVELOPMENT",28,0.30267717966976193,1.1022240297977477,0.3149847094801223,0.52048749777549,"YAP1;YES1;RB1;SMAD1;SATB2;CBFB;MAPK1;SMAD4;RUNX2",1.1104974112963566,0.5046041344902581,,
"REACTOME_DISEASES_OF_GLYCOSYLATION",129,-0.2555316037567481,-1.076981696467704,0.31525851197982346,0.52048749777549,"DPM3;B4GALT7;GALT;MAN1B1;LFNG;DPM2;HEXA;B3GAT3;GALK1;ALG3;B3GALT6;POMGNT1;MPDU1;SDC1;DOLK;POMT1;MOGS;ALG14;SPON2;SBSPON;CHST14;ADAMTSL1;CSPG5;CTSA;GPC1;ADAMTS15;ALG12;B4GAT1;ADAMTS10;MGAT2;ALG2;CHST6;BGN;SRD5A3;MUC3A;ADAMTS13;ADAMTS14",-1.200892589639405,0.26921530419721007,,
"REACTOME_REGULATION_OF_FZD_BY_UBIQUITINATION",17,0.3485686739965732,1.1014714405102193,0.31648936170212766,0.5213545909461189,"LRP6;USP8;LGR4;FZD4;FZD6;LGR5",1.1239619201757034,0.48269742679680566,,
"REACTOME_GOLGI_TO_ER_RETROGRADE_TRANSPORT",122,0.21787480588982897,1.0667017217222146,0.3167420814479638,0.5213545909461189,"DYNC1LI2;KIF21A;KIF3A;RAB3GAP1;ARCN1;KIF1B;COPB2;PAFAH1B1;BICD1;KIF20B;ZW10;KIF13B;CENPE;KIF2A;NBAS;RAB3GAP2;PAFAH1B2;KIF3B;RAB6A;TUBB2B;NAPB;KIF5B;KIF4A;NSF;KIF16B;COPA;KIF18A;KIF5A;DYNC1H1;KIF21B;KIF23;BICD2;KIF1C;RACGAP1;COPB1;KIF3C;NAPG;DYNC1I2;GALNT2;RAB1A;KIF11;KIF15",1.0834348429505445,0.4387686517004974,,
"REACTOME_DARPP_32_EVENTS",22,-0.36967451327129613,-1.1230186457316318,0.3181818181818182,0.5223887271434926,"CDK5;PPP2R1A;PPP1CA;PRKAR1B;PRKACA",-0.9289145093995054,0.6981876519690171,,
"REACTOME_OTHER_INTERLEUKIN_SIGNALING",20,-0.3816471621419256,-1.1265656922132035,0.31868131868131866,0.5223887271434926,"STXBP2;STX4;SDC1;STX1A;IL32;IL10RB;TYK2;CSF1R;VAMP2;CSF1;TXLNA;CD4;IL16",-1.0923918570788003,0.5439093484419263,,
"REACTOME_REGULATION_OF_TLR_BY_ENDOGENOUS_LIGAND",16,-0.3941147656916951,-1.1132589726980877,0.3194888178913738,0.5223887271434926,"GSDMD;CD14;S100A9;S100A8;S100A1;LY96;CD36;TLR4;LBP;TLR2;GSDME",-1.1845082916972882,0.4549508607198748,,
"REACTOME_IL_6_TYPE_CYTOKINE_RECEPTOR_LIGAND_INTERACTIONS",15,0.36041733795344943,1.0994387531232206,0.31958762886597936,0.5223887271434926,"JAK1;IL6ST;LIFR;OSMR;CNTF",1.0328359831425675,0.5887445887445888,,
"REACTOME_CREATION_OF_C4_AND_C2_ACTIVATORS",58,-0.29771567205464616,-1.1012565610253038,0.3202247191011236,0.5223887271434926,"C1QA;C1QC;C1QB;COLEC11;IGLV3-25;IGLV3-27;IGHV1-2;FCN3;IGLC3;IGLV3-19;C1R;IGLV1-40;MASP1;IGKV3-11;IGLC2;IGLV2-8;IGLV3-1;IGLV6-57;IGKV2-30;IGKV4-1;IGLV7-43;IGHV2-70;FCN1;IGHG1;IGLV3-21;IGLV2-23",-1.346670977716797,0.20047562288748005,,
"REACTOME_G_BETA_GAMMA_SIGNALLING_THROUGH_PI3KGAMMA",20,-0.37983941661264775,-1.121229496125418,0.3202511773940345,0.5223887271434926,"GNB2;GNG5;AKT2;GNGT2;AKT1;PIK3R6;GNB5;RHOA;GNB1;GNB3;PIK3R5",-1.0180277999607898,0.6131493246230407,,
"REACTOME_MITOCHONDRIAL_UNFOLDED_PROTEIN_RESPONSE_UPRMT",18,-0.38805715239227817,-1.1313843602887783,0.3213166144200627,0.523342030672198,"DEFA5;HSF1;HTRA2;NRF1;ATF5;AKT1;LONP1;HSPE1",-1.0716813227942317,0.5591281288455014,,
"REACTOME_FANCONI_ANEMIA_PATHWAY",36,-0.32889190580008404,-1.1047430360906736,0.3251088534107402,0.5281204596486593,"CENPX;UBA52;FAAP20;MUS81;FANCG;ATRIP;FAAP100;ERCC1;RPA3;UBC;UBB;UBE2T",-1.1635605783801528,0.4473118279569892,,
"REACTOME_DNA_REPAIR",301,-0.23041450085267473,-1.0660136178164439,0.3252212389380531,0.5281204596486593,"CENPX;UBA52;POLR2I;RBX1;PPP4C;BABAM1;ADPRS;H2AC20;POLR2L;FAAP20;POLR2J;UFD1;POLR2F;MPG;ACTB;H2AJ;XAB2;MUS81;PPIE;POLL;POLR2H;GPS1;ISG15;SIRT6;POLD2;COPS6;NTHL1;ALKBH2;MAD2L2;H2AX;MCRS1;ACD;POLR2E;FANCG;RFC2;XRCC3;TFPT;OGG1;POLR2G;INO80E;MGMT;INO80C;UBE2L6;POLE4;ATRIP;RAD23A;UBXN1;UBE2I;PNKP;SUMO3;FAAP100;POLB;ASCC2;POLD4;INO80B;PIAS4;BAP1;SMUG1;ERCC1;POLE3;RPA3;UBC;H2AC8;POLM;UBB;POLR2C;ISY1;POLD1;COPS4;COPS7A;UBA7;APEX1;TINF2;UBE2T;H2AZ2",-1.155063782852534,0.30501544397106467,,
"REACTOME_SYNTHESIS_OF_LEUKOTRIENES_LT_AND_EOXINS_EX",15,-0.40341455054075764,-1.1059964416701311,0.3257328990228013,0.5281630315004587,"LTC4S;ALOX5AP;MAPKAPK2;DPEP1;DPEP2;GGT5;ALOX5",-1.3441200683022656,0.27410239361702127,,
"REACTOME_METABOLISM_OF_STEROID_HORMONES",20,-0.37687903579878373,-1.1124908920124776,0.33124018838304553,0.5356343650978357,"TSPO;POMC;HSD11B2;HSD17B14;FDXR;SRD5A1;SRD5A3;HSD17B2",-1.1896818660382227,0.44527627632124017,,
"REACTOME_TRANSCRIPTIONAL_REGULATION_OF_BROWN_AND_BEIGE_ADIPOCYTE_DIFFERENTIATION",27,0.30398633028533745,1.0993483157582489,0.3313253012048193,0.5356343650978357,"NCOA1;HNRNPU;HDAC2;SMAD1;EBF2;PPARGC1B;PPARGC1A;SMAD4;CHD3;GATAD2B;PPARA",1.1528563007381305,0.4519717448133934,,
"REACTOME_E3_UBIQUITIN_LIGASES_UBIQUITINATE_TARGET_PROTEINS",52,-0.3017570082074414,-1.0878748987981652,0.3380681818181818,0.5457243053682223,"UBA52;RNF181;UBE2J2;TMEM129;PEX14;HLA-A;RRAGA;PEX10;SKIC8;UBE2D2;UBE2L3;PAF1;UBC;UBB;SELENOS;PCNA;PEX2;H2BC12;H2BC8;RPS27A;H2BC4",-0.842459388044141,0.8352632589085792,,
"REACTOME_CONVERSION_FROM_APC_C_CDC20_TO_APC_C_CDH1_IN_LATE_ANAPHASE",20,-0.37402313923598746,-1.1040607098774944,0.3390894819466248,0.5465620094191522,"ANAPC11;FZR1;ANAPC2;UBE2S;ANAPC15;UBE2C;CDC20;ANAPC7;ANAPC5",-1.2451836729833712,0.38312699236414854,,
"REACTOME_PROTEIN_UBIQUITINATION",72,-0.2804828871331902,-1.0769661172831486,0.3405994550408719,0.548183738290634,"UBA52;RNF181;UBE2J2;TMEM129;PEX14;CDC34;HLA-A;RRAGA;UBE2R2;PEX10;UBE2S;SKIC8;UBE2D2;UCHL3;UBE2L3;PAF1;UBC;UBB;SELENOS;UBE2T;USP5;PCNA;UBE2C;PEX2;H2BC12;H2BC8;RPS27A",-0.9016556204548395,0.7694483734087695,,
"REACTOME_CO_INHIBITION_BY_CTLA4",21,0.3281605496906915,1.107400800643074,0.3426183844011142,0.5506186148130167,"PTPN11;PPP2R1B;YES1",1.0186537888260123,0.6252154924721296,,
"REACTOME_TGF_BETA_RECEPTOR_SIGNALING_ACTIVATES_SMADS",47,0.2536506547656078,1.054336313312627,0.3466666666666667,0.5554140127388535,"CBL;XPO1;SMURF2;ITGA8;ITGB1;ZFYVE9;MTMR4;ITGAV;SMAD2;PPP1R15A;NEDD4L;TGFBR2;TGFBR1;SMURF1;SMAD4;FBN1",1.174564322574756,0.35396665602671445,,
"REACTOME_BRANCHED_CHAIN_AMINO_ACID_CATABOLISM",21,-0.36823432696799474,-1.1023110109352117,0.3468118195956454,0.5554140127388535,"HSD17B10;BCKDK;ECHS1;BCAT2;BCKDHA",-1.3868826588675958,0.19830799917463374,,
"REACTOME_NEUROTRANSMITTER_RELEASE_CYCLE",35,0.2786597261357371,1.0740317811566171,0.3471337579617834,0.5554140127388535,"PPFIA1;SYN3;GLS;TSPOAP1;SLC38A2;CASK;SYN2;ALDH5A1;SLC6A12",0.8787428212387042,0.7892636924192963,,
"REACTOME_CO_STIMULATION_BY_CD28",46,0.2559024499283934,1.0556727524570813,0.34782608695652173,0.5557045265913299,"PIK3CA;PAK2;RICTOR;PIK3CB;PPP2R1B;YES1;MTOR",1.0901753271043555,0.4948358645465118,,
"REACTOME_FORMATION_OF_THE_CANONICAL_BAF_CBAF_COMPLEX",18,-0.3745987816256986,-1.092146350870816,0.3495297805642633,0.5576076264720212,"BCL7C;BCL7B;ACTB",-1.0954180504737299,0.5424352828379674,,
"REACTOME_UNFOLDED_PROTEIN_RESPONSE_UPR",88,-0.2666721708891803,-1.067337681079549,0.3513157894736842,0.5596362795715496,"EXOSC4;CREB3;YIF1A;MYDGF;CEBPB;KLHDC3;EXOSC1;EXOSC5;ATP6V0D1;NFYC;LMNA;CXXC1;ATF4;EXOSC7;ZBTB17;SRPRB;EXOSC3;GSK3A;PREB;SERP1",-1.0707340406503614,0.5431273238906171,,
"REACTOME_AGGREPHAGY",35,-0.3247030586018307,-1.0843023200367459,0.35319767441860467,0.5605264907265838,"UBA52;DYNLL1;TUBB4B;HSF1;TUBA4A;TUBA1A;TUBB6;PARK7;UBC;DYNC1I1;UBB",-1.0924098893425742,0.5330295848566686,,
"REACTOME_VITAMIN_B5_PANTOTHENATE_METABOLISM",20,-0.368402954981185,-1.087470761376783,0.3532182103610675,0.5605264907265838,"NUDT8;PPCDC;PDZD11;PPCS;PANK4;SLC25A42;SLC25A16",-1.1686173764837244,0.4675761198903278,,
"REACTOME_CELLULAR_HEXOSE_TRANSPORT",15,-0.39468751705873883,-1.0820705124627916,0.3534201954397394,0.5605264907265838,"SLC50A1;SLC2A6;SLC2A8;SLC2A4;SLC5A1;SLC2A11;SLC5A2",-1.0857931867748007,0.5424352828379674,,
"REACTOME_TELOMERE_C_STRAND_LAGGING_STRAND_SYNTHESIS",33,-0.3244804712408462,-1.0753068605349918,0.35413642960812775,0.5608143249869976,"POLD2;ACD;RFC2;POLA2;POLD4;RPA3;CHTF18;POLD1;TINF2;STN1;PCNA;RPA2",-1.002466609252588,0.6373545670552498,,
"REACTOME_EARLY_SARS_COV_2_INFECTION_EVENTS",36,0.27428553079589924,1.0609099921610932,0.3546325878594249,0.5608143249869976,"PIK3R4;UVRAG;PIK3C3;BECN1;DDX5;ACE2;HSPG2;RB1;CHMP2B",1.3198604450921338,0.3039383895203957,,
"REACTOME_TIGHT_JUNCTION_INTERACTIONS",23,-0.3556176161508715,-1.0910472502837887,0.3577981651376147,0.5649249093949795,"CLDN3;CRB3;PARD6A;CLDN15;CLDN7;CLDN5;CLDN4;CLDN9",-1.2021323018739405,0.44607071760356426,,
"REACTOME_PRC2_METHYLATES_HISTONES_AND_DNA",40,-0.3128457651773426,-1.0757321341405368,0.3584905660377358,0.5649249093949795,"H2AC20;H2AJ;H2AX;PHF19;PHF1;H2AC8;H3C8;H2AZ2;H2BC12;H2BC8;H4C5;EPOP;H2BC4;H4C9;H2AC6;EZH2;H3C10",-0.9373737039785641,0.7105306122448979,,
"REACTOME_RMTS_METHYLATE_HISTONE_ARGININES",44,-0.30500049506332966,-1.0698761544383386,0.35878962536023057,0.5649249093949795,"H2AC20;H2AC25;RPS2;H2AJ;H2AX;PRMT7;PRMT1;H2AC8;H3C8;SMARCD3;CARM1;H2AZ2;SMARCB1;COPRS;WDR5;H4C5;CDK4;H4C9;H2AC6;H3C10;SMARCD2",-1.3928635125571667,0.1513212795549374,,
"REACTOME_CYTOSOLIC_SENSORS_OF_PATHOGEN_ASSOCIATED_DNA",62,-0.28192175924770957,-1.0594726483564103,0.3623789764868603,0.5691197691197691,"UBA52;POLR2L;POLR2F;DDX41;POLR2H;POLR2E;NFKBIB;IRF7;NFKB2;IRF3;POLR3K;POLR1C;UBC;UBB;RELA;AIM2;RPS27A;TICAM1;RIPK3;ZBP1;POLR3H;STAT6;POLR3C;CRCP",-1.1983669834649238,0.36121339320124624,,
"REACTOME_MAPK_TARGETS_NUCLEAR_EVENTS_MEDIATED_BY_MAP_KINASES",31,0.27974788264708345,1.0441889806438402,0.3625,0.5691197691197691,"CREB1;MEF2A;PPP2R1B;RPS6KA3;DUSP6;ATF2;ATF1;MAPK1;MAPK14;MAPK8;RPS6KA5;MEF2C;FOS;DUSP4;MAPK9",1.2617395060985614,0.3103935680477209,,
"REACTOME_RNA_POLYMERASE_I_TRANSCRIPTION_TERMINATION",30,-0.33438509672133077,-1.0846951103377642,0.36430678466076694,0.5711322503039112,"POLR2L;POLR1H;POLR2F;POLR2H;POLR2E;POLR1E;POLR1C",-1.1332300192430147,0.49949867359644845,,
"REACTOME_RUNX2_REGULATES_OSTEOBLAST_DIFFERENTIATION",21,0.32142690835661303,1.0846776554885749,0.3649025069637883,0.5712430612612973,"YAP1;YES1;RB1;SATB2;CBFB;MAPK1;RUNX2",1.2533883878053167,0.32710509320089975,,
"REACTOME_TRANSCRIPTION_OF_THE_HIV_GENOME",66,-0.27826895515469985,-1.0576087772358138,0.3684931506849315,0.5758065649820763,"POLR2I;POLR2L;POLR2J;POLR2F;ELOB;NELFB;POLR2H;CDK9;NELFE;POLR2E;NELFA;POLR2G",-1.1154455040908406,0.488683444615648,,
"REACTOME_EPHA_MEDIATED_GROWTH_CONE_COLLAPSE",26,0.2955767587718203,1.0641709719272947,0.3688760806916426,0.5758065649820763,"ROCK2;ROCK1;MYH10;YES1",1.207804882122459,0.39759457004820536,,
"REACTOME_PLATELET_AGGREGATION_PLUG_FORMATION",30,0.2852919921904863,1.0497026681926265,0.37037037037037035,0.5768532865298213,"SOS1;RAPGEF4;PDPK1;GP1BA;CRK;PTK2;GRB2;RAP1A;RASGRP1;ADRA2A;RAP1B;PTPN1;FN1",1.1242418107792298,0.47657346716907845,,
"REACTOME_G_PROTEIN_ACTIVATION",17,-0.3789923853295776,-1.0824642769047033,0.3706070287539936,0.5768532865298213,"GNB2;GNG5;POMC;GNGT2;GNA11;GNB5;GNA15",-1.0752074377270524,0.5690748610657077,,
"REACTOME_AMINE_LIGAND_BINDING_RECEPTORS",15,-0.38555016185880253,-1.0570196502074287,0.3729641693811075,0.5776938716235841,"ADRB1;DRD4;DRD2;CHRM1;HRH2;ADRA2B;HTR4;DRD1;GPR143;HTR1D",-0.9925073438635181,0.6470210801420992,,
"REACTOME_RNA_POLYMERASE_I_TRANSCRIPTION",75,-0.2757106872672912,-1.0651049784163886,0.37329700272479566,0.5776938716235841,"H2AC20;POLR2L;POLR1H;POLR2F;H2AJ;POLR2H;H2AX;POLR2E;MBD3;MAPK3;CHD4;POLR1E;POLR1C;H2AC8;H3C8;H2AZ2;KAT2A;ERCC2;H2BC12;H2BC8;EHMT2;H4C5;H2BC4;TAF1C;H4C9;H2AC6;H3C10;GTF2H5;MTA1",-1.1672410111815807,0.39335651927035276,,
"REACTOME_ACTIVATION_OF_ANTERIOR_HOX_GENES_IN_HINDBRAIN_DEVELOPMENT_DURING_EARLY_EMBRYOGENESIS",82,-0.2701978445859003,-1.0649644217297585,0.37333333333333335,0.5776938716235841,"POLR2I;H2AC20;POLR2L;POLR2J;POLR2F;H2AJ;POLR2H;H2AX;POLR2E;POLR2G;HDAC3;RXRA;DPY30;H2AC8;H3C8;POLR2C;H2AZ2;H2BC12;WDR5;MAFB;H2BC8;RARA;H4C5;H2BC4;HOXA3",-1.0165220713053398,0.6252154924721296,,
"REACTOME_SIGNALING_BY_PTK6",49,0.24678960034935837,1.040628523606377,0.37333333333333335,0.5776938716235841,"CBL;KRAS;EPAS1;NRG1;RASA1;STAT3;CCND1;NRAS;HIF1A;EGFR;LRRK2;ARHGAP35",1.115833597190316,0.4469123742971284,,
"REACTOME_BUTYRATE_RESPONSE_FACTOR_1_BRF1_BINDS_AND_DESTABILIZES_MRNA",17,-0.3786492893747752,-1.0814843387080528,0.3738019169329074,0.5776938716235841,"EXOSC4;EXOSC1;EXOSC5;EXOSC7;EXOSC3;MAPKAPK2;AKT1;EXOSC2",-1.050260632592279,0.5919453478145262,,
"REACTOME_BETA_CATENIN_PHOSPHORYLATION_CASCADE",17,0.33455350070845224,1.05718371684972,0.375,0.5787234042553191,"PPP2R1B;APC;GSK3B;PPP2R5E;AMER1",1.0674852174882679,0.5439093484419263,,
"REACTOME_NOTCH4_INTRACELLULAR_DOMAIN_REGULATES_TRANSCRIPTION",19,0.32745494510068246,1.0650318251898923,0.3767313019390582,0.5795396572937611,"NOTCH2;MAML2;EP300;KAT2B;RBPJ;MAML3;SNW1;CREBBP;SMAD3;MAML1",1.2352598049550583,0.3419381407547088,,
"REACTOME_CHOLESTEROL_BIOSYNTHESIS",26,-0.33630511982836414,-1.0613602635726995,0.37709923664122136,0.5795396572937611,"EBP;PMVK;MVD;NSDHL;MVK;TM7SF2;HSD17B7;ARV1;DHCR7;FDPS;SREBF1;ACAT2;CYP51A1;MSMO1;SREBF2",-1.3901657644562615,0.2020071726618002,,
"REACTOME_EPH_EPHRIN_SIGNALING",88,-0.2627259502455991,-1.0515431946256228,0.37763157894736843,0.5795396572937611,"MYL6;ARPC4;AP2S1;AP2M1;PSENEN;CLTB;CLTA;APH1A;ACTB;MYL9;HRAS;ARPC1B;ARPC1A;EFNA4;CFL1;EFNA3;EPHB4;MMP9;LIMK1;GIT1;ARPC5;MYL12B;MYH11;NCK2;LIMK2;RAC1;CLTCL1;EFNA1;EPHA1;AP2A2;NGEF;EPHB2;ARPC3;ARPC2;MYL12A",-1.0233682918552762,0.6131493246230407,,
"REACTOME_GLYCOSPHINGOLIPID_BIOSYNTHESIS",17,0.3334697713188048,1.053759149293916,0.3776595744680851,0.5795396572937611,"B3GNT5;B4GALT5;B4GALT6;UGCG;B3GALNT1",1.0344002298521007,0.5785586962057551,,
"REACTOME_MATURATION_OF_SARS_COV_2_NUCLEOPROTEIN",15,0.34634319752098364,1.0565061475604165,0.3788659793814433,0.5805720923479019,"SRPK1;PARP4;GSK3B;SRPK2",1.0500960258893997,0.5675306957708048,,
"REACTOME_FORMATION_OF_THE_NON_CANONICAL_BAF_NCBAF_COMPLEX",17,-0.37729352019871826,-1.0776120400613822,0.3801916932907348,0.5817841945152172,"BCL7C;BCL7B;ACTB",-1.0200311375806392,0.6187825779662515,,
"REACTOME_ANCHORING_FIBRIL_FORMATION",15,0.3458493090232777,1.0549995603435445,0.38402061855670105,0.5856155870516041,"COL4A1;COL4A5;TLL1;COL4A2;COL4A3;LAMA3;LAMC2;COL4A6",1.5006764300851043,0.14911323163563023,,
"REACTOME_INTEGRIN_SIGNALING",23,0.30412726602798507,1.0526886688628114,0.3850574712643678,0.5856155870516041,"SOS1;RAPGEF4;PDPK1;CRK;PTK2;GRB2;RAP1A;RASGRP1;RAP1B;PTPN1;FN1",1.139096161874293,0.48062644098976703,,
"REACTOME_DUAL_INCISION_IN_GG_NER",40,-0.305024645803749,-1.0488389159109264,0.386066763425254,0.5856155870516041,"UBA52;RBX1;POLD2;RFC2;POLE4;POLD4;ERCC1;POLE3;RPA3;UBC;UBB;POLD1;PCNA;ERCC2;RPA2;RPS27A",-1.068380832356072,0.5556206802500014,,
"REACTOME_SARS_COV_1_ACTIVATES_MODULATES_INNATE_IMMUNE_RESPONSES",40,-0.30441498984758086,-1.0467425905780632,0.386066763425254,0.5856155870516041,"UBA52;PYCARD;PPIA;BST2;PPIH;IRF3;UBC;TKFC;UBB;PPIB;RELA;PCBP2;CASP1;RPS27A;RIPK3;IKBKE;FKBP1A",-1.063031654083812,0.5574973031283711,,
"REACTOME_PLATELET_CALCIUM_HOMEOSTASIS",20,0.3243870346539082,1.073673825989801,0.3863013698630137,0.5856155870516041,"ATP2A2;ITPR2;ATP2B1;ITPR1;ITPR3",1.168423847163692,0.43224806201550386,,
"REACTOME_FORMATION_OF_THE_EMBRYONIC_STEM_CELL_BAF_ESBAF_COMPLEX",19,-0.3596649301765521,-1.0549813550141338,0.3868954758190328,0.5856155870516041,"BCL7C;BCL7B;ACTB",-1.0911147344084176,0.5424352828379674,,
"REACTOME_PROCESSIVE_SYNTHESIS_ON_THE_C_STRAND_OF_THE_TELOMERE",19,-0.35893044896399984,-1.05282694984466,0.3868954758190328,0.5856155870516041,"POLD2;ACD;POLD4;RPA3;POLD1;TINF2;PCNA;RPA2",-0.8910556005986919,0.7469580892293824,,
"REACTOME_ANTIGEN_PRESENTATION_FOLDING_ASSEMBLY_AND_PEPTIDE_LOADING_OF_CLASS_I_MHC",29,-0.33158125572164476,-1.0696325990571198,0.3870014771048744,0.5856155870516041,"SEC13;HLA-C;HLA-F;HLA-A;TAPBP;HLA-E;HLA-B;SAR1B;BCAP31;HLA-G",-0.9265387445851005,0.7083982253399469,,
"REACTOME_L1CAM_INTERACTIONS",98,0.22121805846736994,1.0391531710271358,0.3888888888888889,0.5876543209876544,"SPTBN1;LAMC1;DLG1;CLTC;RANBP9;ITGB1;SPTAN1;RPS6KA3;ITGA9;CNTN1;ANK3;TUBB2B;EGFR;ITGA2;SPTB;KIF4A;SCN8A;ITGA10;ITGAV;AP2B1;LAMB1;SDCBP;SHTN1;ITGA1",1.1480494419253422,0.32036512201406014,,
"REACTOME_SMAD2_SMAD3_SMAD4_HETEROTRIMER_REGULATES_TRANSCRIPTION",36,0.26860071215849846,1.0389216616846673,0.38977635782747605,0.588178470618993,"CCNT1;SP1;CCNT2;RNF111;RBL1;CCNK;EP300;SMAD2;CDK8;MYC;MAPK1;SMAD4;TFDP2",0.9447944500842591,0.7049153378267302,,
"REACTOME_TRISTETRAPROLIN_TTP_ZFP36_BINDS_AND_DESTABILIZES_MRNA",17,0.33117322994899956,1.0465021152587362,0.39361702127659576,0.5931514115636235,"TNPO1;DIS3;DCP2;XRN1;DCP1A",1.0311989503815462,0.5876393110435664,,
"REACTOME_HYALURONAN_METABOLISM",17,-0.3747734026150279,-1.070414171809829,0.39456869009584666,0.5931956964233789,"HYAL2;HEXA;GUSB;HAS2;CD44;HYAL1;HYAL3",-1.1852970216472312,0.4469123742971284,,
"REACTOME_DEFECTS_IN_VITAMIN_AND_COFACTOR_METABOLISM",22,0.3101373904989461,1.0579808342762573,0.39473684210526316,0.5931956964233789,"ACACA;MTR;HLCS;MMUT;MTRR",-0.8541607958482028,0.7912233336974671,,
"REACTOME_SENSORY_PROCESSING_OF_SOUND_BY_OUTER_HAIR_CELLS_OF_THE_COCHLEA",40,0.25633423222852064,1.0191222472080572,0.3961661341853035,0.5945224193015314,"LHFPL5;SPTBN1;TWF1;SPTAN1;CLIC5;CASK;EPS8;MYH9;RDX;EPB41L1;PLS1",0.9292374848795188,0.7152172766264807,,
"REACTOME_NFE2L2_REGULATING_ANTI_OXIDANT_DETOXIFICATION_ENZYMES",18,0.32784957799738607,1.045465606396572,0.3983516483516483,0.5969787787969606,"CHD6;BACH1;SLC7A11;TXNRD1;EP300;NFE2L2",1.3060145511501937,0.2631569632649209,,
"REACTOME_IRE1ALPHA_ACTIVATES_CHAPERONES",47,-0.2947709098500849,-1.044066032073424,0.4017094017094017,0.6011827084729424,"YIF1A;MYDGF;KLHDC3;ATP6V0D1;LMNA;CXXC1;ZBTB17;SRPRB;GSK3A;PREB;SERP1",-1.078353910693096,0.5472837022132797,,
"REACTOME_DISEASES_ASSOCIATED_WITH_GLYCOSAMINOGLYCAN_METABOLISM",37,-0.30867882221254445,-1.0422665052082336,0.40406976744186046,0.6028628597814376,"B4GALT7;HEXA;B3GAT3;B3GALT6;SDC1;CHST14;CSPG5;GPC1;CHST6;BGN;PRELP",-0.8850235969658213,0.7563959955506118,,
"REACTOME_COBALAMIN_CBL_VITAMIN_B12_TRANSPORT_AND_METABOLISM",18,-0.3556327612469345,-1.0368507360337502,0.4043887147335423,0.6028628597814376,"PRSS3;CD320;MMAB;AMN;CBLIF;MMACHC;TCN2;ABCD4;LDLRAP1;TCN1",-1.1724610855016766,0.47812499999999997,,
"REACTOME_INTRINSIC_PATHWAY_FOR_APOPTOSIS",54,-0.28767240453608817,-1.0492528794690297,0.4044943820224719,0.6028628597814376,"BAD;BID;GSDMD;CDKN2A;SFN;DYNLL1;TP73;E2F1;MAPK3;AKT2;BAK1;BBC3",-1.1513118156063011,0.45019525357102835,,
"REACTOME_OXIDATIVE_STRESS_INDUCED_SENESCENCE",88,-0.25764853050607056,-1.0312211587994398,0.40657894736842104,0.6051407588739289,"UBA52;H2AC20;CDKN2C;H2AJ;CDKN2A;CDKN2D;PHC2;H2AX;E2F1;RING1;TXN;MAPK3;SCMH1;UBC;H2AC8;H3C8;MAPKAPK2;MAPKAPK3;UBB;MAP2K7;H2AZ2;H2BC12;H2BC8;RPS27A;H4C5;MAPK11;H2BC4;CDK4;CBX8;H4C9;H2AC6;EZH2;H3C10",-0.9198183895243869,0.7652366747620013,,
"REACTOME_KSRP_KHSRP_BINDS_AND_DESTABILIZES_MRNA",17,-0.37251297813781215,-1.0639580295707198,0.4073482428115016,0.6054574975121773,"EXOSC4;EXOSC1;EXOSC5;EXOSC7;EXOSC3;AKT1;EXOSC2;MAPK11;EXOSC6",-1.1977718692568038,0.4378439035715668,,
"REACTOME_TRANSLESION_SYNTHESIS_BY_POLK",17,-0.3689420360449301,-1.053758834547108,0.41373801916932906,0.6133209990749305,"UBA52;MAD2L2;RFC2;RPA3;UBC;UBB;PCNA;RPA2;RPS27A",-0.7947292788533997,0.8350009095870475,,
"REACTOME_RAF_ACTIVATION",32,0.2677195545717762,1.010686657572642,0.4143302180685358,0.6133209990749305,"BRAF;KRAS;KSR1;PPP2R1B;NRAS;BRAP;SHOC2;PPP2R5E;YWHAB;RAF1;PPP1CC;PPP2R5C;PPP1CB;MAP2K1",-0.9161780658874544,0.7264509501797638,,
"REACTOME_GLUTAMATE_NEUROTRANSMITTER_RELEASE_CYCLE",17,0.3246234989842509,1.02580507005964,0.4148936170212766,0.6133209990749305,"PPFIA1;GLS;TSPOAP1;SLC38A2",0.9264962902753665,0.7049153378267302,,
"REACTOME_SIGNALING_BY_NTRK3_TRKC",17,0.3250401611209228,1.0271217157542287,0.4148936170212766,0.6133209990749305,"SOS1;PIK3CA;KRAS;NRAS",1.1746701312945502,0.44607071760356426,,
"REACTOME_TNF_RECEPTOR_SUPERFAMILY_TNFSF_MEMBERS_MEDIATING_NON_CANONICAL_NF_KB_PATHWAY",17,-0.36606340575517354,-1.0455369953342502,0.4185303514376997,0.6172692621235155,"TNFSF12;TNFRSF12A;TRAF2;LTB;CD40;LTA;TNFSF13B;TNFSF14",-0.8787874499053883,0.7522058887074053,,
"REACTOME_COPI_DEPENDENT_GOLGI_TO_ER_RETROGRADE_TRAFFIC",89,0.22064858974746743,1.0253793235144681,0.4186991869918699,0.6172692621235155,"KIF21A;KIF3A;ARCN1;KIF1B;COPB2;KIF20B;ZW10;KIF13B;CENPE;KIF2A;NBAS;KIF3B;TUBB2B;NAPB;KIF5B;KIF4A;NSF;KIF16B;COPA;KIF18A;KIF5A;KIF21B;KIF23;KIF1C;RACGAP1;COPB1;KIF3C;NAPG;RAB1A;KIF11;KIF15",-0.8635292629418431,0.8219153434393415,,
"REACTOME_INTEGRIN_CELL_SURFACE_INTERACTIONS",75,0.22402815011525146,1.020460245827795,0.4216417910447761,0.6204433429494896,"KDR;ITGA8;ITGB1;ITGA9;COL4A1;ITGA2;ITGA4;CDH1;ITGA10;ITGAV;HSPG2;ITGA1;COL6A3;FBN1;COL2A1;COL4A5;COL8A1;COL5A2;VCAM1;COL9A1;COL13A1;COL4A2;COL4A3;COL5A3;ITGB8",1.6733091797998676,0.011432934999350242,,
"REACTOME_DENGUE_VIRUS_ACTIVATES_MODULATES_INNATE_AND_ADAPTIVE_IMMUNE_RESPONSES",28,0.28177419039057333,1.0261040623021338,0.42201834862385323,0.6204433429494896,"CTR9;DDX3X;UBR4;LEO1",1.0729636149943282,0.5439093484419263,,
"REACTOME_TRANSCRIPTIONAL_REGULATION_OF_GRANULOPOIESIS",54,-0.2815446248275969,-1.0269024892247691,0.42275280898876405,0.6204433429494896,"H2AC20;CEBPB;H2AJ;H2AX;E2F1;SPI1;RXRA;PML;H2AC8;H3C8;H2AZ2;H2BC12;CEBPA;H2BC8;RARA;H4C5;H2BC4;CDK4;H4C9;H2AC6;H3C10",-1.1434583601734434,0.4661485729799437,,
"REACTOME_TP53_REGULATES_TRANSCRIPTION_OF_CELL_DEATH_GENES",42,-0.2983728844912427,-1.0302000480017026,0.42313323572474376,0.6204433429494896,"TMEM219;BID;PRELID1;TP73;RABGGTA;PIDD1;BBC3;TP53I3;IGFBP3;BIRC5;BAX;CASP6;CASP1;PRELID3A;AIFM2;BCL6;CRADD",-1.1579052029642831,0.44607071760356426,,
"REACTOME_REGULATION_OF_NF_KAPPA_B_SIGNALING",18,-0.3514433124797368,-1.0246363578571895,0.42476489028213166,0.6219975782327849,"UBA52;LRRC14;USP18;TRAF2;UBC;UBB",-0.8857817298463159,0.7445129678127904,,
"REACTOME_GLUCAGON_SIGNALING_IN_METABOLIC_REGULATION",25,-0.3284176245785297,-1.030011480626485,0.42620481927710846,0.6232672625987823,"GNB2;GNG5;PRKAR1B;PRKACA",-0.782383544479272,0.8502728502728504,,
"REACTOME_TRNA_PROCESSING",114,-0.24510856186022872,-1.0136581522761567,0.4346153846153846,0.634713474445018,"POP7;URM1;LAGE3;QTRT1;OSGEP;HSD17B10;SEC13;CTU2;TRMT1;RPP38;POP5;CTU1;GON7;ADAT3;POP4;TRMT61A;TRMU;TRMT112;RPP25;CPSF4;METTL1;TSEN34;TSEN54;ZBTB8OS;FTSJ1;RPP21;CPSF1;MT-RNR1;RTCB;AAAS;PUS1;DUS2",-1.2481871502341928,0.23524324324324325,,
"REACTOME_NITRIC_OXIDE_STIMULATES_GUANYLATE_CYCLASE",20,0.31140537471404006,1.0307064228375529,0.43561643835616437,0.6352787034663476,"GUCY1A2;ITPR1;KCNMB3;NOS2;GUCY1A1;PDE11A;PDE5A;GUCY1B1",1.6864873508611697,0.04138251394442482,,
"REACTOME_SARS_COV_1_TARGETS_HOST_INTRACELLULAR_SIGNALLING_AND_REGULATORY_PATHWAYS",16,0.3278398699803492,1.0130242009090213,0.43617021276595747,0.6352787034663476,"SP1;YWHAG;EP300;PDPK1;YWHAB;SMAD4;YWHAZ",1.427637404238012,0.2025165661529298,,
"REACTOME_RIPK1_MEDIATED_REGULATED_NECROSIS",32,-0.31455744746692094,-1.028381902356383,0.4390602055800294,0.638507020349477,"UBA52;TRADD;STUB1;FLOT1;CDC37;FLOT2;TRAF2;UBE2L3;UBC;UBB;FADD;TNFSF10;RPS27A;RIPK3",-1.0296226518559966,0.611390396490909,,
"REACTOME_ABERRANT_REGULATION_OF_MITOTIC_EXIT_IN_CANCER_DUE_TO_RB1_DEFECTS",20,-0.3410024097181169,-1.0065884247492456,0.43956043956043955,0.638507020349477,"ANAPC11;FZR1;ANAPC2;UBE2S;ANAPC15;UBE2C;ANAPC7;ANAPC5",-1.1123527521890315,0.5318260189480793,,
"REACTOME_EXTENSION_OF_TELOMERES",49,-0.2880452798552795,-1.0238184954850673,0.44017094017094016,0.6385413105413106,"NOP10;POLD2;ACD;RFC2;RUVBL2;NHP2;POLA2;POLD4;RPA3;CHTF18;POLD1;TINF2;WRAP53;STN1;PCNA;RPA2;PIF1",-1.0316396015443763,0.6131830433717227,,
"REACTOME_DEVELOPMENTAL_LINEAGES_OF_THE_MAMMARY_GLAND",31,-0.3118769875515857,-1.0147708357722935,0.44281524926686217,0.6409138784465066,"CNN1;ERBB2;ACTA2;MYH11;MFGE8;SLPI;KRT18;EGF;TFAP2A;KRT8;CD44;ALDH1A1;GATA3;VIM;MUC1",-0.5432179096285147,1,,
"REACTOME_GLYCOSAMINOGLYCAN_PROTEIN_LINKAGE_REGION_BIOSYNTHESIS",27,-0.3175689708017291,-1.0112978508271853,0.44328358208955226,0.6409138784465066,"B4GALT7;B3GAT3;B3GALT6;SDC1;XYLT2;CSPG5;GPC1",-0.9363616743241904,0.6981876519690171,,
"REACTOME_DEFECTIVE_B4GALT7_CAUSES_EDS_PROGEROID_TYPE",18,-0.3458745525215108,-1.0084005846364184,0.44357366771159873,0.6409138784465066,"B4GALT7;SDC1;CSPG5;GPC1;BGN",-0.8028365693411608,0.8256548347613218,,
"REACTOME_CD209_DC_SIGN_SIGNALING",19,0.31147049073613436,1.013043138314802,0.44598337950138506,0.6435410038428474,"PAK2;KRAS;NRAS;EP300;RAF1;FYN;RPS6KA5;NFKB1;LYN;CREBBP",0.7141243808849799,0.9237771786702145,,
"REACTOME_PLATELET_SENSITIZATION_BY_LDL",16,0.32572744498015127,1.006496814084673,0.44680851063829785,0.64387769480062,"PTPN11;PPP2R1B;LRP8;PPP2R5E",0.9491797586761919,0.6883625291628771,,
"REACTOME_METABOLISM_OF_FAT_SOLUBLE_VITAMINS",35,-0.30272652820470985,-1.010914643928721,0.4476744186046512,0.6439924443999124,"VKORC1;APOE;SDC1;GPC1;APOM;AKR1C4;UBIAD1;LRP10;AKR1C3;AKR1C1;BCO1;SDC3;RBP4;RDH11;AGRN;AKR1B10",-1.0365844259397385,0.5919453478145262,,
"REACTOME_EPHB_MEDIATED_FORWARD_SIGNALING",42,0.24496591329168055,0.994701686107585,0.4482758620689655,0.6439924443999124,"ROCK2;ITSN1;ROCK1;ACTR2;YES1;RASA1",1.117590527382266,0.482800558796943,,
"REACTOME_MATURATION_OF_DENV_PROTEINS",51,-0.2811515792349898,-1.0142822239792024,0.44866385372714485,0.6439924443999124,"DPM3;UBA52;OST4;DPM2;TMEM258;DAD1;UBE2I;RPN1;ACOT2;SCAP;UBC;UBB;SPCS1;OSTC;DDOST",-1.0168234378074146,0.6228908867279609,,
"REACTOME_B_WICH_COMPLEX_POSITIVELY_REGULATES_RRNA_EXPRESSION",56,-0.274606757958331,-1.006026685061936,0.4566145092460882,0.6545409566004532,"H2AC20;POLR2L;POLR1H;POLR2F;ACTB;H2AJ;POLR2H;H2AX;POLR2E",-1.022310887111639,0.6145436656159466,,
"REACTOME_INHIBITION_OF_THE_PROTEOLYTIC_ACTIVITY_OF_APC_C_REQUIRED_FOR_THE_ONSET_OF_ANAPHASE_BY_MITOTIC_SPINDLE_CHECKPOINT_COMPONENTS",21,-0.334794025133454,-1.0022073263473947,0.45878693623639194,0.6567897192436769,"ANAPC11;ANAPC2;UBE2S;ANAPC15;UBE2C;CDC20;ANAPC7;ANAPC5;BUB3;ANAPC16",-1.072791361228253,0.5675306957708048,,
"REACTOME_TP53_REGULATES_TRANSCRIPTION_OF_GENES_INVOLVED_IN_CYTOCHROME_C_RELEASE",18,-0.3402968590142826,-0.9921387655676046,0.46238244514106586,0.6584954209667155,"BID;PRELID1;TP73;BBC3;BAX;PRELID3A;AIFM2",-0.9932265549277588,0.6292654713707345,,
"REACTOME_MRNA_DECAY_BY_5_TO_3_EXORIBONUCLEASE",15,-0.36830755527621545,-1.0097475290112632,0.46254071661237783,0.6584954209667155,"LSM7;LSM4;LSM2",-0.9923409176410255,0.6470210801420992,,
"REACTOME_SEROTONIN_NEUROTRANSMITTER_RELEASE_CYCLE",15,0.32801629035292257,1.0006006462327848,0.4639175257731959,0.6584954209667155,"PPFIA1;SYN3;TSPOAP1;SYN2",-0.819691029465129,0.8107137024334476,,
"REACTOME_OTHER_SEMAPHORIN_INTERACTIONS",18,-0.339670670837042,-0.9903131079139311,0.46394984326018807,0.6584954209667155,"TYROBP;TREM2;CD72",0.6645764930320424,0.9660529541835179,,
"REACTOME_DEPOSITION_OF_NEW_CENPA_CONTAINING_NUCLEOSOMES_AT_THE_CENTROMERE",48,-0.2840698010678187,-1.0087050495298417,0.46438746438746437,0.6584954209667155,"CENPX;H2AC20;H2AJ;CENPM;CENPT;H2AX",-0.9958883058921204,0.6373545670552498,,
"REACTOME_RAB_REGULATION_OF_TRAFFICKING",120,-0.24051519466041735,-1.005831216739953,0.46455696202531643,0.6584954209667155,"TRAPPC2L;TBC1D10A;RAB11B;DENND6B;TRAPPC3;TRAPPC1;TRAPPC4;HPS1;GABARAPL2;TRAPPC6A;TBC1D10B;MON1A;TRAPPC12;TRAPPC5;GDI1;GGA1;TBC1D17;TBC1D10C;RAB33A;AKT2;RAB1B;RAB32;DENND2A;RAB3A;RABGEF1;TBC1D25;RAB3IL1;SYTL1;TBC1D7",-1.0752533323207472,0.5291753093484014,,
"REACTOME_METABOLISM_OF_NITRIC_OXIDE_NOS3_ACTIVATION_AND_REGULATION",17,-0.3505324991194679,-1.0011781842555687,0.46485623003194887,0.6584954209667155,"NOSIP;SPR;DNM2;AKT1;CYGB;CAV1;CALM1",-1.0400736514820312,0.6050393700787402,,
"REACTOME_SYNTHESIS_OF_BILE_ACIDS_AND_BILE_SALTS_VIA_7ALPHA_HYDROXYCHOLESTEROL",17,-0.35091205600630554,-1.0022622608411647,0.46485623003194887,0.6584954209667155,"HSD3B7;ACOT8;RXRA;SLC27A5;CYP27A1;AKR1C2;AKR1C4;AKR1C3;AKR1C1",-1.032496509318542,0.611390396490909,,
"REACTOME_TRAF6_MEDIATED_IRF7_ACTIVATION",16,0.3221177021218175,0.9953427196337151,0.4654255319148936,0.6584954209667155,"TRAF6;TBK1;SIKE1;EP300",0.9436977811428415,0.6922209104027286,,
"REACTOME_COOPERATION_OF_PDCL_PHLP1_AND_TRIC_CCT_IN_G_PROTEIN_BETA_FOLDING",32,-0.30723293801938817,-1.0044359013313295,0.4669603524229075,0.659808913553407,"GNB2;CSNK2B;GNG5;CCT3;GNGT2;GNA11;CCT7;RGS11;GNB5;GNA15;CCT6B",-0.8728725608696228,0.7767865992665278,,
"REACTOME_THROMBOXANE_SIGNALLING_THROUGH_TP_RECEPTOR",19,-0.3356846431150944,-0.9846415647952045,0.46801872074882994,0.6604466513290882,"GNB2;GNG5;TBXA2R;GNGT2;AAMP;GNA11;GNB5;GNA15",-0.9832144624631086,0.6373545670552498,,
"REACTOME_CELLULAR_RESPONSES_TO_MECHANICAL_STIMULI",93,0.2128170326687311,0.9980590878650999,0.4691358024691358,0.6611654832725644,"PIK3CA;KDR;YAP1;VCL;RICTOR;PIK3CB;PPP2R1B;ITGB1;PKN2;MTOR;PRKAR2A;GJA1;ITGAV;PRKAR1A;HSPG2;GNAQ;CALCRL;ADCY6;ADCY1;CHUK;PDPK1;GNG12;FYN;PANX1;PDE4D;PTK2;PRKAR2B;GNG2",1.2104873650553918,0.25069400598233443,,
"REACTOME_SIGNALING_BY_NOTCH1_PEST_DOMAIN_MUTANTS_IN_CANCER",57,-0.2717829964023765,-0.9980811076316342,0.47083926031294454,0.6627077816565119,"UBA52;RBX1;PSENEN;MIB2;APH1A;HDAC10;HDAC3;SKP1;HDAC11;UBC;UBB;NEURL1B;HDAC5;KAT2A;JAG2",-0.8461565463574312,0.8267477203647416,,
"REACTOME_MEIOTIC_SYNAPSIS",46,0.23828612826783444,0.983000252522925,0.47157190635451507,0.6628814394234009,"STAG1;ATR;BRCA1;SMC1A;STAG2;SMC3",1.0306481591084253,0.5693151798414957,,
"REACTOME_MAP3K8_TPL2_DEPENDENT_MAPK1_3_ACTIVATION",16,-0.35225422053450983,-0.9950151727823922,0.4744408945686901,0.6660537977944965,"UBA52;TNIP2;SKP1;UBC;UBB",-0.8353173231489271,0.7912233336974671,,
"REACTOME_DISEASES_OF_IMMUNE_SYSTEM",29,-0.30642866918078576,-0.9884940363354277,0.4756277695716396,0.6668595532138452,"CD14;UNC93B1;NFKB2;S100A9;RELA;TICAM1;S100A8;S100A1;MYD88;LY96;IKBKG;CD36;NFKBIA",-1.0688789693052398,0.568809835695989,,
"REACTOME_BACTERIAL_INFECTION_PATHWAYS",99,0.20920670670064556,0.9887483674974022,0.47639484978540775,0.6670754138565297,"CBL;KPNB1;LAMC1;DUSP16;KPNA1;MAP2K6;PDCD6IP;TXNRD1;COL4A1;RAB5A;MAP2K4;GUCY2C;CDH1;LAMA4;CBLL1;RNF213;LAMB1;STAM2;CTNND1;NOS2;EPS15;MAPK1;HSP90AB1;LAMA5;COL4A5;SFPQ;GRB2;COL5A2;STAM;MET;MAP2K1;HSP90AA1;COL4A2;COL4A3;COL5A3;ANTXR1",1.0853525860925908,0.47812499999999997,,
"REACTOME_MAP2K_AND_MAPK_ACTIVATION",35,-0.2941450697164299,-0.9822580141199111,0.47819767441860467,0.668058722348894,"LAMTOR2;MAP2K2;WDR83;ACTB;HRAS;MAPK3;CSK;ARAF;CNKSR1;PEBP1",-1.1466182861560834,0.4682435100516001,,
"REACTOME_INCRETIN_SYNTHESIS_SECRETION_AND_INACTIVATION",15,-0.36235907458278616,-0.993439246448184,0.4788273615635179,0.668058722348894,"SPCS1;ISL1;SEC11A;GRP;CDX2;GNB1;SEC11C;GNB3",-0.7113476783398006,0.9035277315532093,,
"REACTOME_MODULATION_OF_HOST_RESPONSES_BY_IFN_STIMULATED_GENES",19,-0.33346280135776746,-0.9781243832990237,0.4789391575663027,0.668058722348894,"IFI27;ISG15;UBE2L6;IFI6;IFI44;IFI44L;UBA7",1.011595971080546,0.6187825779662515,,
"REACTOME_FC_EPSILON_RECEPTOR_FCERI_SIGNALING",160,-0.23052358500835118,-0.9946482028949746,0.48098159509202454,0.6700486241486846,"PSMB4;UBA52;PSMB3;PSMD8;PSMB1;PSMB7;CDC34;PSMC3;PSMC4;PSMA6;TAB1;HRAS;PSMB6;ADRM1;PSMD13;LAT2;PSMA5;PSMC5;PSMB5;PSMB2;MAPK3;SKP1;PSMA7;UBE2D2;PSMC2;UBC;IGLV3-25;IGLV3-27;IGHV1-2;PSMA1;UBB;PSMD3;RELA;MAP2K7;SEM1;RAC1;PSMA3;PSMD2;IGLC3;RASGRP4;RPS27A;RASGRP2;FCER1G",-0.8813212748944541,0.8267477203647416,,
"REACTOME_PRE_NOTCH_PROCESSING_IN_GOLGI",18,0.3104530738704177,0.9899906326376414,0.4835164835164835,0.6721815646137982,"SEL1L;ATP2A2;NOTCH2;RAB6A",1.0096165933792405,0.6197981639329068,,
"REACTOME_TNFR1_INDUCED_PROAPOPTOTIC_SIGNALING",25,-0.31566168896637764,-0.9900052229126663,0.48493975903614456,0.6721815646137982,"SHARPIN;MIB2;TRADD;RBCK1;TRAF2;TNFRSF1A;USP21;FADD;RNF31;IKBKE",-1.1286348230190406,0.5270977327046056,,
"REACTOME_ATTENUATION_PHASE",24,-0.31758300067626666,-0.9895800196737131,0.4857997010463378,0.6721815646137982,"HSPB1;HSBP1;HSF1;DEDD2;MRPL18;UBB;HSPA6;SERPINH1;DNAJB6;DNAJB1;HSPA1A;HSPA2",-1.083107854309999,0.5591281288455014,,
"REACTOME_SEMAPHORIN_INTERACTIONS",61,0.22811595474798846,0.9972503493754278,0.4859154929577465,0.6721815646137982,"ROCK2;ARHGEF12;ROCK1;MYH10;PAK2;ITGB1;FARP2;GSK3B",1.1028677035413794,0.4661485729799437,,
"REACTOME_HIV_TRANSCRIPTION_INITIATION",45,-0.27950074413032466,-0.9858715504157068,0.48652482269503544,0.6721815646137982,"POLR2I;POLR2L;POLR2J;POLR2F;POLR2H;POLR2E;POLR2G",-1.1906421485409655,0.40189699959486186,,
"REACTOME_DEATH_RECEPTOR_SIGNALING",149,0.1985891274274864,0.9989892727235817,0.4869109947643979,0.6721815646137982,"ARHGEF12;ADAM17;SOS1;ITSN1;TRAF6;PRDM4;TAB3;FGD4;SOS2;AKAP13;PRKCI;ARHGEF38;CASP8;TBK1;TRIO;ECT2;ARHGEF10;GNA13;HDAC2;XIAP;MADD;MAP3K7;TNFAIP3;BIRC3;BIRC2;OTUD7B;TNFRSF10A;CYLD;AATF;ARHGEF7;TAB2;CHUK;NET1;FGD1;ABR;SPPL2A;TIAM2;CFLAR;RIPK1",1.0977070986165032,0.37115009746588695,,
"REACTOME_DOWNREGULATION_OF_TGF_BETA_RECEPTOR_SIGNALING",26,0.2666936829231224,0.9601826508364383,0.48703170028818443,0.6721815646137982,"XPO1;SMURF2;ZFYVE9;MTMR4;SMAD2;PPP1R15A;NEDD4L;TGFBR2;TGFBR1;SMURF1",-0.7510854598967763,0.8745412098466266,,
"REACTOME_HIGH_LAMINAR_FLOW_SHEAR_STRESS_ACTIVATES_SIGNALING_BY_PIEZO1_AND_PECAM1_CDH5_KDR_IN_ENDOTHELIAL_CELLS",60,0.22807154442901592,0.988718686628688,0.4874551971326165,0.6721815646137982,"PIK3CA;KDR;VCL;RICTOR;PIK3CB;PKN2;MTOR;PRKAR2A;PRKAR1A;GNAQ;CALCRL;ADCY6;ADCY1;PDPK1;GNG12;FYN",1.0556748305334156,0.5496291690722565,,
"REACTOME_DENGUE_VIRUS_GENOME_TRANSLATION_AND_REPLICATION",81,0.21425656644306973,0.9856245482501432,0.49019607843137253,0.6739898989898989,"KPNB1;DNAJC10;XPO1;EIF4G3;XRN1;IPO7;DNAJC3;KPNA1;EIF4A1;STT3A;EIF4G2;STT3B;HYOU1;KPNA4;HNRNPD;CANX;KPNA5;KPNA3;EIF4G1",1.0251472017303023,0.5693151798414957,,
"REACTOME_PYRUVATE_METABOLISM",44,0.23814586446904315,0.9721524149209901,0.4902597402597403,0.6739898989898989,"MKLN1;NEK1;RANBP9;RMND5A;WDR26;PDP2;DLD;DLAT;PDHX;ME2;PDK3;ARMC8;PDPR;PDP1",-0.9042798625774301,0.7578747927686112,,
"REACTOME_GPVI_MEDIATED_ACTIVATION_CASCADE",31,0.26237336341499173,0.979336723838658,0.490625,0.6739898989898989,"PTPN11;PIK3CA;PIK3CB",1.0506077446725919,0.5498501498501498,,
"REACTOME_ACTIVATION_OF_AMPK_DOWNSTREAM_OF_NMDARS",20,-0.32580131657111355,-0.9617170573651935,0.49293563579277866,0.676310178742173,"TUBB4B;TUBA4A;TUBA1A;TUBB6;PRKAG1;TUBA1B;CALM1;PRKAG2;MAPT;TUBA1C",-1.1718300958221897,0.45813408708109893,,
"REACTOME_NUCLEAR_EVENTS_KINASE_AND_TRANSCRIPTION_FACTOR_ACTIVATION",57,0.22146609400274422,0.9619122618952128,0.4983277591973244,0.6828471058018752,"REST;CREB1;MEF2A;PPP2R1B;RPS6KA3;NAB1;TCF12;EP300;EGR3;EGR1;DUSP6;ATF2;SGK1;ATF1;MAPK1;MAPK14;TPH1;CDK5R1",0.8513038179930665,0.8605396498455202,,
"REACTOME_ER_QUALITY_CONTROL_COMPARTMENT_ERQC",21,-0.3224989051032626,-0.965401832678066,0.49922239502332816,0.6832125355790956,"UBA52;MAN1B1;EDEM2;RNF5;AMFR;UBC;UBB",-0.834602333840098,0.8119724509347004,,
"REACTOME_DEACTIVATION_OF_THE_BETA_CATENIN_TRANSACTIVATING_COMPLEX",41,-0.2822334232599555,-0.9703350308911106,0.5,0.6834170854271356,"UBA52;CBY1;CTBP1;CTNNBIP1;AKT2;PYGO2;DPY30;UBC;UBB;AKT1;SOX17;SOX13;WDR5;RPS27A",-0.9267695850704782,0.7194752363849478,,
"REACTOME_TRAFFICKING_OF_AMPA_RECEPTORS",23,0.276107558364988,0.9557028604316419,0.5028735632183908,0.6864823548075398,"MYO6;DLG1;PRKCA;CACNG8;NSF;AP2B1;MDM2;EPB41L1;GRIP1",-0.7412024658035203,0.8962213818778765,,
"REACTOME_SPHINGOLIPID_METABOLISM",95,0.207193867932106,0.9788104771709171,0.5061224489795918,0.690051659761649,"SAMD8;OSBP;CERS6;STS;B3GNT5;B4GALT5;ABCC1;CERT1;NEU3;PRKD3;ACER3;SPTLC2;SGPP1;PPM1L;B4GALT6;UGCG;SGMS2;B3GALNT1;ABCG2;KDSR",-0.6902083147808854,0.9907136997538966,,
"REACTOME_RHO_GTPASES_ACTIVATE_IQGAPS",24,-0.31004646016001436,-0.9660963637586815,0.5082212257100149,0.6920459243710841,"ACTB;TUBB4B;TUBA4A;TUBA1A;TUBB6",-1.101053694814875,0.5439093484419263,,
"REACTOME_DISASSEMBLY_OF_THE_DESTRUCTION_COMPLEX_AND_RECRUITMENT_OF_AXIN_TO_THE_MEMBRANE",27,0.2648108489428676,0.9576725391125112,0.5090361445783133,0.692289156626506,"LRP6;PPP2R1B;APC;GSK3B",0.9511057158184482,0.6878099538627662,,
"REACTOME_RUNX1_REGULATES_GENES_INVOLVED_IN_MEGAKARYOCYTE_DIFFERENTIATION_AND_PLATELET_FUNCTION",59,0.22472787723438767,0.9701902490919152,0.5107913669064749,0.6938089977456238,"KMT2A;KMT2C;KMT2D;AGO3;TNRC6A;TNRC6B;SIN3A;AGO4;EP300;NR4A3;PRKCQ;SETD1B;CBFB;GP1BA;KAT2B",0.9425236187948473,0.7187243735763098,,
"REACTOME_TRP_CHANNELS",20,0.2928554142716786,0.9693087562465964,0.5123287671232877,0.695029549414136,"TRPM7;TRPA1;TRPV3;MCOLN3;MCOLN2;TRPM6;RIPK1;MLKL;TRPC6;TRPC4",-0.6251821297209511,0.9649384021261912,,
"REACTOME_RESPONSE_OF_EIF2AK1_HRI_TO_HEME_DEFICIENCY",15,-0.35130738102917863,-0.963140057367537,0.5130293159609121,0.6951131952247477,"CEBPB;ATF4;ATF5;TRIB3;CHAC1",-0.9751147965443009,0.6757319423268918,,
"REACTOME_METABOLISM_OF_FOLATE_AND_PTERINES",16,-0.34183991103312145,-0.9655977936173976,0.5143769968051118,0.6960723538855245,"FPGS;FOLR2;MTHFS;SHMT2;SHMT1;SLC19A1",-1.2436188306965086,0.3996039730446169,,
"REACTOME_GLYCOSAMINOGLYCAN_METABOLISM",120,-0.2351959072855396,-0.9835860305261804,0.5164556962025316,0.6980171397122416,"B4GALT7;HYAL2;B4GALT2;HEXA;B3GAT3;IDUA;NAGLU;B3GALT6;B4GALT3;SDC1;SLC35D2;GUSB;HS3ST2;CHST12;SGSH;CHST7;XYLT2;CHPF;CHST14;HS3ST1;CSPG5;GPC1;B4GAT1;CTSL;HAS2;CHST1;CHST6;BGN;UST;CD44;B3GNT4;HS3ST3A1;PRELP;SLC26A11;CHPF2;HYAL1;B3GNT3;HYAL3;SLC26A1;GLB1;CHST2;ST3GAL2;SDC3",-0.9983726272088512,0.6504065040650406,,
"REACTOME_REGULATION_OF_INSULIN_LIKE_GROWTH_FACTOR_IGF_TRANSPORT_AND_UPTAKE_BY_INSULIN_LIKE_GROWTH_FACTOR_BINDING_PROTEINS_IGFBPS",94,-0.23858682402251452,-0.9642768389962314,0.5177865612648221,0.6982031536486982,"LGALS1;TIMP1;CST3;VGF;SHISA5;IGFBP7;APOE;SPP1;FAM20C;FSTL3;NUCB1;PRKCSH;VWA1;PNPLA2;IGFBP6;GAS6;MFGE8;IGFBP4;MXRA8;IGFBP3;MSLN;GZMH;TMEM132A;IGFBP2",0.8768475843322626,0.8737966042359532,,
"REACTOME_DOWNREGULATION_OF_ERBB2_SIGNALING",25,-0.3076305613376108,-0.9648173126395122,0.5180722891566265,0.6982031536486982,"UBA52;STUB1;ERBB2;AKT2;CDC37;UBC;UBB;AKT1;EGF;PTPN18;RPS27A",-0.934189123323519,0.6981876519690171,,
"REACTOME_NUCLEAR_RECEPTOR_TRANSCRIPTION_PATHWAY",45,0.23386670403249435,0.9561956437327299,0.5185185185185185,0.6982031536486982,"MED1;NR2C2;NCOR1;RORA;NR4A3;NR2C1;NR5A2;HNF4G;NR4A1;VDR;PPARA;NR4A2;NR6A1;ESRRG;NR1D2",0.8478489254244913,0.8550232616622658,,
"REACTOME_CONDENSATION_OF_PROPHASE_CHROMOSOMES",38,-0.2806911548991782,-0.9551055446145869,0.5217391304347826,0.7016714139839846,"NCAPH2;H2AC20;H2AJ;H2AX;H2AC8;H3C8;H2AZ2;H2BC12;H2BC8;H4C5;H2BC4;H4C9;H2AC6;H3C10",-0.947142352690334,0.6899072308045656,,
"REACTOME_REPLACEMENT_OF_PROTAMINES_BY_NUCLEOSOMES_IN_THE_MALE_PRONUCLEUS",21,-0.31837147576168473,-0.9530463555351818,0.5225505443234837,0.7018950521283337,"H2AX;HIRA;METTL23;H2BC12;H2BC8;H4C5;H2BC4;H4C9",-1.0422326259362178,0.5887445887445888,,
"REACTOME_SIGNALING_BY_RETINOIC_ACID",34,-0.28824935995911954,-0.960026858054308,0.5260115606936416,0.704824886969431,"DHRS3;RXRA;RXRB;DHRS4;RDH16;PDK2;RARA;AKR1C3;ADH1C;ALDH1A1;RDH13",-0.8950611539588317,0.7638752935804779,,
"REACTOME_N_GLYCAN_ANTENNAE_ELONGATION_IN_THE_MEDIAL_TRANS_GOLGI",20,0.2855056538918973,0.9449821201481862,0.5260273972602739,0.704824886969431,"B4GALT5;MGAT4A;MAN2A1;B4GALT6;CHST10;MGAT5",-0.9002302352316544,0.7421200009573272,,
"REACTOME_EGFR_DOWNREGULATION",28,0.2615364015154512,0.9524064771968712,0.5290519877675841,0.7080056121662135,"CBL;PTPN12;PTPN3;EGFR;STAM2;ARHGEF7;SPRY1;PTPRK;EPS15;TGFA;GRB2;EREG;STAM",0.9451039319615245,0.6981876519690171,,
"REACTOME_DRUG_ADME",69,-0.2523513393096553,-0.9630850368315379,0.530949105914718,0.7093779015784586,"GUK1;BSG;ACY1;NME1;GSTP1;HSD11B2;SLC29A3;ITPA;NME2;CYP2D6;IMPDH2;SULT1A1;RAC1;UGT2B17;GGT5;AKR1C1;CYP3A4;SLCO1B3;GSTM1;PON3;UGT2B7;GGT7;HPRT1;UGT1A10;IMPDH1;SLC29A2;GGT6",-1.1337395914127544,0.47657346716907845,,
"REACTOME_ENDOGENOUS_STEROLS",16,0.3077624842081407,0.9509851399508382,0.5319148936170213,0.7093779015784586,"NCOA1;NCOA2;CYP7B1",0.9888800464930995,0.6369146005509643,,
"REACTOME_TRANSCRIPTIONAL_REGULATION_OF_PLURIPOTENT_STEM_CELLS",21,0.28222984257151645,0.9524044066956031,0.532033426183844,0.7093779015784586,"EPAS1;STAT3;SMAD2;SALL1;SMAD4;NR6A1",0.7239324013680996,0.9226630978487713,,
"REACTOME_ION_TRANSPORT_BY_P_TYPE_ATPASES",41,0.23656375697569587,0.9553165800056453,0.5339506172839507,0.7106959092070211,"ATP11C;ATP2A2;ATP2B1;ATP11B;ATP2C1;ATP7A;ATP1A1;ATP7B;ATP9A;ATP8B1;ATP10D;ATP8A1;ATP8A2;ATP2B4;ATP11A",1.1291947630544508,0.45019525357102835,,
"REACTOME_G_PROTEIN_BETA_GAMMA_SIGNALLING",27,-0.2978578098469339,-0.9485276920784623,0.5343283582089552,0.7106959092070211,"GNB2;GNG5;AKT2;GNGT2;AKT1;PLCB3;PIK3R6;GNB5;RHOA;GNB1;GNB3;PIK3R5",-0.8263912511230792,0.8119724509347004,,
"REACTOME_CHAPERONE_MEDIATED_AUTOPHAGY",20,-0.3155652108293675,-0.9315015947745682,0.5368916797488226,0.7132333914123552,"UBA52;HBB;PARK7;UBC;UBB;EEF1A1",-0.9335290618851968,0.6978911120613985,,
"REACTOME_TRANS_GOLGI_NETWORK_VESICLE_BUDDING",69,-0.24958164532646582,-0.9525146517521111,0.5419532324621733,0.7183856583362729,"BLOC1S1;CLTB;CLTA;AP1S1;VAMP8;ARF1;DNASE2;CHMP2A;AP4M1;AP1M2;BLOC1S4;FTL;STX4;CTSZ;SNAPIN;AP1B1;AP1M1;FTH1;DNM2;RAB5C;NAPA;DTNBP1;TXNDC5",-1.1235104585692728,0.488683444615648,,
"REACTOME_EPIGENETIC_REGULATION_OF_GENE_EXPRESSION_BY_MLL3_AND_MLL4_COMPLEXES",98,0.2078091777074675,0.9761660846287049,0.5427350427350427,0.7183856583362729,"MED1;MED13;KMT2C;NCOA1;KMT2D;NCOA3;NCOR1;SIRT1;MED14;NCOA2;MED23;KDM6A;ELOVL5;EP300;NCOA6;NR5A2;ACSL1;LPIN1;RB1;TBL1XR1;CDK8;PPARGC1B;MED12",0.9844718949597709,0.6829186186775886,,
"REACTOME_EXTRA_NUCLEAR_ESTROGEN_SIGNALING",67,0.21678177267167836,0.9656907116398818,0.5427509293680297,0.7183856583362729,"STRN;PIK3CA;XPO1;CREB1;KRAS;FOXO3;CCND1;NRAS;GNAI1;ZDHHC21;UHMK1;EGFR",1.206801051016031,0.27854555151701427,,
"REACTOME_CHROMATIN_MODIFICATIONS_DURING_THE_MATERNAL_TO_ZYGOTIC_TRANSITION_MZT",34,-0.2846962652621238,-0.9481931237528337,0.5447976878612717,0.7199183421558621,"H2AC20;H2AJ;H2AX;METTL23;H2AC8;H3C8;H2AZ2;H2BC12;H2BC8;H4C5;H2BC4;H4C9;H2AC6;H3C10",-1.0680000187899503,0.562247685212168,,
"REACTOME_UB_SPECIFIC_PROCESSING_PROTEASES",161,-0.223127385347549,-0.9639481362607645,0.5452322738386308,0.7199183421558621,"PSMB4;UBA52;PSMB3;H2AC20;H2AC25;FKBP8;UFD1;PSMD8;PSMB1;KEAP1;PSMB7;PSMC3;PSMC4;PSMA6;TAB1;TADA3;OTUB1;PSMB6;USP20;ADRM1;PSMD13;PSMA5;PSMC5;PSMB5;POLB;VDAC3;PSMB2;USP18;TRAF2;PSMA7;RCE1;PSMC2;UBC;H2AC8;PSMA1;UBB;PSMD3;SNX3;USP5;TAF10;KAT2A;USP21;CDC20;SEM1;PSMA3;PSMD2;SIAH2;H2BC12",-1.0004685138234877,0.6373545670552498,,
"REACTOME_CELLULAR_SENESCENCE",154,-0.2229576268769245,-0.9612844379822294,0.5501222493887531,0.7254945543454102,"UBA52;H2AC20;ANAPC11;CDKN2C;CEBPB;H2AJ;CDKN2A;CDKN2D;FZR1;PHC2;H2AX;ACD;ANAPC2;IGFBP7;E2F1;RING1;TXN;MAPK3;UBE2S;HIRA;ANAPC15;SCMH1;UBC;H2AC8;H3C8;RPS6KA1;HMGA1;MAPKAPK2;MAPKAPK3;UBB;TINF2;RELA;MAP2K7;H2AZ2;UBE2C;ANAPC7;ERF;H2BC12;ANAPC5;H2BC8;EHMT2;RPS27A;H4C5;H1-2;MAPK11;H2BC4",-0.9741318346032375,0.6844237376907383,,
"REACTOME_LONG_TERM_POTENTIATION",15,0.30068729752793477,0.9172346406842427,0.5515463917525774,0.726492099548189,"DLG1;NRG1;GRIN2B",0.9214244749170787,0.6970775369351883,,
"REACTOME_FORMATION_OF_NEURONAL_PROGENITOR_AND_NEURONAL_BAF_NPBAF_AND_NBAF",24,-0.2979117252745123,-0.9282848588570976,0.5530642750373692,0.7276105577275184,"BCL7C;BCL7B;ACTB",-0.9336896130778162,0.6980511668938968,,
"REACTOME_MEIOTIC_RECOMBINATION",48,0.22820143971918727,0.9507697731354651,0.5566666666666666,0.7314653784219002,"ATM;BRCA1;MRE11;BRCA2;MSH5;FIGNL1;RAD51C;RAD50;NBN",-0.6301631839316973,0.9971220276849325,,
"REACTOME_NOTCH_HLH_TRANSCRIPTION_PATHWAY",28,0.253938220619984,0.9247370718757577,0.5596330275229358,0.7328987396784007,"NCOR1;NOTCH2;HDAC2;MAML2;TBL1XR1;KAT2B;RBPJ;MAML3;SNW1;CREBBP",1.078741083903104,0.5424352828379674,,
"REACTOME_CD22_MEDIATED_BCR_REGULATION",51,-0.26320120228194843,-0.94952445769975935,0.559774964838256,0.7328987396784007,"PTPN6;IGHD;IGLV3-25;IGLV3-27;IGHV1-2;CD79B;IGLC3;IGLV3-19;IGLV1-40;IGKV3-11;IGHM;IGLC2;IGLV2-8;IGLV3-1;CD79A;IGLV6-57;IGKV2-30;IGKV4-1;IGLV7-43",-1.4155194764429626,0.14019715224534504,,
"REACTOME_WNT_LIGAND_BIOGENESIS_AND_TRAFFICKING",19,-0.31625754731065614,-0.9276573493875611,0.5600624024960998,0.7328987396784007,"WNT7B;WNT4;WNT6;PORCN;SNX3;VPS29;WNT10A;WNT5B;WNT9A;WNT2;WNT11",-0.9209591173567103,0.7094770835921004,,
"REACTOME_INTRACELLULAR_SIGNALING_BY_SECOND_MESSENGERS",278,-0.21117344179137057,-0.967405977325589,0.56045197740113,0.7328987396784007,"PSMB4;UBA52;LAMTOR4;BAD;PSMB3;LAMTOR2;LAMTOR1;LAMTOR5;PSMD8;MAF1;PSMB1;PSMB7;RHOG;STUB1;MLST8;PRR5;CSNK2B;RPS6KB2;PSMC3;PHC2;PPP2R1A;PSMC4;PSMA6;RRAGA;PSMB6;MBD3;PRKAR1B;ERBB2;ADRM1;PSMD13;PRKACA;RING1;HDAC3;GRK2;PSMA5;PSMC5;PML;PSMB5;PDGFA;PSMB2;RAC2;MAPK3;AKT2;CHD4;NTF3;PSMA7;AKT1S1;FGFR4;PSMC2;SCMH1;UBC;GSK3A;PSMA1;UBB;PSMD3",-0.9048866333795954,0.8114378400884902,,
"REACTOME_CALNEXIN_CALRETICULIN_CYCLE",26,-0.29688836076751945,-0.9369631630844562,0.5618320610687023,0.733821467518305,"UBA52;MAN1B1;EDEM2;PRKCSH;RNF5;AMFR;UBC;UBB",0.8821426686327984,0.7469580892293824,,
"REACTOME_PHOSPHORYLATION_OF_THE_APC_C",20,-0.310886105549956,-0.9176895715213246,0.5635792778649922,0.7352209284377836,"ANAPC11;ANAPC2;UBE2S;ANAPC15;UBE2C;ANAPC7;ANAPC5;ANAPC16",-1.0657335528529956,0.567042332211757,,
"REACTOME_CASPASE_ACTIVATION_VIA_DEATH_RECEPTORS_IN_THE_PRESENCE_OF_LIGAND",15,-0.33437076839686486,-0.9167068454762572,0.5651465798045603,0.7363826093740857,"TRADD;CD14;TRAF2;FADD;TNFSF10;TICAM1;FASLG",-1.0810023965848627,0.5424352828379674,,
"REACTOME_DOPAMINE_NEUROTRANSMITTER_RELEASE_CYCLE",20,0.27900049763091933,0.9234510006358496,0.5671232876712329,0.7379085244372854,"PPFIA1;SYN3;TSPOAP1;CASK;SYN2",-0.9223190765925362,0.7070118436222619,,
"REACTOME_CARGO_RECOGNITION_FOR_CLATHRIN_MEDIATED_ENDOCYTOSIS",92,-0.2340316607763946,-0.9449276575092348,0.5676741130091985,0.7379085244372854,"UBA52;NEDD8;AP2S1;AP2M1;CLTB;CLTA;SH3GL1;VAMP8;GPS1;NECAP2;COPS6;EPN1;SYT8",-1.0226636174943295,0.6050393700787402,,
"REACTOME_HDACS_DEACETYLATE_HISTONES",55,-0.2584335108625593,-0.9458492357254976,0.5694249649368864,0.7393011477939528,"HMG20B;H2AC20;H2AC25;MBD3;HDAC10;BRMS1;HDAC3;CHD4;SAP30;H2AC8;H3C8;GPS2;H2BC12;H2BC8;H4C5;SAP18;H2BC4",-1.0177807883412682,0.6185876065394137,,
"REACTOME_N_GLYCAN_TRIMMING_IN_THE_ER_AND_CALNEXIN_CALRETICULIN_CYCLE",35,-0.27794828813128003,-0.9281710340787338,0.5712209302325582,0.7407489536269646,"UBA52;MAN1B1;EDEM2;UBXN1;PRKCSH;RNF5;MOGS;AMFR;UBC;UBB",0.9216876102232187,0.7469270791149372,,
"REACTOME_SIGNALING_BY_NOTCH3",46,-0.26542954707695704,-0.9371647034837117,0.5746799431009957,0.7443473548736707,"UBA52;PSENEN;MIB2;APH1A;UBC;UBB;NEURL1B;KAT2A;JAG2;EGF;RPS27A;YBX1;TACC3;HEY1",-0.8327746142462054,0.8350009095870475,,
"REACTOME_ACTIVATION_OF_SMO",18,0.28741838872380926,0.9165363026914088,0.5769230769230769,0.7463642184212933,"KIF3A;CDON;PTCH1",1.1022819639414365,0.5252314097169937,,
"REACTOME_SYNTHESIS_OF_PC",25,-0.2909491146577303,-0.9124995309254954,0.5798192771084337,0.7484467844239697,"STARD10;CSNK2B;PEMT",-0.9318686186773508,0.6981876519690171,,
"REACTOME_DEGRADATION_OF_THE_EXTRACELLULAR_MATRIX",118,0.19665724225012882,0.9536207509510404,0.5799086757990868,0.7484467844239697,"ADAM17;LAMC1;FBN2;CAPN7;ADAM10;ADAM9;ADAMTS1;COL14A1;COL4A1;CAPN3;ADAMTS5;MMP16;CDH1;HSPG2;LAMB1;KLK7;ADAMTS9;CAPN9;COL6A3;NID1;ADAMTS4;COL15A1;COL12A1;ACAN;FBN1;COL2A1;LAMA5;COL4A5;COL8A1;MMP10;TLL1;COL5A2;COL11A2;CAPN11;PSEN1;COL9A1;CAPN8;COL13A1;A2M;COL4A2;COL4A3;CAST;COL5A3",1.1146732253309821,0.34846665065257426,,
"REACTOME_DAP12_INTERACTIONS",34,-0.2771061491071686,-0.9229139163140302,0.5823699421965318,0.7507328164808372,"TYROBP;HLA-C;HRAS;HLA-E;TREM2;HLA-B",1.1382839215782892,0.4277436227614853,,
"REACTOME_METABOLIC_DISORDERS_OF_BIOLOGICAL_OXIDATION_ENZYMES",25,-0.2896536465263706,-0.9084365728251235,0.5843373493975904,0.7519424615550474,"ACY1;AHCY;GSS;CYP27A1;OPLAH;FDXR",-1.0199737884950124,0.6187825779662515,,
"REACTOME_SIGNALING_BY_NOTCH1_HD_DOMAIN_MUTANTS_IN_CANCER",15,-0.3293221391105593,-0.90286558462317,0.5846905537459284,0.7519424615550474,"UBA52;MIB2;UBC;UBB;NEURL1B;JAG2;RPS27A",-1.0238192996192386,0.6145436656159466,,
"REACTOME_CASPASE_ACTIVATION_VIA_EXTRINSIC_APOPTOTIC_SIGNALLING_PATHWAY",23,-0.2958938543504594,-0.9078126659169142,0.5856269113149847,0.7522574728579733,"TRADD;CD14;DAPK3;TRAF2;FADD;TNFSF10;TICAM1;FASLG",-1.052152345573939,0.5789207995088341,,
"REACTOME_TRAF6_MEDIATED_INDUCTION_OF_TAK1_COMPLEX_WITHIN_TLR4_COMPLEX",15,-0.32798376829173415,-0.8991963234096824,0.5863192182410424,0.7522586196300166,"UBA52;CD14;TAB1;UBC;UBB;RPS27A;TICAM1",-0.9373895625865661,0.6978911120613985,,
"REACTOME_INTERLEUKIN_17_SIGNALING",67,0.21330207895873243,0.9501898332379285,0.587360594795539,0.7524600638977635,"TRAF6;TAB3;CREB1;MEF2A;PPP2R1B;MAP2K6;RPS6KA3;UBE2V1;MAP3K7;MAP2K4;FBXW11;BTRC;DUSP6;ATF2;TAB2;CHUK;ATF1;MAPK1;MAPK14;MAP3K8;MAPK8;RPS6KA5;NFKB1;MEF2C;NOD2",1.0525832159165243,0.5270977327046056,,
"REACTOME_PRESYNAPTIC_FUNCTION_OF_KAINATE_RECEPTORS",16,-0.31890855682488417,-0.9008234231782843,0.5878594249201278,0.7524600638977635,"GNB2;GNG5;GNGT2;PLCB3",-0.9807816970633577,0.6594957483430833,,
"REACTOME_GLUCAGON_LIKE_PEPTIDE_1_GLP1_REGULATES_INSULIN_SECRETION",31,0.24796446424949659,0.9255539620552593,0.590625,0.7551116333725029,"RAPGEF4;ITPR2;PRKAR2A;ITPR1;ITPR3;PRKAR1A;ADCY6;IQGAP1;GNG12;PRKAR2B;GNG2;AKAP5;RAP1A;KCNS3;GNB4",1.0857635383040707,0.5270977327046056,,
"REACTOME_NEGATIVE_REGULATION_OF_MET_ACTIVITY",19,0.27825654835547453,0.9050163511042756,0.592797783933518,0.7568890663849632,"CBL;USP8;HGF;STAM2;PTPRJ;EPS15;GRB2;PTPN2;STAM;MET",0.9901698434027787,0.6477365956365484,,
"REACTOME_ACYL_CHAIN_REMODELLING_OF_PS",18,0.2838276011118378,0.9050857924570447,0.5934065934065934,0.7568890663849632,"OSBPL8;PLA2G4E;MBOAT1",0.6097025278523784,0.9890820393943335,,
"REACTOME_MITF_M_DEPENDENT_GENE_EXPRESSION",101,-0.2301427785520561,-0.936675687078257,0.5942782834850455,0.7571133166647888,"BCL7C;ATP6V0B;USF1;ATP6V1F;ATP6V0E1;BCL7B;ACTB;CDKN2A;MCM5;HINT1;ATP6V0D1",1.0113014414507122,0.611390396490909,,
"REACTOME_DENGUE_VIRUS_INFECTION",354,-0.20414243295474627,-0.9577689173445972,0.5978260869565217,0.7600835306423779,"DPM3;UBA52;POLR2I;OST4;SF3B5;PQBP1;RPL18;H2AC20;H2AC25;POLR2L;AP2S1;POLR2J;AUP1;UFD1;AP2M1;SNRPD2;POLR2F;DPM2;TMEM258;SF3A2;SUGP1;XAB2;RPSA;PHF5A;PPIE;MLST8;POLR2H;PRR5;CD14;PUF60;SNRPB;DAD1;POLR2E;NFKBIB;DYNLT1;LY6E;POLR2G;C1QA;EMC4;CD300A;U2AF1L4;ALYREF;SDC1;UBE2I;CPSF4;RPN1;PML;PRCC;PCBP1;ACOT2;SCAP;KDELR1;SF3B4;CD2BP2;SKIC8;PAF1;SNRPN;C4BPB;GTF2F1;UBC;MMP9;H2AC8;H3C8;GAS6;TXNL4A;RNPS1;CPSF1;ATG7;UBB;POLR2C;ISY1;SPCS1;SRRT;OSTC;UBA7;SNRPG",-0.9774660536345174,0.6981876519690171,,
"REACTOME_ABERRANT_REGULATION_OF_MITOTIC_G1_S_TRANSITION_IN_CANCER_DUE_TO_RB1_DEFECTS",17,0.2883303495803641,0.9111192978237079,0.598404255319149,0.7600835306423779,"E2F3;CCND1;RB1;CDK6;CDKN1B;TFDP2",1.0087027951611185,0.6187825779662515,,
"REACTOME_ION_HOMEOSTASIS",39,0.2336088273915885,0.9179048357648288,0.598705501618123,0.7600835306423779,"ATP2A2;ITPR2;ATP2B1;ITPR1;ASPH;RYR3;ITPR3",1.0789632826046385,0.4990825688073394,,
"REACTOME_ASSEMBLY_OF_THE_ORC_COMPLEX_AT_THE_ORIGIN_OF_REPLICATION",34,-0.2726967043147959,-0.9082280712860107,0.6011560693641619,0.7616705938599188,"H2AC20;H2AJ;H2AX;H2AC8;H3C8;H2AZ2;H2BC12;H2BC8;H4C5;H2BC4;H4C9;H2AC6;H3C10;ORC5",-0.9718219249131644,0.6760239363523081,,
"REACTOME_AZATHIOPRINE_ADME",22,-0.2943199808876916,-0.8941022831771167,0.6015151515151516,0.7616705938599188,"GUK1;NME1;NME2;IMPDH2;RAC1;GSTM1;HPRT1;IMPDH1;SLC29A2",-1.1518782797054608,0.488683444615648,,
"REACTOME_ACTIVATION_OF_THE_PRE_REPLICATIVE_COMPLEX",32,-0.2776650472774293,-0.9077696676282506,0.6020558002936858,0.7616705938599188,"MCM5;CDT1;POLA2;POLE4;POLE3;RPA3;MCM7;CDC45;RPA2",-0.848865711082418,0.8054208222064781,,
"REACTOME_FORMATION_OF_THE_POLYBROMO_BAF_PBAF_COMPLEX",18,-0.30583037153057097,-0.8916513897963645,0.603448275862069,0.7625455564900476,"BCL7C;BCL7B;ACTB",1.1292467205381749,0.5046041344902581,,
"REACTOME_TRIGLYCERIDE_CATABOLISM",19,-0.3078341408192849,-0.9029495281670171,0.6053042121684867,0.7640034603704333,"PPP1CA;PRKACA;PLIN1;PNPLA4;CAV1;FABP4;LIPE;FABP6;ABHD5;PLIN3",-0.7946463291304623,0.8502728502728504,,
"REACTOME_INITIATION_OF_NUCLEAR_ENVELOPE_NE_REFORMATION",19,-0.30721053992009867,-0.9011203608882152,0.6068642745709828,0.7650849718809145,"PPP2R1A;LMNA;BANF1;EMD;SIRT2",0.8773078689673818,0.7682761777109419,,
"REACTOME_RAB_GERANYLGERANYLATION",63,-0.24318165399640387,-0.9158329105930023,0.6088154269972452,0.7661539040876656,"RAB25;RAB11B;RAB24;RABGGTA;RAB40C;RAB19;RAB33A;RAB34;RAB1B;RAB32;RAB3A;RAB42;RAB20;RAB5C;RAB17;RAB26",-0.8726668097859527,0.7993702440304382,,
"REACTOME_G_BETA_GAMMA_SIGNALLING_THROUGH_CDC42",15,-0.3223475474685814,-0.8837441287218156,0.6091205211726385,0.7661539040876656,"GNB2;GNG5",-1.064052991999764,0.5615638040852186,,
"REACTOME_REGULATION_OF_MITF_M_DEPENDENT_GENES_INVOLVED_IN_PIGMENTATION",39,-0.26557644989719,-0.908113531365635,0.6103896103896104,0.7668636213670855,"BCL7C;USF1;BCL7B;ACTB",-0.8183198354346659,0.8446960715710824,,
"REACTOME_CARBOXYTERMINAL_POST_TRANSLATIONAL_MODIFICATIONS_OF_TUBULIN",32,-0.2741375489941452,-0.8962372260207314,0.6152716593245228,0.7711305901648143,"TPGS1;TUBB4B;TUBA4A;TUBA1A;TUBB6;SVBP;TTLL1;TUBA1B;TPGS2;TTLL12;AGBL5;TTLL11",-1.1930165807244095,0.4101389525118339,,
"REACTOME_BBSOME_MEDIATED_CARGO_TARGETING_TO_CILIUM",21,0.26607056243831456,0.8978737820541273,0.6155988857938719,0.7711305901648143,"RAB3IP;BBS10;BBS7;BBS1;TCP1;BBIP1;LZTFL1;CCT8",0.9395620467383938,0.6981876519690171,,
"REACTOME_POSITIVE_EPIGENETIC_REGULATION_OF_RRNA_EXPRESSION",71,-0.23971742501964874,-0.9173798398606043,0.6159122085048011,0.7711305901648143,"H2AC20;POLR2L;POLR1H;POLR2F;ACTB;H2AJ;POLR2H;H2AX;POLR2E;MBD3;CHD4;POLR1E;POLR1C;H2AC8;H3C8",-0.9823055372322818,0.654753868687512,,
"REACTOME_SIGNALING_BY_NOTCH2",31,-0.27665269304253265,-0.9001596646850748,0.6187683284457478,0.7724529641462549,"UBA52;PSENEN;MIB2;APH1A",-0.8683952757059946,0.785122675418034,,
"REACTOME_DEUBIQUITINATION",238,-0.20730432817468614,-0.938403269424439,0.6192129629629629,0.7724529641462549,"PSMB4;UBA52;BABAM1;NEDD8;PSMB3;H2AC20;H2AC25;FKBP8;UFD1;PSMD8;PSMB1;KEAP1;JOSD2;ACTB;PSMB7;PSMC3;MCRS1;TNIP2;PSMC4;PSMA6;TAB1;TADA3;OTUB1;PSMB6;TFPT;INO80E;INO80C;USP20;ADRM1;PSMD13;RAD23A;PSMA5;PSMC5;PSMB5;POLB;VDAC3;PSMB2;USP18;TRAF2;PSMA7;UCHL1;INO80B;UCHL3;RNF135;RCE1",-0.9640431743096369,0.7049153378267302,,
"REACTOME_SUMOYLATION_OF_INTRACELLULAR_RECEPTORS",28,-0.2753529141392364,-0.8846098545390617,0.6192592592592593,0.7724529641462549,"NR1H2;UBE2I;RXRA;SUMO3;PIAS4;NR1H3",-0.8145459570207391,0.8256548347613218,,
"REACTOME_TERMINATION_OF_O_GLYCAN_BIOSYNTHESIS",17,-0.30952750362688247,-0.8840612064124309,0.6198083067092651,0.7724529641462549,"ST6GALNAC4;MUC3A;MUC1;ST3GAL2;ST6GALNAC2;MUC5AC;ST3GAL3;MUC12",-1.240451983556088,0.3797556719022688,,
"REACTOME_MECHANICAL_LOAD_ACTIVATES_SIGNALING_BY_PIEZO1_AND_INTEGRINS_IN_OSTEOCYTES",16,0.2871889752258056,0.8874130597826335,0.6223404255319149,0.7746599726152441,"ITGB1;GJA1;ITGAV;HSPG2",1.1674511464937192,0.44607071760356426,,
"REACTOME_SCAVENGING_BY_CLASS_A_RECEPTORS",16,-0.30603116695946825,-0.8644485621972567,0.6230031948881789,0.7746599726152441,"APOE;FTL;COLEC11;FTH1;MSR1;MASP1",-0.6323859915035173,0.9677934875362214,,
"REACTOME_SUMOYLATION_OF_DNA_METHYLATION_PROTEINS",16,-0.30537889903335214,-0.8626060960311451,0.6246006389776357,0.775759697725648,"PHC2;RING1;UBE2I;SCMH1",-0.5081503889627189,0.9999751595995727,,
"REACTOME_SIGNALING_BY_NOTCH1",71,-0.23798308620216393,-0.9107426608298441,0.6268861454046639,0.7769153319385038,"UBA52;RBX1;PSENEN;MIB2;APH1A;HDAC10;DTX2;HDAC3;SKP1;HDAC11;DTX1;UBC;UBB;NEURL1B;HDAC5;KAT2A;JAG2",-0.8460855202565856,0.8350009095870475,,
"REACTOME_FORMATION_OF_INCISION_COMPLEX_IN_GG_NER",42,0.22342956070396244,0.9072517795317946,0.6269592476489029,0.7769153319385038,"XPC;ERCC4;USP45;RNF111;PIAS1;GTF2H3;DDB1;CUL4A;CUL4B;ERCC5;RAD23B;PARP1",-0.7780872048007594,0.8936176166876083,,
"REACTOME_DIFFERENTIATION_OF_KERATINOCYTES_IN_INTERFOLLICULAR_EPIDERMIS_IN_MAMMALIAN_SKIN",22,-0.28736277620990225,-0.8729672838876338,0.6318181818181818,0.7820457131037336,"PRSS3;AQP3;HOPX;KRT10;EGF;GJB3;ITGB4",-0.79104137213268,0.8569724838685753,,
"REACTOME_RNA_POLYMERASE_II_TRANSCRIBES_SNRNA_GENES",73,-0.23449061913498467,-0.902532083079239,0.6340136054421769,0.7833404964202932,"POLR2I;POLR2L;POLR2J;POLR2F;SNAPC2;POLR2H;CDK9;INTS11;POLR2E;POLR2G;SSU72;NABP2;INTS5;GTF2F1;INTS1;POLR2C;SRRT;INTS12;ELL3;TAF9;SNAPC4",-1.0190172678144234,0.6235610444647495,,
"REACTOME_OVARIAN_TUMOR_DOMAIN_PROTEASES",39,0.22931297891042296,0.9010254218376956,0.6343042071197411,0.7833404964202932,"TRAF6;OTUD3;ZRANB1;APC;TNFAIP3;VCPIP1;YOD1;OTUD7B;TNIP3;RIPK1;OTUB2;UBE2D1;TRIM25;NOD2",0.9154765759881849,0.7313249109167477,,
"REACTOME_TRANSCRIPTION_OF_E2F_TARGETS_UNDER_NEGATIVE_CONTROL_BY_DREAM_COMPLEX",19,0.27161870546273914,0.8834270789398254,0.6371191135734072,0.7859247115281939,"TOP2A;RBL2;RBL1;LIN54;MYC;TFDP2;CDC25A",0.8695006867288358,0.7783850893120412,,
"REACTOME_JNK_C_JUN_KINASES_PHOSPHORYLATION_AND_ACTIVATION_MEDIATED_BY_ACTIVATED_HUMAN_TAK1",22,0.25875264624585387,0.88269053952495935,0.6403508771929824,0.7888707037643208,"TRAF6;TAB3;UBE2V1;MAP3K7;MAP2K4",0.9411078041655642,0.7043180068584225,,
"REACTOME_RESPIRATORY_SYNCYTIAL_VIRUS_RSV_GENOME_REPLICATION_TRANSCRIPTION_AND_TRANSLATION",17,0.28012869817017916,0.8852022104108905,0.6409574468085106,0.7888707037643208,"KPNB1;XPO1",1.0488085697932796,0.5675306957708048,,
"REACTOME_COLLAGEN_DEGRADATION",56,0.20894418768383938,0.9032836651807379,0.6421404682274248,0.7891699897866914,"ADAM17;ADAM10;ADAM9;COL14A1;COL4A1;COL6A3;COL15A1;COL12A1;COL2A1;COL4A5;COL8A1;MMP10;COL5A2;COL11A2;COL9A1;COL13A1;COL4A2;COL4A3;COL5A3",1.4803868215129836,0.11185958332305211,,
"REACTOME_CD28_DEPENDENT_PI3K_AKT_SIGNALING",26,0.24178828385235468,0.8705152397534299,0.6426512968299711,0.7891699897866914,"PIK3CA;RICTOR;PIK3CB;MTOR",0.8177864676077163,0.8569724838685753,,
"REACTOME_REGULATION_OF_BETA_CELL_DEVELOPMENT",27,0.24057349158578473,0.8700195911528802,0.6445783132530121,0.7906439738661523,"MAML2;EP300;NR5A2;HNF4G;FOXO1;KAT2B;RBPJ;MAML3;SNW1;CREBBP",0.9405460362522459,0.6981876519690171,,
"REACTOME_CLATHRIN_MEDIATED_ENDOCYTOSIS",132,0.19304732199527175,0.9492302692749296,0.6465116279069767,0.7921223549130525,"PIK3C2A;CBL;ITSN2;ITSN1;ACTR2;SYNJ1;IGF2R;SYNJ2;CLTC;TGOLN2;DNAJC6;PICALM;FNBP1L;AAK1;REPS1;EPN2;RAB5A;GAPVD1;AGFG1;EGFR;OCRL;WASL;DAB2;FZD4;AP2B1;STAM2;LDLR;AMPH;HIP1;VAMP7;M6PR;EPS15;UBQLN2;STON2;SCARB2;FCHO2;TGFA;SGIP1;TFRC;GRK3;RAB5B;GRB2;ACTR3;NECAP1;SNX18;REPS2;EREG;KIAA0319;STAM",1.0548258976278588,0.5204266024164689,,
"REACTOME_SIGNALING_BY_NODAL",16,0.28299196472856536,0.8744443101139967,0.648936170212766,0.792810298761234,"ACVR2B;FOXO3;SMAD2;PCSK6;MAPK1;SMAD4",0.8560265072762957,0.7923378371521778,,
"REACTOME_ACTIVATED_TAK1_MEDIATES_P38_MAPK_ACTIVATION",23,0.24847376568335394,0.8600528359745007,0.6494252873563219,0.792810298761234,"TRAF6;TAB3;MAP2K6;UBE2V1;MAP3K7",-0.7271693707245752,0.908969442038847,,
"REACTOME_REGULATION_OF_TP53_ACTIVITY_THROUGH_ACETYLATION",30,-0.2672512436190469,-0.8669229580732526,0.6504424778761062,0.792810298761234,"PIN1;PIP4P1;MBD3;PML;AKT2;CHD4",-0.8613678192439326,0.7783850893120412,,
"REACTOME_IRAK4_DEFICIENCY_TLR2_4",15,-0.31177957804853856,-0.854771111862164,0.6514657980456026,0.792810298761234,"CD14;S100A9;S100A8;S100A1;MYD88;LY96",-1.004825811329808,0.6373545670552498,,
"REACTOME_RNA_POLYMERASE_I_TRANSCRIPTION_INITIATION",46,-0.25329637562538976,-0.8943255390012876,0.65149359886202,0.792810298761234,"POLR2L;POLR1H;POLR2F;POLR2H;POLR2E;MBD3;CHD4;POLR1E;POLR1C",-1.0186848830390172,0.6149870801033591,,
"REACTOME_ASSEMBLY_AND_CELL_SURFACE_PRESENTATION_OF_NMDA_RECEPTORS",30,-0.2667865940660984,-0.8654157046009967,0.6519174041297935,0.792810298761234,"LIN7B;TUBB4B;TUBA4A;TUBA1A;TUBB6",-0.9013233199103359,0.7350527512287274,,
"REACTOME_PROTEIN_PROTEIN_INTERACTIONS_AT_SYNAPSES",63,0.2090779315390433,0.9179325322646887,0.6521739130434783,0.792810298761234,"DLG1;EPB41L5;PPFIA1;EPB41;PPFIBP1;EPB41L2;NLGN4X;IL1RAP;CASK;GRIN2B;HOMER1;SHANK2;PTPRD;SYT7;SYT12;EPB41L1;PDLIM5;PPFIBP2",-0.9122672747670503,0.7469580892293824,,
"REACTOME_STIMULI_SENSING_CHANNELS",79,0.20175930050549815,0.9212838004325747,0.6563706563706564,0.796369492021666,"WNK1;ANO6;TRPM7;TRPA1;WWP1;ASPH;RYR3;TRPV3;MCOLN3;CLCN3;ANO5;MCOLN2;NEDD4L;SGK1;SLC9B2;RAF1;TRPM6;CLCN6;CLCN4;RIPK1;OSTM1;CLCN5;MLKL;TRPC6",-0.674281944709283,0.9879318895685236,,
"REACTOME_TRANSCRIPTIONAL_REGULATION_BY_VENTX",39,-0.25790275981485306,-0.8818740745087709,0.6565656565656566,0.796369492021666,"ANAPC11;CEBPB;CDKN2A;FZR1;ANAPC2;UBE2S;ANAPC15;RELA;UBE2C;ANAPC7;ANAPC5;EHMT2;CSF1R;ANAPC16",-0.985741545101454,0.6510949796058141,,
"REACTOME_TRAF6_MEDIATED_NF_KB_ACTIVATION",24,-0.2709313082958673,-0.844214611055173,0.6591928251121076,0.7986656945678988,"NFKBIB;NFKB2;TRAF2;RNF135;AGER;RELA;S100B",-0.7248022861832462,0.9180086161218236,,
"REACTOME_REGULATION_OF_MITF_M_DEPENDENT_GENES_INVOLVED_IN_CELL_CYCLE_AND_PROLIFERATION",18,-0.28869497959401913,-0.8416929897902861,0.6614420062695925,0.8004993357300518,"CDKN2A;HINT1",-0.884276530564927,0.7469580892293824,,
"REACTOME_COPII_MEDIATED_VESICLE_TRANSPORT",67,-0.231684856950037,-0.8844361808423887,0.6630286493860846,0.8015279672578446,"TRAPPC2L;LMAN2;SEC13;TRAPPC3;STX5;TRAPPC1;TRAPPC4;TRAPPC6A;TRAPPC5;CTSZ;SAR1B;RAB1B;F8;PREB;FOLR1;CD59;NAPA;CNIH3;CNIH1;TRAPPC2;TRAPPC9;CNIH2",-0.8967244146506641,0.7694483734087695,,
"REACTOME_FORMATION_OF_THE_BETA_CATENIN_TCF_TRANSACTIVATING_COMPLEX",58,-0.2391867969750594,-0.8847570155160084,0.6643258426966292,0.8022047911808352,"H2AC20;H2AJ;H2AX;PYGO2;DPY30;H2AC8;H3C8;H2AZ2;H2BC12;WDR5;H2BC8;H4C5;H2BC4;H4C9;H2AC6;TERT;H3C10;TLE3;H2BC6;HDAC1;LEF1;RUVBL1;TLE2;KAT5;H2BC5;TLE1;MEN1;TCF7;TLE4;TCF7L1",-0.9927538830540882,0.6402750686018448,,
"REACTOME_NGF_STIMULATED_TRANSCRIPTION",35,0.22741352577689647,0.8765147283260116,0.6656050955414012,0.8028584744446171,"REST;CREB1;NAB1;TCF12;EP300;EGR3;EGR1;ATF2;SGK1;ATF1;TPH1;CDK5R1",-0.8611606323905443,0.8054208222064781,,
"REACTOME_PKA_ACTIVATION_IN_GLUCAGON_SIGNALLING",15,0.27749813403906154,0.846497019855718,0.6675257731958762,0.8038483939858058,"PRKAR2A;PRKAR1A;ADCY6;ADCY1",0.6810317087312382,0.954589714083385,,
"REACTOME_O_LINKED_GLYCOSYLATION",105,0.18976143844589088,0.9093577047891314,0.6680672268907563,0.8038483939858058,"B3GNT5;B4GALT5;GALNT5;GALNT7;GALNT3;B3GNT2;ADAMTS1;ADAMTS5;B4GALT6;THSD4;GALNT4;C1GALT1;ADAMTS6;CHST10;RXYLT1;ADAMTS9;FKTN;ADAMTS4;B3GALNT2;ADAMTS3",-0.5899376721228985,1,,
"REACTOME_VASOPRESSIN_REGULATES_RENAL_WATER_HOMEOSTASIS_VIA_AQUAPORINS",33,-0.26015962589651837,-0.8621518253192412,0.6690856313497823,0.8038483939858058,"GNB2;GNG5;PRKAR1B;AQP3;PRKACA",0.7324082219378427,0.9346922812072752,,
"REACTOME_MISMATCH_REPAIR",15,-0.30677673730188026,-0.8410553843143362,0.6693811074918566,0.8038483939858058,"POLD2;POLD4;RPA3;POLD1;PCNA;RPA2",-0.6846212818602762,0.9226630978487713,,
"REACTOME_VISUAL_PHOTOTRANSDUCTION",62,-0.23500553035003252,-0.8831596833204512,0.6708160442600276,0.804683413621731,"DHRS3;APOE;FNTB;SDC1;PDE6G;RDH16;FNTA;GPC1;APOM;AKR1C4;LRP10;AKR1C3;AKR1C1;BCO1;GNB5;CALM1;HSD17B6;CNGA1;GRK4;SDC3;RBP4;RDH11;GNB1;AGRN;AKR1B10",-0.8445018667486112,0.8350009095870475,,
"REACTOME_STRIATED_MUSCLE_CONTRACTION",25,-0.27186044996582237,-0.8526320259225986,0.6716867469879518,0.8048405074040657,"DES;TPM2;ACTA1;TNNI3;TNNC2;MYH3;ACTC1;TNNT1;TMOD1;VIM;TNNC1;TMOD4",0.8515298877480594,0.7993702440304382,,
"REACTOME_POLO_LIKE_KINASE_MEDIATED_EVENTS",16,0.2798767852945875,0.8648184151397741,0.6728723404255319,0.8053741544367202,"CENPF;EP300;LIN54;WEE1;FOXM1;CDC25A",0.7288818894407184,0.9105177087792082,,
"REACTOME_GROWTH_HORMONE_RECEPTOR_SIGNALING",20,0.25920663406209643,0.8579361959158264,0.673972602739726,0.8058046063525516,"ADAM17;STAT3;STAT5B;PRLR;IRS1;MAPK1;LYN;IRS2",-0.6968464715142555,0.9269348825370206,,
"REACTOME_TP53_REGULATES_TRANSCRIPTION_OF_GENES_INVOLVED_IN_G2_CELL_CYCLE_ARREST",18,-0.2866597008824375,-0.835759115130544,0.6755485893416928,0.8068022669635145,"SFN;PRMT1;CARM1;E2F4;PCNA;BAX;CDC25C",-0.9691808384402231,0.6520359578653234,,
"REACTOME_DEVELOPMENTAL_LINEAGE_OF_MAMMARY_GLAND_MYOEPITHELIAL_CELLS",17,-0.28966387999671295,-0.8273274465221353,0.6773162939297125,0.8080264559161482,"CNN1;ERBB2;ACTA2;MYH11;EGF;CD44;ALDH1A1",1.0144878226429694,0.6165930289641629,,
"REACTOME_TOLL_LIKE_RECEPTOR_TLR1_TLR2_CASCADE",109,-0.2186449814603828,-0.8995715752322889,0.6814044213263979,0.8120131548774598,"UBA52;SIGIRR;ECSIT;CD14;PELI3;NFKBIB;TNIP2;PPP2R1A;TAB1;NFKB2;MAPK3;LRRC14;USP18;SKP1;TRAF2;S100A9;UBC;RPS6KA1;MAPKAPK2;MAPKAPK3;SOCS1;UBB;AGER;RELA;MAP2K7",-0.8440997065381871,0.8630455410351284,,
"REACTOME_G_ALPHA_Q_SIGNALLING_EVENTS",140,0.1892742228522325,0.9397764964530554,0.6847290640394089,0.8150822994254671,"SOS1;PIK3CA;CREB1;KRAS;DGKH;ITPR2;LTB4R2;TRIO;RPS6KA3;DGKE;PTGFR;ITPR1;NRAS;PRKCA;ITPR3;EGFR;KNG1;PRKCQ;GPR17;GNAQ;LPAR3;DGKD;GRK5;EDNRB;PIK3R1;PRKCH;GNG12;P2RY1;MAPK1;RGS5;PLCB1;APP",0.7953097371883964,0.9758451118052762,,
"REACTOME_CONSTITUTIVE_SIGNALING_BY_AKT1_E17K_IN_CANCER",26,-0.26847455760142197,-0.8472907797652162,0.6870229007633588,0.8163520760138259,"BAD;MLST8;PRR5;RPS6KB2;AKT2;AKT1S1;GSK3A",-1.0516741972872523,0.5715387490900505,,
"REACTOME_P75NTR_SIGNALS_VIA_NF_KB",15,-0.30173408182255773,-0.8272305011780607,0.6872964169381107,0.8163520760138259,"UBA52;UBC;UBB;RELA;RPS27A;SQSTM1",-0.989557528604578,0.6536478383612141,,
"REACTOME_GLYCOGEN_BREAKDOWN_GLYCOGENOLYSIS",15,-0.30129098108865376,-0.8260157015771482,0.6889250814332247,0.8170333068292253,"PHKG2;PYGB;GYG1;PHKG1;PYGM;CALM1;PGM1",-0.5765793441854196,0.9824552897755854,,
"REACTOME_DISORDERS_OF_DEVELOPMENTAL_BIOLOGY",18,0.26769750393366654,0.8536492100749045,0.6895604395604396,0.8170333068292253,"KMT2D;NCOR1;SIN3A;TBL1XR1;CAMK4;MECP2",0.9249613162177516,0.707968943231798,,
"REACTOME_APOPTOTIC_FACTOR_MEDIATED_RESPONSE",20,-0.2856192253919986,-0.8431054971226999,0.6923076923076923,0.8170333068292253,"GSDMD;CDKN2A;MAPK3;BAK1;BAX;DIABLO;C1QBP;AVEN;APIP",-0.9907125384566647,0.6322800175871232,,
"REACTOME_FATTY_ACYL_COA_BIOSYNTHESIS",29,0.23336522233735907,0.8548239553453607,0.6923076923076923,0.8170333068292253,"ACACA;ACSL3;ACLY;ACSL4;ELOVL5;HACD2;ACSL1;ACSL6;MORC2;FASN;HACD4;CBR4;SCD;ELOVL6;SLC27A2;ELOVL4;HSD17B12;HACD3",1.0471019871253857,0.5675306957708048,,
"REACTOME_REGULATION_OF_TP53_EXPRESSION_AND_DEGRADATION",36,-0.2535586654914508,-0.851699798633516,0.6923076923076923,0.8170333068292253,"UBA52;CDKN2A;MLST8;PRR5;PPP2R1A;AKT2;UBC;UBB;AKT1;PPP2CA;MAPKAP1;RPS27A",-1.0751113976250892,0.5498501498501498,,
"REACTOME_MAPK1_MAPK3_SIGNALING",236,-0.20112925722467953,-0.9084210899167617,0.6932084309133489,0.8170333068292253,"PSMB4;UBA52;RBX1;PSMB3;ABHD17A;LAMTOR2;PSMD8;MAP2K2;PSMB1;WDR83;ACTB;ARL2;PSMB7;NRTN;PSMC3;PPP2R1A;PSMC4;PSMA6;HRAS;PSMB6;ERBB2;MAP3K11;PDE6D;ADRM1;PSMD13;FNTB;PSMA5;PSMC5;PSMB5;PDGFA;PSMB2;MAPK3;PSMA7;RCE1;CSF2;CSK;FGFR4;PSMC2;UBC;PEA15;RALGDS;FNTA;PSMA1;UBB;PSMD3;ARAF;PHB1;ARTN;TYK2;CNKSR1;PEBP1;SEM1;PSMA3;EGF;RASGRF1;PSMD2;PPP2CA",-0.9106033290492547,0.7999360051195904,,
"REACTOME_REGULATION_OF_INSULIN_SECRETION",61,0.20612288821238905,0.9011036624385425,0.6936619718309859,0.8170333068292253,"RAPGEF4;ACSL3;ITPR2;PRKAR2A;ITPR1;ACSL4;PRKCA;GNAI1;ITPR3;PRKAR1A;GNAQ;ADCY6;IQGAP1;GNG12;PLCB1;PRKAR2B;GNG2;AKAP5;SLC2A1;RAP1A;ADRA2A;KCNS3;GNB4",1.2206456698786072,0.22840827980014272,,
"REACTOME_TAK1_DEPENDENT_IKK_AND_NF_KAPPA_B_ACTIVATION",43,-0.24730150839182338,-0.8594177764207602,0.6938775510204082,0.8170333068292253,"UBA52;NFKBIB;TAB1;NFKB2;LRRC14;USP18;TRAF2;UBC;UBB;AGER;RELA",-0.8110738278710515,0.8605522885931429,,
"REACTOME_REGULATION_OF_CDH1_GENE_TRANSCRIPTION",70,0.2029686229223101,0.910713679073956,0.6948529411764706,0.8172972972972973,"SUZ12;SP1;SIRT1;ZMYM2;ZBTB33;ZNF217;HDAC2;MPHOSPH8;FOXJ2;TCF12;ARID1A;CDH1;ZEB1",0.9268091116535091,0.7578747927686112,,
"REACTOME_G0_AND_EARLY_G1",26,0.2364142216620118,0.8511668951540163,0.6974063400576369,0.8190777846634074,"TOP2A;RBL2;RBL1;LIN54;DYRK1A;MYC;TFDP2;CDC25A",0.8040488521809055,0.872053048348677,,
"REACTOME_TOLL_LIKE_RECEPTOR_9_TLR9_CASCADE",106,0.19330635707337532,0.9211426388245562,0.6978723404255319,0.8190777846634074,"EEA1;PIK3R4;TRAF6;TAB3;CREB1;MEF2A;PPP2R1B;CASP8;MAP2K6;PIK3C3;RPS6KA3;UBE2V1;MAP3K7;RBSN;PELI2;MAP2K4;FBXW11;BTRC;DUSP6;HMGB1;ATF2;TAB2;CHUK;ATF1;MAP3K1;USP14;MAPK1;MAPK14",1.056819946061997,0.5279187817258884,,
"REACTOME_ADRENALINE_NORADRENALINE_INHIBITS_INSULIN_SECRETION",23,-0.26867479856791177,-0.8243036533761223,0.7003058103975535,0.8210481915005798,"GNB2;GNG5;GNGT2;GNAI2;CACNB3;CACNA2D2;GNB5",-0.9471374833131231,0.6922209104027286,,
"REACTOME_ACTIVATION_OF_KAINATE_RECEPTORS_UPON_GLUTAMATE_BINDING",22,-0.27425916315932586,-0.8331603692804312,0.7015151515151515,0.8212111659836783,"GNB2;GNG5;GRIK5;GNGT2;PLCB3;GNB5;CALM1;DLG4;GNB1;GNB3",-0.8547171844387581,0.7895401939318112,,
"REACTOME_DEPOLYMERIZATION_OF_THE_NUCLEAR_LAMINA",15,-0.2969241717820225,-0.8140437101154813,0.7019543973941368,0.8212111659836783,"CTDNEP1;LMNA;EMD",-0.7439084530973143,0.8737966042359532,,
"REACTOME_SYNAPTIC_ADHESION_LIKE_MOLECULES",16,-0.2891751513268784,-0.816835246786488,0.7028753993610224,0.8214054076313559,"FLOT1;FLOT2;LRFN4;LRFN3;GRIN2D;PTPRS;GRIN1;DLG4;LRFN1;PTPRF;GRIN2C",-1.0148001514959644,0.6145436656159466,,
"REACTOME_MOLECULES_ASSOCIATED_WITH_ELASTIC_FIBRES",32,0.2275825629740878,0.8591627169782574,0.7040498442367601,0.8218950971347586,"FBN2;ITGA8;ITGB1;MFAP3;ITGAV",1.3858491049276207,0.22060889969206912,,
"REACTOME_SIGNALING_BY_CSF3_G_CSF",30,-0.25539359401813744,-0.8284585209068921,0.7079646017699115,0.8255792998131444,"UBA52;ELOB;RNF7;UBE2D2;UBC;SOCS1;UBB;ELOC;TYK2;HCK",0.924410113243402,0.7326599326599327,,
"REACTOME_INTEGRATION_OF_ENERGY_METABOLISM",88,0.19576981923192027,0.9059725912512883,0.7107438016528925,0.8279328224821703,"ACACA;RAPGEF4;ACSL3;ITPR2;PPP2R1B;ACLY;PRKAR2A;PRKAA2;ITPR1;ACSL4;PRKCA;GNAI1;ITPR3;PRKAR1A;GNAQ;ADCY6;ADIPOR2;ADCY1",0.8934530688292425,0.8569724838685753,,
"REACTOME_NEUREXINS_AND_NEUROLIGINS",44,-0.24105533600352558,-0.8455702861621384,0.7132564841498559,0.829129742465417,"SHARPIN;APBA3;LIN7B;DBNL;HOMER3;HOMER2;STX1A",-0.7964236077189235,0.8680085667721871,,
"REACTOME_RESPONSE_OF_MTB_TO_PHAGOCYTOSIS",22,-0.27181365560185977,-0.8257312647933266,0.7136363636363636,0.829129742465417,"UBA52;MAPK3;CORO1A;VPS33B;UBC;GSK3A;UBB",-1.0843324395203833,0.5574973031283711,,
"REACTOME_SIGNALING_BY_ACTIVIN",16,-0.2846594373463466,-0.8040796752002718,0.7140575079872205,0.829129742465417,"DRAP1;FSTL3;MAPK3",0.9499883881467136,0.6864194594737434,,
"REACTOME_SIGNALLING_TO_RAS",18,0.2603923728489113,0.8303541875649443,0.717032967032967,0.8314443288433032,"SOS1;KRAS;NRAS",0.9333190680919626,0.7038255374842652,,
"REACTOME_SYNDECAN_INTERACTIONS",26,0.23298339503681859,0.8388148207912807,0.7175792507204611,0.8314443288433032,"ITGB1;PRKCA;CASK;ITGA2;ITGAV",1.3479792446297998,0.2225148817362904,,
"REACTOME_ADP_SIGNALLING_THROUGH_P2Y_PURINOCEPTOR_12",15,-0.29195247706245925,-0.8004133721379927,0.7214983713355049,0.8349632137331768,"GNB2;GNG5;GNGT2;GNAI2;GNB5;GNB1;GNB3",-0.9740364850960715,0.676193784983594,,
"REACTOME_HCMV_INFECTION",115,-0.21195680997840763,-0.8775040244474239,0.7221510883482715,0.8349632137331768,"VPS28;H2AC20;H2AC25;SEC13;CHMP1A;DYNLL1;TUBB4B;MVB12A;CHMP2A;TUBA4A;TUBA1A;VPS4A;HDAC3;TUBB6;PML;UBAP1;SNF8;CHMP6;CEBPD;H2AC8;H3C8;DYNC1I1;TRIM28;VPS25;GPS2;AAAS;TUBA1B;VPS37D;H2BC12;ELK1;NUP85;H2BC8;H4C5",-1.068951702005143,0.5380072502023722,,
"REACTOME_REGULATION_OF_PD_L1_CD274_TRANSCRIPTION",67,0.2004390848389901,0.892889471716637,0.724907063197026,0.8364663585002567,"KMT2A;SUZ12;KMT2C;YAP1;TEAD1;EPAS1;STAT3;HIF1A;EP300;NFE2L2",-0.6340542012897319,0.992091628033815,,
"REACTOME_RHO_GTPASES_ACTIVATE_WASPS_AND_WAVES",36,-0.2476259798677958,-0.831771995569758,0.7256894049346879,0.8364663585002567,"ARPC4;ACTB;ARPC1B;ARPC1A;BRK1;NCKIPSD;MAPK3;ARPC5;WAS;RAC1",-0.7364293611788946,0.9226630978487713,,
"REACTOME_ACYL_CHAIN_REMODELLING_OF_PE",22,-0.26871033008787737,-0.8163038028210718,0.7257575757575757,0.8364663585002567,"PLA2G5;PLAAT4;PLA2G6;ABHD4",-0.8481057751823815,0.8004656468999557,,
"REACTOME_HCMV_LATE_EVENTS",77,-0.2207094675568764,-0.8542713634365261,0.7281420765027322,0.8383265388729869,"VPS28;H2AC20;H2AC25;SEC13;CHMP1A;MVB12A;CHMP2A;VPS4A;UBAP1;SNF8;CHMP6;CEBPD;H2AC8;H3C8;VPS25;AAAS;VPS37D;H2BC12;NUP85;H2BC8;H4C5",-1.0808349449561343,0.5422048349285512,,
"REACTOME_INFECTION_WITH_MYCOBACTERIUM_TUBERCULOSIS",26,-0.25892005524885237,-0.8171373014583599,0.7297709923664122,0.8393137840324063,"UBA52;MAPK3;CORO1A;VPS33B;UBC;GSK3A;UBB;RPS27A;B2M;ENO1",-1.0445052777523827,0.5783445216388668,,
"REACTOME_LISTERIA_MONOCYTOGENES_ENTRY_INTO_HOST_CELLS",18,0.25655551587674935,0.818118997190259,0.7335164835164835,0.8427306589925385,"CBL;CDH1;CBLL1;STAM2;CTNND1;EPS15;GRB2;STAM;MET",0.9414655061474859,0.6980511668938968,,
"REACTOME_ASSOCIATION_OF_TRIC_CCT_WITH_TARGET_PROTEINS_DURING_BIOSYNTHESIS",37,-0.24507237798310438,-0.8274967783427708,0.7354651162790697,0.8431886686107776,"FBXW5;FBXW4;SPHK1;FBXW9;FBXO6;HDAC3",-0.8707751218587078,0.7811536126290224,,
"REACTOME_INFECTION_WITH_ENTEROBACTERIA",37,-0.24489328048844017,-0.8268920484214979,0.7354651162790697,0.8431886686107776,"UBA52;HBA2;HBB;UBE2D2;UBC;UBB;CALM3;RPS27A;CASP4;CALM2",-0.5749723660515288,0.9998753894080996,,
"REACTOME_RHO_GTPASES_ACTIVATE_PAKS",20,-0.2739733495768523,-0.80872860283247,0.7394034536891679,0.8460875890793683,"MYL6;MYL9;LIMK1;MYL12B;MYH11;NF2;RAC1",1.072882276514451,0.5693151798414957,,
"REACTOME_SUMOYLATION_OF_TRANSCRIPTION_FACTORS",18,-0.2708893195590452,-0.789780416696351,0.7398119122257053,0.8460875890793683,"CDKN2A;UBE2I;SUMO3;PIAS4;HIC1;TFAP2A",-1.055211366107735,0.5690748610657077,,
"REACTOME_CARGO_CONCENTRATION_IN_THE_ER",31,-0.25065291245488297,-0.8155627879358356,0.7404692082111437,0.8460875890793683,"LMAN2;STX5;CTSZ;SAR1B;F8;PREB;FOLR1;CD59;CNIH3;CNIH1;CNIH2",0.7996430061945926,0.8866048734139904,,
"REACTOME_TOLL_LIKE_RECEPTOR_CASCADES",160,-0.20238480731503325,-0.8732368311982089,0.7411042944785277,0.8460875890793683,"UBA52;SIGIRR;GSDMD;ECSIT;CD14;PELI3;NFKBIB;TNIP2;PPP2R1A;UNC93B1;TAB1;IRF7;NFKB2;CNPY3;CTSB;IRF3;MAPK3;LRRC14;USP18;SKP1;TRAF2;UBE2D2;S100A9;IRF5;UBC;RPS6KA1;MAPKAPK2;LY86;ITGB2;MAPKAPK3;SOCS1;UBB;AGER;DNM2;RELA;MAP2K7;CTSL;S100B;PPP2CA;FADD;ELK1;RPS27A;TICAM1;RIPK3;IKBKE",-0.8025776066253162,0.9364354569834021,,
"REACTOME_FORMATION_OF_THE_NEPHRIC_DUCT",15,0.2635577242985472,0.8039723544493123,0.7448453608247423,0.8494672458881756,"MECOM;NPNT;HOXA6;FGF2;CTNNB1;HOXB4;OSR1;RET;ID4;PCDH19;PLAC8;WFDC2;GATA3;PAX8;BMP4",0.7023694266253941,0.9431818181818181,,
"REACTOME_ADP_SIGNALLING_THROUGH_P2Y_PURINOCEPTOR_1",20,-0.2719465630563482,-0.8027458302982121,0.7472527472527473,0.8513204073413498,"GNB2;GNG5;GNGT2;GNA11;GNB5;GNA15;PLA2G4A;GNB1;GNB3",-0.848401647159965,0.8018027460433915,,
"REACTOME_AQUAPORIN_MEDIATED_TRANSPORT",38,-0.2400236777657183,-0.8167266458936562,0.7492753623188406,0.8518454945961654,"GNB2;GNG5;PRKAR1B;AQP3;PRKACA;AQP7",-0.5917860437948994,0.9998753894080996,,
"REACTOME_SYNTHESIS_OF_BILE_ACIDS_AND_BILE_SALTS",26,0.22729190674181202,0.8183236405788147,0.7492795389048992,0.8518454945961654,"OSBP;NCOA1;NCOA2;CYP7B1;OSBPL9;HSD17B4;OSBPL2",0.8833617474207096,0.7421200009573272,,
"REACTOME_ERK_MAPK_TARGETS",22,0.23705906074338073,0.8086865709888668,0.7543859649122807,0.8567556678753251,"MEF2A;PPP2R1B;RPS6KA3;DUSP6;MAPK1;MAPK14;RPS6KA5;MEF2C",0.7854883359772712,0.8724737475188963,,
"REACTOME_GLYCOSPHINGOLIPID_METABOLISM",50,-0.23096586183676626,-0.8282132367537701,0.7556497175141242,0.8569958847736625,"HEXA;SMPD2;GAL3ST1;B3GALT4;SUMF2;ARSA;GM2A;CTSA;B4GALNT1;PSAP;SMPD1;GBA2;NEU4;SMPD3;ARSI;GBA1;GLA;A4GALT;NEU1;ARSJ;GLB1;ST3GAL2",-0.868846032228023,0.8033000773004096,,
"REACTOME_TURBULENT_OSCILLATORY_DISTURBED_FLOW_SHEAR_STRESS_ACTIVATES_SIGNALING_BY_PIEZO1_AND_INTEGRINS_IN_ENDOTHELIAL_CELLS",30,0.22233956103989266,0.8180756448029585,0.7561728395061729,0.8569958847736625,"YAP1;VCL;PPP2R1B;ITGB1;ITGAV;GNAQ;CHUK;PDE4D;PTK2;NFKB1",1.023090305325192,0.5883186823625695,,
"REACTOME_IKK_COMPLEX_RECRUITMENT_MEDIATED_BY_RIP1",22,-0.2628517637622631,-0.7985063107443273,0.7575757575757576,0.8576924289723457,"UBA52;CD14;UBE2D2;UBC;UBB;RPS27A;TICAM1;RIPK3",-0.9246447964280189,0.7043180068584225,,
"REACTOME_DEVELOPMENTAL_LINEAGE_OF_PANCREATIC_DUCTAL_CELLS",43,0.20667535987303826,0.8427202920220979,0.759493670886076,0.858869289394744,"LAMC1;YAP1;ERICH5;SOX9;LAMA4;LAMB1;SLC4A4;COL2A1;LAMA5;COL24A1;COL5A2;COL11A2;TFPI2;COL5A3;FN1;COL11A1;LAMA3;LAMC2;COL27A1;LAMA2;PROM1",1.3849728412045288,0.15299308742006096,,
"REACTOME_SYNTHESIS_OF_GLYCOSYLPHOSPHATIDYLINOSITOL_GPI",17,-0.2713243450872372,-0.7749467334445078,0.7603833865814696,0.858869289394744,"DPM2;PIGQ",-0.8513115598669636,0.7729721441349348,,
"REACTOME_SENSORY_PERCEPTION_OF_TASTE",18,0.25073234453249305,0.7995497332071814,0.760989010989011,0.858869289394744,"TAS2R14;ITPR3;TAS2R4;TAS2R5;SCN9A",-0.4204848222372163,1,,
"REACTOME_SURFACTANT_METABOLISM",19,0.2489739323349972,0.8097760181875298,0.7617728531855956,0.858869289394744,"ADGRF5;TTF1;NAPSA;ADRA2A;SFTPA2;DMBT1;P2RY2;ADRA2C;CKAP4;CSF2RB;ZDHHC2;ABCA3;CCDC59;ADORA2B;ADA2;CSF2RA;CTSH;LMCD1;GATA6",0.7498435696947968,0.908969442038847,,
"REACTOME_REGULATION_OF_ENDOGENOUS_RETROELEMENTS_BY_THE_HUMAN_SILENCING_HUB_HUSH_COMPLEX",36,-0.2393657384194016,-0.8040259669943758,0.7648766328011611,0.86147595909696,"H2AC20;H2AJ;H2AX;H2AC8;H3C8;H2AZ2;H2BC12;H2BC8;EHMT2;H4C5;H2BC4;H4C9;H2AC6;H3C10",-0.7886153110548619,0.8737966042359532,,
"REACTOME_ROLE_OF_LAT2_NTAL_LAB_ON_CALCIUM_MOBILIZATION",59,0.20149225972809123,0.8698779522213038,0.7661870503597122,0.8620594734140299,"SOS1;PIK3CA;IGKV1D-16;PIK3CB",0.7030033809832935,0.9823085714285713,,
"REACTOME_SIGNALING_BY_MODERATE_KINASE_ACTIVITY_BRAF_MUTANTS",38,-0.23582875882740786,-0.8024526288209479,0.7695652173913043,0.8649658641753504,"MAP2K2;ACTB;HRAS;MAP3K11;MAPK3;CSK;ARAF;PHB1;CNKSR1;PEBP1",-0.9960751936759406,0.6373545670552498,,
"REACTOME_REGULATION_OF_ENDOGENOUS_RETROELEMENTS",103,0.1857821569950903,0.8870493613998778,0.771551724137931,0.8663036902601331,"TASOR;SMARCC1;ZNF33A;ATF7IP;CBX5;MTREX;HDAC2;MPHOSPH8;ZNF708;ARID1B;ZNF680;ARID1A;SETDB1;SMARCC2;ZNF28;SS18;SMARCA2;ZNF224;DPF3;ZNF649;ZNF519;ZNF317;ZCCHC8;SMARCD1;RBM7;CHD3;ZNF765;MORC2;GATAD2B;ZNF141;PPHLN1;ZNF273",0.8016410523767592,0.9683421817918386,,
"REACTOME_SIGNAL_AMPLIFICATION",26,-0.2465348190038692,-0.778050184342527,0.7740458015267175,0.8682080742897615,"GNB2;GNG5;TBXA2R;GNGT2;AAMP;GNA11;GNAI2;GNB5;GNA15;PLA2G4A",-0.7383518710723135,0.8893318925912043,,
"REACTOME_RHO_GTPASES_ACTIVATE_CIT",19,-0.26439020021435133,-0.7755182901420917,0.7753510140405616,0.8687764194398878,"MYL6;MYL9;RHOC;PRC1;MYL12B;MYH11;RAC1",0.9419784295278029,0.6978911120613985,,
"REACTOME_RIP_MEDIATED_NFKB_ACTIVATION_VIA_ZBP1",17,-0.26628682852916397,-0.7605587617345004,0.7763578274760383,0.8689454979091971,"NFKBIB;NFKB2;RELA;TICAM1;RIPK3;ZBP1",-0.86460565489769,0.7682761777109419,,
"REACTOME_THROMBIN_SIGNALLING_THROUGH_PROTEINASE_ACTIVATED_RECEPTORS_PARS",26,-0.2458706133203464,-0.775953988127346,0.7770992366412214,0.8689454979091971,"GNB2;GNG5;MAPK3;GNGT2;GNA11;ARRB2;GNB5;GNA15",-0.7018788274111885,0.9283409576527614,,
"REACTOME_G_ALPHA_I_SIGNALLING_EVENTS",203,-0.19434751080440885,-0.8643089665698069,0.7811004784688995,0.8725229164005777,"GNB2;CDK5;LPAR2;NPW;S1PR4;PPP2R1A;GNG5;PPP1CA;PRKAR1B;CCR10;NPY1R;RGS14;CXCL5;PRKACA;DRD4;GRK2;POMC;RGS3;CCL5;CCL4L2;GPSM3;GPER1;CCL4;PPP1R1B;GNGT2;RGS19;CCL13;CXCL11;PTGDR2;CXCL10;ANXA1;PLCB3;S1PR5;GNA11;RGS10;ADORA3;PPP2CA;GNAI2;S1PR2;RXFP4;C5AR1;GNAS;PSAP;BDKRB1;RGS11;ADORA1;NMU;CXCR3;NMUR1;GNB5;GNA15;CALM1;RGS12;PLA2G4A;CXCL8",-0.8266938601530681,0.9021856055141642,,
"REACTOME_SYNTHESIS_OF_VERY_LONG_CHAIN_FATTY_ACYL_COAS",18,-0.2591708874379284,-0.755615215134662,0.7836990595611285,0.8745277710794952,"TECR;ELOVL1;SLC27A3;ACSF3",1.0222593897780556,0.611390396490909,,
"REACTOME_NEGATIVE_EPIGENETIC_REGULATION_OF_RRNA_EXPRESSION",73,-0.21222764915866196,-0.8168440297900176,0.7863945578231293,0.8759950191995515,"H2AC20;POLR2L;POLR1H;POLR2F;H2AJ;POLR2H;H2AX;POLR2E;SUV39H1;POLR1E;POLR1C;SAP30;H2AC8;H3C8;H2AZ2;ERCC2;H2BC12;H2BC8;H4C5;SAP18;H2BC4;SAP30BP;TAF1C;H4C9;H2AC6;RRP8;H3C10;GTF2H5",-0.8570743408455993,0.8256548347613218,,
"REACTOME_METAL_ION_SLC_TRANSPORTERS",37,0.21414367152394276,0.8312927947638309,0.7866242038216561,0.8759950191995515,"SLC30A1;SLC24A1;SLC39A6;SLC39A10",0.7225415160058344,0.9815093247697887,,
"REACTOME_CELL_EXTRACELLULAR_MATRIX_INTERACTIONS",18,-0.2580782174368382,-0.7524295252367459,0.7884012539184952,0.8770762415780398,"TESK1;ACTB;VASP;FLNC;FBLIM1",-0.7679112169670517,0.8569724838685753,,
"REACTOME_SCAVENGING_OF_HEME_FROM_PLASMA",54,-0.22163122554397738,-0.8083750749651605,0.7907303370786517,0.8785473244415877,"HBA2;HBB;IGLV3-25;IGLV3-27;IGHV1-2;IGLC3;IGLV3-19;IGLV1-40;IGHA1;IGKV3-11;IGLC2;APOL1;IGLV2-8;IGLV3-1;IGLV6-57;IGKV2-30;JCHAIN;IGKV4-1;IGLV7-43",-1.375396429860756,0.16759637381437756,,
"REACTOME_G_ALPHA_S_SIGNALLING_EVENTS",97,-0.20521336962056402,-0.8310864742433806,0.7913385826771654,0.8785473244415877,"GNB2;GRK6;GNG5;ADRB1;PRKAR1B;PRKACA;GRK2;POMC;SCT;GPER1;RAMP2;RAMP1;RAMP3;GPBAR1;GNGT2;PTGIR;GPR150;MC1R;GNAI2;GPR84;ADM2;GNAS;ARRB2;P2RY11;GNB5;PTH1R;VIPR1;PTHLH;GPR39;HRH2;PTGER4;GNAZ;VIP;GNB1;HTR4;DRD1;GNB3;ADM;PDE1B;ADORA2B",-0.78937205584612,0.9226630978487713,,
"REACTOME_PLATELET_ACTIVATION_SIGNALING_AND_AGGREGATION",219,-0.19133556355931386,-0.8584488243149334,0.7952941176470588,0.8820387359836901,"CFD;TEX264;GNB2;TIMP1;VEGFB;RHOG;TAGLN2;STXBP2;CYB5R1;RARRES2;PPIA;PFN1;GNG5;CD63;SOD1;TUBA4A;STX4;PTPN6;DAGLB;DGKQ;CFL1;ALDOA;PDGFA;BCAR1;CTSW;RAC2;MAPK3;FERMT3;CSK;LGALS3BP;TBXA2R;F8;GAS6;ISLR;DGKZ;CHID1;GNGT2;TMSB4X;CLEC3B;ABHD12;AKT1;WDR1;PCYOX1L;RAC1;EGF;TGFB1;AAMP;GNA11;TOR4A;PIK3R6;GNAI2;SRGN",-0.7794107912581518,0.9634315645707167,,
"REACTOME_FOXO_MEDIATED_TRANSCRIPTION_OF_CELL_DEATH_GENES",16,0.24689381833859575,0.7629011475841075,0.8031914893617021,0.88989036703211,"FOXO3;NFYA;EP300;NFYB;FOXO1",0.9864492231957296,0.6373545670552498,,
"REACTOME_TELOMERE_EXTENSION_BY_TELOMERASE",22,-0.2514439956698903,-0.7638511321642578,0.8045454545454546,0.8904836770553964,"NOP10;ACD;RUVBL2;NHP2",-0.9489871906682357,0.6822861323531973,,
"REACTOME_ONCOGENE_INDUCED_SENESCENCE",33,-0.23436081435076042,-0.7766562670111679,0.8055152394775036,0.8906509964954511,"UBA52;CDKN2C;CDKN2A;CDKN2D;E2F1;MAPK3;UBC;UBB",-0.9352805276766792,0.7129728023906589,,
"REACTOME_CS_GAG_BIOSYNTHESIS",19,-0.25434864826273657,-0.7460640698511138,0.8127925117004681,0.8977850281523952,"CHST12;CHST7;CHPF;CSPG5;BGN;UST;CHPF2",-0.6066973913363798,0.9749554841245981,,
"REACTOME_DAG1_GLYCOSYLATIONS",17,-0.256093345836944,-0.7314445069402277,0.8146964856230032,0.8981309615265325,"SLC35A4;POMGNT1;POMT1",-1.1059612791641884,0.5380072502023722,,
"REACTOME_ZBP1_DAI_MEDIATED_INDUCTION_OF_TYPE_I_IFNS",20,-0.25446993524494843,-0.751157422834618,0.814756671899529,0.8981309615265325,"NFKBIB;NFKB2;IRF3;RELA;TICAM1;RIPK3;ZBP1",-0.8314019396355529,0.8119724509347004,,
"REACTOME_REGULATION_OF_TP53_ACTIVITY_THROUGH_METHYLATION",19,0.2314086136175813,0.7526456442733425,0.817174515235457,0.8998844864131348,"ATM;JMY",-0.8304747103333898,0.8107137024334476,,
"REACTOME_CYTOSOLIC_TRNA_AMINOACYLATION",24,0.22244949966175037,0.7731074094295737,0.8258258258258259,0.9084919095030318,"EPRS1;NARS1;TARS1;DARS1;LARS1;IARS1",0.7422758470824395,0.9180086161218236,,
"REACTOME_CRMPS_IN_SEMA3A_SIGNALING",15,-0.2576199891841429,-0.7062878395408128,0.8289902280130294,0.9100436579409074,"CDK5;FES",0.688341535867815,0.9526847421584264,,
"REACTOME_OPIOID_SIGNALLING",77,0.1798812244497452,0.8249223032326004,0.8296296296296296,0.9100436579409074,"CREB1;ITPR2;PPP2R1B;PRKAR2A;ITPR1;PRKCA;GNAI1;ITPR3;PRKAR1A;PDE1C;GNAQ;ADCY6;ADCY1;CAMK4;GNG12;MAPK1;KPNA2;PLCB1;NBEA;PDE4D;PRKAR2B;GNG2",-0.656208098348698,0.992091628033815,,
"REACTOME_UPTAKE_AND_ACTIONS_OF_BACTERIAL_TOXINS",28,0.2127606163950907,0.7747854140874223,0.8318042813455657,0.9100436579409074,"MAP2K6;PDCD6IP;TXNRD1;MAP2K4;GUCY2C",0.7764814940874846,0.8859874729406015,,
"REACTOME_SYNTHESIS_OF_PA",34,0.2093297807325571,0.7945115601087607,0.832258064516129,0.9100436579409074,"MIGA1;DDHD1;GPD2;DDHD2;LCLAT1;GPD1L;AGPAT5;GPAM;GPAT4;PLA2R1;LIPH;PLD1;GPAT3",0.663811975015304,0.9890820393943335,,
"REACTOME_KERATAN_SULFATE_KERATIN_METABOLISM",34,-0.22357437229680724,-0.7446240373543537,0.8323699421965318,0.9100436579409074,"B4GALT2;HEXA;B4GALT3;SLC35D2;B4GAT1;CHST1;CHST6;B3GNT4;PRELP;B3GNT3;GLB1;CHST2;ST3GAL2",-0.8454951306770456,0.8143941840342466,,
"REACTOME_EICOSANOID_LIGAND_BINDING_RECEPTORS",15,0.24501152915788865,0.7473979238838795,0.8324742268041238,0.9100436579409074,"LTB4R2;PTGFR;GPR17",-0.9293510416308215,0.6981876519690171,,
"REACTOME_FORMATION_OF_THE_DYSTROPHIN_GLYCOPROTEIN_COMPLEX_DGC",33,-0.22523540113668966,-0.7464152500501701,0.8330914368650217,0.9100436579409074,"ACTB;SGCA;ACTG2;ACTA1;SNTA1;ACTA2",0.9654336770683709,0.6595417818855202,,
"REACTOME_DEVELOPMENTAL_CELL_LINEAGES",107,-0.19840432539579733,-0.8147184970064913,0.8365758754863813,0.9129333525869436,"PRSS3;CD74;KRT7;CNN1;AQP3;ERBB2;PDIA2;ANXA2;HOPX;KRT10;ACTA2;MYH11;MFGE8;REG1A;SLPI;KRT18;ANXA1;FOXA2;SOX17;EGF;TFAP2A;SPINK1;KRT8",0.6657672534862626,1,,
"REACTOME_G1_S_SPECIFIC_TRANSCRIPTION",28,-0.2292494921670612,-0.736496145512049,0.84,0.9157515030060119,"E2F1;CDT1;LIN37;TK1;E2F4;CDC45;PCNA",-0.8998179906472652,0.7315968289920725,,
"REACTOME_RAP1_SIGNALLING",15,0.24184991724221805,0.7377535524944172,0.8427835051546392,0.9178663199281757,"RAPGEF4;RAP1GAP2;YWHAB;RAF1;YWHAZ;RAP1A;RASGRP1;RAP1B",0.78764858446138,0.864381520119225,,
"REACTOME_TICAM1_RIP1_MEDIATED_IKK_COMPLEX_RECRUITMENT",19,-0.2451287690900417,-0.7190200079852501,0.8455538221528861,0.9196956889264581,"UBA52;UBE2D2;UBC;UBB;RPS27A;TICAM1;RIPK3",-0.7682169943741607,0.8724737475188963,,
"REACTOME_DEVELOPMENTAL_LINEAGE_OF_MAMMARY_GLAND_LUMINAL_EPITHELIAL_CELLS",20,-0.24501291593166424,-0.7232417075725149,0.8461538461538461,0.9196956889264581,"ERBB2;SLPI;KRT18;EGF;KRT8;CD44;ALDH1A1",-0.5483764116912674,0.992091628033815,,
"REACTOME_FCERI_MEDIATED_CA_2_MOBILIZATION",74,0.18184621665958353,0.825036172734081,0.850187265917603,0.9231574304574371,"SOS1;NFATC3;IGKV1D-16;ITPR2;ITPR1;ITPR3;TEC;IGHV3-11;MS4A2;IGKV1-16;GRB2;LYN;NFATC2;TXK",0.6798471664076997,0.9971220276849325,,
"REACTOME_ACTIVATION_OF_NMDA_RECEPTORS_AND_POSTSYNAPTIC_EVENTS",71,-0.20298110729471236,-0.77679282467467,0.8518518518518519,0.9232720857862083,"LIN7B;TUBB4B;NRGN;HRAS;PRKAR1B;TUBA4A;TUBA1A;PRKACA;TUBB6;MAPK3;CAMK1;RPS6KA1;GIT1;KIF17;PRKAG1;TUBA1B;RAC1;RASGRF1",0.9287190154577742,0.7421200009573272,,
"REACTOME_MUSCLE_CONTRACTION",146,-0.1924812187411711,-0.8231861593251742,0.8519900497512438,0.9232720857862083,"MYL6;KCNK7;DES;ACTG2;MYL11;MYL9;ORAI1;PRKACA;FXYD6;TPM2;ACTA1;MYL5;KCNH2;ATP1A2;ANXA2;LMOD1;FGF13;SORBS3;ACTA2;RANGRF;DMPK;TNNI3;MYL12B;KCNK12;MYH11;MYL6B;SCN5A;ANXA1;TNNC2;ALDH2;SRI;MYH3;SLC8A2;ACTC1;CACNA1H;KCNK9;CACNA2D2;KCNQ1;TNNT1;MYL12A;ITGB5;KCNK15;TMOD1;CALM1;KCNK13;KCNJ14;SCN1B;SCN3B;VIM;PLN;KCNIP3;TNNC1;TMOD4;CLIC2;FKBP1B;KCNK3;KCNIP2;ORAI2;ATP2A3",1.0385905254516279,0.5487754013288714,,
"REACTOME_TRANSMISSION_ACROSS_CHEMICAL_SYNAPSES",182,0.1683846767754025,0.8719219279092559,0.8554216867469879,0.9258611548072051,"SLC38A1;MYO6;CREB1;DLG1;KRAS;PPFIA1;SYN3;GLS;GABRR2;RPS6KA3;NRG1;PRKAR2A;PRKAA2;TSPOAP1;NRAS;PRKAA1;PRKCA;GNAI1;SLC38A2;TUBB2B;CASK;SYN2;GRIN2B;CACNB4;CACNG8;NSF;PRKAR1A;GABRB2;AP2B1;ALDH5A1;ADCY6;ADCY1;ARHGEF7;SLC6A12;MDM2;PDPK1;CAMK4;GNG12;EPB41L1;MAPK1;KPNA2;PLCB1;ABAT;GRIP1;NBEA",0.8552575294575346,0.9453658536585366,,
"REACTOME_NOTCH1_INTRACELLULAR_DOMAIN_REGULATES_TRANSCRIPTION",47,-0.2114058696281622,-0.74879060342814,0.8561253561253561,0.9258611548072051,"UBA52;RBX1;HDAC10;HDAC3;SKP1;HDAC11;UBC;UBB;HDAC5;KAT2A",-0.7033818276258131,0.9609295266008951,,
"REACTOME_TRIGLYCERIDE_METABOLISM",30,-0.22427047228973085,-0.7274997811536555,0.8569321533923304,0.9258611548072051,"DGAT1;PPP1CA;PRKACA;PLIN1;PNPLA4",-0.7561393335011775,0.8962213818778765,,
"REACTOME_ASPIRIN_ADME",17,-0.24246414939263566,-0.6925172913945886,0.8578274760383386,0.925909021755667,"BSG;CYP2D6;UGT2B17;CYP3A4;UGT2B7",-0.7142253912356845,0.9049965505661709,,
"REACTOME_POTENTIAL_THERAPEUTICS_FOR_SARS",138,0.17152611500488413,0.8520999182350995,0.8592233009708737,0.9264964831083355,"ROCK2;SOS1;ARID4B;CUL3;ROCK1;REST;JAK1;IGKV1D-16;ITGB1;SUDS3;TBK1;ARID4A",-0.762227169997299,0.9578231292517007,,
"REACTOME_COLLAGEN_FORMATION",83,-0.1948300328433738,-0.770132373309251,0.8607427055702918,0.9265276176501415,"CD151;PLOD3;CTSB;PLOD1;COLGALT1;MMP9;P3H3;COL6A2;LOXL1;CRTAP;P3H1;PPIB;LOXL4;PCOLCE;CTSL;COL22A1;PCOLCE2;MMP7;SERPINH1;ITGB4;COL23A1;BMP1;ADAMTS14",1.0014477820696337,0.6343158572395173,,
"REACTOME_KERATAN_SULFATE_BIOSYNTHESIS",27,-0.22335108734146691,-0.7112611601760137,0.8626865671641791,0.9265276176501415,"B4GALT2;B4GALT3;SLC35D2;B4GAT1;CHST1;CHST6;B3GNT4;PRELP;B3GNT3;CHST2;ST3GAL2",-0.7781485061117218,0.864381520119225,,
"REACTOME_SEMA3A_PAK_DEPENDENT_AXON_REPULSION",15,0.23558231021584053,0.7186344665667673,0.8634020618556701,0.9265276176501415,"PAK2;FYN;PLXNA4;HSP90AB1;SEMA3A;HSP90AA1;PLXNA2;PAK1;NRP1",1.0262795645425418,0.6048312270036794,,
"REACTOME_NUCLEOTIDE_BINDING_DOMAIN_LEUCINE_RICH_REPEAT_CONTAINING_RECEPTOR_NLR_SIGNALING_PATHWAYS",56,-0.20536247011771458,-0.7523490193202197,0.8634423897581792,0.9265276176501415,"UBA52;PYCARD;TAB1;NFKB2;PSTPIP1;HMOX1;TXN;UBC;UBB;RELA;AAMP;AIM2;CASP1;CARD9;RPS27A;CASP4;MAPK11",0.8993130744818087,0.7694483734087695,,
"REACTOME_PLATELET_HOMEOSTASIS",70,0.18401560414342624,0.8256720937630975,0.8639705882352942,0.9265276176501415,"PTPN11;ATP2A2;ITPR2;PPP2R1B;GUCY1A2;ATP2B1;ITPR1;LRP8;ITPR3;KCNMB3;PPP2R5E",1.095774836359586,0.4424806821393368,,
"REACTOME_TRANSCRIPTION_OF_E2F_TARGETS_UNDER_NEGATIVE_CONTROL_BY_P107_RBL1_AND_P130_RBL2_IN_COMPLEX_WITH_HDAC1",16,0.23197491730069125,0.7168017887621624,0.8643617021276596,0.9265276176501415,"RBL2;RBL1;LIN54",-0.8096178873931956,0.8143941840342466,,
"REACTOME_DISEASES_OF_MITOTIC_CELL_CYCLE",38,-0.21444037609390326,-0.7296745502012396,0.8681159420289855,0.929575493759644,"ANAPC11;FZR1;ANAPC2;E2F1;UBE2S;ANAPC15;CDKN1C;UBE2C;ANAPC7;ANAPC5;DAXX;ANAPC16;CCND3;CDK4",-0.8437787225508832,0.8119724509347004,,
"REACTOME_NON_INTEGRIN_MEMBRANE_ECM_INTERACTIONS",74,0.17782800145635264,0.8068055328373955,0.8689138576779026,0.929575493759644,"SNTB2;LAMC1;UTRN;ITGB1;COL4A1;PRKCA;CASK;ITGA2;LAMA4;ITGAV;HSPG2;LAMB1",1.4677931316265267,0.05403277287097202,,
"REACTOME_INOSITOL_PHOSPHATE_METABOLISM",44,0.19189000344412321,0.7833280273974729,0.8701298701298701,0.9299619830071696,"SYNJ1;PLCH1;IPMK;OCRL;MTMR9;PPIP5K2;NUDT4;INPP4A;IPPK;PLCB1;IMPA1",-0.8012238773132421,0.8630455410351284,,
"REACTOME_HS_GAG_BIOSYNTHESIS",25,-0.21858942288576527,-0.6855588685436681,0.875,0.9333333333333333,"SDC1;SLC35D2;HS3ST2;HS3ST1;GPC1",-0.6885581883174413,0.9431818181818181,,
"REACTOME_SENSORY_PROCESSING_OF_SOUND",58,-0.20052544700169614,-0.7417478651329313,0.875,0.9333333333333333,"TWF2;ACTB;TPRN;KCNMB1;TRIOBP;SYP;STX1A;RAB3A;CAPZB",0.9521162441840619,0.6972172533977539,,
"REACTOME_DNA_DAMAGE_TELOMERE_STRESS_INDUCED_SENESCENCE",49,-0.2091518809926235,-0.7434024408708423,0.8789173789173789,0.936593641784631,"H2AC20;H2AJ;H2AX;ACD;HIRA;H2AC8;HMGA1;TINF2;H2AZ2;H2BC12;H2BC8;H4C5;H1-2;H2BC4",-0.8612834309481786,0.8054208222064781,,
"REACTOME_O_GLYCOSYLATION_OF_TSR_DOMAIN_CONTAINING_PROTEINS",34,0.1951148296272587,0.7405586875646973,0.8806451612903226,0.9375165709235527,"ADAMTS1;ADAMTS5;THSD4;ADAMTS6;ADAMTS9;ADAMTS4;ADAMTS3",0.9481047378213965,0.6978911120613985,,
"REACTOME_TRANSCRIPTIONAL_REGULATION_BY_THE_AP_2_TFAP2_FAMILY_OF_TRANSCRIPTION_FACTORS",31,0.20082835757236536,0.7496133875744676,0.884375,0.9405669599217986,"DEK;EP300;EGFR;ATAD2;HSPD1;KDM5B;MYC;TGFA;TFAP2C",0.7111999054887466,0.9740787704130643,,
"REACTOME_KIDNEY_DEVELOPMENT",39,0.2004868018195926,0.7877604924096083,0.8867313915857605,0.9421521035598706,"ITGA8;ITGB1;EYA1;MECOM;FOXC2;SLIT2;SIX2;SALL1;NPNT;GREM1",0.828062492472976,0.8739904472427268,,
"REACTOME_BINDING_AND_UPTAKE_OF_LIGANDS_BY_SCAVENGER_RECEPTORS",84,-0.19072549847678605,-0.7540132872808053,0.888,0.9422436498370608,"APOE;HBA2;HBB;FTL;COLEC11;S100A9;IGLV3-25;IGLV3-27;IGHV1-2;PRDX1;FTH1;IGLC3;STAB1;IGLV3-19;IGLV1-40;MSR1;IGHA1;MASP1;IGKV3-11;IGLC2;APOL1;IGLV2-8;IGLV3-1;SSC5D;IGLV6-57;IGKV2-30;JCHAIN;IGKV4-1;IGLV7-43;CD36;SCARF1;IGHV2-70;SPARC;CALR;IGLV3-21;COL1A1;IGLV2-23;IGHA2",-0.9469609090852136,0.7043180068584225,,
"REACTOME_VEGFR2_MEDIATED_VASCULAR_PERMEABILITY",26,-0.21788123948733668,-0.6876210801900564,0.8885496183206106,0.9422436498370608,"MLST8;PRR5;AKT2;AKT1;RAC1;MAPKAP1;TRIB3;CAV1;CALM1",-0.7167344543273013,0.9180086161218236,,
"REACTOME_LEISHMANIA_INFECTION",196,-0.1821863069465072,-0.809169908418676,0.8912783751493429,0.9442170128164411,"PYCARD;ARPC4;GNB2;GSDMD;CYBA;ACTB;GNG5;ARPC1B;PRKAR1B;ARPC1A;NFKB2;DVL1;BRK1;NCKIPSD;PRKACA;PSTPIP1;HMOX1;TXN;MAPK3;NOXA1;IGLV3-25;IGLV3-27;IGHV1-2;DPEP1;DPEP2;ARPC5;GNGT2;WAS;RELA;HCK;RAC1;FGR;CD247;DVL3;GNAI2;FCGR1A;P2RX4;IGLC3;CASP1;GGT5;GNAS",-0.723971114957951,0.9907136997538966,,
"REACTOME_MISCELLANEOUS_TRANSPORT_AND_BINDING_EVENTS",23,0.20625389587584825,0.7139154010523233,0.8936781609195402,0.9458383648642604,"LRRC8B;NIPAL3;NIPA1;NIPAL1;LRRC8C;ADD3;NIPA2;MMGT1;LRRC8E",0.9364395293129161,0.697033501427426,,
"REACTOME_E2F_MEDIATED_REGULATION_OF_DNA_REPLICATION",22,0.20221761700537455,0.6898309255795129,0.8947368421052632,0.9460385658022608,"PPP2R1B;POLA1;ORC2;RB1;MCM8;ORC3;TFDP2",-0.7123992097837352,0.9269391036419948,,
"REACTOME_TRNA_AMINOACYLATION",42,0.18496770697589238,0.7510746598662483,0.896551724137931,0.947037161031135,"IARS2;EPRS1;NARS1;TARS1;DARS1;DARS2;LARS1;IARS1;LARS2",-0.8106224662302068,0.8569724838685753,,
"REACTOME_ACYL_CHAIN_REMODELLING_OF_PC",22,0.196678151449854,0.6709339832261718,0.9005847953216374,0.9503746433656076,"PLA2G4E;LPCAT2",-0.6067414978784338,0.9820092083646025,,
"REACTOME_SLC_MEDIATED_TRANSMEMBRANE_TRANSPORT",173,-0.18306709760634132,-0.8010167537607701,0.9020556227327691,0.9504875687672656,"SLC25A1;SLC39A3;SLC25A10;ARL2;SLC39A4;BSG;SLC50A1;SLC25A11;SLC67A1;SLC35D2;SLC29A3;PDZD11;SLC27A4;SLC15A3;SLC2A6;LCN15;SLC11A1;SLC25A5;SLC25A6;SLC25A4;SLC2A8;SLC22A4;LCN12;SLC25A29;SLC40A1;ARL2BP;SLC1A5;SLC2A4;SRI;SLC25A22;SLC12A7;SLC27A1;SLC25A26;SLC35A2;SLC5A1;SLC29A4;SLC8A2;SLC13A3;SLCO4A1;SLC6A9;SLC1A4;SLC35C1;SLCO1B3;SLC2A11;SLC38A5;SLC6A7;SLC26A11;SLC26A6;CALM1;SLC5A2;SLC16A3;SLC47A1",-0.9747403792375966,0.6846950517836594,,
"REACTOME_CARDIAC_CONDUCTION",89,0.17112969164963932,0.7952593200698703,0.9024390243902439,0.9504875687672656,"AKAP9;FGF12;HIPK1;ATP2A2;ITPR2;ATP2B1;ITPR1;ASPH;RYR3;ITPR3;CACNG8;SCN8A",1.1234416676235657,0.3894523326572008,,
"REACTOME_ACTIVATION_OF_ATR_IN_RESPONSE_TO_REPLICATION_STRESS",37,0.1917827445315291,0.7444890271775672,0.9044585987261147,0.9516933804777685,"ATR;ORC2;RAD17;MCM6;CLSPN;MCM8;CHEK1;ORC3;MCM10;RAD9B;RFC3;CDC25A;RPA1;CDC6;MCM3;ORC4;MCM4",0.6334681669943725,1,,
"REACTOME_MYD88_INDEPENDENT_TLR4_CASCADE",107,-0.18777732620304333,-0.7710802709106749,0.9092088197146563,0.9557673389850687,"UBA52;CD14;NFKBIB;TNIP2;PPP2R1A;TAB1;IRF7;NFKB2;IRF3;MAPK3;LRRC14;USP18;SKP1;TRAF2;UBE2D2;UBC;RPS6KA1;MAPKAPK2;MAPKAPK3;UBB;AGER;RELA;MAP2K7;S100B;PPP2CA;FADD;ELK1;RPS27A;TICAM1;RIPK3;IKBKE;MAPK11",1.0174596965951068,0.6156011730205277,,
"REACTOME_INTRINSIC_PATHWAY_OF_FIBRIN_CLOT_FORMATION",15,0.20734271757716,0.6324907125074423,0.9175257731958762,0.963579190383314,"KNG1;PROS1;SERPINA5;GP1BA",-0.6736853599180131,0.9324840764331209,,
"REACTOME_ADORA2B_MEDIATED_ANTI_INFLAMMATORY_CYTOKINES_PRODUCTION",35,-0.20458672289293475,-0.6831899250864442,0.9186046511627907,0.9637819290888296,"GNB2;GNG5;PRKAR1B;PRKACA",0.7038699970132596,0.9649384021261912,,
"REACTOME_GABA_B_RECEPTOR_ACTIVATION",31,-0.20496217701241584,-0.6668963981646632,0.9208211143695014,0.9649660115767636,"GNB2;GNG5;GNGT2;KCNJ10;GNAI2;KCNJ3;GNB5;KCNJ15;GNB1;GNB3;KCNJ5",-0.8685250905024433,0.785122675418034,,
"REACTOME_SIGNAL_TRANSDUCTION_BY_L1",20,-0.2136223373815987,-0.6305813857853542,0.9215070643642073,0.9649660115767636,"MAP2K2;CSNK2B;MAPK3",0.9689782499391314,0.6829186186775886,,
"REACTOME_CYTOCHROME_P450_ARRANGED_BY_SUBSTRATE_TYPE",37,-0.20347787571371082,-0.6870512621733919,0.9229651162790697,0.9655635062611807,"POR;POMC;RXRA;CYP27A1;CYP2D6;FDXR;CYP4F12;PTGIS",-0.8949814852880642,0.7469580892293824,,
"REACTOME_RESPIRATORY_SYNCYTIAL_VIRUS_RSV_ATTACHMENT_AND_ENTRY",22,0.18990936194174785,0.6478434117884436,0.9269005847953217,0.9687491222452546,"NCL;RAB5A;EGFR;HSPG2",0.7209121578724218,0.9269391036419948,,
"REACTOME_CYCLIN_A_B1_B2_ASSOCIATED_EVENTS_DURING_G2_M_TRANSITION",31,0.19565176739048742,0.7302912094257766,0.928125,0.9690978886756236,"XPO1;PPP2R1B;MIS18BP1;OBI1;WEE1;BORA",-0.7553761282429972,0.9049965505661709,,
"REACTOME_INTERLEUKIN_4_AND_INTERLEUKIN_13_SIGNALING",100,0.16565779926120916,0.7834076570038714,0.9310344827586207,0.9712037557443713,"JAK1;SOCS5;POU2F1;ITGB1;HSP90B1;RORA;FOXO3;STAT3;HGF;CCND1;HIF1A;MCL1;ZEB1;IL23R;FOXO1;MYC;NOS2;PIK3R1",1.0501200608282169,0.5279187817258884,,
"REACTOME_FCGR_ACTIVATION",59,-0.18475527936230166,-0.6888330627840149,0.9323204419889503,0.9713806540719183,"IGLV3-25;IGLV3-27;IGHV1-2;HCK;FGR;CD247;FCGR1A;IGLC3;IGLV3-19;IGLV1-40;IGKV3-11;IGLC2;IGLV2-8;FCGR2A;IGLV3-1;IGLV6-57;IGKV2-30;IGKV4-1;IGLV7-43;FCGR3A;IGHV2-70;IGHG1;IGLV3-21;IGLV2-23",-1.0884956097506748,0.5295785178031837,,
"REACTOME_NEGATIVE_REGULATION_OF_NMDA_RECEPTOR_MEDIATED_NEURONAL_TRANSMISSION",15,0.20284633987700354,0.6187746911853227,0.9329896907216495,0.9713806540719183,"DLG1;GRIN2B;CAMK4",1.0731481116743273,0.5472547254725473,,
"REACTOME_BILE_ACID_AND_BILE_SALT_METABOLISM",32,-0.2003836443335734,-0.6551137638619591,0.9441997063142438,0.9821121228201695,"HSD3B7;ACOT8;RXRA;SLC27A5;CYP27A1;AKR1C2;AKR1C4;AKR1C3;AKR1C1;STARD5;SLCO1B3;AMACR;SLC51A",-0.7802566666293942,0.8724737475188963,,
"REACTOME_GPER1_SIGNALING",37,-0.19554837879428194,-0.6602769956946184,0.9462209302325582,0.9829462400519733,"GNB2;GNG5;PRKAR1B;PRKACA;GPER1;GNGT2;GNAI2;GNAS",0.7205551178953203,0.9820092083646025,,
"REACTOME_DECTIN_2_FAMILY",16,0.19802584151278213,0.6118992478548961,0.9468085106382979,0.9829462400519733,"FYN;LYN;MUC5B;MUC13;MUC4;MUC20;PLCG2;MUC17;CLEC4E;SYK;MUC12;MUC5AC;MUC1;MUC3A;FCER1G;CLEC10A",-0.8476550981954937,0.7737666393531331,,
"REACTOME_THE_PHOTOTRANSDUCTION_CASCADE",22,0.18174771546213822,0.6200013462520257,0.9532163742690059,0.9884021640152123,"SLC24A1;PRKCA;PRKCQ;METAP2",0.480338459909999,1,,
"REACTOME_NEURONAL_SYSTEM",273,-0.16790053523610937,-0.7696448656038576,0.953880764904387,0.9884021640152123,"SHARPIN;AP2S1;AP2M1;GNB2;KCNK7;APBA3;LIN7B;COMT;FLOT1;PICK1;DBNL;TUBB4B;NRGN;KCNMB1;GNG5;HRAS;PRKAR1B;TUBA4A;TUBA1A;CPLX1;PRKACA;HOMER3;TUBB6;MAPK3;KCNH2;FLOT2;HOMER2;STX1A;CAMK1;RAB3A;KCNN4;CACNA1A;LRFN4;RPS6KA1;LRFN3;GRIK5;DLGAP3;PANX2;GIT1;GNGT2;KCNMB4;KIF17;PRKAG1;NTRK3;TUBA1B;PLCB3;ALDH2;RAC1;KCNJ10;HCN1;RASGRF1;GNAI2;KCNS1;ARL6IP5;PPFIA3;KCNG1;CACNB3;AP2A2;CHRNA3;CHRNE;HCN3;PPM1F;KCNMA1;KCNK9;KCNH4;CACNA2D2;GLRA2;KCNQ1;SYN1;VAMP2;KCNJ8;KCNB1;KCNJ3;TSPAN7",-0.704136253617754,1,,
"REACTOME_PHASE_0_RAPID_DEPOLARISATION",20,0.1892045787394061,0.6262395911312025,0.9561643835616438,0.9898257367412641,"FGF12;CACNG8;SCN8A",0.8166002863054663,0.8506363350962352,,
"REACTOME_PARACETAMOL_ADME",22,0.17810511818260508,0.6075752466368425,0.9590643274853801,0.9915933528836754,"ABCC4;ABCC1;ABCG2;SULT1C4;GGT1",-0.70663226061584306,0.9324840764331209,,
"REACTOME_FCGR3A_MEDIATED_IL10_SYNTHESIS",82,0.16069619109664574,0.7373202011556732,0.9603174603174603,0.9915933528836754,"CREB1;IGKV1D-16;ITPR2;YES1;PRKAR2A;ITPR1;ITPR3;PRKAR1A;ADCY6;ADCY1;IGHV3-11;FYN",0.6423983997158734,1,,
"REACTOME_BASIGIN_INTERACTIONS",22,-0.19499025255780827,-0.5923526818783845,0.9606060606060606,0.9915933528836754,"BSG;PPIA",0.5608763515224126,1,,
"REACTOME_FCERI_MEDIATED_MAPK_ACTIVATION",75,0.1533611776736528,0.6985683941450431,0.9664179104477612,0.9964855481479904,"SOS1;PAK2;KRAS;IGKV1D-16",0.5930199512855755,1,,
"REACTOME_NEUROTRANSMITTER_RECEPTORS_AND_POSTSYNAPTIC_SIGNAL_TRANSMISSION",137,-0.1669896343704326,-0.7104735174542932,0.968671679197995,0.9964855481479904,"AP2S1;AP2M1;GNB2;LIN7B;PICK1;TUBB4B;NRGN;GNG5;HRAS;PRKAR1B;TUBA4A;TUBA1A;PRKACA;TUBB6;MAPK3;CAMK1;RPS6KA1;GRIK5;GIT1;GNGT2;KIF17;PRKAG1;TUBA1B;PLCB3;RAC1;KCNJ10;RASGRF1;GNAI2;AP2A2;CHRNA3;CHRNE;PPM1F;GLRA2;KCNJ3;TSPAN7;GNB5;GRIN2D;CALM1;PRKAG2",-0.6913661321350666,0.992091628033815,,
"REACTOME_ASSEMBLY_OF_COLLAGEN_FIBRILS_AND_OTHER_MULTIMERIC_STRUCTURES",58,0.1567063192689518,0.6763528935248607,0.9689655172413794,0.9964855481479904,"DST;COL14A1;COL4A1;COL6A3;COL15A1;COL12A1;COL2A1;COL4A5;COL8A1;COL24A1;TLL1;COL5A2;COL11A2;COL9A1;COL4A2;COL4A3;COL5A3;PXDN;ITGA6;COL11A1;MMP3;LAMA3;LAMC2;COL27A1;MMP13",1.3092155209451872,0.23302620716068867,,
"REACTOME_CROSSLINKING_OF_COLLAGEN_FIBRILS",18,0.18268537518717765,0.58255764035594,0.9697802197802198,0.9964855481479904,"COL4A1;COL4A5;TLL1;COL4A2;COL4A3;PXDN;COL4A6;COL1A2;COL4A4;COL1A1;TLL2;LOXL2;LOXL3;LOX;BMP1;PCOLCE;LOXL4;LOXL1",0.8560276992043526,0.8053859162119907,,
"REACTOME_ION_CHANNEL_TRANSPORT",137,-0.1658708239269885,-0.7057134304338315,0.9699248120300752,0.9964855481479904,"UBA52;ATP6V0B;ATP6V1F;ATP6V0E1;MCOLN1;ATP6V0D1;TCIRG1;ATP6V1E1;SCNN1D;TTYH3;FXYD6;ATP6AP1;ATP13A1;PDZD11;TRPV2;ATP1A2;ASIC3;UBC;TRPM4;UBB;ATP13A2;CLCN1;ATP6V0E2;TRPM2;CUTC;SRI",-0.7063787974745086,0.9890820393943335,,
"REACTOME_SYNTHESIS_OF_IP3_AND_IP4_IN_THE_CYTOSOL",24,-0.1907946344946317,-0.5945109081871153,0.9715994020926756,0.9965618404109863,"PLCD1;PLD4;ITPK1;ITPKC;PLCB3;ITPKA;INPP5J;CALM1",-0.8147800948283753,0.8220658622523498,,
"REACTOME_COLLAGEN_BIOSYNTHESIS_AND_MODIFYING_ENZYMES",61,0.15263903644450427,0.6672892853582957,0.971830985915493,0.9965618404109863,"PLOD2;COL14A1;COL4A1;COL6A3;COL15A1;COL12A1;ADAMTS3;COL21A1;COL2A1;COL4A5;COL8A1;COL24A1;TLL1;COL5A2;COL11A2;P4HA1;COL9A1;COL13A1;COL4A2;COL4A3;COL5A3",1.3713709871545132,0.17688981787787497,,
"REACTOME_ELASTIC_FIBRE_FORMATION",39,0.16347097735770927,0.6423164839243015,0.9805825242718447,1,"FBN2;ITGA8;ITGB1;MFAP3;ITGAV",1.1905569945886523,0.35411681914144966,,
"REACTOME_FORMATION_OF_FIBRIN_CLOT_CLOTTING_CASCADE",25,0.16879540865050613,0.5972821765823474,0.9822485207100592,1,"KNG1;PROS1;SERPINA5;GP1BA;A2M;F2R;SERPINE2;CD177",-0.534658783061386,1,,
"REACTOME_ATTACHMENT_AND_ENTRY",18,-0.18387579609930474,-0.5360916521185639,0.9827586206896551,1,"SDC1;GPC1;CTSL;VCP;SDC3;FURIN;AGRN",-0.6523380177998357,0.9565080015213131,,
"REACTOME_CARGO_TRAFFICKING_TO_THE_PERICILIARY_MEMBRANE",58,-0.16019761259851728,-0.5925743536347159,0.9831460674157303,1,"TUBB4B;TUBA4A;TUBA1A;PDE6D;ARL3;TUBB6;EXOC3;INPP5E;CCT3;TUBA1B;RAB11FIP3",0.7533789692720136,0.9675320533265295,,
"REACTOME_VOLTAGE_GATED_POTASSIUM_CHANNELS",23,-0.17276092227264625,-0.5300365354288147,0.9831804281345565,1,"KCNH2;KCNS1;KCNG1;KCNH4;KCNQ1;KCNB1;KCNH6;KCNF1",-0.538369204080989,0.9998753894080996,,
"REACTOME_DISEASES_ASSOCIATED_WITH_O_GLYCOSYLATION_OF_PROTEINS",57,0.1466041443452341,0.6367580767852844,0.9832775919732442,1,"NOTCH2;GALNT3;ADAMTS1;ADAMTS5;THSD4;C1GALT1;ADAMTS6;ADAMTS9;ADAMTS4;ADAMTS3",0.6907998385466008,0.9929915492957747,,
"REACTOME_SIALIC_ACID_METABOLISM",28,-0.15816779003064022,-0.5081362082880243,0.9911111111111112,1,"ST6GALNAC4;NANS;CTSA;ST6GAL2;NEU4;NEU1;GLB1;ST3GAL2;ST6GALNAC2;NPL;ST3GAL3",-0.6235568759191334,0.9815924285838326,,
"REACTOME_SENSORY_PERCEPTION",146,-0.1592010831004672,-0.6808567039161723,0.9912935323383084,1,"DHRS3;TWF2;ACTB;TPRN;KCNMB1;TRIOBP;APOE;SYP;LDB1;SCNN1D;FNTB;SDC1;STX1A;PDE6G;RAB3A;CAPZB;RDH16;OR51E2;FNTA;TRPM4;GPC1;APOM;AKR1C4;LRP10;AKR1C3;EPS8L2;AKR1C1;KCNMA1;CACNA2D2;SYN1;VAMP2;BCO1;GNB5;WHRN;CALM1;HSD17B6;CHRNA10;SCN1B;ESPNL;CNGA1;CABP1;GRK4;SDC3;RBP4;ESPN;RDH11;GNB1",-0.7266438565267668,0.9890820393943335,,
"REACTOME_ROLE_OF_PHOSPHOLIPIDS_IN_PHAGOCYTOSIS",71,0.1458763226699089,0.6618623764484249,0.9926739926739927,1,"PIK3CA;IGKV1D-16;ITPR2;PIK3CB",-0.6679537734935782,0.9890820393943335,,
"REACTOME_G_ALPHA_Z_SIGNALLING_EVENTS",39,0.13816664882521784,0.5428897380042021,0.9935275080906149,1,"PRKCA;GNAI1;PRKCQ;ADCY6;ADCY1;PRKCH;GNG12;GNG2;PRKCE;ADRA2A;GNB4;GNAI3;RGS17",-0.6248623918807306,0.989898884112081,,
"REACTOME_FORMATION_OF_THE_CORNIFIED_ENVELOPE",44,-0.15510758214330012,-0.5440840463988296,0.9942363112391931,1,"CAPNS1;KRT7;KRT10;KRT18;PKP3;KRT8;PRSS8;ST14;CAPN1",-1.041766222413224,0.5810737134909597,,
"REACTOME_CGMP_EFFECTS",15,0.16021307869555262,0.4887236237725643,0.9948453608247423,1,"ITPR1;KCNMB3;PDE11A;PDE5A;PDE10A",1.4033163839986726,0.22134387351778656,,
"REACTOME_DEVELOPMENTAL_CELL_LINEAGES_OF_THE_EXOCRINE_PANCREAS",62,0.14147396608508533,0.6198806829840007,0.996415770609319,1,"LAMC1;YAP1;ERICH5;SOX9;LAMA4;LAMB1;FGF7;SLC4A4;CEL;COL2A1;LAMA5;PNLIPRP2;COL24A1;COL5A2;COL11A2;TFPI2;COL5A3;FGF10;SHH;FN1;COL11A1;LAMA3;FGF2;LAMC2;COL27A1",1.0468498359678753,0.5650915773913143,,
"REACTOME_EPHRIN_SIGNALING",18,-0.1606970668836202,-0.46851384414793606,0.9968652037617555,1,"EPHB4;GIT1;NCK2;RAC1;EPHB2;MYL12A",0.6376514949782108,0.9815093247697887,,
"REACTOME_MITOCHONDRIAL_TRNA_AMINOACYLATION",21,-0.15368449506669968,-0.4600551842000473,0.9968895800933126,1,"FARS2;QARS1;PPA2;PARS2;SARS2;CARS2",-0.9935319183554377,0.6361384566529057,,
"REACTOME_KERATINIZATION",46,-0.15406875606832116,-0.5439778716685584,0.9971550497866287,1,"CAPNS1;KRT7;KRT10;KRT18;PKP3;KRT8;PRSS8;ST14;CAPN1",-1.008173651029906,0.6249862410566869,,
"REACTOME_PEPTIDE_HORMONE_METABOLISM",57,-0.14737248520346463,-0.5412027066201498,0.9971550497866287,1,"CTSD;CTSZ;POMC;EXOC3;STX1A;SPCS1;ACE;UCN;GZMH;ANPEP;ISL1;VAMP2;CPE;SEC11A;ACHE;GRP;GHRL;CDX2;GNB1;SEC11C;GNB3",0.7532468192009188,0.9740787704130643,,
"REACTOME_GABA_RECEPTOR_ACTIVATION",36,-0.12958160721265863,-0.43526269771028536,0.9985486211901307,1,"GNB2;GNG5",-0.7731084846211788,0.8865800865800866,,
"REACTOME_REGULATION_OF_ENDOGENOUS_RETROELEMENTS_BY_KRAB_ZFP_PROTEINS",70,-0.13522576719674376,-0.5175665965862799,0.9986301369863013,1,"H2AC20;H2AJ;H2AX;MBD3;UBE2I;CHD4;H2AC8;H3C8;TRIM28;H2AZ2;ZNF425;H2BC12;H2BC8;H4C5;H2BC4;H4C9;H2AC6;H3C10;MTA1;ZNF324;ZNF382",-0.5903202457959922,1,,
"REACTOME_ANTIGEN_ACTIVATES_B_CELL_RECEPTOR_BCR_LEADING_TO_GENERATION_OF_SECOND_MESSENGERS",76,-0.12342016514053054,-0.47698165755473876,1,1,"ORAI1;PTPN6;IGHD;IGLV3-25;IGLV3-27;IGHV1-2;CD79B;IGLC3;BLNK;IGLV3-19;IGLV1-40;IGKV3-11;IGHM;CALM1;IGLC2;IGLV2-8;IGLV3-1;CD79A;IGLV6-57;IGKV2-30;ORAI2;IGKV4-1;IGLV7-43",-0.7219571909419508,0.9634315645707167,,
"REACTOME_ANTI_INFLAMMATORY_RESPONSE_FAVOURING_LEISHMANIA_PARASITE_INFECTION",114,0.135361533238129,0.6483305765433923,1,1,"ADAM17;CREB1;IGKV1D-16;ITPR2;YES1;PRKAR2A;ITPR1;GNAI1;ITPR3;PRKAR1A;ADCY6;ADCY1;MYH9;GNG12;IGHV3-11;FYN;MAPK14;GGT1",-0.49416560673087817,1,,
"REACTOME_CELL_SURFACE_INTERACTIONS_AT_THE_VASCULAR_WALL",158,0.1423964986014065,0.7212019856493167,1,1,"PTPN11;SOS1;PIK3CA;KRAS;IGKV1D-16;PIK3CB;YES1;ITGB1;SELE;SLC7A11;NRAS;GLG1;ITGA4;PROS1;ITGAV;CEACAM5;SLC7A6;ANGPT1;TNFRSF10A;TEK;CEACAM1;SLC16A1;PIK3R1;SPN;IGHV3-11;FYN",0.7414239624644458,1,,
"REACTOME_EXTRACELLULAR_MATRIX_ORGANIZATION",274,0.12922879315214877,0.7071886220983992,1,1,"ADAM17;SNTB2;DST;KDR;LAMC1;FBN2;UTRN;ITGA8;ITGB1;CAPN7;ADAM10;ADAM9;MATN3;PLOD2;ITGA9;SH3PXD2A;HAPLN1;MFAP3;ADAMTS1;COL14A1;COL4A1;PRKCA;CAPN3;CASK;ADAMTS5;ITGA2;MMP16;ITGA4;CDH1;LAMA4;ITGA10;ITGAV;LRP4;HSPG2;LAMB1;KLK7;ADAMTS9;CAPN9;ITGA1;COL6A3;NID1;ADAMTS4;COL15A1;COL12A1;CEACAM1;ADAMTS3",1.1286588536551978,0.33123239463046844,,
"REACTOME_FCGAMMA_RECEPTOR_FCGR_DEPENDENT_PHAGOCYTOSIS",131,0.14022546836166644,0.6896422321016008,1,1,"PIK3CA;ABI2;NCKAP1;ACTR2;IGKV1D-16;ITPR2;PIK3CB;YES1;WIPF2",0.7297442360639343,1,,
"REACTOME_NCAM1_INTERACTIONS",34,0.1536634473683096,0.5832298914804999,1,1,"COL4A1;CACNB4;COL6A3;COL2A1;COL4A5;ST8SIA4;COL5A2;COL9A1;COL4A2;COL4A3;COL5A3",0.794902816025751,0.9035277315532093,,
"REACTOME_PARASITE_INFECTION",105,-0.13128229056448007,-0.536061392427222,1,1,"ARPC4;ACTB;ARPC1B;ARPC1A;BRK1;NCKIPSD;MAPK3;IGLV3-25;IGLV3-27;IGHV1-2;ARPC5;WAS;HCK;RAC1;FGR;CD247;IGLC3;IGLV3-19;ARPC3;IGLV1-40;ARPC2;IGKV3-11;IGLC2;IGLV2-8;BAIAP2;IGLV3-1",-0.5141326248297122,1,,
"REACTOME_SIGNALING_BY_GPCR",463,-0.131539603381127,-0.6260415724386753,1,1,"GNB2;CDK5;LPAR2;WNT7B;GRK6;RHOC;NPW;S1PR4;PPP2R1A;GNG5;ADRB1;PTGER1;HRAS;CCL3;PPP1CA;UCN3;PRKAR1B;CCR10;NPY1R;PLPPR2;RGS14;ARHGEF16;CCL3L3;CXCL5;PRKACA;DRD4;GRK2;WNT4;POMC;SCT;GPR35;DAGLB;DGKQ;MAPK3;RGS3;AKT2;WNT6;NMB;CCL5;ARHGEF10L;CCL4L2;GPSM3;ACKR4;GPER1;CCL4;RAMP2;RAMP1;TBXA2R;RPS6KA1;PPP1R1B;RAMP3;GPR68;DGKZ;GPBAR1;P2RY6;DRD2;GNGT2;RGS19;FFAR2;IHH;ACKR1;CCL13;GPR132;CXCL11;ABHD12;ADGRE5;PTGDR2;CXCL10;AKT1;ANXA1;PTGIR;PLCB3;UCN;GPR150;S1PR5;GNA11;RGS10;ADORA3;PPP2CA;MC1R;PIK3R6;GNAI2;S1PR2;RXFP4;GPR84;CHRM1;RASGRP2;ADM2;C5AR1;GNAS;PSAP;ARRB2;EDN2;UCN2;OBSCN;NGEF;BDKRB1;RGS11;ADORA1;ARHGEF18;P2RY11;NMU;CXCR3;NMUR1;GNB5;GNA15;FZD8;WNT10A;CALM1;C5AR2;RGS12;ARHGEF39;PLA2G4A;CXCL8;PTH1R;VIPR1;PTHLH;RGS2;GPR39;ABHD6;PF4;GRP;HRH2;FGD2;KISS1;PTGER4;RHOB;FZD9;PLXNB1;CXCR6;TIAM1;GPSM1;ACKR3",-0.7005808044216654,1,,
