"pathway","size","ES","NES","pval","padj","leading_edge","NES_no_cov","padj_no_cov","robust_no_covariate","collapsed_main"
"FAN_OVARY_CL10_PUTATIVE_EARLY_ATRESIA_GRANULOSA_CELL",265,-0.6809116574763314,-3.12812704783026,7.55207045475695e-51,5.49790729106306e-48,"NDUFA11;NDUFA2;NDUFB7;PHPT1;COPE;GADD45GIP1;POLR2I;SERF2;RPS14;RPL35;RBX1;COX6B1;UQCR11;PPP4C;UQCRQ;OST4;NDUFS8;MYL6;PIN1;CYC1;NDUFA3;ROMO1;UBL5;UQCR10;COX5B;NEDD8;LSM7;ATP5MF;PSMB3;NDUFB11;COX4I1;ANAPC11;POLR2L;AURKAIP1;HIGD2A;LSM4;COX8A;CIAO2B;AP2S1;STOML2;IFI27;MZT2B;MPST;COPS9;AP2M1;NDUFA13;SNRPD2;POLR2F;TIMM13;ELOB;NDUFB8;PPP1R14A;ATP5ME;NDUFB4;PPDPF;APRT;NDUFS5;DNPH1;NME4;TMEM258;TBCB;TMSB10;ATP5MC2;PRDX2;ACTB;PSMB7;PSMD4;DMAC1;RPS19;NDUFC1;ATP5MJ;SELENOH;PLEKHJ1;PTRHD1;MZT2A;NDUFS6;ATP5IF1;ECHS1;NDUFB2;MGST3;HINT1;COPS6;DYNLL1;PSMC3;CLIC1;ATP5PO;NDUFA4;ZNF428;TRAPPC4;PRDX5;DYNLT1;PFN1;ATP5MG;GNG5;HSBP1;PSMB6;PPP1CA;RPL3;COX5A;LY6E;NDUFAB1;COX7A2;MARCKSL1;COX7C;NME1;LCMT1;MDH2;TUBA1A;BANF1;DDAH2;ECH1;NDUFC2;ATP5F1C;ATP5MC1;NHP2;UROS;ERH;DGUOK;ATP5F1E;GSTP1;TRMT112;TPI1;SLIRP;ATP5MK;SNRPC;PSMB5;CFL1;ALDOA;VDAC3;PSMB2;NDUFA12;SKP1;DUT;H2AZ1;SPINT2;PSMA7;CAMTA1;PARK7;NDUFS4;MICOS10;SNRPN;SRP14;MDK;ATP5MC3;PRMT2;ID3;S100A16;S100A10;RANBP1;NDUFA1;SLC25A5;SLC25A6;CSTB;TNNI3;ARPC5;PHB1;MYL12B;GAPDH;SSBP1;TUBB;TMSB4X;FDXR;APEX1;SNRPG;STMN1;SMARCB1;CALM3;PDCD5;GABARAP;SDHC;TUBA1B;PEBP1;SEM1;MRPL16;SRI;PSMA3;EAPP",-2.945191887130436,2.0100907617887316e-40,TRUE,
"SU_HO_FOETAL_FEMUR_C0_TRANSITIONING_CELL",185,-0.6999386376667853,-3.0892928147851815,2.0271925399225365e-39,7.378980845318033e-37,"FAU;FIS1;RPL18A;ALKBH7;C19orf53;C12orf57;RPL36;SERF2;RPS14;RPL13;SELENOM;ATP6V1F;SF3B5;RPS15;ATRAID;RPS8;RPL8;UBL5;RPS5;SSR2;UQCR10;COX5B;LSM7;RPS16;RPL18;EDF1;RPS6;RPLP1;RPS9;CIAO2B;RPS11;NENF;SNRPD2;NDUFB10;UXT;RPS2;ATP5ME;NDUFB4;RPS28;NDUFS5;RPL7A;RPL15;TMEM258;ATP5MC2;PRDX2;TMEM14C;RPS21;SEC61B;RPS3;RPL32;ZFAS1;RACK1;EIF3K;COA3;CUTA;RPS19;RPS18;TMEM256;SNU13;RPS15A;RPLP0;RPL10;PTRHD1;RPL34;EIF3G;COX7B;RPL10A;RPS29;RPL9;RPL24;NDUFA4;PRDX5;ATP5MG;CD63;RPL38;RPS10;RPS3A;EIF3I;RPL3;NME1;RPL14;FTL;ATP5MC1;PRDX4;RPL35A;EEF1B2;SNHG8;TRMT112;EPB41L4A-AS1;RPL5;RPL41;RPL36AL;RPS12;UFC1;SKP1;KDELR1;TOMM7;TPT1;KRT10;NDUFB5;RPL30;RPS7;PARK7;RPS4X;EIF3F;RPS23;GSTM3;RPS13;ATP5MC3;NDUFA1;MT1E;PRDX1;RPS27;EEF1A1;FTH1;EIF3D;RPL17;MYL6B;UQCRH;PPIB;SNX3",-2.9803697841073578,6.574913836290678e-34,TRUE,
"RUBENSTEIN_SKELETAL_MUSCLE_T_CELLS",180,-0.6740088329055915,-2.964668011537147,9.136133950661187e-34,2.2170351720271145e-31,"FAU;RPL18A;UBA52;RPL36;RPS14;RPL35;RPL13;OST4;HCST;RPS15;RPL28;RPS8;RPL8;RPS5;RPS16;NOSIP;RPL18;RPS6;RPLP1;RPS9;RPL12;RPL29;RPLP2;UXT;RPS2;RPS28;APRT;RPL7A;RPL15;CYBA;RPS21;RPS3;RPL32;RPSA;ZFAS1;RACK1;RPL27;CUTA;RPS19;RPS18;RPS15A;RPL13A;RPLP0;RPL10;RPSA2;RPL34;HINT1;RPL10A;RPS29;RPL9;RPL27A;CD52;RPL37A;RPL24;CRIP1;EMP3;SNHG32;PFN1;ATP5MG;RPL38;SH3BGRL3;RPS10;RPS3A;ARPC1B;RPL37;LIMD2;RPL3;COX7C;RPL14;GMFG;RPL31;C1orf56;RPL35A;EEF1B2;ERP29;SNHG8;RPL5;CD7;RPL41;RPS26;LAPTM5;RPL36AL;RPS12;OCIAD2;TOMM7;UBE2D2;CORO1A;TPT1;PLP2;RPL30;RPS7;RPS4X;IL32;EIF3F;ISG20;RPS23;RPS13;FXYD5;SERP1;RPS27;LTB;EEF1A1;CD3D;EIF3D;RPL17;TMSB4X;NOP53",-2.820845218736204,1.3476277582345442e-27,TRUE,
"BUSSLINGER_DUODENAL_TRANSIT_AMPLIFYING_CELLS",191,-0.6576469672020079,-2.909405787879651,8.958320247053599e-33,1.6304142849637552e-30,"FAU;RPL18A;RPL36;RPS14;RPL35;RPL13;COX6B1;UQCRQ;SF3B5;RPS15;RPL28;CYC1;RPS8;RPL8;RPS5;UQCR10;COX5B;RPS16;ATP5MF;RPL18;RPS6;RPLP1;COX4I1;RPS9;RPL12;COX8A;CHCHD10;RPL29;CHCHD2;RPLP2;RPS11;RPS2;ATP5ME;RPS28;NDUFS5;COX6A1;RPL7A;RPL15;TMSB10;ATP5MC2;RPS3;RPL32;RACK1;EIF3K;RPL27;RPS19;ATP5MJ;RPS18;RPS15A;RPL13A;RPLP0;RPL10;RPL34;NDUFB9;ATP5IF1;HINT1;COX7B;RPL10A;RPS29;RPL9;RPL27A;CLIC1;RPL37A;RPL24;ATP5PO;PSME2;PPIA;PFN1;ATP5MG;RPL38;RPS3A;RPL37;RPL3;COX5A;MT2A;NDUFAB1;COX7A2;COX7C;RPL14;ECH1;PHB2;ATP5F1C;TUFM;ATP5MC1;RPL35A;EEF1B2;FBL;GSTP1;TPI1;RPL5;PSMA5;RPL41;RPS12;TXN;ALDOA;EEF2;H2AZ1;ATP5PD;CDC42EP5;RPS7;RPS4X;RPS23;IDH2;RPS13;ATP5MC3;NDUFA1;SLC25A5;HMGA1;PPP1R1B;SNHG29;COX6C;PRDX1;LGALS4;PHB1;EEF1A1;GAPDH;REG1A",-2.768444533844308,1.1181929704774603e-26,TRUE,
"RUBENSTEIN_SKELETAL_MUSCLE_SATELLITE_CELLS",300,-0.5784793954534011,-2.668860222138617,9.476127158142108e-32,1.3797241142254908e-29,"FAU;SMDT1;RPL18A;GADD45GIP1;UBA52;RPL36;MICOS13;RPS14;RPL35;RPL13;ATP5F1D;RPS15;RPL28;RPS8;RPL8;RPS5;RPS16;ATP5MF;RPL18;EDF1;RPS6;RPLP1;COX4I1;RPS9;HIGD2A;RPL12;CHCHD10;RPL29;CHCHD2;RPLP2;COPS9;SNRPD2;TIMM13;UXT;RPS2;RPS28;APRT;NDUFS5;RPL7A;RPL15;ATP5MC2;SGCA;RPS21;RPS3;PSMB7;COMT;RPL32;RPSA;ZFAS1;RACK1;EIF3K;S100A6;RPL27;RPS19;PPP1R14B;RPS18;CST3;DES;RPS15A;RPL13A;RPLP0;RPL10;RPL34;NDUFS6;NDUFB9;MRPL20;RPL10A;RPS29;RARRES2;JUND;RPL9;RPL37A;RPL24;ZFYVE21;ATP5PO;NDUFA4;PPIA;SNHG32;ATP5MG;HSBP1;CD63;RPL38;RPS10;APOC1;RPS3A;APOE;RPL37;RPL3;LMNA;MDH2;TUBA1A;BANF1;DDAH2;RPL14;RPL31;ATP5MC1;FUNDC2;NHP2;RPL35A;MT1X;SIRT2;EEF1B2;SNHG8;LSP1;UBXN1;EPB41L4A-AS1;RPL5;PDLIM3;RPL41;RPS26;RPS12;ALDOA;VDAC3;PDLIM4;EEF2;DUT;TOMM7;WDR74;TPT1;RPL30;RPS7;NDRG2;CEBPD;PARK7;STAC3;RPS4X;NDUFS4;EIF3F;RPS23;RPS13;ATP5MC3;MOCS2;SLC25A6;MT1E;CIRBP;RPS27;EEF1A1;CCT3;GAPDH;IMPDH2;FAM162A;EIF3D;RPL17;TUBB;HDDC2;NOP53;UQCRH",-2.4890407839496995,2.383978001500702e-24,TRUE,
"RUBENSTEIN_SKELETAL_MUSCLE_MYELOID_CELLS",341,-0.5586769985139503,-2.593367838820328,5.0610820549421725e-31,6.140779559996503e-29,"TSPO;SMDT1;BLOC1S1;UBA52;GPX1;ATP6V0B;SERF2;NICOL1;RPS14;OAZ1;LAMTOR4;ATP6V1F;OST4;HCST;RPL28;SSR2;NEDD8;PYCARD;RPS16;PGLS;NPC2;RPLP1;COX4I1;RPS9;HIGD2A;ATP6V0E1;LAMTOR2;LAMTOR1;BID;AP2S1;RPLP2;MRPL52;EIF4EBP1;NDUFB1;CD74;HLA-DMA;TIMP1;RPS2;NOP10;CEBPB;RPS28;TYROBP;RPL15;TMSB10;CYBA;ATP5MC2;VAMP8;ACTB;RPS21;PRELID1;RPL32;ZFAS1;RHOG;EIF3K;S100A6;RPL27;RPS19;ATP5MJ;CST3;SELENOH;STXBP2;CD14;RPL34;RNF130;S100A11;RPS29;JUND;CD52;ATP6V0D1;CRIP1;HLA-DRB1;LST1;HLA-DPB1;EMP3;DYNLT1;PFN1;EFHD2;RNASET2;ATP5MG;HSBP1;HLA-DRA;RPL38;CCL3;SH3BGRL3;PPP1CA;RPS3A;ARPC1B;RPL37;LIMD2;COX5A;COX7A2;COX7C;GMFG;FTL;TALDO1;TYMP;CTSZ;POLE4;ATP5F1E;SPI1;EEF1B2;GSTP1;SNHG8;LSP1;RPL41;LAPTM5;RPL36AL;CTSB;RPS12;CFL1;ALDOA;ENSA;CARD16;EIF4E2;GLIPR2;PRR13;WDR74;CORO1A;NDUFB5;PLP2;RPL30;RPS7;HLA-DPA1;CAPZB;RPS4X;OSTF1;GPSM3;EIF3F;RPS23;S100A9;RPS13;TKT;TMEM176B;CALHM6;SLC25A5;SLC25A6;CSTB;FXYD5;LY86;ITGB2;LILRA5;RAB5IF;SERP1;ARPC5;TXNDC12;EEF1A1;GAPDH;FTH1;SMCO4;RPL17;TMSB4X;UQCRH;REEP5;SNX3;UQCRFS1;HCK;GABARAP;PILRA;IGSF6;PCBP2;AIF1;CD48;BCL2A1;RGS10;C1orf162;RPL26;PPT1;SRGN;FCGR1A;RPL11;CASP1;SMAP2;STMP1;CASP4;BLOC1S2;FCER1G;C5AR1;JUNB;YBX1;FCGRT;PSAP;CD37;CITED2;ARRB2;RPL4;CREG1",-2.4651055104285517,1.0017325709978266e-25,TRUE,
"FAN_OVARY_CL13_MONOCYTE_MACROPHAGE",455,-0.5150434619944748,-2.4414929352848036,1.2765702001586752e-30,1.3276330081650221e-28,"COPE;TSPO;GPX4;BLOC1S1;UBA52;GPX1;ATP6V0B;SERF2;RNF181;DPP7;OAZ1;LAMTOR4;RBX1;BLVRB;COX6B1;UQCR11;PPP4C;CIB1;ATP6V1F;MYL6;NINJ1;HCST;CFD;ATOX1;PYCARD;ATP5MF;ELOF1;PSMB3;PGLS;NPC2;SSR4;POLR2L;AURKAIP1;HSPB1;ATP6V0E1;LAMTOR2;ARPC4;BID;CTSD;COX8A;AP2S1;CHCHD10;GSTO1;NDUFA13;BRI3;LGALS1;NDUFB1;MGAT1;CD74;HLA-DMA;TIMP1;NOP10;CEBPB;TYROBP;PET100;VMO1;CYBA;VAMP8;ACTB;LGALS9;SEC61B;RHOG;S100A6;ATP5MJ;CST3;TAGLN2;DDX39A;CD14;HES4;RNF130;ISG15;HLA-C;COX7B;PSMB9;TUBB4B;HLA-A;S100A11;CLIC1;CD52;GRINA;ATP6V0D1;SPHK1;PSME2;CRIP1;HLA-DRB1;TRAPPC1;POLR2E;LST1;HLA-DPB1;EMP3;HLA-DMB;PFN1;CYTOR;EFHD2;RNASET2;GNG5;HSBP1;HLA-DRA;CD63;CAPG;TAPBP;SH3BGRL3;PPP1CA;ARPC1B;LIMD2;GSTK1;COX5A;SYNGR2;LMNA;HLA-B;C1QA;UPP1;GMFG;PIM3;HLA-DQB1;FTL;RNH1;TALDO1;TYMP;STX4;ADRM1;CTSZ;ZFAND2A;DOK2;ATP5F1E;SPI1;LSP1;HMOX1;UBE2R2;ALOX5AP;ATP5MK;LAPTM5;CNPY3;CTSB;CFL1;TXN;SDS;G0S2;CDC37;PCBP1;VASP;FERMT3;ANXA2;CARD16;GLIPR2;GRN;PRR13;UBE2L3;CORO1A;ACAA1;HLA-DPA1;CAPZB;IL4I1;FCGR2B;OSTF1;LGALS3;GPSM3;ISG20;S100A9;EHD1;MMP9;PEA15;S100A10;CALHM6;HMGA1;MRPL18;CSTB;FXYD5;LY86;ITGB2;PRDX1;ARPC5;ANXA11;HLA-DQA1;GAPDH;FTH1;HLA-DRB5;WAS;ATF5;TMSB4X;SNX3;CLEC10A;ANXA1;GABARAP;RAB5C;NAPA;IGSF6;ALDH2;HSPE1;AIF1;FGR;BAX;CD48;BCL2A1;RGS10;VSIG4;CTSL;C1orf162;PPT1;TNIP1;TPD52L2;GNAI2;SRGN;HAVCR2;MAFB;TNFRSF1B;CASP1;ARL6IP5;RGCC;TMEM273;STMP1;CASP4;BLOC1S2;B2M;FCER1G;YBX1;MT-CO2;FCGRT;SQSTM1;PSAP;CD37;HSPA6;COX17;ARRB2;DBI;ENO1",-2.1360352001250345,2.2936720987875083e-18,TRUE,
"SU_HO_CONV_CENT_CHONDROSARCOMA_C3_CHONDROBLASTIC_OSTEOSARCOMA",411,-0.5294904998836254,-2.497932610566461,1.6730497276678563e-30,1.5224752521777492e-28,"NDUFB7;RPL18A;RFXANK;TMEM219;C19orf53;VKORC1;HCFC1R1;TMEM134;ATP6V0B;DNAJC4;TECR;C1orf122;STX10;ATRAID;PPP1R16A;BABAM1;COA8;SWI5;GET3;TRIR;YIF1A;PGLS;SSR4;HSPB1;NUDT14;LAMTOR1;SIL1;YIPF2;B4GALT7;AGTRAP;MYDGF;ZNRD2;PXMP2;ILVBL;MAN1B1;LSM2;TP53I13;HYAL2;TMED1;TWF2;CCS;NOP10;CD151;DYNLRB1;CLIC3;YJU2B;RPL15;PLEKHF1;PRDX2;TMEM14C;TMEM120A;TMEM42;CDKN2A;SEC13;GIPC1;HEXA;CBR1;SERINC2;PTRHD1;B3GAT3;CYB5R1;ELOVL1;DNASE2;SDF4;TMEM9;TRAPPC3;RPS29;STX5;SRM;ZFYVE21;ATP5PO;TSPAN4;SLC52A2;RER1;DYNLT1;SHISA5;GNG5;EMC3;UNC93B1;RRAGA;CD63;PEMT;RPS3A;TMEM179B;TMED3;ERGIC3;AGPAT2;SDF2;POP4;FARSA;POLR2G;TMEM101;S100P;MDH2;SOD1;SLC39A13;CZIB;RNH1;TOLLIP;TUFM;LRPAP1;CSRP1;TALDO1;ATP5MC1;MTCH1;PSMD13;PRDX4;USE1;ATPAF2;YIPF3;ATP6AP1;CRELD2;ERP29;POMC;PRKCSH;RPL5;PSMA5;PEX10;MICA;VWA1;TGFB1I1;PYGB;TRAF4;PIGT;PLCD1;TRPV2;PSMB2;CDC37;NDUFA12;FAM234A;DNAJB2;DHRS7B;ANXA2;OGFOD3;CHST12;B9D1;HSPB8;BCAP31;TMEM11;FKBP11;RHOD;ERG28;COLGALT1;RAB32;KRT10;MRPL37;HAPLN3;CISD2;C19orf12;C11orf24;LGALS3;ISG20;DPY30;PSMC2;ITGB1BP1;SURF4;ACTA2;SPON2;PEPD;MAGOH;VASN;P3H3;NANS;GPX7;CDKN1C;CHID1;MED19;IMPDH2;OSTC;CRTAP;PYCR1;P3H1;HDDC2;PPIB;TRIM47;IAH1;ZSWIM7;DDOST;STX8;SPINT1;PDCD5;UQCRFS1",-2.3404591332749036,4.0386356723072185e-25,TRUE,
"SU_HO_CONV_CENT_CHONDROSARCOMA_C5_CHON2",256,-0.581203403729052,-2.6544585114619563,2.3039091017186345e-28,1.8636064733901843e-26,"THAP7;CCDC107;POLR2I;C12orf57;MICOS13;SNHG25;SRA1;COX6B1;UQCR11;ATP5F1D;REX1BD;UQCRQ;MRPS12;SURF2;TRAPPC2L;RPS19BP1;FAM174C;NDUFA3;CHCHD5;RPS5;COX5B;NOSIP;MRPL54;CREB3;NDUFS7;MRPL34;EDF1;TMEM147;UBXN6;STOML2;UFD1;NDUFA6;RBM42;PSMD8;SNRPD2;DRAP1;SURF1;MAP2K2;ATP5ME;CLTA;CCDC85B;NUDT2;NR1H2;PET100;TBCB;COX14;H2AJ;PRELID1;EIF3K;PARL;CHLSN;SNU13;PITX1;NDUFA8;TIMM50;NDUFB9;TSSC4;MRPL57;EXOSC5;PSMC3;NDUFAF3;FIBP;CCDC124;TIMM44;CHMP2A;PRDX5;IMP3;PSMC4;SNHG19;MIEN1;RBCK1;ATP6V1E1;EMC4;MRPS18C;UPP1;PHB2;ADRM1;BRMS1;DNAJC1;DEDD2;PHF1;SMIM7;ORMDL2;ARPC5L;TRMT112;SGTA;UBXN1;TTC1;SLIRP;EMC7;PSMC5;CITED4;RPL36AL;SRPRB;WBP2;LENG1;RETREG2;ATP5PD;EMG1;PRR13;SLX9;SNF8;BAG1;SLC25A38;BUD23;ERCC1;KIF9;MEA1;CAMLG;SARS1;RPA3;GTF2F1;EBNA1BP2;MRPL49;C9orf78;SEPHS2;GOT1;NDUFAF2;SERP1;POLR2C;SLC25A4;SPCS1;SSBP1;SNHG12;ATF5;TOMM40;PRKAG1;NOP53;REXO4",-2.4148575565376915,2.0901296882980671e-19,TRUE,
"SU_HO_CONV_CENT_CHONDROSARCOMA_LEUKOCYTE_C4_OSTEOCLAST",460,-0.5019752218422078,-2.383555614005068,6.516114015294291e-28,4.7437310031342437e-26,"ECI1;NME3;MRPL43;ALKBH7;CENPX;BBLN;ATP6V0B;DNAJC4;PRADC1;MRPL41;UQCR11;ATP5F1D;NDUFS8;CYC1;ATOX1;TXN2;FBXW5;MCRIP2;COX5B;NAA10;HMG20B;HSD3B7;TMEM147;GRHPR;NPC2;COX4I1;HIGD2A;ATP6V0E1;URM1;COX8A;CHCHD10;MPST;MRPS34;NDUFA6;NENF;TIMM13;AKR7A2;MPG;HYAL2;STAP2;TWF2;C15orf61;ORAI3;ATP5ME;NUDT2;COMMD3;SYCE1L;NME4;CDK5;TMSB10;ATP5MC2;UQCC2;EBP;ARL2;PTGES2;MRPL12;NDUFS3;EIF3K;CUTA;MRPS2;SHFL;PPP1R14B;CST3;JAGN1;NDUFA9;HAGHL;MLST8;MRPL40;PTRHD1;CLEC11A;HSD17B8;MRPS15;DDA1;EIF3G;TPGS1;CTNNBIP1;MRPL4;ECHS1;UQCRC1;RILP;UBAC1;NDUFB2;HSPB7;IDH3G;PICK1;ETFB;COX7B;POLD2;MRPL36;MRPL57;CARHSP1;CISD3;H1-10;RPL27A;CYB5R3;ORAI1;UBTD1;SPR;SPHK1;ATP5PO;NDUFA4;ZNF581;MAP1LC3A;PPP2R1A;ATP5MG;NFKBIL1;TCIRG1;ACP5;MRPL23;SLC25A11;NSMCE1;ARPC1B;MAPKAPK5-AS1;THOP1;FAM20C;COX5A;CYSTM1;COX7A2;COX7C;MDH2;SLC39A13;TSPAN15;ATP6V1E1;MGMT;ECH1;NDUFC2;PHB2;ATP5F1C;ATP5MC1;C19orf48P;DEF8;LAT2;GUCD1;FXYD6;NDUFV1;PSTPIP1;ATP6AP1;PTTG1;RPP25;ATP5MK;VMA22;PIGT;ALDOA;RAB34;OCIAD2;TRPV2;SMIM19;FERMT3;ANXA2;BLVRA;ESRRA;CDC42EP5;POLD4;GRN;IGFBP6;CYTH4;REPIN1;NDUFB5;TOMM22;MRPL37;ACAA1;AIG1;OSCAR;PTPMT1;PARK7;MLF2;GMPR2;IDH2;ITGB1BP1;ATP5MC3;TKT;MMP9;MID1IP1;NDUFA1;PPP1R7;MOCS2;SLC25A5;TXNDC17;ZNF467;GOT1;DGKZ;MRPS33;TIMM9;PSMD3;SLC25A4;KGD4;CCT3;XKR8;RGS19;EIF3D;APEX1;HDDC2;UQCRH;HTRA3;SQOR;CALM3;SPINT1;CALHM2;UQCRFS1;SRD5A1;MLX;LILRB4;COX7A2L;CXXC5;CD33;PHETA1;DYRK4;RGS10;GBGT1;CD276;ZDHHC4",-2.2144675547149353,8.616488209144507e-22,TRUE,
"LAKE_ADULT_KIDNEY_C2_PODOCYTES",197,0.5864935463844868,3.124307722989389,8.691282295834213e-28,5.752048646697553e-26,"ARHGEF12;TANC1;SBF2;EEA1;DST;EML4;MACF1;FNDC3B;MIB1;CPEB4;NCOA1;ANKRD12;FMNL2;ROCK1;BACH1;CERS6;MSI2;SRGAP1;KIF1B;PAWR;MYO1B;TEAD1;AHNAK;SLK;CEP112;DYNC2H1;EPB41L5;UTRN;UACA;ANKRD36;ERBIN;PARD3B;PICALM;TJP1;LUC7L3;BICD1;BMPR2;CRIM1;FAT1;UNC5C;SEPTIN11;ANKRD11;HIVEP2;KCNQ1OT1;PSD3;PAN3;FTX;KLF7;CSPP1;CCDC91;RYR3;MYO1E;PALS1;SIK3;KIRREL1;ERC1;EXPH5;CLIC5;TET2;SOX6;ITGAV;CBLB;PTPN14;PARD3;ARHGAP28;PTPN13;PCNX4;VTI1A;CDC14A;NLK;MBD5;MGAT5;ZSWIM6;PTPRD;RAI14;DACH1;ADAMTS9;NES;ITGA1;DOCK5;MYH9;KIF13A;RBMS1;XIST;FRY;CDK6;RDX;DOCK4;TMEM245;FYN;PDLIM5;PODXL;ARMH4;MAGI2-AS3;TBC1D1;MAML3;SH3RF1;BCKDHB;SGIP1;NPNT;PDE7B;NEBL;THSD7A;MYO1D;PLCE1;FCHSD2;WIPF3;CPNE8;IQGAP2;FRMD3;GOLIM4",3.3068293357214764,2.0978735144440252e-32,TRUE,
"RUBENSTEIN_SKELETAL_MUSCLE_SMOOTH_MUSCLE_CELLS",436,-0.5050839966504423,-2.3877742182044863,1.2681452441302212e-27,7.693414481056676e-26,"NDUFB7;FAU;SIVA1;PHPT1;TSPO;FIS1;CCDC107;HCFC1R1;MICOS13;SELENOM;COX6B1;ATP5F1D;UQCRQ;NDUFS8;MYL6;CYC1;RPL8;UBL5;RPS5;UQCR10;COX5B;NDUFS7;NDUFB11;SOD3;RPLP1;COX4I1;AURKAIP1;HIGD2A;COX8A;CHCHD10;STOML2;COX7A1;NDUFA6;AP2M1;NDUFA13;MAF1;NDUFB10;PPP1R14A;ATP5ME;PPDPF;CD151;NDUFS5;DYNLRB1;COX6A1;RPL7A;RPL15;CRIP2;ATP5MC2;PRDX2;TMEM14C;ACTB;SNCG;COX14;EIF3K;PARL;CHLSN;ATP5MJ;ACTG2;NDUFA8;SELENOW;HES4;NDUFS6;NDUFB9;ATP5IF1;UQCRC1;MYL9;NDUFB2;CNN1;MGST3;DCTN2;COX7B;COPS6;ZYX;RPL10A;RPL9;CYB5R3;RPL37A;ZFYVE21;KCNMB1;ATP5PO;CRIP1;NDUFA4;SNHG32;DYNLT1;PDLIM7;MPC1;ATP5MG;IGFBP7;CAVIN3;MRPL23;PSMB6;RPS3A;TINAGL1;RPL3;C1orf43;COX5A;MT2A;LMNA;NDUFAB1;CYSTM1;COX7A2;MOB2;COX7C;ARPC1A;SOD1;DDAH2;RPL14;ECH1;BRK1;ATP5F1C;CSRP1;NDUFA4L2;SELENOK;CNIH4;TAGLN;PLAC9;TPM2;TPI1;RPL5;PDLIM3;SLIRP;RPL41;ATP5MK;TGFB1I1;RPL36AL;ALDOA;RBPMS2;VDAC3;SKP1;ATP5PD;LMOD1;UBE2D2;BAG1;COX4I2;TOMM22;MRPL32;PLP2;RPS7;AIG1;CAMTA1;NUPR1;PARK7;RPS4X;NDUFS4;MICOS10;FHL1;ITGB1BP1;HIKESHI;ATP5MC3;ACTA2;RANBP1;NDUFA1;MT1M;SLC25A5;MRPL18;SLC25A6;PKIG;COX6C;UBB;ISCU;MT1E;ARPC5;ISYNA1;KGD4;PHB1;MYH11;MFGE8;SPCS1;GAPDH;FTH1;FAM162A;CRTAP;PTMS;UQCRH;LMO4;PTP4A3;SNX3;IAH1",-1.9826062492906507,1.3329594106354818e-13,TRUE,
"LAKE_ADULT_KIDNEY_C17_COLLECTING_SYSTEM_PCS_STRESSED_DISSOC_SUBSET",229,0.5470341585311476,2.917827161597375,6.728101696722096e-27,3.767736950164374e-25,"ARHGEF12;NFAT5;SPAG9;RAPGEF2;MED13L;CD2AP;SPTBN1;AFF4;RANBP2;SLC38A1;HERC1;ASAP2;TOP1;ZNF292;SIK2;SSH2;BACH1;AFF1;JMJD1C;BRAF;NEK1;PAWR;VCL;MEF2A;MYO1B;AHNAK;RALGAPA1;ARIH1;EPB41L5;IL6ST;AHI1;UACA;ADGRL2;HSP90B1;KIAA1217;TJP1;MTUS1;RORA;DCDC2;GLS;EIF2AK3;KIF13B;MAP4K3;AAK1;GAB1;HIVEP2;MAGI3;STAT3;GAREM1;FNDC3A;ABLIM1;LRRFIP1;CCNL1;FNIP2;WSB1;NEAT1;COBLL1;MYO1E;ACSL4;HIF1A;SIK3;PRKCA;FHIP1A;ELOVL5;KLF6;ERC1;ANK3;HSPH1;MECOM;EGR1;SGPP1;ARID1B;ITGA2;SAMD12;NFE2L2;LIMA1;THSD4;DYRK1A;TMTC2;MACC1;NFKBIZ;ITGAV;TRPS1;FER;CCSER1;LAMB1;NLK;TRAK1;MBD5;SMARCA2;ZSWIM6;CLMN;ZNF704;RNF19A;LDLR;NEDD4L;XIST;SLC19A2;CRY1;FAM110B;IQGAP1;ARL15;PPARGC1A;EMCN;BTBD9;NAMPT",3.1637660671545804,9.206430365460209e-32,TRUE,
"RUBENSTEIN_SKELETAL_MUSCLE_B_CELLS",172,-0.6352671863549926,-2.783378976232711,4.715721455761705e-26,2.4521751569960863e-24,"FAU;SMDT1;RPL18A;UBA52;RPL36;RPS14;OAZ1;RPL13;RPS15;RPL28;RPS8;RPL8;RPS5;RPL18;RPS6;RPLP1;RPS9;RPL12;RPL29;RPLP2;CD74;HLA-DMA;RPS2;NOP10;RPS28;RPL7A;RPL15;CYBA;RPS21;RPS3;RPL32;RPSA;RACK1;RPL27;RPS19;RPS18;RPS15A;RPL13A;RPL10;RPSA2;RPL34;RPS29;RPL9;RPL27A;CD52;RPL37A;HLA-DRB1;HLA-DPB1;RNASET2;HLA-DRA;RPL38;RPS10;RPS3A;RPL37;LIMD2;RPL3;COX7C;RPL14;GMFG;HLA-DQB1;C1orf56;RPL35A;PYM1;EEF1B2;ERP29;SNHG8;ALOX5AP;RPL5;TBC1D10C;RPL41;RPS26;LAPTM5;RPS12;RAC2;CARD16;POLD4;WDR74;RPL30;RPS7;HLA-DPA1;RPS4X;OSTF1;RPS23;RPS13;CALHM6;LY86;CD79B;RPS27;LTB;EEF1A1;HLA-DQA1",-2.6281870820690516,5.06397188307351e-20,TRUE,
"TRAVAGLINI_LUNG_CAPILLARY_INTERMEDIATE_2_CELL",401,-0.4982556723275514,-2.342314581992104,9.402888692223016e-25,4.5635353119589036e-23,"NDUFA2;FAU;GUK1;GPX4;FIS1;BLOC1S1;TMEM219;UBA52;BBLN;GPX1;SERF2;RNF181;RPL35;OAZ1;RBX1;COX6B1;UQCR11;UQCRQ;OST4;MYL6;RPS19BP1;NDUFA3;ATOX1;ROMO1;UBL5;UQCR10;NEDD8;TRIR;RPLP1;COX4I1;POLR2L;NAA38;LAMTOR1;FKBP8;IFI27;RPLP2;COX7A1;RPS11;COPS9;NDUFA13;SNRPD2;POLR2F;ELOB;LGALS1;MPG;NDUFB1;CLTB;ATP5ME;NDUFB4;RPS28;VAMP5;PSME1;NDUFS5;DYNLRB1;TUSC2;PET100;TLE5;TMSB10;VAMP8;ARL2;RPS21;S100A6;RPL27;CHLSN;ATP5MJ;EGFL7;TP53TG1;S100A13;SELENOW;IFI27L2;RPL34;NDUFS6;NDUFB9;ATP5IF1;MYL9;PSMB9;CARHSP1;RPS29;RPL27A;RPL37A;TNFSF12;SZRD1;PSME2;TRAPPC1;NDUFA4;HLA-DPB1;EMP3;MMP24OS;PPIA;CHMP2A;SNHG32;PRDX5;DYNLT1;PSMA6;GNG5;HSBP1;HLA-DRA;RPL38;TADA3;SH3BGRL3;RPL37;MT2A;COX7A2;COX7C;ARPC1A;GYPC;SSU72;MRPS18C;DDAH2;GMFG;RPL31;NHERF2;HLA-DQB1;FTL;BRK1;IFITM3;SELENOK;IFITM2;UBE2L6;TAGLN;ATP5F1E;PDLIM2;MT1L;TTC1;SLIRP;RPL41;RPS26;ATP5MK;HPCAL1;RPL36AL;SUMO3;PRMT1;RPS12;ARRDC2;NDUFA12;ENSA;PAK4;C22orf39;IFI6;CARD16;TOMM7;ATP5PD;BAG1;UBE2L3;TPT1;TMEM204;RPL30;RPS7;NDRG2;ZBTB8OS;IL32;C1orf54;R3HCC1;PEA15;S100A10;C9orf78;MOCS2;MT1M;CSTB;PKIG;COX6C;ISCU;MT1E;RPS27;EEF1A1;HLA-DQA1;FTH1;SNHG6;TMSB4X;PTMS;PTP4A3;H2AZ2;WFDC1;BUD31;PLGRKT;CALM3;SERPINB6;GABARAP;ARL2BP",-1.9891831249170624,4.786871086953125e-13,TRUE,
"FAN_OVARY_CL14_MATURE_SMOOTH_MUSCLE_CELL",302,-0.5350600315315468,-2.4688429519038677,4.5162034009875164e-24,2.05487254744932e-22,"NDUFB7;NME3;PHPT1;TSPO;FIS1;ALKBH7;C12orf57;VKORC1;HCFC1R1;SERF2;DCTN3;SELENOM;COX6B1;UQCR11;ATP5F1D;UQCRQ;OST4;MYL6;PIN1;NDUFA3;ROMO1;UBL5;COX5B;RABAC1;SOD3;HSPB1;FKBP8;CTSD;COX8A;CHCHD10;COX7A1;NENF;AP2M1;NDUFA13;ELOB;LGALS1;NDUFB10;NDUFB1;PPP1R14A;ATP5ME;PPDPF;CD151;PSME1;DYNLRB1;COX6A1;CRIP2;TBCB;TMEM14C;ACTB;MCRIP1;S100A6;RAB11B;BSG;SELENOW;HES4;ISG15;MYL9;RHOC;MGST3;COPS6;DYNLL1;S100A11;CYB5R3;CRIP1;NDUFA4;EIF5A;PFN1;PDLIM7;IGFBP7;CAVIN3;ARPC1B;TINAGL1;GSTK1;MT2A;CYSTM1;COX7A2;PDLIM1;ARPC1A;TUBA1A;ECH1;RNH1;BRK1;IFITM3;CSRP1;NDUFA4L2;ATP5MC1;IFITM2;TPPP3;FXYD6;TAGLN;PLAC9;GSTP1;TPM2;SLIRP;ATP5MK;TGFB1I1;DUT;TOMM7;ATP5PD;LMOD1;PLP2;NDRG2;PARK7;IRF1;LGALS3BP;ATP5MC3;ACTA2;ID3;NDUFA1;PKIG;COX6C;UBB;RASL12;ISCU;MT1E;ARPC5;ISYNA1;CIRBP;MYH11;MFGE8;SPCS1",-2.2537322794679064,3.684812695338728e-16,TRUE,
"LAKE_ADULT_KIDNEY_C14_DISTAL_CONVOLUTED_TUBULE",185,0.5689925244740504,2.9840694563502237,8.329194223763584e-24,3.566854938176405e-22,"UBR3;SBF2;ANKRD26;USP24;ARHGAP5;DST;PTPRG;FNDC3B;CLASP1;CPEB4;NCOA1;FGD4;WNK1;MSI2;OPHN1;MTR;BRAF;TRPM7;FMN1;MEF2A;RBM25;NAV2;LRBA;RALGAPA1;DYNC2H1;TNRC6A;VPS13B;AHI1;PTPN4;ADGRL2;PARD3B;KIAA1217;VWA8;RORA;DCDC2;TNRC6B;MAP4K3;SCAPER;KANSL1;PNISR;LGR4;JPX;ABCA5;EXOC6B;ABLIM1;ITPR1;WSB1;FTX;KIAA1958;COBLL1;ACSL4;USP25;SIK3;RHOBTB3;DNAH14;MAML2;TCF12;ANK3;LRCH1;MECOM;TRIM2;RNPC3;SAMD12;NFE2L2;SOX6;KNG1;CACNB4;ZNF518A;CBLB;NHS;CCSER1;TBC1D5;FREM1;MBD5;DACH1;PDE8A;ZNF704;NEDD4L;CDKAL1;XIST;PPARGC1A;LIMCH1;TRPM6;ARB2A;BTBD9;OXR1;SNX29;MAN1A1;PLCL1;PPP2R3A;SH3RF1;HIBCH;CA12;MAPK8;AGAP1;ATXN1;ESRRG;BICC1;FRMD3;ABCA10;TACC1;NAALADL2;CGNL1;SVIL",3.1709894994915193,2.276423028985408e-26,TRUE,
"LAKE_ADULT_KIDNEY_C26_MESANGIAL_CELLS",171,0.5781669288642718,3.0239846243889508,4.046796951189935e-23,1.6367045447034847e-21,"ROCK2;NBEAL1;UBR3;SPAG9;SBF2;RAPGEF2;SPTBN1;DST;PPP1R12A;RAPH1;ASCC3;PTPRG;HERC1;TOP1;AKAP9;NCOA1;ANKRD12;ROCK1;WNK1;RAPGEF5;AHNAK;DGKH;PDS5B;IL6ST;ADGRF5;UTRN;UACA;USP53;ITGA8;NKTR;ADGRL2;TJP1;BMPR2;TMTC1;CRIM1;RORA;CDC42BPA;UNC5C;ANKRD11;EPAS1;ITPR1;PSD3;EPB41L2;FTX;PDE3A;TCF4;NEAT1;MYO1E;COL4A1;PRKCA;ETS1;MAML2;SLC38A2;LMO7;HSPH1;EGR1;PIEZO2;ARGLU1;ARID5B;TTC28;MAP3K5;DLC1;SAMD12;LPP;RASAL2;ROBO1;CBLB;TNS3;PTPRM;AKAP12;SH3D19;EPS8;PTPRD;HIPK2;RBMS3;ITGA1;MYH9;RBMS1;COL12A1;IL18R1;STARD13;DOCK4;EMCN;FRMD4A;NR4A1;ZEB2;PLCL1;NBEA;TBC1D1;DOCK8;MAML3;SEPTIN7;PDE7B;SYNE1;MYO1D;FCHSD2;ZBTB16",3.3409561932618366,9.474979865423449e-29,TRUE,
"BUSSLINGER_DUODENAL_DIFFERENTIATING_STEM_CELLS",302,-0.5245379988722796,-2.42029279932346,1.5681525320550739e-22,6.008500228084704e-21,"FAU;RPL18A;RPL36;SERF2;RPS14;RPL35;RPL13;UQCRQ;SF3B5;RPS15;RPL28;CYC1;RPS8;RPL8;RPS5;COX5B;RPS16;ATP5MF;RPL18;RPS6;RPLP1;COX4I1;RPS9;LSM4;RPL12;COX8A;RPL29;CHCHD2;RPLP2;RPS11;CLDN3;RPS2;RPS28;NDUFS5;COX6A1;RPL7A;RPL15;TMSB10;ATP5MC2;RPS3;RPL32;ZFAS1;RACK1;EIF3K;RPL27;RPS19;RPS18;RPS15A;RPL13A;RPLP0;RPL10;RPL34;NDUFB9;ATP5IF1;HINT1;COX7B;SNRPB;RPL10A;RPS29;RPL9;RPL27A;CLIC1;RPL37A;RPL24;ATP5PO;NDUFA4;PPIA;GPX2;PFN1;RPL38;RPS3A;RPL37;RPL3;COX5A;MT2A;NDUFAB1;COX7A2;GAS5;PDLIM1;COX7C;MDH2;SOD1;BANF1;RPL14;RPL31;ECH1;MT1F;PHB2;TUFM;HADH;ATP5MC1;RPL35A;MT1X;EEF1B2;FBL;GSTP1;SNHG8;RPL5;SLIRP;RPL41;AHCY;CKS2;RPS12;LAD1;TXN;EEF2;ANXA2;DUT;H2AZ1;ATP5PD;CDC42EP5;PLP2;RPL30;RPS7;RPS4X;RPS23;IDH2;RPS13;ATP5MC3;TKT;SLC25A5;HMGA1;MCM7;PPP1R1B;SNHG29;COX6C;MT1E;RPS27;LGALS4;EEF1A1;GAPDH;REG1A;TRIM28;IMPDH2;SNHG6;RPL17;TUBB;TOMM40;APEX1;STMN1;MT1G;KRT18;PCNA;UQCRFS1;TUBA1B;ALDH2;HSPE1;SPINK1;KRT8;EMP2;RPS20;RPL26;RPL11;SNRPF;PTMA;TMA7;SUCLG1",-2.252953402849487,3.7281793450011505e-16,TRUE,
"LAKE_ADULT_KIDNEY_C20_COLLECTING_DUCT_INTERCALATED_CELLS_TYPE_A_CORTEX",141,0.6084057970434169,3.084254508807545,3.3025044700058736e-22,1.202111627082138e-20,"UBR3;SBF2;RAPGEF2;DSP;CLIP1;KIF21A;CAB39;BDP1;CPEB4;AKAP9;NCOA1;FGD4;MSI2;ABCC4;MTR;BRAF;DLG1;RBM25;MOB1B;RALGAPA1;ITPR2;ADGRF5;KIAA1217;PICALM;LUC7L3;NCOA2;TBC1D4;FNBP1L;MAGI1;RALGPS2;MAP4K3;SCAPER;PNISR;LGR4;MAGI3;ABCA5;FNDC3A;ITPR1;PSD3;WWP1;MBNL1;TBC1D14;RNF152;COBLL1;PRKCA;TRIM2;KANSL1L;ITGAV;FER;NRDC;PDE1C;GNAQ;FREM1;STK3;PCNX4;ZSWIM6;EPS8;RUFY3;HIPK2;SETBP1;ZBTB20;SLIT2;FOXO1;PTPRJ;NEDD4L;XIST;ARL15;PPARGC1A;LIMCH1;ARHGAP18;BTBD9;TFCP2L1;OXR1;PLCL1;TBC1D1;DOCK8;PDE4D;ATP6V1C2;CA12;MAPK8;THSD7A;MYO1D;ATXN1;ESRRG;SEMA3C;ARHGEF28;TMEM117;GLCCI1;CGNL1;RCAN2;PRKCE;KIAA1328",3.2750113900599636,3.528089972512004e-25,TRUE,
"LAKE_ADULT_KIDNEY_C22_ENDOTHELIAL_CELLS_GLOMERULAR_CAPILLARIES",135,0.6081365142722535,3.074262971061143,8.410098748872587e-22,2.915500899609163e-20,"ARHGEF12;PIK3C2A;SBF2;MED13L;SPTBN1;HECW2;MACF1;PTPRG;HERC1;FLT1;NCOA1;FMNL2;PEAK1;RAPGEF4;ANKS1A;JMJD1C;ASAP1;MEF2A;SASH1;CEP112;FKBP5;PREX2;IL6ST;ADGRF5;UTRN;UACA;ITGA8;NKTR;ADGRL2;KIAA1217;TJP1;BMPR2;TMTC1;PPFIBP1;EPAS1;PIAS1;EXOC6B;MBNL1;PAN3;TCF4;MYO1E;COL4A1;PRKCA;HSPH1;CDH13;LRCH1;PTPRB;ARGLU1;TTC28;LIFR;DYRK1A;RASAL2;ZEB1;GNAQ;PTPRM;AKAP12;TEK;ZSWIM6;HIPK2;PDE8A;EPB41L4A;RBMS3;ITGA1;RBMS1;ARL15;STARD13;SEC14L1;DOCK4;TGFBR2;LIMCH1;EMCN;APP;MAML3;LDB2;SORBS2;HIBCH;SYNE1;FCHSD2;ZBTB16;TACC1;SVIL;CALD1;PIP4K2A;PRKCE;RFX3",3.416699171448413,9.474979865423449e-29,TRUE,
"AIZARANI_LIVER_C20_LSECS_3",286,0.45974610786251247,2.503306991826078,1.4665902392989868e-20,4.746751053466007e-19,"ROCK2;TANC1;SPAG9;EEA1;AFF4;MACF1;AHCTF1;CDK17;KDR;CHD7;GOLGA4;HERC1;FNDC3B;BDP1;FLT1;CAMSAP2;TOP1;PEAK1;LUZP1;WDR43;JMJD1C;SSH1;SRGAP1;ASAP1;SLC4A7;GOLGB1;RBBP6;VCL;RAPGEF5;DDX21;RBM25;MAST4;SASH1;PREX2;IL6ST;NCL;YES1;ADGRF5;RPGR;UACA;B4GALT5;ZNF160;KCTD20;TCERG1;BMPR2;CRIM1;SNRK;SHROOM4;ADAM9;PPFIBP1;ANKRD11;EPAS1;PCDH17;NRIP1;NAV1;CCDC50;ITGA9;FLNB;BAZ1A;MTCL2;WSB1;KLF7;PLEKHG1;CD93;TCF4;ADAMTS1;PRKD3;HIF1A;COL4A1;APOLD1;OIT3;TAL1;CUL4B;SLC7A1;PIEZO2;PTPRB;ARGLU1;MAP1B;DLC1;LIFR;LIMA1;SPRY4;SLC20A1;NXPE3;NR5A2;CEP170;STC1;ZEB1;DAB2;DAAM1;USP13;DYNC2I1;EIF5B;MYCT1;DUSP6;UGCG;ERG;CHSY1;DUSP5;EMP1;BHLHE40;AKAP12;OSMR;RAI14;SDCBP;HIPK2;FOSL2;ADAMTS9;STAB2;ARHGEF7;RELN;PPP1R15A;NID1;ADAMTS4;RBMS1;GPRC5A;RDX;ADGRL4;SGK1;SEC14L1;LIMCH1;RBM17;NAMPT;CDC42BPB;TCIM;NOLC1;IL1R1;ZEB2;PVR;PLCB1;SLC2A3;APP;IL1RL1",2.5542079275161695,3.874590956361838e-21,TRUE,
"RUBENSTEIN_SKELETAL_MUSCLE_NK_CELLS",220,-0.5547128600719143,-2.4979312452772566,1.4996603602983264e-20,4.746751053466007e-19,"COPE;SERF2;PAXX;CIB1;OST4;HCST;RPL28;UBL5;SSR2;NDUFB11;RPLP1;ATP6V0E1;CTSD;COX8A;DRAP1;RPS2;TYROBP;PSME1;TPST2;CLIC3;RPL15;TLE5;CYBA;ATP5MC2;VAMP8;ACTB;RPS3;PRELID1;RPSA;RPL27;CUTA;RPS19;RPS15A;EIF3G;NDUFB2;PSMB9;SNRPB;RPS29;CLIC1;CD52;PSME2;TRAPPC1;EMP3;PFN1;ATP5MG;GZMM;CCL3;SH3BGRL3;PPP1CA;RPS3A;ARPC1B;LIMD2;RPL14;GMFG;C1orf56;IFITM2;DOK2;ATP5F1E;ARPC5L;GNLY;PLAAT4;ALOX5AP;TBC1D10C;CD7;RPL41;RPS26;LAPTM5;RPL36AL;CFL1;CTSW;RAC2;UFC1;NDUFA12;HOPX;PSMA7;SELENOT;UBE2D2;PRR13;PRF1;NKG7;CORO1A;CST7;CCL5;GZMA;CAPZB;PARK7;OSTF1;GPSM3;CCL4;CMC1;SPON2;DHRS7;ITGB2;UBB;ARPC5;RPS27;OSTC;TUBB;TMSB4X;SNRPG;ANXA1;CD48;CD247;GZMH;C1orf162;DDIT4;SRGN;PTMA;TMA7;RPS27A;CASP4;B2M;FCER1G;MYOM2;JUNB;AKR1C3",-2.1977643943855716,5.533285526695363e-12,TRUE,
"FAN_EMBRYONIC_CTX_BIG_GROUPS_CAJAL_RETZIUS",412,-0.47209320074033995,-2.2263275315480633,1.690572846695778e-20,5.128070968310527e-19,"NDUFA11;NDUFB7;GUK1;TSPO;SMIM29;ATP6V0B;MRPL41;UQCR11;C1orf122;DUSP23;NDUFS8;PIN1;RHBDD2;UQCR10;COX5B;COX4I1;POLR2L;NAA38;LSM4;COX8A;COX7A1;INAFM1;NDUFA13;LGALS1;NDUFB8;ATP5ME;ANTKMT;F12;VEGFB;COX6A1;PRDX2;ACYP2;EBP;COX14;TSTD1;ISOC2;ROGDI;PLD3;HAGH;SNRNP25;NDUFA9;TAGLN2;PRAF2;NDUFB6;C1orf53;NDUFA8;SELENOW;PLPP2;NDUFB9;ATP5IF1;IZUMO4;MGST3;HINT1;COX7B;TUBB4B;HLA-A;CYB5R3;MAP1LC3A;DEGS2;PRDX5;PPP2R1A;NOL3;TP73;TPRG1L;AGPAT2;SYP;COX5A;LY6E;NDUFAB1;CYSTM1;MARCKSL1;COX7C;PRKAG2-AS1;SOD1;ATP6V1E1;TUBA4A;WRAP73;THAP4;ATP5F1C;TOLLIP;RTL8C;ATP5MC1;UROS;MECR;ATP6AP1;ATP5F1E;GSTP1;SDSL;WNT4;PIDD1;TPI1;G6PC3;CYB561;ATP5MK;HPCAL1;PYGB;GCHFR;TXN;ALDOA;NDUFA12;SLC2A6;REEP2;HSPB8;ATP5PD;SPINT2;FKBP2;BCAP31;PSMA7;ARHGDIG;EFNA3;STX1A;NCS1;RAB3A;NUPR1;ACOT7;FNDC5;GPR153;MICOS10;TM7SF2;ATP5MC3;GPI;S100A16;NDUFA1;GAS6;TXNL4A;SLC25A5;PCBP3;GOT1;COX6C;CMC2;SLC25A4;ACKR1;FAM162A;COPS7A;ATF5;ATP13A2;GARIN5A;STK32C;SLC41A3;ATP6V0E2;TCTA;FANK1;CALM3;LINC01133;SCG5;NCDN;ARHGAP22;CRACR2B;KIAA0930;VAT1;CXXC5;B4GAT1;DEFB1;BCAR3;SPRYD3;PGF;PCOLCE2;KLC1;CAPN1;AIM2;CDIP1;CYB5A;MMP15;CYGB;LYNX1;MRAP2;TSPAN33;NIPSNAP3A;KLHL13;TMEM59L;ZNF503-AS2;ADM2;NQO1;PFKP;SEZ6L2;PHLDA3;PCSK1N;TMEM163;PTPRU",-2.1065395262579205,2.2429668153266964e-16,TRUE,
"LAKE_ADULT_KIDNEY_C4_PROXIMAL_TUBULE_EPITHELIAL_CELLS_S2",161,0.5604096689113279,2.8896303509112475,5.3311193573912814e-20,1.5524219568723412e-18,"SBF2;RAPGEF2;ANKRD26;ITSN1;PTPRG;BDP1;FMNL2;PLEKHA5;SSH2;EIF4G3;PATJ;DLG1;MEF2A;DGKH;MAST4;SASH1;FKBP5;WDFY3;PARD3B;KIAA1217;ANKIB1;PICALM;AKAP13;VWA8;CRIM1;RORA;DCDC2;GLS;TRIO;ZBTB38;PPFIBP1;KANSL1;ABLIM1;STOX2;FTX;VPS13A;NEAT1;COL4A1;DNAH14;MAML2;TCF12;KLF6;ANK3;ERRFI1;ARGLU1;TTC28;LPP;KANSL1L;SOX6;RASAL2;MACC1;ITGAV;NHS;RNF213;PARD3;DYNC2I1;GNAQ;SYNE2;PTPRM;AKAP12;MBD5;EPS8;PTPRD;PDE8A;EPB41L4A;RBMS3;ZBTB20;PTPRK;CDH6;PPP1R9A;CDKAL1;TNIK;NCKAP5;PDE7A;PDLIM5;CLIC4;OXR1;SAMD4A;PLCL1;NBEA;CREB5;PDE4D;SORBS2;PTK2;FARP1;CNKSR3;AGAP1;ZBTB16;BICC1;BNC2",3.2574460007162953,2.0141208939746248e-26,TRUE,
"LAKE_ADULT_KIDNEY_C12_THICK_ASCENDING_LIMB",357,-0.4873404495081051,-2.270794982835132,6.543860056960019e-20,1.8322808159488052e-18,"FAU;GUK1;GPX4;UBA52;ATP6V0B;SERF2;RPS14;RPL35;RPL13;COX6B1;UQCRQ;MYL6;RPS15;CYC1;RPS8;RPL8;RPS5;UQCR10;COX5B;RPS16;RPL18;EDF1;RPS6;NPC2;RPLP1;COX4I1;SSR4;RPS9;RPL12;CHCHD10;CHCHD2;RPLP2;RPS11;NDUFB10;ATP5ME;RPS28;RPL7A;RPL15;CRIP2;TMSB10;ATP5MC2;RPS21;RPS3;RPL32;RPSA;RACK1;EIF3K;S100A6;RPL27;COA3;CUTA;RPS19;RPS18;CST3;SDHA;RPL13A;RPLP0;RPL10;SELENOW;CBR1;RPL34;NDUFS6;NDUFB9;ATP5IF1;UQCRC1;NDUFB2;MGST3;COX7B;HLA-A;RPL10A;RPS29;RARRES2;RPL9;RPL27A;RPL37A;RPL24;NDUFA4;PPIA;PRDX5;MPC1;ATP5MG;HSBP1;CD63;RPS3A;RPL37;RPL3;COX5A;COX7A2;COX7C;SOD1;RPL14;RPL31;ATP5F1C;TUFM;ATP5MC1;RPL35A;NDUFV1;SDC1;ATP5F1E;TPI1;RPL5;RPL41;CD81;RPS12;ALDOA;PFKL;EEF2;ATP5PD;FKBP2;BAG1;TPT1;RPL30;RPS7;RPS4X;RPS23;SRP14;GSTM3;IDH2;RPS13;ATP5MC3;KIF12;S100A10;NDUFA1;GAS6;LLGL2;SLC25A5;SNHG29;GOT1;COX6C;UBB;SLC25A4;CIRBP;ANXA11;RPS27;EEF1A1;GAPDH;FTH1;IMPA2",-2.063140640694959,4.936964229033396e-14,TRUE,
"LAKE_ADULT_KIDNEY_C15_CONNECTING_TUBULE",150,0.5636073285435306,2.8927738386765256,1.2271753447496335e-19,3.3088283369545673e-18,"NFAT5;SBF2;MED13L;CD2AP;FNDC3B;LCOR;KMT2C;SSH2;WNK1;EIF4G3;BRAF;DLG1;YAP1;MEF2A;MYO1B;LRBA;RALGAPA1;DYNC2H1;AHI1;ADGRL2;KITLG;RORA;DCDC2;GLS;ADAM10;MAP4K3;SCAPER;PPFIBP1;AAK1;LGR4;JPX;GAREM1;FNDC3A;EXOC6B;ITPR1;WSB1;KIAA1958;COBLL1;USP25;SIK3;RHOBTB3;SPIRE1;PRKCA;MAML2;TCF12;ANK3;MECOM;RNPC3;ARID5B;ITGA2;NFE2L2;KANSL1L;TMTC2;RASAL2;ITGAV;FER;CCSER1;GBE1;GNAQ;PTPN13;LAMB1;TRHDE;NLK;DACH1;ADAMTS9;SETBP1;ZNF704;SLIT2;PPP1R9A;XIST;CDK6;ARL15;STARD13;PPARGC1A;LIMCH1;ARB2A;BTBD9;MAN1A1;GRIP1;SH3RF1;SLC16A7;PDE4D;CA12;NEBL;MAPK8;ATXN1;ESRRG;BICC1",3.190935214371448,1.742016002047906e-23,TRUE,
"MENON_FETAL_KIDNEY_7_LOOPOF_HENLE_CELLS_DISTAL",258,-0.5269787761910981,-2.410190579419088,1.6505506886066747e-19,4.291431790377354e-18,"NDUFA2;ECI1;NDUFB7;SMDT1;ATP6V0B;MICOS13;SERF2;MRPL41;COX6B1;UQCR11;ATP5F1D;UQCRQ;NDUFS8;CYC1;NDUFA3;ATRAID;UQCR10;COX5B;NDUFS7;NPC2;COX4I1;POLR2L;AURKAIP1;HIGD2A;ATP6V0E1;COX8A;CHCHD10;LAMTOR5;NDUFA6;NDUFB8;NDUFB1;ATP5ME;NDUFB4;COX6A1;VAMP8;TSTD1;DMAC1;NDUFS3;EIF3K;S100A6;COA3;FTLP3;NDUFC1;ATP5MJ;NDUFB6;NDUFA8;NDUFS6;NDUFB9;UQCRC1;NDUFB2;MGST3;ETFB;COX7B;ATP5PO;UQCRHL;NDUFA4;CHMP2A;PRDX5;MPC1;ATP5MG;GNG5;HSBP1;GABARAPL2;IGFBP7;CD63;APOE;SPP1;GSTK1;COX5A;CYSTM1;COX7A2;COX7C;NDUFC2;FTL;ATP5F1C;RTL8C;ATP5MC1;NDUFV1;ATP6AP1;ATP5F1E;RNF7;TPI1;SLIRP;ATP5MK;CRYL1;ALDOA;TOMM7;ATP5PD;SPINT2;FKBP2;UCHL1;KRT10;NDUFB5;MICOS10;GSTM3;IDH2;ATP5MC3;GPI;NDUFA1;SLC25A5;SLC25A6;GOT1;COX6C;ISCU;SLC25A4;ANXA11;PHB1;MT-RNR1;FAM162A",-2.2305735232906105,3.477829171399677e-14,TRUE,
"LAKE_ADULT_KIDNEY_C11_THIN_ASCENDING_LIMB",163,0.55110675718434,2.8679611019626976,1.7611294014634711e-19,4.421042083673817e-18,"NFAT5;MYO9A;MED13L;MKLN1;ASCC3;PTPRG;BRWD1;FAM135A;NCOA1;NIPBL;AFF1;EIF4G3;MSI2;VPS13C;SLC4A7;YAP1;GCC2;MAST4;SASH1;LRBA;ITPR2;VPS13B;AHI1;USP53;ERBIN;RALGAPA2;NCOA2;MAGI1;MTUS1;ADAM10;KIF13B;CDC42BPA;TRIO;PLOD2;HIVEP2;PLEKHA7;MAGI3;ZMYND8;LRRFIP1;FNIP2;NEAT1;KIAA1958;ADAMTS1;MYO1E;HIF1A;DDX5;SIK3;DNAH14;BRD10;MECOM;TRIM2;ERRFI1;ITGA2;SAMD12;LPP;TMTC2;UGGT2;TRPS1;ZEB1;GOLM1;PIBF1;TBC1D5;PHF21A;LAMB1;STK3;TNS3;PCSK6;ZSWIM6;RUFY3;ADAMTS9;ATP1A1;CDH16;ETV6;RBMS1;PLEKHA1;TCIM;PLCB1;TBCK;SAMD4A;FCHO2;PPP2R3A;SLC16A7;SGIP1;PTK2;PDE7B;DOCK1;SOD2;BICC1;ARHGEF28;SPIDR;SVIL;CPM;PRKCE;RFX3;TANC2;UBE2H;ALDH1A2;PFKFB3;RASSF8",3.1196149653414897,7.318900561914552e-25,TRUE,
"FAN_OVARY_CL18_B_LYMPHOCYTE",416,-0.4573530424276288,-2.155992681935274,2.7637070517264607e-18,6.706595778856211e-17,"FAU;SIVA1;GUK1;COPE;PSMB4;UBA52;GPX1;ATP6V0B;RBX1;PAXX;UQCR11;NINJ1;HCST;RPL28;ELOF1;PSMB3;NPC2;COX4I1;SSR4;ATP6V0E1;ARPC4;BID;CHCHD10;CHCHD2;RPLP2;LAGE3;RPS11;CCDC12;RBM42;PSENEN;CD74;HLA-DMA;NOP10;RPS28;PTGDS;TYROBP;APRT;CLIC3;COX6A1;CYBA;VAMP8;SEC61B;SEC13;RHOG;RPL27;PPP1R14B;CST3;TAGLN2;DDX39A;HES4;RNF130;HLA-C;JTB;HINT1;TUBB4B;HLA-A;RPS29;ATP6V0D1;CRIP1;HLA-DRB1;HLA-DPB1;EMP3;RELB;HLA-DMB;EIF5A;PFN1;EIF6;RNASET2;GNG5;EMC3;HLA-DRA;GABARAPL2;CAPG;TAPBP;SH3BGRL3;PPP1CA;RPS10;ARPC1B;RPL37;LIMD2;COX5A;SYNGR2;IRF7;HLA-B;TUBA4A;NFKB2;PIM3;HLA-DQB1;FTL;TALDO1;TYMP;ADRM1;CTSZ;ATP5F1E;DEDD2;EEF1B2;ERP29;LSP1;ARPC5L;TCF25;ALOX5AP;SCT;PSMA5;TUBB6;RPS26;LAPTM5;CNPY3;CTSB;TRAF4;RPS12;TXN;POLB;VDAC3;SAR1B;CDC37;ENSA;FERMT3;CD2BP2;FKBP2;SELENOT;GRN;PRR13;SNF8;UBE2L3;REPIN1;CORO1A;TPT1;PLP2;HLA-DPA1;PARK7;IL4I1;CDK2AP2;GPSM3;ISG20;PLD4;PSMC2;POLE3;SPON2;DHRS7;TXNL4A;MRPL18;FXYD5;CYB561A3;SERP1;P2RY6;ISCU;PRDX1;ANXA11;LTB;HLA-DQA1;SPCS1;FTH1;LSM1;HLA-DRB5;SELENOS;ATF5;MYBL2;DERL3;SNRPG;CMTM7;SH3TC1",-1.90645760558404,1.3762906692182541e-10,TRUE,
"FAN_OVARY_CL4_T_LYMPHOCYTE_NK_CELL_1",245,-0.5251371321541507,-2.392019229547741,4.6111951622751015e-18,1.0828871219794432e-16,"GUK1;UBA52;OAZ1;PPP4C;CIB1;MYL6;HCST;RPL28;RABAC1;TRIR;SSR4;POLR2L;AURKAIP1;ATP6V0E1;CHCHD2;NDUFA6;NDUFB8;NOP10;PSME1;COX6A1;CYBA;S100A6;SNU13;TAGLN2;ISG15;HLA-C;JTB;HINT1;PSMB9;SNRPB;DYNLL1;TUBB4B;HLA-A;S100A11;RPS29;CLIC1;CD52;S1PR4;PSME2;CRIP1;HLA-DRB1;HLA-DPB1;EMP3;EIF5A;PFN1;GZMM;SH3BGRL3;PPP1CA;ARPC1B;LIMD2;HLA-E;HLA-B;SOD1;TUBA4A;TUBA1A;HLA-DQB1;ADRM1;IFITM2;JPT1;DOK2;ATP5F1E;LSP1;TCF25;GNLY;PLAAT4;ALOX5AP;CD7;RPS26;LAPTM5;CFL1;CTSW;CDC37;ENSA;CHST12;HOPX;PSMA7;SELENOT;PRR13;PRF1;NKG7;CORO1A;CST7;CCL5;PLP2;GZMA;IL32;ISG20;IRF1;CCL4;APOBEC3G;SURF4;UBC;S100A10;C9orf78;FXYD5;ITGB2;RAB5IF;UBB;ISCU;ANXA11;CD3D;GAPDH;FTH1;TMSB4X;FAM177A1;H2AZ2;ADGRE5;OASL;ANXA1;TAP1;RAB5C;TUBA1B;SH2D2A;TGFB1;TRBC1;CD247;GZMH;TRBC2;DDIT4;SRGN;PTMA;TMA7;TNFRSF1B;ARL6IP5;RGCC;ARID5A;TRAC;IFITM1;B2M;YPEL5;BUB3",-2.129034794179201,2.567130552071257e-11,TRUE,
"BUSSLINGER_GASTRIC_PPP1R1B_POSITIVE_CELLS",118,-0.633462816993781,-2.655031712736533,8.51572525880257e-18,1.9373274963775847e-16,"RPL18A;RPL36;RPS14;RPL35;RPL13;RPS15;RPL28;RPS8;RPL8;RPS5;RPS16;RPL18;RPS6;RPS9;RPL12;RPL29;RPLP2;RPS2;RPS28;RPL7A;RPL15;RPS21;RPS3;RPL32;RACK1;RPL27;RPS19;RPS18;RPS15A;RPL13A;RPLP0;RPL34;RPL10A;RPS29;RPL9;RPL27A;RPL37A;PPIA;GPX2;RPS10;RPS3A;RPL37;RPL3;MARCKSL1;RPL14;RPL31;RPL35A;EEF1B2;GSTP1;RPL5;RPL41;RPS12;EEF2;SPINT2;RPL30;RPS4X;LGALS3;RPS23;RPS13;PPP1R1B;SNHG29;RPS27;EEF1A1;IMPDH2;IMPA2;RPL17",-2.631998921074603,6.651043365022941e-17,TRUE,
"HAY_BONE_MARROW_NK_CELLS",336,-0.4728204031997812,-2.193381242686257,2.882962276789851e-17,6.359989507584885e-16,"NDUFB7;CCDC107;CIB1;HCST;RPS19BP1;ABHD17A;ARPC4;COMMD5;SIGIRR;DHRS3;CCDC12;SIPA1;HMOX2;MIB2;PSME1;TPST2;CLIC3;TBCB;PLEKHF1;EBP;PSMB10;DHRS1;SHFL;TNFRSF18;RNF126;HEXA;SELENOW;CD320;PRR5;EIF3G;SDF4;HLA-C;HLA-F;NDUFB2;PSMB9;BOK;HLA-A;CISD3;CLIC1;TRAPPC1;PRDX5;PFN1;EFHD2;SHISA5;FBXO6;RBM38;CYB561D2;RNF166;GZMM;TAPBP;TADA3;CCL3;MIEN1;MED10;ZAP70;HLA-E;ASCL2;POLR2G;MOB2;MVD;TSC22D4;ERBB2;CD300A;C1orf56;TBCC;CTDSP1;YPEL3;IFITM2;UBE2L6;SIRT2;DOK2;CD244;ADAM8;ARPC5L;TCF25;GNLY;PLAAT4;TBC1D10C;SSBP4;CD7;LAIR2;RASSF1;GCHFR;CFL1;CTSW;RAC2;CHST12;TSEN54;HOPX;COMMD7;SELENOT;PRF1;NKG7;LINC00869;CORO1A;PDE6G;CST7;GZMA;LGALS9C;OSTF1;CDK2AP2;IRF1;CCL4;APOBEC3G;RAMP1;CMC1;TMIGD2;SYTL1;SPON2;DHRS7;LLGL2;RPS6KA1;ITGB2;DGKZ;CIRBP;TSPAN2;MYL12B;GNGT2;TTC38;ARHGAP9;RNF167;HDDC2;HSH2D;TINF2;ADGRE5;STX8;CERCAM;TAP1;RAB5C;SH2D2A;KLHDC4;FEZ1;S1PR5;CD247;MRPL10;PDZD4;SIGLEC7;MYO1F;DDIT4",-2.094599899008187,7.18367154455774e-14,TRUE,
"BUSSLINGER_GASTRIC_LYZ_POSITIVE_CELLS",102,-0.6521744773406091,-2.6709780119574345,3.6603746731379444e-17,7.837508123660069e-16,"RPL18A;RPL36;RPS14;RPL35;RPL13;RPS15;RPL28;RPS8;RPS5;RPL18;RPS6;RPS9;RPL12;RPL29;RPS2;RPS28;RPL13AP3;RPL7A;RPL15;RPS21;RPS3;RPL32;RACK1;RPS18;CST3;RPS15A;RPLP0;RPL10;RPL34;RPL10A;RPL9;RPL37A;RPS10;RPS3A;RPL37;RPL3;RPL14;RPL31;RPL35A;EEF1B2;RPL5;RPL41;CD81;PKDCC;RPS12;EEF2;TPT1;RPL30;RPS7;RPS4X;RPS23;RPS13;PPP1R1B;RPS27;EEF1A1;REG1A;RPL17;SLPI;NOP53;ANKRD22",-2.550607176283443,9.88765905073826e-14,TRUE,
"LAKE_ADULT_KIDNEY_C27_VASCULAR_SMOOTH_MUSCLE_CELLS_AND_PERICYTES",149,0.5398079615275397,2.781484848016853,7.61578420863832e-17,1.5840831153967705e-15,"ROCK2;NBEAL1;UBR3;RAPGEF2;MED13L;DST;PPP1R12A;PTPRG;ROCK1;ZFHX3;PAWR;VCL;DGKH;ARIH1;UTRN;ANKRD36;TJP1;AKAP13;BMPR2;TMTC1;CRIM1;CDC42BPA;SOX5;EPAS1;MBNL1;PAN3;WSB1;FTX;PDE3A;NEAT1;COL4A1;SIK3;HSPH1;CDH13;LRCH1;EGR1;ARID1B;ARID5B;TTC28;MAP3K5;DLC1;LPP;THSD4;DYRK1A;RASAL2;CBLB;ZEB1;NHS;FER;AKAP12;EPS8;CLMN;ZNF704;ARHGEF7;RBMS3;ITGA1;HIP1;MYH9;KIF13A;FRY;DOCK4;PDLIM5;AFF3;ADGRL3;NR4A1",3.104517114488355,8.616488209144507e-22,TRUE,
"LAKE_ADULT_KIDNEY_C3_PROXIMAL_TUBULE_EPITHELIAL_CELLS_S1_S2",188,0.4954224244378589,2.6053653405511543,9.006996834433021e-17,1.8214149154075662e-15,"SPAG9;ANKRD26;ZC3H13;ASH1L;THOC2;CHD9;PTPRG;GOLGA4;SREK1;FGD4;SIK2;PRRC2C;PLEKHA5;MYO6;EHBP1;PATJ;GOLGB1;TEAD1;RBM25;MAST4;SRSF11;TNRC6A;FKBP5;AFDN;WDFY3;ANKIB1;LUC7L3;AKAP13;VWA8;RORA;TNRC6B;SCAPER;ZBTB38;PPFIBP1;ANKRD11;PNISR;PLEKHA7;ABLIM1;KCNQ1OT1;CWF19L2;OGA;FTX;CSPP1;VPS13A;NEAT1;RNF152;COL4A1;PCLO;TLN2;ANK3;ERRFI1;TTC28;LPP;KANSL1L;N4BP2L2;PDZD2;RBM6;SRRM2;TRPS1;NHS;PARD3;DYNC2I1;SYNE2;SLC4A4;PTPRM;MBD5;PTPRD;PDE8A;SETBP1;ZBTB20;SLIT2;PTPRJ;NEDD4L;PPP1R21;NCKAP5;PDE7A;SNX29;ZHX3;TFDP2;PDE4D;PPARA;SORBS2;HIBCH;FARP1;CNKSR3;AGAP1;ZBTB16;FRMD3;BNC2;ARHGEF28;TACC1;CGNL1;CALD1;CNTN4;CPM",2.96513530539639,1.7115749052306576e-22,TRUE,
"GAUTAM_EYE_CORNEA_MELANOCYTES",254,-0.4973217245705328,-2.2686082576332915,5.097850506567801e-16,1.0030365321030702e-14,"RPL18A;RPS14;UROD;LAMTOR4;BLVRB;NUBP2;CYC1;ATOX1;RPS8;RPL8;RPS5;BABAM1;EDF1;NPC2;ANKRD39;RPL12;CHCHD2;STOML2;RPS11;GSTO1;DYNC2I2;MRPL24;HMOX2;CLTA;NDUFB4;RPS28;MRPL28;NUDT2;CYBA;NT5C;METRN;RPL32;RPSA;CUTA;PLD3;UBALD2;SNRNP25;CHLSN;WDR18;JAGN1;RPL13A;RPL10;SERTAD1;CD320;CHMP1A;CLEC11A;EIF3G;COPS6;NDUFAF3;SRM;CCDC124;PITPNA-AS1;GALK1;HPS1;GNG5;SLC25A11;PPP1CA;RPS10;RPS3A;TMEM179B;SPP1;TFPT;C1orf43;TMEM101;NME1;ARPC1A;TMED9;ECH1;PHB2;TALDO1;PSMD13;PRDX4;NUCB1;GUCD1;EEF1B2;ERP29;EMC7;RPS26;SNRPC;CFL1;TRPV2;AZGP1;UBE2S;TRAF2;PSMA7;GRN;HS1BP3;SAP30;GPSM3;EIF3F;SRP14;PSMC2;RAMP1;RPS13;NAT14;PRMT2;MID1IP1;FXYD5;PKIG;TRAPPC2B;ISYNA1;CIRBP;ITPK1;MFGE8;IMPDH2;RPL17;QDPR;PPIB;SDHAF3;SNX3;RABIF;DDOST;IFFO1;CTSA;TUBA1B;SEM1;KIAA0930;HOXB7;PRXL2C;HSF4;RPL26;SLC27A1;PTPN18;MTURN;RASGEF1B",-2.0807231432913422,3.1857401310324096e-11,TRUE,
"LAKE_ADULT_KIDNEY_C16_COLLECTING_SYSTEM_PRINCIPAL_CELLS_CORTEX",122,0.563226079894747,2.7742074111564063,1.6590677214360059e-15,3.178424476856348e-14,"ROCK2;NFAT5;MED13L;CD2AP;BAZ2B;SLC38A1;FNDC3B;SIK2;SSH2;AFF1;MYH10;MTR;BRAF;REV3L;LRBA;AHI1;DCDC2;GLS;MAGI3;GAREM1;FNDC3A;PTBP3;WSB1;FTX;COBLL1;MYO1E;SIK3;PRKCA;ERC1;ANK3;MECOM;ARID1B;SAMD12;THSD4;TMTC2;MACC1;TRPS1;FER;CCSER1;PTPN13;LAMB1;NLK;MBD5;SMARCA2;RALBP1;PDE8A;EPB41L4A;SYTL2;PPP1R9A;XIST;CDK6;ARL15;STARD13;LIMCH1;ARB2A;BTBD9;TGFBR1;MAN1A1;GRIP1;NBEA;MAML3;SH3RF1;PDE4D;PAPPA;PTK2;PDE7B;COL4A5;THSD7A;ATXN1",3.0758668484992238,2.598234844538093e-19,TRUE,
"HU_FETAL_RETINA_BLOOD",251,-0.4916555649971776,-2.2421159229028196,2.5840329964060887e-15,4.823528259958033e-14,"GUK1;FIS1;UBA52;SERF2;UROD;RPL35;OAZ1;DCXR;RBX1;BLVRB;COX6B1;MYL6;CAPNS1;ATP5MF;ELOF1;POLR2L;RPL29;UFD1;GSTO1;ELOB;LGALS1;SNORD3A;UXT;RPS2;APRT;NR1H2;PRDX2;PPOX;TMEM14C;RHOG;EIF3K;S100A6;FTLP2;NDUFB6;PITX1;TMEM141;UBAC1;COX7B;EMP3;PRDX5;CYTOR;HPS1;RBM38;ANXA2R;SLC25A39;GSTK1;HLA-E;SYNGR2;MT2A;HBA2;GYPC;HSF1;HBB;MT1F;FTL;TALDO1;UROS;MT1X;ATP5F1E;GSTP1;SMIM1;PTTG1;GMPR;TUBB6;RPL36AL;CDC42EP1;CTSB;CKS2;ALAD;RPS12;GLIPR2;CENPW;MT-TL1;TUBG1;HMBS;GLRX5;TMEM14B;RPA3;UBB;MT1E;SLC22A4;FTH1;MT1H;SNX3;MT1G;PSMF1;TP53I3;CALM3;UBE2C;SHLD1;ANXA1;BIRC5;SLC1A5;PCOLCE;NPRL3;PCBD2;RGS10;CTSL;ADIPOR1;MTURN;TMA7;RGCC;AURKB;PRDX6;B2M;YBX1;PIM2;CDKN3;MPC2;CCNDBP1;TTLL12;FAH;SELENBP1;CREG1;BGN",-2.0409197170702065,7.477654726153752e-10,TRUE,
"TRAVAGLINI_LUNG_CD4_NAIVE_T_CELL",131,-0.5866831374164703,-2.4894236335480993,4.462882907981657e-15,8.122446892526615e-14,"RPL18A;RPL36;RPS14;RPL35;RPL13;RPS15;RPL28;RPS8;RPL8;RPS5;RPS16;NOSIP;RPL18;RPS6;RPLP1;RPL12;RPL29;RPLP2;RPS2;RPS28;RPL15;TLE5;RPL13AP5;RPS21;RPS3;RPL32;RPL27;RPS19;RPS15A;RPL13A;RPLP0;RPL10;RPL34;RPL10A;RPS29;RPL27A;RPL37A;RPL24;RPL38;RPS3A;RPL37;AQP3;RPL3;RPL14;RPL31;RPL35A;SEPTIN1;RPL5;RPL41;RPS12;RPL30;RPS7;IL32;RPS23;RPS13;PIK3IP1;RPS27;EEF1A1;CD3D",-2.4692423836835267,5.990740800815153e-14,TRUE,
"LAKE_ADULT_KIDNEY_C5_PROXIMAL_TUBULE_EPITHELIAL_CELLS_STRESS_INFLAM",350,0.38338335973313453,2.0967702065692815,1.0328840467917061e-14,1.8339989904008833e-13,"DIP2B;MDN1;ZC3H13;BAZ2A;CHD6;ITSN1;UPF2;SCAF8;THOC2;SMG6;GON4L;PTPRG;YTHDC1;SREK1;ARHGAP42;FGD4;PRRC2C;PLEKHA5;KAT6B;BAZ1B;CCAR1;NCOR1;PRPF38B;XPC;BCOR;OPHN1;MYO6;ZFC3H1;USP8;FMN1;GOLGB1;CLTC;ATP2A2;RBM25;SRSF11;CHD2;TNRC6A;SMARCC1;FKBP5;PHF20;LUC7L3;AKAP13;DHTKD1;KDM2A;RORA;TNRC6B;SHROOM4;ARID4A;KIAA1671;NFE2L1;CDON;ANKRD11;PNISR;NRG1;ITCH;SRPK2;PLEKHA7;ZNF91;CNTN1;OGA;CSPP1;TENT5A;RNF152;IGF2BP2;COL4A1;ZNF708;SUCLG2-DT;TLN2;UBE4B;EGR1;CCDC191;PPM1L;NSUN6;GRIN2B;KIAA1549;NT5C2;PDZD2;RBM6;SHANK2;SRRM2;PRLR;NHS;PPP2R5E;DYNC2I1;ACIN1;RBM39;MFSD4B;EIF5B;PDHX;CYTH1;HMGB1;SLC4A4;WDR19;AK9;C11orf65;UPF3B;LSAMP;UBN1;HECW1;DOK6;EOLA2-DT;HIP1;PAPPA2;AK4;CAMK4;PRSS51;PPP1R21;LARP1;NCKAP5;CDR2;ASXL1;FRMD4A",2.2456925331273396,1.9045363165391834e-15,TRUE,
"RUBENSTEIN_SKELETAL_MUSCLE_PCV_ENDOTHELIAL_CELLS",222,-0.5086258585002854,-2.2890492333099077,1.2960725794956988e-14,2.246525804459211e-13,"GUK1;RPL36;RPS14;DUSP23;RPS15;RPS8;RPL8;RPS5;RPS6;NPC2;RPS9;HSPB1;NAA38;RPL12;RPL29;RPS11;CD74;HYAL2;HLA-DMA;RPS2;CLTA;SNHG7;NOP10;RPS28;RPL7A;RPL15;CRIP2;TMSB10;ATP5MC2;SNCG;RPS21;RPL32;ZFAS1;RPS19;NPDC1;RPS18;EGFL7;RPS15A;RPLP0;RPL10;RPL34;FLOT1;ADAM15;HINT1;HLA-A;ZFYVE21;PSME2;HLA-DRB1;HLA-DPB1;GNG5;HLA-DRA;RPS3A;RPL37;HLA-E;RPL3;LY6E;CYSTM1;PDLIM1;MARCKSL1;HLA-B;MAP3K11;RPL31;PIM3;HLA-DQB1;IFITM3;IFITM2;RPL35A;POLE4;SNHG8;UBXN1;SOX18;PRMT1;RPS12;OCIAD2;MGST2;TPT1;RPS7;HLA-DPA1;RPS4X;KLF2;RPS23;ECSCR;RPS13;ID3;S100A16;S100A10;FXYD5;RAMP3;EEF1A1;HLA-DQA1;ACKR1;CRTAP;RPL17;TMSB4X;IGFBP4",-2.0923328254259883,1.4222309067943081e-10,TRUE,
"TRAVAGLINI_LUNG_CLUB_CELL",105,-0.6135874487540836,-2.5392376933415983,1.80254203053156e-14,3.051745577272037e-13,"FAU;RPL18A;RPL36;RPS14;RPL35;RPL13;RPS15;RPS8;RPS5;RPS16;RPL18;RPS6;SSR4;RPL12;RPL29;RPLP2;RPS11;TIMP1;RPS28;RPL15;RPL13AP5;RPS21;RPS3;RPL32;RPL27;RPS19;CST3;RPS15A;S100A13;RPL13A;RPL10;RPL34;RPS29;RPL27A;RPL37A;RPL24;RPL38;RPS3A;RPL37;RPL31;RPL35A;RPL5;RPS12;HOPX;TPT1;RPL30;RPS7;RPS23;RPS13;FXYD5;SERP1;CYP2B7P;RPS27;TMSB4X;SLPI;MRPS25;FOLR1;CRACR2B",-2.448105695878014,1.1807672568427664e-12,TRUE,
"BUSSLINGER_GASTRIC_PARIETAL_CELLS",230,-0.49559135322737136,-2.2422080699576137,6.491591092449292e-14,1.0740632534779738e-12,"NDUFB7;SERF2;MRPL41;DCXR;COX6B1;UQCR11;ATP5F1D;UQCRQ;NDUFS8;CYC1;UQCR10;COX5B;ATP5MF;MRPL34;COX4I1;COX8A;CHCHD10;CHCHD2;NDUFA6;PXMP2;NDUFB8;NDUFB10;ATP5ME;NDUFB4;VEGFB;COX6A1;PRDX2;NDUFS3;COA3;NDUFC1;ATP5MJ;NDUFA9;AKR7A3;NDUFA8;NDUFB9;ECHS1;TMEM141;UQCRC1;NDUFB2;COX7B;ATP5PO;NDUFA4;PRDX5;MPC1;ATP5MG;COX5A;NDUFAB1;CYSTM1;COX7A2;COX7C;MDH2;SOD1;FTL;ATP5F1C;ATP5MC1;NECAB3;NDUFV1;TPM2;MGAT4B;GMPR;ATP5MK;HPCAL1;ALAD;RBPMS2;G0S2;WBP2;HOPX;ATP5PD;NDUFB5;NDUFS4;FNDC5;MICOS10;KIAA1191;ME3;SDHB;TM7SF2;IDH2;ATP5MC3;DHRS7;NDUFA1;SLC25A5;TXNDC17;CBLIF;GOT1;COX6C;ISCU;SLC25A4;GAPDH;FTH1;AKR7L;FAM162A",-2.0559193551518957,2.2709617009538004e-9,TRUE,
"LAKE_ADULT_KIDNEY_C13_THICK_ASCENDING_LIMB",110,0.5453430305231431,2.633170809789445,1.1109713608873899e-13,1.797304779391155e-12,"MYO9A;ANKRD26;CPEB4;FGD4;WNK1;MSI2;BRAF;SLC4A7;STXBP4;LRBA;TNRC6A;FKBP5;PTPN4;USP53;KIAA1217;NCOA2;TBC1D4;VWA8;KANSL1;PNISR;WWC2;LGR4;ABLIM1;COBLL1;USP25;RHOBTB3;DNAH14;MAML2;MECOM;TRIM2;RNPC3;SOX6;KNG1;NHS;CCSER1;DYNC2I1;LAMB1;ATP1A1;CLMN;HIP1;DDX17;PPARGC1A;TFCP2L1;PLCB1;OXR1;TBCK;ZHX3;PLCL1;SGIP1;PDE7B;CLCN5;CA12;DOCK1;ESRRG;TACC1;NAALADL2;CGNL1;PKP4",2.96115305663912,1.108446284827957e-16,TRUE,
"LAKE_ADULT_KIDNEY_C7_PROXIMAL_TUBULE_EPITHELIAL_CELLS_S3",129,-0.5731018861923408,-2.4187694581899213,1.7914905772094863e-13,2.835228565670665e-12,"SERF2;RPS14;RPL35;RPL13;RPS15;RPS8;RPL8;RPS16;RPL18;RPS6;RPLP1;COX4I1;RPS9;RPL12;RPLP2;RPS11;RPS28;GALNT14;RPL7A;TMSB10;RPS21;RPL32;RPSA;S100A6;RPL27;RPS19;RPS18;RPL13A;RPL34;HINT1;HLA-A;RPL9;RPL27A;RPL37A;RPL24;CD63;RPL38;RPS3A;RPL37;RPL3;MT2A;COX7C;RPL14;RPL31;FTL;RPL35A;ATP5F1E;RPL5;CTSB;RPS12;PDZK1IP1;EEF2;TPT1;RPS7;RPS4X;RPS23;RPS13",-2.0851705964280405,8.734482833503597e-8,TRUE,
"RUBENSTEIN_SKELETAL_MUSCLE_PERICYTES",143,-0.5533153467532717,-2.376169641084071,2.1596660650805846e-13,3.345184883784395e-12,"NDUFA11;NDUFB7;C12orf57;TECR;SELENOM;COX6B1;COX5B;RABAC1;COX8A;CHCHD10;COX7A1;NDUFA13;LGALS1;PPP1R14A;TIMP1;PSMB1;CD151;CRIP2;ATP5MC2;SNCG;EIF3K;BSG;MYL9;MGST3;COX7B;CYB5R3;CRIP1;CYTOR;IGFBP7;CD63;CAVIN3;TINAGL1;MT2A;COX7A2;PDLIM1;SOD1;TUBA1A;ADISSP;IFITM3;NDUFA4L2;TAGLN;TPM2;TPI1;ATP5MK;ALDOA;EPHX1;SKP1;COX4I2;CSNK1E;NDRG2;ATP5MC3;ACTA2;NDUFA1;GAS6;SLC25A5;SLC25A6;GJA4;UBB;PRDX1;ISYNA1;COL6A2;MFGE8;GAPDH",-2.017700322387871,5.258194660444818e-7,TRUE,
"TRAVAGLINI_LUNG_BRONCHIAL_VESSEL_1_CELL",224,-0.4903821690867675,-2.2130243843221735,2.2375416689304434e-13,3.3936048645445057e-12,"FAU;RPL18A;UBA52;RPL36;RPS14;RPL35;RPL13;DUSP23;RPS15;RPL28;RPS8;RPL8;RPS5;RPS16;RPL18;RPS6;RPLP1;RPL12;RPL29;RPLP2;UXT;RPS2;RPS28;CCDC85B;RPL15;RPL13AP5;RPS21;RPS3;RPL32;RPSA;ZFAS1;RPL27;RPS19;RPS15A;RPL13A;RPLP0;RPL10;RPSA2;RPL34;NOP16;EIF3G;MYL9;RPL10A;RPS29;RPL27A;RPL37A;RPL24;IGFBP7;RPL38;RPS3A;SPP1;RPL37;RPL3;GAS5;NME1;UPP1;RPL14;RPL31;NHP2;PRDX4;RPL35A;TAGLN;POLE4;RPL5;RPL41;VWA1;RPS12;EEF2;CDC37;TPT1;NNMT;RPL30;HAPLN3;RPS7;RPS4X;LGALS3;EIF3F;RPS23;RPS13;SLC25A5;RPS27;ITPKC;IMPDH2;ACKR1;EIF3D;C2CD4B;PTMS;HSPE1;SEMA6B;RPS20;RPL26;RBP7;CPXM2;RPL11;IGFBP2;PTMA;ADM5;ARID5A;IFITM1;RPS27A;C11orf96;PRDX6;PFKP;MGP;FOXC1;RPL4;ENO1;RUNDC3B;TMEM70;OLFM1",-2.112041900437828,1.0915926496165992e-10,TRUE,
"MENON_FETAL_KIDNEY_1_EMBRYONIC_RED_BLOOD_CELLS",119,-0.5769311096299233,-2.4240903833591645,3.769767442120224e-13,5.600797342578619e-12,"RPL18A;RPL15P3;RPS7P1;RPL29;CHCHD2;SNRPD2;PPDPF;RPL7A;RPL15;ATP5MC2;ACTB;RPLP0P6;RPL32;RPSA;RPS18;RPS15A;RPLP0;RPSA2;SNRPB;DYNLL1;RPL7AP6;RPS13P2;PPIA;RPL4P4;PFN1;RPL3;MARCKSL1;HBA2;RPL10P16;HBB;RPL5P34;RPL31;ATP5F1C;ERH;IFITM2;RPL35A;EEF1B2;PTTG1;RPL5;SNRPC;LYPD1;SKP1;RPL26P19;DUT;H2AZ1;TPT1;RPS7;RPS23;RPS13;ID3;RANBP1;UBB;GAPDH;FTH1;SSBP1;OSTC;TUBB;STMN1;PCNA;TUBA1B;PCBP2;HSPE1;RPL26;ILF2;YBX1;NPM1P39;CNBP;RPS2P5;ATP5PF;MACROH2A1;HNRNPF;RAN",-2.2645483870253167,7.477654726153752e-10,TRUE,
"AIZARANI_LIVER_C9_LSECS_1",293,0.3800479977362561,2.07170651391277,1.182282784970527e-12,1.7214037349170875e-11,"TANC1;PHACTR2;AFF4;DOCK9;MACF1;AHCTF1;KDR;CHD7;HERC1;FLT1;SREK1;TOP1;AFF1;EIF4G3;MYH10;ANKS1A;LUZP1;MYO6;JMJD1C;ASAP1;ZNF451;GOLGB1;RAPGEF5;DDX21;SASH1;PREX2;IL6ST;YES1;ADGRF5;RPGR;UACA;TMOD3;ADGRL2;HSP90B1;ZNF160;KCTD20;DENND4C;CRIM1;SNRK;PPFIBP1;PHF10;ANKRD11;EPAS1;PCDH17;CCDC50;ITGA9;FLNB;EPB41L2;MTCL2;WSB1;KLF7;PLEKHG1;CD93;TCF4;PRKD3;HIF1A;COL4A1;APOLD1;OIT3;CDH13;TAL1;CUL4B;PIEZO2;PTPRB;ARGLU1;MAP1B;DLC1;LIFR;LIMA1;SPRY4;RASAL2;NR5A2;CEP170;STC1;ZEB1;PRKAR1A;FZD4;DAAM1;USP13;DYNC2I1;MYCT1;DUSP6;ME2;UGCG;ERG;DUSP5;EMP1;BHLHE40;AKAP12;TSPAN18;OSMR;SDCBP;HIPK2;FOSL2;ADAMTS9;STAB2;ARHGEF7;SPRY1;RELN;PPP1R15A;NID1;ADAMTS4;RBMS1;RDX;ADGRL4;SGK1;SEC14L1;LIMCH1",2.2699176859417194,5.390817195829572e-15,TRUE,
"TRAVAGLINI_LUNG_AIRWAY_SMOOTH_MUSCLE_CELL",160,-0.526609484980935,-2.296218499327543,1.300733042682916e-12,1.8567326570062018e-11,"NDUFB7;HCFC1R1;RPS14;UQCRQ;MYL6;UBL5;RPS16;RPL18;SOD3;RPS6;RPLP1;HSPB1;MZT2B;COX7A1;NDUFB1;PPP1R14A;NDUFB4;CD151;COX6A1;CRIP2;SNCG;RPS21;H2AJ;RPL27;DES;ACTG2;RPL34;HES4;MYL9;NDUFB2;HSPB7;CNN1;MGST3;RPL10A;RPL27A;RPL37A;NRGN;KCNMB1;NDUFA4;PFN1;NOL3;IGFBP7;FOXS1;RPL38;TINAGL1;MOB2;COX7C;RPL14;RPL31;CSRP1;TAGLN;PLAC9;TPM2;RPL5;SLIRP;RPL41;TGFB1I1;ATP1A2;NTF3;LMOD1",-1.7849027238662716,1.7122391774938123e-4,TRUE,
"SU_HO_CONV_CENT_CHONDROSARCOMA_STROMAL_C2_GRANULATING_CANCER_ASSOCIATED_FIBROBLAST",180,-0.5046334634876201,-2.219660357125469,1.4418158697415317e-12,2.0185422176381445e-11,"ZNHIT1;SMIM29;C19orf53;LAMTOR4;SELENOM;CIB1;ATP6V1F;CFD;TMEM205;FAM174C;COX5B;MRPL54;ATP6V0E1;TNFRSF14;CTSD;AP2S1;LAMTOR5;GSTO1;NENF;BRI3;EIF4EBP1;PSMB8;DRAP1;MGAT1;TIMP1;CCDC85B;PPP1R14B;DDX41;IFI27L2;POLR2H;PSMB9;DYNLL1;DAD1;SPHK1;HLA-DPB1;EMP3;APOE;LY6E;CYSTM1;TUBA4A;UPP1;FTL;SELENOK;CNIH4;UBE2L6;HMOX1;TRMT112;RPL36AL;RAC2;RGS3;IFI44;PRR13;RAB32;TPT1;IFI44L;NDUFS4;LGALS3;DPY30;COA6;DHRS7;TMEM176B;ANG;PEA15;HMGA1",-1.7849836560696335,2.3160566337780985e-5,TRUE,
"FAN_EMBRYONIC_CTX_BIG_GROUPS_BRAIN_IMMUNE",146,-0.5448613933688236,-2.3417749709046727,1.9281141629216573e-12,2.6484285105791822e-11,"SERF2;CIB1;HCST;RPL28;PSMB8;CD74;PSME1;VAMP8;S100A6;TAGLN2;RPL13A;ISG15;HLA-C;HLA-F;PSMB9;HLA-A;S100A11;CLIC1;CD52;PSME2;CRIP1;HLA-DRB1;EMP3;PFN1;HLA-DRA;TAPBP;SH3BGRL3;ARPC1B;LIMD2;HLA-E;LY6E;HLA-B;ARHGAP45;GMFG;IFITM3;IFITM2;SEPTIN1;PTPN6;DOK2;LSP1;PLAAT4;TBC1D10C;ABI3;CD7;RAC2;FERMT3;CARD16;PRR13;CORO1A;CSK;GZMA;IL32;GPSM3;ISG20;KLF2;IRF1;SYTL1;S100A10;FXYD5;ITGB2;HLA-H;ANXA11;LTB;ARHGAP9;ADGRE5;ANXA1;ACAP1;CD48;SRGN;IFITM1;B2M;FCER1G;JUNB;CD37;RHOH;DUSP2;CCND3;CD69;CD44;GADD45B;ARPC2;MYL12A;LY9",-2.2469474055379943,1.1698883528022608e-10,TRUE,
"GAUTAM_EYE_IRIS_CILIARY_BODY_MELANOCYTES",239,-0.4728502465342875,-2.1475541066555497,6.557805929781961e-12,8.840893920150495e-11,"SMDT1;SMIM29;COX6B1;NINJ1;MSRB2;COX5B;NEDD8;ATP5MF;EXOSC4;NDUFS7;HIGD2A;FAAP20;COX8A;CHCHD10;SIGIRR;LAMTOR5;COPS9;AP2M1;NDUFB10;MGAT1;CDKN2C;CLTA;RPS28;NDUFS5;COX6A1;APH1A;ARL2;PSMB7;NDUFS3;RACK1;COA3;NDUFC1;HAGHL;BSG;HEXA;NDUFB9;HINT1;DYNLL1;ATP5PO;PPIA;DEAF1;SNHG32;SLC66A2;ATP5MG;MRPL23;APOC1;COX7A2;MARCKSL1;COX7C;TSC22D4;MDH2;ATP6V1E1;BRK1;TOLLIP;TALDO1;PHF1;ERP29;RAD23A;UBXN1;FAHD2A;SAT2;ATP5MK;SUMO3;RPS12;MAZ;EPHX1;RGS3;SKP1;ANXA2;ATP5PD;ILKAP;BCAP31;PSMA7;NUDT3;TMEM51;NDUFB5;PPP1R37;FAM167B;C19orf12;NUPR1;RPS4X;MTHFS;CAMLG;ATP5MC3;PRMT2;NDUFA1;TLNRD1;RBKS;CMC2;CDKN1C;PHB1;LRRN4CL;QDPR;SLC25A33;UQCRH;LMO4;ABHD12;HES6;BUD31;SERPINB6",-1.853981081903166,1.1966742122747813e-6,TRUE,
"AIZARANI_LIVER_C30_HEPATOCYTES_4",375,0.34735669683156256,1.940769190245025,7.791575250511428e-12,1.0313212331586035e-10,"LRP6;ZC3H13;ITSN1;DST;LRRC58;NCBP3;HELB;CPEB4;UBR4;SIK2;DIS3;DDI2;ZNF283;SORL1;RAD54L2;FAM98B;CHORDC1;UBN2;MIGA1;FMN1;MYO1B;TEAD1;DGKH;MAST4;SRSF11;TNRC6A;ITPR2;FKBP5;TUT7;PPP2R1B;AHI1;NBPF12;RALGAPA2;ZYG11B;HAP1;TJP2;DHTKD1;SEC23A;PIK3C3;PDP2;FOXO3;DDX10;PNISR;ZMAT3;DSG2;PTPN3;PNPT1;STAT3;ZNF397;ABCA5;LONP2;ADGRA3;ARL10;RBL1;LMOD3;DSTYK;HEATR5A;FAM161A;ICA1L;SH3PXD2A;ZNF605;TENT5A;COBLL1;NBPF11;IL1RAP;RHOBTB3;PHF6;ACER3;KLF6;UBE2G2;LRCH3;GOLGA8B;ERRFI1;WNT2B;CAPN3;NAA16;PAN2;XPR1;MTMR9;NSUN6;HPX;GNL3L;UCKL1-AS1;ZKSCAN1;MACC1;TAF8;ACSL1;NNT;ADGRG6;MFSD4B;PHF8;SUGP2;RAMP2-AS1;ZNF641;INTS6;IYD;CCDC142;FBXO21;L1TD1;CLMN;RUNDC1;ADCY1;PROX1;FOXO1;MDM2;GTF3C2-AS2;KPNA6;TLCD2;SLC25A13;A1CF;GTPBP10;PPARGC1A;PCYT1A;UTP23;ZNF154;LINC01521;ZNF639;KIF1C",1.9071477641301409,5.5843542248066497e-11,TRUE,
"MANNO_MIDBRAIN_NEUROTYPES_HDA1",448,0.32059550813045656,1.8331637157653913,1.6248951297914275e-11,2.1123636687288557e-10,"FBXO11;KIF21A;HOOK1;KIF3A;SLC38A1;CPEB4;C2CD5;AKAP9;SSH2;CERS6;EHBP1;STXBP5;BICRAL;SRGAP1;ZFHX3;REV3L;ATP11C;KIF5C;RAPGEF5;ENPP4;DNAJC6;ZNF697;GNPTAB;PGM2L1;TAOK3;FAT4;DNAJC3;FNBP1L;CLASP2;RORA;EPB41;FAM169A;SCAPER;ZBTB38;YWHAG;WDR47;PTPN3;NAV1;RAB3B;TSPOAP1;SERINC1;CNTN1;ACSL4;PRKCA;UBXN2B;IGDCC4;TULP4;UNC13A;RBFOX2;ANK3;MFSD6;CDH13;MAP1B;TUBB2B;NAPB;OCRL;XPR1;NMNAT2;NAV3;TMEM185B;SCN8A;CCDC88A;SHANK2;ROBO1;RUFY2;NLN;CCSER1;PDE1C;DAAM1;GNAQ;MAP3K9;ANKRD36B;TRHDE;CTNNA2;KCNN3;SLC4A4;CA1;CELF3;LSAMP;LPIN1;ZSWIM6;FAT3;HSPA12A;MAP2;RUFY3;SHTN1;ACSL6;RAB11FIP4;RNF125;ADCY1;WASF1;RELN;ANKRD44;DOK6;KIF21B;AMPH;SYT7;NEDD4L;SGTB;FRY;NIPA1;PALB2;TSC1;ZC3H8;DOCK4;LRRC55;PIK3R1;APLP1;EPB41L1;TMOD2;FGD1;ASXL3;ATP9A;PHACTR3;NNAT;ZFHX4;CLCN4;GDAP1;SLC4A8;CCDC136;KIF3C;CHD3;PLCB1;ARMH4;TUB;GRM8;CDK5R1;PLXNA4;CHL1;APP;NECTIN1;NBEA;FBXL3;ZFHX2;ZBTB6;LDB2;RNF144A;PDE4D;SCN9A;PAPPA;NPNT;NR4A2;TSHZ2;L1CAM;PRKAR2B;MAPK8;ZC2HC1A;GNG2;GRIK3;SRCIN1;BNC2;ARMCX5-GPRASP2;REEP1;NECAP1;PLPPR4;RCAN2;LRRC7;SEMA6D;DOCK3;SOX11;MARK1;KCTD7;LGI2;CDH4;MID1;CHSY3;MYEF2;GNAL;GAB2",2.0691506849675254,2.955086736121984e-15,TRUE,
"DESCARTES_MAIN_FETAL_CCL19_CCL21_POSITIVE_CELLS",192,-0.48783986011800634,-2.1603315427798275,1.7022521466264946e-11,2.17410449604226e-10,"PSMG3;SELENOM;TECRP1;STX10;BAD;ATOX1;FBXW5;H2AC20;C11orf68;RPL23AP65;PSMB1;PTGDS;RPL13AP3;SF3A2;CCDC28B;RPL10AP2;ISOC2;RPL10P3;MICALL2;RPS3AP21;NPM3;SERTAD1;JMJD4;IFI27L2;C1orf35;RPL3P7;AGAP2-AS1;JUND;GRINA;RELB;RPS27AP5;LINC01311;MINCR;RPLP1P6;GLI4;RPL10P16;VPS16;RPL5P34;NFKB2;TYMP;SNHG11;EFEMP2;HLA-J;HECTD3;NFKBIE;SCARF2;RPP25;CPSF4;INTS5;LENG1;TMEM18;PDRG1;HMCN2;CTSF;MRGPRF;ZNF500;PARK7;IRF2-DT;RPL17P36;NPIPA1;NME2;GTF2F1;MSC;RARA-AS1;TLCD1;PES1;GPANK1;LINC00324;PABPC3;LRP3;NOP53;TRIM47;CDC42P6;ATP2A1-AS1;PI4K2A;GPS2;IL11RA;CNRIP1;RIN1;SCYL1;CIAPIN1;TCF3",-2.1087628778806065,1.1799021415411777e-9,TRUE,
"FAN_EMBRYONIC_CTX_BRAIN_EFFECTOR_T_CELL",122,-0.5437807200582486,-2.2833901478476704,4.5429534571323265e-11,5.702189856538507e-10,"HCST;CLIC3;TSTD1;HLA-C;HLA-F;PSMB9;HLA-A;CLIC1;CRIP1;EMP3;ZAP70;LIMD2;LY6E;HLA-B;GMFG;DGUOK;IFITM2;SEPTIN1;DOK2;LSP1;CD244;ADAM8;ARPC5L;PLAAT4;TBC1D10C;ABI3;CD7;LAIR2;CTSW;RAC2;CHST12;CARD16;TSEN54;HOPX;FKBP11;PRF1;NKG7;CORO1A;CST7;GZMA;IRF1;CCL4;APOBEC3G;CMC1;SYTL1;SPON2;HLA-H;HSH2D;ADGRE5;ACAP1;SH2D2A;FGR;CD48;S1PR5;CD247;GZMH;SRGN;ARID5A;IFITM1;SEPTIN6;DUSP2;CCND3;CD69;CD44;MYL12A",-2.1630452637513566,3.109976289877572e-8,TRUE,
"CUI_DEVELOPING_HEART_C8_MACROPHAGE",273,-0.4376437254572518,-2.009369928180355,4.809168552510627e-11,5.911827434504441e-10,"GPX1;ATP6V0B;NINJ1;HCST;PYCARD;NPC2;ARPC4;CTSD;MGAT1;CD74;HLA-DMA;CEBPB;TYROBP;CYBA;VAMP8;RHOG;CST3;STXBP2;CD14;RNF130;METRNL;HLA-C;HLA-A;JUND;HLA-DRB1;LST1;HLA-DPB1;HLA-DMB;EFHD2;RNASET2;HLA-DRA;TCIRG1;CCL3;BST2;SH3BGRL3;ARPC1B;HLA-E;NCF4;HLA-B;C1QA;C1QC;CD300A;GMFG;HLA-DQB1;FES;LAT2;PTPN6;DOK2;SPI1;GRK2;LSP1;ALOX5AP;VSIR;C1QB;LAPTM5;CNPY3;CTSB;FOLR2;RAC2;CARD16;GRN;PRR13;CYTH4;CORO1A;PARVG;HLA-DPA1;CEBPD;OSTF1;GPSM3;PLD4;S100A9;TKT;CALHM6;PRAM1;LY86;ITGB2;HLA-H;WAS;HCK;PILRA;IGSF6;AIF1;RGS10;VSIG4;C1orf162;MYO1F;GNAI2;SRGN;FCGR1A;MAFB;TNFRSF1B;CASP1;SMAP2;FCER1G;LAIR1;C5AR1;JUNB;FCGRT;PSAP;CD37;ARRB2;STAB1;CSF1R;CREG1;ALOX5;ITGAX;DUSP2;ITGAM;EVI2A;ARPC3;GADD45B;MSR1;CD53;NCF2;MS4A4A;IFI30;THEMIS2;FMNL1;MKNK2;MS4A6A;ARHGDIB;CXCL8;S100A8;FCGR2A;PLAUR;POU2F2;PNRC1;RGS2;MAN2B1;CD4;LGMN;LY96;RILPL2;PTGER4;CD86;RHOB;UCP2;IL10RA;ADAP2;FPR1;PLAC8;IL16;C3AR1;HSPA1A;GLRX;LILRB2",-1.7333350213352618,1.33143077529828e-5,TRUE,
"TRAVAGLINI_LUNG_BASAL_CELL",179,-0.49213097436090214,-2.161819088826255,4.872385248217946e-11,5.911827434504441e-10,"RPL13;DUSP23;RPL8;RPS5;SOD3;RPS6;RPLP1;RPL12;RPL29;DHRS3;RPS11;LGALS1;TIMP1;RPS2;RPL15;TUSC1;SNCG;RPL13AP5;RPS3;RPL32;RPSA;TAGLN2;NPM3;RPL13A;RPLP0;SFN;RHOC;RPL10A;RPL9;S100A2;EMP3;IMP3;IGFBP7;SH3BGRL3;RPS3A;TINAGL1;AQP3;RPL3;MT2A;SYT8;GAS5;PDLIM1;RPL14;TPM2;RPL5;AHCY;CTSB;PRMT1;RAB34;G0S2;ANXA2;FAF1;IGFBP6;PLP2;KCNN4;RPS7;AOPEP;RPS4X;UBC;SNHG29;ISYNA1;EEF1A1;GAPDH;IMPDH2;IGFBP4;LMO4;LOXL4",-2.0679841951483193,1.1722435949011357e-8,TRUE,
"SU_HO_CONV_CENT_CHONDROSARCOMA_C7_PROLIFERATIVE",226,-0.46087356592204,-2.0856880119905035,5.828801250615872e-11,6.956339853194025e-10,"SIVA1;PSMB4;MXD3;NDUFS8;PIN1;CYC1;ATOX1;LSM7;ATP5MF;PSMB3;NDUFB11;POLR2L;AURKAIP1;HIGD2A;LAMTOR2;SAC3D1;FAAP20;COX8A;POLR2J;EMC9;DYNC2I2;ELOB;NAXE;PAFAH1B3;NUTF2;EBP;ARL2;PGP;BSG;CDKN2D;NDUFS6;ELP5;NRM;NDUFB2;ADAM15;SNRPA;SNRPB;DYNLL1;RALY;TMEM106C;H2AX;PSME2;TRAPPC1;TMEM160;DTYMK;YIF1B;PHF19;RABGGTA;MRPL23;RUVBL2;ASF1B;NME1;CDCA4;CDT1;BANF1;PSRC1;ANKRD9;SMTN;ATP5F1E;SERTAD4-AS1;PKMYT1;PTTG1;TK1;TUBB6;SNRPC;GUSB;SUMO3;TXN;ITGAE;DUT;KDELR1;CENPW;MICOS10;TUBG1;GLRX5;ATP5MC3;BCL2L12;MCM7;TXNDC17;COX6C;ELOC;ISYNA1;PRC1;KIF22;CKS1B;SNRPG;PTMS;UBE2T;PCNA;CALM3;UBE2C;BIRC5;TUBA1B;CDC20;BAX",-2.0024906899957724,1.3082478245261356e-8,TRUE,
"HAY_BONE_MARROW_MONOCYTE",215,-0.467649753545213,-2.0933989421056216,6.278608801243431e-11,7.37230194726648e-10,"MYL6;HIGD2A;BID;CHCHD10;NAPRT;GNB2;LFNG;DRAP1;TIMP1;RRAS;VAMP5;VMO1;LGALS9;PRELID1;RHOG;HES4;ISG15;RHOC;S100A11;MCOLN1;PSME2;NAGK;LST1;MMP24OS;RNASET2;PPCDC;GNG5;HSBP1;TCIRG1;ARPC1B;SYNGR2;LY6E;C19orf38;C1QA;TUBA1A;FAM110A;RNH1;IFITM3;TPPP3;JPT1;PTPN6;SPI1;DEDD2;PKN1;GRK2;VSIR;C1QB;PELATON;ABI3;SELPLG;PTGES;ZNF703;VASP;LRRC25;SLC2A6;CD300LF;CHST7;LINC01503;CAMK1;P2RX1;ACAA1;CAPZB;HK3;MYO1G;CALHM6;SLC25A6;CSTB;MAPKAPK3;LILRA5;AMPD2;GPBAR1;DPEP2;CDKN1C;ARPC5;BATF3;RGS19;FTH1;WAS;TMSB4X;PTP4A3;UNC119;CALHM2;HCK;PILRA;AIF1;FGR;CTSL;CD300C;ZMYND15;TNFRSF1B;CARD9;LYNX1;ZG16B;SMAP2;TNFSF10;RARA;FCER1G;C5AR1;CALM2;PSAP;ARRB2;CSF1R;FKBP1A;ITGAX;TNFRSF8;PPM1F",-2.000717052076622,3.7109812588467225e-8,TRUE,
"DURANTE_ADULT_OLFACTORY_NEUROEPITHELIUM_NK_CELLS",80,-0.6097281333789999,-2.414285954362395,7.327453486317338e-11,8.467279584188924e-10,"HCST;PTGDS;TYROBP;CLIC3;CYBA;HLA-C;PSMB9;HLA-A;CD52;EMP3;PFN1;EFHD2;GZMM;CCL3;SH3BGRL3;LIMD2;HLA-B;IFITM2;DOK2;LSP1;GNLY;PLAAT4;TBC1D10C;CD7;CTSW;RAC2;HOPX;PRF1;NKG7;CORO1A;CST7;CCL5;GZMA;IL32;CCL4L2;CCL4;APOBEC3G;CMC1;SPON2;ITGB2;TMSB4X;CD48;TRBC1;CD247;GZMH;MYO1F;SRGN;B2M;FCER1G;MYOM2;DUSP2;CCND3;CD69;MYL12A;CD53",-2.2889627996816535,4.942835471676231e-8,TRUE,
"DESCARTES_FETAL_ADRENAL_MYELOID_CELLS",153,-0.5071746840857919,-2.1879284699023622,1.0591075581678377e-10,1.2047348474159154e-9,"CFD;HLA-DMA;CST3;CD14;HLA-DRB1;HLA-DPB1;HLA-DMB;RNASET2;UNC93B1;HLA-DRA;SPP1;TREM2;ASCL2;C1QA;C1QC;HLA-DQB1;TYMP;CTSZ;SPI1;HMOX1;C1QB;PELATON;FOLR2;LRRC25;CD300LF;CYTH4;RNF135;TMIGD3;OSCAR;HLA-DPA1;SLC11A1;HK3;SECTM1;CALHM6;PRAM1;LILRA5;MILR1;GPBAR1;HLA-DQA1;LILRB3;CLEC10A;CXCL10;TRPM2;HCK;PILRA;IGSF6;LILRB4;MSLN;CD33;VSIG4;CD300C;FCGR1A;SIGLEC1;ZMYND15;IL1RN;TMEM273;RIPK3;C5AR1;NFAM1;CSF1R;HLA-DOA;ITGAX;MSR1;NCF2;MS4A4A;LINC01094;LILRA6;SIGLEC12;KCNK13;SLAMF8;MS4A6A;TMEM150B;CXCL8;PLAUR;CD4;LGMN;FGD2;CD86;SIGLEC14;LILRA2;ADAP2;FPR1;PDCD1LG2;LILRB1;C3AR1;LILRB2;LILRB5;FAM20A;RNASE6",-1.8347413849726097,1.7334823423161945e-5,TRUE,
"CUI_DEVELOPING_HEART_TRABECULAR_ATRIAL_CARDIOMYOCYTE",177,0.42662828661203733,2.234174681837912,1.324502478434048e-10,1.4834427758461337e-9,"KIDINS220;DSP;ANKRD26;ATP13A3;SPTBN1;DST;SLC38A1;MACF1;BLTP1;MYSM1;AKAP9;KTN1;PLEKHA5;TMTC3;PRKDC;VCL;ATP2A2;TTN;FBN2;AGL;ADGRL2;ITGB1;EPRS1;HSP90B1;LUC7L3;TCERG1;BMPR2;FAT1;NFE2L1;PKN2;SPTAN1;PLOD2;HEG1;ZNF827;ENTREP1;MTDH;CCNL1;WSB1;ASPH;B3GNT2;IGF2BP2;ETNK1;LMO7;RNPC3;DCBLD2;LMAN1;SLC11A2;CANX;NNT;APLP2;MALAT1;ANGPT1;PTGFRN;PARM1;ATP1A1;NES;SUCO;RELN;PTPRK;TMEM41B;TM9SF2;DDX17;LNPK;SLC16A1;TMEM245;CALU;MARCHF6;NID2;PDIA3;GOLGA8A;HEPH;HSPA5;COL2A1;NOMO1",2.369519588676305,1.5583386661715806e-11,TRUE,
"LAKE_ADULT_KIDNEY_C9_THIN_ASCENDING_LIMB",265,-0.4381574890169473,-2.01290766218222,1.4863911417745695e-10,1.6395344715331616e-9,"FAU;UBA52;GPX1;SERF2;RPS14;RPL35;RPL13;CIB1;MYL6;RPS15;RPS8;RPL8;RPS5;RPS16;RPL18;RPS6;RPLP1;COX4I1;RPS9;ATP6V0E1;RPL12;RPLP2;LAMTOR5;RPS11;TIMP1;KRT7;PSMB1;RPS2;PSME1;RPL7A;RPL15;RPS3;RPL32;RPSA;RACK1;S100A6;RPS19;RPS18;SDHA;RPL13A;RPLP0;RPL10;CBR1;ARF1;RPL34;JTB;HINT1;RPL10A;RARRES2;RPL9;RPL37A;RPL24;NDUFA4;PPIA;IGFBP7;CD63;RPS3A;SPP1;RPL3;DANCR;CYSTM1;COX7C;HLA-B;SOD1;RPL14;RPL31;FTL;ATP5F1C;IFITM3;IFITM2;GSTP1;TPI1;RPL5;RPS12;ALDOA;EEF2;ANXA2;PSMA7;TPT1;RPL30;RPS7;RPS4X;RPS23;SRP14;GSTM3;RPS13;ATP5MC3;S100A10;TMEM176A;UBB;PRDX1;CIRBP;EEF1A1;MYL12B;GAPDH;FTH1",-1.8606982069142137,4.1443622274749165e-7,TRUE,
"FAN_EMBRYONIC_CTX_BRAIN_MYELOID",137,-0.5211542657263252,-2.224116370034624,1.5913172174157052e-10,1.7290730362367662e-9,"HCST;CFD;TNFRSF14;CHCHD10;LGALS1;CD74;HLA-DMA;TIMP1;CEBPB;AIP;S100A6;STXBP2;ISG15;PSMB9;HLA-A;S100A11;CD52;PLEKHO1;CRIP1;HLA-DRB1;LST1;HLA-DPB1;EMP3;EFHD2;HLA-DRA;MT2A;LY6E;HLA-B;HLA-DQB1;IFITM3;TYMP;IFITM2;DOK2;SPI1;GRK2;LSP1;PNPLA6;LRRC25;ANXA2;CARD16;WIPI2;CSK;IFI44L;OSCAR;HLA-DPA1;KLF2;IRF1;S100A9;SECTM1;TKT;TMEM176B;S100A10;CALHM6;PRAM1;FXYD5;LILRA5;GPBAR1;LILRB3;NAPSB;ADGRE5;ANXA1;HCK;FGR;CD48;BCL2A1;C1orf162;MYO1F;CLEC12A",-1.9810091800149556,1.5577925636658009e-6,TRUE,
"FAN_OVARY_CL0_XBP1_SELK_HIGH_STROMAL_CELL",141,-0.5234345079616719,-2.2415456533221176,2.0746883047964222e-10,2.221136891017346e-9,"FAU;RPL18A;RPL36;RPS14;RPL13;RPS15;RPS8;RPL8;RPS5;RPL18;RPS6;RPLP1;RPS9;RPL12;RPLP2;RPS2;SNHG7;CEBPB;RPL15;RPS3;RPL32;ZFAS1;RACK1;RPS19;RPS18;RPL13A;RPL10;RPL34;RPL10A;RPL9;RPL24;SNHG32;RPL38;RPS3A;RPL3;RPL14;RPL31;SELENOK;RPL35A;FBL;SNHG8;EPB41L4A-AS1;RPL5;RPL41;RPL36AL;RPS12;H2AZ1;RPL30;NUPR1;RPS4X;RPS23;RPS13;SERP1;CIRBP;RPS27;RPL17;SELENOS",-2.069839239922633,9.554137338860504e-8,TRUE,
"MANNO_MIDBRAIN_NEUROTYPES_HNBML5",335,0.34185605047131207,1.879285787827034,2.2056330224807976e-10,2.3271026671971316e-9,"USP49;KIF21A;HOOK1;SLC38A1;HERC1;CPEB4;DICER1;TCAF1;ZNF283;UBN2;ZFHX3;KIF5C;RAPGEF5;PDS5B;DNAJC6;POU2F1;APC;ZNF697;GNPTAB;PGM2L1;TAOK3;LINC00205;ANKIB1;EYA1;BICD1;TMCC1;ZBTB43;TCERG1;FTO;EPB41;FAM117B;ARFGEF3;YWHAG;AASDHPPT;GSE1;DGKE;NAV1;TSPOAP1;LMOD3;CPEB2;KLF7;UNC13A;RBFOX2;ANK3;MFSD6;CDH13;TAL1;DNAJC16;GOLGA8B;MAP1B;TUBB2B;XPR1;NMNAT2;SCN8A;SHANK2;ROBO1;LARP1B;RGS7BP;NLN;KDM5B;ATOSA;GABRB2;MAP3K9;ZNF776;CELF3;LPIN1;ZNF195;CRACD;MAP2;RAB11FIP4;ZHX1;SYTL2;PROX1;ANKRD44;DOK6;KIF21B;AMPH;RAP1GAP2;NEDD4L;FRY;PAPPA2;ZC3H12C;PDP1;CEP126;APLP1;TMOD2;ASXL3;PHACTR3;NNAT;ZFHX4;CLCN4;CDK5R1;PLXNA4;SLC9A6;GRIP1;SCAI;PPP2R3A;NBEA;ZFHX2;PAPPA;AKAP1;TSHZ2;L1CAM;CCDC112;PRKAR2B;MAPK8;EPHA3;THSD7A;GNG2;ESRRG;ATP8A1;SRCIN1;PDE11A;PAQR5",2.0327169898948,5.455353757988801e-12,TRUE,
"FAN_OVARY_CL11_MURAL_GRANULOSA_CELL",429,0.3149642152369511,1.7932177080326341,4.887161708361325e-10,5.082648176695778e-9,"MED13L;DSP;KDM5A;PHACTR2;AFF4;ITSN1;KPNB1;TNPO1;DST;MACF1;BBX;FNDC3B;ABI2;AKAP9;KTN1;FGD4;LAMC1;PNN;TCAF1;SOWAHC;MSI2;PARP11;CELF1;ZNF326;MYO6;CHORDC1;RSRC2;HUWE1;RYBP;KIF1B;YAP1;RBBP6;PAWR;TEAD1;WAC;ARIH1;SRSF11;IL6ST;ZNF281;MTMR2;ARL5B;DNAJC7;SLC5A3;ZBTB10;ITGB1;TJP1;TBC1D4;BMPR2;PKN2;USO1;PPP4R2;PPFIBP1;NOP58;ANKRD11;YWHAG;PLOD2;WWC2;LGR4;ENAH;DCP1A;HAPSTR1;DIPK2A;KCNQ1OT1;HDAC2;BAZ1A;GREB1;PRDM1;TXNRD1;CSPP1;TARS1;TENT5A;IGF2BP2;ETNK1;ACSL4;HIF1A;COL4A1;RHOBTB3;GNAI1;PHF6;ELOVL5;KLF6;MARCHF7;RAB5A;HSPH1;USP48;MCL1;USP22;PUM1;NFE2L2;KIF5B;LPP;YPEL2;GASK1B;GJA1;HOMER1;DNAJA4;NR5A2;HSPD1;ITGAV;FXR1;KLHL24;HNRNPD;LIMS1;DAAM1;ACIN1;SYNE2;AKIRIN1;SINHCAF;ME2;HNRNPDL;CHSY1;OTUD7B;SEC31A;EPS8;RAD23B;RIMKLB;FOSL2;METAP2;WASF1;PPP1R15A;AMOTL2;RNF19A;RBMS1;XIST;CDK6;CRY1;RDX;LHFPL2;DDX17;SGK1;SLC16A1;ARHGAP18;IRS1;PDLIM5;MAP4K4;CMTM6;TAF1D",1.9739558840088884,4.415389658464904e-13,TRUE,
"MENON_FETAL_KIDNEY_10_IMMUNE_CELLS",83,-0.5925568287924915,-2.3586738236611775,5.21202902117854e-10,5.344164968194334e-9,"UBA52;GPX1;OAZ1;MYL6;RPLP1;RPL12;RPLP2;LGALS1;CD74;TYROBP;TMSB10;CYBA;VAMP8;ACTB;S100A6;RPL27;FTLP3;CST3;RPS15A;HLA-C;HLA-A;S100A11;RPL27A;HLA-DRB1;LST1;HLA-DPB1;PFN1;HLA-DRA;SH3BGRL3;ARPC1B;HLA-E;HLA-B;FTL;ATP5F1E;LAPTM5;CNPY3;CFL1;HLA-DRB6;CORO1A;TPT1;HLA-DPA1;CAPZB",-2.1082470353214897,2.856397850025608e-6,TRUE,
"TRAVAGLINI_LUNG_MACROPHAGE_CELL",200,-0.46629724236351416,-2.075407926308169,6.415206519768705e-10,6.48648659221058e-9,"TSPO;GPX4;GPX1;ATP6V1F;NPC2;HSPB1;BID;CTSD;AP2S1;GSTO1;LGALS1;CD74;NOP10;TYROBP;COMT;CST3;ISG15;MGST3;S100A11;GRINA;HLA-DRB1;HSBP1;ACP5;CAPG;APOC1;APOE;TREM2;PDLIM1;C1QA;C1QC;HLA-DQB1;FTL;TYMP;FBP1;ATP6AP1;ALOX5AP;C1QB;CD81;CTSB;SLC15A3;ETHE1;GPD1;PNPLA6;ANXA2;IFI6;HLA-DRB6;GLIPR2;STAC;GRN;OSCAR;NUPR1;LGALS3;SLC11A1;S100A10;MT1M;CSTB;MT1E;HLA-DQA1;FTH1;SMCO4;HLA-DRB5;HCK;PILRA;IGSF6;ALDH2;RAC1;VAT1;BCL2A1;VSIG4;CTSL;C1orf162;DEFB1;PPT1;RASGEF1B;P2RX4;AVPI1;SIGLEC1;IGFBP2;IL1RN;RGCC;FCER1G;TREM1;YBX1;FCGRT;PSAP;ENG;COX17",-1.8265089009068116,9.981543274985516e-6,TRUE,
"LAKE_ADULT_KIDNEY_C28_INTERSTITIUM",85,0.535009045274029,2.5218324129021106,6.717379738595685e-10,6.698975958489944e-9,"ROCK2;SBF2;MED13L;ITSN1;DST;FNDC3B;ROCK1;REV3L;DGKH;NAV2;IL6ST;UTRN;UACA;USP53;KIAA1217;FOXO3;COL4A1;PRKCA;TCF12;TTC28;MAP3K5;LPP;THSD4;RASAL2;UGGT2;CBLB;STK3;AKAP12;EPS8;DACH1;SETBP1;RBMS3;ITGA1;RBMS1",2.8647168352642893,2.5042179914761838e-12,TRUE,
"FAN_OVARY_CL2_PUTATIVE_EARLY_ATRETIC_FOLLICLE_THECAL_CELL_1",98,-0.562848770923032,-2.292186278361574,9.566607678472972e-10,9.411473499903142e-9,"C12orf57;RPL36;SELENOM;OST4;RPS15;RPS8;RPLP1;RPL12;NBL1;SNRPD2;LGALS1;TMEM258;RPL32;S100A6;RPS18;RPS15A;RPL34;RARRES2;RPL24;SNHG32;RPL38;BST2;APOE;RPL37;RPL31;IFITM3;RPL35A;TPM2;RPL41;TOMM7;RPL30;CEBPD;RPS23;GSTM3;MDK;RPS13;COX6C;CIRBP;RPS27;COL6A2;RPL17;PEBP1;DDIT4;RPS20;RPL26;RPL11;BEX3;TMA7;CYB5A",-2.0407813938407116,2.856397850025608e-6,TRUE,
"MANNO_MIDBRAIN_NEUROTYPES_BASAL",77,-0.5909695643840357,-2.3269723915262475,1.2047979784158796e-9,1.1640457162525384e-8,"FAU;PSMB4;RPL13;COX6B1;UQCRQ;RPL28;RPS8;RPL8;UBL5;COX4I1;CHCHD2;NDUFA13;ELOB;ATP5ME;RPL7A;RPL15;ACTB;SEC61B;ATP5MJ;RPL34;DYNLL1;RPL9;ATP5PO;ATP5MG;RPL38;RPL3;RPL14;RPL31;BRK1;ATF4;ATP5F1E;NACA2;RPL41;CFL1;EEF2;PCBP1;SKP1;PARK7;RPS4X;SRP14;COX6C;UBB;EEF1A1",-2.0360155379539604,2.5523357394156434e-5,TRUE,
"GAUTAM_EYE_CHOROID_SCLERA_MELANOCYTES",151,-0.4955758467913347,-2.1369368795639527,1.2152125609229795e-9,1.1640457162525384e-8,"FAU;GADD45GIP1;ATP5F1D;CYC1;LSM7;USF2;CHCHD2;AP2M1;COX6A1;PRELID1;XAB2;CUTA;JAGN1;RPLP0;ARF1;B3GAT3;CYB5R1;EIF3G;MRPL57;PSMC3;SNX8;DAD1;ATP5PO;NELFE;NDUFA4;TIMM44;ATP5MG;MED10;COX7C;SOD1;MRPS18C;NOL12;RNH1;TUFM;IMP4;PHF1;ERP29;SNHG8;RAD23A;TAX1BP3;PDLIM3;SLIRP;ATP5MK;SUMO3;CRYL1;ATG101;ENOPH1;ALDOA;RETREG2;TOMM22;CAMTA1;KIF9;SDHB;ITGB1BP1;PEPD;SLC25A5;PPAN;PHB1;PFDN6;CRTAP;KLHL21;SNRPG;AHSA1;UQCRFS1;GABARAP;SRI;NUDC;TAF9",-1.935118763026766,5.555566832911395e-6,TRUE,
"AIZARANI_LIVER_C14_HEPATOCYTES_2",150,-0.4944308233033846,-2.130031304491994,1.3408925571518947e-9,1.2677529631254277e-8,"DCXR;UQCRQ;GRHPR;MPST;F12;PCBD1;PRAP1;GAMT;ECHS1;ETFB;GADD45G;RARRES2;GPX2;MPC1;ASS1;APOC1;APOE;MT2A;TST;SOD1;HULC;MT1F;FTL;IFITM3;MT1X;FBP1;CRYL1;SDS;EPHX1;AZGP1;NNMT;MTHFS;TDO2;C4BPB;SLC27A5;RDH16;TMEM176B;ANG;TMEM176A;CYP27A1;CYP2D6;MT1E;MT1H;ATF5;PTMS;QDPR;IGFBP4;MT1G;MLXIPL;CMBL;PEBP1;ALDH2;LEAP2;APOM;ADI1;AKR1C4;CYB5A;PRDX6;PHYH;NIPSNAP1;FAH;SELENBP1;ATP5PF;CYP3A4;GJB1;C1R;PON3;ALDH1A1;SHMT1;C2;UGT2B7;BNIP3;PLIN2;GPX3;ALDH4A1;HSD17B6;QPRT",-1.962084918300727,1.5241714743501975e-6,TRUE,
"DURANTE_ADULT_OLFACTORY_NEUROEPITHELIUM_MACROPHAGES",79,-0.5938858675477869,-2.343880911403495,1.409749810911784e-9,1.315766490184332e-8,"NPC2;CD74;HLA-DMA;TYROBP;CYBA;CST3;CD14;HLA-DRB1;LST1;HLA-DPB1;HLA-DMB;RNASET2;HLA-DRA;CCL3;APOC1;APOE;TREM2;C1QA;C1QC;HLA-DQB1;FTL;TYMP;SPI1;C1QB;LAPTM5;GRN;RAB32;HLA-DPA1;CEBPD;CCL4L2;PLD4;LY86;ITGB2;HLA-DQA1;HLA-DRB5;CLEC10A;SLC40A1;IGSF6;AIF1;RGS10;SRGN;FCER1G;CSF1R;MSR1;IFI30;YWHAH;HLA-DQA2;MS4A6A;FCGR2A;PLAUR;RGS2;C15orf48",-2.012135273102005,3.8825153632722174e-5,TRUE,
"GAUTAM_EYE_IRIS_CILIARY_BODY_SMOOTH_MUSCLE_CELLS",263,-0.4281826221866284,-1.9637908559112616,1.4365163186225462e-9,1.3237770632369793e-8,"NDUFA11;ZNHIT1;PHPT1;RPP25L;FIS1;CCDC107;SERF2;MRPL55;NICOL1;MRPL41;OAZ1;PIN1;UBL5;BORCS8;COX4I1;RNASEH2C;AURKAIP1;POLR2J;COPS9;AP2M1;PSMD8;TIMM13;MRPL22;CCDC85B;NDUFS5;TLE5;ATP5MC2;EIF3K;MSRB1;RPL27;COA3;HAGH;NDUFC1;ACTG2;BSG;PITX1;PMVK;RPSA2;MRPS11;GAMT;DDA1;NDUFS6;UQCRC1;HINT1;MRPL20;ZYX;KCNMB1;ATP5PO;CCDC124;MMP24OS;MPC1;TMEM179B;MAPKAPK5-AS1;ZSCAN16-AS1;ARPC1A;MDH2;EMC4;BANF1;PIM3;ATP5F1C;TUFM;ATP5MC1;UROS;PSMD9;SELENOK;MANBAL;ARPC5L;UBE2D4;SUMO3;PKDCC;PSMB5;RBPMS2;NDUFA12;ATP1A2;FAM234A;VASP;PSMA7;RASD2;NCS1;RAB3A;CISD2;FNDC5;KLF2;TMEM14B",-1.664358646620143,1.6839593324409057e-4,TRUE,
"DESCARTES_FETAL_PANCREAS_MYELOID_CELLS",178,-0.4673547827048853,-2.0553723959760313,1.5449712578523293e-9,1.4059238446456196e-8,"TYROBP;CD14;HLA-DRB1;WFDC21P;LST1;SOWAHD;C19orf38;C1QA;C1QC;HLA-DQB1;CTSZ;SPI1;HMOX1;SCT;LINC02908;C1QB;GPR35;FOLR2;LRRC25;HLA-DRB6;CD300LF;SPNS3;OSCAR;HLA-DPA1;HK3;PLD4;S100A9;IRF5;PRAM1;LILRA5;MILR1;RENBP;P2RY6;BATF3;HLA-DQA1;HLA-DRB5;LILRB3;HLA-DQB2;NAPSB;CLEC10A;TRPM2;HCK;PILRA;IGSF6;LILRB4;FGR;BCL2A1;CD33;VSIG4;CD300C;SIGLEC7;C1orf162;MYO1F;CLEC12A;SIGLEC9;NCF1;SRGN;FCGR1A;SIGLEC1;IL1R2;CD300LB;IL1RN;CARD9;RASGRP4;FCER1G;C5AR1;TREM1;NFAM1;CSF1R;UPK3A;ITGAX;ITGAM;OSM;KYNU;MSR1;NCF2;GNA15;MS4A4A;IFI30;LILRA6;KCNK13;SLAMF8;GZMB;MS4A6A;IDO1;CXCL8;S100A8;FCGR2A;SCN1B;LGMN;FGD2;CD86;SIGLEC14;ZNF385A;FPR1;LILRB1;C3AR1;LILRB2;TLDC2;LILRB5;RNASE6;JCHAIN;CD1D",-1.7128882799319984,2.254984811801814e-4,TRUE,
"ZHENG_CORD_BLOOD_C8_PUTATIVE_LYMPHOID_PRIMED_MULTIPOTENT_PROGENITOR_2",89,-0.5700220651627445,-2.2827186954043235,2.1870980178509797e-9,1.9656880950561893e-8,"FAU;UBA52;HCST;SNRPD2;MPG;CD74;PSME1;ATP5MC2;ZFAS1;RACK1;EIF3K;NPDC1;EGFL7;HLA-C;HINT1;HLA-A;CD52;DYNLT1;RNASET2;HLA-DRA;IGFBP7;GAS5;GYPC;HLA-B;IFITM3;ATP5F1E;EEF1B2;GSTP1;SNHG8;HOPX;SPNS3;TPT1;MT-TL1;CALHM6;PRAM1;GAPDH;SNHG6;TMSB4X;HSH2D;CD48;ERGIC1;IFITM1;RASGRP2;B2M;MT-CO3;BCL3;ENO1;MZB1;MACROH2A1;BAALC;CD44;BTF3",-2.186300130427252,8.734482833503597e-8,TRUE,
"MENON_FETAL_KIDNEY_0_CAP_MESENCHYME_CELLS",88,0.5167461721205681,2.4436135325248256,2.7715675315266145e-9,2.4606111743309456e-8,"ATRX;RSF1;RIF1;BPTF;EIF3A;ZC3H13;BAZ2B;GOLGA4;BDP1;TOP2B;KAT6B;BAZ1B;NBPF1;SMC1A;SMC3;TOP2A;TPR;CENPF;RBM25;SMC4;NCL;ITGA8;NKTR;MKI67;LUC7L3;DEK;SPEN;ANKRD11;ENAH;CCDC14;USP1;HMGB1P6;LAMA4;CCDC88A;ZKSCAN1;PTPN14;DNMT1;SYNE2;HMGB1;SET;SUPT16H;DACH1;H19;NAP1L1;SF3B2;XIST",2.6285101892301657,1.1162724546077751e-9,TRUE,
"FAN_OVARY_CL6_PUTATIVE_EARLY_ATRETIC_FOLLICLE_THECAL_CELL_2",296,-0.4166497715968951,-1.921825240744802,3.2068998499615317e-9,2.8127989045445725e-8,"NME3;C12orf57;VKORC1;SELENOM;CFD;ATRAID;RABAC1;NPC2;FKBP8;CTSD;MPST;NENF;NBL1;AKR7A2;LGALS1;TIMP1;S100A6;CUTA;PLD3;BSG;RPLP0;SELENOW;IFI27L2;CLEC11A;MYL9;RHOC;GADD45G;RARRES2;CYB5R3;ZFYVE21;TSPAN4;SNHG32;BST2;APOE;GYPC;TUBA1A;DDAH2;ADISSP;RNH1;LRPAP1;IFITM3;CSRP1;TALDO1;PRDX4;NUCB1;FXYD6;TAGLN;SMIM7;EFEMP2;TPM2;TAX1BP3;PDLIM3;SAT2;TGFB1I1;RAB34;EPHX1;IFI6;KDELR1;NDRG2;CTSF;CAPZB;COLEC11;CEBPD;LGALS3;GSTM3;LGALS3BP;MDK;ACTA2;SPON2;TMEM176B;ID3;ADH5;NFIC;CIRBP;EEF1A1;COL6A2;IMPDH2;FAM162A;IGFBP4;NOP53;MXRA8;IGFBP3;SERPINB6;HS3ST1;SLC40A1;PEBP1;PPIC;KLHDC8A;THY1;DDIT4;CPXM1;PFN2;LTBP4;CYB5A;TCEAL1;RNASE4;JUNB;FCGRT;TMEM59;PLTP;TMEM98;MGP;PSAP;ENG;HSPA6;SERPINH1",-1.5194945503440542,0.00198266766201256,TRUE,
"RUBENSTEIN_SKELETAL_MUSCLE_FBN1_FAP_CELLS",284,-0.41851875747631456,-1.927326805078387,3.909419549391682e-9,3.3881636094727905e-8,"PHPT1;GPX4;BLOC1S1;VKORC1;SERF2;OAZ1;SELENOM;OST4;CFD;HSD3B7;POLR2L;ATP6V0E1;NAA38;MYDGF;GSTO1;TIMM13;NDUFB1;TIMP1;TMEM258;SEC61B;H2AJ;S100A6;CST3;S100A13;RPLP0;ZYX;S100A11;TMEM106C;JUND;CLIC1;CRIP1;EMP3;PRDX5;DYNLT1;CYTOR;MPC1;HSBP1;CD63;CAVIN3;SH3BGRL3;LMNA;GYPC;SOD1;TUBA1A;DDAH2;FTL;RNH1;TYMP;MTCH1;DGUOK;TPPP3;RNF7;PLAC9;LSP1;RPL36AL;TXN;ALDOA;ANXA2;ATP5PD;GLIPR2;IGFBP6;RAB32;TPT1;KRT10;NUPR1;SVBP;FHL1;ITGB1BP1;TMEM176B;S100A10;ISLR;CSTB;COX6C;MT1E;ANXA11;KGD4;COL6A2;LOXL1;FTH1;CKS1B;OSTC;SELENOS;TUBB;SLPI;MXRA8;HTRA3;C17orf58;ANXA1;LINC01133;TUBA1B;PCOLCE;HSPE1;ANXA7;PPIC;TAF9;EFHD1;DEFB1;PTGIS;ADI1;PCOLCE2;BEX3;BIN1;LTBP4;ARL6IP5;MT-CO3;PLTP;MGP;PSAP;GLUD1;APCDD1;DBI;ENO1;MRPS6;HNRNPF;C1R;CDK4;MFAP4;MRPL51;NOVA1;SEC61G;ITGB5;CPE;GFPT2;GPX3;NDFIP1;EIF1;TMEM109",-1.535242015864105,0.0016298012811832216,TRUE,
"FAN_EMBRYONIC_CTX_BIG_GROUPS_MICROGLIA",361,-0.38982392274796884,-1.816920568607707,4.241935443686173e-9,3.6330929447100396e-8,"GPX1;ATP6V0B;SERF2;DPP7;NINJ1;HCST;PYCARD;NPC2;HSPB1;ATP6V0E1;CTSD;DHRS3;LTC4S;CD74;TYROBP;CYBA;VAMP8;LGALS9;H2AJ;RHOG;PLD3;EGFL7;HEXA;CD14;RNF130;DNASE2;HLA-C;S100A11;PLA2G15;LST1;PFN1;RNASET2;GNG5;TCIRG1;TAPBP;CCL3;BST2;APOC1;ARPC1B;APOE;SPP1;HLA-E;TREM2;SYNGR2;NCF4;GYPC;HLA-B;C1QA;C1QC;CD300A;GMFG;LAT2;PIH1D1;PTPN6;HMOX1;SLC29A3;ALOX5AP;VSIR;C1QB;ABI3;SELPLG;REEP4;LAPTM5;CNPY3;CD81;CTSB;CKS2;DAGLB;NAGA;FOLR2;MGST2;BCAP31;POLD4;GRN;PRR13;COLGALT1;CYTH4;CORO1A;TMIGD3;PARVG;TNFRSF1A;CAPZB;CEBPD;AP1B1;OSTF1;GPSM3;RAB3IL1;KLF2;PLD4;CCL4;GAS6;LY86;ITGB2;MILR1;SERP1;RGS19;CMTM7;GM2A;GAL3ST4;SERPINB6;HCK;IGSF6;LILRB4;AIF1;MKNK1;RGS10;VSIG4;CTSL;ADORA3;MYO1F;DDIT4;PPT1;SRGN;FCGR1A;P2RX4;HAVCR2;BIN1;TNFRSF1B;CASP1;SUSD3;B2M;FCER1G;LAIR1;JUNB;H1-2;FCGRT;PSAP;CD37;ARRB2;STAB1;CSF1R;CREG1;BLNK;ITGAX",-1.5534349176509341,1.6451675415218376e-4,TRUE,
"TRAVAGLINI_LUNG_DIFFERENTIATING_BASAL_CELL",140,-0.4890670928844011,-2.09062135813937,4.555526403390161e-9,3.841817025936678e-8,"TSPO;BBLN;AKR1A1;PYCARD;CTSD;DHRS3;AP2M1;PAFAH1B3;NUDT8;TLE5;SNCG;RPSA;RPL13A;PITX1;NDUFA8;HES4;UQCRC1;RHOC;ZFYVE21;S100A2;ASS1;PPP1CA;AQP3;RPL3;EPHX3;MDH2;TUFM;NDUFV1;SDC1;GSTP1;TPI1;PSMC5;CTSB;LAD1;ETHE1;POLD4;BAG1;NDRG2;RPS4X;MLF2;EIF3F;MDK;SYTL1;FAM3D;S100A16;SULT2B1;EEF1A1;GAPDH;LAYN;IGFBP4;CMTM7;UQCRH;LMO4;IGFBP3;ANXA1;HS3ST1;SLC1A5;ALDH2",-2.0176478476565283,9.793270945914517e-7,TRUE,
"DESCARTES_FETAL_INTESTINE_MYELOID_CELLS",190,-0.4529310491129414,-2.0023802319235418,4.591182434841909e-9,3.841817025936678e-8,"BID;CD74;HLA-DMA;TYROBP;VMO1;CST3;CD14;HLA-DRB1;WFDC21P;HLA-DPB1;HLA-DMB;TNFAIP8L2;RNASET2;HLA-DRA;NCF4;C1QA;C1QC;HLA-DQB1;TYMP;SPI1;C1QB;SDS;FOLR2;HLA-DRB6;CD300LF;OSCAR;HLA-DPA1;PLD4;SECTM1;MMP9;LY86;LILRA5;MILR1;HLA-DQA1;HLA-DRB5;LILRB3;NAPSB;CLEC10A;CXCL10;RAB20;HCK;IGSF6;LILRB4;AIF1;BCL2A1;CD33;VSIG4;CD300C;C1orf162;NCF1;FCGR1A;SIGLEC1;ZMYND15;IL1R2;EBI3;MAFB;CD300LB;CIITA;RASGRP4;FCER1G;C5AR1;TREM1;STAB1;CSF1R;HLA-DOA;ITGAX;TCHH;KYNU;NCF2;MS4A4A;IFI30;HLA-DQA2;LILRA6;THEMIS2;C5AR2;SIGLEC12;MS4A6A;CD101;IDO1;CXCL8;FCGR2A;STX11;MAN2B1;HRH2;CD4;LGMN;FGD2;RILPL2;CD86;SIGLEC14;IL10RA;LILRA2;ADAP2;ZNF385A;FPR1;ADGRE3;ACP3;PDCD1LG2;LILRB1;C3AR1;LILRB2;LILRB5",-1.6271182455216153,0.0014272608970002057,TRUE,
"BUSSLINGER_GASTRIC_METALLOTHIONEIN_CELLS",94,-0.5620196028722115,-2.270055360102395,6.505156708827899e-9,5.3815387318485344e-8,"TSPO;RPL28;RPL8;COX5B;COX4I1;CTSD;RPL29;IFI27;RPLP2;STARD10;RPS28;PPDPF;ACTB;RPS21;RPS3;ATP5MJ;TAGLN2;RPLP0;MGST3;RPL27A;CLIC1;ATP5PO;RPS10;MT2A;CYSTM1;S100P;MT1X;GSTP1;CA9;LAD1;ETHE1;GRN;LGALS3;CSTB;SNHG29;MT1E;PRDX1;MT1H;LMO4;MT1G;SPINK1;KRT8;IGFBP2;AKR1C3;NQO1;ALDH3A1;ADH1C;SELENBP1;TMEM238L;ALDH1A1;PLXNB2;HNRNPAB",-2.3127062768959976,2.4003105899824835e-9,TRUE,
"LAKE_ADULT_KIDNEY_C21_COLLECTING_DUCT_INTERCALATED_CELLS_TYPE_B",97,0.5041557909520743,2.399850101824292,8.266697899475427e-9,6.761973113278776e-8,"KIF21A;HERC1;KMT2C;MSI2;MEF2A;PARD3B;RALGAPA2;PICALM;NCOA2;TBC1D4;MAGI1;RORA;KIF13B;LGR4;MAGI3;GAREM1;PSD3;RNF152;SIK3;MAP3K5;LPP;SOX6;PDE1C;TBC1D5;FREM1;TRHDE;EPS8;DACH1;ZBTB20;FOXO1;PTPRJ;NEDD4L;XIST;ARL15;PPARGC1A;ARHGAP18;TFCP2L1;PLCL1;PDE4D;CA12;NEBL;MAPK8;ESRRG;IQGAP2;SEMA3C;TMEM117;GLCCI1;CGNL1;RCAN2;PRKCE",2.8860474182321414,1.4603163614713556e-14,TRUE,
"BUSSLINGER_DUODENAL_EARLY_IMMATURE_ENTEROCYTES",108,-0.5282990768795112,-2.190306788247143,8.554543878544445e-9,6.919675492867062e-8,"UQCRQ;CYC1;AKR1A1;RPS8;RPL8;COX5B;PYCARD;COX4I1;RPS9;COX8A;CHCHD10;COX6A1;RPS15A;CBR1;MGST3;COX7B;RPS29;RPL27A;ATP5PO;PSME2;COX5A;COX7A2;COX7C;FTL;ATP5F1C;FBP1;CRYL1;TXN;PCK2;RPS7;LGALS3;ATP5MC3;SLC25A5;SNHG29;COX6C;TKFC;PRDX1;LGALS4;FTH1;CMBL;PEBP1;RAC1;KRT8;RPL26;SLC5A1;SUCLG1;UGT2B17;CYB5A;AKR1C3;CALM2;ADH1C;ATP5PF;ANPEP;HSD17B2;ALDH1A1;CALM1;CAT;UQCRC2;SAT1;CHP2;SMIM24",-2.1636213530019854,1.0748288658022921e-7,TRUE,
"DESCARTES_FETAL_PLACENTA_MYELOID_CELLS",134,-0.4974606805596473,-2.1149247946993803,8.708245067949262e-9,6.96659605435941e-8,"MRPL2;CD74;HLA-DMA;TYROBP;CD14;HLA-DRB1;LST1;HLA-DPB1;TNFAIP8L2;HLA-DRA;ACP5;SPP1;FAM20C;C1QA;C1QC;HLA-DQB1;PPM1M;CTSZ;C1QB;SLC38A6;SDS;FOLR2;HS3ST2;LRRC25;HLA-DRB6;CHIT1;OSCAR;HLA-DPA1;IL4I1;SLC11A1;HK3;MMP9;CALHM6;PRAM1;LY86;MILR1;HLA-DQA1;IGSF21;CCL13;HLA-DRB5;ANKRD22;CXCL11;CXCL10;HCK;ARHGAP22;IGSF6;LILRB4;BCL2A1;TOR4A;VSIG4;C1orf162;SIGLEC9;FCGR1A;SIGLEC1;MAFB;CIITA;TMEM273;LAIR1;C5AR1;PLTP;NFAM1;STAB1;HLA-DOA;TPRG1;GNA15;LINC01094;LILRA6;THEMIS2;SLAMF8;MS4A6A;ST18;S100A8;LGMN;FGD2;CD86;PLA2G2D",-1.6938897087659517,0.0021397169899100292,TRUE,
"FAN_OVARY_CL12_T_LYMPHOCYTE_NK_CELL_2",161,-0.47605826818361,-2.0760611892751233,1.1570322631302892e-8,9.15564660390055e-8,"UBA52;OAZ1;CIB1;OST4;MYL6;RPL28;RHBDD2;RPS16;RPLP1;SSR4;POLR2L;ATP6V0E1;RPLP2;NDUFB8;COX6A1;CYBA;RPS21;RHOG;S100A6;RPL27;TAGLN2;HLA-C;HINT1;TUBB4B;HLA-A;S100A11;RPS29;CD52;CRIP1;EMP3;PFN1;SH3BGRL3;RPS10;ARPC1B;HLA-E;HLA-B;TUBA4A;ATP5F1E;ALOX5AP;CD7;RPS26;LAPTM5;RPL36AL;RPS12;CDC37;PSMA7;SELENOT;CORO1A;TPT1;CST7;CCL5;PLP2;IL32;ISG20;UBC;FXYD5;UBB;ISCU;RPS27;LTB;CD3D;FTH1;TMSB4X;H2AZ2;ANXA1;TGFB1;TRBC1;TRBC2;DDIT4;SRGN;PBXIP1;RGCC;TRAC;B2M;YPEL5;MRPS6;DUSP2;CD69;CD44;CREM;EVI2A;ARPC2;CD53;YWHAH;PLIN2;CALM1;EIF1;PKM;ABRACL;ARHGDIB",-1.89792970148548,7.38933898173232e-6,TRUE,
"LAKE_ADULT_KIDNEY_C29_UNKNOWN_NOVEL_PT_CFH_POS_SUBPOPULATION_S2",76,0.5285996066144993,2.437736242834375,1.2205615067898148e-8,9.554502977881561e-8,"MYO9A;DST;MACF1;EHBP1;PAWR;CEP112;UTRN;PARD3B;BICD1;CRIM1;RORA;DCDC2;PLEKHA7;KLF6;ARGLU1;TTC28;ZEB1;FER;PARD3;CASC15;MBD5;RBMS3;ZBTB20;ENTREP2;FRMD4A;MAML3;PDE7B;TSHZ2;SYNE1;ZBTB16;BICC1;EDIL3;BNC2;OSBPL10;SPIDR;SVIL;CNTN4;ALDH1A2;ITGB8;NALF1;SHROOM3;GULP1",2.8183136244442406,3.8730850663235836e-11,TRUE,
"AIZARANI_LIVER_C6_KUPFFER_CELLS_2",224,-0.43312186359045557,-1.9546168395432482,1.3360468435274185e-8,1.0347256405191071e-7,"GPX1;BLVRB;CFD;PYCARD;NPC2;CTSD;MGAT1;HLA-DMA;CEBPB;TYROBP;TMSB10;CYBA;VAMP8;ACTB;LGALS9;RHOG;PLD3;CST3;CD14;S100A11;GRINA;HLA-DRB1;NAGK;LST1;HLA-DPB1;HLA-DMB;RNASET2;UNC93B1;HLA-DRA;TCIRG1;ARPC1B;C1QA;C1QC;FTL;TYMP;CCL3L3;TTYH3;ATP6AP1;SPI1;GRK2;HMOX1;VSIR;C1QB;PELATON;LAPTM5;CNPY3;CTSB;SLC15A3;FOLR2;LRRC25;IFI6;GRN;COLGALT1;IFI44L;HLA-DPA1;AP1B1;SLC11A1;CCL4L2;HK3;CCL4;SECTM1;TKT;CALHM6;ITGB2;HLA-DQA1;FTH1;LILRB3;HCK;SLC40A1;PILRA;IGSF6;LILRB4;AIF1;FGR;VSIG4;C1orf162;PPT1;GNAI2;MAFB;TNFRSF1B;FCER1G;LAIR1;C5AR1;FCGRT;PLTP;PSAP;AP2A2;ARRB2;CSF1R;CREG1;ALOX5;ITGAX;MACROH2A1;IFNGR2",-1.5794745153480618,0.0017837763308708482,TRUE,
"SU_HO_FOETAL_FEMUR_C5_ENDOTHELIAL_CELL",403,0.3054861158429166,1.7294246158930926,1.580291423400284e-8,1.2110022697214807e-7,"ADAM17;CD2AP;SPTBN1;SOS1;BAZ2B;RANBP2;DOCK9;SMG6;HECW2;CTTNBP2NL;KDR;PTPRG;FLT1;SNX25;FGD4;NCOA3;PEAK1;RECQL;EXOC2;LUZP1;RESF1;VPS8;RAPGEF5;MEF2A;MAST4;FHIP2A;PREX2;LYST;YES1;ADGRF5;UTRN;AFDN;TMOD3;ADGRL2;BMP2K;TJP1;SLC39A10;FAM91A1;FNBP1L;MAGI1;MTUS1;SNRK;KIAA1671;ADAM9;ZBTB38;FOLH1;SPTAN1;STAU2;EPAS1;PCDH17;HIVEP2;DGKE;NRIP1;EXOC5;HEG1;LRRFIP1;AFAP1L1;PLEKHG1;CD93;VPS13A;TCF4;ELK4;DENND11;PHF6;SKIL;KLF6;MFSD6;CDH13;LRCH1;MECOM;PTPRB;HYOU1;MAP1B;ITGA2;KLF13;MPDZ;ELF1;GASK1B;PROS1;ITPRID2;RASAL2;SIPA1L2;ZEB1;USP31;RNF213;FZD4;LIMS1;MIDEAS;KAT6A;GNAQ;MYCT1;DUSP6;UGCG;PTPRE;KCNN3;EMP1;CALCRL;PTPRM;AKAP12;TEK;TSPAN18;ZSWIM6;RAI14;PDE8A;JCAD;ADAMTS9;SHE;SMAD1;SPRY1;RNF19A;IPO11;BCL6B;ELK3;NID1;BCL10;ADGRL4;YWHAB;ARL15;GRK5;DOCK4;EDNRB;TGFBR2;PRKCH;EMCN;RBM17;FYN;SH2B3;C21orf91;CMTM6;CDC42BPB;TCIM;PEAR1;CHD3;PLCB1;PODXL;CFLAR;SLC2A3;MAN1A1;KCNE3;GARRE1;CD34;KLHL5;COL21A1;LDB2;CREB5;CYYR1;PDE4D",1.8165077368608085,1.482222097404819e-9,TRUE,
"DURANTE_ADULT_OLFACTORY_NEUROEPITHELIUM_RESPIRATORY_CILIATED_CELLS",110,-0.510431648070462,-2.123096477255253,1.627942939863239e-8,1.2345233960629562e-7,"POLR2I;CIMAP1B;CIB1;SPMIP6;SMIM22;PSENEN;DNPH1;CAPS;DPCD;TSTD1;ATP5IF1;DYNLL1;TUBB4B;CRIP1;PRDX5;DYNLT1;HSBP1;CYSTM1;TUBA1A;ARL3;TPPP3;PIERCE1;CCDC74A;TFF3;TXN;WDR54;UFC1;B9D1;KIF9;DPY30;DYNLT2B;FOXJ1;CDHR3;CCDC17;PRDX1;FAM174A;CIMAP3;FANK1;CD59;MORN2;CCDC78;NUDC;ALDH3B1;IGFBP2;FAM229B;IFT172;AGR3;NQO1;ALDH3A1",-1.9004791289383216,2.602689462588624e-5,TRUE,
"SU_HO_CONV_CENT_CHONDROSARCOMA_LEUKOCYTE_C1_M2_MACROPHAGE",88,-0.5612360338236162,-2.24820841963598,1.7633111715544303e-8,1.3233923019501292e-7,"BLVRB;MYL6;HCST;CTSD;EIF4EBP1;LGALS1;TIMP1;TYROBP;S100A6;SLC2A5;S100A11;RNASET2;APOC1;GAPLINC;SPP1;LY6E;TUBGCP2;FTL;IFITM3;FBP1;LSP1;ADAM8;TMEM91;TPI1;PELATON;IFI6;PRR13;TMEM51;TMIGD3;NUPR1;IL4I1;FCGR2B;LGALS3;GPI;ANG;ARPC5;GAPDH;FAM162A;ATF5;STX8;GABARAP;PILRA;BEX3;IL1RN;RGCC;FCER1G;TREM1;PLTP;ENO1;MACROH2A1;ARPC3;NCF2;HLA-DQA2;HILPDA;BNIP3;PLIN2",-2.007914709858843,9.772181526566554e-6,TRUE,
"DESCARTES_FETAL_LUNG_MYELOID_CELLS",140,-0.4784717532305038,-2.0453293241844,1.902522962031993e-8,1.4133027717951948e-7,"CD74;HLA-DMA;CD14;ASB2;KCNMB1;HLA-DRB1;HLA-DPB1;SOWAHD;HLA-DRA;C19orf38;C1QA;C1QC;HLA-DQB1;SPI1;C1QB;SLC15A3;FOLR2;LRRC25;HLA-DRB6;CD300LF;CYTH4;OSCAR;HLA-DPA1;PLD4;MMP9;PRAM1;LILRA5;MILR1;BATF3;HLA-DQA1;HLA-DRB5;LILRB3;HLA-DQB2;NAPSB;CLEC10A;CXCL10;TRPM2;HCK;PILRA;IGSF6;LILRB4;BCL2A1;CD33;VSIG4;SIGLEC7;FCGR1A;SIGLEC1;IL1R2;HAVCR2;CD300LB;CIITA;CARD9;NFAM1;ANPEP;ITGAX;KYNU;NCF2;MS4A4A;LINC01094;IFI30;HLA-DQA2;LILRA6;C5AR2;KCNK13;SLAMF8;MS4A6A;IDO1;HRH2;LGMN;FGD2;CD86;PLA2G2D;SIGLEC14;LILRA2;FPR1;ADGRE3;C3AR1;LILRB2;LILRB5",-1.7964379508913235,1.164978520141809e-4,TRUE,
"MENON_FETAL_KIDNEY_8_CONNECTING_TUBULE_CELLS",253,-0.4114031355274602,-1.8767708471409201,1.9423262873653008e-8,1.4282965022241808e-7,"NDUFA2;ECI1;NDUFB7;ZNHIT1;ATP6V0B;MICOS13;SERF2;COX6B1;UQCR11;UQCRQ;ATP6V1F;OST4;CYC1;NDUFA3;ROMO1;UQCR10;COX5B;NPC2;COX4I1;POLR2L;HIGD2A;ATP6V0E1;COX8A;CHCHD10;LAMTOR5;COPS9;NDUFA6;NDUFA13;LMAN2;NDUFB10;NDUFB1;ATP5ME;NOP10;COX6A1;VAMP8;TSTD1;S100A6;COA3;NDUFC1;S100A13;PLEKHJ1;NDUFB9;ATP5IF1;NDUFB2;MGST3;ETFB;COX7B;COPS6;NDUFA4;CHMP2A;MPC1;ATP5MG;IGFBP7;GSTK1;COX5A;COX7A2;COX7C;SOD1;ERBB2;LRPAP1;ATP5MC1;ATP5F1E;HSD11B2;ATP5MK;RPL36AL;PFKL;ATP5PD;FKBP2;MICOS10;SNRPN;GSTM3;ATP5MC3;PRMT2;KIF12;NDUFA1;LLGL2;SLC25A5",-1.7508194367721404,1.2621145969010186e-5,TRUE,
"SU_HO_CONV_CENT_CHONDROSARCOMA_LEUKOCYTE_C2_T_CELL",126,-0.4952774398903932,-2.083987573828692,4.933785073084121e-8,3.562852738073833e-7,"FAU;RPL13;RPS15;RPL28;RPLP2;RPL34;HLA-C;HLA-A;RPS29;CD52;RPL24;CRIP1;RPL38;GZMM;LIMD2;HLA-E;RPL3;HLA-B;TUBA4A;TUBA1A;DOK2;EEF1B2;ARPC5L;PLAAT4;CD7;RPL36AL;RPS12;CTSW;TOMM7;PRF1;NKG7;CORO1A;CST7;CCL5;BATF;GZMA;IL32;EIF3F;IRF1;APOBEC3G;UBB;LTB;CD3D;RPL17;NOP53;ACAP1;LINC01871;HSPE1;CD48;TRBC1;CD247;GZMH;TRBC2;PBXIP1;PTMA;TRAC;B2M;JUNB;CD37;RPS17;RHOH;DUSP2;CD69;CD8A;LBH;SRSF7;ARHGDIB;EVL;CD3E;CD2;CD27;TTC39C;KLRB1",-1.9945553236064841,2.856397850025608e-6,TRUE,
"LAKE_ADULT_KIDNEY_C19_COLLECTING_DUCT_INTERCALATED_CELLS_TYPE_A_MEDULLA",314,-0.3928564475998459,-1.8218250559122824,4.942968771228807e-8,3.562852738073833e-7,"FAU;GPX1;ATP6V0B;SERF2;RPS14;RPL35;RPL13;CIB1;MYL6;RPS15;RPS8;RPL8;RPS5;COX5B;RPS16;RPL18;RPS6;RPLP1;COX4I1;RPS9;HSPB1;ATP6V0E1;RPL12;CIAO2B;CHCHD10;CHCHD2;RPLP2;LAMTOR5;RPS11;CD74;RPS2;RPS28;RPL7A;RPL15;RPS3;RPL32;RPSA;RACK1;EIF3K;RPS19;RPS18;RPL13A;RPLP0;RPL10;SELENOW;CBR1;ARF1;RPL34;HLA-C;HINT1;RPL10A;RPL9;RPL37A;RPL24;NDUFA4;PPIA;DYNLT1;IGFBP7;CD63;RPS3A;SLC25A39;RPL3;COX5A;MT2A;CYSTM1;GAS5;COX7C;HLA-B;SOD1;RPL14;RPL31;FTL;ATP5F1C;RPL35A;GSTP1;TPI1;RPL5;RPL41;RPS12;ALDOA;EEF2;PCBP1;SKP1;ANXA2;PSMA7;TPT1;RPL30;RPS7;RPS4X;LGALS3;RPS23;SRP14;IDH2;RPS13;ATP5MC3;DHRS7;S100A10;SLC25A5;SNHG29;UBB;ISCU;PRDX1;RPS27;EEF1A1;PGGHG;MYL12B;GAPDH;FTH1",-1.601003975769857,2.1128975979284496e-4,TRUE,
"GAUTAM_EYE_IRIS_CILIARY_BODY_WIF1_HIGH_FIBROBLASTS",119,-0.4936239417661797,-2.0740588092030627,8.309788990287921e-8,5.930908220519222e-7,"RPS14;RPL13;RPS8;RPL8;RPS5;SSR2;SOD3;RPS9;GNB2;SNORD3A;RPL15;TLE5;RPS3;RACK1;RPS18;RPL13A;RPSA2;RPL34;FLYWCH2;TUBB4B;RPL24;NHERF2;CSRP1;MT1X;SNHG8;RPL5;RPL41;ZNF703;EEF2;TNFRSF1A;IFI44L;RPS4X;RPS23;FHL1;TMEM176B;ANG;MT1M;TMEM176A;MT1E;HIC1;RPL17;TMSB4X;CMBL;WBP1L;TGIF1;RPL26;NR2F1",-1.8007098646856377,2.791636418084214e-4,TRUE,
"DESCARTES_FETAL_EYE_CORNEAL_AND_CONJUNCTIVAL_EPITHELIAL_CELLS",212,-0.4319939037424765,-1.9345307797960258,9.045947751039729e-8,6.393640740540702e-7,"NDUFA2;ZDHHC12;GPR108;SMIM22;TMEM191A;TMEM54;AGTRAP;STARD10;GFUS;STAP2;CLDN3;KRT7;PPDPF;CLIC3;RNPEPL1;VAMP8;H2AJ;CDKN2A;TSTD1;S100A6;RAB25;RASSF7;GABRP;SERINC2;SFN;BSPRY;CRIP1;WFDC21P;CHMP2A;ASS1;ABHD11;ADRB1;NR2F6;HEBP2;AQP3;LY6E;SYT8;S100P;ERBB2;NHP2;SDC1;WNT4;PLAAT4;CYB561;TFF3;ZNF703;MHENCR;HOPX;SPINT2;IRF2BP1;CLDN7;HDAC11;LGALS3;S100A9;SECTM1;SYTL1;FAM3D;CLDN4;NANS;ITPKC;SLPI;FAM83H;KRT18;SPINT1;ANXA1;ZNF689;NHSL3;MSLN;KRT8;BIK;PRSS8;ST14;KCP;IL1RN",-2.03781125128308,4.272642589710339e-9,TRUE,
"MURARO_PANCREAS_ENDOTHELIAL_CELL",360,0.3074588877930816,1.6982933395094697,9.586141903451218e-8,6.683781145227541e-7,"ARHGEF12;CBL;SPTBN1;SNTB2;MACF1;KDR;FLT1;MPRIP;LAMC1;REST;RAPGEF4;SWAP70;JAK1;LUZP1;MRTFB;ANKRD50;MEF2A;SASH1;IL6ST;YES1;ADGRF5;UTRN;UACA;PGM2L1;ERBIN;ADGRL2;KCTD20;BMPR2;SELE;ITPRIPL2;SNRK;GAB1;ANKRD11;EPAS1;SLC7A11;PTPN12;HEG1;PRDM1;AFAP1L1;LATS2;CCND1;PLEKHG1;CD93;BNIP2;TCF4;DENND11;COL4A1;ETS1;SLC38A2;MECOM;PTPRB;ITGA2;SLC26A2;UBE2J1;DLC1;LIFR;KLF13;GASK1B;SPRY4;LAMA4;PGM2;ITGAV;CBLB;CEP170;STC1;ZEB1;KBTBD2;KLHL24;DAB2;FZD4;LIMS1;LAMB1;MYCT1;DUSP6;HMGB1;ERG;PTPRE;KCNN3;CHSY1;EMP1;CALCRL;TBC1D8;TEK;RAI14;RB1;ADAMTS9;SHE;ITGA1;DGKD;BCL6B;ELK3;NID1;ADAMTS4;HIP1;MYH9;RBMS1;COL15A1;RDX;LHFPL2;ADGRL4;SGK1;GIMAP8;ESM1;SEC14L1;DOCK4;TGFBR2;EMCN;FRMD4A;SH2B3;TGFBR1;TCIM;RGS5;CLIC4;PODXL;SLC2A3;APP;LRRC8C;GARRE1;TBC1D1;CD34;ANGPT2;LDB2;CYYR1;ARHGAP31;OLFML2A;ZNF532;TM4SF18",2.0529500947804205,1.6312489191013061e-12,TRUE,
"SU_HO_CONV_CENT_CHONDROSARCOMA_STROMAL_C0_MINERALISATION_STROMAL_CELL",173,-0.4501775905277043,-1.9724972456832914,9.640068959462798e-8,6.683781145227541e-7,"SMDT1;CENPX;POLR2I;RNF181;MYL6;NINJ1;RPS19BP1;MCRIP2;H2AC25;CIAO2B;ORAI3;SNHG7;NDUFB4;PTGDS;CLIC3;ATP5MC2;PRDX2;DPCD;RASSF7;TMEM256;S100A13;CNFN;CLEC11A;CSNK2B;CARHSP1;TMEM106C;CLIC1;MTFP1;NUDT1;GNG5;BST2;EIF3I;FAM20C;C1orf43;CD300A;HADH;RNF7;GSTP1;SNHG8;EPB41L4A-AS1;TPI1;AK2;HPCAL1;ALDOA;CIMIP2B;OCIAD2;PDGFA;WDR54;RNF5;SLX9;DAP;PLP2;CAMTA1;PARK7;SNRPN;SARS1;RAMP1;GPI;HSBP1L1;ITGB2;PKIG;SLPI;LOXL4;HDAC5;STN1;FOLR1;NAPA;RGS10;LRRC28;EMP2;DDIT4;COL22A1;IRX3",-1.7979396103894747,5.478449714430698e-5,TRUE,
"HE_LIM_SUN_FETAL_LUNG_C2_PLATELET_CELL",358,0.2997226401495531,1.6528412068086327,1.0050918982408856e-7,6.902895301126083e-7,"USP12;CREBZF;BLTP3A;SOS1;LARP4;TRAF6;CDK17;HERC1;MAP4K5;CPEB4;ZBTB11;MBTD1;MSI2;NPAT;E2F3;LEMD3;ABCC4;RYBP;TXLNG;XRN1;MOB1B;IKZF4;AGO3;KIAA0232;CCNT2;CDKL1;YES1;CNST;RIMOC1;DENND4C;EPB41;THUMPD1;CHAMP1;PDZD8;ZNF197;FBXO30;GAB1;ZMYM5;ZNF175;TRIM23;ZMYND8;CMAS;KLHL42;CPEB2;B3GNT2;IGF2BP2;MTRR;SDE2;KIAA1586;TAL1;PPP4R3B;MCTP2;ENDOD1;LRRC8B;PELI2;ARID5B;LYSMD3;MAPK6;CREBRF;LMBRD2;YOD1;NT5C2;WASL;CBLB;KBTBD2;KLHL24;BROX;RAB3IP;KDM5B;ATOSA;DAAM1;ANKRD33B;STX17;ZNF431;ZNF714;CLCN3;SENP5;TSPOAP1-AS1;FBXO3;ZNF224;RIMKLB;NUDT4;WASF1;MPIG6B;SSX2IP;SPRY1;DGKD;CARMIL1;ARL15;NET1;TNIK;RAB30;SLC16A1;GP1BA;ZNF567;PLAG1;P2RY1;KHDC4;MGME1;USP42;RBM7;PEAR1;GCLM;C2orf88",1.768844160802426,1.747447337844713e-8,TRUE,
"DESCARTES_FETAL_HEART_MYELOID_CELLS",114,-0.5037593172611582,-2.106328082867146,1.0347732705702771e-7,6.946881830515178e-7,"CD74;TYROBP;CD14;HLA-DRB1;WFDC21P;HLA-DMB;SOWAHD;HLA-DRA;SPP1;ANO7L1;TREM2;C19orf38;C1QA;C1QC;SPI1;C1QB;SLC38A6;LRRC25;HLA-DRB6;CD300LF;SPNS3;OSCAR;HLA-DPA1;SLC11A1;HK3;PLD4;MMP9;P2RY6;HLA-DQA1;HLA-DRB5;LILRB3;NAPSB;CLEC10A;HCK;PILRA;IGSF6;LILRB4;VSIG4;SIGLEC1;IL1R2;EBI3;CIITA;IL1RN;C5AR1;NFAM1;CSF1R;UPK3A;ITGAX;NCF2;MS4A4A;LINC01094;HLA-DQA2;SLAMF8;MS4A6A;S100A8;LGMN;FGD2;CD86;SIGLEC14;FPR1;ACP3;PDCD1LG2;LILRB1;C3AR1;LILRB5",-1.8637290894185965,1.0155312605780049e-4,TRUE,
"GAUTAM_EYE_IRIS_CILIARY_BODY_MEG3_HIGH_FIBROBLASTS",108,0.44485848115920223,2.1460343757021607,1.0393857910484269e-7,6.946881830515178e-7,"BTAF1;BAZ2B;IBTK;ITSN1;THOC2;PTPRG;FLT1;NIPBL;AFF1;ZNF37A;SSH1;RICTOR;ETV3;SLC7A11;NAV1;POLR2A;FNDC3A;HGF;ETNK1;RHOBTB3;PRKCA;ZC3HAV1;MCTP2;CRISPLD2;ZKSCAN1;FGF7;RAMP2-AS1;PTPRE;DUSP5;NABP1;BHLHE40;ARID3A;TMEM67;TIPARP;ASXL1;ZFHX4;AASS;NDNF;CEP95;ALPK1;MT-ND6",2.1808247717976985,5.126957747769265e-7,TRUE,
"TRAVAGLINI_LUNG_NEUTROPHIL_CELL",350,-0.3780596142551834,-1.7614241683039764,1.0401237905579044e-7,6.946881830515178e-7,"PPP1R35;BBLN;FAM89B;NICOL1;LAMTOR4;COX6B1;ATP6V1F;METTL26;MYL6;RPS19BP1;COX5B;LAMTOR2;ARPC4;TMUB1;FKBP8;CTSD;COX8A;MZT2B;GNB2;BRI3;NDUFB1;TWF2;RPS19P3;NOP10;CEBPB;TYROBP;YJU2B;LPAR2;TSTD1;ZFAS1;S100A6;MSRB1;FTLP3;UBALD2;NDUFS6;RPL3P7;JTB;S100A11;PHC2;JUND;HLX;UQCRHL;EMP3;R3HDM4;PDLIM7;CTDNEP1;PSMA6;TAPBP;RPL7AP30;TMEM259;NCF4;COX7A2;S100P;HLA-B;FTL;IFITM3;PLPPR2;YPEL3;SELENOK;IFITM2;ATP5F1E;NCF1C;SPI1;BST1;ADAM8;TMEM91;ALOX5AP;VSIR;PELATON;CNPPD1;MHENCR;ALDH16A1;G0S2;MGRN1;VASP;KDELR1;ABTB1;MRTFA;PRR13;CORO1A;TNFRSF1A;CEBPD;NTNG2;CDK2AP2;SLC11A1;KLF2;S100A9;TKT;MMP9;NDUFA1;TXNL4A;CCDC88B;MAPKAPK2;CSTB;AMPD2;CIRBP;PGGHG;ZDHHC18;DOK3;FFAR2;FTH1;ARHGAP9;WAS;NBEAL2;CALM3;RPL12P12;RAB5C;RPSAP15;PLIN5;LIMK2;BCL2A1;WASH3P;MAX;MYO1F;NCF1;ZBTB7A;GNAI2;SRGN;IL1R2;F8A1;ADGRG3;MMP25;TMA7;FTH1P8;FTH1P7;WASHC1;RASGRP4;SMAP2;KMT2E-AS1;LRP10;C5AR1;TREM1;JUNB;ULK1;NFAM1;ARRB2;BCL3;ANPEP;DGAT2;ITGAX;BRD4;NCF1B",-1.7867083928597576,7.888420244642022e-8,TRUE,
"LAKE_ADULT_KIDNEY_C25_ENDOTHELIAL_CELLS_UNASSIGNED",38,0.637960845050197,2.4967524729767865,1.141143600810366e-7,7.552295830817695e-7,"DOCK9;SSH2;ZFC3H1;ASAP1;ZFHX3;UTRN;RALGAPA2;PPFIBP1;SRPK2;STOX2;TCF4;TCF12;EPB41L4A;PROX1;DOCK5;MYH9;ARL15;LDB2;PDE7B;TSHZ2;KMT2E;FCHSD2;SEMA3A;CPNE8",2.6872341034316443,4.5678203009831666e-8,TRUE,
"ZHONG_PFC_MAJOR_TYPES_MICROGLIA",426,-0.36022186364179754,-1.699865697531212,1.203831941912198e-7,7.895402285694415e-7,"GPX1;DPP7;BLVRB;NINJ1;HCST;PYCARD;NPC2;ATP6V0E1;CTSD;DHRS3;LTC4S;BRI3;MGAT1;CD74;TYROBP;DNPH1;CYBA;VAMP8;PSMB10;RHOG;PLD3;EGFL7;STXBP2;HEXA;CD14;RNF130;HLA-C;IGFLR1;S100A11;PLA2G15;LST1;TNFAIP8L2;PFN1;RNASET2;GNG5;TCIRG1;CD63;TAPBP;CCL3;BST2;APOC1;ARPC1B;APOE;SPP1;GSTK1;HLA-E;TREM2;SYNGR2;NCF4;GYPC;HLA-B;C1QA;C1QC;RCN3;CD300A;GMFG;ADISSP;FTL;FES;LAT2;IFITM2;PTPN6;SLC29A3;ALOX5AP;VSIR;C1QB;ABI3;SELPLG;REEP4;LAPTM5;CNPY3;CD81;CTSB;NAGA;SLC15A3;FOLR2;MGST2;POLD4;GRN;PRR13;COLGALT1;CYTH4;RAB32;RNF135;CORO1A;TPT1;TMIGD3;PARVG;TNFRSF1A;CAPZB;CEBPD;AP1B1;OSTF1;CCL4L2;GPSM3;RAB3IL1;KLF2;PLD4;CCL4;TMIGD2;GAS6;RPS6KA1;LY86;ITGB2;MILR1;ANXA11;RGS19;ARHGAP9;WAS;CMTM7;WDR91;GM2A;GAL3ST4;ABHD12;SERPINB6;HCK;CTSA;IGSF6;LILRB4;AIF1;MKNK1;RGS10;VSIG4;CTSL;ADORA3;MYO1F;PPT1;GNAI2;SRGN;FCGR1A;P2RX4;HAVCR2;CEBPA;BIN1;TNFRSF1B;CASP1;TMC6;TMEM273;SMAP2;B2M;FCER1G;LAIR1;C5AR1;JUNB;H1-2;FCGRT;PLTP;FAM78A;PSAP;CD37;ARRB2;STAB1;CSF1R;CREG1;ALOX5;BLNK;ITGAX",-1.4583034405145916,0.002201267133464743,TRUE,
"HU_FETAL_RETINA_MICROGLIA",376,-0.37260391044316526,-1.7412042569326074,1.2418256730933965e-7,8.071866875107077e-7,"GPX1;OAZ1;CIB1;NINJ1;HCST;PYCARD;NPC2;ATP6V0E1;CTSD;CD74;HLA-DMA;SIPA1;CEBPB;TYROBP;CYBA;VAMP8;ACTB;LGALS9;RHOG;CST3;STXBP2;FTLP2;CD14;HLA-C;ZYX;HLA-A;S100A11;PLEKHO1;HLA-DRB1;LST1;HLA-DMB;PFN1;EFHD2;RNASET2;GNG5;HLA-DRA;TAPBP;ARPC1B;SPP1;HLA-E;TREM2;SYNGR2;NCF4;HLA-B;ARHGAP45;C1QA;C1QC;CD300A;GMFG;FTL;TYMP;CCL3L3;LAT2;SPI1;GRK2;LSP1;HMOX1;ALOX5AP;VSIR;C1QB;RAC1P2;ABI3;SELPLG;LAPTM5;CNPY3;CTSB;FOLR2;MGST2;GRN;PRR13;COLGALT1;CYTH4;CORO1A;TPT1;TMIGD3;PARVG;TNFRSF1A;HLA-DPA1;CAPZB;CEBPD;AP1B1;OSTF1;CCL4L2;GPSM3;KLF2;PLD4;UBC;GAS6;RPS6KA1;LY86;ITGB2;MILR1;SERP1;ARPC5;ANXA11;RGS19;ARHGAP9;TMSB4XP8;WAS;TMSB4X;PCED1B-AS1;CMTM7;GM2A;GAL3ST4;ABHD12;HCK;IGSF6;KIAA0930;LILRB4;RAC1;AIF1;MKNK1;RGS10;VSIG4;ADORA3;MYO1F;PPT1;GNAI2;SRGN;FCGR1A;P2RX4;HAVCR2;BIN1;TNFRSF1B;CASP1;TMC6;SUSD3;SMAP2;B2M;FCER1G;LAIR1;JUNB;FCGRT;PSAP;CD37;ARRB2;STAB1;CSF1R;CREG1;ALOX5;BLNK;ITGAX;ITGAM;EVI2A;ARPC3;ACY3;GADD45B;ARPC2;MYL12A",-1.3990919786980125,0.008542718382256481,TRUE,
"FAN_OVARY_CL7_ANGEIOGENIC_ENDOTHELIAL_CELL",250,-0.4050263870100233,-1.847291353818922,1.2756200852372372e-7,8.218154177457599e-7,"GUK1;TSPO;FIS1;TMEM219;DUSP23;NPC2;HSPB1;IFI27;PSMB8;NDUFB1;CD74;HLA-DMA;SNHG7;NOP10;RPS28;VAMP5;CCDC85B;CD151;PSME1;CRIP2;ARL2;S100A6;NDUFC1;NPDC1;EGFL7;TAGLN2;S100A13;SELENOW;ISG15;HLA-C;RHOC;PSMB9;HLA-A;CYB5R3;DAD1;ZFYVE21;PSME2;HLA-DRB1;TSPAN4;HLA-DPB1;GNG5;HLA-DRA;GABARAPL2;IGFBP7;BST2;ARPC1B;GSTK1;HLA-E;MT2A;LY6E;PDLIM1;HLA-B;PIM3;HLA-DQB1;IFITM3;IFITM2;CDC37;ANXA2;IFI6;MGST2;BCAP31;GRN;NNMT;IFI44L;HLA-DPA1;CLDN5;RAMP2;ID3;S100A16;UBC;S100A10;FXYD5;RAMP3;ISCU;ACKR1;HLA-DRB5;TMSB4X;PTMS;IGFBP4",-1.654358910991751,2.0872866718445198e-4,TRUE,
"DESCARTES_MAIN_FETAL_CLC_IL5RA_POSITIVE_CELLS",168,-0.45597842713387204,-1.997180454137178,1.3567542510118958e-7,8.664185041549651e-7,"UCK1;SHARPIN;MTFR1L;SAC3D1;PCGF1;LAMTOR5;TIGD5;DRAP1;TMEM250;ATP5F1EP2;PRELID1;RPL35P5;RPS23P8;ACTR1B;SNRNP25;NDUFC1;MRPL40;ZNF32;ESS2;TIMM50;NOP16;SLC52A2;ALG3;IMP3;SNHG10;GPT;TTC4;POLRMT;PAQR4;PPM1M;ACBD6;BCS1L;LINC00847;ZDHHC24;VMA22;BRF2;POLR3K;ENTR1;POLR1E;SF3B4;GPATCH3;ZC3HC1;PDE6G;NDUFB5;CENPW;THYN1;DBP;LINC02482;R3HCC1;COA6;STRN4;C1orf174;TRAPPC2B;BCKDHA;MMACHC;PANK4;FBXL8;ARFIP2;THAP7-AS1;SDHAF3;PGAM5;PTGDR2;BIRC5;ZFP41",-1.9333092926725053,1.2269430305852609e-6,TRUE,
"HAY_BONE_MARROW_NAIVE_T_CELL",371,-0.3693758668361593,-1.7232290412119382,1.8279728669135448e-7,1.157186301837444e-6,"FAU;SMDT1;RPL18A;C19orf53;RPL36;RPS14;TECR;RPL35;RPL13;RPS15;RPL28;RPS8;RHBDD2;RPS5;SSR2;RPS16;NOSIP;RPL18;RPS6;RPL12;RPL29;RPLP2;GALT;SNRPD2;RPS2;RPS28;TNFRSF4;TLE5;CRIP2;TRADD;RPS21;RPS3;RPL32;RPSA;TSTD1;RPL27;RPS19;RPS18;RPS15A;RPL13A;RPL10;RPL34;RPL10A;RPS29;RPL9;RPL27A;MTFP1;RPL24;SNHG32;ANXA2R;RPL38;CORO1B;RPS10;RPS3A;RPL37;AQP3;GSTK1;RPL3;COX7C;ARHGAP45;RPL14;U2AF1L4;RPL31;BLOC1S4;FAM241B;SELENOK;RPL35A;SEPTIN1;MCUB;PHF1;EEF1B2;SNHG8;RPL5;RPL41;RPS26;RPL36AL;RPS12;MHENCR;OCIAD2;LINC01089;LSR;LRRN3;TOMM7;ORMDL3;TPT1;PBX4;TMEM204;RPL30;HAPLN3;RPS7;RPS4X;GPSM3;ISG20;KLF2;RPS23;SNRPN;SFI1;RPS13;PRMT2;C9orf78;NSMCE3;FXYD5;SOCS1;PIK3IP1;RPS27;LTB;EEF1A1;CD3D;RPL17;FAM177A1;NOP53;SH2D3A;SEC14L2;ATP6V0E2;TRAF1;GRAMD1A;ACAP1;CD48;TRBC1;TRBC2;RPS20;RPL11;TMEM63A;PBXIP1;CCDC57;BIN1;EEIG1;TMC6;RGCC;ARID5A;TRAC;SUSD3;NMRK1;RPS27A;YPEL5;JUNB;SEPTIN6;PIM2;PCSK1N;FBLN7;PCED1B;RPS17;RPL4;RHOH;TNFRSF25;APBB1;SIT1;LDLRAP1;ANAPC16;CD69;CREM;VAMP2;STMN3;LINC02762;RPL23A;GATA3;LINC02361;EEF1D;GIMAP1;PLK3;NDFIP1;OXNAD1;LBH;BEX5;EIF1",-1.6471858579849301,9.045263233112456e-6,TRUE,
"DESCARTES_MAIN_FETAL_ELF3_AGBL2_POSITIVE_CELLS",154,-0.4543589873684296,-1.9641135393068672,1.992301962436309e-7,1.2503412315979594e-6,"PHPT1;DCXR;ZNF524;C15orf61;NUDT8;BCKDK;ATP5MJ;STUB1;PFDN1;ZNF580;MRPS11;MPV17L2;DDA1;SNHG18;CNN1;NUDT22;ZNF691;MCRS1;SLC35A4;MPC1;DUSP28;COX5A;SMIM27;NCBP2AS2;CDCA4;BANF1;HDHD5;POMGNT1;CRTC2;BRK1;MTCH1;FUNDC2;TPT1P4;FTH1P16;PTTG1;TIMM10;PYGB;PSMB2;SCAMP1-AS1;CRAT;RPL26P19;CDK16;SNF8;TOMM22;MRPL37;ULK3;ISCA2;RNF113A;LINC00853;TUBG1;METTL23;RPL37P23;RPL39L;LSM1;OPLAH;TINF2;PTP4A3;FIZ1;UQCRFS1;SLC2A4",-1.868772482154882,1.874839019783741e-5,TRUE,
"TRAVAGLINI_LUNG_NONCLASSICAL_MONOCYTE_CELL",175,-0.43151870942482445,-1.8967460067099953,5.719143600669371e-7,3.5585782404164975e-6,"NPC2;BID;BRI3;LFNG;MGAT1;TIMP1;CEBPB;RRAS;TYROBP;VMO1;LGALS9;CST3;STXBP2;HES4;ISG15;RHOC;S100A11;LST1;UNC93B1;HSBP1;TCIRG1;PHF19;C19orf38;CD300A;FAM110A;FTL;IFITM3;TYMP;CNIH4;TTYH3;TAGLN;PTPN6;SPI1;GSTP1;HMOX1;UBE2R2;ABI3;RXRA;NAGA;ZNF703;LRRC25;CD300LF;SLC11A1;HK3;SECTM1;MYO1G;PRAM1;LILRA5;AMPD2;GPBAR1;RGS19;FTH1;SMCO4;UNC119;HCK;PILRA;RIN1;KIAA0930;FGR;BCL2A1;RELT;ALDH3B1;CD300C;C1orf162;CLEC12A;MAFB;TNFRSF1B;CASP1;TNFSF10;RARA;FCER1G;C5AR1;FCGRT;PSAP;SH2D3C;NFAM1;CSF1R;ITGAX;KYNU;RNPEP;PLXNB2;NCF2;THEMIS2;OAS1;SAT1;ATG3;WARS1;POU2F2;MYD88;CD4;FGD2;TNFSF13B;CD86;RHOB",-1.7670514182561434,8.701366109325876e-5,TRUE,
"SU_HO_CONV_CENT_CHONDROSARCOMA_LEUKOCYTE_C3_SKELETAL_PROGENITOR_LIKE_CELL",276,-0.3842275003098818,-1.7628830533737874,6.160306370465034e-7,3.8005957946597835e-6,"PHPT1;BCL7C;C12orf57;VKORC1;RPS14;SELENOM;SSR2;SOD3;YIF1A;YIPF2;COX7A1;MYDGF;TMED1;CRIP2;PRDX2;ISOC2;PTPA;S100A13;CD320;TIMM50;MRPL11;MYL9;TMEM9;RPL9;ZFYVE21;SNHG32;NOL3;IGFBP7;PEMT;RPS10;MED10;S100P;RCN3;ABT1;NDUFA4L2;PRDX4;CNIH4;SDC1;PLAC9;SERTAD4-AS1;SMIM7;FBL;EFEMP2;TPM2;EPB41L4A-AS1;PTGES;PSMB5;ANGPTL4;BCAR1;IFT22;RGS3;RHOD;ERG28;DAP;KRT10;MTX1;NNMT;PLP2;AOPEP;MDK;SPON2;MT1M;ISLR;VASN;OXA1L;SBSPON;RNPS1;PKIG;NDUFAF2;MT1E;EEF1A1;PODNL1;MFGE8;CHPF;OSTC;PYCR1;SLPI;MXRA8;TRIM47;MAP2K7;IGFBP3;GPC1;PCOLCE;SRI;EMP2;PGF;PFN2;RPL11;PCOLCE2;HNRNPA1L3;EFNA1;C11orf96;PRDX6;TMEM98;PHLDA3;PCSK1N;MGP;SERPINH1;BGN;CAV2;COPS5;NRN1;SNRPE;BTF3;SDR39U1;PRELP;CAV1;CPE;SETD9;SRPX;ID1;LOX;KDELR2",-1.475447107105212,0.006008539476109905,TRUE,
"SU_HO_CONV_CENT_CHONDROSARCOMA_C4_HIGH_GRADE_CHONDROSARCOMA_1",94,-0.5208238037380634,-2.1036612625295423,6.766179875553528e-7,4.139310041515099e-6,"RPS14;RPL35;RPL28;RPL8;RPL12;RPL29;RPLP2;ATP5MC2;RPS3;RPL32;RACK1;RPL27;RPS18;RPS15A;RPL10;RPL10A;GADD45G;RPL9;RPL27A;SNHG32;RPL38;RPS10;RPL37;COX7C;RPL14;RPL31;BRK1;LYRM4;FBL;TBC1D17;RPS12;TPT1;RPL30;NDUFS4;IL32;RPS23;ECSCR;RPS13",-2.118250086248551,6.861073578301936e-7,TRUE,
"LAKE_ADULT_KIDNEY_C10_THIN_ASCENDING_LIMB",345,-0.36705686108515573,-1.7074001558105245,8.961269679064921e-7,5.436503605299385e-6,"FAU;UBA52;GPX1;ATP6V0B;SERF2;RPS14;RPL35;RPL13;CIB1;DUSP23;MYL6;RPS15;RPS8;RPL8;RPS5;COX5B;RPS16;RPL18;RPS6;RPLP1;COX4I1;RPS9;ATP6V0E1;RPL12;RPLP2;LAMTOR5;RPS11;CD74;TIMP1;KRT7;PSMB1;RPS2;RPS28;RPL7A;RPL15;RPL32;RPSA;RACK1;S100A6;RPS19;RPS18;RPL13A;RPLP0;RPL10;SELENOW;CBR1;ARF1;JTB;HINT1;HLA-A;S100A11;RPL10A;RPS29;RARRES2;RPL9;RPL37A;RPL24;NDUFA4;PPIA;HSBP1;CD63;RPS3A;ARPC1B;SPP1;HLA-E;RPL3;MT2A;CYSTM1;COX7C;HLA-B;SOD1;RPL14;RPL31;FTL;ATP5F1C;IFITM3;MTCH1;IFITM2;ATP5F1E;GSTP1;TPI1;RPL5;RPL41;CD81;CTSB;RPS12;ALDOA;G0S2;EEF2;PCBP1;ANXA2;PSMA7;LINC01503;TPT1;RPL30;RPS7;CEBPD;RPS4X;RPS23;SRP14;IDH2;RPS13;ATP5MC3;UBC;S100A10;SLC25A5;UBB;PRDX1;RPS27;EEF1A1;MYL12B;CCT3;GAPDH;FTH1",-1.4976914796554162,6.3884252701656e-4,TRUE,
"SU_HO_CONV_CENT_CHONDROSARCOMA_C2_STROMAL",165,-0.4413316371332519,-1.9262709953017478,9.076280284274379e-7,5.4607702867369825e-6,"ZNHIT1;RNF181;DCTN3;MYL6;BAD;SOD3;RNASEH2C;GSTO1;INAFM1;PSMB8;TIMP1;NDUFB4;VAMP5;PTGDS;TPST2;DPCD;DMAC1;TMEM256;TIMM8B;CSNK2B;ATP5IF1;MYL9;IDH3G;ETFB;RARRES2;MTFP1;NUDT1;CUEDC2;PDLIM7;NOL3;MRPL14;ZSCAN16-AS1;LY6E;MGMT;RCN3;ARL3;ATP5F1C;HADH;IFITM2;TPM2;PDLIM2;TAX1BP3;SAT2;HPCAL1;CDC42EP1;RAB34;PDLIM4;RNF5;CTSF;CAMTA1;GSTM3;R3HCC1;S100A16;HSBP1L1;AAMDC;COPZ2;SMCO4;IGFBP4;MXRA8;LOXL4",-1.5564604923270406,0.005022867737197908,TRUE,
"TRAVAGLINI_LUNG_NATURAL_KILLER_CELL",123,-0.46525332388646096,-1.953297171955957,1.089140736299582e-6,6.499134885459801e-6,"CCDC107;ABHD17A;DHRS3;TPST2;CLIC3;EBP;HLA-C;RHOC;PFN1;EFHD2;IGFBP7;GZMM;ZAP70;GYPC;CD300A;CD244;GNLY;PLAAT4;ABI3;CD7;SELPLG;RASSF1;CTSW;RAC2;CHST12;HOPX;FKBP11;PRF1;NKG7;CST7;CCL5;GZMA;OSTF1;ISG20;APOBEC3G;CMC1;TMIGD2;SPON2;DHRS7;ITGB2;UBB;TTC38;HDDC2;HSH2D;SH2D2A;S1PR5;CD247;GZMH;SIGLEC7;DDIT4;HAVCR2;IFITM1;B2M;MYOM2;AKR1C3;SLA2;DUSP2;ARPC2;BPGM;TBX21;NMUR1",-1.7032762710598133,0.0011582731602511863,TRUE,
"BUSSLINGER_DUODENAL_STEM_CELLS",308,-0.3692401246200982,-1.7093578904738276,1.5884585514201601e-6,9.401608336860785e-6,"RPL18A;RPL36;RPS14;RPL35;RPL13;RPS15;RPS8;RPL8;RPS5;RPS16;RPL18;RPS6;RPLP1;RPS9;RPL12;CHCHD2;RPS11;CLDN3;RPS2;RPS28;RPL7A;RPL15;ATP5MC2;RPS3;RPL32;ZFAS1;RACK1;RPL27;RPS19;RPS18;RPS15A;RPL13A;RPL10;SELENOW;RPL34;SNRPB;RPL10A;RPS29;RPL9;RPL27A;RPL37A;RPL24;PPIA;GPX2;RPL38;RPS3A;ERGIC3;RPL37;RPL3;ASCL2;GAS5;PDLIM1;MARCKSL1;COX7C;BANF1;RPL14;RPL31;RPL35A;EEF1B2;FBL;GSTP1;SNHG8;CA9;RPL5;RPL41;AHCY;PKDCC;RPS12;TXN;EEF2;DUT;TOMM7;SPINT2;CDC42EP5;REPIN1;TPT1;RPL30;RPS7;CRLS1;RPS4X;RPS23;RPS13;ATP5MC3;TKT;CLDN4;HMGA1;MCM7;RGMB;PPP1R1B;SNHG29;SERP1;RPS27;EEF1A1;REG1A;TRIM28;IMPDH2;SNHG6",-1.577606875728701,2.908923020642641e-4,TRUE,
"DURANTE_ADULT_OLFACTORY_NEUROEPITHELIUM_UNSPECIFIED",32,-0.6733646375449737,-2.2406257199706676,1.6410740859267821e-6,9.634693020602398e-6,"CIB1;SPMIP6;CAPS;ATP5IF1;DYNLL1;TUBB4B;S100A2;PRDX5;DYNLT1;TUBA1A;TPPP3;PIERCE1;PTTG1;H2AZ1;PRDX1;TUBB;STMN1;CIMAP3;TUBA1B;MORN2;PPA1;CALM2;NQO1;ALDH3A1;CETN2",-1.9928390829386273,4.1798458408739416e-4,TRUE,
"ZHENG_CORD_BLOOD_C7_PUTATIVE_LYMPHOID_PRIMED_MULTIPOTENT_PROGENITOR_1",91,0.45321763033712414,2.154933199085976,2.047744212951533e-6,1.1926062296229728e-5,"ANKRD26;SPTBN1;KPNB1;ANKRD28;CHD1;MSI2;TTC3;KRAS;BRCA2;SLK;TAOK3;ANKRD36;MIS18BP1;HSP90B1;TCERG1;STARD4-AS1;ARID4A;DEK;USP36;KRR1;CCDC14;LRRFIP1;FAM161A;HIF1A;ZC3HAV1;HNRNPH1;CSGALNACT2;ANKRD36C;MALAT1;PTPRE;SET;VPS35;TTF1;NAP1L1;XIST;PIK3R1;SPN;HSPA5;MT-ND5;MT-ND6;ZRANB2;MAP3K8;NUCB2",2.287179953170894,3.672314645731259e-7,TRUE,
"DESCARTES_FETAL_KIDNEY_MYELOID_CELLS",162,-0.43256041156681213,-1.887447276707785,2.1194946613627217e-6,1.224596915454017e-5,"CIMAP1B;CST3;HLA-DPB1;HLA-DMB;SOWAHD;ADRB1;SPP1;TREM2;C1QA;C1QC;HLA-DQB1;SPI1;HMOX1;C1QB;PELATON;CTSB;SLC15A3;FOLR2;LRRC25;CD300LF;CYTH4;OSCAR;HK3;SLC67A1-AS;GPBAR1;P2RY6;DLGAP3;CCDC17;IGSF21;HLA-DRB5;HLA-DQB2;NAPSB;HCK;ARHGAP22;IGSF6;LILRB4;AIF1;MSLN;CD33;ALDH3B1;VSIG4;C1orf162;SIGLEC9;NCF1;FCGR1A;SIGLEC1;IL1R2;HAVCR2;CIITA;TMEM273;GPR84;TREM1;NFAM1;CSF1R;TMEM86A;TMT1B;ACY3;KYNU;MSR1;NCF2;MS4A4A;RNASE2;IFI30;LILRA6;C5AR2;SLAMF8;CCL8;MS4A6A;ST18;CXCL8;S100A8;PLAUR;RGS2;C15orf48;FGD2;LY96;CD86;LILRA2;ADAP2;LILRB1;C3AR1;LILRB2;LILRB5;FAM20A;RNASE6",-1.4990056864577503,0.008555376063249078,TRUE,
"ZHENG_CORD_BLOOD_C4_PUTATIVE_EARLY_ERYTHROID_COMMITMENT",94,0.45285227140137796,2.1625402844494097,2.7570872684431852e-6,1.5775373033424524e-5,"RAPGEF2;PNN;SPTY2D1;STK4;DDX21;MOB1B;SESN3;BMP2K;PDZD8;FOXO3;NOP58;DGKE;ZMYND8;GNAI1;SKIL;SLC38A2;G3BP2;ITGA4;RSBN1;ELF1;ITPRID2;NFKBIZ;PHTF1;TEC;MYCT1;ERG;NLK;CRACD;SDCBP;ZBTB20;LDLR;CDK6;TNIK;TAF1D;IKZF2;ZEB2;CKAP2;IMPA1;IL1RL1;ZNF711",2.213805000798913,2.7453795465301936e-6,TRUE,
"DESCARTES_MAIN_FETAL_CORNEAL_AND_CONJUNCTIVAL_EPITHELIAL_CELLS",230,-0.390841372913741,-1.7682868652037305,2.7736919619207957e-6,1.5775373033424524e-5,"ZDHHC12;GPR108;TMEM191A;AGTRAP;TIMM29;ADCK2;PUSL1;PHKG2;CRB3;COMMD4;RNPEPL1;TMEM258;H2AJ;CDKN2A;RAB25;CTU2;CNFN;GABRP;BNIP1;ZNF576;TMEM125;FIBP;PSME2;MESP1;CHMP2A;NFKBIB;ABHD11;NR2F6;LINC03073;KDF1;FBXL6;SYNGR2;EMC4;U2AF1L4;TMEM216;NHP2;B3GALT4;ATP13A1;PLAAT4;NXT1;MHENCR;DMAP1;ALG1L1P;RAB1B;SKP1;SPINT2;CD2BP2;TMEM11;PRRT3;BAG1;RPL37P6;BATF;QARS1;HDAC11;C19orf73;S100A9;FAM3D;IRF5;FAM86C1P;CLDN4;OAZ3;POLR2J4;SPCS1;SLPI;GARIN5A;FAM83H;SPINT1;PEX11B;ZNF689;MIER2;USP21;NACA3P;DNAJC19;RPL13AP20;NUP85;MMP7;TEPSIN;NOL6;ZG16B;LRP10;MRPL13;LYSET;SRD5A3;ALOX5;RPL12P4;DELEC1;PLEKHS1;SLC35C1;FOXD2-AS1;NDUFB2-AS1;ANKRD35;ATP6V1G1;APOBEC3F;LINC02361",-1.750128553852554,3.40872474374616e-5,TRUE,
"LAKE_ADULT_KIDNEY_C8_DECENDING_THIN_LIMB",276,-0.37481561615951536,-1.7197001706919992,2.8458920097553898e-6,1.6060537853503287e-5,"FAU;UBA52;GPX1;SERF2;RPS14;RPL35;RPL13;CIB1;MYL6;RPS15;RPS8;RPL8;RPS5;RPS16;RPL18;EDF1;RPS6;RPLP1;RPS9;RPL12;RPLP2;RPS11;TIMP1;PSMB1;RPS2;CLTA;RPS28;RPL7A;RPL15;TMSB10;RPL32;RPSA;RACK1;S100A6;RPS19;RPS18;RPL13A;RPLP0;RPL10;ARF1;RPL34;HINT1;HLA-A;RPL10A;RPL9;RPL37A;RPL24;NDUFA4;PPIA;DYNLT1;IGFBP7;CD63;RPS3A;SPP1;RPL3;MT2A;CYSTM1;GAS5;HLA-B;SOD1;RPL14;RPL31;FTL;IFITM3;EEF1B2;GSTP1;TPI1;RPL5;RPL41;CTSB;RPS12;ALDOA;EEF2;PCBP1;SKP1;ANXA2;PSMA7;TPT1;RPL30;RPS7;CEBPD;RPS4X;RPS23;SRP14;RPS13;S100A10;UBB;PRDX1;CIRBP;RPS27;EEF1A1;PGGHG;MYL12B;GAPDH;FTH1",-1.577061920963909,6.465588917498843e-4,TRUE,
"HAY_BONE_MARROW_NEUTROPHIL",427,-0.34153623482049766,-1.6120733676852208,3.264953686268222e-6,1.8283740643102042e-5,"NDUFA11;TSPO;GPX1;ATP6V0B;SERF2;RNF181;NICOL1;OAZ1;LAMTOR4;COX6B1;UQCR11;ATP5F1D;STX10;TMEM205;ATOX1;CAPNS1;PYCARD;PSMB3;NDUFS7;ADAP1;PGLS;COX4I1;POLR2L;ATP6V0E1;LAMTOR2;CTSD;AP2S1;SCAND1;AGTRAP;BRI3;ELOB;NDUFB1;TOM1;ATP5ME;TYROBP;JOSD2;TMSB10;CYBA;ATP5MC2;ACTB;S100A6;MSRB1;PLD3;ATP5MJ;STXBP2;IFI27L2;CD14;RNF130;APBB3;DENND6B;ADAM15;UBXN11;COX7B;ZYX;PHC2;JUND;HLX;ATP6V0D1;CHMP2A;ATP5MG;TRIOBP;CAPG;HEBP2;SH3BGRL3;NCF4;S100P;GMFG;TALDO1;TYMP;PLPPR2;FES;CTSZ;PRKACA;FXYD6;FBP1;POLE4;PSTPIP1;ATP5F1E;BST1;GSTP1;RXRA;CNPY3;NAGA;ALDOA;SLC15A3;ETHE1;ANXA2;CARD16;GLIPR2;GRN;PRR13;NDUFB5;OSCAR;STAC3;SLC11A1;S100A9;TKT;TMEM176B;S100A10;PRAM1;TMEM176A;LY86;ZNF467;CYP27A1;MMP17;RAB5IF;METTL22;IL10RB;GAPDH;DOK3;SMCO4;LRP3;SULT1A1;LILRB3;SMARCD3;GM2A;ANXA1;GABARAP;SRD5A1;TMEM107;IGSF6;TGFB1;CD33;ALDH3B1;C1orf162;CLEC12A;PDXK;MOB3A;RBP7;NCF1;GNAI2;SRGN;ARL8A;CD300LB;IL1RN;CASP1",-1.4094286558977307,0.004255686278994383,TRUE,
"DESCARTES_FETAL_KIDNEY_LYMPHOID_CELLS",145,-0.4411636162080694,-1.8947660438119334,3.45712064068055e-6,1.9212090277980463e-5,"CLIC3;PARD6A;PLEKHF1;RPLP0P6;TNFRSF18;HLA-F;CD52;S1PR4;CRIP1;GZMM;ZAP70;TRAPPC14;MT1X;SEPTIN1;RPSAP12;PLAAT4;CD7;CTSW;LRRN3;PRF1;NKG7;CST7;BAK1;GZMA;ISG20;IGHD;APOBEC3G;MYO1G;TMIGD2;CD79B;GPR68;LTB;CD3D;ACAP1;SH2D2A;S1PR5;CD247;TRBC2;PBXIP1;DDTL;MYOM2;LINC02562;DOC2GP;RHOH;SIT1;DUSP2;CD69;GOLGA7B;LY9;LINC02481;IGKC;TBX21;CD8A;SASH3;TERT;CD3E;CD2;LTA;CD27;SIRPG;KLRB1;TNFSF14;CD79A;EOMES",-1.789705856143933,1.9896331223302204e-4,TRUE,
"DURANTE_ADULT_OLFACTORY_NEUROEPITHELIUM_DENDRITIC_CELLS",113,-0.4774058349388923,-1.9950386740307835,3.5831912814026887e-6,1.9761842824705737e-5,"OAZ1;CFD;PYCARD;TIMP1;CEBPB;TYROBP;CYBA;ACTB;CST3;STXBP2;CD14;CD52;LST1;EMP3;HLA-DRA;CCL3;SH3BGRL3;GMFG;FTL;TYMP;IFITM2;SPI1;LSP1;PELATON;LAPTM5;G0S2;CARD16;CORO1A;SLC11A1;S100A9;TKT;ITGB2;FTH1;PILRA;IGSF6;AIF1;FGR;CD48;BCL2A1;C1orf162;CLEC12A;NCF1;SRGN;TNFRSF1B;FCER1G;C5AR1;TREM1;PSAP;CD37;CD44;OSM;NCF2;IFI30;MS4A6A;CXCL8;S100A8;PLAUR;POU2F2;RGS2;STX11;RNF149",-1.7856535207033892,5.048495861057532e-4,TRUE,
"LAKE_ADULT_KIDNEY_C18_COLLECTING_DUCT_PRINCIPAL_CELLS_MEDULLA",314,-0.3656348737838613,-1.695588244623288,3.7088961649109207e-6,2.0301326376354512e-5,"FAU;GUK1;UBA52;GPX1;SERF2;RPS14;RPL35;RPL13;CIB1;MYL6;RPS15;RPS8;RPL8;RPS5;RPS16;RPL18;RPS6;RPLP1;COX4I1;RPS9;ATP6V0E1;RPL12;CHCHD2;RPLP2;LAMTOR5;RPS11;RPS2;RPS28;RPL7A;RPL15;TMSB10;RPL32;RPSA;RACK1;S100A6;RPS19;RPS18;RPL13A;RPLP0;RPL10;ARF1;RPL34;HLA-C;MGST3;HINT1;HLA-A;RPL10A;RPL9;RPL37A;RPL24;NDUFA4;PPIA;DYNLT1;IGFBP7;CD63;RPS3A;AQP3;RPL3;CYSTM1;COX7C;HLA-B;SOD1;RPL14;RPL31;FTL;ATP5F1C;IFITM3;IFITM2;GSTP1;HSD11B2;TPI1;RPL5;RPL41;CD81;RPS12;ALDOA;EEF2;ANXA2;PSMA7;BAG1;TPT1;RPL30;RPS7;NUPR1;RPS4X;RPS23;SRP14;GSTM3;RPS13;ATP5MC3;S100A10;LLGL2;UBB;ISCU;PRDX1;RPS27;EEF1A1;PGGHG;MYL12B;GAPDH;FTH1;TMSB4X;SLPI;BMPR1B;PPIB;REEP5",-1.539529926573854,8.201873401505706e-4,TRUE,
"DESCARTES_FETAL_LIVER_MYELOID_CELLS",169,-0.4172890851359384,-1.8264224947543284,4.746751269254732e-6,2.5788320328488393e-5,"CFD;IFI27;TYROBP;CST3;PLPP2;MCOLN1;PLA2G15;TNFAIP8L2;C1QA;C1QC;TYMP;HMOX1;SLC29A3;C1QB;PELATON;NFKBIE;CTSB;SLC15A3;FOLR2;LRRC25;CD300LF;RNF135;TMIGD3;OSCAR;IL4I1;HK3;CALHM6;LILRA5;GPBAR1;P2RY6;TBX1;BATF3;HLA-DQA1;IGSF21;LILRB3;NAPSB;CXCL10;PILRA;IGSF6;LILRB4;KCNJ10;VSIG4;SIGLEC7;C1orf162;SIGLEC9;SIGLEC1;EBI3;MAFB;DHDH;NFAM1;CSF1R;CREG1;CETP;TMEM86A;ITGAX;KCNMA1;TPRG1;FUCA1;MSR1;NCF2;MS4A4A;LILRA6;THEMIS2;IFIT3;KCNK13;IDO1;CXCL8;LINC01504;SCN1B;EYA2;LGMN;FGD2;CD86;SIGLEC14;IL10RA;ADAP2;FPR1;AXL;PDCD1LG2;LILRB1;SDC3;C3AR1;LILRB2;TLDC2;LILRB5;RNASE6;FCGR2C;PTPRO;CSF2RA;SLC37A2;PDE1B;GFRA2;FCGR3A;TLX1;SIRPB2;SUCNR1;LIPA;CXCR2P1;CD1C;SCIMP;FCN1",-1.533956978123233,0.00690442163099667,TRUE,
"FAN_OVARY_CL3_MATURE_CUMULUS_GRANULOSA_CELL_1",243,-0.3860744536812336,-1.7547921727419056,8.419471044042984e-6,4.540277718565402e-5,"NDUFB7;PHPT1;POLR2I;BBLN;DPP7;NICOL1;COX6B1;UQCR11;UQCRQ;MYL6;NDUFA3;UQCR10;COX5B;NEDD8;LSM7;ATP5MF;HIGD2A;IFI27;MZT2B;MPST;NDUFA13;SNRPD2;TIMM13;ELOB;PPP1R14A;ATP5ME;PPDPF;NDUFS5;PET100;NME4;TMEM258;TMSB10;ATP5MC2;PRDX2;IFI35;DMAC1;PLD3;ATP5MJ;CST3;SELENOH;PLEKHJ1;PTRHD1;ATP5IF1;MGST3;CLIC1;ZNF428;TRAPPC4;HSBP1;IGFBP7;LY6E;MARCKSL1;COX7C;LCMT1;DDAH2;NDUFC2;PRDX4;RNF7;GSTP1;OCIAD2;EPHX1;HOPX;SPINT2;NDUFB5;CAMTA1;NDUFS4;LMBR1L;SNRPN;LGALS3BP;TM7SF2;MDK",-1.629829754421147,2.791636418084214e-4,TRUE,
"GAUTAM_EYE_IRIS_CILIARY_BODY_PUTATIVE_STEM_CELLS",281,-0.367246347881932,-1.6915230570868856,8.962051181670521e-6,4.7973332796001026e-5,"ALKBH7;CCDC107;DGCR6L;MICOS13;SERF2;C1orf122;CIB1;ATP6V1F;OST4;MYL6;ROMO1;RHBDD2;NEDD8;NDUFS7;TMEM147;ANAPC11;ABHD14A;NUDT14;NAA38;NENF;ELOB;QTRT1;CD151;DYNLRB1;ACYP2;LGALS9;PTPA;CUTA;HAGH;NDUFA8;PMVK;CD320;B3GAT3;RNF130;NDUFS6;ATP5IF1;JTB;RHOC;MGST3;ETFB;MRPL20;DYNLL1;BSPRY;TRAPPC1;PPIA;PEMT;SLC25A39;SYNGR2;NDUFAB1;BANF1;NUCB1;ATP5F1E;ERP29;HMOX1;MANBAL;ARPC5L;TIMM10;SLIRP;ANGPTL4;PNPLA6;LSR;IRF2BPL;MGST2;ATP5PD;BCAP31;NDUFB5;NCS1;AMFR;TMEM14B;LGALS3BP;RAMP1;PPP1R7;DYNC1I1;SLC25A6;P2RY6;UBB;GAPDH;SMCO4;MED19;SELENOS;APEX1;SNRPG;PTMS;REEP5;SPAG7;ATP6V0E2;TMEM184B;EIF2B5;PEBP1;S100B;DVL3;CPXM2;TMEM248;SNRNP70;PBXIP1;VSTM2L;CNIH1;PRDX6;FBXO44;NQO1;FCGRT;SLCO4A1;TMEM98",-1.4836230860833521,0.0034540790170617492,TRUE,
"CUI_DEVELOPING_HEART_C9_B_T_CELL",152,-0.4261801800093064,-1.8434650098062861,1.0162470126680322e-5,5.400203103812609e-5,"HCST;ISG15;HLA-C;HLA-F;PSMB9;HLA-A;CD52;RNF166;TAPBP;ARPC1B;ZAP70;LIMD2;HLA-E;HLA-B;ARHGAP45;TUBA4A;GMFG;IFITM2;SEPTIN1;DEDD2;LSP1;PLAAT4;TBC1D10C;CD7;LAPTM5;CTSW;RAC2;PRF1;NKG7;CORO1A;CST7;CCL5;GZMA;IL32;OSTF1;GPSM3;ISG20;IRF1;TMIGD2;FXYD5;ITGB2;HLA-H;PIK3IP1;LTB;CD3D;ARHGAP9;ADGRE5;ACAP1;CD48;CD247;SRGN;RGCC;IFITM1;FCER1G;YPEL5;JUNB;SEPTIN6;PIM2;CD37;RHOH;DUSP2;CCND3;CD69;CD44",-1.717203506379797,7.144723480072403e-4,TRUE,
"GAO_LARGE_INTESTINE_24W_C11_PANETH_LIKE_CELL",313,-0.3530583770704637,-1.6364209716556681,1.147467740321396e-5,6.05330807937664e-5,"CIMAP1B;NINJ1;HCST;CD74;HLA-DMA;CEBPB;TYROBP;CORO7;CD14;METRNL;VPS9D1;MCOLN1;HLA-DRB1;LST1;HLA-DPB1;HLA-DMB;HLA-DRA;ACP5;CCL3;NCF4;C1QA;C1QC;CD300A;FAM110A;GMFG;HLA-DQB1;FES;LAT2;CTSZ;DOK2;SPI1;LSP1;HMOX1;C1QB;NFKBIE;KLHDC7B;ABI3;LAPTM5;SLC15A3;RAC2;EOLA1;FERMT3;CYTH4;HLA-DPA1;IL4I1;GPSM3;CCL4;SECTM1;MMP9;CALHM6;LY86;ITGB2;ABCG1;HLA-DQA1;RGS19;WAS;ATF5;GPR132;GM2A;CLEC10A;CXCL10;TRAF1;HCK;IGSF6;KIAA0930;LILRB4;AIF1;CD48;BCL2A1;CD33;CTSL;NCF1;SRGN;RASGEF1B;FCGR1A;SIGLEC1;IL1R2;HAVCR2;EBI3;MAFB;TNFRSF1B;IL1RN;CASP1;TSPAN33;FCER1G;C5AR1;CD37;HSPA6;NFAM1;ARRB2;STAB1;CSF1R;CREG1;ITGAX;NCF1B;DUSP2;SLC1A4;ITGAM;OSM;KYNU;CD53;NCF2;MS4A4A;SLC35F6;PGD;C2;IFI30;PLIN2;FMNL1;UAP1L1;SLAMF8;MS4A6A;ARHGDIB;CD40;CXCL8;GLA;FCGR2A;PLAUR;PLAU;STX11;EYA2;NINJ2;CD4;LGMN;FGD2;RILPL2;TNFSF13B;CD86",-1.2779980458779125,0.10359302739238706,FALSE,
"HAY_BONE_MARROW_EARLY_ERYTHROBLAST",92,-0.4851357320073298,-1.9496916139241032,1.3559618787588786e-5,7.101728400981752e-5,"CHCHD2;MRPL52;DNPH1;DMAC1;SLC39A4;SELENOH;DES;NPM3;DCTPP1;ECHS1;SRM;RPL37A;MRPS26;APOC1;NME1;MDH2;NDUFC2;TUFM;NHP2;FBL;AK2;ATP5MK;AHCY;PRMT1;RRP9;MGST2;AIG1;MICOS10;GSTM3;NDUFAF2;CENPV;UQCRH;SDHAF3;MRPS25;PEBP1;CNRIP1;TRIP6;CASP6;COQ8A;PPA1;PLTP;GGCT;C1QBP;FSCN1",-1.8397644019720056,2.4290314203697527e-4,TRUE,
"DESCARTES_FETAL_STOMACH_MYELOID_CELLS",72,-0.514824061785347,-2.0093365723320393,1.4826120905539996e-5,7.694421021616025e-5,"CD74;HLA-DMA;TYROBP;CST3;CD14;HLA-DRB1;HLA-DPB1;HLA-DMB;HLA-DRA;C1QA;C1QC;CD300A;HLA-DQB1;SPI1;C1QB;HLA-DRB6;HLA-DPA1;PLD4;MMP9;LY86;HLA-DQA1;HLA-DRB5;NAPSB;TRPM2;HCK;IGSF6;MYO1F;CIITA;TNFRSF1B;FCER1G;NFAM1;ALOX5;ITGAX;NCF2;IFI30;MS4A6A;IDO1;S100A8;PLAUR;CD4;FGD2;RILPL2;CD86",-1.6779803415677637,0.00798633514313573,TRUE,
"TRAVAGLINI_LUNG_GOBLET_CELL",136,-0.4271698731168952,-1.8214746874177365,1.4902656099558508e-5,7.694421021616025e-5,"RPL18A;FBXW5;MYDGF;SDF2L1;STAP2;TIMP1;KRT7;VMO1;CYBA;LGALS9;PSMB10;COMTD1;CST3;SERINC2;RHOC;CARHSP1;WFDC21P;RER1;ASS1;SLC25A39;MARCKSL1;S100P;NHERF2;PLAAT4;AK2;CTSB;PTGES;GLIPR2;FKBP11;NDRG2;LGALS3;MDK;RAMP1;FAM3D;S100A16;FUT6;CSTB;NANS;FUT3;SLPI;IGFBP3;HS3ST1;CRACR2B;ALDH2;LRRC26;BIK;ST14;TNFSF10;AKR1C3;AKR1C1;SRD5A3;PLEKHS1;GNA15;PGD;CD82;KDELR2;OAS1;PKM;WFDC2;SAT1;GMDS;CHP2;C15orf48;B3GNT3;BACE2",-1.6879107509898634,0.0014742419409740266,TRUE,
"SU_HO_CONV_CENT_CHONDROSARCOMA_STROMAL_C4_CANCER_ASSOCIATED_FIBROBLAST",155,-0.41315035177966264,-1.790525377830535,1.7355059632640862e-5,8.897523529973626e-5,"GPX4;HCFC1R1;SERF2;C1orf122;OST4;LSM7;RABAC1;YIF1A;LAMTOR2;COPS9;VAMP5;NME4;SEC61B;ISOC2;NDUFS6;JTB;NDUFA4;RAC3;PDLIM7;TMED3;RCN3;FGGY;CSRP1;RTL8C;UROS;CTSZ;SDC1;CRELD2;EFEMP2;PDLIM2;TAX1BP3;CTSB;GLIPR2;FKBP11;GRN;MDK;ID3;GAS6;P3H3;GPX7;MYL12B;EMID1;SMCO4;CHPF;OSTC;PYCR1;P3H1;PPIB;WFDC1;THBS3;CERCAM;CTSA;IFT20",-1.457881945648901,0.0196436866613238,TRUE,
"DESCARTES_FETAL_CEREBRUM_MICROGLIA",373,-0.33961206385746323,-1.5859214224087628,1.79418666269291e-5,9.134041191891178e-5,"BLVRB;NINJ1;CD74;TYROBP;CDKN2A;SLC2A5;IGFLR1;HLA-DMB;SOWAHD;TNFAIP8L2;UNC93B1;CAPG;APOC1;SPP1;TREM2;NCF4;C19orf38;GYPC;C1QA;C1QC;RCN3;TYMP;LAT2;SPI1;HMOX1;SLC29A3;SELPLG;CTSB;SLC15A3;FOLR2;LRRC25;PCK2;CD300LF;SPNS3;CYTH4;CORO1A;TMIGD3;CHIT1;PARVG;BATF;OSCAR;AP1B1;LGALS3;SLC11A1;HK3;PDCD1;NFKBID;PLD4;S100A9;MYO1G;TMIGD2;IRF5;RNPS1P1;RPS6KA1;PRAM1;CCDC88B;RAB42;LY86;ITGB2;MILR1;GPBAR1;ATG7;P2RY6;BATF3;ARHGAP9;GPR132;PCED1B-AS1;LILRB3;GAL3ST4;TRPM2;RAB20;LILRB4;AIF1;CD48;BCL2A1;HMGA1P4;MKNK1;CD33;ALDH3B1;GBGT1;VSIG4;TMCO4;MYO1F;PPT1;NCF1;FCGR1A;P2RX4;ZMYND15;ST14;HAVCR2;CEBPA;EBI3;BIN1;IL1RN;CASP1;CARD9;TMEM273;RASGRP4;SMAP2;GPR84;LAIR1;C5AR1;TREM1;CD37;HSPA6;H2BC4;NFAM1;ARRB2;CSF1R;CREG1;TMEM86A;BLNK;ITGAX;LINC02381;ITGAM;ACY3;CSF1;OSM;NCF2;MS4A4A;C2;IFI30;LILRA6;PLVAP;C5AR2;FMNL1;SLC47A1;SASH3;UAP1L1;KCNK13;OAS1;ERMAP;MS4A6A;S100A8;LINC01504;SLC38A4;CEACAM21;RNF149;S100A1;CD4;LGMN;ZNF710;FGD2;LY96;LINC02611;SERPINB9P1;CACNA2D4;CD86;SYNDIG1",-1.2122566774553352,0.1506912101722481,FALSE,
"DESCARTES_FETAL_SPLEEN_VASCULAR_ENDOTHELIAL_CELLS",38,0.5554518394374897,2.173841489638658,1.8964090622602274e-5,9.587401370315593e-5,"HECW2;FGF12;RAPGEF5;MAGI1;KIAA1671;DGKE;AFAP1L1;MECOM;PTPRB;GCOM1;RGS7BP;ERG;CALCRL;SNCAIP;STAB2;ADGRL4;TRPM6;CYYR1;THSD7A",2.2863533028808756,5.648030788809506e-5,TRUE,
"HAY_BONE_MARROW_EOSINOPHIL",55,-0.5594114219316318,-2.0914006907477103,2.796696156696257e-5,1.4041343462585347e-4,"PHPT1;BLOC1S1;SNHG25;NDUFA3;NDUFB11;RPLP1;COX8A;MZT2B;LGALS1;H2AJ;NDUFS6;H1-10;TMEM160;MRPL23;MBD3;ALYREF;ANKRD13D;RPN1;RAB32",-2.067156369795961,4.160355547132011e-5,TRUE,
"DURANTE_ADULT_OLFACTORY_NEUROEPITHELIUM_MATURE_NEURONS",147,-0.41709815527457156,-1.7913054954095462,2.848098134731259e-5,1.4201475630714773e-4,"NICOL1;SPMIP6;COQ4;ATOX1;COX5B;IFI27;TOM1;PAFAH1B3;CAPS;P4HTM;CUTA;IGSF8;HAGHL;IFI27L2;CYB5R1;MGST3;IFT27;GPX2;GABARAPL2;MIEN1;CCDC157;CYSTM1;TUBA1A;MT1F;PDE6D;ADISSP;ARL3;TPPP3;FXYD6;GDI1;PSMC5;WDR54;SPINT2;OSCP1;SELENOT;UCHL1;ORMDL3;SNAPIN;EFNA3;KIF9;R3HCC1;IP6K2;KIF22;CENPV;ATF5;CALM3;MORN2;EFHD1;PPA1;PIGU;CALM2;PCSK1N;PODXL2;CACNB3;PSAP;TRIB3;CETN2;OLFM1;RNF182;VAMP2;TSPAN7;ATP6V1G1;CALM1;NDFIP1;RTN1;OAZ2;CALB2",-1.5429198573198217,0.007338226231463827,TRUE,
"AIZARANI_LIVER_C2_KUPFFER_CELLS_1",200,-0.3887662034503846,-1.730330756476279,2.9278323878686406e-5,1.4499741349444697e-4,"GPX1;NPC2;RPS11;LGALS1;HLA-DMA;TYROBP;TMSB10;LGALS9;CST3;RNF130;S100A11;PLEKHO1;HLA-DRB1;LST1;HLA-DPB1;HLA-DMB;RNASET2;HLA-DRA;ARPC1B;C1QA;C1QC;HLA-DQB1;FTL;CCL3L3;VSIR;C1QB;LAPTM5;CTSB;SLC15A3;LRRC25;GRN;PARVG;HLA-DPA1;FCGR2B;PLD4;CALHM6;LY86;ITGB2;HLA-DQA1;FTH1;HLA-DRB5;TMSB4X;LILRB3;CLEC10A;ANXA1;HCK;IGSF6;LILRB4;AIF1;FGR;RGS10;VSIG4;C1orf162;PPT1;SRGN;IL1R2;MAFB;CIITA;TNFRSF1B;RGCC;SMAP2;FCER1G;C5AR1;EMILIN2;PSAP;CD37;HSPA6;ARRB2;CSF1R;HLA-DOA;ALOX5;ITGAX;MACROH2A1;ARPC3;MSR1;NCF2;MS4A4A;CTSH;THEMIS2;RTN1;PKM;MS4A6A;SAT1;CXCL8;FCGR2A;PLAUR;POU2F2;RGS2;FGD2;RILPL2;TNFSF13B;VIM;CD86",-1.292998661986704,0.12459831782490847,FALSE,
"MENON_FETAL_KIDNEY_4_PODOCYTES",201,0.31472917768018815,1.6597719614578639,3.113576850170193e-5,1.531543207381014e-4,"ARHGEF12;KMT2A;CD2AP;BAZ2B;MAN1A2;DST;BBX;FNDC3B;KTN1;ANKRD12;PRRC2C;PHIP;SRGAP1;NORAD;GOLGB1;AHNAK;SLK;RFC1;UACA;ITGB1;PARD3B;HSP90B1;TJP1;LUC7L3;CRIM1;NFE2L1;SEPTIN11;TTC14;DSC2;ANKRD11;PLOD2;BRD2;PTBP3;LRRFIP1;MTDH;SERINC1;MPHOSPH8;NEAT1;STT3B;PALS1;PCMTD2;UBE2G2;CLIC5;RAD50;SRRM2;ARMCX3;PTPN14;CANX;APLP2;DYNC2I1;MALAT1;PTPRD;DACH1;HIPK2;ADAMTS9;NES;PPP1R9A;MYH9;RBMS1;RDX;DDX17",2.016386401293123,1.78988205665207e-8,TRUE,
"DESCARTES_FETAL_PLACENTA_LYMPHOID_CELLS",122,-0.4322702996461973,-1.815146633579722,3.412238636880089e-5,1.667187736676983e-4,"CDKN2A;TNFRSF18;CLDND2;CD52;ZAP70;SEPTIN1;PSTPIP1;CD244;JSRP1;ZNF683;GNLY;ALOX5AP;TBC1D10C;CD7;CTSW;PRF1;NKG7;CST7;GZMA;IL32;ISG20;MYO1G;TMIGD2;CD79B;LTB;CD3D;WDR62;OASL;SH2D2A;CD247;TXNDC5;GZMH;TRBC2;PTGIS;ADGRG3;TOGARAM2;PIM2;RASAL3;LINC02362;RHOH;MZB1;ITGB7;ZBP1;CD69;IGKC;IGHA1;CXCR3;NMUR1;CD8A;IGHM;IGHG3;CD38;FBXO43;GZMB;CD3E;CD2;CD27;SIRPG;CD6;KLRB1;CD79A;EOMES",-1.627166981335456,0.003819396102418147,TRUE,
"DESCARTES_FETAL_CEREBRUM_VASCULAR_ENDOTHELIAL_CELLS",474,-0.3207659648513737,-1.523761385008816,4.778573663484674e-5,2.319201084677895e-4,"RPL13P12;HSPB1;IFI27;SIGIRR;LGALS1;HYAL2;STAP2;NOP10;RPS28;RRAS;VAMP5;CCDC85B;TNFRSF4;CRIP2;PLEKHF1;PRELID1;RPL10AP2;C1QTNF12;PCBD1;CD320;CLEC11A;SNHG18;ISG15;TMEM141;RHOC;SNRPB;S1PR4;EXOC3L1;OCEL1;CRIP1;SLC52A2;ROM1;DEGS2;ST6GALNAC4;RRAGA;IGFBP7;FOXS1;CAVIN3;EIF3I;TINAGL1;ZAP70;MT2A;MOB2;HBA2;S100P;MRPL17;HBB;MT1F;PIM3;NHERF2;IFITM3;MT1X;TAGLN;PLAC9;SOX18;VWA1;CDC42EP1;ANGPTL4;ZNF703;RGS3;LSR;IFI6;CDC42EP5;RHOD;RASD2;PLOD1;VDAC2P5;COX4I2;PDE6G;TMEM204;CDK2AP2;C1orf54;KLF2;GPER1;ECSCR;SYNM;TMEM88;JPH2;ATP5MC3;SHROOM1;ACTA2;SPON2;TMEM176B;CRYBB3;ID3;S100A16;S100A10;PLEK2;CSTB;CD79B;NIBAN2;SOCS1;DPEP1;RASL12;MT1E;TBX1;COL6A2;PCDH1;CCM2L;LAYN;EML3;HIC1;C2CD4B;ACE;IGFBP4;HTRA3;ZBTB42;RELA;CLEC3B;HRCT1;PHETA2;PTGDR2;KANK3;ANXA1;CALHM2;SMAGP;JAG2;SLC40A1;SOX17;LURAP1L;RPS28P7;SAMM50;RIN1;PCOLCE;FGR;PPIC;S1PR5;TMEM200B;SYDE1;CASP4LP;AOC3;SLC12A7;FAM162B;CARD10;PGF;NAALADL1;TBX2;ELK1;PHLDA2;MAP3K6;RGCC;IFITM1;CARMN;GGT5;RBPMS;EFNA1;RP1;NKX3-2;C11orf96;MYOM2;NQO1;ALDH3A1;SERPINH1;FOXC1;LMCD1;SH2D3C;ZNF503;PRND;CETP;BGN;CAV2;ANPEP;MYLK2;MEGF6;FHL3;RPL12P4;CDA;GJC2;KCNJ8;TMEM37;SPAAR;GPRC5C;DEPP1;PRELP;CAV1;RASAL2-AS1;EHD2",-1.3685108793051965,0.005600582682334236,TRUE,
"DESCARTES_MAIN_FETAL_MYELOID_CELLS",79,-0.48028495876747834,-1.8955338195494698,6.912501323890291e-5,3.3235982794931057e-4,"PYCARD;TYROBP;CD14;MCOLN1;TNFAIP8L2;NCF4;C1QA;C1QC;SPI1;HMOX1;C1QB;PELATON;ABI3;SDS;LRRC25;HK3;RNPS1P1;IFNAR2;LILRA5;LILRB3;CLEC10A;AIF1;CD33;CD300C;SIGLEC7;C1orf162;SIGLEC9;SRGN;SIGLEC1;CD300LB;STAB1;MS4A4A;IFI30;LILRA6;THEMIS2;C5AR2;SIGLEC12;MS4A6A;PLAUR;MAN2B1;LGMN;RILPL2;CD86;LILRB1;LILRB2;LILRB5;RNASE6",-1.6207344856069823,0.014316093675149173,TRUE,
"GAUTAM_EYE_CORNEA_ELF3_HIGH_EPITHELIAL_CELLS",143,-0.4064207264971976,-1.7453421407460055,6.939381023117473e-5,3.3235982794931057e-4,"NDUFB7;POLR2I;RBX1;UQCRQ;UBL5;ATP5MF;LSM4;CCDC12;CRB3;COX6A1;COX14;COMT;S100A6;COA3;ATP5MJ;TAGLN2;HES4;NDUFB9;TMEM141;NDUFB2;COX7B;ZFYVE21;CRIP1;NDUFA4;CHMP2A;MIEN1;SELENOK;ATP5F1E;REEP4;ATP5MK;TXN;DNAJB2;ANXA2;ATP5PD;BAG1;PLP2;MICOS10;MOCS2;MT1M;HSBP1L1;COX6C;CDKN1C;MT1E;PRDX1;ANXA11;SPINT1;GJB5;SRD5A1;PEBP1;SOX15;EMP2;PFN2;TMEM19;NMRK1;NQO1;PLEKHN1;PSAP;COX17;ATP5PF;MACROH2A1",-1.6246104940412123,0.0027170515146937354,TRUE,
"SU_HO_CONV_CENT_CHONDROSARCOMA_C6_LEUKOCYTE",313,-0.33832272916047657,-1.5681214358369093,6.992202144868059e-5,3.3270086022640173e-4,"HCST;TNFRSF14;BID;CHCHD10;MGAT1;CD74;HLA-DMA;TYROBP;VMO1;VAMP8;LGALS9;RHOG;PCBD1;CD14;RNF130;METRNL;PLEKHO1;ATP6V0D1;HLA-DRB1;LST1;HLA-DPB1;HLA-DMB;EFHD2;RNASET2;COMMD9;HLA-DRA;ACP5;CCL3;APOC1;APOE;GAPLINC;TREM2;SYNGR2;NCF4;C1QA;C1QC;TUBGCP2;CD300A;GMFG;HLA-DQB1;CTSZ;TTYH3;PTPN6;DOK2;SPI1;ADAM8;ALOX5AP;C1QB;NFKBIE;CNPY3;CTSB;FOLR2;RAC2;G0S2;FERMT3;CARD16;CORO1A;CCL5;HLA-DPA1;AP1B1;FCGR2B;OSTF1;C1orf54;SLC11A1;CCL4L2;GPSM3;CCL4;S100A9;TMEM176B;MMP9;RALGDS;CALHM6;LY86;HLA-DQA1;RGS19;WAS;SQOR;RAB20;RAB5C;PILRA;IGSF6;LILRB4;VAT1;AIF1;CD48;BCL2A1;RGS10;VSIG4;C1orf162;SRGN;RASGEF1B;FCGR1A;HAVCR2;TNFRSF1B;IL1RN;CASP1;ARID5A;SMAP2;FCER1G;LAIR1;C5AR1;TREM1;FCGRT;CD37;ENG;CITED2;ARRB2;STAB1;CSF1R;CREG1;ANPEP;ITGAX;CD44;CREM;KYNU;MSR1;CD53;NCF2;MS4A4A;HLA-DQA2;CTSH;THEMIS2;PLIN2;FMNL1;ABRACL;MS4A6A;ARHGDIB;CXCL8;FCGR2A;PLAU;C15orf48;STX11;RNF149;RNASE1;CD4;LY96;RILPL2;TNFSF13B;PTGER4;HSD17B11;CD86",-1.1098473184909208,0.4077052315690481,FALSE,
"JONES_OVARY_PERICYTE",168,-0.39610261815374076,-1.7349250748148997,7.775009098081723e-5,3.675458846365906e-4,"MYL6;SOD3;CHCHD10;IFI27;COX7A1;NBL1;LGALS1;PPP1R14A;RRAS;CD151;CRIP2;ACTB;H2AJ;SELENOW;HES4;HLA-C;MYL9;HLA-F;S100A11;RARRES2;NRGN;CRIP1;IGFBP7;CAVIN3;TINAGL1;MT2A;LMNA;PDLIM1;HLA-B;IFITM3;CSRP1;NDUFA4L2;IFITM2;TAGLN;PLAC9;TPM2;EPB41L4A-AS1;EPHX1;WNT6;MGST2;NDRG2;CTSF;NUPR1;GSTM3;LGALS3BP;ACTA2;GJA4;PKIG;RASL12;CDKN1C;MT1E;ISYNA1;COL6A2;MFGE8;IMPDH2;IGFBP4;MXRA8;PTP4A3;SLC40A1;CD59;EMP2;TBX2;IGFBP2;BEX3;LTBP4;TCEAL1;DBNDD2;RNASE4;C11orf96;B2M;CALM2",-1.353062512196569,0.08760411215496061,FALSE,
"TRAVAGLINI_LUNG_CD8_NAIVE_T_CELL",140,-0.40808008591130807,-1.7444251634390442,8.54434891580486e-5,4.01308774884254e-4,"HCST;ABHD17A;SIGIRR;TPST2;TLE5;PLEKHF1;RPS3;HLA-F;HLA-A;RPL27A;S1PR4;PFN1;GZMM;ZAP70;HLA-B;TUBA4A;SEPTIN1;LSP1;ARPC5L;GNLY;PLAAT4;TBC1D10C;SSBP4;CD7;CTSW;CHST12;TSEN54;PRF1;NKG7;CST7;CCL5;GZMA;IL32;ISG20;KLF2;APOBEC3G;CMC1;MYO1G;SPON2;ITGB2;RPS27;CD3D;LAG3;TTC38",-1.6533687540735154,0.002094819627465477,TRUE,
"MANNO_MIDBRAIN_NEUROTYPES_HPROGFPL",286,0.27825282926904005,1.515080260805341,8.70323204958321e-5,4.061508289805499e-4,"FNDC3B;PLEKHA5;REST;ATAD5;BRCA1;KIF14;TOP2A;ZFHX3;CENPF;YAP1;BRCA2;SMC4;B3GNT5;MIS18BP1;MKI67;NCAPD2;ACVR2B;TMEM123;DEK;TIMELESS;CEP152;CENPE;KIF2A;ECT2;DSC2;SMC2;PLOD2;DSG2;ANLN;ASPM;DIPK2A;BUB1B;CCND1;BUB1;DENND11;SGO2;CKAP2L;TCF12;PRTG;HMGA2;GASK1B;KIF4A;HK2;ATAD2;WEE1;RBM24;KNL1;TET1;ADAMTS6;TTK;FREM1;KIF18A;TPX2;TSPAN18;GPSM2;SLF1;RAI14;NUDT4;NES;PTPRK;SLIT2;IGF2BP3;KIF23;CDK6;FZD3;AK4;HELLS;MCM6;CLSPN;DEPDC1;BARD1;AP5M1;PARPBP;CHEK1;NCAPH;SALL1;TXLNB;RAD51AP1;ZEB2;CKAP2;DLGAP5;FOXM1;AASS;FBN1;ESCO2;KIF11;KIF15;COL2A1;CYYR1;FAM72A;RFC3;CDC25A",1.5187188217686984,1.643193095840703e-4,TRUE,
"AIZARANI_LIVER_C3_NK_NKT_CELLS_2",159,-0.3993611364983686,-1.739711558511177,9.073526351492176e-5,4.207342155341595e-4,"RPL18A;RPS14;RPL13;RPL28;RPL18;RPLP1;RPLP2;RPS2;RPS3;RPL32;RPSA;RPL27;RPS19;RPS18;RPS15A;RPL13A;RPL10;RPL34;HLA-F;RPL10A;RPS29;RPL27A;CD52;RPS10;RPS3A;RPL37;HLA-B;RPL35A;RPL41;RPS26;LAPTM5;RPS12;RAC2;TOMM7;PRF1;CORO1A;RPL30;GZMA;IL32;PIK3IP1;RPS27;LTB;CD3D;RPL17;TMSB4X;PCED1B-AS1;ADGRE5;ANXA1;CD48;TRBC1;TRBC2;RPS20;PBXIP1;TRAC;RPS27A;B2M;JUNB;RPS17;RHOH;DUSP2;CD69;CD44;SEMA4D;CD53;RPL23A;GATA3;CD8A",-1.6375867328149625,0.002395411361317482,TRUE,
"DURANTE_ADULT_OLFACTORY_NEUROEPITHELIUM_MONOCYTES",38,-0.569766201295765,-1.9734786945925227,9.888953180094607e-5,4.5564290601954896e-4,"CD74;HLA-DMA;TYROBP;HLA-DRB1;LST1;HLA-DPB1;HLA-DMB;HLA-DRA;CCL3;C1QA;C1QC;HLA-DQB1;C1QB;HLA-DPA1;CCL4L2;HLA-DQA1;HLA-DRB5;AIF1;RGS10;SRGN;FCER1G",-1.5923602055823578,0.027623230802478287,TRUE,
"BUSSLINGER_ESOPHAGEAL_LATE_SUPRABASAL_CELLS",111,-0.4378835715626453,-1.8192825539465753,1.0171834652669822e-4,4.657292847260145e-4,"GUK1;TSPO;TECR;HSPB1;CLTB;PPDPF;CLIC3;TMSB10;ACTB;RAB25;DHRS1;CST3;CTNNBIP1;S100A11;NAGK;SH3BGRL3;AQP3;CYSRT1;SDC1;TUBB6;CITED4;TXN;PDZK1IP1;ANXA2;GRN;LGALS3;S100A9;TM7SF2;S100A16;PEPD;S100A10;CLDN4;CSTB;NIBAN2;FAM162A;TMSB4X;SLPI;ANXA1;GPR15LG;TENT5B;PKP3",-1.7009346009958877,0.002012844539463552,TRUE,
"CUI_DEVELOPING_HEART_COMPACT_ATRIAL_CARDIOMYOCYTE",15,-0.7325938385319885,-2.024618159994014,1.1294735740010018e-4,5.139104761704558e-4,"RPL18A;RPL13;COX7A1;RPL27A;RPS3A;RPL31;FTL;MB;RPS27;GAPDH;FTH1",-1.894634505608417,0.002854359009976766,TRUE,
"HAY_BONE_MARROW_DENDRITIC_CELL",174,-0.3871081832423705,-1.696883646018243,1.1881812776441362e-4,5.372645777173485e-4,"DNAJC4;CD74;HLA-DMA;VEGFB;SEC61B;COMT;PPP1R14B;SHD;CST3;TMEM8B;HLA-DRB1;HLA-DPB1;HLA-DMB;UNC93B1;HLA-DRA;IRF7;PPP1R14B-AS1;HLA-DQB1;BRK1;CFAP119;TPM2;LSP1;ALOX5AP;SCT;TRAF4;ATG101;TXN;FUT7;SPINT2;SPNS3;SCAMP4;PARVG;PLP2;NDRG2;HLA-DPA1;PARK7;ERCC1;C1orf54;ANKRD65;PLD4;MAPKAPK2;MILR1;P2RY6;RPS6KA4;HLA-DQA1;SPCS1;KIRREL3;OSTC;HLA-DRB5;MYBL2;PTMS;PPIB;SNX3;MIF4GD;CLEC10A;ALDH2;LILRB4;LRRC26;IL1R2;ST14;CIITA",-1.635456544261086,0.0012750266983132016,TRUE,
"FAN_EMBRYONIC_CTX_BRAIN_B_CELL",94,-0.4646360497915423,-1.876713107400128,1.2000280507669367e-4,5.392718647890926e-4,"PPP1R14A;CD74;HLA-DMA;PSME1;TAGLN2;RPL13A;HLA-C;PSMB9;HLA-A;CD52;PSME2;CRIP1;HLA-DRB1;HLA-DPB1;HLA-DMB;HLA-DRA;LIMD2;GAS5;PDLIM1;HLA-B;HLA-DQB1;SEPTIN1;PTPN6;NCF1C;LSP1;CD72;RAC2;CORO1A;HLA-DPA1;ISG20;SYTL1;CYB561A3;CD79B;LTB;ACAP1;CD48;NCF1;SEPTIN6;PIM2;CD37;RHOH;MZB1;ALOX5;CD69;LY9;LINC00926;EEF1D;HLA-DQA2",-1.728277050260299,0.001667189714575041,TRUE,
"SU_HO_FOETAL_FEMUR_C2_HYPERTROPHIC_CHONDROCYTE",339,-0.32843143119822826,-1.5243453230562152,1.3826471479441057e-4,6.175258427627662e-4,"NDUFA11;NDUFB7;CCDC107;RNF181;OAZ1;UQCR11;UQCRQ;ROMO1;ATP5MF;PSMB3;YIF1A;SSR4;CHCHD2;COX7A1;UFD1;MYDGF;NDUFB8;SLC25A1;CLTB;CEBPB;PPDPF;CLIC3;CAPS;COX6A1;JOSD2;RPSA;HAGH;MFSD10;KLHDC3;RNF126;ELOVL1;PLOD3;RPL37A;ZFYVE21;HLA-DRB1;RER1;ASS1;SH3BGRL3;TMED3;AGPAT2;NDUFAB1;CYSTM1;TMEM101;MVD;S100P;TSC22D4;SSU72;PIM3;TNFRSF12A;SNORC;TALDO1;CTSZ;SIRT2;ZFAND2A;ATP5F1E;ORMDL2;TPM2;WNT4;SLIRP;RXRA;ATP5MK;PTGES;TXN;PLCD1;PDLIM4;PCBP1;RHOD;ERG28;COLGALT1;NUPR1;LGALS3;MEA1;KLF2;SRP14;SPSB1;SPON2;UBC;S100A10;TXNDC17;NIBAN2;GYG1;CDKN1C;COPZ2;DACT3;SLC25A4;TIMP4;MFGE8;IHH;KLHL21;LOXL4;AKT1;PDCD5;TAF10;SLC1A5;WDR1;GPC1;SRI;PPIC;CXXC5;RELT;EFHD1;LRRC28",-1.394033842432961,0.010164280471431348,TRUE,
"RUBENSTEIN_SKELETAL_MUSCLE_FAP_CELLS",174,-0.3849157764040874,-1.6872732593864217,1.5177445899430873e-4,6.737305252918096e-4,"GPX4;SELENOM;CFD;ATRAID;SSR2;NPC2;SSR4;ATP6V0E1;TIMP1;PTGDS;TMEM14C;S100A6;CST3;S100A13;S100A11;JUND;CYB5R3;TSPAN4;EMP3;IGFBP7;CD63;LMNA;DDAH2;ATP5MC1;PRDX4;PLAC9;LSP1;CD81;EPHX1;ANXA2;IGFBP6;NUPR1;NDUFS4;LGALS3BP;FHL1;SPON2;DHRS7;S100A10;ISLR;CSTB;PRDX1;COL6A2;CKS1B;SELENOS;MXRA8;HTRA3;PPIB;REEP5;ANXA1;PCOLCE;SRI;PGF;BEX3;LTBP4;ARL6IP5;CYB5A;FCGRT;TMEM59;MGP;PSAP;DBI;PODN;CILP;C1R;MFAP4;ALDH1A1;NOVA1;SMOC2;KDELR2;GPX3;NDFIP1;ANGPTL1;FBLN2;ITM2B;SLC66A3;DPT;VIM;ACKR3;ADH1B;SGCE;SERPING1;CHRDL1;PI16",-1.2547369250129445,0.22028825344200398,FALSE,
"BUSSLINGER_GASTRIC_REG3A_POSITIVE_CELLS",42,-0.5670785443543738,-2.014549991623818,1.5484923996267056e-4,6.832136163201465e-4,"IFI27;CD74;HLA-DMA;TYROBP;TMSB10;HLA-A;PSME2;HLA-DRB1;HLA-DPB1;HLA-DRA;HLA-B;HLA-DQB1;IFITM3;HLA-DPA1;FAM3D;HLA-DQA1;REG1A;CXCL11;CXCL10;ALDH2",-1.785656709098341,0.005584670693321298,TRUE,
"DESCARTES_FETAL_MUSCLE_MYELOID_CELLS",113,-0.43705237187715484,-1.8264049591756986,1.6482700398531166e-4,7.22855776513897e-4,"CD74;HLA-DMA;CST3;CD14;HLA-DRB1;HLA-DPB1;UNC93B1;HLA-DRA;SPP1;NCF4;C1QA;C1QC;HLA-DQB1;MFSD13A;SPI1;HMOX1;FOLR2;NOXA1;HLA-DRB6;LINC01503;CYTH4;HLA-DPA1;PLD4;S100A9;IRF5;LY86;GPBAR1;RENBP;P2RY6;HLA-DQA1;NAPSB;TRPM2;HCK;ARHGAP22;IGSF6;AIF1;MKNK1;VSIG4;SIGLEC1;CIITA;CASP1;RASGRP4;NFAM1;CSF1R;BLNK;ITGAM;KYNU;NCF2;GNA15;MS4A4A;C2;RTN1;MS4A6A;ST18",-1.6147154700860136,0.006080965971177296,TRUE,
"GAUTAM_EYE_CORNEA_FIBROBLASTS",162,-0.3874997323306547,-1.690828136267209,1.7530203676893486e-4,7.641909147771531e-4,"RPL18A;C12orf57;RPL36;RPL35;RPS15;RPL8;RPS5;RPS16;RPL18;RPS9;RPL29;RPLP2;CEBPB;VAMP5;CCDC85B;RPS3;RACK1;PLD3;RPL13A;RPL10;HLA-C;MYL9;RHOC;HLA-A;H1-10;JUND;CYB5R3;TSPAN4;SNHG32;RPS3A;FTL;TYMP;NUCB1;RPL35A;PLAC9;FBL;EFEMP2;TPM2;UBXN1;EPB41L4A-AS1;CD81;RPL36AL;PDLIM4;CDC37;FKBP11;RPS4X;CLDN5;RPS23;RAMP2;RPS13;SLC25A6;PPP1R1B;NFIC",-1.5311213416910203,0.0063192773641981195,TRUE,
"DESCARTES_FETAL_MUSCLE_ERYTHROBLASTS",102,-0.43001700599918374,-1.7611329601169445,2.0250951594959159e-4,8.775412357815635e-4,"DCTN3;BLVRB;H2AC20;IFI27L1;RPL37P2;FMC1;PEX39;DPM2;PRDX2;TMEM14C;HAGH;PIGQ;C1orf35;ATG4D;EXOSC5;TOMM5;ST6GALNAC4;RBM38;HBA2;HBB;UROS;GUCD1;BST1;ZNF446;ALAD;CISD2;HMBS;HTRA2;GLRX5;H2AC8;RPS20P14;TMEM143;MYBL2;E2F4;MT1G",-1.863423027010748,1.3408638645898987e-4,TRUE,
"DESCARTES_FETAL_THYMUS_ANTIGEN_PRESENTING_CELLS",159,-0.38934916085191673,-1.6960970247876737,2.135480946173779e-4,9.198994845056278e-4,"CD74;TYROBP;CD14;HLA-DRB1;HLA-DPB1;HLA-DMB;CYTOR;UNC93B1;HLA-DRA;C1QA;ADISSP;SPI1;ADAM8;C1QB;NFKBIE;SLC15A3;HLA-DRB6;CST7;HLA-DPA1;IL4I1;PLD4;TMEM176B;MMP9;LY86;P2RY6;BATF3;HLA-DRB5;GPR132;HLA-DQB2;CXCL10;SPINT1;TRAF1;HCK;ARHGAP22;IGSF6;FGR;S100B;MYO1F;SRGN;RASGEF1B;MMP25;EBI3;MAFB;IL1RN;TSPAN33;FCER1G;NFAM1;ALOX5;ITGAX;FSCN1;FUCA1;KYNU;IGKC;IGHM;CTSH;THEMIS2;SLC16A3;KCNK13;SLAMF8;MS4A6A;TFEB;WNT5B;IDO1;PLAUR;ICOSLG;LGMN;FGD2;LY96;ACOXL;CD86",-1.4096188945556698,0.04454119297136744,TRUE,
"DESCARTES_FETAL_CEREBRUM_MEGAKARYOCYTES",334,-0.325869681872131,-1.512416807091099,2.3347671198405934e-4,9.998296842611482e-4,"PPP1R35;GPX1;TECR;UROD;USF1;DUSP23;MARCHF2;PCYT2;MPST;WDR24;B9D2;NENF;RNF208;THOC6;LYL1;MRPL27;SLC39A4;CCDC61;RASSF7;SLC66A1;HAGHL;SDHA;MPND;ESS2;SMIM12;FLYWCH2;SLC50A1;ATG4D;GPR137;CENPT;NRGN;STK11;RBM38;PLPP7;E2F1;TSC22D4;CSKMT;MFSD2B;TUBA4A;RPUSD3;FAM110A;TALDO1;C19orf48P;PDGFA-DT;THOC5;CXCL5;SLC10A3;DOK2;TMEM91;GMPR;RNF215;GTPBP6;PSMB8-AS1;OCIAD2;ICAM5;RITA1;CYP2T1P;GAS2L1;FERMT3;MEPCE;P2RX1;SIRT7;IRF2BP1;MRTO4;BBC3;CLDN4;CALHM6;FXYD5;EXOC3L4;IER5L;DHRS12;FFAR2;ABCB6;SNHG6;OPLAH;NBEAL2;RSPH14;CISH;KLHL26;FOLR1;ENDOV;PTGIR;TAP1;TNNC2;LINC02166;CTSA;ZNF689;ZNF346;EGF;MAX;CLEC12A;PTGIS",-1.5877650499698275,1.2926901577593514e-4,TRUE,
"MANNO_MIDBRAIN_NEUROTYPES_HDA",375,0.2526793831742743,1.4117832370813506,2.3595993792275028e-4,0.0010045545895190774,"PLEKHM3;HOOK1;KIF3A;CPEB4;ANKRD12;ROCK1;EHBP1;SYNJ1;BICRAL;SRGAP1;ZFHX3;KIF5C;RAPGEF5;LYST;ZNF697;PGM2L1;ZBTB38;YWHAG;GSE1;DGKE;STOX2;SERINC1;NLGN4X;CNTN1;ICA1L;KLF7;SH3PXD2A;ACSL4;PRKCA;UNC13A;RBFOX2;ANK3;CDH13;MAP1B;TUBB2B;TTLL7;XPR1;NMNAT2;SHROOM2;YPEL2;NAV3;FAM13C;GPRIN3;TMEM185B;ROBO1;PRLR;CCSER1;DAAM1;MAP3K9;ANKRD36B;UGCG;CTNNA2;KCNN3;CA1;NLK;CELF3;AKAP12;LSAMP;FAT3;MAP2;TERF2;SHTN1;RAB11FIP4;EBF2;RELN;DOK6;KIF21B;AMPH;SYT7;RAP1GAP2;NEDD4L;XIST;PLEKHA1;PPP1R21;NEB;DOCK4;CEP126;LRRC55;APLP1;FAM217B;EPB41L1;TMOD2;PHACTR3;NNAT;SMURF1;CLCN4;TRIM38;SLC4A8;CCDC136;MYO5A;ARMH4;GRM8;CDK5R1;PLXNA4;CHL1;APP;NECTIN1;GRIP1;PPP2R3A;GLCE;ZFHX2;LDB2;SCN9A;PAPPA;NR4A2;CGN;AKAP1;ZFP69B;L1CAM;COL8A1;ZC2HC1A;GNG2;GRIK3;ATP8A1;EDIL3;FRMD3;SRCIN1",1.596197532403019,2.5091554017235596e-6,TRUE,
"BUSSLINGER_GASTRIC_IMMATURE_PIT_CELLS",156,-0.39020634968036566,-1.6913670662635951,2.875085112873889e-4,0.001216896489634995,"BLVRB;HSPB1;COX8A;IFI27;TMEM54;CLTB;VAMP8;ACTB;S100A6;TAGLN2;CBR1;SFN;MGST3;DYNLL1;S100A11;CLIC1;CRIP1;GPX2;PFN1;EFHD2;CD63;CAPG;SH3BGRL3;LMNA;CYSTM1;TST;ARPC1A;S100P;JPT1;GSTP1;CFL1;TXN;MAPK3;PHGR1;SPINT2;LGALS9C;LGALS3;S100A16;ANG;CSTB;PRDX1;LGALS4;TMSB4X;KRT18;AKR1C2;LINC01133;FOXA2;CMBL;ALDH2;RAC1;SPINK1;KRT8;IL1R2;IL1RN;FBLIM1;AKR1C3;CALM2;NQO1;ALDH3A1;ITGB4;AKR1C1;PLA2G10;PLXNB2;S100A14;FA2H;SMPD3;ID1;FHL2;KDELR2",-1.6717606231776867,0.0011047045384271787,TRUE,
"JONES_OVARY_STROMAL",147,-0.3906008830158523,-1.6775080383597512,3.03113222424095e-4,0.0012735387675286492,"SOD3;NBL1;LGALS1;PPP1R14A;CD151;SELENOW;MYL9;RARRES2;SNHG32;IGFBP7;CAVIN3;APOE;LMNA;MARCKSL1;IFITM3;CSRP1;TAGLN;TPM2;EPB41L4A-AS1;EPHX1;NDRG2;CTSF;NUPR1;GSTM3;RAMP2;LGALS3BP;MDK;ACTA2;ISLR;NFIC;PKIG;CDKN1C;ISYNA1;COL6A2;MFGE8;IMPDH2;IGFBP4;MXRA8;HTRA3;SLC40A1;CD59;KLHDC8A;EMP2;NR2F1;IGFBP2;BEX3;LTBP4;CYB5A;TCEAL1;RNASE4;C11orf96;CALM2;PLTP;TMEM98;MGP;BGN;CAV2;C1R;MFAP4;SCD5;CLSTN2;PRELP;CAV1;SMOC2;FHL2;GPX3;KANK2",-1.055912111024881,0.5930868603794079,FALSE,
"DURANTE_ADULT_OLFACTORY_NEUROEPITHELIUM_CD8_T_CELLS",71,-0.47271755234625334,-1.8404189132306847,3.0438976037085847e-4,0.0012735387675286492,"HCST;CD52;GZMM;SH3BGRL3;GMFG;LSP1;ALOX5AP;TBC1D10C;CD7;LAPTM5;CTSW;RAC2;HOPX;NKG7;CORO1A;CST7;CCL5;GZMA;IL32;CCL4L2;CCL4;CD3D;TMSB4X;ACAP1;LINC01871;CD48;TRBC1;TRBC2;TRAC;DUSP2;CD69;CD8A;ARHGDIB;EVL;CD3E;CD2;KLRB1;PTGER4;CXCR6",-1.7487609754451032,0.002761818204982927,TRUE,
"TRAVAGLINI_LUNG_SEROUS_CELL",72,-0.46933383175003374,-1.8317901255386042,3.116317556755125e-4,0.001296388103610132,"SELENOM;PPP1R16A;SSR4;FUOM;NPDC1;WFDC21P;MARCKSL1;PKDCC;AZGP1;CDC42EP5;FKBP11;KCNN4;NDRG2;FAM3D;PPP1R1B;PHB1;SMCO4;PYCR1;PHGDH;SLPI;S100B;LRRC26;RBP7;SLC5A1;ODAM;ZG16B;GNAS;PLTP;HSD17B2;DEPTOR;CYP4X1;APIP;RTN1;PART1;TCN1;WFDC2;CAPN12;GMDS;S100A1",-1.7457782994045097,0.003396879441831462,TRUE,
"GAUTAM_EYE_CORNEA_CONJUNCTIVAL_CELLS",103,-0.4242064665908402,-1.7420617011043038,3.236876296639376e-4,0.001338889740882651,"RPL28;AKR1A1;SPINT1-AS1;BID;IFI27;KRT7;CRB3;PPDPF;H2AJ;PRELID1;TSTD1;SELENOH;RPLP0;RPS29;CLIC1;EIF6;MIR200CHG;SH3BGRL3;TMED3;COX7A2;HLA-B;ATP5F1E;HMOX1;PLAAT4;RPL41;LAD1;TMEM165;NUPR1;SPSB1;RALGDS;SLC25A5;SULT2B1;NIBAN2",-1.689269838157705,0.0023959144808646314,TRUE,
"FAN_OVARY_CL16_LYMPHATIC_ENDOTHELIAL_CELL",229,-0.3475972056150058,-1.573373505650744,3.423112724841497e-4,0.0014079243297653165,"GUK1;TSPO;ATRAID;NDUFS7;NPC2;POLR2L;HSPB1;CTSD;GFUS;LMAN2;HYAL2;CD151;PET100;CRIP2;ARL2;COMT;S100A6;EGFL7;SDF4;HLA-C;RHOC;HLA-A;CYB5R3;DAD1;ZFYVE21;TRAPPC1;TSPAN4;PFN1;IGFBP7;CD63;SH3BGRL3;ARPC1B;HLA-E;GYPC;HLA-B;TUBA1A;GMFG;PIM3;LRPAP1;IFITM3;SMTN;NUCB1;FXYD6;ATP5F1E;LAPTM5;TFF3;ANXA2;MGST2;BCAP31;GRN;NNMT;CEBPD;CLDN5;LGALS3;RAMP2;S100A16;S100A10;FXYD5",-1.3718538328604117,0.02572921422044932,TRUE,
"DESCARTES_MAIN_FETAL_LYMPHOID_CELLS",115,-0.4112921286269028,-1.7220191444352797,3.6162135346897204e-4,0.0014789907040753463,"NOSIP;PSMB10;SH3BP1;GRK6;CD52;S1PR4;PFN1;GZMM;LIMD2;NCF1C;TBC1D10C;CD7;PSMB8-AS1;PRF1;NKG7;CORO1A;GZMA;GPSM3;ISG20;IGHD;MYO1G;CD79B;RPS10P3;GIMAP2;ARHGAP9;PCED1B-AS1;LINC01871;SH2D2A;CD48;GZMH;IGLC3;RPS2P5;APOBEC3H;CD37;ITGB7;TNFRSF25;NCF1B;FASLG;CD69;LINC02481;IGKC;CXCR3;TBX21;NMUR1;IGHM;IGHG3;FMNL1;ARHGDIB;LTA;CD27;KLRB1;CD79A;IGHGP;RHOF;CTLA4;MAP4K1;JCHAIN",-1.6639477147154313,0.003082890906247413,TRUE,
"FAN_EMBRYONIC_CTX_BRAIN_NAIVE_LIKE_T_CELL",153,-0.3800108423289243,-1.6393494527467154,4.7451225049953725e-4,0.0019298598791266095,"CIB1;NOSIP;PSMB8;APRT;TLE5;TSTD1;TAGLN2;RPL13A;HLA-C;HLA-F;PSMB9;HLA-A;CD52;CRIP1;EMP3;NSMCE1;ZAP70;LIMD2;GSTK1;HLA-B;TUBA4A;GMFG;SEPTIN1;MCUB;LSP1;PLAAT4;TBC1D10C;CD7;OCIAD2;RAC2;LRRN3;CORO1A;IL32;GPSM3;ISG20;SYTL1;PRMT2;ID3;FXYD5;PIK3IP1;LTB;CD3D;ANXA1;ACAP1;CD48;RGCC;IFITM1;SEPTIN6;PIM2;RHOH;LDLRAP1;CCND3;CD69;CD44;MYL12A;LY9;EEF1D;OXNAD1;ABRACL;ARHGDIB;CD3E;CD2;CD27;CD6;SEPTIN9;RSL24D1",-1.593253946730851,0.0020016915373106334,TRUE,
"DESCARTES_FETAL_LUNG_SQUAMOUS_EPITHELIAL_CELLS",159,-0.37748471898239305,-1.6444127100927746,6.056408067534601e-4,0.002449480596202883,"NAPRT;TMEM54;PPDPF;CLIC3;CNFN;PITX1;GABRP;SERINC2;SFN;HES4;METRNL;WFDC21P;S100A2;HEBP2;EPHX3;MT2A;MIEF2;YPEL3;CYSRT1;MT1X;SGTA;PTGES;TMEM79;ETHE1;HOPX;LDAF1;NDRG2;OSGIN1;LGALS3;S100A9;FAM3D;SSH3;FUT6;RNF223;AMN;NIBAN2;FUT3;MT1E;FTH1;MT1H;KLHL21;RRAGC;TRIP10;MT1G;PI4K2A;SDCBP2;B3GNT8;DOCK9-DT;AVPI1;TRMO;IL1RN;PTK6;KCNG1;PHLDA3;PLEKHN1;SLC25A23",-1.7737429349119922,2.254984811801814e-4,TRUE,
"BUSSLINGER_GASTRIC_ISTHMUS_CELLS",448,-0.3019198988988307,-1.4285526260507937,6.896348089604782e-4,0.002773779784106233,"TSPO;SERF2;RPL35;ARF5;BLVRB;COX6B1;MYL6;SF3B5;CYC1;RPS8;CAPNS1;HSPB1;COX8A;CHCHD2;AUP1;TMEM54;MYDGF;GSTO1;GFUS;GNB2;SDF2L1;LMAN2;LFNG;CLTB;TIMP1;ATP5ME;PPDPF;CD151;TMSB10;EBP;H2AJ;S100A6;GIPC1;TAGLN2;CBR1;ARF1;SFN;NDUFS6;ATP5IF1;ADAM15;MGST3;ETFB;SNRPB;DYNLL1;TUBB4B;S100A11;CLIC1;CRIP1;PPIA;GPX2;PFN1;EIF6;EFHD2;SGSM3;CD63;CAPG;NR2F6;MRPL14;SYNGR2;LMNA;TST;PDLIM1;MVD;ARPC1A;S100P;TSPAN15;AP1M2;TMED9;TALDO1;FBP1;JPT1;SDC1;CRELD2;INF2;GSTP1;PTTG1;TK1;RPL36AL;CKS2;RPN1;CFL1;LAD1;TXN;MAPK3;CDC37;ENSA;VASP;ANXA2;MGST2;H2AZ1;KDELR1;SPINT2;EIF4E2;FKBP2;BCAP31;CDC42EP5;PSMA7;PLP2;CAPZB;LGALS3;KLF2;TKT;S100A16;S100A10;LLGL2;PLEK2;CSTB;NFIC;NANS;NIBAN2;PRDX1;PRC1;LGALS4;CENPV;GAPDH;PYCR1;TUBB;TMSB4X;SNRPG;DNM2;LMO4;STMN1;KRT18;CYP4F12;CALM3;UBE2C;LINC01133;FOXA2;CMBL;TUBA1B;PEBP1;NHSL3;ALDH2;PKP3;SEM1;RAC1",-1.3989669202246369,0.0028253409960629933,TRUE,
"DESCARTES_FETAL_EYE_SKELETAL_MUSCLE_CELLS",95,-0.41979787891913817,-1.7020839639085288,7.526881460468042e-4,0.0030107525841872166,"COX7A1;LAMTOR5;SGCA;DES;NPM3;MYL11;GAMT;HSPB7;BOK;HSPB6;FITM1;GAL3ST1;PRKACA;TPM2;ACTA1;STUM;BAK1;STAC3;IL32;CORO6;RAMP1;MB;PPP2R3B;DNAJB5;TBX1;KLHL21;MYL6B;TNNC2;LDB3;EGF;FLNC;MYH3;TMEM38A;MYOM2;TRIB3;ACTC1;CFL2;TNNT1;ENO3",-1.2719920234427275,0.2113571113667889,FALSE,
"FAN_EMBRYONIC_CTX_MICROGLIA_3",18,-0.6650989669178679,-1.9324996049217347,8.376042804079373e-4,0.0033321088313496084,"CTSD;TREM2;C1QC;ALOX5AP;C1QB;CTSB;FOLR2",-1.5666861707924438,0.08471183281788688,FALSE,
"HE_LIM_SUN_FETAL_LUNG_C4_T_ALPHA_BETA_ENTRY_CELL",62,0.40698046998088405,1.8047477796411322,8.789501299082195e-4,0.00347758529659339,"PIKFYVE;MED13L;CD2AP;MSI2;BCOR;MOB1B;ITPR2;APC;ANKRD36;EDEM1;GSE1;GALNT7;TNFRSF21;PELI2;RAG1;PTPRM;ARHGEF7;ETV6;TBC1D19;KCNA3",1.9752959604992462,7.643413836913796e-4,TRUE,
"LAKE_ADULT_KIDNEY_C24_ENDOTHELIAL_CELLS_AEA_AND_DVR",152,0.30714062927970587,1.574036797516417,9.811348569365086e-4,0.0038608982478366394,"ROCK2;PIK3C2A;SPTBN1;DOCK9;DST;MACF1;PTPRG;CRYBG3;FLT1;MEF2A;AHNAK;IL6ST;ADGRF5;UTRN;UACA;RALGAPA2;HSP90B1;TJP1;AKAP13;SYN3;BMPR2;TMTC1;MTUS1;CRIM1;CDC42BPA;SOX5;EPAS1;EXOC6B;MBNL1;CD93;PDE3A;TCF4;ADAMTS1;HSPH1;PTPRB;ARGLU1;TTC28;KIF5B;THSD4;RASAL2;ZEB1;ADAMTS6;EMP1;PTPRM;ADAMTS9;RBMS3;MYH9;IQGAP1;ADGRL4;YWHAB;ARL15;DOCK4;LIMCH1;EMCN;NAMPT;PDLIM5;CLIC4;PLCB1;PODXL;APP;HSPA5;EXOC6;LDB2",2.060726681150118,1.0611429013316445e-6,TRUE,
"DESCARTES_MAIN_FETAL_AFP_ALB_POSITIVE_CELLS",79,-0.4328256738138003,-1.7082269342533076,0.0010725039699523813,0.0041772255293611605,"SDHAF1;DGCR6L;F12;FTLP3;NDUFA4P1;CBR1;RPL7AP50;TMEM161A;INO80E;TMEM187;MT1F;SNORC;FTL;TMEM150A;MT1X;CBX7;GSTZ1;AZGP1;AQP7;ORMDL3;BBC3;MT1M;ADH5;SPRYD4;ATF5;LOXL4;MT1G;PEBP1",-1.6827215912480744,0.007562088524324516,TRUE,
"FAN_OVARY_CL17_PUTATIVE_APOPTOTIC_SMOOTH_MUSCLE_CELL",229,-0.33056832815674847,-1.4962935286227623,0.0010729961181188696,0.0041772255293611605,"FAU;SELENOM;MYL6;SOD3;HSPB1;LGALS1;CD151;NR1H2;H2AJ;HES4;NOP16;ISG15;MYL9;CNN1;TSSC4;TUBB4B;PLEKHO1;MAP1LC3A;CYTOR;IGFBP7;CD63;TINAGL1;MT2A;LMNA;CYSTM1;SOD1;TNFRSF12A;IFITM3;ATF4;CSRP1;NDUFA4L2;SELENOK;FXYD6;TAGLN;TPM2;RAD23A;RPL36AL;RASSF1;ATG101;EEF2;UBE2S;H2AZ1;HSPB8;BAG1;MRPL32;TNFRSF1A;NDRG2;AOPEP;TMEM165;MRTO4;MT1A;ACTA2;PEA15;SLC25A5;MRPL18;VASN;GJA4;PKIG;PRDX1;ISYNA1;MYH11;CCT3;MFGE8;SELENOS;PTP4A3;AHSA1;CD59;TUBA1B;HSPE1;NUDC;EFHD1;CTSL;EMP2;PGF;ILF2;PHLDA2;ARID5A;C11orf96;CALM2;YBX1;SQSTM1;SERPINH1;BGN;MRPS6;HNRNPF;RAN;CD44;CREM;GADD45B;CAV1;CPE;GPX3;CALM1;LBH;MAP3K7CL;EIF1",-1.2087904470030488,0.2338810746162312,FALSE,
"DESCARTES_MAIN_FETAL_SLC26A4_PAEP_POSITIVE_CELLS",249,-0.33492193410258464,-1.5288816669685428,0.0010911537827051018,0.004225318903241033,"SDHAF2;SURF2;TRAPPC2L;IL17RC;EMC9;TPRA1;CIDECP1;SELENOO;FAM3A;QTRT1;VMO1;FAM32A;TMEM120A;PSMB7;COMT;BRAT1;ZBTB48;ROGDI;DHRS1;SELENOH;EXOC3-AS1;SLC25A28;MRPL20;TPT1P9;SDHAF4;GMPPA;MRPS26;ACOT8;FANCG;TMEM179B;SDF2;ZSCAN16-AS1;ANO7L1;LIPE-AS1;DEDD;CPLANE2;COQ6;UNC45A;ASB6;ABT1;LYRM4;CCHCR1;SELENOK;RABEP2;FNTB;ENTREP3;RNF7;TRMU;ZNF296;ZNF683;RANBP3;TOE1;FKBPL;LRRC14;ZNF627;LINC00467;PNPLA2",-1.583856620393842,8.923621498781819e-4,TRUE,
"DESCARTES_MAIN_FETAL_ACINAR_CELLS",31,-0.5565849968476771,-1.8389342481812547,0.0011187202136372846,0.004309144526602874,"SSR4;LMAN2;MSRB1;AKR7A3;TPRN;RARRES2;HEXD;POMC;MT1L;TBX6;MID1IP1;DIRAS3;DPEP1;REG1A;SCG5;SPINK1",-1.7154826682748536,0.011760033905332357,TRUE,
"HU_FETAL_RETINA_RGC",378,-0.30972919831283274,-1.4476370546358814,0.001245468421595116,0.004772110583796023,"VKORC1;HCFC1R1;DCTN3;NICOL1;RBX1;RABAC1;PSENEN;NDUFB8;PAFAH1B3;NOP10;DYNLRB1;ACTR1A;COX6A1;CRIP2;TBCB;TMSB10;EBP;SNCG;COMTD1;PPP1R14B;MFSD10;NPDC1;RUSC1;CDKN2D;VPS72;MGST3;DCTN2;ETFB;FIBP;ATP5PO;NAGK;TRAPPC1;PRDX5;DYNLT1;PPP2R1A;GABARAPL2;SH3BGRL3;ZCCHC17;KLHL35;MVD;NME1;ARPC1A;PFDN2;TUBA1A;DDAH2;PDE6D;ADISSP;ARL3;RTL8C;FAM241B;UBE2L6;TPPP3;FXYD6;JPT1;GDI1;ATP5MK;RAB33A;TXN;RBPMS2;VDAC3;OCIAD2;NDUFA12;SLC2A6;RNF5;LRRN3;UCHL1;FGF13;STX1A;RAB3A;ACOT7;NDUFS4;FNDC5;SVBP;FHL1;LDOC1;ITGB1BP1;GPI;PRMT2;S100A10;RALGDS;TXNDC17;RGMB;ARPC5;MYL12B;GAPDH;FAM162A;TUBB;TMSB4X;MEIS3;STMN1;AKR1C2;CALM3;TOX2;SCG5;CNRIP1;FEZ1;VAT1;SRI;KLHDC8A;RGS10;TAF9;IRX3;KLC1;VSTM2L;ARL6IP5;FAM229B;NIPSNAP3A;DBNDD1;RBPMS;TMEM59L;BLOC1S2;CALM2;SEZ6L2;PCSK1N;BMERB1;SBK1;CACNB3;CHRNA3;COX17;AKR1C1;DBI;BEND5;EIF1B;RUNDC3B;CETN2;PPP2R2B;OLFM1;PPP1R1C;HEY1",-1.07856475937301,0.5041223557175498,FALSE,
"DESCARTES_FETAL_LUNG_LYMPHOID_CELLS",112,-0.3926227256425495,-1.6357051454805591,0.0012789370512542072,0.004874692006874674,"CD52;S1PR4;GZMM;ZAP70;SEPTIN1;ZNF683;GNLY;TBC1D10C;CD7;PRF1;NKG7;CORO1A;CST7;GZMA;PDCD1;IGHD;TMIGD2;CD79B;LTB;CD3D;PCED1B-AS1;S1PR5;CD247;GZMH;TRBC2;RHOH;MZB1;ZBP1;SIT1;FASLG;LY9;IGKC;CXCR3;TBX21;CD8A;IGHM;GZMB;CD3E;CD2;LTA;CD27;SIRPG;KLRB1;CD79A;CXCR6;CTLA4;JCHAIN;IL2RB;LEF1;NPM1P27;IGLL5;UBASH3A;MATK;TCF7",-1.6819152246356779,0.0016185807111810657,TRUE,
"HE_LIM_SUN_FETAL_LUNG_C2_APOE_POS_M2_MACROPHAGE_CELL",462,-0.30064783783607457,-1.4280259656830194,0.0013695506983556574,0.0051928797312652,"PRADC1;C1orf122;CREB3;HSD3B7;PCYT2;ALKBH4;SIL1;AMDHD2;ZMAT5;IFI27;ADCK2;GFER;HYAL2;VEGFB;VAMP5;CD151;TMEM203;VMO1;NPDC1;HAGHL;SERINC2;LZTR1;DNASE2;HLA-F;TMEM9;PICK1;ACADS;PLOD3;ZFYVE21;TNFSF12;MFSD5;SLC35A4;NAGLU;MFSD12;PLA2G15;PDLIM7;SLC48A1;ACP5;APOC1;APOE;ACP2;SPP1;TFPT;FAM20C;TREM2;LMNA;CYSTM1;SLC67A1;RMND5B;DNAJC30;TSPAN15;CENPB;UPP1;DHX58;ANKRD9;FXYD6;FBP1;B3GALT4;INF2;CD72;SDSL;SLC29A3;PDZD11;HECTD3;ZER1;PELATON;SLC38A6;RPP25;INTS5;BRF2;EPHX1;GAS2L1;ACOT2;DHRS7B;AGAP3;IFI6;PCK2;SGSH;IFI44;HSD17B14;CCDC106;PDE6G;TMIGD3;UCKL1;HS1BP3;AP5S1;CTSF;IFI44L;NUPR1;BAP1;ZNF76;IL4I1;SMUG1;C1orf54;HK3;LGALS3BP;NTMT1;NR1H3;TMEM176B;PLEKHM2;RALGDS;TMEM176A;EEF2KMT;RAB42;CYP27A1;NIBAN2;ABCG1;DNASE1L1;IGSF21;TTC38;ATP13A2;CHCHD6;KLHDC8B;MED31;TRIM47;CARM1;GAL3ST4;SQOR;TP53I3;CD59;LONP1;MORN2;FEZ1;VAT1;PPIC;PCBD2;CD276;TOR4A;MLLT1;LRRC28;ADORA3;SIGLEC7;COPRS;BCAR3;SIGLEC9;SLC35A2;SIGLEC1;SMYD3;EBI3;TCN2;UBA6-DT;NMRK1;PIP5K1C;C11orf96;PFKP;IKBKE;FAM78A;PHYH;RCL1;CUEDC1;NFAM1;LYSET;SELENBP1;CETP;SMPD1;RAB7B;ANPEP;MRPL1;IQSEC2;TMEM138;PARP12;KCNMA1;CD58",-1.3406569829204706,0.010164280471431348,TRUE,
"GAUTAM_EYE_IRIS_CILIARY_BODY_ACTIVATED_T_CELLS",124,-0.38802608976687336,-1.6324752700170797,0.001430127922463006,0.005384847540412549,"RPL35;METTL26;RPS5;FBXW5;COX4I1;RPL12;SNRPD2;CCDC85B;TRADD;ZFAS1;RACK1;DHRS1;UBALD2;RPL10A;RPL9;CLIC1;S1PR4;ATP5MG;RPS10;CYBC1;PSMD13;JPT1;ZFAND2A;MCUB;ADAM8;VSIR;CFL1;OCIAD2;CHST12;SNAP47;SAP30;RPS23;SFI1;SYTL1;SPON2;C9orf78;DGKZ;UBB;CD70;RGS19;SRRT;RPL17;SH2D3A",-1.611465980906852,0.004384619810238786,TRUE,
"DESCARTES_MAIN_FETAL_DUCTAL_CELLS",50,-0.484021338193626,-1.7859831552958059,0.0014349731082967507,0.005384847540412549,"HSD3B7;NRTN;RASSF7;MPND;PUF60;HES4;TMEM141;GSTK1;MNX1;CITED4;LRRC75B;ACBD4;GSTM3;KIF12;PPP1R1B;GREP1;ISYNA1;CLDN9;GPR3;SUCLG1;HEY1;CYS1;ADORA1;ART3;LEFTY1;MNX1-AS2",-1.7551191227419223,0.004384619810238786,TRUE,
"JONES_OVARY_MACROPHAGE",235,-0.3286049008688277,-1.4910848298023522,0.0017448824906006687,0.006514227964909163,"MYL6;SOD3;CHCHD10;IFI27;LGALS1;PPP1R14A;CD74;RRAS;CD151;ACTB;H2AJ;EGFL7;HES4;MYL9;S100A11;RARRES2;NRGN;HLA-DRB1;HLA-DPB1;SNHG32;HLA-DRA;IGFBP7;CAVIN3;APOE;MT2A;LMNA;MARCKSL1;HLA-B;IFITM3;CSRP1;NDUFA4L2;IFITM2;TAGLN;PLAC9;TPM2;SOX18;EPHX1;WNT6;MGST2;NDRG2;CTSF;NUPR1;CLDN5;GSTM3;RAMP2;ECSCR;LGALS3BP;MDK;TMEM88;ACTA2;ISLR;GJA4;NFIC;PKIG;RASL12;CDKN1C;MT1E;COL6A2;MFGE8;IMPDH2;IGFBP4;MXRA8;HTRA3;SLC40A1;CD59;KLHDC8A;EMP2;RBP7;NR2F1;SRGN;IGFBP2;BEX3;CYB5A;TCEAL1;TNFSF10;DBNDD2;RNASE4;C11orf96;CALM2;PLTP;TMEM98;MGP",-1.0474666792103597,0.5966965655698314,FALSE,
"MENON_FETAL_KIDNEY_5_PROXIMAL_TUBULE_CELLS",107,-0.3954110101857538,-1.638686298095589,0.0019372484548875986,0.007173510147854445,"RNF181;ATP6V1F;AKR1A1;NPC2;LAMTOR5;DYNLRB1;DNPH1;CYBA;MSRB1;FTLP3;NDUFC1;ATP5IF1;ETFB;TUBB4B;TPT1P9;IGFBP7;APOE;SPP1;FTL;RPL14P1;SNHG8;CTSB;TXN;OCIAD2;ATP5PD;SPINT2;TPT1;MRPL32;RPS7;AIG1;S100A10;SNHG29;FTH1;CALM3;PCBP2;HSPE1;APOM;CYB5A;TNFSF10;RPS2P5;MPC2;CITED2;NIPSNAP1;DBI;ATP5PF",-1.5463839617920268,0.02037496624297056,TRUE,
"BUSSLINGER_ESOPHAGEAL_DENDRITIC_CELLS",211,-0.3428504985074119,-1.5348507950072134,0.0019411833779221506,0.007173510147854445,"GPX1;ATP6V0B;LGALS1;CD74;HLA-DMA;TIMP1;TYROBP;TMSB10;TMEM14C;ACTB;RHOG;CST3;ZYX;JUND;CD52;CRIP1;HLA-DRB1;LST1;HLA-DPB1;HLA-DMB;PFN1;HLA-DRA;SH3BGRL3;ARPC1B;SYNGR2;LMNA;HLA-B;HLA-DQB1;FTL;SPI1;LSP1;ADAM8;ALOX5AP;LAPTM5;CFL1;VASP;HLA-DRB6;NDRG2;HLA-DPA1;PEA15;PLEK2;FXYD5;ITGB2;LTB;HLA-DQA1;FTH1;HLA-DRB5;TMSB4X;PTMS;HLA-DQB2;CLEC10A;HCK;RAB5C;TUBA1B;AIF1;RGS10;S100B;SLC12A7;MOB3A;PPT1;PXDC1;GNAI2;SRGN;TAMALIN;B2M;YPEL5;JUNB;SEPTIN6;FCGRT;CD1A;CD37;ENG;CSF1R;HLA-DOA;ALOX5;ITGAX;MACROH2A1;DUSP2",-1.347238277774192,0.07822069410121414,FALSE,
"TRAVAGLINI_LUNG_PROLIFERATING_NK_T_CELL",125,-0.3746681214172814,-1.574133983659955,0.0020420563267369743,0.00749159930755246,"DCTN3;DYNC2I2;PSMD8;PXMP2;EBP;CENPM;SNRNP25;MCM5;SNRPB;TUBB4B;TMEM106C;PSMC3;NUDT1;PPIA;IGFBP7;ASF1B;E2F1;CCDC167;CDT1;PKMYT1;GNLY;TK1;CKS2;DUT;H2AZ1;TUBG1;IDH2;RPA3;SLBP;RANBP1;MCM7;KIF22;CKS1B;MYBL2;UBE2T;GINS2;STMN1;CDC45;H2AZ2;PCNA;UBE2C;BIRC5;TUBA1B;CDC20;S1PR5;CDCA3;PTMA;AURKB;AKR1C3;CDC25C;CDKN3;TACC3;RAN;DUSP2",-1.5955028451893611,0.005022867737197908,TRUE,
"DURANTE_ADULT_OLFACTORY_NEUROEPITHELIUM_OLFACTORY_ENSHEATHING_GLIA",101,-0.40118253130567877,-1.6442208962035838,0.0020478410195095323,0.00749159930755246,"NICOL1;SOD3;POLR2F;LGALS1;PTGDS;SNCG;METRN;CST3;RARRES2;APOC1;APOE;SPP1;MT2A;TSC22D4;TUBA1A;IFITM3;PLAC9;VWA1;PDLIM4;IFI6;NDRG2;TMEM176B;S100A10;MT1M;TMEM176A;MT1E;MFGE8;KCNMB4;STMN1;FADS3;CD59;S100B;NR2F1;BEX3;RGCC",-1.3476636717396335,0.11916983338205205,FALSE,
"DURANTE_ADULT_OLFACTORY_NEUROEPITHELIUM_RESPIRATORY_HORIZONTAL_BASAL_CELLS",29,-0.5731001026475038,-1.8783485001737925,0.0020741764600351285,0.007550002314527868,"HSPB1;SFN;S100A11;S100A2;AQP3;MT1X;ANXA2;S100A16;CLDN4;SLC25A5;PRDX1;KRT18;ANXA1;KRT8;PHLDA2;ALDH3A1",-1.999886550218619,7.643413836913796e-4,TRUE,
"MANNO_MIDBRAIN_NEUROTYPES_HRN",252,0.25470160727407365,1.380555104155388,0.0020993102959082884,0.007603472116523552,"USP49;HOOK1;KIF3A;SLC38A1;CHML;CERS6;FGF12;BICRAL;ZFHX3;KIF5C;RAPGEF5;ZNF697;PGM2L1;RND3;EPB41;FAM117B;ARFGEF3;YWHAG;ZNF91;NLGN4X;FNIP2;RBFOX2;ANK3;GOLGA8B;MAP1B;TUBB2B;LPGAT1;NAPB;ADAMTS5;NMNAT2;RSBN1;MAPK6;TMEM185B;SHANK2;RAB3IP;TRHDE;LRRC49;CTNNA2;CELF3;LPIN1;MAP2;ACSL6;RELN;ANKRD44;DOK6;KIF21B;SYT7;NEDD4L;TBC1D2B;XIST;ALDH1L2;TSC1;APLP1;EPB41L1;ASXL3;PHACTR3;GREM2;NNAT;ZFHX4;MYO5A;KCNA3;KIF3C;CDK5R1;ZBED4;GRIP1;ZSCAN9;ZBTB6;PAPPA;L1CAM;PRKAR2B;MAPK8;THSD7A;GNG2;ESRRG;EDIL3;SRCIN1;PDE11A;SEMA3C",1.5685841570448438,1.6722108541852095e-4,TRUE,
"DESCARTES_FETAL_STOMACH_LYMPHOID_CELLS",75,-0.43420944660491134,-1.6989463708437695,0.0021894775054051518,0.007890790217499754,"CD52;S1PR4;GZMM;ZAP70;SEPTIN1;TBC1D10C;CD7;CTSW;RAC2;NKG7;CORO1A;GZMA;GPSM3;MYO1G;TMIGD2;CD79B;LTB;CD3D;PCED1B-AS1;CD247;TRBC2;RASGRP2;FAM78A;RASAL3;MFNG;CD69;GATA3;IGHM;SASH3;CD3E;CD2;LTA;CD27;SIRPG;CD6;KLRB1;CD79A",-1.7098470919019766,0.004061923087488974,TRUE,
"DESCARTES_FETAL_HEART_SMOOTH_MUSCLE_CELLS",32,-0.5529287670090961,-1.839874486413765,0.0022206630434894333,0.007963757121479348,"ACTG2;PLA2G5;FOXS1;NDUFA4L2;TAGLN;LMOD1;COX4I2;ACTA2;MYH11;AOC3;CYGB;CARMN;TMEM74B;C11orf96;KCNJ8;THBS4;LGR6;HIGD1B;FOXL1;ILDR1",-0.961632427534033,0.7986052616113931,FALSE,
"ZHONG_PFC_C1_MICROGLIA",252,-0.3222227158348671,-1.4691929630427571,0.0024130629721791177,0.008611322763462733,"TECR;PAXX;C1orf122;MRPS12;ZDHHC12;TRAPPC2L;COA8;ERI3;AP2S1;CHCHD2;NDUFA6;LSM2;NUTF2;NME4;SEC13;TMEM256;DDX39A;GAMT;NRM;SNRPB;TMEM106C;H2AX;PSME2;ALG3;CYTOR;MPC1;DTYMK;MCAT;PHF19;RFC2;XRCC3;POP4;TBC1D10B;ASF1B;CDCA4;TMED9;PYM1;ORMDL2;TK1;TIMM10;AK2;CKS2;WDR54;SS18L2;LENG1;DUT;H2AZ1;SKIC8;SPNS3;UCHL3;MRPL37;SAP30;TMEM14B;IDH2;POLE3;RPA3;GTF2F1;EBNA1BP2;RANBP1;MCM7;TXNDC17;IL10RB;PRC1;KIF22;CKS1B;MRPL20-AS1;QDPR;UBE2T;GINS2;CISH;PCNA;UBE2C;PDCD5;BIRC5;TMEM107;TUBA1B;TRIP6;COQ2;SLC37A4;MGAT2;ILF2;ANAPC5;CDCA3;PIMREG;PCLAF;NSMCE4A;AURKB;BUB3;RRP1;CDKN3;GGCT;TACC3;GLUD1",-1.447214796178832,0.010164280471431348,TRUE,
"LAKE_ADULT_KIDNEY_C6_PROXIMAL_TUBULE_EPITHELIAL_CELLS_FIBRINOGEN_POS_S3",166,0.282063879346633,1.4727247551704792,0.002488228938293536,0.008836247156476558,"SPAG9;NUFIP2;KIF21A;ASH1L;HOOK1;ARHGAP5;CAB39;MACF1;ASCC3;ATM;ZNF292;FAM135A;FMNL2;CHD1;DICER1;ABCC4;MAST4;AHI1;RALGAPA2;ZBTB38;PLCH1;NRG1;SNX13;CCNL1;FNIP2;TXNRD1;VPS13A;NEAT1;MAML2;LPGAT1;NT5C2;TMTC2;LRRK2;MACC1;HSPD1;TRPS1;RNF213;CANX;SYNE2;UGCG;AKAP12;EPS8;DOK6;ZBTB20;RNF19A;PTPRK;CDH6;TM9SF3;PLEKHA1;NCKAP5;TAF1D;IL1R1;CLIC4;ODC1;FCHO2;HSPA5;ZNF462;HSP90AB1;PALS2;CNKSR3;AGAP1;SOD2",1.8476954950543827,1.2235024418942194e-5,TRUE,
"GAO_LARGE_INTESTINE_ADULT_CI_MESENCHYMAL_CELLS",337,-0.30703266465369533,-1.4247131673460318,0.0025697440321103982,0.009081425511535776,"CIMAP1B;SELENOM;HCST;LGALS1;TNFRSF4;TPST2;CDKN2A;TNFRSF18;SNAI3;GAMT;DENND6B;IGFLR1;CD52;PLEKHO1;ASB2;EMP3;CYTOR;BST2;ZAP70;LIMD2;AQP3;CCR10;LY6E;NCF4;GYPC;C1QC;CD300A;GMFG;SEPTIN1;DOK2;NCF1C;LSP1;ADAM8;HOMER3;JSRP1;ALOX5AP;TBC1D10C;ABI3;CD7;SELPLG;LAPTM5;RAB34;TRPV2;CTSW;BLVRA;CYTH4;NKG7;CORO1A;CST7;P2RX1;C16orf74;PARVG;RNF122;HLA-DPA1;FCGR2B;SPAG4;GPSM3;ISG20;MEI1;APOBEC3G;MYO1G;IRF5;FXYD5;IFNAR2;ITGB2;CD79B;TPSAB1;CD3D;RGS19;DOK3;ARHGAP9;WAS;PHGDH;DERL3;PCED1B-AS1;CERCAM;DTNB;ACAP1;CD48;TGFB1;RELT;NCF1;SRGN;TRIM69;AIM2;RGCC;SUSD3;SEPTIN6;RASAL3;CD37;KIF19;LINC02362;RHOH;MZB1;ITGB7;ZBP1;ALOX5;NFATC1;SIT1;NCF1B;SLC1A4;CD69;EVI2A;LY9;CD53;CAV1;PAQR6;WNT10A;BNIP3;THEMIS2;SLC47A1;SASH3;UAP1L1;ARHGDIB;BRSK1;CD3E;CD2;ABCB9;CD27;POU2F2;STX11;FGD2;LY96;VIM;PTPRS;CLIP4;CD79A;IL10RB-DT;TRG-AS1;IL10RA;HERC5;SCPEP1;LILRB1;IL16;TNFRSF17",-1.246189754806322,0.11080793118681947,FALSE,
"DESCARTES_MAIN_FETAL_RETINAL_PIGMENT_CELLS",95,0.3345626533474288,1.5922137220949018,0.002713834636447018,0.009544307320451348,"DMXL1;SNX25;DOCK7;SMC6;TRPM7;GEN1;APC;PARD3B;TEX2;TTLL4;ENTREP1;HYCC1;APOLD1;ZNF92;ITGAV;TMEM135;PITPNA;MLANA;PARD6B;ZBED3-AS1;STIM2;SCAI;NBEA;SPDYE5;ECHDC1;COL8A1;PLCE1;ATXN1;SLC38A11;GEM;TBC1D30;COL4A3;CRISPLD1;LINC01579;LINC03040;CYB5RL;SLC16A8;RAB27A",1.7412987244437845,0.0010523659149204209,TRUE,
"TRAVAGLINI_LUNG_NATURAL_KILLER_T_CELL",26,-0.5718969548319928,-1.8082980854899782,0.002769099778224986,0.009691849223787451,"TNFRSF18;HLA-C;ZNF683;GNLY;CD7;CTSW;HOPX;PRF1;NKG7;SOCS1;B2M;SLA2;DUSP2;CD69;MYL12A;CXCR3;GATA3;GZMB",-1.6881537696562683,0.022217063363009024,TRUE,
"AIZARANI_LIVER_C1_NK_NKT_CELLS_1",151,-0.3566017730354512,-1.5376767956938182,0.002893668224680095,0.010079380227593825,"HCST;RPS3;RPSA;HLA-C;HLA-F;HLA-A;RPS29;RPL27A;RBM38;GZMM;SH3BGRL3;HLA-B;ARHGAP45;GNLY;PLAAT4;ALOX5AP;TBC1D10C;CD7;CTSW;RAC2;HOPX;PRF1;NKG7;CORO1A;CST7;CCL5;RPL30;GZMA;IL32;ISG20;APOBEC3G;CMC1;ITGB2;PIK3IP1;RPS27;CD3D;ARHGAP9;TMSB4X;PCED1B-AS1;ADGRE5;SH2D2A;CD48;TRBC1;CD247;GZMH;TRBC2;TNFRSF1B;TRAC;IFITM1;B2M;RASAL3;DUSP2;CD44;SEMA4D;CD53;TBX21;RPL23A;CD8A;SASH3;GZMB;ARHGDIB;EVL;CD3E;CD2",-1.3144353891721898,0.11876900259547644,FALSE,
"CUI_DEVELOPING_HEART_C1_5TH_WEEK_CARDIAC_CELLS",72,-0.42807014053190995,-1.6707396812635997,0.0031441188699586654,0.010899612082523373,"NAXE;NME4;PRDX2;TMEM141;CNN1;ASB2;MAP1LC3A;TNFRSF12A;CSRP1;TPM2;SPINT2;UCHL1;TM7SF2;IDH2;ITGB1BP2;TXNDC17;REC8;COA1;ISYNA1;KRT18;SCG5;KRT8;EMP2;HACD1;TMEM98;HEY1;TNNT1;NEURL2;CALB2;SNHG17;MDH1;FDPS;ANXA3;GMNN;MACROH2A2",-1.57436152565631,0.0211275284507113,TRUE,
"DESCARTES_FETAL_INTESTINE_LYMPHOID_CELLS",121,-0.3758827711265928,-1.5796512739619528,0.003610430798873194,0.01244157279332975,"PLEKHF1;TNFRSF18;CD52;S1PR4;GZMM;ZAP70;SEPTIN1;GNLY;TBC1D10C;CD7;CTSW;ITGAE;PRF1;NKG7;CST7;GZMA;IL4I1;IGHD;MYO1G;TMIGD2;SYTL1;CD79B;GPR68;LTB;CD3D;PCED1B-AS1;PTGDR2;ACAP1;LINC01871;SH2D2A;CD247;TRBC2;SLA2;SIT1;FASLG;CD69;LY9;LINC02481;CXCR3;TBX21;NMUR1;GATA3;CD8A;IGHM;CD3E;CD2;LTA;SIRPG;CD6;KLRB1;CD79A;CXCR6;EOMES",-1.6071444406356172,0.0025778540826948827,TRUE,
"BUSSLINGER_GASTRIC_MATURE_PIT_CELLS",212,-0.3311824249850396,-1.4830824910042621,0.0036230953738817405,0.01244157279332975,"MYL6;SMIM22;HSPB1;IFI27;TMEM54;CLTB;CD151;VAMP8;ACTB;S100A6;TAGLN2;CBR1;RHOC;MGST3;DYNLL1;S100A11;CRIP1;GPX2;EFHD2;SGSM3;CD63;SH3BGRL3;EPN1;MT2A;LMNA;CYSTM1;TST;ARPC1A;S100P;JPT1;GSTP1;CFL1;MAPK3;PHGR1;VASP;PNPLA2;IFI6;SPINT2;POLD4;LGALS9C;LGALS3;KLF2;SECTM1;DHRS7;ANG;LGALS4;MYL12B;TMSB4X;SLPI;IGFBP4;TSKU;DNM2;MT1G;AKR1C2;SPINT1;LINC01133;CD59;FOXA2;ALDH2;RAC1;SPINK1;KRT8;IL1R2;IL1RN;EEIG1;LRP10;AKR1C3;NQO1;FCGRT;ALDH3A1;SPIRE2;AKR1C1;PLA2G10;FOXA3;ARPC2;MYL12A;PLXNB2;S100A14;FA2H;ID1;YWHAH;FHL2;RDH13",-1.5825805122049372,0.001179967291492825,TRUE,
"DESCARTES_FETAL_INTESTINE_SMOOTH_MUSCLE_CELLS",39,-0.5106630323152055,-1.7936128687388462,0.0038084771017746354,0.013016766807943355,"PSD;DES;ACTG2;MYL9;CNN1;KCNMB1;PDLIM7;TAGLN;LMOD1;JPH2;ACTA2;FBXL22;MYH11;LDB3;AOC3;CHRDL2;CARMN;ANO1;KCNMA1;KCNJ8",0.5202969136483262,1,FALSE,
"DESCARTES_MAIN_FETAL_CSH1_CSH2_POSITIVE_CELLS",82,-0.4093910970415221,-1.6235143156882728,0.004141372385920973,0.014088406995095646,"NPRL2;TOR2A;TOM1;TUSC1;RPL13AP5;TMEM175;DPH7;VPS72;TRAPPC3;RPS13P2;TNIP2;DNAJC17;METTL25B;TRAPPC14;RPL5P4;DOLK;EIPR1;ZNF48;PPP1R3F;AKIP1;PREB;CCDC192;NDOR1;MKRN2OS;SNRPG;MRPL48;CNKSR1;FAM200A;TJAP1;GBA1LP;LINC00663;ALKBH1;ALG2;CCNDBP1;SARS2;DNAJC8;AIFM2",-1.5913397228992974,0.009655633588248507,TRUE,
"DESCARTES_MAIN_FETAL_SYNCYTIOTROPHOBLASTS_AND_VILLOUS_CYTOTROPHOBLASTS",76,0.3467224878284491,1.598975792279613,0.004404059450468452,0.014912350139260618,"SLC35D1;FBN2;NEDD4;LATS2;RCOR1;USP25;ANKRD20A5P;HOMER1;DNMT1;ZFX;SMARCA2;L1TD1;TRIM5;HIC2;ARL15;SLC38A9;HERC2P3;MBNL3;HSPD1P6;ATP6V1C2;SLC25A43;ATP10D;RP2;CCR3;FAM118A;TDRP;MB21D2;SP6;POLI;SLC27A2;GRAMD2A;GLDC;ZNF354B;SIGLEC6;HS6ST2;VSTM5;MAP7D2;TMEM150C;CROT;TTPA;RAP2C-AS1",1.5571816849338431,0.02393873459899355,TRUE,
"FAN_EMBRYONIC_CTX_EX_4_EXCITATORY_NEURON",120,0.3075945009292963,1.5063674126660167,0.004701041776544093,0.0158442519135375,"DOCK9;MYO6;TARBP1;DGKH;NIN;AHI1;UACA;ANKRD36;PPFIBP1;ARFGEF3;STX3;ABCA5;TSPOAP1;KCNQ1OT1;ITPR1;RYR3;PCLO;LMO7;R3HDM1;GOLGA8B;PDZD2;SHISA9;EPHA7;RNF213;DAB2;DYNC2I1;PTPN13;ANKRD36B;EEF2K;PTPRK;RAP1GAP2;HIC2;FBXW7;LINC01410;KIF1C;FAM227A;STK36;GOLGA8A;LINC00342;SERPINB9;SCN9A;LAMA5;SLC2A13;SYNE1",1.2971301377528188,0.11366289205029269,FALSE,
"GAUTAM_EYE_CHOROID_SCLERA_CHOROID_ENDOTHELIAL_CELLS",139,-0.3592117469407874,-1.5312721323012477,0.004870698060884384,0.016340406397805676,"FAU;RPS19BP1;RPS16;RPL18;RPS9;LSM4;RPL12;SIGIRR;RPS11;EIF4EBP1;ATP5ME;RPL7A;EIF3K;NDUFC1;RPL13A;MGST3;SPR;RPL24;PPIA;PFN1;GNG5;SH3BGRL3;RPS10;RPS3A;TMEM179B;ARPC1B;SELENOK;RPS26;RPS12;CFL1;PSMB8-AS1;FLOT2;H2AZ1;NNMT;RNF122;RPL30;SARS1;SHROOM1",-1.6054970001089035,0.0024091794723351254,TRUE,
"LAKE_ADULT_KIDNEY_C23_ENDOTHELIAL_CELLS_AVR",125,-0.3581274267423501,-1.5046397616731477,0.005105000234826362,0.017047890692447665,"RPS14;RPL13;MYL6;RPS8;RPL8;RPS16;RPL18;RPS6;RPLP1;RPLP2;CD74;RPS2;TMSB10;RACK1;RPS19;EGFL7;RPL13A;RPLP0;RPL10;HLA-DRB1;HLA-DRA;IGFBP7;CD63;HLA-E;RPL3;MT2A;HLA-B;RPL31;FTL;IFITM3",-1.2558989285787037,0.20501267248662347,FALSE,
"GAO_SMALL_INTESTINE_24W_C4_ENTEROCYTE_PROGENITOR_SUBTYPE_2",85,-0.3932280356117792,-1.5710623501206082,0.005372979249777876,0.017786240251189772,"PRSS3;ZDHHC12;C8G;RAB25;ACP5;FBP1;SMIM1;GCHFR;OCIAD2;G0S2;GOLT1A;IL32;OSGIN1;S100A9;DPEP1;TMEM86B;CFI;CNKSR1;CTSA;FAH;TMT1B;GJB1;STARD5;IFI30;ABRACL;SMIM24;AQP1;CFB;MS4A8;RBP4;GLRX;AOC1;MST1;MAMDC4;SEC11C;CHST13;ETNK2;NPL;TREH;NAGS",-1.7541641111659068,0.0028234230532880847,TRUE,
"MANNO_MIDBRAIN_NEUROTYPES_HNBM",220,0.2534366897700873,1.3537126092904577,0.005374962713271635,0.017786240251189772,"SLC38A1;PTPRG;LCOR;MIB1;CHML;STXBP5;KIF5C;ZNF33A;ACVR2B;RND3;EPB41;SOX5;GSE1;NAV1;LMOD3;RBFOX2;MAP1B;CASD1;TUBB2B;NAPB;ADAMTS5;PKP2;CCSAP;MAPK6;SCN8A;ROBO1;PHTF1;ATOSA;AFAP1;MAP3K9;CTNNA2;TMTC4;CELF3;ZNF195;CRACD;MAP2;GABARAPL1;RUFY3;RAB11FIP4;ZHX1;EBF2;RELN;KIF21B;SYT7;RAP1GAP2;NEDD4L;XIST;PDP1;LRRC55;ASXL3;PHACTR3;GREM2;NNAT;ZFHX4;SLC4A8;GRM8;ZSCAN9;MAML3;SLC46A3;PAPPA;ZFTA;PRKAR2B;MAPK8;THSD7A;GNG2;EDIL3",1.5105746829882087,0.0021529681957790036,TRUE,
"AIZARANI_LIVER_C23_KUPFFER_CELLS_3",214,-0.3185454249749912,-1.4267435812838083,0.005649191443936994,0.018609101227086568,"TSPO;ATP6V0B;OAZ1;CFD;LGALS1;TYROBP;ACTB;RHOG;S100A6;CD14;RNF130;S100A11;PHC2;CD52;KCNMB1;LST1;EFHD2;SH3BGRL3;GMFG;TALDO1;TYMP;GRK2;VSIR;PELATON;LAPTM5;CTSB;ALDOA;GLIPR2;GRN;PARVG;PLP2;SLC11A1;HK3;S100A9;SECTM1;TKT;S100A10;LY86;ITGB2;DOK3;FTH1;WAS;LILRB3;ANXA1;HCK;PILRA;IGSF6;AIF1;FGR;BCL2A1;C1orf162;MYO1F;CLEC12A;GNAI2;SRGN;IL1R2;MAFB;TNFRSF1B;FBLIM1;SMAP2;FCER1G;C5AR1;TREM1;CALM2;EMILIN2;PSAP;CD37;NFAM1;ARRB2;FKBP1A;ALOX5;ITGAX;MACROH2A1;IFNGR2;CD44;ITGAM;BCL6;NCF2;RNASEK;PKM;SAT1;CXCL8;S100A8;FCGR2A;PLAUR;POU2F2;RGS2",-1.0574326876125293,0.5859030837004405,FALSE,
"DESCARTES_FETAL_HEART_LYMPHOID_CELLS",83,-0.39902103787334064,-1.5883041615432139,0.005809091525430784,0.019049633470782028,"CDKN2A;RAB25;CD52;GZMM;ZAP70;SEPTIN1;GNLY;CD7;PRF1;NKG7;CST7;GZMA;ISG20;PDCD1;TMIGD2;CD79B;CD3D;ACAP1;GZMH;TRBC2;SIT1;LY9;LINC02481;IGKC;CXCR3;TBX21;GZMB;LTA;CD27;SIRPG;KLRB1;CXCR6;JCHAIN;IL2RB;GBP2;UBASH3A;CARD11;MATK;TCF7;CD96",-1.5670952677106895,0.025261623537360386,TRUE,
"HE_LIM_SUN_FETAL_LUNG_C3_PRIMITIVE_ERYTHROCYTE",86,-0.39330558103508845,-1.5695109466593697,0.005937573024234091,0.019383646464764207,"SOD3;GCAT;TSPAN17;PMM1;PITX1;UBAC1;CYTOR;MT1F;ANKRD9;MT1X;SMIM1;ALAD;SPINT2;HMBS;PNPLA4;MT1M;PLEK2;MAPKAPK3;MT1E;SLC22A4;MT1H;MT1G;TFR2;RGS10;SIAH2;MTURN;RFESD;DHRS13;PIM2;SLC6A9;MAPRE3;YPEL4;SLC38A5;TMOD1;ERMAP",-1.5824439677347797,0.010164280471431348,TRUE,
"DESCARTES_MAIN_FETAL_BIPOLAR_CELLS",24,0.522408949553497,1.7987043841038894,0.006099472744858186,0.019823286420789104,"LHX4;CRYBG3;FAM234B;NRG1;LRRC1;MAP7;TDRD6;NCKAP5;AGAP1;ZNF223;HCN2;C3orf70",1.7094726588066604,0.02399048576968925,TRUE,
"BUSSLINGER_ESOPHAGEAL_PROLIFERATING_BASAL_CELLS",66,-0.42511458882163106,-1.6398139863369883,0.006438891254554796,0.020833390370292852,"GPX4;RPL18A;RPS5;RPL15;RPS3;RPL13A;RPL10;SNRPB;RPL10A;ASS1;MT2A;IFITM3;EEF1B2;FBL;RPL5;TK1;CD81;EEF2;H2AZ1;HOPX;TKT;MCM7;NFIC;PRC1;EEF1A1;TUBB;STMN1;TUBA1B;IL1R2;PTMA;B2M;YBX1;RPL4;ENO1",-1.5367080097221255,0.030019809987292877,TRUE,
"DESCARTES_FETAL_PANCREAS_LYMPHOID_CELLS",103,-0.3737180817904604,-1.5347242641759966,0.0065062367596550865,0.020958143190393377,"GZMM;ZAP70;SEPTIN1;CD72;GNLY;TBC1D10C;LAIR2;CTSW;PRF1;NKG7;CST7;GZMA;PDCD1;IGHD;CD79B;CD3D;LINC01871;SH2D2A;CD247;GZMH;TRBC2;IGLC3;RHOH;SIT1;FASLG;CD69;TBX21;GATA3;CD8A;IGHM;OXNAD1;IGLC2;TERT;CD3E;CD2;CD27;SIRPG;CD6;KLRB1;CD79A;EOMES",-1.4662098199895295,0.02746103075213367,TRUE,
"DESCARTES_FETAL_ADRENAL_LYMPHOID_CELLS",125,-0.35231694141743114,-1.48022753685692,0.006654268620914509,0.021340561920818336,"CD52;CRIP1;GZMM;ZAP70;SEPTIN1;CD244;ADAM8;GNLY;PLAAT4;TBC1D10C;CD7;PRF1;NKG7;CST7;GZMA;IL32;ISG20;IGHD;MYO1G;TMIGD2;SYTL1;CD79B;LTB;CD3D;PCED1B-AS1;HSH2D;ACAP1;SH2D2A;S1PR5;CD247;GZMH;TRBC2;ADGRG3;RHOH;MZB1;SIT1;DUSP2;LY9;IGKC;TBX21;CD8A;IGHM;GZMB;CD3E;CD2;CD27;KLRB1;CD79A;EOMES",-1.42211976878736,0.03323409763587805,TRUE,
"TRAVAGLINI_LUNG_BASOPHIL_MAST_1_CELL",262,-0.31069362391558314,-1.4266402830892175,0.006802045523899212,0.021718812023678185,"GPX4;ATP6V1F;RHBDD2;CTSD;STOML2;COX7A1;NENF;LTC4S;AP2M1;TNFRSF4;LYL1;ARL2;CHLSN;EGFL7;ZNRF1;RNF130;DYNLL1;NDUFAF3;DAD1;NDUFA4;TSPAN4;CD63;CAPG;NSMCE1;LMNA;CYSTM1;TUBA1A;TNFRSF12A;LAT2;SNHG8;SDSL;ALOX5AP;GMPR;MARCHF3;TUBB6;RPL36AL;RAB34;RAC2;KCNH2;BLVRA;TSEN54;SPINT2;RAB32;P2RX1;BATF;NDRG2;ACOT7;LGALS3;GSTM3;TMEM176B;AKIP1;FXYD5;PKIG;SOCS1;RENBP;PRDX1;ANXA11;TPSAB1;LMO4;STMN1;PLGRKT;ANXA1;HS3ST1;CD59;ZBTB32;SLC1A5;TMEM44;PEBP1;NHSL3;CNRIP1;ANXA7;VAT1;CD33;RGS10;PLAT;PIK3R6;SRGN;SMYD3;SMIM3;CNIH1",-1.158895138167203,0.32433754586220953,FALSE,
"DESCARTES_FETAL_STOMACH_CILIATED_EPITHELIAL_CELLS",169,-0.33535256549938497,-1.4677965255240768,0.007449557430827438,0.0236824358499667,"CIMAP1B;SPMIP6;PSENEN;CAPS;ZDHHC1;ENKD1;HAGHL;CTXN1;FBXW9;ZMYND12;GON7;CFAP119;TPPP3;PIERCE1;LRRC73;TMEM231;CIMIP2B;WDR54;SPACA9;B9D1;OSCP1;CFAP65;KIF9;MB;WDR90;FOXJ1;CDHR3;CCDC17;DNAAF8;NEK11;FAM174A;PPP1R36;RSPH14;CIMAP3;FANK1;SPATA17;SAXO4;LINC02166;MAPK15;MORN2;ZNF497;CCDC78;SPAG8;CCNO;ALDH3B1;ODAD1;VWA3B;FAM229B;ARHGAP39;TOGARAM2;RP1;SYNPR-AS1;LRRC27;AK8;KIF19;DNAAF3",-1.4696057004566376,0.01804660068334783,TRUE,
"DURANTE_ADULT_OLFACTORY_NEUROEPITHELIUM_B_CELLS",33,-0.4983510077695792,-1.675055937110939,0.008193746994346244,0.02593499048645246,"CD74;CD52;HLA-DRB1;HLA-DPB1;HLA-DMB;HLA-DRA;LIMD2;HLA-DQB1;LAPTM5;CORO1A;NFKBID;CD79B;LTB;HLA-DQA1;CD37;CD69;CD53;LINC00926;IGHM",-1.565088005735127,0.04910801436913318,TRUE,
"DESCARTES_FETAL_SPLEEN_AFP_ALB_POSITIVE_CELLS",128,-0.3481528209025912,-1.4709134099243113,0.008644791036096663,0.027244189931940995,"DGCR6L;PCYT2;GRHPR;F12;SLC25A10;MSRB1;PCBD1;PRAP1;GAMT;GALK1;APOC1;APOE;AGPAT2;MT2A;MT1F;FTL;TMEM150A;MT1X;SDC1;AZGP1;ACAA1;TM7SF2;AMN;RBKS;SPRYD4;MT1E;MT1H;ATF5;LOXL4;MT1G;PEBP1;APOM;CYB5A;VMA12;PHYH;GLUD1;DGAT2;GJB1;LINC02532;TM4SF4;C2;ALDH4A1;DHCR7;HAL;SLC38A4",-1.556045912352597,0.009978561131949332,TRUE,
"AIZARANI_LIVER_C17_HEPATOCYTES_3",63,-0.42166359239727197,-1.6150905974434686,0.00883914251162065,0.027736619605430314,"DCXR;F12;RARRES2;APOC1;APOE;MT2A;EPHX1;AZGP1;NNMT;SLC27A5;TMEM176B;ANG;TMEM176A;PTMS;MLXIPL;PLIN5;IGFBP2;SELENBP1;CYP3A4;C1R;UGT2B7;TNFSF14;CFB;ADH1B;CLU;SERPING1;RBP4;AGXT;MST1;CYP4F3",-1.3821460851793315,0.14096142923529714,FALSE,
"BUSSLINGER_ESOPHAGEAL_QUIESCENT_BASAL_CELLS",74,-0.4016167407698415,-1.5717425228725956,0.00939259055886228,0.02934680655301176,"RPL13;RPS6;RPLP1;RPS3;RACK1;RPL13A;RPL10;ASS1;RPS3A;RPL3;GAS5;PDLIM1;IFITM3;RPL5;CD81;EEF2;SNHG29;NFIC;EEF1A1;FTH1;NOP53;JAG2;IL1R2;IFITM1;JUNB;ITGB4;RPL4;MEGF6;SLC1A4",-1.6263675661141272,0.010057672723370083,TRUE,
"BUSSLINGER_GASTRIC_CHIEF_CELLS",52,-0.4408746032959092,-1.6359716799964514,0.009783948498814875,0.030438950885201835,"DCXR;RPLP1;SSR4;CST3;MT2A;MT1F;FTL;PRDX4;MT1X;CA9;PDIA2;EEF2;AZGP1;GPER1;XYLT2;CDKN1C;FTH1;MT1G;PLIN5",-1.7043358858924036,0.00882096336206816,TRUE,
"AIZARANI_LIVER_C11_HEPATOCYTES_1",201,-0.3193880072294222,-1.4249770816853904,0.00990210820833527,0.030675467130502457,"DCXR;UQCRQ;GRHPR;F12;PCBD1;CBR1;ECHS1;GADD45G;RARRES2;ASS1;APOC1;APOE;MT2A;SOD1;HULC;MT1F;MT1X;FBP1;SDS;EPHX1;AZGP1;PCK2;NNMT;MTHFS;TDO2;C4BPB;SLC27A5;TMEM176B;ANG;MT1M;TMEM176A;CYP27A1;GOT1;MT1E;ATF5;PTMS;MT1G;MLXIPL;CFI;CMBL;PEBP1;ALDH2;LEAP2;APOM;ADI1;IGFBP2;AKR1C4;CYB5A;PRDX6;DECR1;PHYH;RCL1;GLUD1;AKR1C1;SELENBP1;ATP5PF;CYP3A4;C1R;CFL2;PON3;ALDH1A1;SHMT1;C2;UGT2B7;BNIP3;PLIN2;CAT;HSD17B6;HAL;SLC38A4;KLF15;PRDX3;RHOB;PROZ;CFB;ADH1B;CLU;SERPING1;RBP4;AGXT;MST1;CYP4F3;PSAT1;GHR;MTTP",-1.1295023956446955,0.41006794908603694,FALSE,
"DURANTE_ADULT_OLFACTORY_NEUROEPITHELIUM_RESPIRATORY_COLUMNAR_CELLS",24,-0.567382887317095,-1.7643021093098237,0.010096022126874282,0.031143661476120667,"HSPB1;SFN;AQP3;MT1X;TXN;ANXA2;S100A16;CLDN4;SLC25A5;CSTB;PRDX1;KRT18;KRT8;ALDH3A1",-1.7536465129816106,0.009978561131949332,TRUE,
"HAY_BONE_MARROW_CD34_POS_GRAN",15,-0.6059208146169809,-1.6745408168462774,0.010533889326528288,0.03235726341650883,"HSPB1;TMEM258;CLEC11A;NPW;SNHG19;SNORC",-1.7533875004192683,0.014206481576053167,TRUE,
"AIZARANI_LIVER_C18_NK_NKT_CELLS_5",121,-0.3532098120782547,-1.484367926609136,0.010699730205676591,0.032728586511481333,"NPC2;HSPB1;HLA-DMA;CEBPB;TYROBP;CST3;S100A11;LST1;HLA-DPB1;HLA-DRA;HLA-DQB1;CCL3L3;PTPN6;LAPTM5;HLA-DPA1;SLC11A1;HK3;KLF2;S100A9;FTH1;LILRB3;ANXA1;HCK;IGSF6;AIF1;FGR;BCL2A1;C1orf162;NCF1;MAFB;TNFRSF1B;FCER1G;C5AR1;PSAP;CD37;HSPA6;CSF1R;ALOX5;ITGAX;MACROH2A1;GADD45B;NCF2;SAT1;CXCL8;S100A8;FCGR2A;PLAUR;POU2F2;RGS2;DNAJB1;RILPL2;VIM;FPR1;LILRB1;C3AR1;HSPA1A;LILRB2",-1.0458281273076036,0.612214863870493,FALSE,
"DESCARTES_MAIN_FETAL_CILIATED_EPITHELIAL_CELLS",408,-0.2800666562802134,-1.3197365947353044,0.010824906123962436,0.03285484197036492,"POLR2I;ZNF688;CIMAP1B;CIB1;SPMIP6;COQ4;ADPRS;ANKRD54;ZNHIT2;B9D2;DYNC2I2;PSENEN;CBY1;CAPS;ZDHHC1;P4HTM;DPCD;IFT43;KLHDC9;HAGHL;CTXN1;DNAL4;DENND6B;C6orf52;UBXN11;DYNLL1;HSPBP1;TUBB4B;FBXW9;SMPD2;PRDX5;DYNLT1;EMC3;TP73;MCAT;TPRG1L;CCDC157;ERGIC3;RUVBL2;ZMYND12;GON7;LRWD1;MINDY4;SPATA33;CFAP119;ARMH1;TPPP3;PIERCE1;SERTAD4-AS1;CCDC74A;LRRC73;TMEM231;LMNTD2;ZNF295-AS1;CCDC24;WDR54;IFT22;UFC1;CLBA1;SPACA9;B9D1;OSCP1;DALRD3;PCSK4;METTL27;CFAP65;KIF9;DPY30;GEMIN8;DYNLT2B;NAT14;PACRG;ZNF584;FOXJ1;CDHR3;CCDC17;DNAAF8;RNF32;GPR162;NEK11;FAM174A;DERL3;PPP1R36;RSPH14;CIMAP3;WRAP53;AHSA1;CFAP20;FANK1;SPATA17;ELL3;SAXO4;DNAAF2;TMEM107;LINC02166;MAPK15;MORN2;CCDC78;SRI;SPAG8;CCNO;NUDC;ALDH3B1;ODAD1;MYCBP;RIBC2;COPRS;UGT2B17;VWA3B;FAM229B;ARHGAP39;IFT172;AGR3;TOGARAM2;ZNF599;SYNPR-AS1;TREM1;RFX2;LRRC27;IFT122;AK8;KIF19;TMEM218;DNAAF3;CETN2;HNRNPF;IQCD;GIHCG;MAPRE3;BBS4;BRD3OS;MOK;PIERCE2;SYS1;ZNF487;CFAP184",-1.2342333741378546,0.10210879916966471,FALSE,
"FAN_EMBRYONIC_CTX_BIG_GROUPS_EXCITATORY_NEURON",32,0.45594392793211075,1.6932883179393663,0.010831266583636789,0.03285484197036492,"DOCK9;ICA1L;PCLO;R3HDM1;GOLGA8B;CACNG8;ADCY1;SATB2;FBXW7;PLXNA4;LINC00342;SRCIN1;SEMA3C;BHLHE22;NELL2;PLXNA2;CACNA2D1;MIAT",2.2000658670352746,9.042791904811904e-5,TRUE,
"DESCARTES_FETAL_THYMUS_VASCULAR_ENDOTHELIAL_CELLS",121,0.2937399697018321,1.4386216202274698,0.011277670960545084,0.034066989457580174,"DOCK9;KDR;FLT1;FGD4;MYO1B;PREX2;ADGRF5;PPFIBP1;EPAS1;PCDH17;RNF152;COL4A1;MECOM;PTPRB;MPDZ;GASK1B;PTPN14;MYCT1;ERG;HMCN1;CALCRL;TEK;PRR5L;ADAMTS9;SHE;PROX1;STAB2;RELN;ELK3;COL15A1;ADGRL4;EMCN;PODXL;WASF3;LDB2;LINC00472;THSD7A;SEMA3A;TLL1;GNG12-AS1;HOXB3;MET;A2M;NUAK1;SHANK3;RASGRP3;RFTN2;NALF1",1.9095669632956995,3.0994531210154405e-5,TRUE,
"DESCARTES_FETAL_PLACENTA_AFP_ALB_POSITIVE_CELLS",108,-0.363041071428771,-1.5051537244012776,0.011493267041059439,0.0345747868012036,"MPST;F12;PRAP1;ACY1;ASS1;MT2A;MMAB;MT1F;MT1X;GSTZ1;GOLT1A;FGFR4;GPER1;TDO2;C4BPB;TM7SF2;AMN;MIR9-1HG;SPRYD4;MT1E;MT1H;ATF5;MT1G;AKR1C2;MLXIPL;PEBP1;TFR2;SLC37A4;APOM;BDH1;AKR1C3;PHYH;DGAT2;SLCO1B3;TM4SF4;ALDH4A1;DHCR7;SLC38A4;HSD17B11;FLRT3;SIRT4;SARDH;RBP4;ESPN;REEP6;AGXT;MST1;CYP4F3",-1.5939482929330024,0.00798633514313573,TRUE,
"HE_LIM_SUN_FETAL_LUNG_C1_PROXIMAL_SECRETORY_3_CELL",206,-0.3099946719910633,-1.3846072020096027,0.01225860796539735,0.03672537694983239,"PRADC1;SOD3;BORCS8;TNFRSF14;FUOM;KRT7;VAMP5;CAPS;NUDT8;LGALS9;PSMB10;NPDC1;MPDU1-AS1;GABRP;SFN;BSPRY;S100A2;MESP1;ASS1;S100P;HLA-B;DUS1L;NDUFA4L2;PAQR4;BST1;LSP1;PLAAT4;VSIR;IFI6;OSCP1;GLIPR2;NUPR1;IL32;ISG20;S100A9;FAM3D;SULT2B1;FXYD5;FUT3;SLPI;IGFBP4;IGFBP3;ANXA1;LINC01133;HS3ST1;SLC1A5;TONSL;MSLN;CCNO;TFAP2A;RGS10;BIK;MAFB;MAP3K6;IFITM1;TNFSF10;AGR3;PFKP;SEZ6L2;LRRC4;SPIRE2;ITGB4;ALPL;ANKRD35;EHD2;GNA15;CPAMD8;CD82;BICDL2;PART1;CKMT1B;SLC44A4;TMEM184A;C15orf48;B3GNT3;FBLN2",-1.3546442381452577,0.08615611192930779,FALSE,
"FAN_EMBRYONIC_CTX_BIG_GROUPS_GLIAL",118,-0.35100463035496465,-1.4711651574632907,0.013065696440137798,0.03898289757549311,"DCXR;GRHPR;TIMP1;CST3;CBR1;IFI27L2;RHOC;DAD1;SIGMAR1;CD63;MT2A;TSC22D4;LRPAP1;TPI1;LYPD1;ATP1A2;HOPX;NDRG2;TM7SF2;MDK;FHL1;RAMP1;S100A16;MIR9-1HG;TXNDC12;MFGE8;PHGDH;SNX3",-1.181335455599838,0.3299980225430097,FALSE,
"AIZARANI_LIVER_C24_EPCAM_POS_BILE_DUCT_CELLS_3",181,-0.32050231521128975,-1.4133803730419634,0.01315043053767676,0.039053718613506316,"TSPO;MYL6;HSPB1;CLDN3;KRT7;PPDPF;CD151;VAMP8;S100A6;TAGLN2;GABRP;TUBB4B;S100A11;CLIC1;GPX2;PRDX5;CD63;SPP1;AQP3;LMNA;CYSTM1;TST;TNFRSF12A;TPPP3;GSTP1;TAX1BP3;CDC42EP1;TFF3;LAD1;TXN;PDZK1IP1;ANXA2;SPINT2;CLDN7;LGALS3;S100A10;CLDN4;CDKN1C;ANXA11;LGALS4;MYL12B;TUBB;SLPI;LMO4;KRT18;AKR1C2;SPINT1;SDCBP2;CD59;NHSL3;RAC1;SPINK1;KRT8;DEFB1;SLC12A7;SLC5A1;PHLDA2;BEX3;VSTM2L;EEIG1;MMP7;LRP10;CALM2;NQO1",-1.3815337575015554,0.04599157877114171,TRUE,
"DESCARTES_MAIN_FETAL_SATB2_LRRC7_POSITIVE_CELLS",73,-0.39167011082105585,-1.5273801571716277,0.013196723597421089,0.039053718613506316,"RPS11P5;LPAR2;MCRIP1;SRM;TMEM158;TMEM240;CATSPER3;ARHGAP33;TRAPPC5;DOHH;ABHD8;LINC00115;RAB3A;RASL10A;PPP1R14BP3;PANX2;ADGRB2;LAMB2P1;FNDC4;STMN1;GGN;NXPH3;GPRIN1;SBK1;ZNF746;VPS26B;GOLGA7B;BCL6;FAM220A;SEPTIN3;RPL23AP82;HPF1;NFIX;ADAM32",-1.3909482646942337,0.12118817224016631,FALSE,
"HAY_BONE_MARROW_PLATELET",211,-0.3138290810172966,-1.404929602239933,0.014269840834317076,0.042058478248513484,"OST4;MARCHF2;AFAP1-AS1;SWI5;LAMTOR1;GSTO1;CD151;LYL1;INKA1;TAGLN2;CDKN2D;CYB5R1;MYL9;CNN1;PLEKHO1;UBL4A;CENPT;NRGN;R3HDM4;PDLIM7;EMC3;ZCCHC17;TUBA4A;AP1M2;PDGFA-DT;CXCL5;MISP3;MOB3C;TMEM91;GMPR;PDGFA;PDZK1IP1;GAS2L1;WBP2;FERMT3;MEPCE;LINC00853;CLDN5;TBXA2R;H2AC8;TNNI3;UBAC2;PTGIR;TNNC2;LINC01088;WDR1;CTSA;LURAP1L;EGF;RGS10;MAX;SMOX;MINDY1;PTPN18;MTURN;CAPN1;BEX3",-1.1876079820258651,0.28029082052935067,FALSE,
"CUI_DEVELOPING_HEART_VASCULAR_ENDOTHELIAL_CELL",187,-0.3085714203407415,-1.3627949853031043,0.015074761542748593,0.044086332068705956,"DPP7;SELENOM;CTSD;IFI27;DHRS3;LTC4S;PTGDS;CD151;CLIC3;TMEM120A;NPDC1;CST3;CD320;METRNL;SDF4;KCNMB1;EMP3;ASS1;GABARAPL2;IGFBP7;BST2;SYNGR2;ATP6AP1;PIGT;LSR;IFI6;CARD16;GRN;NNMT;HAPLN3;KCNN4;RTN4RL2;KLF2;GAS6;FXYD5;IER5L;RAMP3;TSPAN2;KAZALD1;SLC41A3;LINC01133;CFI;IL11RA;PPIC;EMP2;DDIT4;PXDC1;CPXM2;IGFBP2;TCN2;FBLIM1;LTBP4;KLHL13;JUNB;SEZ6L2;MGP;BGN;MEGF6;C1R;CD58;GADD45B;ALDH1A1;TSPAN7;DEPP1;CPE;CPAMD8;LOX;LIMS2;MFAP2",-1.167581556855259,0.32433754586220953,FALSE,
"CUI_DEVELOPING_HEART_C2_CARDIOMYOCYTE",59,-0.4184867011815499,-1.5805418695057745,0.015078978963060142,0.044086332068705956,"CHCHD10;COX7A1;CRIP2;DES;NDUFS6;MYL9;HSPB7;COX5A;FITM1;ATP5MC1;SNTA1;IDH2;POPDC2;MB;TNNI3;GOT1;SLC25A4;PTP4A3;LDB3;CISD1;HACD1;PFKP;SH3RF2;ACTC1;EIF1B;CFL2;ENO3;FHL2;BNIP3",-1.2060698365063958,0.32631107126848946,FALSE,
"SU_HO_FOETAL_FEMUR_C1_RESTING_CHONDROCYTE",41,0.40437223235294584,1.6157144599116946,0.015278438230826688,0.044490812128167315,"DST;TRAM2;MON2;PHC3;FOXO3;FLNB;PXYLP1;COL14A1;MMP16;SOX9;MALAT1;XYLT1;COL2A1;GREM1;DDR2;COL11A2;COL9A1",1.7124848580630458,0.015019552733476616,TRUE,
"DURANTE_ADULT_OLFACTORY_NEUROEPITHELIUM_SUSTENTACULAR_CELLS",33,-0.4798894247797803,-1.6130029188298418,0.015662988320831534,0.04524707539011959,"VMO1;S100P;GSTP1;POR;TFF3;FAM3D;CLDN4;MT1G;KRT18;KRT8;CYB5A;ADH1C;S100A14;MT3;WFDC2;CXCL8",-1.88224772924178,0.002040190044621841,TRUE,
"DESCARTES_MAIN_FETAL_PARIETAL_AND_CHIEF_CELLS",95,-0.3607175944799207,-1.4625410558165217,0.015682151559564397,0.04524707539011959,"SERF2;MRPL41;UQCRQ;MCRIP2;STARD10;PXMP2;ATP5ME;COX6A1;MRPL12;NDUFS3;COMTD1;CYB5R1;TBRG4;MTFP1;ATP5PO;GPX2;ANKRD16;MISP3;HPCAL1;SAMD13;BCAT2;PRR13;TXNDC17;CBLIF;TMEM116;FAM162A;MCF2L-AS1;TMEM86B",-1.604712944547575,0.006307917035417667,TRUE,
"FAN_EMBRYONIC_CTX_MICROGLIA_1",148,0.27598345075179187,1.4167359766964989,0.015724601749588264,0.04524707539011959,"CKAP5;ATAD5;SMC1A;KIF14;TOP2A;CENPF;BRCA2;SMC4;CDC27;MKI67;NCAPD2;KIF20B;DEK;CEP152;CENPE;SMC2;TTF2;POLQ;ANLN;ASPM;BUB1B;ARHGAP11A;SRSF10;CNTRL;HP1BP3;BUB1;SGO2;CKAP2L;CIT;RAD21;KIF4A;PLK4;ATAD2;KNL1;TTK;CCDC18;CENPC;SHCBP1;DIAPH3;TPX2;FAM111A;CDCA2;KIF23;CLSPN;DEPDC1;BARD1;NCAPH;KPNA2;NCAPG2;RAD51AP1;CKAP2;DLGAP5;FOXM1;ESCO2;KIF11;KIF15;FANCD2",1.453415336755186,0.007637684262132335,TRUE,
"DESCARTES_MAIN_FETAL_SMOOTH_MUSCLE_CELLS",38,-0.4469925240859423,-1.5482319255154084,0.016250785695016357,0.046577055062881526,"ACTG2;KCNMB1;PLA2G5;CCR10;NDUFA4L2;TAGLN;COX4I2;ACTA2;RASL12;MYH11;AOC3;TBX2;CYGB;CARMN;TMEM74B;ANO1;KCNJ8;THBS4",-0.6827113065867305,1,FALSE,
"DESCARTES_MAIN_FETAL_PDE11A_FAM19A2_POSITIVE_CELLS",25,0.4742539573923736,1.6318156554826138,0.016803651716481856,0.04797277823372075,"ANKRD28;ERCC6;PCLO;CACNB4;SCN8A;CCDC88A;DAAM1;RELN;SLIT2;FILIP1L;SEMA3A;PDE11A;PCDH9;IQSEC3;PCDH7",2.007059245719897,0.0024158123983449515,TRUE,
"MANNO_MIDBRAIN_NEUROTYPES_HNBML1",238,0.24189881444577424,1.2934121043203681,0.01788813084347695,0.05086937208613758,"KIF21A;SLC38A1;LCOR;FGF12;SRGAP1;ATP11C;KIF5C;RAPGEF5;ZNF697;PGM2L1;ACVR2B;SYN3;EPB41;ZBTB38;ARFGEF3;YWHAG;GSE1;PTPN3;NAV1;FNIP2;SH3PXD2A;TULP4;UNC13A;RBFOX2;ANK3;MAP1B;TUBB2B;NAPB;PKP2;XPR1;NMNAT2;SHROOM2;MAPK6;GPRIN3;CACNB4;SCN8A;ROBO1;LRRC49;CTNNA2;CELF3;MAP2;RUFY3;DOK6;KIF21B;SYT7;RAP1GAP2;XIST;ENTREP2;PALB2;ZC3H8;DOCK4;LRRC55;ASXL3;PHACTR3;NNAT;CLCN4;SLC4A8;CCDC122;MYO5A;KCNA3;KIF3C;CDK5R1;PLCL1;CXXC4;ZBTB6;MAML3;PRKAR2B;MAPK8;THSD7A;GNG2;SEMA3A;EDIL3",1.3433822138520006,0.013147866918363579,,
"BUSSLINGER_DUODENAL_BCHE_CELLS",38,-0.4443580440690068,-1.5391069718538397,0.018176771382316086,0.05148906446041288,"TMEM219;TMSB10;S100A6;CST3;MT2A;MT1F;MT1X;GSTP1;LGALS3;MT1E;LGALS4;MT1H;NAPSB;MT1G;SRI;LPCAT4;AKR1C3;FKBP1A",-1.686461209646841,0.012910147379871083,,
"BUSSLINGER_GASTRIC_PREZYMOGENIC_CELLS",55,0.3589268499278397,1.5434033800926468,0.019062553458177634,0.0537889105331524,"NBEAL1;AKAP9;TTC3;ANKRD50;GOLGB1;MAGI1;ENAH;ASPH;MECOM;EGR1;THSD4;SRRM2;NFKBIZ;SLC4A4;PGC;ARHGAP18;HDLBP;APP",1.4568539765822999,0.09630691575773175,,
"DESCARTES_FETAL_HEART_ERYTHROBLASTS",266,-0.2959970236872853,-1.3585946773913833,0.019410151321192216,0.054499342028201454,"RFXANK;DGCR6L;SNHG25;BLVRB;AKR1A1;NAA10;PGLS;TMEM238;NAXE;SNHG7;MRPL22;GSDMD;BTBD6;FBXW4;PTPA;ROGDI;CHLSN;SELENOH;DDX39A;POLR2H;MACROD1;GRK6;DBNL;SNRPA;TMEM161A;DEAF1;SLC66A2;ERGIC3;GON7;RPL3;POP4;FARSA;ASPHD1;ASL;HBA2;S100P;GYPC;CDT1;EMC4;FTL;NHP2;ARMH1;SPPL2B;SNHG8;TRMU;NXT1;TBC1D10C;GSTO2;ASCC2;APEH;PCK2;POLR1E;CENPW;BAP1;AMFR;CHASERR;GLRX5;ME3;TM2D3;DYNLT2B;NOB1;AP1M1;HMGA1;SMPDL3B;ZMIZ2;SLC35C2;PIK3IP1;PRC1;PGGHG;SLC22A4;GIMAP2;SULT1A1;GET4;CHCHD6;TRIP10;TRIM47",-1.503725609094653,0.002395411361317482,,
"DESCARTES_FETAL_PLACENTA_EXTRAVILLOUS_TROPHOBLASTS",44,-0.4479824791944206,-1.5971943844208207,0.019464050724357664,0.054499342028201454,"ASPSCR1;SOWAHD;ASCL2;SYT8;FSTL3;POMC;LAIR2;PTGES;GPR146;HLA-G;RTN4RL2;RNF223;KCNK12;PYCR1;WFDC3;CERCAM",-1.661198426500393,0.013713338387976785,,
"ZHONG_PFC_MAJOR_TYPES_ASTROCYTES",284,-0.28996282910461596,-1.3353120332756345,0.01965303775096311,0.05481766851609633,"DCXR;C1orf122;PPP1R16A;YIF1A;TEX264;HSPB1;IFI27L1;LGALS1;TIMP1;GNPTG;TBC1D10A;COMT;CST3;S100A13;CBR1;PRR5;HES4;HLA-C;RHOC;HLA-A;ZFYVE21;EFHD2;GNG5;CD63;APOE;MT2A;HLA-B;TSC22D4;IFITM3;EFEMP2;PDLIM3;G6PC3;CDC42EP1;CRYL1;RAB34;PLCD1;ATP1A2;LRRN3;HOPX;HAPLN3;NDRG2;LGALS3;LGALS3BP;TM7SF2;RAMP1;S100A16;PEA15;MIR9-1HG;RAMP3;MT1E;MFGE8;PHGDH;IGFBP4;BMPR1B;TRIM47;SNX3;TP53I3;THBS3;SERPINB6;CSPG5;KCNJ10;KLHDC8A;CTSL;S100B;PBXIP1;RGCC;EFNA1;B2M;PLTP;GLUD1;DBI;SELENBP1;IL33;FAM107A;HEY1;SLC1A4;ALPL;EEPD1;TSPAN7;MASP1;CD82;ID1;GPX3;NT5E;MT3;DHCR7;PRODH;FBLN2;TECPR2;VIM;LRRC10B;DDR1;ROBO3;HTRA1;DOK5;RGMA;CLU",-1.147581532081468,0.32326246425463134,,
"DURANTE_ADULT_OLFACTORY_NEUROEPITHELIUM_BOWMANS_GLAND",22,-0.5252362587009689,-1.6123524606557424,0.019867046848005093,0.05520309200514392,"VMO1;AZGP1;LCN15;NDRG2;PPP1R1B;SLPI;LRRC26;ODAM;ZG16B;GPX3;TCN1;S100A1;RNASE1",-1.780623481734466,0.0141846339327312,,
"ZHONG_PFC_C5_BCL11B_CALB2_POS_INP",19,0.5118854427407261,1.644060133460443,0.02035796669205808,0.05635209031109613,"KAT6B;ATP2A2;YWHAG;NAV1;ANK3;XPR1;TSPAN18;KIF21B",1.7959582847501607,0.019274797694435103,,
"LAKE_ADULT_KIDNEY_C1_EPITHELIAL_CELLS_UNASSIGNED",25,0.4680745218232555,1.6105534191922155,0.021284552182706015,0.05869376510988629,"RAPGEF2;TAOK1;MAST4;TLN2;NHS;PTPRD;PLCL1;FARP1;ZBTB16;CALD1",1.8382714564128868,0.009074831501298041,,
"DESCARTES_FETAL_PANCREAS_SMOOTH_MUSCLE_CELLS",31,-0.4652848860762401,-1.5372823863609721,0.021879588354561184,0.060106944611775626,"SGCA;ACTG2;SFN;NDUFA4L2;NTF3;ACTA2;OR51E2;LINC00702;MYH11;AOC3;FAM162B;NPTX1;CARMN",-0.8541036800820133,0.9314782608695653,,
"GAUTAM_EYE_IRIS_CILIARY_BODY_FIBROBLASTS",98,0.29458579308154154,1.40961716853489,0.023588821859206112,0.06455888087782725,"PHACTR2;CREB3L2;SLC35D1;ZFHX3;ACSL3;IL6ST;NKTR;PNISR;WSB1;HGF;HIF1A;RHOBTB3;ELOVL5;MAML2;EGR1;ARGLU1;TUBB2B;NFE2L2;LPP;FAM13C;BZW1;WEE1;DYNC2I1;RAMP2-AS1;BHLHE40;FOSL2;PPP1R15A;NID1;DDX17;CEP126",1.6728805224420669,0.003966916426280632,,
"HE_LIM_SUN_FETAL_LUNG_C4_ACTIVATED_NK_CELL",46,-0.4280561944747467,-1.5562964459174027,0.024441115596508068,0.06664094439796957,"TNFRSF4;TSPAN17;TMEM120A;TNFRSF18;SNX8;MAP1LC3A;NME1;PIM3;CD72;RRP9;MRTO4;RAMP1;TRAF1;PUS1;FEZ1;BCL2A1;SFXN4;HAVCR2",-1.476756878478396,0.09409541467588961,,
"BUSSLINGER_DUODENAL_MATURE_ENTEROCYTES",237,-0.3042236022871621,-1.3805798347976086,0.024788532122802954,0.0673360126320916,"GPX4;FBXW5;HSPB1;CTSD;IFI27;C8G;CD74;CD151;S100A6;C1QTNF12;SLC39A4;MICALL2;PRAP1;DGAT1;RHOC;SLC2A5;ATG4B;HLA-DRB1;HLA-DRA;AGPAT2;SLC67A1;MIGA2;ANKRD9;ARHGEF16;YPEL3;BAIAP2L2;FBP1;INF2;POR;SAT2;SLC27A4;ANGPTL4;MAPK3;PHGR1;PNPLA2;PCK2;POLD4;TNFRSF1A;ACAA1;IL32;ZBTB7B;MDK;SECTM1;PEPD;AMN;CYP2B7P;ACE;IGFBP4;TRIP10;CYP4F12;SPINT1;LINC01133;SLC40A1;RAB17;TJAP1;SLC12A7;CARD10;SLC5A1;FBLIM1;GSDMB;PFKP;H1-2;EPS8L2;INPP5J;ITGB4;ACADVL;ANPEP;CYP3A4;DGAT2;BMP1;ACY3;GADD45B;TM4SF4;MICAL1;PLXNB2;S100A14;SMPD3;DNASE1;UGT2B7;STAT6;PLIN2;CREB3L3;MTMR11;TM6SF2;IGSF9;PRODH;RMDN3;SMIM24;ACSL5;ACHE;VILL;SLC19A1;C3orf85;CDHR5;TM4SF5",-1.6259535354059946,5.828157781201471e-4,,
"TRAVAGLINI_LUNG_PERICYTE_CELL",110,0.28111974546524887,1.3573774053817638,0.026419422940462553,0.07149940483515516,"PAG1;MYO1B;PREX2;ADGRF5;GUCY1A2;CCDC68;MATN3;TNFRSF21;PRDM1;COL4A1;APOLD1;PCDH18;SPRY4;PDZD2;GABRB2;ADGRG6;LAMB1;CLMN;GJC1;ITGA1;ANKRD44;NID1;CDH6;SLC35B3;CCDC102B;RGS5;PEAR1;PLCB1;SORT1;SGIP1;FARP1;SLC12A2;PLCE1;TRPC6;CHN1;TACC1;CPM;SEMA6D",1.5574174184119685,0.0035123382405009805,,
"RUBENSTEIN_SKELETAL_MUSCLE_ENDOTHELIAL_CELLS",136,-0.32697312894343694,-1.394230528221889,0.026786884520708685,0.07216759131024394,"MYL6;POLR2L;HSPB1;IFI27;CD74;HLA-DMA;VAMP5;CCDC85B;CRIP2;TMSB10;EGFL7;ISG15;HLA-C;RHOC;HLA-A;HLA-DRB1;HLA-DPB1;HLA-DRA;BST2;HLA-E;LY6E;PDLIM1;HLA-B;NHERF2;IFITM3;IFITM2;MGST2;HLA-DPA1;KIF25;IL32;CLDN5;C1orf54;LGALS3;KLF2;RAMP2;TMEM88;ID3;S100A16;F8",-1.064898144887403,0.5617805309452906,,
"BUSSLINGER_DUODENAL_LATE_IMMATURE_ENTEROCYTES",158,-0.31303075294044014,-1.3595754998296123,0.0268645841278518,0.07216759131024394,"CD74;AKR7A3;CBR1;DGAT1;SLC2A5;MGST3;HLA-DRB1;HLA-DRA;CYSTM1;CLDN15;FTL;FBP1;SAT2;CRYL1;SAR1B;GPD1;PCK2;ACAA1;DHRS7;PEPD;SLC25A5;AMN;TKFC;LGALS4;FTH1;AKR7L;SULT1A1;ACE;CMBL;PEBP1;RAB17;GNA11;SLC37A4;SLC5A1;UGT2B17;CYB5A;ACADVL;ANPEP;CYP3A4;HACL1;HSD17B2;ALDH1A1;TM4SF4;S100A14;SMPD3;DNASE1;UGT2B7;PLIN2;CALM1;CREB3L3;SAT1;TM6SF2;CHP2;SMIM24;ACSL5;ABHD6;ITM2B;HSD17B11;C3orf85;CDHR5;PGRMC2;TM4SF5;GALM;KRT20;MS4A8;GLRX;REEP6",-1.4100648725932345,0.030019809987292877,,
"JONES_OVARY_MAST_CELL",46,-0.42274289868921755,-1.5369787407799416,0.02718209951691176,0.07275208988349913,"MYL6;SOD3;COX7A1;RRAS;H2AJ;SELENOW;HES4;S100A11;TINAGL1;PDLIM1;PLAC9;EPB41L4A-AS1;GSTM3;PKIG;RASL12",-1.2597267360735396,0.2691292875989446,,
"VANGURP_PANCREATIC_BETA_CELL",101,-0.3501411687239719,-1.4350311424662723,0.02753379384828231,0.07342345026208616,"RPS6;RPL7A;RPS3;C1QL1;SELENOW;RPL24;PEMT;RPL3;HADH;RPL5;ALDOA;UCHL1;STX1A;RPS4X;RPS23;SURF4;DHRS7;CDKN1C;PRDX1;RPL17;DHRS2;PEBP1;PFN2;SAMD11;MAFB;ARL6IP5;NPTX2;GNAS;MT-CO3;PSAP;DBI;RPL4;ENO1;SCD5;TMEM37;CNP",-1.1560076247133457,0.39047272727272725,,
"DURANTE_ADULT_OLFACTORY_NEUROEPITHELIUM_VASCULAR_SMOOTH_MUSCLE_CELLS",90,-0.36075442102381655,-1.4433930126273185,0.028397599145483322,0.0754505553938389,"MYL6;SOD3;PPP1R14A;ACTG2;MYL9;CNN1;IGFBP7;CAVIN3;TINAGL1;MT2A;CSRP1;NDUFA4L2;TAGLN;PLAC9;TPM2;PDLIM3;TGFB1I1;LMOD1;COX4I2;KLF2;FHL1;ACTA2;MT1M;ISYNA1;MYH11;MFGE8;PTP4A3;EFHD1;CARMN;GGT5;C11orf96;JUNB",-0.8091411395882052,0.9990381426202322,,
"DESCARTES_MAIN_FETAL_TROPHOBLAST_GIANT_CELLS",98,0.28885342937980785,1.3821873383121768,0.02865738913975749,0.075783616046406585,"MAN1A2;SLC38A1;AFF1;STS;RYBP;RBBP6;POGLUT3;CRIM1;LNPEP;FNDC3A;TACC2;TENT5A;TREML2;RHOBTB3;TRIM40;MTMR4;EXPH5;CCSAP;DAB2;STK3;SVEP1;VGLL3",1.3055185312234059,0.12126723498619274,,
"MURARO_PANCREAS_DELTA_CELL",198,0.24770033442765216,1.3175963897454037,0.028731151138472827,0.075783616046406585,"SLC38A1;TTC3;FGF12;SORL1;PREPL;DYNC2H1;DNAJC6;AHI1;SESN3;ADGRL2;HAP1;FTO;STAU2;ARFGEF3;ICA1L;MCC;HTATSF1;RHOBTB3;PCLO;ANK3;EGR1;MAP9;MAP1B;PJA2;LCORL;ZKSCAN1;FANCF;ACSL1;SYNE2;DUSP6;INPP5F;AKAP12;LPIN1;MAP2;RUFY3;SETBP1;PROX1;AMPH;MBNL2;PNMA8A;RCAN3;SLC4A8;MDFIC;PNRC2;CXXC4;SCRN1;NBEA;EXOC6;BTG2;EHF;ABCC9;TSHZ2;SLC2A13;THSD7A;ST8SIA4;PSIP1;GPAT4;TPD52;TANC2;IRS2;EYS;NUAK1;FHOD3;OXCT1;FOS;BHLHE41;CEP41;PCK1;RUNX1T1;PLXNA2;JAM3;NDRG4",1.608103264358114,3.4447456804031004e-4,,
"ZHONG_PFC_C3_ASTROCYTE",337,0.2136311592099448,1.1767684338343547,0.029244489470872874,0.0768591636635215,"ATAD2B;KMT2A;BPTF;MDN1;BAZ2A;IBTK;SLC38A1;CTTNBP2NL;SETX;PRDM2;ZNF37A;TCAF1;RESF1;ZNF445;SEL1L;UBN2;TMEM131;SLC4A7;CNOT6;AFDN;MCM3AP;PGM2L1;ANKRD36;AGO2;ACVR2B;ZNF611;BMPR2;USP7;RBM33;ARFGEF3;RPS6KA3;YWHAG;FMR1;TSPOAP1;STOX2;KCNQ1OT1;AGO4;CNTN1;HEATR5A;EDEM3;SH3PXD2A;NEAT1;RPS6KC1;PCLO;LMO7;ANK3;BRAP;GOLGA8B;FLRT2;TBC1D32;XPR1;GEMIN5;ZNF780B;CACNG8;SHANK2;GCN1;STRBP;PDE1C;AFAP1;DAAM1;MAP3K9;ARHGAP20;CEP164;ZNF721;NLK;SMARCA2;KCTD3;UBE2Q2P1;ULK2;SHTN1;ADCY1;SSX2IP;ANKRD44",1.2758408168124167,0.014805865365194317,,
"SU_HO_CONV_CENT_CHONDROSARCOMA_STROMAL_C5_VASCULAR_SMOOTH_MUSCLE_CELL",125,0.2667470662116728,1.3302131254211613,0.029672121752539814,0.07770253466132729,"SPTBN1;BAZ2A;PPP1R12A;ASAP2;ARHGAP42;MPRIP;BACH1;DICER1;JAK1;REV3L;MYO1B;UTRN;UACA;TMOD3;HGF;B3GNT2;RNF152;ADAMTS1;ETS1;ELOVL5;DCBLD2;DLC1;PLSCR4;EPS8;DYNC1H1;PDE8A;CLMN;ZHX1;GJC1;ITGA1;CCDC102B;EPB41L1;RGS5;ZEB2;ODF2L;FILIP1L;DYNC1I2;MAP3K20;HSPA5;TBC1D1;ADAR;SH3RF1;SGIP1;ABCC9;PTK2;KMT2E;GUCY1A1",1.7129680558620506,8.263191542592056e-4,,
"HE_LIM_SUN_FETAL_LUNG_C2_CXCL9_POS_MACROPHAGE_CELL",121,-0.33600215228522073,-1.412052556493874,0.030505072118431942,0.07959746416565755,"VAMP5;TNFRSF4;IFI35;JMJD4;VPS9D1;HLA-F;FBXO6;IL15RA;MT2A;ETV7;PLAAT4;IL15;METTL1;SLC2A6;IFI6;BATF;HAPLN3;IL4I1;IL32;ISG20;LGALS3BP;SECTM1;SOCS1;XKR8;RNF19B;FFAR2;ANKRD22;CXCL11;CXCL10;OASL;TRAF1;PTGIR;TAP1;LIMK2;APOL2;TRIM69;EBI3;IL1RN;IFITM1;GPR84;GGT5;IKBKE;IRF9;UST;PARP12;IFIT3;CD38;SLAMF8;CCL8;IDO1;CD40",-1.222691703245795,0.2497175141242938,,
"DESCARTES_FETAL_LUNG_CILIATED_EPITHELIAL_CELLS",269,-0.2852931260043971,-1.311638304717438,0.0327313769751693,0.08510158013544018,"CIMAP1B;SPMIP6;PPP1R16A;ADPRS;CAPS;PPOX;ZDHHC1;ENKD1;DPCD;KLHDC9;HAGHL;PLPP2;C6orf52;HSPBP1;FBXW9;EMC3;TP73;CCDC157;RUVBL2;ZMYND12;GON7;SYT8;SPATA33;CFAP119;ARMH1;TPPP3;PIERCE1;CCDC74A;LRRC73;TMEM231;ZNF295-AS1;CIMIP2B;WDR54;IFT22;SPACA9;B9D1;OSCP1;CFAP65;KIF9;DYNLT2B;PACRG;ZNF584;FOXJ1;CCDC17;DNAAF8;RNF32;SLC22A4;NEK11;TSNAXIP1;DERL3;RSPH14;CIMAP3;FANK1;SPATA17;SAXO4;DNAAF2;LINC02166;MAPK15;LINC01843;MORN2;ZNF497;CCDC78;SPAG8;CCNO;ALDH3B1;LRRC26;ODAD1;RIBC2;CDH26;UGT2B17;VWA3B;FAM229B;AGR3;TOGARAM2;RP1;SYNPR-AS1;TREM1;AK8;CHST6;CETN2;PLA2G10;IQCD;GIHCG;PLEKHS1;PIERCE2;CFAP184",-1.3184018181947919,0.07690624410488588,,
"TRAVAGLINI_LUNG_MUCOUS_CELL",110,-0.3340188887127028,-1.3893227989357728,0.032959267156894616,0.08538913341715047,"DUSP23;BID;TIMP1;VMO1;ASS1;LY6E;S100P;NHERF2;CBR3;RPS26;CTSB;TFF3;PTGES;PDZK1IP1;AZGP1;CDC42EP5;TMEM165;S100A9;MDK;CSTB;HLA-DQA1;LAG3;SLPI;PTP4A3;AKR1C2;CXCL10;IGFBP3;HS3ST1;MMP7;ZG16B;IFITM1;TNFSF10;AKR1C1;SRD5A3;ANPEP;HSD17B2;KYNU;HLA-DQA2;HILPDA;GPX3;IDO1;WFDC2;SAT1;CXCL8;KLK10;C15orf48;BACE2;CRYM;CFB;CLU",-1.414348566267488,0.045838157289102205,,
"CUI_DEVELOPING_HEART_C6_EPICARDIAL_CELL",174,-0.31017361526687454,-1.3596419759568263,0.033363952875624714,0.08613105565054892,"HCFC1R1;TIMP1;KRT7;CLIC3;S100A6;RASSF7;HLA-C;CARHSP1;RARRES2;CRIP1;ASS1;LY6E;CYSTM1;CLDN15;PHYHIP;INMT;CA9;PLAAT4;VSIR;PDIA2;PDZK1IP1;CARD16;FKBP2;FKBP11;NNMT;TNFRSF1A;CRLS1;NUPR1;GSTM3;LGALS3BP;TMEM176B;S100A10;TMEM176A;SBSPON;HSBP1L1;REC8;MT1E;PHGDH;SLPI;KRT18;LINC01133;SCG5;CFI;MSLN;KRT8;PTGIS;PCOLCE2;TOGARAM2;RNASE4;TMEM98;SEZ6L2;SELENBP1;C1R;TNNT1;TMEM37;NMU;SMOC2;CHAC1;SMPD3;CPE;GFPT2;HSD17B6;SAT1;CALB2;AQP1;ANXA3;DDR1;CLIP4;FLRT3;HTRA1;CFB",-1.3198779873419582,0.11080793118681947,,
"GAUTAM_EYE_CORNEA_TGFBI_HIGH_EPITHELIAL_CELLS",104,-0.3400730815322012,-1.4006598202185356,0.03362603899409818,0.08635767076411599,"DUSP23;ATP5MF;NAA38;ELOB;DYNLRB1;CAPS;PRDX2;ATP5MJ;TUBB4B;PRDX5;ASS1;CAPG;ASCL2;SYT8;ATP6V1E1;GSTP1;EXOSC7;PTGES;PYCR2;OCIAD2;H2AZ1;C16orf74;ATP5MC3;MT1E;PRDX1;CKS1B;IMPA2;ATP23;TUBB;UBE2C;SOX15;CPXM2;ADI1;CRLF1;ITGB4;MRPS6;CAV2;ATP5PF",-1.3013870861155865,0.1506912101722481,,
"TRAVAGLINI_LUNG_MYELOID_DENDRITIC_TYPE_1_CELL",19,-0.538541258097913,-1.5790603027062942,0.03368898145193536,0.08635767076411599,"CST3;SNX8;CTSZ;SPINT2;GAS6;HLA-DQA1;HLA-DRB5;ALDH2",-1.3416959258491883,0.21777932891259907,,
"TRAVAGLINI_LUNG_IGSF21_DENDRITIC_CELL",46,-0.4125294831240454,-1.4998455266133781,0.034948251180154585,0.08927132231281593,"LMNA;C1QA;C1QC;C1QB;FOLR2;FCGR2B;TMEM176B;IGSF21;CCL13;PPIC;VSIG4;CTSL;MAFB;PLTP;STAB1;CSF1R;MSR1;MS4A4A;GPX3;MS4A6A;RNASE1;LGMN;MAMDC2;SERPING1;HNMT",-0.9741369369620012,0.7544759676849007,,
"TRAVAGLINI_LUNG_VASCULAR_SMOOTH_MUSCLE_CELL",60,-0.38582041525158267,-1.4636010373185389,0.03523035230352303,0.08967726040896772,"MYL6;SOD3;PPP1R14A;ACTG2;HES4;MYL9;CNN1;PDLIM7;IGFBP7;TINAGL1;TAGLN;TPM2;PDGFA;LMOD1;COX4I2;RPS7;ACTA2;ISYNA1;KRT18;WFDC1",-0.7847525846326084,1,,
"DESCARTES_MAIN_FETAL_ANTIGEN_PRESENTING_CELLS",97,-0.3441295844323826,-1.401772929900707,0.03689567430025445,0.09358902749332836,"CD74;TOR3A;SWSAP1;NME2P1;IGFLR1;HLA-DPB1;RPL23P8;ALYREF;HLA-DQB1;ADAM8;FUT7;HLA-DRB6;VAC14;HLA-DPA1;IL4I1;C1orf54;LINC01816;MMP9;ZMIZ2;MRM3;CD70;RNF19B;GPR132;HLA-DQB2;CXCL10;OASL;TRAF1;ARHGAP22;ZMYND15;MMP25;RPS4XP16;AEN;EVI2A;DM1-AS;HLA-DQA2;VOPP1;SLAMF8;WNT5B;CD40;ATG3;NMI;NUP62;PLA2G2D",-1.2775508436123952,0.20559610705596104,,
"HE_LIM_SUN_FETAL_LUNG_C2_DC2_CELL",51,-0.3963422232880013,-1.4641248735607495,0.03765690376569038,0.09518828451882845,"PPP1R14A;SNAI3;TMEM8B;KCNMB1;ADAM8;NDRG2;FCGR2B;KIF17;HLA-DQB2;IL18BP;PTGDR2;SPINT1;MSLN;S100B;IL1R2;ST14;TMEM273;HLA-DOA;CD69;VOPP1;SLAMF8;TCTN3;FBLN2",-1.3366285243919482,0.1916947863231192,,
"FAN_EMBRYONIC_CTX_BIG_GROUPS_BRAIN_ENDOTHELIAL",363,-0.27093470566982525,-1.2626800232449176,0.03854625550660793,0.097099218023566,"SELENOM;IFI27;COX7A1;PSMB8;LGALS1;PPP1R14A;HYAL2;SIPA1;TIMP1;RRAS;VAMP5;GSDMD;CRIP2;H2AJ;IFI35;EGFL7;TAGLN2;S100A13;BSG;SERTAD1;CD320;CLEC11A;ISG15;MYL9;RHOC;HLA-A;CLIC1;CRIP1;SLC52A2;CYTOR;IGFBP7;FOXS1;BST2;CAVIN3;HLA-E;MT2A;LY6E;LMNA;NHERF2;IFITM3;NDUFA4L2;SMTN;IFITM2;DNAJC1;PLAC9;EFEMP2;TPM2;PDLIM2;TUBB6;VWA1;TGFB1I1;CDC42EP1;RGS3;ATP1A2;IFI6;MGST2;HOPX;PLOD1;SORBS3;TMEM204;HAPLN3;IFI44L;IL32;CLDN5;C1orf54;GPER1;RAMP2;ECSCR;TMEM88;ID3;S100A16;S100A10;FXYD5;GJA4;HLA-H;DPEP1;AAMDC;MT1E;ISYNA1;COL6A2;IGFBP4;CLEC3B;SERPINB6;PELO;ANXA1;SLC40A1;SAMM50;PCOLCE;PPIC;PLAT;EMP2;SLC12A7;PDXK;PGF;TCN2;RGCC;CYB5A;IFITM1;GGT5;EFNA1;B2M;ENG;APCDD1;SERPINH1;FOXC1;SH2D3C;CETP;BGN;WFS1;CAV2;ANPEP;FKBP1A;MYLK2",-0.9841267359551925,0.780355797469133,,
"DESCARTES_MAIN_FETAL_OLIGODENDROCYTES",28,0.41932207105883534,1.4979994674900108,0.04029727718232376,0.10116006134045413,"CAMSAP2;TRIO;EPN2;CASK;MMP16;SOX6;GPR17;PDGFRA;FYN;RNF144A;COL9A1;BCAN-AS2;NBEAP2;FIP1L1",1.6631938136248292,0.035610590368475505,,
"FAN_EMBRYONIC_CTX_OPC",33,0.3893262559949587,1.4556151516872593,0.0416629331958165,0.10417093367425606,"TAOK3;CNTN1;CCND1;EPN2;IL1RAP;APOD;LIMA1;SPRY4;LRRK2;GPR17;PDGFRA;SLC35F1",1.033693977326341,0.6226011688025604,,
"DESCARTES_MAIN_FETAL_SKELETAL_MUSCLE_CELLS",91,-0.35341401186355204,-1.417804744883089,0.041782847023190614,0.10417093367425606,"TMEM52;DES;RPS3AP20;MYL11;PRKACA;TPM2;PDLIM3;ACTA1;MYL5;EIF4E2;STAC3;FHL1;FBXL22;DMPK;GPX7;ASB12;KLHL21;MYL6B;CA3-AS1;TNNC2;CA3;PYGM;SLC49A3;RPS20;SPEG;TRIM7;BIN1;MYH3;FGFRL1;TMEM38A;PRDX6;MYOM2;RTN2;LMCD1;TMEM38B;OBSCN;MYLK2;FHL3;CFL2;BTF3;ENO3",-0.8714374008679975,0.9404554467343628,,
"DURANTE_ADULT_OLFACTORY_NEUROEPITHELIUM_FIBROBLASTS_STROMAL_CELLS",81,-0.3516786512134605,-1.3957102970801618,0.042328042328042326,0.10517001643281507,"SELENOM;NBL1;LGALS1;TIMP1;CLEC11A;RARRES2;IGFBP7;IFITM3;TAGLN;TPM2;INMT;IGFBP6;ACTA2;COL6A2;IGFBP4;MXRA8;PCOLCE;TFAP2A;THY1;MGP;BGN;C1R;MFAP4;CPE;SYNPO2;CLDN11;NR2F2;VIM;SERPING1;TMEM100;TWIST1;ECM1",-0.8095881870092348,0.99358852282105,,
"HE_LIM_SUN_FETAL_LUNG_C3_HMOX1_POS_PRIMITIVE_ERYTHROBLAST",20,-0.5171278653546245,-1.5600654155352243,0.04324956854247648,0.10709416972422749,"MT1F;MT1X;HMOX1;MT1H;FDXR;MT1G;MTURN;AEN;YPEL4;TMOD1",-1.4621588007708146,0.11691364333163004,,
"DESCARTES_FETAL_PANCREAS_ACINAR_CELLS",35,-0.4412381017754481,-1.4902324537585003,0.044918028451140964,0.11084855834722246,"AKR7A3;MT2A;MT1X;POMC;REG1B;MT1M;DPEP1;MT1E;REG1A;AKR7L;MT1H;MT1G;SPINK1",-1.42743577602818,0.11521904279564447,,
"HAY_BONE_MARROW_PLASMA_CELL",112,-0.3199477518740356,-1.3329340097897318,0.046365914786967416,0.11403508771929825,"RABAC1;SSR4;MYDGF;SDF2L1;LMAN2;CLDN3;LMF1;CCR10;TMED9;PRDX4;SDC1;CRELD2;JSRP1;GMPPB;TXNDC15;KDELR1;FKBP2;FKBP11;SPAG4;MEI1;IGHD;ARSA;DPEP1;CHPF;NXPE4;SELENOS;DERL3;TXNDC5;IGLC3;UGT2B17;LINC02362;MZB1;KCNMA1;IGKC;IGHA1;IGHM;IGHG3;WNT10A;KDELR2;IGLC2;BRSK1;ABCB9;PLA2G2D;IGLV6-57;HID1;IGKV1D-8;TNFRSF17;IGHGP;JCHAIN;SEC11C;PIK3CD-AS2;IGKV4-1;DNAJB9;CLDN14;IGLL5",-1.3143368204027506,0.13665459050550935,,
"MANNO_MIDBRAIN_NEUROTYPES_HRGL1",287,0.21183420284638066,1.153004847036812,0.047478405150464004,0.11617742235777043,"ARHGAP5;TRAM2;EVI5;PLEKHA5;REST;AFF1;BRCA1;OPHN1;YAP1;XPO4;AHNAK;B3GNT5;RPGR;PARD3B;TMEM123;FAT1;SOX5;NOTCH2;CDON;PLOD2;DSG2;CFAP44;DIPK2A;PSD3;HEATR5A;CSPP1;PDE3A;PALS1;IGDCC4;MAML2;TCF12;PRTG;LRP8;TBC1D32;SOX6;GASK1B;SOX9;ITPRID2;HK2;WEE1;ADAMTS6;LRRC37A3;TTK;PLSCR4;KCNN3;FZD6;TSPAN18;FAT3;RAI14;DACH1;NUDT4;NES;SLIT2;SLC19A2;CDK6;ZC3H12C;CEP126;INTU;NCKAP5;GNG12;IRS1;PDLIM5;FOXM1;AASS;NDNF;STON2;COL21A1;CREB5;NPNT;COL4A5;NEBL;ZBTB2;ATXN1;DNAH6;FRMD3;PDE11A;VSTM4;CEMIP2;DNAH7;DNAJB4;GABPB2",1.5527647753060705,1.1851262600279362e-4,,
"DESCARTES_FETAL_PANCREAS_ERYTHROBLASTS",83,-0.34573087390734025,-1.3761825409699502,0.047556142668428,0.11617742235777043,"UROD;BLVRB;SNORD3A;PRDX2;UBAC1;SLC25A39;HBA2;MFSD2B;HBB;TANGO2;ANKRD9;UROS;SMIM1;GMPR;C9orf40;ALAD;HMBS;GLRX5;H2AC8;PLEK2;SLC22A4;ABCB6",-1.536871909696034,0.0339770462371346,,
"DESCARTES_FETAL_PLACENTA_IGFBP1_DKK1_POSITIVE_CELLS",87,-0.3412024035083745,-1.3607770506774697,0.047872340425531915,0.11655874190564293,"CFD;COX7A1;LGALS1;TIMP1;PEMT;HSPB6;PHYHIP;WNT4;IGFBP6;RAMP1;ISLR;MFGE8;LRRN4CL;IGFBP4;MXRA8;THY1;CPXM1;IGFBP2;CRLF1;GGT5;C11orf96;S100A3;CILP;TNFRSF8;C1R;CHRD;CD82;MOV10L1;PLPP1;RGS2;CD248;SSC5D;ING1;CHRDL1;SDC3;GAS1",-0.9454265333466236,0.8325748731266827,,
"AIZARANI_LIVER_C8_RESIDENT_B_CELLS_1",34,-0.4246023355538,-1.431344330673974,0.04941860465116279,0.11992248062015504,"SSR4;MYDGF;TMEM258;H1-10;PRDX4;SDC1;FKBP2;FKBP11;SPAG4;ISG20;MEI1",-1.4012312356094772,0.13322411419209787,,
"TRAVAGLINI_LUNG_NEUROENDOCRINE_CELL",96,-0.33376433763279706,-1.3563640482634731,0.050955414012738856,0.12324100133313583,"SOD3;SSR4;NENF;PRDX2;HAGH;NPDC1;PITX1;HLA-A;FXYD6;LYPD1;KCNH2;PHGR1;UCHL1;CAMLG;TMEM176B;MB;DYNC1I1;PCBP3;TMEM176A;DIRAS3;CIRBP;KCNK12;PTMS;STMN1;ATP6V0E2;SCG5",-1.260204509674702,0.21777932891259907,,
"CUI_DEVELOPING_HEART_ENDOCARDIAL_CELL",49,-0.3869699091165988,-1.426295841589979,0.052486187845303865,0.1265229958655007,"NICOL1;OST4;CLEC11A;TMEM141;PLA2G5;FXYD6;PLAC9;ANGPTL4;BMPER;COLEC11;ISYNA1;KRT18;IRX3;ENG;FOXC1;IL33;MASP1;SRPX;PLVAP;NT5E",-1.0370213204326892,0.6159232138168451,,
"DESCARTES_FETAL_EYE_MICROGLIA",140,-0.3046993508300746,-1.3025022127324413,0.05315203955500618,0.12770523034998185,"CD74;HLA-DMA;CD14;ZFYVE19;HLA-DRB1;RNASET2;HLA-DRA;SPP1;C1QA;C1QC;AZIN2;LAT2;FBP1;SPI1;C1QB;LAPTM5;CYTH4;HLA-DPA1;PLD4;PRAM1;LY86;ITGB2;GMIP;KLRK1-AS1;GAL3ST4;TRPM2;RAB20;HCK;ARHGAP22;MKNK1;CD247;VSIG4;MYO1F;RELL2;SMAP2;CD37;STAB1;CSF1R;RHOH;ITGAM;NCF2;PLK3;FMNL1;KCNK13;MS4A6A",-1.192184763475492,0.30188006771807896,,
"HE_LIM_SUN_FETAL_LUNG_C1_MID_BASAL_CELL",134,-0.3078932572341111,-1.3089900554805722,0.05562422744128554,0.13280414150129424,"NBL1;RHBDL1;LGALS1;TIMP1;NPDC1;PITX1;SFN;RARRES2;S100A2;EMP3;TP73;GYPC;RGS14;LSP1;PTGES;REEP2;NTF3;LINC01503;C16orf74;NCS1;NUPR1;FHL1;EVA1C;SYTL1;GAS6;FXYD5;MT1E;SLPI;IGFBP4;ANXA1;LINC01133;HS3ST1;JAG2;SOX15;TFAP2A;RGS10",-0.963168957024707,0.8035584539864253,,
"DURANTE_ADULT_OLFACTORY_NEUROEPITHELIUM_CD4_T_CELLS",30,-0.431061101554316,-1.414057296924786,0.055639097744360905,0.13280414150129424,"HCST;RPS29;CD52;GMFG;CORO1A;IL32;LTB;CD3D;ACAP1;CD48;TRBC1;TRBC2;TRAC;CD69;ARHGDIB;CD3E;CD2;KLRB1",-1.2970980288945857,0.24172661870503598,,
"AIZARANI_LIVER_C10_MVECS_1",265,0.21745479465375822,1.1702853656367656,0.05752783520177278,0.13686360793101499,"ATP13A3;SPTBN1;SNTB2;DOCK9;HECW2;KDR;PTPRG;FLT1;ASAP1;MAST4;SASH1;IL6ST;ADGRF5;RPGR;UACA;BMPR2;TMTC1;CRIM1;SNRK;SHROOM4;EPAS1;PCDH17;HEG1;FLNB;KLF7;MCC;CD93;TCF4;ADAMTS1;COL4A1;APOLD1;PTPRB;DLC1;LIFR;GASK1B;GJA1;FZD4;PTPN14;MYCT1;DUSP6;ERG;KCNN3;CHSY1;EMP1;CALCRL;BHLHE40;PTPRM;TEK;TSPAN18;ADAMTS9;SHE;NES;RBMS3;SPRY1;ELK3;XIST;COL15A1;RDX;ADGRL4;ARL15;SGK1;GIMAP8;SEC14L1;EDNRB;TGFBR2;LIMCH1",1.4647508332817194,0.0010519915065206832,,
"BUSSLINGER_DUODENAL_EC_CELLS",24,-0.46626730891678625,-1.4498787591462057,0.05873261205564142,0.13927472826223763,"TIMP1;SCT;TFF3;LCN15;CDHR3;IGFBP3;SPINK1;PCSK1N;ID1;RGS2;RAB3C;MS4A8",-1.30685765930656,0.24858356940509915,,
"DESCARTES_FETAL_INTESTINE_MESOTHELIAL_CELLS",48,-0.38055217936235514,-1.3987254587869091,0.05898491083676269,0.1394188801596209,"TMEM191A;PTGDS;WNT7B;ANAPC2;PHYHIP;CSDC2;TM4SF1-AS1;SLPI;KLHL26;MSLN;PTGIS;PCOLCE2;TNFRSF8;TNNT1;GFPT2;WNT10A;EPS8L1;KLK10",-1.1100884208992192,0.4921861369357693,,
"DURANTE_ADULT_OLFACTORY_NEUROEPITHELIUM_PLASMA_CELLS",21,-0.47941977980212486,-1.4536871080438962,0.06103286384976526,0.14360957134121083,"SSR4;CYBA;PRDX4;FKBP11;DERL3;IGLC3;MZB1;IGKC;IGHA1;IGHG3;IGLC2;CD79A;TNFRSF17;JCHAIN;SEC11C",-1.3878698595836527,0.1827309236947791,,
"HE_LIM_SUN_FETAL_LUNG_C0_EARLY_FIBROBLAST",74,-0.3463462588409389,-1.3554393714133253,0.06133333333333333,0.14360957134121083,"H2AC25;BID;SNCG;CENPM;SERINC2;UQCRHL;LIMD2;CDT1;SDC1;PTTG1;CKS2;GPSM3;HMGA1;MCM7;UBE2T;GINS2;KRT18;UBE2C;BIRC5;CDC20;AIF1;KRT8;PIMREG;HNRNPA1L3;AURKB;H1-2",-1.447685468729618,0.08615611192930779,,
"CUI_DEVELOPING_HEART_C7_MAST_CELL",145,-0.3005200779455153,-1.2907121490869278,0.06134969325153374,0.14360957134121083,"CTSD;LTC4S;TYROBP;TPST2;VAMP8;RHOG;S100A6;STXBP2;SERTAD1;RNF130;CLIC1;EMP3;CAPG;BST2;SH3BGRL3;NCF4;GMFG;LAT2;IFITM2;ADAM8;ALOX5AP;LAPTM5;CKS2;RAC2;PRR13;P2RX1;BATF;TMEM176B;PEPD;FXYD5;SERP1;TPSAB1;ANXA1;HS3ST1;CNRIP1;C1orf162;PIK3R6;SRGN;TNFSF10;FCER1G;LAIR1;SQSTM1;CD37;RHOH;ALOX5;MBOAT7;CD69;CD44;ITGAM;CREM;ALDH1A1;CD53;PLIN2;ABRACL;ARHGDIB;CALB2;RGS2;DNAJB1;BACE2",-1.1405387753245442,0.4059863724853991,,
"ZHONG_PFC_C1_OPC",232,0.2270600995586021,1.2156078414163651,0.06173665576381211,0.14405219678222828,"CKAP5;PLEKHA5;BRCA1;KIF14;TOP2A;CEP135;CENPF;QSER1;SMC4;C2orf69;MIS18BP1;MKI67;NCAPD2;GAS2L3;KIF20B;CEP152;CDC42BPA;CENPE;ECT2;G2E3;SMC2;RFWD3;POLQ;ANLN;ASPM;HAUS6;BUB1B;ARHGAP11A;USP1;FEM1C;BUB1;SGO2;CCDC150;CKAP2L;APOLD1;DDIAS;KIAA0586;RAD21;HS2ST1;KIF4A;PLK4;CIP2A;ATAD2;KNL1;TTK;CCDC18;CENPC;SHCBP1;DIAPH3;HMGB1;TUBGCP3;AK9;KIF18A;TPX2;FAM111A;NDC1;CDCA2;KIF23;DEPDC1;BARD1;PARPBP;RACGAP1;NCAPH;KPNA2;NCAPG2;RAD51AP1;CKAP2;DLGAP5;HMGN5;FOXM1;STON2;ESCO2;SCLT1;KIF11;KIF15;FANCD2",1.2540881504474946,0.03999258353617665,,
"ZHENG_CORD_BLOOD_C5_SIMILAR_TO_HSC_C6_PUTATIVE_ALTERED_METABOLIC_STATE",67,-0.3568162469618835,-1.378879549790335,0.06233062330623306,0.14497346251417786,"C12orf57;H2AC20;CD74;TUBB4B;H1-10;CD52;HLA-DRB1;HLA-DRA;HLA-DQB1;SELENOK;HOPX;TPT1;MDK;H2AC8;TMEM107;H2BC8;H4C5;JUNB;H1-2;SEZ6L2;H2BC4;DUSP2;CD69;GADD45B",-1.2642126283079897,0.2571749718995878,,
"DESCARTES_FETAL_LIVER_LYMPHOID_CELLS",83,-0.3364445202185865,-1.3392181886941394,0.06472919418758256,0.15007278142853536,"GZMM;ZAP70;CD72;GNLY;ALOX5AP;PRF1;NKG7;GZMA;DTX1;IL32;IGHD;CD79B;LTB;CD3D;PCED1B-AS1;HS3ST1;CD247;TRBC2;VPS37D;RASAL1;BLNK;LY9;IGKC;NMUR1;CD8A;IGHM;CD3E;CD2;KLRB1;CD79A;EOMES;JCHAIN;IL2RB;LEF1;ADAM19;IGLL5;CARD11;CD96;RORC;RNFT2;GRID2IP;FOXP3;LCK;IL18RAP",-1.334825220674055,0.15979974968710892,,
"GAO_SMALL_INTESTINE_24W_C3_ENTEROCYTE_PROGENITOR_SUBTYPE_1",41,-0.3863627940250762,-1.3695562244946784,0.06543385490753911,0.15122490911964592,"CHCHD10;CDK5;PEX14;COMMD1;SLC35A4;DUS3L;BOP1;HDDC3;FCSK;PLEK2;SLC35C2;PCYOX1L;CA3;ADH1C;VPS26B;PIGH;ST20;MATN1-AS1;DRG2;KIF26B;PRR15L;RNASE6",-1.7907935224132971,0.004568566235287274,,
"ZHONG_PFC_C9_ORG_OTHER",73,-0.3458964956212021,-1.3488786334487517,0.06702412868632708,0.15409956064373292,"TSPO;CST3;TAGLN2;S100A13;SELENOW;IFI27L2;MGST3;PDLIM3;CDC42EP1;CRYL1;ATP1A2;HOPX;NSDHL;NDRG2;LGALS3;S100A16;PEA15",-0.9103568227599933,0.8839714687850377,,
"DESCARTES_FETAL_PLACENTA_VASCULAR_ENDOTHELIAL_CELLS",84,0.28299494378490164,1.328337871591791,0.06710104495063646,0.15409956064373292,"LRP6;HECW2;KDR;ADGRF5;RALGAPA2;PCDH17;CD93;KL;CDH13;SYN2;PDE1C;RAMP2-AS1;ERG;TEK;JCAD;SHE;HACE1;BCL6B;ADGRL4;NNAT;AFF3;NDNF;EXOC6;CD34;LDB2;CYYR1;TMC7;TM4SF18",1.418672592460475,0.07809296250288753,,
"HE_LIM_SUN_FETAL_LUNG_C7_SCHWANN_PRECURSOR_CELL",215,0.21929938761965068,1.175811997055419,0.06854041776904538,0.1569101387920284,"HOOK1;KDR;ATAD5;TOP2A;CENPF;YAP1;MIS18BP1;MKI67;NCAPD2;EYA1;KIF20B;TIMELESS;CENPE;ECT2;SMC2;ANLN;ASPM;INCENP;BUB1;SGO2;CKAP2L;ARAP2;WDHD1;ITGA4;KIF4A;DNAJA4;CIP2A;ATAD2;WEE1;KIF16B;KNL1;CCDC18;ADGRG6;DIAPH3;TPX2;RUBCNL;GJC1;ELK3;CDCA2;KIF23;LHFPL2;HELLS;MCM6;NET1;SUV39H2;CLSPN;DEPDC1;BARD1;SLC16A1;PARPBP;CHEK1;RACGAP1;NCAPH;RAD51AP1;CKAP2;DLGAP5;FILIP1L;MDFIC;FOXM1",1.1903174960911267,0.13337320612794581,,
"DESCARTES_MAIN_FETAL_EXTRAVILLOUS_TROPHOBLASTS",91,-0.32790403526004575,-1.3154653789943598,0.07049608355091384,0.1608813442792015,"AFAP1-AS1;KRT7;ISG15;PLOD3;ASPSCR1;SHISA5;TMED3;ASCL2;FSTL3;LAIR2;PTGES;PCAT6;HLA-G;CORO6;KLHL17;CDKN1C;KCNK12;CHPF;PYCR1;P3H1;KRT18;FADS3;CERCAM;GPR150;CD276;KRT8;PRSS8;EBI3;MMP15;C1QTNF6;TNFSF10;ANKRD24;EFNA1;SLCO4A1;TLE6",-1.2538267716675957,0.22792279121043632,,
"HE_LIM_SUN_FETAL_LUNG_C1_SQUAMOUS_CELL",231,-0.2759021360994025,-1.2475720358711124,0.07076566125290024,0.16099187935034803,"CIMAP1B;SMIM22;ZNF524;TNFRSF14;IFI27;KRT7;PLEKHF1;LGALS9;COMTD1;PITX1;SFN;ISG15;SNX8;CYTOR;ASS1;MIR200CHG;EPHX3;S100P;DHX58;TYMP;CYSRT1;B3GALT4;HMOX1;PLAAT4;VSIR;IFI6;HSPB8;CDC42EP5;BATF;KANSL1-AS1;S100A9;LINC01816;EVA1C;FAM3D;IRF5;FUT6;RNF223;B4GALT1-AS1;AMN;FUT3;GDPD3;ABCG1;MT1E;PIK3IP1;IL10RB;SLPI;FDXR;SDCBP2;ANXA1;B3GNT8;DEFB1;PHLDA2;IL1RN;TNFSF10;NMRK1;TICAM1;PLEKHG6;PTK6;PHLDA3",-1.3091613317499964,0.11113695841814482,,
"DESCARTES_FETAL_MUSCLE_MEGAKARYOCYTES",218,-0.27925772637148694,-1.2546185568732187,0.0710128055878929,0.16102123356926187,"SIVA1;MRPL43;AKR7A2;LYL1;PSMB10;ENDOG;MRPL27;TMEM256;NOP16;SLC50A1;RILP;DENND6B;ZYX;NRGN;PSME2;CDIPT;CHCHD1;ASL;CLDN15;E2F1;ARHGAP45;SOD1;TUBA4A;UNC45A;TOLLIP;ANKRD9;TALDO1;TMEM91;MGAT4B;ABI3;REEP4;ENOPH1;GAS2L1;FAM234A;SPINT2;ZNF48;RAB32;CAMK1;P2RX1",-1.3520959199577562,0.07106182769459032,,
"DESCARTES_MAIN_FETAL_ISLET_ENDOCRINE_CELLS",34,-0.40526214975456826,-1.366148115345092,0.07122093023255814,0.16102123356926187,"SF3B5;PLD3;CACFD1;HPCA;TBCC;HADH;STX1A;NSMF;RAB26;MAFB;GNAS;PCSK1N;CNIH2;PTPRN",-1.4494473531891194,0.11209129607825379,,
"FAN_OVARY_CL9_PUTATIVE_APOPTOTIC_ENDOTHELIAL_CELL",365,-0.2583351508705925,-1.2041006148803217,0.07472527472527472,0.16790442363577654,"ZNHIT1;GPX1;ATP6V0B;TRIR;POLR2L;HSPB1;IFI27;PSMB8;MGAT1;CD74;HLA-DMA;SNHG7;NOP10;CCDC85B;CRIP2;NPDC1;SNU13;TAGLN2;DDX39A;SERTAD1;CHIC2;NOP16;FLOT1;ISG15;HLA-C;RHOC;SNRPB;TUBB4B;CARHSP1;HLA-A;PLEKHO1;HLX;PSME2;HLA-DRB1;EIF5A;CYTOR;GNG5;GABARAPL2;IGFBP7;MRPL14;EIF3I;ARPC1B;HLA-E;MT2A;IRF7;LMNA;PDLIM1;NME1;HLA-B;SSU72;PIM3;TNFRSF12A;FTL;IFITM3;ATF4;IFITM2;HMOX1;ARPC5L;SLIRP;TUBB6;CFL1;TXN;CDC37;ANXA2;IFI6;MGST2;PSMA7;TPT1;MRPL32;NNMT;TNFRSF1A;IFI44L;TMEM165;NUPR1;CEBPD;CLDN5;LGALS3;IRF1;S100A16;UBC;HMGA1;FXYD5;RNPS1;NANS;UBB;PRDX1;ELOC;ACKR1;HLA-DRB5;SNX3;AHSA1;KRT18;ANXA1;TAP1;CD59;RAB5C;NAPA;SOX17;RAC1;HSPE1;NUDC",-1.034729392242383,0.6214299188832296,,
"SU_HO_CONV_CENT_CHONDROSARCOMA_STROMAL_C3_FIBROCARTILAGE_CHONDROCYTE",69,-0.34350429700199014,-1.3349650387472707,0.07476635514018691,0.16790442363577654,"PPDPF;RPL15;PLD3;SDF4;TUBB4B;DOK1;CHADL;TSC22D4;SNORC;NDUFA4L2;FXYD6;CA9;ANGPTL4;PDLIM4;TOMM7;SPINT2;CIRBP;GAPDH;IGFBP3;CPXM2;AVPI1;PFKP;EPS8L2;RPL4;NGEF;GPRC5C",-1.4625731521963412,0.08436742262159463,,
"HE_LIM_SUN_FETAL_LUNG_C3_GRIA2_POS_ARTERIAL_ENDO_CELL",109,0.25633610112858607,1.2340685135134621,0.07502371148724947,0.16790442363577654,"ATP13A3;ABCC4;SYNJ2;PREX2;FAT4;LPCAT2;CDK19;MCC;KL;COBLL1;MYO1E;MECOM;SOX6;SIPA1L2;ADAMTS6;PDK3;TRAK1;EPS8;ADCY1;COL15A1;NR4A1;FILIP1L;PIK3C2B;DKK2;TMC7;SORBS2;LAMA5;THSD7A;FUT8;AMD1;TGFB2;SULT1B1;SNX18;MET;RAVER2;TFPI2;SEMA3G;SERPINE2;AFAP1L2;SLC6A6;RAPGEF1;DUSP4;EGFL8;GIPC2;CHRM3",1.4449437799535405,0.03316428335997345,,
"DESCARTES_FETAL_MUSCLE_SKELETAL_MUSCLE_CELLS",112,-0.30896467970290903,-1.2871774437781867,0.07518796992481203,0.16790442363577654,"VMO1;TMEM52;DES;SNAI3;MYL11;WFDC21P;HSPB6;TPM2;WNT4;ACTA1;MYL5;MYADML2;GPD1;HOPX;HSPB8;FHL1;ITGB1BP2;MB;CLDN9;ASB12;CA3-AS1;FOLR1;TNNC2;CA3;LDB3;PHKG1;HCN1;COL22A1;SLC5A1;TRIM7;BIN1;MYH3;FGFRL1;TMEM38A;ACTC1;OBSCN;SP5;CFL2",-1.0664223207754264,0.5586264541854505,,
"GAO_SMALL_INTESTINE_24W_C2_PROCRPOS_PROGENITOR",21,-0.4675119878158787,-1.4175805383424562,0.07668231611893583,0.17030910408113983,"PRAF2;CUEDC2;RCN3;PLAC9;RAMP2;GPX7;IL11RA;PCOLCE;MGP;MFAP4",-1.062892145376797,0.5930868603794079,,
"GAUTAM_EYE_CHOROID_SCLERA_MONOCYTES",135,-0.29655952833073085,-1.2622623441373295,0.07673267326732673,0.17030910408113983,"CIB1;HIGD2A;TMUB1;AGTRAP;SIPA1;NECAP2;UBXN11;HLX;CRIP1;DOK1;PPP1CA;BORCS6;MAPKAPK5-AS1;CYBC1;BRMS1;PSTPIP1;ADAM8;NXT1;CNPPD1;PML;PFKL;UBE2S;RNF135;GPSM3;EHD1;RALGDS;GAS6;HMGA1;PRAM1;MILR1;DOK3;SMCO4;ARHGAP9;NUBP1;PCNA;RAB5C;IGSF6;LILRB4;BAX;ILF3-DT;SEMA6B;LEAP2;CD300C;C4orf33",-1.2177844484709164,0.2562110586824474,,
"AIZARANI_LIVER_C13_LSECS_2",270,0.21002329218278235,1.1405902636820822,0.0779359942259414,0.17245411488293416,"ATP13A3;PHACTR2;SNTB2;HECW2;KDR;FLT1;AFF1;ANKS1A;ASAP1;ZNF451;RAPGEF5;SASH1;PREX2;IL6ST;ADGRF5;RPGR;ZNF160;TBC1D4;DENND4C;PPFIBP1;TUG1;EPAS1;PCDH17;HEG1;FLNB;WSB1;KLF7;CD93;TCF4;COL4A1;APOLD1;OIT3;CUL4B;PTPRB;DLC1;LIFR;SPRY4;RASAL2;NXPE3;DAB2;FZD4;DAAM1;USP13;MYCT1;ERG;DUSP5;CALCRL;AKAP12;TEK;TSPAN18;SDCBP;HIPK2;SHE;STAB2;ARHGEF7;RELN;ELK3;NID1;ADAMTS4;RDX;ADGRL4;SGK1;GIMAP8;SEC14L1;EDNRB;TGFBR2;LIMCH1;EMCN;CALU;TCIM;IL1R1",1.3421630299310319,0.008542718382256481,,
"AIZARANI_LIVER_C29_MVECS_2",307,0.20680059900632425,1.1206890858147784,0.07840830464982645,0.1729734720759808,"SPAG9;SPTBN1;SNTB2;DOCK9;PTPRG;FLT1;KLF3;AFF1;SWAP70;LUZP1;JMJD1C;ASAP1;DDX21;AHNAK;MAST4;SASH1;PREX2;ADGRF5;RPGR;UACA;B4GALT5;BMPR2;TMTC1;SELE;CRIM1;SPTAN1;EPAS1;PTPN12;HEG1;ABLIM1;FLNB;FNIP2;CD93;TCF4;ADAMTS1;HIF1A;APOLD1;MECOM;PTPRB;ARID5B;TTC28;DLC1;LIFR;LIMA1;SPRY4;GJA1;STC1;PTPN14;PLSCR4;MYCT1;DUSP6;ERG;KCNN3;CHSY1;EMP1;CALCRL;MYOF;AKAP12;TEK;DOC2B;TSPAN18;ADAMTS9;ATP1A1;RBMS3;SPRY1;ELK3;ADAMTS4;GPRC5A;MYC;ADGRL4;SEC14L1;LIMCH1;EMCN;PDLIM5;NOLC1;IL1R1;PARVA;FILIP1L;APP;IL1RL1;GARRE1;CD34;LDB2;CYYR1;SERPINB9;HSP90AB1;ARHGAP31",1.4555060880189572,3.858424487363329e-4,,
"GAO_STOMACH_24W_C5_PUTATIVE_PIT_CELL_PROGENITOR",49,-0.3645077328793928,-1.3435046275823421,0.0787292817679558,0.17315684932650097,"PPP1R14A;CAPS;SGCA;CNN1;KCNMB1;HSPB8;TMEM51;BMPER;ALDH1B1;SBSPON;WFDC1;SLC2A4;LDB3;P2RX4;SRF;HACD1;ACTC1;CFL2;YBEY;LIMS2",-0.752909827392619,1,,
"AIZARANI_LIVER_C39_EPCAM_POS_BILE_DUCT_CELLS_4",179,0.23356364564336024,1.2278720774293956,0.08046153973442062,0.17643373773089824,"DSP;SPTBN1;DST;MYO6;SYNJ2;VCL;TP53BP2;AHNAK;AFDN;ITGB1;TJP1;CRIM1;DCDC2;ADAM9;NRG1;ENAH;DSG2;TNFRSF21;FLNB;BAZ1A;CCNL1;TENT5A;KLF6;SLC7A1;EGFR;BIRC3;CDH1;SOX9;WEE1;RAB3IP;APLP2;SYNE2;UGCG;SGMS2;INHBA;ATP1A1;RAB11FIP1;ZBTB20;RNF19A;MYH9;ABCB1;OCLN;C6orf132;HMGCS1;MAP4;SCARB2;CREB5;TNKS1BP1;HSP90AB1;SORBS2;SLC12A2;SOD2;BICC1;EPHA2;NFKB1;LAMP2;CXCL6;CPM;PKP4;TNFRSF10B;IRS2;MET;NCEH1;CLDN1;RASSF8;KRT80;HSP90AA1;ITGB8;ATF3;COBL;ALDH3A2",1.2959598975418427,0.04544478258745705,,
"DESCARTES_FETAL_THYMUS_THYMOCYTES",19,0.4443545668026917,1.4271662512805967,0.08174386920980926,0.17870731767189532,"LIG4;LINC00954;PXYLP1;PLK4;GVINP1;LINC00539",1.653661733700022,0.05259413882570555,,
"HE_LIM_SUN_FETAL_LUNG_C7_PCP4_POS_NEURON_CELL",37,-0.39033073237788335,-1.341172421174816,0.08272859216255443,0.1803186080668851,"PRSS3;SNCG;TRPV2;AKR1C2;CELF5;RUNDC3B;B3GNT4;ISL1;GATA3;TMEM130;TMOD1;SEPTIN3;SV2C;SCN3B;ACHE;PLPP4;CPLX2;PCP4;GNAO1;SYBU;ELAVL2",-0.6922890939278672,1,,
"ZHONG_PFC_C7_ORG_UNDERGOING_NEURONAL_DIFFERENTIATION",55,0.3151266409271845,1.3550602939346554,0.08383448078283787,0.18218358808927151,"ATAD2B;SORL1;SRGAP1;NIN;TTC14;GAREM1;SH3PXD2A;LRRC8B;CACNG8;RNF213;ADGRG6;PTPRD;HSPA12A;SATB2;TNIK;DOCK4;CEP126;CHL1;EPHA3;IQGAP2;SEMA3C;MEF2C;ESYT2;ADRA2A;RUNX1T1;DLG2;GUSBP11;MIAT;EPHB1;SERP2;NDRG1",1.8973047064031412,0.002395411361317482,,
"DESCARTES_FETAL_SPLEEN_MYELOID_CELLS",104,-0.30992823671617936,-1.2765021752491357,0.08438287153652393,0.18282955499580184,"MCOLN1;IL15;CD300LF;IFI44L;OSCAR;HK3;PRAM1;LILRA5;BATF3;IGSF21;LILRB3;CXCL10;RAB20;HCK;IGSF6;LILRB4;MKNK1;VSIG4;SIGLEC7;FCGR1A;SIGLEC1;MEGF11;IL1R2;EBI3;IL1RN;ANKRD24;ITGAX;KCNMA1;OSM;NCF2;MS4A4A;THEMIS2;TRPV4;KCNK13;MS4A6A;IDO1;EYA2;LGMN;ZNF710;LY96;CD86;GHRL;IL10RA;ADAP2;PDCD1LG2;LILRB1;C3AR1;LILRB2;LILRB5;FAM20A",-0.947344699903167,0.822131047649998,,
"DESCARTES_FETAL_LUNG_MEGAKARYOCYTES",123,-0.3023264456129007,-1.2692728045233426,0.08819875776397515,0.19053025416075345,"MARCHF2;SLC39A3;LYL1;RILP;ZYX;UBL4A;NRGN;PDLIM7;E2F1;MFSD2B;FAM110A;ZFPM1;ANKRD9;PDGFA-DT;MOB3C;TMEM91;GMPR;RBPMS2;GAS2L1;FERMT3;P2RX1;BBC3;TBXA2R;TNNI3;EXOC3L4;NBEAL2;CA3-AS1;WFDC1;PTGIR;CTSA;EGF;TGFB1;TFR2;MAX;SMOX",-1.2902601496787058,0.16731305122238502,,
"BUSSLINGER_GASTRIC_X_CELLS",159,0.2433639294272192,1.2462034979870775,0.09087398659029053,0.1957285865021642,"DSP;BAZ2B;DST;CHD7;AKAP9;RAPGEF4;KAT6B;PHIP;VPS13C;REV3L;KIF5C;GCC2;TEAD1;TNRC6A;KIF13B;ARFGEF3;NAV1;LRRFIP1;FLNB;EIF4G2;WSB1;DDX5;RHOBTB3;PCLO;EGR1;MAP1B;GK5;LPP;SOX6;ZKSCAN1;ACSL1;PRKAR1A;APPL2;SMARCA2;MAP2;ADARB1;PROX1;SYT7",1.3597274594799027,0.0343444285958042,,
"HE_LIM_SUN_FETAL_LUNG_C4_TH17_CELL",15,-0.5125377986252133,-1.41646473147979,0.09313725490196079,0.20001156804904854,"NPDC1;LST1;CAPG;IL4I1",-1.3454310576724038,0.27055010587269346,,
"HE_LIM_SUN_FETAL_LUNG_C2_S100A12_HI_CLASSICAL_MONOCYTE",31,-0.3995666062992692,-1.320151856257044,0.0950965824665676,0.20361856481076826,"S100P;BST1;PELATON;G0S2;SLC11A1;HK3;LILRA5;RBP7;TREM1;CDA;RNASE2;MTMR11;S100A8",-1.0196205473370834,0.6742168820556278,,
"DESCARTES_MAIN_FETAL_STELLATE_CELLS",34,0.3607677103624256,1.3703200997541352,0.09664761678283695,0.2063327419879921,"ANKS1A;EHBP1;BMPR2;CCDC68;HGF;LAMB1;HHIP;ADAMTS9;RBMS3;GRK5;NBPF3;ARHGEF35-AS1;RPS6KA6;ABCA10;ADAMTS12;HMBOX1",1.5485136644819004,0.03999258353617665,,
"VANGURP_PANCREATIC_ALPHA_CELL",34,-0.39018524279417693,-1.315323511957764,0.09738372093023256,0.207296341629267,"VGF;HLA-A;PEMT;HLA-E;CYSTM1;SPINT2;TMEM176B;TMEM176A;FXYD5;LOXL4;B2M;ALDH1A1;TM4SF4;GPX3;RNASEK;SMIM24",-1.0652569215023118,0.59478591160221,,
"DESCARTES_MAIN_FETAL_IGFBP1_DKK1_POSITIVE_CELLS",134,-0.291362375498533,-1.238709985060765,0.09888751545117429,0.20988370626371686,"CFD;LGALS1;TIMP1;RRAS;IFI35;CYB561D2;HSPB6;UBE2L6;PDLIM2;SUMF2;CHST7;POLD4;LMOD1;IGFBP6;SPSB1;ASIC3;SPON2;SNX21;ISLR;VASN;GPBAR1;COPZ2;PODNL1;RTL10;LRRN4CL;ACE;IGFBP4;TSKU;MXRA8;PILRA;ADAMTS15;THY1;CPXM1;PBXIP1;RGCC;PIP5K1C;B2M;HAND2-AS1;S100A3;EMILIN2;CCL24;CITED2;MRPS6;PCDHGB6;CILP;STARD5;MFAP4;TMEM37;DEPP1;CD82;MOV10L1;CHPF2;HOXA11;APOL1;PLPP1;CD248;SSC5D;ING1;CHST2;SERPING1;C1QTNF1;CHRDL1",-0.8670135393372562,0.9547123623011016,,
"MANNO_MIDBRAIN_NEUROTYPES_HDA2",373,0.2028205010527831,1.133599525923156,0.10362900845974875,0.21930790162411948,"USP49;HOOK1;MYCBP2;DOP1A;STXBP5;BICRAL;ZFHX3;REV3L;IKZF4;ENPP4;DNAJC6;ZNF697;GNPTAB;PGM2L1;FNBP1L;CDON;PCDH17;DGKE;PTPN3;TACC2;RAB3B;SERINC1;CNTN1;SH3PXD2A;MCC;PRKCA;RBFOX2;ANK3;FRMPD3;CDH13;GOLGA8B;MAP1B;TUBB2B;NAPB;SYN2;XPR1;NMNAT2;B4GALT6;KIAA1549;SHROOM2;SOX6;GPRIN3;CACNG8;SCN8A;SHANK2;ROBO1;NLN;ARHGAP28;LRRC37A3;LRRC49;CTNNA2;KCNN3;CELF3;ULK2;MAP2;GABARAPL1;RUFY3;SHTN1;RNF125;ANKRD44;DOK6;KIF21B;SYT7;RAP1GAP2;NEDD4L;FRY;ENTREP2;NIPA1;PDP1;CHMP2B;BTBD1;GOLGA3;CEP126;LRRC55;PIK3R1;APLP1;EPB41L1;TMOD2;ASXL3;ATP9A;PHACTR3;NNAT;MYO5A;ZNFX1;TUB;CDK5R1;PLXNA4;CHL1;PDE4D;SCN9A;PAPPA;NR4A2;CGN;L1CAM;PRKAR2B;ZC2HC1A;GRIK3;SPIN4;SRCIN1;BNC2;PDE11A;REEP1;PLPPR4;RCAN2;LRRC7;CNTN4;SEMA6D;DOCK3;SOX11;CLDN1;LGI2;CDH4",1.5208483171388165,5.333605192273277e-5,,
"TRAVAGLINI_LUNG_CAPILLARY_AEROCYTE_CELL",42,-0.361227386168726,-1.2832624951610692,0.10556348074179743,0.22275424342037253,"GPX1;LGALS1;CD74;S100A6;TUBA1A;INMT;HOPX;IL32;DHRS7;UBB;EMP2;TBX2;B2M;S100A3;GPX3;RTN1;VIPR1;AQP1;ITM2B",-1.1604260180194041,0.41250263546278726,,
"MANNO_MIDBRAIN_NEUROTYPES_HPROGM",259,0.2118910295609175,1.1480243086814075,0.10751570876311851,0.22621802306228406,"TRAM2;FNDC3B;PLEKHA5;BRCA1;TOP2A;CENPF;YAP1;RPGR;KITLG;FAT1;RALGPS2;CEP152;CENPE;CDON;KIF2A;DSC2;PLOD2;SLC7A11;DSG2;CFAP44;DIPK2A;BUB1B;HEATR5A;CCND1;PDE3A;BUB1;CKAP2L;MAML2;ARAP2;HMGA2;GASK1B;HK2;WEE1;RBM24;TTK;FAT3;SLF1;RAI14;NES;FAM13A;SLIT2;IFT88;RBMS1;ADSS2;CHEK1;IRS1;PDLIM5;TCIM;NCAPH;SALL1;TXLNB;NCAPG2;GRM8;FOXM1;PLCL1;GPD1L;KIF11;KIF15;SH3RF1;COL2A1;CYYR1;RFC3;CDC25A;IQGAP2;FRMD3;PDE11A;CORIN;CEMIP2;DNAH7;ARHGEF28;CNTN4;P4HA1;MID1;NCAPG;PPP1R3C;FANCI;MNS1;ITGB8;AGO1;CRISPLD1;CENPQ;FNDC1;MCM3;SHROOM3;GULP1;PLXDC2;JAM3;CCN1;ITGA6;CRYZ;CFAP126;MMRN1;SYT2;FREM2",1.3136518867830773,0.024799479864682977,,
"DESCARTES_MAIN_FETAL_VASCULAR_ENDOTHELIAL_CELLS",38,0.3292590081602821,1.288602975013904,0.11221122112211221,0.23541720166252936,"RAPGEF5;SLC39A10;SELE;SNRK;DGKE;OIT3;PTPRB;JCAD;ABCB1;ADGRL4;ESM1;TCIM;LDB2;CYYR1;TM4SF18",1.2655749381303825,0.24059701492537314,,
"SU_HO_CONV_CENT_CHONDROSARCOMA_C0_CHON1",158,-0.2819546602112228,-1.2246037952663997,0.11327649208282582,0.2364896381688545,"NAA38;PPDPF;PLD3;NDUFC1;S100A13;SELENOW;RPL34;RPL24;DOK1;GABARAPL2;CHADL;RPL3;HSPB6;RPL35A;FXYD6;SUMF2;RPS26;IRF2BPL;NMB;CNPY2;NDRG2;IRF1;FHL1;GAS6;MRPL18;TMED4;PHGDH;SMARCD3;LMO4;CISH;GDF10;HRCT1;SLC1A5;PEBP1;PCBP2;HSPE1;PHKG1;HNRNPA0;DNAJC19;CHRDL2",-1.0051122872354843,0.7052025052192068,,
"DESCARTES_FETAL_STOMACH_SQUAMOUS_EPITHELIAL_CELLS",34,-0.3830387083199209,-1.2912323783318718,0.11337209302325581,0.2364896381688545,"GALNT14;SFN;S100A2;AQP3;S100A9;S100A3;PLEKHN1;GJB3;NMU;TCN1;TACSTD2;SERPINB5",-1.3944349634784325,0.14096142923529714,,
"HE_LIM_SUN_FETAL_LUNG_C1_PROXIMAL_BASAL_CELL",174,-0.28036427080773235,-1.228973105338887,0.11547619047619048,0.2401904761904762,"NBL1;LGALS1;TIMP1;PITX1;SFN;SH3BP1;GADD45G;RARRES2;S100A2;EMP3;TP73;HLA-B;NDUFA4L2;SERTAD4-AS1;TPM2;LSP1;WNT4;PTGES;WNT6;NTF3;C16orf74;NUPR1;KLF2;FHL1;EVA1C;FXYD5;COL6A2;SLPI;IGFBP4;IGFBP3;ANXA1;HS3ST1;SOX15;TGFB1;TFAP2A;PLAT;MAFB;IFITM1;TNFSF10;NMRK1;PFKP;ITGB4;MARVELD1;IL33;FAM107A;BAALC;MFAP4;ISL1;PSPH;CYP4X1;EHD2;CD82;WNT10A;SYNPO2;FHL2;LGR6;PART1;CD40;KLK10;EYA2;KISS1;SERPINB5;A4GALT;SLITRK6;ACKR3",-0.9013878621709945,0.9244316451139479,,
"HE_LIM_SUN_FETAL_LUNG_C1_SMG_BASAL_CELL",357,-0.2514188625181809,-1.1715027803923461,0.11797133406835722,0.24468128547511125,"CIMAP1B;SELENOM;TNFRSF14;NBL1;LGALS1;PPP1R14A;TNFRSF4;LGALS9;CCDC28B;NRTN;NPDC1;ACTG2;CNFN;PITX1;GABRP;SFN;SH3BP1;PLPP2;UBAC1;SPHK1;S100A2;HLA-DPB1;EMP3;GPX2;TMEM158;FBXO6;ACP5;GYPC;HLA-B;TYMP;PAQR4;MCUB;TPM2;LSP1;CCDC74A;VSIR;MARCHF3;TUBB6;RAC2;LINC01315;KREMEN2;REEP2;IQCJ-SCHIP1;LINC01503;KCNN4;NUPR1;IL32;KLF2;EVA1C;ACTA2;GAS6;ISLR;FXYD5;ABCG1;MT1E;CD70;TSPAN2;LTB;LAYN;KCNMB4;IGFBP4;HPDL;IGFBP3;HS3ST1;NTRK3;FEZ1;SOX15;BCL2A1;TFAP2A;RGS10;EFHD1;PLAT;S100B;THY1;CPXM1;SPEG;BDH1;COL22A1;RELL2;IFITM1;TNFSF10;KLHL13;TICAM1;PFKP;SEZ6L2;PHLDA3;ANO1;MGP;FOXC1;ITGB4;MARVELD1;NFATC1;HEY1;MFAP4;ISL1;STMN3;RASIP1;ADCK1;CYP4X1;SMOC2;CD82;WNT10A;SYNPO2;FHL2;TRPV4;LGR6;ETV4;PART1;CD40;KLK10;PLAU;FBLN2;ST20-AS1;BACC1;EYA2;TTC39C;RFLNA;MAMDC2;PTGER4;HPRT1;PDZRN3;TIAM1;HTRA1;ARSJ",-0.8437758286214085,1,,
"DESCARTES_FETAL_INTESTINE_ERYTHROBLASTS",117,-0.2939138160170832,-1.2313678724569541,0.11845386533665836,0.24498413058263435,"UROD;BLVRB;PRDX2;PPOX;PIGQ;RILP;UBAC1;ATG4D;ST6GALNAC4;RBM38;SLC25A39;HBA2;MFSD2B;HBB;TANGO2;ANKRD9;MED8;UROS;SMIM1;GMPR;ALAD;ARRDC2;GPR146;KCNN4;HMBS;HTRA2;GLRX5;SLC22A4;ABCB6;SLC1A5;TFR2;GBGT1;RFESD;DHRS13;H1-2;TSPO2;SELENBP1;SLC6A9;CYP3A4;YPEL4;BPGM;TMOD1;FAM210B;CAT;RNF224;ERMAP;NHLRC4;BCL2L1;ATOSB;E2F2;TMCC2;CHST2;PPME1",-1.449538549610004,0.030019809987292877,,
"TRAVAGLINI_LUNG_CD8_MEMORY_EFFECTOR_T_CELL",29,-0.3994252297859835,-1.3091251909294042,0.1188707280832095,0.2451498301546077,"RPS14;RPS29;RPL31;CCL5;RPL30;IL32;CMC1;RPS27;CD3D",-1.1331166622074216,0.4760894683875427,,
"MURARO_PANCREAS_PANCREATIC_POLYPEPTIDE_CELL",125,0.23928703012947328,1.1932755352918867,0.13,0.2670684572551589,"SREK1;FGD4;REV3L;ADGRL2;PCDH17;ABCA5;KCNQ1OT1;PTGFR;RHOBTB3;PCLO;EGR3;EGR1;YPEL2;C1GALT1;MALAT1;PDK3;INPP5F;MAB21L3;AKAP12;AMOTL1;MAP2;L1TD1;ACSL6;ABCB1;AK4;CEP126;APLP1;NR4A1;MDFIC;CXXC4;BTG2;NR4A2;EHF;ABCC9;THSD7A;ATP8A1;PXK;PLPPR4;KIAA0319",1.1919536177629533,0.16471934145076814,,
"MENON_FETAL_KIDNEY_9_ENDOTHELIAL_CELLS",102,0.2476250050649605,1.1938915676910185,0.13023255813953488,0.2670684572551589,"ROCK2;SPTBN1;KDR;FLT1;KTN1;ACTR2;IL6ST;NIN;ADGRF5;UACA;MKI67;ITGB1;PCDH17;CCND1;TCF4;NEAT1;COL4A1;ETS1;PIEZO2;LIFR;KIF5B;LPP;HSPG2;HMGB1P5;H19;NES;RDX;ADGRL4;TGFBR2;EMCN;MAP4K4;TCIM",1.5907442593897918,0.00782208082656004,,
"GAUTAM_EYE_IRIS_CILIARY_BODY_CRYAA_HIGH_CILIARY_BODY_CELLS",78,0.2613617448449022,1.2086188371055353,0.13168724279835392,0.269293013362926,"TTC3;MYO1B;MAST4;DNAJC6;FAT1;DSC2;BRD2;DIPK2A;ERICH5;SLC20A1;HK2;PDZD2;MIDEAS;HSPG2;SETBP1;EPB41L4A;PPP1R15A;CDK6;MXD1;SLC16A1",1.5133445002473431,0.0451351114274894,,
"AIZARANI_LIVER_C25_KUPFFER_CELLS_4",173,-0.2753577197530132,-1.2065068435631623,0.13261648745519714,0.26981974652419954,"GPX1;NPC2;HLA-DMA;TYROBP;TMSB10;ACTB;LGALS9;CST3;METRNL;S100A11;HLA-DRB1;LST1;HLA-DPB1;HLA-DMB;RNASET2;HLA-DRA;HLA-DQB1;LAPTM5;SLC15A3;GRN;HLA-DPA1;SLC11A1;PLD4;ITGB2;HLA-DQA1;FTH1;HLA-DRB5;LILRB3;CLEC10A;ANXA1;HCK;IGSF6;AIF1;FGR;C1orf162;PPT1;SRGN;IL1R2;MAFB;CIITA;TNFRSF1B;IL1RN;RGCC;FCER1G;C5AR1;EMILIN2;PSAP;HSPA6;ARRB2;CSF1R;HLA-DOA;ITGAX;MACROH2A1;NCF2;THEMIS2;GZMB;SAT1;CXCL8;FCGR2A;PLAUR;POU2F2;RGS2;ICOSLG;RILPL2;TNFSF13B;VIM;CD86",-0.8517719608145854,0.9801797288411561,,
"DESCARTES_MAIN_FETAL_GOBLET_CELLS",33,0.32901667515043587,1.2301293584292472,0.13268608414239483,0.26981974652419954,"FAR1;PRKCI;ERO1A;ARL14;SAMD12;FBXW11;CAPN9;GPRC5A;PGC",0.840933631688576,0.9644939056703762,,
"DESCARTES_FETAL_LUNG_NEUROENDOCRINE_CELLS",62,-0.3240973777985812,-1.2337538166645499,0.13396481732070364,0.2716612451517333,"RHBDL1;VGF;GPX2;ASCL2;KCNH2;PHGR1;SMIM32;CACNA1A;HES6;RAB26;COL22A1;NPTX1;CHRD;NDUFB2-AS1;CPE;FIBCD1;KCNH6;VWA5B2;GRP;GHRL;KCNIP3;SSTR5-AS1;CHDH;TMEM198;SEC11C;KLK12;NPC1L1;RASD1;HEPACAM2",-1.1854096116033332,0.3543318036434432,,
"ZHONG_PFC_C4_PTGDS_POS_OPC",130,0.237594575429428,1.1939371574538382,0.13471502590673576,0.2724237190558434,"STRN;ARHGAP5;CAMSAP2;MAP4K5;SEL1L;CPAP;RICTOR;ITPR2;ACLY;RALGPS2;ZNF827;TNFRSF21;EPB41L2;MMUT;GNAI1;ANK3;OSBPL9;NFE2L2;FAM13C;SERINC5;GPR17;TNS3;TMTC4;APPL2;LSAMP;WASF1;ANKRD44;TM9SF2;MBP;PLEKHA1;SGK1;MTPAP;APLP1;ADAM23;PHACTR3;FYN;FRMD4A;MYO5A;HMGCS1",1.2474142222530111,0.16781474442967576,,
"HE_LIM_SUN_FETAL_LUNG_C7_SST_POS_NEURON_CELL",288,-0.2528452618118053,-1.1647594583759744,0.1399548532731377,0.2822358259912583,"PRSS3;TMEM54;COX7A1;F12;SNCG;TMEM120A;PSD;LIN7B;KLHDC9;HAGHL;CDKN2D;HES4;APBB3;DENND6B;BOK;HSD11B1L;CPLX1;MAST1;PLPPR2;ZNF282;FAM241B;SH2B2;TPPP3;CYB561;MANEAL;GCHFR;TRPV2;REEP2;SPINT2;ARHGDIG;EFNA3;CORO1A;NCS1;BBC3;PACRG;ABCG1;SRRM3;PORCN;LAYN;ATP13A2;STK32C;MEIS3;FNDC4;PIANP;AKR1C2;FBXO31;TOX2;NCDN;NHSL3;LINC01003;FBXL16;RASGEF1B;CELF5;F8A1;VSTM2L;FAM219A;CHST1;CYGB;C11orf96;PFKP;GPRIN1;RTN2;CNIH2;CACNB3;SH2D3C;AKR1C1;PRKCZ;MAPK8IP2;RUNDC3B;HCN3;PPP2R2B;DIABLO;KCNMA1;B3GNT4;SCD5;PTPRN;SYN1;ISL1;RGS11;SEMA4D;TSPAN7;GNB5;GATA3;SMPD3;PPP2R5B;ASTN2;CTIF;SYNPO2;TMEM130;TMOD1;ACSS2;SLC16A3;SEPTIN3;NT5E;BRSK1;FN3K;C1orf216;SCAMP5;RPS6KL1;POU2F2;SCN3B;ISLR2;ACHE;TTC39C;PLPP4;CKMT1A;CAMSAP3",-0.9191743011704482,0.9244316451139479,,
"DURANTE_ADULT_OLFACTORY_NEUROEPITHELIUM_GLOBOSE_BASAL_CELLS",26,-0.400536898350989,-1.2664695979522453,0.14219474497681608,0.2859607026053097,"MARCKSL1;PCBP4;TUBA1A;JPT1;H2AZ1;UCHL1;FEZF1;TUBB;STMN1;HES6;PTMA;RTN1;HMGN2;CALB2",-0.9129364925416285,0.833884739133895,,
"JONES_OVARY_OOCYTE",51,-0.3375364053277475,-1.2468907366791755,0.14365411436541142,0.28809971145459917,"ADAP1;BRI3;SHD;C6orf52;PFDN2;ZP3;ZFAND2A;TRAF2;UCHL1;THYN1;GYG1;UBB;NCK2;PDCD5;BAIAP2L1;PFKP;SAP18;EIF4ENIF1;BPGM",-1.033296132926909,0.6362295819313257,,
"AIZARANI_LIVER_C5_NK_NKT_CELLS_3",114,-0.28989061764350244,-1.2120961895493092,0.1480099502487562,0.29526608237805707,"HCST;TYROBP;HLA-F;PFN1;CCL3L3;ARPC5L;GNLY;PLAAT4;ALOX5AP;CD7;CTSW;RAC2;PRF1;NKG7;CORO1A;CST7;CCL5;GZMA;CCL4L2;CCL4;CMC1;SPON2;ITGB2;PIK3IP1;RPS27;ARHGAP9;ADGRE5;S1PR5;CD247;TRBC2;SRGN;IFITM1;FCER1G;DUSP2;CD69;CD53;SASH3;GZMB;ARHGDIB;CD3E;CD2;KLRB1;PTGER4;CXCR6;EOMES",-1.0212490145230577,0.6658739595719382,,
"MANNO_MIDBRAIN_NEUROTYPES_HPROGFPM",307,0.19917790759620196,1.0793803705165368,0.1480586246190427,0.29526608237805707,"PLEKHA5;REST;BRCA1;KIF14;TOP2A;CENPF;YAP1;BRCA2;SMC4;MIS18BP1;MKI67;NCAPD2;TMEM123;DEK;CEP152;CENPE;KIF2A;ECT2;DSC2;SMC2;DSG2;ANLN;ASPM;DIPK2A;GALNT7;BUB1B;ARHGAP11A;CCND1;BUB1;SGO2;IGDCC4;CKAP2L;TCF12;PRTG;PIEZO2;FLRT2;ADAMTS5;HMGA2;GASK1B;KIF4A;HK2;CIP2A;ATAD2;WEE1;RBM24;KNL1;ADAMTS6;TTK;SYNE2;FREM1;HMGB1;KIF18A;TPX2;SLF1;NES;NAP1L1;LGR5;KIF23;MBNL2;AK4;HELLS;CLSPN;DEPDC1;CRNKL1;AP5M1;PARPBP;CHEK1;IRS1;RACGAP1;NCAPH;KPNA2;SALL1;TXLNB;NCAPG2;RAD51AP1;CKAP2;DLGAP5;HMGN5;FOXM1;MAP3K20;ESCO2;KIF11;KIF15;COL2A1",1.095361269735354,0.18099645928611838,,
"AIZARANI_LIVER_C12_NK_NKT_CELLS_4",45,-0.3411792538312592,-1.2296701826527898,0.1484593837535014,0.29526608237805707,"GNLY;ALOX5AP;CD7;RAC2;NKG7;CST7;CCL5;GZMA;CMC1;CD247;IFITM1;HSPA6;DUSP2;CD69;CD3E;DNAJB1;KLRB1;EOMES;HSPA1A;BTN3A1;IL2RB;LCP1",-1.0251008116364968,0.6580979217026877,,
"FAN_EMBRYONIC_CTX_ASTROCYTE_1",63,-0.3168564612697324,-1.2136496974436586,0.14884979702300405,0.29526608237805707,"HES4;EFHD2;CSDC2;IFI44L;LGALS3;TM7SF2;ID3;PEA15;RAMP3;EMID1;TSKU;CYB5A;FAM107A;HEY1;EEPD1;ID1;GPX3;ANGPTL1;LRRC10B;DOK5;CHRDL1;OAF;FADS2;ALDOC;CDC42EP4;MMP28;ADORA2B;LAMP5;EZR;MRC2;CPNE5;MLC1",-1.0880699373709506,0.5377787348071585,,
"HE_LIM_SUN_FETAL_LUNG_C2_NON_CLASSICAL_MONOCYTE",16,-0.46793464958688064,-1.3171162695110024,0.15048543689320387,0.2976994512452511,"PELATON;HK3;CD79B;LILRA5;CDKN1C;PTGIR;CLEC12A;IFITM1",-1.1647022937374059,0.4658831678248496,,
"GAO_LARGE_INTESTINE_ADULT_CG_GOBLET_CELL_SUBTYPE_2",34,0.31875287992538853,1.210733293668315,0.15286624203821655,0.3015897674900316,"KDR;GAN;MPDZ;FZD4;GABRB2;ADAMTS4;SULT1C4;MCMDC2;FYB1;BNC2;RYR2;DSC3;ST8SIA1;ANTXR1;IGFBP5",1.7262740229567317,0.014206481576053167,,
"AIZARANI_LIVER_C33_STELLATE_CELLS_2",125,0.23235524929173484,1.1587081603480678,0.16,0.31481081081081086,"DST;LAMC1;BAZ1B;ZFHX3;PAG1;ADGRF5;UACA;ITGB1;LUC7L3;CDC42BPA;SEPTIN11;EPAS1;PCM1;ENAH;EPB41L2;ADAMTS1;COL4A1;ANK3;CRISPLD2;MAP1B;DLC1;LPP;LAMB1;CLMN;FIGN;NUDT4;RBMS3;ITGA1;NID1;MYH9",1.7192486509980398,7.643413836913796e-4,,
"JONES_OVARY_THECA",42,-0.34307210347854733,-1.2187657425409038,0.16262482168330955,0.3191128576427206,"S100A6;S100A13;APOC1;APOE;MT2A;MVD;LSP1;UCHL1;S100A16;THY1;BGN;ANPEP;CILP",-1.0559430349919037,0.587714749690276,,
"DESCARTES_FETAL_KIDNEY_ERYTHROBLASTS",114,-0.2857414033867227,-1.1947474156181321,0.16417910447761194,0.32129674209597175,"BLVRB;FKBP8;PRDX2;PPOX;HAGH;PIGQ;BSG;UBAC1;FAM229A;NARF;SLC25A39;HBA2;HBB;TANGO2;ANKRD9;UROS;SMIM1;MARCHF3;ALAD;ARRDC2",-1.4402219198047952,0.055053993342927716,,
"DESCARTES_FETAL_STOMACH_ERYTHROBLASTS",72,-0.30317468424058347,-1.1832779896441914,0.16511318242343542,0.32142075035850776,"MXD3;UROD;BLVRB;MARCHF2;CDKN2D;RILP;RBM38;SLC25A39;HBA2;HBB;UROS;ALAD",-1.2631868206261967,0.2368752010763066,,
"GAUTAM_EYE_IRIS_CILIARY_BODY_CYTOTOXIC_T_CELLS",83,-0.3004588759691047,-1.1959772487630265,0.16512549537648613,0.32142075035850776,"SSNA1;RPL35;NR2C2AP;ELOF1;EBP;CENPM;RACK1;S1PR4;RBM38;PPP1CA;ARPC1B;HDAC10;HADH;SEPTIN1;RPL5;SS18L2;SLC2A6;TPT1;APOBEC3G;PEA15;RAB5IF",-1.1717242923289668,0.3543318036434432,,
"JONES_OVARY_NK_CELL",86,-0.29673437406907005,-1.1841374005571819,0.16821192052980133,0.326555408388521,"CRIP2;ACTB;SELENOW;HLA-C;HLA-F;RARRES2;CRIP1;IGFBP7;HLA-E;MT2A;PDLIM1;HLA-B;NDUFA4L2;IFITM2;PLAC9;TPM2;EPB41L4A-AS1;RAMP2;ECSCR;ACTA2;GJA4;ISYNA1;COL6A2;MFGE8",0.9453048527603102,0.8035584539864253,,
"DESCARTES_MAIN_FETAL_LYMPHATIC_ENDOTHELIAL_CELLS",63,-0.31287068301600746,-1.1983830415189973,0.16914749661705006,0.3274983445138629,"GFUS;UBTD1;SPHK1;C2CD4D;INO80C;HOMER3;SLC27A3;PGM5;DTX1;RAB3IL1;S100A16;TBX1;EFCC1;ADGRG3;PLEKHO2;SLC35E4;WFS1;NFATC1;GJC2;TNFAIP8L3;LOX",-1.0879108153437993,0.5377787348071585,,
"GAO_LARGE_INTESTINE_ADULT_CH_MKI67HIGH_CELLS",104,0.23959114431014478,1.147966039592828,0.17307692307692307,0.33421750663129973,"TOP2A;CENPF;MKI67;ANLN;BUB1B;ARHGAP11A;BUB1;CKAP2L;DDIAS;CIT;FAM111B;KIF4A;PLK4;CIP2A;DIAPH3;TPX2;CDH16;CDCA2;KIF23;DNA2;DEPDC1;PARPBP;NCAPH;RAD51AP1;ERCC6L;FOXM1;MCM10;ESCO2;E2F8;KIF11;KIF15;FANCD2",0.9628250871405885,0.8173652694610778,,
"GAUTAM_EYE_IRIS_CILIARY_BODY_COL9A1_HIGH_CILIARY_BODY_CELLS",94,0.2590704162891436,1.2371588862757041,0.174028032145624,0.3347436312857782,"DSP;SHPRH;PHACTR2;HOOK1;KPNB1;GPATCH2L;CPEB4;C2CD5;KTN1;WNK1;MOB1B;UACA;ATP2C1;MAGI1;TRIO;TUG1;RSRC1;ASPH",1.2150845404256412,0.20931573210074989,,
"TRAVAGLINI_LUNG_LYMPHATIC_CELL",204,-0.2600703497456427,-1.1587584860504572,0.1742690058479532,0.3347436312857782,"BCL7C;OST4;HSPB1;CTSD;RPL29;RPS2;SNCG;CST3;PRR5;RARRES2;UBTD1;DAD1;SPHK1;IGFBP7;LMNA;GYPC;LSP1;HOMER3;LAPTM5;TFF3;TXN;PDGFA;PDLIM4;PGM5;ANXA2;CHST12;GLIPR2;NNMT;PLP2;AIG1;DTX1;LGALS3;RAB3IL1;S100A10;TBX1;COL6A2;BATF3;LRRN4CL;LAYN;STMN1;KRT18;RTKN;HS3ST1;PLIN5;TRIP6;CXXC5;FAM162B;FLNC;NR2F1;ADGRG3;EEIG1;LTBP4;GGT5;SLC35E4;GNAS;TMEM98;WFS1;MEGF6;FHL3;FSCN1;MFAP4",-0.8743192191745899,0.9547123623011016,,
"AIZARANI_LIVER_C34_MHC_II_POS_B_CELLS",128,-0.2769522683795967,-1.1700976726610623,0.17515527950310558,0.33556064073226544,"FAU;RPL18A;RPS8;RPS5;RPL18;RPLP2;RPS11;RPL13A;CD52;HLA-DRB1;HLA-DPB1;RNASET2;HLA-DRA;LIMD2;HLA-DQB1;PTPN6;EEF1B2;LAPTM5;EEF2;CORO1A;ISG20;KLF2;RPS23;CD79B;RPS27;LTB;HLA-DQA1;DOK3;HLA-DRB5;HSH2D",-1.0923940015748768,0.5068675232609658,,
"HE_LIM_SUN_FETAL_LUNG_C0_PERICYTE",189,0.2198449616974763,1.1603402756803032,0.17667147875879,0.3375769987831998,"ARHGEF12;TANC1;CLIP1;ARHGAP42;DYRK2;PAG1;PAWR;RAPGEF5;DGKH;FKBP5;ADGRF5;GUCY1A2;KITLG;ITPRIPL2;MTUS1;SNRK;EPAS1;TNFRSF21;PDE3A;NAB1;PRKCA;ETS1;MCTP2;ENDOD1;CRISPLD2;STARD9;ADAMTS5;ITGA4;SPRY4;PDZD2;MYOF;EPS8;MAP2;ADAMTS9;SYTL2;GJC1;ANKRD44;CDH6;SLC35B3;CCDC102B;PDLIM5;RGS5;PEAR1;PLCB1;PPFIBP2;KLHL23;NBEA;ANGPT2;ABCC9;GRK3;PLCE1;TRPC6;RRAS2;CNTN4;MEF2C;SEMA6D;LIN7A;FHL5;ALDH1A2;MARK1;HACD4",1.4610655547309181,0.005196996031505442,,
"CUI_DEVELOPING_HEART_LEFT_VENTRICULAR_CARDIOMYOCYTE",36,-0.35639215661719537,-1.2169529313272212,0.1816860465116279,0.3457997769033697,"LGALS1;S100A11;COLEC11;RAMP2;ECSCR;CMC1;TMEM88;TRAIP;ANXA1;THY1;IRX3;ENG",-0.9395967881346923,0.8035584539864253,,
"HE_LIM_SUN_FETAL_LUNG_C1_PULMONARY_NEUROENDOCRINE_CELL",188,-0.26193129093895073,-1.1572639866645824,0.18192488262910797,0.3457997769033697,"SMIM22;RHBDL1;TIMP1;KRT7;PSD;CCDC28B;CORO7;NPDC1;IZUMO4;NPW;EFHD2;SYP;NDUFA4L2;PLPPR2;LYPD1;LINC01315;KCNH2;PHGR1;REEP2;TMEM51;STX1A;SLC16A11;LYSMD2;SMIM32;CACNA1A;CFAP65;TMEM176B;TMEM176A;SAXO5;HES6;SCG5;SLC1A5;BIK;PNPLA7;COL22A1;NPTX1;MMP11;SEZ6L2;BMERB1;KIF19;PTPRN2;BAALC;CACNA1H;KCNMA1;MAPRE3;CHRD;RGS11;STMN3;GNB5;SMOC2;SMPD3;BEX5;CLIP3;ST18;KCNH6;VWA5B2;DRAIC;SCAMP5;TMEM184A;GRP;A4GALT;SLITRK6;PDZRN3;MS4A8;ESPN;NAAA;CPLX2;KLK11;DLL4;KLK12;ATP2A3;TTC39A;DPYSL3;RASA4B;RINL;RASD1;HEPACAM2;NLRP1;TUBB3",-1.0403727927717294,0.5989758886403181,,
"HE_LIM_SUN_FETAL_LUNG_C6_DEUTEROSOMAL_CELL",201,0.21189507382508968,1.1174607479936454,0.18310703976052561,0.34714042954599644,"CEP295;ASAP2;KIF14;TOP2A;CENPF;ZDBF2;CPAP;BRCA2;POGLUT3;MIS18BP1;KIF20B;CEP152;ECT2;SMC2;NEU3;RFWD3;ANLN;ASPM;CCDC14;E2F7;BUB1;DNAH14;SGO2;CKAP2L;SASS6;ZNF736;RTTN;PLK4;CCDC88A;FANCM;USP31;KNL1;TTK;CCDC18;BHLHE40;KIF18A;TPX2;GPSM2;DENND6A;KIF23;HELLS;DEPDC1;BARD1;CCDC15;RACGAP1;NCAPH;KPNA2;RAD51AP1;ERCC6L;DLGAP5;FOXM1;CLDN12;PYGL;DNAH17;KIF15;COCH;SLC12A2;CEP57L1;STIL;RCC2;ATP6V0A2;CCDC188;SPIN4;POLH",0.8992333892407336,0.9879749879749881,,
"DESCARTES_MAIN_FETAL_MESANGIAL_CELLS",15,0.41899946883718375,1.2677612695681275,0.18461538461538463,0.3490909090909091,"TRERF1;TMTC1;FLRT2",1.4885586821056878,0.10299117537815652,,
"BUSSLINGER_GASTRIC_G_CELLS",86,0.2454204540305207,1.1589000748405027,0.1862348178137652,0.3503331973344213,"DSP;BPTF;DST;SORL1;MAST4;HAP1;ARFGEF3;NAV1;ABCA5;RAB3B;ABCB10;PCLO;ANK3;EGR1;SLC7A1;MAP1B",0.978210574894139,0.7014378586705631,,
"MENON_FETAL_KIDNEY_3_STROMAL_CELLS",80,0.24519284344541228,1.1454752110033921,0.1862348178137652,0.3503331973344213,"DST;PPP1R12A;MACF1;TOP2B;TTC3;MYH10;UACA;NKTR;ITGB1;ATP2B1;SEPTIN11;KCNQ1OT1;COL4A1;FLRT2;CCDC88A;AKAP12;RAI14;H19;COL6A3;XIST;EMCN;CHD3;ZEB2",1.8105473185530987,0.001747201627695336,,
"GAO_STOMACH_24W_C1_PROCRPOS_MULTIPOTENT_PROGENITOR",39,-0.34533132564053837,-1.2129147215520337,0.189873417721519,0.3558228646262793,"NUDT8;DNAL4;FAM229A;H2AX;INTS15;PPIH;PWWP2B;SCARF2;TRAF4;UBE2S;SLC25A38",-1.412274039305045,0.11998195760036086,,
"DESCARTES_FETAL_ADRENAL_SLC26A4_PAEP_POSITIVE_CELLS",37,-0.3500223235287149,-1.2026731388851317,0.19013062409288825,0.3558228646262793,"VMO1;EXOC3-AS1;TYMSOS;ANO7L1;ZNF296;ZNF683;CTF1;BAK1;ZNF747;TUBBP5;VPS9D1-AS1;MRGBP;NPHP4;CCT6B;CASC8;AMIGO1;ZNF786",-1.2589113808451844,0.2830356349417933,,
"TRAVAGLINI_LUNG_CLASSICAL_MONOCYTE_CELL",266,-0.24833467436177384,-1.139829592192352,0.19090909090909092,0.3563636363636364,"TSPO;GPX1;ATP6V0B;SERF2;NICOL1;CIMAP1B;BLVRB;CAPNS1;PYCARD;NPC2;RPLP1;AGTRAP;BRI3;LGALS1;CEBPB;TYROBP;TMSB10;LGALS9;S100A6;ROGDI;CST3;STXBP2;CD14;RNF130;UBXN11;PHC2;PLEKHO1;NRGN;EFHD2;C19orf38;TYMP;FES;SPI1;UBE2R2;RXRA;LRRC25;CARD16;CD300LF;TPT1;TNFRSF1A;SAP30;CEBPD;SLC11A1;S100A9;RPS13;TKT;PRAM1;LY86;NADK;ZNF467;GPBAR1;DOK3;CRTAP;SULT1A1;SMARCD3;HCK;PILRA;KIAA0930;RAC1;FGR;CD33;C1orf162;MYO1F;CLEC12A;RBP7;NCF1;MAFB;TNFRSF1B;CASP1;TNFSF10;FCER1G;C5AR1;FCGRT;EMILIN2;PSAP;NFAM1;ARRB2",-0.8929739555470206,0.9547123623011016,,
"GAUTAM_EYE_CHOROID_SCLERA_FIBROBLASTS",194,0.20814287245532842,1.0912658192761369,0.19863013698630136,0.36982797883894475,"SPTBN1;NPEPPS;CHD9;BBX;PTPRG;FMNL2;ZFHX3;YAP1;SEC63;ATP2A2;IL6ST;AHI1;PGM2L1;MINDY2;CDC42BPA;FOXO3;PNISR;YWHAG;ABCA5;ABLIM1;SKIL;APPL1;PIEZO2;PJA2;LMAN1;SERINC3;ARID5B;MAP3K5;PCDH18;DCUN1D1;GTF2I;NFKBIZ;ITGAV;DAB2;NFYB;PTPN13;BHLHE40;LPIN1;SMARCA2",1.2880367287111392,0.04741671778698497,,
"DESCARTES_FETAL_LUNG_CSH1_CSH2_POSITIVE_CELLS",182,-0.25985989995456393,-1.1459573571925845,0.20187793427230047,0.374916163648558,"LSM10;PCGF1;COPS9;TP53I13;SH3GLB2;RPL13AP5;PGP;TIMM50;BOK;ALKBH2;RAC3;TFPT;TMEM101;FAM131A;UPP1;VPS16;TNFRSF12A;MFSD13A;SDC1;ZDHHC16;TRMT61A;HSD11B2;TXNDC15;ANGPTL4;ZNF703;TSEN34;DOLK;NOP14-AS1;MARCHF9;MRGPRF;LZTS2;NHLRC1;PREB;CCDC192;PSMD3;CDKN1C;CENPV;NFU1;UNC119;CERCAM;CNKSR1;FAM200A;EFHD1;SYDE1;CTSL;PGF;ILF2;P2RX4;PHLDA2;EBI3;HNRNPA1L3;TBC1D24;MMP11;SLC52A1;ALG2;SPIRE2;CCNDBP1;EPHA1;TM2D2;SPINDOC;ZFYVE28",-1.1261373482816797,0.41916259168704156,,
"HE_LIM_SUN_FETAL_LUNG_C2_ADC_2_CELL",101,-0.28302981190041226,-1.1599795471170364,0.20405576679340937,0.3779964331440255,"CREB3;STARD10;VMO1;CCDC28B;TNFRSF18;HES4;HLA-F;TNIP2;MT2A;SH2B2;ADAM8;GMPPB;TUBB6;CDC42EP1;TRAF2;CHST7;CST7;IL4I1;ISG20;NPIPA1;GPR132;TRIP10;HLA-DQB2;CXCL10;TRAF1;ARHGAP22",-1.007181283919931,0.7114545454545455,,
"HE_LIM_SUN_FETAL_LUNG_C1_PROXIMAL_SECRETORY_1_CELL",96,-0.28467668785069056,-1.1568798138170455,0.2140127388535032,0.39518456339869323,"SOD3;TIMP1;CAPS;PLPP2;S100P;NDUFA4L2;PLAAT4;CTSW;S100A9;FAM3D;SULT2B1;SLPI;ANXA1;HS3ST1;CCNO;EFHD1;PLAT;TNFSF10;AGR3;PLEKHS1;ISL1;BCL6;ANKRD35;NT5E;MT3;CXCL8;KLK10;SLITRK6;TIAM1;CRYM;ACKR3;CYTL1;KLK11;WNK2;CX3CL1;ATP2A3;CXCL3;SERPINA1;DPYSL3;ATP2C2",-1.0086156243763795,0.693375937077547,,
"DESCARTES_FETAL_THYMUS_THYMIC_EPITHELIAL_CELLS",178,0.2144563256892708,1.1255204564378547,0.21442019580011515,0.39518456339869323,"ARHGAP42;PATJ;C1RL-AS1;FMN1;FAM83B;MYO5B;EYA1;GPLD1;CLIC6;DSC2;PTPN3;PAPLN;ANK3;EGFR;KIAA1549;CDH1;CACNB4;NHS;ZRANB2-DT;PTPN13;FREM1;ANGPT1;HSPA12A;EPB41L4A;RBMS3;PNMA8A;PPARGC1A;TRPM6;RHPN2;B3GALT5;B3GAT2;SNX29;RASEF;GRIP1;CXXC4;CDS1;SORBS2;SYNE1;PASK;ESRRG;ESRP1;BNC2;RPS6KA6;CGNL1;MTCL1;CDH4;PITRM1;IRF6;OXCT1;IQSEC3;SLCO2A1;GGA2;B4GALNT3;SLC36A1;ZNF483;AFAP1L2;MPZL2;CSRNP3",1.1185940958456053,0.31269671380482716,,
"CUI_DEVELOPING_HEART_RIGHT_ATRIAL_CARDIOMYOCYTE",31,-0.35813655373508857,-1.183268643458062,0.21545319465081725,0.3960856709742297,"RNF187;RTN4R;DES;ACTA1;CITED4;DAGLB;PEDS1;TAF10;DPP9;SPRYD3",-1.4815409929877317,0.0915803021066179,,
"DESCARTES_FETAL_KIDNEY_URETERIC_BUD_CELLS",204,-0.2517893336792245,-1.1218619399833365,0.21754385964912282,0.39892173759335364,"SMIM22;KRT7;SNCG;WNT7B;BSPRY;TMEM125;SPR;S100A2;GPX2;DEGS2;ELMO3;PTGER1;MIR200CHG;SYT8;S100P;RBBP8NL;FBP1;SDC1;CBLC;LAD1;WNT6;GOLT1A;CLDN7;FAM3D;SHROOM1;SSH3;CLDN4;RNF223;LCN12;DHRS2;KRT18;AKR1C2;SPINT1;GPR15LG;CFI;RAB17;PKP3;CCNO;TFAP2A;LEAP2;SPINK1;EPN3;KRT8;CPXM2;ST14;ODAM;MMP7;PLEKHG6;PTK6;ADH1C;PLEKHN1;GJB3;HR;ITGB4;EDN2;UPK3A;TMEM238L;ALDH1A1;SIGLEC15;S100A14;FA2H;BICDL2;MOGAT3;TMEM184A;SLC38A4;B3GNT3;CNGA1;TACSTD2;ANXA3;ACOXL;MYEOV;MUC1;KRT20;FOXQ1;CIMIP2C;AOC1;GGT6;CYP4F3;MGC32805;ERLN;VSIG2;TMEM45B;RNF183;TTC39A;NECTIN4;PRR15;GJB4",-1.4536744303809055,0.0211275284507113,,
"DESCARTES_FETAL_CEREBELLUM_PURKINJE_NEURONS",28,0.32901821698692724,1.1753951147774786,0.21987951807228914,0.4021916812980565,"RORA;ITPR1;TAF4B;ANKRD33B;LINC00299;HSPA12A;NDNF;CDS1;COL24A1;ESRP1;PDE11A;CORIN",1.2566951137240852,0.3063973063973064,,
"TRAVAGLINI_LUNG_ADVENTITIAL_FIBROBLAST_CELL",291,-0.24041447760310214,-1.10888736805212,0.22247191011235956,0.40591366055588407,"CFD;HSD3B7;ABHD14A;DHRS3;MYDGF;CD74;TIMP1;S100A6;CST3;S100A13;SERTAD1;JUND;LMNA;RCN3;TNFRSF12A;FTL;LSP1;MARCHF3;TUBB6;PDLIM4;ANXA2;HSPB8;UCHL1;IGFBP6;NNMT;CTSF;IL32;LGALS3;KLF2;ACKR4;SPSB1;LGALS3BP;TMEM176B;S100A10;ISLR;TMEM176A;CYP27A1;COL6A2;LOXL1;LRRN4CL;PHGDH;SLPI;IGFBP4;TSKU;HTRA3;CLEC3B;MT1G;AKR1C2;ANXA1;LINC01133;PCOLCE;VAT1;RGS10;PLAT;CTSL;PTGIS;THY1;HAS2;PXDC1;CPXM2;S1PR2;PCOLCE2;TCN2;LTBP4;IFITM1;JUNB;AKR1C3;FCGRT;GATA6;PLTP;MGP;AKR1C1;PODN;IL33;C1R;CD44;ALDH1A1;CSF1;NOVA1;CPE;GFPT2;SRPX;CTSH;PLK3;LOX;NT5E;APOL1;PLAUR;PLAU;PTHLH;FBLN2;DNAJB1;CLDN11;DPT;CD248;TNFSF13B;PTPRS;ACKR3;ADH1B;RGMA;CHRDL1;ZNF385A;PI16;SCPEP1",-0.6535374540414858,1,,
"HE_LIM_SUN_FETAL_LUNG_C5_CD5_POS_CCL22_NEG_MATURE_B_CELL",149,-0.2627348036909689,-1.128032719204801,0.22524752475247525,0.409950495049505,"HCST;DNPH1;S100A6;SH3BP1;RHOC;IGFLR1;ACP5;U2AF1L4;TYMP;SH2B2;CTSZ;DOK2;SNX11;ADAM8;VSIR;NFKBIE;ABI3;KCNN4;APOBEC3G;IRF5;S100A10;PKIG;RBKS;ARHGAP9;GM2A;DUS2;BCL2A1;RGS10;TRBC2;C1orf162;SRGN;EEIG1;RGCC;TRAC;CMTM3;PCED1B;ITGB7;ZBP1;DUSP2;CD44;CREM;EVI2A;LY9;LINC00926;CD82;WNT10A;CTSH;PLK3;MS4A6A;TFEB;CD40;LTA;CD27",-0.9987355742060128,0.716903729109923,,
"DESCARTES_FETAL_SPLEEN_STROMAL_CELLS",22,0.3540805405583918,1.1796051566004684,0.22598870056497175,0.41027375065161953,"EYA1;TMTC1;UNC5C;LSAMP;RBMS3;PHACTR3;ESRRG;MKX;RARB;DNM3OS",1.8083013050951173,0.017521402773839338,,
"TRAVAGLINI_LUNG_CD4_MEMORY_EFFECTOR_T_CELL",69,-0.2939729274535959,-1.14247065877742,0.22696929238985314,0.4106717055832996,"CRIP2;TRADD;RPS3;RPL13A;HINT1;HLA-A;RPS29;CD52;GSTK1;SEPTIN1;CORO1A;IL32;RPS27;CD3D;PCED1B-AS1;PBXIP1;SUSD3;IFITM1;TNFRSF25;SIT1;RPL23A;EVL;CD3E;CD2;CD6;TTC39C;IL10RA;ICAM3;CTLA4;LEF1;CNN2",-1.3870744742003156,0.11299890088684168,,
"GAO_ESOPHAGUS_25W_C3_FGFR1LOW_EPITHELIAL_CELLS",51,-0.31653710111825323,-1.1693173624231394,0.22733612273361228,0.4106717055832996,"DNAJC4;MFSD3;CD52;RNF166;TMEM183A;C19orf48P;LAPTM5;ARRDC2;GAS2L1;ACSF3;SPATC1L;RPL39L;ISYNA1;PEX11A;TRAF1;GPC1",-1.1424144509907168,0.4456918961684813,,
"HAY_BONE_MARROW_CD34_POS_MKP",55,-0.3064816626815704,-1.1458042076089028,0.22845417236662108,0.4116698947596538,"NAA38;LTC4S;DAD1;RAC3;TPI1;TGFB1I1;RBPMS2;STUM;STAC;GJA4;EXOC3L4;WFDC1;ST6GAL2;KLHL13;ITPKA",-0.8596094172849482,0.9387372484146679,,
"GAUTAM_EYE_IRIS_CILIARY_BODY_MONOCYTES",122,-0.2684456419839544,-1.12723035504669,0.23143564356435645,0.4160127123823494,"H2AC20;BID;EIF4EBP1;PGP;UBALD2;DDX39A;HLA-C;HLA-F;HLA-A;NUDT1;SCO2;SH3BGRL3;LIMD2;SNHG15;FES;PSTPIP1;CDC37;H2AC8;CCDC88B;ATF5;CLEC10A;RAB20;FGR;CD48;MKNK1;SIGLEC9;NCF1;CEBPA;EBI3;TMC6;ARID5A;H2BC8;H2BC4;ALOX5;BLNK;KYNU;THEMIS2;ABRACL;ATG3;SCN1B;STX11;CD4;UCP2;PLAC8;LILRB1;IL16;RCBTB2;DENND4B",-1.1311501452340225,0.41069901884948906,,
"HAY_BONE_MARROW_CD34_POS_HSC",99,-0.280310372727177,-1.1417928096368934,0.2330345710627401,0.41785509294008566,"H2AC25;RPS9;RPL15;ZFAS1;RACK1;NPDC1;PCBD1;EGFL7;HINT1;BSPRY;FBXW9;LINC03073;BST2;EPB41L4A-AS1;SAMD13;EEF2;CCNB1IP1;UCHL1;CTSF",-0.9589770190279703,0.8020507033484444,,
"CUI_DEVELOPING_HEART_RIGHT_VENTRICULAR_CARDIOMYOCYTE",20,-0.39477822362985404,-1.1909624190702264,0.2345679012345679,0.41957108623775285,"ECI1;IGFBP7;ISYNA1;KLHDC8B;CMTM7;PYGM;BIN1;MASP1;LBH",-0.9607551443797178,0.7889196675900276,,
"DESCARTES_FETAL_CEREBRUM_ASTROCYTES",84,-0.28432039116043245,-1.1366428635734713,0.23529411764705882,0.41983852364475205,"PLA2G5;ENTPD2;TPPP3;PDLIM3;FOXJ1;FEZF1-AS1;CIMAP3;FANK1;SPATA17;LINC01088;PLIN5;ODAD1;FLNC;CPXM2;COL22A1;IRX3;VWA3B;TOGARAM2;RFX2;LINC02253;KIF19;DNAAF3;IL33;HS3ST3A1;CD38;LGR6;HSD17B6;SHISA3;IRX5;LRRC10B;RSPH1;ZMYND10;PI16;ESPN;CIMIP2C",-0.6672044380828762,1,,
"HU_FETAL_RETINA_AMACRINE",36,0.28994009917805963,1.1231749806576337,0.2484076433121019,0.44032056304727346,"LUC7L3;RND3;RBFOX2;ANK3;TUBB2B;CCDC88A;FAT3;MAP2;FBXW7;NNAT",1.4166358191828792,0.10907454634648285,,
"HE_LIM_SUN_FETAL_LUNG_C2_PDC_CELL",134,-0.2640160751324705,-1.122448799106496,0.2484548825710754,0.44032056304727346,"CLIC3;PARP10;PPP1R14B;CDKN2D;TMEM8B;ST6GALNAC4;SGSM3;PRMT7;ADAT3;SEPTIN1;TPM2;ZNF296;SCT;CD7;TUBB6;TRAF4;OCIAD2;KPTN;TMIGD2;SPON2;MAPKAPK2;CYB561A3;SOCS1;GPX7;LTB;KIRREL3;MYBL2;ATP13A2;DERL3;HS3ST1;CXXC5;LRRC26;RELL2;TMEM63A;IGLC3;ULK1;SLA2;SH2D3C;PCED1B;MZB1;SIT1;NEK8;LY9;IGKC;CXCR3;SMPD3;IGHM;PLVAP;IGLC2;GZMB;CD3E;FUZ",-1.3542240118244744,0.09193188768966674,,
"HE_LIM_SUN_FETAL_LUNG_C3_DEFINITIVE_ERYTHROBLAST",22,0.34647338963467583,1.1542622376066654,0.24858757062146894,0.44032056304727346,"CPEB4;HECTD4;TBCEL;FBXO30;LPIN2;XPO7;FHDC1;TRAK2;TFRC",1.1517068832487722,0.4456254815967047,,
"MANNO_MIDBRAIN_NEUROTYPES_HOPC",273,0.19491124861600037,1.054500899829373,0.25210084033613445,0.44545973729297544,"ARHGAP42;AFF1;OPHN1;KIF14;ITPR2;TAOK3;SOX5;GAB1;ZMAT3;SLC7A11;PCDH17;BUB1B;CNTN1;LMOD3;ARHGAP11A;EPN2;PRKCA;SGO2;TAF1B;MAML2;APOD;EGR1;UBL3;CASK;EGFR;B4GALT6;LIMA1;BIRC3;MMP16;SOX6;SERINC5;ELF1;SPRY4;SOX9;LRRK2;GPR17;ITGAV;BCLAF3;ADAMTS6;PDE1C;TTK;PLEKHH2;PTPRE;CA1;CALCRL;SEL1L3;SH3D19;ZGRF1;PDGFRA;ANKRD44;XYLT1;LGR5;KIF13A;AK4;ADAMTS3;LHFPL2;BARD1;EDNRB;SLC35F1;MAP3K1;TMOD2;PHACTR3;FYN",1.274546511041345,0.02627817460488947,,
"HAY_BONE_MARROW_CD34_POS_PRE_B",82,-0.282558153555072,-1.1205353771153888,0.2553475935828877,0.45010423275627665,"PPP1R14A;SNHG7;CHLSN;TRABD;NSMCE1;LIMD2;ERP29;UBXN1;TAX1BP3;NOXA1;REPIN1;C16orf74;CSNK1E;DTX1;EIF3F;TM7SF2;KIF12;SBSPON;CD79B;CDHR3",-0.8738913066053916,0.9289281598155974,,
"HE_LIM_SUN_FETAL_LUNG_C0_MESENCHYMAL_2_CELL",276,0.19414963277791705,1.0540243284526885,0.25806451612903225,0.4537946080723079,"ATAD5;AEBP2;ANKS1A;KIF14;TOP2A;CENPF;PAG1;PAWR;BRCA2;FBN2;MKI67;BICD1;EPB41;RALGPS2;TRIO;CENPE;ECT2;PCDH17;ANLN;ASPM;TNFRSF21;FLNB;BUB1B;ARHGAP11A;LATS2;PDE3A;HAPLN1;KIAA1958;BUB1;SGO2;CKAP2L;TUBB2B;HMGA2;ITGA4;THSD4;KIF4A;ITPRID2;CIP2A;TMTC2;DHX57;SIPA1L2;KNL1;DIAPH3;INPP5F;TMEM65;KIF18A;TPX2;EPS8;HHIP;HSPA12A;AMOTL2;LDLR;CDCA2;B3GALNT2;KIF23;XIST;HELLS;SGK1;CLSPN;DEPDC1;ZFHX4;RACGAP1;NCAPH;KPNA2;RAD51AP1;CKAP2;DLGAP5;HMGN5;FOXM1;MCM10;ESCO2;CXXC4;KIF11;KIF15;KLHL5;LDB2;DCLRE1B",1.070635680916658,0.2796291538912485,,
"AIZARANI_LIVER_C28_NK_NKT_CELLS_6",98,0.22898558823288742,1.0957148107641184,0.2602739726027397,0.4565769929031193,"EML4;SLC38A1;STK4;SMCHD1;USP36;PRDM1;ETS1;TENT4B;ZC3HAV1;TNFAIP3;GPRIN3;PDCD4;CNOT6L;CRYBG1;RNF125;RPL36A;SATB1;PIK3R1;PDE7A;FYN;RCAN3;RBPJ",1.3657296081357164,0.08760411215496061,,
"ZHONG_PFC_C8_ORG_PROLIFERATING",59,-0.29713810793569484,-1.1222321265935535,0.2612859097127223,0.45725034199726405,"DCXR;LGALS1;TMEM256;TUBB4B;EMP3;MT2A;PSRC1;SMTN;PTTG1;TUBB6;CKS2;ANXA2;ITGB1BP1;PRC1;TXNDC12;BIRC5;CDC20;CDCA3;UNC50;CDKN3;TACC3",-1.2377069187489709,0.28568253483171036,,
"ZHONG_PFC_C2_UNKNOWN_NPC",72,0.24081921812692889,1.0981961863173622,0.26294820717131473,0.4590558628794176,"TOP2A;CENPF;MIS18BP1;MKI67;NCAPD2;CENPE;G2E3;ITCH;ASPM;ARHGAP11A;SGO2;CKAP2L;CIT;KIF4A;TTK;TPX2;ZNF649;CDCA2;DEPDC1;RACGAP1;KPNA2;DLGAP5",0.9534573196875334,0.8035584539864253,,
"DURANTE_ADULT_OLFACTORY_NEUROEPITHELIUM_OLFACTORY_HORIZONTAL_BASAL_CELLS",16,-0.41413568888429975,-1.1656859651154823,0.2669902912621359,0.4649974450689831,"S100A2;AQP3;MT1X",-0.723463730202009,0.9966867295561087,,
"JONES_OVARY_ENDOTHELIAL",161,-0.25385490751731854,-1.1070458312058262,0.26997578692493945,0.4687380130418105,"IFI27;COX7A1;CD74;RRAS;CD151;CRIP2;EGFL7;SELENOW;HLA-C;HLA-F;NRGN;HLA-DRB1;HLA-DPB1;HLA-DRA;IGFBP7;CAVIN3;TINAGL1;HLA-E;LMNA;PDLIM1;MARCKSL1;HLA-B;IFITM3;CSRP1;IFITM2;SOX18;EPHX1;MGST2;NUPR1;CLDN5;RAMP2;ECSCR;TMEM88;GJA4;NFIC;PKIG;CDKN1C;MT1E",1.149283781416322,0.22052988736987972,,
"GAUTAM_EYE_CORNEA_MONOCYTES",255,-0.23689677167559922,-1.0801830663777876,0.27042577675489066,0.4687380130418105,"ALKBH7;FBXW5;C19orf25;IL17RC;FPGS;COMMD5;RPLP2;TIMM29;ADCK2;TOR2A;CCDC85B;TMEM208;RPS19;PLEKHJ1;SNAI3;DGAT1;NUDT22;ZYX;GADD45G;GRINA;NUDT1;SCAMP3;H2AX;MCRS1;PLA2G15;YIF1B;PHF19;C19orf38;FAM131A;SLC67A1;ALYREF;ANKRD9;MED8;RABL6;DEF8;CTDSP1;SH2B2;ATP13A3-DT;JPT1;ORMDL2;SDSL;VSIR;TK1;RPN1;RRP9;FERMT3;KCTD17;CHST7;BAK1;ZNF579;MLF2;SDHB;NQO2;RANGRF;SLBP;MAPKAPK3;CPSF1;PGAP6;PRXL2B;ELOC;RNF19B;SULT1A1;ABHD12;IL18BP;ZSWIM7;ADGRE5;UNC119",-1.1864726642491277,0.2633578121043302,,
"HAY_BONE_MARROW_PRO_B",286,-0.2356959131643791,-1.0853381357233127,0.2711864406779661,0.468939973428882,"SIVA1;MXD3;C12orf57;DCTN3;PIN1;NCAPH2;H2AC20;SAC3D1;PXMP2;TP53I13;PSMB8;CDKN2C;GALNT14;CDKN2A;CENPM;DDX39A;NRM;RALY;CARHSP1;TMEM106C;MAD2L2;H2AX;NDUFA4;PPIA;FANCG;PHF19;ARHGAP33;PPP1CA;ASF1B;PDLIM1;MARCKSL1;E2F1;CCDC167;DDAH2;PSRC1;ATP5F1C;PAQR4;LAT2;CD72;UBE2I;IFT22;ITGAE;UBE2S;H2AZ1;ACOT7;HAUS1;SRP14;DYNLT2B;RPL39L;MID1IP1;H3C8;SLC25A5;MAGOH;TRAIP;HAUS8;UBB;TXNDC12;MFGE8;CKS1B;PHGDH;TUBB;MED30;MYL6B;WDR62;STMN1;H2AZ2;SMARCB1;UBE2C;BIRC5;HMCES",-1.1003623271683354,0.4404283801874163,,
"TRAVAGLINI_LUNG_LIPOFIBROBLAST_CELL",143,0.20824200747729474,1.0587418643065087,0.27807486631016043,0.47971209164406825,"REL;ATP13A3;DDX21;GSPT1;RND3;CDON;STAT3;ACSL4;ELOVL5;APOD;ERRFI1;MAT2A;MCL1;NR4A3;EIF3J;SLC20A1;PROS1;GJA1;HOMER1;HK2;PGAP1;DKC1;FGF7;LDLR;ADAMTS4;GPRC5A;MYC;SLC19A2;SGK1;TIPARP;NAMPT;PPP1R15B;PI15;IL1R1;ETF1;PAPPA;TBX18;NR4A2;KLF9;TSHZ2",1.142625039704524,0.22792279121043632,,
"DESCARTES_FETAL_HEART_STROMAL_CELLS",26,-0.3590491834969495,-1.135288351561533,0.28129829984544047,0.48412567916662097,"C1QTNF12;ISLR;HTRA3;PCOLCE;NPTX2;CILP;PRELP;ANGPTL1;DPT",0.5498017901464064,1,,
"CUI_DEVELOPING_HEART_COMPACT_VENTRICULAR_CARDIOMYOCYTE",56,-0.29383574686007463,-1.1069917622714704,0.2855209742895805,0.49023412566701563,"TSPO;HSPB1;LGALS1;DES;HLA-B;PLAC9;IL32;LGALS3;FHL1;TNNI3;COL6A2",0.9273026746424899,0.822131047649998,,
"CUI_DEVELOPING_HEART_CARDIAC_FIBROBLASTS",80,-0.27886226943096654,-1.1041859862325196,0.2913907284768212,0.4991351772497078,"HSPB1;CRIP2;ATP5MC2;DES;MYL9;HSPB7;COX7B;COX5A;FITM1;CSRP1;ALDOA;RBPMS2;COLEC11;IL32;RAMP1;MB;TNNI3;PKIG;GOT1;SLC25A4;GAPDH",-0.9026269857514868,0.8872960359327665,,
"DESCARTES_MAIN_FETAL_PAEP_MECOM_POSITIVE_CELLS",124,0.21554225903609356,1.0687206725113723,0.2923076923076923,0.4995305164319249,"USP47;RAPH1;RAD54L2;PARP4;ERN1;MTF1;VPS13D;SESTD1;HAP1;KLHL2;CYP24A1;GTF2IP23;ARID5B;MAP3K5;NABP1;MYOF;RIMKLB;PSORS1C3;SLC35B3;ANAPC4;NAPSA;SLC16A6;SMURF1;MSANTD2;SDAD1P1;RASEF;TC2N;DYNC2LI1;GTF2E1;ZHX3",0.8597093557096653,1,,
"GAO_LARGE_INTESTINE_24W_C6_SECRETORY_PROGENITOR",20,-0.3702999823032107,-1.1171167412693719,0.29475308641975306,0.5025298522566282,"RPS18P9;APOE;TYMP;L3MBTL2;C1orf174;WASH3P;WASHC1;STAB1;ITGAX;NCF1B",-0.9057861096317715,0.8413063018076501,,
"FAN_OVARY_CL5_HEALTHY_SELECTABLE_FOLLICLE_THECAL_CELL",315,-0.2316653154163691,-1.0743262377512413,0.2975663716814159,0.5061409312711934,"NME3;SNHG25;ARF5;RHBDD2;GRHPR;LGALS1;MPG;PLD3;ATP5MJ;MALSU1;NPM3;S100A13;RPLP0;CLEC11A;CHIC2;FLYWCH2;ISG15;TMEM9;DYNLL1;GADD45G;PPIA;CYTOR;SNHG19;APOC1;APOE;GYPC;MDH2;BOD1;ECH1;ATP5F1C;IFITM3;C19orf48P;ZFAND2A;EFEMP2;TPM2;PTTG1;TAX1BP3;SAT2;RPS26;CKS2;ANGPTL4;ATG101;RAB34;EEF2;IFI6;H2AZ1;PLOD1;RPS7;ACAA1;COLEC11;MLF2;GLRX5;NME2;C4BPB;FHL1;ATP5MC3;SPON2;UBC;SLC25A5;MRPL18;ADH5;COX6C;UBB;IP6K2;MYL12B;COL6A2;OSTC;APEX1;PTMS;HTRA3;AHSA1;WFDC1;CFAP20;MORN2;PCOLCE;HSPE1;PPIC;TRIP6;KLHDC8A;EMP2;DDIT4;PPP2CA;CPXM1;HNRNPA0;PFN2;SUSD3;IFITM1;AKIRIN2;TMEM59;PLTP;TMEM98;LANCL2;CITED2;SERPINH1;OSER1;BGN;ACADVL",-0.8686862515645161,0.9966867295561087,,
"DESCARTES_FETAL_LUNG_MESOTHELIAL_CELLS",66,-0.2804162820205926,-1.0816625760329295,0.30027173913043476,0.5095520421607378,"ASS1;CLDN15;PLAC9;BST1;CA9;SBSPON;LINC01133;MSLN;SOX15;PTGIS;PCOLCE2;MGP;PODN;C1R;LINC02381;TNNT1;BDKRB1;NMU;PRELP;GFPT2;ABHD12B;CFB;CTSE;MST1",-0.6621668218181882,1,,
"ZHONG_PFC_MAJOR_TYPES_NPCS",135,-0.254488413061139,-1.083192783029035,0.30198019801980197,0.5102691815838485,"HSPB1;DYNC2I2;CENPM;TAGLN2;MCM5;SNRPB;TUBB4B;CLIC1;H2AX;DTYMK;GNG5;CDCA4;C19orf48P;PTTG1;CKS2;DUT;H2AZ1;CENPW;MDK;RPA3;MCM7;PRC1;KIF22;CKS1B;PHGDH;UBE2T;GINS2;H2AZ2;PCNA;UBE2C;BIRC5;TUBA1B;CDC20;TGIF1;CDCA3;PIMREG;PCLAF;AURKB;BUB3;TMEM98;CDKN3;TACC3",-1.0137000808866987,0.6802803843757818,,
"GAUTAM_EYE_IRIS_CILIARY_BODY_PIGMENTED_CILIARY_BODY_CELLS",120,-0.2599946362650284,-1.092529838064829,0.30209617755856966,0.5102691815838485,"NDUFA2;DPP7;TECR;NDUFS8;MYL6;NDUFB1;QTRT1;COMMD3;ATP5MJ;LINC01023;BSG;APBB3;ASB13;PLA2G15;ZSCAN16-AS1;PDLIM3;BCAT2;CHD4;LSR;LINC00115;DUT;ATP5PD;FGF13",-0.8698400911634674,0.9547123623011016,,
"DURANTE_ADULT_OLFACTORY_NEUROEPITHELIUM_OLFACTORY_MICROVILLAR_CELLS",42,-0.30937240857714804,-1.099047370620075,0.30385164051355207,0.5120462830876525,"ATP6V0B;CLDN3;KRT7;RARRES2;AZGP1;KRT18;HES6;KRT8;BIK;PBXIP1",-1.062936051983604,0.5812973515862099,,
"BUSSLINGER_ESOPHAGEAL_EARLY_SUPRABASAL_CELLS",77,-0.27756003567245313,-1.0929066045457523,0.3071808510638298,0.5158064516129033,"RPS6;RPLP1;RPL15;RPL13A;RPL10A;RPS3A;MT2A;RPL14;FBL;PTTG1;RPL5;DUT;H2AZ1;ATP5MC3;TKT;SLC25A5;NFIC;PRC1;EEF1A1;IMPA2;TUBB;STMN1;H2AZ2;PCNA;TUBA1B;PTMA;B2M;CALM2;YBX1;RPL4;ENO1;HNRNPF;RAN",-0.8784093181923,0.9261477045908184,,
"HE_LIM_SUN_FETAL_LUNG_C0_LATE_AIRWAY_SMC_CELL",110,-0.26094728445081883,-1.085387754582136,0.3075,0.5158064516129033,"SGCA;DES;ACTG2;HSPB7;CNN1;GADD45G;ASB2;KCNMB1;CRIP1;RBM38;TINAGL1;SYNGR2;MT1X;PDLIM3;LMOD1;MRGPRF;KLF2;RAMP1;FBXL22;SBSPON;SLC25A4;TSPAN2;MYH11",0.8067480535989789,1,,
"DESCARTES_MAIN_FETAL_HEMATOPOIETIC_STEM_CELLS",38,0.27750622658671276,1.0860609438222097,0.3102310231023102,0.5191912294677744,"LRRFIP1P1;TARBP1;TAOK3;ABCC1;NRIP1;LRRC37A4P;TRIM66;FASTKD1;SEPSECS;IRAK3;IL12RB2;ZNF789;TM7SF3;TIPIN;UBR5-DT;TMCC1-DT",0.7912371887163975,1,,
"MANNO_MIDBRAIN_NEUROTYPES_HOMTN",284,0.18915797825847575,1.0284555673014952,0.31896551724137934,0.5325846251186334,"KIF21A;LHX4;KIF3A;SLC38A1;RAPH1;LCOR;STXBP5;ZFHX3;ATP11C;KIF5C;RAPGEF5;DNAJC6;LYST;CNST;ATP2B1;EYA1;SYN3;FNBP1L;ARFGEF3;ABLIM1;SH3PXD2A;ACSL4;TLN2;RBFOX2;ANK3;MAP1B;TUBB2B;NAPB;NMNAT2;SHROOM2;MAPK6;SCN8A;RUFY2;NLN;MAP3K9;TRHDE;CTNNA2;CELF3;MGAT5;HSPA12A;DACH1;MAP2;SHTN1;RAB11FIP4;ADCY1;RBMS3;RELN;DOK6;SYT7;FRY;NIPA1;PDP1;DOCK4;APLP1;EPB41L1;TMOD2;PHACTR3;GREM2;CLCN4;GDAP1;SLC4A8;MYO5A;PLCB1;MAP4;PLXNA4;PLCL1;SCN9A;L1CAM;CCDC112;PRKAR2B;ZC2HC1A;EPHA3;GNG2;SIM2;ESRRG;SEMA3A;EDIL3;CPNE8;SEMA3C;REEP1;PLPPR4;CNTN4;SEMA6D;RAB6B",1.3658002232623798,0.005343806800006894,,
"AIZARANI_LIVER_C22_RESIDENT_B_CELLS_2",31,-0.3324262871070883,-1.0983229656193176,0.3224368499257058,0.5371488026222284,"SSR4;SDF2L1;H1-10;PRDX4;CRELD2;FKBP11;MEI1;DERL3",-1.2296663242953678,0.32631107126848946,,
"TRAVAGLINI_LUNG_FIBROMYOCYTE_CELL",24,-0.3533384732517034,-1.098721564561206,0.3261205564142195,0.5420451257295703,"ACTG2;KCNMB1;SCX;RAMP1;SBSPON;COL23A1;KCNMA1;SYNPO2;LGR6;AQP1;CLU;FGF18;SCARA3",0.7424440244430108,1,,
"ZHONG_PFC_C4_UNKNOWN_INP",81,-0.2723075119241562,-1.0807093266919265,0.328042328042328,0.5439973002615371,"POLR2L;ELP6;EXOSC1;SERINC2;POLR2H;TIMM50;GADD45G;COMMD9;SYP;DANCR;PCBP4;LDB1;INO80C;SNHG8;UBE2I;OCIAD2;C19orf12;MRTO4;COA1;GMIP;ATP6V0E2;KLHDC8A;DYRK4;DDIT4",-1.0481980036568317,0.6092605482085446,,
"MANNO_MIDBRAIN_NEUROTYPES_HPROGBP",269,0.19122229827716924,1.0300682559388883,0.33620689655172414,0.556269592476489,"FNDC3B;BRCA1;KIF14;TOP2A;CENPF;YAP1;BRCA2;SMC4;LBR;MIS18BP1;MKI67;NCAPD2;TIMELESS;CENPE;KIF2A;ECT2;DSC2;DSG2;ANLN;ASPM;BUB1B;ARHGAP11A;CCND1;BUB1;SGO2;CKAP2L;PRTG;PIEZO2;HMGA2;SOX9;KIF4A;HK2;CIP2A;ATAD2;WEE1;KNL1;TET1;TTK;KIF18A;TPX2;ZGRF1;FAT3;GPSM2;NES;LGR5;KIF23;ZC3H12C;ZNF519;HELLS;MCM6;CLSPN;DEPDC1;LIMCH1;PARPBP;CHEK1;RACGAP1;NCAPH;HAT1;SALL1;NCAPG2;RAD51AP1;CKAP2;DLGAP5;FOXM1;ESCO2;KIF11;KIF15;COL2A1;FAM72A;PAPPA;RFC3",1.0430043720377364,0.3774117029646761,,
"CUI_DEVELOPING_HEART_SMOOTH_MUSCLE_CELL",46,-0.2927307792858637,-1.0642898696332221,0.3512396694214876,0.5798242161878525,"S100A6;NPDC1;RARRES2;RCN3;IGFBP4;PCOLCE;PPIC;BGN;C1R;CPE;LOX;ANGPTL1;PI16;SPARC;S100A4;PDGFRL;MFAP5;SERPINF1;COL1A1;F10;DUSP1",0.6571412132550138,1,,
"GAO_LARGE_INTESTINE_24W_C5_LGR5POS_STEM_CELL",60,-0.27795109503571785,-1.0544012056822636,0.3523035230352303,0.5802646261756734,"SFN;GPX2;URB1-AS1;CLDN15;ZNF296;C6orf136;GOLT1A;EFNA3;RGMB;PPP1R1B;ITPKC;SLPI;KMT2E-AS1;ADH1C;GJB1;FOXD2-AS1;HSD17B2;CLDN2;LEFTY1;GATA6-AS1;CHP2;SLC38A4",-1.188516962931388,0.3582105115663726,,
"ZHONG_PFC_C3_UNKNOWN_INP",34,0.2791476689963706,1.0602990529306553,0.3535031847133758,0.5809262267976018,"CENPF;CENPE;ECT2;BUB1;CKAP2L;APOLD1;TPX2;CDCA2;KIF23;NCAPH;KPNA2;DLGAP5",0.9033300993208364,0.8346122825210278,,
"HE_LIM_SUN_FETAL_LUNG_C2_BASOPHIL_CELL",96,0.21905464757259646,1.0455328883080073,0.3548387096774194,0.5818009178667511,"ALS2;SPTBN1;ANKRD28;HELB;EPC2;TTN;PDE3B;ELP1;EIF2AK3;ETS1;MCTP2;PKP2;TEC;ENTPD7;AKAP12;KIF21B;KIF13A;FRY;TNIK;RCAN3;IKZF2;IL1RL1;RAB37;TMEM154;LAX1;ATP10D;SPMIP5;CCR3;ELL2;HDC;HYPK;CPA3",0.9059593380650525,0.9375735204640409,,
"DESCARTES_FETAL_INTESTINE_INTESTINAL_EPITHELIAL_CELLS",199,-0.23714819210799726,-1.0548213216534206,0.35563380281690143,0.5818009178667511,"PRSS3;C8G;CRB3;HDHD3;SLC39A4;TMEM52;PRAP1;BICDL3P;DGAT1;EEF1B2P3;GPX2;DEGS2;ELMO3;RBBP8NL;GCHFR;GPD1;PCK2;CDX1;LGALS3;GLYCTK;AMN;EXOC3L4;RBKS;CYP2B7P;MT1E;MT1H;MT1G;PKP3;LEAP2;DEFB1;PRSS8;SLC5A1;KHK;UGT2B17;AGR3;ADH1C;ITPKA;SH3RF2;UPK3A;ANPEP;TMT1B;GJB1;PLEKHS1;FOXD2-AS1;HSD17B2;OR7E14P;CLDN2;S100A14;MASP1;BICDL2;TERT;CREB3L3;MOGAT3;VIPR1;CHP2;SLC44A4;PRODH;SMIM24;ACSL5;SLC51A;TJP3;LBX2-AS1;TMEM139;LINC00501;KRT20;RBP4;REEP6;MAMDC4",-1.4722116898754303,0.017387424797877662,,
"CUI_DEVELOPING_HEART_C4_ENDOTHELIAL_CELL",146,-0.2450268230616157,-1.0531076131091721,0.35661764705882354,0.5821023476655236,"NICOL1;PPP1R14A;HYAL2;VAMP5;SNCG;NPDC1;EGFL7;RHOC;CLIC1;HLA-E;LY6E;IFITM2;FXYD6;ANGPTL4;SLC27A3;MGST2;SPINT2;BMPER;TMEM204;TNFRSF1A;EPHB4;COLEC11;C1orf54;RAMP2;ECSCR;TMEM88;S100A16;F8;FXYD5;GJA4",0.9055036431264012,0.965295966474594,,
"HE_LIM_SUN_FETAL_LUNG_C1_LATE_AIRWAY_PROGENITOR_CELL",20,-0.3536962039614415,-1.0670266531236794,0.3595679012345679,0.585,"CAPS;GAS6;SULT2B1;ANXA1;LURAP1L;AGR3;RP1;LMO3;ARSJ;CYTL1;ICAM1;PCP4",-0.6879510251106992,1,,
"HE_LIM_SUN_FETAL_LUNG_C1_EARLY_TIP_CELL",126,-0.24873070317363669,-1.0465885439042912,0.36069651741293535,0.585,"PGP;CENPM;SPC24;CNFN;CTXN1;GADD45G;UQCRHL;APOC1;E2F1;GYPC;TPM2;TK1;LINC01315;HSPB8;FGF13;CENPW;ACOT7;TRAIP;TSPAN2;IHH;MYBL2;UBE2T;CDC45;UBE2C;BIRC5;POC1A;CDC20;CPXM1;PARD6G-AS1;CDCA3;PIMREG;HNRNPA1L3;AURKB;TACC3;HSPA6;CHST6",-0.967725908994743,0.8035584539864253,,
"DESCARTES_FETAL_CEREBELLUM_ASTROCYTES",63,0.23472985228035026,1.0452974843257887,0.3612167300380228,0.585,"STK33;PTGFR;TENT5A;FHIP1A;SPATA13;EGFR;LRP4;FREM1;SLC4A4;HHIP;CCDC102B;PI15;COL2A1;CA12;DNAH7;VCAM1;PRSS35;ADAMTS12;MKX;RASGRP1",1.1858526226102872,0.2791678650177356,,
"HE_LIM_SUN_FETAL_LUNG_C0_RESTING_CHONDROCYTE",95,0.21619290190481932,1.0288814414527832,0.36160714285714285,0.585,"NEDD4;SOX5;MATN3;FLNB;TRAPPC8;HAPLN1;STK26;MMP16;YPEL2;SOX6;THSD4;SOX9;ITGA10;C1GALT1;FRY;COL15A1;COL12A1;ACAN;MIOS;PYGL;DOCK8;COL2A1;SORBS2;COL24A1;COL11A2;CPM;COL9A1;SUSD5;SLC2A1;CRISPLD1;TRIM9;FIBIN",1.3574470051131642,0.06834679355997655,,
"GAUTAM_EYE_IRIS_CILIARY_BODY_CILIARY_BODY_ENDOTHELIAL_CELLS",347,-0.22284294952702663,-1.0359488771205878,0.3647450110864745,0.5887680001573247,"PPP1R35;RPL36;SRA1;TMEM205;ABHD17A;RPS6;RPLP2;ARRDC1;RBM42;PSENEN;EIF4EBP1;HMOX2;RPS28;KEAP1;TESK1;TSPAN17;LYL1;RPS19;HAGH;MFSD10;JAGN1;RPS15A;MLST8;DNPEP;RPL10;RPS6KB2;NDUFB9;CCM2;KXD1;UBTD1;SPR;PLOD3;SLC35A4;EIF6;PRR14;EPN1;NSMCE1;IL15RA;OGG1;TMEM183A;TUBA4A;CENPB;COA4;ECH1;CRTC2;ATP5F1C;C17orf67;CSRP1;STX4;PRDX4;ORMDL2;PKN1;ANKRD13D;DHRS4L2;CDC42EP1;PSMB8-AS1;BCAT2;SRPRB;RAB1B;IFI44;SNAPIN;RAB32;OSTF1;C1orf54;MRTO4;EVA1C;CMC1;TLNRD1;IFNAR2;CPSF1;PPAN;ISY1;ZDHHC18;COPS4;SELENOS;FAM174A;TMSB4X;APEX1;FN3KRP;REXO4;TINF2;TRIM47;RELA;PRKD2;CISH;SQOR;IL18BP;UNC119;IFFO1;TAP1;PINX1;TMEM44;TMEM107;SLC25A22;SEMA6B;LY6G5C;ZNF575;PSMD2;PRXL2C;MAX;MGAT2;NAALADL1;CISD1",-0.9908782131936483,0.75045223991771,,
"HE_LIM_SUN_FETAL_LUNG_C1_LATE_BASAL_CELL",93,-0.26118546478743193,-1.0522490556242157,0.3697916666666667,0.5955936578171092,"NBL1;LGALS1;TIMP1;SFN;S100A2;HLA-B;TPM2;WNT4;PDLIM2;REEP2;NTF3;KLF2;FHL1;EVA1C;ACTA2;SULT2B1;FXYD5;MT1E;ANXA1;HS3ST1;JAG2;CCNO;TFAP2A;RGS10;CASP1;RGCC",-0.6410752616335089,1,,
"JONES_OVARY_GRANULOSA",80,-0.2642581566854668,-1.0463593872170065,0.3748344370860927,0.6023529411764706,"IFI27;ADCK2;HDHD3;ATP5IF1;LY6E;PTGES;SPINT2;LMBR1L;H2AC8;H3C8;TNNI3;IHH;STMN1;PSMA3;ST6GAL2;H2BC8;FAM78A;AMH;SFXN3;FSCN1;STMN3;TSPAN7;SRPX;LIMS2;MFAP2;SLC47A1",-0.9542406403288548,0.8035584539864253,,
"DESCARTES_MAIN_FETAL_ENS_NEURONS",20,0.32951909687638903,1.055454333803476,0.3757062146892655,0.6023529411764706,"TNPO1;HEATR5A;TNS3;CELF3",1.1522276409930432,0.4330910706862197,,
"ZHENG_CORD_BLOOD_C2_PUTATIVE_BASOPHIL_EOSINOPHIL_MAST_CELL_PROGENITOR",92,-0.2609226887904956,-1.0486112332160102,0.3764705882352941,0.6023529411764706,"SDF2L1;LGALS1;TMSB10;S100A6;JUND;EMP3;CD63;LMNA;LDB1;ATF4;IFITM2;SMIM1;ALOX5AP;LAPTM5;VASP;MT-TL1;TPSAB1;LMO4;PLGRKT;ANXA1;SLC40A1;CNRIP1;TFR2",-0.8885212473227679,0.9271962075393866,,
"DESCARTES_FETAL_STOMACH_STROMAL_CELLS",43,-0.29275825934374544,-1.0437031861007497,0.37749287749287747,0.6026640675763483,"ACTG2;CNN1;PTGER1;HSPB6;TAGLN;PLAC9;ACTA2;MYH11;TWIST2;MFAP4;SRPX;ANGPTL1;DPT;CD248;SHISA3;EMILIN1;GLIS1;PI16;TWIST1",-0.5636476075828134,1,,
"GAUTAM_EYE_IRIS_CILIARY_BODY_SCHWANN_CELLS",88,0.21487034023158447,1.016088941643104,0.3807531380753138,0.6065389157961235,"NCBP3;NSD1;CHORDC1;CCP110;CREB1;LBR;GAB1;G2E3;PNISR;WDR47;WWP1;FNIP2;HYCC1;NRDE2;EPN2;WDFY1;ITPR3;N4BP2L2;WASL;ADGRG6;STRN3;SNX4;MAP2;CLMN;FRY;CRK;KAT2B",1.2498276187237298,0.28029082052935067,,
"DESCARTES_FETAL_SPLEEN_LYMPHOID_CELLS",92,-0.2598368458964987,-1.044247384823097,0.38300653594771245,0.6087964152181979,"LINC02245;CD52;GZMM;ALOX5AP;DTX1;IGHD;SYTL1;CD3D;PCED1B-AS1;ACAP1;CD247;NCF1;CD37;RHOH;MZB1;ALOX5;BLNK;LY9;IGKC;LINC00926;CD8A;IGHM;CD2;LTA;CD27;SIRPG;CD79A;EOMES;PLAC8;LARGE2;IL2RB;LEF1;TNFRSF13C;IGLL5;CARD11",-1.0952613853628497,0.511748504788135,,
"HE_LIM_SUN_FETAL_LUNG_C2_GMP_CELL",27,-0.3272432586459849,-1.051571629109465,0.3857791225416036,0.6115435328144273,"CLEC11A;ARMH1;CITED4;FKBP11;NKG7;CST7;C16orf74",-0.9823344784079653,0.7683893377343644,,
"DESCARTES_FETAL_PANCREAS_ISLET_ENDOCRINE_CELLS",69,-0.26767583246377524,-1.0402719301489303,0.3871829105473965,0.6115435328144273,"UCN3;HADH;GPD1;PHGR1;SMIM32;CACNA1A;AMN;MLXIPL;RAB26;ELFN2;PTPRN2;KCNMA1;PTPRN;ISL1;KCNJ3;ST18;KCNH6;VWA5B2;ASIC2;EYA2;GHRL;MS4A8;RBP4;LINC01484;SSTR5-AS1;NAMA;KLK12;HEPACAM2;SCGB2A1;ELAPOR1;BAIAP3;CIROZ;MAB21L4;PCSK1;ASB9;TSPAN1;KLHL32;IGFBPL1",-1.3508743243655539,0.14801585086789082,,
"AIZARANI_LIVER_C31_KUPFFER_CELLS_5",112,0.21262923079779417,1.0276170869720302,0.3872549019607843,0.6115435328144273,"REL;ZC3H13;ROCK1;PAG1;RBM25;TNRC6A;NKTR;LUC7L3;ATP2B1;ZMAT3;STAT3;LONP2;LRRFIP1;BAZ1A;TENT5A;NSUN6;CCDC88A;ZKSCAN1;JARID2;MFSD4B;PHF8;CD300E;MDM2;TLCD2;UTP23;NAMPT;IRAK3;ZEB2",1.366781930548722,0.03607065699271947,,
"DESCARTES_MAIN_FETAL_RETINAL_PROGENITORS_AND_MULLER_GLIA",30,0.28044846519152705,1.0296220307207533,0.39465875370919884,0.620713209837411,"DDHD1;LGR4;KLHL8;TMTC4;ADARB1;PKD2;RFC3;ZHX2;C5orf34;RNF180;CNTLN",1.1745189895710315,0.3694040233742,,
"HE_LIM_SUN_FETAL_LUNG_C2_PROMONOCYTE_LIKE_CELL",271,-0.22455979723741937,-1.0298156367073346,0.39476678043230945,0.620713209837411,"MXD3;NCAPH2;SAC3D1;DYNC2I2;PXMP2;CENPM;SNRNP25;SPC24;CLEC11A;SLC2A4RG;NRM;GRK6;CARHSP1;TMEM106C;ACAP3;H2AX;NRGN;DTYMK;IGFBP7;PHF19;HEBP2;RECQL4;ASF1B;S100P;CDCA4;CDT1;TUBA4A;TEDC1;PSRC1;ALYREF;C19orf48P;PAQR4;ARMH1;MT1X;BST1;PKMYT1;PTTG1;TK1;CITED4;GCHFR;UBE2S;ANAPC15;NKG7;CENPW;SAP30;ACOT7;RPL39L;RANGAP1;H3C8;BCL2L12;MCM7;NT5DC2;CHTF18;PRC1;KIF22;CKS1B;PHGDH;MYBL2;UBE2T;GINS2;CDC45;PCNA;UBE2C;BIRC5;POC1A",-1.17286340524374,0.28212810753907197,,
"TRAVAGLINI_LUNG_BRONCHIAL_VESSEL_2_CELL",265,0.18657263401163104,1.0040855781532545,0.3983050847457627,0.624926943308007,"DDX3X;SOS1;CDK17;RAPGEF4;SWAP70;JMJD1C;DDX21;B3GNT5;PICALM;ABL2;FAM133B;RND3;HNRNPA2B1;PCDH17;CCNL1;EIF4G2;PRDM1;WSB1;TCF4;ADAMTS1;DDX5;COL4A1;APOLD1;SDE2;EGR3;RAB5A;ZC3HAV1;EGR1;MAT2A;MCL1;UBE2J1;DLC1;HNRNPH1;EIF3J;NFE2L2;FAM13C;ELF1;GJA1;BZW1;MYCT1;UGCG;HNRNPDL;EMP1;BHLHE40;SDCBP;FOSL2;ADAMTS9;SPRY1;LDLR;ETV6;MYC;XIST;COL15A1;ABCB1;BCL10;RDX;RNF138;NAMPT;RBM7;ULBP2;U2AF1;NR4A1;CLIC4;SLC2A3;CD34;HNRNPM;CYYR1;KLF10;BTG2;HSP90AB1;STARD4;NR4A2",1.0649978771816115,0.3427037415852661,,
"ZHENG_CORD_BLOOD_C3_MEGAKARYOCYTE_ERYTHROID_PROGENITOR",92,0.21216480337150212,1.0074538897933167,0.4008438818565401,0.6275577333151854,"PNN;MYH10;CENPF;NCL;SSB;SERBP1;KIF20B;PDZD8;CDC42BPA;HDAC2;EIF4G2;B3GNT2;RYR3;ACSL4;LMAN1;PDCD4;DKC1;PHTF1;EIF5B;PARP1;SSX2IP;RAB11FIP1;NET1;NOLC1;ZEB2;HMGN5;TFRC;CCDC112;PRKAR2B;EREG;LYAR;PIP4K2A;STAM;HDC;MBD4;SLC2A1;HSP90AA1",1.4371365121424609,0.03206506503700845,,
"HE_LIM_SUN_FETAL_LUNG_C4_CD8_T_CELL",45,-0.28687586836625956,-1.033951207440901,0.4019607843137255,0.6279559033913995,"NPDC1;CLEC11A;PRKAR1B;ARMH1;LRRN3;SPINT2;TMEM204;S100B;IGFBP2;SIT1;LDLRAP1;STMN3;LIMS2;NT5E;FBLN2;SIRPG;CD248;CD79A;SREBF1;ACTN1;CPNE2",-1.109817982808078,0.4991351772497078,,
"ZHONG_PFC_C8_UNKNOWN_NEUROD2_POS_INTERNEURON",70,-0.2633918184744143,-1.025516615072198,0.4124668435013263,0.6429889980063502,"DUSP23;CAPNS1;CAMK2N2;B4GALT2;SRM;DEAF1;MVD;NPY1R;PHYHIP;DNAJB2;CACNA1A;DTX1;PDXP;IGSF21;JAG2;COPRS;VSTM2L;PPFIA3;MAPK11;MAPK8IP2;RGS11;PALM;CPE;CHD5;MT3",-0.937965384593121,0.8189220397064848,,
"GAO_LARGE_INTESTINE_24W_C8_GOBLET_CELL",41,0.25894345129765906,1.0346375074436278,0.41471571906354515,0.6451133407655147,"SBNO1;SORL1;ZMYND8;GALNT3;MAP7;CEACAM5;SYTL2;SYT7;RASEF;SLC17A5;STXBP5-AS1;FER1L6;CLDN8;CEACAM6;CAPN8",0.7783633858214171,1,,
"DESCARTES_FETAL_HEART_ELF3_AGBL2_POSITIVE_CELLS",26,-0.3241332239812845,-1.024886534919983,0.41731066460587324,0.6477658077464301,"CAPS;DEGS2;FOXJ1;CIMAP3;CRLF1;SLC44A4;TACSTD2;MUC1;RSPH1;ZMYND10;MS4A8",-1.2218425498429664,0.34993641373463336,,
"DESCARTES_MAIN_FETAL_ERYTHROBLASTS",184,0.18983895050846744,0.9958017695798226,0.42038216560509556,0.6511451416181054,"RAPGEF2;USP32;UGGT1;C2CD3;TOP1;WNK1;ATAD5;DDI2;HECTD4;ZNF451;DENND4A;MOB1B;TBCEL;WRN;CDC27;DNAJC6;CENPE;CENPI;MORC3;RSRC1;ABCB10;EP300;KIAA1586;AMMECR1;GAPVD1;SLC11A2;DCUN1D1;SPTB;KIF4A;CBLL1",-0.9433002690303307,0.8325748731266827,,
"HAY_BONE_MARROW_IMMATURE_NEUTROPHIL",189,-0.22922945986527957,-1.011495672629351,0.4216725559481743,0.6517571565398533,"GPX4;TMEM219;UBA52;CIMAP1B;ATP6V1F;NINJ1;NPC2;FUOM;CARD19;MGAT1;CEBPB;ZDHHC1;TRMT1;METRNL;GRINA;CRIP1;EMP3;PRKAG2-AS1;UPP1;FTL;CCL3L3;HMOX1;UBE2R2;SAT2;CTSB;G0S2;PCBP1;IFI6",-0.9263070313736131,0.8737223514142015,,
"DESCARTES_MAIN_FETAL_VISCERAL_NEURONS",38,-0.29460128170069727,-1.0203998614059198,0.4234620886981402,0.6531364418903519,"RUSC1;UCHL1;ARHGDIG;MTX1;NCS1;TUBB;VAT1;CDK13-DT;CHRM1;TMEM59L;KRT18P11;PPP2R5B;YBX1P1;YWHAH;FAM200C;HAGLROS;FKBP1B;NEIL2;GNAO1;TUBB3;STMN2;CCDC184;TUBB2A",-0.7816246951776323,1,,
"DESCARTES_FETAL_STOMACH_VASCULAR_ENDOTHELIAL_CELLS",29,0.2785084658634822,1.0060136573591325,0.425531914893617,0.6547750553835195,"FLT1;KITLG;SELE;EPAS1;BCL6B;EMCN;CD34;CYYR1;TM4SF18",1.0027154872128972,0.6763894363421364,,
"MENON_FETAL_KIDNEY_2_NEPHRON_PROGENITOR_CELLS",38,-0.2937643876456172,-1.017501141573863,0.4263233190271817,0.6547750553835195,"RPS2;RPLP0P6;RPSA;RPLP0;RPSA2;RPL3;MARCKSL1",-0.9191220248624203,0.8346122825210278,,
"FAN_EMBRYONIC_CTX_NSC_2",229,-0.2263468301568144,-1.024542487407691,0.4274193548387097,0.6550764006791171,"MXD3;DCTN3;DCXR;NOSIP;COX8A;EMC9;LGALS1;CDKN2C;CENPM;DDX39A;NRM;TUBB4B;RARRES2;CLIC1;NUDT1;H2AX;PSME2;DTYMK;PHF19;RUVBL2;ASF1B;FAM110A;PSRC1;SMTN;CNIH4;JPT1;TPM2;CBR3;PTTG1;TK1;TUBB6;REEP4;CKS2;RASSF1;VDAC3;WDR54;UBE2S;H2AZ1;CENPW;TUBG1;RPL39L;RANGAP1;TRAIP;AAMDC;PRC1;KIF22;MED19;CKS1B;NEURL1B;UBE2T;H2AZ2;CALM3;UBE2C;BIRC5;POC1A",-1.0696699236051561,0.5512329888468229,,
"GAO_SMALL_INTESTINE_24W_C7_SECRETORY_PROGENITOR",37,0.2600837047319947,1.0110528902561402,0.43130990415335463,0.659650441646307,"CHM;CACNB4;CIP2A;GABRB2;ZNF23;PTPN13;ZNF662;LINC00299",0.9803687018587732,0.7168801491370497,,
"HE_LIM_SUN_FETAL_LUNG_C5_PRO_B_CELL",445,0.17620993924522474,1.0048892013658453,0.4342105263157895,0.6618999699874654,"RIF1;CKAP5;N4BP2;ABI2;PLEKHA5;ATAD5;TOPBP1;TCAF1;SP1;BRCA1;KIF14;CCP110;TOP2A;CENPF;GEN1;BRCA2;PDS5B;ANKRD36;MKI67;NCAPD2;PRKCI;KIF20B;TIMELESS;CEP152;HLTF;CENPE;MGAT4A;KNTC1;ECT2;PCNT;SMC2;TTF2;RFWD3;NRIP1;ANLN;ASPM;CBX5;INCENP;RBL1;E2F7;EPB41L2;FIGNL1;BUB1B;ARHGAP11A;IGF2BP2;BRD7;BUB1;SGO2;CKAP2L;DNAJC21;GMPS;WDHD1;POLA1;KATNAL1;CIT;LCORL;RRM1;SERINC5;FAM111B;SLC20A1;BRIP1;KIF4A;PLK4;CCDC88A;CIP2A;MMS22L;ATAD2;WEE1;KNL1;TTK;CSE1L;SYNE2;SHCBP1;STK3;DIAPH3;RNF168;ERG;ALDH5A1;TUBGCP3;KIF18A;TPX2;ZGRF1;GPSM2;AMOTL1;FAM111A;NAE1;ELK3;CDCA2;KIF23;NCAPD3;KCTD9;DNA2;RDX;HELLS;MCM6;NET1;CLSPN;DEPDC1;BARD1;FBXW7;PKD2;PARPBP;CHEK1;RACGAP1;NCAPH;NCAPG2;RAD51AP1;CHD3;PLCB1;CKAP2;DLGAP5;FOXM1;MAP3K20;MCM10;ESCO2;E2F8;NSD2;CD34;KIF11;KIF15;FANCD2;DCLRE1B;POLD3",1.0526487880789777,0.22916055648688857,,
"DESCARTES_FETAL_PANCREAS_CCL19_CCL21_POSITIVE_CELLS",39,-0.2892847959463913,-1.016061277017739,0.4345991561181435,0.6618999699874654,"PTGDS;PTGER1;APOE;MINCR;CDX1;MSC",-0.7244378054776028,1,,
"TRAVAGLINI_LUNG_CAPILLARY_INTERMEDIATE_1_CELL",158,-0.23459655675757565,-1.0189150040880277,0.43605359317904996,0.6627286343097043,"GPX1;MXD4;CD74;RRAS;CD14;HLA-DRB1;RNASET2;IL15RA;TINAGL1;SYNGR2;PDLIM1;HLA-B;TSPAN15;TUBA1A;HLA-DQB1;TYMP;DNAJC1;RPN1;HOPX;HSPB8;TMEM51;TMEM204;TNFRSF1A;IL32;ISG20;IRF1;FHL1;UBC;PIK3IP1;HLA-DQA1;PCDH1;HLA-DRB5;ACE;WFDC1;SERPINB6;ANXA1;VAT1;EMP2;TNIP1;TBX2;ZDHHC14;RGCC;SLCO4A1;CMTM3;S100A3;SH2D3C;EDN2",-0.8899745709668385,0.9314782608695653,,
"GAO_ESOPHAGUS_25W_C2_KRT6BPOS_SECRETORY_PROGENITOR_CELLS",68,-0.26023345808314186,-1.0085988316626617,0.4397834912043302,0.6664277009104596,"CDKN2A;YJU2;ISG15;NTHL1;AGFG2;ZFAND2A;MNX1;PDZK1IP1;HOPX;HTRA2;SECTM1;VASN;GDPD3;CYP2B7P;CALHM2;PRSS8;TBC1D2;BLNK;MUC3A;KYNU;EPS8L1;OAS1;S100A8",-1.2015165739657168,0.3152255639097744,,
"DURANTE_ADULT_OLFACTORY_NEUROEPITHELIUM_PERICYTES",79,-0.2579924734315833,-1.0182152275469059,0.4403183023872679,0.6664277009104596,"IFI27;CD74;CCDC85B;CRIP2;NPDC1;EGFL7;HLA-E;NHERF2;SOX18;CLDN5;KLF2;RAMP2;ECSCR;TMEM88;ID3;FXYD5;RAMP3;ACKR1;C2CD4B;IGFBP4;SOX17;PLAT",-0.8527180941054114,0.946185981742225,,
"HE_LIM_SUN_FETAL_LUNG_C0_ADVENTITIAL_FIBROBLAST",65,-0.2622270467993338,-1.0085873786056245,0.44579945799457993,0.6733236626972079,"NPDC1;RCN3;ENTPD2;BST1;PDLIM3;IGFBP6;ADAM33;SPON2;C1QTNF2;HTRA3;CLEC3B;THBS3;ANXA1;LINC01133;SCG5;NTRK3;RGS10;PTGIS",1.0231178836164763,0.661345791966777,,
"DESCARTES_FETAL_EYE_ASTROCYTES",15,-0.3656023587805298,-1.0103895719447642,0.4477124183006536,0.6740166425264832,"CST3;HMCN2;PAX8;LMO3",-0.6695430577240381,1,,
"GAO_LARGE_INTESTINE_24W_C7_GOBLET_PROGENITOR",18,0.31104364452440675,0.9940979614946479,0.4482758620689655,0.6740166425264832,"GALNT5;PURA;ARL14;C16orf87",0.7834466992027175,0.965295966474594,,
"HE_LIM_SUN_FETAL_LUNG_C2_SPP1_POS_MACROPHAGE_CELL",47,-0.2752600853876653,-1.0060053887495468,0.4490358126721763,0.6740166425264832,"EGFL7;SPP1;RCN3;HOMER3;C1QB;BLVRA;RAB3IL1;IGFBP4;VSIG4;CTSL;SIGLEC1;PLTP;TNFRSF25;TMEM37;ITGB5;C2",-0.6723132276554976,1,,
"DESCARTES_FETAL_MUSCLE_LYMPHOID_CELLS",102,-0.24522672249715743,-1.004325079394686,0.4548919949174079,0.6813337244548744,"USF1;HDHD3;NPM3;SEPTIN1;GNLY;TBC1D10C;CD7;INTS5;NKG7;GZMA;SFI1;TM7SF2;TMIGD2;SYTL1;LLGL2;LTB;PCED1B-AS1;HSH2D;ACAP1;FGR;CD247;TOGARAM2;SLA2;RHOH;CD69;GATA3;CD8A;LINC02361;CD3E;CD2;CD6;KLRB1;SLC25A20;PLAC8;ICAM3;TTC9;IL2RB;LEF1;CARD11;MATK;TCF7;PROCA1;BICDL1;CD96;RORC",-1.0254959629570028,0.6589277563384373,,
"DESCARTES_FETAL_EYE_SMOOTH_MUSCLE_CELLS",58,-0.2654408130652615,-1.001957152057712,0.4557823129251701,0.6813337244548744,"NUDT16L1;TESK1;AP5Z1;DEDD;SLC67A1;SNHG8;SLC35D2;CRYL1;DLGAP1-AS1;DERL3;GINS2;TYRP1;LRRC47;GLMP;C11orf96",-1.0790685596128344,0.533235671122505,,
"ZHONG_PFC_C1_ASTROCYTE",28,-0.30654803553607535,-0.9978145301859823,0.46119402985074626,0.6869615990215042,"TBC1D10A;EIF6;APOE;MMAB;EFNA1;SELENBP1;MASP1;CD82;GPX3;DHCR7",-0.9153252541847443,0.833884739133895,,
"DESCARTES_FETAL_ADRENAL_ERYTHROBLASTS",64,-0.25968597559363205,-0.9951795319441632,0.4614343707713126,0.6869615990215042,"BLVRB;PPOX;PIGQ;NARF;SLC25A39;HBA2;HBB;ALAD;GLRX5;H2AC8;TPSAB1;SLC22A4;ACKR1;TFR2;RFESD;DHRS13;TSPO2;SELENBP1;YPEL4;CAT;RNF224;ERMAP;E2F2;TMCC2;PPME1;CTSE;ESPN",-1.2046089453280688,0.30188006771807896,,
"DESCARTES_FETAL_PANCREAS_DUCTAL_CELLS",83,-0.2492248686153746,-0.9920401643271535,0.4676354029062087,0.69477259860351,"CAPS;NRTN;PLPP2;DEGS2;SYT8;SDC1;LAD1;FUT6;PPP1R1B;NEURL3;FUT3;GREP1;CLDN9;FOLR1;DEFB1;MMP7;AGR3;PTPRU;LINC02532;ADORA1;S100A14;LEFTY1;LINC01186;PART1;TMEM139;GMNN;ANXA9;KCNJ15;CDX2;WNK2;FAM86FP;NECTIN4;CA4",-1.2163507466280228,0.28747163901400813,,
"DESCARTES_FETAL_INTESTINE_ENS_GLIA",28,-0.305578442216622,-0.9946585017977072,0.47313432835820896,0.7001754905759282,"METRN;ATP1A2;ARTN;TFAP2A;S100B;COL22A1;NPTX2;CHST6;PAQR6",-0.5652017030547888,1,,
"DESCARTES_FETAL_HEART_LYMPHATIC_ENDOTHELIAL_CELLS",29,-0.3016834005764623,-0.9887741432645784,0.4739970282317979,0.7001754905759282,"SPHK1;TFF3;GPR146;TBX1;EFCC1;ADGRG3;TNFAIP8L3;PROX1-AS1;SLC38A4;PARD6G;FZD10;TSPAN8;C20orf204",-0.9982302090582515,0.7003440463203826,,
"FAN_EMBRYONIC_CTX_BRAIN_ENDOTHELIAL_2",296,-0.21617864940292708,-0.997138635982784,0.47415730337078654,0.7001754905759282,"C12orf57;HCFC1R1;SELENOM;ATP5F1D;CYC1;COX7A1;LGALS1;PPP1R14A;TIMP1;VAMP5;CD151;CRIP2;TAGLN2;CLEC11A;HES4;SNHG18;MYL9;RHOC;COX7B;ZYX;CRIP1;MAP1LC3A;PDLIM7;CYTOR;IGFBP7;FOXS1;CAVIN3;CCR10;LMNA;PDLIM1;IFITM3;NDUFA4L2;SMTN;FXYD6;TAGLN;PLAC9;EFEMP2;TPM2;PDLIM2;TGFB1I1;CDC42EP1;ANGPTL4;ATP1A2;ANXA2;PLOD1;TMEM204;ADAM33;GPER1;LGALS3BP;MDK;TBXA2R;SPON2;GJA4;PKIG;NT5DC2;RASL12;ISYNA1;COL6A2;MFGE8;HTRA3;CFAP20;PTGDR2;PELO;NFATC4;LURAP1L;PCOLCE;EMP2;THY1;SLC12A7;FAM162B;PGF;NR2F1;TBX2",1.0895049091040547,0.2516402991064931,,
"DESCARTES_MAIN_FETAL_CARDIOMYOCYTES",16,0.3140739874567474,0.9668945538191397,0.484375,0.7138157894736842,"FGF12;USP28",0.9931927084145912,0.6594202898550725,,
"GAUTAM_EYE_CORNEA_CYTOTOXIC_T_CELLS",141,-0.23070103305794862,-0.9879495715361456,0.4870848708487085,0.7163591635916359,"ANKRD54;AMDHD2;PCGF1;THOC6;CLIC3;SUGP1;ZDHHC1;TRMT1;RHBDD3;ARMC5;IDUA;PLOD3;ATP5MG;DTYMK;CAVIN3;EEFSEC;CSKMT;LDB1;ANKS3;COQ8B;ENTREP3;ATRIP;RP9;C6orf136;MED25;SLC12A9;FARS2;HAUS4;ATP5MC3;INTS1;SH2B1;ATG7;ITPK1;NF2;PSTK;DMAC2;OXSM;RIN1;DELE1",-1.1569541038383218,0.3532516716965501,,
"HE_LIM_SUN_FETAL_LUNG_C3_CYCLING_DEFINITIVE_ERYTHROBLAST",405,-0.210808789543182,-0.9920068400626155,0.49836779107725787,0.731475306258556,"MXD3;DPP7;NCAPH2;H2AC20;DYNC2I2;CDKN2C;TSPAN17;PPOX;PGP;CENPM;SNRNP25;PIGQ;SPC24;PMM1;PRR5;NOP16;RPS6KB2;MCM5;UBAC1;ATG4D;GRK6;NUDT1;ABCB8;SNHG10;SLC48A1;GCDH;RECQL4;AQP3;ASF1B;CDCA4;MFSD2B;CDT1;MIGA2;HBB;LDB1;ADISSP;TANGO2;ANKRD9;POLA2;BOP1;PKMYT1;SMIM1;PTTG1;TK1;LHPP;KMT5C;C9orf40;CKS2;ALAD;FKBPL;APEH;KCNH2;UBE2S;FERMT3;BLVRA;PCK2;SPINT2;EXOSC3;RCCD1;SLC25A38;CENPW;KCNN4;ISG20;RAB3IL1;H2AC8;MID1IP1;H3C8;PLEK2;PRC1;KIF22;SLC22A4;POLD1;CENPV;CKS1B;ACKR1;TMEM86B;MYBL2;UBE2T;GINS2;CISH;CDC45;HES6;PCNA;UBE2C;BIRC5;POC1A;SLC1A5;CDC20;ABCA7;TFR2;RGS10;SFXN4;MYCBP;SLC37A4;ZBTB7A;CDCA3;RFESD;PCLAF;SMAP2;AURKB;DHRS13;CDKN3;AEN;RCL1;LRR1;TACC3;H2BC4;TTLL12;TSPO2;FAH;ARV1;SLC6A9",-1.0933990373828633,0.4330910706862197,,
"DESCARTES_MAIN_FETAL_NEUROENDOCRINE_CELLS",24,-0.31336328791059215,-0.9744169628646847,0.5069551777434312,0.7425822321875613,"LFNG;TFF3;FFAR2;HES6;ENTPD8;NPTX1;VMAC;CCNP;KCNH6;NUDT16L2P;SEC11C;KLK12",-1.1689482540277945,0.4321024293042778,,
"TRAVAGLINI_LUNG_ALVEOLAR_EPITHELIAL_TYPE_1_CELL",367,-0.21135915492833332,-0.98547870690165,0.5082508250825083,0.7429851418876828,"HCFC1R1;MYL6;SSR2;POLR2L;HSPB1;KRT7;RRAS;CD151;CLIC3;CRIP2;ACTB;COMT;SFN;HLA-C;MYL9;PLEKHO1;DAD1;TSPAN4;GALK1;ADRB1;IGFBP7;CD63;TMEM179B;SYNGR2;MT2A;CYSTM1;SLC39A13;TSPAN15;TUBA4A;TNFRSF12A;FSTL3;MT1X;TAGLN;SDC1;INF2;PDLIM2;PDLIM3;TUBB6;HPCAL1;CNPPD1;PKDCC;PDGFA;PNPLA2;ANXA2;HOPX;HSPB8;SPINT2;BCAP31;RAB32;CLDN7;MAP7D1;IL32;OSGIN1;LGALS3;ISG20;KLF2;ACKR4;IRF1;FHL1;EHD1;SNX21;UBC;S100A10;CLDN4;GAS6;SULT2B1;SBSPON;MT1E;PRDX1;ARPC5;MYL12B;AGER;TMSB4X;SULT1A1;NBEAL2;KRT18;FADS3;FOLR1;SPINT1;SLC40A1;B3GNT8;ABCA7;MSLN",-0.869591007657729,0.9990381426202322,,
"HE_LIM_SUN_FETAL_LUNG_C4_ILCP_CELL",173,-0.2212447253439212,-0.9694054536372667,0.5197132616487455,0.758218946854282,"TSPO;NINJ1;LTC4S;PXMP2;TIMP1;ORAI3;TNFRSF4;AP1S1;CST3;TNFRSF18;S100A13;CLEC11A;ASB2;TSPAN4;LST1;UNC93B1;IGFBP7;PHF19;ARL3;TRAPPC5;FES;CD81;GRN;REPIN1;CAMK1;IL4I1;PRAM1;ZMIZ2;IL17RE;CENPV;CDK2AP1;IGFBP4;SH3TC1;TOX2;SLC40A1;CTSA",-1.0493692083797905,0.5998681608437706,,
"FAN_EMBRYONIC_CTX_NSC_1",16,-0.34274100180465994,-0.9647281946399253,0.5210355987055016,0.7586278317152104,"RARRES2;PDLIM1;NME1",-0.9422225358607601,0.8035584539864253,,
"HE_LIM_SUN_FETAL_LUNG_C3_AEROCYTE",80,0.20731194976865763,0.968505834297102,0.5222672064777328,0.7589032461393004,"DYRK2;SPRED2;KITLG;PRDM1;ADAMTS1;LMO7;CDH13;ITGA4;SPRY4;PDE1C;TNS3;LRRC49;B3GALNT1;ITGA1;NEDD4L;CDKAL1;NOS2;EDNRB;ULBP2;ZNFX1;PHLDB1;LAMA5;SLC12A2;ZBTB16",0.9647193544092693,0.7831104855735398,,
"ZHENG_CORD_BLOOD_C9_GRANULOCYTE_MACROPHAGE_PROGENITOR",96,-0.23827786672107823,-0.9683225422152707,0.5248407643312102,0.7604186203533515,"GADD45GIP1;SERF2;LGALS1;TMSB10;VAMP8;TAGLN2;CLEC11A;HLA-A;H1-10;PFN1;IGFBP7;GYPC;HLA-B;PIM3;DNAJC1;GSTP1;CFL1;PSMA7;RAB32;S100A10;C9orf78;GAPDH;STMN1;ANXA1;BIRC5;TUBA1B;PEBP1",1.262263790994327,0.16731305122238502,,
"DESCARTES_FETAL_ADRENAL_SYMPATHOBLASTS",37,-0.2804606046569759,-0.9636597812846524,0.525399129172714,0.7604186203533515,"VGF;HS3ST2;RASD2;SLC16A11;PACRG;MRAP2;SLC8A2;KCNK9;ST18;VWA5B2;LRRC10B;TPBGL;PLCH2",-1.0007765635791888,0.6987617804842685,,
"AIZARANI_LIVER_C38_RESIDENT_B_CELLS_3",23,-0.30701405236284074,-0.9508483285671467,0.5290519877675841,0.7626985954409395,"SSR4;H1-10;FKBP11;MEI1;DERL3;MZB1;LY9;IGHA1;CD27;CD79A;JCHAIN;SEC11C",-0.9897333447412271,0.7029288702928871,,
"HE_LIM_SUN_FETAL_LUNG_C1_AT1_CELL",36,-0.2794069685913995,-0.9540757930477721,0.5290697674418605,0.7626985954409395,"TUBB6;PKDCC;ANXA1;MSLN;ALDH3B1;CAV2;SUSD2;NMU;EHD2;HTRA1;FAM20A;MMP28;CRYAB;ICAM1;CAVIN1;PHACTR1;PLLP",0.6135479056730597,1,,
"TRAVAGLINI_LUNG_MYOFIBROBLAST_CELL",61,-0.2513482250251224,-0.9553597767352947,0.5359565807327001,0.7710995865087069,"PTGER1;PSTPIP1;PDLIM3;USP18;S100A10;PKIG;WDR91;ALDH2;TYRP1;PCSK1N;HS3ST3A1;PRELP;DPT;VIM;SLITRK6;CLU;NOTUM;COMP;CD9;FGF18;CNN3;SCARA3;COL16A1;PAMR1;TSPAN8;C16orf89;COL1A1;TNFRSF19;NTM;DKK3;TGFBR3;CTHRC1;NEDD9",0.5007020687013776,1,,
"HU_FETAL_RETINA_PHOTORECEPTOR",40,0.24216312630228204,0.9560632669814138,0.5389830508474577,0.7739243807040418,"BAZ2B;AKAP9;AHI1;UBXN4;EPB41L2;PRDM1;FAM161A;PTPN13;ANKRD33B",0.8866603217526019,0.9261477045908184,,
"HE_LIM_SUN_FETAL_LUNG_C2_PROMYELOCYTE_LIKE_CELL",39,-0.27141502901092684,-0.9532969061732302,0.5428973277074542,0.7780103436437533,"CENPM;CLEC11A;SLC2A4RG;S100P;CDT1;TK1;CITED4;NKG7;MCM7;NT5DC2;PHGDH;GINS2;UBE2C;IGFBP2;PCLAF",-1.1485757639450371,0.42287864285950033,,
"FAN_OVARY_CL1_GPRC5A_TNFRS12A_HIGH_SELECTABLE_FOLLICLE_STROMAL_CELL",379,-0.2079561130936092,-0.972399399889774,0.5461538461538461,0.7801403130059362,"SELENOM;CFD;RPL8;RPS5;RPL18;TRIR;RPS9;NBL1;CLTB;MGAT1;TIMP1;RPL7A;RPSA;RACK1;SNU13;RPL13A;RPLP0;RPL10;SERTAD1;NOP16;SNRPB;TUBB4B;RPL10A;RARRES2;RPL9;RPL24;ATP6V0D1;H2AX;SNHG32;CYTOR;PSMC4;CD63;BST2;EIF3I;LMNA;NME1;SNHG15;TUBA1A;RPL14;TNFRSF12A;ATF4;FUNDC2;FBL;RPL5;NXT1;PDLIM3;MARCHF3;TUBB6;ATG101;EEF2;UBAP1;H2AZ1;WDR74;TPT1;MRPL32;TNFRSF1A;CTSF;TMEM165;COLEC11;LGALS3;MRTO4;CAMLG;SPSB1;GSTM3;SARS1;TMEM176B;UBC;PEA15;DIRAS3;GNL1;RNPS1;UBB;PRDX1;ELOC;EEF1A1;COL6A2;CCT3",1.1748274629416604,0.04544478258745705,,
"HE_LIM_SUN_FETAL_LUNG_C7_LATE_SCHWANN_CELL",88,-0.23851174082701715,-0.9554342052061787,0.546526867627785,0.7801403130059362,"VAMP5;SHFL;DNASE2;MYL9;S100A11;EMP3;IGFBP7;ENTPD2;FSTL3;IFITM2;MARCHF3;CDC42EP5;LGALS3;TMEM176B;TMEM176A;FADS3;RAB20;IL11RA;RGS10;EEIG1;RNASE4;BGN;CD44;ALDH1A1;ART3;FBLN2;AQP1;RNASE1;GJC3;NFIX;HTRA1",-0.7977103862191738,1,,
"DESCARTES_FETAL_STOMACH_ENS_GLIA",35,-0.27876936308425593,-0.9415124176949782,0.5490483162518301,0.7822058204135662,"SNHG19;ENTPD2;WDR86;SLC15A3;ATP1A2;KIRREL3;CALHM2;TFAP2A;S100B;PPP1R1C;FAM78B",-0.7267650409254964,1,,
"HAY_BONE_MARROW_CD34_POS_PRE_PC",93,0.19877014815017008,0.9457789183786471,0.5512820512820513,0.7838541666666667,"CHD9;TOP2B;MYO5C;SEC63;LUC7L3;PPFIBP1;GAB1;NAV1;RAG1;MTF2;ERG;AKAP12;HHIP;RIMKLB;ABCG2;SMAD1;ELK3;MDM2",1.122781488034012,0.41250263546278726,,
"MANNO_MIDBRAIN_NEUROTYPES_HRGL2B",356,0.1774736521331126,0.9815677521607524,0.5578947368421052,0.7917102698266132,"REST;PEAK1;BRCA1;OPHN1;KIF14;YAP1;AHNAK;CMTM4;ITPR2;SESN3;TAOK3;MKI67;PARD3B;ERVK13-1;FAT1;STK33;SOX5;NOTCH2;CENPE;GAB1;RBMS2;SLC7A11;CFAP44;NLGN4X;BUB1B;HEATR5A;CSPP1;MCC;TCF4;PRKD3;SGO2;MAML2;ARAP2;CDH13;EGR1;UBL3;EGFR;LIFR;PTCH1;SERINC5;SOX9;GJA1;BCLAF3;ADAMTS6;PDE1C;LRRC37A3;KCNN3;SLC4A4;SNCAIP;SEL1L3;TPX2;TSPAN18;NADK2;FAT3;DPF3;ACSL6;NES;XYLT1;KIF23;AK4;OBSL1;DEPDC1;BARD1;CEP126;EDNRB;LIMCH1;NCKAP5;TRIL;GNG12;PDLIM5;RACGAP1;SALL1;ABAT;NDNF;GOLGA8A;STON2;ESCO2;KIF11;KIF15;CREB5;KLF9;LAMA5;CA12;COL4A5;EPHA3;AKAP7;ZBTB2;IQGAP2;DNAH6;SPRED1;RASSF2;VSTM4;DNAH7;VCAM1;NFATC2;ARHGEF6;FASN;ANOS1;DSC3;DDAH1",1.341300620998722,0.004228150914143942,,
"DURANTE_ADULT_OLFACTORY_NEUROEPITHELIUM_RESPIRATORY_SECRETORY_CELLS",20,-0.30992635859418693,-0.9349822854237251,0.566358024691358,0.802156891002546,"KRT7;CLDN4;ANXA1;ODAM;ZG16B",-1.1414406223085969,0.47916524639690855,,
"HE_LIM_SUN_FETAL_LUNG_C3_VENOUS_ENDOTHELIAL_CELL",79,-0.24030680297625442,-0.9484154433614661,0.5702917771883289,0.8048862932151508,"DUSP23;LTC4S;LFNG;PTGDS;S1PR4;HLA-DRB1;ASS1;PLAC9;EVA1C;ACKR1;WFDC1;IL11RA;PTGIS;HAS2;SRGN;TMEM273;MGP;ITGB4;CPE;CD82;PLVAP;APOL1;FBLN2;ACKR3;HSPA2;MMP28;DNM3;ATP2A3;FAM124A",-0.731215590468486,1,,
"DESCARTES_FETAL_MUSCLE_SMOOTH_MUSCLE_CELLS",66,-0.242761831542659,-0.9364163385121175,0.5706521739130435,0.8048862932151508,"ACTG2;FOXS1;NDUFA4L2;TAGLN;RBPMS2;COX4I2;ACTA2;OR51E2;LINC00702;RASL12;MYH11;AOC3;FAM162B;CARMN;TMEM74B;B4GALNT1;ANO1",1.1542649199488362,0.3378582202111614,,
"HE_LIM_SUN_FETAL_LUNG_C2_ADC_1_CELL",156,-0.22107878752766372,-0.9582760008392359,0.5716019417475728,0.8048862932151508,"HDHD3;TRADD;CCDC28B;COMTD1;HLA-F;MAP1LC3A;TNIP2;TSPAN15;DHX58;LRRC61;SNX11;ZNF296;TUBB6;IL15;LAD1;HOPX;CHST7;VAC14;IL4I1;IL32;ISG20;TMEM176B;TMEM176A;SOCS1;POLD1;RNF19B;TRIP10;HLA-DQB2;CXCL10;TRAF1;ARHGAP22;RASGRF1;PHLDA2;EBI3;CYB5A;TSPAN33;NMRK1",-0.9341469323855165,0.8515911010982821,,
"DESCARTES_FETAL_ADRENAL_CSH1_CSH2_POSITIVE_CELLS",128,-0.22580691189028398,-0.9540132804092528,0.5788819875776398,0.8135638744334397,"YIPF2;KRT7;SERINC2;ASS1;ADRB1;TRAPPC14;S100P;AP1M2;TNFRSF12A;LYPD5;SDC1;HSD11B2;MYL5;HOPX;HSPB8;GOLT1A;CLDN7;CLDN4;NDOR1;KRT18;SPINT1;ANXA1;CNKSR1;EFHD1;KRT8;PGF;RPS12P26;PHLDA2;LINC00663;MMP11;SLC52A1;SPIRE2;ITGB4;PRKCZ;KMO;MAP3K2-DT;DEPP1;RDH13;GPX3;EPS8L1;ALDH4A1",-1.0527191802463172,0.591503371761891,,
"DESCARTES_FETAL_HEART_ENDOCARDIAL_CELLS",22,0.2734182460384255,0.9108819491377678,0.5819209039548022,0.816258994372054,"ITGA8;HAPLN1;HMCN1;INHBA;SALL1;CA12;CGNL1;SLCO2A1;CDH11;MPZL2;SLC6A4;LEPR",1.068136103097799,0.5930868603794079,,
"HE_LIM_SUN_FETAL_LUNG_C7_TM4SF4_POS_CHODL_POS_NEURON_CELL",39,-0.26315609211254004,-0.9242888625796121,0.5836849507735584,0.8170727740004554,"NDUFA4L2;FBP1;STX1A;ST7;FNDC5;ST6GAL2;TLE6;CPT1C;YPEL4;TM4SF4;SYNPO2;EPS8L1;RPS6KL1;POU2F2;HID1",-0.5035763291274599,1,,
"DESCARTES_MAIN_FETAL_ASTROCYTES",20,0.2842161759450523,0.9103484364998299,0.5847457627118644,0.8170727740004554,"WIPF2;PTCH1;SNCAIP;ST8SIA1;WNT3;CACHD1;RFTN2;GPM6B;PHYHIPL",1.3037954908040117,0.2594698539528869,,
"DESCARTES_FETAL_LIVER_ERYTHROBLASTS",37,-0.2695585381895669,-0.9262003919333971,0.5863570391872278,0.8177546446902334,"TSPAN17;PIGQ;UBAC1;UROS;ALAD;FKBPL;KCNH2;SLC22A4;ACKR1",-0.9432387638960189,0.8035584539864253,,
"BUSSLINGER_GASTRIC_OXYNTIC_ENTEROCHROMAFFIN_LIKE_CELLS",70,-0.2385378593210155,-0.9287476713374779,0.5941644562334217,0.8270587459616272,"NICOL1;SSR4;VGF;CAVIN3;AZGP1;IFI6;FKBP2;CDHR3;QDPR;SERPINB6;SCG5;BEX3;SEZ6L2;PCSK1N;PTPRN;VAMP2;ALDH1A1;DEPP1;SMOC2;LEFTY1;CPE;DNASE1;GPX3;CALM1;WFDC2;PDZRN3;UCP2;MS4A8;CPLX2;KLK11;SEC11C;SERPINA1",-0.7415913071472942,1,,
"BUSSLINGER_DUODENAL_K_CELLS",19,-0.31319936861732384,-0.9183338924914362,0.5968503937007874,0.8277879977403422,"STX1A;CACNA1A;ZMIZ2;SCG5;SLC29A4;DEPP1;ORC5;PLPP5;PRRG4;GOLGA7",-1.0507010811272401,0.6207109737248842,,
"HE_LIM_SUN_FETAL_LUNG_C0_MYL4_POS_SMC_CELL",114,-0.224894219355631,-0.9403320071153627,0.5982587064676617,0.8277879977403422,"ACTG2;CNN1;ASB2;KCNMB1;RBM38;TNFRSF12A;PAQR4;OCIAD2;PDLIM4;KREMEN2;LMOD1;ALDH1B1;SPSB1;RAMP1;JPH2;FBXL22;SBSPON;SLC25A4;TSPAN2;MYH11;WFDC1;HES6;NHSL3;KRT8;TYRP1;SPEG;IGFBP2;CARMN;TMEM59L;CRTC1;COL23A1;NFATC1;CLSTN2;SMOC2;SYNPO2;FHL2;LIMS2;PRKAG2",0.823266891048413,1,,
"CUI_DEVELOPING_HEART_5TH_WEEK_VENTRICULAR_CARDIOMYOCYTE",66,-0.2395020237100652,-0.9238421323634288,0.5991847826086957,0.8277879977403422,"DES;CNN1;SHISA5;PDLIM3;MARCHF3;TUBB6;ACTA1;PDLIM4;DESI1;RHOD;HAND2;SMCO4;CIMAP3;FEZ1;BAIAP2L1;NR2F1;FAM78A;PPP2R2B;DUSP2;HEY1;CPE;GPX3;CALB2",-0.5398014402213893,1,,
"DESCARTES_FETAL_KIDNEY_MEGAKARYOCYTES",97,-0.22889862564930052,-0.9323926556791313,0.5992366412213741,0.8277879977403422,"SLC39A3;ZNF32;CDK9;EXOSC5;ASB2;NRGN;YTHDF3-DT;TTC4;MAST1;INTS5;RBPMS2;SRPRB;INPP5E;XYLT2;EEF2KMT;TNNI3;EXOC3L4;EGF;ZNF425;MTURN;ZG16B;TCEAL1;PIP5K1C;H2BC4;RBM15-AS1;PRKAR1B-AS1;NT5M;CLDN2;LEFTY1;RUFY1;ALOX12;KCNH6;RPS6KL1;PF4;CENPS;RAB3C;ADAM32",-0.9305767704524652,0.8346122825210278,,
"HE_LIM_SUN_FETAL_LUNG_C0_VASCULAR_SMC_1_CELL",120,-0.22364206637043338,-0.939771812473497,0.6017262638717632,0.8296528789747039,"SGCA;HES4;NRGN;CRIP1;FOXS1;TINAGL1;TPPP3;PDLIM3;PDGFA;ABTB1;LMOD1;FGF13;COX4I2;MRGPRF;SPON2;GAS6;GJA4;DGKZ;MYH11;REM1;NEURL1B;KRT18;WFDC1;NTRK3;BCAR3;ARID5A;DBNDD2;SH2D3C;CAV2;MEGF6;KCNJ8;PRELP;ITGA7;GPX3;MAP3K7CL;ARHGDIB;GRP;HRH2;HIGD1B;ESAM",0.8114703115993623,1,,
"TRAVAGLINI_LUNG_ARTERY_CELL",129,-0.2235497574348954,-0.9434890002923823,0.6029776674937966,0.8298066955302154,"PPP1R14A;CLIC3;TMEM120A;NPDC1;HES4;ADAM15;PLA2G5;PLAC9;SLC15A3;OCIAD2;IFI6;IFI44L;SRP14;F8;PIR;MT1E;TSPAN2;KAZALD1;KCNMB4;PCSK5;STMN1;IGFBP3;TOX2;IL11RA;SOX17;PTGIS;SRGN;RASGEF1B;FBLIM1;LTBP4;IFITM1;GATA6;PLTP;MGP;ITGB4;IL33;FAM107A;HEY1",0.7839571081496877,1,,
"DESCARTES_FETAL_HEART_VISCERAL_NEURONS",44,-0.2587038461068515,-0.9223582381457512,0.6120689655172413,0.8407286922576447,"CAMK2N2;VGF;STAC;PCBP3;KCNK12;PIANP;CHRM1;CHRNA3;ISL1;ASTN2;TMEM130;ACHE;PLPP4;RAB3C;KCNK3;TH;RGS9;ELAVL2;MAB21L2;TMEM255A",-0.7539855523223339,1,,
"DESCARTES_FETAL_EYE_RETINAL_PIGMENT_CELLS",45,0.22360688247345256,0.9119529546384144,0.6180555555555556,0.8473530027202345,"FAM83B;DCDC2;PRKCQ;ITGAV;SLC6A12;TMEM72;ATP6V1C2;COL8A1;STRIP2;SLC38A11;GEM;TRPC4;CRISPLD1;SLC16A8;PFKFB2;RASSF6;BMP6;PRDM16;PCAT1;ADRA2C;MYRF;SLC6A20",0.952846298856077,0.7889196675900276,,
"DESCARTES_FETAL_PLACENTA_TROPHOBLAST_GIANT_CELLS",38,-0.2609789513068556,-0.9039434051543961,0.6237482117310443,0.8535501844740607,"TMEM54;MISP3;LYPD5;SDC1;HSD11B2;HOPX;HSPB8",-0.614596556857755,1,,
"HE_LIM_SUN_FETAL_LUNG_C2_DC1_CELL",307,0.17489322140285066,0.947777353406836,0.625,0.853658536585366,"MYO9A;PLEKHM3;DST;SLC38A1;CRYBG3;MAP4K5;DOP1A;FAM135A;FMNL2;PLEKHA5;LACC1;FAM98B;PAWR;OXSR1;TRERF1;PIK3CB;AHI1;NBPF12;FARP2;EPB41;MAP2K6;SEPTIN11;NAV1;MAP3K4;DIPK2A;STX3;REPS1;FLNB;FNIP2;GCSAM;CCND1;USP1;KIAA1958;HPS5;ERICH5;GOLGA8B;LIMA1;HACD2;LRRK2;ROBO1;KIF16B;ZEB1;CCSER1;RAB3IP;LONRF1;INPP5F;FAR2;CALCRL;SEL1L3;TSPOAP1-AS1;RUBCNL;PARM1;RAB11FIP4;NAE1;MCOLN2;NID1;ZNF366;FRY;PDP1;NET1;RAB30;NCKAP5;LRRCC1;NAPSA;LY75;CLCN4",0.9028898002392316,1,,
"DESCARTES_FETAL_LIVER_HEPATOBLASTS",289,-0.2041664965621872,-0.9417229433394163,0.6280898876404495,0.8562723561839836,"TMEM54;F12;PRAP1;ASS1;APOC1;APOE;MT2A;GPT;MT1F;SNORC;LINC02609;MT1X;FBP1;SDC1;LAD1;AZGP1;SLC16A11;TMEM82;FGFR4;PDCD1;TDO2;C4BPB;TM7SF2;LINC01816;KIF12;ANG;MT1M;AMN;CDHR3;MT1E;MT1H;ATF5;MT1G;AKR1C2;MLXIPL;FOXA2;C1orf210;PEBP1;LINC01843;SYNE4;SOWAHA;EFHD1;RAB26;APOM;BDH1;IL17RB;SLC29A4;ADM2;PLEKHG6;RNASE4;AKR1C3;VMA12;PHYH;GLUD1;DBI;ANPEP;DGAT2;GJB1;PPP2R2B;PPP1R1C;LINC02532;NGEF;SLCO1B3;HSD17B2;ALDH1A1;TM4SF4;PROX1-AS1;UGT2B7;SLC47A1;ETV4;ALDH4A1;CREB3L3;DHCR7;MOGAT3;HAL;CAPN12;SLC38A4;KLF15;CNGA1;CAMSAP3;TJP3;CDHR5;PROZ;CFB;TMEM139;SLC26A1;SUGCT;TCEA3;RBP4;FOXP2;REEP6;AGXT;SLC25A18;ALDOC;CYP4F3;CHDH;GLTPD2;PSAT1;MTTP;MGC32805;NPC1L1;NR1I3;LINC00482;VSNL1;SERPINA1",-1.058285759640205,0.5593607305936074,,
"DESCARTES_FETAL_LUNG_BRONCHIOLAR_AND_ALVEOLAR_EPITHELIAL_CELLS",33,-0.26578683367496847,-0.8933619212405061,0.6334776334776335,0.8620032096667612,"RNF220;RBBP8NL;LINC01426;KIF12;AGER;ODAM;CRLF1;SP5;SUSD2;CLDN2;UGT2B7;ACOXL;TPD52L1;KCNJ15",-1.1759693009282983,0.4061993151919265,,
"CUI_DEVELOPING_HEART_TRABECULAR_VENTRICULAR_CARDIOMYOCYTE",97,-0.22149189587761925,-0.902222179896999,0.6501272264631043,0.883008621017052,"H2AC25;SDF2L1;COX6A1;EBP;CD320;NOP16;TRAPPC3;SIGMAR1;TNFRSF12A;LRPAP1;RGS3;HSPB8;SPINT2",-0.9359081278442591,0.833884739133895,,
"ZHENG_CORD_BLOOD_C6_HSC_MULTIPOTENT_PROGENITOR",93,-0.22557598149977362,-0.9087876069130477,0.65234375,0.8843691806331471,"CD74;CEBPB;HLA-DRB1;HLA-DPB1;HLA-DMB;HLA-DRA;SPP1;HLA-E;TUBA4A;PIM3;HLA-DQB1;SELENOK;TPM2;ARPC5L",-0.6415913283979673,1,,
"DESCARTES_MAIN_FETAL_MICROGLIA",135,0.18484347236134116,0.9344241452149258,0.654639175257732,0.8845930794509955,"DIP2B;RABEP1;SORL1;MEF2A;ITPR2;B3GNT5;MGAT4A;SNX30;MAML2;EGR3;LRCH1;TIGAR;RTTN;TBC1D12;EEIG2;FAR2;STX7;APPL2;RUBCNL;ARHGAP12;LRRK1;SOCS6;PTPRJ;SRGAP2B;LHFPL2;DOCK4;TGFBR1;MAP4K4;ABR;MIOS;LRRC8C;PANX1;DOCK8;PALD1;SFMBT2;ARHGAP27P1-BPTFP1-KPNA2P3;ST8SIA4;TMEM144",1.3605643077481997,0.03262908699242865,,
"HE_LIM_SUN_FETAL_LUNG_C1_CLUB_CELL",62,-0.23512843595380575,-0.8950723613834926,0.6549391069012178,0.8845930794509955,"SMIM22;KRT7;CAPS;S100P;HLA-B;NDUFA4L2;CTSW;ISG20;SULT2B1;SLPI;ANXA1;HS3ST1;CCNO;SPINK1;IFITM1;AGR3",-0.8034198035884663,0.9990381426202322,,
"HE_LIM_SUN_FETAL_LUNG_C3_OMD_POS_ENDOTHELIAL_CELL",338,-0.20038715776273214,-0.9300583432839928,0.6585365853658537,0.8849073574383882,"DPP7;SELENOM;TP53I13;RRAS;PTGDS;CLIC3;TMEM120A;P4HTM;HEXA;DNASE2;METRNL;S1PR4;KCNMB1;CRIP1;HLA-DRB1;ROM1;ASS1;CAPG;NSUN5;CLDN15;ERBB2;RCN3;ENTPD2;CPLX1;FGGY;TNFRSF12A;TAGLN;PLAC9;BST1;PDLIM3;TMEM231;GCHFR;IFI6;HMCN2;NNMT;HAPLN3;KCNN4;AIG1;IFI44L;RTN4RL2;NPIPA1;EVA1C;RGMB;IFNAR2;P3H3;COPZ2;SLC22A17;TSPAN2;LOXL1;KAZALD1;HTRA3;PCSK5;IL18BP;THBS3;FADS3;IGFBP3;CERCAM;LINC01133;IL11RA;MLLT1;S100B;PTGIS;HAS2;PXDC1;SPEG;CPXM2;TNFRSF1B;CASP1;LTBP4;FGFRL1;ARID5A;CDIP1;NPLOC4;MRAP2;IFITM1;KLHL13;GATA6;SEZ6L2;MGP;FOXC1;SH3RF2;COL23A1;HOXA3;FAM107A;BMP4;C1R;CD58;CDA;MFAP4;ABCA2;ALDH1A1;CSF1;ITGB5;CPE;CPAMD8;FZD8;PLK3;LOX",0.8275210910286197,1,,
"HE_LIM_SUN_FETAL_LUNG_C7_TM4SF4_POS_PENK_POS_NEURON_CELL",83,-0.2263839684845882,-0.9011219086770926,0.6591809775429326,0.8849073574383882,"PRSS3;FAM241B;GCHFR;SPINT2;EFNA3;ST7;BBC3;PIANP;AKR1C2;TOX2;CELF5;VSTM2L;CHST1;CASTOR2;SH2D3C;AKR1C1;B3GNT4;YPEL4;ISL1;TM4SF4;GNB5;GATA3;PPP2R5B;SYNPO2;TMEM130;TMOD1;EPS8L1;BAIAP2;POU2F2;ISLR2;PLPP4;MAPT",-0.45284868483554214,1,,
"HAY_BONE_MARROW_CD8_T_CELL",66,-0.23112958237425255,-0.8915467306922995,0.6603260869565217,0.8849073574383882,"GUK1;PPDPF;MFSD10;HLA-B;MT1F;ZNF683;CCL5;IL32;MSC;UBC;LAG3;LINC01871;GZMH;TMA7;RASAL3;KIF19;DUSP2;TPRG1;CD8A;SRSF7",-0.7322712597819555,1,,
"BUSSLINGER_DUODENAL_TUFT_CELLS",75,-0.23002518809304998,-0.9000275364090211,0.660427807486631,0.8849073574383882,"SIGIRR;RASSF7;GABRP;CRIP1;MT2A;MARCKSL1;ALOX5AP;AZGP1;IFI6;FGFR4;TMEM176B;TMEM176A;MT1G;KRT18;HCK;KRT8;PTPN18;GNAI2;IL17RB;PBXIP1;TAMALIN;TMEM74B;ALOX5;BRD4",-0.8389270797886672,0.9575987640697419,,
"JONES_OVARY_T_CELL",87,-0.22777243093622107,-0.9083977533804835,0.6622340425531915,0.8849073574383882,"NBL1;CRIP2;HLA-C;HLA-F;CRIP1;SNHG32;TINAGL1;HLA-E;HLA-B;EPB41L4A-AS1;SOX18;MDK;ISLR;ISYNA1;MFGE8;MXRA8;PTP4A3;TBX2;IGFBP2;LTBP4;EFNA1;B2M;C1R;MFAP4;SCD5;CLSTN2;SMOC2;CALM1;LBH",-0.7017317161683979,1,,
"HE_LIM_SUN_FETAL_LUNG_C1_MUC5AC_POS_ASCL1_POS_PROGENITOR_CELL",45,-0.24895700886213304,-0.89728495247721,0.6624649859943977,0.8849073574383882,"LFNG;G0S2;SULT2B1;ABCG1;SAXO5;HES6;CPXM2;RASAL1;KIF19;MFNG;SMOC2;IGFALS;DRAIC;USHBP1;ACKR3;SARDH;ESPN;CDH2;PCP4;RASD1;CRACDL;MUC5AC;DLL1;PLLP;RNF186;RPRM;MAB21L4",-0.9664193308161387,0.7833572453371593,,
"DESCARTES_FETAL_THYMUS_STROMAL_CELLS",133,-0.21441524747074148,-0.9107866501807117,0.6637824474660075,0.8850432632880099,"PSENEN;TIMP1;TSPAN17;S100A6;DHRS1;CLEC11A;METRNL;TSSC4;HSPB6;SLC39A13;RCN3;PLAC9;PTPMT1;ADAM33;LGALS3BP;ISLR;MFGE8;CDK2AP1;CHPF;HTRA3;CERCAM;IL11RA;PCOLCE;ADAMTS15;PLAT;FLNC;LTBP4;MGP;ZNF503;BGN;C1R;MFAP4;NOVA1;SRPX;LOX",1.010245180494036,0.6308300395256917,,
"DESCARTES_FETAL_STOMACH_LYMPHATIC_ENDOTHELIAL_CELLS",19,-0.29464929314648547,-0.8639430963402506,0.6708661417322834,0.8913686774683284,"RTN4RL1;AKR1C2;EFCC1;CTSL;NFATC1;TNFAIP8L3;PARD6G;RADIL;SULF2",-0.6217268496460943,1,,
"AIZARANI_LIVER_C21_STELLATE_CELLS_1",190,-0.20704558742107343,-0.9153357716829337,0.6709753231492362,0.8913686774683284,"SOD3;HSPB1;LGALS1;TIMP1;CEBPB;RRAS;PTGDS;MYL9;DYNLL1;HLA-DRB1;IGFBP7;CD63;CAVIN3;LMNA;IFITM3;CSRP1;IFITM2;INMT;CD81;TMEM204;COLEC11;CEBPD;LGALS3BP;FHL1;ACTA2;MT1M;COL6A2;IGFBP4;IGFBP3;PCOLCE;THY1;NR2F1;CPXM2;LTBP4;GGT5;RBPMS;C11orf96;JUNB;MGP;ENG;CITED2;BGN;C1R;MFAP4;ALDH1A1;DEPP1;PRELP;CAV1;ITGB5;MASP1;SRPX;SYNPO2;GPX3;MKNK2;RGS2;FBLN2;CLDN11;NR2F2;DPT;VIM;NFIX",1.0741170978577919,0.47916524639690855,,
"GAO_LARGE_INTESTINE_24W_C2_MKI67POS_PROGENITOR",111,0.18862518132389236,0.911719426360103,0.6763285024154589,0.896843624332339,"KDR;FLT1;TOP2A;CENPF;ADGRF5;MKI67;KIF20B;ANLN;HEG1;ASPM;CD93;APOLD1;TAL1;PTPRB;FZD4;MYCT1;ERG;HMCN1;CALCRL;TPX2;SHE;HIP1;NCAPD3;SEC14L1;EMCN;PODXL;DLGAP5;LRRC8C;CD34;LDB2;CYYR1",1.1865412739966523,0.2393299908954877,,
"DESCARTES_FETAL_ADRENAL_MEGAKARYOCYTES",72,-0.22691083098218642,-0.8856233909689771,0.6790945406125166,0.8984392014519057,"ZYX;NRGN;KCNMB1;PDLIM1;TMEM91;RBPMS2;FERMT3;P2RX1;ITGB1BP2;XYLT2;EXOC3L4;WFDC1;EGF;DNAAF3;LY6G6F-LY6G6D;LEFTY1;CFAP45;RUFY1;ALOX12;PF4;HYAL3;MYOM1;ACTN1;SLC37A1;CXCL3;SERPINB1;LINC02701;PTGS1;PLEK;RSU1;ACRBP",-0.8598619078384908,0.9404554467343628,,
"DESCARTES_MAIN_FETAL_ENDOCARDIAL_CELLS",74,-0.22744890230238865,-0.8901300051489384,0.68,0.8984392014519057,"LTC4S;NBL1;HYAL2;NPDC1;TNFSF12;NUCB1;CCL26;ACKR4;RAMP2;ECSCR;F8;TLNRD1;GJA4;CLEC3B;HRCT1;THBS3;HS3ST1",-0.710125337312257,1,,
"HE_LIM_SUN_FETAL_LUNG_C0_MESENCHYMAL_1_CELL",269,-0.19861011289404773,-0.9131121924475415,0.6884875846501128,0.9080053652631923,"SIGIRR;DHRS3;CD74;CCNQ;PSD;TSTD1;ROGDI;ACTR1B;NPDC1;CDC34;ACTG2;CTXN1;CNN1;DEAF1;TRIOBP;NR2F6;BST2;SYNGR2;ZFAND2A;DEDD2;TRAF4;RAB33A;ZNF703;RBPMS2;OCIAD2;RAC2;PDLIM4;NTF3;ZNF362;HSD17B14;RHOD;LMOD1;COLEC11;GPSM3;IRF1;SPSB1;TM7SF2;SYNM;RAMP1;MSC;MSRA;MID1IP1;PDXP;RGMB;TRPM4;TSPAN2;SLC2A8;HAND2;NEURL1B;CFAP68;SLC25A33;KRT18;AKR1C2;SCG5;AIF1;TWIST2;KRT8;PTGIS;PDXK;FLNC;H2BC12;SMYD3;IGFBP2;CARMN;EFNA1;ANO1;PODXL2;CACNB3;CUEDC1;AKR1C1;COL23A1",-0.8030353234097676,1,,
"SU_HO_CONV_CENT_CHONDROSARCOMA_LEUKOCYTE_C0_M1_MACROPHAGE",257,-0.1984455280951229,-0.9080659618976001,0.6902050113895216,0.9084346482404734,"CD74;HLA-DMA;CEBPB;PLD3;CD14;RNF130;ATP6V0D1;HLA-DRB1;LST1;HLA-DPB1;HLA-DMB;HLA-DRA;CCL3;TREM2;C1QA;C1QC;DDAH2;PIM3;HLA-DQB1;TYMP;CTSZ;TTYH3;JPT1;C1QB;CD81;CTSB;CFL1;SDS;FOLR2;G0S2;MGST2;HLA-DPA1;CEBPD;AP1B1;CCL4L2;NFKBID;CCL4;TMEM176B;RALGDS;GAS6;LY86;HLA-DQA1;SLC40A1;RAC1;BCL2A1;VSIG4;CTSL;SRGN;RASGEF1B;FCGR1A;MAFB;GPR84;LAIR1;C5AR1;MT-CO3;FCGRT;PSAP;AP2A2;HSPA6;STAB1;CSF1R;IFNGR2;GADD45B;OSM;KYNU;MSR1;MS4A4A;C2;YWHAH;MS4A6A;SAT1;CXCL8;OAZ2;FCGR2A;PLAUR;DNAJB6;PLAU;PNRC1;STX11;RNF149;ITM2B;LGMN;RILPL2",-0.6419707218507855,1,,
"DESCARTES_FETAL_PANCREAS_VASCULAR_ENDOTHELIAL_CELLS",52,-0.23352006108579892,-0.8665325781784564,0.6916666666666667,0.9084346482404734,"IFI27;CD320;EXOC3L1;AQP7;FAM167B;TMEM88;CRYBB3;CLEC3B;JAG2;SOX17;FCN3;SEMA6B;ADM5;PRND;ALPL;BHLHE40-AS1;SPAAR;PLVAP;ESAM;FAM124B;CIMAP1D;BTNL9;VSIG2;APLN;CLEC14A",-0.7716222731660811,1,,
"DESCARTES_FETAL_EYE_GANGLION_CELLS",17,-0.29543511480429446,-0.8425087228293152,0.6925566343042071,0.9084346482404734,"LRRC73;TUBBP5;B4GALNT1;TMEM163;NRN1;ISLR2;EOMES;GAP43;IL1RL2",-0.4801080049421673,1,,
"DESCARTES_MAIN_FETAL_THYMOCYTES",76,0.19380650563387872,0.8937750557679501,0.6944444444444444,0.9092725819344525,"SSH2;CHD1;NFATC3;CEP128;LINC00954;PXYLP1;TCF12;CEP85L;TNIP3;CAMK4;SATB1;TBC1D19;PDE7A;KCNA3;IKZF2;WAKMAR2;TFDP2",0.9723953574900343,0.7768376520359598,,
"DESCARTES_FETAL_PANCREAS_ENS_NEURONS",73,-0.2263939554559399,-0.8828593903735036,0.6970509383378016,0.9105485232067511,"RPL24P4;TUBA1A;PCDHB2;FTH1P16;SPIN2B;UCHL1;FGF13;ARHGDIG;PCBP3;RGMB;HCN1;TMEM59L;BUB3;GPRIN1;CHRNA3;FAM131B;OLFM1;ASTN2;CHD5;ISLR2;GRP;GRIN1;DOC2A;VIP;GAP43;TTBK1;DPYSL3;CNTNAP2;TUBB3;DLX6;STMN2;APC2;TUBB2A;DLX3;CACNA1E;ATP1A3",-0.5702573922370913,1,,
"GAUTAM_EYE_CHOROID_SCLERA_ACTIVATED_T_CELLS",117,-0.21152263328981344,-0.8861855439807945,0.699501246882793,0.9105485232067511,"NUBP2;RPL8;ZFAND2B;SPATA2L;MXD4;BCL7B;SNAI3;CCM2;TOMM5;MTFP1;RPL37A;AQP3;MAEA;INO80E;PTPN6;RANBP3;FERMT3;ABTB1;CSF2;SAP30;DBP",-0.8282002120084011,0.9990381426202322,,
"DESCARTES_FETAL_MUSCLE_VASCULAR_ENDOTHELIAL_CELLS",58,0.20534301075364428,0.8881592826971623,0.700374531835206,0.9105485232067511,"FLT1;RAPGEF5;KITLG;SELE;CD93;CLIC5;PTPRM;PTPRR;ADGRL4;NOS2;PRSS51;ESM1",0.70101631804328,1,,
"MURARO_PANCREAS_EPSILON_CELL",39,-0.24403282866082748,-0.8571218086736943,0.70042194092827,0.9105485232067511,"CDKN2A;KCNH2;PHGR1;SPON2;DIRAS3;SERPINB6;SPINK1;DEFB1;VSTM2L;TM4SF4;TM4SF5;GHRL;CLU;TMEM45B;SERPINA1;HEPACAM2;SUCNR1",-0.6172498889127996,1,,
"MENON_FETAL_KIDNEY_6_COLLECTING_DUCT_CELLS",88,-0.2206952929363359,-0.8840647888788876,0.7038007863695938,0.9133101113673159,"HSPB1;PPDPF;TSTD1;S100A6;COA3;MGST3;S100A11;LRPAP1;GSTP1;ANXA2;SPINT2;GSTM3;S100A10;CLDN4;TMSB4XP8;TMSB4X;KRT18;HOXB7;KRT8;CYB5A;B2M;ADH1C;ENO1;PAX8;ALDH1A1;ARPC2;MYL12A;GATA3;ID1;CTSH;CALM1;EIF1;WFDC2;SAT1",-0.8706566494598739,0.9387372484146679,,
"DESCARTES_FETAL_SPLEEN_ERYTHROBLASTS",40,-0.24181005892211405,-0.8537973288149415,0.7072135785007072,0.913809182987399,"TYMSOS;ATP13A3-DT;KCNH2;HMBS;SLC22A4;C16orf95;PCLAF;DHRS13;TSPO2;SLC6A9;SLC38A5;ERMAP;ACHE;PLPP4;E2F2",-1.174966439339774,0.4059863724853991,,
"HE_LIM_SUN_FETAL_LUNG_C0_VASCULAR_SMC_2_CELL",159,-0.2028585755251579,-0.8836999305406159,0.7073760580411125,0.913809182987399,"SGCA;ACTG2;CTXN1;HES4;HSPB7;NRGN;CRIP1;EXD3;NOL3;FOXS1;TINAGL1;SYNGR2;NDUFA4L2;PDGFA;ATP1A2;NTF3;CHST7;LMOD1;FGF13;TMEM51;COX4I2;PLP2;DMPK;GJA4;DGKZ;TSPAN2;IL17RE;MYH11;WFDC1;ADGRE5;HS3ST1;NTRK3;LDB3;BCAR3;IGFBP2;ARID5A;HACD1;RASGRP2;DBNDD2;MYOM2",0.8288757839483547,1,,
"DESCARTES_FETAL_MUSCLE_SATELLITE_CELLS",23,-0.27048039332101503,-0.8377005154002518,0.7079510703363915,0.913809182987399,"GALNT14;FGFR4;MT1M;MAPK15;CHRDL2;AMH;NEU4",-0.9429050466572316,0.7940947940947941,,
"CUI_DEVELOPING_HEART_5TH_WEEK_ATRIAL_CARDIOMYOCYTE",38,-0.24437597843198702,-0.8464362852849917,0.709585121602289,0.914131336937057,"COX7A1;LGALS1;RGS3;RAMP2;TMSB4X;CMTM7;IRX3;CYB5A;DBI;MASP1;LBH;HNRNPL;ESAM;HEY2;HIGD1A;NFIA;S100A4;C7;ATP1A3;SCUBE3;FABP5;TM4SF1",-0.555044037004659,1,,
"TRAVAGLINI_LUNG_ALVEOLAR_EPITHELIAL_TYPE_2_CELL",118,-0.21041959259742066,-0.8819313088943909,0.7118012422360248,0.914131336937057,"DCXR;BLVRB;NPC2;CD74;NRGN;HLA-DRB1;AGPAT2;FTL;FBP1;HMOX1;CDC42EP1;NNMT;PPP1R1B;QDPR;SMAGP;B3GNT8;RASGRF1;ZDHHC3;KMT2E-AS1;C11orf96;TMEM163;DBI;SELENBP1;CACNA2D2;ALPL;CD44;KCNJ8;S100A14;CTSH;PLIN2;CAT;TMEM243;AQP1;LGMN;ESAM;MUC1;TPD52L1;KCNJ15;TIFA;C1orf21;CXCL3;SERPINA1;CSF3R;CD36;SERPINB1;AK1;NFKBIA;CHI3L1;MSMO1",-0.8783058130466774,0.9387372484146679,,
"FAN_EMBRYONIC_CTX_BRAIN_ENDOTHELIAL_1",434,-0.1939525529805929,-0.916147165385884,0.7124324324324325,0.914131336937057,"C12orf57;ABHD17A;IFI27;COX7A1;CLTB;HYAL2;TIMP1;VAMP5;CD151;CRIP2;ARL2;IFI35;MICALL2;NPDC1;PCBD1;EGFL7;TAGLN2;S100A13;BSG;DNPEP;CD320;ISG15;DGAT1;RHOC;ADAM15;CARHSP1;CYB5R3;CLIC1;SLC52A2;DEGS2;RRAGA;IGFBP7;BST2;CAVIN3;MT2A;LY6E;MOB2;MT1F;NHERF2;IFITM3;CSRP1;SMTN;DNAJC1;MT1X;PDLIM2;SOX18;TUBB6;HPCAL1;VWA1;CDC42EP1;OCIAD2;PFKL;RGS3;LSR;CHST12;IFI6;MGST2;HOPX;IFI44;SORBS3;TMEM204;HAPLN3;IFI44L;IL32;CLDN5;C1orf54;RAMP2;ECSCR;MDK;TMEM88;ID3;S100A16;S100A10;FXYD5;IFNAR2;NIBAN2;DPEP1;PRXL2B;MT1E;COL6A2;ACE;IGFBP4;PTP4A3;CLEC3B;KANK3;PELO;ANXA1;SMAGP;SOX17;SAMM50;PPIC;EMP2;PDXK;PIK3R6;IGFBP2;BEX3;MMP25;TCN2;RGCC;CYB5A;IFITM1;GGT5;EFNA1;PPA1;NQO1;ENG;APCDD1;SERPINH1;FOXC1;LMCD1;SH2D3C;CETP;WFS1;CAV2;RUNDC3B;FKBP1A;MYLK2;MEGF6;FHL3;PARP12;HEY1;SLC1A4;CDA",-0.8240537924623389,1,,
"HE_LIM_SUN_FETAL_LUNG_C0_MESENCHYMAL_3_CELL",151,-0.20634379332205793,-0.8897601944767292,0.7144607843137255,0.914131336937057,"NUDT14;TMEM54;SIGIRR;DHRS3;CD74;SYCE1L;CDC34;SERINC2;ASS1;B3GALT6;BST2;OCIAD2;RAC2;PDLIM4;SPINT2;RHOD;UCHL1;ZNF579;SPSB1;P3H3;IER5L;ADAMTSL1;CFAP68;MEIS3;KRT18;AKR1C2;CFI;GRAMD1A;ADAMTS10;KRT8;TMEM132A;PTGIS;PDXK;FLNC;IGFBP2",1.0414672189150311,0.5476940303730142,,
"DESCARTES_FETAL_MUSCLE_STROMAL_CELLS",63,-0.226171760098078,-0.8663016910349903,0.7144790257104194,0.914131336937057,"C1QTNF12;DNASE1L2;IGFBP6;ACKR4;SPON2;ISLR;LINC01133;PCOLCE;MGP;CILP;C1R;SMOC2;ANGPTL1;DPT;SHISA3;ARSJ;PI16;SHISA6;FGF18;LINC02323;MRC2;PDGFRL;MFAP5;COL1A1;KDELR3;XPNPEP2;CBLN3;CNTFR;FGF19;DCN;OSR1;PHEX;SCARA5",0.7806395766070225,1,,
"GAO_SMALL_INTESTINE_24W_C9_ENTEROENDOCRINE_CELL",38,-0.2437489922417464,-0.8442646157731294,0.7181688125894135,0.9153298526409814,"TOE1;METTL1;NTF3;ACBD4;MSC;ISLR;ACSM1;FAM162B;APCDD1;LOX;ARSI;POMGNT2;RPL23AP82;DPT;SHISA3",-0.7257448610485806,1,,
"HE_LIM_SUN_FETAL_LUNG_C4_CD4_T_CELL",31,-0.25622387594992596,-0.8465532907905773,0.7191679049034175,0.9153298526409814,"RAB25;ARMH1;LRRN3;TMEM204;CTSL;FHIT;SUSD3;FCGRT;SIT1;LIMS2;CD6;CD4;ACTN1",-0.7202522947917169,1,,
"DESCARTES_FETAL_INTESTINE_CHROMAFFIN_CELLS",52,-0.2295904450598684,-0.8519507889721327,0.7194444444444444,0.9153298526409814,"LCN15;MNX1-AS1;CACNA1A;CDHR3;FOXA2;RAB26;PCSK1N;KIF19;ST18;UBE2QL1;KCNH6;VWA5B2;DRAIC;GHRL;PDX1;MS4A8;SSTR5-AS1;HEPACAM2;SSTR5;BAIAP3;SSTR2;MAB21L4;REG4;PCSK1",-0.8613432427187024,0.9314782608695653,,
"DESCARTES_MAIN_FETAL_ADRENOCORTICAL_CELLS",50,-0.23036852760222706,-0.8500334124593611,0.7204450625869263,0.9153298526409814,"RHBDD2;SNCG;PPP2R1A;POR;SCAP;OSGIN1;FDXR;KLHDC8B;HSPE1;AQP11;SVIL-AS1;WHRN;SLC47A1;DHCR7;LIPE",-1.1279766458521305,0.4710642040457344,,
"DESCARTES_FETAL_LUNG_VISCERAL_NEURONS",87,0.18595738021596153,0.8865582822396733,0.728,0.9233170731707316,"MAP1B;TUBB2B;SYN2;SHISA9;CTNNA2;KIF5A;PTPRR;HECW1;CDH6;SATB2;PHACTR3;CDK5R1;CHL1;L1CAM;EPHA3;KRTAP5-AS1;LRRC7;B3GAT1;BHLHE22;TRIM9;DAB1;GPM6B;PCDHB15;PCDHGB2;FST;MLLT11;VAT1L;DLX6-AS1;BCAN;FAIM2;CSMD2;NGFR;DRAXIN;DLGAP1;KIAA1549L;SATB2-AS1;GAL;SCUBE1;NKAIN3;KCNQ3;FAM163A;DPF1;RIMS3;SLC44A5;RAB15;SYNGR3;GPR85;ATP1A3;CACNA1E;TUBB2A;TTYH1;TMEM132B;APC2;STMN2;TUBB3;EEF1A2;CADM4;PCDH19;PTPRO;FGF1;GAP43;ACAT2;VIP;FAM200C;KCNF1;ZNF382;MAPT;ACHE;SEPTIN3;TMOD1;TMEM130;ASTN2;KCNB1;RNF182;GLRA2;KCNK9;OLFM1;PPP2R2B;FAM131B;CHRNA3;HAND2-AS1;GPRIN1;B4GALNT1;CELF5;PDZD4;KLHDC8A",1.0508095522059826,0.5565749235474006,,
"DESCARTES_FETAL_HEART_SCHWANN_CELLS",34,-0.25255594202276976,-0.8513719438703193,0.7296511627906976,0.9238018200202225,"METRN;RHEBL1;ARTN;KCNJ10;TFAP2A;S100B;COL22A1;INSC;ALDH1A1",-0.9132980936215321,0.8455549974886992,,
"ZHONG_PFC_C2_THY1_POS_OPC",21,0.24669764298457825,0.8117033703738131,0.7327823691460055,0.9261554943373125,"CNTN1;APOD;LAMA4;LRRK2;EDNRB;COL9A1;GPR155;WAC-AS1;GRB14",0.9108844896723588,0.833884739133895,,
"DESCARTES_FETAL_STOMACH_PARIETAL_AND_CHIEF_CELLS",23,-0.2650324962365347,-0.8208279201652235,0.7370030581039755,0.9283045977011495,"CYB5R1;CBLIF;FAM162A;DHRS2;EPN3;AOC3;ODAM;MTCO3P12",-0.6070159888501896,1,,
"DESCARTES_FETAL_LUNG_STROMAL_CELLS",30,0.22972252294358056,0.8433897843367847,0.7388724035608308,0.9283045977011495,"ITGA8;FREM1;TRHDE;FGF7;PDGFRA;SLIT2",1.3421463151264275,0.1916947863231192,,
"DESCARTES_MAIN_FETAL_PHOTORECEPTOR_CELLS",41,0.21111647181217705,0.8435394642398452,0.7391304347826086,0.9283045977011495,"RALGPS2;RCBTB1;EPB41L2;FAM161A;PTPN13;ANKRD33B;GNAT2;SSX2IP;IMPG1",1.0175150082312308,0.6762208067940553,,
"DESCARTES_MAIN_FETAL_MESOTHELIAL_CELLS",16,0.2602451061941995,0.8011792949644014,0.7395833333333334,0.9283045977011495,"RPRD1B;PLCB1;MAP3K8;NFATC2;LAMC2;FENDRR;GLP2R;CA11;FGF9;ALOX15;RND1;KLK10;GFPT2;BDKRB1;MEGF6;PODN",0.7151600252546377,1,,
"CUI_DEVELOPING_HEART_CORONARY_VASCULAR_ENDOTHELIAL_CELL",39,0.21805065112157004,0.8499021096598744,0.7457044673539519,0.9343766819856747,"DST;UTRN;UACA;TCF4;COL4A1;APOD;COL15A1;ADGRL4;ARHGAP18;TCIM",1.4966929491709624,0.0728211871273672,,
"GAO_ESOPHAGUS_25W_C1_CILIATED_EPITHELIAL_CELLS",322,-0.1924293500336747,-0.8920204729381068,0.7472406181015453,0.9346927319208332,"ZNF688;CIMAP1B;SPMIP6;ANKRD54;ADAP1;SDF2L1;PSENEN;QTRT1;OSGEP;P4HTM;DPCD;ENDOG;KLHDC9;TRMT1;UBXN11;ARRDC1-AS1;SMPD2;RBM38;TP73;CCDC157;ZMYND12;SLC67A1;TSPAN15;LRWD1;TMEM234;LRRC61;RHPN1;CCDC74A;SSBP4;TMEM231;TFF3;CCDC24;WDR54;ALDH16A1;RITA1;B9D1;DALRD3;METTL27;KIF9;NPIPA1;PACRG;MB;DMPK;GJA4;WDR90;CDHR3;KATNB1;TSNAXIP1;FAM174A;KIF17;PPP1R36;WFDC3;ADGRE5;FBXO31;SLC25A29;C2orf81;SPATA17;MAPK15;MORN2;CCDC78;SPAG8;ALDH3B1;MLLT1;ODAD1;RIBC2;SLC12A7;IFT46;PFN2;CEBPA;VWA3B;ARHGAP39;TOGARAM2;RNASE4;C5AR1;SLC13A3;LRRC27;AK8;KIF19;APCDD1;SLC6A9;AGBL5;IQCD;UBE3D;GIHCG;MAPRE3;LINC02532;PLEKHS1",-0.9259630569164662,0.8962430337582473,,
"DESCARTES_FETAL_HEART_EPICARDIAL_FAT_CELLS",60,-0.2231750024850066,-0.8466093348835129,0.7493224932249323,0.9356891510596067,"KRT7;C1QL1;C1orf53;PHYHIP;CA9;PDZK1IP1;KREMEN2;GRB7;SBSPON;SLPI;MSLN;TNFRSF8;BDKRB1;NEU4;NMU;CHAC1;GFPT2;EPS8L1;HSD17B6",-0.9455992356826864,0.8035584539864253,,
"HE_LIM_SUN_FETAL_LUNG_C7_COL20A1_POS_SCHWANN_CELL",63,-0.2211008474859323,-0.8468786641766085,0.7510148849797023,0.9361966374404508,"IL17RC;PSMB8;IGFBP7;PDLIM1;PLAC9;PDGFA;DYNLT2B;TMEM176B;TMEM176A;ADAMTSL1;ANXA1;IL11RA;CASP4;ENG;SFXN3;BGN;ACTC1;CD44;ALDH1A1;SRPX;PLA2G4A;NMI;LMO3;NFIX",0.9104849183661952,0.915678395243229,,
"DESCARTES_FETAL_LIVER_MESOTHELIAL_CELLS",219,-0.19465109610238956,-0.8760718493929274,0.7563805104408353,0.9412735241041507,"HCFC1R1;NBL1;KRT7;CLIC3;RASSF7;CTXN1;C1QL1;CRIP1;CAVIN3;CYSTM1;ENTPD2;CA9;EFNA4;RAB34;PDZK1IP1;CSDC2;PDLIM4;LGALS3;GSTM3;RTL8A;S100A10;GAS6;IL17RE;SLPI;ADGRB2;LMO4;KRT18;PIANP;SPINT1;NTRK3;CSPG5;LURAP1L;ADAMTS15;MSLN;MAD2L1BP;EMP2;TMEM132A;FLNC;SPEG;ELFN1;SAMD11;SLC8A2;SEZ6L2;PHLDA3;PTPRU;MGP;FOXC1;ITGB4;LINC02381;TNNT1;CBX8;CYP4X1;SMOC2;SMPD3;CPAMD8;GFPT2;LOX;EPS8L1;IGSF9;STK31;AMIGO1;ACOXL;DDR1;MIR100HG;FLRT3;HTRA1;RGMA;ANKRD13B;C1QTNF1;PRX;GAS1;MMP24;KCNJ15;KLK11;PROCR;CRYAB",-0.7548480878133881,1,,
"DESCARTES_MAIN_FETAL_SATELLITE_CELLS",40,0.21015240538613675,0.8296845119461896,0.7661016949152543,0.9516285069332474,"NCOA1;NBPF1;NXPE3;PURB;MIDEAS;PTGFRN;COL15A1",0.996438562404224,0.7168801491370497,,
"DESCARTES_FETAL_STOMACH_PDE1C_ACSM3_POSITIVE_CELLS",16,0.2522829044716309,0.7766672061273048,0.7682291666666666,0.9516285069332474,"PDE1C;GABRB2;TFCP2L1;CPSF7;ATP6V1A;PSEN2;RHOBTB1;ACSM3;MFSD6L;SHISA2;ADARB2",1.323484419779643,0.2634780550954217,,
"GAO_LARGE_INTESTINE_ADULT_CE_OLFM4HIGH_STEM_CELL",285,-0.19252153866736474,-0.8868909365702521,0.7686230248306998,0.9516285069332474,"LINC02245;CTU1;NRGN;MEX3D;LST1;ZNF653;DNAJC9-AS1;LYRM9;PRR7;HLA-DQB1;ZFPM1;THAP8;CXCL5;CTSZ;TMEM91;CBX7;LRRC73;RNF215;OGFR;LINC01315;ATP1A2;SNTA1;HLA-DRB6;HMCN2;PPP1R37;IL4I1;LRRC20;HAR1A;TBC1D25;LINC01426;CACTIN;C2CD4C;VASN;ZNF467;HAUS8;RAMP3;ABCG1;LTB;TIMP4;MYH11;PIPSL;LOXL1;FFAR2;ABCB6;GARIN5A;CDC45;WFDC3;TOX2;MLXIPL;NFATC4;RAB11FIP3;MSLN;KLHL25;ZNF316;UBOX5;GBGT1;AOC3;PDZD4;RBP7;TBX2;ATP6V0D2;VMAC;C16orf95;ALKBH1;RBPMS;TMEM30A-DT;AQP11;C11orf96;C5AR1;CCNP;PHLDA3;SENP3;MAPK11;GTF2IRD1;PCED1B;PRND;ARRB2;OBSCN;DGAT2;HCN3;APBB1;NFATC1",-0.7751147347222087,1,,
"ZHONG_PFC_C2_SOX5_BCL11B_POS_EXCITATORY_NEURON",25,0.235630270750111,0.810757946712331,0.7755102040816326,0.9585253456221197,"SOX5;LMO7;LSAMP;THSD7A;IGFBP5;LDHA;SHISA2;ARG2;PRKY;EIF1AY;BCL11B;MGLL;RPS4Y1;PDE1A;SERPINI1;CNTNAP2;VSNL1;HSPA1A;CRYM;LMO3;ST18;SSBP2;MASP1;CAV1;CNIH1",1.2568944644923736,0.316431783606667,,
"ZHENG_CORD_BLOOD_C10_MULTILYMPHOID_PROGENITOR",93,-0.20976075917197678,-0.8450721441385204,0.78515625,0.968802966101695,"HCST;CARD19;CD74;TYROBP;SLC2A5;CD52;LST1;RNASET2;RBM38;GSTP1;ARPC5L;VSIR;SPNS3;CYTH4;CORO1A;C9orf78;PRAM1;LTB;SH3TC1;CXXC5;TRBC2;ARL6IP5;LAIR1;SH2D3C;ARRB2;MZB1;BAALC;ACY3;IGHM;SASH3;QPRT;EVL",-0.7834176841230054,1,,
"DESCARTES_FETAL_STOMACH_ENS_NEURONS",37,-0.23476117913333844,-0.8066370206056424,0.7924528301886793,0.9761517096063597,"STAC;UCHL1;SHROOM1;PCBP3;HCN1;CELF5;CHRNA3;OLFM1;RGS11;NPTXR;SHF;MAPT;KLF3-AS1;ZNF77;GAP43;ANKRD29;CNTNAP2;EEF1A2;STMN2;TUBB2A;TMEM255A;ATP1A3",0.638235731884346,1,,
"DESCARTES_FETAL_PLACENTA_STROMAL_CELLS",34,-0.2348094541794135,-0.7915481213498141,0.7950581395348837,0.9777066310496544,"DES;PITX1;C1QTNF2;ACKR1;LINC01133;SELENBP1;PON3;GATA6-AS1;CACNA2D4;GDNF;MATN2;COL16A1;CYP2W1",-0.5305478906665348,1,,
"DESCARTES_FETAL_ADRENAL_VASCULAR_ENDOTHELIAL_CELLS",105,-0.2006781965395564,-0.8304759849957146,0.7967581047381546,0.9781448570815793,"HYAL2;GALNT14;VAMP5;HLX;EXOC3L1;PLIN4;NHERF2;SOX18;FCGR2B;CLDN5;RAMP2;ECSCR;TMEM88;F8;FFAR2;HRCT1;KANK3;SOX17;FCN3;SEMA6B;EFCC1;IRX3;EEIG1;EFNA1;ENG;CDA;NRN1;RASIP1;SPAAR;ID1;PLVAP;FAM110D",-0.7988800906263968,1,,
"HE_LIM_SUN_FETAL_LUNG_C1_PROXIMAL_SECRETORY_2_CELL",268,-0.1883125563977099,-0.8651261326035126,0.7995469988674971,0.9797265031473845,"SMIM22;SOD3;TNFRSF14;TIMP1;KRT7;CAPS;LGALS9;COMTD1;NPDC1;GABRP;SFN;PLPP2;S100A2;DEGS2;S100P;HLA-B;DTX2;NDUFA4L2;PAQR4;LSP1;PLAAT4;VSIR;CTSW;GLIPR2;FKBP11;SLC16A11;NUPR1;ISG20;S100A9;FAM3D;TMEM176B;ANG;MB;AMN;SULT2B1;TMEM176A;FXYD5;ABCG1;TRPM4;MT1E;COL6A2;SLPI;BMPR1B;SH2D3A;ANXA1;HS3ST1;SLC1A5;CCNO;ALDH3B1;TFAP2A;RGS10;EFHD1;SPINK1;PLAT;DEFB1;BIK",-0.9086142202055285,0.9306597179331831,,
"HE_LIM_SUN_FETAL_LUNG_C0_INTERM_CHONDROCYTE",59,0.19004676684324245,0.8323928826306719,0.8007380073800738,0.9797265031473845,"SOX5;PLEKHG1;HAPLN1;MECOM;YPEL2;SOX6;THSD4;SOX9;HHIP;COL15A1;ACAN;PYGL;COL2A1;COL11A2;COL9A1;SUSD5;SLC2A1;CRISPLD1;FIBIN",1.1537234149406523,0.32631107126848946,,
"HE_LIM_SUN_FETAL_LUNG_C2_NEUTROPHIL_CELL",52,-0.21586986768462096,-0.8010372733119007,0.8041666666666667,0.9822706935123043,"S100P;TUBA4A;BST1;PELATON;G0S2;SLC11A1;HK3;LILRA5;RBP7;ADGRG3;TREM1;DGAT2;CDA",-0.7766001310364715,1,,
"DESCARTES_FETAL_LUNG_VASCULAR_ENDOTHELIAL_CELLS",38,-0.22830320078225202,-0.7907655835435778,0.8125894134477826,0.9908963031658052,"FOXS1;SHROOM1;DPEP1;ACE;NEURL1B;CLEC3B;FCN3;RGCC;S100A3;PRND;IL33",-0.6542216096416094,1,,
"HU_FETAL_RETINA_MULLER",32,-0.2335719810402545,-0.7772124626136776,0.815406976744186,0.9926693629929222,"SPP1;ATP1A2;PEA15;MIR9-1HG;SNRPG;ANGPTL1;SAT1;VIM;CRYM;CLU;CDC42EP4;NCAM1;TTYH1;PMEPA1;DKK3;RASSF4;HES1",0.7562092935571297,1,,
"BUSSLINGER_GASTRIC_D_CELLS",20,0.23639546668509573,0.7571780275237737,0.8192090395480226,0.9930849221922581,"TTN;ARFGEF3;EGR1;MAP1B;CEP126;NR4A1",1.0292551534319518,0.6226011688025604,,
"DESCARTES_MAIN_FETAL_HORIZONTAL_CELLS",20,0.23590524920060785,0.7556078539787089,0.8192090395480226,0.9930849221922581,"TANC1;ERC1;MALT1;RAB11FIP4;B3GAT2",1.294926146322277,0.2677980233955416,,
"TRAVAGLINI_LUNG_BASOPHIL_MAST_2_CELL",472,-0.18484212538328945,-0.8784781504257221,0.8217716115261473,0.9930849221922581,"C12orf57;NICOL1;SELENOM;NINJ1;RHBDD2;MTFR1L;COX7A1;SNHG9;STARD10;LTC4S;AP2M1;ZNF511;TNFRSF4;NME4;ARL2;HAX1;SERTAD1;RPL34;JUND;CLIC1;RPL37A;RPL24;DAD1;NDUFA4;TSPAN4;EMP3;RELB;EIF5A;NFKBIB;CD63;CAPG;NSMCE1;LMNA;CYSTM1;TUBA1A;DDAH2;NFKB2;PIM3;ANKRD9;EMD;FUNDC2;LAT2;SELENOK;SNHG8;TMEM91;NXT1;GMPR;MARCHF3;RPL36AL;RAB34;ENSA;TSEN54;SPINT2;ZNF48;RAB32;P2RX1;MRPL32;BATF;NDRG2;ACOT7;RPS4X;CHASERR;CAMLG;NFKBID;TMEM88;EHD1;TMEM176B;MSRA;FXYD5;PKIG;SOCS1;TRAPPC2B;RENBP;UBB;PRDX1;ANXA11;TPSAB1;FTH1;UBA7;FAM177A1;LMO4;STMN1;SERPINB6;ANXA1;HS3ST1;ZBTB32;SLC1A5;PEBP1;CNRIP1;ANXA7;VAT1;BCL2A1;CD33;PLAT;PRXL2C;DDIT4;TGIF1;ERF;HNRNPA0;PIK3R6;DNAJC19;SRGN;ILF2;RASGEF1B;SMYD3;PTMA;SMIM3",-0.6873998881560276,1,,
"DESCARTES_MAIN_FETAL_PDE1C_ACSM3_POSITIVE_CELLS",252,-0.1872311217554907,-0.8536910435785077,0.8241379310344827,0.9930849221922581,"RFXANK;SRA1;TRMT2A;EXOSC4;SPATA2L;COMMD5;ZNF205;RPL24P8;PET100;WDR25;MFSD3;GNB1L;ALKBH2;PIP4P1;LYRM9;SGSM3;MIR200CHG;GCDH;MIEN1;POP4;CSKMT;RPS3AP26;LIN37;SLC12A9-AS1;PRRG2;TCF25;JMJD8;CTF1;EEF1B2P2;SLIRP;RAB19;BRF1;STUM;DDX19B;NMB;EXOSC3;PINLYP;SLC16A11;FAM53A",-0.9681589332683953,0.8035584539864253,,
"HE_LIM_SUN_FETAL_LUNG_C2_HSC_ELP_CELL",392,-0.18609486957434884,-0.8718670621542287,0.8243688254665203,0.9930849221922581,"OXLD1;ALKBH4;SPATA2L;QTRT1;MIB2;RNF220;PIGQ;SLC2A5;ZNF576;NTHL1;THEM6;S1PR4;SCO2;CLDN15;ACOX3;MMAB;TBCC;LRRC61;USP20;ARMH1;SEPTIN1;ACBD6;RHPN1;PLAAT4;EPB41L4A-AS1;TBC1D10C;CD7;BRF2;OCIAD2;RRP9;CTSW;CCNB1IP1;ACOT2;CHST12;HOPX;SCRN2;ABHD4;GPR146;NKG7;KCNN4;SNRPN;IGHD;MDK;SCMH1;FHL1;RAMP1;TMIGD2;SYTL1;ID3;MRPL45;NT5C3B;CD79B;ZNF444;DPH5;POLR2C;MRM3;ISYNA1;TSPAN2;LTB;GIMAP2;PHGDH;MYL6B;HSH2D;CFAP68;INTS12;CREB3L4;PGAP2;PRKD2;TP53I3;PTGDR2;SMAGP;CUTC;CMBL;ACAP1;CXXC5;TRBC2;ZNF574;CPXM1;SNHG21;H2BC12;MTRFR;SMYD3;RNF31;ERGIC1;BEX3;PBXIP1;SLC25A51;BPNT1;RBPMS;EFNA1;HACD1;ABCD4;PIGU;PFKP;IKBKE;RCL1;PODXL2;NIPSNAP1;RHOH;TMEM38B;MZB1;BEND5;BAALC;ZCCHC7;MUL1;MFAP4;CD69;ACY3;AP1G2;STMN3;ALDH1A1;ZNF74;CBX8;UQCC6;GATA3;IGHM;CD82;DNASE1;MFAP2;ZNF212;SSBP2;CLIP3;CD3E;LMAN2L;H3C10;NREP;SMIM24;RAB13",-0.8399337731525549,1,,
"HE_LIM_SUN_FETAL_LUNG_C4_ILC2_CELL",139,-0.19470100743233543,-0.8299846242535573,0.8260869565217391,0.9930849221922581,"TSPO;CHCHD10;TIMP1;ROGDI;TNFRSF18;RNF130;DENND6B;GADD45G;GRINA;CAPG;S100P;TYMP;CTSZ;WDR86;LSR;IRF2BPL;SPINT2;CAMK1;BATF;REC8;RENBP;TSPAN2;CENPV;PTGDR2;C1orf162;BCAR3;IL17RB;MMP25;ZG16B;TMEM273;THG1L;RASGRP4;TNFSF10;EPS8L2;CACNB3;CMTM8;BCL3;PTPRN2;IFNGR2;MBOAT7",-0.9006457351241273,0.9261477045908184,,
"TRAVAGLINI_LUNG_B_CELL",144,-0.1946448528576096,-0.8337003947849181,0.8273736128236745,0.9930849221922581,"RPL8;RPS5;RPL18;CD74;RPL15;RPLP0;CD52;LIMD2;PDLIM1;GUCD1;PTPN6;CD72;LAPTM5;EEF2;POLD4;C16orf74;FCGR2B;RPS23;CYB561A3;LY86;CD79B;PKIG",-0.7233108676625343,1,,
"TRAVAGLINI_LUNG_ALVEOLAR_FIBROBLAST_CELL",151,0.17007433020759052,0.8772141897582988,0.8279569892473119,0.9930849221922581,"SPTBN1;DST;MACF1;ZNF106;MYH10;SRGAP1;USP53;ITGA8;CYP7B1;CDH13;PIEZO2;ITGA2;SERINC5;LAMA4;MCOLN3;LIMS1;PLEKHH2;ARHGAP20;DUSP6;ANGPT1;SVEP1;NABP1;HMCN1;LSAMP;PDGFRA;ADARB1;MCOLN2;COL6A3;SLIT2",1.522562031965031,0.004255686278994383,,
"DESCARTES_FETAL_CEREBRUM_SKOR2_NPSR1_POSITIVE_CELLS",32,0.21051356983562036,0.7818070309370262,0.8280254777070064,0.9930849221922581,"ADGRL2;RORA;ITPR1;TAF4B;SUDS3P1;PDE1C;HSPA12A",0.850166275175142,0.9547123623011016,,
"HE_LIM_SUN_FETAL_LUNG_C0_MID_AIRWAY_SMC_1_CELL",64,-0.20843683348765837,-0.7987804112870928,0.8376184032476319,1,"ACTG2;CNN1;KCNMB1;RELB;SLC29A3;LMOD1;FBXL22;TSPAN2;MYH11;PCSK5;WFDC1;TYRP1;SPEG;COL23A1;FHL2;LIMS2;SLC16A3;SSC5D;HTRA1;KIF26B;ADAMTSL2;CHRDL1",1.238958878031425,0.2676755841768715,,
"GAO_LARGE_INTESTINE_24W_C10_ENTEROCYTE",51,-0.210862779676646,-0.7789466337236541,0.8396094839609484,1,"PRSS3;PRAP1;DGAT1;SLC35D2;LAD1;NOXA1;GPANK1;DPEP1;MLXIPL;CNKSR1;TONSL;MSLN",-1.146903500267055,0.44324146981627294,,
"GAUTAM_EYE_IRIS_CILIARY_BODY_CILIARY_BODY_CELLS",94,0.1752212427154843,0.8367474781365744,0.8398268398268398,1,"ARHGEF12;MPRIP;DNAJC6;MAGI1;RND3;KIAA1671;PLCH1;ERICH5;MCL1;DCBLD2;DARS1;HSPG2;PDGFRA;EPB41L4A;PROX1",0.8974882229848395,0.9261477045908184,,
"DESCARTES_FETAL_STOMACH_MESOTHELIAL_CELLS",20,0.231841201971837,0.7425906531516585,0.8418079096045198,1,"CDON;WNT2B;COL8A1;ALDH1A2;HHIP-AS1;TFPI2;BDNF",0.7407176361423086,1,,
"TRAVAGLINI_LUNG_PLASMACYTOID_DENDRITIC_CELL",104,-0.1935965415064525,-0.7973665419198486,0.8488664987405542,1,"GPX1;VEGFB;SEC61B;PPP1R14B;RNF130;RNASET2;ST6GALNAC4;UNC93B1;TPM2;SPNS3;PLD4;GAS6;CYB561A3;MYBL2;ATP13A2;NAPSB;STMN1;TOX2",-0.8939373120553271,0.9261477045908184,,
"DESCARTES_FETAL_MUSCLE_LYMPHATIC_ENDOTHELIAL_CELLS",56,-0.20411321087810375,-0.7689726162570653,0.8497970230040596,1,"STAP2;PEX16;TFF3;KCTD17;NHLRC1;CALHM6;TBX1;HAND2;SEC14L2;PLIN5;EFCC1;SLC35E4;GPRIN1",-0.8473086089353319,0.9547123623011016,,
"HE_LIM_SUN_FETAL_LUNG_C0_MID_AIRWAY_SMC_2_CELL",178,-0.18660704443504517,-0.8206762447291742,0.850887573964497,1,"ACTG2;HSPB7;CNN1;GADD45G;ASB2;KCNMB1;CRIP1;RBM38;DAPK3;TINAGL1;SYNGR2;THAP8;PDLIM3;PDLIM4;ATP1A2;LMOD1;NNMT;PLP2;MRGPRF;ALDH1B1;TM7SF2;RAMP1;PEDS1;FBXL22;SBSPON;MAPKAPK3;SLC25A4;TSPAN2;MYH11;ITPK1;PTP4A3;WFDC1;ADGRE5;THBS3;RGS10;TYRP1;SPEG;PBXIP1;TMEM59L;ANO1;DUSP2;KCNMA1;CCND3;TSPAN7;SMOC2;SYNPO2;FHL2;LIMS2;PRKAG2;SLC16A3;LGR6;AQP1;SSC5D;FAM43A;PLN;C1QTNF1;ADAMTSL2;TCEA3;CHRDL1;FOXP2;ANKRD37;CD9",0.8820502055829826,0.9801797288411561,,
"DESCARTES_FETAL_ADRENAL_CHROMAFFIN_CELLS",43,0.19606567861090435,0.788834187417586,0.8533333333333334,1,"EYA1;CCND1;LINC02600;FRMPD3;MAP1B;TUBB2B;FAT3;HECW1;PLXNA4;GREM1;REEP1;RYR2;KRTAP5-AS1",0.8399579464908652,0.9738101943114615,,
"DESCARTES_FETAL_PANCREAS_ENS_GLIA",31,-0.22655184222674846,-0.748518095203598,0.8543833580980683,1,"AZGP1;TFAP2A;S100B;B3GALT2;SDK2;INSC;CNP;PAQR6;GJC3;CRYM",-0.7677769381852954,0.9990381426202322,,
"HE_LIM_SUN_FETAL_LUNG_C1_PULMONARY_NE_PRECURSOR_CELL",256,-0.18208330682683363,-0.8316065950414662,0.8623853211009175,1,"SMIM22;RHBDL1;LFNG;TIMP1;KRT7;PSD;CCDC28B;COMTD1;NPDC1;CDKN2D;VGF;IZUMO4;ASB13;EFHD2;MIR200CHG;SYP;ASCL2;NDUFA4L2;PLPPR2;USP20;MISP3;LINC01315;KCNH2;PHGR1;TMEM51;STX1A;SLC16A11;SMIM32;CACNA1A;CLDN5;CFAP65;TMEM176B;DMPK;TMEM176A;DGKZ;TBX1;NEURL1B;HES6;SCG5;BIK;RAB26;NAALADL1;PNPLA7;COL22A1;NPTX1;TAMALIN;SLC29A4;TBC1D24;SEZ6L2;BMERB1;CNIH2;KIF19;PTPRN2;BAALC;CACNA1H;KCNMA1;MAPRE3;PTPRN;CHRD;RGS11;STMN3;GNB5;SMOC2;SMPD3;PPP2R5B;RTN1;CLIP3;ST18;KCNH6;VWA5B2;DRAIC;TMEM184A;REXO1;GRP;RASA4;A4GALT;SLITRK6;PDZRN3",-0.8191358569242789,1,,
"DESCARTES_MAIN_FETAL_LENS_FIBRE_CELLS",131,0.1699893790427655,0.8525092583006317,0.8645833333333334,1,"ADAM17;UBR4;KDM3A;KIAA1217;TIMELESS;MYO18A;USPL1;HERC4;ERICH5;ZSCAN30;CLIC5;ARGLU1;MBOAT1;CAPRIN2;PALM2AKAP2;NHS;MALAT1;LINC02177;HMGB1;INPP5F;LPIN1;ARID3B;FBXO3;EPB41L4A;SUCO;LDLRAD3;CHUK;LNPK",0.8317244183958958,1,,
"HE_LIM_SUN_FETAL_LUNG_C0_MYOFIBROBLAST_1_CELL",52,0.19032934659235717,0.795202196602273,0.8652482269503546,1,"PAG1;MTUS1;MSANTD4;SLC26A2;PTCH1;STC1;ZEB1;SLC4A4;JCAD;TAB2",1.2682074341333587,0.2443421557345608,,
"DESCARTES_MAIN_FETAL_EPICARDIAL_FAT_CELLS",27,-0.22656498907314043,-0.7280495727997592,0.8653555219364599,1,"PHYHIP;BST1;INMT;CA9;S100A10;MSLN;TNFRSF8;SMOC2;CALB2;ANXA3",-0.5413827561740789,1,,
"HE_LIM_SUN_FETAL_LUNG_C1_EARLY_AIRWAY_PROGENITOR_CELL",30,-0.22566243068101635,-0.7402653721146923,0.869172932330827,1,"PLPP2;GADD45G;H3-5;ABCG1;TBX1;HS3ST1;RP1;HSPA6;ALPL",-0.771184529418062,0.9990381426202322,,
"DESCARTES_FETAL_ADRENAL_STROMAL_CELLS",111,-0.19017519229981236,-0.7901242065551806,0.8716981132075472,1,"ACTG2;PLA2G5;FOXS1;TAGLN;IGFBP6;COLEC11;TDO2;MSC;ACTA2;ISLR;LINC00702;NPAS1;MYH11;REM1;IGFBP3;PCOLCE;ADAMTS15;TWIST2;CARMN;ANO1;MGP;PODN;BMP4;C1R;ADAMTS14;PRELP;CYP4X1;LOX;PTH1R;CLDN11;CD248;ADH1B;CHRDL1;PI16",1.5031990642545028,0.015373030744453876,,
"DURANTE_ADULT_OLFACTORY_NEUROEPITHELIUM_MAST_CELLS",70,-0.19693623169977376,-0.7667716441900205,0.8740053050397878,1,"LTC4S;TYROBP;EMP3;CAPG;SELENOK;ALOX5AP;RAC2;CCL4;SOCS1;TPSAB1;FTH1;LMO4;DDIT4;SRGN;FCER1G;CD37;DUSP2;CD69;CD44;CREM;CSF1;PLIN2;PLAUR;RGS2;DNAJB1",-0.7835774114435134,1,,
"DESCARTES_FETAL_EYE_PHOTORECEPTOR_CELLS",16,0.22769367271114072,0.7009678638661481,0.8776041666666666,1,"GNAT2;IMPG1;EYS;MAK;LINC01915;EGFLAM;KDM4A-AS1;LRIT2;HOTAIRM1;CDHR1;SSTR5-AS1;RPGRIP1;TERT;SUSD2;ATP6V0D2;NPTX1",0.8279918917053043,0.9387372484146679,,
"DESCARTES_FETAL_PLACENTA_SMOOTH_MUSCLE_CELLS",60,-0.1964356575234656,-0.7451742332769523,0.8794037940379403,1,"PLA2G5;NDUFA4L2;PDLIM3;PGM5;COX4I2;BMPER;RASL12;BMPR1B;PELO;CLTCL1;GRID1;FAM162B;HAS2;CARMN",1.1193903186348135,0.4321024293042778,,
"GAO_LARGE_INTESTINE_ADULT_CF_GOBLET_CELL_SUBTYPE_1",23,0.216236839175347,0.7272365356281671,0.882183908045977,1,"TRPA1;CAPN9;ARHGAP31;FER1L6;FRMD3;SYTL5;FAM177B;CCNJL",-0.6664956127020926,1,,
"TRAVAGLINI_LUNG_SIGNALING_ALVEOLAR_EPITHELIAL_TYPE_2_CELL",57,-0.19650818630412561,-0.7414666191074368,0.8851351351351351,1,"NPC2;CD74;PMM1;TMEM125;NECAB3;FBP1;CD81;HOPX",-0.7100223556700634,1,,
"DESCARTES_MAIN_FETAL_URETERIC_BUD_CELLS",17,-0.23090557245176457,-0.6584862434832011,0.8867313915857605,1,"SHROOM1;DHRS2;GPR15LG;HOXB7;KCP;UPK3A",-0.75190643446562,0.9786198950198438,,
"TRAVAGLINI_LUNG_VEIN_CELL",38,-0.2137316102198386,-0.7402944895126409,0.8869814020028612,1,"TIMP1;PTGDS;UPP1;FSTL3;NNMT;FTH1;ACKR1",-0.6690656799421281,1,,
"DESCARTES_FETAL_PLACENTA_MEGAKARYOCYTES",166,-0.18250302062613502,-0.7972211008567379,0.8888888888888888,1,"MARCHF2;INKA1;C1QTNF12;WNT7B;CENPT;NRGN;RBM38;MFSD2B;TUBA4A;MIGA2;ZFPM1;MIEF2;MOB3C;TMEM91;RNF215;PYCR2;LINC01089;LRRC14;DNAJB2;FERMT3;P2RX1;KIF9;ZNF561-AS1;TEX22;XYLT2;MYLK-AS1;DYNC1I1;EXOC3L4",-0.6728504930241335,1,,
"BUSSLINGER_DUODENAL_GOBLET_CELLS",16,-0.2270237938017343,-0.6390138722284496,0.8964401294498382,1,"HPCAL1;TFF3",-0.7319415306066865,0.9903541799446208,,
"DESCARTES_FETAL_KIDNEY_STROMAL_CELLS",106,-0.18295007135722746,-0.7589811325825652,0.8968944099378882,1,"SOD3;ACTG2;ENTPD2;TPPP3;PLAC9;IGFBP6;NUPR1;ISLR;RASL12;C1QTNF2;TIMP4;REM1;HTRA3;PCOLCE2;RNASE4;MGP;PODN;C1R;PRELP;SRPX;LOX;ANGPTL1;FBLN2;ISLR2;EYA2;DPT;CHRDL1;PI16;FOXP2;ADAMTSL4;CCL19;GAP43;CRYAB;FGF18;WNT2;SPARC;LPL;AOX1;RPRM;MFAP5;SERPINF1;COL1A1;F10;KDELR3",1.0705127564178125,0.5270092226613965,,
"HE_LIM_SUN_FETAL_LUNG_C4_TREG_CELL",38,-0.21058373268992892,-0.7293912993544052,0.8984263233190272,1,"TNFRSF4;LGALS9;CYTOR;NCF4",0.5358873001135672,1,,
"SU_HO_CONV_CENT_CHONDROSARCOMA_STROMAL_C6_ENDOTHELIAL_CELL",192,0.16422767925945073,0.864226284015697,0.9006622516556292,1,"DOCK9;HECW2;KDR;CHD7;HERC1;FLT1;RAPGEF5;YES1;FNBP1L;MAGI1;SNRK;PCDH17;HEG1;AFAP1L1;CD93;TCF4;APOLD1;CDH13;PTPRB;TTC28;ADAMTS5;SPRY4;STC1;FZD4;APLP2;HSPG2;CYTH1;MYCT1;DUSP6;PTPRE;CALCRL;ADAMTS9;IPO11;ELK3;ADGRL4;SEC14L1;PRKCH;EMCN;FRMD4A;TCIM;GRPEL2;PODXL;APP;GARRE1;CD34;LDB2;CYYR1;TSHZ2;TM4SF18;SLC12A2;GNG2;CARD8;LYN;CEMIP2;VASH1",0.9700027649266285,0.7683893377343644,,
"DESCARTES_FETAL_ADRENAL_SCHWANN_CELLS",73,-0.19272734446880838,-0.7515710633853504,0.900804289544236,1,"METRN;GAL3ST1;LYPD1;AZGP1;ATP1A2;TMEM176B;TMEM176A;GPC1;KCNJ10;S100B;INSC;PPP2R2B;PPP1R1C;HEY1;ALDH1A1;ART3;CNP;WFDC2;GJC3;SLITRK6;AGRN;PLEKHB1;CLDN14;FGFBP3;LAMP5;HEY2;TMEM132B;LPL;ADAMTS8;TTYH1",-0.5213503196445657,1,,
"DESCARTES_FETAL_PANCREAS_LYMPHATIC_ENDOTHELIAL_CELLS",41,-0.2011876269007718,-0.7131581274758608,0.9018492176386913,1,"GABRP;INO80C;CXCL5;PGM5;BMPER;F8;TBX1;IRX3;NFATC1;RPS7P4;TNFAIP8L3;PDF",-0.45707468048110544,1,,
"DESCARTES_MAIN_FETAL_SYMPATHOBLASTS",29,-0.21396180548512533,-0.70126463870947,0.9019316493313522,1,"C1QL1;CYB561;NSMCE3;NT5DC2;QDPR;PRCD;MRAP2",-0.8033062300861299,0.9575987640697419,,
"DESCARTES_FETAL_INTESTINE_LYMPHATIC_ENDOTHELIAL_CELLS",23,-0.22251977854986515,-0.689162459760033,0.9021406727828746,1,"MIR200CHG;RPL17P36;TBX1;CRACR2B;PLIN5",-0.6316571183718931,1,,
"HE_LIM_SUN_FETAL_LUNG_C3_MID_CAP_CELL",51,0.18248182947413988,0.7620204368044794,0.9052631578947369,1,"FMNL2;PDE3B;ADGRL2;GCOM1;DIXDC1;LONRF1;DACH1;CRYBG1;ANKRD44;NCKAP5;AFF3;GLCE;EDIL3;RASSF2;SOX11;SLC35F2",0.8759363569778161,0.9375735204640409,,
"DURANTE_ADULT_OLFACTORY_NEUROEPITHELIUM_IMMATURE_NEURONS",119,-0.17976035877575888,-0.7552987692014542,0.9061728395061729,1,"NICOL1;GNB2;PAFAH1B3;CAPS;CDKN2D;IFT27;MARCKSL1;TUBA1A;TPPP3;FXYD6;JPT1;GDI1;UCHL1;EFNA3;RGMB;CENPV;ATF5;TUBB;STMN1;SCG5;EFHD1;KLC1;PPA1;CALM2;PCSK1N;PODXL2;PDAP1;TRIB3;APBB1;RNF182;VAMP2;STMN3;CALM1;SSBP2;RTN1",0.7288179697043333,1,,
"DESCARTES_FETAL_EYE_STROMAL_CELLS",77,-0.18774552027085345,-0.7392574315707164,0.9082446808510638,1,"SELENOM;PRRX2;IGFBP6;ADAM33;ISLR;VASN;SOCS1;COL6A2;IL11RA;PCOLCE;TMEM200B;TWIST2;LTBP4;RNASE4;MGP;PODN;C1R;CHRD;LOX;PTHLH;DPT;EMILIN1;PI16;TWIST1;ADAMTSL4",1.2759341331968899,0.20931573210074989,,
"HU_FETAL_RETINA_BIPOLAR",46,0.18581744911714648,0.7533764504392525,0.9094202898550725,1,"CRYBG3;ATP2B1;STX3;TCF4;ANK3;CCDC88A;MAP7;PROX1;BTBD8;FAM171B;NNAT;MAP4",0.8868296062203316,0.9261477045908184,,
"MANNO_MIDBRAIN_NEUROTYPES_HNPROG",187,0.16039363207445806,0.8433929153689886,0.9121621621621622,1,"KIF14;TOP2A;CENPF;MKI67;EPB41;GSE1;ASPM;BUB1B;LMOD3;ARHGAP11A;CCND1;SGO2;CKAP2L;TCF12;ADAMTS5;GPRIN3;KIF4A;MIR17HG;KNL1;ARHGAP28;PROSER1;ZNF28;CELF3;TPX2;TSPAN18;GPSM2;EBF2;NES;RAP1GAP2;FOXN3;HIC2;KIF23;XIST;ENTREP2;ZC3H12C;DEPDC1;FBXW7;PARPBP;RACGAP1;NCAPH;DLGAP5;NDNF;TFDP2;KIF11;KIF15;FAM72A;LAMA5;THSD7A;SEMA3A;ATP8A1;PDE11A;CEMIP2;ANOS1;MAGOHB;SOX11;CELSR3;BHLHE22;SGO1;AGO1;COBL;RFTN2;HUNK;GULP1",0.9009469653608616,0.9665729459543893,,
"DESCARTES_FETAL_INTESTINE_STROMAL_CELLS",27,-0.21335037670320003,-0.6855854086320834,0.913767019667171,1,"MSC;SPON2;SP5;ADAMTS14;DPT;SHISA3;SYNDIG1;ADH1B;CCL19;FZD10",0.5587434197789896,1,,
"DESCARTES_MAIN_FETAL_SQUAMOUS_EPITHELIAL_CELLS",72,-0.18728520389941467,-0.7309662418394521,0.9174434087882823,1,"KCNK7;PITX1;SFN;S100A2;EPHX3;CYSRT1;CSTB;FUT3;GJB5;THOC3;SOX13;GBP1P1;H1-2;PLEKHN1;H2BC4;TMEM80;S100A14;GLTP;PART1;C15orf48;ITGB1P1;SERPINB5",-0.9478781194413457,0.8035584539864253,,
"AIZARANI_LIVER_C32_MVECS_3",124,-0.18005265715853974,-0.7575045025677895,0.9182156133828996,1,"IFI27;HYAL2;PTGDS;TMSB10;NPDC1;HLA-A;IGFBP7;BST2;HLA-E;PDLIM1;HLA-B;IFITM3;FSTL3;INMT;HSPB8;IFI44L;EPHB4;CEBPD;IL32;FCGR2B;KLF2",1.012053931991213,0.6427432216905901,,
"HU_FETAL_RETINA_RPC",92,-0.18175770018043044,-0.730458386030742,0.918954248366013,1,"CENPM;MCM5;SNRPB;SPP1;IFITM3;C19orf48P;PTTG1;CKS2;H2AZ1;MDK;ID3;HMGA1;MCM7;CKS1B;SNRPG;UBE2T;GINS2;PCNA;UBE2C;TBX2;PIMREG;HNRNPA1L3;PCLAF;AURKB",-0.8175653190886489,0.9878817032414187,,
"SU_HO_FOETAL_FEMUR_C4_FIBROBLAST",221,-0.17329855933801078,-0.7801806842134777,0.9198606271777003,1,"BBLN;VPS28;LAMTOR4;COX6B1;AP2S1;CHCHD10;PSME1;RAB11B;SHFL;RPL13A;PRR5;MGST3;ZYX;TNFSF12;MAP1LC3A;CYTOR;SHISA5;TCIRG1;TAGLN;INF2;LSP1;PLAAT4;TGFB1I1;CD81;ETHE1;CHD4;HOPX;NNMT;TNFRSF1A;RAB3IL1;NAT14;MMP9;MYL12B;COL6A2;LOXL1;SMCO4;KCNMB4;MXRA8;IAH1;TP53I3;PCOLCE;EMP2;THY1;SMOX;MAFB;LTBP4;C1QTNF6;IFITM1;RARA;GGT5",1.460994548936869,0.004343595489206376,,
"DESCARTES_FETAL_LIVER_VASCULAR_ENDOTHELIAL_CELLS",104,-0.18037971700997946,-0.7429303750239488,0.9219143576826196,1,"EGFL7;EXOC3L1;ACP5;TINAGL1;BMPER;ECSCR;F8;RTN4RL1;RAMP3;CCM2L;ACSM1;C2CD4B;KIF17;CLEC3B;KANK3;CRACR2B;SOX17;FEZ1;FCN3;DCST2;CPXM2;EEIG1;TAMALIN;RP1;KIF19;STAB1;PTPRN2;IL33;OLFM1;RASIP1;TSPAN7;TP53I11",-0.5571607165884874,1,,
"CUI_DEVELOPING_HEART_C3_FIBROBLAST_LIKE_CELL",113,-0.17861650226150308,-0.7464232813103714,0.9225,1,"SELENOM;LGALS1;TIMP1;IGFBP7;RCN3;PRDX4;PLAC9;EFEMP2;NUPR1;IL32;SPON2;ISLR;C1QTNF2;COL6A2;P3H1;MXRA8;HTRA3;PCOLCE;THY1;S1PR2;LTBP4;MGP;SERPINH1;C1R;MFAP4;SMOC2;SRPX;LOX;MFAP2",1.162072927216319,0.29322944777307375,,
"GAO_LARGE_INTESTINE_24W_C1_DCLK1POS_PROGENITOR",97,-0.17945468790119615,-0.7309883689848937,0.9249363867684478,1,"CLEC11A;RCN3;AZIN2;IFI6;NNMT;HAPLN3;SPON2;ISLR;VASN;CERCAM;PCOLCE;GBP1P1;CPXM1;C1QTNF6;TMEM59L;MGP;C1R;CSF1;SCUBE2;SRPX;LOX;IFIT3;CLDN11;DPT;HTRA1;SERPING1;MATN2;ICAM1;MX1;BOC;GFRA2;COL16A1;PAMR1;LRRC17;SPARC;C7;GSTM5;CCL2;MRC2;PDGFRL;SERPINF1;PDPN;COL1A1;MAPK10;FZD1;GBP1;SCN7A",1.2176274544180488,0.18046755954187077,,
"SU_HO_CONV_CENT_CHONDROSARCOMA_STROMAL_C1_OSSIFICATION_STROMAL_CELL",191,-0.17331149792214043,-0.7667236379208957,0.9296600234466589,1,"OAZ1;AP2M1;NDUFB1;CEBPB;GPAA1;TNFRSF18;SERTAD1;UQCC5;GADD45G;CYB5R3;GABARAPL2;CAPG;GYPC;C1orf56;NUCB1;ATG101;HAPLN3;AOPEP;KLF2;IRF1;FHL1;ISLR;NT5DC2;PRDX1;SELENOS;LMO4;FNDC4;SLC40A1;TUBA1B;HSPE1;CD276;TGIF1;HNRNPA0;MAFB;CNIH1;LRP10;TMEM98;FBLN7;FOXC1",0.861992788018332,1,,
"DESCARTES_FETAL_STOMACH_MUC13_DMBT1_POSITIVE_CELLS",83,-0.1833243552660219,-0.7297230189493803,0.9299867899603699,1,"PRSS3;MT2A;MT1F;BAIAP2L2;GPD1;PHGR1;CDX1;AMN;CYP2B7P;LGALS4;MT1H;MT1G;KHK;MUC3A;HSD17B2;CLDN2;MALRD1;CREB3L3;VIPR1;CHP2;ACSL5;CDHR5;KRT20;MAMDC4;MTTP;MGC32805",-1.2229137251847135,0.280729289990867,,
"HE_LIM_SUN_FETAL_LUNG_C7_KCNIP4_POS_NEURON_CELL",82,-0.18445925736524685,-0.7315064913669387,0.9318181818181818,1,"DUSP23;F12;LIN7B;NOL3;ASPHD1;PLPPR2;FBP1;GCHFR;LINC01315;LINC01089;ARHGDIG;PLP2;LGALS3BP;PCBP3;NFIC",-0.7884331080529697,1,,
"HE_LIM_SUN_FETAL_LUNG_C3_ARTERIAL_ENDOTHELIAL_CELL",274,-0.17227233401654357,-0.7908562478785348,0.9318955732122588,1,"NICOL1;SELENOM;LTC4S;RRAS;PTGDS;CLIC3;VAMP8;HES4;NPW;ORAI1;S1PR4;CRIP1;HLA-DRB1;ASS1;CYB561D2;SLC48A1;PRR7;PDLIM1;ERBB2;ENTPD2;PLAC9;SELPLG;GCHFR;FAM234A;SLC2A6;IFI6;HSD17B14;FCSK;RAB32;METTL27;KCNN4;AOPEP;IFI44L;GPER1;ZBTB7B;EVA1C;RGMB;HSBP1L1;TSPAN2;KAZALD1;TSKU;TRIM47;PCSK5;CALHM2;TOX2;JAG2;IL11RA;SOX13;FGR;MLLT1;PRXL2C;PTGIS;SRGN;TNFRSF1B;LTBP4;ARID5A;MMP15;C1QTNF6;IFITM1;TMEM38A;DBNDD2;RIPK3",-0.7206258692455388,1,,
"DESCARTES_MAIN_FETAL_INTESTINAL_EPITHELIAL_CELLS",68,-0.18618499831808497,-0.7216057964258366,0.93234100135318,1,"C1QTNF12;DEFA5;DGAT1;RBBP8NL;CBLC;LHPP;GPR35;LCN15",-1.0617324452799823,0.563474025974026,,
"DESCARTES_FETAL_HEART_MEGAKARYOCYTES",73,-0.18720749254683117,-0.7300455191499733,0.9343163538873994,1,"LYL1;NRGN;MFSD2B;TUBA4A;CXCL5;TMEM91;FERMT3;P2RX1;TPSAB1;CISH;EGF;H2BC12;LY6G6F-LY6G6D;LEFTY1;RUFY1;ALOX12;H2AC6;SMIM24;PF4",-0.8369699218058875,0.9644939056703762,,
"DESCARTES_MAIN_FETAL_THYMIC_EPITHELIAL_CELLS",142,-0.1774148245941309,-0.7597199043545649,0.9346485819975339,1,"NUBP2;C8G;ARMC6;MTG1;MGMT;TRAPPC12;THAP8;TAFAZZIN;PARP3;NALT1;DNASE1L2;APTX;ICAM5;KREMEN2;PLEK2;RAB42;NEURL3;EXOC3L4;MUC12-AS1;IGFL2;RTCB;SLC9A3-AS1;EEF1A1P3;UBA7;ANKRD22;INTS12;TYK2;GTF2IRD2B;PLGRKT",-0.7674520027136917,1,,
"CUI_DEVELOPING_HEART_LEFT_ATRIAL_CARDIOMYOCYTE",18,-0.21310566491623756,-0.6191959899827487,0.9376,1,"FHL1;CIMAP3;NR2F1;GPX3;CALB2;NR2F1-AS1;TESC;VSNL1;PITX2",0.817140331996832,0.9404554467343628,,
"HE_LIM_SUN_FETAL_LUNG_C7_MID_SCHWANN_CELL",240,-0.17060284251629185,-0.7750139037412658,0.9376443418013857,1,"SELENOM;DHRS3;MICALL2;ELOVL1;MYL9;SPHK1;EMP3;CAVIN3;TINAGL1;SPP1;SYNGR2;HBA2;HLA-B;TSPAN15;ERBB2;GAL3ST1;NFKB2;ENTPD2;TNFRSF12A;FSTL3;SMTN;IFITM2;MT1X;VWA1;CRYL1;ANGPTL4;ATP1A2;IFI6;CDC42EP5;PLP2;LGALS3;SPON2;TMEM176B;TMEM176A;SBSPON;RASL12;HPDL;RAB20;ANXA1;CD59;NTRK3;RGS10;NR2F1;ZBTB7A;EEIG1;TMC6;RGCC;LRP10;FCGRT;PHLDA3;LRRC4;ITGB4;RHBDF1;BMP1;PPP1R1C;HEY1;SLC1A4",0.7837503547755713,1,,
"DESCARTES_MAIN_FETAL_HEPATOBLASTS",40,-0.19277627269214473,-0.6806659219105035,0.9405940594059405,1,"ASS1;TMEM82;ANG;BDH1;BPHL;HSD17B7;AKR1C1;SLCO1B3;ACSS2;HAL;CAPN12;CNGA1;SLC51A;PROZ",-0.8141498912298013,0.965295966474594,,
"DESCARTES_MAIN_FETAL_MEGAKARYOCYTES",152,-0.17273877480517405,-0.7471907473106618,0.9416058394160584,1,"GPX1;SLC39A3;TPST2;LYL1;INKA1;STXBP2;CDKN2D;SMIM12;ZYX;CENPT;NRGN;DOK1;YIF1B;TUBA4A;FAM110A;TMEM91;GAS2L1;VASP;FERMT3;P2RX1;TBXA2R;TPSAB1;FHOD1;DOK3;NBEAL2;UBE2C;PCYOX1L;EGF;TGFB1;MAX;CGRRF1",-0.8714641506232349,0.9565822706090278,,
"HE_LIM_SUN_FETAL_LUNG_C5_LATE_PRO_B_CELL",23,-0.2076827792759251,-0.6432110257719079,0.9418960244648318,1,"EGFL7;SORBS3;TNFRSF1A;SMIM3;FHIT;ENG",-0.807163811434164,0.9575987640697419,,
"DESCARTES_FETAL_LIVER_MEGAKARYOCYTES",98,-0.1766230661957624,-0.7192926229760517,0.9425287356321839,1,"SMIM12;ZYX;NRGN;TUBA4A;PDGFA-DT;TMEM91;STUM;FERMT3;STX1A;XYLT2;TNNI3;FHOD1;NBEAL2;EGF;TGFB1;LY6G6F-LY6G6D;GNB5;LEFTY1;RUFY1;ALOX12;PF4;MYEOV;RAB3C;RSPH1;PRSS27;MYOM1;ACTN1;DNM3;SLC37A1;CXCL3;NPM1P27",-0.6083491175610733,1,,
"DESCARTES_FETAL_PLACENTA_SYNCYTIOTROPHOBLASTS_AND_VILLOUS_CYTOTROPHOBLASTS",47,0.17675713540554716,0.7201150893931789,0.9456521739130435,1,"MCOLN3;L1TD1;LGR5;POF1B;SCAND3;SLC38A9;HSPD1P6;FAM118A;DSC3;SLC28A2;CRISPLD1;SLC27A2;GRAMD2A;RASSF6;SIGLEC6;SLC6A4;HS6ST2;VSTM5;MAP7D2;TMEM150C;ALDH7A1;TTPA;FRMD6",0.7167793805038647,1,,
"DESCARTES_FETAL_KIDNEY_METANEPHRIC_CELLS",52,0.17133373914917474,0.7158379312640147,0.9468085106382979,1,"EYA1;CLIC5;GLYATL1;KNG1;SHISA9;FAT3;CDH6;NNAT;SALL1;COL2A1;DDN;CHRNA1;TNNI1;SIM2",-0.38280122773849046,1,,
"HE_LIM_SUN_FETAL_LUNG_C1_PROXIMAL_SECRETORY_PROGENITORS_CELL",123,-0.17146550463497853,-0.7198725255603724,0.9552795031055901,1,"SOD3;TIMP1;CAPS;COMTD1;PLPP2;S100A2;S100P;NDUFA4L2;PAQR4;GLIPR2;LINC01503;ISG20;SULT2B1;COL6A2;SLPI;BMPR1B;ANXA1;HS3ST1;ABCA7;CCNO;SPINK1;PLAT;MAFB;IFITM1;TNFSF10;AGR3;PFKP;ITGB4",-0.6481075857323444,1,,
"BUSSLINGER_GASTRIC_NECK_CELLS",28,-0.1955756307145471,-0.6365991083126593,0.9567164179104478,1,"CST3;PDIA2;KCNN4;RGMB;PPP1R1B;NOP53;ERGIC1",-0.820146884956747,0.9465144015438085,,
"CUI_DEVELOPING_HEART_VALVAR_ENDOTHELIAL_CELL",133,-0.1710698670781135,-0.7266654448359404,0.9567367119901112,1,"IFI27;S100A6;CRIP1;MT2A;CYSTM1;PDLIM1;HLA-B;WNT4;PDLIM3;PLCD1;HSPB8;AOPEP;CEBPD;CCL4;S100A10;HLA-H;IGFL2;HAND2;HS3ST1;FEZ1;PLAT;CTSL;S100B;BIK;ARID5A;ANO1;ITGB4;NFATC1;DUSP2;CD44;TMBIM1;PLIN2;MTMR11;CXCL8;EVL;PTHLH;CLDN11;AQP1;ACKR3;C1QTNF1;PLPP5;PI16;CD9;CLIC2;CRYAB;PMP22",-0.5248204112875383,1,,
"GAO_LARGE_INTESTINE_ADULT_CA_ENTEROENDOCRINE_CELLS",232,-0.16601721114373083,-0.7516290063029654,0.9571263035921205,1,"CAMK2N2;ENKD1;CDKN2A;PRAF2;VGF;SPHK1;UCN3;SYP;PCBP4;TUBA1A;NPY1R;CCDC74A;SCT;KCNH2;HOPX;OSCP1;LCN15;STX1A;BMPER;CACNA1A;TM7SF2;RAMP1;OR51E2;DIRAS3;GJA4;CDHR3;ARVCF;ISYNA1;FFAR2;C2CD4B;BMPR1B;SOX12;IGFBP3;MLXIPL;SCG5;EFCC1;FBXL16;TAF6L;MTURN;TAMALIN;SLC29A4;GPRIN1;PCSK1N;BMERB1;CNIH2;SDK2;MAPK8IP2;APBB1;MAPRE3;PTPRN;SYN1;GOLGA7B;STMN3;KCNJ3;CPE;BNIP3;TMOD1;RTN1;ST18;KCNH6;VWA5B2;TAFA5;SCAMP5;SV2C;RASA4;RAB3C;CEP15;RAI2;ADAMTSL2;GNAZ;PDX1;ACP3;MS4A8;LINC02593;TNNC1;SSTR5-AS1;CPLX2;CASTOR3P;TMEM198",0.675546340943858,1,,
"HE_LIM_SUN_FETAL_LUNG_C7_FGFBP2_POS_NEURAL_PROGENITOR_CELL",42,-0.18675159583548265,-0.6634361845843384,0.9586305278174037,1,"PSMB8;DNASE2;NDUFA4L2;MIRLET7BHG;PLA2G6;SYNM",-0.7891919946201204,0.9990381426202322,,
"FAN_EMBRYONIC_CTX_ASTROCYTE_2",129,0.15746977532265555,0.7910996460173503,0.9591836734693877,1,"DST;MACF1;KMT2C;ITPR2;APC;SESN3;RORA;SLC7A11;LGR4;ENTREP1;ASPH;LIFR;GASK1B;GJA1;LAMA4;PLSCR4;CTNNA2;KCNN3;SLC4A4;FAT3;ACSL6",1.1517388978270844,0.32326246425463134,,
"HE_LIM_SUN_FETAL_LUNG_C0_MYOFIBROBLAST_2_CELL",86,0.16185589345021784,0.7642998126370791,0.9595141700404858,1,"PAG1;ITPRIPL2;ITGA9;PLEKHG1;MCTP2;SLC26A2;STC1;ZEB1;LRP4;SLC4A4;JCAD;COL12A1;ABR;PLXNA4;SLC9A6;EOGT;SORT1;COL24A1;SEMA3C;REEP1;PLPPR4;FAM118A;ZNF536;SLCO2A1;C1QTNF7;MMGT1;PCSK7;PLXNA2;KCNK5;NKD1",1.348452332384111,0.12118817224016631,,
"HE_LIM_SUN_FETAL_LUNG_C3_DEFINITIVE_RETICULOCYTE",86,0.16177163969021224,0.7639019579058516,0.9595141700404858,1,"CPEB4;HECTD4;MOB1B;TBCEL;KIAA0232;DNAJC6;FBXO30;LPIN2;SDE2;DCUN1D1;SOX6;SPTB;YOD1",-0.80591317602524,0.9990381426202322,,
"HE_LIM_SUN_FETAL_LUNG_C4_ILC3_CELL",68,-0.17986450312389468,-0.6971091613069461,0.9621109607577808,1,"ROGDI;LST1;CAPG;MAEA;TSPAN15;ARL3;WDR86;GPR35;IL4I1;REC8;IL17RE",-0.7661510819186168,1,,
"ZHENG_CORD_BLOOD_C1_PUTATIVE_MEGAKARYOCYTE_PROGENITOR",86,0.16042892842207046,0.7575615402121202,0.9635627530364372,1,"ABCC4;VCL;CCDC68;CMAS;CCND1;PDE3A;SPTB;PROS1;LIMS1;DAAM1;C3orf52;NID1;HEXIM1;ARHGAP18;GP1BA;FYB1;C2orf88;KCNE3",0.9982072401178157,0.661345791966777,,
"DESCARTES_FETAL_KIDNEY_MESANGIAL_CELLS",27,-0.19406326458573583,-0.6236077226925855,0.9636913767019667,1,"FOXS1;TYRP1;KLHL13;SEZ6L2;APCDD1;SYNPO2",0.8946268489067131,0.8541736506872276,,
"AIZARANI_LIVER_C7_EPCAM_POS_BILE_DUCT_CELLS_2",207,0.15045400966328226,0.7973111493656703,0.9657534246575342,1,"DSP;SPTBN1;LAMC1;SYNJ2;PAWR;TEAD1;TTN;AFDN;ITGB1;MAGI1;CRIM1;DCDC2;CLIC6;SLC17A4;ENAH;DSG2;ABLIM1;CCND1;EGR1;ERICH5;BIRC3;THSD4;CDH1;SOX9;SHANK2;GTF2I;WEE1;GOLM1;RAB3IP;SLC4A4;PTPRD;ATP1A1;CLMN;SERPINA5;ZBTB20;AMOTL2;PTPRK;NEDD4L;OCLN;C6orf132;PARD6B;EPB41L1;ZFHX4",-0.7594367214772555,1,,
"MANNO_MIDBRAIN_NEUROTYPES_HRGL3",470,0.1478817270132512,0.8446494147723286,0.96875,1,"ITSN1;ARHGAP5;DST;SLC38A1;TRAM2;FNDC3B;EVI5;FMNL2;PLEKHA5;YAP1;KIF5C;AHNAK;CMTM4;RPGR;PARD3B;LCA5;TBC1D4;CRIM1;FAT1;DCDC2;STK33;ADAM9;RALGPS2;NOTCH2;DSC2;PLOD2;SLC7A11;DSG2;PAPLN;CFAP44;STAT3;DIPK2A;TSPOAP1;GALNT3;HEATR5A;CPEB2;PDE3A;HAPLN1;B3GNT2;ARAP2;CDH13;EGR1;UBL3;MAP3K5;NR4A3;LIFR;NMNAT2;B4GALT6;MPDZ;THSD4;GASK1B;SOX9;GJA1;ITPRID2;HK2;LRRK2;MAP7;SIPA1L2;PDE1C;ATOSA;PLEKHH2;APLP2;KCNN3;SLC4A4;APPL2;NADK2;FAT3;RAI14;NES;C6orf89;SLIT2;IFT88;TBC1D2B;FZD3;MBP;OBSL1;TNIK;CEP126;EDNRB;LIMCH1;TRIL;GNG12;IRS1;PDLIM5;CALU;TCIM;SALL1;TXLNB;PYGL;NDNF;CREB5;KLF9;TSHZ2;COL4A5;NEBL;COL8A1;EPHA3;THSD7A;ATXN1;CPNE8;IQGAP2;DNAH6;BNC2;CORIN;DNAH7;DNAJB4;ARHGEF28;SOX9-AS1;TMC5;SALL2;VCAM1;DSC3;CNTN4;DDAH1;P4HA1;THUMPD2;LIX1L;EFCAB14;CDH4;GPR155;SUSD5;SCD;PPP1R3C;MNS1;PLPP3;EFNB3;MKX;CAST;ITGB8;ATF3;ANTXR1;CRISPLD1;TRIM9;COBL;RFTN2;LRP1;FOS;SSPOP;FIBIN;SHROOM3",1.2920790049454014,0.0030617410829383903,,
"GAO_SMALL_INTESTINE_24W_C6_GOBLET_CELLS",40,-0.17687342951237184,-0.6245152179737977,0.9688826025459689,1,"STARD10;CENPM;SYP;FAM193B;FUT6;MT1M",-0.9444701329069358,0.8035584539864253,,
"HU_FETAL_RETINA_RPE",261,-0.1624734676421927,-0.7440505027980819,0.9691780821917808,1,"SNHG25;DPP7;TMEM205;NPC2;HSPB1;TNFRSF14;CTSD;DHRS3;VEGFB;PTGDS;CST3;BSG;TPRN;MYL9;ASB13;TSPAN4;IGFBP7;CD63;APOE;NUCB1;TTYH3;PLAC9;DRD4;GSTP1;TPM2;LYPD1;PGM5;HSD17B14;ID3;HSBP1L1;CYP27A1;INPP5K;MT-RNR1;LOXL1;CRTAP;TSKU;SEC14L2;KRT18;WFDC1;KRT8;EMP2;TYRP1;CPXM2;PCOLCE2;PBXIP1;FGFRL1;SLC29A4;B2M;MT-CO3;MT-CO2;PLTP;TMEM98;PSAP;SERPINH1;ZNF503;MARVELD1;FAM107A;BMP4",0.9414013507508876,0.8522420725810557,,
"HE_LIM_SUN_FETAL_LUNG_C6_MUC16_POS_CILIATED_CELL",48,0.1717410039212399,0.6963894220194448,0.9706959706959707,1,"UACA;SEPTIN11;LGR4;TNFRSF21;DIAPH2;APOD;ITGA2;CAPN9;TXLNB;SLC2A10;KLHL5;VCAN;MAOB",-0.5924664804767596,1,,
"DESCARTES_FETAL_EYE_LENS_FIBRE_CELLS",32,-0.1831413534973645,-0.6094041833449083,0.9709302325581395,1,"F12;UPP1;GSS;CRYBB3;SQOR;PIP5KL1;HSPA6;KMO;ARSI;NEURL2;PITHD1",-0.6585867880184381,1,,
"HE_LIM_SUN_FETAL_LUNG_C3_LYMPHATIC_ENDOTHELIAL_CELL",356,-0.16561648061514883,-0.7718530345318971,0.9724366041896362,1,"BCL7C;NICOL1;HSD3B7;CHCHD10;PXMP2;NBL1;CARD19;CD74;DNPH1;SNCG;TMEM120A;DNASE2;UBTD1;SPR;ACADS;SPHK1;ASB13;CAPG;POLE4;PLAAT4;PDLIM3;SAT2;RPP25;LAPTM5;TFF3;PDGFA;SLC27A3;ARRDC2;PGM5;KCTD17;GLIPR2;CDC42EP5;RHOD;NNMT;HAPLN3;NUPR1;DTX1;LGALS3;RAB3IL1;SYNM;NR1H3;F8;CALHM6;DLGAP1-AS1;MMP17;TBX1;EMID1;LRRN4CL;LAYN;SH3TC1;SQOR;HS3ST1;CFI;CRACR2B;CMBL;PLIN5;RAB11FIP3;NHSL3;PPIC;TRIP6;CXXC5;COQ2;FAM162B;PGF;FLNC;CISD1;PXDC1;NR2F1;P2RX4;MVP;PLEKHO2;ZDHHC14;EEIG1;LTBP4;GGT5;SLC35E4;CASP4;SFXN3;ARRB2;STAB1;PRKCZ;TMEM38B;MEGF6;FHL3;ARFGAP1;CDA;MFAP4;GJC2;EPHB2;GPRC5C;CYP4X1;GNB5;TNFAIP8L3;FHL2;LOX;THEMIS2;PRKAG2;OAS1;FCGR2A;SCAMP5;ACSL5;PGM1;SCN3B;ISLR2;LGMN;ABLIM3;LY96;EMILIN1",0.9830065992121015,0.7833572453371593,,
"DESCARTES_FETAL_STOMACH_NEUROENDOCRINE_CELLS",25,-0.18676454590388997,-0.5890912472755582,0.9772382397572079,1,"CACNA1A;DPEP1;MEGF11;LINC02532;DEPP1;ST18;KCNH6;VWA5B2;GHRL;SEC11C",-0.7121678661432634,1,,
"HU_FETAL_RETINA_FIBROBLAST",370,-0.16418234388403477,-0.7666039822735129,0.9790979097909791,1,"DHRS3;GSTO1;LGALS1;SNORD3A;TIMP1;CYBA;H2AJ;EGFL7;S100A13;PITX1;SERTAD1;SNHG18;ISG15;MYL9;RHOC;HLA-A;S100A11;CLIC1;EMP3;PFN1;IGFBP7;HLA-E;MT2A;LY6E;HBA2;GYPC;NHERF2;IFITM3;SMTN;IFITM2;SDC1;PLAC9;SMIM7;EFEMP2;TPM2;TUBB6;TGFB1I1;CD81;CDC42EP1;RAB34;ANXA2;SORBS3;IGFBP6;CENPW;TMEM204;EPHB4;CEBPD;C1orf54;KLF2;IRF1;RAMP2;MDK;ID3;S100A10;FXYD5;COL6A2;OSTC;HIC1;CRTAP;P3H1;IGFBP4;MXRA8;TP53I3;MT-TC;CFI;IL11RA;PCOLCE;EMP2;THY1;CPXM1;HAS2;PGF",1.2068555195324069,0.026959124309356857,,
"DESCARTES_FETAL_CEREBELLUM_OLIGODENDROCYTES",42,0.15354477013230636,0.6189104920068125,0.9800664451827242,1,"EYA1;HAPLN1;APOD;PRKCQ;GPR17;PDGFRA;LGR5",0.9290072685636804,0.833884739133895,,
"DESCARTES_FETAL_SPLEEN_MEGAKARYOCYTES",84,0.1533488430059745,0.7197975801449201,0.9831223628691983,1,"ASAP2;VCL;CNST;DENND2C;EGR3;MDM1;NLK;ADCY6;LINC00299;MPIG6B;DNMT3B;GP1BA;C2orf88;SLC2A3;RAB37;ELAPOR2;PRKAR2B;COL24A1;PDE5A;IRS2",0.8859227099368027,0.9547123623011016,,
"GAO_ESOPHAGUS_25W_C4_FGFR1HIGH_EPITHELIAL_CELLS",197,-0.15499362238893083,-0.6869590061762455,0.983451536643026,1,"GALT;INKA1;POLL;TPGS1;CISD3;RARRES2;ASB2;SDHAF4;TSPAN4;SNHG15;ZNF628;ABHD8;PKDCC;ZBTB17;OGFOD3;HMCN2;MED29;ADAM33;FNDC5;SNX21;ISLR;P3H3;LCAT;ACKR1;ZDHHC8;HIC1;KLHL21;SLC9A3-AS1;ADAMTSL1;ADGRB2;PIANP;IFFO1;PCOLCE;PHETA1;TMEM132A;SLC37A4",0.806353691200505,1,,
"DESCARTES_FETAL_CEREBELLUM_SLC24A4_PEX5L_POSITIVE_CELLS",16,0.17673565941901415,0.5440907346120553,0.984375,1,"ZNF860;HNF4G;PTPRK;LGI2;OPRD1;OTOF",-0.5812205749062055,1,,
"HE_LIM_SUN_FETAL_LUNG_C0_AIRWAY_FIBROBLAST",24,-0.1746019943725808,-0.5429326013300875,0.9845440494590417,1,"HSD11B2;NTF3;PLP2;ALDH1A1;GPX3;GALNT17;DPT;CRYM;NKD2",0.5363156067542709,1,,
"HE_LIM_SUN_FETAL_LUNG_C1_LATE_TIP_CELL",27,-0.18066971446273575,-0.5805685554972759,0.9848714069591528,1,"C16orf74;PPP1R1B;RASGRF1;C11orf96;ADH1C;TMEM163;ENG;ADORA1;CLDN2;AQP1;ACOXL;NOTUM",-0.6294992550651954,1,,
"DESCARTES_FETAL_INTESTINE_ENS_NEURONS",67,-0.16167119373678368,-0.6247616377671728,0.9850948509485095,1,"F12;CPLX1;MAST1;PDIA2;STUM;LINC01315;UCHL1;FGF13;ARHGDIG",0.8101380972870429,1,,
"CUI_DEVELOPING_HEART_C5_VALVAR_CELL",189,-0.15726902786817384,-0.693963774205871,0.9858657243816255,1,"SELENOM;IFI27;LTC4S;LGALS1;CLIC3;ZFAS1;S100A6;SERTAD1;APOE;MT2A;LMNA;TUBA1A;TAGLN;ZFAND2A;PDLIM3;RGS3;IFI6;UCHL1;IRF1;FHL1;ID3;S100A10;SNHG12;CHPF;HS3ST1;S100B;LTBP4;ARID5A;RNASE4;C11orf96;JUNB;MGP;APCDD1;HSPA6;LMCD1;BGN;IL33;NFATC1;MFAP4;GADD45B;PRELP;SRPX;SYNPO2;ID1;SRSF7;PTHLH;DNAJB1;CLDN11;NFIX;CRYM;CLU;C1QTNF1;TWIST1;ACTN1;HSPA1A;CD9;HSPA2",0.7481236854940906,1,,
"HE_LIM_SUN_FETAL_LUNG_C0_ASPN_POS_CHONDROCYTE",100,0.1529991947916352,0.7315907946940603,0.9859154929577465,1,"FBN2;HAPLN1;LMO7;MECOM;YPEL2;SOX6;THSD4;SOX9;ZEB1;ERG;INHBA;STEAP2;COL15A1;COL12A1;PI15;ACAN;MXRA5;GPR180;CHL1;LDB2;COL2A1;COL8A1;IQGAP2;PDGFD;ANOS1;CPM;COL9A1;CRISPLD1;F2RL2;FNDC1;FIBIN;EGLN2",1.4056031402215883,0.058811859058894626,,
"GAUTAM_EYE_IRIS_CILIARY_BODY_MGP_HIGH_FIBROBLASTS",84,0.15056657535828116,0.7067380129459218,0.9873417721518988,1,"SPTBN1;LARP4;TOP1;REV3L;RORA;RHOBTB3;LIMA1;LAMA4;CBLB;CALCRL;LPIN1;RBMS3;UGP2;RBMS1;YWHAB;RBM17;FILIP1L;GLCE",1.1987105822457604,0.2634780550954217,,
"DESCARTES_FETAL_KIDNEY_VASCULAR_ENDOTHELIAL_CELLS",79,0.1472003821766479,0.6865012536913434,0.9879032258064516,1,"PREX2;ADGRF5;SELE;ULBP1;PTPRB;NR5A2;CALCRL;SHE;STAB2;BCL6B;CEACAM1;ADGRL4;NOS2;ESM1;TCIM;ULBP2",-0.5221748765993345,1,,
"DESCARTES_FETAL_SPLEEN_MESOTHELIAL_CELLS",159,-0.15128384285639,-0.6590281977383279,0.9879081015719468,1,"TIMP1;KRT7;CLIC3;RASSF7;CTXN1;CRIP1;CYSTM1;CLDN15;INMT;PDZK1IP1;CSDC2;LGALS3;S100A10;SBSPON;REC8;HAND2;ITPKC;SLPI;FAM83H;KRT18;ANXA1;ADAMTS15;MSLN;PLAT;KRT8;PTGIS;NR2F1;B3GALT2;JUNB;MGP;SH3RF2;BMP4;ISL1;TNNT1;SMPD3;GFPT2;FABP4;IGSF9;NREP;FLRT3;ARSJ;CHRDL1;GAS1;ADAMTSL4;TPD52L1;MMP24;KLK11;PROCR;FGF18;CEP170B;CAPN6;ARHGAP44;GPNMB;EZR;TGM1;KRT19;ELAVL2;ADAMTS8;CSRNP1;AOX1;PDGFRL;EPHB6;MAF;PDPN;RRAD;DUSP1;SOCS3;FOXF1",-0.599992813045563,1,,
"DESCARTES_FETAL_PANCREAS_MESOTHELIAL_CELLS",48,-0.1568779515190288,-0.5766073527148754,0.9890260631001372,1,"CLDN15;SERTAD4-AS1;INMT;MT1A;ITPKC;MSLN;PLA2G10;TNNT1;BDKRB1;CHAC1;GFPT2;KLK10;CFB;GAS1;KLK11;FGF1",-0.9039153886299877,0.8507964729943339,,
"DESCARTES_MAIN_FETAL_MUC13_DMBT1_POSITIVE_CELLS",53,0.1533571833425348,0.6502558173394939,0.9892857142857143,1,"PLA2G4E;TRIM31-AS1;SLC19A3;GALNT4;CEACAM5;MXD1;OCLN;TLCD2;POF1B;RHPN2;PLS1;CHST5;FER1L6;PREP;ZNF774;SLC28A2;ARHGEF34P;GDA;ZC3H12B;ODC1-DT;FMO4",-0.7794945349984389,1,,
"DESCARTES_FETAL_INTESTINE_VASCULAR_ENDOTHELIAL_CELLS",39,0.14876908733566152,0.579861424528648,0.9896907216494846,1,"FLT1;GASK1B;HSPG2;COL15A1;ESM1;EMCN;CD34;CYYR1;TM4SF18",0.7895528400143508,1,,
"DESCARTES_FETAL_HEART_SATB2_LRRC7_POSITIVE_CELLS",43,-0.15638842548067533,-0.5575354161120704,0.99002849002849,1,"TMEM158;CACNA1A;MSRA;MIR9-1HG;ADGRB2;LAMB2P1;HES6;NXPH3;GLRA2;SCD5",0.7321465055659555,1,,
"DESCARTES_MAIN_FETAL_BRONCHIOLAR_AND_ALVEOLAR_EPITHELIAL_CELLS",23,-0.16681737295831317,-0.5166474271539652,0.9908256880733946,1,"NPC2",0.6881162575991197,1,,
"DESCARTES_FETAL_CEREBRUM_OLIGODENDROCYTES",29,-0.16174700510777398,-0.5301294539091344,0.9910846953937593,1,"GAL3ST1;KRT18P10;KLRK1-AS1;TENT5B;GJB1;FA2H;NT5E;CLDN11;PLPP4;GDNF",-0.640419496389835,1,,
"ZHONG_PFC_C3_MICROGLIA",398,-0.154718266253361,-0.7269099541664863,0.9912758996728462,1,"PHPT1;C12orf57;RFNG;STARD10;SLC39A3;HMOX2;TLE5;CRIP2;LPAR2;COMTD1;MFSD10;NPDC1;RNF220;HAGHL;CTXN1;BOK;ACAP3;SRM;CACFD1;ASPSCR1;EXD3;TAB1;ARHGAP33;PRKAR1B;SYP;MARCKSL1;MVD;ANKRD16;PCBP4;TUBA1A;CPLX1;MAST1;SNX32;PDIA2;PPP2R2D;CSDC2;STUM;AKT2;AGAP3;LRRN3;REEP2;UCHL1;FGF13;STX1A;STK25;NCS1;RAB3A;CACNA1A;ACOT7;DTX1;TCEA2;SSBP3;NUDCD3;DMWD;TXNL4A;DYNC1I1;NT5C3B;RAMP3;AMPD2;PRXL2B;IGSF21;CENPV;ACKR1;ADGRB2;LMO4;PTP4A3;RELA;CARM1;ATP6V0E2;FADS3;JAG2;SCG5;NCDN;GPC1;B4GAT1;TMEM132A;THY1;FBXL16;PFN2;CELF5;VSTM2L;ARL8A;FAM229B;NIPSNAP3A;DBNDD1;FCHO1;GPRIN1;SEZ6L2;PCSK1N;BMERB1;SDK2;CACNB3;GTF2IRD1;ACTR3B;APBB1;BAALC;GLRA2;MAPRE3;SCD5;ABCA2;RBM4B;MOK;RGS11;STMN3;KCNB1;UQCC6;NGRN;EFNA2;CTIF;LIMS2;SEPTIN3;MT3;MORN4;UBE2QL1;C1orf216;SGSM2;TPPP;BAIAP2;DAB2IP;SHC2;PPP5C;TSC2;GRP;CPNE6;DNM1;NFIX;MAPT;ZNF324;CEP15;RAP1GDS1;GPSM1;DOK5",0.9256985853353477,0.9575987640697419,,
"HE_LIM_SUN_FETAL_LUNG_C5_CD5_NEG_MATURE_B_CELL",46,-0.14647815547244658,-0.5325549208463893,0.9931129476584022,1,"ACP5;LY6E;RBKS;DPEP2;TRBC2;BIN1;ITGB7;DUSP2;CD44;LY9;LINC00926;CD82;CTSH",-0.6801184371010035,1,,
"HE_LIM_SUN_FETAL_LUNG_C0_MYOFIBROBLAST_3_CELL",24,0.15408418504327182,0.5305267059365841,0.9943661971830986,1,"MCTP2;SLC26A2;STC1;PLPPR4;FAM118A;ETV5;RGN;SAMD5;PROM1;PTGER2",0.9078316364744735,0.8346122825210278,,
"DESCARTES_FETAL_LIVER_STELLATE_CELLS",103,-0.15353143578454886,-0.6304977770501357,0.9949622166246851,1,"HSPB6;NDUFA4L2;SCARF2;NTF3;COLEC11;GPR153;RASL12;DACT3;C1QTNF2;ADAMTSL1;NEURL1B;BMPR1B;MXRA8;IGFBP3;TWIST2;TBX2;ST6GAL2;CARMN;GGT5;BGN;ADAMTS13;ALPL;MFAP4;BCO1;MASP1;SYNPO2;GRIN2D;PTH1R;VIPR1;DIO3OS;PKNOX2;SLITRK6;KIF26B;RAI2",1.3635959305925076,0.06493185660586431,,
"HE_LIM_SUN_FETAL_LUNG_C1_GHRL_POS_NEUROENDOCRINE_CELL",115,-0.1462059759106572,-0.6121427375464893,0.9950372208436724,1,"PSD;NPDC1;SYP;HLA-B;PLPPR2;KCNH2;TMEM51;STX1A;LYSMD2;CLDN5;TMEM176B;TMEM176A;GPBAR1;CDHR3;HES6;RAB26;VSTM2L;MAFB;SEZ6L2;CNIH2;MAPK8IP2;MAPRE3;PTPRN;ISL1;STMN3;TSPAN7;GPX3;RTN1;CLIP3;KCNH6;VWA5B2;RASA4;A4GALT;GHRL;MS4A8;NAAA;CPLX2;C21orf58;MATN2;ATP2A3;RIMBP2;CNTNAP2;RASA4B;GNAO1;HEPACAM2;NLRP1;RUNDC3A;STMN2",0.5961634226758543,1,,
"HU_FETAL_RETINA_HORIZONTAL",22,-0.14573451323740289,-0.4473708681155069,0.9953703703703703,1,"TUBA1A;JPT1;STMN1;TFAP2A",0.8025992516033553,0.9644939056703762,,
"ZHONG_PFC_C1_NEUROD1_POS_EXCITATORY_NEURON",20,-0.14381555078269537,-0.4338611048127817,0.9984567901234568,1,"HPCA;DDIT4;HEY1;NRN1;ABRACL;ST18;CALB2;HSPA1A",1.097034825237556,0.5512329888468229,,
"DESCARTES_FETAL_PLACENTA_PAEP_MECOM_POSITIVE_CELLS",121,-0.1345141811375883,-0.5652972520211035,0.9987654320987654,1,"CLDN3;GALNT14;CAPS;MRPS2;GABRP;SFN;TMEM101;BAIAP2L2;PIERCE1;PKDCC;OVOL2;UBE2D2;NNMT",-0.6218201878672837,1,,
"HE_LIM_SUN_FETAL_LUNG_C3_INTERMEDIATE_LYMPHATIC_ENDO_CELL",375,-0.141929098192729,-0.6632492146512824,0.9988998899889989,1,"NICOL1;HSD3B7;NBL1;DNPH1;TRADD;SNCG;TMEM120A;HES4;DNASE2;RARRES2;SPR;UNC93B1;APOE;PDLIM1;PRKAG2-AS1;S100P;PLAC9;MCUB;PLAAT4;PDLIM3;RPP25;TFF3;PDGFA;PDLIM4;PGM5;CDC42EP5;RHOD;CAMK1;NNMT;HAPLN3;NUPR1;DTX1;LGALS3;RAB3IL1;GSTM3;TM7SF2;SYNM;NR1H3;F8;ANG;CALHM6;DLGAP1-AS1;SBSPON;CYB561A3;CYP27A1;TBX1;ITPK1;LRRN4CL;SLPI;MXRA8;TRIM47;GDF10;AKR1C2;THBS3;C17orf58;CALHM2;HS3ST1;CFI;PLIN5;TRIP6;FLNC;NR2F1;CPXM2;COQ8A;MVP;PLEKHO2;FHIT;ZDHHC14;EEIG1;LTBP4;DBNDD1;RNASE4;FBXO44;AKR1C3;ITGB4;SFXN3;AKR1C1;SLC25A23;PRKCZ;TMEM38B;NFATC1;MFAP4;EPHB2;ALDH1A1;SEMA4D;CYP4X1;GNB5;TNFAIP8L3;SLC35F6;SETD9;FHL2;THEMIS2;PRKAG2;CD38;EPS8L1;OAS1;CLIP3;TFEB;FCGR2A;PLPP1;SLC38A4;SMAD9;ACSL5;PGM1;TCTN3;SHC2;FBLN2;SCN3B;HYAL3;LY96;PTPRS;ROBO3;A4GALT;BCR",1.017645385234498,0.3543318036434432,,
"AIZARANI_LIVER_C4_EPCAM_POS_BILE_DUCT_CELLS_1",175,0.1341469019827487,0.6984973332463981,1,1,"DSP;LAMC1;CPD;SYNJ2;PAWR;AFDN;MAGI1;DCDC2;CLIC6;SLC17A4;EGR1;ERICH5;ERRFI1;SOX6;CDH1;SOX9;SHANK2;GTF2I;WEE1;GOLM1;RAB3IP;SLC4A4;ATP1A1;CLMN;PROX1;SERPINA5;ZBTB20;AMOTL2;PTPRK;NEDD4L;OCLN;TMEM245;SCARB2;KLF10;HSP90AB1;SORBS2;PALS2;TMPRSS2;SLC12A2;BICC1;VCAN;PAQR5;LAMP2;CXCL6;CPM;TM7SF3;CLDN1;MYO10;ITGB8;ATF3;COBL;ALDH3A2;TP53INP1",0.8275083194967179,1,,
"DESCARTES_FETAL_EYE_VASCULAR_ENDOTHELIAL_CELLS",83,0.14256081045002442,0.6679789482390521,1,1,"FLT1;ADGRF5;EPAS1;HAPLN1;MYCT1;DUSP6;ERG;CALCRL;TEK;ABCG2;ELK3;ZNF366;ABCB1;ADGRL4;ARL15;PRKCH;TCIM;PODXL",0.9507547507576383,0.7953281423804227,,
"DESCARTES_FETAL_LUNG_LYMPHATIC_ENDOTHELIAL_CELLS",42,0.12258490258689092,0.49411700774493994,1,1,"PPFIBP1;PRR5L;FOXC2;STAB2;RELN;ADAMTS4;C6orf141;GNG12-AS1;GLRA4;HOXD10;LETR1;LRRC15",0.961308735347841,0.8020507033484444,,
"DESCARTES_FETAL_MUSCLE_SCHWANN_CELLS",68,0.12329504420517867,0.5554243255795498,1,1,"DST;TRPV3;CDH1;HSPA12A;PARD6B;ADAM23;CHL1;MEGF9;L1CAM;GRIK3;SPMIP5;PLEKHA4;B3GAT1;ITGB8;HMGA2-AS1;GRB14;MOXD1;CADM1;BEND6;UGT8;TMPRSS5;FLRT1;C2orf72;RDH10;BCAN;GFRA3;FRMD5;KCNH8;ATP10B;IGSF9B;GINS3;TMEM92;BMP8B;ALCAM;SEMA3B;MPZ;MAP3K4-AS1;GLDN;NKAIN3;DHH;TMEM178B;BRSK2;KIAA1755;TENM3;TTYH1;PLLP;TMEM132B;GABRA2;CADM4;PLEKHB1;SMN2;CDH2;PMP22;PRX;PRSS27;FLRT3;TAFA5;RAB36;CNP;FAM78B;PPP1R1C;PPP2R2B;INSC;CPXM2;S100B;TFAP2A",0.8043218777573415,1,,
"DESCARTES_MAIN_FETAL_SCHWANN_CELLS",29,-0.1143152288641982,-0.3746707384838152,1,1,"ENTPD2;TMEM176A;PLAT;S100B;RHBDF1;CNP;GJC3",0.6679618121668462,1,,
"GAO_LARGE_INTESTINE_ADULT_CJ_IMMUNE_CELLS",482,0.13181779759453763,0.7531363165592236,1,1,"WDR35;HECW2;FLT1;LAMC1;ASAP1;CEP112;DYNC2H1;PREX2;ADGRF5;TMTC1;UNC5C;PHF10;TRPA1;WWC2;HEG1;STOX2;ARL10;ITPR1;CD93;TCF4;SYDE2;RYR3;ADAMTS1;ACSL4;COL14A1;COL4A1;ETS1;KIRREL1;IGDCC4;APOD;CDH13;CRISPLD2;MAP1B;ADAMTS5;DLC1;LIFR;PCDH18;PTCH1;FAM13C;SOX6;GASK1B;GJA1;LAMA4;STC1;ZEB1;TET1;PDE1C;MYCT1;LRRC49;ANGPT1;CALCRL;PTPRM;TEK;AMOTL1;RAI14;JCAD;PDGFRA;NES;RBMS3;ITGA1;LINC01876;COL6A3;BCL6B;NID1;CDH6;RBMS1;SGTB;FRY;COL15A1;COL12A1;CCDC102B;GIMAP8;GRK5;SMARCA1;EDNRB;LIMCH1;WWC3;PKD2;EMCN;ZNF155;ADGRL3;RGS5;IL1R1;PEAR1;SALL1;MXRA5;ZEB2;SLC2A3;FILIP1L;CHL1;FBN1;SAMD4A;MAGI2-AS3;CD34;KLHL5;ADAMDEC1;LDB2;CYYR1;SGIP1;PAPPA;RAB8B;NDST1;DZIP1;OLFML2A;PDE7B;LAMA5;TSHZ2;MCTP1;GUCY1A1;LINC00472;COL4A5",1.5594080057394022,1.3149952631525332e-6,,
"HAY_BONE_MARROW_FOLLICULAR_B_CELL",120,0.14744753352906115,0.7220875500541274,1,1,"REL;CHD7;PRDM2;NCOA3;SWAP70;RALGPS2;PNISR;PLEKHG1;COBLL1;ZDHHC21;ZNF860;BIRC3;STX7;SEL1L3;SETBP1;RAB30;METTL8;PLEKHG7;ABCB4;TMEM154;COCH;TRAF5;RRAS2;SLC38A11;OSBPL10;TPD52;MEF2C",0.9201144047491983,0.9261477045908184,,
"HE_LIM_SUN_FETAL_LUNG_C1_GHRL_POS_NE_PRECURSOR_CELL",363,-0.13703747423776885,-0.6386574976734039,1,1,"PRADC1;TESK1;TPST2;PARD6A;PSD;CCDC28B;LIN7B;NPDC1;CTXN1;CDKN2D;VGF;ACAP3;SPR;HSD11B1L;FBXO6;SYP;RPS21-DT;ASCL2;FAM131A;RCN3;GAL3ST1;MAST1;PLPPR2;DEF8;KLF16;LINC01315;KCNH2;HIRA;REEP2;TMEM51;STX1A;LYSMD2;CAPN15;TUT1;CACNA1A;ACOT7;ARHGEF10L;CLDN5;GLYCTK;NPIPA1;LRFN4;RALGDS;GRIK5;DGKZ;GPBAR1;CDHR3;ABLIM2;GIT1;NSMF;ZDHHC8;HES6;THBS3;IGFBP3;SCG5;MAPK15;PRXL2C;BIK;TRIM3;RAB26;VSTM2L;ZDHHC14;NUMBL;SLC29A4;PPFIA3;TBC1D24;FBXO44;RFX2;PFKP;SEZ6L2;CNIH2;SPIRE2;KIF19;PTPRN2;TNFRSF25;CACNA1H;FOXA3;MAPRE3;PTPRN;ISL1;ABCA2;RGS11;STMN3;PALM;TSPAN7;DEPP1;ADGRL1",-0.7363455864032714,1,,
"HE_LIM_SUN_FETAL_LUNG_C1_INTERM_NEUROENDOCRINE_CELL",217,-0.1331501521392253,-0.5976050515921514,1,1,"RHBDL1;PSD;CCDC28B;NPDC1;IZUMO4;SYP;ASCL2;PLPPR2;LINC01315;KCNH2;REEP2;TMEM51;STX1A;CACNA1A;CLDN5;CFAP65;TMEM176B;TMEM176A;GPBAR1;CDHR3;SRRM3;HES6;SCG5;KIAA0930;BIK;RAB26;VSTM2L;SLC29A4;SEZ6L2;CNIH2;KIF19;MAPK8IP2;PTPRN2;WFS1;BAALC;CACNA1H;MAPRE3;PTPRN;RGS11;STMN3;PALM;DEPP1;SMPD3;GPX3;RTN1;CLIP3;ST18;MMP25-AS1;KCNH6;VWA5B2;DRAIC;SCAMP5;SV2C;POU2F2;GRP;RASA4;TECPR1;A4GALT;SLITRK6;RAB3C;PDZRN3;GHRL;PLAC8;MS4A8;NAAA;HSPA2;KLK11;C21orf58;DLL4;MATN2;KLK12;ATP2A3;RIMBP2;NACAD;DPYSL3;CNTNAP2;RASA4B;GNAO1;RASD1;HEPACAM2;NLRP1;TUBB3;RUNDC3A;STMN2",0.5747533594890306,1,,
"MANNO_MIDBRAIN_NEUROTYPES_HRGL2A",471,0.13574870119586796,0.7745404964688336,1,1,"THOC2;TRAM2;FNDC3B;EVI5;REST;OPHN1;PAG1;AHNAK;ITPR2;APC;SESN3;RPGR;WIPF2;PARD3B;FAT1;STK33;NOTCH2;SLC7A11;CFAP44;PRKAA2;ABCA5;NLGN4X;HEATR5A;ICA1L;MCC;LPIN2;TCF4;B3GNT2;PALS1;PRKCA;ABHD2;MAML2;ARAP2;CDH13;EGR1;UBL3;MCL1;TUBB2B;EGFR;LIFR;NMNAT2;SLC11A2;PTCH1;MPDZ;SOX6;THSD4;GASK1B;SOX9;GJA1;LAMA4;LRRK2;ITGAV;GOLM1;PDE1C;KCNN3;SLC4A4;PCSK6;EMP1;CLCN3;FAM3C;SNCAIP;SEL1L3;TSPAN18;NADK2;FAT3;SPRY1;XYLT1;AK4;OBSL1;CEP126;EDNRB;LIMCH1;INTU;NCKAP5;KAT2B;TRIL;GNG12;TMED5;PDLIM5;TCIM;PI15;SALL1;HMGCS1;LTA4H;ABAT;TC2N;AASS;NDNF;STON2;NBEA;CREB5;NCAM2;CA12;MCTP1;COL4A5;COL8A1;EPHA3;ATXN1;IQGAP2;DNAH6;SPRED1;RASSF2;KBTBD11;PHLPP1;DNAH7;DNAJB4;SALL2;VCAM1;ARHGEF6;ANOS1;DDAH1;P4HA1;RAB6B;LIX1L;B3GAT1;GPR155;SCD;FOSB;MNS1;PLPP3;MKX;CAST;ITGB8;ANTXR1;CRISPLD1;ATP2B4;RFTN2;LRP1;NELL2;FOS",1.2264552602947736,0.014805865365194317,,
"MANNO_MIDBRAIN_NEUROTYPES_HRGL2C",248,0.12980515865651193,0.7002532639162905,1,1,"NSRP1;ARHGAP42;AFF1;CENPF;ITPR2;PIK3CB;TAOK3;SLC7A11;PCDH17;NAV1;CFAP44;PRKCA;SGO2;ARAP2;CDH13;EGR1;PIEZO2;EGFR;LIFR;PTCH1;LIMA1;THSD4;SPRY4;SOX9;ITGAV;ADAMTS6;PDE1C;PLEKHH2;PTPRE;SLC4A4;SH3D19;DPF3;ACSL6;NES;SPRY1;RELN;ADAMTS3;CEP126;EDNRB;KAT2B;GNG12;MAP3K1;RACGAP1;PI15;MAPK14;FOXM1;COL2A1;CREB5;NPNT;RFC3;PDE7B;CA12;DOCK1;EPHA3;DNAH6;SPRED1;RASSF2;DNAH7;SOX9-AS1;NFATC2;ARHGEF6;ANOS1",1.0079151256714995,0.6265902794588343,,
"MANNO_MIDBRAIN_NEUROTYPES_HSERT",322,-0.13326506561319118,-0.6177600601654776,1,1,"ABHD17A;BTBD6;CAMK2N2;SNCG;PSD;COMTD1;ZNF32;CDKN2D;VGF;ASB2;MAP1LC3A;RAB24;CHCHD1;FNDC10;PRKAR1B;SYP;C10orf95-AS1;MAST1;PLPPR2;BOP1;GCHFR;TRPV2;B9D1;SPINT2;UCHL1;FGF13;CACNA1A;ACOT7;RALGDS;DYNC1I1;GOT1;DACT3;SLC22A17;KIRREL3;EMID1;SMARCD3;QDPR;AKR1C2;SCG5;NCDN;FBXL16;MTURN;CELF5;KLC1;CHST1;SLC8A2;LPCAT4;TMEM59L;RASGRP2;SEPTIN6;PFKP;SEZ6L2;PCSK1N;CNIH2;SBK1;AKR1C1;PRKCZ;MAPK8IP2;RUNDC3B;PPP2R2B;BAALC;GLRA2;MAPRE3;GOLGA7B;TSPAN7;CPNE7;CYP4X1;GATA3;SMPD3;KIFC2;YWHAH;NDFIP1;BEX5;PNMA8B;NPTXR;RTN1;CHD5;TPPP;TAFA5;CD2",0.7368214919278685,1,,
"VANGURP_PANCREATIC_DELTA_CELL",63,0.12699674243419723,0.5655410851853939,1,1,"SLC38A1;SORL1;ADGRL2;MTUS1;ARFGEF3",1.0168259017211947,0.6739984289080911,,
"VANGURP_PANCREATIC_GAMMA_CELL",34,-0.13960588398556759,-0.4706146759905225,1,1,"AQP3;TMEM176B;S100A10;PTP4A3;SPINK1;BMERB1;TM4SF4;ID1;SLITRK6;DPYSL3;STMN2;TMEM47;SCGB2A1;CHN2;ID4;FGFR1;SCG2;MEIS2;ID2;SPOCK1;ETV1;PEG10;GCNT3;TXNIP;SLC6A4;CHRM3;PXK;THSD7A;ABCC9;ABCB1;AMOTL1;AKAP12;SLC4A4;INPP5F",0.7636100385755977,1,,
"ZHONG_PFC_MAJOR_TYPES_OPC",69,-0.14505097044648385,-0.5637133976850882,1,1,"CST3;RHOC;LMF1;CD63;TSC22D4;SIRT2;RAMP1;CSPG5;PLAT;S100B;B2M;DBI;SCD5;TSPAN7;NOVA1;CNP;CD82;MT3",0.6772348846216545,1,,
