"pathway","size","NES","pval","padj","leading_edge","NES_no_cov","padj_no_cov","robust_no_covariate","collapsed_main"
"REACTOME_IMMUNOREGULATORY_INTERACTIONS_BETWEEN_A_LYMPHOID_AND_A_NON_LYMPHOID_CELL",146,3.6879827765895237,1.2879089101646507e-64,1.3973811675286461e-61,"CD22;CD19;IGKV2-30;JAML;CD3G;IGHV3-33;CD3E;SLAMF7;ITGAL;IGHV3-30;IGKV3D-20;KLRB1;CD1C;IGLV1-47;SH2D1A;IGHV1-46;CD96;IGLV3-25;IGHV3-7;SELL;SLAMF6;IGKV3-11;CD247;IGKV1-12;IGHV3-23;IGKV4-1;IGHV4-34;IGKV1D-16;CD40LG;IGHV4-39;IGLV1-40;IGLV3-1;IGLV3-21;IGKV1-16;IGKV1-17;SIGLEC10;SIGLEC6;CD3D;IGHV3-53;IGHV2-70;IGLV2-14;IGHV3-48;IGLV2-23;IGHV1-2;IGHV4-59;SIGLEC8;CD8A;IGKV1-5;IGKV3-20;CLEC2D;IGLC3;IGLV3-27;IGLV7-43;IGHV3-13;IGLC2;IGLV2-11;ICAM3;IGKV3-15;IGHV1-69;IGHV2-5;IGHV3-11;CRTAM;IGLV1-44;CD226;KLRG1;IGLV2-8;CD300LF;IGLV6-57;CD200R1;MADCAM1;ITGA4;C3;IGLV3-19;LILRB1;LAIR1;VCAM1;CD1D;LILRB4;CD33;LILRB5;KLRD1;LILRA1;LILRB2;ITGB2;CD160;CD300A;SIGLEC1;ICAM1;FCGR3A;TYROBP;SIGLEC7;FCGR2B;CD300LB;PILRA;ITGB7;FCGR1A;CD40;SIGLEC9;CD8B;LAIR2;SIGLEC12;LILRA6;OSCAR;LILRA2;CD1A;LILRB3;CD300C;HLA-E;HCST;LILRA5;B2M;CD34",3.655254773613126,2.2808994646037655e-62,TRUE,
"REACTOME_TRANSLATION",366,-3.1313564939114205,2.5573124227623547e-51,1.3873419893485773e-48,"MRPS5;RPS21;PSMD3;RPL19;AARS1;EEF1A2;MRPL17;RPL23;ERAL1;MRPL55;RPLP2;RPS2;MRPS34;RPS28;MRPL23;RPS24;EIF4EBP1;RPL26L1;SEM1;MRPL27;ELOB;EIF3F;RPL8;PSMB3;PSMC5;RPL12;RPLP1;MTRFR;RPL7A;MRPS25;PSMA7;EIF2S2;EIF2B5;ZNF598;EIF2B4;RPS18;MRPL10;RPL37;TRMT112;RPL27;RPL31;RPL13;EIF3D;SARS1;TUFM;RPN2;RPL3;RPL36;MRPS2;RPL11;MRPL41;PSMC3;EIF3I;RPLP0;MRPL45;VARS1;GARS1;EEF2;FAU;RPL23A;SEC61A1;MRPL24;TARS2;EIF2B2;SRPRB;EIF2B3;YARS1;PSMB7;RPS15;CARS1;MARS1;MRPL46;RPS11;RPS16;ADRM1;RPL28;RPS27A;MRPS18B;RPS8;UBA52;RPL37A;FARSA;MRPL4;RPS13;PSMB5;RPN1;RPL34;MRPL37;RPL38;CARS2;MRPS33;RPL18;IARS1;EIF2B1;MRPS26;EIF3B;MRPL28;SEC61B;MRPL21;RPL35;MRPS12;RPL4;HARS1;MRPS11;MALSU1;GADD45GIP1;AURKAIP1;RPL27A;MRPL16;RPL29;MRPL14;RPS19;MARS2;RPS29;MRPL40;EIF3K;EIF3G;RPS4X;VCP;MRPL12;MRPL11;MRPL36;FARSB;RPS5;ASCC2;APEH;RPS6;MRPS18C;MRPL20;LARS2;RPS12;MRPL38;RPS3;MRPL57;MRPL58;PARS2;RPL13A;SRP68;DDOST;MRPS18A;RPL6;MRPS30;MT-ND4L;PSMB6;MTIF2;EIF4G1;DAP3;AIMP2;KLHDC10;AARS2;NARS1;RPL32;OXA1L;MRPS7;MRPL30;RPL18A;PTCD3;EIF3J;RPL30;ANKZF1;MRPS15;HARS2;RPL35A;MIEF1;MT-RNR1;RPL10A;MRPS10;RPS9;SSR4;MRPL48;RPS14;MRPL43;KARS1;MRPS23;EIF4H;MRPL9;AIMP1;MT-CO2;RPSA;EPRS1;SRP14;QARS1;RPL5;PSMB4;NPLOC4;RPL41;MRPS16;EIF3A;MT-ATP6;RPS26;CHCHD1;MRPL52;EIF2S3;PSMD7;RPL7;MRPS27;PSMD13;RPL21;EEF1B2;ELOC;SARS2;MRPL34;DARS2;RPS17;NDUFAB1;SEC61G;RPS15A;RPL14;RPL36AL;MRPL42;PSMB1;VARS2;MRPL18;SRPRA;MTIF3;EEF1D;EIF3M;PSMD11;PSMB2;MRPL3;MRPL22;RPS7;RPL22;TARS1;EARS2;MRPS17;WARS2;UBB;RPL15;EIF3L;EEF1E1;PSMD2;SPCS2;MT-CO1;MRPL49;DARS1",-3.3362986465760884,1.815884504144635e-53,TRUE,
"REACTOME_COMPLEMENT_CASCADE",83,3.5223322369910224,7.84308267739567e-46,2.8365815683247674e-43,"CR2;CD19;IGKV2-30;IGHV3-33;IGHV3-30;IGKV3D-20;IGLV1-47;IGHV1-46;IGLV3-25;IGHV3-7;IGKV3-11;IGKV1-12;IGHV3-23;IGKV4-1;IGHV4-34;IGKV1D-16;IGHV4-39;IGHG4;IGLV1-40;IGLV3-1;IGLV3-21;IGKV1-16;IGKV1-17;IGHV3-53;IGHV2-70;IGLV2-14;IGHV3-48;IGLV2-23;IGHV1-2;GZMM;IGHV4-59;IGKV1-5;IGKV3-20;IGLC3;IGLV3-27;IGLV7-43;IGHG1;IGHV3-13;IGLC2;IGLV2-11;IGKV3-15;IGHV1-69;IGHV2-5;IGHV3-11;CR1;IGLV1-44;IGLV2-8;IGLV6-57;C7;C3;IGLV3-19;C1QA;C4A;C3AR1;C1S;IGHG2;C1QB;SERPING1;CFH;C4B;C1QC",3.458314125515183,1.2746299241833308e-39,TRUE,
"REACTOME_CD22_MEDIATED_BCR_REGULATION",50,3.3936363203339015,1.2333748578775274e-45,3.345529301992793e-43,"CD22;CD79B;CD79A;IGKV2-30;IGHV3-33;IGHV3-30;IGKV3D-20;IGLV1-47;IGHV1-46;IGLV3-25;IGHV3-7;IGKV3-11;IGKV1-12;IGHV3-23;IGKV4-1;IGHV4-34;IGKV1D-16;IGHV4-39;IGHD;IGLV1-40;IGLV3-1;IGLV3-21;IGKV1-16;IGKV1-17;IGHV3-53;IGHV2-70;IGLV2-14;IGHV3-48;IGLV2-23;IGHV1-2;IGHV4-59;IGKV1-5;IGKV3-20;IGLC3;IGLV3-27;IGLV7-43;IGHV3-13;IGLC2;IGLV2-11;IGKV3-15;IGHV1-69;IGHV2-5;IGHV3-11;IGLV1-44;IGLV2-8;IGLV6-57;IGLV3-19;IGHM",3.419599920293213,7.055403236591364e-48,TRUE,
"REACTOME_INITIAL_TRIGGERING_OF_COMPLEMENT",63,3.428855372298641,3.063913650209543e-42,6.6486926209547076e-40,"IGKV2-30;IGHV3-33;IGHV3-30;IGKV3D-20;IGLV1-47;IGHV1-46;IGLV3-25;IGHV3-7;IGKV3-11;IGKV1-12;IGHV3-23;IGKV4-1;IGHV4-34;IGKV1D-16;IGHV4-39;IGHG4;IGLV1-40;IGLV3-1;IGLV3-21;IGKV1-16;IGKV1-17;IGHV3-53;IGHV2-70;IGLV2-14;IGHV3-48;IGLV2-23;IGHV1-2;GZMM;IGHV4-59;IGKV1-5;IGKV3-20;IGLC3;IGLV3-27;IGLV7-43;IGHG1;IGHV3-13;IGLC2;IGLV2-11;IGKV3-15;IGHV1-69;IGHV2-5;IGHV3-11;IGLV1-44;IGLV2-8;IGLV6-57;C3;IGLV3-19;C1QA;C4A;C1S;IGHG2;C1QB;C4B;C1QC",3.4118593572203992,5.8076063633575125e-39,TRUE,
"REACTOME_ROLE_OF_LAT2_NTAL_LAB_ON_CALCIUM_MOBILIZATION",58,3.4034436032517807,1.905878208658049e-40,3.446463093989972e-38,"IGKV2-30;IGHV3-33;IGHV3-30;IGKV3D-20;IGLV1-47;IGHV1-46;IGLV3-25;IGHV3-7;IGKV3-11;IGKV1-12;IGHV3-23;IGKV4-1;IGHV4-34;IGKV1D-16;IGHV4-39;IGLV1-40;IGLV3-1;IGLV3-21;IGKV1-16;IGKV1-17;MS4A2;IGHV3-53;IGHV2-70;IGLV2-14;IGHV3-48;IGLV2-23;IGHV1-2;IGHV4-59;IGKV1-5;IGKV3-20;IGLC3;IGLV3-27;IGLV7-43;IGHV3-13;IGLC2;IGLV2-11;IGKV3-15;IGHV1-69;IGHV2-5;IGHV3-11;IGLV1-44;IGLV2-8;FCER1A;IGLV6-57;IGLV3-19;FCER1G;LAT2",3.4311581048659696,1.3436564187041813e-39,TRUE,
"REACTOME_FCERI_MEDIATED_CA_2_MOBILIZATION",73,3.426975673539773,3.748253557764251e-39,5.3046946172176905e-37,"IGKV2-30;ITK;IGHV3-33;BTK;IGHV3-30;IGKV3D-20;IGLV1-47;IGHV1-46;IGLV3-25;IGHV3-7;IGKV3-11;IGKV1-12;IGHV3-23;IGKV4-1;IGHV4-34;IGKV1D-16;IGHV4-39;IGLV1-40;IGLV3-1;IGLV3-21;IGKV1-16;IGKV1-17;MS4A2;IGHV3-53;IGHV2-70;IGLV2-14;IGHV3-48;IGLV2-23;IGHV1-2;IGHV4-59;IGKV1-5;IGKV3-20;IGLC3;IGLV3-27;IGLV7-43;IGHV3-13;IGLC2;IGLV2-11;IGKV3-15;IGHV1-69;IGHV2-5;PLCG2;IGHV3-11;IGLV1-44;IGLV2-8;FCER1A;IGLV6-57;LCP2;IGLV3-19;FCER1G;GRAP2;ITPR1;TXK;VAV1;NFATC1",3.3997864271247296,9.324971381603237e-37,TRUE,
"REACTOME_CREATION_OF_C4_AND_C2_ACTIVATORS",56,3.399489047804276,3.911295570298758e-39,5.3046946172176905e-37,"IGKV2-30;IGHV3-33;IGHV3-30;IGKV3D-20;IGLV1-47;IGHV1-46;IGLV3-25;IGHV3-7;IGKV3-11;IGKV1-12;IGHV3-23;IGKV4-1;IGHV4-34;IGKV1D-16;IGHV4-39;IGHG4;IGLV1-40;IGLV3-1;IGLV3-21;IGKV1-16;IGKV1-17;IGHV3-53;IGHV2-70;IGLV2-14;IGHV3-48;IGLV2-23;IGHV1-2;IGHV4-59;IGKV1-5;IGKV3-20;IGLC3;IGLV3-27;IGLV7-43;IGHG1;IGHV3-13;IGLC2;IGLV2-11;IGKV3-15;IGHV1-69;IGHV2-5;IGHV3-11;IGLV1-44;IGLV2-8;IGLV6-57;IGLV3-19;C1QA;C1S;IGHG2;C1QB;C1QC",3.38355211743162,2.384454542475882e-37,TRUE,
"REACTOME_FCGR_ACTIVATION",58,3.386745967323982,4.827579723786418e-39,5.8199155558980705e-37,"IGKV2-30;CD3G;IGHV3-33;IGHV3-30;IGKV3D-20;IGLV1-47;IGHV1-46;IGLV3-25;IGHV3-7;IGKV3-11;CD247;IGKV1-12;IGHV3-23;IGKV4-1;IGHV4-34;IGKV1D-16;IGHV4-39;IGHG4;IGLV1-40;IGLV3-1;IGLV3-21;IGKV1-16;IGKV1-17;IGHV3-53;IGHV2-70;IGLV2-14;IGHV3-48;IGLV2-23;IGHV1-2;IGHV4-59;IGKV1-5;IGKV3-20;IGLC3;IGLV3-27;IGLV7-43;IGHG1;IGHV3-13;IGLC2;IGLV2-11;IGKV3-15;IGHV1-69;IGHV2-5;IGHV3-11;IGLV1-44;IGLV2-8;IGLV6-57;IGLV3-19;FGR;HCK;IGHG2;FCGR3A;FYN;FCGR1A",3.390420259012414,1.7826023355623957e-36,TRUE,
"REACTOME_PARASITE_INFECTION",104,3.359462336737381,6.199067091110932e-39,6.725987793855361e-37,"IGKV2-30;CD3G;IGHV3-33;BTK;IGHV3-30;IGKV3D-20;IGLV1-47;IGHV1-46;IGLV3-25;IGHV3-7;IGKV3-11;CD247;IGKV1-12;IGHV3-23;IGKV4-1;IGHV4-34;IGKV1D-16;IGHV4-39;IGHG4;IGLV1-40;IGLV3-1;IGLV3-21;IGKV1-16;IGKV1-17;WAS;IGHV3-53;IGHV2-70;IGLV2-14;IGHV3-48;IGLV2-23;IGHV1-2;IGHV4-59;IGKV1-5;IGKV3-20;IGLC3;IGLV3-27;IGLV7-43;IGHG1;IGHV3-13;IGLC2;IGLV2-11;IGKV3-15;IGHV1-69;IGHV2-5;IGHV3-11;IGLV1-44;NCKAP1L;IGLV2-8;IGLV6-57;WIPF1;IGLV3-19;FGR;HCK;IGHG2;VAV1;FCGR3A;MYO5A;FYN",3.376466302822376,7.728463415393411e-39,TRUE,
"REACTOME_CELL_SURFACE_INTERACTIONS_AT_THE_VASCULAR_WALL",158,3.2506629257669957,7.220964283585592e-39,7.122496588809426e-37,"VPREB3;IGKV2-30;JAML;IGHV3-33;CD2;ITGAL;IGHV3-30;IGKV3D-20;SIRPG;IGLV1-47;IGHV1-46;IGLV3-25;CD48;IGHV3-7;SELL;IGKV3-11;JCHAIN;IGKV1-12;IGHV3-23;IGKV4-1;IGHV4-34;IGKV1D-16;IGHV4-39;IGLV1-40;IGLV3-1;IGLV3-21;IGKV1-16;IGKV1-17;IGHV3-53;IGHV2-70;IGLV2-14;IGHV3-48;IGLV2-23;IGHV1-2;IGHV4-59;IGKV1-5;IGKV3-20;IGLC3;SPN;IGLV3-27;IGLV7-43;IGHV3-13;IGLC2;IGLV2-11;IGKV3-15;IGHV1-69;IGHV2-5;IGHV3-11;IGLV1-44;IGLV2-8;IGLV6-57;DOK2;ITGA4;CD84;IGLV3-19;IGHA1;JAM2;SELP;FCER1G;IGHA2;IGHM;LCK;SELPLG;CD74;CD244;ITGB2;ITGAX;PECAM1;FYN;THBD;TEK;ATP1B2;OLR1;SLC7A7;GYPC;JAM3;ITGAV;ANGPT1;TGFB1",3.2240476619107397,9.724777598267836e-36,TRUE,
"REACTOME_ROLE_OF_PHOSPHOLIPIDS_IN_PHAGOCYTOSIS",70,3.412223112375537,3.8794090114212564e-38,3.507632314493386e-36,"IGKV2-30;CD3G;IGHV3-33;IGHV3-30;IGKV3D-20;IGLV1-47;IGHV1-46;IGLV3-25;IGHV3-7;IGKV3-11;CD247;IGKV1-12;IGHV3-23;IGKV4-1;IGHV4-34;IGKV1D-16;IGHV4-39;IGHG4;IGLV1-40;IGLV3-1;IGLV3-21;IGKV1-16;IGKV1-17;IGHV3-53;IGHV2-70;PLD4;IGLV2-14;IGHV3-48;IGLV2-23;IGHV1-2;IGHV4-59;IGKV1-5;IGKV3-20;IGLC3;IGLV3-27;IGLV7-43;IGHG1;IGHV3-13;IGLC2;IGLV2-11;IGKV3-15;IGHV1-69;IGHV2-5;PLCG2;IGHV3-11;IGLV1-44;IGLV2-8;IGLV6-57;IGLV3-19;IGHG2;ITPR1",3.391071753455901,4.482661713397665e-36,TRUE,
"REACTOME_ANTIGEN_ACTIVATES_B_CELL_RECEPTOR_BCR_LEADING_TO_GENERATION_OF_SECOND_MESSENGERS",75,3.387254842003285,8.919000978191111e-38,7.443935431797967e-36,"CD22;BLK;CD79B;CD19;CD79A;IGKV2-30;IGHV3-33;BTK;IGHV3-30;IGKV3D-20;IGLV1-47;IGHV1-46;IGLV3-25;IGHV3-7;IGKV3-11;IGKV1-12;IGHV3-23;IGKV4-1;IGHV4-34;IGKV1D-16;IGHV4-39;IGHD;IGLV1-40;IGLV3-1;IGLV3-21;IGKV1-16;IGKV1-17;IGHV3-53;IGHV2-70;IGLV2-14;IGHV3-48;IGLV2-23;IGHV1-2;IGHV4-59;IGKV1-5;IGKV3-20;IGLC3;IGLV3-27;IGLV7-43;PIK3CD;IGHV3-13;IGLC2;IGLV2-11;IGKV3-15;IGHV1-69;IGHV2-5;PLCG2;IGHV3-11;IGLV1-44;IGLV2-8;IGLV6-57;IGLV3-19;IGHM;ITPR1;VAV1;FYN;PIK3AP1",3.3827942727452904,2.6976074108514765e-36,TRUE,
"REACTOME_SCAVENGING_OF_HEME_FROM_PLASMA",53,3.362302148697157,1.5314269456764123e-37,1.1868558828992195e-35,"IGKV2-30;IGHV3-33;IGHV3-30;IGKV3D-20;IGLV1-47;IGHV1-46;IGLV3-25;IGHV3-7;IGKV3-11;JCHAIN;IGKV1-12;IGHV3-23;IGKV4-1;IGHV4-34;IGKV1D-16;IGHV4-39;IGLV1-40;IGLV3-1;IGLV3-21;IGKV1-16;IGKV1-17;IGHV3-53;IGHV2-70;IGLV2-14;IGHV3-48;IGLV2-23;IGHV1-2;IGHV4-59;IGKV1-5;IGKV3-20;IGLC3;IGLV3-27;IGLV7-43;IGHV3-13;IGLC2;IGLV2-11;IGKV3-15;IGHV1-69;IGHV2-5;IGHV3-11;IGLV1-44;IGLV2-8;IGLV6-57;IGLV3-19;IGHA1;IGHA2",3.3733581852714867,5.733776599316679e-38,TRUE,
"REACTOME_FCGAMMA_RECEPTOR_FCGR_DEPENDENT_PHAGOCYTOSIS",130,3.3124807635632347,6.285152414512416e-37,4.546260246497314e-35,"IGKV2-30;CD3G;IGHV3-33;BTK;IGHV3-30;IGKV3D-20;IGLV1-47;IGHV1-46;IGLV3-25;IGHV3-7;IGKV3-11;CD247;IGKV1-12;IGHV3-23;IGKV4-1;IGHV4-34;IGKV1D-16;IGHV4-39;IGHG4;IGLV1-40;IGLV3-1;IGLV3-21;IGKV1-16;IGKV1-17;WAS;IGHV3-53;IGHV2-70;PLD4;IGLV2-14;IGHV3-48;IGLV2-23;IGHV1-2;IGHV4-59;IGKV1-5;IGKV3-20;IGLC3;IGLV3-27;IGLV7-43;IGHG1;IGHV3-13;IGLC2;IGLV2-11;IGKV3-15;IGHV1-69;IGHV2-5;PLCG2;IGHV3-11;IGLV1-44;NCKAP1L;IGLV2-8;IGLV6-57;WIPF1;IGLV3-19;FGR;HCK;IGHG2;ITPR1;VAV1;FCGR3A;MYO5A;FYN",3.310193538972998,4.482661713397665e-36,TRUE,
"REACTOME_ANTI_INFLAMMATORY_RESPONSE_FAVOURING_LEISHMANIA_PARASITE_INFECTION",113,3.3309032486141885,3.905626367258054e-36,2.634595280783661e-34,"IGKV2-30;CD3G;IGHV3-33;IGHV3-30;IGKV3D-20;IGLV1-47;CYSLTR1;IGHV1-46;IGLV3-25;IGHV3-7;IGKV3-11;CD247;IGKV1-12;IGHV3-23;IGKV4-1;IGHV4-34;IGKV1D-16;IGHV4-39;IGHG4;IGLV1-40;IGLV3-1;IGLV3-21;IGKV1-16;IGKV1-17;IGHV3-53;IGHV2-70;IGLV2-14;IGHV3-48;IGLV2-23;IGHV1-2;IGHV4-59;IGKV1-5;IGKV3-20;IGLC3;IGLV3-27;IGLV7-43;IGHG1;IGHV3-13;GNGT2;IGLC2;IGLV2-11;IGKV3-15;IGHV1-69;IGHV2-5;PLCG2;IGHV3-11;IGLV1-44;IGLV2-8;CYSLTR2;IGLV6-57;GNG2;IGLV3-19;DPEP2;FGR;HCK;IGHG2;PRKAR2B;ITPR1;FCGR3A;GNG7;FYN;GNB4;FCGR1A;CD163;GNG11;FCGR2A;GGT5",3.3675535984305482,5.733776599316679e-38,TRUE,
"REACTOME_LEISHMANIA_INFECTION",195,3.149105658548358,4.127937306296981e-36,2.634595280783661e-34,"IGKV2-30;CD3G;IGHV3-33;BTK;IGHV3-30;IGKV3D-20;IGLV1-47;CYSLTR1;IGHV1-46;IGLV3-25;IGHV3-7;IGKV3-11;CD247;IGKV1-12;IGHV3-23;IGKV4-1;IGHV4-34;IGKV1D-16;IGHV4-39;IGHG4;IGLV1-40;IGLV3-1;IGLV3-21;IGKV1-16;IGKV1-17;WAS;IGHV3-53;IGHV2-70;IGLV2-14;IGHV3-48;IGLV2-23;IGHV1-2;IGHV4-59;IGKV1-5;IGKV3-20;IGLC3;IGLV3-27;IGLV7-43;IGHG1;IGHV3-13;GNGT2;IGLC2;IGLV2-11;IGKV3-15;IGHV1-69;IGHV2-5;PLCG2;IGHV3-11;IGLV1-44;NCKAP1L;IGLV2-8;CYSLTR2;IGLV6-57;WIPF1;GNG2;C3;IGLV3-19;DPEP2;PSTPIP1;C3AR1;FGR;HCK;IGHG2;PRKAR2B;ITPR1;P2RX7;VAV1;FCGR3A;GNG7;MYO5A;FYN;MEFV;GNB4;FCGR1A;CD163;ENTPD1",3.173800746795568,8.56895613131199e-38,TRUE,
"REACTOME_FCERI_MEDIATED_MAPK_ACTIVATION",74,3.3580194088175146,5.145375166270947e-35,3.1015178085577654e-33,"IGKV2-30;IGHV3-33;IGHV3-30;IGKV3D-20;IGLV1-47;IGHV1-46;IGLV3-25;IGHV3-7;IGKV3-11;IGKV1-12;IGHV3-23;IGKV4-1;IGHV4-34;IGKV1D-16;IGHV4-39;IGLV1-40;IGLV3-1;IGLV3-21;IGKV1-16;IGKV1-17;MS4A2;IGHV3-53;IGHV2-70;IGLV2-14;IGHV3-48;IGLV2-23;IGHV1-2;IGHV4-59;IGKV1-5;IGKV3-20;IGLC3;IGLV3-27;IGLV7-43;IGHV3-13;IGLC2;IGLV2-11;IGKV3-15;IGHV1-69;IGHV2-5;PLCG2;IGHV3-11;IGLV1-44;IGLV2-8;FCER1A;IGLV6-57;LCP2;IGLV3-19;FCER1G;GRAP2",3.416639654165894,4.817906925766841e-37,TRUE,
"REACTOME_FCGR3A_MEDIATED_IL10_SYNTHESIS",81,3.323907290877156,2.3036412747782195e-34,1.3155004121759833e-32,"IGKV2-30;CD3G;IGHV3-33;IGHV3-30;IGKV3D-20;IGLV1-47;IGHV1-46;IGLV3-25;IGHV3-7;IGKV3-11;CD247;IGKV1-12;IGHV3-23;IGKV4-1;IGHV4-34;IGKV1D-16;IGHV4-39;IGHG4;IGLV1-40;IGLV3-1;IGLV3-21;IGKV1-16;IGKV1-17;IGHV3-53;IGHV2-70;IGLV2-14;IGHV3-48;IGLV2-23;IGHV1-2;IGHV4-59;IGKV1-5;IGKV3-20;IGLC3;IGLV3-27;IGLV7-43;IGHG1;IGHV3-13;IGLC2;IGLV2-11;IGKV3-15;IGHV1-69;IGHV2-5;PLCG2;IGHV3-11;IGLV1-44;IGLV2-8;IGLV6-57;IGLV3-19;FGR;HCK;IGHG2;PRKAR2B;ITPR1;FCGR3A;FYN;FCGR1A",3.3315802175433817,2.507745706061127e-33,TRUE,
"REACTOME_RRNA_PROCESSING",207,-3.0455685120150875,2.5661714366321978e-33,1.3921480043729673e-31,"RPS21;RPL19;RPL23;EXOSC7;IMP4;RPLP2;RPS2;RPS28;RPS24;MRM1;RPL26L1;BYSL;RPL8;NOB1;RPL12;RPLP1;RPL7A;RPS18;HSD17B10;RCC1L;CSNK1E;BUD23;FBL;RPL37;TRMT112;RPL27;RPL31;RPL13;RRP9;RPL3;EXOSC2;RRP1;RPL36;NOL6;TBL3;RPL11;RPLP0;DHX37;WDR18;BOP1;FAU;RPL23A;NOC4L;NAT10;RPS15;DDX49;LAS1L;RPS11;RPS16;RBM28;RPL28;RPS27A;RPS8;UBA52;RPL37A;RPS13;TRUB2;RPL34;RPL38;RPL18;NCL;EXOSC5;EXOSC3;WDR46;EXOSC4;RPL35;PES1;RPL4;RPL27A;MRM3;RPL29;RPS19;RPUSD4;RPS29;RPS4X;DKC1;RPS5;NHP2;RPS6;SNU13;RPUSD3;FTSJ3;CSNK1D;RPS12;RPS3;RPL13A;RPL6;PELP1;RPP14;DDX52;TSR3;RPP40;RPL32;FASTKD2;RCL1;GAR1;RPL18A;NOL12;RPL30;RPL35A;MT-RNR1;RPL10A;RRP36;EXOSC1;RPS9;NOP14;RPS14;UTP3;RPSA;ELAC2;TFB1M;RPL5;NOP56;GNL3;RPL41;RPS26;ISG20L2;NOL11;WDR43;RPL7;RPL21;RRP7A;RPS17;RPP21;RPS15A;MTERF4;RPL14;RPL36AL;NOP2;NOP58;EMG1;RPP25;PDCD11;RPS7;RPL22;NOP10",-3.203350483028391,1.458318157837542e-34,TRUE,
"REACTOME_BINDING_AND_UPTAKE_OF_LIGANDS_BY_SCAVENGER_RECEPTORS",83,3.310944557324294,9.333416569059317e-33,4.822265227347313e-31,"IGKV2-30;IGHV3-33;IGHV3-30;IGKV3D-20;IGLV1-47;IGHV1-46;IGLV3-25;IGHV3-7;IGKV3-11;JCHAIN;IGKV1-12;IGHV3-23;IGKV4-1;IGHV4-34;IGKV1D-16;IGHV4-39;IGLV1-40;IGLV3-1;IGLV3-21;IGKV1-16;IGKV1-17;IGHV3-53;IGHV2-70;IGLV2-14;IGHV3-48;IGLV2-23;IGHV1-2;IGHV4-59;IGKV1-5;IGKV3-20;IGLC3;IGLV3-27;IGLV7-43;IGHV3-13;IGLC2;IGLV2-11;IGKV3-15;IGHV1-69;IGHV2-5;IGHV3-11;IGLV1-44;SCARA5;IGLV2-8;IGLV6-57;IGLV3-19;IGHA1;IGHA2;CD36;SAA1;CD163;APOE;MSR1;STAB1",3.309865320337446,3.123069136216658e-31,TRUE,
"REACTOME_SIGNALING_BY_THE_B_CELL_RECEPTOR_BCR",142,3.1404924728209007,3.0557218050204696e-31,1.5070264356578226e-29,"CD22;BLK;CD79B;CD19;CD79A;IGKV2-30;PRKCB;IGHV3-33;BTK;IGHV3-30;IGKV3D-20;IGLV1-47;IGHV1-46;IGLV3-25;IGHV3-7;IGKV3-11;IGKV1-12;IGHV3-23;IGKV4-1;IGHV4-34;IGKV1D-16;IGHV4-39;IGHD;IGLV1-40;IGLV3-1;IGLV3-21;IGKV1-16;IGKV1-17;IGHV3-53;IGHV2-70;IGLV2-14;IGHV3-48;IGLV2-23;IGHV1-2;IGHV4-59;IGKV1-5;IGKV3-20;IGLC3;IGLV3-27;IGLV7-43;PIK3CD;IGHV3-13;IGLC2;IGLV2-11;IGKV3-15;IGHV1-69;IGHV2-5;PLCG2;IGHV3-11;IGLV1-44;IGLV2-8;IGLV6-57;RASGRP1;IGLV3-19;RASGRP3;IGHM;ITPR1;VAV1;NFATC1;FYN;PIK3AP1",3.149353055858346,2.655665548331116e-31,TRUE,
"REACTOME_SIGNALING_BY_GPCR",448,2.6182313747515615,3.8074485392775426e-31,1.7961224630939712e-29,"CCL19;CCR7;P2RY10;CCR4;PRKCB;CXCL13;BTK;P2RY13;CYSLTR1;PIK3CG;GPR15;ARHGEF6;RASGRP2;CCR5;CCL22;CCR2;CXCR6;GNGT2;FGD2;GPR65;GPR183;NPY1R;CYSLTR2;CCL5;PIK3R5;GPR18;RASGRP1;CCL21;GPSM3;GNG2;RGS18;CMKLR1;C3;ADRB2;CCR8;CAMK4;CCR1;RGS1;CXCL9;PIK3R6;P2RY14;C3AR1;ADGRE1;FPR3;GPR132;ADCYAP1;PRKCH;CCL11;PRKAR2B;CXCL10;ITPR1;CCL2;CCL13;PDE7B;GHRL;VIP;F2R;ACKR1;CCL4;CX3CR1;HRH2;PDE1B;PPBP;S1PR1;ADGRE3;PLCB2;PTAFR;SUCNR1;PTHLH;ADORA3;VAV1;CCL4L2;GNG7;CXCR4;ACKR2;PREX1;S1PR4;SSTR2;CXCL11;ADGRE2;PTGFR;GNB4;CX3CL1;XCR1;PTGER1;SAA1;EDNRB;FGD3;PDE2A;PDE1A;PDE4B;GPR68;WNT2B;GPR55;APLNR;PLEKHG2;CXCL12;S1PR2;GNG11;RGS19;GPR84;CCR10;CALCRL;CCL28;ARHGEF3;RAMP3;FPR1;WNT10A;PRKACB;DGKA;FZD4;ARHGEF15;ARHGEF25;PSAP;F2RL3;VIPR2;ADCY5;TIAM1;BDKRB1;ANXA1;PTGER3;LPAR6;ACKR4;PDE4D;RGS9;RGS10;F2RL2;GPR176;EDN3;EDN1;GLP2R;GNG12;CCL3;CXCR2;P2RY6;PRKCQ;C5AR1;ADCY7;PPP3CB;PPP3CC;RGS2;PDE3B;GNA13;AKT3;FFAR2;WNT11;OPN3;TRPC6;PLPPR4;SOS1;PTCH2;TAC3;ADCY4;P2RY1;RGS5;ADRB1;GRK5;PIK3CA;PF4;ARRB1;CXCR3",2.7114313073314675,4.686579832849818e-34,TRUE,
"REACTOME_POTENTIAL_THERAPEUTICS_FOR_SARS",136,3.1480267651024834,1.7478974006779284e-30,7.901952832231468e-29,"CD79B;CD79A;IGKV2-30;IGHV3-33;BTK;IGHV3-30;IGKV3D-20;IGLV1-47;CYSLTR1;IGHV1-46;IGLV3-25;IGHV3-7;IGKV3-11;IGKV1-12;IGHV3-23;IGKV4-1;IGHV4-34;IGKV1D-16;IGHV4-39;IGHD;IGLV1-40;IGLV3-1;IGLV3-21;IGKV1-16;IGKV1-17;IGHV3-53;IGHV2-70;IGLV2-14;IGHV3-48;IGLV2-23;IGHV1-2;IGHV4-59;IGKV1-5;IGKV3-20;IGLC3;IGLV3-27;IGLV7-43;IGHV3-13;TLR7;IGLC2;IGLV2-11;IGKV3-15;IGHV1-69;IGHV2-5;PLCG2;IGHV3-11;IGLV1-44;IGLV2-8;IGLV6-57;PDCD1;JAK3;ITGA4;IGLV3-19;IL6R;IGHM;STAT2;IL1R1;S1PR1;VAV1;NR3C1;ZBP1;JAK2;ATP1B2",3.152413320081873,1.4245388853155211e-30,TRUE,
"REACTOME_FC_EPSILON_RECEPTOR_FCERI_SIGNALING",159,3.0031264412939387,5.6789662848311635e-28,2.4646713676167248e-26,"IGKV2-30;ITK;IGHV3-33;BTK;IGHV3-30;IGKV3D-20;IGLV1-47;IGHV1-46;IGLV3-25;IGHV3-7;IGKV3-11;IGKV1-12;IGHV3-23;IGKV4-1;IGHV4-34;IGKV1D-16;IGHV4-39;IGLV1-40;IGLV3-1;IGLV3-21;IGKV1-16;IGKV1-17;MS4A2;RASGRP2;IGHV3-53;IGHV2-70;IGLV2-14;IGHV3-48;IGLV2-23;IGHV1-2;IGHV4-59;IGKV1-5;IGKV3-20;IGLC3;IGLV3-27;IGLV7-43;IGHV3-13;IGLC2;IGLV2-11;IGKV3-15;IGHV1-69;IGHV2-5;PLCG2;IGHV3-11;IGLV1-44;IGLV2-8;FCER1A;IGLV6-57;LCP2;RASGRP1;IGLV3-19;FCER1G;GRAP2;RASGRP4;LAT2;ITPR1;TXK;VAV1;NFATC1;FYN",3.047511125473172,2.121031137657925e-28,TRUE,
"REACTOME_FCERI_MEDIATED_NF_KB_ACTIVATION",111,3.0990406782443864,8.551205544930322e-27,3.5684838524036155e-25,"IGKV2-30;IGHV3-33;IGHV3-30;IGKV3D-20;IGLV1-47;IGHV1-46;IGLV3-25;IGHV3-7;IGKV3-11;IGKV1-12;IGHV3-23;IGKV4-1;IGHV4-34;IGKV1D-16;IGHV4-39;IGLV1-40;IGLV3-1;IGLV3-21;IGKV1-16;IGKV1-17;MS4A2;RASGRP2;IGHV3-53;IGHV2-70;IGLV2-14;IGHV3-48;IGLV2-23;IGHV1-2;IGHV4-59;IGKV1-5;IGKV3-20;IGLC3;IGLV3-27;IGLV7-43;IGHV3-13;IGLC2;IGLV2-11;IGKV3-15;IGHV1-69;IGHV2-5;IGHV3-11;IGLV1-44;IGLV2-8;FCER1A;IGLV6-57;RASGRP1;IGLV3-19;FCER1G;RASGRP4",3.1545080424828504,3.0715751300652846e-28,TRUE,
"REACTOME_GPCR_LIGAND_BINDING",238,2.8178013826376183,1.4623286196991033e-26,5.87639463842047e-25,"CCL19;CCR7;P2RY10;CCR4;CXCL13;P2RY13;CYSLTR1;CCR5;CCL22;CCR2;CXCR6;GNGT2;GPR65;GPR183;NPY1R;CYSLTR2;CCL5;GPR18;CCL21;GNG2;CMKLR1;C3;ADRB2;CCR8;CCR1;CXCL9;P2RY14;C3AR1;ADGRE1;FPR3;GPR132;ADCYAP1;CCL11;CXCL10;CCL2;CCL13;GHRL;VIP;F2R;ACKR1;CCL4;CX3CR1;HRH2;PPBP;S1PR1;ADGRE3;PTAFR;SUCNR1;PTHLH;ADORA3;GNG7;CXCR4;ACKR2;S1PR4;SSTR2;CXCL11;ADGRE2;PTGFR;GNB4;CX3CL1;XCR1;PTGER1;SAA1;EDNRB;GPR68;WNT2B;GPR55;APLNR;CXCL12;S1PR2;GNG11;CCR10;CALCRL;CCL28;RAMP3;FPR1;WNT10A;FZD4;PSAP;F2RL3;VIPR2;BDKRB1;ANXA1;PTGER3;LPAR6;ACKR4;F2RL2;EDN3;EDN1;GLP2R;GNG12;CCL3;CXCR2;P2RY6;C5AR1",2.918774029637759,1.660426937908622e-29,TRUE,
"REACTOME_AEROBIC_RESPIRATION_AND_RESPIRATORY_ELECTRON_TRANSPORT",249,-2.762817143862829,4.076891066031972e-26,1.5797952880873891e-24,"BCS1L;NDUFA3;MDH2;ATP5MC1;UQCRC1;TRAP1;IDH3G;ATP5F1E;TMEM177;UQCC2;DMAC2;RMND5B;D2HGDH;HAGH;NDUFB11;COA3;NDUFS6;COX4I1;NDUFV1;TACO1;NDUFS8;GOT2;PDHA1;NDUFA6;COX19;NDUFS5;PGAM5;NDUFA8;NDUFB7;SLC25A4;FH;UQCC5;ATP5F1D;GID8;UQCC6;NDUFA10;COX7B;RPS27A;UBA52;NDUFS3;ACO2;DMAC1;ACAD9;UQCC1;NDUFAF3;ETFB;CYC1;NDUFAF8;MAEA;NDUFB10;UQCC3;HSPA9;ATP5ME;NDUFS7;FOXRED1;SMIM20;ECSIT;NFS1;IDH2;PKLR;SDHAF2;FAHD1;ATP5MC2;COX14;SUCLG1;UQCRQ;COX6B1;NDUFA12;ATP5MF;ATP5MJ;COX6A1;ATP5MC3;COX8A;IDH3B;NDUFB2;CS;COX5A;ATP5F1B;SURF1;LETM1;NDUFV3;NDUFA9;COX5B;COX20;NDUFC1;SDHA;NDUFA1;SLC25A11;TMEM223;COX7C;OXA1L;NDUFA11;ME3;TMEM186;NDUFAF2;GOT1;UQCRHL;COX6C;SLC25A22;LYRM4;UQCRH;PDHX;VDAC1;SIRT3;GSTZ1;MT-CO2;MT-ATP6;OGDH;PC;NDUFB9;COX17;PDP2;ACAT1;NDUFA2;PKM;NDUFS2;SFXN4;COX7A2;SDHAF1;NDUFAB1;HIGD2A;PNKD;CSKMT;DLD;NDUFA13;PDK2;MDH1;COX11;NDUFB3;L2HGDH;NUBPL;UQCR10;NDUFS4;ATP5PO;UBB;UQCRB;NDUFS1;ETFA;PDK3;MT-CO1;LDHB",-2.7754530695235093,2.8860383068957775e-22,TRUE,
"REACTOME_CLASS_A_1_RHODOPSIN_LIKE_RECEPTORS",173,2.8755785937674636,7.964468254265076e-25,2.979809674440554e-23,"CCL19;CCR7;P2RY10;CCR4;CXCL13;P2RY13;CYSLTR1;CCR5;CCL22;CCR2;CXCR6;GPR65;GPR183;NPY1R;CYSLTR2;CCL5;GPR18;CCL21;CMKLR1;C3;ADRB2;CCR8;CCR1;CXCL9;P2RY14;C3AR1;FPR3;GPR132;CCL11;CXCL10;CCL2;CCL13;GHRL;F2R;ACKR1;CCL4;CX3CR1;HRH2;PPBP;S1PR1;PTAFR;SUCNR1;ADORA3;CXCR4;ACKR2;S1PR4;SSTR2;CXCL11;PTGFR;CX3CL1;XCR1;PTGER1;SAA1;EDNRB;GPR68;GPR55;APLNR;CXCL12;S1PR2;CCR10;CCL28;FPR1;PSAP;F2RL3;BDKRB1;ANXA1;PTGER3;LPAR6;ACKR4;F2RL2;EDN3;EDN1;CCL3;CXCR2;P2RY6;C5AR1",2.9555159371583097,3.8175768868120905e-26,TRUE,
"REACTOME_PROCESSING_OF_CAPPED_INTRON_CONTAINING_PRE_MRNA",288,-2.641288178392776,3.216315994417258e-24,1.1632342846475748e-22,"POLR2H;DDX41;SNRPF;POLR2J;POLR2L;PRPF6;POLR2I;SNRPA1;CPSF4;PQBP1;RBM10;CCDC12;XAB2;THOC6;SEC13;PRPF19;LSM4;PRKRIP1;TXNL4A;AAAS;SYMPK;ALYREF;DHX35;SNRPE;LSM7;CHTOP;SF3B5;SRRT;TUT1;SRSF9;CSTF1;SNRPA;RPS27A;UBA52;SNRPC;U2AF2;POLR2F;EFTUD2;SNRNP70;PRPF31;SUGP1;NUP188;SNRNP25;SNRNP35;SNRNP200;THOC3;PUF60;SNRPD2;HNRNPL;RNPS1;CPSF1;HNRNPU;DDX23;FAM50A;RAE1;NUP85;SART1;SF3B3;PCBP2;DDX39A;PDCD7;SNU13;CHERP;PRPF4;PPIE;LSM8;SF3A2;DHX8;YJU2;CPSF6;NUP214;POLR2E;GTF2F1;CTNNBL1;POLR2G;FUS;HNRNPA2B1;USP39;PTBP1;MAGOH;ISY1;LSM2;HNRNPD;HNRNPM;THOC5;CACTIN;RBM42;CASC3;GPKOW;SF3B2;POLR2D;PPIH;NXT1;PPIL1;PPP1R10;NUP43;SF3B6;RBM17;HNRNPF;HNRNPA1;DHX38;DDX42;C9orf78;RNF113A;CWC25;PRPF8;EIF4A3;WDR33;HTATSF1;SRSF4;UBL5;NCBP1;SMU1;YBX1;POM121C;RBM39;SNRPB;SNRPG;LENG1;RBMX;NUP93;SAP18;PRCC;POLDIP3;LSM5;DHX16;NUP62;ZRSR2;ZNF830;UBB;METTL3;PCBP1;ZMAT5;HNRNPA3;BUD13;CPSF3;PPIL2;SRSF7;SF3B4;LSM3;DHX9;GLE1;PHF5A;NUP205;ACIN1;PRPF3;SRSF6;NUP88;POLR2C;SLBP;CSTF2;HNRNPC;SNRPD1;RBMX2;UBC;RBM8A;UPF3B;BUD31;WBP11;NCBP2;SNRNP40;DNAJC8;PPP1CA;IK;CWC15;RANBP2;NUP98;CWC27",-2.9597601084625933,9.186865832552619e-31,TRUE,
"REACTOME_EUKARYOTIC_TRANSLATION_INITIATION",117,-2.968588540066633,4.33135533676784e-23,1.5159743678687441e-21,"RPS21;RPL19;RPL23;RPLP2;RPS2;RPS28;RPS24;EIF4EBP1;RPL26L1;EIF3F;RPL8;RPL12;RPLP1;RPL7A;EIF2S2;EIF2B5;EIF2B4;RPS18;RPL37;RPL27;RPL31;RPL13;EIF3D;RPL3;RPL36;RPL11;EIF3I;RPLP0;FAU;RPL23A;EIF2B2;EIF2B3;RPS15;RPS11;RPS16;RPL28;RPS27A;RPS8;UBA52;RPL37A;RPS13;RPL34;RPL38;RPL18;EIF2B1;EIF3B;RPL35;RPL4;RPL27A;RPL29;RPS19;RPS29;EIF3K;EIF3G;RPS4X;RPS5;RPS6;RPS12;RPS3;RPL13A;RPL6;EIF4G1;RPL32;RPL18A;EIF3J;RPL30;RPL35A;RPL10A;RPS9;RPS14;EIF4H;RPSA;RPL5;RPL41;EIF3A;RPS26;EIF2S3;RPL7;RPL21;RPS17;RPS15A;RPL14;RPL36AL;EIF3M;RPS7;RPL22",-3.2115873249813434,1.6210562229820527e-26,TRUE,
"REACTOME_RIBOSOME_ASSOCIATED_QUALITY_CONTROL",142,-2.8496926297191556,4.97871314387181e-23,1.6880949253440357e-21,"RPS21;PSMD3;RPL19;RPL23;RPLP2;RPS2;RPS28;RPS24;RPL26L1;SEM1;ELOB;RPL8;PSMB3;PSMC5;RPL12;RPLP1;RPL7A;PSMA7;ZNF598;RPS18;RPL37;RPL27;RPL31;RPL13;RPL3;RPL36;RPL11;PSMC3;RPLP0;FAU;RPL23A;PSMB7;RPS15;RPS11;RPS16;ADRM1;RPL28;RPS27A;RPS8;UBA52;RPL37A;RPS13;PSMB5;RPL34;RPL38;RPL18;RPL35;RPL4;RPL27A;RPL29;RPS19;RPS29;RPS4X;VCP;RPS5;ASCC2;RPS6;RPS12;RPS3;RPL13A;RPL6;PSMB6;KLHDC10;RPL32;RPL18A;RPL30;ANKZF1;RPL35A;RPL10A;RPS9;RPS14;RPSA;RPL5;PSMB4;NPLOC4;RPL41;RPS26;PSMD7;RPL7;PSMD13;RPL21;ELOC;RPS17;RPS15A;RPL14;RPL36AL;PSMB1;PSMD11;PSMB2;RPS7;RPL22",-3.000997382192647,1.2572812517782368e-23,TRUE,
"REACTOME_METABOLISM_OF_AMINO_ACIDS_AND_DERIVATIVES",318,-2.540434899957901,8.49355926352884e-23,2.7925793336147853e-21,"RPS21;PSMD3;RPL19;RPL23;GPT2;ASNS;PYCR1;RPLP2;RPS2;RPS28;RPS24;PAH;AHCY;RPL26L1;SEM1;ALDH4A1;PYCR2;SLC25A10;CKMT1A;RPL8;PSMB3;PSMC5;RPL12;QDPR;RPLP1;RPL7A;PSMA7;RPS18;HSD17B10;RPL37;NMRAL1;RPL27;RPL31;TXN2;GRHPR;RPL13;EEFSEC;AGXT;AFMID;SARS1;SDSL;RPL3;RPL36;ENOPH1;RPL11;PSMC3;GOT2;RPLP0;SRM;PCBD1;FAU;RPL23A;PHGDH;BCAT2;GCDH;PSMB7;RPS15;MARS1;RPS11;RPS16;ADRM1;RPL28;RPS27A;RPS8;UBA52;RPL37A;RPS13;PSMB5;PYCR3;RPL34;IVD;RPL38;ADI1;FAH;RPL18;IARS1;MPST;SCLY;SLC7A5;AGMAT;RPL35;RPL4;SHMT1;RPL27A;RPL29;ASL;GLS2;SERINC2;RPS19;ODC1;RPS29;RPS4X;RPS5;RPS6;ECHS1;RPS12;RPS3;SLC3A2;RPL13A;GCSH;RPL6;PSPH;ALDH9A1;PSMB6;OTC;SUOX;AIMP2;CKMT1B;RPL32;PIPOX;RPL18A;PSTK;RPL30;GOT1;RPL35A;MAT1A;RPL10A;SLC6A8;GAMT;RPS9;RPS14;KARS1;GSTZ1;AIMP1;RPSA;ALDH18A1;RIMKLA;EPRS1;PSAT1;QARS1;ARG2;RPL5;HYKK;RIDA;PSMB4;RPL41;IYD;OGDH;RPS26;ADO;MCCC2;HOGA1;ACAT1;PSMD7;RPL7;GLDC;PSMD13;RPL21",-2.6217093018612907,9.838440883985337e-22,TRUE,
"REACTOME_RESPONSE_OF_EIF2AK4_GCN2_TO_AMINO_ACID_DEFICIENCY",99,-2.9621245476891387,5.222484477530416e-22,1.6665869582707357e-20,"RPS21;RPL19;RPL23;DDIT3;ASNS;RPLP2;RPS2;RPS28;RPS24;RPL26L1;RPL8;RPL12;RPLP1;TRIB3;RPL7A;EIF2S2;RPS18;RPL37;RPL27;RPL31;RPL13;RPL3;RPL36;RPL11;RPLP0;FAU;RPL23A;RPS15;RPS11;RPS16;RPL28;RPS27A;RPS8;UBA52;RPL37A;RPS13;RPL34;RPL38;RPL18;ATF4;RPL35;RPL4;RPL27A;RPL29;RPS19;RPS29;RPS4X;RPS5;GCN1;RPS6;RPS12;RPS3;RPL13A;RPL6;RPL32;RPL18A;RPL30;RPL35A;RPL10A;RPS9;RPS14;RPSA;RPL5;RPL41;RPS26;EIF2S3;RPL7;CEBPG;RPL21;RPS17;RPS15A;RPL14;RPL36AL",-3.245402507232534,2.7248234684697803e-25,TRUE,
"REACTOME_NONSENSE_MEDIATED_DECAY_NMD",113,-2.8950726711867403,9.326447973733192e-22,2.8369197864872106e-20,"RPS21;RPL19;RPL23;RPLP2;RPS2;RPS28;RPS24;RPL26L1;RPL8;RPL12;RPLP1;RPL7A;RPS18;RPL37;RPL27;RPL31;RPL13;RPL3;PPP2R1A;RPL36;RPL11;RPLP0;FAU;RPL23A;RPS15;RPS11;RPS16;RPL28;RPS27A;RPS8;UBA52;RPL37A;RPS13;RPL34;RPL38;RPL18;RPL35;RPL4;RNPS1;RPL27A;SMG9;RPL29;RPS19;RPS29;RPS4X;SMG5;RPS5;RPS6;UPF1;RPS12;RPS3;RPL13A;RPL6;EIF4G1;MAGOH;RPL32;CASC3;RPL18A;RPL30;RPL35A;RPL10A;RPS9;RPS14;RPSA;RPL5;RPL41;RPS26;RPL7;RPL21;EIF4A3;RPS17;NCBP1;RPS15A;RPL14;RPL36AL",-3.078502631081705,1.7857542052608834e-22,TRUE,
"REACTOME_INFLUENZA_VIRAL_RNA_TRANSCRIPTION_AND_REPLICATION",134,-2.8329261697676835,9.412821411386137e-22,2.8369197864872106e-20,"RPS21;RPL19;RPL23;POLR2H;RPLP2;RPS2;RPS28;RPS24;POLR2J;POLR2L;RPL26L1;POLR2I;RPL8;RPL12;RPLP1;RPL7A;RPS18;RPL37;RPL27;RPL31;SEC13;RPL13;RPL3;RPL36;AAAS;RPL11;RPLP0;FAU;RPL23A;RPS15;RPS11;RPS16;RPL28;RPS27A;RPS8;UBA52;RPL37A;RPS13;RPL34;RPL38;RPL18;POLR2F;NUP188;RPL35;RPL4;RPL27A;RPL29;RPS19;RPS29;RPS4X;RAE1;NUP85;RPS5;RPS6;RPS12;RPS3;RPL13A;RPL6;NUP214;POLR2E;GTF2F1;POLR2G;RPL32;RPL18A;POLR2D;RPL30;RPL35A;RPL10A;RPS9;RPS14;NUP43;RPSA;RPL5;RPL41;RPS26;RPL7;RPL21;RPS17;RPS15A;POM121C;RPL14;RPL36AL;NUP93",-3.017983205128125,2.6676754391805483e-23,TRUE,
"REACTOME_CELLULAR_RESPONSE_TO_STARVATION",149,-2.8001447174995024,1.1929659455676786e-21,3.498292029570084e-20,"RPS21;RPL19;RPL23;DDIT3;ASNS;RPLP2;RPS2;RPS28;RPS24;RPL26L1;MLST8;RPL8;WDR24;RPL12;RPLP1;TRIB3;RPL7A;EIF2S2;RPS18;RPL37;RPL27;RPL31;SEC13;RPL13;RPL3;RPL36;LAMTOR4;RPL11;RPLP0;FAU;LAMTOR2;RPL23A;RPS15;RPS11;RPS16;RPTOR;RPL28;RPS27A;RPS8;UBA52;RPL37A;NPRL3;RPS13;RPL34;RPL38;RPL18;SH3BP4;NPRL2;ATF4;RPL35;RPL4;RPL27A;RPL29;RPS19;RPS29;RPS4X;KPTN;WDR59;RPS5;GCN1;RPS6;RPS12;RPS3;ATP6V0B;RPL13A;RPL6;RPL32;RPL18A;ATP6V0E2;RPL30;RPL35A;RPL10A;RPS9;RPS14;RPSA;RPL5;DEPDC5;RPL41;RPS26;ATP6V1F;EIF2S3;RPL7;CEBPG;RPL21;RPS17;ATP6V1C2;RPS15A;RPL14;RPL36AL",-3.0157445162113015,4.630966104471783e-23,TRUE,
"REACTOME_INFLUENZA_INFECTION",156,-2.7643389378067913,9.591204966229751e-21,2.738541417989284e-19,"RPS21;RPL19;RPL23;POLR2H;RPLP2;RPS2;SLC25A6;RPS28;RPS24;POLR2J;POLR2L;RPL26L1;POLR2I;RPL8;RPL12;RPLP1;CPSF4;RPL7A;RPS18;RPL37;RPL27;RPL31;SEC13;RPL13;RPL3;RPL36;AAAS;RPL11;RPLP0;FAU;RPL23A;RPS15;RPS11;RPS16;RPL28;RPS27A;RPS8;UBA52;RPL37A;RPS13;RPL34;RPL38;RPL18;POLR2F;NUP188;RPL35;RPL4;RPL27A;RPL29;RPS19;RPS29;RPS4X;RAE1;NUP85;RPS5;RPS6;RPS12;RPS3;RPL13A;RPL6;NUP214;POLR2E;GTF2F1;POLR2G;RAN;RPL32;RPL18A;POLR2D;RPL30;CLTA;RPL35A;RPL10A;RPS9;RPS14;NUP43;RPSA;KPNA2;RPL5;RPL41;RPS26;CALR;RPL7;RPL21;CLTC;RPS17;KPNB1;RPS15A;POM121C;RPL14;RPL36AL;NUP93",-2.8941798111014316,4.9814116851259004e-21,TRUE,
"REACTOME_RESPIRATORY_ELECTRON_TRANSPORT",155,-2.7532013977482994,1.2885719920368048e-20,3.5848733624613674e-19,"BCS1L;NDUFA3;MDH2;UQCRC1;TRAP1;TMEM177;UQCC2;DMAC2;NDUFB11;COA3;NDUFS6;COX4I1;NDUFV1;TACO1;NDUFS8;GOT2;NDUFA6;COX19;NDUFS5;NDUFA8;NDUFB7;UQCC5;UQCC6;NDUFA10;COX7B;NDUFS3;DMAC1;ACAD9;UQCC1;NDUFAF3;ETFB;CYC1;NDUFAF8;NDUFB10;UQCC3;HSPA9;NDUFS7;FOXRED1;SMIM20;ECSIT;NFS1;COX14;UQCRQ;COX6B1;NDUFA12;COX6A1;COX8A;NDUFB2;COX5A;SURF1;LETM1;NDUFV3;NDUFA9;COX5B;COX20;NDUFC1;SDHA;NDUFA1;SLC25A11;TMEM223;COX7C;OXA1L;NDUFA11;TMEM186;NDUFAF2;GOT1;UQCRHL;COX6C;SLC25A22;LYRM4;UQCRH;MT-CO2;NDUFB9;COX17;NDUFA2;NDUFS2;SFXN4;COX7A2;NDUFAB1;HIGD2A;PNKD;NDUFA13;MDH1;COX11;NDUFB3;NUBPL;UQCR10;NDUFS4;UQCRB;NDUFS1;ETFA;MT-CO1",-2.730329541977711,2.6986781451210994e-17,TRUE,
"REACTOME_REGULATION_OF_EXPRESSION_OF_SLITS_AND_ROBOS",153,-2.7492728567677736,1.5293988778721472e-20,4.1484944562281994e-19,"RPS21;PSMD3;RPL19;RPL23;RPLP2;RPS2;RPS28;RPS24;RPL26L1;SEM1;ELOB;RPL8;PSMB3;PSMC5;RPL12;RPLP1;RPL7A;PSMA7;RPS18;RPL37;RPL27;RPL31;RPL13;RPL3;RPL36;RPL11;PSMC3;RPLP0;FAU;RPL23A;PSMB7;RPS15;RPS11;RPS16;ADRM1;RPL28;RPS27A;RPS8;UBA52;RPL37A;RPS13;PSMB5;RPL34;RPL38;RPL18;RPL35;RPL4;RNPS1;RPL27A;RPL29;RPS19;RPS29;RPS4X;RPS5;RPS6;RPS12;RPS3;RPL13A;RPL6;PSMB6;EIF4G1;MAGOH;RPL32;CASC3;RPL18A;RPL30;RPL35A;RPL10A;RPS9;RPS14;DAG1;RPSA;RPL5;PSMB4;RPL41;RPS26;MSI1;PSMD7;RPL7;PSMD13;RPL21;ELOC;EIF4A3;RPS17;NCBP1;RPS15A;RPL14;RPL36AL;PSMB1;PSMD11;PSMB2;RPS7;RPL22",-2.8589189214800914,2.5991540194565023e-20,TRUE,
"REACTOME_SRP_DEPENDENT_COTRANSLATIONAL_PROTEIN_TARGETING_TO_MEMBRANE",110,-2.855447216120536,1.671701217236808e-20,4.423892245614479e-19,"RPS21;RPL19;RPL23;RPLP2;RPS2;RPS28;RPS24;RPL26L1;RPL8;RPL12;RPLP1;RPL7A;RPS18;RPL37;RPL27;RPL31;RPL13;RPN2;RPL3;RPL36;RPL11;RPLP0;FAU;RPL23A;SEC61A1;SRPRB;RPS15;RPS11;RPS16;RPL28;RPS27A;RPS8;UBA52;RPL37A;RPS13;RPN1;RPL34;RPL38;RPL18;SEC61B;RPL35;RPL4;RPL27A;RPL29;RPS19;RPS29;RPS4X;RPS5;RPS6;RPS12;RPS3;RPL13A;SRP68;DDOST;RPL6;RPL32;RPL18A;RPL30;RPL35A;RPL10A;RPS9;SSR4;RPS14;RPSA;SRP14;RPL5;RPL41;RPS26;RPL7;RPL21;RPS17;SEC61G;RPS15A;RPL14;RPL36AL;SRPRA;RPS7;RPL22",-3.087963814068164,6.74587315182686e-23,TRUE,
"REACTOME_SELENOAMINO_ACID_METABOLISM",113,-2.8369536914110345,2.820628775338029e-20,7.286624336289908e-19,"RPS21;RPL19;RPL23;RPLP2;RPS2;RPS28;RPS24;AHCY;RPL26L1;RPL8;RPL12;RPLP1;RPL7A;RPS18;RPL37;RPL27;RPL31;RPL13;EEFSEC;SARS1;RPL3;RPL36;RPL11;RPLP0;FAU;RPL23A;RPS15;MARS1;RPS11;RPS16;RPL28;RPS27A;RPS8;UBA52;RPL37A;RPS13;RPL34;RPL38;RPL18;IARS1;SCLY;RPL35;RPL4;RPL27A;RPL29;RPS19;RPS29;RPS4X;RPS5;RPS6;RPS12;RPS3;RPL13A;RPL6;AIMP2;RPL32;RPL18A;PSTK;RPL30;RPL35A;MAT1A;RPL10A;RPS9;RPS14;KARS1;AIMP1;RPSA;EPRS1;QARS1;RPL5;RPL41;RPS26;RPL7;RPL21;RPS17;SEPHS2;RPS15A;RPL14;RPL36AL",-3.042670755138656,1.3996536718663348e-21,TRUE,
"REACTOME_MRNA_SPLICING",211,-2.623591029545678,6.43917351343787e-20,1.6247682004837415e-18,"POLR2H;DDX41;SNRPF;POLR2J;POLR2L;PRPF6;POLR2I;SNRPA1;PQBP1;RBM10;CCDC12;XAB2;PRPF19;LSM4;PRKRIP1;TXNL4A;ALYREF;DHX35;SNRPE;LSM7;SF3B5;SRRT;SRSF9;SNRPA;SNRPC;U2AF2;POLR2F;EFTUD2;SNRNP70;PRPF31;SUGP1;SNRNP25;SNRNP35;SNRNP200;PUF60;SNRPD2;HNRNPL;RNPS1;HNRNPU;DDX23;FAM50A;SART1;SF3B3;PCBP2;PDCD7;SNU13;CHERP;PRPF4;PPIE;LSM8;SF3A2;DHX8;YJU2;POLR2E;GTF2F1;CTNNBL1;POLR2G;FUS;HNRNPA2B1;USP39;PTBP1;MAGOH;ISY1;LSM2;HNRNPD;HNRNPM;CACTIN;RBM42;CASC3;GPKOW;SF3B2;POLR2D;PPIH;PPIL1;SF3B6;RBM17;HNRNPF;HNRNPA1;DHX38;DDX42;C9orf78;RNF113A;CWC25;PRPF8;EIF4A3;HTATSF1;SRSF4;UBL5;NCBP1;SMU1;YBX1;RBM39;SNRPB;SNRPG;LENG1;RBMX;SAP18;PRCC;LSM5;DHX16;ZRSR2;ZNF830;PCBP1;ZMAT5;HNRNPA3;BUD13;PPIL2;SRSF7;SF3B4;LSM3;DHX9;PHF5A;ACIN1;PRPF3;SRSF6;POLR2C;HNRNPC;SNRPD1;RBMX2;RBM8A;UPF3B;BUD31;WBP11;NCBP2;SNRNP40;DNAJC8;IK;CWC15",-2.9376813108190567,3.615132705181605e-27,TRUE,
"REACTOME_EUKARYOTIC_TRANSLATION_ELONGATION",90,-2.9083904953733852,8.895034554764583e-20,2.1934346572544482e-18,"RPS21;RPL19;EEF1A2;RPL23;RPLP2;RPS2;RPS28;RPS24;RPL26L1;RPL8;RPL12;RPLP1;RPL7A;RPS18;RPL37;RPL27;RPL31;RPL13;RPL3;RPL36;RPL11;RPLP0;EEF2;FAU;RPL23A;RPS15;RPS11;RPS16;RPL28;RPS27A;RPS8;UBA52;RPL37A;RPS13;RPL34;RPL38;RPL18;RPL35;RPL4;RPL27A;RPL29;RPS19;RPS29;RPS4X;RPS5;RPS6;RPS12;RPS3;RPL13A;RPL6;RPL32;RPL18A;RPL30;RPL35A;RPL10A;RPS9;RPS14;RPSA;RPL5;RPL41;RPS26;RPL7;RPL21;EEF1B2;RPS17;RPS15A;RPL14;RPL36AL;EEF1D;RPS7;RPL22",-3.0873028452881983,8.004630212879431e-20,TRUE,
"REACTOME_PEPTIDE_LIGAND_BINDING_RECEPTORS",104,2.864191062208051,1.7583845154943313e-19,4.23966044291411e-18,"CCL19;CCR7;CCR4;CXCL13;CCR5;CCL22;CCR2;CXCR6;NPY1R;CCL5;CCL21;C3;CCR8;CCR1;CXCL9;C3AR1;FPR3;CCL11;CXCL10;CCL2;CCL13;GHRL;F2R;ACKR1;CCL4;CX3CR1;PPBP;CXCR4;ACKR2;SSTR2;CXCL11;CX3CL1;XCR1;SAA1;EDNRB;APLNR;CXCL12;CCR10;CCL28;FPR1;PSAP;F2RL3;BDKRB1;ANXA1;ACKR4;F2RL2;EDN3;EDN1;CCL3;CXCR2;C5AR1",2.8822171236153977,3.1390518972382667e-19,TRUE,
"REACTOME_G_ALPHA_I_SIGNALLING_EVENTS",196,2.6196171797973045,4.588371124199373e-18,1.082257102120939e-16,"CCL19;CCR7;CCR4;CXCL13;P2RY13;CCR5;CCR2;CXCR6;GNGT2;GPR183;NPY1R;CCL5;GPR18;CCL21;GPSM3;GNG2;RGS18;C3;CCR8;CAMK4;CCR1;RGS1;CXCL9;P2RY14;C3AR1;FPR3;PRKAR2B;CXCL10;ITPR1;CCL13;CCL4;CX3CR1;PDE1B;PPBP;PLCB2;SUCNR1;ADORA3;CCL4L2;GNG7;CXCR4;S1PR4;SSTR2;CXCL11;GNB4;CX3CL1;SAA1;PDE1A;PDE4B;GPR55;APLNR;CXCL12;S1PR2;GNG11;RGS19;CCR10;CCL28;FPR1;PRKACB;PSAP;ADCY5;BDKRB1;ANXA1;PTGER3;PDE4D;RGS9;RGS10;GNG12;CXCR2;C5AR1;ADCY7;PPP3CB;PPP3CC",2.705479986954356,4.1384433270395806e-20,TRUE,
"REACTOME_DNA_REPAIR",300,-2.317698219028807,2.9499155081073093e-17,6.809911332545597e-16,"POLR2H;POLR2J;COPS6;POLR2L;POLR2I;SEM1;POLD2;H4C5;GPS1;XAB2;NTHL1;PRPF19;MCRS1;RUVBL1;ERCC2;POLD1;BABAM1;ATRIP;XRCC1;FANCC;CENPX;RPS27A;USP10;UBA52;POLE;OGG1;COPS7B;PAXIP1;HERC2;H2AJ;RNF8;INO80E;POLR2F;H2AC20;XRCC3;RFC2;PPP5C;PPP4C;UVSSA;RAD23A;BAP1;ACTR5;VCP;EME2;POLL;ASCC2;PNKP;PPIE;ALKBH2;BAZ1B;LIG3;FAAP100;EME1;NFRKB;FEN1;POLR2E;POLR2G;RAD51D;YY1;RAD23B;CHEK2;KDM4A;SMUG1;FANCA;ISY1;KDM4B;NSD2;TFPT;EYA1;POLR2D;RAD50;ALKBH3;H2AZ2;LIG1;POLE4;FAN1;KPNA2;SIRT6;UBE2T;MPG;INO80;RTEL1;POLM;NPLOC4;ACD;XRCC2;UBE2I;USP43;MUTYH;GTF2H5;ACTB;UBXN1;MUS81;NEIL2;APEX1;RFC4;MAD2L2;SUMO3;TIMELESS;CHD1L;XRCC6;EXO1;TP53BP1;H2AX;ERCC6;BRCA1;RAD51;BRCC3;USP7;ADPRS;ZNF830;UBB;RNF168;TIPIN;FANCG;RFC3;PIAS4;CHEK1;RAD51C;UNG;FAAP20;BABAM2;RAD51B;POLQ;POLR2C;TP53;NEIL3;NEIL1;CCNA2;RAD18;FANCI;RPA3;COPS5;UBC;PARP2;RFC5;RAD9B;FIRRM;FANCE;ERCC3;FANCB;MGMT;UIMC1;CDK2",-2.3610714360903096,1.1164315230015735e-15,TRUE,
"REACTOME_SIGNALING_BY_INTERLEUKINS",394,2.3045403041569794,5.4035945621547903e-17,1.2214375208204057e-15,"CCL19;IL16;IRF4;IGHG4;IL21R;IL10RA;CSF2RB;IL2RB;CD4;STAT4;CCR5;CCL22;CCR2;EBI3;IGHG1;PIK3CD;CCL5;LCP1;JAK3;S100B;CA1;FASLG;IL2RA;IL6R;IL1RL1;CD80;CCR1;VCAM1;LIFR;IL18BP;CD86;IL7R;IL18RAP;STAT1;HAVCR2;LCK;HCK;CCL11;CXCL10;STAT2;CCL2;CSF2RA;IL18R1;MSN;CCL4;CSF1;CD36;ITGB2;IL1R1;S1PR1;PTAFR;IL12RB1;ICAM1;VAV1;ITGAX;CSF1R;CSF3R;FYN;MEF2C;MAP3K8;BATF;TNF;JAK2;GATA3;SAA1;OSMR;F13A1;IRAK3;MMP2;IL6ST;FGF2;MAPK10;RORA;ZEB1;IL15;VIM;IL12RB2;IL3RA;MCL1;CRLF1;BCL2;N4BP1;FPR1;HGF;TGFB1;IL18;HMOX1;VAMP2;PDCD4;IL15RA;SOCS3;MYD88;NDN;ANXA1;ITGAM;CASP8;JAK1;LYN;LIF;MAP3K3;USP18;CEBPD;NLRC5;STAT3;CBL;CCL3;SOD2;PTPN7;CASP1;MEF2A;CLCF1;BLNK;SOCS1;FOXO1;IKBIP;HIF1A;ALOX15",2.3618552182280235,6.196316838570891e-18,TRUE,
"REACTOME_GENERATION_OF_SECOND_MESSENGER_MOLECULES",30,2.8547670057250194,5.654585517091036e-17,1.2520867930701579e-15,"ITK;CD3G;CD3E;CD247;CD4;WAS;CD3D;FYB1;PLCG2;EVL;ZAP70;HLA-DRB5;HLA-DQA1;LCP2;HLA-DPA1;CD101;HLA-DRA;HLA-DQB1;HLA-DRB1;GRAP2;LCK;HLA-DPB1;HLA-DQB2;HLA-DQA2",2.85388181102565,5.087586963210086e-16,TRUE,
"REACTOME_CHEMOKINE_RECEPTORS_BIND_CHEMOKINES",45,2.8522225331183138,2.50844180753349e-16,5.443318722347673e-15,"CCL19;CCR7;CCR4;CXCL13;CCR5;CCL22;CCR2;CXCR6;CCL5;CCL21;CCR8;CCR1;CXCL9;CCL11;CXCL10;CCL2;CCL13;CCL4;CX3CR1;PPBP;CXCR4;ACKR2;CXCL11;CX3CL1;XCR1;CXCL12;CCR10;CCL28",2.8779203550260717,2.640795362843195e-15,TRUE,
"REACTOME_INTERFERON_GAMMA_SIGNALING",88,2.7335289791245136,1.151899459932796e-15,2.450609635347223e-14,"IRF4;GBP5;HLA-DRB5;HLA-DQA1;HLA-DPA1;HLA-DRA;TRIM22;VCAM1;HLA-DQB1;HLA-DRB1;GBP1;CIITA;STAT1;HLA-DPB1;GBP2;GBP4;HLA-DQB2;PTAFR;ICAM1;HLA-DQA2;IRF1;SP100;JAK2;FCGR1A;IFI30;IRF9;IFNGR1;HLA-E;OAS2;B2M;TRIM38;TRIM21;SOCS3;IRF2;HLA-C;TRIM46;JAK1;OAS3;OASL;TRIM5;SMAD7;IRF8;TRIM31;SOCS1;PTPN6;HLA-B;NCAM1;HLA-F;TRIM14",2.7109988595900734,9.359556416327336e-14,TRUE,
"REACTOME_MITOCHONDRIAL_TRANSLATION",114,-2.617272138714001,2.0859911655907704e-15,4.3525007974345885e-14,"MRPS5;MRPL17;ERAL1;MRPL55;MRPS34;MRPL23;MRPL27;MTRFR;MRPS25;MRPL10;TUFM;MRPS2;MRPL41;MRPL45;MRPL24;MRPL46;MRPS18B;MRPL4;MRPL37;MRPS33;MRPS26;MRPL28;MRPL21;MRPS12;MRPS11;MALSU1;GADD45GIP1;AURKAIP1;MRPL16;MRPL14;MRPL40;MRPL12;MRPL11;MRPL36;MRPS18C;MRPL20;MRPL38;MRPL57;MRPL58;MRPS18A;MRPS30;MT-ND4L;MTIF2;DAP3;OXA1L;MRPS7;MRPL30;PTCD3;MRPS15;MIEF1;MT-RNR1;MRPS10;MRPL48;MRPL43;MRPS23;MRPL9;MT-CO2;MRPS16;MT-ATP6;CHCHD1;MRPL52;MRPS27;MRPL34;NDUFAB1;MRPL42;MRPL18;MTIF3;MRPL3;MRPL22",-2.7853372006834896,1.1480434186746482e-15,TRUE,
"REACTOME_MITOCHONDRIAL_TRANSLATION_ELONGATION",89,-2.6722177585545457,6.443020055378169e-15,1.3189956151104365e-13,"MRPS5;MRPL17;ERAL1;MRPL55;MRPS34;MRPL23;MRPL27;MRPS25;MRPL10;TUFM;MRPS2;MRPL41;MRPL45;MRPL24;MRPL46;MRPS18B;MRPL4;MRPL37;MRPS33;MRPS26;MRPL28;MRPL21;MRPS12;MRPS11;GADD45GIP1;AURKAIP1;MRPL16;MRPL14;MRPL40;MRPL12;MRPL11;MRPL36;MRPS18C;MRPL20;MRPL38;MRPL57;MRPL58;MRPS18A;MRPS30;DAP3;OXA1L;MRPS7;MRPL30;PTCD3;MRPS15;MT-RNR1;MRPS10;MRPL48;MRPL43;MRPS23;MRPL9;MRPS16;CHCHD1;MRPL52;MRPS27;MRPL34;MRPL42;MRPL18;MRPL3;MRPL22",-2.7708420836777963,6.31238652105279e-14,TRUE,
"REACTOME_RIBOSOME_QUALITY_CONTROL_RQC_COMPLEX_EXTRACTS_AND_DEGRADES_NASCENT_PEPTIDE",101,-2.6851908714882256,6.716133114294505e-15,1.349445264631396e-13,"PSMD3;RPL19;RPL23;RPLP2;RPL26L1;SEM1;ELOB;RPL8;PSMB3;PSMC5;RPL12;RPLP1;RPL7A;PSMA7;RPL37;RPL27;RPL31;RPL13;RPL3;RPL36;RPL11;PSMC3;RPLP0;RPL23A;PSMB7;ADRM1;RPL28;RPS27A;UBA52;RPL37A;PSMB5;RPL34;RPL38;RPL18;RPL35;RPL4;RPL27A;RPL29;VCP;RPL13A;RPL6;PSMB6;KLHDC10;RPL32;RPL18A;RPL30;ANKZF1;RPL35A;RPL10A;RPL5;PSMB4;NPLOC4;RPL41;PSMD7;RPL7;PSMD13;RPL21;ELOC;RPL14;RPL36AL;PSMB1;PSMD11;PSMB2;RPL22;UBB;RPL15;PSMD2",-2.9468015637877363,8.197727264485278e-18,TRUE,
"REACTOME_MRNA_3_END_PROCESSING",148,-2.464154097921954,6.123754183841486e-14,1.208049688994184e-12,"POLR2H;SNRPF;POLR2J;POLR2L;POLR2I;SNRPA1;CPSF4;RBM10;THOC6;SYMPK;ALYREF;SNRPE;CHTOP;SF3B5;SRRT;TUT1;SRSF9;CSTF1;SNRPA;RPS27A;UBA52;SNRPC;U2AF2;POLR2F;SNRNP70;SUGP1;THOC3;PUF60;SNRPD2;HNRNPL;RNPS1;CPSF1;HNRNPU;SF3B3;PCBP2;DDX39A;CHERP;SF3A2;CPSF6;POLR2E;GTF2F1;POLR2G;FUS;HNRNPA2B1;PTBP1;MAGOH;HNRNPD;HNRNPM;THOC5;CASC3;SF3B2;POLR2D;PPP1R10;SF3B6;RBM17;HNRNPF;HNRNPA1;DHX38;DDX42;EIF4A3;WDR33;HTATSF1;SRSF4;NCBP1;YBX1;RBM39;SNRPB;SNRPG;RBMX;POLDIP3;UBB;PCBP1;HNRNPA3;CPSF3;SRSF7;SF3B4;DHX9;PHF5A;SRSF6;POLR2C;CSTF2;HNRNPC;SNRPD1;UBC;RBM8A;UPF3B;NCBP2;DNAJC8;PPP1CA",-2.7102613517912926,7.685828932737078e-17,TRUE,
"REACTOME_PHOSPHORYLATION_OF_CD3_AND_TCR_ZETA_CHAINS",20,2.6381386234589166,9.253922769084719e-14,1.7929475365101644e-12,"CD3G;CD3E;PTPRC;CD247;CD4;CD3D;PTPN22;HLA-DRB5;HLA-DQA1;HLA-DPA1;HLA-DRA;HLA-DQB1;HLA-DRB1;LCK;HLA-DPB1;HLA-DQB2;HLA-DQA2",2.613105887995728,1.274276257060777e-11,TRUE,
"REACTOME_PROTEIN_LOCALIZATION",157,-2.4011333280770093,1.4235716840585585e-13,2.709781188076379e-12,"SLC25A6;BCS1L;TOMM40;PMPCA;ATP5MC1;IDH3G;TIMM44;GRPEL1;TIMM17B;AGXT;COA4;DECR2;CHCHD5;MTX1;TIMM13;ACOT8;CHCHD3;COX19;PEX14;SLC25A4;CHCHD10;DHRS4;RPS27A;UBA52;PEX10;ACO2;STX1A;PEX16;CYC1;TOMM7;SEC61B;FIS1;HSPA9;MPV17;TIMM8A;CHCHD2;PXMP4;TIMM50;SGTA;HSPD1;TIMM10;TAFAZZIN;CS;GFER;EMD;ATP5F1B;UBL4A;TOMM22;OTC;SAMM50;IDH1;DNAJC19;TOMM5;PIPOX;TIMM23;PEX7;CHCHD4;TIMM22;HMGCL;BAG6;TYSND1;VDAC1;MLYCD;ACOX2;PAM16;TIMM8B;TOMM20;COX17;PEX5;GET3;ACOX3;SEC61G;PECR;UBE2J2;GRPEL2;SLC27A2;EPHX2;TIMM9;MTX2",-2.406094578564984,1.6614502711286404e-11,TRUE,
"REACTOME_INTERLEUKIN_4_AND_INTERLEUKIN_13_SIGNALING",97,2.6041065533061025,1.7855530458714123e-13,3.3402156116732455e-12,"IRF4;IGHG4;CCL22;IGHG1;JAK3;FASLG;IL6R;VCAM1;STAT1;CCL11;CCL2;CD36;ITGB2;S1PR1;ICAM1;ITGAX;BATF;TNF;JAK2;GATA3;SAA1;F13A1;MMP2;FGF2;RORA;ZEB1;VIM;MCL1;BCL2;HGF;TGFB1;IL18;HMOX1;SOCS3;NDN;ANXA1;ITGAM;JAK1;LIF;CEBPD;STAT3;SOCS1;FOXO1;HIF1A;ALOX15;IL6;ALOX5;MMP1;TNFRSF1B",2.6166079583233284,2.3156144611341724e-12,TRUE,
"REACTOME_SIGNALING_BY_ROBO_RECEPTORS",195,-2.330588398352554,2.813705510146217e-13,5.1743567432349925e-12,"RPS21;PSMD3;RPL19;RPL23;RPLP2;RPS2;RPS28;RPS24;RPL26L1;SEM1;ELOB;RPL8;PSMB3;PSMC5;RPL12;RPLP1;RPL7A;PSMA7;RPS18;RPL37;RPL27;RPL31;RPL13;RPL3;RPL36;RPL11;PSMC3;RPLP0;FAU;RPL23A;PSMB7;RPS15;RPS11;RPS16;ADRM1;RPL28;RPS27A;RPS8;UBA52;RPL37A;NCK2;RPS13;PSMB5;RPL34;RPL38;RPL18;PFN2;RPL35;ARHGAP39;RPL4;SRC;RNPS1;RPL27A;RPL29;RPS19;PAK4;RPS29;RPS4X;RPS5;RPS6;RPS12;RPS3;RPL13A;RPL6;PSMB6;EIF4G1;MAGOH;RPL32;CASC3;RPL18A;RPL30;RPL35A;RPL10A;RPS9;RPS14;DAG1;PAK6;RPSA;ENAH;RPL5;PSMB4;RPL41;RPS26;MSI1;PSMD7;RPL7;PSMD13;RPL21;ELOC;EIF4A3;RPS17;NCBP1;RPS15A;RPL14;RPL36AL;PSMB1;PSMD11;PSMB2;RPS7;RPL22;UBB;PFN1;RPL15;PSMD2",-2.488282097332557,3.448014887039714e-14,TRUE,
"REACTOME_MITOCHONDRIAL_PROTEIN_IMPORT",63,-2.7175211089656424,2.9658351286575973e-13,5.363218524322488e-12,"SLC25A6;BCS1L;TOMM40;PMPCA;ATP5MC1;IDH3G;TIMM44;GRPEL1;TIMM17B;COA4;CHCHD5;MTX1;TIMM13;CHCHD3;COX19;SLC25A4;CHCHD10;ACO2;CYC1;TOMM7;HSPA9;TIMM8A;CHCHD2;TIMM50;HSPD1;TIMM10;TAFAZZIN;CS;GFER;ATP5F1B;TOMM22;OTC;SAMM50;DNAJC19;TOMM5;TIMM23;CHCHD4;TIMM22;VDAC1;PAM16;TIMM8B;TOMM20;COX17",-2.8241816388138288,3.3292732415580417e-12,TRUE,
"REACTOME_M_PHASE",357,-2.0730193570768853,3.989271199389161e-13,7.0956709038315405e-12,"TUBG1;PSMD3;ANAPC11;MZT2A;SEM1;PSMB3;PSMC5;PSMA7;H4C5;NEK6;TUBA4A;MZT2B;CSNK1E;SEC13;CENPM;SSNA1;TUBB4B;PPP2R1A;AAAS;PSMC3;ANAPC7;CEP250;PSMB7;DYNLL2;KMT5A;RANGAP1;ADRM1;RPS27A;UBA52;PSMB5;H2AJ;VPS4A;H2AC20;NUP188;CEP131;CHMP4B;LPIN3;B9D2;SPC24;ANAPC2;CKAP5;BIRC5;RCC1;ESPL1;NUDC;UBE2C;RAE1;AURKB;NUP85;NCAPH2;CSNK2A2;LEMD2;TUBGCP2;CDC20;CSNK1D;EMD;NUP214;HDAC8;ANKLE2;NCAPD3;PSMB6;TUBGCP4;PLK1;ZWINT;DSN1;CHMP2A;HAUS8;RAN;ENSA;PMF1;TUBGCP6;PPP2R2D;CDCA8;CDC26;TUBA1B;H2AZ2;UBE2S;SMC1A;NUP43;PSMB4;BUB3;DCTN3;UBE2I;CENPO;NCAPG2;NCAPH;CDK5RAP2;CCNB2;LMNB1;PSMD7;ODF2;PSMD13;YWHAG;CEP72;DYNLL1;KPNB1;POM121C;ANAPC5;CENPT;GORASP2;PSMB1;NUP93;KIF20A;CDCA5;SFI1;H2AX;SGO1;PSMD11;ERCC6L;PSMB2;CENPP;BANF1;NUP62;UBB;CENPA;NINL;PSMD2;ANAPC15;DCTN2;GORASP1;HAUS5;H3-3B;CPAP;PSMC4;LMNA;PSMD8;TUBB2B;INCENP;AHCTF1;NUP205;DYNC1H1;CCNB1;MAD2L1;KIF2C;NUP88;PSMD14;KIF23;TUBG2;HAUS4;CENPF;PSMC2;GOLGA2;SPC25;TUBA1C;UBC;NEK2;FIRRM;TUBGCP3;TUBB;PSMD12;RPS27;RANBP2;NCAPD2;H2BC26;CEP152;RCC2;NUP98;MAPRE1;SET;CENPE;PTTG1;CHMP6;KNTC1;DCTN1;PPP2R5D;HAUS7;CDC16;PSMD1;NUP37;MAPK3;PLK4;TUBAL3;PCNT",-2.2484724734751955,6.7894007666157174e-15,TRUE,
"REACTOME_CELL_CYCLE_CHECKPOINTS",267,-2.181760464425418,7.637935813024429e-13,1.3366387672792752e-11,"PSMD3;ANAPC11;SEM1;PSMB3;PSMC5;PSMA7;H4C5;CSNK1E;SEC13;CENPM;MCM3;PPP2R1A;PSMC3;ANAPC7;CDC6;BABAM1;ATRIP;PKMYT1;PSMB7;DYNLL2;RANGAP1;ADRM1;RPS27A;UBA52;PSMB5;HERC2;RNF8;CDC25A;MCM7;RFC2;B9D2;SPC24;ANAPC2;CKAP5;BIRC5;NUDC;UBE2C;AURKB;ORC6;NUP85;MCM5;CDC20;PSMB6;CDC45;PLK1;PCBP4;ZWINT;DSN1;CHEK2;MCM2;PMF1;NSD2;CDCA8;CDC26;RAD50;UBE2S;NUP43;PSMB4;BUB3;CUL1;CENPO;CCNB2;PSMD7;PSMD13;GTSE1;YWHAG;RFC4;DYNLL1;CCNE1;ANAPC5;CENPT;PSMB1;EXO1;TP53BP1;H2AX;SGO1;BRCA1;PSMD11;ERCC6L;PSMB2;CENPP;BRCC3;UBB;CENPA;GSK3B;RNF168;PSMD2;RFC3;PIAS4;ANAPC15;CHEK1;PSMC4;PSMD8;BABAM2;INCENP;COP1;AHCTF1;DYNC1H1;CCNB1;ORC1;MAD2L1;KIF2C;TP53;PSMD14;CCNA2;CENPF;PSMC2;ORC5;RPA3;SPC25;YWHAB;UBC;RFC5;RAD9B;CDC25C;PSMD12;UIMC1;CDK2;RPS27;RANBP2;MCM6;H2BC26;RCC2;NUP98;MAPRE1;MCM4;BARD1;CENPE;KNTC1;PPP2R5D;CDC7;DBF4;CDC16;PSMD1;NUP37;RAD1;CENPN;CENPH;PHF20;ITGB3BP;WRN;TOP3A",-2.3031919634228135,2.047021142389845e-13,TRUE,
"REACTOME_MRNA_POLYADENYLATION",126,-2.442932083443998,1.772492170543088e-12,3.052625404824207e-11,"POLR2H;SNRPF;POLR2J;POLR2L;POLR2I;SNRPA1;CPSF4;RBM10;SYMPK;SNRPE;SF3B5;SRRT;TUT1;SRSF9;CSTF1;SNRPA;RPS27A;UBA52;SNRPC;U2AF2;POLR2F;SNRNP70;SUGP1;PUF60;SNRPD2;HNRNPL;CPSF1;HNRNPU;SF3B3;PCBP2;CHERP;SF3A2;CPSF6;POLR2E;GTF2F1;POLR2G;FUS;HNRNPA2B1;PTBP1;HNRNPD;HNRNPM;SF3B2;POLR2D;PPP1R10;SF3B6;RBM17;HNRNPF;HNRNPA1;DDX42;WDR33;HTATSF1;SRSF4;NCBP1;YBX1;RBM39;SNRPB;SNRPG;RBMX;UBB;PCBP1;HNRNPA3;CPSF3;SRSF7;SF3B4;DHX9;PHF5A;SRSF6;POLR2C;CSTF2;HNRNPC;SNRPD1;UBC;NCBP2;DNAJC8;PPP1CA",-2.7219369184831983,1.1876321052366848e-15,TRUE,
"REACTOME_DNA_REPLICATION",147,-2.361796189514858,2.1332565073784278e-12,3.6165364226649907e-11,"PSMD3;ANAPC11;SEM1;POLD2;PSMB3;PSMC5;PSMA7;H4C5;MCM3;POLRMT;PSMC3;ANAPC7;POLD1;CDC6;CDT1;PSMB7;ADRM1;RPS27A;UBA52;POLE;PSMB5;H2AJ;FZR1;MCM7;H2AC20;RFC2;POLG;ANAPC2;UBE2C;ORC6;GINS2;TWNK;MCM5;LIG3;FEN1;PSMB6;CDC45;MCM2;POLA2;SSBP1;CDC26;H2AZ2;LIG1;UBE2S;POLE4;PSMB4;CUL1;PSMD7;PSMD13;RFC4;SKP2;KPNB1;CCNE1;GINS3;GMNN;ANAPC5;PSMB1;H2AX;PSMD11;PSMB2;UBB;PSMD2;RFC3;ANAPC15;H3-3B;PSMC4;PSMD8;ORC1;PSMD14;CCNA2;PSMC2;ORC5;RPA3;GINS1;UBC;RFC5;RNASEH1;PSMD12;CDK2;MCM6;H2BC26;MCM4;CDC7;DBF4;CDC16;PSMD1",-2.3399659004018596,3.5094177946323164e-10,TRUE,
"REACTOME_EXTRACELLULAR_MATRIX_ORGANIZATION",273,2.198331894251247,3.698577796861795e-12,6.173779860915459e-11,"ITGAL;TPSAB1;ICAM3;MADCAM1;ITGA4;VCAM1;MMP25;JAM2;A2M;TLL1;TNXB;COL14A1;MFAP4;ITGB2;FBLN5;ICAM1;EFEMP1;LTBP2;ITGAX;PECAM1;COL23A1;HAPLN1;ITGA8;CTSK;ADAM19;ADAMTS8;MMP12;ITGB7;MMP2;CTSS;FGF2;TIMP2;MMP19;DCN;COL13A1;LUM;MMP7;ITGAE;ADAMTS1;ITGA10;PCOLCE2;JAM3;ITGAV;CTSL;TGFB1;DDR2;SSPN;FBLN1;FBLN2;ADAMTS2;LAMA2;VCAN;ELN;ITGAM;FBN1;LOXL4;ADAMTS3;CTSB;KLK7;KDR;ADAM12;BGN;PTPRS;TNN;EMILIN1;COL8A2;ADAM8;MFAP3;LAMA4;MFAP5;COL4A4;COL6A3;SDC2;P4HA3;EMILIN2;CTSD;ITGB3;COL18A1;SNTB2;CAST;LOXL1;MMP1;HTRA1;COL10A1;COL8A1;UTRN;NCAM1;ITGA11;LOX;CEACAM1;ITGB6;SGCE;TGFB3;LOXL3;ADAMTS4;ADAMTS5;COL9A1;PCOLCE;CAPN2;COMP;ADAMTS14;SDC3;COL17A1;SH3PXD2A;SGCD;NID2;THBS1;MMP14;VWF;SCUBE1;ITGA1;PDGFB;COL5A1;COL1A2;SPARC;MATN3;ITGA9;CD44;COL5A2;COL15A1;CD47;EFEMP2;BMP4;SGCA;COL3A1;LAMA3",2.511382986295715,3.161079081158976e-18,TRUE,
"REACTOME_MITOTIC_METAPHASE_AND_ANAPHASE",212,-2.206039842933826,7.723677026125104e-12,1.2697256929311722e-10,"PSMD3;ANAPC11;SEM1;PSMB3;PSMC5;PSMA7;TUBA4A;SEC13;CENPM;TUBB4B;PPP2R1A;PSMC3;ANAPC7;PSMB7;DYNLL2;RANGAP1;ADRM1;RPS27A;UBA52;PSMB5;VPS4A;NUP188;CHMP4B;B9D2;SPC24;ANAPC2;CKAP5;BIRC5;RCC1;ESPL1;NUDC;UBE2C;AURKB;NUP85;LEMD2;CDC20;EMD;HDAC8;ANKLE2;PSMB6;PLK1;ZWINT;DSN1;CHMP2A;RAN;PMF1;CDCA8;CDC26;TUBA1B;UBE2S;SMC1A;NUP43;PSMB4;BUB3;UBE2I;CENPO;CCNB2;LMNB1;PSMD7;PSMD13;DYNLL1;KPNB1;ANAPC5;CENPT;PSMB1;NUP93;CDCA5;SGO1;PSMD11;ERCC6L;PSMB2;CENPP;BANF1;NUP62;UBB;CENPA;PSMD2;ANAPC15;PSMC4;LMNA;PSMD8;TUBB2B;INCENP;AHCTF1;NUP205;DYNC1H1;CCNB1;MAD2L1;KIF2C;PSMD14;CENPF;PSMC2;SPC25;TUBA1C;UBC;PSMD12;RPS27;RANBP2;RCC2;NUP98;MAPRE1;CENPE;PTTG1;CHMP6;KNTC1;PPP2R5D;CDC16;PSMD1;NUP37",-2.2478804377678894,7.904995778406463e-11,TRUE,
"REACTOME_MITOCHONDRIAL_PROTEIN_DEGRADATION",97,-2.487291963790554,1.0733919044880515e-11,1.7382540542828893e-10,"LONP1;SLC25A6;SHMT2;PMPCA;MDH2;HSD17B10;COX4I1;NDUFV1;MRPS2;PDHA1;ALDH2;BDH1;FH;NDUFS3;ACO2;CLPP;HSPA9;CHCHD2;ALDH1B1;IDH2;ECI1;HSPD1;UQCRQ;MRPL12;TIMM10;PCCB;TWNK;CS;COX5A;ATP5F1B;NDUFV3;COX5B;PRELID1;SLC25A5;SSBP1;TIMM22;MRPS10;SPG7;TRIAP1;MT-CO2;HADH;ALDH18A1;ARG2;MT-ATP6;OGDH;ACAT1;NDUFA2;DLD;NDUFA13;TIMM9;ATP5PO;OXSM;NDUFS1;MT-CO1;IDH3A;ATP5MG;HTRA2;ECH1;AFG3L2;TIMM17A;ATP5F1A;STARD7;ATP5F1C;NADK2;PDHB",-2.496905004129047,6.928057562619595e-10,TRUE,
"REACTOME_SARS_COV_INFECTIONS",433,2.0259378642625907,1.3441760147606247e-11,2.1447514353165849e-10,"CD79B;CD79A;IGKV2-30;IGHV3-33;BTK;IGHV3-30;IGKV3D-20;IGLV1-47;CYSLTR1;IGHV1-46;IGLV3-25;IGHV3-7;IGKV3-11;IGKV1-12;IGHV3-23;IGKV4-1;IGHV4-34;IGKV1D-16;IGHV4-39;IGHD;IGLV1-40;IGLV3-1;IGLV3-21;IGKV1-16;IGKV1-17;IGHV3-53;IGHV2-70;IGLV2-14;IGHV3-48;IGLV2-23;IGHV1-2;IGHV4-59;IGKV1-5;IGKV3-20;IGLC3;IGLV3-27;IGLV7-43;IGHV3-13;TLR7;IGLC2;IGLV2-11;IGKV3-15;IGHV1-69;IGHV2-5;PLCG2;IGHV3-11;IGLV1-44;IGLV2-8;IGLV6-57;PDCD1;JAK3;ITGA4;IGLV3-19;IL6R;TLR8;IGHM;TLR1;STAT1;STAT2;RIGI;IL1R1;S1PR1;PARP9;VAV1;NR3C1;ZBP1;JAK2;ATP1B2;PARP14;GPC6;IFNGR1;IFIH1;HLA-E;ATP1A2;B2M;CTSL;TLR2;NLRP3;STING1;RUNX1;HLA-C;NRP1;SH3KBP1;TUSC3",1.991897264529398,1.123280161590508e-9,TRUE,
"REACTOME_INTERLEUKIN_10_SIGNALING",42,2.6419282807145845,1.383479665718361e-11,2.175471648267278e-10,"CCL19;IL10RA;CCR5;CCL22;CCR2;CCL5;CD80;CCR1;CD86;CXCL10;CCL2;CCL4;CSF1;IL1R1;PTAFR;ICAM1;TNF;FPR1;IL18;JAK1;LIF;STAT3;CCL3",2.588286988971901,1.6548616681792125e-9,TRUE,
"REACTOME_TRNA_PROCESSING",114,-2.341231748501554,7.309960835947366e-11,1.1330439295718418e-9,"QTRT1;PUS1;TRMT61A;TRMU;CPSF4;HSD17B10;POP5;WDR4;TRMT112;SEC13;METTL1;AAAS;CTU2;TRMT1;URM1;GTPBP3;TSEN54;POP7;NUP188;TYW1;CPSF1;RAE1;NUP85;LAGE3;CTU1;NUP214;DUS2;RPP14;RAN;RPP40;RTCB;TP53RK;MT-RNR1;XPOT;NSUN2;FTSJ1;MTO1;NUP43;ELAC2;EPRS1;THG1L;DDX1;ZBTB8OS;TSEN2;TSEN34;ADAT2;ADAT3;RPP21;OSGEP;POM121C;NUP93;YRDC;RPP25;NUP62;TRMT11;RTRAF;PUS7;NUP205;NUP88;THADA;CSTF2;TPRKB;TRMT44;LCMT2;CDKAL1;RANBP2;NUP98;TSEN15;RPP38;NUP37;POP4;PRORP;TRMT9B;TYW5",-2.427697682029473,4.785468169274405e-10,TRUE,
"REACTOME_ACTIVATION_OF_THE_MRNA_UPON_BINDING_OF_THE_CAP_BINDING_COMPLEX_AND_EIFS_AND_SUBSEQUENT_BINDING_TO_43S",59,-2.571975528690867,1.4797068200445488e-10,2.261242112321599e-9,"RPS21;RPS2;RPS28;RPS24;EIF4EBP1;EIF3F;EIF2S2;RPS18;EIF3D;EIF3I;FAU;RPS15;RPS11;RPS16;RPS27A;RPS8;RPS13;EIF3B;RPS19;RPS29;EIF3K;EIF3G;RPS4X;RPS5;RPS6;RPS12;RPS3;EIF4G1;EIF3J;RPS9;RPS14;EIF4H;RPSA;EIF3A;RPS26;EIF2S3;RPS17;RPS15A;EIF3M;RPS7",-2.7239103341211495,1.395124922996443e-10,TRUE,
"REACTOME_S_PHASE",149,-2.232451142582863,1.7337451006288677e-10,2.6126575474754464e-9,"PSMD3;ANAPC11;E2F1;SEM1;POLD2;PSMB3;PSMC5;PSMA7;MCM3;PSMC3;ANAPC7;POLD1;CDC6;CDT1;PSMB7;ADRM1;RPS27A;UBA52;POLE;PSMB5;FZR1;CDC25A;MCM7;RFC2;ANAPC2;UBE2C;ORC6;GINS2;MCM5;FEN1;CDK4;AKT2;PSMB6;CDC45;E2F4;MCM2;POLA2;AKT1;CDC26;LIG1;UBE2S;POLE4;SMC1A;PSMB4;CUL1;PTK6;PSMD7;PSMD13;RFC4;SKP2;CCNE1;GINS3;GMNN;ANAPC5;PSMB1;CKS1B;CDCA5;PSMD11;PSMB2;UBB;GSK3B;PSMD2;RFC3;ANAPC15;PSMC4;CCND1;PSMD8;ORC1;PSMD14;CCNA2;PSMC2;TFDP1;ORC5;RPA3;GINS1;UBC;RFC5;MYC;PSMD12;CDK2",-2.13073432871704,1.4327333456507207e-7,TRUE,
"REACTOME_SYNTHESIS_OF_DNA",107,-2.3449667358944644,1.8090105833039015e-10,2.6887349080612783e-9,"PSMD3;ANAPC11;SEM1;POLD2;PSMB3;PSMC5;PSMA7;MCM3;PSMC3;ANAPC7;POLD1;CDC6;CDT1;PSMB7;ADRM1;RPS27A;UBA52;POLE;PSMB5;FZR1;MCM7;RFC2;ANAPC2;UBE2C;ORC6;GINS2;MCM5;FEN1;PSMB6;CDC45;MCM2;POLA2;CDC26;LIG1;UBE2S;POLE4;PSMB4;CUL1;PSMD7;PSMD13;RFC4;SKP2;CCNE1;GINS3;GMNN;ANAPC5;PSMB1;PSMD11;PSMB2;UBB;PSMD2;RFC3;ANAPC15;PSMC4;PSMD8;ORC1;PSMD14;CCNA2;PSMC2;ORC5;RPA3;GINS1;UBC;RFC5",-2.2308846025894282,1.3810758904049582e-7,TRUE,
"REACTOME_SEPARATION_OF_SISTER_CHROMATIDS",167,-2.1973621942086865,2.229293389106044e-10,3.2686261178108886e-9,"PSMD3;ANAPC11;SEM1;PSMB3;PSMC5;PSMA7;TUBA4A;SEC13;CENPM;TUBB4B;PPP2R1A;PSMC3;ANAPC7;PSMB7;DYNLL2;RANGAP1;ADRM1;RPS27A;UBA52;PSMB5;B9D2;SPC24;ANAPC2;CKAP5;BIRC5;ESPL1;NUDC;UBE2C;AURKB;NUP85;CDC20;HDAC8;PSMB6;PLK1;ZWINT;DSN1;PMF1;CDCA8;CDC26;TUBA1B;UBE2S;SMC1A;NUP43;PSMB4;BUB3;CENPO;PSMD7;PSMD13;DYNLL1;ANAPC5;CENPT;PSMB1;CDCA5;SGO1;PSMD11;ERCC6L;PSMB2;CENPP;UBB;CENPA;PSMD2;ANAPC15;PSMC4;PSMD8;TUBB2B;INCENP;AHCTF1;DYNC1H1;MAD2L1;KIF2C;PSMD14;CENPF;PSMC2;SPC25;TUBA1C;UBC;PSMD12;RPS27;RANBP2;RCC2;NUP98;MAPRE1;CENPE;PTTG1;KNTC1;PPP2R5D;CDC16;PSMD1;NUP37;TUBAL3;CENPN;CENPH;ITGB3BP;TUBB2A;PDS5A",-2.241222718906007,2.8420623321199707e-9,TRUE,
"REACTOME_INTEGRIN_CELL_SURFACE_INTERACTIONS",74,2.483026768393307,5.103415895514038e-10,7.382941662176975e-9,"ITGAL;ICAM3;MADCAM1;ITGA4;VCAM1;JAM2;ITGB2;ICAM1;ITGAX;PECAM1;COL23A1;ITGA8;ITGB7;COL13A1;LUM;ITGAE;ITGA10;JAM3;ITGAV;ITGAM;FBN1;KDR;COL8A2;COL4A4;COL6A3;ITGB3;COL18A1;COL10A1;COL8A1;ITGA11;ITGB6;COL9A1;COMP;THBS1;VWF;ITGA1;COL5A1;COL1A2;ITGA9;CD44;COL5A2;CD47;COL3A1",2.664265390350947,2.1450868700402024e-11,TRUE,
"REACTOME_COMPLEX_I_BIOGENESIS",67,-2.468829090662719,7.354875789685464e-10,1.0500052936590432e-8,"NDUFA3;DMAC2;NDUFB11;NDUFS6;NDUFV1;NDUFS8;NDUFA6;NDUFS5;NDUFA8;NDUFB7;NDUFA10;NDUFS3;DMAC1;ACAD9;NDUFAF3;NDUFAF8;NDUFB10;HSPA9;NDUFS7;FOXRED1;ECSIT;NDUFA12;NDUFB2;NDUFV3;NDUFA9;NDUFC1;NDUFA1;OXA1L;NDUFA11;TMEM186;NDUFAF2;NDUFB9;NDUFA2;NDUFS2;SFXN4;NDUFAB1;NDUFA13;NDUFB3;NUBPL;NDUFS4;NDUFS1",-2.5042000670068973,3.7879468483067074e-8,TRUE,
"REACTOME_DNA_REPLICATION_PRE_INITIATION",113,-2.2625657844919096,7.64852351368854e-10,1.0777464951106579e-8,"PSMD3;ANAPC11;SEM1;PSMB3;PSMC5;PSMA7;H4C5;MCM3;PSMC3;ANAPC7;CDC6;CDT1;PSMB7;ADRM1;RPS27A;UBA52;POLE;PSMB5;H2AJ;FZR1;MCM7;H2AC20;ANAPC2;UBE2C;ORC6;MCM5;PSMB6;CDC45;MCM2;POLA2;CDC26;H2AZ2;UBE2S;POLE4;PSMB4;PSMD7;PSMD13;KPNB1;GMNN;ANAPC5;PSMB1;H2AX;PSMD11;PSMB2;UBB;PSMD2;ANAPC15;H3-3B;PSMC4;PSMD8;ORC1;PSMD14;PSMC2;ORC5;RPA3;UBC;PSMD12;CDK2;MCM6;H2BC26;MCM4;CDC7;DBF4;CDC16;PSMD1",-2.2228046631311638,9.130126208554935e-8,TRUE,
"REACTOME_CHROMATIN_ORGANIZATION",241,-2.063877665910283,8.387248995990272e-10,1.1666878411089032e-8,"RPS2;SMARCD2;RUVBL2;KAT2A;WDR5;PRMT1;H4C5;SUV39H1;MCRS1;RUVBL1;EHMT2;MRGBP;SMARCB1;SETD6;WDR77;COPRS;ELP6;KMT5A;CHD4;DMAP1;ING5;SAP30;TADA2A;H2AJ;SETD1A;PRMT7;H2AC20;JMJD6;KDM5C;MTA1;SMYD3;SMARCE1;BCL7A;SMARCA4;TAF5L;KMT5C;BRD1;SGF29;SS18L1;MBD3;TAF9;CARM1;TRRAP;BRMS1;HDAC8;CDK4;BRPF1;MSL1;KDM4A;BCL7C;KDM4B;NSD2;SMARCC2;SUPT7L;NCOR2;HDAC10;H2AZ2;SUPT3H;MTA2;DPY30;KAT8;GATAD2A;NSD3;BRD9;BCL7B;YEATS2;ACTB;HCFC1;HMG20B;SMYD2;VPS72;AEBP2;TAF6L;DPF1;DOT1L;SAP130;RBBP7;SAP18;H2AX;HDAC1;SETD2;PRMT3;EHMT1;JADE1;SMARCD1;ATXN7L3;SUV39H2;KANSL3;EP400;CCND1;TADA2B;ELP5",-2.0894922862459135,8.552581300673771e-9,TRUE,
"REACTOME_PLATELET_ACTIVATION_SIGNALING_AND_AGGREGATION",218,2.1257735480274387,1.8989472503570967e-9,2.6080478058701897e-8,"PRKCB;PIK3CG;APBB1IP;RASGRP2;GNGT2;PLCG2;PIK3R5;LCP2;RASGRP1;GNG2;IGF1;PIK3R6;SELP;FCER1G;A2M;MMRN1;CTSW;PLEK;LCK;PRKCH;SRGN;ITPR1;F2R;SERPING1;CD36;PPBP;VAV1;GNG7;PECAM1;FYN;CLEC3B;RAC2;GNB4;GP1BA;VEGFC;F13A1;GNG11;SELENOP;HGF;TGFB1;RARRES2;DGKA;TIMP3;FERMT3;PSAP;PDPN;F2RL3;CLU;ITIH3;LYN;F2RL2;CD109;GNG12;IGF2;RAP1A;PRKCQ;ISLR;GNA13;TRPC6;CAP1;SOS1;LHFPL2;CYRIB;PTPN6;PHACTR2;ITGB3;F8;P2RY1;TMX3;PIK3CA;PF4;ARRB1",2.2467721468047963,3.0789434823978613e-10,TRUE,
"REACTOME_RRNA_MODIFICATION_IN_THE_NUCLEUS_AND_CYTOSOL",59,-2.489118869938803,1.9303597140220074e-9,2.6180503621423477e-8,"IMP4;RPS2;BUD23;FBL;TRMT112;RRP9;NOL6;TBL3;DHX37;NOC4L;NAT10;DDX49;WDR46;DKC1;NHP2;RPS6;SNU13;DDX52;TSR3;RCL1;GAR1;RRP36;RPS9;NOP14;RPS14;UTP3;NOP56;NOL11;WDR43;RRP7A;NOP2;NOP58;EMG1;PDCD11;RPS7;NOP10;UTP4;BMS1;IMP3;PNO1;UTP25",-2.630602802079573,2.5395692155355453e-9,TRUE,
"REACTOME_TCR_SIGNALING",101,2.311959877445438,2.235992695992153e-9,2.9951260187055386e-8,"ITK;CD3G;CD3E;PTPRC;CD247;TRAT1;CD4;WAS;CD3D;FYB1;PTPN22;PLCG2;EVL;ZAP70;HLA-DRB5;HLA-DQA1;LCP2;HLA-DPA1;CD101;HLA-DRA;HLA-DQB1;HLA-DRB1;GRAP2;LCK;HLA-DPB1;HLA-DQB2;HLA-DQA2",2.3885962218179393,1.5819652886788358e-9,TRUE,
"REACTOME_SARS_COV_2_MODULATES_HOST_TRANSLATION_MACHINERY",50,-2.4601989581593386,2.6343049101001803e-9,3.4856351554374336e-8,"RPS21;RPS2;RPS28;SNRPF;RPS24;RPS18;SNRPE;FAU;RPS15;RPS11;RPS16;RPS27A;RPS8;RPS13;SNRPD2;RPS19;RPS29;RPS4X;RPS5;RPS6;RPS12;RPS3;GEMIN6;RPS9;RPS14;RPSA;GEMIN4;RPS26;RPS17;RPS15A;SNRPB;SNRPG;GEMIN8;RPS7",-2.572700214594302,1.1659582815223367e-8,TRUE,
"REACTOME_TRANSCRIPTIONAL_REGULATION_BY_TP53",347,-1.8565009233194123,2.9607327321123864e-9,3.8703554389661914e-8,"POLR2H;E2F1;POLR2J;POLR2L;TAF15;POLR2I;MLST8;ELOB;PRMT1;NELFA;COX4I1;PPP2R1A;LAMTOR4;EHMT2;ERCC2;PRELID3A;NOC2L;LAMTOR2;ATRIP;FANCC;KMT5A;CHD4;RPTOR;COX7B;RPS27A;ING5;UBA52;GPI;BANP;SSRP1;POLR2F;RNF34;BID;PRDX2;STEAP3;RFC2;MAPKAPK5;AURKA;GLS2;NELFCD;NELFB;BIRC5;RABGGTA;PRDX5;CNOT3;AIFM2;AURKB;PIN1;BRD1;COX6B1;NELFE;MBD3;TAF9;DAXX;RABGGTB;COX6A1;CSNK2A2;TSC2;MAPKAP1;COX8A;CARM1;COX5A;PIDD1;TAF4;POLR2E;COX5B;AKT2;GTF2F1;POLR2G;BRPF1;PCBP4;RAD51D;CHEK2;E2F4;PRELID1;TPX2;COX7C;CDK5;POLR2D;TP53RK;PIP4K2B;AKT1;CASP6;COX6C;G6PD;RAD50;TRIAP1;PRR5;MT-CO2;MTA2;TAF6;DDIT4;STK11;TNFRSF10D;GPX2;GATAD2A;SUPT5H;JUN;BBC3;GTF2H5;CDK12;COX7A2;CNOT9;ELOC;YWHAG;RFC4;SMYD2;CCNE1;BAX;RBBP7;GADD45A;EXO1;HDAC1;BRCA1;USP7;PRKAA2;PPP1R13B;EHMT1;E2F8;UBB;RBL1;LAMTOR5;RFC3;CDK9;MT-CO1;TXN;CTDP1;SESN2;PIP4P1;CHEK1",-1.9620310023559022,2.249224995275092e-9,TRUE,
"REACTOME_CONSTITUTIVE_SIGNALING_BY_ABERRANT_PI3K_IN_CANCER",66,2.4006986050625128,3.857126413475453e-9,4.980721363870554e-8,"CD19;CD28;PIK3CG;TRAT1;ICOS;PIK3CD;PIK3R5;ESR1;CD80;PIK3R6;CD86;LCK;VAV1;FYN;RAC2;PIK3AP1;FGF7;FGF2;PDGFRA;ESR2;HGF;FGF10;KIT;BDNF",2.490894433662668,7.247229429119625e-9,TRUE,
"REACTOME_MRNA_SPLICING_MINOR_PATHWAY",50,-2.4471298043073597,3.901947612248821e-9,4.980721363870554e-8,"POLR2H;SNRPF;POLR2J;POLR2L;PRPF6;POLR2I;TXNL4A;SNRPE;SF3B5;POLR2F;EFTUD2;SNRNP25;SNRNP35;SNRNP200;SNRPD2;DDX23;SF3B3;PDCD7;POLR2E;GTF2F1;POLR2G;SF3B2;POLR2D;SF3B6;DDX42;PRPF8;NCBP1;YBX1;SNRPB;SNRPG;ZRSR2;ZMAT5;SRSF7;SF3B4;SRSF6;POLR2C;SNRPD1;NCBP2;SNRNP40",-2.6809741447623017,6.586406254906721e-10,TRUE,
"REACTOME_DENGUE_VIRUS_INFECTION",352,-1.8291562971568665,4.451317967327276e-9,5.6159069704070864e-8,"POLR2H;SNRPF;POLR2J;POLR2L;PRPF6;POLR2I;MLST8;SNRPA1;DPM2;CPSF4;H4C5;PQBP1;RBM10;GRPEL1;OST4;XAB2;PRPF19;DPM3;AP2S1;RPN2;TXNL4A;SCAP;NACA;SYMPK;ALYREF;SNRPE;SF3B5;UBA1;SRRT;SRSF9;CSTF1;RPTOR;RPS27A;UBA52;P4HB;AP2A2;RPN1;RPL18;U2AF2;POLR2F;EFTUD2;H2AC20;SDC1;NCL;SUGP1;FASN;SNRNP200;PUF60;SNRPD2;HNRNPL;RNPS1;CPSF1;HNRNPU;PAF1;DDX23;VCP;SF3B3;DAXX;PCBP2;MAPKAP1;CHERP;PPIE;EMC4;SF3A2;HDLBP;CPSF6;AUP1;DDOST;SDC4;POLR2E;ELAVL1;GTF2F1;CTNNBL1;POLR2G;EIF4G1;FUS;HNRNPA2B1;HNRNPA0;TYRO3;PTBP1;ISY1;HNRNPD;HNRNPM;P4HA2;GPKOW;SF3B2;POLR2D;RRBP1;NMT1;TMEM258;NFKBIB;PRR5;PPIL1;SF3B6;RBM17;HSP90AB1;RPSA;HNRNPF;HNRNPA1;AP2M1;KPNA2;DHX38;NPLOC4;UBE2I;BECN1;DDX42;CALR;HSPA5;CWC25;PRPF8;EIF4A3;AP2A1;WDR33;SRSF4;KPNB1;NCBP1;GPC2;YBX1;STT3A;SNRPB;SNRPG",-1.8780014779924425,1.517993469726649e-8,TRUE,
"REACTOME_G2_M_CHECKPOINTS",135,-2.172486892347897,5.072746438314465e-9,6.326356190311718e-8,"PSMD3;SEM1;PSMB3;PSMC5;PSMA7;H4C5;MCM3;PSMC3;CDC6;BABAM1;ATRIP;PKMYT1;PSMB7;ADRM1;RPS27A;UBA52;PSMB5;HERC2;RNF8;CDC25A;MCM7;RFC2;ORC6;MCM5;PSMB6;CDC45;CHEK2;MCM2;NSD2;RAD50;PSMB4;CCNB2;PSMD7;PSMD13;GTSE1;YWHAG;RFC4;PSMB1;EXO1;TP53BP1;H2AX;BRCA1;PSMD11;PSMB2;BRCC3;UBB;RNF168;PSMD2;RFC3;PIAS4;CHEK1;PSMC4;PSMD8;BABAM2;CCNB1;ORC1;TP53;PSMD14;CCNA2;PSMC2;ORC5;RPA3;YWHAB;UBC;RFC5;RAD9B;CDC25C;PSMD12;UIMC1;CDK2;MCM6;H2BC26;MCM4;BARD1;CDC7;DBF4;PSMD1",-2.2966136313212058,2.033057870710062e-9,TRUE,
"REACTOME_G_ALPHA_Q_SIGNALLING_EVENTS",138,2.212294530147383,5.3401585423586695e-9,6.584172748249042e-8,"P2RY10;BTK;CYSLTR1;RASGRP2;GNGT2;GPR65;CYSLTR2;RASGRP1;GNG2;RGS18;RGS1;GPR132;PRKCH;ITPR1;GHRL;F2R;PLCB2;PTAFR;GNG7;PTGFR;GNB4;XCR1;PTGER1;SAA1;EDNRB;GPR68;GNG11;RGS19;DGKA;ARHGEF25;F2RL3;BDKRB1;ANXA1;LPAR6;F2RL2;EDN3;EDN1;GNG12;P2RY6;PRKCQ;RGS2;FFAR2;TRPC6;SOS1;TAC3;P2RY1;RGS5;GRK5;PIK3CA",2.3461008891148065,8.606068471465637e-10,TRUE,
"REACTOME_NUCLEOTIDE_EXCISION_REPAIR",107,-2.2361825366825947,6.195230453039571e-9,7.552612406233634e-8,"POLR2H;POLR2J;COPS6;POLR2L;POLR2I;POLD2;GPS1;XAB2;PRPF19;MCRS1;RUVBL1;ERCC2;POLD1;XRCC1;RPS27A;UBA52;POLE;COPS7B;INO80E;POLR2F;RFC2;UVSSA;RAD23A;ACTR5;PPIE;LIG3;NFRKB;POLR2E;POLR2G;YY1;RAD23B;ISY1;TFPT;POLR2D;LIG1;POLE4;INO80;UBE2I;GTF2H5;ACTB;RFC4;SUMO3;CHD1L;ERCC6;USP7;ZNF830;UBB;RFC3",-2.196108303598146,3.053097412171854e-7,TRUE,
"REACTOME_CHROMOSOME_MAINTENANCE",111,-2.2296146358764952,6.374273842445363e-9,7.684541243392465e-8,"POLR2H;POLR2J;POLR2L;POLR2I;RUVBL2;POLD2;H4C5;CENPM;RUVBL1;POLD1;TERT;CENPX;CHTF18;MIS18A;H2AJ;POLR2F;H2AC20;RFC2;DKC1;DAXX;NHP2;FEN1;POLR2E;POLR2G;POLA2;GAR1;POLR2D;PIF1;WRAP53;H2AZ2;LIG1;RTEL1;ACD;CENPO;CENPW;RFC4;CENPT;RBBP7;H2AX;CENPP;HJURP;NOP10;CENPA;RFC3;H3-3B",-2.239709713185051,6.130516199339505e-8,TRUE,
"REACTOME_MITOTIC_G2_G2_M_PHASES",183,-2.058419289351185,6.578462142192117e-9,7.843551015690601e-8,"TUBG1;PSMD3;E2F1;MZT2A;SEM1;PSMB3;PSMC5;PSMA7;TUBA4A;MZT2B;CSNK1E;SSNA1;TUBB4B;PPP2R1A;PSMC3;PKMYT1;CEP250;PSMB7;MYBL2;ADRM1;RPS27A;PPME1;UBA52;PSMB5;FZR1;CDC25A;CEP131;LCMT1;AURKA;CKAP5;TUBGCP2;CSNK1D;TICRR;PSMB6;TUBGCP4;PLK1;HAUS8;TPX2;PPP2R3B;TUBGCP6;TUBA1B;CDK11B;HSP90AB1;PSMB4;CUL1;DCTN3;CDK5RAP2;CCNB2;PSMD7;ODF2;PSMD13;GTSE1;YWHAG;CEP72;DYNLL1;PSMB1;SFI1;SGO1;PSMD11;PSMB2;HJURP;FKBPL;UBB;NINL;PSMD2;DCTN2;HAUS5;CPAP;PSMC4;PSMD8;TUBB2B;DYNC1H1;CCNB1;TP53;PSMD14;CCNA2;TUBG2;HAUS4;CENPF;PSMC2;TUBA1C;UBC;NEK2;CDC25C;TUBGCP3;TUBB;PSMD12;CDK2;CDK11A;CEP152;MAPRE1;DCTN1;HAUS7;PSMD1;FBXL18;PLK4;TUBAL3;PCNT",-2.036508154432037,1.3982042803482722e-7,TRUE,
"REACTOME_TELOMERE_MAINTENANCE",84,-2.265197194456367,1.1468600482658577e-8,1.3525469047483213e-7,"POLR2H;POLR2J;POLR2L;POLR2I;RUVBL2;POLD2;H4C5;RUVBL1;POLD1;TERT;CHTF18;H2AJ;POLR2F;H2AC20;RFC2;DKC1;DAXX;NHP2;FEN1;POLR2E;POLR2G;POLA2;GAR1;POLR2D;PIF1;WRAP53;H2AZ2;LIG1;RTEL1;ACD",-2.133100784761141,6.7493134122019994e-6,TRUE,
"REACTOME_NEUTROPHIL_DEGRANULATION",424,1.8512660630137436,1.5335184808530423e-8,1.7891048943285494e-7,"TBC1D10C;IRAG2;ITGAL;PTPRC;ARHGAP9;SELL;BIN2;DOCK2;HVCN1;CD53;ADA2;CR1;NCKAP1L;GMFG;LTF;FGL2;P2RX1;CYBB;C3;DOK3;LAIR1;MMP25;MNDA;FCER1G;C3AR1;CD33;FGR;NFAM1;ATP8B4;PLEKHO2;RAB37;SIRPB1;CLEC12A;SIGLEC14;CD36;LILRB2;ITGB2;PPBP;ADGRE3;CD300A;PTAFR;FCGR3B;TYROBP;ITGAX;PECAM1;CTSC;CRISPLD2;GM2A;SIGLEC9;ADGRG3;OLR1;CTSS;TIMP2;CD14;OSCAR;LILRB3;FCN1;STOM;GPR84;FCGR2A;TMT1A;RAB27A;B2M;YPEL5;FPR1;ITGAV;RAB31;TLR2;HK3;PSAP;STING1;HSPA6;CHIT1;MAN2B1;HLA-C;CD93;ITGAM;STK10;MME;RNASE2;SLC2A5;CHI3L1;CTSB;SIRPA;RAP1A;PTX3;CXCR2;PLAC8;C5AR1;CEACAM3;HGSNAT;PRCP;FUCA1;ADAM8;SDCBP;AMPD3;CAP1;PTPN6;CTSD;HLA-B;CD59;FRMPD3;CMTM6;TNFAIP6;ALOX5;SLC2A3;GLIPR1;COTL1;TNFRSF1B;MGAM;RAB4B;ACTR2;CLEC5A;LYZ;CEACAM1;HPSE;RHOA;CAB39;CD177;CXCL1;CTSH;UNC13D;RAP1B;CXCR1;ACTR10;VAT1;SLC15A4;FPR2;DEGS1;PADI2;B4GALT1;PLAU;SNAP29;APAF1;BST2;RAP2C",2.0680782425925894,1.1470240709560649e-11,TRUE,
"REACTOME_TOLL_LIKE_RECEPTOR_CASCADES",159,2.100025701930689,2.543136805257491e-8,2.935429184791891e-7,"TLR10;CD180;BTK;TASL;TLR7;PLCG2;LY86;S100B;TLR6;LY96;TLR8;TLR1;CD36;ITGB2;MEF2C;MAP3K8;CTSK;SAA1;IRAK3;CTSS;MAPK10;CD14;OPTN;BIRC3;N4BP1;CTSL;LGMN;TLR2;TLR5;MAP3K1;MYD88;ITGAM;CASP8;CTSB;USP18;UBE2D1;NLRC5;SFTPA2;PIK3C3;MEF2A;SOCS1;IKBIP;BIRC2;TLR3;TANK;TAB2;PELI2;GSDME;AGER;MAPK11;MAP2K4;NFKBIA;DUSP6;RIPK1;NOD1;IRF5",2.2238780800645426,1.517993469726649e-8,TRUE,
"REACTOME_SWITCHING_OF_ORIGINS_TO_A_POST_REPLICATIVE_STATE",78,-2.275057020492167,2.6967144506128297e-8,3.0799317672788636e-7,"PSMD3;ANAPC11;SEM1;PSMB3;PSMC5;PSMA7;MCM3;PSMC3;ANAPC7;CDC6;CDT1;PSMB7;ADRM1;RPS27A;UBA52;PSMB5;FZR1;MCM7;ANAPC2;UBE2C;ORC6;MCM5;PSMB6;MCM2;CDC26;UBE2S;PSMB4;CUL1;PSMD7;PSMD13;SKP2;CCNE1;GMNN;ANAPC5;PSMB1;PSMD11;PSMB2;UBB;PSMD2;ANAPC15;PSMC4;PSMD8;ORC1;PSMD14;CCNA2;PSMC2;ORC5;UBC;PSMD12;CDK2;MCM6;MCM4",-2.111285882286767,1.2829395476744398e-5,TRUE,
"REACTOME_INTERLEUKIN_2_FAMILY_SIGNALING",36,2.46118064072708,4.776631117727554e-8,5.398588294514996e-7,"IL21R;CSF2RB;IL2RB;STAT4;PIK3CD;JAK3;IL2RA;STAT1;HAVCR2;LCK;CSF2RA;JAK2;IL15;IL3RA;IL15RA;JAK1;STAT3;SOS1;PTPN6;PIK3CA;GAB2;SHC1;PIK3R1;STAT5A",2.5104233256093367,9.130126208554935e-8,TRUE,
"REACTOME_DNA_DOUBLE_STRAND_BREAK_REPAIR",146,-2.0305664013165434,7.217374020536117e-8,8.058805961302774e-7,"SEM1;POLD2;H4C5;POLD1;BABAM1;ATRIP;XRCC1;RPS27A;UBA52;POLE;PAXIP1;HERC2;RNF8;XRCC3;RFC2;PPP5C;PPP4C;BAP1;EME2;POLL;BAZ1B;LIG3;EME1;FEN1;RAD51D;CHEK2;KDM4A;KDM4B;NSD2;EYA1;RAD50;POLE4;KPNA2;SIRT6;RTEL1;POLM;XRCC2;UBE2I;UBXN1;MUS81;RFC4;TIMELESS;XRCC6;EXO1;TP53BP1;H2AX;BRCA1;RAD51;BRCC3;UBB;RNF168;TIPIN;RFC3;PIAS4;CHEK1;RAD51C;BABAM2;RAD51B;POLQ;TP53;CCNA2;RPA3;UBC;PARP2;RFC5;RAD9B;FIRRM",-2.171619399433823,4.322069501101508e-8,TRUE,
"REACTOME_DENGUE_VIRUS_HOST_INTERACTIONS",243,-1.9001419224052505,7.278921513434763e-8,8.058805961302774e-7,"POLR2H;SNRPF;POLR2J;POLR2L;PRPF6;POLR2I;MLST8;SNRPA1;CPSF4;H4C5;PQBP1;RBM10;GRPEL1;XAB2;PRPF19;TXNL4A;SYMPK;ALYREF;SNRPE;SF3B5;SRRT;SRSF9;CSTF1;RPTOR;RPL18;U2AF2;POLR2F;EFTUD2;H2AC20;SDC1;SUGP1;FASN;SNRNP200;PUF60;SNRPD2;HNRNPL;RNPS1;CPSF1;HNRNPU;PAF1;DDX23;SF3B3;DAXX;PCBP2;MAPKAP1;CHERP;PPIE;SF3A2;CPSF6;AUP1;SDC4;POLR2E;ELAVL1;GTF2F1;CTNNBL1;POLR2G;FUS;HNRNPA2B1;HNRNPA0;PTBP1;ISY1;HNRNPD;HNRNPM;GPKOW;SF3B2;POLR2D;NFKBIB;PRR5;PPIL1;SF3B6;RBM17;HSP90AB1;HNRNPF;HNRNPA1;DHX38;UBE2I;BECN1;DDX42;CWC25;PRPF8;EIF4A3;WDR33;SRSF4;NCBP1;GPC2;YBX1;SNRPB;SNRPG;RBMX",-2.073562397915365,6.64950299099836e-9,TRUE,
"REACTOME_DISEASES_OF_IMMUNE_SYSTEM",29,2.3996417261939027,8.748562491848049e-8,9.588071013793065e-7,"TLR10;BTK;TLR7;TLR6;LY96;TLR1;CD36;CD14;TLR2;TLR5;MYD88",2.412231799965826,5.300368239293086e-7,TRUE,
"REACTOME_ORC1_REMOVAL_FROM_CHROMATIN",57,-2.3664266120752306,1.0098833719320567e-7,1.0957234585462815e-6,"PSMD3;SEM1;PSMB3;PSMC5;PSMA7;MCM3;PSMC3;CDC6;CDT1;PSMB7;ADRM1;RPS27A;UBA52;PSMB5;MCM7;ORC6;MCM5;PSMB6;MCM2;PSMB4;CUL1;PSMD7;PSMD13;SKP2;PSMB1;PSMD11;PSMB2;UBB;PSMD2;PSMC4;PSMD8;ORC1;PSMD14;CCNA2;PSMC2;ORC5;UBC;PSMD12;CDK2;MCM6;MCM4",-2.1305815951802702,2.1415482720592562e-4,TRUE,
"REACTOME_NEGATIVE_REGULATION_OF_THE_PI3K_AKT_NETWORK",100,2.203832264214638,1.3425520331231884e-7,1.4422464910283755e-6,"CD19;CD28;PIK3CG;TRAT1;ICOS;PIK3CD;PIK3R5;ESR1;IL1RL1;CD80;PIP4K2A;PIK3R6;CD86;LCK;VAV1;FYN;RAC2;PIK3AP1;FGF7;FGF2;PDGFRA;ESR2;HGF;FGF10;KIT;MYD88;BDNF",2.33721689803834,3.154833609706987e-8,TRUE,
"REACTOME_TNFS_BIND_THEIR_PHYSIOLOGICAL_RECEPTORS",25,2.387292884895181,1.3881541733429573e-7,1.4766149785069692e-6,"TNFRSF17;CD27;LTA;TNFSF8;TNFRSF9;FASLG;TNFRSF8;TNFRSF18;TNFSF13B;TNFSF14;TNFRSF4;TNFSF4;TNFSF11;CD70;TNFSF15;TNFSF13;TNFRSF1B",2.3359412752549127,3.9041799686756655e-6,TRUE,
"REACTOME_SARS_COV_1_MODULATES_HOST_TRANSLATION_MACHINERY",36,-2.3003666475471243,2.3890992489233047e-7,2.5166725097881414e-6,"RPS21;RPS2;RPS28;RPS24;RPS18;FAU;RPS15;RPS11;RPS16;RPS27A;RPS8;RPS13;RPS19;RPS29;RPS4X;RPS5;RPS6;RPS12;RPS3;RPS9;RPS14;RPSA;HNRNPA1;RPS26;RPS17;RPS15A",-2.3998046354117353,1.4729679863962905e-6,TRUE,
"REACTOME_MITOTIC_G1_PHASE_AND_G1_S_TRANSITION",137,-2.006549548557175,2.932320865134676e-7,3.0592001333376187e-6,"PSMD3;E2F1;SEM1;PSMB3;PSMC5;PSMA7;MCM3;PPP2R1A;PSMC3;CDC6;CDT1;PSMB7;MYBL2;ADRM1;RPS27A;UBA52;POLE;PSMB5;CDC25A;MCM7;SRC;ORC6;MCM5;TK1;CDK4;AKT2;PSMB6;CDC45;TOP2A;E2F4;MCM2;POLA2;PPP2R3B;AKT1;POLE4;PSMB4;CUL1;PTK6;PSMD7;PSMD13;SKP2;CCNE1;GMNN;CDKN2D;PSMB1;CKS1B;HDAC1;PSMD11;PSMB2;UBB;RBL1;PSMD2;PSMC4;CCND1;RRM2;PSMD8;E2F6;CCNB1;ORC1;PSMD14;CCNA2;PSMC2;TFDP1;ORC5;RPA3;UBC;MYC;PSMD12;CDK2;DHFR;MCM6;MCM4",-1.9101588670184237,2.9094379193906492e-5,TRUE,
"REACTOME_TRANSCRIPTION_COUPLED_NUCLEOTIDE_EXCISION_REPAIR_TC_NER",75,-2.1925853239912776,3.4682212387861e-7,3.5838286134123037e-6,"POLR2H;POLR2J;COPS6;POLR2L;POLR2I;POLD2;GPS1;XAB2;PRPF19;ERCC2;POLD1;XRCC1;RPS27A;UBA52;POLE;COPS7B;POLR2F;RFC2;UVSSA;PPIE;LIG3;POLR2E;POLR2G;ISY1;POLR2D;LIG1;POLE4",-2.1559344994698897,1.9257049624442053e-5,TRUE,
"REACTOME_INTERFERON_ALPHA_BETA_SIGNALING",64,2.271841571100249,4.2100908394602425e-7,4.309385434730531e-6,"IRF4;STAT1;STAT2;GBP2;IFIT3;XAF1;IRF1;SAMHD1;IFIT5;IRF9;HLA-E;IFIT2;OAS2;RSAD2;MX2;SOCS3;IRF2;ISG20;HLA-C;IFIT1;IFI6;ADAR;JAK1;OAS3;OASL;IFI35;USP18;MX1;IRF8;EIF2AK2;SOCS1;RNASEL;PTPN6;HLA-B;IFNAR2;HLA-F;IRF5;IFNAR1;HLA-A;BST2",2.3837028719918494,4.041945474545247e-7,TRUE,
"REACTOME_RNA_POLYMERASE_III_TRANSCRIPTION",41,-2.241893480530225,4.3819490561148175e-7,4.430681674169966e-6,"POLR2H;POLR2L;POLR1C;POLR3A;POLR3K;POLR3E;GTF3C5;SNAPC5;POLR2F;SNAPC4;POLR3H;BRF1;POLR3B;POLR2E;GTF3C1;ZNF143;GTF3A;SNAPC3;GTF3C2;CRCP",-2.190479364073762,6.400670645378704e-5,TRUE,
"REACTOME_MITOTIC_PROMETAPHASE",193,-1.90129167793197,4.410263786270565e-7,4.430681674169966e-6,"TUBG1;MZT2A;NEK6;TUBA4A;MZT2B;CSNK1E;SEC13;CENPM;SSNA1;TUBB4B;PPP2R1A;CEP250;DYNLL2;RANGAP1;CEP131;B9D2;SPC24;CKAP5;BIRC5;NUDC;AURKB;NUP85;CSNK2A2;TUBGCP2;CDC20;CSNK1D;HDAC8;TUBGCP4;PLK1;ZWINT;DSN1;HAUS8;PMF1;TUBGCP6;CDCA8;TUBA1B;SMC1A;NUP43;BUB3;DCTN3;CENPO;NCAPH;CDK5RAP2;CCNB2;ODF2;YWHAG;CEP72;DYNLL1;CENPT;CDCA5;SFI1;SGO1;ERCC6L;CENPP;CENPA;NINL;DCTN2;HAUS5;CPAP;TUBB2B;INCENP;AHCTF1;DYNC1H1;CCNB1;MAD2L1;KIF2C;TUBG2;HAUS4;CENPF;SPC25;TUBA1C;NEK2;FIRRM;TUBGCP3;TUBB;RPS27;RANBP2;NCAPD2;CEP152;RCC2;NUP98;MAPRE1;CENPE;KNTC1;DCTN1;PPP2R5D;HAUS7;NUP37;PLK4;TUBAL3;PCNT;CENPN;CENPH;ITGB3BP;TUBB2A;PDS5A",-2.129884558653961,1.21029373510744e-8,TRUE,
"REACTOME_SCF_SKP2_MEDIATED_DEGRADATION_OF_P27_P21",49,-2.3233515283643706,4.908591572510545e-7,4.886075097407286e-6,"PSMD3;SEM1;PSMB3;PSMC5;PSMA7;PSMC3;PSMB7;ADRM1;RPS27A;UBA52;PSMB5;CDK4;PSMB6;PSMB4;CUL1;PTK6;PSMD7;PSMD13;SKP2;CCNE1;PSMB1;CKS1B;PSMD11;PSMB2;UBB;PSMD2;PSMC4;CCND1;PSMD8;PSMD14;CCNA2;PSMC2;UBC;PSMD12;CDK2",-2.0284199019289924,7.992568072288422e-4,TRUE,
"REACTOME_TRNA_AMINOACYLATION",42,-2.2520419927165185,5.860938618457838e-7,5.781016728206141e-6,"AARS1;SARS1;VARS1;GARS1;TARS2;YARS1;CARS1;MARS1;FARSA;CARS2;IARS1;HARS1;MARS2;FARSB;LARS2;PARS2;AIMP2;AARS2;NARS1;HARS2;KARS1;AIMP1;EPRS1;QARS1;SARS2;DARS2;VARS2;TARS1;EARS2;WARS2;EEF1E1;DARS1;NARS2",-2.393410523108483,9.345273627052908e-7,TRUE,
"REACTOME_ELASTIC_FIBRE_FORMATION",39,2.3133509112965394,6.728886918084204e-7,6.5773354109201455e-6,"MFAP4;FBLN5;EFEMP1;LTBP2;ITGA8;ITGAV;TGFB1;FBLN1;FBLN2;ELN;FBN1;LOXL4;EMILIN1;MFAP3;MFAP5;EMILIN2;ITGB3;LOXL1;LOX;ITGB6;TGFB3;LOXL3",2.457947020417625,9.130126208554935e-8,TRUE,
"REACTOME_ACTIVATION_OF_APC_C_AND_APC_C_CDC20_MEDIATED_DEGRADATION_OF_MITOTIC_PROTEINS",63,-2.183107695661548,8.112817804086177e-7,7.859292247708484e-6,"PSMD3;ANAPC11;SEM1;PSMB3;PSMC5;PSMA7;PSMC3;ANAPC7;PSMB7;ADRM1;RPS27A;UBA52;PSMB5;ANAPC2;UBE2C;CDC20;PSMB6;PLK1;CDC26;UBE2S;PSMB4;BUB3;PSMD7;PSMD13;ANAPC5;PSMB1;PSMD11;PSMB2;UBB;PSMD2;ANAPC15;PSMC4;PSMD8;CCNB1;MAD2L1;PSMD14;CCNA2;PSMC2;UBC;NEK2",-2.148397937413976,4.246766079351085e-5,TRUE,
"REACTOME_APC_C_CDH1_MEDIATED_DEGRADATION_OF_CDC20_AND_OTHER_APC_C_CDH1_TARGETED_PROTEINS_IN_LATE_MITOSIS_EARLY_G1",61,-2.1990715179713898,9.80662463873883e-7,9.416095338966044e-6,"PSMD3;ANAPC11;SEM1;PSMB3;PSMC5;PSMA7;PSMC3;ANAPC7;PSMB7;ADRM1;RPS27A;UBA52;PSMB5;FZR1;AURKA;ANAPC2;UBE2C;AURKB;CDC20;PSMB6;PLK1;CDC26;UBE2S;PSMB4;PSMD7;PSMD13;SKP2;ANAPC5;PSMB1;PSMD11;PSMB2;UBB;PSMD2;ANAPC15;PSMC4;PSMD8;PSMD14;PSMC2;UBC",-2.138673463176454,7.138038247025416e-5,TRUE,
"REACTOME_THE_ROLE_OF_GTSE1_IN_G2_M_PROGRESSION_AFTER_G2_CHECKPOINT",57,-2.2790150910457183,1.094890994581141e-6,1.0420673062460861e-5,"PSMD3;SEM1;PSMB3;PSMC5;PSMA7;TUBA4A;TUBB4B;PSMC3;PSMB7;ADRM1;RPS27A;UBA52;PSMB5;PSMB6;PLK1;TUBA1B;HSP90AB1;PSMB4;CCNB2;PSMD7;PSMD13;GTSE1;PSMB1;PSMD11;PSMB2;FKBPL;UBB;PSMD2;PSMC4;PSMD8;TUBB2B;CCNB1;TP53;PSMD14;PSMC2;TUBA1C;UBC",-2.092563298750602,4.037186029129723e-4,TRUE,
"REACTOME_INTERFERON_SIGNALING",256,1.8828543891270357,1.1976487763090144e-6,1.129955584604592e-5,"IRF4;GBP5;HLA-DRB5;HLA-DQA1;HLA-DPA1;HLA-DRA;TRIM22;VCAM1;HLA-DQB1;HLA-DRB1;GBP1;CIITA;STAT1;HLA-DPB1;STAT2;GBP2;GBP4;RIGI;HLA-DQB2;PTAFR;IFIT3;ICAM1;HLA-DQA2;XAF1;IRF1;SP100;SAMHD1;HERC5;JAK2;FCGR1A;IFI30;UBE2L6;IFIT5;IRF9;IFNGR1;IFIH1;HLA-E;IFIT2;OAS2;RSAD2;EIF4E3;B2M;TRIM38;MX2;TRIM21;SOCS3;IRF2;ISG20;HLA-C;IFI44;TRIM46;IFI44L;IFIT1;IFI6;ADAR;JAK1;OAS3;OASL;IFI35;USP18;MX1;STAT3;TRIM5;SMAD7;CASP1;NCK1;IRF8;EIF2AK2;TRIM31;SOCS1",1.8841795438630422,1.0520482080457189e-5,TRUE,
"REACTOME_APC_C_MEDIATED_DEGRADATION_OF_CELL_CYCLE_PROTEINS",74,-2.1450207976554947,1.460550127433178e-6,1.3661180071249985e-5,"PSMD3;ANAPC11;SEM1;PSMB3;PSMC5;PSMA7;PSMC3;ANAPC7;PSMB7;ADRM1;RPS27A;UBA52;PSMB5;FZR1;AURKA;ANAPC2;UBE2C;AURKB;CDC20;PSMB6;PLK1;CDC26;UBE2S;PSMB4;BUB3;CUL1;PSMD7;PSMD13;SKP2;ANAPC5;PSMB1;PSMD11;PSMB2;UBB;PSMD2;ANAPC15;PSMC4;PSMD8;CCNB1;MAD2L1;PSMD14;CCNA2;PSMC2;UBC;NEK2;PSMD12;CDK2",-2.1527700572216775,1.3301429149823144e-5,TRUE,
"REACTOME_CDK_MEDIATED_PHOSPHORYLATION_AND_REMOVAL_OF_CDC6",59,-2.2197891575705797,1.736455087255386e-6,1.5995472619089025e-5,"PSMD3;ANAPC11;SEM1;PSMB3;PSMC5;PSMA7;PSMC3;ANAPC7;CDC6;PSMB7;ADRM1;RPS27A;UBA52;PSMB5;FZR1;ANAPC2;UBE2C;PSMB6;CDC26;UBE2S;PSMB4;PSMD7;PSMD13;CCNE1;ANAPC5;PSMB1;PSMD11;PSMB2;UBB;PSMD2;ANAPC15;PSMC4;PSMD8;PSMD14;CCNA2;PSMC2;UBC;PSMD12;CDK2",-2.0820837484077725,1.731814555850091e-4,TRUE,
"REACTOME_IRAK4_DEFICIENCY_TLR2_4",15,2.2332828819637496,1.7395997871451656e-6,1.5995472619089025e-5,"BTK;TLR6;LY96;TLR1;CD36;CD14;TLR2;MYD88",2.214691426508937,5.621510682796124e-5,TRUE,
"REACTOME_SCF_BETA_TRCP_MEDIATED_DEGRADATION_OF_EMI1",42,-2.1816304634339923,2.2475366883241152e-6,2.0492246275896343e-5,"PSMD3;SEM1;PSMB3;PSMC5;PSMA7;PSMC3;PSMB7;ADRM1;RPS27A;UBA52;PSMB5;FZR1;CDC20;PSMB6;PSMB4;CUL1;PSMD7;PSMD13;PSMB1;PSMD11;PSMB2;UBB;PSMD2;PSMC4;PSMD8;PSMD14;PSMC2;UBC;PSMD12",-1.9353846131930597,0.0015819322296306848,TRUE,
"REACTOME_ORGANELLE_BIOGENESIS_AND_MAINTENANCE",278,-1.7114365552369928,2.2716391757324945e-6,2.0539404213914637e-5,"TUBG1;ATP5MC1;NR1D1;ATP5F1E;CHCHD6;TUBA4A;CSNK1E;NRF1;SSNA1;TUBB4B;CCT3;PPP2R1A;POLRMT;MTX1;CHCHD3;CEP250;ESRRA;DYNLL2;ATP5F1D;ACSS2;MKS1;CEP131;DYNC2I2;HSPA9;ATP5ME;B9D2;IDH2;CKAP5;ATP5MC2;ATP5MF;ATP5MJ;ATP5MC3;TWNK;CSNK1D;CARM1;ATP5F1B;RAB3IP;BBS5;MICOS13;PLK1;HAUS8;SAMM50;IFT43;EXOC4;SSBP1;APOO;IFT20;TUBA1B;RAB11FIP3;NCOA6;B9D1;TMEM11;CCT5;SIRT3;IFT140;PPARGC1A;TFB1M;PPRC1;CRTC1;HDAC6;DCTN3;MT-ATP6;CDK5RAP2;INPP5E;FBF1;ODF2;HCFC1;MED1;YWHAG;EXOC3;CEP72;NPHP4;DYNLL1;RXRA;KIF3B;CCT2;DNAJC11;SFI1;IFT122;PRKAA2;DYNC2I1;MTX2;IFT22;ATP5PO;CEP83;NINL;DCTN2;DYNLRB1;HAUS5;CPAP;TUBB2B;ATP5MG;DYNC1H1;MKKS;HAUS4;ATP5F1A;KIF24;TUBA1C;NEK2;ATP5F1C;IFT52;TUBB;CALM1;ATP5PD;IFT27;PRKAG1;SIRT5;PKD1;CEP152;APOOL;MAPRE1;CCT4;TCTN2;ATP5PB;IFT172;DCTN1;HAUS7;ATAT1;IMMT;TMEM216;NPHP1;MTERF1;PLK4;TUBAL3;HDAC3;PCNT",-1.8936495894543972,1.975724383209303e-7,TRUE,
"REACTOME_RAC1_GTPASE_CYCLE",178,1.9201032036745131,2.4975421510081666e-6,2.2395315982180666e-5,"ARHGAP25;TAGAP;ARHGAP30;ARHGAP9;ARHGEF6;ARHGAP15;DOCK2;WAS;DOCK10;NCF1;NCKAP1L;WIPF1;FMNL1;CYBB;ARHGDIB;DOCK8;NCF2;VAV1;ARHGAP20;PREX1;ARHGAP31;DOCK4;PLEKHG2;PREX2;SWAP70;DLC1;FAM13B;ARHGEF15;FERMT2;ARHGEF25;NCF4;TIAM1;VAMP3;PLEKHG1;ARHGAP24;GNA13;GIT2;AMIGO2;SOS1",1.9383312457259108,1.4066898865650539e-5,TRUE,
"REACTOME_AUF1_HNRNP_D0_BINDS_AND_DESTABILIZES_MRNA",42,-2.1768979532672104,2.6825382434555767e-6,2.385699995204345e-5,"PSMD3;SEM1;PSMB3;PSMC5;PSMA7;PSMC3;PSMB7;ADRM1;RPS27A;UBA52;PSMB5;HSPB1;PSMB6;EIF4G1;HNRNPD;PSMB4;PSMD7;PSMD13;PSMB1;PSMD11;PSMB2;UBB;PSMD2;PSMC4;PSMD8;PSMD14;PSMC2;UBC;PSMD12",-1.9214398650690752,0.0018001362248392463,TRUE,
"REACTOME_MOLECULES_ASSOCIATED_WITH_ELASTIC_FIBRES",32,2.2725553348487075,3.446973830340504e-6,3.0406232568450785e-5,"MFAP4;FBLN5;EFEMP1;LTBP2;ITGA8;ITGAV;TGFB1;FBLN1;FBLN2;ELN;FBN1;EMILIN1;MFAP3;MFAP5;EMILIN2;ITGB3;ITGB6;TGFB3",2.374675911527214,1.9144769897977817e-6,TRUE,
"REACTOME_UBIQUITIN_DEPENDENT_DEGRADATION_OF_CYCLIN_D",39,-2.179847698279211,3.5070219940140307e-6,3.068644244762277e-5,"PSMD3;SEM1;PSMB3;PSMC5;PSMA7;PSMC3;PSMB7;ADRM1;RPS27A;UBA52;PSMB5;CDK4;PSMB6;PSMB4;PSMD7;PSMD13;PSMB1;PSMD11;PSMB2;UBB;GSK3B;PSMD2;PSMC4;CCND1;PSMD8;PSMD14;PSMC2;UBC;PSMD12",-1.908393151680467,0.0022764049301198046,TRUE,
"REACTOME_UBIQUITIN_MEDIATED_DEGRADATION_OF_PHOSPHORYLATED_CDC25A",51,-2.154235746843858,3.827185351812767e-6,3.321996885373482e-5,"PSMD3;SEM1;PSMB3;PSMC5;PSMA7;CSNK1E;PSMC3;PSMB7;ADRM1;RPS27A;UBA52;PSMB5;CDC25A;PSMB6;CHEK2;PSMB4;CUL1;PSMD7;PSMD13;PSMB1;PSMD11;PSMB2;UBB;GSK3B;PSMD2;CHEK1;PSMC4;PSMD8;PSMD14;PSMC2;UBC",-1.869026872958245,0.0028983617417786033,TRUE,
"REACTOME_REGULATION_OF_MRNA_STABILITY_BY_PROTEINS_THAT_BIND_AU_RICH_ELEMENTS",74,-2.0979388407316075,3.999123078750384e-6,3.443689317812831e-5,"PSMD3;EXOSC7;SEM1;PSMB3;PSMC5;PSMA7;EXOSC2;PSMC3;PSMB7;ADRM1;RPS27A;UBA52;PSMB5;EXOSC5;EXOSC3;EXOSC4;HSPB1;NUP214;ELAVL1;PSMB6;EIF4G1;KHSRP;HNRNPD;AKT1;EXOSC1;PSMB4;PARN;PSMD7;PSMD13;PSMB1;PSMD11;PSMB2;ANP32A;UBB;PSMD2;PSMC4;PSMD8;PSMD14;PSMC2;YWHAB;UBC",-2.0110049128760434,1.7397121867640777e-4,TRUE,
"REACTOME_RESOLUTION_OF_SISTER_CHROMATID_COHESION",116,-1.9174253867323763,4.1098342939604555e-6,3.511157644840232e-5,"TUBA4A;SEC13;CENPM;TUBB4B;PPP2R1A;DYNLL2;RANGAP1;B9D2;SPC24;CKAP5;BIRC5;NUDC;AURKB;NUP85;CDC20;HDAC8;PLK1;ZWINT;DSN1;PMF1;CDCA8;TUBA1B;SMC1A;NUP43;BUB3;CENPO;CCNB2;DYNLL1;CENPT;CDCA5;SGO1;ERCC6L;CENPP;CENPA;TUBB2B;INCENP;AHCTF1;DYNC1H1;CCNB1;MAD2L1;KIF2C;CENPF;SPC25;TUBA1C;FIRRM;RPS27;RANBP2;RCC2;NUP98;MAPRE1;CENPE;KNTC1;PPP2R5D;NUP37;TUBAL3;CENPN;CENPH;ITGB3BP;TUBB2A;PDS5A",-1.9918306866686697,8.592799825423975e-6,TRUE,
"REACTOME_FORMATION_OF_TC_NER_PRE_INCISION_COMPLEX",50,-2.1524125946898858,4.248328809219809e-6,3.601122467190228e-5,"POLR2H;POLR2J;COPS6;POLR2L;POLR2I;GPS1;XAB2;PRPF19;ERCC2;RPS27A;UBA52;COPS7B;POLR2F;UVSSA;PPIE;POLR2E;POLR2G;ISY1;POLR2D",-2.095808979857562,1.8250822527658594e-4,TRUE,
"REACTOME_PI3K_AKT_SIGNALING_IN_CANCER",93,2.043031276491286,4.488326633374023e-6,3.775065424194431e-5,"CD19;CD28;PIK3CG;TRAT1;ICOS;PIK3CD;PIK3R5;ESR1;CD80;PIK3R6;CD86;LCK;VAV1;FYN;RAC2;PIK3AP1;FGF7;FGF2;PDGFRA;ESR2;HGF;FGF10;KIT;BDNF;FOXO1;KL;AKT3;PDGFRB;PIK3CA;FGFR1;FOXO3;GAB2;FGF1;NRG1;RICTOR",2.204561052457139,1.2919041769761565e-6,TRUE,
"REACTOME_HOMOLOGY_DIRECTED_REPAIR",117,-1.936970887384537,5.260702741459854e-6,4.3906634419107244e-5,"SEM1;POLD2;H4C5;POLD1;BABAM1;ATRIP;XRCC1;RPS27A;UBA52;POLE;HERC2;RNF8;XRCC3;RFC2;PPP4C;EME2;LIG3;EME1;FEN1;RAD51D;NSD2;RAD50;POLE4;SIRT6;RTEL1;XRCC2;UBE2I;MUS81;RFC4;TIMELESS;EXO1;TP53BP1;H2AX;BRCA1;RAD51;BRCC3;UBB;RNF168;TIPIN;RFC3;PIAS4;CHEK1;RAD51C;BABAM2;RAD51B;POLQ;CCNA2;RPA3;UBC;PARP2;RFC5;RAD9B;FIRRM;UIMC1;CDK2",-2.1417568173730825,1.4729679863962905e-6,TRUE,
"REACTOME_CYCLIN_A_CDK2_ASSOCIATED_EVENTS_AT_S_PHASE_ENTRY",74,-2.078280138578152,6.045152002870482e-6,5.006862536728605e-5,"PSMD3;E2F1;SEM1;PSMB3;PSMC5;PSMA7;PSMC3;PSMB7;ADRM1;RPS27A;UBA52;PSMB5;FZR1;CDC25A;CDK4;AKT2;PSMB6;E2F4;AKT1;PSMB4;CUL1;PTK6;PSMD7;PSMD13;SKP2;CCNE1;PSMB1;CKS1B;PSMD11;PSMB2;UBB;PSMD2;PSMC4;CCND1;PSMD8;PSMD14;CCNA2;PSMC2;TFDP1;UBC;MYC;PSMD12;CDK2",-1.795536485531489,0.00252059271159932,TRUE,
"REACTOME_REGULATION_OF_T_CELL_ACTIVATION_BY_CD28_FAMILY",225,1.8205229623242567,7.455545806022446e-6,6.128232726919964e-5,"CD3G;BTLA;CD3E;CD28;PIK3CG;CD247;ICOS;CD4;CD3D;PIK3CD;PIK3R5;DERL3;HLA-DRB5;HLA-DQA1;PDCD1;HLA-DPA1;HLA-DRA;CD80;PIK3R6;HLA-DQB1;HLA-DRB1;CD86;CTLA4;GRAP2;STAT1;PDCD1LG2;LCK;HLA-DPB1;CD274;HLA-DQB2;VAV1;HLA-DQA2;IRF1;FYN;MAP3K8",1.8774500226236999,3.603944371937374e-5,TRUE,
"REACTOME_CHOLESTEROL_BIOSYNTHESIS",26,-2.17700524696469,7.895115087116698e-6,6.4407517815952e-5,"EBP;MVK;MVD;TM7SF2;CYP51A1;DHCR7;HSD17B7;NSDHL;SREBF2;DHCR24;PMVK;FDPS;ACAT2;LSS",-1.9755280610613473,0.00262635369740132,TRUE,
"REACTOME_TRNA_PROCESSING_IN_THE_NUCLEUS",58,-2.1309306186071932,7.99178816486758e-6,6.470962805135316e-5,"CPSF4;POP5;SEC13;AAAS;TSEN54;POP7;NUP188;CPSF1;RAE1;NUP85;NUP214;RPP14;RAN;RPP40;RTCB;XPOT;NUP43;ELAC2;DDX1;ZBTB8OS;TSEN2;TSEN34;RPP21;POM121C;NUP93;RPP25;NUP62;RTRAF;NUP205;NUP88;CSTF2;RANBP2;NUP98;TSEN15;RPP38;NUP37;POP4",-2.1079423949943124,1.8250822527658594e-4,TRUE,
"REACTOME_G_ALPHA_S_SIGNALLING_EVENTS",91,2.052703853410243,8.728464616060298e-6,7.014905270380244e-5,"GPR15;GNGT2;CYSLTR2;GNG2;ADRB2;ADCYAP1;PRKAR2B;PDE7B;VIP;HRH2;PDE1B;PTHLH;GNG7;GNB4;PDE2A;PDE1A;GNG11;GPR84;CALCRL;RAMP3;PRKACB;VIPR2;ADCY5;PDE4D;GPR176;GLP2R;GNG12;ADCY7;PDE3B;ADCY4;ADRB1;GRK5;ARRB1;GIPR;PRKAR1A;RAMP2",2.338769545750672,7.869970371556805e-8,TRUE,
"REACTOME_EPIGENETIC_REGULATION_OF_GENE_EXPRESSION",276,-1.6954912475599526,8.792876652273855e-6,7.014905270380244e-5,"MED24;POLR2H;SMARCD2;POLR2L;POLR1C;KAT2A;WDR5;H4C5;POLR1H;SUV39H1;TRIM28;MCRS1;MED27;EHMT2;ERCC2;SMARCB1;RRP8;MYBBP1A;BOD1;MORC2;CHD4;PAXIP1;SAP30;TADA2A;H2AJ;SETD1A;POLR2F;H2AC20;MTA1;AKAP8L;SMARCE1;EPOP;BCL7A;SMARCA4;POLR1G;PHF19;SGF29;SS18L1;MBD3;MED10;POLR1E;BAZ1B;MED16;POLR2E;SAP30BP;BCL7C;UBTF;CDK5;SMARCC2;NCOR2;MEN1;H2AZ2;NCOA6;MTA2;DPY30;PPARGC1A;UHRF1;POLR1A;KAT8;PAGR1;GATAD2A;UBE2I;GTF2H5;AGPAT2;BCL7B;YEATS2;ACTB;HCFC1;MED1;POLR1B;AEBP2;RXRA;DPF1;SAP130;RBBP7;ZNF425;SAP18;H2AX;ERCC6;HDAC1;TAF1D;MED20;EHMT1;DNMT1;SMARCD1;GSK3B",-1.7602523859179389,1.9076959884715215e-5,TRUE,
"REACTOME_POSITIVE_EPIGENETIC_REGULATION_OF_RRNA_EXPRESSION",70,-2.0606725834814417,9.165159881164341e-6,7.258539029973219e-5,"POLR2H;POLR2L;POLR1C;KAT2A;H4C5;POLR1H;EHMT2;MYBBP1A;CHD4;H2AJ;POLR2F;H2AC20;MTA1;POLR1G;MBD3;POLR1E;BAZ1B;POLR2E;H2AZ2;MTA2;POLR1A;GATAD2A;ACTB;POLR1B;RBBP7;H2AX;ERCC6;HDAC1;TAF1D;GSK3B;H3-3B",-2.1294571018023665,4.3382536420838066e-5,TRUE,
"REACTOME_NEGATIVE_EPIGENETIC_REGULATION_OF_RRNA_EXPRESSION",72,-2.0326575870259482,9.4976551387221e-6,7.467359293850347e-5,"POLR2H;POLR2L;POLR1C;H4C5;POLR1H;SUV39H1;ERCC2;RRP8;SAP30;H2AJ;POLR2F;H2AC20;POLR1G;POLR1E;POLR2E;SAP30BP;UBTF;H2AZ2;POLR1A;GTF2H5;POLR1B;SAP130;SAP18;H2AX;HDAC1;TAF1D;DNMT1;H3-3B;DNMT3B;TAF1C",-2.175831288309322,1.6365312206048435e-5,TRUE,
"REACTOME_TP53_REGULATES_TRANSCRIPTION_OF_DNA_REPAIR_GENES",59,-2.1340838770501027,9.74247139679797e-6,7.604734867284747e-5,"POLR2H;POLR2J;POLR2L;POLR2I;ELOB;NELFA;ERCC2;FANCC;SSRP1;POLR2F;NELFCD;NELFB;NELFE;POLR2E;GTF2F1;POLR2G;RAD51D;POLR2D;SUPT5H;JUN;GTF2H5;CDK12;ELOC;BRCA1;CDK9;CTDP1;CHEK1;POLR2C;TP53;CDK13;FANCI;ERCC3",-2.18463062151985,4.488083539318009e-5,TRUE,
"REACTOME_TRANSCRIPTIONAL_REGULATION_BY_SMALL_RNAS",41,-2.1018654845527247,1.038900409677289e-5,8.051478174998989e-5,"POLR2H;POLR2J;POLR2L;POLR2I;H4C5;H2AJ;POLR2F;H2AC20;POLR2E;POLR2G;RAN;POLR2D;H2AZ2",-1.8299832358792365,0.006798054166492178,TRUE,
"REACTOME_DAP12_INTERACTIONS",34,2.177097042076531,1.1834098876291019e-5,9.106381050195572e-5,"BTK;PLCG2;LCP2;GRAP2;LCK;KLRD1;SIRPB1;SIGLEC14;TYROBP;FYN;CD300LB;HLA-E;B2M;HLA-C;TREM2;SOS1;HLA-B;PIK3CA;CLEC5A",2.1903936782701043,6.463412920662664e-5,TRUE,
"REACTOME_RNA_POLYMERASE_III_TRANSCRIPTION_INITIATION_FROM_TYPE_1_PROMOTER",28,-2.1882691050404754,1.282777939333232e-5,9.801507494201103e-5,"POLR2H;POLR2L;POLR1C;POLR3A;POLR3K;POLR3E;GTF3C5;POLR2F;POLR3H;BRF1;POLR3B;POLR2E;GTF3C1;GTF3A;GTF3C2;CRCP",-2.1815406161467794,5.581154614921912e-5,TRUE,
"REACTOME_DUAL_INCISION_IN_TC_NER",62,-2.099352819845788,1.3456954235710749e-5,1.0210346395626687e-4,"POLR2H;POLR2J;POLR2L;POLR2I;POLD2;XAB2;PRPF19;ERCC2;POLD1;RPS27A;UBA52;POLE;POLR2F;RFC2;UVSSA;PPIE;POLR2E;POLR2G;ISY1;POLR2D;POLE4;GTF2H5;RFC4;ERCC6;USP7;ZNF830;UBB;RFC3;POLR2C;RPA3;UBC;RFC5;ERCC3",-2.0624766368145444,1.8201911620321484e-4,TRUE,
"REACTOME_HIV_TRANSCRIPTION_ELONGATION",40,-2.1321492306146155,1.449688135190143e-5,1.0922997407509064e-4,"POLR2H;POLR2J;POLR2L;POLR2I;ELOB;NELFA;ERCC2;SSRP1;POLR2F;NELFCD;NELFB;NELFE;POLR2E;GTF2F1;POLR2G;POLR2D;SUPT5H;GTF2H5;ELOC;NCBP1",-2.087630359072715,3.1269553534690617e-4,TRUE,
"REACTOME_HIV_LIFE_CYCLE",145,-1.7787901246971494,1.4628092836707126e-5,1.0945848777811883e-4,"POLR2H;POLR2J;POLR2L;TAF15;POLR2I;ELOB;NELFA;SEC13;AAAS;ERCC2;RANGAP1;RPS27A;UBA52;VPS4A;SSRP1;POLR2F;NUP188;CHMP4B;NELFCD;RANBP1;NELFB;RCC1;RAE1;NELFE;NUP85;TAF9;TAF4;FEN1;NUP214;POLR2E;GTF2F1;POLR2G;CHMP2A;RAN;POLR2D;NMT1;LIG1;NUP43;TAF6;VPS28;SUPT5H;GTF2H5;HMGA1;VPS37D;ELOC;NCBP1;VPS37C;POM121C;NUP93;XRCC6;BANF1;NUP62;UBB;CDK9;CTDP1;NEDD4L;NUP205;NUP88;POLR2C;TAF8;UBC;MVB12B;ERCC3;GTF2E2;NCBP2;TAF1;RANBP2;NUP98",-1.7976354748223422,1.0107842044130636e-4,TRUE,
"REACTOME_CRISTAE_FORMATION",33,-2.121604928820157,1.5068932282110884e-5,1.1198487346637199e-4,"ATP5MC1;ATP5F1E;CHCHD6;MTX1;CHCHD3;ATP5F1D;HSPA9;ATP5ME;ATP5MC2;ATP5MF;ATP5MJ;ATP5MC3;ATP5F1B;MICOS13;SAMM50;APOO;TMEM11;MT-ATP6;DNAJC11;MTX2;ATP5PO;ATP5MG;ATP5F1A;ATP5F1C;ATP5PD;APOOL;ATP5PB;IMMT",-2.21955271440775,4.1993507937249765e-5,TRUE,
"REACTOME_P53_DEPENDENT_G1_DNA_DAMAGE_RESPONSE",52,-2.1023144329187775,1.528891281650601e-5,1.1284673745516342e-4,"PSMD3;SEM1;PSMB3;PSMC5;PSMA7;PSMC3;PSMB7;ADRM1;RPS27A;UBA52;PSMB5;PSMB6;PCBP4;CHEK2;PSMB4;PSMD7;PSMD13;CCNE1;PSMB1;PSMD11;PSMB2;UBB;PSMD2;PSMC4;PSMD8;COP1;TP53;PSMD14;CCNA2;PSMC2;UBC;PSMD12;CDK2",-1.8578777966050668,0.0021220585470594043,TRUE,
"REACTOME_BASE_EXCISION_REPAIR",64,-2.0706775667581314,1.653951802237843e-5,1.2125254766405808e-4,"POLD2;H4C5;NTHL1;POLD1;XRCC1;POLE;OGG1;H2AJ;H2AC20;RFC2;PNKP;LIG3;FEN1;SMUG1;H2AZ2;LIG1;POLE4;MPG;ACD;MUTYH;NEIL2;APEX1;RFC4;H2AX;ADPRS;RFC3;UNG;NEIL3;NEIL1;RPA3;PARP2;RFC5",-2.030164324845736,2.570871672571317e-4,TRUE,
"REACTOME_G1_S_DNA_DAMAGE_CHECKPOINTS",66,-2.085297153775871,1.7789748541726377e-5,1.295427997837122e-4,"PSMD3;SEM1;PSMB3;PSMC5;PSMA7;CSNK1E;PSMC3;PSMB7;ADRM1;RPS27A;UBA52;PSMB5;CDC25A;PSMB6;PCBP4;CHEK2;PSMB4;CUL1;PSMD7;PSMD13;CCNE1;PSMB1;PSMD11;PSMB2;UBB;GSK3B;PSMD2;CHEK1;PSMC4;PSMD8;COP1;TP53;PSMD14;CCNA2;PSMC2;UBC;PSMD12;CDK2",-1.8100835162015665,0.003511141468914051,TRUE,
"REACTOME_CITRIC_ACID_CYCLE_TCA_CYCLE",34,-2.0946765511609042,1.8420783172979722e-5,1.3324366495122e-4,"MDH2;TRAP1;IDH3G;FH;ACO2;NFS1;IDH2;SDHAF2;SUCLG1;IDH3B;CS;SDHA;LYRM4;SIRT3;OGDH;ACAT1;SDHAF1;CSKMT;DLD",-1.894084563220201,0.007670471052563574,TRUE,
"REACTOME_HH_MUTANTS_ABROGATE_LIGAND_SECRETION",45,-2.085049339082159,1.9379519695373628e-5,1.3925019118861184e-4,"PSMD3;SEM1;PSMB3;PSMC5;PSMA7;PSMC3;PSMB7;ADRM1;RPS27A;UBA52;PSMB5;VCP;PSMB6;IHH;PSMB4;PSMD7;PSMD13;PSMB1;PSMD11;PSMB2;OS9;UBB;PSMD2;PSMC4;PSMD8;PSMD14;PSMC2;SYVN1;UBC;PSMD12;HHAT",-1.8986849391130378,0.003511141468914051,TRUE,
"REACTOME_COPI_DEPENDENT_GOLGI_TO_ER_RETROGRADE_TRAFFIC",87,-1.9243180316756696,1.958908730413792e-5,1.3982999819072133e-4,"TUBA4A;ARF1;ARFGAP1;TUBB4B;COPG1;USE1;KIF12;KIF18B;TMED9;KIF22;KIFC1;BNIP1;TMED3;KLC2;SURF4;ARF5;COPE;KLC4;ARFGAP2;TUBA1B;COPZ1;KIF25;KDELR2;KIF4A;KLC1;KIF9;KIF3B;KIF1C;KIF26A;KIF20A;STX18;NBAS;TUBB2B;KDELR1;KIF19;KIF2C;NAPA;KIF23;KIFC2;TUBA1C",-1.9523770150933393,1.731814555850091e-4,TRUE,
"REACTOME_UCH_PROTEINASES",76,-1.9925837620470455,2.0287416924920563e-5,1.438682834218223e-4,"PSMD3;SEM1;PSMB3;PSMC5;FOXK2;PSMA7;MCRS1;RUVBL1;PSMC3;PSMB7;ADRM1;RPS27A;UBA52;PSMB5;INO80E;H2AC20;BAP1;ACTR5;NFRKB;PSMB6;YY1;NEDD8;TFPT;INO80;PSMB4;PSMD7;ACTB;HCFC1;ASXL1;PSMD13;PSMB1;PSMD11;PSMB2;UBB;PSMD2;PSMC4;PSMD8",-1.8037631114841737,0.0011293082484405016,TRUE,
"REACTOME_RNA_POLYMERASE_I_TRANSCRIPTION",74,-2.002963337308416,2.131345135259414e-5,1.501629527114587e-4,"POLR2H;POLR2L;POLR1C;KAT2A;H4C5;POLR1H;EHMT2;ERCC2;CHD4;H2AJ;POLR2F;H2AC20;MTA1;POLR1G;MBD3;POLR1E;POLR2E;UBTF;H2AZ2;MTA2;POLR1A;GATAD2A;GTF2H5;POLR1B;RBBP7;H2AX;ERCC6;HDAC1;TAF1D",-2.0650441951675917,6.472004014462054e-5,TRUE,
"REACTOME_HIV_ELONGATION_ARREST_AND_RECOVERY",31,-2.11427131361137,2.257822948561498e-5,1.579202199213244e-4,"POLR2H;POLR2J;POLR2L;POLR2I;ELOB;NELFA;SSRP1;POLR2F;NELFCD;NELFB;NELFE;POLR2E;GTF2F1;POLR2G;POLR2D",-2.0776849669157995,5.244533100936242e-4,TRUE,
"REACTOME_MICRORNA_MIRNA_BIOGENESIS",24,-2.1205559278302863,2.2705580007121294e-5,1.579202199213244e-4,"POLR2H;POLR2J;POLR2L;POLR2I;TARBP2;POLR2F;POLR2E;POLR2G;RAN;DGCR8;XPO5;POLR2D",-1.8360148770042113,0.00901423285685768,TRUE,
"REACTOME_DEGRADATION_OF_BETA_CATENIN_BY_THE_DESTRUCTION_COMPLEX",72,-1.9802184852095273,2.324898887213481e-5,1.606697638615686e-4,"PSMD3;SEM1;CTBP1;PSMB3;PSMC5;PSMA7;PPP2R1A;PSMC3;PSMB7;ADRM1;RPS27A;AXIN1;TLE2;UBA52;PSMB5;PSMB6;PSMB4;CUL1;TLE5;PSMD7;PSMD13;PSMB1;AMER1;HDAC1;PSMD11;PSMB2;CTBP2;UBB;GSK3B;PSMD2;PSMC4;PSMD8;TLE3;PSMD14;PSMC2;UBC;MYC;TCF7;PSMD12",-1.6974260632571763,0.007288965822882422,TRUE,
"REACTOME_RNA_POLYMERASE_III_TRANSCRIPTION_INITIATION_FROM_TYPE_3_PROMOTER",28,-2.1382719527001965,2.5692713824642235e-5,1.7643414240339764e-4,"POLR2H;POLR2L;POLR1C;POLR3A;POLR3K;POLR3E;SNAPC5;POLR2F;SNAPC4;POLR3H;POLR3B;POLR2E;ZNF143;SNAPC3;CRCP",-2.094529463892787,2.1415482720592562e-4,TRUE,
"REACTOME_GPVI_MEDIATED_ACTIVATION_CASCADE",31,2.167535331077157,2.607983552781603e-5,1.7706707178524712e-4,"PIK3CG;PLCG2;PIK3R5;LCP2;PIK3R6;FCER1G;LCK;VAV1;FYN;RAC2;PDPN;LYN;PTPN6;PIK3CA;RHOA;CDC42;PIK3R1;COL1A2",2.1493369504074904,2.723843220443344e-4,TRUE,
"REACTOME_NEGATIVE_REGULATION_OF_NOTCH4_SIGNALING",44,-2.1191187778331573,2.6111273258653953e-5,1.7706707178524712e-4,"PSMD3;SEM1;PSMB3;PSMC5;PSMA7;PSMC3;PSMB7;ADRM1;RPS27A;UBA52;PSMB5;PSMB6;AKT1;TACC3;PSMB4;CUL1;PSMD7;PSMD13;PSMB1;PSMD11;PSMB2;UBB;PSMD2;PSMC4;PSMD8;PSMD14;PSMC2;UBC;PSMD12",-1.860635656276067,0.007219130001670363,TRUE,
"REACTOME_GOLGI_TO_ER_RETROGRADE_TRANSPORT",120,-1.8353999769003468,2.7227397076564343e-5,1.8348898029858578e-4,"TUBA4A;ARF1;ARFGAP1;TUBB4B;COPG1;USE1;KIF12;KIF18B;TMED9;DYNLL2;KIF22;KIFC1;BNIP1;TMED3;KLC2;SURF4;ARF5;PAFAH1B3;COPE;PLA2G6;KLC4;ARFGAP2;TUBA1B;COPZ1;KIF25;KDELR2;DCTN3;KIF4A;KLC1;DYNLL1;KIF9;KIF3B;KIF1C;KIF26A;KIF20A;STX18;GALNT2;DCTN2;NBAS;TUBB2B;KDELR1;DYNC1H1;KIF19;KIF2C;NAPA;KIF23;KIFC2;TUBA1C",-1.7114400317255547,0.0012397606154900367,TRUE,
"REACTOME_INHIBITION_OF_DNA_RECOMBINATION_AT_TELOMERE",41,-2.0510390988400733,2.740601835995907e-5,1.8355265383059006e-4,"POLR2H;POLR2J;POLR2L;POLR2I;H4C5;H2AJ;POLR2F;H2AC20;DAXX;POLR2E;POLR2G;POLR2D;H2AZ2;ACD",-1.7315219887357645,0.014771754102297316,TRUE,
"REACTOME_STABILIZATION_OF_P53",44,-2.1164532057598535,2.7837600350613062e-5,1.852993642970256e-4,"PSMD3;SEM1;PSMB3;PSMC5;PSMA7;PSMC3;PSMB7;ADRM1;RPS27A;UBA52;PSMB5;PSMB6;CHEK2;PSMB4;PSMD7;PSMD13;PSMB1;PSMD11;PSMB2;UBB;PSMD2;PSMC4;PSMD8;COP1;TP53;PSMD14;PSMC2;UBC;PSMD12",-1.9733011138686734,0.0020161667252944176,TRUE,
"REACTOME_FORMATION_OF_THE_EARLY_ELONGATION_COMPLEX",31,-2.098694085791273,2.933042323641957e-5,1.940457878750929e-4,"POLR2H;POLR2J;POLR2L;POLR2I;NELFA;ERCC2;POLR2F;NELFCD;NELFB;NELFE;POLR2E;GTF2F1;POLR2G;POLR2D;SUPT5H;GTF2H5;NCBP1",-2.1261721554995705,2.598465463440046e-4,TRUE,
"REACTOME_RESOLUTION_OF_ABASIC_SITES_AP_SITES",38,-2.0309628518417764,2.9902965484726147e-5,1.9546881807477775e-4,"POLD2;NTHL1;POLD1;XRCC1;POLE;OGG1;RFC2;PNKP;LIG3;FEN1;SMUG1;LIG1;POLE4;MPG;MUTYH;NEIL2;APEX1;RFC4;ADPRS;RFC3;UNG;NEIL1;RPA3;PARP2;RFC5",-2.1138016622986626,1.7731026361336046e-4,TRUE,
"REACTOME_FBXL7_DOWN_REGULATES_AURKA_DURING_MITOTIC_ENTRY_AND_IN_EARLY_MITOSIS",42,-2.033987330705505,2.9971707934116325e-5,1.9546881807477775e-4,"PSMD3;SEM1;PSMB3;PSMC5;PSMA7;PSMC3;PSMB7;ADRM1;RPS27A;UBA52;PSMB5;AURKA;PSMB6;PSMB4;CUL1;PSMD7;PSMD13;PSMB1;PSMD11;PSMB2;UBB;PSMD2;PSMC4;PSMD8;PSMD14;PSMC2;UBC;PSMD12",-1.7643925711024944,0.008992983798848653,TRUE,
"REACTOME_TRNA_MODIFICATION_IN_THE_NUCLEUS_AND_CYTOSOL",45,-2.058543614435337,3.0085983980173164e-5,1.9546881807477775e-4,"QTRT1;PUS1;TRMT61A;WDR4;TRMT112;METTL1;CTU2;TRMT1;URM1;TYW1;LAGE3;CTU1;DUS2;TP53RK;NSUN2;FTSJ1;EPRS1;THG1L;ADAT2;ADAT3;OSGEP;TRMT11;PUS7;THADA;TPRKB;TRMT44;LCMT2;CDKAL1",-2.2428306949726546,5.415890942983656e-5,TRUE,
"REACTOME_GLOBAL_GENOME_NUCLEOTIDE_EXCISION_REPAIR_GG_NER",83,-1.9415145890299894,3.2690496367437414e-5,2.111261223730333e-4,"COPS6;POLD2;GPS1;MCRS1;RUVBL1;ERCC2;POLD1;XRCC1;RPS27A;UBA52;POLE;COPS7B;INO80E;RFC2;RAD23A;ACTR5;LIG3;NFRKB;YY1;RAD23B;TFPT;LIG1;POLE4;INO80;UBE2I;GTF2H5;ACTB;RFC4;SUMO3;CHD1L",-1.961004100516047,1.3413469708041832e-4,TRUE,
"REACTOME_COMPLEX_III_ASSEMBLY",26,-2.1100391761002144,3.304078183844729e-5,2.1212572955452846e-4,"BCS1L;UQCRC1;UQCC2;UQCC5;UQCC6;UQCC1;CYC1;UQCC3;HSPA9;NFS1;UQCRQ;LETM1;UQCRHL;LYRM4;UQCRH",-2.188305403444472,1.596403301072318e-4,TRUE,
"REACTOME_REGULATION_OF_TLR_BY_ENDOGENOUS_LIGAND",15,2.107549143942947,3.6064601702194274e-5,2.3005319332030307e-4,"TLR7;TLR6;LY96;TLR1;CD36;CD14;TLR2;SFTPA2;GSDME;TLR4",2.0937133955870215,4.955340072404749e-4,TRUE,
"REACTOME_DEGRADATION_OF_DVL",44,-2.0975340169339796,3.646926198257339e-5,2.3005319332030307e-4,"PSMD3;SEM1;PSMB3;PSMC5;PSMA7;DVL1;PSMC3;PSMB7;ADRM1;RPS27A;UBA52;PSMB5;KLHL12;PSMB6;DVL3;PSMB4;DVL2;PSMD7;PSMD13;PSMB1;PSMD11;PSMB2;UBB;PSMD2;PSMC4;PSMD8;PSMD14;PSMC2;UBC;PSMD12",-1.8152012641780007,0.009989811312966165,TRUE,
"REACTOME_RMTS_METHYLATE_HISTONE_ARGININES",44,-2.0979260673151057,3.646926198257339e-5,2.3005319332030307e-4,"RPS2;SMARCD2;WDR5;PRMT1;H4C5;SMARCB1;WDR77;COPRS;H2AJ;PRMT7;H2AC20;SMARCE1;SMARCA4;CARM1;CDK4;SMARCC2;H2AZ2",-1.9110530088408522,0.003827013164316049,TRUE,
"REACTOME_INTERLEUKIN_RECEPTOR_SHC_SIGNALING",22,2.1442558854275986,3.7872379547964434e-5,2.375233052574648e-4,"CSF2RB;IL2RB;PIK3CD;JAK3;IL2RA;CSF2RA;JAK2;IL3RA;JAK1;SOS1;PTPN6;PIK3CA;GAB2;SHC1;PIK3R1",2.1578370570990746,3.1034768836809174e-4,TRUE,
"REACTOME_TRANSPORT_OF_MATURE_TRANSCRIPT_TO_CYTOPLASM",79,-1.9062110934614278,4.085260931094541e-5,2.542725676933038e-4,"CPSF4;THOC6;SEC13;AAAS;SYMPK;ALYREF;CHTOP;SRSF9;U2AF2;NUP188;THOC3;RNPS1;CPSF1;RAE1;NUP85;DDX39A;NUP214;MAGOH;THOC5;CASC3;NXT1;NUP43;DHX38;EIF4A3;WDR33;SRSF4;NCBP1;POM121C;NUP93;POLDIP3;NUP62;CPSF3;SRSF7;GLE1;NUP205;SRSF6;NUP88;SLBP;RBM8A;UPF3B;NCBP2;RANBP2;NUP98",-2.1763649469528676,2.756512922013876e-6,TRUE,
"REACTOME_GAMMA_CARBOXYLATION_HYPUSINYLATION_HYDROXYLATION_AND_ARYLSULFATASE_ACTIVATION",54,-2.0620199055569133,4.10117044666619e-5,2.542725676933038e-4,"F7;RCCD1;RPL8;EEF2;DPH7;U2AF2;JMJD6;RPL27A;F10;DOHH;JMJD4;DRG2;RPS6;FN3K;FN3KRP;ARSL;DPH2;EIF5A;DHPS;KDM8;DRG1;RWDD1;OGFOD1;DPH5;DPH6;TPST2;DPH1;ARSD",-2.001776548263827,7.992568072288422e-4,TRUE,
"REACTOME_NERVOUS_SYSTEM_DEVELOPMENT",500,-1.4776831488754203,4.604817846589454e-5,2.8352859450383284e-4,"RPS21;PSMD3;RPL19;RPL23;RPLP2;RPS2;RPS28;RPS24;ERBB2;GRB7;RPL26L1;SEM1;ELOB;RPL8;PSMB3;PSMC5;RPL12;GIT1;RPLP1;RPL7A;PSMA7;TUBA4A;RPS18;RPL37;RPL27;RPL31;RPL13;HRAS;TUBB4B;CYP51A1;AP2S1;RPL3;RPL36;RPL11;PSMC3;ARPC1A;RPLP0;FAU;RPL23A;EPHB2;ACTG1;RGMB;EPHB4;PSMB7;RPS15;RPS11;RPS16;ADRM1;RPL28;RPS27A;RPS8;UBA52;RPL37A;NCK2;AP2A2;EPHB3;RPS13;PSMB5;RPL34;RPL38;RPL18;COL9A3;PLXNB1;PFN2;SPTBN2;GJB1;PLCG1;RPL35;ARHGAP39;RPL4;SRC;RNPS1;RPL27A;RPL29;SMARCA4;RPS19;PAK4;RPS29;SIAH2;RPS4X;MAP2K2;SREBF2;CACNA1D;RPS5;CSNK2A2;RPS6;RPS12;RPS3;EFNA1;RPL13A;RPL6;SCN8A;PLXNA1;PSMB6;ABLIM2;EIF4G1;DNM2;MAGOH;MYO10;CDK5;RPL32;CLTCL1;CASC3;RPL18A;RAP1GAP;RPL30;CLTA;ARHGAP35;RPL35A;TUBA1B;RPL10A;CACNB1;RPS9;EFNA4;RPS14;DAG1;PAK6;HSP90AB1;RPSA;ENAH;AP2M1;EFNB1;RPL5;MYH14;NRTN;PSMB4;RPL41;RPS26;KIF4A;CACNB3;MSI1;PSMD7;ACTB;VAV2;RPL7;PSMD13;RPL21;ELOC;PLXNA2;EIF4A3;CLTC;AP2A1;PSPN;UNC5A;ADGRV1;RPS17;NCBP1",-1.4130540490132506,0.0011786899770344118,TRUE,
"REACTOME_COMPLEX_IV_ASSEMBLY",46,-2.050668184060744,4.625305182228425e-5,2.8352859450383284e-4,"TMEM177;COA3;COX4I1;TACO1;COX19;COX7B;SMIM20;COX14;COX6B1;COX6A1;COX8A;COX5A;SURF1;COX5B;COX20;TMEM223;COX7C;COX6C;MT-CO2;COX17;COX7A2;HIGD2A;PNKD;COX11",-2.176599156324438,1.0009217007297852e-4,TRUE,
"REACTOME_METABOLISM_OF_POLYAMINES",46,-2.044303991881968,4.795036474925491e-5,2.9228171771315494e-4,"PSMD3;SEM1;PSMB3;PSMC5;PSMA7;PSMC3;SRM;PSMB7;ADRM1;PSMB5;AGMAT;ODC1;PSMB6;PSMB4;PSMD7;PSMD13;PSMB1;PSMD11;PSMB2;SMS;PSMD2;PSMC4;PSMD8;OAZ3;NQO1;PSMD14;PSMC2;SMOX;PSMD12",-1.7939867532615845,0.008547973414965182,TRUE,
"REACTOME_NUCLEAR_EVENTS_MEDIATED_BY_NFE2L2",85,-1.8635054026882285,4.894920498851175e-5,2.967032816342751e-4,"PSMD3;SEM1;PSMB3;TKT;PSMC5;PSMA7;TALDO1;PSMC3;ABCF2;NOTCH1;PSMB7;KEAP1;ADRM1;RPS27A;UBA52;PSMB5;ATF4;PSMB6;IDH1;G6PD;PGD;BCL2L1;PSMB4;CUL1;AREG;PSMD7;PSMD13;MAFG;PSMB1;PSMD11;PSMB2;PRKAA2;UBB;GSK3B;PSMD2;TXN;MAFK;PSMC4;PSMD8;NQO1;PSMD14;PSMC2;UBC;MYC;GSR;PSMD12",-1.602727409610018,0.0071029400920327316,TRUE,
"REACTOME_CELLULAR_RESPONSE_TO_CHEMICAL_STRESS",188,-1.686851036746157,4.966442520091608e-5,2.993661185721886e-4,"PSMD3;SEM1;PSMB3;TKT;PSMC5;PSMA7;TALDO1;TXN2;TXNRD2;COX4I1;PSMC3;ABCF2;NOTCH1;PSMB7;KEAP1;ADRM1;COX7B;RPS27A;UBA52;P4HB;HMOX2;PSMB5;PRDX2;ATF4;CCS;PRDX5;COX6B1;BLVRB;VCP;STAP2;COX6A1;CSNK2A2;COX8A;CARM1;COX5A;COX5B;AKT2;PSMB6;IDH1;COX7C;SOD1;NCOR2;AKT1;COX6C;G6PD;NCOA6;GSTP1;PGD;MT-CO2;DPP3;BCL2L1;GPX2;PSMB4;NPLOC4;CUL1;AREG;GPX1;PTK6;PSMD7;PSMD13;MAFG;COX7A2;MED1;SKP2;RXRA;HM13;PSMB1;AMER1;BRCA1;PSMD11;PSMB2;PRKAA2;UBB;GSK3B;PSMD2;MT-CO1;TXN;MAFK;SESN2",-1.4142819753794897,0.01514744419054789,TRUE,
"REACTOME_KEAP1_NFE2L2_PATHWAY",111,-1.828439806971087,5.101978591953757e-5,3.0583683824695175e-4,"PSMD3;SEM1;PSMB3;TKT;PSMC5;PSMA7;TALDO1;PSMC3;ABCF2;NOTCH1;PSMB7;KEAP1;ADRM1;RPS27A;UBA52;PSMB5;ATF4;VCP;CSNK2A2;AKT2;PSMB6;IDH1;AKT1;G6PD;PGD;DPP3;BCL2L1;PSMB4;NPLOC4;CUL1;AREG;PSMD7;PSMD13;MAFG;SKP2;PSMB1;AMER1;BRCA1;PSMD11;PSMB2;PRKAA2;UBB;GSK3B;PSMD2;TXN;MAFK;SESN2;PSMC4;PSMD8;NQO1;PSMD14;PSMC2;UBC;MYC;GSR;PSMD12",-1.509358847519427,0.012581580797290551,TRUE,
"REACTOME_RNA_POLYMERASE_I_TRANSCRIPTION_INITIATION",46,-2.040088303266092,5.134499515741682e-5,3.0609516343844647e-4,"POLR2H;POLR2L;POLR1C;KAT2A;POLR1H;EHMT2;ERCC2;CHD4;POLR2F;MTA1;POLR1G;MBD3;POLR1E;POLR2E;UBTF;MTA2;POLR1A;GATAD2A;GTF2H5;POLR1B;RBBP7;ERCC6;HDAC1;TAF1D",-2.1050847342066645,2.758483508034588e-4,TRUE,
"REACTOME_REGULATION_OF_APOPTOSIS",40,-2.0473531350663436,5.4616064938804876e-5,3.238165598830781e-4,"PSMD3;SEM1;PSMB3;PSMC5;PSMA7;PSMC3;PSMB7;ADRM1;RPS27A;UBA52;PSMB5;PSMB6;PSMB4;PSMD7;PSMD13;PSMB1;PSMD11;PSMB2;UBB;PSMD2;PSMC4;PSMD8;PSMD14;PSMC2;UBC;PSMD12",-1.881071527469613,0.003448836127009971,TRUE,
"REACTOME_RNA_POLYMERASE_III_TRANSCRIPTION_TERMINATION",23,-2.098234416075052,5.5300353958524704e-5,3.260917611141266e-4,"POLR2H;POLR2L;POLR1C;POLR3A;POLR3K;POLR3E;POLR2F;POLR3H;POLR3B;POLR2E",-1.954886152059748,0.004462153868388388,TRUE,
"REACTOME_REGULATION_OF_ORNITHINE_DECARBOXYLASE_ODC",38,-2.000020761874837,5.7213605377616555e-5,3.3555006397142684e-4,"PSMD3;SEM1;PSMB3;PSMC5;PSMA7;PSMC3;PSMB7;ADRM1;PSMB5;ODC1;PSMB6;PSMB4;PSMD7;PSMD13;PSMB1;PSMD11;PSMB2;PSMD2;PSMC4;PSMD8;OAZ3;NQO1;PSMD14;PSMC2",-1.7891061367169532,0.00682390232966662,TRUE,
"REACTOME_PTEN_REGULATION",125,-1.8029856400651474,6.02864676560873e-5,3.5167106132717594e-4,"PSMD3;SEM1;MLST8;PSMB3;PSMC5;PSMA7;LAMTOR4;PSMC3;LAMTOR2;CBX8;PSMB7;ADRM1;CHD4;RPTOR;RPS27A;UBA52;PSMB5;MTA1;MBD3;CSNK2A2;AKT2;PSMB6;AKT1;CBX4;MTA2;PSMB4;GATAD2A;STUB1;JUN;TRIM27;RING1;PSMD7;PSMD13;PSMB1;RBBP7;HDAC1;HDAC5;PSMD11;PSMB2;USP7;MAF1;UBB;LAMTOR5;PSMD2;USP13;PSMC4;PSMD8;MKRN1;CBX2;TP53;EED;PSMD14;PSMC2;UBC;NEDD4;RHEB;EZH2;PSMD12",-1.5657903481312936,0.005417959453308671,TRUE,
"REACTOME_SPOP_MEDIATED_PROTEASOMAL_DEGRADATION_OF_PD_L1_CD274",46,-2.025297264610957,6.068025264679747e-5,3.5207526268329014e-4,"PSMD3;SEM1;PSMB3;PSMC5;PSMA7;PSMC3;PSMB7;ADRM1;RPS27A;UBA52;PSMB5;CSNK2A2;CDK4;PSMB6;PSMB4;PSMD7;PSMD13;YWHAG;PSMB1;PSMD11;PSMB2;UBB;PSMD2;PSMC4;CCND1;PSMD8;PSMD14;PSMC2;UBC;PSMD12",-1.744127859871506,0.012980790943665554,TRUE,
"REACTOME_CYTOSOLIC_TRNA_AMINOACYLATION",24,-2.0617818370042977,6.187041396202417e-5,3.554800571004864e-4,"AARS1;SARS1;VARS1;GARS1;YARS1;CARS1;MARS1;FARSA;IARS1;HARS1;FARSB;AIMP2;NARS1;KARS1;AIMP1;EPRS1;QARS1",-2.2133404802625005,1.0983919318543079e-4,TRUE,
"REACTOME_INTERLEUKIN_6_FAMILY_SIGNALING",21,2.10715864213817,6.192233252718151e-5,3.554800571004864e-4,"IL6R;LIFR;STAT1;JAK2;OSMR;IL6ST;CRLF1;SOCS3;JAK1;LIF;STAT3;CBL;CLCF1;IL6",2.0416500774355746,0.00115615624887384,TRUE,
"REACTOME_REGULATION_OF_PTEN_STABILITY_AND_ACTIVITY",56,-2.038111339676809,6.533385826064247e-5,3.730907169094583e-4,"PSMD3;SEM1;PSMB3;PSMC5;PSMA7;PSMC3;PSMB7;ADRM1;RPS27A;UBA52;PSMB5;CSNK2A2;AKT2;PSMB6;AKT1;PSMB4;STUB1;TRIM27;PSMD7;PSMD13;PSMB1;PSMD11;PSMB2;UBB;PSMD2;USP13;PSMC4;PSMD8;MKRN1;PSMD14;PSMC2;UBC;NEDD4;PSMD12",-1.7339672480328805,0.011306784866798076,TRUE,
"REACTOME_FGFR2_ALTERNATIVE_SPLICING",27,-2.0628122038800485,6.574571434258465e-5,3.7347696367384474e-4,"POLR2H;POLR2J;POLR2L;POLR2I;POLR2F;ESRP2;POLR2E;GTF2F1;POLR2G;PTBP1;HNRNPM;POLR2D;HNRNPF;HNRNPA1",-2.092471131861964,4.0795848656160187e-4,TRUE,
"REACTOME_MITOTIC_SPINDLE_CHECKPOINT",109,-1.8235962991414079,7.100725819039942e-5,4.000769152783788e-4,"ANAPC11;SEC13;CENPM;PPP2R1A;ANAPC7;DYNLL2;RANGAP1;B9D2;SPC24;ANAPC2;CKAP5;BIRC5;NUDC;UBE2C;AURKB;NUP85;CDC20;PLK1;ZWINT;DSN1;PMF1;CDCA8;CDC26;UBE2S;NUP43;BUB3;CENPO;DYNLL1;ANAPC5;CENPT;SGO1;ERCC6L;CENPP;CENPA;ANAPC15;INCENP;AHCTF1;DYNC1H1;MAD2L1;KIF2C;CENPF;SPC25;RPS27;RANBP2;RCC2;NUP98;MAPRE1;CENPE;KNTC1;PPP2R5D;CDC16;NUP37;CENPN;CENPH;ITGB3BP",-2.0313316735670437,1.1233224948794793e-5,TRUE,
"REACTOME_ANTIGEN_PROCESSING_UBIQUITINATION_PROTEASOME_DEGRADATION",274,-1.588766629798675,7.116575543661483e-5,4.000769152783788e-4,"PSMD3;ANAPC11;SEM1;ELOB;PSMB3;PSMC5;PSMA7;THOP1;KLHL25;UBE2O;PSMC3;ANAPC7;UBA1;UBE2M;PSMB7;KEAP1;TRIM11;ADRM1;RPS27A;UBA52;BLMH;PSMB5;HERC2;ASB6;FZR1;RNF34;RNF220;CDC34;TRAIP;FBXO22;ANAPC2;FBXW5;UBE2D4;UBE2C;SIAH2;UBAC1;LRSAM1;FBXL15;RBCK1;FBXL8;CDC20;MIB2;ASB1;RNF126;PSMB6;RNF123;MGRN1;FBXL19;FBXO21;FBXO31;TRIM32;RNF41;RNF114;FBXL12;TRAF7;CDC26;SPSB2;UBE2S;ASB13;ARIH2;CCNF;FBXW9;UBE2R2;ASB9;PSMB4;ZNRF1;CUL1;RNF7;KLHL22;STUB1;RNF25;DCAF1;PSMD7;LNX1;PSMD13;ELOC;SKP2;TRIM41;UBE3D;ANAPC5;FBXL20;UBE2J2;PSMB1;PSMD11;PSMB2;ASB12;KCTD6;UBB;PSMD2;PSMC4;SH3RF1;UBE2F;NEDD4L;PSMD8;CUL7;KBTBD6;UBE2G2;UNKL;BTBD6;MKRN1;RLIM;UBE2K;PSMD14;PSMC2;HUWE1;UBC;UBE3C;NEDD4;FBXW4;UBE2Q1;FBXW2;TRIM37;UBE2V1;PSMD12",-1.4376119294066876,0.00555120145718546,TRUE,
"REACTOME_TNF_RECEPTOR_SUPERFAMILY_TNFSF_MEMBERS_MEDIATING_NON_CANONICAL_NF_KB_PATHWAY",17,2.0414426439113487,7.314701082138289e-5,4.090953955731981e-4,"LTB;LTA;TNFRSF13C;CD40LG;TNFSF13B;TNFSF14;TNFSF12;CD40;BIRC3;TNFSF11",2.038859308234049,6.313261574906694e-4,TRUE,
"REACTOME_ABORTIVE_ELONGATION_OF_HIV_1_TRANSCRIPT_IN_THE_ABSENCE_OF_TAT",22,-2.0769349804954143,7.587864193089511e-5,4.221965461283138e-4,"POLR2H;POLR2J;POLR2L;POLR2I;NELFA;POLR2F;NELFCD;NELFB;NELFE;POLR2E;GTF2F1;POLR2G;POLR2D;SUPT5H;NCBP1",-2.2380467206210826,5.621510682796124e-5,TRUE,
"REACTOME_RNA_POLYMERASE_III_CHAIN_ELONGATION",18,-2.089246290426516,7.899158510612616e-5,4.372748461231984e-4,"POLR2H;POLR2L;POLR1C;POLR3A;POLR3K;POLR3E;POLR2F;POLR3H;POLR3B;POLR2E",-2.0159573887694497,0.001337732806669646,TRUE,
"REACTOME_HEDGEHOG_LIGAND_BIOGENESIS",50,-1.9745426163018305,8.388418672176937e-5,4.620017390513694e-4,"PSMD3;SEM1;PSMB3;PSMC5;PSMA7;PSMC3;PSMB7;ADRM1;RPS27A;UBA52;P4HB;PSMB5;VCP;PSMB6;IHH;PSMB4;PSMD7;PSMD13;PSMB1;PSMD11;PSMB2;OS9;UBB;PSMD2;PSMC4;PSMD8;PSMD14;PSMC2;SYVN1;UBC;PSMD12;HHAT",-1.785235265311901,0.006761429574668065,TRUE,
"REACTOME_TRANSCRIPTION_OF_THE_HIV_GENOME",66,-1.9872423321866113,8.712573002552132e-5,4.7743139938227595e-4,"POLR2H;POLR2J;POLR2L;TAF15;POLR2I;ELOB;NELFA;ERCC2;SSRP1;POLR2F;NELFCD;NELFB;NELFE;TAF9;TAF4;POLR2E;GTF2F1;POLR2G;POLR2D;TAF6;SUPT5H;GTF2H5;ELOC;NCBP1",-2.097235390659453,1.3070628472205577e-4,TRUE,
"REACTOME_VIF_MEDIATED_DEGRADATION_OF_APOBEC3G",41,-1.9818766113118007,9.974641672534285e-5,5.438435283768693e-4,"PSMD3;SEM1;ELOB;PSMB3;PSMC5;PSMA7;PSMC3;PSMB7;ADRM1;RPS27A;UBA52;PSMB5;PSMB6;PSMB4;PSMD7;PSMD13;ELOC;PSMB1;PSMD11;PSMB2;UBB;PSMD2;PSMC4;PSMD8;PSMD14;PSMC2;UBC;PSMD12",-1.6892766391223697,0.017847785053619215,TRUE,
"REACTOME_INTERLEUKIN_3_INTERLEUKIN_5_AND_GM_CSF_SIGNALING",43,1.9929038711056692,1.0514097487654933e-4,5.703897887052802e-4,"CSF2RB;IL2RB;PIK3CD;JAK3;IL2RA;HCK;CSF2RA;VAV1;FYN;JAK2;IL3RA;JAK1;LYN;CBL;BLNK;SOS1;PTPN6;PIK3CA;GAB2;SHC1;PIK3R1;STAT5A",2.027372293162031,5.364386007708019e-4,TRUE,
"REACTOME_CO_STIMULATION_BY_CD28",46,2.027739832301295,1.0891367085444634e-4,5.879170789904193e-4,"CD28;PIK3CG;PIK3CD;PIK3R5;CD80;PIK3R6;CD86;CTLA4;GRAP2;LCK;VAV1;FYN;MAP3K8",2.1066546678075486,2.704484807670467e-4,TRUE,
"REACTOME_B_WICH_COMPLEX_POSITIVELY_REGULATES_RRNA_EXPRESSION",55,-1.989823456626073,1.1001430890519085e-4,5.909184413966935e-4,"POLR2H;POLR2L;POLR1C;KAT2A;H4C5;POLR1H;MYBBP1A;H2AJ;POLR2F;H2AC20;POLR1G;POLR1E;BAZ1B;POLR2E;H2AZ2;POLR1A;ACTB;POLR1B;H2AX;ERCC6;TAF1D;GSK3B;H3-3B",-1.9921929544704364,0.0010227237642898362,TRUE,
"REACTOME_CDC42_GTPASE_CYCLE",147,1.7961634759845795,1.1417174231938902e-4,6.101433381585013e-4,"TAGAP;ARHGAP30;ARHGAP9;ARHGEF6;WAS;DOCK10;FGD2;WIPF1;FMNL1;ARHGDIB;DOCK8;FMNL3;CPNE8;FNBP1;ARHGAP20;PREX1;ARHGAP31;STARD8;FGD3;PLEKHG2;PREX2;STOM;DLC1;CDC42SE2;FAM13B;ARHGEF15;ARHGEF25;TIAM1;VAMP3;PLEKHG1;ARHGAP24;GNA13;GIT2",1.8561828094075987,3.2768885815801966e-4,TRUE,
"REACTOME_DEGRADATION_OF_AXIN",42,-1.941115377911311,1.1471819445560762e-4,6.101433381585013e-4,"PSMD3;SEM1;PSMB3;PSMC5;PSMA7;PSMC3;PSMB7;ADRM1;RPS27A;AXIN1;UBA52;PSMB5;PSMB6;PSMB4;PSMD7;PSMD13;PSMB1;PSMD11;PSMB2;UBB;PSMD2;PSMC4;PSMD8;PSMD14;PSMC2;UBC;PSMD12",-1.7150097294991702,0.015447823724528777,TRUE,
"REACTOME_RNA_POLYMERASE_II_TRANSCRIPTION_TERMINATION",64,-1.9342875394903247,1.1641769240738603e-4,6.161619329854334e-4,"SNRPF;CPSF4;THOC6;SYMPK;ALYREF;SNRPE;CHTOP;SRSF9;CSTF1;U2AF2;LSM10;THOC3;RNPS1;CPSF1;DDX39A;CPSF6;MAGOH;THOC5;CASC3;DHX38;EIF4A3;WDR33;SRSF4;NCBP1;SNRPB;SNRPG;POLDIP3;CPSF3;SRSF7;SRSF6;SLBP;CSTF2;RBM8A;UPF3B;NCBP2",-2.1948680281066237,1.7267915592413544e-5,TRUE,
"REACTOME_AUTOPHAGY",145,-1.6657784734475691,1.2937696992904764e-4,6.814272445292073e-4,"TOMM40;MLST8;TUBA4A;MAP1LC3A;ATG4B;TUBB4B;LAMTOR4;ATG101;WDR45B;LAMTOR2;PGAM5;DYNLL2;RPTOR;RPS27A;UBA52;TOMM7;CHMP4B;SRC;ATG4D;VCP;CSNK2A2;TSC2;PARK7;CHMP2A;TOMM22;HSF1;TOMM5;TUBA1B;VDAC1;MFN2;HSP90AB1;VPS28;TOMM20;HDAC6;BECN1;PEX5;VDAC2;VPS37D;DYNLL1;VPS37C;FUNDC1;PRKAA2;ULK1;UBB;LAMTOR5;AMBRA1;ATG9A;TUBB2B;WIPI2;DYNC1H1;EEF1A1;TUBA1C;UBC;MVB12B;HBB;RHEB;UBE2V1;VDAC3;PRKAG1;CHMP6;SQSTM1;USP30;ATG16L1;UBE2L3;TUBAL3;ATG3;PCNT;MTOR;RRAGA;TUBB2A;CFTR",-1.4153036199994964,0.02030923333616767,TRUE,
"REACTOME_G_PROTEIN_BETA_GAMMA_SIGNALLING",27,2.059689427076964,1.356056002948943e-4,7.107829773911126e-4,"BTK;PIK3CG;ARHGEF6;GNGT2;PIK3R5;GNG2;PIK3R6;PLCB2;GNG7;GNB4;GNG11",2.1896892105653243,9.189188486634261e-5,TRUE,
"REACTOME_MITOCHONDRIAL_BIOGENESIS",93,-1.7983654591142981,1.4077454155670882e-4,7.343287384087937e-4,"ATP5MC1;NR1D1;ATP5F1E;CHCHD6;NRF1;POLRMT;MTX1;CHCHD3;ESRRA;ATP5F1D;ACSS2;HSPA9;ATP5ME;IDH2;ATP5MC2;ATP5MF;ATP5MJ;ATP5MC3;TWNK;CARM1;ATP5F1B;MICOS13;SAMM50;SSBP1;APOO;NCOA6;TMEM11;SIRT3;PPARGC1A;TFB1M;PPRC1;CRTC1;MT-ATP6;HCFC1;MED1;RXRA;DNAJC11;PRKAA2;MTX2;ATP5PO",-1.9757714604235097,6.921384101666578e-5,TRUE,
"REACTOME_SOMITOGENESIS",41,-1.9613078237502188,1.5506688893399503e-4,8.050123181501656e-4,"PSMD3;SEM1;PSMB3;PSMC5;PSMA7;PSMC3;NOTCH1;PSMB7;ADRM1;PSMB5;MESP2;PSMB6;LFNG;PSMB4;PSMD7;PSMD13;PSMB1;PSMD11;PSMB2;PSMD2;PSMC4;PSMD8;PSMD14;PSMC2",-1.809118462676128,0.007757122451634034,TRUE,
"REACTOME_DEGRADATION_OF_CRY_AND_PER_PROTEINS",48,-1.9637938916920112,1.5914138385695044e-4,8.222304832609106e-4,"PSMD3;SEM1;PSMB3;PSMC5;PSMA7;PSMC3;PSMB7;ADRM1;RPS27A;UBA52;PSMB5;PSMB6;PSMB4;CUL1;PSMD7;PSMD13;PSMB1;PSMD11;PSMB2;UBB;PSMD2;PSMC4;PSMD8;PSMD14;PSMC2;UBC;PSMD12",-1.6640884089581527,0.017023958640413527,TRUE,
"REACTOME_GSK3B_MEDIATED_PROTEASOMAL_DEGRADATION_OF_PD_L1_CD274",44,-2.0079375624950737,1.600960371214154e-4,8.232426553399797e-4,"PSMD3;SEM1;PSMB3;PSMC5;PSMA7;PSMC3;PSMB7;ADRM1;RPS27A;UBA52;PSMB5;PSMB6;PSMB4;CUL1;PSMD7;PSMD13;PSMB1;PSMD11;PSMB2;UBB;GSK3B;PSMD2;PSMC4;PSMD8;PSMD14;PSMC2;COPS5;UBC;NEK2;PSMD12",-1.7265436213082308,0.022619658126157505,TRUE,
"REACTOME_SNRNP_ASSEMBLY",54,-1.9591669443181587,1.6282023338069478e-4,8.333016661228955e-4,"SNRPF;SEC13;AAAS;SNRPE;WDR77;NUP188;SNRPD2;RAE1;NUP85;NUP214;GEMIN6;CLNS1A;NUP43;GEMIN4;NCBP1;POM121C;SNRPB;SNRPG;NUP93;GEMIN8;NUP62;NUP205;SMN1;NUP88;SNRPD1;GEMIN5;NCBP2;RANBP2;NUP98;SNUPN;NUP37",-2.1529216804227667,1.0312854370284627e-4,TRUE,
"REACTOME_NEDDYLATION",216,-1.6282618768954173,1.7596610097902693e-4,8.963531434847146e-4,"PSMD3;COPS6;SEM1;ELOB;PSMB3;PSMC5;WDR5;PSMA7;GPS1;KLHL25;PSMC3;UBE2M;PSMB7;KEAP1;ADRM1;RPS27A;UBA52;COPS7B;PSMB5;ASB6;FBXO22;FBXW5;COMMD4;BIRC5;DCUN1D2;VCP;CCDC22;FBXL15;FBXL8;ASB1;PSMB6;FBXL19;FBXO21;FBXO31;NEDD8;FBXL12;SPSB2;ASB13;CCNF;DPP3;FBXW9;ASB9;PSMB4;NPLOC4;CUL1;RNF7;KLHL22;PSMD7;PSMD13;ELOC;SKP2;NEURL2;FBXL20;DCAF7;PSMB1;RBBP7;AMER1;BRCA1;PSMD11;PSMB2;COMMD6;ASB12;KCTD6;UBB;PSMD2;COMMD7;DDA1;COMMD5;PSMC4;UBE2F;ANKRD9;PSMD8;COP1;DCUN1D5;CUL7;KBTBD6;BTBD6;PSMD14;PSMC2;COPS5;UBC;CISH",-1.3700063267060953,0.02400151740648622,TRUE,
"REACTOME_ASYMMETRIC_LOCALIZATION_OF_PCP_PROTEINS",51,-1.9095768522144947,1.9481824600087462e-4,9.877467145371448e-4,"PSMD3;SEM1;PSMB3;PSMC5;PSMA7;PSMC3;PSMB7;ADRM1;RPS27A;UBA52;PSMB5;SCRIB;PSMB6;FZD3;PSMB4;DVL2;PSMD7;PARD6A;PSMD13;PSMB1;PSMD11;PSMB2;UBB;PSMD2;FZD5;PSMC4;PSMD8;PSMD14;PSMC2;UBC",-1.5099274977403687,0.04617930334408819,TRUE,
"REACTOME_RNA_POLYMERASE_I_PROMOTER_ESCAPE",54,-1.951611419955868,1.9600736430538552e-4,9.89153443122527e-4,"POLR2H;POLR2L;POLR1C;H4C5;POLR1H;ERCC2;H2AJ;POLR2F;H2AC20;POLR1G;POLR1E;POLR2E;UBTF;H2AZ2;POLR1A;GTF2H5;POLR1B;H2AX;TAF1D",-2.1712632319059937,8.152336424840722e-5,TRUE,
"REACTOME_INTRA_GOLGI_AND_RETROGRADE_GOLGI_TO_ER_TRAFFIC",187,-1.623716717853388,2.027839363512224e-4,0.0010186137543568346,"RABEPK;TUBA4A;ARF1;ARFGAP1;TUBB4B;COPG1;USE1;KIF12;KIF18B;CUX1;TMED9;DYNLL2;KIF22;KIFC1;BNIP1;ARFIP2;TMED3;ARFRP1;KLC2;SURF4;ARF5;PAFAH1B3;COG4;NAA38;COG7;COPE;PLA2G6;BET1L;KLC4;CYTH2;SYS1;ARFGAP2;STX10;TUBA1B;COPZ1;VPS51;MAN2A2;GCC1;RAB36;GOSR1;KIF25;KDELR2;DCTN3;KIF4A;YKT6;KLC1;DYNLL1;STX16;KIF9;KIF3B;KIF1C;KIF26A;KIF20A;STX18;GALNT2;DCTN2;COG8;NBAS;TUBB2B;KDELR1;DYNC1H1;KIF19;VPS52;KIF2C;NAPA;KIF23;KIFC2;RAB41;TUBA1C",-1.4472575282385483,0.009629236082604378,TRUE,
"REACTOME_FORMATION_OF_RNA_POL_II_ELONGATION_COMPLEX",55,-1.9546886559130732,2.0988364163036815e-4,0.0010494182081518407,"POLR2H;POLR2J;POLR2L;POLR2I;ELOB;NELFA;ERCC2;SSRP1;POLR2F;SUPT6H;NELFCD;NELFB;PAF1;NELFE;POLR2E;GTF2F1;POLR2G;POLR2D;SUPT5H;IWS1;GTF2H5;ELOC;NCBP1;CDK9;CTDP1;POLR2C;MLLT1;ERCC3;NCBP2;SKIC8;LEO1",-2.0506263933811613,5.411250075926417e-4,TRUE,
"REACTOME_HCMV_INFECTION",113,-1.708527507384218,2.1449890050059706e-4,0.0010675748029502193,"H4C5;TUBA4A;SEC13;TRIM28;TUBB4B;SNF8;AAAS;DYNLL2;VPS25;VPS4A;H2AC20;NUP188;CHMP4B;RAE1;NUP85;DAXX;NUP214;CHMP2A;NCOR2;CHMP1A;TUBA1B;NUP43;VPS28;VPS37D;DYNLL1;VPS37C;POM121C;NUP93;RBBP7;NUP62;TUBB2B;NUP205;DYNC1H1;NUP88;EED;TUBA1C;MVB12B;EZH2;RANBP2;H2BC26;NUP98;CHMP6;NUP37;NFKB1;TUBAL3;HDAC3;ELK1;TUBB2A;HNRNPK;H2BC15",-1.6859810978818914,0.0032226580403460314,TRUE,
"REACTOME_HIV_INFECTION",214,-1.599621953266565,2.2628959093123137e-4,0.0011211150966227673,"PSMD3;POLR2H;SLC25A6;POLR2J;POLR2L;TAF15;POLR2I;SEM1;ELOB;PSMB3;PSMC5;PSMA7;NELFA;ARF1;SEC13;AP2S1;AAAS;PSMC3;ERCC2;SLC25A4;PSMB7;RANGAP1;ADRM1;RPS27A;UBA52;AP2A2;PSMB5;VPS4A;SSRP1;POLR2F;NUP188;CHMP4B;AP1S1;NELFCD;RANBP1;NELFB;RCC1;RAE1;NELFE;NUP85;TAF9;AP1M2;TAF4;FEN1;NUP214;POLR2E;GTF2F1;PSMB6;POLR2G;CHMP2A;RAN;SLC25A5;POLR2D;NMT1;LIG1;NUP43;TAF6;VPS28;AP2M1;PSMB4;SUPT5H;GTF2H5;HMGA1;PSMD7;PSMD13;VPS37D;ELOC;AP2A1;KPNB1;NCBP1;VPS37C;POM121C;PSMB1;NUP93;XRCC6;PSMD11;PSMB2;BANF1;NUP62;UBB;PSMD2;CDK9;CTDP1;PSMC4;NEDD4L;PSMD8;NUP205;AP1M1;NUP88;POLR2C;AP1B1;PSMD14;PSMC2;TAF8;UBC;MVB12B;ERCC3;GTF2E2;NCBP2;PSMD12;TAF1",-1.5219633950092681,0.003279836287653052,TRUE,
"REACTOME_DNA_DAMAGE_RECOGNITION_IN_GG_NER",38,-1.9077517456710016,2.4896632388493595e-4,0.0012278566427961614,"COPS6;GPS1;MCRS1;RUVBL1;RPS27A;UBA52;COPS7B;INO80E;RAD23A;ACTR5;NFRKB;YY1;RAD23B;TFPT;INO80;ACTB",-1.8441770198683938,0.00448675851468228,TRUE,
"REACTOME_ASPARAGINE_N_LINKED_GLYCOSYLATION",288,-1.5397733874956534,2.5755103717913674e-4,0.0012574846164532115,"ALG12;DPM2;PREB;TUBA4A;OST4;ARF1;ARFGAP1;SEC13;MVD;DPM3;TUBB4B;COPG1;RPN2;LMAN2;ALG3;NUDT14;B4GALT2;DHRSX;TMED9;ASGR1;DYNLL2;GMPPA;RPS27A;GMPPB;UBA52;RPN1;TMED3;NANS;SPTBN2;ARF5;DOLK;PRKCSH;MOGS;COG4;GFUS;TRAPPC9;VCP;TRAPPC2L;ENGASE;DOLPP1;COG7;COPE;MPI;CSNK1D;DDOST;ALG2;BET1L;NEU1;TRAPPC6A;RAD23B;MAN1B1;ST6GAL2;ARFGAP2;GLB1;FCSK;RFT1;TUBA1B;COPZ1;ALG1;MAN2A2;TMEM258;MGAT4B;TMEM115;GOSR1;TRAPPC1;EDEM2;KDELR2;SEC16A;DCTN3;AMDHD2;AREG;LMAN2L;CALR;SLC35C1;YKT6;UBXN1;DYNLL1;PMM1;STT3A;MPDU1;PDIA3;B4GALT3;GFPT1;OS9;MGAT5;SERPINA1;FUT3;UBB;AMFR;ALG14;CMAS;DCTN2;GORASP1;PMM2;COG8;TRAPPC3;TUBB2B;KDELR1;NANP;DYNC1H1;DPAGT1;NAPA;GANAB;TFG;SPTBN5;GOLGA2;TUBA1C;SYVN1;GNPNAT1;UBC;SPTAN1;B4GALT4;COG1;GMDS;UGGT1;STX5;RNF5;DPM1",-1.3216041354877166,0.025197206619775633,TRUE,
"REACTOME_NUCLEAR_ENVELOPE_NE_REASSEMBLY",67,-1.8842309265957977,2.583990075594389e-4,0.0012574846164532115,"TUBA4A;SEC13;TUBB4B;PPP2R1A;RANGAP1;VPS4A;NUP188;CHMP4B;RCC1;NUP85;LEMD2;EMD;ANKLE2;CHMP2A;RAN;TUBA1B;NUP43;UBE2I;CCNB2;LMNB1;KPNB1;NUP93;BANF1;NUP62;LMNA;TUBB2B;AHCTF1;NUP205;CCNB1",-1.8549534421945393,0.0026656803214576397,TRUE,
"REACTOME_REGULATION_OF_CHOLESTEROL_BIOSYNTHESIS_BY_SREBP_SREBF",55,-1.93561182563629,2.5845075527102874e-4,0.0012574846164532115,"MVK;MVD;TM7SF2;CYP51A1;SCAP;ACACA;DHCR7;FASN;SREBF2;CARM1;PMVK;FDPS;RAN;LSS;NFYA;NCOA6;INSIG1;MED1;KPNB1;RXRA;SC5D;SREBF1;NFYC;IDI1",-1.8722385936822648,0.003553283011534804,TRUE,
"REACTOME_RESPONSE_TO_ELEVATED_PLATELET_CYTOSOLIC_CA2",109,1.7994919119684623,2.7138873385934657e-4,0.0013145391796312098,"PRKCB;IGF1;SELP;A2M;MMRN1;CTSW;PLEK;SRGN;SERPING1;CD36;PPBP;PECAM1;CLEC3B;VEGFC;F13A1;SELENOP;HGF;TGFB1;RARRES2;TIMP3;FERMT3;PSAP;CLU;ITIH3;CD109;IGF2;ISLR;CAP1;LHFPL2;CYRIB;PHACTR2;ITGB3;F8;TMX3;PF4;TGFB3;PCDH7;TTN",1.9326173162363685,8.877529219442857e-5,TRUE,
"REACTOME_EXTENSION_OF_TELOMERES",49,-1.9498320850209478,2.8643983340611315e-4,0.00138127652998059,"RUVBL2;POLD2;RUVBL1;POLD1;TERT;CHTF18;RFC2;DKC1;NHP2;FEN1;POLA2;GAR1;PIF1;WRAP53;LIG1;RTEL1;ACD;RFC4;NOP10;RFC3;CCNA2;RPA3;RFC5;CDK2",-1.9388815264874053,0.002405872998203824,TRUE,
"REACTOME_PROTEASOME_ASSEMBLY",50,-1.9064523251254442,2.890677217859857e-4,0.0013877808767159049,"PSMD3;PSMG4;SEM1;PSMB3;PSMC5;PSMA7;PSMC3;PSMD4;PSMB7;ADRM1;PSMG3;PSMB5;PSMB6;PAAF1;PSMB4;PSMD7;PSMD13;PSMB1;PSMD11;PSMB2;PSMD9;PSMD2;PSMC4;PSMD8;POMP;PSMD14;PSMC2;PSMD12;PSMG1;PSME4;PSME3;PSMD1",-1.6211587918723354,0.024344442659876394,TRUE,
"REACTOME_REGULATION_OF_ENDOGENOUS_RETROELEMENTS_BY_PIWI_INTERACTING_RNAS_PIRNAS",60,-1.899429257298095,3.062887520023619e-4,0.001463979277191906,"SMARCD2;H4C5;SMARCB1;CHD4;H2AJ;H2AC20;MTA1;SMARCE1;BCL7A;SMARCA4;SS18L1;MBD3;BCL7C;SMARCC2;H2AZ2;MTA2;GATAD2A;BCL7B;ACTB;DPF1;RBBP7;H2AX;HDAC1;SMARCD1;H3-3B",-1.7948695754898023,0.003511141468914051,TRUE,
"REACTOME_ACTIVATION_OF_GENE_EXPRESSION_BY_SREBF_SREBP",42,-1.8629707783254355,3.299258936204094e-4,0.0015700420814830887,"MVK;MVD;TM7SF2;CYP51A1;ACACA;DHCR7;FASN;SREBF2;CARM1;PMVK;FDPS;LSS;NFYA;NCOA6;MED1;RXRA;SC5D;SREBF1;NFYC;IDI1",-1.7948636013147505,0.007258241657279418,TRUE,
"REACTOME_PEROXISOMAL_PROTEIN_IMPORT",59,-1.8967708527985452,3.4797370856495824e-4,0.0016486963921090816,"AGXT;DECR2;ACOT8;PEX14;DHRS4;RPS27A;UBA52;PEX10;MPV17;IDH1;PIPOX;PEX7;HMGCL;TYSND1;MLYCD;ACOX2;PEX5;ACOX3;PECR;SLC27A2;EPHX2;UBB;AMACR;PHYH;ECH1;NUDT7;ACAA1;UBC",-1.6678387065415419,0.013407008585368134,TRUE,
"REACTOME_DOWNSTREAM_TCR_SIGNALING",81,1.8182742690656488,3.523588441295319e-4,0.001662214547306705,"CD3G;CD3E;CD247;TRAT1;CD4;CD3D;HLA-DRB5;HLA-DQA1;HLA-DPA1;HLA-DRA;HLA-DQB1;HLA-DRB1;LCK;HLA-DPB1;HLA-DQB2;HLA-DQA2",1.8962187687469783,5.665038222385522e-4,TRUE,
"REACTOME_RRNA_PROCESSING_IN_THE_MITOCHONDRION",18,-1.970816580726875,3.6044133572526825e-4,0.0016929820314368661,"MRM1;HSD17B10;RCC1L;TRUB2;MRM3;RPUSD4;RPUSD3;FASTKD2;MT-RNR1;ELAC2;TFB1M",-1.8317415538144337,0.008929197922595842,TRUE,
"REACTOME_VIRAL_MESSENGER_RNA_SYNTHESIS",44,-1.9399479774146218,3.679059716184623e-4,0.001720594737957033,"POLR2H;POLR2J;POLR2L;POLR2I;SEC13;AAAS;POLR2F;NUP188;RAE1;NUP85;NUP214;POLR2E;GTF2F1;POLR2G;POLR2D;NUP43;POM121C;NUP93;NUP62;NUP205;NUP88;POLR2C",-2.1075452353683586,3.8108604126514017e-4,TRUE,
"REACTOME_SARS_COV_1_HOST_INTERACTIONS",96,-1.742567461422955,3.7747396675045364e-4,0.0017577650383014687,"RPS21;RPS2;RPS28;RPS24;RPS18;TKFC;FAU;RPS15;RPS11;RPS16;RPS27A;RPS8;UBA52;RPS13;RPS19;PKLR;RPS29;RPS4X;PPIB;PCBP2;RPS5;RPS6;RPS12;RPS3;PPIH;RPS9;RPS14;RPSA;BCL2L1;HNRNPA1;KPNA2;UBE2I;PYCARD;RPS26;YWHAG;IRF3;RPS17;KPNB1;RPS15A",-1.6800859351186275,0.0033416916044093307,TRUE,
"REACTOME_PLATELET_HOMEOSTASIS",70,1.8345955266364233,3.8013618358631753e-4,0.0017625972615006604,"GNGT2;P2RX1;GNG2;FGR;ITPR1;P2RX7;PDE1B;GNG7;PECAM1;GNB4;P2RX5;PDE2A;PDE1A;GNG11;SLC8A1;IRAG1;ATP2B4;GUCY1A1;GUCY1B1;GNG12;TRPC6;KCNMA1;PTPN6;PDE5A;PPP2R5C;PRKG2;NOS3;KCNMB1;STIM1;PTGIR;ORAI2",2.0817835935400746,9.405979900251534e-5,TRUE,
"REACTOME_CELLULAR_RESPONSE_TO_HYPOXIA",61,-1.83376199654695,4.0584602012168895e-4,0.0018737997099235427,"PSMD3;SEM1;ELOB;PSMB3;PSMC5;PSMA7;PSMC3;PSMB7;ADRM1;RPS27A;UBA52;PSMB5;CA9;PSMB6;VEGFA;PSMB4;PSMD7;PSMD13;ELOC;PSMB1;PSMD11;PSMB2;UBB;PSMD2;PSMC4;PSMD8;PSMD14;PSMC2;UBC;LIMD1;PSMD12;EGLN1",-1.6136863439947315,0.033060372376239475,TRUE,
"REACTOME_HATS_ACETYLATE_HISTONES",101,-1.7599954353589704,4.1382977253622493e-4,0.001902564844075441,"RUVBL2;KAT2A;WDR5;H4C5;MCRS1;RUVBL1;MRGBP;ELP6;DMAP1;ING5;TADA2A;H2AC20;TAF5L;BRD1;SGF29;TAF9;TRRAP;BRPF1;MSL1;SUPT7L;SUPT3H;KAT8;YEATS2;ACTB;HCFC1;VPS72;TAF6L;SAP130;RBBP7;JADE1;ATXN7L3;KANSL3;EP400;TADA2B;ELP5",-1.7837107296178158,0.0012795269255951864,TRUE,
"REACTOME_DNA_DOUBLE_STRAND_BREAK_RESPONSE",57,-1.8962720542254827,4.8432600275612534e-4,0.002217273050592388,"H4C5;BABAM1;RPS27A;UBA52;HERC2;RNF8;PPP5C;BAP1;BAZ1B;CHEK2;KDM4A;KDM4B;NSD2;EYA1;RAD50;KPNA2;UBE2I;UBXN1;TP53BP1;H2AX;BRCA1;BRCC3;UBB;RNF168;PIAS4;BABAM2;TP53;UBC;UIMC1;H2BC26;BARD1",-1.9259832417163305,0.0025150498184797125,TRUE,
"REACTOME_CD28_DEPENDENT_PI3K_AKT_SIGNALING",26,1.986634153347867,5.043207560429001e-4,0.0022991093290191033,"CD28;PIK3CG;PIK3CD;PIK3R5;CD80;PIK3R6;CD86;LCK;FYN;MAP3K8",1.9957466870596443,0.00205743365447947,TRUE,
"REACTOME_REGULATION_OF_CDH1_FUNCTION",60,-1.862289700178221,5.149787878363259e-4,0.00233787441339922,"PSMD3;SEM1;PSMB3;PSMC5;PSMA7;RACK1;PSMC3;ACTG1;PSMB7;ADRM1;RPS27A;UBA52;PSMB5;BANP;SRC;PSMB6;JUP;DNM2;CBLL1;PSMB4;PSMD7;ACTB;PSMD13;PSMB1;PSMD11;PSMB2;UBB;PSMD2;PSMC4;CTNNA1;PSMD8;PSMD14;PSMC2;UBC",-1.4959770240776769,0.04698125387262676,TRUE,
"REACTOME_PROTEIN_HYDROXYLATION",18,-1.938880895149687,5.272539636427164e-4,0.0023836272939681134,"RCCD1;RPL8;U2AF2;JMJD6;RPL27A;JMJD4;DRG2;RPS6;KDM8;DRG1;RWDD1;OGFOD1",-1.916716817810072,0.004475619526320713,TRUE,
"REACTOME_ACTIVATION_OF_ATR_IN_RESPONSE_TO_REPLICATION_STRESS",37,-1.8838675821198057,5.355502254286267e-4,0.0024110871144815767,"MCM3;CDC6;ATRIP;CDC25A;MCM7;RFC2;ORC6;MCM5;CDC45;MCM2;RFC4;RFC3;CHEK1;ORC1;ORC5;RPA3;RFC5;RAD9B;CDC25C;CDK2;MCM6;MCM4;CDC7;DBF4;RAD1",-1.9107269276050205,0.0028983617417786033,TRUE,
"REACTOME_MITOCHONDRIAL_TRNA_AMINOACYLATION",21,-1.913130889940253,5.436810580843822e-4,0.00243757829760973,"GARS1;TARS2;CARS2;MARS2;LARS2;PARS2;AARS2;HARS2;KARS1;QARS1;SARS2;DARS2;VARS2;EARS2;WARS2;NARS2",-2.0509577327528947,0.0015243371410196597,TRUE,
"REACTOME_RNA_POLYMERASE_I_TRANSCRIPTION_TERMINATION",30,-1.9143336974583378,5.787469469126673e-4,0.0025841170263384526,"POLR2H;POLR2L;POLR1C;POLR1H;ERCC2;POLR2F;POLR1G;POLR1E;POLR2E;UBTF;POLR1A;GTF2H5;POLR1B;TAF1D",-1.9148776447639437,0.0030816061929261978,TRUE,
"REACTOME_INTERLEUKIN_20_FAMILY_SIGNALING",18,1.9393515763248346,5.822799257611872e-4,0.002589236555126591,"STAT4;JAK3;STAT1;STAT2;JAK2;SOCS3;JAK1;STAT3",1.985098864673227,7.223980781234301e-4,TRUE,
"REACTOME_METABOLISM_OF_NUCLEOTIDES",90,-1.7038029040558078,5.939986002850505e-4,0.0026305652298337953,"UCKL1;DHODH;ATIC;IMPDH1;UCK1;NME4;CAD;UMPS;APRT;ADK;IMPDH2;ENTPD6;PAICS;NME1;UCK2;NT5C;NUDT1;DTYMK;GUK1;NME3;TK1;DNPH1;PFAS;AMPD2;NUDT16;AK1;PNP;DCTD;NUDT5;CTPS2;RRM1;NME2;NT5M;ENTPD2;AK4;GMPS;ITPA;TXN;GMPR;ENTPD8;PPAT;RRM2;AK2;AK6;CTPS1;HPRT1",-1.886599749915907,4.2161668678451477e-4,TRUE,
"REACTOME_HIV_TRANSCRIPTION_INITIATION",45,-1.861090311029441,6.084435429035981e-4,0.00268355932065633,"POLR2H;POLR2J;POLR2L;TAF15;POLR2I;ERCC2;POLR2F;TAF9;TAF4;POLR2E;GTF2F1;POLR2G;POLR2D;TAF6;GTF2H5",-1.9743445952410648,0.002079764290370851,TRUE,
"REACTOME_MRNA_CAPPING",28,-1.9325601561777233,6.109116610157728e-4,0.00268355932065633,"POLR2H;POLR2J;POLR2L;POLR2I;ERCC2;POLR2F;POLR2E;GTF2F1;POLR2G;POLR2D;SUPT5H;GTF2H5;NCBP1",-1.9629809171245998,0.0014783602484682021,TRUE,
"REACTOME_CLASS_B_2_SECRETIN_FAMILY_RECEPTORS",59,1.8737617651096623,6.424580309335949e-4,0.0028107538853344776,"GNGT2;GNG2;ADGRE1;ADCYAP1;VIP;ADGRE3;PTHLH;GNG7;ADGRE2;GNB4;WNT2B;GNG11;CALCRL;RAMP3;WNT10A;FZD4;VIPR2;GLP2R;GNG12;WNT11;PTCH2;GIPR;RAMP2;WNT2;WNT10B;FZD1",2.0624535039310876,3.7243406973393753e-4,TRUE,
"REACTOME_PROCESSING_OF_DNA_DOUBLE_STRAND_BREAK_ENDS",76,-1.754972586028914,6.596910346277547e-4,0.002874557319562706,"H4C5;BABAM1;ATRIP;RPS27A;UBA52;HERC2;RNF8;RFC2;PPP4C;NSD2;RAD50;SIRT6;UBE2I;RFC4;TIMELESS;EXO1;TP53BP1;H2AX;BRCA1;BRCC3;UBB;RNF168;TIPIN;RFC3;PIAS4;CHEK1;BABAM2;CCNA2;RPA3;UBC;RFC5;RAD9B;UIMC1;CDK2;H2BC26;BARD1;RAD1;WRN;TOP3A;H2BC15",-2.0475273497715567,3.5331653561150495e-5,TRUE,
"REACTOME_PYRUVATE_METABOLISM",44,-1.8906906795388299,6.73755520444993e-4,0.0029240989587312697,"RMND5B;HAGH;PDHA1;PGAM5;GID8;RPS27A;UBA52;MAEA;PKLR;FAHD1;ME3;PDHX;VDAC1;GSTZ1;PC;PDP2;PKM;DLD;PDK2;UBB;PDK3;LDHB;MPC2;LDHA;UBC;PDHB;MKLN1;MPC1;GLO1",-1.690138255743894,0.03318551675629592,TRUE,
"REACTOME_HCMV_EARLY_EVENTS",89,-1.6792917624005872,7.438021650583054e-4,0.003215240434614587,"H4C5;TUBA4A;SEC13;TRIM28;TUBB4B;AAAS;DYNLL2;H2AC20;NUP188;RAE1;NUP85;DAXX;NUP214;NCOR2;TUBA1B;NUP43;DYNLL1;POM121C;NUP93;RBBP7;NUP62;TUBB2B;NUP205;DYNC1H1;NUP88;EED;TUBA1C;EZH2;RANBP2;H2BC26;NUP98;NUP37;NFKB1;TUBAL3;HDAC3;ELK1;TUBB2A;H2BC15;H2AC25;NUP155",-1.6589729912173274,0.004678297391762841,TRUE,
"REACTOME_TNFR2_NON_CANONICAL_NF_KB_PATHWAY",84,1.7732799350690431,7.709099553344038e-4,0.0033191956410231274,"TNFRSF17;CD27;LTB;LTA;TNFRSF13C;CD40LG;TNFSF8;TNFRSF9;FASLG;TNFRSF8;TNFRSF18;TNFSF13B;TNFSF14;TNFSF12;TNF;CD40;TNFRSF4;TNFSF4;BIRC3;TNFSF11;CD70",1.8163753026117468,0.0019281244001822997,TRUE,
"REACTOME_ECM_PROTEOGLYCANS",63,1.8284385810282298,7.76696990170171e-4,0.0033308942068562665,"TNXB;ITGAX;HAPLN1;ITGA8;DCN;LUM;ITGAV;TGFB1;LAMA2;VCAN;BGN;PTPRS;TNN;LAMA4;COL4A4;COL6A3;ITGB3;NCAM1;ITGB6;TGFB3;COL9A1;COMP;COL5A1;COL1A2;SPARC;MATN3;ITGA9;COL5A2;COL3A1;LAMA3",2.2673725498637465,2.756512922013876e-6,TRUE,
"REACTOME_COLLAGEN_DEGRADATION",54,1.8482472820971079,8.508685855902066e-4,0.0036346158085250953,"COL14A1;COL23A1;CTSK;MMP12;MMP2;MMP19;COL13A1;MMP7;CTSL;CTSB;COL8A2;COL4A4;COL6A3;CTSD;COL18A1;MMP1;COL10A1;COL8A1;COL9A1;COL17A1;MMP14;COL5A1;COL1A2;COL5A2;COL15A1;COL3A1;PRSS2;COL4A5;COL4A6;COL12A1;MMP3;COL1A1;MMP11;COL4A2;COL11A1;COL16A1",2.1014429471655993,1.242322634616602e-4,TRUE,
"REACTOME_DEGRADATION_OF_THE_EXTRACELLULAR_MATRIX",116,1.7543066743982825,8.587113409998925e-4,0.00365373256856817,"TPSAB1;MMP25;A2M;TLL1;COL14A1;COL23A1;CTSK;ADAMTS8;MMP12;MMP2;CTSS;TIMP2;MMP19;DCN;COL13A1;MMP7;ADAMTS1;CTSL;ELN;FBN1;CTSB;KLK7;COL8A2;ADAM8;COL4A4;COL6A3;CTSD;COL18A1;CAST;MMP1;HTRA1;COL10A1;COL8A1;ADAMTS4;ADAMTS5;COL9A1;CAPN2;COL17A1;MMP14;SCUBE1;COL5A1;COL1A2;CD44;COL5A2;COL15A1;COL3A1;LAMA3;PRSS2;COL4A5;ADAMTS16;COL4A6;COL12A1;FBN2;MMP3;ADAMTS9;LAMC1;HSPG2;COL1A1;MMP11",2.0684124403713398,3.327588510416624e-5,TRUE,
"REACTOME_DENGUE_VIRUS_GENOME_TRANSLATION_AND_REPLICATION",81,-1.685029551600102,8.636741307510338e-4,0.003660493874472155,"DPM2;OST4;DPM3;RPN2;SCAP;NACA;RPS27A;UBA52;P4HB;RPN1;FASN;VCP;HDLBP;DDOST;EIF4G1;HNRNPD;P4HA2;RRBP1;NMT1;TMEM258;KPNA2;NPLOC4;UBE2I;CALR;HSPA5;EIF4A3;KPNB1;YBX1;STT3A;PDIA3;UBB;SPCS2;P4HA1",-1.674732200090075,0.003601398784364342,TRUE,
"REACTOME_HDR_THROUGH_HOMOLOGOUS_RECOMBINATION_HRR",68,-1.776580660580101,8.897344929980083e-4,0.0037451246479076813,"SEM1;POLD2;POLD1;ATRIP;RPS27A;UBA52;POLE;XRCC3;RFC2;EME2;EME1;RAD51D;RAD50;POLE4;RTEL1;XRCC2;MUS81;RFC4;EXO1;BRCA1;RAD51;UBB;RFC3;CHEK1;RAD51C;RAD51B;RPA3;UBC;RFC5;RAD9B;FIRRM",-2.121675880293928,3.700635329321848e-5,TRUE,
"REACTOME_REGULATION_OF_HOMOTYPIC_CELL_CELL_ADHESION",178,-1.5417764802406646,8.905457688112274e-4,0.0037451246479076813,"PSMD3;SEM1;CTBP1;PSMB3;PSMC5;PSMA7;H4C5;OST4;RACK1;RPN2;PSMC3;POMT1;ACTG1;PSMB7;KMT5A;ADRM1;RPS27A;UBA52;PSMB5;RPN1;H2AJ;BANP;H2AC20;FOXA2;SRC;DNTTIP1;SMARCA4;PRKCSH;ILF3;MOGS;CSNK2A2;DDOST;PSMB6;JUP;DNM2;TCF3;CDH24;H2AZ2;TMEM258;CBLL1;PSMB4;PSMD7;ACTB;PKM;PSMD13;STT3A;WT1;PSMB1;RBBP7;H2AX;HDAC1;PSMD11;PSMB2;CTBP2;UBB;STRAP;PSMD2;SPCS2;TGIF2;H3-3B;PSMC4;CTNNA1;PSMD8;FOXQ1;GANAB;EED;PSMD14;PSMC2;UBC;POMT2;MYC;EZH2;PSMD12",-1.3733897374334045,0.023251626681366665,TRUE,
"REACTOME_DAP12_SIGNALING",25,1.9349649820506871,9.615641103174761e-4,0.004028173975654292,"BTK;PLCG2;LCP2;GRAP2;LCK;KLRD1;TYROBP;FYN;HLA-E;B2M;TREM2;SOS1;PIK3CA",2.0108421565314525,0.0013916805554429472,TRUE,
"REACTOME_INFLAMMASOMES",21,1.9218328402677263,9.99050906975116e-4,0.004169116284876926,"PSTPIP1;P2RX7;NLRC4;NLRP1;MEFV;AIM2;BCL2;HMOX1;NLRP3;TXNIP;CASP1",1.820363403562301,0.012980790943665554,TRUE,
"REACTOME_MATURATION_OF_DENV_PROTEINS",51,-1.8033967867748462,0.0010110788795865964,0.004203144001346579,"DPM2;OST4;DPM3;RPN2;SCAP;RPS27A;UBA52;P4HB;RPN1;DDOST;P4HA2;NMT1;TMEM258;KPNA2;UBE2I;CALR;HSPA5;KPNB1;STT3A;PDIA3;UBB;SPCS2;P4HA1",-1.8417411574671332,0.0035093665849236944,TRUE,
"REACTOME_ADHERENS_JUNCTIONS_INTERACTIONS",193,-1.531847900341483,0.0010248836854494703,0.00424427022409418,"PSMD3;SEM1;CTBP1;PSMB3;PSMC5;PSMA7;H4C5;OST4;RACK1;PVR;RPN2;PSMC3;POMT1;ACTG1;PSMB7;CDH4;KMT5A;ADRM1;RPS27A;UBA52;PSMB5;RPN1;H2AJ;BANP;H2AC20;FOXA2;SRC;DNTTIP1;SMARCA4;PRKCSH;ILF3;MOGS;CSNK2A2;DDOST;PSMB6;JUP;DNM2;TCF3;CDH24;H2AZ2;TMEM258;CBLL1;PSMB4;NECTIN1;PSMD7;ACTB;PKM;PSMD13;ANG;STT3A;WT1;PSMB1;RBBP7;H2AX;HDAC1;PSMD11;PSMB2;CTBP2;UBB;STRAP;PSMD2;SPCS2;TGIF2;H3-3B;PSMC4;CTNNA1;NECTIN2",-1.322172758500334,0.053927974003956866,FALSE,
"REACTOME_DNA_STRAND_ELONGATION",32,-1.816091657234954,0.0010795197065973984,0.004453531869422727,"POLD2;MCM3;POLD1;MCM7;RFC2;GINS2;MCM5;FEN1;CDC45;MCM2;POLA2;LIG1;RFC4;GINS3;RFC3;RPA3;GINS1;RFC5;MCM6;MCM4",-1.8521610577391625,0.0054256743404202876,TRUE,
"REACTOME_OTHER_SEMAPHORIN_INTERACTIONS",18,1.880914127555725,0.001126137264662334,0.004623925335559164,"PTPRC;CD72;PLXNC1;TYROBP;SEMA4A;PLXNA4;SEMA7A;TREM2;SEMA6D;SEMA4D;PLXND1;ITGA1",2.045120682335124,2.897663731186127e-4,TRUE,
"REACTOME_GENE_SILENCING_BY_RNA",66,-1.7944608051191897,0.0011331934023192224,0.004623925335559164,"POLR2H;POLR2J;POLR2L;POLR2I;H4C5;TARBP2;H2AJ;POLR2F;H2AC20;POLR2E;POLR2G;RAN;DGCR8;XPO5;POLR2D;H2AZ2;ELAC2",-1.808964925659895,0.003511141468914051,TRUE,
"REACTOME_TCF_DEPENDENT_SIGNALING_IN_RESPONSE_TO_WNT",173,-1.540576303193022,0.0011336075016209564,0.004623925335559164,"PSMD3;SEM1;CTBP1;PSMB3;PSMC5;WDR5;PSMA7;H4C5;CSNK1E;PPP2R1A;DVL1;RUVBL1;PSMC3;TERT;PSMB7;LRP5;ADRM1;RPS27A;AXIN1;TLE2;UBA52;PSMB5;H2AJ;H2AC20;SMARCA4;RNF43;CSNK2A2;WNT4;KLHL12;TRRAP;AKT2;PSMB6;CBY1;AKT1;MEN1;DVL3;H2AZ2;DPY30;PSMB4;CTNNBIP1;DVL2;PSMD7;SOX9;ZNRF3;PSMD13;LRP6;PSMB1;AMER1;H2AX;HDAC1;PSMD11;PSMB2;KREMEN2;UBB;GSK3B;PSMD2;H3-3B;FZD5;PSMC4;PSMD8;TLE3;KREMEN1",-1.3553404781191858,0.03746076806578011,TRUE,
"REACTOME_MITOCHONDRIAL_FATTY_ACID_BETA_OXIDATION",33,-1.8442915806131035,0.0012182723073971597,0.004950657129310555,"ACBD6;MCAT;PCCA;ECI1;PCCB;MECR;ECHS1;HADHA;ACOT7;ACAD10;ACOT11;HADH;DBI;NDUFAB1",-1.6837051980657087,0.016921674597448068,TRUE,
"REACTOME_RESPONSE_OF_EIF2AK1_HRI_TO_HEME_DEFICIENCY",15,-1.8673741044310057,0.00126547502509112,0.00512328508292487,"DDIT3;ASNS;TRIB3;EIF2S2;ATF4;CHAC1;EIF2S3;CEBPG;EIF2AK1;GRB10",-2.2029506175391673,7.316443722414642e-5,TRUE,
"REACTOME_RECRUITMENT_OF_NUMA_TO_MITOTIC_CENTROSOMES",86,-1.7087590624614932,0.0013122393218578466,0.005292861205263061,"TUBG1;MZT2A;TUBA4A;MZT2B;CSNK1E;SSNA1;TUBB4B;PPP2R1A;CEP250;CEP131;CKAP5;TUBGCP2;CSNK1D;TUBGCP4;PLK1;HAUS8;TUBGCP6;TUBA1B;DCTN3;CDK5RAP2;ODF2;YWHAG;CEP72;DYNLL1;SFI1;NINL;DCTN2;HAUS5;CPAP;TUBB2B;DYNC1H1;TUBG2;HAUS4;TUBA1C;NEK2;TUBGCP3;TUBB;CEP152;MAPRE1;DCTN1;HAUS7;PLK4;TUBAL3;PCNT;TUBB2A;YWHAE;HAUS3;CEP70;CEP41;CEP290;AKAP9;NDE1;CEP76;TUBGCP5;ALMS1;CEP78;CDK1;HAUS2",-1.8111523766285027,0.0013916805554429472,TRUE,
"REACTOME_PERK_REGULATES_GENE_EXPRESSION",31,-1.823613061895122,0.0013231600112177623,0.005317143008041748,"DDIT3;EXOSC7;ASNS;EIF2S2;EXOSC2;EXOSC5;EXOSC3;EXOSC4;ATF4;KHSRP;EXOSC1;NFYA;PARN;EIF2S3;HSPA5;CEBPG",-1.933214690846542,0.003039579572259412,TRUE,
"REACTOME_METABOLISM_OF_STEROIDS",121,-1.6119667626261611,0.001368984806046294,0.005480990828635531,"EBP;MVK;MVD;TM7SF2;CYP51A1;STARD3;SCAP;ACOT8;ACACA;SLC27A5;DHCR7;FASN;HSD17B7;NSDHL;SREBF2;DHCR24;FABP6;CARM1;PMVK;FDPS;TSPO;ACAT2;RAN;OSBPL2;LSS;NFYA;SERPINA6;NCOA6;ACOX2;INSIG1;UBE2I;STARD5;MED1;SRD5A1;KPNB1;RXRA;FDXR;SC5D;SLC27A2;SREBF1;NFYC;IDI1;AMACR;PIAS4",-1.3754771980124068,0.04490399517466754,TRUE,
"REACTOME_PURINERGIC_SIGNALING_IN_LEISHMANIASIS_INFECTION",25,1.90348390760815,0.0013753074290368498,0.005486060884209492,"C3;PSTPIP1;C3AR1;P2RX7;MEFV;ENTPD1;IL18;HMOX1;NLRP3;TXNIP;CASP1",1.835892875699876,0.007288965822882422,TRUE,
"REACTOME_DEADENYLATION_DEPENDENT_MRNA_DECAY",56,-1.7958432851164428,0.0013876572929488475,0.005515048215565932,"EXOSC7;LSM4;EXOSC2;LSM7;EDC3;EXOSC5;EXOSC3;EXOSC4;CNOT3;NT5C3B;SKIC2;EDC4;EIF4G1;LSM2;PAN2;EXOSC1;LSM1;PARN;CNOT9;EIF4A3;DCPS;LSM5",-1.886354491290275,0.0029197520775833805,TRUE,
"REACTOME_TRANSPORT_OF_MATURE_MRNAS_DERIVED_FROM_INTRONLESS_TRANSCRIPTS",43,-1.8496380326008455,0.00139741028851271,0.005533540741008359,"CPSF4;SEC13;AAAS;SYMPK;ALYREF;NUP188;CPSF1;RAE1;NUP85;NUP214;NUP43;WDR33;NCBP1;POM121C;NUP93;NUP62;CPSF3;NUP205;NUP88;SLBP;NCBP2;RANBP2;NUP98;NUP37;FIP1L1;EIF4E",-2.112792166474623,3.354505055601128e-4,TRUE,
"REACTOME_DECTIN_1_MEDIATED_NONCANONICAL_NF_KB_SIGNALING",48,-1.8080882233662317,0.0015371795676845268,0.006064872112500769,"PSMD3;SEM1;PSMB3;PSMC5;PSMA7;PSMC3;UBE2M;PSMB7;ADRM1;RPS27A;UBA52;PSMB5;PSMB6;PSMB4;CUL1;PSMD7;PSMD13;PSMB1;PSMD11;PSMB2;UBB;PSMD2;PSMC4;PSMD8;PSMD14;PSMC2;UBC",-1.5150273618496979,0.05330667784141355,FALSE,
"REACTOME_SIGNALING_BY_FGFR2",62,-1.756833492023313,0.001580378993474256,0.006212721767824521,"POLR2H;POLR2J;POLR2L;POLR2I;HRAS;PPP2R1A;RPS27A;UBA52;POLR2F;PLCG1;SRC;ESRP2;POLR2E;GTF2F1;POLR2G;PTBP1;FRS3;HNRNPM;POLR2D;HNRNPF;HNRNPA1",-1.8165084092829966,0.0034764782399258265,TRUE,
"REACTOME_KINESINS",48,-1.7950592271570032,0.0017404386244798168,0.006817241543540077,"TUBA4A;TUBB4B;KIF12;KIF18B;KIF22;KIFC1;KLC2;KLC4;TUBA1B;KIF25;KIF4A;KLC1;KIF9;KIF3B;KIF1C;KIF26A;KIF20A;TUBB2B;KIF19;KIF2C;KIF23;KIFC2;TUBA1C;CENPE;KIF15;TUBAL3;KIF5B;TUBB2A;KIF21A",-1.7875232297820938,0.007091877361446939,TRUE,
"REACTOME_ANTIMICROBIAL_PEPTIDES",27,1.8710937699131558,0.0017759188195237594,0.006931193953896687,"CD4;CCR2;LTF;RNASE6;TLR1;GNLY;CHGA;TLR2;CLU;ITLN1;LYZ;PLA2G2A;PI3;DEFB1;ATP7A",1.893597645497653,0.006103808175201016,TRUE,
"REACTOME_ACTIVATION_OF_THE_PRE_REPLICATIVE_COMPLEX",32,-1.7738194511934633,0.0018002576300653916,0.0070010018946987445,"MCM3;CDC6;CDT1;POLE;MCM7;ORC6;MCM5;CDC45;MCM2;POLA2;POLE4;GMNN;ORC1;ORC5;RPA3;CDK2;MCM6;MCM4;CDC7;DBF4",-1.8311929449472764,0.006677447571489966,TRUE,
"REACTOME_GLUCOSE_METABOLISM",73,-1.7300781854216711,0.0018635428198698527,0.007221228426995679,"SEC13;PPP2R1A;AAAS;ALDOC;PFKM;G6PC3;GPI;PFKL;PCK2;NUP188;GAPDH;PKLR;RAE1;NUP85;TPI1;NUP214;PFKFB2;ENO1;PFKP;NUP43;PFKFB4;ENO3;PC;PKM;SLC37A4;POM121C;NUP93;PCK1;NUP62;HKDC1;GNPDA1;NUP205;PGK1;NUP88;RANBP2;HK2;NUP98;ALDOA;HK1;PPP2R5D;PGAM1;NUP37",-1.7592973521983062,0.005286500472016532,TRUE,
"REACTOME_CYCLIN_A_B1_B2_ASSOCIATED_EVENTS_DURING_G2_M_TRANSITION",31,-1.7886141815134193,0.0019167125147869324,0.007400829461010041,"PPP2R1A;PKMYT1;PPME1;FZR1;CDC25A;LCMT1;TICRR;PLK1;PPP2R3B;CCNB2;SGO1;HJURP;CCNB1;CCNA2;CDC25C;CDK2",-1.8786589878085183,0.0047393343676604815,TRUE,
"REACTOME_PKMTS_METHYLATE_HISTONE_LYSINES",49,-1.774955298343038,0.0019392806129085085,0.007461416542573517,"WDR5;H4C5;SUV39H1;EHMT2;SETD6;KMT5A;SETD1A;SMYD3;KMT5C;NSD2;DPY30;NSD3;SMYD2;AEBP2;DOT1L;RBBP7;SETD2;EHMT1;SUV39H2",-1.9500686296062972,0.00205668688071528,TRUE,
"REACTOME_MRNA_DECAY_BY_3_TO_5_EXORIBONUCLEASE",16,-1.8163040584651178,0.001992582783737686,0.007639407492421871,"EXOSC7;EXOSC2;EXOSC5;EXOSC3;EXOSC4;NT5C3B;SKIC2;EXOSC1",-1.7039243321473811,0.019014975984478426,TRUE,
"REACTOME_DEGRADATION_OF_GLI1_BY_THE_PROTEASOME",46,-1.7852629969643783,0.0020566806818081425,0.007857389224513503,"PSMD3;SEM1;PSMB3;PSMC5;PSMA7;PSMC3;PSMB7;ADRM1;RPS27A;UBA52;PSMB5;PSMB6;PSMB4;CUL1;PSMD7;PSMD13;PSMB1;PSMD11;PSMB2;UBB;PSMD2;PSMC4;PSMD8;PSMD14;PSMC2;UBC;PSMD12",-1.4991195665836838,0.08700716315134006,FALSE,
"REACTOME_REGULATION_OF_PD_L1_CD274_POST_TRANSLATIONAL_MODIFICATION",85,-1.5981992307537467,0.0021114046823605625,0.008016201675769379,"PSMD3;SEM1;PSMB3;PSMC5;PSMA7;OST4;RPN2;PSMC3;PSMB7;ADRM1;RPS27A;UBA52;PSMB5;RPN1;VCP;CSNK2A2;B3GNT3;MIB2;DDOST;CDK4;PSMB6;TMEM258;PSMB4;CUL1;PSMD7;PSMD13;YWHAG;STT3A;PSMB1;PSMD11;PSMB2;OS9;PRKAA2;UBB;GSK3B;PSMD2;PSMC4;CCND1;PSMD8;PSMD14;PSMC2;COPS5;UBC;NEK2;ERLIN2;PSMD12;RNF5;PRKAG1",-1.3643890714212275,0.05501029568978539,FALSE,
"REACTOME_MATURATION_OF_TCA_ENZYMES_AND_REGULATION_OF_TCA_CYCLE",20,-1.8285705849495233,0.0021130264325069513,0.008016201675769379,"ACO2;NFS1;IDH2;SDHAF2;CS;SDHA;LYRM4;SIRT3;ACAT1;SDHAF1;CSKMT",-1.625598027204824,0.03685172839144857,TRUE,
"REACTOME_GAP_FILLING_DNA_REPAIR_SYNTHESIS_AND_LIGATION_IN_GG_NER",25,-1.8326536792928443,0.002164380830144511,0.00818241533347315,"POLD2;POLD1;XRCC1;RPS27A;UBA52;POLE;RFC2;LIG3;LIG1;POLE4;RFC4;UBB;RFC3;RPA3;UBC;RFC5",-1.9075245835211596,0.007290969504544136,TRUE,
"REACTOME_FORMATION_OF_THE_POLYBROMO_BAF_PBAF_COMPLEX",18,-1.8174085590166897,0.0022331146641132353,0.008412949342232154,"SMARCD2;SMARCB1;SMARCE1;BCL7A;SMARCA4;BCL7C;SMARCC2;BCL7B;ACTB",-1.533333266300028,0.07561717925605832,FALSE,
"REACTOME_FORMATION_OF_ATP_BY_CHEMIOSMOTIC_COUPLING",20,-1.8254801906584455,0.002251584206173144,0.008453179459162151,"ATP5MC1;ATP5F1E;ATP5F1D;ATP5ME;ATP5MC2;ATP5MF;ATP5MJ;ATP5MC3;ATP5F1B;MT-ATP6;ATP5PO;ATP5MG;ATP5F1A;ATP5F1C;ATP5PD;ATP5PB",-1.786344446779885,0.00901423285685768,TRUE,
"REACTOME_REGULATION_OF_RUNX3_EXPRESSION_AND_ACTIVITY",45,-1.7712681940839727,0.002288322347311339,0.008561481885630355,"PSMD3;SEM1;PSMB3;PSMC5;PSMA7;PSMC3;PSMB7;ADRM1;RPS27A;UBA52;PSMB5;SRC;PSMB6;PSMB4;PSMD7;PSMD13;PSMB1;PSMD11;PSMB2;UBB;PSMD2;PSMC4;PSMD8;PSMD14;PSMC2;UBC",-1.520118815898006,0.057954469616850454,FALSE,
"REACTOME_INTERACTIONS_OF_VPR_WITH_HOST_CELLULAR_PROTEINS",37,-1.7545701725924343,0.002335450267507683,0.008707778488817305,"SLC25A6;SEC13;AAAS;SLC25A4;NUP188;RAE1;NUP85;NUP214;SLC25A5;NUP43;HMGA1;POM121C;NUP93;BANF1;NUP62;NUP205;NUP88;RANBP2;NUP98",-1.856210066867579,0.004437707992464104,TRUE,
"REACTOME_RNA_POLYMERASE_II_TRANSCRIBES_SNRNA_GENES",73,-1.7051820770009274,0.002353225112488369,0.008744004270718768,"POLR2H;NABP2;POLR2J;POLR2L;POLR2I;SRRT;SNAPC5;POLR2F;SNAPC4;INTS11;INTS14;TAF9;POLR2E;GTF2F1;INTS1;POLR2G;INTS7;ELL3;POLR2D;ZNF143;TAF6;SNAPC3;SUPT5H;ZC3H8;NCBP1;SSU72",-1.821325203955191,0.0025867074404018046,TRUE,
"REACTOME_DECTIN_2_FAMILY",17,1.8111328898384336,0.002396156294212824,0.008873138495634517,"CLEC10A;PLCG2;FCER1G;MUC6;FYN;CLEC4E;LYN",1.736752833412021,0.020768694333402313,TRUE,
"REACTOME_PCP_CE_PATHWAY",78,-1.6726688437845774,0.002532485773947537,0.009346078451473052,"PSMD3;SEM1;PSMB3;PSMC5;PSMA7;AP2S1;DVL1;PSMC3;PSMB7;ADRM1;RPS27A;UBA52;AP2A2;PSMB5;WNT4;SCRIB;PSMB6;CLTA;FZD3;DVL3;AP2M1;PSMB4;DVL2;PSMD7;PARD6A;PSMD13;CLTC;AP2A1;PSMB1;PSMD11;PSMB2;RAC3;UBB;PFN1;PSMD2;FZD5;PSMC4;PSMD8",-1.1628951466262887,0.2882584712371946,FALSE,
"REACTOME_O_GLYCOSYLATION_OF_TSR_DOMAIN_CONTAINING_PROTEINS",34,1.8005867670640332,0.0025758244562295854,0.009473795033929153,"ADAMTS8;THSD7A;ADAMTSL3;ADAMTSL4;ADAMTS1;ADAMTS2;ADAMTS3;ADAMTS10;SPON1;ADAMTS12;ADAMTS4;ADAMTS5;ADAMTS14;THBS1;ADAMTSL1;THSD1;ADAMTS6;ADAMTS7;B3GLCT;ADAMTS16;SEMA5A",2.0936184153417217,3.555823786419854e-4,TRUE,
"REACTOME_SUMOYLATION_OF_DNA_REPLICATION_PROTEINS",46,-1.7628529163356108,0.002710584043227177,0.00993575569899151,"SEC13;AAAS;RANGAP1;NUP188;AURKA;BIRC5;RAE1;AURKB;NUP85;NUP214;TOP2A;CDCA8;NUP43;UBE2I;SUMO3;POM121C;NUP93;NUP62;TOP1;PIAS4;INCENP;NUP205;NUP88",-1.8706315127627084,0.003827013164316049,TRUE,
"REACTOME_ACTIVATION_OF_ANTERIOR_HOX_GENES_IN_HINDBRAIN_DEVELOPMENT_DURING_EARLY_EMBRYOGENESIS",83,-1.6242206810509487,0.002738832743263561,0.010005500089026814,"POLR2H;POLR2J;POLR2L;POLR2I;WDR5;H4C5;PCGF2;PAXIP1;H2AJ;POLR2F;H2AC20;ZNF335;POLR2E;POLR2G;YY1;POLR2D;H2AZ2;NCOA6;DPY30;PAGR1;JUN;CNOT9;PKNOX1;RXRA;RBBP7;H2AX",-1.4820678278394406,0.02693225966313845,TRUE,
"REACTOME_SIGNALING_BY_NOTCH4",71,-1.7072639266877447,0.002768045954107483,0.01007828812149872,"PSMD3;SEM1;PSMB3;PSMC5;KAT2A;PSMA7;PSMC3;HES1;NOTCH1;PSMB7;ADRM1;RPS27A;UBA52;PSMB5;DLL4;PSMB6;AKT1;TACC3;PSMB4;CUL1;PSMD7;PSMD13;PSMB1;PSMD11;PSMB2;UBB;PSMD2;PSMC4;PSMD8;PSMD14;PSMC2;UBC",-1.4569994803558586,0.05069995423827841,FALSE,
"REACTOME_SIGNALING_BY_CSF1_M_CSF_IN_MYELOID_CELLS",31,1.8153824187460204,0.0028127019308712867,0.01020662740801119,"GAB3;PIK3CD;PLCG2;GRAP2;STAT1;HCK;CSF1;CSF1R;FYN;LYN;STAT3;CBL;SOS1;PIK3CA;GAB2;SHC1;PIK3R1",1.8536461275810876,0.007258241657279418,TRUE,
"REACTOME_CIRCADIAN_CLOCK",108,-1.5596485108891494,0.002831621330060647,0.010241030477052673,"PSMD3;F7;SEM1;NR1D1;PSMB3;PSMC5;PSMA7;CSNK1E;PSMC3;PSMB7;ADRM1;RPS27A;UBA52;PSMB5;CSNK2A2;CSNK1D;CARM1;PSMB6;CDK5;NPAS2;NCOA6;PPARGC1A;CRTC1;PSMB4;CUL1;PSMD7;PSMD13;MED1;RXRA;PSMB1;PSMD11;PSMB2;SREBF1;UBB;PSMD2",-1.2684043622342371,0.1041159984249415,FALSE,
"REACTOME_TELOMERE_EXTENSION_BY_TELOMERASE",22,-1.81805310212356,0.0028504942146419933,0.010258177438657088,"RUVBL2;RUVBL1;TERT;DKC1;NHP2;GAR1;PIF1;WRAP53;RTEL1;ACD",-1.6064451658376064,0.05760371354059591,FALSE,
"REACTOME_FORMATION_OF_WDR5_CONTAINING_HISTONE_MODIFYING_COMPLEXES",42,-1.702277013340579,0.0028552715082713737,0.010258177438657088,"KAT2A;WDR5;MCRS1;BOD1;PAXIP1;TADA2A;SETD1A;AKAP8L;SGF29;MEN1;NCOA6;DPY30;KAT8;PAGR1;YEATS2;HCFC1",-1.57317616850658,0.03782211117663183,TRUE,
"REACTOME_RECRUITMENT_OF_MITOTIC_CENTROSOME_PROTEINS_AND_COMPLEXES",80,-1.68939191879087,0.002892514369492847,0.01035768346831597,"TUBG1;MZT2A;TUBA4A;MZT2B;CSNK1E;SSNA1;TUBB4B;PPP2R1A;CEP250;CEP131;CKAP5;TUBGCP2;CSNK1D;TUBGCP4;PLK1;HAUS8;TUBGCP6;CDK11B;DCTN3;CDK5RAP2;ODF2;YWHAG;CEP72;DYNLL1;SFI1;NINL;DCTN2;HAUS5;CPAP;DYNC1H1;TUBG2;HAUS4;NEK2;TUBGCP3;TUBB;CDK11A;CEP152;MAPRE1;DCTN1;HAUS7;PLK4;PCNT;YWHAE;HAUS3;CEP70;CEP41;CEP290;AKAP9;NDE1;CEP76;TUBGCP5;ALMS1;CEP78;CDK1;HAUS2",-1.8271917987698438,0.0013112700674806719,TRUE,
"REACTOME_G2_M_DNA_DAMAGE_CHECKPOINT",75,-1.6519442658177508,0.00291503198809346,0.010403979299609883,"H4C5;BABAM1;ATRIP;HERC2;RNF8;RFC2;CHEK2;NSD2;RAD50;YWHAG;RFC4;EXO1;TP53BP1;H2AX;BRCA1;BRCC3;RNF168;RFC3;PIAS4;CHEK1;BABAM2;CCNB1;TP53;CCNA2;RPA3;YWHAB;RFC5;RAD9B;CDC25C;UIMC1;H2BC26;BARD1;RAD1;WRN;TOP3A;H2BC15;YWHAE;SFN;RAD9A;WEE1;YWHAQ;BRIP1;YWHAH;H2BC5;MRE11;CDK1",-1.9747247422322962,3.243497696191918e-4,TRUE,
"REACTOME_FORMATION_OF_PARAXIAL_MESODERM",52,-1.713710105499175,0.002929403429968023,0.010420992529558379,"PSMD3;SEM1;PSMB3;PSMC5;KAT2A;PSMA7;PSMC3;NOTCH1;PSMB7;ADRM1;PSMB5;MESP2;PSMB6;LFNG;PSMB4;PSMD7;PSMD13;PSMB1;PSMD11;PSMB2;PSMD2;PSMC4;PSMD8;PSMD14;PSMC2",-1.571672744205359,0.023252428922362765,TRUE,
"REACTOME_G_ALPHA_12_13_SIGNALLING_EVENTS",70,1.686225591968352,0.0029471202114758678,0.01044975630539646,"BTK;ARHGEF6;GNGT2;FGD2;GNG2;VAV1;GNG7;PREX1;GNB4;FGD3;PLEKHG2;GNG11;ARHGEF3;ARHGEF15;TIAM1;GNG12;GNA13;SOS1",1.7295824059643985,0.007592661594765427,TRUE,
"REACTOME_HEDGEHOG_OFF_STATE",93,-1.569779164119861,0.002997691944089008,0.010594448727480697,"PSMD3;SEM1;PSMB3;PSMC5;PSMA7;TUBA4A;TUBB4B;PSMC3;PRKAR1B;PSMB7;ADRM1;RPS27A;UBA52;PSMB5;MKS1;GNAS;PSMB6;TUBA1B;ADCY6;IFT140;ADCY3;PSMB4;CUL1;PSMD7;PSMD13;PSMB1;IFT122;PSMD11;PSMB2;UBB;GSK3B;PSMD2;PSMC4;PSMD8;TUBB2B;PSMD14;PSMC2;TUBA1C;UBC;IFT52",-1.199112499955851,0.20224719101123598,FALSE,
"REACTOME_ANCHORING_OF_THE_BASAL_BODY_TO_THE_PLASMA_MEMBRANE",96,-1.5547949786724438,0.003051702963385866,0.01075031725738203,"TUBG1;TUBA4A;CSNK1E;SSNA1;TUBB4B;PPP2R1A;CEP250;MKS1;CEP131;B9D2;CKAP5;CSNK1D;RAB3IP;PLK1;HAUS8;B9D1;DCTN3;CDK5RAP2;FBF1;ODF2;YWHAG;CEP72;NPHP4;DYNLL1;SFI1;CEP83;NINL;DCTN2;HAUS5;CPAP;DYNC1H1;HAUS4;KIF24;NEK2;TUBB;CEP152;MAPRE1;TCTN2;DCTN1;HAUS7;TMEM216;NPHP1;PLK4;PCNT;YWHAE;C2CD3;HAUS3;MARK4;CEP70;CEP41;CEP290;AKAP9;NDE1;CEP76;ALMS1;CEP78;CDK1;HAUS2",-1.7955350015148541,9.546707687763115e-4,TRUE,
"REACTOME_TP53_REGULATES_METABOLIC_GENES",79,-1.6049146329316042,0.0031365399531237824,0.011013416987505837,"MLST8;COX4I1;LAMTOR4;LAMTOR2;RPTOR;COX7B;GPI;PRDX2;GLS2;PRDX5;COX6B1;COX6A1;TSC2;COX8A;COX5A;COX5B;AKT2;COX7C;AKT1;COX6C;G6PD;MT-CO2;DDIT4;GPX2;COX7A2;YWHAG;PRKAA2;LAMTOR5;MT-CO1;TXN;SESN2;TP53;YWHAB;GSR;RHEB;PRKAG1;NDUFA4;COX7A2L;MTOR;RRAGA;YWHAE;MT-CO3;LAMTOR3;LAMTOR1;PRKAB1;SFN;CYCS",-1.6595184539096708,0.00536014204402548,TRUE,
"REACTOME_SIGNALING_BY_FGFR",78,-1.645138768513638,0.0031910871110569783,0.011168804888699424,"FGFRL1;POLR2H;POLR2J;POLR2L;POLR2I;HRAS;PPP2R1A;FGFR4;RPS27A;UBA52;POLR2F;PLCG1;SRC;ESRP2;POLR2E;GTF2F1;POLR2G;PTBP1;FRS3;HNRNPM;POLR2D;GIPC1;FLRT1;HNRNPF;HNRNPA1",-1.5547962906262172,0.018407872865206634,TRUE,
"REACTOME_CELLULAR_RESPONSES_TO_MECHANICAL_STIMULI",93,1.6378457093054852,0.003417507169937896,0.01192281440315954,"PIK3CD;GNGT2;GNG2;STAT1;PRKAR2B;P2RX7;GNG7;PECAM1;FYN;GNB4;CACNA2D1;GNG11;CALCRL;ITGAV;PRKACB;NLRP3;ADCY5;PDE4D;KDR;FLT4;GNG12;ADCY7;CDH5;ADCY4;ITGB3;PIK3CA;PRKAR1A;NFKBIA;RAMP2;CAPN2;NOS3;RICTOR;MMP14;ADCY2",1.8865484601152813,5.294500263245687e-4,TRUE,
"REACTOME_G_BETA_GAMMA_SIGNALLING_THROUGH_PI3KGAMMA",20,1.8095166228042858,0.003452037681139819,0.011980973436722078,"PIK3CG;GNGT2;PIK3R5;GNG2;PIK3R6;GNG7;GNB4;GNG11;GNG12;AKT3",2.019132602376758,0.001284050929869292,TRUE,
"REACTOME_RHO_GTPASES_ACTIVATE_FORMINS",129,-1.5173743107144972,0.0034562623831281203,0.011980973436722078,"TUBA4A;SEC13;CENPM;TUBB4B;PPP2R1A;DVL1;ACTG1;DYNLL2;RANGAP1;PFN2;B9D2;SRC;SPC24;CKAP5;BIRC5;NUDC;AURKB;NUP85;CDC20;PLK1;ZWINT;DSN1;PMF1;SRF;CDCA8;TUBA1B;DVL3;NUP43;BUB3;CENPO;DVL2;ACTB;DYNLL1;CENPT;SGO1;ERCC6L;CENPP;RHOD;PFN1;CENPA;TUBB2B;INCENP;AHCTF1;DYNC1H1;MAD2L1;KIF2C;CENPF;SPC25;TUBA1C;RPS27;RANBP2;RCC2;NUP98;MAPRE1;CENPE;KNTC1;PPP2R5D;NUP37;TUBAL3;CENPN;CENPH;ITGB3BP;TUBB2A",-1.5128328995149576,0.009825004162892519,TRUE,
"REACTOME_SARS_COV_1_INFECTION",141,-1.4665911369191205,0.00358706032067788,0.012394778496609872,"RPS21;RPS2;RPS28;RPS24;RPS18;TKFC;FAU;RPS15;RPS11;RPS16;RPS27A;RPS8;UBA52;RPS13;CHMP4B;PRKCSH;RPS19;PKLR;RPS29;MOGS;RPS4X;PPIB;VCP;PCBP2;RPS5;RPS6;RPS12;RPS3;CHMP2A;PPIH;PARP16;RPS9;RPS14;RPSA;BCL2L1;HNRNPA1;KPNA2;UBE2I;PYCARD;BECN1;RPS26;YWHAG;IRF3;RPS17;KPNB1;RPS15A",-1.503289172098224,0.008074784297231912,TRUE,
"REACTOME_MODULATION_OF_HOST_RESPONSES_BY_IFN_STIMULATED_GENES",19,1.8104942559846176,0.0036075588069111337,0.012426035890471683,"RIGI;HERC5;UBE2L6;IFIH1;IFI44;IFI44L;IFI6",1.7686888052859044,0.020489156404074626,TRUE,
"REACTOME_INTERACTIONS_OF_REV_WITH_HOST_CELLULAR_PROTEINS",37,-1.7106934472144555,0.0037476640138284978,0.012867770427227596,"SEC13;AAAS;RANGAP1;NUP188;RANBP1;RCC1;RAE1;NUP85;NUP214;RAN;NUP43;KPNB1;POM121C;NUP93;NUP62;NUP205;NUP88;RANBP2;NUP98",-1.9061220717316965,0.002992523929347691,TRUE,
"REACTOME_CA2_PATHWAY",56,1.739160015257529,0.00399639502924755,0.013678512954995559,"GNGT2;PDE6G;GNG2;ITPR1;PLCB2;GNG7;NFATC1;GNAO1;GNB4;PDE6B;GNG11;FZD4;GNG12;PPP3CB;WNT11;AGO4;TCF7L1;TCF7L2;PRKG2;LEF1",1.8522078568335818,0.003671569374951424,TRUE,
"REACTOME_REGULATION_OF_KIT_SIGNALING",16,1.812501336119788,0.004058716100026043,0.013848135121158041,"LCK;FYN;SH2B3;KIT;LYN;CBL;SOCS1;SOS1;PTPN6",1.7198970880359996,0.027622981643250024,TRUE,
"REACTOME_SELECTIVE_AUTOPHAGY",78,-1.625466898099107,0.004118391533805059,0.014002367564003696,"TOMM40;TUBA4A;MAP1LC3A;TUBB4B;PGAM5;DYNLL2;RPS27A;UBA52;TOMM7;SRC;VCP;CSNK2A2;PARK7;TOMM22;HSF1;TOMM5;TUBA1B;VDAC1;MFN2;TOMM20;HDAC6;PEX5;VDAC2;DYNLL1;FUNDC1;PRKAA2;ULK1;UBB;ATG9A;TUBB2B;DYNC1H1;TUBA1C;UBC;UBE2V1;VDAC3;PRKAG1;SQSTM1;USP30;UBE2L3;TUBAL3;PCNT;TUBB2A;CFTR",-1.3595621030446647,0.08248292408347449,FALSE,
"REACTOME_GLUCAGON_TYPE_LIGAND_RECEPTORS",20,1.7870809391535862,0.004129730525789108,0.014002367564003696,"GNGT2;GNG2;ADCYAP1;VIP;GNG7;GNB4;GNG11;VIPR2;GLP2R;GNG12",1.9462066300953758,0.0026656803214576397,TRUE,
"REACTOME_COOPERATION_OF_PREFOLDIN_AND_TRIC_CCT_IN_ACTIN_AND_TUBULIN_FOLDING",26,-1.7831286056485809,0.004318881726349321,0.014598089324264839,"PFDN2;CCT7;TUBA4A;TUBB4B;CCT3;PFDN6;CCT6A;TUBA1B;CCT5;ACTB;CCT2;PFDN1;TUBB2B;PFDN4;TUBA1C;CCT4;TUBAL3;TUBB2A",-1.711072607949685,0.02334258123385742,TRUE,
"REACTOME_FANCONI_ANEMIA_PATHWAY",36,-1.7248498679554272,0.004341371670022917,0.014628534975077219,"ATRIP;FANCC;CENPX;RPS27A;UBA52;EME2;FAAP100;EME1;FANCA;FAN1;UBE2T;MUS81;UBB;FANCG;FAAP20;FANCI;RPA3;UBC;FANCE;FANCB",-1.689986040634018,0.02690392712845313,TRUE,
"REACTOME_THE_ROLE_OF_NEF_IN_HIV_1_REPLICATION_AND_DISEASE_PATHOGENESIS",28,1.7658304625718813,0.0044611455436326854,0.014985581779694935,"CD28;CD247;CD4;DOCK2;LCK;HCK;FYN;CD8B;B2M;AP1S2;ELMO1;PACS1",1.8511412079672191,0.0049589563841190626,TRUE,
"REACTOME_INITIATION_OF_NUCLEAR_ENVELOPE_NE_REFORMATION",19,-1.7211081347432824,0.004547391908277854,0.015228148828646518,"PPP2R1A;LEMD2;EMD;ANKLE2;CCNB2;LMNB1;KPNB1;BANF1;LMNA;CCNB1",-1.56326801333625,0.05759413564569762,FALSE,
"REACTOME_DISEASES_OF_CARBOHYDRATE_METABOLISM",31,-1.7014133169464472,0.004606168759144176,0.015377517242065942,"DCXR;TALDO1;G6PC3;KHK;RPS27A;UBA52;GUSB;RPIA;SGSH;GLB1;GYG2;GYS1;IDUA;NAGLU;SLC37A4;UBB;HYAL1",-1.364045611679553,0.1408018133370246,FALSE,
"REACTOME_G_ALPHA_Z_SIGNALLING_EVENTS",39,1.7549306499992834,0.004631057645347512,0.01541318265399402,"PRKCB;GNGT2;GNG2;PRKCH;GNG7;GNB4;GNG11;RGS19;ADCY5;GNG12;PRKCQ;ADCY7;ADCY4",2.0757300517401025,3.596782058754521e-4,TRUE,
"REACTOME_NITRIC_OXIDE_STIMULATES_GUANYLATE_CYCLASE",20,1.7666101163099457,0.004800011297944884,0.015926642991651984,"ITPR1;PDE1B;PDE2A;PDE1A;IRAG1;GUCY1A1;GUCY1B1;KCNMA1;PDE5A;PRKG2;NOS3;KCNMB1",1.833133073275113,0.008082154882116908,TRUE,
"REACTOME_SIGNALING_BY_ERYTHROPOIETIN",24,1.7408945378253176,0.005290676034535787,0.017463408618546235,"PIK3CG;PIK3CD;PLCG2;PIK3R5;VAV1;JAK2;LYN;SOS1;PIK3CA;SHC1;PIK3R1;STAT5A",1.884395629319194,0.0038861549168830896,TRUE,
"REACTOME_MITOTIC_PROPHASE",106,-1.4944211400485496,0.005295356161752729,0.017463408618546235,"H4C5;NEK6;SEC13;PPP2R1A;AAAS;KMT5A;H2AJ;H2AC20;NUP188;LPIN3;RAE1;NUP85;NCAPH2;LEMD2;EMD;NUP214;NCAPD3;PLK1;ENSA;PPP2R2D;H2AZ2;NUP43;NCAPG2;CCNB2;LMNB1;POM121C;GORASP2;NUP93;H2AX;BANF1;NUP62;GORASP1;H3-3B;LMNA;NUP205;CCNB1;NUP88;GOLGA2;RANBP2;H2BC26;NUP98;SET",-1.63460015267489,0.003511141468914051,TRUE,
"REACTOME_DISEASES_ASSOCIATED_WITH_N_GLYCOSYLATION_OF_PROTEINS",20,-1.736163371111137,0.005426870863906193,0.017842893597994607,"ALG12;ALG3;MOGS;ALG2;NEU1;MAN1B1;GLB1;RFT1;ALG1;MPDU1;ALG14;DPAGT1",-1.5078809186645181,0.0738235739616045,FALSE,
"REACTOME_CILIUM_ASSEMBLY",185,-1.4431748711849883,0.005647916434338928,0.018513562934313405,"TUBG1;TUBA4A;CSNK1E;SSNA1;TUBB4B;CCT3;PPP2R1A;CEP250;DYNLL2;MKS1;CEP131;DYNC2I2;B9D2;CKAP5;CSNK1D;RAB3IP;BBS5;PLK1;HAUS8;IFT43;EXOC4;IFT20;TUBA1B;RAB11FIP3;B9D1;CCT5;IFT140;HDAC6;DCTN3;CDK5RAP2;INPP5E;FBF1;ODF2;YWHAG;EXOC3;CEP72;NPHP4;DYNLL1;KIF3B;CCT2;SFI1;IFT122;DYNC2I1;IFT22;CEP83;NINL;DCTN2;DYNLRB1;HAUS5;CPAP;TUBB2B;DYNC1H1;MKKS;HAUS4;KIF24;TUBA1C;NEK2;IFT52;TUBB;IFT27;PKD1;CEP152;MAPRE1;CCT4;TCTN2;IFT172;DCTN1;HAUS7;ATAT1;TMEM216;NPHP1;PLK4;TUBAL3;PCNT;BBS2;IFT46;TUBB2A;YWHAE;IFT56;BBS1;C2CD3;ARL3;HAUS3;MARK4;CEP70;CEP41;TCP1;CEP290;AKAP9;GBF1;NDE1;CEP76;ALMS1;CEP78;CDK1",-1.612596587618872,0.0015891284748809928,TRUE,
"REACTOME_HCMV_LATE_EVENTS",76,-1.546386752248798,0.00569510839548791,0.018612025931037293,"H4C5;SEC13;SNF8;AAAS;VPS25;VPS4A;H2AC20;NUP188;CHMP4B;RAE1;NUP85;NUP214;CHMP2A;CHMP1A;NUP43;VPS28;VPS37D;VPS37C;POM121C;NUP93;NUP62;NUP205;NUP88;MVB12B;RANBP2;H2BC26;NUP98;CHMP6;NUP37;HNRNPK;H2BC15;H2AC25;NUP155",-1.657546534225664,0.005246967813292966,TRUE,
"REACTOME_MUSCLE_CONTRACTION",139,1.4853373235648488,0.0057658087864213385,0.018735163850062433,"CLIC2;KCNK13;SCN4B;ITPR1;SCN3A;RYR1;KAT2B;ATP1B2;SCN9A;SLC8A1;VIM;ATP1A2;KCND3;WWTR1;ATP2B4;CALD1;MYLK;PLN;NPR1;GUCY1A1;ANXA1;KCNE4;MME;GUCY1B1;MYH11;SCN1B;KCNIP2;LMOD1;ABCC9;TPM4;FKBP1B;TRPC1;TMOD1;SCN3B;KCNK12;ANXA6;PDE5A;HIPK1;TTN;MYBPC1;STIM1;SORBS1;NPR2;FGF12;ITGA1;ORAI2;TNNI2;KCND1",1.7634269299447447,5.55644158763342e-4,TRUE,
"REACTOME_PROCESSING_OF_CAPPED_INTRONLESS_PRE_MRNA",29,-1.7107890493072455,0.005767322328037652,0.018735163850062433,"SNRPF;CPSF4;SYMPK;SNRPE;CSTF1;LSM10;CPSF1;CPSF6;WDR33;NCBP1;SNRPB;SNRPG;CPSF3;SLBP;CSTF2;NCBP2",-1.9809322941040755,0.0021085766511974367,TRUE,
"REACTOME_DEPOSITION_OF_NEW_CENPA_CONTAINING_NUCLEOSOMES_AT_THE_CENTROMERE",47,-1.7297496338795275,0.005903555466816872,0.019025267470772184,"H4C5;CENPM;RUVBL1;CENPX;MIS18A;H2AJ;H2AC20;H2AZ2;CENPO;CENPW;CENPT;RBBP7;H2AX;CENPP;HJURP;CENPA",-1.905515882459467,0.00536014204402548,TRUE,
"REACTOME_REGULATION_OF_CDH1_POSTTRANSLATIONAL_PROCESSING_AND_TRAFFICKING_TO_PLASMA_MEMBRANE",31,-1.67946114295228,0.005907988726282473,0.019025267470772184,"OST4;RPN2;POMT1;RPN1;PRKCSH;MOGS;CSNK2A2;DDOST;JUP;TMEM258;STT3A;SPCS2;GANAB;POMT2;PCSK6;CDH1;SEC11A;OSTC;SEC11C;CANX;SPCS1;CTNNB1",-1.7903134662660434,0.011283326064992267,TRUE,
"REACTOME_ERCC6_CSB_AND_EHMT2_G9A_POSITIVELY_REGULATE_RRNA_EXPRESSION",40,-1.6997327239451194,0.005916881777125714,0.019025267470772184,"H4C5;EHMT2;CHD4;H2AJ;H2AC20;MTA1;MBD3;H2AZ2;MTA2;GATAD2A;RBBP7;H2AX;ERCC6;HDAC1",-1.8586200886505586,0.004020413519749036,TRUE,
"REACTOME_DISEASES_OF_METABOLISM",235,-1.3879322283886477,0.005926765350341934,0.019025267470772184,"GSS;MMAB;DCXR;ALG12;B4GALT7;PAH;AHCY;GALK1;DPM2;NMRAL1;TALDO1;DPM3;CD320;POMT1;ALG3;ACACA;NOTCH1;G6PC3;KHK;RPS27A;UBA52;GUSB;IVD;SDC1;ADAMTS13;RPIA;DOLK;PCCA;ASL;APRT;MMACHC;MOGS;B3GAT3;PCCB;ECHS1;SGSH;MPI;OPLAH;GALE;ALG2;SDC4;NEU1;LFNG;MAN1B1;OTC;IDH1;GLB1;RFT1;POMGNT1;ALG1;GYG2;MUC5B;MAT1A;B4GAT1;DAG1;ACY1;BCAN;MUC12;GYS1;PNP;MAOA;PC;MCCC2;IDUA;ACAT1;NAGLU;MUC5AC;GPC2;ADAMTSL5;SLC37A4;DLD;FDXR",-1.0259356397470392,0.49167807068087965,FALSE,
"REACTOME_AURKA_ACTIVATION_BY_TPX2",71,-1.6123645272595626,0.005985040698818398,0.019155661233681304,"TUBG1;TUBA4A;CSNK1E;SSNA1;TUBB4B;PPP2R1A;CEP250;CEP131;AURKA;CKAP5;CSNK1D;PLK1;HAUS8;TPX2;DCTN3;CDK5RAP2;ODF2;YWHAG;CEP72;DYNLL1;SFI1;NINL;DCTN2;HAUS5;CPAP;DYNC1H1;HAUS4;NEK2;TUBB;CEP152;MAPRE1;DCTN1;HAUS7;PLK4;PCNT;YWHAE;HAUS3;CEP70;CEP41;CEP290;AKAP9;NDE1;CEP76;ALMS1;CEP78;CDK1;HAUS2",-1.7982032693281351,0.0038861549168830896,TRUE,
"REACTOME_UNFOLDED_PROTEIN_RESPONSE_UPR",88,-1.5434968728370666,0.006213326739064644,0.01982135621873594,"DDIT3;EXOSC7;ASNS;EIF2S2;PREB;ARFGAP1;EXOSC2;SRPRB;MYDGF;EXOSC5;EXOSC3;EXOSC4;ATF4;YIF1A;KLHDC3;ZBTB17;KHSRP;EXOSC1;CREB3L4;NFYA;WFS1;PARN;EIF2S3;CALR;HSPA5;TATDN2;CEBPG;DDX11;SRPRA;GFPT1;NFYC;CXXC1;LMNA;EXTL3;CUL7;CREB3;HDGF;GSK3A;SYVN1",-1.5754862444476128,0.015177430178870079,TRUE,
"REACTOME_REGULATION_OF_TP53_ACTIVITY",154,-1.4552878089507115,0.00622956909731701,0.01982135621873594,"TAF15;MLST8;PPP2R1A;EHMT2;NOC2L;ATRIP;KMT5A;CHD4;RPS27A;ING5;UBA52;BANP;SSRP1;RNF34;RFC2;MAPKAPK5;AURKA;AURKB;PIN1;BRD1;MBD3;TAF9;DAXX;CSNK2A2;MAPKAP1;TAF4;AKT2;BRPF1;CHEK2;TPX2;CDK5;TP53RK;PIP4K2B;AKT1;RAD50;PRR5;MTA2;TAF6;STK11;GATAD2A;RFC4;SMYD2;RBBP7;EXO1;HDAC1;BRCA1;USP7;PRKAA2;PPP1R13B;EHMT1;UBB;RFC3;PIP4P1;CHEK1;ING2;TP53;CCNA2;RPA3;TAF8;UBC;RFC5;RAD9B",-1.6677448421726306,0.0010273791747159994,TRUE,
"REACTOME_CELL_JUNCTION_ORGANIZATION",242,-1.3852112368916496,0.006408693053033703,0.020331672405092305,"PSMD3;SEM1;CTBP1;PSMB3;PSMC5;PSMA7;CD151;H4C5;OST4;RACK1;PVR;RPN2;CLDN3;PSMC3;POMT1;ACTG1;PSMB7;CDH4;KMT5A;ADRM1;RPS27A;UBA52;PSMB5;RPN1;H2AJ;BANP;H2AC20;CLDN4;FOXA2;SRC;DNTTIP1;SMARCA4;PRKCSH;ILF3;MOGS;CSNK2A2;LAMB3;DDOST;PSMB6;JUP;DNM2;TCF3;CDH24;H2AZ2;TMEM258;CLDN15;CBLL1;TESK1;PSMB4;NECTIN1;PSMD7;ACTB;PKM;PARD6A;PSMD13;ANG;STT3A;WT1;PSMB1;RBBP7;F11R;H2AX;HDAC1;PSMD11;PSMB2;CTBP2;CLDN14;UBB;STRAP;PSMD2;SPCS2;CLDN7;TGIF2;H3-3B;PSMC4;CTNNA1;NECTIN2;PSMD8;PARD3;CLDN12;FOXQ1;GANAB;EED;ITGB4;PSMD14",-1.1004870968412477,0.28676927860696516,FALSE,
"REACTOME_SIGNALING_BY_BMP",25,1.7670210137431046,0.006603917878178547,0.020889944308523978,"CHRDL1;GREM2;FSTL1;SMURF2;ACVRL1;UBE2D1;SMAD7;BMPR2;INHBA;SMAD1",1.7158776331264078,0.021647996751779655,TRUE,
"REACTOME_SIGNALING_BY_SCF_KIT",41,1.6792792335951245,0.006680238445225023,0.021069938119387066,"GRAP2;STAT1;LCK;VAV1;FYN;JAK2;SH2B3;FES;KIT;LYN;STAT3;CBL;SOCS1;SOS1;PTPN6;PIK3CA;GAB2;PIK3R1;STAT5A;GRAP;SOCS6",1.6077878509365897,0.04482802295073808,TRUE,
"REACTOME_SIGNALING_BY_FGFR2_IIIA_TM",19,-1.7041051416830428,0.006800507901775816,0.021387104560657278,"POLR2H;POLR2J;POLR2L;POLR2I;POLR2F;POLR2E;GTF2F1;POLR2G;POLR2D",-1.736415342442053,0.012980790943665554,TRUE,
"REACTOME_MITOPHAGY",38,-1.6568393997747306,0.007005555342568848,0.02196828770718844,"TOMM40;MAP1LC3A;PGAM5;RPS27A;UBA52;TOMM7;SRC;CSNK2A2;TOMM22;TOMM5;VDAC1;MFN2;TOMM20;VDAC2;FUNDC1;ULK1;UBB;ATG9A;UBC;UBE2V1;VDAC3;SQSTM1;UBE2L3",-1.571406514701758,0.03588041149010204,TRUE,
"REACTOME_GABA_B_RECEPTOR_ACTIVATION",31,1.6969140814423829,0.007037363681439266,0.022004436871359088,"GNGT2;GNG2;KCNJ10;GNG7;GNB4;GNG11;ADCY5;KCNJ5;GNG12;ADCY7;ADCY4",2.0220295156144097,0.0018001362248392463,TRUE,
"REACTOME_FORMATION_OF_THE_EMBRYONIC_STEM_CELL_BAF_ESBAF_COMPLEX",19,-1.6995241569266848,0.007160794576757937,0.022326040562592995,"SMARCD2;SMARCB1;SMARCE1;BCL7A;SMARCA4;BCL7C;SMARCC2;BCL7B;ACTB",-1.5221832754147648,0.0719512644673424,FALSE,
"REACTOME_INTERCONVERSION_OF_NUCLEOTIDE_DI_AND_TRIPHOSPHATES",29,-1.6844253030380325,0.00726773426529651,0.022594532028214077,"NME4;NME1;DTYMK;GUK1;NME3;AK1;DCTD;CTPS2;RRM1;NME2;AK4;TXN;RRM2;AK2;AK6;CTPS1;DCTPP1;GSR",-1.8612987066987823,0.006459180075477959,TRUE,
"REACTOME_NUCLEAR_IMPORT_OF_REV_PROTEIN",34,-1.6483328131893584,0.007383847180031981,0.022889926258099144,"SEC13;AAAS;NUP188;RCC1;RAE1;NUP85;NUP214;RAN;NUP43;KPNB1;POM121C;NUP93;NUP62;NUP205;NUP88;RANBP2;NUP98;NUP37;NUP155;NUP160;NUP210;NPM1;NUP107;TPR;POM121",-1.8551586599083354,0.01028636569816336,TRUE,
"REACTOME_MHC_CLASS_II_ANTIGEN_PRESENTATION",111,1.5591190489206068,0.00755460791429569,0.023352562925956763,"HLA-DOB;HLA-DRB5;HLA-DQA1;HLA-DPA1;HLA-DRA;HLA-DMB;HLA-DOA;LAG3;HLA-DQB1;HLA-DRB1;CD74;HLA-DPB1;HLA-DMA;HLA-DQB2;CTSO;HLA-DQA2;CTSC;CTSK;IFI30;CTSS;CTSL;LGMN;KIF5A;AP1S2;CTSB;CTSF",1.6622735936374866,0.008777883945641746,TRUE,
"REACTOME_PIWI_INTERACTING_RNA_PIRNA_BIOGENESIS",22,-1.7247278613493449,0.007595362479035082,0.023411841732253025,"POLR2H;POLR2J;POLR2L;POLR2I;POLR2F;POLR2E;POLR2G;POLR2D",-1.4782349419956222,0.13643851464356224,FALSE,
"REACTOME_SARS_COV_2_INFECTION",279,-1.3371003204339895,0.007654750510301953,0.02352805751750034,"RPS21;RPS2;RPS28;SNRPF;RPS24;PRMT1;OST4;RPS18;TKFC;SEC13;TUFM;RPN2;AAAS;SNRPE;FAU;TAB1;RPS15;RPS11;RPS16;RPS27A;RPS8;UBA52;ANO9;RPS13;RPN1;SDC1;NUP188;CHMP4B;SNRPD2;PRKCSH;RPS19;RPS29;MOGS;RPS4X;RAE1;VCP;NUP85;RPS5;RPS6;RPS12;RPS3;DDOST;SDC4;NUP214;AKT2;CHMP2A;MAN1B1;GEMIN6;VPS33B;PARP16;AKT1;TMEM258;RPS9;RPS14;IRAK1;MGAT4B;NUP43;HSP90AB1;RPSA;KPNA2;GEMIN4;EDEM2;TYK2;UBE2I;BECN1;RPS26;YWHAG;IRF3;ZDHHC11;RPS17;GPC2;STT3A;RPS15A;POM121C;SNRPB;SNRPG;NUP93;GEMIN8;RPS7;NUP62;ZDHHC8;ZDHHC9;MGAT5;UBB;GSK3B;PARP6;LARP1;RPS20;RPS23;CNBP;NUP205;VPS18;ANO8;PTPN11;SMN1;NUP88;ANO10;GANAB;ZDHHC5;GSK3A;SNRPD1;YWHAB;UBC;GEMIN5;VPS16;GPC1;UBE2V1;RPS27;ANO7;RANBP2;GPC4;NUP98",-1.3399649489961831,0.01908241361963983,TRUE,
"REACTOME_AMPK_INDUCED_ERAD_AND_LYSOSOME_MEDIATED_DEGRADATION_OF_PD_L1_CD274",54,-1.6418711898962122,0.0076850472577837696,0.02355445275337681,"PSMD3;SEM1;PSMB3;PSMC5;PSMA7;PSMC3;PSMB7;ADRM1;RPS27A;UBA52;PSMB5;VCP;PSMB6;PSMB4;PSMD7;PSMD13;PSMB1;PSMD11;PSMB2;OS9;PRKAA2;UBB;PSMD2;PSMC4;PSMD8;PSMD14;PSMC2;UBC;ERLIN2;PSMD12;RNF5;PRKAG1",-1.457673346029483,0.07772331510770002,FALSE,
"REACTOME_G_BETA_GAMMA_SIGNALLING_THROUGH_CDC42",15,1.7493327217776578,0.00786554860004319,0.024039775298723552,"ARHGEF6;GNGT2;GNG2;GNG7;GNB4;GNG11;GNG12",1.9262278311855394,0.00536014204402548,TRUE,
"REACTOME_PRC2_METHYLATES_HISTONES_AND_DNA",39,-1.6311983645140247,0.007899867411515063,0.024076843094083828,"H4C5;H2AJ;H2AC20;EPOP;PHF19;H2AZ2;AEBP2;RBBP7;H2AX;DNMT1;H3-3B;DNMT3B;EED;EZH2;H2BC26",-1.790669921147655,0.00682390232966662,TRUE,
"REACTOME_RHO_GTPASE_CYCLE",435,1.3523031052626464,0.008047874717447596,0.024456425119987444,"ARHGAP25;TAGAP;ARHGAP30;ARHGAP9;ARHGEF6;ARHGAP15;DOCK2;WAS;DOCK10;RHOH;NCF1;FGD2;NCKAP1L;WIPF1;ZAP70;FMNL1;CYBB;EPSTI1;ARHGDIB;LCK;BASP1;DOCK8;FMNL3;NCF2;CPNE8;FNBP1;VAV1;ARHGAP20;PREX1;RAC2;ARHGAP31;STARD8;FGD3;CCDC88A;DOCK4;PLEKHG2;PREX2;SWAP70;STOM;DLC1;VIM;AKAP12;ARHGAP28;ARHGEF3;CDC42SE2;FAM13B;ARHGEF15;FERMT2;ARHGEF25;NCF4;ZNF512B;TIAM1;RHOJ;STK10;VAMP3;PLEKHG1;FILIP1;FAM83B;NCK1;ITSN2;ARHGAP24;GNA13;GIT2;ARHGAP19;TPM4;TOR1AIP1;AMIGO2;SOS1;STAM2;OSBPL11;SYDE1;CDC42EP3;PIK3CA;CCP110;DOCK11;WDR11;ABI1;PDE5A;FAM135A;RHOA;ITSN1;PCDH7;PLXND1;ARAP2;STMN2;SH3PXD2A;SRRM1;IL32;CDC42;DOCK9;SLK;ANKFY1;SRGAP2;GMIP;PIK3R1",1.3740771503778741,0.021035477000614713,TRUE,
"REACTOME_KSRP_KHSRP_BINDS_AND_DESTABILIZES_MRNA",17,-1.7540684387908638,0.00806949326539678,0.024456425119987444,"EXOSC7;EXOSC2;EXOSC5;EXOSC3;EXOSC4;KHSRP;AKT1;EXOSC1;PARN",-1.6524806248121227,0.04199959793362959,TRUE,
"REACTOME_DISEASES_OF_DNA_REPAIR",51,-1.6057067350820364,0.008226886999763842,0.024863989957503534,"SEM1;NTHL1;ATRIP;OGG1;RFC2;RAD51D;RAD50;XRCC2;MUTYH;RFC4;EXO1;BRCA1;RAD51;RFC3;RAD51C;RAD51B;NEIL3;NEIL1;RPA3;RFC5;RAD9B;BARD1;BRCA2;RAD1;WRN;TOP3A",-2.173565189236921,5.621510682796124e-5,TRUE,
"REACTOME_RESOLUTION_OF_AP_SITES_VIA_THE_MULTIPLE_NUCLEOTIDE_PATCH_REPLACEMENT_PATHWAY",25,-1.7096163119208303,0.008495964603101681,0.025605893317681455,"POLD2;POLD1;POLE;RFC2;FEN1;LIG1;POLE4;APEX1;RFC4;ADPRS;RFC3;RPA3;PARP2;RFC5",-1.8088308628942504,0.017023958640413527,TRUE,
"REACTOME_ATP_DEPENDENT_CHROMATIN_REMODELERS",30,-1.6846166747223128,0.008827226992388965,0.026528001283488662,"SMARCD2;SMARCB1;SMARCE1;BCL7A;SMARCA4;SS18L1;BCL7C;SMARCC2;BRD9;BCL7B;ACTB;DPF1;SMARCD1",-1.5983723443742075,0.04286593134425656,TRUE,
"REACTOME_REGULATION_OF_PYRUVATE_METABOLISM",32,-1.6198258108908394,0.008850817018085618,0.026528001283488662,"RMND5B;PDHA1;PGAM5;GID8;RPS27A;UBA52;MAEA;PDHX;GSTZ1;PDP2;PKM;DLD;PDK2;UBB;PDK3;LDHA;UBC;PDHB;MKLN1",-1.448754854474234,0.10671362265087056,FALSE,
"REACTOME_ABC_TRANSPORTER_DISORDERS",62,-1.5979364174574697,0.00887807565029519,0.026536396916171573,"PSMD3;SEM1;ABCB6;PSMB3;KCNJ11;PSMC5;PSMA7;PSMC3;PSMB7;ADRM1;RPS27A;UBA52;PSMB5;VCP;PSMB6;PSMB4;PSMD7;PSMD13;PSMB1;PSMD11;PSMB2;OS9;UBB;PSMD2;PSMC4;PSMD8;PSMD14;PSMC2;UBC;ERLIN2;PSMD12;RNF5",-1.4184548361974247,0.08820171925268792,FALSE,
"REACTOME_VLDLR_INTERNALISATION_AND_DEGRADATION",16,-1.6832026072268873,0.009118269522988382,0.0271794572319846,"AP2S1;RPS27A;UBA52;AP2A2;PCSK9;CLTA;AP2M1;CLTC;AP2A1;UBB;NR1H2;UBC;VLDLR",-1.259403509851619,0.2917044571132418,FALSE,
"REACTOME_PCNA_DEPENDENT_LONG_PATCH_BASE_EXCISION_REPAIR",21,-1.6686676314675488,0.009199753733788918,0.027347213153865686,"POLD2;POLD1;POLE;RFC2;FEN1;LIG1;POLE4;APEX1;RFC4;RFC3;RPA3;RFC5",-1.71709441674484,0.022282016956213645,TRUE,
"REACTOME_ACTIVATION_OF_NF_KAPPAB_IN_B_CELLS",54,-1.6116721235859466,0.009541812034629976,0.028286519282987768,"PSMD3;SEM1;PSMB3;PSMC5;PSMA7;PSMC3;PSMB7;ADRM1;RPS27A;UBA52;PSMB5;PSMB6;NFKBIB;PSMB4;CUL1;PSMD7;PSMD13;PSMB1;PSMD11;PSMB2;UBB;PSMD2;PSMC4;PSMD8;PSMD14;PSMC2;UBC",-1.332670979320205,0.15571799033969436,FALSE,
"REACTOME_CASPASE_ACTIVATION_VIA_DEATH_RECEPTORS_IN_THE_PRESENCE_OF_LIGAND",15,1.7336952791390505,0.009741656869731101,0.028800266222502025,"FASLG;LY96;TNFSF10;FAS;CD14;CFLAR;CASP8",1.7773752686852184,0.018800270025833243,TRUE,
"REACTOME_TRANSPORT_OF_THE_SLBP_DEPENDANT_MATURE_MRNA",36,-1.639257013919939,0.010039913892125807,0.029601376556947008,"SEC13;AAAS;ALYREF;NUP188;RAE1;NUP85;NUP214;NUP43;NCBP1;POM121C;NUP93;NUP62;NUP205;NUP88;SLBP;NCBP2;RANBP2;NUP98;NUP37;EIF4E;NUP155;NUP160;NUP210;NUP107;TPR;POM121",-1.8550045735672003,0.0052521494952413195,TRUE,
"REACTOME_TOLL_LIKE_RECEPTOR_TLR1_TLR2_CASCADE",109,1.5160011021920605,0.010138882425859272,0.029812161062485933,"BTK;S100B;TLR6;LY96;TLR1;CD36;MEF2C;MAP3K8;SAA1;IRAK3;MAPK10;CD14;N4BP1;TLR2;MAP3K1;MYD88;CASP8;USP18;NLRC5;SFTPA2;MEF2A;SOCS1;IKBIP;TAB2;PELI2;AGER;MAPK11;MAP2K4;NFKBIA;DUSP6",1.625895635556268,0.009037092128468014,TRUE,
"REACTOME_OTHER_INTERLEUKIN_SIGNALING",20,1.6964099469528915,0.010447223895603857,0.03063577818035185,"IL16;CD4;CSF1;CSF1R;CSF3R;VAMP2;JAK1",1.7444102704781264,0.015005912145255944,TRUE,
"REACTOME_ATF4_ACTIVATES_GENES_IN_RESPONSE_TO_ENDOPLASMIC_RETICULUM_STRESS",26,-1.6961759544533521,0.010562507923473923,0.030890353361102983,"DDIT3;EXOSC7;ASNS;EXOSC2;EXOSC5;EXOSC3;EXOSC4;ATF4;KHSRP;EXOSC1;NFYA;PARN;CEBPG",-1.828560105377862,0.008786754456994837,TRUE,
"REACTOME_BASE_EXCISION_REPAIR_AP_SITE_FORMATION",36,-1.6333504465534168,0.01062474537718298,0.03098884068345036,"H4C5;NTHL1;OGG1;H2AJ;H2AC20;SMUG1;H2AZ2;MPG;ACD;MUTYH;NEIL2;H2AX;UNG;NEIL3;NEIL1",-1.5331672530997653,0.0680895430853478,FALSE,
"REACTOME_AGGREPHAGY",34,-1.6029817535149729,0.01069757102336869,0.031117599357520183,"TUBA4A;TUBB4B;DYNLL2;RPS27A;UBA52;VCP;PARK7;HSF1;TUBA1B;HDAC6;DYNLL1;UBB;TUBB2B;DYNC1H1;TUBA1C;UBC;UBE2V1;TUBAL3;PCNT;TUBB2A;CFTR",-1.2628049124457996,0.23621190130624092,FALSE,
"REACTOME_SIGNALING_BY_NOTCH1_HD_DOMAIN_MUTANTS_IN_CANCER",15,-1.682679962372576,0.01105922690251772,0.03208358606746451,"NOTCH1;RPS27A;UBA52;JAG2;DLL4;MIB2;NEURL1",-1.7527949221532657,0.016678585389247932,TRUE,
"REACTOME_OPIOID_SIGNALLING",76,1.5474685210321637,0.011265375562464994,0.032594486627398715,"GNGT2;GNG2;CAMK4;PRKAR2B;ITPR1;PDE1B;PLCB2;GNG7;GNB4;PDE1A;PDE4B;GNG11;PRKACB;ADCY5;PDE4D;GNG12;ADCY7;PPP3CB;PPP3CC",1.7689678227899706,0.004006056232839225,TRUE,
"REACTOME_CO_INHIBITION_BY_PD_1",176,1.4165864917098454,0.011585505878221242,0.033431579462420334,"CD3G;CD3E;CD247;CD4;CD3D;DERL3;HLA-DRB5;HLA-DQA1;PDCD1;HLA-DPA1;HLA-DRA;HLA-DQB1;HLA-DRB1;STAT1;PDCD1LG2;LCK;HLA-DPB1;CD274;HLA-DQB2;HLA-DQA2;IRF1",1.4871717833128852,0.01882544747360521,TRUE,
"REACTOME_SUMOYLATION_OF_CHROMATIN_ORGANIZATION_PROTEINS",61,-1.5639264851834545,0.011865037218518656,0.03414738828141311,"H4C5;SEC13;AAAS;CBX8;PCGF2;NUP188;L3MBTL2;RAE1;NUP85;NUP214;CBX4;NUP43;UBE2I;RING1;SUMO3;POM121C;NUP93;ZBED1;HDAC1;NUP62;NUP205;NUP88;CBX2",-1.7490083232993896,0.008716547154882093,TRUE,
"REACTOME_CGMP_EFFECTS",15,1.7092146841020506,0.011944068033037306,0.03428389898371819,"ITPR1;PDE1B;PDE2A;PDE1A;IRAG1;KCNMA1;PDE5A;PRKG2;KCNMB1",1.7006723831729462,0.03685172839144857,TRUE,
"REACTOME_REGULATION_OF_TP53_ACTIVITY_THROUGH_PHOSPHORYLATION",89,-1.4404652277819736,0.01221397928699054,0.034966141230566586,"TAF15;NOC2L;ATRIP;RPS27A;UBA52;SSRP1;RFC2;MAPKAPK5;AURKA;AURKB;PIN1;TAF9;CSNK2A2;TAF4;CHEK2;TPX2;CDK5;TP53RK;RAD50;TAF6;STK11;RFC4;EXO1;BRCA1;PRKAA2;UBB;RFC3;CHEK1;TP53;CCNA2;RPA3;TAF8;UBC;RFC5;RAD9B;CDK2;TAF1;PRKAG1;BARD1",-1.7855711625354527,0.001053939329959608,TRUE,
"REACTOME_PROTEIN_METHYLATION",17,-1.6998196863407158,0.013012203816907689,0.037153266161433794,"RPS2;METTL22;EEF2;ETFB;VCP;EEF2KMT;CAMKMT;EEF1AKMT1",-1.8315661414500355,0.01104955059332266,TRUE,
"REACTOME_CELLULAR_RESPONSE_TO_HEAT_STRESS",95,-1.457120760491458,0.013256990713492425,0.037752847569919375,"MLST8;SEC13;AAAS;RPTOR;RPS19BP1;NUP188;HSPA9;RAE1;VCP;NUP85;HSPB1;NUP214;HSF1;BAG1;AKT1S1;NUP43;HSP90AB1;HDAC6;HSBP1;HSPA5;DNAJC2;POM121C;NUP93;MRPL18;DNAJC7;NUP62;UBB;GSK3B;HSPA12A;NUP205;CCAR2;EEF1A1;NUP88;RPA3;RANBP2;NUP98;BAG4;NUP37;MAPK3;MTOR;SERPINH1;YWHAE;HSPA4L;HSPA4;NUP155;NUP160;NUP210;HSPA2;ST13;HSPA14;NUP107;TNFRSF21;TPR;POM121;CREBBP;BAG5;MAPK1;FKBP4;HSPA1B;SEH1L;DNAJB1;HSP90AA1;ATR;NDC1;PTGES3;MAPKAPK2;HIKESHI;NUP58;CAMK2G;DEDD2;BAG3",-1.638085591991401,0.006298524946898406,TRUE,
"REACTOME_SUMOYLATION_OF_RNA_BINDING_PROTEINS",47,-1.655510343464,0.013365820609252168,0.03788995585517975,"SEC13;AAAS;CBX8;PCGF2;NUP188;RAE1;NUP85;NUP214;CBX4;NUP43;UBE2I;RING1;POM121C;NUP93;NOP58;NUP62;NUP205;NUP88;CBX2;HNRNPC;RANBP2;NUP98;NUP37;HNRNPK;SCMH1;NUP155;NUP160;NUP210;PHC2;NUP107;SUMO2;TPR;POM121",-1.878428004629037,0.00725573192644108,TRUE,
"REACTOME_FORMATION_OF_NEURONAL_PROGENITOR_AND_NEURONAL_BAF_NPBAF_AND_NBAF",24,-1.6483057518076782,0.013374979808786953,0.03788995585517975,"SMARCD2;SMARCB1;SMARCE1;BCL7A;SMARCA4;SS18L1;BCL7C;SMARCC2;BCL7B;ACTB;DPF1;SMARCD1",-1.5725531002221207,0.06398316513155376,FALSE,
"REACTOME_COPI_MEDIATED_ANTEROGRADE_TRANSPORT",90,-1.4622835988488267,0.013544983334957959,0.038269356107605026,"TUBA4A;ARF1;ARFGAP1;TUBB4B;COPG1;TMED9;DYNLL2;TMED3;SPTBN2;ARF5;COG4;COG7;COPE;BET1L;ARFGAP2;TUBA1B;COPZ1;TMEM115;GOSR1;KDELR2;DCTN3;YKT6;DYNLL1;DCTN2;GORASP1;COG8;TUBB2B;KDELR1;DYNC1H1;NAPA;SPTBN5;GOLGA2;TUBA1C;SPTAN1;COG1;STX5;DCTN1;TUBAL3;DCTN5;TUBB2A;COG3;DCTN6;RAB1B;SPTB;GOSR2;GOLGB1;NAPB;GBF1;DCTN4;NSF;COPA",-1.218910901940031,0.19726862818434943,FALSE,
"REACTOME_REGULATION_OF_ENDOGENOUS_RETROELEMENTS",102,-1.445738829850763,0.013579448941408234,0.038269356107605026,"SMARCD2;H4C5;TRIM28;EHMT2;SMARCB1;MORC2;CHD4;H2AJ;H2AC20;MTA1;SMARCE1;BCL7A;SMARCA4;SS18L1;MBD3;BCL7C;SMARCC2;H2AZ2;MTA2;GATAD2A;UBE2I;BCL7B;ACTB;DPF1;RBBP7;ZNF425;H2AX;HDAC1;EHMT1;SMARCD1",-1.7234236560270808,0.0029503069843153985,TRUE,
"REACTOME_RHO_GTPASES_ACTIVATE_NADPH_OXIDASES",22,1.7379921563124727,0.013711209744053468,0.03854057661217102,"PRKCB;NCF1;CYBB;NCF2;RAC2;NCF4;PIK3C3",1.9097806244767654,0.008048054703298536,TRUE,
"REACTOME_SYNTHESIS_OF_PIPS_AT_THE_PLASMA_MEMBRANE",51,1.6123171232278908,0.014180080608973519,0.03971672350595025,"PIK3CG;PIK3CD;PIK3R5;PIP4K2A;PIK3R6;BMX;SYNJ1;INPP4A",1.544175680795054,0.04957134667185721,TRUE,
"REACTOME_FORMATION_OF_THE_NON_CANONICAL_BAF_NCBAF_COMPLEX",17,-1.6876118975676573,0.014202846746828292,0.03971672350595025,"SMARCD2;BCL7A;SMARCA4;SS18L1;BCL7C;SMARCC2;BRD9;BCL7B;ACTB",-1.465890531528663,0.13848029378084384,FALSE,
"REACTOME_CARDIAC_CONDUCTION",85,1.5147570866389677,0.014273123180692815,0.039810639205788444,"CLIC2;KCNK13;SCN4B;ITPR1;SCN3A;RYR1;KAT2B;ATP1B2;SCN9A;SLC8A1;ATP1A2;KCND3;WWTR1;ATP2B4;PLN;NPR1;KCNE4;MME;SCN1B;KCNIP2;ABCC9;FKBP1B;TRPC1;SCN3B;KCNK12",1.6970949091967913,0.00926629477365422,TRUE,
"REACTOME_METABOLISM_OF_CARBOHYDRATES_AND_CARBOHYDRATE_DERIVATIVES",261,-1.2986820832593464,0.014611267410447121,0.04064929523162853,"DCXR;B4GALT7;TKT;GALK1;TKFC;TALDO1;SEC13;PPP2R1A;AAAS;ALDOC;PFKM;PHKA2;B4GALT2;PHKG2;G6PC3;KHK;GLYCTK;RPS27A;UBA52;GPI;GUSB;PFKL;SDC1;PCK2;FUT1;NUP188;GAPDH;RPIA;PKLR;HYAL2;HYAL3;RAE1;SLC26A1;B3GAT3;NUP85;TPI1;SLC35B2;SGSH;GALE;B3GNT3;PRPS2;SDC4;NUP214;PFKFB2;GLB1;ENO1;MAN2C1;G6PD;GYG2;AKR1A1;B4GAT1;BCAN;PFKP;NUP43;PGD;GYS1;HS6ST1;FUT4;CHPF;AKR1E2;PFKFB4;ENO3;PC;IDUA;PYGB;XYLT2;PKM;SORD;NAGLU;GPC2;SLC37A4;POM121C;NUP93;B4GALT3;PHKA1;PGLS;PCK1;NUP62;FUT3;UBB;CRYL1;CHST13;HYAL1;MAN2B2;HKDC1;GNPDA1;PRPS1;B3GALT6;EXTL3;RPE;NUP205;PGK1;EXT2;NUP88;GALT;UBC;B4GALT4;CALM1;GPC1;UXS1;XYLB;RANBP2;HK2;GPC4;NUP98;ALDOA;GLB1L2;HK1;B3GNT4;PPP2R5D;PGAM1;NHLRC1;FUT6;CHPF2;HS3ST1;PGM1;NUP37;CSPG4;CEMIP",-0.9607982073530079,0.7222259202556081,FALSE,
"REACTOME_THROMBIN_SIGNALLING_THROUGH_PROTEINASE_ACTIVATED_RECEPTORS_PARS",26,1.6509533723652021,0.014832115970774603,0.04115817347388861,"GNGT2;GNG2;F2R;GNG7;GNB4;GNG11;F2RL3;F2RL2;GNG12;GNA13;ARRB1",1.9353459469861125,0.003612943854268135,TRUE,
"REACTOME_MAPK6_MAPK4_SIGNALING",73,-1.5105634985150926,0.014890722553904253,0.041215392783127844,"PSMD3;SEM1;PSMB3;PSMC5;PSMA7;PSMC3;PSMB7;ADRM1;RPS27A;ETV4;UBA52;PSMB5;MAPKAPK5;HSPB1;PSMB6;PSMB4;JUN;PSMD7;PSMD13;PSMB1;PSMD11;PSMB2;UBB;PSMD2;PSMC4;PSMD8;PSMD14;PSMC2;UBC;MYC;PSMD12",-1.3313326779172372,0.14637968430556564,FALSE,
"REACTOME_INTERLEUKIN_7_SIGNALING",23,1.6438841414584804,0.014946871220064927,0.041265535047761946,"JAK3;IL7R;HGF;JAK1;STAT3;SOCS1;PIK3R1;STAT5A;TSLP;IL7;IL2RG;IRS1",1.7800812788479898,0.01049301614422771,TRUE,
"REACTOME_DENGUE_VIRUS_ACTIVATES_MODULATES_INNATE_AND_ADAPTIVE_IMMUNE_RESPONSES",28,1.635064164795016,0.015128875108686369,0.04166200378914901,"C1QA;C4A;C1S;STAT2;C4B;IFIH1;STING1;CLU",1.6218415176778274,0.04630701315243683,TRUE,
"REACTOME_HOST_INTERACTIONS_OF_HIV_FACTORS",118,-1.3972686146537843,0.015452151578427015,0.04244451762681851,"PSMD3;SLC25A6;SEM1;ELOB;PSMB3;PSMC5;PSMA7;ARF1;SEC13;AP2S1;AAAS;PSMC3;SLC25A4;PSMB7;RANGAP1;ADRM1;RPS27A;UBA52;AP2A2;PSMB5;NUP188;AP1S1;RANBP1;RCC1;RAE1;NUP85;AP1M2;NUP214;PSMB6;RAN;SLC25A5;NUP43;AP2M1;PSMB4;HMGA1;PSMD7;PSMD13;ELOC;AP2A1;KPNB1;POM121C;PSMB1;NUP93;PSMD11;PSMB2;BANF1;NUP62;UBB;PSMD2;CDK9;PSMC4;PSMD8;NUP205;AP1M1;NUP88;AP1B1;PSMD14;PSMC2;UBC",-1.282924447202806,0.13643851464356224,FALSE,
"REACTOME_EXPORT_OF_VIRAL_RIBONUCLEOPROTEINS_FROM_NUCLEUS",33,-1.5914241509345388,0.01585206556732987,0.04343305843573967,"SEC13;AAAS;NUP188;RAE1;NUP85;NUP214;RAN;NUP43;POM121C;NUP93;NUP62;NUP205;NUP88;RANBP2;NUP98;NUP37;NUP155;NUP160;NUP210;NUP107;TPR;POM121",-1.7461819272353343,0.009042347126000575,TRUE,
"REACTOME_POSTMITOTIC_NUCLEAR_PORE_COMPLEX_NPC_REFORMATION",27,-1.6093796978426262,0.016067470485989926,0.04391235636599262,"SEC13;RANGAP1;NUP188;RCC1;NUP85;RAN;NUP43;UBE2I;KPNB1;NUP93;NUP62;AHCTF1;NUP205",-1.7087094954829132,0.021972395312144066,TRUE,
"REACTOME_SIGNALING_BY_KIT_IN_DISEASE",19,1.6324412613665107,0.016143229446366338,0.04400855263645095,"STAT1;LCK;FYN;JAK2;KIT;LYN;STAT3;SOS1;PIK3CA;PIK3R1;STAT5A",1.629859654787119,0.05330667784141355,FALSE,
"REACTOME_REGULATION_OF_PLK1_ACTIVITY_AT_G2_M_TRANSITION",86,-1.4624689065011252,0.016258985030069662,0.04414966615112983,"TUBG1;TUBA4A;CSNK1E;SSNA1;TUBB4B;PPP2R1A;CEP250;RPS27A;UBA52;CEP131;AURKA;CKAP5;CSNK1D;PLK1;HAUS8;CUL1;DCTN3;CDK5RAP2;CCNB2;ODF2;YWHAG;CEP72;DYNLL1;SFI1;UBB;NINL;DCTN2;HAUS5;CPAP;DYNC1H1;CCNB1;HAUS4;UBC;NEK2;TUBB;CEP152;MAPRE1;DCTN1;HAUS7;PLK4;PCNT;YWHAE;AJUBA;HAUS3;CEP70;CEP41;CEP290;AKAP9;NDE1;CEP76;ALMS1;CEP78;CDK1;HAUS2",-1.6246807426540073,0.00746379097528475,TRUE,
"REACTOME_POST_CHAPERONIN_TUBULIN_FOLDING_PATHWAY",16,-1.6279538997910752,0.01627637461792805,0.04414966615112983,"TUBA4A;TUBB4B;TBCD;ARL2;TBCB;TUBA1B;TUBB2B;TBCE;TUBA1C;TBCC;TUBAL3;TUBB2A;TBCA",-1.4600955362956474,0.1232344374944224,FALSE,
"REACTOME_THE_NLRP3_INFLAMMASOME",16,1.653435277144435,0.016617238019576288,0.04496185349436477,"PSTPIP1;P2RX7;MEFV;HMOX1;NLRP3;TXNIP;CASP1",1.5223921755772394,0.12622485474585513,FALSE,
"REACTOME_GLUCAGON_LIKE_PEPTIDE_1_GLP1_REGULATES_INSULIN_SECRETION",31,1.6006860121970323,0.0169508333142434,0.04569892633112518,"GNGT2;GNG2;PRKAR2B;ITPR1;GNG7;GNB4;GNG11;PRKACB;ADCY5;GNG12;RAP1A;AKAP5",1.6917724030799883,0.021035477000614713,TRUE,
"REACTOME_REGULATION_OF_PD_L1_CD274_EXPRESSION",158,-1.3274419610899564,0.017004081233547172,0.04569892633112518,"PSMD3;SEM1;PSMB3;PSMC5;WDR5;PSMA7;H4C5;OST4;RPN2;PSMC3;PSMB7;ADRM1;RPS27A;UBA52;PSMB5;RPN1;H2AJ;H2AC20;VCP;CSNK2A2;B3GNT3;MIB2;DDOST;CDK4;PSMB6;BRD4;H2AZ2;TMEM258;DPY30;PSMB4;CUL1;JUN;PSMD7;PSMD13;YWHAG;STT3A;PSMB1;RBBP7;H2AX;PSMD11;PSMB2;OS9;PRKAA2;UBB;GSK3B;PSMD2;H3-3B;PSMC4;TEAD3;CCND1;PSMD8;TEAD4;EED;PSMD14;PSMC2;COPS5;UBC;NEK2;ERLIN2;MYC;TCF7;EZH2;PSMD12;RNF5;PRKAG1;H2BC26",-1.114170924170611,0.31138268740956865,FALSE,
"REACTOME_ROS_AND_RNS_PRODUCTION_IN_PHAGOCYTES",28,1.6228511745870846,0.017016005749100987,0.04569892633112518,"HVCN1;NCF1;CYBB;NCF2;ATP6V0D2;RAC2;NCF4",1.740074142667818,0.015189676163408288,TRUE,
"REACTOME_FORMATION_OF_THE_URETERIC_BUD",19,1.6095842290583091,0.017280892760107264,0.04629572504868242,"ITGA8;GREM1;GFRA1;SLIT2;FOXC1;SALL1;WNT11;ROBO2;GDNF",1.6550949657764062,0.047885588009945156,TRUE,
"REACTOME_HIGH_LAMINAR_FLOW_SHEAR_STRESS_ACTIVATES_SIGNALING_BY_PIEZO1_AND_PECAM1_CDH5_KDR_IN_ENDOTHELIAL_CELLS",60,1.5774925730290368,0.017523787594201132,0.046617262717431995,"PIK3CD;GNGT2;GNG2;PRKAR2B;GNG7;PECAM1;FYN;GNB4;GNG11;CALCRL;PRKACB;ADCY5;KDR;FLT4;GNG12;ADCY7;CDH5;ADCY4;PIK3CA;PRKAR1A;RAMP2;CAPN2;NOS3;RICTOR;MMP14;ADCY2",1.8220344451522135,0.005857963956614744,TRUE,
"REACTOME_SEMAPHORIN_INTERACTIONS",61,1.552426495972858,0.017523787594201132,0.046617262717431995,"PTPRC;CD72;PLXNC1;TYROBP;FYN;SEMA4A;PLXNA4;FES;NRP1;SEMA7A;TREM2;MYH11;DPYSL4;SEMA6D;MYH10;DPYSL3;SEMA4D;RHOA;CRMP1;PLXND1;ITGA1",1.7650576110116822,0.014967259180988278,TRUE,
"REACTOME_ANTIGEN_PROCESSING_CROSS_PRESENTATION",94,1.462037890899258,0.01752980939051821,0.046617262717431995,"BTK;NCF1;CYBB;TLR6;LY96;TLR1;NCF2;CD36;CD207;FCGR1A;TAP2;MRC1;CTSS;CD14;HLA-E;B2M;ITGAV;CTSL;TAP1;TLR2;NCF4;MYD88;HLA-C;VAMP3;PSME1;PSMB9;PSMB10;HLA-B;MRC2;HLA-F",1.6545340022321038,0.009069354965688087,TRUE,
"REACTOME_REGULATION_OF_RAS_BY_GAPS",55,-1.548167808124225,0.017585684718641966,0.04665151080617734,"PSMD3;SEM1;PSMB3;PSMC5;PSMA7;HRAS;PSMC3;PSMB7;ADRM1;RPS27A;UBA52;PSMB5;PSMB6;PSMB4;PSMD7;PSMD13;PSMB1;PSMD11;PSMB2;UBB;PSMD2;RASAL1;PSMC4;PSMD8;PSMD14;PSMC2;UBC",-1.3379646223014297,0.15364789849325933,FALSE,
"REACTOME_FORMATION_OF_TUBULIN_FOLDING_INTERMEDIATES_BY_CCT_TRIC",19,-1.5994162829051246,0.01801825668731401,0.04757599918697071,"CCT7;TUBA4A;TUBB4B;CCT3;CCT6A;TUBA1B;CCT5;CCT2;TUBB2B;TUBA1C;CCT4;TUBAL3;TUBB2A",-1.4999184272103823,0.08218716362606412,FALSE,
"REACTOME_DUAL_INCISION_IN_GG_NER",40,-1.580156958917489,0.018021876189718858,0.04757599918697071,"POLD2;ERCC2;POLD1;RPS27A;UBA52;POLE;RFC2;POLE4;GTF2H5;RFC4;CHD1L;UBB;RFC3;RPA3;UBC;PARP2;RFC5;ERCC3",-1.6184241519919955,0.027622981643250024,TRUE,
"REACTOME_RUNX1_REGULATES_TRANSCRIPTION_OF_GENES_INVOLVED_IN_DIFFERENTIATION_OF_HSCS",79,-1.446241772335856,0.018963141925075498,0.04993934220559931,"PSMD3;SEM1;PSMB3;PSMC5;PSMA7;H4C5;PSMC3;PSMB7;ADRM1;RPS27A;UBA52;PSMB5;H2AJ;H2AC20;PSMB6;TCF3;H2AZ2;PSMB4;PSMD7;PSMD13;PSMB1;H2AX;PSMD11;PSMB2;UBB;PSMD2;H3-3B;PSMC4;PSMD8;PSMD14;PSMC2;UBC",-1.3310300404255857,0.08623503633016986,FALSE,
"REACTOME_METABOLISM_OF_COFACTORS",25,-1.6076160728271254,0.019178458226176826,0.05038408517046455,"SPR;COQ9;COQ4;COQ7;IDH1;PDSS1;COQ8A;PTS;AKT1;COQ8B;COQ5;STARD7;PDSS2;HPDL;CALM1;ACO1;DHFR",-1.7344005836801681,0.028320340384651234,,
"REACTOME_FIBRONECTIN_MATRIX_FORMATION",17,1.5883122479355152,0.019689511607352266,0.05160173935743287,"COL4A4;CEACAM1;COL5A1;COL1A2;COL5A2;COL3A1;COL4A5;COL4A6;COL1A1;ITGB1;ITGA5;COL4A2;CEACAM6",1.8383152156117983,0.007718979778572234,,
"REACTOME_METABOLISM_OF_VITAMINS_AND_COFACTORS",175,-1.3825779772485052,0.019753768299205665,0.05164539422804373,"MMAB;SLC19A1;COASY;SHMT2;DCAKD;PNPO;SPR;COQ9;CD320;SLC5A6;ACACA;SDC1;NAXE;SLC52A2;FASN;SHMT1;PCCA;FLAD1;NFS1;MMACHC;NUDT8;COQ4;QPRT;UBIAD1;PCCB;FPGS;SLC25A19;SDC4;COQ7;IDH1;PDSS1;COQ8A;MOCS3;RBP4;PARP16;PTS;GPHN;AKT1;RDH11;MTHFD2;APOM;MTHFD1;MTHFD1L;NMNAT3;PC;MCCC2;PPCDC;PANK4;NADSYN1;PDXK;SLC23A1;COQ8B;PRSS3;GPC2;MTHFS;LRP8;NAXD;PDZD11;PARP6;GSTO2;MOCS2;COQ5;NAPRT;CYB5A;SLC19A2;STARD7;VKORC1L1;NADK2;PDSS2;HPDL;CALM1;ACO1;GPC1;MCCC1;ENPP3;DHFR;GPC4;CYB5R3",-1.145557973609341,0.2877389211935432,,
"REACTOME_SUMOYLATION_OF_UBIQUITINYLATION_PROTEINS",39,-1.5338337191329132,0.019877939143573484,0.05184510569898373,"SEC13;AAAS;NUP188;RAE1;NUP85;NUP214;NUP43;UBE2I;TRIM27;POM121C;NUP93;NUP62;PIAS4;NUP205;NUP88;RANBP2;NUP98;NUP37",-1.6820933321211167,0.017758306679180085,,
"REACTOME_TRANSLESION_SYNTHESIS_BY_POLH",19,-1.5691432341822031,0.020117408550387558,0.05234385677978537,"RPS27A;UBA52;RFC2;VCP;NPLOC4;RFC4;UBB;RFC3;RPA3;UBC;RFC5",-1.3451415749088564,0.21877205363443897,,
"REACTOME_TRANSPORT_OF_VITAMINS_NUCLEOSIDES_AND_RELATED_MOLECULES",28,-1.6012481475526348,0.020899510826644527,0.054248730255763905,"SLC25A6;SLC29A2;LCN12;SLC5A6;SLC25A4;SLC27A4;ARL2;SLC35B2;SLC25A5;SLC35A2;SLC35C1;PDZD11;SLC33A1;SLC29A4;SLC29A1",-1.5578970221035442,0.05028216646122902,,
"REACTOME_SIRT1_NEGATIVELY_REGULATES_RRNA_EXPRESSION",32,-1.5232600360222301,0.021463185768769412,0.05557889393583487,"H4C5;SUV39H1;RRP8;H2AJ;H2AC20;H2AZ2;H2AX;TAF1D;H3-3B;TAF1C",-1.6675506871183363,0.026748568705714636,,
"REACTOME_APC_CDC20_MEDIATED_DEGRADATION_OF_NEK2A",26,-1.6178663322663338,0.021866706100438515,0.056420077419865725,"ANAPC11;ANAPC7;RPS27A;UBA52;ANAPC2;UBE2C;CDC20;CDC26;UBE2S;BUB3;ANAPC5;UBB;ANAPC15;MAD2L1;UBC;NEK2",-1.754186083628687,0.016479038088287247,,
"REACTOME_AQUAPORIN_MEDIATED_TRANSPORT",37,1.586761555210429,0.021892030040334996,0.056420077419865725,"GNGT2;GNG2;PRKAR2B;GNG7;GNB4;GNG11;AQP8;PRKACB;AQP1;ADCY5;GNG12;ADCY7;AQP9;ADCY4",1.8171633619094614,0.015727227161310888,,
"REACTOME_REGULATION_OF_HSF1_MEDIATED_HEAT_SHOCK_RESPONSE",78,-1.457755864984133,0.022340806769270187,0.057440225935208894,"SEC13;AAAS;RPS19BP1;NUP188;HSPA9;RAE1;NUP85;HSPB1;NUP214;HSF1;BAG1;NUP43;HSPA5;DNAJC2;POM121C;NUP93;MRPL18;DNAJC7;NUP62;UBB;GSK3B;HSPA12A;NUP205;CCAR2;NUP88;RPA3;RANBP2;NUP98;BAG4;NUP37;MAPK3;SERPINH1;YWHAE;HSPA4L;HSPA4;NUP155;NUP160;NUP210;HSPA2;ST13;HSPA14;NUP107;TNFRSF21;TPR;POM121;BAG5;MAPK1;FKBP4;HSPA1B;SEH1L;DNAJB1;ATR;NDC1;MAPKAPK2;HIKESHI;NUP58;DEDD2;BAG3",-1.6847616376061285,0.005565958161557629,,
"REACTOME_FORMATION_OF_THE_CANONICAL_BAF_CBAF_COMPLEX",18,-1.58875677467748,0.0225196076894943,0.05776305991276906,"SMARCB1;SMARCE1;BCL7A;SMARCA4;SS18L1;BCL7C;BCL7B;ACTB;DPF1;SMARCD1",-1.4388936816195774,0.14243943191311612,,
"REACTOME_HOMOLOGOUS_DNA_PAIRING_AND_STRAND_EXCHANGE",43,-1.5583782364031942,0.022602794954097637,0.05783969935187721,"SEM1;ATRIP;XRCC3;RFC2;RAD51D;RAD50;XRCC2;RFC4;EXO1;BRCA1;RAD51;RFC3;CHEK1;RAD51C;RAD51B;RPA3;RFC5;RAD9B;BARD1;BRCA2;RAD1;WRN;TOP3A",-2.0820508291107367,4.824991185846273e-4,,
"REACTOME_NUCLEAR_EVENTS_STIMULATED_BY_ALK_SIGNALING_IN_CANCER",34,1.548551405042111,0.022729093374309384,0.058026038379119245,"IRF4;ICOS;IL10RA;ZAP70;PRF1;BCL2A1;STAT3;PTPN6;AGO4",1.5654474797957034,0.04550983969755354,,
"REACTOME_DISORDERS_OF_TRANSMEMBRANE_TRANSPORTERS",133,-1.3708956486071846,0.02303520814571173,0.05866948553543949,"PSMD3;SEM1;ABCB6;PSMB3;KCNJ11;PSMC5;PSMA7;SEC13;AAAS;PSMC3;SLC39A4;SLC27A4;PSMB7;ADRM1;RPS27A;UBA52;PSMB5;NUP188;RAE1;VCP;NUP85;SLC11A2;SLC3A2;NUP214;PSMB6;SLC67A1;SLC35A2;NUP43;BSG;PSMB4;PSMD7;SLC35C1;PSMD13;POM121C;PSMB1;NUP93;PSMD11;PSMB2;OS9;NUP62;SLC33A1;UBB;PSMD2;SLC5A2;PSMC4;PSMD8;SLC5A1;NUP205;SLC2A9;NUP88;PSMD14;PSMC2;UBC;SLC24A1;ERLIN2;PSMD12;SLC2A10;HEPH;RNF5;RANBP2;NUP98",-1.2890329257879185,0.08252020918202754,,
"REACTOME_PRESYNAPTIC_FUNCTION_OF_KAINATE_RECEPTORS",16,1.6030364574620657,0.023345039844617478,0.058935334983985295,"GNGT2;GNG2;PLCB2;GNG7;GNB4;GNG11;GNG12",1.7613599334480696,0.02221885154930708,,
"REACTOME_DISEASES_OF_MITOTIC_CELL_CYCLE",38,-1.522723263546395,0.023351652734474444,0.058935334983985295,"ANAPC11;E2F1;ANAPC7;FZR1;ANAPC2;UBE2C;DAXX;CDK4;CDC26;UBE2S;SKP2;CCNE1;ANAPC5;ANAPC15;CCND1",-1.5217334349608602,0.05028216646122902,,
"REACTOME_RECYCLING_PATHWAY_OF_L1",38,-1.520862979502879,0.023351652734474444,0.058935334983985295,"TUBA4A;TUBB4B;AP2S1;ACTG1;AP2A2;SRC;DNM2;CLTA;TUBA1B;AP2M1;KIF4A;ACTB;CLTC;AP2A1",-0.9719796412128352,0.6418219461697723,,
"REACTOME_NUCLEOTIDE_BINDING_DOMAIN_LEUCINE_RICH_REPEAT_CONTAINING_RECEPTOR_NLR_SIGNALING_PATHWAYS",56,1.5650757249257996,0.023356860869229196,0.058935334983985295,"CYLD;PSTPIP1;P2RX7;NLRC4;NLRP1;MEFV;AIM2;TNFAIP3;BIRC3;BCL2;HMOX1;NLRP3;TXNIP;CASP8;CASP1;BIRC2;TAB2",1.5528020000929024,0.04454878056810902,,
"REACTOME_RECOGNITION_AND_ASSOCIATION_OF_DNA_GLYCOSYLASE_WITH_SITE_CONTAINING_AN_AFFECTED_PURINE",29,-1.5257016185260721,0.0234944824812473,0.059145042905228117,"H4C5;OGG1;H2AJ;H2AC20;H2AZ2;MPG;ACD;MUTYH;H2AX",-1.3637113705075192,0.1451505016722408,,
"REACTOME_ER_TO_GOLGI_ANTEROGRADE_TRANSPORT",142,-1.3514138790681935,0.02355071136296594,0.05914935608522696,"PREB;TUBA4A;ARF1;ARFGAP1;SEC13;TUBB4B;COPG1;LMAN2;TMED9;DYNLL2;TMED3;SPTBN2;ARF5;COG4;TRAPPC9;TRAPPC2L;COG7;COPE;CSNK1D;BET1L;TRAPPC6A;ARFGAP2;TUBA1B;COPZ1;TMEM115;GOSR1;TRAPPC1;KDELR2;SEC16A;DCTN3;AREG;LMAN2L;YKT6;DYNLL1;SERPINA1;DCTN2;GORASP1;COG8;TRAPPC3;TUBB2B;KDELR1;DYNC1H1;NAPA;TFG;SPTBN5;GOLGA2;TUBA1C;SPTAN1;COG1;STX5;PPP6R1;DCTN1;TUBAL3;DCTN5;TUBB2A;PPP6R3;COG3;TRAPPC5;DCTN6;RAB1B;SEC22A;SPTB;SEC22B;GOSR2;GOLGB1;NAPB;MIA3;GBF1;DCTN4;NSF;COPA;COL7A1;SPTBN1",-1.1922095197396219,0.20642256734129544,,
"REACTOME_REGULATION_OF_INSULIN_LIKE_GROWTH_FACTOR_IGF_TRANSPORT_AND_UPTAKE_BY_INSULIN_LIKE_GROWTH_FACTOR_BINDING_PROTEINS_IGFBPS",92,1.4636841824792801,0.02398066014440586,0.060090106828361106,"IGF1;C3;C4A;CHRDL1;GZMH;CSF1;CHGB;FAM20A;IGFBP5;SPARCL1;CP;APOE;MMP2;FSTL1;APOL1;VCAN;FBN1;IGFBP7;IGF2;SDC2;PAPPA;IL6;MMP1;MXRA8;FAM20C",1.8199060484114398,0.002022468901111283,,
"REACTOME_RAC3_GTPASE_CYCLE",88,1.4643338504170127,0.02421666086565089,0.06054165216412722,"ARHGAP15;DOCK10;NCF1;NCKAP1L;CYBB;ARHGDIB;NCF2;PREX1;SWAP70;FERMT2;NCF4;TIAM1;VAMP3;GIT2;AMIGO2;SYDE1;ABI1;ARAP2;IL32;CDC42;SRGAP2;PIK3R1;WASF2;VRK2;ARHGAP42",1.5185253928990874,0.039095794095250894,,
"REACTOME_RAC2_GTPASE_CYCLE",85,1.4465344962637474,0.02433203541577193,0.06060253161555372,"DOCK2;DOCK10;NCF1;NCKAP1L;CYBB;NCF2;VAV1;PREX1;RAC2;DOCK4;SWAP70;NCF4;TIAM1;VAMP3;GIT2;SYDE1;PIK3CA;ABI1;CDC42;PIK3R1;WASF2;VRK2;ARHGAP42",1.5983727766652014,0.021466818122940188,,
"REACTOME_G_PROTEIN_ACTIVATION",16,1.5913879753441653,0.024352722381918362,0.06060253161555372,"GNGT2;GNG2;GNG7;GNB4;GNG11;GNG12",1.7914780417267575,0.017556729943912247,,
"REACTOME_SARS_COV_2_HOST_INTERACTIONS",184,-1.3223406032382492,0.02445295634426703,0.060712717696864364,"RPS21;RPS2;RPS28;SNRPF;RPS24;RPS18;TKFC;SEC13;TUFM;AAAS;SNRPE;FAU;TAB1;RPS15;RPS11;RPS16;RPS27A;RPS8;UBA52;RPS13;NUP188;SNRPD2;RPS19;RPS29;RPS4X;RAE1;NUP85;RPS5;RPS6;RPS12;RPS3;NUP214;AKT2;GEMIN6;VPS33B;AKT1;RPS9;RPS14;IRAK1;NUP43;HSP90AB1;RPSA;KPNA2;GEMIN4;TYK2;BECN1;RPS26;YWHAG;IRF3;RPS17;RPS15A;POM121C;SNRPB;SNRPG;NUP93;GEMIN8;RPS7;NUP62;UBB;LARP1;RPS20;RPS23;CNBP;NUP205;VPS18;PTPN11;SMN1;NUP88;SNRPD1;YWHAB;UBC;GEMIN5;VPS16",-1.4177600017275125,0.018832587999301882,,
"REACTOME_COLLAGEN_CHAIN_TRIMERIZATION",36,1.6018809019009053,0.02461621621111304,0.06097852645903573,"COL14A1;COL23A1;COL13A1;COL8A2;COL4A4;COL6A3;COL18A1;COL10A1;COL8A1;COL9A1;COL17A1;COL5A1;COL1A2;COL5A2;COL15A1;COL3A1;COL4A5;COL4A6;COL24A1;COL12A1;COL1A1;COL4A2;COL11A1;COL16A1",1.9540909608465247,0.003511141468914051,,
"REACTOME_SUMOYLATION",175,-1.3640180916142053,0.024851451485993197,0.06142101335376451,"THRA;CTBP1;NSMCE1;H4C5;SEC13;TRIM28;AAAS;SAFB;CBX8;PCGF2;RANGAP1;HERC2;MTA1;NUP188;AURKA;L3MBTL2;BIRC5;RAE1;AURKB;NUP85;DAXX;NUP214;PARK7;TOP2A;CDCA8;NCOR2;SAE1;SMC1A;CBX4;NUP43;PPARGC1A;UBE2I;TRIM27;RING1;SUMO3;RXRA;NR1I2;POM121C;NUP93;ZBED1;TP53BP1;NOP58;HDAC1;BRCA1;NUP62;DNMT1;RNF168;TOP1;PIAS4;VDR;ING2;INCENP;NUP205;RARA;DNMT3B;NR1H2;NUP88;CBX2;TP53",-1.4228015490829111,0.018407872865206634,,
"REACTOME_LAGGING_STRAND_SYNTHESIS",20,-1.5323945105127177,0.02560868938465688,0.06300550562891773,"POLD2;POLD1;RFC2;FEN1;POLA2;LIG1;RFC4;RFC3;RPA3;RFC5",-1.6728942002953284,0.02303615194286977,,
"REACTOME_PROCESSING_OF_INTRONLESS_PRE_MRNAS",20,-1.5416421735365549,0.02560868938465688,0.06300550562891773,"CPSF4;SYMPK;CSTF1;CPSF1;CPSF6;WDR33;NCBP1;CPSF3;CSTF2;NCBP2;FIP1L1;PABPN1",-1.7200022605103968,0.015685259219046604,,
"REACTOME_FORMATION_OF_FIBRIN_CLOT_CLOTTING_CASCADE",24,1.5323832488298101,0.026051883277217185,0.06395088994520508,"A2M;F2R;SERPING1;THBD;GP1BA;F13A1;SERPINA5;PRCP;F8;TFPI;PF4;CD177;VWF",1.9047808214635396,0.003499083086813381,,
"REACTOME_CD209_DC_SIGN_SIGNALING",19,1.5624949560570611,0.026324880250782185,0.06447515817629497,"ICAM3;CD209;FYN;PRKACB;LYN",1.6541426717515815,0.047885588009945156,,
"REACTOME_TRANSLESION_SYNTHESIS_BY_Y_FAMILY_DNA_POLYMERASES_BYPASSES_LESIONS_ON_DNA_TEMPLATE",39,-1.4849062665756505,0.026439408393736843,0.06452374249479535,"POLD2;POLD1;RPS27A;USP10;UBA52;POLE;RFC2;VCP;POLE4;NPLOC4;USP43;RFC4;MAD2L2;UBB;RFC3;RPA3;UBC;RFC5",-1.4217524484345592,0.08409982684647219,,
"REACTOME_REGULATION_OF_GLUCOKINASE_BY_GLUCOKINASE_REGULATORY_PROTEIN",30,-1.5665174827461399,0.026503151741615646,0.06452374249479535,"SEC13;AAAS;NUP188;RAE1;NUP85;NUP214;NUP43;POM121C;NUP93;NUP62;NUP205;NUP88;RANBP2;NUP98;NUP37;NUP155;NUP160;NUP210;NUP107;TPR;POM121",-1.7108410154398932,0.01908241361963983,,
"REACTOME_ADP_SIGNALLING_THROUGH_P2Y_PURINOCEPTOR_12",15,1.6116361704280933,0.026545031794705326,0.06452374249479535,"GNGT2;GNG2;GNG7;GNB4;GNG11;GNG12",1.818949953526891,0.013050489774597026,,
"REACTOME_ASSEMBLY_OF_THE_ORC_COMPLEX_AT_THE_ORIGIN_OF_REPLICATION",33,-1.5253633349785372,0.026642061417205824,0.06452374249479535,"H4C5;H2AJ;H2AC20;ORC6;H2AZ2;KPNB1;H2AX;H3-3B;ORC1;ORC5;H2BC26",-1.5956924820796663,0.03857200670493482,,
"REACTOME_SIGNALING_BY_FGFR2_IN_DISEASE",33,-1.5254091655280606,0.026642061417205824,0.06452374249479535,"POLR2H;POLR2J;POLR2L;POLR2I;HRAS;POLR2F;PLCG1;POLR2E;GTF2F1;POLR2G;POLR2D",-1.5246232487550924,0.05839358175176569,,
"REACTOME_REGULATION_OF_TP53_ACTIVITY_THROUGH_METHYLATION",19,-1.5370795550428744,0.027114614449272628,0.06545944814877876,"EHMT2;KMT5A;RPS27A;UBA52;CHEK2;SMYD2;EHMT1;UBB;TP53;UBC",-1.593324130865926,0.04896734652439164,,
"REACTOME_CONDENSATION_OF_PROPHASE_CHROMOSOMES",37,-1.4979883432318197,0.02714907987737368,0.06545944814877876,"H4C5;KMT5A;H2AJ;H2AC20;NCAPH2;NCAPD3;PLK1;H2AZ2;NCAPG2;H2AX;H3-3B;CCNB1;H2BC26;SET",-1.7274863950761554,0.011181609062524064,,
"REACTOME_REGULATION_OF_INSULIN_SECRETION",61,1.4982054463319476,0.02766132745536906,0.06654665252566615,"GNGT2;GNG2;PRKAR2B;ITPR1;CD36;PLCB2;GNG7;GNB4;GNG11;CACNA1E;PRKACB;VAMP2;MARCKS;ADCY5;GNG12;RAP1A;AKAP5",1.5528944034592325,0.05761761874083203,,
"REACTOME_HDACS_DEACETYLATE_HISTONES",54,-1.493424075386298,0.027847297528936565,0.06684583588251365,"H4C5;CHD4;SAP30;H2AC20;MTA1;MBD3;BRMS1;HDAC8;NCOR2;HDAC10;MTA2;GATAD2A;HMG20B;RBBP7;SAP18;HDAC1",-1.5133710844459365,0.05624548641189378,,
"REACTOME_NUCLEAR_PORE_COMPLEX_NPC_DISASSEMBLY",36,-1.520308980926699,0.028239719115957244,0.0676381793395444,"NEK6;SEC13;AAAS;NUP188;RAE1;NUP85;NUP214;NUP43;CCNB2;POM121C;NUP93;NUP62;NUP205;CCNB1;NUP88;RANBP2;NUP98;NUP37;NUP155;NUP160;NUP210;CDK1;NUP107;TPR;POM121",-1.6599189213853716,0.030422453118464348,,
"REACTOME_SIGNALING_BY_NOTCH",184,-1.3122894937467646,0.028395130336735082,0.06770150280180434,"PSMD3;E2F1;HDAC11;SEM1;PSMB3;PSMC5;KAT2A;PSMA7;H4C5;ATP2A1;PSMC3;HES1;NOTCH1;PSMB7;ADRM1;RPS27A;TLE2;UBA52;PSMB5;JAG2;H2AJ;H2AC20;DLL4;RFNG;MIB2;HDAC8;PSMB6;LFNG;DTX2;NCOR2;AKT1;TACC3;HDAC10;H2AZ2;NEURL1;SIRT6;HDAC6;PSMB4;CUL1;POFUT1;JUN;PSMD7;PSMD13;YBX1;PSMB1;H2AX;HDAC1;HDAC5;PSMD11;PSMB2;UBB;PSMD2;H3-3B;PSMC4;CCND1;PSMD8;TLE3;ATP2A2;TP53;PSMD14;PSMC2;WWC1;TFDP1;UBC",-0.9700076483069183,0.6667293013524014,,
"REACTOME_SENESCENCE_ASSOCIATED_SECRETORY_PHENOTYPE_SASP",75,-1.444270819399352,0.028457092365336636,0.06770150280180434,"ANAPC11;H4C5;EHMT2;ANAPC7;RPS27A;UBA52;H2AJ;FZR1;H2AC20;ANAPC2;UBE2C;CDK4;CDC26;H2AZ2;UBE2S;JUN;ANAPC5;CDKN2D;H2AX;EHMT1;UBB;ANAPC15;H3-3B",-1.2754245670344477,0.16302714614845235,,
"REACTOME_GABA_RECEPTOR_ACTIVATION",36,1.5702937054155965,0.028495090871576995,0.06770150280180434,"GNGT2;GNG2;KCNJ10;GNG7;GNB4;GNG11;ADCY5;KCNJ5;GNG12;ADCY7;ADCY4;GABRR2",1.894811895088728,0.006291156911934105,,
"REACTOME_PI_METABOLISM",79,1.453968885777315,0.02851574818472312,0.06770150280180434,"PIK3CG;PIK3CD;TNFAIP8L2;PIK3R5;PIP4K2A;PIK3R6;BMX;TNFAIP8;SYNJ1;INPP4A",1.462332539651978,0.0734491569291193,,
"REACTOME_PEROXISOMAL_LIPID_METABOLISM",27,-1.5353188020998396,0.029133288826135344,0.068913273447561,"DECR2;ACOT8;MLYCD;ACOX2;ACOX3;PECR;SLC27A2;AMACR;PHYH;ACBD4;NUDT7;ACAA1;SLC25A17;CRAT",-1.2533117819046862,0.2959853863366391,,
"REACTOME_APC_C_CDC20_MEDIATED_DEGRADATION_OF_CYCLIN_B",24,-1.5491866506073462,0.02915317282251659,0.068913273447561,"ANAPC11;ANAPC7;RPS27A;UBA52;ANAPC2;UBE2C;CDC20;CDC26;UBE2S;ANAPC5;UBB;ANAPC15;CCNB1;UBC",-1.6111959288084912,0.04911327030617012,,
"REACTOME_REGULATION_OF_RUNX2_EXPRESSION_AND_ACTIVITY",57,-1.5171631843431759,0.02959090184877816,0.06979593153461805,"PSMD3;SEM1;PSMB3;PSMC5;PSMA7;PSMC3;PSMB7;ESRRA;ADRM1;RPS27A;UBA52;PSMB5;PSMB6;PPARGC1A;PSMB4;CUL1;STUB1;PSMD7;PSMD13;SKP2;PSMB1;PSMD11;PSMB2;UBB;GSK3B;PSMD2;PSMC4;PSMD8;PSMD14;PSMC2;UBC",-1.1890677475747435,0.2856621144177198,,
"REACTOME_SIGNALING_BY_PDGFR_IN_DISEASE",19,1.5482743330131943,0.02987788964905116,0.07031997889201846,"BIN2;STAT1;PDGFRA;KDR;STAT3;SOS1;PIK3CA;PIK3R1;ETV6;WDR48;KRAS;NRAS",1.4685184713316386,0.13643851464356224,,
"REACTOME_VASOPRESSIN_REGULATES_RENAL_WATER_HOMEOSTASIS_VIA_AQUAPORINS",33,1.5440700641814193,0.030040229973032222,0.07048769351595355,"GNGT2;GNG2;PRKAR2B;GNG7;GNB4;GNG11;PRKACB;AQP1;ADCY5;GNG12;ADCY7;ADCY4;PRKAR1A",1.7173851386664456,0.022218078350043975,,
"REACTOME_SIGNALING_BY_FGFR_IN_DISEASE",53,-1.5240167189999956,0.030079080274549762,0.07048769351595355,"POLR2H;POLR2J;POLR2L;POLR2I;HRAS;CUX1;FGFR4;POLR2F;PLCG1;BCR;CPSF6;POLR2E;GTF2F1;POLR2G;TRIM24;POLR2D",-1.4219394135623813,0.12278430984128251,,
"REACTOME_MTORC1_MEDIATED_SIGNALLING",24,-1.5434608101857485,0.03020057990414441,0.07061989050861354,"EIF4EBP1;MLST8;LAMTOR4;LAMTOR2;RPTOR;RPS6;EIF4G1;AKT1S1;LAMTOR5;YWHAB;RHEB;EIF4B;MTOR;EIF4E;RRAGA;LAMTOR3;LAMTOR1",-1.5529997519633347,0.0719512644673424,,
"REACTOME_DISEASES_ASSOCIATED_WITH_GLYCOSYLATION_PRECURSOR_BIOSYNTHESIS",16,-1.5345864195912722,0.030734724471817246,0.07171435710090691,"GALK1;DPM2;DPM3;DOLK;MPI;GALE",-1.6670659970056443,0.023401316671635093,,
"REACTOME_INTERLEUKIN_12_FAMILY_SIGNALING",49,1.4563020771864275,0.031573398439617185,0.07351317018666233,"STAT4;EBI3;LCP1;CA1;STAT1;MSN;IL12RB1;JAK2;IL6ST;IL12RB2;CRLF1;PDCD4;JAK1;STAT3;SOD2",1.4559126708540813,0.08053960290499493,,
"REACTOME_ADORA2B_MEDIATED_ANTI_INFLAMMATORY_CYTOKINES_PRODUCTION",35,1.500169261887965,0.031686160576901524,0.0735474282964211,"GNGT2;GNG2;PRKAR2B;GNG7;GNB4;GNG11;PRKACB;ADCY5;GNG12;ADCY7;ADCY4;IL6;PRKAR1A",1.8661624522256437,0.005631429296701041,,
"REACTOME_PLATELET_AGGREGATION_PLUG_FORMATION",30,1.4820345231742698,0.03177480191122868,0.0735474282964211,"APBB1IP;RASGRP2;RASGRP1;GP1BA;RAP1A;SOS1;ITGB3;RAP1B;SHC1;VWF;COL1A2",1.764335208576465,0.013407008585368134,,
"REACTOME_SUMOYLATION_OF_SUMOYLATION_PROTEINS",35,-1.5249609433861082,0.031791469005549765,0.0735474282964211,"SEC13;AAAS;NUP188;RAE1;NUP85;NUP214;NUP43;UBE2I;POM121C;NUP93;NUP62;PIAS4;NUP205;NUP88;RANBP2;NUP98;NUP37;NUP155;NUP160;NUP210;NUP107;SUMO2;TPR;POM121;SUMO1",-1.7339319631252068,0.015685259219046604,,
"REACTOME_SIGNALING_BY_RECEPTOR_TYROSINE_KINASES",473,1.253618410455429,0.03225806451612903,0.07446808510638298,"PRKCB;NCF1;NCKAP1L;JAK3;S100B;CYBB;IGF1;ESR1;PRDM1;CILP;GRAP2;STAT1;ADCYAP1;LCK;SGK1;ITPR1;LYL1;CD274;NCF2;VAV1;ATP6V0D2;FLRT2;FYN;MEF2C;JAK2;EGR2;VEGFC;FGF7;APOE;PGR;PTN;FGF2;PDGFRA;CXCL12;SH2B3;ID4;ITGAV;HGF;PRKACB;EGR3;MATK;AXL;FGF10;NCF4;FES;NRP2;KIT;BDNF;NRP1;SH3KBP1;TIAM1;LAMA2;ELMO1;LYN;KDR;FLT4;STAT3;CBL;IGF2;RAP1A;PIK3C3;FAM83B;FOSB;ADAM12;RALB;NCK1;ANOS1;MEF2A;PDGFD;PTPRS;SOCS1;PDE3B;LAMA4;KL;HIF1A;AKT3;CDH5;RANBP9;EPS15;COL4A4;COL6A3;SOS1;PDGFRB;STAM2;TAB2;PTPN6;CTSD;ITGB3;PDGFC;FLRT3;PIK3CA;FGFR1;RAB4B;PLAT;MAPK11;ABI1;RHOA;DUSP6;SPRED1;GAB2;FAM83A;ATP6V1A;COL9A1;FGF1;SH2D2A;RAP1B;FOSL1;NOS3;CDC42;NRG1;RICTOR;RRAD;THBS1;SHC1;PIK3R1;THBS4;MEF2D;TPH1;STAT5A;WASF2;REST;LTK;PDGFB;ATP6V1B2;COL5A1;COL1A2;SPARC;PAG1;PCSK5;EGFR;SPHK1;GRAP;FLT1;TIA1;USP8;COL5A2;ATP6V1C1;SOCS6;DNM3;ALKAL2;COL3A1;EGR1;LAMA3;CAV1",1.4202699514778927,0.007091877361446939,,
"REACTOME_MATERNAL_TO_ZYGOTIC_TRANSITION_MZT",72,-1.4265168159759887,0.03261830314276655,0.07513982783418621,"RPS2;HIRA;H4C5;DIS3L2;H2AJ;H2AC20;CNOT3;EIF4G1;POLR2D;H2AZ2;UHRF1;CNOT9;ELOC;EIF4A3;H2AX;H3-3B;UNG;METTL23;TEAD4;TP53;NPM2;EIF4B;H2BC26;EIF4A2;TNKS1BP1;PABPN1;EIF4E;H2BC15",-1.7803156331229095,0.0034670058688002973,,
"REACTOME_AMINO_ACIDS_REGULATE_MTORC1",50,-1.4970183643013715,0.033386879618801844,0.07674738217457629,"MLST8;WDR24;SEC13;LAMTOR4;LAMTOR2;RPTOR;NPRL3;SH3BP4;NPRL2;KPTN;WDR59;ATP6V0B",-1.4984093932261158,0.0595564033129745,,
"REACTOME_RAS_PROCESSING",23,-1.5310402814841018,0.03348353580606008,0.07680684217669173,"HRAS;RPS27A;UBA52;ARL2;ABHD17A;ABHD17C;BCL2L1;FNTB;ZDHHC9;UBB;RCE1;UBC;ICMT;CALM1",-1.2148516809883314,0.33228696118214535,,
"REACTOME_POTASSIUM_CHANNELS",59,1.5116112558920831,0.03362659414898948,0.07696296582485251,"KCNA3;GNGT2;GNG2;KCNN3;KCNK13;KCNJ10;GNG7;GNB4;GNG11;KCND3;KCNAB3;KCNJ5;GNG12;ABCC9;KCNMA1",1.8159257414582635,0.00711726126750498,,
"REACTOME_FATTY_ACYL_COA_BIOSYNTHESIS",29,-1.466992968725184,0.033693464301202715,0.07696296582485251,"ACLY;HACD3;ACACA;MORC2;ACSF3;FASN;HSD17B8;TECR",-1.3989130933571927,0.13182102193835046,,
"REACTOME_INTEGRIN_SIGNALING",23,1.515949877881391,0.03432156658233047,0.07806897220509133,"APBB1IP;RASGRP2;RASGRP1;RAP1A;SOS1;ITGB3;RAP1B;SHC1;VWF",1.696346457115014,0.021771884320364594,,
"REACTOME_INWARDLY_RECTIFYING_K_CHANNELS",23,1.5262266014429309,0.03432156658233047,0.07806897220509133,"GNGT2;GNG2;KCNJ10;GNG7;GNB4;GNG11;KCNJ5;GNG12;ABCC9",1.7500469913675212,0.01356516227433503,,
"REACTOME_DAG1_GLYCOSYLATIONS",17,-1.5757683920363614,0.03468643714612214,0.07873385837561198,"POMT1;LARGE2;POMGNT2;POMGNT1;B4GAT1;DAG1;FKRP;B3GALNT2;SLC35A4;FKTN;POMT2",-1.5444243281123056,0.08757776435898677,,
"REACTOME_MTOR_SIGNALLING",40,-1.4985773708915042,0.035518429055643216,0.08045406163960937,"EIF4EBP1;MLST8;LAMTOR4;LAMTOR2;RPTOR;TSC2;RPS6;AKT2;EIF4G1;AKT1;AKT1S1;STK11;PRKAA2;LAMTOR5;YWHAB;RHEB;EIF4B;PRKAG1;MTOR;EIF4E;RRAGA;LAMTOR3;LAMTOR1;PRKAB1",-1.5234956492441252,0.051522941138492866,,
"REACTOME_CELLULAR_SENESCENCE",153,-1.268288330390932,0.037424716619571065,0.08459545319215542,"ANAPC11;E2F1;HIRA;H4C5;EHMT2;ANAPC7;CBX8;MAPK9;RPS27A;UBA52;H2AJ;FZR1;H2AC20;MAPKAPK5;ANAPC2;UBE2C;CDK4;CABIN1;CDC26;RAD50;H2AZ2;UBE2S;CBX4;ACD;JUN;RING1;HMGA1;LMNB1;MAPKAPK3;CCNE1;ANAPC5;CDKN2D;RBBP7;H2AX;EHMT1;MINK1;UBB;ANAPC15;ERF;TXN;H3-3B;EP400;CBX2;TP53;EED;CCNA2;TFDP1;UBC;MAP2K3;EZH2;CDK2;H2BC26;H1-0;ID1;CDC16;NFKB1;MAPK3",-1.27283351814361,0.07555876716709468,,
"REACTOME_CYTOPROTECTION_BY_HMOX1",55,-1.4501543816498381,0.03786416107928772,0.08538177950857523,"COX4I1;COX7B;HMOX2;COX6B1;BLVRB;STAP2;COX6A1;COX8A;CARM1;COX5A;COX5B;COX7C;NCOR2;COX6C;NCOA6;MT-CO2;PTK6;COX7A2;MED1;RXRA;HM13",-1.331646798529939,0.16085095343105463,,
"REACTOME_FLT3_SIGNALING",36,1.536979343190198,0.03792997025173572,0.08538177950857523,"SLA2;SLA;GRAP2;LCK;HCK;FYN;SH2B3;BCL2L11;CBL;AKT3;SOS1;PIK3CA;FOXO3;GAB2;PIK3R1;STAT5A",1.559608837742298,0.0738235739616045,,
"REACTOME_TRANSLATION_OF_SARS_COV_2_STRUCTURAL_PROTEINS",60,-1.4369962457616676,0.0381739459657231,0.08575306702445044,"PRMT1;OST4;RPN2;RPS27A;UBA52;RPN1;PRKCSH;MOGS;DDOST;MAN1B1;PARP16;TMEM258;MGAT4B;EDEM2;UBE2I;ZDHHC11;STT3A;ZDHHC8;ZDHHC9;MGAT5;UBB;GSK3B;PARP6;GANAB;ZDHHC5;GSK3A;UBC",-1.0295436931318733,0.5417565256190972,,
"REACTOME_RECOGNITION_OF_DNA_DAMAGE_BY_PCNA_CONTAINING_REPLICATION_COMPLEX",30,-1.5163614719978271,0.03835372565496325,0.08597890978437009,"POLD2;POLD1;RPS27A;UBA52;POLE;RFC2;POLE4;RFC4;UBB;RFC3;RAD18;RPA3;UBC;RFC5",-1.4539504093458573,0.1016787886666092,,
"REACTOME_THROMBOXANE_SIGNALLING_THROUGH_TP_RECEPTOR",19,1.5189400112381846,0.03851413398426345,0.08616048530500174,"GNGT2;GNG2;GNG7;GNB4;GNG11;GNG12;GNA13",1.613769042313244,0.0580673600669824,,
"REACTOME_RESOLUTION_OF_D_LOOP_STRUCTURES",35,-1.4952618755700922,0.03864464516436459,0.0862745679080979,"SEM1;XRCC3;EME2;EME1;RAD51D;RAD50;RTEL1;XRCC2;MUS81;EXO1;BRCA1;RAD51;RAD51C;RAD51B;FIRRM;BARD1;BRCA2;WRN;TOP3A;FIGNL1;BRIP1;SLX4;MRE11",-1.981863410057342,0.0014878512306520067,,
"REACTOME_NONHOMOLOGOUS_END_JOINING_NHEJ",48,-1.455392185537443,0.03890873157778849,0.08663966493486239,"H4C5;BABAM1;PAXIP1;HERC2;RNF8;POLL;NSD2;RAD50;POLM;XRCC6;TP53BP1;H2AX;BRCA1;BRCC3;RNF168;PIAS4;BABAM2;UIMC1;H2BC26;BARD1",-1.7810437104334234,0.007258241657279418,,
"REACTOME_SIGNALING_BY_TYPE_1_INSULIN_LIKE_GROWTH_FACTOR_1_RECEPTOR_IGF1R",39,1.4837635891495475,0.03896788616425147,0.08663966493486239,"IGF1;CILP;FGF7;FGF2;FGF10;IGF2;PIK3C3;PDE3B;KL;SOS1;PIK3CA;FGFR1;GAB2;FGF1;SHC1;PIK3R1",1.6178941149910968,0.033267990820790606,,
"REACTOME_SUMOYLATION_OF_DNA_DAMAGE_RESPONSE_AND_REPAIR_PROTEINS",77,-1.3770098876435746,0.040077883420372634,0.08892536505338305,"NSMCE1;SEC13;AAAS;CBX8;PCGF2;HERC2;NUP188;RAE1;NUP85;NUP214;SMC1A;CBX4;NUP43;UBE2I;RING1;SUMO3;POM121C;NUP93;BRCA1;NUP62;RNF168;PIAS4;NUP205;NUP88;CBX2",-1.5036814259530127,0.026134895786358685,,
"REACTOME_ABC_FAMILY_PROTEINS_MEDIATED_TRANSPORT",85,-1.32781858065484,0.04152205653603353,0.09194169661550282,"PSMD3;SEM1;ABCB6;PSMB3;KCNJ11;PSMC5;PSMA7;EIF2S2;PSMC3;PSMB7;ADRM1;RPS27A;UBA52;PSMB5;ABCB9;ABCB8;VCP;ABCA2;ABCC10;PSMB6",-1.1901805406797452,0.22899957788096242,,
"REACTOME_MITOCHONDRIAL_CALCIUM_ION_TRANSPORT",22,-1.5205861941234249,0.04163042283361256,0.09199390789097683,"PHB1;PMPCA;AKAP1;STOML2;PARL;LETM1;SPG7;VDAC1;VDAC2;PHB2;AFG3L2;PMPCB;VDAC3",-1.513425332919934,0.11280801222242344,,
"REACTOME_TELOMERE_C_STRAND_LAGGING_STRAND_SYNTHESIS",33,-1.4496560652766468,0.04193067746291548,0.09246907529931564,"POLD2;POLD1;CHTF18;RFC2;FEN1;POLA2;LIG1;ACD;RFC4;RFC3;RPA3;RFC5",-1.5793809977644835,0.042006711347829136,,
"REACTOME_DEVELOPMENTAL_CELL_LINEAGES",106,1.3988712323830286,0.042071197411003236,0.0925907691499767,"ESR1;CD74;CXCR4;TFPI2;CA2;HHEX;GATA3;FGF7;PGR;FGF2;ALDH1A3;AQP8;VIM;FGF10;KIT;AQP1;SOX17;LAMA2;ANXA1;HOPX;MME;SLC4A4;KLK7;MYH11;KRT7",1.6573980890487614,0.010403914407166724,,
"REACTOME_SULFUR_AMINO_ACID_METABOLISM",24,-1.4892606891400753,0.042318513458791195,0.09294653259673774,"AHCY;SLC25A10;TXN2;ENOPH1;GOT2;ADI1;MPST;SUOX;GOT1;MAT1A;ADO",-1.499396825847164,0.0875697614601906,,
"REACTOME_BUTYRATE_RESPONSE_FACTOR_1_BRF1_BINDS_AND_DESTABILIZES_MRNA",17,-1.5407985484831455,0.04327522578943176,0.09466455641438197,"EXOSC7;EXOSC2;EXOSC5;EXOSC3;EXOSC4;AKT1;EXOSC1",-1.438646197264059,0.16305084870010153,,
"REACTOME_TRANSLESION_SYNTHESIS_BY_POLK",17,-1.539494456512047,0.04327522578943176,0.09466455641438197,"RPS27A;UBA52;RFC2;RFC4;MAD2L2;UBB;RFC3;RPA3;UBC;RFC5",-1.3741077029358508,0.21651321855689967,,
"REACTOME_LATE_SARS_COV_2_INFECTION_EVENTS",71,-1.3864288243936809,0.0441953754994423,0.09628912131906606,"PRMT1;OST4;RPN2;RPS27A;UBA52;ANO9;RPN1;PRKCSH;MOGS;DDOST;MAN1B1;PARP16;TMEM258;MGAT4B;EDEM2;UBE2I;ZDHHC11;STT3A;ZDHHC8;ZDHHC9;MGAT5;UBB;GSK3B;PARP6;ANO8;ANO10;GANAB;ZDHHC5;GSK3A;UBC",-1.0507142620477297,0.48192523748203714,,
"REACTOME_PROTEIN_UBIQUITINATION",71,-1.3828714736432413,0.0441953754994423,0.09628912131906606,"TMEM129;PEX14;UBA1;RPS27A;UBA52;PEX10;CDC34;RNF40;PAF1;UBE2C;VCP;USP5;UBE2S;UBE2T;UBE2R2;PEX5;RNF181;UBE2J2;USP7;UBB;UBE2G2;UBE2K;RAD18;UBC;SKIC8;LEO1;SELENOS;UBE2L3;OTULIN;RRAGA;PRKDC;UBE2H;H2BC15;PCNA",-1.5042437356930705,0.04050333902919142,,
"REACTOME_POLO_LIKE_KINASE_MEDIATED_EVENTS",16,-1.4931298843026277,0.04468559657808976,0.09716206871187853,"PKMYT1;MYBL2;CDC25A;PLK1;CCNB2;CCNB1;CENPF;CDC25C",-1.588375621017226,0.03924309462264554,,
"REACTOME_G1_S_SPECIFIC_TRANSCRIPTION",28,-1.5042208771664107,0.04548778229085312,0.09870848757115126,"E2F1;CDC6;CDT1;CDC25A;TK1;CDC45;E2F4;CCNE1;HDAC1;RBL1;RRM2;E2F6;ORC1;TFDP1;DHFR",-1.7280129046587194,0.014967259180988278,,
"REACTOME_MEIOTIC_RECOMBINATION",47,-1.4968166246541759,0.045940368214273324,0.09949161579338635,"H4C5;H2AJ;H2AC20;PSMC3IP;CDK4;RAD50;H2AZ2;MLH3;H2AX;BRCA1;RAD51;MSH5;H3-3B;RAD51C;RPA3;FIRRM;CDK2;H2BC26;BRCA2;TOP3A;H2BC15",-1.9789105280718027,0.0024630972475466134,,
"REACTOME_DEATH_RECEPTOR_SIGNALING",149,1.3578688782651323,0.04713392697057568,0.10187312901010878,"ARHGEF6;FGD2;FASLG;CYLD;TRAF1;VAV1;PREX1;TNFSF10;USP2;CLIP3;TNF;TNFAIP3;NGFR;FGD3;FAS;PLEKHG2;OPTN;CFLAR;ARHGEF3;BIRC3;CASP10;BCL2L11;ARHGEF15;MYD88;SPPL2A;TIAM1;CASP8;UBE2D1;OTUD1;GNA13;BIRC2;SOS1;TAB2",1.4262520900734754,0.0631383036934171,,
"REACTOME_PINK1_PRKN_MEDIATED_MITOPHAGY",31,-1.475457598198975,0.047433488297070836,0.10231676899069951,"TOMM40;MAP1LC3A;RPS27A;UBA52;TOMM7;TOMM22;TOMM5;VDAC1;MFN2;TOMM20;VDAC2;UBB;ATG9A;UBC;UBE2V1;VDAC3;SQSTM1;UBE2L3",-1.5679098792570405,0.060536218855051414,,
"REACTOME_NUCLEAR_RNA_DECAY",35,-1.4483514642005777,0.04839932855651346,0.10419299897582758,"EXOSC7;EXOSC2;SRRT;EXOSC5;EXOSC3;EXOSC4;ZC3H18;EXOSC1;DXO;NCBP1;TENT4A;NCBP2;ZC3H3;EXOSC8;PABPN1;EXOSC6;EXOSC9",-1.5999039616885575,0.04957134667185721,,
"REACTOME_ASSEMBLY_OF_COLLAGEN_FIBRILS_AND_OTHER_MULTIMERIC_STRUCTURES",56,1.454230714290715,0.0488920377549439,0.10504526923586957,"TLL1;COL14A1;CTSS;MMP7;CTSL;LOXL4;CTSB;COL8A2;COL4A4;COL6A3;COL18A1;LOXL1;COL10A1;COL8A1;LOX;LOXL3;COL9A1;PCOLCE;COL17A1;COL5A1;COL1A2;COL5A2;COL15A1;COL3A1;LAMA3;DST;COL4A5;COL4A6;COL24A1;COL12A1;MMP3",1.7724623367616044,0.007592661594765427,,
"REACTOME_TRISTETRAPROLIN_TTP_ZFP36_BINDS_AND_DESTABILIZES_MRNA",17,-1.5322187212335447,0.049800796812749,0.10678629356093411,"EXOSC7;EXOSC2;EXOSC5;EXOSC3;EXOSC4",-1.4546315415041042,0.1447670384800128,,
"REACTOME_ACTIVATION_OF_KAINATE_RECEPTORS_UPON_GLUTAMATE_BINDING",22,1.5187331586178177,0.05,0.1068463485548166,"GNGT2;GNG2;PLCB2;GNG7;GNB4;GNG11",1.6015054882987878,0.08275605551173518,,
"REACTOME_REGULATION_OF_PTEN_GENE_TRANSCRIPTION",60,-1.4018686138875354,0.050025755821056984,0.1068463485548166,"MLST8;LAMTOR4;LAMTOR2;CBX8;CHD4;RPTOR;MTA1;MBD3;CBX4;MTA2;GATAD2A;JUN;RING1;RBBP7;HDAC1;HDAC5;MAF1;LAMTOR5;CBX2;TP53;EED;RHEB;EZH2;KDM1A;MAPK3;HDAC3;MTOR;RRAGA;SCMH1;MTA3;LAMTOR3;LAMTOR1",-1.2600953708827418,0.20165267988619956,,
"REACTOME_TRANSCRIPTIONAL_REGULATION_BY_E2F6",34,-1.4226476892307127,0.051284750095144604,0.10932014509475814,"E2F1;EHMT2;PCGF2;L3MBTL2;RING1;RBBP7;BRCA1;RAD51;EHMT1;CHEK1;RRM2;E2F6;UXT;EED;TFDP1;EZH2;CBX3;CDC7",-1.5524046758368841,0.08960105049616038,,
"REACTOME_REGULATION_OF_EXPRESSION_AND_FUNCTION_OF_TYPE_II_CLASSICAL_CADHERINS",27,1.5100459888200923,0.051571804430150914,0.10971648589551714,"BHLHE22;ZEB2;ADAM19;FOXF1;ADAM33;PRDM8;HEYL;CDH11;AGO4",1.417140901453556,0.15211329020785241,,
"REACTOME_CROSSLINKING_OF_COLLAGEN_FIBRILS",17,1.514588354673232,0.052,0.11041095890410958,"TLL1;LOXL4;COL4A4;LOXL1;LOX;LOXL3;PCOLCE;COL1A2;COL4A5;COL4A6;COL1A1;COL4A2",1.8161045813125694,0.009330109465323309,,
"REACTOME_DEVELOPMENTAL_LINEAGES_OF_THE_MAMMARY_GLAND",31,1.460506326825156,0.05263157894736842,0.11153371710526315,"ESR1;GATA3;PGR;ALDH1A3;VIM;FGF10;KIT;MME;MYH11",1.5227063771337916,0.0729937157532056,,
"REACTOME_FGFR2_MUTANT_RECEPTOR_ACTIVATION",23,-1.507197305848841,0.05360824742268041,0.1133819657965073,"POLR2H;POLR2J;POLR2L;POLR2I;POLR2F;POLR2E;GTF2F1;POLR2G;POLR2D",-1.490572053511951,0.1253176253176253,,
"REACTOME_SIGNALING_BY_VEGF",102,1.32626650557569,0.054187192118226604,0.11422388583460054,"PRKCB;NCF1;NCKAP1L;CYBB;ITPR1;NCF2;VAV1;FYN;VEGFC;ITGAV;PRKACB;AXL;NCF4;NRP2;NRP1;ELMO1;KDR;FLT4;NCK1;AKT3;CDH5;ITGB3;PIK3CA;MAPK11;ABI1;RHOA;SH2D2A;NOS3;CDC42;RICTOR;PIK3R1;WASF2;SPHK1;FLT1",1.501069632895996,0.034618221230937926,,
"REACTOME_PROCESSIVE_SYNTHESIS_ON_THE_LAGGING_STRAND",15,-1.488148378515998,0.05421686746987952,0.11422388583460054,"POLD2;POLD1;FEN1;POLA2;LIG1",-1.451622165850235,0.13208428890075713,,
"REACTOME_INTRACELLULAR_SIGNALING_BY_SECOND_MESSENGERS",277,1.2509039608876062,0.05454545454545454,0.11469344608879493,"CD19;CD28;PIK3CG;TRAT1;ICOS;PIK3CD;PIK3R5;ESR1;IL1RL1;CD80;CAMK4;PIP4K2A;PIK3R6;CD86;LCK;SGK1;PRKAR2B;ITPR1;PDE1B;VAV1;FYN;RAC2;PIK3AP1;FGF7;PDE1A;FGF2;PDGFRA;ESR2;PREX2;HGF;PRKACB;FGF10;SNAI2;KIT;MYD88;BDNF;ADCY5",1.342632058513062,0.051492230646161555,,
"REACTOME_EPH_EPHRIN_MEDIATED_REPULSION_OF_CELLS",48,-1.4172754781175194,0.0547740016915319,0.11495124146095186,"AP2S1;EPHB2;ACTG1;EPHB4;AP2A2;EPHB3;SRC;EFNA1;CLTCL1;CLTA;EFNA4;AP2M1;EFNB1;ACTB;VAV2;CLTC;AP2A1",-1.063570343729154,0.46457405790000633,,
"REACTOME_REGULATION_OF_BETA_CELL_DEVELOPMENT",26,-1.4841385529579627,0.05550743235200407,0.11616236660556468,"KAT2A;HNF1A;HES1;NOTCH1;FOXA2;PKLR;AKT2;HNF1B;HNF4A;AKT1",-1.2533721720868465,0.2958152958152958,,
"REACTOME_NOTCH3_INTRACELLULAR_DOMAIN_REGULATES_TRANSCRIPTION",22,1.4906241746689288,0.05576923076923077,0.11616236660556468,"IKZF1;STAT1;KAT2B;HEY1;HEY2;HEYL;MAML2;PLXND1;MAMLD1;PBX1",1.3535011846641913,0.2116123495797008,,
"REACTOME_GROWTH_HORMONE_RECEPTOR_SIGNALING",20,1.4961214069973865,0.055876685934489405,0.11616236660556468,"STAT1;JAK2;SOCS3;LYN;STAT3;SOCS1;PTPN6",1.7159389432149412,0.019276751896460505,,
"REACTOME_TRANSCRIPTIONAL_REGULATION_OF_PLURIPOTENT_STEM_CELLS",20,1.4935459479100721,0.055876685934489405,0.11616236660556468,"EOMES;HHEX;FGF2;EPAS1;SALL1;STAT3",1.5501849389707048,0.09596413166238042,,
"REACTOME_REGULATION_OF_TP53_ACTIVITY_THROUGH_ACETYLATION",30,-1.452636404917103,0.05588641047751591,0.11616236660556468,"CHD4;ING5;PIN1;BRD1;MBD3;AKT2;BRPF1;PIP4K2B;AKT1;MTA2;GATAD2A;RBBP7;HDAC1;PIP4P1;ING2;TP53",-1.2682894683783954,0.23621190130624092,,
"REACTOME_DNA_METHYLATION",28,-1.4690847056990954,0.05623272687845508,0.11665871637308559,"H4C5;H2AJ;H2AC20;H2AZ2;UHRF1;H2AX;DNMT1;H3-3B;DNMT3B",-1.606361313131689,0.03909561178115237,,
"REACTOME_SUMOYLATION_OF_TRANSCRIPTION_COFACTORS",44,-1.380770031880701,0.05668934240362812,0.11738155822125287,"CTBP1;TRIM28;SAFB;CBX8;PCGF2;DAXX;PARK7;NCOR2;CBX4;PPARGC1A;UBE2I;RING1;SUMO3",-1.5562422863760301,0.07443080682024755,,
"REACTOME_DEVELOPMENTAL_CELL_LINEAGES_OF_THE_EXOCRINE_PANCREAS",61,1.3583890452099712,0.05679862306368331,0.11738382099827885,"CD74;CXCR4;TFPI2;CA2;HHEX;FGF7;FGF2;AQP8;FGF10;AQP1;SOX17;LAMA2;ANXA1;SLC4A4;KRT7;LAMA4;KRT17",1.6481990725488442,0.027622981643250024,,
"REACTOME_ACTIVATION_OF_MATRIX_METALLOPROTEINASES",22,1.4779103575919794,0.057692307692307696,0.11900409476455104,"TPSAB1;MMP25;CTSK;MMP2;TIMP2;MMP7",1.510029154780965,0.1041159984249415,,
"REACTOME_N_GLYCAN_TRIMMING_IN_THE_ER_AND_CALNEXIN_CALRETICULIN_CYCLE",35,-1.4243298313652937,0.058154052988846336,0.11972893262409538,"RPS27A;UBA52;PRKCSH;MOGS;VCP;ENGASE;RAD23B;MAN1B1;EDEM2;CALR;UBXN1;PDIA3;OS9;UBB;AMFR;GANAB;SYVN1;UBC;UGGT1;RNF5",-1.284603515975295,0.2194440038071066,,
"REACTOME_METABOLISM_OF_WATER_SOLUBLE_VITAMINS_AND_COFACTORS",117,-1.2969352810515427,0.05855569635119877,0.12032751996411109,"MMAB;SLC19A1;COASY;SHMT2;DCAKD;PNPO;CD320;SLC5A6;ACACA;NAXE;SLC52A2;FASN;SHMT1;PCCA;FLAD1;NFS1;MMACHC;NUDT8;QPRT;PCCB;FPGS;SLC25A19;MOCS3;PARP16;GPHN;MTHFD2;MTHFD1;MTHFD1L;NMNAT3;PC;MCCC2;PPCDC;PANK4;NADSYN1;PDXK;SLC23A1;PRSS3",-1.1248619111464673,0.31965204986665013,,
"REACTOME_TERMINATION_OF_TRANSLESION_DNA_SYNTHESIS",32,-1.4110258184850621,0.05869074492099323,0.12037704771129991,"POLD2;POLD1;RPS27A;USP10;UBA52;POLE;RFC2;POLE4;USP43;RFC4;UBB;RFC3;RPA3;UBC;RFC5",-1.4654049122665695,0.10093674891441794,,
"REACTOME_DNA_DAMAGE_BYPASS",48,-1.3761115100623469,0.05922551252847381,0.12124468130829072,"POLD2;POLD1;RPS27A;USP10;UBA52;POLE;RFC2;VCP;POLE4;NPLOC4;USP43;RFC4;MAD2L2;UBB;RFC3;RAD18;RPA3;UBC;RFC5",-1.3424672896745797,0.13657151648228696,,
"REACTOME_MATURATION_OF_SARS_COV_2_SPIKE_PROTEIN",40,-1.4079159310991598,0.059520121276559125,0.12161832690219707,"OST4;RPN2;RPN1;PRKCSH;MOGS;DDOST;MAN1B1;TMEM258;MGAT4B;EDEM2;ZDHHC11;STT3A;ZDHHC8;ZDHHC9;MGAT5",-1.0905257452079171,0.43968563988095244,,
"REACTOME_ENDOSOMAL_SORTING_COMPLEX_REQUIRED_FOR_TRANSPORT_ESCRT",31,-1.4328112874099663,0.05993511363657398,0.12223608702196008,"SNF8;VPS25;RPS27A;UBA52;VPS4A;CHMP4B;HGS;CHMP2A;VPS28;VPS37D;VPS37C;UBB",-1.5235986686314116,0.08296445378013632,,
"REACTOME_INTRAFLAGELLAR_TRANSPORT",48,-1.408319653107672,0.06006244584399929,0.12226595448543945,"TUBA4A;TUBB4B;DYNLL2;DYNC2I2;IFT43;IFT20;TUBA1B;IFT140;DYNLL1;KIF3B;IFT122;DYNC2I1;IFT22;DYNLRB1;TUBB2B;TUBA1C;IFT52;IFT27;IFT172;IFT46;TUBB2A;IFT56",-1.260030094831181,0.2116123495797008,,
"REACTOME_REGULATION_OF_ENDOGENOUS_RETROELEMENTS_BY_THE_HUMAN_SILENCING_HUB_HUSH_COMPLEX",35,-1.4146951957262794,0.06040514697129854,0.12273330423943617,"H4C5;EHMT2;MORC2;H2AJ;H2AC20",-1.4467996192943915,0.12583476022343146,,
"REACTOME_POLYMERASE_SWITCHING_ON_THE_C_STRAND_OF_THE_TELOMERE",25,-1.454652911751862,0.061601642710472276,0.12493043428198583,"POLD2;POLD1;CHTF18;RFC2;POLA2;ACD;RFC4;RFC3",-1.2933702299318155,0.2393327359205901,,
"REACTOME_SCAVENGING_BY_CLASS_A_RECEPTORS",16,1.5340005582898664,0.06187624750499002,0.12525322489349658,"SCARA5;APOE;MSR1;COLEC12;MASP1;COL1A2;MARCO;COL3A1",1.810718148620586,0.015585516190305179,,
"REACTOME_SYNTHESIS_OF_PIPS_AT_THE_EARLY_ENDOSOME_MEMBRANE",16,1.5099804890600534,0.06387225548902195,0.1290528812022138,"INPP4A;PIK3C3;PIKFYVE;INPP4B;MTM1;MTMR12;INPP5F;PI4K2A;MTMR2;FIG4",1.3176767158657632,0.24447269449884285,,
"REACTOME_SIGNALING_BY_NOTCH2",31,-1.3811131561096577,0.06430155210643015,0.12967878073508685,"HES1;RPS27A;UBA52;JAG2;DLL4;MIB2",-1.0821642145865025,0.478571894501098,,
"REACTOME_PEPTIDE_HORMONE_METABOLISM",57,1.3530137195305363,0.06506849315068493,0.13098203166696318,"CPA3;IGF1;PLA2G7;GZMH;GHRL;MYO5A;RAB27A;VAMP2;KIF5A;MME;INHBA;CTSD;ERO1B",1.5710418417809855,0.05069995423827841,,
"REACTOME_GPER1_SIGNALING",37,1.4193286106141398,0.06548672566371681,0.1311398503917533,"GNGT2;GNG2;PRKAR2B;GNG7;GNB4;GNG11;PRKACB;ADCY5;GNG12;ADCY7;ADCY4;PRKAR1A;SHC1;ADCY2",1.7270902144658336,0.02746676859295598,,
"REACTOME_RET_SIGNALING",37,1.416730542866219,0.06548672566371681,0.1311398503917533,"PIK3CD;DOK2;GFRA2;GFRA1;DOK5;PRKACB;DOK6;SOS1;GFRA3;PIK3CA;GAB2;GDNF;SHC1;PIK3R1",1.4378628400050149,0.12686349020754165,,
"REACTOME_NEGATIVE_REGULATION_OF_MAPK_PATHWAY",43,-1.4459811617099958,0.06550949208509704,0.1311398503917533,"PEBP1;HRAS;PPP2R1A;RPS27A;UBA52;PPP5C;MAP2K2;DUSP8;BRAP;PTPN3",-1.5012955270695993,0.08081457913101749,,
"REACTOME_CASPASE_ACTIVATION_VIA_EXTRINSIC_APOPTOTIC_SIGNALLING_PATHWAY",24,1.4511158251770404,0.0673076923076923,0.13449142938093214,"FASLG;LY96;TNFSF10;FAS;CD14;CFLAR;CASP8;DAPK1;RIPK1;TLR4",1.59439278155613,0.0495225947685348,,
"REACTOME_ADP_SIGNALLING_THROUGH_P2Y_PURINOCEPTOR_1",20,1.4526166392024944,0.0674373795761079,0.13450286183837698,"GNGT2;GNG2;GNG7;GNB4;GNG11;GNG12;P2RY1",1.626809867246296,0.03857200670493482,,
"REACTOME_TRANSCRIPTIONAL_ACTIVATION_OF_MITOCHONDRIAL_BIOGENESIS",53,-1.4126611324679854,0.06780538549929437,0.13498870324171447,"NR1D1;NRF1;POLRMT;ESRRA;ACSS2;IDH2;TWNK;CARM1;ATP5F1B;SSBP1;NCOA6;SIRT3;PPARGC1A;TFB1M;PPRC1;CRTC1;HCFC1;MED1;RXRA",-1.4454359989900452,0.1096485039583488,,
"REACTOME_TOLL_LIKE_RECEPTOR_9_TLR9_CASCADE",106,1.3164153496449158,0.06796116504854369,0.13505103310928554,"TASL;TLR7;S100B;LY96;MEF2C;MAP3K8;SAA1;MAPK10;CD14;N4BP1;MAP3K1;MYD88;CASP8;USP18;NLRC5;PIK3C3;MEF2A;IKBIP;TAB2;PELI2;AGER;MAPK11;MAP2K4;NFKBIA;DUSP6;NOD1;IRF5;SLC15A4;TLR4",1.459874537701165,0.06251692310023586,,
"REACTOME_VOLTAGE_GATED_POTASSIUM_CHANNELS",19,1.4589493523612185,0.0690978886756238,0.1370588833876633,"KCNA3;KCND3;KCNAB3;KCNB1;KCNG1;KCNH3;KCND1;KCNS3;KCNC3;KCNAB2;KCNQ3",1.671293992867127,0.042006711347829136,,
"REACTOME_GLYCOGEN_METABOLISM",25,-1.4162497308534343,0.06981519507186858,0.1382289902426595,"PHKA2;PHKG2;RPS27A;UBA52;GYG2;GYS1;AKR1E2;PYGB;PHKA1;UBB;UBC;CALM1;NHLRC1;PGM1",-1.1691767446635057,0.34975590856257266,,
"REACTOME_NUCLEAR_ENVELOPE_BREAKDOWN",53,-1.3436285945944888,0.07009345794392523,0.1385271436596701,"NEK6;SEC13;AAAS;NUP188;LPIN3;RAE1;NUP85;LEMD2;EMD;NUP214;PLK1;NUP43;CCNB2;LMNB1;POM121C;NUP93;BANF1;NUP62;LMNA;NUP205;CCNB1;NUP88",-1.3868926567872923,0.13848029378084384,,
"REACTOME_RHO_GTPASES_ACTIVATE_WASPS_AND_WAVES",36,1.3951032677602058,0.07092198581560284,0.1397459165154265,"BTK;WAS;NCKAP1L;WIPF1",1.5079415826662081,0.10061985141620668,,
"REACTOME_RESOLUTION_OF_D_LOOP_STRUCTURES_THROUGH_SYNTHESIS_DEPENDENT_STRAND_ANNEALING_SDSA",27,-1.3930658444392923,0.07096774193548387,0.1397459165154265,"SEM1;XRCC3;RAD51D;RAD50;RTEL1;XRCC2;EXO1;BRCA1;RAD51;RAD51C;RAD51B;BARD1;BRCA2;WRN;TOP3A",-1.967652407386287,0.0018001362248392463,,
"REACTOME_ASSEMBLY_OF_THE_HIV_VIRION",16,-1.4564806472373641,0.0718562874251497,0.14123926060921635,"RPS27A;UBA52;VPS28;VPS37D;VPS37C;UBB;UBC;MVB12B;PPIA;VPS37B;FURIN;TSG101;MVB12A",-1.187703405960348,0.34975590856257266,,
"REACTOME_DNA_DAMAGE_TELOMERE_STRESS_INDUCED_SENESCENCE",48,-1.3880911535316616,0.0721503392351409,0.14133387919163348,"HIRA;H4C5;H2AJ;H2AC20;CABIN1;RAD50;H2AZ2;ACD;HMGA1;LMNB1;CCNE1;H2AX;EP400;TP53;CCNA2;CDK2;H2BC26;H1-0",-1.5884236126515445,0.02964116720597047,,
"REACTOME_SEALING_OF_THE_NUCLEAR_ENVELOPE_NE_BY_ESCRT_III",23,-1.4447846882741482,0.07216494845360824,0.14133387919163348,"TUBA4A;TUBB4B;VPS4A;CHMP4B;LEMD2;CHMP2A;TUBA1B",-1.4375774348303996,0.13208428890075713,,
"REACTOME_RHOA_GTPASE_CYCLE",146,1.2594621872003555,0.07379518072289157,0.14426625420601324,"TAGAP;ARHGAP30;ARHGAP9;DOCK2;ARHGDIB;FMNL3;VAV1;ARHGAP20;PREX1;ARHGAP31;STARD8;PREX2;STOM;DLC1;ARHGAP28;ARHGEF3;ARHGEF15;ARHGEF25;TIAM1;STK10;VAMP3;ARHGAP24;ARHGAP19",1.300255249426422,0.12376826367652055,,
"REACTOME_REGULATION_OF_SIGNALING_BY_CBL",21,1.4582647044127768,0.07442748091603053,0.14524067768685814,"PIK3CD;HCK;VAV1;FYN;LYN;CBL;BLNK;PIK3CA",1.5072006458485019,0.12176524953789278,,
"REACTOME_EPHRIN_SIGNALING",18,-1.4370770550657297,0.07468879668049792,0.14531616414934526,"GIT1;EPHB2;EPHB4;NCK2;EPHB3;SRC",-1.3153813826266172,0.2408693396391138,,
"REACTOME_DEUBIQUITINATION",237,-1.1941465815517673,0.07473402727680613,0.14531616414934526,"PSMD3;SEM1;PSMB3;PSMC5;KAT2A;FOXK2;TRAF2;PSMA7;MCRS1;RUVBL1;PSMC3;BABAM1;TAB1;PSMB7;PTRH2;KEAP1;ADRM1;RPS27A;USP10;AXIN1;UBA52;PSMB5;INO80E;CDC25A;H2AC20;TNIP2;SIAH2;RAD23A;BAP1;ACTR5;VCP;HGS;FKBP8;CDC20;TRRAP;NFRKB;USP5;PSMB6;RNF123;YY1;RAD23B;OTUD5;NEDD8;TFPT;OTUB1;VDAC1;STAMBP;INO80;TOMM20;PSMB4;BECN1;PSMD7;ACTB;HCFC1;ASXL1;PSMD13;VDAC2;SKP2",-1.0992838820523334,0.2810505741893451,,
"REACTOME_IRE1ALPHA_ACTIVATES_CHAPERONES",47,-1.4077123955356747,0.07581975392031098,0.14672075726842462,"PREB;ARFGAP1;SRPRB;MYDGF;YIF1A;KLHDC3;ZBTB17;WFS1;HSPA5;TATDN2;DDX11;SRPRA;GFPT1;CXXC1;LMNA;EXTL3;CUL7;HDGF;GSK3A;SYVN1;PDIA6;DCTN1;TSPYL2;HYOU1;ATP6V0D1;ACADVL;SERP1;GOSR2;SSR1",-1.033370455625333,0.5110176619007569,,
"REACTOME_ABC_TRANSPORTERS_IN_LIPID_HOMEOSTASIS",16,1.4734843443125416,0.07584830339321358,0.14672075726842462,"ABCD2;ABCA6;ABCA9;ABCA10;ABCA5;ABCA12;ABCG1;ABCG8;PEX3;PEX19",1.6198183036124394,0.04690235546634509,,
"REACTOME_NRAGE_SIGNALS_DEATH_THROUGH_JNK",56,1.3544227043671175,0.07586206896551724,0.14672075726842462,"ARHGEF6;FGD2;VAV1;PREX1;NGFR;FGD3;PLEKHG2;ARHGEF3;BCL2L11;ARHGEF15;TIAM1;GNA13;SOS1",1.3675058969699125,0.14474819830489552,,
"REACTOME_CO_INHIBITION_BY_CTLA4",21,1.4442233620974494,0.07633587786259542,0.14737442612262638,"CD80;CD86;CTLA4;LCK;FYN;LYN;AKT3",1.5721679901817331,0.07030569371357497,,
"REACTOME_CROSS_PRESENTATION_OF_SOLUBLE_EXOGENOUS_ANTIGENS_ENDOSOMES",41,-1.3494369335626717,0.07709750566893424,0.14858045053426935,"PSMD3;SEM1;PSMB3;PSMC5;PSMA7;PSMC3;PSMB7;ADRM1;PSMB5;PSMB6;PSMB4;PSMD7;PSMD13;PSMB1;PSMD11;PSMB2;PSMD2;PSMC4;PSMD8;PSMD14;PSMC2",-1.0193852648201425,0.5220645765952728,,
"REACTOME_RAP1_SIGNALLING",15,1.4642833049445376,0.07738095238095238,0.14886229314420804,"RASGRP2;RASGRP1;PRKACB;RAP1A;SIPA1",1.549884430222352,0.09858672556475061,,
"REACTOME_BIOSYNTHESIS_OF_THE_N_GLYCAN_PRECURSOR_DOLICHOL_LIPID_LINKED_OLIGOSACCHARIDE_LLO_AND_TRANSFER_TO_A_NASCENT_PROTEIN",75,-1.3168973255132936,0.07785888077858881,0.14930434397990927,"ALG12;DPM2;MVD;DPM3;ALG3;NUDT14;DHRSX;GMPPA;GMPPB;NANS;DOLK;GFUS;DOLPP1;MPI;ALG2;NEU1;ST6GAL2;GLB1;FCSK;RFT1;ALG1",-1.0929870232347332,0.4135572139303482,,
"REACTOME_MAPK_FAMILY_SIGNALING_CASCADES",272,1.2142534113421874,0.07788595271210014,0.14930434397990927,"APBB1IP;RASAL3;CSF2RB;IL2RB;RASGRP1;JAK3;IL2RA;IL6R;GFRA2;RASGRP3;RASGRP4;CSF2RA;FYN;TEK;JAK2;FGF7;MRAS;GFRA1;MMP2;IL6ST;FGF2;PDGFRA;RGL1;IL3RA;HGF;ANGPT1;PRKACB;IGF2BP1;FGF10;DLG2;KIT;CDC14A;DUSP5;JAK1;RASA3;RAP1A;PTPN7;PRKCQ;RASA4;FOXO1;KL;RANBP9;RASA2;SOS1;PDGFRB;GFRA3;ITGB3;IL6;SHOC2;CDC42EP3;AGO4;PIK3CA;ARRB1;FGFR1;NCAM1;DUSP6;SPRED1;FOXO3;PPP2R5C;FGF1;GDNF;RAP1B;PRKG2;PEA15;CDC42;DUSP1;NRG1",1.287221656003311,0.08626253367255313,,
"REACTOME_GAP_JUNCTION_TRAFFICKING_AND_REGULATION",34,-1.3591407861082154,0.07900677200902935,0.15118579828888332,"TUBA4A;TUBB4B;ACTG1;GJB1;SRC;DNM2;CLTCL1;CLTA;TUBA1B;AP2M1;ACTB;CLTC",-1.051695015416737,0.503005671369628,,
"REACTOME_DEFECTIVE_PYROPTOSIS",37,-1.3462243102666338,0.08009153318077804,0.1529917491217327,"H4C5;H2AJ;H2AC20;POLA2;H2AZ2;RBBP7;H2AX;DNMT1;H3-3B;DNMT3B;EED;EZH2;H2BC26",-1.6409685628271466,0.02319460938439583,,
"REACTOME_FATTY_ACID_METABOLISM",147,-1.2425172419086001,0.08132530120481928,0.1550754864801914,"FAAH;ACBD6;PTGES2;MID1IP1;ACLY;DECR2;HACD3;ACOT8;ACACA;MCAT;MORC2;ACSF3;FASN;HSD17B8;PCCA;ECI1;CBR1;PCCB;MECR;ECHS1;TECR;HADHA;GPX4;ACOT7;ACAD10;ACOT11;CYP4F11;HADH;FAAH2;MLYCD;ACOX2;GPX2;DBI;PRXL2B;GPX1;DPEP1;ACOX3;NDUFAB1;RXRA;CYP4F2;PECR;SLC27A2;EPHX2;CYP2J2;PRKAA2",-1.063272783573486,0.4251428571428572,,
"REACTOME_ION_CHANNEL_TRANSPORT",133,1.2668548064699243,0.08179012345679013,0.1556882174572233,"CLIC2;SGK1;ATP8B4;ATP8B2;RYR1;CLCA4;ATP6V0D2;CLCA1;ATP1B2;TSC22D3;TRPV2;ATP8B3;STOM;ATP1A2;OSTM1;ATP13A4;ATP10A;ATP2B4;PLN;TRPM6;ATP10D;BEST1;TRPV3;TRPC4;BEST2;ANO5;TRPC6;TTYH2;FKBP1B;UNC79;TRPC1;TTYH1;ATP11C;SGK3;SCNN1B;ATP6V1A;RIPK1;BEST4",1.3576788759006002,0.0812442837506084,,
"REACTOME_RUNX2_REGULATES_OSTEOBLAST_DIFFERENTIATION",21,1.4230980551668373,0.08206106870229007,0.15593040199997327,"MAF;AR;RUNX2;ZNF521;WWTR1;HEY1;HEY2;GLI3",1.408128639266933,0.17845394736842107,,
"REACTOME_INTERLEUKIN_37_SIGNALING",18,1.4499539622756412,0.08269230769230769,0.15681513518982218,"IL18BP;IL18R1;STAT3;PTPN7;CASP1;PTPN6",1.5559462951631078,0.03973819021266429,,
"REACTOME_ABERRANT_REGULATION_OF_MITOTIC_EXIT_IN_CANCER_DUE_TO_RB1_DEFECTS",20,-1.439066530644776,0.08281573498964803,0.15681513518982218,"ANAPC11;ANAPC7;FZR1;ANAPC2;UBE2C;CDC26;UBE2S;SKP2;ANAPC5;ANAPC15",-1.5119588708977882,0.0719512644673424,,
"REACTOME_G0_AND_EARLY_G1",26,-1.3682231276181274,0.08316008316008316,0.15719284011966939,"E2F1;CDC6;MYBL2;CDC25A;TOP2A;E2F4;CCNE1;HDAC1;RBL1;CCNA2;TFDP1;MYC;CDK2",-1.3569753620548377,0.1783426165633744,,
"REACTOME_UB_SPECIFIC_PROCESSING_PROTEASES",160,-1.2391236444603946,0.0838150289017341,0.15815531540588088,"PSMD3;SEM1;PSMB3;PSMC5;KAT2A;TRAF2;PSMA7;RUVBL1;PSMC3;TAB1;PSMB7;PTRH2;KEAP1;ADRM1;RPS27A;USP10;AXIN1;UBA52;PSMB5;CDC25A;H2AC20;SIAH2;HGS;FKBP8;CDC20;TRRAP;USP5;PSMB6;RNF123",-1.0876384001612307,0.34975590856257266,,
"REACTOME_TRANSPORT_TO_THE_GOLGI_AND_SUBSEQUENT_MODIFICATION",167,-1.2358802166149758,0.08408408408408409,0.15838755422088757,"PREB;TUBA4A;ARF1;ARFGAP1;SEC13;TUBB4B;COPG1;LMAN2;B4GALT2;TMED9;DYNLL2;TMED3;SPTBN2;ARF5;COG4;TRAPPC9;TRAPPC2L;COG7;COPE;CSNK1D;BET1L;TRAPPC6A;ARFGAP2;TUBA1B;COPZ1;MAN2A2;MGAT4B;TMEM115;GOSR1;TRAPPC1;KDELR2;SEC16A;DCTN3;AREG;LMAN2L;YKT6;DYNLL1;B4GALT3;MGAT5;SERPINA1;FUT3;DCTN2;GORASP1;COG8;TRAPPC3;TUBB2B;KDELR1;DYNC1H1;NAPA;TFG;SPTBN5;GOLGA2;TUBA1C;SPTAN1;B4GALT4;COG1",-1.029822402354343,0.49863712719089726,,
"REACTOME_BUDDING_AND_MATURATION_OF_HIV_VIRION",28,-1.3625331441335804,0.08423326133909287,0.15839356768269627,"RPS27A;UBA52;VPS4A;CHMP4B;CHMP2A;VPS28;VPS37D;VPS37C;UBB;NEDD4L;UBC;MVB12B;CHMP6;PPIA",-1.188601558852926,0.34262170840507644,,
"REACTOME_CONVERSION_FROM_APC_C_CDC20_TO_APC_C_CDH1_IN_LATE_ANAPHASE",20,-1.4356901550633645,0.08488612836438923,0.15934506795045383,"ANAPC11;ANAPC7;FZR1;ANAPC2;UBE2C;CDC20;CDC26;UBE2S",-1.4094708562004894,0.1783426165633744,,
"REACTOME_OXIDATIVE_STRESS_INDUCED_SENESCENCE",87,-1.2687316515775469,0.08527131782945736,0.15979167503447536,"E2F1;H4C5;CBX8;MAPK9;RPS27A;UBA52;H2AJ;H2AC20;MAPKAPK5;CDK4;H2AZ2;CBX4;JUN;RING1;MAPKAPK3;CDKN2D;RBBP7;H2AX;MINK1;UBB;TXN;H3-3B;CBX2;TP53;EED;TFDP1;UBC;MAP2K3;EZH2;H2BC26",-1.2090549515638014,0.2194440038071066,,
"REACTOME_RHOBTB2_GTPASE_CYCLE",23,-1.4063772515378699,0.0865979381443299,0.1619978670458585,"CCT7;ACTG1;CDC37;CCT6A;HSP90AB1;CCT2;RBMX",-1.9122318135164726,0.00695428131409483,,
"REACTOME_NOTCH2_ACTIVATION_AND_TRANSMISSION_OF_SIGNAL_TO_THE_NUCLEUS",22,-1.426789639941116,0.08713692946058091,0.1627255911613258,"RPS27A;UBA52;JAG2;DLL4;MIB2;NEURL1",-1.1069734259535478,0.43581316922812563,,
"REACTOME_SIGNAL_AMPLIFICATION",26,1.4230467360233843,0.08829174664107485,0.1643165439203537,"GNGT2;GNG2;GNG7;GNB4;GNG11;GNG12;GNA13;P2RY1",1.6111195355450931,0.05069995423827841,,
"REACTOME_SURFACTANT_METABOLISM",19,1.423164122381546,0.08829174664107485,0.1643165439203537,"CSF2RB;ADA2;CSF2RA;ZDHHC2;SFTPA2;ADGRF5;CTSH",1.420029429928182,0.16933156654888104,,
"REACTOME_E2F_MEDIATED_REGULATION_OF_DNA_REPLICATION",22,-1.4224127181852322,0.08921161825726141,0.16574418802932986,"E2F1;PPP2R1A;ORC6;POLA2;PPP2R3B;CCNB1;ORC1;TFDP1;ORC5",-1.5702521914203098,0.0734491569291193,,
"REACTOME_INHIBITION_OF_THE_PROTEOLYTIC_ACTIVITY_OF_APC_C_REQUIRED_FOR_THE_ONSET_OF_ANAPHASE_BY_MITOTIC_SPINDLE_CHECKPOINT_COMPONENTS",21,-1.4162431257002244,0.09205020920502092,0.1707256016879448,"ANAPC11;ANAPC7;ANAPC2;UBE2C;CDC20;CDC26;UBE2S;BUB3;ANAPC5;ANAPC15;MAD2L1",-1.6310956516781139,0.037907197313710034,,
"REACTOME_RHO_GTPASES_ACTIVATE_IQGAPS",23,-1.3922317200793122,0.09278350515463918,0.17179198479997185,"TUBA4A;TUBB4B;ACTG1;MEN1;TUBA1B;IQGAP3;ACTB;CTNNA1;TUBB2B;TUBA1C;CALM1;CDH1;TUBAL3;TUBB2A",-1.5261001988331837,0.0797129894868058,,
"REACTOME_GLUCONEOGENESIS",19,-1.407655136145218,0.09355509355509356,0.17292551364101622,"ALDOC;G6PC3;GPI;PCK2;GAPDH;TPI1;ENO1;ENO3;PC;SLC37A4;PCK1",-1.4356910262512153,0.14356916019760058,,
"REACTOME_INACTIVATION_OF_CSF3_G_CSF_SIGNALING",25,1.391907291902523,0.09514563106796116,0.1755663430420712,"STAT1;HCK;CSF3R;JAK2;SOCS3;JAK1;LYN;UBE2D1;STAT3;SOCS1",1.3991799799497877,0.17473174397728697,,
"REACTOME_SIGNALING_BY_ALK",27,1.3742065577659481,0.09683426443202979,0.17809970987937088,"JAK3;PRDM1;CD274;PTN;STAT3;HIF1A;PTPN6;PIK3CA;SHC1;PIK3R1",1.5842922765564367,0.05703731649029365,,
"REACTOME_CYCLIN_D_ASSOCIATED_EVENTS_IN_G1",47,-1.2791801952605615,0.09684684684684684,0.17809970987937088,"E2F1;PPP2R1A;RPS27A;UBA52;SRC;CDK4;E2F4;PPP2R3B;CUL1;PTK6;SKP2;CCNE1;CDKN2D;CKS1B;UBB;RBL1;CCND1;TFDP1;UBC;CDK2",-1.000410873972075,0.5598281726089798,,
"REACTOME_METABOLISM_OF_FOLATE_AND_PTERINES",16,-1.3979071422349005,0.09780439121756487,0.17955628506101165,"SLC19A1;SHMT2;SHMT1;FPGS;MTHFD2;MTHFD1;MTHFD1L;MTHFS",-1.5924664782247973,0.03857200670493482,,
"REACTOME_ACTIVATED_NOTCH1_TRANSMITS_SIGNAL_TO_THE_NUCLEUS",29,-1.3263893068340633,0.09956709956709957,0.18248361998361998,"NOTCH1;RPS27A;UBA52;JAG2;DLL4;MIB2;DTX2;NEURL1",-1.0811638737295628,0.49167807068087965,,
"REACTOME_NUCLEAR_SIGNALING_BY_ERBB4",26,1.3884851224813846,0.09980806142034548,0.18261677342508406,"S100B;ESR1;APOE;PGR;CXCL12;TAB2;NRG1;STAT5A;SPARC;YAP1;PSENEN;BTC;APH1B",1.625792982325447,0.047799277314959296,,
"REACTOME_SIGNALING_BY_ERBB2",46,-1.2975077519430076,0.10180995475113122,0.1859659947895242,"ERBB2;GRB7;HRAS;RPS27A;UBA52;CDC37;PLCG1;SRC;MEMO1;AKT2;RNF41;AKT1;STUB1;PTK6",-1.1601567604995329,0.31777680150496207,,
"REACTOME_SIGNALING_BY_FGFR4",34,-1.3125662730031715,0.1038374717832957,0.1892141837974951,"HRAS;PPP2R1A;FGFR4;RPS27A;UBA52;PLCG1;SRC",-1.4111954360311765,0.15211329020785241,,
"REACTOME_GLYCOSAMINOGLYCAN_METABOLISM",120,1.2295753089644208,0.10393700787401575,0.1892141837974951,"CHST2;LYVE1;HPSE2;CHST11;HS3ST3B1;CSGALNACT2;DSE;GPC6;OGN;IDS;DCN;LUM;CHST15;ST3GAL6;CTSL;SLC26A2;PRELP;VCAN;HS3ST2;HS3ST3A1;BGN;HGSNAT;SDC2;DSEL;SLC35B3;ST3GAL1;HPSE;SDC3;EXTL2;CHSY3;B4GALT1;B3GNT2;CHSY1;PAPSS2;CHST3;B3GNT7;SLC17A5;ARSB;CD44;B4GALT6;XYLT1",1.5159480242925334,0.029322935973988187,,
"REACTOME_TRANSCRIPTIONAL_REGULATION_BY_RUNX1",180,1.2112869032453104,0.10416666666666667,0.18931462869905083,"BLK;PRKCB;CR1;FOXP3;IL2RA;ESR1;LIFR;TNFRSF18;SPI1;CTLA4;LMO2;RSPO3;KAT2B;PAX5;CTSK;GP1BA;GATA3;NR4A3;RUNX2;TAL1;CTSL;CLDN5;SOCS3;RUNX1",1.2509574429483301,0.15720771351797538,,
"REACTOME_ADRENALINE_NORADRENALINE_INHIBITS_INSULIN_SECRETION",23,1.3753056313241947,0.10444874274661509,0.18950984260882503,"GNGT2;GNG2;GNG7;GNB4;GNG11;ADCY5;GNG12",1.541658692500116,0.057887714867685375,,
"REACTOME_CYTOSOLIC_SENSORS_OF_PATHOGEN_ASSOCIATED_DNA",62,-1.2456185665428565,0.11007025761124122,0.19904371584699454,"POLR2H;DDX41;POLR2L;POLR1C;POLR3A;POLR3K;POLR3E;RPS27A;UBA52;POLR2F;NKIRAS2;POLR3H;POLR3B;POLR2E",-1.0982299388364571,0.41969578028829196,,
"REACTOME_TRANSLOCATION_OF_SLC2A4_GLUT4_TO_THE_PLASMA_MEMBRANE",62,-1.2420052167153692,0.11007025761124122,0.19904371584699454,"TUBA4A;TUBB4B;ACTG1;ASPSCR1;AKT2;EXOC4;AKT1;TUBA1B;ACTB;YWHAG;EXOC3;KIF3B;RAB4A;PRKAA2;TUBB2B;STX4;TUBA1C;YWHAB;CALM1;PRKAG1;MYO1C;TUBAL3;TUBB2A;RALGAPA2;YWHAE;RAB13;PRKAB1;SFN;SLC2A4;YWHAQ;RALGAPB;YWHAH;RAC1;RALA;RAB11A;EXOC7;MYH9",-1.0104368521850422,0.577672633757258,,
"REACTOME_CS_GAG_BIOSYNTHESIS",19,1.368099907113473,0.11132437619961612,0.2009672772175345,"CHST11;CSGALNACT2;DCN;CHST15;VCAN;BGN;CHSY3;CHSY1;CHST3",1.5843715959796494,0.06984607268313744,,
"REACTOME_POST_TRANSLATIONAL_MODIFICATION_SYNTHESIS_OF_GPI_ANCHORED_PROTEINS",67,1.2806930640148189,0.11150442477876106,0.2009672772175345,"CD52;CNTN3;FCGR3B;LSAMP;NEGR1;CNTN4;CEACAM7;CPM;FOLR2;MDGA1;RECK;ALPL;CD109;VNN2;PGAP1;THY1;GPLD1;PIGB;NTM",1.36877187626312,0.1337116321277627,,
"REACTOME_DEFECTS_IN_VITAMIN_AND_COFACTOR_METABOLISM",22,-1.3598415677085685,0.11203319502074689,0.20158543382671704,"MMAB;CD320;ACACA;PCCA;MMACHC;PCCB;PC;MCCC2",-1.286879902958402,0.273805202661827,,
"REACTOME_NOTCH3_ACTIVATION_AND_TRANSMISSION_OF_SIGNAL_TO_THE_NUCLEUS",25,-1.3511987167287849,0.11293634496919917,0.20287406339665745,"RPS27A;UBA52;JAG2;DLL4;MIB2;TACC3;NEURL1;YBX1;UBB",-1.4082396400401715,0.15159806718286079,,
"REACTOME_CHROMATIN_MODIFICATIONS_DURING_THE_MATERNAL_TO_ZYGOTIC_TRANSITION_MZT",33,-1.2975824644585916,0.11389521640091116,0.20425836329750183,"H4C5;H2AJ;H2AC20;H2AZ2;UHRF1;H2AX;H3-3B;UNG;METTL23",-1.501736208706008,0.06676615823379047,,
"REACTOME_ION_HOMEOSTASIS",38,1.3265548733650399,0.11484098939929328,0.20527590362147152,"CLIC2;ITPR1;RYR1;ATP1B2;SLC8A1;ATP1A2;ATP2B4;PLN;ABCC9;FKBP1B;TRPC1",1.4536232337635884,0.11434808792532368,,
"REACTOME_KIDNEY_DEVELOPMENT",39,1.3334587715715993,0.11484098939929328,0.20527590362147152,"ITGA8;GREM1;GATA3;GFRA1;FGF2;ID4;SLIT2;FOXC1;SALL1;PLAC8;WNT11;OSR1;ROBO2;GDNF;PCDH19",1.4626803290072588,0.09460578845423234,,
"REACTOME_SIGNALING_BY_ERBB2_ECD_MUTANTS",16,-1.3741705817993082,0.1157684630738523,0.20656338497417956,"ERBB2;HRAS;CDC37;PLCG1",-1.4147293527490523,0.16093386137439,,
"REACTOME_PHOSPHORYLATION_OF_THE_APC_C",20,-1.372601494908853,0.11594202898550725,0.20656338497417956,"ANAPC11;ANAPC7;ANAPC2;UBE2C;PLK1;CDC26;UBE2S;ANAPC5;ANAPC15;CCNB1",-1.5501812093020622,0.0580673600669824,,
"REACTOME_RUNX2_REGULATES_BONE_DEVELOPMENT",28,1.3436203275295693,0.11688311688311688,0.20789865871833085,"MAF;AR;RUNX2;ZNF521;WWTR1;HEY1;HEY2;GLI3;GLI2;SMAD1;CBFB;RB1",1.3675774986431406,0.18275582306092142,,
"REACTOME_GLUCAGON_SIGNALING_IN_METABOLIC_REGULATION",25,1.346077093987602,0.11844660194174757,0.20999111618757532,"GNG2;PRKAR2B;GNG7;GNB4;GNG11;PRKACB;ADCY5;GNG12;ADCY7;ADCY4;PRKAR1A",1.623764444371504,0.04388317624651761,,
"REACTOME_TNFR1_INDUCED_PROAPOPTOTIC_SIGNALING",25,1.3464223290099875,0.11844660194174757,0.20999111618757532,"CYLD;USP2;TNF;TNFAIP3;OPTN;BIRC3;CASP8;OTUD1;BIRC2",1.4669293668614933,0.12726982440934875,,
"REACTOME_SIGNALING_BY_HEDGEHOG",128,-1.2062734620537168,0.12044817927170869,0.21319131241403574,"PSMD3;SEM1;PSMB3;PSMC5;PSMA7;TUBA4A;TUBB4B;PSMC3;PRKAR1B;PSMB7;ADRM1;RPS27A;UBA52;P4HB;PSMB5;MKS1;GNAS;GRK2;VCP;GAS8;PSMB6;TUBA1B;ADCY6;IFT140;ADCY3;IHH;PSMB4;CUL1;PSMD7;PSMD13;PSMB1;IFT122;PSMD11;PSMB2;OS9;UBB;GSK3B;PSMD2;PSMC4;PSMD8;TUBB2B;PSMD14;PSMC2;TUBA1C;SYVN1;UBC;IFT52;IQCE",-0.8748500195991081,0.8708863662424033,,
"REACTOME_MAPK1_MAPK3_SIGNALING",236,1.1774365228856951,0.12103746397694524,0.21388542087131202,"APBB1IP;RASAL3;CSF2RB;IL2RB;RASGRP1;JAK3;IL2RA;IL6R;GFRA2;RASGRP3;RASGRP4;CSF2RA;FYN;TEK;JAK2;FGF7;MRAS;GFRA1;IL6ST;FGF2;PDGFRA;RGL1;IL3RA;HGF;ANGPT1;FGF10;DLG2;KIT;DUSP5;JAK1;RASA3;RAP1A;PTPN7;PRKCQ;RASA4;KL;RANBP9;RASA2;SOS1;PDGFRB;GFRA3;ITGB3;IL6;SHOC2;PIK3CA;ARRB1;FGFR1;NCAM1;DUSP6;SPRED1;PPP2R5C;FGF1;GDNF;RAP1B;PRKG2;PEA15;DUSP1;NRG1;SHC1;VWF;PIK3R1;KSR1;PDGFB;SPRED3",1.3064275591449976,0.0877046997736653,,
"REACTOME_SYNAPTIC_ADHESION_LIKE_MOLECULES",16,-1.367918186348558,0.1217564870259481,0.21480616003764827,"GRIN2C;FLOT2;LRFN4;FLOT1;PTPRF;GRIN2D;DLG3;GRIN2B;GRIN1;LRFN3",-1.12517813005497,0.43651988167667166,,
"REACTOME_MRNA_DECAY_BY_5_TO_3_EXORIBONUCLEASE",15,-1.3373959875022081,0.12248995983935743,0.21574936108068637,"LSM4;LSM7;EDC3;EDC4;LSM2;LSM1;LSM5;LSM3",-1.4083118083394823,0.14155685681614108,,
"REACTOME_SIGNALING_BY_NOTCH1_PEST_DOMAIN_MUTANTS_IN_CANCER",57,-1.2602514844725872,0.12440191387559808,0.2187618744814002,"HDAC11;KAT2A;HES1;NOTCH1;RPS27A;UBA52;JAG2;DLL4;MIB2;HDAC8;NCOR2;HDAC10;NEURL1;HDAC6;CUL1",-1.2300613065540689,0.25725531107738997,,
"REACTOME_COPI_INDEPENDENT_GOLGI_TO_ER_RETROGRADE_TRAFFIC",43,-1.2882984701633955,0.12641083521444696,0.22157634282338443,"TUBA4A;TUBB4B;DYNLL2;PAFAH1B3;PLA2G6;TUBA1B;DCTN3;DYNLL1;GALNT2;DCTN2;TUBB2B;DYNC1H1;TUBA1C;DCTN1;TUBAL3;DCTN5;TUBB2A;DCTN6",-0.8282142011736005,0.8628750451861671,,
"REACTOME_LYSOSOME_VESICLE_BIOGENESIS",32,-1.2913658879469814,0.12641083521444696,0.22157634282338443,"ARF1;AP1S1;AP1G2;HGS;AP1M2;AP4M1;CHMP2A;DNM2;CLTA;BLOC1S1;CLTC",-1.148697450427641,0.37865594166757016,,
"REACTOME_DENGUE_VIRUS_MODULATES_APOPTOSIS",16,-1.351337070598512,0.1277445109780439,0.2235528942115768,"MLST8;RPTOR;DAXX;MAPKAP1;NFKBIB;PRR5;BECN1",-1.2842404965636673,0.27353909028183215,,
"REACTOME_MITOCHONDRIAL_UNFOLDED_PROTEIN_RESPONSE_UPRMT",18,-1.3291926915261307,0.12863070539419086,0.22439498703543645,"LONP1;NRF1;HSPE1;HSPA9;HSPD1;HSF1;AKT1;SIRT3",-1.2141786472109874,0.3356551246846605,,
"REACTOME_ION_TRANSPORT_BY_P_TYPE_ATPASES",40,1.3145956709673896,0.12880143112701253,0.22439498703543645,"ATP8B4;ATP8B2;ATP1B2;ATP8B3;ATP1A2;ATP13A4;ATP10A;ATP2B4;PLN;ATP10D",1.3721067572414132,0.15729898516783763,,
"REACTOME_TRAF6_MEDIATED_NF_KB_ACTIVATION",24,1.3258541140656603,0.12884615384615383,0.22439498703543645,"S100B;RIGI;SAA1;IFIH1;MAP3K1;AGER;NFKBIA",1.3743038018193319,0.1767205638474295,,
"REACTOME_FORMATION_OF_THE_NEPHRIC_DUCT",15,1.3543033692669664,0.13095238095238096,0.2276976495726496,"GATA3;FGF2;ID4;PLAC8;OSR1;PCDH19;BMP4;HOXA6;PAX8;MECOM",1.4410031577966933,0.15861388971832388,,
"REACTOME_DEACTIVATION_OF_THE_BETA_CATENIN_TRANSACTIVATING_COMPLEX",41,-1.286017308812272,0.13151927437641722,0.2283174603174603,"CTBP1;WDR5;RPS27A;TLE2;UBA52;AKT2;CBY1;AKT1;MEN1;DPY30;CTNNBIP1;SOX9;HDAC1;UBB;TLE3;SOX6;UBC;TCF7;CHD8;KMT2B",-1.0928425718950259,0.4452017712328533,,
"REACTOME_NUCLEOTIDE_SALVAGE",21,-1.3381400660607672,0.13179916317991633,0.22843784672557382,"UCKL1;UCK1;APRT;ADK;UCK2;TK1;AMPD2;PNP",-1.3759648246815204,0.20192307692307693,,
"REACTOME_DDX58_IFIH1_MEDIATED_INDUCTION_OF_INTERFERON_ALPHA_BETA",67,1.2452050453313017,0.13274336283185842,0.2297074141508236,"S100B;CYLD;RIGI;HERC5;TNFAIP3;SAA1;UBE2L6;IFIH1;CASP10;RNF125;MAP3K1;CASP8;UBE2D1;NLRC5;TANK;AGER;NFKBIA;RIPK1",1.311771849593771,0.18715675456286543,,
"REACTOME_SIALIC_ACID_METABOLISM",28,1.3098119061548732,0.13358070500927643,0.23073885040709682,"ST8SIA4;ST8SIA1;ST3GAL5;ST3GAL6;NPL;ST6GALNAC5;GNE;ST8SIA6;ST3GAL1",1.4021140610816774,0.15798501399295836,,
"REACTOME_SYNTHESIS_OF_ACTIVE_UBIQUITIN_ROLES_OF_E1_AND_E2_ENZYMES",30,-1.2775976906363151,0.1343612334801762,0.23073885040709682,"UBA1;RPS27A;UBA52;CDC34;UBE2C;USP5;UBE2S;UBE2T;UBE2R2;USP7;UBB;UBE2G2;UBE2K;UBC;UBE2L3;OTULIN;UBE2H",-1.3917300416036167,0.14613601704551088,,
"REACTOME_TP53_REGULATES_TRANSCRIPTION_OF_CELL_CYCLE_GENES",48,-1.2333698814459948,0.13439635535307518,0.23073885040709682,"E2F1;PRMT1;AURKA;CNOT3;CARM1;PCBP4;E2F4;CNOT9;CCNE1;BAX;GADD45A;E2F8;RBL1;CPAP;CCNB1;TP53;CCNA2;TFDP1;CDC25C;CDK2",-1.1845455877619975,0.2877389211935432,,
"REACTOME_STIMULI_SENSING_CHANNELS",76,1.2434347631675977,0.13445378151260504,0.23073885040709682,"CLIC2;SGK1;RYR1;CLCA4;CLCA1;TSC22D3;TRPV2;STOM;OSTM1;TRPM6;BEST1;TRPV3;TRPC4;BEST2;ANO5;TRPC6;TTYH2;FKBP1B;UNC79;TRPC1;TTYH1;SGK3;SCNN1B;RIPK1;BEST4",1.2185309797007802,0.2841827656903388,,
"REACTOME_GLYCOGEN_BREAKDOWN_GLYCOGENOLYSIS",15,-1.3130426285325105,0.13453815261044177,0.23073885040709682,"PHKA2;PHKG2;GYG2;AKR1E2;PYGB;PHKA1;CALM1;PGM1",-1.1124517099352567,0.45861325719404317,,
"REACTOME_ACYL_CHAIN_REMODELLING_OF_PS",18,1.3337523351551153,0.1346153846153846,0.23073885040709682,"PLA2G2D;PLA1A;OSBPL8;OSBPL10;MBOAT1;PLA2G2A;LPCAT3;PLA2G5;PLA2R1;PLAAT3",1.3592461567145806,0.20224719101123598,,
"REACTOME_PLATELET_CALCIUM_HOMEOSTASIS",20,1.3314380951964842,0.1348747591522158,0.23081879129361854,"P2RX1;ITPR1;P2RX7;P2RX5;SLC8A1;ATP2B4",1.559453715757174,0.0663745571277526,,
"REACTOME_LDL_CLEARANCE",17,-1.3449271578568565,0.13545816733067728,0.23145214417918875,"AP2S1;AP2A2;PCSK9;CLTA;AP2M1;LSR;CLTC;AP2A1",-0.7754630132713095,0.8839252651068844,,
"REACTOME_REGULATION_OF_ENDOGENOUS_RETROELEMENTS_BY_KRAB_ZFP_PROTEINS",69,-1.2342608791232366,0.13592233009708737,0.23188007571594307,"H4C5;TRIM28;CHD4;H2AJ;H2AC20;MTA1;MBD3;H2AZ2;MTA2;GATAD2A;UBE2I;RBBP7;ZNF425;H2AX;HDAC1;H3-3B;ZNF519;ZNF317;ZNF93;H2BC26;ZNF816;ZNF273;ZNF30;H2BC15;MTA3;ZNF324;ZNF141;ZNF28;HDAC2;ZNF320;ZNF680;ZNF778",-1.6235382158245517,0.015177430178870079,,
"REACTOME_SIGNALING_BY_EGFR",50,-1.2379493013516594,0.13761467889908258,0.2340647857889237,"HRAS;RPS27A;UBA52;EPS15L1;PLCG1;EPN1;SRC;SH3GL1;HGS;FAM83D;AAMP;PTPN3",-1.319880126348913,0.13445626477541373,,
"REACTOME_DISASSEMBLY_OF_THE_DESTRUCTION_COMPLEX_AND_RECRUITMENT_OF_AXIN_TO_THE_MEMBRANE",27,-1.3065177708489328,0.13763440860215054,0.2340647857889237,"PPP2R1A;DVL1;LRP5;AXIN1;DVL3;DVL2;LRP6;AMER1;GSK3B;FZD5",-1.300579322369683,0.23621190130624092,,
"REACTOME_RND2_GTPASE_CYCLE",42,-1.261350889398669,0.13793103448275862,0.23420214775241488,"NUDC;WDR6;SCRIB;FRS3;ARHGAP35;TNFAIP1;DSG1;KCTD13;PRAG1;GOLGA3;RBMX;DLG5;CKAP4;UBXN11",-0.8290626233276399,0.8467925510004986,,
"REACTOME_COLLAGEN_FORMATION",81,1.2330049829134828,0.14023372287145242,0.23773998330550916,"TLL1;COL14A1;COL23A1;CTSS;COL13A1;MMP7;PCOLCE2;CTSL;ADAMTS2;LOXL4;ADAMTS3;CTSB;COL8A2;COL4A4;COL6A3;P4HA3;COL18A1;LOXL1;COL10A1;COL8A1;LOX;LOXL3;COL9A1;PCOLCE;ADAMTS14;COL17A1;COL5A1;COL1A2;COL5A2;COL15A1;COL3A1;LAMA3;DST;COL4A5;COL4A6;COL24A1;COL12A1",1.614411279977853,0.01356516227433503,,
"REACTOME_SIGNALING_BY_CSF3_G_CSF",30,1.2942924060471594,0.14051094890510948,0.23783834565061432,"STAT1;HCK;CSF3R;JAK2;SOCS3;JAK1;LYN;UBE2D1;STAT3;SOCS1;GAB2;SHC1;STAT5A",1.3484393466764548,0.1996406576398134,,
"REACTOME_GLUTAMATE_NEUROTRANSMITTER_RELEASE_CYCLE",18,-1.3082550079072008,0.14107883817427386,0.2384276314939052,"PPFIA3;STX1A;RAB3A;GLS2;UNC13B;SLC1A7;CPLX1",-1.0826642403386837,0.465803432766584,,
"REACTOME_METABOLISM_OF_NITRIC_OXIDE_NOS3_ACTIVATION_AND_REGULATION",17,-1.334374111213959,0.14143426294820718,0.238553289726818,"NOSIP;SPR;DDAH1;DNM2;NMT1;AKT1",-1.0104676378959607,0.545266089432852,,
"REACTOME_EXTRA_NUCLEAR_ESTROGEN_SIGNALING",67,1.2277490313695418,0.1415929203539823,0.238553289726818,"GNGT2;GNG2;ESR1;GNG7;GNB4;MMP2;ESR2;GNG11;MMP7;BCL2;GNG12;CAV2;AKT3;PIK3CA;FOXO3;NOS3;SHC1;PIK3R1;EGFR;SPHK1;GNAI2;CAV1;CREB1;KRAS;NRAS;MMP3;S1PR3;BTC",1.3728065418468893,0.12855704101581786,,
"REACTOME_CONSTITUTIVE_SIGNALING_BY_AKT1_E17K_IN_CANCER",26,-1.3034878454282959,0.14345114345114346,0.24130928782091576,"MLST8;TSC2;MAPKAP1;AKT2;AKT1;AKT1S1;RPS6KB2;PRR5;FOXO6;GSK3B",-1.124826743403308,0.4135572139303482,,
"REACTOME_NEGATIVE_REGULATORS_OF_DDX58_IFIH1_SIGNALING",35,1.293822076006778,0.14642857142857144,0.24593653250773997,"CYLD;RIGI;HERC5;TNFAIP3;UBE2L6;IFIH1;RNF125;UBE2D1;NLRC5",1.2640206429516698,0.2917044571132418,,
"REACTOME_EPIGENETIC_REGULATION_BY_WDR5_CONTAINING_HISTONE_MODIFYING_COMPLEXES",129,-1.1842517426438786,0.14730878186968838,0.24703250128069845,"MED24;KAT2A;WDR5;H4C5;MCRS1;MED27;BOD1;PAXIP1;TADA2A;H2AJ;SETD1A;H2AC20;AKAP8L;SGF29;MED10;MED16;CDK5;NCOR2;MEN1;H2AZ2;NCOA6;DPY30;PPARGC1A;KAT8;PAGR1;AGPAT2;YEATS2;HCFC1;MED1;RXRA",-0.94565113957372,0.7156390737379849,,
"REACTOME_ANTIGEN_PROCESSING_UB_ATP_INDEPENDENT_PROTEASOMAL_DEGRADATION",19,-1.3111307299345845,0.14760914760914762,0.24715420548753883,"PSMB3;PSMA7;PSMB7;PSMB5;PSMB6;PSMB4;PSMB1;PSMB2",-0.9797487777570958,0.6098493324382785,,
"REACTOME_RSV_HOST_INTERACTIONS",82,1.221412051549232,0.15025041736227046,0.25086705202312143,"TLR7;CD209;TLR6;LY96;STAT2;RIGI;CX3CR1;HERC5;UBE2L6;GPC6;IFIH1;CD14;OAS2;TLR2;JAK1;CDK19;MED31;EIF2AK2;TLR3;SDC2;MAP1B;IFNAR2",1.295412369802999,0.184807120237981,,
"REACTOME_APOPTOSIS",159,-1.1600083679482638,0.15028901734104047,0.25086705202312143,"PSMD3;E2F1;SEM1;PSMB3;PSMC5;TRAF2;PSMA7;PSMC3;PSMB7;BCAP31;DYNLL2;ADRM1;RPS27A;UBA52;PSMB5;BID;AVEN;DAPK3;AKT2;PSMB6;DFFA;OCLN;NMT1;AKT1;CASP6;BCL2L1;DSG1;PSMB4;HMGB2;BBC3;DFFB;LMNB1;PSMD7;PSMD13;YWHAG;UNC5A;DYNLL1;KPNB1;BAX;PSMB1;PSMD11;PSMB2;PPP1R13B;MAGED1;UBB;PSMD2;PSMC4;GAS2;LMNA;DBNL;PSMD8;DAPK2;ACIN1;TP53;PSMD14;PSMC2;TFDP1;YWHAB;UBC;C1QBP;SPTAN1;DIABLO;PSMD12",-0.8553695078196957,0.9331956638260211,,
"REACTOME_HEDGEHOG_ON_STATE",72,-1.2069565788915784,0.1506172839506173,0.25102880658436216,"PSMD3;SEM1;PSMB3;PSMC5;PSMA7;PSMC3;PSMB7;ADRM1;RPS27A;UBA52;PSMB5;GRK2;GAS8;PSMB6;IHH;PSMB4;PSMD7;PSMD13;PSMB1;PSMD11;PSMB2;UBB;PSMD2;PSMC4;PSMD8;PSMD14;PSMC2;UBC;IQCE;PSMD12",-0.8452078101407442,0.8708863662424033,,
"REACTOME_RAF_INDEPENDENT_MAPK1_3_ACTIVATION",23,1.2918978445158984,0.15087040618955513,0.25106501643507256,"IL6R;JAK2;IL6ST;DUSP5;JAK1;IL6;DUSP6;PEA15;DUSP1",1.3553603065844302,0.20500532481363154,,
"REACTOME_SPRY_REGULATION_OF_FGF_SIGNALING",16,-1.3045905617461242,0.15169660678642716,0.2520533206175704,"PPP2R1A;RPS27A;UBA52;SRC",-1.375134497088054,0.1835356021997639,,
"REACTOME_INTERLEUKIN_1_SIGNALING",100,-1.1693785968055006,0.15211970074812967,0.25236983992617845,"PSMD3;SEM1;PSMB3;PSMC5;TRAF2;PSMA7;TOLLIP;PSMC3;TAB1;PSMB7;ADRM1;RPS27A;UBA52;PSMB5;TNIP2;NKIRAS2",-0.9475296762912235,0.7081519252914359,,
"REACTOME_DOWNSTREAM_SIGNALING_EVENTS_OF_B_CELL_RECEPTOR_BCR",68,-1.2257815378865524,0.1536643026004728,0.254201961929799,"PSMD3;SEM1;PSMB3;PSMC5;PSMA7;HRAS;PSMC3;PSMB7;ADRM1;RPS27A;UBA52;PSMB5",-0.9725395143564347,0.6428328611898018,,
"REACTOME_PROCESSING_OF_SMDT1",16,-1.2934375102367353,0.1536926147704591,0.254201961929799,"PHB1;PMPCA;STOML2;PARL",-1.1164795139513186,0.4452017712328533,,
"REACTOME_CLEC7A_DECTIN_1_SIGNALING",86,-1.190395140631308,0.15544041450777202,0.2559426601342769,"PSMD3;SEM1;PSMB3;PSMC5;PSMA7;PSMC3;TAB1;UBE2M;PSMB7;ADRM1;RPS27A;UBA52;PSMB5;CDC34;SRC",-0.9925440636861018,0.6277328408193237,,
"REACTOME_TRANSCRIPTIONAL_REGULATION_BY_RUNX3",86,-1.192140965616929,0.15544041450777202,0.2559426601342769,"PSMD3;SEM1;PSMB3;PSMC5;KAT2A;PSMA7;PSMC3;HES1;NOTCH1;PSMB7;ADRM1;RPS27A;UBA52;PSMB5",-0.9767564141225843,0.6581043554516223,,
"REACTOME_NEGATIVE_REGULATION_OF_FGFR4_SIGNALING",24,-1.291375865121715,0.15560165975103735,0.2559426601342769,"PPP2R1A;FGFR4;RPS27A;UBA52;SRC",-1.2370867276347879,0.30906418005251746,,
"REACTOME_SUMOYLATION_OF_DNA_METHYLATION_PROTEINS",16,-1.2905289100704835,0.15568862275449102,0.2559426601342769,"CBX8;PCGF2;CBX4;UBE2I;RING1;DNMT1;DNMT3B;CBX2",-1.2779854054482858,0.27353909028183215,,
"REACTOME_RHOJ_GTPASE_CYCLE",53,1.2265788610909112,0.15853658536585366,0.26023024980628023,"WAS;DOCK8;FMNL3;CPNE8;FNBP1;PREX1;STOM;RHOJ;VAMP3;GIT2;SYDE1",1.3808239165757332,0.11122273249138921,,
"REACTOME_NEUROTRANSMITTER_RELEASE_CYCLE",36,-1.2279925233817828,0.1598173515981735,0.2615412164163171,"PPFIA3;DNAJC5;STX1A;RAB3A;GLS2;LIN7B;UNC13B;SLC1A7;SYN2;CPLX1;MAOA;ABAT",-0.836359431996265,0.8399803623788495,,
"REACTOME_RUNX1_INTERACTS_WITH_CO_FACTORS_WHOSE_PRECISE_EFFECT_ON_RUNX1_TARGETS_IS_NOT_KNOWN",36,-1.2250592200620045,0.1598173515981735,0.2615412164163171,"SMARCD2;SMARCB1;CBX8;SMARCE1;SMARCA4;CSNK2A2;SMARCC2;CBX4;RING1",-1.2112918952147103,0.28681820097387545,,
"REACTOME_CONSTITUTIVE_SIGNALING_BY_LIGAND_RESPONSIVE_EGFR_CANCER_VARIANTS",19,-1.2909859967108464,0.16216216216216217,0.2649788342559427,"HRAS;RPS27A;UBA52;CDC37;PLCG1",-1.3699214593878097,0.20338964361326747,,
"REACTOME_TRANSCRIPTIONAL_REGULATION_BY_RUNX2",101,-1.1563119200214285,0.16541353383458646,0.2696869166463761,"PSMD3;SEM1;PSMB3;PSMC5;PSMA7;PSMC3;HES1;PSMB7;ESRRA;MMP13;ADRM1;RPS27A;UBA52;PSMB5;SRC;CDK4;AKT2;PSMB6;AKT1;RBM14;PPARGC1A;IHH;HDAC6;PSMB4;CUL1;STUB1;PSMD7;SOX9;PSMD13;SKP2;BAX;PSMB1;PSMD11;PSMB2;UBB;GSK3B;PSMD2;PSMC4;CCND1;PSMD8",0.733437937063382,0.9748761879457699,,
"REACTOME_SIGNALING_BY_WNT",260,-1.1015521956820873,0.16554054054054054,0.2696869166463761,"PSMD3;SEM1;CTBP1;PSMB3;PSMC5;WDR5;PSMA7;H4C5;CSNK1E;AP2S1;PPP2R1A;DVL1;RUVBL1;PSMC3;TERT;PSMB7;LRP5;ADRM1;RPS27A;GNB2;AXIN1;TLE2;UBA52;AP2A2;PSMB5;H2AJ;H2AC20;SMARCA4;RNF43;PLCB3;CSNK2A2;WNT4;KLHL12;SCRIB;TRRAP;AKT2;PSMB6;ITPR3;CBY1;CLTA;AKT1;MEN1;FZD3;DVL3;H2AZ2;AP2M1;DPY30;GNG4;PSMB4;PORCN;CUL1;CTNNBIP1;GNG5;TLE5;DVL2;PSMD7;SOX9;ZNRF3;PARD6A;NLK;PSMD13;CLTC;AP2A1;LRP6;GNAT2;PSMB1;AMER1;H2AX;HDAC1;PSMD11;PSMB2;CTBP2;RAC3;KREMEN2;UBB;PFN1;GSK3B;PSMD2",0.8010791342071332,0.9757287343161108,,
"REACTOME_RETROGRADE_TRANSPORT_AT_THE_TRANS_GOLGI_NETWORK",49,-1.2046049467742335,0.16818181818181818,0.27357911953114356,"RABEPK;ARFIP2;ARFRP1;COG4;NAA38;COG7;SYS1;STX10;VPS51;GCC1;STX16;COG8;VPS52;NAPA;COG1;STX6;VPS53",-1.0802218824544763,0.43754410726887794,,
"REACTOME_SYNTHESIS_OF_SUBSTRATES_IN_N_GLYCAN_BIOSYTHESIS",60,-1.182832871414491,0.16864608076009502,0.2739236491387771,"DPM2;MVD;DPM3;NUDT14;DHRSX;GMPPA;GMPPB;NANS;DOLK;GFUS;DOLPP1;MPI;NEU1;ST6GAL2;GLB1;FCSK",-0.9570945036009498,0.7001290560471977,,
"REACTOME_REPLACEMENT_OF_PROTAMINES_BY_NUCLEOSOMES_IN_THE_MALE_PRONUCLEUS",20,-1.2906371050169887,0.16977225672877846,0.2751412838719026,"HIRA;H4C5;H2AX;H3-3B;METTL23;NPM2;H2BC26;H2BC15;SRPK1;H2BC5;H4C8",-1.401793888028208,0.18149882903981265,,
"REACTOME_TRANS_GOLGI_NETWORK_VESICLE_BUDDING",69,-1.194823664710819,0.16990291262135923,0.2751412838719026,"ARF1;RAB5C;BLOC1S4;AP1S1;AP1G2;HGS;GAK;AP1M2;AP4M1;CHMP2A;DNM2;CLTA;HIP1R;BLOC1S1;CLTC;PUM1;STX4;YIPF6;AP1M1;AP1B1;NAPA;DNAJC6",-1.1787180768610137,0.2882584712371946,,
"REACTOME_AZATHIOPRINE_ADME",21,-1.2923024807351768,0.17154811715481172,0.27739151581664784,"SLC29A2;IMPDH1;IMPDH2;NME1;GUK1;VAV2;NME2;GMPS;SLC29A1;HPRT1",-1.367895348676104,0.20423529411764704,,
"REACTOME_FORMATION_OF_THE_BETA_CATENIN_TCF_TRANSACTIVATING_COMPLEX",57,-1.1913825576706016,0.17464114832535885,0.28197268740031894,"WDR5;H4C5;RUVBL1;TERT;TLE2;H2AJ;H2AC20;SMARCA4;TRRAP;MEN1;H2AZ2;DPY30",-1.228218189804024,0.25725531107738997,,
"REACTOME_NEF_MEDIATES_DOWN_MODULATION_OF_CELL_SURFACE_RECEPTORS_BY_RECRUITING_THEM_TO_CLATHRIN_ADAPTERS",21,1.276541605919047,0.17557251908396945,0.2830552499347799,"CD28;CD4;LCK;CD8B;B2M;AP1S2;PACS1",1.3396122599687605,0.22297822706065318,,
"REACTOME_KERATAN_SULFATE_BIOSYNTHESIS",27,1.2525792274717173,0.17690875232774675,0.28478634462255964,"CHST2;OGN;LUM;ST3GAL6;PRELP;ST3GAL1;B4GALT1;B3GNT2;CHST3;B3GNT7;B4GALT6",1.4809617355098408,0.10251923966662103,,
"REACTOME_EFFECTS_OF_PIP2_HYDROLYSIS",23,1.2614267765293274,0.17988394584139264,0.28914678701912744,"RASGRP2;RASGRP1;PRKCH;ITPR1;DGKA;PRKCQ;TRPC6",1.2822427630310702,0.26515151515151514,,
"REACTOME_SYNTHESIS_OF_PC",25,-1.2318742290997438,0.1806981519507187,0.28987799297991323,"STARD10;LPIN3;CSNK2A2;MFSD2A;PEMT;CHPT1",-0.9056137373976124,0.7088214537755823,,
"REACTOME_PROCESSIVE_SYNTHESIS_ON_THE_C_STRAND_OF_THE_TELOMERE",19,-1.2543264719943443,0.18087318087318088,0.28987799297991323,"POLD2;POLD1;FEN1;LIG1;ACD",-1.3581901014287345,0.20935270132517841,,
"REACTOME_G_PROTEIN_MEDIATED_EVENTS",49,1.2141214478236428,0.18149466192170818,0.2904449973230876,"CAMK4;PRKAR2B;ITPR1;PDE1B;PLCB2;PDE1A;PRKACB;ADCY5;ADCY7;ADCY4;PRKAR1A;ADCY2;PDE1C;GNAI2",1.5118628123634599,0.054344936851511066,,
"REACTOME_CARDIOGENESIS",20,1.261252904727269,0.18304431599229287,0.29249349462685975,"EOMES;TBX1;MYOCD;MEF2C;HEY1;HEY2;HAND2;SMAD1",1.3665988862129788,0.20642256734129544,,
"REACTOME_VITAMIN_B5_PANTOTHENATE_METABOLISM",20,-1.2502782318289574,0.18840579710144928,0.30061807331628304,"COASY;DCAKD;SLC5A6;FASN;NUDT8;PPCDC;PANK4;PDZD11",-1.1063531698478855,0.4379622704230034,,
"REACTOME_TRANSCRIPTIONAL_REGULATION_OF_BROWN_AND_BEIGE_ADIPOCYTE_DIFFERENTIATION",27,-1.2436497278401086,0.18924731182795698,0.30151737640724424,"CHD4;MTA1;HNRNPU;MBD3;MTA2;PPARGC1A;GATAD2A;RXRA;RBBP7;HDAC1",-1.1157823209606732,0.4259258096123408,,
"REACTOME_FORMATION_OF_INCISION_COMPLEX_IN_GG_NER",42,-1.1831841227135325,0.19310344827586207,0.30714744477555606,"ERCC2;RPS27A;UBA52;RAD23A;RAD23B;UBE2I;GTF2H5;SUMO3;CHD1L;UBB;RPA3;UBC;PARP2;ERCC3",-1.5962770267920283,0.031167026376161023,,
"REACTOME_CALNEXIN_CALRETICULIN_CYCLE",26,-1.221051978587179,0.19334719334719336,0.30714744477555606,"RPS27A;UBA52;PRKCSH;MAN1B1;EDEM2;CALR;PDIA3;OS9;UBB;AMFR;GANAB;SYVN1;UBC;UGGT1;RNF5",-1.018699790645142,0.54673721340388,,
"REACTOME_PHASE_0_RAPID_DEPOLARISATION",19,1.2511986783622515,0.19577735124760076,0.3105532545374954,"SCN4B;SCN3A;SCN9A;SCN1B;SCN3B",1.3412136403279773,0.22100407380781212,,
"REACTOME_BRANCHED_CHAIN_AMINO_ACID_CATABOLISM",21,-1.2461180573146704,0.19665271966527198,0.3114095379084276,"HSD17B10;BCAT2;IVD;ECHS1;MCCC2;ACAT1;DLD",-1.283775009556679,0.2905030924522745,,
"REACTOME_ESTROGEN_DEPENDENT_GENE_EXPRESSION",112,-1.1508436662568617,0.19689119170984457,0.3114095379084276,"POLR2H;POLR2J;POLR2L;POLR2I;PRMT1;H4C5;AXIN1;H2AJ;POLR2F;H2AC20;CARM1;POLR2E;GTF2F1;POLR2G;YY1;TFF3;KDM4B;POLR2D;H2AZ2;SMC1A;HSP90AB1;KPNA2;JUN;MED1;H2AX;HDAC1;KCTD6;CDK9;H3-3B;CCND1;TLE3;USF2;POLR2C;KANK1",-1.033260922151932,0.507430887549366,,
"REACTOME_RESPIRATORY_SYNCYTIAL_VIRUS_RSV_GENOME_REPLICATION_TRANSCRIPTION_AND_TRANSLATION",17,-1.2182946880431331,0.19721115537848605,0.3114615772716992,"CSNK2A2;HSP90AB1;KPNB1;SPCS2;PPP1CA;SEC11A;SEC11C;SPCS1;FURIN",-1.1510355419125846,0.3572636626784448,,
"REACTOME_GLYCOSPHINGOLIPID_BIOSYNTHESIS",17,1.256360246738305,0.198,0.3122529069767442,"ST3GAL5;UGCG;A4GALT;ST6GALNAC5;B3GNT5;B3GALNT1",1.2107615972481922,0.34975590856257266,,
"REACTOME_CELL_CELL_COMMUNICATION",269,-1.095356746705299,0.1993006993006993,0.31384798075654385,"PSMD3;SEM1;CTBP1;PSMB3;PSMC5;PSMA7;CD151;H4C5;OST4;RACK1;PVR;RPN2;CLDN3;PSMC3;POMT1;ACTG1;PSMB7;CDH4;KMT5A;ADRM1;RPS27A;UBA52;NCK2;PSMB5;RPN1;H2AJ;BANP;H2AC20;CLDN4;FOXA2;SRC;DNTTIP1;SMARCA4;PRKCSH;ILF3;MOGS;CSNK2A2;LAMB3;DDOST;PSMB6;JUP;DNM2;TCF3;CDH24;H2AZ2;TMEM258;CLDN15;CBLL1;TESK1;PSMB4;NECTIN1;PSMD7;ACTB;PKM;PARD6A;PSMD13;ANG;STT3A;WT1;ACTN4;PSMB1;RBBP7;F11R;H2AX;HDAC1;PSMD11;PSMB2;CTBP2;CLDN14;UBB;STRAP;PSMD2;SPCS2;CLDN7;TGIF2;H3-3B;PSMC4;CTNNA1;NECTIN2;PSMD8;PARD3;CLDN12;PTPN11;FOXQ1;GANAB;EED;ITGB4;PSMD14",-0.8576603477687842,0.9794753874978709,,
"REACTOME_REGULATION_OF_MITF_M_DEPENDENT_GENES_INVOLVED_IN_APOPTOSIS",16,1.23979551059561,0.20159680638722555,0.31664916614265387,"BCL2;BCL2A1;BIRC7;MITF;AGO4",1.0749005869876849,0.49251915604459456,,
"REACTOME_ACTIVATION_OF_AMPK_DOWNSTREAM_OF_NMDARS",19,-1.2308209807764627,0.20166320166320167,0.31664916614265387,"TUBA4A;TUBB4B;TUBA1B;PRKAA2;TUBB2B;TUBA1C;CALM1;PRKAG1;CAMKK2;TUBAL3;TUBB2A;PRKAB1",-0.9406235247978991,0.6505409283230699,,
"REACTOME_E3_UBIQUITIN_LIGASES_UBIQUITINATE_TARGET_PROTEINS",51,-1.153012057002218,0.20449438202247192,0.320630642332922,"TMEM129;PEX14;RPS27A;UBA52;PEX10;RNF40;PAF1;VCP",-1.2627975541678187,0.20935270132517841,,
"REACTOME_HDMS_DEMETHYLATE_HISTONES",30,-1.1839426900539372,0.20484581497797358,0.3207181951675344,"H4C5;JMJD6;KDM5C;KDM4A;KDM4B",-1.0719593828894012,0.4737366185857164,,
"REACTOME_LAMININ_INTERACTIONS",29,1.2149801408550014,0.20555555555555555,0.3210878106025818,"ITGAV;LAMA2;LAMA4;COL4A4;COL18A1;NID2;ITGA1;LAMA3;COL4A5;COL4A6;LAMC1;HSPG2;ITGB1;NID1;COL4A2;LAMC3",1.616357027078769,0.04261953791009297,,
"REACTOME_RHOH_GTPASE_CYCLE",36,1.210524426366437,0.20567375886524822,0.3210878106025818,"RHOH;ZAP70;ARHGDIB;LCK;STOM;VAMP3;OSBPL11;WDR11",1.155463658204051,0.3622067571868275,,
"REACTOME_INSERTION_OF_TAIL_ANCHORED_PROTEINS_INTO_THE_ENDOPLASMIC_RETICULUM_MEMBRANE",21,-1.222236240952428,0.20711297071129708,0.32287007646804217,"STX1A;SEC61B;SGTA;EMD;UBL4A;BAG6;GET3;SEC61G;UBE2J2",-1.0304404157820775,0.5241145358579546,,
"REACTOME_CA_DEPENDENT_EVENTS",33,1.2140011701428308,0.20781527531083482,0.32350010575646454,"CAMK4;PRKAR2B;PDE1B;PDE1A;PRKACB;ADCY5;ADCY7;ADCY4;PRKAR1A;ADCY2;PDE1C",1.4679608114162752,0.09676700111482721,,
"REACTOME_SYNTHESIS_OF_IP3_AND_IP4_IN_THE_CYTOSOL",24,1.2266279399164393,0.20961538461538462,0.3258348027330835,"PLD4;PLCG2;PLCB2;SYNJ1;INPP5B;ITPKB",1.4412442461103545,0.1374113475177305,,
"REACTOME_SYNTHESIS_OF_LEUKOTRIENES_LT_AND_EOXINS_EX",15,1.2425111286342818,0.21031746031746032,0.3264584326816086,"DPEP2;ALOX5AP;GGT5;ALOX15;ALOX5;LTC4S",1.2328214450868216,0.3210496271158036,,
"REACTOME_ASPIRIN_ADME",18,1.2275070623039483,0.21153846153846154,0.3278846153846154,"UGT2B17;UGT2A3;UGT2B7;SLCO2B1;UGT2B15;UGT1A8;CYP2C9",1.092959276350801,0.4755449823667225,,
"REACTOME_NUCLEAR_EVENTS_KINASE_AND_TRANSCRIPTION_FACTOR_ACTIVATION",57,1.1781421735741577,0.21232876712328766,0.328640103179411,"SGK1;LYL1;MEF2C;EGR2;ID4;EGR3;FOSB;MEF2A;MAPK11;DUSP6;FOSL1;RRAD;MEF2D;TPH1;REST;EGR1;ID2;CREB1;PPP2R1B",1.2037971725750518,0.30239687848383506,,
"REACTOME_DISEASES_OF_SIGNAL_TRANSDUCTION_BY_GROWTH_FACTOR_RECEPTORS_AND_SECOND_MESSENGERS",418,1.0893229443907517,0.21381142098273573,0.33046352103457016,"CD19;IRF4;CD28;PIK3CG;APBB1IP;TRAT1;ICOS;BIN2;IL10RA;PIK3CD;PIK3R5;ZAP70;ESR1;CD80;PIK3R6;CD86;STAT1;LCK;MSN;PRF1;HDAC9;VAV1;KAT2B;FYN;DKK2;RAC2;PIK3AP1;JAK2;FGF7;MRAS;FGF2;PDGFRA;ESR2;QKI;MCL1;HGF;TGFB1;BCL2L11;FZD4;BCL2A1;FGF10;FAM114A2;KIT;HEY1;HEY2;BDNF;SEL1L;LYN;KDR;STAT3;CBL;RAP1A;HEYL;FOXO1;KL;AKT3;TPM4;SOS1;PDGFRB;MAML2;PTPN6;ITGB3;TGFBR2;SHOC2;AGO4;NOX4;PIK3CA;RNF213;ARRB1;FGFR1;FKBP1A;ZC3HAV1;TNKS2;PRKAR1A;DUSP6;SPRED1;FOXO3;GAB2;PPP2R5C;FGF1;TCF7L2;EIF2AK3;RAP1B;MAMLD1;RB1;APC;MIB1;NRG1;RICTOR;SHC1;VWF;PIK3R1;PIM1;STAT5A;KSR1;SEC31A;FBXW7;PDGFB;SPRED3;ETV6;WDR48;EGFR;DERL2;VCL;ATG7;HDAC4",1.0953359913249383,0.3362384866792117,,
"REACTOME_FOXO_MEDIATED_TRANSCRIPTION_OF_CELL_CYCLE_GENES",15,1.236975693899881,0.21428571428571427,0.33072546230440963,"CCNG2;RBL2;FOXO1;BTG1;FOXO3;KLF4;CAV1",1.3180263690060163,0.26552905579781083,,
"REACTOME_DEVELOPMENTAL_CELL_LINEAGES_OF_THE_INTEGUMENTARY_SYSTEM",49,1.1647233169099669,0.21530249110320285,0.3318187775787496,"ESR1;GATA3;PGR;ALDH1A3;VIM;FGF10;KIT;HOPX;MME;KLK7;MYH11",1.323634689258788,0.18881818181818183,,
"REACTOME_DOWNREGULATION_OF_ERBB2_SIGNALING",25,-1.1853771643980546,0.21560574948665298,0.3318187775787496,"ERBB2;RPS27A;UBA52;CDC37;AKT2;RNF41;AKT1;STUB1;UBB;ERBB3;UBC;EREG",-0.9803759851140419,0.6010054604641395,,
"REACTOME_SIGNALING_BY_TGFB_FAMILY_MEMBERS",147,1.1264097164678464,0.21641791044776118,0.33224456466265184,"CHRDL1;STAT1;GREM2;LTBP2;ITGA8;CDKN2B;FGF2;TIMP2;TCF4;ITGAV;TGFB1;WWTR1;FSTL1;SMURF2;FBN1;ACVRL1;FOXH1;UBE2D1;CBL;SMAD7;BMPR2;INHBA;SKIL;ITGB3;TGFBR2;AGO4;ARRB1;USP15;SMAD1;FKBP1A;ITGB6;RHOA;TGFB3",1.1955822567011367,0.25088016664354407,,
"REACTOME_REGULATION_OF_LIPID_METABOLISM_BY_PPARALPHA",108,-1.1308672156745971,0.21649484536082475,0.33224456466265184,"MED24;NR1D1;TRIB3;NRF1;MED27;MED26;ESRRA;SREBF2;MED10;CARM1;MED16;MED22;NCOR2;NFYA;NPAS2;NCOA6;PPARGC1A;MED25;MED1;MED29;MED11;RXRA;MED9;SREBF1;MED20;NFYC;MED15;RXRB;PEX11A;FHL2;NR1H2;FDFT1;MED8;MED12;FABP1;MED28;CDK8;MED17;MED19",-0.9486405546252104,0.7077732320280538,,
"REACTOME_ASSOCIATION_OF_TRIC_CCT_WITH_TARGET_PROTEINS_DURING_BIOSYNTHESIS",37,-1.1743147308708957,0.21739130434782608,0.3331491034143945,"CCT7;CCT3;FBXW5;SKIC2;CCT6A;WRAP53;CCT5;FBXW9;NOP56;CCNE1;CCT2;DCAF7;TP53;FBXW4;FBXW2;CCT4;ARFGEF2;HDAC3;USP11",-1.1186356346037165,0.39688543220399175,,
"REACTOME_COLLAGEN_BIOSYNTHESIS_AND_MODIFYING_ENZYMES",59,1.1763451559035694,0.21837088388214904,0.3341781898681382,"TLL1;COL14A1;COL23A1;COL13A1;PCOLCE2;ADAMTS2;ADAMTS3;COL8A2;COL4A4;COL6A3;P4HA3;COL18A1;COL10A1;COL8A1;COL9A1;PCOLCE;ADAMTS14;COL17A1;COL5A1;COL1A2;COL5A2;COL15A1;COL3A1;COL4A5;COL4A6;COL24A1;COL12A1",1.6013843443878448,0.05069995423827841,,
"REACTOME_LATE_ENDOSOMAL_MICROAUTOPHAGY",33,-1.1899281708843255,0.21867881548974943,0.3341781898681382,"RPS27A;UBA52;CHMP4B;PARK7;CHMP2A;VPS28;HDAC6;VPS37D;VPS37C;UBB;UBC;MVB12B;HBB;CHMP6;PCNT;CFTR",-1.0325249945944004,0.5186314291177158,,
"REACTOME_CHAPERONE_MEDIATED_AUTOPHAGY",20,-1.203144300037863,0.2194616977225673,0.33470856741573035,"RPS27A;UBA52;PARK7;HSP90AB1;HDAC6;UBB;EEF1A1;UBC;HBB;PCNT;CFTR;PLIN2",-1.0821355243834379,0.4805012724075507,,
"REACTOME_NGF_STIMULATED_TRANSCRIPTION",35,1.203960584445284,0.21964285714285714,0.33470856741573035,"SGK1;LYL1;EGR2;ID4;EGR3;FOSB;FOSL1;RRAD;MEF2D;TPH1;REST;EGR1;ID2;CREB1",1.2072037319634277,0.3358543391484329,,
"REACTOME_MYD88_INDEPENDENT_TLR4_CASCADE",107,1.1383296475825377,0.22150882825040127,0.33707865168539325,"S100B;LY96;MEF2C;MAP3K8;SAA1;MAPK10;CD14;OPTN;BIRC3;N4BP1;CASP8;USP18;UBE2D1;NLRC5;MEF2A;IKBIP;BIRC2;TANK;TAB2;AGER;MAPK11;MAP2K4;NFKBIA;DUSP6;RIPK1;NOD1",1.2963011738065817,0.15844345494589676,,
"REACTOME_RESPONSE_OF_MTB_TO_PHAGOCYTOSIS",22,-1.1939935609093633,0.22199170124481327,0.33734033032300054,"RPS27A;UBA52;HGS;VPS33B;ENO1;TRIM27;KPNB1;UBB;PGK1;GSK3A;SFPQ;UBC",-1.146421742859616,0.38581387732185474,,
"REACTOME_SLC_MEDIATED_TRANSPORT_OF_ORGANIC_ANIONS",24,-1.1952320566509558,0.22406639004149378,0.3400168296433857,"SLC25A10;SLC25A1;SLC13A3;SLCO4A1;SLCO3A1;SLC25A11;BSG",0.7208669763234263,0.9268001007049345,,
"REACTOME_SLC_MEDIATED_TRANSMEMBRANE_TRANSPORT",170,-1.1056601464538032,0.22492401215805471,0.34063189362494234,"SLC25A6;SLC25A10;SLC25A1;SLC29A2;LCN12;SLC1A5;SLC5A6;SLC39A4;SLC25A4;SLC27A4;SLC13A3;SLC7A5;SLC26A6;SLCO4A1;SLC39A7;SLC43A1;SLC26A1;ARL2;SLC11A2;SLC35B2;SLC31A1;SLCO3A1;SLC3A2;SLC2A8;SLC67A1;SLC25A11;SLC7A1;SLC25A5;SLC1A7;SLC35A2;SLC45A3;SLC39A5;SLC25A22;SLC38A5;BSG;SLC16A10;SLC39A3;SLC5A9;SLC4A2;SLC25A26;SLC2A11;SLC35C1",-0.9182867225086084,0.8096252345453624,,
"REACTOME_ABERRANT_REGULATION_OF_MITOTIC_G1_S_TRANSITION_IN_CANCER_DUE_TO_RB1_DEFECTS",17,-1.1938863706020062,0.2250996015936255,0.34063189362494234,"E2F1;CDK4;CCNE1;CCND1;TFDP1;CDK2;E2F2;CCND3;TFDP2",-1.0579066703649003,0.49781181619256026,,
"REACTOME_ARACHIDONATE_METABOLISM",45,1.1806305926884069,0.22661870503597123,0.3424530570529649,"HPGDS;DPEP2;PTGDS;ALOX5AP;CYP1B1;PTGIS;PTGS1;GGT5;ALOX15;HPGD;ALOX5;CYP2C9;LTC4S",1.3339774375185813,0.17687087724619002,,
"REACTOME_EPH_EPHRIN_SIGNALING",88,-1.128159161743682,0.22739018087855298,0.34295582809392994,"GIT1;HRAS;AP2S1;ARPC1A;EPHB2;ACTG1;EPHB4;NCK2;AP2A2;EPHB3;SRC;EFNA1;CLTCL1;CLTA;EFNA4;AP2M1;EFNB1;MYH14;ACTB;VAV2;CLTC;AP2A1",-0.8230323196404028,0.9162923836032388,,
"REACTOME_TNF_SIGNALING",57,1.1662370272858549,0.22773972602739725,0.34295582809392994,"CYLD;TRAF1;USP2;CLIP3;TNF;TNFAIP3;OPTN;CFLAR;BIRC3;SPPL2A;CASP8;UBE2D1;OTUD1;BIRC2;TAB2",1.2638953534231103,0.22100407380781212,,
"REACTOME_SIGNALING_BY_EGFR_IN_CANCER",24,-1.1871845850023395,0.22821576763485477,0.34295582809392994,"HRAS;RPS27A;UBA52;CDC37;PLCG1",-1.2329600531145382,0.31138268740956865,,
"REACTOME_SIGNALING_BY_ERBB2_IN_CANCER",22,-1.1890066741855498,0.22821576763485477,0.34295582809392994,"ERBB2;HRAS;CDC37;PLCG1",-1.1676906918840582,0.36118962376735125,,
"REACTOME_DOWNSTREAM_SIGNALING_OF_ACTIVATED_FGFR1",22,1.2014767881835726,0.22884615384615384,0.34342749228641345,"FLRT2;FGF2;FGF10;KL;SOS1;FLRT3;PIK3CA;FGFR1;FGF1;SHC1;PIK3R1",1.2546472618622326,0.2965489856328063,,
"REACTOME_PROTEIN_FOLDING",82,-1.1373652837755024,0.23076923076923078,0.34556256507625405,"PFDN2;CCT7;TUBA4A;TUBB4B;CCT3;TBCD;GNB2;FBXW5;PFDN6;SKIC2;CSNK2A2;ARL2;CCT6A;TBCB;WRAP53;TUBA1B;CCT5;FBXW9;NOP56;GNG4;GNG5;ACTB;CCNE1;CCT2;DCAF7;PFDN1;TUBB2B;TBCE;TP53;PFDN4;TUBA1C;FBXW4;TBCC;FBXW2;GNA11;GNB1",-0.9697160029740979,0.6570075851469931,,
"REACTOME_CHONDROITIN_SULFATE_DERMATAN_SULFATE_METABOLISM",33,1.1893997472346027,0.23090586145648312,0.34556256507625405,"CHST11;CSGALNACT2;DSE;IDS;DCN;CHST15;VCAN;BGN;DSEL;CHSY3;CHSY1;CHST3;ARSB",1.4457362392725597,0.12340460849891796,,
"REACTOME_MEIOSIS",72,-1.1350026001347602,0.23209876543209876,0.34686936707138727,"H4C5;H2AJ;H2AC20;PSMC3IP;SYCE2;CDK4;RAD50;H2AZ2;MLH3;SMC1A;ACD;UBE2I;LMNB1;DIDO1;H2AX;BRCA1;RAD51;MSH5;H3-3B;RAD51C;LMNA;RPA3;FIRRM;CDK2;H2BC26",-1.4256586321190265,0.07443080682024755,,
"REACTOME_SUMOYLATION_OF_INTRACELLULAR_RECEPTORS",28,1.2009896307229198,0.23376623376623376,0.34888083031136674,"ESR1;NR3C1;AR;PGR;RORA;PIAS3",1.0802027696135945,0.4805012724075507,,
"REACTOME_M_DECAY_DEGRADATION_OF_MATERNAL_MRNAS_BY_MATERNALLY_STORED_FACTORS",27,-1.1656462978652042,0.23440860215053763,0.34935897435897434,"RPS2;CNOT3;EIF4G1;POLR2D;CNOT9;ELOC;EIF4A3;EIF4B;EIF4A2;TNKS1BP1;EIF4E;PAIP2;AGO2;PABPC1;CNOT2",-1.4277868085431578,0.12838415193552297,,
"REACTOME_ENERGY_DEPENDENT_REGULATION_OF_MTOR_BY_LKB1_AMPK",28,-1.169445375819088,0.23542116630669546,0.35038678387210503,"MLST8;LAMTOR4;LAMTOR2;RPTOR;TSC2;STK11;PRKAA2;LAMTOR5;RHEB;PRKAG1;MTOR;RRAGA;LAMTOR3;LAMTOR1;PRKAB1",-1.1111261241917156,0.4269918245061697,,
"REACTOME_NETRIN_1_SIGNALING",36,1.1765085791775038,0.23581560283687944,0.35049305353152627,"UNC5C;FYN;RGMA;SLIT3;SLIT2;PRKCQ;NCK1;TRPC4;SLIT1;TRPC6;TRPC1;AGAP2;ABLIM3;CDC42",1.2988772251880283,0.2408693396391138,,
"REACTOME_CELLULAR_HEXOSE_TRANSPORT",15,-1.204378512395052,0.23694779116465864,0.3516940539174482,"SLC2A8;SLC45A3;SLC5A9;SLC2A11;SLC50A1;SLC5A2;SLC5A1;SLC2A9;SLC2A10;MFSD4B",-0.9932190094296643,0.5908954758059617,,
"REACTOME_DEVELOPMENTAL_LINEAGE_OF_PANCREATIC_DUCTAL_CELLS",42,1.1782621765598182,0.23809523809523808,0.3529143897996357,"CD74;TFPI2;CA2;AQP1;LAMA2;ANXA1;SLC4A4;KRT7;LAMA4;KRT17;COL5A1;COL1A2;COL5A2;COL3A1;LAMA3;YAP1;COL24A1;PROM1;ANXA3;LAMC1;COL1A1",1.3528208222832394,0.15656565656565657,,
"REACTOME_SIGNALING_BY_NOTCH1",71,-1.1287040570092641,0.2396088019559902,0.35467332895259124,"HDAC11;KAT2A;HES1;NOTCH1;RPS27A;TLE2;UBA52;JAG2;DLL4;MIB2;HDAC8;DTX2;NCOR2;HDAC10;NEURL1;HDAC6;CUL1",-1.0126798424788457,0.5557616221562809,,
"REACTOME_TGF_BETA_RECEPTOR_SIGNALING_ACTIVATES_SMADS",47,1.1532884747350332,0.24014336917562723,0.35469107551487417,"LTBP2;ITGA8;ITGAV;TGFB1;SMURF2;FBN1;CBL;SMAD7;ITGB3;TGFBR2;USP15;FKBP1A;ITGB6;TGFB3",1.2832721864151027,0.2149664730008594,,
"REACTOME_HDR_THROUGH_SINGLE_STRAND_ANNEALING_SSA",37,-1.1463821940056644,0.2402745995423341,0.35469107551487417,"ATRIP;RFC2;RAD50;RFC4;EXO1;BRCA1;RAD51;RFC3;RPA3;RFC5;RAD9B;BARD1;RAD1;ABL1;WRN;TOP3A;RAD9A;BRIP1;MRE11;KAT5;HUS1;TOPBP1;BLM;ATR;RAD52",-1.6752010304981624,0.018370415168526954,,
"REACTOME_SYNDECAN_INTERACTIONS",26,1.1847411725609585,0.2418426103646833,0.35652069598598013,"FGF2;ITGAV;TGFB1;SDC2;ITGB3;SDC3;THBS1;COL5A1;COL1A2;COL5A2;COL3A1",1.570809305149166,0.06677191647414862,,
"REACTOME_SIGNALING_BY_PDGF",52,1.1564452584098812,0.24511545293072823,0.360855178330855,"STAT1;PDGFRA;STAT3;NCK1;PDGFD;COL4A4;COL6A3;SOS1;PDGFRB;PDGFC;PIK3CA;PLAT;COL9A1;THBS1;PIK3R1;THBS4;STAT5A;PDGFB;COL5A1;COL5A2;COL3A1;RAPGEF1;KRAS;COL4A5;PTPN12;NRAS",1.4572695240367273,0.06458657975535143,,
"REACTOME_TRIGLYCERIDE_CATABOLISM",19,1.1735653239335655,0.2456813819577735,0.36119823770214665,"FABP4;PLIN1;PRKACB",1.2640643849721334,0.2966392406695726,,
"REACTOME_DAG_AND_IP3_SIGNALING",37,1.1709825254122825,0.24601769911504426,0.36120325242195267,"CAMK4;PRKAR2B;ITPR1;PDE1B;PDE1A;PRKACB;ADCY5;ADCY7;ADCY4;PRKAR1A",1.4119105603223505,0.14356916019760058,,
"REACTOME_REGULATED_NECROSIS",57,1.1488233503683218,0.2517123287671233,0.36903547173123546,"FASLG;IRF1;TNFSF10;FAS;CFLAR;BIRC3;IL18;IRF2;CASP8;CASP1;SDCBP;BIRC2;CHMP4A;GSDME;RIPK1;CHMP2B;PELI1;RIPK3;MLKL;CASP4",1.193164490840086,0.31953846153846155,,
"REACTOME_SIGNALING_BY_ALK_IN_CANCER",87,1.1392357931905372,0.25203252032520324,0.36903547173123546,"IRF4;ICOS;IL10RA;ZAP70;STAT1;MSN;PRF1;MCL1;BCL2A1;STAT3;TPM4;PTPN6;AGO4;PIK3CA;RNF213;PRKAR1A;EIF2AK3;RB1;SHC1;PIK3R1;STAT5A;SEC31A",1.0964107187060073,0.43581316922812563,,
"REACTOME_DOPAMINE_NEUROTRANSMITTER_RELEASE_CYCLE",20,-1.1666654403734922,0.2525879917184265,0.3693503652486425,"PPFIA3;STX1A;RAB3A;LIN7B;UNC13B;SYN2;CPLX1",-0.8737100208490739,0.7316630355846042,,
"REACTOME_TP53_REGULATES_TRANSCRIPTION_OF_GENES_INVOLVED_IN_G2_CELL_CYCLE_ARREST",18,-1.1730667102935393,0.25311203319502074,0.3696185141542362,"PRMT1;AURKA;CARM1;E2F4;BAX;GADD45A;RBL1;CCNB1;TP53;TFDP1;CDC25C",-1.1105794780426617,0.43968563988095244,,
"REACTOME_HSF1_ACTIVATION",27,-1.1565245954713712,0.2537634408602151,0.37007168458781364,"VCP;HSPB1;HSF1;HSP90AB1;HDAC6;HSBP1;MRPL18;UBB;EEF1A1;RPA3",-1.4584429970855806,0.11279470928476751,,
"REACTOME_BACTERIAL_INFECTION_PATHWAYS",97,1.1290212228197782,0.2591362126245847,0.3773997190572811,"LTF;GBP1;SV2B;GBP2;GBP4;CORO1A;MRC1;B2M;ANTXR1;TLR2;VAMP2;VAMP1;SH3KBP1;LAMA2;CBL;SV2A;LAMA4;EPS15;COL4A4;STAM2;RNF213;MAP2K4",1.3791714869297744,0.09392837594808037,,
"REACTOME_NS1_MEDIATED_EFFECTS_ON_HOST_PATHWAYS",43,-1.123679678015138,0.2595936794582393,0.37755917186620597,"CPSF4;SEC13;AAAS;NUP188;RAE1;NUP85;NUP214;NUP43;KPNA2;KPNB1;POM121C;NUP93;NUP62;NUP205;NUP88;RANBP2;NUP98;NUP37;PABPN1",-1.3844992419618118,0.15942719574328956,,
"REACTOME_NR1H3_NR1H2_REGULATE_GENE_EXPRESSION_LINKED_TO_CHOLESTEROL_TRANSPORT_AND_EFFLUX",35,1.1498235591345172,0.26071428571428573,0.37864247077298896,"APOC1;APOE;ARL4C;CETP;ABCA1;APOD",1.1599141376790112,0.37865594166757016,,
"REACTOME_SIGNALING_BY_FLT3_FUSION_PROTEINS",19,1.1577274266757251,0.26103646833013433,0.37864247077298896,"SOS1;NOX4;PIK3CA;GAB2;PIK3R1;PIM1;STAT5A;ETV6;KRAS;NRAS;GRB2",1.0860086233826864,0.4870376840308336,,
"REACTOME_REGULATION_OF_CDH1_GENE_TRANSCRIPTION",69,-1.1220922561823032,0.2645631067961165,0.3832456219943744,"CTBP1;H4C5;KMT5A;H2AJ;H2AC20;FOXA2;DNTTIP1;SMARCA4;TCF3;H2AZ2;PKM;WT1;RBBP7;H2AX;HDAC1;CTBP2;STRAP;TGIF2;H3-3B;FOXQ1;EED;EZH2;KDM1A;H2BC26;CDH1;MAPK3",-1.3050451562635244,0.15571799033969436,,
"REACTOME_COOPERATION_OF_PDCL_PHLP1_AND_TRIC_CCT_IN_G_PROTEIN_BETA_FOLDING",31,1.1586580049726272,0.26678765880217786,0.3851467954039058,"GNGT2;GNG2;GNG7;GNB4;GNG11;RGS9;GNG12",1.2291114654619602,0.3003772937746527,,
"REACTOME_CELL_DEATH_SIGNALLING_VIA_NRAGE_NRIF_AND_NADE",73,1.113627130113335,0.2668918918918919,0.3851467954039058,"ARHGEF6;FGD2;VAV1;PREX1;NGFR;FGD3;PLEKHG2;ARHGEF3;BCL2L11;ARHGEF15;TIAM1",1.1642065872150218,0.3424141546793717,,
"REACTOME_METALLOPROTEASE_DUBS",25,-1.1329433722312208,0.2669404517453799,0.3851467954039058,"BABAM1;RPS27A;UBA52;H2AC20;STAMBP;BRCA1;BRCC3;UBB;BABAM2;PSMD14;UBC;UIMC1;BARD1",-1.0871980919602857,0.46456794735480905,,
"REACTOME_CARBOXYTERMINAL_POST_TRANSLATIONAL_MODIFICATIONS_OF_TUBULIN",30,-1.1424059949180454,0.2687224669603524,0.38720302344220764,"TUBA4A;TUBB4B;TTLL12;TUBA1B;AGBL5;TTLL1;TTLL2;TTLL11;TUBB2B;TUBA1C;TTLL5;TUBAL3;TUBB2A;LRRC49;TTLL4;TTL",-0.9575534330676386,0.6667293013524014,,
"REACTOME_TP53_REGULATES_TRANSCRIPTION_OF_GENES_INVOLVED_IN_CYTOCHROME_C_RELEASE",18,-1.1477229695673279,0.2717842323651452,0.39109534763419435,"PRELID3A;BID;STEAP3;AIFM2;PRELID1;TRIAP1;BBC3;BAX;PPP1R13B",-0.9469003274842579,0.6418219461697723,,
"REACTOME_SIGNALING_BY_FGFR3",33,-1.1310636285034474,0.2733485193621868,0.3928253556396989,"HRAS;PPP2R1A;RPS27A;UBA52;PLCG1;SRC",-1.2356954858490254,0.295775722946744,,
"REACTOME_EGFR_DOWNREGULATION",28,-1.1333494487310825,0.27429805615550756,0.39339802280443315,"RPS27A;UBA52;EPS15L1;EPN1;SH3GL1;HGS;PTPN3",-1.3033697334216567,0.21613139646327023,,
"REACTOME_SLC_MEDIATED_TRANSPORT_OF_INORGANIC_ANIONS",19,1.1421435358770875,0.2744721689059501,0.39339802280443315,"SLC26A3;SLC26A2;SLC12A6;SLC20A1;SLC4A4;AHCYL2",0.9296928322815442,0.6912222666281522,,
"REACTOME_NCAM1_INTERACTIONS",31,1.1497101846849607,0.27586206896551724,0.39486852879628787,"ST8SIA4;GFRA2;GFRA1;COL4A4;COL6A3;NCAM1;COL9A1;GDNF;COL5A1;COL5A2;COL3A1;COL4A5",1.4183065297565933,0.13643851464356224,,
"REACTOME_TRANSCRIPTION_OF_E2F_TARGETS_UNDER_NEGATIVE_CONTROL_BY_DREAM_COMPLEX",19,-1.1497161300271876,0.2765072765072765,0.39527061266191704,"E2F1;CDC6;CDC25A;TOP2A;E2F4",-1.3939567920678373,0.17687087724619002,,
"REACTOME_SIGNALING_BY_WNT_IN_CANCER",32,-1.1253695322802806,0.2799097065462754,0.39960793631935365,"CTBP1;PPP2R1A;LRP5;AXIN1;RNF43;PORCN;LRP6;AMER1;CTBP2;KREMEN2;GSK3B;FZD5;KREMEN1",-1.1341760456473455,0.3917641619901532,,
"REACTOME_TNFR1_INDUCED_NF_KAPPA_B_SIGNALING_PATHWAY",33,1.1404626972294207,0.28063943161634103,0.40012323693,"CYLD;TRAF1;USP2;TNF;TNFAIP3;OPTN;BIRC3;OTUD1;BIRC2;TAB2",1.2165148137821893,0.3331491034143945,,
"REACTOME_TRANSCRIPTION_OF_E2F_TARGETS_UNDER_NEGATIVE_CONTROL_BY_P107_RBL1_AND_P130_RBL2_IN_COMPLEX_WITH_HDAC1",16,-1.1492566675954954,0.281437125748503,0.400271831464492,"E2F1;MYBL2;E2F4;HDAC1;RBL1;CCNA2;TFDP1",-1.1846450523695045,0.34975590856257266,,
"REACTOME_ANTIGEN_PRESENTATION_FOLDING_ASSEMBLY_AND_PEPTIDE_LOADING_OF_CLASS_I_MHC",29,1.1467074974223226,0.2814814814814815,0.400271831464492,"TAP2;HLA-E;B2M;TAP1;HLA-C;PIK3C3;HLA-B;HLA-F;ERAP1;SEC24A;HLA-A;SEC31A;SEC23A;ERAP2",1.2241612159159687,0.3134594385494146,,
"REACTOME_MEIOTIC_SYNAPSIS",45,-1.0817450258931616,0.2825112107623318,0.4012102927711126,"H4C5;H2AJ;H2AC20;SYCE2;H2AZ2;SMC1A;ACD;UBE2I;LMNB1;DIDO1;H2AX;BRCA1",-0.9954883133174182,0.5537488680108421,,
"REACTOME_CRMPS_IN_SEMA3A_SIGNALING",15,1.1447224106438303,0.2876984126984127,0.40804284676833696,"FYN;PLXNA4;FES;NRP1;DPYSL4;DPYSL3;CRMP1",1.5205100527855357,0.11142375944791325,,
"REACTOME_SMOOTH_MUSCLE_CONTRACTION",37,1.1233644274407837,0.2884955752212389,0.40863929388386977,"CALD1;MYLK;GUCY1A1;ANXA1;GUCY1B1;MYH11;LMOD1;TPM4;ANXA6;PDE5A;SORBS1;ITGA1;VCL",1.6814674218458987,0.03739331443843682,,
"REACTOME_IRS_MEDIATED_SIGNALLING",34,1.1239933357755338,0.29338103756708406,0.4150175042506991,"FGF7;FGF2;FGF10;PIK3C3;PDE3B;KL;SOS1;PIK3CA;FGFR1;GAB2;FGF1;PIK3R1;KRAS;NRAS;FGF19;IRS1;GRB2",1.2048285413489053,0.3214323501404841,,
"REACTOME_INTERLEUKIN_12_SIGNALING",40,1.1153927845453688,0.29874776386404295,0.4220590153548003,"STAT4;LCP1;CA1;MSN;IL12RB1;JAK2;IL12RB2;PDCD4;JAK1;SOD2",1.0928551268664053,0.4452017712328533,,
"REACTOME_PLASMA_LIPOPROTEIN_CLEARANCE",32,-1.1136757604607566,0.3002257336343115,0.4235954759339765,"AP2S1;RPS27A;UBA52;AP2A2;SCARB1;PCSK9;HDLBP;CLTA;AP2M1;LSR;CLTC;AP2A1",0.6491291282520602,0.9855152845097142,,
"REACTOME_CLASS_I_MHC_MEDIATED_ANTIGEN_PROCESSING_PRESENTATION",348,-1.046346158587806,0.30522088353413657,0.430083972252647,"PSMD3;ANAPC11;SEM1;ELOB;PSMB3;PSMC5;PSMA7;THOP1;KLHL25;SEC13;UBE2O;PSMC3;ANAPC7;SEC61A1;UBA1;UBE2M;PSMB7;BCAP31;KEAP1;TRIM11;ADRM1;RPS27A;UBA52;BLMH;PSMB5;HERC2;ASB6;FZR1;RNF34;RNF220;CDC34;SEC61B;TRAIP;FBXO22;ANAPC2;FBXW5;UBE2D4;UBE2C;SIAH2;UBAC1;LRSAM1;FBXL15;RBCK1;FBXL8;CDC20;MIB2;ASB1;RNF126;PSMB6;RNF123;MGRN1;FBXL19;FBXO21;FBXO31;TRIM32;RNF41;RNF114;FBXL12;TRAF7;CDC26;SPSB2;UBE2S;ASB13;ARIH2;CCNF;FBXW9;UBE2R2;CTSV;ASB9;PSMB4;ZNRF1;CUL1;RNF7;BECN1;KLHL22;STUB1;RNF25;DCAF1;PSMD7;LNX1;CALR;HSPA5;PSMD13;ELOC;SKP2;TRIM41;UBE3D;SEC61G;ANAPC5;FBXL20;UBE2J2;PSMB1;PDIA3",0.8713547694783641,0.9014499389859633,,
"REACTOME_JNK_C_JUN_KINASES_PHOSPHORYLATION_AND_ACTIVATION_MEDIATED_BY_ACTIVATED_HUMAN_TAK1",22,-1.0903785743929495,0.3070539419087137,0.432105741855972,"TAB1;MAPK9;RPS27A;UBA52",-1.0175384120434678,0.5220645765952728,,
"REACTOME_RHOBTB_GTPASE_CYCLE",35,-1.1015704047039527,0.30995475113122173,0.43562293390851764,"CCT7;GPS1;ACTG1;CDC37;CCT6A;HSP90AB1;CCT2;RBMX",-1.4496739633615077,0.12583476022343146,,
"REACTOME_HEPARAN_SULFATE_HEPARIN_HS_GAG_METABOLISM",33,1.1201354889397686,0.3108348134991119,0.43629466060354,"HPSE2;HS3ST3B1;GPC6;IDS;CTSL;HS3ST2;HS3ST3A1;HGSNAT;SDC2;HPSE;SDC3;EXTL2",1.369676644676435,0.17875677545842464,,
"REACTOME_PURINE_CATABOLISM",15,-1.1263066860106459,0.3112449799196787,0.43630594730342553,"NT5C;NUDT1;DNPH1;NUDT16;PNP;NUDT5;ITPA",-1.320825183234531,0.21907639868037396,,
"REACTOME_REGULATION_OF_TP53_EXPRESSION_AND_DEGRADATION",36,-1.0952167040550669,0.3127853881278539,0.4376032895254584,"MLST8;PPP2R1A;RPS27A;UBA52;RNF34;DAXX;MAPKAP1;AKT2;CHEK2;AKT1;PRR5",-1.09659569114287,0.43651988167667166,,
"REACTOME_FOXO_MEDIATED_TRANSCRIPTION_OF_OXIDATIVE_STRESS_METABOLIC_AND_NEURONAL_GENES",21,1.1167386541109747,0.31297709923664124,0.4376032895254584,"ABCA6;NR3C1;PLXNA4;FBXO32;SOD2;FOXO1;FOXO3",1.0979921739654535,0.4589468629961588,,
"REACTOME_MYOGENESIS",21,1.115770318621292,0.3148854961832061,0.4397049721477202,"MEF2C;BOC;TCF4;MEF2A;BNIP2;MAPK11;CDC42;MEF2D",1.1563738572160378,0.4125673854447439,,
"REACTOME_MISMATCH_REPAIR",15,-1.1225302208483465,0.3172690763052209,0.44202993243295186,"POLD2;POLD1;LIG1;EXO1;RPA3;PCNA;MSH2",-1.3618542545046683,0.1851983556889464,,
"REACTOME_SIGNALING_BY_NTRK3_TRKC",16,-1.1074122382719533,0.31736526946107785,0.44202993243295186,"HRAS;PLCG1;SRC;NELFB;PTPRO",-1.101264649036666,0.45711207749684735,,
"REACTOME_CARGO_RECOGNITION_FOR_CLATHRIN_MEDIATED_ENDOCYTOSIS",92,1.0865600244550326,0.32166666666666666,0.44734171822281876,"CD3G;CD4;CD3D;ADRB2;IL7R;SYT11;STON1;FZD4;VAMP2;SGIP1;SH3KBP1;VAMP3;CBL;NECAP2;ITSN2;DAB2;EPS15;FCHO2;STAM2",1.2065519062970764,0.2810505741893451,,
"REACTOME_KERATAN_SULFATE_KERATIN_METABOLISM",34,1.1024205173684472,0.3220035778175313,0.44734171822281876,"CHST2;OGN;LUM;ST3GAL6;PRELP;ST3GAL1;B4GALT1;B3GNT2;CHST3;B3GNT7;B4GALT6;GNS",1.4689737377199634,0.09868740884783665,,
"REACTOME_VEGFR2_MEDIATED_VASCULAR_PERMEABILITY",26,-1.0886926654082245,0.32432432432432434,0.44998963157530936,"MLST8;TRIB3;MAPKAP1;AKT2;JUP;AKT1;PRR5;VAV2",-0.861161480648706,0.7769423558897244,,
"REACTOME_RAB_GERANYLGERANYLATION",62,1.0941120892642966,0.32869565217391306,0.455472263868066,"RAB39B;RAB33A;RAB42;RAB37;RAB7B;RAB8B;RAB27A;RAB31;RAB23;RAB2B",1.175071033044114,0.34877665650160405,,
"REACTOME_GOLGI_ASSOCIATED_VESICLE_BIOGENESIS",55,-1.0574343800822426,0.33095238095238094,0.45781510578874396,"ARF1;RAB5C;BLOC1S4;AP1S1;GAK;AP1M2;DNM2;CLTA;HIP1R;BLOC1S1;CLTC;PUM1;YIPF6;AP1M1;AP1B1;NAPA;DNAJC6",-1.1539158923954398,0.30239687848383506,,
"REACTOME_C_TYPE_LECTIN_RECEPTORS_CLRS",115,1.0716379867618342,0.3312302839116719,0.45781510578874396,"CLEC10A;CCL22;ICAM3;PLCG2;CD209;CLEC7A;FCER1G;ITPR1;MUC6;NFATC1;FYN;CLEC4E",1.0897812584230153,0.4394181831330965,,
"REACTOME_DISEASES_ASSOCIATED_WITH_O_GLYCOSYLATION_OF_PROTEINS",58,1.087789228689291,0.3333333333333333,0.45955103769589156,"MUC6;ADAMTS8;THSD7A;ADAMTSL3;ADAMTSL4;ADAMTS1;ADAMTS2;ADAMTS3;ADAMTS10;SPON1;ADAMTS12;ADAMTS4;ADAMTS5;ADAMTS14;MUC4;THBS1;ADAMTSL1;THSD1;ADAMTS6;ADAMTS7;B3GLCT;ADAMTS16;SEMA5A",1.4624230662091962,0.07025678436974081,,
"REACTOME_DISEASES_OF_PROGRAMMED_CELL_DEATH",68,-1.068670729929664,0.3333333333333333,0.45955103769589156,"TRAF2;H4C5;H2AJ;CDC25A;H2AC20;PRDX2;POLA2;CDK5;H2AZ2;JUN;LMNB1;RBBP7;H2AX;DNMT1;CAPNS1;H3-3B;LMNA;DNMT3B;CAPN1;TP53;EED;GOLGA2;C1QBP;CDC25C;EZH2;H2BC26",-0.966192977988012,0.6573913828165536,,
"REACTOME_INOSITOL_PHOSPHATE_METABOLISM",43,1.0929671197838668,0.334525939177102,0.46014916642293063,"PLD4;PLCG2;PLCB2;SYNJ1;INPP4A;INPP5B;ITPKB;IMPA1;NUDT11;INPP4B;IPMK;PLCE1;INPP1;MTMR9;PLCH2",1.2389547960186924,0.2914358347123295,,
"REACTOME_SENSORY_PERCEPTION_OF_TASTE",18,1.0950674908834128,0.3346153846153846,0.46014916642293063,"SCN4B;SCN3A;PLCB2;SCN9A;SCN1B;SCNN1B",1.2397746123815532,0.31022997743500974,,
"REACTOME_ACTIVATED_TAK1_MEDIATES_P38_MAPK_ACTIVATION",23,-1.0596654991905015,0.33608247422680415,0.46158162599504116,"TAB1;RPS27A;UBA52;IRAK1;MAPKAPK3;UBB;UBC;MAP2K3;UBE2V1",-0.8382101845510984,0.8131336133461531,,
"REACTOME_FOXO_MEDIATED_TRANSCRIPTION",55,1.1003580203791512,0.33676975945017185,0.46194082048474894,"FASLG;ABCA6;NR3C1;KAT2B;CCNG2;BCL2L11;PLXNA4;RBL2;TXNIP;FBXO32;SOD2;FOXO1;AKT3;BTG1;FOXO3;BCL6",1.2704125554774266,0.23466015406672988,,
"REACTOME_TURBULENT_OSCILLATORY_DISTURBED_FLOW_SHEAR_STRESS_ACTIVATES_SIGNALING_BY_PIEZO1_AND_INTEGRINS_IN_ENDOTHELIAL_CELLS",30,1.0873324888443368,0.3375912408759124,0.4624829499373295,"STAT1;ITGAV;NLRP3;PDE4D;ITGB3;NFKBIA;CAPN2;VCL;PPP2R1B;YAP1;GNAQ;RELA;ITGB1;ITGA5",1.3010463674938675,0.2359257380121561,,
"REACTOME_INTERACTION_BETWEEN_L1_AND_ANKYRINS",22,1.09722780375952,0.3384615384615385,0.4627959121327577,"SCN4B;ANK2;SCN3A;SCN9A;SCN1B;SCN3B;ANK1",1.419135357202253,0.15674377449121474,,
"REACTOME_PKR_MEDIATED_SIGNALING",67,-1.0709927222098146,0.33867276887871856,0.4627959121327577,"EIF2S2;TUBA4A;TUBB4B;PPP2R1A;TARBP2;FANCC;CENPX;ILF3;FAAP100;DUS2;FANCA;TUBA1B;UBE2I;EIF2S3;ILF2;FANCG;FAAP20;TUBB2B;DHX9;TP53;TUBA1C;FANCE;FANCB",-1.1006553026566792,0.4215832634614205,,
"REACTOME_O_LINKED_GLYCOSYLATION",107,1.0689900617445562,0.3402889245585875,0.46441947565543074,"MMRN1;MUC6;GCNT4;ADAMTS8;THSD7A;ADAMTSL3;ADAMTSL4;ADAMTS1;GALNT16;MMRN2;ADAMTS2;ADAMTS3;ADAMTS10;SPON1;ADAMTS12;B3GNT5;ST3GAL1;ADAMTS4;ADAMTS5;ADAMTS14;MUC4;THBS1;ADAMTSL1;B3GNT2;B3GNT7;THSD1;CHST10;B4GALT6;EMID1;GALNT17;ADAMTS6;ADAMTS7;GALNT14;B3GLCT;ADAMTS16;SEMA5A;ST6GALNAC3",1.3876574189972635,0.08841264667535854,,
"REACTOME_NEGATIVE_REGULATION_OF_FGFR3_SIGNALING",22,-1.0705457015873254,0.34232365145228216,0.466609499781063,"PPP2R1A;RPS27A;UBA52;SRC",-1.0344001420932558,0.5110176619007569,,
"REACTOME_SEROTONIN_NEUROTRANSMITTER_RELEASE_CYCLE",15,-1.1042325324530418,0.3433734939759036,0.4674532508956781,"PPFIA3;STX1A;RAB3A;UNC13B;SYN2;CPLX1",-0.7563357855688485,0.8998323535428098,,
"REACTOME_NR1H2_AND_NR1H3_MEDIATED_SIGNALING",43,1.0654848452288774,0.34525939177101966,0.4694316291623513,"PLIN1;APOC1;APOE;ARL4C;CETP;ABCA1;APOD",1.117192268527712,0.43581316922812563,,
"REACTOME_CARGO_TRAFFICKING_TO_THE_PERICILIARY_MEMBRANE",57,-1.0608983369764677,0.34688995215311,0.4709989539748954,"TUBA4A;TUBB4B;CCT3;RAB3IP;BBS5;EXOC4;TUBA1B;RAB11FIP3;CCT5;HDAC6;INPP5E;EXOC3;CCT2;TUBB2B;MKKS;TUBA1C;PKD1;CCT4;ATAT1;TUBAL3;BBS2;TUBB2A;BBS1;ARL3",-0.886561255810637,0.7904402799453765,,
"REACTOME_PD_L1_CD274_GLYCOSYLATION_AND_TRANSLOCATION_TO_PLASMA_MEMBRANE",21,-1.0714618818934214,0.3472803347280335,0.4709989539748954,"OST4;RPN2;RPS27A;UBA52;RPN1;B3GNT3;MIB2;DDOST",0.9807853553967075,0.6098493324382785,,
"REACTOME_PKA_MEDIATED_PHOSPHORYLATION_OF_CREB",18,1.08471685616224,0.34807692307692306,0.47136118978571667,"PRKAR2B;PRKACB;ADCY5;ADCY7;ADCY4;PRKAR1A;ADCY2;CREB1;NBEA",1.230983951112819,0.32371272171021853,,
"REACTOME_MAP2K_AND_MAPK_ACTIVATION",35,-1.073657696778849,0.34841628959276016,0.47136118978571667,"PEBP1;HRAS;LAMTOR2;ACTG1;WDR83;SRC;MAP2K2",-0.8408477084169156,0.8388698118841444,,
"REACTOME_KERATINIZATION",44,-1.04899329686996,0.3492063492063492,0.47173913043478255,"PKP3;KRT15;KRTAP5-1;ST14;KRT10;JUP;KLK12;EVPL;DSG1;KRTAP4-1;KRT18;PRSS8;CAPNS1;CAPN1;KRT8;KRT19",-0.7284895174653497,0.978832365419508,,
"REACTOME_INTEGRATION_OF_ENERGY_METABOLISM",88,1.0560830926912832,0.34959349593495936,0.47173913043478255,"GNGT2;GNG2;PRKAR2B;ITPR1;CD36;PLCB2;GNG7;GNB4;GNG11;CACNA1E;PRKACB;VAMP2;MARCKS;ADCY5;GNG12;RAP1A;ADCY7;AKAP5",1.182717231089978,0.33645276292335113,,
"REACTOME_IKK_COMPLEX_RECRUITMENT_MEDIATED_BY_RIP1",22,1.084149692564396,0.35,0.47173913043478255,"LY96;CD14;BIRC3;UBE2D1;BIRC2;RIPK1;TLR4;RIPK3",1.2367706445604092,0.31527468251441504,,
"REACTOME_DISEASES_ASSOCIATED_WITH_GLYCOSAMINOGLYCAN_METABOLISM",37,1.0469284170604947,0.35221238938053095,0.47413206262763785,"GPC6;OGN;DCN;LUM;SLC26A2;PRELP;VCAN;BGN;SDC2;SDC3;B4GALT1;CHSY1;PAPSS2;CHST3",1.3187533819656243,0.23621190130624092,,
"REACTOME_SLC_MEDIATED_TRANSPORT_OF_AMINO_ACIDS",27,-1.0669132213912145,0.35268817204301073,0.4741842213961173,"SLC1A5;SLC7A5;SLC43A1;SLC3A2;SLC7A1;SLC1A7;SLC38A5;SLC16A10",-1.1818507872487112,0.35244792530097807,,
"REACTOME_THE_PHOTOTRANSDUCTION_CASCADE",21,1.0727632437887973,0.35877862595419846,0.481775753911269,"PDE6G;PDE6B;RGS9;PRKCQ",0.9902981301510205,0.5982456140350878,,
"REACTOME_EPHB_MEDIATED_FORWARD_SIGNALING",42,-1.0434339916166964,0.36091954022988504,0.4840515465382265,"HRAS;ARPC1A;EPHB2;ACTG1;EPHB4;EPHB3;SRC",-0.8818274765186488,0.7710191474837454,,
"REACTOME_CLASS_I_PEROXISOMAL_MEMBRANE_PROTEIN_IMPORT",20,-1.0654743162670213,0.36438923395445133,0.48810162819824654,"PEX14;PEX16;FIS1;PXMP4",0.7611045897348339,0.8708863662424033,,
"REACTOME_INSULIN_RECEPTOR_SIGNALLING_CASCADE",39,1.0517040278856131,0.3657243816254417,0.48928600994279187,"FGF7;FGF2;FGF10;PIK3C3;PDE3B;KL;SOS1;PIK3CA;FGFR1;GAB2;FGF1;SHC1;PIK3R1;KRAS;NRAS;FGF19;IRS1;GRB2",1.1841878013491007,0.35244792530097807,,
"REACTOME_WNT_LIGAND_BIOGENESIS_AND_TRAFFICKING",18,1.0698116840354697,0.36923076923076925,0.49336870026525204,"WNT2B;WNT10A;WNT11;WNT2;WNT10B;VPS26A;SNX3;VPS35",1.109036537129985,0.45111132550489735,,
"REACTOME_SIGNALING_BY_ERBB4",46,1.0624492317157208,0.3732142857142857,0.49807810578105777,"S100B;ESR1;APOE;PGR;CXCL12;SOS1;TAB2;PIK3CA;NRG1;SHC1;PIK3R1;STAT5A;SPARC;EGFR;KRAS;YAP1;PSENEN;NRAS;BTC;APH1B;GRB2",1.117326209923459,0.4407715229222551,,
"REACTOME_TRANSCRIPTIONAL_REGULATION_BY_NPAS4",30,1.0583000420629751,0.3759124087591241,0.5010626087268423,"NR3C1;IQSEC3;BDNF;PLK2;BMAL1;AGO4;GEM;ARNT;REST",1.105569009123876,0.46457405790000633,,
"REACTOME_RAF_ACTIVATION",32,-1.0572255289505037,0.38148984198645597,0.5072679360761645,"PHB1;HRAS;PPP2R1A;SRC;MAP2K2;BRAP",-1.071589871868994,0.48268148723668214,,
"REACTOME_DOWNSTREAM_SIGNALING_OF_ACTIVATED_FGFR2",20,1.0640495626930944,0.3815028901734104,0.5072679360761645,"FGF7;FGF2;FGF10;SOS1;PIK3CA;FGF1;SHC1;PIK3R1;KRAS;NRAS;GRB2",1.0438538597528002,0.530003085150144,,
"REACTOME_RHOU_GTPASE_CYCLE",38,1.0360171375791773,0.3833922261484099,0.5083830140263549,"ARHGAP30;ARHGEF6;ARHGAP31;NCK1;ITSN2;GIT2;STAM2;CDC42;SRGAP2;PIK3R1;PEAK1;DST;PTK2B;PAK2",1.206492486062416,0.3334365360578853,,
"REACTOME_SARS_COV_2_ACTIVATES_MODULATES_INNATE_AND_ADAPTIVE_IMMUNE_RESPONSES",107,1.038127369447055,0.38362760834670945,0.5083830140263549,"TLR7;TLR8;TLR1;STAT1;STAT2;RIGI;IFIH1;HLA-E;B2M;TLR2;NLRP3;STING1;HLA-C;JAK1;PIK3C3;TAB2;PTPN6;HLA-B;IFNAR2;HLA-F;MASP1;NOD1;SEC24A;IFNAR1;HLA-A",1.0734613313636938,0.4772044625616821,,
"REACTOME_SIGNALING_BY_FGFR1",43,-1.0340081946697661,0.3837471783295711,0.5083830140263549,"FGFRL1;HRAS;PPP2R1A;RPS27A;UBA52;PLCG1;SRC;FRS3;GIPC1;FLRT1",-0.9201616278023008,0.7088214537755823,,
"REACTOME_NOTCH_HLH_TRANSCRIPTION_PATHWAY",28,-1.0516231991439726,0.38660907127429806,0.5115498077226993,"HDAC11;KAT2A;NOTCH1;HDAC8;NCOR2;HDAC10;HDAC6;HDAC1;HDAC5",-0.9950565684564641,0.5973434015415313,,
"REACTOME_LISTERIA_MONOCYTOGENES_ENTRY_INTO_HOST_CELLS",18,-1.0541256294604122,0.3879668049792531,0.5127210516473686,"RPS27A;UBA52;SRC;SH3GL1;HGS",-1.189493351161259,0.3543667123914037,,
"REACTOME_NOTCH1_INTRACELLULAR_DOMAIN_REGULATES_TRANSCRIPTION",47,-1.0208959194232163,0.3918918918918919,0.5172782271322417,"HDAC11;KAT2A;HES1;NOTCH1;RPS27A;TLE2;UBA52;HDAC8;NCOR2;HDAC10;HDAC6;CUL1",-1.1740502919188691,0.3004381779878238,,
"REACTOME_ACYL_CHAIN_REMODELLING_OF_PE",23,1.0362439057026094,0.3945841392649903,0.5201990171354975,"PLA2G2D;PLAAT4;MBOAT1;PLA2G2A;LPCAT3;PLA2G5;PLA2R1;PLAAT3",1.0910422577810823,0.4650834040147017,,
"REACTOME_PYROPTOSIS",25,1.0251919633102309,0.39805825242718446,0.5241422377226883,"IRF1;IL18;IRF2;CASP1;CHMP4A;GSDME;CHMP2B",1.1785899276269007,0.354897813629768,,
"REACTOME_FRS_MEDIATED_FGFR2_SIGNALING",15,1.0490186059296571,0.4007936507936508,0.5271043771043772,"FGF7;FGF2;FGF10;SOS1;FGF1;KRAS;NRAS;GRB2",0.9890304354268791,0.5915648058754569,,
"REACTOME_DEADENYLATION_OF_MRNA",25,-1.0290100171612062,0.40451745379876797,0.5313576723627884,"CNOT3;EIF4G1;PAN2;PARN;CNOT9;EIF4A3;EIF4B;EIF4A2;TNKS1BP1;EIF4E;PAN3;PABPC1;CNOT2",-1.4041155253376514,0.15159806718286079,,
"REACTOME_PROGRAMMED_CELL_DEATH",190,-1.0166284597606137,0.4069400630914827,0.5335705400792617,"PSMD3;E2F1;SEM1;PSMB3;PSMC5;TRAF2;PSMA7;PSMC3;PSMB7;BCAP31;DYNLL2;ADRM1;RPS27A;UBA52;PSMB5;BID;CDC37;CHMP4B;AVEN;FLOT2;DAPK3;AKT2;PSMB6;CHMP2A;DFFA;OCLN;NMT1;AKT1;CASP6;FLOT1;BCL2L1;DSG1;PSMB4;STUB1;HMGB2;BBC3;DFFB;LMNB1;PSMD7;PSMD13;YWHAG;UNC5A;DYNLL1;KPNB1;BAX;PSMB1;PSMD11;PSMB2;PPP1R13B;MAGED1;UBB;PSMD2;PSMC4;GAS2;LMNA;DBNL;PSMD8;DAPK2;ACIN1;TP53;PSMD14;PSMC2;TFDP1;YWHAB;UBC;C1QBP",0.6550300078093033,0.9998497649472049,,
"REACTOME_TIE2_SIGNALING",16,1.0423629069623774,0.40718562874251496,0.5335705400792617,"DOK2;TEK;ANGPT1;SOS1;PIK3CA;SHC1;PIK3R1;KRAS;NRAS;GRB2",1.0745934013610197,0.49251915604459456,,
"REACTOME_PKA_ACTIVATION_IN_GLUCAGON_SIGNALLING",15,1.0400833361980943,0.4087301587301587,0.5349483983380244,"PRKAR2B;PRKACB;ADCY5;ADCY7;ADCY4;PRKAR1A;ADCY2",1.2223403697846216,0.3403177704648293,,
"REACTOME_BASIGIN_INTERACTIONS",22,1.028445232560073,0.4096153846153846,0.5354610750695088,"SPN;ATP1B2;SLC7A7",1.1333807304198826,0.43201678881183087,,
"REACTOME_RIPK1_MEDIATED_REGULATED_NECROSIS",32,1.0149284980854782,0.41323792486583183,0.5391076703117145,"FASLG;TNFSF10;FAS;CFLAR;BIRC3;CASP8;SDCBP;BIRC2;RIPK1;PELI1;RIPK3;MLKL",1.0348763803219247,0.5232824519520606,,
"REACTOME_RESPIRATORY_SYNCYTIAL_VIRUS_INFECTION_PATHWAY",105,1.0283208584392283,0.4133986928104575,0.5391076703117145,"TLR7;CD209;TLR6;LY96;STAT2;RIGI;CX3CR1;HERC5;UBE2L6;GPC6;IFIH1;CD14;OAS2;TLR2;JAK1;CDK19;MED31;EIF2AK2;TLR3;SDC2;MAP1B;IFNAR2",1.09791849091975,0.43651988167667166,,
"REACTOME_HSF1_DEPENDENT_TRANSACTIVATION",32,-1.0281465901646796,0.4153498871331828,0.5410019538289357,"MLST8;RPTOR;HSPB1;HSF1;AKT1S1;HSP90AB1;HSBP1;MRPL18;UBB",-0.8940869613451811,0.7352542556651849,,
"REACTOME_SIGNALING_BY_HIPPO",20,1.0292854535559377,0.41811175337186895,0.5439463458135225,"WWTR1;AMOTL1;LATS2;MOB1A;SAV1;STK3;YAP1;LATS1",0.7295968678419454,0.9090999574726061,,
"REACTOME_RESPIRATORY_SYNCYTIAL_VIRUS_RSV_ATTACHMENT_AND_ENTRY",22,1.0140149363427262,0.41923076923076924,0.5444625977360252,"LY96;CX3CR1;GPC6;CD14;SDC2;SDC3;TLR4;RAB5A;EGFR",1.1811330418582522,0.3754162882228277,,
"REACTOME_PRE_NOTCH_EXPRESSION_AND_PROCESSING",73,-1.0141578801393039,0.4195121951219512,0.5444625977360252,"E2F1;KAT2A;H4C5;ATP2A1;NOTCH1;H2AJ;H2AC20;RFNG;LFNG;H2AZ2;SIRT6;POFUT1;JUN",-0.8111063584579985,0.9126118958836892,,
"REACTOME_DEVELOPMENTAL_LINEAGE_OF_MAMMARY_GLAND_LUMINAL_EPITHELIAL_CELLS",20,1.027765866339998,0.42003853564547206,0.5444943980589453,"ESR1;PGR;ALDH1A3;KIT",0.9308144312211687,0.6837537586200687,,
"REACTOME_OVARIAN_TUMOR_DOMAIN_PROTEASES",39,1.0097454889782358,0.42402826855123676,0.5490103477065535,"ESR1;RIGI;TNFAIP3;TNIP3;IFIH1;UBE2D1;RHOA;RIPK1;NOD1;APC",1.1120736305048138,0.43968563988095244,,
"REACTOME_TIGHT_JUNCTION_INTERACTIONS",22,-1.0027855920752884,0.42946058091286304,0.5544567572938649,"CLDN3;CLDN4;CLDN15;PARD6A;F11R;CLDN14;CLDN7;PARD3;CLDN12;CLDN9;CRB3",0.5644703390754918,0.9939030799957952,,
"REACTOME_SPHINGOLIPID_DE_NOVO_BIOSYNTHESIS",35,-1.018522162300552,0.4298642533936652,0.5544567572938649,"ORMDL3;SPHK2;DEGS2;VAPB;ORMDL2;MFSD2B;FA2H",-0.7181680931369465,0.978832365419508,,
"REACTOME_RHO_GTPASES_ACTIVATE_ROCKS",19,1.0320368015279593,0.42994241842610365,0.5544567572938649,"PPP1R12B;MYH11;PPP1R12A;MYH10;RHOA;RHOC;ROCK1",1.3645100981689668,0.20962015534263298,,
"REACTOME_SYNTHESIS_OF_GLYCOSYLPHOSPHATIDYLINOSITOL_GPI",17,-1.0015912572700811,0.4302788844621514,0.5544567572938649,"DPM2;PIGQ",-1.029779465428065,0.5186314291177158,,
"REACTOME_TRANSCRIPTIONAL_REGULATION_OF_GRANULOPOIESIS",53,1.0173180042425145,0.43902439024390244,0.5650551167433382,"FLI1;IL6R;SPI1;CSF3R;TAL1;RUNX1;STAT3;GFI1",1.0801633661885741,0.48452174392024017,,
"REACTOME_CONSTITUTIVE_SIGNALING_BY_EGFRVIII",15,-1.0033568696959188,0.4397590361445783,0.5653300405413122,"HRAS;CDC37;PLCG1",-1.0093931197927084,0.5641802396572777,,
"REACTOME_NEUROTRANSMITTER_RECEPTORS_AND_POSTSYNAPTIC_SIGNAL_TRANSMISSION",135,1.0068491739756302,0.44153846153846155,0.5663487637482909,"PRKCB;GNGT2;GNG2;CAMK4;PRKAR2B;GRIN3A;PLCB2;KCNJ10;GNG7;GNB4;GNG11;PRKACB;KIF17;DLG2;ADCY5;KCNJ5;GNG12;ADCY7;AKAP5",1.256351551145266,0.16866842848742508,,
"REACTOME_DISEASES_OF_GLYCOSYLATION",130,-1.0125417014802227,0.4415954415954416,0.5663487637482909,"ALG12;B4GALT7;GALK1;DPM2;DPM3;POMT1;ALG3;NOTCH1;SDC1;ADAMTS13;DOLK;MOGS;B3GAT3;MPI;GALE;ALG2;SDC4;NEU1;LFNG;MAN1B1;GLB1;RFT1;POMGNT1;ALG1;MUC5B;B4GAT1;DAG1;BCAN;MUC12",1.0219283477965984,0.5443437449425473,,
"REACTOME_SIGNALING_BY_FLT3_ITD_AND_TKD_MUTANTS",15,1.0079315273630256,0.44246031746031744,0.5667880099698281,"SOS1;NOX4;PIK3CA;GAB2;PIK3R1;PIM1;STAT5A;KRAS;NRAS;GRB2",0.9296728409265457,0.6678367048176737,,
"REACTOME_TBC_RABGAPS",43,0.9924211790370157,0.4472271914132379,0.5722187531643433,"TBC1D10C;RAB33A;RAB7B;RAB8B;OPTN",1.0440891863947974,0.5112362133107426,,
"REACTOME_TGF_BETA_RECEPTOR_SIGNALING_IN_EMT_EPITHELIAL_TO_MESENCHYMAL_TRANSITION",16,-0.9882346382584148,0.4550898203592814,0.5815929977500829,"PRKCZ;RPS27A;UBA52;PARD6A;F11R;UBB;PARD3;UBC",-0.8154887158258293,0.8458380422999746,,
"REACTOME_NPAS4_REGULATES_EXPRESSION_OF_TARGET_GENES",18,1.0260976452941615,0.4576923076923077,0.5842307692307692,"IQSEC3;BDNF;PLK2;BMAL1;GEM;ARNT",1.2580011623568719,0.2913925070498187,,
"REACTOME_PROTEIN_PROTEIN_INTERACTIONS_AT_SYNAPSES",60,-1.0064363791596438,0.4584323040380047,0.5844877201894655,"PPFIA3;GRIN2C;STX1A;LIN7B;SHARPIN;FLOT2;EPB41L5;LRFN4;FLOT1;APBA3;PTPRF;PPFIBP2;GRIN2D;DLGAP4;DLG3;PPFIA4;SYT7;DBNL",-0.6470983924259339,0.9959875124492453,,
"REACTOME_ER_QUALITY_CONTROL_COMPARTMENT_ERQC",21,-0.9895507833211208,0.46234309623430964,0.588781994617636,"RPS27A;UBA52;MAN1B1;EDEM2;OS9;UBB;AMFR;SYVN1;UBC;UGGT1;RNF5",-0.6523663096349424,0.9833290176474978,,
"REACTOME_PLATELET_SENSITIZATION_BY_LDL",16,0.9814730257473232,0.469061876247505,0.5966379082397925,"FGR;PECAM1;PTPN6;PPP2R5C",1.1229160729787988,0.4476579150870443,,
"REACTOME_SEMA3A_PAK_DEPENDENT_AXON_REPULSION",15,0.9833776149382326,0.47619047619047616,0.6048348004808625,"FYN;PLXNA4;FES;NRP1",1.1159869085182217,0.44779411764705873,,
"REACTOME_REGULATION_OF_MITF_M_DEPENDENT_GENES_INVOLVED_IN_PIGMENTATION",39,-0.9840671349994073,0.47706422018348627,0.6048348004808625,"SMARCD2;SMARCB1;SMARCE1;BCL7A;SMARCA4;SS18L1;AKT2;BCL7C;SMARCC2;BCL7B;ACTB;MLANA;PMEL;DPF1",-0.9350640703720919,0.6818168655160431,,
"REACTOME_COBALAMIN_CBL_VITAMIN_B12_TRANSPORT_AND_METABOLISM",18,-0.9777583316330134,0.47717842323651455,0.6048348004808625,"MMAB;CD320;MMACHC",-0.8391120407670769,0.8096252345453624,,
"REACTOME_RIP_MEDIATED_NFKB_ACTIVATION_VIA_ZBP1",17,0.9907556264078927,0.478,0.6051691948658109,"ZBP1;MYD88;TLR3;NFKBIA;RIPK1;RIPK3",1.265184612597852,0.3009387668017922,,
"REACTOME_NOTCH4_INTRACELLULAR_DOMAIN_REGULATES_TRANSCRIPTION",19,-0.9760871911743476,0.4802494802494803,0.6072579922987373,"KAT2A;HES1;NOTCH1",0.9951037222028981,0.6219572614226812,,
"REACTOME_FGFR1_MUTANT_RECEPTOR_ACTIVATION",24,0.9739536360112194,0.4807692307692308,0.6072579922987373,"STAT1;FGF2;STAT3;PIK3CA;FGFR1;GAB2;FGF1;PIK3R1;STAT5A",0.8577969261984506,0.7712378640776699,,
"REACTOME_BMAL1_CLOCK_NPAS2_ACTIVATES_CIRCADIAN_EXPRESSION",25,-0.9784004572772631,0.48254620123203285,0.6087937538799484,"F7;CARM1;NPAS2;NCOA6;MED1;RXRA",0.6519837359591087,0.983405355378342,,
"REACTOME_SIGNALING_BY_RETINOIC_ACID",34,-0.9802246405169308,0.4853273137697517,0.6115913303602563,"PDHA1;DHRS4;RDH14;RDH11;PDHX;RDH16;RDH13;ALDH1A2;RXRA;DLD;PDK2;PDK3;RXRB;DHRS3;RARA",-0.8248956378581324,0.8578021291069886,,
"REACTOME_SMAD2_SMAD3_SMAD4_HETEROTRIMER_REGULATES_TRANSCRIPTION",36,-0.9768932273286196,0.4931506849315068,0.6207291103836251,"RPS27A;UBA52;E2F4;MEN1;TGIF1;YBX1;HDAC1;UBB;RBL1;CDK9;TGIF2;TFDP1;UBC;MYC;CDK8",-0.7358923648919454,0.9636930697843205,,
"REACTOME_TRP_CHANNELS",20,0.968737034132051,0.5009633911368016,0.6298323051951676,"TRPV2;TRPM6;TRPV3;TRPC4;TRPC6;TRPC1;RIPK1;RIPK3;MLKL",1.0159033614100503,0.5620893887588465,,
"REACTOME_TRANSCRIPTIONAL_REGULATION_BY_VENTX",39,-0.9669454958519622,0.5022935779816514,0.6306468209386533,"ANAPC11;EHMT2;ANAPC7;FZR1;ANAPC2;UBE2C;CDC26;UBE2S",-1.0478160846308766,0.49836684699397776,,
"REACTOME_LONG_TERM_POTENTIATION",15,-0.9670449894001049,0.5040160642570282,0.6306468209386533,"GRIN2C;SRC;GRIN2D;DLG3;CALM1;GRIN2B;GRIN1",-0.8515115465223028,0.7938925408862666,,
"REACTOME_HS_GAG_DEGRADATION",19,0.9873636047157099,0.5047984644913628,0.6306468209386533,"HPSE2;GPC6;IDS;CTSL;HGSNAT;SDC2;HPSE;SDC3",1.239819134718863,0.32371272171021853,,
"REACTOME_MAP3K8_TPL2_DEPENDENT_MAPK1_3_ACTIVATION",16,-0.965196371240804,0.5049900199600799,0.6306468209386533,"RPS27A;UBA52;TNIP2",-0.95181045399514,0.6338225848055553,,
"REACTOME_SYNTHESIS_OF_BILE_ACIDS_AND_BILE_SALTS_VIA_7ALPHA_HYDROXYCHOLESTEROL",16,-0.9676382678182258,0.5049900199600799,0.6306468209386533,"ACOT8;SLC27A5;ACOX2;RXRA;SLC27A2;AMACR",-0.7278127388621936,0.9271246098333074,,
"REACTOME_RND3_GTPASE_CYCLE",40,-0.9700618704490185,0.5056433408577878,0.6306468209386533,"WDR6;SCRIB;FLOT2;ARHGAP35;TNFAIP1;DSG1;KCTD13;RBMX;DLG5;CKAP4;CKB;UBXN11;PLEKHG5",-0.9022661468984492,0.7304486680168251,,
"REACTOME_SHC1_EVENTS_IN_ERBB2_SIGNALING",18,-0.9540378760514231,0.5062240663900415,0.6306468209386533,"ERBB2;HRAS",-0.9604820315107403,0.6334610472541508,,
"REACTOME_SYNTHESIS_OF_PA",34,0.9484241705180642,0.5062611806797853,0.6306468209386533,"PLA2G2D;LIPH;PLA2G2A;GPAT3;AGPAT4;GPD2;PLA2G5;PLA2R1;MIGA1",0.8972162153581037,0.7088214537755823,,
"REACTOME_MECHANICAL_LOAD_ACTIVATES_SIGNALING_BY_PIEZO1_AND_INTEGRINS_IN_OSTEOCYTES",16,0.9541965083813819,0.5109780439121756,0.6357926349136589,"P2RX7;CACNA2D1;ITGAV;ITGB3",1.2126442693520374,0.3424141546793717,,
"REACTOME_DENGUE_VIRUS_ATTACHMENT_AND_ENTRY",42,0.9537064336262774,0.5185185185185185,0.6438860971524287,"CD209;CD33;CD300A;MRC1;GPC6;CD14;AXL",1.2602615177857506,0.27353909028183215,,
"REACTOME_METABOLISM_OF_FAT_SOLUBLE_VITAMINS",34,-0.9535381586046852,0.5191873589164786,0.6438860971524287,"SDC1;UBIAD1;SDC4;RBP4;RDH11;APOM;GPC2;LRP8;VKORC1L1;GPC1;GPC4;PLB1;AKR1C3;AGRN;BCO2;RETSAT",-0.49460664414258076,0.9998497649472049,,
"REACTOME_NON_INTEGRIN_MEMBRANE_ECM_INTERACTIONS",72,0.9682263347008333,0.5192629815745393,0.6438860971524287,"FGF2;ITGAV;TGFB1;DDR2;SSPN;LAMA2;LAMA4;COL4A4;SDC2;ITGB3;SNTB2;COL10A1;UTRN;SGCE;SDC3;SGCD;THBS1;PDGFB;COL5A1;COL1A2;COL5A2;SGCA;COL3A1;LAMA3",1.6263043180321513,0.020139996193130043,,
"REACTOME_BBSOME_MEDIATED_CARGO_TARGETING_TO_CILIUM",21,-0.9478130202257123,0.5209205020920502,0.6452040465409526,"CCT3;RAB3IP;BBS5;CCT5;CCT2;MKKS;CCT4;BBS2;BBS1;TCP1",-0.9404135768806634,0.6570233665570662,,
"REACTOME_TP53_REGULATES_TRANSCRIPTION_OF_CELL_DEATH_GENES",42,-0.9684331979548194,0.5218390804597701,0.6456047916748581,"PRELID3A;BID;STEAP3;BIRC5;RABGGTA;AIFM2;RABGGTB;PIDD1;PRELID1;CASP6;TRIAP1;TNFRSF10D;BBC3",-0.9193184318515951,0.7227100599766444,,
"REACTOME_PRE_NOTCH_PROCESSING_IN_GOLGI",18,-0.9463981303748088,0.5228215767634855,0.6460836113762891,"ATP2A1;NOTCH1;RFNG;LFNG",0.8806313709717751,0.7304486680168251,,
"REACTOME_CELL_EXTRACELLULAR_MATRIX_INTERACTIONS",18,0.9680712449108926,0.525,0.6473011363636364,"ARHGEF6;FERMT2;ILK;LIMS1;FLNA;VASP;ITGB1;RSU1;PARVA",1.319861312563473,0.24212488604046756,,
"REACTOME_DARPP_32_EVENTS",22,0.9462820469940221,0.525,0.6473011363636364,"PRKAR2B;PDE4B;PRKACB;PDE4D;PPP3CB;PPP3CC",0.9792426599942966,0.6051111399224973,,
"REACTOME_GENE_AND_PROTEIN_EXPRESSION_BY_JAK_STAT_SIGNALING_AFTER_INTERLEUKIN_12_STIMULATION",32,0.9410986747876396,0.5259391771019678,0.6477230501199036,"STAT4;LCP1;CA1;MSN",-1.090715755149001,0.4452017712328533,,
"REACTOME_BIOSYNTHESIS_OF_SPECIALIZED_PRORESOLVING_MEDIATORS_SPMS",15,0.9414548275876808,0.5277777777777778,0.6477815485168427,"ALOX5AP;ALOX15;HPGD;ALOX5;CYP2C9;LTC4S;CYP2E1",1.0284438402703522,0.5573175316499965,,
"REACTOME_DEPOLYMERIZATION_OF_THE_NUCLEAR_LAMINA",15,0.93980340417623065,0.5277777777777778,0.6477815485168427,"PRKCB",0.9980244147087102,0.585644856409545,,
"REACTOME_ENDOGENOUS_STEROLS",15,0.9433897001212622,0.5277777777777778,0.6477815485168427,"CYP7B1;CYP1B1;AHR;NCOA2;ARNT;NCOA1",0.9543915028861806,0.6295955882352942,,
"REACTOME_HEME_SIGNALING",44,0.9496483530383141,0.5294117647058824,0.6485789317976421,"LY96;MEF2C;RORA;HMOX1;BACH1;BMAL1;CHD9;NCOA2;NRIP1;TLR4;MEF2D;SMARCD3;NCOA1",0.9810751238507188,0.6088664421997756,,
"REACTOME_NCAM_SIGNALING_FOR_NEURITE_OUT_GROWTH",51,0.9592263052774198,0.5296229802513465,0.6485789317976421,"ST8SIA4;GFRA2;FYN;GFRA1;COL4A4;COL6A3;SOS1;FGFR1;NCAM1;COL9A1;GDNF;COL5A1;COL5A2;COL3A1;CREB1;KRAS;COL4A5;NRAS",1.2049509024280551,0.3127825132377631,,
"REACTOME_NUCLEAR_RECEPTOR_TRANSCRIPTION_PATHWAY",45,0.9464081876828258,0.5305755395683454,0.6490129204415499,"ESR1;NR3C1;AR;NR4A3;PGR;RORA;ESR2",0.9735871793640315,0.6120660896813587,,
"REACTOME_ATTACHMENT_OF_BACTERIA_TO_EPITHELIAL_CELLS",21,0.9379444133722303,0.5362595419847328,0.6552270304655801,"LAMA2;LAMA4;COL4A4;COL5A1;COL5A2;LAMA3;COL4A5;COL4A6;LAMC1;COL4A2;LAMC3",1.375716571805597,0.20224719101123598,,
"REACTOME_SIGNALING_BY_CTNNB1_PHOSPHO_SITE_MUTANTS",15,-0.9469840035871396,0.5381526104417671,0.6555462027684249,"PPP2R1A;AXIN1",-1.3696439273093364,0.1734372842932812,,
"REACTOME_DOWNSTREAM_SIGNALING_OF_ACTIVATED_FGFR4",20,-0.9321259084635951,0.5383022774327122,0.6555462027684249,"HRAS;FGFR4;PLCG1;FRS3",-1.0933556028914986,0.4527997385140242,,
"REACTOME_P75_NTR_RECEPTOR_MEDIATED_SIGNALLING",92,0.9470457754038798,0.5383333333333333,0.6555462027684249,"ARHGEF6;FGD2;VAV1;PREX1;NGFR;FGD3;PLEKHG2;ARHGEF3;BCL2L11;ARHGEF15;MYD88;TIAM1",1.038479679171772,0.5003503328161754,,
"REACTOME_RUNX1_REGULATES_GENES_INVOLVED_IN_MEGAKARYOCYTE_DIFFERENTIATION_AND_PLATELET_FUNCTION",58,-0.941184943220275,0.5428571428571428,0.6603139013452914,"WDR5;PRMT1;H4C5;H2AJ;SETD1A;H2AC20",-0.7864922506806176,0.9198880057803468,,
"REACTOME_INFECTION_WITH_ENTEROBACTERIA",36,0.9423411229995989,0.5460992907801419,0.663513695964674,"GBP1;GBP2;GBP4;LAMA2;LAMA4;COL4A4;COL5A1;COL5A2;CASP4;LAMA3;COL4A5;COL4A6",1.3929053167518402,0.14047489577669023,,
"REACTOME_SIGNALING_BY_TGFBR3",41,0.9414157271368101,0.5472370766488414,0.6639931384593988,"FGF2;TIMP2;TCF4;TGFB1;INHBA;TGFBR2;AGO4;ARRB1",0.9988665032623123,0.5854775841515196,,
"REACTOME_ATTENUATION_PHASE",24,-0.9343620081881225,0.5477178423236515,0.6639931384593988,"HSPB1;HSF1;HSP90AB1;HSBP1;MRPL18;UBB;SERPINH1;HSPA2;TNFRSF21;CREBBP;FKBP4;HSPA1B;DNAJB1;HSP90AA1;PTGES3;DEDD2",-1.186105935471781,0.35405064392620955,,
"REACTOME_RHOBTB1_GTPASE_CYCLE",23,-0.9264353959119567,0.5484536082474227,0.6641430412371134,"CCT7;GPS1",-1.099968237097276,0.43581316922812563,,
"REACTOME_PLASMA_LIPOPROTEIN_REMODELING",19,0.9481655872751971,0.5547024952015355,0.6709612121445552,"APOE;CIDEC;CETP;CREB3L3;LIPG;PCSK5",1.4263190334801463,0.16348665161846912,,
"REACTOME_SARS_COV_1_ACTIVATES_MODULATES_INNATE_IMMUNE_RESPONSES",40,0.9285126795204176,0.5688729874776386,0.6873354024646302,"TLR7;RIGI;IFIH1;NLRP3;STING1;RUNX1;NMI;CASP1;FKBP1A;NFKBIA;BST2;RCAN3;RIPK3",1.0255193101000475,0.525034564487458,,
"REACTOME_RHO_GTPASES_ACTIVATE_PAKS",20,0.9180342897514777,0.5703275529865125,0.6883263570526875,"MYLK;PPP1R12B;MYH11;PPP1R12A;MYH10;CDC42",1.2311583928194123,0.3350530993447315,,
"REACTOME_DETOXIFICATION_OF_REACTIVE_OXYGEN_SPECIES",34,0.9053556778114176,0.5724508050089445,0.6897536995556861,"NCF1;CYBB;NCF2;AQP8;GPX3;NCF4;SOD2",1.073461072688104,0.48378734303223864,,
"REACTOME_ESR_MEDIATED_SIGNALING",175,-0.9506991519252347,0.573134328358209,0.6897536995556861,"POLR2H;POLR2J;POLR2L;POLR2I;PRMT1;H4C5;HRAS;PRKCZ;GNB2;AXIN1;H2AJ;POLR2F;H2AC20;PPP5C;SRC;HSPB1;CARM1;POLR2E;AKT2;GTF2F1;POLR2G;YY1;TFF3;KDM4B;SRF;POLR2D;AKT1;H2AZ2;SMC1A;HSP90AB1;KPNA2;GNG4;GNG5;AREG;JUN",0.7040458771266005,0.9959875124492453,,
"REACTOME_ACTIVATION_OF_SMO",17,0.9123824394321374,0.574,0.6897536995556861,"EVC2;BOC;EVC",1.113457790667902,0.46457405790000633,,
"REACTOME_INTERLEUKIN_1_FAMILY_SIGNALING",126,0.9349134182375235,0.5745341614906833,0.6897536995556861,"S100B;IL1RL1;IL18BP;IL18RAP;IL18R1;IL1R1;MAP3K8;SAA1;IRAK3;N4BP1;IL18;MYD88;CASP8;MAP3K3;USP18;NLRC5;STAT3;PTPN7;CASP1;IKBIP;TAB2;PTPN6;PELI2;ALOX5;IL33;AGER;MAP2K4;NFKBIA",0.9909338584036428,0.5908954758059617,,
"REACTOME_NEGATIVE_REGULATION_OF_FGFR2_SIGNALING",24,-0.9144710558971557,0.5746887966804979,0.6897536995556861,"PPP2R1A;RPS27A;UBA52;SRC",-0.8127527312285803,0.8582688658589988,,
"REACTOME_GAP_JUNCTION_ASSEMBLY",21,-0.9023898345105918,0.5774058577405857,0.6922490117663376,"TUBA4A;TUBB4B;GJB1",-0.7638405035597559,0.8830040040365896,,
"REACTOME_BETA_CATENIN_PHOSPHORYLATION_CASCADE",17,-0.9068799009431848,0.5796812749003984,0.6942099153056648,"PPP2R1A;AXIN1",-1.2046063231415176,0.33245228242736746,,
"REACTOME_NICOTINATE_METABOLISM",26,0.9120827779980403,0.5834932821497121,0.6980046429244076,"CD38;PARP9;PARP14;PARP8;NNMT;NMRK1;BST1;NUDT12;NMNAT2;NT5E",1.05671279159701,0.5003503328161754,,
"REACTOME_HYALURONAN_METABOLISM",17,-0.9009976355073581,0.5856573705179283,0.6998218579426786,"GUSB;HYAL2;HYAL3",0.7008974645556231,0.9274529309900151,,
"REACTOME_INFECTION_WITH_MYCOBACTERIUM_TUBERCULOSIS",26,0.9053845374450065,0.5911708253358925,0.705632943332721,"LTF;CORO1A;MRC1;B2M;TLR2",0.9830825476145184,0.5908954758059617,,
"REACTOME_GASTRULATION",91,-0.9438999470303749,0.5939849624060151,0.7082128397917872,"PSMD3;SEM1;PSMB3;PSMC5;KAT2A;PSMA7;PSMC3;NOTCH1;PSMB7;ADRM1;PSMB5;FOXA2;MESP2;PSMB6;LFNG",-0.8434595725960727,0.8969258589511755,,
"REACTOME_NOD1_2_SIGNALING_PATHWAY",36,0.9046024466778007,0.5957446808510638,0.7095312609477544,"CYLD;TNFAIP3;BIRC3;CASP8;CASP1;BIRC2;TAB2;MAPK11;NOD1",0.9221644213929084,0.6949264810536803,,
"REACTOME_CLATHRIN_MEDIATED_ENDOCYTOSIS",132,0.9341035679252269,0.5978260869565217,0.7112295003813883,"CD3G;CD4;CD3D;ADRB2;IL7R;SYT11;FNBP1;SYNJ1;STON1;PACSIN1;FZD4;VAMP2;SGIP1;SH3KBP1;SNX18;VAMP3;CBL;NECAP2;ITSN2;DAB2;EPS15;FCHO2;STAM2;AMPH;ARRB1;ACTR2",1.0407156362343661,0.5112362133107426,,
"REACTOME_REGULATION_OF_FZD_BY_UBIQUITINATION",17,-0.8965441808413545,0.601593625498008,0.7149278024812034,"LRP5;RPS27A;UBA52;RNF43;ZNRF3;LRP6;UBB;FZD5",-1.1061750035417897,0.4215832634614205,,
"REACTOME_PHOSPHOLIPID_METABOLISM",193,0.9406475213749855,0.6028985507246377,0.7156946690768402,"PLA2G2D;PIK3CG;PLD4;PIK3CD;TNFAIP8L2;PIK3R5;PIP4K2A;PIK3R6;BMX;TNFAIP8;SYNJ1;PLAAT4;INPP4A;PLA1A;PHOSPHO1;PIK3C3;LIPH;PIKFYVE;PLD3;OSBPL8;OSBPL10;PIK3CA;INPP4B;MBOAT1;PLA2G2A;MTM1;GPAT3;MTMR12;SACM1L;PIK3R1;LPCAT3;AGPAT4;RAB5A;INPP5F;ABHD3;PCYT1A;GPD2;PI4K2A;PLA2G5;MTMR9;MTMR2;PLA2R1;MIGA1",1.0196987488028475,0.5417876495718592,,
"REACTOME_RHO_GTPASES_ACTIVATE_CIT",19,0.9009654260041211,0.6103646833013435,0.7230051607780865,"PPP1R12B;MYH11;PPP1R12A;MYH10;RHOA",1.1238171285112302,0.43651988167667166,,
"REACTOME_GLUTATHIONE_CONJUGATION",29,-0.9007280032183984,0.6103896103896104,0.7230051607780865,"GSS;GGCT;OPLAH;CHAC1;AKR1A1;GSTM4;GSTP1;GSTZ1",0.7267651012663782,0.9292715175068117,,
"REACTOME_WNT5A_DEPENDENT_INTERNALIZATION_OF_FZD4",15,-0.8930156276117142,0.6144578313253012,0.7270302584383335,"AP2S1;AP2A2;CLTA;AP2M1;DVL2;CLTC;AP2A1",1.0765345067636867,0.4924041000440076,,
"REACTOME_VEGFR2_MEDIATED_CELL_PROLIFERATION",19,0.8988702924626183,0.6161228406909789,0.7282061897055687,"PRKCB;ITPR1",0.9307519078924706,0.6898481199195043,,
"REACTOME_RORA_B_C_AND_NR1D1_REV_ERBA_REGULATE_GENE_EXPRESSION",24,-0.8931370511091241,0.6203319502074689,0.7323832056312337,"NR1D1;CARM1;NCOA6;PPARGC1A;MED1;RXRA;SREBF1",-0.7978099070611501,0.8772385607970511,,
"REACTOME_SENSORY_PERCEPTION",143,0.9235941113397895,0.6231231231231231,0.7348789006397702,"RIPOR2;PDE6G;SCN4B;MSN;SCN3A;PLCB2;OR2I1;EPB41L3;PDE6B;APOE;GPC6;SCN9A;DHRS9;VAMP2;EBF1;CLIC5;RGS9;SCN1B;PRKCQ",1.0341166185512978,0.5281892101622863,,
"REACTOME_ADIPOGENESIS",102,-0.9272294131078136,0.6259541984732825,0.7374161838691765,"MED24;MED27;MED26;CHD4;MTA1;HNRNPU;MBD3;SREBF2;MED10;CARM1;MED16;CDK4;MED22;NCOR2;NCOA6;MTA2;PPARGC1A;MED25;GATAD2A;MED1;MED29;MED11;RXRA;MED9;RBBP7;HDAC1;SREBF1;PCK1;MED20",0.7796440279092268,0.9330632157770704,,
"REACTOME_FORMATION_OF_THE_CORNIFIED_ENVELOPE",42,-0.892442106581658,0.6275862068965518,0.7385369137557035,"PKP3;KRT15;ST14;KRT10;JUP;KLK12;EVPL;DSG1;KRT18;PRSS8;CAPNS1;CAPN1;KRT8;KRT19",-0.5687872254119197,0.9998497649472049,,
"REACTOME_ACYL_CHAIN_REMODELLING_OF_PC",23,0.8663618487494509,0.6305609284332688,0.7412335940954461,"PLA2G2D",0.8470804992031283,0.8027332144979203,,
"REACTOME_TRANSLATION_OF_SARS_COV_1_STRUCTURAL_PROTEINS",29,-0.8795927343438938,0.6385281385281385,0.7497868293322839,"RPS27A;UBA52;PRKCSH;MOGS;PARP16;UBE2I;UBB;GSK3B;PARP6;GANAB;GSK3A;UBC",-0.6334929730258543,0.9926017992424242,,
"REACTOME_ASSEMBLY_AND_CELL_SURFACE_PRESENTATION_OF_NMDA_RECEPTORS",29,-0.8717452905576061,0.645021645021645,0.7561892845929155,"TUBA4A;GRIN2C;TUBB4B;LIN7B;TUBA1B;GRIN2D;DLG3;TUBB2B;TUBA1C;GRIN2B;TUBAL3;GRIN1;TUBB2A;LIN7C;CASK",-0.6281056091282696,0.9926017992424242,,
"REACTOME_ACTIVATED_PKN1_STIMULATES_TRANSCRIPTION_OF_AR_ANDROGEN_RECEPTOR_REGULATED_GENES_KLK2_AND_KLK3",30,-0.8895738074953781,0.6453744493392071,0.7561892845929155,"H4C5;H2AJ;H2AC20",-1.1908294295055608,0.3127825132377631,,
"REACTOME_RA_BIOSYNTHESIS_PATHWAY",17,-0.8653087163889797,0.649402390438247,0.7600880190134822,"DHRS4;RDH14;RDH11;RDH16;RDH13;ALDH1A2",-0.6936862015383348,0.9669981311960777,,
"REACTOME_NEURONAL_SYSTEM",264,0.9273277113468669,0.6516220028208745,0.7612157803689517,"PRKCB;KCNA3;GNGT2;GNG2;KCNN3;CAMK4;KCNK13;SLC18A2;PRKAR2B;GRIN3A;PLCB2;KCNJ10;GNG7;EPB41L3;GNB4;NLGN4X;GNG11;CACNA1E;KCND3;PRKACB;KIF17;VAMP2;DLG2;ADCY5;SLC1A3;ARL6IP5;KCNAB3;KCNJ5;GNG12;ADCY7;APBA2;PTPRS;AKAP5;ABCC9;LRRC4B;KCNMA1;ADCY4;GABRR2;NLGN2;PRKAR1A;CACNA2D3;NAAA;GLRB;PRKAG2;SLITRK6;SLC38A2;GLUL;KCNB1;NRG1;KCNMB1;SYT2;ADCY2;KCNG1;KCNH3;KCND1;SLC6A12;KCNS3;LRFN1;GNAI2",1.2094482354566485,0.16233859397417502,,
"REACTOME_UPTAKE_AND_ACTIONS_OF_BACTERIAL_TOXINS",27,0.8688190496486418,0.6517690875232774,0.7612157803689517,"SV2B;ANTXR1;VAMP2;VAMP1;SV2A;MAP2K4;SYT2",1.04020117995518,0.5220645765952728,,
"REACTOME_SIGNAL_TRANSDUCTION_BY_L1",20,0.8691935784546189,0.653179190751445,0.7620423892100192,"ITGAV;NRP1;ITGB3;FGFR1;NCAM1;EGFR;ITGA9",1.1271917888434093,0.4365563930177177,,
"REACTOME_EVASION_BY_RSV_OF_HOST_INTERFERON_RESPONSES",21,0.8747879404805419,0.6545801526717557,0.7620826654256512,"STAT2;RIGI;IFIH1;JAK1;EIF2AK2;IFNAR2;IFNAR1",0.9353972686169487,0.6735327313769752,,
"REACTOME_FRS_MEDIATED_FGFR4_SIGNALING",15,-0.8724606099073619,0.6546184738955824,0.7620826654256512,"HRAS;FGFR4;FRS3",-1.0717778860122749,0.5001213003396409,,
"REACTOME_BIOLOGICAL_OXIDATIONS",148,0.9140419876126812,0.6553254437869822,0.7620880026890415,"ADH1B;HPGDS;DPEP2;GSTM5;CYP7B1;SULT1C4;CYP1B1;UGT2B17;FMO3;PTGIS;ADH1C;FMO1;PTGS1;GGT5;UGT2A3;AOC3;UGT2B7;UGT2B15;GSTM2;MAT2B;CBR3",0.9401042161109986,0.7088214537755823,,
"REACTOME_SLC_TRANSPORTER_DISORDERS",71,-0.8988662983948335,0.6601466992665037,0.7668727716318593,"SEC13;AAAS;SLC39A4;SLC27A4;NUP188;RAE1;NUP85;SLC11A2;SLC3A2;NUP214;SLC67A1;SLC35A2;NUP43;BSG;SLC35C1;POM121C;NUP93;NUP62;SLC33A1;SLC5A2;SLC5A1;NUP205;SLC2A9;NUP88;SLC24A1;SLC2A10;HEPH;RANBP2;NUP98;HK1",-0.9624695719436328,0.6418219461697723,,
"REACTOME_NEGATIVE_REGULATION_OF_FGFR1_SIGNALING",24,-0.8719202953600705,0.6618257261410788,0.7680009763241396,"PPP2R1A;RPS27A;UBA52;SRC",0.807269038950333,0.8408018867924528,,
"REACTOME_TRAF6_MEDIATED_IRF7_ACTIVATION",16,0.8469905361219223,0.6626746506986028,0.7681645256495556,"RIGI;IFIH1;TANK",0.8720342657469338,0.7304486680168251,,
"REACTOME_SIGNALING_BY_TGF_BETA_RECEPTOR_COMPLEX",93,0.8943127324738298,0.6655462184873949,0.7704406798126158,"STAT1;LTBP2;ITGA8;CDKN2B;ITGAV;TGFB1;WWTR1;SMURF2;FBN1;UBE2D1;CBL;SMAD7;SKIL;ITGB3;TGFBR2;USP15;FKBP1A;ITGB6;RHOA;TGFB3",1.0749789992296914,0.4554623534481477,,
"REACTOME_TRIGLYCERIDE_METABOLISM",30,0.8639445114655554,0.666058394160584,0.7704406798126158,"FABP4;PLIN1;PRKACB",0.9744889657561698,0.6271676300578035,,
"REACTOME_METABOLISM_OF_PORPHYRINS",23,-0.8667440981354252,0.668041237113402,0.7719113336187873,"HMBS;HMOX2;FLVCR1;BLVRB;ALAD;UROS;FABP1;COX10;COX15;PPOX;UROD;CPOX;ABCC1",0.6519433367784292,0.9794753874978709,,
"REACTOME_GLYCOSPHINGOLIPID_METABOLISM",51,0.8784861821809449,0.6714542190305206,0.7750296038809733,"GBA3;ST3GAL5;GM2A;PSAP;UGCG;A4GALT;GALC;ST6GALNAC5;B3GNT5;B3GALNT1",1.0710182909947408,0.49836684699397776,,
"REACTOME_REGULATION_OF_NF_KAPPA_B_SIGNALING",18,-0.8544679092825354,0.6721991701244814,0.7750649304835944,"TRAF2;RPS27A;UBA52",-0.8267859755909006,0.8382154123479045,,
"REACTOME_METABOLIC_DISORDERS_OF_BIOLOGICAL_OXIDATION_ENZYMES",25,-0.8609707316518439,0.6735112936344969,0.7753930563880307,"GSS;AHCY;OPLAH;MAT1A;ACY1;MAOA",0.7218051422816029,0.9322123396417569,,
"REACTOME_GLYCEROPHOSPHOLIPID_BIOSYNTHESIS",115,-0.9062214039707418,0.6739130434782609,0.7753930563880307,"STARD10;CPNE1;PTDSS2;PCYT2;LPIN3;PLA2G4F;CSNK2A2;PLA2G6;TAFAZZIN;PISD;HADHA;AGK;MIGA2;SELENOI;MFSD2A;CPNE7;PEMT;PGP;AGPAT2;DGAT1;CHPT1;GPAT4;PTPMT1;OSBPL5;PLD6;PLA2G4E;PTDSS1;PITPNM2;MBOAT7;ACP6;PGS1;PLA2G12A;STARD7;LCLAT1",-0.6305542508725379,0.9998497649472049,,
"REACTOME_ZBP1_DAI_MEDIATED_INDUCTION_OF_TYPE_I_IFNS",20,0.8460400608533912,0.6763005780346821,0.7767214387025985,"ZBP1;MYD88;TLR3;NFKBIA;RIPK1;RIPK3",1.1776690479329102,0.39047819176944,,
"REACTOME_SIGNALING_BY_MODERATE_KINASE_ACTIVITY_BRAF_MUTANTS",38,-0.8735105226581481,0.676605504587156,0.7767214387025985,"PEBP1;PHB1;HRAS;ACTG1;SRC;MAP2K2",-0.8546086185630405,0.8096252345453624,,
"REACTOME_SIGNALING_BY_NTRKS",121,0.8921011743092667,0.6772151898734177,0.7767214387025985,"ADCYAP1;SGK1;LYL1;FYN;MEF2C;EGR2;ID4;EGR3;BDNF;TIAM1;STAT3;RAP1A;FOSB;RALB;MEF2A;PTPRS;SOS1;PIK3CA;MAPK11;RHOA;DUSP6;FOSL1;RRAD;SHC1;PIK3R1;MEF2D;TPH1;REST;PCSK5;DNM3;EGR1;ID2;CREB1;RAPGEF1;PPP2R1B;DNM1;KRAS",0.9386705720379497,0.7081519252914359,,
"REACTOME_DOWNSTREAM_SIGNAL_TRANSDUCTION",28,-0.8643773794753659,0.6803455723542117,0.7789058837318331,"GRB7;HRAS;NCK2;PLCG1;SRC",0.8776933631778693,0.7440221219121034,,
"REACTOME_NEGATIVE_REGULATION_OF_NMDA_RECEPTOR_MEDIATED_NEURONAL_TRANSMISSION",15,0.8270150782308916,0.6805555555555556,0.7789058837318331,"CAMK4;DLG2",0.6710458708388128,0.9547437037252958,,
"REACTOME_INSULIN_PROCESSING",22,0.8384888193559844,0.6884615384615385,0.7871240982410634,"MYO5A;RAB27A;VAMP2;KIF5A;ERO1B",0.8872366748971799,0.7355129287811155,,
"REACTOME_EPIGENETIC_REGULATION_OF_GENE_EXPRESSION_BY_MLL3_AND_MLL4_COMPLEXES",97,-0.9043771957475657,0.6925,0.7909078947368421,"MED24;WDR5;H4C5;MED27;PAXIP1;H2AJ;H2AC20;MED10;MED16;CDK5;NCOR2;H2AZ2;NCOA6;DPY30;PPARGC1A;PAGR1;AGPAT2;MED1;RXRA;H2AX;MED20",0.6672365167991273,0.9961642360065647,,
"REACTOME_PARACETAMOL_ADME",22,0.8343631497799564,0.6961538461538461,0.7942449243711073,"SULT1C4;GGT5;UGT2B15;ABCG2;NAT2;CYP2E1;UGT1A10",1.0603671278884967,0.4944406103826393,,
"REACTOME_SEMA4D_INDUCED_CELL_MIGRATION_AND_GROWTH_CONE_COLLAPSE",20,-0.8308620016171392,0.6977225672877847,0.795198514188284,"ERBB2;PLXNB1",0.8029861013511762,0.820690565788605,,
"REACTOME_TRAF6_MEDIATED_INDUCTION_OF_TAK1_COMPLEX_WITHIN_TLR4_COMPLEX",15,-0.8357553015085227,0.7008032128514057,0.7968708270275082,"TAB1;RPS27A;UBA52",0.80424071515049,0.8247238768925291,,
"REACTOME_ACTIVATION_OF_IRF3_IRF7_MEDIATED_BY_TBK1_IKK_IKBKE",17,0.8220774377137084,0.702,0.7968708270275082,"LY96;CD14;OPTN;TANK;TLR4;IRF7;TRAF3;TBK1",0.9782508008839733,0.6095310313891766,,
"REACTOME_DEVELOPMENTAL_LINEAGE_OF_MAMMARY_GLAND_MYOEPITHELIAL_CELLS",17,0.8220474250945908,0.702,0.7968708270275082,"ALDH1A3;VIM;MME;MYH11",1.073163300806992,0.5092809899722638,,
"REACTOME_TRAFFICKING_OF_AMPA_RECEPTORS",23,0.833513337970109,0.7021276595744681,0.7968708270275082,"PRKCB",0.9254522298427101,0.6744244244244244,,
"REACTOME_RHOV_GTPASE_CYCLE",37,-0.8603499399349946,0.7048054919908466,0.7990741471369578,"GIT1;NCK2;PAK4;WDR6;RHOV;PAK6;PARD6A;CLTC;DLG5;SH3RF1;MAP3K11;SPTAN1;WASL",-0.7737421744913565,0.9198880057803468,,
"REACTOME_NUCLEOTIDE_CATABOLISM",29,0.8448084280213038,0.7074074074074074,0.8006484794275491,"DPYD;SAMHD1;TYMP;ENTPD1;NT5C2;ENTPD3",0.9290072781864879,0.6951017217381357,,
"REACTOME_BETA_CATENIN_INDEPENDENT_WNT_SIGNALING",126,0.8845611132234056,0.7080745341614907,0.8006484794275491,"PRKCB;GNGT2;PDE6G;GNG2;ITPR1;PLCB2;GNG7;NFATC1;RAC2;GNAO1;GNB4;PDE6B;GNG11;FZD4;PRICKLE1;SMURF2",1.1020464647603376,0.418937230446439,,
"REACTOME_TAK1_DEPENDENT_IKK_AND_NF_KAPPA_B_ACTIVATION",43,0.8520980461423334,0.7084078711985689,0.8006484794275491,"S100B;SAA1;N4BP1;CASP8;USP18;NLRC5;IKBIP;TAB2;AGER;NFKBIA;NOD1",0.8930358324403408,0.7386028957903462,,
"REACTOME_NEGATIVE_REGULATION_OF_MET_ACTIVITY",19,-0.8271661147950995,0.7110187110187111,0.8027630608275771,"RPS27A;UBA52;SH3GL1;HGS",-0.7217374805464487,0.9313368675493051,,
"REACTOME_N_GLYCAN_ANTENNAE_ELONGATION_IN_THE_MEDIAL_TRANS_GOLGI",20,-0.8100775214028908,0.7184265010351967,0.8102835276748319,"B4GALT2;MAN2A2;MGAT4B;B4GALT3;MGAT5;FUT3",0.5656196637199583,0.9926017992424242,,
"REACTOME_COPII_MEDIATED_VESICLE_TRANSPORT",67,-0.8716162634917325,0.7208237986270023,0.8108807297255862,"PREB;SEC13;LMAN2;TRAPPC9;TRAPPC2L;CSNK1D;TRAPPC6A;TRAPPC1;SEC16A;AREG;LMAN2L;YKT6;SERPINA1;GORASP1;TRAPPC3;NAPA;TFG;GOLGA2;STX5;PPP6R1;PPP6R3;TRAPPC5;RAB1B;SEC22A;SEC22B;GOSR2",-0.7832017260710932,0.9330632157770704,,
"REACTOME_PHASE_I_FUNCTIONALIZATION_OF_COMPOUNDS",72,0.8627804948902126,0.7219430485762144,0.8108807297255862,"ADH1B;CYP7B1;CYP1B1;FMO3;PTGIS;ADH1C;FMO1;PTGS1;AOC3;CBR3",0.936885222644229,0.7081519252914359,,
"REACTOME_SEMA4D_IN_SEMAPHORIN_SIGNALING",24,-0.8412674197303988,0.7219917012448133,0.8108807297255862,"ERBB2;PLXNB1;ARHGAP35;MYH14",0.6041697462064323,0.9926017992424242,,
"REACTOME_FOXO_MEDIATED_TRANSCRIPTION_OF_CELL_DEATH_GENES",16,0.8080775348987586,0.7225548902195609,0.8108807297255862,"FASLG;BCL2L11;FOXO1;FOXO3;BCL6;CITED2",1.0180567421655318,0.5528674459523021,,
"REACTOME_RAB_REGULATION_OF_TRAFFICKING",120,0.869475402079121,0.7228346456692913,0.8108807297255862,"TBC1D10C;RAB39B;RAB33A;RAB7B;RAB8B;DENND3;OPTN;RAB27A;RAB31;DENND5B;TRAPPC8;RIC1;DENND2B;RINL;DENND2C;MAP1LC3B;AKT3",0.897055342942877,0.759236197592362,,
"REACTOME_L1CAM_INTERACTIONS",95,0.8757260902046262,0.7234401349072512,0.8108807297255862,"CHL1;SCN4B;ANK2;MSN;SCN3A;SCN9A;ITGA10;ITGAV;NRP2;NRP1;SCN1B;SDCBP;RANBP9;SCN3B;CNTNAP1;ITGB3;FGFR1;NCAM1;ANK1;ITGA1;RDX;NUMB;EGFR;ITGA9;DNM3;NRCAM",1.2287247638762036,0.2393327359205901,,
"REACTOME_NEPHRIN_FAMILY_INTERACTIONS",16,0.8020931542029484,0.7265469061876247,0.8135225936156582,"FYN;KIRREL1;NCK1;PIK3CA;PIK3R1",0.93496630774015,0.6652195166408444,,
"REACTOME_TRANSCRIPTIONAL_AND_POST_TRANSLATIONAL_REGULATION_OF_MITF_M_EXPRESSION_AND_ACTIVITY",50,0.8431582345277491,0.7314487632508834,0.8181669155950603,"TFEC;CSF1;EDNRB;TNFSF11;SNAI2;KIT;EDN3;EDN1;MITF;AKT3",0.7838061818821215,0.8879235845597864,,
"REACTOME_ONCOGENIC_MAPK_SIGNALING",75,-0.8599807197756256,0.7347931873479319,0.821061388540171,"SND1;PEBP1;PHB1;HRAS;ACTG1;KIAA1549;SRC;MAP2K2;AGK;DUSP8;BRAP;TRIM24",-0.880583857047785,0.8259125866977023,,
"REACTOME_PHASE_II_CONJUGATION_OF_COMPOUNDS",69,0.8491055512833686,0.735593220338983,0.8211097161191323,"HPGDS;GSTM5;SULT1C4;UGT2B17;GGT5;UGT2A3;UGT2B7;UGT2B15;GSTM2;MAT2B;NNMT;UGP2;TPST1",0.7933758584574878,0.8895549653349296,,
"REACTOME_SIGNALING_BY_NTRK2_TRKB",24,-0.8312212338756059,0.7385892116182573,0.8228365823572598,"HRAS;PLCG1;SRC;FRS3;CDK5",0.6231112535131834,0.9883729778264773,,
"REACTOME_SIGNALING_BY_FGFR1_IN_DISEASE",31,0.820313862505901,0.7386569872958257,0.8228365823572598,"STAT1;FGF2;STAT3;SOS1;PIK3CA;FGFR1;GAB2;FGF1;PIK3R1;STAT5A;KRAS;NRAS;FGFR1OP2;GRB2;CNTRL",0.7351392563759748,0.9313368675493051,,
"REACTOME_PLASMA_LIPOPROTEIN_ASSEMBLY_REMODELING_AND_CLEARANCE",57,0.8306476995197071,0.75,0.8334610206403978,"A2M;APOC1;LIPA;APOE;CIDEC;CETP;ABCA1;PRKACB",1.0719282422902487,0.503005671369628,,
"REACTOME_SIGNALING_BY_PTK6",49,-0.855181446367523,0.75,0.8334610206403978,"ERBB2;HRAS;RPS27A;UBA52;STAP2;CDK4;PELP1;AKT1;ARHGAP35;BCAR1;PTK6;CCNE1;UBB;ERBB3;CCND1;DOK1;SFPQ;SRMS;UBC;EREG;CDK2",0.7130704102656865,0.9573782178217822,,
"REACTOME_RAS_ACTIVATION_UPON_CA2_INFLUX_THROUGH_NMDA_RECEPTOR",16,-0.8097724685841978,0.7504990019960079,0.8334610206403978,"HRAS;GRIN2D;DLG3;RASGRF1;CALM1;GRIN2B;GRIN1",-0.8126311832009674,0.849064854837299,,
"REACTOME_SIGNALING_BY_INSULIN_RECEPTOR",62,0.8440816123505289,0.7530434782608696,0.8346748626340996,"ATP6V0D2;FGF7;FGF2;FGF10;PIK3C3;PDE3B;KL;SOS1;CTSD;PIK3CA;FGFR1;GAB2;ATP6V1A;FGF1;SHC1;PIK3R1;ATP6V1B2;ATP6V1C1;KRAS;NRAS;FGF19;ATP6V1D;IRS1;GRB2",1.0163285708329968,0.5757332628258313,,
"REACTOME_MET_PROMOTES_CELL_MOTILITY",40,0.8152961496278585,0.7531305903398927,0.8346748626340996,"HGF;LAMA2;RAP1A;LAMA4;RAP1B;COL5A1;COL1A2;COL5A2;COL3A1;LAMA3;TNS3;RAPGEF1;COL24A1;GRB2;LAMC1;COL1A1;ITGB1;COL11A1;LAMC3",1.189049693162928,0.34975590856257266,,
"REACTOME_ISG15_ANTIVIRAL_MECHANISM",74,-0.8517196402983608,0.7556109725685786,0.8365692910580692,"SEC13;AAAS;RPS27A;UBA52;NUP188;PLCG1;RAE1;PIN1;NUP85;EIF4E2;NUP214;EIF4G1;NUP43;KPNA2;BECN1;IRF3;EIF4A3;KPNB1;POM121C;NUP93;NUP62;UBB",-0.9129245291784629,0.7688694792353329,,
"REACTOME_AFLATOXIN_ACTIVATION_AND_DETOXIFICATION",15,-0.7997674945496924,0.7590361445783133,0.8389813320262652,"AKR7A3;AKR7L;ACY1;DPEP1;GGT7;MGST3;AKR7A2;ACY3",0.9030327414292848,0.7026280411830285,,
"REACTOME_REGULATION_OF_MITF_M_DEPENDENT_GENES_INVOLVED_IN_CELL_CYCLE_AND_PROLIFERATION",18,-0.788530534637603,0.7593360995850622,0.8389813320262652,"PLK1;HDAC1;CCND1;HINT1;CCNB1;MET;TCF7;CDK2",-0.6113393313525324,0.9883729778264773,,
"REACTOME_EARLY_SARS_COV_2_INFECTION_EVENTS",36,0.8087892186454565,0.7677304964539007,0.8466717479674797,"GPC6;CTSL;NRP1;PIK3C3;MAP1LC3B;SDC2;CHMP4A;SDC3;RB1;CHMP2B",0.9056355407268336,0.7088214537755823,,
"REACTOME_SIGNALING_BY_NOTCH3",46,0.8235752511570319,0.7678571428571429,0.8466717479674797,"IKZF1;STAT1;KAT2B;HEY1;HEY2;HEYL;MAML2;PLXND1;MAMLD1;PBX1;MIB1",0.7924181393626306,0.8941145702259528,,
"REACTOME_RHOG_GTPASE_CYCLE",73,-0.8374246986368066,0.7707317073170732,0.84897858115637,"SHMT2;HSPE1;NDUFS3;ARHGAP39;PAK4;VAPB;ARHGDIA;EMD;LETM1;ANKLE2;ARHGEF16;ARHGAP35",0.727987900032584,0.9507027611443779,,
"REACTOME_INCRETIN_SYNTHESIS_SECRETION_AND_INACTIVATION",15,-0.784417351558347,0.7751004016064257,0.8529248841206613,"CDX2;SPCS2;GNB1;SEC11A;PCSK1;SEC11C;SPCS1;CTNNB1",-0.8317234589841541,0.8247238768925291,,
"REACTOME_DRUG_ADME",69,0.8195709397387401,0.7830508474576271,0.8608005769924268,"VAV1;SULT1C4;UGT2B17;HSD11B1;GGT5;UGT2A3;NT5C2;UGT2B7;SLCO2B1;UGT2B15",0.8011142891428519,0.8830194821455403,,
"REACTOME_SIGNALING_BY_CYTOSOLIC_FGFR1_FUSION_MUTANTS",18,0.7510898778519975,0.7846153846153846,0.8616474618498909,"STAT1;STAT3;PIK3CA;GAB2;PIK3R1;STAT5A",-0.7501860156190998,0.9051167892631307,,
"REACTOME_ACTIVATION_OF_BH3_ONLY_PROTEINS",29,-0.8086755108036734,0.7857142857142857,0.8619817997977756,"E2F1;DYNLL2;BID;AKT2;AKT1;BBC3;YWHAG;DYNLL1;PPP1R13B;TP53;TFDP1;YWHAB",0.7225163444277594,0.9313368675493051,,
"REACTOME_DOWNREGULATION_OF_SMAD2_3_SMAD4_TRANSCRIPTIONAL_ACTIVITY",30,0.7803416197582,0.7883211678832117,0.8635812197417205,"STAT1;WWTR1;SMURF2;UBE2D1;SMAD7;SKIL",0.859922901491467,0.7764771460423635,,
"REACTOME_IRON_UPTAKE_AND_TRANSPORT",51,-0.8237869396917551,0.7887640449438202,0.8635812197417205,"RPS27A;UBA52;HMOX2;STEAP3;FLVCR1;SLC11A2;ATP6V0B;NEDD8;ATP6V0E2;ATP6AP1;CUL1;ATP6V1F;ATP6V1C2;TFR2;UBB;ATP6V0A1;UBC;ACO1;HEPH;ATP6V1E2;ATP6V0D1;ATP6V1G1;SLC46A1;TFRC",0.6178329222779955,0.9945311856307161,,
"REACTOME_ANTIMICROBIAL_MECHANISM_OF_IFN_STIMULATED_GENES",156,-0.8737088558889914,0.7988338192419825,0.8737244897959183,"EIF2S2;TUBA4A;SEC13;TUBB4B;PPP2R1A;AAAS;ACTG1;TARBP2;FANCC;CENPX;RPS27A;UBA52;NUP188;PLCG1;ILF3;RAE1;PIN1;NUP85;FAAP100;EIF4E2;NUP214;DUS2;EIF4G1;FANCA;TUBA1B;NUP43;KPNA2;UBE2I;BECN1;EIF2S3;ACTB;IRF3;EIF4A3;KPNB1;POM121C;NUP93;NUP62;FNTB;ILF2;UBB;FANCG;FAAP20;TUBB2B;DHX9;NUP205;PDE12;NUP88;TP53;TUBA1C;UBC;NEDD4;FANCE;FANCB",-0.9070006378245635,0.8225964371122586,,
"REACTOME_BILE_ACID_AND_BILE_SALT_METABOLISM",31,-0.7919848289718768,0.802660753880266,0.8770261006647418,"ACOT8;SLC27A5;FABP6;OSBPL2;ACOX2;STARD5;RXRA;SLC27A2;AMACR",-0.5571415169852681,0.9996928746928746,,
"REACTOME_TRANSMISSION_ACROSS_CHEMICAL_SYNAPSES",181,0.8567112794071948,0.8038922155688623,0.8774879817829131,"PRKCB;GNGT2;GNG2;CAMK4;SLC18A2;PRKAR2B;GRIN3A;PLCB2;KCNJ10;GNG7;GNB4;GNG11;CACNA1E;PRKACB;KIF17;VAMP2;DLG2;ADCY5;SLC1A3;ARL6IP5;KCNJ5;GNG12;ADCY7;AKAP5",1.0404388745859123,0.503005671369628,,
"REACTOME_NRIF_SIGNALS_CELL_DEATH_FROM_THE_NUCLEUS",15,-0.7521834027886862,0.8072289156626506,0.8802445964763577,"RPS27A;UBA52",0.592923814528474,0.9855152845097142,,
"REACTOME_SENSORY_PROCESSING_OF_SOUND",57,-0.8022552288706645,0.8110047846889952,0.8834740877385138,"ACTG1;DNAJC5;STX1A;RAB3A;FSCN2;CACNA1D;TPRN;USH1C;EPS8L2;PCLO;LHFPL5;CIB2;ACTB;BSN;CTBP2;TRIOBP;SYN1;WHRN;ESPN;PJVK;SPTAN1",0.6735522441874064,0.9883729778264773,,
"REACTOME_INTRA_GOLGI_TRAFFIC",42,-0.7877721349114665,0.8160919540229885,0.8881241425425702,"ARF1;CUX1;COG4;COG7;BET1L;CYTH2;MAN2A2;RAB36;GOSR1;YKT6;STX16;COG8;NAPA;RAB41;COG1;STX6;STX5",-0.9710332189479518,0.6271676300578035,,
"REACTOME_MATURATION_OF_SARS_COV_2_NUCLEOPROTEIN",15,0.7358509129304349,0.8194444444444444,0.8908789801825874,"PARP9;PARP14;PARP8",0.7368269828603743,0.8998323535428098,,
"REACTOME_AMYLOID_FIBER_FORMATION",62,0.7811739146187858,0.8226086956521739,0.89342385864125,"LTF;SAA1;UBE2L6;ITM2B;APOE;B2M",0.891843431460386,0.7738161384327301,,
"REACTOME_SARS_COV_1_TARGETS_HOST_INTRACELLULAR_SIGNALLING_AND_REGULATORY_PATHWAYS",16,-0.7359309668817605,0.8243512974051896,0.8944211576846307,"UBE2I;YWHAG;YWHAB;YWHAE;SFN;YWHAQ;YWHAH",-0.5345330482458199,0.9964490607939298,,
"REACTOME_HS_GAG_BIOSYNTHESIS",25,0.7610877056619902,0.8252427184466019,0.8944938556589042,"HS3ST3B1;GPC6;HS3ST2;HS3ST3A1;SDC2;SDC3;EXTL2",1.04333761709334,0.5110176619007569,,
"REACTOME_CYTOCHROME_P450_ARRANGED_BY_SUBSTRATE_TYPE",36,0.770858016891097,0.8280141843971631,0.896602185699523,"CYP7B1;CYP1B1;PTGIS;CYP26B1;CYP2C9;AHR;NCOA2;ARNT;CYP2U1;CYP2E1;NCOA1",0.9091956818903432,0.7081519252914359,,
"REACTOME_SYNTHESIS_OF_VERY_LONG_CHAIN_FATTY_ACYL_COAS",18,-0.7475256988680048,0.8298755186721992,0.89772177244201,"HACD3;ACSF3;TECR",-0.838196733087961,0.8131336133461531,,
"REACTOME_GLYCOSAMINOGLYCAN_PROTEIN_LINKAGE_REGION_BIOSYNTHESIS",27,-0.7708759470377954,0.832258064516129,0.8993229629205223,"B4GALT7;SDC1;B3GAT3;SDC4;BCAN;XYLT2;GPC2;B3GALT6;GPC1;UXS1;GPC4;CSPG4;AGRN;PXYLP1;CSPG5",0.6641706025795568,0.978832365419508,,
"REACTOME_TICAM1_RIP1_MEDIATED_IKK_COMPLEX_RECRUITMENT",19,0.7298669052953171,0.8330134357005758,0.8993229629205223,"BIRC3;UBE2D1;BIRC2;TLR3;RIPK1;RIPK3",0.9123490939809128,0.7065858956298646,,
"REACTOME_METAL_ION_SLC_TRANSPORTERS",36,0.7651057498689904,0.8351063829787234,0.9006863076858,"SLC9A9;CP;SLC8A1;SLC9A3;SLC24A3;SLC41A2;SLC30A1;SLC41A1;SLC39A6;SLC40A1;SLC11A1;SLC8A2;SLC9A6",0.842723883247489,0.8135912275779901,,
"REACTOME_ACTIVATION_OF_NMDA_RECEPTORS_AND_POSTSYNAPTIC_EVENTS",70,-0.7951659495681132,0.8386308068459658,0.9035893003255937,"GIT1;TUBA4A;GRIN2C;HRAS;TUBB4B;PRKAR1B",-0.6369739834115744,0.9982609028016665,,
"REACTOME_FLT3_SIGNALING_IN_DISEASE",26,-0.7636058728857414,0.841995841995842,0.9057692386776275,"HRAS;RPS27A;UBA52",-0.7103170637425008,0.9603017755191667,,
"REACTOME_SIGNALLING_TO_RAS",18,-0.7428048180949557,0.8423236514522822,0.9057692386776275,"HRAS;SRC;MAPK13;MAPKAPK3",-0.57024134539414,0.9926017992424242,,
"REACTOME_SYNTHESIS_OF_BILE_ACIDS_AND_BILE_SALTS",25,-0.7539699972120453,0.8439425051334702,0.9066115030394211,"ACOT8;SLC27A5;OSBPL2;ACOX2;RXRA;SLC27A2;AMACR",-0.6159499381510402,0.9926017992424242,,
"REACTOME_ATTACHMENT_AND_ENTRY",18,0.7088957188768601,0.85,0.9113142292490117,"GPC6;CTSL;NRP1;SDC2;SDC3",0.9879554021937182,0.6320703822903783,,
"REACTOME_ERK_MAPK_TARGETS",22,0.7216174297998178,0.85,0.9113142292490117,"MEF2C;MEF2A;MAPK11;DUSP6",0.7631278721776095,0.8780419651475893,,
"REACTOME_MITF_M_DEPENDENT_GENE_EXPRESSION",101,-0.8324925768878325,0.8521303258145363,0.9126963509464677,"SMARCD2;SMARCB1;TERT;SMARCE1;BCL7A;SMARCA4;SS18L1;MCM5;ATP6V0B;AKT2;PLK1;MCM2;BCL7C;SMARCC2;ATP6V0E2;LIG1;PPARGC1A;ATP6V1F;BCL7B;ACTB;MLANA;PMEL;DPF1;HDAC1;BRCA1;SMARCD1;GMPR;ATP6V0A1;CCND1;HINT1;CCNB1",0.6705328411762073,0.9959875124492453,,
"REACTOME_RHOC_GTPASE_CYCLE",73,-0.7963222414776,0.8536585365853658,0.9134314715928225,"RTKN;ARHGAP39;ARHGEF10L;BCR;VAPB;ARHGDIA;FLOT2;JUP;CIT;ARHGAP35;FLOT1;IQGAP3;ARHGEF10;VAV2",0.6867514767525065,0.9867680261463573,,
"REACTOME_RND1_GTPASE_CYCLE",41,-0.7637993555838857,0.8571428571428571,0.9162561576354679,"GRB7;WDR6;FLOT2;PLXNA1;FRS3;ARHGAP35;STIP1",-0.67042275339216,0.989734667246629,,
"REACTOME_DEFECTIVE_INTRINSIC_PATHWAY_FOR_APOPTOSIS",24,-0.7301169719128151,0.8589211618257261,0.9172534060835756,"CDC25A;PRDX2;CDK5;JUN;LMNB1;CAPNS1;LMNA;CAPN1;TP53;GOLGA2;C1QBP;CDC25C",0.6104448364887796,0.9926017992424242,,
"REACTOME_GASTRIN_CREB_SIGNALLING_PATHWAY_VIA_PKC_AND_MAPK",16,0.71077284390259,0.8602794411177644,0.9178005836900437,"SOS1;EGFR;CREB1;KRAS;NRAS;MMP3;GRB2;MAPK7",0.591390796078011,0.988056059519289,,
"REACTOME_SIGNALING_BY_NUCLEAR_RECEPTORS",238,-0.8739084473987787,0.8633333333333333,0.918734464687772,"POLR2H;POLR2J;POLR2L;POLR2I;PRMT1;H4C5;HRAS;PDHA1;PRKCZ;DHRS4;GNB2;AXIN1;H2AJ;POLR2F;H2AC20;PPP5C;FASN;SRC;HSPB1;FABP6;CARM1;EEPD1;POLR2E;AKT2;RDH14;GTF2F1;POLR2G;YY1;KDM4A;TFF3;KDM4B;SRF;POLR2D;NCOR2;AKT1;H2AZ2;RDH11;PDHX;SMC1A;RDH16;HSP90AB1;RDH13;KPNA2;GNG4;ALDH1A2;GNG5;AREG;JUN",0.8375630283284329,0.9198880057803468,,
"REACTOME_DOWNSTREAM_SIGNALING_OF_ACTIVATED_FGFR3",18,0.6977963261000071,0.8634615384615385,0.918734464687772,"FGF2;SOS1;PIK3CA;FGF1;SHC1;PIK3R1;KRAS;NRAS;GRB2",-0.8500051872414859,0.7910988618384117,,
"REACTOME_SPHINGOLIPID_METABOLISM",97,0.7997588969990679,0.8637873754152824,0.918734464687772,"GBA3;ST3GAL5;GM2A;PLPP3;PSAP;UGCG;SGPL1;PLPP1;A4GALT;GALC;ST6GALNAC5;SGMS1;B3GNT5;PRKD3;B3GALNT1;SPTLC3;ABCG2;SGMS2;DEGS1;ACER3;ARSB;SPHK1;STS;B4GALT6;PRKD1;SMPD1;ALDH3B2;ARSA;SGPP1;SGPP2;KDSR;SPTSSB;SPNS2;ARSI;CERT1",0.9838459750469813,0.5915648058754569,,
"REACTOME_VXPX_CARGO_TARGETING_TO_CILIUM",17,-0.7312082290878926,0.8645418326693227,0.918734464687772,"RAB3IP;EXOC4;RAB11FIP3;EXOC3",-0.632005059683664,0.9855152845097142,,
"REACTOME_HSP90_CHAPERONE_CYCLE_FOR_STEROID_HORMONE_RECEPTORS_SHR_IN_THE_PRESENCE_OF_LIGAND",47,-0.7773186120480357,0.8716216216216216,0.9253517215845983,"TUBA4A;TUBB4B;DYNLL2;DNAJA4;TUBA1B;STIP1;HSP90AB1;DCTN3;DYNLL1;DCTN2;TUBB2B;DYNC1H1;TUBA1C;DCTN1;TUBAL3;DCTN5;TUBB2A;DCTN6",-0.6416615947222181,0.9964490607939298,,
"REACTOME_TRANSFERRIN_ENDOCYTOSIS_AND_RECYCLING",25,-0.7225293318582247,0.8726899383983573,0.9255802376952273,"STEAP3;ATP6V0B;ATP6V0E2;ATP6AP1;ATP6V1F;ATP6V1C2;TFR2;ATP6V0A1;ATP6V1E2;ATP6V0D1;ATP6V1G1;TFRC",-0.6327279443610718,0.9883729778264773,,
"REACTOME_NEUREXINS_AND_NEUROLIGINS",42,-0.7617727253231902,0.8735632183908046,0.9256016522988506,"GRIN2C;STX1A;LIN7B;SHARPIN;EPB41L5;APBA3;GRIN2D;DLGAP4;DLG3;SYT7;DBNL;SHANK2;BEGAIN;GRIN2B;GRIN1;SIPA1L1;LIN7C;CASK",0.49018440370807087,1,,
"REACTOME_SYNTHESIS_OF_PIPS_AT_THE_GOLGI_MEMBRANE",15,-0.7056868924743326,0.8755020080321285,0.9267509060632776,"ARF1;VAC14;INPP5E;PI4KB",-0.5536086322150404,0.9945311856307161,,
"REACTOME_SIGNALING_BY_BRAF_AND_RAF1_FUSIONS",58,-0.7643964835113902,0.8785714285714286,0.9290935672514621,"SND1;PEBP1;HRAS;ACTG1;KIAA1549;SRC;MAP2K2;AGK;TRIM24",-0.8430803175231779,0.8576091809767459,,
"REACTOME_RHOD_GTPASE_CYCLE",49,-0.7536236385544264,0.8795454545454545,0.9292179339647694,"PLXNB1;STEAP3;ARHGAP39;VAPB;EMD;PLXNA1;ARHGAP35;PAK6;LMNB1",0.5520197470075303,0.9998497649472049,,
"REACTOME_RAB_GEFS_EXCHANGE_GTP_FOR_GDP_ON_RABS",89,0.764564714896773,0.8859934853420195,0.9351195832646801,"RAB39B;RAB7B;RAB8B;DENND3;RAB27A;RAB31;DENND5B;TRAPPC8;RIC1;DENND2B;RINL;DENND2C;AKT3;DENND1C;DENND2D;DENND1B;DENND6A;DENND4A;RAB5A;RAB3IL1;CHM;DENND5A",0.8201025352812253,0.8757441031226223,,
"REACTOME_EXPRESSION_OF_BMAL_ARNTL_CLOCK_AND_NPAS2",34,-0.7349024958899779,0.8871331828442438,0.9354125397337265,"NR1D1;CARM1;NPAS2;NCOA6;PPARGC1A;CRTC1;MED1;RXRA",0.6159887199720836,0.9926017992424242,,
"REACTOME_APOPTOTIC_FACTOR_MEDIATED_RESPONSE",20,0.6808200370220858,0.8921001926782274,0.9394200187739988,"CARD8;SEPTIN4;GSDME;APAF1",0.7036043602363165,0.9292715175068117,,
"REACTOME_SENSORY_PROCESSING_OF_SOUND_BY_OUTER_HAIR_CELLS_OF_THE_COCHLEA",40,0.7279817622795057,0.8926654740608229,0.9394200187739988,"RIPOR2;MSN;EPB41L3",0.8778718361047683,0.7724261588468061,,
"REACTOME_INSULIN_RECEPTOR_RECYCLING",24,-0.7033724700480042,0.8962655601659751,0.9422947023062821,"ATP6V0B;ATP6V0E2;ATP6AP1;PTPRF;ATP6V1F;ATP6V1C2;ATP6V0A1;ATP6V1E2;ATP6V0D1;ATP6V1G1",-0.5513902728353124,0.9998497649472049,,
"REACTOME_TRANSCRIPTIONAL_REGULATION_BY_MECP2",46,0.7250506009087745,0.8982142857142857,0.9434293320425944,"CAMK4;SGK1;MEF2C;BDNF;AGO4;SLC2A3",0.7658281476355124,0.9151905528717122,,
"REACTOME_DEFECTIVE_B4GALT7_CAUSES_EDS_PROGEROID_TYPE",18,0.6656547403295344,0.9,0.9436586927419823,"GPC6;DCN;VCAN;BGN;SDC2;SDC3",0.8986840892204444,0.7081519252914359,,
"REACTOME_VISUAL_PHOTOTRANSDUCTION",60,0.7246542068041314,0.9001721170395869,0.9436586927419823,"PDE6G;PDE6B;APOE;GPC6;DHRS9;RGS9;PRKCQ;SDC2",0.8427508090317978,0.8191180869117367,,
"REACTOME_CS_DS_DEGRADATION",17,0.6541702407958849,0.902,0.9446621621621623,"IDS;DCN;VCAN;BGN",0.8903386471987904,0.7088214537755823,,
"REACTOME_FACTORS_INVOLVED_IN_MEGAKARYOCYTE_DEVELOPMENT_AND_PLATELET_PRODUCTION",125,0.766841579579848,0.9106583072100314,0.9522457408363447,"DOCK2;DOCK10;PRKAR2B;DOCK8;IRF1;ZFPM2;JAK2;GATA3;DOCK4;SH2B3;PRKACB;IRF2;KIF5A",0.6960467573205844,0.9961642360065647,,
"REACTOME_EGR2_AND_SOX10_MEDIATED_INITIATION_OF_SCHWANN_CELL_MYELINATION",25,0.6769398968414043,0.912621359223301,0.9522457408363447,"PMP22;EGR2;WWTR1;LAMA2",0.76602097105943745,0.8892314986153708,,
"REACTOME_P75NTR_SIGNALS_VIA_NF_KB",15,-0.6636673230009797,0.9136546184738956,0.9522457408363447,"RPS27A;UBA52;IRAK1;UBB;UBC;SQSTM1;NFKB1",0.8821064795173805,0.7156390737379849,,
"REACTOME_GLYCOSPHINGOLIPID_CATABOLISM",34,-0.7118199037166828,0.9142212189616253,0.9522457408363447,"SMPD4;GBA2;ARSL;NEU1;GLB1;SMPD2;ASAH2;ARSD;SMPD3;GLB1L2;SUMF2;NEU4;CTSA;GLA;HEXB",0.8206086355170129,0.8343975641583298,,
"REACTOME_REPRODUCTION",94,0.7514345199863189,0.915,0.9522457408363447,"HVCN1;EOMES;PRDM1;CXCR4;SYNE1;REC8;STAG3;PDPN;SOX17",-0.8356633891975483,0.9189723320158103,,
"REACTOME_DISORDERS_OF_DEVELOPMENTAL_BIOLOGY",18,0.6359757592827713,0.9153846153846154,0.9522457408363447,"CAMK4;BDNF",-0.6595820154190417,0.978832365419508,,
"REACTOME_SUMOYLATION_OF_TRANSCRIPTION_FACTORS",18,0.6290626911023606,0.9153846153846154,0.9522457408363447,"HIC1;PIAS3;MITF",0.6538401172463167,0.9603017755191667,,
"REACTOME_RHOQ_GTPASE_CYCLE",58,0.7052341117994141,0.9226804123711341,0.958038549719259,"CPNE8;FNBP1;PREX1;STOM;DLC1;VAMP3;GIT2;SYDE1;CDC42EP3;ITSN1;CDC42;SRGAP2;RHOQ;GJA1;CAV1",0.9761207394313082,0.6277328408193237,,
"REACTOME_TRANSCRIPTIONAL_REGULATION_BY_THE_AP_2_TFAP2_FAMILY_OF_TRANSCRIPTION_FACTORS",31,0.6821273086933747,0.9237749546279492,0.958038549719259,"ESR1;APOE;TFAP2E;KIT",-0.8652713248881928,0.808868308868309,,
"REACTOME_MET_ACTIVATES_PTK2_SIGNALING",29,0.6704444977770685,0.924074074074074,0.958038549719259,"HGF;LAMA2;LAMA4;COL5A1;COL1A2;COL5A2;COL3A1;LAMA3;COL24A1;LAMC1;COL1A1;ITGB1;COL11A1;LAMC3",1.138869245159013,0.41504226126394395,,
"REACTOME_INTERLEUKIN_17_SIGNALING",67,-0.7321573534301371,0.9244851258581236,0.958038549719259,"PPP2R1A;TAB1;MAPK9;RPS27A;UBA52;TNIP2",-0.6446409437050978,0.9942713215233885,,
"REACTOME_GAB1_SIGNALOSOME",16,-0.6451721880525607,0.9321357285429142,0.9650451006384178,"SRC;AREG;CSK;PTPN11;EREG;EGF",-0.935850755559012,0.6735816914908939,,
"REACTOME_MITF_M_REGULATED_MELANOCYTE_DEVELOPMENT",143,-0.8013590816745407,0.9375,0.9672694854814059,"SMARCD2;SMARCB1;TERT;MARS1;IARS1;SMARCE1;BCL7A;SMARCA4;SS18L1;MCM5;ATP6V0B;AKT2;PLK1;MC1R;MCM2;AIMP2;BCL7C;SMARCC2;ATP6V0E2;LIG1;KARS1;AIMP1;PPARGC1A;EPRS1;QARS1;UBE2I;ATP6V1F;BCL7B;ACTB;SOX9;MLANA;PMEL;YWHAG;DPF1;HDAC1;BRCA1;SMARCD1;GSK3B;EEF1E1;DARS1;GMPR;ATP6V0A1;CCND1;HINT1",0.7703970746899657,0.9727227200935741,,
"REACTOME_CREB1_PHOSPHORYLATION_THROUGH_NMDA_RECEPTOR_MEDIATED_ACTIVATION_OF_RAS_SIGNALING",24,-0.6680935582144003,0.9377593360995851,0.9672694854814059,"HRAS;GRIN2D;DLG3;RASGRF1;CALM1;GRIN2B;MAPK3;GRIN1",-0.5892947128645112,0.9961642360065647,,
"REACTOME_DIFFERENTIATION_OF_KERATINOCYTES_IN_INTERFOLLICULAR_EPIDERMIS_IN_MAMMALIAN_SKIN",22,-0.6369885591615401,0.9377593360995851,0.9672694854814059,"KRT15;KRT10;PRSS3;KRT19;ITGB4;EGF;CSPG4;LRIG1;TFRC;AQP3;GJB3;ITGA6;DLL1",-0.6249688795355215,0.9891002774474832,,
"REACTOME_RHOF_GTPASE_CYCLE",40,0.6695371356305918,0.9391771019677997,0.9672694854814059,"BASP1;AKAP12;VAMP3;TOR1AIP1;SYDE1;SRGAP2;PIK3R1;CAV1;CAPZB;MYO9B;ARHGAP12",0.8052413067592291,0.8578466530054645,,
"REACTOME_EPHA_MEDIATED_GROWTH_CONE_COLLAPSE",26,0.6529375851469529,0.9404990403071017,0.9672694854814059,"FYN;LYN;MYH11;MYH10;RHOA;EPHA4;EPHA3;ROCK1",1.0766925688543116,0.47862763103404815,,
"REACTOME_ONCOGENE_INDUCED_SENESCENCE",33,-0.6925537282842276,0.9407744874715261,0.9672694854814059,"E2F1;RPS27A;UBA52;CDK4;CDKN2D;UBB;ERF;TP53;TFDP1;UBC;ID1;MAPK3",-0.6033971874844157,0.9964490607939298,,
"REACTOME_INTRINSIC_PATHWAY_FOR_APOPTOSIS",54,0.6835701598462613,0.9415807560137457,0.9672694854814059,"CARD8;BCL2;BMF;BCL2L11;PMAIP1;CASP8;STAT3;PPP3CC;AKT3;SEPTIN4;GSDME",0.8088613511253817,0.8625107228317305,,
"REACTOME_SIGNALING_BY_NODAL",16,-0.6286588895898133,0.9421157684630739,0.9672694854814059,"CRIPTO;ACVR1B;PCSK6;DRAP1;MAPK3;FURIN;MAPK1;ACVR2B;ACVR2A;SMAD3",-0.5125005868604744,0.9998497649472049,,
"REACTOME_PHOSPHORYLATED_BMAL1_CLOCK_ARNTL_CLOCK_ACTIVATES_EXPRESSION_OF_CORE_CLOCK_GENES",22,0.6344627808250228,0.9423076923076923,0.9672694854814059,"RORA;CREM;BMAL1;CIPC;CREB1;PER1;KMT2A;PER3;RBM4",0.6953949840795609,0.9331956638260211,,
"REACTOME_RHO_GTPASE_EFFECTORS",272,-0.8417186119015523,0.9434628975265018,0.967539927992679,"NCKIPSD;H4C5;TUBA4A;SEC13;CENPM;TUBB4B;RHPN1;PPP2R1A;DVL1;ARPC1A;ACTG1;DYNLL2;PRKCZ;RANGAP1;H2AJ;H2AC20;PFN2;KLC2;RTKN;B9D2;SRC;SPC24;CKAP5;BIRC5;NUDC;AURKB;PIN1;NUP85;LIN7B;CDC20;KLC4;PLK1;ZWINT;DSN1;CIT;PMF1;SRF;CDCA8;NF2;MEN1;TUBA1B;DVL3;H2AZ2;NUP43;MYH14;IQGAP3;BUB3;CENPO;DVL2;ACTB;KLC1;YWHAG;DYNLL1;CENPT;WIPF2;PRC1;H2AX;SGO1;ERCC6L;CENPP;RHOD;PFN1;CENPA;H3-3B;CFL1;CTNNA1;TUBB2B;INCENP;ARPC4;AHCTF1;DYNC1H1;MAD2L1;NOXA1;KIF2C;CENPF;SPC25;TUBA1C;YWHAB;CDC25C;LIMK1;CYFIP1;CALM1;WASL;RPS27;RANBP2;KDM1A;H2BC26;RCC2;NUP98;MAPRE1;CENPE;KNTC1;PPP2R5D;CDH1;NUP37;MAPK3;TUBAL3;ABL1;KIF5B;CENPN;CENPH;NOX1;ITGB3BP",-0.8484931448427538,0.9883729778264773,,
"REACTOME_APOPTOTIC_EXECUTION_PHASE",48,-0.6854566392889015,0.9453302961275627,0.9680893384860196,"BCAP31;DFFA;OCLN;CASP6;DSG1;HMGB2;DFFB;LMNB1;KPNB1;GAS2;LMNA;DBNL;ACIN1",-0.7070159472448235,0.9794753874978709,,
"REACTOME_ACTIVATION_OF_BAD_AND_TRANSLOCATION_TO_MITOCHONDRIA",15,-0.6085127973497642,0.9457831325301205,0.9680893384860196,"BID;AKT2;AKT1;YWHAG",0.6488682297197309,0.9707150101419878,,
"REACTOME_ESTROGEN_DEPENDENT_NUCLEAR_EVENTS_DOWNSTREAM_OF_ESR_MEMBRANE_SIGNALING",23,-0.6392069179753798,0.9484536082474226,0.9697400036229282,"AKT2;SRF;AKT1;AREG;CCND1;EREG;EGF;MAPK3;ELK1",-0.6564149477192968,0.9765201048256876,,
"REACTOME_MAPK_TARGETS_NUCLEAR_EVENTS_MEDIATED_BY_MAP_KINASES",31,0.649472420030953,0.9491833030852994,0.9697400036229282,"MEF2C;MAPK10;MEF2A;MAPK11;DUSP6",0.7966496157543724,0.864571915722811,,
"REACTOME_RHOB_GTPASE_CYCLE",68,0.689474657734555,0.9516407599309153,0.971336053175017,"PREX1;STARD8;STOM;DLC1;ARHGEF3;ARHGEF25;STK10;VAMP3",0.8245613499249157,0.8584933161204348,,
"REACTOME_SIGNALING_BY_MET",75,0.6997483103026716,0.9526226734348562,0.9714244367263335,"HGF;SH3KBP1;LAMA2;STAT3;CBL;RAP1A;LAMA4;RANBP9;EPS15;SOS1;STAM2;PIK3CA;RAB4B;RAP1B;SHC1;PIK3R1;COL5A1;COL1A2;USP8;COL5A2;COL3A1;LAMA3;TNS3;RAPGEF1;KRAS;PTPRJ;NRAS;COL24A1;STAM;GRB2;LAMC1;COL1A1",0.9105833753145239,0.7345755848952564,,
"REACTOME_METABOLISM_OF_STEROID_HORMONES",19,0.5723073521910413,0.9539347408829175,0.9718490083173386,"HSD11B1;HSD17B14",0.7180952044055529,0.9271246098333074,,
"REACTOME_DOWNREGULATION_OF_TGF_BETA_RECEPTOR_SIGNALING",26,-0.6198984808541841,0.9625779625779626,0.9790392145500302,"RPS27A;UBA52;STUB1;UBB;STRAP;NEDD4L;MTMR4;UBC;PPP1CA",0.6756324839200473,0.9727227200935741,,
"REACTOME_TRANSCRIPTIONAL_REGULATION_OF_WHITE_ADIPOCYTE_DIFFERENTIATION",80,0.6834891149009837,0.9635157545605307,0.9790392145500302,"FABP4;PLIN1;CD36;TNF;EGR2;TGFB1;EBF1;CDK19;CEBPD;MED31;CHD9;NCOA2;ZNF467;FAM120B;WNT10B",0.9511416642715883,0.6754246594546601,,
"REACTOME_SIGNALLING_TO_ERKS",31,-0.6305602579905455,0.9645232815964523,0.9790392145500302,"HRAS;SRC;MAP2K2;MAPK13;MAPKAPK3;CRKL;YWHAB;BRAF;SHC2;MAPK3",-0.5231529978050042,0.9998497649472049,,
"REACTOME_REGULATION_OF_PD_L1_CD274_TRANSCRIPTION",66,0.658822170651601,0.9646017699115044,0.9790392145500302,"STAT1;CD274;IRF1;EPAS1;WWTR1;STAT3;FOSB;HIF1A",0.8537293770127842,0.8202120611848666,,
"REACTOME_STRIATED_MUSCLE_CONTRACTION",23,0.5918162009681623,0.9690522243713733,0.9826370686382616,"VIM;TPM4;TMOD1;TTN;MYBPC1;TNNI2;TMOD2;TMOD3",0.7930829791286867,0.8628750451861671,,
"REACTOME_TRANSCRIPTIONAL_ACTIVITY_OF_SMAD2_SMAD3_SMAD4_HETEROTRIMER",50,-0.6214717627463069,0.9747706422018348,0.987512742099898,"RPS27A;UBA52;E2F4;NCOR2;MEN1;TGIF1;YBX1;HDAC1;UBB;RBL1;CDK9;TGIF2;NEDD4L;TFDP1;UBC;MYC;CDK8",0.665789790144175,0.9867680261463573,,
"REACTOME_CARGO_CONCENTRATION_IN_THE_ER",31,0.5909467320522162,0.9764065335753176,0.9882472844488989,"CTSC;CNIH2;F8;CD59;SEC24A;SEC23A;FOLR1;MCFD2;MIA2;F5",0.6558377338920126,0.9794753874978709,,
"REACTOME_REGULATION_OF_MITF_M_DEPENDENT_GENES_INVOLVED_IN_LYSOSOME_BIOGENESIS_AND_AUTOPHAGY",16,-0.5715813941466623,0.9780439121756487,0.9889819615196447,"ATP6V0B;ATP6V0E2;ATP6V1F;ATP6V0A1;ATP6V0D1;ATP6V1G1",-0.47860461874842775,1,,
"REACTOME_REGULATION_OF_RUNX1_EXPRESSION_AND_ACTIVITY",17,0.5001383796349215,0.98,0.9897800368854303,"RUNX1;AGO4;CBFB",0.37608702998278065,1,,
"REACTOME_MISCELLANEOUS_TRANSPORT_AND_BINDING_EVENTS",23,0.56098053533231,0.9806576402321083,0.9897800368854303,"LRRC8C;TUSC3;CTNS",0.9340801643796134,0.6679221594475832,,
"REACTOME_REGULATION_OF_MECP2_EXPRESSION_AND_ACTIVITY",28,0.542578340385605,0.9833024118738405,0.9915270603002946,"CAMK4",0.4307756124348973,1,,
"REACTOME_APOPTOTIC_CLEAVAGE_OF_CELLULAR_PROTEINS",38,0.5760896263733096,0.9858657243816255,0.9929445554445555,"BMX;VIM;CASP8;PRKCQ;BIRC2",0.6173612518922519,0.9926017992424242,,
"REACTOME_TERMINATION_OF_O_GLYCAN_BIOSYNTHESIS",18,0.5075665326012129,0.9865384615384616,0.9929445554445555,"MUC6;ST3GAL1;MUC4;ST6GALNAC3;ST3GAL4",0.5698976254859967,0.9926017992424242,,
"REACTOME_FORMATION_OF_THE_DYSTROPHIN_GLYCOPROTEIN_COMPLEX_DGC",33,0.5290790065692803,0.9875666074600356,0.9930581733958653,"SSPN;LAMA2;LAMA4;SNTB2;UTRN;SGCE;SGCD;SGCA;LAMA3",1.1595759102898682,0.3922986531682184,,
"REACTOME_O_LINKED_GLYCOSYLATION_OF_MUCINS",51,0.556602933153588,0.992818671454219,0.9974009033941145,"MUC6;GCNT4;GALNT16;B3GNT5;ST3GAL1;MUC4;B3GNT2;B3GNT7;B4GALT6;GALNT17;GALNT14;ST6GALNAC3;ST3GAL4;GALNT15;B3GNT9;GCNT3",0.6959859068750203,0.9719211713704328,,
"REACTOME_TGFBR3_EXPRESSION",21,-0.4819580228427605,0.9937238493723849,0.9974009033941145,"KLF16;TCF3;RXRA;RARA;MYCN;AGO2;HELLS;TCF12;AGO3;AGO1;TNRC6B;SMAD3",-0.7233854242279755,0.9292715175068117,,
"REACTOME_SIGNALING_BY_ACTIVIN",16,-0.4956407503708281,0.9960079840319361,0.997993465444989,"INHBB;ACVR1B;DRAP1;MAPK3;FST;MAPK1;ACVR2B;ACVR2A;SMAD3",0.5053964594648426,0.9959875124492453,,
"REACTOME_NFE2L2_REGULATING_ANTI_OXIDANT_DETOXIFICATION_ENZYMES",18,0.425483858337977,0.9961538461538462,0.997993465444989,"HMOX1;BACH1",-0.6550920502494284,0.978832365419508,,
"REACTOME_RHO_GTPASES_ACTIVATE_PKNS",57,-0.5372420245427791,1,1,"H4C5;H2AJ;H2AC20;H2AZ2;MYH14;YWHAG;H2AX;H3-3B;YWHAB;CDC25C;KDM1A;H2BC26;H2BC15;YWHAE;SFN;KLK3;YWHAQ;MYL6;KDM4C;YWHAH;H2BC5;RAC1;MYH9;H4C8;PKN1",-0.5962090598871226,0.9996928746928747,,
"REACTOME_TP53_REGULATES_TRANSCRIPTION_OF_ADDITIONAL_CELL_CYCLE_GENES_WHOSE_EXACT_ROLE_IN_THE_P53_PATHWAY_REMAIN_UNCERTAIN",21,0.37798444854325247,1,1,"BTG2;PLK2;CNOT6L;PLK3",-0.6077440392070733,0.9926017992424242,,
