"pathway","size","ES","NES","pval","padj","leading_edge","NES_no_cov","padj_no_cov","robust_no_covariate","collapsed_main"
"GAO_LARGE_INTESTINE_ADULT_CI_MESENCHYMAL_CELLS",338,0.8308970743263593,3.885592441845216,2.7398651095311793e-119,1.989142069519636e-116,"BLK;FCRL2;CD79B;CD19;MAP4K1;CD79A;TRAF3IP3;TMEM156;LY9;P2RY10;TNFRSF17;LAX1;IL16;FCMR;IRF4;ARHGAP25;SASH3;PPP1R16B;VPREB3;TBC1D10C;PRKCB;IKZF1;IRAG2;SLAMF1;FCRL5;CD27;LINC00996;CD2;CD3E;SLAMF7;ITGAL;BTK;NUGGC;KCNA3;KLHL6;TAGAP;PTPRC;RCSD1;PIK3CG;ARHGAP30;ANKRD36BP2;HCLS1;TRG-AS1;ARHGAP9;CD48;APBB1IP;GPR15;EVI2B;CD37;CD52;SP140;HLA-DOB;ARHGAP15;RASSF5;IL10RA;RASAL3;CSF2RB;PCED1B-AS1;DOCK2;POU2F2;WAS;TASL;CD3D;STAT4;SEPTIN1;HVCN1;IGLL5;FYB1;CD69;NCF1B;RHOH;TPSAB1;LIMD2;CD53;LINC02362;POU2AF1;MZB1;GIMAP4;NCF1;FGD2;LSP1;ANKRD44;ACAP1;GPR65;ADA2;NCKAP1L;SLA;GMFG;GPR183;FLI1;STX11;LCP1;CYTIP;FGL2;WIPF1;P2RX1;SPOCK2;DERL3;ZAP70;GPSM3;NCF1C;DOK2;HLA-DPA1;MEI1;ITGA4;SAMSN1;GNG2;CYBB;CPNE5;ST8SIA4;SFMBT2;CCDC69;KCNN3;TPSB2;CYTH4;IGF1;TP53INP1;NKG7;LILRB1;CYRIA;ABI3;DOK3;LY96;RGS1;LAPTM5;CLIP4;PRDM1;TNFRSF18;RASGRP3;MYO1G;PPP1R18;IL7R;CTSW;ASB2;NXPE3;PARVG;CD7;ARHGDIB;LCK;SRGN;EVI2A;SELPLG;BASP1;DOCK8;THEMIS2;ZEB2;SEPTIN6;PLEKHO1;SLFN11;ADAM28;MSN;APOBEC3G;ATP8B2;C16orf54;LRRC8C;TMC8;ITGB2;CD300A;C1QC;IL12RB1;MIAT;ICAM1;GNG7;WAKMAR2;NLRP1;ALOX5AP;CST7;PECAM1;NR3C1;RUNX3;MYO5A;NFATC1;GLCCI1;FYN;FCGR2B;EAF2;ZBP1;MEF2C;IGFLR1;ITGA8;CORO1A;HHEX;ADAM19;TNF;NIBAN1;AIM2;HERC5;CHST11;TRIM69;TRIB2;ITGB7;P2RX5;CIMAP1B;LAMP3;SYNE3;CSGALNACT2;TNFRSF4;NR4A3;SCPEP1;PDE4B;SLC7A7;SNAI3;TRPV2;RUNX2;DAPP1;CCDC88A;RGS19;ZEB1;TCF4;GYPC;OAS2;HCST;VIM;CCR10;BTN2A2;S100A4;CHST15;BMF;ST3GAL6;CEP85L;TGFB1;WNT10A;ZNF532;MX2;GSTM2;NCF4;PPM1K;ISG20;FRMD6;TNS1;SEC14L1",3.8113969987068717,1.1301529296260521e-115,TRUE,
"DESCARTES_FETAL_CEREBRUM_MICROGLIA",372,0.7723695790845738,3.639486120542427,4.574407773621719e-94,1.660510021824684e-91,"TRAF3IP3;TMEM156;IRF4;GAPT;SASH3;CD180;P2RY8;LINC00996;CD28;ITGAL;P2RY13;CYSLTR1;TAGAP;ITGB2-AS1;ARHGAP30;HCLS1;ARHGAP9;CD48;APBB1IP;EVI2B;CD37;SP140;ARHGAP15;GAB3;CSF2RB;CD4;PCED1B-AS1;SIGLEC10;DOCK2;MPEG1;TASL;PLD4;TNFSF8;WDFY4;SIGLEC8;EBI3;PTPN22;GGTA1;NCF1;TLR7;FGD2;TMEM273;GPR65;ADA2;PLCG2;SLC39A13-AS1;LY86;GPR183;TNFAIP8L2;CD300LF;CYTIP;PIK3R5;CEACAM21;MS4A6A;FMNL1;PDCD1;HPGDS;AIF1;IPCEF1;SAMSN1;CYBB;SFMBT2;HLA-DMB;CYTH4;LILRB1;MYO1F;MILR1;SLC37A2;LAIR1;TRIM22;CLEC7A;ADRB2;CDKN2B-AS1;C1QA;CCR1;LY96;RGS1;TFEC;LILRB4;RNASE6;MNDA;PLA2G7;PRAM1;MYO1G;RAB42;MAF;CD86;IL7R;GPR132;KCNK13;CD83;SPI1;TLR1;CD33;PARVG;HAVCR2;RASGRP4;PDCD1LG2;LAT2;LILRB5;LINC02611;SELPLG;NFAM1;CD74;MS4A7;DOCK8;GPR34;CSF2RA;GBP2;ADAP2;SLFN11;TMEM86A;ADAM28;LINC02381;ATP8B4;MS4A4A;SIRPB1;CX3CR1;CSF1;LRRC25;LILRA1;TMC8;NCF2;NLRC4;SIGLEC14;TMIGD2;LILRB2;LYVE1;ITGB2;MS4A14;BATF3;C1QC;RYR1;IL12RB1;SLC15A3;APOC1;SUCNR1;VAV1;FCGR3A;GNG7;TYROBP;GPNMB;ITGAX;CPVL;FCGR2C;CSF1R;CSF3R;CTSC;SERPINF1;TMEM106A;IGFLR1;CORO1A;SYNDIG1;MEFV;BATF;SMAP2;PIK3AP1;TYMP;GNB4;SNX29;EGR2;FCGR1A;IFI30;CD163;ENTPD1;MRC1;SLC7A7;FOLR2;RUNX2;CTSS;DOCK4;CACNA2D4;LILRA6;LINC00539;OSCAR;LILRA2;LILRB3;NAIP;GYPC;TMIGD3;ZC3H12D;GPR84;SERPINB9P1;ZMYND15;ELL2;VSIG4;HGF;NPL;EGR3;DHRS9;NFKBID;IL18;LGMN;HMOX1;TLR2;TLR5;HK3;BCL2A1;GAL3ST4;NCF4;C19orf38;HSPA6;CHIT1;CCDC200;ITGAM;SLC2A5;CHI3L1;SLC47A1;CTSB;TREM2;TBC1D12;ERMAP;RAP1A;P2RY6;CASP1;C5AR1;IRF8;BNC2;POPDC1;ARHGAP24;BLNK;COL8A2",3.6131281452245565,1.173280380809202e-96,TRUE,
"GAO_LARGE_INTESTINE_24W_C11_PANETH_LIKE_CELL",313,0.8011026199500009,3.726206052594347,1.8154808411350558e-92,4.393463635546835e-90,"CD180;PRKCB;IKZF1;LINC00996;SLAMF7;BTK;CLEC10A;ITGB2-AS1;PTPRC;HCLS1;CD48;EVI2B;CD37;RASSF5;DNASE1L3;CSF2RB;CD4;DOCK2;WAS;MPEG1;WDFY4;FYB1;EBI3;NCF1B;GGTA1;CD53;NCF1;FGD2;LSP1;GPR65;ADA2;PLCG2;CR1;NCKAP1L;SLA;LY86;GMFG;FLI1;GBP5;STX11;LCP1;FGL2;WIPF1;MS4A6A;FMNL1;HLA-DQA1;HPGDS;LCP2;GPSM3;AIF1;LST1;SLC9A9;DOK2;HLA-DPA1;IGSF6;SAMSN1;CYBB;CMKLR1;CD84;SFMBT2;HLA-DRA;HLA-DMB;CYTH4;LILRB1;CYRIA;CD209;ABI3;SLC37A2;CLEC7A;C1QA;GFRA2;CCR1;TFEC;LAPTM5;CXCL9;LILRB4;RNASE6;HLA-DQB1;PLA2G7;HLA-DRB1;MAF;FCER1G;PLXNC1;CD86;TNFSF13B;GPR132;CD83;SPI1;MARCHF1;CD33;PLEK;HAVCR2;SLAMF8;LAT2;ARHGDIB;SRGN;LILRB5;TRAF1;SGK1;HCK;NFAM1;CD74;MS4A7;CD163L1;HLA-DPB1;CXCL10;C1QB;GPR34;LMO2;ADAP2;SLFN11;MS4A4A;CCL4;HLA-DMA;NCF2;LILRB2;LYVE1;ITGB2;TNFAIP2;PLCB2;CD300A;C1QC;PTAFR;SIGLEC1;SLC15A3;KYNU;ICAM1;VAV1;FCGR3A;WAKMAR2;TYROBP;ITGAX;CXCR4;CPVL;KLHDC7B;CSF1R;CSF3R;RUNX3;ST3GAL5;CTSC;MAFB;THBD;RAC2;APOBEC3A;CALHM6;TNF;SECTM1;PIK3AP1;LIPA;TNFAIP3;CIMAP1B;GM2A;FCGR1A;IFI30;CD40;CD163;NR4A3;MFSD1;SNN;IL4I1;PDE4B;MRC1;F13A1;ARL4C;IFNGR1;STAB1;CD14;RGS19;NAIP;RASGEF1B;HCST;FCGR2A;ABCA1;GPR137B;RSAD2;EDEM1;BIRC3;SH2B3;FPR1;CTSL;ACP5;NPL;GATM;LGMN;HMOX1;TLR2;BCL2A1;SLCO2B1;NCF4;FES;FERMT3;NLRP3;HSPA6;SPPL2A;CNEP1R1;SNX10;LPAR6;ITGAM;CHI3L1;LYN;RIC1;CCL3;SOD2;CASP1;C5AR1;RNF144B;IRF8;ADCY7",3.69798332963756,5.220808536496612e-94,TRUE,
"DESCARTES_FETAL_INTESTINE_MYELOID_CELLS",190,0.8797834132880745,3.871183148218447,2.1988760231886676e-89,3.990959982087432e-87,"TLR10;NAPSB;GAPT;CD180;LINC00996;SLAMF7;P2RY13;CLEC10A;CD1C;TNFRSF13C;SCIMP;DNASE1L3;IL10RA;TIFAB;CD4;SIGLEC10;MPEG1;TASL;PLD4;WDFY4;CCL22;CCR2;EBI3;NCF1;TLR7;FGD2;CR1;SLC39A13-AS1;LY86;GPR183;TNFAIP8L2;CD300LF;STX11;FGL2;CXCR2P1;CD200R1;HLA-DRB5;MS4A6A;HLA-DQA1;HPGDS;IDO1;AIF1;HLA-DPA1;IGSF6;CD101;CYBB;RGS18;CMKLR1;HLA-DRA;HLA-DMB;LILRB1;CYRIA;CD209;MILR1;IL6R;CLEC7A;TLR6;HLA-DOA;C1orf162;C1QA;CCR1;CXCL9;CD1D;LILRB4;RNASE6;HLA-DQB1;MNDA;HLA-DRB1;FCER1G;TLR8;CD86;C3AR1;ADGRE1;FPR3;CIITA;CD83;SPI1;TLR1;MARCHF1;CD33;PLEK;SIRPB2;RASGRP4;SCN4B;PDCD1LG2;LILRB5;HCK;CD74;MS4A7;CD163L1;HLA-DPB1;CXCL10;C1QB;THEMIS2;GPR34;CSF2RA;CD274;ADAP2;MS4A4A;CX3CR1;HRH2;LILRA1;HLA-DMA;NCF2;NLRC4;SIGLEC14;LILRB2;MS4A14;ADGRE3;C1QC;PTAFR;RYR1;SIGLEC1;KYNU;CD207;FCGR3A;TYROBP;ITGAX;CPVL;HLA-DQA2;CSF1R;CSF3R;CD300LB;MAFB;ADGRE2;MEFV;SAMHD1;HLA-DRB6;SECTM1;TYMP;FCGR1A;IFI30;CD163;SDS;F13A1;SIGLEC12;FOLR2;DAPP1;CTSS;LILRA6;STAB1;CD14;OSCAR;LILRA2;LILRB3;FCN1;CD300C;FCGR2A;ABCA1;LILRA5;ZNF385A;ZMYND15;VSIG4;FPR1",3.8767496183430286,4.856697941120886e-96,TRUE,
"GAO_LARGE_INTESTINE_ADULT_CJ_IMMUNE_CELLS",478,0.7110270854482093,3.4336057088135123,3.8842168401828834e-86,5.639882851945546e-84,"PPP1R16B;GIMAP7;ADAMDEC1;ABI3BP;CD4;ADH1B;GIMAP6;ABCA8;TMEM273;CHL1;FABP4;SCARA5;GIMAP8;FAM107A;RBP5;CLIC2;SFRP1;LIFR;ETS1;JAM2;PPP1R18;MAF;A2M;CAVIN2;ENPP2;PLEK;COL14A1;TMEM119;C1S;RFTN1;CCL11;TCF21;ITPR1;CCL2;ZEB2;PDE7B;SLFN11;GBP4;SERPING1;ADAM28;MSN;MGP;UNC5C;CSF1;LRRN3;CFH;TSPAN11;MFAP4;CD36;IL1R1;FBLN5;TNFAIP2;NKX2-3;SLC15A3;EFEMP1;LTBP2;PMP22;CYYR1;HEG1;MAMDC2;PECAM1;CSF3R;SERPINF1;THBD;CLEC3B;CRISPLD2;TEK;ADAM19;ADGRL3;KIAA1755;IGFBP5;SPARCL1;ITIH5;NEGR1;CHST11;JAK2;LBH;APOL4;MAGI2-AS3;CCDC80;PLAC9;STARD8;EDNRB;HOXB2;IFIT5;FHL1;CNRIP1;IGDCC4;SPART;CYBRD1;FOXF2;PDE2A;PDE1A;APOE;CYGB;PTGS1;RAB8B;GPC6;PTN;TRPV2;MMP2;DZIP1;CLMP;C1R;PDGFRA;ALDH1A3;TIMP2;APLNR;MMP19;MAPK10;MYCT1;LRRC32;CXCL12;MSC-AS1;DCN;GNG11;NEXN;QKI;PREX2;COL13A1;TMTC1;ZEB1;TCF4;ZNF521;LUM;STOM;DLC1;ADAMTS1;EMCN;FENDRR;FOXF1;LDB2;CALCRL;SULF1;GGT5;IRAG1;GPX3;SYNPO2;JAM3;RAMP3;ADAM33;ANTXR1;PINLYP;CCM2L;AOC3;CD34;RBMS3;FILIP1L;ANGPT1;CLDN5;C14orf132;DNM3OS;MMRN2;WWTR1;LHFPL6;ARMCX1;STOX2;PCDH18;GULP1;APOD;AXL;GASK1B;MX2;ARHGEF15;ANGPTL2;CLEC14A;FERMT2;FAM13C;COLEC12;SNAI2;FSTL1;CALD1;TIMP3;BCL6B;SGIP1;PEAR1;OLFM1;RECK;FBLN1;PDPN;F2RL3;AMOTL1;MEG3;TGM2;FRMD6;SGTB;TNS1;RBMS1;STEAP4;CD93;TMEM47;NRP1;SCUBE2;VCAN;CPED1;PTPRM;ELMO1;GUCY1A1;ANXA1;RHOJ;IFI44L;SALL1;SLC24A3;SNX18;A4GALT;FBN1;MCTP1;IGFBP7;ANKRD29;PKD2;KIRREL1;GLI3;ZNF667-AS1;TSHZ3;CTSF;GLP2R;FBXL7;SNED1;ARL10;NNMT;CCDC8;KANK3;BGN;RFLNB;ROBO4;NR2F1-AS1;PDGFD;PTPRS;CAV2;EMILIN1;ISLR;DACT1;LAMA4;MSRB3;LMOD1;CDH5;MXRA5;COL6A3;SMARCA1;OLFML3;PDGFRB;PTCH2;TRPC1;SDC2;PAPPA;ENG;AEBP1;RAB34;EHD2;ADGRA2;CDH11;ETV1;PDGFC;COL18A1;RGS5;MAP1B;SYDE1;ASAP1;DPYSL3;ADGRF5;GRK5;TFPI;SLC2A3;ANXA6;SEPTIN4;CDH6;HTRA1;SLC38A6;IL33;MXRA8;DKK3;FGFR1;JCAD;MEIS3;SOX18;MRC2;KLHL5;PLAT;THY1;FAM20C;ITGA11;MXRA7;LOX;ABLIM3;SGCE;RAMP2;GLIS2;TSHZ2;ADAMTS5;PCOLCE;GDNF;PLXND1;TSPAN4;SDC3;STC1;STMN2;SGCD;SYNM;C11orf96;VWF;ITGA1;PLAU;PAM;PCDH19;BST2;CPAMD8;NSG1;SAMD4A;A2M-AS1;NPR3;COL5A1;COL1A2;SPARC;THSD1;ECSCR;KIFC3;PDE1C;FLT1;RAI14;RIPOR1;ZCCHC24;ZNF155;COL5A2;MEIS2;TNS2;COL15A1;EFEMP2;EMID1;BMP4;CXCL14;SOBP;ALKAL2;COL3A1;GJA1;LGI4;CAV1;CCDC102B;DYNC2H1;WWC3",3.5364637309720837,1.936832170132978e-102,TRUE,
"ZHONG_PFC_MAJOR_TYPES_MICROGLIA",426,0.7232032898389027,3.4534488179864358,1.1601707291093565e-81,1.4038065822223214e-79,"TLR10;IL16;SASH3;IKZF1;IRAG2;LINC00996;P2RY13;TAGAP;PTPRC;RCSD1;HCLS1;ARHGAP9;APBB1IP;CD37;BIN2;IL10RA;CD4;SIGLEC10;DOCK2;WAS;MPEG1;PLD4;FAM78A;HVCN1;FYB1;SIGLEC8;GGTA1;CD53;GIMAP4;TLR7;FGD2;TMEM273;ADA2;NCKAP1L;LY86;GMFG;GPR183;FLI1;TNFAIP8L2;LCP1;HPGDS;GPSM3;AIF1;IPCEF1;LST1;SLC9A9;IGSF6;SAMSN1;CYBB;CD84;SFMBT2;CYTH4;IGF1;C3;ABI3;MYO1F;MILR1;IL6R;LAIR1;ADRB2;C1QA;CCR1;LY96;RGS1;TFEC;LAPTM5;LILRB4;RNASE6;MNDA;PLA2G7;PPP1R18;MAF;FCER1G;CD86;C3AR1;A2M;CD83;PLEK;PARVG;HAVCR2;LAT2;ARHGDIB;SRGN;TMEM119;SGK1;HCK;EVI2A;SELPLG;CD74;MS4A7;DOCK8;C1QB;TM6SF1;GPR34;FMNL3;ADAP2;ADAM28;ATP8B4;MSN;CCL4;CX3CR1;CD36;TMIGD2;ITGB2;PLCB2;CD300A;C1QC;PTAFR;RYR1;SLC15A3;APOC1;ADORA3;VAV1;CCL4L2;FCGR3A;GNG7;TYROBP;ITGAX;ALOX5AP;CPVL;CSF1R;CSF3R;NR3C1;CTSC;SERPINF1;IFI16;SP100;IGFLR1;CORO1A;SMAP2;GNB4;LIPA;RASSF4;GM2A;EGR2;FCGR1A;TSC22D3;IFI30;ENTPD1;ITM2B;MFSD1;APOE;MRC1;OLR1;SLC7A7;PTGS1;FOLR2;CTSS;IL6ST;TIMP2;DOCK4;IFNGR1;STAB1;CD14;RGS19;NAIP;TAL1;HLA-E;LINC01094;SWAP70;GYPC;STOM;TMIGD3;HCST;FCGR2A;TMT1A;SH2B3;B2M;VSIG4;FPR1;RAB31;VSIR;CTSL;NPL;GATM;HERPUD1;EGR3;DHRS9;AXL;LGMN;GAL3ST4;SLCO2B1;NCF4;FES;PSAP;STING1;PDPN;RUNX1;MAN2B1;RBMS1;HLA-C;KLF6;MBNL1;CPED1;PLXDC2;LPAR6;ITGAM;SALL1;LYN;RGS10;FRMD4A;CTSB;TREM2;SIRPA;KLF2;CEBPD;SESN3;CCL3;BTG2;FOSB;CASP1;C5AR1;IRF8;MEF2A;RGS2;ATP2B1-AS1;BLNK;OTUD1;LYST;DAB2;B3GNT5;CAP1;CH25H;OLFML3;LHFPL2;APPL2;PSMB10;PTPN6;CTSD;TPP1;PDK4;PLD3;HLA-B;BHLHE41;CMTM6;CREBL2;ALOX5;GLIPR1;HTRA1;ABCG2;RNF213;TNFRSF1B",3.4455544431373903,2.4196108039385448e-86,TRUE,
"HU_FETAL_RETINA_MICROGLIA",376,0.7271316297160977,3.4224601798231298,2.3444489029627357e-74,2.4315284336442087e-72,"TLR10;ARHGAP25;IKZF1;LINC00996;P2RY13;TAGAP;PTPRC;RCSD1;ARHGAP30;HCLS1;ARHGAP9;APBB1IP;EVI2B;CD37;BIN2;IL10RA;CD4;PCED1B-AS1;SIGLEC10;DOCK2;WAS;MPEG1;PLD4;FYB1;DOCK10;CD53;GIMAP4;FGD2;LSP1;NCKAP1L;SLA;LY86;GMFG;GPR183;LCP1;FGL2;HPGDS;LCP2;GPSM3;AIF1;LPXN;IPCEF1;LST1;HLA-DPA1;IGSF6;SAMSN1;CYBB;CD84;SFMBT2;HLA-DRA;HLA-DMB;CYTH4;C3;ABI3;MYO1F;MILR1;IL6R;LAIR1;CLEC7A;C1QA;PIP4K2A;CCR1;LY96;RGS1;LAPTM5;LILRB4;RNASE6;MNDA;HLA-DRB1;PPP1R18;MAF;FCER1G;CD86;C3AR1;A2M;CD83;SPI1;PLEK;PARVG;HAVCR2;LAT2;ARHGDIB;SRGN;SGK1;HCK;EVI2A;SELPLG;CD74;MS4A7;DOCK8;C1QB;GPR34;CSF2RA;PLEKHO1;FMNL3;ADAP2;ADAM28;ATP8B4;MSN;CX3CR1;HLA-DMA;CD36;ITGB2;PLCB2;CD300A;C1QC;PTAFR;LAP3;ADORA3;VAV1;CCL4L2;FCGR3A;TYROBP;ITGAX;ALOX5AP;CPVL;CSF1R;CSF3R;PREX1;CTSC;IFI16;MEF2C;SP100;CORO1A;SAMHD1;SMAP2;TYMP;GNB4;LIPA;GM2A;FCGR1A;ENTPD1;ITM2B;PARP14;MFSD1;OLR1;FOLR2;CTSS;IL6ST;DOCK4;IFNGR1;STAB1;QKI;CD14;RGS19;PLSCR1;HLA-E;SWAP70;TMIGD3;HCST;FCGR2A;TMT1A;SH2B3;B2M;VSIG4;FPR1;RAB31;VSIR;TRIM38;NPL;GATM;HERPUD1;LGMN;HMOX1;GAL3ST4;SLCO2B1;NCF4;NFKBIZ;PSAP;STING1;RUNX1;HLA-C;SH3KBP1;KLF6;MBNL1;CPED1;PLXDC2;LPAR6;ITGAM;TXNIP;STK10;LYN;RGS10;CTSB;TREM2;SIRPA;KLF2;CEBPD;RAP1A;BTG2;FOSB;CASP1;ITSN2;IRF8;SIPA1;MEF2A;RGS2;OGFRL1;BLNK;SKAP2;GNA13;SH3BGRL;B3GNT5;CAP1;OLFML3;CYRIB;CTSD;HLA-B;TGFBR2;BHLHE41;CMTM6;ALOX5;SLC2A3;GLIPR1;ABCG2;COTL1;RNF213;TNFRSF1B",3.4171356675190934,4.842659827520531e-76,TRUE,
"FAN_EMBRYONIC_CTX_BIG_GROUPS_MICROGLIA",361,0.7196835104772167,3.378304432426588,9.96768963000537e-68,9.045678339229873e-66,"TLR10;IKZF1;IRAG2;LINC00996;P2RY13;TAGAP;PTPRC;RCSD1;HCLS1;APBB1IP;EVI2B;CD37;BIN2;IL10RA;CD4;SIGLEC10;DOCK2;MPEG1;PLD4;HVCN1;FYB1;SIGLEC8;GGTA1;CD53;GIMAP4;TLR7;FGD2;NCKAP1L;LY86;GMFG;GPR183;LCP1;HPGDS;GPSM3;AIF1;IPCEF1;LST1;SLC9A9;IGSF6;SAMSN1;CYBB;CD84;SFMBT2;CYTH4;IGF1;C3;ABI3;MYO1F;MILR1;IL6R;LAIR1;ADRB2;C1QA;CCR1;LY96;RGS1;TFEC;LAPTM5;LILRB4;RNASE6;MNDA;PPP1R18;MAF;FCER1G;CD86;C3AR1;A2M;CD83;PLEK;PARVG;HAVCR2;LAT2;ARHGDIB;SRGN;TMEM119;SERPINB9;HCK;EVI2A;SELPLG;CD74;MS4A7;DOCK8;C1QB;GPR34;FMNL3;ADAP2;ADAM28;ATP8B4;CCL4;CX3CR1;CD36;ITGB2;CD300A;C1QC;PTAFR;LAP3;APOC1;ADORA3;FCGR3A;GNG7;TYROBP;ITGAX;ALOX5AP;CPVL;CSF1R;CSF3R;XAF1;CTSC;SERPINF1;IFI16;SP100;CORO1A;HHEX;GNB4;LIPA;GM2A;FCGR1A;IFI30;ENTPD1;ITM2B;MFSD1;APOE;MRC1;OLR1;SLC7A7;PTGS1;FOLR2;CTSS;IL6ST;DOCK4;IFNGR1;STAB1;CD14;RGS19;NAIP;TAL1;HLA-E;GYPC;STOM;TMIGD3;HCST;FCGR2A;TMT1A;B2M;VSIG4;FPR1;VSIR;CTSL;NPL;GATM;HERPUD1;DHRS9;LGMN;HMOX1;GAL3ST4;SLCO2B1;NCF4;NFKBIZ;PSAP;STING1;PDPN;MAN2B1;HLA-C;SLC1A3;CPED1;PLXDC2;LPAR6;ITGAM;SALL1;LYN;RGS10;CTSB;TREM2;SIRPA;KLF2;CEBPD;CCL3;BTG2;FOSB;CASP1;IRF8;MEF2A;RGS2;BLNK;OTUD1;SKAP2;LYST;DAB2;B3GNT5;CAP1;CH25H;OLFML3;LHFPL2;APPL2;PTPN6;CTSD;TPP1;PDK4;PLD3;HLA-B;TGFBR2;BHLHE41;CMTM6;GLIPR1;HTRA1;ABCG2;COTL1;RNF213;TNFRSF1B",3.372112523128664,1.1914079402087534e-70,TRUE,
"DESCARTES_FETAL_LUNG_MYELOID_CELLS",141,0.8823534759629464,3.751657844965549,6.364583883226264e-67,5.134097665802521e-65,"NAPSB;LINC00996;PLA2G2D;P2RY13;CLEC10A;CD1C;SCIMP;DNASE1L3;MPEG1;CPA3;PLD4;WDFY4;FGD2;HDC;SLC39A13-AS1;CD300LF;FGL2;HLA-DRB5;MS4A6A;HLA-DQA1;HPGDS;IDO1;HLA-DPA1;IGSF6;CYBB;CMKLR1;HLA-DRA;CYTH4;CD209;MILR1;SLC37A2;CLEC7A;C1QA;CCR1;CXCL9;CD1D;LILRB4;RNASE6;P2RY14;HLA-DQB1;MNDA;PRAM1;HLA-DRB1;TLR8;CD86;C3AR1;ADGRE1;FPR3;KCNK13;ASB2;CIITA;CD83;SPI1;TLR1;CD33;SIRPB2;HAVCR2;SLAMF8;LILRB5;HCK;NFAM1;CD74;MS4A7;CD163L1;HLA-DPB1;CXCL10;C1QB;GPR34;CSF2RA;ATP8B4;MS4A4A;SIRPB1;HRH2;LRRC25;LILRA1;HLA-DMA;NCF2;HLA-DQB2;NLRC4;SIGLEC14;LILRB2;MS4A14;BATF3;ADGRE3;C1QC;SIGLEC1;SLC15A3;KYNU;CD207;ITGAX;CPVL;SIGLEC7;HLA-DQA2;LINC02576;CD300LB;PILRA;ADGRE2;TMEM106A;MEFV;HLA-DRB6;EGR2;FCGR1A;IFI30;CD163;FOLR2;LILRA6;CD14;OSCAR;LILRA2;LILRB3;FCN1;NAIP;LINC01094;LILRA5;VSIG4;FPR1;LGMN;BCL2A1;NLRP3;C19orf38",3.7703105340090803,1.433058044821956e-71,TRUE,
"CUI_DEVELOPING_HEART_C8_MACROPHAGE",273,0.7664574761436196,3.5253446175651972,7.612366428115979e-67,5.5265780268122e-65,"IL16;IKZF1;JAML;PTPRC;ARHGAP30;HCLS1;APBB1IP;EVI2B;CD37;IL10RA;CD4;DOCK2;POU2F2;WAS;MPEG1;PLD4;FYB1;CD53;LSP1;ADA2;SLA;LY86;GMFG;GPR183;LCP1;FGL2;WIPF1;MS4A6A;FMNL1;HPGDS;LCP2;GPSM3;AIF1;LST1;DOK2;HLA-DPA1;IGSF6;SAMSN1;CYBB;HLA-DRA;HLA-DMB;CYTH4;MYO1F;IL6R;LAIR1;CLEC7A;C1orf162;C1QA;LY96;RGS1;LAPTM5;RNASE6;HLA-DQB1;MNDA;PRAM1;HLA-DRB1;PPP1R18;MAF;FCER1G;CD86;C3AR1;A2M;CD83;SPI1;MARCHF1;PLEK;PARVG;LAT2;ARHGDIB;SRGN;SGK1;HCK;EVI2A;BASP1;CD74;MS4A7;HLA-DPB1;DOCK8;C1QB;THEMIS2;GPR34;ADAP2;LITAF;MS4A4A;STK17B;CX3CR1;HLA-DMA;NCF2;CD36;LILRB2;ITGB2;PLCB2;CD300A;C1QC;PTAFR;FCGR3A;TYROBP;ITGAX;ALOX5AP;CXCR4;CPVL;CSF1R;CSF3R;PREX1;CTSC;MAFB;PILRA;MEF2C;RAC2;CORO1A;CALHM6;MAP3K8;SMAP2;PIK3AP1;FCGR1A;IFI30;CD163;MFSD1;MRC1;F13A1;MSR1;FOLR2;CTSS;STAB1;CD14;NAIP;HLA-E;PNRC1;HCST;FCGR2A;SH2B3;S100A4;MCL1;VSIG4;FPR1;RAB31;VSIR;HERPUD1;LGMN;TLR2;SLCO2B1;NCF4;FES;NLRP3;PSAP;RUNX1;PMAIP1;MAN2B1;HLA-C;SH3KBP1;KLF6;LPAR6;ITGAM;LYN;RGS10;CTSB;SIRPA;CARD16;CEBPD;CCL3;SOD2;BTG2;FOSB;PLAC8;CASP1;C5AR1;IRF8;ADCY7;RGS2;OTUD1;SKAP2;GNA13;B3GNT5;CAP1;CYRIB;PTPN6;CTSD;TPP1;HLA-B;ALOX5;SLC2A3;GLIPR1;REL;COTL1;TNFRSF1B",3.567106646504888,2.1897888158761095e-74,TRUE,
"DESCARTES_FETAL_PANCREAS_MYELOID_CELLS",178,0.8396799192460522,3.6342887119289924,2.1426158720214906e-66,1.4141264755341838e-64,"NAPSB;JAML;LINC00996;SLAMF7;P2RY13;CLEC10A;JCHAIN;SCIMP;TIFAB;SIGLEC10;MPEG1;TASL;PLD4;CCR5;CCR2;NCF1;FGD2;SLC39A13-AS1;CD300LF;FGL2;CXCR2P1;HLA-DRB5;MS4A6A;HLA-DQA1;HPGDS;IDO1;LST1;HLA-DPA1;IGSF6;CYBB;RGS18;LILRB1;CD209;MYO1F;MILR1;SLC37A2;CLEC7A;C1orf162;C1QA;CCR1;TFEC;CD1D;LILRB4;RNASE6;HLA-DQB1;MNDA;PRAM1;HLA-DRB1;FCER1G;TLR8;CD86;C3AR1;FPR3;KCNK13;CD83;SPI1;CD33;PLEK;SIRPB2;RASGRP4;FGR;SLAMF8;SRGN;LILRB5;HCK;GPR82;NFAM1;MS4A7;CD163L1;C1QB;GPR34;CSF2RA;ADAM28;ATP8B4;MS4A4A;SIRPB1;CLEC12A;CX3CR1;LRRC25;LILRA1;NCF2;HLA-DQB2;NLRC4;SIGLEC14;LILRB2;MS4A14;BATF3;C1QC;PTAFR;SIGLEC1;KYNU;TYROBP;ITGAX;CPVL;SIGLEC7;CSF1R;CSF3R;CD300LB;PILRA;ADGRE2;MEFV;HLA-DRB6;XCR1;FCGR1A;IFI30;CD163;SIGLEC9;MRC1;F13A1;MSR1;FOLR2;LILRA6;CD14;OSCAR;LILRB3;FCN1;CD300C;FCGR2A;LILRA5;ZNF385A;VSIG4;FPR1;PACSIN1;LGMN;HMOX1;HK3;BCL2A1;NLRP3;C19orf38;LINC02908",3.677597671154592,4.0598051318954406e-72,TRUE,
"DESCARTES_FETAL_THYMUS_ANTIGEN_PRESENTING_CELLS",159,0.8529037429612287,3.675801083405127,1.2768685612113216e-64,7.725054795328495e-63,"MS4A1;TLR10;CCL19;P2RY10;FCRL5;LINC00996;SLAMF7;P2RY13;HLA-DOB;DNASE1L3;IL10RA;SIGLEC10;IGKC;MPEG1;TASL;PLD4;WDFY4;CCL22;EBI3;FGD2;LY86;FGL2;HLA-DRB5;MS4A6A;IDO1;HLA-DPA1;IGSF6;SAMSN1;S100B;CYBB;CMKLR1;CD84;HLA-DRA;HLA-DMB;CYRIA;MYO1F;IL6R;CLEC7A;CD80;C1QA;GFRA2;CLIC2;LY96;RGS1;TFEC;CXCL9;MMP25;P2RY14;MNDA;HLA-DRB1;FCER1G;CD86;GPR132;KCNK13;CD83;IGHM;EPSTI1;SPI1;MARCHF1;PLEK;FGR;SLAMF8;SRGN;TRAF1;HCK;NFAM1;CD74;MS4A7;CD163L1;HLA-DPB1;CXCL10;MIR155HG;C1QB;THEMIS2;CSF2RA;ADAP2;IL18R1;HLA-DQB2;BATF3;PLCB2;PTAFR;RYR1;SLC15A3;KYNU;TYROBP;ITGAX;CPVL;CST7;PAX5;ZNF366;MAFB;HLA-DRB6;GNAO1;RASSF4;IL4I1;SLC7A7;F13A1;SEMA4A;DAPP1;CTSS;CD14;RASGEF1B;SLC8A1;BIRC3;LRRK2;RAB31;IL18;LGMN;TLR2",3.5818731942433537,3.788690132661062e-58,TRUE,
"SU_HO_CONV_CENT_CHONDROSARCOMA_C6_LEUKOCYTE",313,0.7338017486298322,3.4131663647779003,1.3885027606801054e-63,7.7542538788750505e-62,"TAGAP;PTPRC;HCLS1;CD48;EVI2B;CD37;IL10RA;CD4;WAS;FYB1;CD53;LY86;GMFG;GPR183;CCL5;STX11;LCP1;CYTIP;FGL2;WIPF1;MS4A6A;FMNL1;HLA-DQA1;HPGDS;LCP2;GPSM3;AIF1;LST1;DOK2;HLA-DPA1;IGSF6;SAMSN1;CD84;HLA-DRA;HLA-DMB;CYRIA;LAIR1;CLEC7A;C1orf162;C1QA;LY96;RGS1;LILRB4;RNASE6;PRDM1;HLA-DQB1;RASGRP3;HLA-DRB1;PPP1R18;FCER1G;CD86;TNFSF13B;FPR3;CD83;SPI1;PLEK;HAVCR2;ARHGDIB;SRGN;SERPINB9;SGK1;CD74;MS4A7;HLA-DPB1;MIR155HG;CCL2;C1QB;THEMIS2;ZEB2;CSF2RA;PLEKHO1;ADAP2;MS4A4A;STK17B;CCL4;HLA-DMA;NCF2;TNFAIP2;CD300A;C1QC;APOC1;KYNU;FNBP1;CCL4L2;FCGR3A;TYROBP;GPNMB;ITGAX;ALOX5AP;CXCR4;HLA-DQA2;CSF1R;FCGR2B;THBD;PILRA;RAC2;CORO1A;CALHM6;MAP3K8;TNF;SMAP2;TNFAIP8;LIPA;TNFAIP3;RASSF4;FCGR1A;CSGALNACT2;DSE;CD163;MFSD1;APOE;PDE4B;MSR1;FOLR2;CTSS;STAB1;QKI;CD14;RGS19;PHACTR1;CFLAR;RASGEF1B;HCST;FCGR2A;ABCA1;GPR137B;ZNF385A;BIRC3;VSIG4;ACP5;NPL;GATM;IL18;C1orf54;BCL2A1;SLCO2B1;MXD1;NCF4;FERMT3;NLRP3;SEC14L1;CD93;C15orf48;NRP1;CREM;KLF6;AP1S2;SNX10;LPAR6;LYN;RGS10;CTSB;TREM2;SIRPA;CPEB4;CARD16;RAP1A;CCL3;CASP1;C5AR1;RNF144B;IRF8;OGFRL1;ADAM8;ZNF267;OTUD1;DAB2;SDCBP;GNA13;FOSL2;AMPD3;CAP1;STX7;FAM107B;TANK;LHFPL2;ENG;CLEC2B;CYRIB;PTPN6;TPP1;CMTM6;FRMD4B;GLIPR1;REL;COTL1;RNF213;TNFRSF1B;CAPZA1;MOB1A;VMO1;FOXN3;LYZ;ELF1;NFKBIA;UCP2;DUSP6;CSTA;AKR1B1;ZNF331;CXCL1;NCOA4;CTSH;PLXND1;ARID5A",3.4097183293586992,2.2866538787235752e-65,TRUE,
"DESCARTES_FETAL_ADRENAL_LYMPHOID_CELLS",126,0.8882655053340209,3.70383928196484,3.7570546927296676e-63,1.9483012192298132e-61,"MS4A1;FCRLA;BLK;FCRL2;CD79B;FCRL3;CCR7;CD19;CD79A;TRAF3IP3;LY9;P2RY10;LAX1;ZNF831;FCMR;IRF4;LINC00861;TBC1D10C;ITK;SLAMF1;FCRL5;CD27;CD3G;CD2;BTLA;CD3E;SLAMF7;PYHIN1;TIGIT;LTB;KLRB1;TRBC2;SH2D1A;CD96;SELL;SLAMF6;JCHAIN;CD247;TRAT1;CD52;ICOS;IGHD;HLA-DOB;IL2RB;PCED1B-AS1;GPR171;THEMIS;IGKC;CD3D;UBASH3A;GZMM;SEPTIN1;IKZF3;CD8A;TBX21;PTPN22;RHOH;MZB1;ACAP1;CRTAM;GBP5;CYTIP;GPR18;ZAP70;RASGRP1;EOMES;IL2RA;NKG7;BACH2;GZMA;MYO1G;SPIB;IL7R;IL18RAP;IGHM;CD7;LCK;SYTL3;GZMH;CD244;TMIGD2;PRF1;CD160;CST7;RUNX3;PAX5;P2RX5;GNLY;CD8B;ADGRG3;PLAAT4;TMEM154;SLFN5;IL12RB2;IKZF2;BIRC3;LINC00426",3.639350347360019,1.8562297685697044e-58,TRUE,
"DESCARTES_FETAL_KIDNEY_LYMPHOID_CELLS",145,0.8664489458702563,3.6802660862856724,3.3445105598168833e-62,1.6187431109513714e-60,"MS4A1;BLK;CR2;FCRL2;CD79B;FCRL3;CCR7;TESPA1;CD19;CD79A;LY9;P2RY10;LAX1;ZNF831;FCMR;LINC00861;SASH3;VPREB3;ITK;SLAMF1;FCRL5;CD27;CD3G;CD2;CD3E;PYHIN1;TIGIT;LTB;SIRPG;KLRB1;TRBC2;SH2D1A;LTA;SLAMF6;CD247;TRAT1;CD52;ICOS;IGHD;HLA-DOB;IL21R;IL2RB;GPR171;THEMIS;IGKC;CD3D;GZMM;SEPTIN1;IKZF3;CD69;CD8A;TBX21;PTPN22;RHOH;POU2AF1;ACAP1;CRTAM;FOXP3;CHI3L2;GPR18;ZAP70;RASGRP1;EOMES;IL2RA;NKG7;BACH2;GZMA;TNFRSF18;MYO1G;CARMIL2;IL7R;CTSW;CD7;LCK;TNFSF14;APOBEC3G;C16orf54;LRRN3;TMIGD2;PRF1;CD160;SCN3A;NELL2;CXCR4;CST7;S1PR4;RUNX3;PAX5;PLEKHF1;P2RX5;ZNF101;PLAAT4;GPR68;TNIP3;STK17A;TNFSF4;SLFN5;IL12RB2;LINC00426;MATK;DGKA;ATP13A4;SAMD3",3.6400792254838303,4.023663935627225e-59,TRUE,
"DESCARTES_FETAL_ADRENAL_MYELOID_CELLS",153,0.8525461736625608,3.6599818975831693,1.6313048994788637e-60,7.402045981385344e-59,"LINC00996;P2RY13;CLEC10A;SCIMP;CD4;SIGLEC10;MPEG1;SIGLEC8;GGTA1;FGD2;TMEM273;SLC39A13-AS1;CD300LF;MS4A6A;HLA-DQA1;HLA-DPA1;IGSF6;CYBB;CMKLR1;HLA-DRA;HLA-DMB;CYTH4;LILRB1;CD209;MILR1;SLC37A2;CLEC7A;TLR6;HLA-DOA;CD80;C1QA;CCR1;RGS1;LILRB4;RNASE6;HLA-DQB1;MNDA;PLA2G7;PRAM1;HLA-DRB1;CD86;C3AR1;ADGRE1;FPR3;KCNK13;SPI1;TLR1;CD33;SIRPB2;PDCD1LG2;SLAMF8;LILRB5;HCK;NFAM1;MS4A7;CD163L1;HLA-DPB1;CXCL10;C1QB;GPR34;ADAP2;ADAM28;MS4A4A;SIRPB1;LRRC25;LILRA1;HLA-DMA;NCF2;NLRC4;SIGLEC14;LILRB2;MS4A14;C1QC;PTAFR;RYR1;SIGLEC1;ITGAX;CPVL;CSF1R;PILRA;ADGRE2;TMEM106A;FAM20A;CALHM6;MEFV;SECTM1;TYMP;FCGR1A;CD163;MRC1;SLC7A7;MSR1;SIGLEC12;FOLR2;PELATON;IFNGR1;LILRA6;CD14;OSCAR;LILRA2;LILRB3;FCN1;CD300C;NAIP;LINC01094;TMIGD3;LILRA5;ZMYND15;VSIG4;FPR1;MX2;LGMN;HMOX1;TLR2;TLR5;HK3;SLCO2B1;NLRP3;CCDC200;SLC1A3",3.6569881232933494,1.0191021354327286e-63,TRUE,
"DESCARTES_FETAL_LUNG_LYMPHOID_CELLS",113,0.9013398477987629,3.6628749981706705,2.807067099810142e-60,1.1987827732130371e-58,"MS4A1;FCRLA;BLK;CR2;FCRL2;CD79B;FCRL3;CCR7;CD19;CD79A;LY9;LAX1;FCMR;LINC00861;VPREB3;TBC1D10C;ITK;SLAMF1;FCRL5;CD27;CD3G;CD2;CD3E;PYHIN1;TIGIT;LTB;SIRPG;KLRB1;TRBC2;SH2D1A;LTA;SLAMF6;JCHAIN;CD247;TRAT1;CD52;ICOS;IGHD;IL2RB;PCED1B-AS1;GPR171;THEMIS;IGKC;CD3D;UBASH3A;STAT4;GZMM;SEPTIN1;IGLL5;IKZF3;CD8A;TBX21;RHOH;CXCR6;CHRM3-AS2;TRGC2;MZB1;CRTAM;FOXP3;CHI3L2;ZAP70;PDCD1;RASGRP1;TNFRSF9;FASLG;IL2RA;NKG7;GZMA;IL7R;IL18RAP;IGHM;CTLA4;CD7;MEOX1;LCK;ZNF683;GZMH;TMIGD2;PRF1;CD160;TXK;CST7;S1PR4;PAX5;ZBP1;CORO1A;P2RX5;GNLY;CD8B",3.631797755727368,5.5624970828593774e-58,TRUE,
"DESCARTES_FETAL_PANCREAS_LYMPHOID_CELLS",104,0.9035367960026421,3.6269006763524057,7.468052626935245e-57,3.012114559530549e-55,"MS4A1;CD22;FCRLA;BLK;FCRL2;CD79B;FCRL3;CCR7;TESPA1;CD19;CD79A;P2RY10;CCR4;LAX1;FCMR;LINC00861;VPREB3;TBC1D10C;ITK;CD27;CD3G;CD2;BTLA;CD3E;PYHIN1;TIGIT;GPR174;SIRPG;KLRB1;TRBC2;SH2D1A;CD96;CD247;CD6;CD40LG;TRAT1;ICOS;IGHD;IL2RB;GPR171;THEMIS;CD3D;GZMM;SEPTIN1;IKZF3;CCL22;CD69;CD8A;IGLC3;TBX21;RHOH;CHRM3-AS2;POU2AF1;IGLC2;CRTAM;FOXP3;CHI3L2;GPR18;ZAP70;PDCD1;EOMES;CD72;FASLG;IL2RA;NKG7;BACH2;LINC01871;IL1RL1;GZMA;CTSW;IGHM;LCK;GZMH;PRF1;CD160;CST7;PAX5;P2RX5;GNLY;GATA3;CD8B;LAIR2;MIR3142HG",3.616726221644965,2.510379786711531e-54,TRUE,
"DESCARTES_FETAL_INTESTINE_LYMPHOID_CELLS",122,0.8727250616271667,3.6030788139545415,2.3615113395536244e-55,9.023459118504901e-54,"MS4A1;BLK;CD79B;CCR7;TESPA1;CD79A;LY9;CCR4;LAX1;VPREB3;TBC1D10C;ITK;SLAMF1;CD3G;CD2;CD3E;PYHIN1;LTB;SIRPG;KLRB1;TRBC2;SH2D1A;CD96;LTA;NLRC3;SLAMF6;CD247;SLA2;CD6;CD40LG;TRAT1;CD52;ICOS;IGHD;IL21R;IL2RB;PCED1B-AS1;GPR171;THEMIS;CD3D;UBASH3A;STAT4;GZMM;SEPTIN1;IKZF3;CD69;CD8A;TBX21;PTPN22;CXCR6;TRGC2;ACAP1;CRTAM;CHI3L2;GBP5;GPR18;ZAP70;EOMES;FASLG;IL2RA;RGL4;NKG7;LINC01871;IL1RL1;GZMA;TNFRSF18;MYO1G;IL7R;IL18RAP;CTSW;IGHM;CD7;LCK;KLRD1;TMIGD2;PRF1;CD160;TXK;CST7;S1PR4;PAX5;PLEKHF1;GNLY;GATA3;IL4I1;GPR68;ITGAE;IL12RB2;IKZF2;LINC00426;MATK;TNFSF11",3.620978528923741,6.394493706396703e-57,TRUE,
"DESCARTES_FETAL_LIVER_MYELOID_CELLS",168,0.8130702675596999,3.5129609770646204,3.0603908234154634e-54,1.110921868899813e-52,"NAPSB;P2RY13;CD1C;SCIMP;IL10RA;MPEG1;EBI3;FGD2;TNFAIP8L2;CD300LF;FGL2;CXCR2P1;HLA-DQA1;IDO1;IGSF6;CYBB;CMKLR1;LILRB1;CD209;SLC37A2;CLEC7A;C1orf162;CD80;C1QA;GFRA2;CCR1;RGS1;VCAM1;CXCL9;LILRB4;RNASE6;PLA2G7;TLR8;CD86;C3AR1;ADGRE1;FPR3;KCNK13;MARCHF1;SIRPB2;PDCD1LG2;LILRB5;NFAM1;MS4A7;CD163L1;CXCL10;C1QB;THEMIS2;CSF2RA;ADAP2;TMEM86A;MS4A4A;SIRPB1;LRRC25;LILRA1;NCF2;NLRC4;SIGLEC14;LILRB2;MS4A14;PDE1B;BATF3;TNFAIP2;C1QC;SIGLEC1;KCNJ10;SLC15A3;SUCNR1;IFIT3;FCGR3A;TYROBP;TBX1;ITGAX;CPVL;SIGLEC7;FCGR2C;CSF1R;EPB41L3;MAFB;PILRA;CALHM6;SAMHD1;TYMP;LIPA;RASSF4;CD163;SIGLEC9;IL4I1;MSR1;SEMA4A;FOLR2;CTSS;PELATON;CETP;IFNGR1;LILRA6;OSCAR;LILRB3;FCN1;TMIGD3;IFIT2;GPR137B;LILRA5;VSIG4;FPR1;RAB31;AXL;MX2;LGMN;HMOX1;TLR5;HK3",3.47141456927435,6.0886308291265816e-52,TRUE,
"DESCARTES_FETAL_PLACENTA_LYMPHOID_CELLS",121,0.8681216060876372,3.5734196148780084,6.337470447658797e-54,2.1909540690477556e-52,"CD79B;CD79A;TRAF3IP3;LAX1;IRF4;LINC00861;TBC1D10C;ITK;FCRL5;CD27;CD3G;CD2;CD3E;NUGGC;TIGIT;LTB;SIRPG;KLRB1;TRBC2;SH2D1A;CD96;ANKRD36BP2;NLRC3;SLAMF6;JCHAIN;CD247;CD6;TRAT1;CD52;IGHG4;IGHGP;RASAL3;THEMIS;IGKC;CD3D;PIM2;SEPTIN1;IGLL5;IKZF3;CD69;CD8A;RHOH;IGHG1;TRGC2;LINC02362;POU2AF1;MZB1;CD38;IGHG3;CRTAM;KLRG1;ZAP70;RASGRP1;EOMES;NKG7;CAMK4;GZMA;TNFRSF18;MYO1G;IGHA1;PSTPIP1;CARMIL2;CTSW;IGHM;CD7;TOGARAM2;LCK;ZNF683;GZMH;CD244;TMIGD2;PRF1;ALOX5AP;CST7;RUNX3;ZBP1;ITGA8;ITGB7;GNLY;PTGIS;ADGRG3",3.5146872782190832,8.897124366667542e-49,TRUE,
"DESCARTES_FETAL_KIDNEY_MYELOID_CELLS",163,0.820303886578996,3.54842788063875,3.417037806720606e-53,1.1276224762178e-51,"TLR10;NAPSB;LINC00996;P2RY13;SCIMP;TIFAB;SIGLEC6;MPEG1;CCR5;CCR2;GGTA1;NCF1;TLR7;FGD2;TMEM273;GPR183;CD300LF;CD200R1;HLA-DRB5;MS4A6A;HPGDS;AIF1;IGSF6;CYBB;HLA-DMB;CYTH4;LILRB1;CYRIA;CD209;SLC37A2;CLEC7A;C1orf162;C1QA;CCR1;LY96;LILRB4;RNASE6;HLA-DQB1;MNDA;TLR8;CD86;C3AR1;FPR3;CIITA;SPI1;TLR1;MARCHF1;CD33;SIRPB2;HAVCR2;SLAMF8;LILRB5;HCK;NFAM1;MS4A7;CD163L1;HLA-DPB1;C1QB;GPR34;CSF2RA;CD274;ADAP2;TMEM86A;ATP8B4;MS4A4A;SIRPB1;LRRC25;LILRA1;NCF2;HLA-DQB2;LILRB2;MS4A14;C1QC;PTAFR;RYR1;SIGLEC1;SLC15A3;KYNU;CPVL;FCGR2C;CSF1R;FAM20A;MEFV;RASSF4;CIMAP1B;FCGR1A;IFI30;CD163;SIGLEC9;CCL8;OLR1;MSR1;FOLR2;PELATON;LILRA6;OSCAR;SCN9A;LILRA2;FCN1;GPR84;ABCA1;VSIG4;DHRS9;HMOX1;HK3;SLCO2B1;NLRP3",3.518804330213673,2.0693017628107322e-55,TRUE,
"DESCARTES_MAIN_FETAL_LYMPHOID_CELLS",116,0.8709001847976039,3.5528184382002457,3.063509321256562e-52,9.602302659691773e-51,"CD22;FCRLA;BLK;FCRL2;CD79B;CD19;MAP4K1;CD79A;TMEM156;ZNF831;FCMR;LINC00861;VPREB3;TBC1D10C;CD27;PYHIN1;TIGIT;GPR174;KLRB1;GIMAP7;TAGAP;LTA;ARHGAP9;CD48;SLAMF6;JCHAIN;CD37;CD52;IGHG4;GVINP1;IGHD;IGHGP;PCED1B-AS1;GPR171;IGKC;RIPOR2;PARP15;STAT4;GZMM;IGLL5;CD69;IGLC3;NCF1B;TBX21;CHRM3-AS2;IGHG1;LIMD2;TRGC2;IGHG3;CRTAM;GBP5;CYTIP;GPR18;FMNL1;GPSM3;NCF1C;FASLG;IL2RA;RGL4;NKG7;LINC01871;CYLD;GZMA;MYO1G;SP110;IL7R;IL18RAP;IGHM;CTLA4;CD7;APOBEC3H;ARHGDIB;GZMH;STK17B;PRF1;CD160;TXK;CXCR4;S1PR4;RUNX3;PAX5;CORO1A;ITGB7;PSMB8-AS1;ARL4C;STK17A;BTN3A2",3.5722880048283727,1.3122325839418836e-51,TRUE,
"DESCARTES_FETAL_EYE_MICROGLIA",140,0.8358970967069317,3.551230558298158,3.1743149288237263e-52,9.602302659691773e-51,"TRAF3IP3;ARHGAP25;IKZF1;IRAG2;ITGAL;CYSLTR1;PTPRC;ARHGAP30;CD247;APBB1IP;CD37;SP140;ARHGAP15;IL10RA;SIGLEC10;DOCK2;PLD4;WDFY4;FYB1;SPN;PTPN22;RHOH;FGD2;NCKAP1L;LY86;GPR183;LCP1;PIK3R5;MS4A6A;FMNL1;HPGDS;IPCEF1;SLC9A9;HLA-DPA1;CYBB;CD84;HLA-DRA;CYTH4;BANK1;MYO1F;IL6R;CLEC7A;C1QA;RGS1;TFEC;LAPTM5;PRAM1;HLA-DRB1;KCNK13;CD83;SPI1;PLEK;LAT2;HCK;CD74;MS4A7;CD163L1;DOCK8;CCL2;C1QB;NRROS;GPR34;CSF2RA;ADAP2;ADAM28;ATP8B4;CX3CR1;HLA-DMA;NCF2;LYVE1;ITGB2;C1QC;PTAFR;TXK;VAV1;CSF1R;CSF3R;TMEM106A;SMAP2;PIK3AP1;JAK2;FGD3;OLR1;SLC7A7;F13A1;RUNX2;STAB1;CD14;NAIP;VSIG4;EGR3;LGMN;TLR2;GAL3ST4;SLCO2B1",3.530755143762173,1.417855040405117e-49,TRUE,
"AIZARANI_LIVER_C2_KUPFFER_CELLS_1",200,0.7782946515269425,3.4339381901903403,9.724377800573181e-52,2.8239593132864516e-50,"GAPT;JAML;P2RY13;CLEC10A;CD1C;KLHL6;HCLS1;EVI2B;CD37;POU2F2;MPEG1;PLD4;WDFY4;FGD2;ADA2;LY86;GPR183;FCER1A;FGL2;HLA-DRB5;MS4A6A;HLA-DQA1;AIF1;LST1;HLA-DPA1;IGSF6;CYBB;CD84;HLA-DRA;HLA-DMB;CLEC7A;HLA-DOA;C1orf162;C1QA;CCR1;RGS1;LAPTM5;LILRB4;RNASE6;HLA-DQB1;MNDA;HLA-DRB1;FCER1G;CD86;C3AR1;TNFSF13B;FPR3;CIITA;CD83;MARCHF1;PLEK;PARVG;FGR;SRGN;SGK1;HCK;BASP1;MS4A7;HLA-DPB1;C1QB;THEMIS2;GPR34;PLEKHO1;ADAM28;MS4A4A;STK17B;LRRC25;HLA-DMA;NCF2;LILRB2;ITGB2;C1QC;PTAFR;SLC15A3;FCGR3A;TYROBP;ITGAX;CPVL;CSF1R;FCGR2B;MAFB;CALHM6;MAP3K8;SAMHD1;SMAP2;LIPA;RTN1;CD163;NR4A3;MFSD1;MRC1;CLEC4E;CPM;F13A1;MSR1;CTSS;CCDC88A;IFNGR1;PHACTR1;LILRB3;FCGR2A;VIM;SH2B3;VSIG4;FPR1;RAB31;VSIR;HERPUD1;IL18;AXL;TLR2;SLCO2B1;NLRP3;PSAP;HSPA6;AP1S2;ANXA1;PLXDC2;LYN;RGS10;CTSB;C5AR1;RNF144B;IRF8;RGS2;OGFRL1",3.4052648950846813,7.309639682168621e-53,TRUE,
"DESCARTES_FETAL_PLACENTA_MYELOID_CELLS",134,0.8453233502382347,3.5526175998807217,1.9134052101225872e-50,5.342816086726917e-49,"CD28;PLA2G2D;ADAMDEC1;SCIMP;SIGLEC10;MPEG1;GGTA1;TLR7;FGD2;TMEM273;LY86;TNFAIP8L2;FGL2;HLA-DRB5;MS4A6A;HLA-DQA1;HPGDS;LST1;HLA-DPA1;IGSF6;CYBB;HLA-DRA;MILR1;SLC37A2;LAIR1;CLEC7A;TLR6;HLA-DOA;C1orf162;C1QA;TFEC;CXCL9;LILRB4;RNASE6;HLA-DQB1;MNDA;PRAM1;HLA-DRB1;CD86;C3AR1;FPR3;CIITA;CD83;MARCHF1;SIRPB2;SLAMF8;HCK;NFAM1;CD74;MS4A7;CD163L1;HLA-DPB1;CXCL10;CCL2;C1QB;THEMIS2;CCL13;ADAP2;LRRC25;P2RX7;HLA-DMA;LILRB2;C1QC;RYR1;SIGLEC1;SUCNR1;ICAM1;FCGR3A;TYROBP;CPVL;CXCL11;MAFB;ADGRE2;CALHM6;HLA-DRB6;RASSF4;EGR2;FCGR1A;LAMP3;CD163;SIGLEC9;PPM1M;SDS;IL4I1;SLC7A7;FOLR2;LILRA6;STAB1;CD14;OSCAR;LINC01094;VSIG4;ACP5;LGMN;TLR2;HK3;BCL2A1;NLRP3;CHIT1",3.6086861453375603,1.568826817927934e-56,TRUE,
"CUI_DEVELOPING_HEART_C9_B_T_CELL",152,0.8156764140350954,3.492962594990066,4.223457885742333e-49,1.1356408981662719e-47,"IL16;FCMR;LINC00861;SASH3;TBC1D10C;ITK;CD3G;CD3E;ITGAL;LTB;KLRB1;GIMAP7;SH2D1A;CD96;TAGAP;PTPRC;HCLS1;ARHGAP9;CD48;SELL;CD247;CD37;CD52;BIN2;ARHGAP15;IL2RB;RIPOR2;CD3D;PIM2;SEPTIN1;FYB1;CD69;CLEC2D;PTPN22;RHOH;LIMD2;CD53;GIMAP4;LSP1;ACAP1;GPR65;GMFG;EVL;GPR183;CCL5;LCP1;CYTIP;WIPF1;SPOCK2;ZAP70;GPSM3;LPXN;SAMSN1;GNG2;NKG7;GZMA;PIP4K2A;RGS1;LAPTM5;ETS1;FCER1G;IL7R;CTSW;CD7;ARHGDIB;LCK;PRKCH;SRGN;SEPTIN6;LITAF;STK17B;KLRD1;TMC8;TMIGD2;ITGB2;PRF1;TXK;CXCR4;CST7;RUNX3;IRF1;RAC2;CORO1A;TNFAIP3;TSC22D3;PLAAT4;ARL4C;HLA-E;HCST;CDC42SE2;YPEL5;SAMD3;PDCD4;ISG20;HLA-C;SH3KBP1",3.467123827656328,9.722295645555053e-48,TRUE,
"AIZARANI_LIVER_C6_KUPFFER_CELLS_2",224,0.7376791312832419,3.307504378229235,2.180197700564018e-47,5.652941180748132e-46,"P2RY13;HCLS1;EVI2B;SCIMP;CD4;POU2F2;MPEG1;FYB1;FGD2;ADA2;NCKAP1L;SLA;FGL2;MS4A6A;HLA-DQA1;AIF1;LST1;HLA-DPA1;IGSF6;CYBB;CD84;HLA-DRA;HLA-DMB;LILRB1;LAIR1;CLEC7A;C1orf162;C1QA;CCR1;RGS1;VCAM1;LAPTM5;LILRB4;RNASE6;HLA-DRB1;MAF;FCER1G;CD86;C3AR1;TNFSF13B;CD83;SPI1;MARCHF1;PLEK;FGR;LILRB5;SGK1;HCK;BASP1;MS4A7;HLA-DPB1;C1QB;THEMIS2;ZEB2;GPR34;ADAP2;MS4A4A;CCL4;LRRC25;HLA-DMA;LILRB2;LYVE1;ITGB2;TNFAIP2;C1QC;PTAFR;SLC15A3;IFIT3;CCL4L2;FCGR3A;TYROBP;GPNMB;ITGAX;CPVL;CSF1R;CTSC;EPB41L3;MAFB;PILRA;CALHM6;SAMHD1;SECTM1;TYMP;LIPA;RASSF4;CD163;MFSD1;MRC1;CPM;SLC7A7;F13A1;MSR1;IRAK3;FOLR2;CTSS;CCDC88A;RGL1;PELATON;CXCL12;CD14;LILRB3;FCN1;FCGR2A;VSIG4;RAB31;FILIP1L;VSIR;IL18;AXL;LGMN;HMOX1;TLR2;HK3;SLCO2B1;PSAP;MARCKS;SLC1A3;PLXDC2;SNX10;IFI44L;IFI6;LYN;FRMD4A;CTSB;C5AR1;RNF144B;RGS2;OGFRL1;ATP2B1-AS1;NAGK;SKAP2;DAB2;SDCBP",3.358655525050375,1.2848457502790638e-51,TRUE,
"DESCARTES_FETAL_HEART_MYELOID_CELLS",114,0.8469149902055023,3.444861405893287,7.109703916486147e-45,1.7798776011617043e-43,"NAPSB;JAML;LINC00996;P2RY13;CLEC10A;SCIMP;MPEG1;PLD4;CCL22;CCR2;EBI3;TLR7;FGD2;CD300LF;HLA-DRB5;MS4A6A;HLA-DQA1;HLA-DPA1;IGSF6;CD1E;CYBB;HLA-DRA;HLA-DMB;LILRB1;CD209;SLC37A2;CLEC7A;C1QA;CCR1;CD1D;LILRB4;MNDA;PLA2G7;HLA-DRB1;TLR8;CD86;C3AR1;CIITA;SPI1;SIRPB2;PDCD1LG2;SLAMF8;LILRB5;HCK;NFAM1;CD74;MS4A7;CD163L1;C1QB;GPR34;CSF2RA;ADAM28;MS4A4A;SIRPB1;LRRC25;LILRA1;NCF2;NLRC4;SIGLEC14;MS4A14;C1QC;SIGLEC1;TYROBP;ITGAX;HLA-DQA2;CSF1R;PILRA;TMEM106A;HLA-DRB6;XCR1;EGR2;CD163;CD14;OSCAR;LILRB3;FCN1;LINC01094;VSIG4;FPR1;LGMN;TLR2;HK3;SLCO2B1;C19orf38",3.470448669017511,2.216558340871305e-47,TRUE,
"DESCARTES_FETAL_HEART_LYMPHOID_CELLS",84,0.8957934398677204,3.478172738032169,5.038790677325495e-44,1.2193873439127697e-42,"MS4A1;FCRLA;BLK;CR2;FCRL2;CD79B;FCRL3;CCR7;CD19;LY9;FCMR;LINC00861;VPREB3;ITK;SLAMF1;FCRL5;CD27;CD3G;TIGIT;SIRPG;KLRB1;TRBC2;SH2D1A;CD96;LTA;SELL;SLAMF6;JCHAIN;TRAT1;CD52;ICOS;GVINP1;IL2RB;GPR171;THEMIS;IGKC;CD3D;UBASH3A;GZMM;SEPTIN1;IKZF3;TBX21;CXCR6;POU2AF1;ACAP1;CRTAM;FOXP3;CHI3L2;ZAP70;PDCD1;RASGRP1;NKG7;GZMA;IL18RAP;CD7;LCK;GZMH;GBP2;TMIGD2;PRF1;CD160;CST7;PAX5;GNLY;CD8B;TNIP3",3.485879592913756,5.558055540172934e-45,TRUE,
"AIZARANI_LIVER_C1_NK_NKT_CELLS_1",150,0.7943444039706841,3.3895889759919653,4.7493028256922724e-43,1.1122560811137386e-41,"FCMR;ARHGAP25;SASH3;TBC1D10C;PRKCB;IKZF1;CD3G;CD2;CD3E;SLAMF7;TRAC;ITGAL;PYHIN1;TIGIT;TRBC1;GIMAP7;TRBC2;SH2D1A;CD96;PTPRC;ARHGAP30;ARHGAP9;CD48;SLAMF6;CD247;BIN2;RASSF5;RASAL3;IL2RB;PCED1B-AS1;CD3D;GZMM;CCR5;IKZF3;FYB1;CD8A;CLEC2D;TBX21;PTPN22;CXCR6;CD53;SLA;KLRG1;EVL;CCL5;LCP1;CYTIP;WIPF1;IPCEF1;EOMES;NKG7;GZMA;PIP4K2A;RGS1;PRDM1;ETS1;PPP1R18;CTSW;CD7;ARHGDIB;LCK;PRKCH;SYTL3;GZMH;BTN3A1;APOBEC3G;KLRD1;TMC8;ITGB2;PRF1;MIAT;ALOX5AP;CXCR4;CST7;RUNX3;FYN;RAC2;CORO1A;GNLY;CD8B;PLAAT4;ARL4C;STK17A;HCST;SLFN5;IKZF2;GCSAM;B2M;PRKACB;ISG20;HLA-C;SH3KBP1;TXNIP;STK10;HOPX;NLRC5;PARP8;PIK3IP1;AKNA",3.3538615036622583,5.577969441052564e-41,TRUE,
"DESCARTES_FETAL_STOMACH_LYMPHOID_CELLS",75,0.9041356037568019,3.4542726769137926,6.57471235881978e-42,1.4916378664072376e-40,"MS4A1;CD79B;CCR7;CD79A;TRAF3IP3;ZNF831;SASH3;TBC1D10C;ITK;CD27;CD3G;CD2;CD3E;CD28;PYHIN1;LTB;SIRPG;KLRB1;TRBC2;SH2D1A;LTA;SELL;CD247;CD6;TRAT1;CD52;ICOS;GVINP1;IL21R;RASAL3;IL2RB;PCED1B-AS1;THEMIS;CD3D;RASGRP2;FAM78A;STAT4;GZMM;SEPTIN1;CD69;ICAM3;CHI3L2;ZAP70;GPSM3;NKG7;BACH2;GZMA;MYO1G;IL7R;CTSW;IGHM;CD7;LCK;TMC8;TMIGD2;TXK;S1PR4;PAX5;RAC2;CORO1A;GATA3;TAP2",3.4261544857765833,3.575515097937805e-41,TRUE,
"DESCARTES_FETAL_SPLEEN_LYMPHOID_CELLS",92,0.8727288028780008,3.4390983479408694,2.1007174371490654e-41,4.621578361727944e-40,"MS4A1;CD22;TLR10;BLK;CR2;FCRL2;FCRL3;CCR7;CD79A;LY9;P2RY10;FCMR;LINC00861;VPREB3;SLAMF1;FCRL5;CD27;CD3G;CD2;PYHIN1;TIGIT;SIRPG;SH2D1A;CD96;TAGAP;LTA;TNFRSF13C;SLAMF6;CD247;CD37;CD52;IGHD;SP140;IL2RB;PCED1B-AS1;THEMIS;IGKC;PARP15;CD3D;GZMM;IGLL5;IKZF3;CD8A;PTPN22;RHOH;POU2AF1;MZB1;NCF1;ACAP1;PLCG2;GPR18;RASGRP1;EOMES;SPIB;IGHM;LCK;LINC00926;ALOX5AP;PAX5;CD8B;GPR55;STK17A;TMEM154;DTX1",3.4566469378302895,4.883974881903292e-42,TRUE,
"DURANTE_ADULT_OLFACTORY_NEUROEPITHELIUM_CD8_T_CELLS",71,0.9042014342353871,3.407651404548633,3.2441413167999683e-40,6.927195870578756e-39,"TRAF3IP3;TBC1D10C;JAML;CD3G;CD2;CD3E;TRAC;KLRB1;TRBC1;TRBC2;CD96;TAGAP;PTPRC;CD48;CD52;CD3D;GZMM;FYB1;CD69;CD8A;CLEC2D;PTPN22;CXCR6;TRGC2;LSP1;ACAP1;GMFG;EVL;CCL5;LCP1;CYTIP;SAMSN1;NKG7;LINC01871;GZMA;RGS1;LAPTM5;IL7R;CTSW;CD7;ARHGDIB;LCK;SYTL3;STK17B;CCL4;CCL4L2;ALOX5AP;CXCR4;CST7;RUNX3;RAC2;CORO1A;TNFAIP3;TSC22D3;CD8B;ARL4C;STK17A;RORA;HCST",3.319554093975332,3.8015858851526545e-34,TRUE,
"DESCARTES_FETAL_LIVER_LYMPHOID_CELLS",84,0.8819388026197318,3.4243781695227202,3.840222619896015e-40,7.965718920127162e-39,"MS4A1;FCRLA;BLK;FCRL2;CD79B;CCR7;CD19;CD79A;LY9;LAX1;ZNF831;FCMR;IRF4;LINC00861;VPREB3;ITK;FCRL5;CD3G;CD2;CD3E;PYHIN1;TIGIT;LTB;KLRB1;TRBC2;SH2D1A;CD96;SLAMF6;JCHAIN;CD247;IGHD;IL2RB;PCED1B-AS1;THEMIS;IGKC;CD3D;GZMM;IGLL5;IKZF3;CD8A;POU2AF1;FOXP3;ZAP70;RASGRP1;EOMES;CD72;NKG7;BACH2;GZMA;SPIB;IL7R;IL18RAP;IGHM;LCK;PRF1;CD160;ALOX5AP;PAX5;ADAM19;P2RX5;GNLY",3.4044856642701364,3.430907950796486e-39,TRUE,
"AIZARANI_LIVER_C25_KUPFFER_CELLS_4",173,0.7592160526831107,3.2709214485392986,4.3064732045230905e-40,8.6847209624549e-39,"IRF4;GAPT;JAML;CLEC10A;CD1C;KLHL6;HCLS1;SELL;EVI2B;POU2F2;MPEG1;PLD4;ADA2;GPR183;FCER1A;FGL2;HLA-DRB5;HLA-DQA1;AIF1;LST1;HLA-DPA1;IGSF6;SAMSN1;CYBB;HLA-DRA;HLA-DMB;LILRB1;CLEC7A;HLA-DOA;C1orf162;RGS1;LAPTM5;RNASE6;HLA-DQB1;MNDA;HLA-DRB1;FCER1G;CD86;TNFSF13B;CIITA;CD83;MARCHF1;PLEK;FGR;SRGN;SERPINB9;SGK1;HCK;BASP1;MS4A7;HLA-DPB1;THEMIS2;ZEB2;LITAF;STK17B;HLA-DMA;NCF2;LILRB2;ITGB2;SLC15A3;TYROBP;ITGAX;CXCR4;CPVL;CSF1R;MAFB;THBD;ADGRE2;MAP3K8;SAMHD1;CD163;NR4A3;CLEC4E;IRAK3;CTSS;CCDC88A;PHACTR1;LILRB3;FCN1;FCGR2A;VIM;SH2B3;FPR1;RAB31;HERPUD1;TLR2;NLRP3;PSAP;HSPA6;PMAIP1;AP1S2;VCAN;ANXA1;LYN;C5AR1;RNF144B;IRF8;RGS2;OGFRL1",3.245215696839629,2.19277839271236e-39,TRUE,
"AIZARANI_LIVER_C5_NK_NKT_CELLS_3",113,0.8298708408467574,3.3724384449128664,2.987350825900456e-39,5.86166675568576e-38,"FCMR;SASH3;IKZF1;CD2;CD3E;SLAMF7;ITGAL;PYHIN1;TIGIT;KLRB1;TRBC2;SH2D1A;CD96;TAGAP;PTPRC;ARHGAP9;SLAMF6;CD247;BIN2;RASSF5;IL2RB;IKZF3;FYB1;CD69;PTPN22;CXCR6;CD53;SLA;CCL5;LCP1;CYTIP;WIPF1;IPCEF1;EOMES;GNG2;NKG7;GZMA;PIP4K2A;PRDM1;ETS1;FCER1G;CTSW;PLEK;CD7;ARHGDIB;PRKCH;SYTL3;SRGN;BTN3A1;KLRD1;CCL4;ITGB2;PRF1;CD160;TXK;CCL4L2;TYROBP;ALOX5AP;CXCR4;CST7;RUNX3;FYN;RAC2;CORO1A;GNLY;TSC22D3;PLAAT4;STK17A;HCST;SLFN5",3.3369946050875856,2.904383061309323e-37,TRUE,
"SU_HO_CONV_CENT_CHONDROSARCOMA_LEUKOCYTE_C0_M1_MACROPHAGE",257,0.6795443393879288,3.0954185116380937,5.820364383525276e-39,1.1119959322208818e-37,"MPEG1;LY86;GPR183;STX11;FGL2;MS4A6A;HLA-DQA1;LCP2;LST1;HLA-DPA1;CYBB;HLA-DRA;HLA-DMB;CYRIA;LAIR1;CLEC7A;C1QA;RGS1;HLA-DQB1;MNDA;HLA-DRB1;A2M;CD83;PLEK;SRGN;SERPINB9;SGK1;CD74;MS4A7;HLA-DPB1;MIR155HG;CCL2;C1QB;ZEB2;GPR34;CSF2RA;ADAP2;LITAF;MS4A4A;CCL4;HLA-DMA;TNFAIP2;C1QC;KYNU;ICAM1;CCL4L2;CPVL;CSF1R;PREX1;MAFB;THBD;MEF2C;MAP3K8;TNF;TYMP;TNFAIP3;MIR22HG;FCGR1A;DSE;CD163;ITM2B;NR4A3;MFSD1;SDS;PDE4B;OLR1;CPM;MSR1;FOLR2;CTSS;STAB1;QKI;CD14;PHACTR1;CFLAR;RASGEF1B;PNRC1;GPR84;FCGR2A;ABCA1;SELENOP;SH2B3;ELL2;MCL1;VSIG4;FPR1;RAB31;CTSL;DRAM1;HERPUD1;NFKBID;IL18;AXL;LGMN;TLR2;BCL2A1;SLCO2B1;SOCS3;MXD1;NRP2;NLRP3;NFKBIZ;PSAP;RUNX1;HSPA6;SEC14L1;MARCKS;CD93;KLF6;LPAR6;LYN;CTSB;TREM2;SIRPA;CPEB4;CEBPD;CCL3;SOD2;FOSB;C5AR1;IRF8;OGFRL1;ZNF267;OTUD1;DAB2;SDCBP;GNA13;HIF1A;B3GNT5;OLFML3",3.108162092665159,3.1527046188531714e-40,TRUE,
"AIZARANI_LIVER_C23_KUPFFER_CELLS_3",214,0.7057204390024583,3.1447388492850847,9.002183107103904e-39,1.6757910091685732e-37,"PRKCB;JAML;HCLS1;SELL;EVI2B;CD37;CD52;POU2F2;WAS;MPEG1;RIPOR2;RASSF2;FYB1;ADA2;SLA;LY86;GMFG;FGL2;AIF1;LST1;IGSF6;SAMSN1;CYBB;CCDC69;MYO1F;DOK3;CLEC7A;C1orf162;CCR1;LAPTM5;MNDA;FCER1G;TNFSF13B;GAS7;MARCHF1;PLEK;PARVG;SIRPB2;FGR;SRGN;HCK;NFAM1;BASP1;ZEB2;SIRPB1;CLEC12A;NCF2;LILRB2;ITGB2;TNFAIP2;PLCB2;PTAFR;TYROBP;ITGAX;CPVL;CSF3R;PREX1;MAFB;PILRA;APOBEC3A;SAMHD1;SMAP2;SECTM1;TYMP;CSGALNACT2;CD163;CLEC4E;SLC7A7;IRAK3;CTSS;CCDC88A;PELATON;CD14;LILRB3;FCN1;NAIP;FCGR2A;VIM;S100A4;LRRK2;FPR1;RAB31;VSIR;TRIM38;VSTM4;DDX60L;MX2;TLR2;HK3;BCL2A1;PSAP;CD93;AP1S2;VCAN;TRPS1;ANXA1;PLXDC2;ITGAM;GLIPR2;LYN;CTSB;VNN2;SOD2;ZNF281;C5AR1;RNF144B;RGS2;ATP2B1-AS1;SKAP2;SDCBP;EMILIN2;CDC42EP3;ALOX5;SLC2A3;COTL1;TNFRSF1B;USP15;FKBP1A;LYZ;MEGF9;NFKBIA;AHR;DUSP6",3.179072495639594,3.633774431895271e-40,TRUE,
"TRAVAGLINI_LUNG_ADVENTITIAL_FIBROBLAST_CELL",289,0.6550926661539688,3.030268306647262,2.342680387625327e-38,4.251964903539968e-37,"ABI3BP;ADH1B;ABCA8;ITM2A;LSP1;SCARA5;FGL2;C7;IGF1;C3;SFRP1;C16orf89;CHRDL1;TNFSF13B;GAS7;MOXD1;C1S;CD74;CCL2;GSTM5;ANK2;ABCA6;MGP;CSF1;CFH;RSPO3;DCLK1;IL1R1;FBLN5;TNFAIP2;PTHLH;EFEMP1;GPNMB;CPVL;CYP1B1;SERPINF1;NOVA1;CLEC3B;IFI16;CTSK;NEGR1;CCDC80;LRRN4CL;ABCA9;AOX1;HSPB8;FGF7;PTGIS;SCPEP1;CYBRD1;MMP2;CLMP;C1R;SVEP1;OGN;PDGFRA;ALDH1A3;TIMP2;CXCL12;DCN;S1PR2;MEDAG;LUM;AKAP12;PODN;ZNF385A;PCOLCE2;S100A4;MCL1;RGMA;CD34;CTSL;GABARAPL1;APOD;NCOA7;COLEC12;SOCS3;TCN2;FSTL1;SFRP2;SLC20A1;CPXM2;PRRX1;NFKBIZ;FBLN1;SLIT2;PDPN;FBLN2;MEG3;APOL1;NPR1;BICC1;NRP1;ANXA1;LXN;CLDN11;ACKR4;SPSB1;FBN1;ACVRL1;RGS10;SRPX;SH3BP5;KLF2;UCHL1;DPT;CTSF;PAMR1;PTX3;BTG2;FOSB;NNMT;EMP1;PTPRS;TPST1;PRCP;GFPT2;ISLR;DAB2;MFAP5;COL6A3;OLFML3;CLEC2B;SKIL;OSR1;TGFBR2;PXDC1;DPYSL3;CRABP2;OSR2;LOXL1;STEAP2;IL33;FGFR1;MRC2;PLAT;THY1;ZC3HAV1;LOX;PLA2G2A;TIPARP;LEPR;AHR;ABCA10;TSHZ2;CCN1;PCOLCE;NTM;CTSH;FOSL1;SFRP4;IL32;PLK3;DUSP1;VAT1;CD248;B4GALT1;SERTAD1;PLAU;PIM1;STEAP1;CSRNP1;HTRA3;COL1A2;SLC16A7;FIBIN;LRRC17;ERRFI1;CD44;ZC3H12A;LIMA1;PID1",3.06919752849085,2.444223137486319e-41,TRUE,
"BUSSLINGER_ESOPHAGEAL_DENDRITIC_CELLS",211,0.7005115419016459,3.12579664692857,2.5281689780646297e-36,4.476708970914442e-35,"PRKCB;JAML;LTB;CLEC10A;CD1C;PTPRC;EVI2B;CD37;CD52;RASSF5;CSF2RB;CD4;MPEG1;RASSF2;LSP1;ANKRD44;ADA2;SLA;GPR183;FCER1A;LCP1;FGL2;HLA-DRB5;MS4A6A;HLA-DQA1;AIF1;LST1;HLA-DPA1;CD1E;S100B;CYBB;HLA-DRA;HLA-DMB;HLA-DOA;RGS1;LAPTM5;HLA-DQB1;HLA-DRB1;CD86;CD83;SLC18A2;SPI1;PLEK;ARHGDIB;SRGN;SERPINB9;SGK1;HCK;BASP1;CD74;HLA-DPB1;SEPTIN6;LITAF;STK17B;HLA-DMA;HLA-DQB2;ITGB2;CD207;TYROBP;ITGAX;ALOX5AP;CPVL;CSF1R;RUNX3;SERPINF1;HLA-DRB6;NIBAN1;TNFAIP3;IFI30;ENTPD1;NR4A3;ARL4C;MOB3A;CTSS;CCDC88A;CD1A;PNRC1;VIM;PKIB;S100A4;B2M;TAMALIN;YPEL5;AXL;MAN2B1;C15orf48;SH3KBP1;TXNIP;LYN;RGS10;RAP1A;FOSB;ADCY7;RGS2;ADAM8;CAP1;ENG;CYRIB;SKIL;HLA-B;PXDC1;CHAD;CMTM6;ALOX5;SLC2A3;COTL1;ACTR2;CLEC5A",3.154244870140752,1.2799109182534779e-38,TRUE,
"MURARO_PANCREAS_ENDOTHELIAL_CELL",360,0.6108956560024371,2.8698987775653526,3.3390042918402895e-36,5.7717074187525e-35,"GIMAP7;NLRC3;CSF2RB;GIMAP4;GMFG;GIMAP8;MADCAM1;ST8SIA4;KCNN3;ABI3;CLIC2;PRDM1;LIFR;RASGRP3;ETS1;PPP1R18;A2M;ARHGDIB;SRGN;SGK1;SHE;PLEKHO1;FMNL3;LMO2;GBP4;F2R;MSN;SLCO2A1;LRRC8C;CD36;NKX2-3;ICAM1;CYYR1;CXCR4;HEG1;PECAM1;PREX1;CYP1B1;THBD;IFI16;MEF2C;ELK3;ARHGAP31;TEK;SPARCL1;LBH;SH2D3C;SEMA3G;ERG;PDE2A;ADGRL2;CYGB;VASH1;MMP2;IL6ST;APLNR;DOCK4;MYCT1;LRRC32;CXCL12;GNG11;QKI;COL13A1;HLA-E;ZEB1;TCF4;SWAP70;STOM;DLC1;EMCN;VIM;LDB2;CALCRL;UBE2J1;SH2B3;JAM3;ITGAV;CD34;CEP170;RAB31;EPAS1;MMRN2;WWTR1;LHFPL6;SASH1;ZNF532;SNRK;GASK1B;FZD4;ANGPTL2;CLEC14A;ADGRL4;SLC26A2;SOCS3;FSTL1;BCL6B;MYLK;PLPP3;NRP2;STING1;F2RL3;HEY1;DIPK2B;SEC14L1;RBMS1;CD93;TMEM47;NRP1;SH3KBP1;LATS2;RHOJ;LXN;SYNPO;TM4SF18;LPAR6;IGFBP7;JAK1;ACVRL1;FRMD4A;KDR;NOVA2;FLT4;ITPRIPL2;CBL;PLEKHG1;SELE;RAP1A;SMAD7;P2RY6;RELL1;BGN;RFLNB;EMP1;ROBO4;MEF2A;RASA4;PRCP;BMPR2;LAMA4;SKAP2;DAB2;CDH5;LHFPL2;HLA-B;TGFBR2;CD59;RGS5;SNTB2;DPYSL3;ADGRF5;TIE1;PGM2L1;BNIP2;SLC2A3;MMP1;HTRA1;DKK3;SOX18;NEDD9;FKBP1A;UTRN;EXOC3L2;AHR;DUSP6;RAMP2;SPRED1;CLIC4;GPR4;ADAMTS4;CBLB;SLC38A2;STC1;RB1;PEA15;ARPC2;SYNM;KLHL24;LUZP1;BDKRB2;THBS1;HLX;LIMS1;RILPL2;VWF;MRTFB;ITGA1;CHSY1;EFNB3;RDX;HTRA3;REST;PDGFB;SPARC;AFAP1L1;ECSCR",2.9895340244019244,1.3275751487153003e-44,TRUE,
"HE_LIM_SUN_FETAL_LUNG_C5_CD5_POS_CCL22_NEG_MATURE_B_CELL",149,0.7640208600065218,3.2618299070679315,4.394163836648684e-36,7.418983593969639e-35,"TLR10;CR2;FCRL2;FCRL3;CCR7;LY9;PPP1R16B;FCRL5;CD27;TRAC;ITGAL;CD1C;TRBC2;LTA;TNFRSF13C;ARHGAP9;SELL;EVI2B;SP140;HLA-DOB;BIN2;IL10RA;SIGLEC10;MPEG1;PTPN22;GPR183;CHI3L2;SPOCK2;MS4A6A;LPXN;DOK2;CYBB;ABI3;C1orf162;RGS1;CD1D;MARCHF1;PLEK;SRGN;EVI2A;MIR155HG;ADAM28;APOBEC3G;TMC8;LINC00926;RUNX3;ZBP1;IGFLR1;TYMP;ITGB7;GM2A;CD40;ENTPD1;NR4A3;PCED1B;ARL4C;RAB8B;SEMA4A;IFNGR1;CMTM3;CFLAR;TMEM154;HCST;BIRC3;S100A4;BCL2;LRRK2;VSIR;ACP5;WNT10A;TENT5C;BCL2A1;NFKBIZ;CREM;SNX10;UGCG;SEMA7A;RGS10",3.200114262616597,4.61784239136403e-33,TRUE,
"BUSSLINGER_DUODENAL_DIFFERENTIATING_STEM_CELLS",302,-0.5758428773248129,-2.898346888074551,1.0080857421693678e-35,1.663341474579457e-34,"RPL19;PPIF;RPL23;RPLP2;RPS2;RPS28;TOMM40;SNRPF;RPS24;AHCY;MDH2;ATP5MC1;RPL8;TKT;RPL12;RPLP1;RPL7A;RPS18;RACK1;FBL;RPL37;RPL27;RPL31;TRIM28;RPL13;PPP1R1B;LSM4;TUFM;COX4I1;RPL3;RPL36;CLDN3;RPL11;RPLP0;SNRPE;EEF2;NDUFS5;ALDH2;FAU;SF3B5;EPHB2;ACTG1;SLIRP;HSPE1;RPS15;RPS11;RPS16;RPL28;COX7B;RPS27A;RPS8;RPL37A;RPS13;RPL34;RPL38;RPL18;MCM7;NCL;CYC1;NONO;GAPDH;RPL35;ANP32B;RPL4;CHCHD2;ONECUT2;HNRNPAB;RPL27A;FAM120A;RPL29;HNRNPU;RPS19;IDH2;IMPDH2;RPS29;EIF3K;ILF3;RPS4X;ATP5MC2;PAICS;HSPD1;SUCLG1;UQCRQ;ATP5MF;RPS5;COX6A1;ATP5MC3;RPS6;COX8A;ATP5IF1;H2AZ1;RPS12;SERF2;RPS3;DDAH1;RPL13A;CS;COX5A;ATP5F1B;RPL6;COX5B;ZFAS1;LAD1;HNRNPA2B1;CCT6A;RAN;TOP2A;GAS5;COX7C;RPL32;HNRNPD;HNRNPM;SOD1;SLC25A5;PTMA;RPL18A;ENO1;RPL30;RPL35A;TUBA1B;COX6C;SNHG16;RPL10A;RPS9;RPS14;GSTP1;CCT5;VDAC1;HSP90AB1;HADH;HNRNPA1;MAOA;RPL5;GPX2;NOP56;CKS2;MTHFD1;RPL41;EIF3A;SERBP1;DBI;SNHG8;PLP2;CDCA7;NDUFB9;CLIC1;HMGB2;HMGA1;EIF2S3;SLC25A3;RPL7;PKM;EEF1B2;COX7A2;LRPPRC;APEX1;NDUFAB1;KPNB1;EPCAM;YBX1;RPS15A;CCT2;SNRPB;KRT18;RPL14;NOP58;MACROH2A1;RPS7;RPL22;PHB2;BANF1;C9orf152;NASP;ATP5PO;EMP2;PFN1;RPL15;EIF3L",-3.0911007311592624,4.2860613731067344e-38,TRUE,
"DESCARTES_FETAL_STOMACH_MYELOID_CELLS",72,0.8843238344199691,3.341472103863004,7.30975175884193e-35,1.1793066170931646e-33,"NAPSB;JAML;LINC00996;DNASE1L3;CD4;MPEG1;PLD4;WDFY4;FGD2;LY86;HLA-DRB5;MS4A6A;HLA-DQA1;IDO1;HLA-DPA1;IGSF6;CYBB;CD84;HLA-DRA;HLA-DMB;MYO1F;CLEC7A;C1QA;HLA-DQB1;HLA-DRB1;FCER1G;CD86;CIITA;CD83;SPI1;PLEK;HCK;HACD4;NFAM1;CD74;MS4A7;CD163L1;HLA-DPB1;C1QB;CSF2RA;ADAP2;ATP8B4;HLA-DMA;NCF2;CD300A;C1QC;PTAFR;TYROBP;ITGAX;CPVL;CSF3R;ADGRE2;HLA-DRB6;PIK3AP1;IFI30;NR4A3;CD14",3.3403866401793216,6.280491230933237e-35,TRUE,
"FAN_EMBRYONIC_CTX_BRAIN_NAIVE_LIKE_T_CELL",154,0.7499440680746551,3.222611504366028,8.906674459326099e-35,1.4057055777110321e-33,"CCR7;TESPA1;TRAF3IP3;LY9;IL16;FCMR;LINC00861;TBC1D10C;ITK;JAML;CD27;CD3G;CD2;CD3E;LTB;GIMAP7;SH2D1A;CD96;PTPRC;CD48;SELL;CD6;CD40LG;TRAT1;CD52;ICOS;ARHGAP15;GPR171;THEMIS;RIPOR2;CD3D;PIM2;SEPTIN1;CD69;CLEC2D;RHOH;LIMD2;GIMAP4;LSP1;ACAP1;ICAM3;GMFG;CHI3L2;CYTIP;ZAP70;MAL;GPSM3;CAMK4;ETS1;IL7R;CD7;ARHGDIB;LCK;PRKCH;SEPTIN6;GBP2;STK17B;C16orf54;LRRN3;TXK;CXCR4;RAC2;CORO1A;TNFAIP8;TNFAIP3;TSC22D3;FGD3;PLAAT4;ARL4C;BTN3A2;CDC42SE2;DGKA;SAMD3;PDCD4;ISG20;HLA-C;ANXA1;TXNIP",3.1646835834603717,5.5980725121063826e-33,TRUE,
"FAN_EMBRYONIC_CTX_BIG_GROUPS_BRAIN_IMMUNE",146,0.7541902118932968,3.208626943394695,2.508183247159303e-34,3.8743426328460724e-33,"LY9;IL16;FCMR;TBC1D10C;CD3E;ITGAL;LTB;GIMAP7;SH2D1A;CD96;TAGAP;PTPRC;RCSD1;HCLS1;ARHGAP9;CD48;SELL;EVI2B;CD37;CD52;BIN2;ARHGAP15;RIPOR2;SEPTIN1;FYB1;CD69;CLEC2D;RHOH;LIMD2;GIMAP4;LSP1;ACAP1;ICAM3;GMFG;LCP1;CYTIP;GPSM3;DOK2;HLA-DRA;ABI3;GZMA;PIP4K2A;ETS1;HLA-DRB1;SP110;FCER1G;CD7;ARHGDIB;LCK;SRGN;CD74;LITAF;MSN;STK17B;TMC8;ITGB2;XAF1;IRF1;RAC2;SP100;CORO1A;TSC22D3;PLAAT4;BTN3A2;HLA-E;HCST;S100A4;B2M;FERMT3;ISG20;HLA-C;MBNL1;ANXA1;TXNIP;STK10;KLF2;CARD16;AKNA;PLAC8;EMP3;PSME1;PSMB9",3.2228786544908314,1.5035922506141105e-33,TRUE,
"FAN_EMBRYONIC_CTX_BRAIN_EFFECTOR_T_CELL",122,0.7919265275095381,3.2694989738901103,3.30685249111819e-34,5.001614392816263e-33,"LINC00861;TBC1D10C;CD3E;SLAMF7;ITGAL;PYHIN1;KLRB1;GIMAP7;SH2D1A;CD96;PTPRC;CD48;CD247;RASSF5;IL2RB;RIPOR2;STAT4;SEPTIN1;CD69;LIMD2;GIMAP4;LSP1;ACAP1;ICAM3;GPR65;GMFG;LCP1;CYTIP;ZAP70;EOMES;DOK2;NKG7;ABI3;GZMA;PIP4K2A;IL18RAP;CTSW;PLEK;CD7;FGR;LCK;PRKCH;SRGN;GZMH;SEPTIN6;LITAF;MSN;APOBEC3G;STK17B;KLRD1;CCL4;CD244;PRF1;CD160;TXK;CST7;RUNX3;IRF1;FYN;RAC2;CORO1A;SYNE1;LAIR2;PLAAT4;BTN3A2;HCST;ARHGEF3;CDC42SE2;S100A4;PRKACB;SAMD3;HLA-C;TXNIP;STK10;HOPX;CARD16;AKNA;PLAC8;EMP3;ADAM8;PSMB9;HSH2D;CLEC2B;BTG1",3.2751808061452734,2.7144241723259094e-34,TRUE,
"FAN_OVARY_CL10_PUTATIVE_EARLY_ATRESIA_GRANULOSA_CELL",265,-0.5843128890300266,-2.913401824543673,2.3266072000330988e-33,3.447177198416387e-32,"PEBP1;PHB1;ROMO1;SLC25A6;SNRPF;ANAPC11;MZT2A;COPS6;POLR2L;NDUFA3;MDH2;POLR2I;SEM1;TMEM97;ELOB;ATP5MC1;PSMB3;ATP5F1E;PSMA7;OST4;MZT2B;TRMT112;PLEKHJ1;LSM4;CIAO2B;NDUFB11;AP2S1;NDUFS6;COX4I1;RPL3;NME4;NDUFS8;PSMC3;SMARCB1;SELENOH;TIMM13;SNRPE;NDUFS5;STOML2;LSM7;ACTG1;PSMD4;NDUFB7;PPDPF;SLIRP;PHPT1;PSMB7;SRSF9;PSMB5;DMAC1;SNRPC;POLR2F;MPST;CYC1;PRDX2;LCMT1;GAPDH;RPL35;ATP5ME;SNRPD2;GADD45GIP1;AURKAIP1;MRPL16;APRT;RPS19;RANBP1;PPP4C;CFDP1;PRDX5;ATP5MC2;NME1;UQCRQ;PIN1;COX6B1;NDUFA12;TPI1;ATP5MF;ATP5MJ;ATP5MC3;NHP2;ECHS1;COPE;COX8A;ATP5IF1;H2AZ1;SERF2;NDUFB2;COX5A;ATP5F1B;COX5B;NDUFC1;PSMB6;PARK7;DNPH1;NDUFA1;RAN;IDH1;COX7C;NDUFA11;SLC25A5;TBCB;PTMA;CLNS1A;NEDD8;ZNF428;SSBP1;CAMTA1;TUBA1B;PDCD5;TMEM258;COPS9;RPS14;GSTP1;VDAC1;SF3B6;HNRNPA1;AP2M1;SRP14;DBI;GNG5;PTRHD1;CLIC1;HMGB2;GTF2H5;ACTB;HSBP1;NDUFA2;PKM;COX7A2;APEX1;ERH;TCEA3;DDAH2;RPS17;DYNLL1;NDUFAB1;HIGD2A;UBL5;NDUFA13;UROS;PRMT2;TNNI3;SNRPG;FDXR;MARCKSL1;MDH1;PSMB2;MGST3;MACROH2A1;LSM5;BANF1;UQCR10;NDUFS4;ATP5PO;SMS;PFN1;EIF3L;CKB",-2.794851793487407,1.0312467288675357e-25,TRUE,
"TRAVAGLINI_LUNG_B_CELL",145,0.7509589849027849,3.1897192529368943,1.2948018328316064e-32,1.8800522612714924e-31,"MS4A1;CD22;FCRLA;TLR10;BLK;FCRL2;CD79B;CCR7;CD19;CD79A;TMEM156;P2RY10;FCMR;NAPSB;VPREB3;CD180;PRKCB;BTLA;RCSD1;TNFRSF13C;SELL;CD37;SCIMP;CD52;SP140;POU2F2;RASGRP2;HVCN1;IKZF3;LIMD2;POU2AF1;NCF1;FGD2;PLCG2;LY86;CD72;BACH2;BANK1;LAPTM5;RASGRP3;SP110;SPIB;MARCHF1;CD74;ADAM28;LINC00926;SNX22;GNG7;AFF3;CXCR4;PAX5;FCGR2B;EAF2;MEF2C;SP100;HHEX;ADAM19;LBH;P2RX5;CD40;DAPP1;TCF4;TMEM154;SWAP70;TMT1A;BIRC3",3.18478465188815,6.868840799686058e-32,TRUE,
"TRAVAGLINI_LUNG_CD8_NAIVE_T_CELL",141,0.7533585570916543,3.2031874047986646,2.2198882144726852e-32,3.1600761641317046e-31,"TBC1D10C;ITK;CD3G;CD2;CD3E;ITGAL;PYHIN1;TIGIT;SH2D1A;CD96;TRG-AS1;SLAMF6;SLA2;IL10RA;RASAL3;CD3D;STAT4;GZMM;SEPTIN1;IKZF3;CD8A;SPN;TBX21;LSP1;CRTAM;KLRG1;CCL5;SPOCK2;ZAP70;EOMES;GNG2;NKG7;GZMA;PIP4K2A;LAG3;PRDM1;ETS1;MYO1G;CTSW;CD7;LCK;PRKCH;SYTL3;GZMH;BTN3A1;F2R;APOBEC3G;KLRD1;CX3CR1;ITGB2;PRF1;IL12RB1;MIAT;CST7;S1PR4;RUNX3;FYN;SYNE1;PLEKHF1;GNLY;CD8B;PLAAT4;ARL4C;RORA;CARINH;BTN3A2;OPTN;HCST;SLFN5;RAB27A;CDC42SE2;B2M;PRKACB;MATK;SAMD3;RNF125;ISG20",3.1818367122583604,1.8726768224828324e-31,TRUE,
"DESCARTES_FETAL_MUSCLE_MYELOID_CELLS",113,0.79182031558472,3.217808292934169,6.471927613447741e-32,9.035806629544347e-31,"NAPSB;JAML;P2RY13;CD1C;DNASE1L3;IL10RA;PLD4;FGD2;CR1;LY86;CYTIP;CD200R1;MS4A6A;HLA-DQA1;HPGDS;AIF1;HLA-DPA1;IGSF6;CYBB;CMKLR1;HLA-DRA;CYTH4;CD209;CLEC7A;TLR6;C1QA;HLA-DQB1;MNDA;PLA2G7;HLA-DRB1;CD86;C3AR1;CIITA;CD83;SPI1;TLR1;SIRPB2;RASGRP4;LILRB5;HCK;NFAM1;CD74;MS4A7;CD163L1;HLA-DPB1;MIR155HG;CSF2RA;ADAP2;ATP8B4;MS4A4A;HLA-DMA;NCF2;C1QC;SIGLEC1;KYNU;CSF1R;EAF2;FAM20A;HLA-DRB6;RTN1;CD163;SEMA4A;FOLR2;CTSS;RGL1;CD14;FCN1;VSIG4;HMOX1;TLR2;NCF4",3.2816799328513238,1.7416772778196612e-34,TRUE,
"AIZARANI_LIVER_C18_NK_NKT_CELLS_5",121,0.7733776115527806,3.183428113585304,9.170996018289163e-32,1.2562534168448928e-30,"HCLS1;EVI2B;CD37;SCIMP;POU2F2;MPEG1;NCF1;ADA2;GPR183;FGL2;AIF1;LST1;HLA-DPA1;IGSF6;CYBB;HLA-DRA;LILRB1;CLEC7A;C1orf162;CCR1;LAPTM5;RNASE6;HLA-DQB1;MNDA;FCER1G;C3AR1;CD83;MARCHF1;PLEK;FGR;SGK1;HCK;MS4A7;HLA-DPB1;ZEB2;P2RX7;HLA-DMA;NCF2;LILRB2;TNFAIP2;FCGR3A;TYROBP;ITGAX;CPVL;CSF1R;MAFB;ADGRE2;APOBEC3A;SAMHD1;CD163;SLC7A7;IRAK3;CTSS;CCDC88A;PHACTR1;LILRB3;FCN1;FCGR2A;VIM;FPR1;RAB31;TLR2;HK3;BCL2A1;PSAP;HSPA6;PMAIP1;VCAN;ANXA1;LYN;KLF2;C5AR1;RNF144B;RGS2;ATP2B1-AS1",3.105171107531087,8.486635882047593e-28,TRUE,
"DESCARTES_FETAL_SPLEEN_MYELOID_CELLS",105,0.7959091596926637,3.2027397455283926,5.478691510367564e-31,7.365796363938614e-30,"LINC00996;IL10RA;EBI3;GGTA1;SLC39A13-AS1;CD300LF;CD200R1;MS4A6A;IDO1;IGSF6;SAMSN1;CMKLR1;LILRB1;CLEC7A;LY96;RGS1;LILRB4;MNDA;PRAM1;CD86;C3AR1;ADGRE1;KCNK13;ENPP2;SIRPB2;PDCD1LG2;LILRB5;HCK;MS4A7;CD163L1;CXCL10;THEMIS2;CSF2RA;CD274;GHRL;ADAP2;MS4A4A;SIRPB1;NCF2;LILRB2;BATF3;SIGLEC1;ITGAX;SIGLEC7;EPB41L3;ADGRE2;FAM20A;RASSF4;FCGR1A;CD163;FLVCR2;OSCAR;LILRB3;FCN1;NAIP;SLC8A1;IL15;GPR137B;LILRA5;VSIG4;LGMN;HK3;NLRP3",3.250960211972279,9.888208782291535e-32,TRUE,
"DURANTE_ADULT_OLFACTORY_NEUROEPITHELIUM_DENDRITIC_CELLS",113,0.7855675412955863,3.192398198541021,8.053938869081965e-31,1.0631199307188193e-29,"JAML;PTPRC;CD48;EVI2B;CD37;CD52;POU2F2;MPEG1;RIPOR2;FYB1;NCF1;LSP1;GMFG;STX11;LCP1;FGL2;MS4A6A;AIF1;LST1;IGSF6;SAMSN1;CYBB;HLA-DRA;CLEC7A;C1orf162;LAPTM5;MNDA;FCER1G;TNFSF13B;SPI1;PLEK;FGR;SRGN;MS4A7;ZEB2;CLEC12A;NCF2;CD36;LILRB2;ITGB2;TNFAIP2;FCGR3A;TYROBP;CPVL;CSF3R;PILRA;APOBEC3A;CORO1A;TYMP;TNFAIP3;IFI30;CLEC4E;CTSS;PELATON;CD14;PHACTR1;FCN1;S100A4;FPR1;BCL2A1;MXD1;NLRP3;NFKBIZ;PSAP;AP1S2;VCAN;LYN;CARD16;CCL3;SOD2;C5AR1;EMP3;RGS2;ATP2B1-AS1",3.2193934374041304,1.6938969627173056e-31,TRUE,
"DESCARTES_MAIN_FETAL_MYELOID_CELLS",79,0.843518261975084,3.252022195823929,5.785943914743812e-30,7.501063003757156e-29,"CD180;JAML;CLEC10A;SCIMP;CR1;GPR183;TNFAIP8L2;MS4A6A;AIF1;CMKLR1;LILRB1;CD209;ABI3;CLEC7A;C1orf162;C1QA;RNASE6;TLR8;CD86;FPR3;SPI1;CD33;SRGN;LILRB5;MS4A7;CD163L1;C1QB;THEMIS2;MS4A4A;LRRC25;LILRA1;LILRB2;C1QC;SIGLEC1;CD207;TYROBP;SIGLEC7;CD300LB;SAMHD1;IFI30;CD163;SIGLEC9;SDS;SIGLEC12;CTSS;RGL1;PELATON;LILRA6;STAB1;CD14;LILRB3;CD300C;LILRA5;SH2B3;LGMN;HMOX1;HK3;NCF4;NLRP3;MAN2B1",3.2696093260207166,2.579743225590046e-30,TRUE,
"FAN_EMBRYONIC_CTX_BRAIN_B_CELL",95,0.8093738781617517,3.1972507757330653,6.216472708484468e-30,7.917823133964428e-29,"MS4A1;CD22;FCRLA;FCRL2;CD79B;CD19;CD79A;LY9;FCMR;VPREB3;LTB;CD48;CD37;CD52;SP140;ARHGAP15;RIPOR2;PIM2;SEPTIN1;IGLL5;IKZF3;CD69;CLEC2D;RHOH;LIMD2;MZB1;NCF1;LSP1;ACAP1;CYTIP;GPR18;NCF1C;HLA-DPA1;CD72;HLA-DRA;HLA-DMB;BANK1;HLA-DQB1;HLA-DRB1;SP110;SPIB;CD74;HLA-DPB1;SEPTIN6;HLA-DMA;LINC00926;AFF3;CXCR4;HLA-DQA2;PAX5;RAC2;CORO1A;P2RX5;PDE4B;SWAP70;BIRC3;KIAA0040;EBF1;ISG20;HLA-C",3.2053424423205548,1.4182719333032698e-29,TRUE,
"AIZARANI_LIVER_C34_MHC_II_POS_B_CELLS",129,0.7515793250459707,3.1368194259706885,8.440102885744202e-30,1.0564680508707397e-28,"MS4A1;CD22;FCRLA;TLR10;FCRL2;CD79B;CCR7;CD19;CD79A;FCMR;VPREB3;PRKCB;LTB;CD1C;RCSD1;TNFRSF13C;SELL;EVI2B;CD37;CD52;SP140;POU2F2;MPEG1;RIPOR2;PARP15;CLEC2D;LIMD2;POU2AF1;NCF1;HLA-DRB5;HLA-DQA1;CYBB;HLA-DRA;BACH2;BANK1;DOK3;TLR6;LAPTM5;RNASE6;HLA-DQB1;HLA-DRB1;SPIB;CIITA;CD83;MARCHF1;HLA-DPB1;SEPTIN6;LINC00926;GNG7;AFF3;CXCR4;PAX5;CORO1A;MAP3K8;SMAP2;P2RX5;TMEM154;SWAP70;BIRC3;EGR3;PCDH9;KIAA0040;MAP3K1;PPM1K;EBF1;ISG20",3.1229666217700376,6.430990833732633e-29,TRUE,
"HE_LIM_SUN_FETAL_LUNG_C2_CXCL9_POS_MACROPHAGE_CELL",121,0.7593768544306753,3.1257972704264207,1.4305931213375282e-29,1.760356959476348e-28,"CCL19;SLAMF7;TIFAB;EBI3;CD38;GBP5;IDO1;CD80;VCAM1;CXCL9;P2RY14;GBP1;EPSTI1;STAT1;SLAMF8;TRAF1;SERPINB9;SAMD9L;CXCL10;CD274;GBP2;GBP4;SERPING1;PATL2;P2RX7;PARP9;APOL3;IFIT3;HIVEP3;XAF1;CXCL11;APOBEC3A;BATF;SECTM1;TRIM69;LAMP3;CD40;TMEM140;CCL8;TNFRSF4;TAP2;FAS;PLAAT4;IL4I1;CLEC4E;DTX3L;IRF9;IFIH1;TRAFD1;IL15;IFIT2;OAS2;GPR84;FAM241A;GGT5;BIRC3;C21orf91;DRAM1;HAPLN3;TAP1;APOL6;IL15RA;ISG20;SGTB;STEAP4;C15orf48;VAMP5;HIVEP2;ETV7;IFI6;OAS3;OASL;IFI35;MX1;NLRC5",3.2524835012801168,9.60091097924308e-34,TRUE,
"DURANTE_ADULT_OLFACTORY_NEUROEPITHELIUM_MACROPHAGES",79,0.8365746437402741,3.2252524130736933,7.297735509157184e-29,8.830259966080193e-28,"P2RY13;CLEC10A;PLD4;LY86;GPR183;FCER1A;FGL2;HLA-DRB5;MS4A6A;HLA-DQA1;AIF1;LST1;HLA-DPA1;IGSF6;HLA-DRA;HLA-DMB;C3;CLEC7A;C1QA;RGS1;LAPTM5;RNASE6;HLA-DQB1;MNDA;HLA-DRB1;FCER1G;C3AR1;CD83;SPI1;SRGN;SGK1;CD74;MS4A7;HLA-DPB1;C1QB;GPR34;CSF2RA;CX3CR1;HLA-DMA;ITGB2;C1QC;APOC1;CCL4L2;FCGR3A;TYROBP;CXCR4;HLA-DQA2;CSF1R;TYMP;IFI30;APOE;MSR1;CTSS;CD14;PHACTR1;FCGR2A;HERPUD1;C15orf48;RGS10;TREM2;CEBPD;CCL3",3.276820513787854,1.1747284415520678e-30,TRUE,
"DURANTE_ADULT_OLFACTORY_NEUROEPITHELIUM_NK_CELLS",80,0.8244448727706732,3.193243192348828,7.421813735561626e-28,8.833175036094657e-27,"TRAF3IP3;TBC1D10C;PYHIN1;KLRB1;TRBC1;PTPRC;CD48;CD247;CD52;BIN2;IL2RB;GZMM;CD69;SPN;LIMD2;CD53;LSP1;GPR65;EVL;CCL5;LCP1;DOK2;NKG7;MYO1F;GZMA;FCER1G;CTSW;PLEK;CD7;ARHGDIB;SRGN;GZMH;PTGDS;APOBEC3G;KLRD1;CCL4;ITGB2;PRF1;CD160;CCL4L2;FCGR3A;TYROBP;CXCR4;CST7;RAC2;CORO1A;GNLY;PLAAT4;ARL4C;HCST;B2M;MATK",3.1926400938916335,1.5923681770760958e-27,TRUE,
"TRAVAGLINI_LUNG_CLASSICAL_MONOCYTE_CELL",266,0.6136077163505814,2.812574211621914,1.6990220895087025e-27,1.989500059650513e-26,"P2RY13;EVI2B;SCIMP;CD4;POU2F2;MPEG1;RASSF2;CCR2;NCF1;FGD2;CR1;LY86;CD300LF;FGL2;MS4A6A;CYBB;CYRIA;MYO1F;IL6R;DOK3;CLEC7A;C1orf162;CCR1;TFEC;CD1D;RNASE6;MNDA;PRAM1;FCER1G;TLR8;CD86;TNFSF13B;GAS7;SPI1;MARCHF1;CD33;FGR;HCK;NFAM1;ZEB2;PLEKHO1;LMO2;STK17B;CLEC12A;HRH2;LRRC25;NCF2;CD36;TNFAIP2;DPYD;KYNU;TYROBP;CPVL;PECAM1;CSF3R;CYP1B1;TNFSF10;MAFB;PILRA;CRISPLD2;ADGRE2;MEF2C;APOBEC3A;TYMP;CIMAP1B;IFI30;CD163;ENTPD1;SCPEP1;MFSD1;SLC7A7;IRAK3;CTSS;TIMP2;IFNGR1;QKI;CD14;FCN1;SLC8A1;FCGR2A;TMT1A;ZNF385A;S100A4;MCL1;CHST15;LRRK2;FPR1;RAB31;GASK1B;TLR2;SLC12A6;MAP3K1;FES;NLRP3;C19orf38;PSAP;CD93;AP1S2;VCAN;PLXDC2;ITGAM;BACH1;RNASE2;LYN;CARD16;CEBPD;FBXL5;CASP1;C5AR1;RNF144B;MEF2A",2.920864989135382,8.563680080932351e-32,TRUE,
"BUSSLINGER_DUODENAL_TRANSIT_AMPLIFYING_CELLS",191,-0.6077313977343678,-2.8927408328967066,4.4058097797172835e-27,5.077171269959917e-26,"RPL19;RPL23;PHB1;RPLP2;RPS2;RPS28;RPS24;ATP5MC1;RPL8;RPL12;RPLP1;RPL7A;RPS18;RACK1;FBL;RPL37;RPL27;RPL13;PPP1R1B;TUFM;COX4I1;RPL3;RPL36;RPL11;RPLP0;EEF2;NDUFS5;FAU;SF3B5;ACTG1;HSPE1;RPS15;CHCHD10;RPS11;RPS16;RPL28;COX7B;RPS27A;RPS8;RPL37A;RPS13;RPL34;RPL38;RPL18;NCL;CYC1;GAPDH;RPL35;ATP5ME;ANP32B;RPL4;CHCHD2;RPL27A;RPL29;RPS19;IDH2;RPS29;EIF3K;RPS4X;ATP5MC2;HSPD1;UQCRQ;COX6B1;TPI1;ATP5MF;ATP5MJ;RPS5;COX6A1;ATP5MC3;RPS6;COX8A;ATP5IF1;H2AZ1;RPS12;RPS3;DDAH1;RPL13A;COX5A;ATP5F1B;RPL6;COX5B;HNRNPA2B1;NDUFA1;RAN;TOP2A;COX7C;RPL32;SLC25A5;PTMA;RPL18A;ENO1;RPL35A;TUBA1B;COX6C;RPL10A;RPS9;RPS14;GSTP1;HSP90AB1;HNRNPA1;MAOA;RPL5;RPL41;DBI;NDUFB9;CLIC1;HMGB2;HMGA1;SLC25A3;RPL7;EEF1B2;COX7A2;NDUFAB1;EPCAM;YBX1;RPS15A;KRT18;RPL14;RPS7;RPL22;PHB2;UQCR10;ATP5PO;PFN1;RPL15;EIF3L;TXN;RPS20;RPS23;HINT1;ATP5MG;ECH1;KRT8;EEF1A1;RPL26;KRT19;CENPF;ATP5F1A;RPL10;HNRNPC",-3.0137357763976405,1.7011725659113537e-27,TRUE,
"AIZARANI_LIVER_C10_MVECS_1",265,0.6044844620326446,2.7673145316302623,8.067507185449316e-27,9.151578463494067e-26,"DNASE1L3;ITM2A;GIMAP8;FAM107A;HLA-DRB5;C7;KCNN3;LIFR;JAM2;A2M;MMRN1;CAVIN2;SGK1;SHE;PTGDS;LMO2;PALMD;F2R;ACKR1;SLCO2A1;MGP;CD36;S1PR1;WARS1;CYYR1;HEG1;PECAM1;THBD;CLEC3B;ELK3;ARHGAP31;TEK;SPARCL1;SH2D3C;EDNRB;ERG;PDE2A;IL6ST;TIMP2;MYCT1;LRRC32;CXCL12;GNG11;TMTC1;HLA-E;TCF4;STOM;DLC1;ADAMTS1;EMCN;VIM;LDB2;CALCRL;MCC;RUNX1T1;RAMP3;CCM2L;CD34;RBMS3;ACP5;CLDN5;EPAS1;MMRN2;WWTR1;SASH1;SNRK;GASK1B;FZD4;CLEC14A;ADGRL4;SOCS3;TIMP3;PLPP3;FBLN2;TGM2;PALM;AQP1;TNS1;SEC14L1;SOX17;CD93;NPR1;FOXC1;PTPRM;RHOJ;SYNPO;TM4SF18;PLPP1;IGFBP7;ACVRL1;SRPX;KLF2;KDR;ALPL;EDN1;FILIP1;FOSB;PCDH17;EMP1;ROBO4;CAV2;PRCP;BMPR2;CDH5;TPM4;ENG;ADCY4;RBP7;F8;TGFBR2;CD59;SNTB2;ASAP1;DPYSL3;ADGRF5;TIE1;CDC42EP3;IL33;SOX18;NEDD9;CRIM1;FKBP1A;PLAT;KLF9;ARL15;MAST4;EXOC3L2;DUSP6;RAMP2;CLIC4",3.007944145191063,5.133965852498605e-36,TRUE,
"CUI_DEVELOPING_HEART_C7_MAST_CELL",145,0.7129658802171303,3.028342480129032,1.6505556965465166e-26,1.8435437472196476e-25,"TESPA1;GAPT;BTK;HCLS1;CD37;BIN2;ARHGEF6;ARHGAP15;CSF2RB;MS4A2;CPA3;CD69;DOCK10;RHOH;TPSAB1;CD53;GPR65;HDC;GMFG;LCP1;P2RX1;HPGDS;LPXN;SAMSN1;CD84;TPSB2;LAIR1;ADRB2;IL1RL1;C1orf162;RGS1;LAPTM5;PIK3R6;FCER1G;CAVIN2;CD83;SLC18A2;GRAP2;PLEK;LAT2;ARHGDIB;SRGN;TYROBP;ALOX5AP;TNFSF10;RAC2;BATF;TNFAIP3;TSC22D3;CNRIP1;PTGS1;IDS;CALB2;S100A4;NCF4;NFKBIZ;STING1;KIT;CREM;ANXA1;ITGAM;LIF;PTPN7;BTG2;FOSB;EMP3;RGS2;ADAM8;LYST;SDCBP;GNA13;HPGD;CAP1",3.016450954380981,1.6902793265813333e-25,TRUE,
"HAY_BONE_MARROW_FOLLICULAR_B_CELL",119,0.7387839527840105,3.0275937487193305,5.058734740273156e-26,5.564608214300472e-25,"MS4A1;CD22;FCRLA;TLR10;BLK;FCRL2;FCRL3;CD19;CD79A;TMEM156;LY9;FCMR;ARHGAP25;CD180;BTLA;CYSLTR1;TNFRSF13C;CD37;CD52;PKHD1L1;SP140;HLA-DOB;HVCN1;IKZF3;EBI3;CPNE5;BANK1;HLA-DOA;SP110;SPIB;CD83;MARCHF1;ZBTB32;ADAM28;LINC00926;GNG7;FCGR2B;MEF2C;SP100;ADAM19;AIM2;P2RX5;CD40;SETBP1;TMEM154;SWAP70;PRDM2;BIRC3;ACP5;NFKBID;PPM1K;CD70",3.0049947828593204,2.970036232779149e-24,TRUE,
"AIZARANI_LIVER_C3_NK_NKT_CELLS_2",158,0.6844148768747922,2.9545720280438434,4.179953014224657e-25,4.529322221383733e-24,"IKZF1;ITK;JAML;CD3G;CD2;CD3E;TRAC;LTB;SIRPG;KLRB1;TRBC1;GIMAP7;TRBC2;CD96;TAGAP;PTPRC;CD48;SLAMF6;CD6;CD40LG;TRAT1;CD52;PCED1B-AS1;GPR171;THEMIS;CD3D;IKZF3;FYB1;CD69;CD8A;CLEC2D;RHOH;CXCR6;CD53;SLA;KLRG1;GBP5;LCP1;CYTIP;WIPF1;SPOCK2;RASGRP1;CAMK4;GZMA;PIP4K2A;LAPTM5;PRDM1;ETS1;IL7R;IL18RAP;ARHGDIB;LCK;STK17B;PRF1;FNBP1;CXCR4;MDFIC;RUNX3;FYN;RAC2;CORO1A;TNFAIP8;TNFAIP3;P2RX5;GATA3;TSC22D3;ARL4C;RUNX2;RORA;SLFN5;S100A4;B2M;BCL2;DGKA;PDCD4",2.8582937913158903,1.0452042133626345e-21,TRUE,
"DESCARTES_MAIN_FETAL_MICROGLIA",135,0.7157979290019469,3.016323250737597,4.611555211977176e-25,4.923513358669749e-24,"ARHGAP25;P2RY13;APBB1IP;GAB3;SIGLEC10;SIGLEC8;TLR7;TMEM273;LY86;CEACAM21;HPGDS;IPCEF1;SLC9A9;SAMSN1;ST8SIA4;SFMBT2;IL6R;TLR6;ADRB2;LILRB4;KCNK13;TLR1;HAVCR2;DOCK8;TM6SF1;GPR34;CSF2RA;FMNL3;ADAM28;CX3CR1;LRRC8C;PTAFR;SUCNR1;FCGR3A;GNG7;ITGAX;ALOX5AP;CSF1R;SYNDIG1;TNF;SMAP2;GNB4;EGR2;FCGR1A;ENTPD1;OLR1;DOCK4;IFNGR1;LINC01094;TMIGD3;GPR84;FCGR2A;VSIG4;FPR1;NPL;EGR3;GAL3ST4;FERRY3;SLCO2B1;PLXDC2;SLC2A5;TREM2;TBC1D12;RAP1A;MEF2A;SH3BGRL;B3GNT5;STX7;CH25H;LHFPL2;APPL2;MAML2;PDK4;BHLHE41",2.928378939243418,1.383222097295002e-22,TRUE,
"FAN_EMBRYONIC_CTX_BRAIN_MYELOID",137,0.7118983257948958,3.014818036258961,4.809626363528446e-25,5.0605633911908e-24,"NAPSB;JAML;ITGAL;CD48;SCIMP;CD52;POU2F2;RIPOR2;LSP1;ADA2;FGL2;MS4A6A;LST1;DOK2;HLA-DPA1;HLA-DRA;MYO1F;CLEC7A;C1orf162;HLA-DQB1;PRAM1;HLA-DRB1;TNFSF13B;SPI1;FGR;HCK;CD74;HLA-DPB1;PLEKHO1;CLEC12A;LRRC25;HLA-DMA;LILRB2;TNFAIP2;PLCB2;WARS1;HSPA7;NLRP1;ITGAX;CXCR4;IRF1;MAFB;APOBEC3A;CALHM6;SECTM1;TYMP;IFI30;CTSS;TSPAN32;OSCAR;LILRB3;FCN1;HCST;VIM;LILRA5;S100A4;MX2;BCL2A1;SOCS3;TMEM131L;NFKBIZ;AP1S2;VCAN;ANXA1;IFI44L;TXNIP;KLF2;CARD16;PLAC8;C5AR1;EMP3",3.093355157154198,5.579045966542209e-28,TRUE,
"AIZARANI_LIVER_C29_MVECS_2",307,0.5728350240954703,2.657019463327254,6.003552564618684e-25,6.22654165987595e-24,"ABI3BP;ITM2A;FAM107A;C7;KCNN3;IL1RL1;LIFR;JAM2;SELP;A2M;MMRN1;CAVIN2;SERPINB9;PTGDS;LMO2;PALMD;F2R;SLCO2A1;MGP;PLSCR4;RSPO3;IL1R1;S1PR1;PTHLH;WARS1;BMX;CYYR1;HEG1;PECAM1;TFPI2;NFATC1;THBD;CLEC3B;ELK3;ARHGAP31;TEK;SPARCL1;MIR22HG;PTGIS;GJA5;ITM2B;ERG;PTGS1;FGF2;TIMP2;MYCT1;LRRC32;GNG11;PREX2;TMTC1;HLA-E;TCF4;SWAP70;STOM;DLC1;ADAMTS1;EMCN;VIM;AKAP12;LDB2;CALCRL;GPX3;RAMP3;CD34;RBMS3;FILIP1L;CLDN5;EPAS1;MMRN2;WWTR1;SASH1;NCOA7;CLEC14A;ADGRL4;SOCS3;TIMP3;INMT;PLPP3;FBLN2;TGM2;PALM;AQP1;SEC14L1;CD93;TMEM47;FOXC1;ANXA1;RHOJ;SYNPO;PLPP1;IFI6;IGFBP7;SRPX;KLF2;EDN1;FILIP1;SELE;FOSB;BGN;EMP1;CAV2;MYOF;BMPR2;HIF1A;CDH5;TPM4;ENG;EHD2;F8;CD59;SNTB2;IL6;ASAP1;DPYSL3;ADGRF5;TFPI;TIE1;DOC2B;AFF1;CDC42EP3;IL33;DKK3;NEDD9;CRIM1;FKBP1A;COL8A1;ARID5B;TCF7L1;MAST4;DUSP6;RAMP2;ADAMTS4;NFATC2;CCN1;STC1;FOSL1;TTC28;NOS3;PEA15;C11orf96;DOCK9;LUZP1;TLR4;VWF;B4GALT1;PTPRG;JMJD1C;CHSY1",2.877102184098185,9.60091097924308e-34,TRUE,
"FAN_OVARY_CL13_MONOCYTE_MACROPHAGE",455,0.5166064093386622,2.479453639384107,7.1907304798369855e-25,7.352775110368523e-24,"CCR7;JAML;CLEC10A;CD1C;PTPRC;HCLS1;CD48;EVI2B;CD37;CD52;IL10RA;WAS;LIMD2;CD53;LSP1;TMEM273;LY86;GMFG;GPR183;FCER1A;STX11;LCP1;CYTIP;FGL2;WIPF1;HLA-DRB5;MS4A6A;HLA-DQA1;GPSM3;AIF1;LPXN;LST1;DOK2;HLA-DPA1;IGSF6;SAMSN1;HLA-DRA;HLA-DMB;CYRIA;CLEC7A;C1orf162;C1QA;CLIC2;LY96;RGS1;LAPTM5;RNASE6;HLA-DQB1;MNDA;HLA-DRB1;PPP1R18;FCER1G;CD86;TNFSF13B;FPR3;CD83;SPI1;PLEK;HAVCR2;FGR;ARHGDIB;SRGN;SERPINB9;EVI2A;BASP1;CD74;MS4A7;HLA-DPB1;THEMIS2;ZEB2;CSF2RA;LITAF;MSN;HLA-DMA;ITGB2;LAP3;KYNU;WARS1;FNBP1;TYROBP;ALOX5AP;CXCR4;CPVL;CTSC;FCGR2B;MAFB;CORO1A;CALHM6;MAP3K8;TNFAIP8;TYMP;MIR22HG;IFI30;DSE;MFSD1;SNN;SDS;IL4I1;OLR1;ARL4C;RAB8B;CTSS;IFNGR1;CD14;PHACTR1;FCN1;CFLAR;HCST;FCGR2A;PKIB;GPR137B;S100A4;B2M;VSIG4;CTSL;LGMN;HMOX1;CDC42SE1;BCL2A1;FERMT3;PSAP;HSPA6;ISG20;MARCKS;HLA-C;C15orf48;CREM;AP1S2;ANXA1;ARL6IP5;GLIPR2;RGS10;CTSB;CARD16;RAP1A;SOD2;CASP1;EMP3;RGS2;PSMB9;SDCBP;CAP1;TANK;BTG1;CYRIB;CTSD;TPP1;OSBPL8;HLA-B;CMTM6;CDC42EP3;GLIPR1;REL;COTL1;TNFRSF1B;ACTR2;CAPZA1;MOB1A;VMO1;ABI1;LYZ;ARL8B;ELF1;RHOA;NFKBIA;AHR;CSTA;TMEM9B;ACTR3;NCOA4;CTSH;RAP1B;TMEM167A;RNF145;PEA15;CDC42;DUSP1;ARPC2;HLA-A;PSME2;GPAT3;MGAT1;RNF13",2.5634998578170833,1.5060168662918888e-28,TRUE,
"DESCARTES_FETAL_MUSCLE_LYMPHOID_CELLS",104,0.7533534289592742,3.0240473582404115,3.713056010967725e-24,3.7439981443924564e-23,"TESPA1;TBC1D10C;ITK;CD2;CD3E;PYHIN1;LTB;KLRB1;SH2D1A;CD96;CD247;SLA2;CD6;IL2RB;PCED1B-AS1;THEMIS;RIPOR2;PARP15;ABCD2;SEPTIN1;IKZF3;CD69;CD8A;PTPN22;RHOH;ACAP1;ICAM3;CRTAM;KLRG1;RASGRP1;NKG7;GZMA;IL7R;CD7;TOGARAM2;FGR;IL18R1;TMIGD2;RUNX3;HS3ST3B1;GNLY;GATA3;ARL4C;CARINH;IKZF2;MATK;SAMD3;VAMP1",3.019043933766609,5.85070502240598e-22,TRUE,
"HU_FETAL_RETINA_FIBROBLAST",369,0.538203592675495,2.5381489141119955,8.992882113755411e-24,8.943606047378669e-23,"ITM2A;SCARA5;ETS1;PLXNC1;TMEM119;OLFML1;F2R;MSN;RSPO3;MFAP4;PMP22;MDFIC;NR3C1;IRF1;CTSC;DKK2;IFI16;MEF2C;ELK3;CTSK;IGFBP5;CCDC80;PLAC9;DSE;FOXF2;PTN;MMP2;CLMP;C1R;IL6ST;OGN;PDGFRA;CXCL12;HIC1;CMTM3;DCN;GNG11;HLA-E;TCF4;GYPC;LUM;STOM;DLC1;EMCN;ARHGAP28;SULF1;GLT8D2;SYNPO2;B2M;MCL1;ANTXR1;RBMS3;ANGPT1;DNM3OS;WWTR1;DDR2;CFI;HERPUD1;PCDH18;APOD;NCOA7;C1orf54;LEPROT;SOCS3;SNAI2;FSTL1;CALD1;PEAR1;PRRX1;PLPP3;NRP2;NFKBIZ;STING1;FBLN1;AMOTL1;TGM2;FRMD6;RBMS1;TUSC3;FOXC1;VCAN;CPED1;GUCY1A1;RARB;RHOJ;CPXM1;LPAR6;TXNIP;FBN1;IGFBP7;PHLDB2;FRMD4A;EDN3;KLF2;CEBPD;SNED1;PLEKHG1;GNG12;IGF2;BTG2;FOSB;BGN;EMP3;EMILIN1;RGS2;TPST1;SPON1;LAMA4;DAB2;HMCN1;PLK2;TPM4;MXRA5;COL6A3;SMARCA1;OLFML3;FHL3;PDGFRB;SDC2;ENG;AEBP1;RAB34;FKBP7;MYH10;PIEZO2;CDH11;FLRT3;TFPI;CDC42EP3;CAST;SLC2A3;MXRA8;FGFR1;PLEKHH2;MRC2;THY1;UTRN;TCF7L1;PRKAR1A;NFKBIA;RAMP2;CLIC4;CCN1;PCOLCE;EXTL2;ZFP36L1;HLA-A;FOXP2;GPX8;CD248;LUZP1;SCUBE1;SERTAD1;FAM111A;SPATS2L;WASF2;COL5A1;COL1A2;SPARC;BAMBI;EGFR;LRRC17;LIMA1;COL5A2;LAPTM4A;TNS2;KLF4;EFEMP2;MYLIP;ANXA5;EPHA3;NHS;KCTD12;COL3A1;EGR1",2.8052106883678656,1.5788894513441212e-34,TRUE,
"AIZARANI_LIVER_C21_STELLATE_CELLS_1",191,0.6386104928556724,2.8066504498951614,1.2195061323772594e-23,1.1964343947376897e-22,"C7;IL1RL1;SFRP1;HLA-DRB1;COL14A1;C1S;CCL2;PTGDS;MGP;CFH;MFAP4;FBLN5;EFEMP1;SERPINF1;CRISPLD2;ITGA8;IGFBP5;CCDC80;EDNRB;FHL1;CYBRD1;GPC6;PTN;MMP2;C1R;PDGFRA;TIMP2;MMP19;CXCL12;DCN;NEXN;TCF4;LUM;ADAMTS1;VIM;GGT5;GPX3;SYNPO2;DEPP1;ANTXR1;RBMS3;MT1M;HGF;FILIP1L;EPAS1;DDR2;PCDH9;SLIT3;SSPN;SOCS3;FSTL1;CALD1;TIMP3;CPXM2;INMT;MYLK;PRELP;FBLN1;FBLN2;TNS1;ADAMTS2;MARCKS;CLDN11;FBN1;IGFBP7;SRPX;CEBPD;DPT;MITF;BTG2;FOSB;BGN;EMP1;RGS2;PALLD;TPM4;COL6A3;CH25H;OLFML3;ENG;AEBP1;MYH10;MAP1B;CRYAB;CDC42EP3;DKK3;THY1;ARID5B;MXRA7;TIPARP;GEM;MASP1;CCN1;PCOLCE;SLC38A2;ZFP36L1;GLUL;C11orf96;THBS1;RGS4;CSRNP1;CCBE1;COL5A1;COL1A2;SPARC;CITED2;ITGA9;VCL;KLF4;RND3;COL3A1;EGR1;CAV1",3.0609588498788143,3.230857069552452e-32,TRUE,
"SU_HO_CONV_CENT_CHONDROSARCOMA_C5_CHON2",256,-0.5306908440687271,-2.638386126516949,1.7711945580788715e-23,1.7145163322203475e-22,"REXO4;LONP1;AARS1;SURF2;PPM1G;SHMT2;TOMM40;CCT7;NDUFA3;POLR2I;AATF;TSSC4;MIEN1;EDF1;PSMC5;TIMM44;GRPEL1;ARPC5L;SLX9;BUD23;TRMT112;NOSIP;GDF15;SARS1;SNF8;PSMC3;CHCHD5;NDUFA6;STOML2;SEC61A1;CCDC124;NDUFA8;SLIRP;SLC25A4;SRPRB;PA2G4;MARS1;ATP5F1D;ADRM1;RRS1;DTD1;CHLSN;H2AJ;TMEM147;IARS1;NDUFAF3;EXOSC5;RPS19BP1;PARL;MEA1;HSPA9;ATP5ME;WDR1;MRPS12;FAM174C;SAFB2;TMEM38B;SNRPD2;NDUFS7;TIMM50;NUDC;SGTA;EIF3K;PRDX5;THAP7;MAP2K2;COX14;UQCRQ;COX6B1;TRAPPC2L;PRR13;RPS5;MRPS18C;SNU13;RBCK1;AP3D1;EMC4;MRPL57;BRMS1;MICOS13;SURF1;COX5B;CDK4;GTF2F1;ORMDL2;CHMP2A;CCT6A;PRELID1;NARS1;HNRNPD;HNRNPM;BAG1;TBCB;RBM42;SNHG19;SSBP1;GAR1;SF3B2;NDUFAF2;NOP53;CLTA;GOT1;FIBP;COPZ1;XPOT;UBXN6;REX1BD;KARS1;AIMP1;C12orf57;SLC25A38;ARG2;NDUFB9;COX17;EMC7;PSMD7;C9orf78;UBXN1;CMSS1;RPL21;TNNT1;EIF4A3;MRPL34;CCDC85B;CFAP298;SEPHS2;SEC61G;KIF9;KRT18;RPL36AL;LENG1;XRCC6;SAP18;EMG1;PSMD11;GFPT1;OS9;PHB2;SRA1;STRAP;MRPL49;LARP6;IMP3;PSMC4;PNO1;CCND1;PSMD8;POMP;AK6;PGK1;SLC38A1;NR1H2;CREB3;NUDT2;SNHG25",-2.5947525330860413,6.480500655840794e-20,TRUE,
"GAO_LARGE_INTESTINE_24W_C1_DCLK1POS_PROGENITOR",95,0.7637243678248186,3.016922578499814,2.48904008144378e-23,2.377688288326558e-22,"C7;C3;GBP1P1;GFRA2;VCAM1;SFRP1;GBP1;COL14A1;C1S;BASP1;CCL2;GSTM5;OLFML1;SERPING1;MGP;CSF1;IFIT3;ICAM1;SERPINF1;CCDC80;NGFR;CYBRD1;GPC6;MMP2;C1R;SVEP1;OGN;MAPK10;DCN;BOC;LUM;IFIT2;ADAMTS1;RERG;HAPLN3;FNDC1;COLEC12;SFRP2;PRICKLE1;FBLN1;PDPN;ADAMTS2;SCUBE2;LAMA2;VCAN;CPXM1;CLDN11;IFI6;SRPX;MX1;DPT;PAMR1;NNMT;TPST1;ISLR;SPON1;CTHRC1;TTYH2;PIEZO2;SPTLC3;TNFAIP6;HYCC1;HTRA1;MRC2;COL8A1;CERCAM;LOX;ADAMTS4;PCOLCE;FZD1;ZNF469;AZIN2;C1QTNF6;COL5A1;COL1A2;SPARC;PHC1;LRRC17",3.094280658680963,4.333008195791429e-25,TRUE,
"SU_HO_CONV_CENT_CHONDROSARCOMA_LEUKOCYTE_C2_T_CELL",125,0.7105222847116666,2.957531399416619,6.397822687235354e-23,6.032232819393334e-22,"CD27;CD3G;CD2;CD3E;TRAC;TIGIT;LTB;KLRB1;TRBC1;GIMAP7;TRBC2;SH2D1A;CD96;PTPRC;CD48;CD247;CD37;CD52;CD3D;GZMM;CD69;CD8A;CLEC2D;RHOH;LIMD2;TRGC2;GIMAP4;ITM2A;ACAP1;GPR65;EVL;CCL5;CYTIP;SPOCK2;DOK2;GNG2;NKG7;LINC01871;GZMA;IL7R;CTSW;CD7;ARHGDIB;LCK;GZMH;APOBEC3G;PRF1;FNBP1;CXCR4;CST7;IRF1;FYN;CORO1A;BATF;LBH;PLAAT4;STK17A;RORA;HLA-E;CDC42SE2;B2M",2.9102442687610455,1.0736276045822383e-20,TRUE,
"TRAVAGLINI_LUNG_NATURAL_KILLER_CELL",123,0.7107269564673344,2.9299420134398995,1.416961094660337e-22,1.3188637881069292e-21,"SLAMF7;ITGAL;PYHIN1;TIGIT;KLRB1;GIMAP7;CD247;SLA2;BIN2;IL2RB;GZMM;SPN;TBX21;GPR65;CCL5;CHST2;ZAP70;GNG2;NKG7;ABI3;GZMA;PIP4K2A;PRDM1;ETS1;CTSW;CD7;HAVCR2;PRKCH;SYTL3;SELPLG;GZMH;F2R;LITAF;APOBEC3G;KLRD1;CD244;CX3CR1;TMIGD2;ITGB2;PRF1;CD160;CD300A;TXK;FCGR3A;SIGLEC7;CST7;RUNX3;RAC2;SYNE1;GNLY;PLAAT4;ARL4C;CARINH;GYPC;B2M;MATK;SAMD3;ISG20;HLA-C;HOPX;IGFBP7;GSAP;AKNA;PLAC8",2.9955352286621353,8.777226734108231e-24,TRUE,
"TRAVAGLINI_LUNG_ALVEOLAR_FIBROBLAST_CELL",151,0.6752891051494158,2.8843297956071408,2.955069206237261e-22,2.7156711945927234e-21,"ABI3BP;ADH1B;CD8A;ABCA8;MAL;CMKLR1;CHRDL1;A2M;ENPP2;SRGN;TMEM119;SERPINB9;MOXD1;TCF21;CYP7B1;ABCA6;SERPING1;LITAF;LRRN3;MFAP4;CD36;FBLN5;HIVEP3;ICAM1;ARHGAP20;PMP22;MAMDC2;LSAMP;TMEM37;HSD11B1;ITGA8;FMO3;ADAMTS8;SAMHD1;LBH;VEGFC;FHL1;MMP2;TMEM108;SVEP1;BMP5;PDGFRA;MMP19;DOCK4;S1PR2;CD14;COL13A1;LUM;NCAM2;TMT1A;S100A4;AOC3;ANGPT1;RARRES2;IL15RA;COLEC12;TIMP3;INMT;PRELP;SLIT2;TGM2;NRP1;ELMO1;ANXA1;PLXDC2;MME;ISLR;LAMA4;HMCN1;COL6A3;OLFML3;MYH10;PIEZO2;CDH11;DKK3;PLEKHH2;ROBO2;MRC2;COL8A1;UCP2;DUSP6;WNT2;CCN1;ZDHHC14;SGCD;DUSP1;KANK4;ANO1;LIMS1;PTGIR;CCBE1;FIBIN;KIFC3;SAT1;CD44;ADARB1;MAOB;MACF1;CASP4",2.9908427052459188,1.2287219988706854e-25,TRUE,
"JONES_OVARY_MACROPHAGE",233,0.5923055398607193,2.6766287591695166,8.989203306147104e-22,8.157702000328496e-21,"ABCA8;GIMAP4;FLI1;GIMAP8;C7;HLA-DRA;HLA-DRB1;A2M;ENPP2;SRGN;C1S;CD74;HLA-DPB1;TCF21;LMO2;PALMD;SERPING1;MGP;CFH;MFAP4;CYYR1;PECAM1;SERPINF1;TNFSF10;MEF2C;ELK3;CTSK;IGFBP5;CCDC80;PLAC9;FGF7;APOE;MMP2;OGN;APLNR;CXCL12;GNG11;EMCN;CALCRL;SELENOP;GPX3;FILIP1L;CLDN5;EPAS1;DDR2;SASH1;RARRES2;APOD;CLEC14A;ADGRL4;SLCO2B1;CALD1;MYLK;PLPP3;PRELP;NDN;MEG3;AQP1;TNS1;CD93;AP1S2;GUCY1A1;FRZB;RHOBTB3;TM4SF18;CLDN11;FBN1;IGFBP7;GUCY1B1;KDR;CTSF;PPP1R12A;PCDH17;BGN;EMP1;BNC2;CAV2;EMILIN1;ISLR;CTHRC1;PALLD;CDH5;PLK2;CMYA5;RASL12;OLFML3;PDGFRB;SDC2;AEBP1;ADCY4;CDH11;RBP7;HLA-B;TMEM88;TGFBR2;CD59;RGS5;MAP1B;TIE1;OSR2;SEPTIN4;HTRA1;MXRA8;SOX18;SMAD1;ACSM3;UTRN;PALM2AKAP2;LEPR;SGCE;DUSP6;RAMP2",2.904128107563687,1.5950852716516268e-29,TRUE,
"SU_HO_FOETAL_FEMUR_C5_ENDOTHELIAL_CELL",403,0.5122909178181316,2.439291797454043,1.1562345123719454e-21,1.036328711088929e-20,"GIMAP7;RASSF2;GIMAP4;GIMAP1;GMFG;FABP4;CPNE5;KCNN3;PIP4K2A;RASGRP3;JAM2;PPP1R18;MMRN1;CAVIN2;TNXB;ARHGDIB;PRKCH;SHE;LMO2;PALMD;F2R;PLEKHO2;S1PR1;TBX1;CYYR1;CXCR4;HEG1;PECAM1;FYN;CARD8;CLEC3B;ELK3;TEK;HHEX;SH2D3C;EDNRB;VEGFC;ENTPD1;CNRIP1;PARP14;PDE2A;ADGRL2;DENND3;APLNR;RNF19A;DOCK4;MYCT1;LRRC32;HIC1;RECQL;STAB1;PREX2;ZEB1;CFLAR;TCF4;EMCN;FAM241A;AKAP12;LDB2;IL3RA;CALCRL;ARHGEF3;SH2B3;JAM3;TAMALIN;DEPP1;C21orf91;CD34;CLDN5;EPAS1;MMRN2;WWTR1;FHIP2A;SNRK;GASK1B;FZD4;NCOA7;CLEC14A;ADGRL4;C1orf54;MPDZ;SOCS3;BCL6B;PEAR1;IRF2;HEY1;TGM2;PALM;AQP1;DIPK2B;TNS1;MIDEAS;SOX17;CD93;NPR1;MFNG;CREM;KLF6;AP1S2;PTPRM;HIVEP2;TM4SF18;UGCG;MCTP1;PDE4D;ACVRL1;SH3BP5;MAP3K3;KDR;NOVA2;FLT4;PLEKHG1;PCDH17;KANK3;RFLNB;EMP1;SIPA1;ROBO4;MEF2A;ITPKB;SKAP2;PSMB9;LYST;CDH5;PLK2;SOS1;ZSWIM6;CLEC2B;SKIL;ADCY4;RBP7;TGFBR2;CMTM6;MAP1B;ADGRF5;GRK5;TIE1;BMP2K;SLC2A3;RESF1;RNF213;JCAD;SOX18;NEDD9;CTTNBP2NL;SMAD1;FKBP1A;KLHL5;UTRN;ELF1;ARL15;NFKBIA;MAST4;AHR;DUSP6;RAMP2;NRIP1;ZNF467;FOLH1;CRMP1;ARRDC3;ELK4;LYSMD2;CHD3;PEA15;IL32;C11orf96;VAT1;DOCK9;LUZP1;HLX;LIMS1;VWF",2.6191930924846845,7.251883000179478e-28,TRUE,
"AIZARANI_LIVER_C13_LSECS_2",270,0.5667171956885899,2.600163356499018,2.0193623861950104e-21,1.7878745028994847e-20,"DNASE1L3;CD4;NPY1R;GIMAP8;FAM107A;MS4A6A;MAN1C1;LIFR;MAF;A2M;CAVIN2;NXPE3;SGK1;SHE;PDE7B;GBP4;F2R;SLCO2A1;CD36;LYVE1;IL1R1;WARS1;HEG1;PECAM1;TFPI2;FCGR2B;CLEC3B;ELK3;TMEM37;TEK;SH2D3C;EDNRB;ERG;PDE2A;MRC1;IL6ST;TIMP2;APLNR;MYCT1;RELN;GNG11;STAB1;CD14;PREX2;HLA-E;TCF4;DLC1;EMCN;AKAP12;LDB2;CALCRL;TAMALIN;RAMP3;CTSL;ACP5;CLDN5;EPAS1;NPL;MMRN2;SASH1;LGMN;FZD4;CLEC14A;ADGRL4;FEZ1;TCN2;TIMP3;PLPP3;NRP2;F2RL3;MEG3;TGM2;PALM;SEC14L1;MARCKS;APOL1;CD93;NPR1;NRP1;DUSP5;TM4SF18;IFI44L;LPAR6;IGFBP7;KLF2;KDR;ALPL;NOVA2;FLT4;EDN1;FILIP1;PLAC8;PCDH17;ROBO4;PRCP;DAB2;SDCBP;CDH5;TPM4;ENG;CTSD;PHACTR2;PDK4;F8;TGFBR2;CD59;SNTB2;ASAP1;ADGRF5;TFPI;TIE1;AFF1;IL33;FGFR1;NEDD9",2.8770627491406016,5.890137655261674e-31,TRUE,
"AIZARANI_LIVER_C28_NK_NKT_CELLS_6",98,0.7401342700461033,2.948531346276313,3.3432832280258045e-21,2.924365811502089e-20,"ITK;CXCL13;TRAC;KLRB1;TRBC2;PTPRC;CD40LG;CD52;RASSF5;GPR171;PIM2;CD69;CXCR6;CD53;SLA;LCP1;CYTIP;WIPF1;SPOCK2;SAMSN1;RGS1;PRDM1;ETS1;MAF;IL7R;ARHGDIB;SYTL3;SRGN;EVI2A;STK17B;FNBP1;CXCR4;NR3C1;RUNX3;FYN;SMAP2;NIBAN1;TNFAIP3;GATA3;TSC22D3;STK17A;CDC42SE2;TENT5C;PDCD4;RNF125;KIT;CREM;ANXA1;TXNIP;PDE4D;PARP8;AKNA",2.857001062599121,2.0612847897784025e-18,TRUE,
"HE_LIM_SUN_FETAL_LUNG_C1_SMG_BASAL_CELL",355,0.525737275141881,2.464979115360107,3.7617186413690304e-21,3.251199682897519e-20,"LTB;ITM2A;LSP1;S100B;GNG2;VCAM1;SFRP1;PPP1R18;COL14A1;SGK1;MOXD1;HLA-DPB1;PRKAR2B;CCL2;FMNL3;MGP;CFH;MFAP4;DCLK1;TNFAIP2;FNBP1;NLRP1;PMP22;CXCR4;LAMP5;MAMDC2;LSAMP;NFATC1;TNFSF10;IFI16;RAC2;SPARCL1;TNFAIP8;TYMP;CX3CL1;TNFAIP3;CIMAP1B;SLFN12;SAA1;CD40;TNFRSF4;NGFR;FAS;PDE4B;CYTH1;GFRA1;DDX60;NEFH;IFIH1;BOC;OPTN;CFLAR;GYPC;STOM;SULF1;BIRC3;MCC;SYNPO2;CHST15;BCL2;VSIR;ACP5;WNT10A;NPL;LHFPL6;EGR3;DGKA;APOD;SLIT3;BCL2A1;FEZ1;SSPN;SNAI2;NRP2;HEY1;FBLN2;PMAIP1;MEG3;CD70;ADAMTS2;TIAM1;DUSP5;FOXC1;VCAN;RARB;PLXDC2;FRZB;CPXM1;LPAR6;KCNAB3;BACC1;RGS10;FRMD4A;MEIS1;SH3BP5;SIRPA;KLF2;MX1;FBXO32;GNG12;PTX3;RELL1;RFLNB;KLK10;EMP3;RAB30;MAP2;RCBTB2;ISLR;LAMA4;SEMA6D;PALLD;SOX15;LGR6;MARVELD1;TMEM200A;LHFPL2;LAYN;AEBP1;EOGT;OSR1;PGAP1;HLA-B;MAP1B;REEP2;NUDT11;SEPTIN4;HTRA1;DKK3;FGFR1;ROBO2;LINC01503;KLHL13;PLAT;THY1;SERTAD4;NAP1L5;LY75;ITGB6;TRIM14;TTC39C;NAAA;MCUB;CSTA;TSHZ2;COL9A1;CXCL1;WNT10B;IL32;ANO1;LUZP1;LEF1;PADI2;RASSF6;PLAU",2.583979456167088,2.4517146843967853e-24,TRUE,
"DURANTE_ADULT_OLFACTORY_NEUROEPITHELIUM_B_CELLS",34,0.9117380171776925,2.9917205932904265,8.294026793915348e-21,7.084074649861815e-20,"MS4A1;CD79B;CD79A;VPREB3;LTB;TAGAP;TNFRSF13C;EVI2B;CD37;CD52;POU2F2;CD69;LIMD2;CD53;GPR183;HLA-DQA1;HLA-DRA;HLA-DMB;BANK1;LAPTM5;HLA-DQB1;HLA-DRB1;CD83;IGHM;MARCHF1;CD74;HLA-DPB1;LINC00926;CXCR4;CORO1A",2.9969900252058084,1.1099498805789273e-20,TRUE,
"DESCARTES_FETAL_CEREBRUM_VASCULAR_ENDOTHELIAL_CELLS",467,0.48428312167444565,2.328497147764871,8.879882233729091e-21,7.496272676380605e-20,"CD79B;CD19;JAML;CD27;GIMAP7;DNASE1L3;GIMAP6;TRGC2;GIMAP4;GIMAP1;ITM2A;ICAM3;PDE6G;LTF;FABP4;CYSLTR2;ZAP70;ITGA4;CLIC2;ETS1;FGR;TNXB;PRKCH;LMO2;OLFML1;SERPING1;SLCO2A1;CARD8-AS1;CASP4LP;CFH;APOL3;IFIT3;TBX1;CYYR1;HEG1;S1PR4;RUNX3;ZNF366;THBD;CLEC3B;TMEM37;TEK;CLEC1A;CTSK;ITIH5;PLEKHF1;APOL4;FAM124B;SH2D3C;PLAC9;STARD8;ABCA9;FAM110D;VEGFC;OSMR;SEMA3G;TNFRSF4;ERG;FOXF2;FMO1;CDKN2B;APLNR;CETP;LRRC32;CXCL12;HIC1;DCN;FLVCR2;PREX2;MEDAG;SMIM10;LUM;DLC1;OAS2;SLFN5;EMCN;FENDRR;FOXF1;GGT5;DEPP1;NHSL2;CCM2L;AOC3;CD34;EPAS1;MMRN2;WWTR1;ZNF436;PCDH18;CALHM2;TMEM200B;FZD4;ATP10A;ARHGEF15;CLEC14A;ADGRL4;C1orf54;SOCS3;SNAI2;FSTL1;PRELP;MYD88;CLIC5;TGM2;DIPK2B;SOX17;CD93;VAMP5;FOXC1;FAM162B;ANXA1;KCNE4;FRZB;TM4SF18;HSPA12B;IFI6;A4GALT;IGFBP7;PHLDB2;ACVRL1;OAS3;F2RL2;EDN3;KLF2;KDR;FLT4;CD109;EDN1;FILIP1;USHBP1;IGF2;SELE;KANK3;BGN;ROBO4;TNN;CAV2;LDLRAD2;ISM1;HEYL;SOCS1;FOSL2;HMCN1;ABCC9;CDH5;MXRA5;TNFSF15;RASL12;FHL3;PDGFRB;LAYN;EHD2;EOGT;CLEC2B;SLC51B;ADCY4;KLF10;COL18A1;TMEM88;RGS5;SYDE1;ADGRF5;TIE1",2.628670709251833,5.408397850633953e-33,TRUE,
"DESCARTES_FETAL_ADRENAL_STROMAL_CELLS",109,0.7121329326137856,2.894500681031186,1.7290683712234752e-20,1.427447014415173e-19,"ABI3BP;ADH1B;SCARA5;C7;CHRDL1;TMEM119;TCF21;OLFML1;ABCA6;MGP;ZNF385D;RSPO3;REM1;MYOCD;CYP1B1;EBF3;DKK2;CCDC80;MSC;MEOX2;FGF7;PDE1A;ADAMTSL3;FMO1;TDO2;C1R;OGN;PDGFRA;MSC-AS1;DCN;LUM;FHL5;SULF1;PODN;HHIP;C1QTNF7;PCDH18;FNDC1;SFRP2;PRRX1;PRICKLE1;PRELP;VIPR2;BICC1;CLDN11;GLP2R;MYH11;CCN4;PAMR1;TRPC4;FAP;TWIST2;ISLR;ABCC9;MXRA5;COL6A3;PTCH2;OSR1;GLI2;CDH11;IL6;CARMN;ITGA11;LOX;WNT2;PCOLCE;ADAMTS14;CD248;ANO1",2.980148880977334,7.770675023175679e-22,TRUE,
"BUSSLINGER_GASTRIC_ISTHMUS_CELLS",448,-0.4331974391141445,-2.299650186086026,1.730238805351725e-20,1.427447014415173e-19,"PEBP1;PYCR1;PPM1G;SNRPF;RPS24;EBP;SEM1;TKT;PSMA7;CD151;EIF2S2;ARF1;TALDO1;MVD;TUBB4B;CYP51A1;NDUFS6;RPN2;LMAN2;AKAP1;PKP3;ARPC1A;GARS1;LLGL2;ALDH2;HES1;SF3B5;ACTG1;SEC61A1;PPDPF;TMED9;BCAP31;SLC39A11;GNB2;RPS8;ALDH3A1;P4HB;EIF6;RPN1;H2AJ;MYDGF;SDC1;NCL;CDC37;ETFB;CYC1;NANS;GAPDH;FASN;RPL35;ATP5ME;ARF5;CHCHD2;FOXA2;HNRNPAB;FAM120A;MRPL14;CBR1;UBE2C;HSPD1;GFUS;COX6B1;BLVRB;SDF2L1;VCP;PDIA4;HSPB1;LASP1;DHCR24;LAMB3;COX8A;ATP5IF1;ARHGDIA;H2AZ1;AP1M2;GALE;SERF2;HDLBP;ADAM15;AUP1;EIF4E2;NR2F6;SDC4;TK1;TSPO;JUP;ITPR3;EIF4G1;LFNG;GALNT6;LAD1;DNM2;HNRNPA2B1;RAN;TOP2A;JPT1;KHSRP;PTBP1;USH1C;ENSA;CYP2S1;MYO10;TPX2;HNRNPM;TSPAN15;PTMA;TAGLN2;ENO1;FKBP2;TESC;EIF3J;RRBP1;GIPC1;TACC3;TUBA1B;TMEM54;SGSM3;GSTP1;CCT5;S100P;HSP90AB1;INF2;HNRNPF;GPX2;NOP56;GNL3;MYH14;KDELR2;PTPRF;CKS2;RAB3D;EIF3A;SERBP1;DBI;PLP2;EPS8L3;CRELD2;CLIC1;HMGB2;PSMD7;CALR;HSPA5;PLXNA2;DYNLL1;TTC39A;EPCAM;YBX1;SEC61G;CES2;SNRPB;NIBAN2;SNRPG;ACTN4;KIF1C;KRT18;RPL36AL;LARP1B;MESD;PRC1;GADD45A;PLEK2;PSMD11;MGST3;MACROH2A1;CKAP4;RBM47;PLEKHA6;PHLDA2;PFN1;MANF;SULT1C2;TOP1;TXN;LARP1;CAPNS1;CFL1;CTNNA1;SH3RF1;CENPV;LMNA;SMPD3;CCND1;FHL2;KDELR1;POMP;FAM177B;ACIN1;CCNB1;ATP1A1;MVP;SPINT2;KRT8;NQO1;TFCP2L1;HDGF;FOXQ1;KRT19;ITGB4;CENPF;SNRPD1;TUBA1C;YWHAB;EIF5B;CALM3;TUBB;TMSB10;TMPRSS4;KCNE3;GNA11",-2.2907266218544633,1.6470748820065973e-18,TRUE,
"TRAVAGLINI_LUNG_NONCLASSICAL_MONOCYTE_CELL",175,0.6311890758639644,2.7382092438844765,2.1321212816413604e-20,1.7392360117658737e-19,"P2RY13;SCIMP;CD4;SIGLEC10;POU2F2;MPEG1;FGD2;CD300LF;FGL2;LST1;CYBB;RGS18;SFMBT2;ABI3;CLEC7A;C1orf162;PRAM1;MYO1G;FCER1G;CD86;TNFSF13B;ADGRE1;SPI1;MARCHF1;FGR;HCK;NFAM1;MS4A7;THEMIS2;ZEB2;LMO2;CLEC12A;LRRC25;NCF2;CD300A;KYNU;WARS1;FCGR3A;TYROBP;ITGAX;CPVL;PECAM1;CSF1R;TNFSF10;MAFB;PILRA;ADGRE2;SECTM1;PIK3AP1;TYMP;SH2D3C;SNN;SLC7A7;IRAK3;CTSS;RGS19;FCN1;CD300C;LILRA5;ZNF385A;CHST15;NPL;HMOX1;HK3;BCL2A1;MAP3K1;NFKBIZ;C19orf38;PSAP;MYD88;AP1S2;SNX18;LYN;CASP1;C5AR1;RNF144B",2.8094482955432194,1.8111885210333264e-22,TRUE,
"SU_HO_FOETAL_FEMUR_C0_TRANSITIONING_CELL",185,-0.554388286525166,-2.6415279879800546,2.5247750728189735e-20,2.036651892073972e-19,"RPS21;RPL19;RPL23;RPS2;RPS28;RPS24;EIF3F;ATP5MC1;RPL8;EDF1;RPLP1;RPL7A;RPS18;RACK1;TRMT112;RPL13;CIAO2B;EIF3D;COA3;RPL3;RPL36;RPL11;NACA;EIF3I;RPLP0;NDUFS5;FAU;LSM7;SF3B5;RPL23A;RPS15;RPS11;RPS16;COX7B;RPS27A;RPS8;C19orf53;RPS13;RPL34;RPL38;RPL18;PRDX2;TOMM7;NDUFB10;SEC61B;FIS1;ATP5ME;RPL4;SNRPD2;RPS19;RPS29;EIF3K;PRDX5;EIF3G;RPS4X;ATP5MC2;PPIB;KRT10;NME1;MYL6B;RPS5;EPB41L4A-AS1;ATP5MC3;RPS6;SNU13;CUTA;RPS12;SERF2;RPS3;DDOST;RPL6;COX5B;PARK7;ZFAS1;NDUFA1;RPL32;PRDX4;RBP4;RPL18A;RPL30;RPL35A;RPL10A;TMEM258;UQCRH;RPS9;UFC1;RPS14;SF3B6;C12orf57;HSP90AB1;HNRNPA1;RPL5;RPL41;SNHG8;PTRHD1;ATP6V1F;NENF;RPL21;EEF1B2;UBL5;RPS15A;RPL14;RPL36AL;EEF1D;EIF3M;EBPL;RPS7;RPL22;COMMD6;UQCR10;RPL15;UQCRB;EIF3L;NSA2;LDHB;RSL1D1",-2.7273724251040132,5.022848629324903e-19,TRUE,
"BUSSLINGER_DUODENAL_STEM_CELLS",308,-0.4832163315265479,-2.4363638526570695,6.387261017975351e-20,5.095770878077038e-19,"RPL23;RPS2;RPS28;RPS24;AHCY;RCN1;RPL8;TKT;ERGIC3;RPL12;RPLP1;RPL7A;RPS18;RACK1;FBL;RPL37;RPL27;RPL31;TRIM28;RPL13;PPP1R1B;GDF15;RPL3;RPL36;CLDN3;RPL11;SNRPE;EEF2;HES1;EPHB2;ACTG1;RGMB;HSPE1;RPS15;RPS11;RPS16;RPS27A;RPS8;RPL37A;RPS13;RPL34;RPL38;RPL18;MCM7;NCL;NONO;SH3BP4;TOMM7;RPL35;CLDN4;ANP32B;RPL4;CHCHD2;ONECUT2;RPL27A;FAM120A;HNRNPU;RPS19;IMPDH2;RNF43;RPS29;RPS4X;ATP5MC2;HSPD1;DKC1;CEL;RPS5;ATP5MC3;RPS6;CA9;RPS12;REPIN1;RPS3;DDAH1;RPL13A;RPL6;ZFAS1;HNRNPA2B1;CCT6A;RAN;IRF2BP2;MYO10;GAS5;COX7C;COQ8A;RPL32;HNRNPD;HNRNPM;TRIM24;PTMA;RPL18A;MATR3;RPL30;RPL35A;RPL10A;RPS9;RPS14;GSTP1;HSP90AB1;HNRNPA1;RPL5;GPX2;NOP56;GNL3;RPL41;EIF3A;SERBP1;SNHG8;CDCA7;JUN;HMGA1;EIF2S3;RPL7;SOX9;EEF1B2;LRPPRC;APEX1;CHDH;EPCAM;YBX1;RPS15A;SNRPB;RPL14;OLA1;MARCKSL1;NOP58;RPS7;RPL22;BANF1;C9orf152;ZNF503;EMP2;SELENOW;CES1;RPL15;EIF3L;NSA2;PKDCC;ASCL2;TXN;DARS1;VDR;RPS20;GCNT1;CCND1;RPS23;CNBP;SPINT2;SRSF6;KRT8;EEF1A1;BCL11A;ELAPOR1;RPL26;SFPQ;RPL10;BTF3;HNRNPC",-2.7636341059658633,5.552121396371301e-27,TRUE,
"HAY_BONE_MARROW_MONOCYTE",215,0.5936153252117403,2.6569572718547754,1.0231874479175962e-19,8.074283556393205e-19,"SCIMP;SIGLEC10;POU2F2;WAS;SPN;FGD2;CD300LF;CYTIP;P2RX1;FMNL1;AIF1;LST1;LILRB1;DPEP2;ABI3;TNFRSF8;C1QA;MYO1G;FCER1G;C3AR1;ADGRE1;SPI1;FGR;HCK;SELPLG;MS4A7;C1QB;THEMIS2;GBP2;ADAP2;LRRC25;LILRA1;LILRB2;BATF3;WARS1;FCGR3A;ITGAX;PECAM1;CSF1R;ST3GAL5;TNFSF10;PILRA;ADGRE2;CALHM6;SMAP2;PIK3AP1;SLC7A7;MRAS;MSR1;PELATON;RGS19;LILRA2;CD300C;KIAA0513;GPR137B;LILRA5;ZMYND15;CCNG2;CHST15;VSIR;CTSL;CALHM2;SMPDL3A;SLC66A3;HK3;C11orf21;NFKBIZ;C19orf38;PSAP;MYD88;MEG3;SEC14L1;VAMP5;SNX18;LYN;RALB;C5AR1;RNF144B;ITLN1;CEACAM3;CLCF1;YPEL2;PHTF2;NAGK;SH3BGRL;PTPRN2-AS1;LYNX1;PTPN6;PDK4;CMTM6;ATOSB;COTL1;TNFRSF1B;ARRB1;SLC2A6;LINC01503;FKBP1A;UTRN;VMO1",2.753819138997517,1.6973566405671712e-23,TRUE,
"HE_LIM_SUN_FETAL_LUNG_C3_OMD_POS_ENDOTHELIAL_CELL",335,0.5205524518817233,2.4304289027691657,1.6466543781513313e-19,1.2854527726213618e-18,"SELL;ABI3BP;CSF2RB;ABCA8;PLCG2;FAM107A;S100B;TRIM22;CAMK4;VCAM1;HLA-DRB1;IL18BP;GBP1;SELP;C1S;MIR155HG;ITPR1;TM6SF1;PTGDS;GBP2;F2R;MGP;CSF1;CFH;RSPO3;MFAP4;SYT11;FBLN5;DPYD;BMX;EFEMP1;LTBP2;S1PR4;XAF1;TFPI2;CTSC;COL23A1;CYP1B1;EPB41L3;DKK2;BMP6;MAP3K8;CCDC80;PLAC9;DSE;SEMA3G;PTGIS;GJA5;CYBRD1;PTGS1;PTN;C1R;STON1;CXCL12;IFIH1;TMTC1;MEDAG;SLC8A1;ADAMTS1;SULF1;MCC;RUNX1T1;ID4;RBMS3;FILIP1L;HAPLN3;GASK1B;SLIT3;NCOA7;TLR5;PLXNA4;CPXM2;NFKBIZ;FBLN1;HEY2;CALHM5;FBLN2;APOL1;TMEM47;FOXC1;GUCY1A1;SYNPO;IFI44L;IFI6;SNX18;MCTP1;DENND5B;GUCY1B1;PDLIM3;MX1;SPOCK1;AKNA;SMAD7;NNMT;CASP1;CUBN;ANOS1;PDGFD;TRAM2;FOSL2;HMCN1;LGR4;SKIL;CDH11;PXDC1;AMPH;CRABP2;CDC42EP3;ATXN1;LOXL1;LDLRAD4;NOX4;SLC22A17;IFNAR2;COPZ2;TNFRSF1B;ZBTB16;CRIM1;MRC2;KLHL13;NCAM1;CERCAM;LOX;SGCE;SULT1B1;GLIS2;ERAP1;CCN1;CRISPLD1;ARID5A;SFRP4;TENT5A;PLK3;BCAT1;KCNMB1;THBS1;CPAMD8;SAMD4A;CSRNP1;CHST3;PELI1;HTRA3;COL5A1;COL1A2;BAMBI;PCSK5;BCL9L;BST1;COL5A2;SOX5;RND3;BMP4;CD58;TAGLN;COL3A1;FUT8;AHNAK2;CCN2;CBX6;PTGER4;ID2;CYTL1",2.6462398885673064,6.274784692231113e-26,TRUE,
"AIZARANI_LIVER_C9_LSECS_1",293,0.5385374004314931,2.491212913697434,7.40560662158496e-19,5.719649369436895e-18,"DNASE1L3;CD4;FAM107A;MS4A6A;IL1RL1;LIFR;MAF;MMRN1;CAVIN2;SGK1;GBP4;F2R;CD36;LYVE1;IL1R1;S1PR1;WARS1;FCHSD2;TFPI2;MEF2C;OSMR;FHL1;ERG;PARP14;PDE2A;ADGRL2;MRC1;TOX2;VASH1;IL6ST;TIMP2;MYCT1;HIC1;RELN;GNG11;STAB1;CD14;PREX2;TAL1;ZEB1;TCF4;DLC1;AKAP12;LDB2;CEP170;CTSL;EPAS1;WWTR1;SASH1;SNRK;LGMN;FZD4;NCOA7;CLEC14A;ADGRL4;SOCS3;TIMP3;PLPP3;NRP2;MEG3;TGM2;SEC14L1;MARCKS;RBMS1;CD93;NPR1;NRP1;DUSP5;RHOJ;IFI44L;UGCG;IGFBP7;SRPX;KDR;NOVA2;FLT4;EDN1;PLEKHG1;FILIP1;PCDH17;EMP1;ROBO4;PRCP;SDCBP;HIF1A;FOSL2;CDH5;PLK2;TPM4;ENG;PRICKLE2;PRKD3;MYH10;PIEZO2;CTSD;PHACTR2;F8;MAP1B;ASAP1;ADGRF5;TFPI;TIE1;AFF1;SLC2A3;IL33;FGFR1;CRIM1;FKBP1A;TCF7L1;PRKAR1A;EXOC3L2;DUSP6;CCDC50;ADAMTS4;TCF7L2;STC1;NOS3;PEA15;C11orf96;DOCK9;LUZP1;JMJD1C;BST2;RDX;PELI1;SLC7A8;PDGFB;SPARC;ITGA9;FLT1;RAPGEF5;LIMA1;MACF1;CXCL16;ARGLU1;AFF4;RASAL2;KCTD20;ITPRIP;MRO;MYADM;CUL4B;SHANK3;RASIP1;FXYD6;TMOD3;ST6GALNAC3;NUAK1;ABCG1",2.624536715979846,2.5555690785849313e-23,TRUE,
"HE_LIM_SUN_FETAL_LUNG_C2_ADC_1_CELL",156,0.6361058997212817,2.741382290212608,7.585886195132229e-19,5.797214081753683e-18,"CCL19;CCR7;P2RY10;IRF4;PPP1R16B;P2RY8;HLA-DOB;IGKC;CCL22;EBI3;IDO1;CD1E;TNFRSF8;CD80;CLIC2;CXCL9;RASGRP3;SPIB;GBP1;PLXNC1;IL7R;EPSTI1;APOBEC3H;TRAF1;SAMD9L;RFTN1;CXCL10;MIR155HG;CD274;GBP4;HLA-DQB2;TFPI2;ZNF366;TVP23A;ADAM19;NIBAN1;LAMP3;CD40;FAS;SNN;IL4I1;GNG11;TRAFD1;ZEB1;IL15;GPR137B;GCSAM;BIRC3;BTN2A2;ENOX1;BCL2L11;ANKRD33B;NRP2;ISG20;MREG;DUSP5;HOPX;BACC1;PLEKHG1;H6PD;RAB30;SOCS1",2.7933476711641463,3.228475643055368e-20,TRUE,
"SU_HO_CONV_CENT_CHONDROSARCOMA_C7_PROLIFERATIVE",226,-0.5123255008268831,-2.483733913988063,1.01181314416701e-18,7.651836902763014e-18,"TUBG1;SNRPF;MRPL23;POLR2J;RALY;POLR2L;EBP;RUVBL2;TMEM97;ELOB;PSMB3;ATP5F1E;SIVA1;NUTF2;SAC3D1;NDUFB11;NDUFS6;NDUFS8;EMC9;LSM7;LAMTOR2;PKMYT1;CDT1;KIF22;SNRPA;KIFC1;GUSB;SNRPC;ADI1;MCM7;NAXE;CYC1;DYNC2I2;HNRNPAB;AURKA;PAFAH1B3;AURKAIP1;BIRC5;RABGGTA;UBE2C;YIF1B;NME1;AURKB;PIN1;PHF19;ATP5MF;ATP5MC3;ARL2;DTYMK;TROAP;COX8A;CDC20;LSM8;NDUFB2;ADAM15;TK1;CDCA3;PLK1;TXNDC17;ZWINT;TMEM106C;TOP2A;MYO10;TPX2;SMTN;CDCA8;LMNB2;TACC3;TUBA1B;COX6C;ASF1B;MXD3;CCT5;PSRC1;BSG;PGP;TRAPPC1;KPNA2;UBE2T;PSMB4;IQGAP3;BUB3;HMGB3;BCL2L12;CDKN3;KIF4A;NGDN;TRIP13;CENPW;CCNB2;PIMREG;GTSE1;ELOC;RRM1;BOLA3;DYNLL1;SUMO3;HIGD2A;YBX1;GMNN;TMEM160;KNSTRN;SNRPB;BAX;SNRPG;CDKN2D;RBMX;PRC1;RBBP7;CKS1B;CDCA5;CCDC34;H2AX;SGO1;GLRX5;HJURP;BANF1;CENPA;TXN;LDHB;SDR39U1;FAAP20;ANKRD9;RRM2;ELP5;KDELR1;CDCA4;CCNB1;MAD2L1;ATOX1;CCNA2;KIF23;CENPF;SPC25;NEK2;TPRKB;CALM3;RBM8A",-2.6053555666828285,3.3983967615233857e-19,TRUE,
"HAY_BONE_MARROW_NK_CELLS",336,0.5119737989484863,2.3891657338312995,1.9165262431143984e-18,1.4344309819598487e-17,"SASH3;TBC1D10C;ITGAL;PYHIN1;KLRB1;ARHGAP30;ARHGAP9;CD247;SLA2;BIN2;RASSF5;IL2RB;STAT4;GZMM;TBX21;CD53;GNGT2;PDE6G;GPR65;WIPF1;CHST2;ZAP70;EOMES;DOK2;GNG2;FASLG;NKG7;MYO1F;ADRB2;GZMA;PIP4K2A;TNFRSF18;PPP1R18;IL18RAP;CTSW;CD7;APOBEC3H;HAVCR2;ARHGDIB;PRKCH;SYTL3;LITAF;APOBEC3G;KLRD1;CCL4;CD244;CX3CR1;TMIGD2;ITGB2;PRF1;CD160;CD300A;IL12RB1;TXK;PPP2R2B;SIGLEC7;CST7;RUNX3;IRF1;CTSC;ZBP1;IFI16;RAC2;CORO1A;SYNE1;PLEKHF1;ITGB7;GNLY;UBE2L6;LAIR2;PLAAT4;ARL4C;TSPAN32;CARINH;BTN3A2;HLA-E;OPTN;CFLAR;HCST;LDB2;B2M;PRKACB;TAP1;MATK;APOL6;CDC42SE1;SAMD3;FEZ1;HLA-C;VIPR2;ARL6IP5;STK10;HOPX;CASP8;JAK1;RGS9;PDZD4;LINC02384;GSAP;AKNA;CCL3;CXCR2;GNPTAB;SIPA1;BNC2;PDGFD;ADAM8;PSME1;PSMB9;RNF166;YPEL3;SHFL;HSH2D;CAP1;FHL3;TINF2;PSMB10;C1orf21;CYRIB;LINC01138;KRT86;ANXA6;RNF213;MYBL1;ZBTB16;BPGM;MMP25-AS1;NCAM1;HLA-F;CERCAM",2.485815206572886,1.6850237930951544e-20,TRUE,
"JONES_OVARY_ENDOTHELIAL",160,0.627973909726314,2.7061741261516534,2.4423328577728556e-18,1.809320055860299e-17,"GIMAP7;GIMAP4;ITM2A;FLI1;GIMAP8;HLA-DRA;LIFR;ETS1;HLA-DRB1;A2M;ENPP2;SRGN;CD74;HLA-DPB1;LMO2;PALMD;MGP;S1PR1;CYYR1;PECAM1;TNFSF10;MEF2C;ELK3;SPARCL1;ERG;APLNR;MYCT1;GNG11;PREX2;HLA-E;EMCN;LDB2;CALCRL;SELENOP;B2M;CD34;CLDN5;EPAS1;MMRN2;SASH1;APOD;SNRK;CLEC14A;ADGRL4;SLCO2B1;TIMP3;AQP1;DIPK2B;HLA-C;CD93;AP1S2;TM4SF18;IGFBP7;KDR;PPP1R12A;PCDH17;BGN;EMP1;ROBO4;CAV2;CTHRC1;CDH5;PLK2;ADCY4;RBP7;HLA-B;TMEM88;TGFBR2;CD59;ADGRF5;TIE1;SOX18;CRIM1;SMAD1;UTRN;HLA-F;PALM2AKAP2;LEPR;DUSP6;RAMP2",2.8792699016766496,8.136594283753241e-23,TRUE,
"DURANTE_ADULT_OLFACTORY_NEUROEPITHELIUM_MONOCYTES",38,0.8742118992303141,2.9264188502266313,2.6339628314711254e-18,1.931572743078825e-17,"GPR183;FCER1A;FGL2;HLA-DRB5;MS4A6A;HLA-DQA1;AIF1;LST1;HLA-DPA1;HLA-DRA;HLA-DMB;C1QA;RGS1;SFRP1;HLA-DQB1;MNDA;HLA-DRB1;FCER1G;CD83;SRGN;SGK1;CD74;MS4A7;HLA-DPB1;C1QB;HLA-DMA;C1QC;CCL4L2;TYROBP;IFI30;PHACTR1;HERPUD1;SFRP2;RGS10;CCL3;RGS2",2.9868753055845616,1.1113286156495146e-19,TRUE,
"DESCARTES_FETAL_EYE_VASCULAR_ENDOTHELIAL_CELLS",83,0.7458297387136101,2.882416505971333,2.8630835160955864e-18,2.0785986326853957e-17,"GIMAP4;GIMAP1;SELP;CAVIN2;PRKCH;S1PR1;APOL3;HAPLN1;ZNF366;ELK3;TEK;CLEC1A;FAM124B;STARD8;SEMA3G;ERG;PDE2A;VASH1;APLNR;MYCT1;CETP;LRRC32;CALCRL;GGT5;TAMALIN;RAMP3;CCM2L;CLDN5;EPAS1;HAPLN3;ARHGEF15;CLEC14A;ADGRL4;DIPK2B;LXN;TM4SF18;ACVRL1;ALPL;FLT4;USHBP1;SMAD7;KANK3;ROBO4;ST8SIA6;CDH5;CYP26B1;ENG;ADCY4;ADGRF5;TIE1;ABCG2;SOX18;ARL15;DUSP6;RAMP2;PLXND1;NOS3;VWF;THSD1;ECSCR;MLKL;FLT1",2.9760230109555876,1.841573397777544e-20,TRUE,
"HAY_BONE_MARROW_PLASMA_CELL",112,0.6851732904589221,2.7894033675358414,4.234903925281623e-18,3.0440992571826317e-17,"TNFRSF17;FCRL5;SLAMF7;PLA2G2D;IGKV1D-8;IGKV3D-15;IGHV3-7;JCHAIN;IGKV1-12;IGHV3-23;IGKV4-1;IGHG4;IGHD;IGLV3-21;IGHGP;IGKC;IGLV2-14;IGLL5;IGKV1-5;IGKV3-20;IGLC3;IGHG1;LINC02362;MZB1;IGLC2;IGKV3-15;IGHG3;IGLV1-44;IGLV6-57;DERL3;MEI1;KCNN3;IGF1;RASGRP3;IGHA1;IGHA2;IGHM;MOXD1;IGHG2;UGT2B17;ITGA8;CCR10;UBE2J1;ELL2;WNT10A;HERPUD1",2.827155690143084,2.953438343069208e-18,TRUE,
"LAKE_ADULT_KIDNEY_C26_MESANGIAL_CELLS",171,0.6156864870531095,2.6615120279327074,4.813473659782398e-18,3.426060663727471e-17,"C7;ETS1;A2M;DOCK8;ITPR1;ZEB2;PDE7B;IL18R1;MGP;UNC5C;DPYD;FCHSD2;MEF2C;ITGA8;SYNE1;IGFBP5;GATA3;ADGRL2;CPM;CACNA2D1;IL6ST;DOCK4;RORA;TMTC1;HLA-E;TCF4;DLC1;EMCN;AKAP12;GPX3;B2M;ELL2;RBMS3;EPAS1;LHFPL6;PCDH9;CALD1;TIMP3;EBF1;AQP1;TNS1;RBMS1;PRR16;LAMA2;PTPRM;PLXDC2;PLPP1;IGFBP7;FRMD4A;MEIS1;FBXL7;SPOCK1;PPP1R12A;NEK7;FOSB;SSBP2;BMPR2;PHTF2;ANKRD12;AKT3;PALLD;PDGFRB;DAAM2;ENG;MAML2;PIEZO2;ADGRF5;MAP3K5;ZBTB16;CRIM1;INPP4B;ARID5B;UTRN;ITGA11;NFKBIA;CBLB;SLC38A2;ZFP36L1;TTC28;DUSP1;ITGA1;PTPRG;SPARC;RAPGEF5;SEPTIN7;NCOA1;MEIS2;ROBO1;EGR1;WNK1;ARGLU1;RAPGEF2;RASAL2;TNS3;DST;PLCL1",2.5749496896953694,3.770752003881328e-16,TRUE,
"AIZARANI_LIVER_C32_MVECS_3",124,0.669446455893661,2.7722457342250797,4.8726400742330456e-18,3.4345016445564964e-17,"GIMAP4;C7;VCAM1;CXCL9;LIFR;SGK1;PTGDS;GBP4;ACKR1;IL1R1;WARS1;BMX;HEG1;PECAM1;CXCL11;TNFSF10;FCGR2B;THBD;HSPB8;PTGIS;ITM2B;PARP14;PDE2A;PTGS1;IRAK3;IL6ST;TAL1;HLA-E;CFLAR;AKAP12;CALCRL;B2M;RAMP3;EPAS1;MMRN2;WWTR1;NCOA7;SOCS3;TIMP3;INMT;NRP2;NFKBIZ;FBLN2;TGM2;TNS1;APOL1;TIAM1;FOXC1;IFI44L;CLDN11;IGFBP7;SRPX;KLF2;CEBPD;NOVA2;SELE;PRCP;ENG;HLA-B;SNTB2;PELI2;TFPI;AFF1;IL33;FGFR1;CRIM1;FKBP1A;KLF9;CXCL1;SLC38A2;NOS3;IL32;C11orf96;HLA-A;TLR4;VWF;BST2;CSRNP1",2.8280627155513502,1.8125771579638222e-18,TRUE,
"HE_LIM_SUN_FETAL_LUNG_C3_LYMPHATIC_ENDOTHELIAL_CELL",353,0.5024533083247982,2.351390714424571,6.04602550532399e-18,4.22059088160117e-17,"PKHD1L1;ABI3BP;GIMAP5;WIPF1;CCL21;SLC9A9;IGF1;LY96;LAPTM5;SFRP1;CHRDL1;MMRN1;GAS7;CD74;DOCK8;THEMIS2;OLFML1;PLEKHO2;TSPAN11;PLSCR4;MFAP4;SCN3A;HIVEP3;EFEMP1;TBX1;PMP22;ACKR2;FLRT2;ZFPM2;CALHM6;SYNE1;NIBAN1;IGFBP5;CCDC80;LRRN4CL;THSD7A;EDNRB;DSE;TMEM140;PDE2A;PLAAT4;PDE1A;ADAMTSL3;MRC1;SLC7A7;NLGN4X;TIMP2;RELN;SEMA3D;STAB1;SCN9A;MEDAG;CD302;ZNF521;FCGR2A;DTX1;LRCH2;GGT5;GLT8D2;CHST15;ST3GAL6;CEP85L;HAPLN3;VSTM4;STOX2;CFI;APOD;LGMN;IQSEC3;ANKDD1A;COLEC12;SLCO2B1;KLHL4;TRIL;SNAI2;SGIP1;MAP3K1;PDPN;FRMD6;CLU;FAM162B;SNX10;ISLR2;FRZB;TM4SF18;GLIPR2;MCTP1;LYN;PDLIM3;RASSF9;SIRPA;TSHZ3;GNG12;MITF;FILIP1;PTX3;NNMT;UGP2;APBA2;NR2F1-AS1;EMILIN1;NAV3;CTHRC1;GCNT2;ADAMTS12;TRPC6;EPS15;FAM107B;DAPK1;FHL3;LAYN;P4HA3;SCN3B;PIEZO2;GLIS3;F8;ANKRD6;DSEL;PXDC1;TBC1D2B;SH3PXD2B;DOC2B;BMP2K;ARRDC4;HTRA1;SGK3;DKK3;INPP4B;SCNN1B;ARID5B;KLHL3;LOX;CEACAM1;ABLIM3;SGCE;ITSN1;GAB2;TSHZ2;PRKAG2;ZDHHC14;TTN",2.507948474179166,2.347536403724018e-22,TRUE,
"DURANTE_ADULT_OLFACTORY_NEUROEPITHELIUM_CD4_T_CELLS",30,0.9099027185875573,2.8647529059080656,7.503293570428092e-18,5.187991554410281e-17,"CD3G;CD2;CD3E;TRAC;LTB;KLRB1;TRBC1;TRBC2;TAGAP;PTPRC;CD48;CD52;CD3D;FYB1;CD69;CLEC2D;ACAP1;GMFG;GPR183;IL7R;ARHGDIB;CXCR4;CORO1A;TNFAIP3;TSC22D3;RORA;HCST",2.820002356894607,1.1832559529686719e-15,TRUE,
"HE_LIM_SUN_FETAL_LUNG_C2_ADC_2_CELL",100,0.697607288329891,2.788946266996148,1.196772807056772e-17,8.1967646973888345e-17,"CCL19;CCR7;TMEM156;CD1C;HLA-DOB;DNASE1L3;TIFAB;CCL22;EBI3;IDO1;CD1E;CD80;VCAM1;CXCL9;TNFRSF18;GBP1;IL7R;GPR132;TRAF1;SAMD9L;RFTN1;CXCL10;MIR155HG;CD274;GBP2;GBP4;HLA-DQB2;APOL3;CD207;CST7;TVP23A;ARHGAP31;NIBAN1;LAMP3;CD40;SNN;IL4I1;ZEB1;GPR137B;BIRC3;PLA1A;ISG20;SGTB;C15orf48;DUSP5;HIVEP2",2.862137797093787,3.3122504859817826e-18,TRUE,
"TRAVAGLINI_LUNG_CD4_MEMORY_EFFECTOR_T_CELL",69,0.7673157665939653,2.8855473958619777,1.2557069020039637e-17,8.520030007989511e-17,"TRAF3IP3;ITK;SLAMF1;CD2;CD3E;CD28;GIMAP7;CD96;CD6;CD40LG;TRAT1;CD52;ICOS;ARHGAP15;IL10RA;PCED1B-AS1;CD3D;SEPTIN1;CLEC2D;ICAM3;EVL;GPR183;SPOCK2;RASGRP1;PRDM1;ETS1;IL7R;CTLA4;LCK;MIAT;CORO1A;RORA;SLFN5",2.876338766310212,2.344106036688781e-17,TRUE,
"DESCARTES_MAIN_FETAL_ANTIGEN_PRESENTING_CELLS",97,0.6989621823739594,2.780439280058709,2.0683605033964778e-17,1.3903978939498545e-16,"CCR7;BTLA;SLAMF7;PLA2G2D;HLA-DOB;IL21R;TIFAB;RASSF2;WDFY4;CCL22;HLA-DPA1;TNFRSF9;CD80;CXCL9;MMP25;HLA-DQB1;GPR132;EPSTI1;SLAMF8;TRAF1;EVI2A;SAMD9L;RFTN1;CD74;HLA-DPB1;CXCL10;MIR155HG;HLA-DQB2;FCHSD2;HLA-DQA2;ZNF366;IGFLR1;HLA-DRB6;XCR1;LAMP3;CD40;IL4I1;RAB8B;SEMA4A;GCSAM;ZMYND15;C1orf54;N4BP2L1;CD70;NMI;OASL;NUB1;IRF8;GFI1;SNX20;ADAM8",2.780688169948375,2.4337836824389546e-16,TRUE,
"DESCARTES_MAIN_FETAL_THYMOCYTES",76,0.7432626607609009,2.836178383534499,2.83355859808704e-17,1.8873060020286157e-16,"TESPA1;CD3G;TRBC2;KCNA3;SH2D1A;CD96;ANKRD36BP2;CD247;TRAT1;THEMIS;UBASH3A;CD8A;RHOH;MZB1;CD38;PDCD1;CD1E;CAMK4;GRAP2;LCK;SEPTIN6;WAKMAR2;P2RX5;CD8B;TOX2;TNIP3;CD1A;IKZF2;LINC00426;CEP85L;DGKA;ELOVL4",2.682274224810704,1.1021778846734035e-12,TRUE,
"RUBENSTEIN_SKELETAL_MUSCLE_SATELLITE_CELLS",300,-0.46245048951626905,-2.320463872188712,3.2780435893543753e-17,2.1635087689738876e-16,"RPS21;RPL19;PEBP1;RPL23;COMT;RPLP2;RPS2;SLC25A6;RPS28;SNRPF;RPS24;MDH2;EIF3F;ATP5MC1;RPL8;EDF1;RPL12;RPLP1;RPL7A;RPS18;RACK1;EIF1;RPL37;RPL27;RPL31;RPL13;EIF3D;NDUFS6;CCT3;COX4I1;RPL3;RPL36;RPL11;NACA;RPLP0;TIMM13;SNRPE;EEF2;NDUFS5;FAU;RPL23A;HSPE1;PSMB7;RPS15;ATP5F1D;SNHG32;CHCHD10;RPS16;RPL28;RPS27A;RPS8;UBA52;RPL37A;RPS13;RPL34;RPL38;RPL18;TOMM7;GAPDH;RPL35;RPL4;CHCHD2;SNRPD2;GADD45GIP1;RPL7L1;RPL29;GNAS;MEST;APRT;RPS19;IMPDH2;RPS29;EIF3K;RPS4X;ATP5MC2;HSPD1;ATP5MF;ZFYVE21;RPS5;EPB41L4A-AS1;ATP5MC3;NHP2;WDR74;RPS6;MRPL20;RPS12;RPS3;RPL13A;HADHA;MICOS13;RPL6;PARK7;ZFAS1;HNRNPA0;RAN;RPL32;CST3;PTMA;RPL18A;NOP53;RPL30;RPL35A;TUBA1B;RPL10A;COPS9;UQCRH;RPS9;RPS14;DAG1;VDAC1;AK1;HSP90AB1;RPSA;PPP1R14B;HNRNPA1;RPL5;RPL41;DBI;SNHG8;RPS26;FAM162A;NDUFB9;JUN;HSBP1;SLC25A3;RPL7;UBXN1;RPL21;EEF1B2;VDAC2;HDDC2;DDAH2;HIGD2A;RPS15A;RPL14;RBMX;EEF1D;EIF3M;DNAJC7;RPS7;RPL22;COMMD6;LSM5;BANF1;NDUFS4;ATP5PO;NAA20;RPL15;UQCRB;EIF3L;MT-CO1;LDHB;RSL1D1;DARS1",-2.439750506876529,9.98162232877067e-18,TRUE,
"LAKE_ADULT_KIDNEY_C12_THICK_ASCENDING_LIMB",355,-0.43789626984108976,-2.2510191884000323,3.588586877237817e-17,2.347129795382572e-16,"RPS21;RPL19;PEBP1;RPL23;RPLP2;RPS28;RPS24;ATP5MC1;UQCRC1;RPL8;ATP5F1E;EDF1;RPL12;RPLP1;RPL7A;RPS18;RACK1;RPL37;RPL27;RPL31;RPL13;TUFM;COA3;NDUFS6;COX4I1;RPL3;NDUFV1;RPL11;NACA;PDHA1;RPLP0;KIF12;EEF2;LLGL2;FAU;SLC25A4;ZHX3;RPS15;CHCHD10;RPS11;RPS16;DNASE1;COX7B;RPS27A;RPS8;UBA52;RPL37A;P4HB;RPS13;ACSS1;RPL34;RPL18;PFKL;SDC1;HPN;CYC1;PLXNB1;NDUFB10;GAPDH;RPL35;ATP5ME;RPL4;CHCHD2;FAM171A1;RPL27A;GNAS;KCNQ1;RPS19;IDH2;CBR1;RPS29;EIF3K;PRDX5;RPS4X;ATP5MC2;PPIB;SUCLG1;UQCRQ;COX6B1;TPI1;RPS5;ATP5MC3;RPS6;ATP5IF1;CUTA;RPS12;SERF2;RPS3;ATP6V0B;GUK1;NDUFB2;RPL13A;HADHA;COX5A;ATP5F1B;GPX4;SDC4;RPL6;COX5B;SDHA;NDUFA1;PTPN3;DNAJC19;NARS1;COX7C;RPL32;SOD1;SLC25A5;BAG1;CST3;RAP1GAP;ENO1;PRXL2A;FKBP2;RPL30;GOT1;RPL35A;EPS8L2;COX6C;RPL10A;UQCRH;RPS9;SSR4;RPS14;RPSA;PPARGC1A;SRP14;RPL5;RPL41;MRFAP1;IMPA2;NDUFB9;ACAT1;HSBP1;TMEM161B-DT;SLC25A3;RPL7;PKM;RPL21;COX7A2;PDXK;ANXA11;CLCN5;RPS17;EPCAM;YBX1;RPL14;FGFR3;DNAJC11;EEF1D;MDH1;MGST3;EPHX2;COBL;RPS7;PRSS8;MAGED1;UQCR10;MGAT5;SELENOW;UBB;SMS;RPL15;UQCRB;SULT1C2;WNK4;NDUFS1;SCNN1A;CKB",-2.157207774501867,4.255773960611058e-13,TRUE,
"BUSSLINGER_GASTRIC_PPP1R1B_POSITIVE_CELLS",118,-0.6079326996742691,-2.7081665560600015,6.301767378613616e-17,4.0848956400656117e-16,"RPS21;RPL19;RPL23;RPLP2;RPS2;RPS28;RPS24;RPL8;RPL12;RPL7A;RPS18;RACK1;RPL37;RPL27;RPL31;RPL13;PPP1R1B;RPL3;RPL36;RPL11;RPLP0;EEF2;RPL23A;RPS15;RPS16;RPL28;RPS27A;RPS8;ALDH3A1;RPL37A;RPS13;RPL34;RPL18;RPL35;RPL4;DGKD;RPL27A;RPL29;RPS19;IMPDH2;RPS29;RPS4X;RPS5;RPS6;RPS12;RPS3;RPL13A;SDC4;RPL32;PTMA;RPL18A;RPL30;RPL35A;TUBA1B;RPL10A;RPS9;RPS14;GSTP1;HSP90AB1;HNRNPA1;RPL5;GPX2;PTPRF;RPL41;IMPA2;SERBP1;EPS8L3;JUN;RPL7;SOX9;EEF1B2;EPCAM;RPS15A;RPL14;MARCKSL1",-2.834271626759732,5.493090831383601e-17,TRUE,
"ZHONG_PFC_C1_MICROGLIA",252,-0.4873134925617316,-2.4077776357418643,1.217164595680062e-16,7.820013243041813e-16,"QDPR;NUTF2;SEC13;HIRIP3;AP2S1;MCM3;RRP1;NME4;TBCD;ALG3;NDUFA6;SPAG5;MCAT;PA2G4;TMED9;KIF22;SAP30;GGCT;MRPL37;MCM7;ZDHHC12;XRCC3;RFC2;MRPS12;MRPL20-AS1;CHCHD2;AURKA;RANBP1;IDH2;BIRC5;ERI3;RCC1;UBE2C;PAICS;AURKB;PAXX;PHF19;VCP;ORC6;TRAPPC2L;DDX39A;TIMM10;GINS2;DHCR24;SS18L2;DTYMK;TROAP;H2AZ1;PHF12;TECR;GALE;TAF4;FEN1;TK1;CDCA3;GTF2F1;ORMDL2;PLK1;TXNDC17;ZWINT;FAM83D;DSN1;TMEM106C;RAN;TOP2A;TBC1D10B;TPX2;LSM2;DNAJA4;CDCA8;TACC3;TUBA1B;PDCD5;GAMT;ASF1B;CCNF;KPNA2;UHRF1;UBE2T;CKS2;IQGAP3;BUB3;CDKN3;KIF4A;DVL2;HMGB2;CCNB2;PIMREG;GTSE1;COA8;RFC4;CDC123;GMNN;SLC37A4;ANAPC5;SNRPB;MRPL42;LENG1;PRC1;TRIP6;RBBP7;CKS1B;MTIF3;CDCA5;CCDC34;H2AX;SGO1;WDR54;HJURP;FUNDC1;TEX30;NASP;ILF2;C1orf122;RNF168;PNPT1;PYM1;RPF2;SRSF7;GLRX2;RRM2;AK2;SKA3;CDCA4;TCF19;CCNB1;CTPS1;KIF2C;IPO5;CCNA2;KIF23;CENPF;RPA3;SPC25;GINS1;SVIP;CISH;TPRKB;TUBGCP3;EBNA1BP2;SHCBP1;RHEB;MPC1;MRPS22;SKIC8;DHFR;NCAPD2;C4orf46;MCM6;PCID2;MCM4;BARD1",-2.549369643014193,9.957209366504135e-19,TRUE,
"FAN_EMBRYONIC_CTX_BIG_GROUPS_BRAIN_ENDOTHELIAL",362,0.4816729102145566,2.2625512198129667,1.278049576141122e-16,8.139157827003988e-16,"GIMAP7;ITM2A;FLI1;RASGRP3;ETS1;JAM2;CAVIN2;EPSTI1;STAT1;PRKCH;PDE7B;LMO2;SERPING1;SLCO2A1;PMP22;CYYR1;HEG1;PECAM1;NR3C1;XAF1;CA2;ZNF366;CLEC3B;TEK;ITIH5;SH2D3C;PLAC9;ERG;FOXF2;APLNR;MYCT1;CETP;DCN;GNG11;HLA-E;ZEB1;STOM;DLC1;OAS2;EMCN;CA4;VIM;ATP1A2;GGT5;B2M;CD34;RBMS3;CLDN5;EPAS1;HAPLN3;SCARF1;WWTR1;LHFPL6;PCDH18;SNRK;CLEC14A;ADGRL4;C1orf54;FERMT2;COLEC12;TCN2;FSTL1;CALD1;TIMP3;PDZD2;PRELP;STING1;EBF1;TGM2;DIPK2B;TNS1;CD93;VAMP5;FOXC1;LAMA2;ANXA1;RHOJ;LXN;FRZB;TM4SF18;IFI44L;HSPA12B;HOPX;IFI6;IGFBP7;JAK1;ACVRL1;IFI35;KDR;AFAP1L2;TMEM50B;RELL1;BGN;SIPA1;ROBO4;CAV2;PRCP;LAMA4;MSRB3;CDH5;TPM4;TTYH2;FHL3;PDGFRB;ENG;AEBP1;ADCY4;CDH11;PHACTR2;COL18A1;TMEM88;TGFBR2;RGS5;ADGRF5;TFPI;TIE1;CAST;SLC2A3;CDH6;ABCG2;JCAD;FKBP1A;PLAT;UTRN;RHOA;DUSP6;RAMP2;CLIC4;PLXDC1;PCOLCE;CAPN2;ILK;PLXND1;IL32;NID2;HLA-A;CD248;REEP3;LEF1;VWF;ITGA1;SERTAD1;BST2;PAPSS2;SLC7A8;PDGFB;COL1A2;SPARC;THSD1;ECSCR;CYTOR;SLC6A12;FLT1;RAPGEF5;VCL;PLCE1;COL5A2;LAPTM4A",2.5808623093027054,7.837376776937792e-25,TRUE,
"TRAVAGLINI_LUNG_BASOPHIL_MAST_2_CELL",472,0.447108124247086,2.1517632634049217,4.765440467134586e-16,3.008443286208443e-15,"CD22;TESPA1;LAX1;BTK;CYSLTR1;ARHGEF6;RASSF5;CSF2RB;MS4A2;CPA3;CD69;SIGLEC8;RHOH;TPSAB1;ITM2A;GPR65;HDC;KLRG1;FCER1A;STX11;P2RX1;HPGDS;SAMSN1;TNFRSF9;TPSB2;ADRB2;IL1RL1;RGS1;PIK3R6;P2RY14;CAVIN2;CD83;SLC18A2;GRAP2;CD33;LAT2;ARHGDIB;SYTL3;ZBTB32;SRGN;SGK1;CCL2;IL18R1;STK17B;RAB37;CSF1;PTAFR;ICAM1;PMP22;HEG1;NFATC1;TNFSF10;MAP3K8;BATF;TNFAIP3;TNFRSF4;CNRIP1;SPART;NR4A3;CPM;PTGS1;IDS;COL13A1;CALB2;RASGEF1B;SWAP70;DLC1;ABCA1;VIM;BIRC3;BTN2A2;ELL2;MCL1;C21orf91;EPAS1;EGR3;DHRS9;NFKBID;SLC26A2;FERMT2;BCL2A1;PDCD4;SOCS3;TIMP3;NFKBIZ;KIT;HEY1;CLU;SH3KBP1;CREM;KLF6;BEX4;ANXA1;LXN;RHOBTB3;PLEKHF2;PLPP1;MCTP1;GALC;EIF1B;LIF;CPEB4;SRSF5;MITF;PRXL2C;BTG2;FOSB;ADAM12;RALB;GNPTAB;EMP3;RGS2;SOCS1;CATSPER1;LYST;SDCBP;HIF1A;FOSL2;PALLD;TPM4;HPGD;FAM107B;TANK;RAB34;SKIL;COL18A1;OSBPL8;TMEM88;BMP2K;CDC42EP3;ALOX5;SLC2A3;REL;NEDD9;PLAT;ELF1;LTC4S;TIPARP;PRKAR1A;NFKBIA;MAST4;AHR;DUSP6;RENBP;HBP1;CRBN;ZNF331;GIHCG;NTM;TSPAN4;RNF145;GLUL;PBX1;TENT5A;PLK3;VAT1;SPECC1",2.0681420082361686,6.183650294065763e-13,TRUE,
"FAN_EMBRYONIC_CTX_NSC_2",229,-0.4885928432886778,-2.374801639027002,5.374293615310929e-16,3.363566521306668e-15,"TUBG1;DCXR;RUVBL2;SNRPA1;CENPM;NOSIP;HIRIP3;TUBB4B;SAPCD2;EMC9;KIF18B;SPAG5;KMT5A;KIF22;RANGAP1;KIFC1;TRAIP;ARHGEF39;AURKA;CKAP5;BIRC5;PRR11;ESPL1;UBE2C;AURKB;POC1A;CNIH4;PHF19;ORC6;C21orf58;DDX39A;NUDT1;DTYMK;TROAP;COX8A;H2AZ1;CDC20;TK1;CDCA3;NCAPD3;PLK1;ZWINT;FAM83D;CHEK2;RAN;TOP2A;JPT1;TPX2;SMTN;CDCA8;POLR2D;PIF1;TACC3;H2AZ2;UBE2S;ASF1B;MXD3;PSRC1;CCNF;KPNA2;UBE2T;CKS2;BUB3;HMGB3;DCTN3;CDKN3;KIF4A;TRIP13;NCAPG2;NCAPH;CENPW;CLIC1;HMGB2;CCNB2;PIMREG;LMNB1;ODF2;GTSE1;KNSTRN;RBMX;PRC1;CKS1B;KIF20A;RNF26;CDCA5;CCDC34;H2AX;SGO1;WDR54;HJURP;LSM5;ILF2;JADE1;CENPA;RFC3;RRM2;SKA3;REEP4;CCNB1;MAD2L1;MRPL51;KIF2C;NEIL3;MKKS;CCNA2;KIF23;CENPF;RASSF1;SPC25;LDHA;TUBA1C;GINS1;NEK2;EEF1AKMT2;CALM3;CDC25C;APOLD1;SHCBP1;RHEB;EZH2;VDAC3;TRIM59;NCAPD2;MKI67;MED19;TTF2;CENPE;PTTG1;ARHGAP11A;ATAD5;KIF15;PPP2R5D;DBF4",-2.468717547577538,1.7262881999233916e-15,TRUE,
"RUBENSTEIN_SKELETAL_MUSCLE_FAP_CELLS",172,0.587786094616203,2.5371131246752134,6.127109660979872e-16,3.8019500973259715e-15,"ADH1B;ABCA8;LSP1;FGL2;IGF1;C3;CHRDL1;CILP;TNXB;C1S;PTGDS;SERPING1;MGP;CFH;MFAP4;FBLN5;EFEMP1;GPNMB;PMP22;ANGPTL1;NR3C1;SERPINF1;NOVA1;HSD11B1;CCDC80;PLAC9;ABCA9;TSC22D3;FHL1;ITM2B;CYBRD1;MMP2;C1R;PDGFRA;TIMP2;CXCL12;DCN;LUM;VIM;AKAP12;PODN;SELENOP;GPX3;S100A4;LHFPL6;APOD;SLC66A3;SSPN;FSTL1;PLPP3;PSAP;FBLN1;FBLN2;MEG3;MARCKS;LAMA2;VCAN;ANXA1;ARL6IP5;MME;IGFBP7;DPT;EMP1;CPQ;EMP3;ISLR;DAB2;MFAP5;COL6A3;SDC2;MAP1B;TFPI;CHD9;MXRA8;EID1;SGCE;ABCA10;AKR1B1;PCOLCE;TSPAN4;TRAM1;SFRP4",2.648643329386459,1.7472382821875353e-17,TRUE,
"GAUTAM_EYE_IRIS_CILIARY_BODY_MONOCYTES",123,0.6484162460143194,2.673068727880245,8.029714482153667e-16,4.940315859358951e-15,"IL16;JAML;CLEC10A;GIMAP7;CYSLTR1;ARHGAP30;CD48;CD4;SIGLEC10;DOCK2;GIMAP5;EBI3;LIMD2;NCF1;NCKAP1L;FLI1;STX11;HPGDS;JAK3;ITGA4;IL2RA;C3;LILRB1;PSTPIP1;TLR1;FGR;THEMIS2;SLFN11;TMC8;DPYD;HDAC9;KYNU;CXCR4;GNB4;LIPA;SIGLEC9;SLC7A7;ARL4C;SH2B3;FES;HLA-C;STK10;FRMD4A;SCN1B;PLAC8;ITSN2;ARHGAP24;BLNK;RCBTB2;ZNF267",2.6737233576854758,3.643212946873908e-15,TRUE,
"HAY_BONE_MARROW_NEUTROPHIL",427,0.4572314958782785,2.183822865945777,8.257280314346393e-16,5.037634880853345e-15,"PRKCB;P2RY13;SELL;DOCK2;MPEG1;RASSF2;NCF1;ADA2;CR1;LY86;GMFG;STX11;LCP1;FGL2;MS4A6A;IGSF6;SAMSN1;CYBB;DOK3;C1orf162;MIR223HG;LY96;TFEC;CD1D;MNDA;PLA2G7;PRAM1;PSTPIP1;TLR8;TNFSF13B;GAS7;CD33;RASGRP4;SRGN;HACD4;NFAM1;BASP1;MSN;STK17B;SIRPB1;CLEC12A;NCF2;SIGLEC14;PTAFR;DPYD;SLC15A3;KYNU;TYROBP;CSF3R;CD300LB;CRISPLD2;MEFV;TYMP;RASSF4;GM2A;CSGALNACT2;CD163;ENTPD1;SCPEP1;MFSD1;CLEC4E;IRAK3;SEMA4A;MOB3A;TIMP2;CACNA2D4;IFNGR1;LILRA6;STAB1;QKI;CD14;OSCAR;LILRB3;FCN1;NAIP;CD302;VIM;EIF4E3;RAB27A;S100A4;MCL1;LRRK2;FPR1;RAB31;TGFB1;GASK1B;TLR2;MXD1;NCF4;FES;STEAP4;CD93;KLF6;AP1S2;VCAN;ANXA1;PLXDC2;SNX10;ITGAM;GLIPR2;MCTP1;SIRPA;CARD16;UBE2D1;FBXL5;VNN2;CASP1;RGS2;OGFRL1;AQP9;CATSPER1;OTUD1;SKAP2;LYST;SDCBP;FOSL2;CMTM2;PTCH2;EMILIN2;CTSD;TPP1;RBP7;PLD3;EIF4EBP2;PRRG4;PELI2;CDC42EP3;AGO4;BNIP2;ALOX5;SLC2A3;GLIPR1;ACTR2;CLEC5A;MOB1A;MEGF9;SGMS2;CSTA;BCL6;ATP6V1A;ZNF467;CTSH;METTL9;PLXND1;TMEM167A;TET2;KIF13A;DUSP1;NRG1;GPAT3;STAC3;FPR2;THBS1;HLX;TLR4;RILPL2;PADI2",2.366820943990318,3.8024485142944346e-20,TRUE,
"AIZARANI_LIVER_C12_NK_NKT_CELLS_4",44,0.8316695199765768,2.8674640504260713,1.026280891418761e-15,6.208999393083504e-15,"CD3E;ITGAL;PYHIN1;KLRB1;PTPRC;CD247;IL2RB;IKZF3;CD69;CCL5;LCP1;WIPF1;EOMES;NKG7;GZMA;CD7;SYTL3;BTN3A1;KLRD1;TXK;ALOX5AP;CST7;RUNX3;RAC2;GNLY;STK17A",2.7926282578068453,3.244835913989416e-14,TRUE,
"RUBENSTEIN_SKELETAL_MUSCLE_ENDOTHELIAL_CELLS",136,0.6251760354364764,2.6460552150369114,1.067953093954139e-15,6.407718563724834e-15,"GIMAP7;GIMAP4;ITM2A;FABP4;HLA-DPA1;HLA-DRA;ETS1;HLA-DRB1;A2M;CAVIN2;SRGN;CD74;HLA-DPB1;PALMD;HLA-DMA;CD36;LAP3;WARS1;TNFSF10;MEF2C;SPARCL1;MYCT1;GNG11;HLA-E;TCF4;STOM;EMCN;CA4;B2M;CD34;CLDN5;EPAS1;MMRN2;CLEC14A;ADGRL4;C1orf54;TIMP3;AQP1;SEC14L1;HLA-C;CD93;NRP1;VAMP5;KLF6;TM4SF18;LPAR6;TXNIP;KLF2;IGF2;CAV2;CDH5;ENG;PHACTR2;F8;HLA-B;TMEM88;CD59;ADGRF5;FKBP1A;FOXN3;ABLIM3;RAMP2;IL32;HLA-A;VWF;ITGA1;BST2;RDX",2.7865714228186453,2.0611169508711017e-18,TRUE,
"DESCARTES_FETAL_KIDNEY_STROMAL_CELLS",100,0.6732282920374424,2.691482103647578,1.4577865712033996e-15,8.675025005685804e-15,"CCL19;ABCA8;SCARA5;IGF1;CHRDL1;COL14A1;MGP;DCLK1;ARHGAP20;REM1;LTBP2;ANGPTL1;SERPINF1;EBF3;DKK2;SPARCL1;GREM1;PLAC9;AOX1;NGFR;ADAMTSL3;WNT2B;C1R;OGN;DCN;MEDAG;ADAMTSL4;LUM;SULF1;PODN;PCOLCE2;APOD;TNFSF11;ANGPTL2;FNDC1;SFRP2;PRRX1;PRELP;FBLN2;ISLR2;FBN1;SRPX;DPT;PTX3;ISLR;MFAP5;MXRA5;RASL12;C1QTNF2;OSR1;DSEL;TNFAIP6;CRYAB;OSR2;EBF2;LOX;WNT2;ADAMTS4;WNT10B;OLFML2B;FOXP2;HTRA3;COL1A2;SPARC;FIBIN;LUZP2",2.8397169494551298,1.1329126144781567e-17,TRUE,
"FAN_OVARY_CL4_T_LYMPHOCYTE_NK_CELL_1",244,0.5263237955694321,2.3948710900080314,2.878604984603206e-15,1.699079039692624e-14,"CD2;CD3E;TRAC;KLRB1;TRBC1;GIMAP7;TRBC2;PTPRC;CD247;CD37;CD52;CD3D;GZMM;CD69;CLEC2D;LIMD2;CD53;TRGC2;ITM2A;LSP1;CCL5;LCP1;CYTIP;WIPF1;SPOCK2;DOK2;SAMSN1;GNG2;NKG7;GZMA;LAPTM5;HLA-DQB1;HLA-DRB1;CTSW;CD7;ARHGDIB;SRGN;HLA-DPB1;GZMH;LITAF;MSN;APOBEC3G;KLRD1;CCL4;ITGB2;PRF1;FNBP1;ALOX5AP;CXCR4;CST7;S1PR4;RUNX3;IRF1;FYN;CORO1A;GNLY;TSC22D3;PLAAT4;HLA-E;HCST;BIRC3;CDC42SE2;S100A4;B2M;MCL1;YPEL5;TGFB1;TAP1;CDC42SE1;PDCD4;ISG20;HLA-C;CREM;KLF6;ANXA1;ARL6IP5;HOPX;JAK1",2.4502022591792967,3.963522337422419e-16,TRUE,
"HAY_BONE_MARROW_NAIVE_T_CELL",372,0.4706198827118865,2.217610037426997,3.7569331548461346e-15,2.1996237664663657e-14,"CCR7;TESPA1;TRAF3IP3;P2RY10;IL16;LINC00861;P2RY8;ITK;CD27;CD3G;CD2;CD3E;CD28;TRAC;LTB;SIRPG;TRBC1;GIMAP7;TRBC2;CD96;CD48;CD6;CD40LG;TRAT1;ICOS;ARHGAP15;GPR171;THEMIS;RIPOR2;CD3D;UBASH3A;PIM2;SEPTIN1;FYB1;CD69;CLEC2D;RHOH;CHRM3-AS2;GIMAP4;GIMAP1;ITM2A;ANKRD44;ACAP1;ICAM3;EVL;SPOCK2;MAL;RASGRP1;GPSM3;IL2RA;RGL4;CYLD;CAMK4;ETS1;IL7R;LCK;TRAF1;GPR82;SEPTIN6;LRRN3;TMC8;FBLN5;FNBP1;NELL2;GCNT4;TNFAIP8;LBH;TNFAIP3;GATA3;TSC22D3;TNFRSF4;ZNF101;ANXA2R;PCED1B;CYTH1;RORA;ADTRP;ZEB1;PNRC1;SLFN5;ZC3H12D;CDC42SE2;BCL2;YPEL5;HAPLN3;DGKA;VAMP2;RBL2;RNF125;ISG20;SLC25A45;CREM",2.1971351519970925,2.8150587070858257e-14,TRUE,
"DURANTE_ADULT_OLFACTORY_NEUROEPITHELIUM_MAST_CELLS",70,0.7349798138044482,2.76874347822292,3.864767656409891e-15,2.2446570548428648e-14,"CD37;MS4A2;CPA3;CD69;TPSAB1;GPR65;HDC;FCER1A;HPGDS;SAMSN1;TPSB2;ADRB2;IL1RL1;RGS1;FCER1G;CAVIN2;CD83;SLC18A2;SRGN;SGK1;CCL2;CCL4;CSF1;TYROBP;ALOX5AP;RAC2;TNFAIP3;NR4A3;BIRC3;EGR3;NFKBIZ;KIT;CREM;LIF;EMP3;RGS2;SOCS1;SDCBP;HPGD",2.755647601855841,2.7474173222098034e-14,TRUE,
"HE_LIM_SUN_FETAL_LUNG_C3_INTERMEDIATE_LYMPHATIC_ENDO_CELL",373,0.472359409774038,2.225428793553692,4.0101216313765105e-15,2.3105938923645608e-14,"HCLS1;PKHD1L1;ABI3BP;GIMAP5;CD38;CCL21;KCNN3;IGF1;MAN1C1;LY96;CHRDL1;GAS7;DOCK8;THEMIS2;PDE7B;OLFML1;PLEKHO2;MFAP4;SCN3A;BMX;EFEMP1;TBX1;PMP22;BHMT2;ACKR2;FLRT2;CYP1B1;NFATC1;CLIP3;CALHM6;SYNE1;IGFBP5;CCDC80;LRRN4CL;PLAC9;EDNRB;PDE2A;PLAAT4;PDE1A;APOE;MRC1;PTGS1;NLGN4X;RELN;SEMA3D;NEXN;TMTC1;MEDAG;FCGR2A;DTX1;LRCH2;TMT1A;GLT8D2;ZNF385A;FAM171B;ITGAV;FILIP1L;CEP85L;HAPLN3;VSTM4;STOX2;BCL2L11;CFI;RARRES2;CALHM2;COLEC12;KLHL4;CPXM2;MAP3K1;EBF1;PDPN;MFSD4A;FBLN2;GUCY1A1;SNX10;SYNPO;PLPP1;A4GALT;FBN1;RCAN1;PDLIM3;RASSF9;FAM110B;SIRPA;GNG12;MITF;FILIP1;PTX3;NNMT;IRF8;APBA2;NR2F1-AS1;PDGFD;PTPRS;GCNT2;ADAMTS12;DAPK1;SCN3B;TAC3;GLIS3;F8;PDGFC;ANKRD6;DSEL;PELI2;DOC2B;SSH1;ARRDC4;MXRA8;SGK3;DKK3;ROBO3;SCNN1B;ARID5B;SEMA4D;KLHL3;CEACAM1;ARL15;SGCE;NAAA;GLRB;MCUB;CTBS;TSHZ2;PRKAG2;NFATC2;CCN1;ZDHHC14;TTN;ELK4;TCTN3;SDC3;CYB561A3;CEP19;SGCD;SYNM;RADIL;SNCG;FOXP2;STIM1;THBS1;SCARA3;TLR4",2.3161945633654244,3.8277931447366625e-17,TRUE,
"HE_LIM_SUN_FETAL_LUNG_C5_CD5_NEG_MATURE_B_CELL",46,0.8083875763930861,2.7898511054643467,5.231373990668764e-15,2.9905334781303324e-14,"CCR7;LY9;BTLA;CD1C;TRBC2;SELL;SP140;HLA-DOB;BIN2;IL10RA;GPR65;GPR183;SPOCK2;CPNE5;DPEP2;CD83;MARCHF1;PLEK;LINC00926;ITGB7;NR4A3;BIRC3;ACP5;TENT5C",2.720289427657586,2.0397696049441333e-12,TRUE,
"ZHENG_CORD_BLOOD_C10_MULTILYMPHOID_PROGENITOR",92,0.6866600093005482,2.7058707078247894,7.170719362251912e-15,4.067142388277256e-14,"TRAF3IP3;ARHGAP25;SASH3;PRKCB;JAML;ITGAL;BTK;FAM30A;LTB;TRBC2;JCHAIN;CD52;MZB1;EVL;LST1;CYTH4;IL6R;LAIR1;PRAM1;IGHM;CD74;SCN3A;TNFAIP2;TYROBP;PREX1;CORO1A;NEGR1;SH2D3C;CYTH1;SETBP1;HCST;LINC00426;RAB31;VSIR;PACSIN1;NCOA7;NIN;ARL6IP5;MME;SLC2A5;FGD6;IRF8;MEF2A",2.6897592066895455,2.8855216381379746e-14,TRUE,
"AIZARANI_LIVER_C20_LSECS_3",287,0.5026119317932735,2.3198291147070615,8.60033565770386e-15,4.8401889050333354e-14,"DNASE1L3;FAM107A;IL1RL1;LIFR;CAVIN2;NXPE3;SGK1;ZEB2;CD36;LYVE1;IL1R1;S1PR1;WARS1;ICAM1;TFPI2;THBD;IFI16;OSMR;ERG;PDE2A;MRC1;TOX2;IL6ST;MYCT1;LRRC32;HIC1;RELN;STAB1;CD14;PREX2;TAL1;ZEB1;TCF4;DLC1;ADAMTS1;AKAP12;LDB2;JAM3;CEP170;CTSL;ACP5;EPAS1;WWTR1;SASH1;SNRK;LGMN;NCOA7;ADGRL4;DCUN1D3;SOCS3;TIMP3;SLC20A1;PLPP3;NRP2;CDK17;MEG3;TGM2;SEC14L1;MARCKS;RBMS1;SOX17;CD93;NRP1;DUSP5;FOXC1;RHOJ;UGCG;IGFBP7;KDR;PLEKHG1;FILIP1;PCDH17;EMP1;ROBO4;PRCP;BMPR2;DAB2;SDCBP;HIF1A;FOSL2;CDH5;ENG;PRICKLE2;PRKD3;PIEZO2;F8;CD59;MAP1B;ASAP1;ADGRF5;TFPI;TIE1;SSH1;SLC2A3;IL33;FGFR1;STX12;CRIM1;FKBP1A;NFKBIA;NAV1;MAST4;DUSP6;CCDC50;NRIP1;ADAMTS4;TCF7L2;STC1;FOSL1;NOS3;PEA15;C11orf96;LUZP1;SORBS1;JMJD1C;CHSY1;RDX;PAPSS2;SLC7A8;SPARC;PEAK1;ITGA9;FLT1;RAPGEF5;VCL;RAI14;RIPOR1;LIMA1;MACF1;CXCL16;ARGLU1;AFF4;KCTD20;CAMSAP2;ITPRIP",2.3846097379216062,8.162032712308032e-16,TRUE,
"HAY_BONE_MARROW_CD8_T_CELL",66,0.7415172549056049,2.763149340382773,1.2797518947411946e-14,7.146922119862363e-14,"TIGIT;SH2D1A;PTPRC;TRG-AS1;SLAMF6;RASAL3;CD8A;PTPN22;CXCR6;TRGC2;CRTAM;SLA;KLRG1;CHI3L2;GBP5;CCL5;TNFRSF9;LINC01871;RGS1;LAG3;PRDM1;ZNF683;GZMH;F2R;PATL2;MIAT;CXCR4;FYN;MSC;CD8B;TNIP3;RNF19A;STK17A",2.7381099879429933,8.665981735153633e-14,TRUE,
"TRAVAGLINI_LUNG_IGSF21_DENDRITIC_CELL",46,0.8023217684260703,2.768917209946283,1.50296431758267e-14,8.329405302023041e-14,"GGTA1;MS4A6A;C1QA;GFRA2;CD83;MS4A7;CCL2;C1QB;CCL13;SERPING1;MS4A4A;C1QC;HSPA7;MAMDC2;CSF1R;FCGR2B;MAFB;MRC1;CPM;F13A1;MSR1;FOLR2;STAB1;GPX3;VSIG4;CTSL;GATM;LGMN;SLCO2B1;CD93",2.8014877045434967,2.576270920640923e-14,TRUE,
"CUI_DEVELOPING_HEART_C3_FIBROBLAST_LIKE_CELL",112,0.6408983879436191,2.6091561747551832,1.958298574496798e-14,1.077064215973239e-13,"ABCA8;ITM2A;C7;COL14A1;MOXD1;TCF21;OLFML1;SERPING1;MGP;MFAP4;FBLN5;FLRT2;SERPINF1;PLAC9;CYBRD1;ADAMTSL3;GPC6;PTN;MMP2;C1R;OGN;PDGFRA;TIMP2;CXCL12;DCN;S1PR2;LUM;AKAP12;GLT8D2;FILIP1L;PCDH18;ANGPTL2;FNDC1;SNAI2;FSTL1;FBLN1;FBLN2;MEG3;ADAMTS2;BICC1;ELN;FRZB;FBN1;IGFBP7;SRPX;DPT;CPQ;ISLR;SPON1;LAMA4;COL6A3;OLFML3;SDC2;C1QTNF2;FKBP7;MXRA8;MRC2;THY1;EBF2;LOX;SGCE;PCOLCE;IL32;HTRA3;COL5A1;COL1A2;SPARC;LRRC17;COL5A2;COL15A1;EFEMP2;KCTD12;CCDC102B;CCN2",2.751135040405265,1.7569563304885784e-16,TRUE,
"HE_LIM_SUN_FETAL_LUNG_C2_PROMONOCYTE_LIKE_CELL",271,-0.44441818023586505,-2.212483434162657,2.6439318658715648e-14,1.4432289734005684e-13,"C19orf48P;TUBA4A;SAC3D1;CENPM;HIRIP3;MCM3;NT5DC2;ALYREF;SAPCD2;KIF18B;PKMYT1;PHGDH;SPAG5;CDT1;ACAP3;CHTF18;MYBL2;SLC2A4RG;KIF22;RANGAP1;KIFC1;SAP30;MIS18A;MCM7;SNRNP25;DYNC2I2;ARHGEF39;FASN;RECQL4;AURKA;SPC24;CKAP5;BIRC5;PRR11;CHAF1A;UBE2C;AURKB;POC1A;PHF19;ORC6;NCAPH2;C21orf58;GINS2;DTYMK;TROAP;DNAJC9;CDC20;IGFBP2;FEN1;ACOT7;TK1;CDCA3;NCAPD3;CDC45;PLK1;ZWINT;DSN1;TMEM106C;TOP2A;PDSS1;MCM2;TEDC1;FANCA;TPX2;CIT;PAQR4;NSD2;CDCA8;LMNB2;LIG1;SAE1;UBE2S;ASF1B;MXD3;PSRC1;CCNF;S100P;UHRF1;UBE2T;RAB3D;HMGB3;BCL2L12;CDCA7;CDKN3;NCAPG2;NCAPH;CENPW;CDK5RAP2;CCNB2;LMNB1;ODF2;GTSE1;UPK3A;PDXK;RRM1;TNNT1;RFC4;GPSM2;TIMELESS;GMNN;GRK6;KNSTRN;DDX11;PRC1;CKS1B;KIF20A;RNF26;CDCA5;CCDC34;H2AX;SGO1;BRCA1;HJURP;CKAP4;CARHSP1;CES1;CENPA;RFWD3;RFC3;FAM72A;ANAPC15;CHEK1;RRM2;INCENP;SKA3;CDCA4;TCF19;CCNB1;ORC1;MAD2L1;KIF2C;CCNA2;KIF23;CENPF;FANCI;TFDP1;SPC25;RFC5;SHCBP1;EZH2;DHFR;TESMIN;NCAPD2;MCM6;MKI67;CEP152;MCM4;BARD1;CENPE;PTTG1;PCLAF;ARHGAP11A;ATAD5;KNTC1;KIF15",-2.3418750474565115,5.688732077131587e-15,TRUE,
"CUI_DEVELOPING_HEART_VALVAR_ENDOTHELIAL_CELL",132,0.6127659399487206,2.573760944736126,2.7666551806192302e-14,1.4956509396444062e-13,"SELL;PKHD1L1;EVL;S100B;C7;CLIC2;ANK2;CCL4;PTHLH;HSPA7;PMP22;TFPI2;HAPLN1;CYP1B1;SERPINF1;NFATC1;DKK2;THBD;CTSK;IGFBP5;HSPB8;NR4A3;PDGFRA;MMP19;OPTN;ADAMTS1;GLT8D2;S100A4;MCL1;CTSL;GABARAPL1;ANGPTL2;FEZ1;SOCS3;HEY2;EDIL3;AQP1;DUSP5;VCAN;CLDN11;RCAN1;PDLIM3;CEBPD;SOD2;FOSL2;HLA-B;RGS5;TNFAIP6;CRYAB;HAND2;DKK3;PLAT;KLF9;PLA2G2A;TIPARP;GEM;TGFB3;AKR1B1;CXCL1;STC1;ARID5A",2.736202078383002,2.8334477692330006e-17,TRUE,
"DESCARTES_FETAL_EYE_STROMAL_CELLS",76,0.7044400303828204,2.68803707241638,2.781169102644557e-14,1.4956509396444062e-13,"SCARA5;COL14A1;OLFML1;MGP;PTHLH;DKK2;C1R;OGN;MMP19;CXCL12;DCN;MEDAG;ADAMTSL4;LUM;PODN;ADAM33;C1QTNF7;PCDH18;TMEM200B;FNDC1;SFRP2;ADAMTS2;PRRX2;FBN1;DPT;CHRD;EMILIN1;TWIST2;SOCS1;ISLR;CTHRC1;MFAP5;ADGRG2;INHBA;MXRA5;COL6A3;ITGB3;TNFAIP6;LOX;ADAMTS4;ADAMTS5;PCOLCE;THBS1;COL5A1;COL1A2;SPARC",2.7806938981978724,1.569867259400234e-14,TRUE,
"DURANTE_ADULT_OLFACTORY_NEUROEPITHELIUM_PERICYTES",79,0.708277575568109,2.730627776995167,2.849322523247151e-14,1.5113093276484542e-13,"GIMAP7;ITM2A;LIFR;JAM2;A2M;CAVIN2;CD74;PALMD;ACKR1;CYYR1;PECAM1;THBD;SPARCL1;FAM110D;CXCL12;GNG11;HLA-E;TCF4;EMCN;VIM;CALCRL;RAMP3;CD34;CLDN5;CLEC14A;ADGRL4;FAM13C;SOCS3;TIMP3;AQP1;SOX17;CD93;CLU;TM4SF18;LPAR6;TXNIP;KLF2;EDN1;SELE;EMP1;PRCP;ENG;TMEM88;TGFBR2;ABCG2;SOX18;PLAT;RAMP2",2.8565479680147434,7.681786197108931e-17,TRUE,
"TRAVAGLINI_LUNG_BASOPHIL_MAST_1_CELL",262,0.5012547573913949,2.285050317611204,2.8519198056176067e-14,1.5113093276484542e-13,"CD22;TESPA1;LAX1;BTK;ARHGEF6;CSF2RB;MS4A2;CPA3;CD69;SIGLEC8;RHOH;TPSAB1;GPR65;HDC;FCER1A;P2RX1;HPGDS;SAMSN1;TPSB2;ADRB2;IL1RL1;RGS1;PIK3R6;P2RY14;SLC18A2;GRAP2;CD33;LAT2;SYTL3;ZBTB32;SRGN;LYL1;TM6SF1;IL18R1;RAB37;CSF1;PMP22;ALOX5AP;RAC2;BATF;TNFRSF4;CNRIP1;CPM;PTGS1;TMEM220;IDS;TMEM154;SWAP70;DLC1;VIM;EPAS1;DHRS9;IL18;SLC26A2;FERMT2;TIMP3;NFKBIZ;KIT;CLU;BEX4;ANXA1;LXN;RHOBTB3;GALC;RGS10;LIF;CPEB4;MITF;FOSB;ADAM12;RALB;GNPTAB;RGS2;SOCS1;AKAP5;CATSPER1;BLVRA;HPGD;FHL3;TMOD1;RAB34;CTSD;COL18A1;OSBPL8;CD59",2.3187964960819056,1.421178445720387e-13,TRUE,
"DURANTE_ADULT_OLFACTORY_NEUROEPITHELIUM_FIBROBLASTS_STROMAL_CELLS",81,0.6971770408048786,2.693063857696223,2.960102255372185e-14,1.5572711865218886e-13,"ABCA8;SFRP1;ENPP2;TMEM100;C1S;CCL11;CCL2;SERPING1;MGP;MFAP4;CYP1B1;SERPINF1;IGFBP5;FGF7;PTN;C1R;TIMP2;DCN;LUM;VIM;AKAP12;SELENOP;SYNPO2;HGF;RARRES2;APOD;SSPN;CALD1;SFRP2;INMT;PRRX1;PLPP3;FBLN1;TGM2;KCNE4;CLDN11;IGFBP7;BGN;CH25H;AEBP1;CDH11;CRABP2;GLIPR1;MXRA8;THY1;CCN1;PCOLCE",2.918127688299997,7.3845803954641835e-19,TRUE,
"CUI_DEVELOPING_HEART_C5_VALVAR_CELL",189,0.5534520592900929,2.4342562606678566,3.502704604612726e-14,1.8294701747833374e-13,"ITM2A;S100B;GNG2;IGF1;SLFN11;MGP;MFAP4;PTHLH;HSPA7;LTBP2;LSAMP;IRF1;HAPLN1;CYP1B1;SERPINF1;NFATC1;DKK2;CTSK;IGFBP5;CCDC80;EGR2;TCEAL7;FHL1;APOE;MMP19;ADAMTS1;GLT8D2;SYNPO2;ID4;FILIP1L;FAT4;EGR3;SOCS3;TIMP3;PRRX1;PLPP3;PRELP;HEY2;HSPA6;EDIL3;CLU;VCAN;TRPS1;ELN;DNAJB4;CLDN11;IFI6;SRPX;PDLIM3;UCHL1;PAMR1;BTG2;BGN;MXRA5;AEBP1;MYH10;DSEL;RGS5;CMTM6;TNFAIP6;DPYSL3;IL33;NEDD9;ZC3HAV1;LTC4S;GEM;AHR;TGFB3;PLXDC1;CXCL1;ARID5A;SFRP4;C11orf96;THBS1;B4GALT1;SERTAD1;RGS4;NSG1;CSRNP1;FIBIN;ERRFI1;ZC3H12A;LIMA1;ROBO1;SERPINB1;NRCAM;TAGLN;EGR1",2.5265338445134695,1.2407171606960397e-15,TRUE,
"TRAVAGLINI_LUNG_CAPILLARY_INTERMEDIATE_1_CELL",158,0.5845151428176296,2.523311735745567,7.238594101234625e-14,3.753728083925956e-13,"RCSD1;STX11;CHST2;HLA-DRB5;HLA-DQA1;IL1RL1;HLA-DQB1;HLA-DRB1;IL7R;CD83;TMEM100;SGK1;SAMD9L;CD74;CSF1;ICAM1;AFF3;PREX1;IRF1;CA2;TYMP;CX3CL1;SH2D3C;TSC22D3;EDNRB;HSPB8;FHL1;ADGRL2;CDKN2B;IFNGR1;CMTM3;CD14;EMCN;CA4;FENDRR;FOXF1;GPX3;S100A4;JAM3;FZD4;S100A3;ATP2B4;IL15RA;TIMP3;MYLK;F2RL3;ISG20;EDIL3;AQP1;ANXA1;HOPX;PHLDB1;ACVRL1;DENND2B;PLEKHG1;PIK3IP1;PPP3CC;MEF2A;CDH5;HPGD;B3GALNT1;HLA-B;ADGRF5;NEDD9;FAXDC2;ZNF331;KIAA1217;ZDHHC14;STC1;ZFP36L1;IL32;VAT1;DOCK9;ITGA1;PLAU;PAPSS2;WASF2;PDGFB;SPARC",2.747669852173106,1.4158687764113132e-18,TRUE,
"LAKE_ADULT_KIDNEY_C22_ENDOTHELIAL_CELLS_GLOMERULAR_CAPILLARIES",135,0.6109685585456064,2.574579492260217,7.59934480562495e-14,3.912854133960081e-13,"PIP4K2A;LIFR;SLCO2A1;DPYD;HIVEP3;FCHSD2;ITGA8;TEK;SYNE1;IGFBP5;EPB41L4A;ADGRL2;CACNA2D1;IL6ST;DOCK4;QKI;PREX2;TMTC1;HLA-E;ZEB1;TCF4;EMCN;AKAP12;LDB2;ARHGEF3;GPX3;RBMS3;EPAS1;SASH1;CALD1;TIMP3;PLPP3;EBF1;SEC14L1;RBMS1;MBNL1;PTPRM;ELMO1;PLXDC2;PLPP1;FBXL7;SNED1;MEF2A;BMPR2;AKT3;ZSWIM6;TGFBR2;ASAP1;ADGRF5;LDLRAD4;ZBTB16;PLAT;UTRN;ARL15;KIAA1217;PBX1;TTC28;CHRM3;ITGA1;PTPRG;JMJD1C;PEAK1;PITPNC1;FLT1;RABGAP1L;NCOA1;MEIS2;MACF1;ARGLU1;RASAL2",2.4924929021502713,2.0302607397873825e-12,TRUE,
"TRAVAGLINI_LUNG_LYMPHATIC_CELL",204,0.5340348912180108,2.3665977472381554,1.4338250107949447e-13,7.330682801669928e-13,"PKHD1L1;GGTA1;LSP1;FABP4;CCL21;IGF1;LY96;LAPTM5;SFRP1;RASGRP3;MAF;CHRDL1;MMRN1;GAS7;CFH;MFAP4;LYVE1;BATF3;EFEMP1;TBX1;ACKR2;ELK3;IGFBP5;CCDC80;LRRN4CL;ADGRG3;PDE2A;PDE1A;MRC1;MMP2;TIMP2;RELN;SEMA3D;SCN9A;MEDAG;GYPC;DTX1;AKAP12;GGT5;GLT8D2;CHST15;RARRES2;APOD;COLEC12;SLCO2B1;KLHL4;NRP2;PDPN;PALM;FRMD6;DIPK2B;CLU;FAM162B;ELN;RHOJ;TM4SF18;GLIPR2;IGFBP7;PHLDB2;LYN;LIF;SIRPA;FLT4;FILIP1;PTX3;NNMT;IRF8;NR2F1-AS1;EMILIN1;LAMA4;FAM107B;FHL3;LAYN;P4HA3;SCN3B;PIEZO2;CTSD;PDGFC;MAP1B;HYCC1;DKK3;SMAD1;SCNN1B;ARID5B;UTRN;LOX;UCP2;SGCE;TSHZ2;SLC38A2;RADIL;BCAT1;SNCG;LIMS1;PRKCQ-AS1",2.4393452416386743,2.7228992792968166e-14,TRUE,
"HE_LIM_SUN_FETAL_LUNG_C0_VASCULAR_SMC_1_CELL",119,0.6193893152417678,2.538305294508434,1.5810077587116406e-13,8.026654774997559e-13,"RCSD1;ARHGAP15;RIPOR2;GPR183;ITGA4;ARHGDIB;RFTN1;HRH2;REM1;LTBP2;CRISPLD2;MEF2C;ADGRL3;NIBAN1;TRIB2;SH2D3C;ENTPD1;CNTN4;LRRC32;GPX3;RERG;FILIP1L;EPAS1;GATM;MAP3K7CL;KIAA0040;PRELP;EBF1;CAP2;HEY2;ADCY5;FRZB;PDLIM3;MRGPRF;MYH11;CAV2;MAP2;HEYL;LMOD1;ABCC9;TRPC6;PAPPA;TTYH1;COL18A1;ADGRF5;SEPTIN4;CDH6;INPP4B;ITGA11;GEM;PLXDC1;BTBD3;ARID5A;OLFML2B;RRAD;B3GNT2;NPR3;LUZP2;KCNS3;MEGF6;PLCE1;CNNM2;SGCA;LGI4;CCDC102B",2.7496052781982843,4.219188814742819e-17,TRUE,
"TRAVAGLINI_LUNG_MACROPHAGE_CELL",200,0.5444768773208684,2.402303470850701,1.9008623441267206e-13,9.58351431830555e-13,"FABP4;HLA-DRB5;HLA-DQA1;IGSF6;CYBB;C1orf162;C1QA;HLA-DQB1;HLA-DRB1;FCER1G;C3AR1;HCK;CD74;MS4A7;C1QB;SERPING1;MS4A4A;NCF2;TNFAIP2;C1QC;SIGLEC1;SLC15A3;LAP3;APOC1;KYNU;TYROBP;GPNMB;ALOX5AP;CTSC;PILRA;HLA-DRB6;TYMP;CD163;APOE;MRC1;OLR1;SLC7A7;MSR1;CTSS;CCDC88A;MMP19;FLVCR2;OSCAR;PLSCR1;RASGEF1B;FCGR2A;VIM;GPX3;VSIG4;FPR1;MT1M;RAB31;CTSL;ACP5;BCL2A1;SLCO2B1;PSAP;STAC;MYD88;TGM2;C15orf48;PLXDC2;SNX10;GLIPR2;IFI6;ACVRL1;CTSB;TREM2;SIRPA;SOD2;AQP9;OTUD1;DAB2;SDCBP;INHBA;LHFPL2;ENG;CTSD;IL6",2.6680171938325508,3.813668642233903e-20,TRUE,
"HAY_BONE_MARROW_IMMATURE_NEUTROPHIL",189,0.5404712020352479,2.377162366967337,3.8795217379119905e-13,1.942436401189038e-12,"EVI2B;IL10RA;CD4;LCP2;CYRIA;CLEC7A;CCR1;CD86;SGK1;EVI2A;ZEB2;TNFAIP2;ICAM1;CPVL;EPB41L3;MAFB;THBD;APOBEC3A;MAP3K8;SECTM1;LIPA;RTN1;CIMAP1B;MIR22HG;FCGR1A;IFI30;DSE;ITM2B;SUSD6;CTSS;PLSCR1;SLC8A1;FCGR2A;ABCA1;ZNF385A;SH2B3;CEP170;GABARAPL1;BCL2L11;HMOX1;BCL2A1;NLRP3;C15orf48;TXNIP;IFI6;BACH1;SLC16A6;CTSB;CPEB4;CEBPD;VAMP3;EMP3;ATP2B1-AS1;PRCP;RIOK3;GNA13;HIF1A;BIRC2;B3GNT5;KLF10;ARRDC4;HPSE;RHOA;NFKBIA;AHR;DUSP6;FOXO3;GAB2;PRKAG2;ARRDC3;RNF145;ZFP36L1;GLUL;PEA15;CDC42;MGAT1;SLC30A1;PPT1;NUMB;SERTAD2;PELI1;LGALS2;TMEM127;CD300E;MARCO;NPC2;PID1;RHOQ",2.4241367227780444,1.6374423260093926e-13,TRUE,
"SU_HO_FOETAL_FEMUR_C4_FIBROBLAST",221,0.5176665589529209,2.3154158980595,4.2081615858650187e-13,2.0925515831082216e-12,"LSP1;VCAM1;ENPP2;HACD4;RFTN1;BASP1;ZEB2;FMNL3;SERPING1;STK17B;CSF1;TSPAN11;IL1R1;TNFSF12;HDAC9;ANGPTL1;FLRT2;CYP1B1;SERPINF1;MAFB;CTSK;SPARCL1;MEOX2;PLAAT4;ARL4C;CLMP;C1R;OGN;DLC1;SULF1;GGT5;SELENOP;RUNX1T1;S100A4;ANTXR1;ITGAV;RBMS3;RAB31;ANGPT1;ZNF532;PCDH18;AXL;TNFSF11;FNDC1;CALD1;PRRX1;SLIT2;RUNX1;FRMD6;RBMS1;STEAP4;BICC1;FOXC1;VCAN;HOPX;MME;FBN1;FRMD4A;FGD6;GNG12;NNMT;EMILIN1;RGS2;FAP;MYOF;RCBTB2;PSME1;LAMA4;MXRA5;VGLL3;SHFL;COL6A3;CAP1;STX7;OLFML3;NTAN1;AEBP1;ADGRA2;KLF10;CDH11;ECM2;HECA;CAST;LOXL1;HTRA1;MXRA8;DKK3;THY1;ARID5B;ABI1;ITSN1;SPRED1;TMEM50A;TGFB3;PCOLCE;OLFML2B;FOXP2;CD248;KLHL24;MMP14;SCARA3;LEF1;B4GALT1;JMJD1C;PIK3R1;SPATS2L;C1QTNF6;COL5A1;COL1A2;CYTOR;ARHGAP42;RAB3IL1;RIPOR1",2.492802951436337,3.2020882365138696e-16,TRUE,
"TRAVAGLINI_LUNG_ARTERY_CELL",129,0.5993994425853943,2.5016758082094177,5.731388851906155e-13,2.8306042901250804e-12,"GIMAP7;ABI3BP;GIMAP1;PLCG2;GIMAP8;FAM107A;LIFR;JAM2;SELP;ENPP2;ARHGDIB;SRGN;TM6SF1;PALMD;F2R;MGP;FBLN5;SLC15A3;BMX;FNBP1;CYYR1;CTSC;DKK2;THSD7A;PLAC9;SEMA3G;ENTPD1;PTGIS;GJA5;TOX2;CXCL12;RASGEF1B;PNRC1;CALCRL;SULF1;RUNX1T1;MMRN2;HERPUD1;PDCD4;HEY1;FBLN2;SOX17;IFI44L;IFI6;SRPX;RNF144B;HIF1A;PALLD;PLK2;F8;CDC42EP3;IL33;CTTNBP2NL",2.5295026177547126,1.6361995145811092e-12,TRUE,
"FAN_OVARY_CL7_ANGEIOGENIC_ENDOTHELIAL_CELL",249,0.5030283000232969,2.295325701229294,6.028912424136249e-13,2.957425959407376e-12,"GIMAP7;GIMAP4;GIMAP1;ITM2A;HLA-DRB5;HLA-DPA1;HLA-DRA;HLA-DQB1;LIFR;HLA-DRB1;A2M;CAVIN2;ENPP2;CD74;HLA-DPB1;PALMD;ACKR1;MGP;HLA-DMA;LAP3;IFIT3;CYYR1;CPVL;PECAM1;TNFSF10;IFI16;MEF2C;ELK3;SPARCL1;TSC22D3;ITM2B;IL6ST;MYCT1;IFNGR1;GNG11;HLA-E;TCF4;STOM;EMCN;LDB2;CALCRL;B2M;RAMP3;DEPP1;CD34;CLDN5;EPAS1;CLEC14A;ADGRL4;LEPROT;SOCS3;TIMP3;AQP1;DIPK2B;HLA-C;CLU;VAMP5;AP1S2;TM4SF18;IFI44L;LPAR6;ARL6IP5;TXNIP;IFI6;IGFBP7;SH3BP5;MX1;SRSF5;BTG2;FOSB;NNMT;EMP1;CAV2;PRCP;PSME1;PSMB9;PLK2;ENG;HLA-B;TGFBR2;CD59;TFPI;SLC2A3;CHD9;EID1;FKBP1A;ELF1;LEPR;DUSP6;RAMP2;CCDC50;ARRDC3;TSPAN4;ZFP36L1;DUSP1;HLA-A;PSME2;LIMS1;VWF;BST2;RDX;WASF2;KMT2E",2.373975294684715,2.2669901696773418e-14,TRUE,
"SU_HO_CONV_CENT_CHONDROSARCOMA_LEUKOCYTE_C4_OSTEOCLAST",461,-0.3701605994186485,-1.9567462790997012,9.539224556180724e-13,4.6479711595887284e-12,"PSMD3;SND1;CISD3;C19orf48P;MRPS34;MRPL23;EBP;MDH2;MLST8;POLD2;ATP5MC1;UQCRC1;TRAP1;IDH3G;NFKBIL1;NSMCE1;TKT;THOP1;PTGES2;DGKZ;PIGT;NAA10;UQCC2;PICK1;TXN2;GRHPR;MAP1LC3A;EIF3D;MID1IP1;CCT3;COX4I1;SPR;NDUFV1;PPP2R1A;MRPS2;MRPL41;NME4;NDUFS8;PDHA1;TIMM13;CHCHD3;NDUFA6;URM1;ACTG1;SLC25A4;BDH1;FH;PA2G4;CENPX;ESRRA;ATP5F1D;CHCHD10;ANPEP;NDUFA10;COX7B;NDUFS3;MRPL4;ACO2;MRPL37;TMEM147;ADI1;MRPS33;MCRIP2;IARS1;MPST;ETFB;CYC1;MAPKAPK5-AS1;HSPA9;PPP1R7;ATP5ME;HSD17B8;SRC;RPL27A;FBXW5;SMARCA4;ORAI1;IDH2;HYAL2;ADK;ECI1;MRPL40;EIF3K;EIF3G;ATP5MC2;SUCLG1;DUSP14;STAP2;MRPL12;MRPL36;LASP1;UBAC1;ATP5MC3;ARL2;ECHS1;COX8A;LETMD1;CUTA;REPIN1;ATP6V0B;MRPL57;NDUFB2;ZNF581;COX5A;NME3;ATP5F1B;NDUFV3;MLX;NDUFA9;MRPS30;COX5B;MT-ND4L;PARK7;TXNDC17;TOMM22;NDUFA1;C15orf61;SLC25A11;SPINT1;MYO10;NARS1;COX7C;CDK5;COQ8A;GLB1;SLC25A5;PHETA1;CST3;TSPAN15;PBDC1;AIG1;PRXL2A;PRADC1;MLF2;MRPS15;GOT1;ZDHHC4;SUPT3H;ATP6AP1;UQCRH;OCIAD2;MRPL43;DEF8;PFKP;DPP3;PPP1R14B;EPRS1;MPG;GNL3;VPS26B;JAGN1;CTNNBIP1;IGBP1;SLC4A2;PTRHD1;NENF;ACAT1;SLC25A3;CD276;TMEM255B;PKM;NIPA1;NDUFS2;HMG20B;VDAC2;COX7A2;HDDC2;APEX1;TNNT1;ZC3H8;BOLA3;SRD5A1;HIGD2A",-1.7173290736701612,7.463331026419735e-8,TRUE,
"HE_LIM_SUN_FETAL_LUNG_C2_DC2_CELL",51,0.7532045303022379,2.6714492765954505,2.0309265906424932e-12,9.829684698709667e-12,"TLR10;MAP4K1;TMEM156;IRF4;CD1C;CD69;TMEM273;FCER1A;LPXN;CD1E;S100B;HLA-DOA;P2RY14;IL18BP;SLAMF8;ADAM28;HLA-DQB2;FCGR2B;TVP23A;NR4A3;SNAI3;ARL4C;PKIB;FILIP1L;IL18;KIF17;FBLN2",2.660655422799951,8.45286295311031e-12,TRUE,
"SU_HO_CONV_CENT_CHONDROSARCOMA_STROMAL_C6_ENDOTHELIAL_CELL",192,0.5245882552804392,2.307271556184774,3.6353409871715034e-12,1.7478526865473585e-11,"GIMAP7;HCLS1;DNASE1L3;GIMAP4;GIMAP1;FLI1;FABP4;GNG2;ABI3;RASGRP3;CAVIN2;PRKCH;LYL1;LMO2;PALMD;MSN;PLEKHO2;S1PR1;CYYR1;CXCR4;HEG1;PECAM1;CA2;CARD8;THBD;ELK3;HHEX;SH2D3C;ENTPD1;CYTH1;VASH1;MYCT1;CXCL12;STAB1;TCF4;EMCN;LDB2;IL3RA;CALCRL;RAMP3;CD34;CLDN5;SCARF1;MMRN2;SNRK;FZD4;CLEC14A;ADGRL4;ATP2B4;PLPP3;NRP2;ISG20;DIPK2B;SEC14L1;SOX17;CD93;RHOJ;LXN;TM4SF18;HSPA12B;A4GALT;ACVRL1;LYN;FRMD4A;KDR;PCDH17;KANK3;ROBO4;CDH5;PLK2;SEMA6B;ADCY4;RBP7;TIE1;FRMD4B;SOX18;PLAT;DUSP6;RAMP2;TSHZ2;ADAMTS5;PLXND1;STC1;TTC28;DOCK9;SNCG;VWF;PLAU;PDGFB;AFAP1L1;ECSCR;SAT1;FLT1;RAPGEF5;GNAI2",2.5607721238000622,2.365400886243508e-16,TRUE,
"HE_LIM_SUN_FETAL_LUNG_C1_PROXIMAL_BASAL_CELL",172,0.5398950641928482,2.330396832891124,4.981532000176034e-12,2.3793369948209217e-11,"IRAG2;ABI3BP;LSP1;FAM107A;COL14A1;SGK1;LMO2;ADAM28;CFH;MFAP4;SLC15A2;NLRP1;GPNMB;TFPI2;TNFSF10;MAFB;IFI16;SPARCL1;TNFAIP8;CX3CL1;CD40;FHL1;FMO1;DCN;GNG11;BOC;OPTN;SYNPO2;TGFB1;WNT10A;EPAS1;RARRES2;STING1;MEG3;VCAN;ELN;ANXA1;FRZB;LPAR6;FAT2;A4GALT;MEIS1;KLF2;ADGRF1;FBXO32;EDN1;GNG12;EMP1;KLK10;EMP3;SERTAD4-AS1;GRAMD2B;ALOX15;SOX15;LGR6;MARVELD1;CH25H;EHD2;GLIS3;HLA-B;PRRG4;IL33;DKK3;SCNN1B;PLAT;SERTAD4;NMRK1;CSTA;TSHZ2;SLITRK6;CXCL1;RETREG1;MUC4;FOSL1;COL17A1;NRG1;RASSF6;C16orf74;PAPSS2;STEAP1",2.3759611676721573,8.477028482785363e-12,TRUE,
"HE_LIM_SUN_FETAL_LUNG_C4_TREG_CELL",38,0.7963940681753748,2.665924148789343,5.438582786510489e-12,2.5806608516383106e-11,"CD79A;CCR4;SLAMF1;CD28;SIRPG;ICOS;CD4;CHRM3-AS2;FOXP3;IL2RA;CTLA4;TRAF1;HS3ST3B1;TNFRSF4;FAS;TMEM154;BIRC3;BCL2L11;IKZF4;NCF4;SIT1;SESN3",2.6359672419435576,1.494087753053399e-10,TRUE,
"ZHONG_PFC_C1_OPC",232,-0.4464939580993942,-2.177932398379019,5.883662252970583e-12,2.773726490686132e-11,"PPIF;CENPM;TUBB4B;RNFT2;EMC9;KIF18B;SPAG5;CHTF18;KMT5A;KIF22;KIFC1;GUSB;DYNC2I2;ARHGEF39;AURKA;CKAP5;BIRC5;PRR11;ESPL1;UBE2C;MAP2K2;AURKB;POC1A;PHF19;ORC6;TMEM18;C21orf58;GINS2;NUDT1;DTYMK;TROAP;H2AZ1;CDC20;TK1;CDCA3;CCDC150;PLK1;ZWINT;FAM83D;DSN1;CHEK2;TMEM106C;TOP2A;POLA2;TPX2;CDCA8;PIF1;TACC3;TUBA1B;H2AZ2;UBE2S;ASF1B;MXD3;PSRC1;CCNF;KPNA2;TGIF1;UHRF1;UBE2T;CKS2;IQGAP3;BUB3;HMGB3;CDKN3;KIF4A;TRIP13;NCAPG2;NCAPH;CENPW;HMGB2;CDK5RAP2;CCNB2;PIMREG;GTSE1;GMNN;KNSTRN;PRC1;CKS1B;KIF20A;RNF26;CDCA5;CCDC34;H2AX;SGO1;BRCA1;RAD51;HJURP;IFT22;CENPA;RFWD3;CKB;RFC3;RRM2;POLQ;SKA3;REEP4;CDCA4;CCNB1;MAD2L1;KIF2C;CCNA2;KIF23;CENPF;SPC25;LDHA;TUBA1C;NEK2;CDC25C;TUBGCP3;APOLD1;SHCBP1;RHEB;DHFR;NCAPD2;MKI67;CEP152;BARD1;CENPE;PTTG1;PCLAF;ARHGAP11A;NRAV;KIF15;HMGN5",-2.369097395111948,3.123949660392685e-14,TRUE,
"FAN_OVARY_CL12_T_LYMPHOCYTE_NK_CELL_2",161,0.5562655457357849,2.402412278662551,6.048897122063919e-12,2.8332253616892937e-11,"CD2;TRAC;LTB;KLRB1;TRBC1;GIMAP7;TRBC2;PTPRC;CD6;EVI2B;TRAT1;CD52;CD3D;CD69;CLEC2D;CD53;ITM2A;GPR183;CCL5;CYTIP;WIPF1;SPOCK2;SAMSN1;LAPTM5;IL7R;CD7;ARHGDIB;SRGN;EVI2A;MSN;FNBP1;ALOX5AP;CXCR4;CST7;NR3C1;FYN;CORO1A;TNFAIP3;TSC22D3;STK17A;RORA;HLA-E;BIRC3;CDC42SE2;S100A4;B2M;YPEL5;TGFB1;PDCD4;ISG20;HLA-C;CREM;KLF6;ANXA1;JAK1",2.446694223719957,1.006817832828836e-12,TRUE,
"CUI_DEVELOPING_HEART_C4_ENDOTHELIAL_CELL",146,0.5615165200012752,2.388915961550854,7.18714717308548e-12,3.344787722859012e-11,"ETS1;MMRN1;CAVIN2;TMEM100;ITPR1;PALMD;F2R;MSN;SLCO2A1;BMX;CYYR1;PECAM1;CLEC3B;ELK3;ITGA8;TEK;THSD7A;EDNRB;ENTPD1;MYCT1;GNG11;HLA-E;STOM;EMCN;LDB2;CALCRL;CD34;SCARF1;MMRN2;WWTR1;SNRK;CLEC14A;C1orf54;KLHL4;LEPROT;PLPP3;NRP2;EBF1;TGM2;CD93;NPR1;NRP1;VAMP5;FOXC1;KDR;RALB;ROBO4;CAV2;PRCP;CTHRC1;HMCN1;CDH5;PLK2;ENG;EHD2;CDH11;F8;COL18A1;TMEM88;ADGRF5;TFPI;TIE1;IL33;FKBP1A;LEPR;DUSP6;RAMP2;PCDH7;PLXND1;NOS3;SNCG;VWF;CHSY1;RDX;NPR3;AFAP1L1;ECSCR;FLT1;RAPGEF5",2.633053277270454,4.427434600095117e-15,TRUE,
"LAKE_ADULT_KIDNEY_C27_VASCULAR_SMOOTH_MUSCLE_CELLS_AND_PERICYTES",147,0.5679211885080625,2.4148269974692775,9.426609341460086e-12,4.3590562942038366e-11,"A2M;AFF3;FCHSD2;MEF2C;ADGRL3;HPSE2;IGFBP5;SPARCL1;RCAN2;SDK1;PDE1A;CACNA2D1;GPC6;DOCK4;TMTC1;ZEB1;SLC8A1;DLC1;AKAP12;GPX3;SYNPO2;RERG;RBMS3;EPAS1;LHFPL6;ATP10A;SLIT3;CALD1;DLG2;TIMP3;MYLK;EBF1;PPP1R12B;TNS1;MBNL1;PLPP1;FBXL7;MYH11;PPP1R12A;FOSB;SSBP2;BMPR2;MSRB3;AKT3;PALLD;COL18A1;MAP3K5;CRIM1;INPP4B;ARID5B;UTRN;CBLB;ZFP36L1;PBX1;TTC28;KIF13A;DUSP1;ITGA1;PTPRG;AKAP13;VCL;MEIS2;SOX5;NHS;TAGLN;EGR1;RAPGEF2;RASAL2;DST;PLCL1;TBX2;ROCK1;LRCH1;ZFHX3;NEAT1;WSB1;DGKG",2.388006690096893,1.4775376880272552e-10,TRUE,
"HE_LIM_SUN_FETAL_LUNG_C2_DC1_CELL",307,0.4612364670161239,2.1393843227258618,9.53559052651494e-12,4.381543495094839e-11,"TLR10;MAP4K1;TMEM156;P2RY10;BTLA;SLAMF7;SP140;HLA-DOB;DNASE1L3;TIFAB;SIGLEC10;WDFY4;PTPN22;CD38;ACAP1;CD226;CHST2;IDO1;S100B;CLIC2;P2RY14;ASB2;GRAP2;SLAMF8;SERPINB9;RFTN1;HLA-DQB2;BATF3;SNX22;APOL3;ADORA3;GNG7;CYYR1;ZNF366;THBD;RAB7B;ARHGAP31;CLEC1A;ADAM19;NIBAN1;AIM2;NEGR1;XCR1;ITGB7;CD40;TAP2;PDE4B;TRPV2;STK17A;REC8;ZEB1;BEND5;PKIB;GPR137B;CALCRL;GCSAM;BTN2A2;LRRK2;ENOX1;SCARF1;TAP1;NCOA7;C1orf54;KIAA0040;ISG20;C15orf48;SLC46A3;PLPP1;IGFBP7;HPS5;APOL2;RAB30;GRAMD2B;ALOX15;PNMA1;HSH2D;FKBP1B;CLEC2B;C1orf21;PDP1;LACC1;LDLRAD4;PAQR8;CXCR3;HLA-F;ZDHHC18;LY75;FAM135A;NAV1",2.1580465233432915,1.3628084787537775e-11,TRUE,
"FAN_EMBRYONIC_CTX_BRAIN_ENDOTHELIAL_2",295,0.4655357556863591,2.1538112452801754,1.7287529497487065e-11,7.893551204512963e-11,"ITGA4;P2RY14;RFTN1;ITPR1;PDE7B;F2R;SERPING1;CFH;PMP22;ST3GAL5;FAM20A;SPARCL1;ITIH5;ATP1B2;CCDC80;TRIB2;SH2D3C;PLAC9;FOXF2;PTN;LRRC32;DCN;GNG11;ZEB1;LUM;DLC1;CA4;VIM;ATP1A2;AKAP12;CCR10;GGT5;ADAM33;RBMS3;EPAS1;VSTM4;LHFPL6;SASH1;PCDH18;APOD;SNRK;FERMT2;COLEC12;SNAI2;FSTL1;CALD1;TIMP3;PDZD2;MYLK;PRELP;FBLN1;EBF1;AMOTL1;HEY2;FRMD6;TNS1;VAMP5;LAMA2;FAM162B;GUCY1A1;KCNE4;FRZB;SGPL1;IGFBP7;JAK1;GUCY1B1;DENND2B;PPP1R12A;GNG12;ADAM12;BGN;MYOF;HEYL;LAMA4;ABCC9;TRPC6;TPM4;RASL12;PDGFRB;AEBP1;EHD2;CDH11;PHACTR2;COL18A1;ECM2;RGS5;TFPI;ANXA6;SEPTIN4;CDH6;INPP4B;THY1;ITGA11;PDE5A;LZTS1;SGCE;ITSN1;COL9A1;PLXDC1;PCOLCE;NTM;ILK;NID2;C11orf96;CD248;ITGA1;PAPSS2;EPN2;HTRA3;COL1A2;SPARC;CYTOR;AASS;ARHGAP42;SLC6A12;VCL;SEPTIN7;LIMA1;PLCE1;COL5A2;PID1;EFEMP2;TAGLN;UNC5B;COL3A1;CCDC102B",2.5289561166744696,3.0156346947987376e-20,TRUE,
"JONES_OVARY_T_CELL",87,0.653481203694957,2.5653909502297543,1.9606645816448515e-11,8.896515539213513e-11,"GIMAP7;ABCA8;ITM2A;C7;LIFR;ETS1;COL14A1;C1S;CFH;MFAP4;IGFBP5;SPARCL1;LBH;CCDC80;FGF7;PDE1A;C1R;PDGFRA;MYCT1;DCN;GNG11;HLA-E;LUM;B2M;CD34;EPAS1;MMRN2;APOD;SNRK;CLEC14A;ADGRL4;TIMP3;MYLK;FBLN1;HLA-C;TM4SF18;ROBO4;ISLR;CMYA5;COL6A3;AEBP1;CDH11;HLA-B;MXRA8;SOX18;CRIM1;ACSM3;HLA-F;SGCE;DOCK9;RRAD;VWF;ITGA1",2.650106243567911,5.568388681978245e-13,TRUE,
"HE_LIM_SUN_FETAL_LUNG_C3_ARTERIAL_ENDOTHELIAL_CELL",272,0.4657766335788519,2.142048938696653,2.094137683253045e-11,9.443130174172114e-11,"ADA2;PLCG2;CHL1;FAM107A;KCNN3;HLA-DRB1;FGR;TMEM100;SRGN;SELPLG;RFTN1;ITPR1;PTGDS;GBP2;F2R;MGP;CFH;SYT11;FBLN5;BMX;CXCR4;S1PR4;CTSC;NOVA1;DKK2;TNFAIP8;APOL4;THSD7A;PLAC9;EDNRB;VEGFC;HSD17B14;SEMA3G;ENTPD1;PTGIS;GJA5;TOX2;DENND3;CXCL12;PREX2;SWAP70;SLC8A1;FAM241A;SULF1;MCC;RUNX1T1;FILIP1L;C14orf132;FAT4;GULP1;DGKA;CALHM2;SENP7;HEY1;HEY2;FBLN2;TMEM47;CCDC71L;GUCY1A1;SYNPO;IFI44L;PLPP1;IFI6;SNX18;FBN1;MCTP1;CDK19;PDE4D;GPR176;ALPL;MX1;AFAP1L2;PRXL2C;SMAD7;RNF144B;POPDC1;MYOF;TRAM2;GCNT2;FOSL2;HMCN1;SLC16A2;ST8SIA6;PALLD;CYP26B1;SKIL;CDC42EP3;TAFA5;PRRT1;TNFRSF1B;SLC2A6;ROBO2;MXRA7;MERTK;LTC4S;ARL15;SULT1B1;ARID5A;MAMLD1;BCAT1;TTLL3;B3GNT2;CPAMD8;MEX3C;NSG1;CSRNP1;EPHA4;C1QTNF6;PELI1;COL1A2;RIPK3;PCSK5",2.247365977895476,3.648684899233384e-12,TRUE,
"DURANTE_ADULT_OLFACTORY_NEUROEPITHELIUM_PLASMA_CELLS",21,0.8827001195291815,2.5730136162125987,2.1884716768091616e-11,9.807595292366985e-11,"CD79A;TNFRSF17;JCHAIN;IGHG4;IGKC;IGLC3;IGHG1;MZB1;IGLC2;IGHG3;DERL3;IGHA1;IGHA2",2.581397391855531,2.217524997987518e-10,TRUE,
"DESCARTES_FETAL_THYMUS_VASCULAR_ENDOTHELIAL_CELLS",118,0.5903327440638715,2.419658715519313,2.2615908701006765e-11,1.0073097985847185e-10,"PKHD1L1;CCL21;RASGRP3;A2M;MMRN1;CAVIN2;TLL1;SHE;PALMD;CD36;LYVE1;NFATC1;ELK3;TEK;THSD7A;MEOX2;ERG;APLNR;MYCT1;RELN;PREX2;ZNF521;STOM;EMCN;LDB2;CALCRL;AOC3;CLDN5;EPAS1;SCARF1;WWTR1;GASK1B;ADGRL4;MPDZ;TGM2;DIPK2B;RFTN2;RHOJ;KDR;NOVA2;PCDH17;KANK3;NR2F1-AS1;PRCP;HMCN1;ADCY4;GLIS3;ADGRF5;TFPI;TIE1",2.532217843449534,2.4962916968869823e-12,TRUE,
"DESCARTES_MAIN_FETAL_IGFBP1_DKK1_POSITIVE_CELLS",132,0.5722730729109391,2.403681387554869,2.7929023058648907e-11,1.2363701671084821e-10,"ABI3BP;SCARA5;CHI3L2;CHST2;IL1RL1;GBP1;CHRDL1;CILP;PALMD;F2R;SERPING1;MFAP4;MAP3K4-AS1;LTBP2;PILRA;CRISPLD2;TMEM37;HSD11B1;CTSK;LRRN4CL;AOX1;UBE2L6;PGR;MMP2;MMP19;DCN;LUM;ADAMTS1;GASK1A;B2M;DEPP1;APOD;S100A3;ATP2B4;KIAA0040;PLPP3;SSC5D;TGM2;APOL1;CPXM1;SPSB1;PLPP1;IFI35;ISLR;LMOD1;LRRC15;CLEC2B;P4HA3;HAND2-AS1;EMILIN2;TMX3;OSR2;COPZ2;MXRA8;THY1",2.6049355835340284,2.656908989003486e-14,TRUE,
"MENON_FETAL_KIDNEY_7_LOOPOF_HENLE_CELLS_DISTAL",255,-0.42578856150907024,-2.1065268118730387,3.3482652054644905e-11,1.4732366904043758e-10,"MRPS5;PEBP1;PHB1;SLC25A6;POLR2L;NDUFA3;ATP5MC1;UQCRC1;ATP5F1E;MRPS25;COA3;NDUFS6;COX4I1;NDUFV1;MRPL41;NDUFS8;PDHA1;NDUFA6;NDUFA8;NDUFB7;SLIRP;SLC25A4;HSPE1;ATP5F1D;CHCHD10;NDUFA10;COX7B;NDUFS3;GPI;DMAC1;ETFB;CYC1;TOMM7;HSPA9;ATP5ME;NDUFS7;AURKAIP1;MEST;IDH2;ECI1;EIF3K;PRDX5;KRT10;SUCLG1;UQCRQ;COX6B1;TPI1;ATP5MJ;COX6A1;ATP5MC3;COX8A;SERF2;ATP6V0B;NDUFB2;COX5A;ATP5F1B;MICOS13;SDC4;COX5B;COX20;NDUFC1;MT-ND4L;CHMP2A;NDUFA1;NARS1;COX7C;SLC25A5;ENO1;FKBP2;GOT1;UQCRHL;COX6C;MT-RNR1;ATP6AP1;UQCRH;VDAC1;SMIM24;MT-CO2;RNF7;MT-ATP6;GNG5;FAM162A;NDUFB9;SLC2A11;HSBP1;NDUFA2;PKM;NDUFS2;COX7A2;ANXA11;CLCN5;MAGEF1;HIGD2A;EPCAM;PNKD;TSTD1;MDH1;MGST3;COMMD6;RBM47;TCEAL4;UQCR10;ATP5PO;UQCRB;LAMTOR5;SULT1C2;CRYL1;CKB;MT-CO1;LDHB;NEDD4L;TUBB2B;ATP5MG;PGK1;MPC2;ATP1A1;NDUFB4;SPINT2;TFCP2L1;COBLL1;AFG3L2;CYSTM1;ATRAID;ATP5F1A",-1.926775485269024,2.937187692265436e-8,TRUE,
"MANNO_MIDBRAIN_NEUROTYPES_HRGL3",461,0.40878947219509487,1.9652215819144057,3.7750186324566676e-11,1.6510021247973138e-10,"CD19;ABCA8;KCNN3;VCAM1;LIFR;JAM2;MMRN1;ENPP2;LITAF;PAPLN;LRRN3;RSPO3;DCLK1;CD36;CPNE8;FBLN5;SLC15A2;EFEMP1;PMP22;LIX1L;MAMDC2;PREX1;NR3C1;CTSC;HAPLN1;EPB41L3;IGFBP5;SPARCL1;ITIH5;ATP1B2;LIPA;THSD7A;CIMAP1B;EDNRB;CNTN4;NR4A3;SORCS2;TIMP2;STON1;DCN;QKI;BOC;SUSD5;VIM;ATP1A2;LCA5;SULF1;ID4;RGMA;ANTXR1;RERG;LRRN2;LRRK2;TGFB1;ATOSA;WWTR1;GATM;TXLNB;GASK1B;KLHDC8B;MPDZ;COLEC12;TRIL;FSTL1;TIMP3;SFRP2;CPXM2;PLPP3;PSAP;SLIT2;PDPN;HEY1;CLU;TMEM47;NRP1;VAMP5;SLC1A3;DNAJB4;RFTN2;ANXA1;RHOJ;ARL6IP5;SALL1;FAT2;GALC;SLC4A4;PDLIM3;IFI35;ENKUR;DENND2B;FBXL7;STAT3;SPOCK1;GNG12;SALL2;CCDC8;LMBRD1;CPQ;BNC2;ITPKB;ARHGAP24;PRCP;SPON1;SLIT1;TRAM2;DNAI4;DSC2;DAPK1;KCNMA1;SDC2;APPL2;TTYH1;GLIS3;TPP1;PLD3;PDGFC;COL18A1;EID2B;PXDC1;TBC1D2B;FLRT3;CRYAB;CAST;ATXN1;LDLRAD4;ANXA6;HTRA1;IL33;IQCG;PPP1R3C;MXRA8;DKK3;MAP3K5;PLEKHH2;CRIM1;MRC2;COL8A1;KLF9;UCP2;ITSN1;TSHZ2;CNPY4;CCN1;TMEM9B;FGF1;CRISPLD1;ARAP2;ZFP36L1;PEA15;UBL3;PBXIP1;FZD1;FOXP2;RNF13;KCNMB1;PAM;ADCY2;PPT1;B3GNT2;EFNB3;KCNG1;CHST3;SPARC;TRIM9;FIBIN;NECTIN3;LZTFL1;PDE1C;LIPG;LRRC17;CD44;CPEB2;TNIK;ITPRID2;NPC2;RAI14;HDAC4;B4GALT6;CD47;EFEMP2;ANXA5;EPHA3;KCTD12;NRCAM;GNA12;EGR1;GJA1",2.0707876916017063,4.624417740187358e-13,TRUE,
"HAY_BONE_MARROW_DENDRITIC_CELL",173,0.5352198057996701,2.305881094434509,4.589380310397125e-11,1.9951437756576724e-10,"GAPT;JAML;LINC00996;CLEC10A;CD1C;DNASE1L3;CSF2RB;PLD4;WDFY4;LSP1;GPR183;FCER1A;HLA-DRB5;HLA-DQA1;HLA-DPA1;CD1E;HLA-DRA;HLA-DMB;MILR1;CLIC2;LILRB4;RNASE6;P2RY14;HLA-DQB1;HLA-DRB1;CIITA;PARVG;CD74;HLA-DPB1;CSF2RA;HLA-DMA;ALOX5AP;LAMP5;HLA-DQA2;SERPINF1;MRC1;RUNX2;CCDC88A;SCN9A;PHACTR1;UBE2E2;TCF4;PKIB;IL3RA;PACSIN1;LGMN;C1orf54;PLXNA4;SLC20A1;DUSP5;ANKRD65;UGCG;SEMA7A;P2RY6;PLAC8;IRF8;PTPRS;RUBCN",2.4173442603608897,3.946997222202445e-12,TRUE,
"HE_LIM_SUN_FETAL_LUNG_C3_CYCLING_DEFINITIVE_ERYTHROBLAST",404,-0.3680757691516735,-1.9164038833782406,5.0322652588155103e-11,2.174657486845274e-10,"PPIF;RCCD1;MST1;WDR4;ATIC;CENPM;MID1IP1;HES6;POLD1;SLC1A5;CDC6;BOP1;PKMYT1;SPAG5;CDT1;GCDH;MYBL2;KMT5A;KIF22;KIFC1;PPME1;PIGQ;ACSS1;MIS18A;FAH;H2AC20;PCK2;TTLL12;EXOSC3;SLC7A5;STEAP3;TOP1MT;SNRNP25;DYNC2I2;NOP16;ARHGEF39;RECQL4;TIMM8A;AURKA;SPC24;PKLR;BIRC5;AEN;CHAF1A;UBE2C;ATG4D;KCNN4;PAICS;KMT5C;SLC43A1;AURKB;POC1A;ABCB8;ORC6;NCAPH2;C21orf58;FARSB;GINS2;UBAC1;SLC48A1;PCCB;NUDT1;APEH;SLC11A2;TROAP;MCM5;DNAJC9;DHRS13;CDC20;FN3K;PRPS2;FEN1;TK1;CDCA3;NCAPD3;RNF123;CDC45;PLK1;GALNT6;ZWINT;FAM83D;DSN1;CHEK2;TOP2A;MCM2;FANCA;POLA2;ADISSP;TPX2;ISOC1;MIGA2;RCL1;LHPP;DNAJA4;NSD2;CDCA8;TESC;KCNH2;ALAD;TANGO2;MFSD2B;TACC3;LIG1;SLC6A8;UBE2S;SLC38A5;ASF1B;RPS6KB2;MXD3;PRR5;MTHFD2;CCNF;PGP;KPNA2;SLC25A38;UHRF1;UBE2T;CKS2;MTHFD1;CDKN3;KIF4A;NMNAT3;TRIP13;NCAPG2;NCAPH;CENPW;BRI3BP;CCNB2;TTPAL;SFXN4;GTSE1;CHPT1;RRM1;RFC4;GPSM2;CCNE1;EPCAM;GMNN;PMM1;SLC37A4;GRK6;KNSTRN;PRC1;CKS1B;KIF20A;TFR2;EXO1;CDCA5;CCDC34;PLEK2;SGO1;BRCA1;RAD54L;CENPP;HJURP;PRMT3;FKBPL;RMDN3;E2F8;DPP7;CENPA;RBL1;EEF1E1;RFC3;FAM72A;CHEK1;CENPV;ANKRD9;RRM2;KREMEN1;POLQ;SKA3;CDCA4;CCNB1;ORC1;SOX6;MAD2L1;SPINT2;KIF2C;HPRT1;TSPO2;NEIL3;CCNA2;KIF23;FHDC1;CENPF;FANCI;TFDP1;SPC25;DNAJC6;NEK2;CISH;RFC5;MYC;SHCBP1;HBB;EZH2;ZBTB7A;DHFR;NCAPD2;MCM6;MKI67;CEP152;ELOVL6;MCM4;TTF2;CENPE;SLC6A9;ANKLE1;PTTG1;PPOX;PCLAF;ARHGAP11A;ATAD5",-2.0730957479305387,9.446695631204866e-13,TRUE,
"RUBENSTEIN_SKELETAL_MUSCLE_NK_CELLS",220,0.4972766758910048,2.2230411982553746,5.5737894499654086e-11,2.3944207932987494e-10,"TBC1D10C;PYHIN1;KLRB1;PTPRC;CD48;CD247;CD37;CD52;BIN2;IL2RB;GZMM;FYB1;CD69;LIMD2;CD53;GIMAP4;GPR65;GMFG;EVL;CCL5;LCP1;GPSM3;DOK2;GNG2;NKG7;C1orf162;GZMA;LAPTM5;ETS1;PPP1R18;FCER1G;CTSW;PLEK;CD7;ARHGDIB;LCK;SRGN;GZMH;LITAF;MSN;KLRD1;CCL4;ITGB2;PRF1;FCGR3A;TYROBP;ALOX5AP;CST7;CTSC;RAC2;CORO1A;GNLY;TSC22D3;PLAAT4;STK17A;HCST;S100A4;B2M",2.2094254495586876,1.7770275085944835e-10,TRUE,
"HE_LIM_SUN_FETAL_LUNG_C0_ADVENTITIAL_FIBROBLAST",64,0.6946860447173773,2.56552804977841,5.7238783865010486e-11,2.4444327697645656e-10,"RASSF2;ITM2A;SCARA5;CHRDL1;TNXB;CFH;ANGPTL1;FLRT2;SERPINF1;CLEC3B;CTSK;PTGIS;ADAMTSL3;FMO1;WNT2B;GFRA1;C1R;ADAMTSL4;ADAM33;CD34;FZD4;PRRX1;PRELP;SSC5D;ANXA1;RGS10;SH3BP5;PDLIM3;PAMR1;EMP1;NAV3;MFAP5;MXRA5;C1QTNF2;DPYSL3;CRABP2",2.6046555607113797,2.3722633541203454e-11,TRUE,
"TRAVAGLINI_LUNG_NEUTROPHIL_CELL",349,0.4376269670608455,2.048181542364091,6.395562954579863e-11,2.715309184225135e-10,"JAML;P2RY13;HCLS1;ARHGAP9;SELL;POU2F2;WAS;NCF1B;NCF1;ANKRD44;CR1;SLA;LCP2;NCF1C;SAMSN1;RGS18;MYO1F;DOK3;CLEC7A;TLR6;MMP25;MNDA;PLXNC1;IL18RAP;SPI1;RASGRP4;SRGN;NFAM1;BASP1;SIRPB1;C16orf54;NCF2;FCGR3B;TYROBP;ITGAX;ALOX5AP;CSF3R;PREX1;CRISPLD2;APOBEC3A;CORO1A;MEFV;SMAP2;NIBAN1;TNFAIP3;ENTPD1;FGD3;ADGRG3;CYTH1;CLEC4E;IRAK3;DENND3;CTSS;PELATON;TMEM154;FCGR2A;CA4;MCL1;CHST15;LRRK2;FPR1;VSIR;MX2;TLR2;CDC42SE1;BCL2A1;VAMP2;SOCS3;MXD1;NCF4;SEC14L1;MARCKS;STEAP4;MME;CHI3L1;KLF2;MAX;ALPL;CEBPD;PHOSPHO1;BEST1;VNN2;SOD2;BTG2;CXCR2;RALB;C5AR1;EMP3;CEACAM3;RGS2;AQP9;ADAM8;FFAR2;YPEL3;FAM107B;CMTM2;SMCHD1;CTSD;EIF4EBP2;HLA-B;SLC2A3;UBE4A;RESF1;RNF213;DOCK11;ZDHHC18;PTGES3P1;MEGF9;TNFRSF10C;BCL6;MAST3;UNC13D;RNF145;CXCR1;PLK3;DUSP1;FPR2;HLX;TLR4;PADI2;B4GALT1",2.2557894740143194,4.7848807330510525e-15,TRUE,
"TRAVAGLINI_LUNG_VEIN_CELL",38,0.7755395425125117,2.5961137549179374,6.539359764851119e-11,2.7602181333034375e-10,"ABI3BP;C7;VCAM1;SELP;MMRN1;PTGDS;ACKR1;SLCO2A1;LYVE1;IL1R1;HDAC9;ICAM1;CYP1B1;TNFAIP3;NCOA7;PLA1A;CLU;SRPX;SELE;SOD2;NNMT;PRCP;LYST",2.6515223689742733,7.569718802574863e-11,TRUE,
"GAUTAM_EYE_CORNEA_MELANOCYTES",254,-0.420544333574769,-2.0758387641495295,6.950225666028622e-11,2.916684296842069e-10,"RPL19;SND1;RPS28;COPS6;PRPF6;SEM1;TMEM101;SNRPA1;EIF3F;RPL8;GALK1;EDF1;RPL12;QDPR;TRAF2;PSMA7;ERP29;TALDO1;MID1IP1;RPN2;LAMTOR4;NUBP2;CD320;ARPC1A;SRM;WDR18;CHCHD3;BABAM1;STOML2;CCDC124;MRPL24;PA2G4;TMED9;RPS11;MRPS18B;RPS8;HMOX2;CHLSN;RPS13;SAP30;SNRPC;NDUFAF3;CYC1;PLXNB1;MRPL28;SNRNP25;DYNC2I2;CHCHD2;IMPDH2;ANKRD39;HS1BP3;EIF3G;PPIB;NME1;DUSP14;BLVRB;NT5C;RPS5;ARHGDIA;CUTA;RPL13A;HADHA;DDOST;PITPNA-AS1;FZD9;NEU1;FUS;CCT6A;SLC25A11;ITPK1;RPL32;HSF4;UBALD2;PRDX4;PTMA;RPL18A;TFPT;TP53RK;CLTA;CHMP1A;TUBA1B;UBE2S;RPS14;AZGP1;RPSA;SRP14;JAGN1;GNG5;RPS26;RWDD1;C1orf43;EMC7;SLC25A25;IFRD1;PSMD13;EEF1B2",-1.7444743057228314,6.299037266383429e-6,TRUE,
"HE_LIM_SUN_FETAL_LUNG_C4_ILC2_CELL",138,0.5647302668249536,2.3937884007223134,7.112681946387711e-11,2.9677052259065967e-10,"SLAMF1;CYSLTR1;CCR2;TMEM273;CD200R1;HPGDS;SAMSN1;RGS18;CD84;IL2RA;IL1RL1;C1orf162;MMP25;TNFRSF18;MAF;RASGRP4;TNFSF14;PDE7B;CFH;MDFIC;TNFSF10;BATF;ADAM19;TYMP;NR4A3;TMEM220;REC8;SWAP70;PKIB;BIRC3;SH2B3;CCNG2;EPAS1;CMPK2;TNFSF11;SOCS3;KIT;MEG3;TIAM1;RHOBTB3;LIF;ZNF667-AS1;GFI1;PHTF2;HPGD;DAPK1;SOS1;RNF144A;GRK5;INPP4B;MAST4;AHR;DUSP6;RENBP;GAB2",2.352560414366495,4.979781916694555e-10,TRUE,
"MANNO_MIDBRAIN_NEUROTYPES_BASAL",77,-0.6030573650933371,-2.4915022270933918,9.131110431251043e-11,3.7881063846218616e-10,"ELOB;RPL8;ATP5F1E;RPL7A;RPL31;RPL13;COX4I1;RPL3;EEF2;FAU;ACTG1;RPL28;RPS27A;RPS8;RPL34;RPL38;SEC61B;ATF4;ATP5ME;CHCHD2;HNRNPU;RPS4X;UQCRQ;COX6B1;ATP5MJ;ATP5F1B;RPL6;PARK7;HNRNPA2B1;TUBA1B;COX6C;SRP14;PSMB4;RPL41;SERBP1;ACTB;SLC25A3;RPL7;DYNLL1;UBL5;SEC61G;NDUFA13;RBM39;RPL14;SAP18;ATP5PO;UBB;RPL15;UQCRB;PCBP1;H3-3B;CFL1;ATP5MG;NACA2;EEF1A1",-2.57065782791968,9.837565325095277e-11,TRUE,
"MANNO_MIDBRAIN_NEUROTYPES_HDA",364,0.4326762053741334,2.034247397352764,1.0979969192884674e-10,4.529237292064928e-10,"PRKCB;CD2;RASSF5;POU2F2;RIPOR2;ADA2;CHL1;NPY1R;GNG2;CA1;KCNN3;IGF1;CYRIA;PLXNC1;SV2B;BASP1;ANK2;GRIN3A;ZNF385D;DCLK1;SCN3A;MIAT;FNBP1;HIVEP3;UBASH3B;LSAMP;MYO5A;SSTR2;EBF3;GNAO1;NEGR1;NAP1L3;RTN1;SYNJ1;CHGA;TOX2;GPR68;GFRA1;TMEM163;NLGN4X;DOCK4;RELN;SEMA3D;SCN9A;CALB2;OPTN;AKAP12;LDB2;CACNA1E;ARHGEF3;GPRASP1;TRIM38;PRKACB;STOX2;APOL6;PLXNA4;FAM13C;ELOVL4;DLG2;PRRT2;EBF1;MEG3;EDIL3;PRDM8;MLLT11;AP1S2;TRIM46;UGCG;SLC24A3;PNMA8B;SHISAL1;BEX5;SH3BP5;DOK6;CPEB4;UCHL1;PARP8;PPP2R3A;SV2A;YPEL2;MAP2;NAV3;DACT1;GPR85;ANKRD12;LYST;SEMA6D;FRMD3;SERINC1;COLQ;HPGD;PLPPR4;UNC79;KCNMA1;PAPPA;SCN3B;EID2B;ZC2HC1A;TMEM88;AMPH;MAP1B;REEP2;DPYSL3;PIANP;PGM2L1;CDC42EP3;RNF112;UNC13A;ROBO2;COL8A1;SERTAD4;NCAM1;EBF2;ANK1;PPP1R21;EHBP1;CRMP1;PBX3;NTM;RETREG1;STMN2;PBX1;SH3PXD2A",2.062574782456079,7.888414594057246e-11,TRUE,
"RUBENSTEIN_SKELETAL_MUSCLE_B_CELLS",173,0.5277701682270488,2.2737859098898507,1.110396339923045e-10,4.554507021379269e-10,"MS4A1;FCRLA;CD79B;CD79A;FCMR;GAPT;VPREB3;TBC1D10C;BTLA;BTK;LTB;PTPRC;CD48;SELL;JCHAIN;EVI2B;CD37;CD52;HLA-DOB;RASGRP2;HVCN1;CD69;RHOH;LIMD2;CD53;NCF1;LY86;GMFG;GPR183;HLA-DQA1;HLA-DPA1;HLA-DRA;BANK1;TRIM22;C1orf162;LAPTM5;HLA-DQB1;HLA-DRB1;CD83;CD74;HLA-DPB1;HLA-DMA;LINC00926;ALOX5AP;CXCR4;EAF2;RAC2;CALHM6;TSC22D3",2.246986724975438,1.4753096597097215e-9,TRUE,
"MANNO_MIDBRAIN_NEUROTYPES_HRGL2A",458,0.39700919139343405,1.9072773039104396,1.30004191778958e-10,5.302418159074355e-10,"ARHGEF6;RIPOR2;RASSF2;CPNE5;KCNN3;VCAM1;SFRP1;LIFR;ENPP2;SCN4B;CCL2;LITAF;LRRN3;MFAP4;DCLK1;S1PR1;SLC15A2;HSPA7;PPP2R2B;EFEMP1;GNG7;PMP22;NELL2;CXCR4;LIX1L;MAMDC2;PREX1;KAT2B;SPARCL1;ATP1B2;LIPA;RASSF4;EGR2;EDNRB;HSPB8;FHL1;PDE1A;SORCS2;NLGN4X;CARINH;QKI;BOC;TCF4;STOM;VIM;ATP1A2;NCAM2;GPR137B;TMT1A;RAB27A;MCC;SELENOP;ID4;DOK5;ADAM33;MCL1;RGMA;ANTXR1;LRRN2;LRRK2;ITGAV;HAPLN3;GATM;GULP1;ATP13A4;GASK1B;MPDZ;ATP2B4;TRIL;TIMP3;SFRP2;CPXM2;PLPP3;PSAP;PDPN;CAP2;HSPA6;CLU;TMEM47;PRDM8;SLC1A3;ELN;DNAJB4;RFTN2;IFI44L;SALL1;FAT2;MCTP1;GALC;SLC4A4;PDLIM3;ENKUR;DENND2B;SESN3;GNG12;SALL2;GPRC5B;FOSB;EMP1;ANOS1;RGS2;PRCP;LAMA4;SLIT1;TRAM2;SHISA3;DNAI4;PALLD;COLQ;CYP26B1;C1orf21;MAML2;KRT17;TTYH1;GLIS3;PXDC1;FLRT3;SH3PXD2B;CRYAB;CAST;TAFA5;ATXN1;LDLRAD4;ANXA6;HTRA1;IQCG;MXRA8;DKK3;ROBO3;H1-2;MRC2;COL8A1;MASP1;SPRED1;PCDH7;CCN1;TMEM9B;FGF1;CRISPLD1;ARAP2;ZFP36L1;SFRP4;APC;PEA15;UBL3;SPECC1;PBXIP1;ABCA5;KCNMB1;SORBS1;PPT1;B3GNT2;CHST3;REST;CCND2-AS1;PAG1;SNCAIP;LZTFL1;PDE1C;LIPG;AASS;EGFR;LRRC17",2.005174574234381,1.1390021755006508e-11,TRUE,
"TRAVAGLINI_LUNG_PLASMACYTOID_DENDRITIC_CELL",104,0.5998872760484073,2.4080165598798793,1.3143000741050512e-10,5.330624881565738e-10,"IRF4;NAPSB;GAPT;LINC00996;DNASE1L3;CSF2RB;CD4;MPEG1;PLD4;MZB1;TLR7;GPR183;RNASE6;P2RY14;SPIB;AFF3;LAMP5;NR3C1;SERPINF1;THBD;TOX2;RUNX2;CCDC88A;SCN9A;TCF4;SH2B3;TAMALIN;BMF;PACSIN1;LGMN;PLXNA4;SLC20A1;NRP1;DUSP5;UGCG",2.4850182222612385,2.0101984684843848e-10,TRUE,
"TRAVAGLINI_LUNG_PROLIFERATING_NK_T_CELL",125,-0.5107505434628353,-2.298119134831793,1.4951965897755648e-10,6.030626245428111e-10,"TUBG1;E2F1;EBP;CENPM;TUBB4B;MCM3;PSMC3;PKMYT1;CDT1;CCDC167;MYBL2;KIF22;MCM7;SNRNP25;DYNC2I2;RANBP1;IDH2;BIRC5;RCC1;UBE2C;AURKB;ORC6;C21orf58;GINS2;NUDT1;TROAP;MCM5;H2AZ1;DNAJC9;CDC20;FEN1;TK1;CDCA3;CDC45;ZWINT;TMEM106C;RAN;TOP2A;TPX2;PTMA;CDCA8;TACC3;TUBA1B;H2AZ2;ASF1B;UBE2T;APMAP;CKS2;DCTN3;CDKN3;NCAPH;HMGB2;GTSE1;RFC4;GMNN;SNRPB;CKS1B;LSM5;DNMT1;RRM2;PSMD8;POLQ;SKA3;MAD2L1;KIF2C;HPRT1;SLBP;CCNA2;CENPF;FANCI;RPA3;CDC25C;EZH2;DHFR;MCM6;MKI67;MCM4;ZNF367;ATAD5;PPIA;BRCA2;AKR1C3",-2.3902104655294987,1.2691996666775572e-10,TRUE,
"DESCARTES_FETAL_STOMACH_STROMAL_CELLS",42,0.752060068529465,2.5748506869892247,1.8859812319752596e-10,7.564764499525074e-10,"SCARA5;C7;TMEM119;MFAP4;ANGPTL1;PTGER1;PLAC9;FOXF2;BMP5;PDGFRA;DCN;FENDRR;FOXF1;PCDH18;SFRP2;FBLN1;SRPX;DPT;MYH11;EMILIN1;TWIST2;SHISA3;INHBA;COL6A3;OSR2;ITGA11;EBF2",2.6557765983351866,1.4444383841208928e-10,TRUE,
"JONES_OVARY_STROMAL",147,0.5477224223521077,2.328940915357946,2.421449954645174e-10,9.65919047841976e-10,"ABCA8;C7;COL14A1;C1S;TCF21;SERPING1;MGP;CFH;MFAP4;SERPINF1;CTSK;IGFBP5;SPARCL1;CCDC80;FGF7;APOE;MMP2;C1R;OGN;PDGFRA;CXCL12;DCN;GNG11;LUM;SELENOP;GPX3;FILIP1L;DDR2;RARRES2;APOD;CALD1;MYLK;PLPP3;PRELP;FBLN1;NDN;MEG3;TNS1;FRZB;RHOBTB3;CLDN11;FBN1;IGFBP7;CTSF;BGN;BNC2;CAV2;EMILIN1;ISLR;PALLD;CMYA5;COL6A3;OLFML3;PDGFRB;SDC2;AEBP1;CDH11;CD59;MAP1B;OSR2;HTRA1;MXRA8;ACSM3;SGCE;RAMP2;TSHZ2;ADAMTS5",2.574330355851867,7.4173579888079e-14,TRUE,
"BUSSLINGER_GASTRIC_LYZ_POSITIVE_CELLS",103,-0.5391980226117784,-2.3624482713088706,2.6045374294346506e-10,1.0332755047921073e-9,"RPS21;RPL19;RPL23;RPS2;RPS28;RPL12;RPL7A;RPS18;RACK1;RPL37;RPL31;RPL13;PPP1R1B;RPL3;RPL36;RPL11;RPLP0;EEF2;RPL23A;RPS15;RPL28;RPS8;RPL37A;RPS13;RPL34;RPL18;RPL35;RPL29;RPS4X;PGC;RPS5;RPS6;ERGIC1;RPS12;RPS3;RPL6;RPL13AP3;RPL32;CST3;RPL18A;NOP53;RPL30;RPL35A;RPL10A;RPS9;RPS14;RPL5;FAM3B;RPL41;CDCA7;RPL7;SOX9;EEF1B2;SPDEF;SEZ6L2;RPS15A;RPL14",-2.533923396497491,5.754811851685745e-12,TRUE,
"HE_LIM_SUN_FETAL_LUNG_C3_VENOUS_ENDOTHELIAL_CELL",78,0.6474470175537964,2.4905148080777444,3.7339705509503513e-10,1.4732949021684539e-9,"TMEM273;RBP5;C7;CCDC69;VCAM1;HLA-DRB1;SELP;TLL1;SRGN;PTGDS;ACKR1;SLCO2A1;MGP;IL1R1;HDAC9;S1PR4;XAF1;CYP1B1;PLAC9;VEGFC;ENTPD1;PTGIS;FILIP1L;FBLN2;APOL1;PLXDC2;FBN1;MYOF;MAP2;LYST;HMCN1;PALLD;FAM124A;ASAP3;CDH11;CDC42EP3;LHX6;LTC4S",2.635824292956704,2.098549227839839e-12,TRUE,
"BUSSLINGER_GASTRIC_PARIETAL_CELLS",230,-0.42333785366558296,-2.0588143537268326,3.82235410687909e-10,1.500015719780659e-9,"PPIF;GPT2;MYO19;DCXR;MDH2;ATP5MC1;UQCRC1;TM7SF2;COA3;COX4I1;NDUFV1;NECAB3;MRPL41;NDUFS8;GOT2;PDHA1;NDUFA6;NDUFA8;AIFM1;NDUFB7;TMEM141;SLC25A4;FH;ATP5F1D;CHCHD10;AKR7A3;NDUFA10;COX7B;NDUFS3;CYC1;PRDX2;NDUFB10;GAPDH;HSPA9;ATP5ME;HPCAL1;CHCHD2;AKR7L;KCNQ1;IDH2;PRDX5;SUCLG1;UQCRQ;COX6B1;GPRC5C;ATP5MF;ATP5MJ;COX6A1;ATP5MC3;ECHS1;COX8A;SERF2;NDUFB2;CS;COX5A;ATP5F1B;IGFBP2;NDUFA9;COX5B;NDUFC1;TXNDC17;NDUFA1;COX7C;SOD1;SLC25A5;ME3;DHRS7;RAP1GAP;GLOD4;ALAD;GOT1;COX6C;PDHX;MGAT4B;VDAC1;INSIG1;SLC4A2;FAM162A;NDUFB9;COX17;ACAT1;SLC25A3;PKM;NDUFS2;VDAC2;COX7A2;CHPT1;MRPL34;BOLA3;NDUFAB1;YBX1;DLD;MDH1;NDUFB3;RAB4A;CMTM4;CNTD1;UQCR10;NDUFS4;ATP5PO;UQCRB;NDUFS1;CKB;LDHB;GMPR",-1.9248556831427925,1.0796719815977825e-7,TRUE,
"DESCARTES_FETAL_THYMUS_STROMAL_CELLS",133,0.5532081213642176,2.3234616103181986,4.207112276363001e-10,1.6421309207739457e-9,"SCARA5;C3;SFRP1;COL14A1;C1S;SERPING1;MGP;MFAP4;PMP22;NOVA1;IGFBP5;CCDC80;PLAC9;ADAMTSL3;MMP2;C1R;OGN;PDGFRA;DCN;ADAMTSL4;LUM;NCAM2;ADAM33;ANGPTL2;FNDC1;SSPN;FSTL1;SFRP2;PRRX1;SSC5D;FBLN1;PDPN;FBLN2;VCAN;ELN;FBN1;ZDBF2;SRPX;IGF2;ADAM12;CCDC8;BGN;ANOS1;EMILIN1;ISLR;ARMCX2;MFAP5;MXRA5;OLFML3;CRABP2;MRC2;PLAT;NCAM1;CERCAM;EBF2;LOX;PCDH7;ADAMTS5;PCOLCE;TENT5A;GPX8;CD248;MMP14;HCG11;CCBE1;HTRA3;COL5A1;COL1A2;SPARC",2.5357243129176346,4.219003207133864e-13,TRUE,
"SU_HO_CONV_CENT_CHONDROSARCOMA_C3_CHONDROBLASTIC_OSTEOSARCOMA",410,-0.3531627118479495,-1.8413523443664859,4.844373198222269e-10,1.880756653427469e-9,"PYCR1;TRAF4;B4GALT7;MDH2;TMEM101;P3H4;RCN1;CPNE1;SWI5;ATP5MC1;ERGIC3;CD151;ERP29;PIGT;TALDO1;SEC13;SIL1;TOLLIP;TUFM;RPN2;CHID1;SDF2;USE1;RFXANK;SRM;OGFOD3;NUDT14;BABAM1;TMEM9;LRPAP1;TMED1;NDUFB7;ILVBL;BCAP31;FAM234A;MTCH1;P4HB;PEX10;FARSA;C19orf53;MRPL37;MYDGF;CDC37;YIPF2;TMED3;PRDX2;NANS;SURF4;DHCR7;CISD2;SLC52A2;PPP1R16A;CCS;SLC39A7;SERINC2;PRKCSH;HYAL2;FKBP10;IMPDH2;CBR1;RPS29;YIF1A;PPIB;KRT10;DUSP14;B3GAT3;GPRC5C;LRRC59;SCARB1;DRG2;NDUFA12;PDIA4;HSPB1;ZFYVE21;ZNRD2;SLC35B2;ARHGDIA;HNRNPH3;ATPAF2;TECR;GALE;ATP6V0B;DDOST;C11orf24;RPL6;POLR2G;NEU1;MAN1B1;SPINT1;PEPD;MAGOH;COLGALT1;LSM2;SOD1;GLB1;MICA;PRDX4;RPL18A;STX10;GIPC1;PTS;PDCD5;SHISA5;ATP6AP1;SSR4;B9D1;TP53I13;TMEM11;PPIL1;PEMT;S100P;RNH1;DNAJB2;ELAC2;DPY30;EPRS1;APMAP;RPL5;SLC35B1;TMEM98;GNG5;PTRHD1;CRELD2;TRIR;SDF4;AGPAT2;PYGB;CALR;TRIM47;SOX9;PKM;PSMD13;VDAC2;GET3;HDDC2;COA8;PIGS;PLPP5;TMEM42;HM13;MCUR1;GORASP2;MESD;SRPRA;IAH1;EIF3M;PPIC;PSMB2;SREBF1;PGLS;RER1;NOP10;RHOD;ATP5PO;CZIB;C1orf122;PHLDA2;YIPF3;RPL15;P3H3;MANF;SPCS2",-1.3496873228444919,0.0018252085311956543,TRUE,
"HE_LIM_SUN_FETAL_LUNG_C0_ASPN_POS_CHONDROCYTE",99,0.5958669963184735,2.378097349490254,5.011687832032576e-10,1.93536455641258e-9,"ITM2A;CHL1;FLI1;AIF1;S100B;JAM2;TMEM100;CFH;EFEMP1;HAPLN1;CYP1B1;SERPINF1;CTSK;AR;ERG;CPM;BOC;ZEB1;LDB2;S100A4;HAPLN3;FNDC1;PRRX1;PDPN;FOXC1;FRZB;MME;F2RL2;DPT;ANOS1;PDGFD;YPEL2;TWIST2;GFPT2;COL8A2;CTHRC1;SERTAD4-AS1;INHBA;MXRA5;TTYH1;PDGFC;CDC42EP3;STEAP2;COL8A1;SERTAD4",2.394587999464981,9.277358382839547e-10,TRUE,
"ZHENG_CORD_BLOOD_C6_HSC_MULTIPOTENT_PROGENITOR",93,0.6060279938861006,2.3927002914325053,5.820473644568024e-10,2.235800987278511e-9,"PTPRC;HLA-DRB5;HLA-DQA1;HLA-DPA1;SAMSN1;HLA-DRA;HLA-DMB;HLA-DQB1;HLA-DRB1;MMRN1;CAVIN2;STAT1;PRKCH;SRGN;CD74;HLA-DPB1;THEMIS2;GBP4;CXCR4;IRF1;MEF2C;MAP3K8;GATA3;TSC22D3;IRAK3;PREX2;HLA-E;TCF4;TAMALIN;RNF125;MEG3;LPAR6;MEIS1;CD109;FOXO1;HIF1A;FOSL2;SMCHD1;TFPI;SLC2A3;TNFRSF1B",2.4331254208166695,4.209187430017906e-10,TRUE,
"HE_LIM_SUN_FETAL_LUNG_C2_SPP1_POS_MACROPHAGE_CELL",47,0.7286573869971891,2.532112924988961,6.332069336317792e-10,2.4195170200877456e-9,"CD28;HPGDS;IGF1;CD209;A2M;LILRB5;CD163L1;CCL2;C1QB;LYVE1;SIGLEC1;TMEM37;FAM20A;SCN9A;ABCA1;SELENOP;VSIG4;CTSL;NPL;COLEC12;SLCO2B1;NRP2;NRP1",2.5983882724523517,8.131633013386231e-11,TRUE,
"MANNO_MIDBRAIN_NEUROTYPES_HDA1",434,0.3973868464327047,1.8975141230445398,7.698443092180916e-10,2.9262144947242645e-09,"CD2;RASSF5;POU2F2;ANKRD44;CHL1;GNG2;CA1;KCNN3;IGF1;PLXNC1;SLC18A2;MARCHF1;BASP1;PRKAR2B;ANK2;GRIN3A;ZNF385D;TMEM255A;DCLK1;SCN3A;MIAT;HIVEP3;LSAMP;SSTR2;EBF3;GNAO1;NEGR1;NAP1L3;RTN1;RCAN2;IGDCC4;CHGA;PDE1A;TOX2;GFRA1;CCDC88A;DOCK4;RORA;RELN;SCN9A;OPTN;SLC8A1;LDB2;CACNA1E;ARHGEF3;GPRASP1;FAT4;ZNF25;PLXNA4;MAP6;ELOVL4;PRRT2;RNF125;MEG3;BDNF;SGTB;PRDM8;MLLT11;AP1S2;TUB;DNAJB5;PDE4D;SLC4A4;BEX5;GPR176;SH3BP5;DOK6;CPEB4;UCHL1;CCDC184;SPOCK1;TRHDE;PTX3;LGI2;GNPTAB;CDK14;BNC2;ZBTB46;ZFHX4;SV2A;MAP2;NAV3;GPR85;SEMA6D;SERINC1;YPEL3;PLPPR4;FKBP1B;DAPK1;UNC79;KCNMA1;ZSWIM6;PAPPA;PRICKLE2;SCN3B;RNF144A;EID2B;ZC2HC1A;TBC1D9;AMPH;MAP1B;DPYSL3;PGM2L1;RNF112;ATP11C;ARRB1;UNC13A;CPEB3;GSDME;ROBO2;KLHL13;SERTAD4;NAP1L5;NCAM1;ANK1;NAV1;ABLIM3;GAB2;TSHZ2;PRKAG2;EHBP1;CRMP1;PBX3;RETREG1;SDC3;STMN2;PBX1;CHD3;VAT1;FOXP2;CHSY3;WDR47;TRIM58;PIK3R1;ADCY2;UBXN2B;NSG1;CCBE1;ZNF793;FBXL3;NTSR1;PDE1C;VSNL1;RUFY2;RAPGEF5;STK32B;PID1;SCG2;STXBP5;ROBO1;DNM3;SOBP",1.9993943325789818,9.950093596845314e-11,TRUE,
"JONES_OVARY_NK_CELL",86,0.6218138600697973,2.4349310281021186,8.366870230876514e-10,3.1637228060501818e-9,"GIMAP7;GIMAP4;ITM2A;LIFR;ETS1;COL14A1;SRGN;PALMD;CFH;S1PR1;CTSK;SPARCL1;LBH;CCDC80;PLAC9;OGN;PREX2;HLA-E;LUM;LDB2;B2M;CD34;RARRES2;SNRK;HLA-C;GUCY1A1;FBN1;IGFBP7;PPP1R12A;BNC2;CAV2;COL6A3;PDGFRB;HLA-B;TGFBR2;TIE1;CRIM1;UTRN;HLA-F;LEPR;RAMP2;ADAMTS5",2.6256318345530367,1.2644401794845622e-12,TRUE,
"MENON_FETAL_KIDNEY_1_EMBRYONIC_RED_BLOOD_CELLS",119,-0.509153880874436,-2.272597088229431,8.775479269537126e-10,3.3010352070901316e-9,"RPL19;RPL7A;RPS18;RPL31;RPL3;NACA;HACD3;RPLP0;RPL23A;PPDPF;HSPE1;RPLP0P6;RPS13;SNRPC;GAPDH;CHCHD2;SNRPD2;RPL29;RANBP1;ATP5MC2;PCBP2;H2AZ1;RPL6;RAN;TOP2A;RPL32;SSBP1;RPL18A;RPL35A;TUBA1B;RPSA;HNRNPF;RPL5;JUN;HMGB2;ACTB;CALR;RPL7;EEF1B2;ERH;DYNLL1;YBX1;RPS15A;SNRPB;MARCKSL1;MACROH2A1;RPS7;ILF2;UBB;PFN1;RPL15;RPL7AP6;H3-3B;RPS2P5;RPS23;CNBP;RPS13P2;RPL4P4;RPL26;RPL26P19;BTF3;HNRNPC;ATP5F1C;TUBB;HBB;MKI67;MT-ND5;PPIAP22;PTTG1;SRP9;RPS25;RPSA2;PPIA;FKBP3;YBX1P1",-2.3265384686191126,3.504893299476664e-9,TRUE,
"CUI_DEVELOPING_HEART_CORONARY_VASCULAR_ENDOTHELIAL_CELL",39,0.7587328324840124,2.5690552568348375,8.87853144414827e-10,3.322584447655487e-9,"GIMAP7;GIMAP4;GMFG;FABP4;JAM2;A2M;CAVIN2;MEOX1;CD74;CD36;MEF2C;APLNR;TCF4;CA4;CLDN5;APOD;ADGRL4;DIPK2B;TM4SF18;IGFBP7;FLT4;ROBO4;RBP7;HLA-B;UTRN",2.5909797571141007,4.1066574556416515e-10,TRUE,
"DESCARTES_MAIN_FETAL_SLC26A4_PAEP_POSITIVE_CELLS",246,-0.4085954674948532,-2.0053182014394966,9.341985934027264e-10,3.478093224668612e-9,"QTRT1;ERAL1;SURF6;SURF2;COMT;TOMM40;TRMU;UNC45A;RABEP2;SDF2;SLC35C2;MRGBP;CCHCR1;SELENOH;ACOT8;EMC9;TMEM201;NAT10;PSMB7;GMPPA;ASB6;BRAT1;DDN-AS1;SELENOO;MRPS26;TPRA1;RSAD1;FAM3A;REXO1;TYW1;CPLANE2;SDHAF2;SIAH2;ROGDI;HROB;RP9P;EME2;TRAPPC2L;CACNA1D;MRPL20;LIG3;LSM8;CCDC86;POLR3B;RAD51D;RANBP3;PHLPP1;ZBTB48;ARFGAP2;TOR1A;PBDC1;GPKOW;PTCD3;CD27-AS1;SAYSD1;HARS2;PAN2;LYRM4;LIPE-AS1;SMPD4BP;TMEM105;PVT1;DCTD;RNF7;SIMC1;DUSP12;WDR43;TOE1;FBXL19-AS1;DHRS1;NPHP4;MTERF2;GTF2IP13;BRWD1-AS1;CDC123;LINC01719;KNSTRN;INVS;AUNIP;LRRC14;ABT1;LTO1;DPH6;SELENOK;ZSCAN16-AS1;TUBBP5;FKBPL;FNTB;VPS9D1-AS1;FANCG;CIDECP1;ENTREP3;UNG;ZNF296;PWP1;BABAM2;RMND1;STAG3L5P;TMEM120A;MAD2L1;PDE12;ARAF",-2.0681224571259986,2.744940099328516e-9,TRUE,
"LAKE_ADULT_KIDNEY_C2_PODOCYTES",194,0.49058860723477193,2.155852872773862,1.0380405110859294e-9,3.844986791063188e-9,"CR1;SPOCK2;CMAHP;PDE7B;UNC5C;CPNE8;FCHSD2;FYN;MAGI2-AS3;THSD7A;RNF150;PCED1B;GPC6;DOCK4;QKI;UBE2E2;ARHGAP28;SULF1;ARHGEF3;PCOLCE2;GPX3;RERG;ITGAV;ST3GAL6;GULP1;ATP10A;CALD1;DLG2;SGIP1;CLIC5;CDC14A;RBMS1;HIVEP2;PLXDC2;MME;BACH1;KIRREL1;CPEB4;FBXL7;SPOCK1;SSBP2;CPQ;BMPR2;ANKRD12;AKT3;FRMD3;PALLD;CMYA5;COL4A4;ZSWIM6;CAST;HTRA1;ROBO2;CRIM1;UTRN;BICD1;CBLB;FGF1;RETREG1;TET2;KIF13A;MIB1;SLK;SRGAP2;ITGA1;PAM;CCDC148;RDX;SPATS2L;ERC1;SLC7A8;RABGAP1L;RAI14;PLCE1;NCOA1;MACF1;PICALM;DYNC2H1;VTI1A;CCN2;DST;PLA2R1;FNDC3B;PHACTR4;SEMA5A;ST6GALNAC3;ROCK1;TANC1;CCDC91;PTPN13;RASSF8;TBC1D1;TGFBR3;ADAMTS9",1.9830003413024377,1.684732950420976e-6,TRUE,
"DURANTE_ADULT_OLFACTORY_NEUROEPITHELIUM_VASCULAR_SMOOTH_MUSCLE_CELLS",90,0.6074126266446033,2.395638537040771,1.3705589459745532e-9,5.05089235927678e-9,"COL14A1;CCL2;CRISPLD2;IGFBP5;SPARCL1;PLAC9;RCAN2;FHL1;ADAMTS1;GGT5;IRAG1;SYNPO2;ID4;DEPP1;MT1M;FILIP1L;LHFPL6;SOCS3;CALD1;TIMP3;MYLK;EBF1;PPP1R12B;PLN;TNS1;STEAP4;GUCY1A1;FRZB;IGFBP7;PDLIM3;KLF2;MYH11;PPP1R12A;LMOD1;PALLD;PDGFRB;RGS5;MAP1B;CRYAB;CARMN;ARID5B;GEM;C11orf96;THBS1;SPARC;SEPTIN7;EFHD1;TAGLN;EGR1;CAV1",2.749842055922777,3.602706765622531e-15,TRUE,
"HE_LIM_SUN_FETAL_LUNG_C2_PDC_CELL",134,0.5454863980636279,2.292500943822541,1.5966365472108414e-9,5.854334006439751e-9,"LY9;TNFRSF17;IRF4;LINC00996;CD3E;SLAMF7;LTB;JCHAIN;SLA2;DNASE1L3;IGKC;SEPTIN1;IGLL5;IGLC3;MZB1;IGLC2;DERL3;SPIB;IGHM;CD7;TMIGD2;GNG7;LAMP5;MDFIC;SERPINF1;ADAM19;HS3ST3B1;SH2D3C;PCED1B;RUNX2;IFIT2;IL3RA;PACSIN1;SLC20A1;PPM1K;DUSP5;SIT1;UGCG;SEMA7A",2.332979903453991,1.0666462049691308e-9,TRUE,
"HAY_BONE_MARROW_PRO_B",285,-0.38316751779072494,-1.9214302587340177,1.7660175919843162e-9,6.442858149651325e-9,"E2F1;RALY;RDM1;SIVA1;SAC3D1;CENPM;HIRIP3;MID1IP1;SMARCB1;ACP1;ACTG1;PHGDH;CCDC167;SRSF9;EWSR1;KIFC1;H2AC20;NONO;TRAIP;SMARCE1;PSMC3IP;HNRNPU;SMARCA4;BIRC5;PRR11;UBE2C;TXNDC12;AURKB;PIN1;MYL6B;PHF19;NCAPH2;IMMP1L;C21orf58;QPRT;DDX39A;HNRNPH3;H2AZ1;ACOT7;ACAT2;CTNNBL1;ZWINT;FUS;HNRNPA2B1;TMEM106C;HAUS8;HNRNPA0;TOP2A;TCF3;MAGOH;TPX2;STRBP;HNRNPM;PAQR4;SLC25A5;PTMA;NSD2;SF3B2;CDCA8;PIF1;SERHL2;TACC3;TUBA1B;H2AZ2;LIG1;SAE1;UBE2S;ASF1B;MXD3;TP53I13;SMC1A;VDAC1;PSRC1;C12orf57;CCNF;HNRNPA1;KPNA2;SRP14;WDR62;CMTM8;BUB3;HMGB3;DCTN3;UBE2I;CDCA7;NUDT5;HMGB2;CDK5RAP2;PIMREG;LMNB1;GTSE1;MAD2L2;EIF4A3;SKP2;DDAH2;KPNB1;TIMELESS;RBMX;RBBP7;MARCKSL1;CKS1B;CDCA5;H2AX;SGO1;MDH1;RAD51;MACROH2A1;HJURP;IFT22;ANP32A;CARHSP1;E2F8;UBB;CENPA;FANCG;HNRNPA3;INCENP;N4BP3;SKA3;TCF19;CTPS1;MAD2L1;ALDH7A1;SFPQ;CENPF;SPC25;SYVN1;PRPSAP1;ATP5F1C;FIRRM;CDC25C;HMCES;APOLD1;RBM8A;ARHGAP33;TUBB;SHCBP1;EZH2;PPP1CA;NCAPD2;MKI67;GLO1;MAPRE1;SET;BARD1;SRP9;NDUFA4;KIF15;PPIA",-2.101835757463535,2.2863805458647424e-11,TRUE,
"GAUTAM_EYE_CHOROID_SCLERA_MELANOCYTES",151,-0.47639494403421406,-2.2062228162870374,1.8757533987197326e-9,6.808984837352629e-9,"PHB1;IMP4;CCT7;TIMM44;ERP29;EIF2S2;XAB2;ARF1;TUFM;ENOPH1;PSMC3;ATG101;RPLP0;CHCHD3;SNRPE;AHSA1;FAU;LSM7;CHTOP;SLIRP;ATP5F1D;CYC1;CHCHD2;GADD45GIP1;NELFCD;NUDC;EIF3G;PFDN6;RAD23A;NELFE;B3GAT3;TAF9;COX6A1;ZPR1;MRPS18C;SLC35B2;MED10;CUTA;GALE;MRPL57;AKAP8;PPAN;TOMM22;PEPD;PRELID1;COX7C;SOD1;SLC25A5;DNAJA4;CAMTA1;NOL12;UNK;DHPS;KARS1;CCT5;BCAN;MT-CO2;RNH1;AP2M1;NOP56;MRFAP1;JAGN1;SNHG8;SLC4A2;SNX8;NGDN",-2.2836735321096326,4.040892073435421e-10,TRUE,
"HE_LIM_SUN_FETAL_LUNG_C7_MID_SCHWANN_CELL",237,0.46055786065546067,2.0863717891338047,2.1059858826606173e-9,7.606695277669692e-9,"ARHGAP15;ABCA8;ITM2A;FGL2;MAL;MAF;ENPP2;NXPE3;COL14A1;CCL2;TSPAN11;PLSCR4;FBLN5;IFIT3;LAMP5;TFPI2;SAMHD1;NIBAN1;ITIH5;LIPA;RASSF4;SEMA3G;KLK6;DCN;RELN;GNG11;IFIT2;ATP1A2;GPR137B;RAB31;GATM;EGR3;AXL;GASK1B;SSPN;SLIT2;PDPN;HEY1;FBLN2;AQP1;TNS1;LATS2;LAMA2;ANXA1;RHOJ;PLXDC2;IFI6;SEMA7A;RGS10;SH3BP5;GNG12;NR2F1-AS1;EMP3;ALOX15;VGLL3;TTYH2;RASL12;GFRA3;PDK4;PDGFC;HLA-B;CD59;LRRC4;SH3PXD2B;TNFAIP6;TAFA5;FRMD4B;PRRT1;UTRN;GLRB;PCDH7;ADAMTS5;OLFML2B;TENT5A;NID2;KANK4;SORBS1;THBS1",2.3437016762430747,7.72460451658537e-14,TRUE,
"CUI_DEVELOPING_HEART_VASCULAR_ENDOTHELIAL_CELL",185,0.49107268154502703,2.13513694520495,2.132585926589636e-9,7.664640508436019e-9,"ABI3BP;ADH1B;FGL2;TRIM22;VCAM1;SFRP1;MMRN1;PTGDS;MGP;CFH;FBLN5;ICAM1;EFEMP1;LTBP2;HEG1;DKK2;THBD;MAP3K8;CTSK;TNFAIP3;GJA5;PDE4B;PTGS1;PTN;MMP2;C1R;SWAP70;ADAMTS1;SULF1;GLT8D2;RAMP3;DEPP1;HAPLN3;MMRN2;GABARAPL1;CFI;GASK1B;CLEC14A;TCN2;CPXM2;FBLN2;CLU;ELN;TXNIP;IFI6;IGFBP7;KLF2;CARD16;BTG2;FOSB;NNMT;BGN;ITSN2;EMP3;PDGFD;SKIL;ADCY4;CTSD;PXDC1;ECM2;RGS5;CDC42EP3;HTRA1;CRIM1;MRC2;KLHL13;LOX;LTC4S;NFKBIA;CXCL1;SFRP4;TENT5A;KCNMB1;BST2;CPAMD8;SLC7A8;COL5A1;MEGF6;LIMA1;COL5A2;MEIS2;KLF4;CD58;GJA1;AHNAK2",2.3915470528259815,8.06444360434553e-13,TRUE,
"DESCARTES_FETAL_LIVER_VASCULAR_ENDOTHELIAL_CELLS",102,0.5902377389068617,2.3619928425469445,2.4083133829446866e-9,8.612982837526318e-9,"DNASE1L3;CPNE5;MAN1C1;JAM2;VIP;SLCO2A1;BMX;DKK2;CLEC3B;PDE2A;STAB1;EMCN;LDB2;KLF8;TAMALIN;RAMP3;NHSL2;CCM2L;ACP5;MMRN2;ARHGEF15;CLEC14A;ADGRL4;KIF17;FEZ1;KLHL4;CPXM2;PLPP3;OLFM1;DIPK2B;SOX17;TRPM6;DUSP5;TM4SF18;HSPA12B;RASSF9;KDR;NOVA2;FLT4;EDN1;KANK3;C2CD4D-AS1;PLK2;LHFPL2;ADCY4;F8;ADGRF5;IL33",2.4852909600979967,4.6916226204464336e-11,TRUE,
"TRAVAGLINI_LUNG_NATURAL_KILLER_T_CELL",27,0.8141217189056094,2.5033799655885898,2.4293758480779607e-9,8.645719929924506e-9,"SLA2;IL2RB;CD69;CRTAM;NKG7;RGS1;TNFRSF18;CTSW;CD7;ZNF683;KLRD1;PRF1;CXCR4;GNLY;GATA3;B2M;HLA-C;HOPX;SOCS1;KRT86;CXCR3",2.5025718755795268,4.877237242674726e-9,TRUE,
"DESCARTES_FETAL_ADRENAL_VASCULAR_ENDOTHELIAL_CELLS",103,0.5818175663636694,2.3348459879881145,2.5500872545364357e-9,9.03104071606562e-9,"DNASE1L3;RBP5;MADCAM1;SHE;SLCO2A1;FCGR2B;ELK3;TEK;CX3CL1;FAM110D;CP;PDE2A;APLNR;PLIN4;CA4;LDB2;CALCRL;CD34;CLDN5;MMRN2;ARHGEF15;CLEC14A;ADGRL4;BCL6B;PLPP3;DIPK2B;SOX17;NPR1;VAMP5;TRPM6;TM4SF18;ACVRL1;KDR;FLT4;EDN1;USHBP1;KANK3;ROBO4;CDH5;FFAR2;CYP26B1;SEMA6B;ENG;ADCY4;F8;TMEM88;TIE1;SOX18;CEACAM1;RAMP2;GPR4;RGS7BP;CHRM3;HLX;AFAP1L1;THSD1;ECSCR;SNCAIP",2.668480840278184,5.6470009757388084e-14,TRUE,
"DESCARTES_FETAL_STOMACH_VASCULAR_ENDOTHELIAL_CELLS",28,0.8079058280836794,2.4889391174353652,2.9028575709895282e-9,1.0230459206497076e-8,"MADCAM1;CPNE5;A2M;MEOX1;NKX2-3;CYYR1;CLEC3B;APLNR;EMCN;CCM2L;CD34;EPAS1;ARHGEF15;CLEC14A;BCL6B;TM4SF18;SELE;KANK3",2.514849419159892,5.8639404994618186e-9,TRUE,
"TRAVAGLINI_LUNG_MYOFIBROBLAST_CELL",60,0.6637192813089294,2.42503440294368,3.004252206406321e-9,1.0536652665946806e-8,"CYSLTR1;C16orf89;PSTPIP1;CFH;LTBP2;THBD;PTGER1;MMP2;VIM;PRELP;CLU;VCAN;LXN;CCDC68;PDLIM3;USP18;DPT;PAMR1;HS3ST3A1;TYRP1;CTHRC1;PDGFC;DKK3;ROBO2;NEDD9;GEM;SLITRK6;NTM;COMP;SCARA3;LUZP2;ROBO1;CXCL14;COL3A1;CCN2;RARRES1;COL12A1;TGFBR3;CCDC146;POSTN;PKIG;COL1A1;CNN3;ENC1",2.528003143082946,3.5644866918125866e-10,TRUE,
"FAN_EMBRYONIC_CTX_BRAIN_ENDOTHELIAL_1",433,0.3915046494473994,1.868955789224362,4.136371996358577e-9,1.4437529179597726e-8,"CD27;GIMAP7;ITM2A;SPOCK2;PIK3R6;MMP25;LIFR;RASGRP3;JAM2;CAVIN2;PRKCH;LMO2;PALMD;GBP4;SLCO2A1;S1PR1;CYYR1;HEG1;PECAM1;SULT1C4;CA2;ZNF366;CLEC3B;TEK;SPARCL1;APOL4;SH2D3C;SEMA3G;ERG;FOXF2;PDE4B;ADGRL2;APLNR;MYCT1;CETP;GNG11;PREX2;TCF4;DLC1;EMCN;CA4;VIM;FOXF1;CALCRL;GGT5;CD34;CLDN5;EPAS1;HAPLN3;MMRN2;WWTR1;FZD4;ATP10A;ARHGEF15;CLEC14A;ADGRL4;C1orf54;TCN2;FSTL1;BCL6B;EBF1;HEY1;CLIC5;TGM2;DIPK2B;SOX17;CD93;IFI44;VAMP5;TUSC3;FOXC1;PTPRM;ELN;RFTN2;ANXA1;RHOJ;LXN;TM4SF18;IFI44L;IFIT1;HSPA12B;HOPX;PHLDB1;IFI6;IGFBP7;ACVRL1;IFI35;KDR;ALPL;MX1;FLT4;EDN1;PLEKHG1;AFAP1L2;USHBP1;TMEM50B;RELL1;KANK3;ROBO4;CAV2;PRCP;BMPR2;LAMA4;CTHRC1;MSRB3;HMCN1;SLC16A2;CDH5;PLK2;TPM4;TTYH2;FHL3;ENG;CLEC2B;MYH10;ADCY4;CDH11;TMEM88;PARP12;SNTB2;ADGRF5;TIE1;SLC2A3;IFNAR2;CDH6;JCAD;SOX18;SMAD1;FKBP1A;KLHL5;UTRN;ABLIM3;RAMP2;MALT1;CLIC4;CCN1;TTN;CAPN2;PLXND1;NOS3;IL32;NID2;SESTD1;DOCK9;SORBS1;LEF1;VWF;PAM;PTPRG;BST2;SLC7A8;SPARC;AFAP1L1;THSD1;ECSCR;LRRC17;KIAA1671;MEGF6;FLT1;OXR1;RAPGEF5;MT1F;CSRP2;RAI14;COL5A2;LAPTM4A",2.178606174862133,3.547374576008736e-15,TRUE,
"AIZARANI_LIVER_C38_RESIDENT_B_CELLS_3",23,0.8275839195947492,2.4633181782092923,4.931049167491806e-9,1.712890763444522e-8,"CD79A;LY9;FCRL5;CD27;SLAMF7;JCHAIN;POU2AF1;MZB1;DERL3;MEI1;IGHA1",2.5358972692591073,3.178139877032712e-9,TRUE,
"TRAVAGLINI_LUNG_LIPOFIBROBLAST_CELL",143,0.5261254017849768,2.234186027302919,5.176592719178315e-9,1.789622054344503e-8,"C7;C3;SGK1;C1S;CD74;RSPO3;IL1R1;GPNMB;TFPI2;CYP1B1;SERPINF1;TYMP;CCDC80;NGFR;FGF7;NR4A3;PLAAT4;ALDH1A3;MMP19;CXCL12;PLSCR1;MEDAG;PNRC1;ELL2;MCL1;CFI;APOD;CDC42SE1;NCOA7;SOCS3;SLC20A1;PDPN;CREM;CCDC71L;MLLT11;CPXM1;GLI3;SRPX;SH3BP5;STAT3;NNMT;BNC2;RGS2;GFPT2;CYP26B1;FAM124A;PAPPA;OSR1;PGAP1;REL;KLF9;PLA2G2A;TIPARP;TSHZ2;ADAMTS4;CTSH;FOSL1;ZFP36L1;B4GALT1;RGS4;PIM1;FNDC4;ZFAND5;PITPNC1;ERRFI1;KLF4;RND3;COL3A1;GJA1",2.338011205021201,9.277358382839547e-10,TRUE,
"DESCARTES_FETAL_PLACENTA_VASCULAR_ENDOTHELIAL_CELLS",83,0.6164217839311229,2.3822921404393442,5.201384719673495e-9,1.7896707613663307e-8,"SHE;S1PR1;AFF3;CYYR1;FCGR2C;FCGR2B;TEK;CLEC1A;FAM124B;MEOX2;ERG;APLNR;ZNF521;LDB2;JAM3;TAMALIN;CCM2L;CD34;CLDN5;ARHGEF15;CLEC14A;ADGRL4;BCL6B;HEY1;DIPK2B;CD93;RHOJ;TM4SF18;RASSF9;KLF2;KDR;NOVA2;USHBP1;HS3ST3A1;PCDH17;ROBO4;KL;CDH5;FAM124A;ADGRF5;TIE1;IL33;JCAD;SOX18;LHX6;RAMP2",2.6373898302008603,1.669143738733521e-12,TRUE,
"FAN_OVARY_CL18_B_LYMPHOCYTE",416,0.397703492792062,1.8992309038688888,5.352631979671227e-9,1.8330239703968447e-8,"CCR7;CD79A;IRF4;JAML;LTB;HCLS1;SELL;JCHAIN;EVI2B;CD37;DNASE1L3;CD4;IGKC;PLD4;HVCN1;CLEC2D;LIMD2;CD53;MZB1;NCF1;LSP1;GPR65;GPR183;LCP1;CYTIP;DERL3;HLA-DRB5;MS4A6A;FMNL1;HLA-DQA1;GPSM3;LPXN;HLA-DPA1;HLA-DRA;HLA-DMB;LAPTM5;LILRB4;HLA-DQB1;HLA-DRB1;SPIB;FCER1G;CD83;PLEK;ARHGDIB;SRGN;SERPINB9;CD74;HLA-DPB1;MIR155HG;THEMIS2;SEPTIN6;PTGDS;LITAF;HLA-DMA;TYROBP;ALOX5AP;CXCR4;NR3C1;CTSC;CORO1A;TYMP;IL4I1;CTSS;IDS;IFNGR1;PHACTR1;CFLAR;TCF4;HCST;IL3RA;BIRC3;SH2B3;CDC42SE2;B2M;YPEL5;TGFB1;HERPUD1;LGMN;N4BP2L1;FERMT3;ISG20;PMAIP1;HLA-C;CREM",1.974768934320968,2.6201971416504277e-10,TRUE,
"LAKE_ADULT_KIDNEY_C7_PROXIMAL_TUBULE_EPITHELIAL_CELLS_S3",128,-0.4810658681781687,-2.1785573800244475,5.719885626282496e-9,1.9455030275364453e-8,"RPS21;RPL19;PEBP1;RPL23;RPLP2;RPS28;RPS24;RPL8;ATP5F1E;RPL12;RPLP1;RPL7A;RPS18;RPL37;RPL27;RPL31;RPL13;COX4I1;RPL3;RPL11;EEF2;RPS15;RPS11;RPS16;ANPEP;RPS27A;RPS8;RPL37A;RPS13;RPL34;RPL38;RPL18;NCL;RPL35;RPL4;RPL27A;RPS19;RPS4X;HSPD1;RPS6;RPS12;SERF2;RPL13A;SDC4;RPL6;COX7C;RPL32;PTMA;RPL35A;RPS9;RPS14;HSP90AB1;RPSA;RPL5",-2.450689497922558,2.14180865237697e-11,TRUE,
"LAKE_ADULT_KIDNEY_C28_INTERSTITIUM",85,0.6144530915543485,2.392724851135257,5.734678345630844e-9,1.9455030275364453e-8,"C7;A2M;ZEB2;MGP;DPYD;SYNE1;NEGR1;IL6ST;DCN;SETBP1;UBE2E2;AKAP12;LDB2;RERG;RBMS3;LHFPL6;SLIT3;CALD1;TIMP3;EBF1;RBMS1;LAMA2;PLXDC2;IGFBP7;MEIS1;SSBP2;AKT3;PALLD;COL4A4;MAP3K5;ZBTB16;INPP4B;UTRN;ITSN1;FOXO3;TSHZ2;CBLB;CCN1;KIAA1217;TTC28;SORBS1;THBS1;ITGA1",2.314655208011704,1.9203935182745266e-7,TRUE,
"FAN_OVARY_CL0_XBP1_SELK_HIGH_STROMAL_CELL",141,-0.4769969223759517,-2.183835886987135,6.3407124997721065e-9,2.1410964068997902e-8,"RPLP2;RPS2;RPS24;RPL8;RPL12;RPLP1;EIF2S2;RPS18;RACK1;FBL;EIF1;RPL31;RPL13;NUPR1;RPL3;RPL36;RPL11;NACA;HES1;FAU;RPL23A;RPS15;SNHG32;RPS27A;RPS8;RPS13;RPL34;RPL38;RPL18;HSPA9;CHMP4B;RPS19;RPS4X;HSPD1;RPS5;EPB41L4A-AS1;RPS6;H2AZ1;RPS12;RPS3;RPL13A;RPL6;ZFAS1;RPL32;PTMA;SNHG7;RPL18A;RPL30;RPL35A;RPL10A;RPS9;RPS14;HSP90AB1;RPL5;GNL3;RPL41;INSIG1;SNHG8;IFRD1;RPL7;HSPA5;RPL21;YBX1;RPL14;RPL36AL;RBMX;PEG10;EEF1D;SELENOK",-2.3250108544773784,2.0101984684843848e-10,TRUE,
"AIZARANI_LIVER_C31_KUPFFER_CELLS_5",111,0.564982555360512,2.305996285829565,7.46377835237968e-9,2.5086588351053926e-8,"EVI2B;POU2F2;AIF1;LST1;CYBB;LILRB1;IL6R;CLEC7A;FCER1G;FGR;TNFSF14;MS4A7;ZEB2;ADAP2;LILRB2;WARS1;FCGR3A;TYROBP;ITGAX;MAFB;APOBEC3A;IRAK3;CTSS;CCDC88A;PELATON;LILRB3;FCN1;CALD1;PSAP;ITIH3;VCAN;LYN;CTSB;MYH11;STAT3;CHRD;C5AR1;RNF144B;RGS2;H6PD;DISP2;REL;COTL1;TNFRSF1B",2.3312266767410206,5.370040829287406e-9,TRUE,
"LAKE_ADULT_KIDNEY_C9_THIN_ASCENDING_LIMB",265,-0.3872606073303229,-1.930893158702983,8.44533021954128e-9,2.825488359164502e-8,"RPL19;PEBP1;RPL23;RPLP2;RPS2;RPS24;RPL8;RPL12;RPLP1;RPL7A;PSMA7;RPS18;DANCR;RACK1;ARF1;EIF1;RPL31;RPL13;GDF15;COX4I1;RPL3;RPL11;NACA;RPLP0;WFDC2;EEF2;FAU;ACTG1;RPS15;RPS11;RPS16;RPS27A;RPS8;UBA52;RPL37A;RPS13;RPL34;RPL18;NCL;GAPDH;RPL35;RPL4;GNAS;HNRNPU;RPS19;CBR1;RPS4X;HSPD1;PPIB;TPI1;RPS5;ATP5MC3;RPS6;RPS12;SERF2;RPS3;RPL13A;ATP5F1B;ADGRG1;RPL6;SDHA;HNRNPA2B1;CCT6A;RAN;COX7C;RPL32;HNRNPM;SOD1;PTMA;ENO1;RPL30;RPL10A;RPS9;RPS14;GSTP1;HSP90AB1;RPSA;SRP14;MAOA;RPL5;SERBP1;GPX1;SLC25A3;RPL7;HSPA5;PKM;RPL21;CIB1;ANXA4;RPS17;EPCAM;YBX1;KRT18;RPL14;PSMB1;SCCPDH;PDIA3;EEF1D;RPS7;SERPINA1;UBB;RPL15;LAMTOR5;LDHB;HNRNPA3;H3-3B;CTNNA1;RPS20;RPS23;HINT1;CNBP;PGK1;MPC2;EEF1A1;CYSTM1;ATP5F1A;RPL10;BTF3;HNRNPC;NAP1L1;CYB5A;MET;LDHA;YWHAB;ATP5F1C",-2.010611918534292,2.0102440852820336e-9,TRUE,
"HE_LIM_SUN_FETAL_LUNG_C2_BASOPHIL_CELL",95,0.5871755997361028,2.3195060927980657,8.656449759030443e-9,2.8828360206679365e-8,"TESPA1;LAX1;NLRC3;CSF2RB;CPA3;CD69;CR1;HDC;RGL4;IL1RL1;MMP25;ETS1;SLC18A2;ZNF683;CLC;RAB37;C16orf54;CD244;CSF1;APOBEC3A;ADAM19;ADGRG3;TMEM154;AKAP12;IKZF2;EIF4E3;RAB27A;ELL2;HK3;JAZF1;ATP10D;RFLNB;PDE3B;ADAM8;HPGD;LINC00324;FGFR1;PABIR3;HELB;TTN;EIF2AK3;CXCR1;IL32;KIF13A;PBXIP1;FAM117A;PIM1",2.3711063752190187,4.381904967587786e-9,TRUE,
"FAN_EMBRYONIC_CTX_MICROGLIA_1",148,-0.45513831782636505,-2.105284805560268,9.44134897790732e-9,3.129871852950098e-8,"ANAPC11;SIVA1;CENPM;TUBB4B;KIF18B;SPAG5;KIF22;AURKA;CKAP5;BIRC5;PRR11;ESPL1;UBE2C;AURKB;PHF19;C21orf58;DDX39A;DTYMK;TROAP;H2AZ1;CDC20;TK1;CDCA3;PLK1;ZWINT;FAM83D;TMEM106C;TOP2A;TPX2;CIT;CDCA8;TACC3;H2AZ2;ASF1B;MXD3;SMC1A;CCNF;KPNA2;UBE2T;CKS2;IQGAP3;BUB3;CDKN3;KIF4A;CDK2AP2;NCAPG2;NCAPH;CENPW;HMGB2;CCNB2;PIMREG;GTSE1;KNSTRN;PRC1;MRPL18;CKS1B;KIF20A;H2AX;SGO1;HJURP;RRM2;POLQ;TCF19;CCNB1;MAD2L1;KIF2C;CCNA2;KIF23;CENPF;SPC25;TUBA1C;CDC25C;SHCBP1;RHEB;EZH2;NCAPD2;MKI67;CEP152;TTF2;BARD1;CENPE;PTTG1;PCLAF;ARHGAP11A;ATAD5;KIF15;BRCA2;PLK4;CENPN;GLA;ITGB3BP;CCDC18",-2.402740064123508,1.8547926151258384e-11,TRUE,
"FAN_OVARY_CL9_PUTATIVE_APOPTOTIC_ENDOTHELIAL_CELL",365,0.39945947987259134,1.8812082008524207,9.843306913385949e-9,3.248291281417363e-8,"GIMAP7;GIMAP6;GIMAP4;ITM2A;GIMAP8;HLA-DRB5;CLIC2;LIFR;HLA-DRB1;GBP1;A2M;CD74;PLEKHO1;GBP2;MSN;ACKR1;MGP;ZNF385D;HLA-DMA;LRRC8C;LAP3;IFIT3;ICAM1;IRF1;TNFSF10;IFI16;MEF2C;SP100;HHEX;SPARCL1;ERG;PARP14;IL6ST;MYCT1;IFNGR1;GNG11;PLSCR1;HLA-E;CFLAR;TCF4;SWAP70;STOM;EMCN;FAM241A;LDB2;CALCRL;UBE2J1;B2M;DEPP1;CREBRF;CLDN5;EPAS1;WWTR1;TAP1;SASH1;GASK1B;HMOX1;NCOA7;CLEC14A;ADGRL4;SOCS3;PLPP3;STING1;AQP1;RBMS1;SOX17;HLA-C;CLU;KLF6;MBNL1;AP1S2;DNAJB4;ANXA1;TM4SF18;IFI44L;LPAR6;IFIT1;UGCG;IFI6;IGFBP7;ADAR;JAK1;SH3BP5;MAX;MX1;CEBPD;SRSF5;STAT3;GNG12;SELE;SOD2;NNMT;PCDH17;NCK1;EMP1;EIF2AK2;CAV2;YPEL2;BMPR2;MAP1LC3B;LAMA4;CTHRC1;ANKRD12;DAB2;SDCBP;HIF1A;ENG;CLEC2B;BTG1;PHACTR2;HLA-B;CD59;TFPI;CDC42EP3;BNIP2;CAST;SLC2A3;CRIM1;SMAD1;FKBP1A;ELF1;NFKBIA;MAST4;CRBN;CCDC50;SLC38A2;ARRDC3;ARID5A;HLA-A;PSME2;MGAT1;LUZP1;THBS1;HLX;LIMS1;VWF;SERTAD1;SINHCAF;RDX;UBE2B;ZFAND5;SPARC;RAB5A;CYTOR",1.9027107340741394,1.618910723669366e-8,TRUE,
"DESCARTES_FETAL_LIVER_STELLATE_CELLS",100,0.5724007150722183,2.2883861224392352,9.889025186151752e-9,3.2486118937312996e-8,"LIFR;RSPO3;MFAP4;ITGA8;ITIH5;HS3ST3B1;PKNOX2;NGFR;CACNA2D1;GPC6;SVEP1;BMP5;PDGFRA;MSC-AS1;LUM;GGT5;SYNPO2;RBMS3;HGF;VSTM4;C1QTNF7;FERMT2;FAM13C;DACT3;FGF10;STEAP4;ADCY5;LAMA2;KCNE4;ALPL;DENND2B;AFAP1L2;BGN;TWIST2;ABCC9;ADAMTS12;COL6A3;RASL12;PDGFRB;DAAM2;C1QTNF2;ADGRA2;DSEL;SEPTIN4;MXRA8;ROBO2;CARMN;LZTS1;GEM;MASP1;SLITRK6;FGF1;NID2;ADAMTSL1;ITGA1",2.611009328920706,4.826092913509416e-13,TRUE,
"MENON_FETAL_KIDNEY_8_CONNECTING_TUBULE_CELLS",251,-0.3929654328215498,-1.9410137754349461,1.1769780867606567e-8,3.8490364458929584e-8,"PEBP1;ROMO1;COPS6;POLR2L;ERBB2;NDUFA3;ATP5MC1;ATP5F1E;OST4;PLEKHJ1;COA3;COX4I1;LMAN2;PDHA1;KIF12;WFDC2;NDUFA6;LLGL2;LRPAP1;PHGDH;NDUFB7;CHCHD10;DNASE1;NDUFA10;COX7B;MRPS18B;PFKL;ETFB;CYC1;PLXNB1;NDUFB10;ATP5ME;FAM171A1;SERPINF2;ECI1;SUCLG1;UQCRQ;COX6B1;ZNHIT1;QPRT;TMED4;COX6A1;ATP5MC3;COX8A;ATP5IF1;SERF2;ATP6V0B;NDUFB2;COX5A;ATP5F1B;RAB3IP;MICOS13;SDC4;COX5B;COX20;NDUFC1;CHMP2A;NDUFA1;MYO10;COX7C;SOD1;SLC25A5;FKBP2;COX6C;MT-RNR1;COPS9;VDAC1;SMIM24;MT-CO2;PTPRF;ATP6V1F;NDUFB9;HNF1A-AS1;NDUFA2;COX7A2;ANXA11;CLCN5;HIGD2A;EPCAM;SEC61G;PNKD;NDUFA13;KIF3B;PRMT2;RPL36AL;TSTD1;MGST3;COMMD6;RBM47;TCEAL4;NOP10;UQCR10;ZNF503;ARSD;JADE1;UQCRB;LAMTOR5;SULT1C2;MT-CO1;LDHB;SCUBE3;NEDD4L;KNOP1;ATP5MG;MPC2;ATP1A1;UBE2G2;KRT8;TFCP2L1;COBLL1;AFG3L2;KRT19;NDRG1;ATP5F1A;CYB5A;YWHAB",-1.715055144379476,1.1016141559838193e-5,TRUE,
"DESCARTES_FETAL_PLACENTA_IGFBP1_DKK1_POSITIVE_CELLS",85,0.6084582333884312,2.3693804391536424,1.3472174341812128e-8,4.3860083283208993e-8,"SCARA5;CHI3L2;IL1RL1;TNFRSF8;CHRDL1;CILP;MAP3K4-AS1;CYP1B1;HSD11B1;CTSK;ADAMTS8;IGFBP5;LRRN4CL;AOX1;PGR;C1R;ALDH1A3;MEDAG;LUM;GGT5;CRLF1;APOD;S100A3;SSC5D;CPXM1;PLPP1;SHISAL1;GPR176;ENTPD3;SPOCK1;CHRD;RGS2;TRPC4;ISLR;ADGRG2;LRRC15;COL4A4;P4HA3;OSR2;MXRA8;THY1;ADAMTS4;SDC3;C11orf96;CD248",2.5079402627698903,5.938333804735015e-10,TRUE,
"DESCARTES_FETAL_MUSCLE_STROMAL_CELLS",62,0.6436312883992639,2.3556898699741033,1.7112974700062362e-8,5.546437335823783e-8,"ITM2A;SCARA5;CILP;TNXB;TMEM119;C1S;MGP;RSPO3;TMEM26;ANGPTL1;DKK2;CTSK;GREM1;C1R;OGN;PDGFRA;DCN;LUM;FNDC1;FBLN1;ACKR4;DPT;CBLN3;ANOS1;COL8A2;ISLR;MFAP5;SHISA3;OSR1;MRC2;CLCA4-AS1;PCOLCE;WNT10B;PHEX;CCBE1;COL1A2",2.4881938621562876,1.2949262023870201e-9,TRUE,
"HE_LIM_SUN_FETAL_LUNG_C5_PRO_B_CELL",445,-0.32869334486396734,-1.7414916531512352,2.285465931042322e-8,7.374436737496559e-8,"TUBG1;AARS1;C19orf48P;SMARCD2;RCCD1;E2F1;EBP;TMEM97;SAC3D1;CENPM;HIRIP3;MCM3;POLD1;HACD3;CCHCR1;CDC6;PKMYT1;PHGDH;SPAG5;CDT1;ILVBL;CHTF18;CCDC167;MYBL2;KMT5A;KIF22;KIFC1;ZNF771;SEPHS1;MIS18A;CDC25A;RFC2;TRAIP;ARHGEF39;DHRS4L2;SHMT1;AURKA;PAFAH1B3;SPC24;PSMC3IP;CKAP5;BIRC5;PRR11;CHAF1A;UBE2C;AURKB;POC1A;ABHD12;PHF19;ORC6;UCK2;NCAPH2;C21orf58;GINS2;ACYP1;DTYMK;TROAP;DNAJC9;CDC20;ADGRG1;PIDD1;FEN1;TK1;CDCA3;NCAPD3;ACAT2;CDC45;PLK1;ZWINT;DSN1;SAMD1;CHEK2;TMEM106C;TOP2A;MCM2;TEDC1;FANCA;TPX2;CIT;PAQR4;TRIM24;NSD2;PRXL2A;CDCA8;CFAP20;LMNB2;TACC3;FAF1;LIG1;UBE2S;GAMT;ASF1B;MXD3;PSRC1;SPATA33;CHAF1B;CCNF;UHRF1;UBE2T;HMGB3;BCL2L12;CDCA7;CDKN3;KIF4A;CENPO;TRIP13;NCAPG2;NCAPH;CENPW;NENF;CCNB2;PIMREG;FHIT;GTSE1;CSE1L;RRM1;RFC4;GPSM2;TIMELESS;WWOX;GINS3;GMNN;KNSTRN;PGRMC1;DDX11;PRC1;SCCPDH;CKS1B;KIF20A;EXO1;CDCA5;CCDC34;SGO1;BRCA1;RAD54L;CTBP2;AKIP1;HJURP;SCML2;PDZD11;E2F8;GMPS;SMS;CENPA;RBL1;RNF168;RFWD3;CDK2AP1;FANCG;RFC3;CHEK1;CPNE2;UNG;MAP3K20;RRM2;INCENP;SKA3;CDCA4;TCF19;CCNB1;ORC1;MAD2L1;KIF2C;HPRT1;CBX2;NEIL3;NINJ1;CCNA2;KIF23;ALDH7A1;HAUS4;CENPF;FANCI;TFDP1;SPC25;GINS1;PARP2;SVIP;PRPSAP1;C5orf34;CDC25C;TUBGCP3;ARHGAP33;SHCBP1;CMC2;EZH2;CDK2;DHFR;PSMG1;CTNNAL1;NCAPD2;C4orf46;MCM6;MKI67;CEP152;MBOAT2;MCM4;BEX3;TTF2;BARD1;ZNF367;CENPE;PTTG1;PCLAF;ARHGAP11A;ATAD5;KNTC1;KIF15",-1.93795082027737,6.583366014355523e-11,TRUE,
"MENON_FETAL_KIDNEY_9_ENDOTHELIAL_CELLS",102,0.5731804252164452,2.293733478236457,2.370369864398079e-8,7.614550980323032e-8,"GMFG;LIFR;ETS1;A2M;CAVIN2;CD74;MSN;PECAM1;IFI16;MEF2C;IGFBP5;IL6ST;APLNR;GNG11;HLA-E;TCF4;EMCN;B2M;CD34;CLDN5;ADGRL4;TIMP3;PLPP3;MARCKS;NRP1;VAMP5;NIN;TM4SF18;KDR;PCDH17;PRCP;TPM4;PIEZO2;HLA-B;TGFBR2;ADGRF5;COTL1;ACTR2;FKBP1A;THY1;RHOA;RAMP2;PBX1;ARPC2;HLA-A;RDX;SPARC;FLT1;GNAI2;MEIS2",2.4527996893774877,1.9669307896791611e-10,TRUE,
"RUBENSTEIN_SKELETAL_MUSCLE_MYELOID_CELLS",341,0.4109097530385317,1.9207827714315346,2.543760927292229e-8,8.135552569225367e-8,"JAML;PTPRC;HCLS1;CD48;CD37;CD52;IL10RA;MPEG1;FYB1;LIMD2;CD53;LSP1;LY86;GMFG;STX11;LCP1;FGL2;MS4A6A;GPSM3;AIF1;LST1;HLA-DPA1;IGSF6;CYBB;RGS18;HLA-DRA;CYRIA;CLEC7A;C1orf162;LY96;LAPTM5;RNASE6;MNDA;HLA-DRB1;PPP1R18;FCER1G;TNFSF13B;CD83;SPI1;PLEK;ARHGDIB;SRGN;HCK;CD74;MS4A7;HLA-DPB1;CSF2RA;HLA-DMA;ITGB2;FCGR3A;TYROBP;CPVL;PILRA;APOBEC3A;CORO1A;CALHM6;SAMHD1;SMAP2;TYMP;FCGR1A;TSC22D3;IFI30;CTSS;CD14;FCN1;PLSCR1;HCST;LILRA5;S100A4;MCL1;FPR1;HERPUD1;CDC42SE1;BCL2A1;NFKBIZ;PSAP;AP1S2;VCAN;GLIPR2;RGS10;CTSB;CARD16;UBE2D1;RAP1A;CCL3;SOD2;BTG2;FOSB;PLAC8;CASP1;C5AR1;EMP3;RGS2",1.9743643984989419,3.3444070457364774e-9,TRUE,
"DESCARTES_FETAL_SPLEEN_MESOTHELIAL_CELLS",157,0.5029241525459865,2.167015588157904,3.077547606682065e-8,9.799559484434997e-8,"FABP4;SPOCK2;MAF;CHRDL1;BMP3;MGP;RSPO3;EFEMP1;GPNMB;ADGRL3;ADAMTS8;AOX1;PTGIS;VAT1L;OLR1;WNT2B;OGN;EPHB6;REC8;SEMA3D;ADAMTSL4;FENDRR;FOXF1;SULF1;GLT8D2;ID4;HHIP;SOCS3;SGIP1;SFRP2;INMT;PDPN;ANXA1;B3GALT1;SLC4A4;INSYN1;GLP2R;KRT7;LGI2;BNC2;GFPT2;ANO5;CA11;PAPPA;FLRT3;IL6;HAND2;COL8A1;PLAT;PLA2G2A;TGFB3;ADAMTS5;DUSP1;RRAD;EFNB3;NEK5;HHIP-AS1;CSRNP1",2.2897567115691158,5.249122321095418e-10,TRUE,
"MANNO_MIDBRAIN_NEUROTYPES_HSERT",308,0.41419605104642493,1.9217630365939522,4.283902714316434e-8,1.3581281094295768e-7,"PRKCB;CD2;POU2F2;RIPOR2;RASGRP2;ANKRD44;SPOCK2;GNG2;CPNE5;CA1;PLXNC1;ASB2;SLC18A2;MARCHF1;BASP1;PRKAR2B;ANK2;SEPTIN6;GREM2;GRIN3A;ZNF385D;CHGB;SCN3A;PPP2R2B;MYO5A;SSTR2;GNAO1;NEGR1;NAP1L3;RTN1;GATA3;CNTN4;CHGA;VAT1L;TRPV2;SCN9A;UBE2E2;OPTN;CACNA1E;GLT8D2;GPRASP1;RBMS3;CNIH2;PRKACB;PCDH9;NCOA7;DACT3;PRRT2;KIT;MEG3;TNS1;SH3KBP1;MLLT11;PTPRM;TRIM46;SLC24A3;PNMA8B;BEX5;GPR176;SH3BP5;ATL1;DOK6;UCHL1;CCDC184;SPOCK1;RASA4;YPEL2;CTHRC1;SERINC1;PLPPR4;FKBP1B;UNC79;SCN3B;KRT17;EID2B;ZC2HC1A;MAP1B;DPYSL3;PGM2L1;TAFA5;RNF112;SLC22A17;PAQR8;ARRB1;CPEB3;ROBO2;NAP1L5;NCAM1;MAP2K4;PCDH7;TSHZ2;ATP6V1A;CRMP1;RETREG1;STMN2;SNCG;KANK4;MYCBP2;AKAP7;PCDH19;NSG1;ERC1;AK5;VSNL1;PITPNC1;SMARCD3;MAPRE2;COL5A2;SCG2;GCH1;CD47;EMID1;DNM3",2.0573140714321227,1.4805778739481468e-9,TRUE,
"AIZARANI_LIVER_C33_STELLATE_CELLS_2",124,0.5237754999238131,2.169007517437734,4.808669927981083e-8,1.517867116397507e-7,"C7;A2M;MGP;CRISPLD2;IGFBP5;SPARCL1;RCAN2;FIGN;CYGB;PTN;NEXN;DLC1;ADAMTS1;VIM;GPX3;ID4;ANTXR1;RBMS3;EPAS1;LHFPL6;CALD1;TIMP3;MYLK;EBF1;PPP1R12B;TNS1;IGFBP7;MYH11;BGN;PALLD;TPM4;CD59;RGS5;MAP1B;CRYAB;ADGRF5;ANXA6;SEPTIN4;PLAT;MXRA7;PBX1;C11orf96;ITGA1;MEF2D;COL5A1;COL1A2;SPARC;PAG1;OAZ2;PLA2G5;COL3A1;LGI4;CAV1;DST;TBX2;FXYD6;SEMA5A;KANK2;ANK3;SOD3;CAMK2N1;CCDC3;ZFHX3",2.5607733359555107,1.074729027794391e-12,TRUE,
"HE_LIM_SUN_FETAL_LUNG_C0_MID_AIRWAY_SMC_2_CELL",174,0.48211666326004354,2.0836753832093424,5.368236073959011e-8,1.6871599089585463e-7,"RCSD1;IL21R;IGF1;C16orf89;CHRDL1;CAVIN2;ASB2;TRANK1;GBP2;GREM2;TMEM255A;SYT11;LTBP2;MYOCD;FLRT2;CRISPLD2;ADAM19;ADAMTS8;HPSE2;ENTPD1;NR4A3;ZEB1;SLC8A1;FENDRR;ATP1A2;ITGA10;IRAG1;SYNPO2;BMF;FILIP1L;HHIP;PLXNA4;FNDC1;KLHL4;SSC5D;PPP1R12B;CAP2;PLN;AQP1;RGS10;PDLIM3;MRGPRF;FBXO32;MYH11;CCN4;NNMT;TYRP1;ANOS1;SYNC;MSRB3;LMOD1;INHBA;LGR6;KCNMA1;PDGFC;CDC42EP3;ZBTB16;GEM;GLRB;PRKAG2;ADAMTS5;PBXIP1;FOXP2;ANO1;KCNMB1;RRAD;SORBS1;SCUBE1;HHIP-AS1;CSRNP1",2.3650726080385573,7.478668282368254e-12,TRUE,
"FAN_OVARY_CL16_LYMPHATIC_ENDOTHELIAL_CELL",229,0.43568143923113833,1.9662328768611401,5.670704485657612e-8,1.7745394209428562e-7,"GIMAP7;ABI3BP;GIMAP4;GMFG;FABP4;CCL21;LAPTM5;RASGRP3;A2M;MMRN1;CAVIN2;EPSTI1;SERPING1;EFEMP1;PECAM1;TNFSF10;ELK3;ITM2B;MMP2;IL6ST;MYCT1;GNG11;HLA-E;TCF4;GYPC;STOM;AKAP12;LDB2;CALCRL;SELENOP;B2M;DEPP1;CTSL;CLDN5;CFI;APOD;CLEC14A;LEPROT;TIMP3;NRP2;PSAP;PDPN;DIPK2B;MARCKS;HLA-C;CLU;KLF6;TM4SF18;TXNIP;IGFBP7;CEBPD;FLT4;PTX3;FOSB;NNMT;UGP2;PRCP;LAMA4;CTHRC1;CDH5;NTAN1;ENG;SCN3B;ADCY4;KLF10;CTSD;HLA-B;TGFBR2;CD59;MAP1B;TFPI;TIE1;ACTR2;SMAD1;FKBP1A;LOX;DUSP6;RAMP2;CRBN;TMEM50A;CCN1;TSPAN4;DUSP1;HLA-A;REEP3;LIMS1;SHC1;DEGS1;VWF",2.1377974071710693,2.744940099328516e-9,TRUE,
"GAUTAM_EYE_CHOROID_SCLERA_MONOCYTES",135,0.5167655962168567,2.1776146869041053,5.873756422749639e-8,1.8301919154146945e-7,"GAPT;ARHGAP25;BTK;KLHL6;PIK3CG;ARHGAP30;ARHGAP9;ARHGAP15;DOCK2;CD69;ADA2;GPSM3;IGSF6;RGS18;MILR1;DOK3;LILRB4;PRAM1;PSTPIP1;TNFSF13B;DPYD;PREX1;SLC7A7;CD300C;CASP10;TAMALIN;DGKA;NECAP2;SIPA1;ADAM8;SEMA6B;STX7;HECA;GLIPR1;FAM53C;ACTR2;DOCK11;TRIM14;SPOPL;CXCL1;CTSH;ARAP2;SLC30A1;HLX;LIMS1;SRGAP2;C4orf33;NUMB;EHBP1L1;SERTAD2",2.2547433113404827,1.1762637767110263e-8,TRUE,
"MANNO_MIDBRAIN_NEUROTYPES_HDA2",356,0.394041942101291,1.8509252340685571,5.988469528731018e-8,1.8579610589139825e-7,"PRKCB;CD2;POU2F2;PIK3CD;ANKRD44;CHL1;NPY1R;IPCEF1;KCNN3;IGF1;PLXNC1;SLC18A2;SV2B;BASP1;PRKAR2B;PDE1B;SCN3A;MIAT;UBASH3B;MYO5A;SSTR2;CALHM6;GNAO1;NAP1L3;RTN1;RCAN2;CNTN4;PDE2A;PDE1A;TOX2;LMO3;GFRA1;SCN9A;OPTN;RASGEF1B;CACNA1E;ARHGAP28;ARHGEF3;MCC;GPRASP1;RERG;ENOX1;PCDHB4;GABARAPL1;PRKACB;IKZF4;PLXNA4;ELOVL4;DLG2;PRRT2;RNF125;MEG3;BDNF;MLLT11;TRIM46;TUB;PDE4D;SHISAL1;BEX5;SH3BP5;DOK6;UCHL1;LGI2;PCDH17;GNPTAB;CDK14;BNC2;PACS1;RASA4;SV2A;MAP2;GPR85;SERTAD4-AS1;SEMA6D;SERINC1;PLPPR4;FKBP1B;SDC2;PAPPA;ZNFX1;SCN3B;KRT17;EID2B;ZC2HC1A;SEMA6C;FLRT3;FRMPD3;PDP1;MAP1B;REEP2;DPYSL3;PIANP;PGM2L1;RNF112;DKK3;CPEB3;ROBO2;KLHL13;NCAM1;ABLIM3;POU6F1;CRMP1;PBX3;NTM;RETREG1;STMN2;PBX1;SH3PXD2A;CHMP2B",1.8960655064662157,6.475119197258069e-8,TRUE,
"DESCARTES_FETAL_HEART_ERYTHROBLASTS",266,-0.37782257564655125,-1.883626218417404,6.281593334022712e-8,1.9390989343007444e-7,"AARS1;POLR2H;SMARCD2;TRMU;CLGN;NOB1;ERGIC3;CHCHD6;CDK5RAP1;NAA10;TMEM161A;DEAF1;RPL3;TBC1D24;SLC35C2;RFXANK;SELENOH;WRNIP1;DHX35;CDT1;NAT10;SNRPA;KIFC1;FARSA;NPRL3;CHLSN;ACSS1;MACROD1;EIF2B1;NAXE;PCK2;EIF3B;SCLY;TMEM238;RPIA;PIEZO1;ASL;UVSSA;ROGDI;BAP1;BLVRB;DDX39A;OARD1;ASCC2;NHP2;APEH;ZMIZ2;POLR1E;EMC4;GRWD1;METTL2A;LINC02762;PRPS2;POLR3B;KLC4;RNF123;SPPL2B;SLC66A2;ZNF629;ME3;SNHG7;TM2D3;LRRC47;TESC;SLC35A2;NXT1;ZNF143;AKR1A1;C6orf47;PPIL1;MTHFD2;S100P;POLR1A;APMAP;SNHG8;PTPA;ABCF1;NCAPG2;CENPW;ASPHD1;HMGA1;BRI3BP;TRIM47;MED1;CLTC;STX16;UBE3D;TIMELESS;GRK6;TAF6L;ABCB7;MCUR1;PRC1;MTIF3;DGCR6L;GLRX5;SMPDL3B;MRPL22;PGLS;SMS;AMFR;INTS3;KRIT1;BUD13;PRELID3B;PMM2;CPAP;GSTO2;SULT1A1;DBNL;FKTN;TRIM52;BTBD6;SNHG25;AP1M1;HDGF;TJAP1;NEIL3;BCORL1;TCHP;LCLAT1;ATP9B;PMPCB;FBXW4;NIFK",-1.8596307157263878,1.490694064619081e-7,TRUE,
"HE_LIM_SUN_FETAL_LUNG_C4_CD4_T_CELL",32,0.747263193755275,2.4096143885916343,6.303407004063026e-8,1.9390989343007444e-7,"CCR7;CD6;CD40LG;TRAT1;ICOS;CD4;THEMIS;GPR183;CHI3L2;MAL;BACH2;LRRN3;IL6ST;ARMH1;CTSL;SOCS3;SIT1",2.481476377506528,2.3757930415098006e-8,TRUE,
"TRAVAGLINI_LUNG_BRONCHIAL_VESSEL_2_CELL",265,0.4171566669573926,1.9097326382151008,7.660687506638874e-8,2.346691615957731e-7,"IGLL5;TPSAB1;ITM2A;RGS1;PRDM1;RASGRP3;A2M;ENPP2;SRGN;PALMD;CD36;WARS1;IFIT3;CYYR1;TFPI2;IRF1;THBD;IFI16;MEF2C;BMP6;SPARCL1;APOL4;MIR22HG;FAM110D;CP;MYCT1;LRRC32;CXCL12;PLSCR1;TCF4;SWAP70;STOM;DLC1;ADAMTS1;UBE2J1;MCL1;CD34;TAP1;EGR3;CDC42SE1;CLEC14A;C1orf54;FAM13C;SOCS3;PLPP3;CDK17;DIPK2B;SOX17;TM4SF18;LPAR6;PLEKHF2;IFIT1;UGCG;IFI6;RCAN1;BEX5;MX1;CEBPD;SRSF5;BTG2;FOSB;NNMT;PCDH17;EMP1;SDCBP;FOSL2;TPM4;B3GNT5;SOS1;KLF10;RBP7;F8;ADRB1;CDC42EP3;SLC2A3;NEDD9;STX12;ZC3HAV1;LYZ;TMSB15A;ELF1;AHR;CLIC4;CCN1;RAP1B;ARID5A;C11orf96;SERTAD1;JMJD1C;PIM1;RDX;CSRNP1;ZFAND5;RNF122;RAB5A;ETV6",1.9483162133127863,8.395863244042573e-8,TRUE,
"HE_LIM_SUN_FETAL_LUNG_C4_CD8_T_CELL",46,0.6752364020054988,2.3303290124646705,8.275105269588132e-8,2.5242548007231026e-7,"CCR7;CD79A;SIRPG;THEMIS;CHI3L2;MAL;S100B;BACH2;GBP1;MEOX1;SGK1;LRRN3;NELL2;PECAM1;SERPINF1;CD8B;ARMH1;FBLN2;SIT1",2.490184804898033,8.273264567011803e-9,TRUE,
"HE_LIM_SUN_FETAL_LUNG_C2_APOE_POS_M2_MACROPHAGE_CELL",462,0.36687279141681817,1.765591185484011,9.032041386954496e-8,2.743624287417977e-7,"FAM78A;GIMAP6;EBI3;CD38;PDE6G;CEACAM21;CMKLR1;CD72;CD209;SLC37A2;GFRA2;CLIC2;VCAM1;PLA2G7;RASGRP3;GBP1;RAB42;FPR3;ENPP2;EPSTI1;SAMD9L;NFAM1;GBP2;SERPING1;PATL2;RIGI;S1PR1;TNFSF12;SIGLEC1;APOC1;SUCNR1;IFIT3;ADORA3;FCGR3B;HIVEP3;FCGR3A;GPNMB;UBASH3B;SIGLEC7;XAF1;RAB7B;TMEM37;HERC5;STARD8;HSD17B14;CD40;SIGLEC9;TMEM140;IL4I1;APOE;MSR1;DTX3L;TMEM220;PELATON;MMP19;CETP;CXCL12;SETBP1;IFIH1;FLVCR2;OPTN;STOM;TMIGD3;IFIT2;OAS2;SLFN5;MAGEH1;GPR137B;GPX3;CASP10;ELL2;ACP5;EPAS1;CMPK2;DDX60L;SASH1;IL18;APOL6;KLHDC8B;C1orf54;SMPDL3A;HK3;FEZ1;GAL3ST4;FERRY3;TCN2;NRP2;TGM2;SGTB;TNS1;APOL1;C15orf48;IFI44;VAMP5;SLC1A3;LXN;IFI44L;FECH;IFIT1;SGPL1;IFI6;RCAN1;ACVRL1;OAS3;TREM2;GSAP;MX1;SLC36A1;KCNJ5;CTSF;SCN1B;MITF;MED31;EMP1;EIF2AK2;PALLD;PLBD2;DAPK1;KCNMA1;LHFPL2;SDC2;APPL2;PHACTR2;PDGFC;CD59;PARP12;SNTB2;PGM2L1;LACC1;SLC38A6;FAM20C;VMO1;HLA-F;MERTK;HPSE;CBFB;TRIM14;ITSN1;NMRK1",1.9068057246123045,3.216911360650004e-9,TRUE,
"HE_LIM_SUN_FETAL_LUNG_C7_LATE_SCHWANN_CELL",87,0.5835110406636559,2.290706962363455,9.695395292399008e-8,2.9328570759506997e-7,"FGL2;WIPF1;MAL;CCL2;TSPAN11;PLSCR4;FBLN5;GPNMB;LAMP5;SAMHD1;NIBAN1;SEMA3G;CYBRD1;BMF;RBM43;SOCS3;FBLN2;AQP1;VAMP5;IGFBP7;RGS10;PTX3;BGN;EMP3;FRMD3;SHFL;GFRA3;PDGFC;TMEM71;HTRA1",2.445643001026842,4.874621504079297e-10,TRUE,
"ZHONG_PFC_C2_UNKNOWN_NPC",72,-0.5476947647825168,-2.2387221054533732,9.90614412750515e-8,2.9841745379953274e-7,"DCXR;TUBB4B;SPAG5;KIF22;RANGAP1;AURKA;PRR11;UBE2C;AURKB;PHF19;TROAP;CDC20;CDCA3;PLK1;FAM83D;KDM4A;TOP2A;TPX2;CIT;CDCA8;PIF1;TACC3;PSRC1;KPNA2;CKS2;CDKN3;KIF4A;CCNB2;GTSE1;KNSTRN;KIF20A;HJURP;DNALI1;REEP4;CCNB1;KIF2C;NEIL3;CCNA2;CENPF;LDHA;TUBA1C;NEK2;TRIM59;NCAPD2;MKI67;CENPE;PTTG1;ARHGAP11A",-2.2558394442024863,7.191788250799028e-7,TRUE,
"BUSSLINGER_GASTRIC_REG3A_POSITIVE_CELLS",42,0.6958207337600388,2.382302384231942,1.0167369277136288e-7,3.0502107831408866e-7,"LTF;HLA-DQA1;HLA-DPA1;HLA-DRA;CXCL9;HLA-DQB1;HLA-DRB1;STAT1;CD74;HLA-DPB1;CXCL10;HLA-DMA;WARS1;TYROBP;CXCL11;IFI30;BIRC3;B2M;VNN2;SOD2;DUOX2;HLA-B;RGS5",2.429775077062172,1.5260965612461979e-7,TRUE,
"LAKE_ADULT_KIDNEY_C8_DECENDING_THIN_LIMB",276,-0.35947891541453747,-1.7935597080404013,1.1121931937816019e-7,3.3228488011746624e-7,"RPL19;PEBP1;RPL23;RPLP2;RPS2;RPS28;RPS24;RPL8;EDF1;RPL12;RPLP1;RPL7A;PSMA7;RPS18;RACK1;ARF1;EIF1;RPL31;RPL13;GDF15;RPL3;RPL11;NACA;RPLP0;EEF2;FAU;ACTG1;RPS15;RPS11;RPS16;RPS27A;RPS8;UBA52;RPL37A;RPS13;RPL34;RPL18;NCL;GAPDH;HSPA9;RPL35;RPL4;GNAS;HNRNPU;RPS19;ODC1;RPS4X;HSPD1;PPIB;TPI1;RPS5;RPS6;RPS12;SERF2;RPL13A;ADGRG1;RPL6;HNRNPA2B1;CCT6A;RAN;GAS5;RPL32;HNRNPM;SOD1;PTMA;ENO1;RPL30;CLTA;RPL10A;RPS9;RPS14;GSTP1;HSP90AB1;RPSA;EPRS1;SRP14;MAOA;RPL5;ALDH1A2;RPL41;SERBP1;GPX1;RPL7;HSPA5;PKM;RPL21;EEF1B2;CIB1;RPS17;EPCAM;YBX1;KRT18;RPL14;PSMB1;PDIA3;EEF1D;RPS7;TAF1D;SERPINA1;UBB;RPL15;PCBP1;LDHB;HNRNPA3;H3-3B;RPS20;RPS23;HINT1;CNBP;PGK1;SLC38A1;KRT8;EEF1A1;CYSTM1;ATP5F1A;RPL10;BTF3;HNRNPC;NAP1L1;CYB5A;MET;LDHA;YWHAB",-1.9971291277211425,5.249122321095418e-10,TRUE,
"LAKE_ADULT_KIDNEY_C19_COLLECTING_DUCT_INTERCALATED_CELLS_TYPE_A_MEDULLA",313,-0.3547359493157433,-1.7962918233395258,1.1809896174969853e-7,3.503228478946967e-7,"RPL19;PEBP1;RPL23;RPLP2;RPS2;RPS28;RPS24;SLC25A39;RPL8;RPL12;RPLP1;RPL7A;PSMA7;RPS18;RACK1;ARF1;EIF1;RPL31;RPL13;CIAO2B;COX4I1;RPL3;RPL11;NACA;RPLP0;WFDC2;EEF2;FAU;ACTG1;RPS15;CHCHD10;RPS11;RPS16;RPS27A;RPS8;RPL37A;RPS13;RPL34;RPL18;SPTBN2;GAPDH;HSPA9;RPL35;RPL4;CHCHD2;GNAS;HNRNPU;RPS19;IDH2;CBR1;EIF3K;RPS4X;HSPD1;TPI1;HSPB1;RPS5;ATP5MC3;RPS6;RPS12;SERF2;RPS3;ATP6V0B;RPL13A;HADHA;COX5A;ATP5F1B;ADGRG1;RPL6;COX5B;HNRNPA2B1;CCT6A;GAS5;COX7C;RPL32;SOD1;SLC25A5;DHRS7;ENO1;RPL30;RPL35A;RPL10A;RPS9;RPS14;GSTP1;HSP90AB1;RPSA;EPRS1;SRP14;RPL5;RPL41;INSIG1;SERBP1;GPX1;ACAT1;SLC25A3;RPL7;HSPA5;PKM;RPL21;CIB1",-1.8663488771490944,7.261719521066316e-8,TRUE,
"HE_LIM_SUN_FETAL_LUNG_C1_MID_BASAL_CELL",133,0.5103261994950168,2.143358507359311,1.1822189770551058e-7,3.503228478946967e-7,"IRAG2;ABI3BP;LSP1;FAM107A;COL14A1;ZNF385D;CFH;TFPI2;MAFB;IFI16;SPARCL1;TNFAIP8;FHL1;CNTN4;BOC;OPTN;GYPC;ZNF385A;JAM3;EPAS1;LHFPL6;RARRES2;TENM4;SLIT3;SNAI2;FBLN2;MEG3;VCAN;ELN;RARB;ANXA1;PLXDC2;FRZB;LPAR6;RMDN2;A4GALT;FBN1;RGS10;MEIS1;EMP1;KLK10;EMP3;SOX15;CH25H;LGR4;PRRG4;REEP2;DPYSL3;DKK3;LINC01503;SCNN1B;SERTAD4;PCDH7;SLITRK6;COL17A1;NRG1;RASSF6;C16orf74;COL5A1;COL1A2",2.334701601074753,9.277358382839547e-10,TRUE,
"HE_LIM_SUN_FETAL_LUNG_C0_PERICYTE",187,0.46019215434595073,2.0173262566508594,2.0081586853521795e-7,5.926517095795457e-7,"RCSD1;ANKRD44;GMFG;GPR183;ITGA4;P2RY14;ETS1;ARHGDIB;HACD4;RFTN1;HRH2;REM1;CXCR4;CRISPLD2;MEF2C;TRIB2;PKNOX2;SH2D3C;NGFR;CNTN4;ADAMTSL3;CYGB;TRPV2;APLNR;LRRC32;FHL5;GPX3;RERG;EPAS1;SNRK;KLHDC8B;KIAA0040;PEAR1;PDZD2;EBF1;SH3KBP1;ITPRIPL2;AFAP1L2;CHRD;CAV2;MYOF;MAP2;HEYL;NECAB1;SEMA6D;ABCC9;TRPC6;LRRC4B;COL18A1;RGS5;ADGRF5;SLC35B3;SEPTIN4;CDH6;INPP4B;MASP1;ADAMTS5;PLXDC1;BTBD3;ARID5A;OLFML2B;RRAD;NPR3;PAG1;CYTOR;VSNL1;ARHGAP42;KCNS3;RAPGEF5;PLCE1",2.2916494364504696,2.716980862165023e-11,TRUE,
"HE_LIM_SUN_FETAL_LUNG_C1_SQUAMOUS_CELL",232,0.4299831738648852,1.9404026077431626,2.1713849576645808e-7,6.382289389734759e-7,"IRAG2;MAL;CCDC69;PRDM1;DOCK8;GBP2;SLC15A2;FNBP1;TNFSF10;IFI16;APOBEC3A;BATF;SAMHD1;TYMP;PLEKHF1;CIMAP1B;HSPB8;PLAAT4;CDKN2B;RUNX2;DAPP1;ALDH1A3;OPTN;KRT16;OAS2;ANKRD13A;S100A4;VSIR;APOD;HMOX1;SMPDL3A;FRMD6;SAMD9;C15orf48;DUSP5;RARB;ANXA1;RNF39;IFI6;MEIS1;TINCR;SCEL;MX1;ADGRF1;FBXO32;GNG12;KRT7;PIK3IP1;PLAC8;EMP1;DENND2C;SKAP2;LYST;GRAMD2B;FOSL2;HPGD;ZFYVE1;ZNFX1;RNASEL;PRRG4;HECA;TCP11L2;CRYAB;ARRDC4;ABLIM3;APOBEC3C;NMRK1;CSTA;FAM83A;OSBPL3;IRF5;ARAP2;MUC4",1.9632381876591711,6.740042832012764e-7,TRUE,
"DESCARTES_MAIN_FETAL_ENDOCARDIAL_CELLS",74,0.5932751704051725,2.2473655967763198,2.388067883010327e-7,6.990876141393135e-7,"CLIC2;TMEM100;TNFSF12;PTHLH;BMX;HEG1;HAPLN1;DKK2;THBD;CLEC3B;SPARCL1;EMCN;ITGA10;CALCRL;MMRN2;FZD4;CPXM2;CALHM5;GINM1;FBLN2;NPR1;FOXC1;ACKR4;F2RL2;SMAD7;PRCP;CTHRC1;ARMCX2;HMCN1;ENG;CDH11;F8;IL33;LTC4S;RHOA;LEPR;RAMP2;ELK4",2.460939447454819,9.277358382839547e-10,TRUE,
"FAN_OVARY_CL6_PUTATIVE_EARLY_ATRETIC_FOLLICLE_THECAL_CELL_2",296,0.4050316127568715,1.8738813640695613,2.5280936888578093e-7,7.371068345826383e-7,"ABCA8;C7;IGF1;SGK1;C1S;TCF21;GSTM5;SERPING1;MGP;CFH;MFAP4;PMP22;SERPINF1;CTSK;IGFBP5;SPARCL1;CCDC80;TSC22D3;ITM2B;CYBRD1;APOE;MMP2;C1R;OGN;PDGFRA;TIMP2;CXCL12;DCN;GYPC;LUM;ADAMTS1;VIM;AKAP12;SELENOP;DEPP1;LHFPL6;RARRES2;SSPN;PDCD4;LEPROT;SOCS3;SNAI2;FSTL1;CALD1;PPM1K;MYLK;PLPP3;PRELP;PSAP;FBLN1;HSPA6;NDN;MEG3;CPXM1;CLDN11;TXNIP;IFI6;SH3BP5;PDLIM3;CEBPD;CTSF;TMEM50B;BTG2;FOSB;BGN;CPQ;EMILIN1;RGS2;PALLD;SH3BGRL;TPM4;COL6A3;SMARCA1;OLFML3;ENG;AEBP1;RAB34;FKBP7;KLF10;CDH11;CTSD;PDK4;PLD3;COL18A1;CRYAB;OSR2;HTRA1;MXRA8;PCMTD1;EID1;THY1;NFKBIA;SGCE;CCN1;ILK;TSPAN4;ZFP36L1;GLUL;PBX1;SFRP4;TENT5A;DUSP1;ACTR10;MBNL2;MMP14;BST2;WASF2;COL1A2;SPARC;TCEAL3;LRRC17;NPC2;SEPTIN7;LAPTM4A;MAOB;KLF4;EFEMP2;TAGLN;COL3A1;EGR1;CAPZB;ID2;MPHOSPH8;HNMT;MYADM;CELF2;SMARCA2;FXYD6;TUBA1A;RHOC;IGFBP3",2.1106352615809594,1.3800458826443584e-10,TRUE,
"GAO_LARGE_INTESTINE_24W_C2_MKI67POS_PROGENITOR",111,0.5324400210536,2.1731727808713703,2.538304709853679e-7,7.371236877415083e-7,"GIMAP7;ARHGEF6;GIMAP6;RHOH;GIMAP4;FABP4;JAM2;MMRN1;SHE;PALMD;F2R;SLCO2A1;LRRC8C;CYYR1;HEG1;PECAM1;CLEC3B;ERG;APLNR;MYCT1;LRRC32;GNG11;TAL1;EMCN;LDB2;CALCRL;CASP10;RAMP3;CD34;CLDN5;MMRN2;FZD4;CLEC14A;EBF1;DIPK2B;SEC14L1;CD93;NRP1;FOXC1;HSPA12B;ACVRL1;KDR;BGN;ROBO4;HMCN1;CDH5;ENG;ADGRF5;TFPI;TIE1;SOX18;CRIM1-DT",2.29414036972398,1.7697339387561886e-8,TRUE,
"HAY_BONE_MARROW_EARLY_ERYTHROBLAST",92,-0.4985912998982256,-2.154399007450262,2.6140778502952177e-7,7.561037925555092e-7,"PEBP1;RPL23;AHCY;MDH2;TMEM97;MRPS25;PRMT1;FBL;RRP9;TUFM;PNPO;NPM3;SELENOH;SRM;SLC39A4;RPL37A;GGCT;DMAC1;MRPS26;CHCHD2;NME1;DNAH14;NHP2;ECHS1;FAM136A;GCSH;DNPH1;RPP40;COQ8A;CLNS1A;AIG1;NDUFAF2;CASP6;UQCRH;MRPS23;PVT1;GTF3A;GRTP1;GNL3;DHRS11;MRPL52;WDR43;SORD;CMSS1;PABPC4;OLA1;TRIP6;SLC27A2;GATA2-AS1",-2.2417734295169365,1.8276406610833348e-7,TRUE,
"AIZARANI_LIVER_C22_RESIDENT_B_CELLS_2",31,0.727534748917286,2.3232240915260958,2.809589781991268e-7,8.094294371927224e-7,"CD79A;LY9;FCRL5;CD27;SLAMF7;HLA-DOB;POU2AF1;MZB1;DERL3;MEI1;TSC22D3;HERPUD1;TENT5C;BTG2;FOSB;RAB30",2.333803662863428,7.25789697442382e-7,TRUE,
"HE_LIM_SUN_FETAL_LUNG_C0_LATE_AIRWAY_SMC_CELL",109,0.5216868944295152,2.1204230306678062,3.6702637284504877e-7,1.0532061133814443e-6,"IL21R;IGF1;C16orf89;CHRDL1;ASB2;GBP2;GREM2;LTBP2;MYOCD;FLRT2;CRISPLD2;ADAMTS8;HPSE2;ENTPD1;NR4A3;FENDRR;IRAG1;SYNPO2;FILIP1L;HHIP;FNDC1;SSC5D;PPP1R12B;CAP2;PDLIM3;KLF2;MRGPRF;FBXO32;MYH11;LMOD1;FOSL2;LGR6;PDGFC;GLIPR1;LDLRAD4;GEM;ADAMTS5;KCNMB1;RRAD;SCUBE1;HHIP-AS1;CSRNP1;ARHGAP42;ITGA9;LUZP2;CSRP2;MAOB;SGCA",2.482512787131946,5.7483442233949956e-11,TRUE,
"LAKE_ADULT_KIDNEY_C29_UNKNOWN_NOVEL_PT_CFH_POS_SUBPOPULATION_S2",76,0.5713278673274815,2.1801011039169227,4.093616368213953e-7,1.1700651509146967e-6,"PDE7B;CFH;DPYD;ZFPM2;SYNE1;CNTN4;PDE1A;RORA;ZEB1;RERG;BCL2;RBMS3;GULP1;SLIT3;DLG2;EDIL3;BICC1;KLF6;FRMD4A;FBXL7;BNC2;AKT3;PALLD;OSBPL10;NOX4;ZBTB16;NEDD9;CRIM1;ACSM3;UTRN;TSHZ2;BICD1;EHBP1;ZDHHC14;TTC28",2.117295450661793,8.094294431459207e-6,TRUE,
"TRAVAGLINI_LUNG_CD8_MEMORY_EFFECTOR_T_CELL",28,0.7516450857553559,2.3156150028054947,4.4605988571180945e-7,1.2699587334383281e-6,"LINC00861;CD3G;PYHIN1;SH2D1A;CD3D;IKZF3;CD8A;CXCR6;CCL5;PIP4K2A;PRDM1;IL7R;FYN;CD8B;CDC42SE2",2.2573685107890102,7.966279474186824e-6,TRUE,
"CUI_DEVELOPING_HEART_C6_EPICARDIAL_CELL",174,0.46184803192856083,1.9960757390253445,4.757092505825783e-7,1.3490817028240305e-6,"PKHD1L1;SPOCK2;C3;CLIP4;TOGARAM2;SGK1;C1S;SERPING1;CFH;IL1R1;EFEMP1;FLRT2;ST3GAL5;TMEM37;CCDC80;AOX1;PTGIS;CYBRD1;PLAAT4;PTGS1;C1R;IL6ST;EPHB6;REC8;CALB2;MEDAG;SULF1;PCOLCE2;ID4;RERG;VSIR;CFI;RARRES2;IL18;SLIT3;COLEC12;INMT;NFKBIZ;PDPN;AQP1;HLA-C;BICC1;KLF6;SLC4A4;KDR;CARD16;KRT7;NNMT;ITLN1;GFPT2;ALOX15;VGLL3;DAPK1;PDGFC;FLRT3;HTRA1;PLEKHH2;CRIM1;ARID5B;PLA2G2A",2.1237687381985744,3.396936184783566e-8,TRUE,
"MENON_FETAL_KIDNEY_10_IMMUNE_CELLS",83,0.5683374554167447,2.1964600999692983,4.82850449319053e-7,1.3640055494382585e-6,"PTPRC;FYB1;LCP1;FGL2;AIF1;LST1;HLA-DPA1;IGSF6;CYBB;HLA-DRA;LAPTM5;MNDA;HLA-DRB1;MAF;ARHGDIB;SRGN;CD74;HLA-DPB1;TYROBP;MEF2C;CORO1A;SAMHD1;HLA-DRB6;CCDC88A;HLA-E;S100A4;B2M;PSAP;HLA-C;KLF6;RGS10",2.210228677114414,7.03921067109061e-7,TRUE,
"GAO_ESOPHAGUS_25W_C4_FGFR1HIGH_EPITHELIAL_CELLS",196,0.44104935522517197,1.9406999196536197,6.220470077163032e-7,1.7504113472947139e-6,"ARHGAP30;ABI3BP;SCARA5;VCAM1;JAM2;PLXNC1;CHRDL1;ASB2;CILP;ACKR1;MFAP4;FLRT2;CYP1B1;CA2;IFFO1;CTSK;ADGRL3;EGR2;RTL5;AOX1;GFRA1;MMP2;SVEP1;HIC1;CMTM3;LUM;DLC1;ADAMTS1;FOXF1;GLT8D2;JAM3;ADAM33;VSTM4;LHFPL6;ZNF436;PCDH18;PCDH9;RARRES2;TENM4;SLIT3;COLEC12;ADAMTS2;NRP1;LAMA2;SNX10;FECH;FBN1;RIC1;AFAP1L2;PAMR1;MN1;ZFHX4;ISLR;IKBIP;MFAP5;SLC16A2;FSIP2;PDGFRB;FKBP7;METTL25;SH3PXD2B;TNFAIP6;GRK5;PIANP;FGFR1;ROBO3;DOCK11;CRMP1;NOD1;PCOLCE;TSPAN4;COL17A1;PRKG2",2.112640015569986,1.1717660328607678e-8,TRUE,
"RUBENSTEIN_SKELETAL_MUSCLE_SMOOTH_MUSCLE_CELLS",436,-0.31092293573477825,-1.6387898119370858,7.500227348908736e-7,2.1023803302346497e-6,"PEBP1;RPL23;PHB1;SLC25A6;MRPL23;CCT7;COPS6;SEM1;UQCRC1;RPL8;RPLP1;RPL7A;CD151;SIVA1;NDUFB11;NUPR1;NDUFS6;COX4I1;RPL3;NDUFS8;ARPC1A;NDUFA6;NDUFS5;HES1;STOML2;FAU;NDUFA8;NDUFB7;PPDPF;SLIRP;PHPT1;ATP5F1D;SNHG32;CHCHD10;NDUFA10;COX7B;RPL37A;CHLSN;ADI1;CYC1;PRDX2;PARL;NDUFB10;GAPDH;FIS1;ATP5ME;WDR1;ANP32B;RPL4;CHMP4B;TMEM38B;NDUFS7;AURKAIP1;RANBP1;NUDC;EIF3K;RPS4X;ATP5MC2;COX14;UQCRQ;COX6B1;CNIH4;GPRC5C;TPI1;ATP5MJ;ZFYVE21;RPS5;COX6A1;MOB2;ATP5MC3;METTL5;COX8A;ATP5IF1;NDUFB2;COX5A;ATP5F1B;MICOS13;RPL6;PDCL3;TSPO;COX5B;COX20;MT-ND4L;PSMB6;PARK7;TOMM22;NDUFA1;RAN;COX7C;SOD1;SLC25A5;BAG1;PTMA;NDUFA4L2;PTP4A3;MFF;AIG1;SF3B2;CAMTA1;COX6C;RPL10A;UQCRH;HIGD1B;MT-CO2;MTHFD2;AK1;GTF3A;HNRNPA1;AP2M1;RPL5;RPL41;DBI;MT-ATP6;PLP2;FAM162A;NDUFB9;COX17;JUN;C1orf43;ACTB;SLC25A3;RPL7;PKM;VDAC2;COX7A2;DDAH2;NDUFAB1;HIGD2A;UBL5;YBX1;NDUFA13;ACTN4;RPL14;RPL36AL;PGRMC1;RBBP7;MRPL18;IAH1;BCAM;SAP18;MDH1;SELENOK;MGST3;NDUFB3;RPS7;COMMD6;LSM5;UQCR10;NDUFS4;ATP5PO;MAF1;SELENOW;PHLDA2;UBB;STRAP;RPL15;UQCRB;EIF3L;NSA2;CKB;MT-CO1;DCTN2;LDHB",-1.5056616682160364,7.762168778343446e-5,TRUE,
"JONES_OVARY_PERICYTE",167,0.46154259198084474,1.993436752676553,7.57357620100712e-7,2.1147755084350647e-6,"ETS1;A2M;COL14A1;SERPING1;MGP;MEF2C;IGFBP5;SPARCL1;LBH;CCDC80;PLAC9;PDE1A;GNG11;LDB2;SELENOP;GPX3;B2M;FILIP1L;EPAS1;DDR2;SASH1;RARRES2;SNRK;CALD1;TIMP3;MYLK;PLPP3;NDN;MEG3;TNS1;HLA-C;GUCY1A1;FRZB;FBN1;IGFBP7;GUCY1B1;CTSF;PPP1R12A;BGN;CAV2;EMILIN1;CTHRC1;PALLD;COL6A3;RASL12;PDGFRB;SDC2;ADCY4;HLA-B;TGFBR2;CD59;RGS5;MAP1B;ADGRF5;SEPTIN4;MXRA8;CRIM1;UTRN;HLA-F;PALM2AKAP2;SGCE;ADAMTS5;C11orf96;RRAD;LIMS1;ITGA1",2.4329133778405807,9.446695631204866e-13,TRUE,
"TRAVAGLINI_LUNG_BRONCHIAL_VESSEL_1_CELL",224,-0.37552104520424096,-1.8223318533052055,8.092660741122633e-7,2.25106195327779e-6,"RPS21;RPL19;RPL23;RPLP2;RPS2;RPS28;RPS24;EIF3F;RPL8;RPL12;RPLP1;RPL37;RPL27;RPL31;RPL13;EIF3D;RPL3;RPL36;RPL11;NACA;RPLP0;SNRPE;EEF2;FAU;RPL23A;HSPE1;RPS15;RPS16;RPL28;RPS27A;RPS8;UBA52;RPL37A;RPS13;RPL34;RPL38;RPL18;CDC37;NOP16;RPL35;DUSP23;ANP32B;RPL4;INHBB;RPL27A;RPL29;RPS19;IMPDH2;RPS29;EIF3G;RPS4X;HSPD1;NME1;RPS5;NHP2;RPS6;RPS12;RPS3;RPL13A;IGFBP2;RPL6;ZFAS1;GAS5;RPL32;SLC25A5;PRDX4;PTMA;RPL18A;ENO1;TESC;RPL30;RPL35A;SNHG16;RPL10A;POLE4;RPS14;PFKP;MTHFD2;HSP90AB1;RPSA;HNRNPA1;PNP;RPL5;GNL3;RPL41;SERBP1",-1.8258684979068207,4.013226226079653e-6,TRUE,
"GAO_LARGE_INTESTINE_ADULT_CG_GOBLET_CELL_SUBTYPE_2",34,0.7026606000371737,2.305666921439035,8.307784540714532e-7,2.3020807544117366e-6,"FYB1;ST8SIA1;MNDA;C1S;KLRD1;SULT1C4;IGFBP5;PTGIS;DCN;SYNPO2;ANTXR1;FZD4;CLEC14A;MPDZ;FERMT2;VIPR2;KDR;BNC2;HAND2-AS1;PXDC1;ADAMTS4;SYCP2;VWF",2.43564022805603,1.3842862675901065e-7,TRUE,
"LAKE_ADULT_KIDNEY_C18_COLLECTING_DUCT_PRINCIPAL_CELLS_MEDULLA",314,-0.33906394820598335,-1.7167938521809079,8.555991060838558e-7,2.3553800347316435e-6,"RPL19;PEBP1;RPL23;RPLP2;RPS2;RPS28;RPS24;RPL8;RPL12;RPLP1;RPL7A;PSMA7;RPS18;RACK1;ARF1;EIF1;RPL31;RPL13;GDF15;NUPR1;COX4I1;RPL3;RPL11;NACA;HACD3;RPLP0;WFDC2;EEF2;LLGL2;FAU;ACTG1;RPS15;RPS11;RPS16;RPS27A;RPS8;UBA52;RPL37A;RPS13;RPL34;RPL18;SPTBN2;GAPDH;HSPA9;RPL35;RPL4;CHCHD2;GNAS;HNRNPU;RPS19;RPS4X;HSPD1;PPIB;GPRC5C;TPI1;RPS5;ATP5MC3;RPS6;RPS12;SERF2;GUK1;RPL13A;HADHA;ATP5F1B;ADGRG1;RPL6;HNRNPA2B1;CCT6A;MYO10;COX7C;RPL32;SOD1;BAG1;PTMA;ENO1;RPL30;RPL10A;RPS9;RPS14;GSTP1;HSP90AB1;RPSA;EPRS1;SRP14;ARG2;RPL5",-1.9280038962661301,2.5581712323214005e-9,TRUE,
"FAN_EMBRYONIC_CTX_MICROGLIA_3",18,0.8237292298235633,2.2898235425950784,8.593800617061583e-7,2.3553800347316435e-6,"SIGLEC10;C1QB;GPR34;ADAM28;C1QC;ALOX5AP;CTSC;FOLR2;LGMN;SLCO2B1;SLC1A3;CTSB;TREM2;CTSD;MERTK",2.389574847711055,1.4073756125884448e-7,TRUE,
"DESCARTES_MAIN_FETAL_MEGAKARYOCYTES",150,0.4786540621790171,2.042490038786308,8.59746155928217e-7,2.3553800347316435e-6,"BTK;FAM30A;BIN2;RASGRP2;CPA3;TPSAB1;CD226;FLI1;FCER1A;P2RX1;RGS18;TPSB2;BANK1;DOK3;SELP;PLEK;PRKAR2B;LYL1;RAB37;PPBP;GP1BA;PTGS1;TSPAN32;KIAA0513;IRAG1;TGFB1;C11orf21;FERMT3;F2RL3;SLC24A3;MCTP1;MAX;GSAP;RASA3;CATSPER1;CMTM2;ITGB3;P2RY1;ZNF175;SLC2A3;PF4;INAFM2;MDM1;INPP4B;PDE5A;HPSE;PIGB;ILK;UNC13D;RAP1B;CGRRF1;THBS1;LIMS1",2.1046324024626295,2.9185018434727593e-7,TRUE,
"ZHONG_PFC_MAJOR_TYPES_NPCS",135,-0.4362550961592138,-1.9865965793432971,9.25541643241066e-7,2.5261023796729847e-6,"C19orf48P;RCN1;CENPM;TUBB4B;MCM3;HES1;PHGDH;SPAG5;NOTCH1;KIF22;MCM7;DYNC2I2;BIRC5;PRR11;UBE2C;PAICS;AURKB;ORC6;C21orf58;HSPB1;GINS2;DTYMK;MCM5;H2AZ1;CDC20;FEN1;CDCA3;ZWINT;TOP2A;MCM2;TPX2;TAGLN2;TACC3;TUBA1B;H2AZ2;KPNA2;TGIF1;EFNB1;UHRF1;UBE2T;CKS2;BUB3;HMGB3;TMEM98;GNG5;CDCA7;CDKN3;CENPW;CLIC1;HMGB2;CCNB2;PIMREG;SOX9;GTSE1;RRM1;GMNN;KNSTRN;SNRPB;PRC1;CKS1B;CDCA5;H2AX;SGO1;HJURP",-2.090535234725576,2.660390000789239e-7,TRUE,
"HE_LIM_SUN_FETAL_LUNG_C2_HSC_ELP_CELL",390,0.36499843194352716,1.7287601630540157,1.224368587746471e-6,3.329182002636472e-6,"CD79B;CD79A;FCMR;TBC1D10C;CD3E;FAM30A;LTB;TRBC2;JCHAIN;IGHD;SEPTIN1;TNFSF8;CD69;CLEC2D;RHOH;MZB1;ITM2A;ACAP1;KLRG1;SPOCK2;NKG7;MMRN1;CTSW;CAVIN2;IGHM;CD7;LCK;TRANK1;GBP4;SERPING1;RAB37;C16orf54;MFAP4;TMIGD2;SCN3A;CYYR1;S1PR4;SULT1C4;CLIP3;GATA3;HOXB2;FHL1;ERG;PLAAT4;TNFSF4;ARMH1;GNG11;ZEB1;ZNF521;BEND5;EMCN;CALCRL;ARHGEF3;BCL2;CD34;ANGPT1;PRKACB;FHIP2A;MATK;IGF2BP1;SAMD3;TIMP3;GSTM2;KIT;NDN;MEG3;GUCY1A1;LXN;CPXM1;RHOBTB3;HOPX;SLC2A5;DNAJC18;MEIS1;CD109;TRIM5;PTPN7;PRKCQ;SSBP2",1.6629019413011028,4.18319774107587e-5,TRUE,
"TRAVAGLINI_LUNG_ALVEOLAR_EPITHELIAL_TYPE_1_CELL",367,0.36847479390073434,1.7385046822271524,1.2983777681553655e-6,3.5172472376149083e-6,"ABI3BP;ABCA8;STX11;SPOCK2;KCNN3;ADRB2;CLIC2;CLIP4;ZBED2;PLEKHO1;FBLN5;SNX22;ICAM1;EFEMP1;PMP22;HEG1;IRF1;EPB41L3;HSPB8;FHL1;ITM2B;FAS;PARP14;CYBRD1;CPM;SLC7A7;CDKN2B;DENND3;TIMP2;DOCK4;NEXN;CFLAR;DLC1;ABCA1;S100A4;B2M;N4BP1;RAB31;C14orf132;IL18;ANGPTL2;FERMT2;ATP2B4;TIMP3;PDZD2;PDPN;ISG20;CLIC5;NXN;BDNF;TNS1;CFL2;HLA-C;KLF6;ARL6IP5;ACKR4;HOPX;IGFBP7;ANKRD29;PHLDB2;SCEL;PDLIM3;KLK7;KLF2;EDN1;KRT7;FILIP1;SMAD7;ST6GALNAC5;PLAC8;ANOS1;CAV2;MAP2;OTUD1;SDCBP;SEMA6D;OPN3;TPM4;COL4A4;EHD2;TGFBR2;VSIG2;ADRB1;CRYAB;GRK5;SLC2A3;RNF213;NEDD9;STX12;DOCK11;SCNN1B;COL8A1;AGER;SGCE;TXNDC11;TACSTD2;CCN1;CAPN2;NTM;SUSD2;UNC13D;ARAP2;TSPAN4;IL32;DUSP1;ROR1;B4GALT1;MAP7D1;B3GNT2;RDX;LPCAT3;PAPSS2;SAMD4A;CCBE1;B3GNT7;SPARC;PEAK1;PTPN21;MATN3;ERRFI1;VCL;PLCE1;LAPTM4A;CD47;CXCL16;TAGLN;LAMA3;GJA1;CAV1;RASAL2;CCN2;ITPRIP;DST;OSGIN2",1.991585933389479,1.0610412964939235e-9,TRUE,
"DESCARTES_FETAL_HEART_STROMAL_CELLS",26,0.7527704282025771,2.287786198882694,1.3117150992924168e-6,3.5401678887966345e-6,"SCARA5;CILP;CCL11;TCF21;ANGPTL1;SERPINF1;ABCA9;PTN;PDGFRA;DCN;LUM;PRELP;FBLN1;ADAMTS2;DPT;ISLR;MFAP5;ABCA10;PCOLCE;HTRA3;COL1A2",2.3896972281962463,2.275782471117623e-7,TRUE,
"HE_LIM_SUN_FETAL_LUNG_C1_PROXIMAL_SECRETORY_2_CELL",268,0.40721189597807383,1.8648231754220843,1.4720702128473957e-6,3.958233238989664e-6,"IRAG2;LSP1;C3;TRIM22;CTSW;TLL1;ARHGDIB;ADAM28;CFH;CNTN3;IL1R1;SLC15A2;FNBP1;TNFSF10;MAFB;SAMHD1;NIBAN1;TNFAIP8;PTGFR;CX3CL1;ANKRD35;CCDC80;RNF150;CP;CYBRD1;PLAAT4;LMO3;DAPP1;SEMA3D;OPTN;CFLAR;MCC;VSIR;EPAS1;LHFPL6;EGR3;ATP13A4;TLR5;STING1;RUNX1;HEY1;ISG20;MEG3;TGM2;STEAP4;TIAM1;PLEKHS1;VCAN;ANXA1;GLIPR2;JAKMIP2;RGS10;MEIS1;KDR;ALPL;ADGRF1;SFTPA2;KRT7;EMP1;KLK10;GRAMD2B;ALOX15;HPGD;LIPH;CH25H;GLIS3;HLA-B;PRRG4;MAP1B;DPYSL3;TFPI;PLAT;CSTA;BCL6;SLITRK6;ENTPD5;CXCL1;NTM;PLXND1;ARAP2;MUC4;CHRM3;DOCK9;SLC30A1;DEFB1;CPAMD8;PAPSS2;STEAP1",1.8539877515803773,3.027591727027289e-6,TRUE,
"DURANTE_ADULT_OLFACTORY_NEUROEPITHELIUM_OLFACTORY_ENSHEATHING_GLIA",100,0.5195821001317278,2.077223937882861,1.5537494326885493e-6,4.162443129637959e-6,"ARHGAP15;ABCA8;CHL1;S100B;GAS7;ZEB2;PTGDS;APOC1;PMP22;ITIH5;PLAC9;APOE;PTN;QKI;SCN9A;VIM;SELENOP;MT1M;PCDH9;RARRES2;TIMP3;PSAP;EDIL3;MARCKS;CLU;AP1S2;FRZB;IFI6;C2orf88;GFRA3;TTYH1;CD59;CRYAB;DKK3;NCAM1;CLIC4",2.306043721363463,1.2247793908655435e-8,TRUE,
"CUI_DEVELOPING_HEART_COMPACT_VENTRICULAR_CARDIOMYOCYTE",55,0.6154327957042602,2.2165321286943453,1.6357007282295704e-6,4.365877679024515e-6,"ITM2A;C7;SRGN;TCF21;MGP;HAPLN1;NIBAN1;SPARCL1;PLAC9;FHL1;MMP2;OGN;TIMP2;DCN;LUM;VIM;CD34;ELN;FBN1;DPT;COL6A3;PDK4;RBP7;HLA-B;CRYAB;IL32;COL5A1;COL1A2;SPARC;COL5A2;COL15A1;KLF4;CXCL14;COL3A1",2.422235999236506,1.6923817493780015e-8,TRUE,
"HE_LIM_SUN_FETAL_LUNG_C3_GRIA2_POS_ARTERIAL_ENDO_CELL",107,0.5149570177764836,2.076158302687199,1.6813304005491622e-6,4.471230295965904e-6,"PLCG2;C7;ENPP2;TMEM100;SRGN;TM6SF1;CFH;FBLN5;CXCR4;TFPI2;DKK2;APOL4;THSD7A;VEGFC;SEMA3G;GJA5;CXCL12;PREX2;MCC;BMF;FILIP1L;FAT4;HEY1;SYNPO;SNX18;CDK19;AFAP1L2;SMAD7;RELL1;RNF144B;KL;ST8SIA6;PALLD;CYP26B1",2.2079074454974945,1.916103998849232e-7,TRUE,
"HE_LIM_SUN_FETAL_LUNG_C1_AT1_CELL",35,0.6939101924853377,2.2809365506526684,1.7974451053084227e-6,4.762573527204069e-6,"ABCA8;ICAM1;FAM20A;CYBRD1;PHACTR1;STOM;ABCA1;IL18;NRP2;CLIC5;ANXA1;FILIP1;ST6GALNAC5;CAV2;COL4A4;EHD2;CRYAB;SLC2A3;HTRA1;COL8A1;ITGB6;SUSD2",2.343114216309957,1.5038656025407857e-6,TRUE,
"HE_LIM_SUN_FETAL_LUNG_C0_MID_AIRWAY_SMC_1_CELL",62,0.5929206877328891,2.1700891223982994,1.9333201560233324e-6,5.103965211901598e-6,"IGF1;C16orf89;CHRDL1;LTBP2;MYOCD;COL23A1;ENTPD1;NGFR;ZEB1;FENDRR;IRAG1;HHIP;PLXNA4;KLHL4;SSC5D;FBXO32;MYH11;TYRP1;ISM1;SEMA6D;LMOD1;PLPPR4;PDGFC;LDLRAD4;CDH6;HTRA1",2.3129992887319095,1.7327747563356887e-7,TRUE,
"DESCARTES_FETAL_PANCREAS_CCL19_CCL21_POSITIVE_CELLS",39,0.6685155084646442,2.263581075928855,1.9582744848081886e-6,5.151113318734583e-6,"CCL19;CXCL13;ADAMDEC1;CCL21;VCAM1;C1S;PTGDS;CSF1;PTGER1;MSC;APOE;CXCL12;TNFSF11;ALPK2;ADGRF1;LGI2;SHISA3",2.1754206690026074,2.756000202071289e-5,TRUE,
"ZHENG_CORD_BLOOD_C1_PUTATIVE_MEGAKARYOCYTE_PROGENITOR",85,0.5506154855954488,2.1441365889646713,1.9946180673086227e-6,5.2171204931983684e-6,"BIN2;FYB1;CCL5;RGS18;BANK1;SELP;MMRN1;CAVIN2;GRAP2;PLEK;PRKAR2B;CD36;PPBP;CA2;GP1BA;F13A1;LRRC32;NEXN;STOM;FCGR2A;CALD1;MYLK;FERMT3;CLU;CCDC68;C2orf88",2.2067131330668692,2.1334678872351593e-6,TRUE,
"GAUTAM_EYE_IRIS_CILIARY_BODY_ACTIVATED_T_CELLS",124,0.4819209095489347,1.9956834097320602,1.9977403541448295e-6,5.2171204931983684e-6,"P2RY10;PRKCB;SLAMF1;ITGB2-AS1;SLAMF6;TRAT1;IL2RB;RIPOR2;SPN;FLI1;IPCEF1;MAF;IL18RAP;TNFSF14;BTN3A1;PATL2;S1PR4;ADAM19;FGD3;RORA;RGS19;LINC00426;VSIR;TENT5C;RBL2;CD70;CDC14A;SH3KBP1;MBNL1;PDE4D;UGP2;ATP2B1-AS1;ADAM8;ANKRD12;CAP1;RASA2;HERPUD2;CDC42EP3;TMEM71;ATXN1;RNF213;TNFRSF1B;ST3GAL1",1.920744680227911,5.786884237064239e-5,TRUE,
"TRAVAGLINI_LUNG_MUCOUS_CELL",110,0.5080109986201858,2.0637544594517636,2.254719465759695e-6,5.867119470041356e-6,"LTF;HLA-DQA1;IDO1;C3;LAG3;CXCL10;CCL2;ADAM28;TNFAIP2;KYNU;HLA-DQA2;TFPI2;CTSC;SERPINF1;TNFSF10;CX3CL1;SAA1;CP;IRAK3;TNIP3;ALDH1A3;MMP7;GPX3;SLC26A2;SAA2;TGM2;CBR3;CLU;C15orf48;DUSP5;SLC4A4;LYN;LIF;CTSB;KDR;SOD2;KLK10;PLK2;IL6;VMO1;ST3GAL1;CXCL1;MUC4;HSD17B2;PI3;REEP3",2.136021471115969,4.7171130201294535e-7,TRUE,
"BUSSLINGER_ESOPHAGEAL_EARLY_SUPRABASAL_CELLS",77,-0.5089819076116323,-2.1028340416145195,2.620320105975128e-6,6.794115703349797e-6,"TKT;RPLP1;FBL;KRT15;HES1;NCL;RPL4;HNRNPAB;HSPD1;ATP5MC3;RPS6;H2AZ1;RPL13A;HNRNPA2B1;RAN;TOP2A;SLC7A1;HNRNPD;SLC25A5;PTMA;ENO1;TUBA1B;H2AZ2;RPL10A;CCT5;HSP90AB1;HNRNPF;HNRNPA1;RPL5;IMPA2;HMGB2;RRM1;YBX1;RPL14;PRC1;RPL15;RRM2;CCNB1;EEF1A1;CENPF;HNRNPC;TUBB;MKI67;SET;PTTG1;CBX3",-2.3911405643985995,1.3676501703589447e-8,TRUE,
"DESCARTES_FETAL_LUNG_MESOTHELIAL_CELLS",65,0.5784386031176796,2.1391049433875438,2.6382408083158474e-6,6.816237817926353e-6,"C3;ADCYAP1;LINC02381;MGP;CFH;PLAC9;PTGIS;OLR1;WNT2B;C1R;SULF1;PODN;PCOLCE2;RERG;FNDC1;PRELP;BDNF;BDKRB1;ELN;LIF;GLP2R;CCN4;ITLN1;GFPT2;COL8A2;SOX15;IL6;GSDME;CRIM1;PLA2G2A;GEM;ADAMTS5",2.100040050594518,1.5882281846907898e-5,TRUE,
"DESCARTES_FETAL_INTESTINE_SMOOTH_MUSCLE_CELLS",38,0.6664167055726884,2.230825742604146,3.04309389747738e-6,7.83434811903751e-6,"GREM2;MYOCD;FGF7;CHRDL2;AOC3;KCND3;MYLK;LDB3;MYH11;LMOD1;KCNMA1;RGS5;CARMN;SERTAD4;LINC00578;ACTA2-AS1;NTM;TNMD;OLFML2B;ANO1;KCNMB1;TAGLN;NIPAL4;PSD;KCNJ8;FLNA;DES;FBXL22;MYL9;ACTA2;JPH2;TACR2",2.5837000091125146,1.1204985895445131e-9,TRUE,
"DESCARTES_FETAL_INTESTINE_STROMAL_CELLS",27,0.7255221465505437,2.230941103876925,3.3374258753510574e-6,8.561735637826387e-6,"CCL19;ADH1B;TMEM119;TCF21;SYNDIG1;MSC;BMP5;PDGFRA;MSC-AS1;LUM;GLI1;FNDC1;FBLN1;PRR16;F2RL2;DPT;SHISA3;CH25H;PDGFRB",2.2679845791978055,3.412107992195516e-6,TRUE,
"DESCARTES_MAIN_FETAL_ELF3_AGBL2_POSITIVE_CELLS",154,-0.4040202760116948,-1.8654949179607563,3.617318631312507e-6,9.24708917722845e-6,"TUBG1;DCXR;COL11A2;MRPL10;CDK16;FAM86EP;MCRS1;SNF8;MPV17L2;RRP8;PHPT1;HDHD5;MTCH1;MRPL37;ARHGEF39;MRPS11;FIZ1;NUDT8;ATP5MJ;COA7;TIMM10;CSNK2A2;HNRNPH3;OPLAH;COX5A;CDK18;TOMM22;C15orf61;MTHFSD;LINC00853;MOCS3;PTP4A3;NCBP2AS2;POMGNT1;BNIP3;YBX2;ZNF524;ZNF580;RBM14;TAF6;LSM1;PPP1R26;FTH1P16;MISFA;STUB1;SAAL1;PYGB;RNF113A;LYSMD4;TRIM41;ZNF451-AS1;AMER1;PSMB2;PFDN1;BANF1;TRIM68;TIPARP-AS1;SLC35A4;DDA1;NUDT22;IDH3A;METTL23;CDCA4;BCKDK;DOK7;SH3GL1P1;RPL26P19;COPS5;LCMT2;CRAT;MPC1;ZNF691;EIF5AL1;PSMG1;VMA21;ANO7",-1.5627282281691366,0.002033980727475666,TRUE,
"GAUTAM_EYE_IRIS_CILIARY_BODY_MEG3_HIGH_FIBROBLASTS",108,0.5036877902322167,2.0387972641692516,3.823447932437987e-6,9.723215752982093e-6,"CLIP4;GBP1;NFATC1;CRISPLD2;FAM20A;FGF7;CP;VIM-AS1;MMP2;MAPK10;PLEKHG2;HIC1;KRT16;PNRC1;GPRASP1;ADAM33;CHST15;HGF;GSTM2;DUSP5;ELN;RHOBTB3;DENND2B;ADAM12;ZFHX4;TPM4;CH25H;KRT17;AFF1;SSH1;ZC3HAV1;TIPARP;NAV1;ITSN1;ETV3;DIO2;DUSP1;RICTOR;SHC1;PTPRG;COL5A1;COL1A2;AASS;FLT1;ZC3H12A;ALPK1",1.9633653607651103,4.811433059787636e-5,TRUE,
"HE_LIM_SUN_FETAL_LUNG_C0_MESENCHYMAL_1_CELL",267,0.3978933616442498,1.8250919539693589,3.830357720871734e-6,9.723215752982093e-6,"STAT4;ITM2A;MADCAM1;RAB33A;GPSM3;AIF1;IGF1;TLL1;SGK1;CD74;PRKAR2B;LINC02381;PAPLN;RSPO3;EFEMP1;MYOCD;FCHSD2;MDFIC;IRF1;COL23A1;RAC2;ADAMTS8;HPSE2;MSC;RNF150;HSD17B14;FGF7;PTGIS;CNTN4;PDE1A;CYTH1;GFRA1;ALDH1A3;MAPK10;MSC-AS1;ZEB1;SLC8A1;LDB2;IRAG1;MCC;RGMA;HHIP;TENM4;NCOA7;DLG2;JAZF1;MXD1;PDZD2;KIT;VIPR2;ADCY5;DUSP5;RARB;FRZB;SPSB1;CLSTN3;ANKRD29;PHLDB2;EDN3;GLP2R;ST6GALNAC5;TLE4;BNC2;ZFHX4;RBPMS2;TWIST2;GFPT2;FUCA1;PNMA8A;CTHRC1;CA11;LMOD1;PDGFC;TBC1D9;FLRT3;CRABP2;GLIPR1;VSIG10L;HAND2;CARMN;INTS6L;TIPARP;UCP2;PBX2;BICD1;LINC00665;NTM;OLFML2B;SYNM;NRG1;CHRM3;DOCK9;FOXP2;ANO1;SORBS1;LEF1;BST2;HHIP-AS1;NSG1;EPHA4",2.06040257604625,3.3486406214401016e-9,TRUE,
"HE_LIM_SUN_FETAL_LUNG_C0_VASCULAR_SMC_2_CELL",156,0.4515862187151529,1.946170383001055,3.852756640003963e-6,9.745997632902012e-6,"RCSD1;RIPOR2;RASGRP2;ITGA4;ARHGDIB;HRH2;MYOCD;MAMDC2;MEF2C;NIBAN1;RCAN2;ENTPD1;VAT1L;LRRC32;SUSD5;SLC8A1;FAM241A;ATP1A2;RERG;FILIP1L;EPAS1;GATM;MAP3K7CL;EBF1;CAP2;HEY2;PLN;FRZB;PHLDB2;LDB3;MYH11;AFAP1L2;ANOS1;CAV2;HEYL;MSRB3;LMOD1;HMCN1;INHBA;NRIP2;TRPC6;TTYH1;COL18A1;RGS5;SEPTIN4;CDH6;INPP4B;COL8A1;PLXDC1;ARID5A;OLFML2B;RRAD;B3GNT2;KCNS3;MEGF6;RAPGEF5;CSRP2;PLCE1;CNNM2",2.279485344877782,9.197085575478123e-10,TRUE,
"DESCARTES_FETAL_KIDNEY_VASCULAR_ENDOTHELIAL_CELLS",76,0.5479626966492501,2.0909431312328737,4.0054149366635866e-6,1.0096983486172792e-5,"ANKRD36BP2;RBP5;MADCAM1;MMP25;SV2B;SHE;VIP;CASP4LP;CLEC1A;FAM110D;PREX2;CALCRL;RAMP3;MMRN2;ARHGEF15;CLEC14A;ADGRL4;BCL6B;NRP2;DIPK2B;SOX17;LINC02384;SELE;GIPC3;KANK3;CDH5;CYP26B1;ADCY4;TMEM88;ADGRF5;TIE1;LHX6;MAPK11;CEACAM1;GPR4;NOS3;BDKRB2;THSD1;ECSCR;FAM167B",2.383185079230362,1.6391087410918892e-8,TRUE,
"RUBENSTEIN_SKELETAL_MUSCLE_FBN1_FAP_CELLS",283,0.39000584205017313,1.7953085110602,4.28328955408417e-6,1.0760097634135318e-5,"ABI3BP;LSP1;SCARA5;C3;CHRDL1;TNXB;COL14A1;C1S;SERPING1;MGP;MFAP4;FBLN5;TNFAIP2;EFEMP1;GPNMB;PMP22;SERPINF1;NOVA1;CTSK;IGFBP5;TYMP;NEGR1;CCDC80;PLAC9;FHL1;PTGIS;CYBRD1;MMP2;C1R;IL6ST;PDGFRA;ALDH1A3;TIMP2;IDS;DCN;MEDAG;GYPC;VIM;AKAP12;PCOLCE2;GPX3;S100A4;RBMS3;DDR2;AXL;FNDC1;FSTL1;TIMP3;PRRX1;PSAP;FBLN1;EBF1;FBLN2;MEG3;MARCKS;RBMS1;CLU;BEX4;VCAN;ELN;ANXA1;ARL6IP5;GLIPR2;PLPP1;FBN1;FILIP1;RAP1A;UGP2;EMP3;MYOF;GFPT2;ISLR;DAB2;SDCBP;MFAP5;COL6A3;OLFML3;SDC2;TFPI;OSR2;CAST;LOXL1;HTRA1;MXRA8;FGFR1",1.952179559996361,1.334836675503944e-7,TRUE,
"AIZARANI_LIVER_C8_RESIDENT_B_CELLS_1",34,0.6783293745529676,2.225827946898495,4.65253370532673e-6,1.1647377482990365e-5,"CD79A;LY9;FCRL5;CD27;SLAMF7;JCHAIN;POU2AF1;MZB1;DERL3;MEI1",2.3083756688573263,3.123660376027985e-6,TRUE,
"HE_LIM_SUN_FETAL_LUNG_C2_NON_CLASSICAL_MONOCYTE",16,0.8168031157604962,2.1697276955560842,5.064084948921824e-6,1.2634108841640014e-5,"CD79B;GBP2;CLEC12A;LILRA1;FCGR3A;APOBEC3A;PELATON;LILRA5;BIRC3;HK3",2.1486142555868675,7.762168778343446e-5,TRUE,
"CUI_DEVELOPING_HEART_SMOOTH_MUSCLE_CELL",45,0.6317303281291023,2.17884922754729,5.364744528690605e-6,1.3338371670648558e-5,"ITM2A;COL14A1;C1S;CFH;ANGPTL1;SERPINF1;CTSK;CCDC80;C1R;S100A4;RARRES2;COLEC12;SFRP2;FBLN1;ELN;BGN;MFAP5;OSR1;CRABP2;OSR2;LOX;TSHZ2;PCOLCE;OLFML2B;DUSP1;COL1A2;SPARC",2.363695919416453,3.357598472676352e-7,TRUE,
"LAKE_ADULT_KIDNEY_C24_ENDOTHELIAL_CELLS_AEA_AND_DVR",152,0.45491047055480516,1.948058360369479,5.624885189695509e-6,1.3937428831805253e-5,"ABI3BP;HLA-DRA;HLA-DRB1;A2M;ENPP2;SRGN;CD74;PALMD;DPYD;FCHSD2;PECAM1;MEF2C;SP100;SYNE1;THSD7A;IL6ST;DOCK4;TMTC1;HLA-E;ZEB1;TCF4;STOM;ADAMTS1;EMCN;VIM;LDB2;B2M;DEPP1;RBMS3;CLDN5;EPAS1;WWTR1;ADGRL4;CALD1;TIMP3;PSAP;EBF1;AQP1;CD93;MBNL1;PTPRM;ELMO1;PLPP1;FBXL7;EMP1;MEF2A;BMPR2;AKT3;HLA-B;CD59;ADGRF5;CRIM1;UTRN;ARL15;RHOA;NFKBIA;CLIC4;TTC28;DUSP1;CHRM3;DOCK9;PTPRG;SPARC;CRYBG3;AKAP13;FLT1;MEIS2;SOX5;MACF1;KCTD12;ARGLU1;RASAL2;DST;ADAMTS6",1.9783435279585602,9.73315162151664e-6,TRUE,
"GAO_LARGE_INTESTINE_ADULT_CH_MKI67HIGH_CELLS",102,-0.4608980141339073,-2.0197442528878025,5.720325895421615e-6,1.4125702721347252e-5,"RDM1;LINC00628;TEDC2;PKMYT1;MYBL2;KIFC1;BIRC5;ESPL1;HROB;AURKB;POC1A;PDIA2;TROAP;EME1;FEN1;CDCA3;CDC45;TOP2A;TPX2;CIT;CDCA8;PIF1;TACC3;SERPINA6;CHAF1B;IQGAP3;KIF4A;TRIP13;NCAPH;PIMREG;GTSE1;FAM201A;KIF20A;EXO1;CDCA5;RAD51;RAD54L;ERCC6L;HJURP;E2F8;CENPA;SKA3;DDX11-AS1;ARHGAP11B;KIF2C;NEIL3;CCNA2;KIF23;CENPF;CDC25C;FANCB",-2.329300550580762,1.899876786887399e-8,TRUE,
"LAKE_ADULT_KIDNEY_C10_THIN_ASCENDING_LIMB",343,-0.31468377575016293,-1.6145721363902934,5.91305652169482e-6,1.4552132321187928e-5,"RPL19;PEBP1;RPLP2;RPS2;RPS28;RPS24;RPL8;ATP5F1E;RPL12;RPLP1;RPL7A;PSMA7;RPS18;RACK1;ARF1;EIF1;RPL31;RPL13;GDF15;CCT3;COX4I1;RPL3;RPL11;RPLP0;WFDC2;EEF2;FAU;ACTG1;RPS15;RPS11;RPS16;RPS27A;RPS8;MTCH1;UBA52;RPL37A;RPS13;RPL18;NCL;GAPDH;HSPA9;RPL35;DUSP23;RPL4;GNAS;HNRNPU;RPS19;IDH2;CBR1;RPS29;RPS4X;HSPD1;TPI1;RPS5;ATP5MC3;RPS6;RPS12;SERF2;ATP6V0B;RPL13A;HADHA;ATP5F1B;ADGRG1;RPL6;COX5B;HNRNPA2B1;CCT6A;RAN;NARS1;COX7C;RPL32;HNRNPM;SOD1;SLC25A5;ZMYND8;PTMA;ENO1;RRBP1;RPL30;RPL10A;RPS9;RPS14;GSTP1;HSP90AB1;RPSA;EPRS1;SRP14;MAOA;RPL5;RPL41;MRFAP1;SERBP1;DBI;GPX1;HSBP1;SLC25A3;RPL7;PKM;RPL21;CIB1;RPS17;EPCAM;YBX1;KRT18;RPL14;NEK10;PSMB1;PDIA3;EEF1D;RPS7;SERPINA1;SELENOW;UBB;NUFIP2;RPL15;UQCRB;LAMTOR5;PCBP1;LDHB;HNRNPA3;H3-3B;DEPTOR;CTNNA1;RPS20;RPS23;HINT1;CNBP;LAPTM4B;PGK1;ATP1A1;EEF1A1;PTPN11;CYSTM1;ATP5F1A;RPL10;BTF3;LDHA;YWHAB;UBC;ATP5F1C",-1.7775753255331381,3.357598472676352e-7,TRUE,
"GAO_LARGE_INTESTINE_ADULT_CE_OLFM4HIGH_STEM_CELL",280,0.38502766537623256,1.7719509408671794,7.755554764157858e-6,1.90220701310088e-5,"CD28;LTB;RIPOR2;LST1;C7;HLA-DQB1;PLXNC1;TLR1;PLEK;SV2B;MS4A7;ADAP2;CD36;IFIT3;HEG1;ATP6V0D2;PREX1;ST3GAL5;NFATC1;APOBEC3A;HLA-DRB6;CX3CL1;CCDC80;GREM1;ABCA9;MEOX2;RCAN2;SDK1;IL4I1;PCED1B;TOX2;GPC6;QKI;IFIT2;ATP1A2;RAMP3;TSPYL5;ANTXR1;FPR1;AOC3;FILIP1L;C14orf132;CMPK2;ZNF25;IKZF4;SSPN;CAND2;CBX7;TMEM47;LATS2;NIN;CPED1;GUCY1A1;SYNPO;PDZD4;ZDBF2;MYH11;C5AR1;BNC2;GFI1;LINC01426;MAP2;FFAR2;NRIP2;WNT11;TNFSF15;CMYA5;MEIS3P1;PDGFRB;BMAL1;RBP7;LOXL1;CDH6;APBB1;MAPK11;BCL6;ZNF467;VMAC;LIG4;HIVEP1;PLXDC1;BTBD8;MAMLD1;C11orf96;FOXP2;EPG5",1.9658545507256338,1.4480998584867318e-7,TRUE,
"DESCARTES_MAIN_FETAL_LYMPHATIC_ENDOTHELIAL_CELLS",64,0.5683835942418322,2.099083557457296,7.835111481333324e-6,1.9152494732148127e-5,"GIMAP5;PLEKHO2;PLSCR4;LYVE1;TBX1;FCGR2C;NFATC1;ELK3;TMEM140;ADGRG3;PDE2A;GJD3;GNG11;DTX1;ANKDD1A;KLHL4;MAP3K1;NRP2;DIPK2B;RHOJ;RASSF9;FLT4;PTX3;TFPI;TIE1;SMAD1;KLHL3;LOX;TCTN3;RADIL;SHC1;SPHK1;GRAP;RAB3IL1;GJA1;PARD6G",2.1683065263676067,4.418797810360315e-6,TRUE,
"MANNO_MIDBRAIN_NEUROTYPES_HRN",241,0.3934159763562636,1.7890554814907702,7.979588015244851e-6,1.944020435928779e-5,"CD2;KCNA3;POU2F2;ANKRD44;ADA2;SCARA5;GNG2;MARCHF1;KMO;BASP1;PRKAR2B;ANK2;GREM2;GRIN3A;DCLK1;SCN3A;MIAT;HIVEP3;MYO5A;EBF3;NOVA1;SMAP2;RTN1;THSD7A;MIR22HG;CNTN4;CHGA;NLGN4X;RELN;BEND5;RUNX1T1;ENOX1;PCDH9;MAP6;ELOVL4;EDIL3;MLLT11;AP1S2;ISLR2;SH3BP5;ATL1;DOK6;UCHL1;CCDC184;TRHDE;ZFHX4;SV2A;MAP2;OPN3;PLPPR4;UNC79;PAPPA;PRICKLE2;C1orf21;TBC1D2B;MAP1B;DPYSL3;PGM2L1;CDC42EP3;RNF112;ARRB1;CPEB3;ROBO3;ROBO2;NAP1L5;NCAM1;LZTS1;ALDH1L2;ADAMTS5;CRMP1;PBX3;STMN2;SNCG;FOXP2",1.831568597972495,1.8307290341721493e-5,TRUE,
"DESCARTES_FETAL_LUNG_MEGAKARYOCYTES",122,0.4818457468395287,1.989318604870423,8.589479379985227e-6,2.0856060300566137e-5,"CCR4;CD226;CXCR2P1;P2RX1;RGS18;CD84;SELP;PLEK;PRKAR2B;LYL1;F2R;RAB37;PPBP;SUCNR1;BMP6;GP1BA;TSPAN32;TNFSF4;NEXN;TAL1;KIAA0513;TGFB1;C11orf21;FERMT3;RIPOR3;F2RL3;TMCC2;PTGER3;PLEKHF2;GUCY1B1;MAX;C2orf88;RBPMS2;CTNS;CMTM2;ITGB3;CA3-AS1;P2RY1;LINC02884;SLC2A3;PF4;HPSE;ANK1;ILK;RAP1B;THBS1;TRIM58;PTGIR;MYOM1;MARCHF2",2.1517258315434655,3.6841014101792066e-7,TRUE,
"TRAVAGLINI_LUNG_PERICYTE_CELL",109,0.4837983831149872,1.9664232410489824,1.1227602774891943e-5,2.7170798715238502e-5,"ANKRD44;GMFG;CHST2;P2RY14;PRDM1;ARHGDIB;RFTN1;F2R;EFEMP1;TRIB2;FOXF2;APOE;ADAMTSL3;CPM;PTN;PREX2;STOM;FOXF1;GPX3;B2M;PCDH18;SGIP1;PEAR1;PDZD2;EBF1;FAM162B;TXNIP;CCDC68;AFAP1L2;SEMA6D;TRPC6;TTYH2;PDGFRB;RGS5;ADGRF5;SLC35B3;CDH6",2.2545906796065123,7.954253469100771e-8,TRUE,
"TRAVAGLINI_LUNG_CLUB_CELL",105,-0.44328771358902475,-1.95317802667807,1.2001398622882967e-5,2.894689501731905e-5,"RPS21;RPL19;RPLP2;RPS28;RPS24;RPL12;MRPS25;RPL37;RPL27;RPL31;RPL13;GDF15;RPL36;RPL11;FAU;RPL23A;CRACR2B;RPS15;RPS11;RPS16;RPS8;RPL37A;RPS13;RPL34;RPL38;RPL18;RPL35;RPL27A;RPL29;RPS19;RPS29;SEL1L3;RPS5;RPS6;RPS12;RPS3;RPL13A;RPL32;CST3;RPL18A;RPL30;RPL35A;SSR4;RPS14",-1.9918486692204542,2.4096288956883473e-5,TRUE,
"HE_LIM_SUN_FETAL_LUNG_C1_CLUB_CELL",62,0.5640776413369334,2.064523601518902,1.2815762240290992e-5,3.080875293526907e-5,"SLA;C3;TRIM22;CTSW;CFH;DPYD;NIBAN1;SPARCL1;NEGR1;CP;LMO3;FCGR2A;EPAS1;RUNX1;ISG20;CLIC5;STEAP4;ANXA1;KDR;KRT7;KLK10;LIPH;HLA-B;ROBO2;CRIM1;SCNN1B",1.9592714762720276,1.9813622619368432e-4,TRUE,
"DESCARTES_MAIN_FETAL_CSH1_CSH2_POSITIVE_CELLS",83,-0.468954024918648,-1.978613481568368,1.2916733108933887e-5,3.0949004082792086e-5,"EIPR1;PREB;DNAJC17;ZNF48;DPH7;CDC25A;NPRL2;TNIP2;DOLK;TMEM175;MKRN2OS;AIFM2;TOR2A;METTL25B;GALE;ALG2;COQ7;GZF1;CLCN2;KCMF1;MRPL48;ADNP-AS1;AKAP17A;SARS2;VPS72;CNKSR1;EOLA2-DT;SNRPG;TRAPPC14;FAM200A;AKIP1;ALKBH1;CTDP1;TRAPPC3;RPS13P2;TJAP1;NDOR1;ZNF317;ZNF268;XKRX;DNAJC8;TUSC1",-1.7913787340977456,0.0014475998633903984,TRUE,
"MENON_FETAL_KIDNEY_3_STROMAL_CELLS",80,0.5234480010754666,2.027420900036063,1.3147299505783984e-5,3.13978271092078e-5,"SFRP1;TCF21;ZEB2;FLRT2;CTSC;CYP1B1;IGFBP5;PTN;CCDC88A;EMCN;VIM;AKAP12;FSTL1;CALD1;MYLK;MEG3;MARCKS;VCAN;CLDN11;PPP1R12A;IGF2;PALLD;TPM4;COL6A3;MYH10;CDH11;NCAM1;PBX1;CHD3;COL1A2;SPARC;RAI14;SEPTIN7;COL5A2;MEIS2;MACF1;COL3A1;DST",2.190448205965103,2.964937092249061e-6,TRUE,
"DESCARTES_FETAL_MUSCLE_SMOOTH_MUSCLE_CELLS",65,0.55679212404114,2.05905480470387,1.336280441288049e-5,3.180785575000406e-5,"PDE1B;RCAN2;GPC6;BMP5;FHL5;RERG;AOC3;SLIT3;PLN;STEAP4;ADCY5;FAM162B;GPR176;MYH11;ENTPD3;CCN4;TRPC4;RBPMS2;ABCC9;NRIP2;RASL12;PDGFRB;DAAM2;RGS5;CARMN;ITGA11;ACTA2-AS1;ANO1;RRAD",2.3501088210193988,7.954253469100771e-8,TRUE,
"FAN_EMBRYONIC_CTX_ASTROCYTE_2",127,0.4669439824539568,1.9459187493285788,1.4026046668155428e-5,3.327748327150602e-5,"SPOCK2;ST8SIA1;KCNN3;VCAM1;LIFR;PLSCR4;S1PR1;SLC15A2;EFEMP1;ATP1B2;EDNRB;APOE;RORA;ABCA1;ATP1A2;TMT1A;ID4;MT1M;VSIR;HAPLN3;PCDH9;GASK1B;SSPN;TRIL;TIMP3;PLPP3;FBLN1;MARCKS;CLU;TMEM47;PLXDC2;SLC4A4;SESN3;ANOS1;SPON1;LAMA4;SEMA6D;GRAMD2B;SDC2;LGR4;TTYH1;TFPI;HTRA1;GLUL;APC;MYBPC1;PBXIP1;SPATS2L;FIBIN;LUZP2;CD44;MT1F;NPC2;HSD17B6;LAPTM4A;MACF1;NRCAM;GJA1;DST;GDPD2",2.074682257105489,1.2531194523753112e-6,TRUE,
"HE_LIM_SUN_FETAL_LUNG_C4_TH17_CELL",15,0.8122369660689719,2.1327042450961504,1.424074594558833e-5,3.3676812887612793e-5,"BLK;SLAMF1;JAML;LST1;ADAM19;IL4I1",2.212431727856768,5.736583224840154e-6,TRUE,
"BUSSLINGER_ESOPHAGEAL_PROLIFERATING_BASAL_CELLS",66,-0.5065908850595465,-2.032093162114686,1.6490989499867663e-5,3.887161810683092e-5,"TKT;FBL;KRT15;EEF2;MCM7;NCL;SLC7A5;ANP32B;RPL4;RPS5;LAMB3;H2AZ1;RPS3;SLC3A2;RPL13A;GPX4;TK1;HNRNPA2B1;TOP2A;SLC7A1;PTMA;RPL18A;ENO1;TUBA1B;RPL10A;HNRNPA1;RPL5;HMGB2;EEF1B2;YBX1;SNRPB;PRC1;RPL15;RRM2;EEF1A1;KRT19;CENPF;RPL10;HNRNPC;NAP1L1;TUBB;CD81;EIF4B;MKI67",-1.9921246171975115,7.525795315488759e-5,TRUE,
"ZHONG_PFC_MAJOR_TYPES_ASTROCYTES",279,0.37455027600997604,1.7248586310367509,1.6544821280680605e-5,3.887229854295831e-5,"FAM107A;S100B;CPNE5;VCAM1;LIFR;LITAF;LRRN3;S1PR1;SLC15A2;KCNJ10;GNG7;PMP22;PREX1;HAPLN1;SPARCL1;ATP1B2;LIPA;CCDC80;TRIB2;RASSF4;EDNRB;APOE;PTN;DCN;GNG11;QKI;VIM;ATP1A2;GPR137B;TMT1A;GPX3;ID4;B2M;RAMP3;DOK5;RGMA;ITGAV;RAB31;CTSL;HAPLN3;GATM;SASH1;GULP1;ATP13A4;FERMT2;LEPROT;TRIL;TIMP3;PLPP3;PDPN;HEY1;FBLN2;HLA-C;CLU;SLC1A3;ELN;HOPX;SLC4A4;LYN;MEIS1;PDLIM3;SIRPA;ALPL;GNG12;GPRC5B;ANOS1;PRCP;SPON1;SEMA6D;TTYH2;TOR1AIP1;PDGFRB;BMAL1;RAB34;TTYH1;PHACTR2;ETV1;HLA-B;TFPI;HTRA1;IL33;PAQR8;DKK3;ROBO3;MRC2;MASP1;TCF7L2;DIO2;SDC3;ZFP36L1;GLUL;PEA15;UBL3;HLA-A;PBXIP1",1.9044652501678854,3.5465935819117626e-7,TRUE,
"SU_HO_CONV_CENT_CHONDROSARCOMA_STROMAL_C5_VASCULAR_SMOOTH_MUSCLE_CELL",125,0.4614322836982939,1.9207004440346633,1.7617748101361607e-5,4.1259629424479116e-5,"ETS1;A2M;ZEB2;GBP2;PLSCR4;HIC1;DLC1;ADAMTS1;DCBLD2;JAM3;RERG;HGF;FILIP1L;LHFPL6;SGIP1;MYLK;EBF1;PLN;TNS1;NRP1;FAM162B;GUCY1A1;BACH1;ADAR;JAK1;GUCY1B1;CARD16;PPP1R12A;CAV2;ABCC9;ADAMTS12;SH3BGRL;RASL12;FHL3;EHD2;ADGRA2;RGS5;CARMN;UTRN;HLA-F;SGCE;TGFB3;PLXDC1;CD248;ANO1;ITGA1;B3GNT2;KMT2E;ARHGAP42;DICER1;OAZ2;CCDC102B;RNF152;TBX2;ODF2L;REV3L;SEMA5A;TMOD3;ZHX1;CAMK2N1;TGFB1I1;KCNJ8;TBC1D1",2.095581115250577,3.096085707429378e-6,TRUE,
"ZHENG_CORD_BLOOD_C4_PUTATIVE_EARLY_ERYTHROID_COMMITMENT",94,0.4974116523257224,1.9622084771623967,2.154990570469521e-5,5.030621074472258e-5,"TESPA1;ARHGAP15;CPA3;CD69;RHOH;SLA;HPGDS;ITGA4;CD84;IL1RL1;ZEB2;ERG;MYCT1;ITGAE;ABCA1;IKZF2;PRKACB;PHTF1;LEPROT;NFKBIZ;RIPOR3;KIT;ELMO1;PLXDC2;SESN3;SDCBP;IMPA1;SKIL;SPTY2D1;BMP2K;ZBTB16;ELF1;FOXO3;SLC38A2;PBX1",1.7649324121337724,0.001441977670587776,TRUE,
"HE_LIM_SUN_FETAL_LUNG_C5_LATE_PRO_B_CELL",23,0.7178261586492262,2.136622260931138,2.207982329967691e-5,5.1378050370402045e-5,"CD27;GBP4;PECAM1;ELK3;ERG;GNG11;LILRA2;LINC00426;CD34",2.0789832533778445,2.8574950306039723e-4,TRUE,
"DESCARTES_FETAL_STOMACH_ENS_GLIA",31,0.6613823040958058,2.1119806371738057,2.2698524862902657e-5,5.2648974602132045e-5,"ABCA8;CHL1;S100B;ADAM23;MOXD1;TSPAN11;SLC15A3;EDNRB;ATP1A2;CALHM2;HEYL;VGLL3;CRYAB;TMEM71",2.171707133447256,2.3094333400800172e-5,TRUE,
"HE_LIM_SUN_FETAL_LUNG_C4_ILC3_CELL",68,0.5418025304895644,2.0345115472885795,2.383136334741427e-5,5.51005407331935e-5,"BLK;SLAMF1;JAML;CXCR6;LST1;TNFSF13B;CSF1;AFF3;NFATC1;CA2;ADAM19;IL4I1;TOX2;RUNX2;REC8;KIT;TIAM1;ATP10D;ADAM12;DAPK1;PHACTR2;KRT86;LDLRAD4;AHR;FYCO1;NRIP1;PLXND1;REEP3;IL23R;SPATS2L;LZTFL1",2.021641969982664,5.735559569909681e-5,TRUE,
"DESCARTES_FETAL_HEART_MEGAKARYOCYTES",73,0.5417496519930148,2.0424219323182733,2.415615194499402e-5,5.56741787684624e-5,"CPA3;TPSAB1;CXCR2P1;P2RX1;RGS18;TPSB2;PLEK;ADCYAP1;LYL1;PPBP;CA2;GP1BA;TSPAN32;TNFSF4;TAL1;FERMT3;F2RL3;KIT;LIPH;CMTM2;ITGB3;SLC2A3;PF4;MDM1;HPSE",2.0181588437212232,2.656084786890456e-5,TRUE,
"DESCARTES_MAIN_FETAL_CLC_IL5RA_POSITIVE_CELLS",170,-0.37137650782543885,-1.7395411137293257,2.4489094534069482e-5,5.6262919720678615e-5,"BCS1L;SNRPA1;ACBD6;POLR3K;SAC3D1;UCK1;ZC3HC1;POLRMT;PCGF1;ALG3;PGAM5;STRN4;ENTR1;ARFIP2;CEP131;SNRNP25;SLC52A2;NOP16;TMC3-AS1;ACTR1B;TIMM50;BIRC5;MMACHC;LINC00680;MRPL40;TMEM250;POLR1E;FBXL8;ESS2;SHARPIN;GCSH;NDUFC1;RBM15;USP39;LINC02482;TIGD5;PRELID1;ZFP41;ATP5F1EP2;PAQR4;GAR1;TTC4;TRPM2-AS;SF3B6;GTF3A;GEMIN4;THYN1;MRPS16;BECN1;ADO;CENPW;ZNF687;CYP2U1-AS1;PANK4;NDUFS2;ZDHHC24;PSPN;BRF2;MCUR1;PDK2;RNF26;RPL35P5;MRPL3;ZCCHC4;PLD6;DHX16;C1orf174;LAMTOR5;IMP3;SF3B4;ZNF517;SCAT2;DCUN1D5;DDX11-AS1;FBXO45;RLIM;AFG3L2;R3HCC1;TOMM40L;PARP2;ZSCAN16;PTGS2;EIF2AK4",-1.6259665514492447,4.076425497587368e-4,TRUE,
"HE_LIM_SUN_FETAL_LUNG_C4_ILCP_CELL",173,0.4260469092302267,1.83553280855968,2.5604357002038884e-5,5.8639631493628486e-5,"JAML;LTA;PLCG2;LST1;TNFRSF18;PRAM1;TNFSF13B;ASB2;ATP8B4;SLCO2A1;CFH;IL1R1;ICAM1;AFF3;UBASH3B;PECAM1;MDFIC;NFATC1;CA2;ELK3;TNF;NIBAN1;TNFRSF4;SPART;NR4A3;IL4I1;TOX2;RUNX2;BIRC3;CCNG2;CEP170;PHTF1;PCDH9;TNFSF11;NCOA7;FES;KIT;MARCKS;TIAM1;PLPP1;IGFBP7;LIF;SCN1B;ADAM12;SSBP2;RGS2;GRAMD2B;COL4A4;KRT86;ZMIZ1;LTC4S;AHR;CCDC50;NRIP1;TTN;CTSH;TSPAN4;SPECC1;REEP3;IL23R;EHBP1L1;SPATS2L",1.8997366335652197,2.200801648453597e-5,TRUE,
"GAUTAM_EYE_CHOROID_SCLERA_FIBROBLASTS",194,0.402440477783706,1.7684928825411874,2.757387331710291e-5,6.295167304470665e-5,"STAT1;BASP1;PDE7B;SLFN11;IL1R1;LAP3;BHMT2;SAMD11;ANKRD35;DSE;ITM2B;IL6ST;FGF2;RGL1;STON1;BOC;CD302;ADAMTSL4;STOM;PODN;GLT8D2;JAM3;DOK5;DEPP1;ITGAV;VSTM4;PCDH18;APOL6;FEZ1;SSPN;KIAA0040;IRF2;SAA2;NFKBIZ;PSAP;RUNX1;PJA2;SCUBE2;CPED1;CALCOCO1;AHCYL2;APOL2;DAB2;BMERB1;C1orf21;SKIL;PIEZO2;PGM2L1;CHD9;DKK3;MAP3K5;ZBTB16;ARID5B;FOXO3;TGFB3;GPX8;ABCA5;CCNDBP1;B4GALT1;PTPRG;NPEPPS;MINDY2;SLC7A8;PNISR;SLC16A7;BAMBI;AASS;SMARCD3;DERL2;CSRP2;ZCCHC24;LAPTM4A;GOLPH3;TNS2;HIGD1A;LPAR1;BMP4",1.829858782936335,4.796938710416244e-5,TRUE,
"ZHENG_CORD_BLOOD_C8_PUTATIVE_LYMPHOID_PRIMED_MULTIPOTENT_PROGENITOR_2",88,0.5091167110168271,1.9987451446838091,2.968024842027914e-5,6.754815157718701e-5,"ARHGAP25;FAM30A;RCSD1;ARHGAP30;CD48;SELL;CD52;RASGRP2;MZB1;HLA-DRA;PRAM1;IGHM;CD74;CSF3R;CALHM6;MAP3K8;TSC22D3;GNG11;GYPC;HCST;S100A4;B2M;CD34;ANGPT1;RUNX1;HLA-C;HOPX;IGFBP7;LDLRAD2;PSME1;TPM4;HSH2D",2.0067382308616146,4.057254977354593e-5,TRUE,
"HE_LIM_SUN_FETAL_LUNG_C6_DEUTEROSOMAL_CELL",200,-0.35340165914197347,-1.6887144795919222,3.1226421022184735e-5,7.084494269408161e-5,"TUBG1;C19orf48P;PPP1R1B;HES6;TEDC2;SPAG5;CDT1;CHTF18;RANGAP1;MIS18A;MTFP1;AURKA;MEST;BIRC5;CHAF1A;MIIP;UBE2C;POC1A;ORC6;DNAH14;PCCB;TROAP;CDC20;EME1;ACOT7;ABLIM2;PLK1;ZWINT;TOP2A;TEDC1;TPX2;PAQR4;CDCA8;TACC3;UBE2S;ASF1B;YBX2;MUC12;CHAF1B;PGP;IQCC;PPP1R14B;KPNA2;UBE2T;CKS2;FAM3B;WDR62;HMGB3;INSIG1;BCL2L12;CTNNBIP1;NCAPH;CENPW;USP31;CCDC14;CCNB2;RFC4;GPSM2;KNSTRN;CDKN2D;PRC1;NUP93;MARCKSL1;KIF20A;SGO1;RAD54L;ERCC6L;DBNDD1;RFWD3;CCDC188;CPAP;DNAH17;MIF4GD;SKA3;CDCA4;CCNB1;CLDN12;MAD2L1;KIF23;CENPF;RASSF1;FANCI;NEK2;EZH2;FAM216A;DHFR;ZNF736;CEP152;RCC2;MYCL;BARD1;PTTG1;KIF15;DBF4;BRCA2;NUDT15;PLK4;SASS6;SPIN4;FANCM;MATN2;CNTROB;TRMT12;POGLUT3;CCDC18;STIL;H2BC15",-1.9273763110200801,3.9208029826223407e-7,TRUE,
"HE_LIM_SUN_FETAL_LUNG_C7_COL20A1_POS_SCHWANN_CELL",62,0.5546821822024359,2.0301362305103603,3.2101961490753426e-5,7.260443626880682e-5,"ITM2A;DOCK8;IFI16;ARHGAP31;SP100;PLAC9;LMO3;ALDH1A3;S100A4;ANGPT1;ELN;ANXA1;NMI;FBN1;IGFBP7;SRPX;BGN;HMCN1;COL6A3;ENG;NTM;ADAMTSL1;ITGA1;AFAP1L1;CD44;KLF4;CASP4;CYTL1",2.2366229170312386,1.2080348909654442e-6,TRUE,
"GAUTAM_EYE_IRIS_CILIARY_BODY_MELANOCYTES",238,-0.332837857922779,-1.6284217977691497,3.4862822920727864e-5,7.860375602623736e-5,"FAHD2A;PHB1;RPS28;MRPL23;ILKAP;MDH2;QDPR;PSMA7;ERP29;RACK1;ARFGAP1;EIF1;TALDO1;TOLLIP;NUPR1;COA3;DEAF1;RRP1;HES6;NDUFS5;PSMB7;BCAP31;SNHG32;CHCHD10;NDUFS3;PPP1R37;NDUFB10;EXOSC4;NDUFS7;NELFCD;RPS4X;ABHD12;COX6B1;RAD23A;ATP5MF;COX6A1;ATP5MC3;ARL2;COX8A;HNRNPH3;RPS12;EFNA1;ATP5F1B;BAIAP2L1;SLC25A33;COX5B;NDUFC1;MSRB2;NDUFA1;HNRNPA0;SLC66A2;COX7C;HNRNPM;NEDD8;PITHD1;CLTA;SMIM29;MAZ;UNK;COPS9;UQCRH;BSG;AP2M1;TOMM20;MRFAP1;IGBP1;NDUFB9;COX17;PLEKHB1;UBXN1;COX7A2;TLNRD1;RGS3;DYNLL1;SUMO3;HIGD2A;YBX1;GPAT4;PRMT2;PGRMC1;MTHFS;SCCPDH;MARCKSL1;SAP18;SREBF1;OSER1;TCEAL4;ATP5PO;SMS;LAMTOR5;ERBB3;PLEKHG3;ATP6V0A1;FAAP20;MTSS2;HINT1;SIGIRR;CNBP;ATP5MG",-1.477292465815407,0.00181770636410518,TRUE,
"DESCARTES_FETAL_ADRENAL_MEGAKARYOCYTES",71,0.5277554532984059,1.9889446572392202,3.631173003497888e-5,8.161707741608257e-5,"PKHD1L1;CPA3;FCER1A;P2RX1;RGS18;SELP;MMRN1;PLEK;PPBP;GP1BA;PTGS1;IRAG1;ANKRD33B;FERMT3;F2RL3;RBPMS2;CMTM2;ITGB3;CMTM6;PF4;INAFM2;MDM1;HPSE;KCNMB1;THBS1;LIMS1",2.0069572383537904,7.450909042463084e-5,TRUE,
"MANNO_MIDBRAIN_NEUROTYPES_HNBM",210,0.3905864799960206,1.7416283636021714,3.6484495237655957e-5,8.175229488437724e-5,"CD2;POU2F2;ADA2;GNG2;CYRIA;BHLHE22;SV2B;PRKAR2B;ANK2;GREM2;GRIN3A;TSPAN11;DCLK1;SCN3A;MIAT;SSTR2;EBF3;NOVA1;APOL4;THSD7A;GFRA1;TMEM163;RELN;CALB2;TAMALIN;ATOSA;GABARAPL1;MDGA1;PHTF1;MAP6;EBF1;EDIL3;PRDM8;MLLT11;SRL;EFS;SLC46A3;DNAJB5;ATL1;ZBTB46;DPYSL4;ZFHX4;MAP2;PAPPA;SEMA6C;PDP1;MAP1B;HEPACAM2;DPYSL3;CDC42EP3;ROBO3;NCAM1;EBF2;TMSB15A;LZTS1;NAV1;POU6F1;ADAMTS5;CRMP1;PBX3;STMN2;MIB1;FOXP2;RGS4;PTPRG;NSG1;CCBE1;PCDHGC3;MEGF6;ZNF117;CRACD;CASD1;SOX5;STXBP5;ROBO1;RND3;SOBP",1.8251986211034716,3.2627990666721824e-5,TRUE,
"BUSSLINGER_DUODENAL_EARLY_IMMATURE_ENTEROCYTES",109,-0.4149332899172719,-1.833335582757126,4.696785337960185e-5,1.0491895862643366e-4,"PEBP1;RPL23;RPL8;TKFC;COX4I1;CHCHD10;ANPEP;COX7B;RPS8;PCK2;CYC1;RPL27A;CBR1;RPS29;SUCLG1;UQCRQ;COX6A1;ATP5MC3;COX8A;HADHA;COX5A;ATP5F1B;RPL6;COX5B;IDH1;COX7C;SLC25A5;COX6C;AKR1A1;RPS9;VDAC1;SMIM24;PNP;MAOA;DHRS11;PYCARD;COX7A2;ANXA4;RPS15A;CES2;MGST3;RPS7;RPL22;ATP5PO;REEP6;CRYL1;TXN;SLC5A1;ATP1A1;KRT8;RPL26;KRT19;NDRG1;ATP5F1A;CYB5A;FABP1;MTTP;ATP5F1C",-1.4851411248019502,0.009058721818717242,TRUE,
"HE_LIM_SUN_FETAL_LUNG_C0_MYOFIBROBLAST_2_CELL",84,0.5078230937027035,1.971767554494174,4.9455289435647846e-5,1.101366261665041e-4,"IL21R;IGF1;C16orf89;TMEM100;SLCO2A1;LTBP2;MYOCD;THBD;SYNDIG1;STK17A;ZEB1;FENDRR;C1QTNF7;SLC26A2;PLXNA4;SSC5D;RUNX1;SLC4A4;ITPRIPL2;MYH11;SNED1;PLEKHG1;TYRP1;ISM1;WNT11;PLPPR4;EOGT;HTRA1;JCAD;NEDD9;STC1;ANO1;LEF1;PAG1;PCSK5;VSNL1;ITGA9;CXCL14;NRCAM",2.1976525033783982,4.685269593799609e-7,TRUE,
"HE_LIM_SUN_FETAL_LUNG_C7_SCHWANN_PRECURSOR_CELL",215,-0.34536532354790045,-1.6585808642850324,5.043767488975249e-5,1.1198089287449635e-4,"PPIF;E2F1;CENPM;MCM3;SLC1A5;CDC6;PKMYT1;SPAG5;CDT1;NOTCH1;MYBL2;LRP5;KIFC1;RRS1;DNAAF5;MIS18A;GGCT;H2AC20;SPC24;BIRC5;CHAF1A;UBE2C;AURKB;POC1A;PHF19;ORC6;GINS2;TROAP;CDC20;FEN1;TK1;CDCA3;PLK1;ZWINT;FAM83D;TOP2A;MCM2;POLA2;MYO10;TPX2;DNAJA4;EYA1;CDCA8;TACC3;ASF1B;MXD3;FLRT1;PSRC1;UHRF1;RNF157;RBM38;UBE2T;IMPA2;BCL2L12;CDCA7;CDKN3;KIF4A;CENPO;TRIP13;NCAPH;LYAR;CENPW;CCNB2;PIMREG;EFCAB11;GTSE1;AIRIM;RFC4;TIMELESS;GMNN;KIF20A;CDCA5;CCDC34;SGO1;HJURP;CENPA;SUV39H2;CHEK1;INCENP;REEP4;CDCA4;CCNB1;MAD2L1;CTH;KIF2C;TP53;CCNA2;KIF23;CENPF;FANCI;SPC25;SVIP;EZH2;CDK2;DHFR;NCAPD2;MCM6;MKI67;MCM4;BARD1;CENPE;PTTG1;ATAD5;HOOK1;KIF15",-1.8985668760636474,3.1607955742277923e-7,TRUE,
"TRAVAGLINI_LUNG_CAPILLARY_AEROCYTE_CELL",42,0.6067657331183127,2.077402098765994,5.263072462042711e-5,1.1649361608057951e-4,"IL1RL1;CD83;CD74;RTN1;EDNRB;ITM2B;ADGRL2;GNG11;EMCN;CA4;GPX3;S100A4;B2M;S100A3;INMT;AQP1;HOPX;HPGD;B3GALNT1",2.35239481077297,9.89069071616905e-7,TRUE,
"DESCARTES_FETAL_MUSCLE_VASCULAR_ENDOTHELIAL_CELLS",56,0.5518100800801253,1.9886711980120921,6.39104874185558e-5,1.4103043728228422e-4,"MADCAM1;ACKR1;CYYR1;FAM124B;VEGFC;CA4;RAMP3;CCM2L;MMRN2;ADGRL4;INMT;CLIC5;SOX17;CD93;PTPRM;F2RL2;SELE;PRCP;RBP7;TMEM88;NOX4;IL33;MAPK11;GRASLND;NOS3;FAM167B;FLT1;RAPGEF5;NOS2;TPO",2.267341090673242,8.27331985984808e-7,TRUE,
"DESCARTES_FETAL_LUNG_STROMAL_CELLS",28,0.6662770917360998,2.052619326446161,7.366436984083406e-5,1.6206161364983493e-4,"ABCA6;ZNF385D;MYOCD;HSD11B1;ITGA8;HPSE2;FGF7;PGR;TDO2;BMP5;PDGFRA;COL13A1;LUM;SLIT2;PRR16;LAMA2;TRHDE;FAP",2.0183972551432037,7.391845956875079e-4,TRUE,
"TRAVAGLINI_LUNG_FIBROMYOCYTE_CELL",23,0.6914684700372606,2.0581681344599176,7.645613532352833e-5,1.6769533004495942e-4,"GREM2;FNBP1;COL23A1;SYNPO2;HHIP;PLXNA4;FNDC1;AQP1;CLU;LGR6;KCNMA1;LINC00578;KCNMB1;SCARA3",2.2294920112405268,1.5510177715119177e-5,TRUE,
"SU_HO_CONV_CENT_CHONDROSARCOMA_C4_HIGH_GRADE_CHONDROSARCOMA_1",94,-0.42867595493781535,-1.8551715594673945,8.267609927263988e-5,1.8079171106004987e-4,"RPL19;RPL23;RPLP2;RPL8;RPL12;RPS18;RACK1;MT3;FBL;RPL37;RPL27;RPL31;RPL11;NACA;WFDC2;RPL23A;SNHG32;RPL28;RPS13;RPL38;RPL35;RPL27A;RPL29;ATP5MC2;RPS12;RPS3;COX7C;RPL32;RPL30;LYRM4;RPL10A;RPS14;VDAC1;LNX1;RPS15A;RPL14;EBPL;RPL22;TAF1D;RAB4A;COMMD6;NDUFS4;GADD45G;UQCRB;RPS20;RPS23;EEF1A1;RPL26;RPL10;NAP1L1;LDHA",-2.177105841026374,1.0286974107725916e-6,TRUE,
"HE_LIM_SUN_FETAL_LUNG_C3_AEROCYTE",79,0.507211154172754,1.9554549150804168,8.384386787618034e-5,1.8227103749075656e-4,"ITGA4;PRDM1;GBP1;PLXNC1;CD83;SLCO2A1;GNG7;EDNRB;TNFRSF4;TRPV2;TMEM108;OAS2;ADAMTS1;S100A4;MATK;S100A3;MYLK;F2RL3;HOPX;PHLDB1;SEMA7A;RGS9;GRID1;PRICKLE2;ZNFX1;B3GALNT1;ZBTB16;GPR4;BTBD3;SYNM;HLX;RILPL2;ITGA1;PDE1C;IL12A;TNS3;NOS2;VASN;PKIA;TBX2",2.310028201794328,9.535382409695977e-8,TRUE,
"DESCARTES_FETAL_SPLEEN_AFP_ALB_POSITIVE_CELLS",122,-0.40096899927033813,-1.796973531993293,8.385471972715247e-5,1.8227103749075656e-4,"TM4SF4;PEBP1;F7;AMBP;PAH;MST1;ALDH4A1;SLC25A10;TMEM97;GALK1;GRHPR;TM7SF2;AGXT;CYP51A1;PCYT2;PCBD1;ASGR1;F12;SDC1;HPN;DHCR7;GJB1;F10;SERPINF2;DHCR24;LSS;TRIM32;RBP4;HNF4A;SLC39A5;LINC02532;MAT1A;GAMT;SERPINA6;AZGP1;APOM;AGPAT2;TMEM150A;GLDC;CHDH;SC5D;VMA12;PEG10;DGCR6L;SLC27A2",-1.560827753505877,0.003259343355201524,TRUE,
"HE_LIM_SUN_FETAL_LUNG_C1_LATE_BASAL_CELL",93,0.4780260283296101,1.887327035773114,8.679727773756052e-5,1.881039511566237e-4,"ABI3BP;COL14A1;CFH;CPNE8;FHL1;LMO3;BOC;OPTN;STOM;EPAS1;LHFPL6;EGR3;PMAIP1;MEG3;VCAN;RARB;ANXA1;FRZB;A4GALT;RGS10;KLF2;ALPL;FBXO32;GNG12;CASP1;EMP1;MARVELD1;CH25H;EHD2;HLA-B;REEP2;IL33;DKK3;SCNN1B",1.9799864598526975,5.4769447745655544e-5,TRUE,
"GAUTAM_EYE_IRIS_CILIARY_BODY_SMOOTH_MUSCLE_CELLS",263,-0.32034826944979145,-1.5987472776075229,9.718293994081689e-5,2.0998456665783649e-4,"PHB1;MRPL55;POLR2J;MDH2;ATP5MC1;UQCRC1;PSMA7;ARPC5L;RPL27;HAGH;TUFM;COA3;NDUFS6;COX4I1;TXNL4A;MRPL41;MANBAL;ARPC1A;TIMM13;DHX35;SLC1A5;NDUFS5;RPP25L;CCDC124;PHPT1;FAM234A;USP10;PSMB5;RAB3A;MAPKAPK5-AS1;CISD2;NICOL1;FIS1;MRPS11;AURKAIP1;UBE2D4;EIF3K;ATP5MC2;PIN1;ZNHIT1;NDUFA12;GBA2;MRPL20;EMC4;SERF2;PMVK;MMP24OS;SAP30BP;NDUFC1;MT-ND4L;DUSP8;EIF4G1;KLHDC10;ACOT11;NDUFA11;DNAJA4;RNASEH2C;SAE1;GAMT;COPS9;C6orf47;KARS1;BSG;AP2M1;PIM3;PACSIN2;TLE5;ACAT1;SLC25A3;CCDC85B;BOLA3;SUMO3;UBL5;SEC61G;PNKD;TCTA;UROS;SAP18;SELENOK;MRPL3;ZSCAN16-AS1;MRPL22;PSMD9;MTX2;BANF1;AK4;ATP5PO;PKDCC;DESI2;LDHB;MAFK;DDA1;ABR",-1.353646609199556,0.01723496657753367,TRUE,
"DESCARTES_FETAL_INTESTINE_VASCULAR_ENDOTHELIAL_CELLS",38,0.6095054457169015,2.040315657144598,1.0973872810695701e-4,2.364104350316047e-4,"FABP4;MADCAM1;SELP;MEOX1;SLCO2A1;CYYR1;CLEC3B;FAM110D;APLNR;EMCN;CD34;MMRN2;GASK1B;ARHGEF15;CLEC14A;SOX17;TM4SF18",2.284836183237012,5.473283855391723e-6,TRUE,
"DESCARTES_FETAL_LIVER_MEGAKARYOCYTES",95,0.4778104934807178,1.8874836613263173,1.118102700640726e-4,2.4016052090685417e-4,"CD40LG;CD226;FCER1A;RGS18;SELP;MMRN1;PLEK;CASS4;PRKAR2B;PPBP;GP1BA;F13A1;NEXN;KIAA0513;IRAG1;TGFB1;ATP13A4;FERMT3;F2RL3;SLC24A3;DOK6;CATSPER1;TRPC6;LIPH;CMTM2;ITGB3;PF4;MDM1;PDE5A;HPSE;MAP1A;RAP1B;THBS1;LIMS1",1.9345237844278578,9.752039659486294e-5,TRUE,
"LAKE_ADULT_KIDNEY_C25_ENDOTHELIAL_CELLS_UNASSIGNED",38,0.608382072967491,2.036555173910956,1.2000656723760643e-4,2.570052147920421e-4,"MMRN1;PDE7B;CPNE8;FCHSD2;EPB41L4A;TCF4;LDB2;STOX2;FBXL7;TPM4;ASAP1;TFPI;CAST;UTRN;ARL15;TSHZ2;DOCK9;FOXP2;KMT2E",1.877492886230681,0.0030309251321482406,TRUE,
"BUSSLINGER_GASTRIC_METALLOTHIONEIN_CELLS",94,-0.42052064591985533,-1.8198780069027725,1.2942311838265105e-4,2.763564233700137e-4,"RPS21;RPLP2;RPS28;STARD10;RPL8;COX4I1;RPLP0;PPDPF;RPL28;ALDH3A1;P4HB;HNRNPAB;RPL27A;RPL29;ATP5MJ;CA9;GALE;RPS3;IGFBP2;TSPO;COX5B;LAD1;TAGLN2;PLXNB2;GSTP1;SMIM24;S100P;CLIC1;ACTB;PABPC4;MGST3;TMEM238L;ATP5PO;SULT1C2;ETHE1;KRT8;NQO1;KRT19;CYSTM1;NDRG1;RPL36A;HNRNPC",-1.628683774227207,0.0036545611044182997,TRUE,
"HE_LIM_SUN_FETAL_LUNG_C3_MID_CAP_CELL",51,0.5553879682099826,1.969837841135947,1.3098470437327166e-4,2.7887066092373964e-4,"RASSF2;ANKRD44;RBP5;MADCAM1;CCL2;AFF3;CA2;TMEM37;CLEC1A;CX3CL1;ADGRL2;GPX3;JAM3;KIT;EDIL3;TIAM1;DIXDC1;HOPX;PDE3B;LHX6;PLAT;LEPR",2.1415555027866846,2.798100474732342e-5,TRUE,
"DESCARTES_FETAL_PLACENTA_AFP_ALB_POSITIVE_CELLS",106,-0.40486011840600183,-1.7872797761254753,1.3416127447252378e-4,2.8479849493290136e-4,"TM4SF4;PEBP1;MMAB;AMBP;PAH;MST1;ALDH4A1;TMEM97;TM7SF2;AGXT;BDH1;ASGR1;GOLT1A;FGFR4;SERPINA10;F12;MPST;DHCR7;MLXIPL;SERPINF2;GLS2;DHCR24;RBP4;SLC39A5;MAT1A;SERPINA6;ACY1;GSTZ1;APOM;RIDA;PROX1;MSI1;SLC37A4;PGRMC1;TFR2;SERPINA1;AK4;IDI1;REEP6;FZD5;PHYH;ESPN;KLHL31;FABP1;XPNPEP2;MSMO1;CYP39A1;A1CF;SPRYD4;MEP1A",-1.6199937724928364,0.0020804224783214937,TRUE,
"DESCARTES_FETAL_PLACENTA_MEGAKARYOCYTES",162,0.4098452584320394,1.7693502179753227,1.3818687576951672e-4,2.9248883909232983e-4,"PRKCB;PKHD1L1;BIN2;CD226;P2RX1;IPCEF1;RGS18;BANK1;SELP;MMRN1;CAVIN2;PRKAR2B;LMO2;RAB37;PPBP;GP1BA;PTGS1;DAPP1;TSPAN32;NEXN;TAL1;KIAA0513;ANGPT1;TGFB1;ANKRD33B;C11orf21;PEAR1;FERMT3;RIPOR3;F2RL3;BIRC7;MCTP1;MAX;RASA3",1.7997785238846962,1.4790772124070235e-4,TRUE,
"DESCARTES_FETAL_MUSCLE_ERYTHROBLASTS",100,-0.41378823150970834,-1.8058900170060297,1.4348758971939696e-4,3.028255527217506e-4,"C1orf35;DPM2;HAGH;TARS2;MYBL2;HMBS;PPME1;PIGQ;H2AC20;EXOSC5;PRDX2;SLC7A5;CISD2;ATG4D;SLC43A1;BLVRB;TROAP;C16orf95;DHRS13;GALNT6;E2F4;POMGNT2;TOMM5;VWCE;TMEM143;CDCA8;ALAD;SLC6A8;SLC38A5;BNIP3;ZNF446;FMC1;RBM38;DCTN3;CDKN3",-1.3973146067992843,0.01897116618853465,TRUE,
"MANNO_MIDBRAIN_NEUROTYPES_HOPC",263,0.36134724875497465,1.6484171391258413,1.448701594397361e-4,3.0482259822933765e-4,"ANKRD44;SLC9A9;CA1;IGF1;EVI2A;SCN3A;SLC15A2;PPP2R2B;GNG7;PMP22;PREX1;FYN;CHST11;ATP1B2;EDNRB;PTN;MMP2;PDGFRA;QKI;BOC;NCAM2;CALCRL;TMT1A;BIRC3;TAMALIN;LRRK2;ITGAV;RAB31;GATM;APOD;ATP13A4;APOL6;ANGPTL2;ATP2B4;MAP3K1;TNS1;PRDM8;SCUBE2;RFTN2;MCTP1;ADAMTS3;AFAP1L2;PCDH17;ITPKB;CTHRC1;CMYA5;HSH2D;GRID1;LHFPL2;TMOD1;C1orf21;MAML2;RNF144A;KRT17;TTYH1;ETV1;EID2B;DSEL;PXDC1;AFF1;TAFA5;SLC22A17;PLEKHH2;ROBO3;PLAT;THY1;NLGN2;ELF1;SPRED1;COL9A1;NTM;SDC3;ZFP36L1;PEA15;KIF13A;UBL3;PRKCQ-AS1;AKAP7;ZMAT3;EPN2;PCDHGC3;PDE1C;BAMBI;EGFR;ARHGAP42;LUZP2;ZCCHC24;STK32B;B4GALT6;LIMA1;PID1;XYLT1;SOX5;SLC35F1;DNM3;EGR1;CHN1;TMOD2;ADAMTS6",1.6757005527444462,3.87802578300314e-4,TRUE,
"SU_HO_CONV_CENT_CHONDROSARCOMA_STROMAL_C1_OSSIFICATION_STROMAL_CELL",191,0.38305618361796545,1.683506334634346,1.4527357987238407e-4,3.0482259822933765e-4,"TNFRSF18;MAF;IRF1;MAFB;LBH;ANKRD35;EGR2;MIR22HG;FHL1;CLMP;IFNGR1;GYPC;ITGA10;ID4;MCL1;HAPLN3;CDC42SE1;SSPN;PDCD4;TIMP3;SLC20A1;MIDEAS;SPPL2A;CLU;FOXC1;TRPS1;DNAJB4;RCAN1;SRPX;KLF2;SRSF5;SOD2;FOSB;TLE4;ISLR;OTUD1;HIF1A;FAM107B;SDC2;KLF10;FBLN7;DSEL;FGFR1;ZBTB16;NEDD9;KLF9;SERTAD4;PLA2G2A;CBFB;PRKAR1A;NFKBIA;FOXO3;TACSTD2;NFATC2;SLC38A2;EXTL2;GLUL;UBE2Q2;CDC42;LUZP1;SCARA3;B4GALT1;SERTAD1;MORF4L1;JMJD1C;PIM1;CSRNP1;FNDC4;ZFAND5;PELI1",1.6802892758981456,5.605456075036383e-4,TRUE,
"GAUTAM_EYE_IRIS_CILIARY_BODY_PUTATIVE_STEM_CELLS",279,-0.3095323940729771,-1.5417908577894184,1.5543522889002192e-4,3.252045422886337e-4,"QTRT1;PEBP1;ROMO1;WNK2;SLC25A6;ANAPC11;SLC25A39;ALDH4A1;ELOB;ATP5F1E;CD151;ERP29;EIF2B5;OST4;ARPC5L;HAGH;NDUFS6;MANBAL;CD320;SYMPK;NUDT14;VSTM2L;SLC5A6;NDUFA8;SLIRP;BCAP31;MARS1;ACSS1;TMEM147;SNRNP70;ETFB;PLXNB1;GAPDH;HSPA9;PPP1R7;NDUFS7;SLCO4A1;FAM120A;SERPINF2;B3GAT3;NAA38;TIMM10;PDCD7;MRPL20;ATP5IF1;CUTA;SERF2;HDLBP;PMVK;MICOS13;BLCAP;ZMYND8;NEDD8;RHBDD2;ABHD14A;PLXNB2;ATP6V0E2;BSPRY;MAN2A2;DVL3;TMEM184B;TEX2;TMEM248;PEMT;TRAPPC1;RIDA;CDR2;TMEM98;PTPA;ATP6V1F;NENF;SPAG7;CHPT1;PABPC4;APEX1;CIB1;PLPP5;PLXNA2;LSR;DYNLL1;NDUFAB1;EPCAM;SNRPG;PNPLA6;DGCR6L;MGST3;RBM47;BANF1;KCTD6;C1orf122;UBB;UQCRB;AMFR;LARP1;ABR;DYNLRB1",-1.3085308849196275,0.011018275883550645,TRUE,
"HE_LIM_SUN_FETAL_LUNG_C4_ACTIVATED_NK_CELL",47,0.5556772313032103,1.9310001169457263,1.7619426404174218e-4,3.6701241406569834e-4,"FCRL3;SLAMF7;CRTAM;STX11;TNFRSF9;CD72;TNFRSF18;HAVCR2;TRAF1;MIR155HG;ICAM1;EGR2;TNFRSF4;RNF19A;BCL2L11;BCL2A1;FEZ1",2.0277001010102196,2.1522025200794827e-4,TRUE,
"GAUTAM_EYE_IRIS_CILIARY_BODY_FIBROBLASTS",96,0.45531140915767454,1.8048564705641086,1.7642883265692663e-4,3.6701241406569834e-4,"LSP1;F2R;MFAP4;FHL1;CYBRD1;IL6ST;IDS;STOM;SELENOP;HGF;WNT10A;FAM13C;FBLN1;STEAP4;CCDC71L;RHOBTB3;PLPP1;RCAN1;SH3BP5;KLF2;FBXO32;SOD2;BTG2;DACT1;HIF1A;FOSL2;C1orf21;MAML2;PHACTR2;LDLRAD4;GEM;BCL6;CREB3L2;PNISR;PITPNC1;PHYHIP;C1RL;EGR1;ARGLU1;ITPRIP;DDX17;MAN1A1;YBX3;ZFHX3;WSB1;NR4A2",1.8712646456508626,3.380199471014152e-4,TRUE,
"DESCARTES_MAIN_FETAL_PARIETAL_AND_CHIEF_CELLS",95,-0.41129763679950954,-1.778312762768866,1.9268278930476232e-4,3.996791572435927e-4,"GPT2;STARD10;MRPL41;TBRG4;COMTD1;BCAT2;MRPS18B;NDUFS3;MCF2L-AS1;MCRIP2;MTFP1;FUT1;ATP5ME;HPCAL1;KCNQ1;UQCRQ;GPRC5C;MRPL12;LASP1;PRR13;COX6A1;NR0B2;SERF2;MRPS18A;PFKFB2;TXNDC17;ANKRD16;MAP3K21;GLOD4;HIP1R;FA2H;GATA6-AS1;GPX2;FAHD2B;EPN3;MISP3;FAM162A",-1.757567801789015,0.0013222547596355987,TRUE,
"DESCARTES_MAIN_FETAL_SCHWANN_CELLS",27,0.6545613957546538,2.0127406582183176,1.9558435534023798e-4,4.0454199993450934e-4,"ABCA8;S100B;ADAM23;TSPAN11;PMP22;KIAA1755;EDNRB;SEMA3G;NGFR",2.150517425714477,4.021796237350259e-5,TRUE,
"DESCARTES_FETAL_THYMUS_THYMOCYTES",19,0.704568690387833,2.002634155581328,1.9880827328540675e-4,4.100420636511514e-4,"CD96;LTA;CD40LG;GVINP1;THEMIS;UBASH3A",1.973744924902976,0.0011367290885737906,TRUE,
"HE_LIM_SUN_FETAL_LUNG_C2_NEUTROPHIL_CELL",53,0.5308720089332994,1.9004859128524818,2.0620757844353122e-4,4.240983058073758e-4,"RGL4;ADGRE3;FCGR3B;CYP1B1;APOBEC3A;ADGRG3;CLEC4E;PELATON;LILRA5;RAB27A;LRRK2;HK3;STEAP4;VNN2;AQP9;CMTM2;RBP7;TNFAIP6;MGAM;CLEC5A;MEGF9;TNFRSF10C;FPR2;THBS1;PADI2;BST1;TREM1",2.1085040724380004,3.333073375564077e-5,TRUE,
"HU_FETAL_RETINA_RPE",262,0.3540822959675919,1.6141410149838908,2.1126975162872466e-4,4.3328203300128275e-4,"FAM107A;SFRP1;ENPP2;SGK1;C1S;PTGDS;LITAF;CLIC6;EFEMP1;GPNMB;CPVL;FLRT2;TFPI2;SERPINF1;IGFBP5;CCDC80;PLAC9;HSD17B14;ITM2B;APOE;ADAMTSL3;VAT1L;WNT2B;ALDH1A3;TIMP2;GNG11;VIM;SULF1;RAB27A;PCOLCE2;B2M;ITGAV;WWTR1;DDR2;GULP1;COLEC12;FSTL1;CALD1;TIMP3;CPXM2;PSAP;PDPN;BIRC7;ELN;FRZB;FBN1;IGFBP7;SLC4A4;CPEB4;SESN3;MITF;BEST1;PRKCQ;TYRP1;RFLNB;ITPKB;COL8A2;SDCBP;MARVELD1;PDGFRB;SDC2;CTSD;PHACTR2;TPP1;PDGFC;COL18A1;LOXL1;CRIM1;COL8A1;UTRN;KLHL3;GEM;CRISPLD1;CTSH;TSPAN4;HSD17B2;PBXIP1;MTCO2P12",1.7461446882017926,7.21784862432866e-5,TRUE,
"ZHENG_CORD_BLOOD_C5_SIMILAR_TO_HSC_C6_PUTATIVE_ALTERED_METABOLIC_STATE",67,0.50293932834338,1.8785836435018117,2.1990654941979744e-4,4.4972437994020547e-4,"JAML;CD52;CD69;HLA-DRA;HLA-DQB1;HLA-DRB1;CAVIN2;CD74;APOL3;MEF2C;MYCT1;GNG11;PNRC1;NFKBIZ;MEG3;LPAR6;HOPX;BTG2;CLEC2B;H1-2;SERTAD4;NFKBIA",2.0258534699928328,8.216006980656802e-5,TRUE,
"DESCARTES_FETAL_LIVER_MESOTHELIAL_CELLS",217,0.3783482183445023,1.6909780976042879,2.2073549492447505e-4,4.501515991999126e-4,"ABI3BP;SPOCK2;TLL1;PDE7B;GRIN3A;LINC02381;MGP;CNTN3;EFEMP1;LSAMP;TFPI2;SAMD11;IGFBP5;CCDC80;AOX1;MEOX2;WNT2B;OGN;EPHB6;ADTRP;BOC;MEDAG;SULF1;ID4;EDIL3-DT;RGMA;MDGA1;SLIT3;FNDC1;MIR100HG;PRDM6;PDPN;CLIC5;FOXC1;ELN;SLC4A4;SPOCK1;KRT7;BNC2;GFPT2;COL8A2;PNMA8A;CA11;PALLD;ALOX15;INHBA;PAPPA;RAB34;OSR1;FLRT3;CRYAB;PIANP;HTRA1;GSDME;MGAM;COL8A1;LOX;TMSB15A;PLA2G2A",1.785035738306434,6.635129307982906e-5,TRUE,
"GAUTAM_EYE_CORNEA_CYTOTOXIC_T_CELLS",140,-0.3628209470020567,-1.6598365159876016,2.243194312978787e-4,4.561790115469466e-4,"TM4SF4;PLOD3;RP9;THOC6;DMAC2;EEFSEC;UBE2O;ANKRD54;PCGF1;TRMT1;ATRIP;EDC3;EIF2B1;SUGP1;SMYD3;ANKS3;ATP5MC3;COG7;DTYMK;FABP6;RHBDD3;RAB3IP;INTS1;SLC12A9;ARMC5;PELP1;ITPK1;SH2B1;PSTK;NF2;ZC3H7B;C6orf136;MLYCD;MED25;XRCC2;AMDHD2;IDUA;RIN1;SLC2A11;KLHL29;CEP72;COQ8B;CSKMT;DELE1;POLR3C;OXSM;ENTREP3;CELSR2;TECPR1;ATP5MG;AUTS2;CEBPZOS;HAUS4;CENPF;LRRC75A;ATP9B;ZDHHC1;MRRF;CEP152;FARS2",-1.5136214947801876,0.004389400738253541,TRUE,
"DESCARTES_MAIN_FETAL_PDE1C_ACSM3_POSITIVE_CELLS",250,-0.3052088586623623,-1.5037229329115271,2.5523150655387856e-4,5.175923847992062e-4,"ZNF205;MIEN1;RBM10;TNPO3;MIR200CHG;TRMT2A;RFXANK;DHX37;INPP5J;SLIRP;GCDH;MORC2;ALDH3A1;SART3;SLC12A9-AS1;EXOSC3;ZSWIM1;FAM53A;EXOSC4;ST14;MAPKAPK5;CNNM3;GMEB2;JMJD8;LSG1;BRF1;ALKBH2;HAUS8;SMUG1;CRYBB2P1;ZNF212;OSBPL2;ZNF784;GNB1L;PEX7;PTPN23;BRME1;CDAN1;PEDS1;MAN2C1;GRIPAP1;ARMC7;VPS51;ALKBH3;SGSM3;SIRT3;GPRC5D-AS1;BRICD5;LYRM9;IMPA2;BRD9;ZNF165;SLC25A25;CTPS2;MFSD3;CSKMT;CCNJ;ADIRF-AS1;MTIF3;SRA1;WDR25;ZDHHC11B;SP2;WARS2;PRRG2;LMTK2;USP19;AMACR;ATPAF1;COMMD5;BUD13;TRMT11;PIP4P1;UBAP2L;RAB40B;ANKHD1;TMEM150B;ZNF202;TFCP2L1;SPATA2L;ADAMTSL2;SLC16A11;ORC5;TAF8;PDSS2;SLC24A1;LRRC57;ZNF503-AS2;SEC63P1;C3orf52;DPM1;HHAT;MED17;RAB19;LRRC37BP1;B3GAT1-DT;COX16;TCF25",-1.356040615959724,0.008109861564031998,TRUE,
"DESCARTES_FETAL_ADRENAL_SCHWANN_CELLS",68,0.5049227843527306,1.8960251705109339,2.582048814578734e-4,5.221636321404348e-4,"CHL1;S100B;ADAM23;SV2B;TSPAN11;KCNJ10;PPP2R2B;LAMP5;ADAMTS8;SEMA3G;NGFR;GFRA1;ATP1A2;HEY1;HEY2;PTX3;LGI2;ALOX15;TTYH1;COL18A1;CDH6;SHC4;SLITRK6;CRISPLD1",2.0120882953443333,6.569650206536788e-5,TRUE,
"DESCARTES_MAIN_FETAL_MESOTHELIAL_CELLS",16,0.7332931833539102,1.9478947841721908,2.911197364962741e-4,5.870914686008195e-4,"MAP3K8;FENDRR;PODN;BDKRB1;GLP2R;KLK10;GFPT2;CA11;ALOX15;NFATC2;MEGF6",1.990502158560016,0.0010204165777236362,TRUE,
"GAUTAM_EYE_IRIS_CILIARY_BODY_MGP_HIGH_FIBROBLASTS",83,0.4805927275029348,1.8573520717925798,2.9813260084110674e-4,5.995686100017825e-4,"SCARA5;C7;SERPINF1;FMO3;APOL4;ABCA9;ITM2B;CP;RORA;PLSCR1;PNRC1;CALCRL;GGT5;ELL2;RBMS3;FILIP1L;IL15RA;CALD1;PDPN;RBMS1;CREM;CCDC71L;RHOBTB3;BGN;UGP2;LAMA4;TFPI;MXRA8;GEM;CBLB;PLXDC1;IFNAR1;SAT1;PITPNC1;C1RL;LIMA1;PID1;LAPTM4A",1.7872651420539716,0.0018252085311956543,TRUE,
"ZHONG_PFC_C8_ORG_PROLIFERATING",59,-0.467063292998638,-1.8455800167404075,3.0139608878302444e-4,6.04457349327281e-4,"DCXR;TUBB4B;AURKA;BIRC5;PRR11;TXNDC12;TROAP;CDC20;CDCA3;PLK1;TPX2;SMTN;CDCA8;TACC3;PSRC1;CKS2;CDKN3;CCNB2;ODF2;KNSTRN;PRC1;KIF20A;CCDC34;CENPA;CCNB1;CENPF;TUBA1C;NEK2;SHCBP1;CENPE;PTTG1",-1.8668886792378907,9.977598127205907e-4,TRUE,
"MANNO_MIDBRAIN_NEUROTYPES_HPROGFPM",305,-0.29587237021579543,-1.4916681498638074,3.3137565027462214e-4,6.627513005492443e-4,"C19orf48P;SNRPF;RCN1;HILPDA;SIVA1;DANCR;DIS3L2;HES1;RPL23A;EPHB2;EPHB4;PHGDH;SPAG5;KIF22;SNRPC;CDC25A;RPL18;SDC1;PRDX2;FOXA2;AURKA;MEST;RPS19;BIRC5;PRR11;CHAF1A;UBE2C;PAICS;AURKB;GPRC5C;IMMP1L;C21orf58;GINS2;TROAP;H2AZ1;RPS3;IGFBP2;NR2F6;CDCA3;CTNNBL1;PLK1;ZWINT;FAM83D;DSN1;RAN;TOP2A;TFF3;MCM2;TPX2;VWCE;SRF;CDCA8;PTPRO;PIF1;MRPS15;TACC3;RCOR2;SLC6A8;UBE2S;RPS14;GSTP1;HADH;KPNA2;UHRF1;UBE2T;CKS2;HMGB3;GNG5;CDKN3;KIF4A;NCAPG2;NCAPH;CENPW;MSI1;HMGB2;HMGA1;CCNB2;PIMREG;LMNB1;GTSE1;RFC4;GMNN;KNSTRN;RBMX;PRC1;CKS1B;CDCA5;EEF1D;CCDC34;SGO1;BRCA1;HJURP;CRB2;MRPL22;AK4;FAM72A;LRATD2;ERF;PIH1D1;CPSF3;CHEK1;GAS2;INPPL1;MAP3K20;CCND1;RRM2;N4BP3;SKA3;CCNB1;MAD2L1;TP53TG1;KIF2C;SFXN2;RPL26;KRT19;CCNA2;KIF23;FREM1;CENPF;NAP1L1;FANCI;RPA3;SPC25;LDHA;GINS1;NEK2;SVIP;CDC25C;HUNK;FANCB;MID1;TRIM59;DHFR;CTNNAL1;HK2;NCAPD2;MKI67;CEP152;TOX3;CENPE;PTTG1;CHN2;ARHGAP11A;EXOSC8;KIF15;HMGN5;DBF4",-1.666424751544564,1.2766474029769982e-5,TRUE,
"DESCARTES_FETAL_SPLEEN_MEGAKARYOCYTES",83,0.4761429809508129,1.840155086685299,3.8876320350882045e-4,7.753903454599001e-4,"CD226;RGS18;SELP;MMRN1;PLEK;PRKAR2B;RAB37;PPBP;GP1BA;F13A1;NEXN;KIAA0513;IRAG1;EGR3;F2RL3;C2orf88;RASA3;DENND2C;RBPMS2;LIPH;ITGB3;SLC2A3;PF4;MDM1;PDE5A;HPSE;RAP1B;RADIL;NINJ2-AS1;THBS1",1.8777695973053015,6.163487682894874e-4,TRUE,
"DESCARTES_FETAL_LUNG_CSH1_CSH2_POSITIVE_CELLS",181,-0.33767303970738366,-1.6059826482737847,4.4210013000207157e-4,8.793553270726136e-4,"PSMD3;DDIT3;TRMT61A;TMEM101;SNRPA1;ZNF74;ZNF703;PREB;TBC1D24;PCGF1;MARCHF9;KCNJ14;EML2;SDC1;ZDHHC16;SPINDOC;LSM10;HARS1;DOLK;TIMM50;CNNM3;SPIRE2;CNOT3;METTL5;SLC35B2;ALKBH2;ALG2;COQ7;SH3GLB2;UNC119;RTN4IP1;P2RY2;HNRNPD;TFPT;POLR2D;COPS9;TP53I13;ZNF343;PGP;P2RX4;STRA6;OGDH;USP43;SUPV3L1;YKT6;TTPAL;TMEM192;ANGPT2;TSEN34;P2RY11;SEC61G;CNKSR1;C15orf40;TNFRSF12A;FAM200A;TARS1;RAC3;NOP14-AS1;ILF2;PHLDA2;NUFIP2;TIPIN;TEX261;PPIL2;SLC6A4;KISS1;FXN;CENPV;PPAT;CCAR2;PRDM11;COBLL1;TM2D2;EED;MFSD13A;TIMM17A;ZNF268;VPS16;ZNF138;BOK;ACO1;UPP1;HSD11B2",-1.310040357066886,0.032220087195134736,TRUE,
"DESCARTES_MAIN_FETAL_EPICARDIAL_FAT_CELLS",26,0.6299471382439008,1.9145071523880444,5.062939040253281e-4,0.0010042879079846672,"TNFRSF8;OLFML1;CCDC80;CALB2;MEDAG;IL18;INMT;KLK7;CCNYL1;ITLN1;AQP9;NECAB1;PLA2G2A;PHYHIP;BST1",1.8484204356235407,0.004083677808556873,TRUE,
"ZHONG_PFC_MAJOR_TYPES_OPC",67,0.48582749054736063,1.8146673482704505,5.67861520941088e-4,0.0011233445891096182,"S100B;GNG7;LSAMP;NOVA1;TRIB2;EDNRB;PDE4B;PTN;MMP2;PDGFRA;B2M;RAB31;GATM;APOD;ANGPTL2;PLPP3;RFTN2;TTYH1;ETV1;PLAT;DUSP6;COL9A1;EPN2;SPARC;FIBIN;LUZP2;LIMA1;SLC35F1;ANXA5",1.836990806526946,0.0012956102396796832,TRUE,
"LAKE_ADULT_KIDNEY_C11_THIN_ASCENDING_LIMB",162,0.3902089346800057,1.6845778972125685,5.796921074831251e-4,0.001143631712045513,"PDE7B;ZNF385D;PDE1A;CPM;GPC6;QKI;ZEB1;ADAMTS1;ARHGEF3;SASH1;PCDH9;TENM4;UGT2B7;NCOA7;SGIP1;RUNX1;RBMS1;BICC1;TRPS1;HIVEP2;SNED1;SOD2;SSBP2;PPP2R3A;PACS1;TPST1;ARHGAP24;HIF1A;GRAMD2B;FCHO2;ZSWIM6;PHF21A;GLIS3;COL18A1;TFPI;AFF1;ITGB6;FAM135A;MAST4;CACNA2D3;NCOA2;BCL6;OSBPL3;FOXP2;FBXL17;PTPRG;SAMD4A;SLC16A7;ETV6;SAT1;PITPNC1;ERRFI1;NCOA1;VPS13B;STK3;TNS3;PRKD1;GALNT14;YAP1;GCC2;VPS13C;DNAH5;NEAT1;RASSF8;ADAMTS9;RUFY3;EIF4G3;THRB;MAGI3;PAX8;SIK3;MT2A;FNIP2;LPP;PRKCE;AHI1",1.4049916548449162,0.023404097943219255,TRUE,
"DESCARTES_FETAL_CEREBRUM_MEGAKARYOCYTES",330,0.330857779814781,1.5490955035479446,6.071931193198858e-4,0.001194640120938312,"TESPA1;KCNA3;CD96;SLAMF6;CD6;PKHD1L1;IL21R;CD69;CD226;STX11;P2RX1;CD200R1;DOK2;RGS18;BANK1;SELP;MMRN1;CAVIN2;GRAP2;PLEK;ADCYAP1;CMAHP;HACD4;PRKAR2B;LYL1;KLRD1;RAB37;CLEC12A;PPBP;CALHM6;TNFAIP8;PSMB8-AS1;RTL5;GP1BA;PTGIS;F13A1;DAPP1;TSPAN32;TNFSF4;NEXN;BTN3A2;KIAA0513;STOM;LCA5;IRAG1;S100A4;ANGPT1;DNM3OS;TAP1;TENT5C;C11orf21;TFAP2E;FERMT3;RIPOR3;F2RL3;CALHM5;MREG",1.5907269552586865,5.705856707296332e-4,TRUE,
"MANNO_MIDBRAIN_NEUROTYPES_HNBML5",325,0.3309682866392001,1.5461651885086343,6.154994547414984e-4,0.0012077097409252102,"PRKCB;CD2;POU2F2;RIPOR2;ANKRD44;GNG2;BHLHE22;PLXNC1;BASP1;PRKAR2B;ANK2;ZNF385D;SCN3A;MIAT;HIVEP3;CTSC;NOVA1;PAX5;ZFPM2;SAMD11;GNAO1;NAP1L3;RTN1;THSD7A;GATA3;CHGA;TOX2;TAL1;OPTN;LRCH2;MICU3;RUNX1T1;ATOSA;PRKACB;MDGA1;PCDH9;APOL6;PLXNA4;MAP6;DACT3;MEG3;MLLT11;JAKMIP2;SHISAL1;SH3BP5;DOK6;CPEB4;NOVA2;ZC3H12C;GNPTAB;PPP2R3A;APBA2;ZFHX4;SV2A;MAP2;DACT1;WNT11;UCP3;KCNMA1;PAPPA;TSPYL4;SCN3B;PDP1;AMPH;MAP1B;REEP2;DPYSL3;PIANP;PGM2L1;RNF112;UNC13A;CPEB3;ROBO2;SERTAD4;NCAM1;ZNF776;NAV1;ABLIM3;PCDH7;RGS7BP;TSHZ2;BICD1;CRMP1;PBX3",1.5789459257326104,0.0011200595525728116,TRUE,
"TRAVAGLINI_LUNG_CD4_NAIVE_T_CELL",132,0.40765446287369217,1.7122445408429434,7.298242884094827e-4,0.00142817367489295,"CCR7;TESPA1;TRAF3IP3;FCMR;LINC00861;ITK;CD27;CD3E;GIMAP7;SELL;CD6;TRAT1;PCED1B-AS1;CD3D;PIM2;SEPTIN1;GIMAP4;SPOCK2;MAL;IL7R;LCK;TMC8;TXK;NELL2;PCED1B;IL6ST;ADTRP",1.6369209886575886,0.0038698862692551515,TRUE,
"CUI_DEVELOPING_HEART_5TH_WEEK_VENTRICULAR_CARDIOMYOCYTE",65,0.4865406602328728,1.799260156313325,7.446710633507773e-4,0.0014533096558942591,"FAM78A;ITM2A;CPNE5;PPP2R2B;EGR2;GJA5;KLK6;RELN;CALB2;GPX3;GATM;FEZ1;HEY1;CLIC5;SH3KBP1;DUSP5;PDLIM3;NR2F1-AS1;POPDC1;HAND2;DKK3;INTS6L;PAM;CREB3L2;B3GNT2;VSNL1;RABGAP1L",1.972345093326937,1.4669665011335308e-4,TRUE,
"GAUTAM_EYE_CHOROID_SCLERA_ACTIVATED_T_CELLS",117,0.40918313985354343,1.6759186723755057,7.542946300927824e-4,0.0014681445079017695,"SLAMF1;THEMIS;CCR5;GIMAP6;SPN;TMEM273;GPR18;FASLG;LAIR1;MIR155HG;CD274;MIAT;NLRP1;SNAI3;INPP4A;TNFSF4;IFIH1;RGS19;TMEM154;PARP11;FERMT3;MAN2B1;SNX10;SIT1",1.8103024028609231,2.741464293358295e-4,TRUE,
"DESCARTES_FETAL_PANCREAS_VASCULAR_ENDOTHELIAL_CELLS",49,0.5245088808798317,1.8455296512494075,8.216962715165765e-4,0.0015950574682380603,"BHLHE40-AS1;JAM2;CYYR1;HAPLN1;CLEC3B;FAM124B;COL13A1;CD34;MMRN2;ARHGEF15;CLEC14A;BCL6B;F2RL3;SOX17;CD93;TM4SF18;ALPL;CD109;SEMA6B;TMEM88;VSIG2;LHX6",2.1434636481381744,2.7221568863319415e-5,TRUE,
"LAKE_ADULT_KIDNEY_C4_PROXIMAL_TUBULE_EPITHELIAL_CELLS_S2",159,0.38833413387904003,1.6736226588475125,8.549989032277469e-4,0.0016552778766489179,"SDK1;CNTN4;EPB41L4A;GPC6;MAPK10;RORA;UBE2E2;AKAP12;RERG;BCL2;ITGAV;RBMS3;STOX2;SASH1;GULP1;UGT2B7;CALD1;DLG2;ALPK2;BICC1;NRP1;KLF6;PTPRM;PLXDC2;PDE4D;CDK14;BNC2;MEF2A;MAML2;GLIS3;COL18A1;NOX4;CDH6;RNF213;ZBTB16;CRIM1;ACSM3;MAST4;ITSN1;CLIC4;KIAA1217;RETREG1;TTC28;FOXP2;PAM;PTPRG;SAMD4A;SPATS2L;ERRFI1;AKAP13;OXR1;TNIK;NHS;PICALM;ARGLU1;RAPGEF2;RASAL2;PLCL1;GALNT14;KCNJ15;NBEA;SEMA5A;ANK3;NEAT1;KLF12;PDE7A",1.4724545194766556,0.019190507860314517,TRUE,
"FAN_EMBRYONIC_CTX_BIG_GROUPS_EXCITATORY_NEURON",32,0.5822448143088551,1.8774984422703314,8.610082886245269e-4,0.0016624787700569323,"SLA;BHLHE22;MIAT;PPP2R2B;NELL2;CACNA2D1;EPHB6;DOK5;PLXNA4;MAP6;PRRT2",1.7346679164157957,0.009796685549733154,TRUE,
"HE_LIM_SUN_FETAL_LUNG_C7_TM4SF4_POS_PENK_POS_NEURON_CELL",80,0.4576891656127162,1.7727235144212659,9.385778199796475e-4,0.0018074469424541751,"POU2F2;CARMIL2;MARCHF1;RFTN1;SCN3A;TMEM200C;GLCCI1;PTGFR;SH2D3C;GATA3;TOX2;ARL4C;SYNPO2;MAB21L2;TMEM130;ELMO1;ISLR2;PTGER3;TSHZ3;ENTPD3;GPRC5B;TMOD1;TAC3;PIANP",1.8949463614978497,6.724834905610498e-4,TRUE,
"ZHENG_CORD_BLOOD_C2_PUTATIVE_BASOPHIL_EOSINOPHIL_MAST_CELL_PROGENITOR",92,0.4522031451409334,1.7819637489439515,9.447986786402315e-4,0.001814613335166159,"CSF2RB;MS4A2;POU2F2;PIM2;TPSAB1;HDC;HPGDS;LAPTM5;GRAP2;PLEK;ALOX5AP;TRIB2;P2RX5;CNRIP1;CCDC88A;VIM;IKZF2;S100A4",1.7092781370580334,0.0025714721771403874,TRUE,
"TRAVAGLINI_LUNG_MYELOID_DENDRITIC_TYPE_1_CELL",19,0.6628753069566544,1.8841267696299795,9.691613714517687e-4,0.0018564938144432297,"FGL2;HLA-DRB5;HLA-DQA1;CLIC2;SERPINF1;ARHGAP31;DSE;RAB31;AXL",1.9700723464738223,0.001152476739153863,TRUE,
"HE_LIM_SUN_FETAL_LUNG_C2_PLATELET_CELL",357,0.31539356897839393,1.4824247302625564,9.767259468527114e-4,0.0018660606247764958,"PKHD1L1;RIPOR2;PIM2;CD226;P2RX1;SELP;CAVIN2;GRAP2;PRKAR2B;F2R;RAB37;PPBP;NFATC1;CA2;GP1BA;TMEM140;PTGS1;BTBD19;TSPAN32;TNFSF4;GNG11;NEXN;TAL1;OPTN;STOM;ELL2;DEPP1;CREBRF;ATOSA;NT5C2;TENT5C;ANKRD33B;IKZF4;XRN1;TIMP3;PEAR1;MYLK;CDK17;RIPOR3;MEG3;TNS1;LXN;PLEKHF2;GUCY1B1;MEIS1;CPEB4;C2orf88;MITF;SSBP2;MFSD11;SGMS1;CAV2;RAB30;PHTF2;CTNS;ZFYVE1;SOS1;P2RY1;PELI2;TCP11L2;ZNF175;TFPI;TWSG1;ARRDC4;PF4;BPGM;KLHL5;ACSM3;ARID5B;SWT1;PDE5A;ANK1;ARL15;FAXDC2;MTRR;CBLB;PBX1;BLZF1;KLHL24;STIM1;SORBS1;THBS1;TRIM58;PTGIR;LYSMD3;PLAG1;B3GNT2;PIM1;ZNF224;FBXO30;PDGFB;KIFC3;RIMOC1;SPHK1;NPAT;PRIMPOL;CPEB2;TNIK;TTC33;DNM3;CD58;THUMPD1;RYBP;FBXO3;TRIM23;PHF7;SAMTOR;LRP12;BROX",1.3960711088108537,0.013163726112193474,TRUE,
"TRAVAGLINI_LUNG_VASCULAR_SMOOTH_MUSCLE_CELL",60,0.49987528803911097,1.826396798787585,0.0010010109019220747,0.0019074380965759218,"ARHGDIB;RCAN2;LRRC32;FHL5;EPAS1;CALD1;MYLK;FRZB;IGFBP7;BGN;HEYL;MSRB3;LMOD1;TPM4;RGS5;ADGRF5;CDH6;CRIM1;INPP4B;ITGA1;SEPTIN7;EFHD1;TAGLN;LGI4;CAV1;SEMA5A;SOD3;PARM1;CNN3;TM4SF1;ESAM;LPP;MYL9;ACTA2;NOTCH3;SYTL2;EZR;WFDC1;PDLIM7;ACTG2;CNN1;COX4I2",2.286352111596912,3.2859911616966953e-7,TRUE,
"MANNO_MIDBRAIN_NEUROTYPES_HRGL1",284,0.33034205929702865,1.5214929187817992,0.0011450025963804173,0.002176104410921945,"KCNN3;JAM2;GFOD3P;TSPAN11;PLSCR4;S1PR1;PMP22;PREX1;COL23A1;BMP6;IGFBP5;IGDCC4;PDE1A;STON1;DCN;QKI;FLVCR2;STOM;VIM;ID4;DOK5;RGMA;ANTXR1;LRRN2;VSTM4;LHFPL6;GULP1;IL18;TENM4;GASK1B;KLHDC8B;FNDC1;SLIT2;PDPN;CAP2;HEY1;CLU;TMEM47;ELN;DNAJB4;RFTN2;RHOJ;FRZB;FAT2;IFI6;SHISAL1;PDLIM3;ENKUR;DENND2B;GNG12;PIK3IP1;ZC3H12C;ITPKB;SLIT1;TRAM2;FRMD3;B3GNT5;MAML2;TTYH1;GLIS3;PDGFC;COL18A1;PXDC1;CRYAB;ERMN;AFF1;ATXN1;IL33;IQCG;SERTAD4;NFATC2;CCN1;ZFP36L1;PEA15;PBXIP1;FZD1;FOXP2;RGS4;KCNG1;CHST3;REST;NPR3;CCND2-AS1;TRIM9;LIPG;AASS;LRRC17;CD44;ITPRID2;RAI14;PRTG;SOX5",1.5566016789655608,0.00144786061534758,TRUE,
"DESCARTES_MAIN_FETAL_CILIATED_EPITHELIAL_CELLS",400,-0.2672097573249206,-1.3860877425345204,0.0011520427308141957,0.0021837676829532795,"P4HTM;POLR2I;RUVBL2;ERGIC3;FSIP1;ANKRD54;TUBB4B;HSPBP1;AHSA1;CFAP92;COPRS;MCAT;RIIAD1;RSPH14;MKS1;C9orf43;LRWD1;DYNC2I2;ARHGAP39;B9D2;CCNO;ZNHIT2;NUDC;PRDX5;CFAP65;COQ4;C21orf58;URAHP;FABP6;SPMIP6;C19orf44;BBS5;CFAP157;SYS1;ELL3;CIMIP2C;IFT43;METTL27;RNF32;DNAJA4;SMPD2;RIBC1;CFAP20;CASC2;CBY1;DNAL4;WRAP53;DRC12;UFC1;B9D1;CCDC24;SPATA33;IFT140;RAB36;HNRNPF;TMEM231;DPY30;FBXW9;MINDY4;DOC2A;CCDC170;TTC12;FAM47E;LRRC23;FOXJ1;DUSP18;ODAD1;MORN1;DPCD;DNAH6;DLG5-AS1;LRRC73;CIB1;ZDHHC11;CFAP298;DYNLL1;USP2-AS1;KIF9;CCDC78;STMND1;NEK10;DNAH1;ZNF584;IFT122;KLHDC9;GEMIN8;WDR54;ADPRS;DYNC2I1;IFT22;SPAG16;CEP83;XPNPEP3;CES1;CROCC;FAM174A;IQCH;NSUN7;CIMAP3;UBXN11;CLHC1;CCDC40;SPACA9;VCF2;LINC02166;DNALI1;CFAP263;DPAGT1;EFCAB2;KIF19;CDHR3;LRP2BP;STK33;TSGA10;DNAAF8;NUDT7;CENPBD2P;KATNIP;PACRGL;RABL2A;DNAH10;ZNF204P;DNAH7;IFT52;GOLGA2P5;IQCE;CFAP45;PCSK4;SPATA17;DALRD3;ZDHHC1;BRD3OS;IK;TPPP3;LRRC43;TPRG1L;CSPP1;TMEM231P1;CAPS;LRRC56;ABITRAM;TCTN2;ARHGEF38;DHX40;NRAV;RNF157-AS1;IFT172;HAGHL;CFAP119;WDR93;CCDC74B;DNAAF2;NPHP1;DYNLT1;C6orf52;CLBA1;INTS10;TMEM254",-1.6352280415311191,4.4244759426735605e-6,TRUE,
"BUSSLINGER_DUODENAL_TUFT_CELLS",75,0.4547484999461009,1.7373780124401303,0.0011599492348923104,0.0021930290222182745,"IRAG2;PIK3CG;FYB1;PLCG2;PIK3R5;HPGDS;SPIB;HCK;BMX;ALOX5AP;PTGS1;TAMALIN;MATK",1.8457500427437723,5.898205503287241e-4,TRUE,
"TRAVAGLINI_LUNG_ALVEOLAR_EPITHELIAL_TYPE_2_CELL",116,0.40936407171203404,1.669991862791075,0.0011976901774521773,0.0022585014774812485,"CHI3L2;C3;C16orf89;HLA-DRB1;CD83;CD74;MSN;CD36;CSF3R;CA2;LAMP3;EDNRB;TMEM163;RAB27A;LRRK2;HHIP;DRAM1;LGMN;HMOX1;AQP1;STEAP4;CHI3L1;ALPL;SFTPA2;SOD2;NNMT;NECAB1;SLC6A14;C1orf21;ETV1;TFPI;NFKBIA;DUSP6;TTN;CTSH;STC1;C11orf96;HHIP-AS1;AKAP13;CD44;NPC2;PID1;ALOX15B;SERPINB1",1.7525250830922676,0.0010204165777236362,TRUE,
"LAKE_ADULT_KIDNEY_C21_COLLECTING_DUCT_INTERCALATED_CELLS_TYPE_B",96,0.41813865881319806,1.6575035212672489,0.0012219849331655446,0.0022983447188554026,"PLCG2;ATP6V0D2;GLCCI1;IGFBP5;RNF150;RCAN2;ADAMTSL3;GPC6;RORA;QKI;UBE2E2;GULP1;IL18;NCOA7;PDE4D;PHLDB2;MITF;TRHDE;SSBP2;MEF2A;FOXO1;COL4A4;LGR4;SPTLC3;MAP3K5;ARL15;NCOA2;OSBPL3;FBXL17;ADAMTSL1;PDE1C;ESRRG;PICALM;PLCL1;RNF152",1.6036936182358132,0.009517187917323196,TRUE,
"MANNO_MIDBRAIN_NEUROTYPES_HRGL2B",346,0.3185983795726489,1.493740003636941,0.0012385016757947675,0.002323390740638246,"ARHGEF6;RIPOR2;RASSF2;KCNN3;VCAM1;LIFR;JAM2;ENPP2;BTN3A3;LITAF;HSPA7;GNG7;PMP22;PREX1;SPARCL1;ATP1B2;EGR2;EDNRB;FHL1;PTN;NLGN4X;QKI;BOC;TCF4;VIM;ATP1A2;GPR137B;TMT1A;MCC;SELENOP;ID4;RGMA;VSTM4;GATM;ATP13A4;ATP2B4;TRIL;TIMP3;SFRP2;PLPP3;PDPN;HEY2;HSPA6;TNS1;IFI44;SCUBE2;SLC1A3;ELN;RFTN2;IFI44L;SALL1;FAT2;IFI6;SLC4A4;PDLIM3;DENND2B;SESN3;GNG12;CCDC8;ANOS1;ITPKB;DPF3;RBMS2;SHISA3;COLQ;CYP26B1;PRKD3;MAML2;KRT17;TTYH1;GLIS3;ETV1;DSEL;PXDC1;LRRC4;CRYAB;ROBO3;MRC2;KLF9;MASP1;POU6F1;SPRED1;BCL6;NFATC2;CCN1;FGF1;TCF7L2;ARAP2;SDC3;ZFP36L1;PEA15;UBL3;SPECC1;PBXIP1;GPX8;AKAP7;CHST3;REST;CCND2-AS1;PEAK1;SNCAIP;PDE1C;LIPG;EGFR;LRRC17;LUZP2",1.492258284747719,0.0033842032690255914,TRUE,
"DESCARTES_FETAL_LIVER_HEPATOBLASTS",285,-0.28442664631698245,-1.4262846907659181,0.0012435275971765002,0.002326806792654998,"TM4SF4;PEBP1;F7;AMBP;PAH;ALDH4A1;TM7SF2;AGXT;ALDOC;HNF1A;KIF12;BDH1;ASGR1;ANPEP;FGFR4;ETV4;SERPINA10;F12;SDC1;HPN;RAB26;DHCR7;GJB1;AGMAT;MLXIPL;FOXA2;ONECUT2;F10;SERPINF2;GLS2;VIL1;ANXA13;ASAH2B;SLC26A1;SNORC;CACNA1D;PCSK9;BCAR3-AS1;NR0B2;CAMSAP3;ARSL;LAD1;LINC00870;IGSF23;NR1I3;PALM3;RBP4;HNF4A;PROX1-AS1;FAM151A;SLC39A5;LINC02532;MAT1A;SERPINA6;TMEM54;MOGAT3;AZGP1;APOM;PPARGC1A;PSAT1;ACOX2;MAOA;MYH14;RIDA;PROX1;IYD;DBI;GTF2IP7;MSI1;HNF1A-AS1;HOGA1;GLDC;CHDH;MYORG;TCEA3;CYP4F2;ANG;PECR;SC5D;DQX1;FGFR3;VMA12;PEG10;IL17RB;CYP2J2;CLDN14;PCK1;SERPINA1;AK4;REEP6;SULT1C2;SYNE4;PLEKHG6;ERBB3;NGEF;HKDC1;SLC29A4;GAS2;ADM2;HGD;PHYH;AGMO;ANKS4B;SLC2A9;CDHR3;SLC16A11;SHANK2;FABP1;XPNPEP2;MTTP;CAPN12;MSMO1",-1.3107960016454419,0.00860276686224036,TRUE,
"DESCARTES_FETAL_INTESTINE_MESOTHELIAL_CELLS",47,0.5080957836567509,1.76565272498173,0.0012722896302426853,0.002374504554129022,"C3;TNFRSF8;PTGDS;TMEM255A;CFH;AOX1;PTGIS;WNT2B;SEMA3D;PCOLCE2;WNT10A;SCEL;KLK10;GFPT2;COL8A2;NECAB1",1.8567147139714808,0.002051272374040177,TRUE,
"HE_LIM_SUN_FETAL_LUNG_C1_PROXIMAL_SECRETORY_PROGENITORS_CELL",123,0.40246822529862086,1.6591583471636926,0.0013287226240006138,0.0024734682692934503,"TLL1;CCL2;CFH;FNBP1;TNFSF10;MAFB;SAMHD1;NIBAN1;CP;EPB41L4A;CYBRD1;LMO3;LHFPL6;TLR5;STING1;RUNX1;ISG20;MEG3;STEAP4;VCAN;ANXA1;GLIPR2;JAKMIP2;MEIS1;KDR;EMP1;KLK10;FOXO1;HPGD;LIPH;OSR1;GLIS3;ASAP1;DPYSL3;CRIM1;LINC01503;PLAT;TRIM14;PCDH7;BCL6;SLITRK6;CXCL1",1.7668501794937481,0.0011200595525728116,TRUE,
"ZHONG_PFC_C2_THY1_POS_OPC",20,0.6589823488565258,1.9068140363733261,0.001419422869019459,0.0026355524371051847,"ITM2A;S100B;EDNRB;LRRK2;APOD;ELMO1;LAMA4;PLAT;THY1;COL9A1",1.9706796270712912,0.0013115947218627659,TRUE,
"DESCARTES_FETAL_STOMACH_LYMPHATIC_ENDOTHELIAL_CELLS",19,0.6496349212073025,1.846492896458396,0.0014810769108866218,0.002743014891080835,"CCL21;MMRN1;NFATC1;TMEM140;CTSL;KLHL4;RASSF9;TFPI;RADIL;SLC41A1;PARD6G",1.8603030518245984,0.00459891760826271,TRUE,
"DESCARTES_FETAL_LUNG_LYMPHATIC_ENDOTHELIAL_CELLS",41,0.5282056384972513,1.7970693955946244,0.0014955663393925718,0.002762801939946583,"CCL21;LRRN4CL;GJD3;RELN;GGT5;HAPLN3;KLHL4;NRP2;FLT4;PTX3;CTHRC1;LRRC15;CH25H;P4HA3;LOX;ADAMTS4",1.848017099814807,0.0028048956110251198,TRUE,
"GAO_SMALL_INTESTINE_24W_C2_PROCRPOS_PROGENITOR",21,0.6550175187769598,1.909333597428149,0.0015748043536959178,0.0029017968547797876,"ITM2A;MGP;MFAP4;FLRT2;IGFBP5;PLAC9;MEOX2;LHFPL6;RAB23;SFRP2",2.071322893517381,6.398539806313228e-4,TRUE,
"MANNO_MIDBRAIN_NEUROTYPES_HPROGBP",266,-0.28896369804055516,-1.4406222202805203,0.001593543945486117,0.002928893428918787,"C19orf48P;SNRPF;TMEM97;DIS3L2;SAPCD2;HES1;SLC39A4;RPL23A;EPHB2;PHGDH;SPAG5;NOTCH1;MYBL2;KIF22;RPL18;MCM7;NAXE;XRCC3;FOXA2;AURKA;RPS19;BIRC5;PRR11;UBE2C;PAICS;AURKB;C21orf58;GINS2;TROAP;MCM5;H2AZ1;DNAJC9;IGFBP2;TK1;CDCA3;PLK1;ZWINT;FAM83D;DSN1;TOP2A;TPX2;SRF;CDCA8;LMNB2;PIF1;TACC3;RCOR2;SLC6A8;RPS14;GSTP1;UHRF1;UBE2T;RIDA;CKS2;GNG5;CDKN3;KIF4A;NCAPG2;NCAPH;CENPW;MSI1;HMGB2;HMGA1;CCNB2;PIMREG;LMNB1;SOX9;CDHR1;ZNF395;GTSE1;RFC4;GPSM2;TIMELESS;GMNN;KNSTRN;FGFR3;PRC1;CKS1B;CDCA5;EEF1D;CCDC34;H2AX;SGO1;BRCA1;HJURP;CRB2;RFC3;FAM72A;TGIF2;CPSF3;CHEK1;CELSR2;NPTX2;CCND1;RRM2;ZNF519;SKA3;CCNB1;MAD2L1;TP53TG1;KIF2C;IRX3;CCNA2;KIF23;CENPF;FANCI;RPA3;SPC25;GINS1;NEK2;MTTP;CDC25C;FANCB;MID1;CDK2;TRIM59;DHFR;CTNNAL1;HK2;NCAPD2;MCM6;MKI67",-1.6267561121789527,4.8170212697467e-5,TRUE,
"GAO_LARGE_INTESTINE_ADULT_CA_ENTEROENDOCRINE_CELLS",219,0.34422668830761327,1.5385762124061355,0.001660594580471433,0.00304442339753096,"NPY1R;GNG2;C7;ENPP2;ANK2;PALMD;CHGB;SCN3A;HDAC9;AFF3;GNAO1;RTN1;THSD7A;SEMA3G;SPART;PDE2A;VAT1L;CACNA2D1;MMP2;SETBP1;LCN15;GPRASP1;TAMALIN;LINC02593;CEP170;CNIH2;PCDH9;GULP1;APOD;MAP6;SAMD3;JAZF1;FRMD6;NRP1;HOPX;RGS9;SPOCK1;RASA4;FAP;MAP2;COL8A2;KL;SLC16A2;FFAR2;BMERB1;SMARCA1;AMIGO2;GFRA3;TMOD1;GLIS3;ETV1;MAP1B;CASTOR3P;TFPI;TAFA5;APBB1;FGFR1;UNC13A",1.746086427626862,1.4004213958668544e-4,TRUE,
"MURARO_PANCREAS_PANCREATIC_POLYPEPTIDE_CELL",123,0.3973173226340974,1.6379239673690373,0.001690274820104209,0.0030910315350016516,"STX11;MAF;MDFIC;PTGFR;THSD7A;EGR2;SDK1;ADGRL2;LMO3;PGR;IDS;AKAP12;GLT8D2;SYNPO2;ID4;BMF;PRKACB;EGR3;PCDH9;AMOTL1;TMEM47;RHOBTB3;MEIS1;SPOCK1;BTG2;PCDH17;YPEL2;MAP2;ABCC9;PLPPR4;BMERB1;TMOD1;ETV1;DPYSL3;PXK;FGFR1;SLITRK6;STMN2;CHRM3;FOXP2;ABCA5;PAM;KCNG1;INPP5F;MEIS2;SCG2;EGR1;ATP8A1;ID2;REV3L;CACNA1A;SAMD5;SLC40A1;ISL1;CAMK2N1;NR4A2;KCNJ8;CSGALNACT1",1.5560523598640015,0.015290880827896081,TRUE,
"RUBENSTEIN_SKELETAL_MUSCLE_PCV_ENDOTHELIAL_CELLS",222,0.34042739540773814,1.5269455466035544,0.0017379780929404935,0.0031702816469216036,"GIMAP7;GIMAP5;GIMAP6;GIMAP4;GIMAP1;ITM2A;TMEM273;FLI1;HLA-DQA1;HLA-DPA1;HLA-DRA;HLA-DQB1;LIFR;HLA-DRB1;JAM2;CD74;HLA-DPB1;PALMD;GBP4;ACKR1;HLA-DMA;S1PR1;CYYR1;CTSC;IFI16;ELK3;SPARCL1;ERG;IL6ST;APLNR;GNG11;PLSCR1;HLA-E;LDB2;IL3RA;CALCRL;RAMP3;MMRN2;ADGRL4;SOCS3;AQP1;CD93;CLU;TM4SF18;SH3BP5;KLF2;VAMP3;PRCP;MAP1LC3B;LYST;SDCBP;PLK2;TPM4;CLEC2B;HLA-B;TGFBR2;CD59;CAST;SLC2A3;IL33;JCAD;SOX18;NEDD9;CRIM1;SMAD1;FKBP1A;PLAT",1.5933420268927314,0.0017585318628920953,TRUE,
"HE_LIM_SUN_FETAL_LUNG_C0_RESTING_CHONDROCYTE",93,0.4247755104711431,1.6770850487951456,0.0017674240855543176,0.0032147796189427,"IL16;ITM2A;S100B;DOCK8;CFH;HAPLN1;CHST11;CPM;SUSD5;ITGA10;PCOLCE2;PRRX1;PRELP;PDPN;HSPA6;FRZB;TRAPPC8;RNF144B;YPEL2;COL8A2;CTHRC1;CYP26B1;DAAM2;TTYH1;CHAD;CDC42EP3;NEDD9;KLHL13;COL9A1;CRISPLD1;SDK2;STEAP1;TRIM9;FIBIN;MATN3;SOX5;COL15A1",1.7068110991775587,0.0038698862692551515,TRUE,
"SU_HO_CONV_CENT_CHONDROSARCOMA_C2_STROMAL",165,0.36812747059460493,1.5937909492990316,0.0017712284401888154,0.0032147796189427,"JAM2;ENPP2;TMEM119;C1S;PTGDS;SERPING1;SERPINF1;MEF2C;SP100;CTSK;FGF7;RUNX2;MMP2;PDGFRA;TIMP2;GNG11;OPTN;TCF4;LUM;BEND5;RARRES2;FNDC1;VAMP2;SSPN;FSTL1;CALD1;CPXM2;BICC1;VAMP5;FBN1;LOXL4;ALPL;CTSF;EMILIN1;PALLD;PDGFRB;AEBP1;RAB34;ECM2;CHAD;TNFAIP6;DPYSL3;CHD9;HTRA1;COPZ2;MXRA8;MRC2;ITGA11;CERCAM;PCOLCE;ILK;RAP1B;ZFP36L1;SH3PXD2A;SFRP4",1.7525615354152908,3.1902759400730525e-4,TRUE,
"VANGURP_PANCREATIC_DELTA_CELL",61,0.470840539363421,1.7211418438781836,0.0018079819284397545,0.003273303940267486,"ABI3BP;NLRP1;HHEX;ADGRL2;TIMP2;VIM;PKIB;AKAP12;GPX3;NCOA7;FRZB;EDN3;RGS2;ABCC9;AMIGO2;ETV1;BHLHE41;DPYSL3;ANK1;LEPR",1.6631384691083047,0.011083283619642129,TRUE,
"LAKE_ADULT_KIDNEY_C20_COLLECTING_DUCT_INTERCALATED_CELLS_TYPE_A_CORTEX",140,0.38032815720188573,1.6157885693794898,0.0018828096006855348,0.003400297935566414,"PLCG2;DOCK8;ITPR1;ATP6V0D2;GLCCI1;IGFBP5;THSD7A;RCAN2;PDE1A;SETBP1;ITGAV;GULP1;IL18;SLIT2;PPP1R12B;MBNL1;PTGER3;PDE4D;CPEB4;ADGRF1;AHCYL2;FOXO1;ZSWIM6;LGR4;GLIS3;ADGRF5;ATXN1;ARL15;CAB39;NCOA2;ATP6V1A;KIAA1217;OSBPL3;GPAT3;ABCA5;FBXL17;ADAMTSL1;PNISR;PDE1C;OXR1;NCOA1;ESRRG;PICALM;CLIP1;RAPGEF2;STK3;GALNT17;PLCL1;RNF152;PTPRJ;SAMD5;PPP3CA;TBC1D1;FNDC3A;GNAQ;RUFY3;THRB;MAGI3;RALGPS2;RBM25;SEMA3C",1.274737880366088,0.11056335433477028,FALSE,
"HE_LIM_SUN_FETAL_LUNG_C1_PROXIMAL_SECRETORY_1_CELL",95,0.432596110428358,1.708874337268593,0.0019076251792192495,0.0034365654593379036,"IRAG2;ST8SIA4;CTSW;ADAM28;CFH;SLC15A2;FNBP1;TNFSF10;NEGR1;CX3CL1;ANKRD35;RNF150;CP;PLAAT4;RUNX1;MEG3;STEAP4;TIAM1;PLEKHS1;ANXA1;JAKMIP2;KDR;SFTPA2;KLK10;HPGD;LIPH;CH25H;DPYSL3;TFPI;PLAT;BCL6;SLITRK6;CXCL1;NTM",1.7092506888367758,0.0033716364978335967,TRUE,
"HAY_BONE_MARROW_EOSINOPHIL",55,-0.44379109195261734,-1.7167434484422168,0.0019357139080557488,0.0034785353892288953,"MRPL23;NDUFA3;RPLP1;MZT2B;NDUFB11;NDUFS6;NT5DC2;ALYREF;PHPT1;KIF22;RPN1;H2AJ;MBD3;COX8A;MT-ND4L;P2RY2;HNRNPD;MT-CO2;IQGAP3;DBI;MT-ATP6;HSPA5;BLOC1S1;TMEM160",-1.7430117185154557,0.004245589303258097,TRUE,
"HAY_BONE_MARROW_CD34_POS_PRE_PC",93,0.4224610582923176,1.6679472029222648,0.0020033836145225393,0.0035912506275144777,"VPREB3;TP53INP1;LAPTM5;GBP4;S1PR4;ELK3;SYNE3;ERG;STAG3;FAM241A;AKAP12;LINC00426;HHIP;CLEC14A;PRCD;EBF1;MME;GPR176;SARDH;PPP3CC;BLNK;MAP1LC3B;ERO1B;NUDT11;CHD9;ABCG2;SMAD1;NAV1",1.6167569634361976,0.01078756871383374,TRUE,
"DESCARTES_FETAL_LUNG_VASCULAR_ENDOTHELIAL_CELLS",36,0.5533510255158609,1.8291360184975147,0.0020945422152210003,0.003745412926725237,"MADCAM1;JAM2;TMEM100;CLEC3B;CLEC1A;APLNR;MMRN2;S100A3;KIT;CD93;EDN1;SELE;PLK2;IL33;LHX6",1.9136932824097521,0.0015523671403397548,TRUE,
"HE_LIM_SUN_FETAL_LUNG_C1_INTERM_NEUROENDOCRINE_CELL",208,0.35163362757087097,1.5642012431194814,0.0023700856353734492,0.004227720322558044,"POU2F2;GNG2;TP53INP1;MOXD1;ANK2;GHRL;ADAM28;CHGB;SYT11;SCN3A;MIAT;HIVEP3;NLRP1;SSTR2;CLIP3;GNAO1;NEGR1;RTN1;CHGA;CACNA2D1;SETBP1;OPTN;GPX3;RUNX1T1;JAM3;DEPP1;BCL2;CLDN5;CNIH2;MAP6;PALM;JAKMIP2;A4GALT;BACE1;FAM110B;ST6GALNAC5;PLAC8;PCDH17;RASA4;SV2A;MAP2;KL;LYST;SLIT1;INHBA;UNC79;AMPH;MAP1B;REEP2;HEPACAM2;DPYSL3;ROBO2;GIPR;NAP1L5;MMP25-AS1;NCAM1;CEACAM1;NAV1;NAAA;SLITRK6;CRMP1;STMN2;ABCA5;NACAD;RGS4;ADCY2;TRNP1",1.727868827847903,1.327585811063795e-4,TRUE,
"HE_LIM_SUN_FETAL_LUNG_C4_T_ALPHA_BETA_ENTRY_CELL",62,0.47529489132562974,1.7395788255273217,0.0025031993795877516,0.004454222425442911,"CD1C;KCNA3;CD4;THEMIS;MZB1;CD1E;CD8B;EPHB6;CD1A;EDEM1;ELOVL4;PTPRM;MCTP1;SSBP2;DAPK1;AEBP1;PIKFYVE;PELI2;LDLRAD4;MAP1A;APC;RASSF6;CYP2U1;ETV6;PCSK5",1.770703444492243,0.0034224009338593648,TRUE,
"HAY_BONE_MARROW_PLATELET",208,0.3498943819143046,1.5564644113582957,0.0025927750456028447,0.004602334188527299,"RASGRP2;CD226;RGS18;SELP;CAVIN2;GRAP2;LYL1;PLEKHO1;PPBP;BMP6;GP1BA;TMEM140;VIM-AS1;F13A1;PTGS1;DAPP1;TNFSF4;GNG11;NEXN;CLDN5;MAP3K7CL;PEAR1;MYLK;FERMT3;THEM5;F2RL3;CALHM5;BDNF;CLU;TMCC2;SLC24A3;RGS10;MEIS1;MAX;ENKUR;C2orf88;SCN1B;AFAP1L2;RNF11;DENND2C;DAB2;FRMD3;TPM4;PNMA1;LIPH;ADGRG7;TRIM40;SPOCD1;ITGB3;ZNF438;FRMD4B;PF4;PDE5A;ABLIM3;FAXDC2;NCOA4;ILK;RAP1B;LIMS1;TRIM58;PTGIR;MARCHF2;SPARC;TMBIM1;KIFC3;BAMBI",1.7340034505418769,1.1375045707413264e-4,TRUE,
"GAO_ESOPHAGUS_25W_C3_FGFR1LOW_EPITHELIAL_CELLS",51,0.48795293774607706,1.7306607569544374,0.0027666893225907893,0.004899064507807105,"CD52;IL10RA;CD69;CYTIP;LPXN;PIP4K2A;LAPTM5;GAS7;TRAF1",1.7250012301154203,0.005473786888879693,TRUE,
"DESCARTES_MAIN_FETAL_SMOOTH_MUSCLE_CELLS",38,0.5284477290478062,1.7689754589322235,0.0029196083445494013,0.0051572643750434684,"CYGB;CCR10;AOC3;MYLK;MYH11;ABCC9;COL6A3;RASL12;PDGFRB;CNTNAP1;SEPTIN4;CARMN;EBF2;ACTA2-AS1;ANO1;KCNMB1;THBS4;PLA2G5;TAGLN;CCDC102B;TBX2",2.2202936803732394,1.9022360641180593e-5,TRUE,
"MURARO_PANCREAS_DELTA_CELL",195,0.35163330822300654,1.5455396173783704,0.0030304273712564054,0.005340024930903278,"ABI3BP;ST8SIA4;LMO2;MDFIC;HHEX;NAP1L3;THSD7A;PDE2A;ADGRL2;VAT1L;IDS;SETBP1;PKIB;AKAP12;LRCH2;MCC;RUNX1T1;JAM3;C14orf132;PRKACB;HMOX1;MAP6;HSPA6;PJA2;CREM;BEX4;FRZB;RHOBTB3;EDN3;UCHL1;SESN3;BTG2;CDK14;RGS2;MAP2;PNMA8A;ABCC9;PNMA1;TMEM200A;AMIGO2;TMOD1;ETV1;BHLHE41;AMPH;MAP1B;HEPACAM2;DPYSL3;ST3GAL1;NCAM1;LEPR;UCP2;DUSP6;TSHZ2;PBX3;FOXP2;MBNL2;FGF12;PAM;NSG1;RCAN3;NECTIN3;TCEAL3;INPP5F;BAMBI",1.5740329690481356,0.0025692968258357917,TRUE,
"HE_LIM_SUN_FETAL_LUNG_C1_GHRL_POS_NEUROENDOCRINE_CELL",111,0.40133737748047066,1.6380727034023175,0.00306696901850006,0.005391330526467418,"GNG2;MMRN1;SV2B;ANK2;GHRL;CHGB;SYT11;HIVEP3;NLRP1;SSTR2;MAFB;CLIP3;GNAO1;RTN1;CHGA;CACNA2D1;GPC6;GPX3;RUNX1T1;CLDN5;CNIH2;JAKMIP2;A4GALT;BACE1;RASA4;INHBA;HLA-B;AMPH;MAP1B;HEPACAM2",1.7951651599498557,4.969404935642169e-4,TRUE,
"DESCARTES_FETAL_PLACENTA_SMOOTH_MUSCLE_CELLS",56,0.4827278047748814,1.7397052291904787,0.0031054626664462873,0.005445811342608707,"GFRA2;SCN4B;NGFR;CNTN4;FOXF2;ADAMTSL3;COL13A1;FAM162B;CCDC68;PDLIM3;HEYL;ABCC9;RASL12;GRID1;SEPTIN4;CARMN;PLA2G2A;LZTS1;PAG1;LIPG;ITGA9;KCNS3;PLA2G5;ERFE;CCDC102B;CCDC3;POSTN;GNAL;OLFM2;ARHGAP44;SEMA5B;HAS2;ADGRB1;LAMC3;PGM5;NOTCH3",2.161719133089503,8.600512448333475e-6,TRUE,
"DESCARTES_MAIN_FETAL_VASCULAR_ENDOTHELIAL_CELLS",35,0.5426989270989798,1.7838934090108598,0.0033627682646325797,0.005882818699092175,"CYYR1;FCGR2B;FAM124B;FOXF2;APLNR;LDB2;SNRK;ARHGEF15;ADGRL4;LXN;TM4SF18;SELE;MTMR9LP;RFLNB;ROBO4;JCAD;HLX;FAM167B;RAPGEF5;CAV1;SHANK3;RASIP1",2.1194988244590127,1.1241043267257424e-4,TRUE,
"HU_FETAL_RETINA_AMACRINE",35,0.5409274255968481,1.7780703463587952,0.0035164931773037653,0.006136956843083014,"ZNF385D;SCN3A;RTN1;TRIB2;CCDC88A;RUNX1T1;DLG2;NRP1;MLLT11;MEIS1;MAP2;STMN2;FBXW7;MEIS2;RND3",1.866340629196884,0.003415902489812455,TRUE,
"CUI_DEVELOPING_HEART_RIGHT_VENTRICULAR_CARDIOMYOCYTE",19,0.6216979909398028,1.7670862303390258,0.0038047291398791644,0.006624060804681711,"C7;LBH;S100A4;KLHDC8B;HEY2;VCAN;TXNIP;IGFBP7;PYGM",1.8025342905897628,0.006925360881143456,TRUE,
"MANNO_MIDBRAIN_NEUROTYPES_HOMTN",277,0.3157141781741821,1.4508435861808424,0.004046523280631261,0.00702817201372798,"CD2;GNG2;BACH2;BASP1;PRKAR2B;ANK2;SEPTIN6;GREM2;TMEM255A;LRRN3;CPNE8;PDE1B;SCN3A;PPP2R2B;NELL2;MYO5A;SMAP2;RTN1;CNTN4;CHGA;VAT1L;TRPV2;DOCK4;RELN;SEMA3D;SCN9A;DOK5;RBMS3;PRKACB;PCDH9;SLIT3;PLXNA4;MAP6;ELOVL4;PRRT2;NRP2;OLFM1;STAC;CAP2;MAB21L2;MEG3;EDIL3;MLLT11;SRL;BEX5;GPR176;ATL1;DOK6;UCHL1;CCDC184;TRHDE;TLE4;RASA4;MAP2;GPR85;LYST;SEMA6D;PLPPR4;UNC79;KCNMA1;ZC2HC1A;PDP1;MAP1B;DPYSL3;PIANP;ATP11C;CPEB3;SEMA4D;LZTS1;PCDH7;ATP6V1A;CRMP1;FGF1;STMN2;SH3PXD2A;SNCG;SYT2",1.5808659414441286,0.0017052825858647701,TRUE,
"HE_LIM_SUN_FETAL_LUNG_C2_S100A12_HI_CLASSICAL_MONOCYTE",31,0.537820942628278,1.7174142852980672,0.004248334713812751,0.007361076377632596,"CLEC4E;PELATON;FCN1;LILRA5;RAB27A;LRRK2;HK3;STEAP4;VCAN;RNASE2;VNN2;RBP7;MEGF9;THBS1;BST1;MTMR11;TREM1;S100A8;SLC11A1",1.902773997209428,0.0012951675933071964,TRUE,
"ZHONG_PFC_C3_UNKNOWN_INP",33,-0.49398141788010047,-1.7051922600538567,0.004432035593018054,0.007661090096502636,"BIRC5;UBE2C;FAM83D;TPX2;CDCA8;MXD3;KPNA2;UBE2T;NCAPH;CCNB2;PRC1;SGO1;HJURP;CCNA2;KIF23;CENPF;SPC25;APOLD1",-1.934272178693002,0.0010634789609645797,TRUE,
"DESCARTES_FETAL_PLACENTA_STROMAL_CELLS",32,0.539841717785108,1.7407660133773826,0.0045098400363730575,0.007777063815693206,"TCF21;ACKR1;PTGFR;FMO1;CLMP;CACNA2D4;MSC-AS1;SLIT2;ELN;COL8A2;C1QTNF2;GLI2;GDNF;STC1",1.9774831810710312,7.977708224765493e-4,TRUE,
"DESCARTES_FETAL_MUSCLE_SCHWANN_CELLS",67,0.4354514031637617,1.6265021194859663,0.004712438230448892,0.00810718046281018,"CHL1;MAL;S100B;ADAM23;MOXD1;MAP3K4-AS1;PPP2R2B;PMP22;KIAA1755;BEND6;CPXM2;TRPV3;GFRA3;TTYH1;FLRT3;TAFA5;MEGF9;GLDN",1.6203748917461513,0.011166840742486438,TRUE,
"FAN_EMBRYONIC_CTX_ASTROCYTE_1",61,0.4490220608694703,1.641385125485867,0.0047932690748819775,0.008226745504407365,"FAM107A;CPNE5;CHRDL1;CXCR4;ANGPTL1;LAMP5;SPARCL1;DCN;GPX3;RAMP3;DOK5;GALNT16;HEY1;SLC1A3;IFI44L;LYN;FRMD4A;SIRPA;ANOS1;PAQR8;MRC2;DIO2;PEA15;SOAT1;EMID1;CXCL14;FADS2;CSDC2;ID2",1.948272874498454,1.7518898405348668e-4,TRUE,
"FAN_EMBRYONIC_CTX_BIG_GROUPS_CAJAL_RETZIUS",407,-0.24831723231106267,-1.2962384432257374,0.0050630240384093,0.008669234556332906,"POLR2L;GARIN5A;EBP;CKMT1A;ATP5MC1;ATP5F1E;PSMA7;TUBA4A;TM7SF2;MAP1LC3A;THAP4;LSM4;HAGH;TOLLIP;TUBB4B;SDSL;NUPR1;COX4I1;ACLY;PPP2R1A;TXNL4A;AKAP1;MRPL41;NDUFS8;CYB561;CRACR2B;NDUFA8;NDUFB7;SLC25A4;BCAP31;G6PC3;CDH4;COX7B;ISOC2;STX1A;GPI;F12;CPNE9;RAB3A;PRDX2;DHCR7;SNRNP25;DEGS2;ATP5ME;FSTL4;HPCAL1;DUSP23;FAIM2;NOL3;C1orf53;PRDX5;HYAL3;ROGDI;COX14;PIN1;PTPRN2;PLPP2;NAA38;NDUFA12;TPI1;COX6A1;ATP5MC3;MECR;WNT4;COX8A;ATP5IF1;PRAF2;ATP6V0B;GUK1;DDAH1;FDPS;COX5A;ATP5F1B;PIDD1;ACOT7;NDUFA9;TSPO;COX5B;NDUFA1;GPR37;CKMT1B;COX7C;ISOC1;ZNF488;SOD1;NDUFA11;SLC25A5;IZUMO4;TAGLN2;RHBDD2;SLC41A3;ADRA2C;FKBP2;ATP6V0E2;GOT1;SMIM29;COX6C;BNIP3;ATP6AP1;B4GAT1;GSTP1;MMP15;PFKP;ATP13A2;PPARGC1A;MAOA;MYH14;NCDN;CLSTN2;INSIG1;DHRS11;CLSTN1;STK32C;FAM162A;NDUFB9;AGPAT2;PYGB;TMEM255B;PKM;KLC1;WRAP73",0.9922257846301774,0.5717018120943346,FALSE,
"DESCARTES_MAIN_FETAL_STELLATE_CELLS",33,0.5222314367308182,1.699013083831707,0.005224953045958891,0.008925449203214482,"HS3ST3B1;RBMS3;HGF;HHIP;ADAMTS2;CCDC68;ALPL;BMPR2;ADAMTS12;DAAM2;GRK5;MASP1;ABCA10;EHBP1;ADAMTSL1;CCBE1;NBPF3;IGFBP3;CCDC3;ADAMTS9",1.7243400805080507,0.015316724503776215,TRUE,
"GAUTAM_EYE_IRIS_CILIARY_BODY_CYTOTOXIC_T_CELLS",83,0.4221734398904038,1.6315783996782458,0.005649531075185967,0.00962807408588031,"LAX1;LINC00996;PKHD1L1;RASSF5;SEPTIN1;TMEM273;ADA2;CD86;NRROS;APOBEC3G;S1PR4;FGD3;PCED1B;UBE2E2;SNX10;STK10;WASHC2A;PRXL2C",1.6559827791216015,0.006230696604936162,TRUE,
"DESCARTES_MAIN_FETAL_ERYTHROBLASTS",181,-0.30563511407433736,-1.4536093563522703,0.0058683110462543035,0.00997750309035275,"SLC25A39;RCCD1;ABCB6;KIF18B;SPAG5;CHTF18;HMBS;KMT5A;KIF22;PPME1;NPRL3;PIGQ;PRDX2;STEAP3;CISD2;AKAP8L;RECQL4;ANP32B;AURKA;PKLR;ESPL1;BLVRB;UBAC1;NARF;SLC11A2;TROAP;DHRS13;CDC20;RNF123;FAM83D;E2F4;CAMKMT;MIGA2;RCL1;TMEM120B;TBC1D22B;ALAD;TANGO2;IBA57;PRR5;QSOX2;CCNF;BSG;CBLL1;RBM38;TSPAN5;KIF4A;AP2A1;UROS;PRC1;TFR2;EXO1;GLRX5;HJURP;RMDN3;EIF2AK1;TOP1;LARP1;GMPR;ANKRD9;RRM2;HTRA2;ORC1;VCF1;TSPO2;KIF23;HECTD4;TFDP1;DNAJC6;MAP2K3;HBB;UGGT1;MBOAT2;HK1;CAT;ZNF367;CENPE;SLC6A9;ANKLE1;ATAD5;MRPS9;DBF4;UROD;SLC14A1;CROCCP2;CPOX;WRN;STIL;SLC25A37;TFRC;SPTB;EPOR;C2CD3;DMTN;MARK3;ABCA7",-1.4058558421255765,0.010415930047218523,TRUE,
"DESCARTES_MAIN_FETAL_MESANGIAL_CELLS",15,0.6761300954397902,1.7753261486737828,0.00613490423799839,0.010406402983146802,"MOXD1;FLRT2;TMTC1;PRICKLE1;CLDN11;CCN4;FOXL1;GRASLND",1.7257542986095773,0.01012832510134466,TRUE,
"HE_LIM_SUN_FETAL_LUNG_C1_PROXIMAL_SECRETORY_3_CELL",206,0.3227661101201764,1.4331360163959384,0.006878118959872758,0.011639893624400051,"LSP1;C3;PRKCH;CFH;TNFAIP2;SLC15A2;TNFSF10;MAFB;SAMHD1;TNFAIP8;ANKRD35;PLAAT4;ALDH1A3;OPTN;CFLAR;SLFN5;VSIR;EPAS1;DGKA;ATP13A4;TLR5;HEY2;ISG20;FBLN2;MEG3;STEAP4;C15orf48;VAMP5;VCAN;ANXA1;LPAR6;GLIPR2;IFI6;A4GALT;FBN1;LYN;RGS10;ALPL;MX1;ADGRF1;EDN1;BBOF1;KRT7;PLAC8;GRAMD2B;LIPH;CH25H;EHD2;PSMB10;LGR4;GLIS3;HLA-B;PRRG4;LRRC4;PGM2L1;KLHL5;CSTA;TSHZ2;CXCL1;ETV3;ARAP2;MUC4;IL32",1.4452938032809683,0.012570518709829549,TRUE,
"ZHENG_CORD_BLOOD_C7_PUTATIVE_LYMPHOID_PRIMED_MULTIPOTENT_PROGENITOR_1",91,0.40452027532437207,1.592821389955785,0.006910511304521536,0.011667514435075896,"SELL;PIM2;SPN;MZB1;CYTIP;GBP4;CSF3R;IFI16;MAP3K8;GNB4;CSGALNACT2;IFNGR1;GYPC;RUNX1;C6orf62;BEST1;RFLNB;HIF1A;TPM4;GLIPR1;ZC3HAV1;ARID4A;TCF7L2;SLK;RILPL2;PIK3R1",1.4485106794427243,0.037958634455224224,TRUE,
"GAUTAM_EYE_IRIS_CILIARY_BODY_CILIARY_BODY_ENDOTHELIAL_CELLS",347,-0.25558577022497675,-1.3088035386718107,0.007059895542923661,0.011892074626827327,"REXO4;RPLP2;RPS28;EIF4EBP1;MLST8;BYSL;PLOD3;NSMCE1;TUBA4A;CCDC137;COA4;HAGH;SPR;RPL36;RUVBL1;SAFB;GOT2;GARS1;NAT9;SRPRB;BCAT2;DNPEP;SMYD5;KEAP1;MORC2;EWSR1;PPME1;MRPS18B;OGG1;EIF6;HMOX2;AP2A2;CARS2;EIF2B1;SH3BP4;ARRDC1;EPN1;DHRS4L2;RPIA;ATXN2L;MFSD10;CPSF1;RPS19;ILF3;AIFM2;POLR3H;RPS6;TWNK;MLLT6;AP3D1;CCDC86;FN3KRP;RDH14;PPAN;UNC119;ORMDL2;MRTO4;KHSRP;TMEM205;ISY1;MYO10;PRR14;BRD4;SLC1A7;PRDX4;RBM42;ABHD17A;PPP1R35;SLC25A22;ALKBH3;RPS6KB2;HIP1R;PPIL1;CCT5;HSP90AB1;PINX1;TESK1;LLPH;ARHGEF10;JAGN1;SUPT5H;NDUFB9;TRIM27;PEX5;CDK12;TRIM47;APEX1;TLNRD1;CENPB;METAP1;ANGEL1;RPS15A;KIF3B;MCUR1;MESD;MRPL42;MRPL3;NDUFB3;TMEM183A;MTX2;SRA1;ZDHHC9;ZNF503;TMEM44;EIF2AK1;SLC35A4;SYNJ2;PSMD2;FAM174A;THUMPD2;ARAP3;HINFP;KXD1",-1.1353095946514629,0.09586909418279896,FALSE,
"DESCARTES_FETAL_HEART_ENDOCARDIAL_CELLS",22,0.5717369279762456,1.6734850040265064,0.007401672203417745,0.012438921341854823,"TMEM100;SLCO2A1;HAPLN1;ITGA8;CPXM2;FOXC1;SALL1;HMCN1;INHBA;CDH11;LEPR",1.8422299054751963,0.0045082086557174895,TRUE,
"HAY_BONE_MARROW_CD34_POS_PRE_B",83,0.41503570335657297,1.6039931097220235,0.00758846018441392,0.012723376660241353,"CD79B;IRF4;BTK;RCSD1;LIMD2;CD38;CCDC69;BACH2;ADAM23;BMP3;AFF3;PAX5;FMO1;DTX1;PCDH9;TMEM131L",1.622804360554591,0.008648142167004205,TRUE,
"MANNO_MIDBRAIN_NEUROTYPES_HNBML1",230,0.3169005025757449,1.4308082304545866,0.007789950491448126,0.013031115338228892,"CD2;KCNA3;POU2F2;RIPOR2;ADA2;GNG2;CYRIA;BASP1;PRKAR2B;ANK2;GRIN3A;SCN3A;MIAT;NELL2;MYO5A;EBF3;NEGR1;NAP1L3;RTN1;THSD7A;PDE1A;DOCK4;RASGEF1B;ZNF521;PRKACB;PCDH9;MAP6;PRRT2;OLFM1;EBF1;EDIL3;MLLT11;AP1S2;ISLR2;ATL1;DOK6;UCHL1;CCDC184;SV2A;MAP2;MAP1B;DPYSL3;PGM2L1;RNF112;ATP11C;UNC13A;GSDME;ROBO2;NCAM1;TMSB15A;NAV1;CRMP1;STMN2;SYCP2;SH3PXD2A;FOXP2;SCUBE1;FGF12",1.5692137410507228,0.002552623682306607,TRUE,
"DESCARTES_FETAL_EYE_RETINAL_PIGMENT_CELLS",45,0.48078422432728385,1.6582334093327613,0.007876298329339964,0.013145270315174285,"ENPP2;PTGDS;MYOCD;BMP6;VAT1L;PGR;ADTRP;ITGAV;FRZB;BEST1;FAM83B;PRKCQ;TRPC4;ERMN;COL8A1;GEM;CRISPLD1;PRKCQ-AS1;RASSF6;CCBE1;SLC6A12",1.6952785127849916,0.011032532646889873,TRUE,
"HE_LIM_SUN_FETAL_LUNG_C6_MUC16_POS_CILIATED_CELL",48,0.4708830188480938,1.6514125602002059,0.008032244005681914,0.013374791624140066,"KLHL6;POU2AF1;CP;SCPEP1;KIAA0513;C14orf132;APOD;TXLNB;PLEKHS1;VCAN;KRT7;SLIT1;PALLD;LGR4;DPYSL3;KLHL5;CORO2B;MUC4",1.6467408125201426,0.01678281087858974,TRUE,
"FAN_OVARY_CL3_MATURE_CUMULUS_GRANULOSA_CELL_1",243,-0.27490580957751165,-1.3461372328742363,0.008679897604252255,0.014420150253288643,"NDUFA3;POLR2I;TMEM97;ELOB;MZT2B;TM7SF2;PLEKHJ1;NME4;HACD3;SELENOH;TIMM13;NDUFS5;LSM7;ACTG1;NDUFB7;PPDPF;PHPT1;DMAC1;MPST;PRDX2;NONO;LCMT1;NICOL1;ATP5ME;SNRPD2;ATP5MC2;UQCRQ;COX6B1;ATP5MF;ATP5MJ;PCBP2;ATP5IF1;IGFBP2;RPAIN;NUP214;COX5B;MT-ND4L;EIF4G1;IDH1;COX7C;HNRNPD;PRDX4;CST3;CLNS1A;NEDD8;ZNF428;CAMTA1;TMEM258;OCIAD2;DAG1;GSTP1;MT-CO2;HS6ST1;ENAH;RNF7;TMEM98;DBI;MT-ATP6;PTRHD1;CLIC1;GTF2H5;HSBP1;KCNQ1OT1;TCEA3;DDAH2;HIGD2A;NDUFA13;TNNI3;BAX;MARCKSL1;MGST3;LSM5;UQCR10;NDUFS4;DPP7;SMS;DAPL1;CKB;MT-CO1",-1.1970348893132294,0.08478144967818621,FALSE,
"VANGURP_PANCREATIC_GAMMA_CELL",33,0.5016896566419362,1.6321830336250713,0.008944658998575628,0.01482607861407741,"THSD7A;AKAP12;ID4;AMOTL1;TMEM47;TXNIP;SLC4A4;SPOCK1;ABCC9;BMERB1;ETV1;DPYSL3;PXK;FGFR1;SLITRK6;STMN2;CHRM3;INPP5F;MEIS2;SCG2;ID2",1.6270336141460184,0.03644300629057864,TRUE,
"HE_LIM_SUN_FETAL_LUNG_C0_AIRWAY_FIBROBLAST",24,0.549038369281025,1.6382518333280929,0.009667977235459122,0.015988499938367477,"CAVIN2;CFH;SERPINF1;FGF7;GPX3;S100A4;DPT",1.8918225715261583,0.0022019130132925626,TRUE,
"MENON_FETAL_KIDNEY_4_PODOCYTES",199,0.3192917084903997,1.406353869796827,0.01010833920899017,0.01667875969483378,"EVL;SPOCK2;AIF1;TCF21;MAFB;ITIH5;MAGI2-AS3;TRIB2;THSD7A;TSC22D3;ITM2B;CXCL12;VIM;SULF1;SELENOP;ST3GAL6;CLDN5;LEPROT;CALD1;PSAP;GINM1;CLIC5;RBMS1;FOXC1;CPXM1;SYNPO;TXNIP;MME;ANKRD12;PALLD;SERINC1;DSC2;CMYA5;COL4A4;SDC2;TTC14;COL18A1;CD59;CAST;HTRA1;MXRA8;ROBO2;CRIM1;COL9A1;RETREG1;RNF145;CHD3;SLK;BST2;RDX;SPATS2L;WASF2;KMT2E;SPARC;CITED2;TCEAL3;PLCE1;ANXA5;CCN2;DST;PLA2R1;MPHOSPH8;FNDC3B;DDX17;TAX1BP1;PHACTR4;CD2AP;NEAT1;BBX;TMSB4XP8;RASSF8;TGFBR3;ADAMTS9",1.502243570255797,0.008678804124239409,TRUE,
"GAO_SMALL_INTESTINE_24W_C3_ENTEROCYTE_PROGENITOR_SUBTYPE_1",40,-0.4472426480170628,-1.610463133877079,0.011607080525637057,0.01910825501499434,"ATP2A1;SLC35C2;BOP1;PEX14;CHCHD10;DUS3L;HDDC3;DRG2;PRR15L;CDK5;FCSK;CASC2;VPS26B;PCYOX1L;PLEK2;CYP2J2;SLC35A4;GCNT1",-1.4858477064393008,0.04572439132730501,TRUE,
"MANNO_MIDBRAIN_NEUROTYPES_HRGL2C",242,0.3099130023279837,1.4083104097142967,0.012293307044819913,0.020192174014794697,"ARHGEF6;RASSF2;CPNE5;LIFR;PDE7B;LITAF;TMEM255A;DCLK1;GNG7;PMP22;PREX1;KAT2B;SPARCL1;ATP1B2;TRIB2;EDNRB;PTN;RELN;QKI;TMT1A;ITGAV;RAB31;HAPLN3;GATM;ATP13A4;MAP3K1;MYLK;PLPP3;PDPN;FBLN2;SCUBE2;SLC1A3;ELN;RHOJ;IFI44L;SLC4A4;ADAMTS3;PDLIM3;GNG12;PCDH17;CCDC8;ANOS1;ITPKB;DPF3;SHISA3;CYP26B1;LRRC4B;C1orf21;PIEZO2;KRT17;TTYH1;ETV1;AFF1;HTRA1;PLEKHH2;MRC2;PLAT;NAV1;SPRED1;PCDH7;NFATC2;ARAP2;SDC3;PEA15;CHST3;HRH1;TMBIM1;PDE1C;EGFR;LRRC17;ARHGAP42;LUZP2;CD44",1.4450130523308842,0.016154823311423497,TRUE,
"SU_HO_CONV_CENT_CHONDROSARCOMA_LEUKOCYTE_C1_M2_MACROPHAGE",88,0.39479432332105385,1.549926018556098,0.0124699009583541,0.020436000216173988,"LSP1;LY96;FCER1G;NCF2;APOC1;TYROBP;GPNMB;HLA-DQA2;FCGR2B;PILRA;TMEM140;IL4I1;PELATON;TMIGD3;HCST;ZNF385A;GATM;TNS1;C15orf48;VCAN;IFI6;SLC2A5",1.7164221692012513,0.002718522515629898,TRUE,
"DESCARTES_FETAL_SPLEEN_STROMAL_CELLS",23,0.5506800344964957,1.6391088652573003,0.012669861365371782,0.020716935475810615,"UNC5C;LSAMP;PKNOX2;MAPK10;TMTC1;RBMS3;DNM3OS;PRR16;RARB;ST6GALNAC5;GLIS3;KLHL13;CARMN",1.5982356384458432,0.03418820547139169,TRUE,
"CUI_DEVELOPING_HEART_LEFT_ATRIAL_CARDIOMYOCYTE",17,0.6184190906392676,1.6874768058961458,0.01295474151490303,0.021135151325437303,"SFRP1;FHL1;GJA5;RELN;CALB2;GPX3;CLIC5;NR2F1-AS1;PAM;PIM1;VSNL1;RABGAP1L",1.7889880534029032,0.007664813793318714,TRUE,
"LAKE_ADULT_KIDNEY_C23_ENDOTHELIAL_CELLS_AVR",125,0.35367371279285753,1.4721580634977602,0.01344305196637921,0.021882636160518627,"DNASE1L3;HLA-DRA;HLA-DRB1;CAVIN2;TLL1;CD74;ZNF385D;PECAM1;IGFBP5;IL6ST;DOCK4;QKI;HLA-E;ZEB1;TCF4;EMCN;VIM;LDB2;B2M;RBMS3;EPAS1;SASH1;ADGRL4;TIMP3;PLPP3;TGM2;RBMS1;PTPRM;TXNIP;IGFBP7;JAK1;SH3BP5;FBXL7;MEF2A;AKT3;ENG;HLA-B;TGFBR2;CD59;ASAP1;ADGRF5;TFPI;PLAT;UTRN;CEACAM1;RHOA",1.488227962163369,0.018933284290972564,TRUE,
"FAN_EMBRYONIC_CTX_OPC",31,0.5017700174914179,1.6022934915155025,0.01395460229540327,0.022625972144562117,"PDE4B;PDGFRA;LRRK2;APOD;MEG3;UCHL1;PLAT;THY1;COL9A1;EPN2;LIMA1;SLC35F1;SEMA5A;IL1RAP",1.7022417108101762,0.010639531004902716,TRUE,
"HE_LIM_SUN_FETAL_LUNG_C1_EARLY_TIP_CELL",126,-0.3165028451145967,-1.4250622921003306,0.013962032397746321,0.022625972144562117,"E2F1;CENPM;CDC6;MYBL2;TRAIP;SPC24;PSMC3IP;BIRC5;CHAF1A;UBE2C;AURKB;POC1A;ORC6;CDC20;ACOT7;TK1;CDCA3;CDC45;PLK1;GALNT6;ZWINT;FAM83D;TOP2A;FANCA;TPX2;LINC01315;CDCA8;UQCRHL;TACC3;PGP;ACVR1B;UHRF1;UBE2T;ARG2;STRA6;IHH;TRIP13;NCAPH;CENPW;CCNB2;PIMREG;GLDC;GTSE1;GPC2;KIF20A;CDCA5;SGO1;RAD54L;GADD45G;CHEK1;GAS2;CTPS1;MAD2L1;CCNA2;CENPF;SPC25;CNFN;C5orf34;FIRRM;GUCY1A2",-1.4061706356739494,0.015766284744387214,TRUE,
"TRAVAGLINI_LUNG_CAPILLARY_INTERMEDIATE_2_CELL",400,-0.24392871783229922,-1.2653228281195668,0.014127729984049507,0.02284350104325154,"RPS21;RPL23;ROMO1;RPLP2;PDAP1;RPS28;RPS24;POLR2L;NDUFA3;TAF15;ELOB;ATP5F1E;RPLP1;PRMT1;OST4;RPL37;RPL27;RPL31;NDUFS6;COX4I1;ARPC1A;NDUFS5;FAU;WDR45B;SLIRP;SNHG32;RPS11;RPS27A;MRPS18B;UBA52;RPL37A;CHLSN;RPL34;RPL38;POLR2F;RPS19BP1;TOMM7;TSR2;FIS1;RPL35;ATP5ME;PIN4;HPCAL1;ANP32B;SNRPD2;C22orf39;RPL27A;PAK4;CFDP1;RPS29;PRDX5;UQCRQ;COX6B1;PTPRN2;NAA38;NDUFA12;ATP5MJ;FKBP8;ARL2;MRPS18C;ATP5IF1;HNRNPH3;RPS12;SERF2;GUK1;MMP24OS;RTF2;GPX4;CHMP2A;FBXO21;ENSA;COX7C;HNRNPM;BAG1;PTMA;NEDD8;PTP4A3;RPL30;CDC26;COX6C;H2AZ2;BNIP3;COPS9;RBM17;GTF3A;DDIT4;TRAPPC1;MPG;RPL41;MRFAP1;DBI;GNG5;RPS26;TLE5;RWDD1;NDUFB9;COX17;TRIR;GPX1;ZBTB8OS;RNF181;HSBP1;CALR;NDUFA2;C9orf78;BLOC1S1;COX7A2;DDAH2;SUMO3;SRSF4;UBL5;YBX1;SEC61G;SSU72;NDUFA13;KIF1C;RPL36AL;TUSC2;MTIF3;SAP18;SELENOK;RPS7;RPL22;GATA2-AS1;COMMD6;IFI27L2;UQCR10;ANP32A;CARHSP1;NHERF2;SELENOW",-1.3023754481049514,0.011060169708292605,TRUE,
"DESCARTES_MAIN_FETAL_CORNEAL_AND_CONJUNCTIVAL_EPITHELIAL_CELLS",230,-0.26642946989889815,-1.295723527046071,0.014466130529546659,0.02333869058766861,"MED24;GARIN5A;HDAC11;ZNF576;COPG1;SPATA2;MMEL1;NOL6;CTU2;TMEM125;C19orf73;UMODL1;KDF1;PHKG2;RAB25;DMAP1;BNIP1;H2AJ;ABHD11;ZDHHC12;CLDN4;MHENCR;COMMD4;PUSL1;PLA2G4F;NUP85;NHP2;ZNF526;EMC4;METTL13;SRP68;NR2F6;MESP1;FOXD2-AS1;TMEM191A;CHMP2A;MIER2;NDUFB2-AS1;SPINT1;DNAJC19;ZNF629;ATP13A1;BAG1;RFT1;RNPEPL1;ADCK2;RHOV;SUPT7L;NXT1;FIBP;TMEM258;NFKBIB;NSUN2;TMEM11;DSG1;QARS1;ALG1L1P;DHX38;FAM83H",-1.010786385047048,0.4669005261839138,FALSE,
"LAKE_ADULT_KIDNEY_C6_PROXIMAL_TUBULE_EPITHELIAL_CELLS_FIBRINOGEN_POS_S3",166,0.3404842511191051,1.4715944009901887,0.014705886797471757,0.02367289094227161,"STAT1;GBP2;IL1R1;TNFSF10;RASSF4;AOX1;CNTN4;PARP14;PLAAT4;RNF19A;PLSCR1;HLA-E;PNRC1;AKAP12;ARHGEF3;GPX3;LRRK2;CTSL;WWTR1;GATM;CFI;NT5C2;GULP1;APOL6;TGM2;CLU;NRP1;TRPS1;UGCG;C6orf62;PHLDB2;DOK6;CTSB;FBXL7;SOD2;SSBP2;SKAP2;FCHO2;BTG1;MAML2;SPTLC3;CD59;CRYAB;TFPI;CDH6;RNF213;FAM135A;MAST4;CAB39;CLIC4;CTSH;NRG1;FOXP2;ATM",1.3585158640269197,0.053422756706753,FALSE,
"HE_LIM_SUN_FETAL_LUNG_C1_LATE_TIP_CELL",26,0.5229218801364854,1.5892407773331099,0.015209082353629047,0.024428747320209485,"CD36;ADH1C;TMEM163;DLG2;AQP1;SFTPA2;KCNJ5;COL6A3;ENG;ACOXL;C11orf96;LINC02038;FMN1;C16orf74;ADORA1;NAPSA",1.6030352148694327,0.037958634455224224,TRUE,
"GAUTAM_EYE_IRIS_CILIARY_BODY_SCHWANN_CELLS",88,0.38746259084530915,1.521142314601955,0.015412391346779067,0.02470065368159294,"IRF4;ARHGEF6;SYT11;PPP2R2B;KAT2B;LIPA;VSIR;ZNF532;APOL6;CFL2;HLA-C;UBE2D1;PPP3CC;HCFC2;MAP2;FRMD3;OPN3;ZC2HC1A;TAFA5;HYCC1;IFNAR2;CCP110;ROBO3;NTM;LYSMD2;CHRM3;RRAD;WDR47;CGRRF1;EPN2;PNISR;GOLT1B;COMMD3",1.5685956011354671,0.012788491938326506,TRUE,
"SU_HO_CONV_CENT_CHONDROSARCOMA_STROMAL_C4_CANCER_ASSOCIATED_FIBROBLAST",155,0.34724466691638467,1.492249097286653,0.016415004981471838,0.0262495454108999,"ABI3BP;COL14A1;CFH;MFAP4;IL1R1;LTBP2;CYP1B1;CCDC80;FGF7;CYBRD1;PTN;PDGFRA;TIMP2;ITGAV;FNDC1;FSTL1;SFRP2;SSC5D;FBLN1;MEG3;FRMD6;ADAMTS2;VAMP5;VCAN;CPXM1;GLIPR2;UGCG;FBN1;CTSB;PTX3;ADAM12;EMILIN1;FAP;COL8A2;SPON1;DAB2;MFAP5;LRRC15;MARVELD1;FKBP7;P4HA3;CDH11;ECM2;COTL1;DKK3;MRC2;CERCAM;KIAA1217;TMEM167A;TENT5A;FZD1;GPX8;SPATS2L;C1QTNF6;SEC31A;COL5A1;SPARC",1.7452350275401383,4.076425497587368e-4,TRUE,
"JONES_OVARY_MAST_CELL",46,0.44296876971657473,1.5287430781581433,0.016944502243848764,0.027036722261613636,"PLAC9;ERG;LDB2;DDR2;TIMP3;FBLN1;TNS1;RHOBTB3;CAV2;PALLD;RASL12;CD59;ADGRF5;TIE1;SEPTIN4;CRIM1;PALM2AKAP2;TSHZ2",1.7575148356010073,0.005735111893778641,TRUE,
"HE_LIM_SUN_FETAL_LUNG_C0_MYOFIBROBLAST_1_CELL",51,0.4304360097022787,1.5266609804887525,0.017433768137381605,0.027743163332943997,"IGF1;TMEM100;MYOCD;THBD;ZEB1;FENDRR;SLC26A2;CPED1;SLC4A4;MYH11;WNT11;PLPPR4;TAB2;HTRA1;JCAD;INTS6L;STC1;LEF1;PAG1;PCSK5;CXCL14;PTGER2;PROM1;MSANTD4;SLC9A6;MMGT1",1.7042532960071932,0.006963889108977482,TRUE,
"DESCARTES_MAIN_FETAL_PHOTORECEPTOR_CELLS",39,0.4610947161211745,1.5612581314975995,0.01746367168478706,0.027743163332943997,"GNGT2;MARCHF1;ATP1B2;PDE6B;PRPH2;PRKACB;PACSIN1;ANKRD33B;MREG",1.6178496830489062,0.03548789034166573,TRUE,
"BUSSLINGER_GASTRIC_CHIEF_CELLS",52,-0.38737819686841807,-1.4837418106130662,0.018710732253689025,0.029659370341000506,"DCXR;TMEM97;RPLP1;EEF2;P4HB;GPRC5C;PDIA2;PGC;CA9;IGFBP2;PRDX4;CST3;SSR4;AZGP1;ENAH;JUN;XYLT2;PABPC4",-1.1612032727042958,0.25370200497968814,FALSE,
"GAO_LARGE_INTESTINE_24W_C5_LGR5POS_STEM_CELL",60,-0.3844071808472467,-1.5252412127547266,0.019145542331044256,0.03028249179158634,"PPP1R1B;GDF15;HNF1A;RGMB;GOLT1A;GJB1;PCSK9;ARSL;FOXD2-AS1;ACAD10;EVPL;CLDN15;C6orf136;GATA6-AS1;RNF157;GPX2;CDCA7;SOX9;URB1-AS1;SLC27A2;EFNA3;ITPKC;ZNF296;DAPK2;CPA6",-1.4970093873543033,0.032613678358045135,TRUE,
"SU_HO_CONV_CENT_CHONDROSARCOMA_C0_CHON1",155,0.34082235608279243,1.4646498611946266,0.020033993164516335,0.03161886747269317,"CHI3L2;ZNF385D;CFH;MFAP4;EFEMP1;NLRP1;IRF1;NOVA1;ITIH5;EGR2;OSMR;FHL1;CHRDL2;GPC6;BOC;ELL2;WWTR1;DDR2;APOD;PDCD4;LEPROT;PDPN;NDN;CLU;BEX4;TRPS1;DNAJB4;PLXDC2;FRZB;RHOBTB3;CHI3L1;BTG2;FOSB;C5orf15;HIF1A;SDC2;SKIL;KLF10;PLD3;PPP1R3C;PLA2G2A;TIPARP;GEM;SMIM14;COMP;C11orf96;BCAT1;RNF13;THBS1;PAM",1.6393464963489925,0.0019593748171450797,TRUE,
"DESCARTES_FETAL_CEREBELLUM_ASTROCYTES",60,0.4194121501093513,1.5324082359366469,0.020280594711815897,0.03193863722511571,"ABCA8;CD38;RASGRP1;VCAM1;PTGFR;ID4;RAMP3;HHIP;GLI1;FGF10;CLU;SLC4A4;ENKUR;ADAMTS12;CYP26B1;LGR6",1.575098073960071,0.01790218012807381,TRUE,
"HU_FETAL_RETINA_MULLER",29,0.49965726578413844,1.556033272570447,0.021035723238319676,0.03305613651735949,"IRF4;ANGPTL1;TRIB2;RASSF4;VIM;ATP1A2;CLU;SLC1A3;SPON1;TTYH1;DKK3;NCAM1;ZFP36L1;PEA15",1.6562862582281297,0.012885017406239478,TRUE,
"DESCARTES_FETAL_KIDNEY_MESANGIAL_CELLS",28,0.49985652714731427,1.5399226249838158,0.02130008600792154,0.03339927093250764,"TCF21;MYOCD;SYNPO2;RERG;BDNF;LAMA2;CCN4;TYRP1;PALLD;KLHL13;COL8A1",1.6405512223261463,0.03161166825576956,TRUE,
"HU_FETAL_RETINA_RPC",91,-0.32650904242776035,-1.4030415181868197,0.021400526052271187,0.03347654113585142,"C19orf48P;CENPM;MCM3;HES1;MCM7;MEST;ODC1;UBE2C;AURKB;GINS2;MCM5;H2AZ1;ZWINT;RAN;TOP2A;MCM2;UHRF1;UBE2T;CKS2;CDCA7;HMGB2;HMGA1;CCNB2;PIMREG;GMNN;SNRPB;SNRPG;CKS1B;CCDC34;NASP;DAPL1;CKB;SCUBE3;FZD5;SRSF7;CCND1;MAD2L1;CENPF;NAP1L1",-1.5951516356951838,0.006481889371780722,TRUE,
"HE_LIM_SUN_FETAL_LUNG_C0_INTERM_CHONDROCYTE",58,0.4092815539871706,1.4789534880823687,0.02147395307775915,0.03347654113585142,"S100B;HAPLN1;CHST11;BOC;SUSD5;DOK5;HHIP;PRRX1;PRELP;FRZB;PLEKHG1;TYRP1;YPEL2;CTHRC1;CYP26B1;DAAM2;TTYH1;PDGFC;CDC42EP3;NEDD9;COL9A1;CRISPLD1;FOXP2;FIBIN;VSNL1;SOX5;COL15A1",1.5849148886097708,0.011018275883550645,TRUE,
"GAO_STOMACH_24W_C1_PROCRPOS_MULTIPOTENT_PROGENITOR",39,-0.42445259152453496,-1.514672290034976,0.021487697202901876,0.03347654113585142,"GPT2;TRAF4;DDX31;MTA1;NUDT8;PWWP2B;CDC45;INTS15;ZFP41;PPIH;DNAL4;ZNF143;UBE2S;SLC25A38",-1.487747490403624,0.04794798144966676,TRUE,
"CUI_DEVELOPING_HEART_5TH_WEEK_ATRIAL_CARDIOMYOCYTE",37,0.46246410796970117,1.5411361926426925,0.021624120581799428,0.0336169412042535,"C7;HAPLN1;LBH;CXCL12;EMCN;S100A4;SLIT2;HEY2;VCAN;PDGFD;LAMA4;FRMD3;OLFML3;MASP1;RAMP2",1.7846091734395388,0.006680809761441221,TRUE,
"HE_LIM_SUN_FETAL_LUNG_C7_SST_POS_NEURON_CELL",280,0.2911715403909463,1.3400119818541534,0.021975787809566962,0.034090645191764135,"POU2F2;KLRG1;CARMIL2;PLXNC1;SLC18A2;MARCHF1;RFTN1;PRKAR2B;TMEM255A;DCLK1;SCN3A;TMEM200C;PPP2R2B;CXCR4;EPB41L3;CORO1A;GNAO1;SH2D3C;GATA3;RCAN2;TOX2;VAT1L;CYGB;ARL4C;TRPV2;TMEM108;RASGEF1B;SLC8A1;EIF4E3;SYNPO2;HHIP;CNIH2;OSTM1;MAP6;FGF10;TMEM130;NRP1;KIF5A;ELMO1;SNX10;ISLR2;PTGER3;FECH;CLSTN3;RGS9;FAM110B;NOVA2;ENTPD3;SPOCK1;GNE;SV2A;KCNMA1;LAYN;TMOD1;SCN3B;TAC3;EID2B;AMPH;REEP2;GRK5;DOC2B;PIANP;SLC2A3;MEIS3;KLHL5;SEMA4D;MXRA7;TTC39C;CACNA2D3",1.6236220522624123,7.384808576402886e-4,TRUE,
"DESCARTES_FETAL_PANCREAS_MESOTHELIAL_CELLS",47,0.42908440819258764,1.4910851043082636,0.022082069223854712,0.0341824781588881,"GRIN3A;TFPI2;AOX1;WNT2B;INMT;CLIC5;BDKRB1;SCEL;KLK10;GFPT2;SERTAD4-AS1;ALOX15;GSDME;COL8A1;PLA2G2A;NFATC2;FGF1;FAM13A-AS1;NEK5;CCBE1",1.75234577714554,0.00576607702152462,TRUE,
"DESCARTES_FETAL_HEART_EPICARDIAL_FAT_CELLS",60,0.4147983853700311,1.5155509010135528,0.022581902175761462,0.034881831871495364,"IGHG4;C3;TNFRSF8;EFEMP1;IGFBP5;FMO1;WNT2B;BDKRB1;SLC4A4;ADAMTS3;SCEL;KLK7;CCNYL1;KRT7;ITLN1;GFPT2;PLEKHH2;PLA2G2A;FAM83A",1.5818509393873916,0.017157759732221795,TRUE,
"DESCARTES_FETAL_STOMACH_MESOTHELIAL_CELLS",20,0.5576881845398837,1.61371189994003,0.02263046943602221,0.03488263441730813,"C3;RSPO3;TFPI2;AOX1;WNT2B;SULF1;BDNF;GFPT2;COL8A1;HHIP-AS1;BST1",1.8566760173666341,0.004656846319603512,TRUE,
"HE_LIM_SUN_FETAL_LUNG_C0_MYL4_POS_SMC_CELL",111,0.3603564022572789,1.4708074033364553,0.023207090462328252,0.035695651855191336,"IGF1;CAVIN2;ASB2;GBP2;GREM2;MYOCD;COL23A1;NFATC1;ADAM19;ZEB1;FENDRR;IRAG1;SYNPO2;HHIP;SSC5D;CAP2;SPSB1;MYH11;GNPTAB;TYRP1;ANOS1;ISM1;MSRB3;LMOD1;PDGFC;CDC42EP3;CDH6;HTRA1;CARMN;ITGA11;PRKAG2;CHRM3;FOXP2;KCNMB1;SORBS1",1.9010480935135556,8.440300151971351e-5,TRUE,
"DESCARTES_FETAL_EYE_CORNEAL_AND_CONJUNCTIVAL_EPITHELIAL_CELLS",212,-0.26653460697176445,-1.2810408575325722,0.024336722397346307,0.03735403902848503,"STARD10;ERBB2;HDAC11;ZNF703;GDF15;SPATA2;MMEL1;CLDN3;KRT15;WFDC2;CYB561;PPDPF;RAB25;TMEM184A;H2AJ;SDC1;ABHD11;ZDHHC12;NANS;IRF2BP1;ST14;CLDN4;MHENCR;SERINC2;GFUS;STAP2;NHP2;WNT4;RASSF7;B3GNT3;ESRP2;NR2F6;SDC4;TMEM191A;CHMP2A;EVPL;TFF3;SPINT1;ZNF629;KCP;RNPEPL1;RHOV;BSPRY;EPS8L2;MUC5B;TMEM54;S100P;MYH14;FAM83H",-0.9687782152388903,0.6551183431952663,FALSE,
"ZHONG_PFC_C2_SOX5_BCL11B_POS_EXCITATORY_NEURON",25,0.5245464002410556,1.5780048331773406,0.026611845546247907,0.04075991533032907,"LSAMP;IGFBP5;THSD7A;PDE1A;LMO3;SSBP2;MASP1;VSNL1;SOX5;CAV1",1.523799618009098,0.050868645610506226,FALSE,
"ZHONG_PFC_C1_NEUROD1_POS_EXCITATORY_NEURON",20,0.5422275601308553,1.5689754427566374,0.028401920706949357,0.04341009354367417,"ZFPM2;THSD7A;CALB2;PCDH9;HEY1;AKT3;HPCA",1.3269769523993815,0.153035413153457,FALSE,
"HE_LIM_SUN_FETAL_LUNG_C0_EARLY_FIBROBLAST",74,-0.3467949519978691,-1.4192338427355804,0.029613383284808496,0.045166630808342365,"CENPM;CDT1;MCM7;BID;SDC1;SERINC2;BIRC5;CHAF1A;UBE2C;AURKB;ORC6;UCK2;GINS2;CDC20;ZWINT;TOP2A;UQCRHL;KPNA2;UHRF1;PSAT1;UBE2T;CKS2;CDCA7;HMGA1;CCNB2;PIMREG;LMNB1;GPC2;KRT18;NNAT;KIF20A;CDCA5;HNRNPA1L2;CCNB1;CTPS1;MAD2L1;KRT8;BCL11A;CCNA2;CENPF;SPC25;MSMO1;ZNF93",-1.5545931654775669,0.021352931122396588,TRUE,
"CUI_DEVELOPING_HEART_ENDOCARDIAL_CELL",49,0.4145984839479449,1.4588004576881233,0.029918542005761713,0.045536397266631036,"TMEM100;ITGA8;PLAC9;KLHL4;FOXC1;F2RL2;SRPX;EMILIN1;CTHRC1;OLFML3;ENG;CDH11;COL18A1;TFPI;IL33;LEPR;MASP1;PCDH7;SCARA3;EPHA4;NPR3;PLA2G5;FXYD6;ST6GALNAC3;NT5E;CLEC11A;ADGRG6;POSTN",1.7357545079327155,0.006706618965140597,TRUE,
"TRAVAGLINI_LUNG_SIGNALING_ALVEOLAR_EPITHELIAL_TYPE_2_CELL",56,0.4092768405164781,1.4749949196838232,0.030383989594289135,0.04614806787751865,"C16orf89;RFTN1;CD74;LAMP3;CPM;LMO3;DLC1;LRRK2;DRAM1;PCDH9;TXNIP;HOPX;SFTPA2;SECISBP2L",1.4779677192980647,0.037958634455224224,TRUE,
"HE_LIM_SUN_FETAL_LUNG_C2_GMP_CELL",26,0.49387468244066424,1.5009618339593758,0.030887763404428843,0.0468152739699694,"RGL4;NKG7;CST7;HERC5;ARMH1;HGF;MEG3;RNASE2;SERPINB8;DEFB1;C16orf74",1.4050846998596906,0.10273261847111727,FALSE,
"ZHONG_PFC_C9_ORG_OTHER",72,0.38996388542657817,1.4735025721902166,0.03216000933678389,0.04864201412188563,"FAM107A;LIFR;MOXD1;LITAF;CXCR4;ATP1B2;PTN;STOM;ATP1A2;GPX3;GATM;AXL;PLPP3;PDPN;NDN;CLU;SLC1A3;HOPX;PDLIM3;GNG12;TTYH1;DKK3;FOLH1;TMEM9B;NTM;PEA15;NRG1",1.682337027893123,0.005052596059865416,TRUE,
"ZHONG_PFC_C4_PTGDS_POS_OPC",129,0.3305130066477676,1.3794413779613788,0.03253193538618398,0.049102255905134236,"PPP1R16B;ANKRD44;RAB33A;ADAM23;SGK1;EVI2A;STAT2;PTGDS;LRRN3;SNX22;LSAMP;MYO5A;FYN;SYNDIG1;CPM;TMEM108;RASGEF1B;ANGPTL2;FAM13C;SEL1L;CLDN11;SGPL1;FRMD4A;MTMR9LP;APPL2;TMOD1;RNF144A;FRMD4B;SEMA4D;PCDH7;TCF7L2;NTM;RICTOR;REEP3",1.4818149375132332,0.03028951567079631,TRUE,
"DURANTE_ADULT_OLFACTORY_NEUROEPITHELIUM_UNSPECIFIED",32,-0.45694806458020565,-1.573525411313266,0.032700900196917085,0.04925488286921536,"TUBB4B;ALDH3A1;PRDX5;ATP5IF1;H2AZ1;SPMIP6;TUBA1B;CIB1;DYNLL1;CKB;CIMAP3;NQO1;TUBB;CALM1;TPPP3;CAPS;PTTG1;DYNLT1;MORN2;S100A2",-1.6028773339103481,0.03444080712341209,TRUE,
"GAUTAM_EYE_CORNEA_ELF3_HIGH_EPITHELIAL_CELLS",143,-0.2856451293672656,-1.3153346506644663,0.0329655640840918,0.04955072365434916,"PEBP1;COMT;WNK2;POLR2I;MIEN1;ATP5F1E;CCDC12;FSIP1;LSM4;COA3;NDUFB7;TMEM141;COX7B;PFN2;COX14;UQCRQ;ATP5MF;ATP5MJ;ZFYVE21;COX6A1;SLCO3A1;NDUFB2;CHMP2A;EVPL;SPINT1;BAG1;TAGLN2;COX6C;DNAJB2;PSAT1;RAPGEFL1;PLP2;NDUFB9;COX17;JUN;ANXA11;SRD5A1;UBL5;PNKD;SELENOK;SREBF1;MACROH2A1;NDUFB3;IDI1;METTL17;EMP2;TXN;ERBB3;MOCS2;RAB40B;REEP4;MKRN1;NQO1",-1.2598062252149447,0.0719584907995858,FALSE,
"DESCARTES_FETAL_HEART_SMOOTH_MUSCLE_CELLS",32,0.4704646966173507,1.517053846311648,0.03334381920790888,0.05001572881186332,"CYGB;AOC3;MYH11;LMOD1;ABCC9;LGR6;PDGFRB;CARMN;FOXL1;ACTA2-AS1;C11orf96;THBS4;PLA2G5;TAGLN;KCNJ8;SEMA5B;ARHGEF17;ACTA2;NOTCH3;RGS16;FOXS1",2.0996107404403883,1.2617922829194869e-4,,
"DESCARTES_FETAL_KIDNEY_URETERIC_BUD_CELLS",205,-0.26279095865671853,-1.2606734735413188,0.0346626843459024,0.05188682234046422,"RBBP8NL;LCN12;MIR200CHG;SPR;PKP3;KRT15;TMEM125;GOLT1A;TMEM184A;ELMO3;LYPD6B;SDC1;RAB17;ST14;DEGS2;CLDN4;OVOL1;FSTL4;CCNO;RNF43;PLA2G4F;LAMB3;B3GNT3;CBLC;ESRP2;LAD1;CFAP157;EVPL;CIMIP2C;SPINT1;MAP3K21;CYP4F11;BSPRY;MOGAT3;PAK6;FA2H;S100P;MAOA;GPX2;PROM2;MYH14;EPN3;FAM3B;SMIM22;PPFIBP2;PTK6;UPK3A;DHRS2;TTC39A;IRF6;KRT18;SYT8;CYP2J2;BICDL2;LEAP2;TMEM238L;SSH3;UGT1A6",-1.158844384990227,0.1590897597977244,,
"DESCARTES_MAIN_FETAL_DUCTAL_CELLS",50,-0.3753119017045422,-1.4333022148683257,0.03611877679223699,0.05395520977605772,"MNX1;PPP1R1B;KIF12;TMEM141;PUF60;SUCLG1;RASSF7;MPND;ZBED3;FBXO21;NEURL1;LZTS3;NRTN;GREP1;CHDH;ANXA4;GMNN;FGFR3;MNX1-AS2;H3-3B;LRRC75B;ATP1A1;ACBD4;GPR3",-1.3694239562115427,0.08152271979995443,,
"GAO_SMALL_INTESTINE_24W_C9_ENTEROENDOCRINE_CELL",36,0.45687353952011367,1.5102237250859385,0.036239830921846516,0.05402488141531945,"MADCAM1;GFRA2;PPP1R18;RTL5;AOX1;MSC;FAM162B;DPT;FBXL7;ISLR;SHISA3",1.7182780954612435,0.009730564614806387,,
"GAUTAM_EYE_CHOROID_SCLERA_CHOROID_ENDOTHELIAL_CELLS",139,-0.29299504595468673,-1.335860943766909,0.03800765916060081,0.0564408767752755,"RPL19;RPL23;EIF4EBP1;RPL12;RPL7A;PPFIA3;LSM4;SARS1;STARD3;SPR;NACA;FAU;RPL23A;ACTG1;RPS11;RPS16;RPL18;RPS19BP1;ATP5ME;RPIA;RPL4;NUDC;EIF3K;PPIB;H2AZ1;RPS12;RPL13A;FLOT2;NDUFC1;FUS;LRP11;RPL30;PALD1;RPS9;GNG5;RPS26;CALR;RPL7;TMEM255B;HID1;NOL4L;F11R;EEF1D;SELENOK;MGST3;RPL22;SMAGP",-1.3080579814194282,0.037958634455224224,,
"HE_LIM_SUN_FETAL_LUNG_C1_LATE_AIRWAY_PROGENITOR_CELL",20,0.5304995355285183,1.5350395384498334,0.03801596245607399,0.0564408767752755,"CFH;ICAM1;LMO3;CLIC5;ANXA1;LIPH;PCDH7;ANTXR2;CYTL1;NTN1;RAB27B",1.5053505370314118,0.05566216069019367,,
"DESCARTES_MAIN_FETAL_OLIGODENDROCYTES",25,0.5096038901105358,1.5330529410379117,0.03850245557708408,0.05698734286791475,"PPP2R2B;NOVA1;FYN;PDE4B;PDGFRA;GRID1;RNF144A;CHAD;COL9A1;EPN2",1.517967249004844,0.052392454801749845,,
"MANNO_MIDBRAIN_NEUROTYPES_HPROGFPL",284,-0.24451027186021582,-1.22685373550999,0.03854102665033904,0.05698734286791475,"RCN1;SIVA1;DIS3L2;LSM4;MCM3;VSTM2L;HES1;RPL23A;EPHB2;PHGDH;SPAG5;MYBL2;KIF22;CDC25A;MCM7;SDC1;NAXE;FOXA2;AURKA;MEST;RPS19;RANBP1;BIRC5;PRR11;CHAF1A;UBE2C;AURKB;GPRC5C;C21orf58;GINS2;TROAP;IGFBP2;TK1;CDCA3;PLK1;ZWINT;FAM83D;CELSR1;TOP2A;TFF3;MCM2;TCF3;TPX2;JPT2;SRF;CDCA8;PTPRO;LMNB2;PIF1;TACC3;FZD3;RCOR2;RPS14;PSRC1;UHRF1;UBE2T;GNG5;CDKN3;KIF4A;NCAPH;CENPW;MSI1;HMGB2;HMGA1;CCNB2;PIMREG;LMNB1;GTSE1;GPSM2;TIMELESS;GMNN;KNSTRN;SNRPB;PRC1;CKS1B;CDCA5;EEF1D;H2AX;SGO1;BRCA1;HJURP;CRB2;AK4;RFC3;FAM72A;LRATD2;CHEK1;CENPV;CCND1;RRM2;SKA3;CCNB1;MAD2L1;KIF2C;SFXN2;DOK1;CCNA2;KIF23;FREM1;CENPF;FANCI;RPA3;SPC25;GINS1;NEK2;CDC25C;FANCB;MID1;EZH2;CDK2;NKD1;TRIM59;DHFR;CTNNAL1;HK2;NCAPD2;GPC4;MCM6;MKI67;CEP152;TOX3;BARD1;CENPE;PTTG1;CHN2;MACROH2A2;ATAD5;KIF15",-1.3896661776215173,0.002972477330648484,,
"HE_LIM_SUN_FETAL_LUNG_C0_MESENCHYMAL_3_CELL",148,0.3144049380693009,1.3382293534330318,0.0390015600624025,0.05755108253110612,"ITM2A;CD74;LINC02381;RSPO3;FLRT2;SERPINF1;RAC2;PTGIS;CNTN4;RELN;ZEB1;LDB2;MCC;HGF;CFI;TENM4;PRRX1;PDPN;SPSB1;SH3BP5;ADAMTS10;EDN3;UCHL1;C2orf88;PTX3;ANOS1;MN1;PDGFD;ZFHX4;DACT1;CTHRC1;INHBA;MXRA5;TMEM200A;CRABP2;CDC42EP3;MEIS3;DOCK11;EBF2;TIPARP",1.734690069350677,0.0010340725655767584,,
"GAO_SMALL_INTESTINE_24W_C7_SECRETORY_PROGENITOR",34,0.45718099017944747,1.5001653516814941,0.04073600236849243,0.05998851464406796,"POU2AF1;BANK1;SV2B;GNAO1;EVC2;MX1;OGFRL1;GLIS3",1.5748082678035016,0.040357108531992855,,
"AIZARANI_LIVER_C17_HEPATOCYTES_3",62,0.38969020825318157,1.426265771344326,0.04280821917808219,0.0629124840552382,"ADH1B;C3;TNFSF14;C1S;SERPING1;CFH;APOC1;SERPINF1;SAA1;CP;APOE;C1R;ABCA1;RARRES2;UGT2B7;CLU;ITIH3;IGF2;NNMT",1.5608582105054538,0.0306794354441533,,
"DURANTE_ADULT_OLFACTORY_NEUROEPITHELIUM_RESPIRATORY_CILIATED_CELLS",108,-0.3030952632212452,-1.3407147175682013,0.04503616731742349,0.06605304539888779,"POLR2I;TUBB4B;GDF15;ALDH3A1;NUDC;PRDX5;FABP6;ATP5IF1;SPMIP6;IGFBP2;DNPH1;TFF3;DRC12;UFC1;B9D1;DPY30;CCDC170;LRRC23;FOXJ1;SMIM22;HSBP1;DPCD;CIB1;MUC5AC;CFAP298;DYNLL1;KIF9;CCDC78;TSTD1;WDR54;SPAG16;CES1;FAM174A;CKB;TXN;CIMAP3;DNALI1;CDHR3;NQO1;CYSTM1;CFAP45;IK;TPPP3;CAPS;ELF3;IFT172",-1.2872731502613017,0.08115147880428822,,
"JONES_OVARY_THECA",42,0.4242633198816352,1.4525630948570403,0.04591836734693878,0.06721115865701119,"LSP1;CHST2;CILP;APOC1;APOE;CALB2;UCHL1;IGF2;BGN;LAMA4;ADAMTS12;PTCH2;THY1;PAPSS2;COL1A2;SPARC;COL15A1;COL3A1",1.5797751057674314,0.040710242865146386,,
"DESCARTES_FETAL_THYMUS_THYMIC_EPITHELIAL_CELLS",174,0.3039802573661423,1.3137819692281214,0.04754601226993865,0.0694535310019627,"CD274;SLCO2A1;PAPLN;CLIC6;CNTN3;FAM20A;CLEC1A;SYNDIG1;SYNE1;SNX29;PKNOX2;HSPB8;SDK1;FAS;EPB41L4A;LMO3;SORCS2;TMEM163;MAPK10;SYNPO2;RBMS3;ANGPT1;SLIT3;IQSEC3;CAP2;TRPM6;FAT2;SLC36A1;KCNJ5;SPOCK1;AFAP1L2;FAM83B;NPTX1;BNC2;PNMA8A;ADGRG2;DSC2;CMYA5;CYP26B1",1.3957847997049337,0.03984474866154805,,
"RUBENSTEIN_SKELETAL_MUSCLE_T_CELLS",180,0.3038075181614125,1.313989459948239,0.047839506172839504,0.06974193068570578,"TRAF3IP3;CD3G;CD2;CD3E;LTB;PTPRC;CD48;SELL;CD37;CD52;CD3D;FYB1;CD69;LIMD2;GIMAP4;GMFG;EVL;LAPTM5;ETS1;IL7R;CD7;ARHGDIB;LCK",-1.5881217448658798,6.315526588549714e-4,,
"DESCARTES_MAIN_FETAL_BRONCHIOLAR_AND_ALVEOLAR_EPITHELIAL_CELLS",21,0.49946084248459865,1.4558959719676385,0.050359712230215826,0.07326883983794927,"BMP3;CPM;CRLF1;AGER;SUSD2;ACOXL;BAMBI;NPC2;KCNJ15;HAS3",1.413868754191302,0.09504802534103102,,
"DESCARTES_FETAL_HEART_VISCERAL_NEURONS",38,0.4327939863827905,1.4487751552345922,0.052083333333333336,0.075625,"RAB39B;TMEM255A;CHGB;NEFH;C14orf132;STAC;MAB21L2;TMEM130;RGS9;KCNK12;PIANP",1.655110880888355,0.0242922830661553,,
"HE_LIM_SUN_FETAL_LUNG_C7_PCP4_POS_NEURON_CELL",34,0.4401928963355238,1.4444216739626,0.05400696864111498,0.07826159527634627,"SLC18A2;PLCB2;GNAO1;GATA3;TRPV2;SLC8A1;TMEM130;ELMO1;ENTPD3;TMOD1;SCN3B;KLHL5;CHRM3;SNCG;RGS4;HRH1",1.7374845490036381,0.012565298154823193,,
"GAO_STOMACH_24W_C5_PUTATIVE_PIT_CELL_PROGENITOR",48,0.4023964167031305,1.4112262921451402,0.05593220338983051,0.08088999932473497,"GBP2;RSPO3;TNFAIP8;RTL5;HSPB8;OLR1;BCL2;CFL2;TMEM47;DIXDC1;SLC24A3;FBXO32;LDB3",1.556514550496756,0.028054756628412898,,
"HE_LIM_SUN_FETAL_LUNG_C3_PRIMITIVE_ERYTHROCYTE",84,0.3476256481384542,1.349755421935753,0.05638474295190713,0.08138235265026755,"PIM2;GNG2;ST8SIA1;GRAP2;SNX22;CA2;ATP1B2;SCPEP1;PTGS1;TSPAN32;ELL2;MT1M;C11orf21;RIPOR3;CPED1;RGS10;ERMAP;C2orf88;UCA1;TMOD1;MRC2;ACSM3;TMSB15A;ANK1;APOBEC3C;MAP1A;SPECC1",1.6804029793701714,0.005031704068380156,,
"DESCARTES_FETAL_SPLEEN_VASCULAR_ENDOTHELIAL_CELLS",37,0.4215287044085213,1.4047212127526163,0.05944055944055944,0.08562271062271062,"CYYR1;THSD7A;ERG;CALCRL;ADGRL4;KLHL4;TRPM6;FAP;RGS7BP;CHRM3;FGF12;ADAMTSL1;AFAP1L1;SNCAIP;KIAA1671;RAPGEF5",1.3167540108024258,0.15485478855372317,,
"BUSSLINGER_GASTRIC_NECK_CELLS",29,-0.41858073807941903,-1.3963825958908818,0.06164383561643835,0.08862064288620643,"COL11A2;PPP1R1B;RGMB;KCNN4;PDIA2;PGC;ERGIC1;HDLBP;CST3;RRBP1;NOP53",-0.9499560265727645,0.6142131979695431,,
"DESCARTES_FETAL_EYE_GANGLION_CELLS",15,0.5432218924366684,1.42634684756575,0.0625,0.08967391304347826,"EOMES;RAB37;TMEM163;KIF5A;ISLR2;GRASLND;SYT2;IL12A",1.4132946862839206,0.105492232881758,,
"DESCARTES_MAIN_FETAL_TROPHOBLAST_GIANT_CELLS",95,0.33491859435925164,1.323021121035666,0.0628099173553719,0.08994082840236688,"MAN1C1;CLIP4;IGHA1;KYNU;GPNMB;HSPB8;SVEP1;ADAMTSL4;PLCL2;FBLN1;RHOBTB3;HOPX;SEMA7A;PHLDB2;TINCR;ISM1;DAB2;GRAMD2B;VGLL3;TRIM40;SPTLC3;AFF1;CRIM1;BPGM;GLDN;TENT5A;C16orf74;POU2F3;NECTIN3;PTPN21;STS;ZNF117;EFHD1;MYLIP;RYBP;STK3;ALDH3B2;LY6G6C;KATNBL1;LYPD5;ST3GAL4;FNDC3A;TREML2",1.3396673617228796,0.08625758463289825,,
"FAN_OVARY_CL1_GPRC5A_TNFRS12A_HIGH_SELECTABLE_FOLLICLE_STROMAL_CELL",379,-0.22286127448221044,-1.1617878191542879,0.06546087010283201,0.09355234585562212,"TOMM40;RPL8;RPL7A;GRPEL1;RACK1;FBL;TUBB4B;SARS1;CCT3;SAFB;NACA;ATG101;EIF3I;RPLP0;SLC1A5;EEF2;AHSA1;ACTG1;HSPE1;GPATCH4;PA2G4;SNHG32;EWSR1;RRS1;RPL18;IARS1;NCL;ATF4;NOP16;HSPA9;WDR1;SAFB2;RPL4;CHMP4B;HNRNPAB;RNPS1;RPL7L1;HNRNPU;IMPDH2;HSPD1;NME1;DUSP14;LRRC59;ZNF207;DKC1;RPS5;WDR74;SNU13;HNRNPH3;H2AZ1;SLC3A2;RPL13A;SNHG15;MRTO4;HNRNPA2B1;CCT6A;HNRNPA0;RAN;HNRNPM;TARDBP;ENO1;EIF3J;NOP53;NXT1;RPL10A;STIP1;RPS9;EIF4H;CCT5;MTHFD2;HSP90AB1;GTPBP4;RPSA;HNRNPF;HNRNPA1;KPNA2;RPL5;NOP56;GNL3;MRFAP1;TSPAN5;EIF3A;SERBP1;NGDN;TRIR;WDR43;ELOC;YWHAG;DNAJC2;EIF4A3;YBX1;CCT2;SNRPB;RPL14;TNFRSF12A;GADD45A;XRCC6;PEG10;SAP18;H2AX;CCDC47;OSER1;NOLC1;COLEC11;NASP;NAA20;ILF2;EMP2;UBB;STRAP;TOP1;RNF10;RSL1D1;HNRNPA3",-1.2864179386339762,0.010877860646118592,,
"HE_LIM_SUN_FETAL_LUNG_C2_PROMYELOCYTE_LIKE_CELL",38,-0.3805438165905741,-1.354686503190644,0.06572769953051644,0.093653250773993807,"CENPM;NT5DC2;PHGDH;CDT1;SLC2A4RG;MCM7;UBE2C;GINS2;IGFBP2;TK1;TOP2A;MCM2;S100P;UHRF1;RRM1;TIMELESS",-1.5021921810301653,0.03787001799747685,,
"ZHENG_CORD_BLOOD_C3_MEGAKARYOCYTE_ERYTHROID_PROGENITOR",92,0.33857947081686246,1.3342152738549395,0.06578947368421052,0.093653250773993807,"CD40LG;CSF2RB;HDC;PIP4K2A;PRKAR2B;ZEB2;CSF1;CD36;APOC1;TRIB2;CNRIP1;S100A4;PHTF1;PDCD4;FECH;EMP3;NECAB1;MYH10;MBD4;ACSM3;ANK1",1.2693885076886267,0.13175189578067276,,
"CUI_DEVELOPING_HEART_COMPACT_ATRIAL_CARDIOMYOCYTE",15,-0.5235886179075371,-1.4876712968711803,0.0673469387755102,0.09568273493350374,"RPL31;RPL13;GAPDH;RPL27A;RPL18A;RPL7;YBX1",-1.5139088883941023,0.08813814756671899,,
"DESCARTES_MAIN_FETAL_ASTROCYTES",19,0.49405799577711007,1.4042880852918211,0.06776556776556776,0.09608945741758242,"ST8SIA1;PTN;BOC;ATP1A2;RFTN2;CYP26B1;LGR6",1.3267236673636431,0.16421373093816768,,
"DESCARTES_FETAL_INTESTINE_LYMPHATIC_ENDOTHELIAL_CELLS",21,0.4826916791320369,1.407014948068323,0.0683453237410072,0.09672262190247803,"CCL21;ADRB2;MMRN1;PLSCR4;TBX1;FLT4;LINC01948;TFPI",1.3615246243922965,0.12867967446051135,,
"DESCARTES_FETAL_PANCREAS_ENS_NEURONS",65,0.36139374682496495,1.3364584351320603,0.0730050933786078,0.10311614356589352,"ANK2;VIP;UNC5C;MIAT;VAT1L;NEFH;CACNA1E;OLFM1;MLLT11;KIF5A;ISLR2;ZNF843;UCHL1;PCDHB2;HECW1;MAP1B;DPYSL3;DRAXIN;STMN2;NRG1",1.5495493221244458,0.0236633908618723,,
"DESCARTES_FETAL_LUNG_VISCERAL_NEURONS",78,0.3431309538734533,1.3199114345455618,0.07603305785123966,0.10718446601941746,"CHL1;BHLHE22;VIP;PPP2R2B;NGFR;VAT1L;CACNA1E;OLFM1;ZNF382;TMEM130;MLLT11;KIF5A;PDZD4;GPR85;TMOD1;HECW1;HAND2-AS1;TTYH1;MAP1B;CDH6;DRAXIN;FGF1;STMN2;KCNB1;SCUBE1;PCDH19;TRIM9",1.5561171886110197,0.022861681151675126,,
"HE_LIM_SUN_FETAL_LUNG_C1_EARLY_AIRWAY_PROGENITOR_CELL",31,0.42936656652471394,1.371088807690017,0.07773851590106007,0.1093762840003287,"MOXD1;TBX1;HSPA6;MEG3;TMEM47;ALPL;MITF;PCDH17;FRMD3",1.387527564344699,0.1014286755594431,,
"FAN_EMBRYONIC_CTX_NSC_1",15,0.5288725850463689,1.388669630123171,0.078125,0.10970744680851063,"MEF2C;CCDC80;ZEB1;VIM;RARRES2",1.5407668725519554,0.03684443827290073,,
"DESCARTES_FETAL_PANCREAS_DUCTAL_CELLS",81,-0.30507371844602804,-1.2822084641759917,0.07960199004975124,0.11156572350602202,"WNK2;PPP1R1B;LYPD6B;SDC1;DEGS2;ANXA13;PLPP2;LAD1;RHOV;PART1;LINC02532;PPARGC1A;NRTN;SLC5A9;GREP1;HOGA1;ANXA4;GMNN;FGFR3;SYT8;LINC01186;CDX2;FUT3;RHPN1-AS1;SCNN1A;HKDC1;ATP1A1;SHANK2;ANXA9;NUAK2;POU5F1;SOWAHB;CAPS;CLDN9;ELF3;FUT6;OGDHL",-1.186094937430473,0.18828716385975716,,
"ZHONG_PFC_C4_UNKNOWN_INP",79,-0.3121095379907002,-1.301766532624664,0.0829145728643216,0.11598454701251924,"POLR2H;POLR2L;DANCR;ELP6;UBAP2;TIMM50;MEST;SERINC2;PCBP4;MRTO4;ATP6V0E2;EXOSC1;OCIAD2;MTHFD2;DDIT4;GNL3;SNHG8;UBE2I;COX17;HSPA5;LINC02487;CFAP298;MRPL42",-1.1799269347398582,0.21717611225932776,,
"DESCARTES_FETAL_HEART_LYMPHATIC_ENDOTHELIAL_CELLS",29,0.44231847324554774,1.377468734218259,0.08333333333333333,0.11634615384615384,"ANKRD36BP2;CCL21;TBX1;ADGRG3;MFSD4A;FLT4;PTX3;P4HA3",1.4095247855921376,0.09633282314604522,,
"BUSSLINGER_GASTRIC_IMMATURE_PIT_CELLS",157,-0.2631636483625163,-1.2150001335672012,0.08620689655172414,0.12012707657687473,"ARPC1A;ALDH2;ACTG1;ALDH3A1;FOXA2;FAM120A;CBR1;BLVRB;HSPB1;COX8A;GALE;JUP;GALNT6;JPT1;CYP2S1;TAGLN2;PLXNB2;TESC;TMEM54;GSTP1;FA2H;S100P;GPX2;KDELR2;CLIC1;ACTB;DYNLL1;ANG;CES2;ACTN4;KRT18;MGST3;RBM47;PFN1;MANF;SULT1C2;TXN;CFL1;CTNNA1;LMNA;SMPD3;CCND1;FHL2;SPINT2;KRT8;NQO1;FOXQ1;KRT19;ITGB4;CYSTM1",-1.0226634238291625,0.4669005261839138,,
"DESCARTES_FETAL_CEREBRUM_OLIGODENDROCYTES",28,0.44265975010860403,1.3637148408407735,0.09156193895870736,0.1273447656782022,"FCRLA;CHRM3-AS2;PDGFRA;APOD;CLDN11;CHAD;GDNF;CHRM3",1.5297779381487933,0.061892456933432004,,
"DESCARTES_FETAL_CEREBELLUM_OLIGODENDROCYTES",41,0.393143961630954,1.3375604689109943,0.09342560553633218,0.12968831667184927,"TMEM100;HAPLN1;FMO3;PDGFRA;MSC-AS1;APOD;CLDN11;PRKCQ;CHAD;MYBL1;GDNF;PRKG2;B3GNT7;KLRK1-AS1;PID1;ART3",1.3496999365433897,0.11889124476392407,,
"DESCARTES_FETAL_HEART_SCHWANN_CELLS",31,0.42232123636617286,1.3485910771260314,0.09363957597173145,0.12973727510587219,"S100B;TSPAN11;KCNJ10;ITIH5;ALDH1A3",1.4470881247350296,0.07601370645345516,,
"DESCARTES_MAIN_FETAL_CCL19_CCL21_POSITIVE_CELLS",190,0.278377578591844,1.2249044194400367,0.09544787077826726,0.13199076987623243,"CR2;CXCL13;ADAMDEC1;ADH1B;RBP5;C7;VCAM1;C1S;CCL2;PTGDS;CSF1;LAP3;ICAM1;TYMP;TNFAIP3;MSC;FGF7;CNRIP1;IGDCC4;CXCL12;PNRC1;IFIT2;TNFSF11;SOCS3;PRRX1;NFKBIZ;KCNE4;ANKRD29;MRGPRF;CTSF;HLA-J",1.401924988681358,0.03161166825576956,,
"DESCARTES_FETAL_PANCREAS_SMOOTH_MUSCLE_CELLS",31,0.42067639675355806,1.343338639327823,0.09717314487632508,0.1341211087076274,"FOXF2;BMP5;AOC3;PLN;FAM162B;MYH11;NPTX1;RGS5;SEPTIN4;CARMN",1.9288557983246915,0.0010981263464177272,,
"DURANTE_ADULT_OLFACTORY_NEUROEPITHELIUM_RESPIRATORY_SECRETORY_CELLS",20,0.47224641800883105,1.366479845854443,0.09747292418772563,0.13427958815994082,"LTF;NCOA7;ANXA1;KRT7;LYZ;CXCL1",1.2550315850973706,0.2385782851212868,,
"MENON_FETAL_KIDNEY_0_CAP_MESENCHYME_CELLS",88,-0.29037819840618756,-1.237100261278302,0.09848484848484848,0.1353728637012461,"PPM1G;CUX1;CHD4;MCM7;NCL;SNRNP70;ANP32B;ILF3;BAZ1B;TOP2A;PTMA;SF3B2;PRXL2A;SMC1A;ENAH;NOP56;EIF3A;HMGB2;CCDC14;RPS4XP6;BRD3;NNAT;PEG10;NASP;DNMT1",-1.8025265015011793,5.817208996937748e-4,,
"HE_LIM_SUN_FETAL_LUNG_C7_FGFBP2_POS_NEURAL_PROGENITOR_CELL",42,0.3919746990638759,1.3420155721610059,0.09863945578231292,0.1353728637012461,"TMEM100;VIP;MFAP4;ARHGAP31;TMT1A;SELENOP;EPAS1;AQP1;FRZB",1.525865436549735,0.0689310000601832,,
"HE_LIM_SUN_FETAL_LUNG_C0_MYOFIBROBLAST_3_CELL",23,0.4527839827756505,1.3477195353426241,0.10431654676258993,0.1428939866974345,"C16orf89;PTHLH;SLC26A2;LINC00839;SNED1;PLPPR4;STC1;VSNL1;CXCL14;PTGER2;SAMD5;PROM1",1.4107869865426121,0.11245967962385872,,
"HAY_BONE_MARROW_CD34_POS_HSC",98,0.31557665028101745,1.2571876254946242,0.10474631751227496,0.14309751360498432,"FAM30A;GSTM5;NKX2-3;CYYR1;SULT1C4;NAP1L3;TMEM163;MYCT1;ZNF521;EMCN;CD34;ARMCX1;IL18;BEX4;ELMO1;GUCY1A1;RASSF9;UCHL1;CTSF;PCDH17;ROBO4;MSRB3;C3orf80;EHD2",1.4300010936070557,0.034322908604246416,,
"FAN_OVARY_CL2_PUTATIVE_EARLY_ATRETIC_FOLLICLE_THECAL_CELL_1",98,-0.2851887536409814,-1.2361446394198108,0.10485933503836317,0.14309751360498432,"PEBP1;RPS24;RPL12;RPLP1;OST4;RPS18;RPL37;RPL31;RPL36;RPL11;HES1;RPL23A;RPS15;SNHG32;RPS8;RPS13;RPL34;RPL38;TOMM7;SNRPD2",-1.3510737611990418,0.042582596501234735,,
"ZHONG_PFC_C7_ORG_UNDERGOING_NEURONAL_DIFFERENTIATION",55,0.3646919255012526,1.3134681407803557,0.10508474576271186,0.14313607021337488,"SLA;CHL1;MIAT;MEF2C;DOCK4;RUNX1T1;MAP6;DLG2;NIN;TTC14;RNF213;NTM;SH3PXD2A",1.3583193691696571,0.11326684125480582,,
"MENON_FETAL_KIDNEY_2_NEPHRON_PROGENITOR_CELLS",39,-0.3632648050558491,-1.296321768673303,0.10739856801909307,0.14601378348663216,"RPS2;EIF3F;RPL3;RPLP0;HES1;RPLP0P6;ODC1;RAB3IP;RPSA;DBI;HMGA1;EPCAM;MARCKSL1",-1.3470170684484855,0.10885245613727292,,
"DESCARTES_MAIN_FETAL_INTESTINAL_EPITHELIAL_CELLS",68,-0.3135047291384758,-1.2614936341192584,0.10810810810810811,0.14670371305885327,"RBBP8NL;GPR35;KHK;AGMAT;VIL1;LINC01123;ANXA13;CBLC;IGSF23;DEFA6;FAM157A;LHPP;CEACAM19;MOGAT3;MUC12;SPACA3;POFUT1;R3HDML;DGAT1;DEFA5;CDX2;REEP6;SLC13A2;TINAG;ACY3;RPLP0P2;APRG1;CYP2W1;XPNPEP2;MTTP;PGPEP1",-0.9222834720897687,0.6577720135765337,,
"AIZARANI_LIVER_C14_HEPATOCYTES_2",147,-0.25831607613466645,-1.1946348606735724,0.11171662125340599,0.15130185749147892,"PEBP1;GPT2;AMBP;DCXR;MST1;ALDH4A1;QDPR;GRHPR;AGXT;PCBD1;HULC;ALDH2;ASGR1;F12;ADI1;FAH;MPST;SLC27A5;HPN;ETFB;GJB1;MLXIPL;SHMT1;SERPINF2;NIPSNAP1;UQCRQ;QPRT;ECHS1;PIPOX;SOD1;RBP4;MAT1A;GAMT;BNIP3;SERPINA6;RDH16;AZGP1;APOM;GPX2;RIDA;INSIG1;ABAT;ACAT1;SORD;ANG;MTHFS;CYP2D6;PCK1;LEAP2;SERPINA1;REEP6;GADD45G;CES1;CRYL1",1.1396207713116702,0.27143569292123626,,
"GAO_LARGE_INTESTINE_24W_C6_SECRETORY_PROGENITOR",20,0.46101986887096436,1.333994997795516,0.11191335740072202,0.15130185749147892,"NCF1B;ITGAX;SYNE1;TYMP;APOE;STAB1",1.3870473520984243,0.10842361374709869,,
"TRAVAGLINI_LUNG_BASAL_CELL",179,-0.24842636085322112,-1.1744169989826034,0.11239193083573487,0.1516187626883214,"RPL23;RPS2;AHCY;RPL8;RPL12;RPLP1;PRMT1;EIF1;RPL13;RPL3;NPM3;KRT15;NACA;RPLP0;SLC1A5;ACTG1;RPS11;ALDH3A1;GAPDH;DUSP23;RPL4;RPL29;IMPDH2;RPS4X;KCNN4;RPS5;RPS6;LAMB3;RPS3;SLC3A2;RPL13A;IGFBP2;RPL6;CDK4;BLCAP;GAS5;RPL32;TAGLN2;ENO1;FAF1;RPL10A;RPSA;HNRNPA1;ARG2;RPL5;HMGB3;PLP2",-1.1895474835313449,0.1479586060098277,,
"DESCARTES_FETAL_KIDNEY_ERYTHROBLASTS",111,-0.277085741447211,-1.226771963555841,0.112565445026178,0.1516187626883214,"SLC25A39;ABCB6;UBE2O;HAGH;HMBS;PPME1;PIGQ;PRDX2;AURKA;AEN;SLC43A1;BLVRB;UBAC1;FKBP8;NARF;DHRS13;RNF123;FAM83D;TBC1D22B;TESC;ALAD;TANGO2;SLC6A8;QSOX2;BSG;TSPAN5;TMEM81;CCNE1;UROS;FAM201A;TFR2;MYT1;GLRX5;TMEM63B;HARBI1;ANKRD9;SOX6;TSPO2;ESPN;FHDC1;MAP2K3;HBB;CAT;SLC6A9;ANKLE1;PPOX;SLC14A1;ARL4A;ACHE;CROCCP2;CPOX;SLC25A37;PIP5K1B;KLK1;SPTB;EPOR;OSBP2;SBF2-AS1",-0.8214682557303374,0.9202063375092114,,
"SU_HO_CONV_CENT_CHONDROSARCOMA_STROMAL_C3_FIBROCARTILAGE_CHONDROCYTE",68,-0.30961142686662896,-1.2458275992076526,0.11302211302211303,0.15195195195195196,"TUBB4B;PPDPF;P4HB;COL9A3;TOMM7;GAPDH;RPL4;ADK;GPRC5C;SNORC;CA9;APLN;P4HA2;NDUFA4L2;EPS8L2;PFKP;SDF4;OS9;SERPINA1;RPL15;CKB;P4HA1;NGEF;TUBB2B;SPINT2;DOK1;ESPN",-0.8371116779797508,0.839235729723984,,
"DESCARTES_MAIN_FETAL_BIPOLAR_CELLS",24,0.44550161762548846,1.3293130000756237,0.11413043478260869,0.15308381655245124,"SV2B;ACKR1;CACNA2D4;TDRD6;PRICKLE2;FAM234B;NRG1;CRYBG3;B3GLCT;ZNF223;C3orf70;MRPS30-DT",1.2807414434530187,0.19633489583939143,,
"AIZARANI_LIVER_C24_EPCAM_POS_BILE_DUCT_CELLS_3",182,-0.2474529128559167,-1.1782669157234145,0.11428571428571428,0.15308381655245124,"TM4SF4;CD151;TUBB4B;CLDN3;WFDC2;VSTM2L;ACTG1;PPDPF;ANPEP;CLDN4;ONECUT2;PRDX5;ANXA13;HSPB1;LAMB3;SDC4;TSPO;LAD1;TFF3;SPINT1;TAGLN2;OCLN;MUC5B;GSTP1;FA2H;ENAH;GPX2;PTPRF;CLIC1;SOX9;DDR1;ANXA11;ANXA4;EPCAM;ACTN4;KRT18;TNFRSF12A;GADD45A;RBM47;PHLDA2;CES1;CLDN7;TXN;ERBB3;NECTIN2;LMNA;CCND1;SLC5A1;ATP1A1;SPINT2;KRT8;NQO1;KRT19;CYSTM1",-0.9507335323764754,0.6643070920678896,,
"CUI_DEVELOPING_HEART_C1_5TH_WEEK_CARDIAC_CELLS",72,-0.3007386423162344,-1.2292800475913568,0.11491442542787286,0.153642491456051,"DDIT3;TM7SF2;MAP1LC3A;SNHG17;NME4;PDHA1;TMEM141;NAXE;PRDX2;IDH2;FDPS;TXNDC17;KPNA2;CTSV;TMEM98;HSPA5;TNNT1;NEURL2;GMNN;KRT18;TNFRSF12A;EIF3M;MDH1;EMP2;CES1;CKB;FDFT1;SPINT2;KRT8;KRT19",-0.9664380950596895,0.5894947081552274,,
"GAUTAM_EYE_IRIS_CILIARY_BODY_CRYAA_HIGH_CILIARY_BODY_CELLS",78,0.32663622274319104,1.2564616525226402,0.11735537190082644,0.1566176470588235,"GSTM5;CIMAP1B;EGR2;EPB41L4A;ALDH1A3;SETBP1;S100A4;JAM3;MXD1;SLC20A1;PDZD2;TGM2;MIDEAS;ZDHHC2;SPOCK1;DSC2;KLF10;FRMD4B;THY1;NCAM1;CRIM1-DT;MAST4",1.3275055227343222,0.09725252193881734,,
"DESCARTES_MAIN_FETAL_ISLET_ENDOCRINE_CELLS",32,-0.37405685301568337,-1.2880850344267896,0.12272727272727273,0.16348623853211008,"KCNJ11;ACLY;SF3B5;STX1A;RAB26;GNAS;CACFD1;NSMF;HADH;VWA5B2;ASB9",-0.93783972280527,0.6497194272445821,,
"DESCARTES_FETAL_INTESTINE_ENS_NEURONS",62,0.3433409844485784,1.2566276587081116,0.1232876712328767,0.16393195845250638,"ADCYAP1;VIP;DCLK1;VAT1L;NCAM2;CACNA1E;MAP6;SGIP1;OLFM1;MLLT11;KIF5A;GPR176;UCHL1;KCNJ5;ENTPD3;SPOCK1;SLIT1;HECW1;MAP1B",1.3844792349962753,0.08847030969830964,,
"DURANTE_ADULT_OLFACTORY_NEUROEPITHELIUM_IMMATURE_NEURONS",115,0.2962790145693252,1.2027437042209022,0.12624584717607973,0.1675584735828773,"SPOCK2;BASP1;DCLK1;SYT11;NLRP1;EBF3;RTN1;CNTN4;MAPK10;SCN9A;CALB2;FAM171B;PCDH9;MAP6;VAMP2;EBF1;MARCKS;UCHL1;CCDC184;SPOCK1;SSBP2;MAP1B;DPYSL3;APBB1;NCAM1;EBF2;CRMP1;EFHC1;RETREG1;SDC3;STMN2",1.349087078216193,0.07580953637143045,,
"DESCARTES_FETAL_MUSCLE_LYMPHATIC_ENDOTHELIAL_CELLS",54,0.3522787940700258,1.2659169712936975,0.1273344651952462,0.16866666666666666,"ANKRD36BP2;CCL21;TBX1;CALHM6;KLHL4;NRP2;MFSD4A;RASSF9;FLT4;PTX3;P4HA3;LINC01948;HAND2;KLHL3;CEP19;SHC1;GJA1;PARD6G;IL7;CYTL1",1.3877615147624598,0.0978212258471418,,
"CUI_DEVELOPING_HEART_LEFT_VENTRICULAR_CARDIOMYOCYTE",36,0.3878941604704865,1.2822081238938354,0.12762237762237763,0.16866666666666666,"CCL2;HAPLN1;EMCN;SLIT2;ANXA1;CTHRC1;PLK2;ENG;TMEM88;TFPI;THY1;RAMP2;PLXND1;ECSCR;CXCL14;COL3A1;GJA1",1.6299886100165737,0.021261419903257688,,
"DESCARTES_MAIN_FETAL_ENS_NEURONS",18,0.4729741712240173,1.3147856760408112,0.12777777777777777,0.16866666666666666,"VIP;ZNF843;GPR176;ETV1;DPYSL3;LTK;TNS3;GRK3;MYH15",1.261409328277725,0.23101540102673512,,
"GAO_SMALL_INTESTINE_24W_C4_ENTEROCYTE_PROGENITOR_SUBTYPE_2",84,-0.2858961632112183,-1.211485198195666,0.13032581453634084,0.17171786089543276,"MST1;TREH;OSGIN1;RAB25;GOLT1A;FAH;ZDHHC12;GJB1;NR0B2;TMT1B;RBP4;MFSD2A;OCIAD2;SMIM24;PNP;PNCK;SLC5A9;TM4SF20;STARD5;DPEP1;ANXA4;MYORG;PRSS3;CNKSR1;CELP",-0.7641675906257275,0.9723913013563535,,
"TRAVAGLINI_LUNG_AIRWAY_SMOOTH_MUSCLE_CELL",157,-0.2541058458675619,-1.1731811691711957,0.13218390804597702,0.1738505747126437,"RPS21;RPL23;RPLP1;CD151;MZT2B;RPL27;RPL31;ALDOC;AKAP1;RPL23A;NDUFB7;SLIRP;RPS16;RPS27A;RPL37A;H2AJ;RPL34;RPL38;RPL18;WDR1;TMEM38B;RPL27A;NOL3;UQCRQ;GPRC5C;HSPB1;COX6A1;MOB2;RPS6;NDUFB2",1.387482201896213,0.048047268982642104,,
"TRAVAGLINI_LUNG_NEUROENDOCRINE_CELL",91,0.309478678840559,1.2185897455874684,0.1371900826446281,0.18010849909584087,"CHGB;SCN3A;MIAT;LSAMP;GNAO1;NEGR1;TCEAL7;HOXB2;TCF4;PKIB;VAMP2;CALD1;MEG3;ELMO1;UCHL1;DISP2;AMIGO2;GFRA3;PIEZO2;KCNK12;MAP1B;DPYSL3;NCAM1;AKR1B1;CRMP1;STMN2;HLA-A;PAM",1.504842564298557,0.022088383023110027,,
"GAO_ESOPHAGUS_25W_C2_KRT6BPOS_SECRETORY_PROGENITOR_CELLS",68,0.33306885229618577,1.2507000021325962,0.13781512605042018,0.18060249370506326,"GBP4;ADAM28;HDAC9;KYNU;APOBEC3A;SECTM1;CALHM2;TGM2;STEAP4;DUSP5;HOPX;DUOX2;BLNK;GIT2;LIPH;SLC6A14;PDP1",1.2757170733876384,0.1582944235862201,,
"DESCARTES_FETAL_PANCREAS_LYMPHATIC_ENDOTHELIAL_CELLS",40,0.37133574813575887,1.2626764635565029,0.1381692573402418,0.18074032581804603,"TNFRSF9;MMRN1;TLL1;TBX1;NFATC1;BMP6;RASSF9;CTHRC1;F8;TFPI",1.2849765512792222,0.15983620091806744,,
"HE_LIM_SUN_FETAL_LUNG_C7_KCNIP4_POS_NEURON_CELL",79,0.3179518459420383,1.2258021038994897,0.1390728476821192,0.1815951212539902,"VIP;PALMD;UNC5C;TMEM255A;CPNE8;HDAC9;IFI16;GNAO1;NEGR1;PDE2A;LDB2;ATP2B4;SGIP1;KIF5A;GUCY1A1",1.238680007580941,0.17664233576642335,,
"DESCARTES_FETAL_PLACENTA_TROPHOBLAST_GIANT_CELLS",36,0.3840309509621044,1.2694380460717218,0.14335664335664336,0.18685264466233947,"MAN1C1;TFPI2;HS3ST3B1;HSPB8;CPXM2;RHOBTB3;HOPX;INHBA;AFF1;BPGM;SCNN1B;POU2F3;NECTIN3;ZNF117;RYBP;LY6G6C;ERV3-1;LYPD5;TREML2",1.1631144801258717,0.276444608911807,,
"DESCARTES_FETAL_ADRENAL_ERYTHROBLASTS",62,0.33612531201887424,1.2302183048527702,0.14383561643835616,0.18714096332302252,"TPSAB1;HDC;CA1;TPSB2;ACKR1;RSAD2;TENT5C;TMCC2;FECH;MARCHF8;ERMAP;PHOSPHO1;ITLN1;DPF3;DYRK3;TRAK2;ANK1",1.2968854517105408,0.1412482325474335,,
"DESCARTES_FETAL_INTESTINE_ENS_GLIA",27,0.418910038230311,1.2881255624766075,0.14414414414414414,0.1872068848813035,"ABCA8;S100B;LAMP5;ATP1A2;HEYL;TTYH1;SHC4;TRIM9;SLC35F1;LGI4;GRIK3",1.463589524382622,0.06868943917001076,,
"GAUTAM_EYE_IRIS_CILIARY_BODY_WIF1_HIGH_FIBROBLASTS",119,0.2871985680474768,1.1769619331673482,0.15024232633279483,0.19477844449573045,"SCARA5;CHI3L2;GBP2;LSAMP;CTSC;CYP1B1;TSC22D3;CSGALNACT2;FHL1;ITM2B;ADAMTSL3;HIC1;WBP1L;LUM;STOM;ZNF385A;MT1M;CALD1;PRRX1;PLPP3;NDN;CCDC71L;MLLT11;IFI44L;FOSB;NECAB1;TPM4;PAPPA;CDH11;DPYSL3;SEPTIN4;EID1;KLF9;ARID5B",1.2182273270693345,0.15887320581301662,,
"DESCARTES_MAIN_FETAL_CARDIOMYOCYTES",16,0.48066104378062036,1.2768114601212033,0.1515748031496063,0.1961556276053729,"MYOCD;SLC8A1;PPP1R12B;ALPK2;FILIP1",1.2331886280472708,0.2650627223366411,,
"DESCARTES_FETAL_PANCREAS_ENS_GLIA",29,0.4052173437739178,1.261928351117454,0.15425531914893617,0.19926932687211327,"S100B;ADAM23;TSPAN11;GFRA1",1.261395027432153,0.19832453105081038,,
"DESCARTES_MAIN_FETAL_ADRENOCORTICAL_CELLS",50,-0.3197683961117385,-1.2211836296964946,0.1606714628297362,0.20718913324047689,"FOXK2;GRIN2C;PPP2R1A;SCAP;OSGIN1;HSPE1;DHCR7;POR;HSPD1;SCARB1;DHCR24",-0.8645678313416996,0.7717930545712262,,
"DESCARTES_MAIN_FETAL_AFP_ALB_POSITIVE_CELLS",77,-0.2872822806736792,-1.1868927958323823,0.16169154228855723,0.20812663592172503,"PEBP1;F7;ALDH4A1;TMEM97;TMEM177;ORMDL3;TMEM161A;F12;INO80E;CBR1;SNORC;TMEM187;RDH11;GSTZ1;AZGP1;RIDA;BBC3;TMEM150A;CCDC183;LINC02487;LINC02418;SLC23A1;SDHAF1;DQX1;DGCR6L;SERPINA1;FAM72A",-0.895621434645988,0.7762762762762763,,
"DESCARTES_FETAL_STOMACH_ENS_NEURONS",33,0.38180141523711497,1.2421419973759313,0.1619718309859155,0.20812663592172503,"UNC5C;TMEM255A;MAP6;OLFM1;STAC;ANKRD29;UCHL1;SPOCK1",1.3889332821146358,0.09633282314604522,,
"LAKE_ADULT_KIDNEY_C17_COLLECTING_SYSTEM_PCS_STRESSED_DISSOC_SUBSET",229,0.2539005552971615,1.1458546872218898,0.16265912305516267,0.20864050059725814,"BACH2;IGFBP5;SDK1;ADGRL2;IL6ST;RNF19A;RORA;QKI;HLA-E;SLC8A1;EMCN;GPX3;ITGAV;WWTR1;PCDH9;NCOA7;DLG2;TIMP3;NFKBIZ;KLF6;TRPS1;HIVEP2;BACH1;PDE4D;FAM110B;STAT3;BTG2;FOSB;MEF2A;TPST1;HIF1A;AKT3;PALLD;TPM4;ZSWIM6;GLIS3;PDK4;COL18A1;AFF1;CAST;ATXN1;ARL15;PRKAG2;KIAA1217;OSBPL3;EIF2AK3;RAP1B;DUSP1;FBXL17;DEFB1;NPC1;JMJD1C;ERC1;ZFAND5;SAT1;NEK1;VCL;LIMA1",1.0081412685363877,0.5021008571818044,,
"DESCARTES_MAIN_FETAL_PDE11A_FAM19A2_POSITIVE_CELLS",24,0.4205431470242913,1.2548404995962483,0.16304347826086957,0.20876466528640442,"CCDC88A;RELN;RASGEF1B;FILIP1L;PCDH9;IQSEC3;SLIT2",1.266743184680715,0.20407205202211634,,
"AIZARANI_LIVER_C7_EPCAM_POS_BILE_DUCT_CELLS_2",207,-0.23412694674232457,-1.1210231514377176,0.16772151898734178,0.21437644856480656,"TM4SF4;WNK2;CD151;GDF15;CLDN3;KIF12;WFDC2;LLGL2;ACTG1;PPDPF;ANPEP;SDC1;PLXNB1;CLDN4;FOXA2;ONECUT2;FAM171A1;ANXA13;RAB3IP;SDC4;LAD1;VEGFA;SPINT1;MYO10;OCLN;RAP1GAP;PLXNB2;TESC;GSTP1;BCL2L1;ENAH;PTPRF;PLEKHB1;SOX9;DDR1;ANXA4;EPCAM;SLC37A4;NIBAN2;ACTN4;KRT18;TNFRSF12A;FGFR3;CTBP2;COBL;SH3YL1;EMP2;SYNJ2;CLDN7;CKB;ERBB3;RHBDF1;NECTIN2;NEDD4L;CCND1;SLC5A1;LGALS3BP;COL27A1;TOB2;ATP1A1;MAGI1;SPINT2;KRT8;KRT19;SHANK2;WWC1",-0.768253681333634,1,,
"DESCARTES_FETAL_MUSCLE_MEGAKARYOCYTES",215,0.2554370865066409,1.1433084620130594,0.17236467236467237,0.2199239932104607,"KLHL6;BIN2;CD226;STX11;P2RX1;CHST2;RGS18;CD84;ABI3;SELP;PLEK;PRKAR2B;LYL1;PATL2;CA2;TMEM140;PTGS1;DAPP1;FCGR2A;UBE2J1;DEPP1;SOCS3;F2RL3;PMAIP1;CLU;CPXM1;SLC24A3;MEIS1;MAX;APOBEC3F;DENND2C;SV2A;LIPH;PSMB10;ITGB3;P2RY1;CMTM6;CASTOR3P;SLC2A3;PF4;APBB1;MDM1;NFKBIA;LOXL3;ILK;UNC13D;RAP1B;PSME2;THBS1;PRKCQ-AS1;PTGIR;C4orf33",1.2917989736711697,0.08243621955933512,,
"HE_LIM_SUN_FETAL_LUNG_C1_PULMONARY_NE_PRECURSOR_CELL",247,0.24803260143688277,1.1303838891782751,0.17415730337078653,0.22182140745121232,"ANK2;ADAM28;CHGB;SYT11;SCN3A;MIAT;FNBP1;NLRP1;TBX1;CLIP3;NEGR1;RTN1;CHGA;EPB41L4A;CACNA2D1;GPC6;OPTN;PKIB;RUNX1T1;JAM3;TAMALIN;BCL2;CLDN5;KCND3;CNIH2;LHFPL6;MAP6;FAM13C;MEG3;TRIM46;JAKMIP2;A4GALT;ATL1;KRT7;PCDH17;CHRD;NPTX1;RINL;PDGFD;RASA4;RAB30;MAP2;SLIT1;AKT3;BMERB1;AMIGO2;KCNMA1;GFRA3;MAP1B;HEPACAM2;DPYSL3;CPEB3;NCAM1;NAV1;NAAA;GAB2;SLITRK6;CRMP1;RETREG1;STMN2;NRG1;SPECC1;ABCA5;RASSF6;RGS4;ADCY2;ZMAT3;DENND4A;FBXW7;KCNH3;SCG2;GCH1;INPP1;MAOB;ROBO1;NRCAM;SOBP;IQSEC1;RASA4B;TMOD2;DST;PLCL1",1.2465922793094901,0.09417808219178081,,
"LAKE_ADULT_KIDNEY_C1_EPITHELIAL_CELLS_UNASSIGNED",23,0.41706340817487686,1.2413966130784333,0.17805755395683454,0.22639191623933777,"EPB41L3;GPX3;CALD1;PAMR1;CPQ;ZBTB16;MAST4;PBX1;MEIS2;NHS;RAPGEF2;PLCL1",1.2828743472799218,0.19273466070702963,,
"LAKE_ADULT_KIDNEY_C3_PROXIMAL_TUBULE_EPITHELIAL_CELLS_S1_S2",186,0.2604403435826028,1.1371633607515301,0.18236173393124067,0.23145912383580544,"ANK2;EPB41L3;SNX29;SDK1;CNTN4;CPM;GPC6;MAPK10;RORA;SETBP1;UBE2E2;GPX3;RERG;BCL2;UGT2B7;MIR100HG;CALD1;DLG2;PDZD2;SLIT2;TNS1;NRP1;TRPS1;PTPRM;PLXDC2;MME;PDE4D;SLC4A4;CDK14;CUBN;BNC2;FRMD3;FRMD4B;CHD9;NOX4;ZBTB16;OGA;MAST4;PPP1R21;EHBP1;PBX1;TTC28;PTPRG;PNISR;PCSK5;ERRFI1;AKAP13;RABGAP1L",0.9761265127864608,0.5669836931123079,,
"HE_LIM_SUN_FETAL_LUNG_C1_PULMONARY_NEUROENDOCRINE_CELL",179,0.2618711510111018,1.1341589819378703,0.18625954198473282,0.23599376523720073,"ANK2;ADAM28;CHGB;SYT11;SCN3A;MIAT;NLRP1;CLIP3;NEGR1;TCEAL7;CHGA;CACNA2D1;OPTN;PKIB;RUNX1T1;JAM3;BCL2;KCND3;LHFPL6;PCDH9;MAP6;FAM13C;MEG3;TRIM46;JAKMIP2;A4GALT;BEX5;FLT4;KRT7;CHRD;NPTX1;RINL;PDGFD;BMERB1;AMIGO2;KCNMA1;GFRA3;MAP1B;REEP2;HEPACAM2;DPYSL3",1.3174264804181819,0.08076762619941594,,
"ZHONG_PFC_C8_UNKNOWN_NEUROD2_POS_INTERNEURON",70,0.3119656956906989,1.1752064058764917,0.19289340101522842,0.24397318664992307,"SLA;NPY1R;CYRIA;BHLHE22;CNTN3;NELL2;EPHB6;DTX1;DOK5;PLXNA4;MAP6;PALM;HIVEP2;SPOCK1;NECAB1;UNC13A;MAPK11;DOCK9;PIK3R1;CCBE1;FBXW7;PHYHIP;CSRP2;STK32B",1.454848780197289,0.03968762362714389,,
"BUSSLINGER_GASTRIC_X_CELLS",157,0.26526539780775094,1.1429839850368726,0.19877675840978593,0.25097726366174705,"MMRN1;GHRL;CHGB;MAFB;GNAO1;IGFBP5;PDE2A;IDS;PNRC1;GPX3;DEPP1;VAMP2;CALD1;PSAP;HLA-C;CLU;RHOBTB3;BACE1;BTG2;NNMT;RASA4;MAP2;OLFML3;KCNMA1;APPL2;HOOK3;MAP1B;HEPACAM2;SLC22A17;ARRDC4;APBB1;PRKAR1A;NAV1;UCP2;PBX3;STMN2;PBX1;DUSP1;PBXIP1;PAPSS2;SPATS2L;GNAI2;MT1F;ADARB1;MAOB;KCTD12;EGR1;DST;CBX6;SMARCA2;REV3L;TUBA1A;GCC2;CACNA1A;VPS13C;WSB1",1.3445250214698747,0.060895184373591114,,
"DESCARTES_FETAL_CEREBRUM_SKOR2_NPSR1_POSITIVE_CELLS",33,0.36831196543350775,1.19825580037965,0.20246478873239437,0.25518999413145543,"ITPR1;ZNF385D;EBF3;NGFR;ADGRL2;RORA;PTGER3;HS3ST2;TAF4B",1.407705245910673,0.08847030969830964,,
"GAO_LARGE_INTESTINE_24W_C7_GOBLET_PROGENITOR",18,-0.4137977035284097,-1.2325148146863667,0.2077922077922078,0.26145085417182473,"WFDC2;SLC39A7;TSPAN15;SPINK4;FOXA3;ZG16B;NFX1;ELAPOR1",-1.2838217919880284,0.2178149031249507,,
"DESCARTES_MAIN_FETAL_ACINAR_CELLS",30,-0.34254100825999667,-1.161038442432186,0.2108843537414966,0.26488242355765834,"MID1IP1;LMAN2;AKR7A3;CEL;ZC3H18;TPRN;SSR4;NOMO1;DPEP1;CELP;TMED6;HEXD",-0.945950624226089,0.6233475894245724,,
"ZHONG_PFC_C3_ASTROCYTE",334,0.23588931188907958,1.1015456824139254,0.2139917695473251,0.2683212861681486,"PRKCB;POU2F2;ANKRD44;EVL;NPY1R;CCL5;CHST2;GAS7;BASP1;PRKAR2B;ZEB2;PALMD;CNTN3;SCN3A;DPYD;MIAT;ARHGAP20;FLRT2;SSTR2;MEF2C;CNTN4;ZNF101;CHGA;STAG3;SCN9A;PRDM2;CACNA1E;RUNX1T1;CHST15;CLDN5;CNIH2;MDGA1;STOX2;PLXNA4;MAP6;PRRT2;MEG3;SEL1L;TRIM46;PDZD4;RFLNB;PTPRS;PACS1;BMPR2;RPS6KC1;SLIT1;AKT3;UNC79;SCN3B;CNTNAP1;COL18A1;SEMA6C;PDP1;DPYSL3;CASTOR3P;PGM2L1;AGO4;RNF112;IQCG;RESF1;MEIS3;CTTNBP2NL;NCAM1;MAPK11;AGAP2",1.2129035420632523,0.09829472436593177,,
"DESCARTES_FETAL_PANCREAS_ERYTHROBLASTS",80,-0.2670823314675829,-1.117948440693941,0.21464646464646464,0.2686781609195402,"SLC25A39;ABCB6;UBE2O;HMBS;CDC25A;PRDX2;STEAP3;PKLR;BLVRB;UBAC1;ALAD;TANGO2;MFSD2B;SLC38A5;SNORD3A;CCNE1;UROS;TFR2;PLEK2;GLRX5;EIF2AK1;GMPR;ANKRD9;RRM2;VCF1;TSPO2;ESPN;TFDP1;MAP2K3;HBB;CAT;ANKLE1;UROD;SLC14A1;CPOX;SLC25A37;PIP5K1B;TFRC;SPTB;EPOR;OSBP2",-0.7714407550480991,0.9616410403279215,,
"DESCARTES_FETAL_ADRENAL_SYMPATHOBLASTS",34,0.3571023071893001,1.171773367131117,0.21602787456445993,0.2699418880099792,"CNTN3;CHGA;CACNA1E;ALPK2;PRR16;SHISAL1;HS3ST2",1.2571037413912687,0.1836248012718601,,
"BUSSLINGER_DUODENAL_EC_CELLS",22,0.40988635152794295,1.1997452483349977,0.2182468694096601,0.272133526850508,"CHGB;CHGA;LCN15;RGS2;MAP1B;SCG2;KCTD12;ADH4;IGFBP3",1.3623450040360143,0.12807027510262903,,
"DESCARTES_FETAL_ADRENAL_CHROMAFFIN_CELLS",37,0.3486444038461226,1.1618382915994792,0.21853146853146854,0.272133526850508,"BASP1;GREM1;PLXNA4;MLLT11;ENTPD3;SERTAD4-AS1;LINC02605;HECW1;FRMPD3;MAP1B;SERTAD4;SCUBE1;KCNG1",1.17220291390023,0.27660606189786,,
"HE_LIM_SUN_FETAL_LUNG_C3_DEFINITIVE_ERYTHROBLAST",21,0.4109315696760685,1.1978388817621382,0.21942446043165467,0.2727776682763378,"RIPOR3;TMCC2;TBCEL;CPEB4;ERMAP;NATD1;TRAK2;ANK1;SPECC1;TRIM58;FBXO30",1.2022684734196345,0.27067177534070574,,
"LAKE_ADULT_KIDNEY_C15_CONNECTING_TUBULE",148,0.2642559952539637,1.1247760033322574,0.22308892355694226,0.2768590743629745,"ITPR1;EPB41L3;ADGRL2;MAPK10;RORA;SETBP1;SLC8A1;ITGAV;WWTR1;PCDH9;GULP1;SLIT2;BICC1;RHOBTB3;PTGER3;PDE4D;MITF;TRHDE;MEF2A;LGR4;MAML2;GLIS3;ATXN1;ARID5B;USP25;ARL15;PCDH7;OSBPL3;FBXL17;DEFB1;ARB2A;SLC16A7;RABGAP1L;ESRRG;WNK1;DYNC2H1;RASAL2;FNDC3B;YAP1;EXOC6B;MAN1A1;ANK3;CD2AP;RNPC3;WSB1;PTPN13;KLF12;ADAMTS9;CSGALNACT1;FNDC3A",0.8660214356833505,0.8132810961062839,,
"BUSSLINGER_GASTRIC_D_CELLS",20,0.4161295127707738,1.2041014410740494,0.22382671480144403,0.2773006739690245,"CHGB;IGFBP5;DEPP1;MAP1B;ERO1B;TTN;KCTD12;EGR1;SCG5;ISL1",1.4153174836774238,0.09821675769550227,,
"DESCARTES_FETAL_STOMACH_PDE1C_ACSM3_POSITIVE_CELLS",15,0.46322504920843444,1.2162977925801655,0.224609375,0.27779626277683134,"ATP6V0D2;KCNE4;NOX4;ACSM3;ATP6V1A;PDE1C;CPSF7;RHOBTB1;SHISA2",1.5373567997041697,0.03722584483999865,,
"GAUTAM_EYE_CORNEA_MONOCYTES",255,0.23932019237226018,1.0925341262841726,0.225531914893617,0.278460592591757,"MAP4K1;LY9;IL16;GIMAP7;FYB1;SLC9A9;IL18BP;KMO;PLEKHO2;CSF1;HDAC9;VAV1;GNG7;NFATC1;NIBAN1;FGD3;SNAI3;SEMA4A;WBP1L;VSIR;DRAM1;ZNF532;BCL2L11;TCN2;PLA1A;FERMT3;C19orf38;CDK17;MYD88;CNEP1R1;SLC46A3;NMI;SNX18;GALC;SEMA7A;RIC1;PLAC8;ZBTB46;RUBCN;PRCP;PHTF2;SMCHD1;TGFBR2;MARF1;SPTY2D1;MARCHF7;HPS3;WDR11;CLIC4;FAM168A;YTHDC2;UNC13D;MAMLD1;TENT5A;ATM;CCNK;LYSMD3;APAF1;RAP2C;ZNF224;NUMB;FBXO30",1.179251565590733,0.1537565521258008,,
"HE_LIM_SUN_FETAL_LUNG_C3_DEFINITIVE_RETICULOCYTE",83,0.2966345615584792,1.1464068970385335,0.22591362126245848,0.278460592591757,"PIM2;CHST2;STK17B;CHST11;TSPAN32;RSAD2;ELL2;NPL;CMPK2;TENT5C;RIPOR3;TMCC2;TBCEL;CPEB4;ERMAP;NATD1;PHOSPHO1;DYRK3;TCP11L2;MRC2;TRAK2;ANK1;FAXDC2",1.3668121852320292,0.07459351159744163,,
"HU_FETAL_RETINA_BIPOLAR",44,0.3367525257620475,1.1610690765005391,0.23024054982817868,0.2833129477546741,"SV2B;ATP1B2;CCDC88A;TCF4;GPX3;FAM171B;MEG3;PRDM8;FRMD3;KCNMA1;PLXDC1;BTBD8;TRNP1;CRYBG3",1.4143225493705405,0.08632374973246772,,
"DESCARTES_FETAL_LUNG_CILIATED_EPITHELIAL_CELLS",261,-0.21763862318793775,-1.085029253743967,0.23432343234323433,0.2878490894774757,"RUVBL2;FSIP1;HSPBP1;RIIAD1;RSPH14;PPP1R16A;CCNO;ANXA13;CFAP65;PLPP2;C21orf58;FABP6;SPMIP6;ZNF497;CFAP157;CIMIP2C;RNF32;EYA1;RIBC1;CASC2;DRC12;MAT1A;SERPINA6;B9D1;SPATA33;RAB36;TMEM231;FBXW9;DOC2A;CCDC170;TRIP13;FAM47E;LRRC23;FOXJ1;ODAD1;DPCD;DNAH6;DLG5-AS1;LRRC73;ZDHHC11;CFAP298;USP2-AS1;KIF9;CCDC78;STMND1;NEK10;DNAH1;SYT8;LINC01091;ZNF584;KLHDC9;SLC27A2;ENKD1;WDR54;ADPRS;IFT22;ZC2HC1C;SPAG16;RHPN1-AS1;IQCH;CIMAP3;CCDC40;SPACA9;LINC02166;DNALI1;CFAP263;LRRC26;LRP2BP;STK33;DNAAF8;NUDT7;KATNIP;RABL2A;DNAH10;DNAH7;GOLGA2P5;CFAP45;SPATA17;ZDHHC1;CAPN13;IK;TPPP3;LRRC43;GLB1L2;CSPP1;CIMIP2B;TMEM231P1;CAPS;LRRC56;TCTN2;PPOX;NRAV;RNF157-AS1;HAGHL;CFAP119;WDR93;MAK;CCDC74B;DNAAF2;NPHP1;C6orf52;ZNF273;SYNPR-AS1;PIH1D2;ZNF391;EFCAB6;MORN2;IFT56;CFAP70;ODAD4;RSPH9;DNAH3;OSCP1;LRRC34;LCA5L",-1.2857311647315306,0.03984474866154805,,
"JONES_OVARY_OOCYTE",51,-0.3011573427163212,-1.1554143353459396,0.24162679425837322,0.2963193456614509,"PFDN2;ZP3;TRAF2;SHD;WFDC2;NCK2;ODC1;BAIAP2L1;PDCD5;PFKP;UHRF1;THYN1;BRI3;EPCAM;SAP18;UBB;SMS;ADAP1;EIF4ENIF1;FDFT1",-1.0435115974468916,0.4513040736347393,,
"TRAVAGLINI_LUNG_DIFFERENTIATING_BASAL_CELL",140,-0.23816111040755827,-1.0895415796937966,0.2542372881355932,0.31125846743076,"MDH2;EIF3F;UQCRC1;PSMC5;TUFM;RPL3;NDUFV1;WFDC2;SLC1A5;ALDH2;NDUFA8;LYPD6B;SDC1;GAPDH;PAFAH1B3;RPS4X;NUDT8;TPI1;ZFYVE21;RPL13A;TSPO;GALNT6;LAD1;BAG1;MLF2;UQCRH;AKR1A1;GSTP1;DDIT4;RPSA;AP2M1;EPRS1;FAM3B;HMGB3;PYCARD;TLE5",-1.006814166233585,0.5005313092979127,,
"DESCARTES_FETAL_EYE_SMOOTH_MUSCLE_CELLS",59,0.31113558442067796,1.1308923051113176,0.2556131260794473,0.3124160429859912,"DERL3;P2RX7;MYO5A;HPSE2;BMP5;KIT;TRPM6;MME;PAMR1;TYRP1;MARF1;ARID5B;METTL9;PRKG2;C11orf96",1.1474801995182038,0.29521367521367525,,
"SU_HO_FOETAL_FEMUR_C2_HYPERTROPHIC_CHONDROCYTE",338,-0.2072199103675366,-1.0584502082397202,0.26394052044609667,0.32205179469557343,"ROMO1;TMEM101;RCN1;PLOD3;PSMB3;ATP5F1E;SLC25A1;TALDO1;MVD;HAGH;NUPR1;ACLY;SLC1A5;NDUFB7;PPDPF;SLIRP;SLC25A4;RPL37A;P4HB;MYDGF;TMED3;PLXNB1;SLC7A5;DHCR7;MEA1;WDR1;CHCHD2;PIEZO1;MFSD10;GNAS;ADK;YIF1A;UQCRQ;ATP5MF;RABGGTB;SNORC;ZFYVE21;COX6A1;WNT4;STC2;KLHDC3;RNF126;ACAT2;ORMDL2;TXNDC17;COLGALT1;NDUFA11;DNAJA4;PTS;AKT1;RCOR2;PDCD5;SLC6A8;BNIP3;SSR4;VDAC1;MTHFD2;S100P;RPSA;SRP14;KDELR2;IHH;CMTM8;DBI;PIM3;COX17;AGPAT2;RNF181;DDR1;KCNQ1OT1;JPH1;BOLA3;RPS17;NDUFAB1;RXRA;SSU72;NIBAN2;TNFRSF12A;FGFR3;ANKRD37;FOXA3;SAP18;PPIC",0.74560691795803,1,,
"BUSSLINGER_DUODENAL_BCHE_CELLS",38,0.33775188394464534,1.13062231336063,0.265625,0.3230213567839196,"NAPSB;SPIB;PLAC8;GUCA2A;HEPACAM2;FKBP1A;LYZ;BEST4",1.3980000532681234,0.09566936208445642,,
"DESCARTES_MAIN_FETAL_HORIZONTAL_CELLS",20,-0.37258383615252305,-1.139193837243765,0.265625,0.3230213567839196,"SEM1;DRD2;ONECUT2;PMFBP1;MEGF11;HS6ST1;TIGD3;RAB11FIP4;PLAC8L1",-1.0472948145230754,0.4459513170414444,,
"FAN_EMBRYONIC_CTX_EX_4_EXCITATORY_NEURON",117,0.2671532558282493,1.0941974050756973,0.2778675282714055,0.3373441898412047,"POU2F2;RASGRP2;NPY1R;SERPINB9;ITPR1;CNTN3;MIAT;SYNE1;SCN9A;CACNA1E;DNM3OS;GULP1;CAND2;TIMP3;PDZD2;NIN",1.014705616536517,0.5226127507746237,,
"HU_FETAL_RETINA_RGC",370,0.22642769200547125,1.0675211293678004,0.27956989247311825,0.3388443104098228,"RAB33A;GNG2;GFRA2;BASP1;ANK2;LRRN3;DCLK1;CHGB;SCN3A;MIAT;PPP2R2B;NELL2;CXCR4;EBF3;FYN;GNAO1;RTN1;UBE2L6;TCEAL7;FHL1;CNRIP1;TOX2;MAPK10;SCN9A;CALB2;UBE2E2;OPTN;BEND5;FAM171B;CEP170;RAB31;C14orf132;MAP6;FEZ1;LDOC1;PRRT2;OLFM1;EBF1;HEY1;EDIL3;MLLT11;KIF5A;ISLR2;ARL6IP5;JAKMIP2;EIF1B;RGS10;ATL1;UCHL1;CCDC184;NOVA2;UBE2D1;TLE4;DPYSL4;RBPMS2;MAP2;MAP1LC3B;NAGK;SLIT1;PNMA1;BMERB1;FKBP1B;STX7;ZC2HC1A;MAP1B;DPYSL3;CRABP2;PGM2L1;MEIS3;SLC2A6;ROBO2;NCAM1;TMSB15A;ZMIZ1;NAV1;TMEM50A;CRMP1;PBX3;STMN2;CDC42;ACTR10;VAT1;SNCG",1.1831247069134443,0.12867967446051135,,
"DESCARTES_FETAL_KIDNEY_MEGAKARYOCYTES",94,0.27729613131999686,1.093888365936653,0.28429752066115704,0.34400000000000003,"PKHD1L1;SELP;MMRN1;ASB2;PRKAR1B-AS1;PPBP;SUCNR1;GP1BA;PTGS1;KIAA0513;RBPMS2;ST8SIA6;FKBP1B;CMTM2;ITGB3;P2RY1;PF4;INAFM2;HOXB-AS2;KLF9;HPSE",1.055787145530007,0.4348379981746273,,
"MURARO_PANCREAS_ALPHA_CELL",497,0.2185521238602061,1.054834395476257,0.2853437094682231,0.3446914027852412,"RASSF5;ADA2;STX11;GNG2;ST8SIA1;IL6R;MMRN1;ENPP2;ITPR1;CHGB;CD36;CPNE8;PPP2R2B;LSAMP;SSTR2;EPB41L3;NOVA1;MAFB;SMAP2;HERC5;LBH;APOL4;MAGI2-AS3;RTN1;RTL5;HSD17B14;RCAN2;SDK1;ITM2B;CNTN4;CHGA;MRC1;PGR;GPC6;IDS;REC8;IFIH1;LDB2;GPR137B;RSAD2;RAB27A;GPX3;ELL2;DEPP1;PCDHB4;CNIH2;TENT5C;VAMP2;PPM1K;EDIL3;SEC14L1;CLU;SH3KBP1;TUSC3;MLLT11;AP1S2;PTGER3;SGPL1;IFI6;LOXL4;PDE4D;BACE1;PKD2;BEX5;RGS9;TMEM236;FAM110B;SESN3;SNED1;BTG2;LGI2;PCDH17;SSBP2;PPP3CB;GNE;FAP;PDE3B;PHTF2;PALLD;ADGRG2;PLK2;PLPPR4;SMARCA1;KCNMA1;SDC2;SCN3B;MYH10;PDK4;PGAP1;TBC1D9;CDC42EP3;ANXA6;SLC22A17;ARRDC4;COTL1;UNC13A;H1-2;MBD4;CERCAM;USP25;KLHL3;ITFG1;NLGN2;PRKAR1A;NAV1;TXNDC11",1.1668822586881207,0.1388762137421616,,
"DESCARTES_MAIN_FETAL_EXTRAVILLOUS_TROPHOBLASTS",90,0.2752997524304264,1.085783645630398,0.29064039408866993,0.35050652177470826,"CSF2RB;IL2RB;EBI3;CXCR6;TNFSF10;ADAM19;ITM2B;LAIR2;DDX60L;FSTL1;FAT2;FBN1;KRT7;MFAP5;OPN3;HPGD;TAC3;ASAP3;KCNK12;GLIPR1;CERCAM;TCF7L2;DIO2;ADGRF4;MBNL2",1.301074104195429,0.10371987708232251,,
"DESCARTES_MAIN_FETAL_HEPATOBLASTS",39,-0.30979926218168397,-1.1055283140443568,0.2935560859188544,0.3534356855341431,"AFMID;BDH1;ACSS2;HSD17B7;GLS2;NR1I3;PC;BPHL;ANG;WNK4;GAS2;HGD;AGMO;SLC2A9;CAPN12",-0.8874072229302528,0.7371982503453267,,
"GAUTAM_EYE_CORNEA_TGFBI_HIGH_EPITHELIAL_CELLS",104,-0.2419972079899091,-1.0653595822234843,0.30710659898477155,0.36913806434262275,"DDIT3;EXOSC7;PYCR2;ELOB;TUBB4B;ADI1;PRDX2;DUSP23;UBE2C;PRDX5;NAA38;ATP5MF;ATP5MJ;ACYP1;ATP5MC3;H2AZ1;SDC4;BLCAP;TOP2A;MRPS10;OCIAD2;GSTP1",-0.8626726770685553,0.864151529265642,,
"DESCARTES_FETAL_KIDNEY_METANEPHRIC_CELLS",43,0.31727456461447456,1.0886581965122124,0.31141868512110726,0.3737024221453287,"TMEM100;CLC;TMEM200C;KLK6;CLIC5;SALL1;GPR176;SLIT1;ADGRG2;CDH6;LINC02086;MGAM",0.9265235029713274,0.6514114502247157,,
"AIZARANI_LIVER_C4_EPCAM_POS_BILE_DUCT_CELLS_1",176,-0.222310188920001,-1.0465461283334125,0.3206997084548105,0.38420460121813926,"TM4SF4;AMBP;PAH;TMEM97;GDF15;CLDN3;KIF12;HES1;PHGDH;ANPEP;SDC1;PLXNB1;CLDN4;FAM171A1;ANXA13;PLPP2;DHCR24;RAB3IP;SDC4;LAD1;VEGFA;IRF2BP2;SPINT1;MYO10;OCLN;RAP1GAP;TESC;SERPINA6;HSP90AB1;MAOA;PTPRF;PROX1;SOX9;ANXA4;EPCAM;SLC37A4;KRT18;TNFRSF12A;FGFR3;COBL;SH3YL1;EMP2;SYNJ2;CLDN7;CKB;ERBB3;NEDD4L;SLC5A1;COL27A1;TOB2;ATP1A1;SOX6;MAGI1;SPINT2;KRT8",-0.8230641801211543,0.9565623937436245,,
"HE_LIM_SUN_FETAL_LUNG_C3_HMOX1_POS_PRIMITIVE_ERYTHROBLAST",19,0.39816962822616486,1.1317393294355884,0.326007326007326,0.38991980013396815,"GRAP2;S100A4;HMOX1;UCA1;TMOD1;ACSM3",1.2031664086534513,0.28007867641256606,,
"DESCARTES_MAIN_FETAL_RETINAL_PIGMENT_CELLS",94,0.26929142285168806,1.062311086352853,0.3322314049586777,0.39671052631578946,"ENPP2;SERPINF1;BMP6;PKNOX2;ADAMTSL3;VAT1L;ADTRP;RAB27A;ITGAV;FRZB;MITF;BEST1;TYRP1;ERMN;ATXN1;HYCC1;SGK3;COL8A1;GEM;CRISPLD1;APC;LINC01359;DMXL1;CCND2-AS1;AK5;PLCE1",0.9359937517213149,0.6502354128882972,,
"DESCARTES_FETAL_STOMACH_SQUAMOUS_EPITHELIAL_CELLS",33,0.33247625374066114,1.0816689027855277,0.3345070422535211,0.3987719419968085,"APOBEC3A;KRT16;KRT6A;S100A3;FAT2;KRT17;SCNN1B;TACSTD2;COL17A1;KRT6B;LYPD3;GALNT14",1.0179432290317443,0.5247715767378689,,
"DESCARTES_FETAL_STOMACH_NEUROENDOCRINE_CELLS",22,0.37052245380828064,1.0845263612726161,0.3363148479427549,0.4002698026335083,"HDC;GHRL;CHGA;DEPP1",1.1041138151604524,0.3967083693542336,,
"BUSSLINGER_GASTRIC_OXYNTIC_ENTEROCHROMAFFIN_LIKE_CELLS",68,0.283491702181602,1.064533864631098,0.3378151260504202,0.40139735108446,"HDC;SLC18A2;ANK2;CHGB;CHGA;GPX3;RUNX1T1;DEPP1;VAMP2;IFI6;GCNT2;GFRA3;ERO1B;HEPACAM2;ARRDC4;UCP2",1.115158067027542,0.3349682544458821,,
"DESCARTES_FETAL_CEREBRUM_ASTROCYTES",81,0.27242962138613336,1.0523444178165309,0.35333333333333333,0.4191503267973856,"CD38;VCAM1;TOGARAM2;EFEMP1;HHIP;CPXM2;VIPR2;SLC4A4;PDLIM3;HS3ST3A1;FAP;SHISA3;ADAMTS12;CYP26B1;LGR6;GLIS3;IL33",1.1366354193841186,0.30010024628408066,,
"BUSSLINGER_ESOPHAGEAL_QUIESCENT_BASAL_CELLS",74,-0.2539145642154147,-1.0391274169993903,0.3616504854368932,0.4283168881357006,"RPLP1;RACK1;RPL13;RPL3;KRT15;EEF2;JAG2;SLC7A5;RPL4;RPS6;LAMB3;RPS3;RPL13A;GAS5;SLC7A1;NOP53;HSP90AB1;RPL5;CLSTN1",-1.0224448544158358,0.4769306031169194,,
"HAY_BONE_MARROW_CD34_POS_MKP",51,0.301334460540991,1.0687664428976404,0.3647260273972603,0.4312558564990407,"MMRN1;SLC18A2;PLEK;STAC;PTGER3;GUCY1B1;RBPMS2;TRPC6;PIEZO2;CDH6;KLHL13;LTC4S;PBX1;VWF;ADRA2A;TGFB1I1;ANXA3;LTBP1;GATA2;IGSF10;RAB38;TCEAL9",1.43697652168201,0.07622939016487869,,
"BUSSLINGER_ESOPHAGEAL_LATE_SUPRABASAL_CELLS",112,-0.2322779098311938,-1.032678874200343,0.3673469387755102,0.4332983193277311,"TM7SF2;PKP3;PPDPF;RAB25;ALDH3A1;P4HB;SDC1;CLDN4;HSPB1;TECR;GUK1;TSPO;ALDH9A1;JUP;EVPL;PEPD;CST3;DSG1;FAM3B;DBI;CTNNBIP1;FAM162A;ACTB;DHRS1;CES2;NIBAN2",0.7167818377911334,0.9861187089715536,,
"AIZARANI_LIVER_C11_HEPATOCYTES_1",199,0.2341838542285364,1.0314873856116462,0.36764705882352944,0.4332983193277311,"ADH1B;C3;C1S;GBA3;SERPING1;CFH;APOC1;BHMT2;SERPINF1;HSD11B1;FMO3;AR;AOX1;CP;SDS;APOE;TDO2;C1R;ABCA1;TMT1A;ELL2;MT1M;GATM;CFI;RARRES2;UGT2B7;CALD1;UGT2B15;CFL2;CLU;ITIH3;IGF2;NNMT;UGP2;AQP9;PBLD;HPGD;SDC2;PDK4",1.1368790428118418,0.2289877320911028,,
"SU_HO_CONV_CENT_CHONDROSARCOMA_LEUKOCYTE_C3_SKELETAL_PROGENITOR_LIKE_CELL",275,-0.20520704206411552,-1.0224085977553266,0.3888888888888889,0.457590491626148,"PYCR1;RCN1;COL11A2;FBL;RPL11;CD320;MTX1;WFDC2;SNRPE;TMEM9;TMED1;PHPT1;SNHG32;P4HB;ISOC2;PSMB5;MYDGF;SDC1;YIPF2;COL9A3;IMMP2L;PRDX2;PFN2;KRT10-AS1;RNPS1;TIMM50;MEST;NOL3;FKBP10;YIF1A;KRT10;CNIH4;MRPL11;ZFYVE21;EPB41L4A-AS1;MED10;EFNA1;STC2;SDC4;BCL7C;OXA1L;P4HA2;PRDX4;NDUFA4L2;NDUFAF2;XPOT;RPS14;BCAR1;CCT5;PEMT;AK1;C12orf57;S100P;CHPF;ENAH;KDELR2;TMEM98;PLP2;PTPA;TRIM47;RPL7;SOX9;CEBPG",1.114884409484252,0.2501930694302583,,
"LAKE_ADULT_KIDNEY_C16_COLLECTING_SYSTEM_PRINCIPAL_CELLS_CORTEX",121,0.25096858117247123,1.0330534851234636,0.39095315024232635,0.45803159973666885,"PDE7B;THSD7A;GATA3;SDK1;EPB41L4A;PDE1A;MAPK10;SLC8A1;PLCL2;WWTR1;DLG2;TRPS1;PDE4D;AKT3;PAPPA;MYH10;GLIS3;AFF1;ATXN1;ARL15;PRKAG2;ERC1;ARB2A;RABGAP1L;FNDC3B;COL4A5;SMARCA2;NBEA;REV3L;MAN1A1;ANK3;CD2AP;WSB1;PTPN13;FNDC3A;BAZ2B;THRB;RBBP8;MAGI3;SIK3;SIK2;TGFBR1;AHI1;PRKG1;GAREM1;MECOM",0.9082693679445584,0.7084141189220309,,
"DESCARTES_FETAL_HEART_SATB2_LRRC7_POSITIVE_CELLS",39,0.30489703320819306,1.032375682745164,0.3910806174957118,0.45803159973666885,"BHLHE22;NELL2;LMO3;CACNA1E;DOK5;SHISAL1;GPR85;SLIT1;DRAXIN;NTM;CCBE1;NTSR1",1.0313351822808154,0.48917337906955377,,
"DURANTE_ADULT_OLFACTORY_NEUROEPITHELIUM_OLFACTORY_MICROVILLAR_CELLS",42,0.3032269984520172,1.0381673990543316,0.391156462585034,0.45803159973666885,"IRAG2;IGF1;BMX;RARRES2;C15orf48;KRT7;HEPACAM2;SCNN1B;AKR1B1;ATP6V1A;PBXIP1;RASSF6;AVIL",1.1027182057598413,0.36343052539161774,,
"DESCARTES_FETAL_ADRENAL_SLC26A4_PAEP_POSITIVE_CELLS",37,-0.29364435170423264,-1.0397387677077248,0.39767441860465114,0.4649140546006067,"ATP2A1;MRGBP;ZNF786;PBDC1;HOGA1;NPHP4;MTERF2;GTF2IP13;AMIGO1;TUBBP5;VPS9D1-AS1;ZNF296",-0.9453069463856946,0.6402494598973805,,
"SU_HO_CONV_CENT_CHONDROSARCOMA_STROMAL_C2_GRANULATING_CANCER_ASSOCIATED_FIBROBLAST",180,0.23383325104321606,1.0113457004476518,0.4058641975308642,0.47297465880454764,"LY96;SRGN;EVI2A;HLA-DPB1;THEMIS2;ICAM1;PMP22;IFI16;RAC2;SP100;IGFBP5;UBE2L6;APOE;OPTN;VIM;AKAP12;CTSL;APOD;HMOX1;NCOA7;HEY2;IFI44;IFI44L;TXNIP;EIF1B;SH3BP5;EMP3;RGS2;PSMB9;SDCBP;IKBIP;NTAN1;BTG1;CTSD;TNFAIP6;SLC2A3;TMEM50A;CSTA;SNX6;ARRDC3;ZFP36L1;PEA15;VAT1;MGAT1;LIMS1",1.0498038860305334,0.40179674629324547,,
"SU_HO_FOETAL_FEMUR_C1_RESTING_CHONDROCYTE",40,0.3010302730497545,1.0236123037067468,0.4058721934369603,0.47297465880454764,"COL14A1;GREM1;APOE;DDR2;EBF1;MEG3;TRAM2;MRC2;CERCAM;FOXO3;COL9A1;SORBS1;XYLT1;DST;PER1;MON2",1.2753052466151422,0.16893057175237747,,
"DESCARTES_FETAL_PLACENTA_EXTRAVILLOUS_TROPHOBLASTS",43,0.2976882288954909,1.021451974210651,0.4134948096885813,0.4810853074261379,"TNFSF10;ITM2B;LAIR2;FSTL1;FAT2;LDLRAD2;TAC3;ASAP3;KCNK12;HTRA1;CERCAM;DIO2;COL17A1;TNNI2",1.364108722929578,0.10885245613727292,,
"DURANTE_ADULT_OLFACTORY_NEUROEPITHELIUM_MATURE_NEURONS",144,-0.21732703550263394,-1.0031144015075242,0.4207650273224044,0.48876065573770494,"IGSF8;PODXL2;P4HTM;CLGN;MIEN1;PSMC5;TRIB3;ORMDL3;IMPDH1;KIF22;PIGU;KLC2;NICOL1;FAIM2;PAFAH1B3;IP6K2;COQ4;C21orf58;SPMIP6;CUTA;COX5B;ADISSP;PRXL2A;CBX4;GPX2;ADCY3;GDI1;CACNB3;PLEKHB1;EPCAM;KIF9;MGST3;WDR54;EFNA3;IFI27L2;SPAG16;CKB;CENPV;TUBB2B;SPINT2;ATOX1;R3HCC1;CYSTM1;TSPAN7;CALM3;CALM1;GNB1;TPPP3;IFT27;RAP1GDS1",-0.8936460900722566,0.8294874948749488,,
"DESCARTES_MAIN_FETAL_SATB2_LRRC7_POSITIVE_CELLS",70,-0.2495782695344736,-1.01549991447767,0.4257907542579075,0.4938084466313752,"SRM;LPAR2;RAB3A;DOHH;FBXL19;DHPS;ZNF746;VPS26B;LINC00115;RPS11P5;TRPV1;PPP1R14BP3;TMEM240;ZBTB18;ANO8;MIR600HG;SBK1;ARHGAP33;PANX2;RPL23AP82;LRRIQ4;PKD1;LMTK3;LAMB2P1;ADAM32;JMJD7-PLA2G4B;B4GALNT4;GOLGA7B;TRAPPC5;GPRIN1;SATB2-AS1;CDK5R1;CATSPER3",-0.8126003063629937,0.8980041625947113,,
"MENON_FETAL_KIDNEY_5_PROXIMAL_TUBULE_CELLS",107,-0.2271479410457839,-1.0051520917109142,0.4321608040201005,0.500009769059435,"TUBB4B;HSPE1;ETFB;NIPSNAP1;ODC1;HSPD1;QPRT;PCBP2;ATP5IF1;HADHA;RAB3IP;NDUFC1;DNPH1;AIG1;AKR1A1;OCIAD2;SMIM24;APOM;RIDA;DBI;SNHG8;ATP6V1F;RNF181;ANXA4;MDH1;SLC27A2;RPS7;SMS;LAMTOR5;TXN;RPL14P1;DYNLRB1;RPS2P5;MPC2;SYAP1;SPINT2;CYB5A;CALM3;CALM1;FARP1;ATP5PD;HOOK1;ID1;NHERF1;ATXN7L3B;PTGR1;ATP6V1G1",-1.088882207054209,0.3209912933067295,,
"LAKE_ADULT_KIDNEY_C14_DISTAL_CONVOLUTED_TUBULE",182,0.23041174308423348,0.9981337550819676,0.4325153374233129,0.500009769059435,"ITPR1;ZNF385D;SNX29;RNF150;DNAAF9;ADGRL2;RORA;QKI;SLC8A1;BICC1;TRPM6;RHOBTB3;PTGER3;CPEB4;MITF;CDK14;PPP2R3A;MEF2A;ARHGAP24;FRMD3;LGR4;MAML2;ATXN1;INPP4B;KLHL13;USP25;KLHL3;CACNA2D3;ABCA10;CBLB;KIAA1217;OSBPL3;ABCA5;FBXL17;FMN1;PTPRG;CCDC148;PNISR;ARB2A;RABGAP1L;OXR1;NCOA1;ESRRG;CNNM2;VPS13B;NHS;WNK1;DYNC2H1;DST;PLCL1;FNDC3B;EXOC6B;MAN1A1;ANK3;LRCH1;SAMD5;RNPC3;WSB1;KLF12",0.6138687753724872,1,,
"DESCARTES_FETAL_STOMACH_CILIATED_EPITHELIAL_CELLS",161,-0.21615133404142708,-1.0043312746857391,0.436046511627907,0.5032905682700485,"WDR90;RSPH14;ARHGAP39;CCNO;CFAP65;FABP6;SPMIP6;BBS5;ZNF497;CFAP157;OXTR;MAT1A;B9D1;RAB36;TMEM231;FBXW9;DOC2A;CCDC170;LRRC23;FOXJ1;ODAD1;DNAH6;LRRC73;KIF9;CCDC78;STMND1;NEK10;ENKD1;WDR54;ZC2HC1C;FAM174A;IQCH;CIMAP3;CCDC40;SPACA9;LINC02166;DNALI1;CFAP263;FAM81A;KIF19;CDHR3;STK33;DNAAF8;DNAH10;DNAH7;CFAP45;SPATA17;ZDHHC1;TPPP3;CSPP1;CIMIP2B;CAPS;HAGHL;CFAP119;WDR93;ANKMY1;SYNPR-AS1;CES4A;PIH1D2;EFCAB6;MORN2;CFAP70;ODAD4;RSPH9;DNAH3;OSCP1;LCA5L",-1.3825111905457144,0.0127384334262903,,
"LAKE_ADULT_KIDNEY_C13_THICK_ASCENDING_LIMB",107,0.25106037762892974,1.0122030955918149,0.4370860927152318,0.503689687795648,"ANK2;PDE7B;RNF150;PDE1A;PHACTR1;ENOX1;PCDH9;SGIP1;RHOBTB3;PTGER3;CPEB4;SSBP2;ARHGAP24;LGR4;MAML2;KLHL13;USP25;CACNA2D3;NCOA2;KIAA1217;OSBPL3;PBX1;FOXP2;FBXL17;CCDC148;PNISR;OXR1;STK32B;ESRRG;NHS;WNK1;PRKD1;PLCL1",0.6386247193660302,1,,
"DESCARTES_FETAL_CEREBELLUM_PURKINJE_NEURONS",28,0.33011833083684505,1.0170051984291302,0.4398563734290844,0.5060788068296597,"ITPR1;RORA;ANKRD33B;PTGER3;HS3ST2;TAF4B;FOXP2;ANO1",1.1179730454104602,0.384,,
"JONES_OVARY_GRANULOSA",79,0.26196880620584867,1.0099702766365024,0.445364238410596,0.5116051219716656,"FAM78A;CEACAM21;CCDC69;PRKAR2B;CHGB;GREM1;VCAN;SRPX;SLC47A1;RALB;ANKRD6;ANXA6;PRRT1;APOBEC3C",1.114690805611905,0.33837152351711314,,
"ZHENG_CORD_BLOOD_C9_GRANULOCYTE_MACROPHAGE_PROGENITOR",96,-0.2303486740450046,-0.99782501173365,0.4531645569620253,0.5197432359469675,"PEBP1;PSMA7;ACTG1;PA2G4;NCL;GAPDH;ANP32B;GADD45GIP1;HNRNPU;BIRC5;PRR11;HSPD1;SERF2;ATP5F1B;YY1;HNRNPM;PTMA;TAGLN2;ENO1;SF3B2;TUBA1B;GSTP1;SMIM24;RBM17;HNRNPA1;EIF3A;PIM3;CALR;C9orf78",-1.2051631874567126,0.16893057175237747,,
"CUI_DEVELOPING_HEART_TRABECULAR_VENTRICULAR_CARDIOMYOCYTE",96,-0.229429390398912,-0.9938428563392167,0.46835443037974683,0.5363175338417921,"DDIT3;SIGMAR1;EBP;CYP51A1;CD320;LRPAP1;HES1;DHCR7;NOP16;HNRNPL;ABHD12;SDF2L1;COX6A1;GALE;SLC3A2;ISOC1;RTCB;KPNA2;CTSV;BUB3;INSIG1;HSPA5;TNNT1;NEURL2;RGS3;GMNN;TNFRSF12A;REEP6;TRAPPC3;WDR12;SPINT2;SRSF6;KRT8;PHACTR3;KRT19;TIMM17A;KLHL31;MSMO1",0.794050542246822,0.8972847581381198,,
"CUI_DEVELOPING_HEART_C2_CARDIOMYOCYTE",54,-0.25745212108590537,-0.9914619783000577,0.46973365617433416,0.5370498179253017,"ATP5MC1;TNNC1;NDUFS6;ALDOC;SLC25A4;CHCHD10;IDH2;COX5A;PTP4A3;GOT1;BNIP3;PFKP;SNTA1;ENO3",0.6926619432339978,0.9679104082927861,,
"DESCARTES_MAIN_FETAL_SKELETAL_MUSCLE_CELLS",88,-0.2332089935181288,-0.9935418994857271,0.47474747474747475,0.5419287211740043,"FGFRL1;ATP2A1;TMEM52;TRIM54;TNNC2;DDN;OBSCN;TMEM38B;MYL6B;SRPK3;EIF4E2;MYL5;BIN1;FZD9;PACSIN3;BLCAP;TMEM38A;SNHG16;CACNB1;AK1;ENO3;JPH1;TRIM72;FXR1;TBX15;DMPK;RPS3AP20;ASB12",0.8092638114387648,0.8719327267714364,,
"GAUTAM_EYE_IRIS_CILIARY_BODY_CILIARY_BODY_CELLS",94,0.24923952010183087,0.9832095748079636,0.4809917355371901,0.5481946624803767,"SFRP1;CHRDL1;F2R;CCDC80;EPB41L4A;CYBRD1;PDGFRA;STK17A;DCBLD2;MCL1;SLIT3;ALPK2;MFAP5;PNMA1;COL4A4;SDC2;PRICKLE2;KLF10;DKK3;THY1;NCAM1;CRIM1-DT;CERCAM;CAPN2;SLC7A8;CITED2;TSLP;NECTIN3;KIAA1671;GGA2;RND3;PARD6G;MSX2;TMEM106B;COL4A6;CCDC3;DGKG;LMCD1;PLCH1;S1PR3",1.2753543804208376,0.1306681830512719,,
"HE_LIM_SUN_FETAL_LUNG_C1_GHRL_POS_NE_PRECURSOR_CELL",358,0.2103030080582524,0.9878672295447525,0.48456375838926175,0.550799129901652,"POU2F2;GNG2;KCNN3;TP53INP1;PLXNC1;MMRN1;ITPR1;ANK2;GHRL;CHGB;SYT11;SCN3A;NLRP1;SSTR2;KAT2B;CLIP3;GNAO1;RTN1;RTL5;TCEAL7;SDK1;CHGA;PDE2A;CACNA2D1;GPC6;OPTN;GPX3;RUNX1T1;JAM3;DEPP1;CLDN5;C14orf132;CNIH2;MAP6;PALM;C15orf48;SGPL1;JAKMIP2;A4GALT;BACE1;BEX5;FAM110B;PRXL2C;ST6GALNAC5;SAP30L;PCDH17;RASA4;SV2A;MAP2;KL;LYST;TRAM2;AKT3;INHBA;AMPH;MAP1B;REEP2;HEPACAM2;DPYSL3;ROBO2;DOCK11;GIPR;NAP1L5;MMP25-AS1;NCAM1;KLHL3;MEGF9;NAV1;NAAA;CRMP1;ZDHHC14;LYSMD2;SDC3;STMN2;MAMLD1;NRG1;SPECC1;ABCA5;NACAD;RGS4;ADCY2;ORAI2;PAPSS2;TRNP1;EPHA4",1.2324723622388734,0.08478527442023419,,
"HU_FETAL_RETINA_HORIZONTAL",22,0.33769595712607314,0.9884425730050819,0.4847942754919499,0.550799129901652,"SCN3A;MIAT;RTN1;MLLT11;MEIS1",1.045644992270135,0.4795834313956225,,
"ZHONG_PFC_C5_BCL11B_CALB2_POS_INP",18,0.35789244203450377,0.9948785472417729,0.48703703703703705,0.5522409609702672,"THSD7A;CALB2;CNIH2;LZTS1;NAV1",0.9251876068997952,0.6483030651655847,,
"DESCARTES_MAIN_FETAL_NEUROENDOCRINE_CELLS",22,-0.3070036717619749,-0.9571974606987094,0.48758465011286684,0.5522409609702672,"HES6;KLK12;LFNG;TFF3;ENTPD8;SLC35D3;LINC00390;VWA7;LINC00261;CNKSR3;CCNP;SEC11C",0.591706229193244,0.9907672894247957,,
"SU_HO_CONV_CENT_CHONDROSARCOMA_STROMAL_C0_MINERALISATION_STROMAL_CELL",173,-0.2071873223658476,-0.9772484073177669,0.4958217270194986,0.5606955978444798,"POLR2I;NR1D1;SLX9;CIAO2B;SARS1;ALDOC;EIF3I;CLK3;ACTG1;CENPX;GPI;MCRIP2;MTFP1;RPS19BP1;PRDX2;STEAP3;HPCAL1;ANP32B;ATP5MC2;TPI1;EPB41L4A-AS1;NUDT1;RASSF7;STC2;CDK18;PARK7;TMEM106C;SNHG7;CAMTA1;COPZ1;DHPS;OCIAD2;GSTP1;DDIT4;HADH;RNF7;SERBP1;DBI;SNHG8;TP53I11;GNG5;PLP2;CLIC1;C1orf43;RNF181",0.9597860900665641,0.6145765339425587,,
"DURANTE_ADULT_OLFACTORY_NEUROEPITHELIUM_BOWMANS_GLAND",22,0.3341703387307876,0.9781230200328528,0.4991055456171735,0.56353130033914145,"LTF;LCN15;GPX3;VMO1;LYZ;PI3",1.2731820547938222,0.19311161449752884,,
"DESCARTES_FETAL_LUNG_BRONCHIOLAR_AND_ALVEOLAR_EPITHELIAL_CELLS",30,0.30647774610392,0.9649196510922099,0.5151515151515151,0.5807453416149068,"LAMP3;CPM;CRLF1;UGT2B7;EDN3;KCNJ5;LINC01426;AGER;ITGB6;SUSD2;ACOXL",0.9396888452944792,0.6142131979695431,,
"BUSSLINGER_GASTRIC_G_CELLS",83,0.2509980713382188,0.9700350445131019,0.5166112956810631,0.5810324129651862,"CHGB;CD36;SUCNR1;SSTR2;DEPP1;PRKACB;VAMP2;MARCKS;BTG2;PDK4;MAP1B;ERO1B;NAV1;MAST4;PBX3;HLA-A;ABCA5;PAM;GNAI2;MEIS2;SCG2;HIGD1A;KCTD12;EGR1;DST;MAN1A1;ANK3;CACNA1A;SAMD5;SLC40A1;SCG5;ISL1;CAMK2N1",1.0012052255868273,0.5306284040995608,,
"HU_FETAL_RETINA_BLOOD",250,-0.19897417912170154,-0.9803189773516411,0.5170068027210885,0.5810324129651862,"TUBG1;RPS2;DCXR;SLC25A39;POLR2L;ELOB;ATP5F1E;EIF1;TALDO1;SLC1A5;TMEM141;HMBS;COX7B;UBA52;NPRL3;FAH;TTLL12;PRDX2;FIS1;RPL35;ANP32B;AURKA;HCN3;RPL29;APRT;PKLR;BIRC5;UBE2C;EIF3K;PRDX5;AURKB;COX6B1;BLVRB;ATP5MF;UBAC1;TROAP;RPS12;SERF2;GUK1",0.9764179247706685,0.5912144039928168,,
"FAN_OVARY_CL5_HEALTHY_SELECTABLE_FOLLICLE_THECAL_CELL",315,0.21072932644963857,0.9816326806913747,0.5206611570247934,0.5842349304482226,"C7;VCAM1;GBP1;STAT1;SGK1;GBP4;APOC1;PMP22;LAMP5;CTSC;SERPINF1;CTSK;FHL1;SCPEP1;APOE;MMP2;PDGFRA;NEXN;GYPC;DLC1;GLT8D2;MCL1;FILIP1L;APOD;FERMT2;SNAI2;FSTL1;CALD1;MEG3;RBMS1;NRP1;CPED1;DNAJB4;FRZB;CPXM1;RHOBTB3;IFI6;PPP1R12A;TLE4;BGN;IRF8;EMILIN1;RGS2;C5orf15;TPST1;LAMA4;TPM4;VGLL3;COL6A3;PDGFRB;SDC2;RAB34;CLEC2B;KLF10;CDH11;PLD3;COL18A1;DSEL;OSR2;TWSG1;PRKAR1A;SGCE;TSHZ2;CCN1;PCOLCE;SLC38A2;EXTL2;PBX1;NID2;MMP14;JMJD1C;NSG1;ZFAND5;HTRA3;COL5A1;COL1A2;SPARC;CITED2;CYTOR;SEPTIN7;LIMA1;LAPTM4A;COL15A1;KLF4;EFEMP2;RND3;COL3A1;EGR1;ARID4B;CCN2",1.1525337119504124,0.1831498623967976,,
"DESCARTES_MAIN_FETAL_SATELLITE_CELLS",38,0.28750854400878506,0.9624330480164967,0.5277777777777778,0.59130658436214,"NXPE3;MSC-AS1;GLT8D2;LDOC1;MIDEAS;EDN3;NBPF1;OLFML2B;SPATS2L;SLF2;NCOA1;CHRNB1;COL15A1;ERFE",0.9892849500283815,0.5651804670912951,,
"DESCARTES_MAIN_FETAL_SYMPATHOBLASTS",29,0.3082582921440754,0.9599783531000328,0.5301418439716312,0.5930400288496214,"CHGB;NLRP1;CHGA;PRCD;TMEM130;ZDBF2",0.9907895037333496,0.5657162580537194,,
"VANGURP_PANCREATIC_BETA_CELL",100,-0.2201541203176406,-0.9608154553690914,0.532133676092545,0.5941551137933916,"PEBP1;RPL23;RPL7A;RPL3;STX1A;PFN2;SURF4;RPL4;GNAS;RPS4X;RPS6;RPS3;PFKFB2;ITPR3;VEGFA;DHRS7;RBP4;ENO1;PEMT;HSP90AB1;HADH;ARG2;RPL5;DBI",0.8203323072704108,0.8719327267714364,,
"FAN_OVARY_CL14_MATURE_SMOOTH_MUSCLE_CELL",302,0.21040694134009189,0.9747603483767291,0.5327754532775453,0.5941551137933916,"A2M;SERPING1;MGP;MFAP4;IRF1;MAFB;MEF2C;IGFBP5;SPARCL1;LBH;PLAC9;TSC22D3;RCAN2;PTN;ADAMTS1;GPX3;S100A4;DEPP1;RERG;AOC3;EPAS1;LHFPL6;AXL;MAP3K7CL;VAMP2;LEPROT;SOCS3;CALD1;TIMP3;MYLK;EBF1;NDN;PLN;GUCY1A1;FRZB;ARL6IP5;TXNIP;IGFBP7;MYH11;PPP1R12A;BTG2;FOSB;BGN;UGP2;CAV2;PSME1;MSRB3;LMOD1;PALLD;SH3BGRL;PLK2;TPM4;CAP1;RASL12;EHD2;KLF10;CTSD;PDK4;COL18A1;RGS5;MAP1B;CRYAB",1.4223106573241382,0.018933284290972564,,
"GAUTAM_EYE_IRIS_CILIARY_BODY_PIGMENTED_CILIARY_BODY_CELLS",120,-0.21411158530770624,-0.9624150368480173,0.5358974358974359,0.5967201510146295,"QTRT1;NDUFS8;PDHA1;BCAT2;MARS1;CHD4;ACSS1;SCARB1;ATP5MJ;TECR;NDUFA1;TMEM38A;NSD2;GPHN;AKT1;COX6C;DHPS;ASB13;PFKP;BSG;RIDA;LINC00115;PPFIBP2;SOX12;NDUFA2;LSR;CLTC",-0.8852549900180792,0.8211951855298539,,
"DESCARTES_FETAL_MUSCLE_SKELETAL_MUSCLE_CELLS",108,-0.21886804937746102,-0.9681431899897714,0.5380710659898477,0.5982229615752365,"FGFRL1;EEF1A2;ATP2A1;PFKM;TMEM52;TRIM54;TNNC2;DDN;OBSCN;ONECUT2;KCNK17;SRPK3;WNT4;MYL5;BIN1;PACSIN3;GPR37;CA14;TMEM38A",1.04476151350639,0.4580663948747816,,
"FAN_EMBRYONIC_CTX_BIG_GROUPS_GLIAL",115,0.23360006121867088,0.9482986952173514,0.5614617940199336,0.6232741016184584,"S100B;LITAF;HAPLN1;NOVA1;ATP1B2;CCDC80;TRIB2;EDNRB;FHL1;PDE4B;PTN;VIM;ATP1A2;RAB31;GATM;PLPP3;HEY1;CLU;SLC1A3;HOPX",1.1095510192267093,0.3418079096045198,,
"CUI_DEVELOPING_HEART_CARDIAC_FIBROBLASTS",74,0.24912894618843925,0.9437169306152983,0.5711864406779661,0.6328095684803001,"C7;MOXD1;TCF21;NEGR1;PTN;GASK1B;TRIL;PLN;FRZB;LDB3;RBPMS2;COL6A3;ENG;CRYAB;TFPI;PPP1R3C;AKR1B1;COL9A1;TTN;IL32;RRAD;FGF12;MYOM1",1.2937681421062195,0.1253292496171516,,
"GAUTAM_EYE_CORNEA_CONJUNCTIVAL_CELLS",103,-0.21693612863633635,-0.950486390137137,0.5717948717948718,0.6328095684803001,"ATP5F1E;MIR200CHG;NUPR1;SELENOH;RPLP0;PPDPF;RPL28;EIF6;EPHB3;H2AJ;BID;TMED3;NBEAL2;RPS29;LAD1;IRF2BP2;P2RY2;PRELID1;SLC25A5;OCLN;AKR1A1;RDH13;MAOA;RPL41;CLIC1;COX7A2;NIBAN2;SPINT1-AS1;TSTD1;BICDL2;EMP2;SCNN1A",0.7758325529971793,0.9170119554536522,,
"BUSSLINGER_DUODENAL_MATURE_ENTEROCYTES",239,-0.19768129119639885,-0.9688071723610906,0.5742574257425742,0.6345675663456757,"TM4SF4;SLC19A1;TREH;CD151;ATG4B;SLC39A4;INPP5J;SLC27A4;DNASE1;ANPEP;P4HB;RAB17;PCK2;POR;FBXW5;FLVCR1;SSUH2;SCARB1;HSPB1;LAMB3;CSNK1D;NR0B2;GALE;SLC3A2;GPX4;SLC67A1;GALNT6;VEGFA;HOOK2;SPINT1;PEPD;CYP2S1;CARD10;MIGA2;ARHGEF16;PLXNB2;MFSD2A;EPS8L2;BAIAP2L2;SLC6A8;SMIM24;PFKP;INF2;RAPGEFL1;MYH14;PTPRF;SLC5A9;TM4SF20;OGDH;EPS8L3;AGPAT2;ARHGAP27;DGAT1;CYP4F2;CES2;ACTN4;ZBTB7B;SREBF1;PCK1;RMDN3;SERPINA1;REEP6;SLC13A2;SCNN1A;TM4SF5;HKDC1;STAT6;SMPD3;ANKRD9;SLC5A1;ACY3;MICALL2;MYO7B",0.7891478517767209,0.9679104082927861,,
"VANGURP_PANCREATIC_ALPHA_CELL",33,0.2887954564174744,0.9395590240143868,0.5757042253521126,0.6351994948413887,"HLA-E;GPX3;B2M;CLU;LOXL4;FAP;PALLD;HLA-A;RGS4;PLCE1;HIGD1A;KCTD12",1.3699590195707647,0.11291122451075618,,
"HU_FETAL_RETINA_PHOTORECEPTOR",40,0.2744222633680803,0.9331354031233682,0.5768566493955095,0.6355052010032473,"GNGT2;PRDM1;ATP1B2;PRPH2;ANKRD33B;VAMP2",1.2495942062830019,0.19273466070702963,,
"DESCARTES_FETAL_INTESTINE_INTESTINAL_EPITHELIAL_CELLS",200,-0.19905776278235984,-0.9511888741606093,0.58125,0.6393750000000001,"RBBP8NL;TREH;PKP3;SLC39A4;TERT;TMEM52;KHK;GLYCTK;ANPEP;ELMO3;PCK2;GJB1;AGMAT;DEGS2;HDHD3;LAMB3;BCAR3-AS1;ESRP2;FOXD2-AS1;TMT1B;CDX1;RBP4;MOGAT3;SMIM24;PAK6;SLC16A10;GPX2;GRTP1;SLC5A9;TM4SF20;IYD;SPACA3;CYP2U1-AS1;DGAT1;UPK3A;ANXA4;ASAH2;PRSS3;NR1I2;CES2;CELP;EPS15-AS1;PRSS8;PCK1;BICDL2;LEAP2;REEP6;SULT1C2;TINAG;HKDC1;EEF1B2P3;MAMDC4;SLC5A1",-0.7237496278683075,1,,
"ZHONG_PFC_C1_ASTROCYTE",28,0.2966202632327555,0.913806721675875,0.585278276481149,0.6428321160746056,"S1PR1;SPARCL1;APOE;GPX3;ANOS1;ETV1;MASP1",0.9755670082587012,0.5665873015873015,,
"GAUTAM_EYE_CORNEA_FIBROBLASTS",162,0.21514532502891354,0.9288076899867371,0.6115326251896813,0.6706536040599829,"WIPF1;MFAP4;IL1R1;FBLN5;LTBP2;IFI16;TYMP;CCDC80;PLAC9;TSC22D3;IL6ST;PNRC1;AKAP12;SELENOP;B2M;RBMS3;CLDN5;FERMT2;PRRX1;MYLK;RECK;TNS1;HLA-C;VAMP5;FBXO32;COL8A2;CTHRC1;ANKRD12;HIF1A;COL6A3;PLD3;IL6;ASAP1;TFPI;COL8A1;GEM;RAMP2;CLIC4;TSHZ2;TSPAN4;HLA-A;LUZP1;THBS1;SHC1;PIK3R1",1.07801289913969,0.3621130622791753,,
"HAY_BONE_MARROW_CD34_POS_GRAN",15,0.3382763582483935,0.8882179159409902,0.62109375,0.6801117081447965,"CPA3;SUCNR1;HGF",1.038607304123593,0.5021008571818044,,
"DESCARTES_MAIN_FETAL_VISCERAL_NEURONS",37,0.27323112068427335,0.9105276750913717,0.6276223776223776,0.6855544372742881,"GNAO1;BEND6;NEFH;UCHL1;CCDC184;FKBP1B;NAP1L5;STMN2;VAT1;FBXO30;SNPH;HEPHL1",1.0080794702571763,0.5396287076324568,,
"DURANTE_ADULT_OLFACTORY_NEUROEPITHELIUM_OLFACTORY_HORIZONTAL_BASAL_CELLS",16,0.3364038624681197,0.8936116466812579,0.6279527559055118,0.6855544372742881,"BASP1;IGFBP5;MEG3;KRT17",1.0825275502935752,0.4513040736347393,,
"GAO_SMALL_INTESTINE_24W_C6_GOBLET_CELLS",40,0.26543647744844234,0.9025804661310478,0.6321243523316062,0.6890724921813005,"ESR1;MYO1F;CLCA1;TSPYL5;MT1M",0.9718178192828171,0.5894947081552274,,
"RUBENSTEIN_SKELETAL_MUSCLE_PERICYTES",143,-0.20281521320587836,-0.9339206245263729,0.6438356164383562,0.7007865930048675,"PEBP1;SLC25A6;CD151;CSNK1E;HES1;NDUFB7;CHCHD10;COX7B;GAPDH;EIF3K;ATP5MC2;COX6B1;TPI1;ATP5MC3;COX8A;TECR;ATP5F1B;COX5B;NDUFA1;ADISSP;SOD1;NDUFA11;SLC25A5;NDUFA4L2;PRXL2A;TESC;HIGD1B;C12orf57;BSG",1.24355471102212,0.1349572690840616,,
"BUSSLINGER_GASTRIC_MATURE_PIT_CELLS",214,-0.1948277993160844,-0.9400960287450925,0.6538461538461539,0.710617227084293,"PPIF;CD151;ALDOC;HACD3;ARPC1A;ALDH2;HES1;ALDH3A1;EPN1;FOXA2;SPIRE2;CBR1;HSPB1;LAMB3;GALE;JUP;CTNNBL1;ITPR3;DNM2;VEGFA;JPT1;SPINT1;CYP2S1;DHRS7;TAGLN2;OCLN;PLXNB2;TESC;TMEM54;SGSM3;GSTP1;FA2H;S100P;RDH13;GPX2;MYH14;EPS8L3;SMIM22;ACTB;DYNLL1;ANG;CES2;ACTN4;FOXA3;MGST3;RBM47;SULT1C2;SYNJ2;SCNN1A;CFL1;CTNNA1;LMNA;CCND1;FHL2;FAM177B;SPINT2;KRT8;NQO1;FOXQ1;KRT19;CYSTM1",-0.6484444699359708,1,,
"TRAVAGLINI_LUNG_SEROUS_CELL",72,0.23529624208219457,0.8890813505859468,0.657672849915683,0.7137077564107411,"GGTA1;LTF;S100B;SFRP1;CA2;RTN1;CCL28;GATM;PDCD4",0.8984467964901819,0.6989602244594818,,
"DURANTE_ADULT_OLFACTORY_NEUROEPITHELIUM_GLOBOSE_BASAL_CELLS",25,-0.26369522578773996,-0.8620949472795173,0.6659340659340659,0.7215942266688535,"HES6;H2AZ1;PCBP4;JPT1;PTMA;SOX11;MEX3A;MARCKSL1;CKB;TUBB2B",0.5877749344664195,0.9917543669306715,,
"DURANTE_ADULT_OLFACTORY_NEUROEPITHELIUM_RESPIRATORY_COLUMNAR_CELLS",24,-0.2636297159413964,-0.8489614188970472,0.6711111111111111,0.726120218579235,"ALDH3A1;CLDN4;HSPB1;SLC25A5;KRT18;TXN;KRT8;KRT19;ELF3;SFN;AQP3;CD9;PRDX1;KRT23;FABP5;MT1X;ANXA2",-0.7745238806286084,0.85314812524103,,
"DESCARTES_MAIN_FETAL_GOBLET_CELLS",34,0.26841921588613615,0.880774170509241,0.6742160278745645,0.7283941015430562,"C16orf89;MUC6;UGT2B15;ARL14;DUOX2",0.4453965938215319,1,,
"DESCARTES_FETAL_SPLEEN_ERYTHROBLASTS",40,0.2522424117111886,0.8577158487364499,0.7132987910189983,0.7694723956609104,"HDC;ST8SIA1;IL1RL1",0.8895076770968825,0.7213395638629284,,
"DURANTE_ADULT_OLFACTORY_NEUROEPITHELIUM_RESPIRATORY_HORIZONTAL_BASAL_CELLS",29,-0.2573208240035057,-0.8584205805729672,0.728310502283105,0.7837127371273713,"ALDH3A1;CLDN4;HSPB1;SLC25A5;PKM;KRT18;PHLDA2;KRT8;KRT19;ELF3;S100A2;SFN;AQP3;ATP1B3;CD9;PRDX1;KRT23",-0.8601128243686865,0.7730773634594099,,
"MANNO_MIDBRAIN_NEUROTYPES_HNPROG",184,0.2053549544157814,0.8912624005430184,0.7286585365853658,0.7837127371273713,"RHOH;BHLHE22;ASB2;STK17B;TSPAN11;NKX2-3;MIAT;KIAA1755;THSD7A;PDE1A;BOC;ABCA1;ARHGAP28;DOK5;GULP1;IGF2BP1;MAP6;PDPN;PMAIP1;MAT2B;MFNG;MLLT11;SRL;RFTN2;EFS;CCDC152;PTX3;ZC3H12C;ANOS1",0.8694070671897722,0.8194835020622421,,
"DESCARTES_MAIN_FETAL_THYMIC_EPITHELIAL_CELLS",137,-0.19710252561206387,-0.8998391383744203,0.7337110481586402,0.7879796168094272,"ARMC6;D2HGDH;RPS7P10;NUBP2;CUX1;ANO9;TRAPPC12;DNASE1L2;APTX;KIAA1549;PGBD2;FLVCR1;NEURL4;TAFAZZIN;FRS3;CLTCL1;RTCB;GPHN;FTLP14;FAAH2;CTSV;TYK2;PNCK;LINC01273;MST1R;NEURL2;KCNIP3;RBM15-AS1;PLEK2;MTG1;LINC00173;NUBPL;LINC01605;EARS2;KREMEN2;NALT1;BCAS4;ARMC10;SUV39H2;GUCA1B",-0.8540677643545025,0.9040324781659389,,
"DURANTE_ADULT_OLFACTORY_NEUROEPITHELIUM_SUSTENTACULAR_CELLS",33,-0.24430818935515503,-0.8433362439906554,0.7350230414746544,0.7882226412268819,"MT3;WFDC2;CLDN4;POR;TFF3;GSTP1;S100P;MUC5AC;KRT18;KRT8;KRT19;CYB5A",-0.5241310231502534,1,,
"GAO_LARGE_INTESTINE_ADULT_CF_GOBLET_CELL_SUBTYPE_1",23,-0.25327566050707206,-0.8062495040802866,0.7399103139013453,0.792293344974007,"TBX10;KLK15;FAM174B;GALNT8;PFKFB4;GPR153;FAM177B;LRRC26;RASD2;MYRIP;TPSG1",-0.5891792707076245,0.9917543669306715,,
"DESCARTES_FETAL_LUNG_NEUROENDOCRINE_CELLS",54,-0.22024731320798577,-0.8481842602322099,0.7457627118644068,0.7970022624434389,"RHBDL1;HES6;FIBCD1;RAB26;SLC18A1;NR0B2;KLK12;NDUFB2-AS1;VGF;KCNH2;RIMKLA;VWA5B2;GPX2;CHDH;TMEM198;KCNIP3",0.785516883038864,0.8642310507151441,,
"HE_LIM_SUN_FETAL_LUNG_C7_TM4SF4_POS_CHODL_POS_NEURON_CELL",37,0.24943307194127823,0.8312219871470272,0.7465034965034965,0.7970022624434389,"POU2F2;ARHGEF3;SYNPO2;SGIP1;MAB21L2;SNX10;TSHZ3",1.1184369630658544,0.33837152351711314,,
"DESCARTES_FETAL_EYE_SKELETAL_MUSCLE_CELLS",91,-0.20532967917351502,-0.8823218574724764,0.7481108312342569,0.7975454676594281,"TRIB3;ATP2A1;TNNC1;NPM3;TRIM54;TNNC2;MYL6B;SRPK3;EME1;PACSIN3;TMEM38A;GAL3ST1;FZD10;TRIM32;PPP2R3B;GAMT;AK1;MAMSTR;ENO3;TNNT1;TRIM72",0.8731203871135054,0.7614480402116123,,
"TRAVAGLINI_LUNG_GOBLET_CELL",136,0.20555198342081707,0.8699979955439274,0.7507739938080495,0.7986755924100846,"CHL1;C3;SLC15A2;CTSC;TNFSF10;IFI16;NIBAN1;CP;PLAAT4;DHRS9;SLC26A2;TGM2;C15orf48;PLEKHS1;GLIPR2;A4GALT;SLC4A4;CTSB;ADGRF1;KRT7;UGP2;PSMB10;SLC6A14;CRABP2;SCNN1B;VMO1",0.8782170062129794,0.7813784196313256,,
"DESCARTES_FETAL_HEART_ELF3_AGBL2_POSITIVE_CELLS",25,0.27153902110366385,0.8168769960120071,0.7513711151736746,0.7986755924100846,"CLIC6;CP;CRLF1",0.9523567420782145,0.6096614507420055,,
"BUSSLINGER_GASTRIC_PREZYMOGENIC_CELLS",56,-0.2202586059572045,-0.854332331611038,0.7607655502392344,0.8074792243767313,"RGMB;EPHB3;ATF4;PDIA2;PGC;CA9;HDLBP;PALM3;ENAH;JUN;XYLT2;ZNF395;PABPC4;SPDEF;TCEA3",-0.858778845155744,0.8056604585143448,,
"BUSSLINGER_DUODENAL_K_CELLS",18,0.282858620330267,0.7862976140799811,0.762962962962963,0.8086293592862936,"CHGA;DEPP1;SOCS3;PRRG4;BCL9L;SCG2;KCTD12;CACNA1A;SCG5",0.9712092074497598,0.5912144039928168,,
"DESCARTES_MAIN_FETAL_LENS_FIBRE_CELLS",130,-0.19299036944251932,-0.8720556963890574,0.7945205479452054,0.840848276688366,"GSS;EPS15L1;NOL3;FAM222A-AS1;ZFYVE21;GPR89B;LRSAM1;FN3KRP;LINC02177;HSF4;PROX1-AS1;SRP54-AS1;CRYBB3;ELOA-AS1;NFE2L1-DT;HDAC6;NPLOC4;RNF25;FHIT;SORD;TMEM42;TIMELESS;LYPD6;SEC14L1P1;LDLRAD3;FLYWCH1;DNMBP;CARHSP1;TPM3P9;H2AZ2P1;KNOP1;DICER1-AS1;TMPRSS5;RASGRF1;CRYGS;TIGD6;SPTBN5;CTBP1-DT;KCNMB2-AS1;BEND3P1;ZNF761",-0.887685245151967,0.8294874948749488,,
"DESCARTES_FETAL_PLACENTA_PAEP_MECOM_POSITIVE_CELLS",120,0.2035768631675957,0.8343405925431829,0.815359477124183,0.8616462596683506,"MAL;SLC18A2;CX3CL1;CP;EVC;GPX3;DOK5;RNF180;UGT2B7;MFSD4A;LIF;ADGRF1;NNMT;KLK10;UCA1;CYS1;B4GALNT2;TNFAIP6;MTF1;GEM;TACSTD2;COMP;BDKRB2;DEFB1;CCDC148",0.8046827921482516,0.8980041625947113,,
"DESCARTES_FETAL_MUSCLE_SATELLITE_CELLS",19,0.25771894616795976,0.7325286677900532,0.8278388278388278,0.8735624840276003,"CHRDL2;MT1M;EDN3;SPATS2L;ERFE;GALNT14",0.9173976884271805,0.6514114502247157,,
"DESCARTES_FETAL_PANCREAS_ISLET_ENDOCRINE_CELLS",65,-0.197174594513574,-0.7933315844712456,0.8450363196125908,0.8904156285032525,"TRPM5;SERPINA10;RAB26;MLXIPL;PTPRN2;KLK12;RBP4;MUC5B;HADH;VWA5B2;ASB9",0.5608000292250899,1,,
"GAUTAM_EYE_IRIS_CILIARY_BODY_COL9A1_HIGH_CILIARY_BODY_CELLS",94,0.20350594960659912,0.8027980398206735,0.8495867768595041,0.8939130434782608,"FAM107A;PTGDS;SLC15A2;CA2;SPART;RELN;GNG11;BOC;LRRN2;FRZB;UGCG;CPEB4;PALLD;PHACTR2;TBC1D9;FGFR1;MXRA7;MEGF9",0.8509166838217873,0.8056604585143448,,
"MANNO_MIDBRAIN_NEUROTYPES_HPROGM",255,0.187989864081026,0.8582031456191094,0.8624113475177305,0.9060935431228254,"ABCA8;JAM2;CHRDL1;MMRN1;ENPP2;TSPAN11;RSPO3;CYYR1;SERPINF1;CNTN4;MMP2;STON1;VIM;SULF1;JAM3;RERG;GULP1;TXLNB;GASK1B;IGF2BP1;KLHDC8B;FNDC1;MAP6;SFRP2;SLIT2;CAP2;RBMS1;TMEM47;PLXDC2;SALL1;PTX3;CCDC8;ARHGAP24;CTHRC1;TRAM2;FRMD3;DSC2;KCNMA1;SDC2;MAML2;PDGFC;NOX4;PPP1R3C;TMSB15A;UCP2;CCN1;CRISPLD1;ARAP2;ZFP36L1;PBXIP1;FZD1;FOXP2;SYT2;PAM;KCNG1;NECTIN3;LIPG;RAI14;H2BC9;CD47;EFEMP2;ANXA5;BMP4;NRCAM;KIF2A;CCN2;PLCL1;CYTL1;GDPD2",0.9655189679615866,0.6186036827981864,,
"DESCARTES_FETAL_ADRENAL_CSH1_CSH2_POSITIVE_CELLS",125,0.19645505097308036,0.8177392804261715,0.8670886075949367,0.9096912270432427,"KMO;EFEMP1;ACKR2;TFPI2;HSPB8;OLR1;SVEP1;PKIB;GPX3;DEPP1;CAP2;CLIC5;TGM2;STEAP4;ANXA1;HOPX;KRT7;ADAM12;INHBA;PAPPA;SPTLC3;ADRB1;LINC00578;SLC52A1;ITGB6",0.9592132846665505,0.6184928552575389,,
"DESCARTES_FETAL_STOMACH_PARIETAL_AND_CHIEF_CELLS",22,0.2384479298504915,0.6979416849256604,0.8694096601073346,0.9108101201124458,"GREM2;AOC3;MFSD4A;SERPINA5",-0.8788466206805583,0.6885379166182789,,
"GAO_LARGE_INTESTINE_24W_C8_GOBLET_CELL",40,-0.20832610834275925,-0.750155466607684,0.8841607565011821,0.9249289758211212,"ATP2C2;PTPRN2;ZMYND8;MUC5B;SPDEF;SBNO1;PLEKHA6;MAP7;SCNN1A;ENTPD8;SYT7",-0.9036692809987734,0.7160849772382398,,
"DESCARTES_MAIN_FETAL_SYNCYTIOTROPHOBLASTS_AND_VILLOUS_CYTOTROPHOBLASTS",74,-0.19197966308061698,-0.7856632093152851,0.8859223300970874,0.9254382901445835,"SND1;SLC19A1;TUBA5P;SLC13A3;ACSS1;SPINDOC;RPIA",-0.7066356464264152,0.9917543669306715,,
"DESCARTES_MAIN_FETAL_SQUAMOUS_EPITHELIAL_CELLS",73,0.2042730604863418,0.7701191452255167,0.8875638841567292,0.925820948129002,"GBP1P1;CLCA4;KRT16;KRT6A;C15orf48;RNF39;DENND2C;KRT17;H1-2;TIPARP;CSTA;SLC28A3;FOSL1;SLK;KRT6B;DUOXA1;GSDMC;LYPD3;NTN1",0.7177553236315505,0.9707114845938375,,
"DESCARTES_MAIN_FETAL_RETINAL_PROGENITORS_AND_MULLER_GLIA",30,-0.21208181916541702,-0.7188486606108839,0.8934240362811792,0.9305966288954606,"EPHB2;NOTCH1;UQCRHL;DAPL1;RFC3;AOC2;GRB10;GATB;C5orf34;KLHL8;TOX3;FAM184B;ADORA2B",-0.5362638419216823,1,,
"DESCARTES_FETAL_EYE_LENS_FIBRE_CELLS",30,0.22111875194214128,0.6961739691912557,0.9001782531194296,0.9362885555368278,"KMO;LSAMP;HSPA6;BIRC7;CAPRIN2;MBOAT1;PALM2AKAP2",0.6328845975039459,0.9707114845938375,,
"HE_LIM_SUN_FETAL_LUNG_C0_MESENCHYMAL_2_CELL",275,-0.17352500548028496,-0.8645583296949033,0.9131944444444444,0.9484680495946589,"KIAA1958;CENPM;MID1IP1;EMC9;NUDT14;KIF18B;PKMYT1;SPAG5;MYBL2;KIF22;ANPEP;KIFC1;FZR1;TRAIP;AURKA;SPC24;SERINC2;BIRC5;UBE2C;AURKB;POC1A;C21orf58;GTF2IRD1;GINS2;TROAP;CDC20;IGFBP2;SLC25A33;TK1;CDCA3;CDC45;PLK1;ZWINT;FAM83D;DSN1;GPR37;TOP2A;FANCA;TPX2;RHBDD2;CDCA8;LMNB2;TACC3;UBE2S;ASF1B;MXD3;DTNB;PGP;KPNA2;UHRF1;UBE2T;CDKN3;KIF4A;CENPO;CIB2;TRIP13;NCAPH;CCNB2;PIMREG;LMNB1;GTSE1;NETO2;AEBP2;KNSTRN;PRC1;KIF20A;B3GALNT2;CDCA5;SGO1;CENPP;HJURP;COLEC11;CENPA;TRIOBP;HSPA12A;IL17D;PITX2;B3GALT6;FHL2;TUBB2B;SKA3;CCNB1;MAD2L1;KIF2C;NEIL3;CCNA2;KIF23;CENPF;FANCI;SPC25;CISD1;CDC25C;ZNF93;ARHGAP33;MID1;EZH2;THNSL2;GPC4;MKI67;MCM4;CENPE;PTTG1;PITX1;ARHGAP11A;ATAD5;KIF15;HMGN5;DBF4;BRCA2;CCDC74B",-1.0507136120445406,0.35568496949528566,,
"DESCARTES_FETAL_STOMACH_MUC13_DMBT1_POSITIVE_CELLS",83,-0.18331469250395016,-0.7734423902658618,0.9225,0.9546351084812624,"KHK;ONECUT2;ANXA13;CDX1;OTC;BAIAP2L2;SLC5A9;TM4SF20;IYD;EPS8L3;PRSS3;NR1I2;CES2;EPS15-AS1;PCK1;CHST13;HKDC1;FZD5;MAMDC4;MYO7B;ANKS4B;MTTP;ABCC6P1;MEP1A;CDHR2;PDZD7;LINC00543;MUC3A;CPS1;GK;GUCY2C;PLA2G12B;SLC6A20;LGALS4;RBP2;VIPR1",-0.5165788219798098,1,,
"DESCARTES_FETAL_PLACENTA_SYNCYTIOTROPHOBLASTS_AND_VILLOUS_CYTOTROPHOBLASTS",46,0.20699385435683057,0.7143628257850955,0.9225473321858864,0.9546351084812624,"SIGLEC6;GCNT4;FRMD6;ANKRD65;SLC38A9;CRISPLD1;RASSF6;ADCY2;KCNG1",0.7394034455468024,0.9202063375092114,,
"DESCARTES_MAIN_FETAL_HEMATOPOIETIC_STEM_CELLS",37,0.2009158956552467,0.6695411668397188,0.9230769230769231,0.9546351084812624,"PRAM1;CD244;IRAK3;IL12RB2",-0.7918304005083528,0.8719327267714364,,
"MURARO_PANCREAS_EPSILON_CELL",40,-0.19594330797522053,-0.7055665984071723,0.9267139479905437,0.9561589805825244,"TM4SF4;VSTM2L;ASGR1;SERPINA10;ANXA13",0.7584781638469305,0.8940764357356905,,
"DESCARTES_FETAL_INTESTINE_CHROMAFFIN_CELLS",48,-0.1935802770938057,-0.7271687243003164,0.9271844660194175,0.9561589805825244,"RAB26;MNX1-AS1;LINC01811;FOXA2;SLC18A1;KCNK17",-0.8740369011159362,0.7717930545712262,,
"DESCARTES_MAIN_FETAL_PAEP_MECOM_POSITIVE_CELLS",122,0.1878583893216694,0.7755805491898357,0.9294871794871795,0.9571740316421167,"NAPSB;IDO1;WARS1;ZNF826P;EVC;UGT2B7;SLC16A6;NNMT;RNF144B;UCA1;MYOF;LINC01426;GLIS3;B4GALNT2;SLC35B3;MAP3K5;ARID5B;MTF1;COMP;SESTD1;BDKRB2;DEFB1;ZNF383;MSANTD2;CDYL2;LINC01705;CXCL14",0.6869355564131604,0.9984374725679874,,
"CUI_DEVELOPING_HEART_RIGHT_ATRIAL_CARDIOMYOCYTE",31,0.2067892293747533,0.6603364585217383,0.9363957597173145,0.9629225517772951,"KLK6;CALB2;UCP2;COL9A1;PAM;HHIP-AS1;INPP1;CAV1;MTMR9;BMAL2;RASSF8;NR4A2;GNAL;DUSP2;DES",0.8280772984768416,0.7813784196313256,,
"DESCARTES_FETAL_PANCREAS_ACINAR_CELLS",34,-0.19951194930227723,-0.6926103422518135,0.9392523364485982,0.9644719687092568,"AMBP;AKR7A3;AKR7L;CEL",0.6837897487747596,0.9593459005223712,,
"DESCARTES_FETAL_LIVER_ERYTHROBLASTS",36,0.1980754500484216,0.654750643546586,0.9405594405594405,0.9644719687092568,"HDC;ACKR1;A4GALT;TMOD1;TRAK2;ANK1;GRASLND",0.9015884768954061,0.6980499400873564,,
"BUSSLINGER_DUODENAL_LATE_IMMATURE_ENTEROCYTES",161,0.18126458710666518,0.7828496175792103,0.9452887537993921,0.9679543515632704,"HLA-DRA;HLA-DRB1;MAF;CD74;GBA3;CA2;UGT2B17;LIPA;ITM2B;CYBRD1;SLC26A3;UGT2A3;GATM;UGT2B7;CLIC5;MME;SLC2A5;SLC4A4;GNG12;PBLD;PDK4;ABCG2;MGAM;CYP2C9;NCOA4;CREB3L3;HSD17B2;ABCA5;REEP3;MEP1B;LPCAT3",0.9171223699088826,0.6912896745680998,,
"ZHONG_PFC_C3_MICROGLIA",389,0.17500610164546757,0.8276528983498819,0.9475806451612904,0.9689345751930941,"PRKCB;KCNA3;RIPOR2;CYRIA;PIP4K2A;BHLHE22;PRKAR2B;ANK2;ACKR1;LRRN3;DCLK1;CHGB;NELL2;FLRT2;LSAMP;FYN;GNAO1;NAP1L3;ATP1B2;SDK1;ARL4C;MAPK10;OPTN;TCF4;DTX1;CACNA1E;RUNX1T1;RAMP3;DOK5;MDGA1;SASH1;MATK;TENM4;PLXNA4;MAP6;PRRT2;CAP2;MEG3;GUCY1A1;FAM110B;UCHL1;CCDC184;PPP3CB;DPYSL4;SV2A;NECAB1;SLIT1;AKT3;BMERB1;FKBP1B;MYH10;EIF4EBP2;ZC2HC1A;AMPH;MAP1B;REEP2;DPYSL3;PGM2L1;CDC42EP3;PXK;RNF112;SEPTIN4;APBB1;THY1;NCAM1;TNKS2;NAV1;MAST4",1.0688513406140132,0.3655812250129704,,
"LAKE_ADULT_KIDNEY_C5_PROXIMAL_TUBULE_EPITHELIAL_CELLS_STRESS_INFLAM",347,0.17303154180781977,0.8109442110275015,0.9501347708894878,0.9691046789086004,"PPP1R16B;GNGT2;PLCG2;WIPF1;CAMK4;LSAMP;ADAMTS8;ZNF826P;SNX29;RASSF4;CNTN4;CYTH1;SLC7A7;DZIP1;RORA;SLC26A3;OPTN;RASGEF1B;TMT1A;GPX3;BCL2;ENOX1;NT5C2;TENM4;SLIT3;MIR100HG;DLG2;PDZD2;RUNX1;TNS1;NRP1;MME;MCTP1;PDE4D;SLC4A4;FRMD4A;SLC47A1;DOK6;CUBN;GCNT2;FRMD3;HECW1;PRICKLE2;FRMD4B;ZBTB16;ROBO2;OGA;SEMA4D;ANK1;NFKBIA;ITSN1;PPP1R21;SCAF8;PRKAG2;ARID4A;CTSH;SUCLG2-DT;TENT5A;NRG1;CHRM3;FMN1;PTPRG;NUMB;OSBPL1A;SLC7A8;PNISR;KIFC3;PCSK5;ARHGAP42;KIAA1671;AKAP13;ZC3H6;USP8",0.801341291003936,0.9707114845938375,,
"HE_LIM_SUN_FETAL_LUNG_C1_MUC5AC_POS_ASCL1_POS_PROGENITOR_CELL",43,0.19130204051893884,0.6564110636272318,0.9515570934256056,0.9691046789086004,"CRISPLD2;CACNA2D1;FAM13C;CPXM2;MFNG;USHBP1;SARDH",0.9840520831906363,0.5426497277676952,,
"DESCARTES_FETAL_LUNG_SQUAMOUS_EPITHELIAL_CELLS",160,0.180965019628116,0.779845860267613,0.9526717557251908,0.9691046789086004,"MAL;DKK2;APOBEC3A;CEACAM7;CDKN2B;KRT16;OAS2;B3GALT5-AS1;SAMD9;C15orf48;RNF39;HOPX;TINCR;SCEL;ADGRF1;BEST1;IGF2;MAP1LC3B;DSC2;YPEL3;KRT17;VSIG2;CSTA;TACSTD2;FAM83A;MUC4;ADGRF4;KCNG1;TP53INP2;MARCO;RRAGC;THAP1;DUOXA1;PI4K2A;DOCK9-DT;AHNAK2;LYPD3;XDH;ABHD5;IL1RN;YBX3;ZNF555;WFDC21P;IER5;MOSPD1;GABRP;GLTP;LCN2;SERPINB5;PADI1;SPINK5;MT2A;PRSS27;GCNT3;BNIPL;RAB9A",1.0059896108925577,0.4944861979349582,,
"DESCARTES_FETAL_STOMACH_ERYTHROBLASTS",69,-0.17749179255786612,-0.7162127997569343,0.9530864197530864,0.9691046789086004,"SLC25A39;UBE2O;HMBS;PPME1;BIRC5;BLVRB;CDC20;FAM83D;ALAD;SLC38A5;MXD3;RBM38;UROS;CDKN2D;CDCA5;EIF2AK1;INCENP;SPC25;MAP2K3;SHCBP1;HBB;CAT;KIF15;UROD;SLC14A1;CROCCP2;CPOX;SLC25A37;SPTB;OSBP2;ABCA7;E2F2;GCLC;XPO7",0.67545787583583206,0.9815497210706793,,
"MENON_FETAL_KIDNEY_6_COLLECTING_DUCT_CELLS",89,-0.17320155312711188,-0.7428725890830643,0.9699248120300752,0.9817949302151242,"EIF1;COA3;PDHA1;WFDC2;LRPAP1;PPDPF;CLDN4;HSPB1;ENO1;GSTP1;PTPRF;JUN;CLTC;EPCAM;KRT18;TSTD1;HDAC1;MGST3;NEDD4L;SPINT2;KRT8;COBLL1;ECHDC2;KRT19;CYB5A",0.5504110146242603,1,,
"BUSSLINGER_DUODENAL_GOBLET_CELLS",16,0.20756496958132636,0.5513684441672904,0.9704724409448819,0.9817949302151242,"CLCA1;ITLN1;LYZ",-0.6245983292771581,0.9861187089715536,,
"GAO_LARGE_INTESTINE_24W_C10_ENTEROCYTE",51,0.176585288386996,0.6263088204336016,0.9708904109589042,0.9817949302151242,"SPIB;CEACAM7;AQP8;MCF2L2;KCNJ5;GUCA2A;PARP12;SLC41A2;STEAP1;MOGAT2;ZNF264;RARRES1;SI;RNPC3;CYP3A5;CA7;CLDN23;NBEAL1",1.037599372531971,0.4881504934994556,,
"FAN_OVARY_CL11_MURAL_GRANULOSA_CELL",429,0.16891578451714243,0.8072127060035653,0.9709762532981531,0.9817949302151242,"IRF4;S100B;PRDM1;SGK1;PRKAR2B;STK17B;LRRC8C;CTSC;TRIB2;MIR22HG;DSE;IL6ST;RNF19A;NEXN;VIM;SELENOP;GPX3;MCL1;ITGAV;RAB31;FILIP1L;GATM;CFI;PARP11;GASK1B;HMOX1;PPP1R12B;HEY2;HSPA6;PMAIP1;MARCKS;RBMS1;KLF6;VCAN;DNAJB4;RHOBTB3;SLC46A3;C6orf62;HOPX;RGS10;SRPX;IFI35;CEBPD;UBE2D1;ZNF281;YPEL2;BMPR2;RIOK3;HIF1A;FOSL2;LIPH;LHFPL2;LGR4;PHACTR2;DSEL;CD59;CMTM6;DPYSL3;ATXN1;MARCHF7;ANXA6;ACSM3;PLAT;ITSN1;TSHZ2;CCN1;KDM5A;SFRP4;TENT5A;ARPC2;BCAT1;KLHL24;THBS1;LIMS1;SINHCAF;PIM1;CHSY1;RDX;ZFAND5;PHEX;MARCHF5;SEC31A;SEPTIN10;CITED2;RAB5A;BAMBI;GREB1;CSRP2;TIA1;CD47;MACF1;PHF6;RYBP;GJA1;AFF4;CCN2;DST;HAPSTR1;MTMR2;FNDC3B;DDX17;ARF4;TAX1BP1;PTGER2;YAP1;TUBA1A;USO1;AZIN1",0.6988380602430623,1,,
"DESCARTES_FETAL_INTESTINE_ERYTHROBLASTS",112,0.1726320931246731,0.7028010995352623,0.9770491803278688,0.9865614811099204,"CHST2;SNX22;TSPAN32;TAL1;RSAD2;NPL;NHLRC4;RIPOR3;TMCC2;FECH;TBCEL;CPEB4;ERMAP;PHOSPHO1;SGMS1;TMOD1;DYRK3;ATOSB;TCP11L2;H1-2;BPGM;TRAK2;ANK1;GPLD1;SPECC1;FAM117A;TRIM58;PIM1",0.9277504803200566,0.6615297787275108,,
"FAN_OVARY_CL17_PUTATIVE_APOPTOTIC_SMOOTH_MUSCLE_CELL",229,0.1688825850908703,0.7621680917162091,0.9787835926449788,0.9869401225836869,"A2M;PLEKHO1;LITAF;MSN;CRISPLD2;LBH;MIR22HG;HSPB8;NR4A3;PTN;STOM;PNRC1;ADAMTS1;AKAP12;GPX3;CTSL;EPAS1;GABARAPL1;AXL;MAP3K7CL;TIMP3;MYLK;CREM;FRZB;IGFBP7;MYH11;STAT3;BGN;PDGFRB;PDK4;COL18A1;CD59;RGS5;MAP1B;CRYAB;LRCH3;IQCG;FGFR1;ARID5B;GEM;PRKAR1A;CLIC4;ADAMTS4;ZNF331;ARID5A;PEA15;C11orf96;LIMS1;DEGS1",1.1305520003829452,0.2340595429235131,,
"AIZARANI_LIVER_C39_EPCAM_POS_BILE_DUCT_CELLS_4",179,0.16437022209339516,0.7118843103967704,0.9938931297709923,0.9994682811266123,"CCL2;CSF1;TNFAIP2;CX3CL1;CPM;RNF19A;MMP7;BIRC3;NCOA7;BICC1;KLF6;UGCG;SPSB1;LIF;EDN1;KRT7;SOD2;GPRC5B;UCA1;INHBA;TPM4;CD59;CRYAB;NEDD9;CRIM1;NFKBIA;SGMS2;TACSTD2;CXCL1;TENT5A;IL32;NRG1;THBS1;DEFB1;UBE2B;TRNP1;SPATS2L;EGFR;SAT1;VCL;CD47;ANXA5",0.7627610175670454,0.9707114845938375,,
"GAO_ESOPHAGUS_25W_C1_CILIATED_EPITHELIAL_CELLS",316,0.15781135361185789,0.7356813691681365,0.9945130315500685,0.9994682811266123,"ITGAL;CD38;PLCG2;TOGARAM2;SYTL3;BASP1;PLCB2;WARS1;WAKMAR2;NELL2;NOVA1;USP2;SYNE1;CHST11;SNX29;CIMAP1B;CP;PHTF1;DHRS9;NHLRC4;IKZF4;KIF17;MPDZ;ARMC2;NRP2;PLEKHS1;RARB;CEP162;USP51;GALC;INPP5B;RASA3;C5AR1;OTUD1;DNAI4;STX7;TRPC1;HHLA2;LGR4;PRICKLE2",-0.8054293521833663,0.9975953280659566,,
"AIZARANI_LIVER_C30_HEPATOCYTES_4",374,0.15822661021663023,0.7450110061526405,0.9959239130434783,0.9994682811266123,"NUGGC;IL6R;A2M;TNFSF14;GPR82;ABCA6;CFH;PTAFR;BHMT2;TMEM106A;FAM20A;FMO3;AR;ZNF101;CP;SDS;WNT2B;C1R;PLIN4;IDS;ABCA1;RAB27A;ELL2;ST3GAL6;VSTM4;COLEC12;ZNF154;PPP1R12B;MREG;STEAP4;ITIH3;KLF6;RHOBTB3;CPEB4;STAT3;PIK3C3;ARL10;CHRD;GNE;H6PD;RIOK3;FOXO1;IKBIP;MFAP5;ZNF641;COL18A1;SLC23A2;LRCH3;NEDD9;CYP2C9;MEGF9;MAST4;ABLIM3;LEPR;ITSN1;HELB;FOXO3;TSHZ2;BCL6;CXCL1;SH3PXD2A;CYB561A3;TENT5A;ABCA5;KCNMB1;FMN1;SNAP29;TUT7;SGMS1-AS1;ZMAT3;ZFAND5;CCBE1;ACER3;PNISR",0.776745056581161,0.9917543669306715,,
"CUI_DEVELOPING_HEART_TRABECULAR_ATRIAL_CARDIOMYOCYTE",175,-0.14591995507764743,-0.6846415640464032,0.997093023255814,0.9994682811266123,"ERBB2;CYP51A1;RPN2;AKAP1;AIFM1;MARS1;SURF4;TMEM38B;COX6A1;SLC11A2;SLC3A2;NEU1;VEGFA;PLXNB2;RDH11;DAG1;MMP15;BSG;EPRS1;CTSV;GPAA1;NOMO1;NDUFB9;HSPA5;MESD;PGRMC1;TNFRSF12A;PDIA3;PPIC;CYP2J2;OS9;EMP2;SPCS2;P4HA1;ATP11A;LAPTM4B;LGALS3BP;SLC38A1;ATP1A1;ATP2A2;SPINT2;FRAS1;TMX2;NFE2L1;MSMO1;SPTAN1;GPC1;HEPH;RNF207",0.5824904868635242,1,,
"DESCARTES_MAIN_FETAL_URETERIC_BUD_CELLS",17,0.16446381447347583,0.44877151519742414,0.9980916030534351,0.9994682811266123,"SPMIP4;TBC1D9;SCNN1B;MTCO1P12;NIPAL4",0.6353412862206658,0.9469064946334897,,
"DESCARTES_MAIN_FETAL_MUC13_DMBT1_POSITIVE_CELLS",53,-0.14362715191055758,-0.5522366027917709,1,1,"ZNF653;PRR15L;OCLN;TM4SF20;AGPAT2;EPCAM;PLA2G4E;ODC1-DT;ZC3H12B;LINC02901;RPL3P2;PWP2;ZNF774;ZNF443;LINC01979;MUC3A;RPS3AP5",0.6166497148675177,0.9992696629213483,,
