"pathway","size","ES","NES","pval","padj","leading_edge","NES_no_cov","padj_no_cov","robust_no_covariate","collapsed_main"
"FAN_OVARY_CL10_PUTATIVE_EARLY_ATRESIA_GRANULOSA_CELL",265,-0.7098543305318976,-3.170027811011333,1.9308750676901041e-59,1.4018152991430157e-56,"POLR2I;POLR2L;NEDD8;NDUFA11;UQCR10;PFN1;COPE;COX8A;PSMB6;ATP5MF;PPP4C;ATP5ME;SERF2;NDUFB8;NDUFA13;NDUFA2;PSMB3;CIAO2B;COX4I1;NDUFB7;MYL6;UQCR11;TMEM258;PSMC3;AP2S1;GADD45GIP1;NDUFS5;ANAPC11;CYC1;SELENOH;NDUFS8;ATP5MJ;ALDOA;PSMB5;PTRHD1;DNPH1;PSMD4;POLR2F;SRSF9;LSM7;MZT2B;ELOB;DYNLL1;GAPDH;NME1;RPS14;OST4;ATP5PO;PRDX2;PPP1CA;DYNLT1;TIMM13;TMSB10;RBX1;UQCRQ;ATP5MG;ZNF428;STOML2;TPI1;LY6E;NDUFA3;ROMO1;PSMB7;PHPT1;TRAPPC4;SNRPD2;NDUFA12;LSM4;ERH;COX5B;NDUFS6;H2AZ1;GNG5;COPS9;AURKAIP1;HSBP1;PIN1;COX7A2;HIGD2A;RAN;SNRPF;ACTB;UBL5;COX6B1;APRT;ATP5IF1;RPL35;TRMT112;SLIRP;PKM;NDUFC1;SNRPC;ECHS1;DMAC1;NDUFAB1;COPS6;FDXR;S100A16;HINT1;PHB1;SLC25A5;MPST;PARK7;PSMB2;SMARCB1;PLEKHJ1;MRPL16;COX5A;TUBA1B;SNRPD1;NHP2;SLC25A6;NDUFB2;CALM3;TUBB;ATP5F1B;GSTP1;LCMT1;CFL1;ATP5MC1;MZT2A;IFI27;ATP5F1A;AP2M1;RPS19;COX7C;NDUFA1;BANF1;MDK;NDUFB11;ATP5MC3;RPL3;RANBP1;TBCB;ATP5MC2;MRPL51;APEX1;FSCN1;ATP5F1C;GABARAP;YWHAE;MDH2;PSMA7;ACTG1;NDUFS4;MARCKSL1;DGUOK;PSMA3;SNRPG;SRP14;PRMT2;CLIC1;NDUFB4;SPINT2;CSTB;AMH;SSBP1;VPS29;PEBP1;MYL12B;ECH1;PRDX3;NDUFA4;EAPP;SNRPE;MGST3;PSMA4;TMSB4X;SEM1;NME4;ATP5PF;SNRPN;GTF2H5;PTMA;PPDPF;UROS;HMGN2;TUBA1A;ATP5MK;MRPS21;GPX3;TNNI3",-3.1634721356055646,4.260904441435981e-57,TRUE,
"RUBENSTEIN_SKELETAL_MUSCLE_MYELOID_CELLS",341,-0.6443416963478119,-2.9212368024157653,2.172076107579487e-52,7.884636270513538e-50,"BLOC1S1;NEDD8;PFN1;HCST;SERF2;GPX1;ATP6V0B;CCL3;UBA52;COX4I1;AP2S1;SELENOH;ATP5MJ;ALDOA;PRELID1;OAZ1;GAPDH;NICOL1;RPS14;OST4;SSR2;PPP1CA;DYNLT1;TMSB10;RPL28;HLA-DMA;LAMTOR4;ATP5MG;BID;TYMP;RPS16;EIF3K;LAMTOR1;RPS21;PYCARD;ATP6V1F;RPLP2;CST3;MRPL52;RHOG;RPS2;NDUFB1;NOP10;CALHM6;TSPO;HSBP1;RAB5IF;CYBA;WDR74;EIF4EBP1;EIF3F;COX7A2;HIGD2A;RPL26;ACTB;RPS9;FTH1;CD74;NPC2;HLA-DPB1;HLA-DRB1;RPS28;RPS13;RPS23;ARPC1B;ATP6V0E1;RPL27;LAMTOR2;SMDT1;TYROBP;HLA-DRA;STXBP2;VAMP8;TALDO1;CXCL8;SLC25A5;RPLP1;ATP6V0D1;RPS29;RPL37;COX5A;SMCO4;SLC25A6;CRIP1;GSTP1;CFL1;UQCRH;NFKBIA;RPL17;TIMP1;RPL36AL;BCL2A1;RPS19;COX7C;EIF4E2;LST1;PCBP2;CLEC2B;RPL22L1;EMP3;ATP5MC2;RPL23A;YBX1;ARRB2;HLA-DPA1;CD48;RNASET2;SH3BGRL3;GABARAP;RPL38;RPL34;TKT;CARD16;TXNDC12;RPS12;PGLS;CORO1A;S100A8;SNHG8;CD52;S100A9;CITED2;CD14;GMFG;RPS3A;CTSZ;PRR13;EIF1;RPS4X;GLRX;RPL19;S100A6;RPL41;EEF1A1;CSTB;LIMD2;FCGR1A;SERP1;VPS29;FCER1G;SPI1;GLIPR2;LAPTM5;FXYD5;PRDX3;ATP5PB;CEBPB;PPT1;RPL30;RNF130;RPL15;SPG21;UQCRFS1;DUSP2;IFNGR2;RGS10;PLP2;POLE4;S100A11;LILRA5;IL1B;SNX3;EEF1B2;PGK1;TMSB4X;LYZ;JUND;FCGR3A;CAPZB;SRGN;DNAJB1;CPVL;IGSF6;REEP5;SFT2D1;STX11;AIF1;CTSB;PLEK;ITGB2;PLAUR;JUNB;PILRA;ZFAS1;RPL32;NACA;RPL11;BLOC1S2;SSR3;ARHGDIB;TNFSF13B;HCK;S100A4;SEC11A;LSM6;SOD2;CD53;LSP1;EFHD2;CASP1;SERPINB1;FPR1;ENSA;PSAP;LY96;CASP4;CD83;IFI30;TPM3;NDUFB3;ATP5F1E;ENY2;NDUFB5",-2.8440731027692654,2.3643288969293925e-46,TRUE,
"FAN_OVARY_CL13_MONOCYTE_MACROPHAGE",455,-0.5815268950365595,-2.688368416631576,4.186207856370175e-48,1.0130623012415824e-45,"BLOC1S1;POLR2L;PFN1;COPE;COX8A;ATP5MF;HCST;PPP4C;SERF2;GPX1;ATP6V0B;UBA52;NDUFA13;PSMB3;MYL6;RNF181;UQCR11;AP2S1;BLVRB;ATP5MJ;OAZ1;TRAPPC1;GAPDH;CHCHD10;PPP1CA;ATOX1;HLA-DMA;WARS1;LAMTOR4;RBX1;BID;PSMB9;PCBP1;TYMP;GPX4;PET100;PYCARD;SSR4;ATP6V1F;TUBB4B;CST3;RHOG;NDUFB1;COX7B;GNG5;NOP10;CIB1;PSME2;PPIF;CALHM6;TSPO;AURKAIP1;HSBP1;CYBA;ACTB;ELOF1;DPP7;DDX39A;SPHK1;COX6B1;FTH1;CD74;NPC2;HLA-DQB1;HLA-DPB1;HLA-DRB1;PKM;ENO1;ARPC1B;ATP6V0E1;ISG15;GSTO1;VMO1;LAMTOR2;NINJ1;UPP1;PIM3;TYROBP;HLA-DRA;SEC61B;HES4;LGMN;LGALS1;VAMP8;CALR;TALDO1;HLA-DRB5;CXCL8;HLA-DMB;ATP6V0D1;HSPE1;COX5A;ARPC4;PRDX1;POLR2E;CRIP1;MRPL18;TAPBP;MGAT1;IL4I1;CFL1;CTSD;NFKBIA;CD63;RNH1;TIMP1;BCL2A1;ADRM1;BRI3;CDC37;G0S2;HLA-C;LST1;CYTOR;GLA;LMNA;ZFAND2A;CNPY3;STX4;TAGLN2;EMP3;GRN;YBX1;ARRB2;EHD1;HLA-DPA1;CD48;RNASET2;HSPB1;HLA-A;ISG20;SH3BGRL3;HSPA6;YWHAH;GABARAP;CTSL;CARD16;C1QA;RAB5C;LDHA;HMGA1;PGLS;KYNU;CORO1A;GRINA;LAP3;CD52;S100A9;FKBP4;ANXA2;CD14;GMFG;LGALS9;TUBA1C;SYNGR2;CTSZ;NAPA;PRR13;CLIC1;SLC16A3;SDS;ADA;S100A6;GNAI2;CSTB;LIMD2;VPS29;FCER1G;SPI1;CXCL16;WTAP;GLIPR2;LAPTM5;FXYD5;ARHGDIA;CEBPB;HLA-B;PPT1;ATF5;LGALS2;RILPL2;RNF130;HAVCR2;GNA15;DOK2;IFNGR2;RGS10;S100A11;CXCR4;SNX3;PGK1;TMSB4X;LYZ;RAB8A;ANXA5;CAPZB;SRGN;CAPG;HLA-DQA1;CPVL;TNIP1;IGSF6;MAP2K3;ALOX5AP;SFT2D1;STX11;ACAA1;AIF1;CTSB;PLEK;ITGB2;FCGR2B;FABP5;PLAUR;VSIG4;ATP5MK;EVI2A;BTG1;BLOC1S2;UBE2L3;ARHGDIB;TNFSF13B;S100A4;SEC11A;B2M;SOD2;FCGR2A;CTSC;GSTK1;CD53;LSP1;BAX;EFHD2;CASP1;SERPINB1;SERPINB9;CACYBP;RHOA;PSAP;LY96;HMOX1;CASP4;CD83;CREM;IFI30;TPM3;CXCL2;LACTB;WAS;ATP5F1E;CD86;FGR",-2.5417274852629683,1.8115068703487865e-37,TRUE,
"BUSSLINGER_DUODENAL_TRANSIT_AMPLIFYING_CELLS",191,-0.7218063738246834,-3.1388659509929635,2.7796330400392737e-47,5.0450339676712815e-45,"UQCR10;PFN1;COX8A;SF3B5;ATP5MF;ATP5ME;COX6A1;FAU;COX4I1;RPS5;NDUFS5;CYC1;ATP5MJ;ALDOA;RPL18A;GAPDH;REG1A;RPS14;TUFM;ATP5PO;CHCHD10;RPS15;TMSB10;RPL28;UQCRQ;ATP5MG;TPI1;RPL18;RPS16;EIF3K;RPLP2;COX5B;H2AZ1;RPS2;COX7B;RPS8;MT2A;RPL8;PSME2;PHB2;RPLP0;RACK1;COX7A2;RAN;RPS15A;RPL26;RPL13;RPS3;RPS9;RPS11;RPL36;COX6B1;ATP5IF1;RPS18;PSMA5;RPL35;RPS28;ENO1;RPS13;RPS23;NDUFB9;RPL27;NDUFAB1;HINT1;RPL7A;PHB1;SLC25A5;RPLP1;RPS29;RPL29;HSPE1;RPL37;COX5A;TUBA1B;PRDX1;ATP5F1B;CHCHD2;GSTP1;ATP5MC1;RPL17;ATP5F1A;RPL10A;FBL;RPS19;COX7C;NDUFA1;ATP5MC3;RPL13A;RPL3;RPS6;RPL27A;ATP5MC2;YBX1;SLC25A3;ATP5F1C;RPL38;PPIA;RPL34;KRT18;ACTG1;RPS12;SNHG29;AGR2;HMGA1;CPS1;RPL9;RPL35A;RPL10;EEF2;RPS3A;ATP5PD;RPL5;RPS4X;CLIC1;RPL19;RPL41;EEF1A1;IDH2;ECH1;CDC42EP5;COX6C;ATP5PB;RPL37A;RPL15;UQCRFS1;KRT8;RPL12",-3.132032571950361,1.2951498630422095e-44,TRUE,
"SU_HO_CONV_CENT_CHONDROSARCOMA_C3_CHONDROBLASTIC_OSTEOSARCOMA",410,-0.5694398510087421,-2.6190835653755618,9.941703273329211e-40,1.4435353152874014e-37,"BABAM1;ATP6V0B;MYDGF;NDUFB7;GET3;LSM2;STX10;PEMT;TRIR;AGTRAP;SEC13;YIF1A;ZNRD2;PTRHD1;ATPAF2;RPL18A;POLR2G;SOD1;TMEM11;TUFM;ATP5PO;PRDX2;VKORC1;DYNLT1;CRELD2;STX5;B9D1;PPIB;LAMTOR1;NDUFA12;C19orf53;SSR4;HAPLN3;PSMD13;HCFC1R1;TRAPPC3;RER1;GNG5;NOP10;SIL1;TMEM101;ULBP2;USE1;HEXA;MED19;SRM;PSMA5;CBR1;PXMP2;PKM;TMEM179B;SDF2;RFXANK;B4GALT7;ELAC2;TMED1;YIPF2;C1orf122;COPS3;TWF2;DRG2;NUDT14;TRAF4;DHRS7B;ZFYVE21;TSPAN4;CALR;SDF4;TALDO1;TMEM219;COA8;DDOST;TMED3;RPS29;DNASE2;PSMB2;MANF;SWI5;MTCH1;CD151;PLEKHF1;SURF4;ATP5MC1;STX8;CCS;CD63;RNH1;HYAL2;ZSWIM7;SHISA5;DNAJC4;TECR;CDC37;CHST12;ATRAID;MRPL37;FARSA;NANS;TMEM134;S100P;OGFOD3;LRPAP1;MAN1B1;B3GAT3;DUSP14;PRDX4;PSMC2;UNC93B1;FKBP11;YIPF3;KRT10;PTS;HSPB1;CISD2;ISG20;RHOD;TP53I13;PPP1R16A;SREBF1;MDH2;PYCR1;PGLS;ALKBH5;MICA;FABP3;ERGIC3;GIPC1;SERPINH1;ANXA2;COLGALT1;MAGOH;BEX5;CHID1;TMEM42;PEX10;PHLDA2;TMEM9;RPS3A;ILVBL;PCMT1;P3H1;ELOVL1;RPL5;ERP29;TMEM14C;ITGB1BP1;OSTC;IMPDH2;BCAP31;TRPV2;PEPD;GLT8D1;PPIC;CZIB;PPIL1;ARHGDIA;ATP5PB;PPT1;PRPSAP2;CLIC3;MMP1;RPL15;DYNLRB1;UQCRFS1;IAH1;AGPAT2;SLC39A7;POP4;PSMA4;TRIM47;TOLLIP;SPCS2;SLC35B1;TMEM120A;C11orf24;CYB5R1;FLII;TXNL1;VWA1;P4HB;SLC52A2;LRRC59;RTRAF;SLC35B2;P3H3;FABP5;RAET1L;TRPV4;P3H4;ATP6AP1;CDKN2A;EMC3;YJU2B;HDDC2;SERINC2;SLC39A13;RRAGA;TPBG;CNIH1;PRKCSH;GPRC5C;TMEM50B;PPA1;PYGB;PMP22;NEU1;GMDS;SERPINB5;DPY30;FKBP3;ARSI;GORASP2;GALE;BZW2;TMED10;FLCN;ATP1B3;GTF3C6;SELENOF;DHCR7;CPNE1;SCPEP1;PYGL;HOXB2;CTSA;DNAJB11;SPON2;VDAC2;PSMC6;CD99;ERG28;SSR1;PDIA4;PSMC1;FADS2;TNFRSF11B;SCARB1;TUBB2A",-2.6184437297416325,2.509483441903782e-38,TRUE,
"RUBENSTEIN_SKELETAL_MUSCLE_SATELLITE_CELLS",300,-0.6144008118495413,-2.760573952583949,3.332787728303715e-39,4.032673151247495e-37,"ATP5MF;UBA52;FAU;COX4I1;GADD45GIP1;RPS5;NDUFS5;ATP5F1D;ALDOA;RPL18A;GAPDH;RPS14;ATP5PO;CHCHD10;RPS15;TIMM13;RPL28;ATP5MG;RPL18;RPS16;PSMB7;EIF3K;SNRPD2;RPS21;RPS10;RPLP2;CST3;NDUFS6;RPS2;RPS8;RPL8;MRPL20;COPS9;RPLP0;RACK1;HSBP1;WDR74;EIF3F;HIGD2A;RAN;EDF1;SNRPF;RPS15A;RPL26;RPL13;RPS3;RPS9;RPL36;APRT;RPS18;MICOS13;RPL35;RPS28;RPS13;RPS23;NDUFB9;RPL27;SMDT1;ZFYVE21;MT1X;RPL7A;RPLP1;APOC1;PARK7;RPS29;RPL29;HSPE1;RPL37;TUBA1B;SNRPD1;NHP2;RPSA;SLC25A6;COMT;TUBB;CHCHD2;TOMM7;UQCRH;ATP5MC1;CD63;RPL17;MT1E;ATP5F1A;RPL10A;EIF3D;RPS19;CEBPD;BANF1;APOE;ATP5MC3;LMNA;RPL13A;RPL3;RPS6;RPL22L1;ATP5MC2;PPP1R14B;RPL23A;SNHG32;UXT;SLC25A3;RPL38;PPIA;RPL34;RPS26;MDH2;RPS12;NDUFS4;SNHG8;RPL9;RPL35A;UBXN1;RPL10;EEF2;RPS3A;EIF1;RPL5;RPS4X;CNBP;RPL19;S100A6;RPL41;EEF1A1;IMPDH2;PEBP1;CSRP2;FAM162A;PRDX3;NDUFA4;RPL30;RPL37A;AK1;RPL15;SPG21;CCT3;UQCRFS1;SNRPE;RPL31;RPL12;RARRES2;EEF1B2;NAA20;JUND;ANXA5;RPS27A;HSPA8;PTMA;HMGN2;JUNB;TUBA1A;RPL24;FUNDC2;PDLIM4;ZFAS1;EEF1D;RPL32;NACA;COX7A2L;HDDC2;RPL11;TPT1;DUT;S100A4",-2.7346860391068475,9.518143708549262e-37,TRUE,
"SU_HO_FOETAL_FEMUR_C0_TRANSITIONING_CELL",185,-0.6979267300062549,-3.0338252700436645,4.3802758139814214e-39,4.542971772786446e-37,"C12orf57;UQCR10;NDUFB10;SF3B5;ATP5ME;SERF2;FAU;CIAO2B;TMEM258;RPS5;NDUFS5;PTRHD1;RPL18A;LSM7;NME1;RPS14;SNU13;PRDX2;RPS15;FIS1;SSR2;ATP5MG;NENF;RPL18;RPS16;EIF3K;PPIB;SNRPD2;RPS21;C19orf53;ATP6V1F;RPS10;COX5B;RPS2;COX7B;RPS8;RPL8;RPLP0;RACK1;EIF3F;EDF1;RPS15A;RPL26;RPL13;RPS3;RPS9;RPS11;UBL5;RPL36;EIF3I;FTH1;RPS18;TRMT112;RPS28;RPS13;TMEM256;RPS23;COA3;EIF3G;SELENOM;SEC61B;RPL7A;RPLP1;DDOST;PARK7;RPS29;PRDX1;CUTA;ALKBH7;TOMM7;UQCRH;ATP5MC1;CD63;RPL17;MT1E;RPL36AL;RPL10A;EIF3D;RPS19;ATRAID;NDUFA1;ATP5MC3;RPL3;PRDX4;RPS6;RPL22L1;ATP5MC2;RPL23A;UXT;KRT10;RPL38;RPL34;RPS12;SNHG8;RPL9;RPL35A;RPL10;RPS3A;RPL5;RPS4X;TMEM14C;RPL19;NDUFB4;KDELR1;RPL41;EEF1A1;RAB13;NDUFA4;RPL30;RPL15;RBP4;SNX3;EEF1B2;RPS27A;UFC1;RPL24;ZFAS1;EEF1D;RPL32;NACA;COX7A2L;RPL11;TPT1",-3.085664472792595,1.631708995967427e-40,TRUE,
"SU_HO_CONV_CENT_CHONDROSARCOMA_LEUKOCYTE_C4_OSTEOCLAST",461,-0.5503882226876652,-2.5452693113188767,2.3330763305412995e-38,2.117266769966229e-36,"COX8A;MRPL43;NDUFA9;ATP5ME;MRPS34;ATP6V0B;SLC25A11;NDUFA6;MRPS2;COX4I1;UQCR11;NAA10;ECI1;NDUFS3;CYC1;MRPL41;TMEM147;C1QBP;ATP5F1D;MLST8;NDUFS8;ALDOA;PTRHD1;PTPMT1;ETFB;UQCRC1;TXN2;NME3;ATP5PO;CHCHD10;CENPX;MRPL12;C15orf61;TIMM13;ATOX1;TMSB10;ATP5MG;TPGS1;HSD3B7;IDH3G;NENF;TXNDC17;MRPL23;EIF3K;MRPL4;MCRIP2;CST3;COX5B;H1-10;PTGES2;COX7B;GRHPR;NDUFV1;PHB2;COX7A2;HIGD2A;MPG;ORAI1;MRPL40;SPHK1;NPC2;AKR7A2;FBXW5;PKM;ARPC1B;ATP6V0E1;HMG20B;UBAC1;ECHS1;EIF3G;HSD17B8;MRPS15;TWF2;PRADC1;JAGN1;POLD2;EBP;MRPL36;DDA1;ARL2;SLC25A5;MPST;THOP1;PARK7;TOMM22;SPR;HAGHL;COX5A;CUTA;ALKBH7;CTNNBIP1;NDUFB2;CALM3;ATP5F1B;CARHSP1;UQCC2;NSMCE1;UQCRH;ATP5MC1;C19orf48P;RHOF;HYAL2;ATP5F1A;DNAJC4;EIF3D;CDK5;COX7C;MRPL37;NDUFA1;MLF2;NDUFS2;PFKP;COMMD3;ATP5MC3;URM1;DUSP14;CYSTM1;RPL27A;NUDT2;GRN;ATP5MC2;PICK1;PPP1R14B;TSPAN15;APEX1;TPGS2;TNNI2;FH;SLC25A3;SHFL;ATP5F1C;ACP5;IGFBP6;MRPL57;DYRK4;SLC25A4;MDH2;PPP2R1A;PSTPIP1;TKT;TCIRG1;ACTG1;UBTD1;BOLA3;CISD3;ZNF581;ATP6V1E1;GMPR2;CLEC11A;SQOR;STAP2;MAPKAPK5-AS1;TRAP1;BBLN;ANXA2;OCIAD2;RILP;GOT1;DEF8;NDUFV3;ITGB1BP1;NFATC1;IDH2;UQCRC2;TRPV2;PTTG1;BACE2;ECH1;GUCD1;ADI1;RAB38;CDC42EP5;PRDX3;ATP5PB;RAB13;NDUFA4;PRPSAP2;OSCAR;PSMD3;CCT3;UQCRFS1;XKR8;CYB5R3;AIG1;PGAM1;ORAI3;CALHM2;RGS10;COQ8A;TNNT1;NFKBIL1;RPP25;RGS19;MID1IP1;ZDHHC4;MRPL15;PA2G4;FLII;PMPCB;POLD4;NME4;PDHB;GLRX3;PPP1R7;MGMT;MRPS33;ACAA1;DGKZ;LAT2;LILRB4;MATK;ATP6AP1;ATP5MK;EVI2A;SIGLEC15;COX7A2L;HDDC2;CYTH4;BLVRA;ARHGAP10;SYCE1L;ZNF467;SLC39A13;MVP;SEC11A;SNX10;TIMM9",-2.48122129842003,9.264918757157041e-35,TRUE,
"SU_HO_CONV_CENT_CHONDROSARCOMA_C5_CHON2",256,-0.6364784696940149,-2.842482377965114,4.376773014665023e-38,3.530596898496452e-36,"C12orf57;POLR2I;NDUFS7;TRAPPC2L;ATP5ME;SNHG25;UFD1;NDUFA6;NOSIP;UQCR11;PSMC3;PARL;RPS5;TMEM147;SRA1;ATP5F1D;FIBP;PRELID1;MRPL54;REX1BD;RPS19BP1;SNU13;ORMDL2;WARS1;MEA1;COX14;UQCRQ;STOML2;FAM174C;NDUFA3;MRPS12;IMP3;THAP7;PET100;MRPS18C;EIF3K;PSMD8;SNRPD2;CHCHD5;SURF2;COX5B;CCDC124;SNHG19;SURF1;EMG1;TIMM44;PHB2;CCDC85B;PSMC5;EDF1;COX6B1;MICOS13;TRMT112;NDUFAF3;SLIRP;MIEN1;MRPL34;NDUFB9;CREB3;UBXN6;UPP1;EIF4A3;PSMC4;CLTA;SNF8;SHMT2;EMC4;BRMS1;SLX9;DRAP1;DEDD2;CCDC107;TSSC4;RPL36AL;PRKAG1;ADRM1;NDUFA8;SRPRB;CDK4;LENG1;CHMP2A;COPZ1;CITED4;TBCB;NUDT2;LONP1;TIMM50;SGTA;MRPL49;NUDC;EBNA1BP2;ARPC5L;MRPL57;NSFL1C;SLC25A4;PITX1;CTSL;PSMD14;KRT18;TOMM40;EMC7;TMX2;ATP6V1E1;PSMA3;SEC61G;UBXN1;FKBP4;SMIM7;MAP2K2;PPM1G;CCT7;KIF9;GOT1;ATP5PD;EXOSC5;PRR13;CHLSN;ERCC1;DTD1;SERP1;SSBP1;TTC1;BUD23;ATF5;SEC11C;YBEY;RBCK1;RPA3;GTF2F1;SEC61A1;NR1H2;SPCS1;TNNT1;GRPEL1;PGK1;PA2G4;MARS1;RBM42;PSMD7;POLR2C",-2.8503160878747567,4.0479823026159554e-38,TRUE,
"BUSSLINGER_DUODENAL_DIFFERENTIATING_STEM_CELLS",302,-0.6090072911451369,-2.7385411804282986,3.4176518949370935e-37,2.4812152757243296e-35,"PFN1;COX8A;SF3B5;ATP5MF;SERF2;COX6A1;FAU;COX4I1;RPS5;NDUFS5;CYC1;C1QBP;RPL18A;SOD1;GAPDH;REG1A;RPS14;TUFM;ATP5PO;RPS15;TMSB10;RPL28;UQCRQ;RPL18;RPS16;EIF3K;LSM4;RPLP2;COX5B;H2AZ1;RPS2;COX7B;RPS8;MT2A;RPL8;PHB2;PPIF;RPLP0;RACK1;COX7A2;RAN;SNRPF;RPS15A;RPL26;RPL13;RPS3;RPS9;RPS11;RPL36;ATP5IF1;RPS18;RPL35;SLIRP;RPS28;PKM;ENO1;RPS13;RPS23;NDUFB9;SNRPB;RPL27;NDUFAB1;HINT1;MT1X;RPL7A;SLC25A5;RPLP1;RPS29;RPL29;HSPE1;RPL37;COX5A;TUBA1B;CKS2;TUBB;ATP5F1B;CHCHD2;GSTP1;ATP5MC1;RPL17;MT1E;ATP5F1A;RPL10A;FBL;RPS19;COX7C;MCM7;BANF1;ATP5MC3;RPL13A;CLDN3;RPL3;TRIM28;RPS6;RPL27A;ATP5MC2;PCNA;YBX1;APEX1;GAS5;SLC25A3;RPL38;PPIA;RPL34;CCT2;MDH2;TKT;KRT18;ACTG1;TOMM40;RPS12;SNHG29;AGR2;HMGA1;CPS1;SNHG8;RPL9;RPL35A;AHCY;RPL10;ANXA2;HNRNPAB;EEF2;SNHG5;RPS3A;ATP5PD;RPL5;RPS4X;CLIC1;RPL19;RPL41;EEF1A1;IMPDH2;IDH2;ECH1;CDC42EP5;PRDX3;COX6C;ATP5PB;NDUFA4;RPL30;RPL37A;RPL15;CCT5;UQCRFS1;SNRPE;RPL31;KRT8;RPL12;PLP2;EEF1B2;PDLIM1;NOP56;KRT19",-2.7270516351943326,4.697421004061049e-36,TRUE,
"RUBENSTEIN_SKELETAL_MUSCLE_T_CELLS",180,-0.6829332146822533,-2.950196128348759,9.898696277321833e-35,6.53313954303241e-33,"PFN1;HCST;UBA52;FAU;NOSIP;RPS5;RPL18A;RPS14;OST4;RPS15;RPL28;ATP5MG;RPL18;RPS16;RPS21;RPS10;RPLP2;RPS2;RPS8;IL32;RPL8;RPLP0;RACK1;CYBA;EIF3F;RPS15A;RPL26;RPL13;RPS3;RPS9;RPL36;APRT;RPS18;RPL35;RPS28;RPS13;RPS23;ARPC1B;RPL27;HINT1;RPL7A;RPLP1;RPS29;RPL29;RPL37;RPSA;CUTA;CRIP1;CD3D;TOMM7;RPL17;RPL36AL;RPL10A;EIF3D;RPS19;COX7C;CD7;RPL13A;RPL3;RPS6;RPL27A;EMP3;RPL23A;SNHG32;UXT;CD48;ISG20;LCK;SH3BGRL3;RPL38;RPL34;RPS26;RPS12;CORO1A;SNHG8;RPL9;RPL35A;CD52;RPL10;OCIAD2;GMFG;RPS3A;EIF1;RPL5;RPS4X;ERP29;RPL19;RPL41;EEF1A1;LIMD2;SERP1;LAPTM5;FXYD5;RPL30;RPL37A;RPSA2;RPL15;RPL31;RPL12;PLP2;CXCR4;EEF1B2;TMSB4X;RPS27A;HSPA8;CD3E;JUNB;RPL24;BTG1;ZFAS1;EEF1D;RPL32;RPL11;TPT1;ARHGDIB;LTB;UBE2D2",-2.896818993673956,1.4293161128013059e-31,TRUE,
"LAKE_ADULT_KIDNEY_C14_DISTAL_CONVOLUTED_TUBULE",182,0.6361602006810976,3.3520346121215794,2.7460100856090038e-34,1.6613361017934473e-32,"PARD3B;SBF2;TBC1D5;ANKRD26;FMN1;COBLL1;SCAPER;OPHN1;PTPN4;RNPC3;NAALADL2;USP24;KIAA1217;DST;VPS13B;UBR3;BRAF;FTX;LRBA;CPEB4;FNDC3B;WNK1;ATXN1;MTR;ANK3;TRPM7;VWA8;ARHGAP5;SVIL;TNRC6A;PNISR;MBD5;KIAA1958;NFE2L2;MSI2;CLASP1;PDE8A;EXOC6B;ZNF704;USP25;MAP4K3;TSC22D2;RORA;MAML2;AHI1;RALGAPA1;NCOA1;INPP4B;ZNF518A;MEF2A;MECOM;SAMD12;ITPR1;RERE;PPP2R3A;OXR1;NAV2;TRIM2;KANSL1;ARB2A;RHOBTB3;RBM25;THRB;FHOD3;ABCA5;AGAP1;EXOC4;TCF12;KLHL3;CBLB;NHS;PTPRG;OSBPL3;ADGRL2;CACNA1D;FGD4;SIK3;ESRRG;DACH1;FBXL17;NEDD4L;SLC8A1;ABLIM1;WSB1;SNHG14;XIST;LRCH1;JPX;TOX3;RNF150;AK3;PKP4;SNX29;VAV3;NR3C2;TNRC6B;TAPT1-AS1;CGNL1;CCSER1;BTBD9;PLCL1;DYNC2H1;KLF12;DNAAF9",3.3532790540194655,4.441798824141912e-33,TRUE,
"LAKE_ADULT_KIDNEY_C2_PODOCYTES",194,0.6201249683372507,3.295627285547033,3.7876746736273793e-34,2.1152706254257517e-32,"PARD3B;TEAD1;TANC1;SBF2;KLF7;BMPR2;SEMA5A;ARHGEF12;CERS6;EEA1;EML4;DST;FTX;CPEB4;ERBIN;FNDC3B;PLCE1;MACF1;PAN3;TMEM245;PSD3;MBD5;UNC5C;CRIM1;MSI2;ERC1;NES;PHACTR4;SLK;ROCK1;MGAT5;EPB41L5;PTPRD;HIVEP2;ANKRD36;PLA2R1;SEPTIN11;MAML3;NCOA1;FAT1;UACA;LUC7L3;TJP1;MYO1D;ROBO2;ADD3;CEP112;FMNL2;TET2;ZNRF3;CAST;NEBL;ANKRD12;LRRC2;KIF1B;GOLIM4;PDE7B;VTI1A;ANKRD11;AHNAK;NLK;ZSWIM6;PARD3;MYO1B;CACNB2;THSD7A;PRKG1;FRY;NPNT;MYO1E;RBMS1;CDK6;KIRREL1;RASSF8;SGIP1;PICALM;RYR3;CBLB;PAWR;CCDC91;CSPP1;IGF1R;UTRN;CDC14A;SIK3;PDLIM5;DACH1;DLG2;KLHL29;MIB1;XIST;CTTNBP2;ARHGAP28;ITGA1;RNF150;BACH1;BCKDHB;MME;MAGI2;MYH9;RDX;ITGAV;NFASC;DYNC2H1;COL4A4;CMYA5;CALD1;CLIC5;ADAMTS9;PALS1;KCNQ1OT1;RETREG1;SRGAP1;FCHSD2",3.4591171331184003,1.8545469649941893e-38,TRUE,
"LAKE_ADULT_KIDNEY_C20_COLLECTING_DUCT_INTERCALATED_CELLS_TYPE_A_CORTEX",140,0.6798540890914853,3.468785598185541,1.961247159623736e-32,1.0170467413477373e-30,"RAPGEF2;SBF2;COBLL1;FNBP1L;SCAPER;NCOA2;AKAP9;DSP;MAGI3;KIAA1217;BDP1;UBR3;BRAF;CPEB4;DLG1;ATXN1;MTR;WWP1;MAGI1;SEMA3C;PNISR;CAB39;PSD3;CLIP1;MSI2;ARL15;TBC1D14;FNDC3A;MAP4K3;PRKN;MYO10;RALGAPA1;NCOA1;PPP1R12B;ITGA6;PRKCE;PRKCA;LUC7L3;MYO1D;RUFY3;KIF21A;MOB1B;ITPR1;RERE;TFCP2L1;OXR1;TRIM2;ITPR2;TBC1D4;ZSWIM6;SNTB1;RBM25;PDE1C;THRB;CACNB2;HIPK2;ABCA5;THSD7A;RALGPS2;RCAN2;PRKG1;SETBP1;NRXN3;EPS8;ARHGAP18;GNAQ;PICALM;ADGRF5;ADAMTSL1;OSBPL3;FGD4;ESRRG;FBXL17;NEDD4L;GLCCI1;SNHG14;XIST;MBNL1;IGFBP5;SLIT2;NR3C2;CGNL1;BTBD9;KANSL1L;ITGAV;PLCL1",3.456014422269433,1.6602632986463377e-30,TRUE,
"FAN_OVARY_CL18_B_LYMPHOCYTE",416,-0.529571154869448,-2.4376234785047584,9.628722158384186e-31,4.660301524657946e-29,"PFN1;COPE;PSMB4;SIVA1;HCST;GUK1;COX6A1;GPX1;ATP6V0B;UBA52;FAU;EIF5A;PSMB3;COX4I1;UQCR11;SEC13;TXNL4A;JTB;CHCHD10;PPP1CA;RPL28;HLA-DMA;RBX1;BID;FKBP2;TYMP;SSR4;RPS10;TUBB4B;RPLP2;CST3;RHOG;GNG5;NOP10;CYBA;RAN;ELOF1;DDX39A;CDK2AP2;RPS11;APRT;FTH1;CD74;NPC2;HLA-DQB1;HLA-DPB1;HLA-DRB1;PSMA5;RPS28;PKM;RELB;ARPC1B;ATP6V0E1;CCDC12;RPL27;NINJ1;PIM3;TYROBP;TRAF4;HLA-DRA;SEC61B;HES4;SNF8;LGMN;HINT1;NFKB2;VAMP8;CALR;TALDO1;HLA-DRB5;HLA-DMB;PARK7;ATP6V0D1;RPS29;HSPE1;RPL37;COX5A;MANF;ARPC4;DEDD2;PRDX1;IRF7;CRIP1;MRPL18;TAPBP;LAGE3;CHCHD2;IL4I1;PAXX;RHOF;TUBA4A;ADRM1;CDC37;SRSF7;HLA-C;PSMC2;CNPY3;TAGLN2;EMP3;GRN;PPP1R14B;HLA-DPA1;RNASET2;NUDC;HLA-A;ARPC5L;ISG20;SH3BGRL3;MGAT2;RPS26;PSMD14;EIF6;RPS12;RAB5C;CORO1A;ALKBH5;SEC61G;SNRPG;P2RY6;FKBP4;PPM1G;SYNGR2;CTSZ;LLPH;PRR13;SELENOS;TGFB1;ERP29;DNAJA1;LIMD2;SERP1;FCER1G;LAPTM5;FXYD5;PSENEN;ARHGDIA;HLA-B;ATF5;SEC11C;RILPL2;CLIC3;PTGDS;RNF130;GNA15;H2AZ2;SEC61A1;SPCS1;PLP2;LSM1;CXCR4;EEF1B2;PGK1;SELENOT;NOP56;RAB8A;CYB561A3;SRGN;CAPG;P4HB;ISCU;HLA-DQA1;TNIP1;MAP2K3;RBM42;ALOX5AP;NCF1;MRPL47;MRPS6;HSPA8;PMAIP1;CTSB;PLEK;FABP5;MIR155HG;LILRB4;TUBB6;EMC3;GABARAPL2;BLOC1S2;VCP;SSR3;TPT1;UBE2L3;SAR1B;POLE3;ARHGDIB;LTB;TSPAN13;B2M;DHRS7;TCF25;CTSC;CD53;LSP1;SERPINB9;CACYBP;RHOA;VDAC3;ENSA;FMNL1",-2.3144486721136563,4.291126720205276e-25,TRUE,
"LAKE_ADULT_KIDNEY_C4_PROXIMAL_TUBULE_EPITHELIAL_CELLS_S2",159,0.6357035536286348,3.2838223837722293,4.210757460103585e-30,1.9106311975220017e-28,"RAPGEF2;PARD3B;EIF4G3;SBF2;ANKRD26;TRIO;SEMA5A;ZBTB38;MAST4;KIAA1217;ANKIB1;BDP1;PATJ;PTPRK;RASAL2;FTX;SSH2;DLG1;PLEKHA5;NCKAP5;ANK3;CLSTN2;WDFY3;VWA8;SVIL;DGKH;LPP;MBD5;CRIM1;PDE8A;AKAP13;MACC1;TTC28;VPS13A;PTPRD;RORA;MAML2;PRKN;FARP1;MEF2A;CDH6;FMNL2;RERE;OXR1;STOX2;GLS;ITSN1;KANSL1;ARGLU1;SASH1;RBMS3;ARHGAP26;PARD3;FHOD3;AGAP1;EXOC4;EPS8;TCF12;GNAQ;PICALM;NHS;PTPRG;IGF1R;SORBS2;PDLIM5;DLG2;KLF6;FOXP2;ABLIM1;COL4A1;PTK2;AKAP12;CNTN4;CUX1;UGT2B7;EPB41L4A;CREB5;PTPRM;KANSL1L;ITGAV;MAPK10;PLCL1;DYNC2I1;KLF12;SYNE2;CALD1;NBEA;RETREG1;TNIK;BICC1;ERRFI1;COL4A2;TMEM178B;DIP2C;GMDS-DT;SOX6;PRUNE2;PDE7A;SHROOM3;FKBP5;ITGB8;BNC2;SAMD4A;CLIC4;DNAH14",3.4280557408185106,1.4242950603820363e-31,TRUE,
"FAN_OVARY_CL4_T_LYMPHOCYTE_NK_CELL_1",245,-0.6002031348205482,-2.6706000026075607,1.5648845631318238e-29,6.682977604904142e-28,"POLR2L;PFN1;HCST;PPP4C;GUK1;COX6A1;RABAC1;UBA52;NDUFB8;NDUFA6;EIF5A;MYL6;TRIR;PLAAT4;UBB;GNLY;OAZ1;SOD1;PSME1;DYNLL1;GAPDH;SNU13;JTB;PPP1CA;RPL28;PSMB9;SSR4;TUBB4B;NOP10;IL32;CIB1;PSME2;AURKAIP1;RAB5IF;CYBA;RAN;CCL4;NKG7;FTH1;GZMA;HLA-DQB1;HLA-DPB1;HLA-DRB1;GZMH;PKM;ENO1;ARPC1B;ATP6V0E1;ISG15;SNRPB;IRF1;HINT1;CALR;RPS29;MANF;TUBA1B;APOBEC3G;CRIP1;CCL5;ATP5F1B;CHCHD2;CD3D;CFL1;SURF4;TUBA4A;ADRM1;CDC37;CHST12;SRSF7;HLA-C;TAP1;IFITM2;CD7;CTSW;PRF1;TAGLN2;EMP3;IFITM1;HLA-A;ISG20;SH3BGRL3;RPS26;DDIT4;GZMM;PSMA7;S1PR4;RBM8A;BUB3;RAB5C;LDHA;CORO1A;HLA-E;CD52;PRR13;EIF1;UBC;JPT1;TGFB1;CLIC1;TRBC2;CD247;S100A6;LIMD2;KLRD1;LAPTM5;FXYD5;ADGRE5;ARHGDIA;HLA-B;H2AZ2;PGAM1;DUSP2;DOK2;PLP2;S100A11;CXCR4;PGK1;TRBC1;SELENOT;TMSB4X;SRGN;ISCU;PAIP2;ALOX5AP;MRPS6;HSPA8;PTMA;ITGB2;CD3E;TRGC2;TUBA1A;TRAC;SH2D2A;BTG1;ARHGDIB;S100A4;B2M;TCF25;HMGB2;CD53;LSP1",-2.5546787890825873,1.6826873557424756e-23,TRUE,
"RUBENSTEIN_SKELETAL_MUSCLE_SMOOTH_MUSCLE_CELLS",436,-0.5137820565524494,-2.3718630192123435,3.347680515556055e-28,1.3502311412742755e-26,"UQCR10;NDUFS7;COX8A;PSMB6;NDUFB10;SIVA1;ATP5ME;COX6A1;FAU;NDUFA6;NDUFA13;COX4I1;NDUFB7;MYL6;PARL;RPS5;NDUFS5;CYC1;ATP5F1D;NDUFS8;ATP5MJ;ALDOA;UBB;SOD1;GAPDH;UQCRC1;ATP5PO;PRDX2;CHCHD10;FIS1;DYNLT1;COX14;UQCRQ;ATP5MG;STOML2;TPI1;NUPR1;MRPL23;DCTN2;EIF3K;PHPT1;HCFC1R1;COX5B;NDUFS6;COX7B;CAVIN3;MT2A;RPL8;TSPO;AURKAIP1;CNIH4;COX7A2;HIGD2A;RAN;ACTB;UBL5;COX6B1;FTH1;ATP5IF1;MICOS13;SLIRP;PKM;MAF1;NDUFB9;SELENOM;NDUFAB1;COPS6;ZFYVE21;HES4;RPL7A;PHB1;SLC25A5;RPLP1;PARK7;TOMM22;COX5A;CCDC107;NDUFA4L2;SLC25A6;CRIP1;CD151;SELENOK;MRPL18;NDUFB2;CALM3;ATP5F1B;UQCRH;MT1E;RPL36AL;ATP5F1A;MOB2;RPL10A;NDUFA8;AP2M1;ARPC1A;COX7C;NDUFA1;NDUFB11;ATP5MC3;LMNA;RPL3;CYSTM1;RANBP1;ATP5MC2;YBX1;SNHG32;COX7A1;NUDC;SLC25A3;ATP5F1C;MPC1;BRK1;GTF2A2;SOD3;NDUFS4;LDHA;LMO4;RPL9;SNCG;C11orf96;MT1M;CCT7;PHLDA2;RPS3A;ATP5PD;SELENOW;RPL5;RPS4X;CHLSN;CNBP;TMEM14C;ITGB1BP1;RPL41;UQCRC2;PEBP1;ECH1;ADI1;CSRP2;FAM162A;PRDX3;COX6C;ATP5PB;RAB13;NDUFA4;RPL37A;AK1;RPL15;DYNLRB1;UQCRFS1;IAH1;CYB5R3;AIG1;COX4I2;PGAM1;SPCS1;HIKESHI;MGST3;PLP2;PKIG;ISYNA1;IGFBP7;SNX3;MRPL32;SEM1;ISCU;BUD31;CRIP2;MRPS6;PDLIM7;PTMA;C1orf43;PPDPF;HMGN2;JUNB;TINAGL1;ATP5MK;WDR1;MICOS10;TIMMDC1;UBE2D2;S100A4;GADD45B;PTMS;CALM2;GBP2;MTHFD2;BAG1;MDH1;GPRC5C",-2.321633115400498,4.251307733828596e-25,TRUE,
"LAKE_ADULT_KIDNEY_C15_CONNECTING_TUBULE",148,0.631969118812341,3.2625227153012486,4.226750692983254e-28,1.61506368584518e-26,"EIF4G3;NFAT5;KMT2C;MED13L;SBF2;COBLL1;SCAPER;RNPC3;NAALADL2;RASAL2;BRAF;LRBA;SSH2;DLG1;FNDC3B;WNK1;ATXN1;ANK3;KIAA1958;NFE2L2;ARL15;EXOC6B;ZNF704;FNDC3A;CD2AP;ITGA2;USP25;MAP4K3;RORA;MAML2;YAP1;AHI1;RALGAPA1;PRKCA;MEF2A;AAK1;MECOM;NEBL;ITPR1;GLS;ARB2A;RHOBTB3;NLK;ARID5B;MYO1B;MLLT3;LCOR;FHOD3;KAZN;PRKG1;SETBP1;CDK6;TCF12;STARD13;GNAQ;OSBPL3;ADGRL2;SPIRE1;SIK3;ESRRG;DACH1;FBXL17;SLC8A1;WSB1;XIST;JPX;TOX3;GRIP1;SLIT2;VAV3;TRHDE;NR3C2;CSGALNACT1;CCSER1;BTBD9;KANSL1L;ITGAV;MAPK10;DYNC2H1;KLF12;ADAMTS9;TMTC2;LAMB1",3.272312644885126,9.672445452235299e-27,TRUE,
"RUBENSTEIN_SKELETAL_MUSCLE_NK_CELLS",220,-0.6110618178269172,-2.694125022257187,2.7760314125700853e-27,1.0076994027629409e-25,"PFN1;COPE;COX8A;HCST;SERF2;CCL3;PLAAT4;PRELID1;UBB;GNLY;TRAPPC1;PSME1;OST4;SSR2;PPP1CA;RPL28;ATP5MG;PSMB9;NDUFA12;RPS2;CIB1;PSME2;CYBA;RPS15A;ACTB;RPS3;CCL4;UBL5;NKG7;GZMA;GZMH;ENO1;ARPC1B;ATP6V0E1;SNRPB;RPL27;EIF3G;TYROBP;VAMP8;RPLP1;PARK7;DRAP1;RPS29;RPSA;CUTA;CCL5;NDUFB2;TUBB;PAXX;TLE5;CFL1;CTSD;RPL36AL;RAC2;RPS19;IFITM2;CD7;CTSW;NDUFB11;CLEC2B;PRF1;EMP3;ATP5MC2;RPL23A;CD48;ARPC5L;LCK;SH3BGRL3;RPS26;DDIT4;GZMM;PSMA7;RBM8A;ACTG1;CORO1A;SNRPG;CD52;GMFG;RPS3A;PRR13;EIF1;CLIC1;GLRX;CD247;RPL41;HNRNPF;OSTC;LIMD2;MYL12A;FCER1G;KLRD1;TPST2;LAPTM5;CLIC3;RPL15;DOK2;CCND3;SPCS2;SELENOT;TMSB4X;FCGR3A;CAPZB;SRGN;TBC1D10C;ALOX5AP;SFT2D1;RPS27A;UFC1;HSPA8;PLEK;PTMA;ITGB2;JUNB;BTG1;ARHGDIB;UBE2D2;S100A4;GADD45B;SEC11A;B2M;XBP1;DHRS7;CTSC;CD53",-2.6215441265017434,1.8376715570036704e-24,TRUE,
"LAKE_ADULT_KIDNEY_C17_COLLECTING_SYSTEM_PCS_STRESSED_DISSOC_SUBSET",229,0.5380464299842572,2.9370868853840455,3.320458596820591e-27,1.1182110245124164e-25,"RAPGEF2;NFAT5;MED13L;GAB1;JMJD1C;COBLL1;AFF1;ARHGEF12;AFF4;NAALADL2;MAGI3;KIAA1217;THSD4;BRAF;SSH2;SPAG9;ATXN1;ANK3;RANBP2;MBD5;NFE2L2;ERC1;HERC1;KIF13B;ARL15;ZNF704;FNDC3A;CD2AP;ITGA2;MACC1;EPB41L5;MAP4K3;TSC22D2;HIVEP2;RORA;ZNF292;PRKN;CLMN;AHI1;SLC38A1;MYO10;RALGAPA1;MAML3;IQGAP1;PRKCE;PRKCA;UACA;TJP1;MEF2A;AAK1;MECOM;TOP1;SAMD12;MYO1D;SMARCA2;CAST;FNIP2;ARID1B;GLS;ASAP2;HSPH1;AHNAK;NLK;ZSWIM6;SIK2;NEK1;MYO1B;FHOD3;PRKG1;LRRFIP1;EMCN;MYO1E;ESYT2;CCNL1;UBE2H;ARIH1;VCL;FHIP1A;PAWR;OSBPL3;EIF2AK3;ADGRL2;SPTBN1;SIK3;DLG2;FBXL17;NEDD4L;TRAK1;SLC8A1;KLF6;ABLIM1;WSB1;XIST;PDK4;GRIP1;IGFBP5;BACH1",2.9988227754039296,2.3659860307738666e-27,TRUE,
"LAKE_ADULT_KIDNEY_C27_VASCULAR_SMOOTH_MUSCLE_CELLS_AND_PERICYTES",147,0.62213014522885,3.1733617606385565,3.388518256098232e-27,1.1182110245124164e-25,"ROCK2;RAPGEF2;NBEAL1;MED13L;BMPR2;ZFHX3;ADGRL3;DST;PBX1;RASAL2;UBR3;THSD4;PDE3A;FTX;PAN3;CDC42BPA;DGKH;LPP;EPAS1;CRIM1;ZNF704;AKAP13;ROCK1;TTC28;CLMN;ANKRD36;MAML3;PPP1R12B;INPP4B;AKAP6;TJP1;MYO1D;ZEB1;DMD;ARID1B;HSPH1;ARHGEF7;RBMS3;ARID5B;AUTS2;CACNB2;RCAN2;PRKG1;FRY;A2M;NRXN3;ESYT2;ARIH1;VCL;EPS8;CDH13;CBLB;NHS;PAWR;PTPRG;KALRN;DLC1;UTRN;SIK3;SORBS2;PDLIM5;PPP1R12A;DLG2;SOX5;SLC8A1;COL4A1;WSB1;AKAP12;SYNPO2;LRCH1;ITGA1;MBNL1;CACNA2D1;IGFBP5;HIP1;MEF2C;MYH11;HPSE2;MYLK;TMTC1;MYH9;TNS1;PLCL1;SPARCL1;SLIT3;CALD1",3.4395150112353856,9.22846867158505e-32,TRUE,
"LAKE_ADULT_KIDNEY_C16_COLLECTING_SYSTEM_PRINCIPAL_CELLS_CORTEX",121,0.6665110779984273,3.326015250786331,7.155249490023763e-27,2.2585700564161967e-25,"ROCK2;NFAT5;BAZ2B;MED13L;COBLL1;AFF1;NAALADL2;MAGI3;THSD4;BRAF;FTX;LRBA;SSH2;SYTL2;FNDC3B;ATXN1;MTR;ANK3;MBD5;ERC1;ARL15;PDE8A;COL4A5;FNDC3A;CD2AP;MACC1;REV3L;PRKN;AHI1;SLC38A1;MYO10;MAML3;PRKCA;PTBP3;MECOM;SAMD12;SMARCA2;ARID1B;GLS;PDE7B;ARB2A;NLK;SIK2;THRB;FHOD3;KAZN;THSD7A;PRKG1;MYO1E;CDK6;STARD13;SIK3;DLG2;SLC8A1;WSB1;PTK2;SNHG14;XIST;TOX3;GRIP1;MIR99AHG;PAPPA;NR3C2;EPB41L4A;CCSER1;BTBD9;MAPK10",3.294585473161634,7.22898793722939e-25,TRUE,
"TRAVAGLINI_LUNG_CAPILLARY_INTERMEDIATE_2_CELL",400,-0.5120548727804293,-2.3523498494666817,6.204808335556333e-26,1.876954521505791e-24,"BLOC1S1;NAA38;POLR2L;NEDD8;UQCR10;PSMA6;GUK1;ATP5ME;SERF2;GPX1;UBA52;FAU;NDUFA13;NDUFA2;COX4I1;MYL6;RNF181;UQCR11;TRIR;NDUFS5;VAMP5;ATP5MJ;PRMT1;POLR2F;OAZ1;TRAPPC1;PSME1;RPS19BP1;ELOB;S100A13;OST4;FIS1;DYNLT1;ATOX1;TMSB10;RBX1;UQCRQ;PSMB9;NDUFA3;ROMO1;GPX4;PET100;MRPS18C;UBE2L6;LAMTOR1;SNRPD2;RPS21;NDUFA12;RPLP2;NDUFS6;NDUFB1;FKBP8;GNG5;MT2A;IL32;PSME2;COPS9;SUMO3;HSBP1;COX7A2;MPG;RPS11;UBL5;COX6B1;FTH1;ATP5IF1;HLA-DQB1;HLA-DPB1;RPL35;SLIRP;RPS28;NDUFB9;RPL27;HLA-DRA;LGALS1;SZRD1;VAMP8;CALR;TMEM219;ARL2;TUSC2;RPLP1;RPS29;IFITM3;RPL37;SELENOK;CALM3;CARHSP1;TLE5;TOMM7;CLTB;IFI27;MT1E;RPL36AL;CYB5A;ARPC1A;COX7C;IFITM2;CHMP2A;RPL27A;EMP3;YBX1;MRPS18B;SNHG32;COX7A1;SH3BGRL3;SSU72;GABARAP;YWHAE;RPL38;PPIA;RPL34;RPS26;DDIT4;BRK1;CARD16;APOL3;RPS12;MT1L;MRFAP1;SEC61G;IFI6;BBLN;S100A3;GMFG;MT1M;R3HCC1;ATP5PD;IFI27L2;SELENOW;NHERF2;CHLSN;NDUFB4;ARRDC2;S100A6;SERPINB6;RPL41;ARL2BP;EEF1A1;CSTB;MYL12A;TTC1;COX6C;C1orf54;RAB13;NDUFA4;RPL30;RPL37A;GYPC;DYNLRB1;H2AZ2;C22orf39;RPL31;HPCAL1;PKIG;CCND3;TMSB4X;ISCU;HLA-DQA1;BUD31;TNIP1;ATP5PF;SNHG6;RPS27A;PTMA;PDAP1;HMGN2;PDLIM2;ATP5MK;FCN3",-2.300989530323835,5.678425319086118e-23,TRUE,
"LAKE_ADULT_KIDNEY_C26_MESANGIAL_CELLS",171,0.5808068629166073,3.0357721163170384,4.365278385231337e-25,1.2676768430711801e-23,"ROCK2;RAPGEF2;NBEAL1;SH3D19;SBF2;BMPR2;AKAP9;USP53;DST;RASAL2;UBR3;PDE3A;FTX;RAPH1;SPAG9;WNK1;ITGA8;NKTR;CDC42BPA;DGKH;PSD3;LPP;EPAS1;UNC5C;CRIM1;HERC1;ROCK1;TTC28;TNS3;PTPRD;RORA;MAML2;RAPGEF5;PDS5B;MAML3;NCOA1;ASCC3;PRKCA;INPP4B;UACA;TJP1;TOP1;SAMD12;MYO1D;ANKRD12;ITPR1;HSPH1;EPB41L2;PDE7B;ARGLU1;LAMA2;ANKRD11;AHNAK;RBMS3;LMO7;ARID5B;HIPK2;PRKG1;EMCN;MYO1E;A2M;TCF4;RBMS1;EPS8;STARD13;PPARG;CBLB;ADGRF5;PTPRG;KALRN;DLC1;PIEZO2;ADGRL2;SPTBN1;UTRN;PPP1R12A;COL4A1;AKAP12;SEPTIN7;ITGA1;CACNA2D1;IGFBP5;MEF2C;DAAM2;PTPRM;TMTC1;MYH9;TNS1;COL12A1;PLCL1;IL6ST;TSC22D1;CALD1;NBEA;FRMD4A;DAPK2;TACC1;COL4A2;FCHSD2",3.184228621805562,3.6938540605091315e-28,TRUE,
"MENON_FETAL_KIDNEY_7_LOOPOF_HENLE_CELLS_DISTAL",255,-0.562200297710245,-2.508655120383306,1.4845166313157371e-24,4.145227208981635e-23,"POLR2L;UQCR10;NDUFS7;COX8A;ATP5ME;SERF2;COX6A1;ATP6V0B;NDUFB8;NDUFA6;NDUFA2;COX4I1;NDUFB7;UQCR11;ECI1;NDUFS3;CYC1;MRPL41;LAMTOR5;ATP5F1D;NDUFS8;ATP5MJ;ALDOA;ETFB;UQCRC1;UQCRHL;ATP5PO;CHCHD10;UQCRQ;ATP5MG;TPI1;FKBP2;NDUFA3;EIF3K;COX5B;NDUFS6;NDUFB1;COX7B;GNG5;NDUFV1;AURKAIP1;HSBP1;COX7A2;HIGD2A;COX6B1;NPC2;MICOS13;SLIRP;PKM;ENO1;NDUFC1;ATP6V0E1;NDUFB9;COA3;DMAC1;SMDT1;VAMP8;PHB1;SLC25A5;HSPE1;COX5A;SLC25A6;NDUFB2;ATP5F1B;TOMM7;UQCRH;ATP5MC1;REXO2;CD63;ATP5F1A;NDUFA8;COX7C;ATRAID;NDUFA1;NDUFS2;APOE;CHMP2A;ATP5MC3;FTLP3;CYSTM1;GPI;KRT10;ATP5F1C;MPC1;MRPS5;SLC25A4;TSTD1;NDUFB6;CTSL;RNF7;MUC1;GOT1;ATP5PD;NDUFB4;SPINT2;S100A6;IDH2;UQCRC2;PEBP1;SPP1;FAM162A;PRDX3;COX6C;ATP5PB;NDUFA4",-2.551415660562008,7.22898793722939e-25,TRUE,
"LAKE_ADULT_KIDNEY_C3_PROXIMAL_TUBULE_EPITHELIAL_CELLS_S1_S2",186,0.5606083192667094,2.9277453407772436,3.8320585923921e-24,1.0303979770654313e-22,"TEAD1;ASH1L;CHD9;AFDN;ANKRD26;PRRC2C;ZC3H13;PPARA;SCAPER;PDZD2;ZBTB38;GOLGA4;MAST4;THOC2;ANKIB1;PATJ;PBX1;FTX;SPAG9;PLEKHA5;NCKAP5;ANK3;WDFY3;ZHX3;VWA8;TNRC6A;PNISR;LPP;MBD5;TFDP2;PDE8A;OGA;GOLGB1;AKAP13;TTC28;VPS13A;PTPRD;RORA;PRKN;FARP1;MYO6;LUC7L3;CWF19L2;SRRM2;RERE;RBM6;SREK1;N4BP2L2;ANKRD11;RBM25;PCLO;SIK2;PARD3;SLC16A9;FHOD3;SRSF11;EHBP1;SETBP1;PLEKHA6;AGAP1;EXOC4;NHS;PTPRG;CSPP1;FGD4;IGF1R;SORBS2;DLG2;NEDD4L;ABLIM1;COL4A1;SNHG14;LINC01515;CNTN4;CUX1;SLIT2;PLEKHA7;SNX29;MME;UGT2B7;TNRC6B;PTPRM;CGNL1;TNS1;KANSL1L;ANK2;MAPK10;PPP1R21;FRMD4B;DYNC2I1;SYNE2;CALD1",3.0673243764535894,9.672445452235299e-27,TRUE,
"LAKE_ADULT_KIDNEY_C11_THIN_ASCENDING_LIMB",162,0.5864264374493807,3.042614232982606,5.827304801432737e-24,1.5109368878000596e-22,"EIF4G3;NFAT5;MED13L;TBC1D5;GCC2;TRIO;AFF1;MYO9A;NCOA2;USP53;BRD10;MAGI3;MKLN1;MAST4;VPS13B;LRBA;ERBIN;MAGI1;CDC42BPA;VPS13C;SVIL;LPP;NIPBL;KIAA1958;MSI2;KIF13B;TBCK;ITGA2;FAM135A;TNS3;HIVEP2;YAP1;AHI1;DOCK1;NCOA1;ASCC3;PRKCE;PLCB1;MECOM;SAMD12;RALGAPA2;ZEB1;RUFY3;FNIP2;PPP2R3A;BRWD1;SLC4A7;ZMYND8;PIBF1;TRIM2;ITPR2;PDE7B;UGGT2;PLEKHA1;SASH1;ZSWIM6;THRB;KAZN;LRRFIP1;MYO1E;NRXN3;RBMS1;UBE2H;RUNX1;RASSF8;PHF21A;SGIP1;PTPRG;OSBPL3;SIK3;ITGB6;FBXL17;MGLL;FOXP2;PTK2;ATP1A1;PLEKHA7;UGT2B7;SNED1;DDX5;PLOD2;FCHO2;ELF2;TCIM;ADAMTS9;TMTC2;LAMB1;RBM47;BICC1;ERRFI1;GRAMD2B;ARHGEF28;PRKD1;DIP2C;ADAMTS1;ALDH1A2;ARHGAP24;MTUS1;SAMD4A;DNAH14;ADAM10;ZNF385D;NEK10;NEAT1",3.1767858247214806,2.0925089630078281e-26,TRUE,
"RUBENSTEIN_SKELETAL_MUSCLE_B_CELLS",173,-0.6241512389853126,-2.6792582411031574,7.200286514133657e-24,1.802554485952081e-22,"UBA52;FAU;RPS5;RPL18A;OAZ1;RPS14;RPS15;RPL28;HLA-DMA;RPL18;RPS21;RPS10;RPLP2;RPS2;RPS8;NOP10;RPL8;CALHM6;RACK1;CYBA;WDR74;RPS15A;RPL26;RPL13;RPS3;RPS9;RPL36;CD74;RPS18;HLA-DQB1;HLA-DPB1;HLA-DRB1;RPS28;RPS13;RPS23;RPL27;SMDT1;HLA-DRA;RPL7A;RPLP1;RPS29;RPL29;RPL37;RPSA;RAC2;RPS19;COX7C;RPL13A;RPL3;RPS6;RPL27A;RPL23A;HLA-DPA1;CD48;RNASET2;PYM1;RPL38;RPL34;RPS26;CARD16;RPS12;SNHG8;RPL9;RPL35A;CD52;RPL10;GMFG;RPS3A;RPL5;RPS4X;ERP29;RPL19;RPL41;EEF1A1;LIMD2;LAPTM5;RPL30;RPL37A;RPSA2;RPL15;RPL12;CXCR4;EEF1B2;POLD4;HLA-DQA1;TBC1D10C;PAIP2;ALOX5AP;NCF1;RPS27A;JUNB;BTG1;EEF1D;RPL32;RPL11",-2.5948965711555783,2.6258750895636688e-20,TRUE,
"LAKE_ADULT_KIDNEY_C22_ENDOTHELIAL_CELLS_GLOMERULAR_CAPILLARIES",135,0.6191022434396676,3.1624478706281756,4.2845834841246657e-23,1.036869203158169e-21,"MED13L;SBF2;JMJD1C;BMPR2;PTPRB;TGFBR2;ARHGEF12;PIK3C2A;ANKS1A;KIAA1217;ASAP1;PBX1;RASAL2;MACF1;PAN3;ITGA8;NKTR;SVIL;PEAK1;EPAS1;HERC1;ARL15;PDE8A;EXOC6B;TTC28;SLCO2A1;MAML3;NCOA1;PREX2;PRKCE;PRKCA;UACA;LIFR;TJP1;MEF2A;CEP112;ZEB1;FMNL2;HSPH1;ARGLU1;SASH1;RBMS3;ARHGAP26;ZSWIM6;LDLRAD4;HIPK2;FLT1;PRKG1;EMCN;MYO1E;TCF4;RBMS1;STARD13;GNAQ;RAPGEF4;CDH13;ADGRF5;TEK;PTPRG;KALRN;ADGRL2;SPTBN1;UTRN;SORBS2;PLPP3;PIAS1;COL4A1;AKAP12;LRCH1;ITGA1;MBNL1;CACNA2D1;IGFBP5;LDB2;EPB41L4A;PTPRM;TMTC1;SNED1",3.3220729592310625,1.5101794040729618e-25,TRUE,
"LAKE_ADULT_KIDNEY_C13_THICK_ASCENDING_LIMB",107,0.6655407135413135,3.2893458901314845,4.6064961214780384e-23,1.0788116723203406e-21,"ANKRD26;COBLL1;MYO9A;NCOA2;PTPN4;RNPC3;USP53;NAALADL2;KIAA1217;PBX1;BRAF;LRBA;CPEB4;WNK1;ZHX3;VWA8;TNRC6A;PNISR;MSI2;TBCK;USP25;MAML2;PRKN;CLMN;DOCK1;PLCB1;MECOM;TFCP2L1;DDX17;SLC4A7;OXR1;TRIM2;KANSL1;PDE7B;TBC1D4;RHOBTB3;THRB;SGIP1;NHS;OSBPL3;FGD4;IGF1R;ESRRG;FBXL17;CLCN5;FOXP2;ABLIM1;WWC2;SNHG14;RNF150;AK3;ATP1A1;PKP4;HIP1;VAV3;NR3C2;TAPT1-AS1;CGNL1;ENOX1;CCSER1;ANK2;PLCL1;DYNC2I1;KLF12;LAMB1;TACC1;STXBP4;PRKD1;GMDS-DT;PTGER3;ARHGAP24;SOX6;EGF;TMEM161B-DT;FKBP5",3.32623127050894,3.4462787311306646e-22,TRUE,
"SU_HO_CONV_CENT_CHONDROSARCOMA_C7_PROLIFERATIVE",226,-0.5723981139755647,-2.530225059620599,6.671832022435322e-23,1.5136718900900136e-21,"POLR2L;COX8A;PSMB4;SIVA1;ATP5MF;ELP5;PSMB3;TMEM160;CYC1;PGP;NDUFS8;TRAPPC1;YIF1B;SAC3D1;LSM7;ELOB;DYNLL1;NME1;EMC9;ATOX1;DYNC2I2;RUVBL2;NUTF2;AURKB;PAFAH1B3;TXNDC17;MRPL23;ITGAE;NDUFS6;PSME2;AURKAIP1;SUMO3;NAXE;TK1;PIN1;HIGD2A;SNRPF;ADAM15;RABGGTA;CDT1;H2AX;GLRX5;CDC20;SNRPC;SNRPB;LAMTOR2;CDCA4;EBP;ARL2;PKMYT1;PLK1;SNRPA;TUBA1B;FAAP20;NDUFB2;CALM3;CENPW;TUBG1;NRM;CKS1B;MCM7;POLR2J;BCL2L12;BANF1;DTYMK;TYMS;MXD3;PRC1;PIMREG;NDUFB11;BSG;ATP5MC3;PCNA;YBX1;ASF1B;TMEM106C;CDKN2D;RBM8A;BUB3;BIRC5;BOLA3;CDCA8;CDCA3;CCNB1;PSRC1;SNRPG;HNRNPAB;CCNB2;KIF22;ELOC;KDELR1;GUSB;NGDN;CDKN3;PTTG1;RBM23;ADI1;UBE2T;COX6C;CCT5;ISYNA1;SDR39U1;RALY;KIFC1;NMU;TACC3;TROAP;HMGN2;TUBB6;PHF19;MICOS10;KNSTRN;DUT",-2.5363042255671977,1.106722660032925e-22,TRUE,
"LAKE_ADULT_KIDNEY_C12_THICK_ASCENDING_LIMB",355,-0.5083428499297061,-2.3145372418401022,5.306935070055935e-22,1.1675257154123057e-20,"UQCR10;NDUFB10;GUK1;ATP5ME;SERF2;ATP6V0B;SDHA;UBA52;FAU;COX4I1;MYL6;RPS5;CYC1;ALDOA;UBB;SOD1;GAPDH;UQCRC1;RPS14;TUFM;CHCHD10;RPS15;TMSB10;UQCRQ;ATP5MG;TPI1;RPL18;FKBP2;RPS16;GPX4;EIF3K;PPIB;RPS21;SSR4;RPLP2;CST3;COX5B;NDUFS6;COX7B;RPS8;RPL8;NDUFV1;RPLP0;RACK1;HSBP1;COX7A2;EDF1;RPL13;RPS3;RPS9;RPS11;COX6B1;FTH1;NPC2;ATP5IF1;RPS18;RPL35;CBR1;RPS28;PKM;ENO1;RPS13;RPS23;NDUFB9;COA3;RPL27;RPL7A;SLC25A5;RPLP1;RPS29;RPL37;COX5A;RPSA;CUTA;NDUFB2;ATP5F1B;CHCHD2;UQCRH;ATP5MC1;CD63;ATP5F1A;RPL10A;RPS19;COX7C;NDUFA1;CD81;ATP5MC3;RPL13A;RPL3;RPS6;RPL27A;ATP5MC2;YBX1;AIF1L;SLC25A3;HLA-A;ATP5F1C;MPC1;SLC25A4;PPIA;RPL34;RPS12;SNHG29;MRFAP1;RPL9;RPL35A;PFKL;RPL10;SRP14;EEF2;GOT1;RPS3A;ATP5PD;SELENOW;RPL5;RPS4X;RPL19;S100A6;RPL41;EEF1A1;IDH2;UQCRC2;PEBP1;BACE2;PRDX3;GAS6;COX6C;ATP5PB;NDUFA4;RPL30;RPL37A;RPL15;UQCRFS1;RPL31;SERPINA5;RPL12;MGST3;RARRES2;PLAU;PGK1;PDXK;CNDP2;HSPA2;P4HB;CPVL;REEP5;CRIP2;ATP5PF;KIFC3;RPS27A;HSPA8;IMPA2;RPL24;EEF1D;RPL32;NACA;CNP;RPL11",-2.3248386043786673,2.2116746104050348e-21,TRUE,
"FAN_OVARY_CL14_MATURE_SMOOTH_MUSCLE_CELL",302,-0.5244683852802957,-2.358392570673731,5.765541722343115e-22,1.2311127324767946e-20,"C12orf57;PFN1;COX8A;NDUFB10;ATP5ME;SERF2;COX6A1;RABAC1;NDUFA13;EIF5A;NDUFB7;MYL6;UQCR11;ATP5F1D;DCTN3;UBB;PSME1;ELOB;DYNLL1;NME3;OST4;CHCHD10;FIS1;VKORC1;UQCRQ;NENF;NDUFA3;ROMO1;PHPT1;HCFC1R1;COX5B;NDUFB1;FKBP8;CAVIN3;MT2A;TSPO;PIN1;COX7A2;ACTB;UBL5;COX6B1;SLIRP;ARPC1B;ISG15;SELENOM;IRF1;COPS6;HES4;LGALS1;PARK7;IFITM3;RAB11B;NDUFA4L2;ALKBH7;CRIP1;CD151;CALM3;GSTP1;TOMM7;CTSD;ATP5MC1;MT1E;RNH1;AP2M1;ARPC1A;SRSF7;NDUFA1;IFITM2;BSG;ATP5MC3;CYSTM1;RHOC;TBCB;IFITM1;COX7A1;HSPB1;YWHAH;BRK1;SOD3;PLK2;PHLDA2;ATP5PD;SELENOW;TMEM14C;S100A6;TPPP3;PEBP1;ECH1;ADI1;CSRP2;COX6C;RAB13;NDUFA4;DYNLRB1;CYB5R3;SPCS1;MGST3;PLP2;PKIG;ISYNA1;S100A11;MCRIP1;IGFBP7;PDLIM1;HSPA2;DNAJB1;ISCU;REEP5;CRIP2;PDLIM7;PTMA;PPDPF;HMGN2;JUNB;TINAGL1;TUBA1A;ATP5MK;GPX3;WDR1;DUT;S100A4;GADD45B;PTMS;CALM2;GSTK1;MTHFD2;MDH1",-2.280128324898358,1.312871485637561e-18,TRUE,
"GAUTAM_EYE_CORNEA_MELANOCYTES",254,-0.5454426591056586,-2.4333282354945642,2.0794247190886376e-21,4.3133209887381455e-20,"UROD;BABAM1;ANKRD39;SLC25A11;SNRNP25;BLVRB;RPS5;MRPL28;CYC1;NUBP2;RPL18A;PITPNA-AS1;NME1;RPS14;PPP1CA;ATOX1;LAMTOR4;DYNC2I2;STOML2;NT5C;PPIB;PSMD13;RPS10;HMOX2;CCDC124;RPS8;GNG5;RPL8;TMEM101;PHB2;CYBA;EIF3F;EDF1;RPL26;SAP30;RPS11;GALK1;NPC2;SRM;NDUFAF3;RPS28;RPS13;TMEM179B;TMED9;SNRPC;GSTO1;EIF3G;WDR18;COPS6;JAGN1;CLTA;TALDO1;UBALD2;DDOST;METRN;SERTAD1;TUBA1B;CD320;RPSA;CUTA;CHCHD2;CFL1;RPL17;ARPC1A;QDPR;RPL13A;DUSP14;PRDX4;PSMC2;RAMP1;NUDT2;GRN;MRPS18B;MRPL24;YWHAH;CCT2;RPS26;PSMA7;EMC7;PLD3;TRAF2;CLEC11A;LAP3;UBE2S;RPL10;DNAJC8;SRP14;RPS3A;PRMT2;CHLSN;ERP29;RPL19;NDUFB4;TFPT;IMPDH2;UQCRC2;TRPV2;SPP1;ECH1;GUCD1;FXYD5;ARHGDIA;CHMP1A;ITPK1;RPL12;PKIG;ISYNA1;SNX3;EEF1B2;MID1IP1;SEM1;PA2G4;DNAJB1;RABIF;FZD9;NUCB1;KIFC3;PTMA;C1orf43;SDHAF3;RPL32;KIAA0930;HPS1",-2.3963967740631436,5.946369195172258e-19,TRUE,
"LAKE_ADULT_KIDNEY_C5_PROXIMAL_TUBULE_EPITHELIAL_CELLS_STRESS_INFLAM",347,0.4271658200875241,2.4886427494494625,2.6387989500595237e-21,5.32157788262004e-20,"CHD6;FMN1;ZFC3H1;PRRC2C;ZC3H13;PPARA;OPHN1;PDZD2;GON4L;PHF20;MDN1;SCAF8;YTHDC1;ITCH;DIP2B;THOC2;SMARCC1;ARID4A;UPF2;PLEKHA5;ZNF91;SHANK2;BAZ1B;SUCLG2-DT;NCKAP5;CHD2;KIAA1671;USP8;ZHX3;SHROOM4;NT5C2;TNRC6A;PNISR;TFDP2;CCAR1;OGA;PRPF38B;BCOR;GRIN2B;GOLGB1;AKAP13;KDM2A;LSAMP;RORA;MYO6;PRKCE;UBN1;LUC7L3;NRG1;ABAT;SRRM2;ROBO2;DMD;KIAA1549;RBM39;ATXN7L1;RBM6;KAT6B;SREK1;BAZ2A;UBE4B;ITSN1;DHTKD1;CCDC191;ARHGAP42;PRLR;EIF5B;ANKRD11;ASXL1;MYRIP;ARHGAP26;LARP1;PGPEP1;SRPK2;NCOR1;NR6A1;RBM25;SLC16A9;SRSF11;TNRC6C;ZMAT1;CREBBP;EOLA2-DT;CSMD2;CLTC;PLEKHA6;PHF14;RUNX1;NSUN6;ZNF708;NFE2L1;NHS;AK9;PTPRG;CSPP1;ZC3H6;CACNA1D;FGD4;IGF2BP2;HECW1;SLC26A3;ABCC2;SORBS2;DLG2;SLC22A11;XPC;COL4A1;MET;PCK1;LINC01515;FSIP1;CNTN4;CUX1;PRSS51;HIP1;PLEKHA7;ADAMTS8;SNX29;MME;TNRC6B;TAPT1-AS1;ENOX1;EPHX2;TNS1;PPP1R21;FRMD4B;DYNC2I1;DOK6;CYP3A5;SLIT3;ZC4H2;DZIP1;FRMD4A;ACACB;TMT1A;TIMM23B;RBM47;KMT2B;DAB1;SMG6;LMCD1-AS1;GMDS-DT;MFSD4B;AHI1-DT;CAMK4",2.587745504538885,1.821945826084174e-22,TRUE,
"BUSSLINGER_GASTRIC_LYZ_POSITIVE_CELLS",103,-0.6736603054801032,-2.707848935440395,2.6748766968886366e-20,5.248541843084189e-19,"MUC6;RPS5;RPL18A;REG1A;RPS14;RPS15;RPL28;RPL18;RPS21;RPS10;CST3;RPS2;RPS8;RPLP0;RACK1;RPS15A;RPL26;RPL13;RPS3;RPS9;RPL36;RPS18;RPL35;RPS28;RPS13;RPS23;PGC;RPL7A;RPL29;RPL37;RPL17;RPL13AP3;RPL10A;CD81;TFF2;RPL3;RPS6;RPL23A;ETV5;RPL34;RPS12;AGR2;RPL9;RPL35A;RPL10;EEF2;RPS3A;RPL5;RPS4X;RPL19;RPL41;EEF1A1;PKDCC;SLPI;RPL30;RPL37A;MMP1;RPL15;RPL31;RPL12;EEF1B2;LYZ;ANXA5;RPL32;RPL11;SPDEF;TPT1;ERGIC1",-2.6913975838834685,2.6256904504036056e-18,TRUE,
"TRAVAGLINI_LUNG_BRONCHIAL_VESSEL_1_CELL",224,-0.5467436231401739,-2.41376338041378,6.481616989588844e-20,1.2383299827477632e-18,"UBA52;FAU;RPS5;RPL18A;NME1;RPS14;RPS15;RPL28;RPL18;RPS16;DUSP23;RPS21;HAPLN3;RPLP2;RPS2;RPS8;RPL8;RPLP0;RPL13AP5;CCDC85B;EIF3F;RPS15A;RPL26;RPL13;RPS3;RPL36;RPL35;RPS28;ENO1;RPS13;RPS23;PNP;RPL27;EIF3G;UPP1;NOP16;SLC25A5;RPLP1;RPS29;RPL29;HSPE1;RPL37;SNRPD1;NHP2;RPSA;RPL10A;EIF3D;CDC37;RPS19;NNMT;PFKP;RPL13A;RPL3;PRDX4;RPS6;RPL22L1;RPL27A;RPL23A;IFITM1;UXT;GAS5;RPL38;RPL34;RPS12;LDHA;RPL35A;C11orf96;RPL10;EEF2;RPS3A;RPL5;RPS4X;RPL19;TMEM70;RPL41;IMPDH2;SPP1;BACE2;ADM5;RPL30;RPL37A;PITPNC1;RPSA2;RPL15;SNRPE;RPL31;RPL12;POLE4;IGFBP7;TESC;C2CD4B;VWA1;RPS27A;PTMA;RPL24;ZFAS1;RPL32;NACA;RPL11;TPT1;TSPAN13;PTMS;MTHFD2",-2.334073757487508,1.5759219567229962e-16,TRUE,
"FAN_EMBRYONIC_CTX_BIG_GROUPS_CAJAL_RETZIUS",407,-0.4678976310085181,-2.1534047362502218,8.533261045124267e-20,1.5884993637846713e-18,"NAA38;POLR2L;NDUFA11;UQCR10;COX8A;NDUFA9;GUK1;ATP5ME;COX6A1;ATP6V0B;NDUFB8;SNRNP25;NDUFA13;COX4I1;NDUFB7;UQCR11;MRPL41;NDUFS8;ALDOA;SOD1;F12;TXNL4A;PRDX2;COX14;TPI1;NUPR1;LY6E;FKBP2;DUSP23;NDUFA12;ANTKMT;LSM4;TUBB4B;GCHFR;COX5B;COX7B;TSPO;PIN1;ACOT7;ATP5IF1;HAGH;PKM;ISOC2;NDUFB9;B3GNT4;NDUFAB1;C1orf122;RAB3A;IZUMO4;S100A16;LGALS1;HINT1;EBP;SLC25A5;PLPP2;COX5A;PRAF2;CALM3;ATP5F1B;GSTP1;ATP5MC1;AIM2;INAFM1;WRAP73;TUBA4A;ATP5F1A;NDUFA8;COPS7A;CYB5A;COX7C;NDUFA1;DEGS2;PFKP;SDSL;ATP5MC3;B4GAT1;ENO2;CYSTM1;TAGLN2;CMC2;G6PC3;GPI;COX7A1;SMIM29;HLA-A;ATP5F1C;SPRYD3;SLC25A4;TSTD1;NDUFB6;FDPS;SLC2A6;PPP2R1A;PSMA7;SAA1;ATP6V1E1;PLD3;MARCKSL1;THAP4;ROGDI;GOT1;ATP5PD;SELENOW;PCMT1;MECR;VEGFB;SPINT2;RHBDD2;BCAP31;CAPN1;FAM162A;C1orf53;GAS6;COX6C;ATF5;PIDD1;TMEM238L;CALB2;AGPAT2;CYB5R3;PGAM1;STK32C;HPCAL1;TCTA;MGST3;TOLLIP;NOL3;TP73;ATP13A2;CKMT1A;ISOC1;KLC1;UROS;HYAL3;UBASH3B;ATP6AP1;ATP5MK;PTPRU;KIAA0930;OAF;TM7SF2;CRACR2B;MICOS10;CYB561;TPBG;MDH1;TMEM50B;FAM167A;WNT4;LDHB;DEGS1;PYGB;PRDX5;TSPAN3;SLC41A3;MRAP2;GHITM;NDUFB3;ATP5F1E;HK1;ECEL1;NRN1;TMEM163;EFNA3;SEZ6L2;CKMT1B;DHCR7;ZIC2;STMN3;STX1A;TIMM17A",-2.1504596156658065,1.1926782530076195e-18,TRUE,
"LAKE_ADULT_KIDNEY_C21_COLLECTING_DUCT_INTERCALATED_CELLS_TYPE_B",96,0.6509016173414144,3.1568648394000536,1.4220912766047216e-19,2.5810956670375696e-18,"PARD3B;KMT2C;TBC1D5;NCOA2;MAGI3;MAGI1;SEMA3C;PSD3;LPP;MSI2;HERC1;KIF13B;ARL15;RORA;PRKN;ITGA6;PRKCE;MEF2A;RALGAPA2;KIF21A;NEBL;ADAMTSL3;TFCP2L1;TBC1D4;MYRIP;SNTB1;PDE1C;RCAN2;EPS8;PPARG;ARHGAP18;PICALM;ADAMTSL1;OSBPL3;CELF2;SIK3;ESRRG;DACH1;FBXL17;NEDD4L;GLCCI1;XIST;DGKI;RNF150;IGFBP5;TRHDE;NR3C2;CGNL1;PLCL1;COL4A4",3.0312058064838427,3.528164042426042e-16,TRUE,
"MENON_FETAL_KIDNEY_1_EMBRYONIC_RED_BLOOD_CELLS",119,-0.6462952299004189,-2.6381837459981545,2.5995153854037196e-19,4.603044316592928e-18,"PFN1;UBB;RPL18A;DYNLL1;GAPDH;RPLP0P6;SNRPD2;ERH;RPS13P2;H2AZ1;RPLP0;RAN;RPS15A;RPL26;ACTB;FTH1;RPS18;RPS13;RPS23;SNRPC;SNRPB;CALR;RPL7A;RPL7AP6;RPL29;HSPE1;TUBA1B;RPSA;TUBB;CHCHD2;IFITM2;RPL3;PCBP2;RPS7P1;RANBP1;ATP5MC2;PCNA;RPL23A;YBX1;RPL15P3;HBA2;ATP5F1C;PPIA;RPL4P4;ILF2;MARCKSL1;HBB;RPL35A;RPS2P5;RPL5;CNBP;RPL19;RPL26P19;HNRNPF;OSTC;PTTG1;SSBP1;RPSA2;RPL15;RPL31;EEF1B2;RPL10P16;ATP5PF;HSPA8;NPM1P39;PPDPF;RPL32;NACA;TPT1;DUT;SEC11A;HMGB2",-2.5487697933200537,4.88337167300109e-16,TRUE,
"GAO_LARGE_INTESTINE_24W_C11_PANETH_LIKE_CELL",313,-0.4977644190832126,-2.2464122991907938,3.0181661451903033e-19,5.217115765257524e-18,"HCST;CCL3;HLA-DMA;CIMAP1B;PPIF;CALHM6;CCL4;CD74;HLA-DQB1;HLA-DPB1;HLA-DRB1;MCOLN1;CXCL10;NFKBIE;NINJ1;SECTM1;EIF4A3;TYROBP;HLA-DRA;LGMN;CXCL8;CORO7;HLA-DMB;IL4I1;BCL2A1;KLHDC7B;RAC2;HCAR2;SLC15A3;C1QC;LST1;GLA;CLEC2B;ARRB2;CD300A;METRNL;HLA-DPA1;CD48;VPS9D1;C1QB;ACP5;HSPA6;OSM;CTSL;C1QA;KYNU;ICAM1;CD14;C2;GMFG;FAM110A;SLC35F6;CTSZ;PGD;CXCL9;GBP5;GM2A;IL23A;FCGR1A;FCER1G;SPI1;ABI3;CXCL16;LAPTM5;TNFAIP2;CEBPB;ATF5;RILPL2;NINJ2;IL1RN;PIK3AP1;HAVCR2;CXCL3;UAP1L1;DUSP2;DOK2;CXCR4;IL1B;PLAU;RGS19;LYZ;FCGR3A;TNF;SRGN;PTGS2;HLA-DQA1;CPVL;IGSF6;NCF1;STX11;AIF1;PLEK;ITGB2;LPCAT1;PLAUR;LAT2;LILRB4;LYPD3;KIAA0930;NCF4;CYTH4;ARHGDIB;TNFSF13B;HCK;NCF1B;SLAMF8;SNX10;SOD2;FCGR2A;CTSC;SLC8B1;MTHFD2;CD53;LSP1;LYN;MS4A4A;CASP1;CD40;NCF2;FPR1;FMNL1;HMOX1;PACC1;CD83;IFI30;CXCL2;RIPK2;WAS;RNF144B;CD86;PTAFR;RAP2B;ATP1B3;IL1A;IL1R2;RIPOR1;BIRC3;ITGAM;NFAM1;EOLA1;LILRB2;RNASE6;CD37;GPR65;GPSM3;APOBEC3A;MAFB;LCP2;ITGAX;ADGRG5;GNPDA1;C5AR1;ARL4C;MS4A6A;MMP9;ITGB2-AS1;ADAP2;SLA;IRF8;LY86;CD33;LILRB1;UCP2;GPR132;NLRP3;EBI3;COTL1",-1.9536990228802846,2.0909156113125528e-10,TRUE,
"RUBENSTEIN_SKELETAL_MUSCLE_PCV_ENDOTHELIAL_CELLS",223,-0.5397329613674795,-2.380290138308827,4.017909704082807e-19,6.78372661666074e-18,"NAA38;GUK1;RPS5;PRMT1;RPS14;RPS15;TMSB10;HLA-DMA;LY6E;DUSP23;RPS21;RPS2;RPS8;GNG5;NOP10;RPL8;PSME2;RPLP0;SNRPF;RPS15A;RPL26;RPS9;RPS11;ADAM15;RPL36;CD74;NPC2;RPS18;HLA-DQB1;HLA-DPB1;HLA-DRB1;RPS28;RPS13;RPS23;PIM3;HLA-DRA;ZFYVE21;CLTA;S100A16;HINT1;RPL7A;IFITM3;RPL29;RPL37;GBP4;NFKBIA;RPL17;HYAL2;RPS19;IFITM2;FLOT1;RPL3;PCBP2;CYSTM1;CLEC2B;RPS6;ATP5MC2;YBX1;IFITM1;HLA-DPA1;HSPB1;HLA-A;YWHAE;RPL34;RPS12;HLA-E;MARCKSL1;SNHG8;RPL35A;UBXN1;SNCG;RPL10;OCIAD2;YBX3;PLK2;RPS3A;SNHG7;RPS4X;GNAI2;EEF1A1;MYL12A;KLF2;FXYD5;HLA-B;RPL15;RPL31;EGLN1;RPL12;POLE4;PDLIM1;TMSB4X;ECSCR;HLA-DQA1;SOX18;CRIP2;RPS27A;PTMA;FABP5;NPDC1;ZFAS1;RPL32;RPL11;TPT1;EGFL7;GADD45B;HMGB2;CTSC",-2.289377953072349,9.558624630801076e-15,TRUE,
"TRAVAGLINI_LUNG_MACROPHAGE_CELL",200,-0.5566112652257809,-2.428959873684245,1.5157308860478191e-18,2.5009559619789016e-17,"GPX1;AP2S1;BID;NUPR1;TYMP;GPX4;ATP6V1F;CST3;NOP10;TSPO;HSBP1;FTH1;CD74;NPC2;ETHE1;HLA-DQB1;HLA-DRB1;ISG15;GSTO1;TYROBP;LGALS1;HLA-DRB5;CXCL8;APOC1;SMCO4;COMT;CTSD;MCEMP1;MT1E;BCL2A1;HLA-DRB6;HCAR2;SLC15A3;CD81;C1QC;APOE;GRN;YBX1;C1QB;HSPB1;ACP5;YWHAH;CTSL;C1QA;KYNU;FAM89A;GRINA;IFI6;LAP3;ANXA2;MT1M;TUBA1C;PGD;TREM2;CSTB;FCER1G;CXCL16;GLIPR2;PNPLA6;TNFAIP2;PPT1;OSCAR;IL6;IL1RN;CXCL1;CXCL3;AVPI1;MGST3;S100A11;RBP4;IL1B;SLC11A1;PDLIM1;LYZ;P2RX4;ANXA5;CNDP2;CAPG;HLA-DQA1;IGSF6;ALOX5AP;CTSB;FABP5;PLAUR;VSIG4;TREM1;PILRA;ATP6AP1;FLVCR2;GPX3;HCK;SNX10;SOD2;FCGR2A;CTSC;MS4A4A;NCF2;FPR1;FBP1;PSAP",-2.3791934759623854,2.912108613982488e-16,TRUE,
"BUSSLINGER_GASTRIC_PPP1R1B_POSITIVE_CELLS",118,-0.6414610838542312,-2.6168743355248196,2.1708435584978132e-18,3.502294274376472e-17,"RPS5;RPL18A;RPS14;RPS15;RPL28;RPL18;RPS16;RPS21;RPS10;RPLP2;RPS2;RPS8;RPL8;RPLP0;RACK1;RPS15A;RPL26;RPL13;RPS3;RPS9;RPL36;RPS18;RPL35;RPS28;RPS13;RPS23;RPL27;RPL7A;RPS29;RPL29;RPL37;TUBA1B;GSTP1;RPL17;RPL10A;RPS19;RPL13A;RPL3;RPS6;RPL27A;RPL23A;PPIA;RPL34;RPS12;SNHG29;MARCKSL1;RPL9;RPL35A;EEF2;RPS3A;RPL5;RPS4X;RPL19;SPINT2;RPL41;EEF1A1;IMPDH2;RPL30;RPL37A;RPL15;RPL31;RPL12;EEF1B2;LYZ;RPS27A;ALDH3A1;PTMA;IMPA2;RPL32;RPL11;CALM2;TACSTD2",-2.6344173306532177,9.826564251117767e-18,TRUE,
"LAKE_ADULT_KIDNEY_C9_THIN_ASCENDING_LIMB",265,-0.5127603120765978,-2.289856354680116,1.476556858103774e-17,2.330391910833348e-16,"SERF2;GPX1;SDHA;UBA52;FAU;COX4I1;MYL6;RPS5;LAMTOR5;ALDOA;UBB;SOD1;PSME1;PSMB1;GAPDH;RPS14;JTB;KRT7;RPS15;TPI1;RPL18;ARF1;DANCR;RPS16;PPIB;RPLP2;RPS2;RPS8;RPL8;CIB1;RPLP0;RACK1;RAN;RPL13;RPS3;RPS9;RPS11;FTH1;RPS18;RPL35;CBR1;PKM;ENO1;RPS13;RPS23;ATP6V0E1;HINT1;RPL7A;RPLP1;IFITM3;PRDX1;RPSA;ATP5F1B;GSTP1;CD63;TIMP1;ATP5F1A;RPL10A;CYB5A;RPS19;COX7C;IFITM2;ATP5MC3;RPL13A;RPL3;CYSTM1;RPS6;YBX1;AIF1L;SLC25A3;ATP5F1C;PPIA;RPL34;PSMA7;KRT18;ACTG1;RPS12;LDHA;RPL9;RPL10;ANXA2;SRP14;EEF2;RPS3A;EIF1;RPL5;RPS4X;CNBP;RPL19;S100A6;EEF1A1;MYL12A;PEBP1;SPP1;MYL12B;SLPI;HLA-B;NDUFA4;RPL30;RPL37A;RPL15;RPL31;RPL12;RARRES2;IGFBP7;PGK1;ANXA5;CNDP2;REEP5;RPS27A;PTMA;RPL24;BTG1;EEF1D;RPL32;NACA;RPL11;TPT1;HNRNPM;B2M;SOD2;TACSTD2",-2.2424081010341,2.1892920784037582e-15,TRUE,
"MANNO_MIDBRAIN_NEUROTYPES_HNBML5",325,0.40347391113561343,2.325375650878114,2.0443353798508126e-17,3.157845714407851e-16,"KLF7;TCAF1;ZFHX3;UBN2;RGS7BP;DICER1;ANKIB1;TMCC1;PRKACB;GSE1;SYTL2;CPEB4;SHANK2;ANK3;HOOK1;DNM3;TCERG1;HERC1;EPB41;PGM2L1;PROX1;ZBTB43;RAPGEF5;PDS5B;SLC38A1;CPEB2;PLXNA4;ROBO2;NAV1;KIF21A;CSRNP3;PPP2R3A;SOX4;CEP126;ZHX1;SCAI;ATOSA;DNAJC16;ZNF441;CORO2A;SMAD9;NMNAT2;AUTS2;SCN3A;SLC16A9;PLXNA2;THSD7A;FRY;TMEM192;FAM117B;NRXN3;NCAM1;ZNF117;CHN2;FTO;PLEKHA6;RUNX1T1;APC;POU2F1;PDP1;USP49;KCNH8;TSPYL4;EPHA3;RALGPS1;CDH13;DNAJC6;SCN8A;MAP1B;KALRN;IGFBPL1;MFSD6;ESRRG;NEDD4L;MEG3;KIF21B;CPEB3;GNAO1;RBFOX2;ENC1;PDE11A;NLN;ZNF793;NOVA1;ATP8A1;TOX3;CMIP;CADPS;GRIP1;TAOK3;RAB11FIP4;ZNF283;KDM5B;TMEM132B;LINC00205;ZNF195;PAPPA;GNPTAB;TMOD2;BCL11B;ZNF776;WNT11;LRCH2;ZFPM2;ANK2;NFASC;MICU3;CXADR;MAP6;XPR1;CASZ1;DOK6;ZNF697;NRXN2;DPYSL3;NBEA;ASXL3;SHISAL1;TAC1;ARFGEF3;MVB12B;NALF1;CRACD;AKAP1;VASH2;YWHAG;NSG1;BHLHE22;ADAT2;MAPRE3;TMEM35A;DMTN;ZFHX4;CHGA;GOLGA8B;NAP1L3",2.4529708157209864,1.5423717022778852e-18,TRUE,
"MANNO_MIDBRAIN_NEUROTYPES_HDA1",434,0.36488735169176667,2.1454139414883877,2.2256236889879328e-17,3.366255829594248e-16,"FBXO11;FNBP1L;SCAPER;BICRAL;ZFHX3;CERS6;AKAP9;ZBTB38;FAT4;CLASP2;PBX1;EPB41L4B;SSH2;CPEB4;OCRL;SHANK2;ATP9A;ANK3;HOOK1;DNM3;PTPN3;EPB41;PGM2L1;C2CD5;REV3L;PIK3R1;LSAMP;RORA;RAPGEF5;SLC38A1;PRKCA;PLCB1;CA1;PLXNA4;ROBO2;NAV1;ANKRD36B;GPRASP1;RUFY3;KIF21A;CSRNP3;GRIK3;SYT7;MYEF2;KIF3A;RUFY2;MYRIP;ZSWIM6;DAAM1;CORO2A;ZC3H8;ATP11C;NEGR1;SHTN1;PDE1C;SEMA6D;NMNAT2;SCN3A;RCAN2;EPB41L1;FRY;NPNT;CSMD2;CHL1;EHBP1;CAMK2N1;NRXN3;NCAM1;CHN2;PLEKHA6;SERINC1;GNAQ;RALGPS1;STXBP5;CDH13;DNAJC6;SCN8A;KCNN3;KCTD7;MAP1B;KALRN;HSPA12A;ENPP4;MFSD6;PLCB4;GAB2;NEDD4L;MEG3;KIF21B;RGS17;KLHL29;CPEB3;SLC8A1;GNAO1;RBFOX2;FOXP2;ENC1;NLN;ZNF793;IGDCC4;TOX3;CMIP;CADPS;TAOK3;GFRA1;TULP4;RAB11FIP4;ZBTB6;ZNF25;TMEM132B;UBXN2B;TSC1;VAV3;PAPPA;TRHDE;LDB2;GNPTAB;WDR47;TMOD2;ARHGAP23;VWA5A;CCSER1;RELN;ZNF33B;ACSL6;ANK2;TES;NFASC;CXADR;MAP6;XPR1;DOK6;ZNF697;ARMCX5-GPRASP2;NRXN2;PALB2;DPYSL3;NBEA;ASXL3;FGD1;TAC1;SLC18A2;NALF1;RETREG1;VASH2;SRGAP1;YWHAG;NSG1;TMEM178B;REEP1;MCF2L;GRM8;KIF3C;TMEM35A;DMTN;ZFHX4;CACNA1E;CHGA;NAP1L3;GDAP1;MAN2A2;CDKL2;GNAL;TBC1D9;MAP3K9;SLC22A15;BNC2;NAPB;MTURN;GABRA2;ROBO1;CASP2;ZNF385D;APBA1;ANKRD44;PHACTR3;CDK5R1;SLC4A4;BCL11A;ZC2HC1A;GARIN1A;CHD3;PRICKLE2;FBXL3;CACNA1C;TMEM185B;SMPD3;TSPOAP1;ZNF3;SLC4A8;NIPA1;LPIN1;SCG2;ADCY2;NAV3;KIF5C;PRRT2;TUB;SOBP;CD24;SLC25A12;APP;TSHZ2;PID1;LRRC7;FAM169A",2.2946681482569726,1.6751631652503232e-19,TRUE,
"AIZARANI_LIVER_C30_HEPATOCYTES_4",374,0.38410012998668175,2.2510146796887662,3.6122872487142057e-17,5.35208273993166e-16,"TEAD1;TUT7;FMN1;COBLL1;ZC3H13;PPARA;ZKSCAN1;SORL1;LRP6;DDI2;FOXO3;UBN2;MAST4;DST;CPEB4;SH3PXD2A;A1CF;ZHX3;MIGA1;ARL10;DGKH;ZYG11B;NBPF12;TNRC6A;PNISR;H6PD;GTF3C2-AS2;PTPN3;DSTYK;NBPF11;PHACTR4;PPP1R3B;MACC1;PROX1;CLMN;AHI1;PPP1R12B;TJP2;RBL1;PAH;UBR4;RALGAPA2;NAA16;WNT2B;IYD;FBXO48;ZNF641;ZNF605;FAM161A;PDP2;ITSN1;DHTKD1;ADGRA3;YIPF4;PHF6;LRCH3;ITPR2;TLCD2;IDS;PLEKHA2;LRRC58;RHOBTB3;SIK2;LONP2;MYO1B;DSG2;CAMK1D;SRSF11;RAMP2-AS1;ABCA5;TLCD4;SLC25A13;MLXIP;TMEM192;A2M;PLIN4;PHF8;GPAM;NSUN6;NNT-AS1;INTS6;MAVS;RAD54L2;DIS3;AR;CCDC142;ABCC2;KPNA6;KLF6;NR1I2;SEC23A;PCYT1A;PCAT7;L1TD1;PCK1;SUGP2;SCML1;RSPH3;HEATR5A;CYP2B6;AK3;BIVM;SGMS1-AS1;RBBP5;ZNF283;GTDC1;PNPT1;PPP2R1B;C5;NFX1;ZMAT3;LEPR;PAN2;RANBP10;LINC01521;FMO5;EPHX2;ZNF397;BCO2;LYRM7;CYP4F3;MEGF9;ABCA1;TRMT9B;XPR1;CYP3A5;ZNF154;ABCC3;UTP23;ICA1L;HLF;CAPN3;ACACB;RPS6KA5;VSTM4;ERRFI1;MTMR9;GABPB2;STXBP5-AS1;NNT;ERBB3;MFSD4B;GOLGA8B;UCKL1-AS1;GABPB1-AS1;GTPBP10;ABCA6;ZFAND5;DDX10;CCDC30;GNL3L",2.2166941979008623,7.496628235183646e-16,TRUE,
"FAN_EMBRYONIC_CTX_BIG_GROUPS_BRAIN_IMMUNE",146,-0.5904023754521784,-2.494400890298381,8.200008053872704e-17,1.1906411694223165e-15,"PFN1;HCST;SERF2;PLAAT4;PSMB8;PSME1;RPL28;PSMB9;LY6E;IL32;CIB1;PSME2;CD74;GZMA;HLA-DRB1;ARPC1B;ISG15;IRF1;HLA-DRA;VAMP8;IFITM3;CRIP1;TAPBP;RAC2;HLA-C;IFITM2;CD7;RPL13A;CLEC2B;TAGLN2;EMP3;HLA-F;PTPN6;IFITM1;CD48;HLA-A;CSK;ISG20;LCK;SH3BGRL3;CARD16;ARHGAP45;CORO1A;HLA-E;CD52;GMFG;SEPTIN1;PRR13;CLIC1;S100A6;LIMD2;MYL12A;FCER1G;ABI3;KLF2;FXYD5;ADGRE5;HLA-B;DUSP2;DOK2;S100A11;CCND3;SRGN;DNAJB1;TBC1D10C;ARHGAP9;ITGB2;CD3E;JUNB;EEF1D;ARHGDIB;LTB;S100A4;GADD45B;B2M;LSP1;RHOH",-2.319185646771982,2.679779469223316e-12,TRUE,
"GAUTAM_EYE_IRIS_CILIARY_BODY_MELANOCYTES",238,-0.5160298643773713,-2.2896036015473284,9.300094107291914e-17,1.3238957493909665e-15,"NEDD8;NDUFS7;COX8A;NDUFB10;ATP5MF;EXOSC4;COX6A1;NDUFS3;NDUFS5;LAMTOR5;DYNLL1;ATP5PO;CHCHD10;NUDT3;ATP5MG;NUPR1;MRPL23;MTHFS;PSMB7;COX5B;COPS9;SUMO3;RACK1;COX7A2;HIGD2A;HEXA;SLC66A2;COX6B1;RPS28;NDUFC1;NDUFB9;COA3;SIGIRR;NINJ1;SMDT1;MAZ;CLTA;HINT1;TALDO1;PHB1;ARL2;APOC1;HAGHL;DEAF1;FAAP20;ATP5F1B;MGAT1;UQCRH;SAT2;ATP5F1A;AP2M1;MSRB2;QDPR;COX7C;ILKAP;NDUFA1;BSG;ATP5MC3;APH1A;YBX1;SNHG32;CMC2;SMIM29;PPIA;SREBF1;MDH2;BRK1;PSMA7;RPS12;TLNRD1;ATP6V1E1;MRFAP1;LMO4;MARCKSL1;UBXN1;ICAM1;ANXA2;EFNA1;ATP5PD;EIF1;PRMT2;RPS4X;CNBP;ERP29;SERPINB6;BCAP31;RRP1;SPG21;PITHD1;TOLLIP;ASRGL1;CNDP2;BUD31;PAIP2;ATP5MK;TMEM51;BTG1;CNP;TSC22D4;TMEM109;HNRNPM;FAHD2A;CDKN2C",-2.266274971926391,4.374782296999472e-15,TRUE,
"CUI_DEVELOPING_HEART_C8_MACROPHAGE",273,-0.49597154750439876,-2.2150666430431385,1.3389439098879047e-16,1.869371689574267e-15,"HCST;GPX1;ATP6V0B;CCL3;HLA-DMA;PYCARD;CST3;RHOG;CALHM6;CYBA;CD74;NPC2;HLA-DQB1;HLA-DPB1;HLA-DRB1;ARPC1B;NINJ1;TYROBP;HLA-DRA;LGMN;STXBP2;VAMP8;CXCL8;HLA-DMB;ARPC4;MGAT1;CTSD;NFKBIA;RAC2;CEBPD;HLA-C;C1QC;LST1;BST2;CNPY3;GRN;PTPN6;ARRB2;CD300A;METRNL;HLA-DPA1;RNASET2;C1QB;HLA-A;SH3BGRL3;TKT;CARD16;TCIRG1;C1QA;CORO1A;HLA-E;S100A8;S100A9;CD14;GMFG;PRR13;GLRX;GNAI2;FCGR1A;FCER1G;SPI1;CXCL16;LAPTM5;CEBPB;HLA-B;RILPL2;RNF130;PIK3AP1;DUSP2;DOK2;RGS10;CXCR4;IER5;LYZ;VSIR;JUND;FCGR3A;SRGN;CPVL;IGSF6;ALOX5AP;PMAIP1;AIF1;CTSB;FOLR2;PLEK;ITGB2;PLAUR;LAT2;VSIG4;JUNB;PILRA;EVI2A;NCF4;CYTH4;ARHGDIB;HCK;S100A4;GADD45B;SOD2;FCGR2A;CTSC;CD53;LSP1;LYN;EFHD2;MS4A4A;CASP1;SERPINB1;GRK2;NCF2;FPR1;FMNL1;PSAP;LY96;CD83;IFI30;TPM3;MAN2B1;WAS;CD86;MSR1;PTAFR;MAP3K8;HLA-H;LAIR1;ITGAM;RGS2;OSTF1;LILRB2;RNASE6;CD37;GPSM3;GLIPR1;MAFB;LCP2;ITGAX;SMAP2;C5AR1;C1orf162;MS4A6A;MYO1F;APBB1IP;THEMIS2;ADAP2;SLA;IRF8;LY86;ALOX5;DUSP1;PARVG;UCP2;NLRP3;COTL1;DAZAP2;PRKCD;FCGRT;TPP1",-1.9829927658690032,7.702898375988143e-10,TRUE,
"DURANTE_ADULT_OLFACTORY_NEUROEPITHELIUM_NK_CELLS",80,-0.6815393514197231,-2.6344290433147615,3.950214415378708e-16,5.4110484255942305e-15,"PFN1;HCST;CCL3;PLAAT4;GNLY;PSMB9;IL32;CYBA;CCL4;NKG7;GZMA;GZMH;TYROBP;APOBEC3G;CCL5;CCL4L2;RAC2;HLA-C;IFITM2;CD7;CTSW;PRF1;EMP3;CD48;HLA-A;SH3BGRL3;GZMM;CORO1A;CD52;CD247;LIMD2;MYL12A;FCER1G;KLRD1;HLA-B;CLIC3;PTGDS;DUSP2;DOK2;CCND3;CXCR4;TRBC1;TMSB4X;FCGR3A;SRGN;TBC1D10C;PLEK;ITGB2;MATK;ARHGDIB;B2M;CD53;LSP1;EFHD2",-2.4778022439958955,1.3905483078494105e-12,TRUE,
"BUSSLINGER_GASTRIC_PARIETAL_CELLS",230,-0.5172468431896374,-2.288466792575526,5.414572497801981e-16,7.279591913711554e-15,"UQCR10;COX8A;NDUFA9;NDUFB10;ATP5MF;ATP5ME;SERF2;COX6A1;NDUFB8;NDUFA6;COX4I1;NDUFB7;UQCR11;NDUFS3;CYC1;MRPL41;ATP5F1D;NDUFS8;ATP5MJ;SOD1;GAPDH;UQCRC1;ATP5PO;PRDX2;CHCHD10;UQCRQ;ATP5MG;TXNDC17;COX5B;COX7B;NDUFV1;PPIF;COX7A2;COX6B1;FTH1;PXMP2;PKM;MRPL34;NDUFC1;NDUFB9;COA3;ECHS1;NDUFAB1;DCXR;SLC25A5;COX5A;TMEM141;NDUFB2;ATP5F1B;CHCHD2;ATP5MC1;REXO2;ATP5F1A;NDUFA8;GMPR;COX7C;G0S2;AKR7A3;NDUFA1;SDHB;NDUFS2;ATP5MC3;CYSTM1;YBX1;FH;SLC25A3;ATP5F1C;MPC1;SLC25A4;MDH2;BOLA3;NDUFS4;GOT1;DUSP4;ATP5PD;VEGFB;NDUFB4;TMEM70;IDH2;UQCRC2;TMEM171;FAM162A;PRDX3;COX6C;ATP5PB;NDUFA4;UQCRFS1;HPCAL1;GLOD4;ISCU;PDHB;ATP5PF;GOT2;ATP5MK;COX7A2L;TM7SF2;ECI2;MICOS10;DHRS7;TPD52L1;MDH1;SUCLG1;GPRC5C;PSAP;LDHB;PRDX5;NDUFA10;MPC2;GHITM;ACADVL;NDUFB3;NDUFB5;WBP2;AKR7L",-2.358740640801953,4.521766753576515e-17,TRUE,
"TRAVAGLINI_LUNG_CD4_NAIVE_T_CELL",132,-0.5936308835904777,-2.4731466528204216,2.6745640338855335e-15,3.530424524728904e-14,"NOSIP;RPS5;RPL18A;RPS14;RPS15;RPL28;RPL18;RPS16;RPS21;RPLP2;RPS2;RPS8;IL32;RPL8;RPLP0;RPL13AP5;RPS15A;RPL26;RPL13;RPS3;RPL36;RPL35;RPS28;RPS13;RPS23;RPL27;RPLP1;RPS29;RPL29;RPL37;TLE5;CD3D;RPL10A;RPS19;RPL13A;RPL3;RPS6;RPL27A;RPL23A;IFITM1;LCK;RPL38;RPL34;RPS12;RPL35A;RPL10;SEPTIN1;SNHG5;RPS3A;RPL5;RPL19;RPL41;EEF1A1;RPL30;RPL37A;RPL15;PCED1B-AS1;RPL31;RPL12",-2.4537854641255588,8.068747537698413e-14,TRUE,
"DURANTE_ADULT_OLFACTORY_NEUROEPITHELIUM_DENDRITIC_CELLS",113,-0.6081527513885613,-2.4674689606290396,3.965316170292914e-15,5.1407491779154555e-14,"CCL3;OAZ1;TYMP;PYCARD;CST3;CYBA;ACTB;FTH1;TYROBP;HLA-DRA;STXBP2;CXCL8;NFKBIA;TIMP1;BCL2A1;G0S2;LST1;IFITM2;EMP3;CD48;SH3BGRL3;OSM;TKT;CARD16;CORO1A;S100A8;CD52;S100A9;CD14;GMFG;FCER1G;SPI1;LAPTM5;TNFAIP2;CLEC12A;CEBPB;LGALS2;IL1B;SLC11A1;FCGR3A;SRGN;PTGS2;CPVL;IGSF6;NCF1;STX11;AIF1;PLEK;ITGB2;PLAUR;TREM1;PILRA;TNFSF13B;S100A4;SOD2;LSP1;LYN;NCF2;PELATON;FPR1;PSAP;CLEC4E;IFI30;CXCL2;FGR;RGS2;SERPINA1;LILRB2;CD44;CD37;CFD;APOBEC3A;C5AR1;C1orf162;MS4A6A",-2.22344977028708,1.012714714250576e-9,TRUE,
"LAKE_ADULT_KIDNEY_C10_THIN_ASCENDING_LIMB",343,-0.45733069164700735,-2.0720160070196485,5.744853235952872e-15,7.317128858424183e-14,"SERF2;GPX1;ATP6V0B;UBA52;FAU;COX4I1;MYL6;RPS5;LAMTOR5;ALDOA;UBB;SOD1;PSMB1;GAPDH;RPS14;JTB;KRT7;RPS15;TPI1;PCBP1;RPL18;ARF1;RPS16;DUSP23;RPLP2;COX5B;RPS2;RPS8;MT2A;RPL8;CIB1;RPLP0;RACK1;HSBP1;RAN;RPL13;RPS9;RPS11;FTH1;CD74;RPS18;RPL35;CBR1;RPS28;PKM;ENO1;RPS13;RPS23;ARPC1B;ATP6V0E1;HINT1;RPL7A;SLC25A5;RPLP1;RPS29;IFITM3;PRDX1;RPSA;MTCH1;ATP5F1B;GSTP1;CD63;TIMP1;ATP5F1A;RPL10A;RPS19;COX7C;G0S2;CEBPD;CD81;IFITM2;ATP5MC3;RPL13A;RPL3;CYSTM1;RPS6;YBX1;SLC25A3;HLA-A;ATP5F1C;PPIA;PSMA7;KRT18;ACTG1;RPS12;LDHA;MRFAP1;HLA-E;RPL9;RPL10;ANXA2;SRP14;YBX3;EEF2;RPS3A;SELENOW;EIF1;UBC;RPL5;RPS4X;CNBP;RPL19;S100A6;DNAJA1;RPL41;EEF1A1;IDH2;MYL12A;PEBP1;SPP1;MYL12B;BACE2;SLPI;HLA-B;NDUFA4;RPL30;RPL37A;PITPNC1;RPL15;CCT3;UQCRFS1;RPL31;RPL12;S100A11;RARRES2;PGK1;ANXA5;CNDP2;REEP5;RPS27A;HSPA8;CTSB;PTMA;RPL24;BTG1;EEF1D;RPL32;RPL11;TPT1;HNRNPM;GADD45B;LINC01503;SNX10;B2M;SOD2;TACSTD2",-1.986723099105659,4.547759184785507e-12,TRUE,
"AIZARANI_LIVER_C20_LSECS_3",287,0.3930255603886855,2.2274393338915135,6.4932754742453864e-15,8.127789645348536e-14,"ROCK2;TANC1;JMJD1C;KLF7;BMPR2;PTPRB;CHD7;AFF4;EEA1;RBBP6;GOLGA4;MAST4;CAMSAP2;ASAP1;BDP1;DNMBP;SPAG9;LUZP1;FNDC3B;MACF1;NRIP1;SHROOM4;PEAK1;GARRE1;EPAS1;TCERG1;PRKD3;CRIM1;AHCTF1;HERC1;KDR;MTCL2;GOLGB1;B4GALT5;RAPGEF5;MYO10;PREX2;BAZ1A;KCTD20;UACA;PLCB1;LIFR;CUL4B;TOP1;NAV1;ZEB1;PLEKHG1;DAB2;SLC4A7;DDX21;ARGLU1;ITGA9;EIF5B;ANKRD11;ARHGEF7;SASH1;ARHGAP26;DAAM1;RBM25;ZNF462;SORBS1;PLXNA2;APOLD1;HIPK2;SLC7A1;NID1;FLT1;TCF4;RBMS1;RPGR;FILIP1;VCL;SSH1;ADGRF5;CAVIN2;CDC42BPB;MAP1B;DLC1;PIEZO2;PLPP3;MARCKS;CD93;MEG3;CCDC50;COL4A1;WSB1;SNRK;AKAP12;ZNF160;WDR43;SOX7;EMP1;IL1R1;ETS2;MYCT1;PRSS23;JAM3;CEMIP2;LDB2;ARHGAP23;LIMA1;PCDH17;RDX;RELN;CDK17;DYNC2I1;IL6ST;NOLC1",2.505006076357087,3.639241540963993e-19,TRUE,
"SU_HO_CONV_CENT_CHONDROSARCOMA_C6_LEUKOCYTE",313,-0.45706315741403125,-2.062727384598803,3.427826418114661e-14,4.2179694568665154e-13,"HCST;CCL3;CHCHD10;HLA-DMA;BID;COMMD9;RHOG;PPIF;CALHM6;CCL4;CD74;HLA-DQB1;HLA-DPB1;HLA-DRB1;TNFRSF14;VMO1;NFKBIE;TYROBP;HLA-DRA;VAMP8;CXCL8;APOC1;HLA-DMB;ATP6V0D1;SLC43A3;CCL5;MGAT1;NFKBIA;CCL4L2;BCL2A1;PCBD1;RAC2;G0S2;C1QC;LST1;APOE;CLEC2B;CNPY3;PTPN6;ARRB2;CD300A;METRNL;HLA-DPA1;CD48;RNASET2;C1QB;ACP5;CARD16;C1QA;RAB5C;TUBGCP2;KYNU;CORO1A;SQOR;ZNF385A;S100A9;CITED2;CD14;GMFG;LGALS9;SYNGR2;CTSZ;GLRX;TREM2;FCGR1A;FCER1G;SPI1;CXCL16;TNFAIP2;C1orf54;RILPL2;RNF130;IL1RN;HAVCR2;CXCL1;CXCL3;DOK2;RGS10;AP1B1;CXCR4;IL1B;PLAU;RNASE1;RGS19;SLC11A1;LYZ;PLEKHO1;FCGR3A;TNF;CNDP2;SRGN;HLA-DQA1;RASSF4;IGSF6;ALOX5AP;STX11;AIF1;CTSB;FOLR2;PLEK;FCGR2B;MIR155HG;LILRB4;VSIG4;TREM1;PILRA;RAB20;NCF4;ARHGDIB;TNFSF13B;SNX10;FCGR2A;GAPLINC;CD53;RALGDS;LYN;EFHD2;MS4A4A;CASP1;SERPINB9;NCF2;FMNL1;LY96;AKR1B1;CD83;CREM;CXCL2;LACTB;RIPK2;WAS;RNF144B;CD86;MSR1;HLA-DQA2;MAP3K8;RAP2B;LAIR1;BIRC3;VAT1;OSTF1;RNASE6;ADAM8;CD44;CD37;CCL2;GPSM3;GLIPR1;LCP2;ITGAX;SMAP2;CHMP1B;C5AR1;C1orf162;MS4A6A;CTSH;ABRACL;MMP9;THEMIS2;CORO1C;ADAP2;IRF8;LY86",-1.7833054555660308,2.7857971620469004e-7,TRUE,
"HAY_BONE_MARROW_NK_CELLS",336,-0.4504865544869134,-2.0416201840310815,4.7277475214928885e-14,5.720574501006395e-13,"PFN1;HCST;CCL3;NDUFB7;PLAAT4;GNLY;POLR2G;TRAPPC1;PSME1;RPS19BP1;CYB561D2;FBXO6;PSMB9;UBE2L6;GCHFR;HMOX2;CIB1;PSMB10;TNFRSF18;HEXA;CDK2AP2;CCL4;NKG7;RNF126;GZMA;MIB2;MIEN1;CCDC12;EIF3G;SIGIRR;IRF1;COMMD5;SDF4;EBP;RASSF1;IL12RB1;ABHD17A;ARPC4;CD320;APOBEC3G;CCDC107;NDUFB2;TAPBP;CFL1;PLEKHF1;MED10;STX8;RHOF;MOB2;SHISA5;CHST12;RAC2;HLA-C;TAP1;IFITM2;CD7;CTSW;RNF167;UBE2F;PRF1;RAMP1;MRPL10;TBCB;HLA-F;IFITM1;RBM38;CD300A;SHFL;VPS37B;HLA-A;ARPC5L;APOBEC3H;DDIT4;GZMM;TBX21;RNF166;RAB5C;CISD3;CORO1A;HLA-E;PRR5;FASLG;SIPA1;BOK;G6PD;SELENOW;DHRS1;CLIC1;CD247;MVD;MYL12A;KLRD1;MYL12B;TPST2;YPEL3;SSBP4;ADGRE5;CLIC3;PITPNC1;HAVCR2;DOK2;FSD1;GNGT2;SLA2;SELENOT;CD244;MMP25-AS1;TBC1D10C;TBCC;ARHGAP9;TINF2;ITGB2;LPCAT1;DGKZ;LAIR2;MATK;SH2D2A;HDDC2;PDE6G;TSC22D4;ARHGDIB;ZAP70;B2M;DHRS7;TCF25;TSEN54;CTSC;KRT86;CD53;EFHD2;PLAAT3;IL18RAP;POLR3GL;PRDX5;SIGLEC7;ITGB7;DHRS3;C1orf56;EOMES;IL2RB;HSH2D;IFI16;HOPX;MAFF;RPS6KA1;CALM1;LRP10;CPNE1;SPON2;LINC02384;OSTF1;DMKN;ADAM8;GPR65;TADA3;PYROXD2;ADGRG5;ARPC2;TMED2;SASH3;ARL4C;MYO1F;SYTL1;IER2;CCDC102A;S1PR5;CIRBP;NHERF1;CTBP2;NCALD;MYOM2;CHST2;UCP2;CERCAM;FHL3;GZMB;LLGL2;CMC1;RGS9;SKAP1;TMIGD2;KLHDC4;BTN3A2",-1.9935480969994426,4.632270189544761e-12,TRUE,
"GAUTAM_EYE_CHOROID_SCLERA_MELANOCYTES",151,-0.5528226808537352,-2.350784692851494,6.081838928011669e-14,7.23838534710897e-13,"COX6A1;FAU;PSMC3;GADD45GIP1;CYC1;ATP5F1D;ATG101;ALDOA;PRELID1;SOD1;LSM7;TUFM;ATP5PO;ATP5MG;TAX1BP3;ARF1;MRPS18C;TIMM44;RPLP0;SUMO3;NELFE;SLIRP;IMP4;EIF3G;JAGN1;AHSA1;PHB1;SLC25A5;TOMM22;XAB2;CUTA;CHCHD2;USF2;MED10;RNH1;AP2M1;COX7C;SDHB;DAD1;B3GAT3;CHTOP;NUDC;GABARAP;MRPL57;TAF9;SNX8;MRFAP1;SNHG8;SNRPG;CCT7;KIF9;PFDN6;ERP29;ITGB1BP1;NGDN;RBM23;PEPD;NDUFA4;CCT5;UQCRFS1;SNRPE;ENOPH1;NOP56;CYB5R1;ATP5PF;SLC35B2;ATP5MK;LYSET;KARS1;RAD23A;ZPR1;SAP18;NOL12;CAMTA1;RETREG2;GALE;TSG101;FBXO7;KLHL21",-2.332342416584443,2.252281509125381e-12,TRUE,
"ZHONG_PFC_C1_MICROGLIA",252,-0.48538890071805085,-2.1665267617469515,6.342908954907393e-14,7.404729138543678e-13,"TRAPPC2L;NDUFA6;LSM2;AP2S1;SEC13;MCAT;ORMDL2;WDR54;NUTF2;AURKB;MRPS12;TXNDC17;TIMM10;H2AZ1;PSME2;TK1;RAN;ERI3;DDX39A;SAP30;H2AX;TMEM256;TMED9;SNRPB;C1orf122;CDCA4;COA8;PLK1;TUBA1B;CKS2;CHCHD2;PAXX;RFC2;TECR;SKIC8;NRM;QDPR;CKS1B;ZDHHC12;MRPL37;SRSF7;MCM7;TMEM107;ANAPC5;LENG1;CYTOR;DTYMK;PRC1;PIMREG;RANBP1;FEN1;ALG3;PCNA;ASF1B;XRCC3;TMEM106C;UCHL3;PYM1;EBNA1BP2;MPC1;MGAT2;BUB3;BIRC5;RCC1;CDCA8;CDCA3;SPNS3;ILF2;CCNB1;CCNF;CCNB2;KIF22;AK2;HIRIP3;TMEM14B;IDH2;CDKN3;GLT8D1;RRP1;UBE2T;MICU1;RPA3;GTF2F1;GINS2;POP4;CDC123;TBCD;PA2G4;MRPS22;NME4;DVL2;UHRF1;TBC1D10B;TACC3;TROAP;HMGN2;PHF19;KIF2C;VCP;POLE3;DUT;SS18L2;CENPS;HMGB2;SLC37A4;MRPL20-AS1;CACYBP;MCM3;GAMT;GTF2B;CDCA5;COQ2;RFC4;ZWINT;IL10RB;GALE;NASP;PCLAF;CENPH;GMNN",-2.0986696671324303,1.9354236011492284e-11,TRUE,
"BUSSLINGER_GASTRIC_METALLOTHIONEIN_CELLS",94,-0.6318505103670062,-2.516950695562869,6.518863549588161e-14,7.404729138543678e-13,"COX4I1;ATP5MJ;ATP5PO;RPL28;RPS21;RPS10;RPLP2;COX5B;MT2A;RPL8;TSPO;RPLP0;ACTB;RPS3;ETHE1;RPS28;STARD10;PLLP;MT1X;RPL29;PRDX1;GSTP1;CTSD;IFI27;MT1E;S100P;TFF2;CYSTM1;TAGLN2;RPL27A;GRN;TRNP1;SNHG29;AGR2;LMO4;MUC1;HNRNPAB;CLIC1;CSTB;CA9;TMEM238L;KRT8;MGST3;RNASE1;KRT19;P4HB;ALDH3A1;PPDPF;FABP5",-2.4441099461852556,5.252843410808287e-12,TRUE,
"DESCARTES_MAIN_FETAL_CCL19_CCL21_POSITIVE_CELLS",190,-0.5207366715356961,-2.2610143501975357,6.527584915520598e-14,7.404729138543678e-13,"RPL23AP65;STX10;AGAP2-AS1;PSMG3;BAD;PSMB1;ATOX1;TYMP;RPL10AP2;NME2;RPL3P7;H2AC20;NPM3;GPS2;C1orf35;JMJD4;TNFSF9;FBXW5;RELB;PES1;ISOC2;NFKBIE;C11orf68;SELENOM;NFKB2;PARK7;RPS27AP5;SERTAD1;CIAPIN1;ATP2A1-AS1;TECRP1;CPSF4;NFKBIA;RPLP1P6;RPL13AP3;LENG1;CCDC28B;TMEM18;BCL3;GRINA;SCYL1;LAP3;HLA-J;ICAM1;SF3A2;RPL17P36;RIN1;IFI27L2;RPL10P3;CXCL13;IRF2-DT;RPS3AP21;PI4K2A;RAB13;PTGDS;LRP3;GTF2F1;INTS5;KCNK15;FZD2;TRIM47;RPP25;TLCD1;RPL10P16;HECTD3;JUND;MAP3K6;GLI4;FKBP9P1;SF3A3;HASPIN;PABPC3;JUNB;MINCR;UBAC2-AS1;GPANK1;VPS16;MSC;CDC42P6;KRTCAP2;NOP53;PDRG1;LIPT1;RPL5P34;LINC00324;WDR97;LINC01311;EFEMP2;EFTUD2;RARA-AS1;ARL6IP4;UBR7;SMU1;CCL2;SOCS3;SCARF2;CSF1;RASGEF1A;TPBGL;HNRNPA0;CTSH",-2.237068842020376,1.314271921417793e-12,TRUE,
"TRAVAGLINI_LUNG_CLUB_CELL",105,-0.6086732273608128,-2.4541949254339013,6.660547603836019e-14,7.439319323669153e-13,"FAU;RPS5;RPL18A;RPS14;S100A13;RPS15;RPL18;RPS16;RPS21;SSR4;RPLP2;CST3;RPS8;RPL13AP5;RPS15A;RPL26;RPL13;RPS3;RPS11;RPL36;RPL35;RPS28;RPS13;RPS23;RPL27;RPS29;RPL29;RPL37;TIMP1;CYB5A;RPS19;RPL13A;RPS6;RPL27A;RPL23A;RPL38;RPL34;RPS12;RPL35A;RPL10;RPS3A;RPL5;RPL19;SERP1;FXYD5;SLPI;RPL30;RPL37A;RPL15;RPL31;RPL12;RNASE1;TMSB4X;PTGS2;FABP5;RPL24;RPL32;RPL11;CRACR2B;TPT1;ARHGDIB",-2.440847816630023,6.829589003322277e-13,TRUE,
"FAN_EMBRYONIC_CTX_BRAIN_MYELOID",137,-0.5699626759049495,-2.385758162066051,8.212925462173039e-14,9.034218008390343e-13,"HCST;CHCHD10;HLA-DMA;WARS1;PSMB9;LY6E;TYMP;MT2A;CALHM6;AIP;CD74;HLA-DQB1;HLA-DPB1;HLA-DRB1;TNFRSF14;ISG15;SECTM1;IRF1;HLA-DRA;LGALS1;STXBP2;IFITM3;CRIP1;NFKBIA;TIMP1;BCL2A1;LST1;IFITM2;CLEC2B;EMP3;HLA-DPA1;CD48;HLA-A;CSK;TKT;CARD16;S100A8;CD52;S100A9;ANXA2;S100A6;SPI1;KLF2;PNPLA6;FXYD5;TNFAIP2;CLEC12A;ADGRE5;CEBPB;HLA-B;OSCAR;DOK2;S100A11;LILRA5;CXCR4;IER5;LYZ;PLEKHO1;PTGS2;PLAUR;LRRC25;WIPI2;TNFSF13B;HCK;S100A4;LILRB3;LSP1;EFHD2;GRK2;IFI30;FGR;PLXNB2;SERPINA1;LILRB2;CD44;ANXA1;SOCS3;CFD;APOBEC3A;MAFB;IFI44L;ITGAX;S100A10;C5AR1;C1orf162;MS4A6A;MYO1F",-2.231782299808183,5.081727322479894e-10,TRUE,
"HAY_BONE_MARROW_MONOCYTE",215,-0.5053746307529956,-2.2212551204731827,9.782536217537311e-14,1.0476801506113894e-12,"MYL6;VAMP5;PRELID1;CHCHD10;WARS1;BID;LY6E;RHOG;GNG5;NAPRT;PSME2;CALHM6;HSBP1;BATF3;HIGD2A;FTH1;ARPC1B;ISG15;VMO1;MCOLN1;GNB2;PPCDC;CAMK1;HES4;DRAP1;IFITM3;DEDD2;SLC25A6;RNH1;TIMP1;NAGK;LST1;RHOC;PTPN6;ARRB2;RNASET2;C1QB;ZG16B;CTSL;SLC2A6;TCIRG1;RRAS;MAPKAPK3;C1QA;LGALS9;SYNGR2;FAM110A;ZMYND15;JPT1;CD300LF;CSTB;TPPP3;FCER1G;SPI1;ABI3;CXCL16;MYO1G;CD300C;PIK3AP1;CALHM2;CEACAM3;S100A11;LILRA5;HK3;RGS19;PGK1;CHST7;TMSB4X;VSIR;FCGR3A;CAPZB;C5AR2;ACAA1;AIF1;TUBA1A;PILRA;LRRC25;ARRB1;HCK;LINC01503;SELPLG;CALM2;GBP2;LYN;GRK2;PELATON;UNC119;LILRA2;FMNL1;PSAP;GCH1;PKN1;WAS;RNF144B;FGR;SLC66A3;IMPDH1;MSR1;PPM1N;ARPC5;TBC1D8;SLC7A7;MMP24OS;SAT1;PLXNB2;SERPINA1;PTGES;LILRB2;MYD88;ADGRE1;ITGAX;SMAP2;DPEP2;AMPD2;SIDT2;C5AR1;C19orf38;TNFSF10;UQCRB;THEMIS2;ADAP2;FKBP1A;LFNG",-2.067828179378346,6.415437394049416e-10,TRUE,
"LAKE_ADULT_KIDNEY_C8_DECENDING_THIN_LIMB",276,-0.4711248658792923,-2.1068344135333503,9.812982126938634e-14,1.0476801506113894e-12,"SERF2;GPX1;UBA52;FAU;MYL6;RPS5;ALDOA;UBB;SOD1;PSMB1;GAPDH;RPS14;RPS15;DYNLT1;TMSB10;TPI1;PCBP1;RPL18;ARF1;RPS16;PPIB;RPLP2;RPS2;RPS8;MT2A;RPL8;CIB1;RPLP0;RACK1;RAN;EDF1;RPL13;RPS9;RPS11;FTH1;RPS18;RPL35;RPS28;PKM;ENO1;RPS13;RPS23;CLTA;HINT1;RPL7A;RPLP1;IFITM3;PRDX1;RPSA;GSTP1;CD63;TIMP1;ATP5F1A;RPL10A;CYB5A;RPS19;CEBPD;RPL13A;RPL3;CYSTM1;RPS6;YBX1;GAS5;HLA-A;PPIA;CTSL;RPL34;PSMA7;KRT18;ACTG1;RPS12;LDHA;RPL9;RPL10;ANXA2;SRP14;EEF2;RPS3A;EIF1;RPL5;RPS4X;CNBP;RPL19;S100A6;RPL41;EEF1A1;MYL12A;PEBP1;SPP1;MYL12B;SLPI;HLA-B;NDUFA4;RPL30;RPL37A;RPL15;RPL31;KRT8;RPL12;IGFBP7;EEF1B2;PGK1;ANXA5;CNDP2;REEP5;RPS27A;HSPA8;CTSB;PTMA;ODC1;RPL24;BTG1;EEF1D;RPL32;NACA;RPL11;TPT1;HNRNPM;B2M;SOD2;TACSTD2",-2.0144517468402947,1.0617029668267687e-10,TRUE,
"MANNO_MIDBRAIN_NEUROTYPES_BASAL",77,-0.6651692878452772,-2.559466341890826,1.2523281739854579e-13,1.3176670352368731e-12,"PSMB4;ATP5ME;FAU;NDUFA13;COX4I1;ATP5MJ;UBB;ELOB;DYNLL1;ATP5PO;RPL28;UQCRQ;ATP5MG;PCBP1;RPS8;RPL8;ACTB;RPL13;UBL5;COX6B1;SEC61B;RPL7A;PARK7;NACA2;TUBA1B;ATP5F1B;CHCHD2;CFL1;RPL3;SLC25A3;GABARAP;RPL38;RPL34;BRK1;RBM8A;ACTG1;SEC61G;RPL9;SRP14;EEF2;RPS4X;RPL41;EEF1A1;COX6C;ATP5PB;RPL15;RPL31;ATF4;RPS27A;HSPA8",-2.4592127692431878,7.732586397828692e-12,TRUE,
"SU_HO_CONV_CENT_CHONDROSARCOMA_LEUKOCYTE_C1_M2_MACROPHAGE",88,-0.6348536704923095,-2.4858811237175122,2.463649015124142e-13,2.5551559785430386e-12,"HCST;MYL6;BLVRB;GAPDH;TPI1;NUPR1;LY6E;EIF4EBP1;ENO1;SLC2A5;TYROBP;LGALS1;APOC1;IFITM3;IL4I1;CTSD;STX8;ANG;TIMP1;ENO2;GPI;RNASET2;GABARAP;LDHA;TUBGCP2;IFI6;ZNF385A;PRR13;S100A6;FCER1G;SPP1;FAM162A;TMIGD3;ATF5;IL1RN;S100A11;RNASE1;LYZ;TMEM91;FCGR2B;TREM1;PILRA;TMEM51;HEBP1;GAPLINC;LSP1;NCF2;PELATON;FBP1;LY96;LSM3;HLA-DQA2;CLEC5A;EGLN3;ARPC5;ARLN;HILPDA;ADM;BNIP3L;TMEM45A;ADAM8;P4HA1",-2.3093249559538043,2.7382957782784785e-9,TRUE,
"SU_HO_CONV_CENT_CHONDROSARCOMA_LEUKOCYTE_C2_T_CELL",126,-0.5765793754557511,-2.380910750613957,2.685863325611616e-13,2.7463898230901877e-12,"FAU;PLAAT4;UBB;RPS15;RPL28;RPLP2;IL32;EIF3F;RPL13;NKG7;GZMA;GZMH;IRF1;RPS29;HSPE1;APOBEC3G;CRIP1;CCL5;CD3D;TOMM7;LINC01871;RPL17;RPL36AL;TUBA4A;SRSF7;HLA-C;CD7;CTSW;RPL3;PRF1;CD48;HLA-A;ARPC5L;LCK;RPL38;RPL34;GZMM;RPS12;CORO1A;HLA-E;CD52;CD8A;TRBC2;CD247;DNAJA1;LIMD2;HLA-B;DUSP2;DOK2;CXCR4;EEF1B2;TRBC1;BATF;HSPA8;PTMA;CD3E;JUNB;TRGC2;TUBA1A;RPL24;TRAC;BTG1;ARHGDIB;LTB;B2M;RHOH;CD2;NOP53;GZMK;RPS17",-2.2722620008882783,8.79262816674296e-11,TRUE,
"AIZARANI_LIVER_C6_KUPFFER_CELLS_2",224,-0.48885743185468444,-2.158207461985227,2.9609043256060896e-13,2.985578528319474e-12,"GPX1;BLVRB;TMSB10;HLA-DMA;TYMP;PYCARD;CCL3L3;CST3;RHOG;CALHM6;CYBA;ACTB;CCL4;FTH1;NPC2;HLA-DPB1;HLA-DRB1;ARPC1B;SECTM1;TYROBP;HLA-DRA;LGMN;VAMP8;HLA-DMB;MGAT1;CTSD;CCL4L2;NAGK;SLC15A3;C1QC;LST1;CNPY3;GRN;UNC93B1;ARRB2;HLA-DPA1;RNASET2;C1QB;TKT;TCIRG1;C1QA;PLD3;GRINA;IFI6;CD14;COLGALT1;LGALS9;GNAI2;FCER1G;SPI1;CXCL16;LAPTM5;TNFAIP2;CEBPB;PPT1;IFIT3;IFNGR2;AP1B1;S100A11;HK3;IL1B;RNASE1;SLC11A1;LYZ;VSIR;FCGR3A;HLA-DQA1;RASSF4;CPVL;IGSF6;AIF1;CTSB;FOLR2;PLEK;ITGB2;LILRB4;VSIG4;PILRA;ATP6AP1;AP2A2;LRRC25;TNFSF13B;HCK;SNX10;FCGR2A;CTSC;LILRB3;LYN;MS4A4A;GRK2;PELATON;SLC1A3;PSAP;HMOX1;CD83;RNF144B;CD86;BCAT1;FGR;MSR1;PTAFR;RAP2B;SAMHD1;SLC7A7;LAIR1;SAT1;RGS2;LILRB2;RNASE6;CFD;MAFB;IFI44L;ITGAX;MARCO;C5AR1;C1orf162;MS4A6A",-1.871402228561641,2.7343368535565654e-7,TRUE,
"HU_FETAL_RETINA_BLOOD",250,-0.4814585732643846,-2.1492330231357237,3.349627021106069e-13,3.331272900442474e-12,"POLR2L;UROD;ATP5MF;GUK1;SERF2;UBA52;UFD1;MYL6;BLVRB;UBB;OAZ1;ELOB;PRDX2;FIS1;RBX1;AURKB;HMBS;EIF3K;RHOG;RPS2;COX7B;MT2A;ELOF1;COX6B1;APRT;FTH1;RPL35;GLRX5;SLC25A39;UBAC1;GSTO1;LGALS1;MT1X;DCXR;TALDO1;RPL29;CDC42EP1;TMEM141;PPOX;CALM3;CKS2;GSTP1;CENPW;MT1E;RPL36AL;TUBG1;GMPR;CAPNS1;CYTOR;TYMS;EMP3;YBX1;RBM38;HBA2;UXT;ANXA2R;PITX1;NDUFB6;CTSL;BIRC5;RPS12;HLA-E;HBB;NPRL3;SHLD1;YBX3;SYNGR2;EIF1;TMEM14C;MT-TL1;ADA;S100A6;TMEM14B;CDKN3;PTTG1;GLIPR2;SNORD3A;GYPC;RPA3;NR1H2;FECH;RGS10;CCND3;SNX3;RNASE1;HSF1;TESC;PSMF1;CTSB;TROAP;UROS;TTLL12;TUBB6;MT1F;FTLP2;HPS1;S100A4;B2M;CTSC;GSTK1;TP53I3;ANK1;PRDX5;MPC2;GHITM;ATP5F1E;HK1;MT1G;FBXO7;CENPH;HHEX;MGST1;SNX22;SMIM1;EPOR;PCOLCE;BTF3;RAP1GAP;CTSE;SLC39A8;ANXA1;TMA7",-2.19805248346734,1.7840059062504465e-13,TRUE,
"LAKE_ADULT_KIDNEY_C19_COLLECTING_DUCT_INTERCALATED_CELLS_TYPE_A_MEDULLA",313,-0.44877883319481804,-2.025340204834526,4.079452064806699e-13,4.002273241959004e-12,"SERF2;GPX1;ATP6V0B;FAU;CIAO2B;COX4I1;MYL6;RPS5;LAMTOR5;ALDOA;UBB;SOD1;GAPDH;RPS14;CHCHD10;RPS15;DYNLT1;TPI1;PCBP1;RPL18;ARF1;RPS16;EIF3K;RPLP2;COX5B;RPS2;RPS8;MT2A;RPL8;CIB1;RPLP0;RACK1;RPL13;RPS3;RPS9;RPS11;FTH1;CD74;RPS18;RPL35;CBR1;RPS28;PKM;ENO1;RPS13;SLC25A39;RPS23;ATP6V0E1;HINT1;RPL7A;SLC25A5;RPLP1;COX5A;PRDX1;RPSA;ATP5F1B;CHCHD2;GSTP1;CD63;ATP5F1A;RPL10A;CYB5A;RPS19;COX7C;HLA-C;ATP5MC3;RPL13A;RPL3;CYSTM1;RPS6;GAS5;SLC25A3;HSPB1;ATP5F1C;PPIA;RPL34;PSMA7;KRT18;ACTG1;RPS12;SNHG29;LDHA;RPL9;RPL35A;RPL10;ANXA2;SRP14;EEF2;RPS3A;SELENOW;EIF1;RPL5;RPS4X;CNBP;RPL19;RPL41;EEF1A1;IDH2;MYL12A;PEBP1;MYL12B;ATP5PB;HLA-B;NDUFA4;RPL30;RPL37A;RPL15;UQCRFS1;RPL31;RPL12;IGFBP7;SNX3;PGK1;TMSB4X",-1.991298083915182,3.4855091191141994e-11,TRUE,
"SU_HO_CONV_CENT_CHONDROSARCOMA_STROMAL_C2_GRANULATING_CANCER_ASSOCIATED_FIBROBLAST",180,-0.5235678097840986,-2.2617551645540517,7.322019272135447e-13,7.087714655427112e-12,"AP2S1;LAMTOR5;PSMB8;MRPL54;DYNLL1;TMEM205;LAMTOR4;PSMB9;LY6E;NENF;FAM174C;UBE2L6;C19orf53;ATP6V1F;COX5B;CIB1;CCDC85B;EIF4EBP1;CNIH4;DDX41;SPHK1;FTH1;HLA-DPB1;TRMT112;ATP6V0E1;TNFRSF14;GSTO1;SELENOM;UPP1;POLR2H;DRAP1;SELENOK;ZNHIT1;MGAT1;CTSD;ANG;TIMP1;RPL36AL;TUBA4A;BRI3;RAC2;CDK4;DAD1;APOE;CYSTM1;RPL22L1;EMP3;PPP1R14B;SMIM29;CTSL;NDUFS4;HMGA1;ICAM1;DNAJC8;COA6;IFI27L2;PRR13;EIF1;GLRX;WTAP;SLC38A5;SRGN;MRPS6;MSANTD3;TNFAIP6;PLAUR;EVI2A;BTG1;TPT1;HEBP1;DHRS7;SNHG12;BAX;SMIM26;LY96;NTAN1;HMOX1;PMP22;RGS3;NEU1;SAP18;ENY2;DPY30;IFI16;CCDC59;BNIP3L;RNASE4;IFI44;VDAC2;VAT1;RGS2;SERPINE1;CFD;IFI44L;SLC3A2;SMIM3;IKBIP;THEMIS2;NOL7;RAB32",-2.1784046700642015,7.584562819110487e-11,TRUE,
"LAKE_ADULT_KIDNEY_C28_INTERSTITIUM",85,0.5817212143633126,2.7057859233010713,8.688814477882657e-13,8.300104356503696e-12,"ROCK2;MED13L;SBF2;FOXO3;USP53;KIAA1217;DST;RASAL2;THSD4;FNDC3B;DGKH;LPP;ROCK1;REV3L;TTC28;PRKCA;INPP4B;UACA;ITSN1;NAV2;UGGT2;LAMA2;RBMS3;NEGR1;AUTS2;SORBS1;PRKG1;SETBP1;A2M;RBMS1;EPS8;TCF12;CBLB;KALRN;UTRN;PDLIM5;DACH1;COL4A1;AKAP12;ITGA1;MIR99AHG;LDB2;IL6ST;COL4A4;SLIT3;CALD1",2.910010958327233,9.781092554018562e-15,TRUE,
"FAN_EMBRYONIC_CTX_BIG_GROUPS_MICROGLIA",361,-0.42673033941742183,-1.9456835932678844,1.611995583738692e-12,1.5198815503821954e-11,"PFN1;HCST;SERF2;GPX1;ATP6V0B;CCL3;PYCARD;RHOG;GNG5;PIH1D1;CYBA;HEXA;DPP7;CCL4;CD74;NPC2;ARPC1B;ATP6V0E1;NINJ1;TYROBP;LGMN;VAMP8;CALR;APOC1;DNASE2;CKS2;TAPBP;CTSD;NFKBIA;CEBPD;HLA-C;CD81;C1QC;LST1;APOE;BST2;CNPY3;LTC4S;GRN;PTPN6;ARRB2;CD300A;RNASET2;C1QB;HSPB1;CTSL;DDIT4;TCIRG1;C1QA;CORO1A;HLA-E;PLD3;LAP3;REEP4;CD14;COLGALT1;C2;GMFG;LGALS9;SYNGR2;PRR13;GLRX;TREM2;SERPINB6;GM2A;BCAP31;FCGR1A;SERP1;FCER1G;ABI3;SPP1;CXCL16;KLF2;LAPTM5;TMIGD3;GAS6;HLA-B;PPT1;RNF130;GYPC;HAVCR2;GPN3;RGS10;AP1B1;S100A11;STING1;RGS19;ACY3;NAA20;VSIR;P2RX4;ANXA5;FCGR3A;CAPZB;SRGN;DNAJB1;POLD4;CPVL;IGSF6;ALOX5AP;AIF1;CTSB;FOLR2;PLEK;ITGB2;NAGA;LAT2;LILRB4;VSIG4;JUNB;EVI2A;NCF4;CYTH4;DAGLB;ARHGDIB;EGFL7;HCK;GADD45B;SELPLG;B2M;XBP1;FCGR2A;CTSC;CD53;TNFRSF1A;LYN;CASP1;SERPINB9;SLC1A3;FPR1;PSAP;LY96;HMOX1;DEGS1;CD83;IFI30;MAN2B1;CD86;MGST2;DHRS3;PTAFR;H2AJ;CMTM7;CIAO2A;SLC7A7;IFI16;LAIR1;HHEX;SAT1;C12orf75;PLA2G15;ITGAM;GAL3ST4;RGS2;OSTF1;MKNK1;SERPINA1;PLVAP;RNASE6;HSPA5;HVCN1;CD37;LPAR5;GPSM3;ADORA3;GLIPR1;ITGAX",-1.7968498974246017,2.901393742123122e-8,TRUE,
"DESCARTES_FETAL_INTESTINE_MYELOID_CELLS",190,-0.5014185931545796,-2.177136154507699,2.5820230913613e-12,2.4032676465747485e-11,"IDO1;HLA-DMA;BID;TYMP;CST3;CD74;HLA-DQB1;HLA-DPB1;HLA-DRB1;VMO1;CXCL10;SECTM1;TYROBP;HLA-DRA;WFDC21P;LGMN;HLA-DRB5;CXCL8;HLA-DMB;CD274;CIITA;BCL2A1;HLA-DRB6;C1QC;HLA-DPA1;TNNI2;RYR1;RNASET2;C1QB;HLA-DOA;C1QA;KYNU;ZNF385A;CD14;ZMYND15;CXCL9;SDS;CD300LF;FCGR1A;FCER1G;SPI1;CD300C;TNFAIP8L2;OSCAR;RILPL2;LILRA5;IL1B;LYZ;FCGR3A;HLA-DQA1;CPVL;IGSF6;C5AR2;NCF1;STX11;AIF1;FOLR2;PLEK;LILRB4;VSIG4;TREM1;RAB20;NCF4;HCK;FCGR2A;LILRB3;SIGLEC12;MS4A4A;NCF2;LILRA2;FPR1;CD83;IFI30;CXCR2P1;MAN2B1;PDCD1LG2;CD86;HLA-DQA2;PTAFR;SAMHD1;IL1R2;SIGLEC14;LILRB2;RNASE6;ADGRE1;MAFB;ITGAX;C5AR1;C1orf162;MS4A6A;MMP9;ACP3;THEMIS2;ADAP2;IRF8;LY86;CD33;MILR1;LILRB1;NLRP3;EBI3",-1.8901224151976124,9.043920250958507e-7,TRUE,
"FAN_OVARY_CL0_XBP1_SELK_HIGH_STROMAL_CELL",141,-0.5468739067414145,-2.295280479638019,2.9571544541685225e-12,2.717587511046009e-11,"FAU;RPS5;RPL18A;RPS14;RPS15;NUPR1;RPL18;RPLP2;H2AZ1;RPS2;RPS8;RPL8;RACK1;RPL26;RPL13;RPS3;RPS9;RPL36;RPS18;RPS13;RPS23;RPLP1;SELENOK;RPL17;RPL36AL;RPL10A;FBL;RPS19;RPL13A;RPL3;CLEC2B;RPS6;RPL23A;YBX1;SNHG32;RPL38;RPL34;RPS12;SNHG8;RPL9;RPL35A;C11orf96;RPL10;RPS3A;EIF1;SELENOS;SNHG7;RPL5;RPS4X;RPL41;SERP1;CEBPB;RPL30;RPL15;RPL31;RPL12;RPS27A;PTMA;RPL24;SPTSSA;ZFAS1;EEF1D;RPL32;NACA;RPL11",-2.3466402420051753,1.596657050410382e-12,TRUE,
"RUBENSTEIN_SKELETAL_MUSCLE_PERICYTES",143,-0.5427262564301629,-2.279492635577445,3.4407083745390226e-12,3.1224428498941626e-11,"C12orf57;NDUFA11;COX8A;RABAC1;NDUFA13;NDUFB7;ALDOA;UBB;SOD1;PSMB1;GAPDH;CHCHD10;TPI1;EIF3K;COX5B;COX7B;CAVIN3;MT2A;COX7A2;ADISSP;COX6B1;SELENOM;LGALS1;SLC25A5;IFITM3;PRDX1;NDUFA4L2;SLC25A6;CRIP1;CD151;ATP5F1B;CD63;TIMP1;ATP5F1A;TECR;NDUFA1;CYTOR;BSG;ATP5MC3;ATP5MC2;COX7A1;SNCG;PEBP1;GAS6;CYB5R3;COX4I2;MGST3;ISYNA1;IGFBP7;PDLIM1;TESC;ANXA5;CRIP2;TINAGL1;TUBA1A;ATP5MK;ARHGDIB;PTMS;CALM2;MDH1;GJA4;MFGE8;LDHB",-2.169549121337914,7.555578872869249e-10,TRUE,
"LAKE_ADULT_KIDNEY_C29_UNKNOWN_NOVEL_PT_CFH_POS_SUBPOPULATION_S2",76,0.5823190844144366,2.6473584603946936,4.0905388201422516e-12,3.666334794349722e-11,"PARD3B;MYO9A;DST;MACF1;SVIL;MBD5;CRIM1;TTC28;RORA;MAML3;CEP112;ZEB1;PDE7B;ARGLU1;RBMS3;PARD3;AUTS2;THRB;ENTREP2;EHBP1;PAWR;CASC15;UTRN;PLCB4;DLG2;KLF6;CTTNBP2;CNTN4;PLEKHA7;MAGI2;ZFPM2;SLIT3;FRMD4A;EDIL3;NALF1;BICC1;TMEM178B;ALDH1A2;PRUNE2;SHROOM3;ITGB8;BNC2;RERG;ARHGAP29;SYNE1;FBXL7;ZBTB16;AKT3;KANK1;BICD1;TSHZ2",2.9252433871173302,1.139126122302083e-14,TRUE,
"MANNO_MIDBRAIN_NEUROTYPES_HDA",364,0.34144438686657186,1.9916152147956803,4.7545610376273096e-12,4.20952599185052e-11,"PLEKHM3;KLF7;BICRAL;ZFHX3;ZBTB38;PRKACB;PBX1;GSE1;CPEB4;SH3PXD2A;ANK3;CLSTN2;HOOK1;DNM3;PGM2L1;ROCK1;LSAMP;RAPGEF5;FAM13C;FAM217B;PRKCA;CGN;CA1;PLXNA4;ROBO2;ANKRD36B;GPRASP1;CSRNP3;ANKRD12;PPP2R3A;SHROOM2;SYNJ1;CEP126;STOX2;GARNL3;GRIK3;YPEL2;SYT7;PRLR;PLEKHA1;KIF3A;MYRIP;NLK;DAAM1;NEGR1;SHTN1;SEMA6D;NMNAT2;SCN3A;SMURF1;EPB41L1;CHL1;EHBP1;CAMK2N1;NRXN3;NCAM1;GLCE;PLEKHA6;LYST;ZFP69B;SERINC1;NLGN4X;CDH13;KCNN3;MAP1B;ACSL5;DLG2;NEDD4L;MEG3;KIF21B;KLHL29;GNAO1;RBFOX2;FOXP2;ENC1;AKAP12;XIST;CTTNBP2;ATP8A1;CADPS;GRIP1;GFRA1;RAB11FIP4;TMEM132B;VAV3;PAPPA;MAGI2;LDB2;TMOD2;GPRIN3;ARHGAP23;NPY1R;VWA5A;CDC42EP3;FNBP1;CCSER1;RELN;ZNF33B;ANK2;PPP1R21;COL8A1;CXADR;XPR1;CASZ1;DOK6;ZNF697;NRXN2;ICA1L;DPYSL3;SHISAL1;TAC1;EDIL3;NALF1;RETREG1;AKAP1;PTK2B;SRGAP1;YWHAG;NSG1;TMEM178B;REEP1;GRM8;TMEM35A;DMTN;CACNA1E;TTLL7;CHGA;NAP1L3",2.133471909783344,2.840053930856742e-13,TRUE,
"FAN_OVARY_CL12_T_LYMPHOCYTE_NK_CELL_2",161,-0.5276005827027841,-2.2566407988770356,6.025516043430032e-12,5.270511623530366e-11,"POLR2L;PFN1;COX6A1;UBA52;NDUFB8;MYL6;UBB;OAZ1;OST4;RPL28;RPS16;RPS21;SSR4;RPS10;TUBB4B;RPLP2;RHOG;IL32;CIB1;CYBA;FTH1;PKM;ARPC1B;ATP6V0E1;RPL27;HINT1;RPLP1;RPS29;CRIP1;CCL5;CD3D;RPL36AL;TUBA4A;CDC37;HLA-C;CD7;TAGLN2;EMP3;HLA-A;ISG20;SH3BGRL3;YWHAH;RPS26;DDIT4;PSMA7;RPS12;CORO1A;HLA-E;CD52;EIF1;UBC;TGFB1;TRBC2;S100A6;RHBDD2;LAPTM5;FXYD5;ARHGDIA;HLA-B;H2AZ2;DUSP2;PLP2;S100A11;CXCR4;PGK1;TRBC1;SELENOT;TMSB4X;SRGN;ISCU;PAIP2;ALOX5AP;MRPS6;TRAC;EVI2A;BTG1;TPT1;ARHGDIB;LTB;S100A4;B2M;CD53",-2.1864568332359253,3.16644682405526e-10,TRUE,
"MENON_FETAL_KIDNEY_10_IMMUNE_CELLS",83,-0.6217169125705952,-2.404085196390301,6.315632740818789e-12,5.4585111545648105e-11,"PFN1;GPX1;UBA52;MYL6;OAZ1;TMSB10;RPLP2;CST3;CYBA;RPS15A;ACTB;CD74;HLA-DPB1;HLA-DRB1;ARPC1B;RPL27;TYROBP;HLA-DRA;LGALS1;VAMP8;RPLP1;TUBA1B;CFL1;HLA-DRB6;HLA-C;LST1;FTLP3;CNPY3;RPL27A;HLA-DPA1;HLA-A;SH3BGRL3;CORO1A;HLA-E;SNHG5;S100A6;TMSB4XP8;LAPTM5;HLA-B;RPL12;RGS10;S100A11;TMSB4X;CAPZB;SRGN;IGSF6;AIF1;TPT1;ARHGDIB;S100A4;B2M",-2.2734051193578826,6.765187649462382e-9,TRUE,
"DESCARTES_FETAL_ADRENAL_MYELOID_CELLS",153,-0.530483588313275,-2.2554123488068445,8.610298731669769e-12,7.354208093167355e-11,"HLA-DMA;TYMP;CST3;CALHM6;HLA-DQB1;HLA-DPB1;HLA-DRB1;CXCL10;SECTM1;HLA-DRA;LGMN;CXCL8;HLA-DMB;C1QC;UNC93B1;HLA-DPA1;RYR1;RNASET2;C1QB;HLA-DOA;C1QA;AGR2;CD14;CTSZ;ZMYND15;TREM2;CD300LF;FCGR1A;SPI1;SPP1;CD300C;TMIGD3;OSCAR;IL1RN;LILRA5;HK3;SLC11A1;LYZ;HLA-DQA1;CPVL;IGSF6;FOLR2;PLAUR;LILRB4;VSIG4;PILRA;LRRC25;CYTH4;HCK;SLAMF8;LILRB3;SIGLEC12;LINC01094;MS4A4A;TRPM2;NCF2;PELATON;LILRA2;SLC1A3;FPR1;HMOX1;PDCD1LG2;CD86;MSR1;PTAFR;SLC7A7;SIGLEC14;CD80;NFAM1;LILRB2;RNASE6;CFD;ADGRE1;ITGAX;MARCO;FAM20A;C5AR1;MS4A6A;ADAP2;CD33;RIPK3;MILR1;LILRB1;NLRP3;IFNGR1;TMEM273;SIGLEC10;MSLN;IER3;SIRPB1;C3AR1;SLC37A2;PLA2G7;SIGLEC8;KCNK13;FGD2;SIGLEC1;ADAM28;SCIMP;ASCL2;FCN1;CLEC7A;MS4A7;TLR2;CCR1;TNFRSF11A;FPR3;NLRC4;MEFV;CSF1R;MNDA;CMKLR1;GPBAR1",-2.071135606384036,6.026995549978857e-8,TRUE,
"ZHENG_CORD_BLOOD_C8_PUTATIVE_LYMPHOID_PRIMED_MULTIPOTENT_PROGENITOR_2",88,-0.6109891846551376,-2.392435535187095,1.4283396329460854e-11,1.2057843878126258e-10,"HCST;UBA52;FAU;PSME1;GAPDH;DYNLT1;EIF3K;SNRPD2;CALHM6;RACK1;MPG;CD74;ENO1;HLA-DRA;HINT1;IFITM3;GSTP1;HLA-C;ATP5MC2;IFITM1;GAS5;CD48;RNASET2;HLA-A;ACTG1;BCL3;SPNS3;SNHG8;CD52;SNHG5;MT-TL1;ADA;HLA-B;RILPL2;GYPC;IGFBP7;EEF1B2;TMSB4X;SNHG6;NPDC1;ZFAS1;NACA;TPT1;EGFL7;S100A4;ERGIC1;B2M;NUCB2",-2.3372425234347975,1.1513186024278447e-9,TRUE,
"LAKE_ADULT_KIDNEY_C18_COLLECTING_DUCT_PRINCIPAL_CELLS_MEDULLA",314,-0.43274435846690645,-1.9544681397304822,1.845989652621348e-11,1.5404465377047114e-10,"GUK1;SERF2;GPX1;UBA52;FAU;COX4I1;MYL6;RPS5;LAMTOR5;ALDOA;UBB;SOD1;GAPDH;RPS14;RPS15;DYNLT1;TMSB10;TPI1;NUPR1;RPL18;ARF1;RPS16;PPIB;RPLP2;RPS2;RPS8;RPL8;CIB1;RPLP0;RACK1;RPL13;RPS9;RPS11;FTH1;RPS18;RPL35;RPS28;PKM;ENO1;RPS13;RPS23;ATP6V0E1;HINT1;RPL7A;RPLP1;IFITM3;PRDX1;RPSA;ATP5F1B;CHCHD2;GSTP1;CD63;ATP5F1A;RPL10A;CYB5A;RPS19;COX7C;HLA-C;CD81;IFITM2;ATP5MC3;RPL13A;RPL3;CYSTM1;RPS6;YBX1;AIF1L;HLA-A;ATP5F1C;PPIA;RPL34;PSMA7;KRT18;ACTG1;RPS12;LDHA;RPL9;RPL10;ANXA2;SRP14;EEF2;RPS3A;EIF1;RPL5;RPS4X;CNBP;RPL19;S100A6;RPL41;EEF1A1;MYL12A;PEBP1;MYL12B;SLPI;HLA-B;NDUFA4;RPL30;RPL37A;RPL15;RPL31;KRT8;RPL12;MGST3;IGFBP7;PGK1;TMSB4X;KRT19;CNDP2;ISCU;REEP5;RPS27A;PTMA;RPL24;EEF1D;RPL32;NACA;RPL11;TPT1;B2M;SOD2;TACSTD2;BAG1;GPRC5C;RHOA;PSAP;LDHB;AKR1B1;WFDC2",-1.9120825934849117,1.5161497677703295e-9,TRUE,
"DESCARTES_FETAL_PLACENTA_MYELOID_CELLS",134,-0.5411928187296534,-2.2589734692673,2.118932596768414e-11,1.7481193923339416e-10,"MRPL2;HLA-DMA;CALHM6;CD74;HLA-DQB1;HLA-DPB1;HLA-DRB1;CXCL10;TYROBP;HLA-DRA;LGMN;HLA-DRB5;IL4I1;CIITA;BCL2A1;HLA-DRB6;C1QC;LST1;PPM1M;HLA-DPA1;RYR1;C1QB;ACP5;HLA-DOA;C1QA;S100A8;ICAM1;CD14;CXCL11;CTSZ;CXCL9;SDS;FCGR1A;SPP1;CXCL16;TNFAIP8L2;LGALS2;OSCAR;GNA15;SLC38A6;HK3;SLC11A1;LYZ;FCGR3A;HLA-DQA1;RASSF4;CPVL;IGSF6;FOLR2;LILRB4;VSIG4;LRRC25;HCK;SLAMF8;LINC01094;CD83;CD86;SIGLEC9;CHIT1;SLC7A7;LAIR1;IGSF21;NFAM1;LILRB2;RNASE6;CCL2;MAFB;MARCO;PLA2G2D;C5AR1;C1orf162;MS4A6A;MMP9;THEMIS2;ADAP2;LY86;CCL13;MILR1;NLRP3;HS3ST2;SUCNR1;TMEM273;SIGLEC10;TOR4A;FAM20C;C3AR1;SLC37A2;KCNJ5;PLTP;FGD2;SIGLEC1",-2.0226486843250937,4.0581121927697605e-7,TRUE,
"DESCARTES_FETAL_PANCREAS_MYELOID_CELLS",178,-0.5027587418423957,-2.164990998174357,2.2496922985670913e-11,1.824902600753109e-10,"IDO1;BATF3;HLA-DQB1;HLA-DRB1;TYROBP;WFDC21P;LGMN;HLA-DRB5;CXCL8;SOWAHD;BCL2A1;HLA-DRB6;C1QC;LST1;HLA-DPA1;TNNI2;C1QB;OSM;WNT10B;C1QA;AGR2;KYNU;SPNS3;S100A8;ZNF385A;P2RY6;S100A9;CD14;CTSZ;HLA-DQB2;CD300LF;FCGR1A;FCER1G;SPI1;CD300C;CLEC12A;RENBP;OSCAR;IL1RN;GNA15;LILRA5;HK3;IL1B;LYZ;SRGN;HLA-DQA1;CPVL;IGSF6;NCF1;FOLR2;PLEK;LILRB4;VSIG4;TREM1;PILRA;LINC02908;LRRC25;HCK;SLAMF8;FCGR2A;LILRB3;MS4A4A;TRPM2;NCF2;FPR1;UPK3A;HMOX1;CD83;IFI30;CXCR2P1;SIGLEC7;ASGR2;CD86;SIGLEC9;FGR;MSR1;PTAFR;CLEC5A;GPR35;IL1R2;SIGLEC14;ITGAM;AQP9;NFAM1;LILRB2;RNASE6;ITGAX;CCR5;C5AR1;C1orf162;C19orf38;MS4A6A;MYO1F;CD33;IRF5;MILR1;LILRB1;NLRP3;GZMB;SIGLEC10;CSF2RA;SIRPB1;C3AR1;TLR8;SLC37A2;CSF3R;SLAMF7;KCNK13;FGD2;SIGLEC1;ADAM28;SCIMP;PACSIN1;FCN1;TFEC;CLEC7A;MS4A7;CCR1;FPR3;NLRC4;MEFV;TBXAS1;CSF1R;MNDA;LUCAT1",-1.9898428770876286,6.646933527495895e-8,TRUE,
"DURANTE_ADULT_OLFACTORY_NEUROEPITHELIUM_MACROPHAGES",79,-0.6206576964623831,-2.3962096950293073,2.2622759513468292e-11,1.824902600753109e-10,"CCL3;HLA-DMA;TYMP;CST3;CYBA;CD74;NPC2;HLA-DQB1;HLA-DPB1;HLA-DRB1;TYROBP;HLA-DRA;HLA-DRB5;APOC1;HLA-DMB;CCL4L2;CEBPD;C1QC;LST1;APOE;GRN;HLA-DPA1;RNASET2;C1QB;YWHAH;C1QA;CD14;TREM2;FCER1G;SPI1;CXCL16;LAPTM5;RGS10;CXCR4;IL1B;FCGR3A;SRGN;HLA-DQA1;IGSF6;AIF1;ITGB2;PLAUR",-2.2729760695818007,2.950904999609023e-8,TRUE,
"LAKE_ADULT_KIDNEY_C7_PROXIMAL_TUBULE_EPITHELIAL_CELLS_S3",128,-0.5478541063427916,-2.2689672492825634,2.817992995051421e-11,2.2482010048432214e-10,"SERF2;COX4I1;RPS14;RPS15;TMSB10;RPL18;RPS16;RPS21;RPLP2;RPS8;MT2A;RPL8;RPL13;RPS9;RPS11;FTH1;RPS18;RPL35;RPS28;RPS13;RPS23;RPL27;HINT1;RPL7A;RPLP1;RPL37;RPSA;CD63;MT1E;RPS19;COX7C;PDZK1IP1;RPL13A;RPL3;RPS6;RPL27A;HLA-A;RPL38;RPL34;RPS12;RPL9;RPL35A;EEF2;RPS3A;RPL5;RPS4X;RPL19;S100A6;EEF1A1;PEBP1;RPL37A;RPL31;RPL12;CNDP2;RPS27A;CTSB;PTMA;RPL24;GPX3;RPL32;RPL11;TPT1",-2.2692980078686813,1.0896362078867679e-10,TRUE,
"FAN_EMBRYONIC_CTX_BRAIN_EFFECTOR_T_CELL",122,-0.5446549462041792,-2.2324026894170204,3.864994201915253e-11,3.049984554989645e-10,"HCST;PLAAT4;PSMB9;LY6E;CCL4;NKG7;GZMA;GZMH;IRF1;APOBEC3G;CRIP1;CHST12;RAC2;HLA-C;IFITM2;CD7;CTSW;CLEC2B;PRF1;EMP3;HLA-F;IFITM1;FKBP11;CD48;HLA-A;ARPC5L;LCK;TSTD1;CARD16;CORO1A;DGUOK;GMFG;SEPTIN1;CLIC1;CD247;LIMD2;MYL12A;ABI3;KLRD1;ADGRE5;HLA-B;CLIC3;DUSP2;DOK2;CCND3;CD244;SRGN;TBC1D10C;PLEK;CD3E;LAIR2;SH2D2A;BTG1;S100A4;ZAP70;TSEN54;LSP1;IL18RAP;FGR;HLA-H;EOMES;ACAP1;IL2RB;HSH2D;HOPX;SPON2;SH2D1A;ADAM8;CD44;GPR65;SYTL1;S1PR5;NHERF1;CD69;GZMB;CD96;CMC1;SKAP1;BTN3A2",-2.1410859553143475,1.0261424251198143e-8,TRUE,
"TRAVAGLINI_LUNG_PROLIFERATING_NK_T_CELL",125,-0.5402286502420821,-2.226385567365885,6.442727150813974e-11,5.029483775796715e-10,"SNRNP25;CENPM;PSMC3;DCTN3;GNLY;MCM5;DYNC2I2;AURKB;PSMD8;TUBB4B;NUDT1;H2AZ1;TK1;RAN;CDT1;CDC20;CDC45;PXMP2;SNRPB;EBP;PKMYT1;TUBA1B;CKS2;CCDC167;TUBG1;CKS1B;MCM7;TYMS;RANBP1;FEN1;PCNA;ASF1B;TMEM106C;PPIA;BIRC5;RCC1;CDCA8;CDCA3;KIF22;DNAJC9;IDH2;CDKN3;UBE2T;H2AZ2;SLBP;RPA3;GINS2;DUSP2;IGFBP7;TACC3;PTMA;TROAP;HMGN2;E2F1;KIF2C;ICAM2;DUT;OIP5;HMGB2;NUCB2;CENPN;MCM3;RFC4;ZWINT;MYBL2;CENPH;GMNN;C12orf75;HPRT1;LSM5;MAD2L1;CCNA2;CDC25C;MCM4;CENPU;S1PR5;NDC80",-2.239825771115439,1.0494049069686887e-10,TRUE,
"HU_FETAL_RETINA_MICROGLIA",376,-0.40883907381989654,-1.8652610288647853,8.268458817648427e-11,6.3860650017157e-10,"PFN1;HCST;GPX1;OAZ1;HLA-DMA;TYMP;PYCARD;CCL3L3;CST3;RHOG;GNG5;CIB1;CYBA;ACTB;CD74;NPC2;HLA-DRB1;ARPC1B;ATP6V0E1;NINJ1;TYROBP;HLA-DRA;LGMN;STXBP2;VAMP8;CXCL8;HLA-DMB;TAPBP;CTSD;NFKBIA;CCL4L2;CEBPD;HLA-C;C1QC;LST1;CNPY3;GRN;ARRB2;CD300A;HLA-DPA1;RNASET2;C1QB;HLA-A;C1QA;ARHGAP45;CORO1A;HLA-E;LAP3;SIPA1;CD14;COLGALT1;GMFG;LGALS9;SYNGR2;PRR13;UBC;BAG3;GLRX;TMSB4XP8;TREM2;GNAI2;GM2A;FCGR1A;MYL12A;SERP1;FCER1G;SPI1;ABI3;SPP1;CXCL16;KLF2;LAPTM5;TMIGD3;GAS6;CEBPB;HLA-B;PPT1;PCED1B-AS1;HAVCR2;RGS10;AP1B1;S100A11;STING1;IER5;RGS19;ACY3;TMSB4X;NAA20;VSIR;P2RX4;ANXA5;PLEKHO1;FCGR3A;CAPZB;SRGN;DNAJB1;CPVL;IGSF6;ALOX5AP;SFT2D1;ARHGAP9;AIF1;CTSB;FOLR2;PLEK;ITGB2;PLAUR;LAT2;LILRB4;VSIG4;JUNB;EVI2A;KIAA0930;FTLP2;NCF4;CYTH4;TPT1;ARHGDIB;HCK;GADD45B;SELPLG;B2M;FCGR2A;CTSC;CD53;TNFRSF1A;LSP1;LYN;EFHD2;CASP1;GRK2;TMSB4XP4;RHOA;FPR1;PSAP;LY96;ZYX;HMOX1;CD83;WAS;CD86;MGST2;PTAFR;CMTM7;ARPC5;SAMHD1;ABHD12;TMC6;IFI16;LAIR1;SAT1;RPS6KA1;C12orf75;ITGAM;GAL3ST4;RGS2;OSTF1;ANXA11;MKNK1;RNASE6;CD37;LPAR5;GPSM3;ADORA3;GLIPR1;LCP2;ITGAX;SMAP2;ARPC2",-1.6468537044409797,6.723238243013703e-6,TRUE,
"TRAVAGLINI_LUNG_NONCLASSICAL_MONOCYTE_CELL",175,-0.4928387474537581,-2.11821222195819,1.2389994030079678e-10,9.46856385877668e-10,"WARS1;BID;TYMP;CST3;HSBP1;CNIH4;FTH1;NPC2;ISG15;VMO1;SECTM1;TYROBP;HES4;STXBP2;IFITM3;SMCO4;MGAT1;GSTP1;RELT;TIMP1;BCL2A1;BRI3;LST1;RHOC;PTPN6;UNC93B1;CD300A;TCIRG1;RRAS;KYNU;ZNF385A;LGALS9;FAM110A;RIN1;ATG3;CD300LF;FCER1G;SPI1;ABI3;CXCL16;MYO1G;CD300C;CLEC12A;CEBPB;PIK3AP1;S100A11;LILRA5;HK3;RGS19;SLC11A1;FCGR3A;CPVL;NAGA;PILRA;PHF19;KIAA0930;LRRC25;TNFSF13B;HCK;C15orf39;LYN;CASP1;RNPEP;NCF2;UNC119;PSAP;GCH1;HMOX1;RNF144B;CD86;FGR;TBC1D8;ATP1B3;SLC7A7;SAT1;PLXNB2;NFAM1;SERPINA1;MYD88;ADGRE1;MAFB;ITGAX;AMPD2;SIDT2;C5AR1;C1orf162;C19orf38;TNFSF10;THEMIS2;LFNG;DUSP1;ALDH3B1;SH2D3C",-1.9483656015895048,5.02457801478308e-7,TRUE,
"AIZARANI_LIVER_C2_KUPFFER_CELLS_1",200,-0.47500387879374245,-2.0728386820672196,1.5984250924242622e-10,1.2088089761458484e-9,"GPX1;TMSB10;HLA-DMA;CCL3L3;CST3;CALHM6;RPS11;FTH1;NPC2;HLA-DQB1;HLA-DPB1;HLA-DRB1;PKM;ARPC1B;TYROBP;HLA-DRA;LGALS1;HLA-DRB5;CXCL8;HLA-DMB;CIITA;SLC15A3;C1QC;LST1;GRN;ARRB2;HLA-DPA1;RNASET2;C1QB;HSPA6;HLA-DOA;C1QA;LGALS9;FCER1G;CXCL16;LAPTM5;PPT1;RILPL2;RNF130;RGS10;S100A11;IL1B;IER5;TMSB4X;LYZ;VSIR;PLEKHO1;FCGR3A;SRGN;HLA-DQA1;CPVL;IGSF6;AIF1;CTSB;PLEK;ITGB2;FCGR2B;FABP5;PLAUR;LILRB4;VSIG4;EMILIN2;LRRC25;TNFSF13B;HCK;FCGR2A;LILRB3;LYN;MS4A4A;NCF2;FPR1;PSAP;CLEC4E;CD83;RNF144B;CD86;BCAT1;FGR;MSR1;PTAFR;MAP3K8;ATP1B3;SAMHD1;IL1R2;SAT1;AHR;RGS2;LILRB2;RNASE6;CD37;ANXA1;MAFB;ITGAX;SMAP2;C5AR1;C1orf162;MS4A6A;CTSH;THEMIS2;IRF8;LY86;ALOX5;PARVG;UCP2;NLRP3;COTL1;VIM;IFNGR1;TPP1",-1.8461805129441062,2.852803740718378e-6,TRUE,
"BUSSLINGER_DUODENAL_EARLY_IMMATURE_ENTEROCYTES",109,-0.5570209947912292,-2.254379961671016,1.8163989459898072e-10,1.3594903451428866e-9,"COX8A;COX6A1;AKR1A1;COX4I1;CYC1;ATP5PO;CHCHD10;UQCRQ;PYCARD;COX5B;COX7B;RPS8;RPL8;PSME2;COX7A2;RPS15A;RPL26;RPS9;FTH1;CBR1;PNP;SLC25A5;RPS29;COX5A;PRDX1;ATP5F1B;ATP5F1A;CYB5A;COX7C;ATP5MC3;RPL27A;ATP5F1C;SNHG29;CPS1;ADA;REEP6;UQCRC2;PEBP1;COX6C;KRT8;MGST3;KRT19;ATP5PF;PCK2;RBP2;HEBP1;CALM2;SUCLG1;TKFC;FBP1;GHITM;MTTP;DMBT1;HSD17B2;SAT1;CALM1;RPL23",-2.345977056764833,2.1503295798395246e-11,TRUE,
"GAUTAM_EYE_IRIS_CILIARY_BODY_SMOOTH_MUSCLE_CELLS",263,-0.43988884498853986,-1.9670592845793384,3.0943059402460475e-10,2.2923123598149288e-9,"NDUFA11;PSMD9;MRPL55;SERF2;COX4I1;RPP25L;NDUFS5;MRPL41;PSMB5;OAZ1;UQCRC1;NICOL1;TUFM;TXNL4A;ATP5PO;FIS1;ZSCAN16-AS1;TIMM13;EIF3K;PSMD8;PHPT1;NDUFA12;MRPL22;CCDC124;NDUFS6;MRPS11;MSRB1;MRPL20;COPS9;AURKAIP1;SUMO3;RNASEH2C;CCDC85B;PIN1;UBL5;HAGH;TMEM179B;NDUFC1;COA3;RPL27;PIM3;RAB3A;EMC4;HINT1;PHB1;DDA1;CCDC107;SELENOK;TUBB;ZNHIT1;TLE5;ATP5MC1;REXO2;BORCS8;AP2M1;ARPC1A;POLR2J;BANF1;BSG;ATP5MC2;MANBAL;SLC25A3;CISD2;ARPC5L;ATP5F1C;MPC1;HSPA6;PITX1;PMVK;MDH2;PSMA7;BOLA3;SEC61G;MAPKAPK5-AS1;BAG3;TMEM14B;VPS29;PKDCC;KLF2;PRDX3;RPSA2;UQCRFS1;COQ3;TCTA;PSMA4",-1.8892581699694095,5.571526025943491e-8,TRUE,
"MANNO_MIDBRAIN_NEUROTYPES_HRGL1",284,0.3508632384559506,1.9810005119894691,3.251734155960475e-10,2.3846050477043486e-9,"PARD3B;AFF1;OPHN1;PDE3A;ATXN1;PLEKHA5;NKD1;CFAP126;NCKAP5;ARHGAP5;B3GNT5;PSD3;XPO4;NES;COL4A5;MAML2;ILDR2;ITPRID2;YAP1;NUDT4;FAT1;INHBB;REST;EVI5;NEBL;NFATC2;TBC1D32;CEP126;TRAM2;PLSCR4;LTBP1;AHNAK;CCDC146;SLC16A9;DSG2;NPNT;CROT;GASK1B;CHN2;BCAN;RPGR;CDK6;TCF12;RFTN2;COL21A1;BRCA1;GNG12;KCNN3;SPAG1;CSPP1;PDLIM5;STON2;DACH1;SOX5;WEE1;FOXP2;CFAP44;PDE11A;ZBTB2;APCDD1;IGDCC4;INTU;DNAH6;ELN;HEATR5A;MIR99AHG;SOX9;IGFBP5;SLIT2;FGFR3;TRIM9;LRRC37A3;CEMIP2;FREM2;ID4;ANTXR1;ITPKB;CREB5;JAM2;TMEM47;PLOD2;NOTCH2;BCO2;TES;TSPAN11;MNS1;GPM6B;DTX4;LRATD2;ZFP36L2;STON1;CLU;HK2;FNDC1;PALS1;SHISAL1;VSTM4;FZD6;WNT5A;PTK2B;GABPB2;TSPAN18;ZNF682;S1PR1;TGIF2;ZFP36L1;SOX6;AASS;IL33;SHROOM3;SLC19A2;LRRC17;TMEM123;SAMD13;ITGB8;ENKUR;ADAMTS6;BMP6;WLS;RAI14",2.0968629848958678,7.971099776390136e-11,TRUE,
"SU_HO_CONV_CENT_CHONDROSARCOMA_C4_HIGH_GRADE_CHONDROSARCOMA_1",94,-0.5723090338878984,-2.279769656408713,1.0352901508252066e-9,7.516206494991e-9,"RPS14;RPL28;RPS10;RPLP2;IL32;RPL8;RACK1;RPS15A;RPL26;RPS3;RPS18;RPL35;RPS13;RPS23;RPL27;RPL29;RPL37;RPL10A;FBL;COX7C;GADD45G;RPL27A;ATP5MC2;RPL23A;SNHG32;RPL38;BRK1;RPS12;LYRM4;NDUFS4;LDHA;RPL9;RPL10;YBX3;RPL19;EEF1A1;RPL30;RPL31;EGLN1;RPL12;ECSCR;MRPS6;RPL32;NACA;RPL11;SSR3;TPT1;CD82;TBC1D17;WFDC2",-2.316408869562023,7.867411411030756e-10,TRUE,
"DESCARTES_FETAL_KIDNEY_MYELOID_CELLS",163,-0.48716864138798704,-2.0829573229864216,1.4040530223868569e-9,1.0092499943097605e-8,"CIMAP1B;CST3;HLA-DQB1;HLA-DPB1;HLA-DRB5;CXCL8;HLA-DMB;CD274;SOWAHD;CIITA;HCAR2;SLC15A3;C1QC;TNNI2;RYR1;C1QB;SLC67A1-AS;C1QA;KYNU;S100A8;P2RY6;CCL8;HLA-DQB2;TREM2;CD300LF;FCGR1A;SPI1;SPP1;OSCAR;HAVCR2;HK3;ACY3;VNN1;PTGS2;RASSF4;CPVL;IGSF6;C5AR2;NCF1;ADRB1;AIF1;CTSB;FOLR2;PLAUR;LILRB4;VSIG4;GPR84;TREM1;LRRC25;CYTH4;HCK;SLAMF8;DLGAP3;MS4A4A;NCF2;PELATON;LILRA2;LY96;HMOX1;IFI30;ASGR2;CD86;SIGLEC9;MSR1;PTAFR;CLEC5A;IL1R2;SLC43A2;AQP9;RGS2;IGSF21;NFAM1;LILRB2;RNASE6;MARCO;CCR5;FAM20A;C1orf162;MS4A6A;TMEM86A;ADAP2;CD33;ALDH3B1;LILRB1;NLRP3;TMEM273;TMT1B;CSF2RA;RHBDF2;MSLN;IER3;SIRPB1;C3AR1;TLR8;SLC37A2",-1.8609897357403986,1.0798508846218015e-5,TRUE,
"GAO_LARGE_INTESTINE_ADULT_CJ_IMMUNE_CELLS",478,0.2895349633071673,1.7569173971893886,2.279757123423002e-9,1.6177539780946017e-8,"PTCH1;SYDE2;ADGRL3;ASAP1;EDNRB;PCDH18;ARL10;RGS5;UNC5C;WDR35;NES;COL4A5;LAMC1;COL14A1;FGD5;SALL1;FAM13C;PREX2;LIFR;INHBB;ALKAL2;PCDH19;CEP112;ZEB1;CDH6;DMD;ITPR1;COL4A6;FENDRR;STOX2;LRRN3;PDGFD;ABCA8;PDE7B;PDGFRA;IRAG1;RBMS3;LAMA4;FOXF1;NEGR1;PDE1C;NID1;FLT1;FRY;EMCN;CHL1;A2M;GASK1B;TCF4;RBMS1;NDST1;OLFML2A;KIRREL1;GLP2R;LRP1;SGIP1;TET1;RYR3;CDH13;ADGRF5;MAMDC2;ITIH5;TEK;CAVIN2;MAP1B;OLFML3;GDNF;DLC1;SGCD;HEG1;CD93;MEG3;SMARCA1;FILIP1L;LRRC49;COL4A1;WWC2;SYNPO2;DCHS1;ZCCHC24;CXCL14;RECK;ITGA1;IGDCC4;SOX7;SNX18;SCARA5;IL1R1;IGFBP5;ZNF521;MYCT1;JAM3;PAPPA;LDB2;ADAM19;ABI3BP;ANTXR1;WWC3;PTPRM;SPART;JAM2;TMTC1;AMOTL1;SNED1;TMEM47;PKD2;TNS1;CALCRL;COL12A1;MAPK10;TSPAN11;GUCY1A1;DYNC2H1;SPARCL1;ANGPT1;CALD1;DPYSL3;COL6A3;CYYR1;DZIP1;CPED1;LINC01876;AGT;LTBP2;TRPC1;MMRN2;CD34;WNT5A;RBP5;COL4A2;NSG1;TSHZ3;NKX2-3;EMID1;SYNM;ADAMTS1;SFRP1;FAM107A;MSRB3;TRPA1;SOX6;SLC24A3;CYBRD1;MAGI2-AS3;ADH1B;C14orf132;FBN1;PHF10;CDH5;MFAP4;IL33;COL15A1;ALDH1A3;SAMD4A;ZEB2;RAI14;FERMT2;EFEMP1;ETS1;LRRC32;MXRA5;DNM3OS;RASAL2-AS1;LAMA5;ZNF155;FABP4;AOC3;ITGA11;ARHGAP29;TMEM119;CCL11;RPS6KA2;GLI3;FBXL7;EDNRA;CXCL12;THBD;VCAN;SULF1;QKI;SCUBE2;CRISPLD2;TCF21;KANK2;GJA1;APLNR;PGBD1;PECAM1;PTN;PTGS1;ARHGAP6;SOBP;PDE2A;GIMAP8;NOTCH4;ADAMTS5;TSHZ2;COL5A1;ADAMDEC1",2.1764499110950353,1.0588372041618069e-16,TRUE,
"SU_HO_CONV_CENT_CHONDROSARCOMA_STROMAL_C0_MINERALISATION_STROMAL_CELL",173,-0.4782528553955159,-2.052968614197857,2.2951606025309087e-9,1.6177539780946017e-8,"POLR2I;MTFP1;CIAO2B;MYL6;RNF181;ALDOA;RPS19BP1;S100A13;PRDX2;CENPX;WDR54;TPI1;H2AC25;DPCD;MCRIP2;NUDT1;GNG5;CNFN;CSNK2B;EIF3I;TMEM256;NINJ1;SMDT1;SLX9;PARK7;RASSF7;CARHSP1;GSTP1;HSBP1L1;ALDOC;BST2;COPZ1;RAMP1;ATP5MC2;CD300A;GPI;TMEM106C;DDIT4;RNF7;ACTG1;FABP3;SNHG8;CLEC11A;CITED2;OCIAD2;DAP;NAPA;SNHG7;CNBP;CLIC1;SLC16A3;AK2;NDUFB4;IRX3;SLPI;CLIC3;PTGDS;PGAM1;ORAI3;HPCAL1;RGS10;PLP2;PKIG;CIMIP2B;SNRPN;SFT2D1;C1orf43;ITGB2;GPX3;IBSP;CTSC;SERPINB1;RNF5;PLAAT3;DEPP1;SNAPC1;CAMTA1;EPB41L4A-AS1;CLK3;SARS1;EGLN3",-2.0153706749413676,5.473358772190769e-8,TRUE,
"TRAVAGLINI_LUNG_BASAL_CELL",179,-0.4760767687194241,-2.0523473406470343,2.6213254362137624e-9,1.8298867948953763e-8,"RPS5;PRMT1;GAPDH;DUSP23;IMP3;RPS2;NPM3;MT2A;RPL8;RPLP0;RPL13AP5;RPL13;RPS3;RPS11;ENO1;LGALS1;RPLP1;RPL29;RPSA;SLC43A3;SFN;TIMP1;RPL10A;G0S2;HCAR2;CDK4;RPL13A;RPL3;RHOC;RPS6;TAGLN2;EMP3;IFITM1;GAS5;SH3BGRL3;IGFBP6;ACTG1;SOD3;SNHG29;LDHA;LMO4;RPL9;KRT17;SNCG;AHCY;ANXA2;YBX3;RPS3A;EIF1;UBC;RPL5;RPS4X;EEF1A1;IMPDH2;RPL15;PGAM1;RPL12;PLP2;ISYNA1;IGFBP7;PDLIM1;SYT8;ALDH3A1;CTSB;JUNB;TRPV4;TINAGL1;RPL32;NACA;TACSTD2;GLTP;KRT15;SERPINB5;RAB34;CDH3;DHRS3;KCNN4;RAP2B;IFI16;LTBP4;AQP3;RPL23;BTF3;KCTD1",-2.0383781667031906,1.7205953431428036e-8,TRUE,
"DESCARTES_FETAL_LUNG_MYELOID_CELLS",141,-0.5031140895386891,-2.1116164704765135,2.943518602834271e-9,2.0352328625311245e-8,"IDO1;HLA-DMA;BATF3;CD74;HLA-DQB1;HLA-DPB1;HLA-DRB1;CXCL10;HLA-DRA;LGMN;HLA-DRB5;SOWAHD;CIITA;BCL2A1;HLA-DRB6;SLC15A3;C1QC;HLA-DPA1;C1QB;C1QA;KYNU;CD14;CXCL9;HLA-DQB2;CD300LF;FCGR1A;SPI1;OSCAR;HAVCR2;LILRA5;IL1B;LYZ;PTGS2;HLA-DQA1;CPVL;IGSF6;C5AR2;FOLR2;LILRB4;VSIG4;PILRA;LRRC25;CYTH4;HCK;SLAMF8;LILRB3;LINC01094;MS4A4A;TRPM2;NCF2;LILRA2;FPR1;CD83;IFI30;SIGLEC7;ASGR2;CD86;HLA-DQA2;CLEC5A;IL1R2;SIGLEC14;NFAM1;LILRB2;RNASE6;ADGRE1;ITGAX;PLA2G2D;C19orf38;MS4A6A;MMP9;IRF8;CD33;MILR1",-1.8351550942347525,3.6772022081322894e-5,TRUE,
"TRAVAGLINI_LUNG_MUCOUS_CELL",110,-0.5367127091773515,-2.172849811155516,3.209305816941049e-9,2.198071719904907e-8,"IDO1;BID;LY6E;CBR3;DUSP23;RARRES1;VMO1;CXCL10;CP;LAG3;CX3CL1;CXCL8;PI3;TIMP1;HS3ST1;MDK;S100P;PDZK1IP1;IFITM1;ZG16B;RPS26;SAA1;KYNU;ASS1;S100A9;PLK2;NHERF2;CSTB;BACE2;TNFAIP2;CDC42EP5;SLPI;IL6;CXCL1;CXCL3;SAA2;TMEM165;HLA-DQA1;SRD5A3;CTSB;CSF3;GPX3;CRYM;LCN2;TFF3;XBP1;SOD2;CTSC;KLK11;CFB;LYN;KLK10;MUC5B;WFDC2;HLA-DQA2;HILPDA;HSD17B2;SAT1;ADM;RHOV;KLK12;PTGES;TMEM45A;CCL2",-2.054504256906839,4.894436667930724e-7,TRUE,
"TRAVAGLINI_LUNG_NEUTROPHIL_CELL",349,-0.39941277975439005,-1.8125958304544443,3.6537402117732384e-9,2.4790798072405334e-8,"COX8A;PSMA6;MYL6;CTDNEP1;RPS19BP1;MZT2B;NICOL1;UQCRHL;TXNL4A;JTB;LAMTOR4;FAM89B;METTL26;ATP6V1F;COX5B;NDUFS6;RPL3P7;NDUFB1;FKBP8;PPP1R35;NOP10;MSRB1;RPS19P3;COX7A2;CDK2AP2;COX6B1;FTH1;PKM;GNB2;LAMTOR2;TWF2;TYROBP;RPL7AP30;UBALD2;CXCL8;ALDH16A1;IFITM3;ARPC4;VNN2;SELENOK;CALM3;TAPBP;CTSD;BCL2A1;BRI3;G0S2;NDUFA1;CEBPD;S100P;IFITM2;LPAR2;ABTB1;FTLP3;TMEM259;EMP3;ARRB2;PTGES3P1;CHTOP;MAX;TSTD1;TKT;NCF1C;BCL3;RAB5C;TMUB1;CORO1A;S100A8;S100A9;BBLN;G6PD;PRR13;PGD;PLK3;SLC16A3;S100A6;FTH1P8;KDELR1;GNAI2;CSTB;SPI1;KLF2;YPEL3;CEBPB;HLA-B;BST1;FFAR2;CEACAM3;S100A11;HLX;SLC11A1;VSIR;RPSAP15;JUND;SRGN;PTGS2;C5AR2;ALOX5AP;NCF1;ARHGAP9;PDLIM7;TMEM91;CMTM2;PLAUR;JUNB;TREM1;ZFAS1;YJU2B;NCF4;MGRN1;R3HDM4;PLPPR2;NCF1B;SOD2;FCGR2A;TNFRSF1A;NCF2;PHC2;PELATON;MMP25;TMSB4XP4;FPR1;IL18RAP;CLEC4E;XPO6;CNPPD1;WAS;NDUFB3;ATP5F1E;LRG1;ARLN;FPR2;FCGR3B;IL1R2;SAT1;CXCR1;ADM;PLIN5;LRP10;AQP9;PYGL;RGS2;NFAM1;ADAM8;TMA7;CKAP4;SOCS3;APOBEC3A;CSNK1D;LCP2;ITGAX;SMAP2;AMPD2;ALPL;C5AR1;MYO1F;MMP9;CDA;DOK3;C16orf54;CIRBP;SLA;ADGRG3;MAPKAPK2;DUSP1",-1.6907398249481784,2.782366227025199e-6,TRUE,
"ZHONG_PFC_MAJOR_TYPES_MICROGLIA",426,-0.38222941802771204,-1.7620165847389104,4.019646349846157e-9,2.7020956018410278e-8,"PFN1;HCST;GPX1;CCL3;BLVRB;DNPH1;PYCARD;RHOG;GNG5;PSMB10;CYBA;HEXA;DPP7;ADISSP;CCL4;CD74;NPC2;ARPC1B;ATP6V0E1;IGFLR1;NINJ1;TYROBP;LGMN;STXBP2;VAMP8;APOC1;TAPBP;MGAT1;CTSD;NFKBIA;CCL4L2;CD63;BRI3;CEBPD;SLC15A3;HLA-C;CD81;C1QC;LST1;IFITM2;APOE;BST2;CNPY3;LTC4S;GRN;PTPN6;ARRB2;CD300A;RYR1;RNASET2;C1QB;CTSL;TCIRG1;C1QA;CORO1A;HLA-E;PLD3;REEP4;CD14;COLGALT1;C2;GMFG;SYNGR2;PRR13;TREM2;SERPINB6;GNAI2;GM2A;FCGR1A;MYL12A;FCER1G;ABI3;SPP1;CXCL16;KLF2;LAPTM5;TMIGD3;GAS6;TNFAIP8L2;HLA-B;PPT1;RNF130;GYPC;HAVCR2;GPN3;RGS10;AP1B1;S100A11;STING1;RGS19;ACY3;NAA20;VSIR;P2RX4;ANXA5;FCGR3A;CAPZB;SRGN;DNAJB1;POLD4;RASSF4;CPVL;IGSF6;ALOX5AP;SFT2D1;ARHGAP9;AIF1;CTSB;FOLR2;PLEK;ITGB2;NAGA;LAT2;LILRB4;VSIG4;JUNB;EVI2A;RCN3;NCF4;CYTH4;TPT1;ARHGDIB;EGFL7;HCK;GADD45B;SELPLG;B2M;XBP1;FCGR2A;CTSC;GSTK1;CD53;TNFRSF1A;LINC01094;LYN;CASP1;FPR1;PSAP;LY96;CD83;IFI30;NEU1;MAN2B1;WAS;CD86;MGST2;DHRS3;PTAFR;CMTM7;CIAO2A;SLC7A7;ABHD12;TMC6;IFI16;LAIR1;SAT1;RPS6KA1;C12orf75;PLA2G15;ITGAM;GAL3ST4;CTSA;RGS2;OSTF1;ANXA11;MKNK1;SERPINA1;PLVAP;RNASE6;HVCN1;CD37;LPAR5;GPSM3;ADORA3;GLIPR1;ITGAX;SMAP2;SASH3;C5AR1;MYO1F;APBB1IP;IER2;ADAP2;RAB32;SLC29A3;IRF8;LY86;FAM78A;ALOX5;DUSP1;MILR1",-1.5929163669873154,1.514136123624619e-5,TRUE,
"AIZARANI_LIVER_C9_LSECS_1",294,0.32567254155329917,1.8555166641785297,5.206466983885586e-9,3.4677936057806744e-8,"EIF4G3;DENND4C;TANC1;JMJD1C;KLF7;PTPRB;CHD7;AFF1;AFF4;ANKS1A;ASAP1;RASAL2;LUZP1;MACF1;PHACTR2;GARRE1;EPAS1;PRKD3;CRIM1;AHCTF1;HERC1;KDR;MTCL2;GOLGB1;RAPGEF5;MYO10;MYO6;PREX2;KCTD20;UACA;LIFR;CUL4B;TOP1;ZEB1;PLEKHG1;DOCK9;SREK1;DDX21;EPB41L2;ARGLU1;ITGA9;ANKRD11;ARHGEF7;SASH1;ARHGAP26;DAAM1;TMOD3;PRKAR1A;ZNF462;PLXNA2;APOLD1;HIPK2;NID1;FLT1;TCF4;RBMS1;RPGR;FILIP1;CDH13;ADGRF5;CAVIN2;CDC42BPB;MAP1B;DLC1;PIEZO2;ADGRL2;PLPP3;MARCKS;CD93;EDN1;MEG3;CCDC50;COL4A1;WSB1;SNRK;AKAP12;ZNF160;SOX7;EMP1;IL1R1;MEF2C;MYCT1;PRSS23;CEMIP2;LDB2;PELI1;LIMA1;PCDH17;RDX;RELN;DYNC2I1;IL6ST;F2R;NOSTRIN;ERG;TCIM;ADAMTS9;YES1;TACC1;COL4A2;FCHSD2;MCF2L;NR5A2;TSPAN18;S1PR1;BSDC1;FAM107A;FZD4;PHF10;CDH5;IL33;SEMA6A;SPRY4;ZNF451;CCL14;ANGPT2;PTPN1;NTN4;MMRN1;ARHGAP29;F8;EFNB2;FOSL2;PRICKLE2;SPRY1;LYVE1;TCF7L2;ECE1;TAL1;IL1RL1;DNASE1L3",2.1765644997854716,4.2522893876407676e-13,TRUE,
"BUSSLINGER_GASTRIC_ISTHMUS_CELLS",448,-0.37796730629138425,-1.7475527580460755,6.005682427085906e-9,3.9637504018766976e-8,"SDF2L1;PFN1;COX8A;SF3B5;ATP5ME;SERF2;MYDGF;MYL6;BLVRB;CYC1;RPN1;ETFB;DYNLL1;GAPDH;GFUS;TMSB10;LMAN2;CRELD2;ARF1;FKBP2;TUBB4B;ARF5;NDUFS6;H2AZ1;RPS8;TSPO;TK1;MRPL14;RAN;SNRPF;ADAM15;COX6B1;ATP5IF1;RPL35;CBR1;ENO1;TMED9;SNRPB;GSTO1;GNB2;PLLP;S100A16;CALR;TALDO1;EBP;AUP1;MANF;TUBA1B;NR2F6;SNRPD1;PRDX1;CRIP1;CD151;CALM3;CKS2;TUBB;CHCHD2;GSTP1;SFN;CFL1;CLTB;CD63;TIMP1;RPL36AL;CDC37;ARPC1A;CAPNS1;NANS;EIF4E2;PLEK2;S100P;PRC1;LMNA;TMEM54;SGSM3;TAGLN2;YBX1;TSPAN15;HSPB1;YWHAH;PPIA;TRNP1;PSMA7;TKT;EIF6;KRT18;ACTG1;PYCR1;AGR2;LMO4;CCNB1;SEC61G;MUC1;SNRPG;GIPC1;ANXA2;PPM1G;HNRNPAB;TUBA1C;SYNGR2;PHLDA2;AP1M2;JPT1;CLIC1;CENPV;SPINT2;S100A6;MVD;KDELR1;HNRNPF;CSTB;BCAP31;PTTG1;MAPK3;PEBP1;KLF2;BACE2;CDC42EP5;ARHGDIA;IL1RN;CCT5;MICU1;SEC61A1;PLA2G10;KRT8;MGST3;PLP2;S100A11;PSMA4;PDLIM1;TMSB4X;NOP56;SEM1;KRT19;TESC;TST;CAPZB;CAPG;P4HB;S100A14;NMU;PSMD7;ALDH3A1;TACC3;KDELR3;PTMA;PPDPF;FABP5",-1.7045115411575662,1.4526153475913837e-7,TRUE,
"TRAVAGLINI_LUNG_GOBLET_CELL",136,-0.503194951180568,-2.1037923454586713,7.464530360197075e-9,4.882206343696465e-8,"SDF2L1;MYDGF;PLAAT4;RPL18A;KRT7;CST3;RER1;PSMB10;CYBA;COMTD1;FBXW5;PKM;SLC25A39;VMO1;CP;WFDC21P;S100A16;CARHSP1;TIMP1;HS3ST1;NANS;MDK;S100P;RHOC;RAMP1;FKBP11;LRRC26;AGR2;BIK;MARCKSL1;ASS1;STAP2;LGALS9;NHERF2;PGD;AK2;GLRX;CSTB;BACE2;GLIPR2;SLPI;GNA15;CXCL1;P4HB;SRD5A3;CTSB;LCN2;SPDEF;CRACR2B;FUT3;SERINC2;XBP1;CTSC;NUCB2;KDELR2;CD82;MUC5B;WFDC2;GMDS;ARL1;UAP1;IFI16;GTF3C6;SAT1;MGST1;ST14;RHOV;PTGES;PDIA4;FUT6;TNFSF10;GSTA1;NDRG2",-2.0570953757487835,2.2925296183872645e-7,TRUE,
"LAKE_ADULT_KIDNEY_C25_ENDOTHELIAL_CELLS_UNASSIGNED",38,0.6566830063633903,2.611166073519727,7.603792669250932e-9,4.9288870338180145e-8,"ZFC3H1;KMT2E;ZFHX3;ASAP1;SSH2;ARL15;PROX1;RALGAPA2;DOCK9;CAST;STOX2;PDE7B;SRPK2;TCF4;TCF12;KALRN;UTRN;PLCB4;FOXP2;LDB2;EPB41L4A;MYH9",2.8570462114130035,5.126914585296685e-10,TRUE,
"DESCARTES_MAIN_FETAL_CLC_IL5RA_POSITIVE_CELLS",170,-0.47677048423233337,-2.050192867992185,7.819332716742356e-9,5.02374827642031e-8,"SNRNP25;POLR3K;LAMTOR5;PRELID1;SAC3D1;IMP3;BCKDHA;MRPL40;RPS23P8;PCGF1;NDUFC1;ATP5F1EP2;NOP16;ARFIP2;DRAP1;UCK1;TTC4;C1orf174;PGAM5;CENPW;PAQR4;ZDHHC24;NDUFS2;PANK4;ALG3;PPM1M;TIMM50;ESS2;POLRMT;PLD6;GPATCH3;OSM;GTF2A2;ENTR1;BIRC5;MICB;TIGD5;ACBD6;COA6;R3HCC1;SHARPIN;ACTR1B;ZNF32;TRIM21;MMACHC;GEMIN4;TMEM250;MTFR1L;SF3B4;MRPS16;BCS1L;COQ3;ZC3HC1;BRF2;SNHG10;TOMM40L;PTGS2;SLC52A2;THYN1;ADPRM;HMGN2;DBP;SDHAF3;PARP2;PDE6G;DCUN1D5;CEP131;GAR1;VSIG10L;SNRPA1;NDUFB5;POLR1E;USP39;RPL35P5;LINC00847;LINC00680;RNF26;TRAPPC2B;ZSCAN16",-2.113492068940799,1.481403306576819e-9,TRUE,
"SU_HO_FOETAL_FEMUR_C5_ENDOTHELIAL_CELL",403,0.29592458307933955,1.7444813057300936,8.960476311142376e-9,5.7064085981485655e-8,"BAZ2B;NCOA3;DENND11;CTTNBP2NL;AFDN;FNBP1L;PTPRB;TGFBR2;SOS1;ELF1;ZBTB38;MAST4;RASAL2;EDNRB;LUZP1;NRIP1;KIAA1671;MAGI1;SVIL;PEAK1;RANBP2;GARRE1;EPAS1;ARL15;PDE8A;KDR;CD2AP;ITGA2;VPS13A;HIVEP2;RAPGEF5;ITPRID2;SKIL;ADAM17;KAT6A;NEURL1B;PREX2;PLCB1;TJP1;MPDZ;MEF2A;MECOM;CFLAR;ZEB1;PLEKHG1;DOCK9;EZH1;VPS8;STAU2;SNX25;PHF6;TNXB;ARHGAP26;ZSWIM6;TMOD3;ELK4;NID1;RESF1;SHE;FLT1;LRRFIP1;EMCN;GASK1B;FHIP2A;MIDEAS;TCF4;LYST;SLC12A2;GABRE;PPARG;COL21A1;GNAQ;HDGFL3;CDH13;ADGRF5;KCNN3;QPCT;TEK;CAVIN2;CDC42BPB;SLC39A10;MAP1B;PTPRG;KALRN;ADGRL2;CARD8;FGD4;SPTBN1;UTRN;HEG1;SPTAN1;MFSD6;CD93;BMP2K;KLF6;FAM91A1;SNRK;AKAP12;DCHS1;EXOC2;LRCH1;KLF13;YWHAB;ATP8A1;CMIP;SOX7;EMP1;SIPA1L2;INPP5D;SKAP2;MYCT1;JAM3;EXOC5;LDB2;ITPKB;CREB5;PTPRM;PRXL2A;JAM2;PCDH17",1.9266997848420044,4.947308730978071e-11,TRUE,
"AIZARANI_LIVER_C18_NK_NKT_CELLS_5",121,-0.5146613888294266,-2.108233381972935,9.94718834288249e-9,6.279703249506686e-8,"HLA-DMA;CCL3L3;CST3;FTH1;NPC2;HLA-DQB1;HLA-DPB1;TYROBP;HLA-DRA;CXCL8;BCL2A1;LST1;PTPN6;HLA-DPA1;HSPB1;HSPA6;S100A8;S100A9;BAG3;DNAJA1;FCER1G;KLF2;LAPTM5;TNFAIP2;CEBPB;RILPL2;S100A11;HK3;IL1B;IER5;SLC11A1;LYZ;FCGR3A;DNAJB1;CPVL;IGSF6;NCF1;PMAIP1;AIF1;PLEK;PLAUR;HCK;GADD45B;FCGR2A;LILRB3;LYN;NCF2;FPR1;PSAP;CD83;RNF144B;FGR;SAMHD1;SLC7A7;SAT1;RGS2;LILRB2;RNASE6;CD37;ANXA1;APOBEC3A;MAFB;ITGAX;C5AR1;C1orf162",-1.824212309466766,6.685265792103244e-5,TRUE,
"CUI_DEVELOPING_HEART_C9_B_T_CELL",152,-0.4812344642732468,-2.0464199501006077,1.1023167812521557e-8,6.898982613698836e-8,"HCST;PLAAT4;PSMB9;IL32;NKG7;GZMA;ARPC1B;ISG15;IRF1;DEDD2;CCL5;TAPBP;CD3D;NFKBIA;TUBA4A;RAC2;HLA-C;IFITM2;CD7;CTSW;CLEC2B;PRF1;HLA-F;IFITM1;CD48;HLA-A;ISG20;LCK;RNF166;ARHGAP45;CORO1A;HLA-E;CD52;GMFG;SEPTIN1;CD247;LIMD2;FCER1G;KLRD1;LAPTM5;FXYD5;ADGRE5;HLA-B;DUSP2;CCND3;CXCR4;SRGN;DNAJB1;TBC1D10C;ARHGAP9;ITGB2;CD3E;JUNB;BTG1;ARHGDIB;LTB;ZAP70;CD53;LSP1;RHOH",-1.8756176279233305,7.195513509827216e-6,TRUE,
"HAY_BONE_MARROW_NEUTROPHIL",427,-0.3760329089010559,-1.7343314502272356,1.67206327617861e-8,1.0375366995774964e-7,"POLR2L;NDUFA11;NDUFS7;ATP5ME;SERF2;GPX1;ATP6V0B;PSMB3;COX4I1;RNF181;UQCR11;AP2S1;STX10;AGTRAP;ATP5F1D;ATP5MJ;ALDOA;OAZ1;ELOB;GAPDH;NICOL1;ATOX1;TMSB10;TMEM205;LAMTOR4;ATP5MG;TYMP;PYCARD;NDUFB1;COX7B;MSRB1;TSPO;RAB5IF;CYBA;ACTB;ADAM15;COX6B1;ETHE1;PKM;ATP6V0E1;LAMTOR2;TYROBP;STXBP2;TALDO1;CXCL8;ATP6V0D1;UBXN11;SMCO4;VNN2;GSTP1;CTSD;MCEMP1;BRI3;CAPNS1;SLC15A3;TMEM107;S100P;CHMP2A;CNPY3;JOSD2;GRN;ATP5MC2;DENND6B;SH3BGRL3;SCAND1;GABARAP;PSTPIP1;TKT;CARD16;PGLS;KYNU;PLD3;S100A8;S100A9;ANXA2;CD14;GMFG;IFI27L2;CTSZ;PRR13;PGD;TGFB1;SLC16A3;S100A6;GNAI2;GM2A;GLIPR2;CLEC12A;OSCAR;RILPL2;RNF130;IL1RN;LRP3;SPG21;BST1;PGAM1;TOM1;POLE4;TNNT1;HLX;SLC11A1;VNN1;JUND;ANXA5;PDXK;SRGN;CAPG;PTGS2;RASSF4;IGSF6;ADAP1;NCF1;SFT2D1;STX11;SMARCD3;CMTM2;NAGA;PLAUR;TREM1;SPTSSA;EMILIN2;OAF;NCF4;HEBP2;TNFSF13B;PLPPR2;ZNF467;S100A4;SNX10;LILRB3;CASP1;SERPINB1;NCF2;PHC2;APBB3;FPR1;FBP1;LY96;CLEC4E;ZYX;MBOAT7",-1.6200570972061874,3.1529206818867722e-6,TRUE,
"BUSSLINGER_GASTRIC_REG3A_POSITIVE_CELLS",42,-0.6613282188271952,-2.3054737292166143,2.1797027604053955e-8,1.3410713593680654e-7,"REG1A;TMSB10;HLA-DMA;WARS1;PSME2;CD74;HLA-DQB1;HLA-DPB1;HLA-DRB1;CXCL10;TYROBP;HLA-DRA;IFITM3;VNN2;IFI27;HLA-DPA1;HLA-A;CXCL11;CXCL9;HLA-B;CXCL3;HLA-DQA1;HSPA8;LCN2;B2M;SOD2;IFI30;CXCL2;REG3A;STAT1;SAT1;BIRC3",-2.1847766376777322,2.3274685283599106e-6,TRUE,
"MANNO_MIDBRAIN_NEUROTYPES_HDA2",356,0.30216304177122905,1.7608227578551885,2.3833722037210013e-8,1.4540573276482745e-7,"DOP1A;FNBP1L;BICRAL;ZFHX3;TACC2;PRKACB;PBX1;EPB41L4B;SH3PXD2A;SHANK2;ATP9A;ANK3;HOOK1;DNM3;PTPN3;PCDHB4;PGM2L1;REV3L;PIK3R1;MYCBP2;PRKCA;CGN;PLXNA4;ROBO2;GPRASP1;RUFY3;KIAA1549;CSRNP3;SHROOM2;CEP126;GARNL3;GRIK3;SYT7;MYRIP;CORO2A;SHTN1;SEMA6D;NMNAT2;SCN3A;FHOD3;RCAN2;EPB41L1;ENTREP2;FRY;CSMD2;CHL1;CAMK2N1;NRXN3;NCAM1;PLEKHA6;ZNFX1;SERINC1;PDP1;USP49;STXBP5;CDH13;DNAJC6;IKZF4;SCN8A;KCNN3;MAP1B;ENPP4;MCC;DLG2;NEDD4L;MEG3;KIF21B;KLHL29;LRRC49;CPEB3;GNAO1;AK5;RBFOX2;PDE11A;NLN;ARHGAP28;CMIP;CNTN4;CADPS;GFRA1;TMEM132B;LRRC37A3;PAPPA;GNPTAB;TMOD2;GPRIN3;NPY1R;VWA5A;PCDH17;ENOX1;NFASC;BTBD1;CXADR;XPR1;DOK6;ZNF697;NRXN2;DPYSL3;HERC2P2;POU6F1;ASXL3;SHISAL1;TAC1;SLC18A2;NALF1;RETREG1;NSG1;TMEM178B;REEP1;SPIN4;TMEM35A;DMTN;CACNA1E;GOLGA8B;ZNF813;NAP1L3;CDKL2;SOX6;MAP7D2;GNAL;SCAMP1;SLC22A15;ANKH;BNC2;CACNG4;NAPB;CHMP2B;MTURN;GABRA2;ROBO1;APBA1;ANKRD44;RAB9B;PHACTR3;CDK5R1;DGKE;RERG",1.769695778533971,1.246153605984184e-7,TRUE,
"DESCARTES_FETAL_STOMACH_MYELOID_CELLS",72,-0.5737405812350546,-2.1963377448317045,3.022759004200332e-8,1.8287691975412008e-7,"IDO1;HLA-DMA;CST3;CD74;HLA-DQB1;HLA-DPB1;HLA-DRB1;TYROBP;HLA-DRA;HLA-DRB5;HLA-DMB;CIITA;HLA-DRB6;C1QC;CD300A;HLA-DPA1;C1QB;C1QA;S100A8;CD14;FCER1G;SPI1;RILPL2;PIK3AP1;IL1B;HLA-DQA1;CPVL;IGSF6;PLEK;PLAUR;HCK;TRPM2;NCF2;CD83;IFI30;CD86;PTAFR;NFAM1;ITGAX;MS4A6A;MYO1F;MMP9;ADAP2;IRF8;LY86;ALOX5",-1.9341372032927928,7.872832053328868e-5,TRUE,
"MANNO_MIDBRAIN_NEUROTYPES_HRN",241,0.3297956917734117,1.8204724050990289,3.2585679010058614e-8,1.9551407406035167e-7,"BICRAL;ZFHX3;CERS6;ZNF91;SHANK2;ANK3;SEMA3C;HOOK1;DNM3;EPB41;PGM2L1;TBC1D2B;HUNK;RAPGEF5;SLC38A1;CHML;AKAP6;ROBO2;FNIP2;SOX4;PCDHGC3;SYT7;KIF3A;NMNAT2;AUTS2;SCN3A;FHOD3;THSD7A;EPB41L1;FAM117B;NCAM1;PLEKHA6;RUNX1T1;NLGN4X;USP49;KCNH8;GPR155;MAP1B;ESRRG;NEDD4L;KIF21B;LRRC49;CPEB3;RBFOX2;FOXP2;ENC1;PDE11A;XIST;RAB3IP;NOVA1;SCARA5;CNTN4;CADPS;GRIP1;ZBTB6;TMEM132B;TSC1;ZNF124;LPGAT1;PAPPA;TRHDE;CDC42EP3;ENOX1;RELN;RND3;ACSL6;ANK2;TES;NFASC;CXADR;MAP6;GREM2;DOK6;ZNF697;DPYSL3;ASXL3;ZBED4;ARFGEF3;EDIL3;VASH2;YWHAG;NSG1;MCF2L;RSBN1;ISLR2;KIF3C;TMEM35A;ZFHX4;CHGA;GOLGA8B",1.8604934484138584,7.929618636673976e-8,TRUE,
"FAN_OVARY_CL2_PUTATIVE_EARLY_ATRETIC_FOLLICLE_THECAL_CELL_1",98,-0.5382170781238754,-2.1499411923119234,3.3534860189999155e-8,1.9955990572081463e-7,"C12orf57;TMEM258;OST4;RPS15;SNRPD2;RPS8;RPS15A;RPL26;RPL36;RPS18;RPS13;RPS23;SELENOM;LGALS1;RPLP1;IFITM3;RPL37;TOMM7;RPL17;CYB5A;CEBPD;MDK;APOE;BST2;RPL23A;SNHG32;RPL38;RPL34;DDIT4;RPL35A;S100A6;RPL41;PEBP1;COX6C;RPL30;RPL31;RPL12;RARRES2;HMGN2;JUNB;RPL24;RPL32;RPL11",-2.0826072237640347,5.071502173449752e-7,TRUE,
"HE_LIM_SUN_FETAL_LUNG_C2_PROMONOCYTE_LIKE_CELL",271,-0.4111880397072176,-1.8390015846517986,3.80858533212326e-8,2.2479942692044604e-7,"SNRNP25;CENPM;ANAPC15;SAC3D1;DYNC2I2;AURKB;GCHFR;NCAPH2;TK1;ACOT7;TEDC1;SAP30;NKG7;CDT1;NRGN;H2AX;CDC20;CDC45;ALYREF;PXMP2;NT5DC2;CDCA4;MT1X;PKMYT1;PLK1;CARHSP1;SPC24;C19orf48P;CENPW;MCEMP1;PAQR4;TUBA4A;NRM;CKS1B;MCM7;CHTF18;BCL2L12;POC1A;S100P;DTYMK;TYMS;MXD3;PRC1;CITED4;FEN1;PCNA;ASF1B;GRK6;TMEM106C;RANGAP1;BIRC5;CDCA8;CDCA3;CCNB1;PSRC1;CLEC11A;UBE2S;CCNF;CCNB2;KIF22;DNAJC9;HIRIP3;CHAF1A;CDKN3;PTTG1;RECQL4;UBE2T;PDSS1;BST1;GINS2;MCM2;RFC5;TNNT1;IGFBP7;DDB2;ASRGL1;KIFC1;PDXK;UHRF1;TROAP;ORC1;PHF19;KIF2C;OAF;HEBP2;RPL39L;KNSTRN;SLC2A4RG;RMI2;NUCB2;LIG1;CD2;CENPN;UPK3A;MCM3;MTFR2;ASGR2;ACAP3;MIS18A;CDCA5;LRG1;RFC4;ZWINT;MYBL2;ARMH1;PCLAF;NLRC5;CENPH;GMNN;RNF26;MGST1;C12orf75;LRR1;SERPINB8;MAD2L1;CKAP4;ARHGEF39;CCNA2;SAPCD2;VRK1;CENPA;CDC25B;MCM4;CDA;CENPU;NDC80;H3C10;SPC25;LMNB2;SAE1;HJURP",-1.918946222033764,1.911376973532977e-8,TRUE,
"FAN_EMBRYONIC_CTX_NSC_2",229,-0.42367560830783046,-1.8769556779275949,4.274878355647681e-8,2.5028723275808196e-7,"COX8A;NOSIP;CENPM;DCTN3;EMC9;WDR54;RUVBL2;AURKB;CBR3;TUBB4B;NUDT1;H2AZ1;PSME2;TK1;CNIH4;RAN;DDX39A;MED19;H2AX;CDC20;LGALS1;DCXR;PLK1;RASSF1;CALM3;CKS2;CENPW;TUBG1;NRM;CKS1B;POC1A;DTYMK;MXD3;PRC1;PIMREG;TRAIP;ASF1B;MRPL51;RANGAP1;BUB3;BIRC5;CDCA8;CDCA3;LDHA;ILF2;CCNB1;PSRC1;UBE2S;MKKS;REEP4;TUBA1C;FAM110A;CCNF;CCNB2;JPT1;KIF22;CLIC1;HIRIP3;CDKN3;PTTG1;AAMDC;UBE2T;H2AZ2;PIF1;RARRES2;KIFC1;NMU;TACC3;TROAP;VRK3;TUBB6;PHF19;KIF2C;RPL39L;KNSTRN;OIP5;HMGB2;CDKN2C;PLIN3;JADE1;VDAC3;SKA1;CENPN",-1.8994093462409354,8.395267718991335e-8,TRUE,
"AIZARANI_LIVER_C3_NK_NKT_CELLS_2",159,-0.4726962982937601,-2.020062406384372,4.921328331349604e-8,2.85830749484785e-7,"RPL18A;RPS14;RPL28;RPL18;RPS10;RPLP2;RPS2;IL32;RPS15A;RPL13;RPS3;RPS18;GZMA;RPL27;RPLP1;RPS29;RPL37;RPSA;CD3D;TOMM7;RPL17;RPL10A;RAC2;RPS19;RPL13A;PRF1;RPL27A;HLA-F;RPL23A;CD48;LCK;RPL34;RPS26;RPS12;CORO1A;RPL35A;CD52;RPL10;RPS3A;CD8A;TRBC2;GBP5;RPL19;RPL41;LAPTM5;ADGRE5;HLA-B;RPL30;PCED1B-AS1;DUSP2;SIRPG;CXCR4;TRBC1;TMSB4X;RPS27A;CD3E;JUNB;TRAC;BTG1;RPL32;CXCR6;ARHGDIB;LTB;S100A4;B2M;CD53;RHOH;CD2;IL18RAP",-1.853058531868759,3.0957417675404146e-5,TRUE,
"FAN_OVARY_CL17_PUTATIVE_APOPTOTIC_SMOOTH_MUSCLE_CELL",229,-0.4229608507382888,-1.8737891791908583,5.055132209366371e-8,2.912719034920623e-7,"FAU;MYL6;ATG101;SOD1;TUBB4B;H2AZ1;MT2A;RAN;ISG15;SELENOM;EIF4A3;AHSA1;HES4;LGALS1;CALR;NOP16;SLC25A5;RASSF1;IFITM3;HSPE1;TUBA1B;PRDX1;NDUFA4L2;CD151;SELENOK;MRPL18;MRTO4;CD63;TSSC4;RPL36AL;CYTOR;GLA;LMNA;DUSP14;CYSTM1;YBX1;NUDC;SLC25A3;HSPB1;CTSL;SOD3;LDHA;ILF2;UBE2S;C11orf96;SERPINH1;FKBP4;YBX3;TUBA1C;EEF2;PHLDA2;EIF1;SELENOS;BAG3;HNRNPF;CSRP2;TNFRSF12A;CCT3;CCT5;NR1H2;PKIG;ISYNA1;STIP1;IGFBP7;ATF4;MRPL32;TMEM165;PLEKHO1;HSPA2;DNAJB1;MAP2K3;MRPS6;HSPA8;TINAGL1;GPX3;HNRNPM;GADD45B;XBP1;CALM2;MTHFD2;BAG1;TNFRSF1A;RAD23A;GJA4;CACYBP;MFGE8",-1.7282086793578417,2.0125596191063536e-5,TRUE,
"CUI_DEVELOPING_HEART_TRABECULAR_ATRIAL_CARDIOMYOCYTE",176,0.3736408490291961,1.9739387276168079,5.741285425374932e-8,3.2820261565529137e-7,"KIDINS220;BLTP1;ANKRD26;ZNF827;BMPR2;AKAP9;RNPC3;DSP;DST;PTPRK;PLEKHA5;MACF1;ATP13A3;MYSM1;TMEM245;SVIL;KTN1;TCERG1;NES;PRKDC;SLC38A1;FAT1;ITGA6;LUC7L3;ABCC5;DMD;FBN2;COL4A6;DDX17;LTBP1;GOLIM4;MARCHF6;SLC11A2;ITGB1;PKN2;LNPK;LMO7;TLCD4;NCAM1;CCNL1;AGL;VCL;SUCO;NFE2L1;MFSD11;ADGRL2;SPTBN1;IGF2BP2;HEG1;SPTAN1;SLC8A1;WSB1;PARM1;HEPH;TTN;ATP1A1;TM9SF2;COL2A1;FREM2;PLOD2;RELN;EPRS1;CXADR;ANGPT1;LAMP2;SLC20A2;HERC2P2;CD164",2.0422872998885455,5.594852329241666e-8,TRUE,
"RUBENSTEIN_SKELETAL_MUSCLE_FBN1_FAP_CELLS",283,-0.4089872488705964,-1.8341546059218405,6.004696929689022e-8,3.4057890398079924e-7,"BLOC1S1;NAA38;POLR2L;SERF2;MYDGF;TMEM258;ALDOA;OAZ1;SOD1;S100A13;OST4;VKORC1;DYNLT1;TIMM13;HSD3B7;NUPR1;TYMP;GPX4;PHPT1;CST3;NDUFB1;CAVIN3;RPLP0;HSBP1;FTH1;PKM;ENO1;ATP6V0E1;GSTO1;SELENOM;SEC61B;HSPE1;TUBA1B;MTCH1;CRIP1;TUBB;CD63;MT1E;RNH1;TIMP1;RPL36AL;CKS1B;CDK4;CYTOR;LMNA;EMP3;MRPL51;KRT10;TMEM106C;PLA2G2A;MPC1;SH3BGRL3;IGFBP6;RNF7;TAF9;ACTG1;LDHA;FABP3;DGUOK;SEC61G;ANXA2;YBX3;ATP5PD;EIF1;SELENOS;CLIC1;S100A6;ITGB1BP1;HNRNPF;OSTC;CSTB;TPPP3;PPIC;GLIPR2;ADI1;TNFAIP2;SLPI;COX6C;GYPC;PROCR;OSR2;S100A11;JUND;ANXA5;LOXL1;MRPS6;GTF2H5;TUBA1A;GPX3;SVBP;SSR3;TPT1;TMEM109;DBN1;S100A4",-1.7790714929477103,1.9035348010237756e-6,TRUE,
"AIZARANI_LIVER_C23_KUPFFER_CELLS_3",214,-0.436741912198642,-1.9222973747774899,6.883150980988477e-8,3.873773342788864e-7,"ATP6V0B;ALDOA;OAZ1;TYMP;RHOG;TSPO;ACTB;FTH1;RNASEK;PKM;SECTM1;TYROBP;LGALS1;TALDO1;CXCL8;VNN2;NFKBIA;BCL2A1;LST1;GRN;ARRB2;SH3BGRL3;TKT;S100A8;CD52;S100A9;CD14;GMFG;S100A6;GNAI2;FCER1G;GLIPR2;LAPTM5;TNFAIP2;CLEC12A;RILPL2;RNF130;IFNGR2;PLP2;S100A11;HK3;IL1B;SLC11A1;LYZ;VSIR;SRGN;PTGS2;CPVL;IGSF6;AIF1;CTSB;PLEK;ITGB2;PLAUR;TREM1;PILRA;EMILIN2;TNFSF13B;HCK;S100A4;SOD2;CALM2;FCGR2A;LILRB3;LYN;EFHD2;SERPINB1;GRK2;NCF2;PHC2;PELATON;FPR1;PSAP;CLEC4E;WAS;RNF144B;FGR;PTAFR;GMEB1;SAMHD1;SLC7A7;IL1R2;SAT1;AHR;SLC43A2;ITGAM;RGS2;NFAM1;LILRB2;CD44;CD37;ANXA1;CKAP4;CFD;APOBEC3A;MAFB;ITGAX;SMAP2;S100A10;C5AR1;C1orf162;MYO1F;DOK3;FKBP1A;CD55;SLA;LY86;ALOX5;PARVG",-1.4956234176723542,0.006555132204238821,TRUE,
"MENON_FETAL_KIDNEY_8_CONNECTING_TUBULE_CELLS",251,-0.41469292064483676,-1.852541127644791,9.887516340036555e-8,5.521797586820414e-7,"POLR2L;UQCR10;COX8A;NDUFB10;ATP5ME;SERF2;COX6A1;ATP6V0B;NDUFA6;NDUFA13;NDUFA2;COX4I1;NDUFB7;UQCR11;ECI1;CYC1;LAMTOR5;ETFB;SOD1;S100A13;OST4;CHCHD10;LMAN2;UQCRQ;ATP5MG;FKBP2;NDUFA3;ROMO1;ATP6V1F;COX5B;NDUFB1;COX7B;NOP10;COPS9;COX7A2;HIGD2A;COX6B1;NPC2;ATP5IF1;MICOS13;NDUFC1;ATP6V0E1;NDUFB9;COA3;COPS6;VAMP8;SLC25A5;PLEKHJ1;COX5A;NDUFB2;ATP5F1B;ZNHIT1;ATP5MC1;RPL36AL;ATP5F1A;CYB5A;COX7C;NDUFA1;LRPAP1;CHMP2A;ATP5MC3;MRPS18B;AIF1L;MPC1;TSTD1;SEC61G;MUC1;PFKL",-1.9060365204750238,1.0428905644099892e-7,TRUE,
"DESCARTES_MAIN_FETAL_CORNEAL_AND_CONJUNCTIVAL_EPITHELIAL_CELLS",230,-0.4238437903121074,-1.8752215738762663,9.995576627905807e-8,5.539533306763065e-7,"TMEM258;AGTRAP;PUSL1;PLAAT4;FIBP;TMEM11;COMMD4;TMEM125;RARRES1;PSME2;CNFN;BNIP1;GPR108;CTU2;EMC4;CX3CL1;CXCL8;NXT1;NR2F6;NHP2;VNN2;TMEM191A;KDF1;ABHD11;ZDHHC12;HCAR2;CHMP2A;ZNF576;MESP1;TIMM29;NKX3-1;METTL17;RAB1B;NFKBIB;ZG16B;RAB25;SAA1;U2AF1L4;S100A8;CRB3;S100A9;ATP13A1;SYNGR2;HMGN2P5;ADCK2;SPINT2;COPG1;GABRP;RNPEPL1;TMEM216;QARS1;OAZ3;SLPI;RPL12P4;DMAP1;CXCL1;PHKG2;SLC35C1;SPCS1;C19orf73;NIF3L1;MIER2;SRD5A3;PRRT3;BATF;LINC02361;MRPL13;FAM83A;GTF2H5;FBXL6;APOBEC3F;LYSET;CDKN2A;GJB2;LCN2;CLDN4;TACSTD2;B3GALT4;BAG1;NACA3P;NUP85;SERPINB1;RFT1;SEH1L;LIPT2;SDR16C5;DNAJC19;VPS37C;PRSS22;H2AJ;EXO5;LRP10;RHOV;METTL13;MIS12;SKP1;CD2BP2;RPL37P6;APOBEC3A;ALG1L1P;PEX11B;TRIM22;OTX1;POLR2J4;ALOX5;IRF5;A4GALT;FAM86C1P;FAM186A;PLEKHS1;DAZAP2;FAM3D;IER3IP1;TEPSIN;MUC4;MHENCR",-1.9019855525836662,1.2945720344520588e-7,TRUE,
"GAUTAM_EYE_CHOROID_SCLERA_CHOROID_ENDOTHELIAL_CELLS",139,-0.46971167206538383,-1.9683286756409006,1.0504286753462019e-7,5.77735771440411e-7,"PFN1;ATP5ME;FAU;RPS19BP1;RPL18;RPS16;EIF3K;PPIB;LSM4;RPS10;H2AZ1;GNG5;EIF4EBP1;RPS9;RPS11;TMEM179B;NDUFC1;ARPC1B;SIGIRR;RNF122;CALR;CX3CL1;RPL7A;SPR;SELENOK;CFL1;NNMT;RPL13A;RPL23A;NUDC;SH3BGRL3;PPIA;RPS26;RBM8A;ACTG1;RPS12;PSMB8-AS1;BEX5;RPS3A;BAG3;RPL19;EEF1A1;RPL30;SPG21;PKN3;PROCR;FLOT2;RPL12;MGST3;COX16;DNAJB1;HID1;RPL24;EEF1D;NACA;FKBP1C;FUS;BTNL9;SOD2;KRTCAP2;ABCD4",-1.9313883241094252,1.2940460733789462e-6,TRUE,
"DURANTE_ADULT_OLFACTORY_NEUROEPITHELIUM_RESPIRATORY_CILIATED_CELLS",108,-0.5118078425404865,-2.069037731875778,1.0622141950265441e-7,5.798251921723842e-7,"POLR2I;DNPH1;DYNLL1;DYNLT1;WDR54;B9D1;DPCD;SMIM22;CIMAP1B;TUBB4B;CIB1;PIERCE1;HSBP1;ATP5IF1;PRDX1;CRIP1;SPMIP6;RRAD;MUC5AC;CYSTM1;NUDC;TSTD1;KIF9;ARL3;ZMYND10;TPPP3;PSENEN;RSPH1;DYNLT2B;MORN2;UFC1;ALDH3A1;CCDC74A;TUBA1A;RSPH9;FAM229B;TFF3;CFAP45;DNALI1;NUCB2;PRDX5;DPY30;EZR;CFAP298;FAM174A;C12orf75;CD59;DMKN;TXN;CAPS;FXYD3;CCDC78;GSTA1;CETN2;SPA17;LRRC46;LRRC23;ALDH3B1;FABP6;CFAP53;IFT172",-2.0277536874873014,3.128761376133109e-6,TRUE,
"TRAVAGLINI_LUNG_DIFFERENTIATING_BASAL_CELL",140,-0.47342135681200714,-1.9857220351324054,1.3813083579192434e-7,7.483804983950528e-7,"AKR1A1;GAPDH;UQCRC1;TUFM;PPP1CA;TPI1;NUDT8;PAFAH1B3;PYCARD;NDUFV1;TSPO;PSMC5;EIF3F;ETHE1;ZFYVE21;HES4;S100A16;TRIM7;RPSA;TLE5;GSTP1;CTSD;UQCRH;NDUFA8;AP2M1;HS3ST1;HCAR2;MLF2;MDK;RPL13A;RPL3;CLEC2B;RHOC;PITX1;DDIT4;MDH2;AGR2;LMO4;ASS1;KRT17;SNCG;BBLN;RPS4X;EEF1A1;CAPN1;CXCL1;PGAM1;KRT19;POLD4;PDHB;CTSB;CTSC;TACSTD2;BAG1;KLK11;CD82;GLTP;ADORA2B;WFDC2;SERPINB5;ERN2;DHRS3;CMTM7;ATP1B3;SYNGR1;IFI16;AQP3;RIPK4;ANXA1;S100A2;TNFSF10;SYTL1;NDRG2;LYPD6B;NHERF1;A4GALT;IGFBP4;SLC1A5;SULT2B1;PLEKHS1",-2.041724734970759,9.5179334718765e-8,TRUE,
"HAY_BONE_MARROW_EARLY_ERYTHROBLAST",92,-0.5311111658233757,-2.110873870941944,1.5775706951736096e-7,8.483824627378079e-7,"C1QBP;SELENOH;DNPH1;PRMT1;NME1;TUFM;MRPS26;MRPL52;NPM3;SRM;ECHS1;DMAC1;APOC1;NHP2;CHCHD2;UQCRH;FBL;RRP9;FSCN1;MDH2;DCTPP1;FAM89A;MUC1;AHCY;CENPV;AK2;PEBP1;RPL37A;AIG1;COQ8A;MRPS23;NMU;NMI;PNPO;ATP5MK;SDHAF3;MICOS10;MRPS25;PPA1;FAM136A;SLC39A4;PMP22;PGAP4;MGST2;NDUFC2",-2.12866401499824,3.3301737509356173e-7,TRUE,
"FAN_OVARY_CL9_PUTATIVE_APOPTOTIC_ENDOTHELIAL_CELL",365,-0.3769792967259994,-1.7208477566085307,1.8495858457079015e-7,9.873524441058356e-7,"POLR2L;GPX1;ATP6V0B;EIF5A;TRIR;C1QBP;PSMB8;UBB;NME1;SNU13;HLA-DMA;NUPR1;TUBB4B;GNG5;NOP10;MT2A;PSME2;CCDC85B;MRPL14;DDX39A;EIF3I;CD74;HLA-DRB1;SLIRP;ENO1;ARPC1B;PNP;ISG15;SNRPB;PIM3;IRF1;AHSA1;S100A16;CALR;NOP16;HLA-DRB5;IFITM3;HSPE1;SERTAD1;PRDX1;IRF7;ZNHIT1;CARHSP1;CHIC2;MGAT1;CFL1;NFKBIA;IFI27;CDC37;CEBPD;NANS;HLA-C;TAP1;IFITM2;CYTOR;NNMT;LMNA;FLOT1;CLEC2B;RHOC;TAGLN2;IFITM1;NUDC;HSPB1;HLA-A;ARPC5L;SSU72;MAX;PSMA7;KRT18;RBM8A;NECTIN2;RAB5C;LDHA;HMGA1;HLA-E;IFI6;LAP3;ICAM1;FKBP4;ANXA2;YBX3;TUBA1C;EFNA1;GBP1;NAPA;UBC;SNHG7;BAG3;ELOC;TMEM70;DNAJA1;HNRNPF;MYL12A;WTAP;BACE2;FXYD5;TNFRSF12A;ARHGDIA;HLA-B;IFIT3;STING1;HLX;IGFBP7;SNX3;GRPEL1;PDLIM1;ATF4;PGK1;MRPL32;RNPS1;TMEM165;ANXA5;PLEKHO1;HSPA2;CRIP2;MAP2K3;MX1;TUBB6;GABARAPL2;BTG1;NPDC1;TPT1;HNRNPM;B2M;SOD2;GBP2;MTHFD2;CNIH1;TNFRSF1A",-1.5686230663397707,9.15431538884763e-5,TRUE,
"DESCARTES_FETAL_HEART_MYELOID_CELLS",114,-0.49837292926209853,-2.0295646178162863,2.0127825765524906e-7,1.0666278471365754e-6,"CD74;HLA-DRB1;TYROBP;HLA-DRA;WFDC21P;LGMN;HLA-DRB5;HLA-DMB;SOWAHD;CIITA;HLA-DRB6;C1QC;HLA-DPA1;C1QB;C1QA;SPNS3;S100A8;P2RY6;CD14;TREM2;CD300LF;SPI1;SPP1;OSCAR;IL1RN;SLC38A6;HK3;SLC11A1;LYZ;HLA-DQA1;IGSF6;LILRB4;VSIG4;PILRA;LRRC25;HCK;SLAMF8;LILRB3;LINC01094;MS4A4A;NCF2;FPR1;UPK3A;PDCD1LG2;CD86;HLA-DQA2;CLEC5A;IL1R2;SIGLEC14;NFAM1;ITGAX;MARCO;ANO7L1;C5AR1;C19orf38;MS4A6A;MMP9;ACP3;IRF8;LILRB1;EBI3;CSF2RA;SIRPB1;C3AR1;TLR8;SLC37A2;PLA2G7;FGD2;SIGLEC1;ADAM28;SCIMP;FCN1;CLEC7A;MS4A7;TLR2;CCR1;NLRC4;CSF1R;MNDA",-1.7750743334477723,2.325062265649563e-4,TRUE,
"DESCARTES_FETAL_EYE_CORNEAL_AND_CONJUNCTIVAL_EPITHELIAL_CELLS",212,-0.42401175818558595,-1.8638798766830718,2.0321239887051097e-7,1.0690739244926883e-6,"NDUFA2;AGTRAP;PLAAT4;GFUS;KRT7;LY6E;SMIM22;RARRES1;GPR108;STARD10;CP;SECTM1;WFDC21P;VAMP8;CX3CL1;CXCL8;NR2F6;NHP2;CRIP1;TMEM191A;RASSF7;SFN;NFKBIA;ABHD11;ZDHHC12;NANS;S100P;CHMP2A;BSPRY;CLDN3;TMEM54;CLDN7;PLA2G2A;TSTD1;KRT18;RAB25;AGR2;BIK;S100A8;ASS1;MUC1;STAP2;S100A9;IRF2BP1;SPINT2;S100A6;GABRP;RNPEPL1;SLPI;CLIC3;IL1RN;CXCL1;SLC35C1;KRT8;KRT19;SYT8;ADRB1;FAM83A;PPDPF;JUNB;LYPD3;CDKN2A;GJB2;LCN2;HEBP2;TFF3;SERINC2;CLDN4;GADD45B;CYB561;TACSTD2;CFB;CD82;SERPINB1;WNT4;KRT15;MUC5B;WFDC2;SDR16C5;PRSS22;H2AJ;HOPX;MAFF;MGST1;ST14;RHOV;AQP3;SERPINA1;ANXA1;APOBEC3A;FXYD3;SYTL1;IER2;TRIM29;PKP1;CD55;NHERF1;CD9;A4GALT;ITPKC;EPS8L2;FAM3D;IER3IP1;EPS8L1;MUC4;MHENCR;MSLN;IER3;AGR3;CLCF1;ERBB2",-1.8845018971607908,7.553323419651331e-7,TRUE,
"HE_LIM_SUN_FETAL_LUNG_C2_CXCL9_POS_MACROPHAGE_CELL",121,-0.49259685805169334,-2.0178493326682307,2.2231965933951172e-7,1.1611803789962988e-6,"IDO1;VAMP5;PLAAT4;FBXO6;HAPLN3;MT2A;IL32;SOCS1;JMJD4;CXCL10;SECTM1;METTL1;CD274;IL4I1;GBP4;IFI35;ETV7;TAP1;HLA-F;APOL2;IFITM1;TNFRSF4;VPS9D1;ISG20;RNF19B;SLC2A6;NECTIN2;APOL3;IFI6;CXCL11;GBP1;CCL8;IL15RA;CXCL9;GBP5;TRAFD1;IL1RN;XKR8;IFIT3;FFAR2;TIFA;BATF;GPR84;MX1;PARP12;SLAMF8;GBP2;FAS;CD40;SERPINB9;TRIM69;CLEC4E;GCH1;IKBKE;STAT1;LGALS3BP;NLRC5;TAP2;BIRC3;CD80;PARP9;APOBEC3A;PTGIR;DRAM1;OAS2;UST;IRF9;IFIT2;OASL",-1.7893000753198456,1.4032727265398567e-4,TRUE,
"BUSSLINGER_ESOPHAGEAL_LATE_SUPRABASAL_CELLS",112,-0.4967564797655758,-2.0103512944176103,2.3788338389857797e-7,1.2335952622169115e-6,"GUK1;TMSB10;CST3;TSPO;ACTB;S100A16;CTNNBIP1;CLTB;TECR;TGM1;NAGK;PDZK1IP1;CITED4;GRN;HSPB1;SH3BGRL3;RAB25;S100A8;S100A9;ANXA2;TUBA1C;DHRS1;CSTB;PEPD;FAM162A;SLPI;CLIC3;IL1RN;S100A11;TMSB4X;CYSRT1;P4HB;S100A14;ALDH3A1;PPDPF;LYPD3;TUBB6;GPX3;GJB2;KRT6A;TM7SF2;PKP3;CLDN4;SOD2;KLK11;NUCB2;SERPINB1;GLTP;TENT5B;NIBAN2;ARLN;KRT6B;EZR;FGFBP1;AQP3;DMKN;ANXA1;TXN;ARPC2;S100A10;ALDH3B2;CDA;TRIM29;PKP1;ALDH9A1;DBI",-1.9166960988049992,2.5714593343397972e-5,TRUE,
"DESCARTES_MAIN_FETAL_ELF3_AGBL2_POSITIVE_CELLS",154,-0.4573948868439024,-1.9473678127652445,2.407845674208949e-7,1.2397843684224801e-6,"ATP5MJ;C15orf61;NUDT8;PHPT1;STUB1;MRPS11;BCKDK;TIMM10;MPV17L2;NUDT22;HDHD5;ZNF580;CDCA4;SNF8;DCXR;MCRS1;DDA1;PSMB2;TOMM22;COX5A;MTCH1;ZNF524;RRAD;TUBG1;MRPL37;BANF1;RPL37P23;ZNF691;FTH1P16;MRPL10;CDK16;MPC1;BRK1;EIF5AL1;TPT1P4;ISCA2;RPL26P19;PTTG1;NCBP2AS2;METTL23;SAAL1;UQCRFS1;SMIM27;COL11A2;LSM1;NUP37;MRPL15;SLC35A4;POMGNT1;TINF2;GJB4;FUNDC2;TMEM242;RPL39L;COPS5;OPLAH;RNF113A;PFDN1;TRIM69;TMEM50B;LINC00853;PYGB;RRP8;ACAD8;FIZ1;DUSP28;IDH3A;SCAMP1-AS1;TMEM126B;DOK7;CRTC2",-2.016050149419854,8.879716941817977e-8,TRUE,
"DESCARTES_FETAL_LIVER_STELLATE_CELLS",100,0.4379259377466698,2.130605094972539,2.5822202881586334e-7,1.3202055839458928e-6,"SEMA5A;ITGA8;NES;HGF;FAM13C;BMP5;NEURL1B;LIFR;ROBO2;C1QTNF7;GUCY1A2;RPS6KA6;PDGFRA;LAMA2;RBMS3;FHOD3;SVEP1;EPHA3;ADAMTSL1;ITIH5;B3GAT2;SYNPO2;FGF10;CXCL14;ITGA1;CACNA2D1;DAAM2;CARMN;LMO7-AS1;TRMT9B;COL6A3;ADCY5;LAMB1;NGFR;MASP1;VSTM4;MFAP4;LRRC17;NBPF3;FERMT2;SLITRK6;SLC1A7;DENND2B;SPRY1;RAI2;KIF26B;ADAMTS12;EDNRA;GPR153;DIO3;ABCC9;DACT3;LRRC7",2.313679223884054,3.06408072491608e-8,TRUE,
"DURANTE_ADULT_OLFACTORY_NEUROEPITHELIUM_CD8_T_CELLS",71,-0.559704170379453,-2.137923525603294,3.247781272648611e-7,1.6488735691908333e-6,"HCST;IL32;CCL4;NKG7;GZMA;CCL5;CD3D;LINC01871;CCL4L2;RAC2;CD7;CTSW;CD48;LCK;SH3BGRL3;GZMM;CORO1A;CD52;GMFG;CD8A;TRBC2;LAPTM5;DUSP2;CXCR4;TRBC1;TMSB4X;TBC1D10C;ALOX5AP;CD3E;TRGC2;TRAC;BTG1;CXCR6;ARHGDIB;LSP1;CD2",-2.0153137291111136,1.8925615879759344e-5,TRUE,
"HAY_BONE_MARROW_PRO_B",285,-0.3915356592120617,-1.756297407163301,4.660855022985732e-7,2.349847740755307e-6,"C12orf57;SIVA1;CENPM;PSMB8;MAD2L2;DCTN3;UBB;SRSF9;SAC3D1;PPP1CA;AURKB;ITGAE;NCAPH2;H2AC20;H2AZ1;PIN1;ACOT7;FANCG;DDX39A;H2AX;PXMP2;EIF4A3;SLC25A5;SMARCB1;TUBA1B;TUBB;CARHSP1;IFT22;CCDC167;HAUS8;PAQR4;NRM;CKS1B;TYMS;MXD3;PIMREG;UBE2I;TRAIP;ASF1B;TMEM106C;ATP5F1C;TP53I13;PPIA;TXNDC12;RBM8A;BUB3;ACTG1;BIRC5;CDCA8;RAD51;BIK;MARCKSL1;PSRC1;UBE2S;MAGOH;SRP14;CCNF;HIRIP3;CSRP2;NDUFA4;H2AZ2;PIF1;TIFA;CCND3;PDLIM1;HAUS1;MID1IP1;N4BP3;RALY;KIFC1;EWSR1;DYNLT2B;CD72;HASPIN;PAIP2;TACC3;PTMA;HMGN2;LAT2;CDKN2A;PHF19;E2F1;RPL39L;HNRNPM;FUS;RMI2;HMGB2;CDKN2C;PSMC3IP;MDH1;LIG1;MYL6B;MFGE8;HMCES;CENPN;NTAN1;AKR1B1;IMMP1L",-1.665750345326277,2.791960703001774e-5,TRUE,
"SU_HO_FOETAL_FEMUR_C2_HYPERTROPHIC_CHONDROCYTE",338,-0.37661787508700434,-1.7081365217474542,4.7601649747659214e-7,2.383365359779351e-6,"NDUFA11;ATP5MF;COX6A1;UFD1;NDUFB8;MYDGF;PSMB3;NDUFB7;RNF181;UQCR11;YIF1A;OAZ1;ORMDL2;MEA1;UQCRQ;PCBP1;NUPR1;KLHDC3;ROMO1;TXNDC17;SSR4;RER1;TMEM101;RNF126;HLA-DRB1;SLIRP;HAGH;SLC25A1;NDUFAB1;PIM3;ZFYVE21;LGMN;TALDO1;TMED3;CCDC107;RPSA;CHCHD2;CLTB;RELT;S100P;ZFAND2A;ENO2;CYSTM1;TAF10;JOSD2;COX7A1;PTS;TRIB2;SH3BGRL3;HSPA6;SSU72;RHOD;SLC25A4;BOLA3;LDHA;FABP3;ASS1;AKT1;CITED2;COLGALT1;SRP14;HOXC6;CTSZ;UBC;ELOVL1;MVD;RCOR2;TIMP4;KLF2;PPIC;CSRP2;TNFRSF12A;CEBPB;MFSD10;RPL37A;NINJ2;CLIC3;PITPNC1;AVPI1;AGPAT2;TIFA;ANXA5;P4HB;PLOD3;MRPS6;RTRAF;KDELR3;PPDPF;ATP5MK;PDLIM4;MELTF;WDR1;TSC22D4;SSR3;TSPAN13;XBP1;MTHFD2;KDELR2;CD109;RHOA;WNT4;MFGE8;PPA1;FOXA3;LOXL3;SAP18;RPS17;ATP5F1E;ARSI;NIBAN2;BZW2;NRN1;TMED10;KLHL21;COPZ2;ARLN;ATP1B3;EZR",-1.665676801738342,8.508924050389168e-6,TRUE,
"BUSSLINGER_DUODENAL_STEM_CELLS",308,-0.3824369841755608,-1.7228547782306476,5.163115750604292e-7,2.5674123526977507e-6,"RPS5;RPL18A;REG1A;RPS14;RPS15;RPL18;RPS16;RPS2;RPS8;RPL8;RACK1;CRLS1;RAN;RPS15A;RPL26;RPL13;RPS3;RPS9;RPS11;RPL36;RPS18;RPL35;RPS28;RPS13;RPS23;SNRPB;RPL27;RPL7A;RPLP1;RPS29;HSPE1;RPL37;CHCHD2;GSTP1;TOMM7;RPL10A;FBL;RPS19;COX7C;MCM7;BANF1;ATP5MC3;RPL13A;CLDN3;RPL3;TRIM28;RPS6;RPL22L1;RPL27A;ATP5MC2;YBX1;APEX1;GAS5;YWHAE;RPL38;PPIA;RPL34;TKT;ACTG1;RPS12;SNHG29;AGR2;HMGA1;CPS1;ERGIC3;MARCKSL1;SNHG8;RPL9;RPL35A;AHCY;RPL10;EEF2;SNHG5;RPS3A;SELENOW;RPL5;RPS4X;CNBP;SPINT2;RPL41;EEF1A1;IMPDH2;SERP1;PKDCC;CDC42EP5;RPL30;RPL37A;CA9;RPL15;SNRPE;RPL31;KRT8;RPL12;COQ8A;EEF1B2;PDLIM1;NOP56;LYZ;SNHG6;RPS27A;HSPA8;PTMA;RPL24;ZFAS1;RPL32;RPL11;TPT1;HNRNPM;DUT;CLDN4",-1.7107422867456907,4.003382416467537e-6,TRUE,
"TRAVAGLINI_LUNG_CD8_NAIVE_T_CELL",141,-0.4653704692473892,-1.9532029974298766,6.775202155262303e-7,3.346120248109137e-6,"PFN1;HCST;PLAAT4;GNLY;IL32;RPS3;NKG7;GZMA;GZMH;SIGIRR;LAG3;IL12RB1;ABHD17A;APOBEC3G;CCL5;TLE5;CD3D;PLEKHF1;TUBA4A;CHST12;CD7;CTSW;PRF1;RPL27A;HLA-F;RPL23A;IFITM1;HLA-A;ARPC5L;ISG20;LCK;GZMM;S1PR4;TBX21;SEPTIN1;CD8A;MYL12A;KLRD1;KLF2;MYO1G;TPST2;SSBP4;HLA-B;CRTAM;GFI1;CCND3;SLA2;TBC1D10C;ITGB2;CD3E;MATK;SH2D2A;ZAP70;B2M;RASAL3;TSEN54;LSP1",-1.8392361715682657,3.312147200287368e-5,TRUE,
"ZHONG_PFC_C3_ASTROCYTE",335,0.28835493485874975,1.6699156626662675,8.87486600416536e-7,4.353481566908143e-6,"PRDM2;TMEM131;CTTNBP2NL;ATAD2B;AFDN;BPTF;BMPR2;TCAF1;MDN1;ZNF445;UBN2;KMT2A;SH3PXD2A;SYCP2;SHANK2;RPS6KA3;ANK3;SEMA3C;DNM3;AFAP1;PGM2L1;PHACTR4;ANKRD36;SATB2;ZNF573;SLC38A1;NOL4L;ZNF780B;SETX;STRBP;ACVR2B;RBM33;ABCC5;MCM3AP;ZNF37A;PCDH19;PLXNA4;AGO2;USP7;SMARCA2;SEL1L;SPIN1;TBC1D32;RERE;ZFTA;SLC4A7;STOX2;BAZ2A;NLK;DAAM1;LMO7;AGO4;PCLO;SHTN1;PDE1C;AUTS2;THRB;SCN3A;RPS6KC1;RESF1;TMEM63C;EPB41L1;GEMIN5;FMR1;UBE2Q2P1;NCAM1;RUNX1T1;CEP164;PDP1;RHOU;KCTD7;CDC42BPB;CELF2;ZNF566;LINC00342;GAB2;MEG3;ENC1;CNTN3;EPCAM;EDEM3;CNTN4;HEATR5A;MEF2C;IBTK;NPY1R;FLRT2;ZNF611;SS18L1;CXADR;MAP6;XPR1;NRXN2;DPYSL3;POU6F1;NBEA;EFR3B;ZFP90;SYT1;ARFGEF3;ZNF721;KCNQ1OT1;GAS7;ZDHHC8BP;VASH2;YWHAG;SSX2IP;CCDC120;DIP2C;CACNA1E;CHGA;GOLGA8B",1.728580455867962,9.228053315462498e-7,TRUE,
"HE_LIM_SUN_FETAL_LUNG_C3_CYCLING_DEFINITIVE_ERYTHROBLAST",404,-0.3591462598870515,-1.6515080636577841,9.57870201271924e-7,4.667206484049777e-6,"SNRNP25;CENPM;PGP;RPS6KB2;MCM5;DYNC2I2;POLA2;AURKB;NUDT1;NCAPH2;H2AC20;PPIF;TK1;DPP7;ADISSP;CDT1;CDC20;CDC45;UBAC1;MFSD2B;TANGO2;CDCA4;APEH;NOP16;PKMYT1;PLK1;ATG4D;SLC43A3;PPOX;DHRS13;CKS2;EXOSC3;FKBPL;SPC24;CENPW;CKS1B;PLEK2;POC1A;TYMS;MXD3;PRC1;GCDH;PMM1;PIGQ;FEN1;PCNA;ASF1B;GRK6;ISG20;BIRC5;SLC43A1;TSPAN17;CDCA8;CDCA3;PCCB;PRR5;CCNB1;HBB;UBE2S;ABCB8;BOP1;CCNF;POLD1;CCNB2;KIF22;CENPV;SPINT2;DNAJC9;CHAF1A;CDKN3;PTTG1;LHPP;RECQL4;MYCBP;UBE2T;CHAC2;GINS2;MCM2;RFC5;RGS10;SLC38A5;SNHG10;NUP37;MID1IP1;FN3K;TESC;KIFC1;CPVL;UHRF1;ISOC1;TACC3;RCCD1;TROAP;ORC1;TTLL12;KIF2C;PCK2;TFR2;TMEM86B;BLVRA;AEN;KNSTRN;S100A4;KMT5C;RMI2;OIP5;CDKN2C;MTHFD2;SLC37A4;CD82;LIG1;WDR4;TSPO2;SFXN4;SKA1;ABCA7;CENPN;EEF1E1;EXOSC9;PPME1;ANK1;MIS18A;CDCA5;TRIP13;PRKAR2B;RFC4;ZWINT;KCNN4;MYBL2;SYNGR1;PCLAF;CENPH;GMNN;SNX22;SMIM1;RCL1;HPRT1;AQP3;CISH;EPOR;SLC48A1;LRR1;CTSE;DONSON;MAD2L1;CD44;ARHGEF39;CCNA2;SMAP2;YEATS4;VRK1;EXO1;CENPA;MCM4;SLC6A8;CENPU;NDC80;ARV1;H3C10;MTHFD1;SPC25;CCNE1;H2AC8;HJURP;CHST2;SLC1A5;MIGA2;TMOD1;FOXM1;ANKRD9;MELK;PBK;RRM2;CMPK2;ANKLE1;RAB3IL1;SHCBP1;WDR76;SPTB;ORC6;NEK2",-1.7105414494534597,5.20117780835733e-7,TRUE,
"TRAVAGLINI_LUNG_NATURAL_KILLER_CELL",123,-0.47388404330239525,-1.9478996806529418,1.1271578724711016e-6,5.455444102760131e-6,"PFN1;PLAAT4;UBB;GNLY;NKG7;GZMA;GZMH;EBP;RASSF1;ABHD17A;APOBEC3G;CCDC107;CCL5;CHST12;RAC2;HLA-C;CD7;CTSW;CLEC2B;RHOC;PRF1;IFITM1;FKBP11;CD300A;ISG20;DDIT4;GZMM;TBX21;CD247;ABI3;KLRD1;TPST2;CLIC3;GYPC;HAVCR2;DUSP2;SLA2;IGFBP7;CD244;FCGR3A;ITGB2;MATK;SH2D2A;HDDC2;ZAP70;SELPLG;B2M;DHRS7;EFHD2;SIGLEC7;DHRS3;IL2RB;HSH2D;HOPX;CALM1;C12orf75;SPON2;OSTF1;GPR65;ARPC2;ARL4C;TIGIT;S1PR5;NHERF1;NCALD;MYOM2;CHST2;GZMB;CMC1;TMIGD2",-1.8525220027868126,5.1289130927811334e-5,TRUE,
"DESCARTES_FETAL_LIVER_MYELOID_CELLS",168,-0.43578729612058226,-1.8720520670221572,1.506414471504164e-6,7.242760968953795e-6,"IDO1;TYMP;CST3;CALHM6;BATF3;MCOLN1;CXCL10;NFKBIE;TYROBP;LGMN;CXCL8;PLPP2;IL4I1;IFI27;SLC15A3;C1QC;C1QB;C1QA;P2RY6;CXCL9;CD300LF;TNFAIP2;TMIGD3;TNFAIP8L2;OSCAR;IFIT3;LILRA5;HK3;FCGR3A;HLA-DQA1;RASSF4;CPVL;IGSF6;CTSB;FOLR2;LILRB4;VSIG4;PILRA;LRRC25;DHDH;LILRB3;MS4A4A;NCF2;PELATON;FPR1;TBC1D30;HMOX1;CXCR2P1;SIGLEC7;PDCD1LG2;CD86;SIGLEC9;MSR1;SAMHD1;SIGLEC14;PLA2G15;IGSF21;CD80;NFAM1;LILRB2;RNASE6;CETP;CFD;ADGRE1;MAFB;ITGAX;MARCO;C1orf162;KCNJ10;TMEM86A;THEMIS2;ADAP2;IFIT2;SLC29A3;LILRB1;EBI3;SUCNR1;IFNGR1;CSF2RA;TBX1;SIRPB1;C3AR1;TLR8;SLC37A2;PLA2G7;LIPA;GAA;KCNK13;CARD14;FGD2;TLX1;SIGLEC1",-1.6671914740209839,6.770350078085765e-4,TRUE,
"HAY_BONE_MARROW_NAIVE_T_CELL",372,-0.36314361952719515,-1.6556669226353584,1.550667843967804e-6,7.406479307372537e-6,"MTFP1;FAU;NOSIP;RPS5;RPL18A;RPS14;RPS15;SSR2;RPL28;RPL18;RPS16;SNRPD2;RPS21;C19orf53;HAPLN3;RPS10;RPLP2;RPS2;RPS8;SOCS1;RPS15A;TRADD;RPL13;RPS3;RPL36;RPS18;RPL35;RPS28;MCUB;RPS13;RPS23;RPL27;SMDT1;RPS29;RPL29;RPL37;RPSA;SELENOK;FAM241B;TLE5;CD3D;TOMM7;RPL17;RPL36AL;RPL10A;TECR;RPS19;COX7C;CORO1B;GALT;RPL13A;RPL3;RPS6;RPL27A;RPL23A;SNHG32;BLOC1S4;TNFRSF4;CD48;ISG20;LCK;ANXA2R;RPL38;TSTD1;RPL34;RPS26;RPS12;ARHGAP45;U2AF1L4;SNHG8;RPL9;RPL35A;RPL10;OCIAD2;BEX5;SEPTIN1;RPS3A;EIF1;PLK3;RPL5;PRMT2;RPS4X;TRBC2;RPL19;RPL41;EEF1A1;RHBDD2;IL23A;KLF2;FXYD5;RPL30;RPL31;RPL12;SIRPG;EEF1B2;TRBC1;LSR;DNAJB1;CRIP2;LINC02361;SNRPN;RPS27A;CD3E;JUNB;LYPD3;RPL24;TRAC;BTG1;EEF1D;RPL32;RPL11;UBASH3A;SEC14L2;TPT1;LTB;PBX4;SFXN1;GSTK1;RHOH;REG4;CARS1;CD2;SIT1;LDHB",-1.6303265457529443,1.0798508846218015e-5,TRUE,
"DESCARTES_FETAL_THYMUS_ANTIGEN_PRESENTING_CELLS",159,-0.4447732748433229,-1.9007336742821306,1.8611550006704322e-6,8.831362944357737e-6,"IDO1;BATF3;ADISSP;CD74;HLA-DPB1;HLA-DRB1;CXCL10;NFKBIE;TYROBP;HLA-DRA;LGMN;HLA-DRB5;HLA-DMB;ASPHD2;IL4I1;HLA-DRB6;SLC15A3;CYTOR;UNC93B1;HLA-DPA1;RYR1;C1QB;FSCN1;C1QA;KYNU;P2RY6;CD14;CXCL9;SLC16A3;HLA-DQB2;FCER1G;SPI1;IL1RN;LYZ;SRGN;RASSF4;CPVL;IGSF6;PLEK;MIR155HG;PLAUR;HCK;SLAMF8;TSPAN13;MMP25;SLC1A3;LY96;CD83;ACOXL;CD86;FGR;PTAFR;ARNT2;SLC7A7;BIRC3;CD80;NFAM1;ADAM8;MAFB;ITGAX;MS4A6A;CTSH;MYO1F;SLC9A7;MMP9;THEMIS2;S100B;ADAP2;IRF8;LY86;TFEB;ALOX5;GPR132;EBI3;SIGLEC10;CSF2RA;TMEM176B;SLAMF7;ACSL1;KCNK13;FGD2;KDM2B;SAMSN1;ARHGAP22;PLCB2;TRAF1;TFEC;CLEC7A;MS4A7;TLR2;SPINT1;ID2;ICOSLG",-1.727583976819323,4.5275426433601785e-4,TRUE,
"HE_LIM_SUN_FETAL_LUNG_C0_MID_AIRWAY_SMC_1_CELL",62,0.4894480482882628,2.16504699346371,1.9367538180592675e-6,9.13041085656512e-6,"SEMA3C;TRAF5;HHIP;MYOCD;PLXNA4;ZEB1;CDH6;CEP120;FENDRR;NAV2;IRAG1;LDLRAD4;SEMA6D;HIPK2;ARL4A;ALKAL1;HHIP-AS1;ENC1;EPCAM;CHRDL1;SSC5D;MYH11;TYRP1;PMEPA1;ENTPD1-AS1;LTBP2;NGFR;WNT5A;ADAMTS6;C3orf70;BCL11A;KLHL4;KIF26B;LRRN1;ARHGAP6;ADAMTSL2;SPEG;LIMS2;PLPPR4",2.262481013770918,3.1029716846054392e-06,TRUE,
"DESCARTES_MAIN_FETAL_SYNCYTIOTROPHOBLASTS_AND_VILLOUS_CYTOTROPHOBLASTS",74,0.46672649613975414,2.1049570200574106,2.148450154265396e-6,1.006306330320437e-5,"SLC35D1;NEDD4;ARL15;USP25;AMOT;ZNRF3;SMARCA2;FBN2;RAP2C-AS1;MBNL3;CROT;TTPA;ZNF354B;GABRE;TMEM150C;SLC38A9;HIC2;POLI;PCAT7;L1TD1;ANKRD20A5P;SLC25A43;SP6;MME;MB21D2;FAM118A;SIGLEC6;SLC13A4;ZFX",1.9606918071063522,5.943205941112378e-5,TRUE,
"DURANTE_ADULT_OLFACTORY_NEUROEPITHELIUM_MONOCYTES",38,-0.631925725122714,-2.1588382167062923,2.229923857757792e-6,1.037772256879588e-5,"CCL3;HLA-DMA;CD74;HLA-DQB1;HLA-DPB1;HLA-DRB1;TYROBP;HLA-DRA;HLA-DRB5;HLA-DMB;CCL4L2;C1QC;LST1;HLA-DPA1;C1QB;C1QA;FCER1G;RGS10;IL1B;SRGN;HLA-DQA1;AIF1",-2.042686405356244,1.0297410640101322e-4,TRUE,
"ZHONG_PFC_C8_ORG_PROLIFERATING",59,-0.5587532125881237,-2.0523020955265046,2.7643353647801803e-6,1.2782850158155484e-5,"TUBB4B;MT2A;CDC20;TMEM256;LGALS1;DCXR;PLK1;CKS2;PRC1;EMP3;TXNDC12;BIRC5;CDCA8;CDCA3;CCNB1;PSRC1;ANXA2;TUBA1C;CCNB2;ITGB1BP1;CDKN3;PTTG1;NMU;TACC3;TROAP;TUBB6;KNSTRN;OIP5;PLIN3",-2.001047003930168,4.188321218757761e-5,TRUE,
"FAN_OVARY_CL7_ANGEIOGENIC_ENDOTHELIAL_CELL",250,-0.3956304587269009,-1.766095971848572,2.7841505996236865e-6,1.279299579320757e-5,"GUK1;VAMP5;PSMB8;PSME1;S100A13;FIS1;HLA-DMA;PSMB9;LY6E;DUSP23;NDUFB1;GNG5;NOP10;MT2A;PSME2;TSPO;CCDC85B;CD74;NPC2;HLA-DQB1;HLA-DPB1;HLA-DRB1;RPS28;NDUFC1;ARPC1B;ISG15;PIM3;HLA-DRA;ZFYVE21;TSPAN4;S100A16;HLA-DRB5;TMEM219;ARL2;IFITM3;CD151;IFI27;CDC37;SRSF7;HLA-C;DAD1;IFITM2;NNMT;BST2;RHOC;TAGLN2;GRN;IFITM1;HLA-DPA1;HSPB1;HLA-A;HLA-E;IFI6;LAP3;ANXA2;PLK2;EFNA1;SELENOW;UBC;SNHG7;S100A6;BCAP31;MYL12A;FXYD5;HLA-B;RAB13;CYB5R3;IFIT3;IGFBP7;SNX3;RNASE1;PDLIM1;TMSB4X;HSPA2;ISCU;CPVL;CRIP2;JUNB;MX1;GABARAPL2;NPDC1;EGFL7;GADD45B;B2M;PTMS;GSTK1",-1.6641725204547853,1.1865435914119137e-4,TRUE,
"HE_LIM_SUN_FETAL_LUNG_C2_PLATELET_CELL",357,0.2754551583943605,1.6049555049262678,3.008390628005488e-6,1.3736425131647702e-5,"DENND4C;GAB1;USP12;KIAA0232;SOS1;BLTP3A;TSPAN32;PBX1;MBTD1;CPEB4;PPP4R3B;NPAT;LEMD3;ZNF197;ZMYM5;NT5C2;CLCN3;DNM3;RAB30;E2F3;MSI2;HERC1;ARL15;STX17;EPB41;LGALSL;CCNT2;MAP4K5;NUDT4;CREBZF;CHAMP1;TRIM24;CNST;CPEB2;CREBRF;SUSD1;MOB1B;RYBP;ZNF431;TXLNG;ZMYND8;LTBP1;ATOSA;WASL;PDZD8;DAAM1;ARID5B;KHDC4;GCLM;SORBS1;KLHL24;MFAP3L;LMBRD2;USP42;UBE2H;ZNF567;AGO3;SDE2;ZNF606;MCTP2;MFSD11;CBLB;IKZF4;CAVIN2;TSPOAP1-AS1;KALRN;ZNF224;FAXDC2;IGF1R;IGF2BP2;ZNF714;STON2;MEG3;NET1;PTK2;LRRC8B;RAB3IP;XK;CDKL1;H4C16;XRN1;TRAF6;ZBTB11;KLHL42;KDM5B;FBXO30;THUMPD1;ZNF274;RIMOC1;VAPB;MYLK;STRADB;PLAG1;MPIG6B;ZNF518B;KBTBD2;TNS1;CDK17;SELP;PTBP2;TSC22D1;PELI2;F2R;LARP4;TXNDC16",1.6606030873943447,2.9926955601199176e-6,TRUE,
"MANNO_MIDBRAIN_NEUROTYPES_HNBML1",230,0.31489080916896695,1.730753285483581,3.154451303285499e-6,1.431332278865795e-5,"ZBTB38;PRKACB;GSE1;SH3PXD2A;SYCP2;ANK3;PTPN3;EPB41;PGM2L1;RAPGEF5;SLC38A1;MAML3;ITGA6;ACVR2B;ROBO2;NAV1;RUFY3;KIF21A;CSRNP3;FNIP2;SHROOM2;SOX4;SYT7;ZC3H8;ATP11C;NEGR1;NMNAT2;SCN3A;LCOR;ZNF737;FHOD3;THSD7A;CCDC122;ENTREP2;NCAM1;PLEKHA6;KCNH8;RHOU;SCN8A;MAP1B;TRMT13;KIF21B;LRRC49;RBFOX2;FOXP2;TSC22D1-AS1;XIST;TOX3;CMIP;CADPS;TULP4;ZBTB6;TMEM132B;ZNF521;GPRIN3;ANK2;NFASC;PLCL1;CXADR;MAP6;XPR1;DOK6;ZNF697;PALB2;DPYSL3;NELL2;CXXC4;ASXL3;TAC1;ARFGEF3;EDIL3;NALF1;VASH2;SRGAP1;YWHAG;NSG1;MAPRE3;MCF2L;ISLR2;KIF3C;TMEM35A;NAP1L3;MAP7D2;GNAL;SEMA3A;ST6GAL1;SLC22A15;ATL1;KCNA3;ACVR1B;EBF1;NAPB;ROBO1;RAB9B;PHACTR3;CDK5R1;SCUBE1;BCL11A",1.7102929072633244,1.964827159013224e-5,TRUE,
"BUSSLINGER_ESOPHAGEAL_DENDRITIC_CELLS",211,-0.4037984699583143,-1.7723521632563886,3.1886018076998344e-6,1.4378415604907328e-5,"PFN1;GPX1;ATP6V0B;TMSB10;HLA-DMA;CST3;RHOG;ACTB;FTH1;CD74;HLA-DQB1;HLA-DPB1;HLA-DRB1;ARPC1B;TYROBP;HLA-DRA;LGALS1;HLA-DRB5;HLA-DMB;TUBA1B;CRIP1;CFL1;TIMP1;HLA-DRB6;PLEK2;LST1;LMNA;HLA-DPA1;SH3BGRL3;YWHAH;HLA-DOA;RAB5C;CD52;SYNGR2;HLA-DQB2;TMEM14C;GLRX;GNAI2;SPI1;CXCL16;LAPTM5;FXYD5;HLA-B;PPT1;GNA15;DUSP2;RGS10;IL1B;IER5;TMSB4X;JUND;ANXA5;SRGN;PTGS2;HLA-DQA1;CPVL;ALOX5AP;AIF1;PLEK;ITGB2;PLAUR;JUNB;ARHGDIB;LTB;HCK;S100A4;B2M;PTMS;LSP1;LYN;SERPINB9;ZYX;CD83;IFI30;MAN2B1;CD86",-1.565983219610887,0.001111330668567719,TRUE,
"ZHONG_PFC_C7_ORG_UNDERGOING_NEURONAL_DIFFERENTIATION",55,0.5138664654279198,2.2043684855603325,3.2942643192675906e-6,1.4763184541902907e-5,"ATAD2B;SORL1;SH3PXD2A;SEMA3C;PTPRD;SATB2;CEP126;TTC14;MLLT3;CHL1;RUNX1T1;ESYT2;EPHA3;HSPA12A;DLG2;ENC1;LRRC8B;MEF2C;TMEM132B;MAP6;NIN;TNIK;MEGF8;SRGAP1",2.2986170953885328,3.1029716846054392e-06,TRUE,
"GAO_LARGE_INTESTINE_ADULT_CI_MESENCHYMAL_CELLS",338,-0.36278228431682175,-1.645385708634717,3.902479361825121e-6,1.7381595194386736e-5,"HCST;LY6E;CIMAP1B;TNFRSF18;NKG7;IGFLR1;SELENOM;RNF122;LGALS1;IL12RB1;APOBEC3G;CD3D;AIM2;RELT;IFNAR2;C1QC;CD7;CYTOR;CTSW;BST2;COQ10A;ENO2;CLEC2B;EMP3;DENND6B;CD300A;HLA-DPA1;TNFRSF4;CD48;TRIB2;ISG20;HOMER3;LCK;NCF1C;CORO1A;MICB;CD52;ICAM1;GMFG;SEPTIN1;TGFB1;ADA;NFATC1;LIMD2;TRPV2;IL23A;ABI3;MYO1G;TPST2;LAPTM5;FXYD5;PCED1B-AS1;GYPC;UAP1L1;OSR2;DOK2;RGS19;SNAI3;C16orf74;SP140;PLEKHO1;TNF;SRGN;TBC1D10C;ALOX5AP;NCF1;ARHGAP9;STX11;ITGB2;FCGR2B;CD3E;PARVB;EVI2A;CDKN2A;NCF4;CYTH4;BLVRA;ARHGDIB;NCF1B;S100A4;ZAP70;SELPLG;RASAL3;KIF19;CD53;LSP1;RHOH;TRIM69;ABCB9;PLAAT3;CD2;SIT1;LY96;CCR10;GAMT;WAS;ITGB7;RAB34;BTN2A2;IL27RA;ACAP1;SLC7A7;SYNGR1;HHEX;AQP3;SCPEP1;LINC02384;TMEM45A;HVCN1;ADAM8;CD37;GPR65;GPSM3;GLIPR1;ADGRG5;SASH3;MAP4K1;APBB1IP;DOK3;OAS2;C16orf54;CCDC102A;THEMIS2;TRG-AS1;SLA;CD69;ALOX5;IRF5;PARVG;LILRB1;BNIP3;CERCAM;SLC12A4;CHST15;VIM;SKAP1",-1.320739166764886,0.022271232479725286,TRUE,
"MENON_FETAL_KIDNEY_0_CAP_MESENCHYME_CELLS",88,0.4324651030139584,2.0240389872159588,3.9656846374437056e-6,1.7555408821854452e-5,"BAZ2B;BPTF;ZC3H13;ZKSCAN1;RSF1;ATRX;GOLGA4;TOP2B;BDP1;IGF2;NBPF1;BAZ1B;ITGA8;NKTR;RIF1;TPR;EIF3A;CCDC14;LUC7L3;SPEN;SMC3;SMC4;ENAH;SOX4;KAT6B;ANKRD11;LAMA4;RBM25;TOP2A;NCAM1;BRD3;DACH1;MKI67;XIST;TIA1;CENPF;CUX1",2.1758183126391026,9.661406791712332e-7,TRUE,
"AIZARANI_LIVER_C1_NK_NKT_CELLS_1",151,-0.4343859506165432,-1.847152584119985,4.477644038969131e-6,1.970163377146418e-5,"HCST;PLAAT4;GNLY;IL32;RPS3;NKG7;GZMA;GZMH;RPS29;APOBEC3G;RPSA;CCL5;CD3D;RAC2;HLA-C;CD7;CTSW;PRF1;RPL27A;HLA-F;RPL23A;IFITM1;RBM38;CD48;HLA-A;ISG20;LCK;SH3BGRL3;GZMM;TBX21;ARHGAP45;CORO1A;CD8A;TRBC2;CD247;KLRD1;ADGRE5;HLA-B;RPL30;PCED1B-AS1;DUSP2;CXCR4;TRBC1;TMSB4X;TBC1D10C;ALOX5AP;ARHGAP9;ITGB2;CD3E;TRAC;SH2D2A;BTG1;CXCR6;ARHGDIB;B2M;RASAL3;CD53",-1.6880409242449637,7.234996069937165e-4,TRUE,
"FAN_OVARY_CL3_MATURE_CUMULUS_GRANULOSA_CELL_1",243,-0.39038175922219975,-1.7377981005456298,4.655320787004874e-6,2.0360017417864692e-5,"POLR2I;NEDD8;UQCR10;ATP5MF;ATP5ME;NDUFA13;NDUFB7;MYL6;UQCR11;TMEM258;NDUFS5;SELENOH;ATP5MJ;PTRHD1;LSM7;MZT2B;ELOB;NICOL1;PRDX2;TIMM13;TMSB10;UQCRQ;ZNF428;LY6E;NDUFA3;PET100;PHPT1;TRAPPC4;SNRPD2;CST3;COX5B;HSBP1;HIGD2A;DPP7;COX6B1;ATP5IF1;DMAC1;MPST;PLEKHJ1;TUBB;GSTP1;LCMT1;IFI27;IFI35;HS3ST1;COX7C;MDK;PCBP2;PRDX4;ATP5MC2;FSCN1;RNF7;ACTG1;NDUFS4;PLD3;MARCKSL1;BBLN;OCIAD2;CLIC1;SPINT2;AMH;PRDX3;AVPI1;LMBR1L;MGST3;IGFBP7;TMSB4X;NME4;ATP5PF;RPAIN;SNRPN;GTF2H5;PPDPF;MRPS21;GPX3;TNNI3",-1.776820963676906,5.507355484057385e-6,TRUE,
"DESCARTES_FETAL_MUSCLE_ERYTHROBLASTS",101,-0.48205739720611773,-1.9394680635279173,5.029472233987293e-6,2.1864651747753144e-5,"FMC1;BLVRB;DCTN3;TOMM5;PRDX2;HMBS;H2AC20;DPM2;IFI27L1;C1orf35;GLRX5;HAGH;PEX39;ATG4D;HTRA2;DHRS13;C16orf95;RPL37P2;PIGQ;ST6GALNAC4;RBM38;HBA2;CISD2;SLC43A1;CDCA8;HBB;EXOSC5;POMGNT2;RPS20P14;TMEM14C;CDKN3;GUCD1;BST1;FECH;SLC38A5;GEMIN2;HASPIN;TROAP;UROS",-2.1126352296672226,4.2261912178077813e-7,TRUE,
"DESCARTES_MAIN_FETAL_MYELOID_CELLS",79,-0.508760827331913,-1.964202867139904,5.482364716866576e-6,2.3691647526459133e-5,"PYCARD;MCOLN1;TYROBP;LGMN;RNPS1P1;IFNAR2;C1QC;C1QB;C1QA;CD14;SDS;SPI1;ABI3;CD300C;TNFAIP8L2;RILPL2;LILRA5;HK3;SRGN;C5AR2;AIF1;PLAUR;LRRC25;NCF4;LILRB3;SIGLEC12;MS4A4A;PELATON;HMOX1;IFI30;SIGLEC7;MAN2B1;CD86;SIGLEC9;SAMHD1;FPR2;LILRB2;RNASE6;MARCO;C1orf162;MS4A6A;THEMIS2;CD33;LILRB1;NLRP3",-1.6741734709661646,0.005047004332770138,TRUE,
"GAUTAM_EYE_IRIS_CILIARY_BODY_PUTATIVE_STEM_CELLS",279,-0.37558473335617115,-1.6803054997496245,7.376385920930322e-6,3.168790638222138e-5,"NAA38;NEDD8;NDUFS7;SERF2;MYL6;ABHD14A;PEMT;ANAPC11;TMEM147;UBB;ETFB;TRAPPC1;ELOB;DYNLL1;GAPDH;JTB;OST4;DGCR6L;NENF;ROMO1;ATP6V1F;NDUFS6;TIMM10;CIB1;MRPL20;MED19;ATP5IF1;MICOS13;SLIRP;HAGH;SLC25A39;NDUFAB1;C1orf122;NUDT14;LGMN;CD320;CCDC107;CUTA;ALKBH7;SMCO4;SPAG7;SLC25A6;CD151;QTRT1;NDUFA8;BANF1;BSPRY;B3GAT3;RHOC;RAMP1;APEX1;MANBAL;ARPC5L;PPIA;PMVK;SNRPG;P2RY6;LGALS9;SYNGR2;ATP5PD;SELENOS;ERP29;TMEM14B;RHBDD2;BCAP31;PEBP1;RPA1;PNPLA6;PRDX3;PTPA;RNF130;DYNLRB1;MGST3;ANGPTL4;COX16;MARS1;LSR;AMFR;NUCB1;SNRNP70;REEP5;MAP2K3;PPP1R7",-1.591149364347415,2.0735991306405213e-4,TRUE,
"GAUTAM_EYE_IRIS_CILIARY_BODY_WIF1_HIGH_FIBROBLASTS",119,-0.45381591558529427,-1.8524812141300597,9.425978202618693e-6,4.025447161824218e-5,"RPS5;RPS14;SSR2;TUBB4B;RPS8;RPL8;RACK1;RPL26;RPL13;RPS3;RPS9;RPS18;RPS23;GNB2;MT1X;TLE5;ANG;RPL17;MT1E;RPL13A;FLYWCH2;RPL34;SOD3;LDHA;SNHG8;ZNF385A;MT1M;EEF2;NHERF2;EIF1;RPL5;RPS4X;RPL41;SNORD3A;RPSA2;RPL15",-1.772445611709917,3.1482546244555225e-4,TRUE,
"AIZARANI_LIVER_C33_STELLATE_CELLS_2",124,0.3716799301920902,1.8681854138245493,9.739245792293743e-6,4.134907862693133e-5,"SEMA5A;ZFHX3;DST;PBX1;BAZ1B;ANK3;CDC42BPA;LPP;EPAS1;RGS5;LAMC1;CLMN;SEPTIN11;NUDT4;PPP1R12B;UACA;LUC7L3;ENAH;PCM1;EPB41L2;ITGB1;RBMS3;KLHL23;NID1;RCAN2;PRKG1;CAMK2N1;A2M;ADGRF5;MAP1B;DLC1;COL4A1;ITGA1;IGFBP5;FIGN;MYH11;PAG1;ID4;ANTXR1;MYLK;MYH9;TNS1;TSC22D1;SPARCL1;CALD1",2.1281386392283235,7.47019828976071e-7,TRUE,
"DESCARTES_FETAL_THYMUS_THYMIC_EPITHELIAL_CELLS",174,0.33066852105091665,1.7436867744770803,1.0142597047359964e-5,4.270164187002927e-5,"FMN1;ADGRG2;PATJ;ANK3;CDH1;ATP10B;PTPN3;SLCO2A1;EGFR;EML6;ROBO2;KIAA1549;CSRNP3;COL4A6;RPS6KA6;RHPN2;ARHGAP42;SLC36A1;C1RL-AS1;RBMS3;CDC14B;CDS1;CACNB2;MYO5B;PRKG1;ESRP1;NRXN3;RASEF;NHS;MIR3936HG;HSPA12A;SORBS2;B3GAT2;ESRRG;PPP1R26-AS1;SYNPO2;CNTN3;TOX3;GRIP1;SNX29;CLIC6;ZRANB2-DT;EPB41L4A;COL17A1;ENPP3;CGNL1;PNMA8A;MAPK10;ANGPT1;CMYA5;SLIT3;CXXC4;ZNF483;PTPRF;FAM83B;PAPLN;MCF2L;SORCS2;MAP7D2;TRPM6;RNF43;BNC2;B4GALNT3",1.7880284675035698,9.256201251019885e-6,TRUE,
"MANNO_MIDBRAIN_NEUROTYPES_HNBM",210,0.31164132682213114,1.6841506645672075,1.0175460115034525e-5,4.270164187002927e-5,"GSE1;AFAP1;EPB41;ZNF33A;SLC38A1;MAML3;ACVR2B;CHML;CBFA2T2;NAV1;RUFY3;CSRNP3;ZFTA;SOX4;ZHX1;PCDHGC3;ATOSA;SYT7;TMTC4;AUTS2;SCN3A;LCOR;ZNF737;THSD7A;NCAM1;ZNF117;CHN2;PLEKHA6;PDP1;KCNH8;STXBP5;RHOU;SCN8A;MAP1B;PTPRG;IGFBPL1;NEDD4L;KIF21B;SOX5;RBFOX2;FOXP2;MIB1;XIST;NOVA1;TOX3;CADPS;GFRA1;RAB11FIP4;ZNF195;VAV3;PAPPA;CASD1;VWA5A;CDC42EP3;RELN;RND3;ANK2;TES;NFASC;TSPAN11;CXADR;MAP6;GREM2;DPYSL3;POU6F1;ASXL3;EDIL3;CRACD;VASH2;NSG1;BHLHE22;MCF2L;GRM8;ZFHX4;SLC46A3;MAP3K9;ST6GAL1;SLC22A15;ATL1;EBF1;NAPB;NFIX;PHTF1;ROBO1",1.8019923810599054,3.866069645883098e-6,TRUE,
"MENON_FETAL_KIDNEY_4_PODOCYTES",199,0.31769452514463836,1.6971713899813672,1.055195300109931e-5,4.4027114245966085e-5,"PARD3B;BAZ2B;PRRC2C;KMT2E;NORAD;ARHGEF12;DST;MPHOSPH8;KMT2A;FNDC3B;PLCE1;KTN1;RAD50;CRIM1;STT3B;NES;PCMTD2;PHACTR4;GOLGB1;SLK;CD2AP;PTPRD;PLA2R1;SEPTIN11;UACA;LUC7L3;PHIP;PTBP3;TJP1;MAN1A2;SRRM2;ROBO2;ADD3;CAST;NEBL;ANKRD12;DDX17;TTC14;GOLIM4;YIPF4;ANKRD11;ITGB1;AHNAK;RFC1;HIPK2;THSD7A;NPNT;LRRFIP1;ARMCX3;RBMS1;SERINC1;RASSF8;TMEM150C;NFE2L1;ITIH5",1.8938532704161986,7.7981531826219e-7,TRUE,
"HAY_BONE_MARROW_EOSINOPHIL",55,-0.5642331845247801,-2.0444255524965023,1.0936395613831349e-5,4.537041837509462e-5,"BLOC1S1;COX8A;SNHG25;TMEM160;RPN1;MZT2B;NDUFA3;MRPL23;PHPT1;NDUFS6;H1-10;ALYREF;NT5DC2;LGALS1;RPLP1;NDUFB11;ANKRD13D;MBD3;KIF22",-2.083158398129416,1.810525434674746e-5,TRUE,
"DESCARTES_MAIN_FETAL_LYMPHOID_CELLS",118,-0.45497975347147596,-1.8561139093411914,1.2467678332338245e-5,5.142917312089526e-5,"PFN1;NOSIP;USP30-AS1;PSMB10;NKG7;GZMA;GZMH;RPS10P3;LINC01871;RHOF;CD7;PRF1;GRK6;CD48;ISG20;APOBEC3H;GZMM;S1PR4;NCF1C;TBX21;CORO1A;FASLG;CD52;PSMB8-AS1;RPS2P5;GBP5;CXCR3;LIMD2;MYO1G;PCED1B-AS1;CRTAM;CXCR4;TBC1D10C;ARHGAP9;TRGC2;MATK;SH2D2A;ARHGDIB;NCF1B;CTLA4;IL18RAP;FMNL1;GZMK;ITGB7",-1.7375112333310467,7.932977287930085e-4,TRUE,
"DURANTE_ADULT_OLFACTORY_NEUROEPITHELIUM_RESPIRATORY_HORIZONTAL_BASAL_CELLS",29,-0.655941517407091,-2.1167538579436678,1.3188041768965988e-5,5.409332386592829e-5,"PKM;S100A16;MT1X;SLC25A5;PRDX1;SFN;HSPB1;KRT18;ANXA2;PHLDA2;KRT8;S100A11;KRT19;ALDH3A1;LYPD3;KRT6A;CLDN4;TACSTD2;SERPINB5;ATP1B3;AQP3;ANXA1;S100A2;FXYD3",-2.1986648131457156,1.3240474345440502e-5,TRUE,
"AIZARANI_LIVER_C25_KUPFFER_CELLS_4",173,-0.41106167704456603,-1.7645408949500696,1.4448672654153008e-5,5.893110307255665e-5,"GPX1;TMSB10;HLA-DMA;CST3;ACTB;FTH1;NPC2;HLA-DQB1;HLA-DPB1;HLA-DRB1;TYROBP;HLA-DRA;HLA-DRB5;CXCL8;HLA-DMB;CIITA;SLC15A3;LST1;GRN;ARRB2;METRNL;HLA-DPA1;RNASET2;HSPA6;HLA-DOA;LGALS9;FCER1G;CXCL16;LAPTM5;PPT1;RILPL2;IL1RN;CXCL3;S100A11;CXCR4;IL1B;SLC11A1;LYZ;SRGN;HLA-DQA1;CPVL;IGSF6;PMAIP1;AIF1;PLEK;ITGB2;PLAUR;EMILIN2;TNFSF13B;HCK;FCGR2A;LILRB3;LYN;SERPINB9;NCF2;FPR1;PSAP;CLEC4E;CD83;RNF144B;CD86;FGR;MAP3K8;ATP1B3;SAMHD1;IL1R2;SAT1;AHR;RGS2;LILRB2;RNASE6;ANXA1;MAFB;ITGAX;C5AR1;C1orf162;THEMIS2;CD55;IRF8;LILRB1;NLRP3;COTL1;GZMB;VIM",-1.4297533822627855,0.02329754182843998,TRUE,
"DESCARTES_MAIN_FETAL_RETINAL_PIGMENT_CELLS",94,0.4131457202025173,1.9841590169721333,1.5750291346825005e-5,6.388106993181538e-5,"PARD3B;SMC6;DOCK7;PLCE1;ATXN1;TRPM7;TEX2;DMXL1;ABCC5;ADAMTSL3;SNX25;SCAI;GEN1;CRPPA;MROH7;APOLD1;VAT1L;SPDYE5;APC;TTLL4;AK5;CRISPLD1;LINC01579;LINC01359;CYB5RL;ZNF92;TYRP1;ITGAV;COL8A1;SLC38A11;NBEA;EFR3B;PARD6B;MLANA",1.8687811436900619,1.5511959434216937e-4,TRUE,
"DURANTE_ADULT_OLFACTORY_NEUROEPITHELIUM_UNSPECIFIED",32,-0.6351304874050588,-2.095651200174511,1.6473635918549918e-5,6.644366487148466e-5,"DYNLL1;DYNLT1;TUBB4B;H2AZ1;CIB1;PIERCE1;ATP5IF1;TUBA1B;PRDX1;TUBB;SPMIP6;TPPP3;PTTG1;RSPH1;MORN2;ALDH3A1;TUBA1A;CALM2;PPA1;PRDX5;CALM1;S100A2;CAPS;GSTA1;CETN2",-2.1127602011640967,4.4227215792317794e-5,TRUE,
"DESCARTES_FETAL_KIDNEY_LYMPHOID_CELLS",146,-0.4206701701232567,-1.7772964515492806,1.8195003037677207e-5,7.298106190803123e-5,"PLAAT4;RPLP0P6;TNFRSF18;PARD6A;NKG7;GZMA;MT1X;BAK1;APOBEC3G;CRIP1;CD3D;PLEKHF1;CD7;CTSW;PRF1;HLA-F;ISG20;LCK;GZMM;S1PR4;TBX21;CD52;SEPTIN1;CD8A;TRBC2;CD247;ADA;MYO1G;CLIC3;CRTAM;GFI1;DUSP2;SIRPG;CXCR4;CD3E;MATK;SH2D2A;LTB;ZAP70;RHOH;DDTL;CD2;SIT1;GZMK;RPSAP12;EOMES;ACAP1;IL2RB;TNFSF14;IL2RA;TERT;SH2D1A;SASH3;TRAPPC14;GPR68;TIGIT;LTA;C16orf54;IL21R;S1PR5;RASD1;CD69;MYOM2;CD3G;SKAP1;TMIGD2;RASGRP1",-1.6461765341946624,0.0011005612144925877,TRUE,
"AIZARANI_LIVER_C14_HEPATOCYTES_2",147,-0.4271018949259828,-1.8091422666082317,1.9208685234721744e-5,7.662365648575817e-5,"ETFB;SOD1;F12;UQCRQ;MTHFS;SLC27A5;GRHPR;MT2A;ECHS1;CP;RDH16;MT1X;DCXR;MPST;APOC1;IFITM3;ANG;MT1E;PCBD1;CYB5A;QDPR;GADD45G;APOE;NNMT;PLA2G2A;MPC1;SAA1;LDHA;CPS1;ASS1;C2;SDS;REEP6;PEBP1;ADI1;ATF5;SHMT1;SAA2;RARRES2;RBP4;TST;ATP5PF;NIPSNAP1;MT1F;GPX3;AMBP;PTMS;CFB;HAAO;SERPINF2;FBP1;GJB1;GAMT;APOM;PRAP1;ASGR2;LRG1;MT1G;ACAT1;PON3;MGST1;CYP2D6;SERPINA1;C4BPB;GPX2;GSTA1;TDO2;ALDOB;CRYL1;BNIP3;MT1H;IGFBP4",-1.9523828516105886,1.5278752796749514e-6,TRUE,
"HAY_BONE_MARROW_DENDRITIC_CELL",173,-0.409335529713361,-1.7571311612611518,1.9445875868862197e-5,7.714593377483036e-5,"ATG101;HLA-DMA;PPP1R14B-AS1;PPIB;CST3;CD74;HLA-DQB1;HLA-DPB1;HLA-DRB1;TRAF4;HLA-DRA;SEC61B;LGMN;HLA-DRB5;HLA-DMB;PARK7;IRF7;COMT;CIITA;DNAJC4;CFAP119;PPP1R14B;UNC93B1;HLA-DPA1;TNNI2;BRK1;LRRC26;SPNS3;MIF4GD;SEC61G;P2RY6;VEGFB;ERCC1;SCAMP4;SPINT2;CXCR3;PPM1J;OSTC;RPS6KA4;C1orf54;GNA15;SHD;SPCS1;PLP2;SNX3;HLA-DQA1;ALOX5AP;LILRB4;CRYM;CADM4;TMEM109;TSPAN13;PTMS;LSP1;CIB2;SERPINF2;UPK3A;HLA-DQA2;TMED10;EGLN3;NEK8;MYBL2;IL1R2;IDH3A;ST14;C12orf75;PLVAP;RNASE6;SSR1;TXN;SLC9A7;NDRG2;SLC15A4;IRF8;MAPKAPK2;MILR1;PARVG;ITM2C;SLC4A3",-1.675766450068483,3.7240573110375867e-4,TRUE,
"SU_HO_CONV_CENT_CHONDROSARCOMA_LEUKOCYTE_C3_SKELETAL_PROGENITOR_LIKE_CELL",276,-0.36332612592661573,-1.6247666826273344,2.5862985180923634e-5,1.0204634370299217e-4,"C12orf57;MYDGF;PEMT;YIF1A;MTX1;PSMB5;BCL7C;RPS14;S100A13;PRDX2;SSR2;VKORC1;PHPT1;RPS10;CNIH4;MRPL11;ISOC2;SELENOM;TMED1;YIPF2;ABT1;ZFYVE21;CD320;NDUFA4L2;IFT22;MED10;REXO2;MT1E;FBL;MDK;S100P;NNMT;PRDX4;SNHG32;TIMM50;COX7A1;KRT10;RHOD;SOD3;OXA1L;PYCR1;RPL9;C11orf96;SERPINH1;SMIM7;MT1M;DAP;EFNA1;TMEM9;BCAR1;EEF1A1;OSTC;SLPI;PTPA;AK1;CCT5;SNRPE;PLP2;PKIG;TRIM47;COL11A2;IGFBP7;NOL3;ANGPTL4;SDR39U1;RNPS1;P4HB;CHPF;CRIP2;KDELR3;SPTSSA;RCN3;MDFI;RPL11;COPS5;TPBG;NUCB2;KDELR2;MFGE8;WFDC2;PMP22;RGS3;EPB41L4A-AS1;CAV2;NRN1;UAP1;EFEMP2;EMP2;PCOLCE;BTF3;SPON2;PTGES;ERG28;CKAP4;TNFRSF11B;HNRNPA1L3;S100A1;P4HA2;SRPX;KRT10-AS1;RCN1;SOX8;SBSPON;RASD1;PCSK1N;CD55;TMEM263;VASN;TMEM14A;NDUFAF2;CTHRC1;ITM2C;PGF",-1.5099812209674461,0.001429484654033791,TRUE,
"DURANTE_ADULT_OLFACTORY_NEUROEPITHELIUM_SUSTENTACULAR_CELLS",33,-0.621082330857499,-2.058941479985937,2.821438017899929e-5,1.1072237843218099e-4,"VMO1;CXCL8;PI3;GSTP1;CYB5A;S100P;MUC5AC;KRT18;AGR2;MUC1;CXCL1;KRT8;KRT19;S100A14;POR;LCN2;TFF3;CLDN4;WFDC2;MT1G;MGST1",-2.0791006404393912,1.431066595548902e-4,TRUE,
"GAUTAM_EYE_CORNEA_ELF3_HIGH_EPITHELIAL_CELLS",143,-0.4161624542953021,-1.7479147885892738,2.9614315432670443e-5,1.1559136023719753e-4,"POLR2I;ATP5MF;COX6A1;NDUFB7;ATP5MJ;COX14;RBX1;UQCRQ;LSM4;COX7B;UBL5;MIEN1;NDUFB9;CCDC12;COA3;ZFYVE21;HES4;PRDX1;TMEM141;CRIP1;SELENOK;COMT;NDUFB2;RRAD;HSBP1L1;MT1E;CHMP2A;TAGLN2;METTL17;SREBF1;GJB5;CRB3;REEP4;ANXA2;MT1M;ATP5PD;S100A6;PEBP1;COX6C;NDUFA4;PLP2;IER5;ATP5PF;PAIP2;ATP5MK;MICOS10;BAG1;GLTP;PSAP;NDUFB3;ATP5F1E;RAP2B;EZR;PLEKHN1;SAT1;ADM;EMP2;KCTD1;ANXA11;SRD5A1;TXN;ARPC2;RAB40B",-1.7932029491423391,5.1289130927811334e-5,TRUE,
"BUSSLINGER_GASTRIC_IMMATURE_PIT_CELLS",157,-0.4135706425669935,-1.7648232294937585,3.333867217782168e-5,1.2943249198448418e-4,"PFN1;COX8A;BLVRB;DYNLL1;ACTB;CBR1;S100A16;VAMP8;MANF;PRDX1;CRIP1;GSTP1;SFN;CFL1;CLTB;ANG;IFI27;CD63;ARPC1A;S100P;TFF2;LMNA;CYSTM1;TMEM54;TAGLN2;HSPB1;SH3BGRL3;TRNP1;KRT18;ACTG1;AGR2;MUC1;JPT1;CLIC1;SPINT2;S100A6;CSTB;MAPK3;IL1RN;PLA2G10;KRT8;MGST3;S100A11;RNASE1;TMSB4X;KRT19;TESC;TST;CAPG;S100A14;ALDH3A1;CALM2;TACSTD2;EFHD2;KDELR2;REG4;TFF1;RHOA",-1.7141483272411697,3.6175727127563004e-4,TRUE,
"FAN_OVARY_CL1_GPRC5A_TNFRS12A_HIGH_SELECTABLE_FOLLICLE_STROMAL_CELL",379,-0.3437293402995596,-1.5700265295423126,3.586504548645303e-5,1.3850012246364307e-4,"RPS5;TRIR;C1QBP;ATG101;UBB;NME1;SNU13;RPL18;TUBB4B;H2AZ1;RPL8;RPLP0;RACK1;WDR74;RAN;RPS9;EIF3I;H2AX;ENO1;SNRPB;SELENOM;COPS3;EIF4A3;PSMC4;AHSA1;NOP16;RPL7A;NXT1;ATP6V0D1;HSPE1;SERTAD1;PRDX1;RPSA;MGAT1;MRTO4;CLTB;CD63;TIMP1;RPL10A;FBL;CYTOR;GLA;BST2;LMNA;RPL13A;DUSP14;YBX1;SNHG32;CTSL;CCT2;ACTG1;TOMM40;LDHA;MRFAP1;ILF2;RPL9;C11orf96;RPL10;FKBP4;HNRNPAB;YBX3;TUBA1C;EEF2;UBC;BAG3;RPL5;ELOC;CNBP;GLRX;TMEM70;DNAJA1;NGDN;EEF1A1;HNRNPF;IMPDH2;WTAP;TNFRSF12A;CCT3;CCT5;DIRAS3;STIP1;RARRES2;GRPEL1;ATF4;MRPL32;NOP56;NAA20;KRT19;PA2G4;RNPS1;TMEM165;EWSR1;COLEC11;ANXA5;TXNL1;MAP2K3;LRRC59;HSPA8;TUBA1A;MARCHF3;RPL24;TUBB6;SPTSSA;FUNDC2;WDR1;SNHG15;NACA;TPT1;HNRNPM;XBP1;XRCC6;MTHFD2;PPP2CA;TNFRSF1A",-1.537913544786606,3.1482546244555225e-4,TRUE,
"SU_HO_CONV_CENT_CHONDROSARCOMA_C2_STROMAL",165,-0.40496357803038585,-1.7342618225401927,3.6060391418502425e-5,1.3851769402027916e-4,"MTFP1;TIMM8B;MYL6;RNF181;VAMP5;PSMB8;DCTN3;BAD;ETFB;ZSCAN16-AS1;IDH3G;TAX1BP3;LY6E;DPCD;NUDT1;RNASEH2C;MRPL14;CSNK2B;ATP5IF1;TMEM256;GSTO1;DMAC1;S100A16;CDC42EP1;SMCO4;ZNHIT1;INAFM1;HSBP1L1;SAT2;TIMP1;ALDOC;IFITM2;IFITM1;ATP5F1C;SOD3;R3HCC1;ARL3;NDUFB4;AAMDC;TPST2;PTGDS;PGAM1;HPCAL1;RARRES2;NOL3;CUEDC2;SFT2D1;MGMT;PDLIM7;GTF2H5;TNFAIP6;PDLIM2;PDLIM4;RCN3;IBSP",-1.6363883544786315,0.001111330668567719,TRUE,
"MANNO_MIDBRAIN_NEUROTYPES_HRGL2B",346,0.26217075011580304,1.529751996420956,4.034726221942063e-5,1.5416901248052302e-4,"PARD3B;GAB1;PTCH1;OPHN1;EPB41L4B;EDNRB;BCLAF3;NCKAP5;CMTM4;PEAK1;PRKD3;UBL3;NES;ERVK13-1;XYLT1;COL4A5;SALL1;MAML2;ILDR2;YAP1;FAT1;ITGA6;SERINC5;EGFR;LIFR;INHBB;ABAT;REST;SNCAIP;NFATC2;CEP126;LUZP2;LTBP1;ITPR2;HDAC4;AHNAK;CCDC146;PDE1C;SERPINE2;ZMAT1;CSMD2;ATP2B4;MYORG;TCF4;BCAN;NLGN4X;RFTN2;LRP1;BRCA1;EPHA3;GNG12;CDH13;KCNN3;SPAG1;CSPP1;ARAP2;SPATA6;PLPP3;PDLIM5;MCC;CENPE;STON2;SESN3;MKI67;SOX5;HSDL2;AKAP7;CFAP44;TPX2;ZBTB2;DNAH6;ELN;HEATR5A;TAOK3;KIF15;SOX9;FGFR3;LRRC37A3;ID4;SGO2;ITPKB;CSGALNACT1;CREB5;JAM2;ATP1A2;NOTCH2;TNS1;KIF14;ACSL6;HAS2;MNS1;SPARCL1;GPM6B;ATP1B2;DTX4;LRATD2;POU6F1;SEL1L3;ZFP36L2;KLF9;SRGAP3;TRIL;TMT1A",1.6185205529620916,2.7934791662273226e-5,TRUE,
"HE_LIM_SUN_FETAL_LUNG_C4_ACTIVATED_NK_CELL",47,-0.5636593688602494,-1.9961601008868806,4.5044125678282964e-5,1.7121484420122216e-4,"NME1;TNFRSF18;PIM3;PUS1;MRTO4;BCL2A1;RAMP1;TNFRSF4;RRP9;TSPAN17;SNX8;ICAM1;HAVCR2;CRTAM;UCK2;TMEM120A;CD72;STX11;FABP5;MIR155HG;TNFRSF9;CD82;SFXN4",-1.8715003628596019,0.0010239474063722732,TRUE,
"ZHENG_CORD_BLOOD_C4_PUTATIVE_EARLY_ERYTHROID_COMMITMENT",94,0.4003692370733088,1.92279913118272,4.6959857101045325e-5,1.7756695966332763e-4,"RAPGEF2;ELF1;FOXO3;PRKACB;PBX1;STK4;PHACTR4;ITPRID2;SKIL;MOB1B;ZMYND8;DDX21;PDZD8;G3BP2;PNN;NLK;MLLT3;NOP58;CDK6;CELF2;KIT;SESN3;BMP2K;ZNF711;ETS2;MYCT1;IKZF2;ITGA4;ABCA1;EREG;CPA3;SLC40A1;ERG;MYB;CRACD;TNIK;RSBN1;MAN2A2;SPTY2D1;LEPROT;PHTF1;ZEB2;TAF1D",2.1287562683861743,2.384787498969643e-6,TRUE,
"HE_LIM_SUN_FETAL_LUNG_C0_MYL4_POS_SMC_CELL",111,0.3702429722037782,1.8398073036552511,4.8286395508886924e-5,1.8163690745830004e-4,"KLF7;TACC2;NKD1;CLSTN2;SEMA3C;TRAF5;HHIP;FHDC1;MYOCD;ALKAL2;ZEB1;CDH6;CEP120;SLMAP;FENDRR;IRAG1;SORBS1;RALGPS2;ARL4A;CAVIN2;ALKAL1;NET1;HHIP-AS1;FOXP2;ENC1;SYNPO2;CXCL14;SSC5D;MIR99AHG;MYH11;GNPTAB;ADAM19;CARMN;CDC42EP3;TYRP1;GPR20;PMEPA1;TES;COL12A1;GREM2",1.8711767747071613,7.948107185303408e-5,TRUE,
"DESCARTES_FETAL_SPLEEN_VASCULAR_ENDOTHELIAL_CELLS",37,0.538730729101845,2.1289446357327435,5.396961253125793e-5,2.019687561736766e-4,"PTPRB;RGS7BP;KIAA1671;MAGI1;GCOM1;RAPGEF5;MECOM;SNCAIP;LINC01594;MYRIP;THSD7A;ALG1L6P;ADAMTSL1;CALCRL;CYYR1;NOSTRIN;ERG;TRPM6;DGKE;KLHL4;SIPA1L1;ADGRL4;AFAP1L1;MIR34AHG;TMEM233",2.471472481344626,1.3838354864224437e-6,TRUE,
"MENON_FETAL_KIDNEY_5_PROXIMAL_TUBULE_CELLS",107,-0.4506280753589654,-1.81785849224886,5.511118725184055e-5,2.0518318946069865e-4,"AKR1A1;RNF181;LAMTOR5;DNPH1;ETFB;ATP6V1F;TUBB4B;MSRB1;CYBA;FTH1;NPC2;ATP5IF1;NDUFC1;TPT1P9;HSPE1;CALM3;CYB5A;APOE;FTLP3;PCBP2;SNHG29;SNHG8;CITED2;OCIAD2;ATP5PD;RPS2P5;SPINT2;RPL14P1;SPP1;DYNLRB1;AIG1;IGFBP7;MRPL32;ATP5PF;NIPSNAP1;CTSB;ODC1",-1.856002371035897,9.948848082967739e-5,TRUE,
"HE_LIM_SUN_FETAL_LUNG_C3_GRIA2_POS_ARTERIAL_ENDO_CELL",107,0.3736725559978796,1.8468265897458929,6.290630960486179e-5,2.327534722306121e-4,"COBLL1;FAT4;ATP13A3;CDK19;SULT1B1;PREX2;KL;PIK3C2B;MECOM;SLC6A6;PDK3;LTBP1;TMEM100;SMAD7;SERPINE2;TMC7;THSD7A;SYNJ2;MYO1E;RAVER2;EPS8;ADAMTSL1;BMF;SORBS2;MCC;RAPGEF1;DKK2;TRAK1;FILIP1L;MET;SNX18;TNFRSF19;SIPA1L2;SEMA3G;LPCAT2;MERTK;GIPC2;SYNPO;GCNT1;ABCC4;GFOD1;CYTH3;UNC5B;SOX6;C7",2.0667740642919297,8.587461168616962e-6,TRUE,
"DESCARTES_FETAL_CEREBRUM_MICROGLIA",372,-0.33616600841276845,-1.5326689241243825,6.315762263006967e-5,2.327534722306121e-4,"BLVRB;TYMP;BATF3;CD74;IGFLR1;SLC2A5;NINJ1;TYROBP;LGMN;APOC1;HLA-DMB;IL12RB1;SOWAHD;RNPS1P1;BCL2A1;SLC15A3;C1QC;UNC93B1;ARRB2;CD48;RYR1;HSPA6;OSM;C1QA;CORO1A;SPNS3;S100A8;PDCD1;P2RY6;S100A9;C2;ZMYND15;TREM2;CD300LF;FCGR1A;SPI1;SPP1;CXCL16;MYO1G;TMIGD3;TNFAIP8L2;PPT1;OSCAR;IL1RN;PCED1B-AS1;GYPC;PIK3AP1;HAVCR2;GPN3;UAP1L1;AP1B1;ALOX15B;HK3;IL1B;SLC11A1;ACY3;LYZ;P2RX4;SP140;FCGR3A;CAPG;CPVL;BATF;C5AR2;NCF1;ARHGAP9;AIF1;CTSB;FOLR2;ITGB2;LAT2;LILRB4;VSIG4;GPR84;TREM1;LINC02611;RAB20;CDKN2A;RCN3;LRRC25;NCF4;PCK2;CYTH4;RAB42;ATG7;SELPLG;GBP2;CTSC;LILRB3;TMCO4;MS4A4A;CASP1;TRPM2;NCF2;LILRA2;FMNL1;LY96;HMOX1;CD83;IFI30;PDCD1LG2;CD86;ADPGK;CACNA2D4;CHIT1;SLC7A7;IL1A;LAIR1;RPS6KA1;SIGLEC14;ST14;C12orf75;ITGAM;GAL3ST4;MKNK1;NFAM1;SERPINA1;LILRB2;PLVAP;RNASE6;CD37;GPR65;GLIPR1;ITGAX;CSF1;SMAP2;SASH3;PRR13P5;S100A1;C5AR1;C19orf38;MS4A6A;MYO1F;APBB1IP;TMEM86A;ITGB2-AS1;ACP3;ADAP2;TRIM22;SLC29A3;IRF8;LY86;CD33;ALDH3B1;IRF5;MILR1;LINC02985;PARVG;LILRB1;CEACAM21;GPR132;EBI3;SUCNR1;GPNMB;TMIGD2;TMEM273;VAV1;SIGLEC10;CSF2RA;HFE;SIRPB1;SLC37A2;PLA2G7;ITGAL;SIGLEC8;CSF3R;HMGA1P4;PTPRN2-AS1",-1.2906028431712404,0.03936899381751242,TRUE,
"FAN_EMBRYONIC_CTX_BRAIN_B_CELL",95,-0.46530455461699116,-1.856600366451686,6.446285627094435e-5,2.3636380632679593e-4,"PSME1;HLA-DMA;PSMB9;PSME2;CD74;HLA-DQB1;HLA-DPB1;HLA-DRB1;HLA-DRA;HLA-DMB;CRIP1;RAC2;HLA-C;RPL13A;TAGLN2;PTPN6;HLA-DPA1;GAS5;CD48;HLA-A;ISG20;NCF1C;CORO1A;CD52;SEPTIN1;LIMD2;HLA-B;CXCR4;PDLIM1;SP140;CYB561A3;CD72;NCF1;BTG1;EEF1D;LTB;LSP1;RHOH",-1.6292545822776203,0.008835815158407211,TRUE,
"ZHONG_PFC_C1_OPC",232,-0.36808441600326414,-1.6275416782286654,6.680356591291342e-5,2.4346342476452382e-4,"CENPM;EMC9;DYNC2I2;POLA2;AURKB;TUBB4B;NUDT1;H2AZ1;MT2A;PPIF;TK1;H2AX;CDC20;CDCA4;S100A16;LGALS1;PLK1;TUBA1B;CKS2;IFT22;CENPW;NRM;CKS1B;CHTF18;POC1A;DTYMK;MXD3;PRC1;PIMREG;EMP3;PCNA;ASF1B;RNFT2;TMEM106C;TMEM18;BUB3;BIRC5;CDCA8;CDCA3;LDHA;CCNB1;RAD51;PSRC1;UBE2S;REEP4;MAP2K2;TUBA1C;CCNF;CCNB2;KIF22;GUSB;CDKN3;PTTG1;AAMDC;UBE2T;H2AZ2;GINS2;PIF1;NUP37;KIFC1;UHRF1;NMU;TACC3;TROAP;HMGN2;TUBB6;PHF19;KIF2C;NRAV;KNSTRN;OIP5;HMGB2;CDKN2C",-1.6320121581807683,2.28971647499112e-4,TRUE,
"DESCARTES_MAIN_FETAL_OLIGODENDROCYTES",26,0.6102842774203254,2.167092094657464,6.706981398471731e-5,2.4346342476452382e-4,"TRIO;CAMSAP2;BCAN-AS2;CASK;PDGFRA;BCAN;CHAD;MMP16;BCAS1;NOVA1;LHFPL3;SHC3;SOX6;COL9A1;EPN2",2.1660721463889954,1.9791809927944667e-4,TRUE,
"DESCARTES_FETAL_INTESTINE_LYMPHOID_CELLS",123,-0.42838636158152815,-1.7608815251630074,7.392925844089252e-5,2.670280678014327e-4,"GNLY;ITGAE;TNFRSF18;NKG7;GZMA;IL4I1;CD3D;PLEKHF1;LINC01871;ALDOC;CD7;CTSW;PRF1;LCK;GZMM;S1PR4;TBX21;FASLG;CD52;SEPTIN1;CD8A;TRBC2;GBP5;CD247;CXCR3;KLRD1;MYO1G;PCED1B-AS1;CRTAM;SIRPG;SLA2;TBC1D10C;CD3E;TRGC2;MATK;SH2D2A;CXCR6;UBASH3A;LTB;ZAP70;KRT86;CD2;SIT1;IL18RAP;GZMK;EOMES;ACAP1;IL2RB;IL2RA;LINC02384;SH2D1A;CD6;GPR68;SYTL1;LTA;RGL4;IL21R;CD69;CD3G;CD96;SKAP1;TMIGD2",-1.5978379879702922,0.006062746852958734,TRUE,
"DESCARTES_FETAL_LUNG_SQUAMOUS_EPITHELIAL_CELLS",160,-0.4066657610003992,-1.7384244330565188,7.788667200443258e-5,2.799293261149408e-4,"NAPRT;MT2A;CNFN;FTH1;ETHE1;HES4;WFDC21P;MT1X;KRT16;SFN;MT1E;MIEF2;TMEM54;METRNL;SGTA;PITX1;PRSS27;FABP3;KRT17;S100A9;YBX3;EIF1;AMN;GABRP;KLC3;YPEL3;PI4K2A;CLIC3;IL1RN;AVPI1;TRMO;IER5;RRAGC;CYSRT1;KRT19;TRIP10;FAM83A;PPDPF;PAX9;LYPD3;GJB2;LCN2;HEBP2;FUT3;SERINC2;TACSTD2;PPP1R13L;GLTP;KRT15;RDH13;OSGIN1;SERPINB5;LDAF1;NIBAN2;MT1G;SSH3;PRSS22;KLHL21;PLEKHN1;HOPX;PTGES;S100A2;APOBEC3A;FUT6;MARCO;SDCBP2;NDRG2;OAS2;B3GALT5-AS1;PKP1;MT1H;MAL;PHLDB3;TMEM80;BEST1;FAM3D;MUC4;ECM1;GCNT3;PHLDA3;TMEM79;RLIG1",-1.6903220725436554,7.094472263320997e-4,TRUE,
"HE_LIM_SUN_FETAL_LUNG_C0_MYOFIBROBLAST_2_CELL",84,0.39400540652198923,1.8484551360012043,8.62295210860707e-5,3.0838735127333656e-4,"SLC26A2;NKD1;SEMA3C;MYOCD;SLCO2A1;NOTUM;PLXNA4;ZEB1;PLEKHG1;FENDRR;C1QTNF7;TMEM100;ITGA9;PLXNA2;SORT1;RUNX1;MCTP2;ALKAL1;ENC1;CXCL14;EOGT;SSC5D;LRP4;MYH11;PAG1;FAM118A;WNT11;SNED1;TYRP1;COL12A1;SYT1;LTBP2;WNT5A;REEP1;FGF18;ITPRIPL2;SLC4A4;RAI2;THBD;ABR;COL24A1;ARHGAP6;MPP1;ADAMTSL2;PLPPR4;SLC9A6;LEF1;KCNK5",1.8968477857729387,1.795041610226537e-4,TRUE,
"MURARO_PANCREAS_DELTA_CELL",195,0.2943535200803288,1.5685390315583334,9.430098520459473e-5,3.356005649928224e-4,"TTC3;ZKSCAN1;SORL1;PRKACB;ANK3;PREPL;INPP5F;PROX1;AHI1;SLC38A1;ABCC5;RUFY3;MBNL2;STAU2;IDS;RHOBTB3;PCLO;FHOD3;PLXNA2;ZMAT1;THSD7A;VAT1L;PJA2;SETBP1;NCAM1;CHN2;FTO;RUNX1T1;CEP41;DNAJC6;MAP1B;EYS;ADGRL2;MCC;RCAN3;SESN3;FANCF;FOXP2;AKAP12;PCK1;CADPS;RIPPLY3;PRSS23;JAM3;HTATSF1;LEPR;ABI3BP;MAP9;VWA5A;PNMA8A;LRCH2;EPHX2;SCRN1;MAP6;DYNC2H1;SYNE2;ICA1L;DPYSL3;NBEA;CXXC4;SYT1;LCORL;ARFGEF3;NSG1;BEX4;UNC5B;NAP1L3;EHF;PAIP2B;C14orf132;ACVR1B;BHLHE41;MTURN;PNRC2",1.8064115584278426,3.171888856772206e-6,TRUE,
"SU_HO_CONV_CENT_CHONDROSARCOMA_STROMAL_C4_CANCER_ASSOCIATED_FIBROBLAST",155,-0.4018278505297464,-1.7102007726188186,9.941986177796926e-5,3.5130983985737343e-4,"SERF2;RABAC1;YIF1A;VAMP5;LSM7;JTB;OST4;CRELD2;TAX1BP3;GPX4;PPIB;HCFC1R1;NDUFS6;COPS9;ISOC2;LAMTOR2;C1orf122;SEC61B;IFT20;TMED3;SMCO4;MDK;RAC3;GRN;FKBP11;PYCR1;CTSZ;P3H1;OSTC;MYL12B;GLIPR2;GAS6;NDUFA4;SEC61A1;PSMA4;CHPF;NME4;PDLIM7;CTSB;P3H3;UROS;P3H4;PDLIM2;RCN3;PTX3;SSR3;EGFL6;NUCB2;KDELR2",-1.5277245025504118,0.008323377866781473,TRUE,
"DESCARTES_FETAL_STOMACH_LYMPHOID_CELLS",75,-0.4727348718192386,-1.8063685605933189,9.96829573149021e-5,3.5130983985737343e-4,"NKG7;GZMA;CD3D;RAC2;CD7;CTSW;LCK;GZMM;S1PR4;CORO1A;CD52;SEPTIN1;TRBC2;CD247;AGAP2;MYO1G;PCED1B-AS1;SIRPG;TBC1D10C;CD3E;MATK;LTB;ZAP70;RASAL3;CD2;IL2RB;TAP2;SH2D1A;CD6;GPSM3;SASH3;LTA;OAS2;IL21R;CD69;FAM78A;CD3G;SKAP1;TMIGD2;MFNG;GATA3;PYHIN1;ICOS;TRAT1;CD27;CHI3L2;CD79B;ICAM3",-1.7180067065637201,0.0016788069882016378,TRUE,
"DESCARTES_FETAL_THYMUS_VASCULAR_ENDOTHELIAL_CELLS",118,0.35233163834192316,1.769520843260784,1.0020345447719579e-4,3.5143820265915045e-4,"PTPRB;EPAS1;KDR;FGD5;GNG12-AS1;PROX1;HMCN1;PREX2;ITGA6;MPDZ;MECOM;DOCK9;MYRIP;MYO1B;THSD7A;SHE;FLT1;EMCN;A2M;GASK1B;PPARG;RFTN2;ADGRF5;TEK;CAVIN2;KALRN;FGD4;HIF3A;COL4A1;MPP7;MET;ZNF521;MYCT1;NR3C2;LDB2;PCDH17;RELN;CALCRL;TLL1;ERG;ADAMTS9;NALF1;PRELID2;DIPK2B;WASF3;EGF;SEMA3A;COL15A1;ARAP3;PGM5;PTPN14;MMRN1;AOC3;ARHGAP29;PKHD1L1;LYVE1;ADGRL4;ELK3;APLNR",2.08144076849904,2.3491726118764213e-6,TRUE,
"DURANTE_ADULT_OLFACTORY_NEUROEPITHELIUM_MATURE_NEURONS",144,-0.40146538889831057,-1.6902416002592693,1.1802359143167314e-4,4.1194772778555146e-4,"NICOL1;COQ4;ATOX1;WDR54;PAFAH1B3;COX5B;PSMC5;ADISSP;MIEN1;CCDC157;P4HTM;HAGHL;CUTA;CALM3;SPMIP6;IFI27;ENO2;CYSTM1;SNAPIN;KIF9;R3HCC1;ARL3;IFI27L2;KIF22;CENPV;SPINT2;PDE6D;TPPP3;IFT27;RSPH1;ATF5;CALB2;KLC2;TOM1;MGST3;IGSF8;SELENOT;CYB5R1;MORN2;GDI1;OSCP1;TUBA1A;MT1F;GABARAPL2;PODXL2;CALM2;IP6K2;PSAP;PPA1;FAM131C;TSPAN3;IMPDH1;TRIB3;EFNA3;GNB1;CALM1;CBX4;CAPS;COMMD8;CACNB3;GPX2;APLP1;UCHL1;PCSK1N;CETN2",-1.743670648086063,2.0655344148326395e-4,TRUE,
"BUSSLINGER_ESOPHAGEAL_EARLY_SUPRABASAL_CELLS",77,-0.4791479207340451,-1.8436855073065581,1.2449394123241014e-4,4.3186448974545465e-4,"H2AZ1;MT2A;RAN;ENO1;SLC25A5;RPLP1;TUBA1B;TUBB;RPL10A;FBL;PRC1;ATP5MC3;RPL13A;RPS6;PCNA;YBX1;TKT;CCNB1;HNRNPAB;RPS3A;RPL5;EEF1A1;HNRNPF;PTTG1;CSRP2;RPL15;CCT5;H2AZ2;HSPA8;PTMA;IMPA2;DUT;B2M;CALM2;HMGB2",-1.7449919210357936,0.0011268882431746455,TRUE,
"TRAVAGLINI_LUNG_NATURAL_KILLER_T_CELL",27,-0.6296252447792262,-2.0057175201198403,1.2491948050488358e-4,4.3186448974545465e-4,"GNLY;SOCS1;TNFRSF18;NKG7;ZNF683;HLA-C;CD7;CTSW;PRF1;CXCR3;MYL12A;KLRD1;CRTAM;DUSP2;SLA2;CXCR4;B2M;KRT86;IL2RB;HOPX",-1.9090924172365402,0.001770971306206567,TRUE,
"ZHONG_PFC_MAJOR_TYPES_NPCS",135,-0.4248251482490494,-1.77182614951327,1.2770507907509655e-4,4.394023099929863e-4,"CENPM;MCM5;DYNC2I2;AURKB;TUBB4B;H2AZ1;GNG5;H2AX;CDC20;SNRPB;CDCA4;TUBA1B;CKS2;C19orf48P;CENPW;CKS1B;MCM7;MDK;DTYMK;PRC1;PIMREG;TAGLN2;FEN1;PCNA;HSPB1;BUB3;BIRC5;CDCA3;LDHA;CCNB1;CCNB2;KIF22;CLIC1;CDKN3;PTTG1;UBE2T;H2AZ2;RPA3;GINS2;MCM2;UHRF1;TACC3;HMGN2;KIF2C;KNSTRN;DUT;OIP5;HMGB2;CENPN;MCM3;CDCA5;ZWINT;EOMES;PCLAF;GMNN;MAD2L1;CCNA2;MCM4;RCN1;CENPU;NDC80;OTX1;SPC25;HJURP;UCP2;MELK;PBK;VIM;RRM2;TMEM98;ORC6",-1.8265960101291636,1.309090888968557e-4,TRUE,
"MURARO_PANCREAS_ENDOTHELIAL_CELL",360,0.25512480695218154,1.497437599454781,1.3047668932085626e-4,4.4491039466499634e-4,"DENND11;MRTFB;GAB1;CBL;BMPR2;PTPRB;TGFBR2;ARHGEF12;SLC26A2;ERBIN;LUZP1;MACF1;JAK1;GARRE1;EPAS1;RGS5;ANKRD50;PGM2L1;LAMC1;KDR;ITGA2;SLCO2A1;NOL4L;KCTD20;UACA;LIFR;MEF2A;MECOM;REST;ZEB1;PLEKHG1;DAB2;SOX4;SMAD7;SNTB2;ANKRD11;SASH1;LAMA4;PLXNA2;NID1;KLHL24;SHE;FLT1;EMCN;A2M;GASK1B;TCF4;RBMS1;OLFML2A;PTPN12;CEBPG;RAPGEF4;CBLB;ADGRF5;KCNN3;TEK;DLC1;ADGRL2;SPTBN1;UTRN;HEG1;PLPP3;CD93;SWAP70;RAPGEF1;COL4A1;SNRK;KLF13;ITGA1;CCND1;EMP1;TP53INP2;PKP4;HIP1;ETS2;MEF2C;SKAP2;MYCT1;PRSS23;JAM3;SEMA3G;LDB2;ARHGAP23;MYLK;MYH9;TMEM47;RDX;KBTBD2;PMEPA1;ITGAV;CALCRL;ZNF532;PRDM1;IL6ST;TSC22D1;SPARCL1;F2R;DPYSL3;CYYR1;SYNPO;ZFP36L2;ESM1;ERG;FRMD4A;TCIM;ADAMTS9;LAMB1;YES1;RB1;MMRN2;FMNL3;CD34;COL4A2;BNIP2;NKX2-3;MCF2L;DIPK2B;SYNM;UNC5B",1.8796436378395605,1.000513597540545e-8,TRUE,
"CUI_DEVELOPING_HEART_COMPACT_ATRIAL_CARDIOMYOCYTE",15,-0.7301090945616271,-1.9933746215628678,1.305315620711353e-4,4.4491039466499634e-4,"RPL18A;GAPDH;RPL13;FTH1;RPL27A;YBX1;COX7A1;RPS3A;RPL31",-1.9081399554700906,0.001965185096975787,TRUE,
"MURARO_PANCREAS_PANCREATIC_POLYPEPTIDE_CELL",123,0.3494445964401064,1.752006022090877,1.3260480873173193e-4,4.498649118655952e-4,"PRKACB;INPP5F;REV3L;MAB21L3;PDK3;CEP126;SREK1;ZNF608;YPEL2;IDS;RHOBTB3;PCLO;ABCA5;THSD7A;CAMK2N1;PGR;PXK;CHN2;ADGRL2;FGD4;C1GALT1;BMF;FOXP2;AKAP12;SYNPO2;L1TD1;CTTNBP2;ATP8A1;TOX3;PTGFR;SLC6A4;ID4;CSGALNACT1;AMOTL1;TMEM47;PCDH17;ACSL6;TRMT9B;DPYSL3;SLC40A1;CXXC4;CACNA1H",1.8242106030168979,1.7562310994746457e-4,TRUE,
"DESCARTES_FETAL_MUSCLE_MYELOID_CELLS",113,-0.42765308023577964,-1.735124438703697,1.3604863410057204e-4,4.594014342186758e-4,"HLA-DMA;CST3;CD74;HLA-DQB1;HLA-DPB1;HLA-DRB1;HLA-DRA;CIITA;HLA-DRB6;C1QC;UNC93B1;HLA-DPA1;MFSD13A;C1QA;AGR2;KYNU;P2RY6;S100A9;CD14;C2;SPI1;SPP1;RENBP;GNA15;LYZ;HLA-DQA1;IGSF6;AIF1;FOLR2;MIR155HG;VSIG4;NCF4;CYTH4;HCK;LINC01503;MS4A4A;CASP1;TRPM2;NCF2;HMOX1;CD83;CD86;ITGAM;MKNK1;NFAM1;GLIPR1;FAM20A;MS4A6A;ADAP2;IRF8;LY86;NOXA1;IRF5;CSF2RA;C3AR1;PLA2G7;PIPOX;FGD2;SIGLEC1;EAF2;ARHGAP22;FCN1;CLEC7A;CABLES1;MS4A7;TLR2;LINC02649;CSF1R;MNDA;CYTIP;CMKLR1;IL10RA;GPBAR1;CD163",-1.4875569997266198,0.017215457652424774,TRUE,
"MANNO_MIDBRAIN_NEUROTYPES_HRGL3",461,0.2318801143410526,1.3966388616440546,1.4317346270865142e-4,4.812219163263006e-4,"PARD3B;PLEKHH2;DST;THSD4;PDE3A;EDNRB;FNDC3B;ATXN1;PLEKHA5;CFAP126;ARHGAP5;CMTM4;UBL3;CRIM1;NES;COL4A5;TBC1D2B;SOX9-AS1;SALL1;ITPRID2;YAP1;SLC38A1;FAT1;ITGA6;LIFR;MPDZ;EFCAB14;INHBB;CPEB2;EVI5;FMNL2;CAST;NEBL;APPL2;CEP126;TRAM2;MAP7;LRRN3;ITSN1;ATOSA;ABCA8;TBC1D4;HDAC4;AHNAK;CCDC146;SMAD9;LDLRAD4;PDE1C;NMNAT2;DSG2;AGBL2;TXLNB;IFT88;THSD7A;RALGPS2;LCA5;GASK1B;BCAN;RPGR;RFTN2;LRP1;EPHA3;GNG12;CDH13;GPR155;MAMDC2;KCNN3;ITIH5;SPAG1;ARAP2;PLPP3;PDLIM5;HSDL2;FOXP2;CFAP44;C6orf89;CRISPLD1;DNAH6;CNTN4;SIPA1L2;HEATR5A;SOX9;IGFBP5;SLIT2;FGFR3;TRIM9;FREM2;MAGI2;ID4;ANTXR1;ITPKB;CSGALNACT1;CREB5;JAM2;SLC44A1;TMEM47;ATP1A2;PLOD2;NOTCH2;BCO2;HAS2;SALL2;COL8A1;PPP1R3C;MNS1;DTNA;DNAI4;SPARCL1;GPM6B;ATP1B2;GALNT3;DTX4;PPP1R14C;ZFP36L2;KLF9;STON1;SLC15A2;AGT;CLU;SRGAP3;HAPLN1;HK2;TRIL;TCIM;RWDD3;TNIK;PAPLN;WNT5A;ARHGEF28;GALC;SORCS2;ZFP36L1;MAN2A2;FZD3;ARHGAP24;IL33;SHROOM3;LRRC17;ITGB8;BNC2;CACNG4;SUSD5;BOC;ENKUR;ACVR1;WLS;RAI14;EFEMP1;SCD;ADAM9;MMRN1;SLC4A4;RERG;LRRK2;CELSR1;LPL;DENND2B;SLIT1;STAT3;DDAH1;FIBIN;FBXL7;LMBRD1;MKX;TSPOAP1;MAP3K5;EPB41L3;SULF1;QKI;ADCY2",1.6180246460005847,6.85680988403582e-7,TRUE,
"HE_LIM_SUN_FETAL_LUNG_C4_T_ALPHA_BETA_ENTRY_CELL",62,0.4246912104578672,1.8785986205644014,1.456984514420836e-4,4.8745196196752394e-4,"MED13L;PIKFYVE;GSE1;MSI2;BCOR;CD2AP;ANKRD36;MOB1B;RANBP6;SCAI;ITPR2;ARHGEF7;LDLRAD4;APC;RASSF6;TNFRSF21;RAG1;MAP1A;PTPRM;ZNF518B;CD1E;PELI2;EDEM1;PTK7;GALNT7;RRAGB;DNASE1;KCNA3",2.020823523695016,1.4762594866257663e-4,TRUE,
"TRAVAGLINI_LUNG_AIRWAY_SMOOTH_MUSCLE_CELL",157,-0.39776785388949387,-1.6973882481911033,1.5623011731310166e-4,5.184054310343943e-4,"PFN1;COX6A1;NDUFB7;MYL6;MZT2B;RPS14;UQCRQ;RPL18;RPS16;RPS21;HCFC1R1;NDUFB1;UBL5;NRGN;SLIRP;RPL27;HES4;RPLP1;CD151;NDUFB2;MOB2;RPL10A;COX7C;ALDOC;RPS6;RAMP1;RPL27A;RPL23A;COX7A1;HSPB1;RPL38;RPL34;KRT18;SOD3;SNCG;RPL5;NDUFB4;RPL41;CSRP2;NDUFA4;RPL37A;RPL31;MGST3;ISYNA1;IGFBP7;NOL3;CRIP2;RPS27A;PTMA;TINAGL1;RAB20;WDR1",-1.5980402321907399,0.003870501697470764,TRUE,
"BUSSLINGER_ESOPHAGEAL_PROLIFERATING_BASAL_CELLS",66,-0.4796476911300345,-1.8030728936313152,1.5637849779136687e-4,5.184054310343943e-4,"RPS5;RPL18A;GPX4;H2AZ1;MT2A;TK1;RPS3;ENO1;SNRPB;IFITM3;TUBA1B;TUBB;RPL10A;FBL;MCM7;CD81;PRC1;RPL13A;YBX1;TKT;ASS1;RPL10;EEF2;RPL5;EEF1A1;RPL15;EEF1B2;KRT19",-1.86733421703031,1.7434482322268262e-4,TRUE,
"DESCARTES_MAIN_FETAL_STELLATE_CELLS",33,0.5413379748292234,2.0612373099911876,1.5928898677724224e-4,5.256536563648993e-4,"BMPR2;ANKS1A;HHIP;HGF;NEURL1B;RPS6KA6;RBMS3;EHBP1;ADAMTSL1;HMBOX1;ARHGEF35-AS1;ROCK1P1;DAAM2;ADAMTS9;LAMB1;MASP1",2.2988625599827572,3.0387701379148593e-5,TRUE,
"MANNO_MIDBRAIN_NEUROTYPES_HRGL2A",459,0.23525120773230687,1.4118116062758153,1.722231081191185e-4,5.65764599522534e-4,"PARD3B;PTCH1;OPHN1;THOC2;THSD4;EPB41L4B;EDNRB;FNDC3B;ATXN1;CFAP126;NCKAP5;CLCN3;UBL3;XYLT1;WIPF2;COL4A5;SALL1;MAML2;ILDR2;FAT1;PRKCA;AKAP6;EGFR;LIFR;MPDZ;INHBB;ABHD2;ABAT;REST;SNCAIP;EVI5;CAST;CEP126;PRKAA2;TRAM2;LRRN3;LTBP1;ITPR2;HDAC4;SLC11A2;AHNAK;LAMA4;CCDC146;SCN4B;LDLRAD4;PDE1C;SERPINE2;NMNAT2;CACNB2;SLC16A9;SORBS1;ABCA5;ZMAT1;SH3PXD2B;ATP2B4;MYORG;GASK1B;TCF4;APC;BCAN;RPGR;NLGN4X;RFTN2;LRP1;EPHA3;GNG12;CDH13;GPR155;MAMDC2;KCNN3;SPAG1;KAT2B;ARAP2;SPATA6;PLPP3;PDLIM5;MCC;STON2;SESN3;HSDL2;CFAP44;INTU;CRISPLD1;DNAH6;KBTBD11;ELN;EMP1;HEATR5A;MIR99AHG;SOX9;FGFR3;PAG1;ID4;ANTXR1;CSGALNACT1;CREB5;TMEM47;ATP1A2;NOTCH2;NCAM2;ITGAV;HAS2;SALL2;COL8A1;MNS1;DTNA;DNAI4;SPARCL1;GPM6B;ATP1B2;DTX4;LRATD2;ICA1L;NBEA;SEL1L3;HMGCS1;NELL2;TMED5;ZFP36L2;SLC15A2;CLU;SRGAP3;NLGN3;TRIL;TCIM;TMT1A;PALS1;MASP1;PTK2B;GALC;SORCS2;TSPAN18;SFRP1;S1PR1;TGIF2;ZFP36L1;LPIN2;CDHR1;SOX6;SELENOP;MFAP4;AASS;TMEM161B-DT;LRRC17;SEMA6A;ITGB8;BOC;ENKUR",1.584495316993314,7.968504856461653e-6,TRUE,
"DESCARTES_FETAL_PLACENTA_LYMPHOID_CELLS",122,-0.4114238976648909,-1.6863223625132076,2.1417162972117693e-4,7.003991134124975e-4,"GNLY;TXNDC5;IL32;TNFRSF18;NKG7;GZMA;GZMH;ZNF683;CD3D;CD7;CTSW;PRF1;ISG20;LCK;PSTPIP1;TOGARAM2;CD52;SEPTIN1;CD8A;TRBC2;CD247;CXCR3;MYO1G;CRTAM;SIRPG;CD244;TBC1D10C;ALOX5AP;CD3E;TRGC2;CDKN2A;SH2D2A;LTB;ZAP70;RASAL3;RHOH;CD2;GZMK;ITGB7;WDR62;EOMES;SH2D1A;CD6;ADGRG5;GIPR;TIGIT;OASL;CD69;ADGRG3;PLCH2;CD3G;CLDND2;GZMB;CD96;TMIGD2;RASGRP1",-1.5680439513746436,0.004581544489332104,TRUE,
"HE_LIM_SUN_FETAL_LUNG_C1_EARLY_TIP_CELL",126,-0.4134071847489613,-1.7071120689529244,2.1630768463144296e-4,7.042124620736663e-4,"CENPM;PGP;UQCRHL;AURKB;CNFN;TK1;ACOT7;CTXN1;CDC20;CDC45;APOC1;PLK1;SPC24;CENPW;GADD45G;HAGLROS;POC1A;PIMREG;TRAIP;HSPA6;BIRC5;CDCA8;CDCA3;CCNB2;CHAF1A;LINGO1;PARD6G-AS1;UBE2T;GYPC;PKN3;LAMA1;TUBB3;HSPA2;UHRF1;PMAIP1;TACC3;E2F1;PSMC3IP;CENPN;LOXL3;CDCA5;TRIP13;ZWINT;MYBL2;CENPH;SNAI1;CHST6;MAD2L1;FADS2;CCNA2;HNRNPA1L3;ALPL;MCM4;CENPU;SPC25;CEACAM21;WASF1;FOXM1;MELK;PBK",-1.6543232071829364,0.0011923646504041752,TRUE,
"FAN_OVARY_CL16_LYMPHATIC_ENDOTHELIAL_CELL",229,-0.35715779161959943,-1.5822703307701795,2.236599433552621e-4,7.24897852124644e-4,"POLR2L;PFN1;NDUFS7;GUK1;TRAPPC1;GFUS;LMAN2;PET100;TSPO;NPC2;ARPC1B;PIM3;ZFYVE21;TSPAN4;S100A16;SDF4;ARL2;IFITM3;CD151;COMT;CTSD;REXO2;CD63;HYAL2;ATRAID;CEBPD;HLA-C;DAD1;LRPAP1;NNMT;RHOC;GRN;HSPB1;FSCN1;HLA-A;SH3BGRL3;YWHAH;CTSL;FDPS;HLA-E;ANXA2;GMFG;EFNA1;S100A6;BCAP31;MYL12A;MYL12B;PPIC;LAPTM5;FXYD5;HLA-B;GYPC;PROCR;CYB5R3;IGFBP7;ANXA5;NUCB1;REEP5;CRIP2;FABP5;JUNB;TUBA1A;TFF3;PTX3;EGFL7;GADD45B;B2M;PTMS;KRTCAP2;PSAP;NTAN1;DEPP1;DEGS1;TPM3;ATP5F1E;MGST2",-1.4453157369829825,0.01082725051934364,TRUE,
"HE_LIM_SUN_FETAL_LUNG_C0_EARLY_FIBROBLAST",74,-0.46280959351431034,-1.7707693058786125,2.648745388077354e-4,8.546618452196262e-4,"CENPM;UQCRHL;BID;AURKB;H2AC25;CDT1;CDC20;CKS2;MCM7;TYMS;PIMREG;KRT18;BIRC5;HMGA1;CCNB1;SNCG;CCNB2;CHAF1A;LIMD2;PTTG1;UBE2T;GINS2;KRT8;FZD2;UCK2;UHRF1;AIF1;SERINC2;RMI2;CENPN;CDCA5;ZWINT;MAD2L1;GPSM3;CCNA2;HNRNPA1L3;MCM4;CENPU",-1.853347483451258,2.0709093626752675e-4,TRUE,
"SU_HO_CONV_CENT_CHONDROSARCOMA_STROMAL_C5_VASCULAR_SMOOTH_MUSCLE_CELL",125,0.32395513641785423,1.6337822819365428,2.7372715413931864e-4,8.79318203120112e-4,"KMT2E;SEMA5A;DICER1;MAP3K20;JAK1;RGS5;PDE8A;HGF;REV3L;CLMN;DYNC1I2;UACA;ZHX1;PLSCR4;ASAP2;BAZ2A;ARHGAP42;TMOD3;MYO1B;GJC1;EPB41L1;PRKG1;CAMK2N1;A2M;EPS8;SGIP1;STK38L;DLC1;SPTBN1;UTRN;PPP1R12A;FILIP1L;ODF2L;MGLL;PTK2;ITGA1;BACH1;JAM3;PRXL2A;CARMN;MYLK;TNS1;GUCY1A1;GPM6B",1.8879925304333578,2.7192692168550096e-5,TRUE,
"HU_FETAL_RETINA_RGC",370,-0.32203610416729467,-1.4677297561349478,2.90166449277376e-4,9.280213311690528e-4,"COX6A1;RABAC1;NDUFB8;FIBP;DCTN3;ETFB;TRAPPC1;GAPDH;NME1;NICOL1;ATP5PO;VKORC1;DYNLT1;TMSB10;RBX1;PAFAH1B3;TXNDC17;DCTN2;UBE2L6;NDUFA12;HCFC1R1;NOP10;ZCCHC17;ACOT7;COMTD1;ADISSP;H3P16;RAB3A;EBP;PFDN2;CALM3;TUBB;FAM241B;ARPC1A;NAGK;ALDOC;ENO2;TBCB;PPP1R14B;GPI;RAB33A;VPS72;SH3BGRL3;YWHAH;CDKN2D;KLHL35;TAF9;FDPS;SLC2A6;PPP2R1A;GTF2A2;NDUFS4;LDHA;FABP3;SEC61G;SNCG;OCIAD2;RUSC1;ARL3;PCMT1;JPT1;PRMT2;GLRX;ACTR1A;MVD;ITGB1BP1;DTD1;IRX3;PDE6D;TPPP3;MYL12B;PSENEN;FAM162A;SEC11C;MFSD10;CCT5;DYNLRB1;FKBP1B;CALB2;PGAM1;MGST3;RGS10;FSD1;CXCR4;PGK1;TMSB4X;CRIP2;KLC1;GDI1;FABP5;TUBA1A;ATP5MK;GABARAPL2;NPDC1;FAM229B;SVBP;BLOC1S2",-1.4503729793897624,0.0013117508339262698,TRUE,
"DESCARTES_FETAL_LUNG_LYMPHOID_CELLS",114,-0.414439935457253,-1.6877574599798284,3.369200107412833e-4,0.0010728242447288231,"GNLY;NKG7;GZMA;GZMH;ZNF683;CD3D;CD7;PRF1;LCK;GZMM;S1PR4;TBX21;CORO1A;FASLG;PDCD1;CD52;SEPTIN1;CD8A;TRBC2;CD247;CXCR3;PCED1B-AS1;CRTAM;SIRPG;TBC1D10C;CD3E;TRGC2;MATK;CXCR6;UBASH3A;LTB;ZAP70;TNFRSF9;RHOH;CTLA4;NPM1P27;CD2;SIT1;IL18RAP",-1.488165031204809,0.016599642432680042,TRUE,
"HE_LIM_SUN_FETAL_LUNG_C0_MID_AIRWAY_SMC_2_CELL",174,0.2887956339142743,1.5228819658509454,3.933050654359009e-4,0.001246897281687616,"NCOA6;TACC2;THSD4;NCKAP5;SEMA3C;SVIL;TRAF5;HHIP;COL4A5;MYOCD;PPP1R12B;PLXNA4;ZEB1;DMD;COL4A6;SLMAP;FENDRR;IRAG1;ITGA9;SORBS1;ESYT2;ARL4A;HSPG2;CDH13;CAVIN2;TRANK1;BMF;FILIP1L;SLC8A1;NET1;HHIP-AS1;FOXP2;SYNPO2;EPCAM;CHRDL1;SSC5D;MBNL1-AS1;PARM1;ADAMTS8;MYH11;ADAM19;HPSE2;FLRT2;ATP1A2;CDC42EP3;TYRP1;GPR20;PMEPA1;ENTPD1-AS1;CXADR;GREM2;DTNA;ITGA10;TRIB1;FNDC1;LTBP2;AKAP1;WNT5A;TSPAN18;MSRB3;CCDC88C;CRELD1;FEM1C;SYT11;ADAMTS6;FGF18;GLRB;C3orf70;LAMA5;SCUBE1;BCL11A;KLHL4;P3H2;ZBTB16;CRISPLD2;BHLHE40;KANK1;PBXIP1;ADAMTS5;ADAMTSL2;SPEG;LIMS2",1.7255959018190883,3.7248062197227755e-5,TRUE,
"DESCARTES_MAIN_FETAL_ANTIGEN_PRESENTING_CELLS",97,-0.4285417128227896,-1.7080947269893072,4.002744134157657e-4,0.0012600502413262873,"MRM3;CD70;CD74;HLA-DQB1;HLA-DPB1;ALYREF;IGFLR1;CXCL10;ELAC2;IL4I1;HLA-DRB6;NME2P1;HLA-DPA1;RNF19B;ZMYND15;CXCL9;HLA-DQB2;PPM1J;TOR3A;ATG3;RPL23P8;C1orf54;GFI1;VAC14;NMI;MIR155HG;EVI2A;AEN;NUP62;SLAMF8;TNFRSF9;CD40;MMP25;HLA-DQA2;SWSAP1;CD80;SORD2P;ADAM8;PLA2G2D;SLC9A7;MMP9;IL21R;OASL;IRF8",-1.495351302750075,0.024979966658349173,TRUE,
"BUSSLINGER_GASTRIC_X_CELLS",157,0.30829350575524295,1.5815732728825738,4.009250767856369e-4,0.0012600502413262873,"BAZ2B;TEAD1;GCC2;CHD7;ZKSCAN1;AKAP9;DSP;DST;PBX1;A1CF;VPS13C;TNRC6A;LPP;KIF13B;PROX1;REV3L;GK5;PHIP;NAV1;SMARCA2;APPL2;KAT6B;CEP126;SYT7;IDS;CHGB;RHOBTB3;PCLO;PRKAR1A;HOOK3;LRRFIP1;RAPGEF4;AP1AR;MAP1B;OLFML3;SORBS2;EIF4G2;GNAO1;WSB1",1.5686714713640797,0.001813137750948902,TRUE,
"DESCARTES_MAIN_FETAL_SLC26A4_PAEP_POSITIVE_CELLS",246,-0.3481203470970868,-1.5485378222065245,4.161406305352717e-4,0.0013022331800371003,"TRAPPC2L;SDHAF2;SELENOH;MRPS26;ZSCAN16-AS1;EMC9;PSMB7;SURF2;TOE1;FNTB;MRPL20;FANCG;TMEM179B;SDF2;VMO1;ZNF683;GMPPA;TPT1P9;ABT1;TPRA1;BAK1;FADD;MED31;SELENOO;SELENOK;COMT;CIDECP1;FKBPL;QTRT1;SLC25A28;COQ6;TRMU;ASB6;LYG1;LIPE-AS1;MRPS28;PNPLA2;TOR1A;ENTREP3;IL17RC;ZNF296;RNF7;ERAL1;TOMM40;LYRM4;ROGDI;FAM3A;DHRS1;UNC45A;CCHCR1;PWP1;DUSP12;ZBTB48;DERL2;ACOT8;CDC123;TMEM120A;GPKOW;DCTD;CCDC86;FAM32A;ELAC1;TRIM16L;BRAT1;CPLANE2;RANBP3;ZBTB11-AS1;DEDD;KNSTRN;TMEM201;EXOC3-AS1;STAG3L4;SKA1;SIAH2;ARAF;LINC00467;ATP9B;CREM;ARFGAP2;REXO1;SRP19;HROB;ZC3H12A;SBF2-AS1;ACTL6A;IL1A;CBLN3",-1.5947820726884145,3.099668363828632e-4,TRUE,
"DESCARTES_FETAL_STOMACH_SQUAMOUS_EPITHELIAL_CELLS",33,-0.5752141121747708,-1.9068843800382602,4.256822127739856e-4,0.0013263746200597147,"KRT16;SFN;KRT17;S100A9;S100A3;NMU;PAX9;LYPD3;KRT6A;GJB3;TACSTD2;KRT15;SERPINB5;KRT6B;PLEKHN1;RHOV;FGFBP1;AQP3;S100A2;APOBEC3A;TCN1;PKP1;TNS4",-1.8089755754821184,0.005144970069268354,TRUE,
"GAUTAM_EYE_IRIS_CILIARY_BODY_MEG3_HIGH_FIBROBLASTS",108,0.3485811100629932,1.7092436242134268,4.4473876368599207e-4,0.0013798305232308986,"BAZ2B;AFF1;ZKSCAN1;THOC2;BTAF1;NIPBL;HGF;FNDC3A;ZNF302;PRKCA;ARID3A;ZNF37A;NAV1;GPRASP1;ITSN1;RICTOR;ASXL1;RHOBTB3;RAMP2-AS1;FLT1;ETV3;SSH1;MCTP2;CEP95;PTPRG;ZC3HAV1;ALPK1;ELN;IBTK;NABP1;DIO2;PLEKHG2;MAPK10;ZNF10;HPS4;FGF7;ZFHX4;GSTM2;BSDC1",1.8989031435262436,1.0220475703231478e-4,TRUE,
"FAN_EMBRYONIC_CTX_BIG_GROUPS_EXCITATORY_NEURON",32,0.5130328823854831,1.9203831115549432,4.78464635009601e-4,0.0014781503192211503,"SEMA3C;SATB2;PLXNA4;DOCK9;FBXW7;PCLO;MLLT3;PLXNA2;R3HDM1;LINC00342;ENC1;CACNA2D1;MAP6;ZBTB18;ICA1L;NELL2;BHLHE22;GOLGA8B",2.2250601912162487,5.876172414976486e-5,TRUE,
"DESCARTES_FETAL_MUSCLE_MEGAKARYOCYTES",216,-0.3528804047851062,-1.5515020114139013,5.233308999113949e-4,0.0016099077683714943,"MRPL43;SIVA1;MRPL27;ENDOG;SOD1;PSMB10;PSME2;PPIF;CHCHD1;NRGN;AKR7A2;TMEM256;GAS2L1;C12orf43;CAMK1;NOP16;TALDO1;SLC50A1;NFKBIA;TUBA4A;DENND6B;YWHAH;COPRS;MAX;BYSL;MAPKAPK3;ARHGAP45;REEP4;RILP;UNC45A;SPINT2;LYL1;ABI3;FXYD5;RAB38;CDIPT;GTF2F1;ENOPH1;PIF1;TOLLIP;MID1IP1;ASL;KIFC3;STX11;PMAIP1;TMEM91;PLEK;TSFM;APOBEC3F;FABP5;E2F1;WDR1;TTC9C;ZNF48;FCGR2A;RCHY1;MST1R;ZYX;DEPP1;LOXL3;NDUFB3;PRKAR2B;TIPIN;RAP2B;GMEB1;GTF3C6;LRR1;CTSA;RUFY1;SLC39A8;SNHG30;SERPINE1;RAB27B;UMPS;SOCS3;CSNK1D;MGAT4B;PTGIR;POC5",-1.5021019441117687,0.005149690238278876,TRUE,
"DESCARTES_FETAL_CEREBRUM_MEGAKARYOCYTES",330,-0.3223059960357593,-1.4599342285485257,6.1967341547557e-4,0.0018982400828492145,"UROD;GPX1;SDHA;B9D2;MRPL27;CSKMT;USF1;WDR24;SMIM12;NENF;DUSP23;THOC6;GPR137;PPP1R35;PPIF;CALHM6;NRGN;GAS2L1;THOC5;MFSD2B;TALDO1;MPST;RADIL;MPND;HAGHL;ATG4D;SLC50A1;RASSF7;RPUSD3;MRTO4;C19orf48P;CCDC61;RHOF;TUBA4A;IER5L;GMPR;TECR;TAP1;MARCHF2;GTPBP6;FLYWCH2;RNF208;RBM38;ESS2;MAX;PCYT2;SLC66A1;TIMM21;ABCB6;RNF215;SIRT7;IRF2BP1;OCIAD2;PSMB8-AS1;RAD9A;CENPT;FAM110A;LYL1;KLRD1;FXYD5;RRP1;ICAM5;CLEC12A;STK11;PKN3;CXCL3;FFAR2;DOK2;CCND3;RITA1;OR7E14P;KLHL26;SNHG6;STX11;TMEM91;PLEK;HYAL3;E2F1;TSC22D4;RSPH14;S100A4;CLDN4;MREG;OPLAH;ZBTB22;SH3BP5L;ENDOV;VSIG10L;SLC10A3;SLC39A4;ACRBP;CXCL5;SNPH;PRKAR2B;IL27RA;RAP2B;EXOC3L4;ARL1;NEK8;NLRC5;BBC3;CENPH;SRF;AHR;HCP5;CASC8;CISH;MEPCE;CTSA",-1.4222233913185767,0.0038985457660023113,TRUE,
"AIZARANI_LIVER_C12_NK_NKT_CELLS_4",45,-0.5244069227942382,-1.8457939064536197,6.396005151060717e-4,0.0019510503107857478,"GNLY;NKG7;GZMA;CCL5;RAC2;CD7;IFITM1;HSPA6;BAG3;CD247;DNAJA1;KLRD1;DUSP2;DNAJB1;ALOX5AP;HSPA8;CD3E;CACYBP;GZMK;EOMES;IL2RB",-1.672656612080894,0.013660023219539477,TRUE,
"SU_HO_FOETAL_FEMUR_C1_RESTING_CHONDROCYTE",41,0.4689890617705187,1.8816757251623881,6.576590411931276e-4,0.0019977425268042285,"FOXO3;DST;MON2;PHC3;XYLT1;COL14A1;TRAM2;SORBS1;COL9A3;LRP1;MEG3;MMP16;DDR2;SOX9;COL2A1",2.1445771601775765,9.131868277877342e-5,TRUE,
"SU_HO_CONV_CENT_CHONDROSARCOMA_LEUKOCYTE_C0_M1_MACROPHAGE",257,-0.33693571466743827,-1.504711026260906,7.715504640021543e-4,0.0023339401536065165,"CCL3;HLA-DMA;TYMP;CCL4;CD74;HLA-DQB1;HLA-DPB1;HLA-DRB1;PIM3;HLA-DRA;LGMN;CXCL8;HLA-DMB;ATP6V0D1;CFL1;NFKBIA;CCL4L2;BCL2A1;G0S2;CEBPD;CD81;C1QC;LST1;HLA-DPA1;C1QB;HSPA6;YWHAH;OSM;CTSL;C1QA;KYNU;PLD3;ICAM1;CD14;C2;YBX3;CTSZ;JPT1;SDS;TREM2;FCGR1A;CXCL16;WTAP;TNFAIP2;GAS6;CEBPB;RILPL2;IL6;RNF130;CXCL1;CXCL3;IFNGR2;AP1B1;IL1B;PLAU;TNF;SRGN;PTGS2;HLA-DQA1;CPVL;MAP2K3;STX11;CTSB;FOLR2;PLEK;MIR155HG;PLAUR;VSIG4;GPR84;AP2A2;GADD45B;SOD2;FCGR2A;RALGDS;LYN;MS4A4A;SERPINB9;FPR1;PSAP;AKR1B1;CD83;CXCL2;MGST2;MSR1;MAP3K8;ATP1B3;LAIR1;SAT1;MAFF;SLC43A2",-1.3144099938906728,0.056730450655447684,FALSE,
"DESCARTES_FETAL_ADRENAL_LYMPHOID_CELLS",127,-0.3970207580772813,-1.6397590605805823,7.84477548972391e-4,0.0023631979276097755,"PLAAT4;GNLY;IL32;NKG7;GZMA;GZMH;CRIP1;CD3D;CD7;PRF1;ISG20;LCK;GZMM;TBX21;CD52;SEPTIN1;CD8A;TRBC2;GBP5;CD247;MYO1G;PCED1B-AS1;CRTAM;DUSP2;CD244;TBC1D10C;CD3E;MATK;SH2D2A;UBASH3A;LTB;ZAP70;RHOH;CD2;SIT1;IL18RAP;GZMK;EOMES;ACAP1;IL2RB;HSH2D;IL2RA;BIRC3;SH2D1A;ADAM8;SYTL1;TIGIT;S1PR5;ADGRG3;CD3G;GZMB;CD96;SKAP1;TMIGD2;RASGRP1",-1.4597363463424398,0.02669390369176049,TRUE,
"GAUTAM_EYE_CORNEA_FIBROBLASTS",162,-0.37389150810179567,-1.5990463243411757,8.565400498042007e-4,0.002562560893258379,"C12orf57;RPS5;VAMP5;RPL18A;RPS15;RPL18;TYMP;RPS16;RPLP2;H1-10;RPL8;RACK1;CCDC85B;RPS3;RPS9;RPL36;RPL35;RPS13;RPS23;TSPAN4;RPL29;TUBA1B;SLC25A6;RPL36AL;EIF3D;FBL;CDC37;HLA-C;CD81;RPL13A;RHOC;SNHG32;FKBP11;HLA-A;PLD3;RPL35A;UBXN1;RPL10;RPS3A;RPS4X;DNAJA1;ARHGDIA;CEBPB;RAB13;IL6;CXCL3;CYB5R3",-1.513712025013247,0.009273680774292454,TRUE,
"FAN_OVARY_CL5_HEALTHY_SELECTABLE_FOLLICLE_THECAL_CELL",315,-0.3278062125370665,-1.4803882472689525,8.584585916603986e-4,0.002562560893258379,"SNHG25;ATG101;ATP5MJ;UBB;DYNLL1;NME3;S100A13;TAX1BP3;NME2;ARF5;H2AZ1;NPM3;GRHPR;SNHG19;RPLP0;MPG;GLRX5;ISG15;EIF4A3;AHSA1;MALSU1;LGALS1;PLOD1;SLC25A5;APOC1;IFITM3;HSPE1;MRPL18;CKS2;CHIC2;GBP4;C19orf48P;SAT2;ATP5F1A;MLF2;GADD45G;CYTOR;APOE;ATP5MC3;FLYWCH2;ZFAND2A;CLEC2B;RPL22L1;CFAP20;IFITM1;APEX1;ATP5F1C;PPIA;CCT2;RPS26;DDIT4;MDH2;NECTIN2;PLD3;CLEC11A;IFI6;SERPINH1;CITED2;EEF2;TMEM9;GBP1;UBC;BAG3;GLRX;DNAJA1;RHBDD2;OSTC;ADH5;PTTG1;MYL12B;PPIC;ECH1;COX6C;GYPC;SPG21;JMJD6;OSR2;RNASE1;ANGPTL4;BOD1;COLEC11;TXNL1;P4HB;MORN2;ISOC1;HSPA8;ACAA1",-1.414725767915689,0.006715170165394539,TRUE,
"FAN_OVARY_CL6_PUTATIVE_EARLY_ATRETIC_FOLLICLE_THECAL_CELL_2",296,-0.3268285985649094,-1.4671762252281357,8.612463608196205e-4,0.002562560893258379,"C12orf57;RABAC1;NME3;VKORC1;TAX1BP3;NENF;FKBP8;RPLP0;ADISSP;NPC2;AKR7A2;SELENOM;ZFYVE21;TSPAN4;LGALS1;TALDO1;MPST;IFITM3;CUTA;CTSD;NFKBIA;REXO2;SAT2;RNH1;TIMP1;CYB5A;HS3ST1;ATRAID;CEBPD;GADD45G;MDK;LRPAP1;APOE;BST2;BSG;PRDX4;RHOC;SNHG32;HSPA6;DDIT4;PLD3;CLEC11A;IFI6;SERPINH1;SMIM7;IFI27L2;SELENOW;S100A6;SERPINB6;KDELR1;EEF1A1;IMPDH2;ADH5;PEBP1;PPIC;FAM162A;GYPC;CYB5R3;OSR2;RARRES2;KRT19;COLEC11;CAPZB;DNAJB1;P4HB;NUCB1;HMGN2;JUNB;TUBA1A;ING2;GADD45B;NUCB2;TMEM50B;PSAP;DEPP1;MAOB;PMP22;NOP53;RAB34;ARL1;LGALS3BP;ARLN;EFEMP2;LTBP4;NBL1;ADM;BNIP3L;RNASE4;SPON2;RGS2;PDGFRL;SOCS3;CFD;COL6A2;NDRG2;IER2;RCN1;ALDH9A1;CIRBP;DUSP1;TGFB1I1;BNIP3;IGFBP4;GDI2;HMGN3;ACTA2;VIM;FCGRT;KLHDC2;ARL4D;TMEM98;DDAH2;IER3;MXRA8;FKBP10;TMEM176B",-1.4104819229726377,0.008202347823270556,TRUE,
"CUI_DEVELOPING_HEART_C7_MAST_CELL",145,-0.3774739765311815,-1.588606628558105,8.925847618535509e-4,0.002644965457574196,"RHOG;PNP;TYROBP;STXBP2;VAMP8;SERTAD1;CKS2;CTSD;NFKBIA;RAC2;HS3ST1;IFITM2;BST2;LTC4S;EMP3;SH3BGRL3;GMFG;PRR13;CLIC1;S100A6;DNAJA1;SERP1;FCER1G;PEPD;BACE2;TPST2;LAPTM5;FXYD5;RNF130;CALB2;STING1;SRGN;CAPG;DNAJB1;BATF;ALOX5AP;PLEK;LAT2;NCF4;ARHGDIB;S100A4;XBP1;CD53;RHOH;DUSP10;MBOAT7;CD83;CREM;LAIR1;MLPH;ITGAM;RGS2;ADAM8;CD44;CD37;ANXA1;GPR65;C1orf162;TNFSF10;ABRACL;IER2;CD69;ALOX5",-1.4123633166160399,0.039590794353459476,TRUE,
"DESCARTES_FETAL_HEART_ERYTHROBLASTS",266,-0.33516605095937735,-1.4969650042300735,9.924157875100424e-4,0.002928836836310125,"SNHG25;AKR1A1;NAA10;BLVRB;TMEM238;SELENOH;DGCR6L;MRPL22;GSDMD;NAXE;GPS2;DDX39A;SLC66A2;CDT1;GLRX5;TAF6L;GON7;RFXANK;POLR2H;NOB1;APEH;EMC4;NXT1;SNRPA;DEAF1;NHP2;LRRC47;CENPW;TRMU;DBNL;FARSA;BTBD6;S100P;TMEM161A;PRC1;RPL3;RPL22L1;GRK6;HBA2;CHCHD6;MACROD1;HMGA1;PGLS;ERGIC3;SNHG8;ROGDI;NPRL3;SNHG5;SNHG7;GRWD1;CHLSN;ZNF143;EIF2B1;PPIL1;PTPA;GYPC;SPG21;POP4;WRNIP1;TRIM47;TESC;KATNA1;SMPDL3B;KIFC1;ASL;PMPCB;AMFR;DYNLT2B;MTCO2P12;TBC1D10C;AP1M1;TRIP10;ASCC2;GET4;FBXW4;SLC18B1",-1.5278937634115506,0.0018805992746267464,TRUE,
"LAKE_ADULT_KIDNEY_C23_ENDOTHELIAL_CELLS_AVR",125,-0.39093909779264463,-1.6111347753484702,0.0010374303562262206,0.0030492892251831423,"MYL6;GAPDH;RPS14;TMSB10;RPL18;RPS16;RPLP2;RPS2;RPS8;MT2A;RPL8;RPLP0;RACK1;RPL13;FTH1;CD74;HLA-DRB1;RPS23;HLA-DRA;RPLP1;IFITM3;PRDX1;CD63;RPS19;RPL13A;RPL3;RPS6;PSMA7;ACTG1;RPS12;HLA-E;RPL10;EIF1;RPL5;RPL19;EEF1A1;MYL12A;MYL12B;HLA-B;RPL31;IGFBP7;TMSB4X",-1.497289275732889,0.0123276621905146,TRUE,
"FAN_EMBRYONIC_CTX_BRAIN_NAIVE_LIKE_T_CELL",154,-0.37106733225017197,-1.5798265349635594,0.0010448883463898837,0.003058826368867159,"NOSIP;PLAAT4;PSMB8;PSMB9;IL32;CIB1;APRT;MCUB;CRIP1;TLE5;NSMCE1;CD3D;TUBA4A;RAC2;HLA-C;CD7;RPL13A;TAGLN2;EMP3;HLA-F;IFITM1;CD48;HLA-A;ISG20;LCK;TSTD1;CORO1A;CD52;OCIAD2;GMFG;SEPTIN1;PRMT2;LIMD2;MYL12A;FXYD5;HLA-B;CCND3;CXCR4;TBC1D10C;CD3E;EEF1D;ARHGDIB;LTB;ZAP70;GBP2;GSTK1;LSP1;RHOH;CD2;LDHB",-1.5479176264936547,0.005776879971790816,TRUE,
"HAY_BONE_MARROW_PLASMA_CELL",112,-0.40352583561081584,-1.6330510400870426,0.0010735412821579532,0.0031300842202677667,"SDF2L1;RABAC1;MYDGF;LMAN2;CRELD2;FKBP2;SSR4;TXNDC5;GMPPB;TMED9;MANF;CLDN3;PRDX4;FKBP11;SELENOS;KDELR1;SEC11C;SPCS2;TXNDC15;CHPF;HID1;KDELR3;SSR3;XBP1;KDELR2;KRTCAP2;ABCB9;CCR10;CLDN14;PLAAT2;SPACA3;ARSA",-1.565165801822398,0.009642108656298179,TRUE,
"DESCARTES_FETAL_HEART_LYMPHOID_CELLS",85,-0.43314775975625697,-1.6875825671309355,0.0010846139826460558,0.003149719005604146,"GNLY;NKG7;GZMA;GZMH;CD3D;CD7;PRF1;ISG20;LCK;GZMM;RAB25;TBX21;PDCD1;CD52;SEPTIN1;TRBC2;CXCR3;CRTAM;SIRPG;MATK;CDKN2A;CXCR6;UBASH3A;ZAP70;GBP2;SIT1;IL18RAP;GZMK;ACAP1;IL2RB;SH2D1A;TIGIT;LTA;CD3G;GZMB;CD96;SKAP1;TMIGD2;RASGRP1",-1.555377976118568,0.01743504892972866,TRUE,
"GAO_LARGE_INTESTINE_ADULT_CG_GOBLET_CELL_SUBTYPE_2",34,0.4783021221635887,1.838239711018894,0.0011447251591341031,0.0033110377112803143,"SYCP2;KDR;MPDZ;GAN;SULT1C4;MCMDC2;SYNPO2;IGFBP5;ANTXR1;HAND2-AS1;VIPR2;ST8SIA1;FZD4;BNC2;FERMT2;RYR2;LRRN1",2.1595629540534356,2.5608472784460003e-4,TRUE,
"LAKE_ADULT_KIDNEY_C24_ENDOTHELIAL_CELLS_AEA_AND_DVR",152,0.2857656578980411,1.4669921190627602,0.0011592847853387654,0.003339844262523586,"ROCK2;BMPR2;PTPRB;PIK3C2A;DST;RASAL2;THSD4;PDE3A;MACF1;CDC42BPA;KIF5B;EPAS1;CRIM1;ARL15;EXOC6B;AKAP13;TTC28;CRYBG3;IQGAP1;UACA;PLCB1;TJP1;MEF2A;RALGAPA2;ZEB1;DOCK9;HSPH1;ARGLU1;AHNAK;RBMS3;ARHGAP26;THSD7A;FLT1;EMCN;A2M;TCF4;ADGRF5;PTPRG;SPTBN1;UTRN;PDLIM5;PLCB4;CD93;SOX5;YWHAB;EMP1;MBNL1;MEF2C;LDB2;ABI3BP;CD46;PTPRM;TMTC1;MYH9",1.7364714416962015,4.8104320425376925e-5,TRUE,
"HE_LIM_SUN_FETAL_LUNG_C0_LATE_AIRWAY_SMC_CELL",109,0.31339395731678554,1.538501863685471,0.0012318526686312112,0.00353488157085478,"TACC2;THSD4;SEMA3C;SVIL;HHIP;COL4A5;MYOCD;PPP1R12B;COL4A6;SLMAP;FENDRR;LUZP2;IRAG1;ARHGAP42;ITGA9;KLHL23;LDLRAD4;CACNB2;ARL4A;FILIP1L;NET1;HHIP-AS1;SYNPO2;EPCAM;CHRDL1;SSC5D;ADAMTS8;MYH11;HPSE2;FLRT2;ENTPD1-AS1;CXADR;GREM2;DTNA;IL13RA1;FNDC1;LTBP2;AKAP1;WNT5A",1.6612403352053051,0.0013117508339262698,TRUE,
"ZHONG_PFC_C2_UNKNOWN_NPC",72,-0.4413972326846888,-1.689713843358885,0.0012588700815291053,0.00359818771334697,"AURKB;TUBB4B;CDC20;DCXR;PLK1;CKS2;RANGAP1;CDCA8;CDCA3;LDHA;CCNB1;PSRC1;REEP4;TUBA1C;CCNB2;KIF22;CDKN3;PTTG1;CALB2;PIF1;TACC3;TROAP;TUBB6;PHF19;KIF2C;DNALI1;KNSTRN;OIP5",-1.5440726806491902,0.021398064766025446,TRUE,
"DESCARTES_FETAL_PANCREAS_LYMPHOID_CELLS",105,-0.39899208323154667,-1.6087521217270566,0.0013284994873803276,0.0037823161876004625,"GNLY;NKG7;GZMA;GZMH;CD3D;LINC01871;CTSW;PRF1;LCK;GZMM;TBX21;FASLG;PDCD1;SEPTIN1;CD8A;TRBC2;CD247;CRTAM;SIRPG;TBC1D10C;CD72;CD3E;LAIR2;MATK;SH2D2A;ZAP70;RHOH;CD2;SIT1;GZMK;IL24;EOMES;IL2RB;IL2RA;TERT;SH2D1A;CD6;TIGIT;CD69;CD3G;CD96;SKAP1;GATA3;PYHIN1;ICOS;VPREB3;CD8B;TRAT1;CD27;GPR174;CHI3L2",-1.4276142165950518,0.039346054879874436,TRUE,
"DURANTE_ADULT_OLFACTORY_NEUROEPITHELIUM_BOWMANS_GLAND",22,-0.6068342672737246,-1.8297644879885124,0.0013673205722370167,0.0038776356853284146,"VMO1;PI3;ZG16B;LRRC26;SLPI;RNASE1;LYZ;GPX3;LCN2;XBP1;DMBT1;S100A1;PPP1R1B;TCN1;GSTA1;NDRG2;AZGP1",-1.8548441835909422,0.0042684545099832055,TRUE,
"DURANTE_ADULT_OLFACTORY_NEUROEPITHELIUM_RESPIRATORY_COLUMNAR_CELLS",24,-0.6056789228208295,-1.8624653410780385,0.001373442903157481,0.003879842598024635,"S100A16;MT1X;SLC25A5;PRDX1;SFN;HSPB1;KRT18;ANXA2;CSTB;KRT8;KRT19;ALDH3A1;FABP5;KRT6A;CLDN4;TACSTD2",-1.8687474337167307,0.003049788897760804,TRUE,
"FAN_EMBRYONIC_CTX_EX_4_EXCITATORY_NEURON",117,0.32411916337072466,1.62032973271136,0.001401816646750346,0.003944646843181206,"PDZD2;PTPRK;DGKH;TARBP1;ANKRD36;AHI1;MYO6;UACA;ANKRD36B;DOCK9;ITPR1;DAB2;FBXW7;LMO7;PCLO;ABCA5;R3HDM1;CSMD2;PLEKHA6;KLHL3;RYR3;CELF2;LINC00342;STX3;HIC2;CNTN3;CSGALNACT1;NPY1R;MYLIP;PTPRD-AS1;DYNC2I1;NIN;RAPGEFL1;ARFGEF3;KCNQ1OT1;CACNA1E;GOLGA8B;EEF2K;PI4KAP2;LINC01410;FAM227A;DNM3OS;RYR2;LAMA5;SYNE1;PTPN13;CACNA1C;TSPOAP1;STK36;CAND2;SPEG;LIMS2;RNF213;TMEM178A;SAMD5;TIMP3;KCNMA1;PPFIBP1;PKD1;SCN9A;GOLGA8A",1.8196024579850931,2.325062265649563e-4,TRUE,
"GAUTAM_EYE_CORNEA_TGFBI_HIGH_EPITHELIAL_CELLS",104,-0.4072457595216394,-1.639767126859891,0.0014290348533236613,0.004005711596575205,"NAA38;ATP5MF;ATP5MJ;ELOB;PRDX2;DUSP23;TUBB4B;H2AZ1;EXOSC7;PKM;PRDX1;TUBB;GSTP1;MT1E;CKS1B;ATP5MC3;PYCR2;IL20RB;ATP6V1E1;ASS1;OCIAD2;ADI1;DYNLRB1;ACYP1;C16orf74;SYT8;HSPA2;CAPG;ATP5PF;MRPS6;IMPA2;GADD45B;TPD52L1;CRLF1;PRDX5;LSM3;DDIT3;CAV2;ATP1B3;C12orf75;ATP23;LSM5;PTGES;CKAP4;CAPS;ARPC2",-1.601728945056569,0.006062746852958734,TRUE,
"GAUTAM_EYE_IRIS_CILIARY_BODY_FIBROBLASTS",96,0.34248729901262054,1.661059188345702,0.0015432900537038633,0.004309340688419249,"SLC35D1;ZFHX3;PHACTR2;NKTR;PNISR;LPP;NFE2L2;HGF;MAML2;FAM13C;ADD3;DDX17;CEP126;ARGLU1;IDS;RHOBTB3;LDLRAD4;CREB3L2;RAMP2-AS1;NID1;GLCE;WEE1;WSB1;MIR99AHG;ETS2;CEMIP2;DYNC2I1;IL6ST;F2R;BZW1;ACSL3;NUCKS1;OTULINL;SELENOP;CYBRD1;MAN1A1;MFAP4;SLC39A14",1.7293261092404264,0.0015851847345029122,TRUE,
"MANNO_MIDBRAIN_NEUROTYPES_HOMTN",277,0.24112084326747013,1.3594292711569673,0.0016258368626142722,0.004522442767271884,"FNBP1L;ZFHX3;PRKACB;RAPH1;SH3PXD2A;ANK3;SEMA3C;LHX4;DNM3;MGAT5;RAPGEF5;SLC38A1;PLCB1;CNST;PLXNA4;KIF21A;SHROOM2;GARNL3;LRRN3;SYT7;KIF3A;RUFY2;RBMS3;CORO2A;ATP11C;SHTN1;SEMA6D;NMNAT2;SCN3A;LCOR;MAP4;VAT1L;EPB41L1;FRY;PMFBP1;CHN2;LYST;PDP1;KCNH8;EPHA3;STXBP5;RHOU;DNAJC6;SCN8A;GPR155;MAP1B;HSPA12A;ESRRG;DACH1;MEG3;CPEB3;RBFOX2;ABLIM1;NLN;CNTN4;RAB11FIP4;TRHDE;TMOD2;RELN;ZNF33B;ANK2;NFASC;PLCL1;CXADR;MAP6;CASZ1;GREM2;DOK6;SLIT3;DPYSL3;MAB21L2;NELL2;ARFGEF3;EDIL3;NALF1;NSG1;REEP1;MAPRE3;MCF2L;DMTN;SYT2;CHGA;GDAP1;MAP7D2;GNAL;SEMA3A;MAP3K9;ATL1;ACVR1B;NAPB;TLE4;RNF157;RAB9B;ATP6V1A;PHACTR3;ATP2B1",1.5434974991439931,1.2062678775392248e-4,TRUE,
"DURANTE_ADULT_OLFACTORY_NEUROEPITHELIUM_RESPIRATORY_SECRETORY_CELLS",20,-0.6144725526404161,-1.8087291472020368,0.001818024502437651,0.005037732018205094,"KRT7;CXCL8;ZG16B;CXCL1;CXCL3;LYZ;CLDN4;CXCL2;DMBT1;MAFF;ANXA1;CD55",-1.6702391123344353,0.03047326174729328,TRUE,
"HE_LIM_SUN_FETAL_LUNG_C5_PRO_B_CELL",445,-0.30095539402440363,-1.3918111341465014,0.0018826388114463093,0.005196942118289051,"CENPM;VAMP5;SAC3D1;S100A13;ZNF771;NENF;AURKB;PAFAH1B3;NCAPH2;MT2A;TK1;FANCG;TEDC1;CDT1;CDC20;CDC45;PXMP2;SLC2A5;NINJ1;CDCA4;MT1X;EBP;PKMYT1;PLK1;SLC43A3;SMCO4;GBP4;SPC24;CCDC167;C19orf48P;CENPW;PAQR4;RFC2;TUBG1;CKS1B;CHTF18;BCL2L12;MDK;POC1A;LST1;DTYMK;TYMS;MXD3;PRC1;PIMREG;FEN1;TRAIP;CFAP20;PCNA;ASF1B;CMC2;TPGS2;TMEM106C;ANXA2R;CDK2AP1;DHRS4L2;SAMD1;HAUS4;BIRC5;CDCA8;CDCA3;SLC27A3;CCNB1;PSRC1;CLEC11A;UBE2S;ILVBL;CCNF;POLD1;CCNB2;KIF22;ADA;AKIP1;DNAJC9;HIRIP3;CHAF1A;CDKN3;PTTG1;CCHCR1;AAMDC;PDZD11;UBE2T;RAB13;PIDD1;GNA15;SHMT1;GINS2;MCM2;ACYP1;IGFBP7;UCK2;DDB2;KIFC1;DYNLT2B;UHRF1;CHAF1B;GINS3;AIF1;TACC3;RCCD1;TROAP;ORC1;PHF19;E2F1;KIF2C;PARP2;KNSTRN;EGFL7;RMI2;OIP5;CDKN2C;PSMC3IP;TNFRSF1A;NCF2;LIG1;LILRA2;SKA1;CENPN;MCM3;GAMT;MIS18A;CDCA5;RAB34;TRIP13;RFC4;ZWINT;SEPHS1;MYBL2;ABHD12;SYNGR1;ARMH1;PCLAF;CENPH;GMNN;STMN3;HPRT1;LRR1;DONSON;UBR7;MAD2L1;ARHGEF39;FADS2;CENPO;LCP2;CCNA2;PRPSAP1;YEATS4;S100A1;CDC25C;VRK1;EXO1;CENPA;SMIM3;UNG;GINS1;MCM4;CENPU;RASD1;NDC80;ACAT2;CTBP2;SPC25;LMNB2;H2AC8;HJURP;SOCS2;FOXM1;MELK;PBK;ARL6IP1;RRM2;CMPK2;DDX11;ENOSF1;SHCBP1;REXO5;WDR76;MOV10;ORC6",-1.436265141069081,0.0013681734717758843,TRUE,
"DESCARTES_FETAL_SPLEEN_STROMAL_CELLS",23,0.5310040391518323,1.8167993612549242,0.0020573836286997176,0.005657804978924224,"UNC5C;LSAMP;RBMS3;CACNA1D;ESRRG;KLHL29;CADPS;CARMN;TMTC1;MAPK10;RARB;PHACTR3;DNM3OS;MKX",1.8608763405734738,0.005353923766468845,TRUE,
"GAUTAM_EYE_IRIS_CILIARY_BODY_ACTIVATED_T_CELLS",124,-0.3767327699835626,-1.5516994571939398,0.002328365405066683,0.006378842581427969,"COX4I1;RPS5;UBB;ATP5MG;METTL26;SNRPD2;PSMD13;RPS10;CD70;RACK1;CCDC85B;TRADD;SAP30;RPL35;FBXW5;MCUB;RPS23;UBALD2;CFL1;RPL17;RPL10A;CHST12;SNAP47;ZFAND2A;S1PR4;CYBC1;RPL9;OCIAD2;DHRS1;JPT1;CLIC1;GLRX;IL23A;RPL12;RGS19;DDB2;VSIR",-1.5167455370196372,0.009273680774292454,TRUE,
"LAKE_ADULT_KIDNEY_C1_EPITHELIAL_CELLS_UNASSIGNED",23,0.5254276536644529,1.797720083425391,0.0024314455186553916,0.006636200926856444,"RAPGEF2;MAST4;TAOK1;PBX1;PTPRD;FARP1;CSMD2;NHS",1.9208582960046452,0.003373106430557671,TRUE,
"DESCARTES_FETAL_PLACENTA_VASCULAR_ENDOTHELIAL_CELLS",83,0.3425493398158717,1.5995739321010933,0.0027492552940113317,0.007475503158997104,"LRP6;KDR;KL;RALGAPA2;PDE1C;CACHD1;TMC7;RAMP2-AS1;SHE;DLEU1;CDH13;ADGRF5;TEK;CD93;SOX7;ZNF521;JAM3;LDB2;PCDH17;CGNL1;CYYR1;ERG;CD34;DIPK2B;S1PR1;LHX6;CDH5;IL33;RASSF9;FAM124B;ADGRL4;APLNR;NOTCH4;AFF3;EXOC6;ST6GALNAC3;TMEM178A;BCL6B;ARHGEF15",1.8016340080276836,5.495075233395676e-4,TRUE,
"AIZARANI_LIVER_C10_MVECS_1",265,0.2474140580758986,1.3844554577081232,0.0028220886225691602,0.007644911716362725,"KLF7;BMPR2;PTPRB;TGFBR2;MAST4;ASAP1;EDNRB;ATP13A3;SHROOM4;GARRE1;EPAS1;CRIM1;NES;ARL15;KDR;SLCO2A1;ITGA6;UACA;LIFR;DOCK9;SNTB2;SASH1;RBMS3;APOLD1;SHE;FLT1;EMCN;A2M;GASK1B;TCF4;RUNX1T1;RPGR;FILIP1;ADGRF5;KCNN3;TEK;CAVIN2;PTPRG;DLC1;SPTBN1;HEG1;PLPP3;MCC;CD93;EDN1;COL4A1;SNRK;XIST;SOX7;EMP1;MYCT1;PRSS23;LDB2;ARHGAP23;PTPRM;JAM2;TMTC1;PCDH17;RDX;CDC42EP3;TNS1;CALCRL;IL6ST;TSC22D1;SPARCL1;F2R;DPYSL3;CYYR1;NOSTRIN;SYNPO;KLF9;ERG;ADAMTS9;TACC1;MMRN2;CD34;TSPAN18;ADAMTS1;S1PR1;FAM107A;C7;FZD4;CDH5;ARHGAP31;IL33;COL15A1;ARAP3;PGM5;CLIC4;LRRC32;PTPN14;MMRN1;ARHGAP29;F8;EFNB2;SPRY1;RPS6KA2;ECE1;PALM;CXCL12;THBD;DNASE1L3;ADGRL4;ELK3;GJA1;PECAM1;BHLHE40;PCDH12;PDE2A;GIMAP8;NOTCH4;APP;TPM4",1.7336232687062585,4.156326135139619e-6,TRUE,
"DURANTE_ADULT_OLFACTORY_NEUROEPITHELIUM_CD4_T_CELLS",30,-0.5483664217307662,-1.7864698630235119,0.0029299953402205305,0.007907719765799648,"HCST;IL32;RPS29;CD3D;CD48;CORO1A;CD52;GMFG;TRBC2;CXCR4;TRBC1;CD3E;TRAC;ARHGDIB;LTB;CD2;ACAP1",-1.6268136862137093,0.04271091336812346,TRUE,
"DURANTE_ADULT_OLFACTORY_NEUROEPITHELIUM_B_CELLS",34,-0.5230581378447828,-1.7413339674198272,0.002965944353712789,0.007975094817761055,"CD74;HLA-DQB1;HLA-DPB1;HLA-DRB1;HLA-DRA;HLA-DMB;CORO1A;CD52;LIMD2;LAPTM5;CXCR4;HLA-DQA1;LTB;CD53;CD83;BIRC3;CD37;IRF8;CD69",-1.5029496626533025,0.061703681047953124,FALSE,
"FAN_EMBRYONIC_CTX_MICROGLIA_1",148,-0.3618796638182585,-1.5321627477412463,0.0029870850003292293,0.008002301513797124,"SIVA1;CENPM;ANAPC11;AURKB;TUBB4B;H2AZ1;TK1;DDX39A;CDK2AP2;H2AX;CDC20;PLK1;MRPL18;CKS2;CENPW;NRM;CKS1B;DTYMK;MXD3;GLA;PRC1;PIMREG;PCNA;ASF1B;TMEM106C;BUB3;BIRC5;CDCA8;CDCA3;CCNB1;TUBA1C;CCNF;CCNB2;KIF22;CDKN3;PTTG1;UBE2T;H2AZ2",-1.6042673228718287,0.0023243002188754556,TRUE,
"BUSSLINGER_GASTRIC_PREZYMOGENIC_CELLS",56,0.3810177737354208,1.636707033009142,0.003105904699783088,0.008290025044273976,"NBEAL1;TTC3;AKAP9;THSD4;MAGI1;ANKRD50;GOLGB1;MECOM;SRRM2;ENAH;SOX4;SLC12A2;ARHGAP18;PLCB4",1.8661792306031955,0.0016739764805457082,TRUE,
"BUSSLINGER_GASTRIC_MATURE_PIT_CELLS",214,-0.339322878227886,-1.4935124378965783,0.003327179805916986,0.008848104538812204,"MYL6;DYNLL1;SMIM22;MT2A;PPIF;ACTB;CBR1;SECTM1;VAMP8;CRIP1;CD151;GSTP1;CFL1;CLTB;ANG;IFI27;CD63;ARPC1A;ALDOC;S100P;TFF2;PNPLA2;LMNA;CYSTM1;TMEM54;SGSM3;RHOC;TAGLN2;KCNK1;HSPB1;SH3BGRL3;YWHAH;MUC1;IFI6;TUBA1C;JPT1;SPINT2;S100A6;MYL12A;MAPK3;KLF2;MYL12B;SLPI;IL1RN;PLA2G10;KRT8;MGST3;S100A11;RNASE1;TMSB4X;KRT19;TESC;TST;POLD4;S100A14;ALDH3A1;DHRS7;TSKU;TACSTD2;EFHD2;TFF1;RDH13;FOXA3;PLAAT2;TSPAN3;PTTG1IP;CREB3L1;MT1G;GALE;EZR;EPN1;IL1R2;PLXNB2;LRP10;MLPH;CTSE;RIPK4;CD59",-1.4991856904969632,0.006081572698225834,TRUE,
"GAUTAM_EYE_CORNEA_CONJUNCTIVAL_CELLS",103,-0.390857558013286,-1.571093344472511,0.004027179540253143,0.010670556008115992,"AKR1A1;PLAAT4;SELENOH;PRELID1;KRT7;RPL28;BID;NUPR1;RPLP0;SPINT1-AS1;COX7A2;SLC25A5;TMED3;RPS29;IFI27;SH3BGRL3;TSTD1;EIF6;BIK;MUC1;CRB3;MIR200CHG;CLIC1;RPL41;HLA-B;TMEM165;STX11;FAM83A;PPDPF;FRMD8;RALGDS;CD82;GLTP;RDH13;HMOX1;ATP5F1E;MAP3K8;NIBAN2;H2AJ;INPP1;EMP2",-1.5503438184752745,0.013322089502093936,TRUE,
"DESCARTES_MAIN_FETAL_ACINAR_CELLS",30,-0.5400210339695444,-1.7592822323811894,0.004151476334019392,0.010959897521811196,"REG1A;LMAN2;SSR4;MSRB1;AKR7A3;MT1L;HEXD;DIRAS3;RARRES2;MID1IP1;TPRN",-1.6397241963727165,0.03862687407868816,TRUE,
"HAY_BONE_MARROW_CD8_T_CELL",67,-0.436722436733719,-1.6493195789772515,0.004204427121791989,0.011059471342105016,"GUK1;IL32;GZMH;ZNF683;LAG3;CCL5;LINC01871;SRSF7;CLEC2B;UBC;CD8A;GBP5;HLA-B;MFSD10;CRTAM;JMJD6;DUSP2;CXCR4;PPDPF;TRGC2;MT1F;CXCR6;TNFRSF9;MSC;RASAL3;KIF19",-1.4474920804476772,0.06991903188621904,FALSE,
"HE_LIM_SUN_FETAL_LUNG_C0_MYOFIBROBLAST_1_CELL",51,0.40080201293199175,1.6867825212105554,0.004466043378152014,0.011705225604831632,"PTCH1;SLC26A2;NKD1;SEMA3C;MYOCD;NOTUM;ZEB1;FENDRR;TAB2;TMEM100;ENC1;CXCL14;MYH11;PAG1;WNT11;CPED1;SYT1;WNT5A;REEP1;MSANTD4;RNF43;MTUS1;INTS6L;SLC4A4;RAI2;THBD;ARHGAP6;ADAMTSL2;PLPPR4;SLC9A6;LEF1",1.7365700142047331,0.008202347823270556,TRUE,
"AIZARANI_LIVER_C13_LSECS_2",271,0.23795246448637347,1.3367577693042283,0.004670801309133999,0.012164934394282425,"DENND4C;KLF7;PTPRB;AFF1;TGFBR2;ANKS1A;ASAP1;RASAL2;EDNRB;TUG1;PHACTR2;ATP13A3;GARRE1;EPAS1;KDR;SLCO2A1;RAPGEF5;MYO10;PREX2;LIFR;CUL4B;ADD3;DAB2;PDE7B;SNTB2;TBC1D4;ARHGEF7;SASH1;DAAM1;APOLD1;HIPK2;NID1;SHE;FLT1;EMCN;A2M;TCF4;ZNF117;RPGR;FILIP1;ADGRF5;TEK;CAVIN2;DLC1;HEG1;PLPP3;MARCKS;CD93;EDN1;MEG3;COL4A1;WSB1;AKAP12;ZCCHC24;ZNF160;PDK4;IL1R1;SLC16A1-AS1;MYCT1;PRSS23;LDB2;NPY1R;TLR4;PCDH17;RDX;RELN;MAN1C1;CALCRL",1.5648313566708,1.098221801737388e-4,TRUE,
"DESCARTES_FETAL_INTESTINE_STROMAL_CELLS",27,0.49175260510090235,1.7564885360401294,0.00467495412672837,0.012164934394282425,"BMP5;F2RL2;PDGFRA;CXCL14;LRP4;FZD10;FNDC1;ADH1B;CH25H;GLI1;ITGA11;TMEM119;TCF21",1.636000475084621,0.03708356325116996,TRUE,
"HE_LIM_SUN_FETAL_LUNG_C2_S100A12_HI_CLASSICAL_MONOCYTE",31,-0.5207883674713594,-1.7031065846795381,0.0047551919105141135,0.012329533310833023,"VNN2;MCEMP1;G0S2;S100P;S100A8;BST1;LILRA5;HK3;SLC11A1;TREM1;PELATON;CLEC4E;ASGR2;MGST1;ADM;CKAP4;RBP7;CDA",-1.4860485540513488,0.08024235190107722,FALSE,
"TRAVAGLINI_LUNG_ALVEOLAR_FIBROBLAST_CELL",151,0.2705451527849768,1.3821493845711033,0.0047742921401164986,0.012335003892258284,"USP53;PLEKHH2;DST;ZNF106;MACF1;ITGA8;ITGA2;LSAMP;CES1;HMCN1;BMP5;SERINC5;ROBO2;NEBL;LRRN3;ABCA8;PDGFRA;LAMA4;NPNT;CAMK2N1;A2M;SVEP1;CDH13;MAMDC2;PER2;OLFML3;IGSF10;PIEZO2;SGCD;SPTBN1;CHRDL1;SLIT2;ADAMTS8;MME;GPC3;ABI3BP;NABP1;KANK4;NCAM2;COL8A1;CYP3A5;GPM6B;ANGPT1;COL6A3;TMT1A;DYNC2LI1;SRGAP1;MOXD1;CYP7B1;LIMS1;ABCA6;ADH1B;MFAP4",1.5351344538976022,0.001429484654033791,TRUE,
"AIZARANI_LIVER_C5_NK_NKT_CELLS_3",114,-0.37033090491443016,-1.508128667042701,0.005600046299887058,0.014417140474177319,"PFN1;HCST;PLAAT4;GNLY;CCL3L3;CCL4;NKG7;GZMA;TYROBP;CCL5;CCL4L2;RAC2;CD7;CTSW;PRF1;HLA-F;IFITM1;ARPC5L;CORO1A;TRBC2;CD247;FCER1G;KLRD1;ADGRE5;PITPNC1;DUSP2;CXCR4;SRGN;ALOX5AP;ARHGAP9;PLEK;ITGB2;CD3E;BTG1;CXCR6;ARHGDIB;CD53",-1.324580981444981,0.10447382992501383,FALSE,
"FAN_EMBRYONIC_CTX_MICROGLIA_3",18,-0.6079608681067056,-1.74176842410265,0.005646782375678122,0.01445110341266643,"LGMN;CTSD;C1QC;C1QB;TREM2;ALOX5AP;CTSB;FOLR2;CTSC;SLC1A3",-1.5524402814950642,0.06423127215781924,FALSE,
"TRAVAGLINI_LUNG_SEROUS_CELL",72,-0.4165039486174641,-1.5944198007587085,0.005653048717902571,0.01445110341266643,"SSR4;SELENOM;WFDC21P;PHB1;SMCO4;FKBP11;AIF1L;ZG16B;PPP1R16A;LRRC26;PYCR1;MARCKSL1;FUOM;PKDCC;CDC42EP5;SLPI;LYZ;TESC;NPDC1;XBP1;TPD52L1;NUCB2;BARX2;WFDC2;GMDS;KCNN4;DMBT1;HSD17B2;RBP7;S100A1;PPP1R1B;TCN1;NDRG2;S100B;CYP4X1;GNAS;AZGP1;FAM3D",-1.6864765456619204,0.004526723368610354,TRUE,
"DESCARTES_MAIN_FETAL_PARIETAL_AND_CHIEF_CELLS",95,-0.39630879537608044,-1.5813020685535946,0.005779297516283329,0.014721999988848058,"MTFP1;ATP5ME;SERF2;COX6A1;NDUFS3;MRPL41;ATP5PO;MRPL12;MRPS18A;UQCRQ;TXNDC17;MCRIP2;COMTD1;PXMP2;STARD10;BCAT2;MRPS18B;TRNP1;DUSP4;PRR13;TBRG4;FAM162A;HPCAL1;GLOD4;CYB5R1;ANKRD16;MCF2L-AS1;FUT1;TMEM86B;GPRC5C;TFF1",-1.657409947969638,0.006387483145982849,TRUE,
"DESCARTES_FETAL_ADRENAL_SLC26A4_PAEP_POSITIVE_CELLS",37,-0.482533724414724,-1.6449199913479275,0.005815639472060712,0.014762777121384883,"VMO1;ZNF683;BAK1;TYMSOS;LYG1;ZNF296;ELAC1;EXOC3-AS1;ZC3H12A;IL1A;CASC8;ATP2A1;MRGBP;ANO7L1;VPS9D1-AS1;CTF1;CCT6B",-1.5850789593441028,0.024037463278441567,TRUE,
"DESCARTES_MAIN_FETAL_CSH1_CSH2_POSITIVE_CELLS",83,-0.39963450533812617,-1.545326142532848,0.005898147623835419,0.014920052874231758,"NPRL2;TRAPPC3;RPS13P2;TOR2A;RPL13AP5;RPL5P4;DNAJC17;TNIP2;CYB5R2;DPH7;EIPR1;TMEM175;VPS72;DOLK;SARS2;SNRPG;DNAJC8;MRPL48;ALKBH1;AIFM2;AKIP1;NPIPB5;TOM1;PREB",-1.6286253660184131,0.006249840905153806,TRUE,
"DESCARTES_MAIN_FETAL_PDE11A_FAM19A2_POSITIVE_CELLS",24,0.5232512776480591,1.8353055063140613,0.006058536438005283,0.015272560604138318,"ANKRD28;ERCC6;DAAM1;PCLO;SCN8A;FILIP1L;PDE11A;SLIT2;RELN;HLF;SEMA3A;GABRA2;SH3BP4;PCDH7;CACNB4",1.8473711409941107,0.009057046361839684,TRUE,
"HE_LIM_SUN_FETAL_LUNG_C7_SCHWANN_PRECURSOR_CELL",215,-0.3240922976188609,-1.4244713362821413,0.006200533059431316,0.015557208716608109,"CENPM;POLA2;AURKB;H2AC20;PPIF;TK1;CDT1;CDC20;CDCA4;PKMYT1;PLK1;SPC24;CENPW;BCL2L12;SLC15A3;POC1A;TYMS;MXD3;PIMREG;FEN1;PCNA;ASF1B;RBM38;HSPA6;BIRC5;CDCA8;CDCA3;CCNB1;PSRC1;REEP4;YBX3;BAG3;CCNB2;CHAF1A;CDKN3;PTTG1;UBE2T;GINS2;MCM2;IER5;KIFC1;UHRF1;TACC3;TROAP;IMPA2;TMEM51;PHF19;E2F1;KIF2C;CRYM;OAF;RMI2;TP53;TPD52L1;CENPN;MCM3;DNAAF5;MIS18A;BCAT1;CDCA5;TRIP13;RFC4;ZWINT;CMTM7;MYBL2;CENPH;GMNN;MAFF;MGST1;LRR1;MAD2L1;CENPO;GGCT;CCNA2;VRK1;CENPA;RRS1;MCM4;CENPU;NDC80;SPC25;HJURP;SLC1A5;FOXM1;MELK;PBK",-1.4080428761836203,0.013896390516164965,TRUE,
"HE_LIM_SUN_FETAL_LUNG_C1_PROXIMAL_SECRETORY_3_CELL",206,-0.32673192563473774,-1.4307601628547695,0.0062143120217856085,0.015557208716608109,"VAMP5;PLAAT4;KRT7;NUDT8;NUPR1;IL32;PSMB10;TNFRSF14;PRADC1;NDUFA4L2;SFN;PAQR4;BORCS8;HS3ST1;HCAR2;MPDU1-AS1;S100P;PFKP;BSPRY;MESP1;IFITM1;ISG20;NXPH4;SREBF1;SOD3;CDR2L;BIK;ASS1;IFI6;S100A9;TFAP2A;CCNO;LGALS9;FUOM;GABRP;GLIPR2;FXYD5;TNFAIP2;SLPI;HLA-B;GNA15;CXCL1;BST1;RGS10;VSIR;N4BP3;MAP3K6;PAX9;OSCP1;MX1;NPDC1;LCN2;DUS1L;FUT3;CLUH;LSP1;KLK11;LYN;CD82;PLAAT3;TBC1D30;KRT15;TONSL;SAMHD1;KRT6B;SEZ6L2;CKMT1B;RHOV;COG8;ANXA1;S100A2;CAPS;MAFB;GTPBP2;ALPL;TNFSF10;LYPD6B;TRIM29;PKP1;A4GALT;IGFBP4;SLC1A5;SULT2B1;PHLDB3;FAM3D;HEY2;SIX1;MUC4;MSLN;AGR3",-1.4000485961757985,0.022548390759834065,TRUE,
"ZHENG_CORD_BLOOD_C9_GRANULOCYTE_MACROPHAGE_PROGENITOR",96,-0.3833152755819028,-1.5280868037775295,0.006338591395295876,0.015813805336717546,"PFN1;SERF2;GADD45GIP1;GAPDH;TMSB10;H1-10;ENO1;CP;PIM3;LGALS1;VAMP8;CALR;TUBA1B;ATP5F1B;GSTP1;CFL1;TAGLN2;HLA-A;PSMA7;ACTG1;BIRC5;CLEC11A;PEBP1;HLA-B;GYPC;IGFBP7;LYZ;PA2G4;PLEK;PTMA;HMGN2;TNFSF13B;HNRNPM;DNAJC1;B2M;NUCB2",-1.478850486835717,0.03936899381751242,TRUE,
"CUI_DEVELOPING_HEART_C1_5TH_WEEK_CARDIAC_CELLS",72,-0.41429837247680773,-1.5859766292535729,0.006622115630862978,0.016464575164405897,"PRDX2;TXNDC17;NAXE;TMEM141;FDPS;KRT18;SPINT2;IDH2;CSRP2;TNFRSF12A;CALB2;KRT8;ISYNA1;TNNT1;KRT19;NME4;KLK6;TM7SF2;MDH1;COA1;DDIT3;CDH3;BZW2;EZR;HACD1;GMNN;MGST1;EMP2;DMKN;HSPA5;UCHL1;RASD1;NHERF1;EIF3M;VSNL1;TMEM98;REC8;SNHG17",-1.6983156640041301,0.0036150954703676403,TRUE,
"DESCARTES_FETAL_LUNG_STROMAL_CELLS",28,0.46932395798955023,1.709642394633562,0.006782690325584009,0.016806256574655256,"ITGA8;MYOCD;BMP5;PDGFRA;LAMA2;PGR;CACNA1D;SLIT2;TRHDE;HPSE2;FGF7;ABCA6;ZNF385D",1.8131333159053784,0.007254549997737863,TRUE,
"DESCARTES_FETAL_EYE_MICROGLIA",140,-0.3476269398168361,-1.4580890035217577,0.0068570204379384235,0.016932642305929575,"HLA-DMA;CD74;HLA-DRB1;HLA-DRA;LGMN;C1QC;ZFYVE19;HLA-DPA1;RNASET2;C1QB;C1QA;CD14;PLK3;CD247;SPI1;CLPB;SPP1;LAPTM5;PIK3AP1;SP140;PLEK;ITGB2;LAT2;VSIG4;RAB20;CYTH4;HCK;RHOH;TRPM2;NCF2;FMNL1;FBP1;CD83;KLRK1-AS1;CDCA5;PTAFR;SLC7A7;AZIN2;ITGAM;GAL3ST4;MKNK1;CD37;CCL2;GLIPR1;JAK2;SMAP2;MS4A6A;MYO1F;APBB1IP;TRMT44;ADAP2;IRF8;LY86;SKAP1;VAV1;SIGLEC10;CSF2RA;RHBDF2;ITGAL;CSF3R;KCNK13;FGD2;ADAM28;ARHGAP22;TFEC;CLEC7A;MS4A7;TLR2;NCKAP1L;TBXAS1;CSF1R;IL10RA;ARHGAP15;PIK3R5;NRROS",-1.237076463648333,0.1950389540610728,FALSE,
"HAY_BONE_MARROW_IMMATURE_NEUTROPHIL",189,-0.3277952508402946,-1.425443416384539,0.006893744125854789,0.01696562113684941,"UBA52;PCBP1;GPX4;ATP6V1F;CIMAP1B;CCL3L3;NPC2;NINJ1;UPP1;SECTM1;TMEM219;CARD19;CRIP1;MGAT1;NFKBIA;SAT2;TRMT1;RELT;BCL2A1;IER5L;G0S2;CEBPD;PCBP2;EMP3;METRNL;RNF19B;BCL3;GRINA;IFI6;ZNF385A;ICAM1;HPSE;PHLDA2;FUOM;TMEM70;FCGR1A;TNFAIP2;CEBPB;PPT1;ZDHHC1;LGALS2;IFNGR2;IL1B;IER5;CPVL;CTSB;RAB20;EVI2A;SEC11A;FCGR2A;C15orf39;RHOA;HMOX1;IFI30;LACTB;RIPK2;CD86;DDIT3;MAP3K8;RAP2B;AHR;SLC43A2;BNIP3L;APOBEC3A;PRKAG2-AS1;MAFB;LCP2;MARCO",-1.3158411823389158,0.07739070580567349,FALSE,
"GAO_SMALL_INTESTINE_24W_C4_ENTEROCYTE_PROGENITOR_SUBTYPE_2",84,-0.3985191887655297,-1.543448096833573,0.007629670834791892,0.01871331427722606,"GCHFR;RARRES1;IL32;C8G;PRSS3;PNP;ZDHHC12;G0S2;ACP5;RAB25;S100A9;OCIAD2;GLRX;SEC11C;NAGS;RBP4;MS4A8;TMEM86B;RBP2;PNCK;TSPAN13;MFSD2A;CFB;FBP1;OSGIN1;GJB1;IFI30;ATP1B3;SLC7A7;DOK7;SMIM1;CTSA;ALPI;ABRACL;DPP4;ALDOB;STARD5;SMIM24;TM4SF20;TMT1B;AQP1",-1.56422281249762,0.012535370469617675,TRUE,
"HE_LIM_SUN_FETAL_LUNG_C2_APOE_POS_M2_MACROPHAGE_CELL",462,-0.285485692736157,-1.320710262476023,0.007782451061547462,0.0190201191034653,"VAMP5;HSD3B7;NUPR1;GFER;RARRES1;MFSD12;SIL1;AMDHD2;CREB3;ACP2;VMO1;GAS2L1;UPP1;C1orf122;PRADC1;DHRS7B;ZFYVE21;APOC1;DNASE2;HAGHL;MED31;SMUG1;ZMAT5;CD151;IL4I1;IFI27;HYAL2;ALKBH4;NTMT1;APOE;PFKP;SDSL;LMNA;CYSTM1;AP5S1;PICK1;HLA-F;LONP1;ETV5;TSPAN15;ACP5;CHCHD6;COPRS;PCYT2;MFSD5;TMEM203;SREBF1;NECTIN2;BOLA3;FABP3;IFI6;MSTO1;SQOR;C11orf96;HPSE;C2;LZTR1;TMEM9;GBP1;SLC35F6;ADCK2;UCKL1;CENPB;VEGFB;RAB35;TREM2;TFPT;RMND5B;NAGLU;SPP1;BACE2;PPIC;ACADS;APOL1;PDZD11;TMIGD3;BSCL2;C1orf54;DNAJC30;CXCL3;SLC38A6;INTS5;IFIT3;FECH;BRF2;TRIM47;HK3;EEF2KMT;RPP25;HECTD3;ATP13A2;FCGR3A;SLC35A4;MORN2;PLOD3;CD72;KIFC3;PDLIM7;PNPO;UBASH3B;MX1;LYSET;FLVCR2;GPX3;SGSH;NPDC1;DHX58;PARP12;NR1H3;PCK2;ARHGAP10;CARM1;PDE6G;ZNF76;RAB42;SERINC2;SLC67A1;GBP2;B3GALT4;RALGDS;DNASE1L1;CD82;CD40;PELATON;SLC1A3;SMYD3;TP53I3;FBP1;CD276;PPME1;GBA1;SIGLEC7;IKBKE;TMEM138;SIGLEC9;DAPK1;MSR1;AGAP3;VPS37C;NIBAN2;LGALS3BP;ACOT13;FCGR3B;RNF26;SLC35A2;RCL1;PLA2G15;GAL3ST4;SLC48A1;IFI44;METTL13;PLEKHM2;VAT1;IGSF21;NFAM1;CD59;TOR1B;PLVAP;CETP;ADORA3;PAPSS1;IFI44L;TNFSF12",-1.2701375218388604,0.03936899381751242,TRUE,
"SU_HO_CONV_CENT_CHONDROSARCOMA_STROMAL_C3_FIBROCARTILAGE_CHONDROCYTE",69,-0.422314834002861,-1.6036847828873946,0.007807156326215784,0.0190201191034653,"GAPDH;TUBB4B;SDF4;NDUFA4L2;TOMM7;PFKP;NXPH4;PLD3;DOK1;SPINT2;CA9;RPL15;AVPI1;ANGPTL4;P4HB;PPDPF;PDLIM4;MDFI;TSC22D4;TPD52L1;GPRC5C;LOXL3;SERPINA1;P4HA1;PAPSS1;APLN;S100A1;P4HA2;CIRBP;PGM1;EPS8L2;SNORC;CHADL;SLC25A37;RPL4",-1.3736263878222998,0.11205469735182849,FALSE,
"CUI_DEVELOPING_HEART_TRABECULAR_VENTRICULAR_CARDIOMYOCYTE",97,-0.37721790731052507,-1.5035267259257203,0.008139621623903932,0.019763763541653025,"SDF2L1;COX6A1;H2AC25;TRAPPC3;NOP16;EBP;SIGMAR1;CD320;RTCB;LRPAP1;BUB3;SPINT2;REEP6;TNFRSF12A;KRT8;TNNT1;KRT19;DNAJB1;MRPL13;ISOC1;HNRNPL;ABHD16A;TSPAN13;COMMD10;DEPP1;RGS3;DDIT3;CDH3;TMEM88;CYP51A1;GALE;ABHD12;FAM118B;GMNN;DHCR7;MGST1;TIMM17A",-1.437947150309556,0.04672503380114646,TRUE,
"DESCARTES_MAIN_FETAL_BIPOLAR_CELLS",24,0.5059210522456342,1.7745196860678139,0.008547591014484273,0.02068517025505194,"NCKAP5;LHX4;CRYBG3;NRG1;MAP7;AGAP1;ZNF223;CADPS;TRMT9B;C3orf70;PRICKLE2;MACROD2;LINC01291;SV2B;ACKR1;MRPS30-DT;TDRD6",1.7873136155415497,0.013660023219539477,TRUE,
"DESCARTES_MAIN_FETAL_ASTROCYTES",19,0.5435933177431383,1.7937972946267136,0.008702594579060325,0.020990311177401317,"PTCH1;WIPF2;SNCAIP;CACHD1;RFTN2;ATP1A2;FZD10;GPM6B;LINC02568;ST8SIA1;BOC;ADGRG1;PTN",1.9412610365147085,0.005353923766468845,TRUE,
"HE_LIM_SUN_FETAL_LUNG_C2_NON_CLASSICAL_MONOCYTE",16,-0.593820770882409,-1.6451230932384393,0.00890827285742392,0.021415251968509158,"IFITM1;CLEC12A;LILRA5;HK3;FCGR3A;GBP2;PELATON;GCH1;BIRC3;APOBEC3A;PTGIR",-1.4989614771701727,0.09063217816838111,FALSE,
"DESCARTES_FETAL_PLACENTA_SYNCYTIOTROPHOBLASTS_AND_VILLOUS_CYTOTROPHOBLASTS",46,0.38823179885295855,1.6087819392333103,0.009066228317839719,0.021723042108091208,"POF1B;ZNRF3;TTPA;NRXN3;TMEM150C;RASSF6;SLC22A11;SLC38A9;L1TD1;CRISPLD1;SLC6A4;FAM118A;SIGLEC6;LGR5;SLC13A4",1.4534595684182001,0.057069587792639806,FALSE,
"TRAVAGLINI_LUNG_BASOPHIL_MAST_1_CELL",262,-0.3042991577050129,-1.359830122635166,0.009224765301576178,0.022030196082053637,"DYNLL1;STOML2;NENF;GPX4;ATP6V1F;RARRES1;SOCS1;ACOT7;NDUFAF3;TSPAN4;ARL2;PRDX1;SLC43A3;NSMCE1;CTSD;NFKBIA;CD63;RPL36AL;GMPR;AP2M1;RAC2;HS3ST1;DAD1;SDSL;LMNA;CYSTM1;LTC4S;COX7A1;TNFRSF4;LMO4;SNHG8;CHLSN;SPINT2;AKIP1;DNAJC9;RHBDD2;LYL1;PEBP1;BACE2;FXYD5;RAB38;TNFRSF12A;NDUFA4;RENBP;RNF130;PROCR;RGS10;PKIG;ASRGL1;KRT19;TESC;SRGN;CAPG;PTGS2;BATF;ALOX5AP;LAT2;PARVB;TUBA1A;MARCHF3;TUBB6;ING2;BLVRA;EGFL7;TSEN54;CNIH1;RHOH;CD82;SERPINB1;DUSP10;SMYD3;ZNRF1;LDHB;MBOAT7;MAOB;PMP22;ANXA7;RAB34;TFG;MLPH;VAT1;RGS2;ANXA11;CD59;RAB27B;CD44;ANXA1;UMPS;GPR65;CSF1;CSTPP1;SMIM3;NDRG2;TMEM44;RAB32;CD33;CD69;DUSP1;CD9;CATSPER1;COX17;SLC1A5;ITM2C;TMOD1;FHL3",-1.315892291052965,0.0419129599072911,TRUE,
"HE_LIM_SUN_FETAL_LUNG_C6_DEUTEROSOMAL_CELL",200,-0.32278854698865933,-1.4085960477322732,0.009716122720401388,0.023127557688561996,"MTFP1;PGP;ACOT7;TEDC1;CDT1;CDC20;CDCA4;FADD;PLK1;RASSF1;SLC43A3;CTNNBIP1;CKS2;C19orf48P;CENPW;PAQR4;TUBG1;CHTF18;BCL2L12;POC1A;TYMS;PRC1;TEDC2;PPP1R14B;ASF1B;MIIP;CDKN2D;RANGAP1;BIRC5;CDCA8;MIF4GD;PCCB;CCNB1;MARCKSL1;UBE2S;GSKIP;NUDT6;CCNB2;GLRX;CHAF1A;PTTG1;BMAL2;UBE2T;FAM216A",-1.4484198429353279,0.013800889610771857,TRUE,
"TRAVAGLINI_LUNG_MYELOID_DENDRITIC_TYPE_1_CELL",19,-0.5926047849764238,-1.7245050164715907,0.010087671311332161,0.023933494679827284,"CST3;HLA-DRB5;SNX8;CTSZ;SPINT2;CXCL16;GAS6;HLA-DQA1",-1.6578782154284544,0.03708356325116996,TRUE,
"BUSSLINGER_GASTRIC_NECK_CELLS",29,-0.5183329724392374,-1.6726846677540457,0.010179830808015477,0.024073476112766244,"MUC6;CST3;PGC;TFF2;ETV5;MMP1;COL11A2;LYZ;ERGIC1;NOP53;PDIA2;ERN2;CREB3L1;KCNN4",-1.309420121165637,0.20324058364438413,FALSE,
"HE_LIM_SUN_FETAL_LUNG_C2_ADC_2_CELL",100,-0.36997169437271094,-1.48621121469144,0.010314176864386878,0.024311988323197642,"IDO1;MT2A;TNFRSF18;GMPPB;CREB3;STARD10;VMO1;CXCL10;HES4;SH2B2;CD274;CDC42EP1;IL4I1;GBP4;TNIP2;CCDC28B;HLA-F;ISG20;NECTIN2;APOL3;TRAF2;GBP1;CXCL9;HLA-DQB2",-1.2793106880477587,0.1490892857142857,FALSE,
"HE_LIM_SUN_FETAL_LUNG_C2_PROMYELOCYTE_LIKE_CELL",38,-0.4758813167539578,-1.6257460843605545,0.011155797880223518,0.026210709582661078,"CENPM;TK1;NKG7;CDT1;NT5DC2;MCM7;S100P;TYMS;CITED4;CLEC11A;GINS2;MCM2;UHRF1;SLC2A4RG;NUCB2;PCLAF;SERPINB8;MCM4;CENPU;RGL4",-1.6784106186829078,0.01496001389701709,TRUE,
"HE_LIM_SUN_FETAL_LUNG_C0_INTERM_CHONDROCYTE",59,0.34494679307443943,1.4972296849312428,0.011368394784952928,0.02662404714153492,"THSD4;HHIP;NOTUM;MECOM;AMOT;PLEKHG1;YPEL2;COL9A3;CAPN6;SOX5;FOXP2;CRISPLD1;SOX9;COL2A1;DAAM2;CDC42EP3;TYRP1;HAPLN1;ACAN;SOX6;COL15A1;COL9A1;SEMA6A;SUSD5;BOC;PRELP",1.6521301699109257,0.0103526311016653,TRUE,
"CUI_DEVELOPING_HEART_C6_EPICARDIAL_CELL",174,-0.32940319987183947,-1.4150031679178308,0.011993028089294101,0.027996586472114206,"PLAAT4;KRT7;NUPR1;LY6E;FKBP2;HCFC1R1;RARRES1;CRLS1;EPHB6;PLLP;CRIP1;RASSF7;CARHSP1;HSBP1L1;MT1E;TIMP1;TGM1;HLA-C;NNMT;PDZK1IP1;CYSTM1;FKBP11;PLA2G2A;CARD16;KRT18;TOGARAM2;ASS1;S100A6;SLPI;LGALS2;CLIC3;CA9;PROCR;CALB2;KRT8;TNNT1;RARRES2;VSIR;KRT19;UPK3B;NMU;TNFRSF1A;KLK11;CFB;PLAAT3;TSPAN3;PDIA2;DAPK1;CDH3;CHAC1;LGALS3BP;EZR;SEZ6L2;SAT1;MGST1;CD200;RNASE4;PDGFRL;SLC39A8;TOR1AIP2",-1.2788591402166913,0.12457673652420609,FALSE,
"ZHENG_CORD_BLOOD_C5_SIMILAR_TO_HSC_C6_PUTATIVE_ALTERED_METABOLIC_STATE",67,-0.4102456268672093,-1.5493276453630906,0.01265392776822125,0.029444716537591755,"C12orf57;TUBB4B;H1-10;H2AC20;CD74;HLA-DQB1;HLA-DRB1;HLA-DRA;CXCL8;SELENOK;NFKBIA;MDK;TMEM107;CLEC2B;APOL3;CD52;H4C5;DUSP2;JUNB;TPT1;GADD45B;RIPK2;SEZ6L2;HOPX;MAFF;HSPA5;TRA2B;IER2;CD69;DUSP1;H2AC8;SOCS2;SKAP1",-1.4251089553334861,0.07886437542049787,FALSE,
"DESCARTES_MAIN_FETAL_AFP_ALB_POSITIVE_CELLS",77,-0.3917838855959813,-1.5075225011160893,0.01288774758510235,0.02989298641145146,"F12;DGCR6L;PDF;SDHAF1;CBR1;NDUFA4P1;MT1X;GSTZ1;TMEM161A;TMEM187;FTLP3;PTGES3P1;INO80E;MT1M;ADH5;PEBP1;ATF5;SERPINA5;SPRYD4;MT1F;TMEM177;DGCR11;TMEM150A;RDH11;LRG1;MT1G;ACOT13;BBC3;SERPINA1;DUSP9;RPL7AP50;MAIP1",-1.6211836110198192,0.006511750335408378,TRUE,
"MANNO_MIDBRAIN_NEUROTYPES_HOPC",265,0.23164925249973617,1.296240296090548,0.013265669349743056,0.030671579451953694,"SH3D19;GAB1;AFF1;OPHN1;ELF1;PLEKHH2;EDNRB;BCLAF3;DNM3;UBL3;XYLT1;SOX9-AS1;MAML2;DOCK1;PRKCA;SERINC5;CASK;EGFR;EFCAB14;INHBB;CA1;LUZP2;PCDHGC3;TAF1B;ITPR2;PDGFRA;ARHGAP42;PDE1C;SERPINE2;SCN3A;COL9A3;ATP2B4;BCAN;RFTN2;LRP1;SPATA6;MMP16;SOX5;AKAP7;ZCCHC24;LHFPL3;TAOK3;SOX9;SHC3;TRIM68;COL2A1;ZMAT3;TMOD2;SGO2;ITPKB;ARHGAP23;CSGALNACT1;LIMA1;CREB5;SLC44A1;PCDH17;TNS1;ZGRF1;NCAM2;KIF14;ITGAV;CALCRL;GRAMD1C;LGR5;GPM6B;ATP1B2;CMYA5;SEL1L3;SLC15A2;NLGN3;TMT1A;NALF1;GFOD1;ERBB3;MAP3K1;SLC35F1;ZFP36L1;ADAMTS3;SOX6;GNAL;COL9A1;ITGB8;BOC;SPRY4;EPN2;GNG4;NFIX;ADAMTS6;KIF13A;ARHGAP11A",1.4059571916286202,0.005372150719364761,TRUE,
"TRAVAGLINI_LUNG_PERICYTE_CELL",109,0.2754132515592974,1.3520484071725263,0.01390841844214048,0.032055592980933294,"SEMA5A;PDZD2;PLCE1;PCDH18;RGS5;CLMN;MYO10;FARP1;PREX2;PLCB1;CDH6;ADAMTSL3;GUCY1A2;FOXF1;SEMA6D;MYO1B;GJC1;APOLD1;NID1;SORT1;SLC12A2;SGIP1;ADGRF5;COL4A1;TNFRSF21;ITGA1",1.6395633478413234,0.0015863148393632318,TRUE,
"BUSSLINGER_ESOPHAGEAL_QUIESCENT_BASAL_CELLS",74,-0.39040556959392075,-1.4937421548060357,0.014452034606636686,0.033135998230573706,"RACK1;RPL13;RPS3;FTH1;RPLP1;IFITM3;CD81;RPL13A;RPL3;RPS6;IFITM1;GAS5;SNHG29;ASS1;RPL10;EEF2;RPS3A;RPL5;EEF1A1;PDLIM1;KRT19;HSPA2;JUNB;SLC1A3;KRT15;NOP53;ATP1B3;IL1R2",-1.550063564759519,0.01753051720467244,TRUE,
"HU_FETAL_RETINA_RPC",92,-0.3730336652719213,-1.4826030173616527,0.014468473056600364,0.033135998230573706,"CENPM;MCM5;AURKB;H2AZ1;RAN;SNRPB;IFITM3;CKS2;C19orf48P;CKS1B;SRSF7;MCM7;MDK;TYMS;PIMREG;PCNA;HMGA1;SNRPG;CCNB2;PTTG1;SPP1;UBE2T;GINS2;MCM2;UHRF1;HMGN2;ODC1;HMGB2;MCM3;ZWINT;NASP;PCLAF;SRSF2;GMNN;ZIC2",-1.422773422740369,0.053182744293937795,FALSE,
"DESCARTES_FETAL_SPLEEN_AFP_ALB_POSITIVE_CELLS",123,-0.3532185649777483,-1.4519044049807714,0.01603192817059519,0.03660119450267959,"F12;DGCR6L;GRHPR;MT2A;MSRB1;GALK1;MT1X;APOC1;SLC25A10;MT1E;PCBD1;CYB5A;APOE;VMA12;PCYT2;CPS1;C2;AMN;PEBP1;ATF5;AGPAT2;SERPINA5;SPRYD4;RBP4;ACAA1;MT1F;TM7SF2;AMBP;TM4SF4;SERPINF2;GJB1;GAMT;TMEM150A;PEG10;APOM;PRAP1;ASGR2;MTTP;LRG1;CYP51A1;MT1G;DHCR7;MGST1;LINC02532;SERPINA1;DUSP9;RBKS;GSTA1;F5;ALDOB;GLUD1;MT1H",-1.5411858629117279,0.012414399756170673,TRUE,
"GAO_LARGE_INTESTINE_24W_C8_GOBLET_CELL",40,0.378656735713765,1.5011753481805912,0.016199478833394253,0.03678663699785751,"SORL1;SYTL2;CEACAM5;ZMYND8;MAP7;SYT7;PLEKHA6;RASEF;SBNO1;BCAS1;ZG16;UGT2B7;FER1L6;GALNT3;FAM110C;STXBP5-AS1;CHGA",1.3793518857371854,0.08596388102761683,FALSE,
"RUBENSTEIN_SKELETAL_MUSCLE_FAP_CELLS",172,-0.32639010036802424,-1.3999512771177545,0.01621449564643857,0.03678663699785751,"S100A13;SSR2;NUPR1;GPX4;PPIB;SSR4;CST3;NPC2;ATP6V0E1;SELENOM;TSPAN4;PRDX1;ATP5MC1;CD63;TIMP1;CYB5A;CKS1B;ATRAID;CD81;LMNA;PRDX4;EMP3;IGFBP6;NDUFS4;ANXA2;SELENOS;TMEM14C;S100A6;CSTB;PTGDS;CYB5R3;S100A11;IGFBP7;JUND;REEP5;GPX3;HSD11B1;S100A4;DHRS7;LSP1;KDELR2;KRTCAP2;PSAP;AKR1B1;PMP22;SLC66A3;LGALS3BP;LTBP4;HTRA3;MGST1;PCOLCE;SPON2;PDGFRL;CD99;HSPA5;ANXA1;CFD;TMED2;S100A10;COL6A2;ARF4",-1.2626756827067225,0.15752929263706061,FALSE,
"FAN_OVARY_CL11_MURAL_GRANULOSA_CELL",429,0.2044291551105335,1.1938689654652266,0.01801603258802997,0.040746540993488345,"TEAD1;MED13L;BMPR2;TCAF1;AKAP9;AFF4;DSP;RBBP6;DST;FNDC3B;ATXN1;MACF1;PHACTR2;SOWAHC;KIF5B;KTN1;LPP;ABI2;NFE2L2;MSI2;LAMC1;KDM5A;CELF1;ZBTB10;HUWE1;YAP1;MYO10;PPP1R12B;MYO6;ZNF326;BAZ1A;WAC;OTUD7B;TJP1;H3-3A;PUM1;DCP1A;ENAH;RYBP;SEC31A;RAB5A;DDX17;SOX4;KIF1B;YPEL2;ITSN1;HSPH1;PHF6;MARCHF7;TBC1D4;TNPO1;ANKRD11;ITGB1;PKN2;PNN;RHOBTB3;DAAM1;SERPINE2;PPP4R2;SRSF11;RSRC2;NOP58;KLHL24;GASK1B;RBMS1;USO1;UBE2H;ARIH1;CDK6;EPDR1;EPS8;PPARG;ARHGAP18;PAWR;SEPTIN10;SLC5A3;CSPP1;FGD4;IGF1R;IGF2BP2;BBX;MARCKS;PDLIM5;FILIP1L;THAP9-AS1;KLF6;HSDL2;COL4A1;WWC2;ENC1;LRRFIP2;PLA2G12A;XIST;TIA1",1.2433527794138208,0.018922569819008816,TRUE,
"GAUTAM_EYE_IRIS_CILIARY_BODY_PIGMENTED_CILIARY_BODY_CELLS",120,0.27529232075439236,1.37909387972906,0.018207198344200308,0.04105101241580566,"SKIC3;REV1;TRIM33;CAPN7;KIAA1217;ZNF91;KTN1;HOOK1;PNISR;MSI2;TNS3;FNIP1;FNBP4;RUFY3;CDH6;CGGBP1;TTC14;SNX13;FAM13A;ITFG1;KHDC4;AHSA2P;DNAJC3-DT;EPB41L1;MFAP3L;WDFY1;CLTC;VCL;KLHL3;PTPRG;NUMA1;NBPF10;HIF3A;LRRFIP2;TIA1",1.3113044712309037,0.07384116939216678,FALSE,
"AIZARANI_LIVER_C8_RESIDENT_B_CELLS_1",34,-0.4732425447508448,-1.5754908649320871,0.018576978870861904,0.041755067059584344,"MYDGF;TMEM258;FKBP2;SSR4;H1-10;PRDX4;FKBP11;ISG20;SEC11C;SPCS2;XBP1;NUCB2",-1.5169173245756742,0.056836875614341253,FALSE,
"BUSSLINGER_GASTRIC_G_CELLS",83,0.3037104626209142,1.4182112835946807,0.01942504582962685,0.04352649158120091,"BPTF;SORL1;DSP;MAST4;DST;PRKACB;ANK3;CES1;NAV1;PDK3;ABCB10;SYT7;CHGB;PCLO;PLXNA2;SLC7A1;ABCA5;CAMK2N1;QPCT;MAP1B;SORBS2;MARCKS;PDLIM5;CMIP;PDK4;CADPS;LRP4",1.2951511129169686,0.10087582753904806,FALSE,
"DESCARTES_FETAL_HEART_SATB2_LRRC7_POSITIVE_CELLS",39,0.3965278886517769,1.5836901482851062,0.019894688549528826,0.044441673498332085,"GRIN2B;PTPRD;SATB2;KAZN;CSMD2;SATB2-AS1;TOX3;NXPH3;ZBTB18;NELL2;RAPGEFL1;SHISAL1;DAB1;BHLHE22;CACNA1E;PI4KAP2",1.6433139127613945,0.02958771146419939,TRUE,
"DESCARTES_FETAL_STOMACH_STROMAL_CELLS",42,0.36456361628397965,1.4787100170219731,0.020152631254382086,0.04487978616773434,"PTCH1;PCDH18;BMP5;FENDRR;PDGFRA;FOXF1;CAPN6;CXCL14;SCARA5;MYH11;COL6A3;TRPA1;C7;MFAP4;ITGA11;TMEM119",1.6153431594494803,0.01717591533973089,TRUE,
"ZHONG_PFC_C5_BCL11B_CALB2_POS_INP",18,0.5094660867621467,1.663914610732279,0.02085322319910759,0.046297981781504925,"ANK3;NAV1;KAT6B;THSD7A;KIF21B;BCL11B;XPR1;ZBTB18;YWHAG;TSPAN18",1.9647874827404594,0.006518065900519996,TRUE,
"LAKE_ADULT_KIDNEY_C6_PROXIMAL_TUBULE_EPITHELIAL_CELLS_FIBRINOGEN_POS_S3",166,0.2550240961172464,1.3264538338253269,0.021285927354928038,0.047114583108773644,"ASH1L;ZBTB38;MAST4;DICER1;PTPRK;SPAG9;ATM;MACF1;NCKAP5;NUFIP2;ARHGAP5;SVIL;NT5C2;HOOK1;CAB39;CHD1;MACC1;FAM135A;VPS13A;MAML2;ZNF292;AHI1;ASCC3;NRG1;RALGAPA2;CDH6;FMNL2;KIF21A;FNIP2;SNX13;PLEKHA1;SERPINE2;ZNF462;TM9SF3;CCNL1;AGAP1;EPS8;GCLC",1.4158662116389362,0.019161268140658643,TRUE,
"TRAVAGLINI_LUNG_ALVEOLAR_EPITHELIAL_TYPE_2_CELL",116,-0.34199289945333766,-1.3952952335248767,0.022469096396696392,0.04958226134954888,"BLVRB;CD74;NPC2;NRGN;HLA-DRB1;LGMN;PGC;DCXR;CDC42EP1;NFKBIA;QDPR;NNMT;ETV5;MUC1;C11orf96;RND1;AK1;CXCL3;AGPAT2;TIFA;ALOX15B;ASRGL1;S100A14;LPCAT1;FABP5;ODC1;CSF3;SOD2;TPD52L1;MFSD2A;SERPINB1;FBP1;HMOX1;CD83;CXCL2;SDR16C5;TMEM163;DMBT1;MLPH;KCNJ8;SERPINA1;CD44;DRAM1;ALPL;PPP1R1B;CTSH;DBI;SOCS2;KCNJ15;ESAM;RGS16;AQP1;ABCA3;C1orf21;CSF3R;TMEM243",-1.45053667898263,0.023839945202423503,TRUE,
"DESCARTES_FETAL_CEREBELLUM_PURKINJE_NEURONS",28,0.42376480463635463,1.5436805708010584,0.024184006948751346,0.05320481528725297,"RORA;ITPR1;CDS1;ESRP1;HSPA12A;FOXP2;PDE11A;FGF19;GPC3;KLF5;DAB1;PTGER3;SHH;LINC00299",1.5594795955516485,0.05119050632138751,,
"GAO_LARGE_INTESTINE_ADULT_CH_MKI67HIGH_CELLS",102,-0.3562784583960881,-1.4337327996507472,0.025065517880648376,0.05497754072915626,"AURKB;CDC45;PKMYT1;NRM;POC1A;PIMREG;TEDC2;FEN1;LYPD5;BIRC5;CDCA8;CDCA3;RAD51;PIF1;EME1;KIFC1;CHAF1B;TACC3;CCDC74A;TROAP;NEURL3;KIF2C;OIP5;LINC00628;FCAMR;PDIA2;CDCA5;TRIP13;HROB;MYBL2;CENPH;STAG3;CCNA2;CDC25C;EXO1;CENPA;NDC80;HJURP;FOXM1;PBK",-1.4438130958606625,0.06126522751262296,,
"AIZARANI_LIVER_C29_MVECS_2",307,0.2126032582976065,1.2222230484152576,0.025377347871378818,0.05549383901994284,"JMJD1C;BMPR2;PTPRB;AFF1;MAST4;ASAP1;SPAG9;LUZP1;GARRE1;EPAS1;CRIM1;KLF3;FGD5;TTC28;TSC22D2;B4GALT5;SLCO2A1;PREX2;UACA;LIFR;MECOM;DOCK9;NFATC2;FNIP2;PLSCR4;DDX21;SNTB2;AHNAK;SASH1;RBMS3;ARID5B;APOLD1;FLT1;EMCN;A2M;TCF4;ARL4A;RPGR;FILIP1;PTPN12;ADGRF5;KCNN3;TEK;CAVIN2;PTPRG;DLC1;SPTBN1;HEG1;PLPP3;PDLIM5;SPTAN1;CD93;SWAP70;EDN1;FILIP1L;ABLIM1;AKAP12;CMIP;SOX7;EMP1;IL1R1;ATP1A1;MYCT1;PRSS23;LDB2;ABI3BP;ARHGAP23;LIMA1;TLR4;JAM2;TMTC1;TMEM47;CGNL1;CDC42EP3;CALCRL;SELP;COL8A1;NOLC1;TSC22D1;SPARCL1;F2R;DPYSL3;CYYR1;SYNPO",1.5780430032815922,5.098190109453122e-5,,
"RUBENSTEIN_SKELETAL_MUSCLE_ENDOTHELIAL_CELLS",136,-0.33598903231270044,-1.4047262451245792,0.02576614902916627,0.05616941719606191,"POLR2L;MYL6;VAMP5;TMSB10;HLA-DMA;WARS1;LY6E;IL32;CCDC85B;CD74;HLA-DPB1;HLA-DRB1;ISG15;HLA-DRA;S100A16;IFITM3;IFI27;HLA-C;IFITM2;BST2;RHOC;HLA-DPA1;HSPB1;HLA-A;HLA-E;LAP3;NHERF2;GNAI2;MYL12A;KLF2;MYL12B;PPIC;C1orf54;HLA-B;RNASE1;PDLIM1;TMSB4X;SRGN;CRIP2;ATP5PF;FABP5;ICAM2;EGFL7;BTNL9;B2M",-1.1685432868773034,0.29254358047758866,,
"ZHENG_CORD_BLOOD_C7_PUTATIVE_LYMPHOID_PRIMED_MULTIPOTENT_PROGENITOR_1",91,0.290982361084915,1.3778798002979074,0.02584102664391829,0.05616941719606191,"TTC3;ANKRD26;ARID4A;ANKRD28;MIS18BP1;TCERG1;MSI2;CHD1;SLK;PIK3R1;ANKRD36;CCDC14;TRIM24;FAM161A;VPS35;ANKRD36C;BRCA2;LRRFIP1;STARD4-AS1;RUNX1;SPTBN1;ZC3HAV1;XIST;TTF1;USP36;TAOK3",1.6079228404880779,0.005903968957016041,,
"DESCARTES_FETAL_INTESTINE_ERYTHROBLASTS",112,-0.3431712619039687,-1.3887987750076987,0.026300439886555376,0.05699737121683344,"UROD;BLVRB;MED8;PRDX2;HMBS;GLRX5;SLC25A39;UBAC1;MFSD2B;TANGO2;ATG4D;HTRA2;PPOX;DHRS13;GMPR;PIGQ;ST6GALNAC4;RBM38;HBA2;ABCB6;HBB;RILP;ARRDC2",-1.5483712141746195,0.011632970428520505,,
"HE_LIM_SUN_FETAL_LUNG_C1_INTERM_NEUROENDOCRINE_CELL",208,0.23294513559981897,1.2528102530507446,0.027130833695691196,0.05862197994961847,"TACC2;DST;THSD4;DOP1B;PROX1;KL;INHBB;ROBO2;CEACAM1;NAV1;SYT7;CHGB;PCLO;NEGR1;CACNB2;SCN3A;CAMK1D;ABCA5;SETBP1;NCAM1;CHN2;RUNX1T1;LYST;QPCT;MAP1B;DACH1;RGS17;RASA4B;GNAO1;AK5;CTTNBP2;TOX3;CADPS;CACNA2D1;RNF128;TP53INP1;JAM3;TMOD2;GPRIN3;PCDH17;ANK2;COL12A1;MAP6;CASZ1;SLC38A11;LRATD2;ICA1L;DPYSL3;CXXC4;CACNA1H;ARFGEF3;MAPRE3;MOXD1;GPR160;OTULINL;TTLL7;CHGA;GDAP1;PRUNE2;BACE1;SEMA3A;SYT11;SLC39A14;ANKH;CACNG4",1.295084078485331,0.03708356325116996,,
"HE_LIM_SUN_FETAL_LUNG_C0_PERICYTE",187,0.23465606106922612,1.2230950050217673,0.02723912413820405,0.058681317876368363,"TANC1;SEMA5A;ARHGEF12;PDZD2;PDE3A;SYTL2;PLCE1;DGKH;CLIP1;EPAS1;RGS5;RAPGEF5;NEURL1B;PRKCA;LIN7A;INPP4B;PLCB1;CDH6;DMD;DYRK2;ADAMTSL3;GUCY1A2;ARHGAP42;PLEKHA2;ARHGAP26;KLHL23;SEMA6D;MLLT3;GJC1;CAMK1D;HACD4;EPS8;MCTP2;ADGRF5;PAWR;PDLIM5;MGLL;TNFRSF21;SNRK",1.5812360302052055,2.7759849438124904e-4,,
"TRAVAGLINI_LUNG_BASOPHIL_MAST_2_CELL",472,-0.26819925398621086,-1.242099955553441,0.029774127310061602,0.06395271132279504,"C12orf57;EIF5A;UBB;NICOL1;ZNF511;RARRES1;SOCS1;ACOT7;FTH1;RELB;STARD10;SELENOM;NINJ1;SNHG9;PIM3;EIF4A3;TSPAN4;NFKB2;ARL2;NXT1;HAX1;SERTAD1;PRDX1;SLC43A3;SELENOK;NSMCE1;NFKBIA;CD63;RPL36AL;BCL2A1;GMPR;AP2M1;HS3ST1;SRSF7;DAD1;LMNA;DUSP14;CYSTM1;LTC4S;EMP3;EHD1;COX7A1;TNFRSF4;NFKBIB;VPS37B;YWHAE;RPL34;DDIT4;RBM8A;BCL3;LMO4;ILF2;SNHG8;ICAM1;PLK3;RPS4X;CLIC1;SPINT2;DNAJA1;SERPINB6;NFATC1;RHBDD2;PEBP1;BACE2;FXYD5;MTFR1L;NDUFA4;RENBP;PRPSAP2;RPL37A;RILPL2;GNA15;PROCR;CALB2;JMJD6;PKIG;MRPL32;ASRGL1;KRT19;JUND;SRGN;CAPG;PTGS2;NME4;BATF;SFT2D1;STX11;TMEM91;PTMA;PLAUR;LAT2;EMD;JUNB;UBA7;TUBA1A;MARCHF3;RPL24;FUNDC2;ARHGDIB;HNRNPM;FDX1;GADD45B;TNFRSF9;ZNF48;TSEN54;RHOH;CD82;SERPINB1;ERF;DUSP10;SMYD3;ENSA;MBOAT7;MAOB;CD83;PMP22;ANXA7;CREM;RAB34;WDR45B;TMEM88;DNAJC19;PTAFR;MAP3K8;BTN2A2;HILPDA;SRSF2;AHR;MAFF;TRAPPC2B;TFG;BNIP3L;BIRC3;MLPH;VAT1;RGS2;FAM177A1;ANXA11;PRXL2C;SRSF3;RAB27B;HSPA5;CD44;ANXA1;CCL2;SOCS3;GPR65;CSF1;CSTPP1;CHMP1B;DNAJB6;HNRNPA0;SMIM3;TNFSF10;NDRG2;RAB32;DBI;CD33;CD69;ALOX5;CD9;MSRA;CATSPER1;COX17;SLC1A5;SOCS2;ITM2C;DEXI;ANKRD9;BCAS2;NDEL1;OAZ2;VIM",-1.1019337623766692,0.3186963964281933,,
"AIZARANI_LIVER_C24_EPCAM_POS_BILE_DUCT_CELLS_3",182,-0.3110820577924424,-1.3479366341769996,0.029898180247831977,0.06402973115022424,"MYL6;KRT7;TAX1BP3;TUBB4B;TSPO;VAMP8;CXCL8;CDC42EP1;CD151;TUBB;GSTP1;CD63;PDZK1IP1;LMNA;CLDN3;CYSTM1;CLDN7;TAGLN2;HSPB1;TRNP1;KRT18;ACTG1;NECTIN2;AGR2;LMO4;MUC1;ANXA2;PHLDA2;DUSP4;CLIC1;SPINT2;S100A6;GABRP;TPPP3;SPP1;MYL12B;BACE2;TNFRSF12A;TNFAIP2;SLPI;LGALS2;KRT8;S100A11;KRT19;ANXA5;TST;S100A14;PPDPF;LCN2;TFF3;CLDN4;CALM2;TACSTD2;KLK11;TM4SF4;MUC5B;WFDC2;PRDX5;TSPAN3;CAV2;EZR;LRP10;BIRC3;MLPH;AQP3;ANXA11;CD59;TXN;TUBB2A;S100A10;FXYD3;SDCBP2;GPX2;CTSH",-1.3519276570374665,0.057457643967084984,,
"DURANTE_ADULT_OLFACTORY_NEUROEPITHELIUM_PLASMA_CELLS",21,-0.5109465025153814,-1.5144899957260551,0.030036840562066878,0.06413748896488398,"SSR4;CYBA;PRDX4;FKBP11;SEC11C",-1.5340439846112452,0.06773947437673258,,
"HE_LIM_SUN_FETAL_LUNG_C2_NEUTROPHIL_CELL",53,-0.41647905168497545,-1.498573043033879,0.031218244805760558,0.06646465023161925,"VNN2;MCEMP1;TUBA4A;G0S2;S100P;S100A8;BST1;LILRA5;HK3;SLC11A1;VNN1;TNFAIP6;CMTM2;TREM1;PELATON;CLEC4E;CLEC5A;FPR2;FCGR3B;ADM;AQP9;CKAP4;APOBEC3A;RBP7;CDA;RGL4;F5;ADGRG3",-1.2091378684866152,0.27732664846233046,,
"TRAVAGLINI_LUNG_CD8_MEMORY_EFFECTOR_T_CELL",29,-0.4794592883087887,-1.5472374766982273,0.03187257741180105,0.06765933099698118,"RPS14;IL32;RPS29;CCL5;CD3D;RPL23A;CD8A;RPL30;RPL31;DUSP2;CXCR6",-1.5286704777299422,0.06899193920732392,,
"TRAVAGLINI_LUNG_BRONCHIAL_VESSEL_2_CELL",265,-0.29583994358431115,-1.3211454920160535,0.032804032725214795,0.06940628275217404,"WARS1;RPS10;TUBB4B;H2AZ1;MT2A;ULBP2;ACTB;EIF3I;PNP;CP;IRF1;RNF122;SLC25A5;IFITM3;CDC42EP1;SERTAD1;TUBA1B;SNRPD1;PFDN2;IRF7;RPL17;RRP7A;SRSF7;CEBPD;TAP1;IFITM2;NNMT;LMNA;CFAP20;IFITM1;YWHAH;RBM8A;ACTG1;LDHA;ILF2;IFI6;C11orf96;SERPINH1;MAGOH;BEX5;YBX3;PISD;EIF1;UBC;BAG3;ELOC;TMEM70;DNAJA1;SERTAD3;HNRNPF;TNFRSF12A;C1orf54;IFIT3;APOL4;SNX3;PGK1;LYZ;SRGN;VWA1;ADRB1;HSPA8;PLAUR;JUNB;MX1;RAB20;HNRNPM;FUS;GADD45B;TSPAN13",-1.1934734773896793,0.2009103840682788,,
"DESCARTES_FETAL_KIDNEY_ERYTHROBLASTS",111,-0.33817898639562366,-1.3664208642159137,0.03288672350791717,0.06940628275217404,"BLVRB;PRDX2;HMBS;FKBP8;GLRX5;HAGH;NARF;SLC25A39;UBAC1;TANGO2;PPOX;DHRS13;BSG;PIGQ;HBA2;ABCB6;SLC43A1;HBB;FAM229A;ARRDC2;KLC3;FECH;TESC;MAP2K3;UROS;MARCHF3;TFR2;AEN;TMEM81;TSPO2;PPME1;ANK1;SBF2-AS1;SNX22;SMIM1;EPOR;CTSE;TMEM63B;SLC6A8;TMCC2;CCNE1;TMOD1;ANKRD9;ANKLE1;SLC25A37;UBE2O;SPTB",-1.549460327521851,0.009406117465326656,,
"ZHENG_CORD_BLOOD_C6_HSC_MULTIPOTENT_PROGENITOR",93,-0.3564215090863878,-1.41882677525751,0.03381447982782789,0.07115742711595086,"FTH1;CD74;HLA-DQB1;HLA-DPB1;HLA-DRB1;PIM3;IRF1;HLA-DRA;HLA-DRB5;HLA-DMB;SELENOK;GBP4;NFKBIA;TUBA4A;HLA-DPA1;ARPC5L;DDIT4;HLA-E;SPP1;CEBPB;RILPL2;DUSP2;CXCR4;SRGN;HLA-DQA1;CD109;RIPK2;WDR45B;MAP3K8;STAT1;EZR;SAT1;MAFF",-1.149059156383046,0.3703852575598294,,
"HE_LIM_SUN_FETAL_LUNG_C3_PRIMITIVE_ERYTHROCYTE",84,-0.36896501589693986,-1.4289860253613926,0.03425948827641935,0.07188551586323828,"HMBS;GCAT;UBAC1;MT1X;DHRS13;MT1E;PLEK2;CYTOR;PMM1;PITX1;SOD3;MAPKAPK3;TSPAN17;MT1M;SPINT2;RGS10;SLC38A5;TESC;MT1F;TFR2;PNPLA4;MTHFD2;SIAH2;ANK1;MT1G;SNX22;SMIM1;EPOR;SCPEP1;RAP1GAP;CTSE;SLC39A8",-1.5265394791280362,0.018922569819008816,,
"DESCARTES_MAIN_FETAL_MESANGIAL_CELLS",15,0.5239818548144284,1.615380433358556,0.034959065654272495,0.07314202208934245,"REN;HOXD10;FLRT2;TMTC1;FOXL1;PTK7;MOXD1;KIF26B;PRICKLE1;GNA14",1.5645126307737451,0.07384116939216678,,
"ZHONG_PFC_C4_PTGDS_POS_OPC",129,0.2645593231832519,1.341912725638971,0.03623351972009095,0.07559061872639664,"STRN;ZNF827;CAMSAP2;ANK3;ARHGAP5;NFE2L2;TNS3;LSAMP;MAP4K5;FAM13C;NOL4L;CPAP;SERINC5;SCARB2;SEL1L;APPL2;LRRN3;GOLIM4;ITPR2;EPB41L2;RICTOR;PLEKHA1;TMTC4;RALGPS2;SH3YL1;ADAM23;OSBPL9;BCAS1;TNFRSF21;APCDD1;TM9SF2;PKP4",1.4018080185865334,0.03631412895185353,,
"TRAVAGLINI_LUNG_CD4_MEMORY_EFFECTOR_T_CELL",69,-0.37102194828111,-1.4089068265397922,0.0370843989769821,0.0771440505939513,"IL32;TRADD;RPS3;HINT1;RPS29;CD3D;RPL13A;RPL23A;IFITM1;HLA-A;LCK;CORO1A;CD52;SEPTIN1;PCED1B-AS1;CRIP2;HSPA8;CD3E;GSTK1;CTLA4;CD2;SIT1;LDHB",-1.2879550848148464,0.18488415975552508,,
"DESCARTES_FETAL_PANCREAS_ERYTHROBLASTS",80,-0.3614621328466625,-1.3971993529736912,0.03792667509481669,0.07867076033953405,"UROD;BLVRB;PRDX2;HMBS;GLRX5;SLC25A39;UBAC1;MFSD2B;TANGO2;GMPR;PLEK2;HBA2;ABCB6;HBB;SNORD3A;FECH;SLC38A5;MAP2K3;UROS;TFR2;TSPO2;ANK1;SNX22;SMIM1;EPOR;CTSE;TMCC2;CCNE1;H2AC8;ANKRD9;RRM2;ANKLE1;SLC25A37;UBE2O;SPTB",-1.5879157148318395,0.013743906921216156,,
"AIZARANI_LIVER_C22_RESIDENT_B_CELLS_2",31,-0.4466854894410751,-1.460771871771377,0.03873744619799139,0.07989598278335724,"SDF2L1;CRELD2;SSR4;H1-10;PRDX4;FKBP11;SEC11C;SPCS2",-1.4364070140163208,0.08957088329413579,,
"CUI_DEVELOPING_HEART_RIGHT_ATRIAL_CARDIOMYOCYTE",31,-0.44649857062066034,-1.4601606010638637,0.03873744619799139,0.07989598278335724,"PNP;RTN4R;RNF187;ACTA1;TAF10;CITED4;SPRYD3;BMAL2;CALB2;DUSP2;KLK6;DAGLB",-1.4206330726527283,0.09666191155492153,,
"AIZARANI_LIVER_C17_HEPATOCYTES_3",62,-0.38914019631424857,-1.441392641931521,0.03901170351105332,0.08023370183859692,"F12;SLC27A5;MT2A;CP;DCXR;APOC1;ANG;APOE;NNMT;SAA1;CPS1;CXCL1;RARRES2;RBP4;AMBP;PTMS;CFB;SERPINF2;ASGR2;LRG1;TNFSF14;PLIN5;SERPINA1;SERPINE1",-1.5054764791462283,0.040441878925353836,,
"MURARO_PANCREAS_ALPHA_CELL",497,-0.26136877576387724,-1.215083332242647,0.039755351681957186,0.08153216192401389,"NAA38;SDF2L1;COPE;COX8A;ATP5MF;SERF2;NDUFB8;MYL6;UQCR11;TMEM258;PEMT;ANAPC11;TMEM147;DNPH1;UBB;OAZ1;SNU13;VKORC1;TMEM205;UQCRQ;ATP5MG;NENF;FKBP2;ROMO1;CST3;H1-10;NAXE;CNPY2;COX7A2;NDUFAF8;UBL5;NDUFAF3;PKM;NDUFC1;ATP5F1EP2;COA3;YIPF2;C1orf122;SMDT1;P4HTM;TMED3;GPAA1;TUBA1B;PRAF2;CUTA;NDUFB2;CD63;PCBD1;QDPR;ATRAID;NDUFA1;GADD45G;LRPAP1;EMC10;NDUFB11;COPZ1;CYSTM1;G6PC3;PTS;HLA-A;TRNP1;BOLA3;IFI6;REEP4;CITED2;BEX5;PLK2;TMEM9;ARL3;IFI27L2;AK2;SPINT2;KDELR1;RHBDD2;SMOC1;ECH1;BUD23;DYNLRB1;ITPK1;AIG1;THEM6;SPCS1;TCTA;PLP2;APOL4;NAA20;SEM1;CAPZB;C2CD4B;NUCB1;NME4;CKMT1A;SNHG6;CCDC86;STX11;GDI1;FABP5;HMGN2;TUBA1A;ATP6AP1;GPX3;NPDC1;FBXL16;ABHD16A;HPS1;PLIN3;SLC37A4;PRPS1;ZNF618;NUCB2;JADE1;RAB26;CD82;TM4SF4;FAM167A;TBC1D30;ZNRF1;MANEAL;GCH1;DEPP1;IRX2",-1.2522514095062374,0.049744249486094426,,
"DESCARTES_FETAL_SPLEEN_MYELOID_CELLS",105,-0.3340127557709038,-1.3467528608042745,0.041112454655380895,0.08407786501353952,"IDO1;BATF3;MCOLN1;CXCL10;LGMN;CD274;OSM;AGR2;CD300LF;FCGR1A;OSCAR;IL1RN;LILRA5;HK3;IL1B;LYZ;RASSF4;IGSF6;FABP5;LILRB4;VSIG4;TRPV4;RAB20;FLVCR2;HCK;LILRB3;MS4A4A;NCF2;LY96;SIGLEC7;PDCD1LG2;CD86;IL1R2;IGSF21;MKNK1;LILRB2;MRO;ADGRE1;IFI44L;ITGAX;FAM20A;MS4A6A;THEMIS2;ADAP2;LILRB1;NLRP3;EBI3;CSF2RA;SIRPB1;C3AR1;KCNK13;CARD14;SIGLEC1;ANKRD24;IL15;SAMSN1;FCN1;CLEC7A;MS4A7",-1.0372956064196701,0.5817577925396015,,
"AIZARANI_LIVER_C34_MHC_II_POS_B_CELLS",129,-0.32420246547865855,-1.3436055392599886,0.042352941176470586,0.08637144745538665,"FAU;RPS5;RPL18A;RPL18;RPLP2;RPS8;RPS11;HLA-DQB1;HLA-DPB1;HLA-DRB1;RPS23;HLA-DRA;HLA-DRB5;CIITA;RPL13A;PTPN6;RNASET2;ISG20;CORO1A;CD52;YBX3;EEF2;RPL19;LIMD2;KLF2;LAPTM5;CXCR4;EEF1B2;SP140;HLA-DQA1;NCF1",-1.1701934501910687,0.28423271478981876,,
"DESCARTES_MAIN_FETAL_TROPHOBLAST_GIANT_CELLS",96,0.27666862422575156,1.3418394250591295,0.04269353557243558,0.08682214797083539,"AFF1;TACC2;RBBP6;CRIM1;FNDC3A;SLC38A1;MAN1A2;DAB2;RYBP;PTPN21;STRA6;LNPEP;RHOBTB3;ZNF117;SVEP1;CAPN6;PPP1R15B;MYLIP;MAN1C1;POGLUT3;LRIF1;MTMR4",1.4164020460807571,0.03726591552062502,,
"DESCARTES_FETAL_LIVER_LYMPHOID_CELLS",84,-0.351481559363552,-1.3612733317866634,0.043092522179974654,0.0873887460968201,"GNLY;IL32;NKG7;GZMA;CD3D;HS3ST1;PRF1;RNFT2;LCK;GZMM;CD8A;TRBC2;CD247;PCED1B-AS1;CD72;ALOX5AP;CD3E;LTB;ZAP70;VPS37D;CD2;IL18RAP;EOMES;IL2RB",-1.1432836870580048,0.3548253693747885,,
"HE_LIM_SUN_FETAL_LUNG_C2_ADC_1_CELL",156,-0.31262026830896006,-1.3345382597201758,0.045662100456621,0.09227309760469285,"IDO1;IL32;SOCS1;TRADD;COMTD1;CXCL10;CD274;IL4I1;GBP4;RHOF;TNIP2;CYB5A;CCDC28B;HLA-F;TSPAN15;ZNF296;ISG20;RNF19B;APOBEC3H;NECTIN2;LRRC61;PHLDA2;DUSP4;GBP1;POLD1;CXCL9;HLA-DQB2;SNX11;TRAFD1;CHST7;VAC14;TRIP10;MIR155HG;HDHD3;TUBB6;DHX58;ARHGAP10;MREG;TSPAN13;FAS;CD40;SBNO2;PLAAT3;BTN2A2;TBC1D8;ENO3;HOPX;MAP3K14;BACC1;CD200;BIRC3",-1.0695140413417117,0.5051794965450759,,
"TRAVAGLINI_LUNG_CLASSICAL_MONOCYTE_CELL",266,-0.284729356099156,-1.2716976571384877,0.04585152838427948,0.09227309760469285,"SERF2;GPX1;ATP6V0B;BLVRB;AGTRAP;NICOL1;TMSB10;TYMP;PYCARD;CIMAP1B;CST3;TSPO;SAP30;NPC2;NRGN;RPS13;TYROBP;LGALS1;STXBP2;RPLP1;UBXN11;BRI3;CAPNS1;CEBPD;ARRB2;TKT;CARD16;KYNU;S100A8;ROGDI;ZNF385A;S100A9;CD14;YBX3;LGALS9;PGD;S100A6;CD300LF;FCER1G;SPI1;TNFAIP2;CLEC12A;CEBPB;LGALS2;RNF130;SLC11A1;LYZ;PLEKHO1;CPVL;NCF1;SMARCD3;PILRA;EMILIN2;KIAA0930;LRRC25;TPT1;TNFSF13B;HCK;ZNF467;S100A4;FCGR2A;TNFRSF1A;LYN;EFHD2;CASP1;NCF2;PHC2;FPR1;PSAP;IFI30;RNF144B;CD86;FGR;SLC7A7;SAT1;AHR;MGST1;CARS2;ITGAM;SCPEP1;PYGL;NFAM1;SERPINA1;RNASE6;APOBEC3A;MAFB;RBP7;C5AR1;C1orf162;C19orf38;MS4A6A;TNFSF10;MYO1F;DOK3;SULT1A1;LY86;CD33",-1.0465890511880593,0.5492220650636492,,
"GAUTAM_EYE_CHOROID_SCLERA_MONOCYTES",135,-0.31652128422403303,-1.3201212088717695,0.04588235294117647,0.09227309760469285,"AGTRAP;NUBP1;PPP1CA;CIB1;HIGD2A;BORCS6;NXT1;BRMS1;UBXN11;SMCO4;CRIP1;PCNA;EHD1;FSCN1;PSTPIP1;CYBC1;PML;RAB5C;TMUB1;HMGA1;NECAP2;UBE2S;MAPKAPK5-AS1;SIPA1;PFKL;DOK1;TMEM70;CD300C;GAS6;CXCL1;SHMT1;HLX;IGSF6;SFT2D1;ARHGAP9;LILRB4;CNOT3;TNFSF13B;RALGDS;BAX",-1.2481184932116856,0.16522340333592603,,
"DESCARTES_FETAL_STOMACH_VASCULAR_ENDOTHELIAL_CELLS",28,0.3959136853467343,1.4422251614511874,0.04606544149935951,0.09238538820037294,"EPAS1;FLT1;EMCN;A2M;SOX7;CYYR1;CD34;NKX2-3;MADCAM1;APLNR;PCDH12;NOTCH4;MEOX1;BCL6B;TMEM233;ARHGEF15",1.7198014304535523,0.015950412348580054,,
"DESCARTES_MAIN_FETAL_VISCERAL_NEURONS",37,-0.41953877541653606,-1.4301751026113994,0.046875,0.09375,"MTX1;TUBB;HAGLROS;YWHAH;RUSC1;FKBP1B;TUBB3;FSD1;FAM167A;CHRM1;SNPH;VAT1;TUBB2A;UCHL1;KRT18P11;PPP2R5B;KBTBD11-OT1;NEIL2;YBX1P1",-1.2111878067859168,0.30024721230321005,,
"ZHENG_CORD_BLOOD_C2_PUTATIVE_BASOPHIL_EOSINOPHIL_MAST_CELL_PROGENITOR",92,-0.3368776277580855,-1.3389027154739428,0.0475609756097561,0.09466292655438831,"SDF2L1;TMSB10;LGALS1;CALR;CD63;IFITM2;LMNA;EMP3;SLC25A3;TRIB2;LMO4;MT-TL1;S100A6;DNAJC9;BACE2;LAPTM5;ATF4;ASRGL1;JUND;P4HB;ALOX5AP;PLEK;PTMA;TFR2;ING2;S100A4;CD82",-1.2326593966826493,0.22814814814814818,,
"DESCARTES_FETAL_ADRENAL_SCHWANN_CELLS",68,0.3004325557347671,1.3382374687238887,0.04759224268918971,0.09466292655438831,"ATP10B;GRIN2B;KCNA2;CDH6;GRIK3;LINC01748;SHC4;CHL1;BCAN;OLFML2A;ADAM23;CRISPLD1;GFRA1;TMEM132B;ADAMTS8;SEMA3G;ATP1A2;PMEPA1;TSPAN11;GPM6B;DTX4;TAC1;NGFR;ERBB3;SLC35F1",1.1515868318720892,0.3113207547169811,,
"DURANTE_ADULT_OLFACTORY_NEUROEPITHELIUM_MAST_CELLS",70,-0.3651807549291389,-1.3894518621539615,0.04865556978233035,0.09651350727314709,"SOCS1;CCL4;FTH1;TYROBP;SELENOK;NFKBIA;RAC2;LTC4S;EMP3;DDIT4;LMO4;FCER1G;DUSP2;SRGN;CAPG;PTGS2;DNAJB1;ALOX5AP;PLAUR;MAOB;CD83;CREM;BIRC3;RGS2;RAB27B;CD44;CD37;CCL2;GPR65;CSF1;IER2;CD69",-1.1286344828902684,0.39379390346072046,,
"DESCARTES_FETAL_KIDNEY_MESANGIAL_CELLS",28,0.3919706755585247,1.427861657134776,0.04979324073306944,0.09850107022400112,"NKD1;MYOCD;LAMA2;REN;SYNPO2;APCDD1;SHC3;FGF19;TYRP1;COL8A1;PHACTR3;RERG;ENPP1;TCF21",1.6561140642614989,0.026181301303738757,,
"HE_LIM_SUN_FETAL_LUNG_C1_PROXIMAL_SECRETORY_1_CELL",95,-0.335602109884501,-1.3390778018633456,0.05,0.09864130434782609,"PLAAT4;CP;CX3CL1;CXCL8;PLPP2;NDUFA4L2;TIMP1;HS3ST1;HCAR2;S100P;CTSW;NXPH4;SOD3;S100A9;CCNO;SLPI;CXCL1;CXCL3;CRYM;LCN2;SPDEF;KLK11;KLK10;MUC5B;CXCL2;ISL1;RHOV;MLPH;SERPINA1;TMEM45A;ANXA1;CAPS;TNFSF10;GSTA1;LYPD6B;SULT2B1;PLEKHS1;TIAM1;FAM3D;SIX1;AGR3",-1.256099407362164,0.18717175447910533,,
"FAN_EMBRYONIC_CTX_BIG_GROUPS_GLIAL",115,-0.3281851713497027,-1.337938379671089,0.05155875299760192,0.10144079858064768,"TPI1;CST3;GRHPR;MT2A;CBR1;ENO1;S100A16;DCXR;SIGMAR1;CD63;TIMP1;MDK;DAD1;ALDOC;LRPAP1;RHOC;RAMP1;AIF1L;TRIB2;TXNDC12;IFI27L2;SEC11C;SNX3;ANXA5;FABP5;TM7SF2;TSC22D4;SLC1A3;MFGE8;LDHB;TSPAN3;RDH11;PTTG1IP;CYP51A1;SPON1;HOPX;DHCR7",-1.23220936600771,0.20324058364438413,,
"HE_LIM_SUN_FETAL_LUNG_C5_CD5_POS_CCL22_NEG_MATURE_B_CELL",149,-0.30962960148155927,-1.315002196556854,0.05293440736478711,0.10363503539310275,"HCST;DNPH1;TYMP;IGFLR1;NFKBIE;SH2B2;APOBEC3G;RHOF;BCL2A1;DUS2;RHOC;ACP5;U2AF1L4;CTSZ;PLK3;TRBC2;S100A6;GM2A;SNX11;ABI3;DUSP2;DOK2;RGS10;PKIG;VSIR;SP140;SRGN;ARHGAP9;PLEK;MIR155HG;PARVB;TRAC;EVI2A;S100A4;SNX10;CD82;CD40;CREM;ITGB7;IL27RA;KCNN4;BIRC3;ADAM8;CD44;LPAR5;S100A10;C1orf162;RBKS;ARL4C;MS4A6A;CTSH;LTA;TFEB;IRF5;IFNGR1;SKAP1;PRKCD;SIGLEC10;SH3BP1",-1.2223609870226888,0.21087793188584708,,
"DESCARTES_MAIN_FETAL_CILIATED_EPITHELIAL_CELLS",401,-0.2648899477584732,-1.2165014805756191,0.0529595015576324,0.10363503539310275,"POLR2I;B9D2;IFT43;DYNLL1;COQ4;MCAT;ADPRS;DYNLT1;ZNHIT2;WDR54;DYNC2I2;WRAP53;RUVBL2;B9D1;ANKRD54;DPCD;LRRC73;CIMAP1B;TUBB4B;CIB1;PIERCE1;HSPBP1;FBXW9;CTXN1;SMPD2;GON7;ZNF688;AHSA1;CCDC157;P4HTM;HAGHL;UBXN11;DALRD3;SPMIP6;IFT22;CFAP119;TMEM107;TMEM231;CFAP20;DENND6B;KLHDC9;LRWD1;NUDC;COPRS;C6orf52;CBY1;TOGARAM2;ELL3;ERGIC3;CCNO;SPACA9;KIF9;LMNTD2;ZNF584;PCSK4;DNAAF3;HNRNPF;TPPP3;PSENEN;MYCBP;RSPH1;TCTN2;ZDHHC1;DNAL4;MINDY4;DNAH2;TP73;AK8;DYNLT2B;MORN2;CLBA1;RIBC1;MORN1;UFC1;CCDC74A;CIMIP2C;METTL27;OSCP1;ZMYND12;DNAAF8;TREM1;VRK3;RSPH9;EMC3;MS4A8;FAM229B;CFAP45;TMEM218;NRAV;DNALI1;RSPH14",-1.2006732894816194,0.1146980854197349,,
"FAN_EMBRYONIC_CTX_BRAIN_ENDOTHELIAL_2",295,0.20332282310901076,1.1615898434897498,0.05357076343813201,0.1045493931615157,"SEMA5A;ARHGEF12;PDZD2;PTPRK;SYTL2;MAP3K20;PLCE1;PLEKHA5;PHACTR2;PCDH18;JAK1;CDC42BPA;DGKH;EPAS1;RGS5;PDE8A;LAMC1;SEPTIN11;FARP1;MYO6;INPP4B;UACA;TJP1;ZEB1;CDH6;DMD;ITPR1;GUCY1A2;ITSN1;GOLIM4;PDE7B;LAMA2;ARHGAP42;ITGB1;SASH1;RBMS3;LAMA4;PARD3;MYO1B;GJC1;NID1;EPB41L1;PLAGL1;PRKG1;OLFML2A;VCL;SLC12A2;EPS8;STARD13;GNG12;RAPGEF4;ITIH5;DLC1;PPP1R12A;MGLL;COL4A1;PTK2;TNFRSF21;SNRK;AKAP12;SEPTIN7;ITGA1;LIMA1;AMOTL2;MYLK;AMOTL1;MYH9;ATP1A2;ITGA4;TNS1;GUCY1A1;SLC38A11;SPARCL1;GPM6B;SYNE2;F2R;ATP1B2;SLC20A2;CALD1",1.4389760227925457,0.0015801771010980647,,
"DESCARTES_FETAL_ADRENAL_STROMAL_CELLS",109,0.25034477632287233,1.2289831885537519,0.054023814179345736,0.10514705882352941,"PCDH18;HHIP;MYOCD;ADAMTSL3;C1QTNF7;PDGFRA;GLP2R;DKK2;TRPC4;OGN;CHRDL1;SCARA5;MYH11;FHL5;ABI3BP;CARMN;COL12A1;COL6A3;FNDC1;IGFN1;BICC1;FGF7;VIPR2;TRPA1;ABCA6;C7;ADH1B;LRRC17;OLFML1;ZNF385D;PRELP;MXRA5;ITGA11;TMEM119;EDNRA;PRICKLE1;SULF1;TCF21;DIO3;GAS2;SRPX2;ABCC9;EBF3;DNAJC22",1.6393663668035336,0.0015863148393632318,,
"GAO_SMALL_INTESTINE_24W_C3_ENTEROCYTE_PROGENITOR_SUBTYPE_1",40,-0.41560107763998577,-1.439840780681417,0.05416666666666667,0.10514705882352941,"CHCHD10;COMMD1;PEX14;DRG2;HDDC3;CDK5;PLEK2;DUS3L;BOP1;PIGH;SLC35A4;VPS26B;DMBT1;MGST1;ATP2A1;FCSK;RNASE6;GSTA1",-1.5245377634653892,0.04859965618269281,,
"MENON_FETAL_KIDNEY_3_STROMAL_CELLS",80,0.2910891361085356,1.3512815826930953,0.05463309033018609,0.10576966287924026,"TTC3;TOP2B;DST;PBX1;IGF2;MACF1;NKTR;SEPTIN11;UACA;SOX4;ITGB1;EMCN;NCAM1;COL21A1;MARCKS;PPP1R12A;MEG3;COL4A1;AKAP12;XIST;SEPTIN7;IGFBP5;GPC3;FLRT2;MYLK",1.56158754556105,0.009856115063298868,,
"GAO_SMALL_INTESTINE_24W_C7_SECRETORY_PROGENITOR",35,0.3772043520868865,1.4503158188555416,0.055236445122241976,0.10665334882645658,"CHM;EZH1;ZNF23;ZNF662;TCEANC2;CCDC146;COL9A3;GNAO1;CC2D2A;LINC00299;RASAL2-AS1;PTPN13;BANK1;ADAMTS16;SRPX2;CACNB4;HCN1;SV2B;CIP2A;EVC2;LINC00639;GLIS3",1.4064824838010213,0.13583610882973618,,
"HU_FETAL_RETINA_BIPOLAR",44,0.3396328333145662,1.3996257269849903,0.059377183690782515,0.1143443908740268,"BTBD8;ANK3;PROX1;CRYBG3;MAP7;MAP4;NRXN3;TCF4;CHN2;AGAP1;STX3;MEG3;CADPS;PCBP3;ATP1B2;RP1;SYT1",1.363542382889395,0.12362228608915847,,
"ZHONG_PFC_C3_MICROGLIA",389,0.19013958971234413,1.127118079840573,0.060957642494574214,0.11707737685465841,"LRP6;TACC2;TNKS2;MAST4;PTPRK;UBXN7;TRIM44;SH3PXD2A;SHANK2;ANK3;SEMA3C;ZSCAN29;PREPL;EPM2AIP1;ZNF197;DNM3;PGM2L1;LSAMP;SATB2;NCOA1;OPA1;EIF4EBP2;PLXNA4;NAV1;SMARCA2;CSRNP3;ZFTA;FBXW7;SOX4;CEP126;PRKAA2;KIF1B;GUCY1A2;LRRN3;TRIM2;CHGB;KIF3A;SASH1;NLK;DAAM1;PCLO;LINC00667;THRB;MLLT3;TNRC6C;MAP4;ENTREP2;CSMD2;CAMK2N1;NCAM1;TCF4;USP46;PXK;RUNX1T1;NEO1;RALGPS1;MAP1B;SPTBN1;LINC00342;SPTAN1;C2orf69;MEG3;KIF21B;LRRC49;GNAO1;MGLL;ABLIM1;AKAP7;RSPRY1;NLN;MAP1A;KDM5B;CERK;STUM;WDR47;SYNGAP1;HMGCR;FLRT2;CDC42EP3;ANK2;NFASC;MAPK10;GUCY1A1;MAP6;ZBTB18;TARS3;KLF12;ATP1B2;NRXN2;DPYSL3;NBEA;PPP1R14C;AGTPBP1;NELL2;CXXC4;KPNB1;CRACD;NSG1;BHLHE22;ARID3B;MAPRE3;KIF3C;DMTN;FUBP1;CACNA1E;THRA",1.3202147582887793,0.005144970069268354,,
"HE_LIM_SUN_FETAL_LUNG_C1_PULMONARY_NE_PRECURSOR_CELL",247,0.2173365911531674,1.2022214180910686,0.06243975836245443,0.1195668932651202,"TACC2;DST;THSD4;DOP1B;RAB30;PROX1;FAM13C;NEURL1B;NRG1;TMEM181;IQSEC1;INHBB;NAV1;NEBL;FBXW7;CEP126;PDGFD;SYT7;CHGB;PCLO;NEGR1;CACNB2;SCN3A;CAMK1D;ABCA5;DENND4A;NCAM1;CHN2;LMBRD2;RUNX1T1;RAPGEF4;QPCT;MAP1B;RASSF6;MFSD6;PLCB4;GAB2;DACH1;MEG3;RGS17;RASA4B;CPEB3;TNFRSF21;TOX3;CADPS;CACNA2D1;JAM3;ZMAT3;TMOD2;EPB41L4A;PCDH17;FNBP1;ANK2;PLCL1;TRMT9B;MAP6;CASZ1;DPYSL3;NBEA;GCNT1;CXXC4;CACNA1H;SYT1;ARFGEF3;RETREG1;SRGAP1;MAPRE3;MCF2L;OTULINL;TTLL7;CHGA",1.2595484733898767,0.049903177943133446,,
"JONES_OVARY_OOCYTE",51,-0.39107192686906433,-1.4087155873448198,0.06258322237017311,0.1195668932651202,"UBB;PFDN2;BRI3;PFKP;ZFAND2A;C6orf52;TRAF2;DNAJA1;SHD;ZP3;UHRF1;THYN1;ADAP1;ODC1;WFDC2;SAP18;EZR;RGS2;GYG1;UCHL1;EIF4ENIF1;ACTL8;GDI2;SYTL3;CDK7;KPNA7;SMS;BPGM;HSP90AA1",-1.4226093126325425,0.1037142857142857,,
"VANGURP_PANCREATIC_ALPHA_CELL",33,-0.42083692948047347,-1.3951107081422804,0.06303724928366762,0.12011822304446901,"PEMT;RNASEK;CYSTM1;HLA-A;HLA-E;SPINT2;FXYD5;NAA20;GPX3;B2M;PLIN3;TM4SF4;IRX2",-1.4873717033432574,0.07521558462397356,,
"SU_HO_FOETAL_FEMUR_C4_FIBROBLAST",221,0.22112852907092068,1.1982309514749163,0.06357650471262473,0.12082864508210878,"JMJD1C;DNAJC13;MED13;ARHGEF12;PCDH18;HECA;LPP;ANKRD50;AFAP1;PIK3R1;CEMIP;FAT1;TNFSF11;CAST;DYRK2;SOX4;ITSN1;RABGAP1;EPB41L2;ARHGAP42;ITGB1;RBMS3;LAMA4;KAT7;ARID5B;PARD3;THADA;KLHL24;ANO6;MYO1E;RUNX1T1;ESYT2;RBMS1;OLFML2A;HACD4;RUNX1;GNG12;OLFML3;FGD6;DLC1;PDLIM5;ODF2L;NET1;FOXP2;OGN;IL1R1;SLIT2;MME;PRSS23;ANTXR1;FLRT2;DDX5;ITGAV;COL12A1;ZNF532;TSPAN11;DYNC2H1;SPARCL1;GPM6B;ANGPT1;KLF12;CALD1;COL6A3;FRMD4A;FNDC1;HDAC9;BICC1;FMNL3",1.5846728365870784,5.306638420852334e-4,,
"HE_LIM_SUN_FETAL_LUNG_C3_HMOX1_POS_PRIMITIVE_ERYTHROBLAST",19,-0.48211338978707236,-1.4029703780218488,0.06707317073170732,0.12714131057759664,"FDXR;MT1X;MT1F;AEN;S100A4;HMOX1;MT1G;SLC39A8;MT1H;TMOD1;H2BC11;GDF15",-1.5245523431350931,0.09063217816838111,,
"CUI_DEVELOPING_HEART_VALVAR_ENDOTHELIAL_CELL",132,-0.3076715573845078,-1.2818013741321248,0.06908665105386416,0.13061694964871193,"MT2A;CCL4;PNP;PLLP;CXCL8;CRIP1;IFI27;HS3ST1;CEBPD;CYSTM1;PLA2G2A;CTSL;BIK;S100A6;NFATC1;HLA-B;CXCL1;DUSP2;IER5;PDLIM1;PTGS2;TNFAIP6;S100A4;SOD2;TPBG;IGFL2;SERPINB1;WNT4;AKR1B1;PMP22;CXCL2;HLA-H;ANO1;MAFF;CD200;CD44;SOCS3;TUBB2A;CHMP1B;S100A10;S100B;CD55;F5;CD9;HSPA7;HEY2;AQP1;ACSL1;PTHLH;PDLIM3;PLPP5;TMBIM1;AOPEP;PLCD1;DUSP5;EVL",-1.064247374371344,0.509620802343926,,
"DESCARTES_FETAL_LUNG_VISCERAL_NEURONS",78,0.27551245986478956,1.2674029639487323,0.07038098094562067,0.13237459110497568,"SATB2;PCDH19;CDH6;VAT1L;CSMD2;CHL1;BCAN;EPHA3;SATB2-AS1;MAP1B;HECW1;ZNF382;KIF5A;TMEM132B;TRIM9;GPM6B;KRTAP5-AS1;NGFR;HAND2-AS1;DAB1;BHLHE22;CACNA1E;PHACTR3;CDK5R1;SCUBE1;SLC44A5",1.3798607035017056,0.053182744293937795,,
"GAUTAM_EYE_IRIS_CILIARY_BODY_CRYAA_HIGH_CILIARY_BODY_CELLS",78,0.27570481254536733,1.2682878181495454,0.07038098094562067,0.13237459110497568,"TTC3;PDZD2;MAST4;PBX1;FAT1;INHBB;RERE;COL4A6;MYO1B;SETBP1;MIDEAS;NCAM1;CDK6;HSPG2;DNAJC6;JAM3;EPB41L4A;PMEPA1;FRMD4B;CXADR;HK2;SLC20A1;SQLE",1.279433404165589,0.12362228608915847,,
"DESCARTES_MAIN_FETAL_HORIZONTAL_CELLS",20,0.4293571217418073,1.4221559987934276,0.0728862973760933,0.1367324338373223,"TANC1;ERC1;MEGF11;PMFBP1;B3GAT2;CNTN4;RAB11FIP4",1.2302153044899464,0.25500526870389884,,
"DESCARTES_MAIN_FETAL_ISLET_ENDOCRINE_CELLS",32,-0.4185972442630848,-1.3811867556756328,0.07439198855507868,0.13919738064687404,"SF3B5;PLD3;HPCA;TBCC;RAB26;FAM131C;ECEL1;SSTR5;STX1A;HADH;ASB9;MAFB;PCSK1N;GNAS;NSMF;KCNJ11;CACFD1;PTPRN",-1.4463162273153094,0.08465912845409632,,
"DESCARTES_MAIN_FETAL_ENS_NEURONS",18,0.4415177114512937,1.4419954341806258,0.07524783972463787,0.1404368422624347,"TNS3;GARNL3;TNPO1;HEATR5A;DPYSL3;ZNF843;NAMA;MYH15;VIP;GRK3;ETV1;FGF13",1.5418000180250193,0.09433732839769901,,
"DESCARTES_FETAL_HEART_ENDOCARDIAL_CELLS",22,0.4257885154209266,1.4378825524472194,0.07598784194528875,0.1414542903904606,"ITGA8;SALL1;SLCO2A1;HMCN1;TMEM100;APCDD1;SLC6A4;LEPR;CGNL1;HAPLN1",1.4164715359690474,0.14031696946269812,,
"TRAVAGLINI_LUNG_IGSF21_DENDRITIC_CELL",46,-0.38975635624370913,-1.3772025535783299,0.07923497267759563,0.14683198860939722,"LGMN;C1QC;LMNA;C1QB;CTSL;C1QA;CXCL16;PPIC;RNASE1;FOLR2;FCGR2B;VSIG4;GPX3;MS4A4A;CD83;CXCL2;MSR1;IGSF21;CCL2;MAFB;MS4A6A;CCL13;HSPA7",-1.2892387856564054,0.22670969085042156,,
"GAUTAM_EYE_IRIS_CILIARY_BODY_CILIARY_BODY_ENDOTHELIAL_CELLS",347,-0.2645075049711655,-1.1989976545621504,0.07928118393234672,0.14683198860939722,"SRA1;MLST8;RPS6KB2;ORMDL2;TMEM205;RPLP2;HMOX2;PPP1R35;EIF4EBP1;RPS15A;RPL36;HAGH;RPS28;NDUFB9;COA4;SNRNP40;JAGN1;KEAP1;SPR;ABHD17A;CDC42EP1;SLC43A3;NSMCE1;MRTO4;SLC25A22;TUBA4A;KXD1;IFNAR2;RPS19;POLR3H;SRPRB;TMEM107;TAP1;BCAT2;PRDX4;RPS6;STX4;DNPEP;MRPS18B;RAB1B;APEX1;ATP5F1C;PSMD2;MGAT2;MAX;SNAPIN;DHRS4L2;ARRDC1;PSMD14;BYSL;EIF6;UBTD1;TLNRD1;TSPAN17;FAM89A;SQOR;RPL10;PSMB8-AS1;CCM2;TRIM27;ANKRD13D;LLPH;CENPB;SELENOS;IL15RA;RUVBL1;GLRX;HINFP;AIFM2;ATG3;LYL1;EIF2B1;ECH1;PPIL1;PSENEN;C1orf54;MFSD10;RILPL2;PKN3;CCT5;SERPINA5;COPS4;TRIM47;TMSB4X;TESK1;EWSR1;SLC35A4;PLOD3;IL18BP;RBM42;CCDC86;PMAIP1;PRKD2;TINF2;FN3KRP;MIR155HG;GOT2",-1.1701428120034165,0.21725756839889915,,
"GAUTAM_EYE_CORNEA_CYTOTOXIC_T_CELLS",140,0.22996210352638077,1.1733241671117172,0.07962515373431071,0.14709379544811596,"ATAD2B;ZNF827;SLC35D1;ZNF621;MDN1;BTBD8;FNDC3B;CDK19;TOPBP1;CLASP1;DNAJC27;LONRF1;ZNF573;ZNF44;EHHADH;FAM13A;PDGFD;NAPEPLD;ZNF248;ZFP14;FBXL4;POLR1HASP;AUTS2;APLF;STARD4-AS1;DIPK1A;ZFP30;TSPYL4;FMO4;ZNF236;ASPM;FAM13A-AS1;MAPKBP1;GPATCH2;KLHL29;RAB3IP;CENPF;TMED8;PHOSPHO2;RAD17",-1.0119507624357909,0.6163157432031473,,
"HE_LIM_SUN_FETAL_LUNG_C1_SQUAMOUS_CELL",232,-0.27787827809754,-1.228681409522514,0.07995618838992333,0.1473304385052902,"PLAAT4;KRT7;TYMP;SMIM22;CIMAP1B;COMTD1;TNFRSF14;ISG15;FDXR;KRT16;ZNF524;SFN;PLEKHF1;IFI27;MT1E;S100P;CYTOR;PITX1;SNX8;PRSS27;ASS1;IFI6;S100A9;MIR200CHG;LGALS9;PHLDA2;AMN;KLC3;BMAL2;CDC42EP5;SLPI;IL1RN;GNA15;KANSL1-AS1;IER5;CYSRT1;DDB2;VSIR;SRD5A3;BATF;FAM83A;PAX9;LYPD3;MX1;DHX58;LCN2;FUT3;S100A4;TICAM1;GBP2;B3GALT4;C15orf39;BARX2;KRT15;RDH13;HMOX1;EVA1C;SERPINB5;GDPD3;IL10RB;SAMHD1;TRIM16;SBF2-AS1;IFI16;RHOV;PYGL;RAB27B;ANXA1;B4GALT1-AS1;APOBEC3A;FUT6;SDCBP2;TNFSF10;OAS2;TRIM29;PKP1",-1.1710797371821444,0.2521286802182647,,
"DESCARTES_FETAL_MUSCLE_LYMPHOID_CELLS",104,-0.31718341753933793,-1.2771328592273408,0.08140947752126367,0.1496285586846517,"USF1;GNLY;NPM3;NKG7;GZMA;CD7;TOGARAM2;SEPTIN1;CD8A;CD247;PCED1B-AS1;CRTAM;INTS5;SLA2;LINC02361;TBC1D10C;CD3E;HDHD3;MATK;TM7SF2;LTB;RMI2;RHOH;ABCA12;CD2;FGR;IL27RA;ACAP1;IL2RB;HSH2D;C12orf75;SH2D1A;CD6;SFI1;ADGRG5;ARL4C;SYTL1;CD69;CFAP53;LLGL2;CD96;SKAP1;TMIGD2;RASGRP1",-1.1614405637747691,0.31776816117678014,,
"DESCARTES_MAIN_FETAL_GOBLET_CELLS",34,-0.40664331339107573,-1.3537726745820267,0.08225108225108226,0.15079365079365079,"MUC6;PGC;TFF2;MUC5AC;TSPAN15;AGR2;CXCL3;TMEM238L;LYZ;CSF3;SPDEF;GMDS;CXCL5;ERN2;CREB3L1;RFLNA",-1.0797165105887292,0.5248192771084337,,
"CUI_DEVELOPING_HEART_VASCULAR_ENDOTHELIAL_CELL",185,-0.2892274504110091,-1.257245940185378,0.08351893095768374,0.15273235233067606,"HAPLN3;CST3;DPP7;RTN4RL2;SELENOM;SDF4;CD320;CD151;CTSD;NFKBIA;IFI27;IER5L;NNMT;BST2;LTC4S;EMP3;GRN;METRNL;AIF1L;DDIT4;CARD16;ASS1;IFI6;ICAM1;SYNGR2;KLF2;PPIC;FXYD5;GAS6;CLIC3;PTGDS;CXCL1;PROCR;CXCL3;IGFBP7;TMEM120A;LSR;JUNB;ATP6AP1;GABARAPL2;NPDC1;GADD45B;NUCB2;DEPP1;SLC41A3;CXCL2;DHRS3;MAP3K8;KCNN4;SEZ6L2;LTBP4",-1.2103707324575959,0.20984844539346909,,
"DESCARTES_FETAL_PANCREAS_ACINAR_CELLS",34,-0.40514494817364916,-1.3487844064337553,0.08802308802308802,0.16056472840392438,"REG1A;REG1B;MT2A;MT1X;MT1E;AKR7A3;MT1M;AMBP;REG4;AKR7L;MT1G;KLB",-1.4069306105151187,0.1037142857142857,,
"BUSSLINGER_DUODENAL_GOBLET_CELLS",16,-0.5069800335221292,-1.404539217647565,0.08964451313755796,0.16311257277660923,"AGR2;HPCAL1;RNASE1;LYZ;TFF3;REG4;CREB3L1;SPINK4",-1.1363856804530135,0.4462982073921186,,
"DESCARTES_MAIN_FETAL_MUC13_DMBT1_POSITIVE_CELLS",53,0.3080261297587521,1.315352892444378,0.09110990033464769,0.16536446910738556,"ZC3H12B;ARHGEF34P;CEACAM5;POF1B;ZNF774;TLCD2;RHPN2;PLS1;FMO4;GALNT4;LRRC19;EPCAM;H4C16;KRT20;FER1L6;TRIM31-AS1;OCLN;AKR1B10;ZNF443;PLA2G4E",1.1382614039067933,0.30495488683905436,,
"MANNO_MIDBRAIN_NEUROTYPES_HSERT",308,0.20132233653243642,1.1498877635907816,0.09509042760010439,0.17215872927101195,"ZFHX3;PRKACB;SYTL2;SEMA3C;DNM3;ERC1;PGM2L1;TARBP1;MYCBP2;PLCB1;PAQR8;CA1;PCDH19;ROBO2;GPRASP1;RUFY3;CSRNP3;CEP126;GARNL3;YPEL2;CHGB;RBMS3;NEGR1;SCN3A;VAT1L;EPB41L1;FRY;NCAM1;SERINC1;PPM1H;CDH13;DNAJC6;MAP1B;HSPA12A;KIT;MFSD6;MEG3;RGS17;KLHL29;CPEB3;GNAO1;AK5;RBFOX2;ABLIM1;AKAP7;PDE11A;CNTN4;LHFPL3;FAR2;SLC6A4;GPC3;TMOD2;PTPRM;KANK4;CCSER1;TNS1;ACSL6;ANK2;NFASC;BTBD1;XPR1;CASZ1;GREM2;DOK6;NRXN2;DPYSL3;SYT1;ASXL3;TAC1;ARFGEF3;SLC18A2;NALF1;RETREG1;GFOD1;YWHAG;NSG1;TMEM178B;REEP1;MAPRE3;MCF2L;EMID1;GRM8;TMEM35A;DMTN;CACNA1E;PI4KA;THRA;CHGA;NAP1L3;LPIN2;CDKL2;MAP7D2;SLC24A3;GNAL;ATL1;NAPB;MTURN;ZNF385D;APBA1;ANKRD44;RAB9B;SERPINI1;ATP6V1A;PHACTR3;CDK5R1",1.1364909537762615,0.18717175447910533,,
"DESCARTES_MAIN_FETAL_MESOTHELIAL_CELLS",16,0.43196732268118077,1.370792809230356,0.09577464788732394,0.172966155139794,"RPRD1B;PLCB1;NFATC2;FENDRR;GLP2R",1.3290664786191435,0.19561878587018025,,
"MANNO_MIDBRAIN_NEUROTYPES_HRGL2C",244,0.21230564729819043,1.1710138695073227,0.09618905002464403,0.17328349954811803,"SH3D19;PTCH1;AFF1;PLEKHH2;THSD4;PIK3CB;EDNRB;NES;NSRP1;SOX9-AS1;ILDR2;DOCK1;PRKCA;EGFR;LIFR;MAPK14;NAV1;NFATC2;CEP126;LUZP2;ITPR2;PDE7B;ARHGAP42;PDE1C;SERPINE2;COL9A3;NPNT;CSMD2;MYORG;BCAN;LRP1;EPHA3;GNG12;CDH13;KAT2B;PIEZO2;ARAP2;SPATA6;PLPP3;CFAP44;CENPF;DNAH6;ELN;LHFPL3;TAOK3;SOX9;FGFR3;COL2A1;SGO2;ITPKB;CSGALNACT1;LIMA1;CREB5;MYLK;PCDH17;RELN;ITGAV;ACSL6;HAS2;GRAMD1C;HRH1;MNS1;DTNA;SPARCL1;GPM6B;ATP1B2;LRATD2",1.2467146789477648,0.05916777701483249,,
"HE_LIM_SUN_FETAL_LUNG_C0_RESTING_CHONDROCYTE",94,0.259281296600428,1.2452151805658007,0.09931817900698847,0.1784777177204793,"NEDD4;THSD4;YPEL2;COL9A3;FRY;CHAD;CAPN6;C1GALT1;SORBS2;MMP16;SOX5;CRISPLD1;SOX9;FGFR3;TRIM9;COL2A1;CSGALNACT1;KLF5;DAAM2;CDC42EP3;COL12A1;MIOS;ITGA10;HAPLN1;STK26;ACAN;SOX6;COL15A1;COL9A1;SUSD5;TRAPPC8;PRELP;ENPP1;FIBIN;MPZL2;COL24A1;MATN3;SCUBE3;CPM",1.4913692950679416,0.01623024130689532,,
"GAUTAM_EYE_IRIS_CILIARY_BODY_COL9A1_HIGH_CILIARY_BODY_CELLS",94,0.25681589157898105,1.2333749136464327,0.10660738914267545,0.191103616092796,"TRIO;DSP;SHPRH;CPEB4;TUG1;WNK1;PHACTR2;MAGI1;KTN1;HOOK1;C2CD5;PLA2R1;GPATCH2L;NUDT4;UACA;NEBL;MOB1B",1.2555371443122227,0.13200964944228977,,
"DURANTE_ADULT_OLFACTORY_NEUROEPITHELIUM_OLFACTORY_ENSHEATHING_GLIA",100,-0.31010988376972565,-1.2457406716658816,0.10817307692307693,0.1933725806231304,"POLR2F;NICOL1;CST3;MT2A;LGALS1;APOC1;METRN;IFITM3;MT1E;APOE;SOD3;IFI6;SNCG;MT1M;SPP1;PTGDS;RARRES2;RNASE1;VWA1;FADS3;TUBA1A;NAT8L;PDLIM4;OAF;CNP;TSC22D4;MFGE8;PSAP;PMP22;NRN1;CD59;FADS2;S100A10;S100A1;NDRG2;S100B;DBI",-1.1935885180668382,0.2994674185463659,,
"DESCARTES_FETAL_KIDNEY_METANEPHRIC_CELLS",44,0.31484462162942123,1.2974735926878176,0.10879082777350807,0.1933725806231304,"ADGRG2;ARHGEF34P;SALL1;NOTUM;CDH6;TMEM100;SATB2-AS1;PCK1;COL2A1;TMEM200C;CLIC5;C3orf85;GLYATL1;TNNI1;OR51E2;SLIT1;DEFB1",1.1712105691851162,0.2946045968056097,,
"HU_FETAL_RETINA_AMACRINE",35,0.3471432960675303,1.3347338409828886,0.10886279190395923,0.1933725806231304,"ANK3;LUC7L3;RERE;FBXW7;SOX4;SCN3A;NRXN3;RUNX1T1;DLG2;RBFOX2;PCBP3;RND3;SRGAP3;SYT1",1.4931597140442845,0.08794802446129082,,
"TRAVAGLINI_LUNG_CAPILLARY_AEROCYTE_CELL",42,-0.37882252790332444,-1.3206231962479622,0.10893854748603352,0.1933725806231304,"GPX1;UBB;IL32;CD74;LGALS1;S100A3;S100A6;TUBA1A;GPX3;ICAM2;S100A4;B2M;DHRS7;CD83;HOPX;EMP2;SERPINE1",-1.1712272436094502,0.3502201860927623,,
"HE_LIM_SUN_FETAL_LUNG_C3_DEFINITIVE_ERYTHROBLAST",21,0.38896468891108577,1.3128514398233442,0.11014492753623188,0.1950371155885472,"HECTD4;CPEB4;TRAK2;FHDC1",1.2763584903764993,0.2213322616853512,,
"HE_LIM_SUN_FETAL_LUNG_C1_GHRL_POS_NE_PRECURSOR_CELL",358,0.1948021930196506,1.135757309270333,0.11044709372154253,0.19509632613586345,"MICAL3;CERS6;DST;THSD4;PLCXD2;TEX2;DOP1B;PROX1;PRKCE;NRG1;ARHGEF11;IQSEC1;KL;AAK1;ROBO2;NAV1;ITPR1;ZFTA;CEP126;TRAM2;SYT7;GPATCH11;CHGB;BEND7;PCLO;CACNB2;SCN3A;CAMK1D;ABCA5;SYNJ2;BCORL1;NCAM1;RUNX1T1;LYST;TMEM65;KLHL3;RAPGEF4;RHOU;AP1AR;KCNN3;QPCT;MAP1B;KAT2B;PLEKHH1;LINC00342;DOCK11;MFSD6;STON2;MAPKBP1;DACH1;RGS17;RASA4B;GNAO1;HIC2;TNFRSF21;ARHGAP32;DCHS1;CENPF;TMED8;SAP30L;CADPS;RIPPLY3;SYNJ2BP;CACNA2D1;TP53INP1;JAM3;GPRIN3;PCDH17;SCRN1;ANK2;COL12A1;MEGF9;MAP6;CASZ1;SLC38A11;ZBTB18;KLF12;ICA1L;DPYSL3;NBEA;DLG5;CLN8;CXXC4;CACNA1H;ORAI2;SRGAP3;ARFGEF3;MVB12B;MADD;SRGAP1;MAPRE3;MCF2L;CYTH3;GPR160;TTLL7;CHGA;EMB;GDAP1;C14orf132;BACE1;FLVCR1;SEMA3A;SYT11;ANKH;ITGB8;CACNG4",1.1817606851785907,0.1087482994270879,,
"DESCARTES_FETAL_HEART_ELF3_AGBL2_POSITIVE_CELLS",25,-0.42130427089552136,-1.3197686578427126,0.11257309941520467,0.1983691023675694,"CP;DEGS2;AGR2;MUC1;ZMYND10;RSPH1;MS4A8;TACSTD2;CRLF1;RPL10P9;CAPS",-1.3943224847011448,0.13280163898441502,,
"VANGURP_PANCREATIC_GAMMA_CELL",33,0.3381437367300545,1.287540351307716,0.11842105263157894,0.20816872690200075,"INPP5F;THSD7A;PXK;CHN2;AKAP12;SLC6A4;ID4;AMOTL1;TMEM47;DPYSL3;ABCB1;SLITRK6;SLC4A4;SCG2;ABCC9",1.3600137833933716,0.12362228608915847,,
"DESCARTES_FETAL_STOMACH_ERYTHROBLASTS",69,-0.3336769908286633,-1.267094284895422,0.11892583120204604,0.2082616179001721,"UROD;BLVRB;HMBS;CDC20;SLC25A39;MXD3;MARCHF2;RBM38;HBA2;CDKN2D;BIRC5;HBB;RILP;FECH;SLC38A5;MAP2K3;UROS;ABCA7;PPME1;ANK1;CDCA5",-1.3969320927198916,0.09546769527483125,,
"CUI_DEVELOPING_HEART_CORONARY_VASCULAR_ENDOTHELIAL_CELL",39,0.31539608156170096,1.2596583530991783,0.11904761904761904,0.2082616179001721,"DST;ITGA6;UACA;A2M;TCF4;ARHGAP18;CAVIN2;UTRN;COL4A1;MEF2C;JAM2;TCIM;COL4A2;DIPK2B;COL15A1;FABP4;MTSS1;ADGRL4;APLNR",1.6130985525964843,0.03726591552062502,,
"CUI_DEVELOPING_HEART_CARDIAC_FIBROBLASTS",74,-0.33040033183146067,-1.2641543616601119,0.11959287531806616,0.2087125660598943,"ALDOA;GAPDH;COX7B;IL32;PKM;COX5A;RRAD;ALDOC;RAMP1;ATP5MC2;HSPB1;SLC25A4;FABP3;S100A8;GOT1;PKIG;COLEC11;CRIP2;TNNI3;MDH1;AKR1B1;TNNC1;ENO3;HACD1",-1.1307887924991065,0.4034250208380693,,
"BUSSLINGER_DUODENAL_BCHE_CELLS",38,-0.37906612491619207,-1.29499782109507,0.12005649717514125,0.20901922529772793,"TMSB10;CST3;MT2A;MT1X;TMEM219;GSTP1;MT1E;S100A6;LYZ;MT1F;MT1G;GMNN;CTSE;FKBP1A;LPCAT4;MT1H",-1.403706694310438,0.11150360927660881,,
"HE_LIM_SUN_FETAL_LUNG_C1_PROXIMAL_SECRETORY_PROGENITORS_CELL",123,-0.29723870738934605,-1.2217992806141693,0.12189349112426036,0.2117097477421364,"COMTD1;CP;CXCL8;PLPP2;NDUFA4L2;PAQR4;TIMP1;HS3ST1;HCAR2;S100P;PFKP;IFITM1;ISG20;NXPH4;SOD3;CCNO;DUSP4;GLIPR2;SLPI;CXCL1;STING1;PAX9;CRYM;SPDEF;LINC01503;KLK11;KLK10;DUSP10;ABCA7;KRT15;MUC5B;CXCL2;SAMHD1;ISL1;RHOV;MLPH;SERPINA1;OSR1;ANXA1;S100A2;CCL2;CAPS;MAFB;COL6A2;TNFSF10;LYPD6B",-0.9738709476460398,0.7084403669724771,,
"MANNO_MIDBRAIN_NEUROTYPES_HPROGFPM",306,-0.2612070033698727,-1.1759305759965197,0.12299465240641712,0.21311245261827882,"SIVA1;RPS14;PRDX2;RPL18;AURKB;DANCR;H2AC25;MRPL22;H2AZ1;GNG5;PIH1D1;RPL13AP5;RAN;SNRPF;RPL26;RPS3;SNRPC;MRPS15;MT1X;PLK1;NR2F6;CKS2;GSTP1;C19orf48P;CENPW;RPS19;CKS1B;MDK;TYMS;PRC1;PIMREG;RPL23A;BIRC5;CDCA8;CDCA3;LDHA;HMGA1;CCNB1;UBE2S;SEPTIN1;CCNB2;KIF22;CHAF1A;RCOR2;CDKN3;PTTG1;CSRP2;UBE2T;RPA3;GINS2;PIF1;MCM2;MAGOHB;KRT19;N4BP3;UHRF1;PMAIP1;TACC3;TROAP;HMGN2;KIF2C;EEF1D;TFF3;PTX3;KNSTRN;HMGB2;TPBG;PLIN3;GPRC5C;ERF;CENPN;MAT2B;IMMP1L;CDCA5;RFC4;ZWINT;HILPDA;HSH2D;ACTL6A;SRF;GMNN;HADH;VWCE;MAD2L1;MARCO;CCNA2;CDC25C;VRK1;TRIM59;CDC25B;GINS1;RCN1;SLC6A8;CENPU;SPC25;EPHB4;HJURP;UCP2;FOXM1;MELK;PBK;TWIST1;FOXA2;VIM;RRM2",-1.1722862535849783,0.22592914583786133,,
"DESCARTES_FETAL_LUNG_CSH1_CSH2_POSITIVE_CELLS",181,-0.2802242336289838,-1.2098336578262379,0.12401352874859076,0.21436624255113546,"LSM10;PGP;TMEM101;COPS9;RPL13AP5;ALKBH2;PCGF1;UPP1;ZDHHC16;MARCHF9;RAC3;SH3GLB2;TIMM50;LLGL1;TSEN34;DOLK;TP53I13;CTSL;HARS1;MFSD13A;ILF2;SEC61G;BOK;PHLDA2;CENPV;EED;TFPT;TRAFD1;TNFRSF12A;PSMD3;TRMT61A;ANGPTL4;PREB;P2RX4;TXNDC15;CNNM3;RTN4IP1;SLC35B2;EML2;CNOT3;NOP14-AS1;VPS16;KMO;USP43;UNC119;AKR1B1;SNRPA1;COQ7;DDIT3;P2RY11;TIPIN;ALG2;TIMM17A;SNAI1;HNRNPA1L3;NFU1;SPINDOC;POLR2D;METTL5;FXN;ZNF74;KCNJ14;EBI3;CERCAM;PPIL2;ACO1;PGF;LZTS2;ZFYVE28;TWIST1",-1.2065659771022639,0.21546308358196414,,
"HE_LIM_SUN_FETAL_LUNG_C5_CD5_NEG_MATURE_B_CELL",46,-0.36817683343622093,-1.3009513945160478,0.12568306010928962,0.2167361084069935,"LY6E;ACP5;TRBC2;DUSP2;SP140;PLEK;PARVB;CD82;CD83;ITGB7;IL27RA;BIRC3;CD44;GPR65;DPEP2;RBKS;CTSH",-1.060829736002628,0.5324654939106901,,
"DESCARTES_FETAL_SPLEEN_MEGAKARYOCYTES",83,0.25993814892914685,1.2138113803085187,0.1267605633802817,0.21807622989119552,"DNM3;LGALSL;CNST;ASAP2;LTBP1;IRAG1;NLK;CDC14B;MFAP3L;VCL;GABRE;DENND2C;PLCB4;MPP7;ADCY6;MDM1;MPIG6B;ITGB3;SELP;DNMT3B;MCF2L;NINJ2-AS1;EGF;PDE5A;LINC00299;ELAPOR2;MMRN1;RSU1;TTC39B;C2orf88;COL24A1;NOS1AP;THBS1;KBTBD12;NEXN;MYOM1;RAB37;LANCL3;WFDC1;GP1BA;PROSER2;RBPMS2;F13A1;EGR3;ALOX12",1.3927202844178355,0.040293341558585376,,
"DESCARTES_FETAL_LIVER_VASCULAR_ENDOTHELIAL_CELLS",102,0.25001501400623644,1.2201449153893162,0.12792847934641696,0.21956519150236103,"PTPRB;KDR;SLCO2A1;KLF8;MYRIP;SMAD9;TMC7;REN;FLT1;EMCN;HSPG2;NHSL2;ADGRF5;PLPP3;LRRC66;EDN1;DKK2;LDB2;JAM2;MAN1C1;NOSTRIN;RP1;MMRN2;TSPAN18;DIPK2B;PRUNE2;TRPM6;IL33;RASSF9;BMX;NTN4;KLHL4;F8;DNASE1L3;ADGRL4;IL13RA2;PDE2A;GNA14;NOTCH4;AFAP1L1;VIP",1.5064042697995919,0.01717591533973089,,
"GAO_STOMACH_24W_C1_PROCRPOS_MULTIPOTENT_PROGENITOR",39,-0.37075991420083515,-1.274705575755058,0.1327683615819209,0.22733450591621363,"NUDT8;H2AX;CDC45;TRAF4;PPIH;UBE2S;INTS15;FAM229A;ZNF143;DNAL4",-1.3789738394582214,0.14587100663050032,,
"HAY_BONE_MARROW_CD34_POS_GRAN",15,-0.48500374888592923,-1.3241776764505926,0.1332312404287902,0.22759030717953338,"TMEM258;SNHG19;CALR;HSPB1;CLEC11A;P4HB;NPW;VAT1;SUCNR1;SNORC",-1.4533621255342832,0.1297360293689179,,
"HE_LIM_SUN_FETAL_LUNG_C3_MID_CAP_CELL",51,0.30803643321655627,1.2963769010159487,0.13672358460329492,0.2326923963712291,"PDE3B;NCKAP5;GCOM1;LONRF1;NEURL1B;FMNL2;DIXDC1;GLCE;ADGRL2;KIT;CRYBG1;DACH1;APCDD1;JAM3;LEPR;LIMD1;EDIL3;RBP5;LHX6;MADCAM1",1.1973421248941214,0.25204785362420834,,
"HE_LIM_SUN_FETAL_LUNG_C3_ARTERIAL_ENDOTHELIAL_CELL",272,0.2000686857744565,1.1298969531552767,0.13685902651586065,0.2326923963712291,"DENND11;USP53;FAT4;EDNRB;SPATA13;ATP13A3;CDK19;ARL15;DSTYK;SULT1B1;HMCN1;SKIL;PREX2;PIK3C2B;MECOM;ROBO2;ITPR1;PDK3;TRAM2;LTBP1;TMEM100;GOLIM4;ITPR2;SENP7;SMAD7;SERPINE2;TMC7;CAMK1D;THSD7A;COL9A3;CHL1;SYNJ2;MYO1E;RUNX1T1;SLC12A2;EPS8;COL21A1;KCNN3;STK38L;CRYBG1;MCC;PLCB4;TTLL3;SWAP70;DKK2;MMP16;FILIP1L;SOX5;SLC8A1;MET;NOVA1;SNX18;FGFR3;SEMA3G;GPRIN3;PELI1;TMEM47;NOMO3;CGNL1;CDC42EP3;LPCAT2;MERTK;GUCY1A1;KLF12;F2R;GIPC2;SYNPO;GCNT1;CLGN;SYT1;KANSL3;ABCC4;GFOD1;FZD6;NSG1;ITPR3;CYTH3;FAM107A;MYOF;SOX6;C14orf132;FBN1;POPDC1;SYT11",1.3755471632408238,0.0054760592301486945,,
"DESCARTES_FETAL_STOMACH_CILIATED_EPITHELIAL_CELLS",162,-0.2793521943463203,-1.1947238433789396,0.13879408418657566,0.23543108672769608,"WDR54;B9D1;LRRC73;CIMAP1B;PIERCE1;FBXW9;CTXN1;GON7;HAGHL;SPMIP6;RRAD;CFAP119;TMEM231;ENKD1;TOGARAM2;CCNO;SPACA9;KIF9;ZMYND10;DNAAF3;TPPP3;PSENEN;RSPH1;ZDHHC1;ZNF497;DNAH2;CIMIP2B;AK8;MORN2;OSCP1;ZMYND12;DNAAF8;RSPH9;WDR90;FAM229B;CFAP45;DNALI1;RSPH14;KIF19",-1.1960098835080841,0.23494537358256098,,
"BUSSLINGER_GASTRIC_CHIEF_CELLS",52,-0.3477614654214128,-1.2551562540593681,0.14172185430463577,0.23983698420784513,"SSR4;CST3;MT2A;FTH1;PGC;MT1X;DCXR;RPLP1;PRDX4;EEF2;CA9;P4HB;MT1F;XBP1;GPRC5C;IRX2;PDIA2;MT1G;PLIN5",-1.3249281194190294,0.17869769523383308,,
"DESCARTES_FETAL_PLACENTA_AFP_ALB_POSITIVE_CELLS",107,-0.30015317387754775,-1.210834446287221,0.14424242424242426,0.24353488372093024,"F12;MT2A;ACY1;MMAB;MT1X;MPST;GSTZ1;MT1E;CPS1;ASS1;AMN;REEP6;PEBP1;ATF5;SERPINA5;SPRYD4;RBP4;GLS2;MT1F;TFR2;TM7SF2;SIRT4;AMBP;SLC37A4;TM4SF4;SERPINF2;BDH1;APOM;PRAP1;ASGR2;LRG1;MT1G;KLB;DHCR7;SERPINA1;C4BPB;SARDH;GSTA1;TDO2;ALDOB;MT1H;SLCO1B3;FGFR4",-1.3131159320524601,0.11473956913007909,,
"DESCARTES_FETAL_CEREBRUM_VASCULAR_ENDOTHELIAL_CELLS",468,-0.24569981079542538,-1.1364412585352992,0.14727085478887744,0.24807109182534806,"VAMP5;PRELID1;MRPL17;RPL10AP2;NOP10;CAVIN3;MT2A;SOCS1;RPL13P12;CCDC85B;CDK2AP2;EIF3I;RPS28;ISG15;SNRPB;SIGIRR;PIM3;S100A16;LGALS1;MT1X;PLOD1;IFITM3;CDC42EP1;CD320;TMEM141;CRIP1;RPL41P2;PLEKHF1;IFI27;MT1E;HYAL2;MOB2;PCBD1;DEGS2;PLEK2;S100P;ATP5MC3;CLEC2B;RHOC;ST6GALNAC4;IFITM1;HBA2;TNFRSF4;HSPB1;RHOD;S1PR4;APOL3;RRAS;HBB;CLEC11A;IFI6;EXOC3L1;STAP2;C11orf96;SERPINH1;SAMM50;PHLDA2;EFNA1;VDAC2P5;RIN1;NHERF2;ADA;CSTB;KLF2;PPIC;CDC42EP5;HRCT1;C1orf54;RPL12P4;PROCR;IFIT3;COX4I2;CALHM2;APOL4;IGFBP7;ANGPTL4;MAP3K6;ECSCR;C2CD4B;LSR;VWA1;MTCO2P12;SOX18;CRIP2;SLC52A2;CCDC86;ALDH3A1;LYPD3;TRGC2;TINAGL1;MT1F;OCEL1;FLVCR2;MELTF;KANK3;PDE6G;BTNL9;ZAP70;RRAGA;GPRC5C;C8orf58;TMEM92;FMO1;CD109;SLC6A12;ADORA2B;CASP4LP;DEPP1;EML3",-1.03700863423955,0.5481196581196581,,
"SU_HO_CONV_CENT_CHONDROSARCOMA_C0_CHON1",156,-0.27734188584101044,-1.1839390954395315,0.14840182648401826,0.24939751395230847,"NAA38;S100A13;NMB;CNPY2;NDUFC1;IRF1;HSPE1;MRPL18;SRSF7;RPL3;PCBP2;PLA2G2A;RPL34;RPS26;LMO4;PLD3;RPL35A;C11orf96;SELENOW;DOK1;PEBP1;HRCT1;GAS6;AK1;SUMF2;RBP4;SMARCD3;PPDPF;RPL24;GABARAPL2;MDFI;GADD45B;TSPAN13;FOXA3;TSPAN3;BCAT1;PRKCZ;DNAJC19",-1.172260874103537,0.2647444029563279,,
"ZHONG_PFC_C3_UNKNOWN_INP",33,-0.3791146411343639,-1.2567977247458029,0.1518624641833811,0.2542266048492149,"MXD3;PRC1;BIRC5;CDCA8;CCNB2;UBE2T;NMU;CDKN2C;SKA1;CCNA2;NDC80;SPC25;HJURP;HYLS1",-1.2712895008537286,0.2330696280281067,,
"HU_FETAL_RETINA_HORIZONTAL",22,0.36963612772486115,1.2482566334235328,0.1519756838905775,0.2542266048492149,"MAGI1;PROX1;SOX4;SCN3A;PLXNA2",1.2042060145178533,0.28421703296703293,,
"CUI_DEVELOPING_HEART_C2_CARDIOMYOCYTE",54,-0.34046709614362813,-1.2303012856902213,0.15364238410596026,0.25642384105960264,"CHCHD10;NDUFS6;COX5A;RRAD;ATP5MC1;ALDOC;PFKP;COX7A1;SLC25A4;FABP3;GOT1;IDH2;CRIP2;TNNI3;MDH1;SNTA1;TNNC1;ENO3;HACD1",-1.1047646423927386,0.4402235369311198,,
"GAUTAM_EYE_IRIS_CILIARY_BODY_CYTOTOXIC_T_CELLS",83,-0.3158391438600391,-1.2213021631582017,0.15462610899873258,0.257473750305229,"CENPM;SSNA1;PPP1CA;RACK1;RAB5IF;ELOF1;RPL35;ARPC1B;EBP;HDAC10;APOBEC3G;NR2C2AP;RBM38;SLC2A6;S1PR4;SEPTIN1;RPL5",-1.219472452643853,0.26052631578947366,,
"GAUTAM_EYE_IRIS_CILIARY_BODY_MONOCYTES",123,-0.29026392213409735,-1.1931294358212479,0.15621301775147928,0.2589897260273972,"SCO2;PGP;BID;NUDT1;H2AC20;EIF4EBP1;DDX39A;UBALD2;CDC37;HLA-C;HLA-F;CD48;HLA-A;SH3BGRL3;PSTPIP1;KYNU;FKBP4;LLPH;ATG3;LIMD2;ATF5;CXCL1;CXCR4;NCF1;STX11;RAB20;SNHG15;DUSP10;GCH1;RIPK2;SIGLEC9;FGR;SLC7A7;TMC6;IL2RA;MKNK1;SERPINA1;ARL4C;ABRACL;THEMIS2;CD55;ALOX5;H2AC8;LILRB1;UCP2;EBI3",-1.0519590720412764,0.5365815888389904,,
"VANGURP_PANCREATIC_BETA_CELL",100,-0.3017188833826251,-1.2120332311576736,0.15625,0.2589897260273972,"PEMT;ALDOA;WARS1;RPS3;ENO1;RPS23;RPL7A;PRDX1;SURF4;RPL17;RPL3;RPS6;SELENOW;RPL5;RPS4X;PEBP1;C1QL1;RBP4;HSPA8;RPL24;CNP;TSPAN13;DHRS7;PSAP;LDHB;TPM3;STX1A;RPL23;DHRS2;HADH",-1.2155501380005485,0.25315462569467145,,
"DESCARTES_FETAL_PLACENTA_SMOOTH_MUSCLE_CELLS",56,0.2770216839915977,1.1899794963369028,0.15853658536585366,0.2621812322906828,"PLCB1;ADAMTSL3;GUCY1A2;ITGA9;SCN4B;GJC1;REN;CNTN4;PAG1;CARMN;GPR20;HAS2;HEYL;NGFR;VASH2;GNAL;PGM5;GFRA2;SEMA5B;CACNA1C;PAQR5;ARHGAP44;ABCC9",1.206860245900637,0.227117495242316,,
"DESCARTES_FETAL_LUNG_CILIATED_EPITHELIAL_CELLS",262,-0.2582151210732149,-1.1538931044154503,0.15960912052117263,0.2633550488599348,"ADPRS;WDR54;RUVBL2;B9D1;DPCD;LRRC73;CIMAP1B;PIERCE1;HSPBP1;FBXW9;GON7;CCDC157;PLPP2;HAGHL;PPOX;SPMIP6;IFT22;CFAP119;TMEM231;KLHDC9;C6orf52;PPP1R16A;ENKD1;LRRC26;TOGARAM2;CCNO;SPACA9;KIF9;ZNF584;ZMYND10;TPPP3;RSPH1;TCTN2;ZDHHC1;ZNF497;PLA2G10;DNAH2;CIMIP2B;TP73;AK8;SYT8;DYNLT2B;MORN2;RIBC1;CCDC74A;CIMIP2C;OSCP1;ZMYND12;DNAAF8;TREM1;RSPH9;EMC3;FAM229B;CFAP45;NRAV;DNALI1;RSPH14",-1.1430200768789562,0.28491152040447815,,
"DESCARTES_MAIN_FETAL_DUCTAL_CELLS",50,-0.3458777420372082,-1.2386580301673111,0.1610738255033557,0.26516915491028625,"HSD3B7;NRTN;PUF60;HES4;MPND;TMEM141;GPR3;RASSF7;CITED4",-1.3612702835992927,0.15630900093407796,,
"GAO_LARGE_INTESTINE_24W_C6_SECRETORY_PROGENITOR",20,-0.4260178104097388,-1.254003661521079,0.16843702579666162,0.27666353105967495,"TYMP;RPS18P9;L3MBTL2;C1orf174;APOE",-1.1555143110684225,0.4034250208380693,,
"DESCARTES_MAIN_FETAL_SQUAMOUS_EPITHELIAL_CELLS",73,-0.31544831475916757,-1.2088054638022345,0.1691919191919192,0.2772761474793078,"KRT16;SFN;GBP1P1;PITX1;PRSS27;GJB5;KRT17;KLC3;CSTB;CYSRT1;S100A14;LYPD3;KRT6A;FUT3;THOC3;FOSL1;GLTP;KCNK7;KRT15;GSDMC;SOX13;SERPINB5;SERBP1P5;KRT6B;PLEKHN1;S100A2;TRIM29;PKP1;BCAS2;PHLDB3;TMEM80",-1.099019475047683,0.4654896489464289,,
"JONES_OVARY_THECA",42,-0.35493827845395304,-1.2373596849082615,0.17318435754189945,0.2831798278725653,"S100A13;MT2A;S100A16;APOC1;APOE;S100A6;MVD;CALB2;GRAMD1B;FDX1;BTNL9;LSP1;CREB3L1;MGST1;SCARB1;UCHL1;CHST2;ALAS1;INSL3;THY1;PRPS2",-1.0380768139177996,0.5636523978531855,,
"HU_FETAL_RETINA_PHOTORECEPTOR",40,0.29678822599070925,1.1766096479115316,0.17375886524822695,0.2834807554386804,"BAZ2B;AKAP9;BTBD8;AHI1;UBXN4;SOX4;FAM161A;EPB41L2",1.206831115329438,0.2645772594752187,,
"DESCARTES_MAIN_FETAL_SATB2_LRRC7_POSITIVE_CELLS",70,-0.3154770761163641,-1.2003376546001896,0.17797695262483995,0.2897113623444704,"PANX2;RPS11P5;SRM;TRAPPC5;RAB3A;LPAR2;RPL23AP82;CATSPER3;DOHH;FAM171A2;CSRP2;RASL10A;MCRIP1;ABHD8;HPF1;ANO8;VPS26B;FNDC4;ADGRB2;LINC00115;TMEM158;NYAP1;TMEM240;B3GAT1;DHPS;B4GALNT4;IL11;WASF1",-1.1831719478046245,0.2993022186938537,,
"TRAVAGLINI_LUNG_SIGNALING_ALVEOLAR_EPITHELIAL_TYPE_2_CELL",56,-0.32749590071974277,-1.193068240721336,0.17989417989417988,0.2921771243918895,"TXNDC17;TMEM125;CD74;NPC2;PGC;CYB5A;CD81;PMM1;ETV5;MUC1;NINJ2;RNASE1;TMSB4X;S100A14;FABP5",-1.0572364551783315,0.549652518522773,,
"JONES_OVARY_PERICYTE",167,-0.26999320348896516,-1.1608223836283493,0.18171557562076748,0.29447658013544015,"MYL6;CHCHD10;NUPR1;CAVIN3;MT2A;ACTB;NRGN;HES4;LGALS1;IFITM3;NDUFA4L2;CRIP1;CD151;RRAD;IFI27;MT1E;HLA-C;IFITM2;LMNA;HLA-F;COX7A1;SOD3;RRAS;C11orf96;SELENOW;IMPDH2;HLA-B;EGLN1;PKIG;ISYNA1;S100A11;RARRES2;IGFBP7;PDLIM1;CRIP2;TINAGL1;GPX3;B2M;CALM2;GJA4;MFGE8;DBNDD2;MGST2;EPB41L4A-AS1;CAV2;H2AJ;LGALS3BP;LTBP4;NBL1;CALM1;EMP2",-1.1185169166690347,0.3624390823725187,,
"DESCARTES_FETAL_INTESTINE_SMOOTH_MUSCLE_CELLS",38,0.3007989087557522,1.1960655261119055,0.1836734693877551,0.2969865006136085,"RGS5;MYOCD;LDB3;MYH11;CARMN;MYLK;ACTA2-AS1;GREM2;CAPN3;FGF7;AOC3;CHRDL2;KCND3;KCNMA1;JPH2;LMOD1;LINC00578",1.9955389594341357,0.0013082836971800315,,
"DESCARTES_FETAL_MUSCLE_SMOOTH_MUSCLE_CELLS",65,0.26314867056275587,1.1687432484924847,0.18468468468468469,0.29795795795795793,"RGS5;BMP5;GUCY1A2;FRK;RCAN2;PAWR;TRPC4;MYH11;FHL5;DAAM2;NRIP2;CARMN;ACTA2-AS1;PLCL1;SLC38A11;SLIT3;ADCY5;ANGPT2;OR51E2;SEMA5B;RERG;AOC3;ITGA11;CACNA1C;EDNRA;TMC4;ABCC9",1.5306306402055112,0.01782030855525837,,
"ZHONG_PFC_MAJOR_TYPES_ASTROCYTES",279,-0.25364831947526084,-1.1347816574119218,0.18851570964247022,0.30346431308300087,"YIF1A;S100A13;HAPLN3;CST3;TEX264;GNG5;MT2A;IFI27L1;CBR1;GNPTG;C1orf122;ZFYVE21;HES4;S100A16;LGALS1;DCXR;IFITM3;CDC42EP1;COMT;CD63;MT1E;TIMP1;HLA-C;ALDOC;APOE;RHOC;RAMP1;PRODH;ETV5;ROBO3;G6PC3;AIF1L;HSPB1;HLA-A;TRIB2;PPP1R16A;CTSL;PRR5;TBC1D10A;EFNA1;SERPINB6;HLA-B;TRIM47;SNX3;ANXA5;RASSF4;FABP5;P3H4;GPX3;TM7SF2;TSC22D4;SLC25A18;B2M;PLIN3;LYN;EFHD2;CD82;SLC1A3;MFGE8;TP53I3;ADORA2B;PMP22;TSPAN3;OLFM2;PTTG1IP;RAB34;CYP51A1;LGALS3BP;SPON1;EFEMP2;THBS3;HOPX;DHCR7;CDC42EP4;RAP1GAP;FADS2;P4HA1;SLC3A2;ALPL;KCNJ10;NDRG2;RCN1;SOX8;CSPG5;S100B;RAMP3;DBI;NHERF1;GLUD1;CRYL1;CD9",-1.0546938446772942,0.5365815888389904,,
"TRAVAGLINI_LUNG_FIBROMYOCYTE_CELL",23,0.3476573334447642,1.1894892971942816,0.19817073170731708,0.318300777034319,"HHIP;PLXNA4;SYNPO2;XIST;FNBP1;GREM2;CLU;FNDC1;PRUNE2;FGF18",1.348993504832741,0.1618312757201646,,
"MENON_FETAL_KIDNEY_9_ENDOTHELIAL_CELLS",102,0.2276755158924268,1.111121762742835,0.2,0.3205298013245033,"ROCK2;TGFBR2;ACTR2;PBX1;KIF5B;KTN1;LPP;NES;KDR;UACA;LIFR;ITGB1;FLT1;EMCN;A2M;TCF4;HSPG2;HMGB1P5;ADGRF5;CAVIN2;PIEZO2;SPTBN1;PLPP3;MARCKS;MKI67;COL4A1;CCND1;IGFBP5;MEF2C",1.3893187987111388,0.06129904319478667,,
"TRAVAGLINI_LUNG_VASCULAR_SMOOTH_MUSCLE_CELL",60,0.2597997073981987,1.1329968485530815,0.20689655172413793,0.3308521950478505,"SEMA5A;SYTL2;LPP;EPAS1;RGS5;CRIM1;INPP4B;CDH6;RCAN2;EPS8;ADGRF5;SEPTIN7;ITGA1;PARM1;FHL5;MYLK;MYH9;CALD1;HEYL",1.4090610767556768,0.07863183517917804,,
"DESCARTES_FETAL_HEART_EPICARDIAL_FAT_CELLS",60,-0.3142002869762905,-1.1623696464206879,0.21558441558441557,0.3437368037160735,"KRT7;RARRES1;TGM1;PDZK1IP1;KREMEN2;PLA2G2A;C1orf53;SLPI;CA9;C1QL1;UPK3B;NMU;FAM83A;KLK11;CFB;FMO1;ABCA12;CDH3;GRB7;CHAC1;KLK7;TNFRSF11B;SBSPON;GFPT2;GSDMA;TNFRSF8;EPS8L1;MSLN",-1.1218343962006645,0.4067237898314993,,
"MENON_FETAL_KIDNEY_2_NEPHRON_PROGENITOR_CELLS",39,-0.3419873475630193,-1.1757829314312689,0.21610169491525424,0.3437368037160735,"RPLP0P6;RPS2;RPLP0;EIF3F;RPSA;RPL3;TRIB2;HMGA1;MARCKSL1;RPSA2;ODC1;BTG1",-1.0255321900581864,0.6083547537061287,,
"DURANTE_ADULT_OLFACTORY_NEUROEPITHELIUM_GLOBOSE_BASAL_CELLS",25,-0.38092934786581545,-1.193291046153293,0.21637426900584794,0.3437368037160735,"H2AZ1;TUBB;MARCKSL1;JPT1;CALB2;PTMA;HMGN2;TUBA1A",-1.0185320046594817,0.6163157432031473,,
"DESCARTES_FETAL_EYE_SKELETAL_MUSCLE_CELLS",92,-0.29009554300892704,-1.1529697381995947,0.21951219512195122,0.3479603791671105,"LAMTOR5;NPM3;IL32;BAK1;ACTA1;TRIM72;RAMP1;COX7A1;TNNI2;FABP3;BOK;PPP2R3B;AK1;XIRP1;TNNT1;EME1;GAL3ST1;TMEM38A;MYL6B;CHRNB1;GAMT;PEG10;TNNC1;KLHL21;ENO3;TRIB3;DOK7;ATP2A1;MB;MYOM2;ADPRHL1;STAC3;CORO6;MAMSTR;TBX1;HSPB6",-1.0023263865924197,0.6459925093632959,,
"DESCARTES_FETAL_INTESTINE_ENS_GLIA",27,0.32534452075358633,1.1620963774048256,0.22077922077922077,0.3492063492063492,"KCNA2;GRIK3;ABCA8;SNTB1;SHC4;CSMD2;BCAN;TRIM9;ATP1A2;HEYL;SLC35F1",1.0461429373236237,0.5574060949681077,,
"AIZARANI_LIVER_C11_HEPATOCYTES_1",199,-0.2585685770729075,-1.1288440949148542,0.2245810055865922,0.35444741316492595,"SOD1;F12;UQCRQ;MTHFS;SLC27A5;GRHPR;MT2A;CBR1;ECHS1;CP;MT1X;DCXR;APOC1;ANG;MT1E;PCBD1;CYB5A;GADD45G;APOE;NNMT;CPS1;ASS1;C2;MT1M;GOT1;SDS;PEBP1;ADI1;PRDX3;ATF5;CXCL1;SHMT1;RARRES2;RBP4;VNN1;ATP5PF;MT1F;HSD11B1;PCK2;AMBP;PTMS;CFB;HAAO;SERPINF2;FBP1;MAOB;APOM;ASGR2;MTTP;LRG1;MT1G;ACAT1;PON3;MGST1;RCL1;AQP9;SERPINA1;SERPINE1",-1.21363026043474,0.19222015698755066,,
"DESCARTES_MAIN_FETAL_CARDIOMYOCYTES",16,0.3750834666053684,1.190279199112747,0.22816901408450704,0.35932907641074213,"MYOCD;PPP1R12B;FHOD3;FILIP1;SORBS2;SLC8A1;INCA1",1.3003612826300939,0.227117495242316,,
"CUI_DEVELOPING_HEART_SMOOTH_MUSCLE_CELL",45,-0.3325179604426463,-1.1703881060552732,0.2328767123287671,0.3659491193737769,"S100A6;PPIC;OSR2;RARRES2;NPDC1;RCN3;EGFL6;S100A4;NUCB2;PCOLCE;PDGFRL;OSR1;DUSP1;IGFBP4;LOX;ID2;BGN;SPARC;C1R;NTRK2;CRABP2;SERPINF1;CTSK;SFRP2;CFH;OLFML2B;F10",-0.5762968248613717,1,,
"MANNO_MIDBRAIN_NEUROTYPES_HPROGBP",267,-0.24931711215282595,-1.1151110797656556,0.2391304347826087,0.3749647854258616,"RPS14;MCM5;RPL18;AURKB;H2AZ1;GNG5;RPL13AP5;NAXE;TK1;SNRPF;H2AX;PLK1;CKS2;GSTP1;C19orf48P;CENPW;RPS19;CKS1B;MCM7;MDK;TYMS;PRC1;PIMREG;PCNA;RPL23A;XRCC3;BIRC5;CDCA8;CDCA3;HMGA1;CCNB1;CCNB2;KIF22;DNAJC9;IRX3;RCOR2;CDKN3;PTTG1;AAMDC;UBE2T;LAMA1;RPA3;GINS2;PIF1;FZD2;UHRF1;PMAIP1;TACC3;TROAP;HMGN2;KIF2C;CRYM;EEF1D;PTX3;KNSTRN;HMGB2;PLIN3;CENPN;IRX2;MAT2B;SLC39A4;MTTP;BCAT1;CDCA5;RFC4;ZWINT;MYBL2;ACTL6A;SRF;GMNN",-1.0934775664817034,0.42723214285714284,,
"DESCARTES_MAIN_FETAL_EPICARDIAL_FAT_CELLS",26,-0.3713662524330418,-1.1668926355338354,0.2434402332361516,0.3809000201065648,"TGM1;PLA2G2A;CA9;BST1;CALB2;SPATA41;AQP9;KLK7;S100A10;TNFRSF8;INMT;MSLN",-0.9180326211973636,0.7754644955722916,,
"CUI_DEVELOPING_HEART_5TH_WEEK_VENTRICULAR_CARDIOMYOCYTE",66,-0.3042004353110264,-1.1435384122206869,0.2480719794344473,0.3873123807944274,"SMCO4;MCEMP1;SHISA5;ACTA1;DUSP14;AIF1L;RHOD;CALB2;DUSP2;TESC;KLK6;MARCHF3;TUBB6;GPX3;PDLIM4",-0.9376150789628728,0.7518489666865235,,
"HE_LIM_SUN_FETAL_LUNG_C1_GHRL_POS_NEUROENDOCRINE_CELL",111,0.22052293911413312,1.0958201626104063,0.24861878453038674,0.38733312783060253,"DST;THSD4;A1CF;PROX1;CEP126;CHGB;CACNB2;RUNX1T1;RAPGEF4;QPCT;MAP1B;RGS17;RASA4B;GNAO1;TNFRSF21;CADPS;CACNA2D1;RNF128;GPRIN3;ANK2;COL12A1;CASZ1;CXXC4;ARFGEF3;MAPRE3;CHGA;BACE1;SEMA3A;SYT11;ANKH;CACNG4",1.1653566700494902,0.21672816674249162,,
"HE_LIM_SUN_FETAL_LUNG_C2_GMP_CELL",26,-0.369320862937146,-1.160465691987075,0.24927113702623907,0.3875178704090997,"NKG7;CITED4;FKBP11;SLC43A1;CLEC11A;C16orf74;NUCB2;ARMH1;PCLAF;MGST1;SERPINB8;RGL4;DDX11;MTARC1;MCM6;RNASE2",-1.193588373239823,0.33287378979938115,,
"HE_LIM_SUN_FETAL_LUNG_C7_FGFBP2_POS_NEURAL_PROGENITOR_CELL",42,0.2761125043338194,1.1199426046547685,0.2517482517482518,0.3905325443786983,"PLAGL2;NKD1;EPAS1;TMEM100;ARHGAP18;ERV3-1;CCSER1;TMT1A;SYNM;UNC5B;SELENOP;TAPT1;ZNF599;MFAP4;ARHGAP31;BLOC1S5;NFIX;LAMA5;BCL11A;WDR27;MAP3K5;ANKHD1",1.0220783850699806,0.613576881134133,,
"DESCARTES_MAIN_FETAL_SCHWANN_CELLS",27,0.31367212840849434,1.1204038207622233,0.2532467532467532,0.39201949436491007,"EDNRB;ABCA8;OLFML2A;STARD13;ADAM23;SEMA3G;GAS2L3;TSPAN11;NGFR",0.8234836631110375,0.914675471370232,,
"BUSSLINGER_DUODENAL_LATE_IMMATURE_ENTEROCYTES",161,-0.26102473881972693,-1.1164488714536627,0.2571103526734926,0.39715343838501194,"FTH1;CD74;HLA-DRB1;CBR1;PNP;SLC2A5;HLA-DRA;SLC25A5;SAT2;CYB5A;AKR7A3;CYSTM1;LDHA;GLRX;AMN;ADA;REEP6;PEBP1;PEPD;ABCG5;MGST3;VNN1;CNDP2;P4HB;S100A14;ACAA1;MS4A8;PCK2;RBP2;HEBP1;SAR1B;TM4SF5;DGAT1;DHRS7;SLC37A4;TM4SF4;TKFC;FBP1;ACADVL;MTTP;AKR7L;ATP1B3;HSD17B2;ACAT1;SAT1;CALM1",-1.2520391557584192,0.16650639962862257,,
"HE_LIM_SUN_FETAL_LUNG_C1_SMG_BASAL_CELL",355,-0.24018804765548768,-1.0936008668566204,0.2612330198537095,0.4026649095834249,"FBXO6;NUPR1;TYMP;CIMAP1B;CD70;IL32;CNFN;NRTN;SPHK1;HLA-DPB1;MCUB;TNFRSF14;UBAC1;SELENOM;LGALS1;CX3CL1;PLPP2;SFN;PAQR4;MT1E;BCL2A1;RAC2;HS3ST1;CCDC28B;PFKP;KREMEN2;EMP3;IFITM1;TNFRSF4;ACP5;WNT10B;PITX1;TRNP1;SAA1;TFAP2A;LGALS9;NFATC1;GABRP;KLF2;FXYD5;TNFAIP2;GAS6;HLA-B;RND1;FAM216A;GYPC;CXCL1;LAMA1;CXCL3;RGS10;CXCR4;PLAU;VSIR;ADCK1;PMAIP1;GINS3;CCDC74A;PAX9;TRPV4;MX1;MARCHF3;TUBB6;NPDC1;PTX3;LTB;TICAM1;LINC01503;LSP1;FAS;CD82;CD40;KLK10;BDH1;KRT15;PMP22;EVA1C;CXCL2;PRKAR2B;IL27RA;KCNN4;IFI16;SEZ6L2;ANO1;RELL1;NBL1;FOXC1;RFLNA;STMN3;BACC1;ADM;CD200;ISL1;BIRC3;HPRT1;IQCJ-SCHIP1;OSR1;S100A2;CCL2;SCARB1;ST6GALNAC2;TMEM158;GPX2;TNFSF10;KCNAB3;SLC6A8;S100B;TRIM29;PKP1",-0.871253762863578,0.9409127489772651,,
"HE_LIM_SUN_FETAL_LUNG_C4_ILCP_CELL",173,-0.257885129556349,-1.1070087111339735,0.2636986301369863,0.40560424889714414,"S100A13;CST3;TSPO;TNFRSF18;TRAPPC5;PXMP2;NINJ1;CAMK1;TSPAN4;IL4I1;TIMP1;CD81;LST1;ALDOC;LTC4S;GRN;UNC93B1;TNFRSF4;PLD6;AP1S1;CDK2AP1;FUCA2;CLEC11A;ICAM1;ARL3;CENPV;SLC16A3;DTD1;NFATC1;GNA15;ORAI3;IFNGR2;COQ8A;FSD1;IGFBP7;TNF;ISOC1;UBASH3B;PHF19;GRAMD1B;ARHGAP10;TNFSF13B;TSPAN13;KRT86",-1.0566498813867715,0.5224014336917562,,
"DESCARTES_MAIN_FETAL_URETERIC_BUD_CELLS",17,0.35003407119430713,1.1331224237085173,0.2840909090909091,0.43604651162790703,"NAALADL2;MYO6;ACER2;SPMIP4;MTCO1P12;TBC1D9",1.2094023444463136,0.3265736204824845,,
"BUSSLINGER_DUODENAL_MATURE_ENTEROCYTES",239,-0.24603066608801336,-1.0917553396460475,0.2889858233369684,0.4426238559971288,"GPX4;IL32;C8G;CD74;HLA-DRB1;FBXW5;SLC2A5;SECTM1;HLA-DRA;CD151;CTSD;IFI27;SAT2;MDK;PNPLA2;PFKP;RHOC;PRODH;HSPB1;SREBF1;ATG4B;GLTPD2;AMN;ADA;S100A6;REEP6;SLC27A4;MAPK3;PEPD;ABCG5;YPEL3;AGPAT2;ANGPTL4;ACY3;P4HB;POLD4;S100A14;TRIP10;ACAA1;POR;MS4A8;SLC19A1;PCK2;TM4SF5;SLC67A1;GADD45B;DGAT1;TNFRSF1A;MFSD2A;TM4SF4;FBP1;SLC39A4;BAIAP2L2;PLAAT2;PRAP1;TRIM15;ACADVL;MTTP;GALE;EZR;PLXNB2;CTSE;TM6SF2;SERPINA1;SCARB1;CSNK1D;ARHGEF16;ALPI;SLC3A2;GSDMB;SLC6A8;TJAP1;ALDOB;BMP1;RAB17;IGFBP4;INF2;MIGA2;MICALL2;SMIM24;TM4SF20;ANKRD9;SLC6A20;STAT6;EPS8L2",-1.1856318606539606,0.20984844539346909,,
"AIZARANI_LIVER_C4_EPCAM_POS_BILE_DUCT_CELLS_1",176,0.20340051787724553,1.0745617362191489,0.2905982905982906,0.4441565452091768,"AFDN;DSP;PTPRK;SHANK2;TMEM245;CDH1;MAGI1;GTF2I;LAMC1;PROX1;CLMN;MYO10;CPD;PAH;ALKAL2;SCARB2;SOX4;CAMK2N1;SYNJ2;SH3YL1;SLC12A2;PAWR;SORBS2;NEDD4L;WEE1;MGLL;RAB3IP;EPCAM;SOX9;ATP1A1;FGFR3;CLIC6;TP53INP1;FMO5;AMOTL2;MYLK;OCLN;PMEPA1;CXADR;CYP3A5;ABCC3;LAMP2;TMPRSS2;AGT;CLU;PTPRF;BICC1;ERRFI1;ERBB3",0.9800663630136162,0.6958307660710619,,
"DESCARTES_FETAL_PANCREAS_ENS_GLIA",29,0.296418437355644,1.0826176566119106,0.2967741935483871,0.45264299268094327,"GRIK3;SHC4;BCAN;OLFML2A;ADAM23;GFRA1;TSPAN11;NLGN3;TAC1;ERBB3;DEPDC7;SLC16A4",1.0048413465963095,0.5932167684853592,,
"ZHONG_PFC_C4_UNKNOWN_INP",79,-0.2857949811806189,-1.1033855031510487,0.3034134007585335,0.4617990124752523,"POLR2L;COMMD9;DANCR;ELP6;POLR2H;MRTO4;GADD45G;UBE2I;TIMM50;DYRK4;INO80C;EXOSC1;DDIT4;SNHG8;OCIAD2;ATG3",-1.1098855159444616,0.4425,,
"HE_LIM_SUN_FETAL_LUNG_C1_PROXIMAL_SECRETORY_2_CELL",268,-0.24292299225363664,-1.0859914530093622,0.30543478260869567,0.4639030380207386,"PLAAT4;KRT7;NUPR1;SMIM22;COMTD1;TNFRSF14;CP;PLLP;CX3CL1;CXCL8;PLPP2;NDUFA4L2;SFN;ANG;PAQR4;MT1E;TIMP1;HS3ST1;DEGS2;HCAR2;S100P;CTSW;IFITM1;FKBP11;ISG20;NXPH4;SOD3;BIK;S100A9;TFAP2A;CCNO;LGALS9;DUSP4;AMN;GABRP;GLIPR2;FXYD5;SLPI;HLA-B;CXCL1;CXCL3;RGS10;STING1;VSIR;PAX9;LYPD3;NPDC1;CRYM;LCN2;SPDEF;ARHGDIB;LSP1;KLK11;CD82;DTX2;KLK10;PLAAT3;KRT15;ADORA2B;MUC5B;CXCL2;IKBKE;ERN2;LRG1;CREB3L1;SAMHD1;SH2D3A;ISL1;RHOV;MLPH;SERPINA1;RAB27B;ANXA1;S100A2;CAPS;MAFB;COL6A2;ALPL;MB;TNFSF10;GSTA1;LYPD6B;TRIM22;ALDH3B1;SLC1A5;SULT2B1;PLEKHS1;TIAM1;TRPM4;PHLDB3;FAM3D;EPS8L1;SIX1;MUC4",-0.9650229529418761,0.7337471710059322,,
"HE_LIM_SUN_FETAL_LUNG_C1_PROXIMAL_BASAL_CELL",172,-0.25138901286511256,-1.0782568748778265,0.30786773090079816,0.46662207230475883,"NUPR1;LGALS1;CX3CL1;NDUFA4L2;SFN;TIMP1;HS3ST1;HCAR2;GADD45G;PFKP;EMP3;IFITM1;NXPH4;PITX1;TFAP2A;TGFB1;KLF2;FXYD5;SLPI;HLA-B;CXCL1;RARRES2;STING1;C16orf74;TP73;HSPA2;PAX9;GJB2;PNCK;LSP1;KLK11;FOSL1;CD82;CD40;FMO1;KLK10;WNT4;KRT15;EVA1C;SERPINB5;IFI16;NBL1;ISL1;PTGES;ANXA1;S100A2;ST6GALNAC2;MAFB;COL6A2;TNFSF10;LYPD6B;TRIM29;PKP1;OTX1;CYP4X1;A4GALT;IGFBP4;GPNMB;SOX15;SH3BP1;SIX1;MUC4",-0.8757135674056774,0.8940666118421052,,
"DESCARTES_MAIN_FETAL_VASCULAR_ENDOTHELIAL_CELLS",35,0.2806594448598495,1.079109586990381,0.3197278911564626,0.4835884353741497,"PTPRB;RAPGEF5;SLC39A10;SNRK;SOX7;LDB2;CYYR1;ESM1;TCIM;ABCB1;DGKE;FAM124B;ADGRL4;APLNR;NOTCH4",1.4692940085034167,0.10156566497251479,,
"DESCARTES_FETAL_CEREBRUM_SKOR2_NPSR1_POSITIVE_CELLS",33,0.281596781617514,1.072228108191693,0.3223684210526316,0.48574128307910813,"RORA;ITPR1;PDE1C;SUDS3P1;CFTR;ADGRL2;HSPA12A;PDE11A;FGF19;GPC3;NGFR;SYT2;PTGER3;ZNF385D;PCP4",1.0321217993774447,0.5636523978531855,,
"CUI_DEVELOPING_HEART_LEFT_VENTRICULAR_CARDIOMYOCYTE",36,-0.3226823961489299,-1.0970097310230225,0.32248939179632247,0.48574128307910813,"LGALS1;TRAIP;PLK2;IRX3;S100A11;COLEC11;ECSCR;ISOC1;TMEM88;PLVAP;ANXA1;CCL2;CTHRC1;CMC1;ESAM;RAMP2;THY1;KCNJ2",-0.9374991383093416,0.7430816587764391,,
"TRAVAGLINI_LUNG_CAPILLARY_INTERMEDIATE_1_CELL",158,-0.2512759889931744,-1.0734010374723635,0.32989690721649484,0.4952830188679245,"GPX1;RPN1;TYMP;IL32;CD74;HLA-DQB1;HLA-DRB1;IRF1;CX3CL1;HLA-DRB5;TSPAN15;RNASET2;ISG20;RRAS;MXD4;ICAM1;CD14;S100A3;SYNGR2;UBC;IL15RA;SERPINB6;HLA-B;CCND3;PLAU;PDLIM1;DNAJB1;IBA57;HLA-DQA1;TNIP1;STX11;TINAGL1;TUBA1A;TMEM51;GPX3;ICAM2;S100A4;DNAJC1;TNFRSF1A;CD82;SERPINB1",-0.8167132108592644,0.9592522510766018,,
"ZHONG_PFC_C2_SOX5_BCL11B_POS_EXCITATORY_NEURON",25,0.3078609782855143,1.082232976963635,0.330188679245283,0.4952830188679245,"LSAMP;LMO7;THSD7A;SOX5;MGLL;IGFBP5;BCL11B",1.496431002917196,0.05635454995208567,,
"DESCARTES_FETAL_INTESTINE_VASCULAR_ENDOTHELIAL_CELLS",38,0.2700927304183892,1.073968669112381,0.3333333333333333,0.49896907216494846,"SLCO2A1;FLT1;EMCN;GASK1B;HSPG2;SOX7;SELP;CYYR1;ESM1;MMRN2;CD34;LHX6;MADCAM1;COL15A1;FABP4;APLNR;PCDH12;NOTCH4;MEOX1;ARHGEF15",1.2796820559535023,0.1618312757201646,,
"SU_HO_CONV_CENT_CHONDROSARCOMA_STROMAL_C1_OSSIFICATION_STROMAL_CELL",191,-0.24398901421625288,-1.0610169664777,0.3389261744966443,0.5062971248653575,"ATG101;OAZ1;HAPLN3;NDUFB1;TNFRSF18;NT5DC2;IRF1;HSPE1;SERTAD1;GPAA1;TUBA1B;PRDX1;NFKBIA;AP2M1;GADD45G;UQCC5;PLA2G2A;LMO4;HNRNPAB;YBX3;SELENOS;DNAJA1;SMOC1;KLF2;CEBPB;AK1;GYPC;CYB5R3;ANXA5;CAPG;NUCB1;HSPA8;GABARAPL2;HNRNPM;FDX1;SOD2;TPBG;TACSTD2;CNIH1;CD276;PTTG1IP;C1orf56;ATP1B3;UAP1;EZR;SRSF2;FOXC1;LRP10;FNDC4;SRSF3;MAFB;CHMP1B;TMED2;DNAJB6;HNRNPA0;SRPX",-0.9601693029455509,0.7532420127557853,,
"HE_LIM_SUN_FETAL_LUNG_C0_VASCULAR_SMC_2_CELL",156,0.2041525459841705,1.0422833537091538,0.3412698412698413,0.5087513444802972,"THSD4;PDE3A;PLCE1;DGKH;EPAS1;RGS5;MED14;LGALSL;MYOCD;HMCN1;RAPGEF5;INPP4B;CDH6;ARHGEF7;FRK;KLHL23;RCAN2;VAT1L;FRY;OLFML2A;CDH13;MAMDC2;LDB3;PDLIM5;FILIP1L;SLC8A1;NET1;SIPA1L2;PARM1;HIP1;MEF2C;MYH11;NRIP2;ATP1A2;ITGA4;COL8A1;TLCD5",1.2654810551812525,0.05629743921399739,,
"DESCARTES_FETAL_STOMACH_LYMPHATIC_ENDOTHELIAL_CELLS",19,-0.37494867762848205,-1.0911165280506991,0.3429878048780488,0.5102646441423431,"RADIL;CTSL;NFATC1;PTGS2;PARD6G",-0.7357523022171677,0.9591569558336929,,
"HE_LIM_SUN_FETAL_LUNG_C2_PDC_CELL",134,-0.2544803270782553,-1.0622171755154244,0.3446261682242991,0.5116535749096957,"SOCS1;ADAT3;TRAF4;HS3ST1;CD7;PRMT7;KPTN;SGSM3;PPP1R14B;ST6GALNAC4;TNNI2;ZNF296;CDKN2D;PARP10;LRRC26;OCIAD2;SEPTIN1;ADA;CXCR3;PPM1J;CLIC3;SLA2;CYB561A3;ATP13A2;CD3E;TUBB6;GRAMD1B;LTB;TSPAN13;CIB2;SIT1;NEK8;MYBL2;IDH3A;C12orf75;SPON2;PLVAP;ADGRG5;RASD1;IFIT2;SLC15A4;MAPKAPK2;SH2D3C;GZMB;TMIGD2;MNAT1;LIME1;CDH23;SLAMF7;DERL3;KCTD5;DUSP5;EPHA2;PACSIN1;SLC37A1;SLC2A1;HS3ST3B1",-1.1102552888450279,0.3966153763238029,,
"HE_LIM_SUN_FETAL_LUNG_C4_TH17_CELL",15,-0.40362004135939367,-1.1019804481178923,0.34762633996937214,0.5150545363627841,"IL4I1;LST1;IL23A;CAPG;NPDC1",-1.0260187579303586,0.6074867880211391,,
"DESCARTES_MAIN_FETAL_LYMPHATIC_ENDOTHELIAL_CELLS",64,-0.2868309146578154,-1.0699534886380402,0.34935064935064936,0.5165551352924062,"GFUS;SPHK1;S100A16;RADIL;C2CD4D;HOMER3;INO80C;UBTD1;SLC27A3;GJD3;NFATC1",-0.7911185814353335,0.9531862796833773,,
"GAUTAM_EYE_CORNEA_MONOCYTES",255,-0.23781982679989586,-1.0612017258975524,0.35043668122270744,0.517107785706678,"MED8;RPN1;YIF1B;RANGRF;TMEM208;ORMDL2;RPLP2;NUDT1;TOR2A;TK1;CCDC85B;FPGS;NUDT22;H2AX;ALYREF;FBXW5;COMMD5;SH2B2;MCRS1;BAK1;C19orf25;NQO2;PLEKHJ1;ALKBH7;GPR3;ATP5F1B;ZSWIM7;RPS19;MLF2;GADD45G;SDHB;SDSL;VMA12;TIMM29;IL17RC;ETV5;RRP9;RNF19B;SCAMP3;MAPKAPK3;GRINA;CBARP;ADCK2;DEF8;JPT1;ELOC;NFATC1;ADGRE5;SLBP;VPS18;SNAI3;CHST7;VSIR;ZNF579;IL18BP;NMI;SLC35B2",-1.1044487339366194,0.3986248188752494,,
"HE_LIM_SUN_FETAL_LUNG_C1_LATE_TIP_CELL",26,0.29651743672444875,1.0529201174407423,0.3670886075949367,0.5405807892777365,"FMN1;CEMIP;NOTUM;LINC02038;DLG2;MGLL;RASGRF1",1.2819506346911065,0.1851926287799147,,
"JONES_OVARY_T_CELL",87,0.2209975319556276,1.0345178987051928,0.37438423645320196,0.5502084122773778,"CLSTN2;SVIL;EPAS1;CRIM1;COL14A1;ITGA6;LIFR;MECOM;DOCK9;ABCA8;PDGFRA;SERPINE2;ABLIM1;SNRK;ITGA1;IGFBP5;MYCT1;MYLK;COL12A1;SPARCL1;CMYA5;COL6A3;NOSTRIN;MMRN2;CD34;FGF7;C7;MFAP4;LRRC17",1.204001978010795,0.2571953556603319,,
"DESCARTES_MAIN_FETAL_ERYTHROBLASTS",181,-0.24176937625002667,-1.0438095414910045,0.3754227733934611,0.5506200676437429,"UROD;BLVRB;PRDX2;HMBS;GLRX5;CDC20;NARF;SLC25A39;UBAC1;TANGO2;SLC43A3;HTRA2;DHRS13;GMPR;CHTF18;PRC1;BSG;PIGQ;RBM38;HBA2;CISD2;ABCB6;PRR5;HBB;NPRL3;CCNF;KIF22;ARRDC2;TMEM14B;RECQL4;GYPC;FECH;IBA57;MAP2K3;RCCD1;TROAP;UROS;ORC1;MARCHF3;TFR2;TMEM120B;TSPO2;ABCA7;PIGC;DCAF11;PPME1;ANK1;AP2A1;HK1;E2F4;FBXO7;SNX22;BNIP3L;RCL1;EPOR",-1.1688718778305889,0.2821482489050986,,
"DESCARTES_FETAL_LUNG_BRONCHIOLAR_AND_ALVEOLAR_EPITHELIAL_CELLS",30,-0.3234478176459801,-1.0537293232899068,0.39481268011527376,0.5778911406525983,"RNF220;PGC;ETV5;TPD52L1;CRLF1;ACOXL;LINC01426;DMBT1;KCNJ15;RBBP8NL;KIF12;KCNJ5;CLDN2",-0.8694032443871942,0.8360301624015506,,
"ZHONG_PFC_C1_ASTROCYTE",28,-0.32407077464689843,-1.033833571621813,0.3979591836734694,0.5804148685287087,"MMAB;APOE;EIF6;TBC1D10A;EFNA1;GPX3;SLC25A18;CD82;ADORA2B;DHCR7;TMEM126B",-1.0584917312828728,0.5324654939106901,,
"HE_LIM_SUN_FETAL_LUNG_C2_DC2_CELL",51,-0.2875681634862394,-1.035875312171978,0.3981358189081225,0.5804148685287087,"HLA-DOA;HLA-DQB2;LGALS2;SNAI3;IL18BP;CCDC86;FCGR2B;SLAMF8;IL1R2;ST14;ADAM8;ARL4C;MAP4K1;NDRG2;S100B;CD69;TMEM273;MSLN;TVP23A;ADAM28;KIF17;PPP1R14A;FBLN2;SPINT1",-0.7875661734665661,0.9382875605815832,,
"HE_LIM_SUN_FETAL_LUNG_C1_CLUB_CELL",62,-0.27950979097816797,-1.0353167312954787,0.40052015604681407,0.5827207079959659,"KRT7;SMIM22;CP;NDUFA4L2;HS3ST1;S100P;CTSW;IFITM1;ISG20;NXPH4;CCNO;SLPI;HLA-B;FCGR2A;KLK11;KLK10;RHOV;MLPH;SERPINA1;ANXA1;CAPS;TRIM22;SLA;SULT2B1;SPNS2;SIX1;AGR3",-0.8856945913679317,0.8303516558552407,,
"GAO_ESOPHAGUS_25W_C2_KRT6BPOS_SECRETORY_PROGENITOR_CELLS",68,-0.27340601800594744,-1.0353716968978097,0.41357234314980795,0.6005070422535211,"YJU2;NTHL1;ISG15;SECTM1;HTRA2;GBP4;PDZK1IP1;ZFAND2A;KYNU;PRSS27;S100A8;BMAL2;CALHM2;CDKN2A;DUSP10;GDPD3;PRSS22;HOPX;ADM;TOR1B;APOBEC3A;TBC1D2;MUC3A;VASN;SPNS2;EPS8L1;MNX1;PRSS8;ADAM28",-1.1100051760154848,0.43089447975208783,,
"DESCARTES_FETAL_PLACENTA_TROPHOBLAST_GIANT_CELLS",36,0.26491472677876926,1.0299695727710931,0.43050847457627117,0.6238506038769918,"AFF1;RYBP;RHOBTB3;ZNF117;CAPN6;ERV3-1;XKRX;MAN1C1;CRYBG2;CYP19A1",1.277871064898912,0.16607642124883504,,
"FAN_EMBRYONIC_CTX_ASTROCYTE_2",127,0.19925512242303592,1.0102054159969205,0.4358974358974359,0.6304014710389213,"KMT2C;DST;EDNRB;MACF1;RORA;LIFR;LUZP2;PLSCR4;GARNL3;ITPR2;LAMA4;SEMA6D;SERPINE2;CACHD1;GASK1B;APC;KCNN3;PLPP3;MARCKS;PDLIM5;SESN3;BBS2;HIF3A;FGFR3;ID4;CSGALNACT1;TMEM47;ATP1A2;ACSL6;ABCA1;DTNA;ATP1B2;SLC15A2;CLU;TRIL;TMT1A",1.016593731837559,0.5761314765513005,,
"HE_LIM_SUN_FETAL_LUNG_C0_ASPN_POS_CHONDROCYTE",100,0.20725620984421012,1.0083466143405653,0.45294117647058824,0.6537480996374693,"THSD4;MECOM;ZEB1;FBN2;F2RL2;YPEL2;TMEM100;PDGFD;LMO7;AUTS2;COL9A3;CHL1;CAPN6;AR;CRISPLD1;SOX9;MME;COL2A1;LDB2;STEAP2;JAM2;CDC42EP3;COL12A1;COL8A1;ERG;HAPLN1;FNDC1;ACAN;SOX6;COL15A1;COL9A1;BOC;EFEMP1;MXRA5;FIBIN;MPZL2;LRRN1",1.3934868530262332,0.03936899381751242,,
"HE_LIM_SUN_FETAL_LUNG_C7_KCNIP4_POS_NEURON_CELL",80,0.21617340089464035,1.0035109492651828,0.4549763033175355,0.6553825321597833,"UNC5C;SATB2;MAP7;MANSC1;PCLO;SMAD9;NEGR1;CAMK1D;PLXNA2;ATP2B4;DIPK1A;DLX3;SGIP1;RAPGEF4;CASC15;GNAO1;TNFRSF21;HEATR5A;KIF5A;LDB2;PCBP3;GUCY1A1;ARFGEF3;HDAC9;DMTN;TAPT1;MTUS1;FBXL2",1.1530087941444076,0.26906101546443856,,
"DESCARTES_FETAL_EYE_RETINAL_PIGMENT_CELLS",45,0.2416931816237734,0.997967463442311,0.45588235294117646,0.655387303436226,"MYOCD;MROH7;VAT1L;TLCD4;PGR;RASSF6;PFKFB2;TRPC4;CRISPLD1;ITGAV;COL8A1;SLC38A11;FAM83B;BMP6;PCAT1;OR51E2",1.1112346049689232,0.4034250208380693,,
"AIZARANI_LIVER_C7_EPCAM_POS_BILE_DUCT_CELLS_2",207,0.18595839599093164,1.0010758184653508,0.46601941747572817,0.6686365555086534,"TEAD1;AFDN;DSP;PTPRK;PBX1;THSD4;SHANK2;CDH1;MAGI1;GTF2I;CRIM1;LAMC1;PTPRD;CLMN;MYO10;ALKAL2;ENAH;SOX4;ITGB1;DSG2;EPB41L1;CAMK2N1;SYNJ2;SH3YL1;CFTR;SLC12A2;PAWR;SPTBN1;SORBS2;NEDD4L;WEE1;ABLIM1;SNHG14;RAB3IP;EPCAM;CCND1;SOX9;TTN;ATP1A1;FGFR3;CLIC6;TP53INP1;KLF5;CREB5;AMOTL2;OCLN;PMEPA1;CXADR;CYP3A5;ABCC3;LAMP2;TMPRSS2;AGT;FAM110C;PARD6B",0.8918137395220967,0.9592522510766018,,
"DESCARTES_FETAL_STOMACH_PDE1C_ACSM3_POSITIVE_CELLS",15,0.31807078891471713,0.9805784763629287,0.4699140401146132,0.672894660992523,"TFCP2L1;PDE1C;STUM",0.8878111482937797,0.8007257978439535,,
"DESCARTES_MAIN_FETAL_HEMATOPOIETIC_STEM_CELLS",37,0.2558292322447079,1.0109805181505316,0.47315436241610737,0.6756281666839002,"NRIP1;LRRFIP1P1;TARBP1;TRIM66;TMCC1-DT;ABCC1;LRRC37A4P;TAOK3;SEPSECS;ZNF789;FASTKD1;EMC3-AS1;FIRRE",0.890760761787626,0.8303516558552407,,
"TRAVAGLINI_LUNG_ARTERY_CELL",129,0.1976928774325678,1.002748966859098,0.47368421052631576,0.6756281666839002,"CTTNBP2NL;PTPRB;ATP13A3;TMEM245;PDCD4;LIFR;PIK3C2B;MECOM;SOX4;LTBP1;ITPR2;ARGLU1;SERPINE2;THSD7A;RUNX1T1;EPS8;DKK2;ATP1A1;SEMA3G;ABI3BP;LIMA1;MYLIP;JAM2;CDC42EP3;FNBP1;LPCAT2;RND3;CALCRL;SELP;F2R;GIPC2;CYYR1;TACC1;MMRN2;GFOD1",1.0947203656008961,0.30903010033444817,,
"DESCARTES_FETAL_CEREBELLUM_OLIGODENDROCYTES",41,0.24856607654584573,0.9972956524176563,0.4755244755244755,0.6764262681626184,"TMEM100;PDGFRA;CHAD;GDNF;BCAS1;LHFPL3;PRKG2;LINC01579;SLC44A1;LGR5;HAPLN1;ERBB3",0.7419510048345543,1,,
"CUI_DEVELOPING_HEART_C3_FIBROBLAST_LIKE_CELL",112,0.19918767306171897,0.9901256691949317,0.4772727272727273,0.6764262681626184,"PCDH18;LAMC1;COL14A1;SEPTIN11;ADAMTSL3;ABCA8;EPB41L2;PDGFRA;LAMA4;SERPINE2;NID1;PLAGL1;LRP1;COL21A1;OLFML3;MEG3;FILIP1L;AKAP12;OGN;ELN;GPC3;FLRT2;COL12A1;COL6A3;FNDC1;LAMB1;BICC1;MOXD1;C7;CYBRD1;FBN1;MFAP4;COL15A1;LRRC17",1.3582285838305652,0.049744249486094426,,
"DESCARTES_MAIN_FETAL_EXTRAVILLOUS_TROPHOBLASTS",90,-0.25315529318000696,-1.0003658542422422,0.4777777777777778,0.6764262681626184,"KRT7;ISG15;KLHL17;TMED3;HLA-G;AFAP1-AS1;SHISA5;TLE6;KRT18;PYCR1;EFNA1;P3H1;KRT8;N4BP3;FSTL3;CHPF;PLOD3;FADS3;LAIR2;CXCR6;CD276;IL2RB;PCAT6;FGFBP1;SNAI1;PTGES;SERPINE1;GLIPR1;ARFGAP1;TNFSF10;CCNE1;EBI3;CERCAM;MMP15;CORO6",-0.9409999647512637,0.7579993054053877,,
"CUI_DEVELOPING_HEART_ENDOCARDIAL_CELL",49,-0.27411659391928156,-0.9794877413935961,0.4779706275033378,0.6764262681626184,"NICOL1;OST4;TMEM141;KRT18;CLEC11A;IRX3;SMOC1;ISYNA1;ANGPTL4;COLEC11",-0.9327559298211241,0.7327490039840637,,
"ZHONG_PFC_C9_ORG_OTHER",72,-0.2613580033992233,-1.0005052223147413,0.4817150063051702,0.6803990166878475,"S100A13;CST3;TSPO;S100A16;CDC42EP1;TAGLN2;ETV5;IFI27L2;SELENOW;NSDHL;MGST3;CXCR4;FABP5;GPX3;SLC1A3;MFGE8;HOPX;SAT1;FOLH1;TUBB2A;NDRG2;DBI;NHERF1;CRYL1;ITM2C",-0.8742570233408823,0.846896404109589,,
"DESCARTES_FETAL_LUNG_VASCULAR_ENDOTHELIAL_CELLS",36,0.2554422917652268,0.9931414206987933,0.4847457627118644,0.6827296988181472,"NEURL1B;TMEM100;KIT;CD93;EDN1;SOX7;JAM2;NOSTRIN;ESM1;TCIM;MMRN2;LHX6;MADCAM1;IL33",1.1587377160887427,0.30953698855561373,,
"FAN_EMBRYONIC_CTX_OPC",31,0.26232667988836084,0.9800365138589846,0.4852459016393443,0.6827296988181472,"SEMA5A;PDGFRA;ARL4A;MEG3;CCND1;LHFPL3;TAOK3;LIMA1;CXADR;SLC35F1;COL9A1;SPRY4;EPN2;LRRK2",0.9782119107289027,0.6614890662964249,,
"DESCARTES_FETAL_EYE_VASCULAR_ENDOTHELIAL_CELLS",83,0.21227311711937907,0.9912339776001767,0.49295774647887325,0.6922385376086305,"EPAS1;ARL15;FGD5;SMAD7;ZNF366;FLT1;ADGRF5;TEK;CAVIN2;SOX7;MYCT1;SEMA3G;CALCRL;SELP;ERG;HAPLN1;TCIM;DIPK2B;S1PR1;CDH5;ABCB1;LRRC32;ARHGAP29;FAM124B;ADGRL4;ELK3;APLNR;PDE2A;PRKCH;NOTCH4",1.3307154497835314,0.08024235190107722,,
"CUI_DEVELOPING_HEART_C5_VALVAR_CELL",189,-0.22794686184944515,-0.9912448477391602,0.49443207126948774,0.6929685014317531,"MT2A;SELENOM;IRF1;EIF4A3;LGALS1;SERTAD1;IFI27;HS3ST1;SRSF7;APOE;LMNA;ZFAND2A;LTC4S;HSPA6;IFI6;C11orf96;SNHG5;BAG3;S100A6;DNAJA1;NFATC1;CLIC3;CXCL1;TUBB3;HSPA2;PTGS2;DNAJB1;CHPF;TNFAIP6;JUNB;TUBA1A;CRYM;ZFAS1;GADD45B;XBP1;TPBG;SNHG12;SERPINB1;RGS3;CXCL2;ZC3H12A;UAP1;LTBP4;AHR;MAFF;CD200;RNASE4;SNAI1;SOCS3;TUBB2A;PAPSS1;CHMP1B;S100A10;ARF4;SRPX;IER2;UCHL1;S100B;CD55",-0.7594208664801902,1,,
"MENON_FETAL_KIDNEY_6_COLLECTING_DUCT_CELLS",89,-0.2524445208709944,-0.9946447769167845,0.4969021065675341,0.6950376855016152,"ENO1;COA3;GSTP1;CYB5A;LRPAP1;HSPB1;TSTD1;KRT18;AGR2;ANXA2;EIF1;SPINT2;S100A6;TMSB4XP8;MYL12A;KRT8;MGST3;S100A11;TMSB4X;KRT19;PPDPF;CLDN4;B2M;AKR1B1;WFDC2;BCAT1;EZR;SAT1;CALM1;DMKN;ARPC2;S100A10;ARL4C;CTSH;IER2",-0.9758371182864847,0.7084403669724771,,
"DESCARTES_FETAL_ADRENAL_ERYTHROBLASTS",62,-0.26635601306526435,-0.9865945512769702,0.4980494148244473,0.6950376855016152,"BLVRB;GLRX5;NARF;SLC25A39;PPOX;DHRS13;PIGQ;HBA2;HBB;FECH;IBA57;TFR2;TSPO2;PPME1;ANK1",-1.1917894912708102,0.30495488683905436,,
"ZHENG_CORD_BLOOD_C3_MEGAKARYOCYTE_ERYTHROID_PROGENITOR",92,-0.2490908885184338,-0.989998858804133,0.49878048780487805,0.6950376855016152,"NAA38;UROD;BLVRB;TXNDC17;APOC1;SNRPD1;REXO2;CYTOR;EMP3;TRIB2;S100A6;MYL12A;FECH;PKIG;PA2G4;JUND;PTMA;TFR2;S100A4;SIAH2;ANK1;MPC2;PRKAR2B;FBXO7;EPOR;FADS2;TUBB2A;CSF1",-1.0053464006171209,0.6406003752345215,,
"ZHONG_PFC_C8_UNKNOWN_NEUROD2_POS_INTERNEURON",70,-0.2586742096407346,-0.9842122220987941,0.5057618437900128,0.7034158976849603,"DUSP23;PDXP;SRM;EPHB6;DEAF1;B4GALT2;CAMK2N2;CAPNS1;COPRS;MAPK8IP2;FABP3;MAPK11;MVD;CSRP2",1.0198930087809386,0.6041955005563245,,
"DESCARTES_FETAL_INTESTINE_MESOTHELIAL_CELLS",47,-0.27103716885555296,-0.9598591138843219,0.508819538670285,0.7054203127909141,"TMEM191A;TGM1;ANAPC2;WNT7B;SLPI;PTGDS;TNNT1;KLHL26;NAT8L;KLK11;KLK10;GFPT2;ITGA3;TNFRSF8;ARL4D;EPS8L1;MSLN;PCOLCE2",-0.7232203041922731,1,,
"GAO_LARGE_INTESTINE_24W_C7_GOBLET_PROGENITOR",18,-0.34324349122768516,-0.9833703222724622,0.5091463414634146,0.7054203127909141,"TSPAN15;ZG16B;SLC39A7;REG4;WFDC2;FOXA3;SPINK4",-0.8333893138362855,0.8715242881072026,,
"DESCARTES_MAIN_FETAL_IGFBP1_DKK1_POSITIVE_CELLS",133,-0.2359429331690379,-0.9847569244167701,0.5116279069767442,0.7075083056478405,"CYB561D2;UBE2L6;LGALS1;TIMP1;IFI35;CLEC2B;IGFBP6;RRAS;FAM89A;CITED2;S100A3;GBP1;APOL1;SUMF2;OSR2;ALOX15B;CHST7;POLD4;MRPS6;PDLIM2;PILRA;SPTSSA;HSD11B1;EMILIN2;B2M;TSKU;CD82;DEPP1;MAOB;LINC01270;ING1;ASIC3;COPZ2;SPON2;MAPK7;TMEM45A;CFD;APOO;GAS1;VASN;STARD5;IGFBP4;CHST2;PODNL1;ZNF416;HSPB6;MXRA8;ADAMTS15;ISLR;CHPF2;THY1",-0.7442434904379484,1,,
"CUI_DEVELOPING_HEART_RIGHT_VENTRICULAR_CARDIOMYOCYTE",20,-0.33246780487468097,-0.9786347764421891,0.5128983308042488,0.7079167075359024,"ECI1;ISYNA1;IGFBP7;S100A4;CMTM7;PYGL;HEY2;KLHDC8B;CCDC34",-0.8544230943150289,0.86066224356887,,
"DESCARTES_FETAL_CEREBELLUM_ASTROCYTES",61,0.2221644460306097,0.9741192127832538,0.5283842794759825,0.7279069960143517,"SPATA13;HHIP;EGFR;ABCA8;FHIP1A;FGF10;PTGFR;LRP4;COL2A1;ID4;FZD10;CLU;IL33;ENKUR;OR51E2;SLITRK6;GLI1;SLC4A4;MKX;ADAMTS12",1.14720841570051,0.27738341812624423,,
"TRAVAGLINI_LUNG_ADVENTITIAL_FIBROBLAST_CELL",289,-0.21755758767143932,-0.9774609215047926,0.5295381310418904,0.7281149301825993,"MYDGF;ABHD14A;S100A13;HSD3B7;CST3;RARRES1;IL32;CD74;SERTAD1;REXO2;TIMP1;NNMT;LMNA;CLEC2B;IFITM1;PLA2G2A;IGFBP6;CTSL;LDHA;ZNF385A;ANXA2;YBX3;PLK3;BAG3;S100A6;S1PR2;KLF2;APOL1;TNFRSF12A;TNFAIP2;SLPI;OSR2;RGS10;PLAU;JUND;LOXL1;DNAJB1;CPVL;PLAUR;JUNB;MARCHF3;TUBB6;PDLIM4;OAF;RCN3;PTX3;SSR3;TNFSF13B;S100A4;XBP1;TSKU;LSP1;FOSL1;NUCB2;DHRS3;MT1G;ZC3H12A;LGALS3BP;UAP1;IFI16;LTBP4;HTRA3;AHR;MAFF;MGST1;ADM;SCPEP1;PCOLCE;VAT1;PDGFRL;OSR1;CD44;ANXA1;CCL2;SOCS3;CFD;CSF1;S100A10;COL6A2;ARF4;CTSH;SRPX;IER2;UCHL1;GAS1;CD55",-0.7848966753840109,1,,
"HE_LIM_SUN_FETAL_LUNG_C3_LYMPHATIC_ENDOTHELIAL_CELL",354,0.17447794316500834,1.015533684038474,0.5343508165018335,0.7333434646131023,"ARFGEF2;RAB11FIP1;CERS6;DSP;EDNRB;DNMBP;TGFBRAP1;ATP9A;MAGI1;SLC24A1;COL4A5;TBC1D2B;PROX1;SLC38A1;MICAL2;INPP4B;ABHD2;SNCAIP;CEACAM1;ADAMTSL3;UGP2;STOX2;PLSCR4;GLS;ITSN1;CD302;ITGA9;MAN2A1;ARID5B;PCLO;SCN3A;TNFAIP8L3;THSD7A;SH3PXD2B;PRKG1;NPNT;FILIP1;OLFML2A;NLGN4X;PPARG;KLHL3;SGIP1;GNG12;RHOU;KALRN;PIEZO2;MYO5C;SPATA6;ACSL5;STON2;BMP2K;GAB2;ODF2L;EPS15;HSDL2;MPP7;CTTNBP2;CDKL1;ITGA1;KBTBD11;CHRDL1;TSHZ1;IGFBP5;TTN;PPARGC1B;ZNF521;VAV3;PRSS23;C20orf204;GPRIN3;ABI3BP;FLRT2;RAB11FIP5;LRCH2;ZFPM2;RELN;SCRN1;TSPAN11;TRMT9B;CXADR;DTX4;GCNT1;CLU;TRIL;LAMB1;PLD1;GAS7;VSTM4;TSHZ3;REEP1;EMID1;ISLR2;KIF3C;MAP3K1;SYNM;UNC5B;SFRP1;WASF3;MAN1A1;NIBAN1;SEMA3A;MFAP4;MTUS1;CYP39A1",1.2338933501772078,0.05635454995208567,,
"HE_LIM_SUN_FETAL_LUNG_C1_MID_BASAL_CELL",133,-0.23218795656891156,-0.9690847482751429,0.5395348837209303,0.7390609916630101,"NUPR1;LGALS1;RGS14;SFN;MT1E;TIMP1;HS3ST1;HCAR2;PFKP;EMP3;PITX1;ZNF385A;TFAP2A;FXYD5;SLPI;GAS6;GYPC;RGS10;RARRES2;C16orf74;TP73;HSPA2;RHBDL1;PAX9;NPDC1;SPDEF;PNCK;LINC01503;LSP1;KLK10;KRT15;EVA1C;IFI16;NBL1;ISL1;PTGES;ANXA1;S100A2;MAFB;SYTL1;LYPD6B;TRIM29;PKP1;OTX1;A4GALT;IGFBP4",-0.7486493207883663,1,,
"HE_LIM_SUN_FETAL_LUNG_C0_MESENCHYMAL_2_CELL",275,-0.21728283148053296,-0.9705636401659948,0.545751633986928,0.7461689007052915,"CENPM;PGP;EMC9;AURKB;H2AC25;PDXP;TK1;CDC20;CDC45;NUDT14;PKMYT1;PLK1;SPC24;POC1A;MXD3;PRC1;PIMREG;TRAIP;ASF1B;TRIB2;PITX1;BIRC5;CDCA8;B3GALT6;CDCA3;CCNB1;UBE2S;FZR1;CCNB2;KIF22;RHBDD2;CDKN3;PTTG1;UBE2T;GINS2;OSR2;RGS10;FZD2;MID1IP1;KIFC1;COLEC11;UHRF1;TACC3;CCDC74A;TNFAIP6;TROAP;KIF2C;PDLIM4;OAF;KNSTRN;SERINC2;RMI2;OIP5;MSC;TPBG;CIB2;CENPN;CDCA5;TRIP13;PRKAR2B;ZWINT;MYBL2;C12orf75;SLC25A33;LRR1;MAD2L1;CENPO;GPSM3;CCNA2;HNRNPA1L3;CDC25C;CENPA;ISL2;HSD17B14;MCM4;CENPU;NDC80;IL17D;SPC25;LMNB2;MSRA;TWIST2;HJURP;CTHRC1;CCDC74B;FOXM1;MELK;PBK;TWIST1",-0.9477421042949405,0.7694753577106519,,
"JONES_OVARY_MACROPHAGE",234,-0.21862228710567916,-0.9661669818192683,0.5484581497797357,0.7484598059024212,"MYL6;CHCHD10;NUPR1;CAVIN3;MT2A;ACTB;CD74;HLA-DPB1;NRGN;HLA-DRB1;HLA-DRA;HES4;LGALS1;IFITM3;NDUFA4L2;CD151;IFI27;MT1E;CYB5A;MDK;IFITM2;APOE;LMNA;SNHG32;SOD3;RRAS;MARCKSL1;C11orf96;PLK2;IMPDH2;HLA-B;EGLN1;OSR2;PKIG;S100A11;RARRES2;IGFBP7;RNASE1;KRT19;ECSCR;SRGN;SOX18",-0.9621534027715887,0.7372101844388602,,
"HE_LIM_SUN_FETAL_LUNG_C4_ILC2_CELL",138,-0.23003053347043234,-0.9633319597681964,0.552570093457944,0.7513305736250739,"CHCHD10;TYMP;TSPO;TNFRSF18;CAMK1;WDR86;TIMP1;GADD45G;S100P;DENND6B;ZG16B;BCL3;GRINA;ROGDI;CTSZ;CENPV;THG1L;SPINT2;BACE2;RENBP;RNF130;GNA15;GFI1;IFNGR2;ANXA5;CAPG;LSR;BATF;CCDC86;CD82;MMP25;DUSP10;MBOAT7;DAPK1;EGLN3;IRF2BPL;AHR;TNFSF14;IL2RA;BIRC3;IL17RB;SOCS3;CACNB3;C1orf162;TNFSF10;DPP4;SOCS2;TIAM1;ALAS1;EPS8L2;CMPK2;TMEM273",-0.9209475022233199,0.8171523073859919,,
"DESCARTES_FETAL_STOMACH_ENS_NEURONS",33,0.24544413486853198,0.9345706967428803,0.5526315789473685,0.7513305736250739,"UNC5C;FHOD3;WDR5B;LHFPL3;PCBP3;MAP6;SYT1",0.9965061067045187,0.6169091292430952,,
"DESCARTES_MAIN_FETAL_PHOTORECEPTOR_CELLS",39,0.2428823972291016,0.9700464221859324,0.5578231292517006,0.7569711996948312,"PRKACB;PRKN;FAM161A;EPB41L2;RALGPS2;EYS;TRIM9;CASZ1;ATP1B2;SSX2IP;CDHR1;ZNF30;LRIT2",0.9604357091798257,0.7462059998142472,,
"FAN_EMBRYONIC_CTX_ASTROCYTE_1",61,-0.2555329010866142,-0.9467485206882282,0.5717981888745148,0.7744878453785407,"HES4;CYB5A;ALDOC;CXCR4;ADGRV1;LPCAT1;GPX3;OAF;TM7SF2;TSKU;LYN;EFHD2;SLC1A3;ADORA2B;OLFM2;EZR;CDC42EP4;FADS2;IFI44L",-0.7217973014856804,1,,
"HE_LIM_SUN_FETAL_LUNG_C4_TREG_CELL",38,-0.2727040758363459,-0.9316347750406108,0.5734463276836158,0.7752738061420952,"CYTOR;TNFRSF4;LGALS9;DUSP4;SIRPG;NCF4;PTMS;FAS;CTLA4;SIT1;IL2RA;BIRC3",-0.6550551821227689,1,,
"DESCARTES_FETAL_STOMACH_ENS_GLIA",31,-0.28281931886072903,-0.9248890227041773,0.5839311334289814,0.7870071588844962,"SNHG19;WDR86;SLC15A3;AIF1L;TFAP2A;FAM78B;CALHM2;CRYM",-0.7950382537566647,0.9349505337362461,,
"FAN_EMBRYONIC_CTX_BIG_GROUPS_BRAIN_ENDOTHELIAL",362,-0.2121996289410888,-0.9676939840561176,0.5842931937172775,0.7870071588844962,"VAMP5;PSMB8;S100A13;LY6E;HAPLN3;CAVIN3;MT2A;IL32;GSDMD;ISG15;SELENOM;S100A16;LGALS1;PLOD1;IFITM3;CDC42EP1;SERTAD1;CD320;SLC43A3;NDUFA4L2;CRIP1;IFI27;MT1E;TIMP1;IFI35;HYAL2;CYB5A;IFITM2;CYTOR;BST2;BSG;LMNA;RHOC;TAGLN2;IFITM1;COX7A1;HLA-A;NECTIN2;RRAS;HLA-E;CLEC11A;IFI6;SERPINH1;PELO;SIPA1;SAMM50;EFNA1;NHERF2;CLIC1;ADA;SERPINB6;MYL12A;AAMDC;PPIC;FXYD5;C1orf54;PROCR;ISYNA1;STING1;IGFBP7;RNASE1;SLC38A5;TESC;PDXK;ECSCR;VWA1;CRIP2;SLC52A2;TUBB6;PDLIM2;TMEM109;EGFL7;DNAJC1;B2M;MFSD2A;GJA4;CD82;RHOA;TMEM50B;SLC6A12;PMP22;RGS3;GMDS;MGST2;TMEM88;CAV2;H2AJ;HLA-H;STAT1;EFEMP2;RELL1;HOPX;FOXC1;ZIC2;EMP2;PCOLCE;KCNJ8;SLC39A8;SCARF1;ANXA1;CETP;AFAP1L2;SCARB1;IFI44L;SLC3A2;S100A10;COL6A2",-0.8407340586569967,0.9797992850066761,,
"DESCARTES_FETAL_PLACENTA_EXTRAVILLOUS_TROPHOBLASTS",43,-0.26601213230024295,-0.9277690912457094,0.5895627644569816,0.7926343833254976,"RTN4RL2;SOWAHD;HLA-G;TNNI2;PYCR1;SYT8;FSTL3;LAIR2;PTGES;TNFSF10;CCNE1;KCNJ15;CERCAM;GPR146;WFDC3;ASCL2;ITM2B;QSOX1;HTRA1",-0.9063938846700339,0.8037240060863797,,
"AIZARANI_LIVER_C28_NK_NKT_CELLS_6",98,0.1943017378244923,0.9439223006582707,0.6021505376344086,0.8080615347922009,"EML4;STK4;SATB1;PIK3R1;TENT4B;PDCD4;SLC38A1;CNOT6L;AUTS2;PPP1R2;CELF2;KIT;ZC3HAV1;CRYBG1;RPL36A;RCAN3;USP36;BCL11B;GPRIN3;FNBP1;PRDM1;AREG;TCF7;ZFP36L2",1.2425918496849808,0.15493469059787196,,
"GAUTAM_EYE_IRIS_CILIARY_BODY_CILIARY_BODY_CELLS",94,-0.2320906237921042,-0.924523518463016,0.6048780487804878,0.8102241022410224,"TMEM160;PKM;CCDC51;TUSC2;PEX16;CARHSP1;MLF2;ENO2;ACTG1;LDHA;CITED2;S100A6;TNFRSF12A;WHR1;UQCRFS1;PGK1;CRIM1-DT;CHPF;PDAP1",-0.8070236429508404,0.9535603715170279,,
"DESCARTES_FETAL_LUNG_MEGAKARYOCYTES",122,-0.2283896030184697,-0.9361111425988647,0.6062052505966588,0.8105064676485714,"SLC39A3;NRGN;GAS2L1;MFSD2B;GMPR;MARCHF2;ZFPM1;MAX;HPSE;UBL4A;RILP;FAM110A;TGFB1;LYL1;CTNS;CXCL3;PDLIM7;TMEM91;SMOX;PLEK;CMTM2;HYAL3;NT5M;TNNI3;E2F1;TFR2;ZYX;ANK1;CXCR2P1;ACRBP;PRKAR2B;EXOC3L4;RTN2;BBC3;CTSA;RUFY1;RAB27B;PTGIR",-0.9942627613563263,0.6615846338535414,,
"HE_LIM_SUN_FETAL_LUNG_C4_CD8_T_CELL",46,-0.2559510758780496,-0.9044021210778145,0.6120218579234973,0.8167791706846673,"SREBF1;CLEC11A;YBX3;GBP1;SPINT2;SIRPG;LYPD3;NPDC1;DBN1;PRKAR1B;SIT1;ARMH1;STMN3;S100B;MAL;CD8B;NT5E;IGFBP2;CHI3L2;FBLN2;ACTN1;CD248;LDLRAP1;CPNE2;JUP;THEMIS;TMEM204;SERPINF1",-0.9386075252127596,0.7211487980360405,,
"JONES_OVARY_MAST_CELL",46,-0.25540401094323517,-0.9024690692798638,0.6133879781420765,0.8171003158369678,"MYL6;HES4;COX7A1;SOD3;RRAS;SELENOW;PKIG;S100A11;PDLIM1;KRT19;TINAGL1;EPB41L4A-AS1;CAV2;H2AJ",-0.8889647713944245,0.8175288851878838,,
"GAO_SMALL_INTESTINE_24W_C6_GOBLET_CELLS",40,-0.26332213404978766,-0.9122737342595982,0.6180555555555556,0.8208511183459989,"CENPM;STARD10;MT1M;RNASE1;KRT19;SPDEF;REG4;TFF1;ERN2;SPINK4;FUT6;MYO1F;FAM193B;SYP",-0.8025536653544867,0.9205188838591987,,
"HAY_BONE_MARROW_PLATELET",208,-0.21308381340281013,-0.9342908963210569,0.6184649610678532,0.8208511183459989,"OST4;LAMTOR1;ZCCHC17;NRGN;GSTO1;GAS2L1;INKA1;SWI5;CD151;AFAP1-AS1;TUBA4A;GMPR;MARCHF2;PDZK1IP1;TAGLN2;CDKN2D;MAX;UBL4A;CENPT;AP1M2;DNAAF3;LYL1;CAPN1;RGS10;CYB5R1;PLEKHO1;KIFC3;PDLIM7;TMEM91;SMOX;ODC1;RSPH9;TNNI3;EMC3;WDR1;LCN2;R3HDM4;ICAM2;MYEOV;LINC00853;MAOB;LINC01088;ACRBP;CXCL5;WBP2;RTN2;MEPCE;CTSA;RUFY1;RAB27B;SPOCD1;AFAP1L2;PTGIR;SPDYC;PNMA1;MOB3C;MISP3;UBAC2;TMCC2;H3C10;XPNPEP1;H2AC8;ELOVL7;ESAM;TBXA2R;LY6G6F-LY6G6D;GNAZ;FERMT3;BEX3;LYPLAL1;CD226;PTPRN;HEXIM2;ZNF438;LEFTY1;AVPR1A;TMBIM1;H2BC11",-0.8333542036943922,0.9635685158113411,,
"TRAVAGLINI_LUNG_ALVEOLAR_EPITHELIAL_TYPE_1_CELL",367,-0.20840084484083626,-0.9493925357100914,0.6274921301154249,0.8313125665397783,"POLR2L;MYL6;KRT7;SSR2;HCFC1R1;MT2A;IL32;ACTB;GALK1;TMEM179B;IRF1;PLLP;TSPAN4;MT1X;PRDX1;CD151;COMT;SFN;RHOF;CD63;MT1E;TUBA4A;HLA-C;DAD1;PNPLA2;CYSTM1;CLDN7;TSPAN15;EHD1;HSPB1;ISG20;YWHAH;KRT18;ACTG1;RRAS;ICAM1;ANXA2;ZBED2;SYNGR2;EFNA1;UBC;SPINT2;BCAP31;MYL12A;CXCL16;PKDCC;KLF2;MYL12B;TNFRSF12A;GAS6;CLIC3;KRT8;HPCAL1;IGFBP7;RNASE1;TMSB4X;KRT19;PLEKHO1;FSTL3;PTGS2;DNAJB1;UPK3B;CRIP2;ADRB1;STX11;FADS3;TUBB6;PDLIM2;HEBP1;TMEM109;S100A4;CLDN4;GADD45B;SLC39A13;TSPAN13;B2M;TACSTD2;FAS;JADE1;ABCA7;MAP7D1;OSGIN1;CNPPD1;PMP22;RIPK2;NXN;PRKCZ;CAV2;TNNC1;ARPC5;ATP1B3;SLC7A7;TRIM16;HACD1;HOPX;SNX22;DUSP7;EMP2",-0.8625648186418535,0.9593503159557663,,
"DURANTE_ADULT_OLFACTORY_NEUROEPITHELIUM_OLFACTORY_MICROVILLAR_CELLS",42,-0.25821075623564305,-0.9001553209964889,0.6312849162011173,0.8348139328998381,"ATP6V0B;KRT7;CLDN3;KRT18;BIK;KRT8;RARRES2",-0.8958085504225107,0.8097244496282258,,
"FAN_EMBRYONIC_CTX_NSC_1",15,-0.3244862698223057,-0.8859260898506561,0.6355283307810107,0.8388973966309341,"NME1;RARRES2;PDLIM1;GAD1;MCM4;VIM;HNRNPA1",-0.8294476772173618,0.8658184902459712,,
"BUSSLINGER_DUODENAL_K_CELLS",18,-0.31102847293290736,-0.8910763859497631,0.6387195121951219,0.8415796113496524,"DEPP1;STX1A;SOCS3;ORC5;GOLGA7;CACNA1A;SLC29A4;SCG5;PLPP5",-0.9656192505182992,0.7084403669724771,,
"DESCARTES_FETAL_HEART_STROMAL_CELLS",26,0.25097042828575766,0.8911847334980183,0.6424050632911392,0.8436146209386282,"PDGFRA;SCARA5;GPC3;ABCA9;PRELP;CCL11;TCF21;PTN",0.9979208905145196,0.6194688138444898,,
"DESCARTES_FETAL_LIVER_ERYTHROBLASTS",37,-0.26038707138906153,-0.8876393038350248,0.6434659090909091,0.8436146209386282,"UBAC1;FKBPL;PIGQ;TSPAN17;ERFE;SLC38A5;UROS;ANK1;EPOR;A4GALT;TMOD1;SLC25A37;SPTB;CPOX;MINPP1;XG",-1.03964790101953,0.5688763516690174,,
"GAUTAM_EYE_IRIS_CILIARY_BODY_SCHWANN_CELLS",88,-0.23262728342950412,-0.910893013016128,0.64375,0.8436146209386282,"DCTN2;RNASEH2C;MPG;CCDC12;IZUMO4;RRAD;MOB2;IFNAR2;HLA-C;COMMD3;JOSD2;ROBO3;LYSMD2",-0.8826721654673847,0.8525941606085651,,
"DESCARTES_FETAL_HEART_LYMPHATIC_ENDOTHELIAL_CELLS",29,0.2432331738213126,0.8883675759236405,0.6483870967741936,0.844824576714959,"PROX1;SLC38A4;TNFAIP8L3;HOXD10;MPP7;C20orf204;FZD10;TSPEAR;ANKRD36BP2",0.6390613633841156,1,,
"JONES_OVARY_NK_CELL",86,-0.23274189520029928,-0.9078042099013416,0.6498740554156172,0.844824576714959,"MT2A;ACTB;NDUFA4L2;CRIP1;CYB5A;HLA-C;IFITM2;HLA-F;HLA-E;SELENOW;HLA-B;EGLN1;ISYNA1;RARRES2;IGFBP7;PDLIM1;ECSCR;SRGN;CRIP2;ICAM2;B2M;GJA4;MFGE8;EPB41L4A-AS1;CAV2",1.0762246650985592,0.4479622904886659,,
"DESCARTES_FETAL_PANCREAS_MESOTHELIAL_CELLS",47,-0.24799488679098208,-0.8782564889094467,0.649932157394844,0.844824576714959,"RARRES1;TGM1;PLA2G2A;PLA2G10;TNNT1;UPK3B;KLK11;CFB;KLK10;CHAC1;SLAIN1;GAS1;GFPT2;MT1A;ITPKC;INMT;MSLN;GSDME;ALOX15;MYRF;CCBE1;BDKRB1;GRIN3A",-0.7359872037796822,0.9966401474289824,,
"ZHENG_CORD_BLOOD_C10_MULTILYMPHOID_PROGENITOR",92,-0.22878105660797274,-0.9092784818627972,0.65,0.844824576714959,"HCST;CD74;SLC2A5;TYROBP;CARD19;GSTP1;LST1;ARRB2;RBM38;RNASET2;ARPC5L;ACTG1;CORO1A;SPNS3;CD52;TRBC2;ADA;TNFAIP2;ACY3;VSIR",1.0237426567548733,0.6017930763693475,,
"DESCARTES_FETAL_EYE_GANGLION_CELLS",15,-0.32003312342899126,-0.8737679218828033,0.6508422664624809,0.844824576714959,"LRRC73;NRN1;TMEM163;EOMES;SYNGR3;C1QTNF1-AS1",-0.6642092415067711,0.9860418695464697,,
"GAO_ESOPHAGUS_25W_C3_FGFR1LOW_EPITHELIAL_CELLS",51,-0.24591890447318654,-0.8858467462179369,0.6524633821571239,0.844824576714959,"GAS2L1;C19orf48P;DNAJC4;MFSD3;RNF166;FABP3;CD52;ARRDC2;LAPTM5;ISYNA1;RPL39L;ACSF3;DIPK1B;TMEM183A;CRTC1",-0.9489859922690685,0.7210367470518471,,
"AIZARANI_LIVER_C38_RESIDENT_B_CELLS_3",23,-0.2865197515291501,-0.8747880567771245,0.6528189910979229,0.844824576714959,"SSR4;H1-10;FKBP11;SEC11C",-0.9886811241436296,0.6615846338535414,,
"HU_FETAL_RETINA_RPE",262,0.17020412732228174,0.9510698161854815,0.654320987654321,0.8452616317385001,"SMC6;SLC7A6;GOLGA4;CPEB4;PLCE1;PHACTR2;TMEM245;TEX2;SEMA3C;CRIM1;STT3B;TNS3;YAP1;ITGA6;LIN7A;UACA;ABCC5;ABHD2;WNT2B;FNIP2;ADAMTSL3;STRA6;LTBP1;FAM13A;DSG2;VAT1L;MFAP3L;TTLL4;NBPF14;RASSF8;KLHL3;NFE2L1;MYO5C;UTRN;PDLIM5;SESN3;NET1;MET;GALNT10;DDR2;CRISPLD1;ELN;IGFBP5;FGFR3;CLIC6;ITPKB;PRXL2A;FLRT2;TYRP1;NOTCH2;ITGAV;COL8A1;SLC38A11;LRATD2;CALD1;ZFP36L2;PARD6B;MLANA;MTCO1P12;RBM47;TACC1",1.1464226440740792,0.12235681660846329,,
"DESCARTES_FETAL_EYE_LENS_FIBRE_CELLS",30,-0.26737895468271916,-0.8710680042001697,0.6642651296829971,0.8565834531969021,"F12;UPP1;HSPA6;SQOR;PIP5KL1;PITHD1;KMO;MBOAT1;ARSI;NOCT;GSS",-0.7755061191995373,0.9531862796833773,,
"GAUTAM_EYE_CHOROID_SCLERA_FIBROBLASTS",194,0.1781957491052758,0.9470135906549391,0.6666666666666666,0.8581560283687942,"CHD9;ZFHX3;FOXO3;SEC63;PCDH18;CDC42BPA;GTF2I;PNISR;PGM2L1;CEMIP;SKIL;YAP1;AHI1;FMNL2;SMARCA2;NSD3;DAB2;CD302;PDE7B;NPEPPS;ARID5B;ABCA5;PJA2;CAMK2N1;UBE2H;SERINC3;RUNX1;PTPRG;PIEZO2;SPTBN1;BBX;APPL1;STON2;ABLIM1;ZCCHC24;MINDY2;IL1R1;HSD17B4;JAM3;GPC3;AMOTL2;RGL1;ITGAV;NFASC;IL6ST;AZI2;TRIB1;SLC40A1;STON1;CPED1",1.0157591218047453,0.6185682256372896,,
"DESCARTES_FETAL_SPLEEN_ERYTHROBLASTS",40,-0.25422558882242485,-0.8807589536530482,0.6722222222222223,0.862325882734046,"HMBS;TYMSOS;DHRS13;C16orf95;SLC38A5;TSPO2;ANK1;PCLAF;EPOR",-1.0479154883744168,0.5477495139963543,,
"BUSSLINGER_DUODENAL_TUFT_CELLS",75,0.20062315098189426,0.9117886091635417,0.6727272727272727,0.862325882734046,"KMT2C;CHD9;ZFHX3;FARP2;CLMN;LUC7L3;PHIP;SOX4;ITPR2;MYO1B",1.0540114611855218,0.5081109065807639,,
"GAUTAM_EYE_CHOROID_SCLERA_ACTIVATED_T_CELLS",117,-0.21992593589316153,-0.897881119966719,0.673469387755102,0.862325882734046,"MTFP1;NUBP2;TOMM5;RPL8;SAP30;MAEA;CD274;ABTB1;PTPN6;INO80E;CSF2;MXD4;FASLG;SPATA2L;CCM2;GSKIP;ZFAND2B;RPL37A;BCL7B;RGS19;SNAI3;DDB2;PDCD2;MIR155HG;DBP;RANBP3;SNX10;CENPN;SIT1;FAM136A;MAN2B1;ITFG2;IL27RA",-0.9314068551417772,0.7975469935097186,,
"DESCARTES_FETAL_PLACENTA_PAEP_MECOM_POSITIVE_CELLS",120,-0.22010362681007226,-0.9005399647285445,0.6758045292014303,0.8637924088032366,"MRPS2;PIERCE1;TMEM101;CP;CX3CL1;SFN;NNMT;CLDN3;AGR2;MUC1;IRX3;GABRP;PKDCC;SLPI;ASRGL1;NMU;TNFAIP6;GPX3;FAM229B;OVOL2;LCN2;UBE2D2;TACSTD2;KLK10;SLC6A12;WFDC2;BAIAP2L2",-0.9049112631489881,0.8374922589341007,,
"TRAVAGLINI_LUNG_VEIN_CELL",38,-0.2525986061992859,-0.862948765764941,0.6793785310734464,0.8668344702272794,"FTH1;UPP1;TIMP1;NNMT;ICAM1;PTGDS;FSTL3;CSF3;SOD2;CXCL2",-0.7727012410214347,0.9535603715170279,,
"JONES_OVARY_ENDOTHELIAL",161,-0.20988453724768533,-0.8977132045234456,0.6860068259385665,0.8737560625112268,"NUPR1;CAVIN3;CD74;HLA-DPB1;NRGN;HLA-DRB1;HLA-DRA;IFITM3;CD151;IFI27;MT1E;HLA-C;IFITM2;LMNA;HLA-F;COX7A1;RRAS;HLA-E;MARCKSL1;PLK2;EFNA1;SELENOW;HLA-B;EGLN1;PKIG;IGFBP7;RNASE1;PDLIM1;ECSCR;SRGN;SOX18;CRIP2;TINAGL1;ICAM2;EGFL7;B2M",1.0596784685785856,0.4425638727028239,,
"DESCARTES_FETAL_KIDNEY_MEGAKARYOCYTES",95,-0.22127660603751598,-0.8829103944503617,0.6914634146341463,0.8791636410234505,"SLC39A3;PPIF;NRGN;TTC4;CDK9;SRPRB;YTHDF3-DT;ZG16B;HPSE;EXOSC5;ZNF32;PRKAR1B-AS1;CXCL3;FKBP1B;INTS5;MAST1;EEF2KMT;CMTM2;NT5M;TNNI3;CENPS;INPP5E",-0.8888913735396361,0.8437735849056603,,
"HAY_BONE_MARROW_CD34_POS_MKP",53,-0.23937720462229486,-0.8613259766906951,0.6955941255006676,0.8828694669816165,"NAA38;TPI1;PPIF;DAD1;RAC3;LTC4S;TEAD4;DTD1;RAB38;PLEK;PDIA5",-0.7955346828225707,0.9501703331601133,,
"HE_LIM_SUN_FETAL_LUNG_C2_SPP1_POS_MACROPHAGE_CELL",47,-0.24067267218673566,-0.8523253797136874,0.6987788331071914,0.8853637571305775,"C1QB;HOMER3;CTSL;AGR2;C2;SPP1;RNASE1;VSIG4;RCN3;BLVRA;EGFL7",0.6713219628544342,1,,
"HE_LIM_SUN_FETAL_LUNG_C1_EARLY_AIRWAY_PROGENITOR_CELL",31,-0.25986465695834826,-0.8498216089966558,0.7044476327116213,0.8896792398502735,"PLPP2;HS3ST1;GADD45G;H3-5;HSPA6",-0.6936908057492316,1,,
"CUI_DEVELOPING_HEART_COMPACT_VENTRICULAR_CARDIOMYOCYTE",55,-0.238793321253151,-0.8652365389437803,0.704635761589404,0.8896792398502735,"IL32;TSPO;LGALS1;CXCL8;ALDOC;HSPB1;HLA-B;RNASE1;SRGN;TNNI3",-0.660148977220265,1,,
"TRAVAGLINI_LUNG_B_CELL",145,-0.2101437391962257,-0.8843940451336865,0.7079439252336449,0.8921245283237598,"RPS5;RPL18;RPL8;RPLP0;CD74;RPS23;PTPN6;CD52;EEF2;LIMD2;LAPTM5;GUCD1;RPL15;PKIG;CXCR4;PDLIM1;C16orf74;SP140;CYB561A3;POLD4;CD72;NCF1;FCGR2B;SEMA4B;BLOC1S2;TSPAN13;CD40;HSH2D;EZR;HHEX;SNX22;CD200;BIRC3;HVCN1;CD37",-0.6860518407156788,1,,
"TRAVAGLINI_LUNG_LYMPHATIC_CELL",204,-0.20523923585404988,-0.8977784734738151,0.7090301003344481,0.8921245283237598,"BCL7C;OST4;CST3;RPS2;BATF3;SPHK1;RADIL;RPL29;SLC43A3;CTSD;CHST12;HS3ST1;DAD1;NNMT;LMNA;HSPB1;FSCN1;HOMER3;KRT18;UBTD1;PRR5;SNCG;ANXA2;SMOC1;BACE2;GLIPR2;LAPTM5;GYPC;AIG1;PLP2;RARRES2;IGFBP7;FABP5;PDLIM4;OAF;TFF3;PTX3;HEBP1;PARD6G",-0.744698326489207,1,,
"DESCARTES_MAIN_FETAL_BRONCHIOLAR_AND_ALVEOLAR_EPITHELIAL_CELLS",21,-0.2848668726275375,-0.84437025517204,0.710806697108067,0.8928125641876412,"NPC2;ETV5;TSPAN13;IRX2;CRLF1;ACOXL",-0.6868809095558499,0.9966401474289824,,
"DESCARTES_FETAL_ADRENAL_CSH1_CSH2_POSITIVE_CELLS",125,-0.21367959577572326,-0.8806144728948855,0.7132701421800948,0.8935500623182384,"KRT7;YIPF2;S100P;CLDN7;LYPD5;KRT18;CPS1;ASS1;PHLDA2;AP1M2;CSRP2;TNFRSF12A;KRT8;MYL5;ADRB1;GPX3;MORC4;SERINC2;CLDN4;KMO;USP43;MFSD2A;PPP1R13L;RDH13;DEPP1;PRKCZ;BZW2;HOPX;MAFF;NOCT;SERPINE1;DUSP9;ANXA1;ZNF702P;TRAPPC14;TRIM29;F5;PGF;TNS4;EPS8L1;NDOR1",-0.8902833923438852,0.8594644042259331,,
"HE_LIM_SUN_FETAL_LUNG_C0_AIRWAY_FIBROBLAST",24,0.24764964802411857,0.8686319213559781,0.713855421686747,0.8935500623182384,"MECOM;COL4A6;NPNT;CAVIN2;CXCL14",0.8491203135473397,0.8880398671096346,,
"DESCARTES_FETAL_LUNG_MESOTHELIAL_CELLS",66,-0.22568185117059356,-0.848374413043752,0.7172236503856041,0.8962209469534399,"PLLP;TGM1;NKX3-1;PLA2G2A;ASS1;RND1;IL6;CA9;BST1;TNNT1;NMU;CFB;DOK7;CTSE;SBSPON;GFPT2;PRSS33;SOX15;MSLN;LIF;PCOLCE2;GSDME",-0.6527623826300959,1,,
"DESCARTES_FETAL_SPLEEN_LYMPHOID_CELLS",92,-0.21851641459537685,-0.8684821928497977,0.7219512195121951,0.9005783253708826,"VNN2;CD3D;LCK;GZMM;CD52;CD8A;CD247;PCED1B-AS1;SIRPG;SP140;ALOX5AP;NCF1;RHOH;CD2;LINC02245;EOMES;ACAP1;IL2RB;SH2D1A;CD37;ADGRG5;SYTL1;TIGIT;LTA;ALOX5;CD3G;CD96;RASGRP1;HIP1R",-0.6291284153069057,1,,
"DESCARTES_FETAL_INTESTINE_LYMPHATIC_ENDOTHELIAL_CELLS",21,0.24653434434025967,0.8321140148714137,0.7275362318840579,0.905988515176374,"PROX1;RALGAPA2;PLSCR4;TNFAIP8L3;MPP7",0.9765238071528711,0.6614890662964249,,
"HE_LIM_SUN_FETAL_LUNG_C7_SST_POS_NEURON_CELL",280,-0.20149834623757426,-0.9025224337409837,0.7308108108108108,0.907637687756031,"F12;GCHFR;PRSS3;B3GNT4;HES4;SH2B2;HAGHL;FAM241B;PFKP;TMEM54;DENND6B;KLHDC9;COX7A1;CDKN2D;MAPK8IP2;FAM89A;CORO1A;FABP3;PORCN;SNCG;C11orf96;BOK;SLC16A3;SPINT2;LINGO1;TRPV2;TPPP3;LIN7B;C1orf216;TMEM145;KLC2;MAST1;FECH;STK32C;CXCR4;TMEM120A;FN3K;ATP13A2;CKMT1A;HID1;GNB5;CPLX1;ASTN2;FBXL16;PPEF1;PNCK;PLPPR2;CYB561;SNX10;NANOS1;CIB2;APBB3;DOC2B;MANEAL;DPF1;HSD11B1L;PRKCZ;PRKAR2B;EGLN3;RTN2;BBC3;EFNA3;INPP1;PNMA2;ISL1;SRRM3;FNDC4;DIABLO;MPP3;NCDN;MPP2;FBXO31;CACNB3;SYNGR3;NYAP1;ARL4C;SLC9A7",-0.7992930956442702,1,,
"AIZARANI_LIVER_C32_MVECS_3",124,-0.21151365210403422,-0.8711894618916688,0.7313609467455622,0.907637687756031,"TMSB10;WARS1;IL32;IFITM3;GBP4;IFI27;HYAL2;CEBPD;BST2;IFITM1;HLA-A;HLA-E;C11orf96;CXCL11;CXCL9;KLF2;APOL1;HLA-B;PTGDS;CXCL1;IGFBP7;RNASE1;PDLIM1;FSTL3;FCGR2B;NPDC1",0.9856414394841414,0.7119629042217028,,
"BUSSLINGER_DUODENAL_EC_CELLS",22,0.2439498745888839,0.8238157104737255,0.7416413373860182,0.9186615592165513,"CES1;CHGB;LCN15;MAP1B;CADPS",0.4610551456005227,1,,
"DESCARTES_FETAL_THYMUS_THYMOCYTES",19,0.2533166422823147,0.8359166545616994,0.7427745664739884,0.9186615592165513,"LINC00954;LIG4;ZFP1;CD40LG;PXYLP1;LINC00539;FBXO41;GVINP1;PLK4;HKDC1;LZTFL1",0.9716065456583447,0.6615846338535414,,
"HE_LIM_SUN_FETAL_LUNG_C0_MYOFIBROBLAST_3_CELL",23,0.24190454521948918,0.8276622979015891,0.75,0.9244482173174873,"SLC26A2;MCTP2;ENC1;CXCL14;FAM118A;SNED1;SYT1",0.5753492539215294,1,,
"MANNO_MIDBRAIN_NEUROTYPES_HNPROG",184,0.17477987075551588,0.9183604872434027,0.75,0.9244482173174873,"FOXN3;GSE1;GPSM2;TFDP2;NES;EPB41;IGF2BP1;HUNK;ZNF573;CBFA2T2;FBXW7;PROSER1;TOP2A;THSD7A;ENTREP2;CHN2;ARL4A;TCF12;RFTN2;RHOU;ASPM;IGFBPL1;MKI67;HIC2;PDE11A;TPX2;XIST;ARHGAP28;CENPF;ATP8A1;CCND1;MIR17HG;TNFRSF19;CADPS;KIF15;TMEM132B;CEMIP2;FREM2;SGO2;GPRIN3;CCDC88B;KIF14;TSPAN11;ABCA1;MAP6;ZBTB18",0.8263889640597336,1,,
"AIZARANI_LIVER_C39_EPCAM_POS_BILE_DUCT_CELLS_4",179,-0.202513514327863,-0.8730274188632489,0.7536723163841808,0.9268366819660171,"KRT7;IL32;PIM3;NFKB2;CX3CL1;CXCL8;CDC42EP1;CD151;NFKBIA;CD63;PFKP;CLDN7;CITED4;HSPB1;YWHAE;TRNP1;KRT18;ACTG1;ANXA2;PHLDA2;SPINT2;S100A6;TNFRSF12A;TNFAIP2;CXCL1;CXCL3;KRT8;IFNGR2;S100A11;TRIM47;PDLIM1;ATF4;KRT19;ANXA5;FSTL3;S100A14",1.0552309205866988,0.5226588891145035,,
"HE_LIM_SUN_FETAL_LUNG_C0_VASCULAR_SMC_1_CELL",119,0.17833009178745335,0.8935694985062063,0.7544910179640718,0.9268366819660171,"SEMA5A;ADGRL3;PDE3A;SYTL2;PLCE1;EPAS1;NEURL1B;INPP4B;CDH6;LUZP2;MLLT3;MCTP2;ADGRF5;PDLIM5;FILIP1L;MGLL;CNTN4;MEF2C;MYH11;PAPPA;ITGA4;NBEA;HEYL;ADCY5;LTBP2;NIBAN1;EBF1;RAP2A;PRELP;SERPINI1;LRRC32;NTN4;SEMA5B;RERG;ITGA11;ARHGAP29",1.2757014952958299,0.11888701971587631,,
"TRAVAGLINI_LUNG_LIPOFIBROBLAST_CELL",143,-0.20618014213015126,-0.8659726888457031,0.7602339181286549,0.9317319848293301,"PLAAT4;TMSB10;TYMP;RARRES1;MT2A;CD74;NOP16;MRTO4;TIMP1;NNMT;IFITM1;PLA2G2A;MARCKSL1;TUBA1C;CEBPB;PITPNC1;PLAUR;SPTSSA;PDLIM4;OAF;FOSL1;CREM;CXCL2;UAP1;MAFF;FNDC4;RGS2;OSR1;SOCS3;CTSH;SRPX;MAPKAPK2;GFPT2;IGFBP4;MT1A;TWIST1;GPNMB",-0.693064191993673,1,,
"MANNO_MIDBRAIN_NEUROTYPES_HPROGM",256,0.16868338176026088,0.9349161790377583,0.7619047619047619,0.9317319848293301,"PDE3A;FNDC3B;PLEKHA5;CFAP126;NES;IGF2BP1;SALL1;MAML2;YAP1;FAT1;ITGA6;GPD1L;KIF2A;TRAM2;FAM13A;ABCA8;DSG2;TOP2A;TXLNB;IFT88;RALGPS2;GASK1B;CHN2;RBMS1;ARL4A;RPGR;BRCA1;ARAP2;NCAPG2;PDLIM5;CENPE;WEE1;FOXP2;CFAP44;PDE11A;ADSS2;SALL4;CENPF;CCND1;TOX3;CRISPLD1;CHRDL1;CNTN4;HEATR5A;RIPPLY3;KIF15;MIR99AHG;GTF2F2;SLIT2;COL2A1;JAM3;CEMIP2;FREM2;CEP152;JAM2;TMEM47;PLOD2;PLCL1;TSPAN11;PPP1R3C;MAP6;MNS1;CYYR1;ZFP36L2;STON1;HK2;FNDC1;TCIM;WNT5A;ARHGEF28;GRM8;SH3RF1;SYT2;AGO1;ZFP36L1",1.0176516594621343,0.5507510241238052,,
"JONES_OVARY_GRANULOSA",79,-0.21560127938634954,-0.8323845476676608,0.7623261694058154,0.9317319848293301,"LY6E;ATP5IF1;IFI27;FSCN1;PSMA3;ADCK2;SPINT2;REEP6;AMH;LAMA1;LMBR1L;HDHD3;TNNI3;HMGB2;PPP1R13L;CDH3;PRKAR2B;STMN3;PTGES;CD99;SRPX;FAM78A;H2AC8;CEACAM21",-0.8123475404736817,0.9382875605815832,,
"DESCARTES_MAIN_FETAL_SATELLITE_CELLS",38,0.21211575074257027,0.843435031257182,0.7653061224489796,0.9327952113187011,"NBPF1;NCOA1;MIDEAS;PURB;CLCN5;CSTF2T;SLF2",1.132776226418793,0.3454675231977159,,
"GAO_ESOPHAGUS_25W_C4_FGFR1HIGH_EPITHELIAL_CELLS",196,0.1680733151839973,0.9007240455522177,0.7657657657657657,0.9327952113187011,"TRIO;ATXN1L;ADGRL3;PCDH18;ZNF587;FSIP2;STAT5B;TBC1D8B;NOD1;GARNL3;LAMA2;ARHGAP42;RIC1;FOXF1;SH3PXD2B;USP49;NCBP1;SVEP1;ADAMTSL1;DLC1;MN1;DOCK11;ZNF700;DCHS1;CHRDL1;SCARA5;GFRA1;ZNF436;ZZEF1;PRKG2;JAM3;KLHL31;ABI3BP;COL17A1;NOM1;FLRT2;JAM2;HHAT;PTBP2;TARS3;SLIT3;SYT1;VSTM4;CRKL;ZNF546;ZFHX4;ADAMTS1;FZD10-AS1;FBN1;DAGLA;ZNF773;MFAP4",0.931662838495017,0.8745544554455446,,
"HE_LIM_SUN_FETAL_LUNG_C1_LATE_BASAL_CELL",93,-0.210459119756326,-0.8377862351035265,0.7680097680097681,0.9339616274289642,"LGALS1;SFN;MT1E;TIMP1;HS3ST1;TFAP2A;CCNO;KLF2;FXYD5;HLA-B;CXCL1;RGS10;PTGS2;PMAIP1;PAX9;PDLIM2;CASP1;WNT4;KRT15;EVA1C;NBL1;ANXA1;S100A2;ST6GALNAC2;FJX1;ALPL;LYPD6B;PKP1;A4GALT;SULT2B1;ACTA2;SIX1;FHL2",-0.7560975915155133,0.9966401474289824,,
"DESCARTES_FETAL_PANCREAS_ISLET_ENDOCRINE_CELLS",65,-0.21547576347073788,-0.808366338622446,0.7730769230769231,0.9370785761504072,"GPR158;AMN;RBP4;MS4A8;RAB26;MUC5B;IRX2;CLTRN;ECEL1;ISL1;KLK12;HADH;ASB9;UCN3;DUSP9;GIPR;IRX2-DT;FFAR4;ELFN2;SMIM32;GPD1;CACNA1A;TMEM61;TSPAN1;PTPRN;PHGR1",-0.8598520762861891,0.8582763627106871,,
"DESCARTES_MAIN_FETAL_ADRENOCORTICAL_CELLS",50,-0.22540769017806694,-0.8072304504361323,0.7731543624161074,0.9370785761504072,"FDXR;HSPE1;PPP2R1A;SNCG;RHBDD2;GRIN2C;POR;GRAMD1B;FDX1;OSGIN1;LIPE;DHCR7;SCAP;SCARB1",-0.9242024884066077,0.7570837449708632,,
"VANGURP_PANCREATIC_DELTA_CELL",61,-0.2203784945466811,-0.8165015652244658,0.777490297542044,0.9407632600258732,"MDK;LDHA;S100A6;TPPP3;SEC11C;DIRAS3;RBP4;TMSB4X;GPX3;MS4A8;PDLIM4;ANK1;HHEX;ISL1;MLPH;AQP3;DHRS2;RGS2;HADH;SERPINA1;FFAR4;F5;CD9;VIM",-0.5850136810525991,1,,
"HE_LIM_SUN_FETAL_LUNG_C0_MESENCHYMAL_1_CELL",267,0.16745570836441226,0.9333088496067599,0.7804878048780488,0.94131633294424,"TRIO;PDZD2;TACC2;ANKS1A;PDE3A;PLCE1;ANK3;SOWAHC;CDYL;TRAF5;HHIP;HUNK;MYOCD;SLC38A1;NEURL1B;NRG1;PBX2;ZEB1;FMNL2;DOCK9;FBN2;STRA6;ASAP2;IRAG1;PLEKHA1;SORBS1;RALGPS2;IGSF3;BCAN;GLP2R;EPHA3;PAWR;HSPA12A;CASC15;KIT;MCC;DLG2;SLC8A1;NET1;HHIP-AS1;FOXP2;ENC1;TNFRSF21;XIST;RNF150;CNTN4;SIPA1L2;GFRA1;ADAMTS8;LDB2;HPSE2;CARMN;CGNL1;PNMA8A;BCO2;LRRC8D;TES;MAPK10;PLCL1;TLL1;SEL1L3;CXXC4;ADCY5;TMTC2;PAPLN;FGF7;NSG1;FCHSD2;VIPR2;ZFHX4;SYNM",1.0859918917066986,0.2698779295319444,,
"GAO_LARGE_INTESTINE_ADULT_CE_OLFM4HIGH_STEM_CELL",280,-0.19559124382843499,-0.8760641895806679,0.7805405405405406,0.94131633294424,"LRRC73;CTU1;HLA-DQB1;NRGN;PRR7;CDC45;CX3CL1;ZNF653;IL4I1;HAUS8;C16orf95;CCNP;HLA-DRB6;HCAR2;LST1;MUC5AC;NKX3-1;ARRB2;ZFPM1;PIPSL;SENP3;ABCB6;TRNP1;RNF215;FAM89A;TMEM102;C11orf96;ALKBH1;CTSZ;DLST;MAPK11;NFATC1;BEGAIN;IL23A;TIMP4;TCTN2;HAR1A;GFI1;IFIT3;FFAR2;MEX3D;LOXL1;OBSCN;UHRF1;LYRM9;TMEM91;PLEK;CACTIN;DNAJC9-AS1;LTB;ZNF467;RMI2;C2CD4C;ZNF618;NANOS1;BARX2;FPR1;OGFR;PRPF4;PPP1R37;SNTA1;DCBLD1;CXCL5;SERPINB5;LINC01426;LIPE;LINC02245;THAP8;CPT1B;SLC18A1;POLR3G;AUNIP;APOBEC3A;KLHL25;RBP7;C5AR1;TBC1D25;GINS1;ADAP2;IFIT2;PKP1;RAMP3;VASN;B4GALNT4;GSDMA;UBOX5;RAB11FIP3;WIPF3;SLC12A4",-0.7765914981697214,1,,
"CUI_DEVELOPING_HEART_5TH_WEEK_ATRIAL_CARDIOMYOCYTE",37,-0.2375220967221418,-0.8096943809658523,0.7826704545454546,0.9423196517412936,"LGALS1;CYB5A;COX7A1;IRX3;TMSB4X;ISOC1;FABP5;HNRNPL;S100A4;RGS3;CMTM7",-0.6867325433904861,1,,
"DESCARTES_MAIN_FETAL_NEUROENDOCRINE_CELLS",22,-0.2605481063400251,-0.7856208821816398,0.7904903417533432,0.9501589207167669,"CCNP;SEC11C;FFAR2;TFF3;KLK12;LFNG;ACSL1;HES6",-0.8025430803392254,0.914675471370232,,
"GAO_LARGE_INTESTINE_ADULT_CF_GOBLET_CELL_SUBTYPE_1",23,0.2320991589207791,0.7941137403561341,0.7957317073170732,0.9548780487804878,"SYTL5;MYRIP;FAXDC2;FER1L6;TRPA1;ARHGAP31;FRMD3;GPR153",0.8067196614068063,0.9195181015877519,,
"GAUTAM_EYE_IRIS_CILIARY_BODY_MGP_HIGH_FIBROBLASTS",83,-0.21054738633010397,-0.8141548739956421,0.8010139416983524,0.959630563816838,"PPIB;SRM;SELENOM;CP;SEC61B;SQOR;YBX3;IL15RA;ELOC;TMEM70;PITPNC1;IFNGR2;S100A11;APOL4;P4HB;PTMA;SSR3;MTHFD2;CREM;GMDS;NASP;LTBP4;SAT1",0.8803386201107684,0.8745544554455446,,
"DESCARTES_FETAL_KIDNEY_URETERIC_BUD_CELLS",205,-0.19359698961043575,-0.8469000157807078,0.8080357142857143,0.9664479877618263,"MUC6;KRT7;TMEM125;SMIM22;SPR;ELMO3;DEGS2;S100P;BSPRY;CLDN7;KRT18;MUC1;SNCG;TFAP2A-AS1;MIR200CHG;TFAP2A;CCNO;WNT7B;PAK6;TMEM238L;CBLC;KRT8;KRT19;SYT8;S100A14;CIMIP2C;GJB4;SIGLEC15;RNF183;PKP3;GJB3;CLDN4;TACSTD2;PTGER1;MYEOV;KRT15;PRDM16;FBP1;UPK3A;FAM131C;MFSD6L;ACOXL;LDHD;SSH3;PRSS22;SSTR5;PLEKHN1;ST14;MLPH;DHRS2;S100A2;FXYD3;ALDH3B2;GPX2;LYPD6B;TRIM29;PKP1",-0.9475865056877781,0.7669820245979188,,
"HE_LIM_SUN_FETAL_LUNG_C7_MID_SCHWANN_CELL",237,0.1624783541331235,0.8972570158879882,0.8181818181818182,0.9766596293689891,"SH3D19;PPARA;ANKRD28;FNDC3B;ANK3;CLSTN2;WWP1;CDH1;COL4A5;COL14A1;ITGA2;TNS3;CLMN;PLSCR4;ABCA8;LAMA2;AHNAK;SORBS1;SH3PXD2B;GASK1B;NRXN3;BCAN;OLFML2A;HSPG2;GNG12;GPR155;ITIH5;HSPA12A;UTRN;SORBS2;COL4A1;ZCCHC24;L1TD1;SIPA1L2;PDK4;SLIT2;PRSS23;SEMA3G;KANK4;GAS2L3;ATP1A2;LPCAT2;RELN;TNS1;FRMD4B;TSPAN11",0.9576093826608019,0.8007257978439535,,
"DESCARTES_MAIN_FETAL_PDE1C_ACSM3_POSITIVE_CELLS",250,-0.19137256622105675,-0.8542879115347327,0.8192640692640693,0.9766596293689891,"EXOSC4;CSKMT;SRA1;WDR25;PET100;NMB;TRMT2A;JMJD8;ALKBH2;SLIRP;MIEN1;RFXANK;COMMD5;ZNF205;LIN37;SMUG1;EXOSC3;HAUS8;GNB1L;GCDH;PIP4P1;SGSM3;RPL22L1;MFSD3;VPS51;RPL24P8;SPATA2L;MIR200CHG;KANSL2;ARMC7;YIPF1;CRYBB2P1;CHAC2;PINLYP;ZNF622;POP4;SLC12A9-AS1;COX16;KATNA1;RBM10;MMP25-AS1;CNNM3;LYRM9;ALDH3A1;RPS3AP26;PRRG2;IMPA2;TRPV4;SIRT3;BRF1",-0.8988989094479624,0.8715242881072026,,
"DESCARTES_FETAL_CEREBRUM_OLIGODENDROCYTES",28,0.21528690893896302,0.7842421429077385,0.8227848101265823,0.9788705645586285,"PDGFRA;CHAD;GDNF;MMP16;BCAS1;LHFPL3",0.5993467113073367,1,,
"TRAVAGLINI_LUNG_PLASMACYTOID_DENDRITIC_CELL",104,-0.20110050384666192,-0.8097272658899111,0.8238153098420413,0.9788705645586285,"GPX1;SEC61B;LGMN;PPP1R14B;ST6GALNAC4;UNC93B1;RNASET2;LRRC26;SPNS3;VEGFB;CXCR3;PPM1J;GAS6;RNF130;CYB561A3;ATP13A2;PARVB;TSPAN13;CIB2;EGLN3;TBC1D8;MYBL2;C12orf75;RNASE6;CORO1C;RASD1;IRF8;TAMALIN;ITM2C",-0.9130888125196011,0.8176759989642476,,
"DESCARTES_FETAL_MUSCLE_VASCULAR_ENDOTHELIAL_CELLS",56,0.19812299441984765,0.8510608184723915,0.8252032520325203,0.97891758329348,"RAPGEF5;EFCAB14;F2RL2;FLT1;TMEM150C;EYS;CD93;SOX7;PRSS51;PTPRM;CYYR1;NOSTRIN;CLIC5;ESM1;MMRN2;MADCAM1;IL33",1.0457714501585635,0.4726680856391636,,
"HE_LIM_SUN_FETAL_LUNG_C6_MUC16_POS_CILIATED_CELL",48,-0.22060512871548585,-0.7823465956708573,0.8276797829036635,0.9802537069952035,"WDR24;KRT7;CP;PITX1;HBB;PAX9;TRPV4;CD82;PLAAT3;MAOB;PLAAT2",-0.6189081296993012,1,,
"DESCARTES_FETAL_INTESTINE_INTESTINAL_EPITHELIAL_CELLS",200,-0.1919978645346945,-0.8378470539913822,0.8307174887892377,0.9809687392648574,"GCHFR;C8G;PRSS3;MT1E;ELMO3;DEGS2;PRODH;TMEM52;EEF1B2P3;CPS1;CRB3;GLTPD2;AMN;REEP6;ABCG5;PAK6;GLYCTK;NAGS;BICDL3P;RBP4;OR7E14P;S100A14;HDHD3;PCK2;RBP2;PKP3;DGAT1;TMEM92;TFF1;FMO1;UPK3A;MFSD6L;GJB1;SLC39A4;MAOB;PRAP1;TRIM15;MTTP;SPACA3;MT1G;EXOC3L4;DMBT1;HSD17B2;FOLH1;ITPKA;KHK;TERT;CDX1;ALPI;GPX2;RBKS;GSTA1;ALDOB;GPD1;MT1H;PLEKHS1;SMIM24;WIPF3;TM4SF20;SLC6A20;TMEM45B;SLC1A1;TMT1B;AGR3;RBBP8NL;TMEM139;LEAP2;LAMB3;PRSS8;CLDN2;TJP3;ALDH1L1",-1.0116381251327888,0.6185682256372896,,
"BUSSLINGER_GASTRIC_OXYNTIC_ENTEROCHROMAFFIN_LIKE_CELLS",68,-0.20765514773891539,-0.7863772138304918,0.8309859154929577,0.9809687392648574,"NICOL1;FKBP2;SSR4;CAVIN3;QDPR;IFI6;SERPINB6;SMOC1;SEC11C;GPX3;MS4A8;KLK11;DEPP1;WFDC2;MAOB;SEZ6L2;CALM1;SERPINA1;APLP1;PCSK1N;UCP2;AZGP1;BEX3;ACSL1;PTPRN;LEFTY1;SCG5",-0.8393698705741803,0.8838181090587418,,
"HAY_BONE_MARROW_CD34_POS_HSC",98,-0.20029792548025357,-0.8001023717525146,0.8357843137254902,0.9838153719725158,"H2AC25;RACK1;RPL26;FBXW9;RPS9;HINT1;PCBD1;EIF3D;BSPRY;BST2;KRT18;EEF2;RPL15;KRT8;NPDC1;ZFAS1;NACA;EGFL7",-0.7883741194396013,0.9755208471915494,,
"HE_LIM_SUN_FETAL_LUNG_C4_ILC3_CELL",68,-0.2065547742034409,-0.7822101672418506,0.8361075544174136,0.9838153719725158,"MAEA;WDR86;IL4I1;LST1;TSPAN15;ROGDI;ARL3;SLC16A3;NFATC1;FSD1;CAPG;CXCR6;ARHGAP10;TNFSF13B;KRT86;CD82;DAPK1;GPR35;AHR",-0.6833125251949449,1,,
"HE_LIM_SUN_FETAL_LUNG_C2_DC1_CELL",307,-0.18973362228165663,-0.8537412156605393,0.8404710920770878,0.9873495353526953,"SNRNP25;IDO1;CSKMT;POLA2;HMOX2;CNFN;TK1;NMB;HSPBP1;BATF3;ACOT7;COMTD1;FARS2;RHOF;AIM2;MCM7;TAP1;LMNA;PMM1;BCAT2;CYSTM1;CLEC2B;HLA-F;APOL2;TSPAN15;ZNF296;ISG20;SLC66A1;TSTD1;DCTPP1;APOL3;LYRM4;TMEM102;PELO;DUSP4;RUSC1;KLHL22;HLA-DQB2;CXCR3;PPM1J;PDE6D;TRPV2;PTTG1;C1orf54;FKBP1B;ISYNA1;IGFBP7;PDLIM1;KATNA1;SP140;VAC14;SLC25A29;AP1G2;PDLIM7;TMEM191C;DBN1;NT5C3B;SLAMF8;TSPAN13;TACSTD2;NOP2;CD40;SERPINB9;SERPINF2;GLTP;FUT8;CENPN;UPK3A;ITGB7;BTN2A2;EGLN3;ACAP1;OXCT1;HSH2D;PCLAF;IDH3A;SNX22;TAP2;WDR41;ST14",-0.8177290173284336,0.9986049543676662,,
"DESCARTES_MAIN_FETAL_ENDOCARDIAL_CELLS",74,0.1861068007663292,0.8393498547727788,0.8425925925925926,0.9882426853347692,"NORAD;HMCN1;CPD;F2RL2;AGPS;TMEM100;SMAD7;MANSC1;ELK4;EMCN;HEG1;DKK2;BAALC-AS1;SLC6A4;LEPR;CGNL1;CALCRL;ITGA10;SPARCL1;HAPLN1;MMRN2;FZD6;ARMCX2;FZD4;IL33",0.9604945207770561,0.7119629042217028,,
"HAY_BONE_MARROW_FOLLICULAR_B_CELL",119,0.1721714256471638,0.8627098933813192,0.844311377245509,0.988661386903612,"PRDM2;NCOA3;COBLL1;REL;CHD7;PNISR;TRAF5;RAB30;PLEKHG1;RALGPS2;ZDHHC21;COL9A3;ABCB4;SETBP1",0.9926888818140147,0.6391453316836394,,
"DESCARTES_MAIN_FETAL_THYMOCYTES",76,0.18437067128041895,0.8381921003905972,0.8465116279069768,0.9896416133018763,"SSH2;TFDP2;CHD1;SATB1;LINC00954;NFATC3;LDLRAD4;TNRC6C;TCF12;WAKMAR2;SATB1-AS1;BCL11B;IKZF2;CD1E;TCF7;CEP128;MAP3K14-AS1;ANKRD36BP2;CAMK4;PDE7A;KCNA3",0.8098948890277661,0.9966401474289824,,
"HE_LIM_SUN_FETAL_LUNG_C7_COL20A1_POS_SCHWANN_CELL",62,0.18349849729691015,0.8116956871463554,0.8540772532188842,0.9968811669403698,"USP53;DPY19L3;SHROOM4;ITGA2;HMCN1",0.9573465791783552,0.7084403669724771,,
"DESCARTES_MAIN_FETAL_LENS_FIBRE_CELLS",130,0.16693757896183364,0.8444951387103039,0.8648648648648649,1,"KIAA1217;DNMBP;HERC4;INPP5F;KDM3A;ADAM17;IQSEC1;UBR4;COL4A6;USPL1;ARGLU1;PALM2AKAP2;LNPK;ZSCAN30;SUCO;NHS;FBXO34;NXPE2;RASGRF1;CERK;PELI1;EPB41L4A;LRRC39;BCO2;MEGF9;TMLHE;LDLRAD3;MYO18A;CLIC5;KXD1-AS1;ARID3B;LMCD1-AS1",0.8381718604105649,0.9966401474289824,,
"DURANTE_ADULT_OLFACTORY_NEUROEPITHELIUM_OLFACTORY_HORIZONTAL_BASAL_CELLS",16,0.22744764547769852,0.7217758856433696,0.8676056338028169,1,"DST;MEG3;CXCL14;IGFBP5;TSC22D1",0.6789713402064607,1,,
"GAO_LARGE_INTESTINE_24W_C2_MKI67POS_PROGENITOR",111,-0.19399254121179663,-0.7838318360324198,0.8708891595615104,1,"AURKB;TK1;CDC20;CENPW;HYAL2;MXD3;PRC1;PIMREG;TRAIP;BIRC5;CCNB1;CCNB2;CDKN3;PTTG1;UBE2T;ECSCR;CRIM1-DT;SOX18;TACC3;TROAP;PHF19;KNSTRN;EGFL7;RHOH",1.0348043550758912,0.5574060949681077,,
"ZHONG_PFC_C2_THY1_POS_OPC",20,0.22388983689407826,0.7415884318305734,0.8717201166180758,1,"EDNRB;LAMA4;GPR155;WAC-AS1",0.7661633702402049,0.9726470916601542,,
"HE_LIM_SUN_FETAL_LUNG_C4_CD4_T_CELL",32,0.20527219878173658,0.7683742647825074,0.8745874587458746,1,"SERINC5;INPP4B;LRRN3;RCAN3;CD5;CSGALNACT1;EPHX2;IL6ST;CD40LG;FKBP5",0.6908513513271635,1,,
"DESCARTES_FETAL_PANCREAS_SMOOTH_MUSCLE_CELLS",31,0.2046870648440608,0.7646984193417595,0.8754098360655738,1,"RGS5;BMP5;GJC1;MYH11;CARMN;GPR20",1.1899351226586286,0.28879345271858037,,
"ZHONG_PFC_MAJOR_TYPES_OPC",67,0.18382387168980818,0.8172045101932366,0.8794642857142857,1,"SEMA5A;EDNRB;LSAMP;LUZP2;EPB41L2;PDGFRA;SERPINE2;ARL4A;BCAN;RFTN2;SPATA6;PLPP3;NOVA1;LHFPL3;LIMA1;GPM6B;SLC35F1;SOX6;COL9A1;ITGB8;SPRY4;EPN2",0.8800500790202114,0.8940666118421052,,
"DESCARTES_MAIN_FETAL_MEGAKARYOCYTES",150,-0.18599274743737518,-0.7889001608289491,0.8829663962920047,1,"GPX1;YIF1B;SMIM12;SLC39A3;NRGN;GAS2L1;STXBP2;INKA1;TUBA4A;CDKN2D;MAX;FHOD1;HPSE;CENPT;FAM110A;TGFB1;DOK1;LYL1;TPST2;MICU1;RAB8A;GNB5;TMEM91;CGRRF1;PLEK;CMTM2;PARVB;NT5M;ABHD16A",-0.7179366917426034,1,,
"DESCARTES_FETAL_INTESTINE_CHROMAFFIN_CELLS",48,0.1880255064612607,0.7900772920267725,0.8830188679245283,1,"CEP126;LINC01106;TPH1;LCN15;CCDC162P;LINC01811;SLC38A11;SLC9A2;CHGA;ADH6;SCG2;ST18;GHRL;IL20RA;PAM;RGL3;KCNK17;SPTSSB;OR51E1;MAB21L4;LINC00261;HEPACAM2;VWA5B2;RAP1GAP2;PROC;SSTR2;RAB3B;UBE2QL1;PDX1;CDHR3;PCSK1;BAIAP3;SYT13;DRAIC;CACNA1A;FOXA2;PCSK1N;FFAR4;GIPR;SLC18A1;SSTR5;KLB;GCH1;REG4;RAB26;KIF19;MNX1-AS1;MS4A8",-0.7096824713083115,1,,
"DESCARTES_MAIN_FETAL_RETINAL_PROGENITORS_AND_MULLER_GLIA",30,0.20459315333871186,0.7565388589762405,0.8831168831168831,1,"ILDR2;KLHL8;TMTC4;RNF180;TOX3;PKD2;RARB;MYBL1;C5orf34;EPHB2;DDHD1;MOB3B;LGR4;FAM184B",0.8217890324595847,0.8940666118421052,,
"TRAVAGLINI_LUNG_MYOFIBROBLAST_CELL",60,0.1834580199528585,0.8000677157414618,0.8836206896551724,1,"NOTUM;ROBO2;LUZP2;CCDC146;ENC1;CXCL14;TNFRSF19;CREB5;TYRP1;COL12A1;CLU;LTBP2;WNT5A;FGF18;ROBO1;PRELP;SLITRK6;THBD;VCAN",0.923009028312881,0.8215226884374406,,
"DESCARTES_FETAL_MUSCLE_SCHWANN_CELLS",67,0.18296773089128665,0.8133984641368635,0.8839285714285714,1,"DST;CDH1;ATP10B;GRIK3;CHL1;BCAN;TRPV3;KCNH8;ADAM23;HSPA12A;TMEM132B;MEGF9;PARD6B;TMEM178B;MOXD1;SPMIP5;ITGB8;GABRA2",0.8260897396263197,0.9797992850066761,,
"AIZARANI_LIVER_C31_KUPFFER_CELLS_5",111,-0.19145649225638195,-0.7735848652129567,0.8855054811205847,1,"WARS1;MT2A;TYROBP;SELENOO;MIRLET7BHG;LST1;EFNA1;FCER1G;IL1RN;WHR1;S100A11;IL1B;SLC11A1;FCGR3A;AIF1;CTSB;PLAUR;GADD45B;LILRB3;LYN;PELATON;PSAP;ACADVL;RNF144B;FGR;ATP1B3;SAT1;TNFSF14;SLC43A2;PLIN5;RGS2;LILRB2;APOBEC3A;C4BPB;MAFB;ITGAX;MARCO;C5AR1",1.009513841718108,0.6104494459674261,,
"DESCARTES_FETAL_STOMACH_MESOTHELIAL_CELLS",20,-0.23056563888535644,-0.6786809103241528,0.8861911987860395,1,"TGM1;BST1;TNNT1;UPK3B;CFB",0.7136698580737555,1,,
"DESCARTES_MAIN_FETAL_SYMPATHOBLASTS",29,-0.2176025656138724,-0.7022136242913553,0.8916184971098265,1,"NT5DC2;QDPR;C1QL1;CYB561;GCH1;MRAP2;SLC18A1;C1orf226;RLIG1;VPS33A;ARC;TSPYL2",-0.8527134109924421,0.8634787832292338,,
"DESCARTES_FETAL_INTESTINE_ENS_NEURONS",62,0.17946312884277665,0.7938454528473426,0.8927038626609443,1,"LHFPL5;NMNAT2;VAT1L;DLX3;SGIP1;MAP1B;HECW1;HEATR5A;KIF5A;STUM;NCAM2;MAP6;SYT1;SYT2;CACNA1E",0.9224740041570388,0.8007257978439535,,
"DURANTE_ADULT_OLFACTORY_NEUROEPITHELIUM_VASCULAR_SMOOTH_MUSCLE_CELLS",90,0.17363783089535414,0.8152876134195924,0.8958333333333334,1,"MAP3K20;LPP;RGS5;COL14A1;PPP1R12B;IRAG1;ARID5B;RCAN2;MAP1B;PPP1R12A;FILIP1L;SYNPO2;SEPTIN7;IGFBP5;MYH11;ID4;CARMN;MYLK;TNS1;GUCY1A1;SPARCL1;CALD1;TCIM",1.24021304175008,0.17533247329286947,,
"HE_LIM_SUN_FETAL_LUNG_C3_VENOUS_ENDOTHELIAL_CELL",78,0.17575174472594882,0.8084871453514095,0.897196261682243,1,"DNM3;SLCO2A1;HMCN1;SERPINE2;COL9A3;NPNT;LYST;SORBS2;FILIP1L;IL1R1;MIR99AHG;CDC42EP3;SELP;HAS2;LRATD2;TLL1;NALF1;HDAC9;GFOD1;RBP5;LHX6;MYOF;C7;FBN1",1.021408838647797,0.5932167684853592,,
"ZHONG_PFC_C1_NEUROD1_POS_EXCITATORY_NEURON",20,-0.22614294702943982,-0.6656625067607789,0.8998482549317147,1,"NXPH4;DDIT4;CALB2;HPCA;NRN1;CFAP298;ABRACL;EPHA7;ARL4D",0.7742677038038637,0.9674136886735312,,
"DESCARTES_FETAL_PLACENTA_STROMAL_CELLS",32,0.19821070404108476,0.7419416993312884,0.9042904290429042,1,"LIN7A;GDNF;PTGFR;ELN;SLIT2;NFASC;GXYLT2;TCF21;ITGBL1;FREM1;SLC16A10;ACKR1;COL8A2;CYP2W1;GATA6-AS1;MATN2",0.8938363045426473,0.8249238648947951,,
"DESCARTES_FETAL_EYE_SMOOTH_MUSCLE_CELLS",59,-0.19743891536115896,-0.7251936823008064,0.9092105263157895,1,"NUDT16L1;LRRC47;SNHG8;C11orf96;RAB38;RAB13;GINS2;COQ3;TESK1;GLMP;DEDD;SLC67A1;SLC35D2;AP5Z1;SNHG1;C12orf76",-0.868735891390153,0.8500535611967814,,
"HE_LIM_SUN_FETAL_LUNG_C0_MESENCHYMAL_3_CELL",149,0.16783762133700575,0.8610041858616905,0.9097744360902256,1,"TRIO;KLF7;PDE3A;ANK3;SVIL;HGF;SLC38A1;LIN7A;ZEB1;AMOT;KIF21A;FBN2;STRA6;PDGFD;CAMK1D;COL9A3;EPHA3;ADAMTSL1;MN1;MCC;DOCK11;CLCN5;NET1;XIST;CNTN4;MIR99AHG;COL2A1;LDB2;AMOTL2;FLRT2;CDC42EP3;RELN;TES;PLCL1",1.0635982294558626,0.4294914051011612,,
"DURANTE_ADULT_OLFACTORY_NEUROEPITHELIUM_FIBROBLASTS_STROMAL_CELLS",81,-0.191796912575699,-0.74022544058255,0.9102402022756005,1,"SELENOM;LGALS1;IFITM3;TIMP1;IGFBP6;CLEC11A;TFAP2A;CSRP2;RARRES2;IGFBP7;PAX9;NBL1;PCOLCE;CCL2;GLIPR1;COL6A2;IGFBP4;TWIST1;ACTA2;VIM;INMT;ECM1;MXRA8;THY1;SERPING1;TPM1;BGN;SPARC;PRRX1;CYP1B1;TAGLN;C1R",-0.6012399064810081,1,,
"DESCARTES_FETAL_ADRENAL_CHROMAFFIN_CELLS",38,0.18439361110534896,0.7332035956868336,0.9115646258503401,1,"PLXNA4;MAP1B;HECW1;CCND1;KRTAP5-AS1;REEP1;TMEM35A;RYR2;GREM1;SCUBE1;SLC44A5",0.8817601312291413,0.8531391723356009,,
"HE_LIM_SUN_FETAL_LUNG_C3_OMD_POS_ENDOTHELIAL_CELL",335,0.1562671536564395,0.9049713942956865,0.9122807017543859,1,"PDE3A;ATXN1;ZNF217;LMTK2;CRIM1;SULT1B1;PPP1R3B;HMCN1;ANKRD36;SKIL;GDF7;MECOM;PLXNA4;ITPR1;FNIP2;FBN2;TRAM2;GARNL3;GOLIM4;ITPR2;PDGFD;ABCA8;SMAD7;MYRIP;RBMS3;POLG2;LDLRAD4;SERPINE2;PLXNA2;TNRC6C;COL9A3;MYORG;GASK1B;NCAM1;RUNX1T1;EPDR1;EPS8;COL21A1;NOMO2;MCC;DENND5B;DKK2;MMP16;FILIP1L;SOX5;SLC8A1;MET;CRISPLD1;SNX18;MIR99AHG;SLC6A4;SEMA3G;ID4;ABI3BP;PELI1;TMTC1;TMEM47;NOMO3;CDC42EP3;PLOD2;LPCAT2;PMEPA1;RND3;SELP;HAS2;GUCY1A1;F2R;LDLRAD3;GIPC2;SLIT3;SYNPO;CLN8;STON1;IL13RA1;TMTC2;LTBP2;RPS6KA5;PTPRF;GFOD1;ADAMTS1;GOLGA8B;CAMK4;FAM107A;PRUNE2;CYBRD1;MFAP4;SYT11;SAMD4A;NMT2;SH3RF2;ACVR1;BMP6;FGF18;EFEMP1;BMX",1.2332013696693718,0.05119050632138751,,
"HE_LIM_SUN_FETAL_LUNG_C3_INTERMEDIATE_LYMPHATIC_ENDO_CELL",373,0.1580916097909983,0.9252409040695485,0.9130434782608695,1,"RAB11FIP1;EDNRB;ATP9A;SLC24A1;PTPN3;ARL15;COL4A5;PROX1;AHI1;SLC38A1;SLC38A4;CASK;CNST;CEACAM1;NFATC2;PRKAA2;STOX2;GLS;PDGFD;PDE7B;MYEF2;ITGA9;ARID5B;PCLO;SMAD9;ELK4;NMNAT2;SCN3A;TNFAIP8L3;APOLD1;SLC7A1;CCDC122;EPB41L1;COL9A3;ZDHHC17;IGSF3;FILIP1;NEO1;AGAP1;SSH1;NLGN4X;PPARG;KLHL3;GNG12;RHOU;KCNN3;SLC5A3;MYO5C;SGCD;ACSL5;STON2;FILIP1L;FOXP2;MPP7;MET;CTTNBP2;OSBP;RAB29;KBTBD11;CHRDL1;TSHZ1;IGFBP5;TTN;C20orf204;TMOD2;ABI3BP;TLR4;FLRT2;TMTC1;RAB11FIP5;LRCH2;RELN;MAN1C1;SCRN1;FZD10;ITGAV;GUCY1A1;TRMT9B;CXADR;KLF12;PELI2;DTX4;CCNJ;SYNPO;SRGAP3;NIPAL2;ADAMTS9;TMT1A;LAMB1;PLD1;GAS7;VSTM4;FZD6;REEP1;MAP3K1;SYNM;UNC5B;TAC3;WASF3;PAIP2B;DDX10;MAN1A1;FBN1;SEMA3A;MFAP4;CYP39A1;RASSF9;ITGB8;PGM5;EBF1;GLRB;OLFML1;EFEMP1;BMX",1.1263477899712506,0.13403724340816733,,
"DESCARTES_MAIN_FETAL_SKELETAL_MUSCLE_CELLS",92,-0.18444454748677383,-0.7330653184893097,0.9158536585365854,1,"TRIM7;ACTA1;TRIM72;EIF4E2;TMEM52;TNNI2;RYR1;TEAD4;RPS3AP20;AK1;MYL5;OBSCN;FZD9;SLC49A3;TMEM38A;MYL6B;FGFRL1;KLHL21;ENO3;RTN2;ATP2A1;BTF3;UTP11",-0.7016897705517304,1,,
"HE_LIM_SUN_FETAL_LUNG_C7_TM4SF4_POS_CHODL_POS_NEURON_CELL",37,0.18394666743549554,0.7269165275769526,0.9161073825503355,1,"BTBD8;AKAP6;PLEKHA6;SGIP1;IGFBPL1;SYNPO2;CXADR;MAB21L2;ARHGEF28;ARID3B;TSHZ3;TAC3;ABCB1;CDK5R1",0.8388810774286373,0.9201009438472058,,
"HU_FETAL_RETINA_MULLER",29,-0.2080742206147614,-0.6714652107492239,0.9161849710982659,1,"TRIB2;SNRPG;SPP1;RASSF4;CRYM;SLC1A3;SPON1;SAT1;CDC42EP4",0.7085848669763637,1,,
"MANNO_MIDBRAIN_NEUROTYPES_HPROGFPL",285,-0.17730632990996004,-0.7953366192013771,0.919093851132686,1,"SIVA1;RPS14;AURKB;LSM4;GNG5;RPL13AP5;NAXE;TK1;H2AX;SNRPB;MT1X;PLK1;CENPW;RPS19;CKS1B;MCM7;MDK;TYMS;PRC1;PIMREG;RANBP1;RPL23A;BIRC5;CDCA8;CDCA3;HMGA1;CCNB1;PSRC1;CCNB2;KIF22;CENPV;DOK1;CHAF1A;RCOR2;CDKN3;PTTG1;UBE2T;RPA3;GINS2;PIF1;MCM2;FZD2;UHRF1;PMAIP1;TACC3;TROAP;HMGN2;KIF2C;EEF1D;TFF3;PTX3;KNSTRN;HMGB2;TPBG",-0.7489906221786011,1,,
"HE_LIM_SUN_FETAL_LUNG_C3_AEROCYTE",79,0.1724445198827766,0.7970289617704541,0.919431279620853,1,"SPRED2;EDNRB;TNS3;SLCO2A1;DYRK2;LMO7;PDE1C;ZNFX1;SLC12A2;CDH13;NEDD4L;LRRC49;MGLL;ITGA1;MYLK;ITGA4;PRDM1",1.028551537936684,0.5574060949681077,,
"DESCARTES_MAIN_FETAL_HEPATOBLASTS",39,0.18330422432336024,0.7320975459934976,0.9251700680272109,1,"PLCXD2;PANK1;LPAL2;GPAM;CASC19;CNGA1;ABCC2",-0.7112598209141725,1,,
"FAN_EMBRYONIC_CTX_BRAIN_ENDOTHELIAL_1",433,-0.1757077652704495,-0.8105208340873998,0.9260020554984584,1,"C12orf57;VAMP5;S100A13;LY6E;HAPLN3;CAVIN3;MT2A;IL32;ADAM15;ISG15;PLLP;S100A16;MT1X;ARL2;IFITM3;ABHD17A;CDC42EP1;CD320;CD151;CARHSP1;GBP4;CLTB;IFI27;MT1E;TIMP1;IFI35;HYAL2;MOB2;PCBD1;IFNAR2;CYB5A;CHST12;DEGS2;MDK;BST2;BSG;CLEC2B;RHOC;TAGLN2;DNPEP;IFITM1;COX7A1;AIF1L;NECTIN2;IFI6;SERPINH1;PELO;PFKL;OCIAD2;PLK2;SAMM50;EFNA1;NHERF2;CLIC1;PPIC;CSRP2;FXYD5;C1orf54;PROCR;CYB5R3;HPCAL1;APOL4;IGFBP7;SLC38A5;PDXK;ECSCR;LSR;VWA1;SOX18;CRIP2;SLC52A2;HID1;MX1;TUBB6;PDLIM2;MT1F;NPDC1;PARP12;KANK3;EGFL7;DGAT1;DNAJC1;RRAGA;MFSD2A;CD82;MMP25;TMEM50B;PLAAT3;PPA1;RGS3;MGST2;IMPDH1;TMEM88;CAV2;DIPK1B;NIBAN2;TRIM16;RELL1;STXBP1;HOPX;FOXC1;ZIC2;ADM;EMP2;PRXL2B;CD200;CDC42EP4;IFI44;SLC39A8;ANXA1;CETP;AFAP1L2;SCARB1;IFI44L;SLC3A2;S100A10;COL6A2;ALPL",0.977158149827967,0.8071833285219867,,
"GAO_ESOPHAGUS_25W_C1_CILIATED_EPITHELIAL_CELLS",317,-0.17483948131610666,-0.7895124003711013,0.9276595744680851,1,"SDF2L1;ENDOG;WARS1;WDR54;B9D1;OSGEP;ANKRD54;DPCD;CIMAP1B;SMPD2;CP;ZNF688;CCDC157;ALDH16A1;P4HTM;UBXN11;DALRD3;SPMIP6;QTRT1;RRAD;TRMT1;TMEM231;TSPAN15;RBM38;KLHDC9;LRWD1;TOGARAM2;LRRC61;KIF9;ZMYND10;RUVBL1;TMEM234;KATNB1;PSENEN;SSBP4;RSPH1;ADGRE5;RITA1;TP73;AARS2;AK8;MORN2;ADAP1;SLC25A29;RIBC1;CCDC74A;CIMIP2C;METTL27;ZMYND12;RSPH9;WDR90;MS4A8;ASTN2;TFF3",-0.8302038753309443,0.9860418695464697,,
"HAY_BONE_MARROW_CD34_POS_PRE_PC",93,0.1647173642993237,0.7837734808607242,0.9289617486338798,1,"CHD9;GAB1;TOP2B;SEC63;HHIP;LUC7L3;NAV1;ZNF608;MTF2;MLXIP;MYO5C;HHIP-AS1;AKAP12;RAG1;MME;TP53INP1",0.765282986085148,1,,
"SU_HO_CONV_CENT_CHONDROSARCOMA_STROMAL_C6_ENDOTHELIAL_CELL",192,-0.17600595758755808,-0.7649823205233145,0.9292134831460674,1,"BID;ADAM15;PNP;SIGIRR;UBALD2;HYAL2;TSPAN15;FSCN1;ISG20;HOMER3;TEAD4;NECTIN2;TLNRD1;SLC27A3;MARCKSL1;SNCG;LGALS9;PLK2;GNAI2;MYL12A;LYL1;ABI3;COX6C;RAB13;PROCR;TBCD;CXCR4;PLAU;RNASE1;N4BP3;ECSCR;VWA1;SOX18;FRMD8;NPDC1;KANK3;WDR1;ICAM2;EGFL7",0.9513069208606596,0.8303516558552407,,
"DESCARTES_FETAL_PANCREAS_LYMPHATIC_ENDOTHELIAL_CELLS",40,0.177921338589491,0.7053647861363704,0.9326241134751773,1,"CEMIP;RALGAPA2;TNFAIP8L3;STON2;HOXD10;MPP7;C20orf204;FZD10;TRMT9B;TLL1;LRRC69;RASSF9;PGM5;BMP6;MMRN1;F8",0.957739718509152,0.7441593604951006,,
"DESCARTES_FETAL_ADRENAL_VASCULAR_ENDOTHELIAL_CELLS",103,0.16444890959434666,0.8063918231520734,0.9329608938547486,1,"PTPRB;RGS7BP;KDR;SLCO2A1;INHBB;SNCAIP;CEACAM1;MYRIP;SHE;PLIN4;CDH13;TEK;PLPP3;EDN1;SOX7;RIPPLY3;LDB2;CALCRL;ESM1;TCIM;MMRN2;CD34;RBP5;NR5A2;DIPK2B;TRPM6;MADCAM1;CDH5;ARHGAP29;F8;EFNB2;DNASE1L3;ADGRL4;ELK3;APLNR;PCDH12;PDE2A;NOTCH4;AFAP1L1;ST6GALNAC3;BCL6B;TMEM233;ARHGEF15",1.0105399682815928,0.6083547537061287,,
"CUI_DEVELOPING_HEART_LEFT_ATRIAL_CARDIOMYOCYTE",18,0.191744325775828,0.6262363550262425,0.9335260115606936,1,"COL2A1;RELN;BCO2;CLIC5;SFRP1;RABGAP1L;PITX2;FHL1;PAM;PIM1",0.8888299424373514,0.8007257978439535,,
"DESCARTES_FETAL_PANCREAS_CCL19_CCL21_POSITIVE_CELLS",39,-0.19381504726580423,-0.6663533784321775,0.9364406779661016,1,"APOE;CXCL13;PTGDS;MINCR;MSC;PTGER1;WDR97;CDX1;TNFRSF11B;CSF1;TPBGL",-0.4572656091315391,1,,
"HU_FETAL_RETINA_FIBROBLAST",369,0.15610222994282738,0.9121506898014754,0.9375,1,"ROCK2;PTCH1;EML4;PLEKHH2;IGF2;ERBIN;LUZP1;PCDH18;SVIL;COL4A5;LAMC1;HMCN1;NUDT4;DOCK1;IQGAP1;UACA;EGFR;TJP1;ADD3;PLEKHG1;SMARCA2;CAST;DAB2;FBN2;GOLIM4;EPB41L2;PDGFRA;ITGB1;AHNAK;RBMS3;LAMA4;PRKAR1A;NID1;EMCN;TCF4;RBMS1;CCNL1;EPS8;COL21A1;EPHA3;GNG12;NHS;OLFML3;DLC1;PIEZO2;UTRN;PLPP3;DKK2;SMARCA1;HIF3A;FOXP2;COL4A1;SYNPO2;ARHGAP28;C6orf89;OGN;DDR2;SCARA5;MIR99AHG;IGFBP5;ETS2;MEF2C;PRSS23;WASF2;ANTXR1;LIMA1;CREB5;MYLIP;AMOTL1;MYH9;SNED1;CDC42EP3;NOTCH2;HAS2;GUCY1A1;IL6ST;ANGPT1;F2R;CALD1;COL6A3;ZFP36L2;CPED1;FRMD4A",1.2566266960289598,0.025806742613122064,,
"DESCARTES_FETAL_STOMACH_PARIETAL_AND_CHIEF_CELLS",22,-0.1980746423153098,-0.5972470014059035,0.9420505200594353,1,"DUSP4;FAM162A;SERPINA5;CYB5R1",-0.8845505580433922,0.8215226884374406,,
"HE_LIM_SUN_FETAL_LUNG_C2_HSC_ELP_CELL",390,-0.17361012038753437,-0.7940369343221191,0.9436325678496869,1,"MRM3;SCO2;PLAAT4;RNF220;NTHL1;NKG7;MIB2;SLC2A5;MMAB;OXLD1;GBP4;QTRT1;CHST12;ALKBH4;MDK;CD7;PFKP;CTSW;ZNF576;PIGQ;SNHG21;RAMP1;RRP9;LCK;S1PR4;PGAP2;SPATA2L;ACBD6;OCIAD2;LRRC61;SEPTIN1;EFNA1;TRBC2;ADA;MED9;RAB13;FAM216A;CBX8;THEM6;ISYNA1;CREB3L4;BRF2;ACY3;ZNF574;DVL2;TBC1D10C;SNRPN;TBCC;NIPSNAP1;AP1G2;POLR2C;PRKD2;ADPRM;CD3E;MATK;MUL1;INTS12;DBN1;PODXL2;LTB;NT5C3B;RHPN1;ERGIC1;NOP2;LINC00665;RHOH;NUCB2;CD82;ABCD4;MYL6B;MTRFR;CD109;FUT8;SMYD3;TP53I3;MRPS27;SLC25A51;IKBKE;LMAN2L;HOXB4;MKS1;SCRN2;EPB41L4A-AS1;KCNN4;ABHD4;ACOT13;UQCC6;ACAP1;SYNGR1;HSH2D;HACD1;ARMH1;MRPL45;HOPX;STMN3;CCNB1IP1;CD200;RCL1;RNF31;HOXB2;SLC39A8;UMPS;ACOX3;CFAP68;BIN3;CSTPP1;TM7SF3;DPH5;SYTL1;C16orf54;RCN1;RASD1;CD69;H3C10;ZNF74;SOCS2;SMIM24;PDCD4-AS1;EBPL;BCAS4;ACOT2;SHQ1;ESAM;TMIGD2;USP20",-0.8502392681857227,0.9860418695464697,,
"DESCARTES_MAIN_FETAL_THYMIC_EPITHELIAL_CELLS",137,-0.1756442969160313,-0.7352144845668054,0.943728018757327,1,"NUBP2;MTG1;C8G;ARMC6;RTCB;PLEK2;KREMEN2;ZBED2;PRKAR1B-AS1;DNASE1L2;ICAM5;APTX;PARP3;DDB2;NEURL4;MGMT;TYK2;NEURL3;UBA7;INTS12;PNCK;RAB42;RMI2;IGFL2;FAS;MST1R;TRAPPC12;RPS7P10;NXN;CDH3;EXOC3L4;OXCT1;FAM118B;THAP8;TAFAZZIN;D2HGDH;CLTCL1",-0.7124598960911541,1,,
"HE_LIM_SUN_FETAL_LUNG_C0_ADVENTITIAL_FIBROBLAST",64,0.16523690447089306,0.7413478733513178,0.9439655172413793,1,"TRIO;WNT2B;ADAMTSL3;TNXB;CHRDL1;SCARA5;EMP1;SSC5D;GFRA1;FLRT2;COL12A1;DPYSL3;CD34;FZD4;GXYLT2;PRELP;MXRA5;FIBIN;NAV3;RASSF2;PID1;ADAM33;EPHB2;C1QTNF3;PTGIS",1.1103063701084708,0.4127460483149418,,
"HE_LIM_SUN_FETAL_LUNG_C7_PCP4_POS_NEURON_CELL",34,-0.19856157601368246,-0.6610393604843291,0.9451659451659452,1,"PRSS3;B3GNT4;SNCG;TRPV2",-0.6652872962755388,1,,
"HE_LIM_SUN_FETAL_LUNG_C1_LATE_AIRWAY_PROGENITOR_CELL",20,-0.2093268471305273,-0.6161635179146109,0.9453717754172989,1,"ICAM1;GAS6;RAB27B;ANXA1;CAPS;SULT2B1;AGR3;ARSJ;CYTL1",0.6543170409121419,1,,
"GAO_SMALL_INTESTINE_24W_C9_ENTEROENDOCRINE_CELL",36,-0.19043784426252458,-0.647423506222557,0.9476661951909476,1,"TOE1;METTL1;RPL23AP82;POMGNT2;MSC;NANOS1;ARSI;TRIM62;LOX;ACSM1;FAM162B;ISLR",0.500670839938212,1,,
"JONES_OVARY_STROMAL",147,-0.17033891322024314,-0.7215311643800112,0.9492502883506344,1,"NUPR1;CAVIN3;LGALS1;IFITM3;CD151;CYB5A;MDK;APOE;LMNA;SNHG32;SOD3;MARCKSL1;C11orf96;SELENOW;IMPDH2;OSR2;PKIG;ISYNA1;RARRES2;IGFBP7;KRT19;GPX3;CALM2;MFGE8;PEG10;EPB41L4A-AS1;CAV2;LGALS3BP;LTBP4;NBL1;HTRA3;EMP2;RNASE4;CD59",-0.7624655509610371,1,,
"DESCARTES_FETAL_PANCREAS_ENS_NEURONS",65,0.16901520137268453,0.7506607389445822,0.9504504504504504,1,"UNC5C;NRG1;AKAP6;VAT1L;DLX3;MAP1B;HECW1;LHFPL3;KIF5A;PCBP3;ANK2;DPYSL3;SYT1;ISLR2;TMEM35A;CACNA1E;ZNF843;CCDC171",0.839833558375997,0.9531862796833773,,
"DURANTE_ADULT_OLFACTORY_NEUROEPITHELIUM_IMMATURE_NEURONS",115,0.16426017964328793,0.817279622861545,0.9523809523809523,1,"PRRC2B;GTF2I;MSI2;EPB41;RUFY3;TRIM66;KIF3A;DAAM1;PCLO;SERPINE2;THUMPD3-AS1;NCAM1;CEBPG;RAB6A;PAPOLA;MAP1B;MARCKS;EPCAM;CNTN4;CADPS;BCL11B;MAPK10;MAP6;DPYSL3;NBEA;EFR3B;CLGN;SYT1;KCNQ1OT1;RETREG1;NSG1;TTLL7;GDAP1;FZD3",0.8117376682125486,1,,
"DESCARTES_FETAL_MUSCLE_SATELLITE_CELLS",19,0.18878832873005374,0.6229804198827346,0.953757225433526,1,"SPATA13;CCDC162P;CLCN5;SOX9",0.666126454045654,1,,
"HE_LIM_SUN_FETAL_LUNG_C5_LATE_PRO_B_CELL",23,-0.19312256073560752,-0.5896323332827421,0.9540059347181009,1,"GBP4;ADA;EGFL7;TNFRSF1A;LILRA2",0.7689126306949315,0.9570648470904225,,
"TRAVAGLINI_LUNG_NEUROENDOCRINE_CELL",91,-0.17496646627754447,-0.6928502340479371,0.9544334975369458,1,"PRDX2;NENF;SSR4;HAGH;ENO2;HLA-A;PITX1;SOD3;SEC11C;DIRAS3;NPDC1;PODXL2;PTMS;AKR1B1;IL17RB;HOXB2;TNFRSF11B;MB;APLP1;UCHL1;RASD1;PCSK1N;CIRBP;SLC35G2;TMEM176B;CHST1;STMN1;ATP6V0E2;PTPRN;SCG5;PHGR1;TMEM176A",-0.6357091278894271,1,,
"HE_LIM_SUN_FETAL_LUNG_C3_DEFINITIVE_RETICULOCYTE",83,-0.17818380576161477,-0.6890098065642409,0.9556400506970849,1,"HMBS;UBAC1;MFSD2B;TANGO2;ATG4D;GMPR;PLEK2;PRR5;HBB;TESC;IBA57;SMOX;TFR2;TMEM86B;TSPO2;PPME1;SIAH2;ANK1",-0.8738004833758254,0.8594644042259331,,
"DESCARTES_FETAL_ADRENAL_SYMPATHOBLASTS",35,0.18089545505808058,0.6955262805912009,0.95578231292517,1,"CNTN3;CCSER1;SLC38A11;SHISAL1;CACNA1E;CHGA;KIAA2012;IL13RA2;ST18;ANKRD18A;SLC8A2;FBXO2;LRRC10B;VWA5B2;RET;RASD2;POU2F3;PRR16;SLC16A11;ELAPOR1;KSR2;ALPK2;VGF;BAIAP3;COLGALT2;ARC;RLIG1;KCNK9;HS3ST2;PLCH2;TPBGL;ABCG8;C2CD4A;MRAP2;GLS2",-0.8238935324945564,0.8940666118421052,,
"DESCARTES_FETAL_ADRENAL_MEGAKARYOCYTES",71,-0.17576415329179407,-0.6713730898690922,0.956687898089172,1,"NRGN;MCEMP1;HPSE;DNAAF3;CXCL3;PDLIM1;TMEM91;PLEK;CMTM2;HYAL3;CFAP45;SERPINB1;ZYX;CXCL2;ACRBP;EXOC3L4;RUFY1;RAB27B",-0.6382729142822375,1,,
"DURANTE_ADULT_OLFACTORY_NEUROEPITHELIUM_PERICYTES",79,0.16488325565133935,0.7620812198291551,0.957345971563981,1,"TGFBR2;FAM13C;LIFR;APOLD1;FLT1;EMCN;A2M;TCF4;CAVIN2;SPTBN1;CD93;EDN1;EMP1;JAM2;RDX;CALCRL;SPARCL1;CYYR1;NOSTRIN;CLU;CD34",1.000898627520191,0.6294680315489176,,
"BUSSLINGER_GASTRIC_D_CELLS",20,0.19322850575170844,0.6400291614539314,0.9620991253644315,1,"CEP126;CHGB;MAP1B;IGFBP5;TTN",0.6355338483395436,1,,
"GAO_STOMACH_24W_C5_PUTATIVE_PIT_CELL_PROGENITOR",48,0.16270304463027374,0.683673100130608,0.9622641509433962,1,"RPRD1B;DIXDC1;NRXN3;LDB3;SMG8;LRRFIP2;TMEM47;MVB12B;SLC24A3;SLC2A4;NFIX;SETD1B;LAMA5;BCL11A;DHX35;LIMS2;ACTC1;BCL2;HSPB8;WFDC1;AK4;RASSF3;RTL5",1.049817532797984,0.5143724696356275,,
"HE_LIM_SUN_FETAL_LUNG_C1_AT1_CELL",35,-0.1816593480481184,-0.6118420411087653,0.9703389830508474,1,"PLLP;ICAM1;PKDCC;UPK3B;NMU;TUBB6;CAV2;SLC39A8;ANXA1;FAM20A;ALDH3B1",0.8622701810767289,0.8745544554455446,,
"DESCARTES_FETAL_KIDNEY_STROMAL_CELLS",100,0.15426406554738947,0.750528287311854,0.9705882352941176,1,"COL14A1;TNFSF11;WNT2B;ADAMTSL3;LUZP2;ABCA8;DKK2;FOXP2;OGN;CHRDL1;SCARA5;SLC6A4;COL12A1;SPARCL1;NRXN2;AGT;FNDC1;IGFN1;LTBP2;NGFR;ISLR2;FBN1;SLC22A3;FGF18;PRELP;MXRA5;GREM1;LPL;FIBIN;SULF1",1.05918067482941,0.47558578987150413,,
"DESCARTES_FETAL_KIDNEY_VASCULAR_ENDOTHELIAL_CELLS",76,0.163084316803565,0.7414193650921717,0.9720930232558139,1,"PTPRB;PREX2;CEACAM1;SHE;ADGRF5;ROCK1P1;SP6;CALCRL;ESM1;RP1;TCIM;GIPC3;MMRN2;ANKRD36BP2;RBP5;NR5A2;DIPK2B;GUCY1B2;LHX6;MADCAM1;CDH5",0.8561253114163262,0.9349505337362461,,
"DESCARTES_FETAL_HEART_VISCERAL_NEURONS",38,-0.17325512818688482,-0.591888851965255,0.9759887005649718,1,"CAMK2N2;ASTN2;FAM167A;CHRM1;ECEL1;ISL1;STAC;SLC18A1;HCN2",-0.5279025980340557,1,,
"HE_LIM_SUN_FETAL_LUNG_C2_BASOPHIL_CELL",95,0.15192051957997693,0.7345422717878957,0.978021978021978,1,"ANKRD28;PDE3B;EPC2;ELP1;ZNF429;FRY;MCTP2;EIF2AK3;SPTBN1;RCAN3;KIF21B;AKAP12;HDC;TTN;ADAM19;IKZF2;KLF5;ALS2;CPA3;MYB;SLC18A2;TNIK;SPMIP5;PIGA;NMT2;KIF13A;ETS1;PABIR3",0.7998851061737137,1,,
"DESCARTES_FETAL_STOMACH_NEUROENDOCRINE_CELLS",22,0.17313469853573293,0.5846737364478579,0.9787234042553191,1,"MEGF11;TPH1;HDC;SLC38A11;CHGA",-0.6403480471475044,1,,
"HAY_BONE_MARROW_CD34_POS_PRE_B",83,-0.16795739015007505,-0.6494658052885064,0.982256020278834,1,"TAX1BP3;EIF3F;TRABD;NSMCE1;UBXN1;SNHG7;CHLSN;ERP29;LIMD2;C16orf74;DDX54;TM7SF2;AMBP;TMEM38A;FMO1",0.7039528620963466,1,,
"DESCARTES_FETAL_PLACENTA_IGFBP1_DKK1_POSITIVE_CELLS",86,-0.16804495710332745,-0.6554553462744804,0.982367758186398,1,"PEMT;LGALS1;TIMP1;RAMP1;COX7A1;IGFBP6;C11orf96;S100A3;OSR2;MELTF;HSD11B1;CD82;WNT4;MFGE8;CRLF1;MAOB;ING1;IL1A;RGS2;TMEM45A;CFD;GAS1;GLB1L2;IGFBP4;TNFRSF8;HSPB6;MXRA8;ISLR;THY1",-0.5431578618197652,1,,
"DESCARTES_FETAL_MUSCLE_LYMPHATIC_ENDOTHELIAL_CELLS",54,0.1572517762145167,0.672191439882275,0.9838056680161943,1,"GCOM1;PROX1;PCLO;TMEM63C;ARL4A;KLHL3;RAPGEF4;KBTBD11;CXADR;TSPEAR;MYZAP;ANKRD36BP2;SLC39A14;RASSF9;CELSR1;KLHL4;ZNF436-AS1;GJA1",0.8173941068014006,0.9856045081967212,,
"GAO_SMALL_INTESTINE_24W_C2_PROCRPOS_PROGENITOR",21,-0.1727226474767587,-0.5119649911508973,0.984779299847793,1,"PRAF2;CUEDC2;RCN3",-0.39365737514608884,1,,
"DESCARTES_FETAL_LIVER_MEGAKARYOCYTES",96,-0.16284427284113834,-0.6491788881137909,0.9852760736196319,1,"SMIM12;NRGN;TUBA4A;PRSS27;FHOD1;HPSE;TGFB1;RSPH1;CXCL3;GNB5;TMEM91;PLEK;CMTM2;TNNI3;LCN2;NPM1P27;MYEOV;ZYX;CXCL2;ACRBP;PRKAR2B;STX1A;RUFY1;RAB27B",1.032446759379043,0.5162011173184358,,
"DESCARTES_FETAL_MUSCLE_SKELETAL_MUSCLE_CELLS",110,-0.16574669602113354,-0.671015742670191,0.9855072463768116,1,"VMO1;WFDC21P;TRIM7;ACTA1;TMEM52;TNNI2;CXCL13;AK1;XIRP1;MYL5;SNAI3;DNAJC5B;OBSCN;TMEM38A;WNT4;FGFRL1;LDHD;ENO3;HOPX;ATP2A1;LRRC56;FOLR1;MB;LRRC46;GPD1;ADPRHL1;HSPB6;GPR37;CA3-AS1;CCNB3;PACSIN3;TNNC2;MYADML2;EEF1A2;TPM1;CA14;KCNQ4",-0.7514364211729906,1,,
"DESCARTES_FETAL_HEART_SCHWANN_CELLS",32,-0.1693905400187535,-0.558914263333286,0.9856938483547926,1,"METRN;RHEBL1;TFAP2A;GINS3;CLDN14;ARTN;ST6GALNAC2;KCNJ10;S100B",0.6348219671156672,1,,
"DESCARTES_FETAL_HEART_SMOOTH_MUSCLE_CELLS",32,-0.16631899419293003,-0.5487795133505272,0.9856938483547926,1,"NDUFA4L2;C11orf96;COX4I2;TMEM74B;KCNJ8;FOXS1;ACTA2;RGS16;TAGLN;CYGB;HIGD1B;LGR6;PLA2G5;ACTG2;ENPEP;THBS4;OR51E1;KCNAB1;NOTCH3;ARHGEF17;LMOD1;PDGFRB;ABCC9;ILDR1;AOC3;SEMA5B;AGT;FOXL1;GPR20;ACTA2-AS1;CARMN;MYH11",0.8604257069605532,0.8674949049387197,,
"HE_LIM_SUN_FETAL_LUNG_C7_TM4SF4_POS_PENK_POS_NEURON_CELL",80,0.15372522605087754,0.71361669327443,0.985781990521327,1,"SORL1;DNM3;SLC38A1;SCN3A;PTPRG;GLCCI1;RASA4B;SYNPO2;PTGFR;TG;CARMIL2;DTNA;TMEM200C;MAB21L2;NALF1;VASH2;ARHGEF28;TSHZ3;REEP1;GRM8;ISLR2;TAC3;PTGER3;GPR137C;MTUS1",0.7642551843661596,1,,
"DESCARTES_FETAL_PANCREAS_DUCTAL_CELLS",81,-0.1610870624415164,-0.6217031346678114,0.9873577749683944,1,"NRTN;TMPRSS3;PLPP2;DEGS2;LAMA1;SYT8;S100A14;NEURL3;PTPRU;FUT3;GREP1;PRSS22;GMNN;LINC02532;RHOV;CAPS;FUT6;FOLR1;PPP1R1B;LYPD6B",-0.8464635093015567,0.8940666118421052,,
"DESCARTES_FETAL_LUNG_NEUROENDOCRINE_CELLS",54,-0.16691714552216677,-0.6031665939695736,0.9880794701986755,1,"SEC11C;RHBDL1;RAB26;TFF1;MAOB;KLK12;SLC18A1;GPX2;RASD1;SMIM32;CACNA1A;FIBCD1;ACSL1;PHGR1;ASCL2;HES6;NR0B2;CHRD;TMEM198;CA8;NDUFB2-AS1;SYT13;VGF;RIMKLA;GRP;PCSK1;KSR2;COL22A1",-0.7941553664370878,0.9531862796833773,,
"MURARO_PANCREAS_EPSILON_CELL",40,-0.15987089820201497,-0.5538692059764806,0.9916666666666667,1,"TRNP1;SERPINB6;DIRAS3;CDKN2A;TM4SF5;TM4SF4;PEG10;SPON2;SERPINA1;FFAR4;SUCNR1;TMEM45B;ACSL1;ANXA13;PHGR1",-0.6481481087550853,1,,
"GAO_LARGE_INTESTINE_24W_C10_ENTEROCYTE",51,0.14103440700758818,0.5935458529497486,0.9920318725099602,1,"NBEAL1;RNPC3",-0.5593559277116626,1,,
"DESCARTES_FETAL_SPLEEN_MESOTHELIAL_CELLS",157,0.14412862497483853,0.7393927438046393,0.9923076923076923,1,"ADGRL3;PATJ;SEMA3C;ANKRD50;HHIP;PPP1R3B;ILDR2;CGN;WNT2B;NEBL;FENDRR;NEK5;BMP3;FOXF1;TUFT1;DSG2;VAT1L;NPNT;GLP2R;SGIP1;CAPN6;HHIP-AS1;OGN;CHRDL1;ADAMTS8;PAPPA;ID4;SGO2;KLF5;CGNL1;NFASC;COL8A1;CXADR",0.8329141671620608,1,,
"DESCARTES_MAIN_FETAL_SMOOTH_MUSCLE_CELLS",38,0.14124528809024617,0.5616330873981513,0.9931972789115646,1,"GJC1;MYH11;SEPTIN7P2;CARMN;MYLK;ACTA2-AS1;GPR20;COL6A3;CNTNAP1;AOC3;ABCC9;ADCY3;PDGFRB;LAMC3;EBF2;TBX2",1.188687903402144,0.2993022186938537,,
"DESCARTES_FETAL_PANCREAS_VASCULAR_ENDOTHELIAL_CELLS",49,-0.16216173632600037,-0.5794447923907512,0.9933244325767691,1,"CD320;IFI27;EXOC3L1;ADM5;FCN3;BTNL9;CD109;TMEM88;SEMA6B;FAM167B;PLVAP;APLN;ALPL;SOX17",0.8276809993206302,0.9564116337963319,,
"DESCARTES_FETAL_HEART_MEGAKARYOCYTES",73,-0.15041885024571977,-0.5764086207741957,0.9936868686868687,1,"NRGN;MFSD2B;TUBA4A;HPSE;LYL1;TMEM91;PLEK;CMTM2;LCN2;CXCR2P1;ACRBP;CXCL5;CISH;RUFY1;SERPINE1;RAB27B;SMIM24;ELOVL7;LY6G6F-LY6G6D;FERMT3;LEFTY1;H2BC12;H2BC11;H2BC5;SLC37A1",-0.6270937095766599,1,,
"HE_LIM_SUN_FETAL_LUNG_C7_LATE_SCHWANN_CELL",87,-0.15432623727166211,-0.6034199562334268,0.9937421777221527,1,"VAMP5;DNASE2;IFITM2;EMP3;SHFL;CDC42EP5;RGS10;S100A11;IGFBP7;RNASE1;FSTL3;FADS3;MARCHF3;RAB20;PTX3;TPBG;SAMHD1;RNASE4;CD44;CCL2;SOCS3;ST6GALNAC2",0.7404219465958028,1,,
"DESCARTES_MAIN_FETAL_PAEP_MECOM_POSITIVE_CELLS",122,0.15018780099005538,0.7513799496021144,0.9939024390243902,1,"PARP4;USP47;RAPH1;VPS13D;ZHX3;GTF2IP23;SLC6A6;ERN1;MTF1;SESTD1;ARID5B;SMURF1;RASEF;RAD54L2;HAVCR1;CXCL14;EVC;MBNL1-AS1;MCPH1-AS1;UGT2B7;NABP1;SLC44A1;ATOH8;B4GALNT2;GRAMD1C",-0.6761484775133081,1,,
"DESCARTES_MAIN_FETAL_INTESTINAL_EPITHELIAL_CELLS",68,0.14508127030127954,0.6462455157444261,0.995475113122172,1,"ZBTB38;POFUT1;LINC01594;PGPEP1;LCN15;SLC26A3;ACSL5;PRKG2;SI;LPGAT1;LINC01123;DEFA5;VIL1;C3orf85;DEFA6;APRG1;CLCA1;CEACAM19;WHAMM;TINAG;SLC17A4;R3HDML;ANKRD40CL;MUC12",-0.6368255760135528,1,,
"GAO_LARGE_INTESTINE_24W_C5_LGR5POS_STEM_CELL",60,0.13994761524990218,0.6103171117034049,0.9956896551724138,1,"PLAGL2;ATP10B;SULT1B1;SLC38A4;MYOM3;CFTR;PLEKHH1;SOX9;ACVR1C;LGR5",-0.6924528031598147,1,,
"DESCARTES_FETAL_EYE_STROMAL_CELLS",76,-0.13423148010805913,-0.5145297186124383,0.9987293519695044,1,"SOCS1;TNFSF9;SELENOM;IGFBP6;PRRX2;KDELR3;TNFAIP6;EGFL6;CREB3L1;LTBP4;PCOLCE;RNASE4;PDGFRL;COL6A2;VASN;TWIST2;CTHRC1;TWIST1;LOX;ISLR;FMOD;PTHLH;ADAMTS4;COL6A1;TRABD2B;CHRD;ADAMTS2;SPARC",0.8848839620049738,0.8911813481611551,,
"GAO_LARGE_INTESTINE_24W_C1_DCLK1POS_PROGENITOR",95,-0.14414539498005582,-0.5751510284754952,0.998780487804878,1,"HAPLN3;NNMT;GBP1P1;CLEC11A;IFI6;ICAM1;GBP1;IFIT3;TNFAIP6;MX1;RCN3;SPON1;AZIN2;PCOLCE;SPON2;PDGFRL;CCL2;CSF1;SRPX;IFIT2;VASN;CTHRC1;CERCAM;LOX;ISLR;ADAMTS4;LPAR1;SERPING1;HTRA1;ADAMTS2;SPARC;TTYH2;C3;C1QTNF6",0.8350294377042748,0.9985636311404767,,
"DESCARTES_FETAL_LIVER_HEPATOBLASTS",286,-0.13714961617900157,-0.6152609590394529,0.9989212513484358,1,"F12;MT2A;CP;MT1X;APOC1;ANG;MT1E;ALDOC;APOE;TMEM54;VMA12;CPS1;ASS1;PDCD1;MT1M;GLTPD2;AMN;REEP6;SMOC1;PEBP1;ABCG5;ATF5;SERPINA5;PCSK9;RBP4;GLS2;MT1F;GJB2;TM7SF2;AMBP;SLC25A18;CCT8P1;CFB;RAB26;TM4SF4;SERPINF2;BDH1;SLC6A12;FBP1;CLDN14;GJB1;MAOB;PEG10;APOM;PRAP1;ASGR2;MTTP;LDHD;MT1G;KLB;HSD17B2;DHCR7;MGST1;LINC02532;IL17RB;RNASE4;SERPINA1;DUSP9;ABCG8;C4BPB;FFAR4;MST1L;DBI;TDO2;ALDOB;GLUD1;MT1H;GPT;AZGP1;VSNL1;FOXA2;SLCO1B3;FGFR4;LINC01843;SNORC",-0.7434369929252235,1,,
"AIZARANI_LIVER_C21_STELLATE_CELLS_1",191,0.13349254947756664,0.7025841248572062,1,1,"EDNRB;ITGA8;ANK3;EPAS1;HGF;LAMC1;COL14A1;TSC22D2;PDGFRA;ITGA9;ITGB1;RBMS3;ARID5B;KAZN;TCF4;VCL;LRP1;MAP1B;OLFML3;MARCKS;FILIP1L;COL4A1;SYNPO2;DDR2;EMP1;IGFBP5;PRSS23;ANTXR1;MYLK;CDC42EP3;TNS1;RND3;TSC22D1;SLIT3;CALD1;COL6A3;LAMB1;MASP1;COL4A2;ADAMTS1;SFRP1;ZFP36L1;C7;CYBRD1;FBN1;MFAP4",1.1693553917033856,0.10087582753904806,,
"CUI_DEVELOPING_HEART_C4_ENDOTHELIAL_CELL",146,-0.1412841178853162,-0.5969136373617105,1,1,"VAMP5;NICOL1;LY6E;S100A16;HYAL2;IFITM2;RHOC;NECTIN2;SLC27A3;HLA-E;SNCG;PLK2;EFNA1;CLIC1;SPINT2;FXYD5;C1orf54;PROCR;ANGPTL4;COLEC11;ECSCR",0.9152567190996818,0.910655737704918,,
"DESCARTES_FETAL_CEREBRUM_ASTROCYTES",83,0.10624222548908746,0.4961104128009664,1,1,"SPATA13;CFAP126;HHIP;EGFR;NEK5;TTPA;CFAP44;FGFR3;COL2A1;AGT;VIPR2;RNF43;MSX2;IL33;EFEMP1;DDO;SLC4A4;MKX;ADAMTS12;KIAA2012;FREM1;DNAH7;CRNDE;TTC6;VCAM1;GLIS3;TNC;CPXM2;HKDC1;HOGA1;COL27A1;CIMAP3;PI15;LRRC10B;HSD17B6;CYP26B1;FEZF1-AS1;ARHGEF26;LINC02253;ENTPD2;WDR93;PLA2G5;FAP;SHISA3;ESPN;LRIG1;FANK1;GDPD2;CD38;IRX5;USH1C;LGR6;COL22A1;FLNC;FST;FOXJ1;USP2-AS1;UBXN10;HS3ST3A1;PIH1D2;CFAP157;VWA3B;CFAP43;RFX2;SPATA17;PDLIM3;AK7;ODAD1;THBS3-AS1;LRRC46;TNFRSF11B;PLIN5;LINC01088;KIF19;GJB2;CIMIP2C;SLC25A48;RSPH1;TPPP3;IRX3;DNAAF3;ZMYND10;TOGARAM2",0.7007192297733902,1,,
"DESCARTES_FETAL_LIVER_MESOTHELIAL_CELLS",217,-0.13357086970530002,-0.5879463877900359,1,1,"KRT7;HCFC1R1;CAVIN3;CTXN1;EPHB6;PLLP;CRIP1;RASSF7;RRAD;TGM1;PDZK1IP1;MAD2L1BP;CYSTM1;PLA2G2A;KRT18;LMO4;TMEM132A;SLPI;GAS6;CLIC3;CA9;C1QL1;PROCR;CBX8;TNNT1;KRT19;UPK3B;PDLIM4;PTPRU;TPBG;KLK11;ACOXL;FAHD2B;RAB34;CDH3;EZR;SEZ6L2;NBL1;FOXC1;EMP2;PNMA2;STK31;PDGFRL;OSR1;ADGRB2;MPP2;S100A10;CSPG5;DPP4;GAS1;ANKRD13B;CYP4X1;B4GALNT4;GFPT2;ITGA3;TAF1A-AS1;KCNJ15;ELFN1;ARHGEF4;LOX;ARL4D;EPS8L1;MSLN;CA11",0.7163739718971681,1,,
"DESCARTES_FETAL_LUNG_LYMPHATIC_ENDOTHELIAL_CELLS",41,-0.13198758318673012,-0.45854881672624415,1,1,"HAPLN3;SLC27A3;GJD3;PTX3;PARD6G;UNC5A;HOXD3;PLIN5;CTHRC1;LOX;HOXD4",0.737564905767091,1,,
"DESCARTES_FETAL_MUSCLE_STROMAL_CELLS",62,-0.11060419415083389,-0.4096828678346945,1,1,"IGFBP6;WNT10B;DNASE1L2;KDELR3;EGFL6;CBLN3;PCOLCE;SPON2;PDGFRL;OSR1;LINC02323;ISLR;ARSJ;FAIM2;ACKR4;COLGALT2;CCBE1;C1QTNF12",0.8717129261633855,0.9047325826882477,,
"DESCARTES_FETAL_PLACENTA_MEGAKARYOCYTES",162,0.13941778712317973,0.7233550814607356,1,1,"TSPAN32;RFFL;DNM3;LGALSL;CNST;ANKRD40;ZNF431;ZMYND8;C11orf21;NLK;CDC14B;DAAM1;LINC00667;KATNAL1;VCL;PLEKHA8P1;STXBP5;DENND2C;ATP2C1;CAVIN2;TSPOAP1-AS1;MAVS;STON2;PLA2G12A;LRRC8B;RELCH;MDM1;MPIG6B;ITGB3;SELP;ANGPT1;ABCC4;ZBED4;XRCC2;CRACD;TNIK",0.8601062865716859,1,,
"DESCARTES_FETAL_STOMACH_MUC13_DMBT1_POSITIVE_CELLS",83,-0.1125742807587476,-0.4353077041886969,1,1,"MT2A;PRSS3;CPS1;AMN;MT1F;MELTF;RBP2;BAIAP2L2;OTC;MTTP;MT1G;DMBT1;HSD17B2;KHK;CDX1;MUC3A;ALDOB;GPD1;MT1H;TM4SF20;SLC6A20;MALRD1;GCNT3;CLDN2;ANXA13",-0.7398709090986193,1,,
"DESCARTES_FETAL_THYMUS_STROMAL_CELLS",133,0.11955400815529887,0.6062501029001156,1,1,"IGF2;SEMA3C;COL14A1;HCG11;ADAMTSL3;FBN2;PDGFRA;SERPINE2;GJC1;NCAM1;LRP1;OLFML3;OGN;NOVA1;SCARA5;ELN;SSC5D;IGFBP5;GPC3;NCAM2;COL12A1;FNDC1;ARMCX2;SFRP1;ZDBF2;FKBP14;FBN1;MFAP4;ITGB8;GXYLT2;FGF18;FAM227A;MXRA5",0.9449948970088031,0.8500535611967814,,
"DESCARTES_MAIN_FETAL_MICROGLIA",135,-0.13016422211968906,-0.5428783428506336,1,1,"SLC2A5;TREM2;FCGR1A;SPP1;TMIGD3;HAVCR2;GPN3;AP1B1;SLC11A1;NAA20;FCGR3A;CAPZB;TNF;ALOX5AP;LILRB4;VSIG4;GPR84;DAGLB;ATG7;FCGR2A;GAPLINC;LINC01094;TRPM2;FPR1;PTAFR;AZIN2;PLA2G15;GAL3ST4;MKNK1;LPAR5;ITGAX;SMAP2;APBB1IP;SLC29A3;LY86;CEACAM21;SUCNR1;IFNGR1;TMEM273;SIGLEC10;CSF2RA;RHBDF2;SIGLEC8;HMGA1P4;KCNK13;ADAM28;IL17RA",0.8065613290939431,1,,
"GAO_LARGE_INTESTINE_ADULT_CA_ENTEROENDOCRINE_CELLS",221,0.14768370777013307,0.800254903436704,1,1,"FTX;NCKAP5;CES1;AKAP6;KL;ABAT;GPRASP1;CEP126;DZIP3;CHGB;PCLO;SCN3A;SLC25A27;TPH1;THSD7A;VAT1L;TMEM63C;LCN15;FRY;SETBP1;KCNH8;RAPGEF4;QPCT;MAP1B;ALKAL1;CACNA1D;SMARCA1;ALPK3;GNAO1;CADPS;CACNA2D1;COL2A1;SEMA3G;MAP9;NPY1R;SPART;SCRN1;AOAH;ANK2;NFASC;MAP6;SLC38A11;NBEA;CXXC4;SYT1;TRAM1L1;HDAC9;PTK7;MAPRE3;PRKD1;WASF3;MAP7D2;C7",0.9848641843458679,0.6644955300127715,,
"HE_LIM_SUN_FETAL_LUNG_C1_MUC5AC_POS_ASCL1_POS_PROGENITOR_CELL",43,-0.13293992706935315,-0.4636538727045571,1,1,"PLLP;G0S2;MUC5AC;IGFALS;KIF19;SARDH;CDC25B;RASD1;LFNG;SULT2B1;MFNG;FMOD;RASAL1;HES6;DRAIC;SAXO5",-0.5062960852820007,1,,
"HE_LIM_SUN_FETAL_LUNG_C1_PULMONARY_NEUROENDOCRINE_CELL",179,0.12290786814132904,0.6515137212733726,1,1,"TACC2;PROX1;FAM13C;INHBB;NEBL;PDGFD;CHGB;NEGR1;CACNB2;SCN3A;CAMK1D;CHN2;RUNX1T1;RAPGEF4;QPCT;MAP1B;DACH1;MEG3;RGS17;RASA4B;TOX3;CADPS;CACNA2D1;JAM3;TMOD2;ANK2;TRMT9B;MAP6;CASZ1;DTNA;DPYSL3;CXXC4;CACNA1H;SYT1;ARFGEF3;RETREG1;SRGAP1;MAPRE3;OTULINL;CHGA;GDAP1;PRUNE2;SYT11;ANKH;GNG4;ROBO1",0.70215235225333406,1,,
"ZHENG_CORD_BLOOD_C1_PUTATIVE_MEGAKARYOCYTE_PROGENITOR",85,0.151478652160332,0.7045794352620312,1,1,"PDE3A;DNM3;LGALSL;ITGA6;LTBP1;DAAM1;NID1;MFAP3L;VCL;GABRE;ARHGAP18;CAVIN2;KALRN;CCND1;MYLK;SLC44A1;SELP;ABCC3;CALD1;CLU;ABCC4",0.9222810366836117,0.8303516558552407,,
